starter_idx,starter_smiles,status,num_molecules,num_targets,time_seconds,error
0,O=c1[nH]cnc2c1ncn2[C@@H]1O[C@H](CO)[C@@H](O)[C@H]1O,success,300,281,258.0,
1,O=c1[nH]cnc2c1ncn2[C@@H]1O[C@H](COP(=O)(O)O)[C@@H](O)[C@H]1O,success,119,101,195.73,
2,O=c1[nH]cnc2c1ncn2[C@@H]1O[C@H](CO)[C@@H](O)[C@H]1O,success,300,281,246.83,
3,O=c1[nH]cnc2c1ncn2[C@H]1CC[C@@H](CO)O1,failed,134,115,131.52,min() arg is an empty sequence
4,Nc1nc2c(ncn2[C@@H]2O[C@H](CO)[C@@H](O)[C@H]2O)c(=O)[nH]1,success,361,342,319.49,
5,NC(=O)c1ncn([C@@H]2O[C@H](CO)[C@@H](O)[C@H]2O)c1N,success,985,966,889.2,
6,Nc1nc2c(ncn2[C@H]2C[C@H](O)[C@@H](CO)O2)c(=O)[nH]1,failed,287,268,242.64,min() arg is an empty sequence
7,Nc1nc2c(ncn2[C@@H]2O[C@H](COP(=O)(O)O)[C@@H](O)[C@H]2O)c(=O)[nH]1,success,134,116,193.83,
8,Nc1nc2c(ncn2[C@@H]2O[C@@H]3COP(=O)(O)O[C@H]3[C@H]2O)c(=O)[nH]1,success,124,105,152.19,
9,Nc1nc2c(ncn2[C@@H]2O[C@H](COP(=O)(O)OP(=O)(O)O)[C@@H](O)[C@H]2O)c(=O)[nH]1,success,73,57,64.15,
10,Nc1nc2c(ncn2[C@@H]2O[C@H](COP(=O)(O)OP(=O)(O)OP(=O)(O)O)[C@@H](O)[C@H]2O)c(=O)[nH]1,success,57,41,56.7,
11,O=c1[nH]cnc2c1ncn2[C@H]1C[C@H](O)[C@@H](CO)O1,success,234,215,201.53,
12,O=c1[nH]cnc2c1ncn2[C@@H]1O[C@H](COP(=O)(O)OP(=O)(O)O)[C@@H](O)[C@H]1O,success,71,55,64.05,
13,Cn1c(N)nc2c(ncn2[C@@H]2O[C@H](CO)[C@@H](O)[C@H]2O)c1=O,success,380,361,306.29,
14,NC(=O)c1ncn([C@@H]2O[C@H](COP(=O)(O)O)[C@@H](O)[C@H]2O)c1N,success,545,527,814.99,
15,Nc1nc2c(ncn2[C@H]2C[C@H](O)[C@@H](COP(=O)(O)O)O2)c(=O)[nH]1,success,182,163,214.34,
16,O=c1[nH]c(=O)c2ncn([C@@H]3O[C@H](CO)[C@@H](O)[C@H]3O)c2[nH]1,success,243,224,237.99,
17,CN(C)c1nc2c(ncn2[C@@H]2O[C@H](CO)[C@@H](O)[C@H]2O)c(=O)[nH]1,success,314,295,318.7,
18,Nc1nc2c(ncn2[C@@H]2O[C@H](CO)[C@@H](O)[C@H]2OP(=O)(O)O)c(=O)[nH]1,success,138,120,198.13,
19,NC(=O)c1ncn([C@@H]2O[C@H](COP(=O)(O)O)[C@@H](O)[C@H]2O)c1NC=O,success,187,169,132.27,
20,O=c1[nH]c(=O)c2ncn(C3OC(CO)C(O)C3O)c2[nH]1,success,245,226,224.58,
21,Nc1nc2c(ncn2C2CC(O)C(CO)O2)c(=O)[nH]1,success,288,269,236.18,
22,O=c1[nH]cnc2c1ncn2[C@@H]1O[C@H](COP(=O)(O)OP(=O)(O)OP(=O)(O)O)[C@@H](O)[C@H]1O,success,57,41,71.49,
23,Cn1cnc2c(ncn2[C@@H]2O[C@H](CO)[C@@H](O)[C@H]2O)c1=O,success,313,294,273.9,
24,O=c1[nH]cnc2c1ncn2[C@@H]1O[C@H](COP(=O)([O-])[O-])[C@@H](O)[C@H]1O.[Na+].[Na+],success,42,26,34.04,
25,Nc1nc2c(ncn2[C@@H]2O[C@H](COP(=O)([O-])[O-])[C@@H](O)[C@H]2O)c(=O)[nH]1.[Na+].[Na+],success,42,26,34.04,
26,Nc1nc2c(ncn2[C@H]2C[C@H](O)[C@@H](COP(=O)(O)OP(=O)(O)O)O2)c(=O)[nH]1,success,70,54,61.32,
27,CO[C@@H]1[C@H](O)[C@@H](CO)O[C@H]1n1cnc2c(=O)[nH]c(N)nc21,failed,316,297,276.56,min() arg is an empty sequence
28,Nc1nc2c(ncn2[C@@H]2O[C@H](CO)[C@@H](O)[C@@H]2F)c(=O)[nH]1,success,287,268,255.12,
29,Nc1nc2c(ncn2[C@@H]2O[C@H](COP(=O)([O-])OP(=O)([O-])[O-])[C@@H](O)[C@H]2O)c(=O)[nH]1,success,113,97,107.39,
30,Nc1nc2c(nc(N)n2[C@@H]2O[C@H](CO)[C@@H](O)[C@H]2O)c(=O)[nH]1,success,402,383,367.7,
31,O=c1[nH]cnc2c1ncn2[C@H]1C[C@H](O)[C@@H](COP(=O)(O)O)O1,success,140,121,174.18,
32,O=c1[nH]cnc2c1ncn2[C@H]1C[C@H](O)[C@@H](COP(=O)(O)OP(=O)(O)OP(=O)(O)O)O1,success,54,38,52.66,
33,Nc1nc2c(ncn2[C@@H]2O[C@H](CO)[C@H]3OP(=O)(O)O[C@H]32)c(=O)[nH]1,success,200,181,242.03,
34,O=c1[nH]cnc2c1ncn2[C@H]1C[C@H](O)[C@@H](COP(=O)(O)OP(=O)(O)O)O1,success,68,52,61.31,
35,Nc1nc2c(ncn2[C@H]2CC[C@@H](CO)O2)c(=O)[nH]1,success,182,163,168.82,
36,Nc1nc2c(ncn2[C@@H]2O[C@H](COP(=O)(O)OP(=O)(O)NP(=O)(O)O)[C@@H](O)[C@H]2O)c(=O)[nH]1,success,84,68,104.48,
37,Nc1nc2c(ncn2[C@@H]2O[C@H](CO)C[C@H]2O)c(=O)[nH]1,success,288,269,270.11,
38,O=c1[nH]cnc2c1ncn2C1OC(CO)C(O)C1O,success,302,283,245.55,
39,Nc1nc2c(ncn2[C@H]2C[C@H](F)[C@@H](CO)O2)c(=O)[nH]1,success,182,163,203.84,
40,Nc1nc2c(ncn2[C@@H]2O[C@H](CO)[C@@H](O)[C@H]2N)c(=O)[nH]1,success,353,334,306.92,
41,Nc1nc2c(ncn2[C@@H]2O[C@H](CO)[C@@H](O)[C@@H]2O)c(=O)[nH]1,success,361,342,345.2,
42,CO[C@H]1[C@@H](O)[C@H](n2cnc3c(=O)[nH]c(N)nc32)O[C@@H]1CO,success,316,297,306.68,
43,Nc1nc2c(ncn2[C@@H]2O[C@H](COP(=O)([O-])OP(=O)([O-])OP([O-])([O-])=S)[C@@H](O)[C@H]2O)c(=O)[nH]1.[Li+].[Li+].[Li+].[Li+],success,42,26,38.75,
44,C[C@@]1(O)[C@H](O)[C@@H](CO)O[C@H]1n1cnc2c(=O)[nH]c(N)nc21,success,366,347,304.35,
45,Cn1c[n+]([C@@H]2O[C@H](CO)[C@@H](O)[C@H]2O)c2nc(N)[nH]c(=O)c21,success,418,399,363.64,
46,Nc1nc2c(ncn2[C@@H]2O[C@H](CO)[C@@H](O)[C@H]2F)c(=O)[nH]1,success,287,268,270.63,
47,Nc1nc2c(ncn2[C@@H]2O[C@H](CO)[C@@H](OP(=O)(O)O)[C@H]2O)c(=O)[nH]1,success,138,120,173.2,
48,Nc1nc(=O)c2ncn([C@@H]3O[C@H](COP(=O)(O)OP(=O)(O)O)[C@@H](OP(=O)(O)OP(=O)(O)O)[C@H]3O)c2[nH]1,failed,42,26,61.65,min() arg is an empty sequence
49,CNc1nc2c(ncn2[C@@H]2O[C@H](CO)[C@@H](O)[C@H]2O)c(=O)[nH]1,success,395,376,340.6,
50,Nc1nc2c(ncn2[C@@H]2O[C@H](COP(=O)([O-])[O-])[C@@H](O)[C@H]2O)c(=O)[nH]1.[H+].[H+],success,190,172,271.84,
51,Nc1nc2c(ncn2[C@@H]2O[C@H](COP(=O)(O)CP(=O)(O)O)[C@@H](O)[C@H]2O)c(=O)[nH]1,success,84,68,75.72,
52,Nc1nc2c(ncn2[C@@H]2O[C@H](COP(=O)(O)OP(=O)(O)OP(=O)(O)O)C[C@H]2O)c(=O)[nH]1,success,55,39,53.14,
53,O=c1[nH]cnc2c1ncn2[C@@H]1O[C@H](CO)C[C@H]1F,success,134,115,176.96,
54,O=c1[nH]cnc2c1ncn2C1O[C@H](CO)[C@@H](O)[C@@H]1O,failed,300,281,274.52,min() arg is an empty sequence
55,CCNc1nc2c(ncn2[C@H]2C[C@H](O)[C@@H](CO)O2)c(=O)[nH]1,success,1117,1096,1045.86,
56,Nc1nc2c(ncn2[C@H]2C[C@H](O)[C@@H](CO)O2)c(=O)[nH]1.O,success,42,26,40.35,
57,Nc1nc2c(ncn2[C@@H]2O[C@@H]3COP(=O)([O-])O[C@H]3[C@H]2O)c(=O)[nH]1,success,117,98,114.45,
58,Nc1nc2c(ncn2[C@@H]2O[C@H](COP(=O)(O)OP(=O)(O)OP(=O)(O)O)[C@@H](O)[C@@H]2O)c(=O)[nH]1,success,57,41,59.04,
59,O=c1[nH]cnc2c1ncn2[C@@H]1O[C@H](COP(=O)([O-])[O-])[C@@H](O)[C@H]1O,success,176,158,250.56,
60,Cn1c[n+]([C@@H]2O[C@H](COP(=O)(O)O)[C@@H](O)[C@H]2O)c2nc(N)[nH]c(=O)c21,success,156,138,295.04,
61,Nc1nc2c(ncn2[C@@H]2O[C@H](COP(=O)(O)OP(=O)(O)O)[C@@H](OP(=O)(O)OP(=O)(O)O)[C@H]2O)c(=O)[nH]1,success,42,26,60.5,
62,Nc1nc(=O)c2ncn(C3OC(CO)C(O)C3O)c2[nH]1,success,363,344,371.32,
63,O=c1[nH]cnc2c1ncn2C1O[C@H](COP(=O)(O)OP(=O)(O)O)[C@@H](O)[C@H]1O,success,71,55,85.26,
64,Cn1c[n+]([C@@H]2O[C@H](COP(=O)([O-])[O-])[C@@H](O)[C@H]2O)c2nc(N)[nH]c(=O)c21,success,224,206,290.52,
65,O=c1[nH]cnc2c1ncn2[C@@H]1O[C@H](CO)[C@@H](O)[C@@H]1O,success,300,281,261.02,
66,O=C1NS(=O)(=O)Nc2c1ncn2[C@@H]1O[C@H](CO)[C@@H](O)[C@H]1O,success,205,186,165.09,
67,Nc1nc2c(ncn2[C@@H]2O[C@H](COP(=O)(O)OP(N)(=O)O)[C@@H](O)[C@H]2O)c(=O)[nH]1,success,103,87,123.02,
68,Nc1nc2c(ncn2[C@@H]2O[C@H](COP(=O)(O)CP(=O)(O)OP(=O)(O)O)[C@@H](O)[C@H]2O)c(=O)[nH]1,success,65,49,76.47,
69,Nc1nc2c(ncn2[C@@H]2O[C@H](COP(=O)(O)OP(=O)(O)OP(O)(O)=S)[C@@H](O)[C@H]2O)c(=O)[nH]1,success,85,69,147.95,
70,Nc1nc2c(nc(Br)n2[C@@H]2O[C@H](CO)[C@@H](O)[C@H]2O)c(=O)[nH]1,success,338,319,347.78,
71,Nc1nc2c(ncn2C2OC(CO)C(O)C2O)c(=O)[nH]1,success,363,344,293.83,
72,C#C[C@]1(CO)O[C@@H](n2cnc3c(=O)[nH]c(N)nc32)C[C@@H]1O,success,361,342,292.44,
73,[N-]=[N+]=N[C@H]1C[C@H](n2cnc3c(=O)[nH]c(N)nc32)O[C@@H]1CO,success,42,26,25.39,
74,C#C[C@]1(CO)O[C@@H](n2cnc3c(=O)[nH]cnc32)C[C@@H]1O,success,309,290,236.84,
75,CO[C@]1(CO)O[C@@H](n2cnc3c(=O)[nH]c(N)nc32)C[C@@H]1O,success,487,468,358.18,
76,O=c1[nH]nnc2c1ncn2C1OC(CO)C(O)C1O,success,263,244,276.71,
77,Nc1nc2c(ncn2C2OC3COP(=O)(O)OC3C2O)c(=O)[nH]1,success,125,106,149.18,
78,Nc1nc2c(ncn2C2OC(COP(=O)(O)OP(=O)(O)OP(=O)(O)O)C(O)C2O)c(=O)[nH]1,success,57,41,54.06,
79,O=c1[nH]cnc2c1ncn2[C@@H]1C[C@@H](O)[C@H](CO)O1,success,234,215,229.06,
80,Nc1nc2c(ncn2[C@@H]2O[C@H](COP(=O)(O)OP(O)(O)=S)[C@@H](O)[C@H]2O)c(=O)[nH]1,success,103,87,120.42,
81,Nc1nc2c(ncn2[C@@H]2O[C@H](CO)[C@H](O)[C@H]2O)c(=O)[nH]1,success,361,342,296.09,
82,Cn1c[n+]([C@@H]2O[C@H](CO)[C@@H](O)[C@H]2O)c2[nH]c(=O)[nH]c(=O)c21,success,307,288,256.33,
83,Nc1nc2c(ncn2[C@@H]2O[C@H](COP(=O)(O)OP(=O)(O)CP(=O)(O)O)[C@@H](O)[C@H]2O)c(=O)[nH]1,success,84,68,143.33,
84,Nc1nc2c(ncn2[C@@H]2O[C@H](COP(=O)(O)OP(=O)(O)OP(=O)(O)O)[C@@H](OP(=O)(O)OP(=O)(O)O)[C@H]2O)c(=O)[nH]1,success,42,26,42.91,
85,Nc1nc2c(ncn2[C@@H]2O[C@H](COP(=O)([O-])[O-])[C@@H](O)[C@H]2O)c(=O)[nH]1,success,189,171,247.98,
86,Cn1c[n+]([C@@H]2O[C@H](COP(=O)([O-])OP(=O)([O-])OP(=O)([O-])[O-])[C@@H](O)[C@H]2O)c2nc(N)[nH]c(=O)c21,success,79,63,88.38,
87,O=c1[nH]cnc2c1ncn2[C@@H]1O[C@H](CO)C[C@H]1O,success,235,216,229.41,
88,Nc1nc2c(ncn2C2CC(F)C(CO)O2)c(=O)[nH]1,success,182,163,193.01,
89,Nc1nc2c(ncn2[C@@H]2O[C@H](COP(=O)(O)O)[C@H](O)[C@H]2O)c(=O)[nH]1,success,134,116,210.73,
90,Cn1c[n+]([C@@H]2O[C@H](COP(=O)(O)OP(=O)(O)OP(=O)(O)O)[C@@H](O)[C@H]2O)c2nc(N)[nH]c(=O)c21,success,60,44,61.35,
91,CO[C@@H]1[C@H](O)[C@@H](COP(=O)(O)OP(=O)(O)OP(=O)(O)O)O[C@H]1n1cnc2c(=O)[nH]c(N)nc21,success,58,40,80.34,
92,Nc1nc2c(ncn2[C@@H]2O[C@H](COP(O)(O)=S)[C@@H](O)[C@H]2O)c(=O)[nH]1,success,258,239,321.63,
93,Nc1nc2c(ncn2[C@@H]2O[C@H](COP(O)(=S)OP(=O)(O)OP(=O)(O)O)[C@@H](O)[C@H]2O)c(=O)[nH]1,success,57,41,70.97,
94,Nc1nc(=O)c2ncn([C@@H]3O[C@H](COP(=O)(O)OP(=O)(O)OP(=O)(O)O)[C@@H](OP(=O)(O)OP(=O)(O)O)[C@H]3O)c2[nH]1,success,42,26,58.33,
95,O=c1[nH]cnc2c1ncn2[C@@H]1O[C@H](COP(=O)([O-])[O-])[C@@H](O)[C@H]1O.[K+].[K+],success,42,26,43.2,
96,O=c1[nH]cnc2c1ncn2[C@@H]1O[C@H](COP(=O)([O-])[O-])[C@@H](O)[C@H]1O.[Ca+2],success,42,26,33.49,
97,Nc1nc2c(ncn2[C@@H]2O[C@H](COP(=O)([O-])[O-])[C@@H](O)[C@H]2O)c(=O)[nH]1.[Ca+2],success,42,26,47.7,
98,Nc1nc2c(ncn2[C@@H]2O[C@H](COP(=O)([O-])[O-])[C@@H](O)[C@H]2O)c(=O)[nH]1.[K+].[K+],success,42,26,35.75,
99,CC(C)C(=O)Nc1nc2c(ncn2C2CC(O)C(CO)O2)c(=O)[nH]1,success,2463,2441,3428.68,
100,Cn1c[n+]([C@@H]2O[C@H](COP(=O)([O-])OP(=O)(O)OP(=O)(O)O)[C@@H](O)[C@H]2O)c2nc(N)[nH]c(=O)c21,success,67,51,58.84,
101,O=c1[nH]cnc2c1ncn2C1OC(CO)CC1F,success,134,115,147.14,
102,Cn1c[n+]([C@@H]2O[C@H](COP(=O)([O-])OP(=O)(O)O)[C@@H](O)[C@H]2O)c2nc(N)[nH]c(=O)c21,success,111,95,89.38,
103,Nc1nc2c(nc(Br)n2C2OC(CO)C(O)C2O)c(=O)[nH]1,success,340,321,310.02,
104,CC1(C)OC2C(CO)OC(n3cnc4c(=O)[nH]cnc43)C2O1,failed,154,135,172.41,min() arg is an empty sequence
105,C[C@@]1(O)[C@H](O)[C@@H](CO)O[C@H]1n1cnc2c(=O)[nH]cnc21,success,304,285,278.06,
106,O=c1[nH]cnc2c1ncn2[C@@H]1O[C@H](CO)[C@@H](O)[C@H]1F,success,234,215,224.24,
107,O=c1[nH]cnc2c1ncn2[C@@H]1O[C@H](CO)[C@@H](F)[C@H]1O,success,235,216,251.4,
108,Nc1nc2c(ncn2[C@@H]2O[C@H](CO)[C@@H](F)[C@H]2O)c(=O)[nH]1,success,288,269,253.1,
109,Nc1nc2c(ncn2[C@H]2CO[C@@H](CO)C2)c(=O)[nH]1,success,182,163,193.17,
110,O=c1[nH]cnc2c1ncn2C1OC(COP(=O)(O)OP(=O)(O)OP(=O)(O)O)C(O)C1O,success,57,41,68.24,
111,O=c1[nH]cnc2c1ncn2C1CCC(CO)O1,success,134,115,133.4,
112,CC1(C)O[C@@H]2[C@H](O1)[C@@H](CO)O[C@H]2n1cnc2c(=O)[nH]cnc21,success,154,135,163.84,
113,Cc1cn2c(=O)c3ncn([C@@H]4O[C@H](CO)[C@@H](O)[C@H]4O)c3nc2[nH]1,success,270,251,313.99,
114,NC(=O)c1ncn(C2OC(COP(=O)(O)O)C(O)C2O)c1N,success,540,522,697.17,
115,O=c1[nH]cnc2c1ncn2C1OC(COP(=O)(O)O)C(O)C1O,success,120,102,194.77,
116,CN(C)c1nc2c(ncn2C2OC(CO)C(O)C2O)c(=O)[nH]1,failed,316,297,326.39,min() arg is an empty sequence
117,Nc1nc2c(ncn2C2C[C@H](O)[C@@H](CO)O2)c(=O)[nH]1,failed,287,268,260.11,min() arg is an empty sequence
118,Nc1nc2c(ncn2[C@H]2C[C@H](O)[C@@H](COP(=O)([O-])OP(=O)([O-])[O-])O2)c(=O)[nH]1,success,95,79,101.61,
119,O=c1[nH]cnc2c1nc(Br)n2[C@@H]1O[C@H](CO)[C@@H](O)[C@H]1O,success,282,263,300.61,
120,CC(C)C(=O)Nc1nc2c(ncn2[C@@H]2O[C@H](CO)[C@@H](O)[C@H]2O)c(=O)[nH]1,success,2338,2316,3135.92,
121,O.O=c1[nH]cnc2c1ncn2[C@@H]1O[C@H](COP(=O)([O-])[O-])[C@@H](O)[C@H]1O.[Na+].[Na+],success,42,26,50.05,
122,NC(=O)c1ncn([C@@H]2O[C@H](COP(=O)([O-])[O-])[C@@H](O)[C@H]2O)c1NC=O,success,249,231,204.72,
123,NC(=O)c1ncn([C@@H]2O[C@H](COP(=O)([O-])[O-])[C@@H](O)[C@H]2O)c1N,success,544,526,655.68,
124,Nc1nc2c(ncn2[C@H]2C[C@H](O)[C@@H](COP(=O)([O-])[O-])O2)c(=O)[nH]1,success,208,189,286.98,
125,Nc1nc2c(ncn2[C@H]2C[C@H](O)[C@@H](COP(=O)([O-])OP(=O)([O-])OP(=O)([O-])[O-])O2)c(=O)[nH]1,success,68,52,99.73,
126,O=c1[nH]cnc2c1ncn2[C@H]1C[C@H](O)[C@@H](COP(=O)([O-])[O-])O1,success,168,149,229.87,
127,O=c1[nH]cnc2c1ncn2[C@@H]1O[C@H](COP(=O)([O-])OP(=O)([O-])OP(=O)([O-])[O-])[C@@H](O)[C@H]1O,success,72,56,78.09,
128,O=c1[nH]cnc2c1ncn2[C@@H]1O[C@H](COP(=O)([O-])OP(=O)([O-])[O-])[C@@H](O)[C@H]1O,success,106,90,131.12,
129,Nc1nc2c(ncn2[C@@H]2O[C@H](COP(=O)([O-])OP(=O)([O-])OP(=O)([O-])O)[C@@H](O)[C@H]2O)c(=O)[nH]1,success,74,58,98.46,
130,Nc1nc2c(ncn2[C@@H]2O[C@H](COP(=O)([O-])OP(=O)([O-])O)[C@@H](O)[C@H]2O)c(=O)[nH]1,success,111,95,115.02,
131,COc1nc2c(=O)[nH]c(N)nc2n1[C@H]1C[C@H](O)[C@@H](CO)O1,success,344,325,291.35,
132,C[C@H]1O[C@@H](n2cnc3c(=O)[nH]cnc32)[C@H](O)[C@@H]1O,success,131,112,117.23,
133,Nc1nc2c(nc(N)n2C2OC(CO)C(O)C2O)c(=O)[nH]1,success,404,385,356.75,
134,O=c1[nH]cnc2c1ncn2[C@@H]1O[C@H](COS(=O)(=O)O)[C@@H](O)[C@H]1O,success,74,56,72.1,
135,Nc1nc2c(ncn2[C@@H]2O[C@H](COP(=O)([O-])OP(=O)([O-])[O-])[C@@H](O)[C@H]2O)c(=O)[nH]1.[Na+].[Na+].[Na+],success,42,26,41.16,
136,Nc1nc2c(ncn2[C@@H]2O[C@H](COP(=O)(O)OP(=O)(O)O)[C@@H](OP(=O)(O)O)[C@H]2O)c(=O)[nH]1,success,55,39,59.31,
137,Cn1c[n+]([C@@H]2O[C@H](COP(=O)(O)OP(=O)(O)O)[C@@H](O)[C@H]2O)c2nc(N)[nH]c(=O)c21,success,78,62,66.86,
138,Nc1nc2c(ncn2[C@@H]2O[C@H](CO)[C@H]3OP(O)(=S)O[C@H]32)c(=O)[nH]1,success,192,173,225.19,
139,Nc1nc2c(ncn2[C@H]2C[C@H](OP(=O)(O)O)[C@@H](CO)O2)c(=O)[nH]1,failed,202,183,289.89,min() arg is an empty sequence
140,O=c1[nH]cnc2c1ncn2[C@@H]1O[C@@H]2COP(=O)(O)O[C@H]2[C@H]1O,success,89,70,96.91,
141,CNP(=O)(O)NP(=O)(O)OP(=O)(O)OC[C@H]1O[C@@H](n2cnc3c(=O)[nH]c(N)nc32)[C@H](O)[C@@H]1O,success,116,99,173.67,
142,Cn1c(N)nc2c(c1=O)n(C)c[n+]2[C@@H]1O[C@H](CO)[C@@H](O)[C@H]1[O-],success,303,284,302.21,
143,Cn1c[n+](C2O[C@H](CO)[C@@H](O)[C@H]2O)c2nc[nH]c(=O)c21,success,352,333,309.65,
144,O=c1[nH]cnc2c1ncn2[C@@H]1O[C@H](CO)[C@@H](O)[C@H]1OP(=O)(O)O,success,123,105,197.18,
145,CCCC[N+](CCCC)(CCCC)CCCC.O=c1[nH]cnc2c1ncn2[C@@H]1O[C@H](COS(=O)(=O)[O-])[C@@H](O)[C@H]1O,success,42,26,48.78,
146,Cn1c[n+]([C@@H]2O[C@H](COP(O)(=S)OP(=O)([O-])OP(=O)(O)O)[C@@H](O)[C@H]2O)c2nc(N)[nH]c(=O)c21,success,63,47,62.33,
147,COC1C(CO)OC(n2cnc3c(=O)[nH]cnc32)C1O,failed,271,252,262.44,min() arg is an empty sequence
148,O=c1[nH]cnc2c1ncn2C1OCC(O)C(O)C1O,success,220,201,195.12,
149,Cn1c(=O)c2c(ncn2C2O[C@H](CO)[C@@H](O)[C@H]2O)n(C)c1=O,success,254,235,204.7,
150,CCCCn1c(=O)c2c(ncn2C2O[C@H](CO)[C@@H](O)[C@H]2O)n(CCCC)c1=O,success,42,26,45.39,
151,N#C[C@@H]1[C@H](O)[C@@H](CO)O[C@H]1n1cnc2c(=O)[nH]c(N)nc21,success,277,258,329.38,
152,N#C[C@H]1[C@H](O)[C@@H](CO)O[C@H]1n1cnc2c(=O)[nH]c(N)nc21,failed,277,258,255.23,min() arg is an empty sequence
153,NCC1OC(n2cnc3c(=O)[nH]c(N)nc32)C(O)C1O,success,217,198,207.32,
154,[N-]=[N+]=NC1CC(n2cnc3c(=O)[nH]c(N)nc32)OC1CO,success,42,26,25.72,
155,COC[C@H]1O[C@@H](n2cnc3c(=O)[nH]c(N)nc32)[C@H](O)[C@@H]1O,failed,306,287,281.22,min() arg is an empty sequence
156,C[C@]1(O)C(n2cnc3c(=O)[nH]cnc32)O[C@H](CO)[C@H]1O,success,304,285,259.22,
157,O=c1[nH]cnc2c1ncn2[C@@H]1O[C@H](COP(=O)(O)OP(=O)(O)OP(O)(O)=S)[C@@H](O)[C@H]1O,success,79,63,119.5,
158,Cn1c[n+]([C@@H]2O[C@H](COP(=O)([O-])O)[C@@H](O)[C@H]2O)c2nc(N)[nH]c(=O)c21,success,230,212,346.83,
159,Nc1nc2c(ncn2[C@@H]2O[C@@H]3COP(=O)(O)O[C@@H]3[C@H]2O)c(=O)[nH]1,success,124,105,122.89,
160,O=c1[nH]c(=O)c2ncn([C@H]3CC[C@@H](CO)O3)c2[nH]1,success,124,105,161.3,
161,NC(=O)c1ncn([C@@H]2O[C@H](CO)[C@@H](O)[C@H]2O)c1F,success,846,827,747.32,
162,O=c1[nH]cnc2c1ncn2[C@@H]1O[C@H](CO)C[C@@H]1F,success,134,115,134.49,
163,C[C@@]1(F)[C@H](O)[C@@H](CO)O[C@H]1n1cnc2c(=O)[nH]c(N)nc21,success,304,285,252.08,
164,Nc1nc2c(ncn2[C@H]2C[C@H](N)[C@@H](CO)O2)c(=O)[nH]1,success,235,216,199.88,
165,Nc1nc2c(ncn2[C@@H]2O[C@H](COP(=O)(O)OP(=O)(O)OP(=O)(O)O)[C@@H](F)[C@H]2O)c(=O)[nH]1,success,55,39,60.74,
166,O=c1[nH]cnc2c1ncn2[C@@H]1O[C@H](COP(=O)(O)O)[C@@H](O)[C@@H]1O,success,119,101,219.73,
167,Nc1nc2c(ncn2[C@@H]2CO[C@H](CO)[C@@H](O)C2)c(=O)[nH]1,success,314,295,274.38,
168,Nc1nc2c(nc(N)n2[C@H]2C[C@H](O)[C@@H](CO)O2)c(=O)[nH]1,success,320,301,286.02,
169,[N-]=[N+]=N[C@]1(CO)O[C@@H](n2cnc3c(=O)[nH]c(N)nc32)C[C@@H]1O,success,42,26,32.12,
170,Nc1nc2c(ncn2[C@H]2C[C@@H](F)[C@@H](CO)O2)c(=O)[nH]1,success,182,163,183.54,
171,O=c1[nH]cnc2c1ncn2[C@H]1C[C@H](F)[C@@H](CO)O1,success,134,115,138.09,
172,[N-]=[N+]=N[C@H]1C[C@H](n2cnc3c(=O)[nH]cnc32)O[C@@H]1CO,success,42,26,28.36,
173,[N-]=[N+]=N[C@]1(CO)O[C@@H](n2cnc3c(=O)[nH]cnc32)C[C@@H]1O,success,42,26,25.49,
174,O=c1[nH]c(F)nc2c1ncn2[C@H]1CC[C@@H](CO)O1,failed,123,104,137.22,min() arg is an empty sequence
175,Nc1nc2c(ncn2C2CO[C@H](CO)[C@H]2CO)c(=O)[nH]1,success,538,519,421.26,
176,NC(=O)c1ncn(C2OC(CO)C(O)C2O)c1N,success,987,968,788.67,
177,Nc1nc2c(ncn2C2OC(COP(=O)(O)O)C(O)C2O)c(=O)[nH]1,success,135,117,259.85,
178,O=c1[nH]cnc2c1ncn2C1CC(O)C(CO)O1,failed,235,216,217.23,min() arg is an empty sequence
179,Nc1nc2c(nc(Br)n2[C@H]2C[C@H](O)[C@@H](CO)O2)c(=O)[nH]1,success,260,241,227.34,
180,CN(C)/C=N/c1nc2c(ncn2[C@@H]2O[C@H](CO)[C@@H](O)[C@H]2O)c(=O)[nH]1,success,327,308,374.62,
181,Nc1nc2c(ncn2[C@@H]2O[C@H](COP(O)(=S)OP(=O)(O)O)[C@@H](O)[C@H]2O)c(=O)[nH]1,success,95,79,77.17,
182,COC1C(O)C(CO)OC1n1cnc2c(=O)[nH]c(N)nc21,success,336,317,306.57,
183,Nc1nc2c(ncn2[C@H]2C[C@@H](O)[C@@H](CO)O2)c(=O)[nH]1,success,287,268,277.54,
184,COc1nc2c(=O)[nH]c(N)nc2n1[C@@H]1O[C@H](CO)[C@@H](O)[C@H]1O,success,368,349,277.99,
185,CCNc1nc2c(ncn2C2CC(O)C(CO)O2)c(=O)[nH]1,success,1112,1091,970.66,
186,Nc1nc2c(ncn2[C@H]2O[C@@H]3COP(=O)(O)O[C@H]3[C@H]2O)c(=O)[nH]1,success,124,105,119.15,
187,Nc1nc2c(ncn2C2OC(COP(=O)(O)OP(=O)(O)O)C(O)C2O)c(=O)[nH]1,success,73,57,75.25,
188,CNc1nc2c(ncn2C2OC(CO)C(O)C2O)c(=O)[nH]1,success,397,378,407.93,
189,NC1NC(=O)c2ncn([C@@H]3O[C@H](CO[P+](O)(O)O[P+](O)(O)O)[C@@H](O)[C@H]3O)c2N1,success,85,69,81.2,
190,Nc1nc2c(ncn2C2CCC(CO)O2)c(=O)[nH]1,success,182,163,164.6,
191,Nc1nc2c(ncn2C2OC(CO)CC2O)c(=O)[nH]1,failed,289,270,257.24,min() arg is an empty sequence
192,Nc1nc2c(ncn2C2OC(CO)C(O)C2N)c(=O)[nH]1,success,356,337,282.32,
193,Nc1nc2c(ncn2[C@@H]2O[C@H](CO)[C@@H](O)[C@@H]2[18F])c(=O)[nH]1,success,287,268,247.81,
194,Nc1c(C(=O)N[C@@H](CC(=O)O)C(=O)O)ncn1[C@@H]1O[C@H](CO)[C@@H](O)[C@H]1O,success,3646,3628,3197.03,
195,O=c1[nH]cnc2c1ncn2[C@@H]1O[C@H](COP(=O)(O)OP(=O)([O-])OP(=O)([O-])O)[C@@H](O)[C@H]1O.[Mg+2],success,42,26,36.78,
196,COP(=O)(O)OC[C@H]1OC(n2cnc3c(=O)[nH]cnc32)[C@H](O)[C@@H]1O,success,188,170,302.06,
197,Nc1nc2c(ncn2[C@@H]2O[C@H](COP(=O)([O-])OP(=O)([O-])OP(=O)([O-])[O-])[C@@H](O)[C@H]2O)c(=O)[nH]1.[H+].[Li+].[Li+].[Li+],success,42,26,38.4,
198,Nc1nc2c(ncn2[C@@H]2O[C@H](COP(=O)([O-])OP(=O)([O-])OP(=O)(O)O)[C@@H](O)[C@H]2O)c(=O)[nH]1.[Na+].[Na+],success,42,26,39.83,
199,CO[C@@H]1[C@H](O)[C@@H](CO)O[C@H]1n1cnc2c(=O)[nH]c(NC(=O)C(C)C)nc21,success,1306,1284,1693.55,
200,Nc1nc2c(ncn2[C@@H]2O[C@H](COP(=O)(O)OP(=O)(O)OP(=O)(O)O)C(O)C2O)c(=O)[nH]1,success,57,41,88.76,
201,O=c1[nH]cnc2c1ncn2[C@@H]1O[C@H](COP(=O)([O-])OP(=O)([O-])OP(=O)([O-])O)[C@@H](O)[C@H]1O.[Na+].[Na+].[Na+],success,42,26,42.7,
202,Nc1nc2c(ncn2[C@@H]2O[C@H](COP(=O)([O-])OP(=O)([O-])O)[C@@H](O)[C@H]2O)c(=O)[nH]1.[Na+].[Na+],success,42,26,45.77,
203,Nc1nc2c(ncn2[C@@H]2O[C@H](COP(=O)([O-])OP([O-])([O-])=S)[C@@H](O)[C@H]2O)c(=O)[nH]1.[Li+].[Li+].[Li+],success,42,26,36.59,
204,Nc1nc2c(ncn2C2OC(CO)C(O)C2OP(=O)(O)O)c(=O)[nH]1,success,138,120,202.0,
205,O=c1[nH]cnc2c1ncn2[C@H]1C[C@H](O)[C@@H](COP(=O)([O-])OP(=O)([O-])OP(=O)([O-])[O-])O1,success,65,49,96.59,
206,Nc1nc2c(ncn2[C@@H]2O[C@H](COP(=O)([O-])OP(=O)([O-])OP(=O)([O-])[O-])[C@@H](O)[C@H]2O)c(=O)[nH]1,success,76,60,84.93,
207,Nc1nc2c(ncn2[C@@H]2O[C@H](COP(=O)([O-])OP(=O)([O-])OP(=O)([O-])[O-])[C@@H](OP(=O)([O-])OP(=O)([O-])[O-])[C@H]2O)c(=O)[nH]1,success,42,26,42.34,
208,O=c1[nH]cnc2c1ncn2[C@H]1C[C@H](O)[C@@H](COP(=O)([O-])OP(=O)([O-])[O-])O1,success,89,73,109.4,
209,O=c1[nH]cnc2c1ncn2[C@@H]1O[C@H](COP(=O)([O-])OP(=O)([O-])OP(=O)([O-])O)[C@@H](O)[C@H]1O,success,70,54,90.32,
210,Nc1nc2c(ncn2[C@H]2C[C@H](O)[C@@H](COP(=O)([O-])OP(=O)([O-])OP(=O)([O-])O)O2)c(=O)[nH]1,success,66,50,74.15,
211,NC(=O)c1ncn(C2OC(COP(=O)([O-])[O-])C(O)C2O)c1N,success,539,521,701.13,
212,CSC[C@H]1O[C@@H](n2cnc3c(=O)[nH]cnc32)[C@H](O)[C@@H]1O,failed,157,138,138.48,min() arg is an empty sequence
213,Nc1nc2c(ncn2[C@@H]2O[C@H](CO)[C@@H](OP(=O)([O-])[O-])[C@H]2O)c(=O)[nH]1,success,169,151,235.98,
214,O=C(O)CNc1nc2c(ncn2[C@@H]2O[C@H](CO)[C@@H](O)[C@H]2O)c(=O)[nH]1,success,2099,2080,2957.74,
215,O=c1c2ncn([C@H]3C[C@H](O)[C@@H](CO)O3)c2nc2n1CCCN2,success,247,228,254.34,
216,Cn1c(N)nc2c(ncn2[C@@H]2O[C@H](COP(=O)(O)O)[C@@H](O)[C@H]2O)c1=O,success,141,123,235.3,
217,Nc1nc2c(ncn2[C@@H]2O[C@H](COP(=O)(O)OP(=O)(O)OP(=O)(O)OP(=O)(O)O)[C@@H](O)[C@H]2O)c(=O)[nH]1,success,42,26,39.63,
218,Nc1nc2c(ncn2C2OC(COP(=O)(O)OP(=O)(O)OP(O)(O)=S)C(O)C2O)c(=O)[nH]1,success,85,69,109.73,
219,C[C@H]1O[C@@H](n2cnc3c(=O)[nH]c(N)nc32)[C@H](O)[C@@H]1O,success,182,163,159.41,
220,Nc1nc2c(ncn2[C@@H]2O[C@H](COP(=O)(O)O)[C@@H](OP(=O)(O)O)[C@H]2O)c(=O)[nH]1,success,64,48,60.28,
221,Nc1nc2c(ncn2[C@@H]2O[C@@H]3COP(O)(=S)O[C@H]3[C@H]2O)c(=O)[nH]1,success,125,106,114.06,
222,Nc1nc2c(ncn2[C@@H]2O[C@H](CO)[C@@H](OP(=O)(O)OP(=O)(O)O)[C@H]2O)c(=O)[nH]1,success,71,55,83.6,
223,CO[C@@H]1[C@H](O)[C@@H](COP(=O)(O)O)O[C@H]1n1cnc2c(=O)[nH]c(N)nc21,success,135,117,203.5,
224,Nc1nc2c(nc(Cl)n2[C@H]2C[C@H](O)[C@@H](CO)O2)c(=O)[nH]1,success,260,241,256.78,
225,COP(=O)(O)OC[C@H]1O[C@@H](n2cnc3c(=O)[nH]c(N)nc32)[C@H](O)[C@@H]1O,success,206,188,305.73,
226,Nc1nc2c(ncn2[C@@H]2O[C@H](CO)[C@@H](O)[C@@H]2OP(=O)(O)O)c(=O)[nH]1,success,138,120,211.13,
227,COP(=O)(O)OP(=O)(O)OP(=O)(O)OC[C@H]1O[C@@H](n2cnc3c(=O)[nH]c(N)nc32)[C@H](O)[C@@H]1O,success,72,54,91.82,
228,Nc1nc2c(ncn2[C@H]2O[C@@H](COP(=O)(O)O)[C@H](O)[C@@H]2O)c(=O)[nH]1,success,134,116,210.86,
229,O=c1[nH]cnc2c1ncn2[C@@H]1O[C@H](CO)[C@H]2OP(=O)(O)O[C@H]21,success,158,139,226.43,
230,CCCCCCC#Cc1nc2c(ncn2C2O[C@H](CO)[C@@H](O)[C@H]2O)c(=O)[nH]1,success,42,26,36.5,
231,CN(C)c1cn2c(=O)c3ncn([C@@H]4O[C@H](CO)[C@@H](O)[C@@]4(C)O)c3nc2[nH]1,success,130,113,173.81,
232,Nc1nc2c(ncn2[C@@H]2CO[C@H](CO)[C@H]2CO)c(=O)[nH]1,success,538,519,412.46,
233,Nc1nc2c(ncn2[C@H]2O[C@@H](COP(=O)(O)OP(=O)(O)O)[C@H](O)[C@@H]2O)c(=O)[nH]1,success,73,57,74.61,
234,Nc1nc2c(nc(N3CCCCC3)n2[C@@H]2O[C@H](CO)[C@@H](O)[C@H]2O)c(=O)[nH]1,success,124,108,180.01,
235,Nc1nc2c(ncn2C2OC(COP(=O)(O)OP(=O)(O)O)CC2O)c(=O)[nH]1,success,71,55,74.56,
236,N[C@H]1C[C@H](n2cnc3c(=O)[nH]cnc32)O[C@@H]1CO,failed,198,179,193.67,min() arg is an empty sequence
237,O=c1[nH]c(CF)nc2c1ncn2C1O[C@@H](COP(=O)(O)O)[C@H](O)[C@@H]1O,success,126,108,192.79,
238,Nc1nc2c(ncn2[C@@H]2O[C@H](COP(=O)(O)CP(=O)(O)O)[C@@H](OP(=O)(O)CP(=O)(O)O)[C@H]2O)c(=O)[nH]1,success,42,26,55.63,
239,O=c1[nH]cnc2ncn(C3CCC(CO)O3)c12,success,134,115,148.4,
240,CCCCNc1nc2c(c(=O)[nH]1)n(C)c[n+]2[C@@H]1O[C@H](COP(=O)([O-])O)[C@@H](O)[C@H]1O,success,880,860,1387.33,
241,CC(C)CNc1nc2c(c(=O)[nH]1)n(C)c[n+]2[C@@H]1O[C@H](COP(=O)([O-])O)[C@@H](O)[C@H]1O,success,688,670,1006.58,
242,O=c1[nH]cnc2c1ncn2C[C@@H]1N[C@H](CO)[C@@H](O)[C@H]1O,success,423,404,331.06,
243,CCCC(=O)NS(=O)(=O)OC[C@H]1O[C@@H](n2cnc3c(=O)[nH]c(N)nc32)[C@H](O)[C@@H]1O.CCN(CC)CC,success,42,26,50.89,
244,O=c1[nH]cnc2c1ncn2[C@@H]1CC(F)(F)[C@H](CO)O1,success,123,104,130.32,
245,O=c1[nH]cnc2c1ncn2[C@@H]1O[C@@H](CO)[C@H](O)C1(F)F,success,213,194,221.69,
246,O=c1[nH]c(/C=C\F)nc2c1ncn2[C@@H]1O[C@H](CO)[C@@H](O)[C@H]1O,failed,312,293,264.91,min() arg is an empty sequence
247,Nc1nc2c(ncn2[C@@H]2O[C@H](CO)C(O)(C(F)(F)F)[C@H]2O)c(=O)[nH]1,success,343,324,324.84,
248,Nc1nc2c(ncn2[C@@H]2OC3COP(=O)(O)OC3[C@H]2O)c(=O)[nH]1,success,124,105,144.06,
249,Nc1nc2c(ncn2[C@H]2O[C@@H](CO)[C@H](O)[C@H]2F)c(=O)[nH]1,success,287,268,256.0,
250,O=c1[nH]c(C#CCF)nc2c1ncn2[C@@H]1O[C@H](CO)[C@@H](O)[C@H]1O,success,717,698,606.5,
251,Nc1nc2c(ncn2[C@@H]2O[C@H](COP(=O)(O)C(=O)O)[C@@H](O)[C@H]2O)c(=O)[nH]1,success,222,206,233.47,
252,Nc1nc2c(ncn2[C@@H]2C[C@@H](F)[C@H](CO)O2)c(=O)[nH]1,success,182,163,166.66,
253,Nc1nc2c(ncn2[C@H]2O[C@@H](CO)[C@H](O)C2(F)F)c(=O)[nH]1,success,260,241,258.93,
254,O=c1[nH]cnc2c1ncn2[C@H]1O[C@@H](CO)[C@H](O)C1(F)F,success,213,194,197.13,
255,Nc1nc2c(ncn2[C@@H]2CC(F)(F)[C@H](CO)O2)c(=O)[nH]1,success,166,147,156.4,
256,Nc1nc2c(ncn2[C@H]2CC(F)(F)[C@H](CO)O2)c(=O)[nH]1,success,166,147,209.65,
257,Nc1nc2c(ncn2[C@@H]2O[C@H](CO)[C@@H](O)[C@H]2C(F)(F)F)c(=O)[nH]1,success,287,268,275.37,
258,O=c1[nH]cnc2c1ncn2[C@H]1CC(F)(F)[C@H](CO)O1,failed,123,104,131.48,min() arg is an empty sequence
259,O=c1[nH]cnc2c1ncn2[C@H]1O[C@@H](CO)CC1(F)F,success,123,104,127.58,
260,O=c1[nH]cnc2c1ncn2[C@H]1O[C@@H](CO)C[C@H]1F,success,134,115,147.02,
261,O=c1[nH]cnc2c1ncn2[C@@H]1O[C@@H](CO)C[C@@H]1F,success,134,115,143.1,
262,Nc1nc2c(ncn2[C@H]2O[C@@H](CO)C[C@@H]2F)c(=O)[nH]1,failed,182,163,170.26,min() arg is an empty sequence
263,Nc1nc2c(ncn2[C@H]2O[C@@H](CO)C[C@H]2F)c(=O)[nH]1,success,182,163,193.31,
264,O=c1[nH]cnc2c1ncn2[C@@H]1C[C@@H](F)[C@H](CO)O1,success,134,115,152.44,
265,O=c1[nH]cnc2c1ncn2[C@H]1O[C@@H](CO)[C@H](O)[C@H]1F,success,234,215,219.93,
266,Nc1nc2c(ncn2[C@@H]2O[C@@H](CO)[C@H](O)C2(F)F)c(=O)[nH]1,success,260,241,254.19,
267,O=c1[nH]cnc2c1ncn2[C@H]1CO[C@@H](CO)C1,failed,134,115,133.81,min() arg is an empty sequence
268,O=c1[nH]cnc2c1ncn2C1OC(CO)CC1(F)F,success,123,104,154.66,
269,O=c1[nH]cnc2c1nc(Br)n2C1OC(CO)C(O)C1O,success,284,265,315.43,
270,O=c1[nH]cnc2c1ncn2C1CC(O)C(O)C(CO)O1,success,377,358,313.03,
271,C=C1[C@@H](O)[C@H](n2cnc3c(=O)[nH]cnc32)O[C@@H]1CO,success,251,232,216.12,
272,NC(=O)c1ncn(C2O[C@H](CO)[C@@H](O)[C@H]2O)c1N,success,985,966,875.11,
273,CCCn1c(=O)c2c(ncn2C2O[C@H](CO)[C@@H](O)[C@H]2O)n(CCC)c1=O,success,42,26,30.15,
274,Cn1c(N)nc2c(ncn2[C@@H]2O[C@H](COP(=O)(O)OP(=O)(O)OP(=O)(O)O)[C@@H](O)[C@H]2O)c1=O,success,58,42,58.72,
275,Cn1cnc2c(c1=O)n(C)c[n+]2[C@@H]1O[C@H](CO)[C@@H](O)[C@H]1O,success,363,344,409.86,
276,Cn1c(N)nc2c(ncn2[C@H]2C[C@@H](O)[C@@H](CO)O2)c1=O,success,326,307,277.39,
277,CC(=O)OCC1OC(n2cnc3c(=O)[nH]cnc32)C(OC(C)=O)C1OC(C)=O,success,427,406,239.62,
278,O=c1[nH]cnc2c1ncn2C1O[C@H](CO)[C@@H](O)[C@H]1O,success,300,281,255.07,
279,[N-]=[N+]=Nc1nc2c(=O)[nH]cnc2n1[C@@H]1O[C@H](CO)[C@@H](O)[C@H]1O,failed,42,26,26.06,min() arg is an empty sequence
280,Nc1nc2c(ncn2C2OC(COP(=O)(O)OP(=O)(O)OP(=O)(O)O)CC2O)c(=O)[nH]1,success,55,39,58.4,
281,CC(=O)OC[C@H]1O[C@@H](n2cnc3c(=O)[nH]cnc32)[C@H](OC(C)=O)[C@@H]1OC(C)=O,success,322,301,183.36,
282,O=C(O)[C@H]1O[C@@H](n2cnc3c(=O)[nH]cnc32)[C@H](O)[C@@H]1O,success,490,471,529.4,
283,CC(C)C(=O)Nc1nc2c(ncn2C2OC(CO)C(O)C2O)c(=O)[nH]1,success,2486,2464,3152.42,
284,C#C[C@@]1(O)[C@@H](CO)O[C@@H](n2cnc3c(=O)[nH]c(N)nc32)[C@@H]1O,success,356,337,331.63,
285,Nc1nc2c(ncn2[C@@H]2O[C@H](COP(=O)([O-])O)[C@@H](O)[C@H]2O)c(=O)[nH]1.[Na+],success,42,26,33.84,
286,O=c1[nH]cnc2c1ncn2[C@@H]1O[C@H](COP(=O)([O-])O)[C@@H](O)[C@H]1O.[Na+],success,42,26,38.67,
287,Nc1nc2c(ncn2C2COC(CO)C2)c(=O)[nH]1,success,182,163,166.61,
288,Nc1nc2c(ncn2[C@@H]2O[C@H](COP(=O)(O)O)[C@H](O)[C@@H]2O)c(=O)[nH]1,success,134,116,189.65,
289,C[C@]1(O)[C@@H](CO)O[C@H](n2cnc3c(=O)[nH]cnc32)[C@]1(C)F,success,271,252,232.55,
290,O=c1[nH]cnc2c1ncn2[C@@H]1O[C@H](CO)[C@H](O)C1O,success,301,282,263.34,
291,Cn1c[n+]([C@@H]2O[C@H](CO)[C@@H](O)[C@H]2O)c2nc[nH]c(=O)c21,success,351,332,330.34,
292,Nc1nc2c(nc(Br)n2[C@H]2C[C@@H](O)[C@@H](CO)O2)c(=O)[nH]1,success,260,241,262.67,
293,Nc1nc2c(ncn2[C@H]2O[C@H](CO)[C@H](O)[C@@H]2O)c(=O)[nH]1,success,361,342,321.31,
294,[3H]C(O)[C@H]1O[C@@H](n2cnc3c(=O)[nH]cnc32)[C@H](O)[C@@H]1O,success,271,252,299.64,
295,[N-]=[N+]=N[C@]1(CO)O[C@@H](n2cnc3c(=O)[nH]cnc32)[C@H](O)[C@@H]1O,success,42,26,42.57,
296,Nc1nc2c(ncn2[C@@H]2O[C@H](CO)[C@H](O)[C@@H]2O)c(=O)[nH]1,success,361,342,319.75,
297,C#C[C@@]1(O)[C@H](O)[C@@H](CO)O[C@H]1n1cnc2c(=O)[nH]c(N)nc21,success,356,337,367.26,
298,CC(O)[C@H]1O[C@@H](n2cnc3c(=O)[nH]cnc32)[C@H](O)[C@@H]1O,success,916,894,691.18,
299,Nc1nc2c(ncn2[C@@H]2O[C@H](CO)[C@H](O)C2O)c(=O)[nH]1,success,362,343,326.38,
300,NCCOP(=O)(O)OP(=O)(O)OC[C@H]1O[C@@H](n2cnc3c(=O)[nH]c(N)nc32)[C@H](O)[C@@H]1O,success,156,140,139.57,
301,C[C@H]1C[C@H](n2cnc3c(=O)[nH]c(N)nc32)O[C@@H]1CO,success,216,197,177.32,
302,C[C@@]1(O)[C@@H](CO)O[C@@H](n2cnc3c(=O)[nH]c(N)nc32)[C@@H]1O,success,366,347,315.54,
303,CNc1nc2c(ncn2C2CC(O)C(CO)O2)c(=O)[nH]1,success,345,326,315.79,
304,Nc1nc2c(=O)[nH]cnc2n1[C@@H]1O[C@H](CO)[C@@H](O)[C@H]1O,failed,361,342,383.6,min() arg is an empty sequence
305,Nc1nc2c(ncn2[C@@H]2O[C@@]3(CO)CO[C@@H]2[C@@H]3O)c(=O)[nH]1,success,334,315,307.96,
306,O=c1[nH]cnc2c1ncn2C[C@H]1C[C@H](O)[C@@H](CO)O1,success,282,263,258.7,
307,Nc1nc2c(ncn2C[C@H]2C[C@H](O)[C@@H](CO)O2)c(=O)[nH]1,success,339,320,275.6,
308,C[C@]12OC[C@](CO)(O[C@H]1n1cnc3c(=O)[nH]c(N)nc31)[C@H]2O,success,358,339,290.85,
309,Nc1nc2c(nc(C(F)(F)F)n2[C@H]2C[C@H](O)[C@@H](CO)O2)c(=O)[nH]1,success,260,241,257.51,
310,COC1C(O)C(CO)OC1n1cnc2c(=O)[nH]cnc21,success,271,252,244.95,
311,Nc1nc2c(ncn2[C@@H]2O[C@H](CO)[C@@H](O)C2(Br)Br)c(=O)[nH]1,success,260,241,257.98,
312,N=P(O)(O)OP(=O)(O)OC[C@H]1O[C@@H](n2cnc3c(=O)[nH]c(N)nc32)[C@H](O)[C@@H]1O,success,103,87,113.09,
313,O=c1[nH]c(=O)c2ncn([C@H]3C[C@H](O)[C@@H](CO)O3)c2[nH]1,failed,207,188,242.67,min() arg is an empty sequence
314,O.O.O=c1[nH]c(=O)c2ncn([C@@H]3O[C@H](CO)[C@@H](O)[C@H]3O)c2[nH]1,success,42,26,35.07,
315,Nc1nc2c(ncn2C2CC(O)C(COP(=O)(O)OP(=O)(O)O)O2)c(=O)[nH]1,success,70,54,67.37,
316,Nc1nc2c(ncn2C2CC(O)C(COP(=O)(O)O)O2)c(=O)[nH]1,success,182,163,204.25,
317,O=c1[nH]cnc2c1ncn2C1CC(O)C(COP(=O)(O)OP(=O)(O)OP(=O)(O)O)O1,success,54,38,76.01,
318,O=c1[nH]cnc2c1ncn2C1OC(COP(=O)(O)OP(=O)(O)O)C(O)C1O,success,71,55,64.7,
319,CC(C)C(=O)Nc1nc2c(ncn2[C@H]2C[C@H](O)[C@@H](CO)O2)c(=O)[nH]1,success,2423,2401,3333.24,
320,CO[C@@H]1[C@H](O)[C@@H](CO)O[C@H]1n1cnc2c(=O)[nH]cnc21,failed,253,234,236.21,min() arg is an empty sequence
321,CC1(C)O[C@@H]2[C@H](O1)[C@@H](CO)O[C@H]2n1cnc2c(=O)[nH]c(N)nc21,success,188,169,194.25,
322,Nc1nc2c(ncn2[C@@H]2O[C@@H]3COP(=O)([O-])O[C@H]3[C@H]2O)c(=O)[nH]1.[Na+],success,42,26,40.63,
323,O=c1[nH]c(=O)c2ncn([C@@H]3O[C@@H](CO)[C@@H](O)[C@H]3O)c2[nH]1,success,243,224,214.28,
324,Cn1c(N)nc2c(ncn2[C@@H]2O[C@@H]3COP(=O)(O)O[C@H]3[C@H]2O)c1=O,success,132,113,135.08,
325,Nc1nc2c(ncn2[C@H]2C[C@@H](O)[C@@H](COP(=O)(O)OP(=O)(O)O)O2)c(=O)[nH]1,success,70,54,61.52,
326,O=c1[nH]cnc2c1ncn2[C@@H]1OC[C@@H](O)[C@@H](O)[C@H]1O,success,201,182,176.41,
327,O=c1[nH]cnc2c1ncn2[C@H]1O[C@H](CO)[C@@H](O)[C@@H]1O,success,300,281,311.26,
328,Nc1nc2c(ncn2[C@@H]2O[C@H](COP(=O)(O)OP(=O)(O)OP(=O)(O)O)[C@H](O)[C@@H]2O)c(=O)[nH]1,success,57,41,74.15,
329,Nc1nc2c(ncn2[C@@H]2O[C@@H]3COP(=O)(O)O[C@@H]3[C@@H]2O)c(=O)[nH]1,success,124,105,139.82,
330,Cn1c[n+]([C@@H]2O[C@H](CO[P+](O)(O)O[P+](O)(O)O[P+](O)(O)O)[C@@H](O)[C@H]2O)c2c1C(=O)NC(N)N2,success,42,26,37.28,
331,Cn1c[n+]([C@@H]2O[C@H](CO[P+](O)(O)O[P+](O)(O)O)[C@@H](O)[C@H]2O)c2c1C(=O)NC(N)N2,success,92,76,90.98,
332,NC1NC(=O)c2ncn([C@@H]3O[C@H](CO[P+](O)(O)O[P+](O)(O)N[P+](O)(O)O)[C@@H](O)[C@H]3O)c2N1,success,42,26,41.34,
333,NC1NC(=O)c2ncn([C@@H]3O[C@@H]4CO[P+](O)(O)O[C@H]4[C@H]3O)c2N1,success,120,101,107.14,
334,Nc1nc2c(ncn2[C@@H]2O[C@H](COP(=O)([O-])OP(=O)([O-])OP(=O)([O-])O)C(O)C2O)c(=O)[nH]1,success,74,58,94.2,
335,CSCC1OC(n2cnc3c(=O)[nH]cnc32)C(O)C1O,success,159,140,148.54,
336,CCOC(Cn1c(N)nc2c(ncn2[C@@H]2O[C@H](CO)[C@@H](O)[C@H]2O)c1=O)OCC,success,195,173,114.34,
337,NC(=O)NO.O=c1[nH]cnc2c1ncn2[C@H]1CC[C@@H](CO)O1,success,226,209,124.01,
338,[N-]=[N+]=N[C@H]1[C@@H](O)[C@H](n2cnc3c(=O)[nH]c(N)nc32)O[C@@H]1CO,failed,42,26,35.31,min() arg is an empty sequence
339,N#C[C@]1(CO)O[C@@H](n2cnc3c(=O)[nH]c(N)nc32)C[C@@H]1O,failed,308,289,255.14,min() arg is an empty sequence
340,N#C[C@]1(CO)O[C@@H](n2cnc3c(=O)[nH]cnc32)C[C@@H]1O,success,270,251,215.27,
341,Nc1nc2c(ncn2[C@@H]2O[C@H](COP(=O)(O)NP(=O)(O)O)[C@@H](O)[C@H]2O)c(=O)[nH]1,success,84,68,75.02,
342,Nc1nc2c(ncn2[C@@H]2CO[C@H](CO)C2)c(=O)[nH]1,success,182,163,169.1,
343,C[C@]1(CO)O[C@@H](n2cnc3c(=O)[nH]c(N)nc32)[C@H](O)[C@@H]1O,success,373,354,347.51,
344,COP(=O)(O)OC[C@H]1O[C@@H](n2cnc3c(=O)[nH]cnc32)[C@H](O)[C@@H]1O,success,188,170,325.46,
345,[N-]=[N+]=N[C@@H]1[C@H](O)[C@@H](CO)O[C@H]1n1cnc2c(=O)[nH]c(N)nc21,success,42,26,39.98,
346,Nc1nc2c(ncn2[C@@H]2C[C@H](O)[C@H](CO)O2)c(=O)[nH]1,success,287,268,249.35,
347,O=c1[nH]c(Cl)nc2c1ncn2[C@H]1CC[C@@H](CO)O1,success,123,104,131.26,
348,C#C[C@@]1(CO)O[C@H](n2cnc3c(=O)[nH]c(N)nc32)C[C@H]1O,success,361,342,290.18,
349,Nc1nc2c(ncn2C2OC(COP(=O)([O-])[O-])C(O)C2O)c(=O)[nH]1,success,190,172,273.77,
350,COCC1OC(n2cnc3c(=O)[nH]cnc32)C(O)C1O,success,245,226,218.12,
351,CC(C)C(=O)Nc1nc2c(ncn2[C@H]2CC(O)[C@@H](CO)O2)c(=O)[nH]1,success,2491,2469,3524.92,
352,Nc1nc2c(ncn2C2OC(CO)CC2F)c(=O)[nH]1,success,182,163,223.62,
353,Nc1nc2c(ncn2[C@@H]2O[C@H](CO)C[C@@H]2F)c(=O)[nH]1,success,182,163,174.21,
354,CC1OC(n2cnc3c(=O)[nH]cnc32)C(O)C(O)C1O,success,232,213,207.89,
355,Nc1nc2c(ncn2[C@@H]2O[C@H](CO)C[C@H]2F)c(=O)[nH]1,success,182,163,229.98,
356,Nc1nc2c(ncn2[C@H]2C[C@H](CO)[C@@H](CO)O2)c(=O)[nH]1,success,538,519,428.32,
357,Nc1nc2c(ncn2[C@@H]2O[C@H](CO)[C@H](F)[C@H]2O)c(=O)[nH]1,success,288,269,249.14,
358,Nc1nc2c(ncn2[C@@H]2O[C@H](CO)C3OC32)c(=O)[nH]1,success,207,188,186.9,
359,Cn1c(N)nc2c(ncn2C2OC(CO)C(O)C2O)c1=O,success,382,363,352.03,
360,COC1C(CO)OC(n2cnc3c(=O)[nH]c(N)nc32)C1O,success,336,317,338.92,
361,Nn1cnc2c(ncn2C2OC(CO)C(O)C2O)c1=O,success,325,306,311.69,
362,O=c1[nH]cnc2c1ncn2[C@@H]1CC[C@H](CO)O1,success,134,115,141.71,
363,NC(CSSC[C@H](N)C(=O)O)C(=O)O.O=c1[nH]cnc2c1ncn2[C@@H]1O[C@H](CO)[C@@H](O)[C@H]1O,success,42,26,70.03,
364,CN(C)/C=N/c1nc2c(ncn2[C@@H]2O[C@H](CO)[C@@H](O)[C@H]2NC(=O)N(C)N=O)c(=O)[nH]1,success,42,26,31.56,
365,O=c1[nH]cnc2c1ncn2[C@@H]1O[C@H](COP(=O)(O)OP(=O)(O)OP(=O)([O-])O)[C@@H](O)[C@H]1O.[Na+],success,42,26,42.04,
366,CN(N=O)C(=O)N[C@@H]1[C@H](O)[C@@H](CO)O[C@H]1n1cnc2c(=O)[nH]c(N)nc21,success,125,108,108.06,
367,Nc1nc2c(ncn2[C@@H]2O[C@H](COP(=O)(O)OP(=O)([O-])O)[C@@H](O)[C@H]2O)c(=O)[nH]1.[Na+],success,42,26,38.09,
368,O.O=c1[nH]cnc2c1ncn2[C@@H]1O[C@H](COP(=O)([O-])[O-])[C@@H](O)[C@H]1O.[Ba+2],success,42,26,34.73,
369,Nc1nc2c(ncn2[C@@H]2O[C@H](CO)[C@H](O)[C@H]2OP(=O)(O)O)c(=O)[nH]1,success,138,120,170.77,
370,O=c1[nH]cnc2c1ncn2[C@@H]1O[C@H](COP(=O)([O-])[O-])[C@@H](O)[C@H]1O.[Ba+2],success,42,26,39.81,
371,O.O=c1[nH]cnc2c1ncn2C1OC(COP(=O)([O-])[O-])C(O)C1O.[Na+].[Na+],success,42,26,34.08,
372,Nc1nc2c(ncn2[C@@H]2O[C@H](COP(=O)([O-])CP(=O)([O-])O)[C@@H](O)[C@H]2O)c(=O)[nH]1.[Na+].[Na+],success,42,26,36.6,
373,CC(C)C(=O)Nc1nc2c(ncn2[C@@H]2O[C@H](CO)[C@@H](OC(=O)C(C)C)[C@H]2OC(=O)C(C)C)c(=O)[nH]1,success,42,26,56.02,
374,Nc1nc(=O)c2ncn([C@@H]3O[C@H](COP(=O)([O-])OP(=O)([O-])O)[C@@H](OP(=O)([O-])OP(=O)([O-])[O-])[C@H]3O)c2[nH]1,success,42,26,44.55,
375,Nc1nc2c(ncn2[C@@H]2O[C@H](COP(=O)([O-])OP(=O)([O-])[O-])[C@@H](OP(=O)([O-])OP(=O)([O-])[O-])[C@H]2O)c(=O)[nH]1,success,42,26,45.54,
376,Nc1nc2c(ncn2[C@@H]2O[C@H](COP(=O)([O-])OP(=O)([O-])OP(=O)([O-])[O-])[C@@H](OP(=O)([O-])OP(=O)([O-])O)[C@H]2O)c(=O)[nH]1,success,42,26,64.22,
377,Nc1nc2c(ncn2[C@@H]2O[C@H](COP(=O)([O-])OP(=O)([O-])O)[C@@H](OP(=O)([O-])OP(=O)([O-])[O-])[C@H]2O)c(=O)[nH]1,success,42,26,53.09,
378,Nc1nc2c(ncn2[C@@H]2O[C@H](CO)[C@H]3OP(=O)([O-])O[C@H]32)c(=O)[nH]1,success,184,165,238.98,
379,Nc1nc2c(ncn2[C@@H]2O[C@H](CO)[C@@H](O)[C@H]2OP(=O)([O-])[O-])c(=O)[nH]1,success,169,151,243.85,
380,CC(=O)C(O)Nc1nc2c(ncn2[C@@H]2O[C@H](COP(=O)([O-])[O-])[C@@H](O)[C@H]2O)c(=O)[nH]1,success,333,314,180.2,
381,O=CC(O)Nc1nc2c(ncn2[C@@H]2O[C@H](COP(=O)([O-])[O-])[C@@H](O)[C@H]2O)c(=O)[nH]1,success,257,240,184.75,
382,Cn1c[n+]([C@@H]2O[C@H](COP(=O)([O-])OP(=O)([O-])[O-])[C@@H](O)[C@H]2O)c2nc(N)[nH]c(=O)c21,success,122,106,110.1,
383,CN(C)c1nc2c(c(=O)[nH]1)n(C)c[n+]2[C@@H]1O[C@H](COP(=O)([O-])[O-])[C@@H](O)[C@H]1O,success,232,214,342.65,
384,O=c1[nH]cnc2c1ncn2[C@@H]1O[C@@H]2COP(=O)([O-])O[C@H]2[C@H]1O,success,88,69,79.35,
385,CN(C)c1nc2c(c(=O)[nH]1)n(C)c[n+]2[C@@H]1O[C@H](COP(=O)([O-])OP(=O)([O-])[O-])[C@@H](O)[C@H]1O,success,121,104,156.38,
386,Nc1c(C(=O)N[C@@H](CC(=O)[O-])C(=O)[O-])ncn1[C@@H]1O[C@H](CO)[C@@H](O)[C@H]1O,success,1173,1157,1126.65,
387,Nc1nc2c(ncn2C2OC(COP(=O)([O-])OP(=O)([O-])OP(=O)([O-])[O-])C(O)C2O)c(=O)[nH]1.O.O.O.O.[Cr+3].[H+],success,42,26,62.06,
388,Nc1nc2c(ncn2[C@@H]2O[C@H](COP(N)(=O)O)[C@@H](O)[C@H]2O)c(=O)[nH]1,success,272,253,291.07,
389,Nc1nc2c(ncn2[C@@H]2O[C@H](COP(=O)(O)O)C[C@H]2O)c(=O)[nH]1,success,176,157,216.92,
390,Cn1cnc2c(ncn2[C@@H]2O[C@H](COP(=O)(O)O)[C@@H](O)[C@H]2O)c1=O,success,124,106,203.78,
391,CN(C)c1nc2c(ncn2[C@@H]2O[C@H](COP(=O)(O)O)[C@@H](O)[C@H]2O)c(=O)[nH]1,success,138,120,252.95,
392,Nc1nc2c(ncn2[C@@H]2O[C@H](CO[P+](=O)O)[C@@H](O)[C@H]2O)c(=O)[nH]1,failed,267,248,283.27,min() arg is an empty sequence
393,Nc1nc2c(ncn2[C@@H]2O[C@H](COP(=O)(O)O)[C@@H](O)[C@H]2F)c(=O)[nH]1,success,182,163,220.68,
394,CNc1nc2c(ncn2[C@@H]2O[C@H](COP(=O)(O)O)[C@@H](O)[C@H]2O)c(=O)[nH]1,success,154,136,249.57,
395,O=c1[nH]cnc2c1ncn2[C@@H]1O[C@H](COP(=O)(O)O)[C@@H](O)[C@@H]1F,success,140,121,189.58,
396,C[C@H]1[C@@H](O)[C@H](n2cnc(C(N)=O)c2N)O[C@@H]1CO,success,889,870,738.49,
397,CCN(CC)c1cn2c(=O)c3ncn([C@@H]4O[C@H](CO)[C@@H](O)[C@@]4(C)O)c3nc2[nH]1,success,83,63,69.56,
398,CCOC(Cn1c(N)nc2c(ncn2C2O[C@H](CO)[C@@H](O)[C@H]2O)c1=O)OCC,success,195,173,90.97,
399,Cc1cn2c(=O)c3ncn(C4O[C@H](CO)[C@@H](O)[C@H]4O)c3nc2[nH]1,success,270,251,287.22,
400,Cn1c(=O)[nH]c2c(ncn2C2O[C@H](CO)[C@@H](O)[C@H]2O)c1=O,success,256,237,220.38,
401,O=C1N[C@@H](O)CNc2c1ncn2[C@@H]1O[C@H](CO)[C@@H](O)[C@H]1O,success,380,361,256.49,
402,O=C1N[C@H](O)CNc2c1ncn2[C@@H]1O[C@H](CO)[C@@H](O)[C@H]1O,success,380,361,234.52,
403,NC(=O)c1ncn([C@H]2O[C@H](CO)[C@H](O)[C@H]2O)c1N,success,985,966,864.14,
404,O=c1[nH]cnc2c1nc(N1CCCCC1)n2C1OC(CO)C(O)C1O,success,118,102,146.94,
405,CNc1nc2c(=O)[nH]c(N)nc2n1[C@@H]1O[C@H](CO)[C@@H](O)[C@H]1O,success,461,442,431.53,
406,O=c1[nH]cnc2c1nc(Br)n2[C@@H]1O[C@H](CO)[C@@H](O)[C@@H]1O,success,282,263,298.28,
407,O=c1[nH]cnc2c1ncn2[C@@H]1O[C@H](CSCCO)[C@@H](O)[C@H]1O,success,1334,1313,967.69,
408,Nc1nc2c(ncn2C2O[C@H](COP(=O)(O)NP(=O)(O)O)[C@@H](O)[C@H]2O)c(=O)[nH]1,success,84,68,82.39,
409,COc1nc2c(=O)[nH]c(N)nc2n1C1O[C@H](CO)[C@@H](O)[C@H]1O,success,368,349,288.08,
410,Nc1nc2c(ncn2C2O[C@H](COC(=O)CC(=O)O)[C@@H](O)[C@H]2O)c(=O)[nH]1,success,2635,2613,4225.72,
411,Nc1nc2c(nc(NO)n2C2O[C@H](CO)[C@@H](O)[C@H]2O)c(=O)[nH]1,success,373,354,273.45,
412,O=c1[nH]cnc2c1nc(Br)n2C1O[C@H](COP(=O)(O)O)[C@@H](O)[C@H]1O,success,114,96,221.14,
413,[N-]=[N+]=Nc1nc2c(=O)[nH]c(N)nc2n1C1O[C@H](CO)[C@@H](O)[C@H]1O,success,42,26,26.14,
414,O=c1[nH]cnc2c1ncn2C1O[C@@H](COP(=O)(O)OP(=O)(O)OP(=O)(O)O)[C@H](O)[C@@H]1O,success,57,41,61.53,
415,O=c1[nH]cnc2c1ncn2C1O[C@H](CP(=O)(O)O)[C@@H](O)[C@H]1O,success,124,105,117.7,
416,CCCCNc1nc2c(ncn2C2O[C@@H](COP(=O)(O)OP(=O)(O)OP(=O)(O)O)[C@H](O)[C@@H]2O)c(=O)[nH]1,success,94,78,73.81,
417,O=c1[nH]c(Br)nc2c1ncn2C1O[C@@H](COP(=O)(O)OP(=O)(O)OP(=O)(O)O)[C@H](O)[C@@H]1O,success,56,40,54.76,
418,Nc1nc2c(ncn2C2O[C@H](CP(=O)(O)O)[C@@H](O)[C@H]2O)c(=O)[nH]1,success,164,145,145.55,
419,Nc1nc2c(ncn2C2O[C@H](COP(=O)(O)C(=O)O)[C@@H](O)[C@H]2O)c(=O)[nH]1,success,222,206,240.17,
420,NC(=O)P(=O)(O)OC[C@H]1OC(n2cnc3c(=O)[nH]c(N)nc32)[C@H](O)[C@@H]1O,success,374,356,638.0,
421,CSc1nc2c(=O)[nH]c(N)nc2n1C1O[C@H](CO)[C@@H](O)[C@H]1O,success,397,378,346.43,
422,O=NNC(=O)NC[C@H]1OC(n2cnc3c(=O)[nH]cnc32)[C@H](O)[C@@H]1O,success,143,127,95.4,
423,Nc1nc2[nH]c[n+](C3O[C@H](CO)[C@H](O)[C@H]3O)c2c(=O)[nH]1,success,382,363,345.7,
424,O=C(CBr)NC[C@H]1OC(n2cnc3c(=O)[nH]cnc32)[C@H](O)[C@@H]1O,success,1792,1773,2173.22,
425,Nc1nc2c(c(=O)[nH]1)n(CCO)c[n+]2C1O[C@H](CO)[C@@H](O)[C@H]1O,success,1456,1435,1068.83,
426,O=c1[nH]c(Cl)nc2c1ncn2C1O[C@@H](COP(=O)(O)O)[C@H](O)[C@@H]1O,success,114,96,178.24,
427,CCCc1nc2c(ncn2C2O[C@@H](COP(=O)(O)O)[C@H](O)[C@@H]2O)c(=O)[nH]1,success,1142,1124,1383.28,
428,COc1nc2c(ncn2C2O[C@@H](COP(=O)(O)O)[C@H](O)[C@@H]2O)c(=O)[nH]1,success,64,46,97.3,
429,Cc1nc2c(ncn2C2O[C@@H](COP(=O)(O)O)[C@H](O)[C@@H]2O)c(=O)[nH]1,success,126,108,215.27,
430,O=c1[nH]c(C(F)(F)F)nc2c1ncn2C1O[C@@H](COP(=O)(O)O)[C@H](O)[C@@H]1O,success,114,96,197.06,
431,O=c1[nH]c(CO)nc2c1ncn2C1O[C@@H](COP(=O)(O)O)[C@H](O)[C@@H]1O,success,110,94,90.35,
432,Nc1nc2c(ncn2[C@@H]2O[C@H](CO)[C@H](F)[C@@H]2O)c(=O)[nH]1,success,288,269,273.0,
433,CP(=O)(O)OP(=O)(O)OC[C@H]1O[C@@H](n2cnc3c(=O)[nH]c(N)nc32)[C@H](O)[C@@H]1O,success,103,87,113.33,
434,Nc1nc2c(ncn2C2O[C@H](COP(=S)(S)OP(=O)(O)OP(=O)(O)O)[C@@H](O)[C@H]2O)c(=O)[nH]1,success,97,81,100.87,
435,Nc1nc2c(ncn2C2CC(O)C(O)C(CO)O2)c(=O)[nH]1,success,434,415,342.77,
436,CN[C@@H](C)C(=O)NC[C@H]1O[C@@H](n2cnc3c(=O)[nH]c(N)nc32)[C@H](O)[C@@H]1O,success,340,321,191.68,
437,CC(=O)OCC1OC([n+]2cn(CCO)c3c(=O)[nH]c(N)nc32)C(OC(C)=O)C1OC(C)=O,success,146,128,89.47,
438,O=c1[nH]cnc2c1ncn2C1COC(CO)C(O)C1,success,256,237,316.38,
439,O=c1[nH]cnc2c1ncn2C1OC(CO)C[C@@H]1F,success,134,115,167.47,
440,O=c1[nH]cnc2c1ncn2C1OC(CO)C[C@H]1F,failed,134,115,134.26,min() arg is an empty sequence
441,CC(O)[C@H]1O[C@@H](n2cnc3nc[nH]c(=O)c32)[C@H](O)[C@@H]1O,success,872,850,706.71,
442,COC[C@H]1O[C@@H](n2cnc3c(=O)[nH]c(N)nc32)[C@H](OC)[C@@H]1OC,success,160,141,201.35,
443,CCCCC(=O)O[C@H]1[C@H](O)[C@@H](CO)O[C@H]1n1cnc2c(=O)[nH]c(N)nc21,success,2171,2149,2542.67,
444,O=c1[nH]cnc2c1ncn2C1C[C@H](O)[C@H](O)[C@@H]1O,success,243,224,250.07,
445,Nc1nc2c(ncn2C2C[C@H](O)[C@H](O)[C@@H]2O)c(=O)[nH]1,success,309,290,274.01,
446,Nc1nc2c(nc(Br)n2[C@H]2O[C@H](CO)[C@@H](O)[C@@H]2O)c(=O)[nH]1,success,338,319,330.92,
447,CN(C)c1nc2c(=O)[nH]c(N)nc2n1[C@@H]1O[C@H](CO)[C@@H](O)[C@H]1O,success,362,343,335.15,
448,CC(C)O[C@@H]1[C@H](OC(C)C)[C@@H](CO)O[C@H]1n1cnc2c(=O)[nH]c(N)nc21,success,147,129,81.17,
449,Nc1nc2c(ncn2[C@H]2O[C@@H](COP(=O)(O)OP(=O)(O)OP(=O)(O)O)[C@H](O)[C@@H]2O)c(=O)[nH]1,success,57,41,56.81,
450,O=C(CP(=O)(O)O)NC[C@H]1O[C@@H](n2cnc3c(=O)[nH]cnc32)[C@H](O)[C@@H]1O,success,636,618,1292.22,
451,Nc1nc2c(=O)[nH]cnc2n1[C@@H]1O[C@H](CO)[C@@H](O)[C@@H]1O,success,361,342,343.65,
452,[N-]=[N+]=Nc1nc2c(=O)[nH]cnc2n1[C@@H]1O[C@H](CO)[C@@H](O)[C@@H]1O,success,42,26,25.9,
453,CN(C)c1nc2c(=O)[nH]cnc2n1[C@@H]1O[C@H](CO)[C@@H](O)[C@@H]1O,success,314,295,287.21,
454,CN(C)c1nc2c(=O)[nH]cnc2n1[C@@H]1O[C@H](CO)[C@@H](O)[C@H]1O,success,314,295,332.99,
455,Nc1nc2c(ncn2[C@@H]2O[C@H](CO[P+](=O)[O-])[C@@H](O)[C@H]2O)c(=O)[nH]1.[Na+],success,42,26,32.78,
456,CCCCN(C)c1nc2c(c(=O)[nH]1)n(C)c[n+]2[C@@H]1O[C@H](COP(=O)([O-])O)[C@@H](O)[C@H]1O,success,227,207,130.23,
457,CCN(CC)c1nc2c(c(=O)[nH]1)n(C)c[n+]2[C@@H]1O[C@H](COP(=O)([O-])O)[C@@H](O)[C@H]1O,success,451,431,821.86,
458,CCN(C)c1nc2c(c(=O)[nH]1)n(C)c[n+]2[C@@H]1O[C@H](COP(=O)([O-])O)[C@@H](O)[C@H]1O,success,715,694,1463.09,
459,CCn1c[n+]([C@@H]2O[C@H](C[O-])[C@@H](OC(C)C)[C@H]2OC(C)C)c2nc(N)[nH]c(=O)c21,success,227,209,108.34,
460,CC(C)O[C@@H]1[C@H](OC(C)C)[C@@H](C[O-])O[C@H]1[n+]1cn(C)c2c(=O)[nH]c(N)nc21,success,224,206,120.27,
461,Cn1c[n+]([C@@H]2O[C@H](CO)[C@@H](O)[C@H]2O)c2nc(N)[nH]c(=O)c21.[Br-],success,42,26,26.84,
462,Cn1c[n+]([C@@H]2O[C@H](COP(=O)([O-])[O-])[C@@H](O)[C@H]2O)c2nc(N)[nH]c(=O)c21.[Br-].[Na+].[Na+],success,42,26,43.06,
463,Nc1nc2c(ncn2[C@@H]2O[C@H](CO)[C@@H](O)[C@]2(F)Br)c(=O)[nH]1,failed,260,241,251.59,min() arg is an empty sequence
464,Nc1nc2c(ncn2[C@@H]2O[C@H](CO)[C@@H](O)[C@@]2(F)Br)c(=O)[nH]1,success,260,241,228.68,
465,CN(C)/C=N/c1nc2c(nc(Br)n2C2CC(O)C(CO)O2)c(=O)[nH]1,success,301,282,281.37,
466,Cc1cn2c(=O)c3ncn([C@H]4C[C@@H](O)[C@@H](CO)O4)c3nc2[nH]1,success,249,230,278.57,
467,C[C@@H]1C[C@@H](O)n2c(nc3c(ncn3[C@H]3C[C@H](O)[C@@H](CO)O3)c2=O)N1,success,263,245,363.94,
468,O=c1[nH]cnc2c1ncn2C1CC(O)C(COP(=O)(O)O)O1,success,140,121,161.26,
469,O.O.O=c1[nH]cnc2c1ncn2[C@@H]1O[C@H](COP(=O)([O-])[O-])[C@@H](O)[C@H]1O.[Na+].[Na+],success,42,26,44.45,
470,Cn1c[n+]([C@@H]2O[C@H](CO)[C@@H](O)[C@H]2O)c2nc(N)[nH]c(=O)c21.[I-],success,42,26,40.83,
471,NC(=O)c1ncn(C2OC(COP(=O)(O)O)C(O)C2O)c1NC=O,success,187,169,129.86,
472,NC(=O)c1ncn([C@H]2O[C@H](CO)[C@@H](O)[C@@H]2O)c1N,success,985,966,800.13,
473,C[C@H]1O[C@@H](n2cnc3c(=O)[nH]cnc32)[C@](C)(O)[C@@H]1O,success,132,113,112.72,
474,O=c1[nH]cnc2c1ncn2[C@@H]1O[C@H](CO)[C@@H](O[C@H]2O[C@H](CO)[C@@H](O)[C@H](O)[C@H]2O)[C@H]1O,success,270,252,146.22,
475,Nc1nc2c(ncn2[C@H]2O[C@H](COP(=O)(O)O)[C@@H](O)[C@H]2O)c(=O)[nH]1,success,134,116,192.1,
476,Nc1nc2c(ncn2[C@H]2O[C@@H](CO)[C@@H](O)[C@H]2O)c(=O)[nH]1,success,361,342,297.98,
477,O=c1[nH]cnc2c1ncn2[C@H]1O[C@@H](COP(=O)(O)O)[C@@H](O)[C@H]1O,success,119,101,205.81,
478,CS[C@H]1O[C@H](Cn2cnc3c(=O)[nH]cnc32)[C@@H](O)[C@H]1O,failed,157,138,136.79,min() arg is an empty sequence
479,COC(=O)C(C)Nc1nc2c(ncn2[C@@H]2O[C@H](CO)[C@@H](O)[C@H]2O)c(=O)[nH]1,success,2636,2615,4360.94,
480,CSC1OC(Cn2cnc3c(=O)[nH]cnc32)C(O)C1O,success,159,140,136.87,
481,Nc1nc2c(ncn2[C@H]2C[C@H](O)[C@@H](CO)O2)c(=O)n1N,success,299,280,263.22,
482,NC(=O)c1ncn([C@H]2C[C@H](O)[C@@H](CO)O2)c1N,success,754,735,698.19,
483,C[C@H]1O[C@@H](n2cnc3c(=O)[nH]c(=O)[nH]c32)[C@H](O)[C@@H]1O,success,123,104,168.37,
484,O=C1NC(O)CNc2c1ncn2[C@@H]1O[C@H](CO)[C@@H](O)[C@H]1O,success,381,362,242.97,
485,CC1(O)Nc2nc3c(ncn3[C@H]3C[C@H](O)[C@@H](CO)O3)c(=O)n2C1O,success,403,384,324.72,
486,Cn1c(=O)c2ncn([C@@H]3O[C@H](CO)[C@@H](O)[C@H]3O)c2n(C)c1=O,success,265,246,241.14,
487,Cn1c(N)nc2c(c1=O)n(C)c[n+]2[C@@H]1O[C@H](CO)[C@@H](O)[C@H]1O,success,431,412,342.44,
488,Nc1nc2c(ncn2[C@@H]2O[C@H](COP(=O)(O)OP(=O)(O)OP(=O)(O)O)[C@@H](O)[C@H]2O)c(=O)n1Br,success,57,41,55.12,
489,O=c1[nH]cnc2c1ncn2[C@@H]1O[C@H](COP(=O)(O)OP(=O)(O)OP(=O)(O)OP(=O)(O)O)[C@@H](O)[C@H]1O,success,42,26,58.86,
490,Nc1nc2c(ncn2C2OC(COP(=O)(O)OP(=O)(O)O)C(OP(=O)(O)OP(=O)(O)O)C2O)c(=O)[nH]1,success,42,26,38.72,
491,O=c1[nH]cnc2c1nc(Cl)n2[C@@H]1O[C@H](CO)[C@@H](O)[C@H]1O,success,282,263,317.37,
492,CN(C)c1nc2c(c(=O)[nH]1)n(C)c[n+]2[C@@H]1O[C@H](CO)[C@@H](O)[C@H]1O,failed,324,305,315.13,min() arg is an empty sequence
493,Nc1nc2c(ncn2[C@@H]2O[C@H](CO)[C@@H](O)C2(F)F)c(=O)[nH]1,failed,260,241,265.79,min() arg is an empty sequence
494,Nc1nc2c(ncn2[C@@H]2O[C@H](COP(=O)([O-])OP(=O)([O-])NP(=O)([O-])O)[C@@H](O)[C@H]2O)c(=O)[nH]1.[Na+].[Na+].[Na+],success,42,26,41.22,
495,O=c1[nH]cnc2c1ncn2[C@@H]1O[C@H](COP(=O)([O-])OP(=O)([O-])[O-])[C@@H](O)[C@H]1O.[Na+].[Na+].[Na+],success,42,26,35.32,
496,Nc1nc2c(ncn2[C@@H]2O[C@H](COP(=O)(O)OP(=O)(O)O[32P](=O)(O)O)[C@@H](O)[C@H]2O)c(=O)[nH]1,success,67,51,80.58,
497,O=c1[nH]c(Cl)nc2c1ncn2[C@@H]1O[C@H](COP(=O)(O)O)[C@@H](O)[C@H]1O,success,114,96,185.22,
498,Nc1nc2c(ncn2[C@@H]2O[C@H](CO)[C@@H](O)C2F)c(=O)[nH]1,success,287,268,280.04,
499,Cc1nc2c(=O)[nH]c(N)nc2n1[C@@H]1O[C@H](CO)[C@@H](O)[C@H]1O,success,361,342,300.01,
500,O=c1[nH]c(F)nc2c1ncn2[C@@H]1O[C@H](CO)[C@@H](O)[C@H]1O,success,282,263,302.3,
501,Cn1c[n+]([C@H]2C[C@H](O)[C@@H](CO)O2)c2nc(N)[nH]c(=O)c21,failed,369,349,327.07,min() arg is an empty sequence
502,O=c1[nH]c(F)nc2c1ncn2[C@@H]1O[C@H](COP(=O)(O)O)[C@@H](O)[C@H]1O,success,114,96,200.86,
503,COCCO[C@@H]1[C@H](O)[C@@H](CO)O[C@H]1n1cnc2c(=O)[nH]c(N)nc21,success,1035,1016,898.46,
504,C[C@@H](O)[C@H]1O[C@@H](n2cnc3c(=O)[nH]c(N)nc32)[C@H](O)[C@@H]1O,success,924,902,676.64,
505,C[C@@H](Nc1nc2c(ncn2[C@H]2C[C@H](O)[C@@H](CO)O2)c(=O)[nH]1)C(=O)O,success,4403,4382,8698.61,
506,Nc1nc2c(ncn2[C@@H]2O[C@H](COP(=O)([O-])OP(=O)([O-])OP(=O)([O-])[O-])[C@@H](O)[C@H]2O)c(=O)[nH]1.[Na+].[Na+].[Na+].[Na+],success,42,26,37.81,
507,Nc1nc2c(ncn2[C@@H]2O[C@H](COP(=O)([O-])OP(=O)([O-])OP(=O)([O-])[O-])[C@@H](O)[C@H]2O)c(=O)[nH]1.[Li+].[Li+].[Li+].[Li+],success,42,26,37.8,
508,CCn1c[n+]([C@@H]2O[C@H](CO)[C@@H](O)[C@H]2O)c2nc(N)[nH]c(=O)c21,success,1050,1029,800.19,
509,N.Nc1nc2c(ncn2C2C[C@H](O)[C@@H](COP(=O)(O)O)O2)c(=O)[nH]1,success,53,37,44.61,
510,CC(=O)Nc1nc2c(ncn2[C@H]2C[C@H](O)[C@@H](CO)O2)c(=O)[nH]1,success,1685,1662,2134.1,
511,O=c1[nH]cnc2ncn([C@@H]3O[C@H](CO)[C@@H](O)[C@H]3O)c12,success,279,260,251.27,
512,Nc1nc2c(ncn2[C@@H]2O[C@H](COP(=O)(O)OP(=O)(O)OP(=O)(O)F)[C@@H](O)[C@H]2O)c(=O)[nH]1,success,86,70,102.61,
513,Nc1nc2c(nc(Cl)n2[C@@H]2O[C@H](CO)[C@@H](O)[C@H]2O)c(=O)[nH]1,success,338,319,316.35,
514,O=c1[nH]cnc2c1ncn2[C@@H]1O[C@H](COP(O)(O)=S)[C@@H](O)[C@H]1O,success,206,187,219.23,
515,[N-]=[N+]=NC1C[C@H](n2cnc3c(=O)[nH]c(N)nc32)O[C@@H]1CO,success,42,26,25.1,
516,Nc1nc2c(ncn2[C@H]2CC(F)[C@@H](CO)O2)c(=O)[nH]1,success,182,163,169.56,
517,O=c1[nH]cnc2c1ncn2[C@@H]1O[C@H](CO)CC1F,success,134,115,142.41,
518,Nc1nc2c(ncn2C2OC(CO)C(O)C2F)c(=O)[nH]1,success,288,269,251.33,
519,N[C@@H]1[C@H](O)[C@@H](CO)O[C@H]1n1cnc2c(=O)[nH]cnc21,success,314,295,279.24,
520,N[C@@H]1[C@H](O)[C@@H](CO)O[C@H]1n1cnc2c(=O)[nH]c(Cl)nc21,success,287,268,261.61,
521,Nc1nc2c(ncn2C2O[C@H](CO)[C@@H](O)[C@@H]2F)c(=O)[nH]1,success,287,268,287.81,
522,CO[C@@H]1[C@@H](COP(=O)(O)OP(=O)(O)OP(=O)(O)O)OC(n2cnc3c(=O)[nH]c(N)nc32)[C@@H]1O,success,58,40,73.19,
523,Cn1c[n+]([C@@H]2O[C@H](COP(=O)(O)OP(=O)(O)OP(=O)([O-])O)[C@@H](O)[C@H]2O)c2nc(N)[nH]c(=O)c21,success,72,56,108.63,
524,Cn1c[n+]([C@@H]2O[C@H](COP(=O)(O)OP(=O)([O-])O)[C@@H](O)[C@H]2O)c2nc(N)[nH]c(=O)c21,success,114,98,115.96,
525,Nc1nc2c(ncn2[C@@H]2O[C@H](CO)[C@@H](N)[C@H]2O)c(=O)[nH]1,success,354,335,282.52,
526,Nc1nc2c(ncn2[C@@H]2O[C@H](COP(=O)(O)OP(=O)(O)OP(=O)(O)O)[C@@H](O)[C@H]2O)c(=O)[nH]1.[Mg],success,42,26,46.96,
527,Nc1nc2c(nc([N+](=O)[O-])n2[C@@H]2O[C@H](CO)[C@@H](O)[C@H]2O)c(=O)[nH]1,success,247,228,214.5,
528,NC[C@H]1O[C@@H](n2cnc3c(=O)[nH]c(N)nc32)C[C@@H]1O,success,136,117,125.81,
529,C[C@@H](O)[C@H]1O[C@@H](n2cnc3nc(N)[nH]c(=O)c32)[C@H](O)[C@@H]1O,success,880,858,727.82,
530,Nc1nc2ncn([C@@H]3O[C@H](CO)[C@@H](O)[C@H]3O)c2c(=O)[nH]1,success,337,318,354.62,
531,Nc1nc2c(ncn2C2OC(COP(=O)([O-])OP(=O)([O-])NP(=O)([O-])[O-])C(O)C2O)c(=O)[nH]1.[Li+].[Li+].[Li+].[Li+],success,42,26,41.02,
532,CC(Nc1nc2c(ncn2[C@H]2C[C@H](O)[C@@H](CO)O2)c(=O)[nH]1)C(=O)O,success,4519,4498,9805.14,
533,Nc1nc2c(ncn2[C@@H]2O[C@H](CO)[C@@H](OP(=O)([O-])[O-])[C@H]2O)c(=O)[nH]1.[Na+].[Na+],success,42,26,41.39,
534,Nc1nc2c(ncn2[C@@H]2O[C@H](CO)C(O)C2F)c(=O)[nH]1,success,288,269,303.16,
535,O=c1[nH]cnc2c1ncn2[C@@H]1O[C@H](CCl)[C@@H](O)[C@H]1O,success,131,112,152.07,
536,O=c1[nH]c(F)nc2c1ncn2[C@@H]1O[C@H](CO)C(O)C1O,failed,284,265,254.3,min() arg is an empty sequence
537,CCOP(=O)(O)OP(=O)(O)OP(=O)(O)OC[C@H]1O[C@@H](n2cnc3c(=O)[nH]cnc32)[C@H](O)[C@@H]1O,success,80,63,86.2,
538,CCOP(=O)(O)OP(=O)(O)OP(=O)(O)OC[C@H]1O[C@@H](n2cnc3c(=O)[nH]c(N)nc32)[C@H](O)[C@@H]1O,success,84,67,101.28,
539,Nc1nc2c(ncn2[C@@H]2O[C@H](CO[N+](=O)[O-])[C@@H](O)[C@H]2O)c(=O)[nH]1,success,216,196,194.6,
540,O=c1[nH]c(F)nc2c1ncn2[C@H]1CC(O)[C@@H](CO)O1,success,214,195,201.11,
541,O=c1[nH]c(NC2O[C@H](CO)[C@@H](O)[C@@H]2O)nc2nc[nH]c12,success,352,333,326.16,
542,O=c1[nH]c(F)nc2c1ncn2[C@H]1C[C@H](O)[C@@H](CO)O1,success,213,194,214.62,
543,Nc1nc2c(ncn2[C@@H]2O[C@H](COP(=O)([O-])OP(=O)([O-])OP(=O)([O-])O)[C@@H](O)[C@H]2O)c(=O)[nH]1.[Na+].[Na+].[Na+],success,42,26,37.44,
544,CC(Nc1nc2c(ncn2[C@@H]2O[C@H](CO)[C@@H](O)[C@H]2O)c(=O)[nH]1)C(=O)O,success,3525,3504,5741.13,
545,Cc1nc2c(=O)[nH]c(N)nc2n1[C@H]1C[C@H](O)[C@@H](CO)O1,success,304,285,289.44,
546,Nc1nc2c(ncn2[C@@H]2O[C@H](COP(=O)(O)SP(=O)(O)O)[C@@H](O)[C@H]2O)c(=O)[nH]1,success,84,68,69.48,
547,Nc1nc2c(ncn2[C@]2(N)O[C@H](CO)[C@@H](O)[C@H]2O)c(=O)[nH]1,success,381,362,409.72,
548,O=c1[nH]cnc2c1ncn2[C@@H]1O[C@H](CF)C(O)C1O,success,133,114,127.52,
549,O=c1[nH]c(C=CF)nc2c1ncn2[C@@H]1O[C@H](CO)[C@@H](O)[C@H]1O,success,312,293,300.02,
550,CO[C@H]1[C@@H](O)[C@H](n2cnc3c(=O)[nH]cnc32)O[C@@H]1CO,success,253,234,266.99,
551,Nc1nc2c(nc(I)n2[C@H]2C[C@H](O)[C@@H](CO)O2)c(=O)[nH]1,failed,260,241,229.52,min() arg is an empty sequence
552,O=c1[nH]c(NF)nc2c1ncn2[C@@H]1O[C@H](CO)[C@@H](O)[C@@H]1O,success,335,316,283.19,
553,Nc1nc2c(nc(C(F)(F)F)n2[C@@H]2O[C@H](CO)[C@@H](O)[C@H]2O)c(=O)[nH]1,success,338,319,374.31,
554,NC(=O)c1ncn([C@@H]2O[C@H](CO)[C@@H](O)[C@@H]2O)c1N,success,985,966,779.82,
555,CN(C)c1[nH]c(=O)c2c([nH+]1)[n+]([C@@H]1O[C@H](COP(=O)([O-])OP(=O)([O-])[O-])[C@@H](O)[C@H]1O)cn2C,success,121,104,116.36,
556,O=c1[nH]c(=O)c2ncn([C@@H]3O[C@H](CO[P+](O)(O)O)[C@@H](O)[C@H]3O)c2[nH]1,success,70,54,82.2,
557,NC1NC(=O)c2ncn([C@@H]3O[C@H](CO[P+](O)(O)O[P+](O)(O)O[P+](O)(O)O)[C@@H](O)[C@H]3O)c2N1,success,42,26,36.53,
558,Nc1nc2c(ncn2[C@@H]2O[C@H](CO)[C@@H](O[P+](=O)O)[C@H]2O)c(=O)[nH]1,success,275,256,265.1,
559,CCCCCCC#Cc1nc2c(ncn2C2OC(CO)C(O)C2O)c(=O)[nH]1,success,42,26,36.43,
560,Nc1nc2c([nH]c[n+]2[C@@H]2O[C@H](CO[P+](O)(O)O[P+](O)(O)O)[C@@H](O)[C@H]2O)c(=O)[nH]1,success,87,71,79.01,
561,Nc1nc2c([nH]c[n+]2[C@@H]2O[C@H](CO[P+](O)(O)O[P+](O)(O)O[P+](O)(O)O)[C@@H](O)[C@H]2O)c(=O)[nH]1,success,42,26,42.93,
562,Nc1nc2c([nH]c[n+]2[C@@H]2O[C@@H]3CO[P+](O)(O)O[C@H]3[C@H]2O)c(=O)[nH]1,success,111,92,120.84,
563,Nc1nc2c([nH]c[n+]2[C@@H]2O[C@H](CO[P+](O)(O)O[P+](O)(O)C[P+](O)(O)O)[C@@H](O)[C@H]2O)c(=O)[nH]1,success,42,26,55.3,
564,CC(=O)CC1NC(=O)c2ncn([C@@H]3O[C@H](CO)[C@@H](O)[C@H]3O)c2N1,success,4706,4684,4559.13,
565,CC(O)CC1NC(=O)c2ncn([C@@H]3O[C@H](CO)[C@@H](O)[C@H]3O)c2N1,success,2836,2814,1798.16,
566,C=CC1NC(=O)c2ncn([C@@H]3O[C@H](CO)[C@@H](O)[C@H]3O)c2N1,success,313,294,327.66,
567,O=C1NC(C(O)CO)Nc2c1ncn2[C@@H]1O[C@H](CO)[C@@H](O)[C@H]1O,success,1823,1802,1324.28,
568,O=C1NC(CCO)Nc2c1ncn2[C@@H]1O[C@H](CO)[C@@H](O)[C@H]1O,success,1702,1681,1183.55,
569,O=CC1NC(=O)c2ncn([C@@H]3O[C@H](CO)[C@@H](O)[C@H]3O)c2N1,success,783,764,584.32,
570,O=C1NC(I)Nc2c1ncn2[C@@H]1O[C@H](CO)[C@@H](O)[C@H]1O,success,286,267,265.65,
571,CCC(O)C(C)C1NC(=O)c2ncn([C@@H]3O[C@H](CO)[C@@H](O)[C@H]3O)c2N1,success,2010,1989,1474.84,
572,O=c1nc[nH]c(=O)c2c1ncn2[C@H]1O[C@@H](CO)[C@H](O)[C@@H]1O,success,243,224,163.98,
573,NC(=O)c1ncn([C@@H]2O[C@H](CO)[C@@H](O)[C@H]2O)c1I,success,846,827,679.23,
574,C/C=C/C1NC(=O)c2ncn([C@@H]3O[C@H](CO)[C@@H](O)[C@H]3O)c2N1,success,1182,1159,843.69,
575,C#Cc1nc2c(ncn2[C@@H]2O[C@H](CO)[C@@H](O)[C@H]2O)c(=O)[nH]1,success,294,275,257.9,
576,O=c1[nH]c(C2CC2)nc2c1ncn2[C@@H]1O[C@H](CO)[C@@H](O)[C@H]1O,success,270,251,281.45,
577,O=c1[nH]cnc2c1ncn2[C@@H]1C[C@H](O)[C@@H](O)[C@H]1O,success,248,229,203.96,
578,CO[C@H](CO)[C@@H](O)CCn1cnc2c(=O)[nH]c(N)nc21,success,3954,3933,2332.52,
579,O=c1[nH]c(C#CCO)nc2c1ncn2[C@@H]1O[C@H](CO)[C@@H](O)[C@H]1O,success,918,897,751.24,
580,NC(=O)P(=O)(O)OC[C@H]1O[C@@H](n2cnc3c(=O)[nH]c(N)nc32)[C@H](O)[C@@H]1O,success,374,356,666.4,
581,Nc1nc2c(ncn2[C@@H]2C[C@H](O)[C@@H](O)[C@H]2O)c(=O)[nH]1,success,314,295,247.49,
582,Nc1nc2c(ncn2[C@H]2C[C@@H](O)[C@H](O)[C@@H]2O)c(=O)[nH]1,success,314,295,297.41,
583,[N-]=[N+]=N[C@@H]1C[C@@H](n2cnc3c(=O)[nH]c(N)nc32)O[C@H]1CO,success,42,26,24.89,
584,NC(=O)c1nc(F)c[nH]c1=O.Nc1nc2c(ncn2[C@@H]2O[C@H](CO)[C@@H](O)[C@H]2O)c(=O)[nH]1,success,42,26,45.48,
585,NC(=O)c1nc(F)c[nH]c1=O.O=c1[nH]cnc2c1ncn2[C@@H]1O[C@H](CO)[C@@H](O)[C@H]1O,success,42,26,57.87,
586,NC(=O)c1nc(F)c[nH]c1=O.Nc1nc2c(ncn2[C@H]2C[C@H](O)[C@@H](CO)O2)c(=O)[nH]1,success,42,26,57.38,
587,O=c1[nH]c(Br)nc2c1ncn2[C@H]1CC[C@@H](CO)O1,failed,123,104,158.4,min() arg is an empty sequence
588,O=C(O)P(=O)(O)O.O=c1[nH]cnc2c1ncn2[C@H]1CC[C@@H](CO)O1,success,204,188,251.04,
589,O=c1[nH]cnc2c1ncn2C1OC(COP(=O)(O)O)C(O)C1O.[Na+],success,42,26,32.54,
590,Nc1nc2c(nc(Br)n2C2CC(O)C(CO)O2)c(=O)[nH]1,failed,261,242,232.87,min() arg is an empty sequence
591,O=c1[nH]cnc2c1ncn2C1CC[C@@H](CO)O1,success,134,115,150.46,
592,Nc1nc2c(ncn2[C@@H]2O[C@H](CO)C(O)C2O)c(=O)[nH]1,success,363,344,301.4,
593,C[C@@H]1[C@H](O)[C@@H](CO)O[C@H]1n1cnc2c(=O)[nH]c(N)nc21,success,332,313,267.67,
594,CC1(O)Nc2nc3c(ncn3[C@@H]3O[C@H](CO)[C@@H](O)[C@H]3O)c(=O)n2C1O,success,408,389,329.87,
595,O=c1c2ncn([C@@H]3O[C@H](CO)[C@@H](O)[C@H]3O)c2ncn1O,failed,290,271,190.34,min() arg is an empty sequence
596,Cn1c(N)nc2c(ncn2[C@H]2C[C@H](O)[C@@H](CO)O2)c1=O,success,326,307,300.78,
597,CCn1c(N)nc2c(ncn2[C@H]2C[C@H](O)[C@@H](CO)O2)c1=O,success,1011,990,842.01,
598,Nc1nc2c(ncn2[C@@H]2O[C@H](COP(=O)([O-])[O-])[C@@H](O)[C@H]2O)c(=O)[nH]1.O.[Na+].[Na+],success,42,26,50.34,
599,C=Cc1nc2c(ncn2[C@@H]2O[C@H](CO)[C@@H](O)[C@H]2O)c(=O)[nH]1,success,312,293,267.94,
600,O=c1[nH]cnc2c1ncn2[C@H]1O[C@@H](CO)[C@H](O)[C@@H]1O,success,300,281,269.05,
601,Nc1nc2c(ncn2[C@@H]2O[C@H](CO)[C@@H](O)[C@H]2O)c(=O)[nH]1.O,success,42,26,35.02,
602,Nc1nc2c(ncn2[C@H]2C[C@H](O)[C@@H](COP(=O)([O-])[O-])O2)c(=O)[nH]1.[Na+].[Na+],success,42,26,51.77,
603,Nc1nc2c(ncn2C2O[C@@H](CO)[C@H](O)[C@@H]2O)c(=O)[nH]1,success,361,342,293.32,
604,CNc1nc2c(ncn2[C@H]2C[C@H](O)[C@@H](CO)O2)c(=O)[nH]1,success,343,324,343.46,
605,O=C(O)CCNc1nc2c(ncn2[C@H]2C[C@H](O)[C@@H](CO)O2)c(=O)[nH]1,success,4821,4801,11901.42,
606,Nc1nc2c(ncn2[C@@H]2O[C@H](COP(=O)(O)OP(O)(=S)OP(=O)(O)O)[C@@H](O)[C@H]2O)c(=O)[nH]1,success,85,69,160.23,
607,Nc1nc2c(nc(Cl)n2C2OC(CO)C(O)C2O)c(=O)[nH]1,success,340,321,322.2,
608,Cn1c(=O)c2c(nc(N)n2C2OC(CO)C(O)C2O)n(C)c1=O,success,332,313,269.98,
609,CCCC(=O)NS(=O)(=O)OC[C@H]1O[C@@H](n2cnc3c(=O)[nH]c(N)nc32)[C@H](O)[C@@H]1O,success,1545,1523,2861.34,
610,COc1nc2c(nc(N)n2C2OC(CO)C(O)C(O)C2O)c(=O)n1C,success,665,646,554.61,
611,COc1nc2c(nc(N)n2C2OCC(O)C(O)C2O)c(=O)n1C,success,305,286,220.79,
612,Nc1nc2c(nc(N)n2[C@@H]2O[C@H](CO)[C@@H](O)[C@H]2F)c(=O)[nH]1,success,320,301,302.3,
613,Nc1nc2c(=O)[nH]cnc2n1[C@@H]1O[C@H](CO)[C@@H](O)[C@H]1F,failed,287,268,251.21,min() arg is an empty sequence
614,Nc1nc2c(=O)[nH]c(Cl)nc2n1[C@@H]1O[C@H](CO)[C@@H](O)[C@H]1F,success,260,241,250.6,
615,COc1nc2c(nc(N)n2[C@@H]2O[C@H](CO)[C@@H](O)[C@H]2F)c(=O)[nH]1,success,344,325,288.7,
616,CCOc1nc2c(nc(N)n2[C@@H]2O[C@H](CO)[C@@H](O)[C@H]2F)c(=O)[nH]1,success,1025,1003,757.7,
617,CCCOc1nc2c(nc(N)n2[C@@H]2O[C@H](CO)[C@@H](O)[C@H]2F)c(=O)[nH]1,success,1640,1617,1378.46,
618,O=c1[nH]cnc2c1ncn2C1CC(O)C(CO)(C(F)(F)F)O1,success,225,206,244.82,
619,Nc1nc2c(ncn2C2OC(CO)(C(F)(F)F)C(O)C2O)c(=O)[nH]1,success,340,321,360.9,
620,O=c1[nH]cnc2c1ncn2[C@H]1C[C@H](O)[C@](CO)(C(F)(F)F)O1,success,250,231,228.09,
621,O=c1[nH]c(F)nc2c1ncn2[C@H]1O[C@@H](CO)[C@H](O)[C@@H]1O,success,282,263,330.72,
622,Nc1nc2c(ncn2[C@H]2C[C@H](O)[C@](CO)(C(F)(F)F)O2)c(=O)[nH]1,success,302,283,312.17,
623,O=c1[nH]cnc2c1nc(N1CCCCC1)n2[C@@H]1O[C@H](CO)[C@@H](O)[C@H]1O,success,118,102,139.36,
624,NC(=O)c1ncn(C2OC3COP(=O)(O)OC3C2O)c1N,success,405,386,460.89,
625,Nc1nc2ncn(C3OC(CO)C(O)C3O)c2c(=O)[nH]1,success,339,320,276.47,
626,O=c1[nH]cnc2c1ncn2C1OC(CF)C(O)C1O,success,133,114,125.18,
627,NC[C@H]1O[C@@H](n2cnc3c(=O)[nH]c(N)nc32)[C@@H](O)[C@@H]1O,success,215,196,189.18,
628,CC(O)C1OC(n2cnc3c(=O)[nH]c(N)nc32)C(O)C1O,success,1006,984,751.3,
629,C[C@@]1(O)[C@H](F)[C@@H](CO)O[C@H]1n1cnc2c(=O)[nH]c(N)nc21,success,309,290,287.05,
630,NC(=O)c1ncn(C2OC(CO)C(O)C2O)c1F,success,848,829,667.98,
631,O=c1[nH]cnc2c1ncn2C1OC2COP(=O)(O)OC2C1O,success,90,71,80.77,
632,Nc1nc2c(c(=O)[nH]1)[n+]([O-])cn2[C@@H]1O[C@H](CO)[C@@H](O)[C@H]1O,success,301,282,219.95,
633,Nc1nc2c(ncn2[C@@H]2O[C@H](COP(=O)(O)O)[C@@H](OP(=O)(O)OP(=O)(O)O)[C@H]2O)c(=O)[nH]1,success,57,41,84.21,
634,Nc1nc2c(nc(NCCCN3CCOCC3)n2[C@H]2O[C@@H](CO)[C@H](O)[C@@H]2O)c(=O)[nH]1,success,122,104,60.82,
635,Nc1nc2c(ncn2[C@H]2CC[C@H](CO)O2)c(=O)[nH]1,success,182,163,178.87,
636,Nc1nc2c(ncn2C2CO[C@H](CO)[C@H]2O)c(=O)[nH]1,success,287,268,336.68,
637,Nc1nc2c(ncn2[C@@H]2O[C@@H](CO)[C@H](O)[C@H]2O)c(=O)[nH]1,success,361,342,325.0,
638,Nc1nc2c(ncn2[C@H]2C[C@@H](O)[C@H](CO)O2)c(=O)[nH]1,failed,287,268,249.07,min() arg is an empty sequence
639,C[C@]1(CO)O[C@@H](n2cnc3c(=O)[nH]c(N)nc32)C[C@@H]1O,success,375,356,270.18,
640,Cn1c(N)nc2c(ncn2C2CC(O)C(CO)O2)c1=O,success,328,309,289.73,
641,Cn1c[n+](C2OC(CO)C(O)C2O)c2nc(N)[nH]c(=O)c21,success,422,403,334.82,
642,Nc1nc2c(ncn2[C@H]2O[C@@H](CO)[C@H](O)[C@@H]2O)c(=O)[nH]1,success,361,342,304.75,
643,Nc1nc2c(ncn2[C@@H]2OC(COP(=O)([O-])OP(=O)([O-])O)[C@@H](O)[C@H]2O)c(=O)[nH]1.[Na+].[Na+],success,42,26,38.94,
644,Nc1nc2c(ncn2C2CC(O)C(COP(=O)([O-])[O-])O2)c(=O)[nH]1.[Na+].[Na+],success,42,26,32.54,
645,Nc1nc2c(ncn2[C@@H]2O[C@H](COP(=O)(O)OP(=O)(O)O)[C@@H](O)[C@H]2O)c(=O)[nH]1.[Na].[Na],success,42,26,56.79,
646,O=c1[nH]cnc2c1n1c[n+]2[C@@H]2O[C@@H](COP(=O)(O)OP(=O)([O-])OC[C@@H]3O[C@@H]1[C@H](O)[C@@H]3O)[C@@H](O)[C@H]2O,success,42,26,43.47,
647,Nc1nc2c(ncn2[C@H]2C[C@H](OP(=O)(O)O)[C@@H](CO)O2)c(=O)[nH]1.[Na],success,42,26,43.76,
648,O.O=c1[nH]cnc2c1ncn2[C@@H]1O[C@@H](COP(=O)([O-])[O-])[C@@H](O)[C@H]1O.[Na+].[Na+],success,42,26,34.23,
649,Nc1nc2c(ncn2[C@@H]2O[C@H](COP(=O)(O)OP(=O)(O)O)[C@@H](O)[C@H]2O)c(=O)[nH]1.[Na+].[Na+],success,42,26,43.35,
650,O.O=c1[nH]cnc2c1ncn2[C@@H]1O[C@H](COP(=O)([O-])[O-])C(O)[C@@H]1O.[Na+].[Na+],success,42,26,34.0,
651,O=C([O-])[C@H]1O[C@@H](n2cnc3c(=O)[nH]cnc32)[C@H](O)[C@@H]1O,success,350,331,386.41,
652,NC(=O)c1ncn([C@@H]2O[C@H](COP(=O)(O)O)[C@@H](O)[C@H]2O)c1NCNCC(O)[C@H](O)[C@H](O)COP(=O)(O)O,success,342,325,238.17,
653,O=c1[nH]c(=O)c2ncn([C@H]3O[C@H](CO)[C@@H](O)[C@H]3O)c2[nH]1,success,243,224,231.34,
654,Nc1nc2c(ncn2[C@@H]2O[C@H](COP(=O)(O)OP(=O)(O)OC[C@H]3OC[C@H](O)[C@@H]3O)[C@H](O)[C@H]2O)c(=O)[nH]1,success,82,66,95.3,
655,Nc1nc2c(ncn2[C@@H]2O[C@H](COP(=O)(O)OP(=O)(O)OC[C@H]3OC[C@H](O)[C@@H]3O)[C@@H](O)[C@H]2O)c(=O)[nH]1,success,82,66,123.49,
656,CC(=O)NCCOP(=O)(O)OP(=O)(O)OC[C@H]1O[C@@H](n2cnc3c(=O)[nH]c(N)nc32)[C@H](O)[C@@H]1O,success,199,182,198.78,
657,CCNP(=O)(O)OC[C@H]1O[C@@H](n2cnc3c(=O)[nH]c(N)nc32)[C@H](O)[C@@H]1O,success,773,752,1163.35,
658,Nc1nc2c(ncn2[C@@H]2O[C@@H](COP(=O)(O)OP(=O)(O)NP(=O)(O)O)[C@@H](O)[C@@H]2O)c(=O)[nH]1,success,84,68,103.71,
659,Nc1nc2c(ncn2[C@@H]2O[C@H](COP(=O)(O)O)[C@@H](O)[C@@H]2O)c(=O)[nH]1,success,134,116,214.17,
660,CCNc1nc2c(ncn2[C@H]2C[C@H](O)[C@@H](COP(=O)(O)O)O2)c(=O)[nH]1,success,642,621,930.27,
661,CCC(=O)NCCCNc1nc2c(ncn2[C@@H]2O[C@H](COP(=O)(O)OP(=O)(O)O)[C@@H](O)[C@H]2O)c(=O)[nH]1,success,42,26,52.36,
662,CCC(=O)NCCCNc1nc2c(ncn2[C@@H]2O[C@H](COP(=O)(O)OP(=O)(O)OP(=O)(O)O)[C@@H](O)[C@H]2O)c(=O)[nH]1,success,42,26,55.98,
663,CCC(=O)NCCCNc1nc2c(ncn2[C@@H]2O[C@H](COP(=O)(O)OP(=O)(O)NP(=O)(O)O)[C@@H](O)[C@H]2O)c(=O)[nH]1,success,42,26,58.69,
664,CCNC(=O)OC[C@H]1O[C@@H](n2cnc3c(=O)[nH]c(N)nc32)[C@H](O)[C@@H]1O,success,1576,1555,1734.89,
665,Nc1nc2c(ncn2[C@H]2O[C@H](COP(=O)(O)OP(O)(O)=S)[C@H](O)[C@@H]2O)c(=O)[nH]1,success,103,87,112.43,
666,CN(C)c1nc2c(c(=O)[nH]1)n(C)c[n+]2[C@@H]1O[C@H](COP(=O)(O)OP(=O)(O)O)[C@@H](O)[C@H]1O,success,79,62,80.49,
667,Nc1nc2c(ncn2[C@@H]2C[C@@H](O)[C@H](COP(=O)(O)O)O2)c(=O)[nH]1,failed,182,163,265.8,min() arg is an empty sequence
668,Nc1nc2c(ncn2[C@@H]2O[C@H](COP(=O)(O)O)[C@@H](O)[C@@H]2F)c(=O)[nH]1,success,182,163,218.28,
669,Cn1c(N)nc2c(ncn2[C@H]2C[C@H](O)[C@@H](COP(=O)(O)O)O2)c1=O,success,203,184,226.14,
670,CP(=O)(O)OC[C@H]1O[C@@H](n2cnc3c(=O)[nH]c(N)nc32)[C@H](O)[C@@H]1O,success,284,265,316.03,
671,Nc1nc2c(ncn2[C@H]2C[C@H](O)[C@@H](COP(O)(O)=S)O2)c(=O)[nH]1,success,221,202,251.42,
672,Nc1nc2c(ncn2[C@H]2C[C@H](O)[C@@H](CO[P+](=O)O)O2)c(=O)[nH]1,success,242,223,406.53,
673,Nc1nc2c(ncn2[C@@H]2O[C@H](COP(=O)(O)OP(=O)(O)O)[C@H](O)[C@H]2O)c(=O)[nH]1,success,73,57,79.36,
674,Nc1nc2c(ncn2[C@@H]2OC[C@@H](O)[C@H]2O)c(=O)[nH]1,success,174,155,178.27,
675,COCCO[C@@H]1[C@H](O)[C@@H](COP(=O)(O)O)O[C@H]1n1cnc2c(=O)[nH]c(N)nc21,success,180,162,110.06,
676,Nc1nc2c(ncn2[C@@H]2OC3COP(=O)(O)O[C@H]3[C@H]2O)c(=O)[nH]1,failed,124,105,114.82,min() arg is an empty sequence
677,CNc1nc2c(ncn2[C@H]2C[C@H](O)[C@@H](COP(=O)(O)O)O2)c(=O)[nH]1,success,215,196,261.28,
678,CN(C)c1nc2c(ncn2[C@H]2C[C@H](O)[C@@H](COP(=O)(O)O)O2)c(=O)[nH]1,success,159,140,228.2,
679,CO[C@@H]1[C@H](O)[C@@H](CO)O[C@H]1n1cnc2c(=O)[nH]c(=O)[nH]c21,success,213,194,202.57,
680,COCCO[C@@H]1[C@H](O)[C@@H](COP(O)(O)=S)O[C@H]1n1cnc2c(=O)[nH]c(N)nc21,success,383,365,390.43,
681,Nc1nc2c(ncn2C2OC(COP(=O)([O-])OP(=O)([O-])O)C(OP(=O)([O-])OP(=O)([O-])[O-])C2O)c(=O)[nH]1,success,42,26,56.09,
682,Nc1nc2c(ncn2C2OC(COP(=O)([O-])OP(=O)([O-])OP(=O)([O-])[O-])C(OP(=O)([O-])OP(=O)([O-])O)C2O)c(=O)[nH]1,success,42,26,39.83,
683,O=c1c2ncn([C@@H]3O[C@H](CO)[C@@H](O)[C@H]3O)c2nc2n1C(O)C(O)N2,success,478,459,303.26,
684,O=c1ncn([C@@H]2O[C@H](CO)[C@@H](O)[C@H]2O)c2nc[nH]c12,success,279,260,309.9,
685,[N-]=[N+]=Nc1nc2c(=O)[nH]cnc2n1[C@@H]1O[C@H](COP(=O)(O)O)[C@@H](O)[C@H]1O,success,42,26,43.46,
686,[3H]c1nc2c(=O)[nH]c(N)nc2n1[C@@H]1O[C@H](COP(=O)(O)OP(=O)(O)O)[C@@H](O)[C@H]1O,success,72,56,76.17,
687,C[C@@H](O)[C@H]1O[C@@H](n2cnc3c(=O)[nH]cnc32)[C@H](O)[C@@H]1O,success,893,871,686.4,
688,C[C@H](Nc1nc2c(ncn2[C@H]2C[C@H](O)[C@@H](CO)O2)c(=O)[nH]1)C(=O)O,success,4403,4382,9380.93,
689,Cn1c[n+]([C@@H]2C[C@H](O)[C@@H](CO)O2)c2nc(N)[nH]c(=O)c21,success,369,349,303.56,
690,O=c1[nH]cnc2c1ncn2[C@@H]1O[C@H](COP(=O)(O)O)[C@@H](OS(=O)(=O)O)[C@H]1O,success,63,47,57.04,
691,Nc1nc2c(ncn2[C@@H]2OC3COP(=O)(O)OC3[C@@H]2O)c(=O)[nH]1,success,124,105,117.64,
692,NCCCCCCNc1nc2c(=O)[nH]cnc2n1[C@@H]1O[C@H](COP(=O)(O)O)[C@@H](O)[C@H]1O,success,186,168,82.76,
693,O=c1[nH]cnc2c1ncn2[C@@H]1O[C@H](COP(=O)(O)O)[C@@H](O)[C@H]1F,success,140,121,224.47,
694,Nc1nc2c(nc(N)n2[C@@H]2O[C@H](CI)[C@@H](O)[C@H]2O)c(=O)[nH]1,success,220,201,184.14,
695,Nc1nc2c(c(=O)[nH]1)n(CCF)c[n+]2[C@@H]1O[C@H](CO)[C@@H](O)[C@H]1[O-],success,982,963,700.71,
696,Nc1nc2c(c(=O)[nH]1)n(CC(O)CO)c[n+]2[C@H]1C[C@H](O)[C@@H](CO)O1,success,3146,3125,2450.38,
697,Nc1nc2c(c(=O)[nH]1)n(CC(O)C(Cl)(Cl)Cl)c[n+]2[C@H]1C[C@H](O)[C@@H](CO)O1,success,2398,2377,1953.68,
698,Nc1nc2c(c(=O)[nH]1)n(CC(O)CCl)c[n+]2[C@H]1C[C@H](O)[C@@H](CO)O1,success,3015,2994,2179.93,
699,C[C@H](O)[C@@H]1O[C@H](n2cnc3nc[nH]c(=O)c32)[C@H](O)[C@@H]1O,success,850,828,607.81,
700,C[C@H](O)[C@@H]1O[C@H](n2cnc3c(=O)[nH]cnc32)[C@H](O)[C@@H]1O,success,893,871,620.34,
701,Nc1nc2c(ncn2C2O[C@H](CO)[C@@H](O)[C@@H]2N)c(=O)[nH]1,success,353,334,325.1,
702,Nc1nc2c(c(=O)[nH]1)n(CCCCO)c[n+]2[C@@H]1O[C@H](CO)[C@@H](O)[C@H]1O,success,2157,2136,1600.65,
703,Nc1nc2ncn(CCCCn3c[n+]([C@@H]4O[C@H](CO)[C@@H](O)[C@H]4O)c4nc(N)[nH]c(=O)c43)c2c(=O)[nH]1,success,42,26,29.34,
704,C[C@@H](O)[C@H]1O[C@@H](n2cnc3nc[nH]c(=O)c32)[C@H](O)[C@@H]1O,success,850,828,717.96,
705,C[N+](C)(C)C.C[N+](C)(C)C.Nc1nc2c(ncn2[C@@H]2O[C@H](COP(=O)([O-])[O-])[C@@H](O)[C@H]2O)c(=O)[nH]1,success,42,26,35.99,
706,CC=Nc1nc2c(ncn2[C@H]2C[C@H](O)[C@@H](CO)O2)c(=O)[nH]1,success,879,858,629.8,
707,Nc1nc2c(ncn2[C@@H]2O[C@H](COP(=O)([O-])OP(=O)([O-])OP(=O)(O)O)[C@@H](O)[C@H]2O)c(=O)[nH]1.[Li+].[Li+],success,42,26,54.88,
708,Nc1nc2c(ncn2[C@@H]2O[C@H](CO)[C@@H](OP(=O)([O-])O)[C@H]2O)c(=O)[nH]1.[Na+],success,42,26,32.62,
709,C[C@@H](Nc1nc2c(ncn2[C@@H]2O[C@H](CO)[C@@H](O)[C@H]2O)c(=O)[nH]1)C(=O)O,success,3360,3339,5126.4,
710,C[C@H](Nc1nc2c(ncn2[C@@H]2O[C@H](CO)[C@@H](O)[C@H]2O)c(=O)[nH]1)C(=O)O,success,3360,3339,5121.64,
711,O=c1[nH]cnc2c1ncn2[C@@H]1O[C@H](CO)[C@@H](OP(=O)([O-])[O-])[C@H]1O.[Na+].[Na+],success,42,26,32.89,
712,CN[C@@H]1[C@H](O)[C@@H](CO)O[C@H]1n1cnc2c(=O)[nH]c(N)nc21,success,433,414,402.44,
713,Nc1nc2c(nc(Cl)n2[C@@H]2O[C@H](CO)[C@@H](O)[C@H]2O)c(=O)[nH]1.O.O,success,42,26,36.19,
714,Nc1nc2c(ncn2[C@@H]2O[C@H](COP(=O)([O-])OP(=O)([O-])NP(=O)([O-])[O-])[C@@H](O)[C@H]2O)c(=O)[nH]1.[H+].[Na+].[Na+].[Na+],success,42,26,36.59,
715,Nc1nc2c(ncn2[C@H]2C[C@H](O)[C@@H](COP(=O)(O)O)O2)c(=O)[nH]1.[Na],success,42,26,50.32,
716,O=c1[nH]c(C=CF)nc2c1ncn2[C@@H]1O[C@H](CO)C(O)C1O,success,314,295,278.53,
717,Nc1nc2c(ncn2[C@@H]2O[C@H](CF)C(O)C2O)c(=O)[nH]1,success,184,165,148.49,
718,Nc1nc2c(nc(C#CCNC(=O)C(F)(F)F)n2[C@@H]2O[C@H](CO)C(O)C2O)c(=O)[nH]1,success,927,911,1342.48,
719,Nc1nc2c(ncn2C2O[C@@H](CO)[C@H](O)[C@H]2F)c(=O)[nH]1,success,287,268,279.88,
720,O=c1[nH]c(C(F)(F)F)nc2c1ncn2[C@@H]1O[C@H](CO)[C@@H](O)[C@H]1O,success,282,263,255.92,
721,O=c1[nH]c(C(F)F)nc2c1ncn2[C@@H]1O[C@H](CO)[C@@H](O)[C@H]1O,success,300,281,280.32,
722,Nc1nc2c(ncn2C2OC(CO)C(O)C2OF)c(=O)[nH]1,success,253,234,216.74,
723,O=c1[nH]c(C#CCF)nc2c1ncn2[C@@H]1O[C@H](CO)C(O)C1O,success,727,708,570.33,
724,Nc1nc2c(ncn2C[C@H]2O[C@@H](O)[C@H](O)[C@@H]2O)c(=O)[nH]1,success,256,237,242.01,
725,Nc1nc2c(ncn2[C@@H]2O[C@H](CO)[C@@H](O)[C@H]2OP(=O)(O)O)c(=O)[nH]1.[Na],success,42,26,50.45,
726,Nc1nc2c(ncn2[C@@H]2O[C@H](CO)[C@@H](OP(=O)(O)O)[C@H]2O)c(=O)[nH]1.[Na],success,42,26,38.84,
727,NC(=O)c1c(N)ncn1C1COC(CO)C1O,success,752,733,602.42,
728,NC(=O)c1ncn([C@@H]2OC[C@@H](O)[C@@H](O)[C@H]2O)c1N,success,817,798,689.41,
729,NNC(=O)c1ncn([C@@H]2O[C@H](CO)[C@@H](O)[C@H]2O)c1N,failed,1032,1013,806.82,min() arg is an empty sequence
730,CN1CCN(c2nc3c(=O)[nH]cnc3n2C2OC(CO)C(O)C2O)CC1,success,119,103,163.05,
731,CC(C)(C)C(=O)OC[C@H]1O[C@@H](n2cnc3c(=O)[nH]cnc32)C[C@@H]1O,success,1074,1056,1280.48,
732,CC(=O)OCC1OC(n2cnc3c(=O)[nH]cnc32)CC1OC(C)=O,success,1819,1796,2308.49,
733,O=c1[nH]cnc2c1ncn2C1OC(COP(=O)([O-])[O-])C(O)C1O,success,177,159,284.37,
734,CN[C@@H](CO)C(=O)NC[C@H]1O[C@@H](n2cnc3c(=O)[nH]c(N)nc32)[C@H](O)[C@@H]1O,success,435,417,215.87,
735,CC(C)[C@@H](N)C(=O)NC[C@H]1O[C@@H](n2cnc3c(=O)[nH]c(N)nc32)[C@H](O)[C@@H]1O,success,485,468,300.21,
736,Nc1nc2c(ncn2C2CC(O)C(COP(=O)([O-])[O-])O2)c(=O)[nH]1,success,208,189,278.63,
737,[N-]=[N+]=NC[C@@]1(O)[C@@H](CO)O[C@@H](n2cnc3c(=O)[nH]cnc32)[C@@H]1O,failed,75,58,46.48,min() arg is an empty sequence
738,[N-]=[N+]=N[C@H]1[C@H](O)[C@@H](CO)O[C@H]1n1cnc2c(=O)[nH]cnc21,success,42,26,27.93,
739,Nc1nc2c(ncn2[C@@H]2O[C@H](CO)[C@H](OCP(=O)(O)O)[C@H]2O)c(=O)[nH]1,success,134,116,157.48,
740,O=c1[nH]cnc2c1ncn2[C@@H]1O[C@H](CO)[C@H](OCP(=O)(O)O)[C@H]1O,success,119,101,171.3,
741,O=Cc1nc2c(ncn2[C@@H]2O[C@H](CO)[C@@H](O)[C@H]2O)c(=O)[nH]1,success,654,635,513.67,
742,Nc1nc2c(ncn2[C@@H]2O[C@H](CO)[C@@H](O)[C@H]2O)c(=O)[15nH]1,success,361,342,361.04,
743,O=c1c2ncn([C@H]3C[C@H](O)[C@@H](CO)O3)c2nc2n1CCC(O)N2,success,361,342,374.28,
744,O=c1c2ncn([C@H]3C[C@H](O)[C@@H](CO)O3)c2nc2n1C(O)CCN2,success,361,342,327.48,
745,O=c1[nH]cnc2ncn([C@H]3C[C@H](O)[C@@H](CO)O3)c12,success,234,215,245.25,
746,Cn1c(=O)[nH]c2c(ncn2[C@@H]2O[C@H](CO)[C@@H](O)[C@H]2O)c1=O,success,256,237,267.49,
747,O=c1[nH]c(=S)[nH]c2c1ncn2[C@@H]1O[C@H](CO)[C@@H](O)[C@H]1O,success,286,267,286.97,
748,Nc1nc2c(ncn2[C@@H]2O[C@H](CO)[C@@H](O)[C@H]2O)c(=O)n1N,success,374,355,373.8,
749,CO[C@@H]1[C@H](O)[C@@H](CO)O[C@H]1n1cnc2c(=O)n(C)cnc21,success,260,241,264.89,
750,Cn1c(N)nc(=O)c2ncn([C@@H]3O[C@H](CO)[C@@H](O)[C@H]3O)c21,success,380,361,334.9,
751,Cn1c(=O)[nH]c(=O)c2ncn([C@@H]3O[C@H](CO)[C@@H](O)[C@H]3O)c21,success,256,237,261.24,
752,O.O=c1[nH]c(=O)c2ncn(C3OC(CO)C(O)C3O)c2[nH]1,success,42,26,28.86,
753,Cn1c(N)nc(=O)c2ncn([C@H]3C[C@H](O)[C@@H](CO)O3)c21,success,326,307,323.35,
754,CN1CNc2c(ncn2[C@@H]2O[C@H](CO)[C@@H](O)[C@H]2O)C1=O,success,301,282,257.11,
755,NC(=O)c1ncn([C@@H]2O[C@H](CO)C(O)[C@@H]2O)c1N,success,987,968,844.7,
756,NC(=O)c1ncn(C2O[C@H](COP(=O)(O)O)[C@@H](O)[C@H]2O)c1N,success,545,527,644.25,
757,Nc1nc2nc[nH]c2c(=O)n1[C@@H]1O[C@H](CO)[C@@H](O)[C@@H]1O,success,356,337,286.5,
758,O=C1NC2N=CCN2c2c1ncn2[C@H]1C[C@H](O)[C@@H](CO)O1,success,276,257,282.59,
759,NC(=O)c1ncn([C@@H]2O[C@H](CO)[C@@H](O)[C@H]2O)c1NC(N)=S,success,1100,1081,1025.54,
760,NC1NC(=O)c2ncn([C@@H]3O[C@H](CO)[C@@H](O)[C@H]3O)c2N1,success,370,351,281.65,
761,CO[C@@H]1[C@H](O)[C@@H](CO)O[C@H]1n1cnc2c(=O)n(C)c(N)nc21,success,325,306,275.1,
762,O=C(O)n1c(=O)[nH]c2c(ncn2[C@H]2O[C@@H](CO)C(O)C2O)c1=O,success,372,354,681.35,
763,O=c1[nH]c(=O)c2ncn([C@@H]3CC(O)[C@H](CO)O3)c2[nH]1,success,208,189,258.81,
764,Nc1nc2c(ncn2[C@@H]2O[C@H](CO)C(O)C2O)c(=O)n1N,success,376,357,408.89,
765,Nc1nc[nH]c1C(=O)N[C@@H]1O[C@H](CO)[C@@H](O)[C@H]1O,success,1249,1230,1159.84,
766,COC[C@H]1O[C@@H](n2cnc3c(=O)[nH]c(=O)[nH]c32)[C@H](O)[C@@H]1O,success,207,188,194.58,
767,Cn1c(N)nc2c(ncn2[C@H]2CC(O)[C@@H](CO)O2)c1=O,success,328,309,275.01,
768,Nc1nc(=O)c2ncn(C3OC(CO)C(O)C3O)c2n1S,success,359,340,328.89,
769,NC(=O)c1ncn(C2O[C@H](COP(=O)(O)O)[C@@H](O)[C@H]2O)c1NC=O,success,187,169,135.64,
770,Nc1nc2c(ncn2[C@@H]2O[C@H](CO)C(O)C2O)c(=O)n1OP(=O)(O)OP(=O)(O)O,success,57,41,54.98,
771,Nc1nc2c(ncn2[C@@H]2O[C@H](CO)[C@@H](O)[C@H]2O)c(=O)n1P(=O)(O)O,success,134,116,169.26,
772,Cc1[nH]c2nc3c(ncn3[C@@H]3O[C@H](CO)[C@@H](O)[C@H]3O)c(=O)n2c1C,success,155,137,205.28,
773,O.O=c1[nH]c(=O)c2ncn([C@@H]3O[C@H](CO)[C@@H](O)[C@H]3O)c2[nH]1,success,42,26,37.15,
774,Cn1c(N)nc2c(ncn2[C@@H]2O[C@H](CO)[C@@H](OP(=O)(O)O)[C@H]2O)c1=O,success,141,123,237.69,
775,O=c1ncn(C2O[C@H](CO)[C@@H](O)[C@@H]2O)c2nc[nH]c12,success,279,260,272.15,
776,O=C1NCNc2c1ncn2C1O[C@H](CO)[C@@H](O)[C@H]1O,failed,286,267,251.12,min() arg is an empty sequence
777,Cn1cnc(=O)c2ncn([C@@H]3O[C@H](CO)[C@@H](O)[C@H]3O)c21,success,313,294,275.11,
778,[2H]OP(=O)(O)OC[C@H]1OC(n2cnc(C(N)=O)c2NC=O)[C@H](O)[C@@H]1O,success,299,281,244.72,
779,Nc1nc(=O)c2ncn(C3OC(CO)C(O)C3O)c2n1O,success,357,338,262.12,
780,[2H]OP(=O)(O)OC[C@H]1OC(n2cnc(C(N)=O)c2N)[C@H](O)[C@@H]1O,success,678,660,901.64,
781,Cn1cnc2c(ncn2[C@@H]2O[C@H](CO)[C@@H](OP(=O)(O)O)[C@H]2O)c1=O,success,125,107,179.98,
782,Nc1nc(=O)c2ncn([C@H]3CC[C@@H](CO)O3)c2n1O,success,207,188,190.27,
783,Nc1nc(=O)c2ncn(C3OC(CO)C(O)C3O)c2n1P(=O)(O)O,success,133,115,184.37,
784,C[C@@]1(n2cnc3c(=O)[nH]c(N)nc32)O[C@H](CO)[C@@H](O)[C@H]1O,success,342,323,301.64,
785,O=c1[nH]c(NC2CC2)nc2c1ncn2[C@@H]1O[C@H](CO)[C@@H](O)[C@H]1O,success,316,297,400.1,
786,Nc1nc2c(ncn2C2OC(COP(=O)(O)OP(=O)(O)CP(=O)(O)O)C(O)C2O)c(=O)[nH]1,success,84,68,126.16,
787,C=CCO[C@@H]1[C@H](O)[C@@H](CO)O[C@H]1n1cnc2c(=O)[nH]c(N)nc21,failed,1037,1017,901.79,min() arg is an empty sequence
788,CO[C@@H]1[C@H](O)[C@@H](CO)O[C@H]1n1cnc2c(=O)[nH]c(N(C)C)nc21,success,242,223,363.42,
789,C[C@@]1(n2cnc3c(=O)[nH]cnc32)O[C@H](CO)[C@@H](O)[C@H]1O,success,283,264,252.05,
790,Nc1nc2c(ncn2C2OC(COP(=O)(O)OP(O)(O)=S)C(O)C2O)c(=O)[nH]1,success,103,87,168.93,
791,Nc1nc2c(ncn2[C@@H]2O[C@H](CI)[C@@H](O)[C@H]2O)c(=O)[nH]1,success,182,163,174.28,
792,Nc1nc2c(ncn2[C@@H]2O[C@H](COP(=O)(O)OP(=O)(O)OP(=O)(O)O)[C@H](O)[C@H]2O)c(=O)[nH]1,success,57,41,55.99,
793,Cn1c[n+]([C@@H]2O[C@H](COP(=O)([O-])OP(=O)([O-])OP(=O)([O-])[O-])[C@@H](O)[C@H]2O)c2nc(N)[nH]c(=O)c21.[H+].[H+].[H+],success,79,63,81.32,
794,O=c1[nH]cnc2c1ncn2[C@H]1CC(O)[C@@H](CO)O1,success,235,216,218.43,
795,Nc1nc2c(ncn2[C@H]2CC(O)[C@@H](CO)O2)c(=O)[nH]1,success,288,269,283.88,
796,Cc1nc2c(ncn2[C@@H]2O[C@H](CO)[C@@H](O)[C@H]2O)c(=O)[nH]1,success,300,281,248.44,
797,O=c1[nH]cnc2c1ncn2[C@H]1C[C@@H](O)[C@@H](CO)O1,success,234,215,259.06,
798,Nc1nc2c(ncn2[C@@H]2O[C@H](CO)[C@@H](O)C2N)c(=O)[nH]1,success,355,336,301.04,
799,CSc1nc2c(=O)[nH]c(N)nc2n1[C@@H]1O[C@H](CO)[C@@H](O)[C@H]1O,success,397,378,360.58,
800,Nc1nc2c(ncn2C2O[C@H](CO)[C@@H](O)[C@@H]2O)c(=O)[nH]1,failed,361,342,299.99,min() arg is an empty sequence
801,O=P(O)(O)O.O=c1[nH]cnc2c1ncn2[C@@H]1O[C@H](CO)[C@@H](O)[C@H]1O,success,59,43,85.57,
802,Nc1nc2c(ncn2[C@@H]2O[C@H](COP(=O)([O-])O)[C@@H](O)[C@H]2O)c(=O)[nH]1,success,195,177,301.06,
803,Nc1nc2c(ncn2[C@H]2CC(O)[C@@H](COP(=O)(O)O)O2)c(=O)[nH]1,failed,183,164,223.87,min() arg is an empty sequence
804,CC(C)OC[C@H]1O[C@@H](n2cnc3c(=O)[nH]c(N)nc32)C[C@@H]1O,success,775,754,713.2,
805,CC(=O)O[C@@H]1[C@H](OC(C)=O)[C@@H](CO)O[C@H]1n1cnc2c(=O)[nH]c(N)nc21,success,2291,2268,3601.41,
806,C#C[C@]1(CO)O[C@@H](n2cnc3c(=O)[nH]c(N)nc32)CC1O,success,363,344,269.82,
807,Nc1nc2c(ncn2[C@@H]2O[C@H](CO)C(N)C2O)c(=O)[nH]1,success,357,338,279.76,
808,CN(C)c1nc2c(ncn2[C@@H]2O[C@H](CO)C(O)C2O)c(=O)[nH]1,success,316,297,332.97,
809,O=c1[nH]c(Cl)nc2c1ncn2[C@@H]1O[C@H](CO)C(O)C1O,success,284,265,284.34,
810,Nc1nc2c(nc(N)n2[C@@H]2O[C@H](CO)C(O)C2O)c(=O)[nH]1,success,404,385,360.44,
811,CC(C)Nc1nc2c(ncn2[C@H]2C[C@H](O)[C@@H](CO)O2)c(=O)[nH]1,success,1135,1114,1048.68,
812,O=C(O)CCNc1nc2c(ncn2[C@@H]2O[C@H](CO)[C@@H](O)[C@H]2O)c(=O)[nH]1,success,2941,2921,4338.03,
813,CCCC(=O)Nc1nc2c(ncn2[C@@H]2O[C@H](CO)[C@@H](O)[C@H]2O)c(=O)[nH]1,success,3187,3164,5055.88,
814,Nc1nc2c(ncn2[C@@H]2O[C@H](NO)[C@@H](O)[C@H]2O)c(=O)[nH]1,success,221,202,176.9,
815,Nc1nc2c(ncn2[C@@H]2O[C@H](COP(=O)(O)OP(=O)(O)OP(=O)(O)OP(=O)(O)O)C(O)C2O)c(=O)[nH]1,success,42,26,49.11,
816,O=c1[nH]cnc2c1ncn2[C@@H]1O[C@H](CCl)C(O)C1O,success,133,114,175.16,
817,Cc1nc2c(=O)[nH]c(N)nc2n1[C@H]1CC(O)[C@@H](CO)O1,success,306,287,288.62,
818,Nc1nc2c(ncn2[C@@H]2O[C@@H](COP(=O)(O)OP(=O)(O)OP(=O)(O)O)[C@H](O)[C@H]2O)c(=O)[nH]1,success,57,41,86.79,
819,Nc1nc2c(ncn2[C@@H]2O[C@H](COP(O)(O)=S)C(O)C2O)c(=O)[nH]1,success,260,241,263.2,
820,CC(=O)OC[C@H]1O[C@@H](n2cnc3c(=O)[nH]cnc32)C(OC(C)=O)C1OC(C)=O,success,427,406,226.76,
821,Nc1nc2c(ncn2[C@@H]2O[C@H](CO)CC2O)c(=O)[nH]1,success,289,270,235.27,
822,Nc1nc2c(ncn2[C@@H]2O[C@H](COP(=O)(O)OP(=O)(O)OP(=O)(O)OP(=O)(O)OP(=O)(O)O)C(O)C2O)c(=O)[nH]1,success,42,26,42.45,
823,O=c1[nH]c(Cl)nc2c1ncn2[C@H]1C[C@H](O)[C@@H](CO)O1,success,213,194,192.22,
824,O=c1[nH]cnc2c1ncn2[C@@H]1O[C@H](COP(=O)(O)O)C(O)C1O,success,121,103,192.8,
825,Nc1nc2c(ncn2[C@@H]2O[C@H](COP(=O)(O)O)C(O)C2O)c(=O)[nH]1,success,136,118,195.24,
826,Nc1nc2c(ncn2[C@@H]2O[C@@H](COP(=O)(O)OP(=O)(O)O)[C@H](O)[C@H]2O)c(=O)[nH]1,success,73,57,78.07,
827,O=c1[nH]cnc2c1ncn2[C@@H]1O[C@H](CO)C(O)C1O,success,302,283,272.92,
828,Nc1nc2c(ncn2[C@@H]2O[C@H](CO)[C@H](OP(=O)(O)O)[C@H]2O)c(=O)[nH]1,success,138,120,199.04,
829,Nc1nc2c(ncn2[C@@H]2O[C@H](CI)C(O)C2O)c(=O)[nH]1,success,184,165,157.24,
830,CO[C@H]1[C@@H](O)[C@H](n2cnc3c(=O)[nH]c(N)nc32)O[C@@H]1COP(=O)(O)OP(=O)(O)OP(=O)(O)O,success,58,40,65.49,
831,Nc1nc2c(ncn2[C@@H]2O[C@H](CO)[C@@H](OP(=O)(O)OP(=O)(O)OP(=O)(O)O)[C@H]2O)c(=O)[nH]1,success,55,39,79.04,
832,Nc1nc2c(ncn2[C@H]2C[C@H](O)[C@@H](COP(N)O)O2)c(=O)[nH]1,success,227,208,276.54,
833,Nc1nc2c(ncn2[C@@H]2O[C@H](COP(=O)(O)NP(=O)(O)OP(=O)(O)O)[C@@H](O)[C@H]2O)c(=O)[nH]1,success,65,49,61.12,
834,CCCC(=O)Nc1nc2c(ncn2[C@@H]2O[C@H](CO)[C@@H](O)[C@H]2OC(=O)CCC)c(=O)[nH]1,success,465,445,255.24,
835,Nc1nc2c(nc(Br)n2[C@@H]2O[C@H](CO)C(O)C2O)c(=O)[nH]1,success,340,321,370.05,
836,Nc1nc2c(ncn2[C@@H]2O[C@H](COP(=O)(O)OP(=O)(O)O)C(O)C2O)c(=O)[nH]1,success,73,57,80.87,
837,O=c1[nH]cnc2c1ncn2[C@@H]1O[C@H](COP(=O)(O)OP(=O)(O)O)C(O)C1O,success,71,55,94.42,
838,O=c1[nH]cnc2c1ncn2[C@@H]1O[C@H](COP(=O)(O)OP(=O)(O)OP(=O)(O)O)C(O)C1O,success,57,41,79.37,
839,Nc1nc2c(ncn2C2CC[C@@H](CO)O2)c(=O)[nH]1,success,182,163,176.79,
840,COC1C(O)[C@@H](CO)O[C@H]1n1cnc2c(=O)[nH]c(N)nc21,success,336,317,294.72,
841,Nc1nc2c(nc(Br)n2[C@H]2CC(O)[C@@H](CO)O2)c(=O)[nH]1,success,261,242,226.1,
842,Nc1nc2c(nc(Cl)n2[C@H]2CC(O)[C@@H](CO)O2)c(=O)[nH]1,success,261,242,229.16,
843,Nc1nc2c(nc(Cl)n2[C@@H]2O[C@H](CO)C(O)C2O)c(=O)[nH]1,failed,340,321,330.78,min() arg is an empty sequence
844,O=c1[nH]cnc2c1nc(Cl)n2[C@@H]1O[C@H](CO)C(O)C1O,success,284,265,312.67,
845,Cc1nc2c(=O)[nH]c(N)nc2n1[C@@H]1O[C@H](CO)C(O)C1O,success,363,344,313.48,
846,CC(=O)Nc1nc2c(ncn2[C@@H]2O[C@H](CO)C(O)C2O)c(=O)[nH]1,success,1799,1776,2021.92,
847,Nc1nc2c(ncn2[C@H]2O[C@H](CO)C[C@@H]2O)c(=O)[nH]1,success,288,269,286.02,
848,O=c1[nH]cnc2c1ncn2C1C[C@H](O)[C@@H](CO)O1,success,234,215,211.72,
849,CC(=O)OC[C@H]1O[C@@H](n2cnc3c(=O)[nH]c(N)nc32)[C@H](O)[C@@H]1O,success,1466,1443,1367.55,
850,O=c1[nH]cnc2c1ncn2[C@@H]1O[C@H](COP(O)O)[C@@H](O)[C@H]1O,success,206,187,220.46,
851,COc1nc2c(=O)[nH]c(N)nc2n1[C@@H]1O[C@H](CO)C(O)C1O,success,370,351,304.34,
852,O=c1[nH]c(Br)nc2c1ncn2[C@H]1CC(O)[C@@H](CO)O1,success,214,195,199.71,
853,COC(C)(C)[C@H]1O[C@@H](n2cnc3c(=O)[nH]c(N)nc32)[C@H](O)[C@@H]1O,success,692,671,644.49,
854,COC(C)[C@H]1O[C@@H](n2cnc3c(=O)[nH]c(N)nc32)[C@H](O)[C@@H]1O,success,811,790,657.42,
855,Nc1nc2c(ncn2[C@@H]2O[C@H](C(O)Br)[C@@H](O)[C@H]2O)c(=O)[nH]1,success,332,313,300.35,
856,Nc1nc2c(ncn2[C@@H]2O[C@H](CO)C(O)C2N)c(=O)[nH]1,success,356,337,348.29,
857,O=c1[nH]c(Cl)nc2c1ncn2[C@H]1CC(O)[C@@H](CO)O1,success,214,195,225.41,
858,CO[C@@H]1[C@H](O)[C@@H](CO)O[C@H]1n1cnc2c(=O)[nH]c(N=CN(C)C)nc21,success,221,203,252.92,
859,CNc1nc2c(ncn2[C@@H]2O[C@H](CO)C(O)C2O)c(=O)[nH]1,success,397,378,349.75,
860,O=c1[nH]cnc2c1nc(Br)n2[C@@H]1O[C@H](CO)C(O)C1O,success,284,265,280.75,
861,O=c1[nH]cnc2c1ncn2[C@@H]1O[C@H](COP(O)O)[C@@H](OP(=O)(O)O)[C@H]1O,success,78,62,78.57,
862,Nc1nc2c(ncn2[C@@H]2O[C@H](CO)C(OP(=O)(O)O)C2O)c(=O)[nH]1,success,139,121,189.44,
863,COC[C@H]1O[C@@H](n2cnc3c(=O)[nH]cnc32)[C@H](O)[C@@H]1O,success,244,225,274.56,
864,CSC[C@H]1O[C@@H](n2cnc3c(=O)[nH]cnc32)C(O)C1O,success,159,140,177.18,
865,Nc1nc2c(ncn2[C@@H]2O[C@H](COP(=O)(O)C(P(=O)(O)O)P(=O)(O)O)[C@@H](O)[C@H]2O)c(=O)[nH]1,success,63,47,78.5,
866,O=c1[nH]cnc2c1ncn2[C@@H]1O[C@H](COP(=O)(O)OP(=O)(O)OP(=O)(O)O)[C@@H](OP(=O)(O)OP(=O)(O)O)[C@H]1O,success,42,26,54.43,
867,[N-]=[N+]=NC1C(O)[C@H](n2cnc3c(=O)[nH]c(N)nc32)O[C@@H]1CO,success,42,26,39.13,
868,O=c1[nH]cnc2c1ncn2[C@@H]1O[C@H](CS)[C@@H](O)[C@H]1O,success,151,132,158.5,
869,COP(=O)(O)OC[C@H]1O[C@@H](n2cnc3c(=O)[nH]cnc32)C(O)C1O,success,190,172,302.64,
870,COC[C@H]1O[C@@H](n2cnc3c(=O)[nH]c(N)nc32)C(O)C1O,success,308,289,277.17,
871,CC(O)[C@H]1O[C@@H](n2cnc3c(=O)[nH]c(N)nc32)[C@H](O)[C@@H]1O,success,947,925,783.68,
872,Nc1nc2c(ncn2[C@H]2C[C@H](O)[C@@H](COO)O2)c(=O)[nH]1,success,183,164,207.03,
873,Nc1nc2c(ncn2[C@@H]2O[C@H](COP(=O)(O)OP(N)(=O)OP(=O)(O)O)[C@@H](O)[C@H]2O)c(=O)[nH]1,success,84,68,106.29,
874,Nc1nc2c(ncn2[C@@H]2O[C@H](COP(N)O)[C@@H](O)[C@H]2O)c(=O)[nH]1,success,296,277,325.01,
875,C=Cc1nc2c(ncn2[C@@H]2O[C@H](CO)C(O)C2O)c(=O)[nH]1,success,314,295,257.28,
876,Nc1nc2c(ncn2C2C[C@@H](O)[C@H](CO)O2)c(=O)[nH]1,failed,287,268,258.34,min() arg is an empty sequence
877,COCCOC[C@H]1O[C@@H](n2cnc3c(=O)[nH]c(N)nc32)[C@H](O)[C@@H]1O,success,1004,985,895.62,
878,O=c1[nH]cnc2c1ncn2[C@@H]1O[C@H](COP(=O)(O)O)[C@H](O)[C@H]1O,success,119,101,219.59,
879,O=c1[nH]c(NC2CC2)nc2c1ncn2[C@H]1C[C@H](O)[C@@H](CO)O1,success,275,256,268.6,
880,CO[C@H]1[C@@H](O)[C@H](n2cnc3c(=O)[nH]c(N)nc32)O[C@@H]1COP(=O)(O)O,success,134,116,290.41,
881,O=c1[nH]cnc2c1ncn2[C@@H]1O[C@H](CO)C[C@@H]1O,success,235,216,219.36,
882,Nc1nc2c(nc(N)n2[C@@H]2O[C@H](CO)[C@H](O)[C@H]2O)c(=O)[nH]1,success,402,383,370.35,
883,C[C@H]1O[C@@H](n2cnc3c(=O)[nH]c(N)nc32)[C@H](O)[C@@H]1OP(=O)(O)O,success,125,106,148.51,
884,Nc1nc2c(ncn2[C@H]2C[C@H](O)[C@@H](COC3CCCC3)O2)c(=O)[nH]1,success,127,111,145.93,
885,O=C(O)CCNc1nc2c(ncn2[C@H]2CC(O)[C@@H](CO)O2)c(=O)[nH]1,success,4991,4971,13191.0,
886,CC(Nc1nc2c(ncn2[C@H]2CC(O)[C@@H](CO)O2)c(=O)[nH]1)C(=O)O,success,4680,4659,10161.7,
887,Nc1nc2c(ncn2[C@@]2(O)C[C@H](O)[C@@H](CO)O2)c(=O)[nH]1,success,447,428,371.52,
888,Nc1nc2c(ncn2[C@@H]2O[C@H](COC3CCCC3)[C@@H](O)[C@H]2O)c(=O)[nH]1,success,131,115,154.41,
889,CCCC(=O)OC1C(O)[C@@H](CO)O[C@H]1n1cnc2c(=O)[nH]c(N)nc21,success,2757,2734,4867.58,
890,Nc1nc2c(ncn2[C@@H]2O[C@H](COC3CC3)[C@@H](O)[C@H]2O)c(=O)[nH]1,success,248,229,274.31,
891,C#C[C@@]1(n2cnc3c(=O)[nH]c(N)nc32)O[C@H](CO)[C@@H](O)[C@H]1O,failed,332,313,311.83,min() arg is an empty sequence
892,CC(O)[C@H]1O[C@@H](n2cnc3c(=O)[nH]cnc32)[C@H](S)[C@@H]1O,success,842,820,661.99,
893,COC[C@H]1O[C@@H](n2cnc3c(=O)[nH]c(N)nc32)[C@H](O)[C@@H]1OP(=O)(O)OP(=O)(O)OP(=O)(O)O,success,55,37,56.03,
894,C[C@H]1O[C@@H](n2cnc3c(=O)[nH]c(N)nc32)C(O)C1O,success,184,165,174.78,
895,Nc1nc2c(ncn2[C@@H]2O[C@H](COO)[C@@H](O)[C@H]2O)c(=O)[nH]1,success,231,212,246.26,
896,Nc1nc2c(ncn2[C@]2(O)O[C@H](CO)[C@@H](O)[C@H]2O)c(=O)[nH]1,success,571,552,395.13,
897,O=c1[nH]cnc2c1ncn2[C@H]1CC(O)[C@@H](COP(=O)(O)OP(=O)(O)OP(=O)(O)O)O1,success,54,38,81.52,
898,Nc1nc2c(nc(OO)n2[C@H]2C[C@H](O)[C@@H](CO)O2)c(=O)[nH]1,success,252,233,207.5,
899,Nc1nc2c(ncn2[C@]2([N+](=O)[O-])O[C@H](CO)[C@@H](O)[C@H]2O)c(=O)[nH]1,success,233,214,224.9,
900,Nc1nc2c(ncn2[C@]2(Br)O[C@H](CO)[C@@H](O)[C@H]2O)c(=O)[nH]1,success,319,300,375.61,
901,Nc1nc2c(ncn2[C@@H]2O[C@H](CO)[C@@H](O)C2=O)c(=O)[nH]1,success,267,248,240.89,
902,Nc1nc2c(ncn2[C@H]2O[C@@H](CO)C(O)C2O)c(=O)[nH]1,success,363,344,329.65,
903,Nc1nc2c(=O)[nH]cnc2n1[C@H]1CC(O)[C@@H](CO)O1,success,288,269,271.29,
904,Nc1nc2c(ncn2[C@@H]2O[C@H](COP(=O)(O)O)[C@@H](OP(N)(=O)O)[C@H]2O)c(=O)[nH]1,success,71,55,90.96,
905,[N-]=[N+]=N[C@@]1(n2cnc3c(=O)[nH]c(N)nc32)O[C@H](CO)[C@@H](O)[C@H]1O,success,42,26,25.83,
906,CC[C@H]1O[C@@H](n2cnc3c(=O)[nH]cnc32)C(O)C1O,success,688,667,459.31,
907,CO[C@@H]1[C@H](S)[C@@H](CO)O[C@H]1n1cnc2c(=O)[nH]c(N)nc21,success,261,242,234.9,
908,CCNc1nc2c(ncn2[C@H]2CC(O)[C@@H](CO)O2)c(=O)[nH]1,success,1126,1105,1048.8,
909,Nc1nc2c(ncn2C2OC(COP(=O)([O-])OP(=O)([O-])O)C(O)C2O)c(=O)[nH]1,success,111,95,122.44,
910,O=c1[nH]cnc2c1ncn2[C@@H]1O[C@H](C(O)Br)[C@@H](O)[C@H]1O,success,271,252,290.56,
911,CCOC(CC)[C@H]1O[C@@H](n2cnc3c(=O)[nH]c(N)nc32)[C@H](O)[C@@H]1O,success,1499,1477,1269.42,
912,[N-]=[N+]=N[C@@]1(O)[C@H](O)[C@@H](CO)O[C@H]1n1cnc2c(=O)[nH]c(N)nc21,success,42,26,32.91,
913,Nc1nc2c(ncn2[C@@H]2OC[C@@H](O)[C@@H](O)[C@@H]2O)c(=O)[nH]1,failed,255,236,275.43,min() arg is an empty sequence
914,Nc1nc2c(ncn2[C@@H]2O[C@H](CO)[C@@H](O)[C@H]2S)c(=O)[nH]1,success,287,268,284.66,
915,O=c1[nH]cnc2c1ncn2C1CC[C@H](CO)O1,success,134,115,150.63,
916,Nc1nc2c(nc(OO)n2[C@@H]2O[C@H](CO)[C@@H](O)[C@H]2O)c(=O)[nH]1,success,290,271,251.78,
917,CC1(C)O[C@@H]2[C@@H](CO)OC(n3cnc4c(=O)[nH]c(N)nc43)[C@@H]2O1,success,188,169,221.15,
918,O.O.O=c1[nH]cnc2c1ncn2[C@@H]1O[C@H](CO)[C@@H](O)[C@H]1O,success,42,26,25.94,
919,O=c1[nH]cnc2c1ncn2[C@@H]1O[C@H](COP(=O)(O)O)[C@@H](O)[C@H]1O.[Ca],success,42,26,35.87,
920,Nc1nc2c(ncn2[C@@H]2O[C@H](COP(=O)(O)SP(=O)(O)OP(=O)(O)O)[C@@H](O)[C@H]2O)c(=O)[nH]1,success,65,49,70.08,
921,CCCC(=O)N(C(=O)CCC)c1nc2c(ncn2[C@@H]2O[C@H](CO)[C@@H](O)[C@H]2O)c(=O)[nH]1,success,322,302,185.86,
922,Nc1nc2c(ncn2[C@@H]2O[C@H](COP(=O)([O-])OP(=O)([O-])OP(=O)([O-])[O-])[C@@H](O)[C@H]2O)c(=O)[nH]1.[Mg+2].[Mg+2],success,42,26,37.43,
923,Nc1nc2c(ncn2[C@H]2O[C@H]3COP(=O)(O)O[C@H]3[C@@H]2O)c(=O)[nH]1,success,124,105,159.35,
924,NC(=O)N[C@@]1(n2cnc3c(=O)[nH]c(N)nc32)O[C@H](CO)[C@@H](O)[C@H]1O,success,158,142,118.81,
925,Nc1nc2c(ncn2[C@@H]2O[C@H](COP(=O)([O-])OP(=O)([O-])OP(=O)([O-])[O-])[C@@H](O)[C@H]2O)c(=O)[nH]1.O.[Na+].[Na+].[Na+].[Na+],success,42,26,38.5,
926,CO[C@@H]1[C@H](O)[C@@H](CO)O[C@H]1n1c(C)nc2c(=O)[nH]c(N)nc21,success,310,291,270.39,
927,Nc1nc2c(ncn2[C@@H]2O[C@H](COP(=O)(OP(=O)(O)O)OP(=O)(O)O)[C@@H](O)[C@H]2O)c(=O)[nH]1,success,42,26,45.19,
928,CC(=O)O[C@@H]1[C@H](OC(C)=O)[C@@H](CO)O[C@H]1n1cnc2c(=O)[nH]c(NC(=O)C(C)C)nc21,success,179,160,138.51,
929,N#CCCOCO[C@@H]1[C@H](O)[C@@H](CO)O[C@H]1n1cnc2c(=O)[nH]cnc21,success,1478,1459,1639.94,
930,CC1(C)OC2C(O1)[C@@H](CO)O[C@H]2n1cnc2c(=O)[nH]c(N)nc21,success,188,169,233.45,
931,Nc1nc(=O)c2ncn([C@H]3CC[C@@H](CO)O3)c2n1S,success,181,162,204.14,
932,CCCO[C@@]1(n2cnc3c(=O)[nH]c(N)nc32)O[C@H](CO)[C@@H](O)[C@H]1O,success,1537,1514,1276.24,
933,CO[C@@]1(O)[C@@H](CO)O[C@@H](n2cnc3c(=O)[nH]c(N)nc32)[C@@H]1O,success,375,356,281.84,
934,Nc1nc2c(ncn2C2CC(O)C(COP(=O)([O-])OP(=O)([O-])OP(=O)([O-])[O-])O2)c(=O)[nH]1,success,68,52,64.49,
935,C=Cc1nc2c(=O)[nH]c(N)nc2n1[C@@H]1O[C@H](CO)[C@@H](O)[C@H]1O,success,374,355,326.46,
936,O=c1c2ncn([C@@H]3O[C@H](CO)[C@@H](O)[C@H]3O)c2nc(NO)n1O,success,337,318,246.44,
937,Nc1nc2c(ncn2[C@@H]2O[C@H](COB(O)O)[C@@H](O)[C@H]2O)c(=O)[nH]1,success,248,229,189.6,
938,Nc1nc2c(ncn2C2OC(COP(=O)([O-])OP(=O)([O-])OP(=O)([O-])[O-])C(O)C2O)c(=O)[nH]1,success,76,60,78.36,
939,N#CCCn1cnc2c(ncn2[C@@H]2O[C@H](CO)[C@@H](O)[C@H]2O)c1=O,success,1926,1907,1896.6,
940,Nc1nc2c(ncn2C2CC(O)C(CO)O2)c(=O)n1N,success,300,281,300.42,
941,NC(=O)c1ncn(C2OC(CO)C(O)C2O)c1NC=O,success,1915,1896,1638.79,
942,NC(=O)c1c(NC=O)ncn1C1OCC(O)C(O)C1O,success,1713,1694,1507.95,
943,NC(=O)c1ncn(C2OC(CO)C(F)C2O)c1N,success,748,729,691.43,
944,NC(=O)c1c(N)ncn1C1OC(CO)C(F)C1O,success,748,729,685.0,
945,CN1CCN(c2nc3c(=O)[nH]c(N)nc3n2C2OC(CO)C(O)C2O)CC1,success,42,26,29.59,
946,CSc1nc2c(ncn2C2OCC(O)C(O)C2O)c(=O)[nH]1,success,246,227,231.5,
947,CC(O)C1OC(n2cnc3c(=O)[nH]cnc32)C(O)C1O,success,975,953,722.9,
948,CC1CCN(c2nc3c(=O)[nH]cnc3n2C2OC(CO)C(O)C2O)CC1,success,42,26,30.67,
949,COc1nc2c(=O)[nH]c(N)nc2n1C1OC(CO)C(O)C1O,success,370,351,327.89,
950,CC(C)(C)[Si](C)(C)OCC1OC(n2cnc3c(=O)[nH]cnc32)CC1O,success,80,63,65.04,
951,Nc1nc2c(ncn2[C@H]2C[C@H](O)[C@@H](COP(=O)([O-])O)O2)c(=O)[nH]1.[Na+],success,42,26,50.36,
952,NC(=O)Cc1nc2c(=O)[nH]cnc2n1C1OC(CO)C(O)C1O,success,2505,2486,2881.29,
953,CCNC(=O)Cc1nc2c(=O)[nH]cnc2n1C1OC(CO)C(O)C1O,success,3308,3287,4535.99,
954,O=c1[nH]cnc2c1ncn2[C@H]1CO[C@@H](CO)[C@@H]1O,success,234,215,212.21,
955,CCNc1nc2c(ncn2C2CC(O)C(COP(=O)(O)O)O2)c(=O)[nH]1.N,success,77,60,66.97,
956,O=c1[nH]c(F)nc2c1ncn2C1OC(CO)C(O)C1O,success,284,265,246.74,
957,O=c1[nH]cnc2c1nc(Cl)n2C1OC(CO)C(O)C1O,success,284,265,260.86,
958,O=c1[nH]c(Cl)nc2c1ncn2C1OC(CO)C(O)C1O,success,284,265,254.22,
959,Nc1nc2c(ncn2[C@@H]2O[C@@H](CO)[C@@H](O)[C@H]2O)c(=O)[nH]1,success,361,342,305.29,
960,Nc1nc2c(ncn2C2O[C@H](COP(=O)(O)C(F)F)[C@@H](O)[C@H]2O)c(=O)[nH]1,success,284,265,422.9,
961,Nc1nc2c(ncn2C2O[C@H](COP(=O)(O)C(F)(F)F)[C@@H](O)[C@H]2O)c(=O)[nH]1,success,267,248,301.96,
962,O=c1[nH]cnc2c1ncn2C(CO)OC(CO)CO,success,1898,1877,1272.4,
963,Nc1nc2c(ncn2C2CC(O)C(O)CO2)c(=O)[nH]1,failed,184,165,149.59,min() arg is an empty sequence
964,Nc1nc2c(ncn2[C@@H]2O[C@H](COCCP(=O)(O)O)[C@@H](O)[C@H]2O)c(=O)[nH]1,success,281,263,305.3,
965,O=c1[nH]cnc2c1nc(C(F)(F)F)n2[C@@H]1O[C@H](CO)[C@@H](O)[C@H]1O,success,282,263,301.17,
966,Nc1nc2c(ncn2[C@@H]2O[C@H](CO)C(F)(F)C2(F)F)c(=O)[nH]1,success,150,131,174.63,
967,CCN(CC)C(=O)OC[C@H]1O[C@@H](n2cnc3c(=O)[nH]c(N)nc32)[C@H](O)[C@@H]1O,success,833,813,1166.13,
968,NC(=O)c1c(F)ncn1C1OC(CO)C(O)C1O,success,848,829,807.45,
969,Cn1cnc2c(ncn2C2OC(CO)C(O)C2O)c1=O,success,315,296,366.52,
970,O.O.O.O.O.O.O.O.O=c1[nH]cnc2c1ncn2[C@@H]1O[C@H](COP(=O)([O-])[O-])[C@@H](O)[C@H]1O.[Na+].[Na+],success,42,26,37.57,
971,O=c1c2ncn([C@H]3C[C@H](O)[C@@H](CO)O3)c2nc2n1C(O)C(O)N2,success,429,410,287.53,
972,O=c1c2ncn([C@@H]3O[C@H](CO)C[C@@H]3F)c2ncn1O,success,154,135,191.63,
973,C[C@H]1O[C@@H](n2cnc(C(N)=O)c2N)[C@H](O)[C@@H]1O,success,551,532,479.36,
974,NC1NC(=O)c2ncn([C@H]3CC[C@@H](CO)O3)c2N1F,success,203,184,254.29,
975,NC1(F)NC(=O)c2ncn([C@H]3C[C@H](O)[C@@H](CO)O3)c2N1,success,293,274,321.11,
976,Nc1nc2c(ncn2[C@@H]2O[C@H](CO)[C@@H](O)[C@H]2O)c(=O)n1CF,success,380,361,347.78,
977,C[C@@]1(F)[C@H](O)CO[C@H]1n1c(N)nc2c(ncn2[C@@H]2O[C@H](CO)[C@@H](O)[C@H]2O)c1=O,success,121,105,100.88,
978,O=c1c2ncn([C@@H]3O[C@H](CO)C[C@H]3F)c2ncn1O,failed,154,135,138.56,min() arg is an empty sequence
979,Cn1c(N)nc2c(ncn2[C@@H]2O[C@H](CO)[C@@H](O)C2F)c1=O,success,326,307,260.63,
980,Cn1c(N)nc2c(ncn2[C@@H]2O[C@H](CO)C(F)[C@H]2O)c1=O,failed,327,308,257.95,min() arg is an empty sequence
981,Nc1nc2c(ncn2[C@@H]2O[C@H](CO)[C@@H](O)[C@H]2O)c(=O)n1[C@@H]1O[C@H](CO)[C@@H](O)[C@@H]1F,success,201,183,189.3,
982,Nc1nc2c(ncn2[C@@H]2O[C@H](CO)C(O)C2O)c(=O)n1[C@@H]1O[C@H](CO)[C@@H](O)[C@H]1F,success,205,187,194.39,
983,NC1(F)NC(=O)c2ncn([C@@H]3O[C@H](CO)[C@@H](O)[C@H]3O)c2N1,success,345,326,279.72,
984,Nc1nc2c(ncn2[C@@H]2O[C@H](CO)[C@@H](O)[C@H]2O)c(=O)n1F,success,357,338,334.64,
985,Nc1nc(=O)c2ncn([C@H]3CC[C@@H](CO)O3)c2n1F,success,181,162,191.78,
986,Nc1nc2c(ncn2[C@H]2CC[C@@H](CO)O2)c(=O)n1F,success,181,162,161.37,
987,Nc1nc2c(ncn2[C@@H]2O[C@H](CO)C[C@H]2O)c(=O)n1F,success,286,267,237.29,
988,Nc1nc(=O)c2ncn([C@@H]3O[C@H](CO)[C@@H](O)[C@H]3O)c2n1F,success,357,338,367.36,
989,NC1NC(=O)c2ncn([C@@H]3O[C@H](CO)[C@@H](O)[C@H]3O)c2N1F,success,367,348,285.42,
990,Nc1nc(=O)c2ncn([C@@H]3O[C@H](CO)C(O)C3O)c2n1F,success,359,340,337.26,
991,CC(C)CNc1nc2c(ncn2[C@@H]2O[C@H](CO)[C@@H](O)[C@H]2O)c(=O)n1F,success,1202,1182,1209.16,
992,O=c1c2[nH]cnc2nc(F)n1C1C[C@H](O)[C@@H](CO)O1,success,213,194,197.53,
993,C[C@]1(CO)O[C@@H](n2cnc3c(=O)nc(N)n(F)c32)C(O)C1O,success,371,352,364.03,
994,O=C1NCNc2c1ncn2[C@@H]1O[C@H](CO)CC1F,success,137,118,131.73,
995,Nc1nc2c(ncn2[C@]2(F)O[C@H](CO)[C@@H](O)[C@H]2O)c(=O)n1F,success,315,296,309.24,
996,Nc1nc2c(ncn2[C@@H]2O[C@H](CO)C(O)C2O)c(=O)n1C(F)(F)F,success,359,340,403.97,
997,Nc1nc2c(ncn2[C@@H]2O[C@H](CO)[C@@H](O)[C@H]2O)c(=O)n1C(F)(F)F,success,357,338,322.18,
998,C[C@@]1(O)[C@H](F)[C@@H](CO)O[C@H]1n1cnc2c1NC(N)NC2=O,success,347,328,289.79,
999,CC1(O)C(n2cnc3c2NC(N)NC3=O)OC(F)(CO)C1O,success,353,334,321.56,
1000,Cn1c(N)nc2c(ncn2[C@@H]2O[C@](F)(CO)[C@@H](O)[C@@]2(C)F)c1=O,success,346,327,300.2,
1001,NC1(F)NC(=O)c2ncn([C@@H]3O[C@H](CO)[C@@H](O)C3F)c2N1,success,293,274,293.16,
1002,CCCC(=O)OP(=O)(O)OC[C@H]1O[C@@H](n2cnc3c(=O)[nH]cnc32)[C@H](O)[C@@H]1O,success,405,385,307.84,
1003,Nc1nc2c(ncn2[C@@H]2O[C@H](CO)[C@@H](O)[C@H]2OCCCNC(=O)C(F)(F)F)c(=O)[nH]1,success,1938,1919,2997.01,
1004,CC1OC(n2cnc3c(=O)[nH]c(N)nc32)C(O)C1O,success,184,165,144.52,
1005,Nc1nc2c(ncn2C2CC(OP(=O)(O)O)C(CO)O2)c(=O)[nH]1,success,202,183,232.0,
1006,Nc1nc2c(ncn2C2OC(COP(=O)([O-])[O-])C(O)C2O)c(=O)[nH]1.[Na+].[Na+],success,42,26,51.83,
1007,COC1(C)O[C@@H]2[C@H](O1)[C@@H](CO)O[C@H]2n1cnc2c(=O)[nH]cnc21,success,239,220,235.52,
1008,CN(C)C=Nc1nc2c(ncn2C2CC(O)C(CO)O2)c(=O)[nH]1,success,327,308,292.58,
1009,Nc1nc2c(nc(F)n2[C@@H]2O[C@H](CO)[C@@H](O)[C@H]2O)c(=O)[nH]1,success,338,319,316.56,
1010,Nc1nc2c(ncn2[C@@H]2O[C@H](CO)[C@@H](O)[C@]2(O)C(F)(F)F)c(=O)[nH]1,success,343,324,385.0,
1011,O=c1[nH]cnc2c1ncn2[C@@H]1O[C@H](COS(=O)(=O)[O-])[C@@H](O)[C@H]1O.[Na+],success,42,26,27.16,
1012,Nc1nc2c(ncn2[C@@H]2OC(CO)(CO)[C@@H](O)[C@@H]2F)c(=O)[nH]1,success,385,366,300.81,
1013,Nc1nc2c(ncn2C2OC(CO)C(OP(=O)(O)O)C2O)c(=O)[nH]1,success,138,120,170.62,
1014,Nc1nc2c(ncn2[C@@H]2O[C@H](CO)[C@@H](O)[C@]2(O)CF)c(=O)[nH]1,success,366,347,314.68,
1015,CN(C)C=Nc1nc2c(ncn2C2OC(CO)C(O)C2O)c(=O)[nH]1,success,329,310,379.92,
1016,Nc1nc2c(ncn2[C@@H]2O[C@H](CO)[C@H](O)[C@H]2F)c(=O)[nH]1,success,287,268,286.83,
1017,CC(C)C(=O)Nc1nc2c(ncn2[C@@H]2O[C@H](CO)[C@@H](N)[C@H]2F)c(=O)[nH]1,success,1853,1831,2619.02,
1018,Nc1nc2c(ncn2[C@@H]2O[C@H](CO)[C@@H](O)[C@H]2O)c(=O)[nH]1.O.O,success,42,26,41.34,
1019,O=c1[nH]cnc2c1ncn2[C@@H]1O[C@H](CO)[C@H]2O[C@H]21,success,158,139,180.71,
1020,Nc1nc2c(ncn2[C@@H]2O[C@H](CO)CC2F)c(=O)[nH]1,success,182,163,197.32,
1021,O=c1[nH]cnc2c1ncn2[C@H]1O[C@H](CO)[C@@H](O)[C@H]1O,success,300,281,278.57,
1022,O=c1[nH]cnc2c1ncn2[C@@H]1O[C@H](CF)[C@@H](O)[C@H]1O,success,131,112,115.97,
1023,Nc1nc2c(ncn2C2O[C@H](CO)[C@@H](O)[C@H]2OP(=O)(O)O)c(=O)[nH]1,success,138,120,233.57,
1024,Nc1nc2c(c(=O)[nH]1)n(CCF)c[n+]2[C@@H]1O[C@H](CO)[C@@H](O)[C@H]1O,success,1204,1185,864.6,
1025,Nc1nc2c(ncn2C2OC(CO)C(O)C2(F)F)c(=O)[nH]1,success,261,242,226.18,
1026,O=c1[nH]cnc2c1ncn2[C@H]1C[C@H](O)[C@@H](COP(=O)([O-])[O-])O1.[Na+].[Na+],success,42,26,51.89,
1027,CC(C)C(=O)Nc1nc2c(ncn2[C@@H]2O[C@H](CO)[C@@H](O)[C@H]2F)c(=O)[nH]1,success,2408,2386,3487.06,
1028,CN(C)C=Nc1nc2c(ncn2[C@@H]2O[C@H](CO)[C@@H](O)[C@H]2O)c(=O)[nH]1,failed,327,308,334.81,min() arg is an empty sequence
1029,Nc1nc2c(c(=O)[nH]1)n(CCCl)c[n+]2[C@@H]1O[C@H](CO)[C@@H](O)[C@H]1O,success,1250,1231,908.67,
1030,Nc1nc2c(ncn2[C@@H]2O[C@H](CO)[C@@H](O)[C@]2(O)F)c(=O)[nH]1,success,343,324,356.65,
1031,O=c1[nH]cnc2c1ncn2[C@@H]1O[C@H](CO)C(F)[C@H]1O,success,235,216,202.93,
1032,O=c1[nH]cnc2c1ncn2[C@@H]1O[C@H](CO)[C@@H](O)C1F,success,234,215,225.39,
1033,O=c1[nH]cnc2c1ncn2[C@@H]1O[C@H](CO)[C@@H](O)[C@@H]1F,success,234,215,205.26,
1034,Nc1nc2c(ncn2C2OC(CO)C(CF)C2O)c(=O)[nH]1,success,335,316,327.26,
1035,Nc1nc2c(ncn2C2OC(CO)C(F)C2O)c(=O)[nH]1,failed,289,270,267.65,min() arg is an empty sequence
1036,O=c1[nH]cnc2c1ncn2C1OC(COP(=O)([O-])[O-])C(O)C1O.[Na+].[Na+],success,42,26,43.74,
1037,CC1(F)C(O)C(CO)OC1n1cnc2c(=O)[nH]c(N)nc21,success,306,287,244.91,
1038,Nc1nc2c(ncn2[C@@H]2O[C@H](CO)C(F)[C@H]2O)c(=O)[nH]1,success,288,269,279.79,
1039,O=c1[nH]cnc2c1ncn2[C@H]1CC(F)[C@@H](CO)O1,success,134,115,135.05,
1040,[N-]=[N+]=NC1C[C@H](n2cnc3c(=O)[nH]cnc32)O[C@@H]1CO,success,42,26,27.31,
1041,O=c1[nH]cnc2c1ncn2[C@@H]1O[C@](F)(CO)[C@@H](O)[C@H]1O,success,290,271,263.3,
1042,Nc1nc2c(nc([N+](=O)[O-])n2[C@@H]2O[C@H](CO)[C@@H](O)[C@]2(O)F)c(=O)[nH]1,success,230,211,283.77,
1043,[N-]=[N+]=N[C@]1(CO)O[C@@H](n2cnc3c(=O)[nH]cnc32)[C@@H](CF)[C@@H]1O,success,42,26,40.09,
1044,C[C@@H]1[C@H](n2cnc3c(=O)[nH]c(N)nc32)O[C@](F)(CO)[C@H]1O,success,348,329,316.93,
1045,C[C@@H]1[C@H](n2cnc3c(=O)[nH]cnc32)O[C@](F)(CO)[C@H]1O,success,289,270,233.7,
1046,C#C[C@]1(CO)O[C@@H](n2cnc3c(=O)[nH]cnc32)[C@@H](CF)[C@@H]1O,success,337,318,309.92,
1047,C[C@]1(CO)O[C@@H](n2cnc3c(=O)[nH]cnc32)[C@@H](CF)[C@@H]1O,success,371,352,282.26,
1048,[N-]=[N+]=N[C@]1(CO)O[C@@H](n2cnc3c(=O)[nH]cnc32)[C@@H](C(F)(F)F)[C@@H]1O,success,42,26,33.73,
1049,C[C@]1(F)[C@@H](n2cnc3c(=O)[nH]cnc32)O[C@H](CO)[C@@]1(C)O,success,271,252,216.99,
1050,O=c1[nH]cnc2c1ncn2[C@@H]1C[C@H](O)[C@@H](CO)O1,success,234,215,282.73,
1051,C#CC1(CO)OC(n2cnc3c(=O)[nH]cnc32)C(F)C1O,success,255,236,230.17,
1052,CC1(CO)OC(n2cnc3c(=O)[nH]cnc32)C(F)C1O,success,267,248,236.98,
1053,CC1(CO)OC(n2cnc3c(=O)[nH]c(F)nc32)C(F)C1O,success,244,225,209.25,
1054,CC1(CO)OC(n2cnc3c(=O)[nH]c(N)nc32)C(F)C1O,success,320,301,258.32,
1055,N#CC1(CO)OC(n2cnc3c(=O)[nH]cnc32)C(F)C1O,success,225,206,236.9,
1056,Nc1nc2c(ncn2[C@@H]2O[C@H](CO)[C@@H](O)[C@@]2(O)CF)c(=O)[nH]1,success,366,347,372.38,
1057,O=c1[nH]cnc2c1ncn2[C@@H]1O[C@H](CO)[C@@H](OP(=O)(O)O)[C@H]1O,success,123,105,184.2,
1058,Nc1nc2c(ncn2[C@@H]2O[C@H](CO)[C@H](O)C2OC(F)(F)F)c(=O)[nH]1,success,325,306,291.35,
1059,Cc1nc2c(ncn2[C@@H]2O[C@H](CO)[C@H](O)C2OC(F)(F)F)c(=O)[nH]1,success,257,238,287.73,
1060,CC1(O)[C@@H](CO)OC(n2cnc3c(=O)[nH]cnc32)[C@]1(C)F,success,271,252,255.17,
1061,C#C[C@]1(F)C(O)[C@@H](CO)O[C@H]1n1cnc2c(=O)[nH]cnc21,success,243,224,226.38,
1062,C[C@]1(F)C(O)[C@@H](CO)O[C@H]1n1cnc2c(=O)[nH]c(N)nc21,success,306,287,295.59,
1063,CC[C@H]1O[C@@H](n2cnc3c(=O)[nH]c(N)nc32)[C@H](O)[C@@H]1F,success,538,517,368.49,
1064,Nc1nc2c(ncn2[C@@H]2O[C@H](C(O)F)[C@@H](O)[C@H]2O)c(=O)[nH]1,success,332,313,302.41,
1065,O=c1[nH]cnc2c1ncn2[C@@H]1O[C@H](C(O)F)[C@@H](O)[C@H]1O,success,271,252,272.83,
1066,Nc1nc2c(ncn2[C@@H]2O[C@H](CO)C(F)C2O)c(=O)[nH]1,success,289,270,290.93,
1067,Nc1nc2c(ncn2[C@H]2CO[C@](F)(CO)[C@H]2O)c(=O)[nH]1,success,297,278,297.13,
1068,Nc1nc2c(ncn2C2C[C@H](F)[C@@H](CO)O2)c(=O)[nH]1,success,182,163,193.97,
1069,Nc1nc2c(ncn2[C@@H]2O[C@H](CO)[C@H](CF)C2O)c(=O)[nH]1,success,335,316,361.21,
1070,Nc1nc2c(ncn2C2OC(COS(=O)(=O)O)C(O)C2O)c(=O)[nH]1,success,86,68,82.5,
1071,Nc1nc2c(ncn2[C@@H]2O[C@H](CO)C(OF)C2O)c(=O)[nH]1,success,253,234,223.85,
1072,Nc1nc2c(ncn2[C@@H]2O[C@H](CO)[C@H](O)C2F)c(=O)[nH]1,success,287,268,300.68,
1073,[N-]=[N+]=N[C@]1(CO)O[C@@H](n2cnc3c(=O)[nH]c(N)nc32)[C@H](F)[C@@H]1O,success,42,26,38.36,
1074,[N-]=[N+]=N[C@]1(CO)O[C@@H](n2cnc3c(=O)[nH]c(N)nc32)C(F)(F)[C@@H]1O,success,42,26,26.1,
1075,Nc1nc2c(nc(F)n2[C@@H]2O[C@H](CO)C(O)C2O)c(=O)[nH]1,success,340,321,316.49,
1076,Nc1nc2c(ncn2C2O[C@H](CO)[C@@H](O)[C@H]2F)c(=O)[nH]1,success,287,268,239.31,
1077,O=c1[nH]c(F)nc2c1ncn2[C@@H]1O[C@H](CO)[C@@H](O)[C@@H]1F,success,213,194,210.79,
1078,Nc1nc2c(ncn2C[C@H]2O[C@@H](P(=O)(O)O)[C@H](O)[C@@H]2O)c(=O)[nH]1,success,164,145,162.56,
1079,O=c1[nH]cnc2c1ncn2[C@@H]1O[C@H](CO)C(O)C1(F)F,success,214,195,233.95,
1080,Nc1nc2c(ncn2[C@@H]2O[C@H](CO)C(O)[C@@H]2F)c(=O)[nH]1,success,288,269,246.14,
1081,CO[C@H]1C(F)[C@@H](CO)O[C@H]1n1cnc2c(=O)[nH]c(N)nc21,success,261,242,265.16,
1082,Nc1nc2c(ncn2[C@@H]2O[C@H](CO)C(CF)[C@@H]2O)c(=O)[nH]1,success,333,314,260.08,
1083,C[C@@]1(F)C(O)[C@@H](CO)O[C@H]1n1cnc2c(=O)[nH]c(N)nc21,success,306,287,274.74,
1084,C[C@]1(F)[C@H](O)[C@@H](CO)O[C@H]1n1cnc2c(=O)[nH]c(N)nc21,success,304,285,329.53,
1085,O.O.O=c1[nH]cnc2c1ncn2[C@@H]1O[C@H](COP(=O)(O)OP(=O)([O-])OP(=O)([O-])O)[C@@H](O)[C@H]1O.[Na+].[Na+],success,42,26,40.29,
1086,Nc1nc2c(ncn2[C@@H]2O[C@H](CO)[C@@H](CF)[C@H]2O)c(=O)[nH]1,success,333,314,285.86,
1087,Nc1nc2c(ncn2C2OC(CO)C(O)[C@]2(O)C(F)(F)F)c(=O)[nH]1,success,344,325,360.0,
1088,CC1(F)[C@@H](O)[C@@H](CO)O[C@H]1n1cnc2c(=O)[nH]c(N)nc21,success,304,285,310.39,
1089,Nc1nc2c(ncn2[C@@H]2O[C@@](CO)(CF)[C@@H](O)[C@H]2O)c(=O)[nH]1,success,375,356,305.87,
1090,Nc1nc2c(ncn2[C@H]2C[C@H](O)[C@@H](C(O)(F)F)O2)c(=O)[nH]1,success,233,214,216.15,
1091,[C-]#[N+]C1(CO)OC(n2cnc3c(=O)[nH]cnc32)C(F)C1O,success,227,208,245.86,
1092,O=c1[nH]cnc2c1ncn2[C@H]1CC[C@@H](C(O)F)O1,success,114,95,139.7,
1093,C#C[C@]1(O)[C@H](n2cnc3c(=O)[nH]c(N)nc32)O[C@](F)(CO)[C@H]1O,success,343,324,304.9,
1094,C[C@]1(O)[C@H](n2cnc3c(=O)[nH]c(N)nc32)O[C@](F)(CO)[C@H]1O,success,353,334,326.9,
1095,C[C@]1(F)[C@H](n2cnc3c(=O)[nH]c(N)nc32)O[C@](F)(CO)[C@H]1O,success,314,295,274.22,
1096,Nc1nc2c(ncn2[C@@H]2O[C@H](COP(=O)(O)O)[C@@H](O)[C@H]2N)c(=O)[nH]1,failed,232,213,317.05,min() arg is an empty sequence
1097,C[C@H](O)[C@H]1O[C@@H](n2cnc3c(=O)[nH]c(N)nc32)[C@](C)(O)[C@@H]1O,success,939,917,698.23,
1098,Nc1nc2c(ncn2[C@@H]2O[C@H](COP(=O)([O-])OP(=O)([O-])CP(=O)([O-])[O-])[C@@H](O)[C@H]2O)c(=O)[nH]1.[H+].[Na+].[Na+].[Na+],success,42,26,51.33,
1099,CO[C@]1(CO)O[C@@H](n2cnc3c(=O)[nH]c(N)nc32)[C@H](F)[C@@H]1O,success,487,468,367.65,
1100,C[C@]1(CO)O[C@@H](n2cnc3c(=O)[nH]c(N)nc32)[C@H](F)[C@@H]1O,success,375,356,287.91,
1101,Nc1nc2c(ncn2[C@@H]2O[C@](F)(COP(=O)(O)OP(=O)(O)OP(=O)(O)O)[C@@H](O)[C@H]2O)c(=O)[nH]1,success,57,41,86.51,
1102,COC[C@H]1O[C@@H](n2cnc3c(=O)[nH]c(N)nc32)[C@H](O)[C@@H]1F,success,231,212,207.33,
1103,Nc1nc2c(ncn2[C@@H]2O[C@H](CO)[C@@H](O)[C@]2(O)OCF)c(=O)[nH]1,success,423,404,310.02,
1104,O=c1[nH]cnc2c1ncn2[C@@H]1O[C@H](CO)C(O)C1F,success,235,216,212.37,
1105,Nc1nc2c(ncn2[C@@H]2O[C@H](COP(=O)(O)OP(=O)(O)OP(=O)(O)OF)[C@@H](O)[C@H]2O)c(=O)[nH]1,success,69,53,101.27,
1106,Nc1nc2c(ncn2[C@@H]2O[C@H](COP(=O)(O)OP(=O)(O)OP(=O)(O)F)C(O)C2O)c(=O)[nH]1,success,86,70,107.08,
1107,Nc1nc2c(ncn2[C@]2(F)O[C@H](CO)[C@@H](O)[C@H]2F)c(=O)[nH]1,success,260,241,289.75,
1108,Nc1nc2c(ncn2[C@@H]2CC(F)[C@H](CO)O2)c(=O)[nH]1,success,182,163,170.78,
1109,Nc1nc2c(ncn2[C@H]2CC[C@@H](C(O)F)O2)c(=O)[nH]1,success,161,142,145.62,
1110,Nc1nc2c(ncn2[C@@]2(F)CC[C@@H](CO)O2)c(=O)[nH]1,success,166,147,167.33,
1111,Nc1nc2c(ncn2[C@@H]2O[C@H](COP(=O)(O)O)[C@@H](O)[C@]2(O)F)c(=O)[nH]1,success,128,110,224.0,
1112,Nc1nc2c(ncn2[C@@H]2O[C@H](COP(=O)(O)OP(=O)(O)O)[C@@H](O)[C@]2(O)F)c(=O)[nH]1,success,72,56,64.82,
1113,Nc1nc2c(ncn2[C@@H]2O[C@@](CO)(CF)C(O)C2O)c(=O)[nH]1,success,377,358,365.7,
1114,CO[C@@]1(F)[C@H](O)[C@@H](CO)O[C@H]1n1cnc2c(=O)[nH]c(N)nc21,success,300,281,341.38,
1115,C[C@@]1(O)[C@@H](CO)O[C@H](n2cnc3c(=O)[nH]cnc32)[C@@]1(C)F,success,271,252,276.8,
1116,CO[C@]1(F)[C@H](O)[C@@H](CO)O[C@H]1n1cnc2c(=O)[nH]c(N)nc21,failed,300,281,288.71,min() arg is an empty sequence
1117,COC[C@H]1O[C@@H](n2cnc3c(=O)[nH]c(N)nc32)[C@H](F)[C@@H]1O,success,231,212,222.75,
1118,C[C@@]1(n2cnc3c(=O)[nH]c(N)nc32)O[C@H](CO)[C@@H](O)[C@H]1F,success,304,285,260.0,
1119,CC1(O)[C@@H](CO)OC(n2cnc3c(=O)[nH]cnc32)[C@@]1(C)F,success,271,252,272.45,
1120,C[C@]1(O)[C@@H](CO)O[C@@H](n2cnc3c(=O)[nH]cnc32)[C@]1(C)F,success,271,252,245.59,
1121,C[C@]1(O)[C@@H](CO)O[C@@H](n2cnc3c(=O)[nH]cnc32)[C@@]1(C)F,failed,271,252,248.3,min() arg is an empty sequence
1122,C[C@]1(O)[C@@H](CO)O[C@H](n2cnc3c(=O)[nH]cnc32)[C@@]1(C)F,success,271,252,267.72,
1123,C[C@]1(F)[C@H](n2cnc3c(=O)[nH]cnc32)O[C@H](CO)[C@@]1(C)O,success,271,252,220.3,
1124,C[C@@]1(O)[C@@H](CO)O[C@@H](n2cnc3c(=O)[nH]cnc32)[C@@]1(C)F,success,271,252,235.43,
1125,Nc1nc2c(ncn2[C@@H]2O[C@H](CO)[C@@H](O)[C@@]2(O)F)c(=O)[nH]1,success,343,324,314.95,
1126,C[C@]1(CO)O[C@@H](n2cnc3c(=O)[nH]c(N)nc32)[C@@H](F)[C@@H]1O,success,375,356,302.71,
1127,Nc1nc2c(ncn2[C@@H]2O[C@H](COP(=O)(O)O)[C@@H](O)[C@H]2O)c(=O)[nH]1.[Na].[Na],success,42,26,33.82,
1128,Nc1nc2c(ncn2[C@@H]2O[C@H](CO)C(CF)[C@H]2O)c(=O)[nH]1,success,333,314,297.93,
1129,Nc1nc2c(ncn2[C@@H]2O[C@H](CO)C(CF)C2O)c(=O)[nH]1,success,335,316,270.71,
1130,CC1(F)C(O)[C@@H](CO)O[C@H]1n1cnc2c(=O)[nH]c(N)nc21,success,306,287,345.25,
1131,Nc1nc2c(ncn2[C@]2(F)O[C@H](CO)[C@@H](O)[C@H]2O)c(=O)[nH]1,success,319,300,306.92,
1132,Nc1nc2c(ncn2[C@@H]2OC[C@@H](O)[C@@H](O)[C@@]2(O)F)c(=O)[nH]1,success,241,222,218.81,
1133,CC(C)C(=O)Nc1nc2c(ncn2[C@@H]2O[C@H](CO)[C@@H](O)[C@@H]2F)c(=O)[nH]1,success,2408,2386,3354.6,
1134,Nc1nc2c(ncn2[C@@H]2O[C@H](COCF)[C@@H](O)[C@H]2O)c(=O)[nH]1,success,340,321,338.86,
1135,Nc1nc2c(ncn2[C@@H]2O[C@H](CO)[C@](O)(F)[C@H]2O)c(=O)[nH]1,success,343,324,295.85,
1136,Nc1nc2c(ncn2[C@@H]2O[C@H](CO)C(O)C2(F)F)c(=O)[nH]1,success,261,242,237.13,
1137,Nc1nc2c(ncn2[C@@H]2O[C@H](C(F)OP(=O)(O)OP(=O)(O)O)[C@@H](O)[C@H]2O)c(=O)[nH]1,success,72,56,95.96,
1138,Nc1nc2c(ncn2[C@@H]2O[C@H](COP(=O)(OF)OP(=O)(O)O)C(O)C2O)c(=O)[nH]1,success,102,86,103.73,
1139,Nc1nc2c(ncn2[C@]2(F)O[C@H](COP(=O)(O)OP(=O)(O)O)[C@@H](O)[C@H]2O)c(=O)[nH]1,success,71,55,65.87,
1140,Nc1nc2c(ncn2[C@@H]2O[C@H](CO)[C@@H](O)[C@H]2OC(F)(F)F)c(=O)[nH]1,success,304,285,304.44,
1141,Nc1nc2c(ncn2[C@@H]2O[C@H](CO)C(O)C2OC(F)(F)F)c(=O)[nH]1,success,326,307,299.01,
1142,Nc1nc2c(ncn2[C@@H]2O[C@H](CO)[C@@H](O)[C@]2(O)OC(F)(F)F)c(=O)[nH]1,success,363,344,315.83,
1143,Nc1nc2c(ncn2[C@@H]2O[C@H](CO)C(O)C2OOC(F)(F)F)c(=O)[nH]1,success,268,249,260.8,
1144,Nc1nc2c(ncn2[C@@H]2O[C@H](CO)C(O)C2OOCF)c(=O)[nH]1,success,312,293,267.37,
1145,CC(C)C(=O)Nc1nc2c(ncn2[C@@H]2O[C@H](CO)[C@@H](O)[C@H]2OC(F)(F)F)c(=O)[nH]1,success,1077,1056,1473.02,
1146,CC(C)C(=O)Nc1nc2c(ncn2[C@@H]2O[C@H](CO)C(O)C2OC(F)(F)F)c(=O)[nH]1,success,1182,1161,1576.64,
1147,Nc1nc2c(ncn2[C@@H]2O[C@H](C(F)OP(=O)(O)O)[C@@H](O)[C@H]2O)c(=O)[nH]1,success,132,114,217.56,
1148,Nc1nc2c(ncn2[C@@H]2O[C@H](COP(=O)(O)OF)C(O)C2O)c(=O)[nH]1,success,197,179,362.73,
1149,Nc1nc2c(ncn2[C@]2(F)O[C@H](COP(=O)(O)O)[C@@H](O)[C@H]2O)c(=O)[nH]1,success,125,107,225.51,
1150,C#C[C@]1(CO)O[C@@H](n2cnc3c(=O)[nH]cnc32)[C@H](CF)[C@@H]1O,success,337,318,265.34,
1151,Nc1nc2c(ncn2[C@@H]2O[C@H](CO)C(O)C2OF)c(=O)[nH]1,success,253,234,235.28,
1152,Nc1nc2c(ncn2[C@H]2C[C@H](O)[C@@H](C(O)F)O2)c(=O)[nH]1,success,258,239,217.23,
1153,Nc1nc2c(ncn2[C@@]2(F)C[C@H](O)[C@@H](CO)O2)c(=O)[nH]1,success,260,241,223.94,
1154,O=C(NC[C@H]1O[C@@H](n2cnc3c(=O)[nH]cnc32)C[C@@H]1O)C(F)(F)F,success,793,774,1032.92,
1155,Nc1nc2c(ncn2[C@@H]2O[C@H](C(O)F)C[C@H]2O)c(=O)[nH]1,success,259,240,296.5,
1156,C#CC1(F)[C@@H](O)[C@@H](CO)O[C@H]1n1cnc2c(=O)[nH]cnc21,success,241,222,228.38,
1157,Nc1nc2c(ncn2[C@@]2(O)[C@@H](F)CO[C@@H]2CO)c(=O)[nH]1,success,264,245,245.01,
1158,O=c1[nH]cnc2c1ncn2[C@@H]1O[C@H](CO)C(F)C1O,success,236,217,204.66,
1159,Nc1nc2c(ncn2C2O[C@H](CO)[C@@H](F)[C@H]2O)c(=O)[nH]1,success,288,269,254.68,
1160,CO[C@@H]1C(F)[C@@H](CO)O[C@H]1n1cnc2c(=O)[nH]c(N)nc21,success,261,242,261.23,
1161,Nc1nc2c(ncn2[C@H]2C[C@](O)(F)[C@@H](CO)O2)c(=O)[nH]1,success,264,245,236.68,
1162,Nc1nc2c(ncn2C2O[C@H](CO)[C@H](O)[C@@H]2F)c(=O)[nH]1,success,287,268,253.05,
1163,Nc1nc2c(ncn2C2(F)C[C@H](O)[C@@H](CO)O2)c(=O)[nH]1,success,260,241,240.49,
1164,O=c1[nH]cnc2c1ncn2C1O[C@H](CO)C[C@@H]1F,failed,134,115,151.82,min() arg is an empty sequence
1165,CO[C@]1(CO)O[C@@H](n2cnc3c(=O)[nH]cnc32)C[C@@H]1F,success,300,281,224.34,
1166,O=c1[nH]c(F)nc2c1ncn2[C@@H]1C[C@@H](O)[C@H](CO)O1,success,213,194,218.82,
1167,O=c1[nH]c(F)nc2c1ncn2[C@H]1C[C@@H](O)[C@H](CO)O1,success,213,194,249.5,
1168,Nc1nc2c(ncn2[C@@H]2O[C@H](CO)C(O)C2OCCCNC(=O)C(F)(F)F)c(=O)[nH]1,success,1996,1977,2856.62,
1169,O=c1[nH]cnc2c1ncn2[C@H]1O[C@@H](CO)[C@H](O)[C@@H]1OS(=O)(=O)C(F)(F)F,success,158,139,205.69,
1170,Nc1nc2c(ncn2C2O[C@H](CO)[C@@H](CF)[C@H]2O)c(=O)[nH]1,success,333,314,267.9,
1171,COC1C(F)[C@@H](CO)O[C@H]1n1cnc2c(=O)[nH]c(N)nc21,success,276,257,256.86,
1172,O=c1[nH]cnc2c1ncn2[C@@H]1O[C@H](CO)[C@@H](O)C1(F)F,success,213,194,213.18,
1173,C[C@H]1C[C@@](F)(CO)O[C@H]1n1cnc2c(=O)[nH]cnc21,success,161,142,181.5,
1174,NCCCCCCOP(=O)(O)OC[C@H]1O[C@@H](n2cnc3c(=O)[nH]c(N)nc32)[C@H](O)[C@@H]1O,success,514,495,211.21,
1175,O=c1[nH]cnc2c1ncn2[C@]1(F)O[C@H](CO)[C@@H](O)[C@H]1O,success,265,246,255.22,
1176,CC1(F)[C@H](O)[C@@H](CO)O[C@H]1n1cnc2c(=O)[nH]c(N)nc21,success,304,285,268.36,
1177,C[C@]1(CO)O[C@@H](n2cnc3c(=O)[nH]cnc32)[C@H](CF)[C@@H]1O,success,371,352,294.18,
1178,[N-]=[N+]=N[C@]1(CO)O[C@@H](n2cnc3c(=O)[nH]cnc32)[C@H](CF)[C@@H]1O,success,42,26,31.0,
1179,C[C@H]1[C@H](n2cnc3c(=O)[nH]c(N)nc32)O[C@](F)(CO)[C@H]1O,success,348,329,338.71,
1180,[N-]=[N+]=N[C@]1(CO)O[C@@H](n2cnc3c(=O)[nH]cnc32)[C@H](C(F)(F)F)[C@@H]1O,success,42,26,40.96,
1181,C[C@H]1[C@H](n2cnc3c(=O)[nH]cnc32)O[C@](F)(CO)[C@H]1O,success,289,270,272.06,
1182,O=c1[nH]cnc2c1ncn2[C@@H]1O[C@](F)(CO)C(O)C1O,success,292,273,323.36,
1183,C[C@]1(O)[C@H](n2cnc3c(=O)[nH]c(N)nc32)O[C@H](CO)[C@]1(O)F,success,348,329,312.89,
1184,COC[C@H]1O[C@@H](n2cnc3c(=O)[nH]c(N)nc32)[C@@](O)(F)[C@@H]1O,success,295,276,262.84,
1185,C#C[C@]1(O)C(n2cnc3c(=O)[nH]c(N)nc32)O[C@](F)(CO)[C@H]1O,success,343,324,344.71,
1186,C[C@]1(O)C(n2cnc3c(=O)[nH]c(N)nc32)O[C@](F)(CO)[C@H]1O,success,353,334,348.17,
1187,C[C@]1(F)C(n2cnc3c(=O)[nH]c(N)nc32)O[C@](F)(CO)[C@H]1O,success,314,295,271.16,
1188,Cc1nc2c(ncn2[C@@H]2O[C@](F)(CO)[C@@H](O)[C@@]2(C)O)c(=O)[nH]1,success,288,269,260.77,
1189,COC[C@H]1O[C@@H](n2cnc3c(=O)[nH]c(N)nc32)[C@](C)(F)[C@@H]1O,success,246,227,263.15,
1190,Nc1nc2c(ncn2[C@@H]2O[C@H](CO)[C@@H](O)[C@@]2(O)C(F)(F)F)c(=O)[nH]1,success,343,324,308.75,
1191,Nc1nc2c(ncn2[C@@H]2O[C@H](COC(F)(F)F)[C@@H](O)[C@@H]2O)c(=O)[nH]1,success,296,277,337.68,
1192,C[C@@]1(F)C(O)[C@@H](CO)OC1n1cnc2c(=O)[nH]c(N)nc21,success,306,287,255.04,
1193,C#C[C@@]1(F)[C@H](O)[C@@H](COC)O[C@H]1n1cnc2c(=O)[nH]cnc21,success,178,159,252.14,
1194,C#C[C@@]1(F)[C@H](O)[C@@H](COCC)O[C@H]1n1cnc2c(=O)[nH]cnc21,success,590,568,520.53,
1195,C#CC1(F)C(O)[C@@H](CO)O[C@H]1n1cnc2c(=O)[nH]cnc21,success,243,224,281.65,
1196,Nc1nc2c(ncn2[C@@H]2O[C@H](COP(=O)(O)O)[C@@H](OP(=O)(O)O)[C@]2(O)F)c(=O)[nH]1,success,63,47,80.25,
1197,Nc1nc2c(ncn2[C@@H]2O[C@H](CO)[C@@H](OP(O)(O)=S)[C@]2(O)F)c(=O)[nH]1,success,226,207,258.35,
1198,Nc1nc2c(ncn2[C@@H]2O[C@H](CO)[C@@H](OP(=O)(O)O)[C@]2(O)F)c(=O)[nH]1,success,135,117,170.23,
1199,C#CC1(F)C(n2cnc3c(=O)[nH]cnc32)O[C@H](CO)[C@@H]1O,success,241,222,220.55,
1200,C[C@]1(O)O[C@@H](n2cnc3c(=O)[nH]c(N)nc32)[C@H](F)[C@@H]1O,success,174,155,201.97,
1201,CC(C)CNc1nc2c(ncn2[C@@H]2O[C@H](C(O)F)[C@@H](O)[C@H]2O)c(=O)[nH]1,success,1126,1107,1123.8,
1202,[N-]=[N+]=N[C@]1(CO)O[C@@H](n2cnc3c(=O)[nH]c(N)nc32)[C@@H](CF)[C@@H]1O,success,42,26,27.62,
1203,Cc1nc2c(ncn2C2OC(CO)C(O)C2(C)F)c(=O)[nH]1,success,271,252,225.07,
1204,O=c1[nH]cnc2c1ncn2[C@@H]1O[C@H](CO)[C@@H](O)[C@@H]1C(F)(F)F,success,234,215,225.9,
1205,C[C@@H](O)[C@H]1O[C@@H](n2cnc3c(=O)[nH]c(N)nc32)[C@](C)(O)[C@@H]1O,success,939,917,704.69,
1206,Nc1nc2c(ncn2C2O[C@](F)(COP(=O)(O)OP(=O)(O)OP(=O)(O)O)[C@@H](O)[C@H]2O)c(=O)[nH]1,success,57,41,58.39,
1207,CC(C)CNc1nc2c(ncn2[C@@H]2O[C@H](CO)[C@@H](O)[C@]2(O)F)c(=O)[nH]1,success,1079,1059,1195.6,
1208,Nc1nc2c(ncn2C2OC(CO)[C@@H](O)C2F)c(=O)[nH]1,failed,287,268,285.97,min() arg is an empty sequence
1209,[N-]=[N+]=NCO[C@H]1[C@@H](F)[C@H](n2cnc3c(=O)[nH]c(N)nc32)O[C@@H]1CO,success,94,77,85.18,
1210,Nc1nc2c(ncn2[C@@H]2O[C@H](CO)[C@](O)(C(F)(F)F)[C@H]2O)c(=O)[nH]1,success,343,324,310.05,
1211,C[C@@]1(O)C(F)[C@@H](CO)O[C@H]1n1cnc2c(=O)[nH]c(N)nc21,success,309,290,253.93,
1212,Nc1nc2c(ncn2[C@@H]2O[C@H](CO)C(O)[C@@H]2OCC(=O)NCCNC(=O)C(F)(F)F)c(=O)[nH]1,success,544,526,319.77,
1213,O=c1[nH]cnc2c1ncn2[C@@H]1O[C@H](CO)[C@@H](O)[C@]1(O)F,failed,286,267,365.99,min() arg is an empty sequence
1214,O=c1[nH]cnc2c1ncn2[C@@H]1O[C@H](CO)C(O)C1OF,success,197,178,207.44,
1215,Nc1nc2c(ncn2[C@H]2C[C@H](O)[C@@H]([C@H](O)F)O2)c(=O)[nH]1,success,241,222,224.16,
1216,CN(C)C=Nc1nc2c(ncn2[C@@H]2O[C@H](CO)C(O)C2F)c(=O)[nH]1,success,327,308,319.58,
1217,Nc1nc2c(ncn2[C@@]2(CO)OC[C@H](F)[C@@H]2O)c(=O)[nH]1,success,310,291,240.5,
1218,O=c1[nH]cnc2c1ncn2[C@@H]1O[C@H](CO)[C@H](O)C1F,success,234,215,228.78,
1219,Nc1nc2c(ncn2[C@@H]2O[C@H](CO)[C@@H](OP(=O)(O)O)[C@H]2F)c(=O)[nH]1,success,202,183,308.49,
1220,Nc1nc2ncn([C@@H]3O[C@H](CO)[C@@H](F)[C@H]3O)c2c(=O)[nH]1,success,287,268,240.77,
1221,Nc1nc2c(ncn2[C@@H]2O[C@H](COP(=O)(O)F)[C@@H](O)[C@H]2O)c(=O)[nH]1,success,267,248,343.56,
1222,Nc1nc2c(ncn2[C@H]2O[C@H](CO)[C@@H](O)[C@H]2O)c(=O)[nH]1,success,361,342,354.79,
1223,COC1[C@@H](F)[C@@H](CO)O[C@H]1n1cnc2c(=O)[nH]c(N)nc21,success,276,257,256.59,
1224,Cc1nc2c(ncn2[C@@H]2O[C@@](CO)(N=[N+]=[N-])[C@@H](O)C2(F)F)c(=O)[nH]1,success,42,26,25.73,
1225,[N-]=[N+]=N[C@]1(CO)OC(n2cnc3c(=O)[nH]c(N)nc32)[C@H](O)[C@@H]1F,success,42,26,40.12,
1226,[N-]=[N+]=N[C@]1(CO)O[C@@H](n2cnc3c(=O)[nH]c(N)nc32)C(F)[C@@H]1O,success,42,26,29.25,
1227,[N-]=[N+]=N[C@]1(CO)O[C@@H](n2cnc3c(=O)[nH]c(N)nc32)C(F)C1O,success,42,26,39.99,
1228,C[C@]1(O)C(n2cnc3c(=O)[nH]c(N)nc32)O[C@@](CO)(CF)[C@H]1O,success,372,353,378.41,
1229,Nc1nc2c(ncn2[C@@H]2O[C@H](CO)[C@@H](O)[C@H]2OCC(=O)NCCNC(=O)C(F)(F)F)c(=O)[nH]1,success,543,525,250.36,
1230,Nc1nc2c(ncn2[C@@H]2O[C@H](CO)C(O)C2OCC(=O)NCCNC(=O)C(F)(F)F)c(=O)[nH]1,success,562,544,277.12,
1231,Nc1nc2c(ncn2[C@@H]2O[C@H](COC(F)(F)F)[C@@H](O)[C@H]2O)c(=O)[nH]1,failed,296,277,283.63,min() arg is an empty sequence
1232,Nc1nc2c(ncn2[C@]2(C(F)(F)F)O[C@H](CO)[C@@H](O)[C@H]2O)c(=O)[nH]1,success,319,300,323.33,
1233,NC[C@]1(CO)OC(n2cnc3c(=O)[nH]c(N)nc32)[C@H](F)[C@@H]1O,success,435,416,337.56,
1234,Cc1nc2c(ncn2[C@@H]2O[C@@](CO)(CF)[C@@H](O)[C@@]2(C)O)c(=O)[nH]1,success,273,254,264.92,
1235,C[C@@]1(O)[C@H](O)[C@](CO)(CF)O[C@H]1n1cnc2c(=O)[nH]c(N)nc21,success,364,345,316.13,
1236,NC[C@]1(CO)O[C@@H](n2cnc3c(=O)[nH]c(N)nc32)[C@H](F)[C@@H]1O,success,435,416,382.34,
1237,C[C@@]1(O)[C@H](O)[C@@](CF)(COOOO)O[C@H]1n1cnc2c(=O)[nH]c(N)nc21,success,110,92,103.19,
1238,Nc1nc2c(ncn2[C@@H]2O[C@](C(F)F)(C(O)(F)F)[C@@H](O)[C@H]2O)c(=O)[nH]1,success,303,284,322.99,
1239,Nc1nc2c(ncn2[C@@H]2O[C@@](CO)(C(F)F)[C@@H](O)[C@H]2F)c(=O)[nH]1,success,361,342,289.18,
1240,Nc1nc2c(ncn2[C@@H]2O[C@@](CO)(C(F)F)[C@@H](O)[C@@H]2F)c(=O)[nH]1,success,361,342,393.88,
1241,Nc1nc2c(ncn2[C@@H]2O[C@@](CO)(C(F)F)[C@@H](O)[C@@H]2O)c(=O)[nH]1,success,375,356,388.41,
1242,Nc1nc2c(ncn2[C@@H]2O[C@@](CO)(C(F)F)[C@H](F)[C@H]2O)c(=O)[nH]1,success,362,343,277.83,
1243,Nc1nc2c(ncn2[C@@H]2O[C@@](CO)(C(F)F)[C@H](O)[C@H]2O)c(=O)[nH]1,success,375,356,317.74,
1244,Nc1nc2c(ncn2[C@@H]2O[C@](F)(CO)[C@@H](O)[C@H]2F)c(=O)[nH]1,success,289,270,295.76,
1245,Nc1nc2c(ncn2[C@@H]2O[C@](F)(CO)[C@@H](F)[C@H]2F)c(=O)[nH]1,success,175,156,177.56,
1246,Cc1nc2c(ncn2[C@@H]2O[C@](F)(CO)[C@@H](O)[C@H]2F)c(=O)[nH]1,failed,263,244,219.02,min() arg is an empty sequence
1247,C[C@]1(O)[C@H](n2cnc3c(=O)[nH]c(N)nc32)O[C@](F)(CO)[C@H]1F,failed,319,300,257.17,min() arg is an empty sequence
1248,CC(C)CNc1nc2c(ncn2[C@@H]2O[C@H](CO)C(O)C2OF)c(=O)[nH]1,success,1065,1045,1083.07,
1249,CC(C)CNc1nc2c(ncn2[C@]2(F)O[C@H](CO)[C@@H](O)[C@H]2O)c(=O)[nH]1,success,1031,1011,1172.48,
1250,Nc1nc2c(ncn2[C@@H]2O[C@H](C(O)(F)F)[C@@H](O)[C@H]2O)c(=O)[nH]1,success,295,276,352.33,
1251,Nc1nc2c(ncn2[C@]2(F)O[C@H](CO)[C@@H](O)[C@]2(O)F)c(=O)[nH]1,success,301,282,305.95,
1252,Nc1nc2c(ncn2[C@@H]2O[C@@](CO)(C(F)F)C(F)(F)[C@H]2O)c(=O)[nH]1,failed,324,305,272.7,min() arg is an empty sequence
1253,Nc1nc2c(ncn2[C@@H]2O[C@@](CO)(C(F)F)C(F)(F)C2O)c(=O)[nH]1,success,326,307,272.63,
1254,Nc1nc2c(ncn2[C@@H]2O[C@@](CO)(C(F)F)[C@@H](O)[C@H]2O)c(=O)[nH]1,success,375,356,366.5,
1255,Nc1nc2c(ncn2[C@@H]2O[C@@](CO)(C(F)F)C(O)C2O)c(=O)[nH]1,success,377,358,342.33,
1256,[N-]=[N+]=N[C@]1(CO)OC(n2cnc3c(=O)[nH]c(N)nc32)[C@H](F)[C@@H]1O,success,42,26,25.57,
1257,C#CC1(O)C(n2cnc3c(=O)[nH]c(N)nc32)OC(F)(CO)C1O,success,334,315,331.31,
1258,C#CC1(F)C(O)C(CO)OC1n1cnc2c(=O)[nH]cnc21,success,243,224,251.42,
1259,Nc1nc2c(ncn2C2OC(F)(CO)C(F)C2F)c(=O)[nH]1,success,175,156,194.59,
1260,CC1(O)C(n2cnc3c(=O)[nH]c(N)nc32)OC(CO)(CF)C1O,success,357,338,387.56,
1261,Nc1nc2c(ncn2[C@@H]2O[C@H](C(O)F)[C@@H](OP(O)(O)=S)[C@H]2O)c(=O)[nH]1,success,215,196,215.6,
1262,COC1C(F)(CO)OC(n2cnc3c(=O)[nH]c(N)nc32)C1(C)F,success,283,264,240.77,
1263,C[C@@]1(F)[C@H](O)C(F)(CO)O[C@H]1n1cnc2c(=O)[nH]c(N)nc21,success,290,271,367.18,
1264,COC1(CO)OC(n2cnc3c(=O)[nH]c(N)nc32)C(F)C1O,success,436,417,402.48,
1265,CC1(O)C(F)C(CO)OC1n1cnc2c(=O)[nH]c(N)nc21,success,309,290,277.04,
1266,CC1(F)C(n2cnc3c(=O)[nH]c(N)nc32)OC(F)(CO)C1O,success,292,273,273.16,
1267,[N-]=[N+]=N[C@]1(CO)O[C@@H](n2cnc3c(=O)[nH]c(N)nc32)[C@H](O)[C@@H]1F,success,42,26,25.41,
1268,Nc1nc2c(ncn2C2OC(CO)(C(F)F)C(O)C2O)c(=O)[nH]1,success,363,344,343.7,
1269,NCC1(CO)OC(n2cnc3c(=O)[nH]c(N)nc32)C(F)C1O,success,380,361,307.91,
1270,Nc1nc2c(ncn2[C@@H]2O[C@](F)(CO)[C@@H](O)[C@H]2O)c(=O)[nH]1,success,346,327,303.05,
1271,CC(C)C(=O)Nc1nc2c(ncn2[C@@H]2O[C@H](CO)C(F)(F)[C@H]2O)c(=O)[nH]1,success,2048,2026,2991.43,
1272,Nc1nc2c(ncn2[C@@H]2O[C@H](CO)C(F)(F)[C@H]2O)c(=O)[nH]1,success,261,242,228.46,
1273,CC(C)C(=O)Nc1nc2c(ncn2[C@@H]2O[C@H](CO)[C@@H](F)[C@@H]2O)c(=O)[nH]1,success,2409,2387,3481.44,
1274,CC(C)C(=O)Nc1nc2c(ncn2[C@@H]2O[C@H](CO)[C@@H](F)[C@H]2O)c(=O)[nH]1,success,2409,2387,3323.11,
1275,Nc1nc2c(ncn2C2CC(O)(F)C(CO)O2)c(=O)[nH]1,success,264,245,227.84,
1276,Nc1nc2c(ncn2C2OC(F)(CO)C(O)C2F)c(=O)[nH]1,success,274,255,258.85,
1277,O=c1[nH]cnc2c1ncn2[C@@H]1O[C@H](COP(O)(O)=S)[C@@H](O)[C@@H]1F,success,169,150,218.67,
1278,CC(C)C(=O)Nc1nc2c(ncn2[C@@H]2O[C@H](CO)[C@H](F)[C@H]2O)c(=O)[nH]1,success,2409,2387,3517.21,
1279,Nc1nc2c(ncn2C2OC(CO)(C(F)F)C(F)(F)C2O)c(=O)[nH]1,success,288,269,271.03,
1280,C=Nc1nc2c(ncn2C2OC(CO)C(O)C2OCC(=O)[N+](=C)CC[N+](=C)C(=O)C(F)(F)F)c(=O)[nH]1,success,454,436,222.17,
1281,CC1(O)CC(F)(CO)OC1n1cnc2c(=O)[nH]c(N)nc21,success,295,276,259.95,
1282,Nc1nc2c(ncn2[C@@H]2O[C@H](CO)[C@@H](OP(O)(O)=S)[C@H]2F)c(=O)[nH]1,success,226,207,273.64,
1283,CN(C)C=Nc1nc2c(ncn2[C@@H]2O[C@H](CO)[C@@H](O)[C@H]2F)c(=O)[nH]1,success,324,305,312.73,
1284,Nc1nc2c(ncn2C2OC(F)(CO)CC2F)c(=O)[nH]1,success,175,156,182.98,
1285,CNc1nc2c(ncn2[C@@H]2O[C@](F)(CO)[C@@H](O)[C@@]2(C)O)c(=O)[nH]1,success,376,357,441.15,
1286,Nc1nc2c(ncn2[C@@H]2O[C@](F)(COOO)[C@@H](O)[C@H]2O)c(=O)[nH]1,success,233,214,221.18,
1287,CCOC[C@H]1O[C@@H](n2cnc3c(=O)[nH]c(N)nc32)[C@H](O)[C@@H]1F,success,807,785,603.37,
1288,CC1C(n2cnc3c(=O)[nH]c(N)nc32)OC(F)(CO)C1O,success,320,301,263.8,
1289,CC1(n2cnc3c(=O)[nH]c(N)nc32)OC(CO)C(O)C1F,success,306,287,288.27,
1290,[N-]=[N+]=N[C@]1(CO)O[C@@H](n2cnc3c(=O)[nH]c(N)nc32)C(F)(F)C1O,success,42,26,38.56,
1291,CC1(O)C(n2cnc3c(=O)[nH]c(N)nc32)OC(F)(CO)C1O,success,344,325,306.97,
1292,Nc1nc2c(ncn2C2OC(F)(COP(=O)(O)OP(=O)(O)OP(=O)(O)O)C(O)C2O)c(=O)[nH]1,success,57,41,82.01,
1293,Nc1nc2c(ncn2C2OC(CO)(C(F)F)C(O)C2F)c(=O)[nH]1,success,316,297,273.86,
1294,O=c1[nH]cnc2c1ncn2[C@@H]1O[C@H](CO)[C@@H](F)[C@@H]1O,success,235,216,219.54,
1295,Nc1nc2c(ncn2[C@@H]2O[C@H](CO)C(O)[C@]2(O)CF)c(=O)[nH]1,success,367,348,346.89,
1296,Nc1nc2c(ncn2[C@@H]2O[C@H](CO)C(O)[C@]2(F)CF)c(=O)[nH]1,success,306,287,269.12,
1297,Nc1nc2c(ncn2[C@@H]2O[C@H](CO)[C@H](O)C2(F)Br)c(=O)[nH]1,success,260,241,255.62,
1298,Nc1nc2c(ncn2[C@@H]2O[C@H](CO)C(O)[C@]2(F)Br)c(=O)[nH]1,success,261,242,284.4,
1299,C=N[C@]1(CO)O[C@@H](n2cnc3c(=O)[nH]c(N)nc32)[C@@H](CF)[C@@H]1O,success,415,396,295.59,
1300,C=N[C@]1(CO)O[C@@H](n2cnc3c(=O)[nH]cnc32)C(CF)[C@@H]1O,success,367,348,258.62,
1301,C#C[C@]1(CO)O[C@@H](n2cnc3c(=O)[nH]cnc32)C(CF)[C@@H]1O,success,337,318,289.32,
1302,C[C@@H]1[C@H](n2cnc3c(=O)[nH]cnc32)O[C@@](CO)(CF)[C@H]1O,success,371,352,272.51,
1303,O=c1[nH]c(N(F)F)nc2c1ncn2[C@H]1C[C@H](O)[C@@H](CO)O1,success,213,194,240.67,
1304,Nc1nc2c(ncn2[C@@H]2O[C@H](CNC(N)(C(F)(F)F)C(F)(F)F)C[C@H]2O)c(=O)[nH]1,success,120,104,89.47,
1305,C=NC[C@]1(CO)O[C@@H](n2cnc3c(=O)[nH]c(NC)nc32)[C@H](F)[C@@H]1O,success,515,496,410.58,
1306,C=NC[C@]1(CO)O[C@@H](n2cnc3c(=O)[nH]c(N)nc32)[C@H](F)[C@@H]1O,success,469,450,402.08,
1307,C[C@@]1(F)[C@H](O)[C@](CO)(CF)O[C@H]1n1cnc2c(=O)[nH]c(N)nc21,success,367,348,280.26,
1308,C[C@@]1(F)C(O)[C@@](F)(CO)O[C@H]1n1cnc2c(=O)[nH]c(N)nc21,success,300,281,271.2,
1309,CC(C)CNc1nc2c(ncn2[C@@H]2O[C@H](CO)[C@H](O)[C@H]2OF)c(=O)[nH]1,success,1055,1035,1329.68,
1310,O=c1[nH]cnc2c1ncn2[C@@H]1O[C@H](CO)[C@H](O)[C@H]1F,success,234,215,227.32,
1311,CC(C)C(=O)Nc1nc2c(ncn2C2OC(CO)C(F)C2O)c(=O)[nH]1,success,2449,2427,3347.55,
1312,C[C@H]1OC(n2cnc3c(=O)[nH]c(F)nc32)[C@H](O)[C@@H]1O,success,125,106,121.35,
1313,C[C@]1(F)[C@H](O)[C@H](CO)O[C@@H]1n1cnc2c(=O)[nH]c(N)nc21,success,304,285,257.43,
1314,C#C[C@]1(O)[C@H](n2cnc3c(=O)[nH]cnc32)O[C@](F)(CO)[C@H]1O,success,288,269,267.54,
1315,Nc1nc2c(ncn2[C@@H]2O[C@H](CO)[C@@H](OF)[C@H]2O)c(=O)[nH]1,success,252,233,236.87,
1316,CC(C)C(=O)Nc1nc2c(ncn2[C@@H]2O[C@H](CO)[C@@H](OF)[C@H]2O)c(=O)[nH]1,success,1881,1859,2703.56,
1317,CC(C)C(=O)Nc1nc2c(ncn2[C@@H]2O[C@H](CO)[C@](O)(F)[C@H]2O)c(=O)[nH]1,success,2040,2018,2844.98,
1318,Nc1nc2c(ncn2[C@@H]2O[C@H](CO)[C@H](O)[C@H]2OF)c(=O)[nH]1,success,252,233,223.58,
1319,CC(C)C(=O)Nc1nc2c(ncn2C2OC(CO)C(O)C2F)c(=O)[nH]1,success,2448,2426,3403.16,
1320,O=c1[nH]cnc2c1ncn2[C@@H]1O[C@H](CO)[C@@H](OP(O)(O)=S)[C@]1(O)F,success,179,160,201.93,
1321,O=c1[nH]cnc2c1ncn2[C@@H]1O[C@H](CO)[C@@H](OP(=O)(O)O)[C@]1(O)F,success,120,102,191.42,
1322,CNc1nc2c(c(=O)[nH]1)n(C)c[n+]2[C@@H]1O[C@H](CO)[C@@H](O)[C@H]1O,success,445,426,395.17,
1323,O=c1[nH]cnc2c1ncn2C1O[C@H](CO)[C@@H](O)[C@H]1F,success,234,215,260.66,
1324,C[C@]1(O)[C@H](n2cnc3c(=O)[nH]cnc32)O[C@](F)(CO)[C@H]1O,success,294,275,313.88,
1325,C#C[C@]1(O)[C@H](n2cnc3c(=O)[nH]cnc32)O[C@]2(F)C(O)[C@@]21O,success,198,179,303.3,
1326,CN1CNc2c(ncn2[C@@H]2O[C@H](CO)[C@@H](O)C2F)C1=O,success,277,258,283.38,
1327,Cn1cnc2c(ncn2[C@@H]2O[C@H](CO)[C@@H](O)[C@H]2F)c1=O,success,268,249,241.55,
1328,Cc1nc2c(ncn2[C@@H]2O[C@H](CO)[C@@H](O)C2(F)F)c(=O)[nH]1,success,230,211,209.07,
1329,Cn1c(N)nc2c(ncn2[C@@H]2O[C@H](CO)[C@@H](O)[C@H]2F)c1=O,success,326,307,320.0,
1330,C[C@@]1(n2cnc3c(=O)[nH]cnc32)O[C@H](CO)[C@@H](O)[C@H]1F,success,253,234,249.87,
1331,Nc1nc2c(ncn2[C@H]2C[C@@](O)(F)[C@@H](CO)O2)c(=O)[nH]1,success,264,245,247.36,
1332,O=c1[nH]c(F)nc2c1ncn2[C@H]1C[C@H](O)[C@@H](COP(=O)(O)O)O1,success,129,110,156.26,
1333,NC[C@H]1O[C@@H](n2cnc3c(=O)[nH]c(N)nc32)[C@H](F)[C@@H]1O,success,136,117,122.93,
1334,Nc1nc2c(nc(Br)n2[C@@H]2O[C@H](CO)[C@@H](O)[C@H]2F)c(=O)[nH]1,success,260,241,241.03,
1335,Nc1nc2c(ncn2[C@H]2C[C@H](O)[C@](CO)(CF)O2)c(=O)[nH]1,success,355,336,296.33,
1336,[C-]#[N+][C@]1(CO)O[C@@H](n2cnc3c(=O)[nH]c(N)nc32)[C@H](F)[C@@H]1O,failed,310,291,273.26,min() arg is an empty sequence
1337,CC(=O)O[C@@H]1[C@@H](F)[C@@H](CO)O[C@H]1n1cnc2c(=O)[nH]c(N)nc21,success,1313,1290,1330.32,
1338,Cc1nc2c(nc(F)n2[C@@H]2O[C@H](CN)[C@@H](O)[C@H]2O)c(=O)[nH]1,success,150,131,202.29,
1339,O=C(CNC[C@H]1O[C@@H](n2c(F)nc3c(=O)[nH]cnc32)[C@H](O)[C@@H]1O)N1CCNCC1,success,196,179,145.69,
1340,O=c1[nH]cnc2c1nc(F)n2C1OCC(O)C1O,success,121,102,166.08,
1341,Nc1nc2c(ncn2[C@@H]2O[C@H](CO)[C@H](O)C2(O)C#CCF)c(=O)[nH]1,success,732,713,617.58,
1342,Nc1nc2c(ncn2C2O[C@H](CO)[C@@H](F)C2OP)c(=O)[nH]1,success,182,163,254.91,
1343,Nc1nc2c(ncn2[C@@H]2O[C@H](CO)[C@@H](F)C2OP)c(=O)[nH]1,success,182,163,225.61,
1344,CC(C)C(=O)Nc1nc2c(ncn2[C@@H]2O[C@H](CO)[C@@H](OCC(F)(F)F)[C@H]2O)c(=O)[nH]1,success,306,285,187.89,
1345,C[C@H]1O[C@@H](n2cnc3c(=O)[nH]cnc32)[C@@](O)(F)[C@@H]1O,success,126,107,128.75,
1346,C[C@H]1O[C@@H](n2cnc3c(=O)[nH]c(N)nc32)[C@@](O)(F)[C@@H]1O,success,174,155,186.34,
1347,Nc1nc2c(ncn2C2OC(CO)[C@@H](O)[C@@H]2F)c(=O)[nH]1,failed,287,268,279.8,min() arg is an empty sequence
1348,Nc1nc2c(ncn2[C@@H]2OC(CO)C[C@@H]2F)c(=O)[nH]1,success,182,163,166.44,
1349,O=c1[nH]cnc2c1ncn2[C@@H]1O[C@](F)(CO)C[C@H]1O,success,245,226,239.42,
1350,N=[N+]=N[C@]1(CO)O[C@@H](n2cnc3c(=O)[nH]cnc32)[C@@H](C(F)(F)F)[C@@H]1O,success,42,26,26.26,
1351,Nc1nc2c(ncn2[C@@H]2O[C@](N)(CO)[C@@H](O)[C@H]2F)c(=O)[nH]1,success,351,332,382.58,
1352,Nc1nc2c(ncn2[C@@H]2O[C@](N)(CO)[C@@H](O)C2(F)F)c(=O)[nH]1,success,314,295,287.96,
1353,C[C@@]1(F)[C@@H](O)[C@@H](CO)O[C@H]1n1cnc2c(=O)[nH]c(N)nc21,success,304,285,258.84,
1354,CC1(CO)O[C@@H](n2cnc3c(=O)[nH]c(N)nc32)[C@H](F)[C@@H]1O,success,318,299,275.86,
1355,COC[C@@]1(CN)O[C@@H](n2cnc3c(=O)[nH]c(N)nc32)[C@H](F)[C@@H]1O,success,355,336,285.77,
1356,O=c1[nH]c(N(F)F)nc2c1ncn2[C@@H]1O[C@H](CO)[C@@H](O)[C@H]1O,success,282,263,316.94,
1357,COC[C@@]1(F)O[C@@H](n2cnc3c(=O)[nH]c(N)nc32)[C@](C)(F)[C@@H]1O,success,261,242,234.51,
1358,FCF.Nc1nc2c(ncn2C2OC(CO)CC2(F)F)c(=O)[nH]1,success,42,26,27.44,
1359,FCF.Nc1nc2c(ncn2C2CC(F)(F)C(CO)O2)c(=O)[nH]1,success,42,26,39.98,
1360,C[C@@]1(n2cnc3c(=O)[nH]c(N)nc32)O[C@H](CO)[C@@H](O)[C@H]1NC(=O)C(F)(F)F,success,1370,1351,2167.88,
1361,Nc1nc2c(ncn2[C@@]2(CNC(=O)C(F)(F)F)C[C@H](O)[C@@H](CO)O2)c(=O)[nH]1,success,1440,1421,2140.04,
1362,Nc1nc2c(ncn2C2OC(CO)[C@H](O)C2(O)CF)c(=O)[nH]1,success,366,347,302.57,
1363,Nc1nc(=O)c2ncn(C3OC(CO)C(O)C3O)c2n1F,success,359,340,307.0,
1364,CC(C)CNc1nc2c(ncn2[C@@H]2O[C@H](CO)[C@H](O)C2OC(F)(F)F)c(=O)[nH]1,success,546,527,630.23,
1365,CC(C)(C(N)=O)c1nc2c(ncn2[C@@H]2O[C@H](CO)[C@@H](O)[C@H]2OC(F)(F)F)c(=O)[nH]1,success,1304,1285,1800.36,
1366,Nc1nc2c(ncn2[C@@H]2O[C@H](CO)C[C@H]2OP(O)(=S)OF)c(=O)[nH]1,success,226,207,307.31,
1367,Nc1nc2c(ncn2[C@@H]2O[C@H](CO)[C@H](F)[C@H]2OP(O)(=S)OF)c(=O)[nH]1,success,226,207,260.53,
1368,O=c1[nH]cnc2c1ncn2C1OC(CO)[C@@H](O)C1F,success,234,215,204.06,
1369,CC(C)C(=O)Nc1nc2c(ncn2[C@@H]2O[C@H](CO)[C@@H](O)C2F)c(=O)[nH]1,success,2408,2386,3236.28,
1370,CC(C)C(=O)Nc1nc2c(ncn2[C@@H]2O[C@H](CO)[C@H](O)[C@H]2F)c(=O)[nH]1,success,2408,2386,3525.56,
1371,O=c1[nH]cnc2c1ncn2C1OC(CO)[C@@H](O)[C@H]1F,success,234,215,212.24,
1372,O=c1[nH]cnc2c1ncn2[C@@H]1O[C@H](CO)[C@@H](F)[C@H]1O[P+](=O)O,success,188,169,230.21,
1373,CC(C)C(=O)Nc1nc2ncn([C@@H]3O[C@H](CO)[C@@H](F)[C@H]3O)c2c(=O)[nH]1,success,2408,2386,3350.14,
1374,Cn1c[n+]([C@@H]2O[C@H](CO)[C@@H](F)[C@H]2O)c2nc(N)[nH]c(=O)c21,success,353,334,293.24,
1375,C[C@@]1(n2cnc3c(=O)[nH]c(N)nc32)O[C@H](CO)[C@@H](O)[C@]1(O)F,success,324,305,310.31,
1376,Cn1c[n+]([C@@H]2O[C@H](CO)[C@@H](O)[C@H]2F)c2nc(N)[nH]c(=O)c21,success,369,350,348.86,
1377,[N-]=[N+]=N[C@@]1(n2cnc3c(=O)[nH]c(N)nc32)O[C@H](CO)[C@@H](O)[C@]1(O)F,success,42,26,29.98,
1378,NP(O)OC[C@H]1O[C@@H](n2cnc3c(=O)[nH]cnc32)[C@H](F)[C@@H]1O,success,204,185,255.56,
1379,Nc1nc2c(nc(C=CF)n2[C@@H]2O[C@H](CO)[C@@H](O)[C@H]2O)c(=O)[nH]1,success,374,355,346.64,
1380,Nc1nc2c(ncn2[C@]2(F)O[C@H](CO)C[C@H]2O)c(=O)[nH]1,success,261,242,246.28,
1381,CC(C)CNc1nc2c(ncn2[C@@H]2O[C@H](CO)[C@](O)(F)[C@H]2O)c(=O)[nH]1,success,1079,1059,1186.72,
1382,Nc1nc2c(nc(Br)n2[C@@H]2O[C@H](CO)[C@@H](F)[C@H]2O)c(=O)[nH]1,success,261,242,270.69,
1383,Nc1nc2c(nc(Br)n2[C@@H]2O[C@H](CO)[C@H](F)[C@H]2O)c(=O)[nH]1,success,261,242,227.94,
1384,CCOC[C@H]1O[C@@H](n2cnc3c(=O)[nH]c(NC(=O)C(C)C)nc32)[C@H](O)[C@@H]1F,success,362,339,218.16,
1385,CCOC[C@H]1O[C@@H](n2cnc3c(=O)[nH]c(NC(=O)C(C)C)nc32)[C@@H](O)[C@@H]1F,success,362,339,239.31,
1386,Nc1nc2c(ncn2[C@]2(F)O[C@H](CO)[C@@H](OP(=O)(O)O)[C@H]2O)c(=O)[nH]1,success,124,106,165.36,
1387,C[C@@]1(O)[C@H](O)[C@@H](CO)O[C@@]1(F)n1cnc2c(=O)[nH]c(N)nc21,success,324,305,348.43,
1388,Nc1nc2c(ncn2[C@]2(C(F)F)O[C@H](CO)[C@@H](O)[C@H]2O)c(=O)[nH]1,success,342,323,355.51,
1389,O=c1[nH]cnc2c1ncn2[C@@]1(F)C[C@H](O)[C@@H](CO)O1,success,213,194,208.56,
1390,Nc1nc2c(ncn2C2OC(CO)C(OCC(F)(F)F)C2OPO)c(=O)[nH]1,success,742,723,940.24,
1391,O=c1[nH]cnc2c1ncn2C1(F)CO[C@H](COP(O)(O)=S)[C@H]1O,success,155,136,217.58,
1392,NCCO[C@]1(CO)O[C@@H](n2cnc3c(=O)[nH]c(N)nc32)[C@@H](F)[C@@H]1O,success,1248,1229,1159.61,
1393,[N-]=[N+]=NCCO[C@]1(CO)O[C@@H](n2cnc3c(=O)[nH]c(N)nc32)[C@@H](F)[C@@H]1O,success,223,205,104.88,
1394,CNCCO[C@]1(CO)O[C@@H](n2cnc3c(=O)[nH]c(N)nc32)[C@@H](F)[C@@H]1O,success,1238,1219,1236.66,
1395,CC(C)C(=O)Nc1nc2c(ncn2[C@@H]2O[C@H](CO)C(O)[C@@H]2F)c(=O)[nH]1,success,2476,2454,3611.69,
1396,Nc1nc2c(ncn2[C@@H]2O[C@H](CO)[C@@H](OP(=O)(O)O)[C@H]2OF)c(=O)[nH]1,success,99,81,127.5,
1397,O=c1[nH]cnc2c1nc(F)n2[C@@H]1O[C@H](CO)[C@@H](O)[C@H]1O,success,282,263,261.59,
1398,NC[C@H]1O[C@@H](n2cnc3c(=O)[nH]cnc32)[C@H](F)[C@@H]1O,success,90,71,91.59,
1399,NP(O)OC[C@H]1O[C@@H](n2cnc3c(=O)[nH]c(F)nc32)[C@H](O)[C@@H]1O,success,261,242,302.03,
1400,Nc1nc2c(ncn2[C@@H]2O[C@H](CO)[C@@H](S)[C@]2(O)F)c(=O)[nH]1,success,265,246,247.01,
1401,CC1(n2cnc3c(=O)[nH]c(N)nc32)O[C@H](CO)C(O)C1F,success,306,287,306.68,
1402,C[C@]1(F)C(O)[C@@H](CO)OC1n1cnc2c(=O)[nH]c(N)nc21,success,306,287,272.1,
1403,Nc1nc2c(ncn2C2O[C@](F)(CO)[C@@H](F)[C@H]2F)c(=O)[nH]1,success,175,156,224.87,
1404,Cn1c(N)nc2c(ncn2CC2O[C@H](CO)[C@@H](O)[C@H]2F)c1=O,success,367,348,317.58,
1405,CC(C)C(=O)Nc1nc2c(ncn2[C@@H]2O[C@H](CO)C(O)C2F)c(=O)[nH]1,success,2476,2454,3507.88,
1406,Nc1nc2c(ncn2[C@@H]2O[C@H](CO)C(O)C2(F)Br)c(=O)[nH]1,success,261,242,245.25,
1407,Nc1nc2c(ncn2[C@]2(O)CO[C@H](CO)[C@H]2F)c(=O)[nH]1,success,264,245,241.5,
1408,COC1C(CO)OC(n2cnc3c(=O)[nH]c(N)nc32)C1F,success,276,257,250.03,
1409,Cc1nc2c(ncn2[C@@H]2O[C@H](CO)C(O)[C@@H]2F)c(=O)[nH]1,success,255,236,258.72,
1410,Nc1nc2c(ncn2[C@@H]2O[C@H](CO)[C@H](O)C2OCCCCCCNC(=O)C(F)(F)F)c(=O)[nH]1,success,381,362,199.52,
1411,CN(C)/C=N/c1nc2c(ncn2[C@@H]2O[C@H](CO)[C@H](O)C2OCCCCCCNC(=O)C(F)(F)F)c(=O)[nH]1,success,385,366,155.7,
1412,Nc1nc2c(ncn2[C@@H]2O[C@H](COP(O)(O)=S)[C@H](F)C2O)c(=O)[nH]1,success,222,203,304.97,
1413,Nc1nc2c(ncn2[C@@H]2O[C@H](COP(O)(O)=S)C(F)[C@@H]2O)c(=O)[nH]1,success,221,202,248.63,
1414,Nc1nc2c(ncn2[C@@H]2O[C@H](CO[P+](=O)S)C(F)[C@@H]2O)c(=O)[nH]1,success,196,177,257.5,
1415,CC(C)C(=O)Nc1nc2c(ncn2[C@@H]2O[C@H](CO)C(F)C2O)c(=O)[nH]1,success,2477,2455,3643.6,
1416,CC(C)CNc1nc2c(ncn2[C@@H]2O[C@H](CO)[C@@H](F)[C@H]2O)c(=O)[nH]1,success,1368,1348,1217.17,
1417,Nc1nc2c(ncn2C2OC(COP(O)(O)=S)[C@H](F)[C@@H]2O)c(=O)[nH]1,success,220,201,323.3,
1418,Nc1nc2c(ncn2C2OC(COP(O)(O)=S)C(F)C2O)c(=O)[nH]1,success,221,202,246.76,
1419,CCC(C)C(=O)Nc1nc2c(ncn2C2OC(CO)C(F)C2O)c(=O)[nH]1,success,2653,2632,4357.41,
1420,CC(C)C(=O)Nc1nc2c(ncn2[C@@H]2O[C@H](CO)C(F)[C@@H]2O)c(=O)[nH]1,success,2409,2387,3269.12,
1421,Nc1nc2c(ncn2[C@@H]2O[C@H](CO)C(O)[C@H]2F)c(=O)[nH]1,success,288,269,306.35,
1422,CC(C)C(=O)Nc1nc2c(ncn2[C@@H]2O[C@H](CO)[C@H](F)C2O)c(=O)[nH]1,success,2477,2455,3648.08,
1423,CC(C)C(=O)Nc1nc2c(ncn2[C@@H]2O[C@H](CO)[C@H](F)C2(O)O)c(=O)[nH]1,success,1878,1856,2644.27,
1424,CC(C)C(=O)Nc1nc2c(ncn2[C@@H]2O[C@H](CO)C(F)C2(O)O)c(=O)[nH]1,success,1878,1856,2594.58,
1425,CC(C)C(=O)Nc1nc2c(ncn2[C@@H]2O[C@H](CO)[C@@H](N)[C@H]2OC(F)(F)F)c(=O)[nH]1,success,1188,1167,1774.95,
1426,Nc1nc2c(ncn2[C@@H]2O[C@H](CO)[C@](O)(F)[C@H]2S)c(=O)[nH]1,success,264,245,254.92,
1427,Nc1nc2c(c(=O)[nH]1)n(CCF)c[n+]2[C@@H]1O[C@H](COP(=O)(O)O)C(O)[C@@H]1O,success,612,594,704.29,
1428,Nc1nc2c(ncn2[C@@H]2O[C@@](CO)(CF)[C@@H](O)[C@@H]2F)c(=O)[nH]1,success,365,346,284.21,
1429,Nc1nc2c(ncn2[C@H]2CC(O)[C@](CO)(CF)O2)c(=O)[nH]1,success,357,338,281.0,
1430,Nc1nc2c(ncn2[C@@H]2O[C@H](CO)[C@@H](COC(F)F)[C@H]2O)c(=O)[nH]1,success,645,626,523.34,
1431,C[C@@]1(F)[C@H](O)C(CO)O[C@H]1n1cnc2c(=O)[nH]c(N)nc21,success,304,285,279.5,
1432,Nc1nc2c(ncn2[C@@H]2OC(CO)[C@@H](F)[C@H]2O)c(=O)[nH]1,success,288,269,322.88,
1433,Nc1nc2c(ncn2[C@@H]2O[C@H](COP(=O)(O)O)[C@H](O)[C@H]2OF)c(=O)[nH]1,success,103,85,210.68,
1434,Nc1nc2c(ncn2C2CC(F)C(F)(CO)O2)c(=O)[nH]1,success,175,156,191.63,
1435,CC(C)C(=O)Nc1nc2c(ncn2C2O[C@H](CO)[C@@H](O)[C@H]2OC(F)(F)F)c(=O)[nH]1,success,1077,1056,1484.77,
1436,C[C@@]1(OF)[C@@H](O)[C@@H](CO)O[C@H]1n1cnc2c(=O)[nH]c(N)nc21,success,252,233,250.71,
1437,CC(C)C(=O)Nc1nc2c(ncn2[C@@H]2O[C@H](CN)C(O)C2F)c(=O)[nH]1,success,1447,1426,1922.9,
1438,CC(C)C(=O)Nc1nc2c(ncn2[C@@H]2O[C@H](CN)[C@@H](O)[C@H]2F)c(=O)[nH]1,success,1404,1383,1972.03,
1439,Nc1nc2c(ncn2[C@@H]2O[C@H](COP(=O)([O-])O)[C@H](O)C2F)c(=O)[nH]1,success,221,202,275.02,
1440,Nc1nc2c(ncn2[C@@H]2O[C@H](CO)C(O)[C@@H]2OCCCCCCNC(=O)C(F)(F)F)c(=O)[nH]1,success,363,344,138.23,
1441,CN(C)/C=N/c1nc2c(ncn2[C@@H]2O[C@H](CO)C(O)[C@@H]2OCCCCCCNC(=O)C(F)(F)F)c(=O)[nH]1,success,365,346,209.32,
1442,Nc1nc2c(ncn2[C@@H]2O[C@H](COP(=O)(O)OP(=O)(O)OP(=O)(O)O)[C@@H](O)[C@]2(O)F)c(=O)[nH]1,success,56,40,87.24,
1443,Cn1c[n+]([C@@H]2O[C@H](COP(=O)([O-])F)[C@@H](O)[C@H]2O)c2nc(N)[nH]c(=O)c21,success,292,273,366.85,
1444,Nc1nc2c(ncn2C2O[C@@H]3C(O)[C@]3(F)[C@H]2O)c(=O)[nH]1,success,173,154,225.29,
1445,Nc1nc2c(ncn2[C@@H]2O[C@H](CO)C(O)[C@]2(O)C#CCF)c(=O)[nH]1,success,737,718,695.53,
1446,Nc1nc2c(ncn2[C@H]2CC[C@@](F)(CO)O2)c(=O)[nH]1,success,183,164,166.22,
1447,C#C[C@@]1(O)[C@@H](O)[C@H](n2cnc3c(=O)[nH]c(N)nc32)O[C@]1(F)CO,success,343,324,301.61,
1448,C[C@]1(O)[C@@H](O)[C@H](n2cnc3c(=O)[nH]c(N)nc32)O[C@]1(F)CO,failed,353,334,298.71,min() arg is an empty sequence
1449,COC1(CO)O[C@@H](n2cnc3c(=O)[nH]c(N)nc32)[C@H](F)[C@@H]1O,success,430,411,435.67,
1450,CC1(F)[C@@H](O)C(CO)O[C@H]1n1cnc2c(=O)[nH]c(N)nc21,success,304,285,244.87,
1451,Nc1nc2c(ncn2[C@@H]2O[C@H](CO)C(O[P+](=O)O)[C@@H]2F)c(=O)[nH]1,success,250,231,308.19,
1452,Nc1nc2c(ncn2[C@@H]2O[C@H](CO)C(OC[P+](=O)O)C2F)c(=O)[nH]1,success,301,282,410.08,
1453,Nc1nc2c(ncn2[C@@H]2O[C@H](CO)C(O[P+](=O)O)C2F)c(=O)[nH]1,success,250,231,291.73,
1454,O=c1[nH]cnc2c1ncn2[C@@]1(F)CO[C@H](COP(O)(O)=S)[C@H]1O,success,155,136,195.15,
1455,O=C(NC[C@H]1O[C@@H](n2cnc3c(=O)[nH]cnc32)[C@H](F)[C@@H]1O)C(F)(F)F,success,789,770,1052.06,
1456,Nc1nc2c(ncn2[C@@H]2OC(COP(O)(O)=S)[C@H](F)[C@@H]2O)c(=O)[nH]1,success,220,201,391.18,
1457,Nc1nc2c(ncn2C2O[C@H](COP(O)(O)=S)[C@H](F)[C@@H]2O)c(=O)[nH]1,success,221,202,284.77,
1458,Nc1nc2c(ncn2[C@@H]2O[C@H](COP(O)(O)=S)C(F)C2O)c(=O)[nH]1,failed,222,203,301.13,min() arg is an empty sequence
1459,CC(C)C(=O)Nc1nc2c(ncn2[C@@H]2OC(CO)[C@H](F)C2(O)O)c(=O)[nH]1,success,1854,1832,2578.32,
1460,Nc1nc2c(ncn2[C@@H]2O[C@H](COP(O)(O)=S)[C@H](F)[C@@H]2O)c(=O)[nH]1,success,221,202,359.67,
1461,Nc1nc2c(ncn2[C@@H]2O[C@H](CO)C(OS)C2F)c(=O)[nH]1,failed,182,163,175.04,min() arg is an empty sequence
1462,CN(C)C=Nc1nc2c(ncn2[C@@H]2O[C@H](CO)[C@H](O)[C@@H]2OCCCCCCNC(=O)C(F)(F)F)c(=O)[nH]1,success,365,346,133.41,
1463,Nc1nc2c(ncn2[C@@H]2O[C@H](CO)[C@H](O)[C@@H]2OCCCCCCNC(=O)C(F)(F)F)c(=O)[nH]1,success,363,344,149.11,
1464,C[C@@]1(O)[C@@H](O)[C@H](n2cnc3c(=O)[nH]c(N)nc32)O[C@@]1(CO)CF,success,372,353,331.69,
1465,Cc1nc2c(ncn2[C@@H]2O[C@H](COP(O)(O)=S)C(F)[C@@H]2O)c(=O)[nH]1,success,180,161,241.18,
1466,Cc1nc2c(ncn2[C@@H]2O[C@H](COP(O)(O)=S)[C@H](F)C2O)c(=O)[nH]1,success,181,162,229.0,
1467,Nc1nc2c(ncn2[C@@H]2O[C@H](CO[P+](=O)S)[C@H](F)C2O)c(=O)[nH]1,success,197,178,236.26,
1468,Nc1nc2c(ncn2[C@@H]2O[C@H](COP(=O)(O)O)C(O)[C@H]2F)c(=O)[nH]1,success,183,164,276.89,
1469,[N-]=[N+]=NCO[C@@H]1[C@@H](F)[C@H](n2cnc3c(=O)[nH]c(N)nc32)O[C@@H]1CO,success,94,77,59.37,
1470,CC(C)C(=O)Nc1nc2c(ncn2[C@@H]2OC(CO)[C@@H](F)[C@@H]2O)c(=O)[nH]1,success,2381,2359,3302.96,
1471,CC(C)C(=O)Nc1nc2c(ncn2[C@@H]2OC(CO)C(F)(F)[C@H]2O)c(=O)[nH]1,success,2024,2002,2890.19,
1472,O=c1[nH]cnc2c1ncn2[C@@]1(F)C[C@H](O)[C@@H](COP(=O)(O)O)O1,success,129,110,152.22,
1473,O=c1[nH]c(F)nc2c1ncn2[C@@H]1O[C@H](CO)[C@@H](OP(O)(O)=S)[C@H]1O,success,176,157,224.79,
1474,O=c1[nH]c(F)nc2c1ncn2[C@@H]1O[C@H](CO)[C@@H](OP(=O)(O)O)[C@H]1O,success,119,101,151.72,
1475,Nc1nc2c(nc(Br)n2C2OC(CO)C(F)C2O)c(=O)[nH]1,success,262,243,261.06,
1476,O=c1ncn(F)c2c1ncn2[C@@H]1O[C@H](CO)C[C@H]1O,success,233,214,213.62,
1477,O=c1[nH]cnc2c1ncn2[C@@H]1O[C@H](CO)[C@@H](O)[C@H]1O.OC(F)(C(F)F)C(F)(F)F,success,42,26,28.07,
1478,Nc1nc(=O)c2ncn([C@@H]3O[C@H](COP(=O)(O)O)[C@H](O)[C@H]3OF)c2n1S,success,102,84,153.07,
1479,Nc1nc2c(ncn2[C@@H]2O[C@H](CO)[C@H](P(O)(O)=S)[C@@H]2OF)c(=O)[nH]1,success,192,173,247.88,
1480,Nc1nc2c(ncn2[C@@H]2O[C@H](CO)[C@](O)(P(O)(O)=S)[C@]2(O)F)c(=O)[nH]1,success,285,266,329.94,
1481,Nc1nc2c(ncn2[C@@H]2O[C@H](CO)[C@H](O)[C@H]2OC(F)(F)F)c(=O)[nH]1,success,304,285,336.63,
1482,Nc1nc2c(ncn2[C@]2(F)O[C@H](CO)[C@@H](OP(O)(O)=S)[C@H]2O)c(=O)[nH]1,success,210,191,336.55,
1483,O=c1[nH]cnc2c1ncn2[C@]1(F)O[C@H](CO)C[C@H]1O,success,214,195,309.8,
1484,O=c1[nH]cnc2c1ncn2[C@@H]1O[C@H](COP(O)(O)=S)[C@@H](O)[C@H]1F,failed,169,150,212.48,min() arg is an empty sequence
1485,O=c1[nH]cnc2c1ncn2[C@]1(F)O[C@H](CO)[C@@H](OP(=O)(O)O)[C@H]1O,success,110,92,143.45,
1486,Nc1nc2c(ncn2[C@@H]2O[C@H](CO)[C@@H](F)[C@H]2OP(=O)(O)O)c(=O)[nH]1,success,203,184,305.48,
1487,Nc1nc2c(ncn2[C@@H]2O[C@](F)(CO)[C@@H](O)C2(F)F)c(=O)[nH]1,success,258,239,298.05,
1488,O=c1[nH]cnc2c1ncn2[C@H]1C[C@@](O)(F)[C@@H](CO)O1,success,216,197,218.68,
1489,Nc1nc2c(ncn2[C@@]2(F)C[C@@H](O)[C@@H](CO)O2)c(=O)[nH]1,success,260,241,227.4,
1490,CC(=O)Nc1nc2c(ncn2[C@@H]2O[C@H](CO)[C@@H](O)[C@]2(O)F)c(=O)[nH]1,success,1556,1533,1910.29,
1491,Nc1nc2c(ncn2[C@@H]2O[C@H](CO)[C@@H](O)[C@H]2OF)c(=O)[nH]1,success,252,233,270.18,
1492,Nc1nc2c(ncn2[C@@H]2O[C@H](CO)[C@@](F)(OP(O)(O)=S)[C@]2(O)F)c(=O)[nH]1,success,208,189,279.81,
1493,Nc1nc2c(ncn2[C@@H]2O[C@H](CO)[C@@H](OP(O)(O)=S)[C@H]2OF)c(=O)[nH]1,failed,168,149,204.61,min() arg is an empty sequence
1494,Nc1nc2c(ncn2[C@@H]2O[C@H](COP(N)O)[C@@H](O)[C@]2(O)F)c(=O)[nH]1,success,282,263,405.13,
1495,O=c1[nH]cnc2c1ncn2[C@@H]1O[C@H](CO)C(O)[C@@H]1F,success,235,216,227.8,
1496,Cn1c(N)nc2c(ncn2[C@@H]2O[C@H](CO)C(O)[C@@H]2F)c1=O,success,328,309,259.91,
1497,CNc1nc2c(ncn2[C@@H]2O[C@H](CO)C(O)[C@@H]2F)c(=O)[nH]1,success,345,326,288.02,
1498,Cn1cnc2c(ncn2[C@@H]2O[C@H](CO)C(O)[C@@H]2F)c1=O,success,270,251,290.33,
1499,CN(C)c1nc2c(ncn2[C@@H]2O[C@H](CO)C(O)[C@@H]2F)c(=O)[nH]1,success,270,251,243.8,
1500,Cc1[nH]c2nc3c(ncn3[C@@H]3O[C@H](CO)C(O)[C@@H]3F)c(=O)n2c1C,success,201,183,225.32,
1501,O=c1[nH]cnc2c1ncn2[C@@H]1O[C@H](C(O)I)[C@@H](O)[C@]1(O)F,failed,259,240,276.14,min() arg is an empty sequence
1502,CC(C)C(=O)Nc1nc2c(ncn2[C@@H]2O[C@H](CO)[C@@H](O)[C@]2(O)F)c(=O)[nH]1,success,2040,2018,2930.94,
1503,Nc1nc2c(ncn2[C@@H]2O[C@H](COP(N)O)[C@@H](O)[C@H]2F)c(=O)[nH]1,success,227,208,249.02,
1504,Nc1nc2c(nc(N3CCOCC3)n2C2OC(CO)C(O)C2O)c(=O)[nH]1,success,124,106,118.1,
1505,Nc1nc2c(ncn2C2OC(CO)C(O)C2O)c(=O)[nH]1.[Cl-].[Cl-].[NH2-].[NH2-].[Pt+4],success,42,26,26.56,
1506,[N-]=[N+]=N[C@H]1C[C@H](n2cnc3nc(N)[nH]c(=O)c32)O[C@@H]1CO,success,42,26,36.87,
1507,O=C1CNC(=O)c2c(ncn2C2OC(CO)CC2O)N1,success,235,216,264.52,
1508,CN1C(=O)CNC(=O)c2ncn(C3OC(CO)C(O)C3O)c21,success,264,245,168.83,
1509,O=C1CNC(=O)c2ncn(C3OC(CO)C(O)C3O)c2N1,failed,256,237,195.9,min() arg is an empty sequence
1510,CN1CC(=O)Nc2c(ncn2C2OC(CO)C(O)C2O)C1=O,success,297,278,215.66,
1511,Cn1c[n+](C2OC(CO)C(O)C2O)c2[nH+]c(O)[nH]c(=O)c21,success,410,391,314.31,
1512,Nc1[nH]c(=O)c2c([nH+]1)[n+]([C@@H]1O[C@H](CO)[C@@H](O)[C@H]1O)cn2CCO,success,1455,1434,968.13,
1513,Cn1c(=O)c2c(nc(N)n2[C@H]2O[C@@H](CO)[C@H](O)[C@@H]2O)n(C)c1=O,success,330,311,270.93,
1514,O=C1CNC(=O)c2c(ncn2[C@@H]2O[C@H](CO)[C@@H](O)[C@H]2O)N1,success,254,235,169.01,
1515,NC(=O)c1c(NC=O)ncn1[C@@H]1OC[C@@H](O)[C@@H](O)[C@H]1O,success,1637,1618,1466.12,
1516,Nc1nc2ncn([C@H]3CC[C@H](CO)O3)c2c(=O)[nH]1,success,182,163,198.08,
1517,N#C[C@@H]1[C@H](O)[C@@H](n2cnc3c(=O)[nH]cnc32)O[C@H]1CO,success,235,216,223.98,
1518,CC(O)[C@@H]1O[C@H](n2cnc3c(=O)[nH]cnc32)[C@@H](O)[C@H]1O,success,916,894,676.92,
1519,CC(O)[C@@H]1O[C@H](n2cnc3c(=O)[nH]c(N)nc32)[C@@H](O)[C@H]1O,success,947,925,770.96,
1520,Nc1nc2c(ncn2[C@@H]2CC[C@H](CO)O2)c(=O)[nH]1,success,182,163,162.55,
1521,N#C[C@@H]1[C@H](O)[C@@H](n2cnc3c(=O)[nH]c(N)nc32)O[C@H]1CO,success,278,259,238.84,
1522,Nc1nc2ncn([C@@H]3CC[C@H](CO)O3)c2c(=O)[nH]1,success,182,163,213.01,
1523,CCNc1nc2c(ncn2[C@@H]2C[C@@H](O)[C@H](COP(=O)(O)O)O2)c(=O)[nH]1,failed,642,621,946.2,min() arg is an empty sequence
1524,NC(=O)Cc1nc2c(=O)[nH]cnc2n1[C@H]1O[C@@H](CO)[C@H](O)[C@@H]1O,success,2466,2447,2940.29,
1525,CCNC(=O)Cc1nc2c(=O)[nH]cnc2n1[C@H]1O[C@@H](CO)[C@H](O)[C@@H]1O,success,3255,3234,4534.8,
1526,CC(C)C(=O)Nc1nc2c(ncn2[C@H]2O[C@@H](CO)[C@H](O)[C@@H]2O)c(=O)[nH]1,success,2338,2316,3074.07,
1527,Nc1nc2c(ncn2[C@H]2OC[C@@H](CO)C2O)c(=O)[nH]1,success,288,269,251.44,
1528,Nc1nc2c(ncn2C2OC(CO)C(O)C2O)c(=O)n1N,success,376,357,344.26,
1529,CSc1nc2c(=O)[nH]c(N)nc2n1C1OC(CO)C(O)C1O,success,399,380,412.72,
1530,Cc1nc2c(ncn2C2OC(CO)C(O)C2O)c(=O)[nH]1,success,302,283,290.88,
1531,Nc1nc2c(ncn2[C@@]23CO[C@@H]2[C@H](O)[C@@H](CO)O3)c(=O)[nH]1,success,275,256,295.58,
1532,Nc1nc2c(=O)[nH]c(=O)[nH]c2n1C1OC(CO)C(O)C1O,success,319,300,301.08,
1533,NC(=O)c1ncn(C2OCC(O)C(O)C2O)c1N,success,873,854,804.03,
1534,CC1(O)Nc2nc3c(ncn3C3OC(CO)C(O)C3O)c(=O)n2C1O,success,410,391,365.93,
1535,Nc1nc2c(ncn2C2OC(COP(=O)(O)O)C(O)C2O)c(=O)[nH]1.[Na+],success,42,26,35.05,
1536,CC1(C)OC2C(CO)OC(n3cnc4c(=O)[nH]c(N)nc43)C2O1,success,188,169,214.84,
1537,Nc1nc2c(nc(NO)n2C2OC(CO)C(O)C2O)c(=O)[nH]1,success,375,356,280.18,
1538,CC(=O)OC[C@H]1O[C@@H](n2cnc3c(=O)[nH]cnc32)C(OC(C)=O)[C@H]1OC(C)=O,success,374,353,293.92,
1539,CNc1nc2c(=O)[nH]c(N)nc2n1C1OC(CO)C(O)C1O,success,463,444,500.03,
1540,NC[C@H]1O[C@@H](n2cnc3c(=O)[nH]c(N)nc32)[C@H](O)[C@@H]1O,success,215,196,200.62,
1541,NNc1nc2c(=O)[nH]cnc2n1C1OC(CO)C(O)C1O,success,355,336,342.19,
1542,Nc1nc2c(=O)[nH]cnc2n1C1OC(CO)C(O)C1O,success,363,344,334.5,
1543,Nc1nc2c(ncn2C2OCC(O)C(O)C2O)c(=O)[nH]1,failed,280,261,236.61,min() arg is an empty sequence
1544,O=c1[nH]cnc2c1ncn2C1O[C@@H](CO)[C@H](O)[C@@H]1O,success,300,281,246.54,
1545,[N-]=[N+]=NCC1OC(n2cnc3c(=O)[nH]c(N)nc32)C(O)C1O,success,65,49,39.29,
1546,Nc1nc2c(ncn2[C@@H]2O[C@H](CS)[C@@H](O)[C@H]2O)c(=O)[nH]1,success,206,187,204.01,
1547,Nc1nc2c(nc(I)n2[C@@H]2O[C@H](CO)[C@@H](O)[C@H]2O)c(=O)[nH]1,success,338,319,292.29,
1548,O=c1[nH]cnc2c1ncn2C1O[C@H](COP(=O)(O)OP(=O)(O)OP(=O)(O)O)[C@@H](O)[C@H]1O,success,57,41,87.55,
1549,NC(=O)c1c(N)ncn1C1OC(CO)C(O)C1O,success,987,968,764.5,
1550,C[C@H]1O[C@@H](n2cnc3c(=O)[nH]c(N)nc32)C[C@@H]1O,success,115,96,94.4,
1551,Nc1nc2c(ncn2[C@H]2O[C@H](CO)[C@H](O)[C@H]2O)c(=O)[nH]1,success,361,342,321.17,
1552,Nc1nc2c(ncn2[C@H]2C[C@H](O)CO2)c(=O)[nH]1,success,129,110,102.18,
1553,Nc1nc2c(ncn2[C@@H]2C[C@@H](O)[C@H](CO)O2)c(=O)[nH]1,success,287,268,319.06,
1554,O=c1[nH]cnc2c1nc(N1CCOCC1)n2[C@@H]1O[C@H](CO)[C@@H](O)[C@H]1O,success,113,95,142.68,
1555,Nc1nc2c(nc(Br)n2[C@@H]2O[C@H](CO)[C@@H](O)[C@H]2O)c(=O)[nH]1.O.O,success,42,26,26.31,
1556,O=c1[nH]cnc2c1ncn2[C@@H]1O[C@H](COP(=O)([O-])OP(=O)([O-])O)[C@@H](O)[C@H]1O.[Na+].[Na+],success,42,26,35.03,
1557,Nc1nc2c(ncn2[C@H]2O[C@@H](CO)C[C@@H]2O)c(=O)[nH]1,success,288,269,241.06,
1558,O=c1[nH]cnc2c1ncn2[C@H]1CCC(CO)O1,success,134,115,131.3,
1559,O=c1[nH]cnc2c1ncn2[C@@H]1O[C@H](COP(=O)([O-])OP(=O)([O-])OP(=O)(O)O)[C@@H](O)[C@H]1O.[Na+].[Na+],success,42,26,37.27,
1560,Nc1nc2c(ncn2[C@@H]2O[C@H](COP(=O)(O)O)C(O)[C@@H]2O)c(=O)[nH]1,success,135,117,211.18,
1561,Nc1nc2c(ncn2[C@@H]2O[C@H](COP(=O)(O)OP(=O)(O)OP(=O)(O)O)C(O)[C@@H]2O)c(=O)[nH]1,success,57,41,57.84,
1562,Nc1nc2c(ncn2[C@@H]2O[C@H](COP(=O)(O)OP(=O)(O)O)C(O)[C@@H]2O)c(=O)[nH]1,success,73,57,66.25,
1563,Nc1nc2c(ncn2[C@@H]2O[C@H](COP(=O)([O-])OP(=O)([O-])OP(=O)([O-])O)[C@@H](O)[C@H]2O)c(=O)[nH]1.O.[Na+].[Na+].[Na+],success,42,26,61.09,
1564,Nc1nc2c(ncn2[C@@H]2O[C@H](COP(=O)([O-])[O-])[C@@H](O)[C@H]2O)c(=O)[nH]1.O.O.O.O.O.O.O.[Na+].[Na+],success,42,26,56.07,
1565,Cc1nc2c(=O)[nH]c(N)nc2n1C1OC(CO)C(O)C1O,failed,363,344,408.96,min() arg is an empty sequence
1566,O=c1[nH]cnc2c1ncn2[C@@H]1O[C@H](COP(=O)([O-])[O-])[C@@H](O)[C@H]1O.[Na+].[Na+],success,42,26,36.38,
1567,Cn1cnc2c(ncn2[C@H]2C[C@H](O)[C@@H](CO)O2)c1=O,success,268,249,241.37,
1568,Nc1nc2c(ncn2[C@@H]2O[C@H](COP(=O)(O)OP(=O)([O-])OP(=O)([O-])[O-])[C@@H](O)[C@H]2O)c(=O)[nH]1.O.[Na+].[Na+].[Na+],success,42,26,50.62,
1569,Nc1nc2c(ncn2[C@@H]2O[C@H](COP(=O)([O-])[O-])[C@@H](O)[C@H]2O)c(=O)[nH]1.[Na+].[Na+],success,42,26,39.7,
1570,Nc1nc2c(nc([18F])n2C2OC(CO)C(O)C2O)c(=O)[nH]1,success,340,321,373.01,
1571,Nc1nc2c(ncn2[C@@H]2O[C@H](COP3(=O)OO3)[C@@H](O)[C@H]2O)c(=O)[nH]1,success,109,91,150.55,
1572,Nc1nc2c(ncn2[C@@H]2O[C@@H](COP(=O)(O)O)[C@@H](O)[C@H]2O)c(=O)[nH]1,success,134,116,291.14,
1573,Nc1nc2c(ncn2[C@H]2C[C@H](O)[C@@H](COP(O)(=S)S)O2)c(=O)[nH]1,success,218,199,282.19,
1574,Nc1nc2c(c(=O)[nH]1)n1c[n+]2[C@@H]2O[C@H](COP(=O)(O)OP(=O)(O)OC[C@H]3O[C@@H]1[C@H](O)[C@@H]3O)[C@@H](O)[C@H]2O,success,42,26,42.09,
1575,Nc1nc2c(ncn2[C@H]2O[C@H]3COP(=O)(O)O[C@@H]3[C@H]2O)c(=O)[nH]1,success,124,105,128.73,
1576,Cn1c[n+]([C@H]2O[C@@H](COP(=O)(O)OP(=O)(O)O)[C@@H](O)[C@H]2O)c2nc(N)[nH]c(=O)c21,success,78,62,64.15,
1577,Nc1nc2c(ncn2[C@@H]2O[C@H](COP(=O)(O)O[C@@H]3[C@H](O)[C@@H](CO)O[C@H]3N)[C@@H](O)[C@H]2O)c(=O)[nH]1,success,141,125,132.14,
1578,Cn1c[n+]([C@@H]2O[C@H](COP(=O)(O)OP(=O)(O)O[P+](=O)O)[C@@H](O)[C@H]2O)c2nc(N)[nH]c(=O)c21,success,91,75,104.66,
1579,Nc1nc2c(ncn2[C@@H]2OC(COP(=O)(O)CP(=O)(O)OP(=O)(O)O)[C@@H](O)[C@H]2O)c(=O)[nH]1,success,65,49,92.25,
1580,Nc1nc2c(ncn2[C@@H]2O[C@H]([CH+]OP(=O)(O)OP(=O)(O)OP(=O)(O)O)[C@@H](O)[C@H]2O)c(=O)[nH]1,success,57,41,54.53,
1581,Nc1nc2c(ncn2[C@@H]2O[C@H](COP(=O)(O)OP(=O)(O)OP3(=O)OO3)[C@@H](O)[C@H]2O)c(=O)[nH]1,success,66,50,78.55,
1582,Cn1c[n+]([C@@H]2O[C@H](CO[P+](=O)O)[C@@H](O)[C@H]2O)c2nc(N)[nH]c(=O)c21,success,300,281,322.76,
1583,Cn1c[n+]([C@@H]2O[C@H](COP(=O)(O)OP)[C@@H](O)[C@H]2O)c2nc(N)[nH]c(=O)c21,success,230,212,391.04,
1584,[CH2-][C@H]1O[C@@H](n2cnc3c(=O)[nH]c(N)nc32)[C@H](O)[C@@H]1O,failed,182,163,185.01,min() arg is an empty sequence
1585,Nc1nc2c(ncn2[C@@H]2O[C@H](COP(=O)(O)O)[C@@H](O)[C@H]2O)c(=O)[nH]1.O.O.O.O.[V],success,42,26,34.52,
1586,Nc1nc2c(ncn2[C@@H]2O[C@H]3COP(=O)(O)O[C@@H]3[C@H]2O)c(=O)[nH]1,failed,124,105,117.51,min() arg is an empty sequence
1587,Nc1nc2c([nH]c[n+]2[C@@H]2O[C@H](COP(=O)(O)O)[C@@H](O)[C@H]2O)c(=O)[nH]1,success,135,117,191.37,
1588,O=c1[nH]cnc2c1ncn2[C@@H]1O[C@@H](COP(=O)(O)O)[C@@H](O)[C@H]1O,success,119,101,218.94,
1589,Nc1nc2c([nH]c[n+]2[C@@H]2O[C@H](COP(=O)(O)OP(=O)(O)OP(=O)(O)O)[C@@H](O)[C@H]2O)c(=O)[nH]1,success,58,42,55.12,
1590,Nc1nc2c(ncn2[C@@H]2O[C@H](COP(=O)(O)OP(=O)(O)OP(=O)(O)O)C(O)(O)[C@H]2O)c(=O)[nH]1,success,42,26,50.14,
1591,Nc1nc2c(ncn2[C@@H]2O[C@H](CO[P@@]3(=O)O[O+]3P(=O)(O)O)[C@@H](O)[C@H]2O)c(=O)[nH]1,success,90,74,78.34,
1592,O=c1[nH]cnc2c1ncn2[C@@H]1O[C@H]([C@H](O)OP(=O)(O)O)[C@@H](O)[C@H]1O,success,81,65,81.81,
1593,Nc1nc2c(ncn2[C@@H]2O[C@H](COP(=O)(O)O[P@@]3(=O)O[O+]3P(=O)(O)O)[C@@H](O)[C@H]2O)c(=O)[nH]1,success,66,50,105.77,
1594,O=c1[nH]cnc2c1ncn2[C@@H]1O[C@H](COP(=O)(O)OP(=O)(O)CP(=O)(O)O)[C@@H](O)[C@H]1O,success,78,62,120.97,
1595,Nc1nc2c(ncn2[C@@H]2O[C@@H](COP(=O)(O)CP(=O)(O)OP(=O)(O)O)[C@H](O)[C@H]2O)c(=O)[nH]1,success,65,49,66.69,
1596,Nc1nc2c(ncn2[C@@H]2O[C@H](COP(=O)(O)OP(=O)(O)CP(=O)(O)O)[C@@H](O)[C@@H]2O)c(=O)[nH]1,success,84,68,103.38,
1597,Nc1nc2c(ncn2[C@@H]2O[C@@H](COP(=O)(O)OP(=O)(O)OP(=O)(O)O)[C@@H](O)[C@H]2O)c(=O)[nH]1,success,57,41,75.01,
1598,CCCNc1nc2c(ncn2[C@H]2C[C@H](O)[C@@H](COP(=O)(O)O)O2)c(=O)[nH]1,success,1191,1168,1870.04,
1599,Nc1nc2c(ncn2[C@@H]2O[C@H](CO[P+](O)(S)S)[C@@H](O)[C@H]2O)c(=O)[nH]1,failed,283,264,296.52,min() arg is an empty sequence
1600,COCCO[C@H]1[C@@H](O)[C@H](n2cnc3c(=O)[nH]c(N)nc32)O[C@@H]1COP(=O)(O)O,success,180,162,111.11,
1601,Nc1nc2c(ncn2[C@H]2C[C@H](O)[C@@H](COP(=O)(O)[SeH])O2)c(=O)[nH]1,success,242,223,327.38,
1602,Nc1nc2ncn([C@H]3C[C@H](O)[C@@H](COP(=O)(O)O)O3)c2c(=O)[nH]1,success,182,163,235.0,
1603,Cn1c[n+]([C@@H]2O[C@H](COP(=O)(O)OP(O)(=S)OP(=O)(O)O)[C@@H](O)[C@H]2O)c2nc(N)[nH]c(=O)c21,success,90,74,140.31,
1604,Nc1nc2c(ncn2[C@@H]2O[C@](O)(COP(=O)(O)OP(=O)(O)O)[C@@H](O)[C@H]2O)c(=O)[nH]1,success,65,49,52.5,
1605,Nc1nc2c(ncn2[C@@H]2O[C@H](C[O+]3O[P@@]3(=O)OP(=O)(O)OP(=O)(O)O)[C@@H](O)[C@H]2O)c(=O)[nH]1,success,49,33,52.15,
1606,O=c1[nH]cnc2c1ncn2[C@@H]1O[C@H](COP(=O)(O)O)[C@@H](O)[C@H]1O.[H][H],success,62,46,84.32,
1607,Cn1c(N)nc2c([nH]c[n+]2[C@@H]2O[C@H](CO)[C@@H](O)[C@H]2O)c1=O,success,398,379,321.21,
1608,Cn1c[n+]([C@@H]2O[C@H](COP(N)(=O)O)[C@@H](O)[C@H]2O)c2nc(N)[nH]c(=O)c21,success,304,285,332.02,
1609,Nc1nc2c([nH]c[n+]2[C@@H]2O[C@H](COP(=O)(O)OP(=O)(O)O)[C@@H](O)[C@H]2O)c(=O)[nH]1,success,75,59,86.09,
1610,Nc1nc2c(ncn2[C@@H]2O[C@H](CO[P+](O)(O)OP(=O)(O)NP(=O)(O)O)[C@@H](O)[C@H]2O)c(=O)[nH]1,success,54,38,83.5,
1611,CO[C@@H]1[C@H](O)[C@H](n2cnc3c(=O)[nH]c(N)nc32)O[C@H]1COP(=O)(O)OP(=O)(O)OP(=O)(O)O,success,58,40,56.95,
1612,Nc1nc2c(ncn2[C@@H]2O[C@H](COP(=O)(O)OP(=O)(O)NP(=O)(O)O)[C@H](O)[C@H]2O)c(=O)[nH]1,success,84,68,120.86,
1613,Nc1nc2c(ncn2[C@H]2C[C@H](O)[C@@H](COP(=O)(O)[Se])O2)c(=O)[nH]1,success,42,26,31.01,
1614,Nc1nc2c(ncn2[C@H]2C[C@H](O)[C@@H](CO[P@@](O)[SeH])O2)c(=O)[nH]1,success,244,225,289.14,
1615,Nc1nc2c(ncn2[C@H]2C[C@H](O)[C@@H](CO[P@](O)[SeH])O2)c(=O)[nH]1,success,244,225,312.75,
1616,Nc1nc2c(ncn2[C@@H]2O[C@H](COP(=O)(O)OP(=O)(O)O)C(O)(O)[C@H]2O)c(=O)[nH]1,success,57,41,55.59,
1617,CN(C)c1nc2c(c(=O)[nH]1)n(C)c[n+]2[C@@H]1O[C@H](COP(=O)(O)O[P+](=O)O)[C@@H](O)[C@H]1O,success,111,94,122.44,
1618,Nc1nc(=O)c2ncn([C@@H]3O[C@H](COP(=O)([O-])OP(=O)([O-])OP(=O)([O-])[O-])[C@@H](OP(=O)([O-])OP(=O)([O-])[O-])[C@H]3O)c2[nH]1,success,42,26,41.26,
1619,Nn1cnc2c(ncn2[C@@H]2O[C@H](CO)[C@@H](O)[C@H]2O)c1=O,success,323,304,272.28,
1620,[N-]=[N+]=Nn1c(N)nc(=O)c2ncn(C3OC(CO)C(O)C3O)c21,success,42,26,27.95,
1621,Nc1nc2c(ncn2[C@H]2C[C@H](O)[C@@H](COP(=O)=O)O2)c(=O)[nH]1,success,184,165,208.82,
1622,NC(=O)c1ncn([C@@H]2O[C@H](CO)[C@H](O)[C@@H]2O)c1N,success,985,966,779.13,
1623,O=c1[nH]c(=O)n(C2O[C@H](CO)[C@@H](O)[C@H]2O)c2nc[nH]c12,failed,229,210,189.4,min() arg is an empty sequence
1624,NC1NC(=O)c2ncn(C3OC(CO)C(O)C3O)c2N1,success,372,353,313.5,
1625,Nc1nc2c(ncn2[C@H]2CC(O)[C@@H](CO)O2)c(=O)n1CC(O)C1CO1,success,1068,1048,936.63,
1626,Nc1nc2c(ncn2[C@H]2CC(O)[C@@H](CO)O2)c(=O)n1OCl,success,274,255,271.5,
1627,O=C1NC2NCC(O)C(CO)N2c2c1ncn2[C@@H]1C[C@H](O)[C@@H](CO)O1,success,517,499,416.44,
1628,Nc1nc2c(ncn2[C@H]2CC(O)[C@@H](CO)O2)c(=O)n1CCCO,success,2779,2758,2245.61,
1629,O=c1c2[nH]c(Br)nc2ncn1C1O[C@H](CO)[C@@H](O)[C@H]1O,success,261,242,264.53,
1630,Nc1nc2c(ncn2[C@@H]2O[C@H](CO)C(O)C2O)c(=O)n1OP(=O)(O)O,success,88,72,121.57,
1631,O=c1[nH]c(=S)[nH]c2c1ncn2[C@H]1O[C@@H](CO)C(O)C1O,success,288,269,354.62,
1632,CC(C)n1c(N)nc2c(ncn2[C@@H]2O[C@H](CO)C(O)C2O)c1=O,success,1016,995,766.87,
1633,NC(=O)Nn1c(N)nc2c(ncn2[C@@H]2O[C@H](CO)C(O)C2O)c1=O,success,169,153,106.5,
1634,Nc1ccnc(=O)n1CCn1c(N)nc2c(ncn2[C@@H]2O[C@H](CO)[C@@H](O)[C@H]2O)c1=O,success,42,26,41.21,
1635,CCCCN(C(N)=O)n1c(N)nc2c(ncn2[C@@H]2O[C@H](CO)C(O)C2O)c1=O,success,228,212,118.28,
1636,C=CCCn1c(N)nc2c(ncn2[C@H]2CC(O)[C@@H](CO)O2)c1=O,success,1373,1354,974.76,
1637,Nc1nc2c(nc(Br)n2[C@H]2CC(O)[C@@H](CO)O2)c(=O)n1CC(=O)O,success,1971,1952,1995.81,
1638,CCNc1nc2c(ncn2[C@@H]2O[C@H](CO)[C@@H](O)[C@H]2O)c(=O)n1C,success,1114,1093,1188.04,
1639,[2H]c1nc(=O)c2nc([2H])n([C@@H]3O[C@H](CO)[C@@H](O)[C@H]3O)c2[nH]1,success,264,245,247.55,
1640,Nc1nc2c(ncn2[C@@H]2O[C@H](CO)C(O)C2O)c(=O)n1N=C=S,success,347,328,314.93,
1641,N#CSn1c(N)nc(=O)c2ncn(C3OC(CO)C(O)C3O)c21,success,362,343,430.52,
1642,O=c1[nH]c(=O)c2nc(I)n([C@@H]3O[C@H](CO)[C@@H](O)[C@H]3O)c2[nH]1,success,226,207,203.26,
1643,O=c1[nH]c(=O)c2ncn([C@]3(I)O[C@H](CO)[C@@H](O)[C@H]3O)c2[nH]1,success,214,195,241.03,
1644,[2H]C(O)[C@H]1O[C@@H](n2cnc3c(=O)n([2H])c(=O)n([2H])c32)[C@]([2H])(O)[C@]1([2H])O,success,186,167,272.64,
1645,O=c1[nH]c[nH+]c2c1[nH]c[n+]2[C@@H]1O[C@H](COP(=O)([O-])[O-])[C@@H](O)[C@H]1O,success,180,162,258.54,
1646,CCn1c(N)nc(=O)c2ncn([C@H]3C[C@H](O)[C@@H](CO)O3)c21,success,1011,990,719.43,
1647,Nc1nc(=O)c2ncn(C3OC(CO)C(O)C3O)c2n1CO,success,492,473,387.84,
1648,NC(=[Pt])Nc1c([C-]=O)ncn1C1OC(CO)C(O)C1O,success,430,411,439.9,
1649,Nc1nc(=O)c2ncn(C3OC(CO)C(O)C3O)c2n1N=C=S,success,347,328,310.74,
1650,CNc1nc(=O)c2nc(C)n(C3OC(CO)C(O)C3O)c2n1Cl,success,387,368,352.3,
1651,Cn1c(N)nc2c(ncn2[C@@H]2O[C@H](CO)[C@@H](O)[C@H]2OP(=O)(O)O)c1=O,success,141,123,215.72,
1652,O=c1[nH]c(=O)c2c(ncn2C2C[C@H](O)[C@@H](CO)O2)[nH]1,success,207,188,338.7,
1653,NC(=O)c1ncn([C@@H]2O[C@H](CO)[C@@H](O)C2O)c1N,success,987,968,823.82,
1654,Nc1c(C([15NH2])=O)ncn1[C@@H]1O[C@H](CO)[C@@H](O)[C@H]1O,success,1018,999,800.83,
1655,NC(=O)c1ncn2c1NC(C(O)CO)[C@H]1OC(N)=N[C@H]12,success,1839,1818,1951.8,
1656,NC(=O)c1ncn2c1NC(C(O)CO)C1OC(N)=NC12,success,1839,1818,1821.25,
1657,NNc1nc2c(=O)[nH]c(N)nc2n1C1OC(CO)C(O)C1O,success,42,26,26.01,
1658,Nc1nc2c(ncn2C2OC(COP(=O)(O)OP(=O)(O)CP(=O)(O)O)C(O)C2O)c(=O)[nH]1.[Na],success,42,26,37.95,
1659,Cn1c[n+]([C@@H]2O[C@H](COP(=O)([O-])OP(=O)([O-])OP(=O)([O-])[O-])[C@@H](O)[C@H]2O)c2nc(N)[nH]c(=O)c21.[Na+].[Na+].[Na+],success,42,26,42.93,
1660,O=C(O)CNc1nc2c(ncn2[C@H]2C[C@H](O)[C@@H](CO)O2)c(=O)[nH]1,success,2733,2714,3488.97,
1661,CC(=O)OC[C@H]1O[C@@H](n2cnc3c(=O)[nH]cnc32)[C@@H](OC(C)=O)[C@@H]1OC(C)=O,success,322,301,164.45,
1662,Nc1nc2c(ncn2[C@@H]2O[C@H](COP(=O)(O)OP(=O)(O)OP(O)(O)=[35S])[C@@H](O)[C@H]2O)c(=O)[nH]1,success,85,69,134.97,
1663,Nc1nc2c(ncn2C2OC(COP(=O)([O-])OP([O-])([O-])=S)C(O)C2O)c(=O)[nH]1,success,113,97,113.6,
1664,O=c1[nH]cnc2c1ncn2[C@@H]1O[C@H](COP(=O)([O-])O)[C@H](O)C1O,success,179,161,287.84,
1665,CCN(CC)c1nc2c(ncn2[C@H]2C[C@H](O)[C@@H](CO)O2)c(=O)[nH]1,success,893,872,889.47,
1666,Nc1nc2c(ncn2[C@H]2C[C@H](OP(=O)([O-])[O-])[C@@H](CO)O2)c(=O)[nH]1,success,207,188,306.39,
1667,Nc1nc2c(ncn2C2OC(COP(O)(=S)OP(=O)(O)OP(=O)(O)O)C(O)C2O)c(=O)[nH]1,success,57,41,83.61,
1668,O=c1[nH]cnc2ncn([C@@H]3C[C@H](O)[C@@H](CO)O3)c12,success,234,215,202.82,
1669,Nc1nc2c(ncn2[C@@H]2O[C@H](COP(=O)([O-])OP(=O)([O-])OP(=O)([O-])O)[C@H](O)C2O)c(=O)[nH]1,success,74,58,98.83,
1670,O=c1[nH]cnc2c1ncn2[C@@H]1O[C@H](COP(=O)([O-])O)[C@@H](O)[C@H]1O,success,178,160,260.11,
1671,Nc1nc2c(ncn2[C@H]2C[C@H](O)[C@@H](COP(=O)([O-])O)O2)c(=O)[nH]1,success,221,202,307.79,
1672,O=c1[nH]cnc2c1ncn2[C@@H]1O[C@H](COP(=O)([O-])OP(=O)([O-])O)[C@@H](O)[C@H]1O,success,104,88,108.33,
1673,Nc1nc2c(nc(C#CCCO)n2[C@H]2C[C@H](O)[C@@H](CO)O2)c(=O)[nH]1,success,1170,1150,990.73,
1674,Nc1nc2c(ncn2[C@@H]2O[C@H](CO[32P](=O)([O-])OP(=O)([O-])OP(=O)([O-])O)[C@@H](O)[C@H]2O)c(=O)[nH]1,success,76,60,84.35,
1675,Nc1nc2c(ncn2[C@@H]2O[C@H](COP(=O)([O-])OP(=O)([O-])O[32P](=O)([O-])O)[C@@H](O)[C@H]2O)c(=O)[nH]1,success,78,62,83.32,
1676,Nc1nc2c(ncn2[C@@H]2O[C@H](COP(=O)([O-])OP(=O)([O-])OP([O-])(O)=S)[C@@H](O)[C@H]2O)c(=O)[nH]1,success,96,80,153.9,
1677,O=CCC=Nc1nc2c(ncn2[C@H]2C[C@H](O)[C@@H](CO)O2)c(=O)[nH]1,success,4097,4077,3793.19,
1678,Nc1nc2c(ncn2[C@@H]2O[C@H](COP(=O)(O)OP(=O)(O)O)[C@@H](O)[C@H]2OP(=O)(O)OP(=O)(O)O)c(=O)[nH]1,success,42,26,61.79,
1679,CC(C)(O)c1nc2c(=O)[nH]c(N)nc2n1[C@@H]1O[C@H](CO)[C@@H](O)[C@H]1O,success,1152,1130,848.29,
1680,Nc1nc2c(nc([N+](=O)[O-])n2[C@@H]2O[C@H](CO)C(O)C2O)c(=O)[nH]1,success,249,230,266.49,
1681,O=c1[nH]c(NCO)nc2c1ncn2[C@H]1C[C@H](O)[C@@H](CO)O1,success,517,498,404.64,
1682,CN(C)[C@@H]1[C@H](O)[C@@H](CO)O[C@H]1n1cnc2c(=O)[nH]c(N)nc21,failed,338,319,322.14,min() arg is an empty sequence
1683,CC1CC(O)n2c(nc3c(ncn3[C@H]3CC(O)[C@@H](CO)O3)c2=O)N1,success,267,249,258.63,
1684,O=c1[nH]c(NC2CCCCO2)nc2c1ncn2[C@H]1C[C@H](O)[C@@H](CO)O1,success,157,141,206.25,
1685,Nc1nc2c(ncn2[C@@H]2O[C@H](COP(=O)([O-])O)[C@@H](OP(=O)([O-])O)[C@H]2O)c(=O)[nH]1,success,90,74,115.5,
1686,Nc1nc2c(ncn2[C@@H]2O[C@@H]3COP(=O)(O)O[C@H]3[C@H]2O)c(=O)[nH]1.[Na],success,42,26,31.34,
1687,Nc1nc2c(ncn2[C@@H]2O[C@H](COP(=O)(O)OP(=O)(O)O)[C@@H](O)[C@H]2O)c(=O)[nH]1.[Na],success,42,26,40.85,
1688,Nc1nc2c(ncn2[C@H]2CC(OP(=O)(O)O)[C@@H](CO)O2)c(=O)[nH]1,success,202,183,233.27,
1689,CCNc1nc2c(ncn2[C@@H]2O[C@H](CO)C(O)C2O)c(=O)[nH]1,success,1111,1090,1001.54,
1690,CC(O)C(=O)Nc1nc2c(ncn2[C@@H]2O[C@H](CO)[C@@H](O)[C@H]2O)c(=O)[nH]1,success,4207,4184,6641.61,
1691,NC(=O)NOC[C@H]1O[C@@H](n2cnc3c(=O)[nH]c(N)nc32)[C@H](O)[C@@H]1O,success,192,175,125.92,
1692,O=c1[nH]cnc2c1nc(Br)n2[C@H]1CC(O)[C@@H](CO)O1,success,214,195,269.22,
1693,Nc1nc2c(ncn2[C@H]2C[C@H](O)[C@@H](COCC(=O)O)O2)c(=O)[nH]1,success,1948,1929,2142.14,
1694,O=c1[nH]c(NCC(O)C2CO2)nc2c1ncn2[C@H]1CC(O)[C@@H](CO)O1,success,1172,1152,1027.03,
1695,CCN(CC)c1nc2c(ncn2[C@@H]2O[C@H](CO)C(O)C2O)c(=O)[nH]1,success,791,770,865.48,
1696,Nc1nc2c(ncn2[C@@H]2O[C@H](COP(=O)([O-])OP(=O)([O-])OP(=O)([O-])[O-])[C@@H](OP(=O)([O-])[O-])[C@H]2O)c(=O)[nH]1,success,42,26,45.17,
1697,O=c1[nH]c(N2CCCC2O)nc2c1ncn2[C@H]1C[C@H](O)[C@@H](CO)O1,success,240,222,307.34,
1698,Nc1nc2c(ncn2[C@@H]2O[C@H](CO)[C@@H](O)[C@@H]2OP(=O)(O)OP(=O)(O)OP(=O)(O)O)c(=O)[nH]1,success,55,39,83.78,
1699,O=COC[C@H]1O[C@@H](n2cnc3c(=O)[nH]cnc32)C(O)C1O,success,503,484,388.83,
1700,Nc1ccn(OC[C@H]2O[C@@H](n3cnc4c(=O)[nH]c(N)nc43)C(O)C2O)c(=O)n1,success,85,69,59.84,
1701,Nc1nc2ncn(CC(O)C(O)Cn3c(N)nc4c(ncn4[C@H]4CC(O)[C@@H](CO)O4)c3=O)c2c(=O)[nH]1,success,350,333,166.7,
1702,[N-]=[N+]=N[C@]1(CO)O[C@@H](n2cnc3c(=O)[nH]cnc32)C(O)C1O,success,42,26,41.19,
1703,Nc1nc2c(nc(I)n2[C@H]2CC(O)[C@@H](CO)O2)c(=O)[nH]1,success,261,242,245.54,
1704,O=CCCNc1nc2c(ncn2[C@H]2C[C@H](O)[C@@H](CO)O2)c(=O)[nH]1,success,4557,4537,5835.09,
1705,O=c1c2ncn([C@H]3C[C@H](O)[C@@H](COO)O3)c2nc2n1CCCN2,success,142,123,247.27,
1706,CC(CC(O)CO)Nc1nc2c(ncn2[C@H]2C[C@H](O)[C@@H](CO)O2)c(=O)[nH]1,success,2260,2239,2416.19,
1707,Nc1nc2c(ncn2[C@@H]2O[C@H](C(N)NP(=O)(O)O)C(O)C2O)c(=O)[nH]1,success,81,65,83.96,
1708,COc1nc2c(=O)[nH]c(N)nc2n1[C@H]1CC(O)[C@@H](CO)O1,success,346,327,403.05,
1709,Nc1nc2c(c(=O)[nH]1)n(CC(O)C1CO1)c[n+]2[C@@H]1C[C@H](O)[C@@H](CO)O1,success,1071,1050,791.25,
1710,O=c1[nH]c(NNC2CC2)nc2c1ncn2[C@@H]1O[C@H](CO)C(O)C1O,success,353,334,483.24,
1711,CCOC(=O)O[C@@H]1[C@H](OC(=O)OCC)[C@@H](CO)O[C@H]1n1cnc2c(=O)[nH]cnc21,success,178,160,135.89,
1712,CC=Nc1nc2c(ncn2[C@H]2CC(O)[C@@H](CO)O2)c(=O)[nH]1,success,888,867,754.73,
1713,O=C(O)CNc1nc2c(ncn2[C@H]2CC(O)[C@@H](CO)O2)c(=O)[nH]1,success,2799,2780,3606.31,
1714,O=c1[nH]cnc2c1ncn2[C@H]1CCO[C@H]1CCO,success,819,798,529.61,
1715,O=c1[nH]cnc2c1ncn2[C@@H]1CCO[C@H]1CCO,success,819,798,601.45,
1716,O=c1c2ncn([C@@H]3O[C@H](CO)[C@@H](O)[C@H]3O)c2nc2n1CCCN2,success,285,266,273.9,
1717,CC(C)[Si](O[C@@H]1[C@H](O[Si](C(C)C)(C(C)C)C(C)C)[C@@H](CO)O[C@H]1n1cnc2c(=O)[nH]c(N)nc21)(C(C)C)C(C)C,success,42,26,30.42,
1718,CNC1C(O)[C@@H](CO)O[C@H]1n1cnc2c(=O)[nH]c(N)nc21,success,458,439,381.85,
1719,[N-]=[N+]=NOC1C(O)[C@@H](CO)O[C@H]1n1cnc2c(=O)[nH]c(N)nc21,success,42,26,26.15,
1720,Nc1nc2c(ncn2[C@@H]2OC[C@H](O)[C@H]2N)c(=O)[nH]1,success,166,147,135.2,
1721,NC(=O)OC[C@H]1O[C@@H](n2cnc3c(=O)[nH]c(N)nc32)C(O)C1O,success,535,516,506.02,
1722,Nc1nc2c(ncn2[C@@H]2O[C@H](COP(=O)([O-])OP([O-])(=S)OP(=O)([O-])[O-])[C@@H](O)[C@H]2O)c(=O)[nH]1.[Li+].[Li+].[Li+].[Li+],success,42,26,42.39,
1723,[2H]Oc1nc2c(=O)[nH]c(N)nc2n1[C@@H]1O[C@H](CO)[C@@H](O)[C@H]1O,success,295,276,219.16,
1724,O=c1[nH]c(N(O)O)nc2c1ncn2[C@@H]1O[C@H](CO)[C@@H](O)[C@H]1O,success,248,229,271.63,
1725,C[C@@]1([Se])[C@H](O)[C@@H](CO)O[C@H]1n1cnc2c(=O)[nH]c(N)nc21,success,42,26,40.28,
1726,O=c1[nH]cnc2c1ncn2[C@@H]1[Se][C@H](CO)C(O)C1O,failed,362,343,276.36,min() arg is an empty sequence
1727,N#C[B-][n+]1cn(C2C[C@H](O)[C@@H](CO)O2)c2nc(N)[nH]c(=O)c21,success,42,26,25.69,
1728,N#C[B-][n+]1cn(C2C[C@H](O)[C@@H](CO)O2)c2nc[nH]c(=O)c21,success,42,26,26.54,
1729,CC(=O)OC[C@H]1O[C@@H](n2cnc3c(=O)[nH]cnc32)C[C@H]1OC(C)=O,success,1805,1782,2468.17,
1730,Nc1nc2c(ncn2[C@@H]2O[C@H](COP(=S)([S-])OP(=O)([O-])OP(=O)([O-])[O-])[C@@H](O)[C@H]2O)c(=O)[nH]1,success,114,98,180.36,
1731,Nc1nc2c(ncn2[C@@H]2O[C@H](COP(=O)(O)OP(=O)([O-])[O-])[C@@H](O)[C@H]2O)c(=O)[nH]1,success,107,91,104.91,
1732,Nc1nc2c(ncn2[C@H]2C[C@H](OP(O)(=S)[S-])[C@@H](CO)O2)c(=O)[nH]1,success,205,186,240.51,
1733,Nc1nc2c(ncn2[C@@H]2O[C@H](COP(=O)([S-])OP(=O)([O-])OP([O-])([O-])=S)[C@@H](O)[C@H]2O)c(=O)[nH]1,success,115,99,121.6,
1734,Nc1nc2c(ncn2[C@@H]2O[C@H](COP(=O)([O-])OP([O-])([O-])=S)[C@@H](O)[C@H]2O)c(=O)[nH]1,success,113,97,156.47,
1735,Cn1c[n+]([C@@H]2O[C@H](COP(=O)([O-])OP([O-])([O-])=S)[C@@H](O)[C@H]2O)c2nc(N)[nH]c(=O)c21,success,122,106,155.01,
1736,Nc1nc2c(ncn2[C@H]2C[C@H](O)[C@@H](COP([O-])([O-])=S)O2)c(=O)[nH]1,failed,194,175,224.38,min() arg is an empty sequence
1737,CC(C)C(=O)Nc1nc2c(ncn2[C@@H]2OC[C@H](O)[C@H](O)[C@H]2O)c(=O)[nH]1,success,1887,1866,2554.36,
1738,Cn1c[n+]([C@H]2C[C@H](O)[C@@H](COP(=O)([O-])[O-])O2)c2nc(N)[nH]c(=O)c21,success,253,233,330.25,
1739,CC(=O)O[C@H]1C[C@H](n2cnc3c(=O)[nH]c(NCC(C)C)nc32)O[C@@H]1CO,success,200,179,136.61,
1740,CC[NH+](CC)CC.Nc1nc2c(ncn2[C@@H]2O[C@H](COP(=O)([O-])O)[C@@H](O)[C@H]2O)c(=O)[nH]1,success,42,26,38.56,
1741,Nc1nc2c(ncn2[C@@H]2O[C@H](COP(=O)(O)OP(=O)(O)OP(=O)(O)O)[C@@H](O)[C@H]2O)c(=O)[nH]1.[Na],success,42,26,56.83,
1742,COCOCc1nc2c(ncn2[C@@H]2O[C@H](CO)[C@@H](O)[C@H]2O)c(=O)[nH]1,success,637,618,494.33,
1743,COC1(C)OC2C(O1)[C@@H](CO)O[C@H]2n1cnc2c(=O)[nH]cnc21,success,239,220,212.47,
1744,Nc1nc2c(ncn2[C@@H]2O[C@H](COP([O-])(=S)OP(=O)([O-])OP(=O)([O-])[O-])[C@@H](O)[C@H]2O)c(=O)[nH]1,success,63,47,64.29,
1745,O=c1[nH]cnc2c1ncn2[C@@H]1O[C@H](COP(=O)(O)OP(=O)(O)CP(=O)(O)O)C(O)C1O,success,78,62,99.9,
1746,Nc1nc2c(ncn2C2CC(O)C(COP(=O)([O-])O)O2)c(=O)[nH]1,failed,221,202,266.64,min() arg is an empty sequence
1747,C[C@H]1O[C@@H](n2cnc3c(=O)[nH]cnc32)C(C)(O)C1O,success,133,114,153.39,
1748,C[C@@H]1O[C@@H](n2cnc3c(=O)[nH]cnc32)C(C)(O)C1O,success,133,114,122.22,
1749,Nc1nc2c(ncn2C2O[C@H](COP(=O)([O-])OP(=O)([O-])OP(=O)([O-])O)[C@@H](O)[C@H]2O)c(=O)[nH]1,success,74,58,104.37,
1750,Nc1nc2c(ncn2[C@@H]2O[C@H](COP([O-])([O-])=S)C(O)C2O)c(=O)[nH]1,success,228,209,244.38,
1751,Nc1nc2c(ncn2[C@H]2C[C@H](O)[C@@H](COP([O-])(=S)[S-])O2)c(=O)[nH]1,failed,196,177,276.76,min() arg is an empty sequence
1752,O=c1[nH]cnc2c1ncn2[C@@H]1O[C@H](COP(=O)([O-])OP([O-])([O-])=S)[C@@H](O)[C@H]1O,success,106,90,130.68,
1753,O=c1[nH]cnc2c1ncn2[C@H]1C[C@H](O)[C@@H](COP(=O)([O-])OP([O-])([O-])=S)O1,success,90,74,132.39,
1754,O=c1[nH]cnc2c1ncn2C1O[C@H](COP(=O)([O-])[O-])[C@@H](O)[C@H]1O,success,176,158,245.64,
1755,NC(=O)c1ncn2c1N[C@H]([C@@H](O)CO)[C@H]1OC(N)=N[C@H]12,success,1847,1826,1923.13,
1756,CC(C)(C)[Si](C)(C)OC[C@H]1O[C@@H](n2cnc3c(=O)[nH]c(N)nc32)[C@@H](O)[C@@H]1O,success,93,76,57.0,
1757,[3H]c1nc2c(nc([3H])n2C2CCC(CO)O2)c(=O)[nH]1,success,112,93,117.23,
1758,[2H]c1nc2c(=O)[nH]c(N)nc2n1C1OC(CO)C(O)C1O,success,340,321,293.28,
1759,O=c1[nH]cnc2c1ncn2C1C[C@@H](O)[C@H](CO)O1,success,234,215,310.54,
1760,CC=Nc1nc2c(ncn2[C@H]2CC[C@@H](CO)O2)c(=O)[nH]1,success,702,681,455.8,
1761,C#CCOC1C(O)C(CO)OC1n1cnc2c(=O)[nH]c(N)nc21,success,715,696,703.32,
1762,Nc1nc2c(ncn2[C@@H]2O[C@H](C(I)OB(O)O)[C@@H](O)[C@H]2O)c(=O)[nH]1,success,225,206,193.98,
1763,[2H]C1([2H])[C@]([2H])(n2cnc3c(=O)[nH]c(NCC)nc32)O[C@H](CO)[C@@]1([2H])O,success,760,739,870.25,
1764,Nc1nc2c(ncn2C2OC(COP(=O)([O-])CP(=O)([O-])[O-])C(O)C2O)c(=O)[nH]1,success,87,71,61.28,
1765,[2H]c1nc2c(nc([2H])n2[C@@H]2O[C@H](CO)C(O)C2O)c(=O)[nH]1,success,266,247,247.57,
1766,[2H]c1nc2c(=O)[nH]c(N)nc2n1[C@@H]1O[C@H](CO)C(O)C1O,success,340,321,342.51,
1767,Nc1nc2c(ncn2C2OC(COP(=O)([O-])OP(=O)([O-])OP(O)(O)=S)C(O)C2O)c(=O)[nH]1,success,96,80,127.61,
1768,Nc1nc2c(ncn2C2OC(COP3OP(=O)([O-])OP(=O)([O-])O3)C(O)C2O)c(=O)[nH]1,success,83,67,93.86,
1769,Nc1nc2c(ncn2C2OC(COP(=O)([O-])CP(=O)([O-])OP([O-])([O-])=S)C(O)C2O)c(=O)[nH]1,success,90,74,64.41,
1770,Nc1nc2c(ncn2C2CC(O)C(COP(=O)(Cl)Cl)O2)c(=O)[nH]1,failed,196,177,231.91,min() arg is an empty sequence
1771,Nc1nc2c(ncn2C2OC(COP(=O)([O-])OP([O-])(=S)OP(=O)([O-])[O-])C(O)C2O)c(=O)[nH]1,success,77,61,77.72,
1772,Nc1nc2c(ncn2C2O[C@H](COP([O-])([O-])=S)[C@@H](O)[C@H]2O)c(=O)[nH]1,success,226,207,261.85,
1773,Nc1nc2c(ncn2C2CC(OP([O-])(=S)[S-])C(CO)O2)c(=O)[nH]1,success,178,159,247.71,
1774,CC(=O)Nc1nc2c(ncn2C2OC(CO)C(OC(C)=O)C2OC(C)=O)c(=O)[nH]1,success,434,413,350.82,
1775,COCCO[C@@H]1[C@H](O)[C@@H](COP(=O)([O-])OP(=O)([O-])OP(=O)([O-])[O-])O[C@H]1n1cnc2c(=O)[nH]c(N)nc21,success,66,48,61.9,
1776,CCC(O)[C@H]1O[C@@H](n2cnc3c(=O)[nH]c(N)nc32)[C@H](O)[C@@H]1O,success,1710,1687,1404.46,
1777,Nc1nc2c(ncn2[C@@H]2O[C@H](COP(=O)(O)OP(=O)(O)OP(=O)(O)O)[C@@H](O)[C@H]2O)c(=O)[nH]1.[Li],success,42,26,43.92,
1778,O=c1[nH]cnc2c1ncn2[C@@H]1O[C@H](COP(=O)(O)OP(=O)(O)O)[C@@H](O)[C@H]1O.[Na],success,42,26,43.83,
1779,C[C@H]1C[C@H](O)n2c(nc3c(ncn3[C@@H]3C[C@H](O)[C@@H](CO)O3)c2=O)N1,success,263,245,361.08,
1780,C[C@@H]1C[C@H](O)n2c(nc3c(ncn3[C@H]3C[C@H](O)[C@@H](CO)O3)c2=O)N1,success,263,245,334.36,
1781,C[C@H]1C[C@@H](O)n2c(nc3c(ncn3[C@H]3C[C@H](O)[C@@H](CO)O3)c2=O)N1,success,263,245,292.28,
1782,NC(=O)c1ncn(C2CC(O)C(CO)O2)c1N,success,752,733,595.4,
1783,NC(=O)c1ncn([C@@H]2OC3COP(=O)(O)OC3[C@H]2O)c1N,success,403,384,425.88,
1784,NC(=O)c1ncn([C@@H]2O[C@H](CO)[C@@H](F)[C@H]2O)c1N,success,750,731,590.58,
1785,NC(=O)c1c(N)ncn1[C@@H]1O[C@H](CO)[C@@H](F)[C@H]1O,success,750,731,670.68,
1786,NC1(F)NC(=O)c2ncn([C@@H]3O[C@H](CO)[C@@H](O)[C@H]3F)c2N1,success,293,274,306.7,
1787,CC(F)n1c(N)nc2c(ncn2[C@@H]2O[C@H](CO)[C@@H](O)[C@H]2O)c1=O,success,987,966,841.45,
1788,NC(=O)c1ncn([C@H]2O[C@H](CO)[C@@H](O)[C@H]2O)c1F,success,846,827,684.47,
1789,NC(=O)c1c(F)ncn1C1O[C@H](CO)[C@@H](O)[C@H]1O,success,846,827,742.42,
1790,NC(=O)c1c(N)ncn1[C@@H]1O[C@H](COP(=O)(O)O)[C@@H](O)[C@H]1O,success,545,527,684.62,
1791,O=c1[nH]c(=O)c2ncn([C@@H]3O[C@](F)(CO)[C@@H](O)[C@H]3O)c2[nH]1,success,229,210,251.13,
1792,O=C(O)OC[C@H]1O[C@@H](n2cnc3c(=O)[nH]cnc32)[C@H](O)[C@@H]1O,success,520,501,528.55,
1793,Nc1nc2c(ncn2C2OC(COP(=O)(O)OP(=O)(O)OP(=O)(O)O)C(OP(=O)(O)OP(=O)(O)O)C2O)c(=O)[nH]1,success,42,26,52.67,
1794,O=c1[nH]c(CF)nc2c1ncn2[C@H]1O[C@@H](CO)[C@H](O)[C@@H]1O,success,300,281,260.3,
1795,O=c1[nH]c(C(F)(F)F)nc2c1ncn2[C@H]1O[C@@H](COP(=O)(O)O)[C@H](O)[C@@H]1O,success,114,96,176.91,
1796,O=c1[nH]cnc2c1ncn2[C@@H]1O[C@@H](CO)CC1(F)F,success,123,104,132.95,
1797,CC(=O)Nc1nc2c(ncn2[C@@H]2O[C@H](CO)[C@@H](O)[C@H]2OCCNC(=O)C(F)(F)F)c(=O)[nH]1,success,486,464,357.88,
1798,Nc1nc2c(ncn2C2CC(O)C(COP(=O)([O-])[O-])O2)c(=O)[nH]1.[Na+].[Na+],success,42,26,51.37,
1799,Nc1nc2c(ncn2[C@@H]2O[C@@H](CO)C[C@H]2F)c(=O)[nH]1,success,182,163,162.3,
1800,CN(C)c1nc2c(c(=O)[nH]1)n(C)c[n+]2[C@@H]1O[C@H](COP(=O)([O-])O)[C@@H](O)[C@H]1O,success,236,218,387.88,
1801,CN(C)c1nc2c(c(=O)[nH]1)n(C)c[n+]2[C@@H]1O[C@H](COP(=O)(O)O)[C@@H](O)[C@H]1O,success,160,142,275.05,
1802,Nc1nc2c(ncn2[C@@H]2O[C@H](CO)[C@@H](O)[C@]2(O)C(F)F)c(=O)[nH]1,success,366,347,348.09,
1803,CCNc1nc2c(ncn2C2CC(O)C(COP(=O)(O)O)O2)c(=O)[nH]1,success,631,610,935.61,
1804,Nc1nc2c(ncn2[C@@H]2C[C@H](F)[C@H](CO)O2)c(=O)[nH]1,success,182,163,248.46,
1805,O=c1[nH]c(CF)nc2c1ncn2[C@H]1O[C@@H](COP(=O)(O)O)[C@H](O)[C@@H]1O,success,126,108,243.63,
1806,O=c1[nH]c(F)nc2c1ncn2[C@H]1C[C@H](O[P+](=O)[O-])[C@@H](CO)O1,failed,170,151,243.31,min() arg is an empty sequence
1807,Nc1nc2c(ncn2C2OC(CO)C(O)C2P(=O)(O)O)c(=O)[nH]1,success,253,234,255.25,
1808,O=c1[nH]c(C(F)(F)F)nc2c1ncn2[C@H]1O[C@@H](CO)[C@H](O)[C@@H]1O,success,282,263,278.99,
1809,Nc1nc2c(ncn2[C@H]2O[C@H](CO)[C@@H](O)[C@@H]2F)c(=O)[nH]1,success,287,268,286.84,
1810,CC(C)C(=O)Nc1nc2c(ncn2[C@@H]2O[C@H](CO)[C@@H](O)[C@H]2OCCNC(=O)C(F)(F)F)c(=O)[nH]1,success,417,396,227.91,
1811,O=c1[nH]cnc2c1ncn2[C@@H]1O[C@@H](CO)C[C@H]1F,success,134,115,133.98,
1812,CC(C)C(=O)Nc1nc2c(ncn2[C@@H]2O[C@H](CO)[C@@H](O)[C@H]2OCCCNC(=O)C(F)(F)F)c(=O)[nH]1,success,386,365,214.03,
1813,O=c1[nH]c(C(F)F)nc2c1ncn2[C@H]1O[C@@H](CO)[C@H](O)[C@@H]1O,success,300,281,307.81,
1814,O=C(N[C@@H]1[C@H](O)[C@@H](CO)O[C@H]1n1cnc2c(=O)[nH]cnc21)C(F)(F)F,success,1607,1588,2195.69,
1815,Nc1nc2c(ncn2[C@@H]2O[C@H](CO)[C@@H](F)[C@@H]2O)c(=O)[nH]1,success,288,269,260.81,
1816,NOC(N)(N)[C@@]1(N)O[C@@H](n2cnc3c(=O)[nH]cnc32)[C@H](O)[C@]1(N)O.[Cl-].[Cl-].[Cl-].[Ru+3],success,42,26,29.56,
1817,CO[C@]1(C)O[C@@H]2[C@H](O1)[C@@H](CO)O[C@H]2n1cnc2c(=O)[nH]cnc21,success,239,220,257.98,
1818,Nc1nc2c(ncn2[C@@H]2O[C@H](COP(=O)([O-])[O-])[C@@H](O)[C@H]2O)c(=O)[nH]1.O.O.O.O.O.O.[Ca+2],success,42,26,35.52,
1819,CO[C@@]1(C)O[C@@H]2[C@H](O1)[C@@H](CO)O[C@H]2n1cnc2c(=O)[nH]cnc21,success,239,220,253.67,
1820,Nc1nc2c(ncn2C2OC(COP(=O)(O)OP(O)(O)=S)[C@@H](O)[C@H]2O)c(=O)[nH]1,success,103,87,149.39,
1821,[2H]C(Br)C([2H])n1c[n+]([C@@H]2O[C@H](CO)[C@@H](O)[C@H]2O)c2nc(N)[nH]c(=O)c21,success,1169,1150,962.31,
1822,[2H]C([2H])(Cl)Cn1c[n+]([C@@H]2O[C@H](CO)[C@@H](O)[C@H]2O)c2nc(N)[nH]c(=O)c21,success,973,954,778.61,
1823,[3H]c1nc2c(=O)[nH]c(N)nc2n1[C@@H]1O[C@H](C([3H])([3H])O)[C@@H](O)[C@H]1O,failed,277,258,384.45,min() arg is an empty sequence
1824,Nc1nc2c(ncn2[C@H]2C[C@H](F)[C@H](CO)O2)c(=O)[nH]1,success,182,163,175.23,
1825,C[C@H](O)[C@H]1O[C@@H](n2cnc3nc[nH]c(=O)c32)[C@H](O)[C@@H]1O,success,850,828,662.89,
1826,O=c1[nH]c(C=CF)nc2c1ncn2C1OC(CO)C(O)C1O,success,314,295,270.56,
1827,O=c1[nH]cnc2c1ncn2[C@@H]1O[C@H](COP(=O)(O)OP(=O)(O)O)[C@@H]([O-])[C@H]1[O-].[Na+].[Na+],success,42,26,55.35,
1828,Nc1nc2c(ncn2C2O[C@H](COP(=O)(O)OP(=O)(O)OP(=O)(O)O)[C@@H]([O-])[C@H]2O)c(=O)[nH]1.[Na+],success,42,26,52.21,
1829,Nc1nc2c(ncn2[C@@H]2O[C@H](CF)[C@@H](O)[C@H]2O)c(=O)[nH]1,success,182,163,158.25,
1830,Nc1nc2c(ncn2[C@@H]2O[C@H](CO)[C@@H](O)[C@H]2OP(=O)([O-])[O-])c(=O)[nH]1.[Na+].[Na+],success,42,26,49.99,
1831,Nc1nc2ncn([C@@H]3O[C@H](CO)[C@@H](O)[C@H]3C(F)(F)F)c2c(=O)[nH]1,success,287,268,281.96,
1832,O=c1[nH]c(C#CCF)nc2c1ncn2C1OC(CO)C(O)C1O,success,725,706,586.5,
1833,Nc1nc2c(ncn2[C@H]2C[C@H](O)[C@H](CO)O2)c(=O)[nH]1,success,287,268,261.02,
1834,Nc1nc2c(ncn2[C@@H]2O[C@H](CO)[C@@H](O)[C@H]2NC(=O)C(F)(F)F)c(=O)[nH]1,success,1411,1392,2046.69,
1835,CCOC(=O)OC[C@H]1O[C@@H](n2cnc3c(=O)[nH]c(N)nc32)C[C@@H]1O,success,1269,1247,1069.17,
1836,CCOC(=O)O[C@H]1C[C@H](n2cnc3c(=O)[nH]c(N)nc32)O[C@@H]1CO,success,1335,1313,1122.65,
1837,Nc1nc2c(c(=O)[nH]1)n(CCO)c[n+]2[C@H]1C[C@H](O)[C@@H](CO)O1,success,1567,1546,1149.22,
1838,O=c1[nH]cnc2c1ncn2C1OC(CO)C(O)C1F,success,235,216,237.79,
1839,Nc1nc2c(ncn2C2O[C@H](CO)[C@@H](O)C2(F)F)c(=O)[nH]1,success,260,241,242.96,
1840,O=C/C(O)=C/Nc1nc2c(ncn2[C@@H]2O[C@H](CO)[C@@H](O)[C@H]2O)c(=O)[nH]1,success,2925,2905,2976.83,
1841,Nc1nc2c(nc(N)n2C2OC(CO)C(O)C2F)c(=O)[nH]1,success,321,302,335.89,
1842,Nc1nc2c(=O)[nH]cnc2n1C1OC(CO)C(O)C1F,success,288,269,235.99,
1843,Nc1nc2c(=O)[nH]c(Cl)nc2n1C1OC(CO)C(O)C1F,success,261,242,242.07,
1844,COc1nc2c(nc(N)n2C2OC(CO)C(O)C2F)c(=O)[nH]1,success,346,327,319.52,
1845,CCOc1nc2c(nc(N)n2C2OC(CO)C(O)C2F)c(=O)[nH]1,success,1022,1000,771.9,
1846,CCCOc1nc2c(nc(N)n2C2OC(CO)C(O)C2F)c(=O)[nH]1,success,1630,1607,1405.29,
1847,O=c1[nH]cnc2c1ncn2C1CC(F)C(CO)O1,success,134,115,140.89,
1848,CC(=O)C(O)Nc1nc2c(ncn2[C@@H]2O[C@H](COP(=O)(O)O)[C@@H](O)[C@H]2O)c(=O)[nH]1,success,318,299,166.32,
1849,O=c1[nH]cnc2c1ncn2[C@H]1O[C@H](CO)CC1(F)F,success,123,104,157.1,
1850,Nc1nc2c(ncn2C2OC(COP(=O)(O)O)C(O)C2O)c(=O)[nH]1.[Na],success,42,26,46.64,
1851,O=c1[nH]c(F)nc2c1ncn2[C@@H]1O[C@H](CO)[C@H](O)[C@H]1O,success,282,263,246.08,
1852,Nc1nc2c(ncn2[C@@H]2O[C@H](COP(=O)([O-])OP(=O)([O-])OP(=O)([O-])O)[C@@H](OP(=O)([O-])OP(=O)([O-])[O-])[C@H]2O)c(=O)[nH]1,success,42,26,40.98,
1853,COP(=O)(O)OC[C@H]1O[C@@H](n2cnc3c(=O)[nH]c(N)nc32)C[C@@H]1O,success,259,240,330.06,
1854,N.Nc1nc2c(ncn2[C@@H]2O[C@@H]3COP(=O)(O)O[C@H]3[C@H]2O)c(=O)[nH]1,success,47,31,61.04,
1855,Nc1nc2c(ncn2[C@@H]2O[C@H](COP(=O)([O-])OP(=O)([O-])CP(=O)([O-])[O-])[C@@H](O)[C@H]2O)c(=O)[nH]1.[Li+].[Li+].[Li+].[Li+],success,42,26,36.73,
1856,Nc1nc2c(ncn2[C@@H]2O[C@H](CO)[C@H]3OP(=O)(O)O[C@H]32)c(=O)[nH]1.[Na+],success,42,26,48.8,
1857,Nc1nc2c(ncn2[C@@H]2O[C@H](CO)[C@@H](O)[C@H]2OP(=O)([O-])O)c(=O)[nH]1.[Na+],success,42,26,32.38,
1858,O=c1[nH]cnc2c1ncn2[C@@H]1O[C@H](CO)[C@@H](O)[C@H]1OP(=O)([O-])[O-].[Na+].[Na+],success,42,26,32.8,
1859,Nc1nc2c(ncn2C2CC(F)(F)C(CO)O2)c(=O)[nH]1,success,166,147,159.09,
1860,Nc1nc2c(c(=O)[nH]1)n(CCBr)c[n+]2[C@@H]1O[C@H](CO)[C@@H](O)[C@H]1O,success,1204,1185,965.0,
1861,Nc1nc2c(ncn2[C@@H]2O[C@@H]3COP(=O)(O)O[C@H]3[C@H]2O)c(=O)[nH]1.[Na+],success,42,26,31.34,
1862,CCN(CC)CC.Nc1nc2c(ncn2[C@@H]2O[C@@H]3COP(O)(=S)O[C@H]3[C@H]2O)c(=O)[nH]1,success,42,26,47.72,
1863,Nc1nc2c(ncn2[C@]2(CCF)O[C@H](CO)[C@@H](O)[C@H]2O)c(=O)[nH]1,success,1341,1322,1067.91,
1864,O=c1[nH]c(F)nc2c1ncn2C1CC(O)C(CO)O1,success,214,195,218.06,
1865,[15NH2][13c]1nc2c(ncn2[C@@H]2O[C@H](CO)[C@H](O)C2O)c(=O)[15nH]1,success,362,343,301.63,
1866,Nc1nc2c(ncn2[C@@H]2O[C@H](COP(=O)([O-])OP(=O)([O-])CP(=O)([O-])[O-])[C@@H](O)[C@H]2O)c(=O)[nH]1,success,75,59,77.96,
1867,O.O.O.O.O.O.O.O.O.O=c1[nH]cnc2c1ncn2[C@@H]1O[C@H](COP(=O)(O)O)[C@@H](O)[C@H]1O,success,42,26,36.7,
1868,Nc1nc2c(ncn2[C@@H]2O[C@H](COP(=O)(O)O)[C@@H](O)[C@H]2O)c(=O)[nH]1.O.O.O,success,42,26,40.8,
1869,CN(C)c1nc2c(c(=O)[nH]1)n(C)c[n+]2[C@@H]1O[C@H](COP(=O)(O)OP(=O)(O)OP(=O)(O)O)[C@@H](O)[C@H]1O,success,62,45,86.41,
1870,O=c1[nH]cnc2c1ncn2C1OC(CO)C(F)C1O,success,236,217,236.2,
1871,O=c1[nH]c(F)nc2c1ncn2[C@@H]1O[C@H](CO)C(O)[C@H]1O,success,283,264,288.69,
1872,O=c1[nH]c(F)nc2c1ncn2C1O[C@H](CO)[C@@H](O)[C@@H]1O,success,282,263,252.28,
1873,O=c1[nH]cnc2c1nc(Br)n2[C@@H]1O[C@H](COP(=O)(O)OP(=O)(O)O)[C@@H](O)[C@H]1O,success,70,54,65.66,
1874,C[C@@]1(F)[C@H](O)[C@@H](CO)O[C@@H]1n1cnc2c(=O)[nH]c(N)nc21,success,304,285,248.41,
1875,Nc1nc2c(ncn2[C@@H]2O[C@H](CO)[C@H](O)[C@H]2NC(=O)C(F)(F)F)c(=O)[nH]1,success,1411,1392,1948.87,
1876,Nc1nc2c(ncn2[C@@H]2O[C@H](COP(=O)([O-])OP(=O)([O-])NP(=O)([O-])[O-])[C@@H](O)[C@H]2O)c(=O)[nH]1,success,75,59,100.78,
1877,Nc1nc2c(ncn2C2CC(O)C(COOOP(=O)(O)OP(=O)(O)O)O2)c(=O)[nH]1,success,56,40,70.09,
1878,Nc1nc2c(ncn2[C@@H]2O[C@H](COP(=O)(O)OP(=O)([O-])[O-])[C@@H](O)[C@H]2O)c(=O)[nH]1.[Na+].[Na+],success,42,26,35.61,
1879,Nc1nc2c(ncn2[C@@H]2O[C@H](COCCF)[C@@H](O)[C@H]2O)c(=O)[nH]1,success,1075,1056,895.59,
1880,CN(C)c1nc2c(ncn2[C@@H]2O[C@@H]3COP(=O)(O)O[C@H]3[C@H]2O)c(=O)[nH]1,success,95,76,95.85,
1881,Nc1nc2c(ncn2[C@@H]2O[C@H](CO)[C@@H](O)[C@H]2OCOCCNC(=O)C(F)(F)F)c(=O)[nH]1,success,1665,1647,2451.82,
1882,Nc1nc2c(ncn2[C@@H]2O[C@H](CO)[C@@H](O)[C@H]2OCOCCCNC(=O)C(F)(F)F)c(=O)[nH]1,success,555,536,384.54,
1883,Nc1nc2c(ncn2[C@H]2C[C@@H](F)[C@H](CO)O2)c(=O)[nH]1,success,182,163,186.67,
1884,O=c1[nH]cnc2c1ncn2[C@H]1C[C@@H](F)[C@H](CO)O1,success,134,115,133.82,
1885,O=c1[nH]c(F)nc2c1ncn2[C@@H]1O[C@@H]2COP(=O)(O)O[C@H]2[C@H]1O,success,85,66,77.72,
1886,O=c1[nH]c(C(F)(F)F)nc2c1ncn2[C@@H]1O[C@H](COP(=O)(O)O)[C@@H](O)[C@H]1O,success,114,96,177.96,
1887,O=c1[nH]c(CF)nc2c1ncn2[C@@H]1O[C@H](COP(=O)(O)O)[C@@H](O)[C@H]1O,success,126,108,211.44,
1888,Nc1nc2c(ncn2[C@@H]2C[C@H](F)[C@@H](CO)O2)c(=O)[nH]1,success,182,163,182.55,
1889,O=c1[nH]c(F)nc2c1ncn2[C@H]1C[C@H](O[P+](=O)O)[C@@H](CO)O1,success,172,153,215.73,
1890,[N-]=[N+]=N[C@@H]1[C@H](F)[C@@H](CO)O[C@H]1n1cnc2c(=O)[nH]c(N)nc21,success,42,26,25.29,
1891,[N-]=[N+]=N[C@@H]1[C@H](F)[C@@H](CO)O[C@H]1n1cnc2nc(N)[nH]c(=O)c21,success,42,26,25.35,
1892,Nc1nc2c(ncn2[C@@H]2O[C@H](COP(=O)(O)OP(=O)(O)F)[C@@H](O)[C@H]2O)c(=O)[nH]1,success,103,87,120.34,
1893,Nc1nc2c(ncn2[C@@H]2O[C@H](CO[P+](O)([S-])OP(=O)(O)F)[C@@H](O)[C@H]2O)c(=O)[nH]1,success,113,97,135.42,
1894,Nc1nc2c(ncn2[C@@H]2O[C@H](COP(=O)(O)C[P+]([O-])([O-])F)[C@@H](O)[C@H]2O)c(=O)[nH]1,success,94,78,101.0,
1895,O=c1[nH]cnc2c1ncn2[C@H]1O[C@@H](CF)[C@@H](O)[C@H]1O,failed,131,112,111.36,min() arg is an empty sequence
1896,O=c1[nH]cnc2c1ncn2[C@@H]1O[C@@H](CF)[C@@H](O)[C@H]1O,success,131,112,112.99,
1897,O=c1[nH]cnc2c1ncn2[C@H]1O[C@@H](CF)[C@@H](O)[C@@H]1O,success,131,112,113.81,
1898,O=c1[nH]cnc2c1ncn2[C@@H]1O[C@@H](CF)[C@@H](O)[C@@H]1O,success,131,112,112.88,
1899,O=c1[nH]c(F)nc2c1ncn2[C@H]1O[C@@H](CO)[C@@H](O)[C@H]1O,success,282,263,247.03,
1900,O=c1[nH]c(F)nc2c1ncn2[C@@H]1O[C@@H](CO)[C@@H](O)[C@H]1O,success,282,263,284.42,
1901,O=c1[nH]c(F)nc2c1ncn2[C@H]1O[C@@H](CO)[C@@H](O)[C@@H]1O,failed,282,263,353.5,min() arg is an empty sequence
1902,O=c1[nH]c(F)nc2c1ncn2[C@@H]1O[C@@H](CO)[C@@H](O)[C@@H]1O,success,282,263,304.29,
1903,O=c1[nH]cnc2c1ncn2[C@H]1O[C@@H](CO)C[C@@H]1F,success,134,115,134.98,
1904,Nc1nc2c(ncn2[C@H]2O[C@@H](CO)[C@H](O)[C@@H]2F)c(=O)[nH]1,success,287,268,259.31,
1905,Nc1nc2ncn([C@@H]3O[C@H](CO)[C@@H](O)[C@H]3F)c2c(=O)[nH]1,failed,287,268,306.72,min() arg is an empty sequence
1906,Nc1nc2c(ncn2[C@H]2O[C@H](CO)[C@@H](O)[C@H]2F)c(=O)[nH]1,success,287,268,257.65,
1907,[15NH2]c1[15n]c2c([15n]c[15n]2[C@H]2C[C@H](O)[C@@H](CO)O2)c(=O)[15nH]1,success,287,268,281.27,
1908,O=c1[nH]cnc2c1ncn2C1OC(COP(=O)([O-])[O-])C(O)C1O.[Na+].[Na+],success,42,26,33.56,
1909,O=c1[nH]cnc2c1n1c[n+]2[C@@H]2O[C@@H](COP(=O)(O)OP(=O)(O)OC[C@@H]3O[C@@H]1[C@H](O)[C@@H]3O)[C@@H](O)[C@H]2O,success,42,26,42.36,
1910,O=c1[nH]cnc2c1ncn2C1OC(CO)C(O)C1O.[Ag+],success,42,26,25.8,
1911,O=c1[nH]c(F)nc2c1ncn2[C@H]1O[C@H](CO)[C@@H](O)[C@@H]1O,success,282,263,250.13,
1912,O=c1[nH]c(F)nc2c1ncn2[C@@H]1O[C@H](CO)[C@@H](O)[C@@H]1O,success,282,263,276.7,
1913,Nc1nc2c(ncn2[C@H]2CC(F)(F)[C@@H](CO)O2)c(=O)[nH]1,success,166,147,156.22,
1914,Cn1c[n+]([C@@H]2O[C@H](COP(O)(=S)OP(=O)(O)OP(=O)([O-])O)[C@@H](O)[C@H]2O)c2nc(N)[nH]c(=O)c21,success,63,47,71.45,
1915,O=c1[nH]cnc2c1ncn2[C@@H]1O[C@H](COP(=O)(O)O)[C@@H](F)[C@H]1O,success,133,114,164.56,
1916,O=c1[nH]cnc2c1ncn2[C@@H]1O[C@H](COP(=O)(O)OP(=O)(O)O)[C@@H](O)[C@H]1O.[Na].[Na].[Na],success,42,26,55.98,
1917,Nc1nc2c(ncn2[C@@H]2O[C@H](COP(=O)(O)OP(=O)(O)O)[C@@H](O)[C@H]2O)c(=O)[nH]1.[Na].[Na].[Na],success,42,26,35.84,
1918,O=c1[nH]cnc2c1ncn2[C@@]1(F)CC[C@@H](CO)O1,success,123,104,124.76,
1919,CC[C@@]1(n2cnc3c(=O)[nH]c(N)nc32)O[C@H](CO)[C@@H](O)[C@]1(O)F,success,1009,987,767.66,
1920,O=c1[nH]cnc2c1ncn2[C@@H]1O[C@H](CO)[C@](O)(F)[C@H]1O,success,286,267,268.66,
1921,Nc1nc2c(ncn2C2C[C@@H](F)[C@H](CO)O2)c(=O)[nH]1,success,182,163,166.49,
1922,O=c1[nH]c(F)nc2c1ncn2[C@H]1O[C@@H](CO)C(O)[C@@H]1O,success,283,264,288.76,
1923,Nc1nc2c(ncn2C2OC(CO)C(O)C2NC(=O)C(F)(F)F)c(=O)[nH]1,success,1451,1432,2096.4,
1924,CN(C)C(=O)Nc1nc2c(ncn2[C@@H]2O[C@H](CO)[C@@H](O)[C@H]2F)c(=O)[nH]1,success,717,698,697.11,
1925,CC(=O)Nc1nc2c(ncn2[C@@H]2O[C@H](CO)[C@@H](O)[C@H]2F)c(=O)[nH]1,success,1675,1652,2130.11,
1926,Cn1c[n+](C2O[C@H](COP(=O)(O)OP(=O)([O-])OP(=O)(O)O)[C@@H](O)[C@H]2O)c2nc(N)[nH]c(=O)c21,success,72,56,128.31,
1927,Nc1nc2c(ncn2C2OC(CO)CC2(F)F)c(=O)[nH]1,success,166,147,153.44,
1928,Nc1nc2c(c(=O)[nH]1)[n+]([O-])cn2[C@H]1C[C@H](O)[C@@H](CO)O1,success,275,256,235.52,
1929,CCn1c[n+]([C@@H]2O[C@H](COP(=O)([O-])O)[C@@H](O)[C@H]2O)c2nc(N)[nH]c(=O)c21,success,654,636,869.37,
1930,Nc1nc2c(ncn2C2OC(COP(=O)(O)O)C(O)C2F)c(=O)[nH]1,success,182,163,241.01,
1931,C[C@@]1(F)C(O)C(CO)OC1n1cnc2c(=O)[nH]c(N)nc21,success,306,287,264.54,
1932,Nc1nc2ncn(C3OC(CO)C(O)C3F)c2c(=O)[nH]1,success,288,269,269.5,
1933,O=c1[nH]c(F)nc2c1ncn2C1OC(COP(=O)(O)O)C(O)C1O,success,115,97,168.53,
1934,N=[N+]=N[C@]1(CO)O[C@@H](n2cnc3c(=O)[nH]cnc32)[C@@H](CF)[C@@H]1O,success,42,26,25.49,
1935,CC[C@H]1O[C@@H](n2cnc3c(=O)[nH]cnc32)[C@H](F)[C@@H]1O,success,521,500,381.22,
1936,CC[C@H]1O[C@@H](n2cnc3c(=O)[nH]cnc32)[C@H](O)[C@@H]1F,success,521,500,348.28,
1937,CC(=O)NC[C@H]1O[C@@H](n2cnc3c(=O)[nH]cnc32)[C@H](F)[C@@H]1O,success,1022,999,1189.48,
1938,C[C@H]1[C@@H](F)[C@H](n2cnc3c(=O)[nH]cnc32)O[C@@H]1CO,success,165,146,217.11,
1939,Nc1nc2c(ncn2C2OC(COP(=O)([O-])OP(=O)([O-])O)C(O)C2O)c(=O)[nH]1.[Na+].[Na+],success,42,26,35.12,
1940,CN(C)C=Nc1nc2c(ncn2[C@@H]2O[C@H](CO)[C@H](O)C2OCCCCCCNC(=O)C(F)(F)F)c(=O)[nH]1,success,385,366,146.33,
1941,Nc1nc2c(ncn2[C@@H]2O[C@@H]3COP(=O)([O-])O[C@H]3[C@H]2O)c(=O)[nH]1.[K+],success,42,26,31.45,
1942,Nc1nc2c(ncn2[C@@H]2O[C@H](COP(O)(O)=S)[C@@H](F)[C@H]2O)c(=O)[nH]1,success,221,202,279.04,
1943,O=c1c2ncn([C@@H]3O[C@H](CO)[C@@H](O)[C@H]3O)c2ncn1CCF,success,1114,1095,932.5,
1944,Cn1c[n+]([C@@H]2O[C@H](CO)[C@H](O)C2F)c2nc(N)[nH]c(=O)c21,success,369,350,323.02,
1945,Cn1c(N)nc2c(ncn2[C@@H]2O[C@H](CO)[C@H](O)C2F)c1=O,success,326,307,292.48,
1946,O=c1[nH]cnc2c1nc(Cl)n2[C@@H]1O[C@H](CO)[C@H](O)C1F,success,213,194,232.31,
1947,Nc1nc2c(ncn2[C@@H]2O[C@H](COP(=O)(O)O)C(O)[C@@H]2F)c(=O)[nH]1,success,183,164,211.46,
1948,Nc1nc2c(nc(Br)n2[C@@H]2O[C@H](CO)C(F)[C@@H]2O)c(=O)[nH]1,success,261,242,255.04,
1949,O=c1[nH]cnc2c1ncn2[C@@H]1O[C@H](CO)C(F)[C@@H]1O,success,235,216,234.76,
1950,Cn1cnc2c(ncn2[C@@H]2O[C@H](CO)[C@H](O)C2F)c1=O,success,268,249,223.41,
1951,Nc1nc2c(ncn2[C@@H]2O[C@H](CO)C(F)[C@@H]2O)c(=O)[nH]1,success,288,269,301.52,
1952,CC(C)C(=O)Nc1nc2c(ncn2[C@@H]2O[C@H](CO)C(O)[C@H]2F)c(=O)[nH]1,success,2476,2454,3519.24,
1953,O=c1[nH]c(CF)nc2c1ncn2C1OC(COP(=O)(O)O)C(O)C1O,success,127,109,213.56,
1954,O=c1[nH]c(C(F)(F)F)nc2c1ncn2C1OC(COP(=O)(O)O)C(O)C1O,success,115,97,186.82,
1955,CC(C)CNc1nc2c(ncn2[C@@H]2O[C@H](CO)[C@@H](O)[C@@H]2F)c(=O)[nH]1,success,1367,1347,1256.66,
1956,O=c1[nH]cnc2c1ncn2[C@@H]1O[C@H](CO)[C@H](F)[C@H]1O,success,235,216,219.19,
1957,CC(C)C(=O)Nc1nc2c(ncn2C2OC(CO)C(O)[C@@H]2F)c(=O)[nH]1,success,2448,2426,3427.23,
1958,Nc1nc2c(ncn2[C@@H]2O[C@H](CO)[C@@H](O)[C@H]2OP(=O)(O)O)c(=O)[nH]1.[Na].[Na],success,42,26,53.2,
1959,Nc1nc2c(ncn2[C@@H]2O[C@H](COP(=O)(O)OP(=O)(O)OP(=O)(O)O)[C@@H](O)[C@H]2O)c(=O)[nH]1.[Li].[Li],success,42,26,37.81,
1960,Nc1nc2c(ncn2[C@@H]2O[C@H](COP(=O)(O)OP(=O)(O)OP(=O)(O)O)[C@@H](O)[C@H]2O)c(=O)[nH]1.[Li].[Li].[Li],success,42,26,57.34,
1961,O=c1[nH]cnc2c1ncn2[C@@H]1O[C@H](CO)[C@@H](O)[C@H]1OP(=O)(O)O.[Na].[Na],success,42,26,45.12,
1962,O=c1[nH]cnc2c1nc(Cl)n2[C@@H]1O[C@H](CO)[C@@H](O)[C@H]1F,success,213,194,193.65,
1963,Cn1c(N)nc2c(ncn2[C@@H]2O[C@H](CO)[C@@H](O)[C@@H]2F)c1=O,failed,326,307,269.9,min() arg is an empty sequence
1964,Nc1nc2c(ncn2[C@@H]2O[C@H](COP(=O)(O)O)[C@H](O)C2F)c(=O)[nH]1,success,182,163,202.89,
1965,Nc1nc2c(ncn2C2OC(CO)C(F)[C@@H]2O)c(=O)[nH]1,success,288,269,356.9,
1966,Nc1nc2c(ncn2C2OC(CO)C(O)[C@@H]2F)c(=O)[nH]1,failed,288,269,302.15,min() arg is an empty sequence
1967,[N-]=[N+]=NC1(CO)O[C@@H](n2cnc3c(=O)[nH]cnc32)[C@@H](C(F)(F)F)[C@@H]1O,success,42,26,32.35,
1968,[N-]=[N+]=NC1(CO)O[C@@H](n2cnc3c(=O)[nH]c(N)nc32)C(F)(F)[C@@H]1O,success,42,26,29.04,
1969,CC(C)C(=O)Nc1nc2c(ncn2[C@H]2O[C@@H](CO)[C@H](O)[C@@H]2F)c(=O)[nH]1,success,2408,2386,3591.47,
1970,CO[C@H]1[C@@H](O)[C@H](n2cnc3c(=O)n(C)c(N)nc32)O[C@@H]1COP(C)(=O)O,success,227,208,258.8,
1971,[N-]=[N+]=NC1[C@H](n2cnc3c(=O)[nH]cnc32)O[C@H](CO)[C@H]1O,success,42,26,35.34,
1972,[N-]=[N+]=NC1C[C@H](n2cnc3nc(N)[nH]c(=O)c32)O[C@@H]1CO,success,42,26,40.07,
1973,[N-]=[N+]=NC1(CO)O[C@@H](n2cnc3c(=O)[nH]cnc32)[C@H](O)[C@@H]1O,success,42,26,25.75,
1974,[N-]=[N+]=NC1C[C@@H](n2cnc3c(=O)[nH]c(N)nc32)O[C@H]1CO,success,42,26,24.92,
1975,CN(C)C=Nc1nc2c(ncn2[C@@H]2O[C@H](CO)C(O)[C@@H]2F)c(=O)[nH]1,success,327,308,320.36,
1976,Cn1c[n+]([C@@H]2O[C@H](COP(=O)(O)F)[C@@H](O)[C@H]2O)c2nc(N)[nH]c(=O)c21,success,300,281,341.97,
1977,CN(C)C=Nc1nc2c(ncn2[C@@H]2O[C@H](CO)[C@@H](O)[C@@H]2F)c(=O)[nH]1,success,324,305,418.48,
1978,[N-]=[N+]=N[C@@H]1[C@H](F)[C@@H](CO)O[C@@H]1n1cnc2nc(N)[nH]c(=O)c21,success,42,26,25.98,
1979,[N-]=[N+]=N[C@@H]1[C@H](F)[C@@H](CO)O[C@@H]1n1cnc2c(=O)[nH]c(N)nc21,success,42,26,25.0,
1980,N#C[C@]1(CO)O[C@@H](n2cnc3c(=O)[nH]cnc32)[C@@H](F)[C@@H]1O,success,270,251,224.13,
1981,C#C[C@]1(CO)O[C@@H](n2cnc3c(=O)[nH]cnc32)[C@@H](F)[C@@H]1O,success,309,290,234.36,
1982,C[C@@]1(O)[C@@H](CO)O[C@@H](n2cnc3c(=O)[nH]c(N)nc32)[C@@]1(O)F,success,348,329,301.41,
1983,O=c1[nH]c(F)nc2c1ncn2[C@@H]1O[C@H](COP(=O)(O)O)[C@@H](O)[C@@H]1O,success,114,96,170.9,
1984,NC(=O)c1ncn([C@@H]2O[C@H](CF)[C@@H](O)[C@H]2O)c1N,failed,551,532,434.14,min() arg is an empty sequence
1985,O.O.O=c1[nH]cnc2c1ncn2[C@@H]1O[C@H](COP(=O)([O-])OP(=O)([O-])[O-])[C@@H](O)[C@H]1O.[Na+].[Na+].[Na+],success,42,26,36.26,
1986,NNC(=O)c1ncn(C2OC(CO)C(O)C2O)c1N,success,1034,1015,808.51,
1987,Cn1cnc2c(ncn2C2CC(O)C(CO)O2)c1=O,failed,270,251,268.57,min() arg is an empty sequence
1988,O=c1c2ncn(C3OC(CO)C(O)C3O)c2nc2nc[nH]n12,success,293,274,272.8,
1989,CC(O)C1OC(n2cnc3c(ncn3C3OC(C(C)O)C(O)C3O)c2=O)C(O)C1O,success,103,83,71.08,
1990,NC(=O)c1nc(Br)n(C2OC(CO)C(O)C2O)c1N,success,848,829,788.42,
1991,O=C1CNC(=O)c2c(ncn2C2OC(CO)C(O)C2O)N1,success,256,237,170.03,
1992,O=c1[nH]c(=S)[nH]c2ncn(C3OC(CO)C(O)C3O)c12,success,266,247,239.8,
1993,CN(C)/C=N/n1cnc2c(ncn2C2OC(CO)C(O)C2O)c1=O,success,345,326,346.73,
1994,CCc1cn2c(=O)c3ncn([C@@H]4O[C@H](CO)C(O)C4O)c3nc2[nH]1,success,868,847,795.15,
1995,CN(C)/N=N\c1ncn(C2OC(CO)C(O)C2O)c1C(N)=O,success,974,955,887.89,
1996,CN(C)/N=N\c1c(C(N)=O)ncn1C1OC(CO)C(O)C1O,success,974,955,804.52,
1997,O=c1[nH]cnc2c1ncn2C1OC(CCl)C(O)C1O,success,133,114,119.74,
1998,Nc1nc2c(nc(N3CCCC3)n2C2OC(CO)C(O)C2O)c(=O)[nH]1,success,165,147,214.54,
1999,Nc1nc2c(nc([Se])n2C2OC(CO)C(O)C2O)c(=O)[nH]1,success,42,26,39.92,
2000,O=c1[nH]cnc2c1nc(N1CCN(CCO)CC1)n2C1OC(CO)C(O)C1O,success,54,37,43.65,
2001,O=c1[nH]cnc2c1nc(N1CCNCC1)n2C1OC(CO)C(O)C1O,success,154,136,185.33,
2002,Cn1c[n+](C2OC(CO)C(O)C2O)c2nc([O-])[nH]c(=O)c21,success,293,274,227.75,
2003,O=C(CCl)NCC1OC(n2cnc3c(=O)[nH]cnc32)C(O)C1O,success,1896,1877,2180.4,
2004,O=c1[nH]cnc2c1ncn2C1OC(CO)C(O)C1O.O=c1[nH]cnc2c1ncn2C1OC(CO)C(O)C1O.[NH2-].[NH2-].[Pt+2],success,42,26,46.72,
2005,Nc1nc2c(ncn2[C@@H]2O[C@H](CNO)[C@@H](O)[C@H]2O)c(=O)[nH]1,success,238,218,208.41,
2006,CN(N)c1nc2c(=O)[nH]cnc2n1C1OC(CO)C(O)C1O,success,340,321,358.73,
2007,CC(O)C1OC(n2cnc3c(=O)[nH]cnc32)CC1O,success,861,839,642.43,
2008,CSc1nc2c(=O)[nH]cnc2n1C1OC(CO)C(O)C1O,success,334,315,304.17,
2009,CNC(=O)NCC1OC(n2cnc3c(=O)[nH]c(N)nc32)C(O)C1O,success,187,170,118.65,
2010,Nc1nc2c(nc(Br)n2[C@@H]2OC(CO)C(O)C2O)c(=O)[nH]1,success,340,321,326.63,
2011,CN1CCN(c2nc3c(=O)[nH]c(N)nc3n2[C@H]2O[C@@H](CO)[C@H](O)[C@@H]2O)CC1,success,42,26,35.06,
2012,Nc1nc2c(nc(N3CCCCCC3)n2[C@H]2O[C@@H](CO)[C@H](O)[C@@H]2O)c(=O)[nH]1,success,42,26,33.02,
2013,Nc1nc2c(nc(N3CCCC3)n2[C@H]2O[C@@H](CO)[C@H](O)[C@@H]2O)c(=O)[nH]1,success,163,145,209.62,
2014,CN(N=O)C(=O)NCC1OC(n2cnc3c(=O)[nH]cnc32)C(O)C1O,success,138,121,104.88,
2015,O=C(CBr)NCC1OC(n2cnc3c(=O)[nH]cnc32)C(O)C1O,success,1820,1801,2093.03,
2016,NC(=O)OCC1OC(n2cnc3c(=O)[nH]c(N)nc32)C(O)C1O,success,532,513,486.1,
2017,Nc1nc2c(nc(I)n2C2OC(CO)C(O)C2O)c(=O)[nH]1,success,340,321,330.3,
2018,CN(C)/C=N/c1nc2c(ncn2C2OC(CO)C(O)C2O)c(=O)[nH]1,success,329,310,325.89,
2019,O=c1[nH]cnc2c1nc(N1CCOCC1)n2C1OC(CO)C(O)C1O,success,115,97,116.68,
2020,CN1CCN(c2nc3c(=O)[nH]c(N)nc3n2[C@@H]2O[C@H](CO)[C@@H](O)[C@H]2O)CC1.Cl,success,42,26,34.45,
2021,O=c1[nH]cnc2c1nc([Se])n2C1OC(CO)C(O)C1O,success,42,26,27.98,
2022,O=c1[nH]nnc2ncn(C3OC(CO)C(O)C3O)c12,success,263,244,227.0,
2023,O=c1[nH]c(NC2OC(CO)C(O)C2O)nc2c1ncn2C1(CO)CC(O)(CO)O1,success,148,132,89.85,
2024,C[Se]c1nc2c(=O)[nH]c(N)nc2n1C1OC(CO)C(O)C1O,success,363,344,303.29,
2025,C[Se]c1nc2c(=O)[nH]cnc2n1C1OC(CO)C(O)C1O,success,302,283,298.89,
2026,CNC1C(CO)OC(n2cnc3c(=O)[nH]cnc32)C1O,success,396,377,326.1,
2027,O=c1[nH]cnc2c1ncn2C1OC(CO)C(O)C1O.[NH2-].[NH2-].[NH2-].[NH2-].[NH2-].[Ru+5],success,42,26,31.14,
2028,COC1C(COC(C)=O)OC(n2cnc3c(=O)[nH]cnc32)C1OC(C)=O,success,1075,1052,1624.1,
2029,CCSc1nc2c(=O)[nH]cnc2n1C1OC(CO)C(O)C1O,success,1141,1120,931.02,
2030,CSc1nc2c(=O)[nH]c(N)nc2n1[C@@H]1O[C@H](CO)[C@H](O)C1O,success,398,379,388.5,
2031,CN(C)c1nc2c(=O)[nH]c(N)nc2n1[C@@H]1O[C@H](CO)[C@H](O)C1O,success,363,344,338.64,
2032,CC[Sn]1(CC)OC2C(CO)OC(n3cnc4c(=O)[nH]c(N)nc43)C2O1,success,722,702,547.69,
2033,COc1nc2c(=O)[nH]cnc2n1C1OC(CO)C(O)C1O,success,307,288,214.03,
2034,CO.O=c1[nH]cnc2c1ncn2C1OCC(O)C(O)C1O,success,42,26,25.67,
2035,CC1(C)OCC2OC(n3cnc4c(=O)[nH]c(N)nc43)C(O)C2O1,success,92,73,137.38,
2036,CCNc1nc2c(=O)[nH]c(N)nc2n1C1OC(CO)C(O)C1O,success,1086,1065,1141.28,
2037,CN(C)c1nc2c(=O)[nH]cnc2n1C1OC(CO)C(O)C1O,success,316,297,370.77,
2038,O=c1[nH]cnc2c1nc(N1CCCC1)n2C1OC(CO)C(O)C1O,success,157,139,212.58,
2039,CN(N)c1nc2c(=O)[nH]c(N)nc2n1C1OC(CO)C(O)C1O,success,42,26,41.58,
2040,CC(=O)NC1CC(n2cnc3c(=O)[nH]cnc32)OC1C(C)O,success,2407,2384,3158.75,
2041,CC(=O)NC1CC(n2cnc3c(=O)[nH]c(N)nc32)OC1C(C)O,success,2163,2140,3020.98,
2042,C[Sn]1(C)OC2C(CO)OC(n3cnc4c(=O)[nH]c(N)nc43)C2O1,success,206,187,214.52,
2043,O=c1[nH]cnc2c1ncn2C1OC(CO)C(O)C1O.[Ag+],success,42,26,40.09,
2044,CC(C)(Nc1nc2c(ncn2C2OC(CO)C(O)C2O)c(=O)[nH]1)P(=O)(O)O.[Ba+2],success,42,26,36.78,
2045,CN1CCN(c2nc3c(=O)[nH]c(N)nc3n2C2OC(CO)C(O)C2O)CC1.Cl,success,42,26,43.32,
2046,NCCCCCCNc1nc2c(=O)[nH]cnc2n1C1OC(CO)C(O)C1O,success,192,174,98.11,
2047,CC(C)=O.O=c1[nH]c(F)nc2c1ncn2C1OC(CO)C(O)C1O,success,222,204,114.32,
2048,O=c1[nH]cnc2c1ncn2C1OC(CI)C(O)C1O,success,133,114,136.74,
2049,Nc1nc2c(ncn2C2OC(CO)C3OP(=O)(O)OC32)c(=O)[nH]1.[Ba+2],success,42,26,30.98,
2050,O=c1[nH]cnc2c1ncn2C1COC(CO)[C@@H]1O,success,234,215,211.8,
2051,COC1C(O)C(CO)OC1n1c(Br)nc2c(=O)[nH]c(N)nc21,success,319,300,301.61,
2052,CN(C)/C=N/c1nc2c(ncn2C2CC(O)C(CO)O2)c(=O)[nH]1,success,327,308,292.67,
2053,Nc1nc2c(nc(NCCCN3CCOCC3)n2[C@@H]2O[C@H](CO)[C@@H](O)[C@H]2O)c(=O)[nH]1,success,122,104,57.34,
2054,Nc1nc2c(ncn2C2CC(O)C(CO)O2)c(=O)[nH]1.O,success,42,26,39.87,
2055,NC[C@H]1O[C@H](n2cnc3c(=O)[nH]c(N)nc32)[C@@H](O)[C@@H]1O,success,215,196,192.2,
2056,Nc1nc2c(nc(N3CCOCC3)n2[C@@H]2O[C@H](CO)[C@@H](O)[C@H]2O)c(=O)[nH]1,success,122,104,147.36,
2057,CCCC[N+](CCCC)(CCCC)CCCC.O=c1[nH]cnc2c1ncn2C1OC(COS(=O)(=O)[O-])C(O)C1O,success,42,26,39.22,
2058,Nc1nc2c(nc(N3CCCC3)n2[C@@H]2O[C@H](CO)[C@@H](O)[C@H]2O)c(=O)[nH]1,success,163,145,193.41,
2059,CC(=O)OCC1O[C@@H](n2cnc3c(=O)[nH]cnc32)C(OC(C)=O)C1OC(C)=O,success,427,406,243.6,
2060,CN(C)c1nc2c(=O)[nH]c(N)nc2n1[C@@H]1OC(CO)C(O)C1O,success,364,345,385.29,
2061,O=c1[nH]cnc2c1ncn2C1OC(COP(=O)(O)O)C(O)C1O.[Na+].[Na+],success,42,26,32.76,
2062,O=c1[nH]cnc2c1ncn2[C@@H]1O[C@H](COS(=O)(=O)[O-])[C@@H](O)[C@H]1O,success,98,80,108.37,
2063,COC(=O)[C@H]1O[C@@H](n2cnc3c(=O)[nH]cnc32)[C@H](O)[C@@H]1O,success,439,420,399.36,
2064,C[Se][C@H]1[C@H](O)[C@@H](CO)O[C@H]1n1cnc2c(=O)[nH]c(N)nc21,success,328,309,320.26,
2065,O=c1[nH]c(=O)c2ncn([C@H]3O[C@@H](CO)[C@H](O)[C@@H]3O)c2[nH]1,success,243,224,207.74,
2066,NCCn1cnc2c(ncn2[C@H]2C[C@H](O)[C@@H](CO)O2)c1=O,success,1503,1484,1295.1,
2067,NCCCCCCn1cnc2c(ncn2[C@H]2C[C@H](O)[C@@H](CO)O2)c1=O,success,42,26,37.47,
2068,O=c1c2ncn([C@H]3C[C@H](O)[C@@H](CO)O3)c2ncn1CCO,success,1504,1483,1047.06,
2069,Nn1cnc2c(ncn2[C@H]2C[C@H](O)[C@@H](CO)O2)c1=O,success,255,236,220.42,
2070,O=c1c2ncn([C@@H]3O[C@H](CO)[C@@H](O)[C@H]3O)c2ncn1[C@@H]1O[C@H](CO)[C@@H](O)[C@H](O)[C@H]1O,success,42,26,46.63,
2071,O=c1c2ncn([C@H]3C[C@H](O)[C@@H](CO)O3)c2ncn1CCCCCO,success,2123,2102,1858.67,
2072,O=c1c2ncn([C@H]3C[C@H](O)[C@@H](CO)O3)c2ncn1O,success,255,236,273.99,
2073,Cc1cn2c(=O)c3ncn(C4OC(CO)C(O)C4O)c3nc2[nH]1,success,272,253,316.28,
2074,O=c1c2ncn([C@@H]3O[C@H](CO)[C@@H](O)[C@H]3O)c2ncn1[C@@H]1O[C@H](CO)[C@@H](O)[C@H]1O,success,49,33,68.69,
2075,O=c1[15nH]cnc2c1ncn2[C@H]1C[C@H](O)[C@@H](CO)O1,success,234,215,232.69,
2076,Nc1nc2c(ncn2C2OC3COP(=O)([O-])OC3C2O)c(=O)[nH]1,success,118,99,139.77,
2077,O=c1[nH]cnc2c1ncn2[C@@H]1O[C@H](CO)[C@@H](O[C@@H]2O[C@H](CO)[C@@H](O)[C@H](O)[C@H]2O)[C@H]1O,success,271,253,115.31,
2078,O=c1[nH]cnc2ncn(C3OC(CO)C(O)C3O)c12,success,281,262,259.78,
2079,Nc1nc2c(ncn2[C@H]2O[C@@H](CO)[C@@H](O)[C@@H]2O)c(=O)[nH]1,success,361,342,319.22,
2080,O=c1[nH]cnc2c1ncn2[C@H]1O[C@H](CO)[C@H](O)[C@H]1O,success,300,281,264.18,
2081,[15NH2]c1nc2c([15n][13cH]n2[C@H]2C[C@H](O)[C@@H](CO)O2)c(=O)[15nH]1,success,287,268,262.97,
2082,CN1CCN(c2nc3c(=O)[nH]c(N)nc3n2[C@@H]2O[C@H](CO)[C@@H](O)[C@H]2O)CC1,success,42,26,41.97,
2083,[15NH2][13c]1[15n]c2c(ncn2[C@H]2C[C@H](O)[C@@H](CO)O2)c(=O)[15nH]1,success,287,268,293.64,
2084,[15NH2]c1nc2c(ncn2[C@@H]2O[C@H](CO)[C@@H](O)[C@H]2O)c(=O)[nH]1,success,361,342,387.3,
2085,CC(C)(C)[Si](C)(C)OC[C@H]1O[C@@H](n2cnc3c(=O)[nH]cnc32)[C@H](O)[C@@H]1O[Si](C)(C)C(C)(C)C,success,42,26,27.98,
2086,Nc1nc2c(ncn2[C@@H]2C[C@H](O)C[C@@H](CO)O2)c(=O)[nH]1,success,314,295,251.84,
2087,CS[13c]1[15n]c2c(ncn2[C@H]2C[C@H](O)[C@@H](CO)O2)c(=O)[15nH]1,success,288,269,250.28,
2088,CC(C)(C)[Si](C)(C)OC[C@H]1O[C@@H](n2cnc3c(=O)[nH]cnc32)[C@H](O[Si](C)(C)C(C)(C)C)[C@@H]1O,success,42,26,43.88,
2089,CN(C)c1nc2c(=O)[nH]c(N)nc2n1C1OC(CO)C(O)C1O,success,364,345,391.22,
2090,O=c1[nH]cnc2ncn([C@H]3O[C@@H](CO)[C@H](O)[C@@H]3O)c12,failed,279,260,263.05,min() arg is an empty sequence
2091,Nc1nc2c(ncn2C2C[C@H](O)[C@@H](COP(=O)(O)O)O2)c(=O)[nH]1,success,182,163,233.87,
2092,O=c1[nH]c(C(O)CO)nc2c1ncn2[C@@H]1O[C@H](CO)[C@@H](O)[C@H]1O,success,1680,1659,1501.78,
2093,O=c1[nH]c(CCO)nc2c1ncn2[C@@H]1O[C@H](CO)[C@@H](O)[C@H]1O,success,1509,1488,1044.27,
2094,O=c1[nH]c(CO)nc2c1ncn2[C@@H]1O[C@H](CO)[C@@H](O)[C@H]1O,success,552,533,371.0,
2095,CCC(O)C(C)c1nc2c(ncn2[C@@H]2O[C@H](CO)[C@@H](O)[C@H]2O)c(=O)[nH]1,success,1532,1511,1295.06,
2096,Nc1nc2ncn(C3OC(CO)C(O)CC3O)c2c(=O)[nH]1,success,434,415,356.95,
2097,O.O=c1[nH]cnc2c1ncn2[C@@H]1O[C@H](COP(=O)([O-])OP(=O)([O-])OP(=O)([O-])O)[C@@H](O)[C@H]1O.[Na+].[Na+].[Na+],success,42,26,59.29,
2098,C/C=C/c1nc2c(ncn2C2OC(CO)C(O)C2O)c(=O)[nH]1,success,1043,1020,829.41,
2099,O=c1[nH]c(CCO)nc2c1ncn2C1OC(CO)C(O)C1O,success,1599,1578,1067.32,
2100,CC(=O)Cc1nc2c(ncn2C2OC(CO)CC2O)c(=O)[nH]1,success,3695,3673,3569.27,
2101,O=c1[nH]c(CO)nc2c1ncn2C1OC(CO)C(O)C1O,failed,550,531,464.4,min() arg is an empty sequence
2102,C=Cc1nc2c(ncn2C2OC(CO)CC2O)c(=O)[nH]1,success,291,272,244.37,
2103,C[C@H]1C[C@H](O)n2c(nc3c(ncn3[C@H]3C[C@H](O)[C@@H](CO)O3)c2=O)N1,success,263,245,278.16,
2104,Nc1nc2c(nc(Br)n2[C@@H]2O[C@H](CO)[C@@H](O)[C@H]2O)c(=O)[nH]1.O,success,42,26,30.95,
2105,O=c1[nH]cnc2c1ncn2[C@H]1C[C@H](O)[C@@H](COP(=O)(O)OP(=O)(O)CP(=O)(O)O)O1,success,72,56,128.98,
2106,Nc1nc2c(ncn2[C@H]2O[C@@H](COP(=O)([O-])[O-])[C@H](O)[C@@H]2O)c(=O)[nH]1,success,189,171,243.86,
2107,Nc1nc2c(ncn2[C@@H]2O[C@H](CO)[C@@H](O)[C@H]2OP(=O)(O)NP(=O)(O)OP(=O)(O)O)c(=O)[nH]1,success,65,49,77.73,
2108,Nc1nc2c(ncn2[C@@H]2O[C@H](CO)[C@@H](OP(=O)(O)NP(=O)(O)OP(=O)(O)O)[C@H]2O)c(=O)[nH]1,success,65,49,69.52,
2109,Nc1nc2c(ncn2[C@H]2O[C@@H](COP(=O)(O)CP(=O)(O)O)[C@H](O)[C@@H]2O)c(=O)[nH]1,success,84,68,69.47,
2110,O.O=c1[nH]cnc2c1ncn2[C@@H]1O[C@H](COP(=O)([O-])OP(=O)([O-])[O-])[C@@H](O)[C@H]1O.[Na+].[Na+].[Na+],success,42,26,35.71,
2111,O=c1[nH]cnc2c1ncn2[C@@H]1O[C@H](COP(=O)(O)OP(=O)([O-])[O-])[C@@H](O)[C@H]1O.[Na+].[Na+],success,42,26,48.79,
2112,O=c1[nH]cnc2c1ncn2[C@H]1O[C@H](COP(=O)(O)OP(=O)(O)OP(=O)(O)O)C(O)[C@@H]1O,success,57,41,63.56,
2113,Nc1nc2c(ncn2C2C[C@H](O)[C@@H](COP(=O)(O)OP(=O)(O)O)O2)c(=O)[nH]1,success,70,54,67.13,
2114,Nc1nc2c(ncn2[C@@H]2O[C@H](COP(=O)(O)OP(=O)(O)OP(=O)(O)OP(=O)(O)O)[C@H](O)C2O)c(=O)[nH]1,success,42,26,42.82,
2115,CC(=O)OC[C@@H]1O[C@H](n2cnc3c(=O)[nH]cnc32)[C@@H](OC(C)=O)[C@H]1OC(C)=O,success,322,301,165.05,
2116,Nc1nc2c(ncn2[C@H]2O[C@@H](CO)[C@H](O)[C@H]2O)c(=O)[nH]1,success,361,342,340.74,
2117,NCCOCCOP(=O)(O)OC[C@H]1O[C@@H](n2cnc3c(=O)[nH]c(N)nc32)C[C@@H]1O,success,844,826,1196.98,
2118,CC1(C)O[C@H]([C@H](O)CO)[C@H](Cn2cnc3c(=O)[nH]cnc32)O1,success,1110,1089,826.71,
2119,O=c1[nH]cnc2c1ncn2[C@@H]1O[C@H](COP(=O)([O-])OP(=O)(O)OP(=O)([O-])O)[C@@H](O)[C@H]1O.[Na+].[Na+],success,42,26,41.34,
2120,O=c1[nH]cnc2c1ncn2[C@@H]1O[C@H](COP(=O)(O)OP(=O)(O)OP(=O)([O-])[O-])[C@@H](O)[C@H]1O.[Na+].[Na+],success,42,26,48.54,
2121,COC1C(O)[C@H](n2cnc3c(=O)[nH]cnc32)O[C@@H]1CO,success,271,252,234.19,
2122,COCCO[C@H]1[C@@H](O)[C@H](CO)O[C@@H]1n1cnc2c(=O)[nH]c(N)nc21,failed,1035,1016,889.69,min() arg is an empty sequence
2123,O=c1c2ncn([C@H]3C[C@H](O)[C@@H](CO)O3)c2nc2n1CC=N2,success,252,233,269.8,
2124,Nc1nc2c(ncn2[C@H]2C[C@H](O)[C@@H](COP(=O)([O-])[O-])O2)c(=O)[nH]1.[Na+].[Na+],success,42,26,32.96,
2125,O=c1[nH]cnc2c1ncn2[C@@H]1O[C@H](CO)[C@@H](O[C@@H]2O[C@@H](CO)[C@H](O)[C@@H](O)[C@@H]2O)[C@H]1O,success,271,253,108.43,
2126,Nc1nc2c(ncn2[C@@H]2O[C@H](COP(=O)([O-])OP(=O)([O-])OP(=O)([O-])O)[C@@H](O)[C@H]2O)c(=O)[nH]1.O.[Na+].[Na+].[Na+],success,42,26,45.44,
2127,O=c1[nH]cnc2c1ncn2[C@@H]1O[C@H](COP(=O)([O-])OP(=O)([O-])O)[C@@H](O)[C@H]1O.[Na+].[Na+],success,42,26,44.4,
2128,O=c1c2ncn(C3CC(O)C(CO)O3)c2nc2n1C(O)CCN2,success,362,343,341.3,
2129,O=c1c2ncn(C3CC(O)C(CO)O3)c2nc2n1CCC(O)N2,success,362,343,322.83,
2130,O=C(O)CCNc1nc2c(ncn2C2CC(O)C(CO)O2)c(=O)[nH]1,success,4955,4935,12142.03,
2131,O=c1ccn2c(=O)c3ncn(C4CC(O)C(CO)O4)c3nc2[nH]1,success,221,202,238.92,
2132,O.O=c1[nH]cnc2c1ncn2[C@@H]1O[C@H](COP(=O)([O-])[O-])[C@@H](O)[C@H]1O.[Na+].[Na+],success,42,26,52.13,
2133,CN(C)/C=N/c1nc2c(ncn2[C@H]2O[C@@H](CO)[C@H](O)[C@@H]2O)c(=O)[nH]1,success,327,308,337.11,
2134,O=c1[nH]cnc2c1ncn2[C@@H]1O[C@H](COP(=O)(O)OP(=O)([O-])OP(=O)([O-])O)[C@@H](O)[C@H]1O.[Na+].[Na+],success,42,26,36.96,
2135,O.O=c1[nH]cnc2c1ncn2[C@@H]1O[C@H](COP(=O)([O-])OP(=O)([O-])[O-])[C@@H](O)[C@H]1O.[Na+].[Na+].[Na+],success,42,26,56.14,
2136,Cn1c[n+]([C@@H]2O[C@H](COP(=O)(O)O)[C@H](O)C2O)c2nc(N)[nH]c(=O)c21,success,158,140,261.86,
2137,O=c1[nH]c(=O)c2ncn([C@@H]3O[C@H](CO)[C@H](O)[C@H]3O)c2[nH]1,success,243,224,250.55,
2138,Cn1c(=O)c2c(ncn2[C@@H]2O[C@H](CO)[C@@H](O)[C@H]2O)n(C)c1=O,success,254,235,198.57,
2139,O=c1[nH]c(=O)c2c(ncn2[C@@H]2O[C@H](CO)[C@@H](O)[C@H]2O)[nH]1,success,229,210,187.4,
2140,NC(=O)c1ncn([C@@H]2O[C@H](CO)C[C@H]2O)c1N,success,754,735,618.83,
2141,NC(=O)c1ncn([C@H]2O[C@H](CO)[C@@H](O)[C@H]2O)c1N,success,985,966,856.83,
2142,COCCOCn1cnc2c(ncn2[C@@H]2O[C@H](CO)[C@@H](O)[C@H]2O)c1=O,success,683,665,525.6,
2143,C#CCn1cnc2c(ncn2[C@@H]2O[C@H](CO)[C@@H](O)[C@H]2OC)c1=O,success,427,409,357.63,
2144,Cn1c(N)nc(=O)c2ncn(C3OC(CO)C(O)C3O)c21,success,382,363,383.8,
2145,CCn1cnc2c(ncn2[C@@H]2O[C@H](CO)[C@@H](O)[C@H]2O)c1=O,success,962,941,686.94,
2146,Nc1nc2c(ncn2[C@@H]2O[C@H](CO)[C@@H](O)[C@H]2O)c(=O)n1CCO,success,1394,1373,1079.01,
2147,O=c1c2[nH]cnc2ncn1C1OC(CO)C(O)C1O,success,281,262,240.81,
2148,O=c1c2[nH]cnc2ncn1C1OCC(O)C(O)C1O,success,220,201,191.65,
2149,CN1CNc2c(ncn2[C@@H]2O[C@H](COP(=O)(O)O)[C@@H](O)[C@H]2O)C1=O,success,105,87,203.04,
2150,CCO[C@@H]1[C@H](O)[C@@H](CO)O[C@H]1n1cnc(C(N)=O)c1N,success,2139,2117,1826.42,
2151,CCO[C@H]1[C@@H](O)[C@H](n2cnc(C(N)=O)c2N)O[C@@H]1CO,success,2140,2118,1858.69,
2152,O=c1[nH]c(=O)c2ncn(C3O[C@H](CO)[C@@H](O)[C@H]3O)c2[nH]1,success,243,224,222.53,
2153,CC1(N)NC(=O)c2ncn([C@@H]3O[C@H](CO)[C@@H](O)[C@H]3O)c2N1,success,368,349,284.32,
2154,Nc1nc2c(ncn2[C@@H]2O[C@H](CO)[C@@H](O)[C@H]2O)c(=O)n1OP(=O)(O)O,success,88,72,88.34,
2155,Nc1ncnc2nc3c(ncn3[C@@H]3O[C@H](CO)[C@@H](O)[C@H]3O)c(=O)n12,success,56,40,59.67,
2156,O=c1[nH]c(=O)n([C@@H]2O[C@H](CO)[C@@H](O)[C@H]2O)c2nc[nH]c12,success,229,210,236.19,
2157,C#CCN1CNc2c(ncn2[C@@H]2O[C@H](CO)[C@@H](O)[C@H]2OC)C1=O,success,439,421,378.68,
2158,O=c1[nH]c(=O)c2ncn([C@@H]3O[C@H](COS(=O)(=O)O)[C@@H](O)[C@H]3O)c2[nH]1,success,54,38,41.25,
2159,NC1NC(=O)c2ncn([C@@H]3O[C@H](COP(=O)(O)OP(=O)(O)OP(=O)(O)O)[C@@H](O)[C@H]3O)c2N1,success,56,40,54.91,
2160,NC(=O)c1ncn([C@]2(O)O[C@H](CO)[C@@H](O)[C@H]2O)c1N,success,1140,1121,823.43,
2161,O=c1[nH]c(=O)c2ncn([C@@H]3O[C@H](CO)[C@@H](O)[C@@H]3O)c2[nH]1,success,243,224,254.55,
2162,O=c1[nH]c(=O)c2ncn([C@@H]3O[C@H](CO)[C@H](O)C3O)c2[nH]1,success,244,225,221.04,
2163,NC(=O)c1ncn([C@@H]2O[C@H](CO)C(O)C2O)c1N,success,989,970,768.0,
2164,NCCN1CNc2c(ncn2[C@H]2CC[C@@H](CO)O2)C1=O,success,1428,1409,1149.17,
2165,Nc1nc2nc[nH]c2c(=O)n1[C@@H]1O[C@H](CO)[C@H](O)[C@H]1O,success,356,337,334.36,
2166,Nc1nc2nc[nH]c2c(=O)n1[C@H]1O[C@H](CO)[C@H](O)[C@@H]1O,success,356,337,350.06,
2167,NC(=O)c1c(NC=O)ncn1[C@@H]1OC[C@H](O)[C@H](O)[C@H]1O,success,1637,1618,1499.48,
2168,C#CCN1CNc2c(ncn2[C@@H]2O[C@H](CO)[C@@H](O)[C@H]2O)C1=O,success,745,726,577.47,
2169,CNC(=O)c1ncn([C@@H]2O[C@H](CO)[C@@H](O)[C@H]2O)c1C(=O)NC,success,2421,2402,2299.96,
2170,NC1NC(=O)c2ncn([C@@H]3O[C@H](CO)[C@@H](O)[C@H]3O)c2N1OP(=O)(O)O,success,65,49,62.47,
2171,CCCCO[C@H]1[C@@H](O)[C@H](n2cnc(C(N)=O)c2N)O[C@@H]1CO,success,4608,4586,4858.1,
2172,CO[C@H]1[C@@H](O)[C@H](n2cnc(C(N)=O)c2N)O[C@@H]1CO,success,833,814,686.91,
2173,NC1NC(=O)c2ncn([C@H]3C[C@H](O)[C@@H](CO)O3)c2N1,failed,322,303,296.28,min() arg is an empty sequence
2174,O=C1NC2N=CCN2c2c1ncn2[C@@H]1O[C@H](CO)[C@@H](O)[C@H]1O,success,313,294,292.04,
2175,CCCCO[C@@H]1[C@H](O)[C@@H](CO)O[C@H]1n1cnc(C(N)=O)c1N,success,4607,4585,4757.48,
2176,NC(=O)c1ncn([C@@H]2O[C@@H](CO)[C@H](O)[C@H]2O)c1NC=O,success,1915,1896,1705.36,
2177,O=c1[nH]c(=O)c2ncn([C@@H]3C[C@H](O)[C@@H](CO)O3)c2[nH]1,success,207,188,237.95,
2178,NC(=O)c1ncn([C@@H]2O[C@H](CO)[C@@H](O)[C@H]2OP(=O)(O)O)c1N,success,514,496,762.3,
2179,CN1CNc2c(ncn2[C@H]2C[C@H](O)[C@@H](CO)O2)C1=O,success,277,258,238.26,
2180,NC(=O)c1ncn([C@H]2O[C@@H](CO)[C@H](O)[C@@H]2O)c1N,success,985,966,770.07,
2181,Nc1nc2c(ncn2[C@@H]2O[C@H](CO)[C@@H](O)[C@H]2O)c(=O)n1OP(=O)(O)OP(=O)(O)O,success,57,41,49.54,
2182,CO[C@@H]1[C@H](O)[C@@H](CO)O[C@H]1n1cnc(C(N)=O)c1N,failed,832,813,681.96,min() arg is an empty sequence
2183,CN1c2c(ncn2[C@@H]2O[C@H](CO)[C@@H](O)[C@H]2O)C(=O)NC1N,success,390,371,295.52,
2184,Nc1nc[nH]c1C(=O)NC1O[C@H](CO)[C@@H](O)[C@H]1O,success,1281,1262,1353.47,
2185,[N-]=[N+]=N[C@]1(CO)O[C@H](n2cnc3c(=O)[nH]c(=O)[nH]c32)C[C@@H]1O,success,42,26,28.67,
2186,Nc1nc2nc[nH]c2c(=O)n1C1O[C@H](CO)[C@@H](O)[C@H]1O,success,356,337,336.85,
2187,Nc1nc2nc[nH]c2c(=O)n1C1OC[C@@H](O)[C@@H](O)[C@H]1O,success,267,248,217.59,
2188,O=c1c2[nH]cnc2ncn1C1O[C@H](CO)[C@@H](O)[C@H]1O,success,279,260,271.02,
2189,Nc1nc2nc[nH]c2c(=O)n1[C@@H]1O[C@H](CO)[C@H](O)[C@@H]1O,success,356,337,415.11,
2190,O=c1[nH]c(=O)c2c(ncn2C2O[C@H](CO)[C@@H](O)[C@H]2O)[nH]1,success,229,210,191.9,
2191,Nc1c(C(=O)NN2CCCCC2)ncn1[C@@H]1O[C@H](CO)[C@@H](O)[C@H]1O,success,1103,1085,1162.86,
2192,Cn1c(N)nc2c(ncn2[C@@H]2O[C@H](CO)C(O)C2O)c1=O,success,382,363,303.7,
2193,CNC[C@H]1O[C@@H](n2cnc(C(N)=O)c2N)[C@H](O)[C@@H]1O,success,766,747,827.83,
2194,O=c1[nH]c(=O)c2ncn([C@@H]3CC[C@H](CO)O3)c2[nH]1,failed,124,105,158.17,min() arg is an empty sequence
2195,NC(=O)c1ncn([C@@H]2O[C@H](CO)[C@@H](O)[C@@H]2O)c1NC=O,success,1915,1896,1697.09,
2196,Cn1c(N)nc2c(ncn2[C@@H]2O[C@H](COP(=O)(O)O)C(O)C2O)c1=O,success,143,125,301.88,
2197,Cn1c(N)nc(=O)c2ncn([C@@H]3O[C@H](CO)C(O)C3O)c21,success,382,363,322.4,
2198,O=c1[nH]c(=O)c2ncn([C@@H]3OC[C@@H](O)[C@@H](O)[C@H]3O)c2[nH]1,success,171,152,129.05,
2199,Nc1nc2c(ncn2[C@@H]2O[C@H](CO)C(O)C2O)c(=O)n1OP=O,success,296,277,304.88,
2200,O=c1[nH]c(=O)c2ncn([C@H]3O[C@@H](CO)C(O)C3O)c2[nH]1,success,245,226,239.11,
2201,NC(=O)c1c(NC=O)ncn1[C@@H]1OC[C@@H](O)[C@@H](O)[C@@H]1O,success,1637,1618,1393.1,
2202,Nc1nc2nc[nH]c2c(=O)n1[C@@]1(CO)OC[C@@H](O)[C@@H]1O,success,340,321,299.65,
2203,O=c1[nH]c(=S)[nH]c2c1ncn2[C@@H]1O[C@H](CO)C(O)C1O,success,288,269,294.49,
2204,O=C1c2ncn([C@@H]3O[C@H](CO)[C@@H](O)[C@H]3O)c2NCN1OP(=O)(O)O,success,56,40,50.35,
2205,Nc1nc2nc[nH]c2c(=O)n1[C@@H]1OC[C@@H](O)[C@@H](O)[C@H]1O,success,267,248,250.95,
2206,Nc1nc2c(ncn2[C@@H]2O[C@H](CO)C(O)C2O)c(=O)n1C(=O)O,success,835,816,902.49,
2207,Nc1nc(=O)c2ncn([C@@H]3O[C@H](CO)C(O)C3O)c2n1C=CC=O,success,2937,2917,2625.53,
2208,NC1NC(=O)c2ncn([C@@H]3O[C@H](CO)C(O)C3O)c2N1,success,372,353,338.76,
2209,Nc1nc2c(ncn2[C@@H]2O[C@H](CO)C(O)C2O)c(=O)n1C1O[C@H](CO)[C@@H](O)[C@H]1O,success,63,47,56.91,
2210,[N-]=[N+]=Nn1c(N)nc(=O)c2ncn([C@@H]3O[C@H](CO)C(O)C3O)c21,success,42,26,33.09,
2211,Nc1nc2c(ncn2[C@@H]2O[C@H](CO)C(O)C2O)c(=O)n1C=CC=O,success,2944,2924,2602.48,
2212,O=c1[nH]c2c(ncn2[C@H]2O[C@@H](CO)C(O)C2O)c(=O)n1P,success,241,222,205.09,
2213,Nc1nc2c(ncn2[C@@H]2O[C@H](CO)C(O)C2O)c(=O)n1P=O,success,315,296,243.89,
2214,NC(=O)c1ncn(C2O[C@H](C(O)P(=O)(O)O)[C@@H](O)[C@H]2O)c1N,success,513,495,622.24,
2215,O=c1[nH]c(=S)[nH]c2c1ncn2[C@@H]1O[C@H](CO)[C@H](O)C1O,success,287,268,277.96,
2216,O=c1[nH]c[n+]([C@@H]2O[C@H](CO)[C@@H](O)[C@@H]2O)c2nc[nH]c12,success,316,297,283.05,
2217,O=c1[nH]c(=O)c2ncn([C@H]3C[C@H](O)C(CO)O3)c2[nH]1,success,207,188,314.97,
2218,COC[C@H]1O[C@@H](n2cnc(C(N)=O)c2NC=O)[C@@H](O)C1O,success,1558,1539,1413.8,
2219,COC[C@H]1O[C@@H](n2cnc(C(N)=O)c2N)[C@@H](O)C1O,success,832,813,654.27,
2220,NC1NC(=O)c2ncn([C@H]3C[C@@H](O)[C@@H](CO)O3)c2N1,failed,322,303,263.88,min() arg is an empty sequence
2221,COC[C@H]1O[C@@H](n2cnc(C(N)=O)c2N)C(O)[C@H]1O,success,832,813,686.02,
2222,COC[C@H]1O[C@@H](n2cnc(C(N)=O)c2NC=O)C(O)[C@H]1O,success,1558,1539,1317.11,
2223,O=c1[nH]c2nc[nH]c2c(=O)n1C1OC(CO)C(O)C1O,success,231,212,194.29,
2224,NC(=O)c1ncn([C@@H]2O[C@H](CO)[C@H](O)C2O)c1N,success,987,968,771.77,
2225,O=c1c2[nH]cnc2nc2n1C1OC(CO2)C(O)C1O,failed,123,104,115.16,min() arg is an empty sequence
2226,Nc1nc2nc[nH]c2c(=O)n1C1O[C@H](CO)[C@@H](O)[C@@H]1O,success,356,337,346.42,
2227,CC(C(=O)O)n1c(N)nc2c(ncn2[C@@H]2O[C@H](CO)[C@@H](O)[C@H]2O)c1=O,success,3132,3111,4011.61,
2228,Nc1nc2c(ncn2[C@@H]2O[C@H](CO)[C@@H](O)[C@H]2O)c(=O)n1CC(=O)O,success,1771,1752,1900.1,
2229,CC(=O)n1c(N)nc2c(ncn2[C@@H]2O[C@H](CO)[C@@H](O)[C@H]2O)c1=O,success,1657,1635,1617.51,
2230,O=c1[nH]c2nc[nH]c2c(=O)n1[C@@H]1O[C@H](CO)[C@@H](O)[C@H]1O,success,229,210,227.8,
2231,Nc1nc2nc[nH]c2c(=O)n1C1O[C@@H](CO)[C@H](O)[C@@H]1O,success,356,337,287.55,
2232,CN(C)C1(N)NC(=O)c2ncn([C@@H]3O[C@H](CO)[C@@H](O)[C@H]3O)c2N1,success,364,345,320.09,
2233,Nc1nc2c(ncn2[C@@H]2O[C@H](CO)C[C@H]2O)c(=O)n1N,failed,300,281,289.03,min() arg is an empty sequence
2234,CC(C(=O)O)n1c(N)nc2c(ncn2[C@H]2C[C@H](O)[C@@H](CO)O2)c1=O,success,4061,4040,7135.44,
2235,Cn1c(N)nc2c(ncn2[C@@H]2O[C@H](CO)[C@@H](O)[C@H]2O)c1=O.NP(O)O,success,67,51,69.32,
2236,CC(C)n1c(N)nc2c(ncn2[C@@H]2O[C@H](CO)[C@@H](O)[C@H]2O)c1=O,failed,1002,981,816.42,min() arg is an empty sequence
2237,CCn1c(N)nc2c(ncn2[C@@H]2O[C@H](CO)[C@@H](O)[C@H]2O)c1=O,success,997,976,769.21,
2238,Cn1c(N)nc2c(ncn2[C@]2(C)O[C@H](CO)[C@@H](O)[C@H]2O)c1=O,success,354,335,401.84,
2239,CCCCCCCCCCCCCCCCCCn1c(N)nc2c(ncn2[C@@H]2O[C@H](CO)[C@@H](O)[C@H]2O)c1=O,success,42,26,42.79,
2240,CC(C)C(=O)n1c(N)nc2c(ncn2[C@@H]2O[C@H](CO)[C@@H](O)[C@H]2O)c1=O,success,2198,2177,2359.61,
2241,CC(C)C(=O)n1c(N)nc2c(ncn2[C@H]2C[C@H](O)[C@@H](CO)O2)c1=O,success,2288,2267,2560.95,
2242,NC1(N)NC(=O)c2ncn([C@@H]3O[C@H](CO)[C@@H](O)[C@H]3O)c2N1,success,336,317,300.2,
2243,NC1(N)NC(=O)c2ncn([C@H]3C[C@H](O)[C@@H](CO)O3)c2N1,success,286,267,242.79,
2244,[N-]=[N+]=Nn1c(N)nc2c(ncn2[C@@H]2O[C@H](CO)[C@@H](O)[C@H]2O)c1=O,success,42,26,25.93,
2245,C#Cn1c(N)nc2c(ncn2[C@@H]2O[C@H](CO)[C@@H](O)[C@H]2O)c1=O,success,373,354,316.93,
2246,O=C1NC2NC=CN2c2c1ncn2[C@@H]1O[C@H](CO)[C@@H](O)[C@H]1O,success,313,294,296.09,
2247,NNC(=O)n1c(N)nc2c(ncn2[C@@H]2O[C@H](CO)C(O)C2O)c1=O,success,98,82,67.85,
2248,CC(C)[C@H](N)C(=O)n1c(N)nc(=O)c2ncn([C@@H]3O[C@H](CO)[C@@H](O)[C@@H]3O)c21,success,2184,2165,2796.72,
2249,CNC[C@@H]1O[C@H](n2cnc(C(N)=O)c2N)[C@@H](O)[C@H]1O,success,766,747,683.56,
2250,CC(=O)n1c(NC(=O)C(C)C)nc2c(ncn2[C@H]2C[C@H](O)[C@@H](CO)O2)c1=O,success,250,231,135.03,
2251,Nc1nc2nc[nH]c2c(=O)n1C1C[C@H](O)[C@@H](CO)O1,success,305,286,277.04,
2252,NC(=O)c1ncn([C@@H]2O[C@H](CO)[C@@H](O)[C@H]2O)c1N.O=P(O)(O)O,success,42,26,39.34,
2253,O=c1c2[nH]cnc2ncn1[C@H]1OC[C@H](O)[C@@H]1O,failed,125,106,108.07,min() arg is an empty sequence
2254,O=c1c2[nH]cnc2ncn1C1OC[C@@H](O)[C@H]1O,success,125,106,116.55,
2255,Nc1nc2nc[nH]c2c(=O)n1[C@H]1OC[C@H](O)[C@@H]1O,success,182,163,150.66,
2256,Nc1nc2nc[nH]c2c(=O)n1[C@H]1O[C@@H](CO)[C@H](O)[C@@H]1O,success,356,337,308.4,
2257,CC(N)n1c(N)nc2c(ncn2[C@]2(C(C)N)O[C@H](CO)[C@@H](O)[C@H]2O)c1=O,success,394,376,196.95,
2258,Nc1nc2c(ncn2[C@@H]2O[C@H](CO)[C@@H](O)[C@H]2O)c(=O)n1[N+](=O)[O-],success,268,249,228.0,
2259,Nc1nc(=O)c2ncn([C@H]3CC(O)[C@@H](CO)O3)c2n1N,success,300,281,308.35,
2260,CO[C@H]1C(n2cnc(C(N)=O)c2N)O[C@H](CO)[C@H]1O,success,832,813,743.38,
2261,Nc1nc[nH]c1C(=O)N[C@H]1O[C@H](CO)[C@@H](O)[C@H]1O,success,1249,1230,1145.63,
2262,O=c1c2[nH]cnc2ncn1[C@H]1C[C@H](O)[C@@H](CO)O1,success,234,215,202.03,
2263,CNCN1CNc2c(ncn2[C@@H]2O[C@H](CO)[C@@H](O)[C@H]2O)C1=O,success,387,368,316.26,
2264,[N-]=[N+]=Nn1c(N)nc2c(ncn2[C@H]2C[C@H](O)[C@@H](CO)O2)c1=O,success,42,26,25.53,
2265,CC(C)n1c(N)nc2c(ncn2[C@H]2C[C@H](O)[C@@H](CO)O2)c1=O,success,1042,1021,800.43,
2266,CC(=O)N1c2c(ncn2[C@@H]2O[C@H](CO)C(O)C2O)C(=O)NC1(N)C(C)=O,success,5358,5335,9212.83,
2267,CO[C@@H]1[C@H](O)[C@@H](CO)O[C@H]1NC(=O)c1[nH]cnc1N,success,1092,1073,987.89,
2268,CCO[C@@H]1[C@H](O)[C@@H](CO)O[C@H]1NC(=O)c1[nH]cnc1N,success,2649,2627,2411.85,
2269,CO[C@H]1[C@@H](O)[C@H](NC(=O)c2[nH]cnc2N)O[C@@H]1CO,failed,1094,1075,970.34,min() arg is an empty sequence
2270,CCO[C@H]1[C@@H](O)[C@H](NC(=O)c2[nH]cnc2N)O[C@@H]1CO,success,2651,2629,2412.44,
2271,CCCCO[C@@H]1[C@H](O)[C@@H](CO)O[C@H]1NC(=O)c1[nH]cnc1N,success,5593,5571,6196.37,
2272,O=C1NC2(C=CN2)Nc2c1ncn2[C@@H]1O[C@H](CO)[C@@H](O)[C@H]1O,success,295,276,267.86,
2273,Nc1nc2c(ncn2[C@@H]2O[C@H](CO)[C@@H](O)[C@H]2O)c(=O)n1O,success,355,336,295.73,
2274,NC(=O)c1ncn([C@@H]2O[C@H](COP(=O)(O)O)[C@H](O)[C@H]2O)c1N,success,545,527,723.09,
2275,O=c1[nH]c2nc[nH]c2c(=O)n1C1O[C@H](CO)[C@@H](O)[C@H]1O,success,229,210,207.65,
2276,O=c1[nH]c(=O)c2ncn([C@@H]3O[C@H](CO)[C@H](O)[C@@H]3O)c2[nH]1,success,243,224,264.09,
2277,Cn1c(N)nc2c(ncn2[C@@H]2O[C@H](CO)C[C@H]2O)c1=O,success,327,308,266.21,
2278,Cn1c(N)nc2c(ncn2[C@@H]2O[C@H](CO)[C@@H](O)C2N)c1=O,success,400,381,352.97,
2279,Cn1c(N)nc2c(ncn2[C@@H]2O[C@H](CO)C(N)[C@H]2O)c1=O,success,401,382,369.85,
2280,[N-]=[N+]=Nn1c(N)nc2c(ncn2[C@@H]2O[C@H](CO)C[C@H]2O)c1=O,success,42,26,37.69,
2281,Nc1nc(=O)c2ncn([C@@H]3O[C@H](CO)[C@@H](O)[C@H]3O)c2n1S,success,357,338,375.42,
2282,NC(=O)c1c(N)ncn1C1O[C@H](CO)[C@@H](O)[C@H]1O,success,985,966,782.93,
2283,Cc1nc(C(=O)N[C@@H]2O[C@H](CO)[C@@H](O)[C@H]2O)c(N=CN)n1C,success,1476,1457,1263.16,
2284,Cn1c(=O)c2ncn([C@H]3O[C@@H](CO)C(O)C3O)c2n(C)c1=O,success,267,248,213.25,
2285,CC(C)C(=O)n1c(N)nc2c(ncn2[C@@H]2O[C@H](CO)[C@@H](O)[C@@H]2O)c1=O,success,2198,2177,2469.42,
2286,O=C1NC2NC=CN2c2c1ncn2[C@H]1C[C@H](O)[C@@H](CO)O1,success,276,257,235.13,
2287,CNC[C@H]1OC(n2cnc(C(N)=O)c2N)[C@H](O)[C@@H]1O,success,766,747,623.36,
2288,CC(C)Cn1c(N)nc2c(ncn2[C@@H]2O[C@H](CO)[C@@H](O)[C@H]2O)c1=O,success,1096,1076,970.91,
2289,CCCCCCCCCCCCn1c(N)nc2c(ncn2[C@@H]2O[C@H](CO)[C@@H](O)[C@H]2O)c1=O,success,42,26,45.35,
2290,CCCC(=O)n1c(N)nc2c(ncn2[C@H]2C[C@H](O)[C@@H](CO)O2)c1=O,success,3046,3025,3522.68,
2291,NCCCCC(N)C(=O)n1c(N)nc2c(ncn2[C@@H]2O[C@H](CO)[C@@H](O)[C@H]2O)c1=O,success,120,104,95.85,
2292,O.O.O=c1[nH]c(=O)c2ncn([C@H]3O[C@@H](CO)C(O)C3O)c2[nH]1,success,42,26,29.26,
2293,O=c1c2[nH]cnc2ncn1C1O[C@@H](CO)[C@H](O)[C@@H]1O,success,279,260,248.53,
2294,Nc1nc2c(ncn2[C@@H]2O[C@H](CO)[C@@H](O)[C@H]2O)c(=O)n1C1OC[C@@H](O)[C@@H](O)[C@H]1O,success,48,32,45.31,
2295,CN(C)n1c(N)nc2c(ncn2[C@@H]2O[C@H](CO)[C@@H](O)[C@H]2O)c1=O,success,383,364,471.13,
2296,Cl.Cl.Cn1c(N)nc2c(ncn2[C@@H]2O[C@H](CO)[C@@H](O)[C@H]2O)c1=O,success,42,26,30.0,
2297,O=c1[nH]c(=O)c2ncn([C@@H]3C[C@@H](O)[C@H](CO)O3)c2[nH]1,success,207,188,312.66,
2298,O=c1[nH]c(=O)c2ncn([C@H]3C[C@@H](O)[C@H](CO)O3)c2[nH]1,success,207,188,286.62,
2299,CN1C(=O)c2ncn([C@@H]3O[C@H](CO)[C@@H](O)[C@H]3O)c2NC1(C)N,success,378,359,395.31,
2300,CCN1CNc2c(ncn2[C@@H]2O[C@H](CO)[C@@H](O)[C@H]2O)C1=O,success,1029,1008,743.69,
2301,CC(C)C(=O)Nc1nc2c(ncn2[C@@H]2O[C@H](CO)[C@@H](O)[C@H]2O)c(=O)n1C,success,1478,1457,1920.08,
2302,CC(C)C(=O)Nc1nc2nc[nH]c2c(=O)n1[C@@H]1O[C@H](CO)[C@@H](O)[C@@H]1O,success,2282,2260,2940.7,
2303,CCCCCn1c(N)nc2c(ncn2[C@H]2C[C@H](O)[C@@H](CO)O2)c1=O,success,1143,1123,930.0,
2304,C#Cn1c(N)nc(=O)c2ncn([C@@H]3O[C@H](CO)C(O)C3O)c21,success,375,356,313.25,
2305,Nc1nc2nc[nH]c2c(=O)n1[C@H]1OC[C@H](O)[C@H](O)[C@@H]1O,success,267,248,214.99,
2306,Nc1nc2c(ncn2[C@@H]2O[C@H](CO)[C@@H](O)[C@H]2O)c(=O)n1C1O[C@H](CO)[C@@H](O)[C@@H]1O,success,63,47,89.4,
2307,NCCn1c(N)nc2c(ncn2[C@@H]2O[C@H](CO)[C@@H](O)[C@H]2O)c1=O,success,1073,1054,1041.51,
2308,CC(CN)n1c(N)nc2c(ncn2[C@@H]2O[C@H](CO)[C@@H](O)[C@H]2O)c1=O,success,1792,1771,1701.81,
2309,NCC1(N)NC(=O)c2ncn([C@@H]3O[C@H](CO)[C@@H](O)[C@H]3O)c2N1,success,424,405,341.93,
2310,CCCCCCCCCn1c(N)nc(=O)c2ncn([C@H]3CC(O)[C@@H](CO)O3)c21,success,42,26,27.11,
2311,C=CCn1c(N)nc(=O)c2ncn([C@H]3CC(O)[C@@H](CO)O3)c21,success,1231,1211,819.66,
2312,NN=Cn1c(N)nc(=O)c2ncn([C@H]3C[C@H](O)[C@@H](CO)O3)c21,success,42,26,40.71,
2313,CC(N)Cn1c(N)nc2c(ncn2[C@@H]2O[C@H](CO)[C@@H](O)[C@H]2O)c1=O,success,1786,1765,2036.29,
2314,Nc1nc2c(ncn2[C@@H]2O[C@H](CO)[C@@H](O)[C@H]2O)c(=O)n1C1OCC(O)C(O)C1O,success,52,36,45.23,
2315,O=c1c2[nH]cnc2ncn1[C@@H]1OC[C@@H](O)[C@@H](O)[C@H]1O,success,201,182,238.17,
2316,Nc1nc2c(ncn2[C@@H]2O[C@H](CO)[C@@H](O)[C@H]2O)c(=O)n1S(=O)(=O)O,success,102,84,159.09,
2317,O=C1NC(O)Nc2c1ncn2C1OC(CO)C(O)C1O,success,356,337,269.38,
2318,NC1(Cl)NC(=O)c2ncn([C@@H]3O[C@H](CO)[C@@H](O)[C@H]3O)c2N1,success,345,326,280.13,
2319,C=CCn1c(N)nc2c(ncn2[C@@H]2O[C@H](CO)[C@@H](O)[C@H]2O)c1=O,success,1107,1087,955.65,
2320,Nc1nc[nH]c1C(=O)NC1O[C@@H](CO)[C@H](O)[C@@H]1O,success,1281,1262,1151.33,
2321,CC(C)C(=O)n1c(N)nc(=O)c2ncn([C@H]3CC(O)[C@@H](CO)O3)c21,success,2353,2332,2655.1,
2322,O=c1c2[nH]cnc2ncn1C1O[C@H](CO)[C@@H](O)[C@@H]1O,success,279,260,236.0,
2323,CCCCn1c(=O)c2ncn(C3O[C@H](CO)[C@@H](O)[C@H]3O)c2n(CCCC)c1=O,success,42,26,47.62,
2324,CC(N)n1c(N)nc2c(ncn2[C@@H]2O[C@H](CO)[C@@H](O)[C@H]2O)c1=O,success,1261,1240,1426.34,
2325,Nc1nc(=O)c2ncn([C@@H]3O[C@H](CO)C(O)C3O)c2n1C1OCCO1,success,270,251,258.76,
2326,COC(C)n1c(N)nc2c(ncn2[C@@H]2O[C@H](CO)[C@@H](O)[C@H]2O)c1=O,success,1015,994,883.41,
2327,Nc1nc2nc[nH]c2c(=O)n1[C@@H]1O[C@H](CO)[C@@H](O)[C@H]1O,success,356,337,312.41,
2328,CC(C)=C1NC(=O)c2ncn([C@@H]3O[C@H](CO)C(O)C3O)c2N1,success,940,919,629.27,
2329,Nc1nc2nc[nH]c2c(=O)n1C1O[C@H](CO)[C@H](O)[C@H]1O,success,356,337,290.58,
2330,NC1(N)NC(=O)c2ncn([C@@H]3O[C@H](CO)C[C@H]3O)c2N1,success,286,267,256.88,
2331,NC1NC(=O)c2ncn([C@H]3CC(O)[C@@H](CO)O3)c2N1,failed,323,304,332.96,min() arg is an empty sequence
2332,NC(=O)c1ncn([C@@H]2O[C@H](COP(=O)=O)[C@H](O)C2O)c1N,success,570,551,575.63,
2333,CCCC(N)C(=O)N[C@H]1C(O)[C@@H](CO)O[C@H]1n1cnc2c(=O)n(N)cnc21,success,554,536,253.46,
2334,CC[C@H]1O[C@@H](n2cnc(C(N)=O)c2N)C(O)[C@H]1O,success,1659,1638,1331.42,
2335,NC(=O)c1ncn(C2O[C@H](CO)[C@H](O)C[C@@H]2O)c1N,success,1272,1253,1094.23,
2336,COC1C(O)C(CO)OC1n1cnc2c(=O)n(C)c(N)nc21,success,346,327,363.41,
2337,NC1NC(=O)c2ncn(C3CC(O)C(CO)O3)c2N1,success,323,304,311.02,
2338,O=c1c2[nH]cnc2ncn1C1CC(O)C(CO)O1,success,235,216,248.31,
2339,C#Cn1c(N)nc(=O)c2ncn(C3OC(CO)C(O)C3O)c21,success,375,356,362.35,
2340,NC(=O)c1ncn([C@@H]2O[C@H](CO)C(O)[C@@H]2O)c1N.O=P(O)(O)O,success,42,26,39.36,
2341,C#CCn1cnc2c(ncn2[C@@H]2O[C@H](CO)[C@@H](O)[C@H]2O)c1=O,success,722,703,687.83,
2342,Cn1c(N)nc2c(ncn2[C@@H]2O[C@H](COP(=O)(O)OP(=O)(O)O)[C@@H](O)[C@H]2O)c1=O,success,74,58,100.02,
2343,Nc1nc2c(ncn2[C@@H]2O[C@H](CO)C(O)C2O)c(=O)n1S,success,359,340,306.37,
2344,Nc1nc2c(ncn2[C@@H]2O[C@H](CO)C(O)C2O)c(=O)n1N=C=O,success,571,552,481.32,
2345,Nc1nc2c(ncn2[C@@H]2O[C@H](CO)[C@@H](O)[C@H]2O)c(=O)n1S,success,357,338,324.89,
2346,Nc1nc2c(ncn2[C@@H]2O[C@H](CO)[C@@H](O)[C@H]2O)c(=O)n1N=O,success,301,282,214.2,
2347,O=c1[nH]c(=S)[nH]c2c1ncn2[C@@H]1O[C@H](CO)C(O)[C@@H]1O,success,287,268,275.96,
2348,CSn1c(N)nc2c(ncn2[C@@H]2O[C@H](CO)[C@@H](O)[C@H]2O)c1=O,success,416,397,385.19,
2349,CC(ON(C)C)n1c(N)nc2c(ncn2[C@@H]2O[C@H](CO)[C@@H](O)[C@H]2O)c1=O,success,634,614,570.53,
2350,Nc1nc(=O)c2ncn([C@@H]3O[C@H](CO)C(O)C3O)c2n1Cl,success,359,340,327.57,
2351,Nc1nc(=O)c2ncn([C@@H]3O[C@H](CO)C(O)C3O)c2n1Br,success,359,340,360.34,
2352,Nc1nc2c(ncn2[C@@H]2O[C@H](CO)[C@@H](O)[C@H]2O)c(=O)n1Cl,success,357,338,341.27,
2353,Nc1nc2c(ncn2[C@@H]2O[C@H](CO)[C@@H](O)[C@H]2O)c(=O)n1I,success,357,338,315.97,
2354,Nc1nc2c(ncn2[C@@H]2O[C@H](CO)[C@@H](O)[C@H]2O)c(=O)n1Br,success,357,338,391.93,
2355,Nc1nc2c(nc(Cl)n2[C@@H]2O[C@H](CO)[C@@H](O)[C@H]2O)c(=O)n1Br,success,334,315,302.62,
2356,Nc1nc2c(ncn2[C@@H]2O[C@H](CO)C(O)C2O)c(=O)n1PP,success,359,340,402.83,
2357,C=C(N)NC(=O)c1ncn([C@@H]2O[C@H](C(C)O)[C@@H](O)[C@H]2O)c1N,success,2929,2907,2946.07,
2358,C=CNC(=O)c1ncn(C2OC(CC)C(O)C2O)c1N,success,2448,2427,1975.34,
2359,COn1c(N)nc2c(ncn2[C@@H]2O[C@H](CO)[C@@H](O)[C@H]2O)c1=O,success,388,369,310.98,
2360,[N-]=[N+]=NC1(N)NC(=O)c2ncn([C@@H]3O[C@H](CO)[C@@H](O)[C@H]3O)c2N1,success,42,26,38.87,
2361,Cn1c(N)nc2c(ncn2[C@@H]2O[C@H](COP(=O)(O)OP(=O)(O)OP(=O)(O)O)C(O)[C@@H]2O)c1=O,success,58,42,79.76,
2362,COC1C(O)[C@@H](CO)O[C@H]1n1cnc2c(=O)n(C)c(N)nc21,success,346,327,363.92,
2363,Cn1c(N)nc2c(ncn2[C@@H]2O[C@H](COP(=O)(O)OP(=O)(O)OP(=O)(O)O)[C@H](O)C2O)c1=O,success,58,42,58.63,
2364,Cn1c(N)nc2c(ncn2[C@@H]2O[C@H](CO)[C@H](O)C2O)c1=O,success,381,362,322.06,
2365,Cn1c(N)nc2c(ncn2[C@@H]2O[C@H](CO)C(O)[C@@H]2O)c1=O,success,381,362,320.05,
2366,Cn1c(N)nc2c(ncn2C2OC(COP(=O)(O)OP(=O)(O)OP(=O)(O)O)C(O)C2O)c1=O,success,58,42,85.07,
2367,Cn1c(N)nc2c(ncn2C2O[C@H](COP(=O)(O)O)[C@@H](O)[C@H]2O)c1=O,success,141,123,249.24,
2368,COP(=O)(O)OP(=O)(O)OP(=O)(OC)OCC1OC(n2cnc3c(=O)n(C)c(N)nc32)C(O)C1O,success,79,61,88.63,
2369,CCCC(N)C(=O)N[C@H]1C(O)[C@@H](CO)O[C@H]1n1cnc2c(=O)[nH]c(=O)[nH]c21,success,3181,3161,6915.55,
2370,O=C1NC=NCc2c1ncn2C1OC(CO)C(O)C1O,success,303,284,308.42,
2371,O=C1c2ncn([C@@H]3O[C@H](CO)[C@@H](O)[C@H]3O)c2NCN1OP(O)(O)=S,success,82,64,113.19,
2372,Nc1nc(=O)c2ncn([C@H]3C[C@H](O)[C@@H](CO)O3)c2n1S,success,285,266,262.63,
2373,CC(C#N)n1c(N)nc2c(ncn2[C@@H]2O[C@H](CO)[C@@H](O)[C@H]2O)c1=O,success,1374,1353,1441.81,
2374,NC(=O)c1ncn([C@@H]2OC(COP(=O)(O)O)C(O)[C@H]2O)c1N,success,538,520,668.51,
2375,[2H]n1c(N)nc2c(ncn2[C@@]2([2H])C[C@H](O)[C@@H](CO)O2)c1=O,failed,258,239,288.15,min() arg is an empty sequence
2376,Nc1c(C(=O)NC(CC(=O)O)C(=O)O)ncn1[C@@H]1O[C@H](CO)[C@H](O)C1O,success,4286,4268,4396.08,
2377,Nc1c(C(=O)NC(CC(=O)O)C(=O)O)ncn1[C@@H]1O[C@H](CO)C(O)[C@@H]1O,success,4286,4268,4365.47,
2378,CCCC(N)C(=O)NC1[C@@H](CO)O[C@@H](n2cnc3c(=O)[nH]c(=O)[nH]c32)[C@H]1O,success,3224,3204,7065.58,
2379,NC(=O)c1ncn([C@@]2(O)O[C@H](CO)[C@@H](O)[C@H]2O)c1N,success,1140,1121,886.54,
2380,Cn1c(N)nc2c(ncn2[C@@H]2O[C@H](CO[P+](O)(O)OP(=O)(O)OP(=O)(O)O)C(O)[C@@H]2O)c1=O,success,53,37,55.18,
2381,Cn1c(N)nc2c(ncn2[C@@H]2O[C@H](CO)[C@@H](O)[C@@]2(C)O)c1=O,success,378,359,359.52,
2382,CCNC(=O)Cn1c(N)nc2c(ncn2[C@@H]2O[C@H](CO)[C@@H](O)[C@H]2O)c1=O,success,2780,2759,4112.58,
2383,O=c1c2[nH]cnc2ncn1C1C[C@H](O)[C@@H](CO)O1,success,234,215,282.0,
2384,NC1NC(=O)c2ncn(C3O[C@H](CO)[C@@H](O)[C@H]3O)c2N1,success,370,351,341.07,
2385,CC1(O)[C@@H](O)[C@@H](CO)O[C@H]1n1cnc2c1NC(N)NC2=O,success,375,356,326.52,
2386,Nc1nc(=O)c2ncn3c2n1[C@@]1(CO)O[C@@H]3C(O)C1O,success,323,304,303.92,
2387,Nc1nc2c(ncn2[C@@H]2O[C@H](CO)C(O)C2O)c(=O)n1C1OCCO1,success,280,261,241.83,
2388,O=c1c2[nH]cnc2nc(I)n1C1C[C@H](O)[C@@H](CO)O1,success,213,194,193.72,
2389,CC(C)C(=O)n1c(N)nc2c(ncn2[C@H]2C[C@H](O)[C@@H](COS)O2)c1=O,success,1721,1701,1938.41,
2390,C[C@]1(CO)O[C@@H](n2cnc3c(=O)nc(N)n(O)c32)C(O)C1O,success,364,345,283.88,
2391,C[C@@]1(n2cnc3c2NCNC3=O)O[C@H](CO)C(O)[C@@H]1O,success,271,252,246.01,
2392,O=c1c2[nH]cnc2nc(Cl)n1C1C[C@H](O)[C@@H](CO)O1,success,213,194,211.53,
2393,C[C@]1(O)C(O)[C@@H](CO)O[C@H]1n1cnc2c1NCNC2=O,success,291,272,252.88,
2394,O=c1c2[nH]cnc2nc(Br)n1C1C[C@H](O)[C@@H](CO)O1,success,213,194,267.98,
2395,NC(=O)c1ncn([C@@]2(O)CO[C@H](CO)[C@H]2O)c1N,success,884,865,755.73,
2396,Cn1c(=O)[nH]c2c(ncn2C2OC(CO)C(O)C2O)c1=O,success,258,239,262.16,
2397,O=c1[nH]c(=O)c2ncn([C@H]3C[C@@H](O)[C@@H](CO)O3)c2[nH]1,success,207,188,256.75,
2398,CN(C)c1nc2c(ncn2[C@@H]2O[C@H](CO)[C@@H](O)[C@H]2O)c(=O)n1C,success,288,269,299.32,
2399,[N-]=[N+]=NC1(N)NC(=O)c2ncn([C@H]3C[C@H](O)[C@@H](CO)O3)c2N1,success,42,26,39.65,
2400,[N-]=[N+]=Nn1c(N)nc2c(ncn2[C@@H]2O[C@H](CO)C(O)C2O)c1=O,success,42,26,29.33,
2401,Cn1c(N)nc2c(ncn2[C@@H]2O[C@H](COP(=O)(O)O)C(O)[C@@H]2O)c1=O,success,142,124,258.0,
2402,Cn1c(N)nc2c(ncn2[C@@H]2OC(C)(CO)C(O)[C@@H]2O)c1=O,success,374,355,382.73,
2403,Cc1nc2c(ncn2[C@H]2C[C@@H](O)[C@@H](CO)O2)c(=O)n1C,success,287,268,233.39,
2404,Nc1nc2c(ncn2[C@@H]2O[C@H](CO)[C@@H](O)[C@H]2O)c(=O)n1N1CCOCC1,success,134,116,122.56,
2405,Nc1c(C(=O)NC(CC(=O)O)C(=O)O)ncn1[C@@H]1O[C@H](CO)[C@H](O)[C@@H]1O,success,4008,3990,3931.91,
2406,Cn1c(N)nc2c(ncn2C[C@@H]2O[C@H](CO)C(O)[C@@H]2O)c1=O,success,374,355,342.67,
2407,Cn1c[n+]([C@@H]2O[C@H](CO)C(O)[C@@H]2O)c2c1C(=O)NC(N)N2,success,430,411,349.75,
2408,CC1NC(=O)c2ncn([C@@H]3O[C@H](CO)[C@H](O)C3(C)O)c2N1,success,299,280,338.65,
2409,Cn1c[n+]([C@@H]2O[C@H](COP(=O)(O)OP(=O)(O)OP(=O)(O)O)C(O)[C@@H]2O)c2c1C(=O)NC(N)N2,success,59,43,54.21,
2410,CCCC[Si](C)(C)n1c(N)nc2c(ncn2[C@@H]2O[C@H](CO)C(O)C2O)c1=O,success,42,26,40.56,
2411,NC1NC(=O)c2ncn([C@@H]3O[C@H](CO)C(O)[C@@H]3O)c2N1,success,371,352,282.47,
2412,CC(O)C1OC(n2cnc3c(=O)n(C)c(N)nc32)CC1O,success,1000,978,705.66,
2413,CC1(O)C(O)C(CO)OC1n1cnc(C(N)=O)c1N,success,1027,1008,863.33,
2414,O=C1NCNc2c1ncn2C1OC(COP(=O)(O)O)C(O)C1O,success,100,82,150.87,
2415,Cn1c[n+]([C@@H]2O[C@H](COP(=O)(O)OP(=O)(O)OP(=O)(O)O)[C@H](O)C2O)c2c1C(=O)NC(N)N2,success,59,43,84.5,
2416,Cn1c[n+]([C@@H]2O[C@H](CO)[C@H](O)C2O)c2c1C(=O)NC(N)N2,failed,431,412,346.82,min() arg is an empty sequence
2417,CC(O)C1CCC(n2cnc3c(=O)n(C)c(N)nc32)O1,success,774,752,537.08,
2418,NC1NC(=O)c2ncn(C3OC(COP(=O)(O)O)C(O)C3O)c2N1,success,117,99,206.16,
2419,O=C1NCNc2c1ncn2[C@@H]1O[C@H](CO)C(O)[C@@H]1O,success,287,268,261.18,
2420,Cn1c(N)nc2c(ncn2[C@@H]2O[C@H](CO)[C@H](O)[C@@H]2O)c1=O,success,380,361,389.58,
2421,Cn1cnc2c(ncn2[C@@H]2O[C@H](CO)[C@H](O)[C@@H]2O)c1=O,success,313,294,354.78,
2422,CNc1nc2c(ncn2[C@@H]2O[C@H](CO)[C@@H](O)[C@H]2O)c(=O)n1C,success,408,389,341.6,
2423,CCCC(N)C(=O)NC1C(O)[C@@H](CO)O[C@H]1n1cnc2c(=O)[nH]c(=O)[nH]c21,success,3309,3289,7065.65,
2424,CCCC(N)C(=O)NC1C(O)[C@H](n2cnc3c(=O)[nH]c(=O)[nH]c32)O[C@@H]1CO,success,3309,3289,7239.49,
2425,CCCC(N)C(=O)NC1[C@@H](O)[C@@H](CO)O[C@H]1n1cnc2c(=O)[nH]c(=O)[nH]c21,success,3224,3204,6940.33,
2426,Cc1[nH]c2nc3c(ncn3[C@@H]3O[C@H](CO)[C@H](O)C3O)c(=O)n2c1C,success,156,138,183.94,
2427,CO[C@H]1C(O)[C@@H](CO)O[C@H]1n1cnc2c(=O)n(C)c(N)nc21,success,326,307,304.76,
2428,Cc1[nH]c2nc3c(ncn3[C@@H]3O[C@H](CO)C(O)[C@@H]3O)c(=O)n2c1C,success,156,138,184.6,
2429,Cc1[nH]c2nc3c(ncn3[C@@H]3O[C@H](CO)[C@H](O)[C@@H]3O)c(=O)n2c1C,success,155,137,233.81,
2430,Cc1[nH]c2nc3c(ncn3C3OC(CO)C(O)C3O)c(=O)n2c1C,success,157,139,181.66,
2431,Cn1cnc2c(ncn2[C@@H]2O[C@H](CO)C(O)[C@@H]2O)c1=O,success,314,295,253.69,
2432,Nc1nc[nH]c1C(=O)N[C@@H]1O[C@H](CO)C(O)[C@@H]1O,success,1251,1232,1126.52,
2433,COP(=O)(O)OP(=O)(O)OP(=O)(O)OC[C@H]1O[C@@H](n2cnc3c(=O)n(C)c(N)nc32)[C@@H](O)C1O,success,73,55,93.48,
2434,COCC1OC(n2cnc3c(=O)n(C)c(N)nc32)CC1OC,success,211,192,202.58,
2435,Cn1c(N)nc2c(nc(Br)n2[C@H]2CC(O)[C@@H](CO)O2)c1=O,success,300,281,289.61,
2436,Nc1nc(=O)c2ncn(C3OC(CO)C(O)C3O)c2n1OP(=O)(O)O,success,86,70,115.18,
2437,NCC1OC(n2cnc3c2NC(N)NC3=O)C(O)C1O,success,234,215,218.6,
2438,Cn1c(N)nc2c(ncn2[C@@H]2O[C@H](COP(=O)(O)OP(=O)(O)OP(=O)(O)O)[C@H](O)[C@@H]2O)c1=O,success,58,42,90.56,
2439,C#C[C@@]1(N)NC(=O)c2ncn([C@@H]3O[C@H](CO)[C@@H](O)[C@H]3O)c2N1,success,355,336,332.15,
2440,CN(C)S1=Nc2c(ncn2[C@@H]2O[C@H](CO)[C@@H](O)[C@H]2O)C(=O)N1,success,301,282,304.33,
2441,CCC(C)(O)P(=O)(O)OC[C@H]1O[C@@H](n2cnc3c(=O)n(C)c(N)nc32)[C@H](O)[C@@H]1O,success,585,566,791.25,
2442,Nc1nc2c(ncn2[C@H]2C[C@H](O)[C@@H](CO)O2)c(=O)n1O,success,308,289,270.87,
2443,C#C[C@]1(N)NC(=O)c2ncn([C@@H]3O[C@H](CO)[C@@H](O)[C@H]3O)c2N1,success,355,336,292.15,
2444,CCCCn1c(N)nc2c(ncn2[C@@H]2O[C@H](CO)[C@@H](O)[C@H]2O)c1=O,success,1433,1412,1089.66,
2445,NC(=O)c1ncn(C2(O)O[C@H](CO)[C@@H](O)[C@H]2O)c1N,success,1135,1116,846.52,
2446,CC(C)CNc1nc2c(ncn2[C@@H]2O[C@H](CO)[C@@H](O)[C@H]2O)c(=O)n1C,success,562,543,606.54,
2447,Nc1nc2c(ncn2[C@H]2C[C@H](O)[C@@H](CO)O2)c(=O)n1CCC(=O)O,success,4676,4657,10069.47,
2448,O=c1[nH]cnc2c1nc(I)n2[C@@H]1O[C@H](CO)[C@@H](O)[C@H]1O,success,282,263,292.0,
2449,O=c1[nH]cnc2c1nc(Cl)n2[C@@H]1O[C@H](COP(=O)(O)O)[C@@H](O)[C@H]1O,success,114,96,213.86,
2450,CC(=O)Nc1nc2c(ncn2[C@@H]2O[C@H](CO)C[C@H]2O)c(=O)[nH]1,success,1686,1663,2259.58,
2451,NOC[C@H]1O[C@@H](n2cnc3c(=O)[nH]c(N)nc32)C[C@@H]1O,success,209,189,212.75,
2452,Nc1nc2c(ncn2C2OC(COP(=O)(O)OP(=O)(O)NP(=O)(O)O)C(O)C2O)c(=O)[nH]1,success,84,68,111.97,
2453,COC[C@H]1O[C@@H](n2cnc3c(=O)[nH]c(N)nc32)C[C@@H]1O,failed,231,212,252.99,min() arg is an empty sequence
2454,Nc1nc2c(ncn2C2OC(CO)C3OP(=O)(O)OC32)c(=O)[nH]1,success,200,181,276.49,
2455,O=c1[nH]cnc2c1ncn2[C@@H]1O[C@H](COP(=O)(OP(=O)(O)O)OP(=O)(O)O)[C@@H](O)[C@H]1O,success,42,26,40.7,
2456,Nc1nc2c(ncn2[C@@H]2O[C@H](CO)[C@@H](S)[C@H]2O)c(=O)[nH]1,success,288,269,266.19,
2457,CC(=O)OC[C@H]1O[C@@H](n2cnc3c(=O)[nH]cnc32)C[C@@H]1OC(C)=O,success,1805,1782,2544.28,
2458,C[C@]1(CO)O[C@@H](n2cnc3c(=O)[nH]cnc32)[C@H](O)[C@@H]1O,success,310,291,285.63,
2459,Nc1nc2c(ncn2[C@H]2CO[C@@H](CO)[C@H](O)C2)c(=O)[nH]1,success,314,295,296.98,
2460,[2H][C@@]1(O)[C@@H](CO)O[C@@H](n2cnc3c(=O)[nH]c(N)nc32)[C@@H]1O,success,343,324,431.78,
2461,N#CCCO[C@@H]1[C@H](O)[C@@H](CO)O[C@H]1n1cnc2c(=O)[nH]c(N)nc21,success,1116,1096,1076.27,
2462,C[C@@H]1C[C@@H](CO)O[C@H]1n1cnc2c(=O)[nH]c(N)nc21,success,216,197,184.25,
2463,CC(=O)Nc1nc2c(ncn2[C@@H]2O[C@H](CO)[C@@H](O)[C@H]2O)c(=O)[nH]1,success,1763,1740,2083.14,
2464,CC(=O)OC[C@@H]1C[C@@H](OC(C)=O)[C@H](n2cnc3c(=O)[nH]cnc32)O1,success,1805,1782,2304.89,
2465,O=c1[nH]cnc2c1ncn2[C@H]1C[C@H](O)[C@@H](COP(=O)(O)OP(=O)(O)OP(=O)(O)O)O1.[Na].[Na].[Na],success,42,26,57.71,
2466,Nc1nc2c(ncn2[C@@H]2O[C@H](COP(=O)(O)OP(=O)([O-])OP(=O)([O-])[O-])[C@@H](O)[C@H]2O)c(=O)[nH]1.[Na+].[Na+].[Na+],success,42,26,59.16,
2467,CC[NH+](CC)CC.CC[NH+](CC)CC.Nc1nc2c(ncn2[C@@H]2O[C@H](COP(=O)([O-])[O-])[C@@H](O)[C@H]2O)c(=O)[nH]1,success,42,26,45.22,
2468,Nc1nc2c(ncn2[C@@H]2O[C@H](COP(=O)([O-])OP(=O)([O-])OP([O-])([O-])=S)[C@@H](O)[C@H]2O)c(=O)[nH]1.[Na+].[Na+].[Na+].[Na+],success,42,26,48.31,
2469,O=c1[nH]nnc2c1ncn2C1CC(O)C(CO)O1,success,215,196,192.12,
2470,O=c1[nH]cnc2c1ncn2[C@@H]1CO[C@H](CO)C1,success,134,115,133.82,
2471,O=c1[nH]cnc2c1ncn2[C@H]1CC[C@H](CO)O1,success,134,115,142.17,
2472,O=c1[nH]nnc2c1ncn2[C@@H]1O[C@H](CO)[C@@H](O)[C@H]1O,success,261,242,230.72,
2473,O=c1[nH]cnc2c1nc(NO)n2C1OC(CO)C(O)C1O,success,335,316,295.3,
2474,CCCNc1nc2c(ncn2[C@H]2C[C@H](O)[C@@H](CO)O2)c(=O)[nH]1,success,1900,1877,2034.23,
2475,Nc1nc2c(ncn2[C@H]2O[C@@H](COP(=O)(O)OP(O)(O)=S)[C@H](O)[C@@H]2O)c(=O)[nH]1,success,103,87,173.12,
2476,O=c1[nH]cnc2c1nc(Br)n2[C@H]1CC[C@@H](CO)O1,success,123,104,129.99,
2477,CO[C@@H]1[C@H](O)[C@@H](CO)O[C@H]1n1cnc2c(=O)[nH]c(NCC(C)C)nc21,success,599,579,641.3,
2478,Nc1nc2c(ncn2[C@H]2C[C@H](O)[C@@H](CO[P+](=O)[S-])O2)c(=O)[nH]1,success,196,177,237.31,
2479,C#CCO[C@@H]1[C@H](O)[C@@H](CO)O[C@H]1n1cnc2c(=O)[nH]c(N)nc21,success,688,669,665.93,
2480,Nc1nc2c(ncn2[C@@H]2C[C@H](O)[C@@H](CO)O2)c(=O)[nH]1,success,287,268,283.03,
2481,O=c1[nH]cnc2c1nc(N1CCOCC1)n2[C@@H]1O[C@H](CO)C(O)C1O,success,115,97,146.42,
2482,Nc1nc2c(ncn2[C@@H]2O[C@H](COP(=O)(O)OP(=O)(O)OP(=O)(O)OP(=O)(O)OP(=O)(O)O)[C@@H](O)[C@H]2O)c(=O)[nH]1,success,42,26,52.55,
2483,NC(N)=NCCCC(N)C(=O)O.O=c1[nH]cnc2c1ncn2[C@@H]1O[C@H](CO)[C@@H](O)[C@H]1O,success,42,26,49.1,
2484,Nc1nc2c(ncn2C2OC(COP(=O)([O-])O)C(O)C2O)c(=O)[nH]1,success,196,178,288.63,
2485,Nc1nc2c(ncn2[C@@H]2O[C@H](COP(=O)(O)O)[C@@H](O)[C@H]2O)c(=O)[nH]1.[Ca],success,42,26,53.66,
2486,CCCO[C@@H]1[C@H](O)[C@@H](CO)O[C@H]1n1cnc2c(=O)[nH]c(N)nc21,success,1539,1516,1499.35,
2487,[N-]=[N+]=NC[C@H]1O[C@@H](n2cnc3c(=O)[nH]c(N)nc32)[C@H](O)[C@@H]1O,success,65,49,59.05,
2488,CC(=O)Cc1nc2c(ncn2[C@@H]2O[C@H](CO)[C@@H](O)[C@H]2O)c(=O)[nH]1,success,3807,3785,3549.13,
2489,CC(C)Nc1nc2c(ncn2[C@@H]2O[C@H](CO)[C@@H](O)[C@H]2O)c(=O)[nH]1,success,1092,1071,1090.95,
2490,CC(C)CNc1nc2c(ncn2[C@@H]2O[C@H](CO)[C@@H](O)[C@H]2O)c(=O)[nH]1,success,1202,1182,1230.25,
2491,O=c1[nH]c([N+](=O)[O-])nc2c1ncn2[C@@H]1O[C@H](CO)[C@@H](O)[C@H]1O,success,217,198,216.63,
2492,CCCNc1nc2c(ncn2[C@@H]2O[C@H](CO)[C@@H](O)[C@H]2O)c(=O)[nH]1,success,1751,1728,1815.14,
2493,CC(C)C(=O)Nc1nc2c(ncn2[C@H]2C[C@H](O)[C@@H](CON)O2)c(=O)[nH]1,success,1764,1742,2631.84,
2494,CCCCNc1nc2c(ncn2[C@H]2C[C@H](O)[C@@H](CO)O2)c(=O)[nH]1,success,1816,1795,1742.18,
2495,CC1CC(O)n2c(nc3c(ncn3[C@H]3C[C@H](O)[C@@H](CO)O3)c2=O)N1,success,265,247,260.45,
2496,CC(C)(C)[Si](C)(C)OC[C@H]1O[C@@H](n2cnc3c(=O)[nH]cnc32)[C@H](O)[C@@H]1O,success,90,73,60.01,
2497,Nc1nc2c(ncn2[C@@H]2O[C@H](CO)[C@@H](O)C2O)c(=O)[nH]1,success,362,343,305.25,
2498,CCCCCCCCCCCCCCCCCCO[C@@H]1[C@H](O)[C@@H](CO)O[C@H]1n1cnc2c(=O)[nH]c(N)nc21,success,42,26,33.23,
2499,Nc1nc2c(ncn2[C@@H]2OC(CO)(CO)C[C@H]2O)c(=O)[nH]1,success,387,368,374.07,
2500,NC(N)=NCCC[C@H](N)C(=O)O.O=c1[nH]cnc2c1ncn2[C@@H]1O[C@H](CO)[C@@H](O)[C@H]1O,success,42,26,74.23,
2501,CCN(CC)c1nc2c(ncn2[C@@H]2O[C@H](CO)[C@@H](O)[C@H]2O)c(=O)[nH]1,success,777,756,843.78,
2502,Nc1nc2c(ncn2[C@H]2C[C@H](OP(O)(=S)S)[C@@H](CO)O2)c(=O)[nH]1,success,205,186,257.0,
2503,Nc1nc2c(ncn2C2O[C@H](CO)[C@@H](O)[C@H]2O)c(=O)[nH]1,success,361,342,312.85,
2504,CC(C)[Si]1(C(C)C)OC[C@H]2O[C@@H](n3cnc4c(=O)[nH]cnc43)[C@H](O)[C@@H]2O[Si](C(C)C)(C(C)C)O1,success,42,26,44.12,
2505,Nc1nc2c(ncn2[C@@H]2O[C@H](CO)C[C@H]2OP(=O)(O)O)c(=O)[nH]1,success,203,184,242.53,
2506,CC(=O)Nc1nc2c(ncn2[C@@H]2O[C@H](COC(C)=O)[C@@H](O)[C@H]2O)c(=O)[nH]1,success,3117,3094,5503.61,
2507,Nc1nc2c(c(=O)[nH]1)n(CCO)c[n+]2[C@@H]1O[C@H](CO)[C@@H](O)[C@H]1O,success,1455,1434,1101.19,
2508,CC(=O)OC[C@H]1O[C@@H](n2cnc3c(=O)[nH]cnc32)[C@H](O)[C@@H]1O,success,1497,1474,1281.1,
2509,C[C@@]12OC(=O)O[C@@H]1[C@@H](CO)O[C@H]2n1cnc2c(=O)[nH]cnc21,failed,141,122,187.04,min() arg is an empty sequence
2510,CCCO[C@@H]1[C@H](O)[C@@H](CO)O[C@H]1n1cnc2c(=O)[nH]c(NC(=O)C(C)C)nc21,success,364,342,182.67,
2511,O=c1[nH]cnc2c1ncn2[C@@H]1O[C@H](COP(=O)(O)O)[C@H](O)C1O,success,120,102,183.45,
2512,O=c1[nH]nnc2c1ncn2C1O[C@H](CO)[C@@H](O)[C@H]1O,failed,261,242,285.19,min() arg is an empty sequence
2513,Nc1nc2c(ncn2[C@@H]2O[C@H](COS(=O)(=O)O)[C@@H](O)[C@H]2O)c(=O)[nH]1,success,85,67,92.64,
2514,CC(C)C(=O)Nc1nc2c(ncn2[C@@H]2O[C@H](CO)[C@@H](O)[C@@H]2OC(=O)C(C)C)c(=O)[nH]1,success,390,371,283.87,
2515,Nc1nc2c(nc(C3CC3)n2[C@@H]2O[C@H](CO)[C@@H](O)[C@H]2O)c(=O)[nH]1,success,318,299,483.15,
2516,Nc1nc2c(ncn2CC2OC(P(=O)(O)O)C(O)C2O)c(=O)[nH]1,success,166,147,147.11,
2517,CCC1OC(n2cnc3c(=O)[nH]c(N)nc32)C(O)C1O,success,693,672,475.66,
2518,Nc1nc2c(ncn2[C@@H]2O[C@H](COP(=O)([O-])OP(=O)([O-])OP(=O)([O-])[O-])[C@@H](O)[C@H]2O)c(=O)[nH]1.[H+].[Na+].[Na+].[Na+],success,42,26,53.32,
2519,[N-]=[N+]=Nc1nc2c(=O)[nH]c(N)nc2n1[C@@H]1O[C@H](CO)[C@@H](O)[C@H]1O,success,42,26,31.44,
2520,CSc1nc2c(ncn2[C@@H]2O[C@H](CO)[C@@H](O)[C@H]2O)c(=O)[nH]1,success,332,313,324.46,
2521,Nc1nc2c(ncn2C2CC(O)C(COP(O)(O)=S)O2)c(=O)[nH]1,success,221,202,341.27,
2522,CC(C)C(=O)Nc1nc2c(ncn2[C@H]2C[C@@H](O)[C@@H](CO)O2)c(=O)[nH]1,success,2423,2401,3518.29,
2523,COC1(C)OC2C(CO)OC(n3cnc4c(=O)[nH]cnc43)C2O1,success,239,220,218.33,
2524,NC(=O)c1nc2c(ncn2[C@@H]2O[C@H](CO)[C@@H](O)[C@H]2O)c(=O)[nH]1,success,729,710,611.13,
2525,C=Cc1nc2c(ncn2[C@@H]2O[C@H](CO)C[C@H]2O)c(=O)[nH]1,success,288,269,231.45,
2526,O=c1[nH]cnc2c1ncn2[C@@H]1O[C@H](CO)[C@H](O)[C@H]1O,success,300,281,246.35,
2527,Nc1nc2c(ncn2[C@@H]2O[C@H](CO)[C@@H](O)[C@@H]2N)c(=O)[nH]1,success,353,334,285.23,
2528,[N-]=[N+]=N[C@@H]1[C@H](O)[C@@H](COP(=O)(O)O)O[C@H]1n1cnc2c(=O)[nH]cnc21,success,42,26,51.7,
2529,CC1(C)OC2C(O1)[C@@H](CO)O[C@H]2n1cnc2c(=O)[nH]cnc21,success,154,135,198.59,
2530,CC(C)CNc1nc2c(ncn2[C@H]2C[C@H](O)[C@@H](CO)O2)c(=O)[nH]1,success,1374,1354,1222.37,
2531,CC(=O)OC1CC(n2cnc3c(=O)[nH]cnc32)C(O)C1O,success,1650,1627,1459.67,
2532,O=c1[nH]cnc2c1ncn2C1CC(O)C(O)C1O,failed,278,259,222.99,min() arg is an empty sequence
2533,Nc1nc2c(ncn2C2CC(O)C(O)C2O)c(=O)[nH]1,success,353,334,307.19,
2534,CCCCNc1nc2c(ncn2[C@@H]2O[C@H](COP(=O)(O)O)[C@@H](O)[C@H]2O)c(=O)[nH]1,success,1004,983,1599.62,
2535,CCCC(=O)Nc1nc2c(ncn2[C@@H]2O[C@H](COP(=O)(O)O)[C@@H](O)[C@H]2O)c(=O)[nH]1,success,386,366,248.29,
2536,Nc1nc2c(ncn2[C@H]2C[C@H](O)[C@@H](COP(=O)([O-])O)O2)c(=O)[nH]1.O.[Na+],success,42,26,49.75,
2537,O=c1[nH]cnc2c1ncn2[C@@H]1OC(COP(=O)([O-])[O-])C(O)C1O.[Na+].[Na+],success,42,26,52.18,
2538,Nc1nc2c(nc(Br)n2[C@@H]2O[C@H](CO)[C@@H](O)[C@@H]2O)c(=O)[nH]1,success,338,319,384.05,
2539,Cl.Nc1nc2c(ncn2[C@H]2C[C@H](O)[C@@H](CO)O2)c(=O)[nH]1,success,42,26,39.15,
2540,O=c1[nH]cnc2c1ncn2C1OC(CO)CC1O,success,236,217,203.6,
2541,CC1(CO)OC(n2cnc3c(=O)[nH]c(N)nc32)C(O)C1O,success,363,344,360.0,
2542,CC(C)C(=O)Nc1nc2c(ncn2[C@@H]2C[C@H](O)[C@H](CO)O2)c(=O)[nH]1,success,2423,2401,3261.42,
2543,[N-]=[N+]=N[C@]1(CO)O[C@@H](n2cnc3c(=O)[nH]c(N)nc32)[C@H](O)[C@@H]1O,success,42,26,39.57,
2544,Nc1nc2c(ncn2C2OC(CO)C(O[P+](=O)O)C2O)c(=O)[nH]1,success,276,257,287.91,
2545,NCCC(=O)NC1C(O)C(CO)OC1n1cnc2c(=O)[nH]c(N)nc21,success,555,535,276.19,
2546,C=CCOc1nc2c(=O)[nH]c(N)nc2n1[C@@H]1O[C@H](CO)[C@@H](O)[C@H]1O,failed,988,968,799.39,min() arg is an empty sequence
2547,Cn1c[n+]([C@@H]2O[C@@H](CO)[C@H](O)[C@H]2O)c2nc(N)[nH]c(=O)c21,success,418,399,376.33,
2548,Nc1nc2c(ncn2[C@@H]2O[C@H](CO)[C@@H](O)[C@@]2(N)O)c(=O)[nH]1,success,410,391,378.0,
2549,Nc1nc2c(ncn2[C@@H]2O[C@H](COP(=O)(O)OP(=O)(O)OP(=O)(O)O)[C@H](O)C2O)c(=O)[nH]1,success,57,41,86.84,
2550,Nc1nc2c(ncn2C2OC3(CO)COC2C3O)c(=O)[nH]1,success,289,270,273.55,
2551,COCCOC1C(O)C(CO)OC1n1cnc2c(=O)[nH]c(N)nc21,success,1067,1048,805.88,
2552,CC(=O)O[C@@H]1[C@H](OC(C)=O)[C@@H](CO)O[C@H]1n1cnc2c(=O)[nH]cnc21,success,2405,2382,3477.04,
2553,CSc1nc2c(=O)[nH]cnc2n1[C@@H]1O[C@H](CO)[C@@H](O)[C@H]1O,failed,332,313,443.19,min() arg is an empty sequence
2554,CSCOC1C(O)C(CO)OC1n1cnc2c(=O)[nH]c(N)nc21,success,426,407,374.39,
2555,NO[C@H]1C[C@H](n2cnc3c(=O)[nH]c(N)nc32)O[C@@H]1CO,success,192,173,180.45,
2556,Nc1nc2c(ncn2[C@@H]2OC(COP(=O)(O)OP(=O)(O)O)[C@@H](O)[C@H]2O)c(=O)[nH]1,success,73,57,66.39,
2557,Nc1nc2c(ncn2[C@@H]2O[C@H](CO)C(N)[C@H]2O)c(=O)[nH]1,success,356,337,280.32,
2558,O=P(O)(O)O.O=P(O)(O)O.O=P(O)(O)O.O=c1[nH]cnc2c1ncn2[C@H]1C[C@H](O)[C@@H](CO)O1,success,42,26,54.08,
2559,Nc1nc2c(ncn2[C@H]2C[C@H](O)[C@@H](CO)O2)c(=O)[nH]1.O=P(O)(O)O,success,42,26,51.48,
2560,CSC(O)[C@H]1O[C@@H](n2cnc3c(=O)[nH]cnc32)[C@H](O)[C@@H]1O,success,318,299,339.1,
2561,NC1[C@H](n2cnc3c(=O)[nH]cnc32)O[C@H](CO)[C@H]1O,success,316,297,304.99,
2562,NC1[C@H](n2cnc3c(=O)[nH]c(Cl)nc32)O[C@H](CO)[C@H]1O,success,289,270,288.34,
2563,O=P(O)(O)OP(=O)(O)O.O=c1[nH]cnc2c1ncn2[C@@H]1O[C@H](CO)[C@@H](O)[C@H]1O,success,42,26,51.64,
2564,Nc1nc2c(ncn2[C@@H]2O[C@H](CO)[C@H]2O)c(=O)[nH]1,success,263,244,245.99,
2565,CC1(O)C(O)C(CO)OC1n1cnc2c(=O)[nH]c(N)nc21,success,367,348,335.3,
2566,O=c1[nH]c(Cl)nc2c1ncn2C1CC(O)C(CO)O1,success,214,195,189.5,
2567,CO[C@@H]1[C@H](O)[C@@H](CO)O[C@H]1n1c(Br)nc2c(=O)[nH]c(N)nc21,success,300,281,266.54,
2568,[N-]=[N+]=NC1(CO)OC(n2cnc3c(=O)[nH]c(N)nc32)CC1O,success,42,26,33.49,
2569,CC(C)C(=O)Nc1nc2c(ncn2[C@H]2C[C@H](O)[C@@H](CN)O2)c(=O)[nH]1,success,1411,1390,1866.46,
2570,Nc1nc2c(ncn2C2C[C@H](O)[C@@H](CO)O2)c(=O)[nH]1.O=P(O)(O)O,success,42,26,33.36,
2571,Nc1nc2c(ncn2[C@@H]2O[C@H](CO)[C@@H](O)[C@H]2O)c(=O)[nH]1.O=P(O)(O)O.O=P(O)(O)O.O=P(O)(O)O.O=P(O)(O)O.O=P(O)(O)O,success,42,26,68.1,
2572,Nc1nc2c(ncn2[C@@H]2O[C@H](CO)[C@@H](O)[C@H]2O)c(=O)[nH]1.O=P(O)(O)O,success,61,45,87.76,
2573,Nc1nc2c(ncn2[C@H]2O[C@H](CO)[C@@H](O)[C@@H]2O)c(=O)[nH]1,success,361,342,324.6,
2574,Nc1nc2c(ncn2[C@@H]2O[C@H](CO)[C@@H](O)[C@H]2O)c(=O)[nH]1.O=P(O)(O)O.O=P(O)(O)O.O=P(O)(O)O.O=P(O)(O)O,success,42,26,38.83,
2575,O.O=c1[nH]cnc2c1ncn2[C@H]1CC[C@@H](CO)O1,success,42,26,40.17,
2576,Nc1nc2c(ncn2[C@@H]2O[C@H](CO)[C@@H](O)[C@H]2O)c(=O)[nH]1.O=P(O)(O)O.O=P(O)(O)O.O=P(O)(O)O,success,42,26,56.66,
2577,O=P(O)(O)O.O=P(O)(O)O.O=c1[nH]cnc2c1ncn2[C@@H]1O[C@H](CO)[C@@H](O)[C@H]1O,success,42,26,51.71,
2578,Nc1nc2c(ncn2[C@@H]2O[C@H](CO)[C@@H](O)[C@H]2O)c(=O)[nH]1.O=P(O)(O)O.O=P(O)(O)O,success,42,26,39.99,
2579,Nc1nc2c(ncn2[C@@H]2O[C@H](CO)[C@@H](O)[C@H]2O)c(=O)[nH]1.O=P(O)(O)OP(=O)(O)O,success,42,26,54.66,
2580,CS[C@@]1(n2cnc3c(=O)[nH]cnc32)O[C@H](CO)[C@@H](O)[C@H]1O,success,313,294,409.0,
2581,O=c1[nH]cnc2c1ncn2[C@H]1C[C@H](O)[C@@H](COP(=O)([O-])O)O1,success,176,157,261.38,
2582,C=CCOc1nc2c(=O)[nH]c(N)nc2n1C1OC(CO)C(O)C1O,success,1002,982,951.38,
2583,CC1C(O)C(CO)OC1n1cnc2c(=O)[nH]c(N)nc21,failed,334,315,261.31,min() arg is an empty sequence
2584,CCCc1nc2c(ncn2C2CC(O)C(CO)O2)c(=O)[nH]1,success,1937,1915,1285.52,
2585,O=c1[nH]cnc2c1ncn2[C@H]1C[C@@H](O)[C@H](CO)O1,success,234,215,211.77,
2586,Cn1c[n+]([C@@H]2O[C@H](CO)C[C@H]2O)c2nc(N)[nH]c(=O)c21,success,353,334,370.74,
2587,O=P(O)(O)O.O=P(O)(O)O.O=P(O)(O)O.O=c1[nH]cnc2c1ncn2[C@@H]1O[C@H](CO)[C@@H](O)[C@H]1O,success,42,26,36.01,
2588,COP(=O)(O)OC[C@H]1O[C@@H](n2cnc3c(=O)[nH]cnc32)[C@@H](O)[C@@H]1O,success,188,170,291.9,
2589,O=c1[nH]c(Cl)nc2c1ncn2[C@@H]1O[C@H](CO)[C@@H](O)[C@H]1O,success,282,263,298.31,
2590,Nc1nc2c(ncn2[C@H]2CC(N)[C@@H](CO)O2)c(=O)[nH]1,success,237,218,279.33,
2591,Nc1nc2c(ncn2[C@@H]2O[C@H](CO)[C@@H]3O[C@@H]32)c(=O)[nH]1,success,207,188,199.18,
2592,CO[C@@H]1[C@H](O)[C@@H](CO)O[C@H]1[n+]1cn(C)c2c(=O)[nH]c(N)nc21,success,358,339,330.49,
2593,C[C@H]1[C@H](O)[C@@H](CO)O[C@H]1n1cnc2c(=O)[nH]c(N)nc21,success,332,313,291.14,
2594,CC(C)C(=O)Nc1nc2c(ncn2[C@@H]2O[C@H](CO)[C@@H](O)[C@@]2(C)O)c(=O)[nH]1,success,1311,1290,1794.9,
2595,O=c1[nH]cnc2c1ncn2[C@@H]1O[C@H](COP(=O)([O-])OP(=O)([O-])OP(=O)([O-])O)C(O)[C@@H]1O.[Na+].[Na+].[Na+],success,42,26,59.18,
2596,O=c1[nH]cnc2c1ncn2[C@@H]1O[C@H](COP(=O)(O)OP(=O)(O)OP(=O)(O)O)C(O)[C@@H]1O,success,57,41,89.93,
2597,CC1(C)O[C@@H]2[C@H](O1)[C@H](n1cnc3c(=O)[nH]c(N)nc31)O[C@@H]2CO,success,188,169,254.11,
2598,C[C@@]1(O)[C@@H](O)[C@@H](CO)O[C@H]1n1cnc2c(=O)[nH]c(N)nc21,success,366,347,313.28,
2599,CN(C)C=Nc1nc2c(ncn2[C@H]2C[C@H](O)[C@@H](CO)O2)c(=O)[nH]1,success,324,305,376.8,
2600,Cn1c[n+](C2OC(COP(=O)(O)OP(=O)(O)OP(=O)(O)O)C(O)C2O)c2nc(N)[nH]c(=O)c21,success,60,44,87.31,
2601,O=c1[nH]cnc2c1ncn2[C@@H]1O[C@H](COP(=O)(O)OP(=O)(O)OP(=O)(O)O)[C@H](O)[C@H]1O,success,57,41,85.67,
2602,Nc1nc2c(ncn2C2OC(COP(=O)([O-])OP([O-])([O-])=S)C(O)C2O)c(=O)[nH]1.[Li+].[Li+].[Li+],success,42,26,35.23,
2603,Cn1c[n+]([C@@H]2O[C@H](CO)[C@H](O)[C@@H]2O)c2nc(N)[nH]c(=O)c21,success,418,399,395.49,
2604,CC[C@@H]1[C@H](n2cnc3c(=O)[nH]cnc32)O[C@@](CO)(N=[N+]=[N-])[C@H]1O,success,42,26,29.4,
2605,C[C@@H]1[C@H](n2cnc3c(=O)[nH]cnc32)O[C@@](CO)(N=[N+]=[N-])[C@H]1O,success,42,26,40.03,
2606,N#C[C@@H]1[C@H](n2cnc3c(=O)[nH]cnc32)O[C@@](CO)(N=[N+]=[N-])[C@H]1O,success,42,26,40.05,
2607,C#C[C@@H]1[C@H](n2cnc3c(=O)[nH]cnc32)O[C@@](CO)(N=[N+]=[N-])[C@H]1O,success,42,26,39.96,
2608,C#C[C@]1(CO)O[C@@H](n2cnc3c(=O)[nH]cnc32)[C@@H](C)[C@@H]1O,success,337,318,279.2,
2609,C[C@@H]1[C@H](n2cnc3c(=O)[nH]cnc32)O[C@](C)(CO)[C@H]1O,success,334,315,262.87,
2610,CO[C@]1(CO)O[C@@H](n2cnc3c(=O)[nH]cnc32)[C@@H](C)[C@@H]1O,success,503,484,336.78,
2611,C=CCOc1nc2c(=O)[nH]c(N)nc2n1[C@@H]1O[C@H](CO)[C@@H](O)[C@@H]1O,success,988,968,805.75,
2612,CC(=O)Nc1nc2c(ncn2[C@@H]2O[C@H](COP(=O)(O)O)[C@@H](O)[C@H]2O)c(=O)[nH]1,success,246,225,231.74,
2613,CN(C)CCO[C@@H]1[C@H](O)[C@@H](CO)O[C@H]1n1cnc2c(=O)[nH]c(N)nc21,success,663,645,805.58,
2614,O=c1[nH]cnc2c1ncn2[C@@H]1O[C@H](CO)C(O)[C@@H]1O,success,301,282,263.92,
2615,Nc1nc2c(nc(Br)n2[C@@H]2O[C@H](CO)[C@H](O)[C@H]2O)c(=O)[nH]1,failed,338,319,314.47,min() arg is an empty sequence
2616,Nc1nc2c(ncn2[C@H]2C[C@@H](O)[C@@H](COP(=O)(O)O)O2)c(=O)[nH]1,success,182,163,227.69,
2617,Cc1nc2c(ncn2[C@@H]2O[C@H](CO)[C@H](O)C2(C)O)c(=O)[nH]1,success,298,279,275.0,
2618,[CH][C@H]1O[C@@H](n2cnc3c(=O)[nH]c(NC(=O)C(C)C)nc32)C(OC)[C@H]1O,success,42,26,39.86,
2619,[N-]=[N+]=NOC[C@H]1O[C@@H](n2cnc3c(=O)[nH]c(N)nc32)[C@H](O)[C@@H]1O,success,83,67,55.14,
2620,O=c1[nH]cnc2c1ncn2[C@@H]1O[C@H](CO[Si])C[C@H]1O[Si],success,42,26,27.13,
2621,CCCCNc1nc2c(ncn2[C@@H]2O[C@H](CC)[C@H](O)C2O)c(=O)[nH]1,success,1013,993,1077.72,
2622,Nc1nc2c(ncn2[C@@H]2O[C@@]3(CO)CO[C@H]2C3O)c(=O)[nH]1,failed,335,316,291.71,min() arg is an empty sequence
2623,Nc1nc2c(ncn2C[C@@H]2O[C@H](CO)C(O)[C@@H]2O)c(=O)[nH]1,success,361,342,344.64,
2624,CC(C)C(=O)Nc1nc2c(ncn2C[C@@H]2O[C@H](CO)C(O)[C@@H]2O)c(=O)[nH]1,success,1549,1528,1970.44,
2625,O=c1[nH]cnc2c1ncn2C1OC(O)C(O)C1O,success,195,176,182.48,
2626,CC(C)OCC1OC(n2cnc3c(=O)[nH]cnc32)C(O)C1OC(C)C,success,212,194,113.18,
2627,CSCOC1[C@@H](O)[C@@H](CO)O[C@H]1n1cnc2c(=O)[nH]c(N)nc21,success,425,406,394.04,
2628,NCCC(=O)NC1[C@@H](O)[C@@H](CO)O[C@H]1n1cnc2c(=O)[nH]c(N)nc21,success,551,531,330.53,
2629,CCCC(=O)O[C@@H]1[C@H](O)[C@@H](CO)O[C@H]1n1cnc2c(=O)[nH]c(N)nc21,success,2637,2614,4682.92,
2630,CC(C)C(=O)OC[C@H]1O[C@@H](n2cnc3c(=O)[nH]c(N)nc32)[C@H](O)[C@@H]1O,success,1906,1885,3148.07,
2631,C[C@]1(CO)O[C@H](n2cnc3c(=O)[nH]cnc32)C[C@@H]1O,success,321,302,234.38,
2632,C#COC[C@H]1O[C@@H](n2cnc3c(=O)[nH]c(N)nc32)[C@H](O)[C@@H]1O,success,297,278,263.81,
2633,CCCCNc1nc2c(ncn2[C@@H]2O[C@H](CO)[C@H](O)C2O)c(=O)[nH]1,success,1581,1560,1639.01,
2634,Nc1nc2c(ncn2[C@@H]2O[C@H](C(O)OP(=O)(O)O)[C@@H](O)[C@@H]2O)c(=O)[nH]1,success,97,81,98.38,
2635,Nc1nc2c(ncn2[C@@H]2O[C@H](C(O)OP(=O)(O)O)[C@H](O)[C@H]2O)c(=O)[nH]1,success,97,81,111.86,
2636,CC(C)(C)[Si](C)(C)OC[C@@H]1C[C@@H](O)[C@H](n2cnc3c(=O)[nH]c(N)nc32)O1,success,83,66,53.35,
2637,C#C[C@]1(CO)O[C@@H](n2cnc3c(=O)[nH]cnc32)CC1O,failed,311,292,300.57,min() arg is an empty sequence
2638,[N-]=[N+]=N[C@]1(O)C[C@H](n2cnc3c(=O)[nH]c(N)nc32)O[C@@H]1CO,success,42,26,27.96,
2639,N#CCCO[C@H]1C(O)[C@@H](CO)O[C@H]1n1cnc2c(=O)[nH]c(N)nc21,failed,1127,1107,1147.29,min() arg is an empty sequence
2640,CN(C)/C=N/c1nc2c(ncn2[C@@H]2O[C@H](CO)C(O)[C@@H]2OCCC#N)c(=O)[nH]1,success,168,149,97.27,
2641,CN(C=O)OC[C@H]1O[C@@H](n2cnc3c(=O)[nH]cnc32)[C@H](O)[C@@H]1O,success,522,503,451.63,
2642,CC(=O)OC[C@H]1O[C@@H](n2cnc3c(=O)[nH]c(N)nc32)C[C@@H]1O,success,1229,1206,1378.16,
2643,NCCCCCCNc1nc2c(ncn2[C@@H]2O[C@H](CO)[C@H](O)C2O)c(=O)[nH]1,success,192,174,103.44,
2644,O=c1[nH]c(S(=O)(=O)[O-])nc2c1ncn2[C@@H]1O[C@H](CO)[C@H](O)C1O.[Na+],success,42,26,28.91,
2645,O=c1[nH]c(S(=O)(=O)O)nc2c1ncn2[C@@H]1O[C@H](CO)[C@H](O)C1O,success,89,71,141.42,
2646,C=CCNc1nc2c(ncn2[C@H]2C[C@@H](O)[C@@H](CO)O2)c(=O)[nH]1,success,1320,1300,1178.23,
2647,NOCCO[C@@H]1[C@H](O)[C@@H](CO)O[C@H]1n1cnc2c(=O)[nH]c(N)nc21,success,863,843,662.6,
2648,CC(=O)OC1[C@@H](OC(C)=O)[C@@H](CO)O[C@H]1n1cnc2c(=O)[nH]c(N)nc21,success,2339,2316,3503.33,
2649,CC(=O)OC1[C@@H](OC(C)=O)[C@@H](CO)O[C@H]1n1cnc2c(=O)[nH]cnc21,success,2454,2431,3729.54,
2650,CC[C@H]1O[C@@H](n2cnc3c(=O)[nH]c(C)nc32)[C@@H](O)C1O,success,718,697,540.58,
2651,CCCCCCCCCO[C@@H]1[C@H](O)[C@@H](CO)O[C@H]1n1cnc2c(=O)[nH]c(N)nc21,success,380,363,152.32,
2652,CO[C@@H]1[C@H](O)[C@@H](COP(=O)(O)O)O[C@H]1n1cnc2c(=O)[nH]cnc21,success,122,104,182.62,
2653,O=c1c2ncn([C@@H]3O[C@H](CO)C(O)[C@@H]3O)c2nc2n1C(O)C(O)N2,success,479,460,300.6,
2654,Nc1nc2c(ncn2C2O[C@H](CO)C3(O)OC23O)c(=O)[nH]1,failed,299,280,252.66,min() arg is an empty sequence
2655,C[C@H]1O[C@@H](n2cnc3c(=O)[nH]cnc32)C(O)C1O,failed,133,114,111.99,min() arg is an empty sequence
2656,CC(C)C(=O)Nc1nc2c(ncn2[C@H]2CC(O)[C@@H](CN)O2)c(=O)[nH]1,success,1454,1433,1921.24,
2657,CC[C@@H]1C[C@@H](O)[C@H](n2cnc3c(=O)[nH]c(N)nc32)O1,success,542,521,371.68,
2658,CC[C@@H]1C[C@@H](O)[C@H](n2cnc3c(=O)[nH]c(NC(C)=O)nc32)O1,success,1842,1819,2385.87,
2659,CC[C@H]1O[C@@H](n2cnc3c(=O)[nH]c(N)nc32)[C@H](O)[C@H]1O,success,694,673,508.98,
2660,COC[C@H]1O[C@@H](n2cnc3c(=O)[nH]c(N)nc32)[C@@H](O)C1OC,success,260,241,237.28,
2661,COCCO[C@H]1C(OC)[C@@H](COC)O[C@H]1n1cnc2c(=O)[nH]c(N)nc21,success,465,447,472.77,
2662,COC[C@H]1O[C@@H](n2cnc3c(=O)[nH]c(N)nc32)[C@@H](OC)C1OC,success,175,156,241.41,
2663,CC(=O)Cc1nc2c(ncn2[C@@H]2O[C@H](CO)C(O)C2O)c(=O)[nH]1,success,3869,3847,3740.01,
2664,Nc1nc2c(ncn2[C@@H]2O[C@H](COP(=O)(O)OP(=O)(O)OP(=O)(O)OS)[C@@H](O)[C@H]2O)c(=O)[nH]1,success,69,53,137.58,
2665,O=c1[nH]cnc2c1ncn2[C@@H]1O[C@H](CO)C[C@H]1O[Si],success,42,26,39.09,
2666,CCC(OP(=O)(O)O)[C@H]1O[C@@H](n2cnc3c(=O)[nH]cnc32)[C@H](O)[C@@H]1O,success,940,921,1286.4,
2667,CC1(C)OC2[C@@H](CO)O[C@@H](n3cnc4c(=O)[nH]cnc43)[C@H]2O1,failed,154,135,218.82,min() arg is an empty sequence
2668,COC[C@H]1O[C@@H](n2cnc3c(=O)[nH]c(C)nc32)[C@@H](O)C1OC,success,185,166,192.82,
2669,CC[C@@H]1O[C@H](n2cnc3c(=O)[nH]c(N)nc32)CC1O,success,547,526,364.37,
2670,CC[C@@H]1O[C@H](n2cnc3c(=O)[nH]cnc32)CC1O,success,530,509,453.47,
2671,NNc1nc2c(ncn2[C@@H]2O[C@H](CO)[C@@H](O)[C@H]2O)c(=O)[nH]1,success,353,334,401.47,
2672,NCC(=O)OC[C@H]1O[C@@H](n2cnc3c(=O)[nH]c(N)nc32)C(O)C1O,success,1598,1579,1604.07,
2673,CCOC[C@H]1O[C@@H](n2cnc3c(=O)[nH]c(N)nc32)C[C@@H]1O,success,811,789,617.15,
2674,CSCOC[C@H]1O[C@@H](n2cnc3c(=O)[nH]c(N)nc32)[C@H](O)[C@@H]1O,success,390,371,349.46,
2675,Nc1nc2c(ncn2[C@@H]2O[C@H](CO[P+](=O)O[P+](=O)OP(=O)(O)O)C(O)C2O)c(=O)[nH]1,success,108,92,114.06,
2676,CCCC(=O)O[C@@H]1[C@H](O)[C@@H](CO)O[C@H]1n1c(Br)nc2c(=O)[nH]cnc21,success,2495,2472,4392.54,
2677,CCC(=O)OC[C@H]1O[C@@H](n2cnc3c(=O)[nH]c(N)nc32)[C@H](O)[C@@H]1O,success,2524,2501,4245.28,
2678,Nc1nc2c(ncn2[C@@H]2O[C@H](CO)[C@@H](OS(=O)(=O)O)[C@H]2OS(=O)(=O)O)c(=O)[nH]1,success,59,43,63.38,
2679,O=c1[nH]cnc2c1ncn2[C@@H]1O[C@H](CO)C(OP(=O)(O)O)C1O,success,124,106,158.04,
2680,COC1C(O)[C@@H](CO)O[C@H]1n1cnc2c(=O)[nH]c(NC(=O)C(C)C)nc21,success,1418,1396,1940.78,
2681,CCCC(=O)OC[C@H]1O[C@@H](n2cnc3c(=O)[nH]c(N)nc32)C[C@@H]1O,success,2252,2229,3838.13,
2682,Cc1nc2c(ncn2[C@@H]2O[C@H](CO)C(O)C2O)c(=O)[nH]1,success,302,283,279.28,
2683,[N-]=[N+]=NOC[C@H]1O[C@@H](n2cnc3c(=O)[nH]c(N)nc32)C(O)C1O,success,83,67,61.08,
2684,CC(C)(C)[Si](C)(C)C(O)[C@H]1O[C@@H](n2cnc3c(=O)[nH]c(N)nc32)[C@H](O)[C@@H]1ON,success,42,26,27.54,
2685,C[Si](C)(C)OC[C@@H]1C[C@@H](O)[C@H](n2cnc3c(=O)[nH]cnc32)O1,success,145,126,153.88,
2686,Cn1c[n+](C2OC(CO)C(O)C2O)c2nc[nH]c(=O)c21,success,355,336,310.9,
2687,CC1(C)O[C@H]2[C@@H](CO)O[C@@H](n3cnc4c(=O)[nH]cnc43)C2(C)O1,success,150,132,141.23,
2688,CNc1nc2c(ncn2[C@@H]2O[C@H]3CO[Si](C(C)C)(C(C)C)O[Si](C(C)C)(C(C)C)O[C@@H]3C2O)c(=O)[nH]1,success,42,26,42.88,
2689,C[C@]1(O)C(O)[C@H](n2cnc3c(=O)[nH]c(N)nc32)O[C@@H]1CO,success,367,348,331.69,
2690,CO[C@H]1C(O)[C@@H](CO)O[C@H]1[n+]1c[nH]c2c(=O)[nH]c(N)nc21,success,334,315,284.03,
2691,N#C[C@]1(CO)O[C@@H](n2cnc3c(=O)[nH]c(N)nc32)CC1O,success,309,290,324.86,
2692,NOC[C@H]1O[C@@H](n2cnc3c(=O)[nH]c(N)nc32)C(O)C1O,success,279,259,240.07,
2693,COCCOOC1C(O)[C@@H](CO)O[C@H]1n1cnc2c(=O)[nH]c(N)nc21,success,772,753,882.83,
2694,Nc1nc2c(ncn2[C@@H]2O[C@H](COP(=O)(O)O)C(O)C2OP(=O)(O)O)c(=O)[nH]1,success,64,48,58.72,
2695,O=c1[nH]nnc2c1ncn2[C@@H]1O[C@H](CO)C(O)C1O,success,263,244,227.61,
2696,Nc1nc2c(ncn2[C@@]2(CO)OC[C@@H](O)[C@@H]2O)c(=O)[nH]1,success,325,306,286.96,
2697,C=CCOc1nc2c(=O)[nH]c(N)nc2n1[C@@H]1O[C@H](CO)C(O)C1O,success,1004,984,807.33,
2698,CCCCCCCCCCCCNc1nc2c(ncn2[C@H]2C[C@H](O)[C@@H](CO)O2)c(=O)[nH]1,success,211,195,74.32,
2699,CC(=O)O[C@@H]1[C@H](O)[C@@H](CO)O[C@H]1n1c(Br)nc2c(=O)[nH]cnc21,success,1350,1327,1204.92,
2700,Nc1nc2c(ncn2[C@@H]2O[C@H](CO)C(S)C2O)c(=O)[nH]1,success,289,270,263.93,
2701,Nc1nc2c(ncn2[C@@H]2O[C@H](COC3OC[C@@H](O)[C@@H](O)[C@H]3O)[C@@H](O)[C@H]2O)c(=O)[nH]1,success,275,257,138.85,
2702,O=c1[nH]cnc2c1[nH]c[n+]2C1OC(CO)C(O)C1O,failed,324,305,286.92,min() arg is an empty sequence
2703,CN(C)C=Nc1nc2c(ncn2[C@@H]2O[C@H](CO)C(O)C2O)c(=O)[nH]1,failed,329,310,357.37,min() arg is an empty sequence
2704,CC(C)OP(=O)(O)OC[C@H]1O[C@@H](n2cnc3c(=O)[nH]cnc32)[C@H](O)[C@@H]1O,success,663,643,800.52,
2705,C=CCOC1C[C@H](n2cnc3c(=O)[nH]c(N)nc32)O[C@@H]1CO,success,1154,1134,837.79,
2706,CCOC[C@H]1O[C@@H](n2cnc3c(=O)[nH]c(N)nc32)[C@H](O)[C@@H]1O,success,917,895,870.52,
2707,Nc1nc2c(nc(Cl)n2[C@@H]2O[C@H](C(O)Br)[C@@H](O)[C@H]2O)c(=O)[nH]1,success,312,293,337.91,
2708,CP(N)OC[C@H]1O[C@@H](n2cnc3c(=O)[nH]c(N)nc32)[C@H](O)[C@@H]1O,success,290,271,396.44,
2709,COC1C(O)[C@H](n2cnc3c(=O)[nH]c(N)nc32)O[C@@H]1CO,success,336,317,302.93,
2710,[2H]c1nc2c(nc([2H])n2[C@@H]2O[C@H](CO)[C@H](O)C2O)c(=O)[nH]1,success,265,246,273.2,
2711,N#CC1C(O)[C@@H](CO)O[C@H]1n1cnc2c(=O)[nH]c(N)nc21,success,278,259,244.38,
2712,COC[C@@H]1O[C@H](n2cnc3c(=O)[nH]c(N)nc32)CC1O,success,232,213,215.69,
2713,O=c1[nH]cnc2c1ncn2[C@@H]1CC(O)[C@H](CO)O1,failed,235,216,281.61,min() arg is an empty sequence
2714,COCC1OC(n2cnc3c(=O)[nH]cnc32)CC1O,success,179,160,199.66,
2715,COCC1OC(n2cnc3c(=O)[nH]c(N)nc32)CC1O,success,231,212,228.55,
2716,CC(O)c1nc2c(=O)[nH]c(N)nc2n1[C@@H]1O[C@H](CO)[C@@H](O)[C@H]1O,success,1334,1312,1020.92,
2717,Nc1nc2c(ncn2[C@@H]2O[C@H](CO)[C@@H](O)[C@@H](O)[C@@H](O)[C@H]2O)c(=O)[nH]1,success,773,754,458.99,
2718,Nc1nc2c(ncn2[C@@H]2O[C@H](CO)[C@@H](O)[C@H](O)[C@@H](O)[C@H]2O)c(=O)[nH]1,success,773,754,504.4,
2719,CO[C@@H]1[C@H](O)[C@@H](CO[Si](C)(C)C(C)(C)C)O[C@H]1n1cnc2c(=O)[nH]c(N)nc21,success,88,69,91.76,
2720,O=c1[nH]nnc2c1ncn2[C@H]1C[C@H](O)[C@@H](CO)O1,success,214,195,242.22,
2721,CCN(C=O)C(O)[C@H]1O[C@@H](n2cnc3c(=O)[nH]cnc32)[C@H](O)[C@@H]1O,success,2327,2306,2490.58,
2722,[N-]=[N+]=N[C@]1(CI)O[C@@H](n2cnc3c(=O)[nH]cnc32)[C@H](O)[C@@H]1O,success,42,26,39.93,
2723,CC(C)C(=O)OC[C@H]1O[C@@H](n2cnc3c(=O)[nH]c(N)nc32)[C@](C)(O)[C@@H]1O,success,1163,1143,1174.08,
2724,CC(=O)O[C@H]1C[C@H](n2cnc3c(=O)[nH]c(N)nc32)O[C@@H]1CO,success,1320,1297,1403.08,
2725,CCCCN(C=Nc1nc2c(ncn2[C@H]2C[C@H](O)[C@@H](CO)O2)c(=O)[nH]1)CCCC,success,222,202,103.0,
2726,O=c1c2ncn([C@@H]3O[C@H](CO)C(O)C3O)c2nc2n1C(O)C(O)N2,success,480,461,383.73,
2727,O=c1c2ncn([C@H]3CC(O)[C@@H](CO)O3)c2nc2n1C(O)C(O)N2,failed,430,411,337.72,min() arg is an empty sequence
2728,N#C[C@]1(CO)O[C@H](n2cnc3c(=O)[nH]cnc32)C[C@@H]1O,success,270,251,284.12,
2729,Nc1nc2c(ncn2[C@@H]2O[C@H](CO)C[C@@H]2O)c(=O)[nH]1,success,288,269,306.61,
2730,Cn1c[n+]([C@@H]2O[C@H](CO)C(O)C2O)c2nc(N)[nH]c(=O)c21,success,422,403,371.79,
2731,C[C@H]1O[C@@H](n2cnc3c(=O)[nH]c(N)nc32)[C@H](O)[C@H]1O,success,182,163,182.26,
2732,CC1(O)[C@@](C)(CO)O[C@@H](n2cnc3c(=O)[nH]c(N)nc32)[C@@]1(C)O,success,315,296,318.57,
2733,Nc1nc2c(ncn2[C@@H]2O[C@H](CO)C(O)C2=O)c(=O)[nH]1,success,268,249,275.87,
2734,[N-]=[N+]=Nc1nc2c(=O)[nH]c(N)nc2n1[C@@H]1O[C@H](CO)C(O)C1O,success,42,26,25.81,
2735,Nc1nc2c(ncn2[C@@H]2O[C@H](COP(=O)(O)OP(=O)(O)OP(=O)(O)O)[C@@H](N)[C@H]2O)c(=O)[nH]1,success,57,41,69.39,
2736,CC(C)OC[C@H]1O[C@@H](n2cnc3c(=O)[nH]c(N)nc32)[C@](C)(O)[C@@H]1O,success,616,596,545.3,
2737,O=c1[nH]cnc2c1ncn2[C@@H]1O[C@H](CO)C(O)C1O.[Ac].[Ac].[Ac],success,42,26,41.23,
2738,Nc1nc2c(ncn2C2OC(CO)[C@@H](O)[C@H]2O)c(=O)[nH]1.[Ac].[Ac].[Ac],success,42,26,41.73,
2739,Nc1nc2c(ncn2C2OC(CO)[C@@H](O)[C@H]2O)c(=O)[nH]1,success,361,342,321.34,
2740,CNC(=O)NC[C@H]1O[C@@H](n2cnc3c(=O)[nH]c(C)nc32)[C@@H](O)C1O,success,501,482,475.79,
2741,C=CCO[C@@H]1C[C@H](n2cnc3c(=O)[nH]c(N)nc32)O[C@@H]1CO,success,1134,1114,957.13,
2742,CC1(CO)CC(n2cnc3c(=O)[nH]c(N)nc32)OC1CO,success,565,546,477.68,
2743,CCCCC(=O)Nc1nc2c(ncn2[C@H]2C[C@H](O)[C@@H](CO)O2)c(=O)[nH]1,success,2617,2595,4377.39,
2744,CCCOCOC[C@H]1O[C@@H](n2cnc3c(=O)[nH]c(N)nc32)[C@H](O)[C@@H]1O,success,1174,1152,1026.72,
2745,CO[C@]1(CO)CC[C@@H](n2cnc3c(=O)[nH]c(N)nc32)O1,success,341,322,280.34,
2746,CCCOC[C@H]1O[C@@H](n2cnc3c(=O)[nH]c(N)nc32)[C@H](O)[C@@H]1O,success,1445,1422,1231.16,
2747,Nc1nc2c(ncn2[C@H]2CC(O)[C@@H](CI)O2)c(=O)[nH]1,success,116,97,106.92,
2748,C[C@@]1(O)[C@H](O)[C@@H](CO)O[C@H]1n1c(I)nc2c(=O)[nH]c(N)nc21,success,343,324,307.81,
2749,Nc1nc2c(ncn2C2OC(COP(=O)([O-])O[P+](=O)[O-])C(O)[C@@H]2O)c(=O)[nH]1,success,116,100,125.72,
2750,CC(OP(=O)(O)O)[C@H]1O[C@@H](n2cnc3c(=O)[nH]cnc32)[C@H](O)[C@@H]1O,success,427,407,559.75,
2751,Nc1nc2c(ncn2[C@@H]2O[C@H](CON=O)[C@@H](O)[C@H]2O)c(=O)[nH]1,success,248,228,238.77,
2752,O=NCC1(CO)CC[C@H](n2cnc3c(=O)[nH]cnc32)O1,success,183,164,230.03,
2753,CN(C)OCCO[C@@H]1[C@H](O)[C@@H](CO)O[C@H]1n1cnc2c(=O)[nH]c(N)nc21,success,629,611,565.84,
2754,Nc1nc2c(ncn2[C@@H]2O[C@H](CO)[C@@H](O)[C@H]2OCCO)c(=O)[nH]1,success,1445,1424,1034.55,
2755,Nc1nc2c(ncn2[C@@H]2O[C@H](COC3O[C@H](CO)[C@@H](O)[C@H]3O)[C@@H](O)[C@H]2O)c(=O)[nH]1,success,207,189,112.94,
2756,Nc1nc2c(ncn2[C@@H]2O[C@H](COC3O[C@H](CO)[C@@H](O)[C@@H]3O)[C@@H](O)[C@H]2O)c(=O)[nH]1,success,208,190,119.22,
2757,[N-]=[N+]=N[C@]1(CO)O[C@H](n2cnc3c(=O)[nH]cnc32)C[C@@H]1O,success,42,26,33.62,
2758,Nc1nc2c(ncn2[C@H]2CO[C@@H](CO)[C@@H]2CO)c(=O)[nH]1,success,538,519,424.18,
2759,CCCC(C)(C)[Si](C)(C)O[C@@H]1C[C@@H](CO)O[C@H]1n1cnc2c(=O)[nH]cnc21,success,42,26,45.37,
2760,CO[C@]1(CO)CC[C@@H](n2cnc3c(=O)[nH]cnc32)O1,success,300,281,215.44,
2761,CC1(O)[C@@H](O)[C@@H](CO)O[C@H]1n1cnc2c(=O)[nH]c(N)nc21,success,366,347,326.18,
2762,CO[C@@H]1[C@H](O)[C@@H](CO)O[C@H]1[n+]1c[nH]c2c(=O)[nH]c(N)nc21,success,332,313,315.79,
2763,COC1(CO)OC(n2cnc3c(=O)[nH]c(N)nc32)CC1O,success,436,417,378.92,
2764,O=c1[nH]cnc2c1ncn2[C@H]1C[C@H](O)[C@@H](COS(=O)(=O)O)O1,success,130,111,188.47,
2765,CC1C([O-])[C@@H](CO)O[C@H]1n1cnc2c(=O)[nH]c(N)nc21.[Pr],success,42,26,28.47,
2766,CC1C(O)[C@@H](CO)O[C@H]1n1cnc2c(=O)[nH]c(N)nc21,success,334,315,288.06,
2767,CC(C)C(=O)Nc1nc2c(ncn2[C@@H]2O[C@H](CO)C(O)C2O)c(=O)[nH]1,success,2491,2469,3326.27,
2768,CC(C)(C)[Si](C)(C)OC[C@@H]1CC(O)[C@H](n2cnc3c(=O)[nH]cnc32)O1,success,80,63,77.64,
2769,O=C(O)OC[C@H]1O[C@@H](n2cnc3c(=O)[nH]cnc32)C(O)C1O,success,522,503,490.23,
2770,Cc1nc2c(nc(Br)n2[C@@H]2O[C@H](CO)[C@H](O)C2O)c(=O)[nH]1,success,283,264,269.42,
2771,[3H]POCC1OC(n2cnc3c(=O)[nH]c(Cl)nc32)CC1O,success,141,122,172.11,
2772,Nc1nc2c(ncn2[C@@H]2O[C@H](COP(=O)(O)CP(=O)(O)O)C(O)C2O)c(=O)[nH]1,success,84,68,69.6,
2773,Nc1nc2c(ncn2[C@@H]2O[C@H](COP(=O)(O)CP(=O)(O)O)C(O)C2OP(=O)(O)CP(=O)(O)O)c(=O)[nH]1,success,42,26,39.26,
2774,Nc1nc2c(ncn2C2OC(COP(=O)(O)CP(=O)(O)O)C(O)C2O)c(=O)[nH]1,success,84,68,95.21,
2775,[2H]CC1OC(n2cnc3c(=O)[nH]c(NC(=O)C(C)C)nc32)C[C@H]1O,success,1333,1312,1600.45,
2776,Nc1nc2c(ncn2C2C[C@H](O)C(CO)O2)c(=O)[nH]1,success,287,268,245.49,
2777,Nc1nc2c(ncn2[C@@H]2O[C@H](COP(=O)(O)CP(=O)(O)O)C(N)C2O)c(=O)[nH]1,success,96,80,140.45,
2778,[2H]C[C@H]1OC(n2cnc3c(=O)[nH]c(NC(=O)C(C)C)nc32)C[C@H]1O,success,1333,1312,1671.58,
2779,Nc1nc2c(ncn2[C@@H]2O[C@H](COP(=O)(O)CP(=O)(O)O)C(OP(=O)(O)CP(=O)(O)O)C2O)c(=O)[nH]1,success,42,26,40.77,
2780,Nc1nc2c(ncn2[C@@H]2O[C@H](COP(=O)(O)CP(=O)(O)O)C(O)C2OP(=O)(O)O)c(=O)[nH]1,success,71,55,81.98,
2781,Nc1nc2c(ncn2C2OC(COP(=O)(O)CP(=O)(O)O)C(O)C2O[P+](=O)O)c(=O)[nH]1,success,75,59,110.84,
2782,[2H]C[C@H]1OC(n2cnc3c(=O)[nH]c(NC(=O)C(C)C)nc32)C[C@@H]1O,success,1333,1312,1714.65,
2783,CC(N)COP(=O)(O)OC1C(O)C(COP(=O)(O)CP(=O)(O)O)OC1n1cnc2c(=O)[nH]c(N)nc21,success,142,126,149.25,
2784,[2H]CC1OC(n2cnc3c(=O)[nH]c(NC(=O)C(C)C)nc32)C(O)C1O,success,1878,1857,2620.41,
2785,CC(C)C(=O)Nc1nc2c(ncn2C2C[C@@H](O)C(CO)O2)c(=O)[nH]1,success,2395,2373,3617.56,
2786,CC(C)C(=O)Nc1nc2c(ncn2C2C[C@H](O)C(CO)O2)c(=O)[nH]1,success,2395,2373,3447.94,
2787,[2H]C[C@H]1O[C@@H](n2cnc3c(=O)[nH]c(NC(=O)C(C)C)nc32)C(O)C1O,success,1878,1857,2607.66,
2788,Nc1nc2c(ncn2[C@@H]2O[C@H](COS)[C@@H](O)[C@H]2O)c(=O)[nH]1,failed,265,246,293.47,min() arg is an empty sequence
2789,NC[C@H]1O[C@@H](n2cnc3c(=O)[nH]cnc32)CC1O,success,91,72,117.68,
2790,CCCC(=O)Nc1nc2c(nc(Br)n2[C@@H]2O[C@H](CO)C(O)C2O)c(=O)[nH]1,success,2897,2874,4635.7,
2791,[N-]=[N+]=Nc1nc2c(=O)[nH]c(N)nc2n1[C@H]1CC(O)[C@@H](CO)O1,success,42,26,29.33,
2792,O=c1[nH]cnc2c1ncn2[C@@H]1O[C@H](NO)[C@@H](O)[C@H]1O,success,185,166,150.06,
2793,CC[C@H]1O[C@@H](n2cnc3c(=O)[nH]c(N)nc32)C(O)[C@H]1O,success,699,678,514.64,
2794,Cn1c[n+]([C@@H]2O[C@H](CO)C(O)[C@@H]2O)c2nc(N)[nH]c(=O)c21,success,419,400,345.99,
2795,Cc1nc2c(c(=O)[nH]1)n(C)c[n+]2[C@@H]1O[C@H](CO)C(O)[C@@H]1O,success,346,327,287.89,
2796,CO[C@@H]1[C@H](O)[C@@H](COP(O)(O)=S)O[C@H]1n1cnc2c(=O)[nH]cnc21,failed,175,156,200.27,min() arg is an empty sequence
2797,CC(C)C(=O)OC[C@H]1O[C@@H](n2cnc3c(=O)[nH]c(N)nc32)C[C@@H]1O,success,1747,1726,2806.6,
2798,Nc1nc2c(nc(Br)n2[C@@H]2O[C@H](CO)[C@H](O)C2O)c(=O)[nH]1,success,339,320,311.02,
2799,Nc1nc2c(ncn2[C@@H]2O[C@H](CO)[C@@H](O)[C@H]2OC(=O)CCC(=O)O)c(=O)[nH]1,success,3571,3548,34361.79,
2800,CC(OP(=O)(O)OP(=O)(O)OP(=O)(O)O)[C@H]1O[C@@H](n2cnc3c(=O)[nH]cnc32)[C@H](O)[C@@H]1O,success,72,56,59.37,
2801,[N-]=[N+]=N[C@]1(CO)O[C@@H](n2cnc3c(=O)[nH]c(N)nc32)C(O)C1O,success,42,26,40.12,
2802,O=CCNc1nc2c(ncn2[C@@H]2O[C@H](CO)C(O)C2O)c(=O)[nH]1,success,2544,2525,2761.81,
2803,Nc1nc2c(ncn2[C@@H]2O[C@H](COSOOO)[C@H](O)C2O)c(=O)[nH]1,success,110,92,101.42,
2804,CN(C)/C=N/c1nc2c(ncn2[C@@H]2O[C@H](CO)[C@@H](O)[C@H]2OCCN(C)C)c(=O)[nH]1,success,195,177,159.37,
2805,Nc1nc2c(nc(Br)n2[C@@H]2O[C@H](CO)[C@@H](O)C2O)c(=O)[nH]1,success,339,320,293.51,
2806,CCCC(N)C(=O)N[C@@H]1C(O)[C@H](n2cnc3c(=O)[nH]c(C)nc32)O[C@@H]1CO,success,310,292,135.04,
2807,Nc1nc2c(ncn2[C@H]2C[C@H](O)[C@@H](COS(=O)(=O)O)O2)c(=O)[nH]1,success,171,152,214.33,
2808,Nc1nc2c(ncn2[C@@H]2O[C@H](CO)C(O)C2O)c(=O)[nH]1.O,success,42,26,40.1,
2809,NC[C@H]1O[C@@H](n2cnc3c(=O)[nH]c(N)nc32)C(O)C1O,success,217,198,180.02,
2810,[N-]=[N+]=NC[C@H]1O[C@@H](n2cnc3c(=O)[nH]c(N)nc32)C(O)C1O,success,65,49,55.14,
2811,COC1C(O)[C@@H](CO)O[C@H]1n1c(Br)nc2c(=O)[nH]c(N)nc21,success,319,300,398.52,
2812,Cl.NC[C@H]1O[C@@H](n2cnc3c(=O)[nH]cnc32)CC1O,success,42,26,33.0,
2813,Nc1nc2c(ncn2[C@H]2O[C@@H](COO)C(OO)C2OO)c(=O)[nH]1,success,53,37,52.48,
2814,O=c1[nH]cnc2c1ncn2[C@@H]1O[C@H](CO)C(S)C1O,success,236,217,270.52,
2815,CCCOP(=O)(O)OC[C@H]1O[C@@H](n2cnc3c(=O)[nH]cnc32)[C@H](O)[C@@H]1O,success,1135,1113,1830.22,
2816,CCCC(=O)OC[C@H]1O[C@@H](n2cnc3c(=O)[nH]c(N)nc32)[C@H](O)[C@@H]1O,success,2462,2439,4170.01,
2817,[2H]OC[C@H]1O[C@@H](n2cnc3c(=O)[nH]c(NC)nc32)CC1O,success,243,224,238.9,
2818,NOC1C(O)[C@@H](CO)O[C@H]1n1cnc2c(=O)[nH]c(N)nc21,success,269,250,244.55,
2819,CC(=O)O[C@@H]1[C@H](O)[C@@H](CO)O[C@H]1n1cnc2c(=O)[nH]c(N)nc21,success,1514,1491,1469.45,
2820,Nc1nc2c(ncn2[C@@H]2O[C@H](CO)C(O)[C@@H]2O)c(=O)[nH]1,success,362,343,305.74,
2821,O=c1[nH]cnc2c1ncn2[C@H]1[CH]C(O)[C@@H](CO)O1,success,42,26,24.78,
2822,Nc1nc2c(ncn2[C@H]2[CH]C(O)[C@@H](CO)O2)c(=O)[nH]1,success,42,26,38.34,
2823,[CH2-]P(C)(=O)OC1[C@@H](COC)O[C@@H](n2cnc3c(=O)[nH]cnc32)[C@H]1O,success,148,129,258.0,
2824,COC[C@H]1O[C@@H](n2cnc3c(=O)[nH]cnc32)[C@@H](O)C1OP(C)(C)=O,success,144,125,193.02,
2825,O=c1[nH]cnc2c1ncn2[C@@H]1O[C@H](COP(=O)(O)O)[C@H](O)[C@@H]1O,success,119,101,188.5,
2826,Nc1nc2c(ncn2[C@@H]2O[C@H](COP(=O)(O)OP(=O)(O)O)[C@H](O)[C@@H]2O)c(=O)[nH]1,success,73,57,87.6,
2827,Nc1nc2c(nc(C(=O)O)n2[C@@H]2O[C@H](CO)C(O)C2O)c(=O)[nH]1,success,996,977,1086.28,
2828,C=CC(=O)OC[C@H]1O[C@@H](n2cnc3c(=O)[nH]c(N)nc32)[C@H](O)[C@@H]1O,success,1803,1780,1880.83,
2829,CC1(C)OC2[C@@H](CO)O[C@@H](n3cnc4c(=O)[nH]cnc43)[C@@]2(C)O1,success,150,132,142.11,
2830,C[C@H]1O[C@@H](n2cnc3c(=O)[nH]c(N)nc32)C[C@H]1O,success,115,96,101.23,
2831,[N-]=[N+]=N[C@]1(CO)O[C@@H](n2cnc3nc(N)[nH]c(=O)c32)[C@H](O)[C@@H]1O,success,42,26,32.99,
2832,[N-]=[N+]=N[C@]1(CO)O[C@@H](n2cnc3c(=O)[nH]c(N)nc32)[C@@H](O)[C@@H]1O,success,42,26,30.56,
2833,CCOCOC1C(COC)OC(n2cnc3c(=O)[nH]c(N)nc32)C1O,success,795,773,746.59,
2834,CCOCOC1C(O)C(COC)OC1n1cnc2c(=O)[nH]c(N)nc21,success,795,773,669.8,
2835,C#CCOCOC1C(COC)OC(n2cnc3c(=O)[nH]c(N)nc32)C1O,success,404,386,363.44,
2836,O=c1[nH]cnc2c1ncn2[C@@H]1O[C@H](CO)[C@@H](OS(=O)(=O)O)[C@H]1OS(=O)(=O)O,success,57,41,62.64,
2837,O=c1[nH]cnc2c1ncn2[C@@H]1O[C@H](COP(=O)(O)O)[C@@H](OP(=O)(O)O)[C@H]1O,success,63,47,57.94,
2838,CC(C)(C)[Si](C)(C)C(ON)[C@H]1O[C@@H](n2cnc3c(=O)[nH]c(N)nc32)[C@H](O)[C@@H]1O,success,42,26,26.96,
2839,NC[C@H]1O[C@@H](n2cnc3c(=O)[nH]c(N)nc32)CC1O,success,137,118,141.15,
2840,CCCNCCNCCNCCNCCCOC[C@H]1O[C@@H](n2cnc3c(=O)[nH]c(N)nc32)[C@H](O)[C@@H]1O,success,982,963,332.45,
2841,COCC1O[C@@H](n2cnc3c(=O)[nH]cnc32)C[C@@H]1OC,success,137,119,164.65,
2842,O=c1[nH]cnc2c1ncn2[C@@H]1O[C@H](COC2O[C@H](CO)[C@H](O)[C@H]2O)[C@@H](O)[C@H]1O,success,198,180,100.98,
2843,Nc1nc2c(ncn2[C@H]2C[C@H](O)[C@@H](CI)O2)c(=O)[nH]1,success,115,96,120.83,
2844,Nc1nc2c(ncn2C2OC(CO)C(O)C2[18F])c(=O)[nH]1,success,288,269,265.94,
2845,CC(C)C(=O)Nc1nc2c(ncn2[C@H]2C[C@H](O)C(CO)O2)c(=O)[nH]1,success,2395,2373,3349.1,
2846,NCCCCCC(=O)NCc1nc2c(=O)[nH]c(N)nc2n1[C@@H]1O[C@H](CO)[C@@H](O)[C@H]1O,success,525,505,253.11,
2847,Nc1nc2c(ncn2[C@@H]2O[C@H](COP(N)O)[C@@H](O)[C@H]2N)c(=O)[nH]1,success,77,61,60.15,
2848,O=c1[nH]cnc2c1ncn2[C@@H]1O[C@H](CO[P+](=O)O[P+](=O)OP(=O)(O)O)C(O)C1O,success,99,83,156.36,
2849,Nc1nc2c(ncn2[C@@H]2O[C@H](COP(=O)(O)OP(=O)(O)OP(=O)(O)O)CC2O)c(=O)[nH]1,success,55,39,81.94,
2850,Nc1nc2c(ncn2[C@@H]2O[C@H](CO)[C@H](O)C2N)c(=O)[nH]1,success,355,336,293.44,
2851,Nc1nc2c(ncn2[C@H]2C[CH-][C@@H](CO)O2)c(=O)[nH]1.[Y],success,42,26,39.25,
2852,Nc1nc2c(ncn2[C@@H]2O[C@H](CO)[C@H](N)C2O)c(=O)[nH]1,success,355,336,280.26,
2853,Nc1nc2ncn([C@H]3C[CH-][C@@H](CO)O3)c2c(=O)[nH]1.[Y],success,42,26,28.37,
2854,Nc1nc2ncn([C@H]3[CH-][C@@H](O)[C@@H](CO)O3)c2c(=O)[nH]1.[Y],success,42,26,29.75,
2855,Nc1nc2c(ncn2[C@H]2C[C@@H](N)[C@@H](CO)O2)c(=O)[nH]1,success,235,216,263.66,
2856,Nc1nc2c(ncn2[C@H]2[CH-][C@@H](O)[C@@H](CO)O2)c(=O)[nH]1.[Y],success,42,26,39.92,
2857,O=c1[nH]cnc2c1ncn2[C@@H]1O[C@H](CO[Si])C[C@H]1O,success,42,26,33.96,
2858,Nc1nc2c(ncn2[C@@H]2OC(CO)(CO)[C@@H](O)[C@H]2O)c(=O)[nH]1,success,342,323,255.28,
2859,CC#C[C@]1(CO)O[C@@H](n2cnc3c(=O)[nH]c(N)nc32)[C@H](O)[C@@H]1O,success,694,673,562.43,
2860,CC(C)c1nc2c(ncn2[C@@H]2O[C@H](CO)C(O)C2O)c(=O)[nH]1,success,1162,1141,791.37,
2861,[N-]=[N+]=N[C@]1(CO)O[C@@H](n2cnc3c(=O)[nH]c(N)nc32)CC1O,success,42,26,25.59,
2862,Nc1nc2c(ncn2[C@@H]2O[C@H](CO)C(O)(O)C2O)c(=O)[nH]1,success,310,291,250.79,
2863,CC(C)CNc1nc2c(ncn2C2CC(O)C(CO)O2)c(=O)[nH]1,success,1361,1341,1281.15,
2864,CO[C@H]1C(O)[C@@H]([n+]2cn(C)c3c(=O)[nH]c(N)nc32)O[C@H]1COP(=O)([O-])[O-],success,213,195,283.84,
2865,CO[C@H]1C(O)[C@@H](n2cnc3c(=O)[nH]c(N)nc32)O[C@H]1COP(=O)([O-])[O-],success,182,164,315.09,
2866,CCCCCCCCCCCCOC[C@H]1O[C@@H](n2cnc3c(=O)[nH]c(N)nc32)[C@H](O)[C@@H]1O,success,358,341,165.14,
2867,Nc1nc2c(ncn2[C@H]2C[C@@H](O)[C@H](COP(=O)(O)O)O2)c(=O)[nH]1,success,182,163,200.15,
2868,Nc1nc2c(ncn2[C@@H]2O[C@@H](CO)[C@H](OP(=O)(O)O)[C@H]2O)c(=O)[nH]1,success,138,120,236.49,
2869,COO[C@@H]1[C@H](O)[C@@H](CO)O[C@H]1n1cnc2c(=O)[nH]c(N)nc21,success,283,264,300.73,
2870,CC(=O)C(=O)O[C@H]1[C@@H](O)[C@H](n2cnc3c(=O)[nH]cnc32)O[C@@H]1COP(=O)(O)O,success,207,189,163.1,
2871,CCC(=O)OC[C@H]1O[C@@H](n2cnc3c(=O)[nH]cnc32)[C@H](OC(=O)CC)[C@@H]1OC(=O)CC,success,42,26,65.96,
2872,CO[C@@H]1[C@H](O)[C@@H](CN)O[C@H]1n1cnc2c(=O)[nH]c(NC(=O)C(C)C)nc21,success,989,967,1199.37,
2873,Nc1nc2c(ncn2[C@H]2C[C@H](OS(=O)(=O)O)[C@@H](CO)O2)c(=O)[nH]1,success,193,174,212.36,
2874,Nc1nc2c(ncn2[C@@H]2OC[C@@H](O)[C@@H](O)[C@H]2O)c(=O)[nH]1,success,255,236,225.34,
2875,CN(C=O)C(O)[C@H]1O[C@@H](n2cnc3c(=O)[nH]cnc32)[C@H](O)[C@@H]1O,success,890,871,757.83,
2876,COP(=O)(O)OC1CC(n2cnc3c(=O)[nH]c(N)nc32)OC1CO,success,296,277,338.17,
2877,CCC1OC(n2cnc3c(=O)[nH]c(N)nc32)CC1O,success,536,515,378.8,
2878,[N-]=[N+]=NC[C@]1(CO)O[C@@H](n2cnc3c(=O)[nH]c(N)nc32)CC1O,success,73,57,46.54,
2879,COC[C@H]1O[C@@H](n2cnc3c(=O)[nH]c(N)nc32)CC1OC,success,201,182,213.28,
2880,O=C(O)CCC(=O)OC[C@H]1O[C@@H](n2cnc3c(=O)[nH]cnc32)[C@H](O)[C@@H]1O,success,3552,3529,25645.52,
2881,Cc1nc2c(ncn2[C@@H]2O[C@H](CO)[C@H](O)C2O)c(=O)[nH]1,success,301,282,278.02,
2882,Nc1nc2c(ncn2[C@@H]2O[C@H](COOO)[C@@H](O)[C@H]2O)c(=O)[nH]1,success,248,229,195.67,
2883,O=c1[nH]cnc2c1ncn2[C@@H]1O[C@H](CO)CC1O,success,236,217,228.39,
2884,O=C(O)[C@H]1O[C@@H](n2cnc3c(=O)[nH]cnc32)C(O)C1O,success,494,475,479.46,
2885,C[C@]1(CO)O[C@@H](n2cnc3c(=O)[nH]c(N)nc32)CC1O,success,377,358,315.1,
2886,[N-]=[N+]=NOC1C(O)[C@H](n2cnc3c(=O)[nH]c(N)nc32)O[C@@H]1CO,success,42,26,41.46,
2887,Nc1nc2c(nc(CS)n2[C@@H]2O[C@H](CO)C(O)C2O)c(=O)[nH]1,success,399,380,376.15,
2888,O=c1[nH]c(Br)nc2c1ncn2[C@@H]1O[C@H](CO)C(O)C1O,success,284,265,301.71,
2889,C[C@]1(O)C(O)[C@@H](CO)O[C@H]1n1c(Br)nc2c(=O)[nH]c(N)nc21,success,344,325,402.13,
2890,C[C@]1(O)C(O)[C@@H](CO)O[C@H]1n1c(N=[N+]=[N-])nc2c(=O)[nH]c(N)nc21,success,42,26,41.81,
2891,CC1(C)OC2[C@@H](O1)[C@@H](CO)O[C@H]2n1cnc2c(=O)[nH]cnc21,success,154,135,199.9,
2892,CC(S)[C@H]1O[C@@H](n2cnc3c(=O)[nH]cnc32)[C@H](O)[C@@H]1O,success,793,772,588.38,
2893,O=c1[nH]cnc2c1ncn2[C@H]1CC(O)[C@@H](COP(=O)(O)O)O1,success,141,122,179.63,
2894,COC1[C@@H](O)[C@@H](CO)O[C@H]1n1cnc2c(=O)[nH]c(N)nc21,success,335,316,335.68,
2895,CC(C)C(=O)Nc1nc2c(ncn2[C@@H]2O[C@H](C)C(O)C2O)c(=O)[nH]1,success,1881,1860,2638.68,
2896,O=c1[nH]cnc2c1ncn2CC1CC(O)C(CO)O1,success,284,265,218.38,
2897,Nc1nc2c(ncn2C[C@H]2O[C@@H](P(=O)([O-])O)[C@H](O)[C@@H]2O)c(=O)[nH]1,success,182,163,244.69,
2898,CCCC(C)(C)[Si](C)(C)OC[C@@H]1C[C@@H](O)[C@H](n2cnc3c(=O)[nH]cnc32)O1,success,129,111,89.21,
2899,Nc1nc2c(ncn2C[C@H]2C[C@@H](O)[C@@H](CO)O2)c(=O)[nH]1,success,339,320,310.52,
2900,NCCNOP(=O)(O)OC[C@H]1O[C@@H](n2cnc3c(=O)[nH]cnc32)C(O)C1O,success,600,581,928.09,
2901,CCC(=O)O[C@@H]1[C@H](O)[C@@H](CO)O[C@H]1n1cnc2c(=O)[nH]c(N)nc21,success,2682,2659,4626.06,
2902,CSCO[C@@H]1[C@H](O)[C@@H](CO)O[C@H]1n1cnc2c(=O)[nH]c(N)nc21,success,404,385,390.58,
2903,CSCOC1C(O)[C@@H](CO)O[C@H]1n1cnc2c(=O)[nH]c(N)nc21,success,426,407,385.01,
2904,Cc1nc2c(ncn2[C@]2(C)O[C@H](CO)C(O)[C@@H]2O)c(=O)[nH]1,success,278,259,244.64,
2905,Cc1nc2c(ncn2[C@@H]2O[C@H](CO)C(O)[C@]2(C)O)c(=O)[nH]1,success,299,280,271.68,
2906,Nc1nc2c(ncn2[C@H]2C[C@@H](O)[C@@H](COP(=O)([O-])OP(=O)([O-])OP(=O)([O-])[O-])O2)c(=O)[nH]1,success,68,52,80.52,
2907,Nc1nc2c(ncn2[C@@H]2O[C@@H](CO)[C@H](O)[C@H]2OP(=O)(O)O)c(=O)[nH]1,success,138,120,262.24,
2908,Nc1nc2c(ncn2[C@H]2O[C@@H]3COP(=O)(O)O[C@@H]3[C@@H]2O)c(=O)[nH]1,success,124,105,115.16,
2909,Nc1nc2c(ncn2[C@@H]2O[C@@H](COP(=O)(O)O)[C@H](O)[C@H]2O)c(=O)[nH]1,success,134,116,210.36,
2910,Nc1nc2c(ncn2[C@@H]2O[C@@H](COP(=O)(O)OP(=O)(O)O)[C@H](OP(=O)(O)OP(=O)(O)O)[C@H]2O)c(=O)[nH]1,success,42,26,59.07,
2911,CC(CN)OP(=O)(O)OC[C@H]1O[C@@H](n2cnc3c(=O)[nH]cnc32)[C@H](O)[C@@H]1O,success,1602,1582,2314.72,
2912,Nc1nc2c(ncn2[C@H]2CCC(CO)(CO)O2)c(=O)[nH]1,success,297,278,228.71,
2913,CCO[C@H]1[C@@H](O)[C@H](n2cnc3c(=O)[nH]c(N)nc32)O[C@@H]1CO,success,970,948,836.75,
2914,CCCC(N)C(=O)NC1[C@@H](O)[C@@H](CO)O[C@H]1n1cnc2c(=O)[nH]c(C)nc21,success,409,391,195.82,
2915,NCCC(=O)NC1C(O)[C@@H](CO)O[C@H]1n1cnc2c(=O)[nH]c(N)nc21,success,555,535,319.58,
2916,NCCC(=O)N[C@@H]1[C@H](O)[C@@H](CO)O[C@H]1n1cnc2c(=O)[nH]c(N)nc21,success,488,468,334.14,
2917,Nc1nc2c(ncn2[C@@H]2O[C@H](CO)C(OC3OCCO3)C2O)c(=O)[nH]1,success,190,171,202.69,
2918,CCCO[C@@H]1[C@H](O)[C@@H](CO)O[C@H]1n1c(Br)nc2c(=O)[nH]c(N)nc21,success,1374,1351,1249.69,
2919,[N-]=[N+]=N[C@@]1(CO)CC[C@H](n2cnc3c(=O)[nH]c(N)nc32)O1,success,42,26,24.95,
2920,Nc1nc2c(ncn2C2OC(COP(=O)([O-])OP(=O)([O-])[O-])C(O)C2O)c(=O)[nH]1,success,113,97,128.77,
2921,CCCC(=O)Nc1nc2c(ncn2[C@@H]2O[C@H](CO)C(O)C2O)c(=O)[nH]1,success,3374,3351,5378.25,
2922,Nc1nc2c(ncn2C2CC3OCC3(CO)O2)c(=O)[nH]1,success,191,172,203.28,
2923,O=c1[nH]cnc2c1ncn2C1OC(CO)C(O)C1O.[Ac].[Ac].[Ac],success,42,26,29.04,
2924,CCC(OP(=O)(O)OP(=O)(O)OP(=O)(O)O)[C@H]1O[C@@H](n2cnc3c(=O)[nH]cnc32)[C@H](O)[C@@H]1O,success,90,74,68.73,
2925,CCCCCO[C@@H]1[C@H](O)[C@@H](CO)O[C@H]1n1cnc2c(=O)[nH]c(NC(=O)C(C)C)nc21,success,364,342,246.66,
2926,CC(C)OC[C@H]1O[C@@H](n2cnc3c(=O)[nH]c(N)nc32)[C@H](O)[C@@H]1O,success,838,817,654.92,
2927,O=c1[nH]cnc2c1ncn2[C@@H]1C[C@H](O)[C@@H](CI)O1,success,75,56,65.22,
2928,Nc1nc2c(ncn2[C@@H]2O[C@@]3(CO)COC2[C@H]3O)c(=O)[nH]1,success,334,315,273.9,
2929,CC1C(O)[C@@H](CO)O[C@H]1n1cnc2c(=O)[nH]cnc21,success,277,258,252.4,
2930,O=c1[nH]cnc2c1ncn2[C@@H]1O[C@H](CON2CCOCC2)[C@@H](O)[C@H]1O,success,117,99,124.0,
2931,CC(CN(C)C)OP(=O)(O)OC[C@H]1O[C@@H](n2cnc3c(=O)[nH]cnc32)[C@H](O)[C@@H]1O,success,644,625,960.21,
2932,COC1(C)OC2[C@@H](O1)[C@@H](CO)O[C@H]2n1cnc2c(=O)[nH]cnc21,success,239,220,302.25,
2933,C[C@]1(O)C(O)[C@@H](CO)O[C@H]1n1cnc2c(=O)[nH]c(N)nc21,success,367,348,331.9,
2934,CO[C@@H]1C(O)[C@H](n2cnc3c(=O)[nH]c(N)nc32)O[C@@H]1CO,success,317,298,292.13,
2935,CSc1nc2c(=O)[nH]cnc2n1[C@@H]1O[C@H](CO)C(O)C1O,success,334,315,312.01,
2936,O=c1[nH]cnc2c1ncn2[C@@H]1O[C@H](CI)[C@@H](O)[C@H]1O,success,131,112,137.37,
2937,CC(C)C(=O)Nc1nc2c(ncn2[C@H]2C[C@H](O)[C@@H](C)O2)c(=O)[nH]1,success,1336,1315,1741.79,
2938,O=c1[nH]cnc2c1ncn2[C@@H]1O[C@H](COP(=O)(O)O)C[C@H]1O,success,133,114,241.45,
2939,CNC(=O)C(=O)OC[C@H]1O[C@@H](n2cnc3c(=O)[nH]cnc32)C(O)[C@H]1O.[Y].[Y].[Y],success,42,26,48.06,
2940,O=c1[nH]cnc2c1ncn2[C@H]1C[C@H](OS(=O)(=O)O)[C@@H](COS(=O)(=O)O)O1,success,63,47,44.97,
2941,[N-]=[N+]=N[C@@]1(CO)CC[C@@H](n2cnc3c(=O)[nH]cnc32)O1,success,42,26,38.96,
2942,NC(O)[C@H]1O[C@@H](n2cnc3c(=O)[nH]cnc32)C[C@]1(N)O,success,314,295,270.04,
2943,CCO[C@@H]1[C@H](O)[C@@H](CO)O[C@H]1n1c(Br)nc2c(=O)[nH]c(N)nc21,success,887,865,702.39,
2944,CC(C)C(=O)Nc1nc2c(ncn2[C@H]2CC(O)[C@@H](C)O2)c(=O)[nH]1,success,1377,1356,1809.64,
2945,C[Si](C)(C)O[C@@H]1C[C@@H](CO)O[C@H]1n1cnc2c(=O)[nH]cnc21,success,149,130,153.56,
2946,[N-]=[N+]=NC1(CO)OC(n2cnc3c(=O)[nH]cnc32)CC1O,success,42,26,25.29,
2947,NOC1C[C@H](n2cnc3c(=O)[nH]c(N)nc32)O[C@@H]1CO,success,192,173,202.39,
2948,O=c1[nH]cnc2c1ncn2[C@H]1C[C@H](OS(=O)(=O)O)[C@@H](CO)O1,success,150,131,181.53,
2949,O=C(O)COC[C@@H]1CC[C@H](n2cnc3c(=O)[nH]cnc32)O1,success,1531,1512,1628.56,
2950,NCCCC[C@H](N)C(=O)Nc1nc2c(ncn2[C@@H]2O[C@H](CO)[C@@H](O)[C@H]2O)c(=O)[nH]1,success,375,359,159.36,
2951,COC[C@H]1O[C@@H](n2cnc3c(=O)[nH]cnc32)[C@@H](O)C1OP(C)(=O)O,success,193,174,209.93,
2952,CO[C@H]1C(O)[C@@H](CO)O[C@H]1n1cnc2c(=O)[nH]c(N)nc21,success,317,298,267.11,
2953,CC1(C)[C@@H](CO)O[C@@H](n2cnc3c(=O)[nH]cnc32)[C@@H]1O,success,253,234,290.01,
2954,Nc1nc2c(nc(Br)n2[C@@H]2O[C@H](CO)C(O)[C@@H]2O)c(=O)[nH]1,success,339,320,374.03,
2955,[N-]=[N+]=Nc1nc2c(=O)[nH]c(N)nc2n1[C@@H]1O[C@H](CO)C(O)[C@@H]1O,success,42,26,33.26,
2956,C[C@]1(CO)O[C@@H](n2cnc3c(=O)[nH]cnc32)C(O)[C@H]1O,success,311,292,303.92,
2957,C[C@]1(CO)O[C@@H](n2cnc3c(=O)[nH]c(N)nc32)C(O)[C@H]1O,success,374,355,336.42,
2958,C[C@]1(CO)O[C@@H](n2cnc3c(=O)[nH]cnc32)[C@@H](O)C1O,success,311,292,277.77,
2959,C[C@]1(CO)O[C@@H](n2cnc3c(=O)[nH]c(N)nc32)[C@@H](O)C1O,success,374,355,307.6,
2960,CC(C)COC[C@H]1O[C@@H](n2cnc3c(=O)[nH]c(N)nc32)C[C@@H]1O,success,1037,1018,959.69,
2961,O=c1c2ncn([C@H]3C[C@@H](O)[C@@H](CO)O3)c2nc2n1C(O)C(O)N2,success,429,410,353.72,
2962,O=c1c2ncn([C@@H]3O[C@H](CO)[C@H](O)C3O)c2nc2n1C(O)C(O)N2,success,479,460,319.1,
2963,Nc1nc2c(ncn2C2OC(CO)C(O)C2O)c(=O)[nH]1.[Ac].[Ac].[Ac],success,42,26,26.68,
2964,COC1[C@@H](OC)[C@@H](CO)O[C@H]1n1cnc2c(=O)[nH]cnc21,success,206,187,200.15,
2965,Nc1nc2c(ncn2[C@H]2CO[C@@H](CO)[C@H]2CO)c(=O)[nH]1,success,538,519,407.91,
2966,COCC1OC(n2cnc3c(=O)[nH]c(N)nc32)C(O)[C@H]1O,success,306,287,302.29,
2967,CCCCCOC[C@H]1O[C@@H](n2cnc3c(=O)[nH]c(N)nc32)[C@H](O)[C@@H]1O,success,933,912,832.17,
2968,C[C@]1(O)C(O)[C@@H](CO)O[C@H]1n1cnc2c(=O)[nH]cnc21,success,305,286,270.54,
2969,NCc1nc2c(=O)[nH]c(N)nc2n1[C@H]1CC(O)[C@@H](CO)O1,success,363,344,362.0,
2970,CC(=O)OC1C(OC(C)=O)[C@@H](COC(C)C(=O)O)O[C@H]1n1cnc2c(=O)[nH]cnc21,success,595,574,327.67,
2971,CC[C@@H]1O[C@H](n2cnc3c(=O)[nH]c(N)nc32)C[C@H]1O,success,542,521,405.77,
2972,Nc1nc2c(ncn2[C@@H]2O[C@H](COP(=O)([O-])O[P+](=O)[O-])C(O)C2O)c(=O)[nH]1,success,116,100,105.0,
2973,CCCC(N)C(=O)NC1[C@@H](CO)O[C@@H](n2cnc3c(=O)[nH]c(C)nc32)[C@H]1O,success,409,391,214.01,
2974,[N-]=[N+]=N[C@@H]1C[C@H](n2cnc3c(=O)[nH]c(N)nc32)O[C@@H]1CO,success,42,26,39.14,
2975,Cc1nc2c(ncn2[C@H]2C[C@@H](O)[C@@H](CO)O2)c(=O)[nH]1,success,253,234,219.42,
2976,NCCCCCCNP(=O)(O)OP(=O)(O)OP(=O)(O)OCC1OC(n2cnc3c(=O)[nH]c(N)nc32)C(O)C1O,success,367,351,212.23,
2977,NCCNP(=O)(O)OP(=O)(O)OP(=O)(O)OCC1OC(n2cnc3c(=O)[nH]c(N)nc32)C(O)C1O,success,143,127,131.87,
2978,NO[C@H]1C[C@@H](n2cnc3c(=O)[nH]c(N)nc32)O[C@@H]1CO,success,192,173,192.83,
2979,CCCNO[C@@H]1[C@H](O)[C@@H](CO)O[C@H]1n1cnc2c(=O)[nH]c(N)nc21,success,1584,1561,1768.57,
2980,COC([C@H]1O[C@@H](n2cnc3c(=O)[nH]cnc32)[C@H](O)[C@@H]1O)P(=O)(O)O,success,105,87,141.11,
2981,CO[C@@H]1[C@H](O)[C@@H](COC(=O)C(C)C)O[C@H]1n1cnc2c(=O)[nH]c(N)nc21,success,1111,1089,1271.77,
2982,CP(=O)([O-])OP(=O)([O-])OP(=O)([O-])OC[C@H]1O[C@@H](n2cnc3c(=O)[nH]c(N)nc32)C(O)C1O,success,77,61,81.71,
2983,COCCO[C@@H]1[C@H](O)[C@@H](CO)O[C@H]1n1cnc2c(=O)[nH]cnc21,success,1001,982,820.84,
2984,NP(O)OC[C@H]1O[C@@H](n2cnc3c(=O)[nH]cnc32)C[C@@H]1O,success,204,185,315.39,
2985,COCCO[C@@H]1[C@H](O)[C@@H](CO)O[C@H]1n1cnc2c(=O)[nH]c(NC(=O)C(C)C)nc21,success,324,303,180.61,
2986,CC(OC[C@H]1O[C@@H](n2cnc3c(=O)[nH]cnc32)C(O)C1O)C(=O)O,success,2892,2870,3393.53,
2987,CC1(O)[C@@H](O)[C@@H](CO)O[C@H]1n1cnc2c(=O)[nH]cnc21,success,304,285,293.66,
2988,C[C@@]1(n2cnc3c(=O)[nH]c(N)nc32)O[C@H](CO)C(O)[C@@H]1O,success,343,324,415.76,
2989,C[C@@]1(n2cnc3c(=O)[nH]cnc32)O[C@H](CO)[C@H](O)C1O,success,284,265,280.78,
2990,C[C@@]1(n2cnc3c(=O)[nH]c(N)nc32)O[C@H](CO)[C@H](O)C1O,success,343,324,322.58,
2991,C[C@@]1(n2cnc3c(=O)[nH]cnc32)O[C@H](CO)C(O)[C@@H]1O,success,284,265,262.0,
2992,O=c1[nH]cnc2c1ncn2C1O[C@H](CO)[C@@H](O)C1O,success,301,282,315.3,
2993,C[C@H](O)[C@H]1O[C@@H](n2cnc3c(=O)[nH]c(N)nc32)[C@H](O)[C@@H]1O,success,924,902,682.82,
2994,CC(O)[C@H]1O[C@@H](n2cnc3c(=O)[nH]c(N)nc32)[C@](C)(O)[C@@H]1O,success,963,941,743.34,
2995,CC(C)(C)OC[C@H]1O[C@@H](n2cnc3c(=O)[nH]c(N)nc32)[C@](C)(O)[C@@H]1O,success,276,258,241.29,
2996,Nc1nc2c(ncn2[C@@H]2O[C@H](COP(=O)(O)O)[C@H](O)C2O)c(=O)[nH]1,success,135,117,204.9,
2997,COCC1CC(OC)C(n2cnc3c(=O)[nH]cnc32)O1,success,147,129,150.2,
2998,NCCOC[C@H]1O[C@@H](n2cnc3c(=O)[nH]c(N)nc32)[C@H](O)[C@@H]1O,success,944,925,912.65,
2999,C[C@H]1O[C@@H](n2cnc3c(=O)[nH]cnc32)C[C@@H]1O,success,75,56,62.84,
3000,CC(=O)OCC1CC(OC(C)=O)C(n2cnc3c(=O)[nH]cnc32)O1,success,1819,1796,2533.22,
3001,CC[C@H]1O[C@@H](n2cnc3c(=O)[nH]cnc32)CC1O,success,530,509,435.39,
3002,Nc1nc2c(ncn2C2O[C@H](CO)C(O)[C@H]2O)c(=O)[nH]1,success,362,343,331.84,
3003,O=C(O)COC[C@H]1O[C@@H](n2cnc3c(=O)[nH]cnc32)[C@H](O)[C@@H]1O,success,1429,1410,1409.14,
3004,CO[C@@H]1[C@H](O)[C@@H](CO)O[C@H]1n1cnc2c(=O)[nH]c(Cl)nc21,success,241,222,248.01,
3005,C[C@@]1(Cn2cnc3c(=O)[nH]cnc32)O[C@H](CO)C(O)[C@@H]1O,success,276,257,243.57,
3006,C[C@@]1(Cn2cnc3c(=O)[nH]cnc32)O[C@H](CO)[C@H](O)C1O,success,276,257,284.0,
3007,C[C@]1(O)C(O)[C@@H](CO)O[C@H]1Cn1cnc2c(=O)[nH]cnc21,success,296,277,245.6,
3008,COC1[C@@H](O)[C@@H](COP(=O)([O-])OP(=O)([O-])[O-])O[C@H]1[n+]1cn(C)c2c(=O)[nH]c(N)nc21,success,114,96,131.6,
3009,COC1[C@@H](O)[C@@H](COP(=O)(O)OP(=O)(O)O)O[C@H]1[n+]1cn(C)c2c(=O)[nH]c(N)nc21,success,80,62,101.55,
3010,CO[C@@H]1C(O)[C@H]([n+]2cn(C)c3c(=O)[nH]c(N)nc32)O[C@@H]1COP(=O)([O-])OP(=O)([O-])[O-],success,110,92,127.97,
3011,CO[C@@H]1C(O)[C@H]([n+]2cn(C)c3c(=O)[nH]c(N)nc32)O[C@@H]1COP(=O)(O)OP(=O)(O)O,success,78,60,66.22,
3012,CC[C@H]1O[C@@H](n2cnc3c(=O)[nH]c(NC(C)=O)nc32)[C@H](OC)[C@@H]1O,success,1900,1877,2729.95,
3013,CO[C@@H]1[C@H](O)[C@@H](CO)O[C@H]1n1cnc2c(=O)[nH]c(NC(C)=O)nc21,success,1602,1579,2013.29,
3014,CN(C)/C=N/c1nc2c(ncn2[C@@H]2O[C@H](CO)[C@H](O)C2O)c(=O)[nH]1,success,328,309,328.03,
3015,Nc1nc2c(ncn2[C@@H]2O[C@H](CI)[C@H](O)C2O)c(=O)[nH]1,success,183,164,152.43,
3016,[N-]=[N+]=N[C@]1(CI)O[C@H](n2cnc3c(=O)[nH]cnc32)C[C@@H]1O,success,42,26,34.23,
3017,Nc1nc2c(ncn2[C@@H]2O[C@H](CO)C(O)C2OP(=O)(O)O)c(=O)[nH]1,success,139,121,181.32,
3018,C[C@H]1C[C@@H](n2cnc3c(=O)[nH]cnc32)O[C@@H]1CO,success,165,146,150.36,
3019,C[C@@H]1C[C@H](n2cnc3c(=O)[nH]cnc32)O[C@@H]1CO,success,165,146,181.64,
3020,C[C@@H]1C[C@H](n2cnc3c(=O)[nH]c(N)nc32)O[C@@H]1CO,success,216,197,249.6,
3021,C[C@H]1[C@@H](O)[C@H](n2cnc3c(=O)[nH]c(N)nc32)O[C@@H]1CO,success,333,314,350.8,
3022,C[C@@]1(O)C(O)C(CO)OC1n1cnc2c(=O)[nH]cnc21,failed,305,286,258.96,min() arg is an empty sequence
3023,CC(C)C(=O)Nc1nc2c(ncn2[C@H]2CC[C@@H](CO)O2)c(=O)[nH]1,success,1876,1854,2505.73,
3024,CN(C)/C=N/c1nc2c(ncn2[C@H]2CC[C@@H](CO)O2)c(=O)[nH]1,success,213,194,236.05,
3025,CC(C)(C)[Si](C)(C)OC1C[C@@H](CO)O[C@H]1n1cnc2c(=O)[nH]cnc21,success,42,26,26.23,
3026,CC(=O)O[C@@H]1[C@H](O)[C@@H](CO)O[C@H]1n1c(Br)nc2c(=O)[nH]c(N)nc21,success,1321,1298,1406.08,
3027,CC(C)(C)[Si](C)(C)OC[C@H]1O[C@@H](n2cnc3c(=O)[nH]cnc32)C(O)C1O,success,90,73,82.26,
3028,NOC[C@H]1O[C@@H](n2cnc3c(=O)[nH]c(N)nc32)[C@H](O)[C@@H]1O,failed,277,257,370.31,min() arg is an empty sequence
3029,Nc1nc2c(ncn2[C@@H]2O[C@H](CO)[C@@H](OP(N)(=O)O)[C@H]2O)c(=O)[nH]1,success,279,260,283.79,
3030,Nc1nc2c(ncn2C2([O-])O[C@H](CO)C(O)C2O)c(=O)[nH]1,success,428,409,351.3,
3031,Nc1nc2c(ncn2C2(O)O[C@H](CO)C(O)C2O)c(=O)[nH]1,success,578,559,331.99,
3032,O=c1[nH]cnc2c1ncn2C1O[C@H](COS(=O)(=O)[O-])C(O)C1O.[Na+],success,42,26,27.2,
3033,Nc1nc2c(ncn2[C@@H]2O[C@H]3COP(=O)(O)O[C@@H]3C2O)c(=O)[nH]1,success,125,106,129.03,
3034,Nc1nc2c(ncn2C2O[C@H]3COP(=O)(O)O[C@@H]3[C@@H]2O)c(=O)[nH]1,success,124,105,136.0,
3035,COCC1OC(n2cnc3c(=O)[nH]c(N)nc32)C(O)C1OP([O-])(=S)OC,success,205,186,346.18,
3036,COCC1OC(n2cnc3c(=O)[nH]c(N)nc32)C(O)C1OP(O)(=S)OC,success,251,232,294.7,
3037,COP(=O)(OC)OC[C@H]1O[C@@H](n2cnc3c(=O)[nH]cnc32)[C@H](O)[C@@H]1O,success,185,167,258.45,
3038,C=CCOC1C(O)[C@@H](CO)O[C@H]1n1cnc2c(=O)[nH]c(N)nc21,success,1069,1049,990.16,
3039,C#CCOC1C(O)[C@@H](CO)O[C@H]1n1cnc2c(=O)[nH]c(N)nc21,success,717,698,701.84,
3040,O=c1[nH]cnc2c1ncn2[C@H]1C[C@H](O)C(CO)O1,success,234,215,211.16,
3041,C=CCNc1nc2c(ncn2[C@H]2CC(O)[C@@H](CO)O2)c(=O)[nH]1,success,1331,1311,1349.13,
3042,C[C@@H]1C2OC[C@]1(CO)O[C@H]2n1cnc2c(=O)[nH]cnc21.[Y],success,42,26,39.47,
3043,CCN(C=O)OC[C@H]1O[C@@H](n2cnc3c(=O)[nH]cnc32)[C@H](O)[C@@H]1O,success,1562,1541,1634.64,
3044,O=c1[nH]cnc2c1ncn2[C@@H]1O[C@H](C(O)OP(=O)(O)O)[C@@H](O)[C@@H]1O,success,81,65,124.06,
3045,O=c1[nH]cnc2ncn(C3O[C@H](CO)[C@@H](O)[C@H]3O)c12,success,279,260,293.94,
3046,Nc1nc2c(ncn2[C@@H]2O[C@H](CO)C(OP(=O)(O)OP(=O)(O)O)C2O)c(=O)[nH]1,success,71,55,94.08,
3047,[N-]=[N+]=N[C@]1(CI)O[C@@H](n2cnc3c(=O)[nH]c(N)nc32)C(O)C1O,success,42,26,25.73,
3048,O=c1[nH]cnc2c1ncn2[C@@H]1O[C@H](CO)C(O)C1OP(=O)(O)O,success,124,106,150.35,
3049,[2H]OC([2H])([2H])[C@@]1([2H])O[C@@]([2H])(n2cnc3c(=O)[nH]c(N)nc32)C([2H])([2H])[C@]1([2H])O[2H],success,76,59,73.26,
3050,CC(=O)Nc1nc2c(ncn2C2OC(CO)C(O)C2O)c(=O)[nH]1,success,1795,1772,1982.73,
3051,C[C@@H]1[C@H](n2cnc3c(=O)[nH]c(N)nc32)O[C@](C)(CO)[C@H]1O,success,396,377,284.45,
3052,C#C[C@@H]1[C@H](n2cnc3c(=O)[nH]cnc32)O[C@](C#C)(CO)[C@H]1O,success,210,192,193.15,
3053,C[C@@H]1[C@H](n2cnc3c(=O)[nH]cnc32)O[C@](C#N)(CO)[C@H]1O,success,286,267,250.26,
3054,CCCCOC[C@H]1O[C@@H](n2cnc3c(=O)[nH]c(N)nc32)[C@H](O)[C@@H]1O,success,1366,1345,1147.45,
3055,CCCCCCCCCCCCCCCCCCOC[C@H]1O[C@@H](n2cnc3c(=O)[nH]c(N)nc32)[C@H](O)[C@@H]1O,success,42,26,41.57,
3056,[N-]=[N+]=NC[C@]1(CO)O[C@H](n2cnc3c(=O)[nH]cnc32)C[C@@H]1O,success,73,57,44.59,
3057,O=c1[nH]cnc2c1ncn2[C@H]1CCC(CO)(CO)O1,success,265,246,224.36,
3058,CCO[C@@H]1[C@H](O)[C@@H](CO)O[C@H]1n1cnc2c(=O)[nH]c(N)nc21,success,970,948,758.15,
3059,Nc1nc2c(ncn2C2O[C@H](CO)[C@@H](O)C2O)c(=O)[nH]1,success,362,343,298.4,
3060,CC(=O)OC[C@H]1O[C@@H](n2cnc3c(=O)[nH]cnc32)[C@@H](OC(C)=O)C1OC(C)=O,success,374,353,223.69,
3061,Nc1nc2c(ncn2[C@H]2CC(O)[C@@H](COP(=O)([O-])OP(=O)([O-])OP(=O)([O-])[O-])O2)c(=O)[nH]1,success,68,52,97.9,
3062,Nc1nc2c(ncn2[C@@H]2O[C@H](COP(=O)(O)OP(=O)(O)O)C(OP(=O)(O)OP(=O)(O)O)C2O)c(=O)[nH]1,success,42,26,59.72,
3063,[2H]c1nc2c(=O)[nH]cnc2n1C1O[C@H](COC(C)(C)C)C(OC(C)(C)C)[C@H]1O,success,168,151,89.96,
3064,[2H]c1nc2c(=O)[nH]c(N)nc2n1C1CC(O)[C@@H](CO)O1,success,261,242,240.41,
3065,Nc1nc2c(nc(Br)n2C2CC(O)[C@@H](CO)O2)c(=O)[nH]1,failed,261,242,286.3,min() arg is an empty sequence
3066,CC(C)(C)OC[C@H]1OC(n2cnc3c(=O)[nH]cnc32)[C@H](O)C1OC(C)(C)C,success,178,161,114.06,
3067,Nc1nc2c(ncn2C2CC(O)[C@@H](CO)O2)c(=O)[nH]1,success,288,269,279.3,
3068,CCCCCO[C@@H]1[C@H](O)[C@@H](CO)O[C@H]1n1cnc2c(=O)[nH]c(N)nc21,success,998,977,879.05,
3069,COC[C@H]1O[C@@H](n2cnc3c(=O)[nH]cnc32)[C@H](O)[C@@H]1OP(=O)(O)O,success,111,93,138.56,
3070,O=c1[nH]cnc2c1ncn2[C@@H]1O[C@H](CO)[C@H]2OS(=O)(=O)O[C@H]21,failed,114,95,141.98,min() arg is an empty sequence
3071,CC(=O)OC[C@H]1OC(n2cnc3c(=O)[nH]cnc32)[C@@H](OC(C)=O)[C@@H]1OC(C)=O,success,322,301,176.49,
3072,C=CCOC[C@H]1O[C@@H](n2cnc3c(=O)[nH]c(N)nc32)[C@@H](O)[C@@H]1O,success,971,951,912.21,
3073,CC(C)(C)[Si](C)(C)O[C@H]1C[C@@H](n2cnc3c(=O)[nH]cnc32)O[C@@H]1CO,success,42,26,41.24,
3074,Nc1nc2c(ncn2[C@@H]2O[C@H](COC3OCC(O)C(O)C3O)[C@@H](O)[C@H]2O)c(=O)[nH]1,success,290,272,143.03,
3075,Nc1nc2c(ncn2[C@@H]2O[C@H](COP(=O)(O)O)[C@@H](OP(=O)(O)NP(=O)(O)O)[C@H]2O)c(=O)[nH]1,success,58,42,59.88,
3076,Nc1nc2c(ncn2[C@@H]2O[C@H](COP(=O)(O)O[C@H]3CO[C@H](CO)[C@H]3O)[C@@H](O)[C@H]2O)c(=O)[nH]1,success,137,121,124.39,
3077,Nc1nc2c(ncn2[C@@H]2O[C@H](CO)[C@H]3OS(=O)(=O)O[C@H]32)c(=O)[nH]1,success,152,133,154.74,
3078,CC1(O)[C@H](n2cnc3c(=O)[nH]c(N)nc32)O[C@](C)(CO)[C@]1(C)O,failed,319,300,362.04,min() arg is an empty sequence
3079,Nc1nc2c(ncn2C2CC(N)C(CO)O2)c(=O)[nH]1,success,237,218,303.72,
3080,Nc1nc2c(ncn2[C@@H]2O[C@H](COP(=O)([O-])[O-])[C@@H](O)[C@H]2O)c(=O)[nH]1.[Fe+2],success,42,26,33.6,
3081,CCC[C@@]1(n2cnc3c(=O)[nH]c(N)nc32)O[C@H](CO)[C@@H](O)[C@H]1O,success,1789,1767,1326.24,
3082,C[C@@]1(O)[C@H](O)[C@@H](CO)O[C@@H]1n1cnc2c(=O)[nH]c(N)nc21,success,366,347,329.28,
3083,O=c1[nH]cnc2c1ncn2[C@@H]1O[C@H](CBr)[C@@H](O)[C@H]1O,success,131,112,124.46,
3084,O=c1[nH]c(NCO)nc2c1ncn2[C@@H]1O[C@H](CO)[C@@H](O)[C@H]1O,success,506,487,377.35,
3085,O=c1[nH]cnc2c1nc(Br)n2[C@@H]1O[C@H](COP(=O)(O)O)[C@@H](O)[C@H]1O,success,114,96,170.79,
3086,O=c1[nH]cnc2c1ncn2[13C@@H]1O[13C@H]([13CH2]O)[13C@@H](O)[13C@H]1O,success,278,259,239.95,
3087,NCC1OC(n2cnc3c(=O)[nH]c(N)nc32)CC1O,success,137,118,131.66,
3088,CC(C)C(=O)Nc1nc2c(ncn2[C@@H]2O[C@H](CO)C[C@H]2O)c(=O)[nH]1,success,2424,2402,3313.34,
3089,COCC(=O)Nc1nc2c(ncn2[C@H]2C[C@H](O)[C@@H](CO)O2)c(=O)[nH]1,failed,2074,2055,2552.74,min() arg is an empty sequence
3090,[15NH2]c1[15n]c2c([15n]c[15n]2[C@@H]2O[C@H](COP(=O)(O)O)[C@@H](O)[C@H]2O)c(=O)[15nH]1,success,134,116,196.47,
3091,CC1(C)OC2[C@@H](CO)O[C@@H](n3cnc4c(=O)[nH]c(N)nc43)[C@H]2O1,failed,188,169,185.09,min() arg is an empty sequence
3092,C[C@@]1(O)C(O)[C@@H](CO)O[C@H]1n1cnc2c(=O)[nH]c(N)nc21,success,367,348,314.11,
3093,Nc1nc2c(=O)[nH]cnc2n1[C@H]1C[C@H](O)[C@@H](CO)O1,success,287,268,233.24,
3094,Nc1nc2c(ncn2[C@H]2O[C@H](CO)[C@@H]3OP(O)(=S)O[C@@H]32)c(=O)[nH]1,success,192,173,272.24,
3095,Nc1nc2c(ncn2[C@@H]2O[C@@H](COP(=O)(O)CP(=O)(O)O)[C@H](O)[C@H]2O)c(=O)[nH]1,success,84,68,101.31,
3096,Nc1nc2c(ncn2[C@@H]2O[C@@H](COP(=O)(O)OP(=O)(O)CP(=O)(O)O)[C@H](O)[C@H]2O)c(=O)[nH]1,success,84,68,123.12,
3097,Nc1nc2c(ncn2[C@@H]2O[C@@H](COP(=O)(O)OP(=O)(O)O)[C@H](OP(=O)(O)O)[C@H]2O)c(=O)[nH]1,success,55,39,70.5,
3098,Nc1nc2c(nc(N)n2[C@@H]2O[C@H](CO)C(O)[C@@H]2O)c(=O)[nH]1,success,403,384,356.15,
3099,CN(C)c1nc2c(ncn2[C@H]2C[C@H](O)[C@@H](CO)O2)c(=O)[nH]1,success,268,249,244.94,
3100,CC(C)C(=O)Nc1nc2c(ncn2[C@@H]2O[C@H](CO)[C@@H](O)[C@H]2O)c(=O)[nH]1.O,success,434,416,227.9,
3101,O=c1[nH]cnc2c1ncn2C1O[C@H](COP(=O)(O)O)[C@@H](O)[C@H]1O,success,119,101,182.38,
3102,Nc1nc2c(ncn2C2O[C@H](CO)[C@H](O)[C@H]2O)c(=O)[nH]1,success,361,342,305.31,
3103,[N-]=[N+]=NC[C@H]1O[C@@H](n2cnc3c(=O)[nH]cnc32)[C@H](O)[C@@H]1O,success,64,48,41.65,
3104,O=CC=CNc1nc2c(ncn2[C@H]2C[C@H](O)[C@@H](CO)O2)c(=O)[nH]1,success,2788,2768,2718.74,
3105,Nc1nc2c(ncn2[C@H]2C[C@@H](O)[C@@H](COP(=O)([O-])[O-])O2)c(=O)[nH]1.[Na+].[Na+],success,42,26,32.72,
3106,COCC[C@@]1(O)[C@H](O)[C@@H](CO)O[C@H]1n1cnc2c(=O)[nH]c(N)nc21,success,1267,1247,990.37,
3107,CC(=O)OC[C@H]1O[C@@H](n2cnc3c(=O)[nH]cnc32)[C@H](OC(C)=O)[C@H]1OC(C)=O,success,322,301,217.98,
3108,Nc1nc2c(ncn2C2O[C@H](COP(=O)(O)O)[C@@H](O)[C@H]2O)c(=O)[nH]1,success,134,116,210.81,
3109,Nc1nc2c(ncn2[C@@H]2O[C@H](COP(=O)([O-])[O-])[C@@H](O)[C@H]2O)c(=O)[nH]1.[Mg+2],success,42,26,38.46,
3110,O=c1[nH]cnc2c1ncn2[C@H]1O[C@@H](CO)C(O)C1O,success,302,283,249.25,
3111,O=c1[nH]cnc2c1ncn2[C@H]1C[C@H](O)[C@@H](COP(O)(O)=S)O1,success,169,150,232.8,
3112,CC(C)O[C@@H]1[C@H](O)[C@@H](CO)O[C@H]1n1cnc2c(=O)[nH]c(N)nc21,success,890,869,762.18,
3113,Nc1nc2c(ncn2C2OC(CO)C(O)C2O)c(=O)[nH]1.O,success,42,26,25.69,
3114,CCNc1nc2c(ncn2[C@@H]2O[C@H](CO)[C@@H](O)[C@H]2O)c(=O)[nH]1,success,1097,1076,1033.4,
3115,Nc1nc2c(ncn2[C@@H]2O[C@H](CO)[C@@H](O)[C@]2(O)P(=O)(O)O)c(=O)[nH]1,success,129,111,173.29,
3116,C[C@H](N)C(=O)OC[C@H]1O[C@@H](n2cnc3c(=O)[nH]c(N)nc32)[C@H](O)[C@@H]1O,success,2720,2699,5037.77,
3117,CC(C)CNc1nc2c(ncn2[C@H]2C[C@@H](O)[C@@H](CO)O2)c(=O)[nH]1,success,1374,1354,1326.85,
3118,Nc1nc2c(ncn2[C@@H]2O[C@H](CO[I+3]([O-])([O-])[O-])[C@@H](O)[C@H]2O)c(=O)[nH]1,success,109,91,126.55,
3119,O=c1[nH]cnc2c1ncn2[C@@H]1O[C@H](C(O)OP(=O)(O)O)[C@@H](O)[C@H]1O,success,81,65,122.86,
3120,NC[C@H]1O[C@@H](n2cnc3c(=O)[nH]cnc32)C[C@@H]1O,success,90,71,105.12,
3121,O=C1CCCN1.O=c1[nH]cnc2c1ncn2[C@@H]1O[C@H](CO)[C@@H](O)[C@H]1O,success,42,26,39.69,
3122,NCC[C@]1(n2cnc3c(=O)[nH]cnc32)CC[C@@H](CO)O1,success,1443,1424,1322.0,
3123,Cl.Nc1nc2c(ncn2[C@H]2CC(O)[C@@H](CO)O2)c(=O)[nH]1,success,42,26,25.74,
3124,NCCCCCCNc1nc2c(ncn2[C@@H]2O[C@H](CO)C(O)C2O)c(=O)[nH]1,success,192,174,66.42,
3125,CCCCCOC[C@H]1O[C@@H](n2cnc3c(=O)[nH]c(N)nc32)C[C@@H]1O,success,1045,1024,814.02,
3126,CN1CN([C@@H]2O[C@H](CO)[C@@H](O)[C@H]2O)c2nc(N)[nH]c(=O)c21.Nc1nc2c(ncn2COC(CO)CO)c(=O)[nH]1,success,42,26,36.02,
3127,NOC[C@H]1O[C@@H](n2cnc3c(=O)[nH]c(N)nc32)[C@H](O)[C@@H]1OP(=O)(O)O,success,127,108,167.1,
3128,NOP(=O)(O)OC[C@H]1O[C@@H](n2cnc3c(=O)[nH]c(N)nc32)C(O)C1O,success,214,195,287.2,
3129,Nc1nc2c(ncn2[C@]2(N)O[C@H](COP(=O)(O)O)[C@@H](O)[C@H]2O)c(=O)[nH]1,success,146,128,215.34,
3130,Nc1nc2c(ncn2[C@@H]2O[C@H](COP(=O)(O)N=P(O)(O)OP(=O)(O)O)[C@@H](O)[C@H]2O)c(=O)[nH]1,success,65,49,58.26,
3131,Nc1nc2c(ncn2[C@@H]2O[C@H](COP(=O)(O)N(P(=O)(O)O)P(=O)(O)O)[C@@H](O)[C@H]2O)c(=O)[nH]1,success,63,47,51.28,
3132,CNC[C@@]1(n2cnc3c(=O)[nH]cnc32)O[C@H](CO)[C@@H](O)[C@H]1O,success,361,342,450.62,
3133,N[C@@]1(n2cnc3c(=O)[nH]cnc32)O[C@H](CO)C[C@H]1O,success,290,271,250.8,
3134,NOC[C@@H]1C[C@@H](O)[C@H](n2cnc3c(=O)[nH]cnc32)O1,success,167,147,163.71,
3135,NOC[C@@H]1C[C@@H](O)[C@H](n2cnc3c(=O)[nH]c(N)nc32)O1,success,209,189,183.76,
3136,Nc1nc2c(ncn2[C@]2(N)O[C@H](CO)C[C@H]2O)c(=O)[nH]1,success,323,304,278.04,
3137,NP(=O)(O)O.Nc1nc2c(ncn2[C@@H]2O[C@H](CO)[C@@H](O)[C@H]2O)c(=O)[nH]1,success,83,67,109.81,
3138,Cl.Nc1nc2c(ncn2C2C[C@H](O)[C@@H](CO)O2)c(=O)[nH]1,success,42,26,29.35,
3139,CN(C)c1nc2c(ncn2[C@@H]2O[C@H](CO)[C@@](C)(O)[C@H]2O)c(=O)[nH]1,success,279,260,412.17,
3140,COC1C(O)[C@H](n2cnc3c(=O)[nH]c(N(C)C)nc32)O[C@@H]1CO,failed,261,242,262.29,min() arg is an empty sequence
3141,Nc1nc2c(ncn2[C@@H]2O[C@H](COC(CO)OCCO)[C@@H](O)[C@H]2O)c(=O)[nH]1,success,1080,1060,810.62,
3142,Nc1nc2c(ncn2[C@]2(COC(CO)CO)O[C@H](CO)[C@@H](O)[C@H]2O)c(=O)[nH]1,success,685,665,505.6,
3143,Nc1nc2c(ncn2[C@@H]2O[C@H](COP(=O)(O)OP(=O)(O)O)[C@@H](OP(=O)(O)OP(=O)(O)OP(=O)(O)O)[C@H]2O)c(=O)[nH]1,success,42,26,46.89,
3144,CCCCNc1nc2c(ncn2[C@H]2CC(O)[C@@H](CO)O2)c(=O)[nH]1,success,1833,1812,1796.77,
3145,N#CCCOP(=O)(OCCC#N)OC[C@H]1O[C@@H](n2cnc3c(=O)[nH]cnc32)[C@H](O)[C@@H]1O,success,321,302,190.63,
3146,N#CCCOP(=O)(OCCC#N)OC[C@H]1O[C@@H](n2cnc3c(=O)[nH]cnc32)C(O)C1O,success,321,302,225.34,
3147,COC(C)[C@H]1O[C@@H](n2cnc3c(=O)[nH]c(N)nc32)C[C@@H]1O,success,734,713,526.98,
3148,CN(C)OCCOC1C(O)[C@@H](CO)O[C@H]1n1cnc2c(=O)[nH]c(N)nc21,success,659,641,609.14,
3149,COCCOC1C(O)[C@@H](CO)O[C@H]1n1cnc2c(=O)[nH]c(N)nc21,success,1068,1049,880.38,
3150,COCCOC1C(O)[C@@H](CO)O[C@H]1n1cnc2c(=O)[nH]cnc21,failed,1033,1014,874.13,min() arg is an empty sequence
3151,NC1C(O)[C@@H](CO)O[C@H]1n1cnc2c(=O)[nH]cnc21,failed,317,298,304.83,min() arg is an empty sequence
3152,C=CCOC1C(O)[C@@H](CO)O[C@H]1n1cnc2c(=O)[nH]cnc21,success,1034,1014,936.07,
3153,C=CCO[C@@H]1[C@H](O)[C@@H](CO)O[C@H]1n1cnc2c(=O)[nH]cnc21,success,1003,983,843.1,
3154,CN(C)OCCOC1C(O)[C@@H](CO)O[C@H]1n1cnc2c(=O)[nH]cnc21,success,679,661,521.13,
3155,CN(C)OCCO[C@@H]1[C@H](O)[C@@H](CO)O[C@H]1n1cnc2c(=O)[nH]cnc21,success,650,632,630.16,
3156,Nc1nc2c(ncn2[C@@H]2O[C@H](CO)[C@@H](OP(N)O)[C@H]2O)c(=O)[nH]1,success,277,258,250.26,
3157,Nc1nc2c(ncn2[C@@H]2O[C@H](COP(=O)(O)OP(=O)(O)OP(=O)(O)O)[C@@H](O)[C@H]2O)c(=O)[nH]1.O=P(O)(O)OP(=O)(O)O,success,42,26,43.65,
3158,Nc1nc2c(ncn2[C@@H]2O[C@H](COP(=O)(O)OP(=O)(O)OP(=O)(O)O)[C@@H](OP(=O)(O)OP(=O)(O)OP(=O)(O)O)[C@H]2O)c(=O)[nH]1,success,42,26,68.48,
3159,C[C@H]1O[C@@H](n2cnc3c(=O)[nH]c(N)nc32)C(O)C1OP(=O)(O)O,failed,126,107,161.29,min() arg is an empty sequence
3160,Nc1nc2c(ncn2[C@@H]2O[C@H](COP3(=O)O[B]O3)[C@@H](O)[C@H]2O)c(=O)[nH]1,success,42,26,47.05,
3161,C#COC1C(O)[C@@H](CO)O[C@H]1n1cnc2c(=O)[nH]c(N)nc21,success,328,309,310.53,
3162,C#C[C@@]1(O)[C@@H](CO)O[C@@H](n2cnc3c(=O)[nH]cnc32)[C@@H]1O,success,298,279,251.39,
3163,C#COC1C(O)[C@H](n2cnc3c(=O)[nH]cnc32)O[C@@H]1CO,success,265,246,256.22,
3164,N=P(O)(OC[C@H]1O[C@@H](n2cnc3c(=O)[nH]c(N)nc32)[C@H](O)[C@@H]1O)OP(=O)(O)O,success,95,79,118.95,
3165,C[C@]1(CO)O[C@@H](n2cnc3c(=O)[nH]cnc32)C(O)C1O,success,312,293,253.16,
3166,C#C[C@@]1(O)[C@H](O)[C@@H](CO)O[C@H]1n1cnc2c(=O)[nH]cnc21,success,298,279,249.64,
3167,C#COC1C(O)[C@@H](CO)O[C@H]1n1cnc2c(=O)[nH]cnc21,success,265,246,281.99,
3168,C#C[C@]1(CO)O[C@@H](n2cnc3c(=O)[nH]c(N)nc32)[C@H](O)[C@@H]1O,success,363,344,327.77,
3169,C#C[C@]1(CO)O[C@@H](n2cnc3c(=O)[nH]c(N)nc32)C(O)C1O,success,365,346,311.36,
3170,C[C@]1(CO)O[C@@H](n2cnc3c(=O)[nH]c(N)nc32)C(O)C1O,success,375,356,349.06,
3171,C#C[C@]1(CO)O[C@@H](n2cnc3c(=O)[nH]cnc32)[C@H](O)[C@@H]1O,success,304,285,280.41,
3172,C#C[C@]1(CO)O[C@@H](n2cnc3c(=O)[nH]cnc32)C(O)C1O,success,306,287,327.34,
3173,C#COC1C(O)[C@H](n2cnc3c(=O)[nH]c(N)nc32)O[C@@H]1CO,success,328,309,323.32,
3174,NP(O)O.O=c1[nH]cnc2c1ncn2[C@H]1C[C@H](O)[C@@H](CO)O1,success,59,43,67.01,
3175,C[C@@]1(n2cnc3c(=O)[nH]cnc32)O[C@H](CO)[C@@H](O)[C@H]1O.O=P(O)(O)O,success,57,41,86.39,
3176,CNc1nc2c(ncn2[C@H]2CC(O)[C@@H](CO)O2)c(=O)[nH]1,success,345,326,281.84,
3177,Nc1nc2c(ncn2[C@@H]2O[C@H](CO)[C@@H](O)[C@H]2O)c(=O)[nH]1.O=P([O-])(O)O.[Na+],success,42,26,33.04,
3178,Nc1nc2c(ncn2[C@@H]2O[C@H](CO)[C@@H](O)[C@H]2O)c(=O)[nH]1.O=[P+](O)O,success,69,53,56.28,
3179,COC(C)[C@@]1(O)[C@H](O)[C@@H](CO)O[C@H]1n1cnc2c(=O)[nH]c(N)nc21,success,1203,1182,818.62,
3180,Cc1nc2c(ncn2[C@@H]2O[C@H](COP(O)(O)=S)[C@@H](O)[C@H]2O)c(=O)[nH]1,success,206,187,241.58,
3181,Cc1nc2c(ncn2[C@@H]2O[C@H](COP(O)(O)=S)C(O)C2O)c(=O)[nH]1,success,208,189,280.85,
3182,C=CCOC[C@H]1O[C@@H](n2cnc3c(=O)[nH]c(N)nc32)[C@H](O)[C@@H]1O,success,971,951,789.91,
3183,CSC(=S)O[C@@H]1[C@H](OC(=S)SC)[C@@H](CO)O[C@H]1n1cnc2c(=O)[nH]cnc21,success,83,67,82.67,
3184,CNC(=O)Nc1nc2c(ncn2[C@H]2CC(O)[C@@H](CO)O2)c(=O)[nH]1,success,750,731,670.62,
3185,CNC(=O)Nc1nc2c(ncn2[C@H]2C[C@H](O)[C@@H](CO)O2)c(=O)[nH]1,success,748,729,647.16,
3186,Nc1nc2c(ncn2[C@H]2C[C@H](O)[C@@H](C(O)Br)O2)c(=O)[nH]1,success,258,239,285.49,
3187,Nc1nc2c(ncn2[C@@]2(Br)C[C@H](O)[C@@H](CO)O2)c(=O)[nH]1,success,260,241,240.76,
3188,Nc1nc2c(ncn2[C@H]2C[C@H](O)[C@@H](C(O)I)O2)c(=O)[nH]1,success,258,239,247.23,
3189,Nc1nc2c(ncn2[C@@]2(I)C[C@H](O)[C@@H](CO)O2)c(=O)[nH]1,success,260,241,234.41,
3190,Nc1nc2c(ncn2[C@@H]2O[C@H](COP(O)(=S)OP(=O)(O)OP(=O)(O)O)C(O)C2O)c(=O)[nH]1,success,57,41,55.89,
3191,NP(O)O.O=c1[nH]cnc2c1ncn2[C@@H]1O[C@H](CO)[C@@H](O)[C@H]1O,success,68,52,89.03,
3192,NP(O)OC[C@H]1O[C@@H](n2cnc3c(=O)[nH]cnc32)[C@H](O)[C@@H]1O,success,274,255,269.05,
3193,O=c1[nH]cnc2c1ncn2[C@@H]1O[C@H](CO)C(OO)C1OO,success,139,120,150.43,
3194,Nc1nc2c(ncn2[C@@H]2O[C@H](COP(=O)(O)OP(=O)(O)OP(=O)(O)O)C(OP(=O)(O)OP(=O)(O)O)C2O)c(=O)[nH]1,success,42,26,42.88,
3195,Nc1nc2c(ncn2[C@@H]2O[C@H](CO)[C@@H](O)[C@H]2O)c(=O)[nH]1.O=c1[nH]cnc2c1ncn2[C@@H]1O[C@H](CO)[C@@H](O)[C@H]1O,success,42,26,35.25,
3196,NC[C@H]1O[C@@H](n2cnc3c(=O)[nH]cnc32)[C@H](O)[C@@H]1O,success,156,137,184.19,
3197,NC[C@H]1O[C@@H](n2cnc3c(=O)[nH]cnc32)C(O)C1O,success,158,139,136.77,
3198,CC(Nc1nc2c(ncn2[C@@H]2O[C@H](CO)C(O)C2O)c(=O)[nH]1)C(=O)O,success,3841,3820,6395.53,
3199,CC(C)C(=O)c1nc2c(=O)[nH]c(N)nc2n1[C@@H]1O[C@H](CO)[C@@H](O)[C@@H]1O,success,2429,2408,3067.72,
3200,Nc1nc2c(ncn2[C@@H]2O[C@H](CO)[C@@H](O)[C@H]2O)c(=O)[nH]1.O=CC=O,success,274,257,149.77,
3201,N[C@@]1(O)[C@H](O)[C@@H](CO)O[C@H]1n1cnc2c(=O)[nH]c(Cl)nc21,success,345,326,308.55,
3202,NOC1C(O)[C@@H](CO)O[C@H]1n1cnc2c(=O)[nH]c(Cl)nc21,success,211,192,209.91,
3203,COC1C(O)[C@@H](COP(=O)(O)OP(=O)(O)OP(=O)(O)O)O[C@H]1n1cnc2c(=O)[nH]c(N)nc21,success,59,41,56.87,
3204,COC1C(O)[C@H](COP(=O)(O)O)O[C@@H]1n1cnc2c(=O)[nH]c(N)nc21,success,148,130,234.85,
3205,[N-]=[N+]=NOC[C@H]1O[C@@H](n2cnc3c(=O)[nH]cnc32)C[C@@H]1O,success,70,54,50.19,
3206,CSCCCOC[C@H]1O[C@@H](n2cnc3c(=O)[nH]c(N)nc32)[C@H](O)[C@@H]1O,success,1135,1116,1083.65,
3207,CSCCCOC1C(O)[C@H](n2cnc3c(=O)[nH]c(N)nc32)O[C@@H]1CO,success,1243,1224,1149.34,
3208,C1CCOC1.C1CCOC1.Nc1nc2c(ncn2[C@@H]2O[C@H](CO)[C@@H](O)[C@H]2O)c(=O)[nH]1,success,42,26,30.21,
3209,C1COCO1.Nc1nc2c(ncn2[C@@H]2O[C@H](CO)[C@@H](O)[C@H]2O)c(=O)[nH]1,success,42,26,27.3,
3210,NOP(=O)(O)OP(=O)(O)O.Nc1nc2c(ncn2[C@@H]2O[C@H](CO)[C@@H](O)[C@H]2O)c(=O)[nH]1,success,75,58,81.47,
3211,NOC[C@H]1O[C@@H](n2cnc3c(=O)[nH]c(N)nc32)[C@H](O)[C@@H]1OP(=O)(O)OP(=O)(O)O,success,69,52,62.47,
3212,NOP(=O)(OC[C@H]1O[C@@H](n2cnc3c(=O)[nH]c(N)nc32)C(O)C1O)OP(=O)(O)O,success,103,86,88.17,
3213,C=CC(=O)NCCOP(=O)(O)OC[C@H]1O[C@@H](n2cnc3c(=O)[nH]c(N)nc32)[C@H](O)[C@@H]1O,success,533,513,419.22,
3214,CCC(=O)NCCOP(=O)(O)OP(=O)(O)OC[C@H]1O[C@@H](n2cnc3c(=O)[nH]c(N)nc32)[C@H](O)[C@@H]1O,success,248,230,189.84,
3215,CC1(C)O[C@@H]2[C@@H](CO)O[C@@H](n3cnc4c(=O)[nH]cnc43)[C@]2(C)O1,success,150,132,141.64,
3216,O=c1[nH]c([N+](=O)[O-])nc2c1ncn2[C@@H]1O[C@H](CO)C(O)C1O,success,219,200,211.71,
3217,COC1C(O)[C@@H](COP(=O)(O)O)O[C@H]1[n+]1cn(C)c2c(=O)[nH]c(N)nc21,success,171,153,287.85,
3218,Nc1nc2c(ncn2[C@@H]2O[C@H](COP(=O)(O)OP(=O)(O)OP(=O)(O)O)[C@H](OP(=O)(O)OP(=O)(O)O)[C@H]2O)c(=O)[nH]1,success,42,26,56.63,
3219,O=c1[nH]cnc2c1ncn2[C@@H]1O[C@H](COP(=O)(O)OP(=O)(O)OP(=O)(O)OP(=O)(O)O)[C@H](O)[C@H]1O,success,42,26,59.47,
3220,Cc1nc2c(ncn2[C@H]2C[C@H](O)[C@@H](CO)O2)c(=O)[nH]1,success,253,234,250.51,
3221,O=c1[nH]cnc2c1ncn2[C@@H]1O[C@H](CO)[C@@H](O)[C@H]1O.[Na],success,42,26,28.33,
3222,O=c1[nH]cnc2c1ncn2[C@@H]1O[C@H](CO)[C@@H](O)[C@H]1O.[Na].[Na],success,42,26,39.97,
3223,Nc1nc2c(nc(N)n2[C@H]2CC(O)[C@@H](CO)O2)c(=O)[nH]1,success,321,302,279.85,
3224,COC1C(O)[C@@H](CO)O[C@H]1n1cnc2c(=O)[nH]cnc21,failed,271,252,271.66,min() arg is an empty sequence
3225,NCC(=O)O.O=c1[nH]cnc2c1ncn2[C@H]1CC[C@@H](CO)O1,success,546,530,256.46,
3226,O=c1[nH]cnc2c1ncn2[C@@H]1O[C@@H]2COP(O)(=S)O[C@H]2[C@H]1O,success,81,62,69.96,
3227,CC1(OC2C(O)[C@@H](CO)O[C@H]2n2cnc3c(=O)[nH]cnc32)O[C@H](CO)[C@@H](O)[C@H]1O,success,138,120,60.29,
3228,COCC1O[C@@H]2[C@H](O1)[C@@H](CO)O[C@H]2n1cnc2c(=O)[nH]cnc21,success,411,392,363.71,
3229,CC(C)C(=O)Nc1nc2c(ncn2C2CCC(CO)O2)c(=O)[nH]1,success,1854,1832,2458.14,
3230,Nc1nc2c(ncn2[C@H]2C[C@H](O)[C@@H](COCCC(=O)O)O2)c(=O)[nH]1,success,3557,3536,7625.14,
3231,O=c1[nH]cnc2c1ncn2[C@@H]1O[C@H](CO)[C@@H](O)[C@H]1S,success,234,215,294.67,
3232,COC1C(O)C(CO)OC1n1cnc2c(=O)[nH]c(NC(=O)C(C)C)nc21,success,1415,1393,1889.13,
3233,CCCC/N=C(\NCCCC)Nc1nc2c(ncn2[C@H]2CC(O)[C@@H](CO)O2)c(=O)[nH]1,success,155,137,103.79,
3234,CCCCCC(O)[C@H]1O[C@@H](n2cnc3c(=O)[nH]c(N)nc32)C[C@@H]1O,success,1295,1275,1025.79,
3235,CCCCCOC[C@H]1O[C@@H](n2cnc3c(=O)[nH]c(N)nc32)CC1O,success,1047,1026,854.83,
3236,Nc1nc2c(ncn2[C@@H]2O[C@H](CO[P+](=O)O)C(O)C2O)c(=O)[nH]1,success,269,250,292.75,
3237,Nc1nc2c(ncn2[C@@H]2O[C@H](COP(=O)(O)N=P(O)(O)O)[C@@H](O)[C@H]2O)c(=O)[nH]1,success,84,68,77.65,
3238,CC(C)(C)[Si](C)(C)O[C@@H]1[C@H](O)[C@@H](CO)O[C@H]1n1cnc2c(=O)[nH]cnc21,success,42,26,26.67,
3239,Nc1nc2c(ncn2[C@@H]2O[C@H](CON3CCOCC3)[C@@H](O)[C@H]2O)c(=O)[nH]1,success,128,110,136.48,
3240,O=c1[nH]cnc2c1ncn2[C@]1(N2CCOCC2)O[C@H](CO)[C@@H](O)[C@H]1O,success,104,86,116.59,
3241,Nc1nc2c(ncn2[C@]2(N3CCOCC3)O[C@H](CO)[C@@H](O)[C@H]2O)c(=O)[nH]1,success,112,94,140.77,
3242,O=c1[nH]c(NC2CCCCC2)nc2c1ncn2[C@@H]1O[C@H](CO)[C@@H](O)[C@H]1O,success,42,26,42.79,
3243,O=c1[nH]cnc2c1nc(Br)n2[C@H]1C[C@H](O)[C@@H](CO)O1,success,213,194,191.64,
3244,CC(=O)NP(O)OC[C@H]1O[C@@H](n2cnc3c(=O)[nH]c(N)nc32)[C@H](O)[C@@H]1O,success,1607,1584,3226.44,
3245,C[C@]1(n2cnc3c(=O)[nH]c(N)nc32)C[C@H](O)[C@@H](CO)O1,success,304,285,267.13,
3246,COC[C@H]1O[C@@H](n2cnc3c(=O)[nH]cnc32)C[C@@H]1O,success,179,160,168.93,
3247,C[C@]1(n2cnc3c(=O)[nH]cnc32)C[C@H](O)[C@@H](CO)O1,success,253,234,239.07,
3248,COC(C)O[C@@H]1[C@H](O)[C@@H](CO)O[C@H]1n1cnc2c(=O)[nH]cnc21,success,960,939,760.92,
3249,O=c1[nH]cnc2c1ncn2[C@@H]1O[C@H](COP(=O)(O)O)[C@@H](O)[C@H]1O.[Na],success,42,26,33.07,
3250,CO[C@@H]1[C@H](OP(=O)(O)O)[C@@H](CO)O[C@H]1n1cnc2c(=O)[nH]c(N)nc21,success,121,103,187.04,
3251,CC(=O)Nc1nc2c(ncn2[C@H]2CC(O)[C@@H](CO)O2)c(=O)[nH]1,success,1701,1678,2038.32,
3252,CC(=O)OC[C@H]1O[C@@H](n2cnc3c(=O)[nH]c(N)nc32)[C@H](O)[C@@H]1OC(C)=O,success,2278,2255,3272.85,
3253,CC(C)CNc1nc2c(ncn2[C@@H]2O[C@H](CO)C(O)C2O)c(=O)[nH]1,success,1222,1202,1288.89,
3254,Nc1nc2c(ncn2[C@@H]2O[C@H](COP(=O)(O)OP(=O)(O)OP(=O)(O)OP(=O)(O)O)[C@@H](O)[C@H]2O)c(=O)[nH]1.O=P(O)(O)OP(=O)(O)OP(=O)(O)OP(=O)(O)OP(=O)(O)O,success,42,26,69.99,
3255,CC#C[C@]1(CO)O[C@@H](n2cnc3c(=O)[nH]c(N)nc32)C(O)C1O,success,704,683,628.28,
3256,Nc1nc2c(ncn2[C@@H]2OC(CO)(CO)C(O)C2O)c(=O)[nH]1,success,344,325,229.88,
3257,C=CCO[C@H]1C[C@H](n2cnc3c(=O)[nH]c(N)nc32)O[C@@H]1CO,success,1134,1114,862.53,
3258,O=c1[nH]cnc2c1ncn2[C@@H]1O[C@H](CO)[C@@H](O)[C@H]1O.O=c1[nH]cnc2nc[nH]c12,success,42,26,32.5,
3259,CC(C)(C)[Si](C)(C)OC[C@H]1O[C@@H](n2cnc3c(=O)[nH]c(N)nc32)C(O)C1ON,success,83,66,82.92,
3260,CP(=O)(O)O.Nc1nc2c(ncn2[C@H]2C[C@H](O)[C@@H](CO)O2)c(=O)[nH]1,success,42,26,31.98,
3261,COC1C(O)[C@@H](CON[P+](=O)O)O[C@H]1n1cnc2c(=O)[nH]c(N)nc21,success,230,211,273.47,
3262,[N-]=[N+]=NOC1C(O)[C@@H](COP(=O)(O)O)O[C@H]1n1cnc2c(=O)[nH]cnc21,success,42,26,50.13,
3263,O=c1[nH]cnc2c1ncn2[C@H]1CC(O)[C@@H](COP(=O)(O)OP(=O)(O)O)O1,success,68,52,63.04,
3264,NOP(=O)(O)OP(=O)(O)OP(=O)(O)OC[C@H]1O[C@@H](n2cnc3c(=O)[nH]c(N)nc32)[C@H](O)[C@@H]1O,success,69,52,82.29,
3265,CC(=O)Nc1nc2c(ncn2[C@@H]2O[C@H](CO)C(O)[C@@H]2O)c(=O)[nH]1,success,1781,1758,1997.5,
3266,CC(=O)Nc1nc2c(ncn2[C@@H]2O[C@H](CO)C(O)[C@@H]2C)c(=O)[nH]1,success,1955,1932,2558.23,
3267,CCCCCCCCCNc1nc2c(ncn2[C@H]2C[C@H](O)[C@@H](CO)O2)c(=O)[nH]1,success,230,214,85.34,
3268,O=c1[nH]cnc2c1ncn2[C@@H]1O[C@H](CO)[C@@H](O)[C@H]1O.[H+],success,301,282,277.87,
3269,CCCC(=O)OP(=O)(O)OC[C@H]1O[C@@H](n2cnc3c(=O)[nH]cnc32)[C@H](O)[C@H]1O,success,405,385,315.75,
3270,Nc1nc2c(ncn2[C@@H]2O[C@H](COP(=O)(OP(=O)(O)O)OP(=O)(O)OP(=O)(O)OP(=O)(O)O)C(O)C2O)c(=O)[nH]1,success,42,26,42.86,
3271,Nc1nc2c(ncn2[C@@H]2O[C@H](COP(=O)(O)OP(=O)(O)O)[C@H](OP(=O)(O)OP(=O)(O)O)[C@H]2O)c(=O)[nH]1,success,42,26,39.48,
3272,O=c1[nH]cnc2c1ncn2[C@H]1C[C@H](O)CO1,success,91,72,79.05,
3273,O=c1[nH]cnc2c1ncn2[C@@H]1O[C@H](COP(=O)(O)OP(=O)(O)O)[C@H](O)[C@H]1O,success,71,55,82.49,
3274,COC[C@H]1O[C@@H](n2cnc3c(=O)[nH]c(N)nc32)[C@H](O)[C@@H]1OC,success,244,225,293.07,
3275,COC[C@H]1O[C@@H](n2cnc3c(=O)[nH]c(N)nc32)[C@H](N)[C@@H]1O,success,292,273,258.98,
3276,COC[C@@H]1C[C@@H](O)[C@H](n2cnc3c(=O)[nH]c(N)nc32)O1,success,231,212,207.49,
3277,C[C@@]1(n2cnc3c(=O)[nH]c(N)nc32)O[C@H](CO)C[C@H]1O,success,305,286,355.51,
3278,COC[C@H]1O[C@@H](n2cnc3c(=O)[nH]c(N)nc32)[C@H](OC)[C@@H]1O,success,244,225,218.54,
3279,NP(=O)(O)O.O=c1[nH]cnc2c1ncn2[C@@H]1O[C@H](CO)[C@@H](O)[C@H]1O,success,78,62,89.72,
3280,O=c1[nH]nnc2c1ncn2[C@H]1CC(O)[C@@H](CO)O1,success,215,196,187.78,
3281,O=c1[nH]cnc2c1ncn2[C@@H]1O[C@H](C[Se])[C@@H](O)[C@H]1O,success,42,26,24.77,
3282,O=c1[nH]cnc2c1ncn2[C@@H]1O[C@H](CO)[C@@H](O)[C@H]1[Se],success,42,26,28.14,
3283,Nc1nc2c(ncn2C2C[C@H](O)[C@@H](CO)O2)c(=O)[nH]1.O,success,42,26,34.3,
3284,O=c1[nH]cnc2c1ncn2[C@@H]1O[C@H](CI)C(O)C1O,success,133,114,154.02,
3285,Nc1nc2c(ncn2[C@@H]2O[C@H](COP(=O)(O)OP(=O)(O)OP(=O)(O)O)[C@@H](O)[C@H]2OP(=O)(O)O)c(=O)[nH]1,success,42,26,43.77,
3286,Nc1nc2c(ncn2[C@@H]2O[C@H](COP(=O)(O)OP(=O)(O)OP(=O)(O)O)C(O)C2OP(=O)(O)O)c(=O)[nH]1,success,42,26,39.27,
3287,Nc1nc2c(ncn2[C@@H]2O[C@H](COP(=O)(O)OP(=O)(O)OP(=O)(O)O)[C@@H](OP(=O)(O)O)[C@H]2O)c(=O)[nH]1,success,42,26,39.1,
3288,Nc1nc2c(ncn2[C@@H]2O[C@H](COP(=O)(O)OP(=O)(O)OP(=O)(O)O)C(OP(=O)(O)O)C2O)c(=O)[nH]1,success,42,26,47.79,
3289,O=c1[nH]c(S(=O)(=O)O)nc2c1ncn2[C@@H]1O[C@H](CO)[C@@H](O)[C@H]1O,success,88,70,91.2,
3290,O=c1[nH]c(S(=O)(=O)O)nc2c1ncn2[C@@H]1O[C@H](CO)C(O)C1O,success,90,72,90.09,
3291,[N-]=[N+]=NOC[C@H]1O[C@@H](n2cnc3c(=O)[nH]c(N)nc32)C[C@@H]1O,success,73,57,78.68,
3292,C#COC[C@H]1O[C@@H](n2cnc3c(=O)[nH]c(N)nc32)C[C@@H]1O,success,219,200,208.59,
3293,Nc1nc2c(ncn2[C@]2(N=O)O[C@H](CO)[C@@H](O)[C@H]2O)c(=O)[nH]1,success,269,250,268.9,
3294,O=C(O)NC[C@H]1O[C@@H](n2cnc3c(=O)[nH]cnc32)C[C@H]1O,success,458,439,489.66,
3295,CN(C(=O)O)[C@@H]1O[C@@H](n2cnc3c(=O)[nH]cnc32)C[C@H]1O,success,416,397,426.68,
3296,Nc1nc2c(ncn2[C@@H]2O[C@H](CO)[C@@H](O)[C@H]2O)c(=O)[nH]1.OCC(O)CO,success,42,26,30.08,
3297,CSO[C@@H]1[C@H](O)[C@@H](CO)O[C@@]1(C)n1cnc2c(=O)[nH]c(N)nc21,failed,273,254,250.55,min() arg is an empty sequence
3298,O=c1[nH]cnc2c1ncn2[C@]1(C2O[C@H](CO)[C@H](O)[C@H]2O)O[C@H](CO)[C@@H](O)[C@H]1O,failed,48,32,42.56,min() arg is an empty sequence
3299,CCCCCNc1nc2c(=O)[nH]c(N)nc2n1[C@H]1C[C@H](O)[C@@H](CO)O1,success,1132,1112,1126.34,
3300,CC#Cc1nc2c(=O)[nH]c(N)nc2n1[C@@H]1O[C@H](CO)[C@@H](O)[C@H]1O,success,676,655,564.33,
3301,Nc1nc2c(ncn2[C@@H]2O[C@H](COP(=O)([O-])[O-])C(O)C2O)c(=O)[nH]1.[Na+].[Na+],success,42,26,38.01,
3302,O=P(O)(O)O.O=c1[nH]cnc2c1ncn2[C@H]1CC[C@@H](CO)O1,success,42,26,31.01,
3303,CO[C@H]1C[C@H](n2cnc3c(=O)[nH]c(N)nc32)O[C@@H]1CO,success,261,242,219.95,
3304,COC1C[C@H](n2cnc3c(=O)[nH]c(N)nc32)O[C@@H]1CO,success,276,257,302.6,
3305,COC[C@H]1O[C@@H](n2cnc3c(=O)[nH]cnc32)C(O)C1O,success,246,227,226.99,
3306,CN/C=C(\O)[C@H]1O[C@@H](n2cnc3c(=O)[nH]c(N)nc32)[C@H](O)[C@@H]1O,success,393,374,349.54,
3307,CC[C@H]1O[C@@H](n2cnc3c(=O)[nH]c(N)nc32)[C@@H](O)[C@@H]1O,success,694,673,514.3,
3308,N#CC1[C@H](n2cnc3c(=O)[nH]c(N)nc32)O[C@H](CO)[C@H]1O,success,277,258,313.25,
3309,Cl.NC[C@H]1O[C@@H](n2cnc3c(=O)[nH]cnc32)C[C@@H]1O,success,42,26,40.27,
3310,[2H]c1nc2c(=O)[nH]c(N)nc2n1[C@H]1C[C@H](O)[C@@H](CO)O1,success,260,241,289.93,
3311,O=C(O)CCNc1nc2c(ncn2[C@@H]2O[C@H](COP(=O)(O)O)[C@@H](O)[C@H]2O)c(=O)[nH]1,success,268,249,218.75,
3312,CC(C)COC[C@H]1O[C@@H](n2cnc3c(=O)[nH]c(N)nc32)[C@H](O)[C@@H]1O,success,1037,1018,953.38,
3313,Nc1nc2c(ncn2[C@@H]2O[C@H](COP(=O)(O)OP(=O)(O)O)C[C@H]2O)c(=O)[nH]1,success,71,55,64.63,
3314,Nc1nc2c(ncn2[C@@H]2O[C@H](CO)[C@@H](O)[C@H]2O)c(=O)[nH]1.OP(O)(O)=S,success,54,38,45.51,
3315,CO[C@@]1(O)[C@H](O)[C@@H](CO)O[C@H]1n1cnc2c(=O)[nH]c(N)nc21,success,375,356,317.52,
3316,COOC1C(O)[C@@H](CO)O[C@H]1n1cnc2c(=O)[nH]c(N)nc21,success,284,265,276.16,
3317,CNC1O[C@H]2[C@H](n3cnc4c(=O)[nH]c(NC(C)=O)nc43)O[C@]1(CO)[C@H]2O,success,1668,1645,2206.35,
3318,O=c1[nH]cnc2c1ncn2[C@@H]1O[C@H](COP(=O)(O)OP(=O)(O)OP(=O)(O)OP(=O)(O)OP(=O)(O)OP(=O)(O)O)C(O)C1O,success,42,26,73.95,
3319,Nc1nc2c(ncn2[C@@H]2O[C@H](CO[P+](=O)OP(=O)(O)OP(=O)(O)O)C(O)C2O)c(=O)[nH]1,success,80,64,114.87,
3320,Nc1ccn([C@@H]2O[C@H](CO)[C@@H](O)[C@H]2O)c(=O)n1.O=c1[nH]cnc2c1ncn2[C@@H]1O[C@H](CO)[C@@H](O)[C@H]1O,success,42,26,31.83,
3321,Nc1nc2c(ncn2[C@@H]2O[C@H]([CH-][O-])[C@@H](O)[C@H]2O)c(=O)[nH]1.[Na+].[Na+],success,42,26,26.08,
3322,O=C(O)CCCCCCC(=O)O.O=c1[nH]cnc2c1ncn2[C@@H]1O[C@H](CO)[C@@H](O)[C@H]1O,success,42,26,43.12,
3323,O=C(O)CCCCC(=O)O.O=c1[nH]cnc2c1ncn2[C@@H]1O[C@H](CO)[C@@H](O)[C@H]1O,success,42,26,64.48,
3324,NC[C@H]1O[C@@H](n2cnc3c(=O)[nH]c(N)nc32)C[C@@H]1O.O=P(O)(O)O,success,42,26,32.25,
3325,NC[C@H]1O[C@@H](n2cnc3c(=O)[nH]c(N)nc32)[C@H](O)[C@@H]1O.O=P(O)(O)O,success,42,26,32.2,
3326,NC[C@H]1O[C@@H](n2cnc3c(=O)[nH]c(N)nc32)[C@H](O)[C@@H]1OP(=O)(O)O,success,146,127,166.58,
3327,NC[C@H]1O[C@@H](n2cnc3c(=O)[nH]c(N)nc32)C(O)C1OP(=O)(O)O,success,147,128,168.02,
3328,COC1C(O)[C@H](n2cnc3c(=O)[nH]c(N)nc32)O[C@@H]1COP(=O)(O)OP(=O)(O)OP(=O)(O)O,success,59,41,57.48,
3329,O=P([O-])(O)O.O=c1[nH]cnc2c1ncn2[C@@H]1O[C@H](CO)[C@@H](O)[C@H]1O.[Na+],success,42,26,32.83,
3330,CNc1nc2c(ncn2[C@@H]2O[C@H](CO)[C@@H](O)[C@H]2OC)c(=O)[nH]1,success,336,317,329.76,
3331,O=c1[nH]nnc2c1ncn2[C@@H]1C[C@H](O)[C@@H](CO)O1,success,214,195,186.18,
3332,Nc1nc2c(ncn2[C@@H]2O[C@H](CO)[C@@H](O)[C@H]2O)c(=O)[nH]1.O=C(O)CCC(=O)O,success,129,112,139.45,
3333,Nc1nc2c(ncn2[C@@H]2O[C@H](COC(=O)CCC(=O)O)[C@@H](O)[C@H]2O)c(=O)[nH]1,success,3190,3167,25607.22,
3334,Nc1nc2c(ncn2[C@@H]2O[C@H](CO)C(OP(=O)(OP(=O)(O)OP(=O)(O)O)OP(=O)(O)OP(=O)(O)O)C2O)c(=O)[nH]1,success,42,26,41.39,
3335,NC[C@@]1(O)[C@@H](CO)O[C@@H](n2cnc3c(=O)[nH]c(N)nc32)[C@@H]1O,success,425,406,357.65,
3336,Nc1nc2c(ncn2[C@@H]2O[C@H](COP(=O)(O)O)[C@@H](O)[C@H]2O)c(=O)[nH]1.[Na],success,42,26,35.06,
3337,Nc1nc2c(ncn2[C@@H]2O[C@H](COP(=O)(O)O)[C@@H](O)[C@H]2OP(=O)(O)O)c(=O)[nH]1,success,64,48,67.85,
3338,CNC(=O)CCO[C@@H]1[C@H](O)[C@@H](CO)O[C@H]1n1cnc2c(=O)[nH]c(N)nc21,success,2077,2057,2814.74,
3339,CNC(=O)CCOC1C(O)[C@@H](CO)O[C@H]1n1cnc2c(=O)[nH]c(N)nc21,success,2180,2160,2878.48,
3340,COC(=O)CCO[C@@H]1[C@H](O)[C@@H](CO)O[C@H]1n1cnc2c(=O)[nH]c(N)nc21,success,1873,1853,2200.35,
3341,COC(=O)CCOC1C(O)[C@@H](CO)O[C@H]1n1cnc2c(=O)[nH]c(N)nc21,success,1973,1953,2183.16,
3342,CN(C)C(=O)CCO[C@@H]1[C@H](O)[C@@H](CO)O[C@H]1n1cnc2c(=O)[nH]c(N)nc21,success,1481,1461,2160.88,
3343,CN(C)C(=O)CCOC1C(O)[C@@H](CO)O[C@H]1n1cnc2c(=O)[nH]c(N)nc21,success,1574,1554,2249.86,
3344,Nc1nc2c(ncn2C2C[C@H](O)[C@@H](CO)O2)c(=O)[nH]1.O=P(O)(O)OP(=O)(O)O,success,42,26,33.26,
3345,Cc1nc2c(=O)[nH]c(N)nc2n1[C@@H]1O[C@](C)(CO)[C@@H](O)[C@H]1O,success,359,340,376.24,
3346,NC(=O)Nc1nc2c(ncn2[C@H]2CC(O)[C@@H](CO)O2)c(=O)[nH]1,success,627,608,536.32,
3347,NC(=O)Nc1nc2c(ncn2[C@H]2C[C@H](O)[C@@H](CO)O2)c(=O)[nH]1,success,626,607,578.21,
3348,CNC(=S)Nc1nc2c(ncn2[C@H]2CC(O)[C@@H](CO)O2)c(=O)[nH]1,success,353,334,332.45,
3349,CNC(=S)Nc1nc2c(ncn2[C@H]2C[C@H](O)[C@@H](CO)O2)c(=O)[nH]1,success,351,332,462.88,
3350,Nc1ccnc(=O)[nH]1.Nc1nc2c(ncn2[C@@H]2O[C@H](CO)[C@@H](O)[C@H]2O)c(=O)[nH]1,success,42,26,45.53,
3351,Nc1nc2c(ncn2[C@@H]2O[C@H](C(O)N(CC(=O)O)CC(=O)O)[C@@H](O)[C@H]2O)c(=O)[nH]1,success,986,969,617.82,
3352,Nc1nc2c(ncn2[C@@H]2O[C@H](C(O)N(CCCC(=O)O)CCCC(=O)O)[C@@H](O)[C@H]2O)c(=O)[nH]1,success,351,331,174.1,
3353,Nc1nc2c(ncn2[C@H]2C[C@H](O)[C@@H](C(O)N(CC(=O)O)CC(=O)O)O2)c(=O)[nH]1,success,2361,2343,3559.7,
3354,Nc1nc2c(ncn2[C@H]2C[C@H](O)[C@@H](C(O)N(CCCC(=O)O)CCCC(=O)O)O2)c(=O)[nH]1,success,347,327,161.04,
3355,Nc1nc2c(ncn2[C@@H]2O[C@H](C(O)N(CCC(=O)O)CCC(=O)O)[C@@H](O)[C@H]2O)c(=O)[nH]1,success,500,481,253.22,
3356,Nc1nc2c(ncn2[C@H]2C[C@H](O)[C@@H](C(O)N(CCC(=O)O)CCC(=O)O)O2)c(=O)[nH]1,success,501,482,246.01,
3357,NP(O)O.Nc1nc2c(ncn2C2C[C@H](O)[C@@H](CO)O2)c(=O)[nH]1,success,59,43,69.39,
3358,COC1C(OP(=O)(O)O)[C@@H](CO)O[C@H]1n1cnc2c(=O)[nH]c(N)nc21,success,133,115,165.3,
3359,Nc1nc2c(ncn2[C@H]2CC(O)[C@@H](COP(=O)(O)OP(=O)(O)O)O2)c(=O)[nH]1,success,70,54,60.65,
3360,COC(C)[C@@]1(n2cnc3c(=O)[nH]cnc32)O[C@H](CO)[C@@H](O)[C@H]1O,failed,929,908,713.82,min() arg is an empty sequence
3361,COCCOC[C@H]1O[C@@H](n2cnc3c(=O)[nH]cnc32)[C@H](O)[C@@H]1O,success,971,952,811.85,
3362,C=CCc1nc2c(ncn2[C@@H]2O[C@H](CO)[C@@H](O)[C@H]2O)c(=O)[nH]1,success,1282,1262,925.22,
3363,C=CCc1nc2c(ncn2[C@@H]2O[C@H](CO)C(O)C2O)c(=O)[nH]1,success,1300,1280,1012.13,
3364,Nc1nc2c(ncn2[C@]2(S)O[C@H](CO)[C@@H](O)[C@H]2O)c(=O)[nH]1,success,319,300,337.57,
3365,NP(O)O.Nc1nc2c(ncn2[C@@H]2O[C@H](CO)[C@@H](O)[C@H]2O)c(=O)[nH]1,success,67,51,56.39,
3366,CC1[C@@H](O)[C@H](n2cnc3c(=O)[nH]c(N)nc32)O[C@@H]1CO,success,333,314,327.82,
3367,CC1C(O)[C@H](n2cnc3c(=O)[nH]c(N)nc32)O[C@@H]1CO,success,335,316,260.89,
3368,NOP(=O)(OC[C@H]1O[C@@H](n2cnc3c(=O)[nH]c(N)nc32)C(O)C1O)OP(=O)(O)OP(=O)(O)O,success,65,48,58.25,
3369,CCCCCCCCCCCCCCCCCCOC1C(O)[C@@H](CO)O[C@H]1n1cnc2c(=O)[nH]c(N)nc21,success,42,26,49.91,
3370,COC[C@H]1O[C@@H](n2cnc3c(=O)[nH]c(N)nc32)[C@H](O)[C@@H]1N,success,292,273,250.86,
3371,[N-]=[N+]=NOC[C@@H]1C[C@@H](O)[C@H](n2cnc3c(=O)[nH]c(N)nc32)O1,success,73,57,50.93,
3372,NP(O)O.Nc1nc2c(ncn2[C@@H]2O[C@H](CO)[C@@H](O)C2N)c(=O)[nH]1,success,42,26,41.26,
3373,CCCNCCNCCNCCNCCC[C@@]1(n2cnc3c(=O)[nH]c(N)nc32)O[C@H](CO)[C@@H](O)[C@H]1O,success,633,615,208.89,
3374,O=c1[nH]cnc2ncn(C3O[C@@H](CO)[C@H](O)[C@@H]3O)c12,failed,279,260,246.64,min() arg is an empty sequence
3375,CCCCCNc1nc2c(ncn2[C@@H]2O[C@H](CO)[C@@H](O)[C@H]2O)c(=O)[nH]1,success,907,887,977.88,
3376,CCCCCNc1nc2c(ncn2[C@@H]2O[C@H](CO)C(O)C2O)c(=O)[nH]1,success,917,897,926.99,
3377,CCCCCc1nc2c(=O)[nH]c(N)nc2n1[C@H]1C[C@H](O)[C@@H](CO)O1,success,1160,1140,845.38,
3378,CCCCCc1nc2c(=O)[nH]c(N)nc2n1[C@H]1CC(O)[C@@H](CO)O1,success,1171,1151,916.37,
3379,O=c1c2ncn([C@@H]3C[C@H](O)[C@@H](CO)O3)c2nc2n1C(O)C(O)N2,success,429,410,369.13,
3380,O=c1c2ncn([C@@H]3OC(CO)[C@@H](O)[C@H]3O)c2nc2n1C(O)C(O)N2,success,478,459,308.53,
3381,Nc1nc2c(ncn2[C@H]2C[C@H](O)[C@@H](CO)O2)c(=O)[nH]1.O=CC=O,success,218,201,104.6,
3382,NCCCCCCNc1nc2c(ncn2[C@@H]2O[C@H](CO)C(O)[C@@H]2O)c(=O)[nH]1,success,192,174,74.32,
3383,O=c1[nH]c(S(=O)(=O)O)nc2c1ncn2[C@@H]1O[C@H](CO)C(O)[C@@H]1O,success,89,71,113.51,
3384,CO[C@H]1[C@H](O)[C@@H](CO)O[C@H]1n1cnc2c(=O)[nH]c(N)nc21,success,316,297,277.98,
3385,Nc1nc2c(ncn2[C@@H]2O[C@H](CO)[C@@H](O)[C@H]2O)c(=O)[nH]1.[Na],success,42,26,41.58,
3386,Nc1nc2c(ncn2[C@@H]2O[C@H](COS(=O)(=O)O)[C@H](O)[C@@H]2O)c(=O)[nH]1,success,85,67,81.42,
3387,Nc1nc2c(ncn2[C@@H]2O[C@H](COS(=O)(=O)[O-])[C@@H](O)[C@@H]2O)c(=O)[nH]1.[H+],success,111,93,122.23,
3388,Nc1nc2c(ncn2[C@@H]2O[C@H](COS(=O)(=O)O)[C@@H](O)[C@H]2OS(=O)(=O)O)c(=O)[nH]1,success,57,41,45.85,
3389,NCc1nc2c(=O)[nH]c(N)nc2n1[C@H]1C[C@H](O)[C@@H](CO)O1,success,361,342,318.17,
3390,Nc1nc2c(ncn2[C@@H]2O[C@H](CO)C(OP(=O)(OP(=O)(O)O)OP(=O)(O)OP(=O)(O)O)C2O)c(=O)[nH]1,success,42,26,37.85,
3391,Nc1nc2c(ncn2[C@H]2CC(O[P+](=O)O)[C@@H](CO)O2)c(=O)[nH]1,success,250,231,332.18,
3392,CP(=O)(O)O.Nc1nc2c(ncn2C2C[C@H](O)[C@@H](CO)O2)c(=O)[nH]1,success,42,26,50.54,
3393,CC[C@@]1(n2cnc3c(=O)[nH]c(N)nc32)O[C@H](CO)[C@@H](O)[C@H]1O,success,1152,1130,800.53,
3394,O=P(O)(O)OP(=O)(O)OP(=O)(O)O.O=c1[nH]cnc2c1ncn2[C@H]1CC[C@@H](CO)O1,success,42,26,33.41,
3395,Nc1nc2c(ncn2[C@@H]2O[C@H](CO)[C@@H](O)[C@H]2O)c(=O)[nH]1.O=P(O)(O)OP(=O)(O)OP(=O)(O)O,success,42,26,56.5,
3396,O=P(O)(O)OP(=O)(O)OP(=O)(O)O.O=c1[nH]cnc2c1ncn2[C@H]1C[C@H](O)[C@@H](CO)O1,success,42,26,34.7,
3397,COOC1C(O)[C@@H](COP(=O)(O)O)O[C@H]1n1cnc2c(=O)[nH]c(N)nc21,success,70,52,86.47,
3398,CN(C)C=Nc1nc2c(ncn2[C@@H]2O[C@H](CO)[C@@H](O)[C@H]2OCCC#N)c(=O)[nH]1,success,168,149,129.85,
3399,N#CCCOC[C@H]1O[C@@H](n2cnc3c(=O)[nH]c(N)nc32)[C@H](O)[C@@H]1O,success,1059,1039,1109.55,
3400,C#CCOC1C(O)[C@@H](CO)O[C@H]1n1cnc2c(=O)[nH]cnc21,success,681,662,604.28,
3401,Nc1nc2c(ncn2[C@@H]2O[C@H](C(O)O)C(O)(O)C2(O)O)c(=O)[nH]1,success,108,90,142.27,
3402,Nc1nc2c(ncn2[C@@H]2O[C@H](CO)[C@@H](O)[C@H]2O)c(=O)[nH]1.[Na].[Na],success,42,26,41.09,
3403,CN(C)OCCOC[C@H]1O[C@@H](n2cnc3c(=O)[nH]c(N)nc32)[C@H](O)[C@@H]1O,success,593,575,567.56,
3404,CN(C)OCC[C@@]1(n2cnc3c(=O)[nH]c(N)nc32)O[C@H](CO)[C@@H](O)[C@H]1O,success,698,680,558.83,
3405,Nc1nc2c(nc(Br)n2[C@@H]2O[C@H](CO)C(O)C2O)c(=O)[nH]1.O.O,success,42,26,41.68,
3406,CC(=O)C(=O)O.O=c1[nH]cnc2c1ncn2[C@@H]1O[C@H](COP(=O)(O)O)[C@@H](O)[C@H]1O,success,205,188,150.94,
3407,Nc1nc2c(ncn2[C@H]2C[C@H](O)[C@@H](CO)O2)c(=O)[nH]1.O=P(O)(O)OP(=O)(O)OP(=O)(O)O,success,42,26,34.91,
3408,Nc1nc2c(ncn2[C@@H]2O[C@]3(CO)CO[C@H]2[C@H]3O)c(=O)[nH]1,success,334,315,283.93,
3409,C[C@@]1(n2cnc3c(=O)[nH]cnc32)O[C@H](COP(=O)(O)O)[C@@H](O)[C@H]1O,success,123,105,227.64,
3410,Nc1nc2c(ncn2[C@@H]2CC(O)[C@H](CO)O2)c(=O)[nH]1,success,288,269,307.59,
3411,Nc1nc2c(ncn2[C@@H]2O[C@H](COP(=O)(O)OP(=O)(O)O)[C@@H](OP(O)(O)=S)[C@H]2O)c(=O)[nH]1,success,55,39,61.12,
3412,COC1C(O)[C@H](CO)O[C@@H]1n1cnc2c(=O)[nH]c(N)nc21,success,336,317,280.78,
3413,Nc1nc2c(nc(Br)n2[C@H]2O[C@@H](CO)C(O)C2O)c(=O)[nH]1,success,340,321,329.35,
3414,Nc1nc2c(nc(I)n2[C@@H]2O[C@H](CO)C(O)C2O)c(=O)[nH]1,success,340,321,356.96,
3415,CC(C)(C)[Si](C)(C)[C@]1(n2cnc3c(=O)[nH]cnc32)C[C@H](O)[C@@H](CO)O1,success,42,26,42.25,
3416,CC(C)(C)[Si](C)(C)OC[C@H]1O[C@@H](n2cnc3c(=O)[nH]cnc32)C[C@@H]1O,success,80,63,53.56,
3417,O=c1[nH]cnc2c1ncn2[C@@H]1O[C@H](COP(=O)([O-])[O-])[C@@H](O)[C@H]1O.[Pb+2],success,42,26,34.52,
3418,Nc1nc2c(ncn2[C@@H]2O[C@H](CO)[C@@H](O)[C@H]2O)c(=O)[nH]1.O=P(O)(O)OP(=O)(O)OF,success,74,58,109.85,
3419,Nc1nc2c(ncn2[C@@H]2O[C@H](COOO)[C@@H](OP(=O)(O)O)[C@H]2O)c(=O)[nH]1,success,80,64,119.03,
3420,Nc1nc2c(ncn2[C@@H]2O[C@H](C(O)OP(=O)(O)O)[C@@H](O)[C@H]2O)c(=O)[nH]1,success,97,81,102.55,
3421,[N-]=[N+]=NC(O)[C@H]1O[C@@H](n2cnc3c(=O)[nH]c(N)nc32)[C@H](O)[C@@H]1O,success,94,78,87.15,
3422,CCCCN(CCCC)CCCC.O=c1[nH]cnc2c1ncn2[C@@H]1O[C@H](COP(=O)(O)O)[C@@H](O)[C@H]1O,success,42,26,57.0,
3423,CCCC[NH+](CCCC)CCCC.CCCC[NH+](CCCC)CCCC.O=c1[nH]cnc2c1ncn2[C@@H]1O[C@H](COP(=O)([O-])[O-])[C@@H](O)[C@H]1O,success,42,26,67.38,
3424,CO[C@@H]1[C@H](O)[C@@H](C)O[C@H]1n1cnc2c(=O)[nH]c(NC(=O)C(C)C)nc21,success,890,868,1140.3,
3425,CCCCCCCCCCCCCCOC[C@H]1O[C@@H](n2cnc3c(=O)[nH]c(N)nc32)[C@H](O)[C@@H]1O,success,295,278,106.57,
3426,[N-]=[N+]=NOC1C(OO)[C@H](n2cnc3c(=O)[nH]c(N)nc32)O[C@@H]1CO,success,42,26,27.16,
3427,COC(C)O[C@@H]1[C@H](O)[C@@H](CO)O[C@H]1n1cnc2c(=O)[nH]c(N)nc21,success,990,969,787.86,
3428,NCCO[C@@H]1[C@H](O)[C@@H](CO)O[C@H]1n1cnc2c(=O)[nH]c(N)nc21,success,1004,985,945.05,
3429,CCCCCOC1C(O)[C@@H](CO)O[C@H]1n1cnc2c(=O)[nH]c(N)nc21,success,1042,1021,894.97,
3430,CCCOC1C(O)[C@@H](CO)O[C@H]1n1cnc2c(=O)[nH]c(N)nc21,success,1580,1557,1494.59,
3431,CCCCO[C@@H]1[C@H](O)[C@@H](CO)O[C@H]1n1cnc2c(=O)[nH]c(N)nc21,success,1460,1439,1235.88,
3432,CCCCOC1C(O)[C@@H](CO)O[C@H]1n1cnc2c(=O)[nH]c(N)nc21,success,1508,1487,1242.36,
3433,Nc1nc2c(ncn2[C@@H]2O[C@H](CO)[C@@H](O)[C@H]2O)c(=O)[nH]1.O=c1[nH]cnc2nc[nH]c12,success,42,26,42.56,
3434,O=c1[nH]cnc2c1[n+]([O-])cn2[C@@H]1O[C@H](CO)[C@@H](O)[C@H]1O,success,243,224,163.2,
3435,COC1O[C@H]2[C@@H](O1)[C@H](n1cnc3c(=O)[nH]cnc31)O[C@@H]2[C@H](C)O,success,931,909,682.23,
3436,N=P(O)(OP(=O)(O)O)OP(=O)(O)OC[C@H]1O[C@@H](n2cnc3c(=O)[nH]c(N)nc32)[C@H](O)[C@@H]1O,success,85,69,130.45,
3437,Nc1nc2c(ncn2C2C[C@H](O)[C@@H](CO)O2)c(=O)[nH]1.O=CC=O,success,218,201,125.63,
3438,Nc1ccnc(=O)[nH]1.O=c1[nH]cnc2c1ncn2[C@H]1C[C@H](O)[C@@H](CO)O1,success,42,26,44.53,
3439,O=c1[nH]cnc2c1ncn2[C@@H]1O[C@H](COP(=O)(O)OP(=O)(O)OP(=O)(O)OP(=O)(O)O)C(O)C1O,success,42,26,38.85,
3440,CCCC(=O)OP(=O)(O)C(O)[C@H]1O[C@@H](n2cnc3c(=O)[nH]cnc32)[C@H](O)[C@@H]1O,success,403,383,288.29,
3441,O=C(O)CCNc1nc2c(ncn2[C@@H]2O[C@H](CO)C(O)C2O)c(=O)[nH]1,success,3237,3217,4667.45,
3442,O=c1[nH]cnc2c1ncn2[C@@H]1O[C@H](CO)[C@@H](O)[C@H]1O.O=c1[nH]cnc2c1ncn2[C@@H]1O[C@H](CO)[C@@H](O)[C@H]1O,success,42,26,38.29,
3443,Cc1nc2c(=O)[nH]c(NCC(C)C)nc2n1[C@@H]1O[C@H](CO)[C@@H](O)[C@H]1O,success,518,499,523.16,
3444,Cc1nc2c(=O)[nH]c(NCC(C)C)nc2n1[C@@H]1O[C@H](CO)C(O)C1O,success,524,505,595.75,
3445,N.Nc1nc2c(ncn2[C@@H]2O[C@H](CO)[C@@H](O)[C@H]2O)c(=O)[nH]1,success,60,44,37.01,
3446,Nc1nc2c(ncn2[C@@H]2O[C@H](COP(=O)(O)O)[C@@H](OP(=O)(O)CP(=O)(O)O)[C@H]2O)c(=O)[nH]1,success,58,42,90.3,
3447,C[C@@H](O)[C@@H]1CC[C@H](n2cnc3c(=O)[nH]c(N)nc32)O1,success,669,647,512.08,
3448,[2H]C[C@H]1O[C@@H](n2cnc3c(=O)[nH]c(NC(C)=O)nc32)[C@@H](O)C1O,success,1263,1240,1459.68,
3449,C[C@H]1C(O)[C@@H](CO)O[C@H]1n1cnc2c(=O)[nH]c(N)nc21,success,334,315,323.04,
3450,C[C@@]1(n2cnc3c(=O)[nH]cnc32)O[C@H](C(O)P(=O)(O)O)[C@@H](O)[C@H]1O,success,95,77,125.34,
3451,O.O=c1[nH]cnc2c1ncn2[C@@H]1O[C@H](COP(=O)(O)O)[C@@H](O)[C@H]1O,success,42,26,44.06,
3452,CCCCCCCCCOC1C(O)[C@@H](CO)O[C@H]1n1cnc2c(=O)[nH]c(N)nc21,success,398,381,155.64,
3453,CCCCCOC1C(O)[C@@H](CO)O[C@H]1n1cnc2c(=O)[nH]c(NC(=O)C(C)C)nc21,success,424,402,185.46,
3454,CCCOC1C(O)[C@@H](CO)O[C@H]1n1cnc2c(=O)[nH]c(NC(=O)C(C)C)nc21,success,424,402,218.72,
3455,CNN(NC)c1nc2c(ncn2[C@@H]2O[C@H](CO)[C@@H](O)[C@H]2O)c(=O)[nH]1,success,42,26,26.6,
3456,CN(C)OC[C@H]1O[C@@H](n2cnc3c(=O)[nH]c(N)nc32)[C@H](O)[C@@H]1O,success,281,262,290.41,
3457,CN(C)c1nc2c(ncn2[C@]2(N)O[C@H](CO)[C@@H](O)[C@H]2O)c(=O)[nH]1,success,342,323,348.58,
3458,CN(C)[C@@]1(n2cnc3c(=O)[nH]c(N)nc32)O[C@H](CO)[C@@H](O)[C@H]1O,success,342,323,355.18,
3459,Nc1nc2c(ncn2[C@@H]2O[C@H](CO)[C@H](I)[C@H]2O)c(=O)[nH]1,success,288,269,293.93,
3460,CO[C@]1(CO)O[C@@H](n2cnc3c(=O)[nH]cnc32)[C@H](C)[C@@H]1O,success,503,484,431.3,
3461,C#C[C@]1(CO)O[C@@H](n2cnc3c(=O)[nH]cnc32)[C@H](C)[C@@H]1O,success,337,318,301.33,
3462,C#C[C@H]1[C@H](n2cnc3c(=O)[nH]cnc32)O[C@](C#C)(CO)[C@H]1O,success,210,192,188.92,
3463,Nc1nc2c(ncn2[C@@H]2O[C@@H](CO)CC2O)c(=O)[nH]1,success,289,270,267.35,
3464,CS[C@@H]1[C@H](O)[C@@H](CO)O[C@H]1n1cnc2c(=O)[nH]cnc21,success,312,293,259.21,
3465,COC[C@H]1O[C@@H](n2cnc3c(=O)[nH]c(N)nc32)[C@H](O)[C@@H]1OP(N)O,success,242,223,232.48,
3466,Nc1nc2c(ncn2[C@@H]2O[C@H](CON=C=O)[C@@H](O)[C@H]2O)c(=O)[nH]1,success,391,372,325.59,
3467,Nc1nc2c(ncn2C2C[C@H](O)[C@@H](CO)O2)c(=O)[nH]1.OP(O)(O)=S,success,42,26,38.79,
3468,Nc1nc2c(ncn2[C@H]2C[C@H](O)[C@@H](CO)O2)c(=O)[nH]1.OP(O)(O)=S,success,42,26,51.11,
3469,Nc1nc2c(ncn2[C@H]2CC(O)[C@@H](CO)O2)c(=O)[nH]1.O,success,42,26,39.8,
3470,Nc1nc2c(ncn2[C@@H]2O[C@H](COP(=O)(OP(=O)(O)O)OP(=O)(O)OP(=O)(O)O)C(O)C2O)c(=O)[nH]1,success,42,26,39.37,
3471,O=CC[C@H](O)[C@H](O)CO.O=c1[nH]cnc2c1ncn2[C@@H]1O[C@H](CO)[C@@H](O)[C@H]1O,success,42,26,36.77,
3472,CC(=O)Nc1nc2c(ncn2[C@@H]2O[C@H](CO)CC2O)c(=O)[nH]1,success,1702,1679,2139.09,
3473,C#C[C@]1(CO)O[C@@H](n2cnc3c(=O)[nH]c(N)nc32)[C@@H](O)[C@@H]1O,success,363,344,380.63,
3474,C#C[C@]1(CO)O[C@@H](n2cnc3c(=O)[nH]cnc32)[C@@H](O)[C@@H]1O,success,304,285,318.82,
3475,Nc1ccnc(=O)[nH]1.O=c1[nH]cnc2c1ncn2[C@@H]1O[C@H](CO)[C@@H](O)[C@H]1O,success,42,26,45.83,
3476,COC(C)O[C@@]1(O)[C@H](O)[C@@H](CO)O[C@H]1n1cnc2c(=O)[nH]c(N)nc21,success,892,871,725.8,
3477,COCCOOC[C@H]1O[C@@H](n2cnc3c(=O)[nH]c(N)nc32)[C@H](O)[C@@H]1O,success,781,762,873.95,
3478,CCCCCCC(C)N.Nc1nc2c(ncn2[C@@H]2O[C@H](CO)[C@@H](O)[C@H]2O)c(=O)[nH]1,success,42,26,42.98,
3479,CCC(N)CC.Nc1nc2c(ncn2[C@@H]2O[C@H](CO)[C@@H](O)[C@H]2O)c(=O)[nH]1,success,108,92,87.33,
3480,CCCCC(CC)CN.Nc1nc2c(ncn2[C@@H]2O[C@H](CO)[C@@H](O)[C@H]2O)c(=O)[nH]1,success,42,26,46.87,
3481,NCCNP(=O)(O)O[P+](=O)OP(=O)(O)OCC1OC(n2cnc3c(=O)[nH]c(N)nc32)C(O)C1O,success,184,168,183.74,
3482,COC[C@H]1O[C@@H](n2cnc3c(=O)[nH]c(N)nc32)[C@H](O)[C@@H]1O.Cl.Cl,success,42,26,35.85,
3483,C[C@@]1(n2cnc3c(=O)[nH]c(N)nc32)O[C@H](CO)[C@@H](O)[C@H]1O.Cl.Cl,success,42,26,41.84,
3484,CCCNOC1C(O)[C@@H](CO)O[C@H]1n1cnc2c(=O)[nH]c(N)nc21,success,1595,1572,1764.96,
3485,C[C@]1(CO)O[C@@H](n2cnc3c(=O)[nH]cnc32)C[C@@H]1O,success,321,302,230.95,
3486,O=c1[nH]cnc2c1ncn2[C@H]1CCC(C=NO)(CO)O1,success,178,159,186.79,
3487,Nc1nc2c(ncn2[C@H]2CC3OC[C@]3(CO)O2)c(=O)[nH]1,failed,217,198,201.61,min() arg is an empty sequence
3488,Nc1nc2c(ncn2C2OC(CI)C(O)C2O)c(=O)[nH]1,success,184,165,198.44,
3489,CC(=O)NCC1OC(n2cnc3c(=O)[nH]c(N)nc32)C(O)C1O,success,1375,1352,1638.31,
3490,NCCO.Nc1nc2c(ncn2[C@@H]2O[C@H](COP(=O)(O)O)[C@@H](O)[C@H]2O)c(=O)[nH]1,success,150,133,142.1,
3491,O=c1[nH]cnc2c1ncn2[C@@]1(CO)OCC[C@@H]1O,success,270,251,207.73,
3492,N.O=c1[nH]cnc2c1ncn2[C@@H]1O[C@H](CO)[C@@H](O)[C@H]1O,success,59,43,43.94,
3493,CC(=O)OC1C(OC(C)=O)[C@@H](CO)O[C@H]1n1cnc2c(=O)[nH]cnc21,success,2504,2481,3699.55,
3494,CC(=O)OC1C(OC(C)=O)[C@@H](CO)O[C@H]1n1cnc2c(=O)[nH]c(N)nc21,success,2388,2365,3540.45,
3495,Nc1nc2c(ncn2[C@@H]2O[C@H](CO)C(O)(O)C2(O)O)c(=O)[nH]1,success,260,241,277.49,
3496,O=c1[nH]cnc2c1ncn2C1CC2OC[C@](CO)(O1)[C@H]2O,success,319,300,296.42,
3497,O=c1[nH]cnc2c1ncn2[C@H]1CC2OC[C@](CO)(O1)[C@H]2O,success,319,300,285.8,
3498,CC[C@H]1O[C@@H](n2cnc3c(=O)[nH]c(NCC(C)C)nc32)C(O)[C@H]1O,success,795,776,827.13,
3499,CC(=O)OC[C@H]1O[C@@H](n2cnc3c(=O)[nH]c(N)nc32)CC1O,success,1237,1214,1187.47,
3500,CCCCCOC[C@H]1O[C@@H](n2cnc3c(=O)[nH]c(N)nc32)[C@H](OCCCCC)[C@@H]1OCCCCC,success,42,26,33.4,
3501,O=c1[nH]cnc2c1ncn2[C@]1(P(=O)(O)O)O[C@H](CO)[C@@H](O)[C@H]1O,success,106,88,129.0,
3502,Nc1nc2c(ncn2[C@@H]2O[C@H](COP(=O)(O)O)C(N)C2O)c(=O)[nH]1,success,229,210,318.44,
3503,[N-]=[N+]=NC1C(O)[C@H](n2cnc3c(=O)[nH]c(N)nc32)O[C@@H]1COP(=O)(O)O,success,42,26,32.46,
3504,COC1C(O)[C@H](n2cnc3c(=O)[nH]c(N)nc32)O[C@@H]1COP(=O)(O)O,success,147,129,244.56,
3505,COC1C(O)[C@@H](CO[P+](=O)O)O[C@H]1[n+]1cn(C)c2c(=O)[nH]c(N)nc21,success,277,258,363.36,
3506,CCCOCCOCCOCCCNc1nc2c(=O)[nH]c(N)nc2n1[C@H]1CC(O)[C@@H](CO)O1,success,827,807,294.2,
3507,O=c1[nH]c(=O)n(C2C[C@H](O)[C@@H](CO)O2)cc1I.O=c1[nH]cnc2c1ncn2[C@@H]1O[C@H](CO)[C@@H](O)[C@H]1O,success,42,26,31.2,
3508,O=c1[nH]c(=O)n([C@H]2C[C@H](O)[C@@H](CO)O2)cc1I.O=c1[nH]cnc2c1ncn2[C@@H]1O[C@H](CO)[C@@H](O)[C@H]1O,success,42,26,45.97,
3509,Nc1nc2c(ncn2[C@@]2(O)[C@@H](O)CO[C@@H]2CO)c(=O)[nH]1,success,319,300,297.17,
3510,C=CCOc1nc2c(=O)[nH]c(N)nc2n1[C@H]1O[C@@H](CO)C(O)C1O,success,1004,984,869.56,
3511,Nc1nc2c(ncn2[C@@H]2O[C@H](CO)[C@@H](O)[C@H]2O)c(=O)[nH]1.Nc1nc2nc[nH]c2c(=O)[nH]1,success,42,26,43.6,
3512,O=S(=O)(O)O.O=c1[nH]cnc2c1ncn2[C@@H]1O[C@H](CO)[C@@H](O)[C@H]1O,success,42,26,35.36,
3513,O=S(=O)(O)O.O=c1[nH]cnc2c1ncn2[C@@H]1O[C@H](CO)C(O)C1O,success,42,26,30.51,
3514,C[C@]1(O)C(n2cnc3c(=O)[nH]c(N)nc32)O[C@H](CO)[C@H]1O,success,366,347,347.35,
3515,O=C[C@H](O)[C@H](O)[C@H](O)CO.O=c1[nH]cnc2c1ncn2[C@@H]1O[C@H](CO)[C@@H](O)[C@H]1O,success,42,26,37.46,
3516,Nc1nc2c(ncn2C2(O)CC[C@@H](CO)O2)c(=O)[nH]1,success,265,246,220.6,
3517,O=c1[nH]cnc2c1ncn2C1(O)CC[C@@H](CO)O1,success,217,198,269.71,
3518,NC(=O)C(O)[C@H]1O[C@@H](n2cnc3c(=O)[nH]cnc32)[C@H](O)[C@@H]1O,success,2094,2075,2427.07,
3519,NC(=O)C(O)[C@H]1O[C@@H](n2cnc3c(=O)[nH]cnc32)C(O)C1O,success,2204,2185,2686.98,
3520,CC1(O)[C@H](O)[C@@H](CO)O[C@H]1n1cnc2c(=O)[nH]c(N)nc21,success,366,347,325.21,
3521,CC1(C)OC[C@H]2O[C@@H](n3cnc4c(=O)[nH]c(N)nc43)[C@H](O)[C@@H]2O1,success,91,72,96.95,
3522,Nc1nc2c(ncn2[C@@H]2O[C@H](C(O)I)[C@@H](O)[C@H]2O)c(=O)[nH]1,success,332,313,274.89,
3523,Nc1nc2c(ncn2[C@@H]2O[C@H](COI)C(O)C2O)c(=O)[nH]1,success,267,248,263.43,
3524,CC(C)=Nc1nc2c(ncn2[C@@H]2O[C@H](CI)[C@@H](O)[C@H]2O)c(=O)[nH]1,success,490,471,352.46,
3525,N.O=c1[nH]c(Br)nc2c1ncn2[C@@H]1O[C@H](CO)[C@@H](O)[C@H]1O,success,59,43,36.09,
3526,O=c1[nH]c(Br)nc2c1ncn2[C@@H]1O[C@H](CO)[C@@H](O)[C@H]1O,success,282,263,345.23,
3527,NOC[C@H]1O[C@@H](n2cnc3c(=O)[nH]c(Br)nc32)[C@H](O)[C@@H]1O,success,217,197,198.03,
3528,Nc1nc2c(ncn2COC(CO)CO)c(=O)[nH]1.O=c1[nH]cnc2c1ncn2[C@H]1CC[C@@H](CO)O1,success,42,26,48.3,
3529,Nc1nc2c(ncn2C2C[C@H](O)[C@@H](CO)O2)c(=O)[nH]1.O=[P+](O)O,success,42,26,47.34,
3530,CCCCCCCCCCCCNc1nc2c(ncn2C2C[C@H](O)[C@@H](CO)O2)c(=O)[nH]1,success,211,195,74.99,
3531,CCCNc1nc2c(ncn2C2C[C@H](O)[C@@H](CO)O2)c(=O)[nH]1,success,1900,1877,1880.46,
3532,Nc1nc2c(ncn2[C@H]2O[C@@H](CO)CC2O)c(=O)[nH]1,success,289,270,234.89,
3533,CCCCCNc1nc2c(ncn2[C@@H]2O[C@H](CO)[C@@H](O)[C@H]2OC)c(=O)[nH]1,success,189,168,129.42,
3534,CCCCCNc1nc2c(ncn2[C@@H]2O[C@H](CO)C(O)C2OC)c(=O)[nH]1,success,235,214,130.27,
3535,COP(=O)(O)OP(=O)(O)OP(=O)(O)OC[C@H]1O[C@@H](n2cnc3c(=O)[nH]c(N)nc32)C(O)C1O,success,72,54,117.89,
3536,Nc1nc2c(=O)[nH]cnc2n1[C@@H]1O[C@H](CO)C(O)C1O,success,363,344,345.16,
3537,NC1C(O)[C@@H](CO)O[C@H]1n1cnc2c(=O)[nH]c(Cl)nc21,success,290,271,254.54,
3538,CC[C@@]1(n2cnc3c(=O)[nH]c(N)nc32)O[C@H](CO)[C@@H](O)[C@H]1OOC,success,999,977,831.65,
3539,COC1[C@H](COP(=O)(O)O)O[C@H](n2cnc3c(=O)[nH]c(N)nc32)[C@@H]1O,success,146,128,219.1,
3540,Nc1nc2c(ncn2[C@H]2O[C@@H](COP(=O)(O)O)C(O)C2O)c(=O)[nH]1,success,136,118,201.08,
3541,CC(C)(C)[Si]1(C(C)(C)C)OC[C@H]2OC(n3cnc4c(=O)[nH]cnc43)[C@H](O)[C@@H]2O1,success,42,26,26.34,
3542,COC1C(O)[C@@H](n2cnc3c(=O)[nH]c(N)nc32)O[C@H]1COP(=O)(O)O,success,147,129,203.11,
3543,O=c1[nH]c(I)nc2c1ncn2[C@H]1C[C@H](O)[C@@H](CO)O1,success,213,194,230.39,
3544,O=c1[nH]c(I)nc2c1ncn2[C@H]1CC(O)[C@@H](CO)O1,success,214,195,217.92,
3545,O=c1[nH]c(Br)nc2c1ncn2[C@H]1C[C@H](O)[C@@H](CO)O1,success,213,194,209.34,
3546,O=c1[nH]c(NC2CCCCC2)nc2c1ncn2[C@@H]1O[C@H](CO)C(O)C1O,success,42,26,35.26,
3547,Nc1nc2c(ncn2[C@@H]2O[C@H](C(O)Cl)[C@@H](O)[C@H]2O)c(=O)[nH]1,success,332,313,312.92,
3548,Nc1nc2c(ncn2[C@]2(Cl)O[C@H](CO)[C@@H](O)[C@H]2O)c(=O)[nH]1,success,319,300,356.86,
3549,Nc1nc2c(ncn2[C@]2(I)O[C@H](CO)[C@@H](O)[C@H]2O)c(=O)[nH]1,success,319,300,292.47,
3550,O=c1[nH]cnc2c1ncn2[C@]1(Cl)O[C@H](CO)[C@@H](O)[C@H]1O,success,265,246,357.79,
3551,O=c1[nH]cnc2c1ncn2[C@@H]1O[C@H](C(O)Cl)[C@@H](O)[C@H]1O,failed,271,252,307.06,min() arg is an empty sequence
3552,Cl.Nc1nc2c(ncn2[C@@H]2O[C@H](CO)[C@@H](O)[C@H]2F)c(=O)[nH]1,success,42,26,30.69,
3553,Cl.Nc1nc2c(ncn2[C@@H]2O[C@H](CO)[C@@H](O)[C@@H]2F)c(=O)[nH]1,success,42,26,41.15,
3554,Nc1nc2c(ncn2[C@@H]2O[C@H](CO[P+](=O)OP(=O)(O)O)C(O)C2O)c(=O)[nH]1,success,97,81,82.15,
3555,[2H]C[C@H]1OC(n2cnc3c(=O)[nH]c(NC(=O)C(C)C)nc32)CC1O,success,1374,1353,1745.31,
3556,CC1(O)C(O)[C@H](n2cnc3c(=O)[nH]c(N)nc32)O[C@@H]1CO,success,367,348,368.82,
3557,CC1(C)OC2[C@@H](CO)O[C@@H](n3cnc4c(=O)[nH]cnc43)C2(C)O1,success,150,132,165.35,
3558,N#CCCNP(O)O.Nc1nc2c(ncn2C2C[C@H](O)[C@@H](CO)O2)c(=O)[nH]1,success,80,64,78.53,
3559,Nc1nc2c(ncn2[C@@H]2O[C@H](CO[P@](P=O)[C@@H](O)[C@H](O)[C@H](O)CO)[C@@H](O)[C@H]2O)c(=O)[nH]1,success,364,345,207.82,
3560,Nc1nc2c(ncn2[C@@H]2O[C@H](CO)[C@@H](O)[C@H]2O)c(=O)[nH]1.[O-]/[P+](=P\O)[C@@H](O)[C@H](O)[C@H](O)CO,success,42,26,46.51,
3561,CC1CC(O)n2c(nc3c(ncn3[C@@H]3C[C@H](O)[C@@H](CO)O3)c2=O)N1,success,265,247,253.81,
3562,O=c1[nH]cnc2c1ncn2[C@@H]1CC2OC[C@](CO)(O1)[C@H]2O,success,319,300,270.55,
3563,C#CCOC[C@H]1O[C@@H](n2cnc3c(=O)[nH]c(N)nc32)[C@H](O)[C@@H]1O,success,640,621,694.86,
3564,C#CC[C@@]1(n2cnc3c(=O)[nH]c(N)nc32)O[C@H](CO)[C@@H](O)[C@H]1O,success,946,927,730.67,
3565,Nc1nc2c(nc([Se])n2[C@@H]2O[C@H](CO)[C@@H](O)[C@H]2O)c(=O)[nH]1,success,42,26,35.48,
3566,Nc1nc2c(ncn2[C@@H]2O[C@H](COP(=O)(O)OP(=O)(O)OP(O)(O)=S)C(O)C2O)c(=O)[nH]1,success,85,69,105.5,
3567,N.Nc1nc2c(ncn2C2C[C@H](O)[C@@H](CO)O2)c(=O)[nH]1,success,59,43,35.34,
3568,Nc1nc2c(ncn2[C@@]2(N)C[C@H](O)[C@@H](CO)O2)c(=O)[nH]1,success,322,303,287.98,
3569,Nc1nc2c(ncn2[C@@H]2O[C@H](COC(=O)CCC(=O)OC(CO)CO)[C@@H](O)[C@H]2O)c(=O)[nH]1,success,531,510,486.47,
3570,Nc1nc2c(ncn2[C@@H]2O[C@H](COP(N)(=O)OP(=O)(O)OP(=O)(O)O)[C@@H](O)[C@H]2O)c(=O)[nH]1,success,81,65,117.92,
3571,CC1(O)C(O)[C@@H](CO)O[C@H]1n1cnc2c(=O)[nH]c(N)nc21,success,367,348,362.35,
3572,C[C@]1(O)C(n2cnc3c(=O)[nH]c(N)nc32)OC(CO)[C@H]1O,success,366,347,314.54,
3573,CSCCO[C@@H]1[C@H](O)[C@@H](CO)O[C@H]1n1cnc2c(=O)[nH]c(N)nc21,success,1065,1046,951.42,
3574,CSCCOC1C(O)[C@@H](CO)O[C@H]1n1cnc2c(=O)[nH]c(N)nc21,success,1098,1079,963.71,
3575,COC[C@H]1O[C@@H](n2cnc3c(=O)[nH]c(NC(=O)C(C)C)nc32)[C@H](O)[C@@H]1O,success,1282,1260,1555.41,
3576,CC(C)C(=O)Nc1nc2c(ncn2[C@]2(C)O[C@H](CO)[C@@H](O)[C@H]2O)c(=O)[nH]1,success,1237,1216,1598.21,
3577,CO[C@@H]1C(O)[C@@H](CO)O[C@H]1n1cnc2c(=O)[nH]c(N)nc21,success,317,298,268.83,
3578,Nc1nc2c(ncn2[C@@H]2O[C@H](CO)[C@@H](O)[C@H]2O)c(=O)[nH]1.[Au],success,42,26,41.56,
3579,Nc1nc2c(ncn2[C@@H]2O[C@H](CO)C(O)C2O)c(=O)[nH]1.[Au],success,42,26,40.89,
3580,COC(C)[C@@]1(n2cnc3c(=O)[nH]c(N)nc32)O[C@H](CO)[C@@H](O)[C@H]1O,success,954,933,765.34,
3581,CP(=O)(O)OC1C[C@H](n2cnc3c(=O)[nH]cnc32)O[C@@H]1CO,success,223,204,301.15,
3582,NOCCOC[C@H]1O[C@@H](n2cnc3c(=O)[nH]c(N)nc32)[C@H](O)[C@@H]1O,success,861,841,654.2,
3583,NOCC[C@@]1(n2cnc3c(=O)[nH]c(N)nc32)O[C@H](CO)[C@@H](O)[C@H]1O,success,974,954,761.38,
3584,Nc1nc2c(ncn2[C@@H]2O[C@H](CO)C(O)(O)[C@H]2O)c(=O)[nH]1,success,309,290,251.29,
3585,Nc1nc2c(ncn2[C@@H]2O[C@H](CO)C(OO)C2O)c(=O)[nH]1,success,262,243,215.03,
3586,COC1C(O)[C@@H](CO)O[C@H]1n1c(C)nc2c(=O)[nH]c(N)nc21,success,330,311,315.37,
3587,CC(C)C(CN)OP(=O)(O)OC[C@H]1O[C@@H](n2cnc3c(=O)[nH]cnc32)[C@H](O)[C@@H]1O,success,1046,1029,1502.72,
3588,COCC1OC(n2cnc3c(=O)[nH]c(N)nc32)C(O)C1O,success,307,288,279.98,
3589,CO[C@H]1C[C@H](n2cnc3c(=O)[nH]cnc32)O[C@@H]1CO,success,207,188,234.73,
3590,O=c1[nH]cnc2c1ncn2[C@H]1C[C@H](O)[C@@H](CI)O1,success,75,56,63.56,
3591,O=c1[nH]cnc2c1ncn2C1C[C@H](O)[C@@H](CI)O1,success,75,56,84.49,
3592,Nc1nc2c(nc(C=S)n2[C@@H]2O[C@H](CO)[C@@H](O)[C@H]2O)c(=O)[nH]1,success,361,342,389.63,
3593,CO[C@@H]1C(O)[C@@H](n2cnc3c(=O)[nH]c(N)nc32)O[C@H]1COP(=O)(O)O,success,135,117,218.41,
3594,NCC[C@@]1(n2cnc3c(=O)[nH]c(N)nc32)O[C@H](CO)[C@@H](O)[C@H]1O,success,1237,1218,1118.68,
3595,C#C[C@]1(n2cnc3c(=O)[nH]c(N)nc32)O[C@H](CO)[C@@H](O)[C@H]1O,success,332,313,309.56,
3596,NCCOC[C@@H]1CC[C@H](n2cnc3c(=O)[nH]cnc32)O1,success,987,968,861.02,
3597,NCC(=O)O.Nc1nc2c(ncn2[C@@H]2O[C@H](CO)[C@@H](O)[C@H]2O)c(=O)[nH]1,success,527,511,343.17,
3598,NCC(=O)OC[C@H]1O[C@@H](n2cnc3c(=O)[nH]c(N)nc32)[C@H](O)[C@@H]1O,success,1566,1547,1659.91,
3599,C[C@@H]1[C@H](O)[C@@H](CO)O[C@H]1n1cnc2c(=O)[nH]cnc21,success,275,256,249.39,
3600,CC(C)(C)[Si](C)(C)OC[C@@H]1CC(O)[C@H](n2cnc3c(=O)[nH]c(N)nc32)O1,success,83,66,53.02,
3601,Nc1nc2c(ncn2[C@@H]2O[C@H](CO)[C@@H](O)[C@H]2O)c(=O)[nH]1.[H+],success,362,343,333.65,
3602,NO[C@@H]1[C@H](O)[C@@H](CO)O[C@H]1n1cnc2c(=O)[nH]c(N)nc21,success,268,249,278.11,
3603,Cl.Cl.Nc1nc2c(ncn2[C@@H]2O[C@H](CO)[C@@H](O)[C@H]2O)c(=O)[nH]1,success,42,26,39.67,
3604,Cl.Cl.Nc1nc2c(ncn2[C@@H]2O[C@H](CO)C(O)C2O)c(=O)[nH]1,success,42,26,26.8,
3605,COC1C(O)[C@@H](COP(=O)(O)O)O[C@H]1n1cnc2c(=O)[nH]cnc21,success,134,116,209.04,
3606,O.O=c1[nH]cnc2c1ncn2[C@@H]1O[C@H](CO)CC1F,success,42,26,35.37,
3607,CCCCCOC[C@H]1O[C@@H](n2cnc3c(=O)[nH]c(N)nc32)[C@H](OC)[C@@H]1O,success,267,246,109.26,
3608,O=c1[nH]cnc2c1ncn2[C@@H]1O[C@H](C(O)PO)C(O)C1O,success,262,243,211.46,
3609,O=c1[nH]cnc2c1ncn2[C@@H]1O[C@H](CO[Si])CC1O,success,42,26,25.02,
3610,C[Si](C)(C)OC1C[C@@H](CO)O[C@H]1n1cnc2c(=O)[nH]cnc21,success,149,130,194.4,
3611,CC(C)(C)[Si](C)(C)O[C@@H]1C[C@@H](CO)O[C@H]1n1cnc2c(=O)[nH]cnc21,success,42,26,38.11,
3612,CC(C)(C)[Si](C)(C)OC[C@@H]1C[C@@H](O)[C@H](n2cnc3c(=O)[nH]cnc32)O1,success,80,63,53.01,
3613,C[Si](C)[C@@]1(n2cnc3c(=O)[nH]cnc32)O[C@H](CO)C[C@H]1OC(C)(C)C,success,42,26,27.27,
3614,C[Si](C)(C)OC[C@@H]1CC(O)[C@H](n2cnc3c(=O)[nH]cnc32)O1,failed,146,127,160.55,min() arg is an empty sequence
3615,C[Si](C)[C@@]1(n2cnc3c(=O)[nH]cnc32)O[C@H](COC(C)(C)C)C[C@H]1O,success,42,26,41.68,
3616,CCCCCOC[C@@H]1C[C@@H](O)[C@H](n2cnc3c(=O)[nH]cnc32)O1,success,1159,1138,910.21,
3617,CCCCCOC[C@@H]1CC(O)[C@H](n2cnc3c(=O)[nH]cnc32)O1,success,1161,1140,922.49,
3618,O=c1[nH]cnc2c1ncn2[C@@H]1O[C@H](CO)CC1O[Si],success,42,26,25.98,
3619,CCCCCO[C@@H]1C[C@@H](CO)O[C@H]1n1cnc2c(=O)[nH]cnc21,success,1406,1385,1028.27,
3620,CCCCCOC1C[C@@H](CO)O[C@H]1n1cnc2c(=O)[nH]cnc21,success,1443,1422,1134.36,
3621,CCCCCOC[C@@H]1C[C@@H](OCCCCC)[C@H](n2cnc3c(=O)[nH]cnc32)O1,success,328,307,183.21,
3622,O=c1[nH]cnc2c1ncn2[C@@H]1O[C@H](CO)[C@@H](O)[C@H]1O.[Ca],success,42,26,25.72,
3623,NC(N)=NCCC[C@H](N)C(=O)OC[C@H]1O[C@@H](n2cnc3c(=O)[nH]cnc32)[C@H](O)[C@@H]1O,success,423,407,227.07,
3624,NC(N)=NCCC[C@H](N)C(=O)OC[C@H]1O[C@@H](n2cnc3c(=O)[nH]cnc32)C(O)C1O,success,427,411,222.28,
3625,Nc1nc2c(ncn2[C@@H]2O[C@H](COP(=O)(O)OP(=O)(O)O)CC2O)c(=O)[nH]1,success,71,55,73.19,
3626,CO[C@H]1[C@@H](O)[C@H](n2cnc3c(=O)[nH]c(N)nc32)O[C@@H]1COP(=O)(O)OP(=O)(O)O,success,73,55,64.98,
3627,COC1C(O)[C@H](n2cnc3c(=O)[nH]c(N)nc32)O[C@@H]1COP(=O)(O)OP(=O)(O)O,success,75,57,75.59,
3628,C1=NCCN1.Nc1nc2c(ncn2[C@@H]2O[C@H](COP(=O)(O)O)[C@@H](O)[C@H]2O)c(=O)[nH]1,success,42,26,43.86,
3629,Nc1nc2c(ncn2C2O[C@@H]3COP(=O)(O)O[C@@H]3[C@@H]2O)c(=O)[nH]1,failed,124,105,118.1,min() arg is an empty sequence
3630,Nc1nc2c(ncn2[C@@H]2O[C@@H]3COP(=O)(O)O[C@@H]3C2O)c(=O)[nH]1,success,125,106,117.15,
3631,O=c1[nH]cnc2c1ncn2[C@@H]1O[C@H](COP(=O)(O)OP(=O)(O)OP(=O)(O)O)C(OP(=O)(O)OP(=O)(O)O)C1O,success,42,26,42.65,
3632,O=P(O)(O)OP(=O)(O)OP(=O)(O)O.O=c1[nH]cnc2c1ncn2[C@@H]1O[C@H](COP(=O)(O)O)[C@@H](O)[C@H]1O,success,42,26,60.16,
3633,O=c1[nH]cnc2c1ncn2[C@@H]1O[C@H](COP(=O)(O)O)C(O)C1O.[Ag].[Ag],success,42,26,44.83,
3634,O=c1[nH]cnc2c1ncn2[C@@H]1O[C@H](COP(=O)([O-])[O-])[C@@H](O)[C@H]1O.[Ag+].[Ag+],success,42,26,33.66,
3635,Nc1nc2c(nc(C(=O)O)n2[C@@H]2O[C@H](CO)[C@@H](O)[C@H]2O)c(=O)[nH]1,success,988,969,1049.97,
3636,O=c1[nH]cnc2c1ncn2[C@@H]1O[C@H](CO)[C@@H](O)[C@H]1O.O=c1[nH]cnc2c1ncn2[C@H]1C[C@H](O)[C@@H](CO)O1,success,42,26,45.08,
3637,COCCOC1[C@@H](OC)[C@@H](COC)O[C@H]1n1cnc2c(=O)[nH]c(N)nc21,success,453,435,424.22,
3638,C[C@@]1(O)[C@H](O)[C@@H](CO)O[C@H]1n1c(Br)nc2c(=O)[nH]c(N)nc21,success,343,324,322.3,
3639,O=C([O-])[C@H]1O[C@@H](n2cnc3c(=O)[nH]cnc32)[C@H](O)[C@@H]1O.[Na+],success,42,26,34.86,
3640,O=c1[nH]cnc2c1ncn2[C@@H]1O[C@H](CO)[C@@H](O)[C@H]1O.[Zn],success,42,26,40.28,
3641,O=c1[nH]cnc2c1ncn2[C@@H]1O[C@H](CO)C(O)C1O.[Zn],success,42,26,25.75,
3642,O=c1[nH]cnc2c1ncn2[C@@H]1O[C@H](CO)[C@@H](O)[C@H]1O.O=c1cc[nH]c(=O)[nH]1,success,42,26,27.01,
3643,Nc1nc2c(ncn2[C@H]2C[C@H](OC(=O)CCC(=O)O)[C@@H](CO)O2)c(=O)[nH]1,success,3536,3513,40959.41,
3644,Nc1nc2c(c(=O)[nH]1)[n+]([O-])cn2[C@@H]1O[C@H](CO)C(O)C1O,failed,303,284,212.53,min() arg is an empty sequence
3645,O=Nc1nc2c(ncn2[C@]2(O)O[C@H](CO)[C@@H](O)[C@H]2O)c(=O)[nH]1,success,437,418,269.48,
3646,COCCO[C@@H]1[C@H](O)[C@@H](COP(N)O)O[C@H]1n1cnc2c(=O)[nH]c(N)nc21,success,778,759,1009.05,
3647,COCCO[C@@H]1[C@H](O)[C@@H](COC(=O)C(C)C)O[C@H]1n1cnc2c(=O)[nH]c(N)nc21,success,323,302,163.9,
3648,CC(O)CN(C)C.O=c1[nH]cnc2c1ncn2[C@@H]1O[C@H](CO)[C@@H](O)[C@H]1O,success,42,26,40.58,
3649,C[Si](C)[C@@]1(n2cnc3c(=O)[nH]cnc32)O[C@H](COC(C)(C)C)[C@@H](O)[C@H]1O,success,42,26,27.5,
3650,O=c1[nH]cnc2c1ncn2[C@H]1CC[C@@H](CO)O1.OP(O)(O)=S,success,42,26,49.28,
3651,CC(C)C(=O)Nc1nc2c(ncn2[C@@H]2O[C@H](CO)[C@@H](O)[C@@H]2O)c(=O)[nH]1,success,2338,2316,3144.53,
3652,Cc1nc2c(ncn2[C@@H]2O[C@H](CO)C(O)[C@H]2O)c(=O)[nH]1,success,301,282,280.21,
3653,Cc1nc2c(ncn2[C@@H]2O[C@H](CO)C(O)[C@H]2CO)c(=O)[nH]1,success,691,672,524.3,
3654,Nc1nc2c(ncn2[C@@H]2O[C@H](CO)C(O)[C@H]2CO)c(=O)[nH]1,success,694,675,590.81,
3655,CC(C)C(=O)Nc1nc2c(ncn2[C@@H]2O[C@H](CO)[C@@H](O)[C@H]2OCCON(C)C)c(=O)[nH]1,success,309,288,173.23,
3656,CC(C)C(=O)Nc1nc2c(ncn2[C@@H]2O[C@H](CO)C(O)C2OCCON(C)C)c(=O)[nH]1,success,369,348,205.94,
3657,CCCCCOCCCCC.O=c1[nH]cnc2c1ncn2[C@H]1C[C@H](O)[C@@H](CO)O1,success,42,26,29.85,
3658,CCCCCOC[C@H]1O[C@@H](n2cnc3c(=O)[nH]cnc32)C[C@@H]1O,success,1159,1138,964.85,
3659,CCCCCOC[C@H]1O[C@@H](n2cnc3c(=O)[nH]cnc32)CC1O,success,1161,1140,991.99,
3660,COCCOC1C(O)[C@@H](CO)O[C@H]1n1cnc2c(=O)[nH]c(NC(=O)C(C)C)nc21,success,384,363,285.2,
3661,COC1C(O)[C@@H](CO)O[C@H]1n1cnc2c(=O)[nH]c(N(C)C)nc21,failed,261,242,258.89,min() arg is an empty sequence
3662,Nc1nc2c(ncn2[C@H]2C[C@H](O)[C@@H](COP(=O)(O)O)O2)c(=O)[nH]1.O,success,42,26,50.56,
3663,CN(C)c1nc2c(ncn2[C@@H]2O[C@H](CO)[C@@H](O)[C@@]2(C)O)c(=O)[nH]1,failed,279,260,287.7,min() arg is an empty sequence
3664,CCCC(N)[C@@]1(n2cnc3c(=O)[nH]cnc32)O[C@H](CO)[C@@H](O)[C@H]1O,success,2141,2120,2109.26,
3665,NCCCCOC[C@H]1O[C@@H](n2cnc3c(=O)[nH]cnc32)[C@H](O)[C@@H]1O,success,2397,2378,2376.0,
3666,NCCCC[C@@]1(n2cnc3c(=O)[nH]cnc32)O[C@H](CO)[C@@H](O)[C@H]1O,success,2730,2712,2394.27,
3667,CO[C@@H]1[C@H](O)[C@@H](COP(=O)(O)OP(=O)(O)O)O[C@H]1n1cnc2c(=O)[nH]cnc21,success,71,53,96.84,
3668,COC1C(O)[C@@H](COP(=O)(O)OP(=O)(O)O)O[C@H]1n1cnc2c(=O)[nH]cnc21,success,73,55,99.64,
3669,O=c1[nH]cnc2c1ncn2[C@@H]1O[C@H](CO)[C@@H](OP(=O)(O)O)[C@@H]1O,success,123,105,153.1,
3670,O=c1[nH]cnc2c1ncn2[C@@H]1O[C@H](CO)[C@](O)(OP(=O)(O)O)[C@@H]1O,success,77,61,106.07,
3671,O=c1[nH]cnc2c1ncn2[C@@H]1O[C@H](C(OOP(=O)(O)O)OP(=O)(O)O)[C@@H](O)[C@H]1O,success,42,26,56.9,
3672,CC(=O)OC[C@H]1O[C@@H](n2cnc3c(=O)[nH]cnc32)C(O)C1O,success,1523,1500,1315.36,
3673,O=c1[nH]cnc2c1ncn2[C@@H]1O[C@H](COC2O[C@H](CO)[C@@H](O)[C@H]2O)[C@@H](O)[C@H]1O,success,197,179,144.18,
3674,CO[C@]1(CO)CC[C@H](n2cnc3c(=O)[nH]cnc32)O1,failed,300,281,226.25,min() arg is an empty sequence
3675,CO[C@]1(CO)CC[C@H](n2cnc3c(=O)[nH]c(N)nc32)O1,success,341,322,269.62,
3676,CC(C)[C@H](N)C(=O)OC[C@H]1O[C@@H](n2cnc3c(=O)[nH]c(N)nc32)[C@@H](O)[C@@H]1O,success,2024,2006,2883.24,
3677,CCNc1nc2c(ncn2C2C[C@H](O)[C@@H](CO)O2)c(=O)[nH]1,success,1117,1096,985.24,
3678,CNc1nc2c(ncn2C2C[C@H](O)[C@@H](CO)O2)c(=O)[nH]1,success,343,324,412.39,
3679,Nc1nc2c(ncn2C[C@@H]2O[C@H](CO)[C@@H](O)[C@H]2O)c(=O)[nH]1,success,360,341,300.36,
3680,Nc1nc2c(ncn2C[C@H]2CC[C@@H](CO)O2)c(=O)[nH]1,success,222,203,218.09,
3681,O=c1[nH]cnc2c1ncn2C[C@H]1CC[C@@H](CO)O1,success,171,152,222.33,
3682,Nc1nc2c(ncn2C[C@H]2O[C@H](CO)[C@@H](O)[C@@H]2O)c(=O)[nH]1,success,360,341,289.26,
3683,O.O=c1[nH]cnc2c1ncn2[C@H]1CC[C@@H](CO)O1.[Na],success,42,26,34.21,
3684,O=c1[nH]c(Br)nc2c1ncn2[C@@H]1C[C@@H](O)[C@H](CO)O1,success,213,194,191.3,
3685,O=c1[nH]c(Br)nc2c1ncn2[C@H]1C[C@@H](O)[C@H](CO)O1,success,213,194,242.95,
3686,CNc1nc2c(ncn2[C@@H]2C[C@@H](O)[C@H](CO)O2)c(=O)[nH]1,success,343,324,360.56,
3687,CNc1nc2c(ncn2[C@H]2C[C@@H](O)[C@H](CO)O2)c(=O)[nH]1,success,343,324,415.39,
3688,CNc1nc2c(=O)[nH]cnc2n1[C@@H]1C[C@@H](O)[C@H](CO)O1,success,343,324,360.78,
3689,CNc1nc2c(=O)[nH]cnc2n1[C@H]1C[C@@H](O)[C@H](CO)O1,success,343,324,336.58,
3690,O=c1[nH]cnc2c1nc(Cl)n2[C@@H]1C[C@@H](O)[C@H](CO)O1,success,213,194,190.66,
3691,O=c1[nH]cnc2c1nc(Cl)n2[C@H]1C[C@@H](O)[C@H](CO)O1,success,213,194,243.03,
3692,CSc1nc2c(ncn2[C@@H]2C[C@@H](O)[C@H](CO)O2)c(=O)[nH]1,success,288,269,313.74,
3693,O=c1[nH]c(Cl)nc2c1ncn2[C@@H]1C[C@@H](O)[C@H](CO)O1,success,213,194,191.1,
3694,O=c1[nH]c(Cl)nc2c1ncn2[C@H]1C[C@@H](O)[C@H](CO)O1,success,213,194,191.88,
3695,CN(C)c1nc2c(ncn2[C@@H]2C[C@@H](O)[C@H](CO)O2)c(=O)[nH]1,success,268,249,302.58,
3696,CN(C)c1nc2c(ncn2[C@H]2C[C@@H](O)[C@H](CO)O2)c(=O)[nH]1,success,268,249,239.81,
3697,CP(=O)(O)O.Nc1nc2c(ncn2[C@@H]2O[C@H](CO)[C@@H](O)[C@H]2O)c(=O)[nH]1,success,69,53,88.47,
3698,Nc1nc2c(nc(Br)n2C2O[C@H](CO)[C@@H](O)[C@H]2O)c(=O)[nH]1,failed,338,319,371.06,min() arg is an empty sequence
3699,Nc1nc2c(ncn2C2O[C@H](CO)C[C@H]2O)c(=O)[nH]1,success,288,269,240.21,
3700,CO[C@H]1C(n2cnc3c(=O)[nH]c(N)nc32)O[C@H](CO)[C@H]1O,success,316,297,285.32,
3701,C[C@@H]1[C@@H](CO)OC(n2cnc3c(=O)[nH]c(N)nc32)[C@@H]1O,success,333,314,285.03,
3702,CC[C@H]1O[C@@H](n2cnc3c(=O)[nH]c(N)nc32)CC1O,success,547,526,401.99,
3703,NCCOC(CCN)[C@H]1O[C@@H](n2cnc3c(=O)[nH]c(N)nc32)[C@H](O)[C@@H]1O,success,546,528,289.27,
3704,NCC[C@@]1(O)[C@H](O)[C@@H](CO)O[C@@]1(CCN)n1cnc2c(=O)[nH]c(N)nc21,success,406,388,197.75,
3705,Cn1c(N)nc2c(ncn2[C@@H]2O[C@H](CO)[C@@H](O)[C@H]2O)c1=O.Nc1nc2c(ncn2[C@@H]2O[C@H](CO)[C@@H](O)[C@H]2O)c(=O)[nH]1,success,42,26,32.04,
3706,CCCC[C@@]1(n2cnc3c(=O)[nH]c(N)nc32)O[C@H](CO)[C@@H](O)[C@H]1O,success,1551,1530,1181.25,
3707,Nc1nc2c(ncn2[C@@H]2O[C@H](COP(=O)(O)O)[C@@H](O)[C@H]2O)c(=O)[nH]1.O=P(O)(O)O,success,42,26,35.0,
3708,Nc1nc2c(ncn2[C@H]2CO[C@H](CO)[C@@H]2CO)c(=O)[nH]1,success,538,519,424.03,
3709,Nc1nc2c(ncn2[C@@H]2O[C@H](CO)[C@@H](OC(=O)CCC(=O)O)[C@H]2O)c(=O)[nH]1,success,3569,3546,34360.72,
3710,NC[C@@]1(n2cnc3c(=O)[nH]c(N)nc32)O[C@H](CO)[C@@H](O)[C@H]1O,success,398,379,396.81,
3711,Cc1nc2c(ncn2[C@@H]2O[C@H](CO)[C@@H](O)[C@H]2N)c(=O)[nH]1,success,333,314,318.15,
3712,Cc1nc2c(ncn2[C@H]2O[C@@H](CO)C(O)C2N)c(=O)[nH]1,success,337,318,255.23,
3713,CNc1nc2c(ncn2[C@@H]2O[C@H](CO)[C@@H](O)C2N)c(=O)[nH]1,success,435,416,393.4,
3714,CNc1nc2c(ncn2[C@@H]2O[C@H](CO)[C@@H](O)[C@H]2N)c(=O)[nH]1,success,433,414,368.38,
3715,O=c1[nH]cnc2c1ncn2[C@@H]1O[C@H](COP(=O)(O)OS(=O)(=O)O)[C@@H](OP(=O)(O)O)[C@H]1O,success,70,54,88.51,
3716,Cn1c[n+]([C@H]2O[C@@H](CO)C(O)C2O)c2nc(N)[nH]c(=O)c21,success,422,403,338.93,
3717,CNC(=O)NC[C@H]1O[C@@H](n2cnc3c(=O)[nH]c(C)nc32)C(O)[C@H]1O,success,501,482,527.65,
3718,C[C@@]1(O)C(O)C(CO)O[C@H]1n1cnc2c(=O)[nH]c(N)nc21,success,367,348,332.86,
3719,Nc1nc2c(ncn2C2OC(CO)[C@H](O)[C@@H]2O)c(=O)[nH]1,success,361,342,340.12,
3720,Nc1nc2c(ncn2[C@H]2CO[C@@H](CO)[C@@H]2O)c(=O)[nH]1,success,287,268,301.47,
3721,Nc1nc2c(ncn2C2COC(CO)C2O)c(=O)[nH]1,success,288,269,235.52,
3722,CCCCCCCCCNc1nc2c(ncn2[C@H]2CC(O)[C@@H](CO)O2)c(=O)[nH]1,success,230,214,82.44,
3723,CC(N)COC[C@H]1O[C@@H](n2cnc3c(=O)[nH]c(N)nc32)[C@H](O)[C@@H]1O,success,1611,1590,1741.56,
3724,CC(N)C[C@@]1(n2cnc3c(=O)[nH]c(N)nc32)O[C@H](CO)[C@@H](O)[C@H]1O,success,1946,1925,1894.97,
3725,O=C(CCn1cnc2c(=O)[nH]cnc21)N[C@@H]1CO[C@H](CO)[C@@H](O)[C@@H]1O,success,2921,2902,3715.17,
3726,Nc1nc2c(ncn2[C@@H]2O[C@H](I)[C@@H](O)[C@H]2O)c(=O)[nH]1,success,174,155,168.08,
3727,O=c1[nH]cnc2c1ncn2[C@@H]1O[C@H](CO[P+](=O)OP(=O)(O)OP(=O)(O)O)C(O)C1O,success,76,60,110.32,
3728,CCCCOP(=O)(O)OP(=O)(O)OP(=O)(O)OC[C@H]1O[C@@H](n2cnc3c(=O)[nH]c(N)nc32)C(OC)C1O,success,117,99,103.86,
3729,CCCOC[C@H]1O[C@@H](n2cnc3c(=O)[nH]cnc32)[C@H](OCCC)[C@@H]1OCCC,success,42,26,29.41,
3730,C[C@]1(O)[C@H](O)[C@@H](CO)O[C@H]1n1c(I)nc2c(=O)[nH]c(N)nc21,success,343,324,325.78,
3731,Nc1nc2c(ncn2[C@@H]2O[C@H](CO)C(O)C2O)c(=O)[nH]1.O.O,success,42,26,30.37,
3732,COC1C(O)[C@H]([n+]2cn(C)c3c(=O)[nH]c(N)nc32)O[C@@H]1COP(=O)(O)OP(=O)(O)O,success,80,62,69.06,
3733,Cn1c[n+]([C@H]2CC(O)[C@@H](CO[P+](=O)O)O2)c2nc(N)[nH]c(=O)c21,success,300,280,354.54,
3734,Nc1nc2c(ncn2[C@H]2CC(O)[C@@H](CO[P+](=O)O)O2)c(=O)[nH]1,success,243,224,354.62,
3735,CNC(=O)NC[C@H]1O[C@@H](n2cnc3c(=O)[nH]c(C)nc32)C(O)C1O,success,502,483,506.78,
3736,C[C@@]1(O)[C@H](O)CO[C@H]1n1cnc2c(=O)[nH]c(N)nc21,success,174,155,163.44,
3737,Cc1nc2c(=O)[nH]c(NC(=O)C(C)C)nc2n1[C@@H]1O[C@H](CO)C(O)C1O,success,1387,1366,1797.95,
3738,CC(C)(C)[Si]1(C(C)(C)C)OC[C@H]2O[C@@H](n3cnc4c(=O)[nH]cnc43)[C@H](O)[C@@H]2O1,success,42,26,26.08,
3739,Cl[Pt]Cl.Nc1nc2c(nc([Se])n2[C@@H]2O[C@H](CO)[C@@H](O)[C@H]2O)c(=O)[nH]1,success,42,26,26.82,
3740,Nc1nc2c(ncn2[C@@H]2O[C@H](CO)[C@@H](O)[C@H]2O)c(=O)[nH]1.[Al],success,42,26,38.89,
3741,O=P(O)(O)OP(=O)(O)O.O=c1[nH]cnc2c1ncn2[C@H]1CC[C@@H](CO)O1,success,42,26,35.82,
3742,C=C(C)Nc1nc2c(ncn2[C@H]2C[C@H](O)[C@@H](CO)O2)c(=O)[nH]1,success,1045,1024,983.98,
3743,O=c1[nH]cnc2c1ncn2[C@H]1CC[C@@H](CO)O1.[Na],success,42,26,25.76,
3744,[2H]c1nc2c(=O)[nH]cnc2n1[C@@H]1O[C@H](CO)[C@@H](O)[C@H]1O,success,282,263,299.05,
3745,CCCCCCCCCOC[C@H]1O[C@@H](n2cnc3c(=O)[nH]c(N)nc32)[C@H](O)[C@@H]1O,success,400,383,117.51,
3746,CC(=O)OC[C@H]1O[C@@H](n2cnc3c(=O)[nH]cnc32)[C@H](O)[C@@H]1Br,success,1248,1225,1208.84,
3747,CC(=O)OC[C@H]1O[C@@H](n2cnc3c(=O)[nH]cnc32)C(O)C1Br,success,1256,1233,1207.75,
3748,CC(O)CO.Nc1nc2c(ncn2[C@@H]2O[C@H](COP(=O)(O)O)[C@@H](O)[C@H]2O)c(=O)[nH]1,success,224,205,116.19,
3749,Nc1nc2c(ncn2[C@@H]2O[C@H](CO)C(O)C2OCCO)c(=O)[nH]1,success,1526,1505,1068.36,
3750,CN(C)P1(=S)OC[C@H]2O[C@@H](n3cnc4c(=O)[nH]c(N)nc43)C(O)C2O1,success,120,101,231.51,
3751,CC(O)[C@@H]1CC[C@H](n2cnc3c(=O)[nH]c(N)nc32)O1,success,671,649,548.54,
3752,COC[C@H]1O[C@@H](n2cnc3c(=O)[nH]c(N)nc32)C(O)C1OC,success,261,242,302.19,
3753,C[C@@]1(n2cnc3c(=O)[nH]cnc32)O[C@H](COP(=O)(O)OP(=O)(O)OP(=O)(O)O)[C@@H](O)[C@H]1O,success,57,41,66.37,
3754,CC(C)[C@H](N)C(=O)O[C@H]1[C@H](O)[C@H](n2cnc3c(=O)[nH]c(N)nc32)O[C@@H]1CO,success,2188,2169,3110.26,
3755,O=c1[nH]cnc2c1nc(Cl)n2[C@@H]1O[C@H](COP(=O)(O)O)C(O)C1O,success,116,98,264.12,
3756,COCCOC1C(OC)[C@@H](COC)O[C@H]1n1cnc2c(=O)[nH]c(N)nc21,success,486,468,462.71,
3757,COC[C@H]1O[C@@H](n2cnc3c(=O)[nH]c(N)nc32)C(OC)C1OC,success,191,172,209.22,
3758,Nc1nc2c(ncn2[C@H]2CC[C@@H](CO)O2)c(=O)[nH]1.O=P(O)(O)O,success,42,26,37.14,
3759,COC1C(O)[C@@H](CO)O[C@H]1n1cnc2c(=O)[nH]c(Cl)nc21,success,258,239,276.94,
3760,CC(O)C1O[C@@H](n2cnc3c(=O)[nH]c(N)nc32)[C@](C)(O)[C@@H]1O,failed,960,938,765.12,min() arg is an empty sequence
3761,Nc1nc2c(ncn2[C@@H]2O[C@H](CO)[C@@H](O)C2(O)O)c(=O)[nH]1,success,309,290,216.72,
3762,Nc1nc2c(ncn2[C@@H]2O[C@H](CO)C(O)C2OO)c(=O)[nH]1,success,262,243,223.24,
3763,C#C[C@@]1(n2cnc3c(=O)[nH]cnc32)O[C@H](CO)[C@@H](O)[C@H]1O,success,277,258,238.07,
3764,O=c1[nH]cnc2c1ncn2[C@H]1C[C@H](OP(=O)(O)O)[C@@H](CO)O1,success,158,139,196.19,
3765,Nc1nc2c(ncn2C2COC(CO)C(O)C2)c(=O)[nH]1,success,315,296,299.06,
3766,CCC1OC(n2cnc3c(=O)[nH]cnc32)CC1O,success,517,496,345.74,
3767,Nc1nc2c(ncn2[C@@H]2O[C@H](COP(=O)([O-])[O-])[C@@H](O)[C@H]2O)c(=O)[nH]1.[NH4+].[NH4+],success,42,26,48.12,
3768,Nc1nc2c(ncn2[C@@H]2O[C@H](CO)[C@]3(O)O[C@]23O)c(=O)[nH]1,success,303,284,250.01,
3769,COC[C@H]1O[C@@H](n2cnc3c(=O)[nH]cnc32)C(O)C1O[P+](C)(O)O,success,166,147,213.51,
3770,CC1O[C@@H](n2cnc3c(=O)[nH]c(N)nc32)[C@](C)(O)[C@@H]1O,success,184,165,150.14,
3771,Nc1nc2c(ncn2[C@@H]2O[C@@H]3COP(=O)(O)OC3C2O)c(=O)[nH]1,failed,125,106,114.64,min() arg is an empty sequence
3772,CP(=O)(O)OC[C@H]1O[C@@H](n2cnc3c(=O)[nH]c(N)nc32)C(O)C1O,success,286,267,339.53,
3773,Nc1nc2c(ncn2C2O[C@@H]3COP(=O)(O)OC3C2O)c(=O)[nH]1,success,125,106,123.73,
3774,COc1nc2c(ncn2[C@@H]2C[C@@H](O)[C@H](CO)O2)c(=O)[nH]1,success,295,276,273.64,
3775,COc1nc2c(ncn2[C@H]2C[C@@H](O)[C@H](CO)O2)c(=O)[nH]1,success,295,276,305.46,
3776,O=c1[nH]c(I)nc2c1ncn2[C@@H]1C[C@@H](O)[C@H](CO)O1,success,213,194,222.09,
3777,O=c1[nH]c(I)nc2c1ncn2[C@H]1C[C@@H](O)[C@H](CO)O1,failed,213,194,201.98,min() arg is an empty sequence
3778,Nc1nc2c(ncn2C2COC(CO)C2CO)c(=O)[nH]1,success,505,486,463.78,
3779,Nc1nc2c(ncn2[C@@H]2O[C@H](C(O)P(=O)(O)O)[C@](O)(P(=O)(O)O)[C@H]2O)c(=O)[nH]1,success,42,26,32.75,
3780,Nc1nc2c(ncn2[C@@H]2O[C@H](C(O)P(=O)(O)O)C(O)(P(=O)(O)O)C2O)c(=O)[nH]1,success,42,26,51.21,
3781,CC1CC(CO)OC1n1cnc2c(=O)[nH]c(N)nc21,failed,216,197,176.38,min() arg is an empty sequence
3782,COC[C@H]1O[C@@H](n2cnc3c(=O)[nH]c(N)nc32)C[C@H]1OC,success,189,170,176.08,
3783,Nc1nc2c(ncn2C2OC(CO)C(O)[C@H]2O)c(=O)[nH]1,success,362,343,339.58,
3784,COC1[C@@H](O)[C@@H](C)O[C@H]1n1cnc2c(=O)[nH]c(NC(=O)C(C)C)nc21,success,935,913,1174.97,
3785,C[C@H]1[C@H](n2cnc3c(=O)[nH]c(N)nc32)O[C@](C)(CO)[C@H]1O,success,396,377,309.03,
3786,Nc1nc2c(ncn2[C@@H]2O[C@H](COP(=O)(O)OP(=O)(O)OP(=O)(O)O)[C@@H](O)[C@H]2O)c(=O)[nH]1.[Na].[Na].[Na],success,42,26,38.26,
3787,NOC1C(O)[C@H](n2cnc3c(=O)[nH]c(N)nc32)O[C@@H]1CO,success,269,250,242.72,
3788,[2H]OC[C@H]1O[C@@H](n2cnc3c(=O)[nH]cnc32)[C@H](O)[C@@H]1O,success,209,190,215.63,
3789,O=c1[nH]cnc2c1ncn2C1O[C@H](CO)CC1O,success,236,217,212.94,
3790,Nc1nc2c(ncn2[C@@H]2O[C@H](COP(=O)([O-])OP(=O)([O-])NP(=O)([O-])[O-])[C@@H](O)[C@H]2O)c(=O)[nH]1.[Li+].[Li+].[Li+].[Li+],success,42,26,51.3,
3791,CNc1nc2c(ncn2C2CC(O)C(COC)O2)c(=O)[nH]1,success,274,255,244.08,
3792,Nc1nc2c(ncn2[C@@H]2OC(COP(=O)(O)O)[C@@H](O)[C@H]2O)c(=O)[nH]1,success,133,115,195.83,
3793,[B]c1nc2c(=O)[nH]c(N)nc2n1[C@@H]1O[C@H](CO)[C@@H](O)[C@H]1O,success,42,26,40.22,
3794,N#CCCOC1C(O)[C@@H](CO)O[C@H]1n1cnc2c(=O)[nH]c(N)nc21,success,1156,1136,1113.28,
3795,CN(C)c1nc2[nH+]c[nH]c2c(=O)n1C1C[C@H](O)[C@@H](CO)O1,success,268,249,257.24,
3796,O=c1[nH]c(N[C@@H]2O[C@H](CO)[C@@H](O)[C@H](O)[C@H]2O)nc2c1ncn2[C@@H]1O[C@H](CO)[C@@H](O)[C@H]1O,success,63,47,48.23,
3797,CN(C)C=Nc1nc2c(ncn2[C@@H]2O[C@H](CO)[C@@H](O)[C@H]2OCCN(C)C)c(=O)[nH]1,success,195,177,137.92,
3798,CCN(N)C(=O)CO[C@@H]1[C@H](O)[C@@H](CO)O[C@H]1n1cnc2c(=O)[nH]c(N)nc21,success,233,213,115.28,
3799,NCCNC(=O)CO[C@@H]1[C@H](O)[C@@H](CO)O[C@H]1n1cnc2c(=O)[nH]c(N)nc21,success,580,562,330.06,
3800,COP(=O)(O)OP(=O)(OC)OP(=O)(O)OCC1OC([n+]2cn(C)c3c(=O)[nH]cnc32)C(O)C1O,success,72,54,127.71,
3801,COP(=O)(OC[C@H]1O[C@@H]([n+]2cn(C)c3c(=O)[nH]c(N)nc32)[C@@H](O)C1O)OP(=O)(O)OP(=O)(O)O,success,68,50,64.06,
3802,NCCNC(=O)O[C@H]1[C@@H](O)[C@H](n2cnc3c(=O)[nH]c(N)nc32)O[C@@H]1COP(=O)(O)OP(=O)(O)OP(=O)(O)O,success,42,26,50.52,
3803,CC(C)C(=O)OC[C@H]1O[C@@H](n2c(N)nc3c(=O)[nH]cnc32)C[C@@H]1O,success,1747,1726,2834.32,
3804,Nc1nc2c(ncn2[C@H]2CC(I)[C@@H](CO)O2)c(=O)[nH]1,success,182,163,213.23,
3805,O=c1[nH]cnc2c1ncn2C1O[C@H](CO)C(O)C1O,success,302,283,289.91,
3806,Cn1c[n+]([C@@H]2O[C@H](CO[P+](O)(O)OP(=O)(O)OP(=O)(O)O)C(O)[C@@H]2O)c2nc(N)[nH]c(=O)c21,success,55,39,54.7,
3807,[B][P+]1(O)OC[C@H]2O[C@@H](n3cnc4c(=O)[nH]cnc43)C(O)[C@@H]2O1,success,42,26,34.45,
3808,[B][P+]1(O)OC[C@H]2O[C@@H](n3cnc4c(=O)[nH]c(N)nc43)C(O)[C@@H]2O1,success,42,26,48.23,
3809,[B][P+]1(O)OC[C@H]2O[C@@H](n3cnc4c(=O)[nH]c(N)nc43)[C@@H](O)C2O1,success,42,26,30.51,
3810,CP(O)(=S)OC[C@H]1O[C@@H](n2cnc3c(=O)[nH]c(N)nc32)C[C@@H]1O,success,253,234,302.56,
3811,CC(=O)OC[C@H]1OC(n2cnc3c(=O)[nH]c(N)nc32)[C@H](OC(C)=O)[C@@H]1O,success,2280,2257,3185.51,
3812,CC1(O)C(O)[C@@H](CO)O[C@H]1n1cnc2c(=O)[nH]cnc21,success,305,286,275.35,
3813,Nc1nc2c(ncn2[C@@H]2O[C@H](CO)[C@@H](OP(=O)(O)O)[C@H]2OP(=O)(O)O)c(=O)[nH]1,success,61,45,58.71,
3814,C=P(C)(C)CC[C@H]1OC(n2cnc3c(=O)[nH]c(NC)nc32)[C@H](O)[C@@H]1O,success,230,213,237.24,
3815,CN(C)c1nc2c(ncn2[C@@H]2O[C@H](CO)C(O)[C@@H]2O)c(=O)[nH]1,success,315,296,304.96,
3816,CN(C)c1nc2c(ncn2[C@@H]2O[C@H](COP(=O)(Cl)Cl)C(O)[C@@H]2O)c(=O)[nH]1,success,200,181,239.01,
3817,CN(C)c1nc2c(ncn2[C@@H]2O[C@H](COP(=O)(O)OP(=O)(O)OP(=O)(O)O)C(O)[C@@H]2O)c(=O)[nH]1,success,59,42,80.32,
3818,CCCCOC1[C@@H]2OC[C@]1(CO)O[C@H]2n1cnc2c(=O)[nH]c(N)nc21,success,1153,1132,894.96,
3819,CP(=O)(O)OP(=O)(O)OC[C@H]1O[C@@H](n2cnc3c(=O)[nH]c(N)nc32)C(O)[C@H]1O,success,103,87,125.07,
3820,Nc1nc2c(ncn2[C@@H]2O[C@H](CO)[C@@H](O)[C@]2(O)Cl)c(=O)[nH]1,success,343,324,312.07,
3821,Nc1nc2c(ncn2[C@@H]2O[C@H](CO)C(O)C2OCl)c(=O)[nH]1,success,253,234,258.69,
3822,CCC1OC(n2cnc3c(=O)[nH]c(NC(C)=O)nc32)C(O)C1O,success,2447,2424,3075.72,
3823,COCCO[C@H]1[C@@H](O)[C@H](n2cnc3c(=O)[nH]c(N)nc32)O[C@@H]1COC(=O)C(C)C,success,323,302,174.33,
3824,CC[C@H]1[C@H](n2cnc3c(=O)[nH]cnc32)O[C@@](CO)(N=[N+]=[N-])[C@H]1O,success,42,26,35.09,
3825,C[C@H]1[C@H](n2cnc3c(=O)[nH]cnc32)O[C@](C)(CO)[C@H]1O,success,334,315,247.54,
3826,COC1C(OP(C)(=O)O)C(CO)OC1n1cnc2c(=O)[nH]c(N)nc21,failed,262,243,290.85,min() arg is an empty sequence
3827,C#CCO[C@@H]1[C@H](O)[C@@H](CO)O[C@H]1n1cnc2c(=O)[nH]cnc21,success,653,634,597.6,
3828,CNc1nc2c(ncn2[C@@H]2O[C@H](CO)C(O)C2OC)c(=O)[nH]1,success,357,338,342.9,
3829,C=P(C)(C)CCC1O[C@@H](n2cnc3c(=O)[nH]c(NC)nc32)[C@H](O)[C@@H]1O,success,229,212,241.76,
3830,CC(C)C(=O)Nc1nc2c(ncn2[C@@H]2O[C@H](CO)C(O)[C@@H]2O)c(=O)[nH]1,success,2414,2392,3414.15,
3831,Nc1nc2c(ncn2[C@H]2C[C@@H](O)[C@@H](COI)O2)c(=O)[nH]1,success,200,181,244.55,
3832,Nc1nc2c(ncn2[C@@H]2O[C@H](CO[P+](=O)O)C(O)[C@@H]2O)c(=O)[nH]1,success,268,249,295.98,
3833,C[C@@]1(N=[N+]=[N-])[C@H](O)[C@@H](CO)O[C@H]1n1cnc2c(=O)[nH]c(N)nc21,success,42,26,25.53,
3834,C[C@@]1(N)[C@H](O)[C@@H](CO)O[C@H]1n1cnc2c(=O)[nH]c(N)nc21,success,370,351,328.95,
3835,CC1CC(n2cnc3c(=O)[nH]c(N)nc32)OC1CO,success,216,197,182.75,
3836,COC[C@@H]1CC[C@H](n2cnc3c(=O)[nH]cnc32)O1,success,90,72,154.87,
3837,CO[C@@H]1[C@H](O)[C@@H](COP(=O)(O)OP(=O)(O)OP(=O)(O)O)O[C@H]1n1cnc2c(=O)[nH]cnc21,success,58,40,56.19,
3838,Nc1nc2c(ncn2[C@@H]2O[C@H](CO)[C@@H](O)[C@@H]2I)c(=O)[nH]1,success,287,268,237.54,
3839,CCCC(N)C(=O)NC1[C@@H](CO)O[C@@H](n2cnc3c(=O)[nH]c(N)nc32)[C@H]1O,success,752,734,331.51,
3840,COP(=O)(O)OP(=O)(O)OP(=O)(O)OCC1OC([n+]2cn(C)c3c(=O)[nH]cnc32)C(O)C1O,success,71,53,129.88,
3841,Cn1c[n+]([C@@H]2O[C@H](COP(=O)(O)OP(=O)(O)OP(=O)(O)O)C(O)[C@@H]2O)c2nc(N)[nH]c(=O)c21,success,60,44,86.14,
3842,C=P(C)(C)CC[C@H]1O[C@@H](n2cnc3c(=O)[nH]c(NC)nc32)[C@H](O)[C@@H]1O,success,230,213,235.24,
3843,COC[C@@H]1CCC(n2cnc3c(=O)[nH]cnc32)O1,success,90,72,106.0,
3844,COC[C@H]1O[C@@H](n2cnc3c(=O)[nH]cnc32)[C@](C)(O)[C@@H]1O,success,245,226,219.6,
3845,COC[C@H]1O[C@@H](n2cnc3c(=O)[nH]c(N)nc32)[C@](C)(O)[C@@H]1O,success,305,286,297.05,
3846,CCC(C)(O)P(=O)(O)OC[C@H]1O[C@@H]([n+]2cn(C)c3c(=O)[nH]cnc32)[C@H](O)[C@@H]1O,success,661,642,919.48,
3847,CCCC(N)C(=O)N[C@H]1C(O)[C@@H](CO)O[C@H]1n1cnc2c(=O)[nH]c(C)nc21,success,310,292,158.24,
3848,O=c1[nH]cnc2c1ncn2[C@@H]1O[C@H](CO)[C@@H](O)[C@H]1O.[Cu].[Pd],success,42,26,40.6,
3849,Nc1nc2c(ncn2[C@@H]2O[C@H](COP(=O)(O)O)[C@@H](O)[C@@]2(N)O)c(=O)[nH]1,success,149,131,247.29,
3850,[N-]=[N+]=Nc1nc2c(ncn2[C@H]2CC(O)[C@@H](CO)O2)c(=O)[nH]1,success,42,26,25.21,
3851,Nc1nc2c(ncn2[C@H]2O[C@@H](CO)[C@@H](O)C2O)c(=O)[nH]1,success,362,343,324.98,
3852,Cn1c[n+]([C@H]2O[C@@H](CO)[C@@H](O)C2O)c2nc(N)[nH]c(=O)c21,success,420,401,395.03,
3853,CO[C@@H]1[C@H](OP(O)(O)=S)[C@@H](CO)O[C@H]1n1cnc2c(=O)[nH]c(N)nc21,success,214,195,258.79,
3854,COCCO[C@@H]1[C@H](OP(=O)(O)O)[C@@H](CO)O[C@H]1n1cnc2c(=O)[nH]c(N)nc21,success,173,155,128.33,
3855,Nc1nc2c(ncn2[C@H]2C[C@H](OP(O)(O)=S)[C@@H](CO)O2)c(=O)[nH]1,success,226,207,272.4,
3856,Nc1nc2c(ncn2[C@@H]2O[C@H](CO)[C@@H](OP(O)(O)=S)[C@H]2O)c(=O)[nH]1,success,240,221,245.34,
3857,COC[C@H]1OC(n2cnc3c(=O)[nH]c(N)nc32)C(O)C1O,success,308,289,270.9,
3858,CP(=O)(O)OP(=O)(O)OCC1OC(n2cnc3c(=O)[nH]c(N)nc32)C(O)C1O,success,103,87,121.45,
3859,Nc1nc2c(ncn2C2OC(CO)[C@@H](O)C2O)c(=O)[nH]1,success,362,343,325.92,
3860,Cn1c[n+]([C@@H]2O[C@H](CO[P+](=O)O)C(O)C2O)c2nc(N)[nH]c(=O)c21,success,302,283,299.02,
3861,Cn1c[n+]([C@H]2CC[C@@H](CO)O2)c2nc(N)[nH]c(=O)c21,success,235,216,243.65,
3862,CO[C@@H]1[C@@H](CO)O[C@@H](n2cnc3c(=O)[nH]c(N)nc32)[C@]1(C)OC,success,223,204,257.71,
3863,Cn1c[n+]([C@@H]2O[C@H](COP(=O)(O)O)[C@@H](O)[C@H]2O)c2nc[nH]c(=O)c21,success,139,121,217.54,
3864,Cc1nc2c(ncn2[C@@H]2O[C@H](COC(C)C)[C@@H](O)[C@@]2(C)O)c(=O)[nH]1,success,311,292,260.72,
3865,Cc1nc2c(ncn2C2O[C@H](COC(C)C)[C@@H](O)[C@@]2(C)O)c(=O)[nH]1,success,311,292,300.51,
3866,CC(C)OC[C@H]1O[C@@H](n2cnc3c(=O)[nH]cnc32)[C@](C)(O)[C@@H]1O,success,635,615,594.03,
3867,Nc1nc2c(ncn2[C@@H]2O[C@H](COP(O)(O)=S)[C@H](O)C2O)c(=O)[nH]1,failed,259,240,255.48,min() arg is an empty sequence
3868,Cn1c[n+]([C@@H]2O[C@H](COP(=O)(O)OP(=O)(OO)OP(=O)(O)O)C(O)[C@@H]2O)c2nc(N)[nH]c(=O)c21,success,72,56,90.88,
3869,COC[C@H]1OC(n2cnc3c(=O)[nH]c(N)nc32)[C@](C)(O)[C@@H]1O,success,305,286,344.97,
3870,COC1C(O)[C@@H](C)O[C@H]1n1cnc2c(=O)[nH]c(NC(=O)C(C)C)nc21,success,965,943,1323.73,
3871,C[C@@]1(n2cnc3c(=O)[nH]c(N)nc32)O[C@H](CO)C(O)C1O,success,344,325,315.82,
3872,[N-]=[N+]=NC[C@H]1O[C@@H](n2cnc3c(=O)[nH]c(N)nc32)CC1O,failed,57,41,40.42,min() arg is an empty sequence
3873,NCC(=O)O.Nc1nc2c(ncn2[C@@H]2O[C@H](COP(=O)(O)O)[C@@H](O)[C@H]2O)c(=O)[nH]1,success,152,136,110.44,
3874,COC[C@H]1O[C@@H](n2cnc3c(=O)[nH]c(NCC(C)C)nc32)[C@H](O)[C@@H]1O,success,580,560,588.71,
3875,C=N[C@]1(CO)O[C@@H](n2cnc3c(=O)[nH]cnc32)[C@@H](C#N)[C@@H]1O,success,308,289,240.38,
3876,C#C[C@@H]1[C@H](n2cnc3c(=O)[nH]c(N)nc32)O[C@@](CO)(N=C)[C@H]1O,success,373,354,324.31,
3877,C=N[C@]1(CO)O[C@@H](n2cnc3c(=O)[nH]c(N)nc32)[C@@H](C#N)[C@@H]1O,success,42,26,25.91,
3878,C#C[C@@H]1[C@H](n2cnc3c(=O)[nH]cnc32)O[C@@](CO)(N=C)[C@H]1O,success,333,314,289.43,
3879,Cn1c[n+]([C@@H]2O[C@H](CO)[C@H](O)C2O)c2nc(N)[nH]c(=O)c21,success,420,401,398.45,
3880,Cn1c[n+]([C@@H]2O[C@H](COP(=O)(O)OP(=O)(O)OP(=O)(O)O)[C@H](O)C2O)c2nc(N)[nH]c(=O)c21,success,60,44,58.27,
3881,C[C@]1(O)[C@@H](O)[C@@H](CO)O[C@H]1n1cnc2c(=O)[nH]c(N)nc21,success,366,347,298.51,
3882,CN(C)c1nc2c(ncn2[C@@H]2O[C@H](COP(=O)(Cl)Cl)[C@H](O)C2O)c(=O)[nH]1,success,200,181,270.54,
3883,CN(C)c1nc2c(ncn2[C@@H]2O[C@H](CO)[C@H](O)C2O)c(=O)[nH]1,success,315,296,321.14,
3884,CN(C)c1nc2c(ncn2[C@@H]2O[C@H](COP(=O)(O)OP(=O)(O)OP(=O)(O)O)[C@H](O)C2O)c(=O)[nH]1,success,59,42,61.67,
3885,Cn1c[n+](C2OC(COP(=O)(O)OP(=O)(O)OP(=O)(O)O)C(O)C2O)c2nc[nH]c(=O)c21,success,60,44,56.19,
3886,C[C@]1(CO)O[C@@H](n2cnc3c(=O)[nH]c(N)nc32)[C@@H](O)C1I,failed,356,337,304.02,min() arg is an empty sequence
3887,CC(C)CNc1nc2c(ncn2[C@H]2CC(O)[C@@H](CO)O2)c(=O)[nH]1,success,1387,1367,1380.76,
3888,C[C@@]1(O)[C@H](O)[C@@H](COB(O)O)O[C@H]1n1cnc2c(=O)[nH]c(N)nc21,success,252,233,266.52,
3889,[2H]C[C@H]1O[C@@H](n2cnc3c(=O)[nH]c(NC(=O)C(C)C)nc32)CC1O,success,1374,1353,1886.13,
3890,[2H]C[C@H]1O[C@@H](n2cnc3c(=O)[nH]cnc32)CC1O,success,76,57,82.92,
3891,Cn1c[n+]([C@@H]2O[C@H](CO[P+](=O)O)C(O)[C@@H]2O)c2nc(N)[nH]c(=O)c21,success,301,282,342.95,
3892,CCCCCCCCCCCCCCNc1nc2c(ncn2[C@@H]2O[C@H](CO)C(O)C2O)c(=O)[nH]1,success,183,167,74.27,
3893,Nc1nc2c(ncn2[C@]2(P(=O)(O)O)O[C@H](CO)[C@@H](O)[C@H]2O)c(=O)[nH]1,success,119,101,149.83,
3894,CNc1nc2c(ncn2[C@@H]2O[C@@H]3CO[Si](C(C)C)(C(C)C)O[Si](C(C)C)(C(C)C)O[C@@H]3C2O)c(=O)[nH]1,success,42,26,28.75,
3895,Nc1nc2c(ncn2[C@@H]2O[C@H](CO)C(O)[C@H]2O)c(=O)[nH]1,success,362,343,430.34,
3896,COC[C@H]1O[C@@H](n2cnc3c(=O)[nH]c(N)nc32)[C@H](O)[C@@H]1OP(=O)(O)O,success,124,106,176.97,
3897,COP(=O)(O)OC[C@H]1O[C@@H](n2cnc3c(=O)[nH]c(N)nc32)C(O)C1O,success,208,190,301.76,
3898,[N-]=[N+]=NC1C(O)[C@@H](COP(=O)(O)O)O[C@H]1n1cnc2c(=O)[nH]cnc21,success,42,26,38.13,
3899,O=c1[nH]cnc2c1ncn2[C@@H]1O[C@@H](CO)[C@H](O)C1O,success,301,282,339.54,
3900,Nc1nc2c(ncn2[C@@H]2O[C@@H](CO)[C@H](O)[C@@H]2O)c(=O)[nH]1,success,361,342,334.12,
3901,Nc1nc2c(ncn2[C@@]2(CO)OC[C@H](O)[C@@H]2O)c(=O)[nH]1,success,325,306,327.71,
3902,CC(C)(C)[Si](C)(OC[C@H]1O[C@@H](n2cnc3c(=O)[nH]c(N)nc32)[C@H](O)[C@@H]1O)C(C)(C)C,success,91,75,64.68,
3903,C=CCNc1nc2c(ncn2[C@@H]2O[C@H](CO)C(O)C2O)c(=O)[nH]1,success,1216,1196,1322.94,
3904,C#CCOCCCOC1C(COC)OC(n2cnc3c(=O)[nH]c(N)nc32)C1O,success,358,339,149.18,
3905,CNc1nc2c(ncn2[C@@H]2O[C@H](CO)[C@@H](O)[C@@]2(C)O)c(=O)[nH]1,success,391,372,347.15,
3906,COCCO[C@@H]1[C@H](OP(O)(O)=S)[C@@H](CO)O[C@H]1n1cnc2c(=O)[nH]c(N)nc21,success,327,309,370.72,
3907,Nc1nc2c(ncn2[C@@H]2O[C@H](COP(O)(=S)OP(=O)(O)OP(=O)(O)O)C(O)[C@@H]2O)c(=O)[nH]1,success,57,41,83.93,
3908,COP(=S)(OC[C@H]1O[C@@H](n2cnc3c(=O)[nH]c(N)nc32)[C@@H](O)C1O)OP(=O)(O)OP(=O)(O)O,success,61,43,67.03,
3909,CP(=O)(OC[C@H]1O[C@@H](n2cnc3c(=O)[nH]c(N)nc32)[C@@H](O)C1O)OP(=O)(O)OP(=O)(O)O,success,80,64,80.71,
3910,COP(=O)(OC[C@H]1O[C@@H](n2cnc3c(=O)[nH]c(N)nc32)[C@@H](O)C1O)OP(=O)(O)OP(=O)(O)O,success,65,47,59.74,
3911,COC1[C@@H](COP(=O)(O)OP(=O)(O)OP(=O)(O)O)O[C@@H](n2cnc3c(=O)[nH]c(N)nc32)[C@H]1O,success,59,41,86.25,
3912,CO[C@H]1C(O)[C@@H](COP(=O)(O)OP(=O)(O)OP(=O)(O)O)O[C@H]1n1cnc2c(=O)[nH]c(N)nc21,success,58,40,72.51,
3913,COC1C(O)[C@@H](COP(=O)(O)O)O[C@H]1n1cnc2c(=O)[nH]c(N)nc21,success,148,130,205.74,
3914,Nc1nc2c(ncn2[C@@H]2O[C@H](CO)C(O)[C@@H]2N)c(=O)[nH]1,success,354,335,359.79,
3915,[N-]=[N+]=N[C@H]1C(O)[C@@H](CO)O[C@H]1n1cnc2nc(N)[nH]c(=O)c21,success,42,26,35.37,
3916,[N-]=[N+]=N[C@H]1C(O)[C@@H](CO)O[C@H]1n1cnc2c(=O)[nH]c(N)nc21,success,42,26,36.68,
3917,[N-]=[N+]=N[C@@H]1C[C@H](n2cnc3nc(N)[nH]c(=O)c32)O[C@@H]1CO,success,42,26,38.96,
3918,Cc1nc2c(ncn2C2OC(CO)C(O)C2(C)O)c(=O)[nH]1,success,299,280,363.03,
3919,Nc1nc2c(nc(Br)n2C2C[C@H](O)C(CO)O2)c(=O)[nH]1,success,260,241,285.84,
3920,C#C[C@]1(O)[C@H](O)[C@@H](CO)O[C@H]1n1cnc2c(=O)[nH]c(N)nc21,success,356,337,336.99,
3921,C#COC[C@H]1O[C@@H](n2cnc3c(=O)[nH]c(N)nc32)[C@@H](O)[C@@H]1O,success,297,278,267.93,
3922,Nc1nc2c(ncn2[C@@H]2O[C@H](CO)[C@@H](O)[C@@H]2Br)c(=O)[nH]1,success,287,268,239.58,
3923,Nc1nc2c(ncn2[C@H]2C[C@H](O)[C@@H](COS)O2)c(=O)[nH]1,success,200,181,180.69,
3924,Nc1nc2c(ncn2[C@@H]2O[C@H](CO)[C@@H](O)[C@H]2OC=S)c(=O)[nH]1,success,319,300,294.6,
3925,O=c1[nH]cnc2c1ncn2C1O[C@H](CO)[C@H](O)[C@H]1O,success,300,281,335.17,
3926,Nc1nc2c(ncn2[C@@H]2O[C@H]([C@@H](O)Br)[C@@H](O)[C@H]2O)c(=O)[nH]1,success,309,290,256.02,
3927,O=c1[nH]cnc2c1ncn2C1OC(CO)[C@@H](O)[C@H]1O,success,300,281,280.05,
3928,[N-]=[N+]=NC1C(O)[C@@H](CO)O[C@H]1n1cnc2c(=O)[nH]c(N)nc21,success,42,26,41.05,
3929,COOC[C@H]1O[C@@H](n2cnc3c(=O)[nH]c(N)nc32)[C@H](O)[C@@H]1O,failed,297,278,282.31,min() arg is an empty sequence
3930,CO[C@@]1(n2cnc3c(=O)[nH]c(N)nc32)O[C@H](CO)[C@@H](O)[C@H]1O,success,493,474,328.91,
3931,Nc1nc2c(ncn2[C@@H]2O[C@H](COP(=O)(O)SP(=O)(O)OP(=O)(O)O)C(O)C2O)c(=O)[nH]1,success,65,49,89.47,
3932,CC[C@H]1O[C@@H](n2cnc3c(=O)[nH]c(N)nc32)C[C@H]1O,success,542,521,382.05,
3933,CC[C@H]1O[C@@H](n2cnc3c(=O)[nH]c(N)nc32)[C@H](O)[C@@H]1O,success,694,673,498.14,
3934,CSCCCNc1nc2c(ncn2[C@@H]2O[C@H](CO)[C@@H](O)[C@H]2O)c(=O)[nH]1,success,1249,1230,1266.98,
3935,O=c1c2ncn([C@H]3CC(O)[C@@H](CO)O3)c2nc2n1CCCN2,success,248,229,305.96,
3936,C[C@]1(O)C(n2c(I)nc3c(=O)[nH]c(N)nc32)O[C@H](CO)[C@H]1O,failed,343,324,321.79,min() arg is an empty sequence
3937,CNc1nc2[nH+]cn(C3C[C@H](O)[C@@H](CO)O3)c(=O)c2[nH]1,success,345,326,379.64,
3938,C#CC[C@]1(CO)O[C@@H](n2cnc3c(=O)[nH]c(N)nc32)C(O)C1O,success,1008,989,765.0,
3939,CN(C)C=Nc1nc2c(ncn2[C@@H]2O[C@H](CO)C(O)[C@@H]2OCCC#N)c(=O)[nH]1,success,168,149,99.59,
3940,CCCc1nc2c(ncn2[C@@H]2O[C@H](CO)C(O)C2O)c(=O)[nH]1,success,1828,1806,1280.98,
3941,C[CH-]C(CCO)Nc1nc2c(ncn2C2OC(COP(=O)(O)OC)C(O)C2O)c(=O)[nH]1,success,439,420,291.75,
3942,CCOC[C@H]1O[C@@H](n2cnc3c(=O)[nH]c(N)nc32)[C@](C)(O)[C@@H]1O,success,853,831,710.76,
3943,O=c1[nH]cnc2c1ncn2[C@@H]1O[C@@H]2COP(=O)([O-])O[C@H]2[C@H]1O.[Na+],success,42,26,35.33,
3944,Cc1nc2c(ncn2[C@@H]2O[C@H](COP(=O)(O)O)[C@@H](O)[C@H]2O)c(=O)[nH]1,success,126,108,192.24,
3945,COc1nc2[nH+]c[nH]c2c(=O)n1C1C[C@H](O)[C@@H](CO)O1,success,297,278,261.05,
3946,NOCO[C@@H]1[C@H](O)[C@@H](CO)O[C@H]1n1cnc2c(=O)[nH]c(N)nc21,failed,395,375,337.1,min() arg is an empty sequence
3947,NOCOC1C(O)[C@@H](CO)O[C@H]1n1cnc2c(=O)[nH]c(N)nc21,success,416,396,381.32,
3948,CC[C@H]1O[C@@H](n2cnc3c(=O)[nH]cnc32)[C@@H](O)C1O,success,683,662,486.72,
3949,[2H]OC([2H])[C@H]1O[C@@H](n2cnc3c(=O)[nH]c(N)nc32)C[C@@H]1O,success,181,162,162.15,
3950,[2H]C1[C@H](O)[C@@H](CO)O[C@@]1([2H])n1cnc2c(=O)[nH]c(N)nc21,success,260,241,248.46,
3951,O=C(O)OC[C@@H]1CC[C@H](n2cnc3c(=O)[nH]cnc32)O1,success,339,321,411.04,
3952,Nc1nc2c(ncn2[C@@H]2O[C@H](COP(O)(O)=S)C(O)[C@@H]2O)c(=O)[nH]1,success,259,240,298.51,
3953,O=c1[nH]c[n+]2c3c1ncn3[C@@H]1O[C@]2(CO)C(O)C1O,success,277,258,267.88,
3954,CO[C@@H]1[C@H](O)[C@@H](CO)O[C@H]1n1cnc2c(=O)[nH]c(NC(=O)CC(C)C)nc21,success,272,252,170.94,
3955,COOCC1CCC(n2cnc3c(=O)[nH]cnc32)O1,success,98,80,142.84,
3956,CNc1nc2c(ncn2[C@@H]2O[C@H](CO)C(O)[C@@H]2OC)c(=O)[nH]1,success,337,318,300.31,
3957,C[C@@]1(O)C(n2cnc3c(=O)[nH]c(N)nc32)O[C@H](CO)[C@H]1O,success,366,347,312.67,
3958,C[C@@]1(N=[N+]=[N-])C(O)[C@@H](CO)O[C@H]1n1cnc2c(=O)[nH]c(N)nc21,success,42,26,40.38,
3959,C[C@@]1(N)C(O)[C@@H](CO)O[C@H]1n1cnc2c(=O)[nH]c(N)nc21,success,372,353,353.28,
3960,COC[C@H]1O[C@@H](n2cnc3c(=O)[nH]cnc32)CC1OC,success,148,130,183.65,
3961,[N-]=[N+]=N[C@]1(CO)O[C@@H](n2cnc3c(=O)[nH]cnc32)CC1O,success,42,26,36.94,
3962,[2H][C@]1(CO)O[C@@H](n2cnc3c(=O)[nH]c(N)nc32)C[C@@H]1O,success,318,299,250.78,
3963,[2H][C@]1(CO)O[C@@H](n2cnc3c(=O)[nH]c(N)nc32)CC1O,success,319,300,274.68,
3964,COC[C@H]1CC[C@@H](n2cnc3c(=O)[nH]cnc32)O1,success,90,72,107.03,
3965,C[C@@]12CO[C@@H]([C@H](n3cnc4c(=O)[nH]c(N)nc43)O1)[C@@H]2O,failed,115,96,119.07,min() arg is an empty sequence
3966,CC(=O)OC[C@H]1OC(n2cnc3c(=O)[nH]cnc32)C(OC(C)=O)[C@H]1OC(C)=O,success,374,353,267.65,
3967,NCCNC(=O)CO[C@H]1C(O)[C@@H](CO)O[C@H]1n1cnc2c(=O)[nH]c(N)nc21,success,582,564,292.93,
3968,C=COC1[C@@H](CO)O[C@@H](n2cnc3c(=O)[nH]c(N)nc32)[C@H]1O,success,342,323,363.35,
3969,COP(=O)(OC)OPOC[C@H]1O[C@@H](n2cnc3c(=O)[nH]c(N)nc32)[C@@H](O)C1O,success,133,115,133.23,
3970,CN(C)C=Nc1nc2c(ncn2[C@H]2CC[C@@H](CO)O2)c(=O)[nH]1,success,213,194,236.32,
3971,CN(C)C=Nc1nc2c(ncn2[C@@H]2O[C@H](CO)[C@@H](O)[C@H]2O[Si](C)(C)C(C)(C)C)c(=O)[nH]1,success,42,26,28.01,
3972,Nc1nc2c(ncn2C2OC(COP(=O)(O)O[P+](=O)O)[C@H](O)[C@@H]2O)c(=O)[nH]1,success,103,87,119.8,
3973,C[C@@H]1[C@H](n2cnc3c(=O)[nH]c(N)nc32)O[C@@](CO)(N=[N+]=[N-])[C@H]1O,success,42,26,33.95,
3974,CCCCCCCCCCCCCCCCCCNc1nc2c(ncn2[C@@H]2O[C@H](CO)C(O)C2O)c(=O)[nH]1,success,42,26,32.36,
3975,CC(C)C(=O)OC[C@H]1O[C@@H](n2cnc3c(=O)[nH]cnc32)[C@H](O)[C@@H]1O,success,2072,2051,3401.77,
3976,C[C@H]1O[C@@H](n2cnc3c(=O)[nH]c(N)nc32)CC1O,success,116,97,92.1,
3977,CNc1nc2[nH+]c[nH]c2c(=O)n1C1C[C@H](O)[C@@H](CO)O1,success,345,326,284.78,
3978,CC(=O)N(C(C)=O)c1nc2c(ncn2[C@@H]2O[C@H](CO)CC2O)c(=O)[nH]1,success,1950,1927,2308.96,
3979,[N-]=[N+]=NC[C@H]1O[C@@H](n2cnc3c(=O)[nH]cnc32)C(O)C1O,failed,64,48,38.28,min() arg is an empty sequence
3980,CC(=O)Nc1nc2c(ncn2[C@@H]2O[C@H](COC(C)=O)C[C@H]2O)c(=O)[nH]1,success,2629,2606,4467.48,
3981,CC(=O)OOC(OC(C)=O)(OC(C)=O)[C@H]1O[C@@H](n2cnc3c(=O)[nH]cnc32)[C@H](O)[C@@H]1O,success,42,26,44.55,
3982,Cc1nc2c(ncn2C2CC(O)C(CO)O2)c(=O)[nH]1,success,255,236,242.82,
3983,COC[C@H]1O[C@@H]([n+]2c[nH]c3c(=O)[nH]c(N)nc32)[C@H](O)[C@@H]1O,success,320,301,281.32,
3984,COCC1OC(n2cnc3c(=O)[nH]c(N)nc32)C(C)(O)C1O,success,305,286,284.43,
3985,CO[C@@H]1C(O)[C@@H](CO)O[C@H]1[n+]1c[nH]c2c(=O)[nH]c(N)nc21,success,334,315,286.71,
3986,CC(C)(C)[Si](C)(C)c1nc2c(ncn2[C@@H]2O[C@H](CO)C(O)C2O)c(=O)[nH]1,success,42,26,30.07,
3987,CC[C@H]1O[C@@H](n2cnc3c(=O)[nH]cnc32)[C@H](O)[C@@H]1O,success,678,657,531.99,
3988,CNc1nc2c(ncn2[C@@H]2O[C@H](CO)[C@@H](OC)[C@H]2O)c(=O)[nH]1,success,336,317,360.12,
3989,NP(O)(=S)OC[C@H]1O[C@@H](n2cnc3c(=O)[nH]cnc32)[C@H](O)[C@@H]1O,success,274,255,297.78,
3990,CN(C)C=Nc1nc2c(ncn2[C@@H]2O[C@H](CO)[C@H](O)C2O)c(=O)[nH]1,success,328,309,333.38,
3991,CCCC(N)C(=O)NC1[C@@H](CO)O[C@@H](n2cnc3c(=O)[nH]cnc32)[C@H]1O,success,3952,3932,6648.59,
3992,CCCC(N)C(=O)N[C@H]1C(O)[C@@H](CO)O[C@H]1n1cnc2c(=O)[nH]cnc21,success,3905,3885,6650.7,
3993,CCCC(N)C(=O)N[C@H]1C(O)[C@@H](CO)O[C@H]1n1cnc2c(=O)[nH]c(N)nc21,success,655,637,334.63,
3994,CCOC1C(OC(C)=O)C(CO[C@@H](C)O)OC1n1cnc2c(=O)[nH]cnc21,success,497,474,245.1,
3995,CCOC1C(O[C@@H](C)O)C(COC(C)=O)OC1n1cnc2c(=O)[nH]cnc21,success,506,483,285.86,
3996,C[C@H](O)OC1C(O[C@@H](C)O)C(CO[C@@H](C)O)OC1n1cnc2c(=O)[nH]cnc21,success,521,503,299.13,
3997,Nc1nc2c(ncn2[C@@H]2O[C@H](COOP(=O)(O)O)[C@](O)(OP(=O)(O)O)[C@H]2O)c(=O)[nH]1,success,42,26,35.3,
3998,COC1C(O)C(n2cnc3c(=O)[nH]c(N)nc32)OC1C(C)O,success,994,972,879.52,
3999,CN(C)C=Nc1nc2c(ncn2[C@H]2CC(O)[C@@H](CO)O2)c(=O)[nH]1,success,327,308,329.68,
4000,COC[C@H]1O[C@@H](n2cnc3c(=O)[nH]c(C)nc32)[C@@H](O)[C@H]1OC,success,171,152,228.01,
4001,Nc1nc2c(ncn2[C@@H]2O[C@H](COP(=O)(O)O[P+](=O)O)C(O)C2O)c(=O)[nH]1,success,103,87,109.02,
4002,Nc1nc2c(ncn2C2O[C@H](C(O)OP(=O)(O)O)[C@H](O)[C@H]2O)c(=O)[nH]1,success,97,81,135.93,
4003,C=CCOC[C@H]1O[C@@H](n2cnc3c(=O)[nH]cnc32)[C@H](O)[C@@H]1O,success,936,916,906.77,
4004,CO[C@@H]1C(O)[C@@H]([n+]2cn(C)c3c(=O)[nH]c(N)nc32)O[C@H]1COP(=O)(O)O,success,157,139,303.22,
4005,C[C@H]1C[C@@H](n2cnc3c(=O)[nH]cnc32)OC1CO,success,165,146,156.87,
4006,Nc1nc2c(ncn2[C@@H]2O[C@H](CO)C(O)C2O[C@@]2(O)CO[C@H](CO)[C@H]2O)c(=O)[nH]1,success,58,42,67.83,
4007,CC1(C)OC2[C@@H](O1)[C@@H](CO)O[C@H]2n1cnc2c(=O)[nH]c(N)nc21,success,188,169,215.14,
4008,O=c1[nH]cnc2c1ncn2[C@@H]1O[C@H](COP(=O)(O)OP(=O)(O)OP(=O)(O)O)[C@H](O)C1O,success,57,41,55.72,
4009,Nc1nc2c(nc(N)n2[C@@H]2O[C@H](CO)[C@H](O)C2O)c(=O)[nH]1,success,403,384,361.38,
4010,COC1[C@@H](O)[C@@H](CO)O[C@H]1n1cnc2c(=O)[nH]cnc21,success,270,251,250.63,
4011,Nc1nc2c(ncn2[C@@H]2O[C@H](COP(=O)(O)OP(=O)(O)O)[C@H](O)C2O)c(=O)[nH]1,success,73,57,65.54,
4012,CC(C)C(=O)Nc1nc2c(ncn2[C@@H]2O[C@H](CO)[C@H](O)C2O)c(=O)[nH]1,success,2414,2392,3303.42,
4013,O=c1[nH]cnc2c1ncn2[C@@H]1O[C@H](CO)[C@H](O)[C@@H]1O,success,300,281,248.17,
4014,Nc1nc2c(ncn2[C@@H]2O[C@H](COP(=O)(O)OP(O)(O)=S)[C@H](O)C2O)c(=O)[nH]1,success,103,87,120.91,
4015,Nc1nc2c(ncn2[C@@H]2O[C@H](COP(=O)(O)O)[C@@H](O)[C@H]2O)c(=O)[nH]1.O,success,42,26,52.25,
4016,O=c1[nH]cnc2c1n[14cH]n2[C@@H]1O[C@H](CO)[C@@H](O)[C@H]1O,success,300,281,249.9,
4017,[2H][C@]1(n2cnc3c(=O)[nH]c(N)nc32)C[C@H](O)[C@@H](CO)O1,success,260,241,283.41,
4018,[2H][C@@H]1[C@H](O)[C@@H](CO)O[C@@]1([2H])n1cnc2c(=O)[nH]c(N)nc21,success,260,241,354.48,
4019,O=C/C=C/Nc1nc2c(ncn2[C@H]2C[C@H](O)[C@@H](CO)O2)c(=O)[nH]1,success,2835,2815,2789.21,
4020,Nc1nc2c(ncn2[C@@H]2O[C@H](COP(=O)([O-])OP(=O)([O-])[O-])[C@@H](O)[C@H]2O)c(=O)[nH]1.[NH4+].[NH4+].[NH4+],success,42,26,54.3,
4021,C=CCO[C@H]1[C@@H](O)[C@H](n2cnc3c(=O)[nH]c(N)nc32)O[C@@H]1CO,success,1037,1017,968.97,
4022,[N-]=[N+]=NCO[C@@H]1[C@H](O)[C@@H](CO)O[C@H]1n1cnc2c(=O)[nH]c(N)nc21,success,99,82,72.83,
4023,NNC[C@H]1O[C@@H](n2cnc3c(=O)[nH]c(N)nc32)[C@H](O)[C@@H]1O,success,75,59,72.77,
4024,C=CC(CO)n1c[n+]([C@@H]2O[C@H](CO)[C@@H](O)[C@H]2O)c2nc(N)[nH]c(=O)c21,success,1688,1667,1263.97,
4025,[N-]=[N+]=N[C@H]1[C@@H](O)[C@H](n2cnc3c(=O)[nH]cnc32)O[C@@H]1CO,success,42,26,25.42,
4026,O=c1[nH]cnc2c1n[14cH]n2[C@@H]1O[C@H](COP(=O)(O)O)[C@@H](O)[C@H]1O,success,119,101,191.17,
4027,CC(C)CNc1nc2c(ncn2[C@H]2C[C@@H](O)[C@H](CO)O2)c(=O)[nH]1,success,1374,1354,1229.72,
4028,Nc1nc2c(ncn2[C@]2(CO)O[C@H](CO)[C@@H](O)[C@H]2O)c(=O)[nH]1,success,507,488,331.81,
4029,Nc1nc2c(nc(N)n2[C@@H]2O[C@H](CO)[C@H](O)[C@@H]2O)c(=O)[nH]1,success,402,383,359.48,
4030,[N-]=[N+]=N[C@@H]1C[C@@H](CO)O[C@H]1n1cnc2c(=O)[nH]c(N)nc21,success,42,26,36.09,
4031,[N-]=[N+]=N[C@@H]1C[C@@H](CO)O[C@H]1n1cnc2c(=O)[nH]cnc21,success,42,26,33.8,
4032,Cn1c[n+]([C@H]2C[C@H](OP(=O)(O)O)[C@@H](CO)O2)c2nc(N)[nH]c(=O)c21,success,251,232,295.16,
4033,Nc1nc2c(ncn2[C@@H]2O[C@@H](CO)C[C@@H]2O)c(=O)[nH]1,success,288,269,302.24,
4034,[2H][C@@]1(O)[C@H](O)[C@@H](CO)O[C@H]1n1cnc2c(=O)[nH]c(N)nc21,success,343,324,293.31,
4035,C[C@H]1[C@H](O)[C@@H](CO)O[C@H]1n1cnc2c(=O)[nH]cnc21,success,275,256,246.79,
4036,Nc1nc2c(ncn2C2OC(CO)C(CO)C2O)c(=O)[nH]1,success,663,644,559.85,
4037,NCC1C(CO)OC(n2cnc3c(=O)[nH]c(N)nc32)C1O,success,395,376,345.75,
4038,COCCOC1C(O)C(CO)OC1n1cnc2c(=O)[nH]c(NC(=O)C(C)C)nc21,success,384,363,220.14,
4039,Cc1nc2c(ncn2[C@@H]2O[C@H](CN=[N+]=[N-])C(O)[C@@H]2O)c(=O)[nH]1,success,64,48,39.49,
4040,Cc1nc2c(ncn2[C@@H]2O[C@H](CO)C(O)[C@@H]2O)c(=O)[nH]1,success,301,282,262.4,
4041,Cc1nc2c(ncn2[C@@H]2O[C@H](CI)C(O)[C@@H]2O)c(=O)[nH]1,success,132,113,116.4,
4042,Cc1nc2c(ncn2[C@@H]2O[C@H](CN=[N+]=[N-])C(N)[C@@H]2O)c(=O)[nH]1,failed,58,42,58.47,min() arg is an empty sequence
4043,CNc1nc2c(ncn2[C@H]2CC(O)[C@@H](COPPP)O2)c(=O)[nH]1,success,243,224,349.32,
4044,CNc1nc2c(ncn2[C@@H]2O[C@H](COPPP)C(O)[C@@H]2O)c(=O)[nH]1,failed,288,269,398.07,min() arg is an empty sequence
4045,[N-]=[N+]=Nc1nc2c(=O)[nH]c(N)nc2n1[C@@H]1O[C@H](CO)[C@H](O)C1O,success,42,26,27.21,
4046,CC[C@]1(CO)O[C@@H](n2cnc3c(=O)[nH]c(N)nc32)[C@H](O)[C@@H]1O,failed,1202,1180,882.39,min() arg is an empty sequence
4047,CC(=O)OC[C@H]1[C@@H](OC(C)=O)[C@H](n2cnc3c(=O)[nH]c(N)nc32)O[C@@H]1CO,success,2682,2659,3665.36,
4048,[N-]=[N+]=NC[C@H]1[C@@H](O)[C@H](n2cnc3c(=O)[nH]c(N)nc32)O[C@@H]1CO,success,75,59,55.2,
4049,Nc1nc2c(ncn2[C@@H]2O[C@H](CO)[C@@H](CO)[C@H]2O)c(=O)[nH]1,success,691,672,485.54,
4050,NC[C@H]1[C@@H](O)[C@H](n2cnc3c(=O)[nH]c(N)nc32)O[C@@H]1CO,success,393,374,343.99,
4051,O=c1[nH]cnc2c1ncn2[C@H]1C[C@H](O)[C@@H](CO)O1.[H]/N=C(\N)N(C)CC(=O)O,success,42,26,44.73,
4052,Nc1nc2c(ncn2[C@@H]2O[C@H](COP(=O)(O)OP(=O)(O)OCCNC(=O)O)[C@@H](O)[C@H]2O)c(=O)[nH]1,success,136,120,190.08,
4053,Nc1nc2c(ncn2[C@@H]2O[C@H](COP(=O)(O)OP(=O)(O)OCCNC(=O)O)[C@H](O)[C@H]2O)c(=O)[nH]1,success,136,120,145.69,
4054,NCC1O[C@@H](n2cnc3c(=O)[nH]c(N)nc32)[C@H](O)C1O,success,216,197,189.29,
4055,[N-]=[N+]=NC[C@H]1O[C@@H](n2cnc3c(=O)[nH]c(N)nc32)[C@@H](O)[C@@H]1O,success,65,49,61.49,
4056,NCCOP(=O)(O)OP(=O)(O)OC[C@H]1O[C@@H](n2cnc3c(=O)[nH]c(N)nc32)[C@H](O)[C@H]1O,success,156,140,186.87,
4057,NCC1O[C@@H](n2cnc3c(=O)[nH]c(N)nc32)C(O)C1O,success,217,198,182.29,
4058,C/C(=N\c1nc2c(ncn2[C@H]2CC(O)[C@@H](CO)O2)c(=O)[nH]1)N(C)C,success,703,683,756.89,
4059,C/C(=N\c1nc2c(ncn2[C@H]2CC(O)[C@@H](CO)O2)c(=O)[nH]1)N1CCOCC1,success,42,26,28.42,
4060,C/C(=N\c1nc2c(ncn2[C@H]2C[C@@H](O)[C@@H](CO)O2)c(=O)[nH]1)N(C)C,success,696,676,779.53,
4061,CCOC1CC(n2cnc3c(=O)[nH]c(N)nc32)OC1CO,success,949,927,808.8,
4062,CCOC1C(O)C(CO)OC1n1cnc2c(=O)[nH]c(N)nc21,success,1001,979,750.19,
4063,COC1CC(n2cnc3c(=O)[nH]c(N)nc32)OC1CO,failed,276,257,232.72,min() arg is an empty sequence
4064,[N-]=[N+]=Nc1nc2c(ncn2[C@@H]2O[C@H](CO)[C@@H](O)[C@H]2O)c(=O)[nH]1,success,42,26,40.69,
4065,[N-]=[N+]=Nc1nc2c(ncn2[C@@H]2O[C@H](CO)C(O)C2O)c(=O)[nH]1,success,42,26,36.65,
4066,C=CCOC[C@H]1O[C@@H](n2cnc3c(=O)[nH]c(N=[N+]=[N-])nc32)[C@H](O)[C@@H]1O,success,42,26,32.66,
4067,Cc1nc2ncn([C@@H]3O[C@@](CO)(N=[N+]=[N-])[C@@H](O)[C@H]3O)c2c(=O)[nH]1,success,42,26,35.5,
4068,CC(=O)Nc1nc2ncn([C@@H]3O[C@@](CO)(N=[N+]=[N-])[C@@H](O)[C@H]3O)c2c(=O)[nH]1,success,42,26,57.55,
4069,[N-]=[N+]=N[C@]1(COP(=O)(O)OP(=O)(O)OP(=O)(O)O)OC(n2cnc3c(=O)[nH]c(N)nc32)[C@H](O)[C@@H]1O,success,42,26,51.18,
4070,COC[C@H]1O[C@@H](n2cnc3c(=O)[nH]c(N)nc32)C(OCCCCCCN)C1O,success,314,295,101.13,
4071,CO[C@@H]1[C@H](O)[C@@H](CO)O[C@H]1n1cnc2c(=O)[nH]c(N)nc21.O,success,42,26,41.03,
4072,CO[C@]1(CO)O[C@@H](n2cnc3c(=O)[nH]c(N)nc32)[C@@H](N=[N+]=[N-])[C@@H]1O,success,42,26,26.18,
4073,CO[C@]1(CO)O[C@@H](n2cnc3c(=O)[nH]c(N)nc32)[C@H](N=[N+]=[N-])[C@@H]1O,success,42,26,39.53,
4074,CC1(C)[C@@H](CO)O[C@@H](n2cnc3c(=O)[nH]c(N)nc32)[C@]1(C)O,failed,287,268,321.55,min() arg is an empty sequence
4075,[2H]c1nc2c(=O)[nH]cnc2n1C1OCC(OC(C)(C)C)C1O,success,375,355,282.08,
4076,[2H]c1nc2c(=O)[nH]c(N)nc2n1[C@H]1CC(O)[C@@H](CO)O1,success,261,242,327.01,
4077,Cn1c[n+]([C@@H]2O[C@H](COP(=O)(O)O)C(O)[C@@H]2O)c2nc(N)[nH]c(=O)c21,success,157,139,228.74,
4078,CCCOP(=O)(O)OP(=O)(O)OC[C@H]1O[C@@H](n2cnc3c(=O)[nH]c(N)nc32)[C@H](O)[C@@H]1O,success,161,143,126.36,
4079,Nc1nc2c(ncn2[C@@H]2O[C@H](CI)[C@@H](O)[C@@H]2O)c(=O)[nH]1,success,182,163,154.2,
4080,CO[C@@H]1[C@H](O)[C@@H](COP(O)(O)=S)O[C@H]1n1cnc2c(=O)[nH]c(N)nc21,success,229,210,287.4,
4081,C=CCOc1nc2c(=O)[nH]c(N)nc2n1C1O[C@H](CO)[C@@H](O)[C@H]1O,success,988,968,777.84,
4082,NCCNC(=O)COC1C(O)[C@@H](CO)O[C@H]1n1cnc2c(=O)[nH]c(N)nc21,success,600,582,313.87,
4083,CC[C@H]1O[C@@H](n2cnc3c(=O)[nH]c(NCC(C)C)nc32)[C@@H](O)C1O,success,795,776,825.99,
4084,C#CCO[C@@H]1C[C@H](n2cnc3c(=O)[nH]c(N)nc32)O[C@@H]1CO,success,704,685,642.72,
4085,CO[C@H]1[C@@H](OP(=O)(O)O)[C@H](n2cnc3c(=O)[nH]c(N)nc32)O[C@@H]1CO,success,121,103,165.91,
4086,Nc1nc2c(ncn2[C@@H]2O[C@H](CO)[C@@H](O)[C@H]2O)c(=O)[nH]1.[N-]=[N+]=[N-],success,42,26,26.24,
4087,Nc1nc2c(ncn2[C@@H]2O[C@H](CO)[C@@H](O)[C@H]2O)c(=O)[nH]1.[N-]=[N+]=N,success,42,26,26.31,
4088,NC(=O)NCCCC(N)C(=O)O.Nc1nc2c(ncn2[C@@H]2O[C@H](CO)[C@@H](O)[C@H]2O)c(=O)[nH]1,success,42,26,69.37,
4089,NC(=O)NCCC[C@H](N)C(=O)OC[C@H]1O[C@@H](n2cnc3c(=O)[nH]c(N)nc32)[C@H](O)[C@@H]1O,success,497,481,225.4,
4090,NC(=O)NCCC[C@H](N)C(=O)O.Nc1nc2c(ncn2[C@@H]2O[C@H](CO)[C@@H](O)[C@H]2O)c(=O)[nH]1,success,42,26,56.13,
4091,Nc1nc2c(ncn2[C@@H]2O[C@H](COO)[C@H](O)C2O)c(=O)[nH]1,success,232,213,170.15,
4092,Nc1nc2c(ncn2[C@@H]2O[C@H](CO[P+](=O)O)[C@H](O)C2O)c(=O)[nH]1,success,268,249,279.02,
4093,Nc1nc2c(ncn2C2OC(COC(O)I)C(O)C2O)c(=O)[nH]1,success,413,394,310.74,
4094,Cc1nc2c(ncn2[C@]2(C)O[C@H](CO)[C@@H](O)[C@H]2O)c(=O)[nH]1,success,277,258,238.58,
4095,COC(C)[C@H]1O[C@@H](n2cnc3c(=O)[nH]cnc32)[C@H](O)[C@@H]1O,success,776,755,632.2,
4096,C[C@@]1(n2cnc3c(=O)[nH]cnc32)O[C@H](CO)[C@@H](O)[C@@]1(C)O,success,281,262,261.67,
4097,[N-]=[N+]=N[C@]1(COP(=O)(O)OP(=O)(O)OP(=O)(O)O)O[C@@H](n2cnc3c(=O)[nH]c(N)nc32)[C@H](O)[C@@H]1O,success,42,26,40.81,
4098,COCC1OC(n2cnc3c(=O)[nH]c(N)nc32)CC1OC,success,200,181,183.16,
4099,NCCC(=O)Nc1nc2c(ncn2[C@H]2C[C@@H](O)[C@@H](CO)O2)c(=O)[nH]1,success,2682,2661,3593.53,
4100,C#CC[C@H]1O[C@@H](n2cnc3c(=O)[nH]c(N)nc32)[C@H](O)[C@@H]1O,success,590,571,450.19,
4101,CC[C@H]1O[C@@H](n2cnc3c(=O)[nH]c(N=CN(C)C)nc32)C(O)[C@H]1O,success,650,630,544.5,
4102,CN(C)C=Nc1nc2c(ncn2[C@@H]2O[C@H](CO)[C@H](N)C2O)c(=O)[nH]1,success,75,58,44.23,
4103,C#CCO[C@H]1[C@@H](O)[C@H](n2cnc3c(=O)[nH]c(N)nc32)O[C@@H]1CO,success,688,669,649.6,
4104,C#CCO[C@H]1C[C@H](n2cnc3c(=O)[nH]c(N)nc32)O[C@@H]1CO,success,704,685,575.58,
4105,Nc1nc2c(ncn2[C@@H]2O[C@H](CO)[C@@H](NS(N)(=O)=O)[C@H]2O)c(=O)[nH]1,success,42,26,37.09,
4106,Nc1nc2c(ncn2[C@H]2C[C@H](NS(N)(=O)=O)[C@@H](CO)O2)c(=O)[nH]1,success,42,26,35.66,
4107,O=c1[nH]cnc2c1ncn2[C@H]1C[C@H](O)[C@@H](COP(=O)([O-])OP(=O)([O-])O)O1.[Na+].[Na+],success,42,26,33.87,
4108,CC(C)C(=O)Nc1nc2c(ncn2[C@H]2C[C@H](N)[C@@H](CO)O2)c(=O)[nH]1,success,1864,1842,2599.91,
4109,C[C@@]1(O)[C@H](O)[C@@H](COP(O)(O)=S)O[C@H]1n1cnc2c(=O)[nH]c(N)nc21,success,262,243,329.91,
4110,C[C@]1(n2cnc3c(=O)[nH]c(N)nc32)O[C@H](CO)C(O)C1O,success,344,325,325.03,
4111,Nc1nc2c(nc(Br)n2[C@@H]2O[C@H](CO)[C@@H](O)[C@H]2O)c(=O)[nH]1.[H+],success,339,320,430.37,
4112,CC(C)(C)OC(=O)Nc1nc2c(ncn2[C@H]2C[C@H](O)[C@@H](CO)O2)c(=O)[nH]1,success,700,681,697.93,
4113,O=c1[nH]c(N=CCN2CCOCC2)nc2c1ncn2[C@H]1C[C@H](O)[C@@H](CO)O1,success,42,26,27.01,
4114,COC[C@H]1O[C@@H](n2cnc3c(=O)[nH]c(C)nc32)[C@](C)(O)[C@@H]1O,success,219,200,208.28,
4115,C#CCOC1[C@@H](COPO)O[C@@H](n2cnc3c(=O)[nH]c(N)nc32)[C@H]1O,success,615,596,745.24,
4116,C#CCOC1[C@@H](CO)O[C@@H](n2cnc3c(=O)[nH]c(N)nc32)[C@H]1O,success,712,693,642.84,
4117,Nc1nc2c(ncn2[C@@H]2O[C@H](COPOP(=O)(O)O)C(O)[C@@H]2O)c(=O)[nH]1,success,110,94,135.28,
4118,Nc1nc2c(ncn2[C@@H]2O[C@H](COS(N)=O)[C@@H](O)[C@H]2O)c(=O)[nH]1,success,257,238,200.05,
4119,NCCOP(=O)(O)OC[C@H]1O[C@@H](n2cnc3c(=O)[nH]c(N)nc32)[C@H](O)[C@@H]1O,success,540,522,871.37,
4120,COC1C(O)[C@@H](CO)O[C@H]1n1cnc2c(=O)[nH]c(NCC(C)C)nc21,success,649,629,643.4,
4121,CN(C)CC=Nc1nc2c(ncn2[C@H]2C[C@H](O)[C@@H](CO)O2)c(=O)[nH]1,success,700,682,796.22,
4122,CC(=Nc1nc2c(ncn2[C@H]2C[C@H](O)[C@@H](CO)O2)c(=O)[nH]1)N1CCOCC1,success,42,26,27.07,
4123,CCC[C@H]1O[C@@H](n2cnc3c(=O)[nH]c(N)nc32)[C@@H](O)C1OC,success,1295,1273,966.85,
4124,C#CCOC1C(O)[C@H](n2cnc3c(=O)[nH]c(N)nc32)O[C@@H]1CO,success,717,698,645.51,
4125,Nc1nc2c(ncn2[C@@H]2OC(CO)[C@H](O)[C@@H]2O)c(=O)[nH]1,success,361,342,302.31,
4126,CNc1nc2c(ncn2[C@@H]2O[C@H](CO)[C@H](O)C2OC)c(=O)[nH]1,success,356,337,323.63,
4127,COC[C@H]1O[C@@H](n2cnc3c(=O)[nH]c(C)nc32)[C@H](O)[C@@H]1O,success,241,222,210.36,
4128,CCCCC(=O)OC1C(O)C(CO)OC1n1cnc2c(=O)[nH]c(N)nc21,success,2284,2262,2631.5,
4129,C#C[C@H]1O[C@@H](n2cnc3c(=O)[nH]c(N)nc32)C[C@@H]1O,failed,115,96,116.64,min() arg is an empty sequence
4130,CN(C)C=Nc1nc2c(ncn2[C@@H]2O[C@H](CO)C(N)C2O)c(=O)[nH]1,failed,75,58,61.34,min() arg is an empty sequence
4131,[N-]=[N+]=NC[C@H]1O[C@@H](n2cnc3c(=O)[nH]c(N)nc32)C[C@@H]1O,success,57,41,55.72,
4132,Nc1nc2c(ncn2[C@@H]2OC[C@H](O)[C@H]2O)c(=O)[nH]1,success,174,155,200.89,
4133,C#C[C@H]1O[C@@H](n2cnc3c(=O)[nH]c(N)nc32)[C@H](O)[C@@H]1O,success,182,163,166.2,
4134,C#C[C@H]1O[C@@H](n2cnc3c(=O)[nH]c(N)nc32)[C@@H](O)[C@@H]1O,success,182,163,147.34,
4135,O=c1[nH]cnc2c1ncn2[C@]1(CO)O[C@H](COP(=O)(O)O)[C@@H](O)[C@H]1O,success,104,88,128.39,
4136,CNc1nc2c(ncn2[C@H]2C[C@@H](O)[C@@H](COPPP)O2)c(=O)[nH]1,success,242,223,286.03,
4137,CNc1nc2c(ncn2[C@@H]2O[C@H](COPPP)[C@H](O)C2O)c(=O)[nH]1,success,288,269,350.98,
4138,C[C@]1(O)C(O)[C@@H](CON)O[C@H]1n1cnc2c(=O)[nH]c(N)nc21,success,282,262,297.7,
4139,Nc1nc2c(ncn2[C@@H]2O[C@H](CO)[C@@H](O)[C@@H]2S)c(=O)[nH]1,success,287,268,292.94,
4140,[N-]=[N+]=N[C@H]1[C@H](O)[C@@H](CO)O[C@H]1n1cnc2c(=O)[nH]c(N)nc21,success,42,26,40.95,
4141,[2H]OCC1OC(n2cnc3c(=O)[nH]c(NC)nc32)CC1O,success,242,223,230.06,
4142,Nc1nc2c(ncn2[C@@H]2O[C@H](COOC=S)[C@@H](O)[C@H]2O)c(=O)[nH]1,success,299,280,301.9,
4143,N#CCCOP(N)O[C@H]1[C@@H](O)[C@H](n2cnc3c(=O)[nH]c(N)nc32)O[C@@H]1CO,success,168,149,154.12,
4144,Nc1nc2c(ncn2[C@@H]2O[C@H](COCC(=O)O)[C@@H](O)[C@H]2O)c(=O)[nH]1,success,1410,1391,1445.55,
4145,NC(N)=NCCCO[C@@H]1[C@H](O)[C@@H](COP(N)O)O[C@H]1n1cnc2c(=O)[nH]c(N)nc21,success,223,204,113.7,
4146,O=c1[nH]cnc2c1ncn2[C@H]1C[C@H](OP(O)(O)=S)[C@@H](CO)O1,success,173,154,250.04,
4147,O=c1[nH]cnc2c1ncn2[C@@H]1O[C@H](CO)[C@@H](OP(O)(O)=S)[C@H]1O,success,189,170,203.08,
4148,C=CCOC1C(O)[C@H](n2cnc3c(=O)[nH]c(N)nc32)O[C@@H]1CO,success,1069,1049,975.01,
4149,C#C[C@@]1(O)[C@H](O)[C@@H](COC)O[C@H]1n1cnc2c(=O)[nH]c(N)nc21,success,265,246,275.88,
4150,Nc1nc2c(ncn2[C@@H]2O[C@H](COP(=O)(O)O)C(OP(=O)(O)O)[C@@H]2O)c(=O)[nH]1,success,64,48,71.16,
4151,CCC1C(CO)OC(n2cnc3c(=O)[nH]c(N)nc32)C1O,success,1182,1160,787.36,
4152,Cc1nc2c(=O)[nH]c(N)nc2n1C1OC(CO)C(O)C1(C)O,success,357,338,296.9,
4153,CC1(N)C(O)C(CO)OC1n1cnc2c(=O)[nH]c(N)nc21,success,372,353,296.77,
4154,Nc1nc2c(ncn2[C@@H]2O[C@H](COP(O)CO)C[C@@H]2O)c(=O)[nH]1,success,379,360,411.64,
4155,C=COC1C(CO)OC(n2cnc3c(=O)[nH]c(N)nc32)C1O,success,343,324,333.18,
4156,Nc1nc2c(ncn2C2OC(CO)C(N)C2O)c(=O)[nH]1,success,357,338,282.66,
4157,CN(C)P1(=S)OCC2OC(n3cnc4c(=O)[nH]c(N)nc43)C(O)C2O1,failed,120,101,150.59,min() arg is an empty sequence
4158,O=c1[nH]cnc2c1ncn2[C@@H]1O[C@H](COP(=O)([O-])O)[C@@H](O)[C@H]1O.[K+],success,42,26,43.83,
4159,O.O.O.O.O.O.O.O=c1[nH]cnc2c1ncn2[C@@H]1O[C@H](COP(=O)([O-])[O-])[C@@H](O)[C@H]1O.[Na+].[Na+],success,42,26,46.62,
4160,CC(C)C(=O)Nc1nc2c(ncn2[C@@H]2O[C@H](CO)[C@H](O)[C@@H]2O)c(=O)[nH]1,success,2338,2316,3111.7,
4161,CC1C(n2cnc3c(=O)[nH]c(N)nc32)OC(CO)(CO)C1O,success,446,427,303.88,
4162,CN(C)c1nc2c(ncn2[C@@H]2O[C@H](COP(=O)(O)OP(=O)(O)OP(=O)(O)O)C(O)C2O)c(=O)[nH]1,success,59,42,87.75,
4163,CN(C)c1nc2c(ncn2[C@@H]2O[C@H](COP(=O)(Cl)Cl)C(O)C2O)c(=O)[nH]1,success,201,182,220.89,
4164,C#CC1OC(n2cnc3c(=O)[nH]c(N)nc32)CC1O,success,116,97,134.94,
4165,CO[C@H]1C(O)[C@@H](COP(=O)(OC)OP(=O)(O)OP(=O)(O)O)O[C@H]1n1cnc2c(=O)[nH]c(N)nc21,success,63,45,59.71,
4166,COC1[C@@H](CO)O[C@@H](n2cnc3c(=O)[nH]c(N)nc32)[C@H]1O,failed,335,316,331.29,min() arg is an empty sequence
4167,Nc1nc2c(ncn2C2OC(CO[P+](=O)O)CC2O)c(=O)[nH]1,success,248,229,326.45,
4168,Nc1nc2c(ncn2C2OC(C(O)S)C(O)C2O)c(=O)[nH]1,success,369,349,401.48,
4169,Nc1nc2c(ncn2C2OC(COP(=O)(O)O)CC2O)c(=O)[nH]1,success,176,157,194.74,
4170,CNc1nc2c(ncn2C2OC(CO)C(O)C2OC)c(=O)[nH]1,success,357,338,391.28,
4171,CC[C@H]1O[C@@H](n2cnc3c(=O)[nH]c(N)nc32)[C@@H](OCCCCCCN)C1O,success,314,295,144.53,
4172,CC[C@H]1O[C@@H](n2cnc3c(=O)[nH]c(N)nc32)[C@@H](O)C1OCCCCCCN,success,340,321,131.56,
4173,Nc1nc2c(ncn2C2OC(CO)C(NS(N)(=O)=O)C2O)c(=O)[nH]1,success,42,26,38.35,
4174,CCCC(N)C(=O)NC1C(O)[C@@H](CO)O[C@H]1n1cnc2c(=O)[nH]c(N)nc21,success,756,738,378.11,
4175,CCCC(N)C(=O)NC1C(O)[C@@H](CO)O[C@H]1n1cnc2c(=O)[nH]cnc21,success,4044,4024,6493.15,
4176,CCCC(N)C(=O)NC1C(O)[C@H](n2cnc3c(=O)[nH]cnc32)O[C@@H]1CO,success,4045,4025,7042.47,
4177,CCCC(N)C(=O)NC1C(O)[C@H](n2cnc3c(=O)[nH]c(N)nc32)O[C@@H]1CO,success,756,738,396.65,
4178,CC(C)C(N)C(=O)OCC1OC(n2cnc3c(=O)[nH]cnc32)C(O)C1O,success,2453,2435,3344.88,
4179,Cn1c[n+](C2OC(COP(=O)(O)O)C(O)C2O)c2nc[nH]c(=O)c21,success,142,124,234.81,
4180,CC1[C@@H](CO)O[C@@H](n2cnc3c(=O)[nH]c(N)nc32)[C@H]1O,success,333,314,282.36,
4181,[15NH2][13c]1[15n][13c]2[13c]([15n][13cH][15n]2[13C@H]2[13CH2][13C@H](O)[13C@@H]([13CH2]O)O2)[13c](=O)[15nH]1,success,270,251,310.1,
4182,COP(=S)(OC)OCC1OC(n2cnc3c(=O)[nH]c(N)nc32)C(O)C1O,failed,278,259,291.49,min() arg is an empty sequence
4183,CC(N)C(=O)OCC1OC(n2cnc3c(=O)[nH]cnc32)C(O)C1O,success,4133,4112,8228.17,
4184,Nc1nc2c(ncn2[C@@H]2O[C@H](COO)C(OO)C2OO)c(=O)[nH]1,success,53,37,78.93,
4185,CCCC1OC(n2cnc3c(=O)[nH]c(N)nc32)C(O)C1O,success,1312,1290,848.68,
4186,O=c1[nH]cnc2c1ncn2[C@@H]1O[C@@]2(CO)CO[C@@H]1[C@@H]2O,success,292,273,265.4,
4187,Nc1nc2c(ncn2C2OC(COP)C(O)C2O)c(=O)[nH]1,success,266,247,303.72,
4188,CC(O)C1OC(n2cnc3c(=O)[nH]c(N)nc32)C(C)(O)C1O,success,991,969,788.12,
4189,CC(=O)OC1CC(CO)OC1n1cnc2c(=O)[nH]c(N)nc21,success,1333,1310,1315.43,
4190,CC(O)C1CC(C)(O)C(n2cnc3c(=O)[nH]c(N)nc32)O1,success,877,855,621.86,
4191,Nc1nc2c(ncn2C2OC(COPO)C(O)C2O)c(=O)[nH]1,success,324,305,291.73,
4192,C#CC1OC(n2cnc3c(=O)[nH]c(N)nc32)C(O)C1O,failed,184,165,185.13,min() arg is an empty sequence
4193,COC(CO)CCC(O)n1cnc2c(=O)[nH]c(N)nc21,success,4548,4526,2760.26,
4194,N#CCCOP(=O)(OCCC#N)OCC1OC(n2cnc3c(=O)[nH]cnc32)C(O)C1O,success,321,302,212.83,
4195,C#Cc1nc2c(=O)[nH]c(N)nc2n1[C@H]1C[C@H](O)[C@@H](CO)O1,success,290,271,257.34,
4196,C[C@H]1C[C@@H](CO)O[C@H]1n1cnc2c(=O)[nH]cnc21,success,165,146,147.23,
4197,CC[C@@]1(O)[C@@H](O)[C@@H](CO)O[C@H]1n1cnc2c(=O)[nH]c(N)nc21,success,1223,1200,888.79,
4198,CC[C@@]1(N=[N+]=[N-])O[C@@H](n2cnc3c(=O)[nH]c(N)nc32)[C@H](O)[C@@H]1O,success,42,26,38.73,
4199,COCCOC1[C@@H](C)[C@@H](CO)O[C@H]1n1cnc2c(=O)[nH]c(N)nc21,success,893,875,674.59,
4200,CC(O)C1CCC(n2cnc3c(=O)[nH]c(N)nc32)O1,success,662,640,470.24,
4201,CC(=O)O[C@@H]1[C@@H](OC(C)=O)[C@@H](CO)O[C@H]1n1cnc2c(=O)[nH]c(NC(=O)C(C)C)nc21,success,179,160,144.98,
4202,CCCC(N)C(=O)NC1[C@@H](O)[C@@H](CO)O[C@H]1n1cnc2c(=O)[nH]c(N)nc21,success,752,734,470.4,
4203,CCCC(N)C(O)NC1[C@@H](O)[C@@H](CO)O[C@H]1n1cnc2c(=O)[nH]cnc21,success,2718,2697,2834.46,
4204,CCCc1nc2c(ncn2[C@@H]2O[C@H](CO)[C@@H](O)[C@H]2O)c(=O)[nH]1,success,1804,1782,1297.53,
4205,N[13c]1n[13c]2[13c](n[13cH]n2[13C@@H]2O[13C@H]([13CH2]O)[13C@@H](O)[13C@H]2O)[13c](=O)[nH]1,success,338,319,336.37,
4206,C#CC1(O)C(O)C(CO)OC1n1cnc2c(=O)[nH]c(N)nc21,success,357,338,323.12,
4207,[2H]C1([2H])[C@H](O)[C@@H](CO)O[C@H]1n1cnc2c(=O)[nH]c(N)nc21,success,260,241,229.32,
4208,CNc1nc2c(ncn2[C@@H]2O[C@H](CO)[C@H](O)[C@@H]2O)c(=O)[nH]1,success,395,376,330.75,
4209,O=c1[nH]cnc2c1ncn2[C@@H]1O[C@H](COP(=O)(O)O)[C@@H](O)[C@H]1O.[Na].[Na],success,42,26,52.21,
4210,NCCNC(=O)O[C@H]1[C@@H](O)[C@H](n2cnc3c(=O)[nH]c(N)nc32)O[C@@H]1COP(=O)(O)O,success,110,94,73.48,
4211,COC[C@H]1O[C@@H](n2cnc3c(=O)[nH]c(N)nc32)C(O)[C@H]1OC,success,245,226,295.65,
4212,CC(C)C(=O)Nc1nc2c(ncn2C2C[C@H](N)C(CO)O2)c(=O)[nH]1,success,1842,1820,2527.13,
4213,CC(C)C(=O)Nc1nc2c(ncn2[C@@H]2O[C@H](CO)[C@@H](O)[C@H]2OC=O)c(=O)[nH]1,success,2227,2204,3494.28,
4214,CCN(CC)CC.Nc1nc2c(ncn2[C@@H]2O[C@H](COP(=O)(O)OP(=O)(O)O)[C@@H](O)[C@H]2O)c(=O)[nH]1,success,42,26,63.57,
4215,CCN(CC)CC.Nc1nc2c(ncn2[C@@H]2O[C@H](COP(=O)(O)O)[C@@H](O)[C@H]2O)c(=O)[nH]1,success,42,26,42.74,
4216,CCCCN(CCCC)CCCC.Nc1nc2c(ncn2[C@@H]2O[C@H](COP(=O)(O)O)[C@@H](O)[C@H]2O)c(=O)[nH]1,success,42,26,55.76,
4217,CCCC[NH+](CCCC)CCCC.CCCC[NH+](CCCC)CCCC.Nc1nc2c(ncn2[C@@H]2O[C@H](COP(=O)([O-])[O-])[C@@H](O)[C@H]2O)c(=O)[nH]1,success,42,26,44.16,
4218,Nc1nc2c(ncn2[C@@H]2O[C@H](COOI)[C@@H](O)[C@H]2O)c(=O)[nH]1,success,245,226,275.16,
4219,CC1(O)CC(CO)OC1n1cnc2c(=O)[nH]c(N)nc21,success,309,290,280.04,
4220,Cc1nc2c(ncn2C2OC(CO)C(O)C2C)c(=O)[nH]1,success,295,276,223.83,
4221,COC1C(O)C([N+](C)(C)C)OC1n1cnc2c(=O)[nH]c(N)nc21,success,159,140,169.96,
4222,CN(C)C=Nc1nc2c(ncn2C2CCC(CO)O2)c(=O)[nH]1,success,213,194,201.9,
4223,COc1nc2c(ncn2[C@@H]2O[C@H](CO)[C@@H](O)[C@H]2O)c(=O)[nH]1,success,305,286,241.51,
4224,NC(=O)c1nc2c(=O)[nH]c(N)nc2n1[C@@H]1O[C@H](CO)[C@@H](O)[C@H]1O,success,734,715,656.08,
4225,Nc1nc2c(ncn2C2CC(NS(N)(=O)=O)C(CO)O2)c(=O)[nH]1,success,42,26,25.65,
4226,CNC1OC(n2cnc3c(=O)[nH]c(N(C)C)nc32)C(O)C1O,success,217,198,192.18,
4227,C#CCC1OC(n2cnc3c(=O)[nH]c(N)nc32)C(O)C1O,success,592,573,448.8,
4228,Nc1nc2c(ncn2C2CC(O)C(COP)O2)c(=O)[nH]1,failed,200,181,285.26,min() arg is an empty sequence
4229,NCc1nc2c(ncn2[C@@H]2O[C@H](CO)[C@H](O)C2O)c(=O)[nH]1,success,348,329,297.91,
4230,Cn1c[n+]([C@@H]2O[C@H](CO)[C@H](O)C2O)c2nc(CN)[nH]c(=O)c21,success,393,374,337.67,
4231,COC1[C@@H](O)[C@@H](CO)O[C@H]1n1cnc2c(=O)[nH]c(CN)nc21,failed,310,291,325.27,min() arg is an empty sequence
4232,Nc1nc2c(ncn2[C@H]2O[C@@H](CO[P+](=O)O)C[C@@H]2O)c(=O)[nH]1,success,248,229,288.85,
4233,O=c1[nH]cnc2c1ncn2[C@@H]1CCC(CO)O1,success,134,115,132.4,
4234,Nc1nc2c(ncn2C2CC[C@H](CO)O2)c(=O)[nH]1,success,182,163,209.85,
4235,O=c1[nH]cnc2c1ncn2[C@H]1OC(CO)C[C@@H]1O,success,235,216,210.59,
4236,NCC(=O)O.O=c1[nH]cnc2c1ncn2[C@@H]1O[C@H](CO)[C@@H](O)[C@H]1O,success,573,557,340.84,
4237,NCC(=O)OC[C@H]1O[C@@H](n2cnc3c(=O)[nH]cnc32)[C@H](O)[C@@H]1O,success,2523,2504,2806.16,
4238,Nc1nc2c(ncn2[C@@H]2OC3C(O)C3(O)C2O)c(=O)[nH]1,success,265,246,261.36,
4239,CC(O)C1CCC(n2cnc3c(=O)[nH]cnc32)O1,success,651,629,492.45,
4240,Nc1nc2c(ncn2C2OC(CNc3c(N)c(=O)c3=O)C(O)C2O)c(=O)[nH]1,success,79,63,93.64,
4241,CC(=Nc1nc2c(ncn2[C@H]2CC(O)[C@@H](CO)O2)c(=O)[nH]1)N1CCOCC1,success,42,26,36.32,
4242,Nc1nc2c(ncn2C2CC(O)C(CNc3c(N)c(=O)c3=O)O2)c(=O)[nH]1,success,73,57,70.41,
4243,CO[C@H]1[C@@H](O)[C@H]([n+]2cn(C)c3c(=O)[nH]c(N)nc32)O[C@@H]1COP(=O)(O)OP(=O)(O)O,success,78,60,83.74,
4244,CC1O[C@@H](n2cnc3c(=O)[nH]cnc32)[C@@](C)(O)C1O,success,133,114,114.96,
4245,CC1(O)C(n2cnc3c(=O)[nH]c(N)nc32)OC(CO)[C@@H]1O,success,366,347,312.21,
4246,CC1(n2cnc3c(=O)[nH]c(N)nc32)OC(CO)[C@H](O)C1O,success,344,325,324.84,
4247,CC1(n2cnc3c(=O)[nH]c(N)nc32)O[C@H](CO)C(O)C1O,success,344,325,341.9,
4248,C[C@]1(O)C(O)[C@@H](CO)OC1n1cnc2c(=O)[nH]c(N)nc21,success,367,348,328.86,
4249,Nc1nc2c(ncn2C2CC(O)C(CO[P+](=O)O)O2)c(=O)[nH]1,success,242,223,270.65,
4250,[15NH2][13c]1[15n][13c]2[13c]([15n][13cH][15n]2[13C@@H]2O[13C@H]([13CH2]O)[13C@@H](O)[13C@H]2O)[13c](=O)[15nH]1,success,338,319,277.57,
4251,CCOC[C@H]1O[C@@H](n2cnc3c(=O)[nH]c(N(C(=O)OC(C)(C)C)C(=O)OC(C)(C)C)nc32)[C@@H](O)C1OCC,success,42,26,45.6,
4252,CCOC[C@H]1O[C@@H](n2cnc3c(=O)[nH]c(NC(=O)CC(=O)CC)nc32)[C@@H](O)C1OCC,success,338,317,164.77,
4253,CC[C@H]1O[C@@H](n2cnc3c(=O)[nH]c(NC)nc32)CC1O,success,672,651,562.85,
4254,CCO[C@@H]1C(OPP)[C@H](n2cnc3c(=O)[nH]c(NC)nc32)O[C@@H]1CO,success,782,760,985.65,
4255,CNc1nc2c(ncn2[C@H]2C[C@@H](OP)[C@@H](CO)O2)c(=O)[nH]1,success,224,205,313.01,
4256,CC[C@H]1O[C@@H](n2cnc3c(=O)[nH]c(NC)nc32)C[C@H]1O,success,667,646,533.21,
4257,[3H]C[C@H]1O[C@@H](n2cnc3c(=O)[nH]c(NC)nc32)C[C@H]1O,failed,123,104,162.38,min() arg is an empty sequence
4258,[3H]C[C@H]1O[C@@H](n2cnc3c(=O)[nH]c(N(C)C)nc32)C[C@H]1O,success,81,62,78.49,
4259,CN(C)c1nc2c(ncn2[C@H]2C[C@@H](OP)[C@@H](CO)O2)c(=O)[nH]1,success,166,147,221.46,
4260,CCO[C@@H]1C(OPP)[C@H](n2cnc3c(=O)[nH]c(N(C)C)nc32)O[C@@H]1CO,success,551,529,845.9,
4261,CCOC[C@H]1O[C@@H](n2cnc3c(=O)[nH]c(N(C(=O)OC(C)(C)C)C(=O)OC(C)(C)C)nc32)C(O)[C@H]1OCC,success,42,26,54.78,
4262,CCOC[C@H]1O[C@@H](n2cnc3c(=O)[nH]c(NC(=O)CC(=O)CC)nc32)C(O)[C@H]1OCC,success,336,315,170.31,
4263,Nc1nc2c(ncn2C2OC(COC(=O)C(N)CO)C(O)C2O)c(=O)[nH]1,success,3995,3974,6110.34,
4264,CCCCPCCOC1CC(n2cnc3c(=O)[nH]c(N)nc32)OC1CO,success,254,234,125.32,
4265,CP(=O)(OC[C@H]1O[C@@H](n2cnc3c(=O)[nH]c(N)nc32)C(O)C1O)OP(=O)(O)OP(=O)(O)O,success,80,64,113.95,
4266,COP(=O)(OC[C@H]1O[C@@H](n2cnc3c(=O)[nH]c(N)nc32)C(O)C1O)OP(=O)(O)OP(=O)(O)O,success,65,47,89.36,
4267,COP(=S)(OC[C@H]1O[C@@H](n2cnc3c(=O)[nH]c(N)nc32)C(O)C1O)OP(=O)(O)OP(=O)(O)O,success,61,43,86.61,
4268,CNc1nc2c(ncn2[C@@H]2O[C@H](CO)C(OC(C)=O)[C@@H]2OC)c(=O)[nH]1,success,1144,1121,1358.24,
4269,[N-]=[N+]=NC[C@H]1O[C@@H](n2cnc3c(=O)[nH]c(N)nc32)[C@@H](O)C1O,failed,65,49,58.28,min() arg is an empty sequence
4270,CC1(CO)O[C@@H](n2cnc3c(=O)[nH]c(N)nc32)[C@@H](O)C1O,success,362,343,370.82,
4271,CO[C@H]1[C@@H](O)[C@@H](CO)O[C@H]1n1cnc2c(=O)[nH]c(N)nc21,failed,316,297,297.8,min() arg is an empty sequence
4272,CN(C)c1nc2c(ncn2[C@@H]2O[C@H](CO)[C@H](O)[C@@H]2O)c(=O)[nH]1,success,314,295,331.1,
4273,CNc1nc2c(ncn2[C@@H]2O[C@H](CO)C(O)[C@@H]2O)c(=O)[nH]1,success,396,377,402.17,
4274,CO[C@H]1C(O)[C@@H](CO)O[C@H]1n1cnc2c(=O)[nH]cnc21,success,254,235,220.23,
4275,CNc1nc2c(c(=O)[nH]1)n(C)c[n+]2C1OC(CO)C(O)C1O,success,449,430,454.11,
4276,Nc1nc2c(ncn2[C@@H]2O[C@H](COC3OO3)[C@@H](O)[C@H]2O)c(=O)[nH]1,success,243,224,249.12,
4277,Nc1nc2c(ncn2[C@@H]2O[C@H](COC=O)[C@@H](O)[C@H]2O)c(=O)[nH]1,success,606,587,501.85,
4278,CC(=O)O[C@@H]1[C@@H](O)[C@H](n2cnc3c(=O)[nH]c(NC(=O)C(C)C)nc32)O[C@@H]1CO,success,328,306,236.34,
4279,COP(=O)(O)O[C@H]1C(O)[C@@H](CO)O[C@H]1n1cnc2c(=O)[nH]c(N)nc21,success,196,178,265.5,
4280,COP(=O)(O)O[C@H]1C[C@@H](CO)O[C@H]1n1cnc2c(=O)[nH]c(N)nc21,success,306,287,437.04,
4281,COP(O)(=S)O[C@H]1C(O)[C@@H](CO)O[C@H]1n1cnc2c(=O)[nH]c(N)nc21,success,318,299,405.78,
4282,COP(O)(=S)O[C@@H]1C[C@@H](CO)O[C@H]1n1cnc2c(=O)[nH]c(NC(=O)C(C)C)nc21,success,1586,1564,3692.32,
4283,[2H]OC[C@@H]1CC[C@H](n2cnc3c(=O)[nH]c(N)nc32)O1,success,117,100,111.69,
4284,C[C@@]1(O)C(O)[C@@H](CO)O[C@H]1n1cnc2c(=O)[nH]cnc21,success,305,286,250.08,
4285,[2H][13c]1nc2c(=O)[nH]cnc2n1C1OC(COC(C)(C)C)[C@@H](OC(C)(C)C)C1O,success,143,126,100.87,
4286,[2H]c1nc2c(=O)[nH]cnc2n1C1OC(COC(C)(C)C)[C@@H](OC(C)(C)C)C1O,success,143,126,81.02,
4287,[N-]=[N+]=N[C@]1(CO)O[C@@](O)(n2cnc3nc(N)[nH]c(=O)c32)[C@H](O)[C@@H]1O,success,135,117,66.15,
4288,NCC1OC(Cn2cnc3c(=O)[nH]c(N)nc32)C(O)C1O,success,227,208,200.71,
4289,CCC1OC(n2cnc3c(=O)[nH]c(N)nc32)C(O)C1OC,success,727,706,508.72,
4290,Nc1nc2c(ncn2C2CC(CO)C(CO)O2)c(=O)[nH]1,success,505,486,405.75,
4291,COP(O)(=S)OCC1OC(n2cnc3c(=O)[nH]c(N)nc32)C(O)C1O,success,319,300,364.92,
4292,CN(C)c1nc2c(ncn2[C@@H]2O[C@H](COP(=O)(O)OP(=O)(O)O)C(O)[C@@H]2O)c(=O)[nH]1,success,74,57,83.65,
4293,CC(N)C(=O)OCC1OC(n2cnc3c(=O)[nH]c(N)nc32)C(O)C1O,success,2980,2959,5713.4,
4294,CO[C@@H]1C(O)[C@@H]([n+]2cn(C)c3c(=O)[nH]c(N)nc32)O[C@H]1COP(=O)([O-])[O-],success,213,195,374.29,
4295,CC(=Nc1nc2c(ncn2[C@H]2CC(O)[C@@H](CO)O2)c(=O)[nH]1)N(C)C,success,703,683,756.17,
4296,CC(O)C(=O)OC[C@H]1O[C@@H](n2cnc3c(=O)[nH]cnc32)[C@H](O)[C@@H]1OP(=O)(O)O,success,219,199,131.04,
4297,O=c1[nH]cnc2c1ncn2[C@@H]1O[C@H](COP(=O)(O)O)C(O)[C@@H]1O,success,120,102,183.66,
4298,COP(=O)(O)OC[C@H]1O[C@@H](n2cnc3c(=O)[nH]cnc32)[C@@H](O)C1O,success,189,171,273.33,
4299,COP(=O)(O)OC[C@H]1O[C@@H](n2cnc3c(=O)[nH]c(N)nc32)[C@@H](O)C1O,success,207,189,315.56,
4300,CN(C)C=Nc1nc2c(ncn2C2OC(CO)C(N)C2O)c(=O)[nH]1,failed,75,58,39.26,min() arg is an empty sequence
4301,NNCC1OC(n2cnc3c(=O)[nH]c(N)nc32)C(O)C1O,success,75,59,47.75,
4302,O=c1[nH]cnc2c1ncn2C1OC(CO)[C@@H](O)[C@H]1OC1CCCCO1,success,86,70,71.75,
4303,Cn1c[n+](C[C@@H]2O[C@H](CO)C(O)[C@@H]2O)c2nc(N)[nH]c(=O)c21,success,374,355,310.23,
4304,[2H][13c]1nc2c(=O)[nH]cnc2n1C1O[C@H](COC(C)(C)C)[C@@H](OC(C)(C)C)C1O,success,143,126,116.1,
4305,[2H]c1nc2c(=O)[nH]cnc2n1C1O[C@H](COC(C)(C)C)[C@@H](OC(C)(C)C)C1O,success,143,126,117.43,
4306,C#C[C@@]1(O)[C@H](O)[C@@H](CO)O[C@@H]1n1cnc2c(=O)[nH]c(N)nc21,success,356,337,355.28,
4307,Cl.Nc1nc2c(ncn2[C@@H]2O[C@H](CO)[C@@H](O)[C@H]2O)c(=O)[nH]1,success,42,26,25.98,
4308,CC[NH+](CC)CC.Cn1c[n+]([C@@H]2O[C@H](COP(=O)(O)OP(=O)(O)OP(=O)(O)O)[C@@H](O)[C@H]2O)c2nc(N)[nH]c(=O)c21,success,42,26,57.15,
4309,C#CCOCC1OC(n2cnc3c(=O)[nH]c(N)nc32)C(O)C1O,success,643,624,581.69,
4310,C[C@@]1(n2cnc3c(=O)[nH]cnc32)O[C@H](COP(O)(O)=S)[C@@H](O)[C@H]1O,success,196,177,200.94,
4311,Nc1nc2c(ncn2[C@@H]2OC(COP(=O)(O)O)[C@@H](O)C2O)c(=O)[nH]1,success,134,116,194.56,
4312,Nc1nc2c(ncn2C2OC(CO)C[C@H]2O)c(=O)[nH]1,success,288,269,345.78,
4313,O=c1[nH]c(Cl)nc2c1ncn2[C@@H]1O[C@H](CO)C(O)[C@H](O)C1O,success,569,550,432.77,
4314,O=c1[nH]c(Cl)nc2c1ncn2C1O[C@H](CO)[C@@H](O)[C@H](O)[C@H]1O,success,529,510,345.21,
4315,CO[C@H]1C(n2cnc3c(=O)[nH]c(N)nc32)OC(COP(=O)(O)OP(=O)(O)OP(=O)(O)OC)[C@H]1O,success,67,49,74.0,
4316,Nc1nc2c(ncn2[C@@H]2O[C@H](CO)[C@@H](O)[C@H](O)[C@H]2O)c(=O)[nH]1,success,631,612,353.89,
4317,Nc1nc2c(ncn2[C@@H]2O[C@H](CO)[C@@H](O)[C@H](O)C2O)c(=O)[nH]1,success,653,634,416.93,
4318,COP(O)(=S)OC1C[C@H](n2cnc3c(=O)[nH]c(N)nc32)O[C@@H]1CO,success,316,297,413.26,
4319,CC(=Nc1nc2c(ncn2[C@H]2C[C@H](O)[C@@H](CO)O2)c(=O)[nH]1)N(C)C,success,696,676,763.95,
4320,Nc1nc2c(ncn2[C@H]2CCC(CO)O2)c(=O)[nH]1,success,182,163,221.72,
4321,COC1C(O)C(COP(=O)(O)OP(=O)(O)OP(=O)(O)OC)OC1n1cnc2c(=O)[nH]c(N)nc21,success,69,51,75.49,
4322,NN=Nc1nc2c(ncn2[C@@H]2O[C@H](CO[P+](=O)O)C(O)C2O)c(=O)[nH]1,success,42,26,49.57,
4323,Cn1c[n+]([C@@H]2O[C@H](CI)[C@@H](O)[C@H]2O)c2nc(N)[nH]c(=O)c21,success,215,196,194.82,
4324,C=C(O)[C@H]1O[C@@H](n2cnc3c(=O)[nH]c(N)nc32)[C@H](O)[C@@H]1O,success,312,293,270.07,
4325,CN(C)c1nc2c(ncn2[C@@H]2O[C@H](CO)[C@@H](O)[C@H]2O)c(=O)[nH]1.O,success,42,26,29.44,
4326,N[C@H]1[C@@H](O)[C@H](n2cnc3c(=O)[nH]cnc32)O[C@@H]1CO,success,315,296,287.6,
4327,CNc1nc2c(ncn2[C@@H]2O[C@H](CO)[C@@H](O)[C@H]2O)c(=O)[nH]1.O,success,42,26,26.49,
4328,Nc1nc2c(ncn2[C@@H]2O[C@H](COP(=O)([O-])OP(=O)([O-])OP(=O)([O-])O)[C@@H](O)[C@H]2O)c(=O)[nH]1.[Li+].[Li+].[Li+],success,42,26,58.82,
4329,Nc1nc2c(ncn2[C@]2(CCO)O[C@H](CO)[C@@H](O)[C@H]2O)c(=O)[nH]1,success,1592,1571,1055.61,
4330,C[C@@]1(O)C(O)CO[C@H]1n1cnc2c(=O)[nH]c(N)nc21,success,175,156,162.92,
4331,COP(=O)(O)OCC1OC([n+]2cn(C)c3c(=O)[nH]c(N)nc32)[C@H](O)[C@@H]1O,success,241,223,355.23,
4332,O=c1[nH]cnc2c1ncn2[C@]1(O)O[C@H](CO)[C@@H](O)[C@H]1O,success,515,496,283.68,
4333,CCOC1[C@@H](CN=[N+]=[N-])O[C@@H](n2cnc3c(=O)[nH]c(N)nc32)[C@H]1O,success,86,69,46.48,
4334,CO[C@@]1(CO)CO[C@@H](n2cnc3c(=O)[nH]c(N)nc32)[C@@H]1O,success,413,394,392.17,
4335,CC[C@H]1O[C@@H](n2cnc3c(=O)[nH]c(N)nc32)C(O)C1O,success,704,683,556.08,
4336,COC1O[C@@H]2[C@H](O1)[C@@H](CO)O[C@H]2n1cnc2c(=O)[nH]c(N)nc21,failed,300,281,289.5,min() arg is an empty sequence
4337,C=N[C@]1(CO)O[C@@H](n2cnc3c(=O)[nH]c(N)nc32)C(C#N)[C@@H]1O,success,42,26,40.26,
4338,C#C[C@@H]1[C@H](n2cnc3c(=O)[nH]cnc32)O[C@](C)(CO)[C@H]1O,success,300,281,299.5,
4339,COP(=O)(O)OP(=O)(O)OP(=O)(O)OC[C@H]1O[C@@H]([n+]2cn(C)c3c(=O)[nH]c(N)nc32)[C@@H](O)C1O,success,75,57,102.01,
4340,O=c1[nH]cnc2c1nc(I)n2[C@@H]1O[C@H](CO)C(O)C1O,success,284,265,291.02,
4341,[N-]=[N+]=Nc1nc2c(=O)[nH]cnc2n1[C@@H]1O[C@H](CO)C(O)C1O,success,42,26,41.73,
4342,[N-]=[N+]=Nc1nc2c(=O)[nH]c(N)nc2n1[C@H]1C[C@H](O)[C@@H](CO)O1,success,42,26,28.38,
4343,Nc1nc2c(ncn2[C@@H]2O[C@H](COP(O)(O)=S)[C@H](O)[C@@H]2O)c(=O)[nH]1,success,258,239,278.25,
4344,CO[C@@H]1C[C@@](O)(CO)O[C@H]1n1cnc2c(=O)[nH]c(N)nc21,success,380,361,363.42,
4345,CN(C)CNc1nc2c(ncn2[C@@H]2O[C@H](CO)[C@@H](O)[C@H]2O)c(=O)[nH]1,success,419,400,480.08,
4346,[15NH2][13c]1[15n][13c]2[13c]([15n][13cH][15n]2[13C@@H]2O[13C@H]([13CH2]OP(=O)([O-])OP(=O)([O-])OP(=O)([O-])[O-])[13C@@H](O)[13C@H]2O)[13c](=O)[15nH]1.[Na+].[Na+].[Na+].[Na+],success,42,26,57.32,
4347,O=c1[nH]c(Cl)nc2c1ncn2[C@@H]1O[C@H](CO)[C@@H](O)[C@@H]1O,success,282,263,249.14,
4348,Nc1nc2c(ncn2[C@@H]2O[C@H](COP(=O)(O)O)[C@@H](O)C2O)c(=O)[nH]1,success,135,117,254.19,
4349,O=c1[nH]cnc2c1ncn2[C@]1(S)O[C@H](CO)[C@@H](O)[C@H]1O,success,265,246,278.87,
4350,CNc1nc2c(ncn2[C@@H]2O[C@H](CO)[C@@H](OP(=O)(O)O)[C@H]2O)c(=O)[nH]1,success,149,131,217.62,
4351,Nc1nc2c(ncn2[C@@H]2O[C@H](COP(=O)(O)OP(=O)(O)NP(=O)(O)O)[C@@H](O)C2O)c(=O)[nH]1,success,84,68,121.61,
4352,Nc1nc2c(ncn2[C@H]2CC(OP)[C@@H](CO)O2)c(=O)[nH]1,success,182,163,244.61,
4353,C/N=C/Nc1nc2c(ncn2[C@@H]2O[C@H](CO)C(N)C2O)c(=O)[nH]1,success,123,106,67.9,
4354,CNc1nc2c(ncn2[C@H]2C[C@H](N)[C@@H](CO)O2)c(=O)[nH]1,success,296,277,299.13,
4355,C#CCO[C@H]1C[C@H](n2cnc3c(=O)[nH]c(NC)nc32)O[C@@H]1CO,success,534,516,472.52,
4356,C=P(C)(C)CCC1OC(n2cnc3c(=O)[nH]c(NC)nc32)[C@H](O)[C@@H]1O,success,229,212,249.96,
4357,Nc1nc2c(ncn2[C@@H]2O[C@@H]3C(O)C3[C@H]2O)c(=O)[nH]1,success,183,164,151.63,
4358,CCO[C@H]1C[C@H](n2cnc3c(=O)[nH]c(N)nc32)O[C@@H]1CO,success,942,920,672.11,
4359,Nc1nc2c(ncn2[C@@H]2O[C@H](CO)[C@@](N)(O)[C@H]2O)c(=O)[nH]1,success,410,391,382.79,
4360,[2H][13c]1nc2c(=O)[nH]cnc2n1C1O[C@H](COC(C)(C)C)C(OC(C)(C)C)[C@H]1O,success,168,151,116.25,
4361,Nc1nc2c(ncn2[C@@H]2O[C@H](CO)[C@@H](O)[C@H]2O)c(=O)[nH]1.O=P(O)(O)OP(=O)(O)OP(=O)(O)OP(=O)(O)O,success,42,26,53.74,
4362,O=c1[nH]cnc2c1ncn2[C@@H]1O[C@H](COP(=O)(O)O)[C@@H](O)[C@H]1O.[K].[K],success,42,26,49.26,
4363,O.O=c1[nH]cnc2c1ncn2[C@@H]1O[C@H](CO)[C@@H](O)[C@H]1O,success,42,26,41.21,
4364,[N-]=[N+]=N[C@]1(n2cnc3c(=O)[nH]c(N)nc32)CC[C@@H](CO)O1,success,56,40,58.75,
4365,[3H]c1nc2c(=O)[nH]c(N)nc2n1[C@@H]1O[C@H](CO)[C@@H](O)[C@H]1O,success,338,319,317.34,
4366,C#CCNc1nc2c(ncn2[C@@H]2O[C@H](COP(=O)(O)O)[C@@H](O)[C@H]2O)c(=O)[nH]1,success,471,453,908.73,
4367,O=c1[nH]c(Cl)nc2c1ncn2[C@@H]1O[C@H](CO)[C@@H](O)[C@H](O)[C@H]1O,success,529,510,299.92,
4368,CO[C@@H]1[C@@H](O)[C@H](n2cnc3c(=O)[nH]c(N)nc32)O[C@@H]1CO,success,316,297,306.03,
4369,COP(=O)(O)OC[C@H]1O[C@@H](n2cnc3c(=O)[nH]c(N)nc32)CC1O,success,260,241,368.95,
4370,C[C@H]1O[C@@](O)(n2cnc3c(=O)[nH]c(N)nc32)[C@H](O)[C@@H]1O,success,242,223,251.34,
4371,Nc1nc2c(ncn2[C@@H]2O[C@H](COP(=O)(O)O)[C@@H](O)[C@H]2O)c(=O)[nH]1.OP(O)(O)=S,success,64,48,76.59,
4372,O=c1[nH]c(NC2O[C@H](CO)[C@@H](O)[C@H]2O)nc2nc[nH]c12,success,352,333,360.33,
4373,CO[C@@H]1[C@H](O)C(CO)O[C@H]1n1cnc2c(=O)[nH]c(N)nc21,success,316,297,315.16,
4374,Nc1nc2c(ncn2[C@H]2C[C@@H](O)C(COP(=O)(O)O)O2)c(=O)[nH]1,success,181,162,201.25,
4375,Nc1nc2c(ncn2[C@H]2C[C@@H](O)C(COP(=O)(O)OP(=O)(O)O)O2)c(=O)[nH]1,success,70,54,63.77,
4376,O=c1[nH]cnc2c1ncn2[C@]1(Br)O[C@H](CO)[C@@H](O)[C@H]1O,success,265,246,297.28,
4377,CC[C@H]1O[C@@H](n2cnc3c(=O)[nH]c(N)nc32)[C@@H](O)[C@H]1O,failed,694,673,504.99,min() arg is an empty sequence
4378,CC(=O)O[C@@]1(n2cnc3c(=O)[nH]cnc32)O[C@H](CO)[C@](O)(OC(C)=O)[C@]1(O)OC(C)=O,success,42,26,56.96,
4379,Nc1nc2c(ncn2[C@@H]2O[C@H](COP(=O)(O)O)[C@@H](O)[C@H]2O)c(=O)[nH]1.O.O,success,42,26,53.59,
4380,Br.Nc1nc2c(ncn2[C@@H]2O[C@H](CO)[C@@H](O)[C@H]2O)c(=O)[nH]1,success,42,26,36.54,
4381,[N-]=[N+]=N[C@@]1(n2cnc3c(=O)[nH]cnc32)O[C@H](COP(=O)(O)O)[C@@H](O)[C@H]1O,success,42,26,52.42,
4382,COCCO[C@H]1C(O)[C@@H](CO)O[C@H]1n1cnc2c(=O)[nH]c(NC(=O)C(C)C)nc21,success,325,304,183.87,
4383,CCO[C@H]1C(OC)C(n2cnc3c(=O)[nH]cnc32)O[C@@H]1COC,success,621,599,575.99,
4384,CC(C)C(O)Nc1nc2c(ncn2[C@H]2C[C@H](N)[C@@H](CO)O2)c(=O)[nH]1,success,1671,1649,1765.42,
4385,Nc1nc2c(ncn2[C@@H]2O[C@H](COP(N)(O)=S)C[C@H]2O)c(=O)[nH]1,success,227,208,284.5,
4386,Nc1nc2c(ncn2[C@@H]2O[C@H](COP(=O)(O)O)[C@@H](O)[C@H]2O)c(=O)[nH]1.[K].[K],success,42,26,52.42,
4387,[N-]=[N+]=NC1(COP(=O)(O)OP(=O)(O)OP(=O)(O)O)O[C@@H](n2cnc3c(=O)[nH]c(N)nc32)[C@H](O)[C@@H]1O,success,42,26,40.98,
4388,Nc1nc2c(ncn2[C@@H]2O[C@](N)(COP(=O)(O)OP(=O)(O)OP(=O)(O)O)[C@@H](O)[C@H]2O)c(=O)[nH]1,success,58,42,55.72,
4389,CC(C)CNc1nc2c(ncn2C2O[C@H](CO)C(O)[C@H]2N=[N+]=[N-])c(=O)[nH]1,success,42,26,29.28,
4390,CC(C)(C)[Si](C)(C)O[C@@H]1[C@H](O)[C@@H](CO)O[C@H]1n1cnc2c(=O)[nH]c(N)nc21,success,42,26,27.15,
4391,CNc1nc2c(ncn2[C@@H]2O[C@H](CO)[C@H](O)[C@H]2OC)c(=O)[nH]1,success,336,317,313.02,
4392,Nc1nc2c(ncn2[C@@H]2O[C@H](CO)[C@@H](O)[C@]2(O)S)c(=O)[nH]1,success,343,324,377.16,
4393,Nc1nc2c(ncn2[C@@H]2O[C@H](COP(=O)(O)OP(=O)(O)OP(=O)(O)OP(=O)(O)OP(=O)(O)O)[C@@H](O)[C@H]2O)c(=O)[nH]1.O=P(O)(O)OP(=O)(O)OP(=O)(O)OP(=O)(O)O,success,42,26,70.73,
4394,Nc1nc2c(ncn2C2C[C@H](O)[C@@H](CO)O2)c(=O)[nH]1.Nc1ncn([C@H]2C[C@H](O)[C@@H](CO)O2)c(=O)n1,success,42,26,44.47,
4395,Nc1nc2c(ncn2[C@@H]2O[C@H](CO)[C@@H](O)[C@H]2O)c(=O)[nH]1.O=c1cc[nH]c(=O)[nH]1,success,42,26,37.33,
4396,Cn1c[n+]([C@@H]2O[C@H](CO)[C@@H](O)[C@H]2S)c2nc(N)[nH]c(=O)c21,success,369,350,358.81,
4397,Nc1nc2c(ncn2[C@@H]2O[C@H](CONC3(N)N=C4C(=NC(=O)N4[C@@H]4O[C@H](CO)[C@@H](O)[C@H]4O)C(=O)N3)[C@@H](O)[C@H]2O)c(=O)[nH]1,success,100,84,67.2,
4398,Nc1nc2c(ncn2[C@@H]2O[C@H](COP(=O)(O)OP(O)(O)=S)C(O)C2O)c(=O)[nH]1,success,103,87,110.6,
4399,CCCC(=O)NS(=O)(=O)OCC1OC(n2cnc3c(=O)[nH]c(N)nc32)C(O)C1O,success,1645,1623,2947.96,
4400,CO[C@]1(CO)O[C@@H](n2cnc3c(=O)[nH]c(N)nc32)C(N=[N+]=[N-])[C@@H]1O,success,42,26,40.91,
4401,CO[C@]1(CO)O[C@@H](n2cnc3c(=O)[nH]c(N)nc32)[C@H](N)[C@@H]1O,success,555,536,466.54,
4402,Nc1nc2c(ncn2C2OC(COP(=O)(O)OP(=O)([O-])O)C(O)C2O)c(=O)[nH]1.[Na+],success,42,26,53.76,
4403,Nc1nc2c(ncn2[C@@H]2O[C@H](COP([O-])([O-])=S)[C@@H](O)[C@H]2O)c(=O)[nH]1.[Na+].[Na+],success,42,26,33.26,
4404,O=c1[nH]cnc2c1ncn2C1CC(O)C(COP(O)(O)=S)O1,success,169,150,199.49,
4405,Nc1nc2c(ncn2[C@]2(O)CO[C@H](CO)[C@H]2O)c(=O)[nH]1,success,319,300,299.35,
4406,Nc1nc2c(ncn2[C@@H]2O[C@@H]3C(O)[C@]3(O)[C@H]2O)c(=O)[nH]1,success,253,234,252.01,
4407,CC(C)C(=O)Nc1nc2c(ncn2C2OC(CO)C(CO)C2O)c(=O)[nH]1,success,2492,2470,3447.02,
4408,CC1(C)[C@H](O)[C@@H](CO)O[C@H]1n1cnc2c(=O)[nH]c(N)nc21,success,300,281,308.03,
4409,Cn1c[n+]([C@H]2C[C@H](O)[C@@H](COP(=O)(O)O)O2)c2nc(N)[nH]c(=O)c21,success,220,200,241.7,
4410,Nc1nc2c(ncn2C2OC(COP(=O)(O)O)C[C@H]2O)c(=O)[nH]1,success,175,156,230.83,
4411,COC1C(CO)OC(n2cnc3c(=O)[nH]c(N)nc32)[C@H]1O,success,335,316,327.76,
4412,COC1C(CO)OC(n2cnc3c(=O)[nH]c(NC(=O)C(C)C)nc32)C1O,success,1415,1393,2014.21,
4413,CO[C@@H]1[C@@H](OP(O)(O)=S)[C@@H](CO)O[C@H]1n1cnc2c(=O)[nH]c(N)nc21,success,214,195,241.66,
4414,O=c1[nH]cnc2c1ncn2C1O[C@H](C2CC2O)[C@@H](O)[C@H]1O,success,220,201,201.95,
4415,Nc1nc2c(nc(Br)n2C2C[C@H](O)[C@@H](CO)O2)c(=O)[nH]1,success,260,241,276.24,
4416,CCCCCCCCCCCCCCNc1nc2c(ncn2[C@@H]2O[C@H](CO)[C@@H](O)[C@H]2O)c(=O)[nH]1,success,183,167,71.48,
4417,CC1(C)O[C@@H]2[C@@H](O1)[C@@H](CO)O[C@H]2n1cnc2c(=O)[nH]c(N)nc21,success,188,169,192.66,
4418,COC1C(O[P+](=O)S)C(CO)OC1n1cnc2c(=O)[nH]c(N)nc21,success,226,207,269.43,
4419,Nc1nc2c(ncn2C2OC(COP(O)(O)=S)C(O)C2O)c(=O)[nH]1,success,259,240,310.69,
4420,CCC1OC(n2cnc3c(=O)[nH]c(NC(=O)C(C)O)nc32)C(O)C1O,success,4436,4413,7176.74,
4421,CC(O)C(=O)Nc1nc2c(ncn2C2OC(CO)C(O)C2O)c(=O)[nH]1,success,4553,4530,6603.98,
4422,CC(=O)Nc1nc2c(ncn2[C@@H]2O[C@H](COP(C)(=O)O)[C@@H](O)[C@H]2O)c(=O)[nH]1,success,1231,1209,2892.12,
4423,CC1C[C@@H](CO)O[C@H]1n1cnc2c(=O)[nH]c(N)nc21,success,216,197,191.81,
4424,O=c1[nH]cnc2c1ncn2[C@@H]1O[C@H](CO[SiH3])C[C@H]1O,success,153,134,147.76,
4425,O=c1[nH]cnc2c1ncn2[C@@H]1O[C@H](CO)C[C@H]1O[SiH3],success,134,115,160.73,
4426,O=c1[nH]cnc2c1ncn2[C@@H]1O[C@H](CO[SiH3])C[C@H]1O[SiH3],success,76,60,114.79,
4427,Nc1nc2c(ncn2[C@@H]2O[C@H](COP(N)O)[C@@H](O)[C@H]2O[SiH3])c(=O)[nH]1,success,204,185,226.75,
4428,CC(C)(C)[SiH](OC1C(O)[C@H](n2cnc3c(=O)[nH]c(N)nc32)O[C@@H]1CO)C(C)(C)C,success,42,26,43.49,
4429,CCCC[SiH]1OC1[C@H]1O[C@@H](n2cnc3c(=O)[nH]c(N)nc32)[C@H](O)[C@@H]1O,success,967,946,888.78,
4430,CC(C)C(=O)Nc1nc2c(ncn2C2OC(CO)C(O)C2O[SiH2]C(C)(C)C)c(=O)[nH]1,success,184,165,139.77,
4431,CO[C@@H]1[C@@H](O)[C@@H](CO)O[C@H]1n1cnc2c(=O)n(C)c(N)nc21,success,325,306,295.14,
4432,CO[C@@H]1[C@H](OP(=O)(O)O)[C@@H](CO)O[C@H]1n1cnc2c(=O)[nH]cnc21,success,107,89,168.81,
4433,CO[C@@H]1[C@H](OP(O)(O)=S)[C@@H](CO)O[C@H]1n1cnc2c(=O)[nH]cnc21,success,161,142,196.53,
4434,CO[C@H](CO)[C@@H](O)Cn1cnc2c(=O)[nH]cnc21,success,3442,3421,1999.6,
4435,NC1NC(=O)c2ncn([C@H]3O[C@@H](COP(=O)(O)O)[C@H](O)[C@@H]3O)c2N1,success,116,98,171.05,
4436,CO[C@@H]1[C@@H](O)[C@@H](CO)O[C@H]1n1cnc2c(=O)nc(N)n(P(=O)(O)O)c21,success,123,105,211.39,
4437,Nc1nc2c(ncn2[C@@H]2OC(CO)[C@@H](O)[C@H]2O)c(=O)[nH]1,success,361,342,318.72,
4438,CC(C)C(=O)Nc1nc2c(ncn2[C@@H]2O[C@H](CO)[C@@H](O)[C@H]2OC(=O)NCCNC(=O)OC(C)(C)C)c(=O)[nH]1,success,422,404,269.68,
4439,COP(=O)(O)OC[C@H]1O[C@@H](n2cnc3c(=O)[nH]c(N)nc32)[C@H](O)[C@@H]1OP(=O)(O)OC,success,97,79,96.15,
4440,Nc1nc2c(ncn2[C@@H]2O[C@H](COP(=O)(O)OP(=O)([O-])OP(=O)([O-])[O-])[C@@H](O)[C@H]2O)c(=O)[nH]1.[Na+].[Na+].[Na+],success,42,26,55.35,
4441,C=Nc1c(C(=O)NC)ncn1[C@@H]1O[C@H](CO)C[C@H]1O,success,987,968,855.96,
4442,COO[C@@H]1[C@@H](O)[C@@H](CO)O[C@H]1n1cnc2c(=O)nc(N)n(N=[N+]=[N-])c21,success,42,26,44.16,
4443,[N-]=[N+]=NC1[C@H](n2cnc3c(=O)[nH]c(N)nc32)O[C@H](CO)[C@H]1O,success,42,26,40.31,
4444,COCCO[C@@H]1C[C@@H](CO)O[C@H]1n1cnc2c(=O)[nH]c(N)nc21,success,1183,1164,931.14,
4445,C[C@@H]1[C@H](C)C(CO)O[C@H]1n1cnc2c(=O)[nH]cnc21,success,198,179,187.88,
4446,Nc1nc2c(ncn2[C@@H]2O[C@H](CO)[C@H](O)[C@H]2OCS)c(=O)[nH]1,success,403,383,423.86,
4447,[N-]=[N+]=NO[C@H]1C[C@H](n2cnc3c(=O)[nH]cnc32)O[C@@H]1CO,success,42,26,41.21,
4448,[N-]=[N+]=N[C@]1(O)C[C@H](n2cnc3c(=O)[nH]cnc32)O[C@@H]1CO,success,42,26,25.31,
4449,CC1CC(CO)OC1n1cnc2c(=O)[nH]cnc21,success,165,146,210.5,
4450,CO[C@@H]1[C@@H](O)[C@@H](CO)O[C@H]1n1cnc2c(=O)[nH]cnc21,success,253,234,220.82,
4451,COOCCC(OC)C(O)C(O)n1cnc2c(=O)[nH]cnc21,success,3836,3816,2947.94,
4452,O=c1[nH]cnc2c1ncn2C1CCC(COP(O)(O)=S)O1,success,89,73,165.45,
4453,O=c1[nH]c(=O)c2ncn([13C@@H]3O[13C@H]([13CH2]O)[13C@@H](O)[13C@H]3O)c2[nH]1,success,227,208,219.33,
4454,COC1C(COP(=O)(O)OP(=O)(O)OP(=O)(O)OC)OC(n2cnc3c(=O)[nH]c(N)nc32)C1O,success,69,51,96.42,
4455,COP(=O)(O)OCC(COP(=O)(O)OCC1OC(n2cnc3c(=O)[nH]c(N)nc32)[C@H](O)[C@@H]1O)OP(=O)(O)O,success,42,26,42.53,
4456,Nc1nc2c(ncn2C2OCC(O)C2O)c(=O)[nH]1,success,176,157,163.47,
4457,Nc1nc2c(ncn2C2OC(COP(=O)(O)O)[C@@H](O)[C@H]2O)c(=O)[nH]1,success,133,115,236.23,
4458,Nc1nc2c(ncn2[C@@H]2O[C@H](CO)[C@@H](O)[C@@]2(O)S)c(=O)[nH]1,failed,343,324,302.86,min() arg is an empty sequence
4459,Nc1nc2c(ncn2[C@@H]2O[C@H](CO)[C@H](O)[C@H]2OS)c(=O)[nH]1,success,252,233,268.21,
4460,CO[C@@H]1[C@H](O)[C@@H](COP(=O)(OC)OP(=O)(OC)OP(=O)(OC)OC)O[C@H]1n1cnc2c(=O)[nH]c(N)nc21,success,74,56,81.18,
4461,COP(=O)(OC)OP(=O)(OC)OP(=O)(OC)OC[C@H]1O[C@@H](n2cnc3c(=O)[nH]c(N)nc32)[C@H](O)[C@@H]1O,success,81,63,101.73,
4462,COP(=O)(O)OCC(COP(=O)(O)OC[C@H]1O[C@@H](n2cnc3c(=O)[nH]c(N)nc32)[C@H](O)[C@@H]1O)OP(=O)(O)O,success,42,26,42.64,
4463,O=c1[nH]c(Cl)nc2c1ncn2[C@@H]1OC(CO)[C@@H](O)[C@H](O)[C@H]1O,success,538,519,306.17,
4464,COP(=O)(O)OCC(COP(=O)(O)OC[C@H]1O[C@@H](n2cnc3c(=O)[nH]c(N)nc32)[C@H](O)[C@@H]1O)OP(O)(O)=S,success,113,95,103.8,
4465,CO[C@@H]1[C@H](O)[C@@H](COP(=O)(O)OP(=O)(O)OP(=O)(O)OC)O[C@H]1n1cnc2c(=O)[nH]c(N)nc21,success,67,49,83.65,
4466,Nc1nc2c(ncn2[C@@H]2OC(CO)[C@@H](O)[C@H](O)[C@H]2O)c(=O)[nH]1,success,640,621,399.9,
4467,O=c1[nH]cnc2c1ncn2C1(O)COC(COP(=O)(O)OP(=O)(O)OP(=O)(O)O)C1O,success,54,38,53.0,
4468,Cn1cnc2c(ncn2[C@H]2CC[C@@H](CO)O2)c1=O,failed,159,140,167.02,min() arg is an empty sequence
4469,CC(C)C(=O)Nc1nc2c(ncn2[C@]2(C)O[C@H](CO)C[C@H]2O)c(=O)[nH]1,success,1443,1422,1981.15,
4470,CO[C@@H]1[C@H](O)[C@@H](CI)O[C@H]1n1cnc2c(=O)[nH]c(N)nc21,success,150,131,130.8,
4471,CO[C@@H]1[C@H](O)[C@@H](CI)O[C@H]1[n+]1cn(C)c2c(=O)[nH]c(N)nc21,success,179,160,170.61,
4472,COP(=O)(O)OCCOCCOP(=O)(O)OC[C@H]1O[C@@H](n2cnc3c(=O)[nH]c(N)nc32)[C@H](O)[C@@H]1O,success,175,157,123.46,
4473,O=c1[nH]cnc2c1ncn2C1C[C@H](O)C(COP(=O)(O)O)O1,failed,139,120,170.33,min() arg is an empty sequence
4474,COC1C(O)C(CI)OC1n1cnc2c(=O)[nH]c(N)nc21,success,159,140,217.51,
4475,C#Cn1c(N)nc(=O)c2ncn([C@@H]3O[C@H](CO)[C@@H](O)[C@H]3O)c21,success,373,354,415.79,
4476,Nc1nc2c(ncn2C2CCC(C(O)CO)O2)c(=O)[nH]1,success,1191,1170,1010.87,
4477,CC(C)CNc1nc2c(ncn2[C@H]2CC[C@@H](CO)O2)c(=O)[nH]1,success,1225,1205,1106.53,
4478,O=C1NC(O)CNc2c1ncn2[C@@H]1O[C@H](CO)[C@@H](O)[C@@H]1O,success,381,362,250.5,
4479,O.O=c1[nH]cnc2c1ncn2C1CC(O)C(O)C1O,success,42,26,37.68,
4480,O=c1[nH]c(NO)nc2c1ncn2[C@H]1CC[C@@H](CO)O1,success,190,171,157.69,
4481,Nc1nc2c(ncn2[C@@]2(O)CC[C@@H](CO)O2)c(=O)[nH]1,success,265,246,227.93,
4482,Nc1nc2c(nc(CS)n2[C@@H]2O[C@H](CO)[C@@H](O)[C@H]2O)c(=O)[nH]1,success,397,378,362.23,
4483,Nc1nc2c(ncn2[C@@H]2O[C@H](CO)[C@@H](O)[C@H]2O)c(=O)[nH]1.O.O.O.O,success,42,26,41.65,
4484,C[N+](C)(C)CCO.C[N+](C)(C)CCO.O=c1[nH]cnc2c1ncn2[C@@H]1O[C@H](COP(=O)([O-])[O-])[C@@H](O)[C@H]1O,success,42,26,53.75,
4485,Cl.Nc1nc2c(ncn2[C@@H]2O[C@H](CO)[C@@H](O)[C@H]2O)c(=O)[nH]1.O,success,42,26,30.69,
4486,CC(C)(C)Nc1nc2c(ncn2[C@@H]2O[C@H](CO)[C@@H](O)[C@H]2O)c(=O)[nH]1,success,632,612,780.29,
4487,O.O.O=c1[nH]cnc2c1ncn2[C@@H]1O[C@H](COP(=O)([O-])OP(=O)([O-])OP(=O)(O)O)[C@@H](O)[C@H]1O.[Na+].[Na+],success,42,26,43.85,
4488,CNc1nc(=O)c2nc(C)n(C3OC(CO)C(O)C3O)c2n1C,success,349,330,319.16,
4489,[N-]=[N+]=Nn1c(N)nc(=O)c2ncn([C@H]3C[C@H](O)[C@@H](CO)O3)c21,success,42,26,26.44,
4490,O=C(O)n1cnc(=O)c2ncn([C@@H]3O[C@H](CO)[C@@H](O)[C@H]3O)c21,success,779,760,718.2,
4491,[N-]=[N+]=Nc1nc2c(ncn2[C@H]2C[C@H](O)[C@@H](CO)O2)c(=O)[nH]1,success,42,26,34.32,
4492,COc1nc2c(ncn2[C@H]2C[C@H](O)[C@@H](CO)O2)c(=O)[nH]1,success,295,276,268.07,
4493,COCCO[C@@H]1[C@H](O)[C@@H](CO)O[C@H]1n1cnc2c(=O)[nH]c(=O)[nH]c21,success,676,657,889.89,
4494,O=C(O)n1cnc2c(ncn2[C@@H]2O[C@H](CO)[C@@H](O)[C@H]2O)c1=O,success,779,760,685.9,
4495,Cc1nc2c(=O)[nH]c(NC(=O)C(C)C)nc2n1[C@@H]1O[C@H](CO)[C@@H](O)[C@H]1O,success,1274,1253,1637.28,
4496,O=c1[nH]cnc2c1ncn2[C@@H]1O[C@H](COP(O)OP(O)O)[C@@H](O)[C@H]1O,success,86,70,80.55,
4497,CC(=O)N(C(C)=O)c1nc2c(ncn2[C@@H]2O[C@H](CO)[C@@H](O)[C@H]2O)c(=O)[nH]1,success,2135,2112,2722.8,
4498,Nc1nc2c(ncn2[C@]2([N+](=O)[O-])O[C@H](CO)[C@@H](O)[C@H]2O)c(=O)[nH]1.O,success,42,26,27.38,
4499,O=c1[nH]cnc2c1ncn2[C@]1(C2O[C@H](CO)[C@@H](O)[C@H]2O)O[C@H](CO)[C@@H](O)[C@H]1O,failed,48,32,66.68,min() arg is an empty sequence
4500,Nc1nc(=O)c2ncn(C3OC(CO)C(O)C3O)c2n1C1CCCC1=O,success,143,127,122.2,
4501,[2H]C(CC)CO[C@@H]1[C@@H](CO)OC(n2cnc(C(N)=O)c2N)[C@@H]1O,success,5085,5063,5331.79,
4502,N#CCC[C@@]1(n2cnc3c(=O)[nH]cnc32)O[C@H](CO)[C@@H](O)[C@H]1O,success,2168,2149,1968.71,
4503,N[C@@]1(n2cnc3c(=O)[nH]cnc32)O[C@H](COP(=O)(O)O)[C@@H](O)[C@H]1O,success,131,113,210.39,
4504,CO[C@H]1[C@@H](O)[C@H](n2cnc3c(=O)[nH]c(N)nc32)O[C@@H]1COP(=O)(Cl)Cl,success,210,191,288.63,
4505,O=c1[nH]cnc2c1ncn2C1(n2cnc3c(=O)[nH]cnc32)O[C@H](CO)[C@@H](O)[C@H]1O,success,42,26,35.24,
4506,O=C(O)c1nc2c(ncn2[C@@H]2O[C@H](CO)[C@@H](O)[C@H]2O)c(=O)[nH]1,success,1000,981,1041.45,
4507,O=C([O-])c1nc2c(ncn2[C@@H]2O[C@H](CO)[C@@H](O)[C@H]2O)c(=O)[nH]1.[Na+],success,42,26,35.91,
4508,Nc1nc(=O)c2ncn(C3OC(CO)C(O)C3O)c2n1N,success,376,357,381.37,
4509,N[C@@]1(n2cnc3c(=O)[nH]cnc32)O[C@H](CO)[C@@H](O)[C@H]1O,success,342,323,338.46,
4510,Nc1nc2c(nc(CS)n2C2OC(CO)C(O)C2O)c(=O)[nH]1,success,399,380,368.16,
4511,O=c1[nH]c(NC2O[C@H](CO)[C@H](O)[C@H]2O)nc2nc[nH]c12,success,352,333,378.79,
4512,[N-]=[N+]=NC[C@]1(CO)O[C@@H](n2cnc3c(=O)[nH]c(N)nc32)C[C@@H]1O,success,73,57,66.66,
4513,NCCn1cnc2c(ncn2[C@H]2CC[C@@H](CO)O2)c1=O,success,1241,1222,918.27,
4514,C=C(O)[C@H]1O[C@@H](n2cnc3c(=O)[nH]cnc32)[C@H](O)[C@@H]1O,success,251,232,210.33,
4515,NCCN(CCN)c1nc2c(ncn2[C@@H]2O[C@H](CO)[C@@H](O)[C@H]2O)c(=O)[nH]1,success,256,239,125.4,
4516,Nc1nc2c(ncn2C[C@@H]2O[C@H](CO)[C@@H](O)[C@@H]2O)c(=O)[nH]1,success,360,341,332.38,
4517,O=c1[nH]cnc2c1ncn2C[C@@H]1O[C@H](CO)[C@@H](O)[C@@H]1O,success,297,278,334.82,
4518,O=c1[nH]c(N[C@@H]2O[C@H](CO)[C@@H](O)[C@H]2O)nc2nc[nH]c12,failed,351,332,378.72,min() arg is an empty sequence
4519,COCCO[C@@]1(O)[C@H](O)[C@@H](CO)O[C@H]1n1cnc2c(=O)[nH]c(N)nc21,success,866,847,814.17,
4520,[N-]=[N+]=N[C@]1(n2cnc3c(=O)[nH]c(N)nc32)C[C@H](O)[C@@H](CO)O1,success,66,50,61.76,
4521,COC(=O)/C=N/c1nc2c(ncn2C2OC(CO)C(O)C2O)c(=O)[nH]1,success,1469,1450,1333.3,
4522,COCCO[C@H]1[C@@H](O)[C@H](n2cnc3c(=O)[nH]c(NC(=O)C(C)C)nc32)O[C@@H]1CO,success,324,303,195.23,
4523,CNc1nc2c(ncn2[C@@H]2O[C@H](COP(=O)(O)O)[C@@H](OC)[C@H]2O)c(=O)[nH]1,success,152,134,234.68,
4524,CCCCC[C@@]1(n2cnc3c(=O)[nH]c(N)nc32)O[C@H](CO)[C@@H](O)[C@H]1O,success,937,917,763.21,
4525,CNC(=O)NC[C@H]1O[C@@H](n2cnc3c(=O)[nH]c(NCC(C)C)nc32)[C@@H](O)C1O,success,238,221,143.12,
4526,O=c1[nH]c(N[C@@H]2O[C@H](CO)[C@@H](O)[C@@H]2O)nc2nc[nH]c12,success,351,332,389.14,
4527,[N-]=[N+]=N[C@@]1(O)[C@@H](CO)O[C@@H](n2cnc3c(=O)[nH]c(N)nc32)C1(O)O,success,42,26,30.04,
4528,N#CCCOC[C@@]1(n2cnc3c(=O)[nH]c(N)nc32)O[C@H](CO)[C@@H](O)[C@H]1O,success,976,957,969.75,
4529,CNCn1cnc2c(ncn2[C@@H]2O[C@H](CO)[C@@H](O)[C@H]2O)c1=O,success,399,380,317.79,
4530,CO[C@@H]1C(O)[C@@H](n2cnc3c(=O)[nH]c(N)nc32)O[C@H]1COP(=O)([O-])[O-],success,182,164,332.59,
4531,Nc1nc(=O)c2ncn(C3OC(CO)C(O)C3O)c2n1N=C=O,success,569,550,445.47,
4532,CSC(=S)[C@@]1(n2cnc3c(=O)[nH]cnc32)O[C@H](CO)[C@@H](O)[C@H]1O,success,307,288,361.72,
4533,[2H]CC1OC(n2cnc3c(=O)[nH]c(NC(=O)C(C)C)nc32)C[C@@H]1O,success,1333,1312,1828.07,
4534,[N-]=[N+]=N[C@]1(CO)O[C@](O)(n2cnc3nc(N)[nH]c(=O)c32)[C@H](O)[C@@H]1O,success,135,117,104.8,
4535,CNC=C(O)[C@H]1O[C@@H](n2cnc3c(=O)[nH]c(N)nc32)[C@H](O)[C@@H]1O,success,393,374,384.59,
4536,O=c1[nH]c(S(=O)(=O)[O-])nc2c1ncn2[C@@H]1O[C@H](CO)C(O)[C@@H]1O.[Na+],success,42,26,27.77,
4537,Cn1c(N)nc2c(ncn2[C@@H]2O[C@H](COP(=O)([O-])OP(=O)([O-])OP(=O)([O-])[O-])[C@H](O)C2O)c1=O,success,77,61,123.72,
4538,Cn1c(N)nc2c(ncn2[C@@H]2O[C@H](COP(=O)([O-])OP(=O)([O-])OP(=O)([O-])[O-])C(O)[C@@H]2O)c1=O,success,77,61,112.01,
4539,Nc1nc2c(ncn2[C@@H]2O[C@H](COP([O-])([O-])=S)[C@H](O)C2O)c(=O)[nH]1,success,227,208,253.19,
4540,CC(O)C(=O)O[C@@H]1[C@H](O)[C@@H](COP(=O)(O)O)O[C@H]1n1cnc2c(=O)[nH]cnc21,success,241,221,138.11,
4541,[N-]=[N+]=N[C@@]1(n2cnc3c(=O)[nH]cnc32)O[C@H](CO)[C@@H](O)[C@H]1O,success,42,26,25.8,
4542,Cn1c[n+]([C@@H]2O[C@H](COP(=O)(O)OP(=O)([O-])OP(=O)([O-])[O-])C(O)[C@@H]2O)c2nc(N)[nH]c(=O)c21,success,74,58,78.41,
4543,Nc1c(C(=O)NC(CC(=O)[O-])C(=O)[O-])ncn1[C@@H]1O[C@H](CO)[C@H](O)C1O,success,1218,1202,1174.36,
4544,Cn1c(N)nc2c(ncn2[C@@H]2O[C@H](COP(=O)([O-])O)C(O)[C@@H]2O)c1=O,success,209,191,289.42,
4545,NC(N)=NCCCO[C@@H]1[C@H](O)[C@@H](CO)O[C@H]1n1cnc2c(=O)[nH]c(N)nc21,success,282,263,139.3,
4546,CC(C)(C)[Si](C)(C)OC[C@H]1O[C@@H](n2cnc3c(=O)[nH]c(N)nc32)[C@H](O)[C@@H]1O,success,93,76,72.0,
4547,Nc1nc2c(ncn2[C@H]2C[C@@H](O)[C@@H](COP(=O)([O-])[O-])O2)c(=O)[nH]1,success,208,189,392.19,
4548,Nc1nc2c(ncn2[C@@H]2O[C@H](COP(=O)([O-])O)C(OP(=O)([O-])O)[C@@H]2O)c(=O)[nH]1,success,90,74,104.63,
4549,Nc1c(C(=O)NC(CC(=O)[O-])C(=O)[O-])ncn1[C@@H]1O[C@H](CO)[C@H](O)[C@@H]1O,success,1210,1194,1201.59,
4550,CC(C)[Si]1(C(C)C)OCC2OC(n3cnc4c(=O)[nH]cnc43)[C@H](O)[C@@H]2O[Si](C(C)C)(C(C)C)O1,success,42,26,43.21,
4551,Nc1nc2c(ncn2[C@@H]2O[C@H](C(N)O)[C@@H](O)[C@H]2O)c(=O)[nH]1,success,389,370,335.92,
4552,CCO[C@@H]1[C@H](O[Si](C)(C)C(C)(C)C)[C@@H](CO)O[C@H]1n1cnc2c(=O)[nH]c(N)nc21,success,42,26,28.4,
4553,CCCC(=O)NS(=O)(=O)OC[C@H]1O[C@@H](n2cnc3c(=O)[nH]c(N)nc32)[C@@H](O)C1O,success,1598,1576,2817.08,
4554,C[C@H]1O[C@@H](n2cnc3c(=O)[nH]c(N)nc32)[C@@H](O)C1O,success,183,164,147.45,
4555,Nc1nc2c(ncn2[C@H]2CC(O)[C@@H](COP(=O)([O-])OP(=O)([O-])OP(=O)([O-])O)O2)c(=O)[nH]1,success,66,50,87.64,
4556,CO[C@@H]1C(O)[C@H](n2cnc3c(=O)[nH]c(NCC(C)C)nc32)O[C@@H]1CO,success,602,582,583.44,
4557,CCCC1[C@@H](CO)O[C@@H](n2cnc3c(=O)[nH]c(NCC(C)C)nc32)[C@H]1O,success,144,126,76.0,
4558,CC1(O)[C@@H](O)[C@@H](CO)O[C@H]1n1cnc2c(=O)[nH]c(=O)[nH]c21,success,247,228,211.06,
4559,CCSSCOC1C[C@H](n2cnc3c(=O)[nH]c(N)nc32)O[C@@H]1CO,success,1308,1286,1063.36,
4560,CN(C)/C=N\c1nc2c(ncn2[C@H]2CC(O)[C@@H](CO)O2)c(=O)[nH]1,success,327,308,303.28,
4561,[2H]OC[C@H]1O[C@@H](n2cnc3c(=O)[nH]c(/N=C\N(C)C)nc32)CC1OCSC,success,236,219,303.93,
4562,[2H]OC[C@H]1O[C@@H](n2cnc3c(=O)[nH]c(/N=C\N(C)C)nc32)CC1OCCl,success,221,204,258.34,
4563,[2H]OC[C@H]1O[C@@H](n2cnc3c(=O)[nH]c(/N=C\N(C)C)nc32)CC1O,success,233,214,261.44,
4564,COC1C(O[P+](=O)[S-])C(CO)OC1n1cnc2c(=O)[nH]c(N)nc21,success,226,207,325.46,
4565,[H]/P=[S-](=O)/OC1C(CO)OC(n2cnc3c(=O)[nH]c(N)nc32)C1OC,success,206,187,252.11,
4566,C#CCOC1C[C@H](n2cnc3c(=O)[nH]c(N)nc32)O[C@@H]1CO,success,724,705,623.37,
4567,[2H]C[C@H]1O[C@@H](n2cnc3c(=O)[nH]c(NCC(C)C)nc32)[C@@H](O)C1O,success,877,858,1034.32,
4568,CCC[C@@]1(n2cnc3c(=O)[nH]cnc32)O[C@H](CO)[C@@H](O)[C@H]1O,success,1915,1893,1431.09,
4569,CC(C)[C@@]1(n2cnc3c(=O)[nH]cnc32)O[C@H](CO)[C@@H](O)[C@H]1O,success,1239,1218,950.82,
4570,[2H]C#C[C@@]1(O)[C@@H](CO)OC(n2cnc3c(=O)[nH]c(N)nc32)[C@@H]1O,success,333,314,299.99,
4571,O=c1[nH]cnc2c1ncn2[C@]1(C2OC[C@H](O)[C@H](O)[C@H]2O)O[C@H](CO)[C@@H](O)[C@H]1O,success,43,27,37.72,
4572,Nc1nc2c(nc(C(=O)O)n2[C@H]2C[C@H](O)[C@@H](CO)O2)c(=O)[nH]1,success,887,868,927.56,
4573,[N-]=[N+]=N[C@@]1(O)[C@H](O)[C@@H](CO)O[C@H]1n1cnc2c(=O)[nH]cnc21,success,42,26,25.57,
4574,O=c1[nH]cnc2c1ncn2[C@]1(C2O[C@H](CO)[C@H](O)[C@H](O)[C@H]2O)O[C@H](CO)[C@@H](O)[C@H]1O,success,42,26,28.93,
4575,O=c1[nH]cnc2c1ncn2[C@]1([C@@H]2O[C@H](CO)[C@H](O)[C@H](O)[C@H]2O)O[C@H](CO)[C@@H](O)[C@H]1O,success,42,26,29.08,
4576,O=c1[nH]cnc2c1ncn2[C@@H]1O[C@H](C(O)O)[C@@H](O)[C@H]1O,success,253,234,183.18,
4577,Nc1nc2c(ncn2[C@]23O[C@H](CO)[C@@H](O)[C@]2(O)O3)c(=O)[nH]1,failed,285,266,214.31,min() arg is an empty sequence
4578,CCCO[C@@]1(n2cnc3c(=O)[nH]c(N)nc32)O[C@H](CO)[C@@H](O)[C@H]1O.O,success,42,26,45.91,
4579,Nc1nc2c(nc(Br)n2C2OC(Br)(CO)C(O)C2O)c(=O)[nH]1,success,317,298,318.83,
4580,CC1(n2cnc3c(=O)[nH]c(N)nc32)OC(CO)C(O)C1O,success,345,326,280.68,
4581,C[C@@]1(n2cnc3c(=O)[nH]c(N)nc32)O[C@H](CO)[C@@H](O)[C@]1(O)OCCO,success,1053,1032,887.27,
4582,Nc1nc2c(ncn2[C@@H]2O[C@H](CO)[C@@H](OC(=O)O)[C@H]2O)c(=O)[nH]1,success,639,620,570.52,
4583,CCCO[C@@]1(n2cnc3c(=O)[nH]c(N)nc32)O[C@H](CO)[C@@H](O)[C@H]1O.Cl,success,42,26,42.82,
4584,[2H]CCO[C@H]1C(n2cnc(C(N)=O)c2N)O[C@H](CO)[C@H]1O,success,2350,2331,1950.22,
4585,[2H]CCO[C@@H]1[C@@H](CO)OC(n2cnc(C(N)=O)c2N)[C@@H]1O,success,2351,2332,2233.8,
4586,O=c1[nH]c(S(=O)(=O)[O-])nc2c1ncn2[C@@H]1O[C@H](CO)[C@@H](O)[C@H]1O.[Na+],success,42,26,27.51,
4587,Nc1nc2c(ncn2[C@@]2(S)C[C@H](O)[C@@H](CO)O2)c(=O)[nH]1,success,260,241,334.1,
4588,N#CCCOCO[C@@H]1[C@H](O)[C@@H](CO)O[C@H]1n1cnc2c(=O)[nH]c(N)nc21,success,1125,1106,1124.33,
4589,[N-]=[N+]=NC1C[C@@H](CO)O[C@H]1n1cnc2c(=O)[nH]c(N)nc21,success,42,26,33.86,
4590,C[C@@]1(O)[C@H](O)[C@@H](CO)O[C@H]1n1cnc2c(=O)[nH]c(N)nc21.O,success,42,26,36.59,
4591,O=c1[nH]cnc2c1ncn2[C@@H]1O[C@H](CO)[C@@H](S)[C@H]1O,success,235,216,253.2,
4592,CC(=O)Nc1nc2c(ncn2[C@@H]2O[C@H](CO)[C@@H](O)[C@]2(O)[Si](C)(C)C(C)(C)C)c(=O)[nH]1,success,42,26,63.87,
4593,CC(C)(C)[Si](C)(C)[C@@]1(O)[C@H](O)[C@@H](CO)O[C@H]1n1cnc2c(=O)[nH]c(N)nc21,success,42,26,42.65,
4594,O=c1[nH]cnc2c1ncn2[C@]1(S(=O)(=O)O)O[C@H](CO)[C@@H](O)[C@H]1O,success,80,62,89.4,
4595,CO[C@@]1(O)[C@H](O)[C@@H](CO)O[C@H]1n1cnc2c(=O)[nH]cnc21,success,311,292,216.09,
4596,O=C([O-])[C@@]1(O)[C@@H](CO)O[C@@H](n2cnc3c(=O)[nH]cnc32)[C@@H]1O.[Na+],success,42,26,35.66,
4597,O=C(O)[C@@]1(O)[C@H](O)[C@@H](CO)O[C@H]1n1cnc2c(=O)[nH]cnc21,success,1183,1164,1098.69,
4598,CC(C)(C)[Si](C)(C)[C@@]1(n2cnc3c(=O)[nH]c(N)nc32)O[C@H](CO)[C@@H](O)[C@H]1O,success,42,26,30.78,
4599,N.Nc1nc2c(ncn2[C@H]2CC[C@@H](CO)O2)c(=O)[nH]1,success,55,39,39.83,
4600,O=C(CNC[C@H]1O[C@@H](n2cnc3c(=O)[nH]cnc32)[C@H](O)[C@@H]1O)N1CCNCC1,success,203,186,127.4,
4601,Cc1nc2c(nc(Cl)n2[C@@H]2O[C@H](CN)[C@@H](O)[C@H]2O)c(=O)[nH]1,success,150,131,212.71,
4602,Cc1nc2c(ncn2[C@@H]2O[C@H](CNCC(=O)N3CCNCC3)[C@@H](O)[C@H]2O)c(=O)[nH]1,success,203,186,167.39,
4603,O=C(CNC[C@H]1O[C@@H](n2c(Cl)nc3c(=O)[nH]cnc32)[C@H](O)[C@@H]1O)N1CCNCC1,success,196,179,120.15,
4604,C[N+](C)(C)CCO.Nc1nc2c(ncn2[C@@H]2O[C@H](COP(=O)([O-])OP(=O)([O-])O)[C@@H](O)[C@H]2O)c(=O)[nH]1.[NH4+],success,42,26,42.01,
4605,C[N+](C)(C)CCO.Nc1nc2c(ncn2[C@@H]2O[C@H](COP(=O)([O-])OP(=O)([O-])O)[C@@H](O)[C@H]2O)c(=O)[nH]1.[Na+],success,42,26,67.18,
4606,CC(C)n1cnc2c(ncn2[C@@H]2O[C@H](CO)[C@@H](O)[C@H]2O)c1=O,success,993,972,776.21,
4607,CC(C)c1nc2c(ncn2[C@@H]2O[C@H](CO)[C@@H](O)[C@H]2O)c(=O)[nH]1,success,1146,1125,1008.53,
4608,[2H]N([2H])c1nc2c(ncn2[C@H]2C[C@H](O)[C@@H](CO)O2)c(=O)[nH]1,success,213,194,198.14,
4609,Nc1nc2c(ncn2[C@H]2CC[C@@H](COO)O2)c(=O)[nH]1,failed,107,90,140.6,min() arg is an empty sequence
4610,CCc1nc2c(ncn2C2OCC(O)C2O)c(=O)[nH]1,success,624,603,403.81,
4611,Cc1nc2c(ncn2C2OCC(O)C2O)c(=O)[nH]1,success,127,108,108.15,
4612,COO[C@H]1[C@@H](O)[C@H](n2cnc3c(=O)[nH]c(N)nc32)O[C@@H]1CO,success,283,264,228.21,
4613,Cn1c(N)nc2c(ncn2[C@@H]2O[C@H](CO)[C@@H](O)[C@H]2S)c1=O,success,326,307,296.74,
4614,CC(C)(C)OC(=O)Nc1nc2c(ncn2[C@@H]2O[C@H](CO)[C@@H](O)[C@H]2O)c(=O)[nH]1,success,707,688,780.34,
4615,Nc1nc2c(ncn2[C@]2(N[C@@H](CS)C(=O)O)O[C@H](CO)[C@@H](O)[C@H]2O)c(=O)[nH]1,success,3598,3578,6193.52,
4616,Nc1nc(=O)c2ncn(C3OC(CO)C(O)C3O)c2n1C=O,success,630,611,501.46,
4617,[2H]CC(=O)O[C@H]1[C@@H](CO)OC(n2cnc3c(=O)[nH]c(NC(=O)C(C)C)nc32)[C@@H]1OC(=O)C[2H],success,181,163,157.42,
4618,[N-]=[N+]=N[C@]1(CO)O[C@@H](n2cnc3c(=O)[nH]c(=O)[nH]c32)C[C@@H]1O,success,42,26,45.52,
4619,[N-]=[N+]=N[C@]1(CI)O[C@@H](n2cnc3c(=O)[nH]cnc32)C[C@@H]1O,success,42,26,38.59,
4620,O=c1[nH]cnc2c1ncn2[C@@H]1O[C@H](COP(=O)(O)O)[C@@H](O)[C@H]1OP(=O)(O)O,success,63,47,67.94,
4621,O.O=c1[nH]cnc2c1ncn2C1CCC(CO)O1,success,42,26,24.64,
4622,O=c1[nH]cnc2c1ncn2[C@@H]1O[C@H](COP(=O)(O)OP(=O)(O)OP(=O)(O)O)C[C@H]1O,success,54,38,52.18,
4623,[2H]C#C[C@]1(CO)OC(n2cnc3c(=O)[nH]c(N)nc32)[C@@H](O)[C@@H]1O,success,340,321,304.69,
4624,[2H]C#C[C@]1(CO)OC(n2cnc3c(=O)[nH]cnc32)[C@@H](O)[C@@H]1O,success,286,267,262.25,
4625,[2H]CC(C)C(=O)O[C@@H]1C(n2cnc3c(=O)[nH]c(NC(=O)C(C)C)nc32)O[C@H](CO)[C@H]1O,success,509,490,288.01,
4626,[2H]C(CC)CO[C@H]1C(n2cnc(C(N)=O)c2N)O[C@H](CO)[C@H]1O,success,5084,5062,5375.12,
4627,CC[NH+](CC)CC.Cn1c[n+]([C@@H]2O[C@H](COP([O-])([O-])=[Se])[C@@H](O)[C@H]2O)c2nc(N)[nH]c(=O)c21,success,42,26,53.81,
4628,Cn1c[n+]([C@@H]2O[C@H](COP(O)(O)=[Se])[C@@H](O)[C@H]2O)c2nc(N)[nH]c(=O)c21,success,292,273,295.84,
4629,Nc1nc2c(ncn2[C@@H]2O[C@H](CO)C[C@@]2(N)O)c(=O)[nH]1,success,328,309,336.98,
4630,[2H]C([2H])(O)[C@H]1O[C@@H](n2cnc3c(=O)[nH]c(N)nc32)C(O)(C#CC)[C@H]1O,success,526,507,463.7,
4631,CC#CC1(O)[C@@H](O)[C@@H](CO)O[C@H]1n1cnc2c(=O)[nH]c(N)nc21,success,682,661,580.5,
4632,[2H]C([2H])(O)[C@H]1O[C@@H](n2cnc3c(=O)[nH]c(N)nc32)C(O)(C#CCl)[C@H]1O,success,270,251,304.42,
4633,[2H]C([2H])(O)[C@H]1O[C@@H](n2cnc3c(=O)[nH]c(N)nc32)C(O)(C#CCF)[C@H]1O,success,568,549,503.11,
4634,[2H]C([2H])(O)[C@H]1O[C@@H](n2cnc3c(=O)[nH]c(N)nc32)C(O)(C#C)[C@H]1O,success,288,269,318.76,
4635,COCC[C@@]1(n2cnc3c(=O)[nH]c(N)nc32)O[C@H](CO)[C@@H](O)[C@H]1O,failed,1218,1199,923.04,min() arg is an empty sequence
4636,C/C(=N\c1nc2c(ncn2[C@H]2C[C@@H](O)[C@@H](CO)O2)c(=O)[nH]1)N1CCOCC1,success,42,26,42.35,
4637,Nc1nc(=O)c2ncn(C3OC(CO)C(O)C3O)c2n1O[I+3]([O-])([O-])[O-],success,52,36,59.82,
4638,CC(=O)N(C(C)=O)c1nc2c(ncn2[C@H]2C[C@H](O)[C@@H](CO)O2)c(=O)[nH]1,success,1931,1908,2534.61,
4639,CN(C)C=Nc1nc2c(ncn2C2OC3(CO)COC2C3O)c(=O)[nH]1,success,257,239,371.42,
4640,Nc1nc(=O)c2[nH]cnc2n1C1O[C@H](CO)[C@@H](O)[C@@H]1O,success,340,321,295.72,
4641,Nc1nc2c(ncn2[C@]2(P=O)O[C@H](CO)[C@@H](O)[C@H]2O)c(=O)[nH]1,success,281,262,293.52,
4642,Nc1nc2c(ncn2C2OC3(CO)COC2C3)c(=O)[nH]1,success,191,172,245.92,
4643,CC(C)C(=O)n1c(N)nc(=O)c2ncn(C3OC(CO)C(O)C3O)c21,success,2341,2320,2529.83,
4644,C[C@@]1(n2cnc3c(=O)[nH]cnc32)O[C@H](CO)C(O)C1O,success,285,266,266.32,
4645,O=c1[nH]cnc2c1ncn2C(O)[C@]1(O)CC(CO)C1O,success,745,726,489.07,
4646,O=c1[nH]cnc2c1ncn2[C@H](O)[C@]1(O)CC(CO)C1O,success,710,691,544.63,
4647,O=c1[nH]cnc2c1ncn2C(O)C1(O)CC(CO)[C@@H]1O,success,701,682,564.93,
4648,CO.COC.Nc1nc2c(ncn2C2CCC(CO)O2)c(=O)[nH]1,success,42,26,37.04,
4649,CC.Nc1nc2c(ncn2C2OC(CO)C(O)C2O)c(=O)[nH]1,success,42,26,40.21,
4650,CN(C)C=Nc1nc2c(ncn2[C@@H]2O[C@H](CO)[C@H]3O[C@H]32)c(=O)[nH]1,success,241,222,226.54,
4651,NC(=O)c1ncn([C@H]2CC[C@@H](CO)O2)c1N,success,525,506,470.36,
4652,COC1C(CO)O[C@@H](n2cnc3c(=O)[nH]c(NC(=O)C(C)C)nc32)C1O,success,1415,1393,1795.86,
4653,CC(C)CNc1nc2c(ncn2[C@]2(C)O[C@H](CO)[C@@H](O)[C@H]2O)c(=O)[nH]1,success,491,472,508.83,
4654,CCO[C@@]1(n2cnc3c(=O)[nH]c(N)nc32)O[C@H](CO)[C@@H](O)[C@H]1O,success,1104,1082,813.07,
4655,CCO[C@@]1(n2cnc3c(=O)[nH]c(N)nc32)O[C@H](CO)[C@@H](O)[C@]1(O)OC,success,892,870,828.27,
4656,O=C1Cn2c(nc3c(ncn3[C@@H]3O[C@H](CO)[C@@H](O)[C@H]3O)c2=O)N1,success,254,235,278.41,
4657,C#CC1(CO)CC(O)C(n2cnc3c(=O)[nH]c(N)nc32)O1,success,307,288,250.0,
4658,CC(=O)Nc1nc2c(ncn2[C@@H]2O[C@H](CO)[C@H](O)[C@H]2O)c(=O)[nH]1,success,1763,1740,2159.44,
4659,CC(C)Cn1c(N)nc(=O)c2ncn([C@H]3C[C@H](O)[C@@H](CO)O3)c21,success,1261,1241,853.75,
4660,[N-]=[N+]=NC1(CO)OC(n2cnc3c(=O)[nH]cnc32)C(O)C1O,success,42,26,33.58,
4661,Nc1nc2c(ncn2[C@]2(OP(=O)(O)O)O[C@H](CO)[C@@H](O)[C@H]2O)c(=O)[nH]1,success,92,76,90.96,
4662,Nc1nc2c(ncn2[C@@]2(N)CC[C@@H](CO)O2)c(=O)[nH]1,success,216,197,194.0,
4663,COONc1nc2c(ncn2[C@@H]2O[C@H](CO)[C@@H](O)[C@H]2O)c(=O)[nH]1,success,326,307,353.46,
4664,CCC#CC(=O)OC[C@H]1O[C@@H](n2cnc3c(=O)[nH]c(N)nc32)[C@H](O)[C@@H]1O,success,1233,1213,1232.69,
4665,CC1O[C@@H](n2cnc3c(=O)[nH]c(N)nc32)[C@H](O)[C@@H]1O,success,182,163,146.47,
4666,C#C.Nc1nc2c(ncn2C2CCC(CO)O2)c(=O)[nH]1,success,42,26,29.9,
4667,Nc1nc2c(ncn2C2O[C@H](CO)C[C@@H]2O)c(=O)[nH]1,success,288,269,252.06,
4668,CC.CC1C[C@H](n2cnc3c(=O)[nH]cnc32)OC1CO,success,42,26,41.03,
4669,Nc1nc2c(ncn2[C@@]2(P=O)C[C@H](O)[C@@H](CO)O2)c(=O)[nH]1,success,248,229,295.04,
4670,Nc1nc2c(ncn2C2OC(COP(=O)(O)OP(=O)([O-])O)C(O)C2O)c(=O)[nH]1,success,105,89,116.84,
4671,CC1C[C@@H](CO)O[C@H]1n1cnc2c(=O)[nH]cnc21,success,165,146,223.29,
4672,CC.O=c1[nH]cnc2c1ncn2C1OC(CO)C(O)C1O,success,42,26,26.09,
4673,CC1OC(n2cnc3c(=O)[nH]cnc32)C(O)C1O,success,133,114,143.17,
4674,CC.CC1OC(n2cnc3c(=O)[nH]cnc32)C(O)C1O,success,42,26,40.36,
4675,CC(C)(O)O.Nc1nc2c(ncn2C2CCC(CO)O2)c(=O)[nH]1,success,42,26,26.67,
4676,CC[C@@H]1[C@H](n2cnc3c(=O)[nH]cnc32)O[C@](C)(CO)[C@H]1O,success,1458,1436,1017.39,
4677,C[C@]1(CO)O[C@@H](n2cnc3c(=O)[nH]cnc32)[C@@H](C#N)[C@@H]1O,success,318,299,267.5,
4678,C[C@@H]1[C@H](n2cnc3c(=O)[nH]c(N)nc32)O[C@@](CO)(N=[N+]=N)[C@H]1O,success,42,26,25.54,
4679,CC1(O)C(O)C(CO)OC1n1cnc2c1NC(N)NC2=O,success,376,357,280.18,
4680,CC1(O)C(O)[C@@H](CO)O[C@H]1[n+]1c[nH]c2c(=O)[nH]c(N)nc21,success,385,366,316.75,
4681,C[C@@]1(O)C[C@@H](CO)OC1n1cnc2c(=O)[nH]c(N)nc21,success,309,290,317.41,
4682,C[C@H](O)C1CC[C@H](n2cnc3c(=O)[nH]c(N)nc32)O1,success,660,638,450.16,
4683,NCC(=O)OCC1CCC(n2cnc3c(=O)[nH]cnc32)O1,success,1421,1403,1560.89,
4684,CC[C@@]1(n2cnc3c(=O)[nH]cnc32)O[C@H](CO)[C@@H](O)[C@H]1O,success,1166,1144,917.19,
4685,Nc1nc2c(ncn2[C@@H]2O[C@](N)(CO)[C@@H](O)[C@@H]2O)c(=O)[nH]1,success,410,391,342.67,
4686,Nc1nc2c(ncn2[C@@H]2O[C@](N)(CO)[C@@H](O)[C@H]2O)c(=O)[nH]1,success,410,391,482.42,
4687,CC(O)C1CCC(n2cnc3c(=O)[nH]cnc32)O1.OCO,success,42,26,40.48,
4688,CC.Nc1nc2c(ncn2C2CCC(CO)O2)c(=O)[nH]1,success,42,26,40.56,
4689,CC.CC(O)C1CCC(n2cnc3c(=O)[nH]c(N)nc32)O1,success,42,26,40.22,
4690,CC.CC(O)C1O[C@@H](n2cnc3c(=O)[nH]c(N)nc32)[C@H](O)[C@@H]1O,success,42,26,27.2,
4691,CC.O=c1[nH]c(NI)nc2c1ncn2C1CCC(CO)O1,success,42,26,39.97,
4692,O=c1[nH]c(NI)nc2c1ncn2C1CCC(CO)O1,success,164,145,162.86,
4693,C[C@H]1C[C@@H](CO)O[C@H]1n1cnc2c(=O)[nH]c(N)nc21,success,216,197,233.65,
4694,C[C@@]1(O)C[C@@H](CO)O[C@H]1n1cnc2c(=O)[nH]c(N)nc21,success,309,290,321.64,
4695,CC.CCC1OC(n2cnc3c(=O)[nH]c(N)nc32)C(O)C1O,success,42,26,31.27,
4696,C[C@]1(O)C[C@@H](CO)O[C@H]1n1cnc2c(=O)[nH]c(N)nc21,success,309,290,298.53,
4697,CO.Nc1nc2c(ncn2C2CCC(CO)O2)c(=O)[nH]1,success,42,26,38.1,
4698,CCOC1CC(CO)OC1n1cnc2c(=O)[nH]c(N)nc21,success,949,927,700.45,
4699,Cn1c(N)nc2c(ncn2[C@@H]2O[C@H](CO)C(N)C2N)c1=O,success,42,26,40.25,
4700,CC[C@]1(CO)OC(n2cnc3c(=O)[nH]c(N)nc32)C[C@@H]1O.CN,success,137,120,60.99,
4701,Cn1c(N)nc2c(ncn2[C@@H]2O[C@H](CO)[C@H](N)C2N)c1=O,success,42,26,38.18,
4702,CCC(=O)OCC1OC(n2cnc3c(=O)[nH]c(N)nc32)C[C@@H]1O,success,2211,2188,3746.13,
4703,Nc1nc2c(ncn2C2C[C@H](O)C(COC(=O)CCO)O2)c(=O)[nH]1,success,3463,3440,5870.17,
4704,CC(C)CC(=O)OCC1OC(n2cnc3c(=O)[nH]cnc32)C(O)C1O,success,1866,1847,1960.14,
4705,N[C@@H](CO)C(=O)OC[C@H]1OC(n2cnc3c(=O)[nH]cnc32)[C@@H](O)[C@H]1O,success,4817,4796,7869.02,
4706,CC=O.CN.Nc1nc2c(ncn2C2CCC(CO)O2)c(=O)[nH]1,success,42,26,32.36,
4707,CC1C[C@@H](CO)OC1n1cnc2c(=O)[nH]c(N)nc21,success,216,197,181.79,
4708,CO[C@@]1(CO)CC[C@H](n2cnc3c(=O)[nH]c(N)nc32)O1,success,341,322,260.69,
4709,CC(C)C=O.CNc1nc2c(ncn2C2OC(CO)C(O)C2O)c(=O)[nH]1,success,323,306,177.61,
4710,Nc1nc(=O)c2ncn(C3OC(CO)C(O)C3O)c2n1OCS,success,499,479,369.32,
4711,FCF.Nc1nc2c(ncn2C2CCC(CO)O2)c(=O)[nH]1,success,42,26,31.23,
4712,FCF.Nc1nc2c(ncn2C2OC(CO)CC2F)c(=O)[nH]1,success,42,26,25.42,
4713,FCF.Nc1nc2c(ncn2C2CC(O)C(CO)O2)c(=O)[nH]1,success,42,26,31.95,
4714,FCF.Nc1nc2c(ncn2C2CC(F)C(CO)O2)c(=O)[nH]1,success,42,26,40.62,
4715,CC.CO.C[C@H]1OC(n2cnc3c(=O)[nH]c(N)nc32)[C@H](O)[C@@H]1N,success,42,26,26.18,
4716,CC(=O)O[C@@H]1C[C@@H](CO)O[C@H]1n1cnc2c(=O)[nH]c(N)nc21,success,1320,1297,1285.15,
4717,CN.C[C@]1(CO)O[C@@H](n2cnc3c(=O)[nH]c(N)nc32)[C@H](F)[C@@H]1O,success,85,68,50.95,
4718,CC.O=c1[nH]cnc2c1ncn2C1CCC(CO)O1,success,42,26,36.14,
4719,C=C.Nc1nc2c(ncn2C2CCC(CO)O2)c(=O)[nH]1,success,42,26,24.99,
4720,C/C(N)=N\Cn1c(N)nc(=O)c2ncn(C3OC(CO)C(O)C3O)c21,success,182,164,97.26,
4721,O=c1[nH]cnc2c1ncn2C1CCC(CO)O1.OC1CCCCO1,success,42,26,26.01,
4722,O=C1NC(=O)C(n2c(=O)[nH]c3c(ncn3C3O[C@H](CO)[C@@H](O)[C@H]3O)c2=O)N1,success,389,371,277.7,
4723,CNc1nc2c(ncn2[C@H]2CC[C@@H](CO)O2)c(=O)[nH]1,success,224,205,268.82,
4724,COC[C@@H]1C[C@@](C)(O)[C@H](n2cnc3c(=O)[nH]cnc32)O1,success,201,182,188.52,
4725,Nc1nc2c(ncn2[C@@H]2O[C@H](COP([O-])(O)=S)C(O)C2O)c(=O)[nH]1,success,262,243,289.11,
4726,CC(C)C(=O)Nc1nc2c(ncn2[C@H]2CCC(CO)O2)c(=O)[nH]1,success,1854,1832,2449.94,
4727,Cn1c(N)nc2c(ncn2[C@@H]2O[C@H](CO)[C@H](N)[C@@H]2N)c1=O,success,42,26,24.9,
4728,C#CCO.Nc1nc2c(ncn2C2CCC(CO)O2)c(=O)[nH]1,success,42,26,26.14,
4729,CNF.Nc1nc2c(ncn2C2OC(CO)CC2O)c(=O)[nH]1,success,61,44,37.16,
4730,C=CN.Nc1nc2c(ncn2C2CCC(CO)O2)c(=O)[nH]1,success,77,61,45.0,
4731,CO[C@H]1[C@@H](O)[C@H](n2cnc3c(=O)[nH]c(NC(=O)C(C)C)nc32)O[C@@H]1CO,success,1306,1284,1812.33,
4732,CC(C)(O)[C@H]1O[C@@H](n2cnc3c(=O)[nH]cnc32)[C@H](O)[C@@H]1O,success,855,833,716.18,
4733,CC(C)C(=O)Nc1nc2c(ncn2[C@@H]2O[C@H](CO)[C@@H](O)[C@H]2N)c(=O)[nH]1,success,2413,2391,3481.31,
4734,CCCCCCCCCCCCCCCCCCNc1nc2c(ncn2[C@@H]2O[C@H](CO)[C@@H](O)[C@H]2O)c(=O)[nH]1,success,42,26,32.0,
4735,CC(C)CNc1nc2c(ncn2[C@@H]2O[C@H](CO)[C@H](O)C2O)c(=O)[nH]1,success,1212,1192,1270.58,
4736,[N-]=[N+]=N[C@@]1(O)[C@@H](CO)O[C@@H](n2cnc3c(=O)[nH]c(N)nc32)[C@@H]1O,success,42,26,25.88,
4737,CCCCCCNNc1nc2c(ncn2[C@@H]2O[C@H](CO)[C@@H](O)[C@H]2O)c(=O)[nH]1,success,169,149,62.15,
4738,[N-]=[N+]=N[C@@]1(CO)CC[C@H](n2cnc3c(=O)[nH]cnc32)O1,success,42,26,24.57,
4739,[N-]=[N+]=N[C@]1(CI)O[C@@H](n2cnc3c(=O)[nH]c(N)nc32)[C@H](O)[C@@H]1O,success,42,26,24.9,
4740,O=c1[nH]c(N[C@H]2O[C@@H](CO)[C@H](O)[C@@H]2O)nc2nc[nH]c12,success,351,332,397.03,
4741,Nc1nc2c(nc(/N=N/C3CCCCC3)n2[C@@H]2O[C@H](CO)[C@H](O)C2O)c(=O)[nH]1,success,42,26,27.17,
4742,Nc1nc2c(ncn2[C@@H]2O[C@H](CO)[C@H]3O[C@H]32)c(=O)[nH]1,success,207,188,212.8,
4743,C=CCNc1nc2c(ncn2[C@@H]2O[C@H](CO)[C@@H](O)[C@H]2O)c(=O)[nH]1,success,1200,1180,1210.74,
4744,Cn1c(N)nc(=O)c2nc(CN)n(C3OC(CO)C(O)C3O)c21,success,431,412,386.14,
4745,CC(CN)n1c(N)nc(=O)c2ncn(C3OC(CO)C(O)C3O)c21,success,1813,1792,1623.0,
4746,CC(C)CNc1nc2c(ncn2[C@@H]2O[C@H](COP(=O)(O)OP(=O)(O)OP(=O)(O)O)[C@@H](O)[C@H]2O)c(=O)[nH]1,success,86,70,69.72,
4747,COCC1CCC(n2cnc3c(=O)[nH]cnc32)O1,success,89,71,102.13,
4748,C[C@@H]1CC(CO)OC1n1cnc2c(=O)[nH]c(N)nc21,success,216,197,184.38,
4749,CO[C@@H]1[C@@H](O)[C@@H](COP(=O)(O)OP(=O)(O)O)O[C@H]1n1cnc2c(=O)[nH]c(N)nc21,success,73,55,65.94,
4750,CO[C@@H]1[C@H](O)[C@@H](COP(=O)(O)OP(=O)(O)O)O[C@H]1n1cnc2c(=O)[nH]c(N)nc21,success,73,55,89.26,
4751,N.Nc1nc2c(ncn2[C@@H]2O[C@H](CO)[C@@H](O)[C@H]2O)c(=O)[nH]1.[N-]=[N+]=NCCOP(=O)(O)O,success,42,26,62.91,
4752,C[C@@H]1[C@H](C)[C@@H](CO)O[C@H]1n1cnc2c(=O)[nH]cnc21,success,198,179,179.59,
4753,NCCNP(=O)(O)OCC1OC(n2cnc3c(=O)[nH]c(N)nc32)C(O)C1O,success,266,249,232.02,
4754,Cn1c[n+](C2OC(COP(=O)(O)NCCN)C(O)C2O)c2nc(N)[nH]c(=O)c21,success,320,303,233.89,
4755,NCCNP(=O)(O)OP(=O)(O)OCC1OC(n2cnc3c(=O)[nH]c(N)nc32)C(O)C1O,success,164,148,200.52,
4756,C#CP(=O)(O)OP(=O)(O)OCC1OC(n2cnc3c(=O)[nH]c(N)nc32)C(O)C1O,success,103,87,150.77,
4757,NCCOP(=O)(O)OP(=O)(O)OCC1OC(n2cnc3c(=O)[nH]c(N)nc32)C(O)C1O,success,156,140,198.08,
4758,NCCOP(=O)(O)OCC1OC(n2cnc3c(=O)[nH]c(N)nc32)C(O)C1O,success,537,519,686.44,
4759,CO[C@@H]1[C@@H](O)[C@@H](CO)O[C@H]1n1cnc2c(=O)[nH]c(N(C)C)nc21,success,242,223,314.64,
4760,O=c1[nH]cnc2c1ncn2[C@@H]1O[C@H](COCP(=O)(O)O)[C@@H](O)[C@H]1O,success,111,93,152.27,
4761,NC(=O)c1ncn([C@@H]2OC(COP(=O)(O)O)C[C@H]2O)c1N,success,536,517,590.51,
4762,NC(=O)c1ncn([C@@H]2O[C@H](COP(=O)(O)O)C[C@H]2O)c1N,success,541,522,631.89,
4763,COP(NCCN)OCC1OC([n+]2cn(C)c3c(=O)[nH]c(N)nc32)C(O)C1O,success,337,319,262.69,
4764,COP(NCCN)OCC1OC(n2cnc3c(=O)[nH]c(N)nc32)C(O)C1O,success,291,273,196.05,
4765,COP(OCCN)OCC1OC(n2cnc3c(=O)[nH]c(N)nc32)C(O)C1O,success,723,704,977.88,
4766,COP(OCCN)OP(OC)OCC1OC(n2cnc3c(=O)[nH]c(N)nc32)C(O)C1O,success,137,119,161.04,
4767,COPOP(OC)OCC1OC([n+]2cn(C)c3c(=O)[nH]c(N)nc32)C(OC)C1O,success,166,148,219.05,
4768,CCO[C@H]1C(O)[C@@H](CO)O[C@H]1n1cnc2c(=O)[nH]c(NC(=O)C(C)C)nc21,success,319,296,180.38,
4769,NC1NC(=O)c2ncn([C@H]3C[C@H](O)[C@@H](COP(O)(O)=S)O3)c2N1,success,247,228,281.31,
4770,Nc1nc2c(ncn2[C@@H]2O[C@@H]3C(O)[C@]3(O)[C@@H]2O)c(=O)[nH]1,success,253,234,257.92,
4771,CSCO[C@H]1[C@@H](O)[C@@H](CO)O[C@H]1n1cnc2c(=O)[nH]c(N)nc21,success,404,385,391.53,
4772,C=Nc1nc2c(=O)[nH]c(N)nc2n1[C@@H]1O[C@H](CO)[C@@H](O)[C@H]1O,success,349,330,325.08,
4773,Cn1c[n+]([C@@H]2O[C@H](CI)C(O)[C@@H]2O)c2nc(N)[nH]c(=O)c21,success,217,198,234.77,
4774,Cn1c[n+]([C@@H]2O[C@H](COP(=O)([O-])NCCN=[N+]=[N-])C(O)[C@@H]2O)c2nc(N)[nH]c(=O)c21,success,227,210,237.15,
4775,C#CP(=O)([O-])OP(=O)([O-])OP(=O)([O-])OC[C@H]1O[C@@H](n2cnc3c(=O)[nH]c(N)nc32)[C@@H](O)C1O,success,77,61,103.53,
4776,Nc1nc2c(nc(Br)n2[C@@H]2O[C@H](CO)C[C@H]2O)c(=O)[nH]1,success,261,242,295.97,
4777,CC(C)C(=O)Nc1nc2c(ncn2[C@@H]2O[C@H](CO)[C@@H](N)[C@H]2O)c(=O)[nH]1,success,2414,2392,3244.4,
4778,NC(=O)c1ncn([C@@H]2O[C@H](CCO)[C@@H](O)[C@H]2O)c1N,success,2585,2564,2143.9,
4779,CC(C)C(O)c1nc2c(=O)[nH]c(N)nc2n1[C@@H]1O[C@H](CO)[C@@H](O)[C@H]1O,success,1345,1324,996.41,
4780,CCCC(O)c1nc2c(=O)[nH]c(N)nc2n1[C@@H]1O[C@H](CO)[C@@H](O)[C@H]1O,success,1731,1710,1438.17,
4781,CC(=O)c1nc2c(=O)[nH]cnc2n1[C@@H]1O[C@H](CO)[C@@H](O)[C@H]1O,success,1952,1930,2070.59,
4782,CC(=O)c1nc2c(=O)[nH]c(N)nc2n1[C@@H]1O[C@H](CO)[C@@H](O)[C@H]1O,success,1825,1803,2201.7,
4783,CCCC(=O)c1nc2c(=O)[nH]c(N)nc2n1[C@@H]1O[C@H](CO)[C@@H](O)[C@H]1O,success,3215,3194,4438.93,
4784,C#Cc1nc2c(=O)[nH]c(N)nc2n1[C@@H]1O[C@H](CO)[C@@H](O)[C@H]1O,success,351,332,298.42,
4785,CC(C)C(=O)c1nc2c(=O)[nH]c(N)nc2n1[C@@H]1O[C@H](CO)[C@@H](O)[C@H]1O,success,2429,2408,3195.62,
4786,CC(C)C(=O)c1nc2c(=O)[nH]cnc2n1[C@@H]1O[C@H](CO)[C@@H](O)[C@H]1O,success,2752,2731,3464.84,
4787,CC(C)c1nc2c(=O)[nH]c(N)nc2n1[C@@H]1O[C@H](CO)[C@@H](O)[C@H]1O,success,1113,1092,880.47,
4788,CC(C)(C)Cc1nc2c(=O)[nH]c(N)nc2n1[C@@H]1O[C@H](CO)[C@@H](O)[C@H]1O,success,558,539,549.05,
4789,Nc1nc2c(ncn2[C@@H]2O[C@H](COP(=O)(OP(=O)(O)O)OP3(=O)OSO3)[C@@H](O)[C@H]2O)c(=O)[nH]1,success,42,26,46.94,
4790,COP(=O)(O)C(O)[C@H]1O[C@@H](n2cnc3c(=O)[nH]cnc32)[C@H](O)[C@@H]1O,success,149,131,248.39,
4791,CCCC(N)C(=O)NC1C(O)C(CO)OC1n1cnc2c1N=C[NH2+]C2=O,success,4482,4462,6940.96,
4792,CN(C)C=Nc1nc2c(ncn2[C@@H]2O[C@@]3(CO)COC2[C@H]3O)c(=O)[nH]1,success,305,287,310.44,
4793,C[C@@]1(n2cnc3c(=O)[nH]cnc32)O[C@H](CO)[C@H](O)[C@@H]1O,success,283,264,245.55,
4794,Nc1nc2c(ncn2[C@H]2CC(O)[C@@H](COPO)O2)c(=O)[nH]1,success,245,226,278.08,
4795,C[C@@]1(n2cnc3c(=O)[nH]c(N)nc32)O[C@H](CO)[C@H](O)[C@@H]1O,success,342,323,287.68,
4796,Nc1c(C(=O)NC(CC(=O)O)C(=O)O)ncn1[C@@H]1O[C@H](CO)C(O)C1O,success,4567,4549,5018.48,
4797,CCOCCO[C@H](CCn1cnc2c(=O)[nH]c(N)nc21)[C@@H](O)[C@@H](CO)OC,success,845,823,321.52,
4798,Nc1nc2c(ncn2[C@@H]2OC3(CC3O)[C@@H](O)[C@H]2O)c(=O)[nH]1,success,256,237,303.24,
4799,Nc1nc2c(ncn2[C@@H]2O[C@H](CCO)C[C@H]2O)c(=O)[nH]1,success,1002,981,639.22,
4800,Nc1nc2c(ncn2[C@]2(P(=O)(O)O)O[C@H](CO)[C@@H](O)[C@]2(O)P(=O)(O)O)c(=O)[nH]1,success,42,26,49.67,
4801,Nc1nc2c(ncn2[C@@H]2O[C@H](CO)[C@@H](O)[C@]2(O)COCCO)c(=O)[nH]1,success,1543,1522,1384.9,
4802,Cn1cnc2c(ncn2[C@@H]2O[C@H](CO)[C@@H](O)[C@@]2(C)O)c1=O,success,314,295,288.2,
4803,C[C@@]1(O)[C@H](O)[C@@H](CO)O[C@@]1(B(O)O)n1cnc2c(=O)[nH]c(N)nc21,success,281,262,214.4,
4804,CONc1nc2c(c(=O)[nH]1)n(OC)c[n+]2[C@@H]1O[C@H](CO)[C@@H](O)[C@@]1(C)O,success,383,364,306.77,
4805,CC(C)[Si](OC[C@]1(CO)O[C@@H](n2cnc3c(=O)[nH]cnc32)[C@H](O)[C@@H]1O)(C(C)C)C(C)C,success,93,77,92.24,
4806,Cn1c[n+]([C@@H]2O[C@H](CO)[C@@H](O)[C@H]2O)c2c1c(=O)nc(N)n2C,success,431,412,346.23,
4807,Cn1c[n+]([C@@H]2O[C@H](CO)[C@@H](N)[C@H]2O)c2nc(N)[nH]c(=O)c21,success,419,400,323.26,
4808,CCO[C@@H]1[C@H](O)[C@@H](COP(N)O)O[C@H]1n1cnc2c(=O)[nH]c(N)nc21,success,787,765,849.81,
4809,CC(=O)Cn1c[n+]([C@@H]2O[C@H](CO)[C@@H](O)[C@H]2O)c2nc(N)[nH]c(=O)c21,success,3633,3611,3847.03,
4810,CN1c2c(n(C)c[n+]2[C@@H]2O[C@H](CO)[C@@H](O)[C@H]2O)C(=O)NC1(C)N,success,377,358,486.47,
4811,Nc1nc2c(c(=O)[nH]1)n(C=O)c[n+]2[C@H]1C[C@H](O)[C@@H](CO)O1,success,610,590,492.01,
4812,CCC(=O)Nc1nc2c(ncn2C2OC(CO)C(O)C2O)c(=O)[nH]1,success,3343,3320,4540.11,
4813,CNc1nc2c(c(=O)[nH]1)n(C)c[n+]2[C@@H]1O[C@H](CO)[C@@H](O)[C@H]1OC,success,340,321,414.53,
4814,Nc1nc2c(ncn2[C@@H]2O[C@H](CO)[C@@H](ONP(O)O)[C@H]2O)c(=O)[nH]1,success,225,206,348.41,
4815,NCC#Cn1c[n+]([C@H]2CC[C@@H](CO)O2)c2nc(N)[nH]c(=O)c21,success,646,627,650.8,
4816,Cn1c[n+]([C@@H]2O[C@H](CO)[C@@H](O)[C@H]2N)c2nc(N)[nH]c(=O)c21,success,437,418,460.97,
4817,Cn1c(N)nc2c(ncn2[C@]2(S)O[C@H](CO)[C@@H](O)[C@H]2O)c1=O,success,338,319,392.98,
4818,NCCn1c[n+]([C@@H]2O[C@H](CO)[C@@H](O)[C@H]2O)c2nc(N)[nH]c(=O)c21,success,1131,1112,1057.13,
4819,C[SiH](C)[C@@]1(n2cnc3c(=O)[nH]c(N)nc32)O[C@H](CO)[C@@H](O)[C@H]1O,failed,332,313,345.43,min() arg is an empty sequence
4820,CON(OC)c1nc2c(ncn2[C@@H]2O[C@H](CO)[C@@H](O)[C@@]2(C)O)c(=O)[nH]1,success,249,230,211.86,
4821,CNc1nc2c(c(=O)[nH]1)n(C)c[n+]2[C@@H]1O[C@H](CO)[C@@H](O)[C@@]1(C)O,success,389,370,357.08,
4822,CS(=O)(=O)OC[C@H]1O[C@@H](n2cnc3c(=O)[nH]c(N)nc32)[C@H](O)[C@@H]1O,success,246,227,281.09,
4823,CO[C@]1(n2cnc3c(=O)[nH]c(N)nc32)C[C@H](O)[C@@H](CO)O1,success,367,348,333.38,
4824,CNn1cnc2c(ncn2[C@]2(C)O[C@H](CO)[C@@H](O)[C@H]2O)c1=O,success,329,310,307.17,
4825,Nc1nc2c(ncn2[C@@H]2O[C@H](CO)[C@](O)(P(=O)(O)O)[C@H]2O)c(=O)[nH]1,success,129,111,159.14,
4826,N#Cn1c[n+]([C@@]23[B][C@@]2(O)[C@H](O)[C@@H](CO)O3)c2nc(N)[nH]c(=O)c21,success,42,26,40.22,
4827,NC(=S)[C@@]1(n2cnc3c(=O)[nH]c(N)nc32)O[C@H](CO)[C@@H](O)[C@H]1O,success,373,354,360.04,
4828,Nc1nc2c(ncn2[C@@H]2O[C@H](CO)[C@](O)(ONP(O)O)[C@H]2O)c(=O)[nH]1,success,115,97,170.17,
4829,Nc1nc2c(c(=O)[nH]1)n(S)c[n+]2[C@@H]1O[C@H](CO)[C@@H](O)[C@H]1O,success,398,379,386.4,
4830,Nc1nc2c([nH+]cn2[C@@H]2O[C@H](CO)[C@@H](O)[C@H]2O)c(=O)[nH]1.[I-],success,42,26,26.03,
4831,O=c1[nH]cnc2c1ncn2[C@@]1(Br)C[C@H](O)[C@@H](CO)O1,success,213,194,196.98,
4832,CO[C@@]1(n2cnc3c(=O)[nH]cnc32)O[C@H](CO)[C@@H](O)[C@H]1O,success,433,414,289.11,
4833,Cc1nc2c(ncn2[C@@H]2O[C@H](CO)[C@@H](O)[C@@H]2O)c(=O)[nH]1,success,300,281,264.42,
4834,C[SiH2][C@@]1(n2cnc3c(=O)[nH]c(N)nc32)O[C@H](CO)[C@@H](O)[C@H]1O,success,342,323,343.45,
4835,[N-]=[N+]=N[C@]1(n2cnc3c(=O)[nH]cnc32)C[C@H](O)[C@@H](CO)O1,success,65,49,59.19,
4836,[3H]c1nc2c(nc([3H])n2[C@@H]2O[C@H](CO)[C@@H](O)[C@H]2O)c(=O)[nH]1,success,264,245,269.25,
4837,O=c1[nH]cnc2c1ncn2[14C@@H]1O[C@H](CO)[C@@H](O)[C@H]1O,success,300,281,247.17,
4838,O=c1[nH]cnc2c1nc[15n]2[C@@H]1O[C@H](CO)[C@@H](O)[C@H]1O,success,300,281,310.01,
4839,[3H]C(O)[C@H]1O[C@@H](n2[14cH]nc3c(=O)[nH]cnc32)[C@H](O)[C@@H]1O,success,271,252,241.13,
4840,CCCCC[C@@]1(n2cnc3c(=O)[nH]cnc32)O[C@H](CO)[C@@H](O)[C@H]1O,success,1058,1038,868.33,
4841,CO[C@@H]1[C@H](O)[C@@H](COP(=O)(O)OP(=O)(O)OP(=O)(O)O)O[C@H]1[n+]1cn(C)c2c(=O)[nH]c(N)nc21,success,61,43,69.71,
4842,Nc1nc2c(ncn2[C@@H]2O[C@H](COP=O)[C@@H](O)[C@H]2O)c(=O)[nH]1,success,245,226,231.9,
4843,O=c1[nH]cnc2c1ncn2[C@@H]1O[C@H](C(O)(Cl)Cl)[C@@H](O)[C@H]1O,success,239,220,218.97,
4844,N#Cn1c[n+]([C@@]23[B][C@@H]2[C@H](O)[C@@H](CO)O3)c2nc(N)[nH]c(=O)c21,success,42,26,25.79,
4845,Nc1nc2c(ncn2[C@@H]2O[C@H](COP(=O)(OP(=O)(O)O)OP3(=O)O[35S]O3)[C@@H](O)[C@H]2O)c(=O)[nH]1,success,42,26,53.47,
4846,CNc1nc2c(ncn2[C@@H]2O[C@H](CO)[C@@H](O)[C@H]2S)c(=O)[nH]1,success,343,324,318.01,
4847,[N-]=[N+]=Nn1c(N)nc(=O)c2ncn([C@@H]3O[C@H](CO)[C@@H](O)[C@H]3O)c21,success,42,26,25.94,
4848,Nc1nc2c(n[14cH]n2[C@@H]2O[C@H](CO)[C@@H](O)[C@H]2O)c(=O)[nH]1,success,361,342,327.29,
4849,CC1(CO)OC(C)(n2cnc3c(=O)[nH]c(N)nc32)C(O)C1O,success,335,316,331.8,
4850,CC1[C@H](n2cnc3c(=O)[nH]c(N)nc32)O[C@H](CO)[C@H]1O,success,332,313,256.73,
4851,CC(C)CNc1nc2c(ncn2C2O[C@H](CO)[C@@H](O)[C@H]2N=[N+]=[N-])c(=O)[nH]1,success,42,26,33.14,
4852,C=CCOc1nc2c(=O)[nH]c(N)nc2n1[C@@H]1O[C@H](CO)[C@H](O)[C@H]1O,success,988,968,934.86,
4853,COC1C(OP)C(CO)OC1n1cnc2c(=O)[nH]c(N)nc21,success,224,205,262.47,
4854,COC1C(OPS)C(CO)OC1n1cnc2c(=O)[nH]c(N)nc21,success,224,205,409.95,
4855,O=c1[nH]cnc2c1ncn2[C@@H]1O[C@H](COP(=O)(O)N2CCOCC2)C(O)[C@@H]1O,success,100,82,177.01,
4856,O=c1[nH]cnc2c1ncn2[C@@H]1O[C@H](COP(=O)(O)N2CCOCC2)[C@@H](O)[C@H]1O,success,99,81,175.6,
4857,CC(C)C(=O)Nc1nc2c(ncn2[C@@H]2O[C@H](CO)[C@](C)(O)C2O)c(=O)[nH]1,success,1368,1347,1720.12,
4858,Nc1nc2c(ncn2C2OC(CO)[C@H](CO)[C@@H]2O)c(=O)[nH]1,success,674,655,587.92,
4859,CC(C)C(=O)Nc1nc2c(ncn2C2OC(CO)[C@H](CO)[C@@H]2O)c(=O)[nH]1,success,2461,2439,3343.17,
4860,C[C@@]1(O)C(O)[C@H](n2cnc3c(=O)[nH]c(N)nc32)O[C@@H]1CO,success,367,348,352.25,
4861,CC(C)C(=O)Nc1nc2c(ncn2[C@@H]2O[C@H](CN)C[C@H]2O)c(=O)[nH]1,success,1410,1389,2079.47,
4862,COC1C(O)[C@@H](CN2CCOCC2)O[C@H]1n1cnc2c(=O)[nH]c(/N=C/N(C)C)nc21,success,42,26,31.17,
4863,C=Cc1nc2c(=O)[nH]c(N)nc2n1C1OC(CO)C(O)C1O,success,376,357,303.96,
4864,CC(O)[C@H]1O[C@H](n2cnc3c(=O)[nH]c(N)nc32)[C@H](O)[C@@H]1O,success,947,925,786.28,
4865,C[C@]1(n2cnc3c(=O)[nH]c(N)nc32)O[C@H](CO)[C@@H](O)[C@H]1O,success,342,323,309.29,
4866,CN(C)/C=N/c1nc2c(ncn2C2OC(CO)CC2O)c(=O)n1C,success,291,273,333.23,
4867,CN(C)/C=N\c1nc2c(ncn2[C@@H]2O[C@@]3(CO)COC2[C@H]3O)c(=O)[nH]1,success,305,287,290.4,
4868,CO[C@H]1C(O)[C@@H](CI)O[C@H]1[n+]1cn(C)c2c(=O)[nH]c(N)nc21,success,181,162,184.85,
4869,CO[C@H]1C(O)[C@@H](CI)O[C@H]1n1cnc2c(=O)[nH]c(N)nc21,success,151,132,139.82,
4870,CC(C)C(=O)Nc1nc2c(ncn2[C@H]2CC(OCN=[N+]=[N-])[C@@H](CO)O2)c(=O)[nH]1,success,233,216,203.71,
4871,[N-]=[N+]=NCCOP(=O)([O-])OC[C@H]1O[C@@H](n2cnc3c(=O)[nH]c(N)nc32)[C@@H](O)C1O,success,183,165,139.95,
4872,Cn1c[n+]([C@@H]2O[C@H](COP(=O)([O-])OP(=O)([O-])OP(=O)([O-])[O-])[C@@H](O)[C@H]2O)c2nc(N)[nH]c(=O)c21.[NH4+].[NH4+].[NH4+],success,42,26,38.0,
4873,C#CP(=O)([O-])OP(=O)([O-])OC[C@H]1O[C@@H](n2cnc3c(=O)[nH]c(N)nc32)[C@@H](O)C1O,success,116,100,123.83,
4874,Cn1c[n+]([C@@H]2O[C@H](COP(=O)([O-])OP(=O)([O-])[O-])[C@@H](O)[C@H]2O)c2nc(N)[nH]c(=O)c21.[NH4+].[NH4+],success,42,26,36.07,
4875,[N-]=[N+]=NCCNP(=O)([O-])OC[C@H]1O[C@@H](n2cnc3c(=O)[nH]c(N)nc32)[C@@H](O)C1O,success,185,168,157.92,
4876,Nc1nc2c(ncn2[C@@H]2O[C@H](COP(=O)(O)OP(=O)(O)OP(=O)(O)O)C(OP(=O)(O)OP(=O)(O)O)[C@@H]2O)c(=O)[nH]1,success,42,26,43.12,
4877,COC1C(OP)C(CO)OC1[n+]1c(N)[nH]c(=O)c2[nH]cnc21,success,238,219,299.02,
4878,COC1C(OP(O)S)C(CO)OC1n1cnc2c(=O)[nH]c(N)nc21,success,290,271,342.18,
4879,COC[C@H]1O[C@@H](n2cnc3c(=O)[nH]cnc32)C[C@H]1O,success,179,160,187.32,
4880,Nc1nc2c(ncn2[C@@H]2O[C@@]3(CO)COC2[C@@H]3O)c(=O)[nH]1,success,334,315,378.77,
4881,Nc1nc2c(ncn2[C@H]2C[C@H](O[P+](=O)[S-])[C@@H](CO)O2)c(=O)[nH]1,success,197,178,295.93,
4882,CC(C)C(=O)Nc1nc2c(ncn2[C@@H]2O[C@H](CO)[C@@H](N=[N+]=[N-])[C@H]2O)c(=O)[nH]1,success,42,26,45.86,
4883,CO.Nc1nc2c(ncn2C2CC(O)CO2)c(=O)[nH]1,success,42,26,30.92,
4884,CC(C)C(=O)Nc1nc2ncn(C3CCC(CO)O3)c2c(=O)[nH]1,success,1854,1832,2347.14,
4885,Nc1nc2ncn(C3CCC(CO)O3)c2c(=O)[nH]1,success,182,163,171.87,
4886,CC(C)C(=O)Nc1nc2c(ncn2C2C[C@H](N)[C@@H](CO)O2)c(=O)[nH]1,success,1864,1842,2577.59,
4887,CCc1nc2c(ncn2[C@@H]2O[C@H](COP(=O)(O)O)[C@@H](O)[C@H]2O)c(=O)[nH]1,success,612,594,826.17,
4888,Cc1nc2c(=O)[nH]c(N)nc2n1[C@@H]1O[C@H](CO)[C@@H](O)[C@@]1(C)O,success,356,337,336.71,
4889,CN(C)Nc1nc2c(ncn2[C@@H]2O[C@H](CO)[C@@H](O)[C@H]2O)c(=O)[nH]1,success,358,339,430.58,
4890,O=c1[nH]cnc2c1ncn2[14C@@H]1O[C@H](COP(=O)(O)O)[C@@H](O)[C@H]1O,success,119,101,238.08,
4891,Nc1nc2c(nc([18F])n2[C@@H]2O[C@H](CO)[C@@H](O)[C@H]2O)c(=O)[nH]1,success,338,319,366.86,
4892,CC(C)O[C@H]1C[C@H](n2cnc3c(=O)[nH]c(N)nc32)O[C@@H]1CO,success,917,896,693.01,
4893,[N-]=[N+]=N[C@@]1(n2cnc3c(=O)[nH]c(N)nc32)O[C@H](CO)C[C@H]1O,success,56,40,38.58,
4894,[3H]c1nc2c(=O)[nH]c(N)nc2n1[C@@H]1O[C@H](COP(=O)(O)OP(=O)(O)OP(=O)(O)O)[C@@H](O)[C@H]1O,success,56,40,76.6,
4895,[3H][C@@]1(n2cnc3c(=O)[nH]cnc32)O[C@H](CO)[C@@H](O)[C@H]1O,success,265,246,339.04,
4896,Cn1c[n+]([C@@H]2O[C@H](CO)[C@@H](O)[C@@]2(C)O)c2nc(N)[nH]c(=O)c21,success,413,394,353.83,
4897,Nc1nc2c(ncn2[C@@H]2O[C@H](COP(O)O)[C@@H](O)[C@H]2O)c(=O)[nH]1,success,258,239,271.49,
4898,O=C=CCNc1nc2c(ncn2[C@@H]2O[C@H](COP(=O)(O)O)[C@@H](O)[C@H]2O)c(=O)[nH]1,success,200,183,126.35,
4899,O=c1[nH]cnc2c1ncn2[C@]1(N2CCOCC2)O[C@H](CO)[C@@H](O)[C@]1(O)N1CCOCC1,success,42,26,27.5,
4900,Nc1nc(=O)c2ncn([C@@H]3O[C@H](CO)[C@@H](O)[C@H]3O)c2n1O,success,355,336,252.92,
4901,[14CH3][C@@]1(O)[C@H](O)[C@@H](CO)O[C@H]1n1cnc2c(=O)[nH]c(N)nc21,success,366,347,411.75,
4902,CO[C@@H]1[C@H](O)[C@@H](CO)O[C@@]1(C)n1cnc2c(=O)[nH]c(N)nc21,success,293,274,302.13,
4903,CO[C@H]1[C@@H](O)[C@H]([n+]2cn(C)c3c(=O)[nH]c(N)nc32)O[C@@H]1CO,success,356,337,312.69,
4904,Nc1nc2c(ncn2[C@]2([SiH3])O[C@H](CO)[C@@H](O)[C@H]2O)c(=O)[nH]1,success,319,300,279.85,
4905,CCC(=O)Nc1nc2c(ncn2[C@@H]2O[C@H](CO)[C@H](OC(=O)C(C)C)[C@@H]2OC)c(=O)[nH]1,success,323,300,230.45,
4906,Nc1nc2c(ncn2[C@H]2CC(O)[C@@H](COP(O)(O)=S)O2)c(=O)[nH]1,success,222,203,317.96,
4907,CC(C)(C)[Si](C)(C)[C@@]1(O)[C@@H](CO)O[C@@H](n2cnc3c(=O)[nH]c(N)nc32)[C@@H]1O,success,42,26,26.79,
4908,CN(C)C=Nc1nc2c(ncn2[C@@H]2O[C@H](CO)C(O)C2OCCC#N)c(=O)[nH]1,success,188,169,138.9,
4909,NC(=O)c1ncn([C@@H]2O[C@H](COP(=O)(O)O)[C@H](O)[C@H]2O)c1NC=O,success,187,169,130.83,
4910,O=c1[nH]cnc2c1ncn2C1(CO)O[C@H](CO)[C@@H](O)[C@H]1O,success,438,419,383.24,
4911,CCc1nc2c(ncn2[C@@H]2O[C@H](CO)[C@@H](O)[C@H]2O)c(=O)[nH]1,success,1097,1075,793.99,
4912,CCCC(=O)Nc1nc2c(nc(Br)n2[C@@H]2O[C@H](CO)[C@@H](O)[C@H]2O)c(=O)[nH]1,success,2728,2705,4412.57,
4913,CCSc1nc2c(ncn2[C@@H]2O[C@H](CO)[C@@H](O)[C@H]2O)c(=O)[nH]1,success,1129,1108,822.21,
4914,CO[P+](=O)OC[C@H]1O[C@@H](n2cnc3c(=O)[nH]c(N)nc32)C[C@@H]1O,success,280,261,370.02,
4915,O=c1[nH]cnc2c1ncn2[C@H]1C[C@H](CO)[C@@H](CO)O1,success,489,470,391.3,
4916,O=c1[nH]c(NC2O[C@@H](CO)[C@H](O)[C@@H]2O)nc2nc[nH]c12,success,352,333,312.46,
4917,COc1nc2c(ncn2[C@@H]2O[C@H](COP(=O)(O)O)[C@@H](O)[C@H]2O)c(=O)[nH]1,success,64,46,65.61,
4918,Cc1nc2c(=O)[nH]c(N)nc2n1[C@@H]1O[C@H](CO)[C@@H](O)[C@H]1[SeH],success,304,285,324.77,
4919,[N-]=[N+]=N[C@@]1(O)[C@H](O)[C@@H](COP(=O)(O)O)O[C@H]1n1cnc2c(=O)[nH]cnc21,success,42,26,36.84,
4920,CCO[C@@H]1[C@H](O)[C@@H](COP(=O)(O)O)O[C@H]1n1cnc2c(=O)[nH]cnc21,success,521,499,605.49,
4921,Cn1c(N)nc2c(ncn2[C@@H]2O[C@H](COP(=O)(O)OP(=O)(O)OP(=O)(O)O)C(O)C2O)c1=O,success,58,42,57.28,
4922,NP(=O)([O-])[O-].Nc1nc2c(ncn2[C@@H]2O[C@H](COP(=O)([O-])[O-])[C@@H](O)[C@H]2O)c(=O)[nH]1.[NH4+].[NH4+].[NH4+].[NH4+],success,42,26,57.23,
4923,COCCOO[C@@H]1[C@H](O)[C@@H](CO)O[C@H]1n1cnc2c(=O)[nH]c(N)nc21,success,768,749,784.05,
4924,COCCO[C@@H]1[C@H](N=[N+]=[N-])[C@@H](CO)O[C@H]1n1cnc2c(=O)[nH]c(N)nc21,success,42,26,26.83,
4925,CO[C@]1(O)[C@H](n2cnc3c(=O)[nH]c(N)nc32)O[C@H](CO)[C@]1(O)N=[N+]=[N-],success,42,26,42.0,
4926,N.Nc1nc2c(ncn2[C@@H]2O[C@H](COP(=O)(O)OP(=O)(O)O)[C@@H](O)[C@H]2O)c(=O)[nH]1,success,42,26,35.08,
4927,CCN(CC)CC.Nc1nc2c(ncn2[C@@H]2O[C@H](COP(=O)(O)OP(=O)(O)OP(=O)(O)O)[C@@H](O)[C@H]2O)c(=O)[nH]1,success,42,26,67.09,
4928,Nc1nc2c(ncn2[C@]2(O)O[C@H](CO)[C@@H](O)[C@H]2O)c(=O)n1O,success,547,528,343.54,
4929,Nc1nc2c(ncn2C2CC(OP)C(CO)O2)c(=O)[nH]1,success,182,163,291.06,
4930,COO[C@@H]1[C@@H](ON=[N+]=[N-])[C@@H](CO)O[C@H]1n1cnc2c(=O)[nH]c(N)nc21,success,42,26,29.06,
4931,COCCO[C@@H]1C(N=[N+]=[N-])[C@@H](CO)O[C@H]1n1cnc2c(=O)[nH]c(N)nc21,success,42,26,42.32,
4932,C[P+](=O)OC[C@@H]1C[C@@H](O)[C@H](n2cnc3c(=O)[nH]c(N)nc32)O1,success,203,184,237.64,
4933,COP(=O)(O)OC[C@@H]1C[C@@H](O)[C@H](n2cnc3c(=O)[nH]c(N)nc32)O1,success,251,232,297.87,
4934,Nc1nc2c(ncn2[C@@H]2O[C@H](COP(O)(O)=S)C[C@H]2O)c(=O)[nH]1,success,221,202,314.39,
4935,CNc1nc2c(ncn2[C@@H]2OC(COP(=O)(O)OC)C[C@H]2O)c(=O)[nH]1,success,291,272,416.05,
4936,CO[C@@]12C[C@H](n3cnc4c(=O)[nH]c(N)nc43)O[C@@H]1C2O,success,145,126,128.05,
4937,O=c1[nH]cnc2c1ncn2C1OC(COP(=O)(O)N2CCOCC2)C(O)C1O,success,100,82,140.41,
4938,CC(C)C(=O)Nc1nc2c(ncn2[C@@H]2O[C@H](CO)[C@@H](O)[C@H]2OC(=O)N(C)CCN(C)C(=O)OC(C)(C)C)c(=O)[nH]1,success,296,279,159.42,
4939,CC(C)C(=O)Nc1nc2c(ncn2[C@@H]2OC(CO)[C@@H](O)[C@H]2O)c(=O)[nH]1,success,2333,2311,3250.71,
4940,C[C@H]1C[C@H](n2cnc3c(=O)[nH]cnc32)O[C@@H]1CO,success,165,146,197.95,
4941,Nc1nc2c(ncn2[C@@H]2O[C@H](C(O)P(=O)(O)O)[C@@H](O)[C@H]2O)c(=O)[nH]1,success,118,100,153.36,
4942,CC(C(=O)n1c(N(C)C)nc2c(ncn2[C@@H]2O[C@H](CO)[C@@H](O)[C@H]2O)c1=O)N(C)C,success,177,158,109.91,
4943,C#CCn1c(N)nc(=O)c2ncn([C@@H]3O[C@H](CO)[C@@H](O)[C@H]3O)c21,success,757,738,759.25,
4944,Nc1nc2c(ncn2[C@@H]2O[C@H]([C@H](O)P(=O)(O)O)[C@@H](O)[C@H]2O)c(=O)[nH]1,success,97,79,134.43,
4945,CC(C)C(=O)Nc1nc2c(ncn2C2O[C@H](CO)[C@@H](O)C2O)c(=O)[nH]1,success,2414,2392,3285.92,
4946,O=c1[nH]cnc2c1ncn2C1CO[C@H](CO)C1,success,134,115,130.8,
4947,O=c1[nH]cnc2c1ncn2[C@@H]1O[C@H](COP(=O)(O)N2CCOCC2)[C@H](O)C1O,success,100,82,190.29,
4948,CN(C)/C=N/c1nc2c(ncn2[C@@H]2O[C@H](CO)C(O)[C@@H]2O)c(=O)[nH]1,success,328,309,316.34,
4949,Nc1nc2c(ncn2[C@@H]2O[C@H](COP(=O)(O)O)[C@@H](O)[C@H]2O)c(=O)[nH]1.O.O.O.O.O.O.O,success,42,26,41.4,
4950,CC(C)C(=O)Nc1nc2c(ncn2C2O[C@H](CO)[C@@H](O)[C@H]2O)c(=O)[nH]1,success,2338,2316,3184.53,
4951,O=Nc1nc2c(ncn2C2OC(CO)C(O)C2O)c(=O)[nH]1,success,241,222,178.11,
4952,O=c1[nH]cnc2c1ncn2[C@@H]1O[C@H](C(O)(O)O)[C@@H](O)[C@H]1O,success,193,174,164.17,
4953,CC(C)C(=O)Nc1nc2c(ncn2[C@@H]2O[C@H](CO)[C@@H](CO)[C@H]2O)c(=O)[nH]1,success,2513,2491,3395.01,
4954,COC[C@H]1O[C@@H](n2cnc3c(=O)[nH]c(N)nc32)C(O)[C@H]1OP(C)(=O)O,success,251,232,322.74,
4955,CC1(O)C(O)C(CO)OC1n1cnc2c(=O)[nH]cnc21,success,305,286,328.5,
4956,Nc1nc2c(ncn2C2CC(O)C(COP(=O)([O-])O)O2)c(=O)[nH]1.[Na+],success,42,26,32.0,
4957,Cn1c[n+]([C@@H]2O[C@H](COP(O)(O)=S)[C@@H](O)[C@H]2O)c2nc(N)[nH]c(=O)c21,success,292,273,293.6,
4958,Nc1nc2c(ncn2[C@@]2(O)CO[C@H](CO)[C@H]2O)c(=O)[nH]1,success,319,300,276.6,
4959,CNc1nc2c(ncn2[C@@H]2O[C@H](CO)[C@@H](O)[C@H]2O)c(=O)[nH]1.Cn1c(N)nc2c(ncn2[C@@H]2O[C@H](CO)[C@@H](O)[C@H]2O)c1=O,success,42,26,33.56,
4960,CC(C)CNc1nc2c(ncn2[C@@H]2O[C@@H](CO)[C@H](O)[C@H]2O)c(=O)[nH]1,success,1202,1182,1386.55,
4961,CC(C)C(=O)Nc1nc2c(ncn2C2CC[C@@H](CO)O2)c(=O)[nH]1,success,1876,1854,2460.03,
4962,CO[C@@H]1[C@@H](O)[C@@H](COP(=O)(O)OP(=O)(O)OP(=O)(O)O)O[C@H]1n1cnc2c(=O)[nH]c(N)nc21,success,58,40,64.05,
4963,COC(C)(CCO)[C@@H](O)[C@@H](O)n1cnc2c(=O)[nH]c(N)nc21,success,4776,4755,3136.82,
4964,COCC1C(OC)C(CO)OC1n1cnc2c(=O)[nH]c(N)nc21,success,595,576,489.52,
4965,CC(O)[C@H]1O[C@@H](n2cnc3c(=O)[nH]c(N)nc32)C(O)C1O,success,1009,987,733.0,
4966,Nc1nc2c(ncn2C2C[C@@H](O)C(CO)O2)c(=O)[nH]1,failed,287,268,252.01,min() arg is an empty sequence
4967,C#CCO[C@@H]1[C@H](OP(O)(O)=S)[C@@H](CO)O[C@H]1n1cnc2c(=O)[nH]c(N)nc21,success,457,438,674.73,
4968,COC1C(CO)OC(n2cnc3c(=O)[nH]c(N)nc32)C1OC,success,288,269,359.78,
4969,Nc1nc(=O)c2ncn([C@@H]3O[C@H](CO)[C@@H](O)[C@H]3O)c2n1N,success,374,355,309.98,
4970,CO[C@H]1C(CO)OC(n2cnc3c(=O)[nH]c(NC(=O)C(C)C)nc32)[C@H]1O,success,1303,1281,1728.64,
4971,C=Nc1c(N(C)[C@@H]2O[C@@H]3COP(=O)(O)O[C@@H]4[C@H](O)[C@@H](COP(=O)(O)O[C@H]3[C@H]2O)O[C@H]4n2cnc3c(=O)[nH]cnc32)nc[nH]c1=O,success,42,26,64.66,
4972,O=c1[nH]cnc2c1ncn2C1OCC(O)C1O,success,127,108,166.36,
4973,CO[C@H](CO)[C@@H](O)[C@@H](O)n1cnc2c(=O)n3c(nc21)NC(=O)C3,success,2820,2799,1813.8,
4974,CC(C)C(=O)Nc1nc2c(ncn2[C@@H]2O[C@H](CO)C(N=[N+]=[N-])[C@H]2O)c(=O)[nH]1,success,42,26,40.62,
4975,C#C[C@]1(CO)O[C@@H](n2cnc3c(=O)[nH]c(N)nc32)[C@@H](O)C1O,success,364,345,305.54,
4976,C#C[C@]1(CO)O[C@@H](n2cnc3c(=O)[nH]c(N)nc32)C(O)[C@H]1O,success,364,345,302.71,
4977,COC1C(OP)C(CO)OC1n1cnc2c(=O)[nH]cnc21,failed,166,147,203.83,min() arg is an empty sequence
4978,Nc1nc2c(ncn2[C@]2(B(O)O)O[C@H](CO)[C@@H](O)[C@H]2O)c(=O)[nH]1.O,success,42,26,42.48,
4979,Nc1nc2c(ncn2[C@]2(B(O)O)O[C@H](CO)[C@@H](O)[C@H]2O)c(=O)[nH]1,success,276,257,203.03,
4980,CCCCCCCCCCCCCCCCO[C@H]1[C@@H](O)[C@@H](CO)O[C@H]1n1cnc2c(=O)[nH]c(N)nc21,success,42,26,42.08,
4981,Nc1nc(=O)c2ncn(C3OC(CO)C(O)C3O)c2n1OS,success,315,296,352.16,
4982,CC1(O)C(O)Nc2nc3c(ncn3[C@@H]3O[C@H](CO)[C@@H](O)[C@H]3O)c(=O)n21,success,408,389,404.73,
4983,C.CO[C@]1(CO)O[C@@H](n2cnc3c(=O)[nH]c(N)nc32)[C@H](F)[C@@H]1O,success,42,26,41.06,
4984,CCn1cnc2nc(N)[nH]c(=O)c21.Nc1nc2c(ncn2C2OC(CO)C(O)C2O)c(=O)[nH]1,success,42,26,28.96,
4985,CO[C@@H]1[C@H](O)[C@@H](CO)O[C@H]1n1cnc2c(=O)[nH]cnc21.CO[C@@H]1[C@H](O)[C@@H](CO)O[C@H]1n1cnc2c(=O)[nH]cnc21,success,42,26,29.78,
4986,C.CCOC1[C@@H](CO)O[C@@H](n2cnc3c(=O)[nH]c(C)nc32)[C@H]1O[P+](=O)O,success,42,26,44.71,
4987,CCOC1[C@@H](CO)O[C@@H](n2cnc3c(=O)[nH]c(C)nc32)[C@H]1O[P+](=O)O,success,570,548,725.32,
4988,CC[C@H]1O[C@@H](n2cnc3c(=O)[nH]c(N=CN(C)C)nc32)C[C@@H]1O,success,545,525,530.57,
4989,CO[C@@H]1C(O)[C@H](n2cnc3c(=O)[nH]c(C)nc32)O[C@@H]1CO,success,251,232,243.43,
4990,COc1nc2c(ncn2[C@@H]2O[C@H](COP(=O)([O-])[O-])[C@@H](O)[C@H]2O)c(=O)[nH]1.[Na+].[Na+],success,42,26,34.01,
4991,COCCO[C@H]1[C@@H](O)[C@H](n2cnc3c(=O)[nH]c(N)nc32)O[C@@H]1CO,success,1035,1016,870.08,
4992,Nc1nc2c(ncn2[C@@H]2O[C@H](CO[O-])[C@H](O)C2O)c(=O)[nH]1.O=P[O-],success,42,26,51.4,
4993,CCCOc1nc2c(ncn2[C@@H]2O[C@H](COP(=O)([O-])[O-])[C@@H](O)[C@H]2O)c(=O)[nH]1.[Na+].[Na+],success,42,26,37.21,
4994,C1=CC=CNC=C1.O=c1[nH]cnc2c1ncn2[C@@H]1O[C@H](CO)[C@@H](O)[C@H]1O,success,42,26,26.94,
4995,CC1C([O-])[C@@H](CO)O[C@H]1n1cnc2c(=O)[nH]c(N)nc21.[Pr].[Pr],success,42,26,40.55,
4996,C.Nc1nc2c(ncn2C2OC(COP(=O)([O-])O)C(O)C2O)c(=O)[nH]1,success,42,26,51.47,
4997,CC(C)C(=O)Nc1nc2c(ncn2[C@@H]2O[C@H](CO)C(O)[C@@H]2O)c(=O)[nH]1.S=S=S=S=S,success,42,26,43.56,
4998,C1COCCN1.O=c1[nH]cnc2c1ncn2[C@@H]1O[C@H](CO)[C@@H](O)[C@H]1O,success,42,26,41.97,
4999,Nc1nc2c(ncn2[C@@H]2O[C@H](CO)[C@@H](O)[C@H]2O)c(=O)[nH]1.O=P([O-])([O-])[O-].[Na+].[Na+].[Na+],success,42,26,33.4,
5000,CC(=O)C(=O)O.O=c1[nH]cnc2c1ncn2[C@@H]1O[C@H](CO)[C@@H](O)[C@H]1O,success,1262,1245,789.54,
5001,C.Nc1nc2c(ncn2C2OC(CO)C(O)C2[18F])c(=O)[nH]1,success,42,26,35.44,
5002,CP(O)(O)=S.Nc1nc2c(ncn2[C@H]2C[C@H](O)[C@@H](CO)O2)c(=O)[nH]1,success,42,26,50.44,
5003,C.Nc1nc2c(ncn2[C@@H]2O[C@H](CO)C(O)[C@@H]2O)c(=O)[nH]1,success,42,26,25.89,
5004,C.Nc1nc2c(ncn2[C@@H]2O[C@H](CO)[C@H](O)C2O)c(=O)[nH]1,success,42,26,25.97,
5005,Nc1nc2c(ncn2[C@@H]2O[C@H](COP(O)(O)=S)[C@@H](O)C2O)c(=O)[nH]1,success,259,240,269.81,
5006,Nc1nc2c(ncn2[C@@H]2O[C@H](CO)[C@@H](O)[C@H]2O)c(=O)[nH]1.P,success,42,26,41.4,
5007,Nc1nc2c(ncn2[C@@H]2O[C@H](CO)[C@H](O)C2Br)c(=O)[nH]1,success,287,268,265.73,
5008,Nc1nc2c(ncn2[C@@H]2O[C@H](CO)[C@H](O)C2I)c(=O)[nH]1,success,287,268,237.86,
5009,C[Se]C1[C@@H](O)[C@@H](CO)O[C@H]1n1cnc2c(=O)[nH]c(N)nc21,success,328,309,259.81,
5010,CCC[Se]C1[C@@H](O)[C@@H](CO)O[C@H]1n1cnc2c(=O)[nH]c(N)nc21,success,1761,1739,1316.3,
5011,Nc1nc2c(ncn2[C@@H]2O[C@H](CO)[C@@H](O)[C@H]2O)c(=O)[nH]1.OP(O)O,success,54,38,46.84,
5012,Nc1nc2c(ncn2[C@H]2C[C@@H](O)[C@@H](COP(=O)([O-])OP(=O)([O-])OP(=O)([O-])O)O2)c(=O)[nH]1,success,66,50,70.54,
5013,O=c1[nH]c(=S)[nH]c2c1ncn2[C@@H]1O[C@H](CO)[C@@H](O)[C@H]1O.[K],success,42,26,29.05,
5014,Cc1nc2c(ncn2[C@@H]2O[C@H](CO)C(C)[C@@H]2O)c(=O)[nH]1,success,293,274,267.32,
5015,Cc1nc2c(ncn2[C@@H]2O[C@H](CO)[C@H](C)C2O)c(=O)[nH]1,success,296,277,272.77,
5016,NC(=O)c1ncn([C@@H]2O[C@H](CO)[C@@H](O)[C@H]2O)c1N.S,success,42,26,33.3,
5017,CC[C@H]1O[C@@H](n2cnc3c(=O)[nH]c(NC(=O)C(C)C)nc32)[C@H](O)[C@@H]1O,success,1890,1869,2706.89,
5018,Cc1nc2c(ncn2[C@@H]2O[C@H](CO)C[C@@H]2O[P+](=O)O)c(=O)[nH]1,success,207,188,233.12,
5019,C=C.Nc1nc2c(ncn2[C@H]2C[C@H](O)[C@@H](CO)O2)c(=O)[nH]1,success,42,26,41.25,
5020,O=C1Cn2c(nc3c(ncn3[C@@H]3O[C@@H]4C(O)[C@]4(O)[C@H]3O)c2=O)N1,success,172,153,151.73,
5021,Cn1c(N)nc2nc[nH]c2c1=O.Cn1cnc2c(ncn2[C@@H]2O[C@H](CO)[C@@H](O)[C@H]2O)c1=O,success,42,26,43.01,
5022,O=c1[nH]cnc2c1ncn2[C@@H]1O[C@H](CO)C[C@H]1F.[Na],success,42,26,24.7,
5023,[N-]=[N+]=N[C@]1(COP(=O)([O-])OP(=O)([O-])OP(=O)([O-])O)O[C@@H](n2cnc3c(=O)[nH]c(N)nc32)[C@H](O)[C@@H]1O,success,42,26,57.53,
5024,Nc1nc2c(ncn2[C@@H]2O[C@H](COP(=O)(O)O)[C@@H](O)[C@H]2O)c(=O)[nH]1.O=P(O)(O)OP(=O)(O)OP(=O)(O)O,success,42,26,62.44,
5025,Nc1nc2c(ncn2[C@@H]2O[C@H](CO)[C@@H](O)[C@H]2O)c(=O)[nH]1.O=P(O)(O)OP(=O)(O)OP(=O)(O)O.O=P(O)(O)OP(=O)(O)OP(=O)(O)O,success,42,26,48.55,
5026,C.Cc1nc2c(ncn2[C@@H]2O[C@H](CO)C[C@@H]2O[P+](=O)O)c(=O)[nH]1,success,42,26,46.16,
5027,NC(=O)c1ncn([C@@H]2O[C@H](COP(=O)(O)O)[C@@H](O)C2O)c1N,success,547,529,763.78,
5028,Cc1c[nH]c(=O)[nH]c1=O.Nc1nc2c(ncn2[C@@H]2O[C@H](CO)[C@@H](O)[C@H]2O)c(=O)[nH]1,success,42,26,28.29,
5029,O=c1[nH]cnc2c1ncn2[C@H]1CC(O)[C@@H](COP(O)(O)=S)O1,success,170,151,255.74,
5030,CC[C@H]1O[C@@H](n2cnc3c(=O)[nH]c(C)nc32)C(O)[C@H]1O,success,718,697,460.79,
5031,COC1[C@@H](CO)O[C@@H](n2cnc3c(=O)[nH]c(C)nc32)[C@H]1O.[B]B([B])[B],success,42,26,41.55,
5032,COC1[C@@H](CO)O[C@@H](n2cnc3c(=O)[nH]c(C)nc32)[C@H]1O,success,267,248,305.72,
5033,CC(=O)OC(C)=O.Nc1nc2c(ncn2[C@@H]2O[C@H](CO)[C@@H](O)[C@H]2O)c(=O)[nH]1,success,465,447,270.81,
5034,O=c1[nH]cnc2c1ncn2[C@@H]1O[C@H](CO)C[C@H]1O.O=c1[nH]cnc2c1ncn2[C@@H]1O[C@H](CO)C[C@H]1O,success,42,26,28.07,
5035,C#CCNc1nc2c(ncn2[C@@H]2O[C@H](CO)[C@@H](O)[C@H]2O)c(=O)[nH]1,success,829,810,960.14,
5036,CNc1nc2c(c(=O)[nH]1)n(C)c[n+]2[C@@H]1O[C@H](CO)[C@@H](O)[C@H]1O.[H]/N=C1/N=C2C(=NC(=O)N2[C@@H]2O[C@H](CO)[C@@H](O)[C@H]2O)C(=O)N1,success,42,26,34.46,
5037,Nc1nc2c(ncn2[C@@H]2O[C@H](CO)[C@@H](O)[C@H]2O)c(=O)[nH]1.O=P([O-])([O-])OP(=O)(O)OP(=O)(O)O.[Na+].[Na+],success,42,26,36.38,
5038,Cc1nc2c(ncn2[C@@H]2O[C@H](CO)C(C)[C@@H]2O)c(=O)[nH]1.[B]C,success,42,26,25.71,
5039,Nc1nc2c(ncn2[C@@H]2O[C@H](CO)[C@@H](O)[C@H]2O)c(=O)[nH]1.O=[P+](O)S,success,42,26,32.39,
5040,Nc1nc2c(ncn2[C@@H]2O[C@H](COP(=O)(O)OP(=O)(O)OP(=O)(O)O)[C@@H](O)[C@H]2O)c(=O)[nH]1.O=P(O)(O)OP(=O)(O)OP(=O)(O)O,success,42,26,48.24,
5041,Nc1nc2c(ncn2[C@@H]2O[C@H](CO)[C@@H](O)[C@H]2O)c(=O)[nH]1.[Pt],success,42,26,26.04,
5042,Nc1nc2c(ncn2[C@@H]2O[C@H](CO)[C@@H](O)[C@H]2O)c(=O)[nH]1.O=[P+](O)O[P+](=O)O,success,83,67,74.89,
5043,C1=CC=CNC=C1.Nc1nc2c(ncn2[C@@H]2O[C@H](CO)[C@@H](O)[C@H]2O)c(=O)[nH]1,success,42,26,27.29,
5044,CNc1nc2c(ncn2[C@@H]2O[C@H](COP(=O)(O)OP(=O)(O)OP(=O)(O)O)[C@@H](O)[C@H]2O)c(=O)[nH]1,success,60,43,56.44,
5045,Nc1nc2c(ncn2[C@@H]2O[C@H](CO)[C@H](O)C2S)c(=O)[nH]1,failed,287,268,246.97,min() arg is an empty sequence
5046,Nc1nc2c(ncn2[C@@H]2O[C@H](CO)[C@H](O)C2SS)c(=O)[nH]1,success,287,268,250.59,
5047,CCSSC1[C@@H](O)[C@@H](CO)O[C@H]1n1cnc2c(=O)[nH]c(N)nc21,success,1303,1282,969.25,
5048,CCCSSC1[C@@H](O)[C@@H](CO)O[C@H]1n1cnc2c(=O)[nH]c(N)nc21,success,1911,1889,1581.08,
5049,CCO[C@H]1[C@@H](O)[C@H](n2cnc3c(=O)[nH]c(NC(=O)C(C)C)nc32)O[C@@H]1CO,success,318,295,182.39,
5050,C[C@H]1[C@@H](O[P+](=O)O)[C@H](n2cnc3c(=O)[nH]cnc32)O[C@@H]1CO,success,224,205,283.21,
5051,CCC1OC(n2cnc3c(=O)[nH]c(NC(=O)C(C)C)nc32)C(O)C1O,success,1966,1945,2884.39,
5052,Nc1nc2c(ncn2[C@@H]2O[C@H](CO)[C@H](O)C2(Br)Br)c(=O)[nH]1,success,260,241,229.06,
5053,Nc1nc2c(ncn2[C@@H]2O[C@H](CO)[C@@H](O)[C@H]2O)c(=O)[nH]1.O=P([O-])([O-])O.[Na+].[Na+],success,42,26,33.51,
5054,CC1CC(O)C(O)C(n2cnc3c(=O)[nH]c(N)nc32)O1,failed,194,175,185.89,min() arg is an empty sequence
5055,CC(C)C(=O)Nc1nc2c(ncn2[C@@H]2O[C@H](CO)C(O)[C@@H]2O)c(=O)[nH]1.S=S=S=S=S.[2H]C([3H])Cl,success,42,26,72.47,
5056,[2H]OC[C@H]1O[C@@H](n2cnc3c(=O)[nH]c(NC)nc32)CC1O.[3H]C,success,42,26,26.24,
5057,[2H]OCC1OC(n2cnc3c(=O)[nH]c(NC)nc32)CC1O.[3H]C,success,42,26,26.04,
5058,C.O=c1[nH]cnc2c1ncn2[C@@H]1O[C@H](CO)[C@@H](F)[C@H]1O[P+](=O)O,success,42,26,31.34,
5059,COC1[C@H](O)[C@H](n2cnc3c(=O)[nH]c(N)nc32)O[C@@H]1[C@@H](C)O,success,947,925,731.95,
5060,COC1[C@H](O)[C@H](n2cnc3c(=O)[nH]c(N)nc32)O[C@@H]1[C@H](C)O,success,947,925,824.87,
5061,COCCO[C@@H]1[C@H](C)[C@@H](CO)O[C@H]1n1cnc2c(=O)[nH]c(NC(=O)C(C)C)nc21,success,312,291,176.6,
5062,CC(=Nc1nc2c(ncn2[C@H]2C[C@@H](O)[C@@H](CO)O2)c(=O)[nH]1)N(C)C,success,696,676,737.15,
5063,Nc1nc2c(ncn2[C@@H]2O[C@H](COP(=O)(O)OP(O)(O)=S)[C@@H](O)C2O)c(=O)[nH]1,success,103,87,119.04,
5064,O=C1NCNc2c1ncn2C1O[C@H](COP(=O)(O)OP(=O)(O)OP(=O)(O)O)[C@@H](O)[C@H]1O,success,55,39,53.52,
5065,O=C1NCNc2c1ncn2[C@@H]1O[C@H](COP(=O)(O)OP(=O)([O-])O)[C@@H](O)[C@H]1O,success,97,81,153.72,
5066,Nc1nc2c(ncn2[C@@H]2OC(CO)[C@H](O)C2O)c(=O)[nH]1,success,362,343,328.58,
5067,CO[C@H]1C(O)[C@@H](CN2CCOCC2)O[C@H]1n1cnc2c(=O)[nH]c(/N=C/N(C)C)nc21,success,42,26,44.12,
5068,CN(C)/C=N/c1nc2c(ncn2[C@@H]2O[C@H](CO)[C@H](O)C2O)c(=O)n1C,success,222,204,268.76,
5069,Nc1nc2c(ncn2[C@@H]2O[C@H](CO)[C@H](O)C2[Se])c(=O)[nH]1,success,42,26,38.95,
5070,O=c1[nH]cnc2c1ncn2[C@@H]1O[C@H](COP(=O)([O-])OP(=O)([O-])O)[C@H](O)C1O,success,104,88,157.05,
5071,O=c1[nH]cnc2c1ncn2[C@@H]1O[C@H](COP(=O)([O-])OP(=O)([O-])O)C(O)[C@@H]1O,success,104,88,170.26,
5072,Cn1c(N)nc2c(ncn2[C@@H]2O[C@H](COP(=O)(O)OP(=O)(O)OP(=O)([O-])O)[C@H](O)C2O)c1=O,success,70,54,105.72,
5073,Cn1c[n+]([C@@H]2O[C@H](COP(=O)([O-])OP(=O)([O-])OP(=O)([O-])[O-])[C@H](O)C2O)c2nc(N)[nH]c(=O)c21,success,79,63,121.23,
5074,Nc1nc2c(ncn2[C@@H]2O[C@H](CO)[C@@H](O)[C@H]2OCCS)c(=O)[nH]1,success,1254,1234,1087.13,
5075,CNc1nc2c(=O)[nH]c(N)nc2n1[C@@H]1O[C@H](CO)[C@H](O)C1O,failed,462,443,434.25,min() arg is an empty sequence
5076,CNc1nc2c(=O)[nH]c(N)nc2n1[C@@H]1O[C@H](CO)C(O)[C@@H]1O,success,462,443,442.65,
5077,O=c1[nH]cnc2c1ncn2C1OC(COP(=O)([O-])[O-])[C@@H](O)[C@H]1O,success,175,157,270.77,
5078,O=c1[nH]cnc2c1ncn2C1OC(COP(=O)(O)O)[C@@H](O)[C@H]1O,success,118,100,274.98,
5079,CC(C)C(=O)Nc1nc2c(ncn2[C@@H]2O[C@H](CO)C[C@@H]2O)c(=O)[nH]1,success,2424,2402,3421.14,
5080,COC[C@H]1O[C@@H](n2cnc3c(=O)[nH]c(N)nc32)C(OC)C1CO,success,602,583,449.86,
5081,COC[C@@H]1CC(OC)[C@H](n2cnc3c(=O)[nH]c(N)nc32)O1,success,201,182,211.56,
5082,Nc1nc2c(ncn2[C@@H]2O[C@@]3(CO)COC2C3)c(=O)[nH]1,success,217,198,297.81,
5083,COC[C@@H]1CC(O)[C@H](n2cnc3c(=O)[nH]c(N)nc32)O1,success,232,213,202.36,
5084,COCCOC1C[C@@H](COC)O[C@H]1n1cnc2c(=O)[nH]c(N)nc21,success,685,667,632.84,
5085,Nc1nc2c(=O)[nH]cnc2n1[C@@H]1O[C@H](CO)[C@H](O)C1O,success,362,343,364.87,
5086,Nc1nc2c(ncn2[C@@H]2O[C@H](CO)[C@@H](O)[C@H]2O)c(=O)[nH]1.O=P(O)(O)OP(=O)(O)OP(=O)(O)OP(=O)(O)OP(=O)(O)O,success,42,26,66.11,
5087,C#C.CC.Nc1nc2c(ncn2C2CCC(CO)O2)c(=O)[nH]1,success,42,26,41.03,
5088,CN(C)C(=O)Nc1nc2c(ncn2[C@H]2C[C@H](O)[C@@H](CO)O2)c(=O)[nH]1,success,719,700,812.79,
5089,O=c1[nH]c(=O)c2ncn([C@H]3CC(O)[C@@H](CO)O3)c2[nH]1,success,208,189,274.53,
5090,Nc1nc2c(ncn2[C@@H]2O[C@H](COP(=O)([O-])OP(=O)([O-])O)[C@@H](O)[C@H]2O)c(=O)[nH]1.O.[Na+].[Na+],success,42,26,35.79,
5091,O=c1[nH]cnc2c1ncn2C1OC[C@@H](O)[C@@H](O)[C@@H]1O,success,201,182,227.23,
5092,CC(C)C(=O)Nc1nc2c(ncn2[C@H]2CC[C@@H](CO)O2)c(=O)[nH]1.CO,success,484,466,246.78,
5093,CP(C)(=O)OC[C@@H]1C[C@@H](O)[C@H](n2cnc3c(=O)[nH]c(N)nc32)O1,success,200,181,296.16,
5094,CCCC[SnH]1OC2C(O1)[C@@H](CO)O[C@H]2n1cnc2c(=O)[nH]c(NC(=O)C(C)C)nc21,success,235,216,124.63,
5095,C=Nc1nc2c(=O)[nH]c(N)nc2n1[C@@H]1O[C@H](CO)C(O)C1O,failed,351,332,300.79,min() arg is an empty sequence
5096,CCc1nc2c(ncn2[C@]2(S)O[C@H](CO)[C@@H](O)[C@H]2O)c(=O)[nH]1,success,935,913,801.64,
5097,C[C@H]1[C@@H](CO)O[C@@H](n2cnc3c(=O)[nH]c(N)nc32)[C@]1(C)O,success,349,330,301.12,
5098,C#CCCOC1C(OS)[C@@H](CO)O[C@H]1n1cnc2c(=O)[nH]c(N)nc21,success,730,711,596.24,
5099,COCC1OC(n2cnc3c(=O)[nH]c(N)nc32)C(O)C1OC,failed,260,241,222.4,min() arg is an empty sequence
5100,O=c1[nH]cnc2c1ncn2[C@@H]1CC(CO)[C@H](CO)O1,success,471,452,385.91,
5101,COC[C@H]1OC(n2cnc3c(=O)[nH]c(N)nc32)CC1O,success,232,213,289.13,
5102,C=NC1CC(n2cnc3c(=O)[nH]c(N)nc32)O[C@@H]1CO,success,204,185,192.01,
5103,Nc1nc2c(ncn2[C@@H]2O[C@H](CO)C(O)C2(Br)Br)c(=O)[nH]1,success,261,242,254.53,
5104,CCC(N)NC(=O)c1ncn([C@@H]2O[C@H](CO)C(O)C2OC)c1N,success,4998,4975,6442.44,
5105,C[P+](=O)OCC1CC(O)C(n2cnc3c(=O)[nH]c(N)nc32)O1,success,203,184,241.24,
5106,C[C@@]1(O)[C@H](O)C(CO)O[C@H]1n1cnc2c(=O)[nH]cnc21,success,304,285,249.98,
5107,COP(=O)(O)OC1CC(n2cnc3c2N=C(N)[N+](C)(C)C3=O)OC1CO,success,321,302,406.84,
5108,C[C@@]1(O)[C@H](O)[C@@H](COP(N)O)O[C@H]1n1cnc2c(=O)[nH]c(N)nc21,success,300,281,284.83,
5109,C=CCOC1C[C@H](n2cnc3c(=O)[nH]c(N)nc32)OC1CO,success,1140,1120,892.13,
5110,CC(S)OC[C@H]1O[C@@H](n2cnc3c(=O)[nH]cnc32)[C@](C)(O)[C@@H]1O,success,911,890,796.17,
5111,C[C@]1(O)[C@H](n2cnc3c(=O)[nH]cnc32)O[C@@H]2C(O)[C@@]21O,success,202,183,186.66,
5112,COC1C(O)C(n2cnc3c(=O)[nH]cnc32)O[C@@H]1CO[P+](C)(O)O,success,191,172,194.71,
5113,C#CCOC1C[C@@H](COC)O[C@H]1n1cnc2c(=O)[nH]c(N)nc21.CO,success,42,26,26.97,
5114,Nc1nc2c(ncn2C2C[C@H](O)CC(CO)O2)c(=O)[nH]1,success,314,295,297.31,
5115,CCc1nc2c(=O)[nH]c(N)nc2n1C1O[C@H](CO)C(O)C1O,success,1111,1089,795.35,
5116,NC(=O)c1ncn([C@@H]2O[C@H](COP(=O)(O)O)[C@H](O)C2O)c1N,success,547,529,710.66,
5117,CC(=O)O[C@@H]1[C@H](O)[C@@H](CO)O[C@H]1n1cnc2c(=O)[nH]cnc21,success,1542,1519,1405.81,
5118,Nc1nc2c(ncn2C2O[C@H](CO)[C@H](O)C2O)c(=O)[nH]1,success,362,343,312.56,
5119,COC[C@H]1O[C@@H](n2cnc3c(=O)[nH]c(N)nc32)CC1OI,success,136,117,150.93,
5120,Nc1nc2c(ncn2[C@H]2C[C@@H](O)[C@@H](COP(O)(O)=S)O2)c(=O)[nH]1,success,221,202,244.39,
5121,Nc1nc2c(ncn2C[C@@H]2O[C@H](CO)[C@@H](N)[C@H]2O)c(=O)[nH]1,success,403,384,336.13,
5122,O=c1[nH]cnc2c1ncn2[C@@H]1O[C@H](COP(=O)(O)N2CCOCC2)C(O)C1O,success,101,83,158.36,
5123,Nc1nc2c(ncn2[C@@H]2O[C@H](COP(=O)(O)OP(O)(O)=S)C(O)[C@@H]2O)c(=O)[nH]1,success,103,87,111.3,
5124,CO.COC[C@@H]1CC(OC)[C@H](n2cnc3c(=O)[nH]c(N)nc32)O1,success,42,26,26.32,
5125,Cn1c(N)nc2c(ncn2C2(C)OC(C)(CO)C(O)[C@@H]2O)c1=O,success,300,281,310.67,
5126,CO.COCCOC1C[C@@H](COC)O[C@H]1n1cnc2c(=O)[nH]c(N)nc21,success,42,26,27.66,
5127,CC(=O)Nc1nc2ncn([C@@H]3O[C@](C)(CO)[C@@H](O)[C@H]3O)c2c(=O)[nH]1,success,1693,1670,1946.4,
5128,C.O=c1[nH]cnc2c1ncn2C1OC(COP(=O)([O-])[O-])[C@@H](O)[C@H]1O,success,42,26,43.92,
5129,C#COC1C(OC)C(COC)OC1n1cnc2c(=O)[nH]c(N)nc21,success,162,144,171.51,
5130,CC1OC(n2cnc3c(=O)[nH]c(N)nc32)CC1O,success,116,97,103.43,
5131,C=N[C@]1(COP(=O)(O)OP(=O)(O)OP(=O)(O)O)OC(n2cnc3c(=O)[nH]c(N)nc32)[C@H](O)[C@@H]1O,success,58,42,57.95,
5132,CO.COC[C@@H]1CC(O)[C@H](n2cnc3c(=O)[nH]c(N)nc32)O1,success,42,26,25.98,
5133,N=[N+]=NC1(CO)OC(n2cnc3c(=O)[nH]cnc32)CC1O,success,42,26,25.57,
5134,CO.COC[C@@H]1CC(N)[C@H](n2cnc3c(=O)[nH]c(N)nc32)O1,success,42,26,25.41,
5135,C=NCCNP(=O)([O-])OC[C@H]1O[C@@H](n2cnc3c(=O)[nH]c(N)nc32)C(O)C1O,success,222,205,162.3,
5136,COC1(Cn2cnc3c(=O)[nH]c(N)nc32)CO[C@H](CO)C1O,success,290,271,254.58,
5137,COCC1OC(n2cnc3c(=O)[nH]c(N)nc32)[C@@H](O)C1O,success,306,287,289.29,
5138,Nc1nc2c(ncn2C2O[C@@H]3COP(=O)(O)O[C@@H]3C2O)c(=O)[nH]1,success,125,106,115.68,
5139,Nc1nc2nc[nH]c2c(=O)[nH]1.O=c1[nH]cnc2c1ncn2[C@@H]1O[C@H](CO)[C@@H](O)[C@H]1O,success,42,26,28.15,
5140,CCCCOc1nc2c(=O)[nH]c(N)nc2n1[C@@H]1O[C@H](CO)[C@H](O)[C@H]1O,success,1217,1196,1008.11,
5141,Nc1nc2c(ncn2[C@@H]2O[C@H](COP(=O)(O)OP(=O)(O)OP(=O)(O)O)C(O)[C@H]2O)c(=O)[nH]1,success,57,41,55.11,
5142,CCCCCCCCCCCCCCCCO[C@H]1C(n2cnc3c(=O)[nH]c(N)nc32)O[C@H](CO)[C@H]1O,success,42,26,50.41,
5143,NCCCCCCOC1[C@@H](O)[C@@H](CO)O[C@H]1n1cnc2c(=O)[nH]c(N)nc21,success,320,301,107.01,
5144,NCCOP(=O)(O)OP(=O)(O)OP(=O)(O)OCC1OC(n2cnc3c(=O)[nH]c(N)nc32)C(O)C1O,success,99,83,144.89,
5145,NCCOP(=O)(O)NP(=O)(O)OP(=O)(O)OCC1OC(n2cnc3c(=O)[nH]c(N)nc32)C(O)C1O,success,137,121,160.42,
5146,NCCNP(=O)(O)NP(=O)(O)OP(=O)(O)OCC1OC(n2cnc3c(=O)[nH]c(N)nc32)C(O)C1O,success,190,174,192.54,
5147,NCCOP(=O)(O)CP(=O)(O)OP(=O)(O)OCC1OC(n2cnc3c(=O)[nH]c(N)nc32)C(O)C1O,success,145,129,130.02,
5148,NCCP(=O)(O)OP(=O)(O)OP(=O)(O)OCC1OC(n2cnc3c(=O)[nH]c(N)nc32)C(O)C1O,success,126,110,121.73,
5149,NCCCCCNP(=O)(O)OP(=O)(O)OP(=O)(O)OC[C@H]1O[C@@H](n2cnc3c(=O)[nH]c(N)nc32)[C@@H](O)C1O,success,295,279,200.52,
5150,NCCNP(=O)(O)CP(=O)(O)OP(=O)(O)OCC1OC(n2cnc3c(=O)[nH]c(N)nc32)C(O)C1O,success,201,185,215.18,
5151,NCCOP(=O)(O)OP(=O)(O)OP(=O)(O)OC[C@H]1O[C@@H](n2cnc3c(=O)[nH]c(N)nc32)[C@@H](O)C1O,success,99,83,106.5,
5152,CC(OCCN=[N+]=[N-])C1(O)C(O)Nc2nc3c(ncn3[C@@H]3O[C@H](CO)[C@H](O)C3O)c(=O)n21,success,202,182,124.49,
5153,COC1[C@@H](O)[C@@H](CO)O[C@H]1n1cnc2c(=O)[nH]c(NC(=O)C(C)C)nc21,success,1364,1342,1637.14,
5154,[2H]C([2H])(O)[C@H]1O[C@@H](n2cnc3c(=O)[nH]c(NC(=O)C(C)C)nc32)C(OC)[C@H]1O,success,1115,1093,1392.98,
5155,[2H]C([2H])(O)[C@H]1O[C@@H](n2cnc3c(=O)[nH]c(N)nc32)C(OC)[C@H]1O,success,279,260,279.42,
5156,NCCNC(=O)O[C@H]1[C@@H](O)[C@H](n2cnc3c(=O)[nH]c(N)nc32)O[C@@H]1COP(=O)(O)OP(=O)(O)O,success,42,26,47.57,
5157,COCCO[C@H]1C[C@@H](CO)O[C@H]1n1cnc2c(=O)[nH]c(N)nc21,success,1183,1164,955.44,
5158,O=c1[nH]cnc2c1ncn2[C@H]1CC[C@@H](CO)O1.[B]=NCO.[Y],success,42,26,26.18,
5159,CNP(=O)(O)OP(=O)(O)OP(=O)(O)OCC1OC(n2cnc3c(=O)[nH]c(N)nc32)C(O)C1O,success,95,78,110.47,
5160,Nc1nc2c(ncn2[C@@H]2O[C@H](CO[P@@](N)(=O)SO)C[C@H]2O)c(=O)[nH]1,success,214,195,250.76,
5161,CNP(=O)(O)NP(=O)(O)OP(=O)(O)OCC1OC(n2cnc3c(=O)[nH]c(N)nc32)C(O)C1O,success,116,99,139.03,
5162,COC1C(O)C(CO)OC1n1cnc2c(=O)[nH]c(C)nc21,success,268,249,347.17,
5163,C=P(O)(OC)OCC1OC([n+]2cn(C)c3c(=O)[nH]c(N)nc32)C(O)C1O,success,337,318,341.82,
5164,C.C.C.C=P(O)(OCC)OCC1OC([n+]2cn(C)c3c(=O)[nH]c(N)nc32)C(O)C1O,success,42,26,37.33,
5165,CC.CC.Nc1nc2c(ncn2C2CCC(CO)O2)c(=O)[nH]1,success,42,26,28.64,
5166,CO[C@@H]1C(O)[C@H](n2cnc3c(=O)[nH]c(N)nc32)O[C@@H]1[C@H](C)O,success,946,924,722.86,
5167,CO[C@@H]1C(O)[C@H](n2cnc3c(=O)[nH]c(N)nc32)O[C@@H]1[C@@H](C)O,success,946,924,720.19,
5168,O=c1[nH]c(=O)c2ncn([C@@H]3O[C@H](CO)C(O)[C@@H]3O)c2[nH]1,success,244,225,211.86,
5169,Nc1nc2c(ncn2[C@H]2O[C@@]3(CO)CO[C@@H]2[C@@H]3O)c(=O)[nH]1,success,334,315,294.6,
5170,[2H][C@]1(O)C[C@H](n2cnc3c(=O)[nH]c(N)nc32)O[C@@H]1CO,success,264,245,248.87,
5171,[2H][C@@]1(n2cnc3c(=O)[nH]c(N)nc32)O[C@H](CO)[C@@H](O)[C@H]1O,success,319,300,310.73,
5172,CCC[C@@H]1C(O)[C@H](n2cnc3c(=O)[nH]c(NCC(C)C)nc32)O[C@@H]1CO,success,145,127,83.28,
5173,[2H]C([2H])(O)[C@H]1O[C@@H](n2cnc3c(=O)[nH]c(NC(=O)C(C)C)nc32)[C@@H](OC)C1O,success,1110,1088,1386.74,
5174,CO[C@H]1C(O)[C@@H](CO)O[C@H]1n1cnc2c(=O)[nH]c(NC(=O)C(C)C)nc21,success,1359,1337,1775.82,
5175,[2H]C([2H])(O)[C@H]1O[C@@H](n2cnc3c(=O)[nH]c(N)nc32)[C@@H](OC)C1O,success,263,244,292.82,
5176,O=c1[nH]cnc2c1ncn2C1OC(COP(=O)([O-])OP(=O)([O-])O)[C@H](O)[C@@H]1O,success,104,88,108.25,
5177,O=c1[nH]cnc2c1ncn2[C@@H]1O[C@H](COP(=O)([O-])CP(=O)([O-])O)[C@H](O)C1O,success,84,68,81.07,
5178,COCCO[C@@]1(n2cnc3c(=O)[nH]c(N)nc32)O[C@H](CO)[C@@H](O)[C@H]1O,success,1018,999,860.52,
5179,COC.Nc1nc2c(ncn2C2CCC(CO)O2)c(=O)[nH]1,success,42,26,38.78,
5180,CC[C@@]1(n2cnc3c(=O)[nH]c(N)nc32)O[C@H](CO)[C@@H](O)[C@H]1OC,success,1136,1114,859.47,
5181,NC(N)=NCCCC(=O)C(=O)Nc1nc2c(ncn2[C@@H]2O[C@H](CO)[C@@H](O)[C@H]2O)c(=O)[nH]1,success,686,666,342.04,
5182,C[C@@H]1C[C@@H](O)n2c(nc3c(ncn3[C@@H]3O[C@H](CO)[C@@H](O)[C@H]3O)c2=O)N1,success,147,129,187.51,
5183,O=c1c2ncn(C3O[C@H](CO)[C@@H](O)[C@H]3O)c2nc2n1CCC(O)N2,success,344,325,258.78,
5184,NC(N)=NCCCC(=O)C(=O)Nc1nc2c(ncn2[C@H]2C[C@H](O)[C@@H](CO)O2)c(=O)[nH]1,success,668,648,299.92,
5185,NC(N)=NCCCCC(=O)C(=O)Nc1nc2c(ncn2[C@@H]2O[C@H](CO)[C@@H](O)[C@H]2O)c(=O)[nH]1,success,553,533,295.4,
5186,C[C@H]1C[C@H](O)n2c(nc3c(ncn3[C@@H]3O[C@H](CO)[C@@H](O)[C@H]3O)c2=O)N1,success,147,129,161.61,
5187,O=c1c2ncn(C3O[C@H](CO)[C@@H](O)[C@H]3O)c2nc2n1C(O)CCN2,success,344,325,334.41,
5188,CC1CC(O)n2c(nc3c(ncn3C3O[C@H](CO)[C@@H](O)[C@H]3O)c2=O)N1,success,148,130,125.65,
5189,CCCOC1[C@@H](O[P+](=O)O)[C@@H](CO)O[C@H]1n1cnc2c(=O)[nH]c(N)nc21,success,1056,1033,1754.01,
5190,CCCCCCCCCCCCCCCCOC1[C@@H](CO)O[C@@H](n2cnc3c(=O)[nH]c(N)nc32)[C@H]1O,success,42,26,36.98,
5191,CCCOC1[C@@H](O)[C@@H](CO)O[C@H]1n1cnc2c(=O)[nH]c(NC(=O)C(C)C)nc21,success,422,400,222.51,
5192,O=c1c2ncn([C@H]3C[C@H](O)[C@@H](COP(=O)(O)O)O3)c2ncn1CCO,success,442,422,581.02,
5193,O=c1c2ncn([C@H]3CC[C@@H](CO)O3)c2ncn1CCO,success,1346,1325,975.4,
5194,COC1C(CO)OC(n2cnc3c(=O)[nH]c(NC(=O)C(C)C)nc32)[C@H]1O,success,1361,1339,1828.79,
5195,Nc1nc2c(ncn2[C@H]2C[C@H](O)[C@@H](CO)O2)c(=O)[nH]1.[H]/N=C/N(C)C,success,42,26,32.69,
5196,Nc1nc2c(ncn2[C@@H]2O[C@H](COP(=O)(O)OP(=O)(O)O)[C@@H](O)[C@H]2OP(=O)(O)O)c(=O)[nH]1,success,55,39,74.08,
5197,Nc1nc2c(nc(OOO)n2[C@@H]2O[C@H](CO)[C@@H](O)[C@H]2O)c(=O)[nH]1,success,100,82,132.03,
5198,Nc1nc2c(ncn2[C@@H]2O[C@H](CO)[C@H](O)[C@H]2OCl)c(=O)[nH]1,success,252,233,219.94,
5199,CC(C)C(=O)[C@]1(N)NC(=O)c2ncn([C@@H]3O[C@H](CO)[C@@H](O)[C@H]3O)c2N1,success,3238,3217,3813.88,
5200,CC1(O)C(O)Nc2nc3c(ncn3[C@H]3CC[C@@H](CO)O3)c(=O)n21,failed,357,338,335.58,min() arg is an empty sequence
5201,CCC1(O)C(O)Nc2nc3c(ncn3[C@@H]3O[C@H](CO)C[C@H]3O)c(=O)n21,success,970,948,722.81,
5202,NC(=O)c1ncn([C@@H]2O[C@H](COS(N)(=O)=O)[C@@H](O)[C@H]2O)c1N,success,577,558,493.92,
5203,Nc1nc2c(ncn2C2OC(CO)[C@H](O)C2O)c(=O)[nH]1,failed,362,343,297.3,min() arg is an empty sequence
5204,COCCOC1C(O)C(CN)OC1n1cnc2c(=O)[nH]c(NC(=O)C(C)C)nc21,success,362,341,229.27,
5205,COCC1OC(n2cnc3c(=O)[nH]cnc32)C[C@H]1OC,success,137,119,142.74,
5206,Nc1nc2c(ncn2[C@]2(O)CO[C@H](CO)C2)c(=O)[nH]1,success,264,245,232.03,
5207,CC(C)C(=O)Nc1nc2c(ncn2[C@@H]2O[C@@H]3C(O)C3[C@@H]2O)c(=O)[nH]1,success,1787,1766,2559.8,
5208,NC1NC(=O)c2ncn([C@H]3CC[C@@H](CO)O3)c2N1,success,204,185,202.88,
5209,C#CCOC1C(OC)C(CO)OC1n1cnc2c(=O)[nH]c(N)nc21,success,484,466,390.45,
5210,COCCOC1C(OC)C(CO)OC1n1cnc2c(=O)[nH]c(N)nc21,success,712,694,659.66,
5211,COC1C(CO)OC(n2cnc3c(=O)[nH]c(NC(=O)C(C)C)nc32)C1N,success,1474,1452,2041.21,
5212,C#C[C@@]1(CO)C[C@@H](OC)[C@H](n2cnc3c(=O)[nH]c(N)nc32)O1,failed,299,280,248.11,min() arg is an empty sequence
5213,CCCCNc1nc2c(ncn2C2OC(CO)C(CCC)C2O)c(=O)[nH]1,success,161,141,61.73,
5214,COC1C(O)C(n2cnc3c(=O)[nH]c(N)nc32)OC1[C@@H](C)O,success,978,956,722.68,
5215,C=Nc1c(C(=O)NC)ncn1[C@@H]1O[C@@H]2COP(O)(=S)O[C@H]2[C@H]1O,success,437,418,522.37,
5216,Nc1nc2c(ncn2C2OC(CO[P+](=O)O)C(O)C2O)c(=O)[nH]1,success,268,249,366.95,
5217,Nc1nc2c(ncn2[C@@H]2O[C@H](COP(=O)([O-])OP(=O)([O-])OP(=O)([O-])O)[C@@H](O)[C@H]2O)c(=O)[nH]1.[Na+].[Na+].[Na+],success,42,26,40.62,
5218,CC(C)(C)OC[C@H]1O[C@@H](n2cnc3c(=O)[nH]c(N)nc32)[C@@H](O)C1OC(C)(C)C,success,174,157,91.53,
5219,O=c1[nH]cnc2c1ncn2C1C[C@H](O)C(CO)O1,success,234,215,211.36,
5220,CC(=O)OC1C(CO)OC(n2cnc3c(=O)[nH]c(NC(=O)C(C)C)nc32)C1OC(C)=O,success,181,162,114.65,
5221,CNC(=O)CCO[C@@H]1[C@H](O)[C@@H](CO)O[C@H]1n1cnc2c(=O)[nH]c(N=CN(C)C)nc21,success,290,271,150.4,
5222,CNc1nc2c(ncn2[C@@H]2O[C@H](CO)[C@@H](O)[C@H](O)[C@H]2O)c(=O)[nH]1,success,664,645,411.1,
5223,O=c1[nH]c(Cl)nc2ncn(C3CC(O)CC(CO)O3)c12,success,235,216,203.27,
5224,O=c1[nH]c(Cl)nc2c1ncn2[C@H]1C[C@@H](O)[C@H](O)[C@@H](CO)O1,success,342,323,319.77,
5225,CN(C)c1nc2ncn([C@@H]3O[C@H](CO)[C@@H](O)[C@H](O)[C@H]3O)c2c(=O)[nH]1,success,524,505,451.01,
5226,CO.Nc1nc2c(ncn2C2CCC(C(O)(O)O)O2)c(=O)[nH]1,success,42,26,40.04,
5227,CC(C)C(=O)Nc1nc2c(ncn2C2CCC(CO)O2)c(=O)[nH]1.CO,success,484,466,303.9,
5228,CC(C)C(=O)Nc1nc2c(ncn2C2CCC(C(O)(O)O)O2)c(=O)[nH]1.CO,success,362,344,232.22,
5229,CC(C)C=O.CNc1nc2c(ncn2C2CCC(CO)O2)c(=O)[nH]1.CO,success,42,26,33.2,
5230,CNc1nc2c(ncn2C2CCC(CO)O2)c(=O)[nH]1,success,224,205,195.66,
5231,CO[C@@H]1[C@@H](O)[C@@H](O)CO[C@H]1n1cnc2c(=O)[nH]c(NC(=O)C(C)C)nc21,success,1033,1011,1343.5,
5232,C.CCO[C@@H]1C(O[P+](=O)O)[C@H](n2cnc3c(=O)[nH]c(C)nc32)O[C@@H]1CO,success,42,26,33.15,
5233,CCO[C@@H]1C(O[P+](=O)O)[C@H](n2cnc3c(=O)[nH]c(C)nc32)O[C@@H]1CO,success,551,529,681.21,
5234,C.Nc1nc2c(ncn2[C@@H]2O[C@H](COP(=O)(O)OP(=O)(O)OP(=O)(O)O)C(O)[C@@H]2O)c(=O)[nH]1,success,42,26,37.14,
5235,C.Cc1nc2c(ncn2[C@@H]2O[C@H](CO)CC2O[P+](=O)O)c(=O)[nH]1,success,42,26,49.85,
5236,CO[C@@H]1C(O)[C@H](n2cnc3c(=O)[nH]c(C)nc32)O[C@@H]1CO.[B]B([B])[B],success,42,26,26.62,
5237,Cc1nc2c(ncn2[C@@H]2O[C@H](CO)[C@H](C)C2O)c(=O)[nH]1.[B]C,success,42,26,41.3,
5238,Cc1nc2c(ncn2[C@@H]2O[C@H](COP(=O)(O)O)C(O)[C@@H]2O)c(=O)[nH]1,success,127,109,229.94,
5239,CCOC1C(O)[C@@H]([n+]2cn(C)c3c(=O)[nH]c(N)nc32)O[C@H]1COP(=O)([O-])OP(=O)([O-])OP(=O)([O-])OC,success,120,101,96.08,
5240,O=c1[15nH]c[15n]c2c1[15n]c[15n]2[C@@H]1O[C@H](CO)[C@@H](O)[C@H]1O,failed,300,281,321.11,min() arg is an empty sequence
5241,CC(Nc1nc2c(ncn2[C@@H]2O[C@H](CO)[C@@H](O)[C@H]2O)c(=O)[nH]1)C(=O)[O-],success,2638,2617,4101.5,
5242,Cn1c[n+]([C@@H]2O[C@H](COP(=O)([O-])OP(=O)([O-])[O-])[C@H](O)C2O)c2nc(N)[nH]c(=O)c21,success,122,106,168.6,
5243,Cn1c[n+]([C@@H]2O[C@H](COP(=O)(O)OP(=O)(O)O)[C@H](O)C2O)c2nc(N)[nH]c(=O)c21,success,78,62,73.12,
5244,Nc1nc2c(ncn2[C@@H]2O[C@H](COP(=O)([O-])[O-])[C@H](O)C2O)c(=O)[nH]1,success,190,172,251.91,
5245,Nc1nc2c(ncn2[C@@H]2O[C@H](COP(=O)([O-])OP(=O)([O-])[O-])[C@H](O)C2O)c(=O)[nH]1,success,113,97,159.7,
5246,COCCOC1[C@@H](CO)O[C@@H](n2cnc3c(=O)[nH]c(N)nc32)[C@H]1O,success,1060,1041,963.44,
5247,CO[C@H]1C(O)[C@@H](CO)O[C@H]1n1cnc2c(=O)[nH]c(N(C)C)nc21,success,243,224,244.26,
5248,COCCO[C@H]1C(O)[C@@H](CO)O[C@H]1n1cnc2c(=O)[nH]c(N)nc21,success,1043,1024,962.46,
5249,CNc1nc2c(ncn2[C@@H]2O[C@H](CO)[C@@H](O)[C@H]2OC)c(=O)n1C,success,305,286,389.01,
5250,CCCCCCCCCCCCCCCCO[C@@H]1[C@H](O)[C@@H](CO)O[C@H]1n1cnc2c(=O)[nH]c(N)nc21,success,42,26,36.22,
5251,CC(C)(O[C@@H]1C(O)[C@H](n2cnc3c(=O)[nH]c(N)nc32)O[C@@H]1CO)P(C)(=O)O,success,437,417,593.29,
5252,N/N=N\c1nc2c(ncn2[C@H]2CC(O)[C@@H](CO)O2)c(=O)[nH]1,success,42,26,30.08,
5253,Cc1nc2c(ncn2[C@H]2CC(O)[C@@H](CO)O2)c(=O)[nH]1,success,255,236,212.3,
5254,COCCO[C@@H]1[C@H](N)[C@@H](CO)O[C@H]1n1cnc2c(=O)[nH]c(NC(=O)C(C)C)nc21,success,338,317,197.45,
5255,COCCO[C@@H]1[C@H](NO)[C@@H](CO)O[C@H]1n1cnc2c(=O)[nH]c(NC(=O)C(C)C)nc21,success,334,313,172.52,
5256,COCCO[C@H]1C(O)[C@@H](CN)O[C@H]1n1cnc2c(=O)[nH]c(NC(=O)C(C)C)nc21,success,314,293,171.71,
5257,COCCOC1[C@@H](O)[C@@H](CO)O[C@H]1n1cnc2c(=O)[nH]c(NC(=O)C(C)C)nc21,success,382,361,203.41,
5258,COCCOC1[C@@H](O)[C@@H](CN)O[C@H]1n1cnc2c(=O)[nH]c(NC(=O)C(C)C)nc21,success,360,339,249.86,
5259,CCOC1C(O)[C@@H](CO)O[C@H]1n1cnc2c(=O)[nH]c(N)nc21,success,1003,981,815.13,
5260,CO[C@H]1C(O)[C@@H](COP(=O)(O)O)O[C@H]1n1cnc2c(=O)[nH]c(N)nc21,success,136,118,194.46,
5261,CO[C@H]1C(O)[C@@H](COP(=O)(O)OP(=O)(O)O)O[C@H]1n1cnc2c(=O)[nH]c(N)nc21,success,73,55,64.14,
5262,COC1[C@@H](O)[C@@H](COP(C)(=O)O)O[C@H]1n1cnc2c(=O)[nH]c(N)nc21,success,258,239,319.95,
5263,COCCOC1[C@@H](O)[C@@H](COP(C)(=O)O)O[C@H]1n1cnc2c(=O)[nH]c(N)nc21,success,371,353,430.87,
5264,CO[C@H]1C(O)[C@@H](COP(C)(=O)O)O[C@H]1n1cnc2c(=O)[nH]c(N)nc21,success,245,226,285.9,
5265,COCCO[C@H]1C(O)[C@@H](COP(=O)(O)OP(=O)(O)O)O[C@H]1n1cnc2c(=O)[nH]c(N)nc21,success,87,69,66.88,
5266,COCCO[C@H]1C(O)[C@@H](COP(C)(=O)O)O[C@H]1n1cnc2c(=O)[nH]c(N)nc21,success,354,336,465.37,
5267,COCCOC1[C@@H](COP(=O)(O)OP(=O)(O)O)O[C@@H]([n+]2cn(C)c3c(=O)[nH]c(N)nc32)[C@H]1O,success,77,59,84.55,
5268,COCCO[C@H]1C(O)[C@@H](COP(=O)(O)O)O[C@H]1n1cnc2c(=O)[nH]c(N)nc21,success,180,162,115.74,
5269,C#CCO[C@H]1C(O[P+](=O)O)[C@@H](CO)O[C@H]1n1cnc2c(=O)[nH]c(N)nc21,success,496,477,678.3,
5270,[N-]=[N+]=NC[C@H]1[C@@H](O)[C@H](n2cnc3c(=O)[nH]cnc32)O[C@@H]1CO,success,75,59,42.59,
5271,C#CC[C@H]1[C@@H](O)[C@H](n2cnc3c(=O)[nH]c(N)nc32)O[C@@H]1CO,success,993,974,683.46,
5272,C#CC[C@H]1[C@@H](O)[C@H](n2cnc3c(=O)[nH]cnc32)O[C@@H]1CO,success,1033,1014,695.07,
5273,C#CC[C@H]1C[C@H](n2cnc3c(=O)[nH]cnc32)O[C@@H]1CO,success,843,824,631.24,
5274,C#CCO[C@H]1[C@@H](O)[C@](C)(n2cnc3c(=O)[nH]c(N)nc32)O[C@@H]1CO,success,392,374,378.82,
5275,Cc1nc2c(=O)nc(N)n(C)c2n1C1OC(CO)C(O)C1O,success,375,356,401.26,
5276,COn1c(N)nc(=O)c2ncn(C3OC(CO)C(O)C3O)c21,success,390,371,312.15,
5277,[N-]=[N+]=NCO[C@H]1C[C@H](n2cnc3c(=O)[nH]c(N)nc32)O[C@@H]1CO,success,94,77,77.29,
5278,Nc1nc2c(ncn2[C@H]2C[C@H](O)[C@@](N)(CO)O2)c(=O)[nH]1,success,343,324,284.66,
5279,CF.Nc1nc2c(ncn2C2OC(CO)CC2F)c(=O)[nH]1,success,42,26,29.49,
5280,Cn1c(N)nc2c(ncn2C2CCC(CO)O2)c1=O,success,211,192,235.12,
5281,CNc1nc2c(ncn2C2CCC(CO)O2)c(=O)[nH]1.CO,success,42,26,40.5,
5282,CO.Cn1c(N)nc2c(ncn2C2CCC(CO)O2)c1=O,success,42,26,38.9,
5283,CO.Cn1cnc2c(ncn2[C@H]2CCC(CO)O2)c1=O,success,42,26,25.4,
5284,CS(=O)(=O)O[C@@]1(O)[C@@H](CO)O[C@@H](n2cnc3c(=O)[nH]c(N)nc32)[C@@H]1O,success,108,90,126.56,
5285,C#C[C@]1(CO)OC(n2cnc3c(=O)[nH]cnc32)C[C@@H]1O,success,309,290,230.95,
5286,CC[C@]1(CO)O[C@@H](n2cnc3c(=O)[nH]cnc32)C[C@@H]1O,success,1360,1338,788.93,
5287,C#C[C@]1(CO)OC(n2cnc3c(=O)[nH]c(N)nc32)C[C@@H]1O,success,361,342,308.48,
5288,CC(C)C(=O)Nc1nc2c(ncn2[C@H]2C[C@H](O)[C@@](C)(CO)O2)c(=O)[nH]1,success,1627,1606,2003.19,
5289,CC(C)(C)P(=O)(O)OC[C@H]1O[C@@H](n2cnc3c(=O)[nH]c(N)nc32)C(O)[C@H]1O,success,401,382,541.79,
5290,Cn1c[n+](C2OC(COC(C)(C)C)C(O)C2O)c2nc(N)[nH]c(=O)c21,success,359,341,355.08,
5291,COC1C(O)C(COC(C)(C)C)OC1[n+]1cn(C)c2c(=O)[nH]cnc21,success,198,179,161.04,
5292,Cn1c[n+](C2OC(COC(C)(C)C)C(O)C2O)c2nc[nH]c(=O)c21,success,361,343,321.63,
5293,Cn1c[n+](C2OC(COC(C)(C)C)C(CO)C2O)c2nc[nH]c(=O)c21,success,162,145,79.88,
5294,Cn1c[n+](C2CC(O)C(COC(C)(C)C)O2)c2nc[nH]c(=O)c21,success,411,392,313.91,
5295,Cn1c[n+](C2OC(COC(C)(C)C)C(CO)C2O)c2nc(N)[nH]c(=O)c21,success,164,147,100.36,
5296,Cn1c[n+](C2CC(O)C(COC(C)(C)C)O2)c2nc(N)[nH]c(=O)c21,success,395,376,335.5,
5297,COC1C(O)C(COC(C)(C)C)OC1[n+]1cn(C)c2c(=O)[nH]c(N)nc21,success,204,185,172.53,
5298,COC(=O)NC[C@H]1[C@@H](O)[C@H](n2cnc3c(=O)[nH]c(N)nc32)O[C@@H]1CO,success,914,895,839.75,
5299,Nc1nc2c(ncn2[C@@H]2O[C@H](CO)[C@@H](CCN3CCOCC3)[C@H]2O)c(=O)[nH]1,success,42,26,37.9,
5300,COC[C@H]1[C@@H](O)[C@H](n2cnc3c(=O)[nH]c(N)nc32)O[C@@H]1CO,success,633,614,481.56,
5301,CCC[C@H]1[C@@H](O)[C@H](n2cnc3c(=O)[nH]c(N)nc32)O[C@@H]1CO,success,2048,2026,1468.64,
5302,Nc1nc2c(ncn2[C@@H]2O[C@H](CO)[C@@H](CCOC=O)[C@H]2O)c(=O)[nH]1,failed,2794,2775,2052.32,min() arg is an empty sequence
5303,CO[C@@H]1[C@H](CNC(C)=O)[C@@H](CO)O[C@H]1n1cnc2c(=O)[nH]c(N)nc21,success,1517,1494,2085.68,
5304,CNC(=O)OC[C@H]1[C@@H](O)[C@H](n2cnc3c(=O)[nH]c(N)nc32)O[C@@H]1CO,success,1065,1046,1052.52,
5305,CCCOCC[C@H]1[C@@H](O)[C@H](n2cnc3c(=O)[nH]c(N)nc32)O[C@@H]1CO,success,1653,1631,1187.3,
5306,COC[C@H]1[C@@H](OC)[C@H](n2cnc3c(=O)[nH]c(N)nc32)O[C@@H]1CO,success,583,564,478.79,
5307,CCCCC(=O)NC[C@H]1[C@@H](O)[C@H](n2cnc3c(=O)[nH]c(N)nc32)O[C@@H]1CO,success,347,327,190.68,
5308,CC(=O)NC[C@H]1[C@@H](O)[C@H](n2cnc3c(=O)[nH]c(N)nc32)O[C@@H]1CO,success,2056,2033,2633.04,
5309,CCOC[C@H]1[C@@H](O)[C@H](n2cnc3c(=O)[nH]c(N)nc32)O[C@@H]1CO,success,1591,1569,1300.67,
5310,CN(C)C(=O)NC[C@H]1[C@@H](O)[C@H](n2cnc3c(=O)[nH]c(N)nc32)O[C@@H]1CO,success,207,190,124.54,
5311,[2H]C([2H])([2H])O[C@@H]1[C@H](O)[C@@H](CO)O[C@H]1n1cnc2c(=O)[nH]c(N)nc21,success,304,285,304.38,
5312,O=c1c2ncn([C@@H]3O[C@H](CO)C(O)C3O)c2nc2n1C(O)CCN2,success,346,327,288.57,
5313,CCCOC1C(O[P+](=O)O)C(CO)OC1n1cnc2c(=O)[nH]c(N)nc21,success,1052,1029,1501.55,
5314,CC(C)(C)OC1C(CO)OC(n2cnc3c(=O)[nH]c(N)nc32)C1O,success,581,561,558.43,
5315,COC(CO)C(OC(C)(C)C)C(O)Cn1cnc2c(=O)[nH]c(N)nc21,success,1775,1755,1224.91,
5316,O=c1[nH]c(Cl)nc2ncn([C@@H]3O[C@H](CO)[C@@H](O)[C@H](O)[C@H]3O)c12,success,528,509,312.42,
5317,Cn1c(N)nc2ncn([C@@H]3O[C@H](CO)[C@@H](O)[C@H](O)[C@H]3O)c2c1=O,success,660,641,372.54,
5318,COCC1CC(O)[C@@H](O)C(n2cnc3nc(N)n(C)c(=O)c32)O1,success,364,345,450.42,
5319,COCC1C[C@H](O)[C@@H](O)[C@H](n2cnc3c(=O)n(C)c(N)nc32)O1,success,363,344,316.73,
5320,CN(C)c1nc2c(ncn2[C@@H]2O[C@H](CO)[C@@H](O)[C@H](O)[C@H]2O)c(=O)[nH]1,success,525,506,332.26,
5321,Cn1c(N)nc2c(ncn2[C@@H]2O[C@H](CO)[C@@H](O)[C@H](O)[C@H]2O)c1=O,success,661,642,439.63,
5322,[N-]=[N+]=NO[C@@H]1[C@@H](O)[C@@H](COP(=O)(O)O)O[C@H]1n1cnc2c(=O)[nH]cnc21,success,42,26,52.56,
5323,Nc1nc2c(ncn2[C@@H]2O[C@H](CO[P+](=O)OP(=O)(O)OP(=O)(O)O)[C@@H](O)[C@H]2O)c(=O)[nH]1,success,80,64,81.42,
5324,COCCO[C@@H]1[C@@H](O)[C@@H](CO)O[C@H]1n1cnc2c(=O)[nH]c(N)nc21,success,1035,1016,845.76,
5325,CO[C@@H]1[C@@H](O)[C@@H](CO)O[C@H]1n1cnc2c(=O)[nH]c(N)nc21.O,success,42,26,41.81,
5326,CO[C@@H]1[C@@H](O)[C@@H](COP(=O)(O)O)O[C@H]1n1cnc2c(=O)[nH]c(N)nc21,success,135,117,248.99,
5327,COC(C)O[C@H]1[C@@H](O)[C@H](n2cnc3c(=O)[nH]c(N)nc32)O[C@@H]1CO,success,990,969,780.69,
5328,CCCCCCCCCCCCCCCCNC(=O)O[C@@H]1[C@H](O)[C@@H](CO)O[C@H]1n1cnc2c(=O)[nH]c(N)nc21,success,42,26,39.56,
5329,CCCCCCCCCCCCCCCCNC(=O)OC1C(O)C(CO)OC1n1cnc2c(=O)[nH]c(N)nc21,success,42,26,63.28,
5330,CC(C)C(=O)Nc1nc2c(ncn2C2OC(CO)C(O)C2C)c(=O)[nH]1,success,1699,1678,2260.14,
5331,CCCCNc1nc2c(ncn2[C@H]2C[C@@H](O)[C@H](CO)O2)c(=O)[nH]1,success,1816,1795,1721.7,
5332,Nc1nc2c(ncn2C2O[C@](N)(CCO)[C@@H](O)[C@H]2O)c(=O)[nH]1,success,1157,1136,809.33,
5333,CNc1nc2c(ncn2C2OC(COP)C(OP)C2OP)c(=O)[nH]1,success,112,94,190.12,
5334,CO[C@@H]1[C@H](C)[C@@H](CO)O[C@H]1n1cnc2c(=O)[nH]c(NC(=O)C(C)C)nc21,success,235,214,208.05,
5335,CO[C@@H]1[C@H](C)[C@@H](CO)O[C@H]1n1cnc2c(=O)[nH]c(N)nc21,success,297,278,318.32,
5336,CC1OC(n2cnc3c(=O)[nH]cnc32)C(O)C1OI,success,76,57,103.83,
5337,Nc1nc2c(ncn2[C@@H]2OC(CO)[C@@H](CO)[C@H]2O)c(=O)[nH]1,success,674,655,556.67,
5338,Nc1nc2c(ncn2C2O[C@H](COP(=O)(O)OP(=O)(O)OP(=O)(O)O)CC2O)c(=O)[nH]1,success,55,39,65.11,
5339,CC(C)C(=O)Nc1nc2c(ncn2[C@@]2(O)CO[C@H](CO)[C@H]2O)c(=O)[nH]1,success,2007,1985,2599.62,
5340,C#CCOC1C(O[P+](=O)O)C(CO)OC1n1cnc2c(=O)[nH]c(N)nc21,success,513,494,680.65,
5341,CCCCCCCCCCCC[C@@]1(n2cnc3c(=O)[nH]cnc32)O[C@H](CO)[C@@H](O)[C@H]1O.[Na+].[OH-],success,42,26,28.66,
5342,C#C[C@@]1(CO)O[C@@H](n2cnc3c(=O)[nH]c(N)nc32)C[C@H]1O,success,361,342,323.75,
5343,COCC[C@@H]1[C@@H](C)OC([n+]2cn(C)c3c(=O)[nH]c(N)nc32)[C@@H]1O,success,600,582,583.78,
5344,C[C@H]1O[C@@H](n2cnc3c(=O)[nH]c(N)nc32)[C@H](O)[C@@H]1CCO,success,1171,1150,822.0,
5345,CCOCC[C@H]1[C@@H](O)[C@H]([n+]2cn(C)c3c(=O)[nH]c(N)nc32)O[C@@H]1C,success,755,733,550.13,
5346,CC(C)OCC[C@@H]1CO[C@@H]([n+]2cn(C)c3c(=O)[nH]c(N)nc32)[C@@H]1O,success,676,656,480.95,
5347,CC(C)OCC[C@H]1[C@@H](O)[C@H]([n+]2cn(C)c3c(=O)[nH]c(N)nc32)O[C@@H]1C,success,220,201,115.36,
5348,COCCOCC[C@H]1[C@@H](O)[C@H]([n+]2cn(C)c3c(=O)[nH]c(N)nc32)O[C@@H]1C,success,305,287,182.59,
5349,COC[C@H]1[C@@H](O)[C@H]([n+]2cn(C)c3c(=O)[nH]c(N)nc32)O[C@@H]1C,failed,292,273,247.66,min() arg is an empty sequence
5350,CCn1c[n+]([C@@H]2O[C@H](C)[C@@H](COC)[C@H]2O)c2nc(N)[nH]c(=O)c21,success,821,801,715.72,
5351,COCC[C@H]1[C@@H](O)[C@H](n2cnc3c(=O)[nH]c(N)nc32)O[C@@H]1C,success,889,870,628.66,
5352,COCC[C@H]1[C@@H](O)[C@H]([n+]2cn(C)c3c(=O)[nH]c(N)nc32)O[C@@H]1C,success,600,582,477.94,
5353,COCC[C@@H]1CO[C@@H]([n+]2cn(C)c3c(=O)[nH]c(N)nc32)[C@@H]1O,success,880,861,683.37,
5354,CCn1c[n+]([C@@H]2O[C@H](C)[C@@H](CCOC)[C@H]2O)c2nc(N)[nH]c(=O)c21,success,784,764,584.24,
5355,CCNc1nc2c(c(=O)[nH]1)n(C)c[n+]2[C@@H]1O[C@H](C)[C@@H](CCOC)[C@H]1O,success,228,207,123.39,
5356,COCC[C@H]1[C@@H](O)[C@H]([n+]2cn(C)c3c(=O)[nH]c(NC(C)C)nc32)O[C@@H]1C,success,134,114,112.2,
5357,CCC(=O)N(CC)C[C@H]1[C@@H](O)[C@H]([n+]2cn(C)c3c(=O)[nH]c(N)nc32)O[C@@H]1C,success,407,385,278.49,
5358,C[C@H]1O[C@@H](n2cnc3c(=O)[nH]c(N)nc32)[C@H](O)[C@@H]1CNC(N)=O,success,144,128,113.61,
5359,COC[C@H]1[C@@H](O)[C@H](n2cnc3c(=O)[nH]c(N)nc32)O[C@@H]1C,success,266,247,261.12,
5360,CNC(=O)NC[C@H]1[C@@H](O)[C@H]([n+]2cn(C)c3c(=O)[nH]c(N)nc32)O[C@@H]1C,success,213,196,164.64,
5361,COCCOC[C@@H]1C(CO)O[C@@H](n2cnc3c(=O)[nH]c(N)nc32)[C@@H]1O,success,1167,1149,817.28,
5362,COCC[C@H]1[C@@H](O)[C@H](n2cnc3c(=O)[nH]c(N)nc32)O[C@@H]1CO,success,1532,1513,1184.79,
5363,CNC(=O)C[C@H]1[C@@H](O)[C@H](n2cnc3c(=O)[nH]c(N)nc32)O[C@@H]1CO,success,1913,1894,2602.78,
5364,C[C@@H]1C(CO)O[C@@H](n2cnc3c(=O)[nH]c(N)nc32)[C@@H]1O,success,333,314,304.55,
5365,Nc1nc2c(ncn2[C@@H]2OC(CO)[C@@H](CNC=O)[C@H]2O)c(=O)[nH]1,success,891,872,758.71,
5366,CC(C)Nc1nc2c(ncn2[C@@H]2O[C@H](CO)[C@@H](C)[C@H]2O)c(=O)[nH]1,success,989,969,1011.91,
5367,C#CCOCC[C@H]1[C@@H](O)[C@H](n2cnc3c(=O)[nH]c(N)nc32)O[C@@H]1CO,success,1061,1043,807.57,
5368,[N-]=[N+]=NCC[C@H]1[C@@H](O)[C@H](n2cnc3c(=O)[nH]c(N)nc32)O[C@@H]1CO,success,108,92,53.82,
5369,CNC(=O)C[C@H]1[C@@H](OC)[C@H](n2cnc3c(=O)[nH]c(N)nc32)O[C@@H]1CO,success,1452,1434,1973.66,
5370,COCCOC[C@H]1[C@@H](O)[C@H]([n+]2cn(C)c3c(=O)[nH]c(N)nc32)O[C@@H]1C,success,555,537,574.39,
5371,CCNc1nc2c(c(=O)[nH]1)n(C)c[n+]2[C@@H]1O[C@H](C)[C@@H](COC)[C@H]1O,success,500,479,476.31,
5372,CC(=O)N(C)C[C@H]1[C@@H](O)[C@H]([n+]2cn(C)c3c(=O)[nH]c(N)nc32)O[C@@H]1C,success,648,626,720.06,
5373,C[C@H]1O[C@@H]([n+]2cn(C)c3c(=O)[nH]c(N)nc32)[C@H](O)[C@@H]1CNC(N)=O,success,174,158,202.53,
5374,COC(C)OC1CC(n2cnc3c(=O)[nH]c(N)nc32)OC1CO,success,1066,1045,774.56,
5375,COC1C(O)C(COC(C)C)OC1[n+]1cn(C)c2c(=O)[nH]c(N)nc21,success,467,447,362.88,
5376,COC1C(COC(C)C)OC([n+]2cn(C)c3c(=O)[nH]c(N)nc32)C1O,success,465,445,380.45,
5377,COC1C(COC(C)C)OC([n+]2cn(C)c3c(=O)[nH]cnc32)C1O,success,466,446,347.79,
5378,COC[C@@H]1[C@@H](C)OC([n+]2cn(C)c3c(=O)[nH]c(N)nc32)[C@@H]1O,success,292,273,371.82,
5379,C[C@H]1OC([n+]2cn(C)c3c(=O)[nH]c(N)nc32)[C@H](O)[C@@H]1CN(C)C,success,98,80,166.19,
5380,C[C@H]1O[C@@H]([n+]2cn(C)c3c(=O)[nH]c(N)nc32)[C@H](O)[C@@H]1CO,success,390,371,392.69,
5381,CCOC[C@H]1[C@@H](O)[C@H]([n+]2cn(C)c3c(=O)[nH]c(N)nc32)O[C@@H]1C,success,793,771,715.81,
5382,CC(C)OC[C@H]1[C@@H](O)[C@H]([n+]2cn(C)c3c(=O)[nH]c(N)nc32)O[C@@H]1C,success,465,446,407.42,
5383,CCCOC[C@H]1[C@@H](O)[C@H]([n+]2cn(C)c3c(=O)[nH]c(N)nc32)O[C@@H]1C,success,716,694,736.47,
5384,CCCOCC1[C@@H](O)[C@H]([n+]2cn(C)c3c(=O)[nH]c(N)nc32)O[C@@H]1C,success,703,681,601.4,
5385,CCCCOC[C@H]1[C@@H](O)[C@H]([n+]2cn(C)c3c(=O)[nH]c(N)nc32)O[C@@H]1C,success,250,229,101.89,
5386,C[C@H]1O[C@@H]([n+]2cn(C)c3c(=O)[nH]c(N)nc32)[C@H](O)[C@@H]1CCO,success,1268,1247,916.62,
5387,CCCOCC[C@H]1[C@@H](O)[C@H]([n+]2cn(C)c3c(=O)[nH]c(N)nc32)O[C@@H]1C,success,275,253,110.53,
5388,CCCCOCC[C@H]1[C@@H](O)[C@H]([n+]2cn(C)c3c(=O)[nH]c(N)nc32)O[C@@H]1C,success,322,301,176.26,
5389,COCC1[C@@H](O)[C@H]([n+]2cn(C)c3c(=O)[nH]c(N)nc32)O[C@@H]1C,success,291,272,256.13,
5390,C[C@H]1O[C@@H]([n+]2cn(C)c3c(=O)[nH]c(N)nc32)[C@H](O)[C@@H]1CNC=O,success,302,283,381.8,
5391,CCC(=O)NC[C@H]1[C@@H](O)[C@H]([n+]2cn(C)c3c(=O)[nH]c(N)nc32)O[C@@H]1C,success,994,972,1182.35,
5392,CC(C)C(=O)NC[C@H]1[C@@H](O)[C@H]([n+]2cn(C)c3c(=O)[nH]c(N)nc32)O[C@@H]1C,success,279,260,161.51,
5393,CNC(=O)OC[C@H]1[C@@H](O)[C@H]([n+]2cn(C)c3c(=O)[nH]c(N)nc32)O[C@@H]1C,success,487,469,548.55,
5394,C[C@H]1O[C@@H]([n+]2cn(C)c3c(=O)[nH]c(N)nc32)[C@H](O)[C@@H]1CNC(=O)N(C)C,success,199,182,164.46,
5395,CCCCNC(=O)NC[C@H]1[C@@H](O)[C@H]([n+]2cn(C)c3c(=O)[nH]c(N)nc32)O[C@@H]1C,success,444,426,233.62,
5396,CCCOC[C@H]1[C@@H](O)[C@H](n2cnc3c(=O)[nH]c(NC(C)=O)nc32)O[C@@H]1CO,success,340,317,179.65,
5397,CCCNC(=O)C[C@H]1[C@@H](O)[C@H](n2cnc3c(=O)[nH]c(N)nc32)O[C@@H]1CO,success,2961,2940,4250.07,
5398,CNC[C@H]1[C@@H](O)[C@H](n2cnc3c(=O)[nH]c(N)nc32)O[C@@H]1CO,success,460,441,436.91,
5399,CNC[C@H]1[C@@H](O)[C@H](n2cnc3c(=O)[nH]c(N)nc32)O[C@@H]1COP(=O)(O)O,success,289,270,397.33,
5400,Nc1nc2c(ncn2[C@@H]2O[C@H](CO)[C@@H](CNC=O)[C@H]2O)c(=O)[nH]1,success,897,878,824.94,
5401,COC[C@H]1[C@@H](O)[C@H](n2cnc3c(=O)[nH]c(NC(C)C)nc32)O[C@@H]1CO,success,915,895,971.15,
5402,CCO[C@@H]1[C@@H](O)[C@@H](CO)O[C@H]1n1cnc2c(=O)[nH]c(N)nc21,success,970,948,758.19,
5403,Nc1nc2c(ncn2[C@@H]2O[C@H](CO)[C@H](O)[C@H]2O[C@@]2(O)CO[C@H](CO)[C@H]2O)c(=O)[nH]1,success,58,42,57.62,
5404,CO[C@@H]1[C@H](O)[C@@H](CNC(C)C)O[C@H]1n1cnc2c(=O)[nH]c(NC(=O)C(C)C)nc21,success,297,275,181.64,
5405,COC1C(O)C(CN)OC1n1cnc2c(=O)[nH]c(NC(=O)C(C)C)nc21,success,1071,1049,1397.63,
5406,COCCOC1C(C)C(CO)OC1n1cnc2c(=O)[nH]c(N)nc21,success,881,863,655.14,
5407,Nc1nc2c(ncn2[C@@H]2O[C@H](CN3C(=O)CCC3=O)[C@@H](O)[C@H]2O)c(=O)[nH]1,success,62,44,71.51,
5408,CC(C)C(=O)Nc1nc2c(ncn2[C@@H]2OC(CO)(CO)[C@@H](O)[C@H]2O)c(=O)[nH]1,success,1159,1138,1471.71,
5409,Nc1nc2c(ncn2[C@@H]2O[C@H]([C@H](O)CO)[C@@H](O)[C@H]2O)c(=O)[nH]1,success,1318,1297,955.62,
5410,Nc1nc2c(ncn2[C@@H]2O[C@H](CNC(=O)CCC(=O)O)[C@@H](O)[C@H]2O)c(=O)[nH]1,success,4026,4003,13788.88,
5411,CC(=O)NC[C@H]1O[C@@H](n2cnc3c(=O)[nH]c(N)nc32)[C@H](O)[C@@H]1O,success,1353,1330,1646.51,
5412,CC(C)C(=O)NC[C@H]1O[C@@H](n2cnc3c(=O)[nH]c(N)nc32)[C@H](O)[C@@H]1O,success,1847,1826,2646.3,
5413,CCCC(=O)NC[C@H]1O[C@@H](n2cnc3c(=O)[nH]c(N)nc32)[C@H](O)[C@@H]1O,success,2540,2517,4159.4,
5414,Nc1nc2c(ncn2[C@@H]2O[C@H]([C@@H](O)CO)[C@@H](O)[C@H]2O)c(=O)[nH]1,success,1318,1297,895.23,
5415,CCC(=O)NC[C@H]1O[C@@H](n2cnc3c(=O)[nH]c(N)nc32)[C@H](O)[C@@H]1O,success,2504,2481,3503.72,
5416,COO[C@@H]1[C@H](OP(=O)(O)O)[C@@H](CO)O[C@H]1n1cnc2c(=O)[nH]c(N)nc21,success,67,49,73.57,
5417,COO[C@@H]1[C@H](OP(O)(O)=S)[C@@H](CO)O[C@H]1n1cnc2c(=O)[nH]c(N)nc21,success,92,74,202.56,
5418,CC(=O)O.Nc1nc2c(ncn2C2CCC(CO)O2)c(=O)[nH]1,success,401,383,192.33,
5419,CC.COCCOC1C(C)C(CO)OC1n1cnc2c(=O)[nH]c(N)nc21,success,42,26,42.78,
5420,COC1C(O)[C@@H](CN)O[C@H]1n1cnc2c(=O)[nH]c(NC(=O)C(C)C)nc21,success,1071,1049,1399.37,
5421,COC1C(O)[C@@H](CNC(C)C)O[C@H]1n1cnc2c(=O)[nH]c(NC(=O)C(C)C)nc21,success,303,281,182.89,
5422,Nc1nc2c(ncn2[C@@H]2O[C@H](CO)[C@@H](O)[C@H]2OP(O)(O)=S)c(=O)[nH]1,success,253,234,368.53,
5423,CO[C@@]1(O)[C@H](O)[C@@H](CO)O[C@H]1n1cnc2c(=O)[nH]c(NC(=O)C(C)C)nc21,success,1367,1345,1794.96,
5424,CC#CO[C@@H]1[C@H](O)[C@@H](CO)O[C@H]1n1cnc2c(=O)[nH]c(N)nc21,success,646,625,558.94,
5425,CN(C)CNc1nc2c(ncn2C2CCC(CO)O2)c(=O)[nH]1,success,296,277,304.85,
5426,CN(C)/C=N/c1nc2c(ncn2C2CCC(CO)O2)c(=O)[nH]1,success,213,194,246.19,
5427,C[C@@]1(O)[C@@H](CO)O[C@@H](n2cnc3c(=O)[nH]cnc32)[C@@H]1O,success,304,285,262.79,
5428,CCN(CC)CC.CCN(CC)CC.Nc1nc2c(ncn2[C@@H]2O[C@H](COP(=O)(O)O)[C@@H](O)[C@H]2O)c(=O)[nH]1,success,42,26,61.84,
5429,[NH3+][C@@H](CC[Se]C[C@H]1O[C@@H](n2cnc3c(=O)[nH]cnc32)[C@H](O)[C@@H]1O)C(=O)[O-],success,3673,3655,9047.02,
5430,N[C@@H](CC[Se]C[C@H]1O[C@@H](n2cnc3c(=O)[nH]cnc32)[C@H](O)[C@@H]1O)C(=O)O,success,4672,4654,9875.82,
5431,C#CCO[C@@H]1[C@H](O)[C@@H](CO)O[C@H]1n1cnc2c(=O)[nH]c(NC(C)=O)nc21,success,1134,1112,1452.45,
5432,CC(C)(C)OC[C@H]1O[C@@H](n2cnc3c(=O)[nH]cnc32)CC1OC(C)(C)C,success,167,150,86.44,
5433,[N-]=[N+]=N[C@H]1[C@@H](O)[C@H](n2cnc3c(=O)[nH]c(N)nc32)O[C@@H]1COP(=O)(O)O,success,42,26,51.74,
5434,O=c1[nH]cnc2c1ncn2C1CC(O)C(COP(=O)([O-])OP(=O)([O-])OP(=O)([O-])[O-])O1,success,65,49,97.23,
5435,Nc1nc2c(ncn2[C@@H]2O[C@H](COP(=O)([O-])OP(=O)([O-])CP(=O)([O-])O)[C@@H](O)[C@H]2O)c(=O)[nH]1.[Na+].[Na+].[Na+],success,42,26,44.41,
5436,CC(=O)OC1[C@@H](CO)O[C@@H](n2cnc3c(=O)[nH]c(N)nc32)[C@H]1OC(C)=O,success,2339,2316,3404.34,
5437,CO[C@@H]1C(O)[C@H](n2cnc3c(=O)[nH]c(N)nc32)O[C@@H]1COP(=O)([O-])O,success,183,165,284.1,
5438,COCCO[C@@H]1C(O)[C@H](n2cnc3c(=O)[nH]c(N)nc32)O[C@@H]1COP(=O)(O)OP(=O)([O-])O,success,146,128,122.86,
5439,Nc1nc2c(ncn2[C@@H]2O[C@H](COP(=O)(O)OP(=O)([O-])O)[C@H](O)C2O)c(=O)[nH]1,success,105,89,117.24,
5440,CO[C@@H]1C(O)[C@H]([n+]2cn(C)c3c(=O)[nH]c(N)nc32)O[C@@H]1COP(=O)(O)OP(=O)([O-])O,success,104,86,121.27,
5441,COCCO[C@@H]1C(O)[C@H](n2cnc3c(=O)[nH]c(N)nc32)O[C@@H]1COP(=O)([O-])O,success,242,224,163.49,
5442,COCCO[C@@H]1C(O)[C@H]([n+]2cn(C)c3c(=O)[nH]c(N)nc32)O[C@@H]1COP(=O)(O)OP(=O)([O-])O,success,126,108,99.73,
5443,COCCO[C@@H]1C(O)[C@H]([n+]2cn(C)c3c(=O)[nH]c(N)nc32)O[C@@H]1COP(=O)(O)OP(=O)(O)O,success,76,58,69.93,
5444,Cn1c[n+]([C@@H]2O[C@H](COP(=O)(O)OP(=O)([O-])O)[C@H](O)C2O)c2nc(N)[nH]c(=O)c21,success,114,98,120.28,
5445,COCCO[C@@H]1C(O)[C@H](n2cnc3c(=O)[nH]c(N)nc32)O[C@@H]1CO,success,1043,1024,898.14,
5446,CO[C@@H]1C(O)[C@H](n2cnc3c(=O)[nH]c(N)nc32)O[C@@H]1COP(=O)(O)OP(=O)([O-])O,success,96,78,127.93,
5447,Cn1c[n+]([C@@H]2O[C@H](CO)[C@@H](O)[C@H]2O)c2nc(N)[nH]c(=O)c21.[2H-],success,42,26,41.12,
5448,Nc1nc2c(ncn2[C@H]2C[C@@](O)(S)[C@@H](CO)O2)c(=O)[nH]1,success,264,245,252.2,
5449,CCO[C@@]1(O)[C@H](O)[C@@H](CO)O[C@@]1(CC)n1cnc2c(=O)[nH]cnc21,success,1433,1411,1022.09,
5450,NCCCCCCO[C@@H]1[C@H](OP(=O)(O)O)[C@@H](CO)O[C@H]1n1cnc2c(=O)[nH]c(N)nc21,success,294,275,107.24,
5451,O=S=C(O)[C@H]1O[C@@H](n2cnc3c(=O)[nH]cnc32)[C@H](O)[C@@H]1O,success,199,180,143.86,
5452,CC.CCC.Nc1nc2c(ncn2C2CCC(CO)O2)c(=O)[nH]1,success,42,26,40.71,
5453,COO[C@@H]1[C@H](O)[C@@H](CO)O[C@H]1n1cnc2c(=O)[nH]cnc21,success,220,201,211.06,
5454,CCCCCCCCCCCCCCCCCCCCCCO[C@H]1C(O)[C@@H](CO)O[C@H]1n1cnc2c(=O)[nH]c(N)nc21,success,42,26,49.91,
5455,CNc1nc2c(ncn2C2CC(O)C(COP(=O)(O)OP(=O)([O-])OP(=O)([O-])[O-])O2)c(=O)[nH]1,success,68,51,71.95,
5456,Nc1nc2c(ncn2C2CC(O)C(COP(=O)([O-])OP(=O)([O-])OP(=O)(O)O)O2)c(=O)[nH]1,success,65,49,69.07,
5457,Nc1nc2c(ncn2C2OC(COP([O-])(=S)OP(=O)([O-])OP(=O)([O-])[O-])C(O)C2O)c(=O)[nH]1,success,63,47,86.26,
5458,O=c1[nH]cnc2c1ncn2C1OC(COP(=O)([O-])OP(=O)([O-])OP(=O)([O-])[O-])C(O)C1O,success,72,56,106.25,
5459,CO[C@@H]1C(O)[C@H](n2cnc3c(=O)[nH]c(/N=C/N(C)C)nc32)O[C@@H]1CO,success,222,204,263.43,
5460,COC1[C@@H](O)[C@@H](CO)O[C@H]1n1cnc2c(=O)[nH]c(/N=C/N(C)C)nc21,success,242,224,293.13,
5461,CP(=O)([O-])OC[C@H]1O[C@@H](n2cnc3c(=O)[nH]c(N)nc32)C(O)[C@H]1O,failed,271,252,364.28,min() arg is an empty sequence
5462,Cn1c(N)nc2c(ncn2[C@@H]2O[C@H](COP(=O)([O-])P(=O)([O-])P(=O)([O-])[O-])C(O)[C@@H]2O)c1=O,success,90,74,67.46,
5463,Nc1ccnc(=O)[nH]1.Nc1nc2c(ncn2C2OC(CO)C(O)C2O)c(=O)[nH]1,success,42,26,33.77,
5464,COC1C(OC(C)=O)[C@@H](CO)O[C@H]1n1cnc2c(=O)[nH]c(NC(=O)C(C)C)nc21,success,348,325,226.5,
5465,CNc1nc2c(ncn2[C@H]2C[C@@H](O)[C@H](O)[C@@H](CO)O2)c(=O)[nH]1,success,497,478,449.92,
5466,CC.CO.COC1C(n2cnc3c(=O)[nH]c(N)nc32)OC(CO)[C@@H]1O.O.O=PO.[H][H],success,42,26,53.41,
5467,CC.COC1C(O)C(CO)OC1n1cnc2c(=O)[nH]c(N)nc21.F.O.O=PO.[H][H],success,42,26,49.8,
5468,CC.CO.COC1C(O)C(CO)OC1n1cnc2c(=O)[nH]c(N)nc21.O.O=PO.[H][H],success,42,26,53.28,
5469,CCCC.CO.Nc1nc2c(ncn2C2CCC(CO)O2)c(=O)[nH]1,success,42,26,40.91,
5470,CC(C)C(=O)Nc1nc2c(ncn2[C@@H]2O[C@H](CO)[C@@H](OC3CC3)[C@H]2O)c(=O)[nH]1,success,168,149,119.03,
5471,NCCCCCCO[C@H]1C(O)[C@@H](CO)O[C@H]1n1cnc2c(=O)[nH]c(N)nc21,success,302,283,108.76,
5472,CC(C)O[C@@H]1C(O)[C@H](n2cnc3c(=O)[nH]c(N)nc32)O[C@@H]1COP(=O)([O-])O,success,620,600,845.17,
5473,Cn1c[n+](C2O[C@H](COP(=O)(O)OP(=O)(O)O)[C@@H](O)[C@H]2O)c2nc(N)[nH]c(=O)c21,success,78,62,66.05,
5474,[2H]C[C@H]1OC(n2cnc3c(=O)[nH]c(NCC(C)C)nc32)[C@H](O)[C@@H]1O,success,870,851,911.97,
5475,CO[C@H]1C(n2cnc3c(=O)[nH]c(NCC(C)C)nc32)O[C@H](CO)[C@H]1O,success,599,579,637.12,
5476,O=c1[nH]cnc2c1ncn2[C@@H]1O[C@H](OO)[C@@H](O)[C@H]1O,success,127,108,98.03,
5477,CO[C@@]1(O)[C@H](OP(O)(O)=S)[C@@H](CO)O[C@H]1n1cnc2c(=O)[nH]c(N)nc21,success,106,88,148.04,
5478,Nc1nc2c(ncn2[C@H]2CC[C@@H](CO)O2)c(=O)[nH]1.O,success,42,26,34.62,
5479,CO.COCC1CCC(n2cnc3c(=O)[nH]c(N)nc32)O1.COCCO,success,42,26,35.66,
5480,CCCO.Nc1nc2c(ncn2[C@@H]2O[C@H](CO)[C@@H](O)[C@H]2O)c(=O)[nH]1,success,42,26,45.3,
5481,NC(=O)C[C@H](N)C(=O)Nc1nc2c(ncn2[C@H]2C[C@H](O)[C@@H](CO)O2)c(=O)[nH]1,success,618,602,349.61,
5482,Cn1c[n+]([C@@H]2O[C@H](COP(=O)([O-])SP(=O)(O)O)[C@@H](O)[C@H]2O)c2nc(N)[nH]c(=O)c21,success,94,78,70.76,
5483,CO[C@H]1[C@@H](O)[C@H]([n+]2cn(C)c3c(=O)[nH]c(N)nc32)O[C@@H]1COP(=O)([O-])OP(=O)(O)O,success,103,85,84.31,
5484,Nc1nc2c(ncn2[C@H]2C[C@](N)(O)[C@@H](CO)O2)c(=O)[nH]1,success,327,308,277.32,
5485,CCN(CC)c1nc2c(c(=O)[nH]1)n(CC)c[n+]2[C@@H]1O[C@H](CO)[C@@H](O)[C@H]1O,success,173,153,89.99,
5486,NC(=O)CC[C@H](N)C(=O)Nc1nc2c(ncn2[C@@H]2O[C@H](CO)[C@@H](O)[C@H]2O)c(=O)[nH]1,success,802,786,464.4,
5487,CCn1c[n+]([C@@H]2O[C@H](COP(=O)([O-])OP(=O)(O)O)[C@@H](O)[C@H]2O)c2nc(N)[nH]c(=O)c21,success,167,151,127.27,
5488,CCn1c[n+]([C@@H]2O[C@H](COP(=O)(O)OP(=O)(O)O)[C@@H](O)[C@H]2O)c2nc(N)[nH]c(=O)c21,success,113,97,96.28,
5489,NC(=O)CC[C@H](N)C(=O)Nc1nc2c(ncn2[C@H]2C[C@H](O)[C@@H](CO)O2)c(=O)[nH]1,success,799,783,391.85,
5490,CC(C)CC(=O)Nc1nc2c(ncn2[C@H]2C[C@H](O)[C@@H](CO)O2)c(=O)[nH]1,success,2090,2070,3178.38,
5491,Cn1c[n+]([C@@H]2O[C@H](COP(=O)(O)O)[C@@H](OP(=O)([O-])O)[C@H]2O)c2nc(N)[nH]c(=O)c21,success,75,59,67.27,
5492,Nc1nc2c(ncn2[C@@H]2O[C@H](COP(O)(O)=[S+]P(=O)([O-])OP(=O)(O)O)[C@@H](O)[C@H]2O)c(=O)[nH]1,success,42,26,53.49,
5493,N[C@@H](CC(=O)O)C(=O)Nc1nc2c(ncn2[C@@H]2O[C@H](CO)[C@@H](O)[C@H]2O)c(=O)[nH]1,success,5170,5151,21111.35,
5494,CCCCn1c[n+]([C@@H]2O[C@H](CO)[C@@H](O)[C@H]2O)c2nc(N)[nH]c(=O)c21,success,1529,1508,1326.43,
5495,CC(C)(C)c1nc2c(=O)[nH]c(N)nc2n1[C@@H]1O[C@H](CO)[C@@H](O)[C@H]1O,success,715,695,622.19,
5496,N[C@@H](CCC(=O)O)C(=O)Nc1nc2c(ncn2[C@@H]2O[C@H](CO)[C@@H](O)[C@H]2O)c(=O)[nH]1,success,5865,5846,14640.31,
5497,NCC(=O)NCC(=O)Nc1nc2c(ncn2[C@H]2C[C@H](O)[C@@H](CO)O2)c(=O)[nH]1,success,642,625,337.07,
5498,[N-]=[N+]=Nc1nc2c(ncn2[C@@H]2O[C@H](COP(=O)(O)O)[C@@H](O)[C@H]2O)c(=O)[nH]1,success,42,26,42.66,
5499,Nc1nc2c(ncn2[C@@H]2O[C@H](CO)[C@](O)(O[P+](=O)O)[C@H]2O)c(=O)[nH]1,success,145,127,195.98,
5500,CCN(CC)CC.Nc1nc2c(ncn2[C@@H]2O[C@H](CO)[C@@H](O)[C@H]2O)c(=O)[nH]1,success,42,26,46.73,
5501,CO[C@@H]1[C@H](O)[C@@H](COP(=O)(O)OP(=O)(O)O)O[C@H]1[n+]1cn(C)c2c(=O)[nH]c(N)nc21,success,78,60,66.91,
5502,Nc1nc2c(ncn2[C@@H]2O[C@H](C(O)O[S+]=P([O-])(O)O)[C@@H](O)[C@H]2O)c(=O)[nH]1,success,104,88,122.74,
5503,Nc1nc2c(ncn2[C@@H]2O[C@H](CO)[C@@H](O)[C@]2(O)O[P+](=O)O)c(=O)[nH]1,success,145,127,177.47,
5504,Nc1nc2c(ncn2[C@H]2C[C@H](O)[C@@H](C(O)O[S+]=P([O-])(O)O)O2)c(=O)[nH]1,success,146,128,207.79,
5505,O=P([O-])([O-])[O-].O=c1[nH]cnc2c1ncn2[C@@H]1O[C@H](CO)[C@@H](O)[C@H]1O.[Na+].[Na+].[Na+],success,42,26,50.71,
5506,Cn1c[n+]([C@@H]2O[C@H](CO)[C@@H](O)[C@H]2O)c2nc(N)[nH]c(=O)c21.I,success,42,26,31.45,
5507,NCC(=O)NCC(=O)Nc1nc2c(ncn2[C@@H]2O[C@H](CO)[C@@H](O)[C@H]2O)c(=O)[nH]1,success,645,628,358.29,
5508,Cn1c[n+]([C@H]2C[C@H](O)[C@@H](CO)O2)c2nc(N)[nH]c(=O)c21.I,success,42,26,35.97,
5509,O=P(O)(O)O.O=c1[nH]cnc2c1ncn2[C@@H]1O[C@H](COP(=O)(O)O)[C@@H](O)[C@H]1O,success,42,26,34.34,
5510,CO[C@H]1[C@@H](O)[C@H]([n+]2cn(C)c3c(=O)[nH]c(N)nc32)O[C@@H]1COP(=O)([O-])OP(=O)(O)OP(=O)(O)O,success,67,49,92.95,
5511,CO[C@H]1[C@@H](O)[C@H]([n+]2cn(C)c3c(=O)[nH]c(N)nc32)O[C@@H]1COP(=O)(O)OP(=O)(O)OP(=O)(O)O,success,61,43,58.05,
5512,CO[C@@H]1[C@H](O)[C@@H](COP(=O)([O-])OP(=O)(O)OP(=O)(O)O)O[C@H]1[n+]1cn(C)c2c(=O)[nH]c(N)nc21,success,67,49,60.05,
5513,N=C=O.Nc1nc2c(ncn2[C@@H]2O[C@H](CO)[C@@H](O)[C@H]2O)c(=O)[nH]1,success,60,44,38.24,
5514,Cn1c[n+]([C@@H]2O[C@H](COP(=O)([O-])OP(=O)(O)O)C[C@H]2O)c2nc(N)[nH]c(=O)c21,success,95,79,94.83,
5515,NC(=O)C[C@H](N)C(=O)Nc1nc2c(ncn2[C@@H]2O[C@H](CO)[C@@H](O)[C@H]2O)c(=O)[nH]1,success,621,605,315.4,
5516,NP(O)OC[C@H]1O[C@@H](n2cnc3c(=O)[nH]c(Cl)nc32)[C@H](O)[C@@H]1O,success,261,242,337.07,
5517,[15NH2]c1[15n]c2c([15n]c[15n]2[C@@H]2O[C@H](CO)[C@@H](O)[C@H]2O)c(=O)[15nH]1,success,361,342,294.5,
5518,CC(=O)[O-].O=c1[nH]cnc2c1ncn2[C@@H]1O[C@H](COP(=O)([O-])[O-])[C@@H](O)[C@H]1O.[Na+].[Na+].[Na+],success,42,26,53.93,
5519,O=P(O)(O)O.O=P(O)(O)O.O=P(O)(O)O.O=c1[nH]cnc2c1ncn2[C@H]1CC[C@@H](CO)O1,success,42,26,48.69,
5520,O=c1[nH]cnc2c1ncn2[C@@H]1O[C@H](COP(=O)(O)O)[C@@H](O)[C@H]1O.[H-].[Na+],success,42,26,33.24,
5521,O=c1[nH]cnc2c1ncn2[C@@H]1O[C@H](COP(=O)(O)O)C(O)C1O.[H-].[Na+],success,42,26,33.41,
5522,Nc1nc2c(ncn2[C@@H]2O[C@H](CO)[C@@H](O)[C@H]2O)c(=O)[nH]1.[H-].[Na+],success,42,26,42.01,
5523,Nc1nc2c(ncn2[C@@H]2O[C@H](CO)C(O)C2O)c(=O)[nH]1.[H-].[Na+],success,42,26,26.26,
5524,Nc1nc2c(ncn2[C@@H]2O[C@H](COP(=O)(O)OP(=O)(O)O)[C@@H](O)[C@H]2O)c(=O)[nH]1.[H-].[Na+],success,42,26,52.19,
5525,O=P(O)(O)O.O=P(O)(O)O.O=P(O)(O)O.O=P(O)(O)O.O=c1[nH]cnc2c1ncn2[C@@H]1O[C@H](CO)[C@@H](O)[C@H]1O,success,42,26,51.86,
5526,Nc1nc2c(ncn2[C@@H]2O[C@@H]3COP(=O)(O)O[C@H]3[C@H]2O)c(=O)[nH]1.[PbH2],success,42,26,48.52,
5527,Nc1nc2c(ncn2[C@H]2C[C@H](O)[C@@H](COP(=O)(O)O)O2)c(=O)[nH]1.[H-].[Na+],success,42,26,32.64,
5528,Nc1nc2c(ncn2[C@@H]2O[C@H](CO)[C@@H](O)[C@H]2O)c(=O)[nH]1.[H-].[H-].[Na+].[Na+],success,42,26,26.55,
5529,Nc1nc2c(ncn2[C@@H]2O[C@H](CO)C(O)C2O)c(=O)[nH]1.[H-].[H-].[Na+].[Na+],success,42,26,39.98,
5530,Nc1nc2c(ncn2[C@@H]2O[C@H](C[SeH])[C@@H](O)[C@H]2O)c(=O)[nH]1,success,182,163,172.71,
5531,Nc1nc2c(ncn2[C@@H]2O[C@H](COP(=O)(O)O)[C@@H](O)[C@H]2O)c(=O)[nH]1.O.[AlH3],success,42,26,50.45,
5532,Nc1nc2c(ncn2[C@@H]2O[C@H](COP(=O)(O)O)[C@@H](O)[C@H]2O)c(=O)[nH]1.[H-].[Na+],success,42,26,54.07,
5533,Nc1nc2c(ncn2[C@@H]2O[C@H](COP(=O)(O)O)[C@@H](O)[C@H]2O)c(=O)[nH]1.[H-].[H-].[Na+].[Na+],success,42,26,34.5,
5534,Nc1nc2c(ncn2[C@@H]2O[C@H](CO)[C@@H](O)[C@H]2O)c(=O)[nH]1.O=P([O-])([O-])OP(=O)([O-])OP(=O)([O-])[O-].[Li+].[Li+].[Li+].[Li+].[Li+],success,42,26,36.94,
5535,Nc1nc2c(ncn2[C@@H]2O[C@H](COP(=O)(O)OP(=O)(O)OP(=O)(O)O)C(O)C2O)c(=O)[nH]1.[H-].[Li+],success,42,26,39.11,
5536,CCCCN(CCCC)CCCC.CCCCN(CCCC)CCCC.O=c1[nH]cnc2c1ncn2[C@@H]1O[C@H](COP(=O)(O)O)[C@@H](O)[C@H]1O,success,42,26,66.19,
5537,Nc1nc2c(ncn2[C@@H]2O[C@H](COP(=O)(O)O)C(O)C2O)c(=O)[nH]1.[H-].[K+],success,42,26,33.77,
5538,Nc1nc2c(ncn2[C@@H]2O[C@H](COP(=O)(O)O)C(O)C2O)c(=O)[nH]1.[H-].[Na+],success,42,26,33.53,
5539,Nc1nc2c(ncn2[C@@H]2O[C@@H]3COP(=O)(O)O[C@H]3[C@H]2O)c(=O)[nH]1.[H-].[Na+],success,42,26,31.34,
5540,Nc1nc2c(ncn2[C@@H]2O[C@H](COP(=O)(O)OP(=O)(O)O)[C@@H](O)[C@H]2O)c(=O)[nH]1.[H-].[H-].[Na+].[Na+],success,42,26,39.44,
5541,O=P(O)(O)O.O=P(O)(O)O.O=P(O)(O)O.O=P(O)(O)O.O=P(O)(O)O.O=P(O)(O)O.O=c1[nH]cnc2c1ncn2[C@@H]1O[C@H](CO)[C@@H](O)[C@H]1O,success,42,26,45.55,
5542,O=c1[nH]cnc2c1ncn2[C@@H]1O[C@H](CO)[C@@H](O)[C@H]1O.[H-].[Na+],success,42,26,25.89,
5543,O=c1[nH]cnc2c1ncn2[C@@H]1O[C@H](CO)C(O)C1O.[H-].[Na+],success,42,26,35.07,
5544,O=c1[nH]cnc2c1ncn2[C@@H]1O[C@H](CO)[C@@H](O)[C@H]1O.[H-].[H-].[Na+].[Na+],success,42,26,42.46,
5545,O=c1[nH]cnc2c1ncn2[C@@H]1O[C@H](CO)C(O)C1O.[H-].[H-].[Na+].[Na+],success,42,26,26.28,
5546,Cn1c(N)nc2c(ncn2[C@@H]2O[C@H](CO)[C@@H](O)[C@H]2O)c1=O.O=P(O)(O)O.O=P(O)(O)O.O=P(O)(O)O,success,42,26,36.59,
5547,CC(C)C(=O)n1c(N)nc2c(ncn2C2O[C@H](CO)[C@@H](O)[C@H]2O)c1=O,success,2198,2177,2261.48,
5548,CCCC[SiH](C)OC[C@H]1O[C@@H](n2cnc3c(=O)[nH]c(N)nc32)[C@H](O)[C@@H]1O,success,579,559,564.09,
5549,O=c1[nH]cnc2c1ncn2[C@@H]1O[C@H](CO)[C@@H](O)[C@H]1O.[Ca+2].[H-].[H-],success,42,26,26.07,
5550,O=P([O-])([O-])O.O=c1[nH]cnc2c1ncn2[C@@H]1O[C@H](CO)[C@@H](O)[C@H]1O.[Na+].[Na+],success,42,26,33.4,
5551,COC1C(O)[C@@H](CO)O[C@H]1n1cnc2c(=O)[nH]c(N=CN(C)C)nc21,success,243,225,332.92,
5552,N.N.NC(O)[C@H]1O[C@@H](n2cnc3c(=O)[nH]cnc32)C[C@]1(N)O.O=P(O)(O)O.O=P(O)(O)O,success,42,26,34.84,
5553,O=c1[nH]cnc2c1ncn2[C@@H]1O[C@H](CO)CC1F.[H-].[Na+],success,42,26,25.28,
5554,O.O=c1[nH]cnc2c1ncn2[C@H]1CC[C@@H](CO)O1.[H-].[Na+],success,42,26,25.17,
5555,O.O=c1[nH]cnc2c1ncn2[C@@H]1O[C@H](CO)CC1F.[H-].[Na+],success,42,26,25.21,
5556,O=c1[nH]cnc2c1ncn2[C@H]1CC[C@@H](CO)O1.[H-].[Na+],success,42,26,24.92,
5557,NC1[N-]C(=O)c2ncn([C@@H]3O[C@H](COP(=O)(O)OP(=O)(O)OP(=O)(O)O)C(O)C3O)c2N1.[Li+],success,42,26,36.57,
5558,O=c1c2[nH]cnc2ncn1C1O[C@H](CO)[C@@H](O)[C@H](O)[C@H]1O,failed,567,548,303.57,min() arg is an empty sequence
5559,O=c1[nH]cnc2c1ncn2[C@@H]1O[C@H](CO)[C@@H](O)[C@H](O)[C@H]1O,success,568,549,364.89,
5560,Nc1nc2c(ncn2[C@@H]2O[C@H](CO)[C@@H](O)[C@H]2O)c(=O)[nH]1.O=P(O)(O)O.[Na].[Na],success,42,26,33.46,
5561,Nc1nc2c(ncn2[C@@H]2O[C@H](CO)C(O)C2O)c(=O)[nH]1.OC[C@H]1OC[C@@H](O)[C@@H]1O,success,42,26,40.33,
5562,CC=CC=O.Nc1nc2c(ncn2[C@@H]2O[C@H](CO)[C@@H](O)[C@H]2O)c(=O)[nH]1,success,617,600,296.89,
5563,O=P([O-])([O-])O.O=c1[nH]cnc2c1ncn2[C@@H]1O[C@H](CO)[C@@H](O)[C@H]1O.[Ag+].[Ag+],success,42,26,33.21,
5564,O=P(O)(O)O.O=c1[nH]cnc2c1ncn2[C@@H]1O[C@H](CO)[C@@H](O)[C@H]1O.[Ag].[Ag],success,42,26,50.83,
5565,Nc1nc2c(nc([SeH])n2[C@@H]2O[C@H](CO)C(O)C2O)c(=O)[nH]1,failed,340,321,292.0,min() arg is an empty sequence
5566,Cl[Pt]Cl.Nc1nc2c(nc([SeH])n2[C@@H]2O[C@H](CO)C(O)C2O)c(=O)[n-]1,success,42,26,26.5,
5567,Nc1nc2c(ncn2[C@@H]2O[C@H](CO)C(O)C2O)c(=O)n1[AlH2],success,359,340,301.53,
5568,N.N.Nc1nc2c(ncn2[C@@H]2O[C@H](COP(=O)(O)O)[C@@H](O)[C@H]2O)c(=O)[nH]1,success,42,26,33.51,
5569,O=c1[nH]c(=S)[nH]c2c1ncn2[C@@H]1O[C@H](CO)C(O)C1O.[H-].[Na+],success,42,26,26.75,
5570,O=P(O)(O)O.O=P(O)(O)O.O=P(O)(O)O.O=c1[nH]cnc2c1ncn2[C@@H]1O[C@H](COP(=O)(O)O)[C@@H](O)[C@H]1O,success,42,26,63.08,
5571,Nc1nc2c(ncn2[C@H]2C[C@H](O)[C@@H](C[SeH])O2)c(=O)[nH]1,success,115,96,91.93,
5572,CC1(C)OC2[C@@H](CO)OC(n3cnc4c(=O)[nH]cnc43)[C@@]2(C)O1,success,150,132,188.42,
5573,CC[C@H]1O[C@H](n2cnc3c(=O)[nH]c(N)nc32)CC1O,success,547,526,399.68,
5574,CC1C(O)[C@@H](CO)OC1n1cnc2c(=O)[nH]cnc21,success,277,258,293.26,
5575,CN(C)C=Nc1nc2c(nc(Br)n2[C@H]2C[C@@H](O)[C@@H](CO)O2)c(=O)[nH]1,success,298,279,278.35,
5576,CC[C@H]1O[C@H](n2cnc3c(=O)[nH]c(N)nc32)C[C@H]1O,success,542,521,365.45,
5577,[2H][C@@]1(CO)O[C@@H](n2cnc3c(=O)[nH]c(N)nc32)C[C@@H]1O,success,318,299,243.38,
5578,Nc1nc2c(ncn2C2O[C@H](CO)[C@H](O)[C@H](O)[C@H]2O)c(=O)[nH]1,success,631,612,379.01,
5579,Nc1nc2c(ncn2[C@@H]2O[C@H](CO)C[C@H]2O)c(=O)[nH]1.O=P(O)(O)O.O=P(O)(O)O.O=P(O)(O)O,success,42,26,53.67,
5580,CCC(N(C(=O)OC(C)(C)C)C(=NC(=O)OC(C)(C)C)NC(=O)C(C)C)n1c(N)nc2c(ncn2[C@@H]2O[C@H](CO)[C@@H](O)[C@H]2O)c1=O,success,173,156,133.77,
5581,[B]P(=O)(OC[C@H]1O[C@@H](n2cnc3c(=O)[nH]c(N)nc32)[C@@H](O)C1O)OP(=O)(O)OP(=O)(O)O,success,42,26,34.36,
5582,CN(C)CC=Nc1nc2c(ncn2[C@H]2CC(O)[C@@H](CO)O2)c(=O)[nH]1,success,709,691,687.45,
5583,O=c1[nH]c(N=CCN2CCOCC2)nc2c1ncn2[C@H]1CC(O)[C@@H](CO)O1,success,42,26,43.55,
5584,CCN(CC)CC.CCN(CC)CC.CCN(CC)CC.Nc1nc2c(ncn2[C@@H]2O[C@H](CO)[C@@H](O)[C@H]2O)c(=O)[nH]1.O=P(O)(O)O,success,42,26,50.12,
5585,Nc1nc2c(ncn2[C@@H]2O[C@H](COP(=O)(O)O)[C@@H](O)[C@H]2O)c(=O)[nH]1.[PbH2],success,42,26,33.38,
5586,CCOC[C@@H]1C[C@@H](O)C(n2cnc3c(=O)[nH]c(N)nc32)O1,success,811,789,653.62,
5587,[B]c1nc2c(=O)[nH]c(N)nc2n1[C@H]1CC(O)[C@@H](CO)O1,success,42,26,40.27,
5588,NC=N[C@@H]1O[C@@H]2COP(O)(=S)O[C@@H]3C(O)[C@H](n4cnc5c(=O)[nH]c(N)nc54)O[C@@H]3CO[P+](=O)OC2C1O,success,42,26,35.55,
5589,[B]c1nc2c(=O)[nH]cnc2n1C1O[C@H](COC(C)(C)C)[C@@H](OC(C)(C)C)[C@H]1O,success,42,26,43.23,
5590,CO[C@H]1C(n2cnc3c(=O)[nH]c(N)nc32)O[C@@H]2C(O)[C@@]21O,success,225,206,236.93,
5591,O=P(O)(O)O.O=c1[nH]cnc2c1ncn2[C@@H]1O[C@H](CO)[C@@H](O)[C@H]1O.[H-].[H-].[Na+].[Na+],success,42,26,34.36,
5592,CC#C[C@@]1(O)C(O)[C@@H](CO)O[C@H]1n1cnc2c(=O)[nH]c(N)nc21,success,687,666,647.55,
5593,CC#CC1(O)C(O)[C@@H](CO)O[C@H]1n1cnc2c(=O)[nH]c(N)nc21,success,687,666,666.66,
5594,CO[C@@H]1[C@H](O)[C@H](n2cnc3c(=O)n(C)c(N)nc32)O[C@@H]1CO,success,325,306,324.07,
5595,O=c1[nH]c([As])nc2c1ncn2C1OC(CO)C(O)C1O,success,42,26,39.74,
5596,CC(=O)Nc1nc2c(ncn2[C@@H]2O[C@H](C)C(O)[C@@H]2O)c(=O)[nH]1,success,1264,1241,1447.62,
5597,Nc1nc2c(ncn2[C@@H]2O[C@H](COP(=O)(O)O)[C@@H](O)[C@H]2O)c(=O)[nH]1.O.O.O.O.O.O.O.[H-].[H-].[Na+].[Na+],success,42,26,55.4,
5598,Nc1nc2c(ncn2[C@@H]2O[C@H](COP(=O)(O)O)[C@@H](O)[C@H]2O)c(=O)[nH]1.O.[H-].[H-].[Na+].[Na+],success,42,26,34.5,
5599,CCCC(=O)NS(=O)(=O)OC[C@H]1O[C@@H](n2cnc3c(=O)[nH]c(N)nc32)C(O)C1O,success,1652,1630,3131.98,
5600,CCCNC(=O)OC[C@H]1O[C@@H](n2cnc3c(=O)[nH]c(N)nc32)C(O)C1O,success,1899,1877,2327.72,
5601,NC(=O)c1ncn([C@@H]2O[C@H](COP(=O)(O)O)C(O)C2O)c1N,success,549,531,764.94,
5602,Nc1nc2c(ncn2[C@@H]2O[C@H](COP(=O)(O)OP(=O)(O)OP(=O)(O)O)[C@@H](O)[C@H]2O)c(=O)[nH]1.[H-].[H-].[Mg+2],success,42,26,37.98,
5603,O=c1[nH]cnc2c1ncn2C1OC(COP(=O)(O)OP(=O)(O)OP(=O)(O)O)C(O)C1O.[H-].[Na+],success,42,26,56.04,
5604,O=c1[nH]cnc2c1ncn2[C@H]1C[C@H](O)[C@@H](COP(=O)(O)O)O1.[H-].[Na+],success,42,26,48.94,
5605,O=c1[nH]cnc2c1ncn2[C@H]1C[C@H](O)C(COP(O)(O)=S)O1,success,168,149,215.5,
5606,Nc1nc2c(ncn2[C@H]2C[C@H](O)C(COP(O)(O)=S)O2)c(=O)[nH]1,failed,220,201,300.46,min() arg is an empty sequence
5607,Nc1nc2c(ncn2[C@@H]2O[C@H](COP(=O)(O)OP(=O)(O)OP(=O)(O)O)[C@@H](O)[C@H]2O)c(=O)[nH]1.[H-].[Na+],success,42,26,59.66,
5608,CC(C)(C)OC[C@H]1OC(n2[13cH]nc3c(=O)[nH]cnc32)[C@H](O)C1OC(C)(C)C,success,178,161,94.2,
5609,CNc1nc2c(=O)[nH]c(N)nc2n1[C@@H]1O[C@H](CO)C(O)C1O,success,463,444,435.62,
5610,Nc1nc2c(ncn2[C@@H]2O[C@H](COP(=O)(O)OP(=O)(O)OP(=O)(O)O)[C@@H](O)[C@H]2O)c(=O)[nH]1.[H-].[H-].[Na+].[Na+],success,42,26,59.33,
5611,C=C=P(O)(O)OC[C@H]1O[C@@H](n2cnc3c(=O)[nH]c(N)nc32)C(O)C1O,success,277,258,257.06,
5612,O=c1[nH]cnc2c1ncn2[C@H]1C[C@@]2(O)C(O)[C@H]2O1,success,127,108,113.81,
5613,NC1NC(=O)c2ncn([C@H]3CC(N)[C@@H](CO)O3)c2N1,success,264,245,235.17,
5614,CP(=O)(OC[C@H]1O[C@@H](n2cnc3c(=O)[nH]c(N)nc32)[C@@H](O)[C@H]1O)OP(=O)(O)OP(=O)(O)O,success,80,64,96.53,
5615,COP(=O)(OC[C@H]1O[C@@H](n2cnc3c(=O)[nH]c(N)nc32)[C@@H](O)[C@H]1O)OP(=O)(O)OP(=O)(O)O,success,65,47,61.94,
5616,COP(=S)(OC[C@H]1O[C@@H](n2cnc3c(=O)[nH]c(N)nc32)[C@@H](O)[C@H]1O)OP(=O)(O)OP(=O)(O)O,success,61,43,56.47,
5617,CO[C@H]1[C@@H](O)[C@@H](COP(=O)(O)OP(=O)(O)OP(=O)(O)O)O[C@H]1n1cnc2c(=O)[nH]c(N)nc21,success,58,40,80.59,
5618,Nc1nc2c(ncn2[C@@H]2O[C@H](COP(O)(=S)OP(=O)(O)OP(=O)(O)O)[C@H](O)[C@@H]2O)c(=O)[nH]1,success,57,41,73.89,
5619,CC1(O)[C@@H](O)C(CO)O[C@H]1n1cnc2c(=O)[nH]c(N)nc21,success,366,347,318.08,
5620,Cn1c[n+]([C@@H]2O[C@H](COP(=O)(O)OP(=O)(O)O)C(O)C2O)c2nc(N)[nH]c(=O)c21,success,78,62,80.73,
5621,O=c1[nH]cnc2c1ncn2[C@H]1CC[C@@H](COP(O)(O)=S)O1,success,90,74,140.58,
5622,CN(C)C=Nc1nc2c(ncn2[C@@H]2O[C@H](CO)[C@H](O)[C@H]2O[Si](C)(C)C(C)(C)C)c(=O)[nH]1,success,42,26,38.82,
5623,Nc1nc2c(ncn2[C@@H]2O[C@H](COP(=O)(O)OP(O)O)C(OP(=O)(O)OP(=O)(O)O)C2O)c(=O)[nH]1,success,42,26,46.94,
5624,Nc1nc2c(ncn2[C@@H]2O[C@H](COP(=O)(O)OP(=O)(O)O)C(OP(=O)(O)OP(=O)(O)O)[C@@H]2O)c(=O)[nH]1,success,42,26,58.22,
5625,Nc1nc2c(ncn2[C@@H]2O[C@H](CO)[C@@H](O)[C@H]2O)c(=O)[nH]1.O=P(O)(O)Cl.O=P(O)(O)Cl.O=P(O)(O)Cl,success,42,26,45.33,
5626,Nc1nc2c(ncn2[C@@H]2O[C@H](CO)C(O)C2SS)c(=O)[nH]1,success,288,269,281.56,
5627,Nc1nc2c(ncn2[C@@H]2O[C@H](CO)C(O)[C@@H]2Br)c(=O)[nH]1,success,288,269,265.36,
5628,Nc1nc2c(ncn2[C@@H]2O[C@H](CO)C(O)C2S)c(=O)[nH]1,success,288,269,265.69,
5629,CN(C)C=Nc1nc2c(ncn2[C@@H]2O[C@@]3(CO)CO[C@H]2C3O)c(=O)[nH]1,success,308,290,299.3,
5630,Nc1nc2c(ncn2[C@@H]2O[C@H](COP(=O)(O)O)[C@@H](O)[C@H]2O)c(=O)[nH]1.[Au],success,42,26,38.7,
5631,COP(=O)(O)OP(=O)(OC)OP(=O)(OC)OC[C@H]1O[C@@H](n2cnc3c(=O)[nH]c(N)nc32)C(O)C1O,success,79,61,135.76,
5632,COC1C(O)[C@@H](CI)O[C@H]1n1cnc2c(=O)[nH]c(N)nc21,success,159,140,174.31,
5633,Nc1nc2c(ncn2[C@H]2CCC(C(O)CO)O2)c(=O)[nH]1,success,1191,1170,934.12,
5634,CC(C)CNc1nc2c(ncn2[C@@H]2O[C@H](CO)[C@@H](O)[C@H]2O)c(=O)[nH]1.O=P(O)(O)O.O=P(O)(O)O.O=P(O)(O)O,success,42,26,40.52,
5635,CC(C)(C)[Si](C)(C)OC1[C@@H](O)[C@H](n2cnc3c(=O)[nH]cnc32)O[C@@H]1COP=S,success,42,26,32.74,
5636,Nc1nc2c(ncn2[C@H]2CC(OC[P+](=O)O)[C@@H](CO)O2)c(=O)[nH]1,success,301,282,360.35,
5637,CC(C)C(=O)Nc1nc2c(ncn2[C@H]2C[C@@H](OCN)C(CO)O2)c(=O)[nH]1,success,1469,1448,2109.44,
5638,[N-]=[N+]=NCOC1C[C@H](n2cnc3c(=O)[nH]c(N)nc32)O[C@@H]1CO,success,108,91,105.01,
5639,COC1C(O)[C@@H](CN2CCOCC2)O[C@H]1n1cnc2c(=O)[nH]c(N=CN(C)C)nc21,success,42,26,28.76,
5640,O=c1[nH]c(=O)c2ncn([C@@H]3O[C@H](CO)C(O)C3O)c2[nH]1,success,245,226,258.22,
5641,NS(=O)(=O)OC[C@@H]1CC[C@H](n2cnc3c(=O)[nH]cnc32)O1,success,84,68,101.44,
5642,N.[N-]=[N+]=NCCOP(=O)(O)OC[C@H]1O[C@@H](n2cnc3c(=O)[nH]c(N)nc32)[C@H](O)[C@@H]1O,success,42,26,39.06,
5643,Cn1c[n+]([C@@H]2O[C@H](COP(=O)([O-])NCCN=[N+]=[N-])C(O)C2O)c2nc(N)[nH]c(=O)c21,success,227,210,197.37,
5644,[N-]=[N+]=NCCNP(=O)(O)OC[C@H]1O[C@@H](n2cnc3c(=O)[nH]c(N)nc32)C(O)C1O,success,186,169,132.58,
5645,C#CP(=O)(O)OP(=O)(O)OC[C@H]1O[C@@H](n2cnc3c(=O)[nH]c(N)nc32)C(O)C1O,success,103,87,111.22,
5646,[N-]=[N+]=NCCOP(=O)(O)OC[C@H]1O[C@@H](n2cnc3c(=O)[nH]c(N)nc32)C(O)C1O,success,170,152,153.56,
5647,COC[C@@]1(CO)O[C@@H](n2cnc3c(=O)[nH]c(N)nc32)C[C@H]1OC,success,678,659,482.84,
5648,CC(C)(C)[Si](C)(C)OC1C(CO)OC(n2cnc3c(=O)[nH]cnc32)C1O[Si](C)(C)C(C)(C)C,success,42,26,34.02,
5649,CCCNP(=O)(OC)OC[C@H]1O[C@@H]([n+]2cn(C)c3c(=O)[nH]c(N)nc32)C(O)C1O,success,714,692,937.4,
5650,CCCNP(=O)(OC)OC[C@H]1O[C@@H](n2cnc3c(=O)[nH]c(N)nc32)C(O)C1O,success,959,937,1409.62,
5651,CCCOP(=O)(OC)OP(=O)(OC)OC[C@H]1O[C@@H](n2cnc3c(=O)[nH]c(N)nc32)C(O)C1O,success,194,174,189.61,
5652,CCCOP(=O)(OC)OC[C@H]1O[C@@H](n2cnc3c(=O)[nH]c(N)nc32)C(O)C1O,success,857,835,1375.04,
5653,CCCNP(=O)(OC)OP(=O)(OC)OC[C@H]1O[C@@H](n2cnc3c(=O)[nH]c(N)nc32)C(O)C1O,success,215,195,145.7,
5654,CCCNP(=O)(O)OC[C@H]1O[C@@H](n2cnc3c(=O)[nH]c(N)nc32)C(O)C1O,success,1244,1221,1937.91,
5655,CN[C@H]1[C@@H](O)[C@H](n2cnc3c(=O)[nH]c(N)nc32)O[C@@H]1COC,success,352,333,295.7,
5656,COC[C@H]1O[C@@H](n2cnc3c(=O)[nH]c(N)nc32)[C@H](O)[C@@H]1NP(=O)(O)O,success,269,250,297.2,
5657,Nc1nc2c(ncn2[C@H]2C[C@@H](O)C(COPO)O2)c(=O)[nH]1,success,243,224,260.71,
5658,N.N.N.N.Nc1nc2c(ncn2[C@@H]2O[C@H](CO)[C@@H](O)[C@H]2O)c(=O)[nH]1.O=P(O)(O)OP(=O)(O)O,success,42,26,55.42,
5659,N.N.N.Nc1nc2c(ncn2[C@@H]2O[C@H](COP(=O)(O)OP(=O)(O)O)[C@@H](O)[C@H]2O)c(=O)[nH]1,success,42,26,35.82,
5660,Cn1c[n+]([C@@H]2O[C@H](COP(=O)([O-])OP(=O)(O)O)[C@@H](O)[C@H]2O)c2nc(N)[nH]c(=O)c21.N.N,success,42,26,55.95,
5661,Cn1c[n+]([C@@H]2O[C@H](COP(=O)(O)OP(=O)([O-])OP(=O)(O)O)[C@@H](O)[C@H]2O)c2nc(N)[nH]c(=O)c21.N.N.N,success,42,26,43.07,
5662,NCCCCCCNP(=O)(O)OP(=O)(O)OP(=O)(O)OC[C@H]1O[C@@H](n2cnc3c(=O)[nH]cnc32)[C@H](O)[C@@H]1O,success,361,345,202.61,
5663,O=c1[nH]cnc2c1ncn2[C@@H]1O[C@H](CO)[C@H](O)CC1O,success,376,357,295.87,
5664,COC[C@H]1O[C@@H](n2cnc3c(=O)[nH]c(N)nc32)[C@@H](C)[C@@H]1O,success,266,247,243.89,
5665,CN(C)C=Nc1nc2c(ncn2[C@H]2C[C@@H](O)C(CO)O2)c(=O)[nH]1,failed,324,305,339.07,min() arg is an empty sequence
5666,O=P([O-])([O-])OP(=O)(O)O.O=c1[nH]cnc2c1ncn2[C@@H]1O[C@H](CO)[C@@H](O)[C@H]1O.[Na+].[Na+],success,42,26,53.83,
5667,O=c1[nH]cnc2c1ncn2[C@@H]1O[C@H](COP(=O)(O)OP(=O)(O)O)[C@@H](O)[C@H]1O.[H-].[H-].[Na+].[Na+],success,42,26,35.6,
5668,CNc1nc2c(ncn2C2O[C@H](COC)C(OI)C2OC)c(=O)[nH]1,success,153,134,168.76,
5669,O=c1ncn(I)c2c1ncn2[C@H]1CC[C@@H](CO)O1,success,133,114,205.1,
5670,CO[C@@H]1[C@@H](O)[C@H](n2cnc3c(=O)[nH]c(NC(=O)C(C)C)nc32)O[C@@H]1CO,success,1306,1284,1766.84,
5671,CO[C@H]1[C@@H](O)[C@H](n2cnc3c(=O)[nH]c(NC(=O)C(C)C)nc32)O[C@@H]1CN,success,988,966,1207.07,
5672,CC(C)C(=O)Nc1nc2c(ncn2C2O[C@H](CO)C[C@H]2O)c(=O)[nH]1,success,2424,2402,3227.43,
5673,COC[C@H]1O[C@@H](n2cnc3c(=O)[nH]c(N)nc32)C(O)C1OP(C)(=O)O,success,251,232,268.15,
5674,C=C(C)COC1C(O)[C@@H](CO)O[C@H]1n1cnc2c(=O)[nH]c(N)nc21,success,1258,1238,960.71,
5675,CCC1O[C@@H]([n+]2cn(C)c3c(=O)[nH]c(N)nc32)C[C@H]1O,success,691,669,494.88,
5676,Nc1nc2c(ncn2[C@H]2C[C@@H](O)C(CO)O2)c(=O)[nH]1,success,287,268,247.88,
5677,CO[C@H]1C(CO)O[C@@H](n2cnc3c(=O)[nH]c(N)nc32)[C@H]1O,success,316,297,275.63,
5678,O=c1[nH]c(NO)nc2c1ncn2[C@@H]1O[C@H](COP)C(O)C1O,success,250,231,232.89,
5679,CC=Nc1c(C(=O)NCCC)ncn1[C@H]1CCC(CO)O1,success,4070,4048,4880.68,
5680,COC1C(O)C(n2cnc3c(=O)[nH]c(N)nc32)O[C@@H]1CO,success,336,317,314.42,
5681,CN(C)C=Nc1nc2c(ncn2[C@@H]2O[C@H](CO)C(O)C2O)c(=O)n1C,success,223,205,311.01,
5682,C[C@@H](O)[C@H]1O[C@@H](n2cnc3c(=O)[nH]c(N)nc32)C(O)C1O,success,990,968,837.66,
5683,C[C@H](O)[C@H]1O[C@@H](n2cnc3c(=O)[nH]c(N)nc32)C(O)C1O,success,990,968,768.34,
5684,O=c1[nH]cnc2c1ncn2[C@@H]1O[C@H](COP(=O)(O)OP(=O)(O)O)[C@H](O)[C@@H]1O,success,71,55,91.48,
5685,CNc1nc2c(=O)[nH]c(N)nc2n1[C@H]1CC[C@@H](CO)O1,success,272,253,256.94,
5686,Nc1nc2c(ncn2C2O[C@H](CO)[C@H](O)[C@@H]2O)c(=O)[nH]1,success,361,342,322.61,
5687,COCCOC1C(O)[C@@H](CN)O[C@H]1n1cnc2c(=O)[nH]c(NC(=O)C(C)C)nc21,success,362,341,204.65,
5688,O=c1[nH]cnc2c1ncn2[C@H]1C[C@@H](O)C(COP(O)(O)=S)O1,success,168,149,203.06,
5689,Nc1nc2c(ncn2[C@H]2C[C@@H](O)C(COP(O)(O)=S)O2)c(=O)[nH]1,success,220,201,277.86,
5690,O=c1[nH]cnc2c1ncn2[C@@H]1O[C@H](COP(=O)(O)N2CCOCC2)[C@H](O)[C@@H]1O,success,99,81,141.02,
5691,CC(C)OP(=O)(O)OC[C@H]1O[C@@H](n2cnc3c(=O)[nH]c(N)nc32)CC1O,success,657,636,789.35,
5692,CSOC1C(N)[C@H](n2cnc3c(=O)[nH]c(N)nc32)O[C@@H]1CO,success,313,294,373.2,
5693,CNc1nc2c(ncn2[C@H]2CC(OI)[C@@H](COC)O2)c(=O)[nH]1,success,168,149,171.89,
5694,CNc1nc2c(ncn2[C@@H]2O[C@H](COC)C(OI)C2OC)c(=O)[nH]1,success,153,134,184.99,
5695,CNc1nc2c(ncn2[C@@H]2O[C@H](COC)C(OI)C2O)c(=O)[nH]1,success,216,197,256.66,
5696,C[C@H]1O[C@@H](n2cnc3c(=O)[nH]c(N)nc32)C(O)[C@@H]1O,success,183,164,156.81,
5697,NCCCCCCO[C@H]1[C@@H](O)[C@@H](CO)O[C@H]1n1cnc2c(=O)[nH]c(N)nc21,success,302,283,116.29,
5698,CC(OCCN=[N+]=[N-])C1(O)C(O)Nc2nc3c(ncn3[C@@H]3O[C@H](CO)C(O)C3O)c(=O)n21,success,203,183,124.1,
5699,NCCCCCNP(=O)(O)OP(=O)(O)OP(=O)(O)OC[C@H]1O[C@@H](n2cnc3c(=O)[nH]c(N)nc32)C(O)C1O,success,295,279,166.28,
5700,O=c1[nH]c(=O)c2ncn([C@H]3C[C@@H](O)C(CO)O3)c2[nH]1,success,207,188,250.12,
5701,Nc1nc2c(ncn2[C@@H]2O[C@H](COP(=O)(O)OP(=O)(O)NP(=O)(O)O)C(O)C2O)c(=O)[nH]1,success,84,68,109.92,
5702,C=Cc1nc2c(=O)[nH]c(N)nc2n1[C@@H]1O[C@H](CO)C(O)C1O,success,376,357,334.41,
5703,Nc1nc2c(ncn2[C@@H]2O[C@@]3(CO)COC2C3O)c(=O)[nH]1,failed,335,316,294.7,min() arg is an empty sequence
5704,COC1C(O)[C@H](n2cnc3c(=O)[nH]c(N)nc32)O[C@@H]1[C@@H](C)O,success,982,960,716.16,
5705,CCOC1(n2cnc3c(=O)[nH]c(N)nc32)CO[C@H](CO)C1O,success,856,834,754.87,
5706,CO[C@H](CO)[C@H](O)[C@H](O)Cn1cnc2c(=O)[nH]c(NC(=O)C(C)C)nc21,success,4847,4825,6560.59,
5707,CCCOC1C(O[P+](=O)O)[C@@H](CO)O[C@H]1n1cnc2c(=O)[nH]c(N)nc21,success,1056,1033,1647.38,
5708,CCCCCCCCCCCCCCCCCCCCCCOC1C(O)[C@@H](CO)O[C@H]1n1cnc2c(=O)[nH]c(N)nc21,success,42,26,34.3,
5709,COC1C(O)[C@H](n2cnc3c(=O)[nH]c(N)nc32)O[C@@H]1COP(=O)(O)OC,success,202,184,283.69,
5710,CC(C)(C)OC1C[C@H](n2cnc3c(=O)[nH]c(N)nc32)OC1CO,success,607,587,529.3,
5711,Nc1nc2c(ncn2[C@@H]2O[C@H](CO)C(O)C2I)c(=O)[nH]1,success,288,269,251.01,
5712,CCSSC1C(O)[C@@H](CO)O[C@H]1n1cnc2c(=O)[nH]c(N)nc21,success,1312,1291,931.56,
5713,CCCSSC1C(O)[C@@H](CO)O[C@H]1n1cnc2c(=O)[nH]c(N)nc21,success,1925,1903,1451.02,
5714,CC(=O)Nc1nc2c(ncn2[C@H]2C[C@@H](OCN=[N+]=[N-])[C@@H](CO)O2)c(=O)[nH]1,success,165,147,113.95,
5715,O=c1[nH]cnc2c1ncn2[C@@H]1O[C@H](COP(=O)(O)O)[C@@H](O)[C@H]1O.[H-].[H-].[Na+].[Na+],success,42,26,34.13,
5716,COC[C@H]1O[C@@H](n2cnc3c(=O)[nH]c(N)nc32)C(OC)[C@H]1OC,success,175,156,183.8,
5717,O=c1[nH]cnc2c1ncn2[C@@H]1O[C@]2(CO)CC2[C@@H]1O,success,277,258,311.33,
5718,CC[C@H]1OC(n2cnc3c(=O)[nH]c(N)nc32)[C@@H](O)C1O,success,699,678,580.05,
5719,NN=Nc1nc2c(ncn2[C@H]2CC(O)[C@@H](CO)O2)c(=O)[nH]1,success,42,26,26.77,
5720,CCOC1C(O)[C@@](C)(CO)O[C@H]1n1cnc2c(=O)[nH]c(N)nc21,success,939,917,760.26,
5721,C#CCCOC1C(O)[C@@H](CO)O[C@H]1n1cnc2c(=O)[nH]c(N)nc21,success,858,839,668.32,
5722,COCCOC1C(O)[C@@H](CN=[N+]=[N-])O[C@H]1n1cnc2c(=O)[nH]c(N)nc21,success,94,76,66.79,
5723,O=c1[nH]cnc2c1ncn2[C@H]1C[C@@H](O)C(CO)O1,success,234,215,199.48,
5724,C#CCOC1C(O[P+](=O)O)[C@@H](CO)O[C@H]1n1cnc2c(=O)[nH]c(N)nc21,success,515,496,659.9,
5725,COCCOC1[C@@H](COP(=O)(O)O)O[C@@H](n2cnc3c(=O)[nH]c(N)nc32)[C@H]1O,success,189,171,122.89,
5726,Nc1nc2c(ncn2[C@H]2C[C@@H](O)C(COP=O)O2)c(=O)n1I,success,194,175,277.64,
5727,CSCOC1C[C@H](n2cnc3c(=O)[nH]c(N=CN(C)C)nc32)O[C@@H]1CO,success,306,289,330.16,
5728,CN(C)C=Nc1nc2c(ncn2[C@H]2CC(OCCl)[C@@H](CO)O2)c(=O)[nH]1,success,306,288,372.68,
5729,CC(C)C(=O)Nc1nc2c(ncn2[C@@H]2O[C@H](C)C[C@H]2O)c(=O)[nH]1,success,1335,1314,1763.38,
5730,CO[C@H]1[C@@H](O)[C@@H](CO)O[C@H]1n1cnc2c(=O)n(C)cnc21,success,260,241,347.08,
5731,[B]C([B])(O)C1OC(n2cnc3c(=O)[nH]c(NC(=O)C(C)C)nc32)C(OC)C1O,success,42,26,63.56,
5732,COCC1O[C@@H](n2cnc3c(=O)[nH]cnc32)C[C@H]1O,success,178,159,166.53,
5733,O=c1[nH]cnc2c1ncn2[C@@H]1OC(COP(=O)(O)O)[C@@H](O)[C@H]1O,success,118,100,212.65,
5734,NC(CC[Se]C[C@H]1O[C@@H](n2cnc3c(=O)[nH]cnc32)[C@H](O)[C@@H]1O)C(=O)O,success,5042,5024,11419.98,
5735,Nc1nc2c(ncn2[C@@H]2O[C@H](C(O)CO)[C@@H](O)[C@H]2O)c(=O)[nH]1,success,1383,1362,1107.82,
5736,CCCCNC(=O)C(C)Nc1nc2c(ncn2[C@@H]2O[C@H](COP(=O)(O)O)C(O)C2O)c(=O)[nH]1,success,282,263,134.36,
5737,Nc1nc2c(ncn2[C@]2(O)[C@@H](O)CO[C@@H]2CO)c(=O)[nH]1,success,319,300,361.8,
5738,CCN(CC)CC.Nc1nc2c(ncn2[C@@H]2O[C@H](CO)[C@@H](O)[C@H]2O)c(=O)[nH]1.O=P(O)(O)OP(=O)(O)O,success,42,26,40.26,
5739,CCN(CC)CC.Nc1nc2c(ncn2[C@@H]2O[C@H](CO)[C@@H](O)[C@H]2O)c(=O)[nH]1.O=P(O)(O)O,success,42,26,52.52,
5740,C[C@H]1O[C@@H](n2cnc3c(=O)[nH]c(N)nc32)[C@H](O)[C@@H]1O.[H-].[H-].[H-].[Na+].[Na+].[Na+],success,42,26,30.76,
5741,CC(C)(C)[Si](C)(C)OC1C[C@H](n2cnc3c(=O)[nH]cnc32)O[C@@H]1CO,success,42,26,42.41,
5742,CCCOOCC1OC(n2cnc3c(=O)[nH]cnc32)C(O)C1O,success,1345,1322,1208.41,
5743,COCC1OC(n2cnc3c(=O)[nH]c(N)nc32)C(OC)C1OC,success,190,171,190.81,
5744,COCCOC1C(OC)C(COC(C)C)OC1n1cnc2c(=O)[nH]c(N)nc21,success,248,228,118.15,
5745,CC(C)OC[C@@H]1O[C@H](n2cnc3c(=O)[nH]c(N)nc32)C(O)C1OC(C)C,success,212,194,130.79,
5746,C[N+](C)(C)CCO.O=c1[nH]c(=O)c2ncn([C@@H]3O[C@H](CO)[C@@H](O)[C@H]3O)c2[nH]1,success,42,26,56.13,
5747,O.O=c1[nH]cnc2c1ncn2[C@@H]1O[C@H](CO)C[C@H]1F,success,42,26,34.65,
5748,C[N+](C)(C)CCOn1c(=O)[nH]c2c(ncn2[C@@H]2O[C@H](CO)[C@@H](O)[C@H]2O)c1=O,success,338,320,414.52,
5749,Nc1nc2c(ncn2[C@@H]2O[C@H](COP(=O)(OP)OP)[C@@H](O)[C@H]2O)c(=O)[nH]1,success,189,171,249.78,
5750,O=c1[nH]c(=O)c2ncn([C@@H]3O[C@H](CO)[C@@H](O)[C@H]3O)c2[nH]1.[H-].[Na+],success,42,26,46.46,
5751,NC(=O)NOP(=O)(OC[C@H]1O[C@@H](n2cnc3c(=O)[nH]c(N)nc32)[C@H](O)[C@@H]1O)OP(=O)(O)OP(=O)(O)O,success,42,26,41.31,
5752,NC(N)=O.Nc1nc2c(ncn2[C@@H]2O[C@H](COP(=O)(O)OP(=O)(O)OP(=O)(O)O)[C@@H](O)[C@H]2O)c(=O)[nH]1,success,42,26,68.15,
5753,O=c1[nH]cnc2c1ncn2[C@@H](CO)OC(CO)CO,success,1948,1927,1416.45,
5754,O=c1[nH]cnc2c1ncn2C1CO[C@H](CO)[C@H]1O,success,234,215,200.95,
5755,COCCOC1C(O)[C@H](n2cnc(C(N)=O)c2N=C(C)N)O[C@@H]1CO,success,3252,3232,4018.04,
5756,CNc1nc2c(ncn2[C@@H]2O[C@H](CO)C[C@H]2OCCOC)c(=O)n1C,success,640,622,613.14,
5757,C/N=C/Nc1nc2c(ncn2C2OC(CO)C(O)C2OCCC(=O)NC)c(=O)[nH]1,success,464,445,240.26,
5758,CNC(=O)CCO[C@H]1C(O)[C@@H](CO)O[C@H]1n1cnc2c(=O)[nH]c(N)nc21,success,2143,2123,2874.29,
5759,F.Nc1nc2c(ncn2[C@@H]2O[C@H](CO)[C@@H](O)[C@H]2O)c(=O)[nH]1,success,42,26,25.82,
5760,Nc1nc2c(ncn2[C@@H]2O[C@H](CO)[C@@H](O)[C@H]2O)c(=O)[nH]1.O=S(=O)(O)O,success,42,26,44.77,
5761,CCCCO[C@]1(C)[C@H](O)[C@@H](CO)O[C@@]1(C)n1cnc2c(=O)[nH]cnc21,success,159,138,64.17,
5762,O=c1[nH]cnc2c1ncn2[C@]1(Cl)O[C@H](CO)[C@@H](O)[C@]1(O)Cl,success,251,232,232.64,
5763,C[C@@]1(n2cnc3c(=O)[nH]c(N)nc32)O[C@H](CO)[C@@H](O)[C@H]1O.OCCCO,success,42,26,42.08,
5764,O=c1[nH]cnc2c1ncn2[C@@H]1O[C@H](COP(=O)(OP(=O)(O)O)OP(=O)(OP(=O)(O)O)OP(=O)(O)O)[C@@H](O)[C@H]1O,success,42,26,54.0,
5765,O=P(O)(O)OP(=O)(O)O.O=c1[nH]cnc2c1ncn2[C@@H]1O[C@H](COP(=O)(O)OP(=O)(O)OP(=O)(O)O)[C@@H](O)[C@H]1O,success,42,26,70.14,
5766,O=c1[nH]cnc2c1ncn2[C@@H]1O[C@H](CO)[C@@H](O)[C@H]1O.OCC(O)C(O)C(O)CO,success,42,26,50.02,
5767,O=C(CO)C(O)C(O)C(O)CO.O=c1[nH]cnc2c1ncn2[C@@H]1O[C@H](CO)[C@@H](O)[C@H]1O,success,42,26,39.08,
5768,C.Nc1nc2c(ncn2[C@H]2C[C@H](O)[C@@H](CO)O2)c(=O)[nH]1,success,42,26,41.01,
5769,NC1=NC(=O)C2=NC=[N+]([C@@H]3O[C@H](CO)[C@@H](O)[C@H]3O)C2=N1.Nc1nc2c(ncn2[C@@H]2O[C@H](CO)[C@@H](O)[C@H]2O)c(=O)[nH]1,success,42,26,47.81,
5770,O=P(O)(O)OP(=O)(O)OP(=O)(O)O.O=c1[nH]cnc2c1ncn2[C@@H]1O[C@H](CO)[C@@H](O)[C@H]1O,success,42,26,35.31,
5771,F.O=c1[nH]cnc2c1ncn2[C@@H]1O[C@H](CO)[C@@H](O)[C@H]1O,success,42,26,25.54,
5772,O=c1[nH]c(C2=CC=CC=CN2)nc2c1ncn2[C@@H]1O[C@H](CO)[C@@H](O)[C@H]1O,success,42,26,26.4,
5773,O=c1[nH]cnc2c1ncn2C(O)[C@H]1OC(I)C[C@@H]1O,success,185,166,179.38,
5774,NNC(=O)n1c(N)nc2c(ncn2[C@@H]2O[C@H](CO)[C@@H](O)[C@H]2O)c1=O,success,98,82,66.48,
5775,O=c1[nH]cnc2c1ncn2C(O)[C@H]1OCC[C@@H]1O,success,185,166,161.87,
5776,O=CC(O)C(O)C(O)CO.O=c1[nH]cnc2c1ncn2[C@@H]1O[C@H](CO)[C@@H](O)[C@H]1O,success,42,26,60.73,
5777,O=c1[nH]cnc2c1ncn2[C@@H]1O[C@H](CO)[C@@H](O)[C@H]1O.[Cl-].[Na+],success,42,26,34.22,
5778,CO[C@]1(n2cnc3c(=O)[nH]c(N)nc32)CC[C@@H](CO)O1,success,257,238,223.51,
5779,Nc1nc2c(ncn2[C@@H]2O[C@H](COP(=O)(OC=O)OC=O)[C@@H](O)[C@H]2O)c(=O)[nH]1,success,120,102,108.37,
5780,O=CCO.O=c1[nH]cnc2c1ncn2[C@@H]1O[C@H](CO)[C@@H](O)[C@H]1O,success,495,477,308.09,
5781,Nc1nc2c(ncn2[C@]2(O)C[C@H](O)[C@@H](CO)O2)c(=O)[nH]1,success,447,428,420.72,
5782,O=c1[nH]cnc2c1ncn2C(O)(I)[C@H]1OCC[C@@H]1O,success,164,145,157.65,
5783,C1CNCCN1.Nc1nc2c(ncn2[C@@H]2O[C@H](CO)[C@@H](O)[C@H]2O)c(=O)[nH]1,success,42,26,27.62,
5784,Nc1nc2c(ncn2[C@@H]2O[C@H](CO)[C@@H](O)[C@H]2O)c(=O)[nH]1.O=P(O)(O)OP(=O)(O)O.O=P(O)(O)OP(=O)(O)O.O=P(O)(O)OP(=O)(O)O,success,42,26,53.18,
5785,O=c1[nH]cnc2c1ncn2[C@H](O)[C@H]1O[C@@H](n2cnc3c(=O)[nH]cnc32)[C@H](O)[C@@H]1O,success,42,26,43.41,
5786,CC(=O)CCCn1c(N)nc2c(ncn2[C@@H]2O[C@H](CO)[C@@H](O)[C@H]2O)c1=O,success,2953,2930,3309.78,
5787,O=c1[nH]cnc2c1ncn2[C@@H]1O[C@H](COP(=O)(O)OP(=O)(O)O)[C@@H](O)[C@H]1O.OO,success,72,56,89.9,
5788,CO[C@@H]1[C@H](O)[C@@H](C(=O)O)O[C@H]1n1cnc2c(=O)[nH]cnc21,success,421,402,457.28,
5789,Nc1nc2c(ncn2[C@@H]2O[C@H](CO)[C@@H](O)[C@H]2O)c(=O)[nH]1.O=CCC(O)C(O)CO,success,89,71,71.19,
5790,Nc1nc2c(ncn2[C@@H]2O[C@H](COP(=O)(OP(=O)(O)OP(=O)(O)O)OP(=O)(O)OP(=O)(O)OP(=O)(O)O)[C@@H](O)[C@H]2O)c(=O)[nH]1,success,42,26,77.34,
5791,Nc1nc2c(ncn2[C@@H]2O[C@H](COP(=O)(O)OP(=O)(O)O)[C@@H](O)[C@H]2O)c(=O)[nH]1.O=P(O)(O)OP(=O)(O)OP(=O)(O)OP(=O)(O)O,success,42,26,66.36,
5792,Nc1nc(=O)c2ncn([C@@H]3O[C@H](CO)[C@@H](O)[C@H]3O)c2[n-]1.[Pt],success,42,26,26.03,
5793,O=c1[nH]cnc2c1ncn2[C@@H]1O[C@H](COP(=O)(O)OP(=O)(O)OP(=O)(O)OP(=O)(O)O)[C@@H](O)[C@H]1O.[H-].[Na+],success,42,26,40.22,
5794,O=P([O-])([O-])OP(=O)([O-])OP(=O)([O-])OP(=O)([O-])[O-].O=c1[nH]cnc2c1ncn2[C@@H]1O[C@H](CO)[C@@H](O)[C@H]1O.[Na+].[Na+].[Na+].[Na+].[Na+].[Na+],success,42,26,44.45,
5795,NOP(=O)(O[P+](=O)OC[C@H]1O[C@@H](n2cnc3c(=O)[nH]c(N)nc32)[C@H](O)[C@@H]1O)OP(=O)(O)O.[H-].[Na+],success,42,26,41.76,
5796,O=c1[nH]cnc2c1ncn2C1C[C@H](O)[C@@H](C(O)I)O1,success,205,186,261.33,
5797,Nc1nc2c(ncn2[C@@H]2O[C@H](CO[P+](=O)OP(=O)(O)O)[C@@H](O)[C@H]2O)c(=O)[nH]1,success,97,81,80.97,
5798,Nc1nc(=O)c2ncn([C@@H]3O[C@H](CO)[C@@H](O)[C@H]3O)c2n1P(=O)(O)O,success,132,114,170.47,
5799,Nc1nc2c(ncn2[C@@H]2O[C@H](COCC(O)CO)[C@@H](O)[C@H]2O)c(=O)[nH]1,success,1835,1814,1650.99,
5800,O=c1[nH]cnc2c1ncn2[C@]1(C2CNCCO2)O[C@H](CO)[C@@H](O)[C@H]1O,success,114,96,101.81,
5801,O=c1[nH]cnc2c1ncn2[C@@H]1O[C@H](CO)[C@@H](O)[C@H]1O.OP(O)O,success,52,36,65.13,
5802,O=c1[nH]cnc2c1ncn2[C@@H]1O[C@H]([C@H](O)P(=O)(O)O)[C@@H](O)[C@H]1O,success,81,63,123.5,
5803,O=c1[nH]cnc2c1ncn2[C@@H]1O[C@H](C(O)P(=O)(O)O)[C@@H](O)[C@H]1O,success,103,85,168.16,
5804,Nc1nc2c(ncn2C2OC(COP(=O)(O)OP(=O)(O)OP(=O)([O-])[O-])C(O)C2O)c(=O)[nH]1.[Na+].[Na+],success,42,26,57.36,
5805,Nc1nc(=O)c2ncn([C@@H]3O[C@H](CO)[C@@H](O)[C@H]3O)c2n1CCC(N)C(=O)O,success,4058,4040,6563.6,
5806,Nc1nc2c(ncn2[C@@H]2O[C@H](COP(=O)(O)O)[C@@H](O)[C@H]2O)c(=O)[nH]1.[H-].[H-].[K+].[K+],success,42,26,53.22,
5807,NC(=O)OP(=O)(OC[C@H]1O[C@@H](n2cnc3c(=O)[nH]c(N)nc32)[C@H](O)[C@@H]1O)OC(N)=O,success,133,117,122.61,
5808,C1CNCCNC1.Nc1nc2c(ncn2[C@@H]2O[C@H](CO)[C@@H](O)[C@H]2O)c(=O)[nH]1,success,42,26,42.46,
5809,CC(=O)OO[C@@H]1[C@@H](OOC(C)=O)[C@@H](CO)O[C@H]1n1cnc2c(=O)[nH]c(NC(=O)C(C)C)nc21,success,42,26,51.6,
5810,Nc1nc2c(ncn2[C@@H]2O[C@H](COP(O)(=S)OP(O)(O)=S)[C@@H](O)[C@H]2O)c(=O)[nH]1,success,95,79,98.5,
5811,CN(C)C=O.Nc1nc2c(ncn2[C@@H]2O[C@H](COP(N)O)[C@@H](O)[C@H]2O)c(=O)[nH]1,success,42,26,52.59,
5812,NC(=O)c1[nH]cnc1N.O=c1[nH]cnc2c1ncn2[C@@H]1O[C@H](CO)[C@@H](O)[C@H]1O,success,42,26,54.96,
5813,Nc1nc2c(ncn2[C@@H]2O[C@H](COP(=O)(O)OP(=O)(O)OP(=O)(O)O)[C@@H](O)[C@H]2O)c(=O)[nH]1.[H-].[H-].[H-].[Na+].[Na+].[Na+],success,42,26,62.23,
5814,N.Nc1nc2c(ncn2[C@@H]2O[C@H](COP(=O)(O)OP(=O)(O)OP(=O)(O)OP(=O)(O)OP(=O)(O)O)[C@@H](O)[C@H]2O)c(=O)[nH]1,success,42,26,44.25,
5815,C=CC.Nc1nc2c(ncn2[C@@H]2O[C@H](CO)[C@@H](O)[C@H]2O)c(=O)[nH]1.O,success,42,26,42.6,
5816,O=c1[nH]cnc2c1ncn2[C@@H]1O[C@H](COP(=O)(O)OP(=O)(O)OP(=O)(O)O)[C@@H](O)[C@H]1O.[H-].[H-].[Na+].[Na+],success,42,26,58.41,
5817,O=c1[nH]cnc2c1ncn2[C@@]1(S(=O)(=O)O)C[C@H](O)[C@@H](CO)O1,success,188,169,193.56,
5818,O=c1[nH]c(=O)c2ncn([C@@H]3O[C@H](CO)[C@@H](O)[C@H]3O)c2[nH]1.[H-].[H-].[Na+].[Na+],success,42,26,44.39,
5819,CCCN.O=c1[nH]cnc2c1ncn2[C@@H]1O[C@H](CO)[C@@H](O)[C@H]1O,success,106,90,78.6,
5820,Nc1nc2c(ncn2[C@@H]2O[C@H](COP(=O)(O)OP(=O)(O)OP(=O)(O)O)[C@@H](O)[C@H]2O)c(=O)[nH]1.O.O,success,42,26,38.57,
5821,Nc1nc2c(ncn2[C@H]2C[C@H](O)[C@@H](C(O)P(=O)(O)O)O2)c(=O)[nH]1,success,225,206,243.82,
5822,CC[C@@]1(n2cnc3c(=O)[nH]cnc32)O[C@H](CO)[C@@H](O)[C@]1(O)OC,success,1049,1027,733.28,
5823,Nc1nc2c(ncn2[C@@H]2O[C@H](COP(=O)(O)O)[C@@H](O)[C@H]2O)c(=O)[nH]1.[H-].[K+],success,42,26,52.82,
5824,O=c1[nH]cnc2c1ncn2[C@@H]1O[C@H](C(O)(P(=O)(O)O)P(=O)(O)O)[C@@H](O)[C@H]1O,success,42,26,36.53,
5825,O=c1[nH]cnc2c1ncn2[C@]1(P(=O)(O)O)O[C@H](CO)[C@@H](O)[C@]1(O)P(=O)(O)O,success,42,26,40.55,
5826,COP(=O)(OC[C@H]1O[C@@H](n2cnc3c(=O)[nH]c(N)nc32)[C@H](O)[C@@H]1O)OP(=O)(O)OP(=O)(O)O,success,65,47,60.14,
5827,N.O=c1[nH]c(=O)c2ncn([C@@H]3O[C@H](CO)[C@@H](O)[C@H]3O)c2[nH]1,success,77,61,78.35,
5828,CC(C)CC[C@@H](O)[C@H]1O[C@@H](n2cnc3c(=O)[nH]cnc32)[C@H](O)[C@@H]1O,success,1182,1162,1028.09,
5829,CCCCCO[C@@]1(n2cnc3c(=O)[nH]cnc32)O[C@H](CO)[C@@H](O)[C@H]1O,success,1004,983,809.78,
5830,O=c1[nH]cnc2c1ncn2[C@@H]1O[C@H](CO)[C@@](O)(P(=O)(O)O)[C@@H]1O,success,115,97,140.92,
5831,O=c1[nH]cnc2c1ncn2[C@@H]1O[C@H](CO)[C@](O)(P(=O)(O)O)[C@H]1O,success,115,97,155.9,
5832,O=c1[nH]c(=O)c2[nH]c(=O)[nH]c2[nH]1.O=c1[nH]cnc2c1ncn2[C@@H]1O[C@H](CO)[C@@H](O)[C@H]1O,success,42,26,31.65,
5833,Nc1nc2c(ncn2[C@@H]2O[C@H](CO)[C@@H](O)[C@H]2O)c(=O)[nH]1.[H-].[K+],success,42,26,32.58,
5834,C[C@@]1(n2cnc3c(=O)[nH]c(N)nc32)O[C@H](CO)[C@@H](O)[C@H]1O.O,success,42,26,40.81,
5835,Nc1nc2c(ncn2[C@@H]2O[C@H](COP(=O)(OP(=O)(O)O)OP(=O)(O)OP(=O)(O)O)[C@@H](O)[C@H]2O)c(=O)[nH]1,success,42,26,61.79,
5836,Nc1nc2c(ncn2[C@@H]2O[C@H](COP(=O)(O)O)[C@@H](O)[C@H]2O)c(=O)[nH]1.[Ca+2].[H-].[H-],success,42,26,48.43,
5837,O=C(O)[C@@H]1CCCN1.O=c1[nH]cnc2c1ncn2[C@@H]1O[C@H](CO)[C@@H](O)[C@H]1O,success,291,275,271.18,
5838,F.Nc1nc2c(ncn2[C@H]2C[C@H](O)[C@@H](CO)O2)c(=O)[nH]1,success,42,26,39.81,
5839,O=CCC(O)C(O)CO.O=c1[nH]cnc2c1ncn2[C@@H]1O[C@H](CO)[C@@H](O)[C@H]1O,success,42,26,56.06,
5840,Nc1nc2c(ncn2[C@@H]2O[C@H](COP(=O)(OP(=O)(O)OP(=O)(O)O)OP(=O)(O)OP(=O)(O)O)[C@@H](O)[C@H]2O)c(=O)[nH]1,success,42,26,42.9,
5841,Nc1nc2c(ncn2[C@@H]2O[C@H](CO)[C@@H](O)[C@H]2O)c(=O)[nH]1.[PbH2],success,42,26,25.84,
5842,O=[P+](O)O[P+](=O)O.O=c1[nH]cnc2c1ncn2[C@H]1C[C@H](O)[C@@H](CO)O1,success,71,55,84.4,
5843,COC1[C@H](n2cnc3c(=O)[nH]c(N)nc32)O[C@H](CO)[C@H]1O,success,335,316,301.09,
5844,CS(C)=O.Nc1nc2c(ncn2[C@H]2C[C@H](O)[C@@H](CO)O2)c(=O)[nH]1,success,42,26,42.42,
5845,Nc1nc2c(ncn2[C@@H]2O[C@H](CO)[C@@H](O)[C@H]2O)c(=O)n1CCC=O,success,4611,4591,4342.97,
5846,Nc1nc2c(ncn2[C@@H]2O[C@H](COP(=O)(O)O)[C@@H](O)[C@H]2O)c(=O)[nH]1.O=P([O-])([O-])[O-].[K+].[Na+].[Na+],success,42,26,35.85,
5847,Nc1nc(=O)c2ncn([C@@H]3O[C@H](COP(=O)(O)O)[C@@H](O)[C@H]3O)c2n1S,success,133,115,213.9,
5848,NP(N)(N)=O.O=c1[nH]cnc2c1ncn2[C@@H]1O[C@H](CO)[C@@H](O)[C@H]1O,success,42,26,42.85,
5849,Nc1nc2c(ncn2[C@H](O)[C@H]2O[C@@H](n3cnc4c(=O)[nH]cnc43)[C@H](O)[C@@H]2O)c(=O)[nH]1,success,42,26,43.42,
5850,Nc1nc2c(ncn2[C@@]2(O)O[C@H](CO)[C@@H](O)[C@@H]2O)c(=O)[nH]1,success,571,552,385.72,
5851,COP(=O)(OC)OC[C@H]1O[C@@H](n2cnc3c(=O)[nH]c(N)nc32)[C@H](O)[C@@H]1O,success,199,181,290.58,
5852,O=c1[nH]cnc2c1ncn2[C@@H]1OC[C@H](O)[C@H]1O,success,125,106,116.75,
5853,O=c1[nH]c(=O)c2ncn(C3(O)O[C@H](CO)[C@@H](O)[C@H]3O)c2[nH]1,success,433,414,321.41,
5854,O=c1[nH]cnc2c1ncn2[C@]1([C@@H]2O[C@H](CO)[C@@H](O)[C@H](O)[C@@H]2O)O[C@H](CO)[C@@H](O)[C@H]1O,success,42,26,33.37,
5855,Nc1nc2c(ncn2[C@@H]2O[C@H](CO)[C@@H](O)[C@H]2O)c(=O)[nH]1.OCCO,success,42,26,27.4,
5856,O=S(=O)(O)O.O=c1[nH]c(=O)c2ncn([C@@H]3O[C@H](CO)[C@@H](O)[C@H]3O)c2[nH]1,success,42,26,44.15,
5857,Nc1nc2c(ncn2[C@]2(O)O[C@H](CO)[C@]3(O)O[C@H]32)c(=O)[nH]1,success,309,290,228.26,
5858,Nc1nc2c(ncn2[C@@H]2O[C@H](CO[P+](=O)O[P+](=O)O)[C@@H](O)[C@H]2O)c(=O)[nH]1,success,119,103,153.83,
5859,Nc1nc2c(nc(Br)n2C2OC(CO)CC2O)c(=O)[nH]1,success,262,243,252.94,
5860,Nc1nc2c(ncn2[C@]2(O)O[C@](O)(C(O)(O)O)[C@@](O)(OO)C2(O)O)c(=O)[nH]1,success,139,123,97.62,
5861,O=c1[nH]cnc2c1nc(Br)n2[C@@H]1O[C@H](CO)C[C@H]1O,success,214,195,190.42,
5862,Nc1nc2c(ncn2[C@@H]2O[C@H](CO)C(O)C2O)c(=O)n1OB(O)O,success,104,86,142.76,
5863,COn1c(N)nc(=O)c2ncn([C@@H]3O[C@H](CO)[C@@H](O)[C@H]3O)c21,success,388,369,280.3,
5864,C#CCO[C@@H]1[C@@H](O)[C@@H](CO)O[C@H]1n1cnc2c(=O)[nH]c(N)nc21,success,688,669,596.04,
5865,Nc1nc2c(ncn2[C@@H]2O[C@H](CO)[C@@H](O)[C@H]2O)c(=O)[nH]1.[SeH2],success,42,26,42.33,
5866,FOF.O=c1[nH]cnc2c1ncn2[C@@H]1O[C@H](CO)[C@@H](O)[C@H]1O,success,42,26,26.01,
5867,Nc1nc2c(ncn2[C@@H]2O[C@H](COP(=O)(OP(=O)(O)O)OP(=O)(O)OP(=O)(O)OP(=O)(O)O)[C@@H](O)[C@H]2O)c(=O)[nH]1,success,42,26,42.73,
5868,Nc1nc2c(ncn2[C@@H]2O[C@H](COP(=O)(O)OP(=O)(O)O)[C@@H](O)[C@H]2O)c(=O)[nH]1.O=P(O)(O)OP(=O)(O)OP(=O)(O)O,success,42,26,48.63,
5869,Nc1nc2c(ncn2[C@@H]2O[C@H](COPOPO)[C@@H](O)[C@H]2O)c(=O)[nH]1,success,297,278,337.82,
5870,O=c1[nH]cnc2c1ncn2[C@@H]1O[C@H](CP(=O)(O)O)[C@@H](O)[C@H]1O.[H-].[H-].[Na+].[Na+],success,42,26,50.94,
5871,O=c1[nH]cnc2c1ncn2[C@@H]1O[C@H]([C@H](O)P(=O)(O)O)[C@@H](O)[C@H]1O.[H-].[H-].[Na+].[Na+],success,42,26,43.97,
5872,Nc1nc(=O)c2ncn([C@@H]3O[C@H](CO)C[C@H]3O)c2n1N,failed,300,281,254.14,min() arg is an empty sequence
5873,O=c1[nH]cnc2c1ncn2C1OC(COP(=O)([O-])[O-])C(O)C1O.[Ca+2],success,42,26,47.5,
5874,O=c1[nH]cnc2c1ncn2[C@@H]1O[C@H](COBr)[C@@H](O)[C@H]1O,failed,209,190,211.74,min() arg is an empty sequence
5875,O=c1[nH]cnc2c1ncn2[C@@H]1O[C@H](COCl)[C@@H](O)[C@H]1O,success,209,190,225.47,
5876,Nc1nc2c(ncn2[C@]2(O)O[C@H](CO)[C@@H](O)C2(O)O)c(=O)[nH]1,success,484,465,355.37,
5877,CC(C)C(=O)Nc1nc2c(ncn2[C@@H]2OC(CO)C[C@H]2O)c(=O)[nH]1,success,2396,2374,3489.98,
5878,O=[PH+]C[C@H]1O[C@@H](n2cnc3c(=O)[nH]cnc32)[C@H](O)[C@@H]1O,success,127,108,113.5,
5879,CCOC(O)(O)C(=O)CC.Nc1nc2c(ncn2[C@@H]2O[C@H](CO)[C@@H](O)[C@H]2O)c(=O)[nH]1,success,42,26,51.43,
5880,NC(=O)c1ncn([C@@H]2O[C@@H](CO)[C@H](O)[C@@H]2O)c1N,success,985,966,841.58,
5881,O=c1[nH]cnc2c1ncn2[C@@H]1O[C@H](CO)[C@@H](O)[C@H]1O.S,success,42,26,41.18,
5882,O=P([O-])([O-])[O-].O=c1[nH]cnc2c1ncn2[C@@H]1O[C@H](CO)[C@@H](O)[C@H]1O.[K+].[K+].[K+],success,42,26,42.3,
5883,Nc1nc2c(ncn2[C@]2(P(O)O)O[C@H](CO)[C@@H](O)[C@]2(O)P(O)O)c(=O)[nH]1,success,67,51,76.54,
5884,Nc1nc2c(ncn2[C@@H]2O[C@H](CO)[C@H](O)[C@H]2OCO)c(=O)[nH]1,success,464,445,335.63,
5885,Nc1nc2c(ncn2[C@@H]2O[C@@](CO)(S(=O)(=O)O)[C@@H](O)[C@H]2O)c(=O)[nH]1,success,103,85,100.45,
5886,Nc1nc2c(nc(P(=O)(O)O)n2[C@@H]2O[C@H](CO)[C@@H](O)[C@H]2O)c(=O)[nH]1,success,128,110,157.48,
5887,CC=Nc1nc2c(ncn2[C@@H]2O[C@H](CO)[C@@H](O)[C@H]2O)c(=O)[nH]1,success,868,847,627.37,
5888,Nc1nc2c(ncn2[C@@]2(CO)C[C@H](O)[C@@H](CO)O2)c(=O)[nH]1,success,689,670,481.77,
5889,Nc1nc2c(ncn2[C@@]2(O)O[C@H](CO)[C@@H](O)[C@H]2O)c(=O)[nH]1,success,571,552,450.54,
5890,O=c1[nH]cnc2c1ncn2[C@]1(O)O[C@H](CO)[C@@H](O)C1(O)O,success,452,433,285.37,
5891,O=c1[nH]cnc2c1ncn2[C@]1([C@@H]2O[C@H](CO)[C@@H](O)[C@H]2O)O[C@H](CO)[C@@H](O)[C@H]1O,success,48,32,44.11,
5892,Nc1nc2c(ncn2[C@@H]2O[C@H]([C@H](O)P(=O)(O)O)[C@@](O)(P(=O)(O)O)[C@@H]2O)c(=O)[nH]1,success,42,26,32.91,
5893,Nc1nc2c(ncn2[C@@H]2O[C@H](CO[P+](=O)O)[C@@H](O[P+](=O)O)[C@H]2O)c(=O)[nH]1,success,98,82,156.27,
5894,O=[S+][C@@H](O)[C@H]1O[C@@H](n2cnc3c(=O)[nH]cnc32)[C@H](O)[C@@H]1O,success,220,201,198.76,
5895,NC(N)=NCCCC(N)C(=O)O.Nc1nc2c(ncn2[C@@H]2O[C@H](CO)[C@@H](O)[C@H]2O)c(=O)[nH]1,success,42,26,65.9,
5896,O=CC=O.O=c1[nH]cnc2c1ncn2[C@@H]1O[C@H](CO)[C@@H](O)[C@H]1O,success,226,209,174.67,
5897,Nc1nc2c(ncn2C(O)C(O)C(O)CCO)c(=O)[nH]1,success,6681,6658,4619.93,
5898,CCCn1c(=O)c2ncn([C@@H]3O[C@H](CO)[C@@H](O)[C@H]3O)c2n(C)c1=O,success,815,794,992.07,
5899,Nc1nc2c(nc(Cl)n2[C@]2(N)O[C@H](CO)[C@@H](O)[C@H]2O)c(=O)[nH]1,success,353,334,380.1,
5900,Nc1nc2c(ncn2[C@@H]2O[C@H](COP=S)[C@@H](O)[C@H]2O)c(=O)[nH]1,success,265,246,342.63,
5901,C=Cn1c(N)nc(=O)c2ncn([C@@H]3O[C@H](CO)[C@@H](O)[C@H]3O)c21,success,396,377,310.01,
5902,Nc1nc2c(ncn2[C@@H]2O[C@H](CO)[C@@H](O)[C@H]2O)c(=O)[nH]1.O=P([O-])([O-])OP(=O)(O)O.[Na+].[Na+],success,42,26,54.03,
5903,Nc1nc2c(ncn2[C@@H]2O[C@H](COP(=O)(O)O)[C@@H](O)[C@H]2O)c(=O)[nH]1.[H-].[H-].[H-].[Na+].[Na+].[Na+],success,42,26,34.58,
5904,Nc1nc2c(ncn2[C@H]2C[C@H](O)[C@@H](CO)O2)c(=O)[nH]1.O=P([O-])([O-])[O-].[Na+].[Na+].[Na+],success,42,26,50.58,
5905,Nc1nc2c(ncn2[C@@H]2O[C@H](COP(=O)(O)OP(=O)(O)OP(=O)(O)O)[C@@H](O)[C@H]2O)c(=O)[nH]1.O.[H-].[H-].[H-].[Na+].[Na+].[Na+],success,42,26,39.47,
5906,Nc1nc2c(ncn2[C@@H]2O[C@H](CO)[C@@H](O)[C@H]2O)c(=O)[nH]1.O.O=P([O-])([O-])OP(=O)([O-])OP(=O)(O)O.[Na+].[Na+].[Na+],success,42,26,36.92,
5907,COO[C@H]1[C@@H](O)[C@H](n2cnc3c(=O)[nH]c(N)nc32)O[C@@H]1COP(=O)(O)O,success,70,52,70.21,
5908,CO[C@@]1(O)[C@@H](COP(=O)(O)O)O[C@@H](n2cnc3c(=O)[nH]c(N)nc32)[C@@H]1O,success,78,60,77.2,
5909,COO[C@H]1[C@@H](O)[C@H](n2cnc3c(=O)[nH]c(N)nc32)O[C@@H]1COP(=O)(O)OP(=O)(O)O,success,59,41,83.3,
5910,NC1=NC(=O)C2=NC(=O)N([C@@H]3O[C@H](CO)[C@@H](O)[C@H]3O)C2=N1.Nc1nc2c(ncn2[C@H]2C[C@H](O)[C@@H](CO)O2)c(=O)[nH]1,success,42,26,30.02,
5911,O=c1[nH]cnc2c1ncn2[C@@H]1O[C@H](COP(=O)(O)OP(=O)(O)OP(=O)(O)O)[C@@H](O)[C@H]1O.[H-].[H-].[H-].[Na+].[Na+].[Na+],success,42,26,38.6,
5912,Nc1nc2c(ncn2[C@@H]2O[C@H](CO)[C@@H](O)[C@H]2O)c(=O)[nH]1.O=P([O-])([O-])OP(=O)([O-])OP(=O)(O)O.[Na+].[Na+].[Na+],success,42,26,53.94,
5913,O=P([O-])([O-])OP(=O)([O-])OP(=O)(O)O.O=c1[nH]cnc2c1ncn2[C@@H]1O[C@H](CO)[C@@H](O)[C@H]1O.[Na+].[Na+].[Na+],success,42,26,38.35,
5914,CCc1nc2c(=O)[nH]c(N)nc2n1[C@@H]1O[C@H](CO)[C@@H](O)[C@H]1O,success,1095,1073,778.45,
5915,Nc1nc2c(nc(C3CCC3)n2[C@@H]2O[C@H](CO)[C@@H](O)[C@H]2O)c(=O)[nH]1,success,172,154,271.23,
5916,C#CO[C@@H]1[C@@H](O)[C@@H](CO)O[C@H]1n1cnc2c(=O)[nH]c(N)nc21,success,306,287,270.83,
5917,COO[C@@H]1[C@@H](O)[C@@H](CO)O[C@H]1n1cnc2c(=O)[nH]c(NC(=O)C(C)C)nc21,success,1259,1237,2198.7,
5918,CC#CO[C@@H]1[C@@H](O)[C@@H](CO)O[C@H]1n1cnc2c(=O)[nH]c(N)nc21,success,646,625,533.51,
5919,CNc1nc2c(c(=O)[nH]1)N(C)CN2[C@@H]1O[C@H](CO)[C@@H](O)[C@H]1O.CNc1nc2c(ncn2[C@@H]2O[C@H](CO)[C@@H](O)[C@H]2O)c(=O)[nH]1,success,42,26,43.78,
5920,C#CCO[C@@H]1[C@@H](O)[C@@H](CO)O[C@H]1n1cnc2c(=O)[nH]c(NC(C)=O)nc21,success,1134,1112,1501.95,
5921,CC1(N)N=C2N([C@@H]3O[C@H](CO)[C@@H](O)[C@H]3O)C=NC2(C)C(=O)N1.O=c1[nH]cnc2c1ncn2[C@@H]1O[C@H](CO)[C@@H](O)[C@H]1O,success,42,26,48.95,
5922,CN1c2c(ncn2[C@@H]2O[C@H](CO)[C@@H](O)[C@H]2O)C(=O)NC1(C)N,success,378,359,360.71,
5923,CNC(=O)CCO[C@@H]1[C@@H](O)[C@@H](CO)O[C@H]1n1cnc2c(=O)[nH]c(N)nc21,success,2077,2057,2670.68,
5924,Nc1nc2c(ncn2[C@@H]2O[C@H](COP(=O)(O)OP(=O)(O)OP(=O)(O)O)[C@@H](O)[C@H]2O)c(=O)[nH]1.[H-].[Li+],success,42,26,57.69,
5925,NC(=O)NOP(=O)(O)OC[C@H]1O[C@@H](n2cnc3c(=O)[nH]c(N)nc32)[C@H](O)[C@@H]1O,success,166,149,189.12,
5926,NC(N)=O.Nc1nc2c(ncn2[C@@H]2O[C@H](CO)[C@@H](O)[C@H]2O)c(=O)[nH]1.O=P(O)(O)O,success,42,26,57.45,
5927,O=c1[nH]cnc2c1ncn2[C@H]1O[C@H](CO)C(O)C1O,success,302,283,299.07,
5928,Nc1nc2c(ncn2[C@@H]2O[C@H](COP(=O)(O)O)[C@H](O)[C@H]2OCl)c(=O)[nH]1,success,103,85,235.6,
5929,COO[C@@H]1[C@@H](O)[C@@H](COP(=O)(O)O)O[C@H]1n1cnc2c(=O)[nH]c(N)nc21,success,70,52,107.51,
5930,[2H]C(O)[C@H]1O[C@@H](n2cnc3c(=O)[nH]cnc32)[C@H](O)[C@@H]1O,success,271,252,228.23,
5931,CO[C@@H]1[C@H](O)[C@@H](CO)O[C@H]1n1cnc2c(=O)n(C)c(N)nc21.[Sn],success,42,26,40.37,
5932,Cn1c(N)nc2c(ncn2[C@@H]2O[C@H](CO)[C@@H](O)[C@H]2O)c1=O.[Sn],success,42,26,40.72,
5933,CO[C@@H]1[C@H](O)[C@@H](CO)O[C@H]1n1cnc2c(=O)n(C)cnc21.[Sn],success,42,26,26.31,
5934,CNC(C)=O.Nc1nc2c(ncn2[C@@H]2O[C@H](CO)[C@@H](OP(=O)(O)O)[C@H]2O)c(=O)[nH]1,success,72,55,99.72,
5935,CNC(C)=O.Nc1nc2c(ncn2[C@@H]2O[C@H](CO)[C@@H](OP(O)(O)=S)[C@H]2O)c(=O)[nH]1,success,303,283,283.23,
5936,[H]/N=c1\[nH]c(=O)c2ncn([C@@H]3O[C@H](CO)[C@@H](O)[C@H]3O)c2n1[2H],success,282,263,368.86,
5937,CO[C@@H]1[C@H](O)[C@@H](CO)O[C@H]1n1cnc2c(=O)[nH]cnc21.[Sn],success,42,26,27.94,
5938,[2H]C(O)[C@H]1O[C@@H](n2cnc3c(=O)[nH]c(N)nc32)[C@H](O)[C@@H]1O,success,332,313,298.84,
5939,Nc1nc2c(ncn2[C@@H]2O[C@H](CO)[C@@H](O)[C@H]2OP(=O)(O)O)c(=O)[nH]1.OC[C@@H](O)C(O)[C@@H](O)CO,success,297,279,152.54,
5940,[2H]C1([2H])[C@H](O)[C@@H](CO)O[C@@]1([2H])n1cnc2c(=O)[nH]c(N)nc21,success,233,214,232.91,
5941,O=c1[nH]cnc2c1ncn2[C@@H]1O[C@H](CO)[C@@H](O)[C@H]1O.[Pb],success,42,26,37.99,
5942,CC(C)(C)[Si](C)(C)O[C@H]1[C@@H](O)[C@H](n2cnc3c(=O)[nH]c(N)nc32)O[C@@H]1CO,success,42,26,26.93,
5943,CC(C)(C)[Si](C)(C)C(O)[C@H]1O[C@@H](n2cnc3c(=O)[nH]cnc32)C[C@@H]1O,success,42,26,41.14,
5944,Nc1nc2c(ncn2[C@H]2C[C@H](O)[C@@H](C(N)O)O2)c(=O)[nH]1,success,309,290,262.85,
5945,O=c1[nH]cnc2c1ncn2[C@@H]1O[C@H](CO)[C@@H](O)[C@H]1O.[Hg],success,42,26,26.29,
5946,Nc1nc2c(ncn2[C@@H]2O[C@H](CO)[C@@H](O)[C@H]2O)c(=O)[nH]1.OPOPO,success,58,42,49.82,
5947,[2H]C(O)[C@H]1O[C@@H]([n+]2cn(C)c3c(=O)[nH]c(N)nc32)[C@H](OC)[C@@H]1O,failed,328,309,296.23,min() arg is an empty sequence
5948,[2H][C@]1(n2cnc3c(=O)[nH]cnc32)C[C@H](O)[C@@H](CO)O1,success,213,194,209.36,
5949,Nc1nc2c(ncn2[C@@H]2O[CH-][C@@H](O)[C@H]2O)c(=O)[nH]1.[Ba+2].[OH-],success,42,26,24.97,
5950,O=P([O-])([O-])[O-].O=c1[nH]cnc2c1ncn2[C@@H]1O[C@H](COP(=O)(O)O)[C@@H](O)[C@H]1O.[K+].[K+].[K+],success,42,26,40.85,
5951,O=c1[nH]cnc2c1ncn2[C@H]1C[C@H](O)[C@@H](CO)O1.[Sn],success,42,26,32.99,
5952,Nc1nc2c(ncn2[C@]2([AsH2])O[C@H](CO)[C@@H](O)[C@H]2O)c(=O)[nH]1,success,319,300,291.8,
5953,CC(=O)Nc1nc2c(ncn2[C@@H]2O[C@H](COP(=O)(O)OP(=O)(O)OP(=O)(O)O)[C@@H](O)[C@H]2O)c(=O)[nH]1,success,42,26,68.7,
5954,CC(C#P=S)C(=O)Nc1nc2c(ncn2[C@H]2C[C@H](O)[C@@H](CO)O2)c(=O)[nH]1,success,3246,3224,5132.53,
5955,O=c1[nH]c(NC2O[C@H](CO)[C@H](O)[C@H](O)[C@H]2O)nc2c1ncn2[C@@H]1O[C@H](CO)[C@@H](O)[C@H]1O,success,63,47,50.55,
5956,Nc1nc2c(ncn2[C@H]2C[C@H](O)[C@@H](CON=O)O2)c(=O)[nH]1,success,201,181,218.2,
5957,[H]/N=C(\N)[C@@]1(n2cnc3c(=O)[nH]cnc32)O[C@H](CO)[C@@H](O)[C@H]1O,success,299,280,380.87,
5958,CC(C)(C)[Si](C)(C)O[C@H]1[C@@H](O)[C@H](n2cnc3c(=O)[nH]cnc32)O[C@@H]1CO,success,42,26,30.72,
5959,CC(C)N(C(C)C)P(OCCC#N)O[C@@H]1[C@H](O)[C@@H](CO)O[C@H]1n1cnc2c(=O)[nH]cnc21,success,42,26,42.82,
5960,[2H]C(O)[C@@]1([2H])O[C@@]([2H])(n2cnc3c(=O)[nH]c(N)nc32)[C@]([2H])(O)[C@]1([2H])O,success,243,224,276.2,
5961,Nc1nc2c(nc[15n]2[C@@H]2O[C@H](COP(=O)([O-])[O-])[C@@H](O)[C@H]2O)c(=O)[nH]1.[Na+].[Na+],success,42,26,33.6,
5962,Nc1nc2c(nc[15n]2[C@@H]2O[C@H](COP(=O)(O)O)[C@@H](O)[C@H]2O)c(=O)[nH]1,success,134,116,208.45,
5963,[2H]C(O)[C@@H]1C[C@@H](O)[C@](F)(n2cnc3c(=O)[nH]c(N)nc32)O1,success,235,216,226.76,
5964,[2H]C(O)[C@H]1O[C@@H](n2cnc3c(=O)[nH]c(N)nc32)C[C@@H]1O,success,258,239,269.64,
5965,Cn1cnc2c(ncn2[C@@H]2O[C@H](CO)[C@@H](O)[C@H]2O)c1=O.[Sn],success,42,26,25.78,
5966,CNC(=O)O[C@H]1[C@@H](O)[C@H](n2cnc3c(=O)[nH]c(N)nc32)O[C@@H]1COP(=O)(O)OP(=O)(O)O,success,77,60,67.71,
5967,Nc1nc2c(ncn2[C@@]2(CCO)C[C@H](O)[C@@H](CO)O2)c(=O)[nH]1,success,1748,1727,1195.63,
5968,CCN(CC)CC.Nc1nc2c(ncn2[C@H]2C[C@H](O)[C@@H](CO)O2)c(=O)[nH]1,success,42,26,30.0,
5969,C[C@@]1(O)Nc2nc3c(ncn3[C@H]3C[C@H](O)[C@@H](CO)O3)c(=O)n2[C@H]1O,success,401,382,344.85,
5970,C[C@H]1C[C@@H](O)n2c(nc3c(ncn3[C@@H]3O[C@H](CO)[C@@H](O)[C@H]3O)c2=O)N1,success,147,129,154.23,
5971,C[C@@H]1C[C@H](O)n2c(nc3c(ncn3[C@@H]3O[C@H](CO)[C@@H](O)[C@H]3O)c2=O)N1,success,147,129,136.08,
5972,[2H][C@@]1(n2cnc3c(=O)[nH]cnc32)O[C@H](CO)[C@@H](O)[C@@]1([2H])O,success,251,232,253.53,
5973,[2H][C@]1(O)[C@]([2H])(n2cnc3c(=O)[nH]c(N)nc32)O[C@H](CO)[C@@]1([2H])O,success,283,264,310.37,
5974,[2H]C1([2H])[C@H](O)[C@@H](CO)O[C@@]1([2H])n1cnc2c(=O)[nH]cnc21,success,192,173,201.28,
5975,O=c1c2ncn([C@@H]3O[C@H](CO)[C@@H](O)[C@H]3O)c2ncn1P(=O)(O)O,success,117,99,142.26,
5976,CO[C@@H]1[C@H](O)[C@@H](CO)O[C@H]1n1cnc2c(=O)[nH]c(N)nc21.[Sn],success,42,26,31.7,
5977,P.[2H]C(O)[C@H]1O[C@@H](n2cnc3c(=O)[nH]c(N)nc32)[C@H](O)[C@@H]1O,success,42,26,42.02,
5978,Cn1c[n+]([C@@H]2O[C@H](CO)[C@@H](O)[C@H]2O)c2nc(N)[nH]c(=O)c21.[Sn+4],success,42,26,41.12,
5979,CCCCCCCC[C@@]1(n2cnc3c(=O)[nH]c(N)nc32)O[C@H](CO)[C@@H](O)[C@H]1O,success,42,26,42.2,
5980,CN(C)c1nc2c(ncn2[C@@H]2O[C@H](COP(=O)(O)OP(=O)(O)OP(=O)(O)O)[C@@H](O)[C@H]2O)c(=O)[nH]1,success,59,42,72.9,
5981,Nc1nc2c(c(=O)[nH]1)n(CC1CCO1)c[n+]2[C@@H]1O[C@H](CO)[C@@H](O)[C@H]1O,success,177,159,161.52,
5982,Nc1nc2c(c(=O)[nH]1)n(CCC1CCO1)c[n+]2[C@@H]1O[C@H](CO)[C@@H](O)[C@H]1O,success,300,284,307.13,
5983,C=CP(=O)(O)OC[C@H]1O[C@@H](n2cnc3c(=O)[nH]c(N)nc32)[C@H](O)[C@@H]1O,success,301,282,326.88,
5984,COC([C@@H]1O[C@@H](n2cnc3c(=O)[nH]cnc32)[C@H](O)[C@@H]1O)P(=O)(O)O,success,105,87,166.55,
5985,CO[C@@H]1[C@H](O)[C@@H](CO)O[C@]1(n1cnc2c(=O)[nH]cnc21)[Si](C)(C)C,success,149,131,209.03,
5986,[2H][C@@]1(O)[C@@H](CO)O[C@@H](n2cnc3c(=O)[nH]c(NC(=O)C(C)C)nc32)[C@@H]1OCCOC#P=S,success,310,289,228.18,
5987,Nc1nc2c(ncn2[C@@H]2O[C@H](COP(O)OP(O)O)[C@@H](O)[C@H]2O)c(=O)[nH]1,success,95,79,105.13,
5988,Nc1nc2c(ncn2[C@]2(O)O[C@H](CO)[C@@H](O)[C@H]2OP(=O)(O)O)c(=O)[nH]1,success,176,158,124.87,
5989,O=C(O)CC[C@H](NC(=O)CN[C@@]1(n2cnc3c(=O)[nH]cnc32)O[C@H](CO)[C@@H](O)[C@H]1O)C(=O)O,success,406,388,185.22,
5990,O=c1ncn(P(=O)(O)O)c2c1ncn2[C@@H]1O[C@H](CO)[C@@H](O)[C@H]1O,success,117,99,194.94,
5991,CC(C)(C(N)=O)c1nc2c(ncn2[C@@H]2OC(CO)(CO)[C@@H](O)[C@H]2O)c(=O)[nH]1,success,1342,1323,1844.72,
5992,CC(C)n1c[n+]([C@@H]2O[C@H](CO)[C@@H](O)[C@H]2O)c2nc(N)[nH]c(=O)c21,success,1057,1036,815.46,
5993,O=c1[nH]cnc2c1ncn2[C@]1(C2OC[C@@H](O)[C@@H](O)[C@@H]2O)O[C@H](CO)[C@@H](O)[C@H]1O,success,43,27,34.78,
5994,[2H]C(O)[C@H]1O[C@@H](n2cnc3c(=O)[nH]c(N)nc32)[C@H](OC)[C@@H]1O,failed,289,270,277.0,min() arg is an empty sequence
5995,CC(=O)N(C)O[C@@H]1[C@H](O)[C@@H](CO)O[C@H]1n1cnc2c(=O)[nH]c(N)nc21,success,1440,1417,1846.02,
5996,O=c1[nH]cnc2c1ncn2[C@@H]1O[C@H](CO)[C@@H](O)[C@H]1O.[K],success,42,26,32.59,
5997,C=C(O)[C@H]1O[C@@H]([n+]2cn(C)c3c(=O)[nH]c(N)nc32)[C@H](O)[C@@H]1O,success,350,331,291.44,
5998,C#CCn1c[n+]([C@@]2(N)C[C@H](O)[C@@H](CO)O2)c2nc(N)[nH]c(=O)c21,success,820,801,706.84,
5999,C#CCN(CC#C)c1nc2c(ncn2[C@H]2CC[C@@H](CO)O2)c(=O)[nH]1,success,95,78,52.64,
6000,C#CC[C@@]1(n2cnc3c(=O)[nH]cnc32)O[C@H](CO)C[C@H]1O,success,1042,1023,707.95,
6001,CO[C@@H]1C[C@@H](CO)O[C@H]1n1cnc2c(=O)[nH]c(N)nc21,success,261,242,224.34,
6002,[2H]C(O)[C@@H]1C[C@@H](O)[C@H](n2cnc3c(=O)[nH]c(N)nc32)O1,success,259,240,229.04,
6003,[2H]C(O)[C@H]1O[C@@H](n2cnc3c(=O)[nH]c(N)nc32)C[C@]1([2H])O,success,237,218,235.94,
6004,[H]/N=c1\[nH]c(=O)c2ncn([C@@H]3O[C@H](COP(O)(O)=S)[C@@H](O)[C@H]3O)c2n1[2H],success,193,174,262.74,
6005,Nc1nc2c(ncn2[C@H]2C[C@H](O)[C@@H](C(O)O)O2)c(=O)[nH]1,failed,279,260,237.16,min() arg is an empty sequence
6006,[2H][C@]1(O)[C@@H](O)[C@](F)(n2cnc3c(=O)[nH]c(N)nc32)O[C@@H]1CO,success,301,282,311.05,
6007,O=C([O-])n1c[n+]([C@@H]2O[C@H](CO)[C@@H](O)[C@H]2O)c2nc[nH]c(=O)c21,success,618,599,558.69,
6008,O=COC[C@H]1O[C@@H](n2cnc3c(=O)[nH]cnc32)[C@H](O)[C@@H]1O,success,501,482,379.29,
6009,C#CCO[C@@H]1[C@H](O)[C@@H](CO)O[C@H]1n1cnc2c(=O)[nH]c(N(C(C)=O)C(C)=O)nc21,success,213,191,163.27,
6010,[2H]C(O)[C@H]1O[C@@H](n2cnc3c(=O)[nH]c(N)nc32)[C@H](O)[C@]1([2H])O,success,316,297,334.38,
6011,C[Si](C)(C)[C@@]1(O)[C@H](O)[C@@H](CO)O[C@H]1n1cnc2c(=O)[nH]cnc21,success,259,240,251.03,
6012,C[Si](C)(C)[C@]1(O)[C@H](n2cnc3c(=O)[nH]cnc32)O[C@H](CO)[C@]1(O)I,success,248,229,319.47,
6013,[H]/N=c1\[nH]c(=O)c2ncn([C@]3(F)O[C@H](CO)[C@@H](O)[C@H]3O)c2n1[2H],success,247,228,293.87,
6014,[2H]C(O)[C@H]1O[C@@H]([n+]2cn(C)c3c(=O)[nH]c(N)nc32)[C@H](O)[C@@H]1O,success,385,366,318.48,
6015,O=P(O)(O)O.O=c1[nH]cnc2c1ncn2[C@@H]1O[C@H](COP(O)(O)=S)[C@@H](O)[C@H]1O,success,42,26,53.83,
6016,Nc1nc2c(ncn2[C@@H]2O[C@H](CO)[C@@H](O)[C@H]2O)c(=O)[nH]1.[Sn],success,42,26,41.44,
6017,Nc1nc2c(ncn2[C@@H]2O[C@H](CO)[C@@H](O)[C@]2(O)OO)c(=O)[nH]1,failed,295,276,257.81,min() arg is an empty sequence
6018,CNC(=O)CCO[C@@H]1[C@H](O)[C@@H](CO)O[C@@]1(CO)n1cnc2c(=O)[nH]c(N=CN(C)C)nc21,success,180,161,93.48,
6019,Cn1cnc2nc(NC3O[C@@H](CO)[C@H](O)[C@@H](O)[C@@H]3O)[nH]c(=O)c21,success,633,614,380.6,
6020,[2H]C([2H])(O)[C@H]1O[C@@H](n2cnc3c(=O)[nH]c(N)nc32)C[C@@H]1OC(=O)C(C)C,success,1669,1648,2919.57,
6021,[2H][C@H](O)[C@H]1O[C@@H](n2cnc3c(=O)[nH]c(N)nc32)C[C@@H]1OC(=O)C(C)C,success,1858,1837,3237.9,
6022,CC(C)C(=O)O[C@H]1C[C@H](n2cnc3c(=O)[nH]c(N)nc32)O[C@@H]1CO,success,1981,1959,3445.38,
6023,C=C[C@@]1(n2cnc3c(=O)[nH]cnc32)O[C@H](CO)[C@@H](O)[C@H]1O,success,295,276,310.56,
6024,CO[C@@H]1[C@H](O[Si](C)(C)C(C)(C)C)[C@@H](CO)O[C@H]1n1cnc2c(=O)[nH]cnc21,success,42,26,42.25,
6025,O=c1[nH]cnc2c1ncn2[C@@H]1O[C@@H](O)[C@@H](O)[C@H]1O,success,190,171,209.8,
6026,Nc1nc2c(ncn2[C@H]2C[C@H](OP(N)O)[C@@H](CO)O2)c(=O)[nH]1,success,215,196,280.93,
6027,C[N+](C)(C)CCOP(=O)([O-])O.O=c1[nH]cnc2c1ncn2[C@@H]1O[C@H](CO)[C@@H](O)[C@H]1O,success,186,168,190.02,
6028,CC[C@@]1(O)[C@H](O)[C@@H](CO)O[C@H]1n1cnc2c(=O)[nH]c(N)nc21,success,1223,1200,918.33,
6029,[H]/N=c1\[nH]c(=O)c2ncn([C@H]3C[C@H](O)[C@@H](CO)O3)c2n1[2H],success,213,194,226.72,
6030,[H]/N=c1\[nH]c(=O)c2ncn([C@@H]3O[C@H](CO)[C@@H](O)[C@H]3OC)c2n1[2H],success,241,222,234.59,
6031,[H]/N=c1\[nH]c(=O)c2ncn([C@@H]3O[C@H](CO)[C@@H](O)[C@H]3OCCOC)c2n1[2H],success,926,907,848.63,
6032,CCCCOP(=O)(O)OC[C@H]1O[C@@H](n2cnc3c(=O)[nH]c(N)nc32)[C@H](OC)[C@@H]1O,success,765,744,1057.93,
6033,CCCCOP(=O)(O)OC[C@H]1O[C@@H](n2cnc3c(=O)[nH]c(N)nc32)C[C@@H]1O,success,1158,1137,1601.33,
6034,CCCCOP(=O)([O-])OC[C@H]1O[C@@H](n2cnc3c(=O)[nH]c(N)nc32)[C@H](OC)[C@@H]1O.[Na+],success,42,26,37.68,
6035,N.Nc1nc2c(ncn2[C@H]2C[C@H](O)CO2)c(=O)[nH]1,success,49,33,48.48,
6036,CCCCOP(=O)(O)OC[C@H]1O[C@@H](n2cnc3c(=O)[nH]c(N)nc32)[C@H](OC)[C@@H]1O.N,success,91,73,63.34,
6037,CCCCOP(=O)([O-])OC[C@H]1O[C@@H](n2cnc3c(=O)[nH]c(N)nc32)[C@H](OC)[C@@H]1O.[K+],success,42,26,40.54,
6038,COP(=O)(O)O[C@@H]1[C@H](O)[C@@H](COP(=O)(O)O)O[C@H]1n1cnc2c(=O)[nH]c(N)nc21,success,77,59,95.29,
6039,O=c1[nH]c(=O)c2ncn([C@]3(O)O[C@H](CO)[C@@H](O)[C@H]3O)c2[nH]1,success,438,419,340.87,
6040,[2H]C(O)[C@@H]1C[C@@](N)(O)[C@H](n2cnc3c(=O)[nH]c(N)nc32)O1,success,300,281,271.68,
6041,[2H]C(O)[C@H]1O[C@@H](n2cnc3c(=O)[nH]c(N)nc32)[C@H](F)[C@@H]1O,success,258,239,251.57,
6042,[2H]C(O)[C@H]1O[C@@H](n2cnc3c(=O)[nH]c(N)nc32)[C@H](N=[N+]=[N-])[C@@H]1O,success,42,26,25.5,
6043,CO[C@@H]1[C@H](OP(O)(=S)S)[C@@H](CO)O[C@H]1n1cnc2c(=O)[nH]cnc21,success,169,150,202.0,
6044,Cn1c[n+]([C@@H]2O[C@H](CO)[C@](O)(OS(C)(=O)=O)[C@H]2O)c2nc(N)[nH]c(=O)c21,success,123,105,138.06,
6045,Nc1nc2c(c(=O)[nH]1)n(CC(=O)O)c[n+]2[C@@H]1O[C@H](CO)[C@@H](O)[C@H]1O,success,1834,1815,1996.97,
6046,C=CCOn1c(N)nc2c(ncn2[C@@H]2O[C@H](CO)[C@H](O)[C@H]2O)c1=O,success,1065,1045,806.3,
6047,Br.O=c1[nH]cnc2c1ncn2[C@@H]1O[C@H](COP(=O)(O)O)[C@@H](O)[C@H]1O,success,42,26,45.97,
6048,[N-]=[N+]=N[C@@]1(O)[C@H](O)[C@@H](CO)O[C@@]1(O)n1cnc2c(=O)[nH]c(N)nc21,success,42,26,30.21,
6049,Nc1nc2c(ncn2[C@@H]2O[C@H](CO)[C@@H](O)[C@H]2O)c(=O)[nH]1.OB(O)O,success,42,26,30.81,
6050,COO[C@@H]1[C@H](O)[C@@H](CO)O[C@H]1n1cnc2c(=O)[nH]c(NC(C)=O)nc21,success,1410,1387,2636.28,
6051,C[C@@]1(O)[C@H](OP(O)(O)=S)[C@@H](CO)O[C@H]1n1cnc2c(=O)[nH]c(N)nc21,success,244,225,289.84,
6052,CO[C@]1(C)[C@H](O)[C@@H](CO)O[C@H]1n1cnc2c(=O)n(C)c(N)nc21,success,282,263,302.35,
6053,CCCOc1nc2c(ncn2[C@@H]2O[C@H](COP(=O)(O)O)[C@@H](O)[C@H]2O)c(=O)[nH]1.[Na].[Na],success,42,26,37.15,
6054,CC(C)Oc1nc2c(ncn2[C@@H]2O[C@H](COP(=O)(O)O)[C@@H](O)[C@H]2O)c(=O)[nH]1.[Na].[Na],success,42,26,56.41,
6055,COc1nc2c(ncn2[C@@H]2O[C@H](COP(=O)(O)O)[C@@H](O)[C@H]2O)c(=O)[nH]1.[Na].[Na],success,42,26,34.14,
6056,O=c1[nH]cnc2c1ncn2[C@]12O[C@H](CO)[C@@H](O)[C@]1(O)O2,success,233,214,180.91,
6057,[2H][C@@]1(O)[C@@H](CO)O[C@@H](n2cnc3c(=O)[nH]c(N)nc32)[C@@H]1OCCOC,success,965,946,809.77,
6058,Cn1c[n+]([C@@H]2O[C@H](COP(=O)(O)OP(=O)(O)O)[C@@H](O)[C@H]2O)c2c1c(=O)nc(N)n2C,success,79,63,67.84,
6059,Cn1c[n+]([C@@H]2O[C@H](COP(=O)(O)O)[C@@H](O)[C@H]2O)c2c1c(=O)nc(N)n2C,success,164,146,305.3,
6060,Cn1c[n+]([C@@H]2O[C@H](COP(=O)(O)OP(=O)(O)OP(=O)(O)O)[C@@H](O)[C@H]2O)c2c1c(=O)nc(N)n2C,success,61,45,57.76,
6061,[2H][C@@]1(O)[C@@H](CO)O[C@@H](n2cnc3c(=O)[nH]c(N)nc32)[C@@H]1OC,success,305,286,276.14,
6062,CO[C@@]1(O)[C@H](O)[C@@H](COP(N)O)O[C@H]1n1cnc2c(=O)[nH]c(N)nc21,success,305,286,365.31,
6063,[H]/N=c1\[nH]c(=O)c2ncn([C@@H]3O[C@H](CO)[C@@H](O)[C@@]3(C)O)c2n1[2H],success,286,267,297.2,
6064,[H]/N=c1\[nH]c(=O)c2ncn([C@@H]3O[C@H](CO)[C@@H](O)[C@]3(O)F)c2n1[2H],success,268,249,279.84,
6065,O=c1[nH]cnc2c1ncn2[C@@H]1O[C@H](C(O)=C=S)[C@@H](O)[C@H]1O,success,239,220,259.22,
6066,Nc1nc2c(ncn2[C@@H]2O[C@H](C(O)=C=S)[C@@H](O)[C@H]2O)c(=O)[nH]1,failed,295,276,296.41,min() arg is an empty sequence
6067,Nc1nc2c(ncn2[C@@H]2O[C@H](C(O)=C=O)[C@@H](O)[C@H]2O)c(=O)[nH]1,success,467,448,416.69,
6068,C=C=C(O)[C@H]1O[C@@H](n2cnc3c(=O)[nH]c(N)nc32)[C@H](O)[C@@H]1O,success,302,283,289.22,
6069,CC(C)(C)C(=O)O[C@@H]1[C@H](OC(=O)C(C)(C)C)[C@@H](CO)O[C@H]1n1cnc2c(=O)[nH]c(N)nc21,success,161,144,164.11,
6070,CP(C)(=O)OC[C@H]1O[C@@H](n2cnc3c(=O)[nH]c(N)nc32)[C@H](O)[C@@H]1O,success,252,233,278.31,
6071,CC(C)(OC1C(O)[C@H](n2cnc3c(=O)[nH]c(N)nc32)O[C@@H]1CO)P(C)(=O)O,success,461,441,616.87,
6072,COCCCOC1[C@@H](O)[C@@H](COP(=O)([O-])OP(=O)([O-])OP(=O)([O-])[O-])O[C@H]1n1cnc2c(=O)[nH]c(N)nc21,success,77,59,78.65,
6073,CO[C@H]1C(O)[C@@H](CO)O[C@H]1n1cnc2c(=O)n(C)cnc21,success,261,242,268.33,
6074,Nc1nc2c(ncn2[C@@H]2O[C@H](CO)[C@@H]3OS(=O)(=O)OC32)c(=O)[nH]1,success,152,133,187.51,
6075,Nc1nc2c(ncn2[C@@H]2O[C@H](CO)[C@@H]3OS(=O)OC32)c(=O)[nH]1,success,166,147,176.34,
6076,CC(=O)Nc1nc2c(ncn2[C@@H]2O[C@H](CO)C(OP(=O)(O)O)[C@@H]2O)c(=O)[nH]1,success,248,227,188.1,
6077,CC(=O)Nc1nc2c(ncn2[C@@H]2O[C@H](CO)[C@@H]3OOC32)c(=O)[nH]1,success,1067,1044,1646.5,
6078,Nc1nc2c(ncn2[C@@H]2O[C@H](CO)[C@H]3OC23)c(=O)[nH]1,success,207,188,203.71,
6079,CCC[I-]C(=O)Nc1nc2c(ncn2[C@@H]2C[C@H](O)[C@H](CO)O2)c(=O)[nH]1,success,2239,2218,1685.52,
6080,C#C[C@]1(CO)O[C@H](n2cnc3c(=O)[nH]c(N)nc32)C[C@@H]1O,success,361,342,313.61,
6081,Cn1c[n+]([C@@H]2O[C@H](COP(=O)(O)OP(=O)(O)O)C(O)[C@@H]2O)c2nc(N)[nH]c(=O)c21,success,78,62,67.22,
6082,COC1[C@@H](COP(=O)(O)OP(=O)(O)O)O[C@@H]([n+]2cn(C)c3c(=O)[nH]c(N)nc32)[C@H]1O,success,80,62,106.39,
6083,COC1[C@@H](COP(=O)([O-])OP(=O)([O-])O)O[C@@H]([n+]2cn(C)c3c(=O)[nH]c(N)nc32)[C@H]1O,success,112,94,129.18,
6084,C#CC[C@@]1(O)[C@@H](CO)O[C@@H](n2cnc3c(=O)[nH]c(N)nc32)[C@@H]1O,success,992,973,713.6,
6085,CC(=O)OC1[C@@H](O)[C@@H](CO)O[C@H]1n1cnc2c(=O)[nH]c(N)nc21,success,1545,1522,1655.61,
6086,CC(=O)OC1C(OC(C)=O)[C@@H](CO)O[C@H]1n1cnc2c(=O)[nH]c(NC(=O)C(C)C)nc21,success,181,162,111.46,
6087,CC.COC1C(COP(=O)(O)OP(=O)(O)O)OC([n+]2cn(C)c3c(=O)[nH]c(N)nc32)C1O,success,42,26,36.53,
6088,Nc1nc2c(ncn2[C@H]2CC(O)[C@@H](COP)O2)c(=O)[nH]1,success,201,182,237.8,
6089,COC1C(CO)OC(n2cnc3c(=O)[nH]c(N)nc32)C1OC.O.O=PO.[H][H],success,42,26,32.9,
6090,CC.COC1C(O)C(CO)OC1n1cnc2c(=O)[nH]c(N)nc21.O.O=PO.[H][H],success,42,26,50.39,
6091,COC1C(O)C(CO)OC1n1cnc2c(=O)[nH]c(N)nc21.O.O=PO.[H][H],success,42,26,49.89,
6092,COCCO.Nc1nc2c(ncn2C2CCC(CO)O2)c(=O)[nH]1,success,42,26,26.36,
6093,CN(c1nc2nc[nH]c2c(=O)[nH]1)C1O[C@H](CO)[C@@H](O)[C@@H]1O,success,356,337,310.08,
6094,CC[C@H]1O[C@@H]([n+]2cn(C)c3c(=O)[nH]c(N)nc32)C(O)[C@H]1OC,success,851,829,770.2,
6095,CNC(=O)CCOC1[C@@H](O)[C@@H](CO)O[C@H]1n1cnc2c(=O)[nH]c(/N=C/N(C)C)nc21,success,310,291,162.75,
6096,CNC(=O)CCOC1[C@@H](O)[C@@H](CO)O[C@H]1n1cnc2c(=O)[nH]c(N)nc21,success,2113,2093,2856.53,
6097,Nc1nc2c(=O)[nH]cnc2n1[C@@H]1O[C@H](CO)C(O)[C@@H]1O,success,362,343,359.24,
6098,CC.COC1C(O)C(CO)OC1n1cnc2c(=O)[nH]c(NC(=O)C(C)C)nc21,success,42,26,67.44,
6099,C[C@@]1(n2cnc3c(=O)[nH]cnc32)O[C@H](CO)[C@@H](OP(=O)(O)O)[C@H]1O,success,114,96,140.5,
6100,C=Cc1nc2c(ncn2[C@@H]2O[C@H](CO)[C@H](O)[C@H]2O)c(=O)[nH]1,success,312,293,325.88,
6101,Nc1nc2c(ncn2C2O[C@H](CO)C(O)[C@@]23CN3)c(=O)[nH]1,success,280,261,249.88,
6102,CN(C)c1nc2c(ncn2[C@@H]2O[C@H](CO)[C@@H](OP(=O)(O)O)[C@H]2O)c(=O)n1C,success,137,119,190.23,
6103,CNc1nc2c(ncn2[C@H]2C[C@H](O)[C@@H](COP(=O)(O)O)O2)c(=O)n1C,success,237,218,270.57,
6104,Cn1cnc2c(ncn2[C@H]2C[C@H](OP(=O)(O)O)[C@@H](CO)O2)c1=O,success,185,166,214.76,
6105,CNc1nc2c(ncn2[C@@H]2O[C@H](CO)[C@@H](OP(=O)(O)O)[C@H]2O)c(=O)n1C,success,152,134,196.2,
6106,CNC1N(C)C(=O)c2ncn([C@@H]3O[C@H](CO)[C@@H](O)[C@H]3OC)c2N1C,success,213,195,244.44,
6107,CO[C@@H]1[C@H](O)[C@@H](CO)O[C@H]1n1cnc2c(=O)n(C)c(=O)n(C)c21,success,201,182,205.62,
6108,CN1C(=O)c2ncn([C@@H]3O[C@H](CO)[C@@H](OP(=O)(O)O)[C@H]3O)c2N(C)C1N,success,120,102,223.94,
6109,CO[C@@H]1[C@H](O)[C@@H](CO)O[C@H]1n1cnc2c(=O)ncn(C)c21,success,260,241,331.37,
6110,CN1CN(C)c2c(ncn2[C@H]2C[C@H](O)[C@@H](CO)O2)C1=O,success,317,298,278.45,
6111,Cn1cnc(=O)c2ncn([C@@H]3O[C@H](COP(=O)(O)O)[C@@H](O)[C@H]3O)c21,success,124,106,258.07,
6112,CNC1N(C)C(=O)c2ncn([C@@H]3O[C@H](CO)[C@@H](OP(=O)(O)O)[C@H]3O)c2N1C,success,132,114,187.82,
6113,CNC1N(C)C(=O)c2ncn([C@H]3C[C@H](O)[C@@H](CO)O3)c2N1C,success,452,433,420.23,
6114,CO[C@@H]1[C@H](O)[C@@H](CO)O[C@H]1n1cnc2c(=O)nc(N)n(C)c21,success,325,306,296.5,
6115,CC(=O)Nc1nc2c(ncn2[C@@H]2O[C@H](CO)[C@@H](OP(=O)(O)O)[C@H]2O)c(=O)[nH]1,success,248,227,212.49,
6116,Nc1nc2c(ncn2[C@@H]2O[C@@H]3COP(=O)([O-])OC3[C@@H]2O)c(=O)[nH]1,success,117,98,133.78,
6117,Cn1c(N)nc(=O)c2ncn([C@@H]3O[C@H](CO)[C@@H](OP(=O)(O)O)[C@H]3O)c21,success,141,123,181.82,
6118,Cn1cnc2c(ncn2[C@H]2C[C@H](O)[C@@H](COP(=O)(O)O)O2)c1=O,success,155,136,200.07,
6119,CN1CN(C)c2c(ncn2[C@@H]2O[C@H](CO)[C@@H](O)[C@H]2O)C1=O,success,313,294,258.67,
6120,Cn1c(=O)[nH]c(=O)c2ncn([C@H]3C[C@H](O)[C@@H](CO)O3)c21,success,240,221,297.83,
6121,CNc1nc(=O)c2ncn([C@@H]3O[C@H](CO)[C@@H](OP(=O)(O)O)[C@H]3O)c2n1C,success,152,134,198.62,
6122,CN(C)C1N(C)C(=O)c2ncn([C@@H]3O[C@H](CO)[C@@H](O)[C@H]3O)c2N1C,success,189,171,237.64,
6123,CN1C(=O)c2ncn([C@H]3C[C@H](O)[C@@H](CO)O3)c2N(C)C1N,success,409,390,317.17,
6124,CNc1nc(=O)c2ncn([C@@H]3O[C@H](COP(=O)(O)O)[C@@H](O)[C@H]3O)c2n1C,success,162,144,283.29,
6125,CN1C(=O)c2ncn([C@@H]3O[C@H](COP(=O)(O)O)[C@@H](O)[C@H]3O)c2N(C)C1N,success,130,112,267.52,
6126,Cn1c(=O)[nH]c2c(ncn2[C@H]2C[C@H](O)[C@@H](CO)O2)c1=O,success,240,221,371.41,
6127,CNc1nc2c(ncn2[C@@H]2O[C@H](COP(=O)(O)O)[C@@H](O)[C@H]2O)c(=O)n1C,success,162,144,254.45,
6128,CNC1N(C)C(=O)c2ncn([C@@H]3O[C@H](CO)[C@@H](O)[C@H]3O)c2N1C,success,386,367,381.68,
6129,CO[C@@H]1[C@H](O)[C@@H](CO)O[C@H]1n1cnc2c1N(C)C(N)N(C)C2=O,success,298,279,320.86,
6130,CN(C)c1nc2c(ncn2[C@H]2C[C@H](OP(=O)(O)O)[C@@H](CO)O2)c(=O)[nH]1,success,189,170,348.42,
6131,CO[C@@H]1[C@H](O)[C@@H](CO)O[C@H]1n1cnc2c1N(C)CN(C)C2=O,success,232,213,235.57,
6132,CO[C@@H]1[C@H](O)[C@@H](CO)O[C@H]1n1cnc2c(=O)n(C)c(=O)[nH]c21,success,218,199,235.71,
6133,CN1C(=O)c2ncn([C@@H]3O[C@H](CO)[C@@H](O)[C@H]3O)c2N(C)C1N,success,403,384,306.84,
6134,CNc1nc(=O)c2ncn([C@@H]3O[C@H](CO)[C@@H](O)[C@H]3OC)c2n1C,success,305,286,290.18,
6135,CO[C@@H]1[C@H](O)[C@@H](CO)O[C@H]1n1cnc2c(=O)n(C)c(N(C)C)nc21,success,186,168,195.65,
6136,CO[C@@H]1[C@H](O)[C@@H](CO)O[C@H]1n1cnc2c(=O)nc(N(C)C)n(C)c21,success,186,168,194.57,
6137,CO[C@@H]1[C@H](O)[C@@H](CO)O[C@H]1n1cnc2c(=O)[nH]c(=O)n(C)c21,success,218,199,221.86,
6138,CNc1nc2c(ncn2[C@@H]2O[C@H](COP(=O)([O-])[O-])[C@H](O)C2O)c(=O)[nH]1,success,217,199,350.05,
6139,Cn1c(N)nc2c(ncn2[C@H]2C[C@H](OP(=O)(O)O)[C@@H](CO)O2)c1=O,success,234,215,255.91,
6140,CNC1N(C)C(=O)c2ncn([C@@H]3O[C@H](COP(=O)(O)O)[C@@H](O)[C@H]3O)c2N1C,success,157,139,273.67,
6141,Cn1cnc(=O)c2ncn([C@@H]3O[C@H](CO)[C@@H](OP(=O)(O)O)[C@H]3O)c21,success,125,107,215.0,
6142,CNc1nc(=O)c2ncn([C@H]3C[C@H](O)[C@@H](COP(=O)(O)O)O3)c2n1C,success,237,218,286.0,
6143,CN(C)c1nc2c(ncn2[C@@H]2O[C@H](CO)[C@@H](OP(=O)(O)O)[C@H]2O)c(=O)[nH]1,success,135,117,181.73,
6144,CNc1nc(=O)c2ncn([C@@H]3O[C@H](CO)[C@@H](O)[C@H]3O)c2n1C,success,408,389,410.57,
6145,CN(C)c1nc(=O)c2ncn([C@H]3C[C@H](O)[C@@H](CO)O3)c2n1C,success,281,262,293.76,
6146,Cn1cnc2c(ncn2[C@@H]2O[C@H](COP(=O)([O-])[O-])[C@H](O)C2O)c1=O,success,188,170,256.13,
6147,CNc1nc2c(ncn2[C@H]2C[C@H](O)[C@@H](CO)O2)c(=O)n1C,success,381,362,325.0,
6148,CN(C)C1N(C)C(=O)c2ncn([C@H]3C[C@H](O)[C@@H](CO)O3)c2N1C,success,291,273,254.82,
6149,Cn1c(N)nc(=O)c2ncn([C@@H]3O[C@H](COP(=O)(O)O)[C@@H](O)[C@H]3O)c21,success,141,123,282.47,
6150,Cn1cnc(=O)c2ncn([C@H]3C[C@H](O)[C@@H](CO)O3)c21,failed,268,249,259.12,min() arg is an empty sequence
6151,CN(C)c1nc(=O)c2ncn([C@@H]3O[C@H](CO)[C@@H](O)[C@H]3O)c2n1C,success,288,269,313.03,
6152,CNc1nc2c(ncn2[C@H]2C[C@H](OP(=O)(O)O)[C@@H](CO)O2)c(=O)[nH]1,success,248,229,285.45,
6153,CNc1nc(=O)c2ncn([C@H]3C[C@H](OP(=O)(O)O)[C@@H](CO)O3)c2n1C,success,282,263,335.19,
6154,CNc1nc2c(ncn2[C@H]2C[C@H](OP(=O)(O)O)[C@@H](CO)O2)c(=O)n1C,success,282,263,383.76,
6155,CO[C@@H]1[C@H](O)[C@@H](CO)O[C@H]1n1cnc2c1N(C)C(N(C)C)N(C)C2=O,success,176,158,242.73,
6156,CNc1nc(=O)c2ncn([C@H]3C[C@H](O)[C@@H](CO)O3)c2n1C,success,381,362,351.8,
6157,CN(C)c1nc2c(ncn2[C@H]2C[C@H](O)[C@@H](CO)O2)c(=O)n1C,success,281,262,278.37,
6158,CN(C)c1nc2c(ncn2[C@@H]2O[C@H](COP(=O)(O)O)[C@@H](O)[C@H]2O)c(=O)n1C,success,144,126,283.59,
6159,COC[C@H]1O[C@@H](n2cnc3c(=O)[nH]c(N)nc32)[C@@H](O)C1OP(C)(=O)O,success,250,231,265.93,
6160,COC[C@H]1O[C@@H](n2cnc3c(=O)[nH]cnc32)C[C@H]1OC,success,138,120,162.82,
6161,N.O=c1[nH]c(S(=O)(=O)O)nc2c1ncn2[C@@H]1O[C@H](CO)[C@@H](O)[C@H]1O,success,53,37,59.1,
6162,CC(C)N(C(C)C)[P+](O)(O)O[C@H]1[C@@H](O)[C@H](n2cnc3c(=O)[nH]c(N)nc32)O[C@@H]1CO,failed,90,72,67.07,min() arg is an empty sequence
6163,Cn1c[n+]([C@@H]2O[C@H](COP(=O)([O-])OP(=O)(O)O)[C@@H](O)[C@H]2O)c2nc[nH]c(=O)c21,success,108,92,83.3,
6164,Nc1nc2c(ncn2[14C@@H]2O[C@H](CO)[C@@H](O)[C@H]2O)c(=O)[nH]1,success,361,342,361.4,
6165,CO[C@@H]1[C@H](OP(O)(=S)S)[C@@H](CO)O[C@H]1n1cnc2c(=O)[nH]c(N)nc21,success,230,211,281.19,
6166,CO[C@@H]1[C@H](O)[C@@H](CO)O[C@H]1[n+]1cn(C)c2c(=O)[nH]cnc21,success,293,274,275.36,
6167,Cn1c(=O)c2c(n(C)c1=O)[n+]([C@@H]1O[C@H](CO)[C@@H](O)[C@H]1O)cn2C,success,276,257,252.95,
6168,Cn1c[n+]([C@@H]2O[C@H](CO)[C@@H](OP(=O)(O)O)[C@H]2O)c2nc[nH]c(=O)c21,success,138,120,216.97,
6169,CO[C@@H]1[C@H](O)[C@@H](CO)O[C@H]1[n+]1cn(C)c2c1N(C)CN(C)C2=O,success,202,184,194.43,
6170,Cn1c(=O)[nH]c2c(c1=O)n(C)c[n+]2[C@@H]1O[C@H](CO)[C@@H](O)[C@H]1O,success,314,295,282.23,
6171,CC(=O)OC[C@H]1O[C@@H]([n+]2cn(C)c3c(=O)[nH]cnc32)[C@H](OC(C)=O)[C@@H]1OC(C)=O,success,354,333,216.67,
6172,Cn1c[n+]([C@@H]2O[C@H](CO)[C@@H](O)[C@H]2O)c2c1c(=O)ncn2C,success,363,344,306.81,
6173,CO[C@@H]1[C@H](O)[C@@H](CO)O[C@H]1[n+]1cn(C)c2c(=O)n(C)c(=O)[nH]c21,success,246,227,279.25,
6174,Cn1cnc2c(c1=O)n(C)c[n+]2[C@H]1C[C@H](O)[C@@H](CO)O1,success,336,316,272.88,
6175,Cn1c[n+]([C@H]2C[C@H](O)[C@@H](CO)O2)c2c1c(=O)ncn2C,success,336,316,315.36,
6176,Cn1c[n+]([C@@H]2O[C@H](CO)[C@@H](O)[C@H]2O)c2c1c(=O)[nH]c(=O)n2C,success,314,295,301.08,
6177,CN1CN(C)c2c(n(C)c[n+]2[C@H]2C[C@H](O)[C@@H](CO)O2)C1=O,success,363,343,378.07,
6178,CO[C@@H]1[C@H](O)[C@@H](CO)O[C@H]1[n+]1cn(C)c2c(=O)ncn(C)c21,success,275,256,310.76,
6179,Cn1c[n+]([C@H]2C[C@H](O)[C@@H](CO)O2)c2nc[nH]c(=O)c21,success,309,289,276.63,
6180,Cn1c[n+]([C@H]2C[C@H](O)[C@@H](COP(=O)(O)O)O2)c2nc[nH]c(=O)c21,success,170,150,240.09,
6181,Cn1c(=O)[nH]c2c(c1=O)n(C)c[n+]2[C@H]1C[C@H](O)[C@@H](CO)O1,success,325,305,355.0,
6182,Cn1c[n+]([C@@H]2O[C@H](CO)[C@@H](OP(=O)(O)O)[C@H]2O)c2nc(N)[nH]c(=O)c21,success,154,136,189.66,
6183,CO[C@@H]1[C@H](O)[C@@H](CO)O[C@H]1[n+]1cn(C)c2c(=O)n(C)c(=O)n(C)c21,success,176,158,226.02,
6184,CO[C@@H]1[C@H](O)[C@@H](CO)O[C@H]1[n+]1cn(C)c2c(=O)[nH]c(=O)n(C)c21,success,246,227,317.34,
6185,CO[C@@H]1[C@H](O)[C@@H](CO)O[C@H]1[n+]1cn(C)c2c(=O)[nH]c(=O)[nH]c21,success,264,245,268.98,
6186,CO[C@@H]1[C@H](O)[C@@H](CO)O[C@H]1[n+]1cn(C)c2c(=O)n(C)cnc21,success,275,256,275.68,
6187,Cn1c[n+]([C@H]2C[C@H](O)[C@@H](CO)O2)c2c1c(=O)[nH]c(=O)n2C,success,325,305,358.28,
6188,CN1CN(C)c2c(n(C)c[n+]2[C@@H]2O[C@H](CO)[C@@H](O)[C@H]2O)C1=O,success,320,301,267.45,
6189,Cn1c[n+]([C@H]2C[C@H](OP(=O)(O)O)[C@@H](CO)O2)c2nc[nH]c(=O)c21,success,200,181,268.29,
6190,Cn1c[n+]([C@H]2C[C@H](O)[C@@H](CO)O2)c2[nH]c(=O)[nH]c(=O)c21,success,301,281,326.27,
6191,Cn1cnc2c(c1=O)n(C)c[n+]2[C@@H]1O[C@H](CO)[C@@H](OP(=O)(O)O)[C@H]1O,success,142,124,194.98,
6192,Cn1cnc2c(c1=O)n(C)c[n+]2[C@@H]1O[C@H](COP(=O)(O)O)[C@@H](O)[C@H]1O,success,146,128,246.34,
6193,Cn1c(N)nc(=O)c2ncn(C3C[C@H](O)[C@@H](CO)O3)c21,success,326,307,364.24,
6194,NC(=O)c1c(N)ncn1C1CC(O)C(CO)O1,success,752,733,626.74,
6195,CN(C)N=Nc1ncn(C2OC(CO)C(O)C2O)c1C(N)=O,success,974,955,957.22,
6196,CN(C)N=Nc1c(C(N)=O)ncn1C1OC(CO)C(O)C1O,success,974,955,865.04,
6197,NC(=O)c1ncn(C2OC(CO)CC2O)c1N,success,752,733,611.5,
6198,CN(C)C=Nn1cnc2c(ncn2C2OC(CO)C(O)C2O)c1=O,success,345,326,337.42,
6199,Nc1c(C(=O)NCC(=O)O)ncn1C1OC(CO)C(O)C1O,success,4697,4678,7848.23,
6200,Cn1c[n+](C2OC(CO)C(O)C2O)c2c1C(=O)NC(O)N2,success,424,405,247.44,
6201,NC1NC(=O)c2c([n+](C3OC(CO)C(O)C3O)cn2CCO)N1,success,1748,1727,1116.58,
6202,Cn1c[n+](C2OC(CO)C(O)C2O)c2[nH]c(=O)[nH]c(=O)c21,success,311,292,257.47,
6203,O=c1c2ncn([C@@H]3O[C@H](COP(=O)(O)O)[C@@H](O)[C@@H]3O)c2ncn1O,success,58,42,82.63,
6204,Cn1cnc2c(ncn2[C@@H]2O[C@H](COP(=O)(O)O)[C@@H](O)[C@@H]2O)c1=O,success,124,106,257.37,
6205,COP(=O)(O)OC[C@H]1O[C@@H](n2cnc3c(=O)n(C)cnc32)[C@@H](O)[C@@H]1O,success,199,181,298.55,
6206,Cn1c(N)nc2c(ncn2[C@H]2O[C@H](CO)[C@@H](O)[C@@H]2O)c1=O,success,380,361,344.43,
6207,O=c1[nH]c(=O)c2ncn([C@H]3O[C@@H](CO)[C@@H](O)[C@@H]3O)c2[nH]1,success,243,224,213.23,
6208,O=c1c2ncn(C3OC(CO)C(O)C3O)c2ncn1O,success,292,273,180.45,
6209,NC1NC(=O)c2nc(N3CCCCC3)n(C3OC(CO)C(O)C3O)c2N1,success,129,113,226.32,
6210,Nc1[nH]c(=O)c2c([nH+]1)[n+](C1OC(CO)C(O)C1O)cn2CCO,success,1546,1525,1098.48,
6211,Cn1c(N)nc2c(ncn2C2OC(COP(=O)(O)O)C(O)C2O)c1=O,success,142,124,244.75,
6212,NC(=O)c1ncn(C2OC(COP(=O)(O)O)C(O)C2O)c1NCNCC(O)C(O)C(O)COP(=O)(O)O,success,361,344,200.97,
6213,Cn1c(=O)c2c(ncn2C2OC(CO)C(O)C2O)n(C)c1=O,success,256,237,200.56,
6214,Nc1c(C(=O)NC(CC(=O)O)C(=O)O)ncn1C1OC(CO)C(O)C1O,success,4569,4551,4670.05,
6215,C[Hg].C[Hg]n1cnc2c(ncn2C2OC(CO)C(O)C2O)c1=O,success,42,26,26.13,
6216,O=C1[N]C=Nc2c1ncn2C1OC(CO)C(O)C1O,success,42,26,35.74,
6217,CN(C)/N=N/c1ncn(C2OC(CO)C(O)C2O)c1C(N)=O,success,974,955,885.76,
6218,CN(C)/N=N/c1c(C(N)=O)ncn1C1OC(CO)C(O)C1O,success,974,955,1043.25,
6219,Cn1c(N)nc2c(ncn2[C@@H]2O[C@@H](CO)[C@@H](O)[C@H]2O)c1=O,success,380,361,332.0,
6220,O=c1[nH]c(=O)c2ncn([C@H]3O[C@@H](CO)[C@@H](O)[C@H]3O)c2[nH]1,success,243,224,202.61,
6221,O=c1[nH]c(=O)c2ncn([C@@H]3O[C@@H](CO)[C@@H](O)[C@@H]3O)c2[nH]1,success,243,224,208.83,
6222,Cn1c(=O)c2c(ncn2[C@H]2O[C@@H](CO)[C@@H](O)[C@H]2O)n(C)c1=O,success,254,235,199.46,
6223,Cn1c(=O)c2c(ncn2[C@@H]2O[C@@H](CO)[C@@H](O)[C@H]2O)n(C)c1=O,success,254,235,302.77,
6224,Cn1c(=O)c2c(ncn2[C@H]2O[C@@H](CO)[C@@H](O)[C@@H]2O)n(C)c1=O,success,254,235,268.88,
6225,Cn1c(=O)c2c(ncn2[C@@H]2O[C@@H](CO)[C@@H](O)[C@@H]2O)n(C)c1=O,failed,254,235,198.25,min() arg is an empty sequence
6226,Cn1c(N)nc2c(ncn2[C@H]2O[C@@H](CO)[C@@H](O)[C@H]2O)c1=O,success,380,361,372.51,
6227,Cn1c(N)nc2c(ncn2[C@H]2O[C@@H](CO)[C@@H](O)[C@@H]2O)c1=O,success,380,361,347.83,
6228,Cn1c(N)nc2c(ncn2[C@@H]2O[C@@H](CO)[C@@H](O)[C@@H]2O)c1=O,success,380,361,350.37,
6229,CCCn1cnc2c(ncn2[C@H]2C[C@H](O)[C@@H](CO)O2)c1=O,success,1873,1851,1248.72,
6230,NC(=O)c1ncn([C@@H]2O[C@H](CO)[C@@H](O)[C@H]2O)c1N/C=N/[C@@H]1O[C@H](COP(=O)(O)O)[C@@H](O)[C@H]1O,success,162,146,109.3,
6231,[N-]=[N+]=Nc1c(C(N)=O)ncn1[C@@H]1O[C@H](CO)[C@@H](O)[C@H]1O,success,789,770,671.66,
6232,O=C1NCNc2c1ncn2C1O[C@@H](COP(=O)(O)O)[C@H](O)[C@@H]1O,success,99,81,155.46,
6233,O=C1NCNc2c1ncn2C1O[C@@H](CO)[C@H](O)[C@@H]1O,success,286,267,267.0,
6234,O=C1NCC(O)Nc2c1ncn2[C@@H]1O[C@H](CO)[C@@H](O)[C@H]1O,success,381,362,225.5,
6235,O=c1c2ncn3c2ncn1COCCOP(=O)(O)OP(=O)(O)OC[C@H]1O[C@@H]3[C@H](O)[C@@H]1O,success,42,26,40.05,
6236,NC(=O)c1ncn([C@@H]2O[C@H](CO)[C@@H](O)[C@H]2O)c1N/C=N/[C@@H]1O[C@H](CO)[C@@H](O)[C@H]1O,success,306,290,175.79,
6237,CCCCn1c(=O)c2ncn([C@@H]3O[C@H](CO)[C@@H](O)[C@H]3O)c2n(CCCC)c1=O,success,42,26,30.58,
6238,NC(=O)c1ncn([C@@H]2O[C@H](COP(=O)(O)O)[C@@H](O)[C@H]2O)c1N/C=N/[C@@H]1O[C@H](CO)[C@@H](O)[C@H]1O,success,173,157,137.05,
6239,Nc1c(C([15NH2])=O)ncn1[C@H]1C[C@H](O)[C@@H](CO)O1,success,811,792,638.64,
6240,Nc1c(C(=O)N[C@@H]2O[C@H](CO)[C@@H](O)[C@H](O)[C@H]2O)ncn1[C@@H]1O[C@H](CO)[C@@H](O)[C@H]1O,success,153,137,137.79,
6241,Cn1cnn2c(=O)c3ncn([C@@H]4O[C@H](CO)[C@@H](O)[C@H]4O)c3nc12,success,301,282,334.27,
6242,CO[C@H]1[C@@H](O)[C@H](n2cnc3c(=O)n4ncn(C)c4nc32)O[C@@H]1CO,success,227,208,235.3,
6243,CCCCn1c(=O)[nH]c2ncn([C@@H]3O[C@H](CO)[C@@H](O)[C@H]3O)c2c1=O,success,1073,1052,1307.87,
6244,NC(=O)c1ncn([C@@H]2O[C@H](CO[32P](=O)(O)O)[C@@H](O)[C@H]2O)c1N,success,592,574,733.75,
6245,O=C1CNC(=O)c2ncn([C@@H]3O[C@H](CO)[C@@H](O)[C@H]3O)c2N1,success,254,235,184.14,
6246,CCCn1cnc2c(ncn2[C@@H]2O[C@H](CO)[C@@H](O)[C@H]2OC)c1=O,success,1123,1102,887.35,
6247,CCCn1cnc2c(ncn2[C@@H]2O[C@H](COP(=O)(O)O)[C@@H](O)[C@H]2O)c1=O,success,1049,1031,1531.18,
6248,N#[N+]c1c(C(N)=O)ncn1[C@@H]1O[C@H](CO)[C@@H](O)[C@H]1O.[Cl-],success,42,26,50.9,
6249,N#[N+]c1c(C(N)=O)ncn1[C@@H]1O[C@H](CO)[C@@H](O)[C@H]1O,success,839,820,678.49,
6250,Nc1nc2c(=O)n3cnc2n1[C@@H]1O[C@H](COP(=O)(O)OP(=O)(O)OCCOC3)[C@@H](O)[C@H]1O,success,42,26,32.9,
6251,CCCn1cnc2c(ncn2[C@@H]2O[C@H](CO)[C@@H](O)[C@H]2O)c1=O,success,1668,1646,1241.91,
6252,C=CCn1cnc2c(ncn2[C@@H]2O[C@H](CO)[C@@H](O)[C@H]2OC)c1=O,success,646,627,584.23,
6253,NC(=O)c1ncn([C@H]2O[C@@H](CO)[C@@H](O)[C@@H]2O)c1N,success,985,966,824.65,
6254,NC(=O)c1ncn([C@@H]2O[C@H](CO)[C@H](O)[C@H]2O)c1N,success,985,966,873.89,
6255,NC(=O)c1ncn([C@H]2O[C@@H](CO)[C@H](O)[C@H]2O)c1N,success,985,966,816.29,
6256,Cn1c(N)nc2c(ncn2[C@@H]2O[C@H](CO)[C@H](O)[C@H]2O)c1=O,success,380,361,369.29,
6257,COC1C(O)C(CO)OC1n1cnc2c(=O)n(C)cnc21,success,279,260,251.53,
6258,O=c1[nH]c(=O)c2ncn(C3CC(O)C(CO)O3)c2[nH]1,success,208,189,269.15,
6259,CNc1c(C(N)=O)ncn1[C@@H]1O[C@H](CO)[C@@H](O)[C@H]1O,success,1184,1165,1066.55,
6260,CCNc1c(C(N)=O)ncn1[C@@H]1O[C@H](CO)[C@@H](O)[C@H]1O,failed,2721,2700,2737.48,min() arg is an empty sequence
6261,CC(C)Nc1c(C(N)=O)ncn1[C@@H]1O[C@H](CO)[C@@H](O)[C@H]1O,success,2854,2833,2777.46,
6262,CC1OC(n2cnc3c(=O)[nH]c(=O)[nH]c32)C(O)C1O,success,125,106,145.01,
6263,CCCn1c(=O)c2c(ncn2C2OC(CO)C(O)C2O)n(CCC)c1=O,success,42,26,45.95,
6264,CCCn1c(=O)c2c(ncn2[C@@H]2O[C@H](CO)[C@@H](O)[C@H]2O)n(CCC)c1=O,success,42,26,38.0,
6265,CCCCn1c(=O)c2c(ncn2C2OC(CO)C(O)C2O)n(CCCC)c1=O,success,42,26,47.39,
6266,CCCCn1c(=O)c2c(ncn2[C@@H]2O[C@H](CO)[C@@H](O)[C@H]2O)n(CCCC)c1=O,success,42,26,30.53,
6267,O=c1c2[nH]cnc2ncn1[C@@H]1O[C@H](CO)[C@@H](O)[C@H]1O,success,279,260,271.48,
6268,Nc1c(C(=O)NCC(=O)O)ncn1[C@@H]1O[C@H](CO)[C@@H](O)[C@H]1O,success,4532,4513,7800.51,
6269,Cc1cn2c(=O)c3ncn(C4CC(O)C(CO)O4)c3nc2[nH]1,success,251,232,286.39,
6270,Cc1cn2c(=O)c3ncn([C@H]4C[C@H](O)[C@@H](CO)O4)c3nc2[nH]1,success,249,230,233.03,
6271,CCOC(Cn1c(N)nc2c(ncn2C2OC(CO)C(O)C2O)c1=O)OCC,success,197,175,110.02,
6272,CCNC(=O)c1ncn([C@@H]2O[C@H](CO)[C@@H](O)[C@H]2O)c1N,success,2890,2869,2913.97,
6273,C=CCn1c(=O)[nH]c2c(ncn2C2OC(CO)C(O)C2O)c1=O,success,834,814,980.88,
6274,C=CCn1c(=O)[nH]c2c(ncn2[C@@H]2O[C@H](CO)[C@@H](O)[C@H]2O)c1=O,success,820,800,1066.55,
6275,O=c1[nH]c(=O)c2ncn(C3CCC(CO)O3)c2[nH]1,success,124,105,162.89,
6276,COc1nc2c(nc(N)n2[C@@H]2O[C@H](CO)[C@@H](O)[C@H](O)[C@H]2O)c(=O)n1C,failed,598,579,437.86,min() arg is an empty sequence
6277,COc1nc2c(nc(N)n2[C@@H]2OC[C@@H](O)[C@H](O)[C@H]2O)c(=O)n1C,success,284,265,193.68,
6278,Cn1c(=O)[nH]c2c(ncn2[C@@H]2O[C@H](CO)[C@H](O)[C@H]2O)c1=O,success,256,237,259.99,
6279,COc1nc2c(ncn2[C@@H]2O[C@H](CO)[C@@H](O)[C@H](O)[C@H]2O)c(=O)n1C,success,557,538,436.43,
6280,COc1nc2c(ncn2[C@@H]2OC[C@@H](O)[C@H](O)[C@H]2O)c(=O)n1C,success,228,209,222.64,
6281,Cn1c[n+]([C@@H]2O[C@H](COP(=O)(O)OP(=O)(O)OP(=O)=O)[C@@H](O)[C@H]2O)c2nc(N)[nH]c(=O)c21,success,89,73,144.49,
6282,Nc1nc2c(ncn2[C@@H]2O[C@H](COP(=O)=O)[C@@H](O)[C@H]2O)c(=O)[nH]1,success,222,203,267.33,
6283,O=c1[nH]c(=O)c2ncn([C@@H]3O[C@H](CO)C(O)[C@H]3O)c2[nH]1,success,244,225,224.66,
6284,C[Hg]n1cnc2c(ncn2C2OC(CO)C(O)C2O)c1=O,success,315,296,253.43,
6285,NC(=O)c1ncn([C@@H]2O[C@H](COP(=O)(O)O)C(O)[C@H]2O)c1N,success,547,529,708.66,
6286,C=CCn1cnc2c(ncn2[C@@H]2O[C@H](CO)[C@@H](O)[C@H]2O)c1=O,success,1072,1052,804.49,
6287,O=c1[nH]c(=O)c2ncn(C3OC(COS(=O)(=O)O)C(O)C3O)c2[nH]1,success,54,38,61.37,
6288,O=c1c2ncn3c2ncn1COCCOP(=O)(O)OP(=O)(O)OC[C@H]1O[C@H]3[C@H](O)[C@@H]1O,success,42,26,35.04,
6289,CC(=O)CC1NC(=O)c2ncn(C3OC(CO)C(O)C3O)c2N1,success,4769,4747,4362.42,
6290,CC(O)CC1NC(=O)c2ncn(C3OC(CO)C(O)C3O)c2N1,success,3014,2992,1913.37,
6291,C=CC1NC(=O)c2ncn(C3OC(CO)C(O)C3O)c2N1,failed,315,296,276.57,min() arg is an empty sequence
6292,O=C1NC(C(O)CO)Nc2c1ncn2C1OC(CO)C(O)C1O,success,2012,1991,1354.11,
6293,O=C1NC(CCO)Nc2c1ncn2C1OC(CO)C(O)C1O,success,1802,1781,1073.33,
6294,O=CC1NC(=O)c2ncn(C3OC(CO)C(O)C3O)c2N1,success,785,766,562.24,
6295,O=C1NC(I)Nc2c1ncn2C1OC(CO)C(O)C1O,success,288,269,254.69,
6296,CCC(O)C(C)C1NC(=O)c2ncn(C3OC(CO)C(O)C3O)c2N1,success,2143,2122,1402.57,
6297,Nc1nc2nc[nH]c2c(=O)n1C1O[C@H](CO)[C@@H](O)[C@@H]1N,success,372,353,291.71,
6298,Nc1nc2nc[nH]c2c(=O)n1[C@@H]1O[C@H](CO)[C@@H](O)[C@@H]1N,success,372,353,373.94,
6299,O=C1NCN(C2O[C@H](CO)[C@@H](O)[C@H]2O)c2nc[nH]c21,success,321,302,258.33,
6300,O=C1NCN([C@@H]2O[C@H](CO)[C@@H](O)[C@H]2O)c2nc[nH]c21,success,320,301,342.21,
6301,NN1CNc2c(ncn2[C@@H]2O[C@H](CO)[C@@H](O)[C@H]2O)C1=O,success,308,289,269.84,
6302,CN1CNc2c(ncn2[C@H]2CC[C@@H](CO)O2)C1=O,success,166,147,143.45,
6303,NC(=O)c1ncn(C2OC(CO)C(O)C2O)c1I,success,848,829,727.2,
6304,Cn1c(N)nc2c(ncn2C2O[C@H](CO)[C@@H](O)[C@H]2O)c1=O,success,380,361,364.7,
6305,CC(C)C(=O)Nc1nc2c(ncn2C2O[C@H](CO)[C@@H](O)[C@H]2O)c(=O)n1C,success,1478,1457,1883.63,
6306,CN1CNc2c(ncn2C2OC(CO)C(O)C2O)C1=O,success,303,284,285.29,
6307,CC(=O)Nc1nc2c(ncn2[C@@H]2O[C@H](CO)[C@@H](O)[C@H]2O)c(=O)n1C,success,1980,1957,2517.42,
6308,Nc1ncnc2nc3c(nc(Br)n3[C@@H]3O[C@H](CO)[C@@H](O)[C@H]3O)c(=O)n12,success,56,40,50.78,
6309,O=c1c2ncn([C@@H]3O[C@H](CO)[C@@H](O)[C@H]3O)c2nc2[nH]c(CO)cn12,success,536,517,502.31,
6310,O=c1[nH]c(=O)c2c(ncn2[C@H]2CC(O)[C@@H](CO)O2)[nH]1,success,208,189,260.75,
6311,Cc1nc(C(N)=O)c(N)n1[C@@H]1O[C@H](CO)[C@@H](O)[C@H]1O,failed,990,971,773.85,min() arg is an empty sequence
6312,NC(=O)c1c(N)ncn1[C@H]1C[C@H](O)[C@@H](CO)O1,success,754,735,583.83,
6313,NC(=O)c1c(N)ncn1[C@@H]1C[C@H](O)[C@@H](CO)O1,success,754,735,594.31,
6314,C/C=C/n1cnc2c(=O)n([C@@H]3O[C@H](CO)[C@@H](O)[C@H]3O)cnc21,success,1055,1033,891.61,
6315,O=c1[nH]c(=O)n([C@@H]2OC(CO)[C@@H](O)[C@H]2O)c2nc[nH]c12,success,229,210,210.88,
6316,O=c1c2[nH]cnc2ncn1[C@H]1O[C@H](CO)[C@@H](O)[C@H]1O,success,279,260,242.69,
6317,O=c1nc[nH]c(=O)c2c1ncn2C1OC(CO)C(O)C1O,failed,245,226,184.16,min() arg is an empty sequence
6318,COP(=O)(O)OCC1OC(n2cnc3c(=O)n(C)cnc32)C(O)C1O,success,200,182,386.67,
6319,NC1(I)NC(=O)c2ncn([C@@H]3O[C@H](CO)[C@@H](O)[C@H]3O)c2N1,success,345,326,310.4,
6320,NC(=O)c1ncn(C2OC(CO)C(O)C2O)c1N.O=P(O)(O)O,success,42,26,61.91,
6321,O.O.O=c1[nH]c(=O)c2ncn(C3OC(CO)C(O)C3O)c2[nH]1,success,42,26,29.22,
6322,Nc1nc2c(=O)n3cnc2n1[C@H]1O[C@H](COP(=O)(O)OP(=O)(O)OCCOC3)[C@@H](O)[C@H]1O,success,42,26,33.16,
6323,O=c1c2ncn([C@@H]3O[C@H](COP(=O)(O)O)[C@@H](O)[C@H]3O)c2ncn1O,success,58,42,60.2,
6324,CCCn1c(=O)c2ncn([C@@H]3O[C@H](CO)[C@@H](O)[C@H]3O)c2n(CCC)c1=O,success,42,26,30.19,
6325,Cn1c(N)nc2c(ncn2[C@H]2O[C@H](CO)[C@@H](O)[C@H]2O)c1=O,success,380,361,312.05,
6326,NC(=O)c1ncn([C@@H]2O[C@H](COP(=O)(O)O)[C@@H](O)[C@@H]2O)c1N,success,545,527,644.42,
6327,Cn1c(N)nc2c(ncn2[C@@H]2O[C@H](CO)[C@@H](O)[C@@H]2O)c1=O,success,380,361,316.51,
6328,NC(=O)c1ncn([C@@H]2O[C@@H]3COP(=O)(O)O[C@H]3[C@H]2O)c1N,failed,404,385,519.32,min() arg is an empty sequence
6329,NC(=O)c1ncn([C@@H]2O[C@H](COP(=O)(O)O)[C@H](O)[C@@H]2O)c1N,success,545,527,666.17,
6330,NC(=O)c1ncn([C@H]2O[C@H](COP(=O)(O)O)[C@H](O)[C@@H]2O)c1N,success,545,527,696.93,
6331,NC(=O)c1ncn([C@@H]2O[C@@H](CO)[C@@H](O)[C@@H]2O)c1N,success,985,966,873.52,
6332,Cn1c(N)nc2c(ncn2[C@@H]2O[C@@H]3COP(=O)([O-])O[C@H]3[C@H]2O)c1=O.[Na+],success,42,26,42.87,
6333,Nc1c(C(=O)NC(CC(=O)O)C(=O)O)ncn1[C@@H]1O[C@H](CO)[C@@H](O)[C@H]1O,success,4008,3990,3874.4,
6334,O=c1[nH]c(=O)c2ncn([C@@H]3OC(CO)C(O)C3O)c2[nH]1,success,245,226,205.78,
6335,NCCCCn1cnc2c(ncn2[C@@H]2O[C@H](COP(=O)(O)O)[C@@H](O)[C@H]2O)c1=O,success,1747,1729,2564.97,
6336,NCCCCCn1cnc2c(ncn2[C@@H]2O[C@H](COP(=O)(O)O)[C@@H](O)[C@H]2O)c1=O,success,1196,1180,1796.84,
6337,NCCCCCCn1cnc2c(ncn2[C@@H]2O[C@H](COP(=O)(O)O)[C@@H](O)[C@H]2O)c1=O,success,42,26,39.03,
6338,O=c1c2ncn([C@@H]3O[C@H](COP(=O)(O)O)[C@@H](O)[C@H]3O)c2ncn1CCCCCO,success,319,302,243.49,
6339,CCCCn1cnc2c(ncn2[C@@H]2O[C@H](COP(=O)(O)O)[C@@H](O)[C@H]2O)c1=O,success,1040,1022,1283.94,
6340,NCCCCNC(=O)c1ncn([C@@H]2O[C@H](COP(=O)(O)O)[C@@H](O)[C@H]2O)c1N,success,5425,5406,10192.5,
6341,NCCCCCNC(=O)c1ncn([C@@H]2O[C@H](COP(=O)(O)O)[C@@H](O)[C@H]2O)c1N,success,5857,5838,11623.25,
6342,NCCCCCCNC(=O)c1ncn([C@@H]2O[C@H](COP(=O)(O)O)[C@@H](O)[C@H]2O)c1N,success,4976,4958,9893.23,
6343,Nc1c(C(=O)NCCCCCO)ncn1[C@@H]1O[C@H](COP(=O)(O)O)[C@@H](O)[C@H]1O,success,742,723,360.07,
6344,CCCCNC(=O)c1ncn([C@@H]2O[C@H](COP(=O)(O)O)[C@@H](O)[C@H]2O)c1N,success,3973,3952,7110.38,
6345,NC(=O)c1ncn([C@@H]2OC3COP(=O)(O)O[C@H]3[C@H]2O)c1N,success,404,385,560.38,
6346,NC(=O)c1ncn([C@@H]2O[C@@H](COP(=O)(O)O)[C@H](O)[C@H]2O)c1N,success,545,527,667.51,
6347,Nc1c(C(=O)N[C@@H](CC(=O)O)C(=O)O)ncn1[C@@H]1O[C@@H](CO)[C@@H](O)[C@H]1O,success,3646,3628,3165.96,
6348,C[Hg].C[Hg]n1cnc2c(ncn2C2OC(CO)C(O)C2O)c1=O,success,42,26,40.59,
6349,NC(=O)c1ncn([C@H]2O[C@@H](CO)[C@@H](O)[C@H]2O)c1N,success,985,966,874.52,
6350,NC(=O)c1ncn([C@@H]2O[C@@H](CO)[C@@H](O)[C@H]2O)c1N,success,985,966,804.28,
6351,Cn1c(N)nc2c(c1=O)n(C)c[n+]2C1OC(CO)C(O)C1[O-],failed,306,287,276.49,min() arg is an empty sequence
6352,Cn1c(N)nc2c(c1=O)n(C)c[n+]2C1OC(CO)C(O)C1O,success,435,416,442.2,
6353,Cn1c(=O)c2ncn(C3OC(CO)C(O)C3O)c2n(C)c1=O,success,267,248,221.37,
6354,Nc1nc2c(ncn2[C@H]2C[C@H](O)[C@@H](CO)O2)c(=O)n1CCO,success,1504,1483,1153.58,
6355,C=CC(CO)n1c(N)nc2c(ncn2[C@@H]2O[C@H](CO)[C@@H](O)[C@H]2O)c1=O,success,1600,1579,1200.5,
6356,N#CCCn1c(N)nc2c(ncn2[C@@H]2O[C@H](CO)[C@@H](O)[C@H]2O)c1=O,success,1185,1166,1303.24,
6357,NC(=O)c1c(N)ncn1C1O[C@@H](CO)[C@H](O)[C@@H]1O,success,985,966,790.94,
6358,NC(=O)[13c]1[15n]cn([C@@H]2O[C@H](CO)C(O)[C@@H]2O)[13c]1N,success,987,968,939.35,
6359,[2H]c1nc2c(=O)nc3[nH][13c]([2H])[13c]([2H])n3c2n1[C@H]1C[C@@H](O)[C@@H](CO)O1,success,189,170,281.22,
6360,NCCn1c(N)nc2c(ncn2C2OC(CO)C(O)C2O)c1=O,success,1086,1067,1052.52,
6361,Nc1nc2c(ncn2C2CC(O)C(CO)O2)c(=O)n1CCO,success,1517,1496,1089.25,
6362,CC1(C)NC(=O)c2ncn(C3OC(CO)C(O)C3O)c2N1,failed,279,260,230.79,min() arg is an empty sequence
6363,CC1(C)NC(=O)c2ncn([C@@H]3O[C@H](CO)[C@@H](O)[C@H]3O)c2N1,success,277,258,248.63,
6364,Nc1nc2c(ncn2[C@@H]2O[C@H](CO)[C@@H](O)[C@H]2O)c(=O)n1C1CCCCC1,success,42,26,30.93,
6365,CCOC(CNc1c(C(N)=O)ncn1[C@@H]1O[C@H](CO)[C@@H](O)[C@H]1O)OCC,success,2490,2468,2486.53,
6366,Cn1c(N)nc2c(ncn2C2OC3COP(=O)(O)OC3C2O)c1=O,success,133,114,116.49,
6367,O=C1NCNc2c1ncn2C1OC(CO)C(O)C1O,success,288,269,251.29,
6368,Nc1nc[nH]c1C(=O)NC1OC(CO)C(O)C1O,success,1284,1265,1220.71,
6369,Nc1nc2c(ncn2C2OC(CO)C(O)C2O)c(=O)n1C1CCCCC1,success,42,26,41.85,
6370,Nc1nc2c(ncn2C2OC(COP(=O)(O)OP(=O)(O)OP(=O)(O)O)C(O)C2O)c(=O)n1Br,success,57,41,57.05,
6371,Cn1c(N)nc2c(ncn2[C@@H]2C[C@H](O)[C@H](CO)O2)c1=O,success,326,307,294.88,
6372,Nc1nc2c(ncn2[C@@H]2O[C@H](CO)[C@@H](O)[C@H]2O)c(=O)n1OP(O)(O)=S,success,118,100,158.99,
6373,CN1c2c(ncn2[C@H]2C[C@H](O)[C@@H](CO)O2)C(=O)NC1N,failed,366,347,305.6,min() arg is an empty sequence
6374,CNc1nc2ncn(C3C[C@H](O)[C@@H](CO)O3)c(=O)c2[nH]1,success,343,324,283.62,
6375,C[C@@H]1O[C@H](n2cnc3c(=O)[nH]c(=O)[nH]c32)[C@@H](O)[C@H]1O,success,123,104,204.91,
6376,C=CCn1c(=O)[nH]c2c(ncn2[C@H]2O[C@@H](CO)[C@H](O)[C@@H]2O)c1=O,success,820,800,859.25,
6377,NC(=O)c1ncn(C2C[C@H](O)[C@@H](CO)O2)c1N,success,754,735,612.68,
6378,O.O.O=c1[nH]c(=O)c2ncn([C@H]3O[C@@H](CO)[C@H](O)[C@@H]3O)c2[nH]1,success,42,26,29.22,
6379,NC(=O)c1c(NC=O)ncn1[C@H]1OC[C@@H](O)[C@@H](O)[C@H]1O,success,1637,1618,1591.23,
6380,Cn1c[n+]([C@@H]2O[C@@H](CO)[C@@H](O)[C@@H]2O)c2[nH]c(=O)[nH]c(=O)c21,success,307,288,312.83,
6381,NC(=O)c1c(N)ncn1[C@@H]1CO[C@H](CO)[C@@H]1O,success,754,735,654.76,
6382,NC(=O)c1ncn([C@H]2O[C@@H](COP(=O)(O)O)[C@@H](O)[C@H]2O)c1N,success,545,527,637.06,
6383,NC(=O)c1ncn([C@@H]2O[C@@H](COP(=O)(O)O)[C@@H](O)[C@H]2O)c1N,success,545,527,709.33,
6384,NC(=O)c1ncn([C@H]2O[C@@H](COP(=O)(O)O)[C@@H](O)[C@@H]2O)c1N,success,545,527,757.53,
6385,NC(=O)c1ncn([C@@H]2O[C@@H](COP(=O)(O)O)[C@@H](O)[C@@H]2O)c1N,success,545,527,731.0,
6386,NNC(=O)c1ncn([C@H]2O[C@@H](CO)[C@@H](O)[C@H]2O)c1N,success,1032,1013,919.73,
6387,NNC(=O)c1ncn([C@@H]2O[C@@H](CO)[C@@H](O)[C@H]2O)c1N,success,1032,1013,876.01,
6388,NNC(=O)c1ncn([C@H]2O[C@@H](CO)[C@@H](O)[C@@H]2O)c1N,success,1032,1013,876.79,
6389,NNC(=O)c1ncn([C@@H]2O[C@@H](CO)[C@@H](O)[C@@H]2O)c1N,success,1032,1013,908.24,
6390,Cn1c[n+]([C@H]2O[C@@H](CO)[C@@H](O)[C@H]2O)c2[nH]c(=O)[nH]c(=O)c21,success,307,288,251.96,
6391,Cn1c[n+]([C@@H]2O[C@@H](CO)[C@@H](O)[C@H]2O)c2[nH]c(=O)[nH]c(=O)c21,success,307,288,274.97,
6392,Cn1c[n+]([C@H]2O[C@@H](CO)[C@@H](O)[C@@H]2O)c2[nH]c(=O)[nH]c(=O)c21,success,307,288,253.82,
6393,NC(=O)c1c(N)ncn1[C@H]1O[C@@H](CO)[C@@H](O)[C@H]1O,success,985,966,800.44,
6394,NC(=O)c1c(N)ncn1[C@@H]1O[C@@H](CO)[C@@H](O)[C@H]1O,success,985,966,865.38,
6395,NC(=O)c1c(N)ncn1[C@H]1O[C@@H](CO)[C@@H](O)[C@@H]1O,success,985,966,783.79,
6396,NC(=O)c1c(N)ncn1[C@@H]1O[C@@H](CO)[C@@H](O)[C@@H]1O,success,985,966,782.89,
6397,O=c1[nH]c(=S)[nH]c2ncn([C@H]3O[C@@H](CO)[C@@H](O)[C@H]3O)c12,success,264,245,290.09,
6398,O=c1[nH]c(=S)[nH]c2ncn([C@@H]3O[C@@H](CO)[C@@H](O)[C@H]3O)c12,success,264,245,302.01,
6399,NC(=O)c1c(N)ncn1[C@H]1CO[C@H](CO)[C@@H]1O,success,754,735,609.06,
6400,NC(=O)c1c(N)ncn1[C@@H]1CO[C@@H](CO)[C@@H]1O,success,754,735,654.96,
6401,NC(=O)c1c(N)ncn1[C@H]1CO[C@@H](CO)[C@@H]1O,success,754,735,661.37,
6402,Nc1nc2c(=O)[nH]c(=O)[nH]c2n1[C@@H]1O[C@H](CO)[C@H](O)[C@@H]1O,success,317,298,278.51,
6403,Nc1nc2c(=O)[nH]c(=O)[nH]c2n1[C@@H]1O[C@@H](CO)[C@H](O)[C@@H]1O,success,317,298,315.63,
6404,Nn1cnc2c(ncn2[C@H]2O[C@@H](CO)[C@@H](O)[C@H]2O)c1=O,success,323,304,261.75,
6405,Nn1cnc2c(ncn2[C@@H]2O[C@@H](CO)[C@@H](O)[C@H]2O)c1=O,failed,323,304,340.85,min() arg is an empty sequence
6406,Nn1cnc2c(ncn2[C@H]2O[C@@H](CO)[C@@H](O)[C@@H]2O)c1=O,success,323,304,362.44,
6407,Nn1cnc2c(ncn2[C@@H]2O[C@@H](CO)[C@@H](O)[C@@H]2O)c1=O,success,323,304,288.77,
6408,NC(=O)c1ncn([C@H]2O[C@@H](CO)[C@@H](O)[C@H]2O)c1NC=O,success,1915,1896,1727.95,
6409,NC(=O)c1ncn([C@@H]2O[C@@H](CO)[C@@H](O)[C@H]2O)c1NC=O,success,1915,1896,1777.52,
6410,NC(=O)c1ncn([C@H]2O[C@@H](CO)[C@@H](O)[C@@H]2O)c1NC=O,success,1915,1896,1841.12,
6411,NC(=O)c1ncn([C@@H]2O[C@@H](CO)[C@@H](O)[C@@H]2O)c1NC=O,success,1915,1896,1670.93,
6412,NC(=O)c1c(NC=O)ncn1[C@H]1OC[C@@H](O)[C@@H](O)[C@@H]1O,success,1637,1618,1574.95,
6413,COc1nc2c(nc(N)n2[C@H]2O[C@@H](CO)[C@@H](O)[C@@H](O)[C@H]2O)c(=O)n1C,success,598,579,491.81,
6414,COc1nc2c(nc(N)n2[C@@H]2O[C@@H](CO)[C@@H](O)[C@@H](O)[C@H]2O)c(=O)n1C,success,598,579,502.14,
6415,COc1nc2c(nc(N)n2[C@H]2OC[C@@H](O)[C@@H](O)[C@H]2O)c(=O)n1C,success,284,265,283.63,
6416,COc1nc2c(nc(N)n2[C@@H]2OC[C@@H](O)[C@@H](O)[C@H]2O)c(=O)n1C,success,284,265,235.01,
6417,NC(=O)c1c(N)ncn1[C@@H]1O[C@H](CO)[C@@H](O)[C@H]1O,success,985,966,821.04,
6418,NC(=O)c1ncn([C@@H]2O[C@@H]3COP(=O)(O)O[C@@H]3[C@@H]2O)c1N,success,404,385,462.98,
6419,O=c1[nH]c(=S)[nH]c2ncn([C@@H]3O[C@@H](CO)[C@@H](O)[C@@H]3O)c12,success,264,245,247.81,
6420,O=c1[nH]c(=S)[nH]c2ncn([C@H]3O[C@@H](CO)[C@@H](O)[C@@H]3O)c12,success,264,245,244.85,
6421,CN(C)/C=N/n1cnc2c(ncn2[C@H]2O[C@@H](CO)[C@@H](O)[C@H]2O)c1=O,success,343,324,383.64,
6422,CN(C)/C=N\n1cnc2c(ncn2[C@H]2O[C@@H](CO)[C@@H](O)[C@H]2O)c1=O,success,343,324,372.97,
6423,CN(C)/C=N/n1cnc2c(ncn2[C@@H]2O[C@@H](CO)[C@@H](O)[C@H]2O)c1=O,success,343,324,361.6,
6424,CN(C)/C=N\n1cnc2c(ncn2[C@@H]2O[C@@H](CO)[C@@H](O)[C@H]2O)c1=O,success,343,324,343.22,
6425,O=c1c2ncn([C@@H]3O[C@H](CO)[C@@H](O)[C@H]3O)c2nc2nc[nH]n12,success,291,272,294.74,
6426,CNC(=O)c1ncn([C@@H]2O[C@H](COP(=O)(O)O)[C@@H](O)[C@H]2O)c1N,success,707,689,906.46,
6427,CC(C)(C)c1cn2c(=O)c3ncn([C@@H]4O[C@H](CO)[C@@H](O)[C@H]4O)c3nc2[nH]1,success,42,26,27.24,
6428,NCCOCCOCCn1cnc2c(ncn2[C@H]2CC[C@@H](CO)O2)c1=O,success,435,417,185.41,
6429,Cn1c(N)nc2c(nc(Br)n2[C@@H]2O[C@H](CO)[C@@H](O)[C@H]2O)c1=O,success,357,338,316.81,
6430,CCN(CC)c1nc2c(nc(Br)n2[C@@H]2O[C@H](CO)[C@@H](O)[C@H]2O)c(=O)n1C,success,342,322,434.31,
6431,CC(=O)OC[C@H]1O[C@@H](n2cnc3c(=O)[nH]c(=O)[nH]c32)[C@H](O)[C@@H]1O,success,1202,1179,1689.14,
6432,Nc1nc2c(ncn2[C@@H]2O[C@H](CO)[C@@H](O)[C@H]2O)c(=O)n1CCC(=O)[O-].[Na+],success,42,26,41.4,
6433,Nc1nc2c(ncn2[C@@H]2O[C@H](CO)[C@@H](O)[C@H]2O)c(=O)n1CCC(=O)O,success,2793,2774,3251.42,
6434,NC(=O)CCn1c(N)nc2c(ncn2[C@@H]2O[C@H](CO)[C@@H](O)[C@H]2O)c1=O,success,2580,2561,3230.13,
6435,O=C1NC2NCCN2c2c1ncn2[C@H]1C[C@H](O)[C@@H](CO)O1,success,276,257,295.37,
6436,O=c1[nH]c(=O)c2ncn([C@@H]3O[C@H](CO)C[C@@H]3O)c2[nH]1,success,208,189,275.85,
6437,Cn1c(N)nc2c(nc(Br)n2[C@H]2C[C@H](O)[C@@H](CO)O2)c1=O,success,298,279,268.62,
6438,C=CC(CO)n1cnc2c(ncn2[C@@H]2O[C@H](CO)[C@@H](O)[C@H]2O)c1=O,success,1680,1659,1196.01,
6439,CCCCn1cnc2c(ncn2[C@@H]2O[C@H](CO)[C@@H](O)[C@H]2O)c1=O,success,1541,1520,1283.85,
6440,O=c1c2ncn([C@@H]3O[C@H](CO)[C@@H](O)[C@H]3O)c2ncn1CCO,success,1361,1340,928.3,
6441,O=c1c2ncn([C@@H]3O[C@H](CO)[C@@H](O)[C@H]3O)c2ncn1CCCO,success,2404,2383,1737.79,
6442,O=c1c2ncn([C@@H]3O[C@H](CO)[C@@H](O)[C@H]3O)c2ncn1CCCCCO,success,1389,1368,1127.3,
6443,O=c1c2ncn([C@@H]3O[C@H](CO)[C@@H](O)[C@H]3O)c2ncn1C(CO)CO,success,1240,1219,1024.95,
6444,O=c1c2ncn([C@@H](CO)OC(CO)CO)c2ncn1CCCCCO,success,3970,3949,2776.9,
6445,O=c1c2[nH]c(I)nc2ncn1[C@@H]1O[C@H](CO)[C@@H](O)[C@H]1O,failed,261,242,285.42,min() arg is an empty sequence
6446,O=c1c2[nH]c(Br)nc2ncn1[C@@H]1O[C@H](CO)[C@@H](O)[C@H]1O,success,261,242,233.35,
6447,NC[C@H]1O[C@@H](n2cnc(C(N)=O)c2N)[C@H](O)[C@@H]1O,success,646,627,574.57,
6448,COCCOCn1cnc2c(ncn2[C@@H]2O[C@H](CO)[C@@H](O)[C@H]2OC)c1=O,success,559,541,481.71,
6449,CCCCO[C@@H]1[C@H](O)[C@@H](CO)O[C@H]1n1cnc2c(=O)n(COCCOC)cnc21,success,315,294,128.57,
6450,Nc1c(C(=O)NCCCO)ncn1[C@@H]1O[C@H](CO)[C@@H](O)[C@H]1O,success,6721,6700,7618.58,
6451,Nc1c(C(=O)NCCCCCO)ncn1[C@@H]1O[C@H](CO)[C@@H](O)[C@H]1O,success,8521,8500,10491.2,
6452,CCCNC(=O)c1ncn([C@@H]2O[C@H](CO)[C@@H](O)[C@H]2O)c1N,success,4998,4975,5727.06,
6453,CCCCNC(=O)c1ncn([C@@H]2O[C@H](CO)[C@@H](O)[C@H]2O)c1N,success,6242,6220,7504.86,
6455,CCn1c(N)nc2c(ncn2[C@H]2C[C@@H](O)[C@@H](CO)O2)c1=O,success,1011,990,721.49,
6456,C=CCn1c(N)nc2c(ncn2[C@H]2C[C@@H](O)[C@@H](CO)O2)c1=O,success,1221,1201,967.19,
6457,CC(C)n1c(N)nc2c(ncn2[C@H]2C[C@@H](O)[C@@H](CO)O2)c1=O,success,1042,1021,699.77,
6458,NC(=O)c1c(N)ncn1[C@@H]1O[C@@H]2COP(=O)(O)O[C@H]2[C@H]1O,success,404,385,417.29,
6459,Cn1c(N)nc2c(ncn2[C@@H]2O[C@H](CO)[C@@](C)(O)[C@H]2O)c1=O,success,378,359,307.65,
6460,Cn1c(N)nc2c(c1=O)n(C)c[n+]2[C@@H]1O[C@H](CO)[C@@H](O)[C@H]1O.[I-],success,42,26,42.14,
6461,NC(=O)c1ncn([C@@H]2O[C@@H]3COP(=O)(O)O[C@@H]3[C@H]2O)c1N,success,404,385,510.86,
6462,O=c1[nH]c(=O)c2ncn([C@H]3O[C@@H](CO)[C@H](O)[C@H]3O)c2[nH]1,success,243,224,279.94,
6463,NC(=O)c1ncn([C@@H]2O[C@@H]3COP(=O)(O)O[C@H]3[C@@H]2O)c1N,success,404,385,527.25,
6464,NC(=[Pt])Nc1c(C=O)ncn1C1OC(CO)C(O)C1O,success,983,964,888.18,
6465,Nc1c(C(=O)N[C@H](CC(=O)O)C(=O)O)ncn1[C@@H]1O[C@H](CO)C(O)C1O,success,4193,4175,4041.5,
6466,NC(=O)c1ncn([C@H]2OC[C@@H](O)[C@@H](O)[C@@H]2O)c1N,success,817,798,673.4,
6467,NC(=O)c1ncn([C@@H]2OC[C@@H](O)[C@@H](O)[C@@H]2O)c1N,success,817,798,746.33,
6468,Nc1nc2c(=O)[nH]c(=O)[nH]c2n1[C@@H]1O[C@H](CO)[C@@H](O)[C@H]1O,success,317,298,282.35,
6469,O=c1[nH]c(=S)[nH]c2ncn([C@@H]3O[C@H](CO)[C@@H](O)[C@H]3O)c12,success,264,245,240.79,
6470,CN(C)N=Nc1ncn([C@@H]2O[C@H](CO)[C@@H](O)[C@H]2O)c1C(N)=O,success,974,955,851.31,
6471,NC(=O)c1nc(Br)n([C@@H]2O[C@H](CO)[C@@H](O)[C@H]2O)c1N,success,846,827,830.18,
6472,CO[C@H]1[C@@H](O)[C@H](n2cnc3c(=O)n(C)c(N)nc32)O[C@@H]1CO,success,325,306,313.29,
6473,Cn1cnc2c(ncn2[C@@H]2O[C@H](CO)C(O)C2O)c1=O,success,315,296,258.46,
6474,[2H]c1nc2c(=O)nc3[nH][13c]([2H])[13c]([2H])n3c2n1[C@@H]1C[C@H](O)[C@H](CO)O1,success,189,170,219.9,
6475,O=CN1CCN(c2nc3c(=O)[nH]cnc3n2C2OC(CO)C(O)C2O)CC1,success,318,300,359.62,
6476,CNc1nc2c(ncn2C2OC(COP(=O)(O)O)C(O)C2O)c(=O)[nH]1,success,155,137,244.71,
6477,Cn1c[n+]([C@H]2C[C@@H](O)[C@@H](CO)O2)c2nc(N)[nH]c(=O)c21,success,369,349,349.04,
6478,[13CH3]O[C@@H]1[C@H](O)[C@@H](CO)O[C@H]1n1cnc2c(=O)[nH]c(N)nc21,success,349,330,288.09,
6479,Nc1nc2c(ncn2[C@@H]2O[C@H](COP(=O)(O)OP(=O)(O)O[33P](=O)(O)O)[C@@H](O)[C@H]2O)c(=O)[nH]1,success,67,51,114.73,
6480,[2H]C([2H])(O)[C@@]1([2H])O[C@@H](n2cnc3c(=O)[nH]c(N)nc32)[C@]([2H])(O)[C@]1([2H])O,success,253,234,274.81,
6481,N.[B][P@](=O)(OC[C@H]1O[C@@H](n2cnc3c(=O)[nH]c(N)nc32)[C@H](O)[C@@H]1O)OP(=O)(O)O,success,42,26,50.29,
6482,[B][P@](=O)(OC[C@H]1O[C@@H](n2cnc3c(=O)[nH]c(N)nc32)[C@H](O)[C@@H]1O)OP(=O)(O)O,success,42,26,33.67,
6483,Nc1nc2c(ncn2[C@@H]2O[C@H](COP([O-])([O-])=S)[C@@H](O)[C@H]2O)c(=O)[nH]1.[Ba+2],success,42,26,32.82,
6484,[B-]P(=O)(OC[C@H]1O[C@@H](n2cnc3c(=O)[nH]c(N)nc32)[C@H](O)[C@@H]1O)OP(=O)(O)OP(=O)(O)O.[NH4+],success,42,26,57.39,
6485,[B-]P(=O)(OC[C@H]1O[C@@H](n2cnc3c(=O)[nH]c(N)nc32)[C@H](O)[C@@H]1O)OP(=O)(O)OP(=O)(O)O,success,42,26,34.66,
6486,Cc1nc2c(ncn2C2O[C@H](CO)C[C@H]2O)c(=O)[nH]1,success,254,235,207.65,
6487,Nc1nc2c(ncn2[C@@H]2O[C@H](CO)C3(CC3)[C@H]2O)c(=O)[nH]1,success,282,263,394.38,
6488,[15NH2][13c]1nc2c([15n]cn2[C@H]2C[C@H](O)[C@@H](CO)O2)c(=O)[15nH]1,success,287,268,291.69,
6489,CC(C)CNc1nc2c(ncn2[C@@H]2O[C@H](CO)[C@@H](O)[C@H]2OCCON(C)C)c(=O)[nH]1,success,211,192,141.55,
6490,Cc1nc2c(=O)[nH]cnc2n1[C@@H]1O[C@H](COP(=O)(O)O)[C@@H](O)[C@H]1O,success,126,108,187.19,
6491,CCN(CC)CC.O=c1[nH]cnc2c1nc(I)n2[C@@H]1O[C@H](COP(=O)(O)O)[C@@H](O)[C@H]1O,success,42,26,42.93,
6492,O=c1[nH]cnc2c1nc(I)n2[C@@H]1O[C@H](COP(=O)(O)O)[C@@H](O)[C@H]1O,success,114,96,209.84,
6493,CCN(CC)CC.Cc1nc2c(=O)[nH]cnc2n1[C@@H]1O[C@H](COP(=O)(O)O)[C@@H](O)[C@H]1O,success,42,26,58.34,
6494,CCN(CC)CC.Nc1nc2c(=O)[nH]cnc2n1[C@@H]1O[C@H](COP(=O)(O)O)[C@@H](O)[C@H]1O,success,42,26,56.63,
6495,Nc1nc2c(=O)[nH]cnc2n1[C@@H]1O[C@H](COP(=O)(O)O)[C@@H](O)[C@H]1O,success,134,116,208.97,
6496,CCN(CC)CC.O=c1[nH]cnc2c1nc(Cl)n2[C@@H]1O[C@H](COP(=O)(O)O)[C@@H](O)[C@H]1O,success,42,26,38.46,
6497,Cc1nc2c(=O)[nH]cnc2n1[C@@H]1O[C@H](CO)[C@@H](O)[C@H]1O,success,300,281,362.57,
6498,CS(=O)(=O)OCC1OC(n2cnc3c(=O)[nH]c(N)nc32)C(O)C1O,success,247,228,220.48,
6499,C[C@]1(CO)OC(n2cnc3c(=O)[nH]c(N)nc32)[C@H](O)[C@@H]1O,success,373,354,382.49,
6500,Nc1nc2c(ncn2C2OC(COP(=O)(O)OP(=O)(O)O)C(O)C2O)c(=O)[nH]1.[Na],success,42,26,34.81,
6501,Nc1nc2c(ncn2C2OC(COP(=O)(O)OP(=O)(O)NP(=O)(O)O)C(O)C2O)c(=O)[nH]1.[Na],success,42,26,51.51,
6502,Nc1nc2c(ncn2C2OC(COP(=O)(O)OP(=O)(O)OP(=O)(O)O)C(O)C2O)c(=O)[nH]1.[Na],success,42,26,50.71,
6503,O=c1[nH]cnc2c1ncn2C1OC(COP(=O)(O)OP(=O)(O)OP(=O)(O)O)C(O)C1O.[Na].[Na].[Na],success,42,26,58.6,
6504,O=c1[nH]cnc2c1ncn2[C@H]1O[C@@H](CO)[C@H](CO)[C@@H]1O,failed,649,630,499.2,min() arg is an empty sequence
6505,Nc1nc2c(ncn2[C@H]2O[C@@H](CO)[C@H](CO)[C@@H]2O)c(=O)[nH]1,success,691,672,562.16,
6506,Nc1nc2c(ncn2[C@@H]2O[C@H](CO)[C@H](O)[C@H](O)[C@H]2O)c(=O)[nH]1,success,631,612,473.81,
6507,C[NH+]1CCN(c2nc3c(=O)[nH]c(N)nc3n2C2OC(CO)C(O)C2O)CC1,success,42,26,42.18,
6508,CC(C)(Nc1nc2c(ncn2C2OC(CO)C(O)C2O)c(=O)[nH]1)P(=O)(O)O,success,423,403,631.79,
6509,CCOC(=O)CO[C@@H]1[C@H](O)[C@@H](CO)O[C@H]1n1cnc2c(=O)[nH]c(/N=C/N(C)C)nc21,success,308,286,182.46,
6510,NCCCCNc1nc2c(=O)[nH]cnc2n1C1OC(CO)C(O)C1O,success,1918,1899,1824.46,
6511,Nc1nc2c(ncn2[C@@H]2O[C@H](COP(=O)(O)O[P@]3(=O)O[O+]3P(=O)(O)O)[C@@H](O)[C@H]2O)c(=O)[nH]1,success,66,50,77.95,
6512,CN1CCN(Nc2nc3c(=O)[nH]cnc3n2C2OC(CO)C(O)C2O)CC1,success,42,26,42.37,
6513,O=c1[nH]c(CCl)nc2c1ncn2[C@H]1O[C@@H](CO)[C@H](O)[C@@H]1O,success,300,281,327.96,
6514,C[C@@H]1[C@H](O)[C@@H](n2cnc3c(=O)[nH]c(N)nc32)O[C@H]1CO,success,333,314,307.48,
6515,[N-]=[N+]=Nc1nc2c(=O)[nH]c(N)nc2n1[C@@H]1O[C@H](CO)[C@@H](O)[C@H]1O,success,42,26,41.1,
6516,CC(=O)Nc1nc2c(ncn2[C@H]2O[C@@H](CO)[C@H](O)[C@@H]2O)c(=O)[nH]1,success,1763,1740,1994.54,
6517,C#C[C@@H]1[C@H](O)[C@@H](CO)O[C@H]1n1cnc2c(=O)[nH]c(N)nc21,success,318,299,289.98,
6518,Nc1nc2c(ncn2[C@@H]2O[C@H](CO)[C@@H](O)[C@H]2F)c(=O)[nH]1.O,success,42,26,40.24,
6519,CCCCOP(=O)(OCCCC)OCC1OC(n2cnc3c(=O)[nH]cnc32)C(O)C1O,success,400,379,245.56,
6520,Nc1nc2c(ncn2C2OC(CO)C(OP(=O)([O-])[O-])C2OP(=O)([O-])[O-])c(=O)[nH]1,success,70,54,63.97,
6521,Nc1nc2c(ncn2C2OC(CO)C(OP(=O)(O)O)C2OP(=O)(O)O)c(=O)[nH]1,success,61,45,73.16,
6522,Nc1nc2c(ncn2[C@H]2C[C@](O)(P(=O)(O)O)[C@@H](CO)O2)c(=O)[nH]1,success,228,209,265.6,
6523,O=c1[nH]cnc2c1ncn2C1OC(COP(=O)(O)OP(=O)(O)OP(=O)(O)O)C(O)C1O.[Na+],success,42,26,56.43,
6524,C#C[C@H]1[C@H](O)[C@@H](CO)O[C@H]1n1cnc2c(=O)[nH]c(N)nc21,success,318,299,301.23,
6525,CN(C)c1nc2c(c(=O)[nH]1)n(C)c[n+]2[C@@H]1O[C@H](CO)[C@@H](O)[C@H]1O.[I-],success,42,26,27.37,
6526,O=c1[nH]cnc2c1ncn2C1OC(CO)C(OP(=O)(O)O)C1O,success,123,105,166.25,
6527,CCN(CC)CC.CN(C)c1nc2c(ncn2[C@@H]2O[C@H](COP(O)O)[C@@H](O)[C@H]2O)c(=O)[nH]1,success,42,26,37.8,
6528,CN(C)c1nc2c(ncn2[C@@H]2O[C@H](COP(O)O)[C@@H](O)[C@H]2O)c(=O)[nH]1,success,219,200,225.22,
6529,[15NH2]c1nc2c([15n][13cH]n2[C@@H]2O[C@H](CO)[C@@H](O)[C@H]2O)c(=O)[15nH]1,success,361,342,327.75,
6530,Nc1nc2c(ncn2C2OC(COP(=O)([O-])OP(=O)([O-])OP(=O)([O-])O)C(O)C2O)c(=O)[nH]1,success,74,58,102.96,
6531,NCCCNCCCCNP(=O)(O)OC[C@H]1O[C@@H](n2cnc3c(=O)[nH]c(N)nc32)[C@H](O)[C@@H]1O,success,591,573,271.82,
6532,CC(C)O[Si]1(OC(C)C)OC[C@H]2O[C@@H](n3cnc4c(=O)[nH]c([15NH2])nc43)[C@H](O)[C@@H]2O[Si](OC(C)C)(OC(C)C)O1,success,42,26,29.85,
6533,Nc1nc2c(ncn2[C@H]2O[C@@H](COP(=O)(O)OP(=O)(O)O)[C@H](O)[C@@H]2O)c(=O)[nH]1.[Na+],success,42,26,35.0,
6534,NCCCCCCOP(=O)(O)OP(=O)(O)OC[C@H]1O[C@@H](n2cnc3c(=O)[nH]c(N)nc32)[C@H](O)[C@@H]1O,success,358,342,195.57,
6535,Nc1nc2c(ncn2C2OC(COP(=O)(O)OP(=O)([O-])OP(=O)([O-])[O-])C(O)C2O)c(=O)[nH]1,success,71,55,97.28,
6536,C[C@]1(CO)OC(n2cnc3c(=O)[nH]cnc32)[C@H](O)[C@@H]1O,success,310,291,297.7,
6537,C[C@@H]1C[C@@H](CO)O[C@H]1n1cnc2c(=O)[nH]cnc21,success,165,146,165.47,
6538,C=CC(=O)OC[C@H]1O[C@@H](n2cnc3c(=O)[nH]cnc32)[C@H](O)[C@@H]1O,success,1866,1843,1989.86,
6539,[Cl-].[Cl-].[Mg+2].[Mg+2].[NH-]c1nc2c(ncn2[C@H]2C[C@H](O)[C@@H](C[O-])O2)c(=O)[nH]1,success,42,26,40.78,
6540,N.O=c1[nH]c([N+](=O)[O-])nc2c1ncn2C1OC(CO)C(O)C1O,success,53,37,41.6,
6541,O=c1[nH]c([N+](=O)[O-])nc2c1ncn2C1OC(CO)C(O)C1O,success,219,200,247.51,
6542,Nc1nc2c(ncn2[C@@H]2O[C@@H]3COP(=O)(O)O[C@@H]2[C@@H]3O)c(=O)[nH]1,success,111,92,148.69,
6543,[2H][C@H]1[C@H](O)[C@@H](CO)O[C@H]1n1cnc2c(=O)[nH]c(N)nc21,success,287,268,242.64,
6544,O=c1[nH]cnc2c1ncn2[C@@H]1C[C@@H](O)[C@@H](O)[C@H]1O,success,243,224,201.4,
6545,Nc1nc2c(c(=O)[nH]1)n(CCO)c[n+]2C1OC(CO)C(O)C1O,success,1546,1525,1024.75,
6546,O=CN[C@@H]1[C@H](O)[C@@H](CO)O[C@H]1n1cnc2c(=O)[nH]cnc21,success,732,713,661.61,
6547,CCSC1C(CO)OC(n2cnc3c(=O)[nH]cnc32)C1O,success,1244,1223,871.38,
6548,CCSC1C(O)C(CO)OC1n1cnc2c(=O)[nH]cnc21,success,1243,1222,846.78,
6550,O=c1[nH]cnc2c1nc(Br)n2C1OC(COP(=O)(O)OP(=O)(O)O)C(O)C1O.[Na],success,42,26,52.34,
6551,O=c1[nH]cnc2c1nc(Br)n2C1OC(COP(=O)(O)OP(=O)(O)O)C(O)C1O,success,70,54,62.11,
6552,N.Nc1nc2c(ncn2C2CC(OP(=O)(O)O)C(CO)O2)c(=O)[nH]1,success,55,39,44.76,
6553,Nc1nc2c(ncn2[C@@H]2O[C@H](COP(=O)(O)OP(=O)(O)OP(=O)([O-])O)[C@@H](O)[C@H]2O)c(=O)[nH]1.[Li+],success,42,26,57.67,
6554,Nc1nc2c(ncn2C2OC(CO)C3OP(=O)(O)OC32)c(=O)[nH]1.[Na],success,42,26,44.62,
6555,O=c1[nH]cnc2c1ncn2C1OC(COP(=O)(O)OP(=O)(O)OP(=O)(O)O)C(O)C1O.[Na],success,42,26,51.1,
6556,O=c1[nH]cnc2c1ncn2C1OC2COP(=O)(O)OC2C1O.[Na],success,42,26,30.79,
6557,O=c1[nH]cnc2c1ncn2C1OC(CO)C(OP(=O)(O)O)C1O.[Na],success,42,26,34.77,
6558,Nc1nc2c(ncn2[C@@H]2O[C@H](COP(=O)(O)NCC(=O)NCC(=O)O)[C@@H](O)[C@H]2O)c(=O)[nH]1,success,245,228,179.81,
6559,CC1(C)O[C@H]([C@H](O)CO)[C@H](Cn2cnc3c(=O)[nH]c(N)nc32)O1,success,1084,1063,908.83,
6560,CC(C)C(=O)[15NH]c1nc2c(ncn2[13C@@H]2O[13C@H]([13CH2]O)[13C@@H](O)[13C@H]2O)c(=O)[nH]1,success,2269,2248,3130.36,
6561,CC(=O)OC1C(CO)OC(n2cnc3c(=O)[nH]c(N)nc32)C1OC(C)=O,success,2385,2362,3659.09,
6562,CC(C)(C)C(=O)OCC1OC(n2cnc3c(=O)[nH]cnc32)CC1O,success,1091,1073,1155.99,
6563,Nc1nc2c(ncn2[C@H]2C[C@H](OP(=O)(O)OC[C@H](O)CO)[C@@H](CO)O2)c(=O)[nH]1,success,689,669,491.25,
6564,O=C(O)C1OC(n2cnc3c(=O)[nH]cnc32)C(O)C1O,success,502,483,508.19,
6565,CNC(=O)NCC1OC(n2cnc3c(=O)[nH]cnc32)C(O)C1O,success,528,509,497.85,
6566,N#CCC1OC(n2cnc3c(=O)[nH]cnc32)C(O)C1O,success,707,688,678.48,
6567,CCCCNP(=O)(O)OP(=O)(O)OP(=O)(O)OCC1OC(n2cnc3nc(N)[nH]c(=O)c32)C(OC)C1O,success,184,166,128.23,
6568,Nc1nc2c(ncn2[C@H]2C[C@H](O)[C@@H](CO)O2)c(=O)[15nH]1,failed,287,268,274.4,min() arg is an empty sequence
6569,NC[C@H]1O[C@H]([n+]2c[nH]c3c(=O)[nH]c(N)nc32)[C@@H](O)[C@@H]1O,success,243,224,224.38,
6570,NC1C(CO)OC(n2cnc3c(=O)[nH]cnc32)C1O,success,318,299,275.97,
6571,O=c1[nH]cnc2c1ncn2C1OC(COP(=O)(O)OP(=O)(O)OP(=O)(O)O)CC1O,success,54,38,51.67,
6572,O=c1[nH]c(CO)nc2c1ncn2[C@H]1O[C@@H](CO)[C@H](O)[C@@H]1O,success,552,533,370.24,
6573,CC(C)(C)C(=O)OCC1OC(n2cnc3c(=O)[nH]c(N)nc32)CC1O,success,1006,988,1130.79,
6574,NC(=O)Nc1nc2c(ncn2[C@@H]2O[C@H](CO)[C@H](O)[C@H](O)[C@H]2O)c(=O)[nH]1,success,1296,1277,1091.41,
6575,CCCCC(=O)Nc1nc2c(ncn2C2C[C@H](O)[C@@H](CO)O2)c(=O)[nH]1,success,2617,2595,4036.46,
6576,O=c1[nH]cnc2c1ncn2C1OC(COP(=O)([O-])OP(=O)([O-])OP(=O)([O-])O)C(O)C1O.[Na+].[Na+].[Na+],success,42,26,46.39,
6577,O=c1[nH]cnc2c1[nH]c[n+]2C1OC2COP(=O)([O-])OC2C1O,success,90,71,84.14,
6578,O=c1[nH]cnc2c1[nH]c[n+]2C1OC2COP(=O)(O)OC2C1O,success,91,72,119.1,
6579,C[C@@H]1C[C@@H](CO)O[C@@H]1n1cnc2c(=O)[nH]cnc21,success,165,146,170.06,
6580,[15NH2][13c]1nc2c(ncn2[C@@H]2O[C@H](CO)[C@@H](O)[C@H]2O)c(=O)[15nH]1,success,361,342,293.49,
6581,COCOCc1nc2c(ncn2[C@H]2O[C@@H](CO)[C@H](O)[C@@H]2O)c(=O)[nH]1,success,637,618,524.57,
6582,CS(=O)c1[15n]c2c(ncn2[C@@H]2O[C@H](CO)[C@@H](O)[C@H]2O)c(=O)[15nH]1,success,281,262,267.77,
6583,[2H][C@@H]1[C@H](O)[C@@H](CO)O[C@H]1n1cnc2c(=O)[nH]c(NC(=O)C(C)C)nc21,success,2408,2386,3425.83,
6584,CCCC(=O)OP(=O)(O)OCC1OC(n2cnc3c(=O)[nH]cnc32)C(O)C1O,success,407,387,286.27,
6585,Nc1nc2c(ncn2C2OC(COP(=O)([O-])[O-])C(O)C2O)c(=O)[nH]1.O.O.O.O.O.[Cd+2],success,42,26,43.15,
6586,CCOP(=O)(C[C@@H](O)[C@H]1O[C@@H](n2cnc3c(=O)[nH]cnc32)[C@H](O)[C@@H]1O)OCC,success,545,523,553.78,
6587,O=c1[nH]cnc2c1ncn2[C@@H]1O[C@H]([C@H](O)CP(=O)([O-])[O-])[C@@H](O)[C@H]1O.[Na+].[Na+],success,42,26,46.29,
6588,O=c1[nH]cnc2c1ncn2[C@@H]1O[C@H]([C@H](O)CP(=O)(O)O)[C@@H](O)[C@H]1O,success,287,268,344.73,
6589,[N-]=[N+]=N[C@]1(CO)OC(n2cnc3c(=O)[nH]c(N)nc32)[C@H](O)[C@@H]1O,success,42,26,31.53,
6590,[2H][C@@H]1[C@H](O)[C@@H](CO)O[C@H]1n1cnc2c(=O)[nH]c(N)nc21,failed,287,268,261.62,min() arg is an empty sequence
6591,[15NH2]c1nc2c([15n]cn2[C@H]2C[C@H](O)[C@@H](CO)O2)c(=O)[15nH]1,success,287,268,270.45,
6592,Nc1nc2c(ncn2[C@H]2CO[C@H](CO)[C@@H](O)C2)c(=O)[nH]1,success,314,295,341.25,
6593,[15NH2]c1[15n]c2c(ncn2[C@@H]2O[C@H](CO)[C@@H](O)[C@H]2O)c(=O)[15nH]1,success,361,342,351.42,
6594,Nc1nc2c(ncn2[C@@H]2CO[C@H](CO)[C@@H](O)[C@H]2O)c(=O)[nH]1,success,432,413,472.23,
6595,CC(C)CNc1nc2ncn([C@@H]3O[C@H](CO)[C@@H](O)[C@H]3O)c2c(=O)[nH]1,success,1168,1148,1127.08,
6596,O=c1[nH]cnc2c1ncn2[C@H]1O[C@@H](COP(=O)(O)O)[C@@H](O)[C@@H]1O,success,119,101,199.1,
6597,CNc1nc2c(c(=O)[nH]1)n(C)c[n+]2[C@@H]1O[C@H](COP(=O)(O)O)[C@@H](O)[C@H]1O,success,179,161,310.27,
6598,CN(C)/C=N/c1nc2c(nc(/N=C/N(C)C)n2[C@H]2C[C@H](O)[C@@H](CO)O2)c(=O)[nH]1,success,42,26,42.39,
6599,C=CC[Se]c1nc2c(=O)[nH]c(N)nc2n1[C@@H]1O[C@H](CO)[C@@H](O)[C@H]1O,success,1020,1000,947.51,
6600,O=c1[nH]cnc2c1nc(N1CC[NH+](CC(O)CO)CC1)n2C1OC(CO)C(O)C1O,success,88,69,75.73,
6601,O=c1[nH]cnc2c1nc(N1CCN(CC(O)CO)CC1)n2C1OC(CO)C(O)C1O,success,88,69,68.89,
6602,Nc1nc2c(ncn2[C@@H]2O[C@H](CO)[C@@H](OP(=O)([O-])[O-])[C@H]2O)c(=O)[nH]1.O.[Na+].[Na+],success,42,26,53.72,
6603,O=c1[nH]cnc2c1ncn2C1OC(COP(=O)([O-])OP(=O)([O-])OP(=O)(O)O)C(O)C1O.[Na+].[Na+],success,42,26,40.72,
6604,C[C@@H]1O[C@@H](n2cnc3c(=O)[nH]cnc32)[C@](C)(O)[C@@H]1O,failed,132,113,112.12,min() arg is an empty sequence
6605,C=CCO[C@@H]1[C@H](O)[C@@H](CO)O[C@H]1n1cnc2c(=O)[nH]c(/N=C/N(C)C)nc21,success,198,179,112.59,
6606,Nc1nc2c(nc(N[C@@H](CO)C(=O)O)n2[C@@H]2O[C@H](CO)[C@@H](O)[C@H]2O)c(=O)[nH]1,success,2391,2370,3855.13,
6607,CC(=O)OC[C@H]1O[C@@H](n2cnc3c(=O)[15nH][13cH]nc32)[C@H](OC(C)=O)[C@@H]1OC(C)=O,success,322,301,170.95,
6608,Nc1nc2c(ncn2[C@@H]2O[C@H](CO[C@@H]3O[C@H](CO)[C@@H](O)[C@H]3O)[C@@H](O)[C@H]2O)c(=O)[nH]1,success,187,169,97.85,
6609,Nc1nc2c(ncn2[C@H]2C[C@H](O)[C@@H](COP(=O)(O)OC[C@H](O)CO)O2)c(=O)[nH]1,success,552,532,395.31,
6610,CC(C)N1CCN(c2nc3c(=O)[nH]c(N)nc3n2C2OC(CO)C(O)C2O)CC1,success,42,26,43.71,
6611,Nc1nc2ncn([C@H]3O[C@H](CO)[C@@H](O)[C@@H]3O)c2c(=O)[nH]1,success,337,318,278.33,
6612,C=CCNc1nc2c(ncn2[C@@H]2C[C@@H](O)[C@H](CO)O2)c(=O)[nH]1,success,1320,1300,1262.29,
6613,CCNc1nc2c(ncn2[C@H]2C[C@H](OP(=O)(O)O)[C@@H](CO)O2)c(=O)[nH]1,success,738,717,1092.25,
6614,NCCCNCCCCNCCCNP(=O)(O)OC[C@H]1O[C@@H](n2cnc3c(=O)[nH]c(N)nc32)[C@H](O)[C@@H]1O,success,814,798,283.01,
6615,O=c1[nH]cnc2c1ncn2[C@H]1O[C@@H](COP(=O)(O)OP(=O)(O)OP(=O)(O)O)[C@H](O)[C@@H]1O,success,57,41,55.68,
6616,Nc1nc2c(ncn2[C@@H]2O[C@H](COP(=S)(S)OP(=O)(O)OP(=O)(O)O)[C@@H](O)[C@H]2O)c(=O)[nH]1,success,97,81,114.73,
6617,Nc1nc2ncn([C@H]3C[C@H](O)[C@@H](CO)O3)c2c(=O)[nH]1,success,287,268,237.03,
6618,O=c1[nH]cnc2c1nc(NC1CCCC1)n2[C@@H]1O[C@H](CO)[C@@H](O)[C@H]1O,success,118,102,140.85,
6619,Nc1nc2c(ncn2C2OC(COP(=O)([O-])OP(=O)([O-])OP([O-])([O-])=S)C(O)C2O)c(=O)[nH]1,success,75,59,90.25,
6620,O.O=c1[nH]cnc2c1ncn2C1OC(COP(=O)([O-])[O-])C(O)C1O.[Ni+2].[OH3+].[OH3+].[OH3+].[OH3+],success,42,26,34.23,
6621,Nc1nc2c(ncn2[C@@H]2O[C@@H]3COP(O)(=S)O[C@@H]2[C@@H]3O)c(=O)[nH]1,success,125,106,156.64,
6622,C=CCCNc1nc2c(ncn2[C@H]2C[C@H](O)[C@@H](CO)O2)c(=O)[nH]1,success,1497,1477,1176.08,
6623,Nc1nc2c(ncn2C2OC(COP(=O)(O)OP(N)(=O)O)C(O)C2O)c(=O)[nH]1,success,103,87,170.44,
6624,CC1(C)OC2C(CO)OC([n+]3c[nH]c4c(=O)[nH]cnc43)C2O1,success,165,146,198.76,
6625,CC(=O)OC[C@H]1O[C@@H](n2cnc3c(=O)[nH][13cH]nc32)[C@H](OC(C)=O)[C@@H]1OC(C)=O,success,322,301,164.62,
6626,CN(C)CCNc1nc2c(=O)[nH]c(N)nc2n1C1OC(CO)C(O)C1O,success,182,165,137.21,
6627,Nc1nc2c(ncn2[C@@H]2CO[C@H](CO)[C@H]2O)c(=O)[nH]1,success,287,268,292.54,
6628,O=c1[nH]cnc2c1nc(Br)n2C1O[C@H](CO)[C@@H](O)[C@H]1O,success,282,263,266.81,
6629,Nc1nc2c(ncn2[C@H]2O[C@H](COP(=O)([O-])[O-])[C@@H](O)[C@H]2O)c(=O)[nH]1.[Na+].[Na+],success,42,26,33.86,
6630,Nc1nc2c(nc(NCCCN3CCOCC3)n2C2OC(CO)C(O)C2O)c(=O)[nH]1,success,122,104,75.27,
6631,O=c1[nH]cnc2c1ncn2[C@H]1O[C@H](COP(=O)(O)O)[C@@H](O)[C@H]1O,success,119,101,273.78,
6632,Nc1nc2c(ncn2C2O[C@H](COP(=O)(O)OP(=O)(O)OP(=O)(O)O)[C@@H](O)[C@H]2O)c(=O)[nH]1,success,57,41,60.77,
6633,N.N.Nc1nc2c(ncn2[C@@H]2O[C@H](CO)[C@@H](O)[C@H]2O)c(=O)[nH]1.[Cl-].[Cl-].[Pt+2],success,42,26,26.68,
6634,CC(C)O[Si]1(OC(C)C)OC[C@H]2O[C@@H](n3cnc4c(=O)[15nH]c(N)nc43)[C@H](O)[C@@H]2O[Si](OC(C)C)(OC(C)C)O1,success,42,26,42.44,
6635,CNc1nc2c(=O)[nH]cnc2n1C1OC(CO)C(O)C1O,success,397,378,346.64,
6636,Nc1nc2c([nH]c[n+]2C2CC(O)C(CO)O2)c(=O)[nH]1,success,424,404,315.9,
6637,Nc1nc2c(ncn2C2OC(CO)C(O)C2OP(=O)([O-])[O-])c(=O)[nH]1,success,169,151,262.45,
6638,Nc1nc2c(ncn2[C@H]2C[C@H](O)C[C@@H](CO)O2)c(=O)[nH]1,success,314,295,260.04,
6639,Nc1nc2ncn([C@H]3O[C@@H](CO)[C@@H](O)[C@@H]3O)c2c(=O)[nH]1,success,337,318,297.78,
6640,CC(=O)OC[C@H]1O[C@@H](n2cnc3c(=O)[15nH]cnc32)C[C@@H]1OC(C)=O,success,1805,1782,2519.44,
6641,O=c1[nH]cnc2c1ncn2[C@@H]1O[C@@]2(CO)CCO[C@H]2[C@H]1O,success,321,302,350.74,
6642,Nc1nc2c(ncn2C2OC(CO)C(S)C2O)c(=O)[nH]1,success,289,270,290.47,
6643,CN(C)CCCNc1nc2c(=O)[nH]c(N)nc2n1C1OC(CO)C(O)C1O,success,232,214,156.41,
6644,Nc1nc2c(ncn2C2OC(CP(=O)([O-])[O-])C(O)C2O)c(=O)[nH]1,success,166,147,173.59,
6645,Nc1nc2c(ncn2C2OC(CP(=O)(O)O)C(O)C2O)c(=O)[nH]1,success,166,147,157.06,
6646,Nc1nc2c(ncn2[C@@H]2CO[C@H](CO)[C@@H](O)[C@@H]2O)c(=O)[nH]1,success,432,413,340.12,
6647,O=c1[nH]c(NCCO)nc2c1ncn2[C@@H]1C[C@@H](O)[C@H](CO)O1,success,1691,1670,1579.62,
6648,CCOC(=O)CO[C@@H]1[C@H](O)[C@@H](CO)O[C@H]1n1cnc2c(=O)[nH]c(N)nc21,success,2169,2147,2600.23,
6649,[H]/N=C(\C)[C@H]1C[C@H](n2cnc3c(=O)[nH]cnc32)O[C@@H]1CO,success,848,827,724.28,
6650,C[As](C)(=O)OC[C@H]1O[C@@H](n2cnc3c(=O)[nH]cnc32)[C@H](O)[C@@H]1O,failed,196,177,190.52,min() arg is an empty sequence
6651,CN(C)c1nc2c(ncn2C2OC(COP(=O)(O)O)C(O)C2O)c(=O)[nH]1,success,139,121,247.75,
6652,O=C(O)OCC1OC(n2cnc3c(=O)[nH]cnc32)C(O)C1O,success,519,500,454.81,
6653,O=c1[nH]cnc2c1ncn2C1OC(COP(=O)(O)OP(=O)(O)OP(=O)(O)OP(=O)(O)O)C(O)C1O,success,42,26,38.2,
6654,CCCCCCCNc1nc2c(=O)[nH]c(N)nc2n1C1OC(CO)C(O)C1O,success,204,184,68.07,
6655,Nc1nc2c(ncn2[C@@H]2O[C@H](CO)[C@@H](O)[C@H]2O)c(=[18O])[nH]1,success,343,324,383.04,
6656,CCNc1nc2c(c(=O)[nH]1)n(C)c[n+]2[C@@H]1O[C@H](COP(=O)(O)O)[C@@H](O)[C@H]1O,success,618,597,1014.63,
6657,CO[C@@H]1[C@@H](I)[C@@H](CO)O[C@H]1n1cnc2c(=O)[nH]c(NCC(C)C)nc21,success,759,739,734.23,
6658,NC(=O)[C@H]1C[C@H](n2cnc3c(=O)[nH]cnc32)O[C@@H]1CO,success,411,392,479.29,
6659,Nc1nc2c(ncn2C2OC(CO)C(O)C2P(=O)([O-])[O-])c(=O)[nH]1,success,262,243,312.49,
6660,NCCCCCCOP(=O)(O)OP(=O)(O)OC[C@@H]1O[C@H](n2cnc3c(=O)[nH]c(N)nc32)[C@@H](O)[C@H]1O,success,358,342,175.09,
6661,Nc1nc2c(nc(N3CCCCC3)n2C2OC(CO)C(O)C2O)c(=O)[nH]1,success,124,108,176.29,
6662,CCCC(=O)OC[C@H]1O[C@@H](n2cnc3c(=O)[nH]cnc32)[C@H](O)[C@@H]1O,success,2690,2667,4626.96,
6663,CSc1[15n]c2c(ncn2[C@@H]2O[C@H](CO)[C@@H](O)[C@H]2O)c(=O)[15nH]1,success,332,313,313.55,
6664,CS(=O)[13c]1[15n]c2c(ncn2[C@@H]2O[C@H](CO)[C@@H](O)[C@H]2O)c(=O)[15nH]1,failed,281,262,238.21,min() arg is an empty sequence
6665,C#CCO[C@@H]1[C@H](O)[C@@H](CO)O[C@H]1n1cnc2c(=O)[nH]c(/N=C/N(C)C)nc21,success,153,135,83.46,
6666,CC#Cc1nc2c(=O)[nH]c(N)nc2n1[C@H]1C[C@H](O)[C@@H](CO)O1,success,640,619,538.54,
6667,O=c1c2ncn(C3CC(O)C(CO)O3)c2nc2n1C(O)C(O)N2,success,430,411,359.12,
6668,O=c1[nH]cnc2c1ncn2C1OC(COP(=O)([O-])OP(=O)([O-])[O-])C(O)C1O,success,106,90,128.92,
6669,O=C(CBr)Nc1nc2c(ncn2[C@H]2O[C@@H](CO)[C@H](O)[C@@H]2O)c(=O)[nH]1,success,2178,2159,2462.15,
6670,CCOP(=O)(Nc1nc2c(ncn2[C@@H]2O[C@H](CO)[C@@H](O)[C@H]2O)c(=O)[nH]1)OCC,success,421,399,587.04,
6671,Nc1nc2c(ncn2[C@H]2O[C@@H](COP(=O)(O)OP(=O)(O)O)[C@H](O)[C@@H]2O)c(=O)[nH]1.[Li+],success,42,26,35.11,
6672,Nc1nc2c(c(=O)[nH]1)n1c[n+]2[C@@H]2O[C@H](COP(=O)(O)OP(=O)([O-])OC[C@H]3O[C@@H]1[C@H](O)[C@@H]3O)[C@@H](O)[C@H]2O,success,42,26,34.59,
6673,Nc1nc2c(ncn2C2OC(COP(=O)([O-])OP(=O)([O-])OP(=O)(O)O)C(O)C2O)c(=O)[nH]1,success,73,57,80.7,
6674,Nc1nc2c(ncn2C2OC(COP(=O)(O)OP(=O)([O-])[O-])C(O)C2O)c(=O)[nH]1,success,107,91,148.34,
6675,O=c1[nH]cnc2c1ncn2[C@@H]1CO[C@H](CO)[C@@H](O)C1,success,255,236,236.75,
6676,Nc1nc2c(ncn2[C@@H]2OC(CO)(CO)[C@H]3O[C@@H]23)c(=O)[nH]1,success,307,288,218.17,
6677,O=c1[nH]c(NP(=O)(O)O)nc2c1ncn2[C@@H]1O[C@H](CO)[C@@H](O)[C@H]1O,success,116,98,143.17,
6678,Nc1nc2c(ncn2C2OC(CO)C3OP(O)(=S)OC32)c(=O)[nH]1,success,192,173,239.91,
6679,CN(C)/C=N/c1nc2c(ncn2[C@@H]2O[C@H](CO)[C@@H](O)[C@H]2OCCC#N)c(=O)[nH]1,success,168,149,137.9,
6680,CO[C@@H]1[C@H](O)[C@@H](CO)O[C@H]1n1cnc2c(=O)[nH]c(/N=C/N(C)C)nc21,success,221,203,264.4,
6681,Nc1nc2c(ncn2[C@@H]2O[C@H](COC(=O)CC(=O)O)[C@@H](O)[C@H]2O)c(=O)[nH]1,success,2635,2613,4238.62,
6682,C[C@@H]1C[C@@H](CO)O[C@@H]1n1cnc2c(=O)[nH]c(N)nc21,success,216,197,211.14,
6683,N#CCO[C@@H]1[C@H](O)[C@@H](CO)O[C@H]1n1cnc2c(=O)[nH]c(N)nc21,success,679,660,713.54,
6684,Nc1nc2c(ncn2[C@@H]2O[C@H](COP(=O)([O-])OP(=O)([O-])OP(=O)([O-])O)[C@@H](O)[C@H]2O)c(=O)[nH]1.[Eu+3],success,42,26,55.84,
6685,CN(C)C=Nc1nc2c([nH]c[n+]2C2CC(O)C(CO)O2)c(=O)[nH]1,success,362,342,369.31,
6686,[H]/N=C(\CO)[C@H](O)[C@H](O)/C(=N\[H])n1cnc2c(=O)[nH]cnc21,success,2057,2036,1450.27,
6687,CC(C)CNc1nc2ncn([C@H]3C[C@H](O)[C@@H](CO)O3)c2c(=O)[nH]1,success,1374,1354,1271.71,
6688,[15NH2]c1nc2c(ncn2[C@H]2C[C@H](O)[C@@H](CO)O2)c(=O)[nH]1,success,287,268,235.32,
6689,O=c1[nH]cnc2c1[nH]c[n+]2C1CC(O)C(COP(=O)(O)O)O1,success,157,137,199.61,
6690,CC(=O)OC[C@H]1O[C@@H](n2[14cH]nc3c(=O)[nH]cnc32)[C@H](OC(C)=O)[C@@H]1OC(C)=O,success,322,301,195.39,
6691,CCOP(=O)(O)OC[C@H]1O[C@@H](n2cnc3c(=O)[nH]c(N)nc32)[C@H](O)[C@@H]1OP(=O)(O)OCC,success,164,146,138.86,
6692,O=C1C(O)C(CO)OC1n1cnc2c(=O)[nH]cnc21,success,209,190,194.65,
6693,N.[B][P@@](=O)(OC[C@H]1O[C@@H](n2cnc3c(=O)[nH]c(N)nc32)[C@H](O)[C@@H]1O)OP(=O)(O)O,success,42,26,54.79,
6694,[B][P@@](=O)(OC[C@H]1O[C@@H](n2cnc3c(=O)[nH]c(N)nc32)[C@H](O)[C@@H]1O)OP(=O)(O)O,success,42,26,47.78,
6695,O=c1[nH]cnc2c1ncn2C1CC(O)C(COP(=O)(O)OP(=O)(O)O)O1,success,68,52,90.64,
6696,Nc1nc2c(ncn2C2OC(COP(=O)(O)OP(=O)(O)O)C(OP(=O)(O)O)C2O)c(=O)[nH]1,success,55,39,54.4,
6697,Cn1c[n+](C2OC(COP(=O)(O)O)C(O)C2O)c2nc(N)[nH]c(=O)c21,success,159,141,221.88,
6698,Nc1nc2c(ncn2C2CC(O)C(COP(=O)(O)[Se])O2)c(=O)[nH]1,success,42,26,46.83,
6699,Nc1nc2ncn(C3CC(O)C(COP(=O)(O)O)O3)c2c(=O)[nH]1,success,182,163,241.07,
6700,Nc1nc2c(nc(N3CC[NH2+]CC3)n2C2OC(CO)C(O)C2O)c(=O)[nH]1,success,42,26,41.34,
6701,Nc1nc2c(nc(N3CCNCC3)n2C2OC(CO)C(O)C2O)c(=O)[nH]1,success,42,26,29.23,
6702,C#CC1[C@H](n2cnc3c(=O)[nH]c(N)nc32)O[C@H](CO)[C@H]1O,success,318,299,257.09,
6703,COC1C(O)C(COP(=O)(O)O)OC1n1cnc2c(=O)[nH]c(N)nc21,success,147,129,219.31,
6704,Nc1nc2c(ncn2C2OC(COP(=O)(O)O)C(OP(=O)(O)O)C2O)c(=O)[nH]1,success,64,48,86.75,
6705,Nc1nc2c(ncn2[C@@H]2OC(CO)(CO)[C@@H]3O[C@H]23)c(=O)[nH]1,success,307,288,287.38,
6706,Nc1nc2c(nc(NC(CO)C(=O)O)n2[C@@H]2O[C@H](CO)[C@@H](O)[C@H]2O)c(=O)[nH]1,success,2605,2584,4180.12,
6707,CN(C)c1nc2c(ncn2C2NC(CO)C(O)C2O)c(=O)[nH]1,success,392,373,429.24,
6708,O=c1[nH]c(NO)nc2c1ncn2C1OC(CO)C(O)C1O,success,335,316,221.3,
6709,Nc1nc2c(ncn2C2CC(O)C(COP(=O)([O-])OP(=O)(O)OP(=O)([O-])O)O2)c(=O)[nH]1,success,65,49,89.08,
6710,CS[13c]1[15n]c2c(ncn2[C@@H]2O[C@H](CO)[C@@H](O)[C@H]2O)c(=O)[15nH]1,failed,332,313,308.12,min() arg is an empty sequence
6711,CCOCc1nc2c(ncn2[C@H]2O[C@@H](CO)[C@H](O)[C@@H]2O)c(=O)[nH]1,success,1249,1227,927.13,
6712,NCCC(=O)N[C@@H]1[C@H](O)[C@@H](COP(=O)(O)OP(=O)(O)OP(=O)(O)O)O[C@H]1n1cnc2c(=O)[nH]c(N)nc21,success,42,26,73.54,
6713,[15NH2]c1[15n]c2c(ncn2[C@H]2C[C@H](O)[C@@H](CO)O2)c(=O)[15nH]1,success,287,268,239.04,
6714,[15NH2]c1nc2c(ncn2[C@@H]2O[C@H](CO)[C@@H](O)[C@H]2O)c(=O)[15nH]1,success,361,342,295.55,
6715,CSc1[15n]c2c(ncn2[C@H]2C[C@H](O)[C@@H](CO)O2)c(=O)[15nH]1,failed,288,269,257.38,min() arg is an empty sequence
6716,COC(=O)CNc1nc2c(ncn2[C@@H]2C[C@@H](O)[C@H](CO)O2)c(=O)[nH]1,success,2328,2309,3282.38,
6717,CN(C)/C=N/c1nc2c(ncn2[C@@H]2O[C@H](CO)[C@@H](O)[C@H]2OCC#N)c(=O)[nH]1,success,181,163,136.54,
6718,O=c1[nH]c(CO)nc2c1ncn2[C@H]1O[C@@H](COP(=O)(O)O)[C@H](O)[C@@H]1O,success,110,94,124.53,
6719,N.N.O=NO.O=c1[nH]cnc2c1ncn2[C@@H]1O[C@H](CO)[C@@H](O)[C@H]1O.[Cl-].[Cl-].[Pt+4],success,42,26,42.83,
6720,Nc1nc2c(ncn2C2OC(CO)C(OP(=O)([O-])[O-])C2O)c(=O)[nH]1,success,169,151,220.92,
6721,O=c1[nH]cnc2c1ncn2C1O[C@@H](COP(=O)(O)O)[C@H](O)[C@@H]1O,success,119,101,182.14,
6722,Nc1nc2c(nc(OO)n2[C@@H]2C[C@H](O)[C@@H](CO)O2)c(=O)[nH]1,success,252,233,220.57,
6723,O=c1c2ncn(C3OC(CO)C(O)C3O)c2nc2n1C(O)C(O)N2,failed,480,461,321.44,min() arg is an empty sequence
6724,CN(C)/C=N/c1nc2c(ncn2[C@@H]2O[C@H](CO)[C@H]3O[C@H]32)c(=O)[nH]1,success,241,222,324.75,
6725,CCCC(=O)O.NC(N)=NCCCC(N)C(=O)O.O=c1[nH]cnc2c1ncn2[C@@H]1O[C@H](CO)[C@@H](O)[C@H]1O,success,42,26,82.78,
6726,[15NH2][13c]1[15n]c2c(ncn2[C@@H]2O[C@H](CO)[C@@H](O)[C@H]2O)c(=O)[15nH]1,success,361,342,303.13,
6727,NCCCO[C@@H]1[C@H](O)[C@@H](CO)O[C@H]1n1cnc2c(=O)[nH]c(N)nc21,success,1542,1522,1383.25,
6728,Nc1nc2c(nc(NCC(=O)O)n2[C@@H]2O[C@H](CO)[C@@H](O)[C@H]2O)c(=O)[nH]1,success,1866,1847,2281.99,
6729,[Ag].[H]/[O+]=c1\[nH]cnc2c1ncn2C1OC(CO)C(O)C1O,success,42,26,30.44,
6730,Nc1nc2c(ncn2C2OC(COP(=O)(O)OP(=O)(O)OP(=O)([O-])[O-])C(O)C2O)c(=O)[nH]1,success,69,53,83.95,
6731,O=c1[nH]cnc2c1ncn2C1COC(CO)C1O,success,235,216,203.14,
6732,O=c1nc2n(c3c1ncn3[C@H]1C[C@H](O)[C@@H](CO)O1)C(O)C(O)(O)C(O)N2,success,155,137,160.0,
6733,Nc1nc2c(ncn2[C@@H]2O[C@H](COP(=O)([O-])[S-])[C@@H](O)[C@H]2O)c(=O)[nH]1.[Na+].[Na+],success,42,26,37.1,
6734,CNP(=O)(O)OP(=O)(O)OP(=O)(O)OCC1OC(n2cnc3nc(N)[nH]c(=O)c32)C(OC)C1O,success,91,73,100.44,
6735,Nc1nc2c(ncn2[C@H]2O[C@@H](CO)[C@H](O)[C@@H]2OP(=O)(O)O)c(=O)[nH]1,success,138,120,171.17,
6736,Nc1nc2c(ncn2[C@@H]2O[C@H](CO)[C@@H](O)[C@H]2O)c(=O)[nH]1.[C-]#[O+].[C-]#[O+].[C-]#[O+].[Cl-].[Cl-].[Ru+2],success,42,26,42.5,
6737,CCCCCCNc1nc2c(=O)[nH]c(N)nc2n1C1OC(CO)C(O)C1O,success,171,151,63.33,
6738,Nc1nc2c(ncn2C2OC(COP(=O)([O-])OP(=O)([O-])NP(=O)([O-])O)C(O)C2O)c(=O)[nH]1,success,93,77,114.25,
6739,CC(=O)OC[C@H]1O[C@@H](n2cnc3c(=O)[15nH]cnc32)[C@H](OC(C)=O)[C@@H]1OC(C)=O,success,322,301,218.94,
6740,[15NH2]c1nc2c([15n]c(Br)n2[C@H]2C[C@H](O)[C@@H](CO)O2)c(=O)[15nH]1,success,260,241,231.82,
6741,O=c1[nH]cnc2c1ncn2[C@@H]1O[C@H](CO)[C@@H](O)[C@H]1O.O=c1[nH]cnc2c1ncn2[C@@H]1O[C@H](CO)[C@@H](O)[C@H]1O.[Cl-].[Cl-].[Pt+2],success,42,26,31.9,
6742,O=c1[nH][13cH]nc2c1ncn2[C@@H]1O[C@H](CO)[C@@H](O)[C@H]1O,success,300,281,316.86,
6743,CCNc1nc2c(=O)[nH]cnc2n1[C@@H]1O[C@H](CO)[C@@H](O)[C@H]1O,success,1097,1076,1031.28,
6744,Nc1nc2c(nc(N3CCCCCC3)n2C2OC(CO)C(O)C2O)c(=O)[nH]1,success,42,26,26.7,
6745,N.N.Nc1nc2c(ncn2[C@H]2O[C@@H](CO[P+](O)(O)O)[C@H](O)[C@@H]2O)c(=O)[nH]1.[OH-].[Pt],success,42,26,33.47,
6746,Nc1nc2c(ncn2[C@H]2O[C@@H](CO[P+](O)(O)O)[C@H](O)[C@@H]2O)c(=O)[nH]1,success,115,97,130.97,
6747,Nc1nc2c(ncn2CC2OC(P(=O)([O-])O)C(O)C2O)c(=O)[nH]1,success,184,165,194.91,
6748,CC(=O)OC[C@H]1OC(n2cnc3c(=O)[nH]cnc32)[C@H](OC(C)=O)[C@@H]1OC(C)=O,success,322,301,166.18,
6749,NOC(N)(N)[C@@]1(N)O[C@@H](n2cnc3c(=O)[nH]cnc32)[C@H](O)[C@]1(N)O,success,42,26,36.23,
6750,NOC(N)(N)[C@@]1(N)O[C@@H](n2cnc3c(=O)[nH]c(N)nc32)C[C@]1(N)O,success,42,26,41.09,
6751,O=c1[nH]cnc2c1nc(Br)n2[C@@H]1O[C@@H](CO)[C@@H](O)[C@H]1O,success,282,263,277.87,
6752,CSc1nc2c(=O)[nH]cnc2n1[C@@H]1O[C@@H](CO)[C@H](O)[C@@H]1O,success,332,313,305.23,
6753,CSc1nc2c(=O)[nH]cnc2n1[C@H]1O[C@@H](CO)[C@H](O)[C@@H]1O,success,332,313,305.01,
6754,O=c1[nH]c([N+](=O)[O-])nc2c1ncn2[C@@H]1O[C@H](CO)[C@@H](O)[C@@H]1O,success,217,198,219.19,
6755,Nc1nc2c(ncn2[C@@H]2O[C@H](COP(=O)([O-])OP(=O)([O-])OP(=O)([O-])[O-])[C@@H](O)[C@H]2O)c(=O)[nH]1.[H+].[H+].[Li+].[Li+],success,42,26,37.74,
6756,Nc1nc2c(ncn2[C@@H]2O[C@H](COP(=O)(O)OC[C@H]3OCC[C@@H]3O)[C@@H](O)[C@H]2O)c(=O)[nH]1,success,141,125,123.85,
6757,Nc1nc2c(ncn2[C@@H]2O[C@H](COP(=O)([O-])OP(=O)([O-])OP(=O)([O-])[O-])[C@@H](O)[C@H]2O)c(=O)[nH]1.[H+].[H+].[Na+].[Na+],success,42,26,53.71,
6758,O=C1C(=O)[C@@H](CO)O[C@H]1n1cnc2c(=O)[nH]cnc21,success,114,95,117.92,
6759,Nc1nc2ncn([C@@H]3O[C@H](CO)[C@H](O)[C@H]3O)c2c(=O)[nH]1,success,337,318,304.72,
6760,O=c1[nH]cnc2c1nc(Br)n2[C@H]1O[C@@H](CO)[C@H](O)[C@@H]1O,success,282,263,282.07,
6761,Nc1nc2c(nc(N3CCOCC3)n2[C@H]2O[C@@H](CO)[C@@H](O)[C@H]2O)c(=O)[nH]1,success,122,104,167.34,
6762,Nc1nc2c(nc(N3CCOCC3)n2[C@H]2O[C@@H](CO)[C@@H](O)[C@@H]2O)c(=O)[nH]1,success,122,104,137.94,
6763,Nc1nc2c(nc(N3CCOCC3)n2[C@@H]2O[C@@H](CO)[C@@H](O)[C@@H]2O)c(=O)[nH]1,success,122,104,116.86,
6764,CC(C)[NH+]1CCN(c2nc3c(=O)[nH]c(N)nc3n2[C@H]2O[C@@H](CO)[C@@H](O)[C@H]2O)CC1,success,42,26,44.32,
6765,CC(C)N1CCN(c2nc3c(=O)[nH]c(N)nc3n2[C@H]2O[C@@H](CO)[C@@H](O)[C@H]2O)CC1,success,42,26,28.02,
6766,CC(C)[NH+]1CCN(c2nc3c(=O)[nH]c(N)nc3n2[C@H]2O[C@@H](CO)[C@@H](O)[C@@H]2O)CC1,success,42,26,35.55,
6767,CC(C)N1CCN(c2nc3c(=O)[nH]c(N)nc3n2[C@H]2O[C@@H](CO)[C@@H](O)[C@@H]2O)CC1,success,42,26,29.31,
6768,CC(C)[NH+]1CCN(c2nc3c(=O)[nH]c(N)nc3n2[C@@H]2O[C@@H](CO)[C@@H](O)[C@@H]2O)CC1,success,42,26,42.92,
6769,CC(C)N1CCN(c2nc3c(=O)[nH]c(N)nc3n2[C@@H]2O[C@@H](CO)[C@@H](O)[C@@H]2O)CC1,success,42,26,30.86,
6770,O=c1[nH]cnc2c1nc(N1CCOCC1)n2[C@H]1O[C@@H](CO)[C@@H](O)[C@H]1O,success,113,95,155.22,
6771,O=c1[nH]cnc2c1nc(N1CCOCC1)n2[C@@H]1O[C@@H](CO)[C@@H](O)[C@H]1O,success,113,95,105.81,
6772,O=c1[nH]cnc2c1nc(N1CCOCC1)n2[C@H]1O[C@@H](CO)[C@@H](O)[C@@H]1O,success,113,95,107.21,
6773,O=c1[nH]cnc2c1nc(N1CCOCC1)n2[C@@H]1O[C@@H](CO)[C@@H](O)[C@@H]1O,success,113,95,112.0,
6774,[N-]=[N+]=NC1CC(n2cnc3c(=O)[nH]cnc32)OC1CO,success,42,26,38.81,
6775,CCOC(=O)CNc1nc2c(=O)[nH]cnc2n1C1OC(CO)C(O)C1O,success,2674,2652,3919.61,
6776,CN(C)C(=O)CSc1nc2c(=O)[nH]cnc2n1C1OC(CO)C(O)C1O,success,1442,1424,1829.73,
6777,O=c1[nH]cnc2c1nc(NC1CCCCC1)n2C1OC(CO)C(O)C1O,success,42,26,33.13,
6778,C/C=C/c1nc2c(ncn2[C@@H]2O[C@H](CO)[C@@H](O)[C@H]2O)c(=O)[nH]1,success,1029,1006,853.72,
6779,CSc1nc2c(ncn2[C@H]2C[C@H](O)[C@@H](CO)O2)c(=O)[nH]1,success,288,269,286.0,
6780,COSc1nc2c(ncn2[C@@H]2O[C@H](CO)[C@@H](O)[C@H]2O)c(=O)[nH]1,success,304,285,263.91,
6781,COSc1nc2c(ncn2[C@H]2C[C@H](O)[C@@H](CO)O2)c(=O)[nH]1,success,292,273,314.28,
6782,N[13c]1nc2c(ncn2[C@@H]2O[C@H](CO)[C@@H](O)[C@H]2O)c(=O)[nH]1,success,361,342,329.67,
6783,N[13c]1nc2c(ncn2[C@H]2C[C@H](O)[C@@H](CO)O2)c(=O)[nH]1,success,287,268,234.7,
6784,CN(C)C=Nc1nc2c(ncn2[C@@H]2C[C@H](O)[C@H](CO)O2)c(=O)[nH]1,success,324,305,321.25,
6785,CN(C)C=Nc1nc2c(ncn2[C@H]2C[C@H](O)[C@H](CO)O2)c(=O)[nH]1,success,324,305,330.34,
6786,CN(C)C=Nc1nc2c(ncn2[C@H]2C[C@@H](O)[C@H](CO)O2)c(=O)[nH]1,success,324,305,322.12,
6787,CNc1nc2c(=O)[nH]cnc2n1[C@H]1O[C@@H](CO)[C@@H](O)[C@H]1O,success,395,376,410.17,
6788,CNc1nc2c(=O)[nH]cnc2n1[C@@H]1O[C@@H](CO)[C@@H](O)[C@H]1O,success,395,376,337.75,
6789,CNc1nc2c(=O)[nH]cnc2n1[C@@H]1O[C@@H](CO)[C@@H](O)[C@@H]1O,success,395,376,399.03,
6790,Nc1nc2c(ncn2C2OC(COP(=O)([O-])O[P+](=O)[O-])C(O)C2O)c(=O)[nH]1,success,116,100,144.62,
6791,Nc1nc2c(ncn2C2OC(COP(=O)(O)O[P+](=O)[O-])C(O)C2O)c(=O)[nH]1,success,107,91,102.45,
6792,Nc1nc2c(ncn2[C@@H]2OC(COP(=O)([O-])[O-])C(O)C2O)c(=O)[nH]1.[Na+].[Na+],success,42,26,42.25,
6793,Nc1nc2c(ncn2[C@@H]2OC(COP(=O)(O)O)C(O)C2O)c(=O)[nH]1,success,135,117,188.76,
6794,CC1(C)O[C@@H]2[C@H](O1)[C@H](CO)O[C@@H]2[n+]1c[nH]c2c(=O)[nH]cnc21,success,165,146,173.26,
6795,CC1(C)O[C@@H]2[C@@H](O1)[C@@H]([n+]1c[nH]c3c(=O)[nH]cnc31)O[C@H]2CO,success,165,146,254.69,
6796,CC1(C)O[C@@H]2[C@@H](O1)[C@@H]([n+]1c[nH]c3c(=O)[nH]cnc31)O[C@@H]2CO,success,165,146,185.18,
6797,CC(O)Cn1c[n+](C2O[C@@H](CO)[C@H](O)[C@@H]2O)c2nc(N)[nH]c(=O)c21,success,2254,2232,1564.7,
6798,CC(CO)n1c[n+](C2O[C@@H](CO)[C@H](O)[C@@H]2O)c2nc(N)[nH]c(=O)c21,success,2189,2168,1793.24,
6799,CC(O)C(C)n1c[n+](C2O[C@@H](CO)[C@H](O)[C@@H]2O)c2nc(N)[nH]c(=O)c21,success,1953,1931,1494.04,
6800,Nc1nc2c(c(=O)[nH]1)n(C(O)CCl)c[n+]2C1O[C@@H](CO)[C@H](O)[C@@H]1O,success,1487,1467,1058.42,
6801,Nc1nc2c(c(=O)[nH]1)n(C(O)CBr)c[n+]2C1O[C@@H](CO)[C@H](O)[C@@H]1O,success,1436,1416,1034.95,
6802,Nc1nc2c(c(=O)[nH]1)n(C(O)CO)c[n+]2C1O[C@@H](CO)[C@H](O)[C@@H]1O,success,1618,1597,1301.26,
6803,Nc1nc2c(c(=O)[nH]1)n(CCO)c[n+]2C1O[C@@H](CO)[C@H](O)[C@@H]1O,success,1456,1435,1157.31,
6804,CC(O)C(C)n1c[n+]([C@@H]2O[C@H](CO)[C@@H](O)[C@H]2O)c2nc(N)[nH]c(=O)c21,success,1952,1930,1602.85,
6805,Nc1nc2c(c(=O)[nH]1)n(CC(O)CCl)c[n+]2[C@@H]1O[C@H](CO)[C@@H](O)[C@H]1O,success,2529,2509,2003.47,
6806,CC(O)Cn1c[n+]([C@@H]2O[C@H](CO)[C@@H](O)[C@H]2O)c2nc(N)[nH]c(=O)c21,success,2253,2231,1869.52,
6807,CC(CO)n1c[n+]([C@@H]2O[C@H](CO)[C@@H](O)[C@H]2O)c2nc(N)[nH]c(=O)c21,success,2188,2167,1645.39,
6808,O=c1[nH]cnc2c1nc(Cl)n2C1OC2COP(=O)(O)OC2C1O,success,86,67,97.05,
6809,Nc1nc2c([nH]c[n+]2[C@@H]2C[C@H](O)[C@H](CO)O2)c(=O)[nH]1,success,423,403,340.71,
6810,C#CCc1nc2c(ncn2[C@@H]2O[C@H](CO)[C@@H](O)[C@H]2O)c(=O)[nH]1,success,901,882,729.48,
6811,O=c1[nH]cnc2c1ncn2[C@H]1C[C@H](O)[C@H](O)[C@@H](CO)O1,success,375,356,373.75,
6812,COC1C(CO)OC(n2cnc3c(=O)[nH]cnc32)C1OC,success,223,204,214.13,
6813,CC1(C)O[C@@H]2[C@H](O1)[C@@H](n1cnc3c(=O)[nH]cnc31)O[C@H]2CO,success,154,135,156.0,
6814,O=c1[nH]cnc2c1ncn2[C@@H]1C[C@@H](O)[C@H](COP(=O)(O)OP(=O)(O)OP(=O)(O)O)O1,success,54,38,52.72,
6815,Nc1nc2c(nc(N)n2[C@@H]2O[C@H](C(O)I)[C@@H](O)[C@H]2O)c(=O)[nH]1,success,375,356,390.86,
6816,C[C@H](O)[C@H]1O[C@@H](n2cnc3c(=O)[nH]cnc32)[C@H](O)[C@@H]1O,success,893,871,679.67,
6817,O=c1[nH]nnc2c1ncn2[C@H]1O[C@H](CO)[C@@H](O)[C@H]1O,success,261,242,232.64,
6818,CCOC(=O)Nc1nc2c(ncn2[C@@H]2O[C@H](CO)[C@@H](O)[C@H]2O)c(=O)[nH]1,success,1819,1797,1828.6,
6819,CCOC(=O)N/C(N)=N/c1c(C(N)=O)ncn1[C@@H]1O[C@H](CO)[C@@H](O)[C@H]1O,success,4233,4211,4986.61,
6820,CC1(CO)OC(n2cnc3c(=O)[nH]c(N)nc32)C(C)(O)C1(C)O,success,309,290,288.46,
6821,Nc1nc2c([nH]c[n+]2C2OC(CO)C(O)C2O)c(=O)[nH]1,success,387,368,426.62,
6822,CC(C)C(=O)Nc1nc2ncn([C@@H]3O[C@H](CO)[C@@H](O)[C@H]3O)c2c(=O)[nH]1,success,2282,2260,3177.77,
6823,CC(C)C(=O)Nc1nc2ncn([C@@H]3O[C@H](CO)[C@@H](OC(=O)C(C)C)[C@H]3OC(=O)C(C)C)c2c(=O)[nH]1,success,42,26,83.93,
6824,Nc1nc2c(nc(Br)n2[C@@H]2O[C@@H](CO)[C@H](O)[C@H]2O)c(=O)[nH]1,success,338,319,304.75,
6825,Nc1nc2c(nc(N3CC[NH2+]CC3)n2[C@@H]2O[C@@H](CO)[C@@H](O)[C@@H]2O)c(=O)[nH]1,success,42,26,41.52,
6826,Nc1nc2c(nc(N3CCNCC3)n2[C@@H]2O[C@@H](CO)[C@@H](O)[C@@H]2O)c(=O)[nH]1,success,42,26,41.43,
6827,CCCCN(C=Nc1nc2c(ncn2[C@H]2O[C@@H](CO)[C@H](O)[C@@H]2O)c(=O)[nH]1)CCCC,success,217,197,125.54,
6828,CCCCCCCNc1nc2c(=O)[nH]c(N)nc2n1[C@@H]1O[C@H](CO)[C@@H](O)[C@H]1O,success,204,184,67.84,
6829,CC(C)N1CCN(c2nc3c(=O)[nH]c(N)nc3n2[C@@H]2O[C@H](CO)[C@@H](O)[C@H]2O)CC1,success,42,26,43.48,
6830,CSc1nc2c(=O)[nH]cnc2n1C1O[C@@H](CO)[C@H](O)[C@@H]1O,success,332,313,289.52,
6831,O=c1[nH]cnc2c1nc(N1CCN(CCO)CC1)n2[C@H]1O[C@@H](CO)[C@H](O)[C@@H]1O,success,54,37,65.94,
6832,O=c1[nH]cnc2c1nc(N1CCNCC1)n2[C@H]1O[C@@H](CO)[C@H](O)[C@@H]1O,success,152,134,252.93,
6833,CN1CCN(c2nc3c(=O)[nH]cnc3n2[C@@H]2O[C@H](CO)C(O)C2O)CC1,success,119,103,190.75,
6834,O=c1[nH]cnc2c1nc(N1CCOCC1)n2[C@@H]1OC(CO)[C@@H](O)[C@H]1O,success,113,95,107.64,
6835,CN1CCN(c2nc3c(=O)[nH]cnc3n2C2O[C@@H](CO)[C@H](O)[C@@H]2O)CC1,success,119,103,147.23,
6836,Nc1nc2c(ncn2[C@H]2O[C@@H](COP(=O)([O-])O)[C@H](O)[C@@H]2O)c(=O)[nH]1.[Na+],success,42,26,51.89,
6837,Cn1c[n+](C2O[C@H](COP(=O)([O-])OP(=O)(O)OP(=O)(O)O)[C@@H](O)[C@H]2O)c2nc(N)[nH]c(=O)c21,success,67,51,88.87,
6838,Cn1c[n+](C2O[C@H](COP(=O)(O)OP(=O)(O)OP(=O)(O)O)[C@@H](O)[C@H]2O)c2nc(N)[nH]c(=O)c21,success,60,44,85.42,
6839,Nc1nc2c(nc(Br)n2[C@@H]2O[C@@H](CO)[C@H](O)[C@@H]2O)c(=O)[nH]1,success,338,319,352.88,
6840,Nc1nc2c(ncn2[C@@H]2O[C@H](COP(=O)([O-])OP([O-])([O-])=S)[C@@H](O)[C@H]2O)c(=O)[nH]1.[Li+].[Li+].[Li+],success,42,26,56.05,
6841,Nc1nc2c(ncn2[C@@H]2O[C@H](COP(=O)([O-])OP(=O)([O-])OP([O-])([O-])=S)[C@@H](O)[C@H]2O)c(=O)[nH]1.[Li+].[Li+].[Li+].[Li+],success,42,26,38.09,
6842,Nc1nc2c(ncn2[C@@H]2O[C@H](COP(=O)([O-])OP(=O)([O-])NP(=O)([O-])[O-])[C@@H](O)[C@H]2O)c(=O)[nH]1.[Li+].[Li+].[Li+].[Li+],success,42,26,39.84,
6843,O=c1[nH]cnc2c1nc(N1CCCCC1)n2[C@H]1O[C@@H](CO)[C@H](O)[C@@H]1O,success,118,102,220.74,
6844,Nc1nc2c(ncn2C2OC3CO[P+](O)(O)OC3C2O)c(=O)[nH]1,success,112,93,137.81,
6845,CP(=O)([O-])OP(=O)([O-])OP(=O)([O-])OCC1OC(n2cnc3c(=O)[nH]c(N)nc32)C(O)C1O,success,77,61,77.93,
6846,CP(=O)(O)OP(=O)(O)OP(=O)(O)OCC1OC(n2cnc3c(=O)[nH]c(N)nc32)C(O)C1O,success,86,70,108.76,
6847,Nc1nc2c(ncn2C2OC(COP(=O)([O-])OP(=O)([O-])[O-])C(OP(=O)([O-])OP(=O)([O-])[O-])C2O)c(=O)[nH]1,success,42,26,37.18,
6848,Nc1nc2c(ncn2[C@@H]2CO[C@@H](CO)[C@@H](O)C2)c(=O)[nH]1,success,314,295,314.03,
6849,CC(C)(C)C(=O)OC[C@@H]1O[C@H](n2cnc3c(=O)[nH]cnc32)C[C@H]1O,success,1074,1056,1212.45,
6850,CC(=O)OC[C@@H]1O[C@H](n2cnc3c(=O)[nH]cnc32)C(OC(C)=O)[C@@H]1OC(C)=O,success,374,353,194.56,
6851,C[C@@H]1O[C@H](n2cnc3c(=O)[nH]cnc32)[C@@H](O)[C@H](O)[C@@H]1O,success,213,194,252.37,
6852,O=c1[nH]nnc2ncn([C@@H]3O[C@H](CO)[C@@H](O)[C@H]3O)c12,success,261,242,226.74,
6853,O=c1[nH]cnc2c1ncn2[C@H]1O[C@@H](CCl)[C@@H](O)[C@H]1O,success,131,112,142.04,
6854,O=c1[nH]cnc2c1ncn2[C@@H]1O[C@@H](CCl)[C@@H](O)[C@H]1O,success,131,112,112.35,
6855,O=c1[nH]cnc2c1ncn2[C@H]1O[C@@H](CCl)[C@@H](O)[C@@H]1O,success,131,112,127.65,
6856,O=c1[nH]cnc2c1ncn2[C@@H]1O[C@@H](CCl)[C@@H](O)[C@@H]1O,success,131,112,151.02,
6857,C[Se]c1nc2c(=O)[nH]cnc2n1[C@@H]1O[C@H](CO)[C@@H](O)[C@H]1O,success,300,281,293.73,
6858,O=c1[nH]cnc2c1nc(N1CC[NH+](CC(O)CO)CC1)n2C1OC(CO)C(O)C1O.[Cl-],success,42,26,31.0,
6859,Nc1nc2c(ncn2[C@@H]2OC(CO)C(O)C2O)c(=O)[nH]1,success,363,344,294.12,
6860,Nc1nc2c(nc(Br)n2[C@@H]2OC(CO)C(O)C2O)c(=O)[nH]1.O,success,42,26,42.34,
6861,O.O=c1[nH]cnc2c1ncn2[C@@H]1OC(COP(=O)([O-])OP(=O)([O-])OP(=O)([O-])O)C(O)C1O.[Na+].[Na+].[Na+],success,42,26,40.85,
6862,O=c1[nH]cnc2c1ncn2[C@@H]1OC(COP(=O)(O)OP(=O)(O)OP(=O)(O)O)C(O)C1O,success,57,41,84.43,
6863,Nc1nc2c(ncn2[C@H]2CC(O)C(COP(=O)(O)O)O2)c(=O)[nH]1,success,182,163,202.72,
6864,Nc1nc2c(ncn2[C@@H]2OC(COP(=O)([O-])[O-])C(O)C2O)c(=O)[nH]1.O.[Na+].[Na+],success,42,26,55.12,
6865,Nc1nc2c(ncn2[C@H]2CC(O)C(CO)O2)c(=O)[nH]1.O,success,42,26,41.07,
6866,Nc1nc2c(ncn2[C@H]2CC(O)C(CO)O2)c(=O)[nH]1,failed,288,269,242.85,min() arg is an empty sequence
6867,O=c1[nH]cnc2nc(N3CCCCC3)n(C3OC(CO)C(O)C3O)c12,success,116,100,135.96,
6868,CCC(O)C(C)c1nc2c(ncn2C2OC(CO)C(O)C2O)c(=O)[nH]1,success,1645,1624,1328.26,
6869,Nc1nc2c(ncn2C2OC(COP(=O)([O-])[O-])C(O)C2O)c(=O)[nH]1.[Na+].[Na+],success,42,26,53.27,
6870,CC[Sn]CC.Nc1nc2c(ncn2C2OC(CO)C(O)C2O)c(=O)[nH]1,success,42,26,27.15,
6871,O=c1[nH]cnc2c1ncn2C1CC(O)C(COP(=O)(O)O)O1.[Na],success,42,26,49.51,
6872,O=c1[nH]cnc2c1ncn2[C@H]1C[C@H](O)[C@@H](COP(=O)([O-])OP(=O)([O-])OP(=O)([O-])O)O1.[Na+].[Na+].[Na+],success,42,26,51.87,
6873,Nc1nc2c(ncn2C2CC(OP(=O)(O)O)C(CO)O2)c(=O)[nH]1.[Na],success,42,26,50.95,
6874,Nc1nc2c(ncn2C2OC(COP(=O)(O)OP(=O)(O)OP(=O)(O)O)C(O)C2O)c(=O)[nH]1.[Li],success,42,26,37.06,
6875,O=c1[nH]cnc2c1ncn2[C@@H]1OC(COP(=O)(O)O)C(O)C1O,success,120,102,243.14,
6876,CC(=O)OCC1O[C@@H](n2cnc3c(=O)[nH]cnc32)[C@H](OC(C)=O)[C@@H]1OC(C)=O,success,322,301,202.39,
6877,O=c1[nH]c(NP(=O)([O-])O)nc2c1ncn2[C@@H]1O[C@H](CO)[C@@H](O)[C@H]1O,success,158,140,215.75,
6878,O=c1[nH]c(NP(=O)([O-])[O-])nc2c1ncn2[C@@H]1O[C@H](CO)[C@@H](O)[C@H]1O,success,131,113,241.93,
6879,Nc1nc2c(ncn2C2OC(COP(=O)(O)OP(O)(O)=S)[C@H](O)[C@@H]2O)c(=O)[nH]1,success,103,87,110.94,
6880,COCC1OC(n2cnc3c(=O)[nH]cnc32)CC1OC,success,147,129,161.84,
6881,C[NH+]1CCN(c2nc3c(=O)[nH]cnc3n2[C@H]2O[C@@H](CO)[C@@H](O)[C@H]2O)CC1,success,119,103,141.86,
6882,CN1CCN(c2nc3c(=O)[nH]cnc3n2[C@H]2O[C@@H](CO)[C@@H](O)[C@H]2O)CC1,success,119,103,139.93,
6883,C[NH+]1CCN(c2nc3c(=O)[nH]cnc3n2[C@H]2O[C@@H](CO)[C@@H](O)[C@@H]2O)CC1,success,119,103,186.57,
6884,CN1CCN(c2nc3c(=O)[nH]cnc3n2[C@H]2O[C@@H](CO)[C@@H](O)[C@@H]2O)CC1,success,119,103,204.4,
6885,C[NH+]1CCN(c2nc3c(=O)[nH]cnc3n2[C@@H]2O[C@@H](CO)[C@@H](O)[C@@H]2O)CC1,success,119,103,144.51,
6886,CN1CCN(c2nc3c(=O)[nH]cnc3n2[C@@H]2O[C@@H](CO)[C@@H](O)[C@@H]2O)CC1,success,119,103,198.6,
6887,O=c1[nH]cnc2c1nc(N1CCCC1)n2[C@H]1O[C@@H](CO)[C@@H](O)[C@H]1O,success,155,137,179.43,
6888,O=c1[nH]cnc2c1nc(N1CCCC1)n2[C@H]1O[C@@H](CO)[C@@H](O)[C@@H]1O,success,155,137,283.66,
6889,O=c1[nH]cnc2c1nc(N1CCCC1)n2[C@@H]1O[C@@H](CO)[C@@H](O)[C@@H]1O,success,155,137,187.82,
6890,CC1CCN(c2nc3c(=O)[nH]cnc3n2[C@H]2O[C@@H](CO)[C@@H](O)[C@H]2O)CC1,success,42,26,26.56,
6891,CC1CCN(c2nc3c(=O)[nH]cnc3n2[C@H]2O[C@@H](CO)[C@@H](O)[C@@H]2O)CC1,success,42,26,26.47,
6892,CC1CCN(c2nc3c(=O)[nH]cnc3n2[C@@H]2O[C@@H](CO)[C@@H](O)[C@@H]2O)CC1,success,42,26,26.81,
6893,Nc1nc2c(nc(Br)n2[C@@H]2O[C@H](CO)[C@H](O)[C@@H]2O)c(=O)[nH]1,success,338,319,323.03,
6894,Nc1nc2c(nc(Br)n2[C@@H]2O[C@@H](CO)[C@@H](O)[C@@H]2O)c(=O)[nH]1,success,338,319,305.89,
6895,CC(C)C(=O)Nc1nc2c(ncn2[C@H]2C[C@H](O)[C@H](CO)O2)c(=O)[nH]1,success,2423,2401,3233.13,
6896,CC(C)C(=O)Nc1nc2c(ncn2[C@H]2C[C@@H](O)[C@H](CO)O2)c(=O)[nH]1,success,2423,2401,3335.3,
6897,CCN(C)c1nc2c(=O)[nH]c(N)nc2n1C1OC(CO)C(O)C1O,success,964,943,1024.96,
6898,CN(C)/C=N\c1nc2c(ncn2[C@@H]2O[C@H](CO)[C@@H](O)[C@H]2O)c(=O)[nH]1,success,327,308,435.89,
6899,O=c1[nH]cnc2ncn([C@H]3O[C@H](CO)[C@@H](O)[C@@H]3O)c12,success,279,260,257.23,
6900,Nc1nc2c(ncn2[C@@H]2O[C@H](COP([O-])([O-])=S)[C@@H](O)[C@H]2O)c(=O)[nH]1.[Na+].[Na+],success,42,26,33.25,
6901,COOC(O[P+](=O)O)C1OC(n2cnc3c(=O)[nH]cnc32)C(O)C1O,success,124,106,135.65,
6902,C#Cc1nc2c(ncn2C2OC(CO)C(O)C2O)c(=O)[nH]1,success,296,277,248.81,
6903,O=c1[nH]c(C#CCO)nc2c1ncn2C1OC(CO)C(O)C1O,success,985,964,712.05,
6904,O=c1[nH]c(C2CC2)nc2c1ncn2C1OC(CO)C(O)C1O,success,272,253,259.92,
6905,O=c1[nH]cnc2c1nc(N1CCCC1)n2[C@@H]1O[C@@H](CO)[C@@H](O)[C@H]1O,success,155,137,260.37,
6906,Nc1nc2c(nc(N3CC[NH2+]CC3)n2[C@@H]2O[C@@H](CO)[C@@H](O)[C@H]2O)c(=O)[nH]1,success,42,26,40.52,
6907,Nc1nc2c(nc(N3CCNCC3)n2[C@@H]2O[C@@H](CO)[C@@H](O)[C@H]2O)c(=O)[nH]1,success,42,26,43.01,
6908,CC1(C)O[C@@H]2[C@@H](O1)[C@@H](n1cnc3c(=O)[nH]cnc31)O[C@H]2CO,failed,154,135,155.73,min() arg is an empty sequence
6909,CC(=O)OC[C@@H]1O[C@@H](n2cnc3c(=O)[nH]cnc32)[C@@H](OC(C)=O)[C@H]1OC(C)=O,success,322,301,210.87,
6910,Nc1nc2c(nc(N3CCOCC3)n2[C@@H]2O[C@@H](CO)[C@@H](O)[C@H]2O)c(=O)[nH]1,success,122,104,143.35,
6911,O=c1[nH]cnc2c1nc(N1CC[NH+](CCO)CC1)n2[C@@H]1O[C@@H](CO)[C@@H](O)[C@H]1O,success,54,37,43.45,
6912,O=c1[nH]cnc2c1nc(N1CCN(CCO)CC1)n2[C@@H]1O[C@@H](CO)[C@@H](O)[C@H]1O,success,54,37,65.28,
6913,Nc1nc2c(nc(N3CCCCC3)n2[C@@H]2O[C@@H](CO)[C@@H](O)[C@H]2O)c(=O)[nH]1,success,124,108,230.92,
6914,CC(C)[NH+]1CCN(c2nc3c(=O)[nH]c(N)nc3n2[C@@H]2O[C@@H](CO)[C@@H](O)[C@H]2O)CC1,success,42,26,27.91,
6915,CC(C)N1CCN(c2nc3c(=O)[nH]c(N)nc3n2[C@@H]2O[C@@H](CO)[C@@H](O)[C@H]2O)CC1,success,42,26,43.55,
6916,C[NH+]1CCN(c2nc3c(=O)[nH]c(N)nc3n2[C@@H]2O[C@@H](CO)[C@@H](O)[C@H]2O)CC1,success,42,26,26.86,
6917,CN1CCN(c2nc3c(=O)[nH]c(N)nc3n2[C@@H]2O[C@@H](CO)[C@@H](O)[C@H]2O)CC1,success,42,26,26.93,
6918,O=c1[nH]cnc2c1nc(N1CC[NH2+]CC1)n2[C@@H]1O[C@@H](CO)[C@@H](O)[C@H]1O,success,152,134,191.43,
6919,O=c1[nH]cnc2c1nc(N1CCNCC1)n2[C@@H]1O[C@@H](CO)[C@@H](O)[C@H]1O,success,152,134,197.32,
6920,C[NH+]1CCN(c2nc3c(=O)[nH]cnc3n2[C@@H]2O[C@@H](CO)[C@@H](O)[C@H]2O)CC1,success,119,103,146.07,
6921,CN1CCN(c2nc3c(=O)[nH]cnc3n2[C@@H]2O[C@@H](CO)[C@@H](O)[C@H]2O)CC1,success,119,103,195.42,
6922,CC1C(O)C(CO)OC1n1cnc2c(=O)[nH]cnc21,success,277,258,232.44,
6923,NNc1nc2c(=O)[nH]c(N)nc2n1[C@@H]1O[C@H](CO)[C@@H](O)[C@@H]1O,success,42,26,25.66,
6924,Nc1nc2c(ncn2CC2CC(O)C(CO)O2)c(=O)[nH]1,failed,341,322,294.79,min() arg is an empty sequence
6925,Nc1nc2c(ncn2C2OC(CO)C(O)C2O)c(=O)[nH]1.O.O,success,42,26,29.41,
6926,CCNc1nc2c(=O)[nH]cnc2n1C1OC(CO)C(O)C1O,success,1109,1088,1080.13,
6927,O=c1[nH]cnc2c1nc(N1CC[NH+](CCO)CC1)n2[C@H]1O[C@@H](CO)[C@@H](O)[C@H]1O,success,54,37,50.11,
6928,O=c1[nH]cnc2c1nc(N1CCN(CCO)CC1)n2[C@H]1O[C@@H](CO)[C@@H](O)[C@H]1O,success,54,37,53.93,
6929,O=c1[nH]cnc2c1nc(N1CC[NH+](CCO)CC1)n2[C@H]1O[C@@H](CO)[C@@H](O)[C@@H]1O,success,54,37,49.88,
6930,O=c1[nH]cnc2c1nc(N1CCN(CCO)CC1)n2[C@H]1O[C@@H](CO)[C@@H](O)[C@@H]1O,success,54,37,67.54,
6931,O=c1[nH]cnc2c1nc(N1CC[NH+](CCO)CC1)n2[C@@H]1O[C@@H](CO)[C@@H](O)[C@@H]1O,success,54,37,66.66,
6932,O=c1[nH]cnc2c1nc(N1CCN(CCO)CC1)n2[C@@H]1O[C@@H](CO)[C@@H](O)[C@@H]1O,success,54,37,43.37,
6933,O=c1[nH]cnc2c1nc(N1CCCCC1)n2[C@H]1O[C@@H](CO)[C@@H](O)[C@H]1O,success,118,102,141.99,
6934,O=c1[nH]cnc2c1nc(N1CCCCC1)n2[C@@H]1O[C@@H](CO)[C@@H](O)[C@H]1O,success,118,102,157.35,
6935,O=c1[nH]cnc2c1nc(N1CCCCC1)n2[C@H]1O[C@@H](CO)[C@@H](O)[C@@H]1O,success,118,102,145.92,
6936,O=c1[nH]cnc2c1nc(N1CCCCC1)n2[C@@H]1O[C@@H](CO)[C@@H](O)[C@@H]1O,success,118,102,146.38,
6937,Nc1nc2c(nc(N3CCCCC3)n2[C@H]2O[C@@H](CO)[C@@H](O)[C@H]2O)c(=O)[nH]1,success,124,108,191.04,
6938,Nc1nc2c(nc(N3CCCCC3)n2[C@H]2O[C@@H](CO)[C@@H](O)[C@@H]2O)c(=O)[nH]1,success,124,108,171.82,
6939,Nc1nc2c(nc(N3CCCCC3)n2[C@@H]2O[C@@H](CO)[C@@H](O)[C@@H]2O)c(=O)[nH]1,success,124,108,167.71,
6940,NC(=O)CSc1nc2c(=O)[nH]cnc2n1C1OC(CO)C(O)C1O,success,2686,2667,3154.8,
6941,O=c1[nH]cnc2ncn([C@H]3O[C@H](CO)[C@@H](O)[C@H]3O)c12,success,279,260,241.3,
6942,Nc1nc2c(ncn2[C@H]2C[C@H](O)[C@@H](CO)O2)c(=O)[nH]1.O.O,success,42,26,27.39,
6943,Nc1nc2c(ncn2[C@@H]2O[C@H](CO)[C@@H](O)[C@@H]2O)c(=O)[nH]1.O,success,42,26,26.35,
6944,Nc1nc2c(ncn2[C@@H]2O[C@H](COP(=O)([O-])OP(=O)(O)OP(=O)([O-])O)[C@@H](O)[C@H]2O)c(=O)[nH]1.[Na+].[Na+],success,42,26,37.61,
6945,[N-]=[N+]=NC1(CO)OC(n2cnc3c(=O)[nH]c(N)nc32)C(O)C1O,success,42,26,29.52,
6946,Nc1nc2c(ncn2C2OC(CO)(CO)C(O)C2O)c(=O)[nH]1,success,344,325,254.62,
6947,CC#CC1(CO)OC(n2cnc3c(=O)[nH]c(N)nc32)C(O)C1O,success,686,665,617.25,
6948,N#CC1C(O)C(CO)OC1n1cnc2c(=O)[nH]c(N)nc21,success,278,259,235.86,
6949,Nc1nc2c([nH]c[n+]2[C@H]2C[C@H](O)[C@H](CO)O2)c(=O)[nH]1,success,423,403,344.02,
6950,O=c1[nH]cnc2c1ncn2[C@@H]1O[C@H](CO)[C@@H](O)[C@]1(O)CO,success,590,571,402.4,
6951,CC(=O)O[C@H]1C[C@H](n2cnc3c(=O)[nH]cnc32)O[C@@H]1CO,success,1352,1329,1376.4,
6952,CC(=O)O[C@@H]1C[C@@H](CO)O[C@H]1n1cnc2c(=O)[nH]cnc21,success,1352,1329,1381.8,
6953,O=c1[nH]cnc2c1ncn2[C@@H]1O[C@@]2(CO)COC[C@@H]1[C@@H]2O,success,319,300,266.14,
6954,O=c1[nH]cnc2c1ncn2[C@H]1O[C@@]2(CO)COC[C@@H]1[C@@H]2O,success,319,300,252.38,
6955,Nc1nc2c(ncn2[C@@H]2OC[C@H](CO)[C@H]2O)c(=O)[nH]1,success,287,268,263.91,
6956,CSc1nc2c(=O)[nH]cnc2n1[C@H]1O[C@H](CO)[C@@H](O)[C@H]1O,success,332,313,294.76,
6957,C[C@H]1O[C@@H](n2cnc3c(=O)[nH]cnc32)[C@@](C)(O)C1O,success,133,114,134.13,
6958,O=c1[nH]cnc2c1ncn2[C@@H]1O[C@H](CO)C(O[C@H]2OC(CO)[C@@H](O)C(O)C2O)C1O,success,294,276,159.94,
6959,NC1=NC2=C(C(=O)[NH2+]1)N(CCCCn1cnc3nc(N)[nH]c(=O)c31)CN2[C@@H]1O[C@H](CO)[C@@H](O)[C@H]1O,success,42,26,29.82,
6960,Nc1nc2c(c(=O)[nH]1)N(CCCCn1cnc3nc(N)[nH]c(=O)c31)CN2[C@@H]1O[C@H](CO)[C@@H](O)[C@H]1O,success,42,26,30.96,
6961,CO[C@@H]1[C@@H](O)[C@@H](CO)O[C@H]1n1cnc2c(=O)[nH]c(N)nc21,success,316,297,265.66,
6962,O=P(O)(O)O.O=c1[nH]c(F)nc2c1ncn2[C@@H]1O[C@H](CO)[C@@H](O)[C@H]1O,success,59,43,65.58,
6963,NCCCCCCNc1nc2c(=O)[nH]cnc2n1[C@@H]1O[C@H](COP(=O)([O-])[O-])[C@@H](O)[C@H]1O,success,191,173,77.22,
6964,CC1(n2cnc3c(=O)[nH]cnc32)OC(CO)C(O)C1O,success,286,267,319.01,
6965,Nc1nc2c(ncn2[C@@H]2O[C@@H](CO)[C@@H](O)[C@@H]2O)c(=O)[nH]1,success,361,342,409.78,
6966,O=c1[nH]cnc2c1ncn2[C@H]1O[C@@H](CO)[C@@H](O)[C@H]1O,success,300,281,245.87,
6967,O=c1[nH]cnc2c1ncn2[C@@H]1O[C@@H](CO)[C@@H](O)[C@H]1O,failed,300,281,269.02,min() arg is an empty sequence
6968,O=c1[nH]cnc2c1ncn2[C@@H]1O[C@@H](CO)[C@@H](O)[C@@H]1O,success,300,281,269.64,
6969,O=c1[nH]cnc2c1nc(Br)n2[C@H]1O[C@@H](CO)[C@@H](O)[C@H]1O,success,282,263,283.26,
6970,O=c1[nH]cnc2c1nc(Br)n2[C@H]1O[C@@H](CO)[C@@H](O)[C@@H]1O,failed,282,263,245.35,min() arg is an empty sequence
6971,O=c1[nH]cnc2c1nc(Br)n2[C@@H]1O[C@@H](CO)[C@@H](O)[C@@H]1O,success,282,263,328.13,
6972,Nc1nc2c([nH]c[n+]2[C@@H]2O[C@H](CO)[C@@H](O)[C@H]2O)c(=O)[nH]1,success,383,364,350.32,
6973,CCCOc1nc2c(=O)[nH]c(N)nc2n1C1OC(CO)C(O)C1O,success,1397,1374,1086.92,
6974,Nc1nc2c(nc(N3CC[NH2+]CC3)n2[C@H]2O[C@@H](CO)[C@@H](O)[C@H]2O)c(=O)[nH]1,success,42,26,42.86,
6975,Nc1nc2c(nc(N3CCNCC3)n2[C@H]2O[C@@H](CO)[C@@H](O)[C@H]2O)c(=O)[nH]1,success,42,26,26.4,
6976,Nc1nc2c(nc(N3CC[NH2+]CC3)n2[C@H]2O[C@@H](CO)[C@@H](O)[C@@H]2O)c(=O)[nH]1,success,42,26,29.53,
6977,Nc1nc2c(nc(N3CCNCC3)n2[C@H]2O[C@@H](CO)[C@@H](O)[C@@H]2O)c(=O)[nH]1,success,42,26,33.25,
6978,COCC1OC(n2cnc3c(=O)[nH]c(C)nc32)C(O)C1OC,success,185,166,220.5,
6979,CC(C)C(=O)Nc1nc2c(ncn2[C@@H]2C[C@@H](O)[C@H](CO)O2)c(=O)[nH]1,success,2423,2401,3387.45,
6980,CC(C)Oc1nc2c(=O)[nH]c(N)nc2n1C1OC(CO)C(O)C1O,success,851,830,699.88,
6981,CN(C)c1nc2c(=O)[nH]c(N)nc2n1[C@H]1O[C@@H](CO)[C@@H](O)C1O,success,363,344,425.34,
6982,CC1(C)O[C@@H]2[C@H](O1)[C@H](CO)O[C@@H]2n1cnc2c(=O)[nH]cnc21,success,154,135,168.06,
6983,CC1(C)O[C@@H]2[C@H](O1)[C@@H](CO)O[C@@H]2n1cnc2c(=O)[nH]cnc21,success,154,135,184.12,
6984,CC1(C)O[C@@H]2[C@@H](O1)[C@@H](n1cnc3c(=O)[nH]cnc31)O[C@@H]2CO,success,154,135,206.2,
6985,O=c1[nH]cnc2c1nc(N1CC[NH2+]CC1)n2[C@H]1O[C@@H](CO)[C@@H](O)[C@H]1O,success,152,134,212.08,
6986,O=c1[nH]cnc2c1nc(N1CCNCC1)n2[C@H]1O[C@@H](CO)[C@@H](O)[C@H]1O,success,152,134,205.78,
6987,O=c1[nH]cnc2c1nc(N1CC[NH2+]CC1)n2[C@H]1O[C@@H](CO)[C@@H](O)[C@@H]1O,success,152,134,213.13,
6988,O=c1[nH]cnc2c1nc(N1CCNCC1)n2[C@H]1O[C@@H](CO)[C@@H](O)[C@@H]1O,success,152,134,214.67,
6989,O=c1[nH]cnc2c1nc(N1CC[NH2+]CC1)n2[C@@H]1O[C@@H](CO)[C@@H](O)[C@@H]1O,success,152,134,224.1,
6990,O=c1[nH]cnc2c1nc(N1CCNCC1)n2[C@@H]1O[C@@H](CO)[C@@H](O)[C@@H]1O,success,152,134,224.31,
6991,C[NH+]1CCN(c2nc3c(=O)[nH]c(N)nc3n2[C@H]2O[C@@H](CO)[C@@H](O)[C@H]2O)CC1,success,42,26,43.22,
6992,CN1CCN(c2nc3c(=O)[nH]c(N)nc3n2[C@H]2O[C@@H](CO)[C@@H](O)[C@H]2O)CC1,success,42,26,42.11,
6993,C[NH+]1CCN(c2nc3c(=O)[nH]c(N)nc3n2[C@H]2O[C@@H](CO)[C@@H](O)[C@@H]2O)CC1,success,42,26,41.05,
6994,CN1CCN(c2nc3c(=O)[nH]c(N)nc3n2[C@H]2O[C@@H](CO)[C@@H](O)[C@@H]2O)CC1,success,42,26,26.82,
6995,C[NH+]1CCN(c2nc3c(=O)[nH]c(N)nc3n2[C@@H]2O[C@@H](CO)[C@@H](O)[C@@H]2O)CC1,success,42,26,27.52,
6996,CN1CCN(c2nc3c(=O)[nH]c(N)nc3n2[C@@H]2O[C@@H](CO)[C@@H](O)[C@@H]2O)CC1,success,42,26,26.66,
6997,CC(C)C(=O)Nc1nc2ncn([C@H]3C[C@H](O)[C@@H](CO)O3)c2c(=O)[nH]1,success,2423,2401,3514.07,
6998,Nc1nc2c(ncn2[C@@H]2O[C@H](COP(=O)([O-])CP(=O)([O-])O)[C@@H](O)[C@H]2O)c(=O)[nH]1,success,87,71,80.03,
6999,CCC(C)(Nc1nc2c(ncn2[C@@H]2O[C@H](CO)[C@@H](O)[C@H]2O)c(=O)[nH]1)P(=O)([O-])[O-],success,722,701,1384.26,
7000,CCC(C)(Nc1nc2c(ncn2[C@@H]2O[C@H](CO)[C@@H](O)[C@H]2O)c(=O)[nH]1)P(=O)(O)O,success,646,625,1253.1,
7001,CC(C)c1nc2c(=O)[nH]cnc2n1[C@@H]1O[C@H](CO)[C@@H](O)[C@H]1O,success,1146,1125,851.98,
7002,O=c1[nH]cnc2c1nc(CO)n2[C@@H]1O[C@H](CO)[C@@H](O)[C@H]1O,success,552,533,364.23,
7003,Nc1nc2c(nc(CO)n2[C@@H]2O[C@H](CO)[C@@H](O)[C@H]2O)c(=O)[nH]1,success,610,591,436.32,
7004,CC(C)(C)C(=O)OC[C@H]1O[C@@H](n2cnc3c(=O)[nH]c(N)nc32)C[C@@H]1O,success,986,968,1152.26,
7005,O=c1[nH]cnc2c1[nH]c[n+]2C1OC(COP(=O)(O)O)C(O)C1O,success,122,104,181.57,
7006,N=[N+]=NCC1OC(n2cnc3c(=O)[nH]c(N)nc32)C(O)C1O,success,65,49,39.57,
7007,O=c1[nH]c(C(O)CO)nc2c1ncn2C1OC(CO)C(O)C1O,success,1855,1834,1360.23,
7008,C=Cc1nc2c(ncn2C2OC(CO)C(O)C2O)c(=O)[nH]1,success,314,295,341.89,
7009,O=Cc1nc2c(ncn2C2OC(CO)C(O)C2O)c(=O)[nH]1,success,656,637,499.8,
7010,Nc1nc2c(ncn2[C@H]2O[C@@H](CO)[C@H](OP(=O)(O)O)[C@@H]2O)c(=O)[nH]1,success,138,120,261.21,
7011,CSc1nc2c(=O)[nH]c(N)nc2n1[C@H]1O[C@@H](CO)[C@@H](O)C1O,success,398,379,417.74,
7012,Nc1nc2c(ncn2[C@@H]2O[C@H](CO)[C@@H](O)[C@H]2O)c(=O)[nH]1.O=P(O)(O)O.O=P(O)(O)O.OP(O)(O)=S,success,42,26,38.6,
7013,Nc1nc2c(ncn2[C@H]2O[C@@H](CO)C[C@H]2O)c(=O)[nH]1,success,288,269,239.54,
7014,Nc1nc2c(ncn2[C@H]2O[C@@H](COP(=O)(O)OP(=O)(O)O)[C@@H](OP(=O)(O)OP(=O)(O)O)[C@H]2O)c(=O)[nH]1,success,42,26,39.44,
7015,Cn1c[n+]([C@H]2O[C@@H](COP(=O)(O)OP(=O)(O)OP(=O)(O)O)[C@@H](O)[C@H]2O)c2nc(N)[nH]c(=O)c21,success,60,44,66.61,
7016,Nc1nc2c(ncn2[C@@H]2O[C@H](CNP(=O)(O)O)[C@@H](O)[C@H]2O)c(=O)[nH]1,success,194,175,236.46,
7017,[N-]=[N+]=Nc1nc2c(=O)[nH]c(N)nc2n1C1OC(CO)C(O)C1O,success,42,26,39.7,
7018,CC1C(CO)OC(n2cnc3c(=O)[nH]c(N)nc32)C1O,success,335,316,290.61,
7019,C[C@@H]1CC(O)n2c(nc3c(ncn3[C@H]3C[C@H](O)[C@@H](CO)O3)c2=O)N1,success,265,247,284.79,
7020,CC1(O)Nc2nc3c(ncn3C3CC(O)C(CO)O3)c(=O)n2C1O,success,405,386,331.99,
7021,Nc1nc2c(c(=O)[nH]1)[n+]([O-])cn2[C@@H]1C[C@H](O)[C@@H](CO)O1,failed,275,256,262.68,min() arg is an empty sequence
7022,Nc1nc2c(ncn2C2O[C@H](COP(=O)([O-])OP(=O)([O-])OP(=O)([O-])[O-])[C@@H](O)[C@H]2O)c(=O)[nH]1.[Na+].[Na+].[Na+].[Na+],success,42,26,37.74,
7023,CC(=O)OC[C@@H]1O[C@H](n2cnc3c(=O)[nH]cnc32)[C@H](OC(C)=O)[C@H]1OC(C)=O,success,322,301,164.07,
7024,O=c1[nH]cnc2c1ncn2[C@@H]1O[C@@H](CCl)[C@H](O)[C@H]1O,success,131,112,125.98,
7025,CC1(C)O[C@@H]2[C@H](O1)[C@@H](CO)O[C@@H]2[n+]1c[nH]c2c(=O)[nH]cnc21,failed,165,146,237.64,min() arg is an empty sequence
7026,CN(C)C=Nc1nc2c(ncn2[C@@H]2C[C@@H](O)[C@H](CO)O2)c(=O)[nH]1,success,324,305,371.82,
7027,O=C1[C@H](n2cnc3c(=O)[nH]cnc32)O[C@H](CO)[C@H]1O,failed,208,189,200.11,min() arg is an empty sequence
7028,C#CCO[C@@H]1[C@H](O)[C@@H](CO)O[C@H]1n1cnc2c(=O)[nH]c(N=CN(C)C)nc21,success,153,135,83.34,
7029,CN(C)C=Nc1nc2c(ncn2[C@@H]2O[C@H](CO)[C@@H](O)[C@H]2OCC#N)c(=O)[nH]1,success,181,163,110.49,
7030,CCOC(=O)CO[C@@H]1[C@H](O)[C@@H](CO)O[C@H]1n1cnc2c(=O)[nH]c(N=CN(C)C)nc21,success,308,286,210.1,
7031,O=c1c2ncn(C3C[C@H](O)[C@@H](CO)O3)c2nc2n1CCN2,success,252,233,273.56,
7032,CCOc1nc2c(=O)[nH]c(N)nc2n1C1OC(CO)C(O)C1O,success,971,949,711.21,
7033,Nc1nc2c(ncn2[C@@H]2O[C@H](COP(=O)([O-])[O-])[C@@H](O)[C@H]2O)c(=O)[nH]1.[Na+],success,42,26,33.29,
7034,Cl.O=c1[nH]cnc2c1ncn2[C@@H]1O[C@H](COP(=O)(O)O)[C@@H](O)[C@H]1O,success,42,26,46.28,
7035,Nc1nc2c(ncn2[C@H]2O[C@@H](COP(=O)([O-])[O-])[C@@H](O)[C@@H]2O)c(=O)[nH]1,success,189,171,259.17,
7036,Nc1nc2c(ncn2[C@H]2O[C@@H](COP(=O)(O)O)[C@@H](O)[C@@H]2O)c(=O)[nH]1,success,134,116,189.92,
7037,O=c1[nH]cnc2c1ncn2[C@H]1O[C@@H](CO)[C@@H](O)[C@@H]1O,success,300,281,267.04,
7038,CC1CCN(c2nc3c(=O)[nH]cnc3n2[C@@H]2O[C@@H](CO)[C@@H](O)[C@H]2O)CC1,success,42,26,26.58,
7039,Nc1nc2c(ncn2[C@@H]2O[C@H](COP(=O)(O)OP(=O)(O)CP(=O)(O)O)[C@@H]([OH2+])[C@H]2[OH2+])c(=O)[nH]1.[H+],success,85,69,105.43,
7040,O=c1[nH]cnc2c1ncn2[C@H]1C[C@H](O)[C@@H](COP(=O)([O-])OP(=O)([O-])CP(=O)([O-])[O-])O1,success,64,48,77.82,
7041,C#CC1(CO)OC(n2cnc3c(=O)[nH]c(N)nc32)CC1O,success,306,287,268.36,
7042,C#CC1(CO)OC(n2cnc3c(=O)[nH]cnc32)CC1O,success,255,236,216.46,
7043,O=c1[nH]c(Cl)nc2c1ncn2[C@@H]1OC[C@@H](O)[C@@H](O)[C@H]1O,success,189,170,169.86,
7044,Nc1nc2c(nc(Br)n2[C@H]2O[C@@H](CO)[C@H](O)[C@@H]2O)c(=O)[nH]1,success,338,319,305.8,
7045,C[Sn]C.Nc1nc2c(ncn2C2OC(CO)C(O)C2O)c(=O)[nH]1,success,42,26,40.01,
7046,O=c1[nH]cnc2c1ncn2C1OC(CO)C(O)C1O.[Ag],success,42,26,41.31,
7047,O=c1[nH]cnc2c1ncn2C1OCC(CO)C(O)C1O,success,377,358,344.41,
7048,CCCN(C)c1nc2c(=O)[nH]c(N)nc2n1C1OC(CO)C(O)C1O,success,1055,1033,1193.3,
7049,Nc1nc2c([nH]c[n+]2[C@H]2C[C@H](O)[C@@H](CO)O2)c(=O)[nH]1,success,423,403,321.55,
7050,CC(=O)OC[C@H]1O[C@@H](n2cnc3c(=O)[nH]cnc32)[C@@H](OC(C)=O)[C@H]1OC(C)=O,success,322,301,166.39,
7051,CC(=O)OC[C@@H]1O[C@@H](n2cnc3c(=O)[nH]cnc32)[C@@H](OC(C)=O)[C@@H]1OC(C)=O,success,322,301,224.35,
7052,CCN(C)c1nc2c(=O)[nH]cnc2n1C1OC(CO)C(O)C1O,success,960,939,993.24,
7053,CC(C)[Si](C)(C)OC[C@H]1O[C@@H](n2cnc3c(=O)[nH]cnc32)C[C@@H]1O,success,319,301,296.02,
7054,CN(C)/C=N/c1nc2c(ncn2[C@@H]2O[C@H](CO)[C@@H](O)C2NC(=O)N(C)N=O)c(=O)[nH]1,failed,76,59,51.66,min() arg is an empty sequence
7055,O=c1[nH]cnc2c1ncn2[C@@H]1O[C@@H]2COP(=O)(O)OC2[C@@H]1O,success,89,70,77.81,
7056,O=c1[nH]cnc2c1ncn2[C@H]1O[C@H](COP(=O)(O)O)[C@@H](O)[C@@H]1O,success,119,101,187.3,
7057,O=C/C(O)=C\Nc1nc2c(ncn2[C@@H]2O[C@H](CO)[C@@H](O)[C@H]2O)c(=O)[nH]1,success,2925,2905,3027.41,
7058,[N-]=[N+]=Nc1nc2c(=O)[nH]cnc2n1[C@@H]1O[C@H](COP(=O)([O-])[O-])[C@@H](O)[C@H]1O,success,42,26,32.72,
7059,CN(N=O)C(=O)NC1[C@H](n2cnc3c(=O)[nH]c(N)nc32)O[C@H](CO)[C@H]1O,success,152,135,100.82,
7060,N[C@@H](CSSC[C@H](N)C(=O)O)C(=O)O.O=c1[nH]cnc2c1ncn2[C@@H]1O[C@H](CO)[C@@H](O)[C@H]1O,success,42,26,48.43,
7061,O=P(O)(O)O.O=c1[nH]c(Cl)nc2c1ncn2[C@@H]1O[C@H](CO)[C@@H](O)[C@H]1O,success,59,43,76.48,
7062,CC(C)CSC(O)[C@H]1O[C@@H](n2cnc3c(=O)[nH]cnc32)[C@H](O)[C@@H]1O,success,1195,1176,987.0,
7063,Nc1nc2c(ncn2C2C[C@H](O)[C@@H](CO)O2)c(=O)[nH]1.O=P(O)(O)O.O=P(O)(O)O,success,42,26,33.46,
7064,Nc1nc2c(ncn2[C@H]2CC(CO)[C@@H](CO)O2)c(=O)[nH]1,failed,521,502,419.71,min() arg is an empty sequence
7065,O=c1[nH]cnc2c1ncn2C1COC(CO)C1,success,134,115,132.92,
7066,CNc1nc2c(=O)[nH]cnc2n1[C@H]1O[C@@H](CO)[C@@H](O)[C@@H]1O,success,395,376,330.85,
7067,CC(=O)[15NH]c1nc2c(ncn2[C@@H]2O[C@H](CO)[C@@H](O)[C@H]2O)c(=O)[nH]1,success,1763,1740,2073.45,
7068,Cn1c[n+]([C@@H]2O[C@H](COP(=O)(O)CP(=O)(O)O)[C@@H](O)[C@H]2O)c2nc(N)[nH]c(=O)c21,success,91,75,107.6,
7069,CO[C@@H]1[C@H](O)[C@@H](COP(=O)(O)O)O[C@H]1[n+]1cn(C)c2c(=O)[nH]c(N)nc21,success,156,138,225.44,
7070,O=c1[nH]cnc2c1ncn2C1OC(CO)C(O)C1O.[H+],success,303,284,269.23,
7071,C[Se][C@@H]1[C@H](O)[C@@H](CO)O[C@H]1n1cnc2c(=O)[nH]c(NC(=O)C(C)C)nc21,success,1651,1630,2252.68,
7072,Nc1nc2c(ncn2C2OC(COP(=O)(O)OP(=O)([O-])OP(=O)([O-])O)C(O)C2O)c(=O)[nH]1.[Na+].[Na+],success,42,26,58.72,
7073,Nc1nc2c(ncn2[C@@H]2O[C@H](CP(=O)(O)O)[C@@H](O)[C@@H]2O)c(=O)[nH]1,success,164,145,216.8,
7074,Nc1nc2c(ncn2[C@@H]2O[C@H](CO)[C@@H](O)[C@@H]2P(=O)(O)O)c(=O)[nH]1,success,252,233,257.92,
7075,CC(O)(P(=O)(O)O)P(=O)(O)OP(=O)(O)OC[C@H]1O[C@@H](n2cnc3c(=O)[nH]cnc32)[C@H](O)[C@@H]1O,success,74,57,121.09,
7076,CC(=O)O[C@@H]1[C@@H](CO)OC(n2cnc3c(=O)[nH]c(N)nc32)[C@@H]1OC(C)=O,success,2291,2268,3361.57,
7077,CC(=O)O[C@@H]1[C@@H](CO)OC(n2cnc3c(=O)[nH]cnc32)[C@@H]1OC(C)=O,success,2405,2382,3336.63,
7078,CSC[C@@H]1O[C@@H](n2cnc3c(=O)[nH]cnc32)[C@@H](O)[C@@H]1O,success,157,138,163.24,
7079,CSC[C@H]1O[C@@H](n2cnc3c(=O)[nH]cnc32)[C@@H](O)[C@@H]1O,success,157,138,138.02,
7080,CSC[C@@H]1O[C@H](n2cnc3c(=O)[nH]cnc32)[C@@H](O)[C@@H]1O,failed,157,138,197.68,min() arg is an empty sequence
7081,Nc1nc2c(ncn2[C@@H]2C[C@@H](O)[C@@H](COP(=O)(O)O)O2)c(=O)[nH]1,success,182,163,274.49,
7082,Nc1nc2c(ncn2[C@@H]2C[C@H](O)[C@@H](COP(=O)(O)O)O2)c(=O)[nH]1,success,182,163,206.68,
7083,O=c1[nH]cnc2c1ncn2[C@@H]1O[C@H](CO)[C@@H](O)[C@H]1O.[Zn+2],success,42,26,26.28,
7084,O=c1[nH]cnc2c1ncn2[C@@H]1O[C@H](CO)[C@@H](O)[C@H]1O.[Fe+2],success,42,26,25.95,
7085,O=c1[nH]cnc2c1ncn2[C@@H]1O[C@H](CO)[C@@H](O)[C@H]1O.[Fe+3],success,42,26,40.1,
7086,O=c1[nH]cnc2c1ncn2[C@@H]1O[C@H](CO)[C@@H](O)[C@H]1O.[Ca+2],success,42,26,25.85,
7087,O=c1[nH]cnc2c1ncn2[C@@H]1O[C@H](CO)[C@@H](O)[C@H]1O.[Mn+2],success,42,26,40.27,
7088,O=c1[nH]cnc2c1ncn2[C@@H]1O[C@H](CO)[C@@H](O)[C@H]1O.[Mg+2],success,42,26,29.53,
7089,O=c1[nH]cnc2c1ncn2[C@H]1O[C@H](CCl)[C@H](O)[C@H]1O,success,131,112,112.81,
7090,O=c1[nH]cnc2c1ncn2[C@H]1O[C@H](CCl)[C@@H](O)[C@H]1O,success,131,112,112.55,
7091,CN1CCN(c2nc3c(=O)[nH]cnc3n2[C@@H]2O[C@H](CO)[C@@H](O)[C@@H]2O)CC1,success,119,103,141.22,
7092,CC1CCN(c2nc3c(=O)[nH]cnc3n2[C@@H]2O[C@H](CO)[C@@H](O)[C@@H]2O)CC1,success,42,26,41.5,
7093,Nc1nc2c(nc(Br)n2C2OC(CO)C(O)C2O)c(=O)[nH]1.O.O,success,42,26,40.94,
7094,CC(=O)OC[C@H]1O[C@H](n2cnc3c(=O)[nH]cnc32)[C@@H](OC(C)=O)[C@@H]1OC(C)=O,success,322,301,164.01,
7095,Nc1nc2c(ncn2C2O[C@H](COP(=O)(O)OP(=O)(O)OP(=O)(O)O)[C@@H](O)[C@H]2OP(=O)(O)OP(=O)(O)O)c(=O)[nH]1,success,42,26,68.8,
7096,CC1(C)O[C@H]2[C@H](O1)[C@@H](CO)O[C@H]2n1cnc2c(=O)[nH]c(N)nc21,success,188,169,215.21,
7097,O=c1[nH]cnc2c1nc(N1CCCCC1)n2C1O[C@@H](CO)[C@H](O)[C@@H]1O,success,118,102,180.89,
7098,O=c1[nH]cnc2c1ncn2C1OC(COP(=O)([O-])OP(=O)([O-])[O-])C(O)C1O.[Na+].[Na+].[Na+],success,42,26,44.41,
7099,CN(C)C=Nc1nc2c(ncn2[C@@H]2C[C@@H](O)[C@@H](CO)O2)c(=O)[nH]1,success,324,305,310.02,
7100,CN(C)C=Nc1nc2c(ncn2[C@H]2C[C@@H](O)[C@@H](CO)O2)c(=O)[nH]1,failed,324,305,375.08,min() arg is an empty sequence
7101,CN(C)C=Nc1nc2c(ncn2[C@@H]2C[C@H](O)[C@@H](CO)O2)c(=O)[nH]1,success,324,305,332.77,
7102,CC(=O)OC[C@@H]1O[C@@H](n2cnc3nc[nH]c(=O)c32)[C@@H](OC(C)=O)[C@@H]1OC(C)=O,success,319,298,164.68,
7103,CC(=O)OC[C@H]1O[C@@H](n2cnc3nc[nH]c(=O)c32)[C@@H](OC(C)=O)[C@@H]1OC(C)=O,success,319,298,163.91,
7104,CC(=O)OC[C@@H]1O[C@H](n2cnc3nc[nH]c(=O)c32)[C@@H](OC(C)=O)[C@@H]1OC(C)=O,success,319,298,165.16,
7105,CC(=O)OC[C@H]1O[C@H](n2cnc3nc[nH]c(=O)c32)[C@@H](OC(C)=O)[C@@H]1OC(C)=O,success,319,298,178.47,
7106,CC(C)(C)C(=O)OC[C@@H]1O[C@@H](n2cnc3c(=O)[nH]cnc32)[C@@H](O)[C@@H]1O,success,1110,1092,1178.85,
7107,CC(C)(C)C(=O)OC[C@H]1O[C@@H](n2cnc3c(=O)[nH]cnc32)[C@@H](O)[C@@H]1O,success,1110,1092,1161.51,
7108,CC(C)(C)C(=O)OC[C@@H]1O[C@H](n2cnc3c(=O)[nH]cnc32)[C@@H](O)[C@@H]1O,success,1110,1092,1146.73,
7109,N.N.N.N.Nc1nc2c(ncn2[C@@H]2O[C@H](COP(=O)(O)OP(=O)(O)OP(=O)(O)O)[C@@H](O)[C@H]2O)c(=O)[nH]1,success,42,26,39.2,
7110,O=c1[nH]cnc2c1ncn2[C@H]1O[C@@H](CO)[C@H](O)[C@H]1O,success,300,281,269.16,
7111,CC(Nc1nc2c(ncn2[C@@H]2C[C@H](O)[C@@H](CO)O2)c(=O)[nH]1)C(=O)O,success,4519,4498,9860.67,
7112,O=c1[nH]cnc2c1ncn2[C@@H]1O[C@H]([CH-]O)[C@@H](O)[C@H]1O,success,249,230,240.87,
7113,O=c1[nH]cnc2c1ncn2C1OC([CH-]O)C(O)C1O,success,250,231,260.01,
7114,Nc1nc2c(ncn2[C@@H]2O[C@H](COP(=O)([O-])OP(=O)([O-])OP(=O)([O-])OP(=O)([O-])[O-])[C@@H](O)[C@H]2O)c(=O)[nH]1,success,42,26,47.36,
7115,O=c1[nH]cnc2c1ncn2[C@@H]1O[C@@H](COP(=O)(O)OP(=O)(O)OP(=O)(O)O)[C@@H](O)[C@H]1O,success,57,41,88.72,
7116,O=c1[nH]cnc2c1ncn2[C@@H]1O[C@@H](COP(=O)(O)OP(=O)(O)O)[C@@H](O)[C@H]1O,success,71,55,91.71,
7117,CC(C)C(=O)Nc1nc2c(ncn2[C@@H]2O[C@H](CO)[C@@H](O)C2O)c(=O)[nH]1,success,2414,2392,3335.28,
7118,CC(=O)OC[C@@H]1O[C@H](n2cnc3c(=O)[nH]cnc32)[C@@H](OC(C)=O)[C@@H]1OC(C)=O,success,322,301,164.15,
7119,Nc1nc2c(ncn2C2OC3COP(=O)([O-])OC3C2O)c(=O)[nH]1.[Na+],success,42,26,48.69,
7120,Nc1nc2c(ncn2C2OC(COP(=O)([O-])OP(=O)([O-])O)C(O)C2O)c(=O)[nH]1.[Na+].[Na+],success,42,26,34.84,
7121,Nc1nc2c(ncn2C2OC(COP(=O)([O-])OP(=O)([O-])OP([O-])([O-])=S)C(O)C2O)c(=O)[nH]1.[Li+].[Li+].[Li+].[Li+],success,42,26,37.71,
7122,Nc1nc2c(ncn2C2OC(COP(=O)(O)OP(=O)([O-])OP(=O)([O-])O)C(O)C2O)c(=O)[nH]1.[Na+].[Na+],success,42,26,37.31,
7123,Nc1nc2c(ncn2C2OC(COP(=O)(O)OP(=O)([O-])OP(=O)([O-])[O-])C(O)C2O)c(=O)[nH]1.[Na+].[Na+].[Na+],success,42,26,59.64,
7124,O=c1[nH]cnc2c1ncn2C1OC(COP(=O)(O)OP(=O)([O-])[O-])C(O)C1O.[Na+].[Na+],success,42,26,34.87,
7125,O=c1[nH]cnc2c1ncn2[C@@H]1O[C@@H](COP(=O)(O)O)[C@H](O)[C@H]1O,success,119,101,218.15,
7126,Cn1c[n+]([C@@H]2O[C@@H](CO)[C@@H](O)[C@@H]2O)c2nc(N)[nH]c(=O)c21,success,418,399,351.08,
7127,Cn1c[n+]([C@@H]2O[C@@H](CO)[C@H](O)[C@@H]2O)c2nc(N)[nH]c(=O)c21,success,418,399,401.06,
7128,CNc1nc2c(=O)[nH]cnc2n1[C@@H]1O[C@H](CO)[C@@H](O)[C@@H]1O,success,395,376,392.07,
7129,CNc1nc2c(=O)[nH]cnc2n1[C@H]1O[C@H](CO)[C@@H](O)[C@@H]1O,success,395,376,324.88,
7130,Nc1nc2c(nc(N3CCNCC3)n2[C@@H]2O[C@H](CO)[C@@H](O)[C@@H]2O)c(=O)[nH]1,success,42,26,26.77,
7131,Nc1nc2c(nc(N3CCNCC3)n2[C@H]2O[C@H](CO)[C@@H](O)[C@@H]2O)c(=O)[nH]1,success,42,26,36.51,
7132,Nc1nc2c(nc(N3CCCCC3)n2[C@@H]2O[C@H](CO)[C@@H](O)[C@@H]2O)c(=O)[nH]1,success,124,108,151.27,
7133,O=CN1CCN(c2nc3c(=O)[nH]cnc3n2[C@@H]2O[C@H](CO)[C@@H](O)[C@@H]2O)CC1,success,320,302,376.96,
7134,O=c1[nH]c(Cl)nc2c1ncn2C1OC(COP(=O)(O)O)C(O)C1O,success,115,97,197.06,
7135,O=c1[nH]cnc2c1nc(Br)n2[C@H]1O[C@H](CO)[C@@H](O)[C@@H]1O,failed,282,263,298.46,min() arg is an empty sequence
7136,O=c1[nH]cnc2c1nc(N1CCN(CCO)CC1)n2[C@@H]1O[C@H](CO)[C@@H](O)[C@@H]1O,success,54,37,43.24,
7137,O=c1[nH]cnc2c1nc(N1CCOCC1)n2[C@@H]1O[C@H](CO)[C@@H](O)[C@@H]1O,success,113,95,116.05,
7138,Nc1nc2c(nc(N3CCOCC3)n2[C@@H]2O[C@H](CO)[C@@H](O)[C@@H]2O)c(=O)[nH]1,success,122,104,150.3,
7139,[N-]=[N+]=NC[C@]1(CO)O[C@@H](n2cnc3c(=O)[nH]c(N)nc32)[C@H](O)[C@@H]1O,success,72,56,68.01,
7140,CN1CCN(c2nc3c(=O)[nH]c(N)nc3n2[C@@H]2O[C@@H](CO)[C@H](O)[C@@H]2O)CC1,success,42,26,26.54,
7141,C[C@@H]1[C@@H](n2cnc3c(=O)[nH]c(N)nc32)O[C@@](CO)(N=[N+]=[N-])[C@H]1O,success,42,26,40.97,
7142,C[C@@H]1[C@@H](n2cnc3c(=O)[nH]cnc32)O[C@](C#N)(CO)[C@H]1O,success,286,267,229.88,
7143,C[C@@H]1C(n2cnc3c(=O)[nH]c(N)nc32)O[C@](C)(CO)[C@H]1O,success,396,377,380.63,
7144,CC(=O)O[C@@H]1[C@@H](O)[C@H](CO)O[C@H]1n1cnc2c(=O)[nH]c(NC(=O)C(C)C)nc21,success,328,306,252.36,
7145,CC(C)C(=O)Nc1nc2c(ncn2[C@@H]2O[C@@H](CO)[C@H](O)[C@H]2O)c(=O)[nH]1,success,2338,2316,3145.36,
7146,C=CCOc1nc2c(=O)[nH]c(N)nc2n1[C@@H]1O[C@H](CO)[C@H](O)[C@@H]1O,success,988,968,817.87,
7147,O=c1[nH]c(Cl)nc2c1ncn2[C@@H]1O[C@H](CO)[C@H](O)[C@@H]1O,success,282,263,281.38,
7148,O=c1[nH]c(Cl)nc2c1ncn2[C@@H]1O[C@H](CO)[C@H](O)[C@H]1O,success,282,263,339.43,
7149,O=c1[nH]cnc2c1nc(Cl)n2[C@@H]1O[C@H](CO)[C@H](O)[C@@H]1O,success,282,263,296.96,
7150,O=c1[nH]cnc2c1nc(Cl)n2[C@@H]1O[C@H](CO)[C@H](O)[C@H]1O,success,282,263,248.74,
7151,Nc1nc2ncn([C@@H]3O[C@@H](CO)[C@@H](O)[C@@H]3O)c2c(=O)[nH]1,success,337,318,279.77,
7152,Nc1nc2ncn([C@@H]3O[C@H](CO)[C@@H](O)[C@@H]3O)c2c(=O)[nH]1,success,337,318,297.22,
7153,O=c1[nH]cnc2c1ncn2[C@@H]1OC(CO)[C@@H](O)[C@H]1O,success,300,281,302.95,
7154,Nc1nc2c(nc(N)n2[C@@H]2O[C@@H](CO)[C@@H](O)[C@@H]2O)c(=O)[nH]1,success,402,383,361.05,
7155,Nc1nc2c(nc(N)n2[C@H]2O[C@@H](CO)[C@@H](O)[C@@H]2O)c(=O)[nH]1,success,402,383,453.48,
7156,Cn1c[n+]([C@H]2O[C@@H](CO)[C@@H](O)[C@@H]2O)c2nc(N)[nH]c(=O)c21,failed,418,399,354.64,min() arg is an empty sequence
7157,Cn1c[n+]([C@@H]2O[C@H](CO)[C@@H](O)[C@@H]2O)c2nc(N)[nH]c(=O)c21,success,418,399,336.36,
7158,COc1nc2c(ncn2C2OC(COP(=O)(O)O)C(O)C2O)c(=O)[nH]1,success,64,46,95.1,
7159,Cc1nc2c(ncn2C2OC(COP(=O)(O)O)C(O)C2O)c(=O)[nH]1,success,127,109,186.57,
7160,Nc1nc2c(ncn2[C@H]2O[C@@H](COP(=O)([O-])O)[C@H](O)[C@H]2O)c(=O)[nH]1.[Na+],success,42,26,46.74,
7161,Nc1nc2c(ncn2[C@H]2O[C@@H](COP(=O)(O)O)[C@H](O)[C@H]2O)c(=O)[nH]1,success,134,116,206.61,
7162,CP(C)(=O)OC[C@@H]1O[C@@H](n2cnc3c(=O)[nH]c(N)nc32)[C@@H](O)[C@@H]1O,success,252,233,266.32,
7163,CP(C)(=O)OC[C@H]1O[C@@H](n2cnc3c(=O)[nH]c(N)nc32)[C@@H](O)[C@@H]1O,success,252,233,252.58,
7164,CC(=O)C(=O)Nc1nc2c(ncn2[C@@H]2O[C@H](COP(=O)(O)O)[C@@H](O)[C@H]2O)c(=O)[nH]1,success,232,214,154.36,
7165,O=CNc1nc2c(ncn2[C@@H]2O[C@H](COP(=O)(O)O)[C@@H](O)[C@H]2O)c(=O)[nH]1,success,129,111,126.1,
7166,CCC(=O)Nc1nc2c(ncn2[C@@H]2O[C@H](COP(=O)(O)O)[C@@H](O)[C@H]2O)c(=O)[nH]1,success,354,333,252.41,
7167,[N-]=[N+]=N[C@H]1C[C@@H](n2cnc3c(=O)[nH]c(N)nc32)O[C@@H]1CO,success,42,26,24.9,
7168,Nc1nc2c(ncn2[C@@H]2O[C@H](CO[32P](=O)(O)OP(=O)(O)OP(=O)(O)O)[C@@H](O)[C@H]2O)c(=O)[nH]1,success,60,44,57.3,
7169,COCCO[C@@H]1[C@H](O)[C@@H](CO)O[C@@H]1n1cnc2c(=O)[nH]c(N)nc21,failed,1035,1016,971.36,min() arg is an empty sequence
7170,CN(C)/C=N/c1nc2c([nH]c[n+]2C2CC(O)C(CO)O2)c(=O)[nH]1,success,362,342,345.38,
7171,Nc1nc2c(ncn2[C@H]2CC(O)[C@@H](COP(=O)([O-])[O-])O2)c(=O)[nH]1.[Na+].[Na+],success,42,26,50.95,
7172,O=c1[nH]cc(F)c(=O)[nH]1.O=c1[nH]cnc2c1ncn2[C@H]1C[C@H](O)[C@@H](CO)O1,success,42,26,38.24,
7173,O=C(CCO)Nc1nc2c(ncn2[C@@H]2O[C@H](CO)[C@@H](O)[C@H]2O)c(=O)[nH]1,success,4296,4273,6324.76,
7174,Nc1nc2c(ncn2[C@@H]2O[C@H](COP(=O)([O-])OP(=O)([O-])[O-])[C@@H](OP(=O)([O-])[O-])[C@H]2O)c(=O)[nH]1,success,76,60,109.17,
7175,Nc1nc2c(ncn2[C@@H]2O[C@H](COP(=O)([O-])[O-])[C@@H](OP(=O)([O-])OP(=O)([O-])[O-])[C@H]2O)c(=O)[nH]1,success,65,49,58.01,
7176,O=c1[nH]c(NO)nc2c1ncn2[C@@H]1O[C@H](COP(=O)([O-])[O-])[C@@H](O)[C@H]1O,success,88,72,121.27,
7177,O=c1[nH]c(NO)nc2c1ncn2[C@@H]1O[C@H](COP(=O)(O)O)[C@@H](O)[C@H]1O,success,59,43,67.47,
7178,Nc1nc2c(ncn2[C@@H]2O[C@H](COP(=O)([O-])OP(=O)([O-])OP(=O)([O-])OP(=O)([O-])OP(=O)([O-])[O-])[C@@H](O)[C@H]2O)c(=O)[nH]1,success,42,26,62.34,
7179,O=c1[nH]cnc2c1nc(N1CCNCC1)n2C1O[C@@H](CO)[C@H](O)[C@@H]1O,success,152,134,199.17,
7180,CC1(C)OC2[C@H](n3cnc4c(=O)[nH]c(N)nc43)O[C@H](CO)[C@H]2O1,success,188,169,196.95,
7181,CC1(C)OC2[C@H](n3cnc4c(=O)[nH]cnc43)O[C@H](CO)[C@H]2O1,success,154,135,185.45,
7182,Nc1nc2c(ncn2C[C@]2(O)CO[C@H](CO)[C@H]2O)c(=O)[nH]1,success,342,323,336.79,
7183,O=c1[nH]cnc2c1nc(N1CCN(C[C@H](O)CO)CC1)n2[C@@H]1O[C@@H](CO)[C@@H](O)[C@@H]1O,success,88,69,76.95,
7184,O=c1[nH]cnc2c1nc(N1CCN(C[C@H](O)CO)CC1)n2[C@H]1O[C@@H](CO)[C@@H](O)[C@@H]1O,success,88,69,60.82,
7185,Nc1nc2c(nc(Br)n2[C@H]2O[C@@H](CO)[C@H](O)[C@H]2O)c(=O)[nH]1,success,338,319,309.34,
7186,O=c1[nH]cnc2c1ncn2[C@@H]1O[C@H](COP(=O)(CP(=O)(O)O)OP(=O)(O)O)[C@@H](O)[C@H]1O,success,63,47,61.84,
7187,Nc1nc2c(ncn2[C@H]2C[C@H](OC3CCCO3)[C@@H](CO)O2)c(=O)[nH]1,success,145,127,200.21,
7188,Nc1nc2c(nc(N)n2[C@H]2O[C@H](CO)[C@@H](O)[C@@H]2O)c(=O)[nH]1,success,402,383,377.74,
7189,CC1(C)O[C@H]2[C@H](O1)[C@@H](CO)O[C@H]2n1cnc2c(=O)[nH]cnc21,failed,154,135,177.49,min() arg is an empty sequence
7190,CN1CCN(c2nc3c(=O)[nH]c(N)nc3n2[C@@H]2O[C@H](CO)[C@@H](O)[C@@H]2O)CC1,success,42,26,26.89,
7191,CN1CCN(c2nc3c(=O)[nH]c(N)nc3n2[C@H]2O[C@H](CO)[C@@H](O)[C@@H]2O)CC1,success,42,26,32.86,
7192,CN1CCN(c2nc3c(=O)[nH]cnc3n2[C@@H]2O[C@H](CO)[C@H](O)[C@@H]2O)CC1,success,119,103,147.48,
7193,CN1CCN(c2nc3c(=O)[nH]cnc3n2[C@@H]2O[C@H](CO)[C@H](O)[C@H]2O)CC1,success,119,103,177.8,
7194,CN1CCN(c2nc3c(=O)[nH]cnc3n2[C@@H]2O[C@@H](CO)[C@H](O)[C@@H]2O)CC1,success,119,103,141.93,
7195,Nc1nc2c(ncn2C2OC(COP(=O)([O-])[O-])C(O)C2O)c(=O)[nH]1.O.[Na+].[Na+],success,42,26,40.05,
7196,O=c1[nH]cnc2c1nc(N1CCOCC1)n2[C@@H]1O[C@H](CO)[C@H](O)[C@@H]1O,success,113,95,106.61,
7197,O=c1[nH]cnc2c1nc(N1CCOCC1)n2[C@@H]1O[C@H](CO)[C@H](O)[C@H]1O,success,113,95,111.45,
7198,O=c1[nH]cnc2c1nc(N1CCOCC1)n2[C@H]1O[C@@H](CO)[C@H](O)[C@@H]1O,success,113,95,109.63,
7199,NCCCCCCNc1nc2c(=O)[nH]cnc2n1[C@@H]1O[C@H](CO)[C@@H](O)[C@@H]1O,success,192,174,66.59,
7200,CC1(C)O[C@@H]2[C@@H](O1)[C@@H](CO)O[C@H]2n1cnc2c(=O)[nH]cnc21,success,154,135,192.88,
7201,CC1(C)O[C@@H]2[C@H](O1)[C@H](CO)O[C@H]2n1cnc2c(=O)[nH]cnc21,success,154,135,190.21,
7202,CC1(C)O[C@@H]2[C@@H](O1)[C@H](n1cnc3c(=O)[nH]cnc31)O[C@H]2CO,success,154,135,156.95,
7203,C[C@]1(CO)C[C@H](n2cnc3c(=O)[nH]c(N)nc32)O[C@@H]1CO,success,680,661,493.62,
7204,O=c1[nH]cnc2c1ncn2[C@@H]1OC(CO)C(O)C1O,success,302,283,246.99,
7205,C[NH+]1CCN(c2nc3c(=O)[nH]c(N)nc3n2[C@@H]2O[C@@H](CO)[C@H](O)[C@@H]2O)CC1.[Cl-],success,42,26,42.46,
7206,CSc1nc2c(=O)[nH]c(N)nc2n1[C@@H]1O[C@H](CO)[C@@H](O)[C@@H]1O,success,397,378,405.06,
7207,CNC(=O)[C@@H](C)Nc1nc2c(ncn2[C@@H]2O[C@H](COP(=O)(O)O)[C@@H](O)[C@H]2O)c(=O)[nH]1,success,282,264,229.57,
7208,CCNC(=O)[C@@H](C)Nc1nc2c(ncn2[C@@H]2O[C@H](COP(=O)(O)O)[C@@H](O)[C@H]2O)c(=O)[nH]1,success,302,284,282.49,
7209,CC(C)NC(=O)[C@@H](C)Nc1nc2c(ncn2[C@@H]2O[C@H](COP(=O)(O)O)[C@@H](O)[C@H]2O)c(=O)[nH]1,success,116,98,104.74,
7210,CCCCNC(=O)[C@@H](C)Nc1nc2c(ncn2[C@@H]2O[C@H](COP(=O)(O)O)[C@@H](O)[C@H]2O)c(=O)[nH]1,success,155,136,127.04,
7211,CCCCCNC(=O)[C@@H](C)Nc1nc2c(ncn2[C@@H]2O[C@H](COP(=O)(O)O)[C@@H](O)[C@H]2O)c(=O)[nH]1,success,181,162,102.88,
7212,CCCCCCNC(=O)[C@@H](C)Nc1nc2c(ncn2[C@@H]2O[C@H](COP(=O)(O)O)[C@@H](O)[C@H]2O)c(=O)[nH]1,success,211,192,126.8,
7213,CNC(=O)[C@H](C)Nc1nc2c(ncn2[C@@H]2O[C@H](COP(=O)(O)O)[C@@H](O)[C@H]2O)c(=O)[nH]1,success,282,264,211.68,
7214,CCNC(=O)[C@H](C)Nc1nc2c(ncn2[C@@H]2O[C@H](COP(=O)(O)O)[C@@H](O)[C@H]2O)c(=O)[nH]1,success,302,284,225.27,
7215,CC(C)NC(=O)[C@H](C)Nc1nc2c(ncn2[C@@H]2O[C@H](COP(=O)(O)O)[C@@H](O)[C@H]2O)c(=O)[nH]1,success,116,98,90.85,
7216,CCCCNC(=O)[C@H](C)Nc1nc2c(ncn2[C@@H]2O[C@H](COP(=O)(O)O)[C@@H](O)[C@H]2O)c(=O)[nH]1,success,155,136,130.41,
7217,CCCCCNC(=O)[C@H](C)Nc1nc2c(ncn2[C@@H]2O[C@H](COP(=O)(O)O)[C@@H](O)[C@H]2O)c(=O)[nH]1,success,181,162,109.53,
7218,CCCCCCNC(=O)[C@H](C)Nc1nc2c(ncn2[C@@H]2O[C@H](COP(=O)(O)O)[C@@H](O)[C@H]2O)c(=O)[nH]1,success,211,192,124.05,
7219,O=c1[nH]cnc2c1ncn2[C@@H]1O[C@H](COP(=O)([O-])[O-])[C@@H](O)[C@H]1O.[Na].[Na],success,42,26,33.38,
7220,Nc1nc2c(ncn2[C@@H]2O[C@H](COP(=O)([O-])[O-])[C@@H](O)[C@H]2O)c(=O)[nH]1.[Na].[Na],success,42,26,43.72,
7221,O=c1[nH]cnc2c1nc(N1CCCC1)n2[C@H]1O[C@H](CO)[C@@H](O)[C@@H]1O,success,155,137,202.75,
7222,CC(C)CNc1nc2c(ncn2[C@H]2C[C@H](OP(O)O)[C@@H](CO)O2)c(=O)[nH]1,success,1270,1250,1641.68,
7223,C[NH+]1CCN(c2nc3c(=O)[nH]cnc3n2[C@H]2O[C@@H](CO)[C@H](O)[C@@H]2O)CC1,success,119,103,178.32,
7224,CN1CCN(c2nc3c(=O)[nH]cnc3n2[C@H]2O[C@@H](CO)[C@H](O)[C@@H]2O)CC1,success,119,103,141.73,
7225,C#C[C@]1(CO)O[C@@H](n2cnc3c(=O)[nH]c(N)nc32)C[C@H]1O,success,361,342,349.07,
7226,C#C[C@]1(CO)O[C@@H](n2cnc3c(=O)[nH]cnc32)C[C@H]1O,success,309,290,232.66,
7227,Nc1nc2c(ncn2[C@@H]2O[C@H](COP(=O)(O)OP(=O)(O)OP(=[18O])([18OH])[18OH])[C@@H](O)[C@H]2O)c(=O)[nH]1,success,70,54,104.12,
7228,O=c1[nH]cnc2c1ncn2C1OC(COP(=O)([O-])OP(=O)([O-])OP(=O)([O-])O)C(O)C1O.[Na+].[Na+].[Na+],success,42,26,56.66,
7229,C[NH+]1CCN(c2nc3c(=O)[nH]c(N)nc3n2C2OC(CO)C(O)C2O)CC1.[Cl-],success,42,26,27.18,
7230,Nc1nc2c(nc(CO)n2[C@H]2C[C@H](O)[C@@H](CO)O2)c(=O)[nH]1,success,631,612,532.08,
7231,CC(O)c1nc2c(=O)[nH]c(N)nc2n1[C@H]1C[C@H](O)[C@@H](CO)O1,success,1520,1498,1191.18,
7232,CC(C)(O)c1nc2c(=O)[nH]c(N)nc2n1[C@H]1C[C@H](O)[C@@H](CO)O1,success,1322,1300,1003.16,
7233,CC(=O)O[C@@H]1[C@H](OC(C)=O)[C@@H](CO)O[C@H]1n1cnc2c(=O)[nH]c(NCC(C)C)nc21,success,149,130,82.07,
7234,CC(=O)O[C@H]1[C@H](OC(C)=O)[C@@H](n2cnc3c(=O)[nH]c(NCC(C)C)nc32)O[C@@H]1CO,success,149,130,122.63,
7235,CC(=O)O[C@@H]1[C@@H](OC(C)=O)[C@H](n2cnc3c(=O)[nH]c(NCC(C)C)nc32)O[C@H]1CO,success,149,130,118.89,
7236,CC(=O)OC[C@H]1O[C@@H](n2cnc3nc[nH]c(=O)c32)[C@@H](OC(C)=O)[C@H]1OC(C)=O,success,319,298,174.47,
7237,CC(=O)OC[C@@H]1O[C@@H](n2cnc3nc[nH]c(=O)c32)[C@@H](OC(C)=O)[C@H]1OC(C)=O,success,319,298,236.12,
7238,CC(C)(C)C(=O)OC[C@H]1O[C@@H](n2cnc3c(=O)[nH]cnc32)[C@@H](O)[C@H]1O,success,1110,1092,1090.72,
7239,CC(C)(C)C(=O)OC[C@@H]1O[C@@H](n2cnc3c(=O)[nH]cnc32)[C@@H](O)[C@H]1O,success,1110,1092,1148.05,
7240,O=C1CCn2c(nc3c(ncn3[C@@H]3O[C@H](CO)[C@@H](O)[C@H]3O)c2=O)N1,success,232,213,199.28,
7241,CSC[C@@H]1O[C@@H](n2cnc3c(=O)[nH]cnc32)[C@@H](O)[C@H]1O,success,157,138,146.14,
7242,O=c1[nH]cnc2c1nc(N1CCCCC1)n2[C@H]1O[C@H](CO)[C@H](O)[C@H]1O,success,118,102,149.81,
7243,Nc1nc2c(nc(N3CCOCC3)n2[C@H]2O[C@@H](CO)[C@H](O)[C@@H]2O)c(=O)[nH]1,success,122,104,147.17,
7244,Nc1nc2c(ncn2C2OC(COP(=O)(O)O[P+](=O)[O-])C(O)[C@@H]2O)c(=O)[nH]1,success,107,91,124.69,
7245,O=c1[nH]cnc2c1nc(Br)n2[C@H]1O[C@@H](COP(=O)(O)OP(=O)(O)O)[C@H](O)[C@@H]1O,success,70,54,62.48,
7246,C[C@H](O)C1O[C@H](n2cnc3nc[nH]c(=O)c32)[C@H](O)[C@@H]1O,success,847,825,656.2,
7247,Nc1nc2c(ncn2[C@H]2O[C@@H](COP(=O)([O-])CP(=O)([O-])O)[C@H](O)[C@@H]2O)c(=O)[nH]1.[Na+].[Na+],success,42,26,45.59,
7248,CCNc1nc2c(ncn2[C@@H]2C[C@@H](O)[C@H](CO)O2)c(=O)[nH]1,success,1117,1096,1018.91,
7249,O=c1[nH]cnc2c1[nH]c[n+]2C1OC(CO)C(O)C1O.[Ag],success,42,26,26.05,
7250,C#C[C@@]1(CO)OC(n2cnc3c(=O)[nH]c(N)nc32)CC1O,success,363,344,329.53,
7251,Nc1nc2c(nc(Cl)n2C2CC(O)C(CO)O2)c(=O)[nH]1,success,261,242,251.16,
7252,CC(C)C(=O)Nc1nc2c(ncn2[C@@H]2C[C@H](O)[C@@H](CO)O2)c(=O)[nH]1,success,2423,2401,3459.74,
7253,Nc1nc2c(ncn2[C@@H]2O[C@@H](COP(=O)(O)OP(=O)(O)OP(O)(O)=S)[C@H](O)[C@H]2O)c(=O)[nH]1,success,85,69,137.73,
7254,O.O=c1[nH]cnc2c1ncn2[C@@H]1O[C@H](COP(=O)([O-])[O-])[C@H](O)[C@@H]1O.[Na+].[Na+],success,42,26,37.82,
7255,Nc1nc2c(ncn2[C@@H]2O[C@H](COP(=O)([O-])OP(=O)([O-])OP(=O)([O-])[O-])[C@H](O)[C@@H]2O)c(=O)[nH]1.[Na+].[Na+].[Na+].[Na+],success,42,26,38.03,
7256,Nc1nc2c(ncn2[C@@H]2O[C@H](COP(=O)([O-])OP(=O)([O-])O)[C@H](O)[C@@H]2O)c(=O)[nH]1.[Na+].[Na+],success,42,26,35.39,
7257,O=c1[nH]cnc2c1nc(N1CCN(C[C@H](O)CO)CC1)n2[C@H]1O[C@@H](CO)[C@@H](O)[C@H]1O,success,88,69,53.08,
7258,O=c1[nH]cnc2c1nc(N1CCN(C[C@H](O)CO)CC1)n2[C@@H]1O[C@@H](CO)[C@@H](O)[C@H]1O,success,88,69,53.08,
7259,Nc1nc2ncn([C@H]3CC[C@@H](CO)O3)c2c(=O)[nH]1,success,182,163,209.64,
7260,Nc1nc2ncn([C@H]3C[C@@H](O)[C@@H](CO)O3)c2c(=O)[nH]1,success,287,268,252.49,
7261,Nc1nc2c(ncn2C2OC(COP(O)(=S)OP(=O)(O)O)C(O)C2O)c(=O)[nH]1,success,95,79,76.31,
7262,Nc1nc2c(ncn2[C@@H]2O[C@H](COP(=O)(O)OP(=O)(O)OP(=O)([O-])O)[C@@H](O)[C@H]2O)c(=O)[nH]1,success,69,53,124.48,
7263,Nc1nc2c(ncn2[C@H]2O[C@H](COP(=O)(O)OP(=O)(O)OP(=O)([O-])O)[C@@H](O)[C@H]2O)c(=O)[nH]1,success,69,53,99.29,
7264,Nc1nc2c(ncn2[C@H]2O[C@H](COP(=O)(O)OP(=O)(O)OP(=O)(O)O)[C@@H](O)[C@H]2O)c(=O)[nH]1,success,57,41,65.09,
7265,O=c1[nH]cnc2c1nc(N1CCCCC1)n2[C@@H]1O[C@@H](CO)[C@H](O)[C@@H]1O,success,118,102,145.63,
7266,O=c1[nH]cnc2c1ncn2C1OC(COP(=O)([O-])OP(=O)([O-])OP(=O)(O)O)C(O)C1O.[Na+].[Na+],success,42,26,36.67,
7267,O=C(O)CNc1nc2c(ncn2[C@@H]2O[C@H](COP(=O)(O)O)[C@@H](O)[C@H]2O)c(=O)[nH]1,success,206,189,160.5,
7268,O=C(O)CNc1nc2c(ncn2[C@@H]2O[C@H](COP(=O)(O)O)[C@@H](O)[C@H]2O)c(=O)[nH]1.[Na+].[Na+].[Na+],success,42,26,51.58,
7269,CCCNC(=O)[C@@H](C)Nc1nc2c(ncn2[C@@H]2O[C@H](COP(=O)(O)O)[C@@H](O)[C@H]2O)c(=O)[nH]1,success,134,115,99.67,
7270,CCCNC(=O)[C@H](C)Nc1nc2c(ncn2[C@@H]2O[C@H](COP(=O)(O)O)[C@@H](O)[C@H]2O)c(=O)[nH]1,success,134,115,95.45,
7271,CO[C@H]1C(O)[C@@H]([n+]2cn(C)c3c(=O)[nH]c(N)nc32)O[C@H]1COP(=O)(O)O,success,157,139,236.8,
7272,CO[C@H]1C(O)[C@@H](n2cnc3c(=O)[nH]c(N)nc32)O[C@H]1COP(=O)(O)O,success,135,117,268.4,
7273,C[C@@H](O)C1O[C@@H](n2cnc3c(=O)[nH]c(N)nc32)[C@H](O)[C@@H]1O,success,921,899,680.57,
7274,C[C@@H](O)C1O[C@@H](n2cnc3c(=O)[nH]cnc32)[C@H](O)[C@@H]1O,success,890,868,670.15,
7275,C[C@H](O)C1O[C@H](n2cnc3c(=O)[nH]cnc32)[C@H](O)[C@@H]1O,success,890,868,721.51,
7276,CC1(C)O[C@H]2[C@H](O1)[C@@H](n1cnc3c(=O)[nH]cnc31)O[C@H]2CO,success,154,135,175.38,
7277,Cl[Pt]Cl.O=c1[nH]cnc2c1ncn2C1OC(CO)C(O)C1O.O=c1[nH]cnc2c1ncn2C1OC(CO)C(O)C1O,success,42,26,31.76,
7278,C[Sn]C.Nc1nc2c(ncn2C2OC(CO)C(O)C2O)c(=O)[nH]1,success,42,26,33.35,
7279,O=c1[nH]cnc2c1ncn2C1OC(CO)C(O)C1O.O=c1[nH]cnc2c1ncn2C1OC(CO)C(O)C1O.[NH2-].[NH2-].[Pt+2],success,42,26,29.9,
7280,O=c1[nH]cnc2c1ncn2C1OC(CO)C(O)C1O.[Ag],success,42,26,29.68,
7281,O=c1[nH]cnc2c1ncn2C1OC(CO)C(O)C1O.[NH2-].[NH2-].[NH2-].[NH2-].[NH2-].[Ru+5],success,42,26,34.36,
7282,Nc1nc2c(ncn2C2OC(COP(=O)([O-])[O-])C(O)C2O)c(=O)[nH]1.O.O.O.O.O.[Cd+2],success,42,26,54.11,
7283,Nc1nc2c(ncn2[C@@H]2O[C@@H](COP(=O)([O-])[O-])[C@@H](O)[C@H]2O)c(=O)[nH]1,success,189,171,281.17,
7284,Nc1nc2c(nc(N)n2C2OC(CO)C(O)[C@@H]2O)c(=O)[nH]1,success,403,384,357.54,
7285,Cn1c[n+]([C@@H]2O[C@@H](COP(=O)(O)OP(=O)(O)OP(=O)(O)O)[C@H](O)[C@H]2O)c2nc(N)[nH]c(=O)c21,success,60,44,57.18,
7286,CC[Sn]CC.Nc1nc2c(ncn2C2OC(CO)C(O)C2O)c(=O)[nH]1,success,42,26,27.09,
7287,CCCCCCCC[Sn]CCCCCCCC.Nc1nc2c(ncn2C2OC(CO)C(O)C2O)c(=O)[nH]1,success,42,26,44.8,
7288,Nc1nc2c(ncn2[C@@H]2C[C@@H](O)[C@@H](CO)O2)c(=O)[nH]1,success,287,268,260.01,
7289,CC(C)C(=O)Nc1nc2c(ncn2[C@@H]2C[C@@H](O)[C@@H](CO)O2)c(=O)[nH]1,success,2423,2401,3439.98,
7290,O=c1[nH]cnc2c1ncn2[C@H]1O[C@H](CCl)[C@H](O)[C@@H]1O,success,131,112,158.84,
7291,O=c1[nH]cnc2c1ncn2[C@@H]1O[C@H](CO)[C@@H](O)[C@H]1O.[Na+].[Na+],success,42,26,37.28,
7292,O=c1[nH]cnc2c1nc(N1CCNCC1)n2[C@@H]1O[C@@H](CO)[C@H](O)[C@@H]1O,success,152,134,192.98,
7293,[N-]=[N+]=N[C@@H]1[C@@H](O)[C@H](n2cnc3c(=O)[nH]c(N)nc32)O[C@H](CO)[C@H]1O,success,42,26,26.03,
7294,Nc1nc2c(ncn2[C@@H]2O[C@H](CO)[C@@H](O)[C@H](N)[C@H]2O)c(=O)[nH]1,success,512,493,457.01,
7295,N.Nc1nc2c(ncn2C2CC(O)C(COP(=O)(O)O)O2)c(=O)[nH]1,success,53,37,44.15,
7296,Nc1nc2c([nH]c[n+]2C2OC(COP(=O)([O-])O)C(O)C2O)c(=O)[nH]1.O,success,77,61,65.82,
7297,Nc1nc2c([nH]c[n+]2C2OC(COP(=O)(O)O)C(O)C2O)c(=O)[nH]1,success,138,120,218.99,
7298,CSC[C@H]1O[C@@H](n2cnc3c(=O)[nH]cnc32)[C@@H](O)[C@H]1O,success,157,138,168.95,
7299,CNC(=O)C(=O)OC[C@H]1O[C@@H](n2cnc3c(=O)[nH]cnc32)C(O)[C@H]1O,success,3218,3199,5863.96,
7300,CCCC[N+](CCCC)(CCCC)CCCC.O=c1[nH]cnc2c1ncn2[C@@H]1O[C@H](CO[S+](=O)([O-])O)[C@@H](O)[C@H]1O,success,42,26,43.9,
7301,CC(=O)OC1CC(n2cnc3c(=O)[nH]c(N)nc32)OC1CO,success,1333,1310,1431.65,
7302,N#CC1C(CO)OC(n2cnc3c(=O)[nH]cnc32)C1O,success,236,217,204.02,
7303,Nc1nc2c(ncn2[C@@H]2O[C@H](COP(=O)(O)O[P+](=O)[O-])C(O)C2O)c(=O)[nH]1,success,107,91,103.63,
7304,O=c1[nH]cnc2c1nc(Br)n2[C@@H]1O[C@@H](CO)[C@H](O)[C@H]1O,success,282,263,248.29,
7305,O=c1[nH]cnc2c1ncn2[C@H]1C[C@H](O)[C@H](CO)O1,success,234,215,200.88,
7306,O=c1[nH]cnc2c1ncn2[C@@H]1O[C@@H](COP(=O)([O-])[O-])[C@@H](O)[C@H]1O,success,176,158,240.47,
7307,CP(=O)(O)OP(=O)(O)OP(=O)(O)OC[C@H]1O[C@@H](n2cnc3c(=O)[nH]c(N)nc32)C(O)C1O,success,86,70,132.16,
7308,O=c1[nH]cnc2c1ncn2[C@@H]1O[C@@H](CO)[C@H](O)[C@H]1O,failed,300,281,244.67,min() arg is an empty sequence
7309,O=c1[nH]cnc2c1ncn2[C@@H]1O[C@@H](COP(=O)(O)OP(=O)(O)OP(=O)(O)O)[C@H](O)[C@H]1O,success,57,41,53.73,
7310,CC1CCN(c2nc3c(=O)[nH]cnc3n2[C@H]2O[C@H](CO)[C@H](O)[C@@H]2O)CC1,success,42,26,41.61,
7311,N[C@@H]1[C@H](O)[C@@H](CO)O[C@@H]1n1cnc2c(=O)[nH]c(Cl)nc21,success,287,268,248.04,
7312,N[C@@H]1[C@H](O)[C@@H](CO)O[C@@H]1n1cnc2c(=O)[nH]cnc21,success,314,295,249.25,
7313,CC1(C)O[C@@H]2[C@H](O1)[C@@H](n1cnc3c(=O)[nH]cnc31)O[C@@H]2CO,success,154,135,213.68,
7314,CC1(C)O[C@@H]2[C@H](O1)[C@H](n1cnc3c(=O)[nH]cnc31)O[C@H]2CO,success,154,135,162.26,
7315,CC(C)OC1[C@@H](OC(C)C)[C@@H](CO)O[C@H]1[n+]1cn(C)c2c(=O)[nH]c(N)nc21,success,276,258,186.72,
7316,CC(C)OC1[C@@H](OC(C)C)[C@@H](CO)O[C@H]1n1cnc2c(=O)[nH]c(N)nc21,success,182,164,137.21,
7317,CCn1c[n+]([C@@H]2O[C@H](CO)[C@H](OC(C)C)C2OC(C)C)c2nc(N)[nH]c(=O)c21,success,276,258,131.41,
7318,O=c1[nH]cnc2c1ncn2C1O[C@H](COS(=O)(=O)O)C(O)C1O,success,76,58,80.02,
7319,O=c1[nH]cnc2c1ncn2[C@@H]1O[C@@H](COP(=O)(O)OP(=O)(O)O)[C@H](O)[C@H]1O,success,71,55,62.66,
7320,Cn1c[n+](C2OC(COP(O)(=S)OP(=O)(O)OP(=O)(O)O)C(O)C2O)c2nc(N)[nH]c(=O)c21,success,59,43,56.36,
7321,Nc1nc2c(ncn2[C@@H]2O[C@H](CO)[C@H]([18F])[C@H]2O)c(=O)[nH]1,success,288,269,264.67,
7322,CN(C)/C=N/c1nc2c(ncn2[C@@H]2O[C@H](CO)[C@@H](O)[C@H]2N(C)C)c(=O)[nH]1,success,76,59,61.61,
7323,C[C@@H]1C2OC[C@]1(CO)O[C@H]2n1cnc2c(=O)[nH]cnc21,success,210,191,184.1,
7324,O=c1[nH]cnc2c1ncn2[13C@H]1[13CH2][13CH2][13C@@H]([13CH2]O)O1,success,127,108,147.81,
7325,Nc1nc2c(ncn2[C@H]2O[C@@H](CO)[C@H](O)[C@@H]2N)c(=O)[nH]1,success,353,334,394.78,
7326,O.O=c1[nH]cnc2c1ncn2C1OC(COP(=O)([O-])[O-])C(O)C1O.[Ni+2].[OH3+].[OH3+].[OH3+].[OH3+],success,42,26,34.69,
7327,O=Cc1nc2c(ncn2[C@@H]2O[C@@H](CO)[C@H](O)[C@H]2O)c(=O)[nH]1,success,654,635,527.98,
7328,[15NH2][13c]1[15n][13c]2[13c]([15n][13cH][15n]2[13C@H]2[13CH2][13C@@H](O)[13C@@H]([13CH2]OP(=O)(O)O)O2)[13c](=O)[15nH]1,success,180,161,214.19,
7329,NCCCCCCNc1nc2c(=O)[nH]cnc2n1C1OC(COP(=O)(O)O)C(O)C1O,success,186,168,76.47,
7330,NC1C(O)C(CO)OC1n1cnc2c(=O)[nH]cnc21,failed,317,298,259.08,min() arg is an empty sequence
7331,NC1C(O)C(CO)OC1n1cnc2c(=O)[nH]c(Cl)nc21,success,290,271,293.36,
7332,O=c1[nH]cnc2c1ncn2[C@@H]1O[C@H](COP(=O)([O-])[O-])[C@H](O)[C@H]1O.[Na+].[Na+],success,42,26,36.22,
7333,O=c1[nH]cnc2c1ncn2[C@@H]1O[C@H](CCl)[C@@H](O)[C@@H]1O,success,131,112,139.57,
7334,Nc1nc2c(ncn2[C@@H]2O[C@H](CO[P+](=O)OP(=O)(O)O[P+](=O)O)[C@@H](O)[C@H]2O)c(=O)[nH]1,success,108,92,120.92,
7335,[N-]=[N+]=Nc1nc2c(=O)[nH]cnc2n1[C@@H]1O[C@H](CO[P+](=O)O)[C@@H](O)[C@H]1O,success,42,26,37.19,
7336,Nc1nc2c(ncn2[C@@H]2O[C@H](COP(=O)([O-])[O-])[C@@H](O)[C@H]2O)c(=O)[nH]1.[Zn+2],success,42,26,33.28,
7337,Nc1nc2c(nc(N)n2C2OC(C(O)I)C(O)C2O)c(=O)[nH]1,success,376,357,431.77,
7338,C=CCOC1C(O)C(CO)OC1n1cnc2c(=O)[nH]c(N=CN(C)C)nc21,success,218,199,140.31,
7339,C=CCOC1C(O)C(CO)OC1n1cnc2c(=O)[nH]c(N)nc21,success,1067,1047,996.85,
7340,CCCCN(C=Nc1nc2c(ncn2C2CC(O)C(CO)O2)c(=O)[nH]1)CCCC,success,222,202,82.61,
7341,Nc1nc2c(nc(N)n2C2OC(CO[P+](=O)OP(=O)(O)O[P+](=O)O)C(O)C2O)c(=O)[nH]1,success,116,100,121.81,
7342,Nc1nc2c(ncn2[C@H]2C[C@@H](O)[C@@H](CO)O2)c(=O)[nH]1.O,success,42,26,32.73,
7343,[15NH2][13c]1nc2c(ncn2[C@H]2C[C@@H](O)[C@@H](CO)O2)c(=O)[15nH]1,success,287,268,338.43,
7344,[15NH2][13c]1[15n][13c]2[13c]([15n][13cH][15n]2[13C@H]2[13CH2][13C@@H](O)[13C@@H]([13CH2]O)O2)[13c](=O)[15nH]1,success,270,251,220.63,
7345,O=c1[nH]cn[13c]2[13c]1[15n]cn2[C@H]1CC[C@@H](CO)O1,success,134,115,132.2,
7346,Nc1nc2c(ncn2[13C@@H]2O[13C@@H]3[13CH2]OP(=O)([O-])O[13C@H]3[13C@H]2O)c(=O)[nH]1.[Na+],success,42,26,31.19,
7347,Nc1nc2c(ncn2[13C@@H]2O[13C@@H]3[13CH2]OP(=O)(O)O[13C@H]3[13C@H]2O)c(=O)[nH]1,success,124,105,158.8,
7348,Nc1nc2c(n[14cH]n2[C@@H]2O[C@H](COP(=O)([O-])[O-])C(O)[C@@H]2O)c(=O)[nH]1.[NH4+].[NH4+],success,42,26,53.53,
7349,Nc1nc2c(n[14cH]n2[C@@H]2O[C@H](COP(=O)(O)O)C(O)[C@@H]2O)c(=O)[nH]1,success,135,117,208.57,
7350,Nc1nc2c(nc(N)n2[C@@H]2O[C@H](COP(=O)(O)O)[C@@H](O)[C@H]2O)c(=O)[nH]1,success,149,131,195.92,
7351,O=c1[nH]c(I)nc2c1ncn2C1OC(CO)C(O)C1O,success,284,265,242.59,
7352,CC(C)C(=O)[15NH]c1[15n]c2c(ncn2[C@H]2C[C@H](O)[C@@H](CO)O2)c(=O)[15nH]1,success,2423,2401,3430.09,
7353,C=CCO[C@@H]1[C@H](O)[C@@H](CO)O[C@H]1n1cnc2c(=O)[nH]c(N=CN(C)C)nc21,success,198,179,101.12,
7354,O=c1[nH]c(NCP(CO)CO)nc2c1ncn2[C@@H]1O[C@H](CO)[C@@H](O)[C@H]1O,success,452,433,355.52,
7355,O=c1[nH]cnc2c1ncn2[C@H]1C[C@H](O)[C@@H](CO[P+](=O)O)O1,success,182,163,240.41,
7356,[2H]c1nc2c(nc([2H])n2[C@@H]2O[C@H](CO)C([2H])C2[2H])c(=O)[nH]1,success,112,93,120.83,
7357,Nc1nc2c(ncn2[13C@@H]2O[13C@H]([13CH2]O)[13C@@H](O)[13C@H]2O)c(=O)[nH]1.O,success,42,26,26.27,
7358,Nc1nc2c(ncn2[13C@@H]2O[13C@H]([13CH2]O)[13C@@H](O)[13C@H]2O)c(=O)[nH]1,success,338,319,296.84,
7359,Nc1nc2c(c(=O)[nH]1)[n+]([O-])cn2C1OC(CO)C(O)C1O,success,303,284,238.68,
7360,COCC(=O)Nc1nc2c(ncn2C2CC(O)C(CO)O2)c(=O)[nH]1,success,2074,2055,2552.9,
7361,CC(=O)Cc1nc2c(ncn2C2OC(CO)C(O)C2O)c(=O)[nH]1,success,3864,3842,3638.06,
7362,O=c1[nH]cnc2c1nc(N1CCCC1)n2[C@@H]1O[C@H](CO)[C@@H](O)[C@H]1O,success,155,137,224.9,
7363,CC1CCN(c2nc3c(=O)[nH]cnc3n2[C@@H]2O[C@H](CO)[C@@H](O)[C@H]2O)CC1,success,42,26,41.3,
7364,O=c1[nH]cnc2c1nc(N1CCN(CCO)CC1)n2[C@@H]1O[C@H](CO)[C@@H](O)[C@H]1O,success,54,37,57.65,
7365,O=c1[nH]cnc2c1nc(N1CCNCC1)n2[C@@H]1O[C@H](CO)[C@@H](O)[C@H]1O,success,152,134,220.41,
7366,CN1CCN(c2nc3c(=O)[nH]cnc3n2[C@@H]2O[C@H](CO)[C@@H](O)[C@H]2O)CC1,success,119,103,165.11,
7367,NC(N)=NCCCO[C@@H]1[C@H](O)[C@@H](COP(N)O)O[C@@H]1n1cnc2c(=O)[nH]c(N)nc21,success,223,204,147.72,
7368,Nc1nc2c(nc(N)n2[C@@H]2O[C@H](CO)[C@@H](O)[C@@H]2O)c(=O)[nH]1,success,402,383,358.53,
7369,CCCc1nc2c(ncn2[C@@H]2O[C@H](COP(=O)(O)O)[C@@H](O)[C@H]2O)c(=O)[nH]1,success,1142,1124,1362.97,
7370,CCCCCCCCCCc1nc2c(ncn2[C@@H]2O[C@H](CO)[C@@H](O)[C@H]2O)c(=O)[nH]1,success,42,26,43.34,
7371,CCCCCCCCCc1nc2c(ncn2[C@@H]2O[C@H](CO)[C@@H](O)[C@H]2O)c(=O)[nH]1,success,42,26,35.87,
7372,CCCCCCCCc1nc2c(ncn2[C@@H]2O[C@H](CO)[C@@H](O)[C@H]2O)c(=O)[nH]1,success,42,26,26.64,
7373,CCCCCCCc1nc2c(ncn2[C@@H]2O[C@H](CO)[C@@H](O)[C@H]2O)c(=O)[nH]1,success,42,26,26.74,
7374,CCCCCCc1nc2c(ncn2[C@@H]2O[C@H](CO)[C@@H](O)[C@H]2O)c(=O)[nH]1,success,42,26,29.24,
7375,CCCCCc1nc2c(ncn2[C@@H]2O[C@H](CO)[C@@H](O)[C@H]2O)c(=O)[nH]1,success,982,962,889.49,
7376,O=c1[nH]c(I)nc2c1ncn2[C@@H]1O[C@H](CO)[C@@H](O)[C@H]1O,success,282,263,250.26,
7377,N.Nc1nc2c(ncn2C2OC(COP(=O)(O)OP(N)(=O)O)C(O)C2O)c(=O)[nH]1,success,42,26,48.54,
7378,O=c1[nH]cnc2c1ncn2C1OC(CO)C(OP(=O)([O-])O)C1O.[Na+],success,42,26,32.03,
7379,[15NH2]c1[15n]c2c([15n]c[15n]2[C@@H]2O[C@H](COP(=O)([O-])[O-])[C@@H](O)[C@H]2O)c(=O)[15nH]1.[Na+].[Na+],success,42,26,47.26,
7380,C[NH+]1CCN(c2nc3c(=O)[nH]c(N)nc3n2[C@@H]2O[C@@H](CO)[C@H](O)[C@@H]2O)CC1,success,42,26,26.93,
7381,CC(C)C(=O)Nc1nc2c(ncn2C2OC(CO)C(O)C2O)c(=O)[nH]1.O,success,448,430,221.41,
7382,CN(C)c1nc2c(ncn2[C@@H]2N[C@H](CO)[C@@H](O)[C@H]2O)c(=O)[nH]1,success,386,367,385.74,
7383,Nc1nc2c(ncn2C2CC(OP(=O)([O-])O)C(CO)O2)c(=O)[nH]1.[Na+],success,42,26,31.74,
7384,O=c1[nH]cnc2c1ncn2C1OC(COS(=O)(=O)O)C(O)C1O,success,75,57,103.03,
7385,Nc1nc2c(ncn2C2OC(COP(=O)([O-])OP(=O)([O-])NP(=O)([O-])O)C(O)C2O)c(=O)[nH]1.[Na+].[Na+].[Na+],success,42,26,35.83,
7386,[15NH2][13c]1nc2c(ncn2[C@H]2CC(O)[C@@H](CO)O2)c(=O)[15nH]1,success,288,269,265.87,
7387,N[C@@H]1C[C@H](n2cnc3c(=O)[nH]cnc32)O[C@@H]1CO,success,198,179,178.91,
7388,Nc1nc2c(nc(Cl)n2C2OC(CO)C(O)C2O)c(=O)[nH]1.O.O,success,42,26,41.55,
7389,CC(O)CCNc1nc2c(ncn2C2OC(CO)C(O)C2O)c(=O)[nH]1,success,2177,2155,2179.65,
7390,COC1(O[C@@H]2[C@H](O)[C@@H](CO)O[C@H]2n2cnc3c(=O)[nH]c(N)nc32)CCOCC1,success,56,38,68.49,
7391,CCCCN(C=Nc1nc2c(ncn2[C@H]2C[C@H](O)[C@@H](CN)O2)c(=O)[nH]1)CCCC,success,114,96,48.38,
7392,Nc1nc2c(nc(I)n2[C@@H]2O[C@H](CO)[C@@H](O)[C@H]2O)c(=O)[nH]1.O,success,42,26,41.89,
7393,O=c1[nH]cn[13c]2[13c]1[15n]cn2[C@@H]1O[C@H](CO)C(O)[C@@H]1O,success,301,282,280.58,
7394,O=c1[nH]cnc2c1n[14cH]n2[C@@H]1O[C@H](COP(=O)([O-])[O-])C(O)[C@@H]1O.[NH4+].[NH4+],success,42,26,33.57,
7395,O=c1[nH]cnc2c1n[14cH]n2[C@@H]1O[C@H](COP(=O)(O)O)C(O)[C@@H]1O,success,120,102,210.28,
7396,CC1CC(O)[15n]2c(=O)c3ncn([C@H]4CC(O)[C@@H](CO)O4)c3n[13c]2[15NH]1,success,267,249,289.32,
7397,Nc1nc2c(ncn2C2OC(COP(=O)(O)OP(=O)(O)OP(=O)(O)OP(=O)(O)O)C(O)C2O)c(=O)[nH]1,success,42,26,47.26,
7398,Nc1nc2c(ncn2C2OC(COP(=O)(O)O)[C@@H](O)C2O)c(=O)[nH]1,success,134,116,234.37,
7399,O=c1[nH]c(Br)nc2c1ncn2C1CC(O)C(CO)O1,success,214,195,190.69,
7400,CC1(n2cnc3c(=O)[nH]cnc32)OC(COP(=O)(O)O)C(O)C1O,success,124,106,231.71,
7401,CC(O)C1OC(n2cnc3c(=O)[nH]cnc32)C(S)C1O,success,857,835,627.64,
7402,C[C@@]1(n2cnc3c(=O)[nH]cnc32)O[C@H](CO[P+](=O)O)[C@@H](O)[C@H]1O,success,202,183,220.28,
7403,Nc1nc2c(ncn2C2OC(COP(=O)(O)OP(=O)(O)OP(=O)(O)OP(=O)(O)OP(=O)(O)O)C(O)C2O)c(=O)[nH]1,success,42,26,58.17,
7404,CC(=O)Nc1nc2c(ncn2C2CC(O)C(CO)O2)c(=O)[nH]1,success,1685,1662,2009.2,
7405,Nc1nc2c(ncn2[C@@H]2O[C@H](COP(=O)(O)OP(=O)(O)OP(=O)(O)O)C[C@H]2O)c(=O)[nH]1.[Mg+2],success,42,26,44.06,
7406,Nc1nc2c(ncn2[C@@H]2O[C@@H](COP(=O)(O)OP(=O)(O)NP(=O)(O)O)[C@H](O)[C@H]2O)c(=O)[nH]1,success,84,68,118.04,
7407,Nc1nc2c(ncn2[C@@H]2O[C@@H](COP(=O)(O)OP(N)(=O)O)[C@H](O)[C@H]2O)c(=O)[nH]1,success,103,87,169.2,
7408,Nc1nc2c(ncn2[C@H]2C[C@@H](O)[C@H](COP(=O)(O)OP(=O)(O)O)O2)c(=O)[nH]1,success,70,54,63.44,
7409,Cn1c[n+]([C@@H]2O[C@@H](COP(=O)(O)O)[C@H](O)[C@H]2O)c2nc(N)[nH]c(=O)c21,success,156,138,236.02,
7410,C[N+](C)(C)C.Nc1nc2c(ncn2[C@@H]2O[C@H](CO[P+](=O)[O-])[C@@H](O)[C@H]2O)c(=O)[nH]1,success,42,26,34.35,
7411,C=CCOc1nc2c(=O)[nH]c(N)nc2n1[C@@H]1O[C@H](CO)C(O)[C@@H]1O,success,996,976,781.24,
7412,O=c1[nH]cnc2c1ncn2[C@@H]1O[C@H](CO)[C@H]2OC12,success,158,139,165.59,
7413,[15NH2][13c]1nc2c(nc(Br)n2[C@H]2C[C@@H](O)[C@@H](CO)O2)c(=O)[15nH]1,success,260,241,257.39,
7414,[15NH2][13c]1nc2c(nc(Br)n2[C@@H]2O[C@H](CO)C(O)[C@@H]2O)c(=O)[15nH]1,success,339,320,294.83,
7415,O=c1[nH]c(Cl)nc2c1ncn2[C@@H]1O[C@H](CO)[C@H](O)C1O,success,283,264,246.97,
7416,O=c1[nH]cnc2c1nc(Cl)n2[C@@H]1O[C@H](CO)[C@H](O)C1O,success,283,264,288.86,
7417,CC(O)CCNc1nc2c(ncn2[C@@H]2O[C@H](CO)[C@@H](O)[C@H]2O)c(=O)[nH]1,success,2041,2019,2094.29,
7418,O=c1[nH]c(Cl)nc2c1ncn2[C@@H]1O[C@H](CO[P+](=O)O)[C@@H](O)[C@H]1O,success,199,180,273.19,
7419,Nc1nc2c(ncn2[C@@H]2O[C@H](COP(=O)(O)OP(=O)([O-])OP(=O)([O-])O)[C@H](O)[C@@H]2O)c(=O)[nH]1.[Na+].[Na+],success,42,26,59.88,
7420,Nc1nc2c(ncn2[C@@H]2O[C@H](C[O-])[C@@H]([O-])[C@H]2O)c(=O)[nH]1.[Na+].[Na+],success,42,26,32.94,
7421,O=c1[nH]cnc2c1ncn2C1CC(O)C(COP(=O)([O-])[O-])O1.[Na+].[Na+],success,42,26,32.04,
7422,O=c1[nH]cnc2c1ncn2C1OC(COP(=O)(O)OP(=O)(O)OP(=O)(O)O)C(O)C1O.[Li],success,42,26,36.39,
7423,Nc1nc2c(ncn2[C@@H]2O[C@@H]3COP([O-])(=S)O[C@H]3[C@H]2O)c(=O)[nH]1.[Na+],success,42,26,34.3,
7424,CN(C)c1nc2c(c(=O)[nH]1)n(C)c[n+]2[C@H]1[CH][C@H](O)[C@@H](CO)O1,success,42,26,26.34,
7425,O=c1[nH]cnc2c1ncn2[C@@H]1CC[C@@H](CO)O1,success,134,115,132.58,
7426,CCn1c[n+](C2O[C@H](COP(=O)([O-])[O-])[C@@H](O)[C@H]2O)c2nc(N)[nH]c(=O)c21,success,615,597,852.74,
7427,CCn1c[n+](C2O[C@H](COP(=O)(O)O)[C@@H](O)[C@H]2O)c2nc(N)[nH]c(=O)c21,success,507,489,605.23,
7428,Cn1c[n+](C2O[C@H](CO)[C@@H](O)[C@H]2O)c2nc(N)[nH]c(=O)c21,success,419,400,400.7,
7429,Cn1c[n+](C2O[C@H](COP(=O)([O-])OP(=O)([O-])OP(=O)([O-])[O-])[C@@H](O)[C@H]2O)c2nc(N)[nH]c(=O)c21,success,79,63,80.04,
7430,Cn1c[n+](C2O[C@H](COP(=O)([O-])[O-])[C@@H](O)[C@H]2O)c2nc(N)[nH]c(=O)c21,success,225,207,386.92,
7431,Cn1c[n+](C2O[C@H](COP(=O)(O)O)[C@@H](O)[C@H]2O)c2nc(N)[nH]c(=O)c21,success,157,139,240.73,
7432,Nc1nc2c(ncn2C2O[C@H](CO[P+](=O)[O-])[C@@H](O)[C@H]2O)c(=O)[nH]1,success,257,238,287.14,
7433,CNc1nc2c(ncn2C2O[C@H](CO)[C@@H](O)[C@H]2O)c(=O)[nH]1,success,395,376,393.16,
7434,CC(C)(C)C(=O)OCC1OC(n2cnc3c(=O)[nH]cnc32)C(O)C1O,success,1193,1175,1211.67,
7435,CC(=O)OCC1OC(n2cnc3nc[nH]c(=O)c32)C(OC(C)=O)C1OC(C)=O,success,424,403,258.87,
7436,O=c1[nH]cnc2c1ncn2C1COC(CO)[C@H]1O,success,234,215,199.8,
7437,Nc1nc2c(ncn2[C@@H]2O[C@H](CO)[C@@H](OP(=O)([O-])[O-])[C@H]2O)c(=O)[nH]1.[Na+],success,42,26,51.2,
7438,O=c1[nH]cnc2c1ncn2[C@@H]1O[C@H](COP(=O)(O)OP(=O)([O-])OP(=O)([O-])O)[C@@H](O)[C@H]1O.[Na+],success,42,26,36.6,
7439,CO[C@@H]1[C@H](O)[C@@H](CO[P+](=O)OP(=O)(O)O[P+](=O)O)O[C@H]1n1cnc2c(=O)[nH]c(N)nc21,success,98,80,117.7,
7440,CO[C@H]1[C@@H](O)[C@H](n2cnc3c(=O)[nH]c(N)nc32)O[C@@H]1CO[P+](=O)OP(=O)(O)O[P+](=O)O,success,98,80,111.77,
7441,Nc1nc2c(ncn2[C@@H]2O[C@H](COP(=O)([O-])[O-])[C@H](O)C2O)c(=O)[nH]1.[Na+].[Na+],success,42,26,34.45,
7442,Nc1nc2c(ncn2[C@@H]2O[C@H](COP(=O)([O-])P(=O)([O-])P(=O)([O-])O)[C@H](O)C2O)c(=O)[nH]1.[Na+].[Na+].[Na+],success,42,26,53.87,
7443,Nc1nc2c(ncn2[C@@H]2O[C@H](COP(=O)(O)P(=O)(O)P(=O)(O)O)[C@H](O)C2O)c(=O)[nH]1,success,85,69,91.17,
7444,Nc1nc2c(nc(Br)n2[C@@H]2O[C@@H](CO)C(O)[C@@H]2O)c(=O)[nH]1,success,339,320,352.22,
7445,Nc1nc2c(ncn2[C@@H]2O[C@@H](CO)C(O)[C@@H]2O)c(=O)[nH]1,success,362,343,324.56,
7446,O=c1c2ncn([C@H]3CC(O)[C@H](CO)O3)c2nc2n1CCC(O)N2,success,362,343,338.46,
7447,Nc1nc2c(ncn2C2O[C@H](COP(=O)([O-])[O-])[C@@H](O)[C@H]2O)c(=O)[nH]1.[Na+].[Na+],success,42,26,41.15,
7448,Nc1nc2c(ncn2[C@@H]2C[C@H](O)[C@@H](CO)O2)c(=O)[nH]1.O,success,42,26,25.57,
7449,Nc1nc2c(nc(N)n2[C@@H]2O[C@H](CO[P+](=O)OP(=O)(O)O[P+](=O)O)[C@@H](O)[C@H]2O)c(=O)[nH]1,success,116,100,123.02,
7450,CC(=O)OCC1OC(n2cnc3c(=O)[nH]c(N)nc32)C(O)C1O,success,1486,1463,1411.9,
7451,CP(C)(=O)OCC1OC(n2cnc3c(=O)[nH]c(N)nc32)C(O)C1O,success,253,234,229.94,
7452,Nc1nc2c(ncn2[C@@H]2O[C@H](COP(=O)([O-])OP(=O)([O-])OP([O-])([O-])=S)[C@@H](O)[C@H]2O)c(=O)[nH]1,success,75,59,79.35,
7453,CCCCCc1nc2c(ncn2C2OC(CO)C(O)C2O)c(=O)[nH]1,success,989,969,841.54,
7454,CCCCCCc1nc2c(ncn2C2OC(CO)C(O)C2O)c(=O)[nH]1,success,42,26,26.17,
7455,CCCCCCCc1nc2c(ncn2C2OC(CO)C(O)C2O)c(=O)[nH]1,success,42,26,26.42,
7456,CCCCCCCCc1nc2c(ncn2C2OC(CO)C(O)C2O)c(=O)[nH]1,success,42,26,41.58,
7457,CCCCCCCCCc1nc2c(ncn2C2OC(CO)C(O)C2O)c(=O)[nH]1,success,42,26,27.2,
7458,CCCCCCCCCCc1nc2c(ncn2C2OC(CO)C(O)C2O)c(=O)[nH]1,success,42,26,42.29,
7459,CCCc1nc2c(ncn2C2OC(COP(=O)(O)O)C(O)C2O)c(=O)[nH]1,success,1111,1093,1290.59,
7460,O=c1[nH]cnc2c1ncn2C1OC(COP(=O)(O)O)CC1O,failed,133,114,157.52,min() arg is an empty sequence
7461,Nc1nc2c(ncn2C2O[C@@H]3COP(=O)(O)O[C@H]3[C@H]2O)c(=O)[nH]1,success,124,105,133.01,
7462,O=c1[nH]cnc2c1ncn2[C@@H]1O[C@H](COP(=O)(O)OP(=O)(O)O)[C@@H](O)[C@@H]1O,success,71,55,61.87,
7463,Nc1nc2c(ncn2[C@H]2C[C@H](O)[C@H](COP(=O)(O)O)O2)c(=O)[nH]1,success,182,163,259.57,
7464,O=c1[nH]c(NCCO)nc2c1ncn2[C@H]1C[C@H](O)[C@@H](CO)O1,success,1691,1670,1648.25,
7465,CC(=O)O[C@H]1[C@@H](O)[C@H](n2cnc3c(=O)[nH]c(N=CN(CC(C)C)CC(C)C)nc32)O[C@@H]1CO,success,139,121,90.77,
7466,CC(=O)Nc1nc2c(ncn2[C@@H]2O[C@H](CO)[C@@H](O)[C@H]2NC(C)=O)c(=O)[nH]1,success,3433,3410,6010.6,
7467,COC[C@H]1O[C@H](n2cnc3c(=O)[nH]c(N)nc32)[C@H](O)[C@@H]1O,success,306,287,275.13,
7468,O=c1[nH]cnc2c1ncn2[C@H]1C[C@H](O)[C@@H](COP(=O)([O-])OP(=O)([O-])OP(=O)([O-])[O-])O1.[Na+].[Na+].[Na+],success,42,26,39.2,
7469,[B][P+]1(O)OC[C@H]2O[C@@H](n3cnc4c(=O)[nH]cnc43)[C@H](O)[C@@H]2O1,success,42,26,37.6,
7470,O=c1[nH]cnc2c1ncn2[C@@H]1O[C@H](CO[P+](=O)OP(O)(=S)O[P+](=O)O)[C@@H](O)[C@H]1O,success,105,89,115.45,
7471,CC1(n2cnc3c(=O)[nH]cnc32)OC(CO[P+](=O)O)C(O)C1O,success,204,185,265.45,
7472,C[N+](C)(C)C.Nc1nc2c(ncn2C2OC(CO[P+](=O)[O-])C(O)C2O)c(=O)[nH]1,success,42,26,53.25,
7473,Nc1nc2c(ncn2C2OC(CO[P+](=O)[O-])C(O)C2O)c(=O)[nH]1,success,258,239,302.63,
7474,CN(C)C=Nc1nc2c(nc(Br)n2[C@H]2C[C@H](O)[C@@H](CO)O2)c(=O)[nH]1,success,298,279,276.78,
7475,Nc1nc2c(ncn2[C@@H]2O[C@H](CO)[C@@H](O)[C@]2(O)P(=O)([O-])[O-])c(=O)[nH]1,success,148,130,201.55,
7476,Nc1nc2c(ncn2[C@@H]2O[C@H](COP(=O)([O-])OP(=O)([O-])OP(=O)([O-])O)[C@@H](O)[C@H]2O)c(=O)[nH]1.[Na].[Na].[Na],success,42,26,50.52,
7477,Nc1nc2c(ncn2[C@H]2C[C@H](OP(=O)([O-])[O-])[C@@H](CO)O2)c(=O)[nH]1.[NH4+].[NH4+],success,42,26,32.39,
7478,Nc1nc2c(ncn2[C@@H]2O[C@H](COP(=O)(O)OP(=O)(O)OP(=O)(O)O)[C@@H](O[I+3]([O-])([O-])[O-])[C@H]2O)c(=O)[nH]1,success,42,26,40.08,
7479,Nc1nc2c(ncn2[C@@H]2O[C@H](COC(=O)[C@@H](N)CO)[C@@H](O)[C@H]2O)c(=O)[nH]1,success,3437,3416,5253.67,
7480,CC(C)[C@H](N)C(=O)OC[C@H]1O[C@@H](n2cnc3c(=O)[nH]c(N)nc32)[C@H](O)[C@@H]1O,success,2024,2006,2951.53,
7481,O=c1[nH]cnc2c1ncn2C1CC(O)C(COP(=O)([O-])OP(=O)([O-])OP(=O)([O-])O)O1.[Na+].[Na+].[Na+],success,42,26,35.16,
7482,CN(C)c1nc2c(ncn2[C@@H]2O[C@H](CO)[C@@H](O)[C@@H]2O)c(=O)[nH]1,success,314,295,282.07,
7483,CO[C@H]1[C@H](O)[C@H](n2cnc3c(=O)[nH]c(N)nc32)O[C@@H]1CO,success,316,297,280.67,
7484,Nc1nc2c(ncn2[C@@H]2CC[C@@H](CO)O2)c(=O)[nH]1,success,182,163,160.5,
7485,CC(C)C(=O)Nc1nc2c(ncn2[C@H]2O[C@@H](CO)[C@@H](O)[C@H]2O)c(=O)[nH]1,success,2338,2316,3064.67,
7486,O=c1[nH]c([O-])nc2c1ncn2[C@H]1O[C@@H](CO)[C@@H](O)[C@@H]1O,success,239,220,216.93,
7487,O=c1[nH]cnc2c1ncn2C1OC(COP(=O)([O-])OP(=O)([O-])O)C(O)C1O.[Na+].[Na+],success,42,26,52.83,
7488,Nc1nc2c(ncn2[C@@H]2O[C@H]([CH-]O)[C@@H](O)[C@H]2O)c(=O)[nH]1,success,309,290,264.2,
7489,Nc1nc2c(ncn2[C@@H]2O[C@H](CO)[C@@H](O)[C@]2(O)S(N)(=O)=O)c(=O)[nH]1,success,272,253,314.95,
7490,Nc1nc2c(ncn2[C@H]2C[C@H](O)[C@@H](COP(N)(=O)O)O2)c(=O)[nH]1,success,215,196,241.93,
7491,Nc1nc2c(ncn2[C@@H]2OC3C(O)C3(O)C2O)c(=O)[nH]1,success,265,246,263.28,
7492,Nc1nc2c(ncn2[C@@H]2O[C@H](COS(=O)(=O)O)[C@@H](O)[C@@H]2O)c(=O)[nH]1,success,85,67,100.09,
7493,O=c1[nH]cnc2c1ncn2[C@H]1O[C@@H](COP(=O)([O-])OP(=O)([O-])OP(=O)([O-])[O-])[C@@H](O)[C@H]1O,success,72,56,77.25,
7494,O=c1[nH]cnc2c1ncn2[C@H]1O[C@@H](COP(=O)(O)OP(=O)(O)OP(=O)(O)O)[C@@H](O)[C@H]1O,success,57,41,70.31,
7495,O=c1[nH]cnc2c1ncn2[C@@H]1O[C@@H](COP(=O)([O-])OP(=O)([O-])OP(=O)([O-])[O-])[C@@H](O)[C@H]1O,success,72,56,77.08,
7496,O=c1[nH]cnc2c1ncn2[C@H]1O[C@@H](COP(=O)([O-])OP(=O)([O-])OP(=O)([O-])[O-])[C@@H](O)[C@@H]1O,success,72,56,76.92,
7497,O=c1[nH]cnc2c1ncn2[C@H]1O[C@@H](COP(=O)(O)OP(=O)(O)OP(=O)(O)O)[C@@H](O)[C@@H]1O,success,57,41,84.37,
7498,O=c1[nH]cnc2c1ncn2[C@@H]1O[C@@H](COP(=O)([O-])OP(=O)([O-])OP(=O)([O-])[O-])[C@@H](O)[C@@H]1O,success,72,56,103.44,
7499,O=c1[nH]cnc2c1ncn2[C@@H]1O[C@@H](COP(=O)(O)OP(=O)(O)OP(=O)(O)O)[C@@H](O)[C@@H]1O,success,57,41,60.45,
7500,Nc1nc2c(ncn2[C@@H]2C[C@@H](O)[C@H](COP(=O)([O-])[O-])O2)c(=O)[nH]1,success,208,189,267.87,
7501,CC(=O)O[C@H]1[C@H](OC(C)=O)[C@H](n2cnc3c(=O)[nH]cnc32)O[C@@H]1C(O)OP(=O)(O)O,success,268,251,161.89,
7502,Nc1nc2c(ncn2[C@@H]2O[C@H](C(O)P(=O)(O)O)[C@@H](O)[C@]2(O)P(=O)(O)O)c(=O)[nH]1,success,42,26,32.93,
7503,Nc1nc2c(ncn2[C@@H]2O[C@H](COP(=O)([O-])[O-])[C@@H](OP(=O)([O-])OP(=O)([O-])[O-])[C@H]2O)c(=O)[nH]1.[Li+].[Li+].[Li+].[Li+].[Li+],success,42,26,54.14,
7504,CN(C)/C=N/c1nc2c(ncn2[C@H]2C[C@H](O)[C@@H](CO)O2)c(=O)[nH]1,success,324,305,336.19,
7505,Cn1c[n+]([C@@H]2OC(CO)C(O)C2O)c2nc(N)[nH]c(=O)c21,success,421,402,340.56,
7506,Nc1nc2c(ncn2[C@@H]2O[C@H](COP(=O)(O)OP(=O)(O)O[32P](=O)([O-])[O-])[C@@H](O)[C@H]2O)c(=O)[nH]1.[Na+].[Na+],success,42,26,60.08,
7507,CN(C)c1nc2nc[nH]c2c(=O)n1C1C[C@H](O)[C@@H](CO)O1,success,268,249,246.81,
7508,Nc1nc2c(ncn2[C@@H]2O[C@H](CO)[C@@H](OP(=O)([O-])[O-])[C@H]2OP(=O)([O-])[O-])c(=O)[nH]1.O.[Na+].[Na+].[Na+].[Na+],success,42,26,55.35,
7509,O=c1[nH]cnc2c1ncn2[C@H]1O[C@@H](CO)C(O)[C@H]1O,success,301,282,271.04,
7510,Nc1nc2c(ncn2[13C@H]2C[C@H](O)[C@@H](CO)O2)c(=O)[nH]1.O,success,42,26,25.69,
7511,Nc1nc2c(ncn2[13C@H]2C[C@H](O)[C@@H](CO)O2)c(=O)[nH]1,success,287,268,243.14,
7512,O.[2H]C([2H])(O)[C@H]1O[C@@H](n2cnc3c(=O)[nH]c(N)nc32)[C@H](O)[C@@H]1O,success,42,26,26.6,
7513,[2H]C([2H])(O)[C@H]1O[C@@H](n2cnc3c(=O)[nH]c(N)nc32)[C@H](O)[C@@H]1O,success,295,276,290.3,
7514,Nc1nc2c(n[14cH]n2[C@H]2C[C@H](O)[C@@H](CO)O2)c(=O)[nH]1,success,287,268,235.87,
7515,CCC(CCO)Nc1nc2c(ncn2C2OC(COP(=O)(O)OC)C(O)C2O)c(=O)[nH]1,success,427,406,275.19,
7516,COc1nc2nc[nH]c2c(=O)n1C1C[C@H](O)[C@@H](CO)O1,success,295,276,274.05,
7517,Nc1nc2c(ncn2[C@@H]2O[C@H](COP(=O)(O)OP(=O)(O)OP(=O)([O-])O)[C@@H](O)[C@H]2O)c(=O)[nH]1.[Na+],success,42,26,37.04,
7518,O.O=c1[nH]cnc2c1ncn2[C@@H]1OC(COP(=O)([O-])OP(=O)([O-])OP(=O)([O-])O)C(O)C1O.[Na+].[Na+].[Na+],success,42,26,59.36,
7519,Nc1nc2c(ncn2[C@@H]2OC(COP(=O)([O-])[O-])C(O)C2O)c(=O)[nH]1.O.[Na+].[Na+],success,42,26,52.51,
7520,CN(C)/C=N/c1nc2c(ncn2[C@@H]2O[C@H](CO)C[C@H]2O)c(=O)[nH]1,success,325,306,415.64,
7521,CNc1nc2nc[nH]c2c(=O)n1C1C[C@H](O)[C@@H](CO)O1,success,343,324,306.18,
7522,O=c1[nH]cnc2c1ncn2[C@H]1C[C@H](O)[C@@H](COP(=O)([O-])OP(=O)([O-])OP(=O)([O-])[O-])O1.[Na+].[Na+].[Na+].[Na+],success,42,26,52.92,
7523,CC(=O)Nc1nc2c(ncn2[C@@H]2O[C@H](COP(=O)(O)O)C(O)[C@@H]2O)c(=O)[nH]1,success,246,225,210.35,
7524,CC1(C)O[C@@H]2[C@H](O1)[C@@H](n1cnc3c(=O)[nH]c(N)nc31)O[C@H]2CO,success,188,169,235.46,
7525,Nc1nc2c(ncn2[C@H]2C[C@H](O)[C@@H](COP(=O)([O-])[O-])O2)c(=O)[nH]1.[NH4+].[NH4+],success,42,26,33.09,
7526,Nc1nc2c(ncn2[C@@H]2O[C@H](CO)C[C@H]2O)c(=O)[nH]1.O,success,42,26,25.57,
7527,[3H]C1C([3H])[C@@H](CO)O[C@H]1n1cnc2c(=O)[nH]cnc21,success,134,115,137.72,
7528,Nc1nc2c(ncn2[C@@H]2O[C@@H]3COP(=O)([O-])O[C@H]3[C@H]2O)c(=O)[nH]1.[NH4+],success,47,31,41.32,
7529,N.Nc1nc2c(ncn2[C@H]2C[C@H](OP(=O)(O)O)[C@@H](CO)O2)c(=O)[nH]1,success,55,39,66.54,
7530,Nc1nc2c(ncn2[C@@H]2O[C@H](COP(=O)(O)OP(=O)(O)CP(=O)([O-])O)[C@@H](O)[C@H]2O)c(=O)[nH]1.[Na+],success,42,26,55.11,
7531,Nc1nc2c(=O)[nH]cnc2n1[C@H]1CC[C@@H](CO)O1,success,182,163,158.96,
7532,Nc1nc2c(ncn2[C@H]2C[C@H](OP(=O)([O-])[O-])[C@@H](CO)O2)c(=O)[nH]1.[Na+].[Na+],success,42,26,51.4,
7533,Nc1nc2c(ncn2[C@@H]2O[C@H](CO)[C@](O)(OO)[C@]2(O)OO)c(=O)[nH]1,success,52,36,43.66,
7534,O=c1[nH]cnc2c1ncn2[C@@H]1O[C@H](COP(=O)([O-])[O-])[C@H](O)C1O.[Na+].[Na+],success,42,26,33.42,
7535,NNC[C@H]1O[C@@H](n2cnc3c(=O)[nH]c(N)nc32)C(O)[C@H]1O,success,75,59,48.07,
7536,O=c1[nH]cnc2c1ncn2[C@H]1C[C@@H](O)[C@@H](COP(=O)(O)O)O1,success,140,121,164.49,
7537,CNc1nc2c(ncn2[C@H]2C[C@@H](O)[C@@H](CO)O2)c(=O)[nH]1,success,343,324,282.29,
7538,Nc1nc2c(ncn2[C@H]2C[C@@H](O)[C@@H](COP(=O)([O-])[O-])O2)c(=O)[nH]1.[Na+].[Na+],success,42,26,38.33,
7539,O=c1[nH]cnc2c1ncn2[C@@H]1O[C@H](COP(=O)([O-])OP(=O)([O-])OP(=O)([O-])O)[C@H](O)C1O.[Na+].[Na+].[Na+],success,42,26,37.27,
7540,Nc1nc2c(ncn2[C@@H]2O[C@@H]3COP(=O)([O-])O[C@@H]3C2O)c(=O)[nH]1.[Na+],success,42,26,31.63,
7541,Nc1nc2c(nc(Cl)n2[C@H]2C[C@@H](O)[C@@H](CO)O2)c(=O)[nH]1,success,260,241,259.68,
7542,Nc1nc2c(ncn2[C@@H]2O[C@H](COP(=O)(O)OP(=O)(O)OP(=O)([O-])[O-])[C@H](O)C2O)c(=O)[nH]1.[Na+].[Na+],success,42,26,37.45,
7543,O.O=c1[nH]cnc2c1ncn2[C@@H]1O[C@H](COP(=O)([O-])OP(=O)([O-])OP(=O)([O-])[O-])[C@@H]([O-])[C@H]1O.[Na+].[Na+].[Na+],success,42,26,58.08,
7544,O=c1[nH]cnc2c1ncn2[C@@H]1O[C@H](C(OP(=O)([O-])[O-])OP(=O)(O)OP(=O)(O)O)[C@@H](O)[C@H]1O,success,42,26,35.93,
7545,O=c1[nH]cnc2c1ncn2[C@@H]1O[C@H](C(OP(=O)(O)O)OP(=O)(O)OP(=O)(O)O)[C@@H](O)[C@H]1O,success,42,26,36.37,
7546,O=c1[nH]cnc2c1ncn2[C@@H]1O[C@H](COP(=O)(OP(=O)([O-])[O-])OP(=O)(O)O)[C@@H](O)[C@H]1O.[Na+].[Na+],success,42,26,36.54,
7547,O=c1[nH]cnc2c1nc(Br)n2[C@@H]1O[C@H](CO)[C@H](O)C1O,success,283,264,292.0,
7548,Nc1nc2c(ncn2[C@@H]2O[C@H](CO)[C@H]3OP(=O)([O-])O[C@H]32)c(=O)[nH]1.[Na+],success,42,26,31.33,
7549,Nc1nc2c(ncn2[C@@H]2O[C@H](COP(=O)(O)OP(=O)(O)O)[C@@H](O[I+3]([O-])([O-])[O-])[C@H]2O)c(=O)[nH]1,success,51,35,49.79,
7550,CCCCNc1nc2c(ncn2[C@@H]2O[C@H](COP(=O)(O)OP(=O)(O)OP(=O)(O)O)[C@@H](O)[C@H]2O)c(=O)[nH]1,success,94,78,78.89,
7551,O=c1nc2n(c3c1ncn3[C@@H]1O[C@H](CO)[C@@H](O)[C@H]1O)CCN2,failed,312,293,278.42,min() arg is an empty sequence
7552,Nc1nc2c(ncn2[C@H]2C[C@H](OP(=O)(O)OCCNCCO)[C@@H](CO)O2)c(=O)[nH]1,success,1241,1221,2085.4,
7553,CCOP(=O)(O)O[C@H]1[C@@H](O)[C@H](n2cnc3c(=O)[nH]c(N)nc32)O[C@@H]1COP(=O)(O)OC,success,155,135,122.74,
7554,CCCCO[P+](O)([S-])OC[C@H]1O[C@@H](n2cnc3c(=O)[nH]c(N)nc32)C[C@@H]1O,success,1373,1352,1819.77,
7555,[15NH2][12c]1[15n]c2c(ncn2[C@@H]2O[C@H](CO)[C@@H](O)[C@H]2O)c(=O)[15nH]1,success,361,342,351.68,
7556,[15NH2][12c]1[15n]c2c(ncn2[C@H]2C[C@H](O)[C@@H](CO)O2)c(=O)[15nH]1,success,287,268,236.8,
7557,Nc1nc2c(ncn2[C@@H]2O[C@H]([C@@H](O)P(=O)(O)O)[C@@H](O)[C@H]2O)c(=O)[nH]1,success,97,79,141.15,
7558,COP(=O)(O)O[C@H]1[C@@H](O)[C@H](n2cnc3c(=O)[nH]c(N)nc32)O[C@@H]1CO,success,195,177,296.48,
7559,Nc1nc2c(nc(I)n2[C@@H]2O[C@H](CO)[C@H](O)[C@@H]2O)c(=O)[nH]1,success,338,319,329.08,
7560,Nc1nc2c(nc(I)n2[C@@H]2O[C@@H](CO)[C@H](O)[C@@H]2O)c(=O)[nH]1,success,338,319,351.31,
7561,Nc1nc2c(nc(I)n2[C@@H]2O[C@H](CO)[C@@H](O)[C@@H]2O)c(=O)[nH]1,success,338,319,332.29,
7562,Nc1nc2c(nc(I)n2[C@@H]2O[C@@H](CO)[C@@H](O)[C@@H]2O)c(=O)[nH]1,success,338,319,293.01,
7563,O=c1[nH]cnc2c1ncn2[C@@H]1O[C@H](CCl)[C@H](O)[C@@H]1O,success,131,112,137.66,
7564,C#CCCCNc1nc2c(ncn2[C@@H]2O[C@H](CO)[C@@H](O)[C@H]2O)c(=O)[nH]1,success,737,719,964.84,
7565,C#CCCCNc1nc2c(ncn2[C@@H]2O[C@H](COP(=O)(O)O)[C@@H](O)[C@H]2O)c(=O)[nH]1,success,660,642,1020.19,
7566,O=c1[nH]cnc2c1ncn2[C@@H]1O[C@H](CO)[C@@H](SP(=O)(O)O)[C@H]1O,success,220,201,244.37,
7567,O=c1[nH]cnc2c1ncn2[C@H]1O[C@]2(CO)COC[C@@H]1[C@@H]2O,success,319,300,308.58,
7568,O=c1[nH]cnc2c1ncn2C[C@@H](O)[C@@H](O)CO,success,3160,3139,1859.19,
7569,O=c1[nH]cnc2c1ncn2C[C@H](O)[C@H](O)CO,success,3160,3139,1895.5,
7570,O=c1[nH]cnc2c1ncn2C[C@@H](O)[C@H](O)CO,success,3209,3188,1888.03,
7571,O=c1[nH]cnc2c1ncn2C[C@H](O)[C@@H](O)CO,success,3209,3188,1866.82,
7572,NCCCCCCNc1nc2c(ncn2[C@@H]2O[C@@H]3COP(=O)(O)O[C@H]3[C@H]2O)c(=O)[nH]1,success,178,160,84.73,
7573,CO[C@@H]1[C@H](O)[C@@H](CO[P+]([O-])([O-])O[P+]([O-])([O-])O)O[C@H]1[n+]1cn(C)c2c(=O)[nH]c(N)nc21,success,84,66,78.94,
7574,CO[C@@H]1[C@H](O)[C@@H](CO[P+]([O-])([O-])OP(O)(O)=S)O[C@H]1[n+]1cn(C)c2c(=O)[nH]c(N)nc21,success,87,69,78.45,
7575,Nc1nc2c(ncn2[C@@H]2O[C@@H]3COP(=O)(O)O[C@H]3[C@@H]2O)c(=O)[nH]1,failed,124,105,141.15,min() arg is an empty sequence
7576,O=c1[nH]cnc2c1ncn2[C@@H]1C[C@H]2O[C@H]2[C@H]1O,success,92,73,80.6,
7577,O=c1[nH]cnc2c1ncn2[C@@H]1O[C@H](CO)[C@@H](S)[C@H]1OP(=O)(O)O,success,159,140,226.55,
7578,NC[C@@H]1[C@H](O)[C@@H](CO)O[C@H]1n1cnc2c(=O)[nH]c(N)nc21,success,392,373,335.65,
7579,CC(=O)OC[C@@H]1O[C@H](n2cnc3nc[nH]c(=O)c32)[C@H](OC(C)=O)[C@H]1OC(C)=O,success,319,298,177.41,
7580,CC(=O)OC[C@@H]1O[C@H](n2cnc3nc[nH]c(=O)c32)[C@@H](OC(C)=O)[C@H]1OC(C)=O,success,319,298,233.97,
7581,CC(=O)OC[C@@H]1O[C@H](n2cnc3nc[nH]c(=O)c32)[C@H](OC(C)=O)[C@@H]1OC(C)=O,success,319,298,164.92,
7582,CC(C)(C)C(=O)OC[C@@H]1O[C@H](n2cnc3c(=O)[nH]cnc32)[C@H](O)[C@H]1O,success,1110,1092,1196.65,
7583,CC(C)(C)C(=O)OC[C@@H]1O[C@H](n2cnc3c(=O)[nH]cnc32)[C@@H](O)[C@H]1O,success,1110,1092,1116.59,
7584,CC(C)(C)C(=O)OC[C@@H]1O[C@H](n2cnc3c(=O)[nH]cnc32)[C@H](O)[C@@H]1O,success,1110,1092,1193.48,
7585,CC(C)CNc1nc2c(ncn2[C@@H]2C[C@@H](O)[C@H](CO)O2)c(=O)[nH]1,success,1374,1354,1302.02,
7586,O=c1c2ncn([C@@H]3O[C@H](CO)[C@@H](O)[C@H]3O)c2nc2n1C(O)CCN2,success,344,325,239.86,
7587,CC1(C)O[C@@H]2[C@H](O1)[C@H](n1cnc3c(=O)[nH]cnc31)O[C@@H]2CO,success,154,135,170.95,
7588,Cc1nc2c(ncn2[C@H]2O[C@@H](CO)[C@@H](O)[C@H]2O)c(=O)[nH]1,success,300,281,293.66,
7589,Cc1nc2c(ncn2[C@@H]2O[C@@H](CO)[C@@H](O)[C@H]2O)c(=O)[nH]1,success,300,281,294.69,
7590,CC(=O)O[C@H]1[C@@H](O)[C@H](n2cnc3c(=O)[nH]cnc32)O[C@@H]1CO,success,1542,1519,1407.36,
7591,CC(=O)OC[C@H]1O[C@@H](n2cnc3c(=O)[nH]cnc32)C[C@@H]1O,success,1256,1233,1152.98,
7592,C=C[C@@H](CO)Nc1nc2c(ncn2[C@H]2C[C@H](O)[C@@H](CO)O2)c(=O)[nH]1,success,2171,2150,2258.65,
7593,C=C[C@H](CO)Nc1nc2c(ncn2[C@H]2C[C@H](O)[C@@H](CO)O2)c(=O)[nH]1,success,2171,2150,2494.84,
7594,O=c1[nH]c(NC[C@H](O)[C@@H](O)CO)nc2c1ncn2[C@H]1C[C@H](O)[C@@H](CO)O1,success,2887,2867,3003.75,
7595,O=c1[nH]c(NC[C@@H](O)[C@H](O)CO)nc2c1ncn2[C@H]1C[C@H](O)[C@@H](CO)O1,success,2887,2867,2991.2,
7596,Nc1nc2c(nc([O])n2[C@@H]2O[C@H](COP(=O)(O)O)[C@@H](O)[C@H]2O)c(=O)[nH]1,success,42,26,33.01,
7597,CCOP(=O)(O)O[C@H]1[C@@H](O)[C@H](n2cnc3c(=O)[nH]c(N)nc32)O[C@@H]1CO,success,578,556,752.16,
7598,O=C(O)C(CCO)Nc1nc2c(ncn2[C@@H]2O[C@H](CO)[C@@H](O)[C@H]2O)c(=O)[nH]1,success,4184,4164,7229.73,
7599,[2H]C([2H])(O)[C@@]1([2H])O[C@@H](n2cnc3c(=O)[nH]c(N)nc32)[C@H](O)[C@]1([2H])O,success,268,249,270.27,
7600,C=CCNc1nc2c(=O)[nH]c(N)nc2n1[C@H]1C[C@H](O)[C@@H](CO)O1,success,1274,1254,1261.55,
7601,Nc1nc2c(ncn2[C]2O[C@H](CO)[C@@H](O)[C@H]2O)c(=O)[nH]1,success,42,26,40.07,
7602,CC(=O)O[C@H]1[C@@H](O)[C@H](n2cnc3c(=O)[nH]c(N)nc32)O[C@@H]1CO,success,1514,1491,1506.35,
7603,CO[C@@H]1[C@H](O)[C@@H](CO)O[C@H]1n1cnc2nc[nH]c(=O)c21,success,235,216,221.49,
7604,Nc1nc2c(ncn2[C@@H]2O[C@H](CO)[C@@H](O)[C@H]2O[P+]([O-])([O-])N[P+]([O-])([O-])OP(=O)(O)O)c(=O)[nH]1,success,42,26,42.68,
7605,Nc1nc2c(ncn2[C@@H]2O[C@H](CO)[C@@H](O[P+]([O-])([O-])N[P+]([O-])([O-])OP(=O)(O)O)[C@H]2O)c(=O)[nH]1,success,42,26,34.24,
7606,CCCNC(=O)C(C)Nc1nc2c(ncn2[C@@H]2O[C@H](COP(=O)(O)O)[C@@H](O)[C@H]2O)c(=O)[nH]1,success,233,214,154.24,
7607,O=c1[nH]cnc2c1ncn2[C@@H]1CCO[C@@H]1CCO,success,819,798,600.25,
7608,O=c1[nH]cnc2c1ncn2[C@H]1CCO[C@@H]1CCO,success,819,798,518.43,
7609,O=c1[nH]cnc2c1ncn2[C@@H]1O[C@@H](CO)[C@H](O)[C@@H]1O,failed,300,281,299.41,min() arg is an empty sequence
7610,Nc1nc2c(ncn2[C@@H]2O[C@H](COP(=O)(O)OP(=O)(O)O[P+]([O-])(O)[S-])[C@@H](O)[C@H]2O)c(=O)[nH]1,success,85,69,125.02,
7611,O=c1[nH]cnc2c1ncn2[C@@H]1O[C@H](CO)[C@@H](OP(=O)([O-])O)[C@H]1O.[Na+],success,42,26,32.11,
7612,O=c1[nH]cnc2c1ncn2[C@H]1O[C@@H](COP(=O)(O)OP(=O)(O)O)[C@@H](O)[C@H]1O,success,71,55,62.29,
7613,O=c1[nH]cnc2c1ncn2[C@H]1O[C@@H](COP(=O)(O)OP(=O)(O)O)[C@@H](O)[C@@H]1O,success,71,55,101.69,
7614,O=c1[nH]cnc2c1ncn2[C@@H]1O[C@@H](COP(=O)(O)OP(=O)(O)O)[C@@H](O)[C@@H]1O,success,71,55,92.95,
7615,O=c1[nH]cnc2c1nc(Br)n2[C@H]1O[C@@H](COP(=O)(O)OP(=O)(O)O)[C@@H](O)[C@H]1O,success,70,54,62.71,
7616,O=c1[nH]cnc2c1nc(Br)n2[C@H]1O[C@@H](COP(=O)(O)OP(=O)(O)O)[C@@H](O)[C@@H]1O,success,70,54,75.39,
7617,O=c1[nH]c(Nc2nc3c(ncn3[C@@H]3O[C@H](CO)[C@@H](O)[C@H]3O)c(=O)[nH]2)nc2c1ncn2COCCO,success,42,26,46.96,
7618,CN(C)/C=N/c1nc2c(ncn2[C@H]2C[C@@H](O)[C@@H](CO)O2)c(=O)[nH]1,success,324,305,290.24,
7619,O=c1[nH]cnc2c1ncn2[C@@H]1C[C@H](O)[C@H](COP(=O)(O)OP(=O)(O)OP(=O)(O)O)O1,success,54,38,52.58,
7620,O=c1[nH]cnc2c1ncn2[C@H]1C[C@H](O)[C@H](COP(=O)(O)OP(=O)(O)OP(=O)(O)O)O1,success,54,38,82.17,
7621,O=c1[nH]cnc2c1ncn2[C@H]1C[C@@H](O)[C@H](COP(=O)(O)OP(=O)(O)OP(=O)(O)O)O1,success,54,38,55.71,
7622,CSc1nc2c(ncn2[C@@H]2OC[C@@H](O)[C@H](O)[C@H]2O)c(=O)[nH]1,success,223,204,305.45,
7623,COc1nc2c(ncn2[C@@H]2O[C@H](CO)[C@@H](O)[C@H](O)[C@H]2O)c(=O)[nH]1,success,572,553,370.36,
7624,O=c1[nH]cnc2ncn([C@H]3CC[C@@H](CO)O3)c12,success,134,115,132.01,
7625,O=c1c2ncn([C@H]3C[C@H](O)[C@@H](CO)O3)c2nc2n1C=CCN2,success,247,228,267.73,
7626,O=c1[nH]cnc2c1ncn2[C@@H]1O[C@H](COP(=O)(Cl)Cl)[C@@H](O)[C@H]1O,success,190,171,177.88,
7627,COC1C(COC(C)=O)OC(n2cnc3c(=O)[nH]cnc32)C1OC,success,822,799,1079.38,
7628,O=c1[nH]cnc2nc(N3CCCCC3)n([C@H]3O[C@@H](CO)[C@@H](O)[C@H]3O)c12,success,116,100,216.36,
7629,O=c1[nH]cnc2nc(N3CCCCC3)n([C@H]3O[C@@H](CO)[C@@H](O)[C@@H]3O)c12,success,116,100,138.9,
7630,C[C@@H]1O[C@@H](n2cnc3c(=O)[nH]cnc32)[C@@H](O)[C@@H](O)[C@@H]1O,success,213,194,178.22,
7631,C[C@H]1O[C@@H](n2cnc3c(=O)[nH]cnc32)[C@@H](O)[C@@H](O)[C@@H]1O,success,213,194,221.35,
7632,O=c1[nH]cnc2c1ncn2[C@H]1O[C@@H](COP(=O)(O)O)[C@H](O)[C@H]1O,success,119,101,242.27,
7633,Cc1nc2c(ncn2[C@@H]2O[C@@H](CO)[C@@H](O)[C@@H]2O)c(=O)[nH]1,success,300,281,351.67,
7634,Cc1nc2c(ncn2[C@H]2O[C@@H](CO)[C@@H](O)[C@@H]2O)c(=O)[nH]1,success,300,281,248.38,
7635,O=c1[nH]nnc2c1ncn2[C@@H]1O[C@@H](CO)[C@@H](O)[C@@H]1O,failed,261,242,235.61,min() arg is an empty sequence
7636,O=c1[nH]nnc2c1ncn2[C@H]1O[C@@H](CO)[C@@H](O)[C@@H]1O,success,261,242,226.04,
7637,CO[C@H]1[C@H](O)[C@H](CO)O[C@@H]1n1cnc2c(=O)[nH]cnc21,success,253,234,256.7,
7638,CO[C@@H]1[C@H](O)[C@H](CO)O[C@@H]1n1cnc2c(=O)[nH]cnc21,success,253,234,262.12,
7639,CO[C@H]1[C@@H](O)[C@@H](n2cnc3c(=O)[nH]cnc32)O[C@H]1CO,success,253,234,233.8,
7640,CO[C@H]1[C@H](O)[C@@H](n2cnc3c(=O)[nH]cnc32)O[C@H]1CO,success,253,234,341.73,
7641,CCCCN1CNc2nc3c(ncn3[C@H]3C[C@H](O)[C@@H](CO)O3)c(=O)n2C1,success,42,26,41.95,
7642,CC1CC(Nc2nc3c(ncn3[C@H]3C[C@H](O)[C@@H](CO)O3)c(=O)[nH]2)O1,success,203,185,219.81,
7643,CC(=O)Nc1nc2ncn([C@@H]3C[C@H](O)[C@@H](CO)O3)c2c(=O)[nH]1,success,1685,1662,2006.75,
7644,CC(=O)Nc1nc2c(ncn2[C@@H]2C[C@H](O)[C@@H](CO)O2)c(=O)[nH]1,success,1685,1662,1964.05,
7645,CN1CCN(c2nc3c(=O)[nH]c(N)nc3n2[C@@H]2O[C@H](CO)[C@H](O)[C@@H]2O)CC1,success,42,26,41.79,
7646,CO[C@@H]1[C@H](O)[C@@H](COP(C)(=O)O)O[C@H]1n1cnc2c(=O)[nH]c(N)nc21,success,244,225,294.21,
7647,CC(=O)OC[C@H]1O[C@@H](n2cnc3c(=O)[nH]c(NC(=O)C(C)C)nc32)[C@H](O)[C@@H]1O,success,391,369,309.18,
7648,CC(C)C(=O)Nc1nc2c(ncn2[C@@H]2O[C@H](CO)[C@H](O)[C@H]2O)c(=O)[nH]1,success,2338,2316,3235.63,
7649,NNc1nc2c(=O)[nH]c(N)nc2n1[C@@H]1O[C@H](CO)[C@@H](O)[C@H]1O,success,42,26,34.4,
7650,CCNc1nc2c(nc(Br)n2[C@@H]2O[C@H](CO)[C@@H](O)[C@H]2O)c(=O)[nH]1,success,999,978,999.43,
7651,CCN(CC)c1nc2c(nc(Br)n2[C@@H]2O[C@H](CO)[C@@H](O)[C@H]2O)c(=O)[nH]1,success,708,687,832.17,
7652,O=c1[nH]cnc2c1ncn2[C@H]1C[C@H](O)[C@@H](C(O)O)O1,success,232,213,194.16,
7653,NNc1nc2c(ncn2[C@H]2C[C@H](O)[C@@H](CO)O2)c(=O)[nH]1,failed,279,260,256.82,min() arg is an empty sequence
7654,CC(=O)[C@@H](O)n1c[n+]([C@H]2C[C@H](O)[C@@H](CO)O2)c2nc(N[C@H](O)C(C)=O)[nH]c(=O)c21,success,512,492,259.88,
7655,CC(=O)[C@H](O)Nc1nc2c(c(=O)[nH]1)n([C@@H](O)C(C)=O)c[n+]2[C@H]1C[C@H](O)[C@@H](CO)O1,success,512,492,234.96,
7656,CC(=O)[C@H](O)Nc1nc2c(c(=O)[nH]1)n([C@H](O)C(C)=O)c[n+]2[C@H]1C[C@H](O)[C@@H](CO)O1,success,512,492,217.84,
7657,CC(=O)[C@@H](O)Nc1nc2c(c(=O)[nH]1)n([C@@H](O)C(C)=O)c[n+]2[C@H]1C[C@H](O)[C@@H](CO)O1,success,512,492,271.21,
7658,Nc1nc2c(ncn2[C@@H]2OC[C@H](O)[C@H](O)[C@H]2O)c(=O)[nH]1,success,255,236,233.79,
7659,[N-]=[N+]=NC[C@@H]1O[C@H](n2cnc3c(=O)[nH]c(N)nc32)[C@H](O)[C@@H]1O,success,65,49,60.86,
7660,[N-]=[N+]=NC[C@@H]1O[C@@H](n2cnc3c(=O)[nH]c(N)nc32)[C@H](O)[C@@H]1O,success,65,49,60.85,
7661,[N-]=[N+]=NC[C@@H]1O[C@H](n2cnc3c(=O)[nH]c(N)nc32)[C@@H](O)[C@@H]1O,success,65,49,39.37,
7662,[N-]=[N+]=NC[C@@H]1O[C@@H](n2cnc3c(=O)[nH]c(N)nc32)[C@@H](O)[C@@H]1O,failed,65,49,57.92,min() arg is an empty sequence
7663,COCCO[C@@H]1[C@@H](O)[C@@H](CO)O[C@@H]1n1cnc2c(=O)[nH]c(N)nc21,success,1035,1016,950.15,
7664,COCCO[C@H]1[C@H](O)[C@@H](CO)O[C@@H]1n1cnc2c(=O)[nH]c(N)nc21,success,1035,1016,829.61,
7665,O=c1[nH]cnc2c1nc(Br)n2[C@H]1O[C@@H](CO)[C@H](O)[C@H]1O,success,282,263,257.52,
7666,Nc1nc2c(ncn2[C@@H]2O[C@H](CP(=O)(O)O)[C@@H](O)[C@H]2O)c(=O)[nH]1,success,164,145,192.5,
7667,CCCCCC(=O)O[C@@H]1[C@H](OC(=O)CCCCC)[C@@H](CO)O[C@H]1n1cnc2c(=O)[nH]cnc21,success,42,26,54.09,
7668,CCCCNC(=O)Nc1nc2c(ncn2[C@@H]2O[C@H](CO)[C@@H](OC(C)C)[C@H]2OC(C)C)c(=O)[nH]1,success,42,26,34.26,
7669,CCCC/N=C(\NCCCC)Nc1nc2c(ncn2[C@H]2C[C@H](O)[C@@H](CO)O2)c(=O)[nH]1,success,155,137,88.76,
7670,Nc1nc2c(ncn2[C@@H]2O[C@H](COP(=O)(O)O[P+]([O-])(O)[S-])[C@@H](O)[C@H]2O)c(=O)[nH]1,success,105,89,173.12,
7671,N[C@@H]1[C@@H](N)[C@H](n2cnc3c(=O)[nH]cnc32)O[C@H](CO)[C@H]1O,success,419,400,392.89,
7672,Nc1nc2c(nc(Br)n2[C@@H]2C[C@H](O)[C@H](CO)O2)c(=O)[nH]1,success,260,241,258.66,
7673,Nc1nc2c(nc(Br)n2[C@@H]2C[C@H](O)[C@@H](CO)O2)c(=O)[nH]1,success,260,241,250.2,
7674,Nc1nc2c(nc(Br)n2[C@@H]2C[C@@H](O)[C@@H](CO)O2)c(=O)[nH]1,success,260,241,225.06,
7675,CO[C@H]1[C@@H](O)[C@@H](n2cnc3c(=O)[nH]c(N)nc32)O[C@H]1CO,success,316,297,320.09,
7676,CO[C@@H]1[C@@H](O)[C@@H](n2cnc3c(=O)[nH]c(N)nc32)O[C@H]1CO,failed,316,297,337.38,min() arg is an empty sequence
7677,CO[C@H]1[C@@H](O)[C@@H](n2cnc3c(=O)[nH]c(N)nc32)O[C@@H]1CO,failed,316,297,330.1,min() arg is an empty sequence
7678,CO[C@@H]1[C@@H](O)[C@@H](n2cnc3c(=O)[nH]c(N)nc32)O[C@@H]1CO,success,316,297,359.48,
7679,O=c1[nH]c(NO)nc2c1ncn2[C@H]1O[C@@H](CO)[C@@H](O)[C@H]1O,success,333,314,211.86,
7680,O=c1[nH]c(NO)nc2c1ncn2[C@@H]1O[C@@H](CO)[C@@H](O)[C@H]1O,success,333,314,220.79,
7681,O=c1[nH]c(NO)nc2c1ncn2[C@H]1O[C@@H](CO)[C@@H](O)[C@@H]1O,success,333,314,212.25,
7682,CN[C@H]1[C@@H](O)[C@@H](n2cnc3c(=O)[nH]cnc32)O[C@H]1CO,success,373,354,343.0,
7683,CN[C@@H]1[C@@H](O)[C@@H](n2cnc3c(=O)[nH]cnc32)O[C@H]1CO,success,373,354,315.49,
7684,CN[C@H]1[C@@H](O)[C@@H](n2cnc3c(=O)[nH]cnc32)O[C@@H]1CO,success,373,354,353.31,
7685,CN[C@@H]1[C@@H](O)[C@@H](n2cnc3c(=O)[nH]cnc32)O[C@@H]1CO,success,373,354,297.81,
7686,Nc1nc2c(ncn2[C@H]2OC[C@@H](O)[C@@H](O)[C@H]2O)c(=O)[nH]1,success,255,236,255.37,
7687,Nc1nc2c(ncn2[C@H]2OC[C@@H](O)[C@@H](O)[C@@H]2O)c(=O)[nH]1,success,255,236,249.52,
7688,CCNc1nc2c(=O)[nH]c(N)nc2n1[C@H]1O[C@@H](CO)[C@@H](O)[C@H]1O,success,1074,1053,1088.21,
7689,CCNc1nc2c(=O)[nH]c(N)nc2n1[C@@H]1O[C@@H](CO)[C@@H](O)[C@H]1O,success,1074,1053,1072.37,
7690,CCNc1nc2c(=O)[nH]c(N)nc2n1[C@H]1O[C@@H](CO)[C@@H](O)[C@@H]1O,success,1074,1053,1084.95,
7691,CCNc1nc2c(=O)[nH]c(N)nc2n1[C@@H]1O[C@@H](CO)[C@@H](O)[C@@H]1O,success,1074,1053,1111.26,
7692,Nc1nc2c(nc(Br)n2[C@@H]2C[C@@H](O)[C@H](CO)O2)c(=O)[nH]1,failed,260,241,223.07,min() arg is an empty sequence
7693,CO[C@H]1[C@@H](O)[C@H](CO)O[C@@H]1n1cnc2c(=O)[nH]cnc21,success,253,234,256.64,
7694,C[C@H]1C[C@H](O)n2c(nc3c(ncn3C3C[C@H](O)[C@@H](CO)O3)c2=O)N1,success,263,245,255.64,
7695,C[C@@H]1C[C@@H](O)n2c(nc3c(ncn3C3C[C@H](O)[C@@H](CO)O3)c2=O)N1,success,263,245,264.83,
7696,O=c1c2ncn(C3C[C@H](O)[C@@H](CO)O3)c2nc2n1C(O)CCN2,success,361,342,473.65,
7697,O=c1[nH]cnc2c1ncn2[C@H]1C[C@@H](O)[C@H](O)[C@@H]1O,success,248,229,198.58,
7698,O=c1[15nH][13cH]nc2c1ncn2[C@@H]1O[C@H](CO)[C@@H](O)[C@H]1O,success,300,281,260.25,
7699,COCCO[C@H]1[C@@H](O)[C@@H](CO)O[C@@H]1n1cnc2c(=O)[nH]c(N)nc21,success,1035,1016,851.71,
7700,Nc1nc2c(ncn2[C@@H]2O[C@@H]3COP(N)(=O)O[C@H]3[C@H]2O)c(=O)[nH]1,success,113,94,114.5,
7701,CC(C)C(=O)Nc1nc2c(ncn2[C@@H]2O[C@@H](CO)[C@@H](O)[C@H]2O)c(=O)[nH]1,success,2338,2316,3184.83,
7702,CC(C)C(=O)Nc1nc2c(ncn2[C@H]2O[C@@H](CO)[C@@H](O)[C@@H]2O)c(=O)[nH]1,success,2338,2316,3172.08,
7703,CC(C)C(=O)Nc1nc2c(ncn2[C@@H]2O[C@@H](CO)[C@@H](O)[C@@H]2O)c(=O)[nH]1,success,2338,2316,3110.63,
7704,CS(=O)(=O)OC[C@H]1O[C@@H](n2cnc3c(=O)[nH]c(N)nc32)[C@@H](O)[C@H]1O,success,246,227,239.5,
7705,CS(=O)(=O)OC[C@@H]1O[C@@H](n2cnc3c(=O)[nH]c(N)nc32)[C@@H](O)[C@H]1O,success,246,227,240.68,
7706,CS(=O)(=O)OC[C@H]1O[C@@H](n2cnc3c(=O)[nH]c(N)nc32)[C@@H](O)[C@@H]1O,success,246,227,279.82,
7707,CS(=O)(=O)OC[C@@H]1O[C@@H](n2cnc3c(=O)[nH]c(N)nc32)[C@@H](O)[C@@H]1O,success,246,227,268.45,
7708,CO[C@@H]1[C@H](O)[C@H](CO)O[C@@H]1n1cnc2c(=O)[nH]c(N)nc21,success,316,297,286.57,
7709,CO[C@H]1[C@H](O)[C@H](CO)O[C@@H]1n1cnc2c(=O)[nH]c(N)nc21,success,316,297,307.21,
7710,CO[C@@H]1[C@@H](O)[C@H](CO)O[C@@H]1n1cnc2c(=O)[nH]c(N)nc21,success,316,297,283.3,
7711,[N-]=[N+]=NCO[C@H]1[C@@H](O)[C@H](n2cnc3c(=O)[nH]c(N)nc32)O[C@@H]1CO,success,99,82,77.97,
7712,CCOP(=O)(OCC)OC[C@H]1O[C@@H](n2cnc3c(=O)[nH]c(N)nc32)[C@H](O)[C@@H]1O,success,548,526,842.41,
7713,NC(=O)Nc1nc2c(ncn2[C@@H]2O[C@H](COP(=O)(O)OP(=O)(O)OP(=O)(O)O)[C@@H](O)[C@H]2O)c(=O)[nH]1,success,42,26,53.2,
7714,O=c1[nH]c(NO)nc2c1ncn2[C@@H]1O[C@@H](CO)[C@@H](O)[C@@H]1O,success,333,314,221.39,
7715,CC(=O)OC[C@@H]1O[C@@H](n2cnc3c(=O)[nH]c(N)nc32)[C@@H](O)[C@@H]1O,success,1466,1443,1417.45,
7716,CC(=O)OC[C@H]1O[C@@H](n2cnc3c(=O)[nH]c(N)nc32)[C@@H](O)[C@@H]1O,success,1466,1443,1296.6,
7717,CC(=O)OC[C@@H]1O[C@H](n2cnc3c(=O)[nH]c(N)nc32)[C@@H](O)[C@@H]1O,success,1466,1443,1348.03,
7718,CNc1nc2c(ncn2[C@@H]2O[C@H](CO)[C@@H](O)[C@@H]2O)c(=O)[nH]1,success,395,376,402.2,
7719,O=c1c2ncn([C@@H]3O[C@H](CO)[C@@H](O)[C@H]3O)c2nc2n1CCC(O)N2,success,344,325,324.06,
7720,[3H]c1nc2c(=O)[nH]c(N)nc2n1[C@@H]1O[C@@H]2COP(=O)(O)O[C@H]2[C@H]1O,success,116,97,154.72,
7721,C[C@]1(O)[C@H](O)[C@@H](CO)O[C@H]1n1cnc2c(=O)[nH]cnc21,success,304,285,270.86,
7722,O=c1c2ncn([C@H]3C[C@H](O)[C@@H](CO)O3)c2nc2n1CC[C@@H](O)N2,success,360,341,365.6,
7723,O=c1c2ncn([C@H]3C[C@H](O)[C@@H](CO)O3)c2nc2n1CC[C@H](O)N2,failed,360,341,357.06,min() arg is an empty sequence
7724,CSC[C@@H]1O[C@H](n2cnc3c(=O)[nH]cnc32)[C@H](O)[C@@H]1O,success,157,138,138.11,
7725,Nc1nc2c(ncn2[C@@H]2C[C@H](O)[C@@H](COP(=O)(O)OP(=O)(O)O)O2)c(=O)[nH]1,success,70,54,60.74,
7726,Nc1nc2c(ncn2[C@@H]2O[C@@H](COP(=O)(O)OP(=O)(O)O)[C@@H](O)[C@@H]2O)c(=O)[nH]1,success,73,57,83.31,
7727,Nc1nc2c(ncn2[C@H]2O[C@@H](COP(=O)(O)OP(=O)(O)O)[C@@H](O)[C@@H]2O)c(=O)[nH]1,success,73,57,92.39,
7728,Nc1nc2c(ncn2[C@@H]2O[C@H](COP(=O)(O)OP(=O)(O)O)[C@@H](O)[C@@H]2O)c(=O)[nH]1,success,73,57,82.96,
7729,O=c1[nH]c(CO)nc2c1ncn2[C@@H]1O[C@H](COP(=O)(O)O)[C@@H](O)[C@H]1O,success,110,94,100.48,
7730,COc1nc2c(=O)[nH]c(N)nc2n1[C@@H]1O[C@H](CO)[C@@H](O)[C@@H]1O,success,368,349,283.13,
7731,CN(C)c1nc2c(=O)[nH]cnc2n1[C@@H]1O[C@@H](CO)[C@@H](O)[C@@H]1O,success,314,295,315.37,
7732,CN(C)c1nc2c(=O)[nH]cnc2n1[C@H]1O[C@@H](CO)[C@@H](O)[C@@H]1O,success,314,295,312.05,
7733,Nc1nc2c(nc(NO)n2[C@@H]2O[C@@H](CO)[C@@H](O)[C@@H]2O)c(=O)[nH]1,success,373,354,353.23,
7734,Nc1nc2c(nc(NO)n2[C@@H]2O[C@H](CO)[C@@H](O)[C@@H]2O)c(=O)[nH]1,success,373,354,278.76,
7735,O=c1[nH]cnc2c1nc(NO)n2[C@@H]1O[C@@H](CO)[C@@H](O)[C@@H]1O,success,333,314,262.21,
7736,O=c1[nH]cnc2c1nc(NO)n2[C@H]1O[C@@H](CO)[C@@H](O)[C@@H]1O,failed,333,314,214.49,min() arg is an empty sequence
7737,O=c1[nH]cnc2c1ncn2[C@@H]1OC[C@@H](O)[C@@H](O)[C@@H]1O,success,201,182,196.94,
7738,O=c1[nH]cnc2c1ncn2[C@H]1OC[C@@H](O)[C@@H](O)[C@@H]1O,success,201,182,181.85,
7739,CN(C)C=Nc1nc2c(ncn2[C@@H]2O[C@H](CO)C[C@H]2O)c(=O)[nH]1,failed,325,306,318.87,min() arg is an empty sequence
7740,O=c1[nH]cnc2c1ncn2[C@@H]1O[C@@H](COP(=O)(O)O)[C@@H](O)[C@@H]1O,success,119,101,206.35,
7741,CNc1nc2c(=O)[nH]c(N)nc2n1[C@H]1O[C@@H](CO)[C@@H](O)[C@H]1O,success,461,442,409.63,
7742,CNc1nc2c(=O)[nH]c(N)nc2n1[C@@H]1O[C@@H](CO)[C@@H](O)[C@H]1O,success,461,442,448.14,
7743,CNc1nc2c(=O)[nH]c(N)nc2n1[C@H]1O[C@@H](CO)[C@@H](O)[C@@H]1O,success,461,442,396.95,
7744,CNc1nc2c(=O)[nH]c(N)nc2n1[C@@H]1O[C@@H](CO)[C@@H](O)[C@@H]1O,success,461,442,433.16,
7745,Nc1nc2c(nc(N)n2[C@@H]2O[C@H](CO)[C@@H](O)[C@H]2OP(=O)(O)O)c(=O)[nH]1,success,154,136,197.22,
7746,CNc1nc2c(=O)[nH]c(N)nc2n1[C@@H]1O[C@H](CO)[C@@H](O)[C@H]1OP(=O)(O)O,success,177,159,287.08,
7747,CCn1c[n+]([C@H]2C[C@H](O)[C@@H](CO)O2)c2nc(N)[nH]c(=O)c21,success,1063,1042,782.01,
7748,CC(C)n1c[n+]([C@H]2C[C@H](O)[C@@H](CO)O2)c2nc(N)[nH]c(=O)c21,success,1095,1074,763.88,
7749,CCCCCn1c[n+]([C@H]2C[C@H](O)[C@@H](CO)O2)c2nc(N)[nH]c(=O)c21,success,1262,1242,977.33,
7750,CC(=O)OCCn1c[n+]([C@H]2C[C@H](O)[C@@H](CO)O2)c2nc(N)[nH]c(=O)c21,success,2902,2879,3094.64,
7751,N#CCn1c[n+]([C@H]2C[C@H](O)[C@@H](CO)O2)c2nc(N)[nH]c(=O)c21,success,773,753,715.14,
7752,Nc1nc2c(ncn2[C@@H]2O[C@H](CNCCCO)[C@@H](O)[C@H]2O)c(=O)[nH]1,success,2255,2234,2606.76,
7753,CO[C@@H](CO)[C@@H](O)CCn1cnc2c(=O)[nH]c(N)nc21,success,3954,3933,2450.57,
7754,CC(C)(Nc1nc2c(ncn2[C@@H]2O[C@@H](CO)[C@@H](O)[C@@H]2O)c(=O)[nH]1)P(=O)(O)O,success,420,400,771.04,
7755,CC(C)(Nc1nc2c(ncn2[C@H]2O[C@@H](CO)[C@@H](O)[C@@H]2O)c(=O)[nH]1)P(=O)(O)O,success,420,400,633.44,
7756,Nc1nc2c(ncn2[C@@H]2O[C@H](CO[32P](=O)(O)O[32P](=O)(O)O[32P](=O)(O)O)[C@@H](O)[C@H]2O)c(=O)[nH]1,success,69,53,89.7,
7757,Nc1nc2c(ncn2[C@@H]2O[C@@H](COP(=O)(O)OP(=O)(O)OP(=O)(O)O)[C@@H](O)[C@@H]2O)c(=O)[nH]1,success,57,41,82.66,
7758,Nc1nc2c(ncn2[C@H]2O[C@@H](COP(=O)(O)OP(=O)(O)OP(=O)(O)O)[C@@H](O)[C@@H]2O)c(=O)[nH]1,success,57,41,85.39,
7759,Nc1nc2c(ncn2[C@@H]2C[C@@H](OP(=O)(O)O)[C@@H](CO)O2)c(=O)[nH]1,success,202,183,241.25,
7760,Nc1nc2c(ncn2[C@@H]2C[C@H](OP(=O)(O)O)[C@@H](CO)O2)c(=O)[nH]1,success,202,183,248.81,
7761,C=CC(CO)Nc1nc2c(ncn2[C@@H]2O[C@H](CO)[C@@H](O)[C@H]2O)c(=O)[nH]1,success,1733,1712,1849.62,
7762,C=CC(O)Cn1c[n+]([C@@H]2O[C@H](CO)[C@@H](O)[C@H]2O)c2nc(N)[nH]c(=O)c21,success,1461,1440,1052.7,
7763,O=c1[nH]cnc2c1ncn2[C@@H]1O[C@H](COP(=O)(O)OP(O)(O)=S)[C@@H](O)[C@H]1O,success,96,80,163.87,
7764,O=c1[nH]cnc2c1ncn2[C@@H]1O[C@H](CCl)[C@H](O)[C@H]1O,success,131,112,174.24,
7765,C[n+]1c(N)[nH]c(=O)c2ncn([C@H]3C[C@H](O)[C@@H](CO)O3)c21,success,348,329,276.56,
7766,CC1CCn2c(nc3c(ncn3[C@H]3C[C@H](O)[C@@H](CO)O3)c2=O)N1,success,207,189,279.01,
7767,O=c1c2ncn([C@H]3C[C@H](O)[C@@H](CO)O3)c2nc2n1[C@H](O)CCN2,success,360,341,368.01,
7768,NC(=O)C(=O)O[C@H]1C[C@H](n2cnc3c(=O)[nH]c(N)nc32)O[C@@H]1CO,success,1238,1219,2578.95,
7769,Nc1nc2c(ncn2[C@@H]2OC[C@@H](O)[C@H]3OP(=O)(O)O[C@H]32)c(=O)[nH]1,success,111,92,103.37,
7770,CC(=O)OC[C@H]1O[C@H](n2cnc3c(=O)[nH]cnc32)[C@H](OC(C)=O)[C@@H]1OC(C)=O,success,322,301,256.09,
7771,[3H]c1nc2c(=O)[nH]c(N)nc2n1[C@@H]1O[C@H](COP(=O)(O)OP(=O)(O)NP(=O)(O)O)[C@@H](O)[C@H]1O,success,83,67,105.31,
7772,Nc1nc2c(ncn2[C@@H]2O[C@H](CO)[C@H]3OB(O)O[C@H]32)c(=O)[nH]1,success,192,173,204.84,
7773,CCS[C@@H]1[C@H](O)[C@H](CO)O[C@@H]1n1cnc2c(=O)[nH]cnc21,failed,1250,1229,930.8,min() arg is an empty sequence
7774,CCS[C@H]1[C@H](O)[C@H](CO)O[C@@H]1n1cnc2c(=O)[nH]cnc21,success,1250,1229,926.86,
7775,CCS[C@@H]1[C@@H](O)[C@H](CO)O[C@@H]1n1cnc2c(=O)[nH]cnc21,success,1250,1229,862.0,
7776,CCS[C@H]1[C@@H](O)[C@H](CO)O[C@@H]1n1cnc2c(=O)[nH]cnc21,success,1250,1229,863.11,
7778,C[C@H](O)[C@H]1O[C@@H](n2cnc3c(=O)[nH]cnc32)[C@@H]2OC(C)(C)O[C@@H]21,success,593,571,482.39,
7779,O=c1[nH]cnc2c1ncn2C[C@H](O)[C@H](O)[C@H](O)CO,success,4849,4828,3131.65,
7780,O=c1[nH]cnc2c1ncn2C[C@H](O)[C@H](O)[C@H]1CO1,success,2395,2374,1532.46,
7781,[B][P+]([O-])(OC[C@H]1O[C@@H](n2cnc3c(=O)[nH]c(N)nc32)[C@H](O)[C@@H]1O)OP(=O)(O)OP(=O)(O)O,success,42,26,34.9,
7782,Nc1nc2c(ncn2[C@@H]2O[C@H](COP(=O)(O)OP(=O)([O-])OP(=O)([O-])O)[C@@H](O)[C@H]2O)c(=O)[nH]1.[Na+].[Na+],success,42,26,57.09,
7783,O.[2H]C([2H])(O)[C@H]1O[C@@H](n2cnc3c(=O)[nH]c(N)nc32)C[C@@H]1O,success,42,26,25.97,
7784,[2H]C([2H])(O)[C@H]1O[C@@H](n2cnc3c(=O)[nH]c(N)nc32)C[C@@H]1O,success,233,214,224.15,
7785,CC(C)CNc1nc2c(ncn2[C@@H]2C[C@H](O)[C@H](CO)O2)c(=O)[nH]1,success,1374,1354,1296.25,
7786,CC(C)CNc1nc2c(ncn2[C@H]2C[C@H](O)[C@H](CO)O2)c(=O)[nH]1,success,1374,1354,1284.16,
7787,CSc1nc2c(=O)[nH]c(N)nc2n1[C@H]1O[C@@H](CO)[C@@H](O)[C@H]1O,success,397,378,387.59,
7788,CSc1nc2c(=O)[nH]c(N)nc2n1[C@@H]1O[C@@H](CO)[C@@H](O)[C@H]1O,success,397,378,490.47,
7789,CSc1nc2c(=O)[nH]c(N)nc2n1[C@H]1O[C@@H](CO)[C@@H](O)[C@@H]1O,success,397,378,341.78,
7790,CSc1nc2c(=O)[nH]c(N)nc2n1[C@@H]1O[C@@H](CO)[C@@H](O)[C@@H]1O,success,397,378,395.54,
7791,Nc1nc2c(ncn2[C@H]2O[C@@H](COP(=O)(O)OP(=O)(O)OP(=O)(O)O)[C@@H](O)[C@H]2O)c(=O)[nH]1,success,57,41,68.31,
7792,COP(=O)(O)OP(=O)(O)OC[C@H]1O[C@@H](n2cnc3c(=O)[nH]c(N)nc32)[C@H](O)[C@@H]1O,success,111,93,112.43,
7793,CC(C)C(=O)Nc1nc2c(ncn2[C@@H]2OC[C@H](O)[C@@H](O)[C@H]2O)c(=O)[nH]1,success,1887,1866,2616.11,
7794,Nc1nc2c([15n]cn2[C@@H]2O[C@H](CO)[C@@H](O)[C@H]2O)c(=O)[nH]1,success,361,342,294.39,
7795,Nc1nc2c(n[13cH]n2[C@@H]2O[C@H](CO)[C@@H](O)[C@H]2O)c(=O)[nH]1,success,361,342,346.25,
7796,Nc1nc2c(ncn2[13C@@H]2O[C@H](CO)[C@@H](O)[C@H]2O)c(=O)[nH]1,success,361,342,293.69,
7797,Nc1nc2c(nc[15n]2[C@@H]2O[C@H](CO)[C@@H](O)[C@H]2O)c(=O)[nH]1,success,361,342,385.62,
7798,CCNc1nc2c(ncn2[C@@H]2O[C@H](CO)[C@@H](O)[C@H]2OP(=O)(O)O)c(=O)[nH]1,success,450,429,638.54,
7799,CCNc1nc2c(ncn2[C@@H]2O[C@H](CO)[C@@H](OP(=O)(O)O)[C@H]2O)c(=O)[nH]1,success,450,429,660.8,
7800,CCNc1nc2c(ncn2[C@@H]2O[C@H](CO)[C@@H](OP(=O)(O)O)[C@H]2OP(=O)(O)O)c(=O)[nH]1,success,94,77,114.24,
7801,CCNc1nc2c(ncn2[C@@H]2O[C@H](COP(=O)(O)O)[C@@H](O)[C@H]2O)c(=O)[nH]1,success,519,498,856.64,
7802,CCCCNc1nc2c(ncn2[C@@H]2O[C@H](CO)[C@@H](O)[C@H]2O)c(=O)[nH]1,success,1568,1547,1525.7,
7803,CO[C@H]1[C@@H](O)[C@H](CO)O[C@@H]1n1cnc2c(=O)[nH]c(N)nc21,success,316,297,304.27,
7804,CO[C@@H]1[C@H](O)[C@@H](n2cnc3c(=O)[nH]c(N)nc32)O[C@H]1CO,success,316,297,295.92,
7805,Nc1nc2c(ncn2[C@@H]2C[C@@H](OP(=O)(O)O)[C@H](CO)O2)c(=O)[nH]1,success,202,183,286.67,
7806,CC1(C)OC[C@H]2O[C@@H](n3cnc4c(=O)[nH]c(N)nc43)[C@@H](O)[C@@H]2O1,success,91,72,93.3,
7807,CC1(C)OC[C@@H]2O[C@@H](n3cnc4c(=O)[nH]c(N)nc43)[C@@H](O)[C@@H]2O1,success,91,72,142.88,
7808,CC1(C)OC[C@H]2O[C@@H](n3cnc4c(=O)[nH]c(N)nc43)[C@@H](O)[C@H]2O1,success,91,72,94.13,
7809,CC1(C)OC[C@@H]2O[C@@H](n3cnc4c(=O)[nH]c(N)nc43)[C@@H](O)[C@H]2O1,success,91,72,121.78,
7810,CC(=O)OC[C@H]1O[C@@H](n2cnc3c(=O)[nH]cnc32)[C@H](O)[C@@H]1OC(C)=O,success,2411,2388,3190.38,
7811,NCCCCCCNc1nc2c(=O)[nH]cnc2n1[C@@H]1O[C@H](CO)[C@H](O)[C@@H]1O,success,192,174,86.55,
7812,CNc1nc2c(=O)[nH]cnc2n1[C@@H]1O[C@H](CO)[C@@H](O)[C@H]1O,success,395,376,326.84,
7813,O=c1[nH]cnc2c1nc(N1CCNCC1)n2[C@H]1O[C@@H](CO)[C@H](O)[C@H]1O,success,152,134,179.83,
7814,CC(=O)Nc1nc2c(ncn2[C@@H]2O[C@H](CO)[C@@H](OC(C)=O)[C@H]2OC(C)=O)c(=O)[nH]1,success,307,286,172.24,
7815,Nc1nc2c(ncn2[C@@H]2O[C@H](CO)[C@@H](O)[C@@H](O)[C@H]2O)c(=O)[nH]1,success,631,612,354.88,
7816,Nc1nc2c(ncn2[C@@H]2O[C@H](COP(=O)(O)OP(=O)(O)SP(=O)(O)O)[C@@H](O)[C@H]2O)c(=O)[nH]1,success,84,68,117.72,
7817,O=c1[nH]cnc2c1ncn2[C@@H]1O[C@H](CO)[C@H]2O[C@@H]21,success,158,139,195.16,
7818,Nc1nc2c(c(=O)[nH]1)n(CCO)c[n+]2[C@@H]1O[C@@H](CO)[C@@H](O)[C@H]1O,success,1455,1434,1014.5,
7819,CC1CC(O)Nc2nc3c(ncn3[C@H]3C[C@H](O)[C@@H](CO)O3)c(=O)n21,success,265,247,340.09,
7820,Cn1c[n+]([C@@H]2O[C@@H](CO)[C@@H](O)[C@H]2O)c2nc(N)[nH]c(=O)c21,success,418,399,412.05,
7821,[2H]c1nc2c(nc([2H])n2[C@@H]2O[C@H](CO)[C@@H](O)[C@H]2O)c(=O)[nH]1,success,264,245,299.52,
7822,[2H]c1nc2c(=O)[nH]c(N)nc2n1[C@@H]1O[C@H](CO)[C@@H](O)[C@H]1O,success,338,319,291.53,
7823,Nc1nc2c(ncn2[C@@H]2O[C@H](COP(=O)(O)OP(=O)(O)OP(N)(=O)O)[C@@H](O)[C@H]2O)c(=O)[nH]1,success,86,70,118.67,
7824,Nc1nc2c(nc(N)n2[C@@H]2O[C@@H](CO)[C@H](O)[C@@H]2O)c(=O)[nH]1,success,402,383,413.26,
7825,COc1nc2c(=O)[nH]c(N)nc2n1[C@H]1O[C@@H](CO)[C@@H](O)[C@H]1O,success,368,349,290.71,
7826,COc1nc2c(=O)[nH]c(N)nc2n1[C@@H]1O[C@@H](CO)[C@@H](O)[C@H]1O,success,368,349,323.37,
7827,COc1nc2c(=O)[nH]c(N)nc2n1[C@H]1O[C@@H](CO)[C@@H](O)[C@@H]1O,success,368,349,309.04,
7828,COc1nc2c(=O)[nH]c(N)nc2n1[C@@H]1O[C@@H](CO)[C@@H](O)[C@@H]1O,success,368,349,306.81,
7829,O=c1[nH]cnc2c1nc(N1CCN(CCO)CC1)n2[C@@H]1O[C@H](CO)[C@H](O)[C@@H]1O,success,54,37,45.45,
7830,CC(CC=O)Nc1nc2c(ncn2[C@H]2C[C@H](O)[C@@H](CO)O2)c(=O)[nH]1,success,4709,4688,7387.17,
7831,O=c1c2ncn([C@H]3C[C@H](O)[C@@H](CO)O3)c2nc2n1[C@@H](O)CCN2,success,360,341,371.71,
7832,CC1C[C@H](O)n2c(nc3c(ncn3[C@H]3C[C@H](O)[C@@H](CO)O3)c2=O)N1,success,263,245,272.26,
7833,CC(CCO)Nc1nc2c(ncn2[C@H]2C[C@H](O)[C@@H](CO)O2)c(=O)[nH]1,success,2801,2780,3371.69,
7834,O=c1[nH]c(NCCCO)nc2c1ncn2[C@H]1C[C@H](O)[C@@H](CO)O1,success,2843,2822,3068.3,
7835,Cn1c[n+]([C@@H]2O[C@H](CO[PH+]([O-])OP(=O)(O)O)[C@@H](O)[C@H]2O)c2nc(N)[nH]c(=O)c21,success,103,87,120.25,
7836,Cn1c[n+]([C@@H]2O[C@H](COP([O-])OP(=O)(O)O)[C@@H](O)[C@H]2O)c2nc(N)[nH]c(=O)c21,success,103,87,119.61,
7837,O=c1[nH]cnc2c1ncn2[C@@H]1O[C@H](COP(=O)(O)OP(=O)(O)OP(=O)(O)O)[C@H](O)[C@@H]1O,success,57,41,54.12,
7838,CC1(C)O[C@H]2[C@H](O1)[C@H](n1cnc3c(=O)[nH]cnc31)O[C@H]2CO,success,154,135,162.76,
7839,Nc1nc2c(nc(Br)n2[C@H]2O[C@@H](CO)[C@@H](O)[C@H]2O)c(=O)[nH]1,success,338,319,324.32,
7840,Nc1nc2c(nc(Br)n2[C@@H]2O[C@@H](CO)[C@@H](O)[C@H]2O)c(=O)[nH]1,success,338,319,334.66,
7841,Nc1nc2c(nc(Br)n2[C@H]2O[C@@H](CO)[C@@H](O)[C@@H]2O)c(=O)[nH]1,success,338,319,377.89,
7842,CC(=O)OC[C@@H]1O[C@H](n2cnc3c(=O)[nH]cnc32)[C@H](OC(C)=O)[C@@H]1OC(C)=O,success,322,301,186.33,
7843,CC(=O)N[C@@H]1[C@@H](NC(C)=O)[C@H](O)[C@@H](CO)O[C@H]1n1cnc2c(=O)[nH]cnc21,success,3023,3000,5836.11,
7844,CCCCC[C@H](O)[C@@H](CC(O)CO)Nc1nc2c(ncn2[C@H]2C[C@H](O)[C@@H](CO)O2)c(=O)[nH]1,success,224,203,116.24,
7845,CCCCC[C@@H](O)[C@H](CC(O)CO)Nc1nc2c(ncn2[C@H]2C[C@H](O)[C@@H](CO)O2)c(=O)[nH]1,success,224,203,86.98,
7846,CCCCC[C@@H](O)[C@@H](CC(O)CO)Nc1nc2c(ncn2[C@H]2C[C@H](O)[C@@H](CO)O2)c(=O)[nH]1,success,224,203,98.21,
7847,CCCCC[C@H](O)[C@H](CC(O)CO)Nc1nc2c(ncn2[C@H]2C[C@H](O)[C@@H](CO)O2)c(=O)[nH]1,success,224,203,87.36,
7848,COc1nc2c(=O)[nH]c(N)nc2n1[C@H]1O[C@H](CO)[C@@H](O)[C@@H]1O,success,368,349,303.45,
7849,CSc1nc2c(ncn2[C@@H]2OC[C@@H](O)[C@@H](O)[C@@H]2O)c(=O)[nH]1,success,223,204,220.42,
7850,CSc1nc2c(ncn2[C@H]2OC[C@@H](O)[C@@H](O)[C@@H]2O)c(=O)[nH]1,success,223,204,236.42,
7851,CC(C)C(=O)Nc1nc2c(ncn2[C@H]2O[C@H](CO)[C@@H](O)[C@@H]2O)c(=O)[nH]1,success,2338,2316,3193.27,
7852,Nc1nc2c(ncn2[C@@H]2C[C@H](O)[C@H](COP(=O)(O)OP(=O)(O)O)O2)c(=O)[nH]1,success,70,54,61.27,
7853,Nc1nc2c(ncn2[C@H]2C[C@H](O)[C@H](COP(=O)(O)OP(=O)(O)O)O2)c(=O)[nH]1,success,70,54,66.91,
7854,Nc1nc2c(ncn2[C@@H]2C[C@@H](O)[C@H](COP(=O)(O)OP(=O)(O)O)O2)c(=O)[nH]1,success,70,54,73.08,
7855,Nc1nc2c(ncn2[C@@H]2O[C@@H](COP(=O)(O)O)[C@@H](OP(=O)(O)O)[C@@H]2O)c(=O)[nH]1,success,64,48,67.8,
7856,Nc1nc2c(ncn2[C@H]2O[C@@H](COP(=O)(O)O)[C@@H](OP(=O)(O)O)[C@@H]2O)c(=O)[nH]1,success,64,48,65.07,
7857,Nc1nc2c(ncn2[C@@H]2O[C@H](COP(=O)(O)O)[C@@H](OP(=O)(O)O)[C@@H]2O)c(=O)[nH]1,success,64,48,80.9,
7858,Nc1nc2c(ncn2[C@@H]2O[C@H](CO)[C@@H]3OP(=O)(O)O[C@@H]32)c(=O)[nH]1,success,200,181,245.64,
7859,CC1CC(O)n2c(nc3c(ncn3[C@@H]3O[C@H](CO)[C@@H](O)[C@H]3O)c2=O)N1,success,148,130,152.86,
7860,O=c1[nH]cnc2c1ncn2[C@@H]1O[C@H](COP(=O)(O)OS(=O)(=O)O)[C@@H](O)[C@H]1O,success,91,75,89.67,
7861,O=c1[nH]cnc2c1ncn2[C@@H]1O[C@H]([C@H](O)C[P+]([O-])([O-])O)[C@@H](O)[C@H]1O,success,276,257,320.12,
7862,Nc1nc2c(ncn2[C@@H]2O[C@H](CO)[C@@H]([15NH2])[C@H]2O)c(=O)[nH]1,success,354,335,325.58,
7863,N#CCCOC(=O)Nc1nc2c(ncn2[C@H]2C[C@H](O)[C@@H](CO)O2)c(=O)[nH]1,success,1777,1758,2048.59,
7864,N#CCCOC(=O)Nc1nc2c(ncn2[C@@H]2O[C@H](CO)[C@@H](O)[C@H]2O)c(=O)[nH]1,success,1638,1619,2087.95,
7865,Nc1nc2c(nc(Br)n2[C@H]2OC(CO)C(O)C2O)c(=O)[nH]1.O,success,42,26,31.48,
7866,Nc1nc2c(nc(Br)n2[C@H]2OC(CO)C(O)C2O)c(=O)[nH]1,success,340,321,292.71,
7867,Nc1nc2c(ncn2[C@@H]2CC(O)C(CO)O2)c(=O)[nH]1.O,success,42,26,41.02,
7868,Nc1nc2c(ncn2[C@@H]2CC(O)C(CO)O2)c(=O)[nH]1,failed,288,269,262.69,min() arg is an empty sequence
7869,Nc1nc2c(ncn2[C@H]2O[C@@H](COP(=O)(O)OP(=O)(O)O)[C@@H](O)[C@H]2O)c(=O)[nH]1,success,73,57,65.61,
7870,Nc1nc2c(ncn2[C@@H]2O[C@H](COP(=O)(O)C[P+]([O-])([O-])[O-])[C@@H](O)[C@H]2O)c(=O)[nH]1,success,83,67,68.38,
7871,CO[C@H]1[C@@H](O)[C@H](n2cnc3c(=O)[nH]c(N)nc32)O[C@@H]1COP(=O)(O)C[P+]([O-])([O-])[O-],success,78,60,85.07,
7872,O=c1[nH]cnc2c1ncn2[C@@H]1O[C@H](COP(=O)(O)C[P+]([O-])([O-])[O-])[C@@H](O)[C@H]1O,success,80,64,61.54,
7873,C[C@H]1O[C@@H](n2cnc3c(=O)[nH]cnc32)[C@@H](O)[C@@H](O)[C@H]1O,success,213,194,195.78,
7874,C[C@@H]1O[C@@H](n2cnc3c(=O)[nH]cnc32)[C@@H](O)[C@@H](O)[C@H]1O,success,213,194,223.62,
7875,CN(C)c1nc2c(=O)[nH]cnc2n1[C@H]1O[C@@H](CO)[C@@H](O)[C@H]1O,success,314,295,316.81,
7876,CN(C)c1nc2c(=O)[nH]cnc2n1[C@@H]1O[C@@H](CO)[C@@H](O)[C@H]1O,success,314,295,282.14,
7877,Nc1nc2c(nc(NO)n2[C@@H]2O[C@H](CO)[C@H](O)[C@@H]2O)c(=O)[nH]1,success,373,354,252.95,
7878,Nc1nc2c(nc(NO)n2[C@@H]2O[C@@H](CO)[C@H](O)[C@@H]2O)c(=O)[nH]1,success,373,354,299.39,
7879,O=c1[nH]cnc2c1nc(NO)n2[C@H]1O[C@@H](CO)[C@@H](O)[C@H]1O,success,333,314,239.46,
7880,O=c1[nH]cnc2c1nc(NO)n2[C@@H]1O[C@@H](CO)[C@@H](O)[C@H]1O,success,333,314,220.53,
7881,O=c1[nH]cnc2c1ncn2[C@H]1OC[C@@H](O)[C@@H](O)[C@H]1O,success,201,182,213.77,
7882,Nc1nc2c(=O)[nH]cnc2n1[C@H]1O[C@@H](CO)[C@@H](O)[C@H]1O,success,361,342,294.67,
7883,Nc1nc2c(=O)[nH]cnc2n1[C@@H]1O[C@@H](CO)[C@@H](O)[C@H]1O,success,361,342,325.33,
7884,Nc1nc2ncn([C@H]3O[C@@H](CO)[C@@H](O)[C@H]3O)c2c(=O)[nH]1,success,337,318,293.9,
7885,Nc1nc2ncn([C@@H]3O[C@@H](CO)[C@@H](O)[C@H]3O)c2c(=O)[nH]1,success,337,318,310.01,
7886,CSc1nc2c(ncn2[C@H]2OC[C@@H](O)[C@@H](O)[C@H]2O)c(=O)[nH]1,success,223,204,228.4,
7887,CSc1nc2c(ncn2[C@@H]2OC[C@@H](O)[C@@H](O)[C@H]2O)c(=O)[nH]1,success,223,204,212.49,
7888,O=c1[nH]cnc2c1ncn2[C@@H]1C[C@H](O)[C@H](CO)O1,success,234,215,260.9,
7889,CC(=O)O[C@@H]1[C@H](OC(C)=O)[C@@H](CO)O[C@H]1n1cnc2c(=O)[nH]c(N=C(N)N)nc21,success,119,102,100.15,
7890,O=c1[nH]cnc2c1nc(N1CCCC1)n2[C@H]1O[C@@H](CO)[C@H](O)[C@H]1O,success,155,137,225.9,
7891,O=c1[nH]cnc2c1nc(N1CCCC1)n2[C@H]1O[C@@H](CO)[C@H](O)[C@@H]1O,success,155,137,210.24,
7892,O=c1[nH]cnc2c1nc(Cl)n2[C@H]1CC[C@@H](CO)O1,success,123,104,128.62,
7893,NCCCCNc1nc2c(ncn2[C@@H]2O[C@H](CO)[C@@H](O)[C@H]2O)c(=O)[nH]1,success,1893,1874,1828.05,
7894,NCCNc1nc2c(ncn2[C@@H]2O[C@H](CO)[C@@H](O)[C@H]2O)c(=O)[nH]1,success,1121,1102,983.64,
7895,Nc1nc2c(ncn2[C@@H]2O[C@@H]3COP(=O)(O)OP(=O)(O)OP(=O)(O)NCC(=O)N[C@H]3[C@H]2O)c(=O)[nH]1,success,42,26,49.4,
7896,O=c1[nH]cnc2c1nc(Br)n2[C@@H]1O[C@H](CO)[C@H](O)[C@@H]1O,success,282,263,260.16,
7897,O=c1[nH]cnc2c1nc(Br)n2[C@@H]1O[C@H](CO)[C@H](O)[C@H]1O,success,282,263,274.38,
7898,Nc1nc2c(ncn2[C@@H]2O[C@@H](COP(=O)(O)OP(=O)(O)O)[C@@H](O)[C@H]2O)c(=O)[nH]1,success,73,57,99.53,
7899,Nc1nc2c(ncn2[C@@H]2C[C@H](O)[C@H](COP(=O)(O)O)O2)c(=O)[nH]1,success,182,163,231.44,
7900,Nc1nc2c(ncn2[C@H]2O[C@@H](COP(=O)(O)O)[C@@H](O)[C@H]2O)c(=O)[nH]1,success,134,116,221.5,
7901,Nc1nc2c(ncn2[C@@H]2O[C@@H](COP(=O)(O)O)[C@@H](O)[C@@H]2O)c(=O)[nH]1,success,134,116,240.84,
7902,Nc1nc2c(ncn2[C@H]2O[C@@H](CO)[C@@H](OP(=O)(O)O)[C@H]2O)c(=O)[nH]1,success,138,120,174.45,
7903,Nc1nc2c(ncn2[C@@H]2O[C@@H](CO)[C@@H](OP(=O)(O)O)[C@H]2O)c(=O)[nH]1,success,138,120,187.05,
7904,Nc1nc2c(ncn2[C@H]2O[C@@H](CO)[C@@H](OP(=O)(O)O)[C@@H]2O)c(=O)[nH]1,success,138,120,195.09,
7905,Nc1nc2c(ncn2[C@@H]2O[C@@H](CO)[C@@H](OP(=O)(O)O)[C@@H]2O)c(=O)[nH]1,success,138,120,168.45,
7906,Nc1nc2c(ncn2[C@H]2O[C@@H](COP(=O)(O)O)[C@@H](OP(=O)(O)O)[C@H]2O)c(=O)[nH]1,success,64,48,73.74,
7907,Nc1nc2c(ncn2[C@@H]2O[C@@H](COP(=O)(O)O)[C@@H](OP(=O)(O)O)[C@H]2O)c(=O)[nH]1,success,64,48,67.46,
7908,Nc1nc2c(ncn2[C@@H]2O[C@H](COP(=O)(Cl)Cl)[C@@H](O)[C@H]2O)c(=O)[nH]1,success,245,226,253.24,
7909,Nc1nc2c(c(=O)[nH]1)[N+]=CN2[C@@H]1O[C@@H]2CO[P+]([O-])(O[NH3+])O[C@H]2[C@H]1O,success,42,26,35.76,
7910,NO[P+]1([O-])OC[C@H]2O[C@@H](N3C=[N+]c4c3nc(N)[nH]c4=O)[C@H](O)[C@@H]2O1,success,42,26,32.42,
7911,O=c1[nH]c([N+](=O)[O-])nc2c1ncn2[C@H]1C[C@H](O)[C@@H](CO)O1,success,177,158,209.57,
7912,O=c1[nH]cnc2c1ncn2[C@@H]1O[C@@H]2COP(=O)(O)OP(=O)(O)O[C@@H]1[C@@H]2O,success,42,26,48.01,
7913,O=c1[nH]cnc2c1ncn2[C@@H]1O[C@@H]2COP(=O)(O)OP(=O)(O)O[C@H]2[C@H]1O,success,42,26,47.02,
7914,Nc1nc2c(ncn2[C@@H]2O[C@@H]3COP(=O)(O)OP(=O)(O)O[C@@H]2[C@@H]3O)c(=O)[nH]1,success,42,26,49.49,
7915,Nc1nc2c(ncn2[C@@H]2O[C@@H]3CO[P+]([O-])(OP(=O)(O)O)O[C@H]3[C@H]2O)c(=O)[nH]1,success,47,31,48.43,
7916,COP(=O)(O)O[C@H]1C[C@H](n2cnc3c(=O)[nH]c(N)nc32)O[C@@H]1CO,failed,296,277,372.96,min() arg is an empty sequence
7917,CC(C)(C)[Si](C)(C)C(O)[C@H]1O[C@@H](n2cnc3c(=O)[nH]c(N)nc32)[C@@](O)([Si](C)(C)C(C)(C)C)[C@@]1(O)[Si](C)(C)C(C)(C)C,success,42,26,29.84,
7918,O=c1[nH]c(NC2CCCO2)nc2c1ncn2[C@H]1C[C@H](O)[C@@H](CO)O1,success,181,163,203.39,
7919,O=c1[nH]cnc2c1ncn2[C@@H]1O[C@H](CO)[C@@H](O)[C@H]1O[P+](=O)O,success,220,201,237.97,
7920,O=c1[nH]cnc2c1ncn2[C@@H]1O[C@H](CO)[C@@H](O[P+](=O)O)[C@H]1O,success,220,201,214.93,
7921,O=c1ccn2c(=O)c3ncn([C@H]4C[C@H](O)[C@@H](CO)O4)c3nc2[nH]1,success,220,201,294.37,
7922,Nc1nc2c(ncn2[C@@H]2O[C@H](CN[P+]([O-])([O-])O)[C@@H](O)[C@H]2O)c(=O)[nH]1,success,196,177,196.24,
7923,Nc1nc2c(ncn2[C@H]2C[C@H](OP(=O)([O-])O)[C@@H](CO)O2)c(=O)[nH]1.[Na+],success,42,26,32.48,
7924,Nc1nc2c(nc(N3CCNCC3)n2[C@@H]2O[C@H](CO)[C@@H](O)[C@H]2O)c(=O)[nH]1,success,42,26,41.54,
7925,Nc1nc2c(ncn2[C@@H]2O[C@H](COP(=O)(O)OP(=O)(O)C[P+]([O-])([O-])[O-])[C@@H](O)[C@H]2O)c(=O)[nH]1,success,82,66,135.92,
7926,Nc1nc2c(ncn2[C@@H]2O[C@H](C(O)OP(=O)(O)Br)[C@@H](O)[C@H]2O)c(=O)[nH]1,success,165,147,266.24,
7927,CCCCCCC#Cc1nc2c(ncn2[C@@H]2O[C@H](CO)[C@@H](O)[C@H]2O)c(=O)[nH]1,success,42,26,40.47,
7928,CC(C)[Si](OC[C@H]1O[C@@H](n2cnc3c(=O)[nH]c(N)nc32)[C@H](O)[C@@H]1O[Si](C(C)C)(C(C)C)C(C)C)(C(C)C)C(C)C,success,42,26,46.44,
7929,O=c1[nH]cnc2c1ncn2[C@@H]1O[C@H](CO[C@H]2O[C@H](CO)[C@@H](O)[C@H](O)[C@@H]2O)[C@@H](O)[C@H]1O,success,290,272,121.68,
7930,CN(C(=O)Nc1nc2c(ncn2[C@H]2C[C@H](O)[C@@H](CO)O2)c(=O)[nH]1)C1CCCCC1,success,183,166,137.95,
7931,O=C(Nc1nc2c(ncn2[C@H]2C[C@H](O)[C@@H](CO)O2)c(=O)[nH]1)NC1CCCCC1,success,187,171,145.06,
7932,Cn1c[n+]([C@H]2O[C@@H](CO)[C@@H](O)[C@H]2O)c2nc(N)[nH]c(=O)c21,success,418,399,332.98,
7933,O=c1[nH]cnc2c1ncn2[C@H]1O[C@@H](CCl)[C@H](O)[C@H]1O,success,131,112,112.84,
7934,CC(C)(Nc1nc2c(ncn2[C@H]2O[C@@H](CO)[C@@H](O)[C@H]2O)c(=O)[nH]1)P(=O)(O)O,success,420,400,674.2,
7935,CC(C)(Nc1nc2c(ncn2[C@@H]2O[C@@H](CO)[C@@H](O)[C@H]2O)c(=O)[nH]1)P(=O)(O)O,success,420,400,663.64,
7936,C[C@H](O)[C@H]1O[C@@H](n2cnc3c(=O)[nH]cnc32)[C@@H](O)[C@H]1O,success,893,871,689.39,
7937,C[C@H](O)[C@@H]1O[C@@H](n2cnc3c(=O)[nH]cnc32)[C@@H](O)[C@H]1O,success,893,871,681.92,
7938,C[C@@H](O)[C@H]1O[C@@H](n2cnc3c(=O)[nH]cnc32)[C@@H](O)[C@H]1O,success,893,871,778.84,
7939,C[C@@H](O)[C@@H]1O[C@@H](n2cnc3c(=O)[nH]cnc32)[C@@H](O)[C@H]1O,success,893,871,745.28,
7940,COC[C@@H]1O[C@H](n2cnc3c(=O)[nH]cnc32)[C@H](O)[C@@H]1O,success,244,225,211.55,
7941,CC(C)(C)N(O)c1nc2c(ncn2[C@H]2C[C@H](O)[C@@H](CO)O2)c(=O)[nH]1,success,638,618,731.66,
7942,CC(C)(C)N([O])c1nc2c(ncn2[C@H]2C[C@H](O)[C@@H](CO)O2)c(=O)[nH]1,success,42,26,29.59,
7943,CC(=O)OC[C@H]1O[C@@H](n2cnc3c(=O)[nH]c(N)nc32)[C@@H](O)[C@H]1O,success,1466,1443,1490.94,
7944,CC(=O)OC[C@@H]1O[C@@H](n2cnc3c(=O)[nH]c(N)nc32)[C@@H](O)[C@H]1O,success,1466,1443,1322.29,
7945,O=c1c2ncn([C@H]3C[C@H](O)[C@@H](CO)O3)c2nc2n1C(O)CN2,success,370,351,402.28,
7946,O=c1[nH]cnc2c1ncn2[C@@H]1O[C@H](COP(=O)(O)CP(=O)(O)O)[C@@H](O)[C@H]1O,success,81,65,83.65,
7947,O=c1[nH]cnc2c1ncn2[C@@H]1O[C@H](CO)[C@H]2OC3(CCCC3)O[C@H]21,success,101,85,137.99,
7948,O=c1[nH]cnc2c1n1c[n+]2[C@@H]2O[C@H](CO[P+]([O-])([O-])O[P+]([O-])(O)OC[C@H]3O[C@@H]1[C@H](O)[C@@H]3O)[C@@H](O)[C@H]2O,success,42,26,34.87,
7949,COC[C@@H]1O[C@H](n2cnc3c(=O)[nH]cnc32)[C@@H](O)[C@@H]1O,success,244,225,243.34,
7950,Nc1nc2c(nc(Br)n2[C@H]2O[C@H](CO)[C@@H](O)[C@H]2O)c(=O)[nH]1,success,338,319,295.88,
7951,O=c1[nH]cnc2ncn([C@@H]3[Se][C@H](CO)[C@@H](O)[C@H]3O)c12,success,360,341,277.73,
7952,NCCC#Cc1nc2c(=O)[nH]c(N)nc2n1[C@H]1C[C@H](O)[C@@H](CO)O1,success,899,881,894.05,
7953,NCCCCc1nc2c(=O)[nH]c(N)nc2n1[C@H]1C[C@H](O)[C@@H](CO)O1,success,2092,2074,1813.99,
7954,COP(=O)(OC)S[C@H]1[C@@H](O)[C@H](n2cnc3c(=O)[nH]cnc32)O[C@@H]1CO,success,292,273,392.16,
7955,COP(=O)(OC)O[C@@H]1[C@H](S)[C@@H](CO)O[C@H]1n1cnc2c(=O)[nH]cnc21,success,237,218,354.27,
7956,COP(=O)(O)S[C@H]1[C@@H](O)[C@H](n2cnc3c(=O)[nH]cnc32)O[C@@H]1CO,success,331,312,405.23,
7957,COP(=O)(O)O[C@@H]1[C@H](S)[C@@H](CO)O[C@H]1n1cnc2c(=O)[nH]cnc21,success,255,236,361.39,
7958,Nc1nc2c(ncn2C2C[C@@H](O)[C@H](O)[C@@H]2O)c(=O)[nH]1,failed,304,285,333.31,min() arg is an empty sequence
7959,Nc1nc2c(ncn2C2C[C@H](O)[C@@H](O)[C@H]2O)c(=O)[nH]1,success,304,285,238.32,
7960,O=c1[nH]cnc2c1ncn2[C@H]1O[C@H]2COP(=O)(O)O[C@@H]2[C@H]1O,success,89,70,94.34,
7961,O=c1[nH]cnc2c1ncn2[C@@H]1O[C@H]2COP(=O)(O)O[C@@H]2[C@H]1O,success,89,70,95.26,
7962,O=c1[nH]cnc2c1ncn2[C@H]1O[C@H]2COP(=O)(O)O[C@@H]2[C@@H]1O,success,89,70,77.74,
7963,O=c1[nH]cnc2c1ncn2[C@H]1O[C@@H](CO)[C@@H](OP(=O)(O)O)[C@H]1O,success,123,105,231.19,
7964,O=c1[nH]cnc2c1ncn2[C@@H]1O[C@@H](CO)[C@@H](OP(=O)(O)O)[C@H]1O,success,123,105,239.62,
7965,O=c1[nH]cnc2c1ncn2[C@H]1O[C@@H](CO)[C@@H](OP(=O)(O)O)[C@@H]1O,success,123,105,157.97,
7966,O=c1[nH]cnc2c1ncn2[C@@H]1O[C@@H](CO)[C@@H](OP(=O)(O)O)[C@@H]1O,success,123,105,150.43,
7967,Nc1nc2c(ncn2[C@@H]2C[C@H](OP(=O)(O)O)[C@H](CO)O2)c(=O)[nH]1,success,202,183,270.93,
7968,Nc1nc2c(ncn2[C@H]2C[C@H](OP(=O)(O)O)[C@H](CO)O2)c(=O)[nH]1,success,202,183,274.17,
7969,Nc1nc2c(ncn2[C@H]2C[C@@H](OP(=O)(O)O)[C@H](CO)O2)c(=O)[nH]1,success,202,183,259.98,
7970,Nc1nc2c(ncn2[C@@H]2O[C@@H](CO)C[C@H]2O)c(=O)[nH]1,success,288,269,316.05,
7971,Nc1nc2c(ncn2[C@H]2O[C@@H](CO)[C@H]3OP(=O)(O)O[C@@H]32)c(=O)[nH]1,success,200,181,268.8,
7972,Nc1nc2c(ncn2[C@@H]2O[C@@H](CO)[C@H]3OP(=O)(O)O[C@@H]32)c(=O)[nH]1,success,200,181,236.03,
7973,Nc1nc2c(ncn2[C@@H]2O[C@@H](CO)[C@H]3OP(=O)(O)O[C@H]32)c(=O)[nH]1,success,200,181,269.45,
7974,CNc1nc2c(ncn2[C@@H]2O[C@H](COP(=O)(O)CP(=O)(O)O)[C@@H](O)[C@H]2OC)c(=O)[nH]1,success,81,63,69.36,
7975,Nc1nc2c(ncn2[C@@H]2O[C@H]([CH]O)[C@@H](O)[C@H]2O)c(=O)[nH]1,success,42,26,38.25,
7976,C[C@@]1(O)Nc2nc3c(ncn3[C@H]3O[C@@H](CO)[C@@H](O)[C@H]3O)c(=O)n2[C@H]1O,success,407,388,366.79,
7977,C[C@]1(O)Nc2nc3c(ncn3[C@H]3O[C@@H](CO)[C@@H](O)[C@H]3O)c(=O)n2[C@H]1O,failed,407,388,348.94,min() arg is an empty sequence
7978,C[C@@]1(O)Nc2nc3c(ncn3[C@H]3O[C@@H](CO)[C@@H](O)[C@H]3O)c(=O)n2[C@@H]1O,success,407,388,290.47,
7979,C[C@]1(O)Nc2nc3c(ncn3[C@H]3O[C@@H](CO)[C@@H](O)[C@H]3O)c(=O)n2[C@@H]1O,success,407,388,340.47,
7980,O=c1[nH]nnc2c1ncn2[C@H]1O[C@@H](CO)[C@@H](O)[C@H]1O,success,261,242,241.18,
7981,O=c1[nH]nnc2c1ncn2[C@@H]1O[C@@H](CO)[C@@H](O)[C@H]1O,success,261,242,295.73,
7982,CC(=O)Nc1nc2c(ncn2[C@H]2C[C@H](OC(C)=O)[C@@H](CO)O2)c(=O)[nH]1,success,2773,2750,4680.78,
7983,O=c1[nH]cnc2c1ncn2[C@@H]1O[C@H](CO[C@H]2O[C@H](CO)[C@@H](O)[C@H](O)[C@H]2O)[C@@H](O)[C@H]1O,success,289,271,113.2,
7984,O=c1[nH]c(NCCCCO)nc2c1ncn2[C@H]1C[C@H](O)[C@@H](CO)O1,success,2772,2751,2823.18,
7985,Nc1nc2c(ncn2[C@@H]2O[C@H](CO)[C@@H](O)[C@H]2O)c(=[17O])[nH]1,success,343,324,298.44,
7986,C/N=C(\NC)Nc1nc2c(ncn2[C@@H]2O[C@H](CO)[C@@H](O)[C@H]2O)c(=O)[nH]1,success,83,66,72.77,
7987,Nc1nc2c(ncn2[C@@H]2O[C@H](COP(=O)(O)N3CCCCC3)[C@@H](O)[C@H]2O)c(=O)[nH]1,success,125,109,196.65,
7988,Nc1nc2c(ncn2[C@@H]2O[C@H](CO)[C@@H](O)[C@H]2OP(=O)(O)OP(=O)(O)O)c(=O)[nH]1,success,71,55,63.03,
7989,Nc1nc2c(ncn2[C@H]2O[C@@H](CO)[C@H]3OP(=O)(O)O[C@H]32)c(=O)[nH]1,success,200,181,240.52,
7990,NC[C@@H]1O[C@H](n2cnc3c(=O)[nH]c(N)nc32)[C@H](O)[C@@H]1O,success,215,196,184.34,
7991,NC[C@@H]1O[C@@H](n2cnc3c(=O)[nH]c(N)nc32)[C@H](O)[C@@H]1O,success,215,196,185.89,
7992,NC[C@@H]1O[C@H](n2cnc3c(=O)[nH]c(N)nc32)[C@@H](O)[C@@H]1O,success,215,196,187.3,
7993,NC[C@@H]1O[C@@H](n2cnc3c(=O)[nH]c(N)nc32)[C@@H](O)[C@@H]1O,success,215,196,180.04,
7994,Nc1nc2c(ncn2[C@@H]2O[C@H](CO)[C@H]3O[P+]([S-])(S)O[C@H]32)c(=O)[nH]1,success,178,159,265.47,
7995,O=C(CCO)Nc1nc2c(ncn2[C@H]2C[C@H](O)[C@@H](CO)O2)c(=O)[nH]1,success,4474,4451,6172.84,
7996,CP(C)(=O)OC[C@H]1O[C@@H](n2cnc3c(=O)[nH]c(N)nc32)[C@@H](O)[C@H]1O,success,252,233,240.03,
7997,CP(C)(=O)OC[C@@H]1O[C@@H](n2cnc3c(=O)[nH]c(N)nc32)[C@@H](O)[C@H]1O,success,252,233,242.72,
7998,NC(=O)O[C@@H]1[C@H](O)[C@@H](CO)O[C@H]1n1cnc2c(=O)[nH]c(N)nc21,failed,558,539,547.24,min() arg is an empty sequence
7999,N#CCCCCNc1nc2c(ncn2[C@H]2C[C@H](O)[C@@H](CO)O2)c(=O)[nH]1,success,1517,1499,1847.63,
8000,[15NH2]c1[15n]c2c([15n]c[15n]2[C@H]2C[C@H](O)[C@@H](COP(=O)(O)O)O2)c(=O)[15nH]1,success,182,163,228.51,
8001,[N-]=[NH+]NCC(O)C1OC(n2cnc3c(=O)[nH]c(N)nc32)C(O)C1O,success,164,147,101.77,
8002,[N-]=NNCC(O)C1OC(n2cnc3c(=O)[nH]c(N)nc32)C(O)C1O,success,164,147,118.87,
8003,NCC(O)C1OC(n2cnc3c(=O)[nH]c(N)nc32)C(O)C1O,failed,1128,1108,1125.61,min() arg is an empty sequence
8004,COCC1C(CO)OC(n2cnc3c(=O)[nH]c(N)nc32)C1O,success,625,606,525.55,
8005,[N-]=NNCC1C(CO)OC(n2cnc3c(=O)[nH]c(N)nc32)C1O,failed,75,59,62.06,min() arg is an empty sequence
8006,CN(C)CC1C(CO)OC(n2cnc3c(=O)[nH]c(N)nc32)C1O,success,413,394,444.52,
8007,O=c1[nH]cnc2c1ncn2C1OC(CO)(CO)C(O)C1O,success,290,271,184.87,
8008,Nc1nc2c(ncn2[C@@H]2O[C@H](CO)[C@@H](O)C2OP(=O)(O)O)c(=O)[nH]1,success,138,120,172.14,
8009,[15NH2][13c]1[15n][13c]2[13c]([15n][13cH][15n]2[13C@@H]2O[13C@@H]3[13CH2]OP(=O)(O)O[13C@H]3[13C@H]2O)[13c](=O)[15nH]1,success,124,105,146.03,
8010,Nc1nc2c(ncn2[C@@H]2O[C@H](COP(=O)(O)OP(=O)([O-])OP(=O)([O-])O)[C@@H](O)[C@H]2O)c(=O)[nH]1.O.[Na+].[Na+],success,42,26,41.88,
8011,O=c1[nH]cnc2c1ncn2[C@@H]1O[C@H](COP(=O)(O)OP(=O)(O)OP(=O)(O)O)[C@@H]([O-])[C@H]1[O-].[Na+].[Na+],success,42,26,38.0,
8012,Nc1nc2c(ncn2[13C@@H]2O[C@H](CO)[C@@H](O)[C@H]2O)c(=O)[nH]1.O,success,42,26,26.75,
8013,CCn1c[n+]([C@@H]2O[C@H](COP(=O)(O)O)[C@@H](O)[C@H]2O)c2nc(N)[nH]c(=O)c21,success,506,488,639.09,
8014,[3H]c1nc2c(=O)[nH]c(N)nc2n1[C@@H]1O[C@H](COP(=O)([O-])[O-])[C@@H](O)[C@H]1O.[NH4+].[NH4+],success,42,26,54.72,
8015,[3H]c1nc2c(=O)[nH]c(N)nc2n1[C@@H]1O[C@H](COP(=O)(O)O)[C@@H](O)[C@H]1O,success,128,110,177.88,
8016,Nc1nc2c(ncn2[C@@H]2O[C@H](COP(=O)(O)OP(=O)(O)OP(=O)(O)O)[C@@H]([O-])[C@H]2O)c(=O)[nH]1.[Na+],success,42,26,37.53,
8017,O=c1[nH]cnc2c1nc(N1CCCCC1)n2[C@H]1O[C@@H](CO)[C@H](O)[C@H]1O,success,118,102,172.81,
8018,CC(C)CNc1nc2c(ncn2[C@@H]2C[C@@H](O)[C@@H](CO)O2)c(=O)[nH]1,success,1374,1354,1274.76,
8019,CC(C)CNc1nc2c(ncn2[C@@H]2C[C@H](O)[C@@H](CO)O2)c(=O)[nH]1,success,1374,1354,1276.03,
8020,Nc1nc2c(ncn2[C@H]2C[C@H](O)[C@@H](COP(=O)(O)O)O2)c(=O)[nH]1.[Na].[Na],success,42,26,51.21,
8021,O=c1[nH]cnc2c1ncn2[C@@H]1O[C@H](COP(=O)([O-])OP(=O)([O-])[O-])C(O)[C@@H]1O.[Na+].[Na+].[Na+],success,42,26,35.19,
8022,O=c1[nH]cnc2c1ncn2[C@@H]1O[C@H](COP(=O)(O)OP(=O)(O)O)C(O)[C@@H]1O,success,71,55,99.37,
8023,O=c1[nH]cnc2c1ncn2[C@H]1C[C@H](O)[C@@H](COP(=O)([O-])OP(=O)([O-])OP(=O)([O-])O)O1.[Na+].[Na+].[Na+],success,42,26,57.55,
8024,COC1[C@H](O)[C@H](CO)O[C@@H]1n1cnc2c(=O)[nH]cnc21,success,270,251,231.87,
8025,Nc1nc2c(ncn2C2OC(CO)C3OP(=O)([O-])OC32)c(=O)[nH]1.[Na+],success,42,26,44.95,
8026,Nc1nc2c(ncn2[C@@H]2O[C@H](COP(=O)([O-])OP(=O)([O-])OP(=O)([O-])O)[C@H](O)C2O)c(=O)[nH]1.[Na+].[Na+].[Na+],success,42,26,37.83,
8027,O=c1[nH]cnc2c1nc(Br)n2[C@H]1O[C@@H](COP(=O)(O)OP(=O)(O)O)[C@H](O)[C@H]1O,success,70,54,62.15,
8028,Nc1nc2c(ncn2[C@@H]2O[C@H](CO)[C@@H](O)[C@H]2P(=O)(O)O)c(=O)[nH]1,success,252,233,302.36,
8029,CC(=O)OC[C@@H]1O[C@H](n2cnc3c(=O)[nH]c(N)nc32)[C@H](O)[C@@H]1O,success,1466,1443,1465.17,
8030,CC(C)N1CCN(c2nc3c(=O)[nH]c(N)nc3n2[C@@H]2O[C@H](CO)[C@H](O)[C@@H]2O)CC1,success,42,26,27.98,
8031,CC(C)N1CCN(c2nc3c(=O)[nH]c(N)nc3n2[C@@H]2O[C@H](CO)[C@H](O)[C@H]2O)CC1,success,42,26,27.9,
8032,O=CN1CCN(c2nc3c(=O)[nH]cnc3n2[C@@H]2O[C@H](CO)[C@@H](O)[C@H]2O)CC1,success,320,302,424.64,
8033,O=CN1CCN(c2nc3c(=O)[nH]cnc3n2[C@@H]2O[C@H](CO)[C@H](O)[C@H]2O)CC1,success,320,302,359.51,
8034,O=CN1CCN(c2nc3c(=O)[nH]cnc3n2[C@@H]2O[C@H](CO)[C@H](O)[C@@H]2O)CC1,success,320,302,393.01,
8035,O=c1[nH]cnc2c1ncn2[C@H]1OC[C@@H](CO)[C@H](O)[C@H]1O,success,375,356,342.92,
8036,O=c1[nH]cnc2c1ncn2[C@H]1OC[C@@H](CO)[C@H](O)[C@@H]1O,success,375,356,328.0,
8037,Nc1nc2c(ncn2[C@@H]2O[C@H](CO)[C@H](O)[C@@H]2OP(=O)(O)O)c(=O)[nH]1,success,138,120,204.24,
8038,CC1CCN(c2nc3c(=O)[nH]cnc3n2[C@@H]2O[C@H](CO)[C@H](O)[C@@H]2O)CC1,success,42,26,26.9,
8039,CC1CCN(c2nc3c(=O)[nH]cnc3n2[C@@H]2O[C@H](CO)[C@H](O)[C@H]2O)CC1,success,42,26,26.7,
8040,O=c1[nH]cnc2c1ncn2[C@H]1OC[C@@H](CO)[C@@H](O)[C@@H]1O,success,375,356,307.51,
8041,CC(C)N1CCN(c2nc3c(=O)[nH]c(N)nc3n2[C@@H]2O[C@H](CO)[C@@H](O)[C@@H]2O)CC1,success,42,26,28.0,
8042,CO[C@H]1[C@@H](O)[C@H](n2cnc3c(=O)[nH]cnc32)O[C@H]1CO,success,253,234,219.94,
8043,CO[C@H]1[C@H](O)[C@H](n2cnc3c(=O)[nH]cnc32)O[C@H]1CO,success,253,234,231.86,
8044,COC[C@@H]1O[C@H](n2cnc3c(=O)[nH]cnc32)[C@H](O)[C@H]1O,success,244,225,266.23,
8045,COC[C@@H]1O[C@H](n2cnc3c(=O)[nH]cnc32)[C@@H](O)[C@H]1O,success,244,225,216.63,
8046,CC(=O)OC[C@@H]1O[C@H](n2cnc3c(=O)[nH]c(N)nc32)[C@H](O)[C@H]1O,success,1466,1443,1376.4,
8047,CC(=O)OC[C@@H]1O[C@H](n2cnc3c(=O)[nH]c(N)nc32)[C@@H](O)[C@H]1O,success,1466,1443,1272.72,
8048,O=c1[nH]cnc2c1nc(N1CCN(C[C@@H](O)CO)CC1)n2[C@@H]1O[C@H](CO)[C@H](O)[C@H]1O,success,88,69,81.7,
8049,O=c1[nH]cnc2c1nc(N1CCN(C[C@@H](O)CO)CC1)n2[C@@H]1O[C@H](CO)[C@@H](O)[C@@H]1O,success,88,69,85.01,
8050,O=c1[nH]cnc2c1nc(N1CCN(C[C@@H](O)CO)CC1)n2[C@@H]1O[C@H](CO)[C@H](O)[C@@H]1O,success,88,69,83.05,
8051,O=c1[nH]cnc2c1nc(N1CCN(C[C@@H](O)CO)CC1)n2[C@@H]1O[C@H](CO)[C@@H](O)[C@H]1O,success,88,69,54.05,
8052,CC(C)(C)[Si](C)(C)OC[C@@H]1O[C@H](n2cnc3c(=O)[nH]cnc32)C[C@H]1O,success,80,63,52.84,
8053,N[C@H]1[C@@H](O)[C@H](CO)O[C@@H]1n1cnc2c(=O)[nH]cnc21,success,314,295,346.77,
8054,CN(C)C=Nc1nc2c(ncn2[C@@H]2O[C@H](CO)[C@@H](O)[C@H]2NC(=O)N(C)N=O)c(=O)[nH]1,success,42,26,29.69,
8055,O=c1[nH]cnc2c1ncn2[C@@H]1O[C@H](COP(=O)(O)OP(=O)(O)O)[C@H]([O-])[C@H]1[O-].[Na+].[Na+],success,42,26,47.03,
8056,Nc1nc2c(ncn2[C@@H]2O[C@H](CP(=O)(O)O)[C@H](O)[C@H]2O)c(=O)[nH]1,success,164,145,167.67,
8057,O=c1[nH]cnc2c1ncn2[C@@H]1O[C@H]([C@@H](OP(=O)(O)O)OP(=O)(O)OP(=O)(O)O)[C@@H](O)[C@H]1O,success,42,26,44.64,
8058,O=c1[nH]cnc2c1ncn2[C@@H]1O[C@H]([C@H](OP(=O)(O)O)OP(=O)(O)OP(=O)(O)O)[C@@H](O)[C@H]1O,success,42,26,36.33,
8059,CSC[C@@H]1O[C@H](n2cnc3c(=O)[nH]cnc32)[C@@H](O)[C@H]1O,success,157,138,191.34,
8060,COc1nc2c(=O)[nH]c(N)nc2n1[C@@H]1O[C@H](CO)[C@H](O)[C@@H]1O,success,368,349,306.86,
8061,Nc1nc2ncn([C@@H]3O[C@H](CO)[C@H](O)[C@@H]3O)c2c(=O)[nH]1,success,337,318,313.7,
8062,Nc1nc2c(ncn2[C@@H]2O[C@H](CS)[C@@H](O)[C@H]2O)c(=O)[nH]1.O,success,42,26,25.96,
8063,CNC(=O)NC[C@H]1O[C@@H](n2cnc3c(=O)[nH]cnc32)[C@H](O)[C@@H]1O,success,526,507,494.55,
8064,NCCSc1nc2c(ncn2[C@@H]2O[C@H](CO)[C@@H](O)[C@H]2O)c(=O)[nH]1,success,1675,1656,1573.13,
8065,CC(=O)Nc1nc2c(ncn2[C@@H]2O[C@H](CN)[C@@H](O)[C@H]2O)c(=O)[nH]1,success,1288,1265,1620.7,
8066,CC(=O)Nc1nc2c(ncn2[C@@H]2O[C@H](CI)[C@@H](O)[C@H]2O)c(=O)[nH]1,success,1251,1228,1601.42,
8067,CCn1c[n+](C2OC(CO)C(O)C2O)c2nc(N)[nH]c(=O)c21,success,1064,1043,795.39,
8068,Nc1nc2c(ncn2[C@@H]2O[C@H](CO)[C@H](O)[C@H]2P(=O)(O)O)c(=O)[nH]1,success,252,233,270.4,
8069,Nc1nc2c(ncn2[C@@H]2O[C@H](CO)[C@H](O)[C@@H]2P(=O)(O)O)c(=O)[nH]1,success,252,233,324.41,
8070,Nc1nc2c(nc(I)n2[C@@H]2O[C@H](CO)[C@H](O)[C@H]2O)c(=O)[nH]1,success,338,319,307.1,
8071,Nc1nc2c(nc(N3CCCC3)n2[C@@H]2O[C@H](CO)[C@H](O)[C@@H]2O)c(=O)[nH]1,success,163,145,242.26,
8072,Nc1nc2c(nc(N3CCCC3)n2[C@@H]2O[C@H](CO)[C@H](O)[C@H]2O)c(=O)[nH]1,success,163,145,199.26,
8073,O=c1[nH]cnc2c1ncn2[C@H]1O[C@@H](COP(=O)(O)OP(=O)(O)O)[C@H](O)[C@H]1O,success,71,55,76.45,
8074,Nc1nc2c(ncn2[C@@H]2O[C@H](CO)[C@@H]3OP(=O)(O)O[C@H]32)c(=O)[nH]1,success,200,181,240.24,
8075,O=c1[nH]cnc2c1ncn2[C@H]1O[C@@H](COP(=O)(O)OP(=O)(O)OP(=O)(O)O)[C@H](O)[C@H]1O,success,57,41,78.1,
8076,Nc1nc2c(nc(N3CCCC3)n2[C@@H]2O[C@H](CO)[C@@H](O)[C@@H]2O)c(=O)[nH]1,success,163,145,215.64,
8077,[N-]=[N+]=NC1C(O)C(COP(=O)(O)O)OC1n1cnc2c(=O)[nH]cnc21,success,42,26,45.79,
8078,Nc1nc2c(ncn2C2OC(COP(=O)([O-])OP(=O)([O-])OP(=O)([O-])[O-])C(O)C2O)c(=O)[nH]1.[Na+].[Na+],success,42,26,43.59,
8079,O=c1[nH]cnc2c1nc(N1CCN(CCO)CC1)n2[C@@H]1O[C@H](CO)[C@H](O)[C@H]1O,success,54,37,54.01,
8080,Nc1nc2c(nc(N3CCCCC3)n2[C@@H]2O[C@H](CO)[C@H](O)[C@H]2O)c(=O)[nH]1,success,124,108,208.74,
8081,Nc1nc2c(nc(N3CCCCC3)n2[C@@H]2O[C@H](CO)[C@H](O)[C@@H]2O)c(=O)[nH]1,success,124,108,153.1,
8082,CN1CCN(c2nc3c(=O)[nH]c(N)nc3n2[C@@H]2O[C@H](CO)[C@H](O)[C@H]2O)CC1,success,42,26,41.8,
8083,COC(=O)c1nc2c(=O)[nH]cnc2n1[C@@H]1O[C@H](CO)[C@@H](O)[C@H]1O,success,947,928,939.65,
8084,NC(=O)NC(=O)Nc1nc2c(ncn2[C@@H]2O[C@H](CO)[C@@H](O)[C@H]2O)c(=O)[nH]1,success,266,250,157.28,
8085,Nc1nc2c(ncn2[C@@H]2O[C@H](COP(=O)(O)OP(=O)(O)CP(=O)(O)O)[C@H](O)[C@H]2O)c(=O)[nH]1,success,84,68,112.48,
8086,Nc1nc2c(ncn2[C@@H]2O[C@H](COP(=O)(O)OP(=O)(O)CP(=O)(O)O)[C@H](O)[C@@H]2O)c(=O)[nH]1,success,84,68,114.74,
8087,Cn1c[n+]([C@@H]2O[C@H](CO)[C@H](O)[C@H]2O)c2nc(N)[nH]c(=O)c21,success,418,399,365.3,
8088,CNc1nc2c(ncn2[C@@H]2O[C@H](CO)[C@H](O)[C@H]2O)c(=O)[nH]1,success,395,376,368.11,
8089,Nc1nc2c(ncn2[C@@H]2O[C@H](CP(=O)(O)O)[C@H](O)[C@@H]2O)c(=O)[nH]1,success,164,145,146.53,
8090,C=C.CC1(C)O[C@@H]2[C@H](O1)[C@@H](n1cnc3c(=O)[nH]cnc31)O[C@H]2CO,success,42,26,26.47,
8091,N.Nc1nc2c(ncn2[C@H]2C[C@H](O)[C@@H](COP(=O)(O)O)O2)c(=O)[nH]1,success,53,37,46.93,
8092,CC(C)(C)[Si](C)(C)OC[C@@H]1O[C@@H](n2cnc3c(=O)[nH]cnc32)C[C@@H]1O,success,80,63,80.2,
8093,CC(C)(C)[Si](C)(C)OC[C@@H]1O[C@H](n2cnc3c(=O)[nH]cnc32)C[C@@H]1O,success,80,63,80.49,
8094,CC(C)(C)[Si](C)(C)OC[C@@H]1O[C@@H](n2cnc3c(=O)[nH]cnc32)C[C@H]1O,success,80,63,82.3,
8095,Cn1cnc2c(ncn2[C@@H]2O[C@@H](CO)[C@@H](O)[C@H]2O)c1=O,success,313,294,262.58,
8096,Cn1c[n+]([C@@H]2O[C@H](COP(O)(=S)OP(=O)(O)OP(=O)(O)O)[C@@H](O)[C@H]2O)c2nc(N)[nH]c(=O)c21,success,59,43,56.66,
8097,N#CSc1nc2c(=O)[nH]c(N)nc2n1[C@@H]1O[C@H](CO)[C@@H](O)[C@H]1O,success,341,322,374.17,
8098,O=C1O[C@@H]2[C@H](O1)[C@@H](CO)O[C@H]2n1cnc2c(=O)[nH]cnc21,success,121,102,130.11,
8099,Nc1nc2c(ncn2[C@@H]2O[C@H](CO)[C@H]3OC(=O)O[C@H]32)c(=O)[nH]1,success,181,162,168.31,
8100,O=c1[nH]cnc2c1ncn2[C@H]1OC[C@@H](CO)[C@@H](O)[C@H]1O,success,375,356,296.83,
8101,Nc1nc2c(ncn2[C@@H]2O[C@H](COP(=O)(O)O)[C@H](OP(=O)(O)O)[C@H]2O)c(=O)[nH]1,success,64,48,82.54,
8102,Nc1nc2c(ncn2[C@@H]2O[C@H](COP(=O)(O)O)[C@H](OP(=O)(O)O)[C@@H]2O)c(=O)[nH]1,success,64,48,59.51,
8103,Cn1c[n+]([C@@H]2O[C@H](COP(=O)(O)OP(=O)(O)CP(=O)(O)O)[C@@H](O)[C@H]2O)c2nc(N)[nH]c(=O)c21,success,89,73,103.77,
8104,Cn1c[n+]([C@@H]2O[C@H](COP(=O)(O)OP(=O)(O)NP(=O)(O)O)[C@@H](O)[C@H]2O)c2nc(N)[nH]c(=O)c21,success,89,73,124.05,
8105,O=c1[nH]cnc2c1ncn2[C@@H]1O[C@H](CO)[C@@H]2O[C@@H]21,success,158,139,150.73,
8106,O=c1[nH]cnc2c1ncn2[C@H]1O[C@@H](COP(=O)(O)OP(=O)(O)O)[C@H](O)[C@@H]1O,success,71,55,85.15,
8107,CSc1nc2c(=O)[nH]c(N)nc2n1[C@@H]1O[C@H](CO)[C@H](O)[C@H]1O,success,397,378,422.7,
8108,O=c1[nH]cnc2c1ncn2[C@H]1O[C@@H](CCl)[C@H](O)[C@@H]1O,success,131,112,126.42,
8109,O=c1[nH]cnc2c1ncn2[C@H]1O[C@@H](CO)[C@H](OP(=O)(O)O)[C@@H]1O,success,123,105,174.26,
8110,CSc1nc2c(=O)[nH]c(N)nc2n1[C@@H]1O[C@H](CO)[C@H](O)[C@@H]1O,success,397,378,398.44,
8111,C/C=N/c1nc2c(ncn2[C@H]2C[C@H](O)[C@@H](CO)O2)c(=O)[nH]1,success,913,892,649.9,
8112,O=c1[nH]c(N[C@H]2O[C@@H](CO)[C@H](O)[C@@H]2O)nc2c1ncn2[C@H]1C[C@H](O)[C@@H](CO)O1,success,222,204,208.32,
8113,CONc1nc2c(ncn2[C@@H]2O[C@H](CO)[C@@H](O)[C@H]2O)c(=O)[nH]1,success,363,344,268.34,
8114,CC(C)C(=O)Nc1nc2c(ncn2[C@@H]2O[C@H](CN)[C@@H](N)[C@H]2O)c(=O)[nH]1,success,184,168,122.12,
8115,Nc1nc2c(ncn2[C@H]2C/C(=N\O)[C@@H](CO)O2)c(=O)[nH]1,success,180,161,223.58,
8116,CO/N=C1\C[C@H](n2cnc3c(=O)[nH]c(N)nc32)O[C@@H]1CO,success,230,211,222.66,
8117,CO/N=C1/C[C@H](n2cnc3c(=O)[nH]c(N)nc32)O[C@@H]1CO,success,230,211,271.69,
8118,Cn1c[n+]([C@@H]2O[C@H](COP(=O)(O)OP(=O)(O)O)C[C@H]2O)c2nc(N)[nH]c(=O)c21,success,75,59,79.27,
8119,NCCCCCCNC(=O)CNc1nc2c(ncn2[C@@H]2O[C@H](COP(=O)(O)OP(=O)(O)OP(=O)(O)O)[C@@H](O)[C@H]2O)c(=O)[nH]1,success,42,26,57.04,
8120,CNC(=O)N[C@@H]1[C@H](O)[C@@H](CO)O[C@H]1n1cnc2c(=O)[nH]c(N)nc21,success,182,165,115.57,
8121,Nc1nc2c(ncn2[C@@H]2O[C@H](COP(=O)([O-])OP(=O)([O-])O)[C@@H](O)[C@H]2O)c(=O)[nH]1.[Li+].[Li+],success,42,26,55.4,
8122,Nc1nc2c(ncn2[C@@H]2O[C@H](COP(=O)(O)OP(=O)(O)OP(=O)(O)O)[C@@H](O)[C@H]2O)c(=O)[nH]1.[Na+].[Na+].[Na+],success,42,26,44.16,
8123,CN(N=O)C(=O)NC[C@H]1O[C@@H](n2cnc3c(=O)[nH]cnc32)[C@H](O)[C@@H]1O,success,138,121,96.69,
8124,COC1C(COP(=O)(O)OP(=O)(O)OP(=O)(O)O)OC(n2cnc3c(=O)[nH]c(N)nc32)C1O,success,59,41,57.62,
8125,Nc1nc2c(ncn2C2OC3COP(=O)(O)OC3C2O)c(=O)[nH]1.[Na+],success,42,26,41.46,
8126,COC1C(O)C(COP(=O)(O)OP(=O)(O)OP(=O)(O)O)OC1n1cnc2c(=O)[nH]c(N)nc21,success,59,41,61.57,
8127,O=c1[nH]cnc2c1ncn2[C@H]1O[C@H]2COP(=O)(O)O[C@H]2[C@H]1O,success,89,70,79.19,
8128,O=c1[nH]cnc2c1ncn2[C@H]1O[C@H]2COP(=O)(O)O[C@H]2[C@@H]1O,success,89,70,86.54,
8129,O=c1[nH]cnc2c1ncn2[C@H]1O[C@@H]([C@@H](OP(=O)(O)O)OP(=O)(O)OP(=O)(O)O)[C@H](O)[C@@H]1O,success,42,26,54.48,
8130,O=c1[nH]cnc2c1ncn2[C@H]1O[C@@H]([C@H](OP(=O)(O)O)OP(=O)(O)OP(=O)(O)O)[C@H](O)[C@@H]1O,success,42,26,57.39,
8131,O=c1[nH]cnc2c1ncn2[C@H]1O[C@@H](CO)[C@H](OP(=O)(O)O)[C@H]1O,success,123,105,172.58,
8132,CNc1nc2c(=O)[nH]cnc2n1[C@@H]1O[C@H](CO)[C@H](O)[C@H]1O,success,395,376,371.63,
8133,CNc1nc2c(=O)[nH]cnc2n1[C@@H]1O[C@H](CO)[C@H](O)[C@@H]1O,success,395,376,359.76,
8134,Nc1nc2c(nc(N3CCNCC3)n2[C@@H]2O[C@H](CO)[C@H](O)[C@H]2O)c(=O)[nH]1,success,42,26,35.85,
8135,Nc1nc2c(nc(N3CCNCC3)n2[C@@H]2O[C@H](CO)[C@H](O)[C@@H]2O)c(=O)[nH]1,success,42,26,27.07,
8136,NCCCCCCNc1nc2c(=O)[nH]cnc2n1[C@@H]1O[C@H](CO)[C@H](O)[C@H]1O,success,192,174,93.37,
8137,CSC[C@@H]1O[C@H](n2cnc3c(=O)[nH]cnc32)[C@H](O)[C@H]1O,success,157,138,145.85,
8138,Nc1nc2c(nc(N3CCOCC3)n2[C@@H]2O[C@H](CO)[C@H](O)[C@H]2O)c(=O)[nH]1,success,122,104,124.55,
8139,Nc1nc2c(nc(N3CCOCC3)n2[C@@H]2O[C@H](CO)[C@H](O)[C@@H]2O)c(=O)[nH]1,success,122,104,144.28,
8140,O=c1[nH]cnc2c1nc(N1CCOCC1)n2[C@H]1O[C@@H](CO)[C@H](O)[C@H]1O,success,113,95,130.2,
8141,NCCCCCCNc1nc2c(=O)[nH]cnc2n1[C@@H]1O[C@H](CO)[C@@H](O)[C@H]1O,success,192,174,66.83,
8142,O=c1[nH]cnc2c1ncn2[C@H]1O[C@@H](COP(=O)(O)O)[C@H](O)[C@@H]1O,success,119,101,184.03,
8143,COc1nc2c(=O)[nH]c(N)nc2n1[C@@H]1O[C@H](CO)[C@H](O)[C@H]1O,success,368,349,263.1,
8144,CCCCN(C)c1nc2c(c(=O)[nH]1)n(C)c[n+]2[C@@H]1O[C@H](COP(=O)(O)O)[C@@H](O)[C@H]1O,success,211,191,117.29,
8145,CCCCNc1nc2c(c(=O)[nH]1)n(C)c[n+]2[C@@H]1O[C@H](COP(=O)(O)O)[C@@H](O)[C@H]1O,success,697,677,1145.41,
8146,CC(C)CNc1nc2c(c(=O)[nH]1)n(C)c[n+]2[C@@H]1O[C@H](COP(=O)(O)O)[C@@H](O)[C@H]1O,success,542,524,755.58,
8147,CCN(CC)c1nc2c(c(=O)[nH]1)n(C)c[n+]2[C@@H]1O[C@H](COP(=O)(O)O)[C@@H](O)[C@H]1O,success,342,322,633.62,
8148,CCN(C)c1nc2c(c(=O)[nH]1)n(C)c[n+]2[C@@H]1O[C@H](COP(=O)(O)O)[C@@H](O)[C@H]1O,success,547,526,1198.85,
8149,CCn1c[n+]([C@@H]2O[C@H](CO)[C@@H](OC(C)C)[C@H]2OC(C)C)c2nc(N)[nH]c(=O)c21,success,239,221,132.71,
8150,CC(C)O[C@@H]1[C@H](OC(C)C)[C@@H](CO)O[C@H]1[n+]1cn(C)c2c(=O)[nH]c(N)nc21,success,238,220,139.26,
8151,Nc1nc2c(ncn2C2OC(COP(=O)(O)OP(=O)(O)CP(=O)(O)O)C(O)C2O)c(=O)[nH]1.[Na+],success,42,26,37.04,
8152,CN(C)c1nc2c(ncn2[C@@H]2O[C@H](COP(=O)(O)O)C(O)C2O)c(=O)[nH]1,success,140,122,230.14,
8153,Nc1nc2c(ncn2[C@@H]2O[C@H](COP(=O)(O)OP(=O)(O)OP(=O)(O)O)[C@@H](O)[C@H]2O)c(=O)[nH]1.[Mg+2],success,42,26,58.59,
8154,Nc1nc2c(ncn2[C@@H]2O[C@H](COP(=O)(O)O)C(O)C2O)c(=O)[nH]1.O.O.O,success,42,26,34.21,
8155,N.Nc1nc2c(ncn2C2OC3COP(=O)(O)OC3C2O)c(=O)[nH]1,success,47,31,40.65,
8156,Nc1nc2c(nc(I)n2C2OC(CO)C(O)C2O)c(=O)[nH]1.O,success,42,26,40.9,
8157,Nc1nc2c(ncn2C2OC(CO[P+](=O)OP(=O)(O)O[P+](=O)O)C(O)C2O)c(=O)[nH]1,success,108,92,141.67,
8158,Nc1nc2c(ncn2C2OC(COP(=O)([O-])OP(=O)([O-])[O-])C(O)C2O)c(=O)[nH]1.[Na+].[Na+],success,42,26,54.56,
8159,Nc1nc2c(ncn2[C@@H]2O[C@H](COP(=O)(O)OP(=O)(O)O)[C@@H](O)[C@H]2O)c(=O)[nH]1.[Li].[Li],success,42,26,35.81,
8160,O=c1[nH]cnc2c1ncn2[C@@H]1O[C@H](CO)[C@@H](OP(=O)(O)O)[C@H]1O.[Na].[Na],success,42,26,48.15,
8161,[3H]C1C(CO)OC(n2cnc3c(=O)[nH]cnc32)C1[3H],failed,134,115,176.89,min() arg is an empty sequence
8162,[N-]=[N+]=C(O)[C@H]1O[C@@H](n2cnc3c(=O)[nH]c(N)nc32)[C@H](O)[C@@H]1O,success,42,26,27.81,
8163,Nc1nc2c(ncn2[C@H]2C[C@H](O)[C@H](COP(=O)([O-])[O-])O2)c(=O)[nH]1.[Na+].[Na+],success,42,26,33.75,
8164,Nc1nc2c(nc([N+](=O)[O-])n2[C@@H]2O[C@H](CO)[C@H](O)[C@H]2O)c(=O)[nH]1,success,247,228,243.93,
8165,Nc1nc2c(ncn2[C@@H]2O[C@H](COP(=O)([O-])OP(=O)([O-])OP([O-])([O-])=S)[C@@H](O)[C@@H]2O)c(=O)[nH]1.[Li+].[Li+].[Li+].[Li+],success,42,26,59.6,
8166,Nc1nc2c(ncn2[C@@H]2O[C@H](COP(=O)(O)OP(=O)(O)OP(O)(O)=S)[C@@H](O)[C@@H]2O)c(=O)[nH]1,success,85,69,109.63,
8167,O=c1[nH]cnc2c1ncn2[C@H]1C[C@@H](O)[C@@H](COP(=O)([O-])[O-])O1.[Na+].[Na+],success,42,26,36.29,
8168,O=c1[nH]cnc2c1ncn2[C@@H]1O[C@H](COP(=O)([O-])OP(=O)([O-])[O-])[C@@H](O)[C@@H]1O.[Na+].[Na+].[Na+],success,42,26,35.75,
8169,Nc1nc2c(ncn2C2C[C@H](O)[C@H](O)CO2)c(=O)[nH]1,success,182,163,149.79,
8170,Nc1nc2c(ncn2C2C[C@H](O)[C@H](CO)O2)c(=O)[nH]1,failed,287,268,239.59,min() arg is an empty sequence
8171,O=c1[nH]cnc2c1ncn2[C@@H]1O[C@@H](COP(=O)([O-])OP(=O)([O-])O)[C@@H](O)[C@H]1O.[Na+].[Na+],success,42,26,37.07,
8172,Nc1nc2c(ncn2[C@@H]2OC[C@@H](O)[C@H](O)[C@H]2O)c(=O)[nH]1,success,255,236,243.89,
8173,Nc1nc2c(ncn2[C@@H]2O[C@H](CO)[C@@H](OP(=O)(O)O)[C@H]2O)c(=O)[nH]1.[Na].[Na],success,42,26,34.19,
8174,O=c1[nH]cnc2c1nc([Se])n2[C@@H]1O[C@H](CO)[C@@H](O)[C@H]1O,success,42,26,40.73,
8175,O=c1[nH]c(NO)nc2c1ncn2[C@@H]1O[C@H](CO)[C@@H](O)[C@H]1O,success,333,314,296.81,
8176,Nc1nc2c(ncn2[C@@H]2O[C@H](C=S)[C@@H](O)[C@H]2O)c(=O)[nH]1,success,182,163,217.53,
8177,Nc1nc2c(ncn2[C@@H]2O[C@H](COP(=O)(O)N(P(=O)([O-])[O-])P(=O)([O-])[O-])[C@@H](O)[C@H]2O)c(=O)[nH]1.[Na+].[Na+].[Na+].[Na+],success,42,26,35.37,
8178,Nc1nc2c(ncn2[C@@H]2O[C@H](CO)[C@@H](O)[C@H]2O)c(=O)[nH]1.O.O.O,success,42,26,26.26,
8179,Nc1nc2c(ncn2[C@@H]2O[C@H](C(O)O)[C@@H](O)[C@H]2O)c(=O)[nH]1,success,312,293,242.22,
8180,N=P(O)(O)OC[C@H]1O[C@@H](n2cnc3c(=O)[nH]c(N)nc32)[C@H](O)[C@@H]1O,success,249,230,247.22,
8181,O=c1[nH]cnc2c1ncn2[C@@H]1O[C@@H]2COP(=O)(O)O[C@H]2[C@H]1O.[Na],success,42,26,30.85,
8182,Nc1nc2c(ncn2[C@H]2C[C@H](O)[C@@H](COP(=O)(O)O)O2)c(=O)[nH]1.O.O.O.O,success,42,26,33.56,
8183,CC(=O)Nc1nc2c(ncn2[C@@H]2O[C@H](CN=[N+]=[N-])[C@@H](O)[C@H]2O)c(=O)[nH]1,success,101,84,95.74,
8184,O=c1[nH]cnc2c1nc(NO)n2[C@@H]1O[C@H](CO)[C@@H](O)[C@H]1O,success,333,314,211.07,
8185,Nc1nc2c(ncn2[C@@H]2O[C@H](CO)[C@H]3OP(=O)(O)O[C@H]32)c(=O)[nH]1.[Na],success,42,26,31.61,
8186,CCCCOP(=O)(OCCCC)OC[C@H]1O[C@@H](n2cnc3c(=O)[nH]cnc32)[C@H](O)[C@@H]1O,success,400,379,200.31,
8187,NC(=O)Nc1nc2c(ncn2[C@@H]2O[C@H](CO)[C@@H](O)[C@H]2O)c(=O)[nH]1,success,719,700,586.81,
8188,O=c1[nH]cnc2c1ncn2[C@@H]1O[C@H](COP(=O)([O-])OP(=O)([O-])OP(=O)([O-])[O-])[C@@H](O)[C@H]1O.[Mg+2].[Mg+2],success,42,26,38.17,
8189,CC(=O)C(=O)OC[C@H]1O[C@@H](n2cnc3c(=O)[nH]cnc32)[C@H](O)[C@@H]1O,success,4953,4931,6322.35,
8190,Nc1nc2c(ncn2[C@@H]2O[C@H](COP([O-])(=S)OP(=O)([O-])OP(=O)([O-])[O-])[C@@H](O)[C@H]2O)c(=O)[nH]1.[Li+].[Li+].[Li+].[Li+],success,42,26,57.86,
8191,Nc1nc2c(ncn2[C@@H]2O[C@H](COP(N)(N)=O)[C@@H](O)[C@H]2O)c(=O)[nH]1,success,83,67,61.1,
8192,N.O=c1[nH]c(Br)nc2c1ncn2[C@@H]1O[C@H](COP(=O)(O)O)[C@@H](O)[C@H]1O,success,57,41,48.09,
8193,O=c1[nH]c(Br)nc2c1ncn2[C@@H]1O[C@H](COP(=O)(O)O)[C@@H](O)[C@H]1O,success,114,96,228.0,
8194,O.O.O.O.O=c1[nH]cnc2c1ncn2[C@@H]1O[C@H](CO)[C@@H](O)[C@H]1O,success,42,26,26.85,
8195,O=c1[nH]cnc2c1ncn2[C@]1(NO)O[C@H](CO)[C@@H](O)[C@H]1O,success,320,301,221.41,
8196,Nc1nc2c(ncn2[C@@H]2O[C@H](COP([O-])(=S)OP(=O)([O-])OP(=O)([O-])[O-])[C@@H](O)[C@H]2O)c(=O)[nH]1.[Na+].[Na+].[Na+].[Na+],success,42,26,37.17,
8197,CN[C@H]1[C@@H](O)[C@H](n2cnc3c(=O)[nH]cnc32)O[C@@H]1CO,success,373,354,366.19,
8198,O.O.O.O.O.O.O.O.O=c1[nH]cnc2c1ncn2[C@@H]1O[C@H](COP(=O)(O)O)[C@@H](O)[C@H]1O.[Na].[Na],success,42,26,36.37,
8199,Nc1nc2c(ncn2[C@@H]2O[C@H](CO)[C@@H](O)[C@H]2S)c(=O)[nH]1.O,success,42,26,26.86,
8200,[15NH2][13c]1[15n][13c]2[13c]([15n][13cH][15n]2[13C@@H]2O[13C@H]([13CH2]OP(=O)(O)OP(=O)(O)OP(=O)(O)O)[13C@@H](O)[13C@H]2O)[13c](=O)[15nH]1,success,57,41,67.41,
8201,Nc1nc2c(ncn2[C@]2(Br)O[C@H](CO)[C@@H](O)[C@H]2O)c(=O)[nH]1.O.O,success,42,26,26.45,
8202,[2H][C@]1(O)[C@]([2H])(n2cnc3c(=O)[nH]cnc32)O[C@H](COP(=O)(O)O)[C@@]1([2H])O,success,101,83,157.94,
8203,N#CC[C@H]1O[C@@H](n2cnc3c(=O)[nH]cnc32)[C@H](O)[C@@H]1O,success,704,685,620.32,
8204,NNc1nc2c(=O)[nH]cnc2n1[C@@H]1O[C@H](CO)[C@@H](O)[C@@H]1O,success,353,334,339.58,
8205,COC(=O)CO[C@@H]1[C@H](O)[C@@H](CO)O[C@H]1n1cnc2c(=O)[nH]c(N)nc21,success,1289,1270,1306.47,
8206,COCCO[C@@H]1[C@H](O)[C@@H](COP(=O)(O)OP(=O)(O)OP(=O)(O)O)O[C@H]1n1cnc2c(=O)[nH]c(N)nc21,success,42,26,39.21,
8207,[3H][C@@H]1[C@H](O)[C@@H](CO)O[C@@]1([3H])n1cnc2c(=O)[nH]c(N)nc21,success,260,241,289.52,
8208,N.N.[3H]c1nc2c(=O)[nH]c(N)nc2n1[C@@H]1O[C@H](COP(=O)(O)O)[C@@H](O)[C@H]1O,success,42,26,40.28,
8209,CO[C@H]1[C@@H](OC(C)=O)[C@H](n2cnc3c(=O)[nH]cnc32)O[C@@H]1COC(C)=O,success,987,964,1410.46,
8210,O=c1[nH]cnc2c1ncn2[C@@H]1O[C@H](COP(=O)([O-])[O-])[C@H](O)[C@@H]1O.[Na+].[Na+],success,42,26,33.8,
8211,Nc1nc2c(ncn2[C@@H]2O[C@H](COP(=O)([O-])[O-])[C@@H](O)C2O)c(=O)[nH]1.[Na+].[Na+],success,42,26,49.76,
8212,Nc1nc2c(ncn2[C@@H]2O[C@H](COP(=O)(O)OP(=O)(O)OP(=O)(O)O)[C@@H](O)[C@H]2O)c(=O)[nH]1.[Na].[Na],success,42,26,57.4,
8213,O=c1[nH]cnc2c1ncn2[C@H]1C[C@H](O)[C@@H](COP(=O)(O)O)O1.[Na].[Na],success,42,26,44.37,
8214,Nc1nc2c(ncn2[C@@H]2O[C@H](COP(=O)(O)O)[C@@H](N)[C@H]2O)c(=O)[nH]1,success,226,207,250.17,
8215,C[C@H](NC(=O)OC(C)(C)C)C(=O)O[C@@H]1[C@H](O)[C@@H](CO)O[C@H]1n1cnc2c(=O)[nH]cnc21,success,428,410,249.45,
8216,CC(N)C(=O)OC[C@H]1O[C@@H](n2cnc3c(=O)[nH]cnc32)[C@H](O)[C@@H]1O,success,3956,3935,6961.86,
8217,C[C@H](NC(=O)OC(C)(C)C)C(=O)O[C@H]1[C@@H](O)[C@H](n2cnc3c(=O)[nH]cnc32)O[C@@H]1CO,success,428,410,268.45,
8218,Nc1nc2c(ncn2[C@@H]2O[C@H](COP(=O)(O)CP(=O)(O)O)[C@@H](O)[C@H]2OP(=O)(O)CP(=O)(O)O)c(=O)[nH]1,success,42,26,38.62,
8219,[N-]=[N+]=Nc1nc2c(=O)[nH]c(N)nc2n1[C@@H]1O[C@H](CO)[C@H](O)[C@H]1O,success,42,26,25.95,
8220,[2H]O[C@@]1(n2cnc3c(=O)[nH]c(N)nc32)O[C@H](CO)[C@@H](O)[C@H]1O,success,417,398,281.65,
8221,O=c1[nH]cnc2c1ncn2[C@@H]1O[C@H](COP(=O)(O)OP(=O)(O)O)[C@@H](O)[C@H]1O.[Na].[Na],success,42,26,35.5,
8222,Nc1nc2c(ncn2[C@@H]2O[C@H](COP(=O)(O)OP(=O)(O)O)[C@@H](N)[C@H]2O)c(=O)[nH]1,success,75,59,77.77,
8223,CCn1c[n+](C2CC(OP(=O)([O-])O)C(CO)O2)c2nc(N)[nH]c(=O)c21,success,741,720,857.21,
8224,CCn1c[n+](C2CC(OP(=O)(O)O)C(CO)O2)c2nc(N)[nH]c(=O)c21,success,671,650,762.35,
8225,O=c1[nH]c(NC2C[C@H](O)[C@@H](CO)O2)nc2nc[nH]c12,success,301,281,301.25,
8226,CN(c1nc2c(ncn2[C@@H]2O[C@H](CO)[C@@H](O)[C@H]2O)c(=O)[nH]1)[N+](=O)[O-],success,238,219,198.87,
8227,Nc1nc2c(ncn2[C@@H]2O[C@H](COP(=O)(O)OP(=O)(O)OP(=O)(O)O)[C@@H](O)[C@H]2O)c(=O)[nH]1.[Na].[Na].[Na].[Na],success,42,26,45.12,
8228,O=c1[nH]cnc2c1ncn2[C@@H]1O[C@H](COP(=O)(O)OP(=O)(O)OP(=O)(O)O)[C@@H](O)[C@H]1O.[Na].[Na].[Na],success,42,26,54.58,
8229,Nc1nc2c(ncn2[C@@H]2O[C@H](COP(=O)(O)OP(=O)(O)OP(=O)(O)O)[C@@H](O)[C@H]2O)c(=O)[nH]1.O.[Na].[Na].[Na],success,42,26,39.41,
8230,Nc1nc2c(ncn2[C@@H]2O[C@H](COP(=O)(O)OP(=O)(O)OP(=O)(O)O)[C@@H](O)[C@H]2O)c(=O)[nH]1.O.[Na].[Na],success,42,26,39.2,
8231,O=c1[nH]cnc2c1ncn2[C@@H]1OC[C@@H](O)[C@H](O)[C@H]1O,success,201,182,179.53,
8232,O=C(CBr)NC[C@H]1O[C@@H](n2cnc3c(=O)[nH]cnc32)[C@H](O)[C@@H]1O,success,1792,1773,2251.34,
8233,Nc1nc2c(ncn2[C@@H]2O[C@H](COP(=O)([O-])[O-])[C@H](O)[C@H]2O)c(=O)[nH]1.[Na+].[Na+],success,42,26,51.07,
8234,Nc1nc2c(ncn2[C@@H]2O[C@@H](COP(=O)([O-])OP(=O)(O)OP(=O)([O-])O)[C@@H](O)[C@H]2O)c(=O)[nH]1.[Na+].[Na+],success,42,26,47.85,
8235,O.O.O.O.O.O.O.O.O=c1[nH]cnc2c1ncn2[C@@H]1O[C@@H](COP(=O)([O-])[O-])[C@@H](O)[C@H]1O.[Na+].[Na+],success,42,26,56.31,
8236,O=c1[nH]cnc2c1ncn2[C@@H]1O[C@@H](COP(=O)([O-])OP(=O)([O-])OP(=O)([O-])O)[C@@H](O)[C@H]1O.[Na+].[Na+].[Na+],success,42,26,58.43,
8237,Nc1nc2c(ncn2[C@@H]2O[C@@H](COP(=O)(O)OP(=O)(O)OP(=O)(O)O)[C@@H](O)[C@H]2O)c(=O)[nH]1.[Na].[Na].[Na],success,42,26,37.99,
8238,O=c1[nH]cnc2c1ncn2[C@@H]1O[C@H](COP(=O)([O-])[O-])[C@H](O)[C@H]1O.[Ba+2],success,42,26,40.57,
8239,Nc1nc2c(ncn2[C@@H]2O[C@H]3COP(=O)(O)O[C@H]3[C@H]2O)c(=O)[nH]1,success,124,105,115.6,
8240,Nc1nc2c(ncn2[C@@H]2O[C@H](COP(=O)(O)OP(O)(O)=S)[C@@H](O)[C@@H]2O)c(=O)[nH]1,success,103,87,111.25,
8241,Nc1nc2c(ncn2[C@@H]2O[C@H](COP(=O)([O-])OP(=O)([O-])[O-])[C@@H](O)[C@H]2O)c(=O)[nH]1.[Li+].[Li+].[Li+],success,42,26,55.81,
8242,O=c1[nH]cnc2c1ncn2[C@@H]1O[C@H](COP(=O)([O-])OP(=O)([O-])OP(=O)([O-])[O-])[C@@H](O)[C@H]1O.[Na+].[Na+].[Na+].[Na+],success,42,26,37.36,
8243,Nc1nc2c(ncn2[C@@H]2O[C@H](COP(=O)([O-])SP(=O)([O-])[O-])[C@@H](O)[C@H]2O)c(=O)[nH]1.[Li+].[Li+].[Li+],success,42,26,34.71,
8244,CN(N)c1nc2c(=O)[nH]c(N)nc2n1[C@@H]1O[C@H](CO)[C@@H](O)[C@@H]1O,success,42,26,41.33,
8245,CN(N)c1nc2c(=O)[nH]cnc2n1[C@@H]1O[C@H](CO)[C@@H](O)[C@@H]1O,success,338,319,314.42,
8246,O=c1[nH]cnc2c1nc(N1CCCC1)n2[C@@H]1O[C@H](CO)[C@@H](O)[C@@H]1O,success,155,137,179.04,
8247,Nc1nc2c(ncn2[C@@H]2O[C@H](CO[P+](=O)PP)[C@@H](O)[C@H]2O)c(=O)[nH]1,success,245,226,274.0,
8248,Nc1nc2c(ncn2[C@]2(COCCO)O[C@H](CO)[C@@H](O)[C@H]2O)c(=O)[nH]1,success,1270,1249,1052.06,
8249,O=c1[nH]cnc2c1ncn2[C@@H]1O[C@H](CO)C[C@H]1S,failed,134,115,187.89,min() arg is an empty sequence
8250,CC(O)CN(C)C.CC(O)CN(C)C.CC(O)CN(C)C.O=c1[nH]cnc2c1ncn2[C@@H]1O[C@H](CO)[C@@H](O)[C@H]1O,success,42,26,52.56,
8251,Nc1nc2c(ncn2[C@@H]2C[C@@H](N)[C@H](CO)O2)c(=O)[nH]1,success,235,216,245.2,
8252,O.O.O.O.O.O.O.O=c1[nH]cnc2c1ncn2[C@@H]1O[C@H](COP(=O)([O-])[O-])[C@H](O)[C@H]1O.[Na+].[Na+],success,42,26,35.58,
8253,Cn1c[n+]([C@@H]2O[C@H](COP(=O)([O-])OP(=O)(O)O)[C@@H](O)[C@H]2O)c2nc(N)[nH]c(=O)c21.[Na],success,42,26,55.47,
8254,[N-]=[N+]=NC[C@@]1(n2cnc3c(=O)[nH]c(N)nc32)O[C@H](CO)[C@@H](O)[C@H]1O,success,71,55,42.84,
8255,Nc1nc2c(ncn2[C@@H]2O[C@H](COP(=O)([O-])OP(=O)([O-])OP(=O)([O-])[O-])[C@@H](O)[C@H]2O)c(=O)[nH]1.[NH4+].[NH4+].[NH4+].[NH4+],success,42,26,49.51,
8256,O=c1[nH]c(N[C@H]2CCCCO2)nc2c1ncn2[C@H]1C[C@H](O)[C@@H](CO)O1,success,157,141,200.69,
8257,CCCCN(/C=N/c1nc2c(ncn2[C@H]2C[C@H](O)[C@@H](CO)O2)c(=O)[nH]1)CCCC,success,222,202,98.72,
8258,CCCCN(/C=N/c1nc2c(ncn2[C@H]2C[C@H](O)[C@@H](CN)O2)c(=O)[nH]1)CCCC,success,114,96,65.32,
8259,CN(C)/C=N/c1nc2c(nc(Br)n2[C@H]2C[C@H](O)[C@@H](CO)O2)c(=O)[nH]1,success,298,279,366.57,
8260,O=c1[nH]cnc2nc(N3CCCCC3)n([C@H]3O[C@@H](CO)[C@H](O)[C@@H]3O)c12,success,116,100,190.66,
8261,O=c1[nH]cnc2nc(N3CCCCC3)n([C@H]3O[C@@H](CO)[C@H](O)[C@H]3O)c12,success,116,100,160.53,
8262,COC(CO)C(O)CCn1cnc2c(=O)[nH]c(N)nc21,success,4109,4088,2613.75,
8263,O=c1[nH]cnc2c1ncn2[C@H]1C[C@@H](O)[C@@H](COP(=O)(O)OP(=O)(O)OP(=O)(O)O)O1,success,54,38,61.44,
8264,O=Nc1nc2c(ncn2[C@@H]2O[C@H](CO)[C@@H](O)[C@H]2O)c(=O)[nH]1,success,239,220,180.5,
8265,O.O=c1[nH]cnc2c1ncn2[C@@H]1O[C@H](COP(=O)(O)OP(=O)(O)O)[C@@H](O)[C@H]1O.[Na].[Na].[Na],success,42,26,37.46,
8266,O=c1[nH]cnc2c1ncn2[C@@H]1O[C@H](COP(=O)([O-])[O-])[C@@H](O)[C@H]1O.[Sr+2],success,42,26,44.01,
8267,O.O.O=c1[nH]cnc2c1ncn2[C@@H]1O[C@H](COP(=O)(O)O)[C@@H](O)[C@H]1O,success,42,26,35.04,
8268,O.O.O.O.O.O.O=c1[nH]cnc2c1ncn2[C@@H]1O[C@H](COP(=O)([O-])[O-])[C@@H](O)[C@H]1O.[Ba+2],success,42,26,35.72,
8269,Nc1nc2c(ncn2[C@@H]2O[C@H](COP(=O)(O)O)[C@@H](O)[C@H]2O)c(=O)[nH]1.O.O.O.O.O.O.O.O,success,42,26,36.67,
8270,[N-]=[N+]=N[C@@H]1[C@H](O)[C@@H](CO)O[C@H]1n1cnc2c(=O)[nH]cnc21,success,42,26,25.94,
8271,O.O=c1[nH]cnc2c1ncn2[C@@H]1O[C@H](COP(=O)([O-])[O-])[C@@H](O)[C@H]1O.[Pt+2],success,42,26,50.83,
8272,O.O=c1[nH]cnc2c1ncn2[C@@H]1O[C@H](CO)[C@@H](O)[C@H]1F,success,42,26,40.09,
8273,O=c1[nH]cnc2c1ncn2[C@@H]1O[C@H](CO)[C@@H](OP(=O)(O)OP(=O)(O)O)[C@H]1O,success,68,52,61.37,
8274,CP1(=O)OC[C@H]2O[C@@H](n3cnc4c(=O)[nH]c(N)nc43)[C@H](O)[C@@H]2O1,success,114,95,113.15,
8275,O=c1[nH]cnc2c1[nH]c[n+]2[C@@H]1O[C@H](COP(=O)(O)O)[C@@H](O)[C@H]1O,success,119,101,189.79,
8276,CP(=O)(O)OC[C@H]1O[C@@H](n2cnc3c(=O)[nH]cnc32)[C@H](O)[C@@H]1O,success,224,205,229.29,
8277,O=c1[nH]cnc2c1ncn2[C@@H]1O[C@H](COP(=O)(O)OP(=O)(O)OP(=O)(O)O)[C@@H](O)[C@H]1O.[Na].[Na],success,42,26,59.92,
8278,N[C@H]1[C@H](O)[C@@H](CO)O[C@H]1n1cnc2c(=O)[nH]cnc21,success,314,295,247.82,
8279,Nc1nc2c(ncn2[C@@H]2O[C@H](COP(=O)(O)O)[C@@H](OP(=O)(O)OP(=O)(O)O)[C@H]2O)c(=O)[nH]1.[Li].[Li].[Li].[Li].[Li],success,42,26,40.36,
8280,O=c1[nH]cnc2c1ncn2[C@H]1C[C@@H](O)[C@@H](COP(=O)([O-])OP(=O)([O-])OP(=O)([O-])O)O1.[Na+].[Na+].[Na+],success,42,26,46.01,
8281,Cn1c[n+]([C@@H]2O[C@H](C[O-])[C@@H](O)[C@H]2O)c2nc(N)[nH]c(=O)c21,success,306,287,281.63,
8282,O=c1[nH]cnc2c1ncn2C1OC[C@@H](O)[C@@H](O)[C@H]1O,failed,201,182,183.8,min() arg is an empty sequence
8283,[15NH2]c1[15n]c2c([15n]c[15n]2[C@H]2C[C@@H](O)[C@@H](CO)O2)c(=O)[15nH]1,success,287,268,256.38,
8284,O=c1[nH]cnc2c1ncn2C1OC(COP(=O)(O)O)C(O)C1O.[Na],success,42,26,39.63,
8285,O=CC=CNc1nc2c(ncn2[C@@H]2O[C@H](CO)[C@@H](O)[C@H]2O)c(=O)[nH]1,success,2909,2889,2613.82,
8286,Nc1nc2c(nc(NO)n2[C@@H]2O[C@H](CO)[C@@H](O)[C@H]2O)c(=O)[nH]1,success,373,354,276.81,
8287,Cn1c[n+]([C@@H]2O[C@H](COP(=O)([O-])O)[C@@H](O)[C@H]2O)c2nc(N)[nH]c(=O)c21.[Na],success,42,26,33.4,
8288,Nc1nc2c(ncn2[C@H]2C[C@H](OP(=O)(O)O)[C@@H](CO)O2)c(=O)[nH]1.[Na].[Na],success,42,26,32.51,
8289,Nc1nc2c(ncn2[C@@H]2O[C@H](CO)[C@@H](O)[C@H]2[Se])c(=O)[nH]1,success,42,26,25.33,
8290,Nc1nc2c(ncn2[C@@H]2O[C@H](CO)[C@@H](OP(O)(=S)OP(=O)(O)OP(=O)(O)O)[C@H]2O)c(=O)[nH]1,success,55,39,82.72,
8291,Nc1nc2c(nc(N=O)n2[C@@H]2O[C@H](CO)[C@@H](O)[C@H]2O)c(=O)[nH]1,success,283,264,211.04,
8292,N.Nc1nc2c(ncn2[C@@H]2O[C@H](COP(=O)(O)OP(N)(=O)O)[C@@H](O)[C@H]2O)c(=O)[nH]1,success,42,26,47.83,
8293,O=c1[nH]cnc2c1ncn2[C@@H]1O[C@H](COP(=O)(O)O)[C@@H](O)[C@H]1O.[Ba],success,42,26,33.04,
8294,O=c1[nH]cnc2c1ncn2[C@H]1O[C@@H](COP(=O)(O)OP(=O)(O)OP(=O)(O)O)C(O)C1O,success,57,41,54.17,
8295,CN(C)/C=N/c1nc2c(ncn2[C@@H]2C[C@@H](O)[C@H](CO)O2)c(=O)[nH]1,success,324,305,405.82,
8296,CC(C)CNc1nc2c(ncn2[C@H]2C[C@H](N)[C@@H](CO)O2)c(=O)[nH]1,success,1256,1236,1168.14,
8297,CC(C)C(=O)Nc1nc2c(ncn2C2OC(CO)[C@H](O)C2O)c(=O)[nH]1,success,2409,2387,3395.18,
8298,Nc1nc2c(ncn2[C@@H]2O[C@H](COP(=O)(O)OP(O)(O)=S)[C@@H](O)[C@H]2O)c(=O)[nH]1.[Li].[Li].[Li],success,42,26,41.46,
8299,N[C@@H]1CO[C@H](Cn2cnc3c(=O)[nH]cnc32)[C@@H](O)[C@H]1O,success,202,183,152.34,
8300,Nc1nc2c(ncn2[C@@H]2C[C@@H](O)[C@H](CO)O2)c(=O)[nH]1.O,success,42,26,30.28,
8301,Nc1nc2c(ncn2[C@@H]2C[C@@H](O)[C@H](COP(=O)([O-])[O-])O2)c(=O)[nH]1.[Na+].[Na+],success,42,26,32.95,
8302,O=c1[nH]cnc2c1ncn2[C@H]1O[C@@H](COP(=O)([O-])OP(=O)([O-])O)[C@H](O)[C@@H]1O.[Na+].[Na+],success,42,26,35.19,
8303,O=c1[nH]cnc2c1ncn2[C@H]1O[C@@H](COP(=O)([O-])OP(=O)([O-])OP(=O)([O-])O)[C@H](O)[C@@H]1O.[Na+].[Na+].[Na+],success,42,26,39.35,
8304,O=c1[nH]cnc2c1ncn2[C@H]1O[C@@H](COP(=O)([O-])[O-])[C@H](O)[C@@H]1O.[Na+].[Na+],success,42,26,42.1,
8305,O=c1[nH]cnc2c1ncn2C[C@@H]1O[C@H](COP(=O)([O-])OP(=O)([O-])OP(=O)([O-])O)[C@H](O)C1O.[Na+].[Na+].[Na+],success,42,26,51.58,
8306,O=c1[nH]cnc2c1ncn2C[C@@H]1O[C@H](COP(=O)(O)OP(=O)(O)OP(=O)(O)O)[C@H](O)C1O,success,56,40,53.04,
8307,Nc1nc2c(ncn2C2OC(COP(=O)(O)OP(=O)(O)OP(=O)(O)O)C([O-])C2O)c(=O)[nH]1.[Na+],success,42,26,44.85,
8308,O=c1[nH]cnc2c1ncn2[C@H]1O[C@@H](COP(=O)(O)OP(=O)(O)O)C(O)C1O,success,71,55,64.89,
8309,O=c1[nH]cnc2c1ncn2[C@H]1O[C@@H](COP(=O)([O-])[O-])[C@@H](O)C1O.[Ba+2],success,42,26,40.05,
8310,O=c1[nH]cnc2c1ncn2[C@H]1O[C@@H](COP(=O)(O)O)[C@@H](O)C1O,success,120,102,203.05,
8311,Nc1nc2c(ncn2[C@@H]2C[C@H](O)[C@H](COP(=O)([O-])O)O2)c(=O)[nH]1.O.[Na+],success,42,26,52.15,
8312,Nc1nc2c(ncn2[C@@H]2O[C@H](CO)C(OP(=O)([O-])[O-])C2O)c(=O)[nH]1.[Na+].[Na+],success,42,26,33.42,
8313,O=c1[nH]cnc2c1ncn2[C@H]1O[C@@H](COP(=O)([O-])OP(=O)([O-])[O-])C(O)C1O.[Na+].[Na+].[Na+],success,42,26,36.01,
8314,Nc1nc2c(ncn2[C@@H]2CC(O)[C@H](COP(=O)(O)O)O2)c(=O)[nH]1,success,183,164,222.82,
8315,CN(C)c1nc2c(c(=O)[nH]1)n(C)c[n+]2[C@@H]1O[C@H](CO)C(O)C1O,success,328,309,350.14,
8316,Nc1nc2c(ncn2[C@@H]2O[C@H](COP(=O)(O)OP(=O)([O-])O)C(O)C2O)c(=O)[nH]1.[Na+],success,42,26,35.42,
8317,Nc1nc2c(ncn2[C@@H]2O[C@H](COP(=O)([O-])OP([O-])([O-])=S)C(O)C2O)c(=O)[nH]1.[Li+].[Li+].[Li+],success,42,26,49.23,
8318,Nc1nc2c(ncn2[C@@H]2C[C@@H](O)[C@H](COP(=O)([O-])O)O2)c(=O)[nH]1.[Na+],success,42,26,49.43,
8319,O=c1[nH]c(Cl)nc2c1ncn2[C@H]1O[C@@H](CO)[C@@H](O)C1O,failed,283,264,249.84,min() arg is an empty sequence
8320,O=c1[nH]cnc2c1nc(Cl)n2[C@H]1O[C@@H](CO)[C@@H](O)C1O,failed,283,264,282.4,min() arg is an empty sequence
8321,Nc1nc2c(ncn2[C@@H]2C[C@H](O)[C@H](CO)O2)c(=O)[nH]1.O,success,42,26,40.25,
8322,[15NH2][13c]1nc2c(ncn2[C@@H]2C[C@H](O)[C@H](CO)O2)c(=O)[15nH]1,success,287,268,250.78,
8323,Nc1nc2c(n[14cH]n2C2OC(COP(=O)([O-])[O-])C(O)C2O)c(=O)[nH]1.[NH4+].[NH4+],success,42,26,33.44,
8324,Nc1nc2c(n[14cH]n2C2OC(COP(=O)(O)O)C(O)C2O)c(=O)[nH]1,success,135,117,186.56,
8325,O=c1[nH]cnc2c1ncn2[C@@H]1[Se][C@H](CO)[C@@H](O)[C@H]1O,success,360,341,285.13,
8326,Nc1nc2c(ncn2[C@@H]2O[C@@H]3COP(=S)(S)O[C@H]3[C@H]2O)c(=O)[nH]1,success,113,94,197.38,
8327,O=c1[nH]cnc2c1nc(N1CCOCC1)n2[C@H]1O[C@@H](CO)C(O)C1O,success,115,97,107.76,
8328,CO[C@H]1[C@H](n2cnc3c(=O)[nH]c(N)nc32)O[C@](CN)(CO)[C@H]1O,success,370,351,358.18,
8329,C[C@@]1(O)[C@@H](n2cnc3c(=O)[nH]c(N)nc32)O[C@@H](CO)[C@@H]1O,success,366,347,364.36,
8330,Nc1nc2c(n[c]n2[C@H]2C[C@H](O)[C@@H](CO)O2)c(=O)[nH]1,success,42,26,25.22,
8331,Nc1nc2c(ncn2[C@@H]2C[C@@H](O)[C@H](CO)O2)c(=O)[nH]1.O.O,success,42,26,41.51,
8332,Nc1nc2c(ncn2[C@H]2C[C@H](O)[C@@H]([CH]O)O2)c(=O)[nH]1,success,42,26,25.61,
8333,CC(=O)c1nc2c(=O)[nH]c(N)nc2n1[C@H]1C[C@H](O)[C@@H](CO)O1,success,1742,1720,2079.04,
8334,Nc1nc2c(ncn2[C@@H]2O[C@H](COP(O)(=S)OP(=O)(O)OP(O)(O)=S)[C@@H](O)[C@H]2O)c(=O)[nH]1,success,97,81,103.53,
8335,Cn1c[n+]([C@@H]2O[C@H](COP(=O)(O)OP(O)(O)=S)[C@@H](O)[C@H]2O)c2nc(N)[nH]c(=O)c21,success,112,96,114.69,
8336,CN(C)/C=N/c1nc2c(ncn2[C@@H]2O[C@H](CO)[C@@H](O)[C@H]2O[Si](C)(C)C(C)(C)C)c(=O)[nH]1,success,42,26,38.54,
8337,Nc1nc2c(ncn2[C@@H]2O[C@H](COP([O-])(=S)OP(=O)([O-])[O-])[C@@H](O)[C@H]2O)c(=O)[nH]1.[Na+].[Na+].[Na+],success,42,26,36.25,
8338,Nc1nc2c(ncn2C2OC(COP(=O)([O-])OP(=O)(O)OP(=O)([O-])O)[C@@H](O)C2O)c(=O)[nH]1.[Na+].[Na+],success,42,26,37.46,
8339,Nc1nc2c(ncn2C2OC(COP(=O)(O)OP(=O)(O)OP(=O)(O)O)[C@@H](O)C2O)c(=O)[nH]1,success,57,41,56.17,
8340,[15NH2][13c]1[15n][13c]2[13c]([15n][13cH][15n]2[13C@H]2[13CH2][13C@H](O)[13C@@H]([13CH2]OP(=O)(O)O)O2)[13c](=O)[15nH]1.[Na+],success,42,26,44.07,
8341,[15NH2][13c]1[15n][13c]2[13c]([15n][13cH][15n]2[13C@H]2[13CH2][13C@H](O)[13C@@H]([13CH2]OP(=O)(O)O)O2)[13c](=O)[15nH]1,success,180,161,235.1,
8342,O=c1[nH]cnc2c1ncn2[C@@H]1O[C@H](CO)[C@@H](O)C1O,success,301,282,273.89,
8343,O=c1[nH]cnc2c1ncn2[C@H]1C[C@H](O)[C@H](C(O)(O)OOP(=O)(O)OOP(=O)(O)OP(=O)(O)O)O1,success,42,26,48.45,
8344,Nc1nc2c(ncn2C2CC(O)[C@@H](CO)O2)c(=O)[nH]1.O,success,42,26,25.83,
8345,O=c1[nH]cnc2c1ncn2C1CC(O)C(COP(=O)(O)OP(=O)(O)OP(=O)(O)O)O1.[Na],success,42,26,38.82,
8346,Nc1nc2c(ncn2C2OC(COP(=O)([O-])[O-])C(OP(=O)([O-])O)C2O)c(=O)[nH]1,success,95,79,94.44,
8347,O=c1[nH]cnc2c1ncn2[C@H]1C[C@H](O)[C@@H](COP(=O)(O)OP(O)(O)=S)O1,success,81,65,101.38,
8348,O=c1[nH]cn[13c]2[13c]1[15n]cn2[C@H]1O[C@@H](CO)C(O)[C@H]1O,success,301,282,256.25,
8349,O=c1[nH]cnc2c1n[14cH]n2C1OC(COP(=O)([O-])[O-])C(O)C1O.[NH4+].[NH4+],success,42,26,33.62,
8350,O=c1[nH]cnc2c1n[14cH]n2C1OC(COP(=O)(O)O)C(O)C1O,success,120,102,209.27,
8351,C[C@]1(O)C(O)[C@H](CO)O[C@@H]1n1cnc2c(=O)[nH]c(N)nc21,success,367,348,301.35,
8352,CC1CC(O)[15n]2c(=O)c3ncn(C4CC(O)C(CO)O4)c3n[13c]2[15NH]1,success,267,249,304.04,
8353,CC1CC(O)n2c(nc3c(ncn3C3CC(O)C(CO)O3)c2=O)N1,success,267,249,293.35,
8354,Nc1nc2c(ncn2C2CC(O)C(COP(=O)(O)[SeH])O2)c(=O)[nH]1,success,242,223,308.85,
8355,O.O.O.O.O.O.O.O=c1[nH]cnc2c1ncn2C1OC(COP(=O)([O-])[O-])C(O)C1O.[Na+].[Na+],success,42,26,37.9,
8356,Nc1nc2c(ncn2C2OC(COP(=O)([O-])OP(=O)([O-])[O-])C(O)C2O)c(=O)[nH]1.[Na+].[Na+].[Na+],success,42,26,35.62,
8357,Nc1nc2c(ncn2C2OC(COP(=O)(O)OP(=O)(O)OP(=O)(O)O)C(O)C2O)c(=O)[nH]1.[Na].[Na].[Na],success,42,26,51.38,
8358,C[C@@]1(O)C(O)C(CO)OC1n1cnc2c(=O)[nH]c(N)nc21,success,367,348,337.91,
8359,Nc1nc2c(ncn2C2CC(O)C(CO)O2)c(=O)[nH]1.O.O,success,42,26,25.94,
8360,NC1CC(n2cnc3c(=O)[nH]cnc32)OC1CO,success,200,181,193.3,
8361,Nc1nc2c(ncn2C2OC(COP(=O)([O-])OP(=O)(O)OP(=O)([O-])O)C(O)C2O)c(=O)[nH]1.[Na+].[Na+],success,42,26,37.12,
8362,O.O=c1[nH]cnc2c1ncn2[C@H]1O[C@@H](COP(=O)([O-])[O-])[C@H](O)[C@@H]1O.[Na+].[Na+],success,42,26,53.67,
8363,COC1C(O)C(CO)OC1n1cnc2c(=O)[nH]c(N=CN(C)C)nc21,success,243,225,299.22,
8364,O.O.O.O.O.O.O.O.O=c1[nH]cnc2c1ncn2C1OC(COP(=O)([O-])[O-])C(O)C1O.[Na+].[Na+],success,42,26,36.73,
8365,O=c1[nH]cnc2c1ncn2C1OC(COP(=O)([O-])[O-])C(O)C1O.[Ba+2],success,42,26,33.09,
8366,Cc1nc2c(=O)[nH]c(N)nc2n1C1CC(O)C(CO)O1,success,306,287,244.63,
8367,Nc1nc2c(ncn2[C@@H]2O[C@H](COP(=O)([O-])[O-])[C@@H](OP(=O)([O-])[O-])[C@H]2O)c(=O)[nH]1,success,85,69,85.94,
8368,CC(C)[Si]1(C(C)C)OC[C@H]2O[C@@H](n3cnc4c(=O)[nH]c(NC(=O)N(C)C)nc43)[C@H](O)[C@@H]2O[Si](C(C)C)(C(C)C)O1,success,42,26,32.7,
8369,CO[C@@H]1[C@H](O)[C@@H](COP(=O)([O-])[O-])O[C@H]1n1cnc2c(=O)[nH]c(N)nc21.[Na+].[Na+],success,42,26,52.87,
8370,O=c1[nH]cnc2c1ncn2[C@H]1C[C@H](O)[C@@H](COP(=O)([O-])OP(=O)([O-])[O-])O1.[Na+].[Na+].[Na+],success,42,26,34.16,
8371,O=c1[nH]cnc2c1ncn2C1OC(COP(=O)([O-])O)C(O)C1O.[K+],success,42,26,50.79,
8372,Nc1nc2c(ncn2[C@@H]2O[C@H](COP(=O)([O-])OP(=O)([O-])O)[C@@H](O)[C@H]2O)c(=O)[nH]1.[Na+].[Na+],success,42,26,36.51,
8373,Nc1nc2c(ncn2[C@@H]2OC3COP(=O)(O)O[C@@H]3C2O)c(=O)[nH]1,success,125,106,142.71,
8374,O=c1[nH]cnc2c1ncn2[C@H]1O[C@H](COP(=O)(O)O)[C@H](O)[C@H]1O,success,119,101,199.62,
8375,O=c1[nH]cnc2c1ncn2[C@H]1O[C@H](COP(=O)(O)OP(=O)(O)OP(=O)(O)O)[C@H](O)[C@@H]1O,success,57,41,55.12,
8376,Cn1c[n+](C2OC(COP(=O)(O)OP(=O)(O)O)C(O)C2O)c2nc(N)[nH]c(=O)c21,success,78,62,101.42,
8377,Nc1nc2c(ncn2C2CC(OP(=O)([O-])[O-])C(CO)O2)c(=O)[nH]1.[Na+].[Na+],success,42,26,34.99,
8378,NC(=O)c1ncn([C@@H]2O[C@H]3COP(=O)(O)O[C@H]3[C@H]2O)c1N,success,404,385,443.13,
8379,C#C.Nc1nc2c(ncn2[13CH]2O[C@H]([13CH2]OP(=O)(O)O)[13CH](O)[13CH]2O)c(=O)[nH]1,success,42,26,36.25,
8380,Nc1nc2c(ncn2[13CH]2O[C@H]([13CH2]OP(=O)(O)O)[13CH](O)[13CH]2O)c(=O)[nH]1,success,131,113,229.2,
8381,Nc1n[13c]2[13c]([15n]c(N)n2[C@@H]2O[C@H](CO)[C@H](O)[C@@H]2O)c(=O)[nH]1,success,402,383,402.53,
8382,[15NH2][13c]1nc2c(nc(Br)n2[C@@H]2O[C@H](CO)[C@@H](O)[C@H]2O)c(=O)[15nH]1,success,338,319,318.56,
8383,[2H]C([2H])([2H])N(c1nc2c(ncn2[C@@H]2O[C@H](CO)[C@@H](O)[C@H]2O)c(=O)[nH]1)C([2H])([2H])[2H],success,276,257,309.92,
8384,Nc1nc2c(ncn2[13C@H]2[13CH2][13C@H](O)[13C@@H]([13CH2]O)O2)c(=O)[nH]1.O,success,42,26,30.9,
8385,Nc1nc2c(ncn2[13C@H]2[13CH2][13C@H](O)[13C@@H]([13CH2]O)O2)c(=O)[nH]1,success,270,251,234.32,
8386,[15NH2][13c]1nc2c(ncn2[C@H]2C[C@H](O)[C@@H](CO)O2)c(=O)[15nH]1,success,287,268,245.68,
8387,[15NH2][13c]1nc2c(ncn2[C@@H]2O[C@@H]3COP(=O)(O)O[C@H]3[C@H]2O)c(=O)[15nH]1,success,124,105,140.31,
8388,NC(=O)[13c]1[15n]cn([C@@H]2O[C@H](CO)[C@@H](O)[C@H]2O)[13c]1N,success,985,966,880.1,
8389,CCn1c[n+]([C@H]2CC(O)[C@@H](CO)O2)c2nc(N)[nH]c(=O)c21,success,1072,1051,812.11,
8390,CO[C@H]1[C@@H](O)[C@H](n2cnc3c(=O)[nH]cnc32)O[C@@H]1COP(=O)(O)OC,success,170,152,272.78,
8391,Nc1nc2c(ncn2C2OC(COP(=O)(O)O)C(O)C2O)c(=O)[nH]1.O.O.O.O.[V],success,42,26,34.31,
8392,CCC(=O)NCCCNc1nc2c(ncn2C2OC(COP(=O)(O)OP(=O)(O)O)C(O)C2O)c(=O)[nH]1,success,42,26,51.61,
8393,CCC(=O)NCCCNc1nc2c(ncn2C2OC(COP(=O)(O)OP(=O)(O)OP(=O)(O)O)C(O)C2O)c(=O)[nH]1,success,42,26,64.15,
8394,CCC(=O)NCCCNc1nc2c(ncn2C2OC(COP(=O)(O)OP(=O)(O)NP(=O)(O)O)C(O)C2O)c(=O)[nH]1,success,42,26,58.26,
8395,COC[C@H]1O[C@@H](Nc2nc3c(ncn3[C@H]3C[C@H](O)[C@@H](CO)O3)c(=O)[nH]2)C[C@@H]1OC,success,94,76,62.62,
8396,Nc1nc2c(ncn2C2OC(CO[P+](O)(O)O[P+](O)(O)O)C(O[P+](O)(O)O[P+](O)(O)O)C2O)c(=O)[nH]1,success,42,26,44.95,
8397,O=c1[nH]cnc2c1ncn2[C@@H]1O[C@H](COP(=O)([O-])OP(=O)([O-])OP(=O)([O-])O)[C@@H](O)[C@H]1O.[Na+].[Na+].[Na+],success,42,26,57.9,
8398,O=c1[nH]cnc2c1ncn2C1OC(COP(=O)(O)OP(=O)(O)OP(=O)(O)O)C([O-])C1[O-].[Na+].[Na+],success,42,26,43.63,
8399,Nc1nc2c(ncn2C2OC(COP(=O)(O)CP(=O)(O)OP(=O)(O)O)C(O)C2O)c(=O)[nH]1,success,65,49,69.15,
8400,O=c1[nH]cnc2c1ncn2C1OC2COP(=O)([O-])OC2C1O.[Na+],success,42,26,40.84,
8401,Nc1nc2c(ncn2C2OC(COP(=O)(O)O[P+](=O)[O-])[C@H](O)[C@@H]2O)c(=O)[nH]1,success,107,91,110.56,
8402,C#[N+][C@]1(CO)O[C@@H](n2cnc3c(=O)[nH]cnc32)[C@@H](C#N)[C@@H]1O,success,305,286,279.21,
8403,Nc1nc2c(ncn2C[C@H](O)[C@H](O)CCO)c(=O)[nH]1,success,4992,4970,3010.35,
8404,[H]/P=[S-](=O)/OC1C(CO)OC(n2cnc3c(=O)[nH]cnc32)C1OC,success,148,129,177.04,
8405,Cn1c[n+]([C@@H]2OC(COP(=O)(O)O)[C@@H](O)[C@H]2O)c2nc(N)[nH]c(=O)c21,success,155,137,231.71,
8406,O=C(O)[C@@]1(O)[C@@H](CO)O[C@@H](n2cnc3c(=O)[nH]cnc32)[C@@H]1O,success,1134,1115,1082.98,
8407,Cn1c[n+](C2O[C@H](CO[P+](=O)O)[C@@H](O)[C@H]2O)c2nc(N)[nH]c(=O)c21,success,301,282,320.0,
8408,Cn1c[n+](C2O[C@H](COP(=O)(O)O)[C@@H](O)C2O)c2nc(N)[nH]c(=O)c21,success,159,141,236.23,
8409,CC1C[C@H](n2cnc3c(=O)[nH]cnc32)OC1CO,success,165,146,169.78,
8410,CC(O)C1O[C@@H](n2cnc3c(=O)[nH]c(N)nc32)[C@H](O)[C@@H]1O,success,944,922,757.74,
8411,C[C@H]1OC(n2cnc3c(=O)[nH]c(N)nc32)[C@H](O)[C@@H]1N,success,154,135,122.1,
8412,O=c1[nH]cnc2c1[nH]c[n+]2C1CCC(CO)O1,success,231,212,226.21,
8413,C[C@H]1O[C@@H]([n+]2cn(C)c3c(=O)[nH]c(N)nc32)C(O)C1O,success,219,200,204.36,
8414,COC1C(O)[C@@H](C)O[C@H]1n1cnc2c(=O)[nH]c(N)nc21,success,159,140,139.24,
8415,Nc1nc2c(ncn2C2OC(COP(=O)([O-])OP(=O)([O-])OP(=O)(O)O)C(O)C2O)c(=O)[nH]1.[Na+].[Na+],success,42,26,41.65,
8416,O=c1[nH]c(NC(CCCO[P+](=O)[O-])P(=O)([O-])[O-])nc2c1ncn2[C@@H]1O[C@H](CO)[C@@H](O)[C@H]1O,success,90,74,66.32,
8417,O=c1[nH]c(NC(CCCO[P+](=O)[O-])P(=O)(O)O)nc2c1ncn2[C@@H]1O[C@H](CO)[C@@H](O)[C@H]1O,success,93,77,85.99,
8418,COC1C(O)C(COP(O)(O)=S)OC1n1cnc2c(=O)[nH]c(N)nc21,success,243,224,338.8,
8419,Nc1nc2c(ncn2C2OC(CO)C(O)C2OP(=O)([O-])[O-])c(=O)[nH]1.[Na+].[Na+],success,42,26,33.28,
8420,Cn1c[n+](C2OC(COP(=O)([O-])OP(=O)([O-])OP(=O)([O-])[O-])C(O)C2O)c2nc(N)[nH]c(=O)c21.[Na+].[Na+].[Na+],success,42,26,52.87,
8421,Nc1nc2c(ncn2C2OC(COP(=O)([O-])OP(=O)([O-])OP(=O)([O-])[O-])C(O)C2O)c(=O)[nH]1.[Na+].[Na+].[Na+].[Na+],success,42,26,37.99,
8422,Nc1nc2c(ncn2C2OC(COP(=O)([O-])OP(=O)([O-])OP(=O)([O-])[O-])C(O)C2O)c(=O)[nH]1.[Li+].[Li+].[Li+].[Li+],success,42,26,39.46,
8423,Cn1c[n+](C2OC(C[O-])C(O)C2O)c2nc(N)[nH]c(=O)c21,success,310,291,317.79,
8424,Nc1nc2c(nc([N+](=O)[O-])n2C2OC(CO)C(O)C2O)c(=O)[nH]1,success,249,230,221.12,
8425,Nc1nc2c(ncn2C2OC(COP(=O)([O-])[O-])C(O)C2O)c(=O)[nH]1.[Na+],success,42,26,33.76,
8426,O=c1[nH]cnc2c1ncn2C1OC(CO)C2OC21,success,158,139,200.7,
8427,Nc1nc2c(ncn2C2OC(COP(=O)([O-])OP(=O)([O-])[O-])C(O)C2O)c(=O)[nH]1.[NH4+].[NH4+].[NH4+],success,42,26,54.98,
8428,[N-]=[N+]=NCCOP(=O)(O)OC[C@H]1O[C@@H](n2cnc3c(=O)[nH]c(N)nc32)[C@H](O)[C@@H]1O,success,170,152,144.11,
8429,Nc1nc2c(ncn2[C@@H]2O[C@H](COP(=O)([O-])OP(=O)(O)OP(=O)([O-])O)[C@@H](O)[C@H]2O)c(=O)[nH]1.[Na+].[Na+],success,42,26,44.87,
8430,Cn1c[n+]([C@@H]2O[C@H](COP(=O)(O)NCCN=[N+]=[N-])C(O)[C@@H]2O)c2nc(N)[nH]c(=O)c21,success,225,208,158.63,
8431,C[C@]1(CO)OC(n2cnc3c(=O)[nH]c(N)nc32)C(O)C1O,success,375,356,344.25,
8432,CCCC(N)C(=O)NC1C(O)C(CO)OC1n1cnc2c(=O)[nH]cnc21,success,3998,3978,5630.41,
8433,Nc1nc2c(ncn2C2OC(CO)C[C@@H]2O)c(=O)[nH]1,success,288,269,287.55,
8434,CN(C)c1nc2c(c(=O)[nH]1)n(C)c[n+]2[C@H]1C[C@H](O)[C@@H](CO)O1,failed,314,294,300.95,min() arg is an empty sequence
8435,[N-]=[N+]=NCCOP(=O)(O)OC[C@H]1O[C@@H](n2cnc3c(=O)[nH]c(N)nc32)[C@@H](O)C1O,success,170,152,187.34,
8436,C#CP(=O)(O)OP(=O)(O)OC[C@H]1O[C@@H](n2cnc3c(=O)[nH]c(N)nc32)[C@@H](O)C1O,success,103,87,115.54,
8437,[N-]=[N+]=NCCNP(=O)(O)OC[C@H]1O[C@@H](n2cnc3c(=O)[nH]c(N)nc32)[C@@H](O)C1O,success,186,169,173.65,
8438,Nc1nc2c(ncn2C2CC(O)CO2)c(=O)[nH]1,success,130,111,136.67,
8439,O=CNc1nc2c(ncn2C2CCC(CO)O2)c(=O)[nH]1,success,349,330,427.65,
8440,Cn1c[n+]([C@@H]2O[C@H](COP(=O)(O)O)[C@@H](OP(=O)(O)O)[C@H]2O)c2nc(N)[nH]c(=O)c21,success,68,52,67.63,
8441,Cn1c[n+]([C@@H]2O[C@H](COP(=O)(O)SP(=O)(O)O)[C@@H](O)[C@H]2O)c2nc(N)[nH]c(=O)c21,success,91,75,91.89,
8442,CCCOc1nc2c(ncn2[C@@H]2O[C@H](COP(=O)(O)O)[C@@H](O)[C@H]2O)c(=O)[nH]1,success,169,153,139.33,
8443,CC(C)Oc1nc2c(ncn2[C@@H]2O[C@H](COP(=O)(O)O)[C@@H](O)[C@H]2O)c(=O)[nH]1,success,115,99,123.62,
8444,Nc1nc2c(ncn2[C@H]2C[C@H](O)[C@@H](COP(=O)([O-])O)O2)c(=O)[nH]1.[NH4+],success,59,43,45.8,
8445,Nc1nc2c(ncn2C2CC(O)C(COP(=O)([O-])O)O2)c(=O)[nH]1.O.[Na+],success,42,26,35.61,
8446,CO[C@@H]1[C@H](O)[C@@H](CO)O[C@H]1n1cnc2c1NCN(C)C2=O,success,248,229,225.21,
8447,Cl.Nc1nc2c(ncn2C2OC(COP(=O)(O)O)C(O)C2O)c(=O)[nH]1,success,42,26,32.98,
8448,Cn1c[n+]([C@@H]2O[C@H](CO)[C@@H](O)[C@H]2O)c2nc([O-])[nH]c(=O)c21,success,289,270,207.85,
8449,Nc1nc2c(ncn2[C@@H]2OC3COP(=O)([O-])O[C@@H]3C2O)c(=O)[nH]1.[Na+],success,42,26,48.8,
8450,Nc1nc2c(ncn2[C@@H]2O[C@H](COP(=O)([O-])OP(=O)([O-])OP(=O)([O-])O)[C@@H](O)[C@H]2O)c(=O)[nH]1.[H-].[H-].[H-].[Na+].[Na+].[Na+],success,42,26,43.51,
8451,Nc1nc2c(ncn2[C@@H]2O[C@H](COP(=O)(O)OP(=O)(O)OP(=O)(O)O)[C@@H](O)[C@H]2O)c(=O)[nH]1.O.[Na+],success,42,26,38.27,
8452,O.O=c1[nH]cnc2c1ncn2[C@@H]1O[C@H](COP(=O)(O)O)[C@@H](O)[C@H]1O.[Na].[Na],success,42,26,33.78,
8453,Nc1nc2c(ncn2[C@H]2O[C@@H](COP(=O)([O-])O)[C@H](O)[C@H]2O)c(=O)[nH]1,success,195,177,362.8,
8454,Nc1nc2c(ncn2[C@H]2CC(O)[C@@H](COP(=O)([O-])[O-])O2)c(=O)[nH]1,success,209,190,287.45,
8455,Nc1nc2c(ncn2C2OC(COP(=O)(O)OP(=O)(O)OP(=O)(O)O)C(O)C2O)c(=O)[nH]1.[Mg],success,42,26,57.55,
8456,Nc1nc2c(ncn2C2OC(COP([O-])(=S)OP(=O)([O-])[O-])C(O)C2O)c(=O)[nH]1.[Na+].[Na+].[Na+],success,42,26,37.0,
8457,CCN(CC)CC.Nc1nc2c(ncn2C2OC3COP(O)(=S)OC3C2O)c(=O)[nH]1,success,42,26,37.0,
8458,Nc1nc2c(ncn2C2OC3COP(O)(=S)OC3C2O)c(=O)[nH]1,success,126,107,109.54,
8459,CN(C)C=Nc1nc2c(ncn2C2OC(CO)CC2O)c(=O)[nH]1,success,328,309,286.86,
8460,Nc1nc2c(ncn2C2OC(COP(=O)([O-])CP(=O)([O-])O)C(O)C2O)c(=O)[nH]1.[Na+].[Na+],success,42,26,33.75,
8461,Nc1nc2c(ncn2C2OC(COP(=O)(O)OP(=O)(O)OP(=O)([O-])O)C(O)C2O)c(=O)[nH]1.[Li+],success,42,26,59.26,
8462,Nc1nc2c(ncn2C2OC(COP(=O)([O-])[O-])C(O)C2O)c(=O)[nH]1.[Ca+2],success,42,26,41.32,
8463,CN(C)C=Nc1nc2c(nc(Br)n2C2CC(O)C(CO)O2)c(=O)[nH]1,success,301,282,278.54,
8464,O=c1[nH]cnc2c1ncn2C1OC(CO)C(O)C1OP(=O)(O)O,success,123,105,147.81,
8465,[N-]=[N+]=NC1(O)C(O)C(CO)OC1n1cnc2c(=O)[nH]c(N)nc21,success,42,26,39.96,
8466,NCCCCCCNc1nc2c(ncn2C2OC3COP(=O)(O)OC3C2O)c(=O)[nH]1,success,178,160,81.07,
8467,COC1C(O)C(CO)OC1n1cnc2c(=O)[nH]c(N(C)C)nc21,failed,261,242,267.17,min() arg is an empty sequence
8468,O=c1[nH]cnc2c1ncn2C1CC(O)C(COP(=O)([O-])OP(=O)([O-])OP(=O)([O-])[O-])O1.[Na+].[Na+].[Na+].[Na+],success,42,26,38.85,
8469,COC1C(O)C(CO)OC1n1cnc2c1NCN(C)C2=O,success,266,247,230.57,
8470,Nc1nc2c(ncn2C2OC(COP(=O)(O)OP(=O)(O)OP(=O)([O-])O)C(O)C2O)c(=O)[nH]1.[Na+],success,42,26,37.24,
8471,Nc1nc2c(ncn2C2OC(COP(=O)(O)O)C(O)C2N)c(=O)[nH]1,success,234,215,285.96,
8472,COC1C(COP(=O)(O)O)OC(n2cnc3c(=O)[nH]c(N)nc32)C1O,success,146,128,208.67,
8473,Nc1nc2c(nc(N)n2C2OC(COP(=O)(O)O)C(O)C2O)c(=O)[nH]1,success,150,132,225.53,
8474,Nc1nc2c(ncn2C2OC(COP(=O)(O)O)C(O)C2O)c(=O)[nH]1.O.O.O,success,42,26,33.8,
8475,O=c1[nH]cnc2c1nc(Br)n2C1OC(COP(=O)(O)O)C(O)C1O,success,115,97,183.59,
8476,COP(=O)(O)OCC1OC(n2cnc3c(=O)[nH]cnc32)C(O)C1O,success,189,171,280.91,
8477,COCCOC1C(O)C(COP(=O)(O)OP(=O)(O)OP(=O)(O)O)OC1n1cnc2c(=O)[nH]c(N)nc21,success,42,26,38.67,
8478,CN(C)c1nc2c(ncn2C2CC(O)C(CO)O2)c(=O)[nH]1,success,270,251,269.54,
8479,CC=Nc1nc2c(ncn2C2CC(O)C(CO)O2)c(=O)[nH]1,success,874,853,638.39,
8480,CCNc1nc2c(ncn2C2OC(CO)C(O)C2O)c(=O)[nH]1,success,1109,1088,994.69,
8481,O=c1[nH]cnc2c1ncn2C1OC(CO)C2OP(=O)(O)OC21,success,158,139,190.69,
8482,Cn1c(N)nc2c(ncn2C2OC(CO)C(O)C2(C)O)c1=O,success,379,360,342.21,
8483,Nc1nc2c([15n]c[15n]2[C@@H]2O[C@H]([13CH2]O)[C@@H](O)[C@H]2O)c(=O)[nH]1.O,success,42,26,41.63,
8484,Nc1nc2c([15n]c[15n]2[C@@H]2O[C@H]([13CH2]O)[C@@H](O)[C@H]2O)c(=O)[nH]1,success,338,319,277.85,
8485,Nc1nc2c(ncn2C2OC(COP(=O)([O-])OP([O-])([O-])=S)[C@@H](O)[C@H]2O)c(=O)[nH]1.[Li+].[Li+].[Li+],success,42,26,35.71,
8486,Cn1c[n+]([C@@H]2O[C@H](COP(O)(=S)OP(=O)(O)O)[C@@H](O)[C@H]2O)c2nc(N)[nH]c(=O)c21,success,103,87,79.91,
8487,Nc1nc2c(ncn2[C@@H]2O[C@H](CO)C3OP(=O)(O)OC32)c(=O)[nH]1,success,200,181,274.75,
8488,Cn1c(N)nc2c(ncn2C2O[C@H](CO)C(O)C2O)c1=O,success,382,363,345.61,
8489,CN(C)/C=N/c1nc2c(ncn2[C@@H]2O[C@@]3(CO)CO[C@@H]2[C@@H]3O)c(=O)[nH]1,success,305,287,307.74,
8490,COCC1CC[C@H](n2cnc3c(=O)[nH]cnc32)O1,success,89,71,105.45,
8492,Nc1nc2c(ncn2C2(O)CC(O)C(CO)O2)c(=O)[nH]1,success,447,428,356.14,
8493,CC(=O)C(=O)OCC1OC(n2cnc3c(=O)[nH]cnc32)C(O)C1O,success,5125,5103,5977.45,
8494,O=c1[nH]c(NNC2CC2)nc2c1ncn2C1OC(CO)C(O)C1O,failed,353,334,329.25,min() arg is an empty sequence
8495,Nc1nc2c(ncn2C2CC(O)C(COO)O2)c(=O)[nH]1,success,183,164,178.89,
8496,Nc1nc2c(ncn2C2OC(COP(=O)(O)O)C(O)C2O)c(=O)[nH]1.[Na+].[Na+],success,42,26,33.19,
8497,C[C@H]1CC(n2cnc3c(=O)[nH]cnc32)OC1CO,failed,165,146,153.55,min() arg is an empty sequence
8498,CC[C@H]1O[C@@H](n2cnc3c(=O)[nH]c(N=CN(C)C)nc32)[C@H](O)[C@@H]1O,success,645,625,640.19,
8499,N#C[C@@H]1[C@H](n2cnc3c(=O)[nH]cnc32)O[C@@](CO)(N=[N+]=N)[C@H]1O,success,42,26,38.04,
8500,CC[C@H]1O[C@@H](n2cnc3c(=O)[nH]cnc32)C[C@@H]1O,success,525,504,407.9,
8501,Nc1nc2c(ncn2[C@H]2O[C@H](CO)C(O)[C@H]2OP(=O)(O)O)c(=O)[nH]1,success,139,121,207.67,
8502,C[C@@H]1[C@H](n2cnc3c(=O)[nH]cnc32)O[C@@](CO)(N=[N+]=N)[C@H]1O,success,42,26,40.74,
8503,Cc1nc2c(ncn2C2C[C@H](O)[C@@H](CO)O2)c(=O)[nH]1,success,253,234,218.44,
8504,CC[C@H]1O[C@@H](n2cnc3c(=O)[nH]cnc32)[C@H](O)[C@@H]1CO,success,1248,1226,835.03,
8505,[3H]CCNc1nc2c(ncn2[C@@H]2O[C@@](CO)(OC)[C@@H](O)[C@H]2F)c(=O)[nH]1,success,1525,1506,1280.94,
8506,[3H]CCNc1nc2c(ncn2[C@@H]2O[C@](F)(CO)[C@@H](O)[C@@]2(C)O)c(=O)[nH]1,success,1068,1049,1062.01,
8507,CC(C)C(=O)Nc1nc2c(ncn2C2C[C@@H](O)[C@@H](CO)O2)c(=O)[nH]1,success,2423,2401,3307.03,
8508,CN(C)C=Nc1nc2c(ncn2[C@@H]2O[C@H](CO)C(O)[C@@H]2O)c(=O)[nH]1,success,328,309,335.52,
8509,C=P(O)(O)OC[C@H]1O[C@@H](n2cnc3c(=O)[nH]cnc32)C[C@@H]1O,success,176,157,224.98,
8510,CCO[C@@H]1[C@H](C)[C@@H](CO)O[C@H]1n1cnc2c(=O)[nH]c(NC(=O)C(C)C)nc21,success,307,284,213.81,
8511,C#C[C@@H]1[C@H](n2cnc3c(=O)[nH]cnc32)O[C@@](CO)(N=[N+]=N)[C@H]1O,success,42,26,32.01,
8512,Cn1c(N)nc2c(ncn2[C@@H]2O[C@](C)(CO)C(O)[C@@H]2O)c1=O,success,382,363,338.99,
8513,C[C@@H]1[C@@H](O)[C@H](n2cnc3c(=O)[nH]c(N)nc32)O[C@@H]1CO,success,333,314,307.46,
8514,CC(C)C(=O)Nc1nc2c(ncn2[C@@H]2O[C@H](CO)[C@H](C)[C@H]2O)c(=O)[nH]1,success,1675,1654,2256.22,
8515,Nc1nc2c(ncn2[C@@H]2O[C@H](CO)[C@H](O)C2[SeH])c(=O)[nH]1,success,287,268,254.36,
8516,CO[C@H]1C(O)[C@@H](CN2CCOCC2)O[C@H]1n1cnc2c(=O)[nH]c(N=CN(C)C)nc21,success,42,26,42.52,
8517,CC[C@@H]1[C@H](n2cnc3c(=O)[nH]cnc32)O[C@@](CO)(N=[N+]=N)[C@H]1O,success,42,26,26.01,
8518,[2H]OC[C@H]1O[C@@H](n2cnc3c(=O)[nH]c(N=CN(C)C)nc32)CC1O,success,233,214,224.2,
8519,[2H]OC[C@H]1O[C@@H](n2cnc3c(=O)[nH]c(N=CN(C)C)nc32)CC1OCCl,success,221,204,256.82,
8520,[2H]OC[C@H]1O[C@@H](n2cnc3c(=O)[nH]c(N=CN(C)C)nc32)CC1OCSC,success,236,219,272.25,
8521,CC(C)C(=O)Nc1nc2c(ncn2[C@@H]2O[C@H](CO)C[C@H]2OC(=O)O)c(=O)[nH]1,success,2362,2340,3670.82,
8522,COC[C@H]1O[C@@H](n2cnc3c(=O)[nH]c([N+](C)(C)C)nc32)C[C@H]1OC,success,138,120,167.94,
8523,CCC(=O)Nc1nc2c(ncn2[C@@H]2O[C@H](CO)[C@@H](O)[C@H]2O)c(=O)[nH]1,success,3174,3151,4085.41,
8524,C=P(C)(C)CC[C@H]1OC(n2cnc3c(=O)[nH]c(NC)nc32)C(O)[C@@H]1O,success,231,214,257.53,
8525,CCCCC(=O)OC[C@H]1O[C@@H](n2cnc3c(=O)[nH]c(N)nc32)[C@@H](O)C1O,success,2053,2031,2435.65,
8526,Cn1c[n+]([C@@H]2O[C@H](COP(=O)(O)OP(=O)(O)O)[C@@H](O)[C@H]2O)c2nc[nH]c(=O)c21,success,76,60,82.25,
8527,CC(C)C(=O)Nc1nc2c(ncn2[C@@H]2O[C@H](CO)[C@@H](C)[C@H]2O)c(=O)[nH]1,success,1675,1654,2252.81,
8528,Nc1nc2c(ncn2[C@@]2(O)O[C@H](CO)C(O)C2O)c(=O)[nH]1,success,583,564,376.96,
8529,[3H]CCNc1nc2c(ncn2C2O[C@](F)(CO)[C@@H](O)[C@@]2(C)O)c(=O)[nH]1,success,1068,1049,1128.05,
8530,CN(C)C=Nc1nc2c(ncn2[C@@H]2O[C@H](CO)[C@H](O)C2O)c(=O)n1C,success,222,204,255.99,
8531,CC[C@H]1O[C@@H](n2cnc3c(=O)n(C)c(N=CN(C)C)nc32)C(O)[C@H]1O,success,335,316,330.59,
8532,O=c1[nH]cnc2c1ncn2[C@@H]1OC[C@@H](O)[C@H]1O,success,125,106,141.8,
8533,CCO[C@H]1C(O)[C@@H](CO)O[C@H]1n1cnc2c(=O)[nH]c(N)nc21,success,977,955,765.73,
8534,CC[C@H]1OC(n2cnc3c(=O)[nH]c(NC(=O)C(C)C)nc32)[C@H](O)[C@@H]1O,success,1890,1869,2881.57,
8535,C[C@H]1[C@@H](O)[C@H](n2cnc3c(=O)[nH]cnc32)O[C@@H]1CO,success,276,257,290.49,
8536,Cc1nc2c(ncn2[C@@H]2OC(COP(=O)(O)O)[C@@H](O)[C@H]2O)c(=O)[nH]1,success,125,107,188.09,
8537,COC[C@H]1OC(n2cnc3c(=O)[nH]c([N+]#N)nc32)[C@H](OC)[C@@H]1OC,success,114,96,156.23,
8538,COC[C@H]1O[C@@H](n2cnc3c(=O)[nH]c([N+]#N)nc32)[C@H](OC)[C@@H]1OC,success,114,96,170.31,
8539,Nc1nc2c(ncn2[C@@H]2O[C@H](COP(=O)(O)OP(=O)(O)NP(=O)(O)O)C(O)[C@@H]2O)c(=O)[nH]1,success,84,68,110.01,
8540,CC(=Nc1nc2c(ncn2[C@H]2C[C@@H](O)[C@@H](CO)O2)c(=O)[nH]1)N1CCOCC1,success,42,26,42.4,
8541,CC[C@H]1OC(n2cnc3c2NCNC3=O)[C@H](O)[C@@H]1O,success,788,767,528.76,
8542,NC1NC(=O)c2ncn(C3C[C@H](O)[C@@H](COP(O)(O)=S)O3)c2N1,success,247,228,298.43,
8543,O=C1NCNc2c1ncn2[C@@H]1O[C@H](COP(=O)(O)OP(=O)(O)O)[C@@H](O)[C@H]1O,success,68,52,87.92,
8544,CN(C)C=Nc1nc2c(ncn2[C@@H]2O[C@@]3(CO)CO[C@@H]2[C@@H]3O)c(=O)[nH]1,success,305,287,344.91,
8545,Nc1nc2c(ncn2[C@@H]2O[C@H](COP(=O)([O-])OP(=O)([O-])OP(=O)([O-])[O-])[C@@H](O)[C@H]2O)c(=O)[nH]1.[Na+].[Na+],success,42,26,41.66,
8546,C=CCO[C@@H]1[C@@H](O)[C@@H](CO)O[C@H]1n1cnc2c(=O)[nH]c(N)nc21,success,1037,1017,913.07,
8547,O=c1[nH]cnc2c1ncn2[C@@H]1O[C@H](COP(=O)(O)OP(=O)(O)O)[C@H](O)C1O,success,71,55,80.59,
8548,[2H]C([2H])([2H])n1cnc2c(ncn2[C@@H]2O[C@H](CO)[C@@H](O)[C@H]2O)c1=O,success,295,276,261.35,
8549,Cn1c[n+]([C@@H]2O[C@H](COP(=O)([O-])OP(=O)([O-])O)[C@@H](O)[C@H]2O)c2nc(N)[nH]c(=O)c21.[Na+],success,42,26,35.28,
8550,[2H]c1nc2c(nc([2H])n2[C@H]2CC[C@@H](CO)O2)c(=O)[nH]1,success,112,93,142.57,
8551,CC(=O)OC1CC(n2cnc3c(=O)[nH]cnc32)OC1CO,success,1363,1340,1297.86,
8552,O=c1[nH]c(=O)c2c(ncn2C2CC(O)C(CO)O2)[nH]1,success,208,189,273.53,
8553,O=c1[nH]c(=O)c2c(ncn2[C@H]2C[C@H](O)[C@@H](CO)O2)[nH]1,success,207,188,238.85,
8554,CC1OC(n2cnc3c(=O)[nH]cnc32)C(C)(O)C1O,success,133,114,119.23,
8555,NC(=O)c1ncn([C@@H]2O[C@@H](COP(=O)(O)O)[C@H](O)[C@@H]2O)c1N,success,545,527,708.55,
8556,O=c1[nH]cnc2c1ncn2C1OC(CO)C(OC2OC(CO)C(O)C(O)C2O)C1O,success,305,287,116.3,
8557,CC(=O)OC1CC(n2cnc3c(=O)n(C(C)=O)c(N)nc32)OC1CO,success,2761,2738,3653.98,
8558,CC(=O)O[C@H]1C[C@H](n2cnc3c(=O)n(C(C)=O)c(N)nc32)O[C@H]1CO,success,2738,2715,3625.1,
8559,COC(=O)C(C)Nc1nc2c(ncn2C2OC(CO)C(O)C2O)c(=O)[nH]1,success,2800,2779,4052.98,
8560,CC(Nc1nc2c(ncn2C2OC(CO)C(O)C2O)c(=O)[nH]1)C(=O)O,success,3838,3817,5060.13,
8561,O=c1[nH]cnc2ncn(C3CC(O)C(CO)O3)c12,success,235,216,204.5,
8562,NC(=O)c1c(NC=O)ncn1C1OC(COP(=O)(O)O)C(O)C1O,success,185,167,139.15,
8563,NC(=O)c1c(NC=O)ncn1[C@H]1O[C@@H](COP(=O)(O)O)[C@H](O)[C@@H]1O,success,185,167,167.0,
8564,Nc1nc2c(ncn2CC2OC(O)C(O)C2O)c(=O)[nH]1,success,261,242,270.63,
8565,O.O.O=c1[nH]c(=O)c2ncn([C@@H]3O[C@H](CO)[C@H](O)[C@H]3O)c2[nH]1,success,42,26,45.34,
8566,O=c1[nH]cnc2c1ncn2C[C@@H]1O[C@H](COP(=O)([O-])OP(=O)([O-])O)[C@H](O)C1O.[Na+].[Na+],success,42,26,52.78,
8567,O=c1[nH]cnc2c1ncn2C[C@@H]1O[C@H](COP(=O)(O)OP(=O)(O)O)[C@H](O)C1O,success,69,53,90.33,
8568,Nc1nc2c(n[14cH]n2[C@@H]2O[C@H](COP(=O)([O-])[O-])[C@@H](O)[C@H]2O)c(=O)[nH]1.[NH4+].[NH4+],success,42,26,53.24,
8569,Nc1nc2c(n[14cH]n2[C@@H]2O[C@H](COP(=O)(O)O)[C@@H](O)[C@H]2O)c(=O)[nH]1,success,134,116,213.01,
8570,O=c1[nH]cnc2c1n[14cH]n2[C@@H]1O[C@H](COP(=O)([O-])[O-])[C@@H](O)[C@H]1O.[NH4+].[NH4+],success,42,26,44.7,
8571,CN(C)c1nc2c(ncn2[C@@H]2O[C@@H](CO)C(O)C2O)c(=O)[nH]1,success,316,297,292.96,
8572,C[C@]1(O)[C@H](O)[C@@H](CO)O[C@H]1n1cnc2c(=O)[nH]c(N)nc21,success,366,347,309.95,
8573,[2H]c1[nH]c2nc(=O)c3nc([2H])n([C@H]4C[C@H](O)[C@@H](CO)O4)c3n2c1[2H],success,189,170,206.69,
8574,Cl.NCCCCCCNc1nc2c(=O)[nH]cnc2n1C1OC(CO)C(O)C1O,success,42,26,46.32,
8575,Nc1nc2c(ncn2[C@@H]2O[C@H](COP(=O)(O)OP(=O)(O)OP(=O)([O-])O)[C@@H](O)[C@H]2O)c(=O)[nH]1.O.[Na+],success,42,26,38.0,
8576,CNc1nc2c(ncn2C2CC[C@@H](CO)O2)c(=O)[nH]1,success,224,205,226.09,
8577,Nc1[15n]c2c([15n]c[15n]2[C@@H]2O[C@H](COP(=O)([O-])[O-])[C@@H](O)[C@H]2O)c(=O)[15nH]1.[Na+].[Na+],success,42,26,53.05,
8578,Nc1[15n]c2c([15n]c[15n]2[C@@H]2O[C@H](COP(=O)(O)O)[C@@H](O)[C@H]2O)c(=O)[15nH]1,success,134,116,241.1,
8579,Nc1nc2c(ncn2[13C@@H]2O[13C@H]([13CH2]OP(=O)(O)O)[13C@@H](O)[13C@H]2O)c(=O)[nH]1,success,131,113,196.47,
8580,C[C@H]1[C@@H](O[Si](C)(C)C(C)(C)C)[C@H](n2cnc3c(=O)[nH]cnc32)O[C@@H]1CO,success,42,26,40.95,
8581,[2H]C([2H])(O)[C@H]1O[C@@H](n2cnc3c(=O)[nH]c(C)nc32)C(O)(C#C)[C@H]1O,success,199,180,216.41,
8582,[2H]C([2H])(O)[C@H]1O[C@@H](n2cnc3c(=O)[nH]c(C)nc32)C(O)(C#CC)[C@H]1O,success,348,330,397.12,
8583,COCC1OC(n2cnc3c(=O)[nH]c(NN)nc32)C(O)C1OC,success,256,237,270.49,
8584,CC(C)C(=O)Nc1nc2c(ncn2[C@@H]2O[C@H](CO)[C@@H](C)[C@@H]2O)c(=O)[nH]1,success,1675,1654,2362.6,
8585,CC#CC1(O)[C@@H](O)[C@@H](CO)O[C@H]1n1cnc2c(=O)[nH]c(C)nc21,success,475,455,430.14,
8586,C=NCCNP(=O)(O)OC[C@H]1O[C@@H](n2cnc3c(=O)[nH]c(N)nc32)C(O)C1O,success,221,204,155.68,
8587,COCC[C@@]1(O)[C@@H](n2cnc3c(=O)[nH]c(N)nc32)O[C@@H](CO)[C@@H]1O,success,1234,1214,1009.42,
8588,Nc1nc2c(ncn2C2OC(COP3OP(=O)(O)OP(=O)(O)O3)C(O)C2O)c(=O)[nH]1,success,83,67,69.69,
8589,Nc1nc2c(ncn2C2OC(COP(=O)(O)CP(=O)(O)OP(O)(O)=S)C(O)C2O)c(=O)[nH]1,success,88,72,113.1,
8590,Nc1nc2c(ncn2C2OC(COP(=O)(O)OP(O)(=S)OP(=O)(O)O)C(O)C2O)c(=O)[nH]1,success,85,69,142.15,
8591,Nc1nc2c(ncn2C2O[C@H](COP(O)(O)=S)[C@@H](O)[C@H]2O)c(=O)[nH]1,success,258,239,303.9,
8592,Nc1nc2c(ncn2C2CC(OP(O)(=S)S)C(CO)O2)c(=O)[nH]1,success,205,186,255.78,
8593,CCCCOP(=O)(O)CP(=O)(O)OP(=O)(O)OCC1OC(n2cnc3c(=O)[nH]c(N)nc32)C(O)C1O,success,201,185,133.06,
8594,CCCCNP(=O)(O)OP(=O)(O)OP(=O)(O)OCC1OC(n2cnc3c(=O)[nH]c(N)nc32)C(O)C1O,success,187,171,154.33,
8595,[2H]C([2H])([2H])O[C@@H]1[C@H](C)[C@@H](C([2H])([2H])O)O[C@H]1n1cnc2c(=O)[nH]c(NC(=O)C(C)C)nc21,success,221,202,141.07,
8596,CCCCOP(=O)(O)OP(=O)(O)OP(=O)(O)OCC1OC(n2cnc3c(=O)[nH]c(N)nc32)C(O)C1O,success,118,102,96.48,
8597,CCCCNP(=O)(O)CP(=O)(O)OP(=O)(O)OCC1OC(n2cnc3c(=O)[nH]c(N)nc32)C(O)C1O,success,286,268,191.31,
8598,NCCCP(=O)(O)OP(=O)(O)OP(=O)(O)OC[C@H]1O[C@@H](n2cnc3c(=O)[nH]c(N)nc32)[C@@H](O)C1O,success,162,146,164.35,
8599,CNP(=O)(O)CP(=O)(O)OP(=O)(O)OCC1OC(n2cnc3c(=O)[nH]c(N)nc32)C(O)C1O,success,116,99,193.44,
8600,NCCCP(=O)(O)OP(=O)(O)OP(=O)(O)OCC1OC(n2cnc3c(=O)[nH]c(N)nc32)C(O)C1O,success,162,146,175.34,
8601,CNCCP(=O)(O)OP(=O)(O)OP(=O)(O)OCC1OC(n2cnc3c(=O)[nH]c(N)nc32)C(O)C1O,success,134,117,160.95,
8602,CCCCOP(=O)(O)NP(=O)(O)OP(=O)(O)OCC1OC(n2cnc3c(=O)[nH]c(N)nc32)C(O)C1O,success,177,161,131.18,
8603,C=P(O)(OCC)OCC1OC([n+]2cn(C)c3c(=O)[nH]c(N)nc32)C(O)C1O,success,556,534,798.91,
8604,Nc1nc2c(ncn2[C@@H]2O[C@H](COP(=O)(O)OP(=O)(O)NP(=O)(O)O)[C@H](O)C2O)c(=O)[nH]1,success,84,68,113.53,
8605,[N-]=[N+]=NP(=O)(O)OC[C@H]1O[C@@H](n2cnc3c(=O)[nH]c(N)nc32)[C@H](O)[C@@H]1O,success,84,68,93.65,
8606,CN(C)C(=O)c1nc2c(=O)[nH]c(N)nc2n1[C@@H]1O[C@H](CO)[C@@H](O)[C@H]1O,success,796,777,818.03,
8607,C[C@@]1(O)[C@H](O)[C@@H](CO)O[C@H]1n1c(N=[N+]=[N-])nc2c(=O)[nH]c(N)nc21,success,42,26,26.11,
8608,O.O.O.O.O.O=c1[nH]cnc2c1ncn2[C@@H]1O[C@H](C[O-])[C@@H](O)[C@H]1O.O=c1[nH]cnc2c1ncn2[C@@H]1O[C@H](C[O-])[C@@H](O)[C@H]1O.[Na+].[Na+],success,42,26,30.57,
8609,O.[2H][C@]1(CO)O[C@@H](n2cnc3c(=O)[nH]c(N)nc32)C[C@@H]1O,success,42,26,25.85,
8610,O.[2H][C@]1(O)C[C@H](n2cnc3c(=O)[nH]c(N)nc32)O[C@@H]1CO,success,42,26,25.84,
8611,O.[2H]C1([2H])[C@H](O)[C@@H](CO)O[C@H]1n1cnc2c(=O)[nH]c(N)nc21,success,42,26,26.07,
8612,O.[2H][C@@]1(n2cnc3c(=O)[nH]c(N)nc32)O[C@H](CO)[C@@H](O)[C@H]1O,success,42,26,40.85,
8613,O=c1[nH]cnc2c1ncn2[13C@@H]1O[C@H](CO)[C@@H](O)[C@H]1O,failed,300,281,244.06,min() arg is an empty sequence
8614,[2H]c1nc2c(=O)[nH]c(N)nc2n1[C@@H]1O[C@H](CO)[C@@]([2H])(O)[C@H]1O,success,320,301,383.64,
8615,O=c1[nH]cnc2c1ncn2[C@H]1O[C@@H](CO)[C@@H](O)C1O,success,301,282,279.86,
8616,O=c1[nH]cnc2c1ncn2[C@@H]1OC(COP(=O)([O-])[O-])C(O)C1O.[Na+].[Na+],success,42,26,33.21,
8617,O=c1[nH]cnc2c1ncn2C1OC(COP(=O)(O)OP(=O)(O)O)[C@H](O)[C@@H]1O,success,71,55,86.36,
8618,O=c1[nH]cnc2c1ncn2[C@@H]1O[C@H](COP(=O)(O)CP(=O)(O)O)[C@H](O)C1O,success,81,65,66.94,
8619,CNC(=O)CO[C@@H]1[C@H](O)[C@@H](CO)O[C@H]1n1cnc2c(=O)[nH]c(N)nc21,success,1463,1444,1802.98,
8620,[2H]C([2H])([2H])n1c[n+]([C@@H]2O[C@H](CO)[C@@H](O)[C@H]2O)c2nc(N)[nH]c(=O)c21,success,395,376,342.44,
8621,Nc1nc2c(ncn2[C@@H]2O[C@H](COP(=O)(O)OP(=O)(O)OP(O)(O)=S)[C@@H](O)[C@H]2O)c(=O)[nH]1.[Li],success,42,26,38.23,
8622,O=c1[nH]cnc2c1ncn2[13C@@H]1O[13C@H]([13CH2]O)[13C@H](O)[13CH]1O,success,278,259,309.69,
8623,O.O.O.O.O.O.O.O.O=c1[nH]cnc2c1ncn2[C@@H]1O[C@H](COP(=O)([O-])O)[C@@H](O)[C@H]1O.[Na+],success,42,26,35.98,
8624,Nc1nc2c(ncn2C2CCC(C(O)(O)O)O2)c(=O)[nH]1,failed,163,144,136.52,min() arg is an empty sequence
8625,Cc1nc2c(ncn2[C@H]2CC[C@@H](CO)O2)c(=O)[nH]1,success,153,134,137.32,
8626,Cc1nc2c(ncn2[C@@H]2O[C@H](CO)CC2O[P+](=O)O)c(=O)[nH]1,success,207,188,247.18,
8627,CCOC1C(O)[C@@H]([n+]2cn(C)c3c(=O)[nH]c(N)nc32)O[C@H]1COP(=O)(O)OP(=O)(O)OP(=O)(O)OC,success,112,93,98.68,
8628,Cn1c[n+]([C@@H]2O[C@H](COP(=O)(O)O)[C@@H](O)[C@H]2O)c2nc(N)[nH]c(=O)c21.[I-],success,42,26,41.78,
8629,Cn1c[n+]([C@@H]2O[C@H](COP(=O)(O)O)[C@@H](O)[C@H]2O)c2nc(N)[nH]c(=O)c21.[Cl-],success,42,26,33.61,
8630,CCN(CC)CCNc1nc2c(=O)[nH]c(N)nc2n1[C@@H]1O[C@H](CO)[C@@H](O)[C@H]1O,success,189,170,84.53,
8631,CN1CCN(c2nc3c(=O)[nH]c(N)nc3n2[C@@H]2O[C@H](CO)[C@@H](O)[C@H]2O)CC1=O,success,42,26,29.82,
8632,Nc1nc2c(nc(NCC3CCCCO3)n2[C@@H]2O[C@H](CO)[C@@H](O)[C@H]2O)c(=O)[nH]1,success,73,57,70.73,
8633,COC1C(O)C(CO)OC1n1cnc2c(=O)[nH]c(/N=C/N(C)C)nc21,success,243,225,341.85,
8634,CN(C)/C=N/c1nc2c(ncn2C2OC(CO)CC2O)c(=O)[nH]1,failed,328,309,303.15,min() arg is an empty sequence
8635,Nc1nc2c(ncn2C2OC(COP(=O)(O)OP(=O)(O)OP(=O)(O)O)C(O)C2O)c(=O)[nH]1.O.[Na+],success,42,26,37.72,
8636,[2H]N([2H])[2H].[2H]N([2H])[2H].[2H]N([2H])[2H].[2H]N([2H])[2H].[2H]O[C@@]1([2H])[C@@]([2H])(O[2H])[C@]([2H])(n2c([2H])nc3c(=O)nc(N([2H])[2H])n([2H])c32)O[C@]1([2H])C([2H])([2H])OP(=O)(O[2H])OP(=O)(O[2H])OP(=O)(O[2H])O[2H],success,42,26,69.38,
8637,[2H]O[C@@]1([2H])[C@@]([2H])(O[2H])[C@]([2H])(n2c([2H])nc3c(=O)nc(N([2H])[2H])n([2H])c32)O[C@]1([2H])C([2H])([2H])OP(=O)(O[2H])OP(=O)(O[2H])OP(=O)(O[2H])O[2H],success,54,38,62.23,
8638,O.[15NH2][13c]1[15n][13c]2[13c]([15n][13cH][15n]2[13C@H]2[13CH2][13C@H](O)[13C@@H]([13CH2]O)O2)[13c](=O)[15nH]1,success,42,26,41.19,
8639,O.[15NH2][13c]1[15n][13c]2[13c]([15n][13cH][15n]2[13C@@H]2O[13C@H]([13CH2]O)[13C@@H](O)[13C@H]2O)[13c](=O)[15nH]1,success,42,26,31.14,
8640,N.N.N.N.[15NH2][13c]1[15n][13c]2[13c]([15n][13cH][15n]2[13C@@H]2O[13C@H]([13CH2]OP(=O)(O)OP(=O)(O)OP(=O)(O)O)[13CH](O)[13C@@H]2O)[13c](=O)[15nH]1,success,42,26,44.61,
8641,[15NH2][13c]1[15n][13c]2[13c]([15n][13cH][15n]2[13C@@H]2O[13C@H]([13CH2]OP(=O)(O)OP(=O)(O)OP(=O)(O)O)[13CH](O)[13C@@H]2O)[13c](=O)[15nH]1,success,57,41,88.55,
8642,[15NH2]c1[15n]c2c([15n]c[15n]2[C@H]2O[C@@H](COP(=O)([O-])[O-])[C@H](O)[C@H]2O)c(=O)[15nH]1.[Na+].[Na+],success,42,26,40.79,
8643,[15NH2]c1[15n]c2c([15n]c[15n]2[C@H]2O[C@@H](COP(=O)(O)O)[C@H](O)[C@H]2O)c(=O)[15nH]1,success,134,116,298.11,
8644,[15NH2]c1[15n]c2c([15n]c[15n]2[C@@H]2O[C@H](COP(=O)([O-])OP(=O)([O-])OP(=O)([O-])[O-])[C@H](O)C2O)c(=O)[15nH]1.[NH4+].[NH4+].[NH4+].[NH4+],success,42,26,59.19,
8645,[15NH2]c1[15n]c2c([15n]c[15n]2[C@@H]2O[C@H](COP(=O)(O)OP(=O)(O)OP(=O)(O)O)[C@H](O)C2O)c(=O)[15nH]1,success,57,41,55.51,
8646,[15NH2]c1[15n]c2c([15n]c[15n]2[C@@H]2O[C@H](CO)C(O)[C@@H]2O)c(=O)[15nH]1,success,362,343,334.2,
8647,[15NH2][13c]1[15n][13c]2[13c]([15n][13cH][15n]2[13C@H]2[13CH2][13C@H](O)[13C@@H]([13CH2]OP(=O)([O-])[O-])O2)[13c](=O)[15nH]1.[Na+].[Na+],success,42,26,32.86,
8648,O=c1[nH]cnc2c1ncn2[13CH]1O[13CH]([13CH2]O)[13CH](O)[13CH]1O,success,277,258,229.47,
8649,Nc1nc2c(ncn2[C@@H]2O[C@H](COP(=O)(O)OP(=O)(O)OP(=O)(O)O)[C@@H](O)[C@H]2O)c(=O)[nH]1.O.[Na],success,42,26,46.99,
8650,Nc1nc2c(ncn2[C@@H]2O[C@H](COP(=O)(O)OP(=O)(O)NP(=O)(O)O)[C@@H](O)[C@H]2O)c(=O)[nH]1.[Li],success,42,26,56.41,
8651,O=[13c]1[15nH][13cH][15n][13c]2[13c]1[15n][13cH][15n]2[13C@@H]1O[13C@H]([13CH2]OP(=O)([O-])[O-])[13C@H](O)[13CH]1O.[Li+].[Li+],success,42,26,42.53,
8652,O=[13c]1[15nH][13cH][15n][13c]2[13c]1[15n][13cH][15n]2[13C@@H]1O[13C@H]([13CH2]OP(=O)(O)O)[13C@H](O)[13CH]1O,success,116,98,187.97,
8653,O=c1[15nH]c[15n]c2c1[15n]c[15n]2[C@@H]1O[C@H](COP(=O)([O-])[O-])[C@H](O)C1O.[Li+].[Li+],success,42,26,33.3,
8654,O=c1[15nH]c[15n]c2c1[15n]c[15n]2[C@@H]1O[C@H](COP(=O)(O)O)[C@H](O)C1O,success,120,102,224.32,
8655,C[C@]1(O)C(O)[C@H](n2cnc3c(=O)[nH]cnc32)O[C@@H]1CO,success,305,286,293.55,
8656,C#C[C@]1(O)C(O)[C@H](n2cnc3c(=O)[nH]cnc32)O[C@@H]1CO,success,299,280,279.99,
8657,COC1[C@@H](O)[C@@H](CO)O[C@H]1n1c(Cl)nc2c(=O)[nH]cnc21,success,257,238,284.21,
8658,Cn1cnc2c(ncn2[C@@H]2O[C@H](CO)[C@H](O)C2(C)O)c1=O,success,314,295,289.94,
8659,Cn1c(N)nc2c(ncn2[C@@H]2O[C@H](CO)[C@H](O)C2(C)O)c1=O,success,378,359,312.72,
8660,Cn1c[n+]([C@@H]2O[C@H](CO)[C@H](O)C2(C)O)c2nc(N)[nH]c(=O)c21,success,413,394,393.03,
8661,COCCOC1[C@@H](O)[C@@H](CO)O[C@H]1n1cnc2c(=O)n(C)c(N)nc21,success,694,676,567.01,
8662,COCCOC1[C@@H](O)[C@@H](CO)O[C@H]1[n+]1cn(C)c2c(=O)[nH]c(N)nc21,success,748,730,557.99,
8663,COCCOC1[C@@H](O)[C@@H](CO)O[C@H]1n1cnc2c(=O)n(C)cnc21,success,692,674,566.29,
8664,COCCO[C@@H]1C(O)[C@H](n2cnc3c(=O)[nH]cnc32)O[C@@H]1CO,success,1009,990,750.12,
8665,COCCO[C@@H]1C(O)[C@H](n2cnc3c(=O)n(C)cnc32)O[C@@H]1CO,success,675,657,507.18,
8666,Cn1c(N)nc2c(ncn2[C@@H]2O[C@H](CO)CC2O)c1=O,success,329,310,276.19,
8667,Cn1c(N)nc2c(ncn2[C@@H]2O[C@H](CO)[C@@H](O)C2O)c1=O,success,381,362,384.94,
8668,COCCO[C@H]1C(O)[C@@H](COP(=O)(O)OP(=O)(O)OP(=O)(O)O)O[C@H]1n1cnc2c(=O)[nH]c(N)nc21,success,42,26,38.57,
8669,Cn1cnc2c(ncn2[C@@H]2O[C@H](CO)CC2O)c1=O,success,271,252,265.23,
8670,[N-]=[N+]=NC1[C@@H](CO)O[C@@H](n2cnc3c(=O)[nH]c(N)nc32)[C@H]1O,success,42,26,25.5,
8671,Nc1nc2c(nc([N+](=O)[O-])n2[C@@H]2O[C@H](CO)C(O)[C@@H]2O)c(=O)[nH]1,success,248,229,265.82,
8672,Nc1nc2c(nc(Br)n2[C@@H]2O[C@H](CO)C[C@@H]2O)c(=O)[nH]1,success,261,242,251.71,
8673,Nc1nc2c(nc(CO)n2[C@@H]2O[C@H](CO)C(O)[C@@H]2O)c(=O)[nH]1,success,613,594,454.01,
8674,C#CC1(O)[C@H](O)[C@H](n2cnc3c(=O)[nH]c(N)nc32)O[C@@H]1CO,success,356,337,352.94,
8675,COC1[C@@H](O)[C@@H](CO)O[C@H]1n1cnc2c(=O)n(C)cnc21,success,278,259,275.96,
8676,CC1(O)[C@@H](O)[C@@H](CO)O[C@H]1n1c(Cl)nc2c(=O)[nH]cnc21,success,286,267,284.19,
8677,COCCOC1[C@@H](O)[C@@H](CO)O[C@H]1n1cnc2c(=O)[nH]cnc21,success,1025,1006,810.0,
8678,CSc1nc2c(=O)[nH]c(N)nc2n1[C@@H]1O[C@H](CO)C(O)[C@@H]1O,success,398,379,347.04,
8679,CNc1nc2c(ncn2[C@@H]2O[C@H](CO)C(O)[C@@H]2OC)c(=O)n1C,success,306,287,302.42,
8680,CO[C@H]1C(O)[C@@H](CO)O[C@H]1n1cnc2c(=O)n(C)c(/N=C/N(C)C)nc21,success,193,175,198.31,
8681,CO[C@@H]1C(O)[C@H](n2cnc3c(=O)n(C)c(N)nc32)O[C@@H]1CO,success,326,307,338.34,
8682,CCNc1nc2c(ncn2[C@@H]2O[C@H](CO)[C@H](O)C2O)c(=O)[nH]1,success,1104,1083,1108.36,
8683,C#CC1(O)[C@@H](O)[C@@H](CO)O[C@H]1n1cnc2c(=O)[nH]cnc21,success,298,279,300.33,
8684,C[C@@H](O)[C@H]1O[C@@H](n2cnc3c(=O)[nH]c(N)nc32)[C@@H](O)C1O,success,957,935,724.19,
8685,C#CCOC1[C@@H](O)[C@@H](CO)O[C@H]1n1cnc2c(=O)[nH]c(N)nc21,success,712,693,760.67,
8686,Cc1cn2c(=O)c3ncn([C@@H]4O[C@H](CO)C(O)[C@@H]4O)c3nc2[nH]1,success,271,252,282.53,
8687,Cc1cn2c(=O)c3ncn([C@@H]4O[C@H](CO)C(O)[C@@H]4O)c3nc2n1C,success,162,144,187.38,
8688,Cc1nc2c(=O)[nH]c(N)nc2n1[C@@H]1O[C@H](CO)[C@H](O)C1O,success,362,343,356.1,
8689,Cc1nc2c(=O)[nH]c(N)nc2n1[C@H]1C[C@@H](O)[C@@H](CO)O1,failed,304,285,258.26,min() arg is an empty sequence
8690,C#CCO[C@H]1C(O)[C@@H](CO)O[C@H]1n1cnc2c(=O)[nH]c(NC(=O)C(C)C)nc21,success,300,279,163.24,
8691,O=c1[nH]c(Cl)nc2c1ncn2[C@H]1C[C@@H](O)[C@@H](CO)O1,success,213,194,191.25,
8692,CN(C)c1nc2c(ncn2[C@H]2CC(O)[C@@H](CO)O2)c(=O)[nH]1,success,270,251,247.31,
8693,CC(C)Nc1nc2c(ncn2[C@H]2CC(O)[C@@H](CO)O2)c(=O)[nH]1,success,1144,1123,1097.43,
8694,CCN(CC)c1nc2c(ncn2[C@H]2CC(O)[C@@H](CO)O2)c(=O)[nH]1,success,902,881,970.39,
8695,O=c1[nH]c(NC2CCCC2)nc2c1ncn2[C@H]1CC(O)[C@@H](CO)O1,success,139,123,184.4,
8696,Cn1cnc2c(ncn2[C@H]2CC(O)[C@@H](CO)O2)c1=O,success,270,251,256.75,
8697,COC1[C@@H](CO)O[C@@H](n2cnc3c(=O)[nH]c(NC(=O)C(C)C)nc32)[C@H]1O,success,1364,1342,1715.5,
8698,O=c1[nH]cnc2c1ncn2[C@H]1O[C@H](CO)[C@H](O)C1O,success,301,282,308.95,
8699,Nc1nc2c(ncn2[C@H]2O[C@H](CO)[C@H](O)C2O)c(=O)[nH]1,success,362,343,349.28,
8700,CO[C@@H]1C(O)[C@H](n2cnc3c(=O)[nH]cnc32)O[C@@H]1CO,success,254,235,243.45,
8701,COCCOC1[C@@H](CO)O[C@@H](n2cnc3c(=O)[nH]c(NC(=O)C(C)C)nc32)[C@H]1O,success,382,361,234.63,
8702,CCCCCCCCCCCCCCCCOC1[C@@H](O)[C@@H](CO)O[C@H]1n1cnc2c(=O)[nH]c(N)nc21,success,42,26,32.01,
8703,C.C.O=c1[nH]cnc2c1ncn2C1OC(COP(=O)(O)O)C(O)C1O,success,42,26,38.63,
8704,Nc1nc2c(ncn2C2OC(COP(=O)(O)OP(=O)(O)OP(=O)([O-])[O-])C(O)C2O)c(=O)[nH]1.[Na+].[Na+],success,42,26,56.24,
8705,Nc1nc2c(ncn2C2OC(COP(=O)([O-])CP(=O)([O-])[O-])C(O)C2O)c(=O)[nH]1.[Na+].[Na+].[Na+],success,42,26,33.54,
8706,Nc1nc2c(ncn2C2OC(COP(=O)([O-])OP(=O)([O-])OP(=O)([O-])O)C(O)C2O)c(=O)[nH]1.[Na+].[Na+].[Na+],success,42,26,52.93,
8707,C[C@@H](O)CN(C)C.C[C@@H](O)CN(C)C.C[C@@H](O)CN(C)C.O=c1[nH]cnc2c1ncn2[C@@H]1O[C@H](CO)[C@@H](O)[C@H]1O,success,42,26,34.63,
8708,CCC1OC(n2cnc3c(=O)[nH]cnc32)C(O)C1O,success,675,654,540.75,
8709,Nc1nc2c(ncn2C2OC(COP(=O)([O-])OP(=O)([O-])OP([O-])([O-])=S)C(O)C2O)c(=O)[nH]1.[Li+].[Li+].[Li+].[Li+].[Li+],success,42,26,38.17,
8710,O=c1[nH]c(CO)nc2c1ncn2C1OC(COP(=O)(O)O)C(O)C1O,success,110,94,90.57,
8711,Nc1nc2c(ncn2[C@@H]2O[C@H](COP(=O)(O)OP(=O)(O)OP(O)(O)=S)[C@@H](O)[C@H]2O)c(=O)[nH]1.[H-].[Li+],success,42,26,38.94,
8712,C.Nc1nc2c(ncn2[C@@H]2O[C@H](COP(=O)(O)OP(=O)(O)OP(=O)(O)O)[C@@H](O)[C@H]2O)c(=O)[nH]1,success,42,26,58.69,
8713,CC(O)CN(C)C.CC(O)CN(C)C.CC(O)CN(C)C.O=c1[nH]cnc2c1ncn2C1OC(CO)C(O)C1O,success,42,26,41.22,
8714,C.Nc1nc2c(ncn2[C@@H]2O[C@H](COP(=O)([O-])OP(=O)([O-])O)C(O)[C@@H]2O)c(=O)[nH]1,success,42,26,35.07,
8715,C.Nc1nc2c(ncn2[C@@H]2O[C@H](COP(=O)(O)OP(=O)(O)O)C(O)[C@@H]2O)c(=O)[nH]1,success,42,26,56.64,
8716,C.Nc1nc2c(ncn2C2OC(COP(=O)(O)OP(=O)(O)O)C(O)C2O)c(=O)[nH]1,success,42,26,35.81,
8717,Nc1nc2c(ncn2[C@@H]2O[C@H](COP(=O)(O)OP(=O)(O)OP(=O)([O-])[O-])[C@H](O)C2O)c(=O)[nH]1.[Na+].[Na+],success,42,26,38.45,
8718,C.C.O=c1[nH]cnc2c1ncn2[C@@H]1O[C@H](COP(=O)(O)O)C(O)[C@@H]1O,success,42,26,33.59,
8719,Nc1nc2c(ncn2[C@H]2CC(O)[C@@H](COP(=O)([O-])[O-])O2)c(=O)[nH]1.[Na+].[Na+],success,42,26,32.85,
8720,C.C.O=c1[nH]cnc2c1ncn2[C@@H]1O[C@H](COP(=O)([O-])[O-])C(O)[C@@H]1O,success,42,26,53.81,
8721,Nc1nc2c(ncn2[C@@H]2O[C@H](COP(=O)(O)OP(=O)(O)OP(=O)([O-])[O-])[C@H](O)C2O)c(=O)[nH]1.[H-].[Na+].[Na+].[Na+],success,42,26,44.63,
8722,C.O=c1[nH]cnc2c1ncn2[C@@H]1O[C@H](COP(=O)([O-])[O-])[C@@H](O)[C@H]1O.[Na+].[Na+],success,42,26,52.78,
8723,COC1C(O)C(CO)OC1n1c(C)nc2c(=O)[nH]c(N)nc21,success,330,311,333.15,
8724,CO[C@H]1C(O)[C@@H](CO)O[C@H]1n1c(C)nc2c(=O)[nH]c(N)nc21,success,311,292,289.01,
8725,Nc1nc2c(ncn2[C@@H]2O[C@]3(CO)CO[C@@H]2[C@@H]3O)c(=O)[nH]1,success,334,315,272.6,
8726,NC(=O)c1ncn([C@@H]2O[C@H](COP(=O)(O)O)C(O)[C@@H]2O)c1NC=O,success,187,169,148.93,
8727,[15NH2]C(=O)c1[15n]c[15n]([C@@H]2O[C@H](CO)[C@@H](O)[C@H]2O)c1[15NH2],success,983,964,839.2,
8728,O=c1[nH]cnc2c1ncn2[C@H]1O[C@@H](CO)C[C@H]1O,success,235,216,221.19,
8729,CO[C@@H]1[C@H](O[Si](C)(C)C(C)(C)C)[C@@H](CO)O[C@H]1n1cnc2c(=O)[nH]c(N)nc21,success,42,26,27.01,
8730,[15NH2][13c]1[15n][13c]2[13c]([15n][13cH][15n]2[13C@@H]2O[13C@H]([13CH2]OP(=O)(O)OP(=O)(O)OP(=O)([O-])O)[13C@@H](O)[13C@H]2O)[13c](=O)[15nH]1.[Na+],success,42,26,37.97,
8731,Nc1nc2c(ncn2[C@@H]2O[C@H](COP(=O)([O-])[O-])[C@@H](OP(=O)([O-])[O-])[C@H]2O)c(=O)[nH]1.[Li+].[Li+].[Li+].[Li+],success,42,26,35.36,
8732,Cc1cn2c(=O)c3ncn([C@@H]4O[C@H](CO)[C@@H](O)[C@H]4O)c3nc2n1C,success,161,143,220.82,
8733,CO[C@@H]1[C@H](O)[C@@H](CO)O[C@H]1n1cnc2c(=O)n(C)c(/N=C/N(C)C)nc21,success,193,175,216.13,
8734,C[C@@]1(O)[C@H](O)[C@@H](CO)O[C@H]1n1c(Cl)nc2c(=O)[nH]cnc21,success,286,267,249.15,
8735,O=c1[nH]c(NC2CCCC2)nc2c1ncn2[C@@H]1O[C@H](CO)[C@@H](O)[C@H]1O,success,118,102,150.08,
8736,CO[C@@H]1[C@H](O)[C@@H](COP(=O)([O-])O)O[C@H]1[n+]1cn(C)c2c(=O)[nH]c(N)nc21,success,214,196,319.97,
8737,C#CCO[C@@H]1[C@H](O)[C@@H](CO)O[C@H]1n1cnc2c(=O)[nH]c(NC(=O)C(C)C)nc21,success,299,278,164.65,
8738,Nc1nc2c(ncn2[C@@H]2O[C@H](COP(=O)([O-])OP(=O)([O-])CP(=O)([O-])O)C(O)[C@@H]2O)c(=O)[nH]1.[Na+].[Na+].[Na+],success,42,26,58.22,
8739,Nc1nc2c(ncn2[C@@H]2O[C@H](COP(=O)(O)OP(=O)(O)CP(=O)(O)O)C(O)[C@@H]2O)c(=O)[nH]1,success,84,68,101.83,
8740,COC1C(O)C(CO)OC1[n+]1cn(C)c2c(=O)[nH]c(N)nc21.[I-],success,42,26,30.59,
8741,COC1C(O)C(CO)OC1[n+]1cn(C)c2c(=O)[nH]c(N)nc21,success,383,364,322.34,
8742,O=c1[nH]cnc2c1ncn2C1OC(CO)C(O)C1O.[Na],success,42,26,25.6,
8743,CN(C)C=Nc1nc2c(ncn2C2OC(CO)C(O)C2NC(=O)N(C)N=O)c(=O)[nH]1,failed,76,59,46.6,min() arg is an empty sequence
8744,Cn1cnc2c(ncn2[C@H]2CCC(CO)O2)c1=O,success,159,140,145.75,
8745,O=c1[nH]cnc2c1ncn2[C@H]1C[C@H](O)[C@@H](COP(=O)([O-])[O-])O1.[Na].[Na],success,42,26,50.63,
8746,O.O.O.O.O.O.O.O.O=c1[nH]cnc2c1ncn2[C@@H]1O[C@H](COP(=O)([O-])[O-])[C@@H](O)[C@H]1O.[Na].[Na],success,42,26,36.01,
8747,O=c1[nH]cnc2c1ncn2[C@@H]1O[C@H](COP(=O)([O-])[O-])[C@@H](O)[C@H]1O.[Ba][Ba],success,42,26,33.03,
8748,O.O=c1[nH]cnc2c1ncn2[C@@H]1O[C@H](COP(=O)([O-])[O-])[C@@H](O)[C@H]1O.[Na].[Na],success,42,26,33.47,
8749,O=c1[nH]cnc2c1ncn2[C@@H]1O[C@H](COP(=O)([O-])OP(=O)([O-])OP(=O)([O-])O)[C@@H](O)[C@H]1O.[Na].[Na].[Na],success,42,26,36.96,
8750,O.O.O.O.O.O.O.O=c1[nH]cnc2c1ncn2[C@@H]1O[C@H](COP(=O)([O-])[O-])[C@@H](O)[C@H]1O.[Na].[Na],success,42,26,35.87,
8751,Cn1c[n+]([C@@H]2O[C@H](COP(=O)([O-])OP(=O)(O)OP(=O)(O)O)[C@@H](O)[C@H]2O)c2nc[nH]c(=O)c21,success,67,51,66.11,
8752,Cn1c[n+]([C@@H]2O[C@H](COP(=O)(O)OP(=O)(O)OP(=O)(O)O)[C@@H](O)[C@H]2O)c2nc[nH]c(=O)c21,success,60,44,54.91,
8753,N[13c]1[15n]c2c(ncn2[C@@H]2O[C@H](CO)[C@@H](O)[C@@H]2O)c(=O)[15nH]1,success,361,342,297.61,
8754,[2H]C([2H])([2H])n1c(N)nc2c(ncn2[C@@H]2O[C@H](CO)[C@@H](O)[C@H]2O)c1=O,success,357,338,315.55,
8755,Nc1n[13c]2[13c]([15n]c(Br)n2[C@@H]2O[C@H](CO)[C@@H](O)[C@H]2O)c(=O)[nH]1,success,338,319,329.5,
8756,[2H]c1nc2c(=O)[nH]c(NC([2H])([2H])C([2H])([2H])[2H])nc2n1[C@H]1C[C@H](O)[C@@H](CO)O1,failed,537,518,622.53,min() arg is an empty sequence
8757,Nc1nc2c(ncn2[13C@H]2[13CH2][13C@H](O)[13C@@H]([13CH2]OP(=O)(O)O)O2)c(=O)[nH]1,success,180,161,220.88,
8758,Nc1nc2c(ncn2[13C@@H]2O[13C@H]([13CH2]O)[13C@H]3OP(=O)(O)O[13C@H]32)c(=O)[nH]1,success,184,165,213.01,
8759,[2H]C([2H])([2H])n1c[n+]([C@@H]2O[C@H](COP(=O)([O-])[O-])[C@@H](O)[C@H]2O)c2nc(N)[nH]c(=O)c21.[Na+],success,42,26,34.17,
8760,[2H]C([2H])([2H])n1c[n+]([C@@H]2O[C@H](COP(=O)(O)O)[C@@H](O)[C@H]2O)c2nc(N)[nH]c(=O)c21,success,149,131,217.45,
8761,Nc1nc2c(ncn2[C@@H]2O[C@H](COP(=O)([O-])[O-])C(O)C2O)c(=O)[nH]1.[NH4+].[NH4+],success,42,26,33.66,
8762,O.[15NH2][13c]1nc2c(ncn2[C@@H]2O[C@H](CO)[C@@H](O)[C@H]2O)c(=O)[15nH]1,success,42,26,40.78,
8763,[15NH2][13c]1[15n][13c]2[13c]([15n][13cH][15n]2[C@@H]2O[C@H](CO)[C@@H](O)[C@H]2O)[13c](=O)[15nH]1,success,361,342,322.96,
8764,[15NH2]c1[15n][13c]2[13c](nc[15n]2[C@@H]2O[C@@H]3COP(=O)(O)O[C@H]3[C@H]2O)[13c](=O)[15nH]1,success,124,105,156.06,
8765,[15NH2][13c]1nc2c(ncn2[C@@H]2O[C@H](COP(=O)(O)O)[C@@H](O)[C@H]2O)c(=O)[15nH]1,success,134,116,256.04,
8766,Nc1nc2c(ncn2[C@@H]2O[C@H](COP(=O)(O)OP(=O)(O)OP(=O)([O-])[O-])[C@@H](O)[C@H]2O)c(=O)[nH]1.[Na+].[Na+],success,42,26,54.0,
8767,[2H]C([2H])(OP(=O)([O-])[O-])[C@H]1O[C@@H](n2cnc3c(=O)[nH]cnc32)[C@]([2H])(O)[C@]1([2H])O.[Na+].[Na+],success,42,26,34.41,
8768,[2H]C([2H])(OP(=O)(O)O)[C@H]1O[C@@H](n2cnc3c(=O)[nH]cnc32)[C@]([2H])(O)[C@]1([2H])O,success,105,87,173.29,
8769,[2H]C([2H])([2H])n1c[n+]([C@@H]2O[C@H](COP(=O)([O-])O)[C@@H](O)[C@H]2O)c2nc(N)[nH]c(=O)c21,success,217,199,387.05,
8770,Cn1c[n+]([C@@H]2O[C@H](COP(=O)([O-])[O-])[C@@H](O)[C@H]2O)c2n[13c]([15NH2])[15nH]c(=O)c21.[Na+],success,42,26,52.67,
8771,Cn1c[n+]([C@@H]2O[C@H](COP(=O)(O)O)[C@@H](O)[C@H]2O)c2n[13c]([15NH2])[15nH]c(=O)c21,success,156,138,239.94,
8772,Nc1nc2c(ncn2[C@@H]2O[C@H](COP(=O)([O-])OP(=O)([O-])OP(=O)([O-])[S-])C(O)[C@@H]2O)c(=O)[nH]1.[Li+].[Li+].[Li+].[Li+],success,42,26,60.7,
8773,Nc1nc2c(ncn2[C@@H]2O[C@H](COP(=O)(O)OP(=O)(O)OP(O)(O)=S)C(O)[C@@H]2O)c(=O)[nH]1,success,85,69,105.26,
8774,[2H]C([2H])([2H])n1c(N)nc2c(ncn2[C@@H]2O[C@H](CO)C(O)[C@@H]2O)c1=O,failed,358,339,336.21,min() arg is an empty sequence
8775,[2H]C([2H])([2H])O[C@H]1C(O)[C@@H](CO)O[C@H]1n1cnc2c(=O)[nH]c(N)nc21,failed,305,286,279.49,min() arg is an empty sequence
8776,[2H]C([2H])([2H])Nc1nc2c(ncn2[C@@H]2O[C@H](CO)C(O)[C@@H]2O)c(=O)[nH]1,success,353,334,341.97,
8777,N[13c]1n[13c]2[13c](n[13cH]n2[13C@@H]2[13CH2][13C@H](O)[13C@H]([13CH2]O)O2)[13c](=O)[nH]1,success,270,251,242.63,
8778,[2H]OC([2H])([2H])[C@]1([2H])O[C@]([2H])(n2c([2H])nc3c(=O)n([2H])c(N([2H])[2H])nc32)C([2H])([2H])[C@@]1([2H])O[2H],success,49,33,61.6,
8779,[15NH2]c1[15n]c2c([15n]c[15n]2[C@@H]2C[C@H](O)[C@H](CO)O2)c(=O)[15nH]1,success,287,268,319.19,
8780,Nc1nc2c(n[13cH]n2[C@@H]2O[C@H](COP(=O)(O)OP(=O)([O-])OP(=O)([O-])O)[C@H](O)C2O)c(=O)[nH]1.[Li+].[Li+],success,42,26,57.95,
8781,Nc1nc2c(n[13cH]n2[C@@H]2O[C@H](COP(=O)(O)OP(=O)(O)OP(=O)(O)O)[C@H](O)C2O)c(=O)[nH]1,success,57,41,70.96,
8782,N[13c]1n[13c]2[13c](n[13cH]n2[13C@@H]2O[13C@H]([13CH2]OP(=O)(O)OP(=O)([O-])[O-])[13CH](O)[13C@@H]2O)[13c](=O)[nH]1.[Li+].[Li+],success,42,26,35.54,
8783,N[13c]1n[13c]2[13c](n[13cH]n2[13C@@H]2O[13C@H]([13CH2]OP(=O)(O)OP(=O)(O)O)[13CH](O)[13C@@H]2O)[13c](=O)[nH]1,success,72,56,86.14,
8784,[2H]OC1([2H])C([2H])(C([2H])([2H])OP(=O)(O[2H])OP(=O)([O-])[O-])O[C@]([2H])(n2c([2H])nc3c(=O)n([2H])c(N([2H])[2H])nc32)C1([2H])O[2H].[Li+].[Li+],success,42,26,59.49,
8785,[2H]OC1([2H])C([2H])(C([2H])([2H])OP(=O)(O[2H])OP(=O)(O)O)O[C@]([2H])(n2c([2H])nc3c(=O)n([2H])c(N([2H])[2H])nc32)C1([2H])O[2H],success,56,40,69.68,
8786,[15NH2][13c]1[15n][13c]2[13c]([15n][13cH][15n]2[13C@@H]2O[13C@H]([13CH2]OP(=O)(O)OP(=O)([O-])[O-])[13CH](O)[13C@@H]2O)[13c](=O)[15nH]1.[Li+].[Li+],success,42,26,56.69,
8787,[15NH2][13c]1[15n][13c]2[13c]([15n][13cH][15n]2[13C@@H]2O[13C@H]([13CH2]OP(=O)(O)OP(=O)(O)O)[13CH](O)[13C@@H]2O)[13c](=O)[15nH]1,success,72,56,66.12,
8788,[15NH2]c1[15n]c2c([15n]c[15n]2[C@@H]2O[C@H](COP(=O)(O)OP(=O)([O-])OP(=O)([O-])O)[C@H](O)C2O)c(=O)[15nH]1.[Li+].[Li+],success,42,26,37.86,
8789,[2H]OC1([2H])[C@]([2H])([15n]2c([2H])[15n]c3c(=O)[15n]([2H])c([15N]([2H])[2H])[15n]c32)O[C@]([2H])(C([2H])([2H])OP(=O)(O[2H])OP(=O)([O-])OP(=O)([O-])O[2H])[C@@]1([2H])O[2H].[Li+].[Li+],success,42,26,63.64,
8790,[2H]OC1([2H])[C@]([2H])([15n]2c([2H])[15n]c3c(=O)[15n]([2H])c([15N]([2H])[2H])[15n]c32)O[C@]([2H])(C([2H])([2H])OP(=O)(O[2H])OP(=O)(O)OP(=O)(O)O[2H])[C@@]1([2H])O[2H],success,51,35,88.72,
8791,N[13c]1n[13c]2[13c](n[13cH]n2[13C@@H]2O[13C@H]([13CH2]OP(=O)(O)OP(=O)([O-])OP(=O)([O-])O)[13C@H](O)[13CH]2O)[13c](=O)[nH]1.[Li+].[Li+],success,42,26,60.06,
8792,N[13c]1n[13c]2[13c](n[13cH]n2[13C@@H]2O[13C@H]([13CH2]OP(=O)(O)OP(=O)(O)OP(=O)(O)O)[13C@H](O)[13CH]2O)[13c](=O)[nH]1,success,57,41,56.56,
8793,O=c1[15nH]c[15n]c2c1[15n]c[15n]2[C@@H]1O[C@H](COP(=O)(O)OP(=O)([O-])[O-])[C@H](O)C1O.[Li+].[Li+],success,42,26,39.3,
8794,O=c1[15nH]c[15n]c2c1[15n]c[15n]2[C@@H]1O[C@H](COP(=O)(O)OP(=O)(O)O)[C@H](O)C1O,success,71,55,69.88,
8795,[2H]OC1([2H])[C@]([2H])(n2c([2H])nc3c(=O)n([2H])c(N([2H])[2H])nc32)O[C@]([2H])(C([2H])([2H])OP(=O)(O[2H])OP(=O)([O-])OP(=O)([O-])O[2H])[C@@]1([2H])O[2H].[Li+].[Li+],success,42,26,60.0,
8796,[2H]OC1([2H])[C@]([2H])(n2c([2H])nc3c(=O)n([2H])c(N([2H])[2H])nc32)O[C@]([2H])(C([2H])([2H])OP(=O)(O[2H])OP(=O)(O)OP(=O)(O)O[2H])[C@@]1([2H])O[2H],success,51,35,74.87,
8797,N[13c]1n[13c]2[13c](n[13cH]n2[13C@@H]2O[13C@H]([13CH2]OP(=O)([O-])[O-])[13C@H](O)[13CH]2O)[13c](=O)[nH]1.[Li+].[Li+],success,42,26,49.14,
8798,N[13c]1n[13c]2[13c](n[13cH]n2[13C@@H]2O[13C@H]([13CH2]OP(=O)(O)O)[13C@H](O)[13CH]2O)[13c](=O)[nH]1,success,131,113,232.48,
8799,[15NH2]c1[15n]c2c([15n]c[15n]2[C@@H]2O[C@H](COP(=O)([O-])[O-])[C@H](O)C2O)c(=O)[15nH]1.[Li+].[Li+],success,42,26,41.88,
8800,[15NH2]c1[15n]c2c([15n]c[15n]2[C@@H]2O[C@H](COP(=O)(O)O)[C@H](O)C2O)c(=O)[15nH]1,success,135,117,224.54,
8801,[2H]OC1([2H])[C@]([2H])(n2c([2H])nc3c(=O)n([2H])c(N([2H])[2H])nc32)O[C@]([2H])(C([2H])([2H])OP(=O)([O-])[O-])[C@@]1([2H])O[2H].[Li+].[Li+],success,42,26,36.85,
8802,[2H]OC1([2H])[C@]([2H])(n2c([2H])nc3c(=O)n([2H])c(N([2H])[2H])nc32)O[C@]([2H])(C([2H])([2H])OP(=O)(O)O)[C@@]1([2H])O[2H],success,50,34,62.54,
8803,[2H]OC1([2H])[C@]([2H])([15n]2c([2H])[15n]c3c(=O)[15n]([2H])c([15N]([2H])[2H])[15n]c32)O[C@]([2H])(C([2H])([2H])OP(=O)([O-])[O-])[C@@]1([2H])O[2H].[Li+].[Li+],success,42,26,37.19,
8804,[2H]OC1([2H])[C@]([2H])([15n]2c([2H])[15n]c3c(=O)[15n]([2H])c([15N]([2H])[2H])[15n]c32)O[C@]([2H])(C([2H])([2H])OP(=O)(O)O)[C@@]1([2H])O[2H],success,50,34,60.8,
8805,[2H]O[C@@]1([2H])C([2H])([2H])[C@]([2H])([15n]2c([2H])[15n]c3c(=O)[15n]([2H])c([15N]([2H])[2H])[15n]c32)O[C@]1([2H])C([2H])([2H])OP(=O)([O-])[O-].[Li+].[Li+],success,42,26,37.39,
8806,[2H]O[C@@]1([2H])C([2H])([2H])[C@]([2H])([15n]2c([2H])[15n]c3c(=O)[15n]([2H])c([15N]([2H])[2H])[15n]c32)O[C@]1([2H])C([2H])([2H])OP(=O)(O)O,success,47,31,44.3,
8807,[2H]O[C@@]1([2H])C([2H])([2H])[C@]([2H])(n2c([2H])nc3c(=O)n([2H])c(N([2H])[2H])nc32)O[C@]1([2H])C([2H])([2H])OP(=O)([O-])[O-].[Li+].[Li+],success,42,26,56.81,
8808,[2H]O[C@@]1([2H])C([2H])([2H])[C@]([2H])(n2c([2H])nc3c(=O)n([2H])c(N([2H])[2H])nc32)O[C@]1([2H])C([2H])([2H])OP(=O)(O)O,success,47,31,58.61,
8809,N[13c]1n[13c]2[13c](n[13cH]n2[13C@H]2[13CH2][13C@@H](O)[13C@@H]([13CH2]OP(=O)([O-])[O-])O2)[13c](=O)[nH]1.[Li+].[Li+],success,42,26,39.4,
8810,N[13c]1n[13c]2[13c](n[13cH]n2[13C@H]2[13CH2][13C@@H](O)[13C@@H]([13CH2]OP(=O)(O)O)O2)[13c](=O)[nH]1,success,180,161,202.23,
8811,[15NH2][13c]1[15n][13c]2[13c]([15n][13cH][15n]2[13C@H]2[13CH2][13C@@H](O)[13C@@H]([13CH2]OP(=O)([O-])[O-])O2)[13c](=O)[15nH]1.[Li+].[Li+],success,42,26,33.09,
8812,[15NH2]c1[15n]c2c([15n]c[15n]2[C@H]2C[C@@H](O)[C@@H](COP(=O)([O-])[O-])O2)c(=O)[15nH]1.[Li+].[Li+],success,42,26,33.4,
8813,[15NH2]c1[15n]c2c([15n]c[15n]2[C@H]2C[C@@H](O)[C@@H](COP(=O)(O)O)O2)c(=O)[15nH]1,success,182,163,201.15,
8814,O=[13c]1[nH]cn[13c]2[13c]1ncn2[C@@H]1O[C@H](CO)[C@H](O)C1O,success,301,282,289.45,
8815,[15NH2]c1[15n]c2c([15n]c[15n]2[C@@H]2O[C@H](COP(=O)(O)OP(=O)([O-])[O-])C(O)[C@@H]2O)c(=O)[15nH]1.[Li+].[Li+],success,42,26,56.3,
8816,[15NH2]c1[15n]c2c([15n]c[15n]2[C@@H]2O[C@H](COP(=O)(O)OP(=O)(O)O)C(O)[C@@H]2O)c(=O)[15nH]1,success,73,57,82.22,
8817,[15NH2][13c]1[15n][13c]2[13c]([15n][13cH][15n]2[13C@@H]2O[13C@H]([13CH2]OP(=O)([O-])[O-])[13C@H](O)[13CH]2O)[13c](=O)[15nH]1.[Li+].[Li+],success,42,26,53.22,
8818,[15NH2][13c]1[15n][13c]2[13c]([15n][13cH][15n]2[13C@@H]2O[13C@H]([13CH2]OP(=O)(O)O)[13C@H](O)[13CH]2O)[13c](=O)[15nH]1,success,131,113,245.42,
8819,[N-]=[N+]=NC1C(CO)OC(n2cnc3c(=O)[nH]c(N)nc32)C1O,success,42,26,27.46,
8820,O=c1[nH]cnc2c1ncn2C1OC(COP(=O)(O)OP(=O)(O)O)C(O)C1O.[Na].[Na].[Na],success,42,26,34.93,
8821,C#C[C@@]1(O)C(O)C(CO)OC1n1cnc2c(=O)[nH]c(N)nc21,success,357,338,325.88,
8822,CN(C)C=Nc1nc2c(ncn2C2OC(CO)C(O)C2O[Si](C)(C)C(C)(C)C)c(=O)[nH]1,success,42,26,35.26,
8823,Nc1nc2c(n[13cH]n2C2OC(CO)C(O)C2O)c(=O)[nH]1,success,363,344,293.46,
8824,Nc1[nH]c(=O)c2ncn(C3OC(CO)C(O)C3O)c2[15n]1,success,363,344,342.75,
8825,C#CCOC1C(CO)OC(n2cnc3c(=O)[nH]c(N)nc32)C1O,success,715,696,684.79,
8826,CC(C)C(=O)Nc1nc2c(ncn2C2CC(N)C(CO)O2)c(=O)[nH]1,success,1842,1820,2253.47,
8827,C#CCOC1C(O)C(CO)OC1n1cnc2c(=O)[nH]c(NC(=O)C(C)C)nc21,success,359,338,203.79,
8828,COCCO[C@H]1C(O)C(CO)OC1n1cnc2c(=O)[nH]c(N)nc21,success,1042,1023,877.81,
8829,CCCCCCCCCCCC[C@@]1(n2cnc3c(=O)[nH]cnc32)O[C@H](CO)[C@@H](O)[C@H]1O,success,42,26,29.96,
8830,CO[C@H]1C(O)C(CO)OC1n1cnc2c(=O)[nH]c(NC(=O)C(C)C)nc21,success,1356,1334,1797.24,
8831,Cn1cnc2c(ncn2C2OC(CO)C(O)C2(C)O)c1=O,success,315,296,292.51,
8832,C#CC1(O)C(CO)OC(n2cnc3c(=O)[nH]cnc32)C1O,success,299,280,247.48,
8833,COCC[C@@]1(O)C(O)C(CO)OC1n1cnc2c(=O)[nH]c(N)nc21,success,1275,1255,943.82,
8834,Nc1nc2c(ncn2[C@@H]2O[C@H](COP(=O)(O)CP(=O)([O-])O)[C@@H](O)[C@H]2O)c(=O)[nH]1.[Na+],success,42,26,33.14,
8835,Nc1[15n]c2c([15n]c[15n]2[C@@H]2O[C@H](COP(=O)([O-])[O-])[C@@H](O)[C@H]2O)c(=O)[15nH]1.[Na+].[Na+],success,42,26,33.76,
8836,COCCO[C@@H]1[C@H](O)[C@@H](CO)O[C@H]1n1cnc2c(=O)n(C)cnc21,success,668,650,542.59,
8837,Cn1cnc2c(ncn2[C@@H]2O[C@H](CO)C[C@H]2O)c1=O,success,269,250,217.23,
8838,COCCO[C@H]1[C@@H](O)[C@H](n2cnc3c(=O)n(C)cnc32)O[C@@H]1CO,success,668,650,552.26,
8839,COCCO[C@@H]1[C@H](O)[C@@H](CO)O[C@H]1[n+]1cn(C)c2c(=O)[nH]c(N)nc21,success,721,703,519.66,
8840,COCCO[C@@H]1[C@H](O)[C@@H](CO)O[C@H]1n1cnc2c(=O)n(C)c(N)nc21,success,669,651,589.38,
8841,COCCO[C@H]1[C@@H](O)[C@H](n2cnc3c(=O)[nH]cnc32)O[C@@H]1CO,success,1001,982,803.82,
8842,CO[C@@H]1[C@H](O)[C@@H](CO)O[C@H]1n1c(Cl)nc2c(=O)[nH]cnc21,success,241,222,259.37,
8843,CN(C)Cc1nc2c(=O)[nH]c(N)nc2n1[C@@H]1O[C@H](CO)[C@@H](O)[C@H]1O,success,381,362,382.28,
8844,O=c1[15nH]c[15n]c2c1[15n]c[15n]2[C@@H]1O[C@H](COP(=O)([O-])[O-])[C@@H](O)[C@H]1O.[Li+].[Li+],success,42,26,33.22,
8845,O=c1[15nH]c[15n]c2c1[15n]c[15n]2[C@@H]1O[C@H](COP(=O)(O)O)[C@@H](O)[C@H]1O,success,119,101,186.78,
8846,O=[13c]1[15nH][13cH][15n][13c]2[13c]1[15n][13cH][15n]2[13C@@H]1O[13C@H]([13CH2]OP(=O)([O-])[O-])[13C@@H](O)[13C@H]1O.[Li+].[Li+],success,42,26,33.55,
8847,O=[13c]1[15nH][13cH][15n][13c]2[13c]1[15n][13cH][15n]2[13C@@H]1O[13C@H]([13CH2]OP(=O)(O)O)[13C@@H](O)[13C@H]1O,success,116,98,281.78,
8848,Nc1nc2c(ncn2[C@@H]2O[C@H](COP(=O)([O-])OP(=O)([O-])CP(=O)([O-])O)[C@@H](O)[C@H]2O)c(=O)[nH]1.[Na+].[Na].[Na],success,42,26,36.49,
8849,Nc1nc2c(ncn2[C@H]2C[C@H](OP(=O)([O-])O)[C@@H](CO)O2)c(=O)[nH]1.[NH4+],success,59,43,70.96,
8850,Nc1nc2c(ncn2[C@@H]2O[C@H](COP(=O)([O-])OP(=O)([O-])OP([O-])([O-])=S)C(O)[C@@H]2O)c(=O)[nH]1.[Li+].[Li+].[Li+].[Li+],success,42,26,59.5,
8851,Nc1nc2c(ncn2C2OC(CO)C(OP(=O)([O-])[O-])C2O)c(=O)[nH]1.[Na+].[Na+],success,42,26,32.83,
8852,Nc1nc2c(ncn2[C@H]2C[C@H](OP(=O)(O)O)[C@@H](CO)O2)c(=O)[nH]1.[Na+],success,42,26,38.6,
8853,Nc1nc2c(ncn2[C@@H]2O[C@H](COP(=O)([O-])[O-])[C@H](O)C2O)c(=O)[nH]1.[Na+].[Na+],success,42,26,43.57,
8854,Nc1nc2c(ncn2C2OC(COP(=O)([O-])OP(=O)([O-])OP(=O)(O)O)C(O)C2O)c(=O)[nH]1.O.[Na+].[Na+],success,42,26,37.57,
8855,COCCOC1C(CO)OC(n2cnc3c(=O)[nH]c(N)nc32)C1O,success,1067,1048,853.68,
8856,Nc1nc2c(nc(Br)n2C2OC(CO)C(O)C2O)c(=O)[nH]1.O,success,42,26,40.78,
8857,Nc1nc2c(ncn2C2OC(COP(=O)([O-])OP(=O)([O-])OP(=O)([O-])[O-])C(O)C2O)c(=O)[nH]1.O.[Na+].[Na+].[Na+].[Na+],success,42,26,37.65,
8858,NC(=O)c1c(N)ncn1C1OC(COP(=O)(O)O)C(O)C1O,success,540,522,687.28,
8859,Cn1c[n+](C2CC(O)C(CO)O2)c2nc(N)[nH]c(=O)c21,success,371,351,381.36,
8860,N[13c]1n[13c]2[13c](n[13cH]n2[13C@@H]2O[13C@H]([13CH2]O)[13CH](O)[13C@@H]2O)[13c](=O)[nH]1,success,338,319,347.14,
8861,O=[13c]1[15nH][13cH][15n][13c]2[13c]1[15n][13cH][15n]2[13C@@H]1O[13C@H]([13CH2]O)[13CH](O)[13C@@H]1O,success,278,259,243.02,
8862,[2H]OC([2H])([2H])[C@@]1([2H])O[C@@]([2H])(n2c([2H])nc3c(=O)n([2H])c(N([2H])[2H])nc32)[C@]([2H])(O[2H])C1([2H])O[2H],success,51,35,49.66,
8863,[15NH2][13c]1[15n][13c]2[13c]([15n][13cH][15n]2[13C@@H]2O[13C@H]([13CH2]O)[13CH](O)[13C@@H]2O)[13c](=O)[15nH]1,success,338,319,355.16,
8864,CO[C@H]1[C@@H](O)[C@H](n2cnc3c(=O)[nH]c(N)nc32)O[C@@H]1COP(=O)([O-])OP(=O)([O-])OP(=O)([O-])[O-].[Na+].[Na+].[Na+].[Na+],success,42,26,38.54,
8865,Nc1nc2c(ncn2C2OC(COP(=O)([O-])OP(=O)(O)O)C(O)C2O)c(=O)[nH]1.[Na+],success,42,26,47.9,
8866,Nc1nc2c(ncn2[C@H]2C[C@H](O)[C@@H](COP(=O)([O-])OP(=O)([O-])O)O2)c(=O)[nH]1,success,93,77,133.87,
8867,Nc1nc2c(ncn2C2OC(COP(=O)([O-])OP(=O)([O-])NP(=O)([O-])[O-])C(O)C2O)c(=O)[nH]1,success,75,59,77.82,
8868,Nc1nc2c(ncn2C2OC(COP(=O)([O-])CP(=O)([O-])O)C(O)C2O)c(=O)[nH]1,success,87,71,89.84,
8869,Nc1nc2c(ncn2[C@@H]2O[C@H](COP(=O)(O)OP(=O)(O)OP(=O)([O-])[O-])[C@H](O)C2O)c(=O)[nH]1,success,69,53,83.68,
8870,O=c1[nH]cnc2c1ncn2C1CC(O)C(COP(=O)([O-])[O-])O1,success,168,149,227.4,
8871,Nc1nc2c(ncn2[C@@H]2OC(COP(=O)([O-])OP(=O)([O-])O)[C@@H](O)[C@H]2O)c(=O)[nH]1,success,111,95,123.05,
8872,O=c1[nH]cnc2c1ncn2C1OC(COP(=O)([O-])OP(=O)([O-])OP(=O)([O-])O)C(O)C1O,success,70,54,88.17,
8873,NC(=O)c1c(N)ncn1C1OC2COP(=O)(O)OC2C1O,success,405,386,431.58,
8874,O=c1[nH]cnc2c1nc(Br)n2C1OC(COP(=O)([O-])OP(=O)([O-])O)C(O)C1O,success,101,85,126.9,
8875,Nc1nc2c(ncn2C2OC(COP(=O)(O)OP(=O)(O)CP(=O)([O-])O)C(O)C2O)c(=O)[nH]1,success,89,73,128.49,
8876,Nc1nc2c(ncn2C2OC(COP(=O)(O)OP(=O)(O)CP(=O)([O-])O)C(O)C2O)c(=O)[nH]1.[Na+],success,42,26,35.35,
8877,CC(=O)OC1[C@@H](CO)O[C@@H](n2cnc3c(=O)[nH]c(NC(=O)C(C)C)nc32)[C@H]1OC(C)=O,success,180,161,121.94,
8878,O=c1[nH]cnc2c1ncn2C1OC(COP(=O)([O-])OP(=O)([O-])OP(=O)([O-])[O-])C(O)C1O.[Li+].[Li+].[Li+].[Li+],success,42,26,58.61,
8879,COC1C(O)C(COP(=O)([O-])OP(=O)([O-])OP(=O)([O-])[O-])OC1n1cnc2c(=O)[nH]cnc21,success,72,54,103.4,
8880,COC1C(O)C(COP(=O)(O)OP(=O)(O)OP(=O)(O)O)OC1n1cnc2c(=O)[nH]cnc21,success,59,41,68.49,
8881,COC1C(O)C(COP(=O)([O-])OP(=O)([O-])OP(=O)([O-])[O-])OC1n1cnc2c(=O)[nH]cnc21.[Li+].[Li+].[Li+].[Li+],success,42,26,52.38,
8882,Cn1c(N)nc2c(ncn2C2OC(COP(=O)([O-])OP(=O)([O-])OP(=O)([O-])[O-])C(O)C2O)c1=O,success,77,61,78.72,
8883,Cn1c(N)nc2c(ncn2C2OC(COP(=O)([O-])OP(=O)([O-])OP(=O)([O-])[O-])C(O)C2O)c1=O.[Li+].[Li+].[Li+].[Li+],success,42,26,37.82,
8884,O=c1[nH]cnc2c1ncn2C1CC(O)C(COP(=O)([O-])OP(=O)([O-])OP(=O)([O-])[O-])O1.[Li+].[Li+].[Li+].[Li+],success,42,26,40.24,
8885,CNc1nc2c(ncn2C2CC(O)C(COP(=O)([O-])OP(=O)([O-])OP(=O)([O-])[O-])O2)c(=O)[nH]1,success,72,55,67.34,
8886,Nc1nc2c(ncn2C2OC(COP(=O)([O-])OP(=O)([O-])OP(=O)([O-])[O-])CC2O)c(=O)[nH]1,success,67,51,92.98,
8887,Nc1nc2c(ncn2C2OC(COP(=O)([O-])OP(=O)([O-])OP(=O)([O-])[O-])CC2O)c(=O)[nH]1.[Li+].[Li+].[Li+].[Li+],success,42,26,48.01,
8888,Nc1nc2c(ncn2[C@@H]2O[C@H](COP(=O)(O)N=P([O-])([O-])OP(=O)([O-])[O-])[C@@H](O)[C@H]2O)c(=O)[nH]1,success,42,26,53.68,
8889,Nc1nc2c(ncn2[C@@H]2O[C@H](COP(=O)([O-])OP(=O)([O-])OP(=O)([O-])[O-])[C@@H](N)[C@H]2O)c(=O)[nH]1.[Na+].[Na+].[Na+].[Na+],success,42,26,45.85,
8890,Nc1nc2c(ncn2[C@@H]2O[C@H](COP(=O)([O-])OP(=O)([O-])O)[C@@H](O)[C@H]2O)c(=O)[nH]1.[NH4+].[NH4+],success,42,26,35.39,
8891,N.N.N.Nc1nc2c(ncn2[C@@H]2O[C@H](COP(=O)(O)OP(=O)(O)OP(=O)(O)O)[C@H](O)C2O)c(=O)[nH]1,success,42,26,54.73,
8892,[15NH2][13c]1[15n][13c]2[13c]([15n][13cH][15n]2[13C@@H]2O[13C@H]([13CH2]OP(=O)(O)OP(=O)(O)OP(=O)(O)O)[13C@@H](O)[13C@H]2O)[13c](=O)[15nH]1.[Li].[Li],success,42,26,42.15,
8893,N.N.N.N.[2H]C([2H])(OP(=O)(O)OP(=O)(O)OP(=O)(O)O)[C@@]1([2H])O[C@@H](n2cnc3c(=O)[nH]c(N)nc32)[C@H](O)[C@]1([2H])O,success,42,26,41.17,
8894,[2H]C([2H])(OP(=O)(O)OP(=O)(O)OP(=O)(O)O)[C@@]1([2H])O[C@@H](n2cnc3c(=O)[nH]c(N)nc32)[C@H](O)[C@]1([2H])O,success,56,40,69.74,
8895,CNc1nc2c(c(=O)[nH]1)n(C)c[n+]2[C@@H]1O[C@H](CO)[C@@H](O)[C@H]1OC.[I-],success,42,26,34.36,
8896,O=c1[nH]cnc2c1ncn2[13C@@H]1O[13C@@H]2[13CH2]OP(=O)([O-])O[13C@H]2[13C@H]1O.[Na+],success,42,26,31.21,
8897,O=c1[nH]cnc2c1ncn2[13C@@H]1O[13C@@H]2[13CH2]OP(=O)(O)O[13C@H]2[13C@H]1O,success,89,70,96.39,
8898,CCN(CC)CC.Nc1nc2c(ncn2[13C@@H]2O[13C@H]([13CH2]OP(=O)(O)OP(=O)(O)OP(=O)(O)O)[13C@@H](O)[13C@H]2O)c(=O)[nH]1,success,42,26,51.81,
8899,Nc1nc2c(ncn2[13C@@H]2O[13C@H]([13CH2]OP(=O)(O)OP(=O)(O)OP(=O)(O)O)[13C@@H](O)[13C@H]2O)c(=O)[nH]1,success,57,41,81.88,
8900,CCN(CC)CC.Nc1nc2c(ncn2[13C@@H]2O[13C@H]([13CH2]OP(=O)(O)O)[13C@@H](O)[13C@H]2O)c(=O)[nH]1,success,42,26,55.71,
8901,CCN(CC)CC.[15NH2][13c]1nc2c(ncn2[C@@H]2O[C@H](COP(=O)(O)O)[C@@H](O)[C@H]2O)c(=O)[15nH]1,success,42,26,51.38,
8902,CCN(CC)CC.Nc1nc2c(ncn2[13C@@H]2O[13C@H]([13CH2]OP(=O)(O)OP(=O)(O)O)[13C@@H](O)[13C@H]2O)c(=O)[nH]1,success,42,26,57.36,
8903,Nc1nc2c(ncn2[13C@@H]2O[13C@H]([13CH2]OP(=O)(O)OP(=O)(O)O)[13C@@H](O)[13C@H]2O)c(=O)[nH]1,success,72,56,63.51,
8904,Nc1nc2c(ncn2[13C@H]2[13CH2][13CH](O)[13CH]([13CH2]OP(=O)(O)OP(=O)(O)O)O2)c(=O)[nH]1,success,69,53,63.45,
8905,COCCO[C@@H]1[C@@H](O)[C@H](CO)O[C@H]1n1cnc2c(=O)[nH]c(N)nc21,success,1035,1016,874.16,
8906,C[C@]1(O)[C@H](O)[C@H](CO)O[C@H]1n1cnc2c(=O)[nH]c(N)nc21,success,366,347,324.1,
8907,C[C@H]1C[C@H](O)n2c(nc3c(ncn3[C@@H]3C[C@@H](O)[C@H](CO)O3)c2=O)N1,success,263,245,287.92,
8908,Nc1nc2c(nc([N+](=O)[O-])n2[C@@H]2O[C@@H](CO)[C@H](O)[C@H]2O)c(=O)[nH]1,success,247,228,217.1,
8909,Nc1c(C(=O)N[C@@H](CC(=O)O)C(=O)O)ncn1[C@@H]1O[C@@H](CO)[C@H](O)[C@H]1O,success,3646,3628,2470.68,
8910,CO[C@@H]1C(O)[C@H](n2cnc3c(=O)[nH]c(N)nc32)O[C@@H]1COP(=O)(O)O,success,135,117,208.69,
8911,COCCO[C@@H]1C(O)[C@H](n2cnc3c(=O)[nH]c(N)nc32)O[C@@H]1COP(=O)(O)OP(=O)(O)O,success,87,69,61.82,
8912,COCCO[C@@H]1C(O)[C@H](n2cnc3c(=O)[nH]c(N)nc32)O[C@@H]1COP(=O)(O)O,success,180,162,115.04,
8913,CO[C@@H]1C(O)[C@H](n2cnc3c(=O)[nH]c(N)nc32)O[C@@H]1COP(=O)(O)OP(=O)(O)O,success,73,55,64.53,
8914,O=c1[nH]cnc2c1ncn2[13C@@H]1O[13CH]([13CH2]O)[13CH](O)[13CH]1O,success,277,258,250.43,
8915,NCC1OC(n2cnc3c(=O)[nH]c(N)nc32)C(O)[C@H]1O,success,216,197,240.29,
8916,Nc1nc2c(ncn2C2O[C@@H]3COP(=O)([O-])O[C@@H]3C2O)c(=O)[nH]1.[Na+],success,42,26,35.12,
8917,NC(=O)c1ncn(C2O[C@H](COP(=O)(O)O)[C@H](O)C2O)c1N,success,547,529,654.15,
8918,Nc1nc2c(ncn2C2OC(COP(=O)([O-])[O-])C(O)[C@@H]2O)c(=O)[nH]1.O.[Na+].[Na+],success,42,26,34.47,
8919,Nc1nc2c(ncn2C2OC(COP(=O)(O)O)C(O)[C@@H]2O)c(=O)[nH]1,success,134,116,196.03,
8920,Nc1nc2c(ncn2C2O[C@]3(CO)CO[C@H]2C3O)c(=O)[nH]1,success,335,316,316.28,
8921,CN(C)/C=N/c1nc2c(ncn2C2OC(CO)C(O)[C@@H]2O)c(=O)[nH]1,success,328,309,359.14,
8922,Nc1nc2c(ncn2C2OC(COP(=O)(O)OP(=O)(O)OP(=O)([O-])[O-])[C@H](O)C2O)c(=O)[nH]1.[Na+].[Na+].[Na],success,42,26,38.05,
8923,Nc1nc2c(ncn2C2OC(COP(=O)(O)OP(=O)(O)OP(=O)(O)O)[C@H](O)C2O)c(=O)[nH]1,success,57,41,54.7,
8924,CC1(C)OC2C(CO)OC(n3cnc4c(=O)[nH]cnc43)[C@H]2O1,success,154,135,159.9,
8925,Nc1nc2c(ncn2C2OC(COP(=O)([O-])OP(=O)(O)OP(=O)([O-])O)[C@H](O)C2O)c(=O)[nH]1.[Na+].[Na+],success,42,26,38.0,
8926,O=c1[nH]c(=O)c2ncn(C3OC(CO)C(O)[C@@H]3O)c2[nH]1,success,244,225,222.58,
8927,CC(=O)OCC1OC(n2cnc3c(=O)[nH]cnc32)[C@@H](OC(C)=O)C1OC(C)=O,success,374,353,246.18,
8928,COC1C(n2cnc3c(=O)[nH]c(N)nc32)OC(CO)[C@@H]1O,success,335,316,300.93,
8929,CO[C@H]1C(O)C(CO)OC1n1cnc2c(=O)[nH]cnc21,success,254,235,246.71,
8930,O=c1[nH]cnc2c1ncn2C1OC(COP(=O)([O-])OP(=O)([O-])OP(=O)([O-])O)[C@H](O)C1O.[Na+].[Na+].[Na+],success,42,26,47.12,
8931,O=c1[nH]cnc2c1ncn2C1OC(COP(=O)(O)OP(=O)(O)OP(=O)(O)O)[C@H](O)C1O,success,57,41,64.53,
8932,Nc1nc2c(ncn2[C@@H]2O[C@H](COP(=O)([O-])OP(=O)([O-])OP(=O)([O-])[S-])[C@@H](O)[C@H]2O)c(=O)[nH]1.[Li+].[Li+].[Li+].[Li+],success,42,26,59.42,
8933,[15NH2]c1[15n]c2c([15n]c[15n]2[C@@H]2O[C@H](COP(=O)([O-])[O-])[C@@H](O)[C@H]2O)c(=O)[15nH]1.[Li+].[Li+],success,42,26,33.93,
8934,Nc1nc2c(ncn2[C@@H]2O[C@H](COP(=O)([O-])OP(=O)([O-])[S-])C(O)[C@@H]2O)c(=O)[nH]1.[Li+].[Li+].[Li+],success,42,26,57.71,
8935,[15NH2][13c]1[15n][13c]2[13c]([15n][13cH][15n]2[13C@@H]2O[13C@H]([13CH2]OP(=O)(O)OP(=O)([O-])OP(=O)([O-])O)[13C@@H](O)[13C@H]2O)[13c](=O)[15nH]1.[Na+].[Na+],success,42,26,38.46,
8936,CO[C@@H]1[C@H](O)[C@@H](CO)O[C@H]1n1cnc2c(=O)n(C)c(N=CN(C)C)nc21,success,193,175,197.25,
8937,CC(=O)OCC1OC(n2cnc3c(=O)[nH]cnc32)CC1O,success,1249,1226,1122.38,
8938,CNc1nc2c(=O)[nH]cnc2n1C1O[C@H](CO)[C@@H](O)[C@H]1O,success,395,376,379.92,
8939,CC(C)C(=O)OCC1OC(n2cnc3c(=O)[nH]cnc32)C(O)C1O,success,2196,2175,2573.01,
8940,O=c1[nH]cnc2c1ncn2[C@H]1C[C@H](O)[C@@H](COP(=O)(O)OP(=O)([O-])OP(=O)([O-])[O-])O1.[Na+].[Na+].[Na+],success,42,26,53.02,
8941,CP(=O)(O)OC[C@H]1O[C@@H](n2cnc3c(=O)[nH]c(N)nc32)C(O)[C@H]1O,success,285,266,286.5,
8942,Cn1c(N)nc2c(ncn2[C@@H]2O[C@H](COP(=O)(O)P(=O)(O)P(=O)(O)O)C(O)[C@@H]2O)c1=O,success,87,71,76.92,
8943,Nc1nc2c(ncn2[C@@H]2O[C@H](COP(O)(=S)OP(=O)(O)O)C(O)[C@@H]2O)c(=O)[nH]1,success,95,79,78.28,
8944,Nc1nc2c(nc(Cl)n2[C@@H]2O[C@H](CO)C(O)[C@@H]2O)c(=O)[nH]1,success,339,320,355.88,
8945,CC(C)O[C@@H]1C(O)[C@H](n2cnc3c(=O)[nH]c(N)nc32)O[C@@H]1COP(=O)(O)O,success,516,496,638.42,
8946,O=c1[nH]cnc2c1nc(Cl)n2[C@@H]1O[C@H](CO)C(O)[C@@H]1O,success,283,264,298.68,
8947,CC1(O)[C@H](O)[C@H](n2cnc3c(=O)[nH]c(N)nc32)O[C@@H]1CO,success,366,347,349.96,
8948,Nc1c(C(=O)N[C@@H](CC(=O)O)C(=O)O)ncn1[C@@H]1O[C@H](CO)C(O)[C@@H]1O,success,3918,3900,2673.77,
8949,O=c1[nH]cnc2c1ncn2[C@H]1CC(O)[C@@H](COP(=O)([O-])[O-])O1.[Na+].[Na+],success,42,26,50.82,
8950,CC(=O)Nc1nc2c(ncn2[C@@H]2O[C@H](CO)[C@H](O)C2O)c(=O)[nH]1,success,1781,1758,1781.42,
8951,O.O=c1[nH]cnc2c1ncn2[C@@H]1O[C@H](COP(=O)([O-])OP(=O)([O-])[O-])[C@H](O)C1O.[Na+].[Na+].[Na+],success,42,26,35.73,
8952,O.O=c1[nH]cnc2c1ncn2C1OC(COP(=O)(O)OP(=O)(O)O)C(O)C1O.[Na],success,42,26,54.31,
8953,Nc1nc2c(ncn2C2OC(CO)C(OP(=O)(O)O)C2O)c(=O)[nH]1.[Na],success,42,26,32.33,
8954,Nc1nc2c(ncn2C2OC3COP(=O)(O)OC3C2O)c(=O)[nH]1.[Na],success,42,26,31.04,
8955,C=CCO[C@@H]1C(O)[C@H](n2cnc3c(=O)[nH]c(N)nc32)O[C@@H]1CO,success,1045,1025,834.79,
8956,[N-]=[N+]=NC[C@H]1O[C@@H](n2cnc3c(=O)[nH]cnc32)CC1O,failed,55,39,39.22,min() arg is an empty sequence
8957,C[C@H]1O[C@@H](n2cnc3c(=O)[nH]cnc32)C[C@H]1O,success,75,56,80.04,
8958,COC1[C@@H](O)[C@@H](CO)O[C@H]1n1cnc2c(=O)[nH]c(N=CN(C)C)nc21,success,242,224,256.17,
8959,CC(C)Nc1nc2c(ncn2[C@H]2C[C@@H](O)[C@@H](CO)O2)c(=O)[nH]1,success,1135,1114,1045.09,
8960,CCN(CC)CC.Nc1nc2c(ncn2C2OC(COP(=O)(O)O)C(O)C2O)c(=O)[nH]1,success,42,26,38.34,
8961,COC1[C@@H](COP(=O)([O-])OP(=O)([O-])OP(=O)([O-])[O-])O[C@@H](n2cnc3c(=O)[nH]c(N)nc32)[C@H]1O.[Li+].[Li+].[Li+].[Li+],success,42,26,38.3,
8962,C#CCO[C@@H]1C(O)[C@H](n2cnc3c(=O)[nH]c(N)nc32)O[C@@H]1CO,success,693,674,617.84,
8963,Nc1nc2c(ncn2[C@@H]2O[C@H](COP(=O)([O-])O)[C@@H](O)[C@H]2O)c(=O)[nH]1.[K+],success,42,26,43.87,
8964,CN(C)c1nc2c(c(=O)[nH]1)n(C)c[n+]2[C@@H]1O[C@H](CO)[C@H](O)C1O,success,326,307,343.0,
8965,CO[C@H]1[C@@H](O)[C@H](n2cnc3c(=O)[nH]c(N)nc32)O[C@@H]1COP(=O)([O-])OP(=O)([O-])OP(=O)([O-])[O-].[Na+].[Na+].[Na+].[Na+],success,42,26,50.25,
8966,Nc1nc2c(ncn2[C@@H]2O[C@H](COP(O)(O)=[S+]P(=O)(O)OP(=O)(O)O)[C@@H](O)[C@H]2O)c(=O)[nH]1,success,42,26,45.53,
8967,Nc1nc2c(ncn2[C@@H]2O[C@H](C(O)O[S+]=P(O)(O)O)[C@@H](O)[C@H]2O)c(=O)[nH]1,success,101,85,115.94,
8968,Nc1nc2c(ncn2[C@H]2C[C@H](O)[C@@H](C(O)O[S+]=P(O)(O)O)O2)c(=O)[nH]1,success,143,125,185.16,
8969,N[13c]1n[13c]2[13c](n[13cH]n2[13C@@H]2O[13C@H]([13CH2]OP(=O)(O)OP(=O)(O)OP(=O)(O)O)[13C@@H](O)[13C@H]2O)[13c](=O)[nH]1,success,57,41,55.3,
8970,Nc1nc2c(ncn2C2OC(COP(=O)([O-])OP(=O)([O-])CP(=O)([O-])O)C(O)C2O)c(=O)[nH]1.[Na+].[Na+].[Na+],success,42,26,54.73,
8971,O=c1[nH]cnc2c1ncn2[C@@H]1O[C@H](COP(=O)([O-])OP(=O)([O-])[O-])[C@H](O)C1O.[Na+].[Na+].[Na+],success,42,26,35.36,
8972,O=c1[nH]cnc2c1ncn2C1OC(COP(=O)([O-])OP(=O)([O-])[O-])C(O)C1O.[Na+].[Na+].[Na+],success,42,26,42.78,
8973,C.C.O=c1[nH]cnc2c1ncn2[C@@H]1O[C@H](COP(=O)(O)O)C(O)[C@@H]1O.[H-].[Na+],success,42,26,35.23,
8974,C.O=c1[nH]cnc2c1ncn2[C@@H]1O[C@H](COP(=O)([O-])[O-])C(O)[C@@H]1O.[Na+].[Na+],success,42,26,36.95,
8975,C.O=c1[nH]cnc2c1ncn2C1OC(COP(=O)([O-])[O-])C(O)C1O.[Na+].[Na+],success,42,26,36.4,
8976,O=c1[nH]cnc2c1ncn2[C@@H]1O[C@H](CO)C(O)[C@H]1O,success,301,282,328.32,
8977,Nc1nc2c(ncn2C2OC(COP(=O)([O-])OP(=O)([O-])OP(=O)([O-])[S-])C(O)C2O)c(=O)[nH]1.[Li+].[Li+].[Li+].[Li+],success,42,26,43.42,
8978,O=c1[nH]c(Cl)nc2c1ncn2C1OC(COP(=O)(O)OP(=O)(O)OP(=O)(O)O)C(O)C1O,success,56,40,53.55,
8979,Nc1nc2c(ncn2C2OC(COP(=O)(O)OP(=O)(O)OP(=O)(O)O)C(N)C2O)c(=O)[nH]1,success,57,41,77.13,
8980,O=c1[nH]cnc2c1nc(Br)n2[C@@H]1O[C@H](COP(=O)(O)OP(=O)(O)OP(=O)(O)O)[C@@H](O)[C@H]1O,success,56,40,75.56,
8981,O=c1[nH]c(Cl)nc2c1ncn2[C@@H]1O[C@H](COP(=O)([O-])OP(=O)([O-])OP(=O)([O-])[O-])[C@@H](O)[C@H]1O.[Na+].[Na+].[Na+].[Na+],success,42,26,58.64,
8982,O=c1[nH]c(Cl)nc2c1ncn2[C@@H]1O[C@H](COP(=O)(O)OP(=O)(O)OP(=O)(O)O)[C@@H](O)[C@H]1O,success,56,40,54.53,
8983,O=c1[nH]cnc2c1nc(Br)n2C1OC(COP(=O)(O)OP(=O)(O)OP(=O)(O)O)C(O)C1O,success,56,40,53.67,
8984,Nc1nc2c(ncn2[C@@H]2O[C@H](COP(=O)([O-])OP([O-])([O-])=S)[C@@H](O)[C@H]2O)c(=O)[nH]1.[Na+].[Na+].[Na+],success,42,26,37.52,
8985,Nc1nc2c(ncn2C2OC(COP(=O)([O-])OP(=O)([O-])OP([O-])([O-])=S)C(O)C2O)c(=O)[nH]1.[Na+].[Na+].[Na+].[Na+],success,42,26,37.81,
8986,N[13c]1n[13c]2[13c](n[13cH]n2[13C@H]2[13CH2][13C@H](O)[13C@@H]([13CH2]O)O2)[13c](=O)[nH]1,success,270,251,222.36,
8987,[15NH2][13c]1[15n][13c]2[13c]([15n][13cH][15n]2[13C@@H]2O[13C@H]([13CH2]OP(=O)(O)OP(=O)([O-])OP(=O)([O-])O)[13C@@H](O)[13C@H]2O)[13c](=O)[15nH]1.[Na+].[Na+],success,42,26,47.7,
8988,[15NH2][13c]1[15n][13c]2[13c]([15n][13cH][15n]2[13C@@H]2O[13C@H]([13CH2]OP(=O)([O-])[O-])[13C@H](O)[13C@H]2O)[13c](=O)[15nH]1.[Na+].[Na+],success,42,26,33.95,
8989,[15NH2][13c]1[15n][13c]2[13c]([15n][13cH][15n]2[13C@@H]2O[13C@H]([13CH2]OP(=O)(O)O)[13C@H](O)[13C@H]2O)[13c](=O)[15nH]1,success,131,113,191.41,
8990,N[13c]1n[13c]2[13c](n[13cH]n2[13C@@H]2O[13C@H]([13CH2]OP(=O)(O)OP(=O)([O-])OP(=O)([O-])O)[13C@@H](O)[13C@H]2O)[13c](=O)[nH]1.[Na+].[Na+],success,42,26,43.45,
8991,Nc1nc2c(ncn2C2OC(COP(=O)(O)OP(=O)([O-])O)C(O)[C@@H]2O)c(=O)[nH]1.[Na+],success,42,26,42.32,
8992,Nc1nc2c(ncn2C2OC(COP(=O)(O)OP(=O)(O)O)C(O)[C@@H]2O)c(=O)[nH]1,success,73,57,63.88,
8993,O=c1[nH]cnc2c1n1c[n+]2[C@@H]2O[C@H](COP(=O)(O)OP(=O)([O-])OC[C@H]3O[C@@H]1[C@H](O)[C@@H]3O)[C@@H](O)[C@H]2O,success,42,26,34.05,
8994,O=c1[nH]cnc2c1n1c[n+]2[C@@H]2O[C@H](COP(=O)(O)OP(=O)(O)OC[C@H]3O[C@@H]1[C@H](O)[C@@H]3O)[C@@H](O)[C@H]2O,success,42,26,48.42,
8995,Nc1nc2c(ncn2C2OC(COP(=O)([O-])OP(=O)(O)OP(=O)(O)O)C(O)C2O)c(=O)[nH]1.O.[Na+],success,42,26,37.51,
8996,Nc1nc2c(ncn2C2OC(COP(=O)(O)OP(=O)(O)OP(=O)(O)O)C([O-])C2O)c(=O)[nH]1.O.[Na+],success,42,26,56.74,
8997,NC1NC(=O)c2ncn([C@@H]3O[C@H](COP(=O)(O)OP(=O)(O)OP(=O)(O)O)C(O)C3O)c2N1,success,56,40,53.56,
8998,Nc1nc2c(ncn2[C@H]2C[C@@H](O)[C@@H](COP)O2)c(=O)[nH]1,success,200,181,244.97,
8999,Cn1c[n+]([C@@H]2O[C@H](COP(=O)(O)NCCN=[N+]=[N-])C(O)C2O)c2nc(N)[nH]c(=O)c21,success,225,208,236.63,
9000,NOP(=O)(O[P+](=O)OC[C@H]1O[C@@H](n2cnc3c(=O)[nH]c(N)nc32)[C@H](O)[C@@H]1O)OP(=O)(O)O,success,90,73,115.76,
9001,O=c1[nH]cnc2c1ncn2[C@@H]1O[C@H](CP(=O)(O)O)[C@@H](O)[C@H]1O,success,124,105,103.75,
9002,O=PC[C@H]1O[C@@H](n2cnc3c(=O)[nH]cnc32)[C@H](O)[C@@H]1O,failed,127,108,119.75,min() arg is an empty sequence
9003,O=C(CCC(=O)OP(=O)(O)O)OC[C@H]1O[C@@H](n2cnc3c(=O)[nH]cnc32)[C@H](O)[C@@H]1O,success,424,406,431.0,
9004,NC1NC(=O)c2nc(Br)n(C3OC(CO)C(O)C3O)c2N1,success,349,330,290.13,
9005,CC(C)C(=O)NC1NC(=O)c2ncn(C3OC(CO)C(O)C3O)c2N1,success,3151,3129,2853.26,
9006,CC(C)C(=O)NC1NC(=O)c2ncn(C3CC(O)C(CO)O3)c2N1,success,3181,3159,2964.86,
9007,NC1NC(=O)c2ncn(C3CCC(CO)O3)c2N1,success,204,185,208.02,
9008,O=c1[nH]cnc2c1ncn2[C@@H]1C[C@@H](O)[C@H](COP(=O)([O-])[O-])O1.[Na+].[Na+],success,42,26,32.51,
9009,O=c1[nH]cnc2c1ncn2[C@@H]1C[C@@H](O)[C@H](COP(=O)(O)O)O1,success,140,121,179.29,
9010,O=c1[nH]cnc2c1ncn2[C@H]1O[C@@H](COP(=O)([O-])OP(=O)([O-])O)[C@H](O)[C@@H]1O.[Na+].[Na+],success,42,26,51.19,
9011,Cn1c[n+]([C@@H]2O[C@H](CO)[C@H](O)[C@@H]2O)c2n[13c](N)[nH]c(=O)c21,success,418,399,390.27,
9012,Nc1nc2c(ncn2[C@H]2C[C@H](O)[C@@H](COP(=O)([O-])[O-])O2)c(=O)[nH]1.[Ba+2],success,42,26,32.55,
9013,Nc1nc2c(ncn2[C@H]2O[C@@H](COP(=O)(O)OP(=O)(O)OP(=O)(O)O)[C@H](O)[C@@H]2O)c(=O)[nH]1.[Co],success,42,26,52.82,
9014,O=c1[nH]cnc2c1ncn2[C@@H]1O[C@H](COP(=O)(O)OP(=O)(O)O)C[C@H]1O,success,69,53,58.93,
9015,Nc1nc2c(ncn2[C@@H]2O[C@H](COP(=O)([O-])OP(=O)(O)OP(=O)([O-])O)[C@@H](O)[C@H]2O)c(=O)[nH]1.[Li+].[Li+],success,42,26,37.75,
9016,Nc1nc2c(ncn2[C@H]2O[C@@H](COP(=O)(O)OP(=O)(O)OP(=O)(O)O)[C@H](O)[C@@H]2O)c(=O)[nH]1.[Cr],success,42,26,38.34,
9017,O=c1[nH]cnc2c1ncn2[C@@H]1O[C@H](COP(=O)(O)OP(=O)(O)OP(=O)(O)O)[C@@H](O)[C@H]1O.[Co],success,42,26,55.05,
9018,Nc1nc2c(ncn2[C@@H]2O[C@H](COP(=O)(O)OP(=O)(O)OP(=O)(O)O)[C@@H](O)[C@H]2O)c(=O)[nH]1.[Cd],success,42,26,38.11,
9019,O=c1[nH]cnc2c1ncn2[C@@H]1O[C@H](COP(=O)(O)OP(=O)(O)OP(=O)(O)O)[C@@H](O)[C@H]1O.[Cd],success,42,26,37.79,
9020,O=c1[nH]cnc2c1ncn2[C@@H]1O[C@H](COP(=O)(O)OP(=O)(O)OP(=O)(O)O)[C@@H](O)[C@H]1O.[Zn],success,42,26,38.78,
9021,Nc1nc2c(ncn2[C@@H]2O[C@H](COP(=O)(O)OP(=O)(O)O)[C@@H](O)[C@H]2O)c(=O)[nH]1.[H-].[H-].[Mg+2],success,42,26,36.27,
9022,O=c1[nH]cnc2c1ncn2[C@@H]1O[C@H](COP(=O)(O)OP(=O)(O)O)[C@@H](O)[C@H]1O.[H-].[H-].[Mg+2],success,42,26,50.79,
9023,O=c1[nH]cnc2c1ncn2[C@@H]1O[C@H](COP(=O)(O)OP(=O)(O)O)[C@@H](OP(=O)(O)OP(=O)(O)O)[C@H]1O,success,42,26,49.15,
9024,O=c1[nH]cnc2c1ncn2[C@@H]1O[C@H](C(O)P(=O)([O-])[O-])[C@@H](O)[C@H]1O.[Na+].[Na+],success,42,26,33.14,
9025,O=c1[nH]cnc2c1ncn2[C@@H]1O[C@H](COS(=O)(=O)O)[C@@H]([O-])[C@H]1O.[Na+],success,42,26,27.76,
9026,O=c1[nH]cnc2c1ncn2[C@@H]1O[C@H](C(=S)OP(=O)(O)O)[C@@H](O)[C@H]1O,success,115,97,198.47,
9027,Nc1nc2c(ncn2[C@@H]2O[C@H](COP(=O)(O)OP(=O)(O)OP(=O)(O)O)[C@@H](O)[C@H]2O)c(=O)[nH]1.[Fe],success,42,26,39.92,
9028,Nc1nc2c(ncn2[C@@H]2O[C@H](COP(=O)(O)O)[C@@H](OP(=O)(O)O)[C@H]2O)c(=O)[nH]1.[H-].[Li+],success,42,26,36.92,
9029,Nc1nc2c(ncn2[C@@H]2O[C@H](COP(=O)(O)OP(=O)(O)OP(=O)(O)O)[C@@H](O)[C@H]2O)c(=O)[nH]1.O.[H-].[Na+],success,42,26,41.71,
9030,O=c1[nH]cnc2c1ncn2[C@H]1C[C@H](O)[C@@H](/C=N/O)O1,success,85,66,66.86,
9031,COCCO[C@H]1[C@@H](O)[C@H](n2cnc3c2NCN(C)C3=O)O[C@@H]1CO,success,719,701,572.59,
9032,COCCO[C@@H]1[C@H](O)[C@@H](CO)O[C@H]1n1cnc2c1NCN(C)C2=O,success,719,701,558.65,
9033,CN1CNc2c(ncn2[C@@H]2O[C@H](CO)C[C@H]2O)C1=O,success,277,258,247.17,
9034,[N-]=[N+]=NC[C@H]1O[C@@H](n2cnc3c(=O)[nH]cnc32)C[C@@H]1O,success,55,39,36.92,
9035,NCCCN(CCCN)CCCNc1nc2c(ncn2[C@H]2C[C@H](O)[C@@H](CO)O2)c(=O)[nH]1,success,290,274,145.6,
9036,NCCN(CCN)CCNc1nc2c(ncn2[C@H]2C[C@H](O)[C@@H](CO)O2)c(=O)[nH]1,success,210,193,104.47,
9037,CCCCCC(O)[C@@H](CC(O)CO)Nc1nc2c(ncn2[C@H]2C[C@H](O)[C@@H](CO)O2)c(=O)[nH]1,success,224,203,116.0,
9038,Nc1nc2c(ncn2[C@@H]2O[C@H](COP(=O)(O)CP(=O)(O)O)[C@@H](O)[C@H]2O)c(=O)[nH]1.[H-].[Na+],success,42,26,34.06,
9039,Cn1cnc2c(ncn2[C@@H]2O[C@H](CO)C[C@@H]2O)c1=O,failed,269,250,253.66,min() arg is an empty sequence
9040,O=c1[nH]c(NC2CCCC2)nc2c1ncn2[C@H]1C[C@H](O)[C@@H](CO)O1,success,139,123,166.19,
9041,Nc1c(C(=O)N2C(=O)CCC2=O)ncn1[C@@H]1O[C@H](CO)[C@@H](O)[C@H]1O,success,787,768,694.19,
9042,C#CCCCCC#Cc1nc2c(=O)[nH]c(N)nc2n1[C@@H]1O[C@H](CO)[C@@H](O)[C@H]1O,success,42,26,27.12,
9043,CC(=O)O[C@@H]1[C@H](O)[C@@H](CO)O[C@H]1n1cnc2c(=O)[nH]c(NC(=O)C(C)C)nc21,success,328,306,221.44,
9044,O.O=c1[nH]cnc2c1ncn2C1OC2COP(=O)(O)OC2C1O,success,42,26,30.53,
9045,Nc1nc2c(ncn2[C@@H]2O[C@H](CO)[C@@H](O)[C@H]2O)c(=O)[nH]1.[Hg],success,42,26,25.97,
9046,N#CCCn1cnc2c(ncn2[C@@H]2C[C@@H](O)[C@H](CO)O2)c1=O,success,2055,2036,1474.17,
9047,Nc1nc2c(ncn2[C@@H]2O[C@H](COP(=O)(O)OP(O)(O)=S)[C@@H](O)[C@H]2O)c(=O)[nH]1.[Li+].[Li+].[Li+],success,42,26,55.79,
9048,Nc1nc2c(ncn2[C@@H]2O[C@H](CO)[C@@H](O)[C@H]2O)c(=O)[nH]1.O.O.[H-].[Na+],success,42,26,26.64,
9049,N#C[C@@]1(CO)O[C@@H](n2cnc3c(=O)[nH]cnc32)C[C@H]1O,success,270,251,248.91,
9050,[N-]=[N+]=N[C@]1(CO)O[C@@H](n2cnc3c(=O)[nH]cnc32)[C@@H]2OC3(CCCC3)O[C@@H]21,success,42,26,28.48,
9051,N#C[C@@]1(CO)O[C@H](n2cnc3c(=O)[nH]c(N)nc32)C[C@H]1O,success,308,289,251.49,
9052,O=C(O)n1c[n+]([C@@H]2O[C@H](CO)[C@@H](O)[C@H]2O)c2nc[nH]c(=O)c21,success,836,817,709.94,
9053,[2H]n1c(N)nc(=O)c2ncn([C@]3(F)O[C@H](CO)[C@@H](O)[C@H]3O)c21,success,315,296,339.34,
9054,[2H]n1c(N)nc(=O)c2ncn([C@@H]3O[C@H](COP(=O)(O)O)[C@@H](O)[C@H]3O)c21,success,133,115,193.16,
9055,NCCNC(=O)O[C@@H]1[C@H](O)[C@@H](COP(=O)(O)OP(=O)(O)O)O[C@H]1n1cnc2c(=O)[nH]cnc21,success,100,84,86.5,
9056,NCCNC(=O)O[C@H]1[C@@H](O)[C@H](n2cnc3c(=O)[nH]cnc32)O[C@@H]1COP(=O)(O)OP(=O)(O)O,success,100,84,89.67,
9057,NCCNC(=O)O[C@H]1[C@@H](O)[C@H](n2cnc3c(=O)[nH]cnc32)O[C@@H]1COP(=O)(O)OP(=O)(O)OP(=O)(O)O,success,42,26,53.04,
9058,NCCNC(=O)O[C@@H]1[C@H](O)[C@@H](COP(=O)(O)OP(=O)(O)OP(=O)(O)O)O[C@H]1n1cnc2c(=O)[nH]cnc21,success,42,26,63.97,
9059,NCCCCCCOP(=O)(O)OP(=O)(O)OP(=O)(O)OC[C@H]1O[C@@H](n2cnc3c(=O)[nH]c(N)nc32)[C@H](O)[C@@H]1O,success,211,195,152.14,
9060,NCCCCCCNP(=O)(O)OP(=O)(O)OP(=O)(O)OC[C@H]1O[C@@H](n2cnc3c(=O)[nH]c(N)nc32)[C@H](O)[C@@H]1O,success,367,351,198.71,
9061,O=c1[nH]cnc2c1ncn2[C@@H]1O[C@H](COP(=O)(O)OP(=O)(O)NP(=O)(O)O)[C@@H](O)[C@H]1O,success,78,62,104.23,
9062,CO[C@@H]1[C@H](O)[C@@H](CO)O[C@H]1[n+]1cn(C)c2c(=O)[nH]c(N)nc21.[I-],success,42,26,41.86,
9063,Cn1c[n+](C2OC(COP(=O)([O-])OP(=O)([O-])OP(=O)([O-])[O-])C(O)C2O)c2nc(N)[nH]c(=O)c21.[Na+],success,42,26,54.47,
9064,O=c1[nH]cnc2c1ncn2[C@H]1C[C@H](O)[C@@H](COP(=O)([O-])[O-])O1.[Na+].[Na+],success,42,26,51.65,
9065,Nc1nc2c(ncn2[C@@H]2O[C@H](COP(=O)(O)OP([O])(=O)OP(=O)(O)O)[C@@H](O)[C@H]2O)c(=O)[nH]1,success,42,26,38.24,
9066,NC(=O)[C@@H](N)CC[Se]C[C@H]1O[C@@H](n2cnc3c(=O)[nH]c(N)nc32)[C@H](O)[C@@H]1O,success,316,300,253.58,
9067,CN(C)Cc1nc2c(=O)[nH]c(N)nc2n1C1OC(CO)[C@@H](O)[C@H]1O,success,381,362,368.11,
9068,COCCCOC1[C@@H](O)[C@@H](COP(=O)(O)OP(=O)(O)OP(=O)(O)O)O[C@H]1n1cnc2c(=O)[nH]c(N)nc21,success,42,26,41.15,
9069,COC1C(COP(=O)(O)OP(=O)(O)O)OC([n+]2cn(C)c3c(=O)[nH]c(N)nc32)C1O,success,80,62,77.97,
9070,Nc1nc2c(ncn2[C@@H]2O[C@@H]3COP(=O)(O)OC3[C@@H]2O)c(=O)[nH]1,success,124,105,125.93,
9071,CNc1nc2c(ncn2[C@@H]2O[C@H](COP(=O)(O)O)[C@H](O)C2O)c(=O)[nH]1,success,155,137,286.8,
9072,Cn1cnc2c(ncn2[C@@H]2O[C@H](COP(=O)(O)O)[C@H](O)C2O)c1=O,success,125,107,268.3,
9073,CC(O)C/C=N/c1nc2c(ncn2[C@H]2C[C@H](O)[C@@H](CO)O2)c(=O)[nH]1,success,2528,2506,1440.05,
9074,Nc1nc2c(ncn2[C@@H]2O[C@H](COP(O)(=S)OP(=O)(S)OP(=O)(O)O)[C@@H](O)[C@H]2O)c(=O)[nH]1,success,99,83,96.96,
9075,Nc1nc2c(ncn2[C@H]2C[C@H](O)[C@@H](CO[P+](=O)S)O2)c(=O)[nH]1,failed,196,177,263.9,min() arg is an empty sequence
9076,O=c1[nH]cnc2c1ncn2C[C@]1(O)CN[C@H](CO)[C@H]1O,success,391,372,300.27,
9077,C#Cc1nc2c(=O)[nH]c(/N=C/N(C)C)nc2n1[C@H]1C[C@H](O)[C@@H](CO)O1,success,201,184,260.44,
9078,NC(=O)c1ncn2c1N[C@@H]([C@@H](O)CO)[C@H]1OC(N)=N[C@@H]12,success,1847,1826,1379.53,
9079,[2H]C([2H])([2H])C1([2H])Nc2nc3c(ncn3[C@H]3C[C@H](O)[C@@H](CO)O3)c(=O)n2C([2H])(O)C1([2H])[2H],success,169,151,233.76,
9080,CC(C)C(=O)O[C@@H]1[C@H](OC(=O)C(C)C)[C@@H](CO)O[C@H]1n1cnc2c(=O)[nH]c(/N=C/N(C)C)nc21,success,42,26,70.99,
9081,[2H]C([2H])(O)[C@H]1O[C@@H](n2cnc3c(=O)[nH]c(N)nc32)C([2H])(O)C1([2H])O,success,265,246,326.2,
9082,Nc1nc2c(ncn2[C@H]2C[C@H](O)[C@@H](CO[P+](=S)S)O2)c(=O)[nH]1,failed,200,181,250.79,min() arg is an empty sequence
9083,[NH]c1nc2c(ncn2[C@@H]2O[C@H](CO)[C@@H](O)[C@H]2O)c(=O)[nH]1,success,42,26,36.39,
9084,Nc1nc2c(ncn2[C@@H]2O[C@H](CO[P+](=O)OP(=O)(O)NP(=O)(O)O)[C@@H](O)[C@H]2O)c(=O)[nH]1,success,109,93,131.56,
9085,CN(C)/C=N/c1nc2ncn([C@H]3C[C@H](O)[C@@H](CO)O3)c2c(=O)[nH]1,success,324,305,311.4,
9086,C#CCn1c(N)nc2c(ncn2[C@@H]2O[C@H](CO)[C@@H](O)[C@H]2O)c1=O,success,757,738,582.26,
9087,[2H]O[C@@H]1[C@H](O[2H])[C@@H](COP(=O)(O)O[2H])O[C@H]1n1cnc2c(=O)n([2H])c(N([2H])[2H])nc21,success,81,65,166.87,
9088,O=c1[nH]cnc2c1ncn2[C@@H]1O[C@H](C[18F])[C@@H](O)[C@H]1O,success,131,112,112.87,
9089,CCC(C)Nc1nc2c(ncn2[C@@H]2O[C@H](CO)[C@@H](OC(C)=O)[C@H]2OC(C)=O)c(=O)[nH]1,success,151,131,113.7,
9090,CCCCN(/C=N/c1nc2c(ncn2[C@H]2O[C@@H](CO)[C@H](O)[C@@H]2O)c(=O)[nH]1)CCCC,success,217,197,81.9,
9091,C[C@@H](O)C/C=N/c1nc2c(ncn2[C@H]2C[C@H](O)[C@@H](CO)O2)c(=O)[nH]1,success,2561,2539,1377.62,
9092,C[C@H](O)C/C=N/c1nc2c(ncn2[C@H]2C[C@H](O)[C@@H](CO)O2)c(=O)[nH]1,success,2561,2539,1353.78,
9093,N[13c]1n[13c]2[13c](n[13cH]n2[13C@@H]2O[13C@H]([13CH2]O)[13C@H](O)[13C@@H]2O)[13c](=O)[nH]1,success,338,319,279.39,
9094,Cn1c[n+]([C@@H]2O[C@H](COP(=O)([O-])OP(=O)([O-])O)C(O)[C@@H]2O)c2nc(N)[nH]c(=O)c21.[Na+],success,42,26,37.09,
9095,C.C.O=c1[nH]cnc2c1ncn2[C@@H]1O[C@H](COP(=O)(O)O)C(O)[C@@H]1O.[Na],success,42,26,37.72,
9096,O=c1[nH]cnc2c1ncn2[C@@H]1O[C@H](COP(=O)(O)OP(=O)(O)OP(=O)(O)O)[C@@H](O)[C@H]1O.[Na],success,42,26,37.37,
9097,O.O.O.O.O.O.O.O.O=c1[nH]cnc2c1ncn2C1O[C@H](COP(=O)([O-])[O-])C(O)[C@H]1O.[Na+].[Na+],success,42,26,56.58,
9098,O=c1[nH]cnc2c1ncn2C1O[C@H](COP(=O)(O)O)C(O)[C@H]1O,success,120,102,206.3,
9099,Nc1nc2c(ncn2[C@@H]2OC(COP(=O)([O-])OP(=O)([O-])OP(=O)([O-])O)[C@@H](O)C2O)c(=O)[nH]1.[Na+].[Na+].[Na+],success,42,26,37.66,
9100,Nc1nc2c(ncn2[C@@H]2OC(COP(=O)(O)OP(=O)(O)OP(=O)(O)O)[C@@H](O)C2O)c(=O)[nH]1,success,57,41,56.29,
9101,Nc1nc2c(ncn2[C@@H]2O[C@H](COP(=O)(O)OP(=O)(O)CP(=O)(O)O)[C@@H](O)[C@H]2O)c(=O)[nH]1.[Na],success,42,26,36.13,
9102,CO[C@@H]1[C@H](O)[C@@H](CO)O[C@H]1n1c(Cl)nc2c(=O)n(C)cnc21,success,248,229,256.27,
9103,O=c1[nH]cnc2c1ncn2[C@@H]1O[C@H](COP(=O)(O)O)[C@@H](O)[C@H]1O.[H-].[K+],success,42,26,51.88,
9104,O=c1[nH]cnc2c1ncn2[C@@H]1O[C@H](COP(=O)(O)O)[C@@H](O)[C@H]1O.[K],success,42,26,33.18,
9105,O.O.O.O.O.O.O.O=c1[nH]cnc2c1ncn2[C@H]1O[C@H](COP(=O)([O-])[O-])[C@@H](O)[C@H]1O.[Na+].[Na+],success,42,26,46.0,
9106,CC[NH+](CC)CC.Cn1c[n+]([C@@H]2O[C@H](COP(=O)([O-])OP(=O)([O-])O)[C@@H](O)[C@H]2O)c2nc(N)[nH]c(=O)c21,success,42,26,41.31,
9107,CN(C)c1nc2c(ncn2[C@@H]2O[C@H](COP(=O)([O-])[O-])[C@@H](O)[C@H]2O)c(=O)[nH]1.[Na+].[Na+],success,42,26,53.97,
9108,CO[C@@H]1[C@H](O)[C@@H](CO)O[C@H]1n1cnc2c(=O)[nH]c(F)nc21,success,241,222,221.91,
9109,CO[C@H]1[C@@H](O)[C@H](n2cnc3c(=O)[nH]c(N(C)C)nc32)O[C@@H]1CO,success,242,223,240.62,
9110,Cn1c[n+]([C@@H]2O[C@H](COP(=O)([O-])OP(=O)([O-])O)[C@@H](O)[C@H]2O)c2nc(N)[nH]c(=O)c21.[Na+],success,42,26,49.5,
9111,CC(C)C(=O)Nc1nc2c(ncn2[C@@H]2O[C@H](CO)[C@@H](F)C2(O)O)c(=O)[nH]1,success,1878,1856,1784.25,
9112,Nc1nc2c(ncn2[C@H]2O[C@@H](CO)C(O)[C@@H]2O)c(=O)[nH]1,success,362,343,294.96,
9114,C[C@]1(O)C(F)[C@@H](CO)O[C@H]1n1cnc2c(=O)[nH]c(N)nc21,success,309,290,255.19,
9115,Nc1nc2c(ncn2[C@@H]2O[C@H](COP(=O)([O-])OP(=O)([O-])OP(=O)([O-])[O-])[C@@H](O)[C@H]2O)c(=O)[nH]1.[Cu],success,42,26,43.25,
9116,CC(=O)Cc1nc2c(ncn2[C@@H]2O[C@H](CO)C[C@H]2O)c(=O)[nH]1,success,3700,3678,2414.21,
