starter_Canonical_SMILES,Canonical_SMILES,source_DataBase
O=c1[nH]cnc2c1ncn2[C@@H]1O[C@H](CO)[C@@H](O)[C@H]1O,O=C(O)[C@H]1O[C@@H](n2cnc3c(=O)[nH]cnc32)[C@]2(O)O[C@H]12,InosineOnly_gen3
O=c1[nH]cnc2c1ncn2[C@@H]1O[C@H](CO)[C@@H](O)[C@H]1O,O=C(O)[C@H]1O[C@@H]2[C@H](O)[C@@H]1Oc1nc3c(=O)[nH]cnc3n12,InosineOnly_gen3
O=c1[nH]cnc2c1ncn2[C@@H]1O[C@H](CO)[C@@H](O)[C@H]1O,O=C(O)[C@]12O[C@@H](n3cnc4c(=O)[nH]cnc43)[C@H](O)[C@@H]1O2,InosineOnly_gen3
O=c1[nH]cnc2c1ncn2[C@@H]1O[C@H](CO)[C@@H](O)[C@H]1O,O=C(O)[C@H]1O[C@@]2(n3cnc4c(=O)[nH]cnc43)O[C@@H]2[C@@H]1O,InosineOnly_gen3
O=c1[nH]cnc2c1ncn2[C@@H]1O[C@H](CO)[C@@H](O)[C@H]1O,O=C(O)[C@H]1O[C@@H]2[C@H](Oc3nc4c(ncn42)c(=O)[nH]3)[C@@H]1O,InosineOnly_gen3
O=c1[nH]cnc2c1ncn2[C@@H]1O[C@H](CO)[C@@H](O)[C@H]1O,O=C(O)[C@H]1O[C@@H](n2cnc3c(=O)[nH]cnc32)[C@@H]2O[C@]12O,InosineOnly_gen3
O=c1[nH]cnc2c1ncn2[C@@H]1O[C@H](CO)[C@@H](O)[C@H]1O,O=C1O[C@]2(n3cnc4c(=O)[nH]cnc43)O[C@H]1[C@@H](O)[C@H]2O,InosineOnly_gen3
O=c1[nH]cnc2c1ncn2[C@@H]1O[C@H](CO)[C@@H](O)[C@H]1O,O=C(O)[C@H]1O[C@@H](n2cnc3c(=O)[nH]cnc32)[C@H](O)[C@@H]1O,InosineOnly_gen3
O=c1[nH]cnc2c1ncn2[C@@H]1O[C@H](CO)[C@@H](O)[C@H]1O,O=c1[nH]c2nc3c1ncn3[C@@H]1O[C@H](C(O)O)[C@@H](O2)[C@H]1O,InosineOnly_gen3
O=c1[nH]cnc2c1ncn2[C@@H]1O[C@H](CO)[C@@H](O)[C@H]1O,Cn1cnc2c(ncn2[C@@H]2O[C@H](CO)[C@@H](O)[C@H]2O)c1=O,InosineOnly_gen3
O=c1[nH]cnc2c1ncn2[C@@H]1O[C@H](CO)[C@@H](O)[C@H]1O,O=C(O)[C@H]1O[C@@H](n2c[nH+]c3c(=O)[nH]cnc32)[C@H](O)[C@@H]1O,InosineOnly_gen3
O=c1[nH]cnc2c1ncn2[C@@H]1O[C@H](CO)[C@@H](O)[C@H]1O,O=c1[nH]cnc2c1ncn2[C@@]12OC(F)[C@@H](O1)[C@@H](O)[C@H]2O,InosineOnly_gen3
O=c1[nH]cnc2c1ncn2[C@@H]1O[C@H](CO)[C@@H](O)[C@H]1O,O=c1[nH]cnc2c1ncn2[C@@H]1O[C@@](O)(CO)[C@@H](O)[C@H]1O,InosineOnly_gen3
O=c1[nH]cnc2c1ncn2[C@@H]1O[C@H](CO)[C@@H](O)[C@H]1O,O=c1[nH]cnc2c1ncn2[C@@]1(O)O[C@H](CO)[C@@H](O)[C@H]1O,InosineOnly_gen3
O=c1[nH]cnc2c1ncn2[C@@H]1O[C@H](CO)[C@@H](O)[C@H]1O,O=c1[nH]cnc2c1ncn2[C@@H]1O[C@H](CO)[C@@H](O)C1(O)O,InosineOnly_gen3
O=c1[nH]cnc2c1ncn2[C@@H]1O[C@H](CO)[C@@H](O)[C@H]1O,O=c1[nH]cnc2c1ncn2[C@@H]1O[C@H](CO)C(O)(O)[C@H]1O,InosineOnly_gen3
O=c1[nH]cnc2c1ncn2[C@@H]1O[C@H](CO)[C@@H](O)[C@H]1O,O=CO[C@@H]1[C@H](O)[C@H]2CO[C@]1(n1cnc3c(=O)[nH]cnc31)O2,InosineOnly_gen3
O=c1[nH]cnc2c1ncn2[C@@H]1O[C@H](CO)[C@@H](O)[C@H]1O,O=CO[C@H]1[C@H]2OC(O)[C@H]1O[C@H]2n1cnc2c(=O)[nH]cnc21,InosineOnly_gen3
O=c1[nH]cnc2c1ncn2[C@@H]1O[C@H](CO)[C@@H](O)[C@H]1O,O=CO[C@H]1[C@@H](O)[C@H]2O[C@@H]1COc1nc3c(=O)[nH]cnc3n12,InosineOnly_gen3
O=c1[nH]cnc2c1ncn2[C@@H]1O[C@H](CO)[C@@H](O)[C@H]1O,O=CO[C@@H]1[C@H](O)[C@H]2COc3nc4c(ncn4[C@@H]1O2)c(=O)[nH]3,InosineOnly_gen3
O=c1[nH]cnc2c1ncn2[C@@H]1O[C@H](CO)[C@@H](O)[C@H]1O,O=COC1O[C@H]2[C@@H](O)[C@H](n3cnc4c(=O)[nH]cnc43)O[C@H]12,InosineOnly_gen3
O=c1[nH]cnc2c1ncn2[C@@H]1O[C@H](CO)[C@@H](O)[C@H]1O,O=CO[C@@H]1[C@H]2CO[C@@]1(O)[C@H](n1cnc3c(=O)[nH]cnc31)O2,InosineOnly_gen3
O=c1[nH]cnc2c1ncn2[C@@H]1O[C@H](CO)[C@@H](O)[C@H]1O,O=CO[C@H]1[C@H](n2cnc3c(=O)[nH]cnc32)O[C@]2(CO)O[C@@H]12,InosineOnly_gen3
O=c1[nH]cnc2c1ncn2[C@@H]1O[C@H](CO)[C@@H](O)[C@H]1O,CCO[C@@H]1[C@@H]2OC(O)[C@H]2O[C@H]1n1cnc2c(=O)[nH]cnc21,InosineOnly_gen3
O=c1[nH]cnc2c1ncn2[C@@H]1O[C@H](CO)[C@@H](O)[C@H]1O,CCO[C@H]1[C@@H](O)[C@H](n2cnc3c(=O)[nH]cnc32)O[C@@]12CO2,InosineOnly_gen3
O=c1[nH]cnc2c1ncn2[C@@H]1O[C@H](CO)[C@@H](O)[C@H]1O,CO[C@H]1[C@H]2O[C@@]1(C(O)O)O[C@H]2n1cnc2c(=O)[nH]cnc21,InosineOnly_gen3
O=c1[nH]cnc2c1ncn2[C@@H]1O[C@H](CO)[C@@H](O)[C@H]1O,CO[C@H]1[C@H](n2cnc3c(=O)[nH]cnc32)O[C@]2(OC2O)[C@H]1O,InosineOnly_gen3
O=c1[nH]cnc2c1ncn2[C@@H]1O[C@H](CO)[C@@H](O)[C@H]1O,COC1O[C@]2(O)[C@@H]1O[C@@H](n1cnc3c(=O)[nH]cnc31)[C@@H]2O,InosineOnly_gen3
O=c1[nH]cnc2c1ncn2[C@@H]1O[C@H](CO)[C@@H](O)[C@H]1O,O=c1[nH]cnc2c1ncn2[C@@H]1O[C@@H]2C(OCO)O[C@@H]1[C@@H]2O,InosineOnly_gen3
O=c1[nH]cnc2c1ncn2[C@@H]1O[C@H](CO)[C@@H](O)[C@H]1O,CO[C@]12OC(O)[C@@H](O[C@H]1n1cnc3c(=O)[nH]cnc31)[C@H]2O,InosineOnly_gen3
O=c1[nH]cnc2c1ncn2[C@@H]1O[C@H](CO)[C@@H](O)[C@H]1O,CO[C@@H]1[C@@H]2O[C@@H](n3cnc4c(=O)[nH]cnc43)[C@]1(O)OC2O,InosineOnly_gen3
O=c1[nH]cnc2c1ncn2[C@@H]1O[C@H](CO)[C@@H](O)[C@H]1O,CO[C@@H]1[C@H](O)[C@@H]2O[C@@]1(n1cnc3c(=O)[nH]cnc31)OC2O,InosineOnly_gen3
O=c1[nH]cnc2c1ncn2[C@@H]1O[C@H](CO)[C@@H](O)[C@H]1O,CO[C@]12O[C@H]1[C@H](n1cnc3c(=O)[nH]cnc31)O[C@@H]2C(O)O,InosineOnly_gen3
O=c1[nH]cnc2c1ncn2[C@@H]1O[C@H](CO)[C@@H](O)[C@H]1O,COC1Oc2nc3c(ncn3[C@@H]3O[C@H]1[C@@H](O)[C@H]3O)c(=O)[nH]2,InosineOnly_gen3
O=c1[nH]cnc2c1ncn2[C@@H]1O[C@H](CO)[C@@H](O)[C@H]1O,CO[C@@H]1[C@@H](C(O)O)O[C@@]2(n3cnc4c(=O)[nH]cnc43)O[C@H]12,InosineOnly_gen3
O=c1[nH]cnc2c1ncn2[C@@H]1O[C@H](CO)[C@@H](O)[C@H]1O,CO[C@@H]1[C@H](O)[C@@H]2O[C@H]1n1c(nc3c(=O)[nH]cnc31)OC2O,InosineOnly_gen3
O=c1[nH]cnc2c1ncn2[C@@H]1O[C@H](CO)[C@@H](O)[C@H]1O,COC(O)[C@H]1O[C@@H]2[C@H](O)[C@@H]1Oc1nc3c(=O)[nH]cnc3n12,InosineOnly_gen3
O=c1[nH]cnc2c1ncn2[C@@H]1O[C@H](CO)[C@@H](O)[C@H]1O,C[n+]1cn([C@@H]2O[C@]3(C(O)O)O[C@@H]2[C@@H]3O)c2nc[nH]c(=O)c21,InosineOnly_gen3
O=c1[nH]cnc2c1ncn2[C@@H]1O[C@H](CO)[C@@H](O)[C@H]1O,C[n+]1cn([C@@H]2O[C@@H]3C(O)O[C@@]3(O)[C@H]2O)c2nc[nH]c(=O)c21,InosineOnly_gen3
O=c1[nH]cnc2c1ncn2[C@@H]1O[C@H](CO)[C@@H](O)[C@H]1O,C[n+]1cn2c3nc([nH]c(=O)c31)OC(O)[C@H]1O[C@@H]2[C@H](O)[C@@H]1O,InosineOnly_gen3
O=c1[nH]cnc2c1ncn2[C@@H]1O[C@H](CO)[C@@H](O)[C@H]1O,C[n+]1cn([C@@H]2O[C@H](C(O)O)[C@H]3O[C@]32O)c2nc[nH]c(=O)c21,InosineOnly_gen3
O=c1[nH]cnc2c1ncn2[C@@H]1O[C@H](CO)[C@@H](O)[C@H]1O,C[n+]1cn2c3nc([nH]c(=O)c31)O[C@@H]1[C@H](O)[C@@H](C(O)O)O[C@H]12,InosineOnly_gen3
O=c1[nH]cnc2c1ncn2[C@@H]1O[C@H](CO)[C@@H](O)[C@H]1O,C[n+]1cn([C@@]23O[C@H](C(O)O)[C@@H](O)[C@H]2O3)c2nc[nH]c(=O)c21,InosineOnly_gen3
O=c1[nH]cnc2c1ncn2[C@@H]1O[C@H](CO)[C@@H](O)[C@H]1O,C[n+]1cn([C@@]23OC(O)[C@@H](O2)[C@@H](O)[C@H]3O)c2nc[nH]c(=O)c21,InosineOnly_gen3
O=c1[nH]cnc2c1ncn2[C@@H]1O[C@H](CO)[C@@H](O)[C@H]1O,C[n+]1cn([C@@H]2O[C@@H]3C(O)O[C@]2(O)[C@@H]3O)c2nc[nH]c(=O)c21,InosineOnly_gen3
O=c1[nH]cnc2c1ncn2[C@@H]1O[C@H](CO)[C@@H](O)[C@H]1O,O=c1[nH]cnc2c1[n+]1cn2[C@@H]2O[C@H](C(O)OC1)[C@@H](O)[C@H]2O,InosineOnly_gen3
O=c1[nH]cnc2c1ncn2[C@@H]1O[C@H](CO)[C@@H](O)[C@H]1O,C[n+]1cn([C@@H]2O[C@H](C(O)O)[C@@]3(O)O[C@@H]23)c2nc[nH]c(=O)c21,InosineOnly_gen3
O=c1[nH]cnc2c1ncn2[C@@H]1O[C@H](CO)[C@@H](O)[C@H]1O,O=c1[nH]cnc2c1[n+]1cn2[C@@H]2O[C@H](C(O)O)[C@@H](O)[C@H]2OC1,InosineOnly_gen3
O=c1[nH]cnc2c1ncn2[C@@H]1O[C@H](CO)[C@@H](O)[C@H]1O,C[n+]1cn([C@@H]2O[C@]3(OC3O)[C@@H](O)[C@H]2O)c2nc[nH]c(=O)c21,InosineOnly_gen3
O=c1[nH]cnc2c1ncn2[C@@H]1O[C@H](CO)[C@@H](O)[C@H]1O,C[n+]1c2n(c3nc[nH]c(=O)c31)[C@@H]1O[C@H](C(O)O2)[C@@H](O)[C@H]1O,InosineOnly_gen3
O=c1[nH]cnc2c1ncn2[C@@H]1O[C@H](CO)[C@@H](O)[C@H]1O,C[n+]1c2n(c3nc[nH]c(=O)c31)[C@@H]1O[C@H](C(O)O)[C@@H](O2)[C@H]1O,InosineOnly_gen3
O=c1[nH]cnc2c1ncn2[C@@H]1O[C@H](CO)[C@@H](O)[C@H]1O,CO[C@H]1[C@@H](O)[C@H](n2cnc3c(=O)[nH]cnc32)O[C@@H]1C(O)O,InosineOnly_gen3
O=c1[nH]cnc2c1ncn2[C@@H]1O[C@H](CO)[C@@H](O)[C@H]1O,O=c1[nH]cnc2c1ncn2[C@@]1(O)O[C@H](C(O)O)[C@@H](O)[C@H]1O,InosineOnly_gen3
O=c1[nH]cnc2c1ncn2[C@@H]1O[C@H](CO)[C@@H](O)[C@H]1O,O=c1[nH]cnc2c1ncn2[C@@H]1O[C@H](C(O)O)C(O)(O)[C@H]1O,InosineOnly_gen3
O=c1[nH]cnc2c1ncn2[C@@H]1O[C@H](CO)[C@@H](O)[C@H]1O,O=c1[nH]cnc2c1ncn2[C@@H]1O[C@H](C(O)O)[C@@H](O)C1(O)O,InosineOnly_gen3
O=c1[nH]cnc2c1ncn2[C@@H]1O[C@H](CO)[C@@H](O)[C@H]1O,O=c1[nH]cnc2c1ncn2[C@@H]1O[C@@](O)(C(O)O)[C@@H](O)[C@H]1O,InosineOnly_gen3
O=c1[nH]cnc2c1ncn2[C@@H]1O[C@H](CO)[C@@H](O)[C@H]1O,C[n+]1cn([C@@H]2O[C@H](C(O)C#N)[C@@H](O)[C@H]2O)c2nc[nH]c(=O)c21,InosineOnly_gen3
O=c1[nH]cnc2c1ncn2[C@@H]1O[C@H](CO)[C@@H](O)[C@H]1O,Cc1nc2c(nc3n2[C@@H]2O[C@H](CO3)[C@@H](O)[C@H]2OCO)c(=O)[nH]1,InosineOnly_gen3
O=c1[nH]cnc2c1ncn2[C@@H]1O[C@H](CO)[C@@H](O)[C@H]1O,Cc1nc2c(=O)[nH]cnc2n1[C@@H]1O[C@]2(CO)O[C@@H]1[C@@H]2OCO,InosineOnly_gen3
O=c1[nH]cnc2c1ncn2[C@@H]1O[C@H](CO)[C@@H](O)[C@H]1O,Cc1nc2c(=O)[nH]cnc2n1[C@@H]1O[C@@H]2CO[C@]1(OCO)[C@@H]2O,InosineOnly_gen3
O=c1[nH]cnc2c1ncn2[C@@H]1O[C@H](CO)[C@@H](O)[C@H]1O,C[C@@]12Oc3nc4c(=O)[nH]cnc4n3[C@@H]1O[C@H](CO)[C@H]2OCO,InosineOnly_gen3
O=c1[nH]cnc2c1ncn2[C@@H]1O[C@H](CO)[C@@H](O)[C@H]1O,C[C@@]1(CO)O[C@@H]2[C@H](OCO)[C@@H]1Oc1nc3c(=O)[nH]cnc3n12,InosineOnly_gen3
O=c1[nH]cnc2c1ncn2[C@@H]1O[C@H](CO)[C@@H](O)[C@H]1O,C[C@]1(OCO)[C@@H](CO)O[C@@H]2[C@@H]1Oc1nc3c(=O)[nH]cnc3n12,InosineOnly_gen3
O=c1[nH]cnc2c1ncn2[C@@H]1O[C@H](CO)[C@@H](O)[C@H]1O,C[C@@]12O[C@H](CO)[C@@H](Oc3nc4c(ncn41)c(=O)[nH]3)[C@H]2OCO,InosineOnly_gen3
O=c1[nH]cnc2c1ncn2[C@@H]1O[C@H](CO)[C@@H](O)[C@H]1O,CC(OCO)[C@]12O[C@@H](n3cnc4c(=O)[nH]cnc43)[C@H](O)[C@@H]1O2,InosineOnly_gen3
O=c1[nH]cnc2c1ncn2[C@@H]1O[C@H](CO)[C@@H](O)[C@H]1O,CC1Oc2nc3c(=O)[nH]cnc3n2[C@@H]2O[C@H]1[C@@H](OCO)[C@H]2O,InosineOnly_gen3
O=c1[nH]cnc2c1ncn2[C@@H]1O[C@H](CO)[C@@H](O)[C@H]1O,C[C@]1(O)[C@@H]2OC(OCO)[C@H]2O[C@H]1n1cnc2c(=O)[nH]cnc21,InosineOnly_gen3
O=c1[nH]cnc2c1ncn2[C@@H]1O[C@H](CO)[C@@H](O)[C@H]1O,CC(O)[C@H]1O[C@@H]2[C@H](OCO)[C@@H]1Oc1nc3c(=O)[nH]cnc3n12,InosineOnly_gen3
O=c1[nH]cnc2c1ncn2[C@@H]1O[C@H](CO)[C@@H](O)[C@H]1O,C[C@]1(n2cnc3c(=O)[nH]cnc32)O[C@@H]2CO[C@]1(O)[C@@H]2OCO,InosineOnly_gen3
O=c1[nH]cnc2c1ncn2[C@@H]1O[C@H](CO)[C@@H](O)[C@H]1O,C[C@]1(n2cnc3c(=O)[nH]cnc32)O[C@@]2(CO2)[C@@H](O)[C@H]1OCO,InosineOnly_gen3
O=c1[nH]cnc2c1ncn2[C@@H]1O[C@H](CO)[C@@H](O)[C@H]1O,C[C@@]1(O)[C@H]2O[C@@]1(COCO)O[C@H]2n1cnc2c(=O)[nH]cnc21,InosineOnly_gen3
O=c1[nH]cnc2c1ncn2[C@@H]1O[C@H](CO)[C@@H](O)[C@H]1O,CC1O[C@]2(O)[C@@H]1O[C@@H](n1cnc3c(=O)[nH]cnc31)[C@@H]2OCO,InosineOnly_gen3
O=c1[nH]cnc2c1ncn2[C@@H]1O[C@H](CO)[C@@H](O)[C@H]1O,C[C@@]12COc3nc4c(ncn4[C@H](O1)[C@H](OCO)[C@@H]2O)c(=O)[nH]3,InosineOnly_gen3
O=c1[nH]cnc2c1ncn2[C@@H]1O[C@H](CO)[C@@H](O)[C@H]1O,O=CCOC[C@H]1O[C@@H](n2cnc3c(=O)[nH]cnc32)[C@H](O)[C@@H]1O,InosineOnly_gen3
O=c1[nH]cnc2c1ncn2[C@@H]1O[C@H](CO)[C@@H](O)[C@H]1O,O=c1[nH]c2nc3c1ncn3[C@@H]1O[C@H](CO)[C@@H](OCO)[C@H]1OC2,InosineOnly_gen3
O=c1[nH]cnc2c1ncn2[C@@H]1O[C@H](CO)[C@@H](O)[C@H]1O,Cc1nc2c(ncn2[C@@H]2O[C@@H]3C(OCO)O[C@@H]2[C@@H]3O)c(=O)[nH]1,InosineOnly_gen3
O=c1[nH]cnc2c1ncn2[C@@H]1O[C@H](CO)[C@@H](O)[C@H]1O,C[C@@]1(CO)O[C@@H]2[C@H](OCO)[C@@H]1Oc1nc3c(ncn32)c(=O)[nH]1,InosineOnly_gen3
O=c1[nH]cnc2c1ncn2[C@@H]1O[C@H](CO)[C@@H](O)[C@H]1O,C[C@]1(OCO)[C@@H](CO)O[C@@H]2[C@@H]1Oc1nc3c(ncn32)c(=O)[nH]1,InosineOnly_gen3
O=c1[nH]cnc2c1ncn2[C@@H]1O[C@H](CO)[C@@H](O)[C@H]1O,CC1Oc2nc3c(ncn3[C@@H]3O[C@H]1[C@@H](O)[C@H]3OCO)c(=O)[nH]2,InosineOnly_gen3
O=c1[nH]cnc2c1ncn2[C@@H]1O[C@H](CO)[C@@H](O)[C@H]1O,C[C@@]12O[C@@H](n3cnc4c(=O)[nH]cnc43)[C@H](OCO)[C@@H]1OC2O,InosineOnly_gen3
O=c1[nH]cnc2c1ncn2[C@@H]1O[C@H](CO)[C@@H](O)[C@H]1O,C[C@@]1(OCO)[C@H]2O[C@]2(n2cnc3c(=O)[nH]cnc32)O[C@@H]1CO,InosineOnly_gen3
O=c1[nH]cnc2c1ncn2[C@@H]1O[C@H](CO)[C@@H](O)[C@H]1O,C[C@]12CO[C@@]1(O)[C@@H](OCO)[C@H](n1cnc3c(=O)[nH]cnc31)O2,InosineOnly_gen3
O=c1[nH]cnc2c1ncn2[C@@H]1O[C@H](CO)[C@@H](O)[C@H]1O,C[C@]1(OCO)[C@@H]2O[C@@H](n3cnc4c(=O)[nH]cnc43)[C@@H]1OC2O,InosineOnly_gen3
O=c1[nH]cnc2c1ncn2[C@@H]1O[C@H](CO)[C@@H](O)[C@H]1O,CC(OCO)[C@H]1O[C@@H]2[C@H](Oc3nc4c(=O)[nH]cnc4n32)[C@@H]1O,InosineOnly_gen3
O=c1[nH]cnc2c1ncn2[C@@H]1O[C@H](CO)[C@@H](O)[C@H]1O,C[C@]1(OCO)[C@@H]2O[C@@]2(CO)O[C@H]1n1cnc2c(=O)[nH]cnc21,InosineOnly_gen3
O=c1[nH]cnc2c1ncn2[C@@H]1O[C@H](CO)[C@@H](O)[C@H]1O,CO[C@@H]1[C@H](OC)[C@@H](C(=O)O)O[C@H]1n1cnc2c(=O)[nH]cnc21,InosineOnly_gen3
O=c1[nH]cnc2c1ncn2[C@@H]1O[C@H](CO)[C@@H](O)[C@H]1O,C[C@]12O[C@@]1(CO)O[C@@H](n1cnc3c(=O)[nH]cnc31)[C@@H]2OCO,InosineOnly_gen3
O=c1[nH]cnc2c1ncn2[C@@H]1O[C@H](CO)[C@@H](O)[C@H]1O,Cc1nc2c(ncn2[C@]23O[C@@H]([C@H]2OCO)[C@@H](CO)O3)c(=O)[nH]1,InosineOnly_gen3
O=c1[nH]cnc2c1ncn2[C@@H]1O[C@H](CO)[C@@H](O)[C@H]1O,C[C@@]12Oc3nc4c(ncn4[C@@H]1O[C@H](COCO)[C@H]2O)c(=O)[nH]3,InosineOnly_gen3
O=c1[nH]cnc2c1ncn2[C@@H]1O[C@H](CO)[C@@H](O)[C@H]1O,CC(O)[C@H]1O[C@@H](n2cnc3c(=O)[nH]cnc32)[C@]2(OCO)O[C@H]12,InosineOnly_gen3
O=c1[nH]cnc2c1ncn2[C@@H]1O[C@H](CO)[C@@H](O)[C@H]1O,Cc1nc2c(=O)[nH]c3nc2n1[C@@H]1O[C@H](CO)[C@@H](OCO)[C@H]1O3,InosineOnly_gen3
O=c1[nH]cnc2c1ncn2[C@@H]1O[C@H](CO)[C@@H](O)[C@H]1O,C[C@]12Oc3nc4c(=O)[nH]cnc4n3[C@H](O[C@@H]1COCO)[C@@H]2O,InosineOnly_gen3
O=c1[nH]cnc2c1ncn2[C@@H]1O[C@H](CO)[C@@H](O)[C@H]1O,C[C@]1(n2cnc3c(=O)[nH]cnc32)O[C@]2(CO)O[C@@H]1[C@@H]2OCO,InosineOnly_gen3
O=c1[nH]cnc2c1ncn2[C@@H]1O[C@H](CO)[C@@H](O)[C@H]1O,CC(O)[C@]12O[C@@H](n3cnc4c(=O)[nH]cnc43)[C@H](OCO)[C@@H]1O2,InosineOnly_gen3
O=c1[nH]cnc2c1ncn2[C@@H]1O[C@H](CO)[C@@H](O)[C@H]1O,C[C@]12O[C@]1(O)[C@@H](COCO)O[C@H]2n1cnc2c(=O)[nH]cnc21,InosineOnly_gen3
O=c1[nH]cnc2c1ncn2[C@@H]1O[C@H](CO)[C@@H](O)[C@H]1O,C[C@]1(O)[C@@H]2Oc3nc4c(ncn4[C@@H]1O[C@@H]2COCO)c(=O)[nH]3,InosineOnly_gen3
O=c1[nH]cnc2c1ncn2[C@@H]1O[C@H](CO)[C@@H](O)[C@H]1O,Cc1nc2c(ncn2[C@@H]2O[C@]3(COCO)O[C@H]3[C@H]2O)c(=O)[nH]1,InosineOnly_gen3
O=c1[nH]cnc2c1ncn2[C@@H]1O[C@H](CO)[C@@H](O)[C@H]1O,O=c1[nH]cnc2c1ncn2[C@@H]1O[C@]2(COCO)CO[C@@H]1[C@@H]2O,InosineOnly_gen3
O=c1[nH]cnc2c1ncn2[C@@H]1O[C@H](CO)[C@@H](O)[C@H]1O,Cc1nc2c(=O)[nH]c3nc2n1[C@@H]1O[C@H](CO3)[C@@H](OCO)[C@H]1O,InosineOnly_gen3
O=c1[nH]cnc2c1ncn2[C@@H]1O[C@H](CO)[C@@H](O)[C@H]1O,Cc1nc2c(ncn2[C@@H]2O[C@H](COCO)[C@@]3(O)O[C@@H]23)c(=O)[nH]1,InosineOnly_gen3
O=c1[nH]cnc2c1ncn2[C@@H]1O[C@H](CO)[C@@H](O)[C@H]1O,C[C@@]1(CO)O[C@@H](n2cnc3c(=O)[nH]cnc32)[C@@H]2O[C@@]21OCO,InosineOnly_gen3
O=c1[nH]cnc2c1ncn2[C@@H]1O[C@H](CO)[C@@H](O)[C@H]1O,Cc1nc2c(ncn2[C@@H]2O[C@@]3(CO3)[C@@H](OCO)[C@H]2O)c(=O)[nH]1,InosineOnly_gen3
O=c1[nH]cnc2c1ncn2[C@@H]1O[C@H](CO)[C@@H](O)[C@H]1O,Cc1nc2c(ncn2[C@@H]2O[C@@H]3C(O)O[C@H]3[C@H]2OCO)c(=O)[nH]1,InosineOnly_gen3
O=c1[nH]cnc2c1ncn2[C@@H]1O[C@H](CO)[C@@H](O)[C@H]1O,CC1O[C@]12O[C@@H](n1cnc3c(=O)[nH]cnc31)[C@H](O)[C@@H]2OCO,InosineOnly_gen3
O=c1[nH]cnc2c1ncn2[C@@H]1O[C@H](CO)[C@@H](O)[C@H]1O,C[C@]1(O)[C@@H](COCO)O[C@@H]2[C@@H]1Oc1nc3c(ncn32)c(=O)[nH]1,InosineOnly_gen3
O=c1[nH]cnc2c1ncn2[C@@H]1O[C@H](CO)[C@@H](O)[C@H]1O,C[C@@]1(OCO)[C@@H](O)[C@H](n2cnc3c(=O)[nH]cnc32)O[C@@]12CO2,InosineOnly_gen3
O=c1[nH]cnc2c1ncn2[C@@H]1O[C@H](CO)[C@@H](O)[C@H]1O,C[C@]1(n2cnc3c(=O)[nH]cnc32)O[C@@H]2CO[C@@]2(OCO)[C@H]1O,InosineOnly_gen3
O=c1[nH]cnc2c1ncn2[C@@H]1O[C@H](CO)[C@@H](O)[C@H]1O,Cc1nc2c(ncn2[C@@H]2O[C@H](CO)[C@H]3O[C@]32OCO)c(=O)[nH]1,InosineOnly_gen3
O=c1[nH]cnc2c1ncn2[C@@H]1O[C@H](CO)[C@@H](O)[C@H]1O,O=c1[nH]cnc2c1ncn2[C@]12CO[C@@H]1[C@H](O)[C@@H](COCO)O2,InosineOnly_gen3
O=c1[nH]cnc2c1ncn2[C@@H]1O[C@H](CO)[C@@H](O)[C@H]1O,C[C@@]12O[C@H](COCO)[C@@H](Oc3nc4c(ncn41)c(=O)[nH]3)[C@H]2O,InosineOnly_gen3
O=c1[nH]cnc2c1ncn2[C@@H]1O[C@H](CO)[C@@H](O)[C@H]1O,Cc1nc2c(ncn2[C@@H]2O[C@@H]3CO[C@]2(O)[C@@H]3OCO)c(=O)[nH]1,InosineOnly_gen3
O=c1[nH]cnc2c1ncn2[C@@H]1O[C@H](CO)[C@@H](O)[C@H]1O,C[C@@]12COc3nc4c(=O)[nH]cnc4n3[C@H](O1)[C@H](OCO)[C@@H]2O,InosineOnly_gen3
O=c1[nH]cnc2c1ncn2[C@@H]1O[C@H](CO)[C@@H](O)[C@H]1O,C[C@@]12CO[C@@](OCO)([C@H](n3cnc4c(=O)[nH]cnc43)O1)[C@@H]2O,InosineOnly_gen3
O=c1[nH]cnc2c1ncn2[C@@H]1O[C@H](CO)[C@@H](O)[C@H]1O,O=c1[nH]c2nc3c1ncn3[C@@H]1O[C@H](COCO)[C@@H](OC2)[C@H]1O,InosineOnly_gen3
O=c1[nH]cnc2c1ncn2[C@@H]1O[C@H](CO)[C@@H](O)[C@H]1O,CC(OCO)[C@H]1O[C@@H](n2cnc3c(=O)[nH]cnc32)[C@@H]2O[C@]12O,InosineOnly_gen3
O=c1[nH]cnc2c1ncn2[C@@H]1O[C@H](CO)[C@@H](O)[C@H]1O,CC1(OCO)O[C@H]2[C@@H](O)[C@H](n3cnc4c(=O)[nH]cnc43)O[C@@H]21,InosineOnly_gen3
O=c1[nH]cnc2c1ncn2[C@@H]1O[C@H](CO)[C@@H](O)[C@H]1O,CC(O)[C@H]1O[C@@H]2[C@H](Oc3nc4c(ncn42)c(=O)[nH]3)[C@@H]1OCO,InosineOnly_gen3
O=c1[nH]cnc2c1ncn2[C@@H]1O[C@H](CO)[C@@H](O)[C@H]1O,Cc1nc2c(=O)[nH]cnc2n1[C@]12O[C@@H]1[C@H](O)[C@@H](COCO)O2,InosineOnly_gen3
O=c1[nH]cnc2c1ncn2[C@@H]1O[C@H](CO)[C@@H](O)[C@H]1O,Cc1nc2c(=O)[nH]cnc2n1[C@@H]1O[C@]2(COCO)O[C@H]2[C@H]1O,InosineOnly_gen3
O=c1[nH]cnc2c1ncn2[C@@H]1O[C@H](CO)[C@@H](O)[C@H]1O,CC1O[C@]2(OCO)[C@@H]1O[C@@H](n1cnc3c(=O)[nH]cnc31)[C@@H]2O,InosineOnly_gen3
O=c1[nH]cnc2c1ncn2[C@@H]1O[C@H](CO)[C@@H](O)[C@H]1O,Cc1nc2c(ncn2[C@@H]2O[C@@H]3CO[C@]2(OCO)[C@@H]3O)c(=O)[nH]1,InosineOnly_gen3
O=c1[nH]cnc2c1ncn2[C@@H]1O[C@H](CO)[C@@H](O)[C@H]1O,Cc1nc2c(ncn2[C@@]23OC[C@@H](O2)[C@@H](O)[C@H]3OCO)c(=O)[nH]1,InosineOnly_gen3
O=c1[nH]cnc2c1ncn2[C@@H]1O[C@H](CO)[C@@H](O)[C@H]1O,C[C@@]12O[C@@](CO)(O[C@H]1n1cnc3c(=O)[nH]cnc31)[C@H]2OCO,InosineOnly_gen3
O=c1[nH]cnc2c1ncn2[C@@H]1O[C@H](CO)[C@@H](O)[C@H]1O,C[C@]1(O)[C@H](OCO)[C@]2(CO2)O[C@H]1n1cnc2c(=O)[nH]cnc21,InosineOnly_gen3
O=c1[nH]cnc2c1ncn2[C@@H]1O[C@H](CO)[C@@H](O)[C@H]1O,O=c1[nH]cnc2c1ncn2[C@@H]1O[C@@H]2C(OCO)CO[C@H]2[C@H]1O,InosineOnly_gen3
O=c1[nH]cnc2c1ncn2[C@@H]1O[C@H](CO)[C@@H](O)[C@H]1O,C[C@@]1(O)[C@@H](OCO)[C@]2(n3cnc4c(=O)[nH]cnc43)OC[C@H]1O2,InosineOnly_gen3
O=c1[nH]cnc2c1ncn2[C@@H]1O[C@H](CO)[C@@H](O)[C@H]1O,O=c1[nH]cnc2c1ncn2[C@@H]1OC2(COC2)[C@@H](O)[C@H]1OCO,InosineOnly_gen3
O=c1[nH]cnc2c1ncn2[C@@H]1O[C@H](CO)[C@@H](O)[C@H]1O,O=c1[nH]cnc2c1ncn2[C@@H]1O[C@@H]2C(O)CO[C@H]2[C@H]1OCO,InosineOnly_gen3
O=c1[nH]cnc2c1ncn2[C@@H]1O[C@H](CO)[C@@H](O)[C@H]1O,C[C@]1(OCO)[C@H](O)[C@H]2CO[C@]1(n1cnc3c(=O)[nH]cnc31)O2,InosineOnly_gen3
O=c1[nH]cnc2c1ncn2[C@@H]1O[C@H](CO)[C@@H](O)[C@H]1O,C[C@@]12O[C@H](COc3nc4c(=O)[nH]cnc4n31)[C@@H](O)[C@H]2OCO,InosineOnly_gen3
O=c1[nH]cnc2c1ncn2[C@@H]1O[C@H](CO)[C@@H](O)[C@H]1O,Cc1nc2c(ncn2[C@@H]2O[C@]3(CO)O[C@@H]2[C@@H]3OCO)c(=O)[nH]1,InosineOnly_gen3
O=c1[nH]cnc2c1ncn2[C@@H]1O[C@H](CO)[C@@H](O)[C@H]1O,C[C@@]12Oc3nc4c(ncn4[C@@H]1O[C@H](CO)[C@H]2OCO)c(=O)[nH]3,InosineOnly_gen3
O=c1[nH]cnc2c1ncn2[C@@H]1O[C@H](CO)[C@@H](O)[C@H]1O,O=c1[nH]cnc2c1ncn2[C@@H]1O[C@H](COCO)[C@@H](O)[C@@]12CO2,InosineOnly_gen3
O=c1[nH]cnc2c1ncn2[C@@H]1O[C@H](CO)[C@@H](O)[C@H]1O,C[C@@]12O[C@@H](n3cnc4c(=O)[nH]cnc43)[C@H](O)[C@@H]1OC2OCO,InosineOnly_gen3
O=c1[nH]cnc2c1ncn2[C@@H]1O[C@H](CO)[C@@H](O)[C@H]1O,CC(OCO)[C@H]1O[C@@H]2[C@H](Oc3nc4c(ncn42)c(=O)[nH]3)[C@@H]1O,InosineOnly_gen3
O=c1[nH]cnc2c1ncn2[C@@H]1O[C@H](CO)[C@@H](O)[C@H]1O,CC(O)[C@H]1O[C@@H](n2cnc3c(=O)[nH]cnc32)[C@@H]2O[C@]12OCO,InosineOnly_gen3
O=c1[nH]cnc2c1ncn2[C@@H]1O[C@H](CO)[C@@H](O)[C@H]1O,C[C@@]12O[C@H](COCO)[C@@H](Oc3nc4c(=O)[nH]cnc4n31)[C@H]2O,InosineOnly_gen3
O=c1[nH]cnc2c1ncn2[C@@H]1O[C@H](CO)[C@@H](O)[C@H]1O,C[C@@]1(COCO)O[C@@H](n2cnc3c(=O)[nH]cnc32)[C@]2(O)O[C@@H]21,InosineOnly_gen3
O=c1[nH]cnc2c1ncn2[C@@H]1O[C@H](CO)[C@@H](O)[C@H]1O,Cc1nc2c(ncn2[C@]23O[C@@H]2[C@H](O)[C@@H](COCO)O3)c(=O)[nH]1,InosineOnly_gen3
O=c1[nH]cnc2c1ncn2[C@@H]1O[C@H](CO)[C@@H](O)[C@H]1O,C[C@]1(O)[C@@H]2O[C@]1(n1cnc3c(=O)[nH]cnc31)O[C@@H]2COCO,InosineOnly_gen3
O=c1[nH]cnc2c1ncn2[C@@H]1O[C@H](CO)[C@@H](O)[C@H]1O,C[C@@]12OC(O)[C@@H](O[C@H]1n1cnc3c(=O)[nH]cnc31)[C@H]2OCO,InosineOnly_gen3
O=c1[nH]cnc2c1ncn2[C@@H]1O[C@H](CO)[C@@H](O)[C@H]1O,C[C@]1(O)[C@@H]2Oc3nc4c(=O)[nH]cnc4n3[C@@H]1O[C@@H]2COCO,InosineOnly_gen3
O=c1[nH]cnc2c1ncn2[C@@H]1O[C@H](CO)[C@@H](O)[C@H]1O,Cc1nc2c(nc3n2[C@@H]2O[C@H](COCO)[C@@H](O)[C@H]2O3)c(=O)[nH]1,InosineOnly_gen3
O=c1[nH]cnc2c1ncn2[C@@H]1O[C@H](CO)[C@@H](O)[C@H]1O,C[C@@]1(COCO)O[C@@]2(n3cnc4c(=O)[nH]cnc43)O[C@@H]2[C@@H]1O,InosineOnly_gen3
O=c1[nH]cnc2c1ncn2[C@@H]1O[C@H](CO)[C@@H](O)[C@H]1O,C[C@]1(OCO)[C@H]2CO[C@@]1(O)[C@H](n1cnc3c(=O)[nH]cnc31)O2,InosineOnly_gen3
O=c1[nH]cnc2c1ncn2[C@@H]1O[C@H](CO)[C@@H](O)[C@H]1O,CC1(O)O[C@@H]2[C@H](OCO)[C@@H]1O[C@H]2n1cnc2c(=O)[nH]cnc21,InosineOnly_gen3
O=c1[nH]cnc2c1ncn2[C@@H]1O[C@H](CO)[C@@H](O)[C@H]1O,C[C@]1(OCO)[C@H]2COc3nc4c(=O)[nH]cnc4n3[C@H](O2)[C@@H]1O,InosineOnly_gen3
O=c1[nH]cnc2c1ncn2[C@@H]1O[C@H](CO)[C@@H](O)[C@H]1O,CC(OCO)[C@H]1O[C@@]2(n3cnc4c(=O)[nH]cnc43)O[C@@H]2[C@@H]1O,InosineOnly_gen3
O=c1[nH]cnc2c1ncn2[C@@H]1O[C@H](CO)[C@@H](O)[C@H]1O,Cc1nc2c(=O)[nH]cnc2n1[C@@H]1O[C@@H]2C(O)O[C@H]2[C@H]1OCO,InosineOnly_gen3
O=c1[nH]cnc2c1ncn2[C@@H]1O[C@H](CO)[C@@H](O)[C@H]1O,C[C@]1(n2cnc3c(=O)[nH]cnc32)O[C@H](CO)[C@H]2O[C@]21OCO,InosineOnly_gen3
O=c1[nH]cnc2c1ncn2[C@@H]1O[C@H](CO)[C@@H](O)[C@H]1O,C[C@]12O[C@]1(OCO)[C@@H](CO)O[C@H]2n1cnc2c(=O)[nH]cnc21,InosineOnly_gen3
O=c1[nH]cnc2c1ncn2[C@@H]1O[C@H](CO)[C@@H](O)[C@H]1O,Cc1nc2c(=O)[nH]cnc2n1[C@]12O[C@@H]([C@H]1OCO)[C@@H](CO)O2,InosineOnly_gen3
O=c1[nH]cnc2c1ncn2[C@@H]1O[C@H](CO)[C@@H](O)[C@H]1O,C[C@@]12O[C@H](COc3nc4c(ncn41)c(=O)[nH]3)[C@@H](OCO)[C@H]2O,InosineOnly_gen3
O=c1[nH]cnc2c1ncn2[C@@H]1O[C@H](CO)[C@@H](O)[C@H]1O,C[C@@]12O[C@H](CO)[C@@H](Oc3nc4c(=O)[nH]cnc4n31)[C@H]2OCO,InosineOnly_gen3
O=c1[nH]cnc2c1ncn2[C@@H]1O[C@H](CO)[C@@H](O)[C@H]1O,C[C@@]1(COCO)O[C@@H]2[C@H](Oc3nc4c(=O)[nH]cnc4n32)[C@@H]1O,InosineOnly_gen3
O=c1[nH]cnc2c1ncn2[C@@H]1O[C@H](CO)[C@@H](O)[C@H]1O,C[C@]1(O)[C@H](OCO)[C@H]2COc3nc4c(=O)[nH]cnc4n3[C@@H]1O2,InosineOnly_gen3
O=c1[nH]cnc2c1ncn2[C@@H]1O[C@H](CO)[C@@H](O)[C@H]1O,C[C@]1(O)[C@@H]2O[C@@]2(COCO)O[C@H]1n1cnc2c(=O)[nH]cnc21,InosineOnly_gen3
O=c1[nH]cnc2c1ncn2[C@@H]1O[C@H](CO)[C@@H](O)[C@H]1O,O=c1[nH]cnc2c1ncn2[C@@]12COC[C@@H](O1)[C@@H](OCO)[C@H]2O,InosineOnly_gen3
O=c1[nH]cnc2c1ncn2[C@@H]1O[C@H](CO)[C@@H](O)[C@H]1O,Cc1nc2c(=O)[nH]cnc2n1[C@@H]1O[C@@H]2C(OCO)O[C@H]2[C@H]1O,InosineOnly_gen3
O=c1[nH]cnc2c1ncn2[C@@H]1O[C@H](CO)[C@@H](O)[C@H]1O,O=c1[nH]cnc2c1nc1n2[C@@H]2O[C@H](COCO)[C@@H](OC1)[C@H]2O,InosineOnly_gen3
O=c1[nH]cnc2c1ncn2[C@@H]1O[C@H](CO)[C@@H](O)[C@H]1O,C[C@]12O[C@](n3cnc4c(=O)[nH]cnc43)(O[C@@H]1COCO)[C@@H]2O,InosineOnly_gen3
O=c1[nH]cnc2c1ncn2[C@@H]1O[C@H](CO)[C@@H](O)[C@H]1O,Cc1nc2c(=O)[nH]cnc2n1[C@@H]1O[C@H](COCO)[C@@]2(O)O[C@@H]12,InosineOnly_gen3
O=c1[nH]cnc2c1ncn2[C@@H]1O[C@H](CO)[C@@H](O)[C@H]1O,O=c1[nH]c2nc3c1ncn3[C@@H]1O[C@H](COC2)[C@@H](O)[C@H]1OCO,InosineOnly_gen3
O=c1[nH]cnc2c1ncn2[C@@H]1O[C@H](CO)[C@@H](O)[C@H]1O,Cc1nc2c(=O)[nH]cnc2n1[C@@H]1O[C@H](CO)[C@@]2(OCO)O[C@@H]12,InosineOnly_gen3
O=c1[nH]cnc2c1ncn2[C@@H]1O[C@H](CO)[C@@H](O)[C@H]1O,O=c1[nH]cnc2c1ncn2[C@@H]1O[C@@H]2COC[C@]1(O)[C@@H]2OCO,InosineOnly_gen3
O=c1[nH]cnc2c1ncn2[C@@H]1O[C@H](CO)[C@@H](O)[C@H]1O,Cc1nc2c(=O)[nH]cnc2n1[C@@H]1O[C@@H]2CO[C@]1(O)[C@@H]2OCO,InosineOnly_gen3
O=c1[nH]cnc2c1ncn2[C@@H]1O[C@H](CO)[C@@H](O)[C@H]1O,O=c1[nH]cnc2c1ncn2[C@@H]1O[C@H](COCO)[C@@]2(O)CO[C@@H]12,InosineOnly_gen3
O=c1[nH]cnc2c1ncn2[C@@H]1O[C@H](CO)[C@@H](O)[C@H]1O,Cc1nc2c(=O)[nH]cnc2n1[C@@]12OC[C@@H](O1)[C@@H](OCO)[C@H]2O,InosineOnly_gen3
O=c1[nH]cnc2c1ncn2[C@@H]1O[C@H](CO)[C@@H](O)[C@H]1O,O=c1[nH]cnc2c1nc1n2[C@@H]2O[C@H](COC1)[C@@H](O)[C@H]2OCO,InosineOnly_gen3
O=c1[nH]cnc2c1ncn2[C@@H]1O[C@H](CO)[C@@H](O)[C@H]1O,Cc1nc2c(nc3n2[C@@H]2O[C@H](CO)[C@@H](O3)[C@H]2OCO)c(=O)[nH]1,InosineOnly_gen3
O=c1[nH]cnc2c1ncn2[C@@H]1O[C@H](CO)[C@@H](O)[C@H]1O,C[C@]1(n2cnc3c(=O)[nH]cnc32)O[C@@H]2C(OCO)O[C@H]2[C@H]1O,InosineOnly_gen3
O=c1[nH]cnc2c1ncn2[C@@H]1O[C@H](CO)[C@@H](O)[C@H]1O,C[C@]1(OCO)[C@H](O)[C@H]2COc3nc4c(ncn4[C@@H]1O2)c(=O)[nH]3,InosineOnly_gen3
O=c1[nH]cnc2c1ncn2[C@@H]1O[C@H](CO)[C@@H](O)[C@H]1O,CC1O[C@]2(n3cnc4c(=O)[nH]cnc43)O[C@H]1[C@@H](OCO)[C@H]2O,InosineOnly_gen3
O=c1[nH]cnc2c1ncn2[C@@H]1O[C@H](CO)[C@@H](O)[C@H]1O,CC(O)[C@H]1O[C@@]2(n3cnc4c(=O)[nH]cnc43)O[C@@H]2[C@@H]1OCO,InosineOnly_gen3
O=c1[nH]cnc2c1ncn2[C@@H]1O[C@H](CO)[C@@H](O)[C@H]1O,Cc1nc2c(=O)[nH]c3nc2n1[C@@H]1O[C@H](COCO)[C@@H](O3)[C@H]1O,InosineOnly_gen3
O=c1[nH]cnc2c1ncn2[C@@H]1O[C@H](CO)[C@@H](O)[C@H]1O,C[C@@]12CO[C@](n3cnc4c(=O)[nH]cnc43)(O1)[C@H](O)[C@@H]2OCO,InosineOnly_gen3
O=c1[nH]cnc2c1ncn2[C@@H]1O[C@H](CO)[C@@H](O)[C@H]1O,C[C@@]12O[C@]1(n1cnc3c(=O)[nH]cnc31)O[C@H](CO)[C@H]2OCO,InosineOnly_gen3
O=c1[nH]cnc2c1ncn2[C@@H]1O[C@H](CO)[C@@H](O)[C@H]1O,C[C@]1(O)[C@H]2COc3nc4c(ncn4[C@H](O2)[C@@H]1OCO)c(=O)[nH]3,InosineOnly_gen3
O=c1[nH]cnc2c1ncn2[C@@H]1O[C@H](CO)[C@@H](O)[C@H]1O,C[C@]1(n2cnc3c(=O)[nH]cnc32)O[C@]2(COCO)O[C@H]2[C@H]1O,InosineOnly_gen3
O=c1[nH]cnc2c1ncn2[C@@H]1O[C@H](CO)[C@@H](O)[C@H]1O,O=c1[nH]cnc2c1nc1n2[C@@H]2O[C@H](CO)[C@@H](OCO)[C@H]2OC1,InosineOnly_gen3
O=c1[nH]cnc2c1ncn2[C@@H]1O[C@H](CO)[C@@H](O)[C@H]1O,O=c1[nH]cnc2c1ncn2[C@@H]1O[C@@H]2COC[C@@]2(OCO)[C@H]1O,InosineOnly_gen3
O=c1[nH]cnc2c1ncn2[C@@H]1O[C@H](CO)[C@@H](O)[C@H]1O,O=c1[nH]cnc2c1ncn2[C@@H]1O[C@H](CO)[C@H]2OC[C@]21OCO,InosineOnly_gen3
O=c1[nH]cnc2c1ncn2[C@@H]1O[C@H](CO)[C@@H](O)[C@H]1O,O=c1[nH]cnc2c1ncn2[C@@H]1O[C@H](CO)[C@@]2(CO2)[C@H]1OCO,InosineOnly_gen3
O=c1[nH]cnc2c1ncn2[C@@H]1O[C@H](CO)[C@@H](O)[C@H]1O,O=c1[nH]cnc2c1ncn2[C@]12CO[C@@H]([C@H]1OCO)[C@@H](CO)O2,InosineOnly_gen3
O=c1[nH]cnc2c1ncn2[C@@H]1O[C@H](CO)[C@@H](O)[C@H]1O,C[C@@]1(COCO)O[C@@H]2[C@H](Oc3nc4c(ncn42)c(=O)[nH]3)[C@@H]1O,InosineOnly_gen3
O=c1[nH]cnc2c1ncn2[C@@H]1O[C@H](CO)[C@@H](O)[C@H]1O,O=c1[nH]cnc2c1ncn2[C@@H]1O[C@]2(CO)CO[C@H]2[C@H]1OCO,InosineOnly_gen3
O=c1[nH]cnc2c1ncn2[C@@H]1O[C@H](CO)[C@@H](O)[C@H]1O,Cc1nc2c(=O)[nH]cnc2n1[C@@H]1O[C@@]2(CO2)[C@@H](O)[C@H]1OCO,InosineOnly_gen3
O=c1[nH]cnc2c1ncn2[C@@H]1O[C@H](CO)[C@@H](O)[C@H]1O,C[C@]12OC(OCO)[C@H]1O[C@@H](n1cnc3c(=O)[nH]cnc31)[C@@H]2O,InosineOnly_gen3
O=c1[nH]cnc2c1ncn2[C@@H]1O[C@H](CO)[C@@H](O)[C@H]1O,CCO[C@@H]1[C@H](O)[C@@H](CO)O[C@H]1n1c(C)nc2c(=O)[nH]cnc21,InosineOnly_gen3
O=c1[nH]cnc2c1ncn2[C@@H]1O[C@H](CO)[C@@H](O)[C@H]1O,O=c1[nH]cnc2c1ncn2[C@@H]1O[C@H](C(O)C=NO)[C@@H](O)[C@H]1O,InosineOnly_gen3
O=c1[nH]cnc2c1ncn2[C@@H]1O[C@H](CO)[C@@H](O)[C@H]1O,NC(=O)C(O)[C@H]1O[C@@H](n2cnc3c(=O)[nH]cnc32)[C@H](O)[C@@H]1O,InosineOnly_gen3
O=c1[nH]cnc2c1ncn2[C@@H]1O[C@H](CO)[C@@H](O)[C@H]1O,CO[C@@H]1[C@H](O)[C@@H](C(=O)O)O[C@H]1n1c[n+](C)c2c(=O)[nH]cnc21,InosineOnly_gen3
O=c1[nH]cnc2c1ncn2[C@@H]1O[C@H](CO)[C@@H](O)[C@H]1O,Cn1cnc2c(c1=O)[n+](C)cn2[C@@H]1O[C@H](C(=O)O)[C@@H](O)[C@H]1O,InosineOnly_gen3
O=c1[nH]cnc2c1ncn2[C@@H]1O[C@H](CO)[C@@H](O)[C@H]1O,CC(=O)O[C@H]1[C@@H](O)[C@H](n2c[nH+]c3c(=O)[nH]cnc32)O[C@@H]1CO,InosineOnly_gen3
O=c1[nH]cnc2c1ncn2[C@@H]1O[C@H](CO)[C@@H](O)[C@H]1O,CC(OCN)[C@H]1O[C@@H](n2cnc3c(=O)[nH]cnc32)[C@H](O)[C@@H]1O,InosineOnly_gen3
O=c1[nH]cnc2c1ncn2[C@@H]1O[C@H](CO)[C@@H](O)[C@H]1O,C[C@]1(OCN)[C@H](O)[C@@H](CO)O[C@H]1n1cnc2c(=O)[nH]cnc21,InosineOnly_gen3
O=c1[nH]cnc2c1ncn2[C@@H]1O[C@H](CO)[C@@H](O)[C@H]1O,C[C@@]1(CO)O[C@@H](n2cnc3c(=O)[nH]cnc32)[C@H](O)[C@@H]1OCN,InosineOnly_gen3
O=c1[nH]cnc2c1ncn2[C@@H]1O[C@H](CO)[C@@H](O)[C@H]1O,Cc1nc2c(ncn2[C@@H]2O[C@H](CO)[C@@H](OCN)[C@H]2O)c(=O)[nH]1,InosineOnly_gen3
O=c1[nH]cnc2c1ncn2[C@@H]1O[C@H](CO)[C@@H](O)[C@H]1O,C[C@]1(O)[C@@H](COCN)O[C@@H](n2cnc3c(=O)[nH]cnc32)[C@@H]1O,InosineOnly_gen3
O=c1[nH]cnc2c1ncn2[C@@H]1O[C@H](CO)[C@@H](O)[C@H]1O,Cc1nc2c(=O)[nH]cnc2n1[C@@H]1O[C@H](COCN)[C@@H](O)[C@H]1O,InosineOnly_gen3
O=c1[nH]cnc2c1ncn2[C@@H]1O[C@H](CO)[C@@H](O)[C@H]1O,C[C@]1(n2cnc3c(=O)[nH]cnc32)O[C@H](CO)[C@@H](OCN)[C@H]1O,InosineOnly_gen3
O=c1[nH]cnc2c1ncn2[C@@H]1O[C@H](CO)[C@@H](O)[C@H]1O,C[C@]1(O)[C@H](OCN)[C@@H](CO)O[C@H]1n1cnc2c(=O)[nH]cnc21,InosineOnly_gen3
O=c1[nH]cnc2c1ncn2[C@@H]1O[C@H](CO)[C@@H](O)[C@H]1O,N#Cc1nc2c(=O)[nH]cnc2n1[C@@H]1O[C@H](C(O)C#N)[C@@H](O)[C@H]1O,InosineOnly_gen3
O=c1[nH]cnc2c1ncn2[C@@H]1O[C@H](CO)[C@@H](O)[C@H]1O,N#CC(O)[C@H]1O[C@@H](n2cnc3c(=O)[nH]cnc32)[C@H](O)[C@]1(O)C#N,InosineOnly_gen3
O=c1[nH]cnc2c1ncn2[C@@H]1O[C@H](CO)[C@@H](O)[C@H]1O,N#CC(O)[C@H]1O[C@](C#N)(n2cnc3c(=O)[nH]cnc32)[C@H](O)[C@@H]1O,InosineOnly_gen3
O=c1[nH]cnc2c1ncn2[C@@H]1O[C@H](CO)[C@@H](O)[C@H]1O,N#CC(O)[C@]1(C#N)O[C@@H](n2cnc3c(=O)[nH]cnc32)[C@H](O)[C@@H]1O,InosineOnly_gen3
O=c1[nH]cnc2c1ncn2[C@@H]1O[C@H](CO)[C@@H](O)[C@H]1O,N#Cc1nc2c(ncn2[C@@H]2O[C@H](C(O)C#N)[C@@H](O)[C@H]2O)c(=O)[nH]1,InosineOnly_gen3
O=c1[nH]cnc2c1ncn2[C@@H]1O[C@H](CO)[C@@H](O)[C@H]1O,N#CC(O)[C@H]1O[C@@H](n2cnc3c(=O)[nH]cnc32)[C@](O)(C#N)[C@@H]1O,InosineOnly_gen3
O=c1[nH]cnc2c1ncn2[C@@H]1O[C@H](CO)[C@@H](O)[C@H]1O,CC(O)O[C@@]12OC(=O)[C@H]1O[C@@H](n1cnc3c(=O)[nH]cnc31)[C@@H]2O,InosineOnly_gen3
O=c1[nH]cnc2c1ncn2[C@@H]1O[C@H](CO)[C@@H](O)[C@H]1O,CC(O)OC(=O)[C@]12O[C@@H]([C@H](n3cnc4c(=O)[nH]cnc43)O1)[C@@H]2O,InosineOnly_gen3
O=c1[nH]cnc2c1ncn2[C@@H]1O[C@H](CO)[C@@H](O)[C@H]1O,O=C1COC(O)[C@H]2O[C@@H](n3cnc4c(=O)[nH]cnc43)[C@H](O)[C@@H]2O1,InosineOnly_gen3
O=c1[nH]cnc2c1ncn2[C@@H]1O[C@H](CO)[C@@H](O)[C@H]1O,C[C@]1(n2cnc3c(=O)[nH]cnc32)O[C@H](C(=O)O)[C@@H](OC=O)[C@H]1O,InosineOnly_gen3
O=c1[nH]cnc2c1ncn2[C@@H]1O[C@H](CO)[C@@H](O)[C@H]1O,CC(=O)OC1O[C@]12O[C@@H](n1cnc3c(=O)[nH]cnc31)[C@H](O)[C@@H]2O,InosineOnly_gen3
O=c1[nH]cnc2c1ncn2[C@@H]1O[C@H](CO)[C@@H](O)[C@H]1O,CC(=O)O[C@@H]1[C@@H]2O[C@]1(n1cnc3c(=O)[nH]cnc31)O[C@@H]2C(O)O,InosineOnly_gen3
O=c1[nH]cnc2c1ncn2[C@@H]1O[C@H](CO)[C@@H](O)[C@H]1O,CC(=O)OC1O[C@]2(O)[C@H](O)[C@@H]1O[C@H]2n1cnc2c(=O)[nH]cnc21,InosineOnly_gen3
O=c1[nH]cnc2c1ncn2[C@@H]1O[C@H](CO)[C@@H](O)[C@H]1O,CC(O)O[C@]12OC(=O)[C@@H](O[C@H]1n1cnc3c(=O)[nH]cnc31)[C@H]2O,InosineOnly_gen3
O=c1[nH]cnc2c1ncn2[C@@H]1O[C@H](CO)[C@@H](O)[C@H]1O,CC(O)OC(=O)[C@H]1O[C@@H]2[C@H](O)[C@@H]1Oc1nc3c(ncn32)c(=O)[nH]1,InosineOnly_gen3
O=c1[nH]cnc2c1ncn2[C@@H]1O[C@H](CO)[C@@H](O)[C@H]1O,CC(O)OC(=O)[C@H]1O[C@@H]2[C@H](Oc3nc4c(=O)[nH]cnc4n32)[C@@H]1O,InosineOnly_gen3
O=c1[nH]cnc2c1ncn2[C@@H]1O[C@H](CO)[C@@H](O)[C@H]1O,CC(O)O[C@H]1[C@H](n2cnc3c(=O)[nH]cnc32)O[C@]2(C(=O)O)O[C@@H]12,InosineOnly_gen3
O=c1[nH]cnc2c1ncn2[C@@H]1O[C@H](CO)[C@@H](O)[C@H]1O,CC(O)O[C@@H]1[C@@H]2Oc3nc4c(ncn4[C@@H]1O[C@@H]2C(=O)O)c(=O)[nH]3,InosineOnly_gen3
O=c1[nH]cnc2c1ncn2[C@@H]1O[C@H](CO)[C@@H](O)[C@H]1O,Cc1nc2c(=O)[nH]cnc2n1[C@@H]1O[C@H](C(=O)O)[C@@H](O)[C@H]1OC=O,InosineOnly_gen3
O=c1[nH]cnc2c1ncn2[C@@H]1O[C@H](CO)[C@@H](O)[C@H]1O,C[C@]1(OC=O)[C@@H](C(=O)O)O[C@@H](n2cnc3c(=O)[nH]cnc32)[C@@H]1O,InosineOnly_gen3
O=c1[nH]cnc2c1ncn2[C@@H]1O[C@H](CO)[C@@H](O)[C@H]1O,Cc1nc2c(ncn2[C@@H]2O[C@H](C(=O)O)[C@@H](O)[C@H]2OC=O)c(=O)[nH]1,InosineOnly_gen3
O=c1[nH]cnc2c1ncn2[C@@H]1O[C@H](CO)[C@@H](O)[C@H]1O,CC(=O)OC(O)[C@H]1O[C@@H](n2cnc3c(=O)[nH]cnc32)[C@]2(O)O[C@H]12,InosineOnly_gen3
O=c1[nH]cnc2c1ncn2[C@@H]1O[C@H](CO)[C@@H](O)[C@H]1O,CC(=O)O[C@@]12O[C@@H]1[C@@H](C(O)O)O[C@H]2n1cnc2c(=O)[nH]cnc21,InosineOnly_gen3
O=c1[nH]cnc2c1ncn2[C@@H]1O[C@H](CO)[C@@H](O)[C@H]1O,CC(=O)O[C@@H]1[C@@H]2Oc3nc4c(=O)[nH]cnc4n3[C@@H]1O[C@@H]2C(O)O,InosineOnly_gen3
O=c1[nH]cnc2c1ncn2[C@@H]1O[C@H](CO)[C@@H](O)[C@H]1O,CC(=O)OC(O)[C@]12O[C@@H]([C@H](n3cnc4c(=O)[nH]cnc43)O1)[C@@H]2O,InosineOnly_gen3
O=c1[nH]cnc2c1ncn2[C@@H]1O[C@H](CO)[C@@H](O)[C@H]1O,CC(=O)O[C@@]12OC(O)[C@H]1O[C@@H](n1cnc3c(=O)[nH]cnc31)[C@@H]2O,InosineOnly_gen3
O=c1[nH]cnc2c1ncn2[C@@H]1O[C@H](CO)[C@@H](O)[C@H]1O,CC(=O)OC(O)[C@H]1O[C@@]2(n3cnc4c(=O)[nH]cnc43)O[C@@H]2[C@@H]1O,InosineOnly_gen3
O=c1[nH]cnc2c1ncn2[C@@H]1O[C@H](CO)[C@@H](O)[C@H]1O,CC(=O)O[C@H]1[C@H](n2cnc3c(=O)[nH]cnc32)O[C@@H]2C(O)O[C@]21O,InosineOnly_gen3
O=c1[nH]cnc2c1ncn2[C@@H]1O[C@H](CO)[C@@H](O)[C@H]1O,C[C@]1(O)[C@H](OC=O)[C@@H](C(=O)O)O[C@H]1n1cnc2c(=O)[nH]cnc21,InosineOnly_gen3
O=c1[nH]cnc2c1ncn2[C@@H]1O[C@H](CO)[C@@H](O)[C@H]1O,CC(O)O[C@H]1[C@H]2Oc3nc4c(=O)[nH]cnc4n3[C@@H]2O[C@@H]1C(=O)O,InosineOnly_gen3
O=c1[nH]cnc2c1ncn2[C@@H]1O[C@H](CO)[C@@H](O)[C@H]1O,O=C1CO[C@H]2[C@@H](O1)[C@H](n1cnc3c(=O)[nH]cnc31)O[C@@H]2C(O)O,InosineOnly_gen3
O=c1[nH]cnc2c1ncn2[C@@H]1O[C@H](CO)[C@@H](O)[C@H]1O,C[C@]1(n2cnc3c(=O)[nH]cnc32)O[C@H](C(=O)OC=O)[C@@H](O)[C@H]1O,InosineOnly_gen3
O=c1[nH]cnc2c1ncn2[C@@H]1O[C@H](CO)[C@@H](O)[C@H]1O,C[C@]1(O)[C@@H](C(=O)OC=O)O[C@@H](n2cnc3c(=O)[nH]cnc32)[C@@H]1O,InosineOnly_gen3
O=c1[nH]cnc2c1ncn2[C@@H]1O[C@H](CO)[C@@H](O)[C@H]1O,CC(=O)O[C@H]1[C@H]2Oc3nc4c(ncn4[C@@H]2O[C@@H]1C(O)O)c(=O)[nH]3,InosineOnly_gen3
O=c1[nH]cnc2c1ncn2[C@@H]1O[C@H](CO)[C@@H](O)[C@H]1O,CC(=O)OC1O[C@]2(n3cnc4c(=O)[nH]cnc43)O[C@H]1[C@@H](O)[C@H]2O,InosineOnly_gen3
O=c1[nH]cnc2c1ncn2[C@@H]1O[C@H](CO)[C@@H](O)[C@H]1O,CC(=O)O[C@H]1[C@H](n2cnc3c(=O)[nH]cnc32)O[C@]2(C(O)O)O[C@@H]12,InosineOnly_gen3
O=c1[nH]cnc2c1ncn2[C@@H]1O[C@H](CO)[C@@H](O)[C@H]1O,C[C@@]1(C(=O)OC=O)O[C@@H](n2cnc3c(=O)[nH]cnc32)[C@H](O)[C@@H]1O,InosineOnly_gen3
O=c1[nH]cnc2c1ncn2[C@@H]1O[C@H](CO)[C@@H](O)[C@H]1O,C[C@@]1(C(=O)O)O[C@@H](n2cnc3c(=O)[nH]cnc32)[C@H](O)[C@@H]1OC=O,InosineOnly_gen3
O=c1[nH]cnc2c1ncn2[C@@H]1O[C@H](CO)[C@@H](O)[C@H]1O,O=COC[C@H]1O[C@@H](n2cnc3c(=O)n(C=O)cnc32)[C@H](O)[C@@H]1O,InosineOnly_gen3
O=c1[nH]cnc2c1ncn2[C@@H]1O[C@H](CO)[C@@H](O)[C@H]1O,CC(O)O[C@@H]1[C@@H]2O[C@@](n3cnc4c(=O)[nH]cnc43)(OC2=O)[C@@H]1O,InosineOnly_gen3
O=c1[nH]cnc2c1ncn2[C@@H]1O[C@H](CO)[C@@H](O)[C@H]1O,O=C1OCC(O)O[C@H]2[C@@H](O)[C@H](n3cnc4c(=O)[nH]cnc43)O[C@H]12,InosineOnly_gen3
O=c1[nH]cnc2c1ncn2[C@@H]1O[C@H](CO)[C@@H](O)[C@H]1O,CC(O)O[C@H]1[C@@H](O)[C@H]2O[C@@H]1C(=O)Oc1nc3c(=O)[nH]cnc3n12,InosineOnly_gen3
O=c1[nH]cnc2c1ncn2[C@@H]1O[C@H](CO)[C@@H](O)[C@H]1O,CC(=O)OC(O)[C@H]1O[C@@H]2[C@H](Oc3nc4c(=O)[nH]cnc4n32)[C@@H]1O,InosineOnly_gen3
O=c1[nH]cnc2c1ncn2[C@@H]1O[C@H](CO)[C@@H](O)[C@H]1O,CC(=O)O[C@@H]1[C@H](O)[C@@H]2O[C@H]1n1cnc3c(=O)[nH]c(nc31)OC2O,InosineOnly_gen3
O=c1[nH]cnc2c1ncn2[C@@H]1O[C@H](CO)[C@@H](O)[C@H]1O,CC(=O)OC1Oc2nc3c(=O)[nH]cnc3n2[C@@H]2O[C@H]1[C@@H](O)[C@H]2O,InosineOnly_gen3
O=c1[nH]cnc2c1ncn2[C@@H]1O[C@H](CO)[C@@H](O)[C@H]1O,CC(O)O[C@]12O[C@H]1[C@H](n1cnc3c(=O)[nH]cnc31)O[C@@H]2C(=O)O,InosineOnly_gen3
O=c1[nH]cnc2c1ncn2[C@@H]1O[C@H](CO)[C@@H](O)[C@H]1O,CC(O)O[C@@H]1[C@H](O)[C@@H]2O[C@H]1n1cnc3c(=O)[nH]c(nc31)OC2=O,InosineOnly_gen3
O=c1[nH]cnc2c1ncn2[C@@H]1O[C@H](CO)[C@@H](O)[C@H]1O,CC(O)O[C@H]1[C@H](n2cnc3c(=O)[nH]cnc32)O[C@@H]2C(=O)O[C@]21O,InosineOnly_gen3
O=c1[nH]cnc2c1ncn2[C@@H]1O[C@H](CO)[C@@H](O)[C@H]1O,CC(=O)OC(O)[C@H]1O[C@@H]2[C@H](Oc3nc4c(ncn42)c(=O)[nH]3)[C@@H]1O,InosineOnly_gen3
O=c1[nH]cnc2c1ncn2[C@@H]1O[C@H](CO)[C@@H](O)[C@H]1O,O=C1OC(O)CO[C@@H]2[C@H](O)[C@@H]1O[C@H]2n1cnc2c(=O)[nH]cnc21,InosineOnly_gen3
O=c1[nH]cnc2c1ncn2[C@@H]1O[C@H](CO)[C@@H](O)[C@H]1O,CC(O)O[C@@H]1[C@@H]2O[C@@H](n3cnc4c(=O)[nH]cnc43)[C@]1(O)OC2=O,InosineOnly_gen3
O=c1[nH]cnc2c1ncn2[C@@H]1O[C@H](CO)[C@@H](O)[C@H]1O,CC(O)O[C@H]1[C@H](n2cnc3c(=O)[nH]cnc32)O[C@]2(OC2=O)[C@H]1O,InosineOnly_gen3
O=c1[nH]cnc2c1ncn2[C@@H]1O[C@H](CO)[C@@H](O)[C@H]1O,O=C(O)[C@H]1O[C@@H](n2cnc3c(=O)[nH]cnc32)[C@@H]2OCC(O)O[C@@H]21,InosineOnly_gen3
O=c1[nH]cnc2c1ncn2[C@@H]1O[C@H](CO)[C@@H](O)[C@H]1O,CC(=O)OC(O)[C@H]1O[C@@H](n2cnc3c(=O)[nH]cnc32)[C@@H]2O[C@]12O,InosineOnly_gen3
O=c1[nH]cnc2c1ncn2[C@@H]1O[C@H](CO)[C@@H](O)[C@H]1O,CC(O)O[C@@H]1[C@@H]2O[C@]1(n1cnc3c(=O)[nH]cnc31)O[C@@H]2C(=O)O,InosineOnly_gen3
O=c1[nH]cnc2c1ncn2[C@@H]1O[C@H](CO)[C@@H](O)[C@H]1O,C[n+]1cn([C@@H]2O[C@H](C(O)(O)C#N)[C@@H](O)[C@H]2O)c2nc[nH]c(=O)c21,InosineOnly_gen3
O=c1[nH]cnc2c1ncn2[C@@H]1O[C@H](CO)[C@@H](O)[C@H]1O,CC(O)O[C@H]1[C@@H](O)[C@H]2O[C@@H]1C(C)Oc1nc3c(ncn32)c(=O)[nH]1,InosineOnly_gen3
O=c1[nH]cnc2c1ncn2[C@@H]1O[C@H](CO)[C@@H](O)[C@H]1O,CC(O)O[C@H]1[C@@H](O)[C@H]2O[C@@H]1COCc1nc3c(=O)[nH]cnc3n12,InosineOnly_gen3
O=c1[nH]cnc2c1ncn2[C@@H]1O[C@H](CO)[C@@H](O)[C@H]1O,Cc1nc2c(nc3n2[C@@H]2O[C@H](COC(C)O)[C@@H](O3)[C@H]2O)c(=O)[nH]1,InosineOnly_gen3
O=c1[nH]cnc2c1ncn2[C@@H]1O[C@H](CO)[C@@H](O)[C@H]1O,CC(O)O[C@@H]1[C@H](O)[C@@H](C2CO2)O[C@H]1n1cnc2c(=O)[nH]cnc21,InosineOnly_gen3
O=c1[nH]cnc2c1ncn2[C@@H]1O[C@H](CO)[C@@H](O)[C@H]1O,CC(O)O[C@@H]1[C@H](O)[C@H]2COc3nc4c(ncn4[C@@]1(C)O2)c(=O)[nH]3,InosineOnly_gen3
O=c1[nH]cnc2c1ncn2[C@@H]1O[C@H](CO)[C@@H](O)[C@H]1O,C[C@]1(O)[C@H]2COCC(O)O[C@H]1[C@H](n1cnc3c(=O)[nH]cnc31)O2,InosineOnly_gen3
O=c1[nH]cnc2c1ncn2[C@@H]1O[C@H](CO)[C@@H](O)[C@H]1O,C[C@@]1(CO)O[C@@H](n2cnc3c(=O)[nH]cnc32)[C@H](O)[C@@]1(C)OC=O,InosineOnly_gen3
O=c1[nH]cnc2c1ncn2[C@@H]1O[C@H](CO)[C@@H](O)[C@H]1O,COC(C)O[C@@H]1[C@H](O)[C@H]2COc3nc4c(ncn4[C@@H]1O2)c(=O)[nH]3,InosineOnly_gen3
O=c1[nH]cnc2c1ncn2[C@@H]1O[C@H](CO)[C@@H](O)[C@H]1O,CC(O)O[C@H]1[C@H]2OC[C@]2(n2cnc3c(=O)[nH]cnc32)O[C@@H]1CO,InosineOnly_gen3
O=c1[nH]cnc2c1ncn2[C@@H]1O[C@H](CO)[C@@H](O)[C@H]1O,CC(O)O[C@H]1[C@@]2(O)OC[C@]1(C)O[C@H]2n1cnc2c(=O)[nH]cnc21,InosineOnly_gen3
O=c1[nH]cnc2c1ncn2[C@@H]1O[C@H](CO)[C@@H](O)[C@H]1O,CC(C)(O)OC[C@H]1O[C@@H]2[C@H](Oc3nc4c(=O)[nH]cnc4n32)[C@@H]1O,InosineOnly_gen3
O=c1[nH]cnc2c1ncn2[C@@H]1O[C@H](CO)[C@@H](O)[C@H]1O,Cc1nc2c(=O)[nH]cnc2n1[C@@H]1O[C@H](CO)[C@@H](O)[C@]1(C)OC=O,InosineOnly_gen3
O=c1[nH]cnc2c1ncn2[C@@H]1O[C@H](CO)[C@@H](O)[C@H]1O,CC(O)O[C@@H]1[C@@H]2O[C@@H](n3cnc4c(=O)[nH]cnc43)[C@]1(O)OC2C,InosineOnly_gen3
O=c1[nH]cnc2c1ncn2[C@@H]1O[C@H](CO)[C@@H](O)[C@H]1O,Cc1nc2c(=O)[nH]cnc2n1[C@@H]1O[C@]2(COC(C)O)O[C@@H]1[C@@H]2O,InosineOnly_gen3
O=c1[nH]cnc2c1ncn2[C@@H]1O[C@H](CO)[C@@H](O)[C@H]1O,CC(OC=O)[C@H]1O[C@@H](n2cnc3c(=O)[nH]cnc32)[C@@](C)(O)[C@@H]1O,InosineOnly_gen3
O=c1[nH]cnc2c1ncn2[C@@H]1O[C@H](CO)[C@@H](O)[C@H]1O,C[C@@]12OC(O)COC[C@@H](O[C@H]1n1cnc3c(=O)[nH]cnc31)[C@H]2O,InosineOnly_gen3
O=c1[nH]cnc2c1ncn2[C@@H]1O[C@H](CO)[C@@H](O)[C@H]1O,CC(O)O[C@@]1(C)[C@@H]2Oc3nc4c(ncn4[C@@H]1O[C@@H]2CO)c(=O)[nH]3,InosineOnly_gen3
O=c1[nH]cnc2c1ncn2[C@@H]1O[C@H](CO)[C@@H](O)[C@H]1O,CC(O)O[C@]12O[C@H]1[C@@](C)(n1cnc3c(=O)[nH]cnc31)O[C@@H]2CO,InosineOnly_gen3
O=c1[nH]cnc2c1ncn2[C@@H]1O[C@H](CO)[C@@H](O)[C@H]1O,Cc1nc2c(=O)[nH]cnc2n1[C@@H]1O[C@H](CO)[C@H]2O[C@]21OC(C)O,InosineOnly_gen3
O=c1[nH]cnc2c1ncn2[C@@H]1O[C@H](CO)[C@@H](O)[C@H]1O,CO[C@H]1[C@H]2OC(O)COC[C@H]1O[C@H]2n1cnc2c(=O)[nH]cnc21,InosineOnly_gen3
O=c1[nH]cnc2c1ncn2[C@@H]1O[C@H](CO)[C@@H](O)[C@H]1O,CC(O)O[C@@]12O[C@@]1(C)[C@@H](CO)O[C@H]2n1cnc2c(=O)[nH]cnc21,InosineOnly_gen3
O=c1[nH]cnc2c1ncn2[C@@H]1O[C@H](CO)[C@@H](O)[C@H]1O,Cc1nc2c(=O)[nH]cnc2n1[C@@H]1O[C@H](CO)[C@H]2OC(O)CO[C@H]21,InosineOnly_gen3
O=c1[nH]cnc2c1ncn2[C@@H]1O[C@H](CO)[C@@H](O)[C@H]1O,C[C@@]12COCC(O)O[C@@H]([C@H](n3cnc4c(=O)[nH]cnc43)O1)[C@@H]2O,InosineOnly_gen3
O=c1[nH]cnc2c1ncn2[C@@H]1O[C@H](CO)[C@@H](O)[C@H]1O,COC(C)O[C@@]12OC[C@H]1O[C@@H](n1cnc3c(=O)[nH]cnc31)[C@@H]2O,InosineOnly_gen3
O=c1[nH]cnc2c1ncn2[C@@H]1O[C@H](CO)[C@@H](O)[C@H]1O,CC(O)O[C@]1(C)[C@H]2O[C@@]1(CO)O[C@H]2n1cnc2c(=O)[nH]cnc21,InosineOnly_gen3
O=c1[nH]cnc2c1ncn2[C@@H]1O[C@H](CO)[C@@H](O)[C@H]1O,CC(O)OC[C@@]12O[C@H]([C@@H]1O)[C@@](C)(n1cnc3c(=O)[nH]cnc31)O2,InosineOnly_gen3
O=c1[nH]cnc2c1ncn2[C@@H]1O[C@H](CO)[C@@H](O)[C@H]1O,Cc1nc2c(=O)[nH]cnc2n1[C@@]12OC[C@@H](O1)[C@@H](O)[C@H]2OC(C)O,InosineOnly_gen3
O=c1[nH]cnc2c1ncn2[C@@H]1O[C@H](CO)[C@@H](O)[C@H]1O,CC(C)(O)[C@H]1O[C@@H](n2cnc3c(=O)[nH]cnc32)[C@H](O)[C@@H]1OC=O,InosineOnly_gen3
O=c1[nH]cnc2c1ncn2[C@@H]1O[C@H](CO)[C@@H](O)[C@H]1O,CO[C@]12OC[C@@H](O[C@H]1n1cnc3c(=O)[nH]cnc31)[C@H]2OC(C)O,InosineOnly_gen3
O=c1[nH]cnc2c1ncn2[C@@H]1O[C@H](CO)[C@@H](O)[C@H]1O,COC[C@]1(C)O[C@@H](n2cnc3c(=O)[nH]cnc32)[C@H](O)[C@@H]1OC=O,InosineOnly_gen3
O=c1[nH]cnc2c1ncn2[C@@H]1O[C@H](CO)[C@@H](O)[C@H]1O,CC1OC[C@H]2O[C@@H](n3cnc4c(=O)[nH]cnc43)[C@H](OC1O)[C@@H]2O,InosineOnly_gen3
O=c1[nH]cnc2c1ncn2[C@@H]1O[C@H](CO)[C@@H](O)[C@H]1O,CC(O)OC[C@H]1O[C@@H]2[C@H](O)[C@@]1(C)Oc1nc3c(ncn32)c(=O)[nH]1,InosineOnly_gen3
O=c1[nH]cnc2c1ncn2[C@@H]1O[C@H](CO)[C@@H](O)[C@H]1O,CO[C@@H]1[C@@H]2Oc3nc4c(ncn4[C@@H]1O[C@@H]2COC(C)O)c(=O)[nH]3,InosineOnly_gen3
O=c1[nH]cnc2c1ncn2[C@@H]1O[C@H](CO)[C@@H](O)[C@H]1O,CC(C)(O)O[C@H]1[C@@H](O)[C@H]2O[C@@H]1COc1nc3c(ncn32)c(=O)[nH]1,InosineOnly_gen3
O=c1[nH]cnc2c1ncn2[C@@H]1O[C@H](CO)[C@@H](O)[C@H]1O,CO[C@@H]1[C@H](O)[C@@H](COC=O)O[C@H]1n1cnc2c(=O)[nH]c(C)nc21,InosineOnly_gen3
O=c1[nH]cnc2c1ncn2[C@@H]1O[C@H](CO)[C@@H](O)[C@H]1O,CC(O)OC[C@]1(C)O[C@@H](n2cnc3c(=O)[nH]cnc32)[C@@H]2O[C@@]21O,InosineOnly_gen3
O=c1[nH]cnc2c1ncn2[C@@H]1O[C@H](CO)[C@@H](O)[C@H]1O,CC(C)(O)OC[C@]12O[C@@H]([C@H](n3cnc4c(=O)[nH]cnc43)O1)[C@@H]2O,InosineOnly_gen3
O=c1[nH]cnc2c1ncn2[C@@H]1O[C@H](CO)[C@@H](O)[C@H]1O,CC(O)O[C@H]1[C@H](n2cnc3c(=O)[nH]cnc32)O[C@@H]2COC[C@]21O,InosineOnly_gen3
O=c1[nH]cnc2c1ncn2[C@@H]1O[C@H](CO)[C@@H](O)[C@H]1O,Cc1nc2c(=O)[nH]cnc2n1[C@@H]1O[C@@H]2CO[C@@]2(OC(C)O)[C@H]1O,InosineOnly_gen3
O=c1[nH]cnc2c1ncn2[C@@H]1O[C@H](CO)[C@@H](O)[C@H]1O,CC(O)OC1O[C@H]2[C@H](n3cnc4c(=O)[nH]cnc43)O[C@H]1[C@]2(C)O,InosineOnly_gen3
O=c1[nH]cnc2c1ncn2[C@@H]1O[C@H](CO)[C@@H](O)[C@H]1O,CC(C)(O)O[C@@]12OC[C@H]1O[C@@H](n1cnc3c(=O)[nH]cnc31)[C@@H]2O,InosineOnly_gen3
O=c1[nH]cnc2c1ncn2[C@@H]1O[C@H](CO)[C@@H](O)[C@H]1O,CC(O)OC[C@H]1O[C@@H](n2cnc3c(=O)[nH]cnc32)[C@]2(O)O[C@@]12C,InosineOnly_gen3
O=c1[nH]cnc2c1ncn2[C@@H]1O[C@H](CO)[C@@H](O)[C@H]1O,C[C@]12COC(O)CO[C@H]1[C@@H](O)[C@H](n1cnc3c(=O)[nH]cnc31)O2,InosineOnly_gen3
O=c1[nH]cnc2c1ncn2[C@@H]1O[C@H](CO)[C@@H](O)[C@H]1O,CC[C@]1(OC=O)[C@@H](CO)O[C@@H](n2cnc3c(=O)[nH]cnc32)[C@@H]1O,InosineOnly_gen3
O=c1[nH]cnc2c1ncn2[C@@H]1O[C@H](CO)[C@@H](O)[C@H]1O,CO[C@H]1[C@H](n2cnc3c(=O)[nH]cnc32)O[C@H](COC=O)[C@]1(C)O,InosineOnly_gen3
O=c1[nH]cnc2c1ncn2[C@@H]1O[C@H](CO)[C@@H](O)[C@H]1O,CC(C)(O)OC[C@H]1O[C@@H]2[C@H](Oc3nc4c(ncn42)c(=O)[nH]3)[C@@H]1O,InosineOnly_gen3
O=c1[nH]cnc2c1ncn2[C@@H]1O[C@H](CO)[C@@H](O)[C@H]1O,Cc1nc2c(ncn2[C@@H]2O[C@H](COC(C)O)[C@H]3O[C@]32O)c(=O)[nH]1,InosineOnly_gen3
O=c1[nH]cnc2c1ncn2[C@@H]1O[C@H](CO)[C@@H](O)[C@H]1O,Cc1nc2c(ncn2[C@@H]2O[C@@H]3C(OC(C)O)O[C@H]3[C@H]2O)c(=O)[nH]1,InosineOnly_gen3
O=c1[nH]cnc2c1ncn2[C@@H]1O[C@H](CO)[C@@H](O)[C@H]1O,Cc1nc2c(nc3n2[C@@H]2O[C@H](CO)[C@@H](OC(C)O)[C@H]2O3)c(=O)[nH]1,InosineOnly_gen3
O=c1[nH]cnc2c1ncn2[C@@H]1O[C@H](CO)[C@@H](O)[C@H]1O,CC1OC(O)CO[C@@H]2[C@H](O)[C@@H]1O[C@H]2n1cnc2c(=O)[nH]cnc21,InosineOnly_gen3
O=c1[nH]cnc2c1ncn2[C@@H]1O[C@H](CO)[C@@H](O)[C@H]1O,CCc1nc2c(=O)[nH]cnc2n1[C@@H]1O[C@H](CO)[C@@H](OC=O)[C@H]1O,InosineOnly_gen3
O=c1[nH]cnc2c1ncn2[C@@H]1O[C@H](CO)[C@@H](O)[C@H]1O,CO[C@@H]1[C@H](O)[C@@H](COC=O)O[C@H]1n1c(C)nc2c(=O)[nH]cnc21,InosineOnly_gen3
O=c1[nH]cnc2c1ncn2[C@@H]1O[C@H](CO)[C@@H](O)[C@H]1O,Cc1nc2c(ncn2[C@@H]2O[C@@H]3CO[C@@]3(OC(C)O)[C@H]2O)c(=O)[nH]1,InosineOnly_gen3
O=c1[nH]cnc2c1ncn2[C@@H]1O[C@H](CO)[C@@H](O)[C@H]1O,Cc1nc2c(=O)[nH]c3nc2n1[C@@H]1O[C@H](CO)[C@@H](O3)[C@H]1OC(C)O,InosineOnly_gen3
O=c1[nH]cnc2c1ncn2[C@@H]1O[C@H](CO)[C@@H](O)[C@H]1O,Cc1nc2c(ncn2[C@@H]2O[C@H](COC=O)[C@@H](O)[C@]2(C)O)c(=O)[nH]1,InosineOnly_gen3
O=c1[nH]cnc2c1ncn2[C@@H]1O[C@H](CO)[C@@H](O)[C@H]1O,Cc1nc2c(ncn2[C@@H]2O[C@@H]3CO[C@@]3(O)[C@H]2OC(C)O)c(=O)[nH]1,InosineOnly_gen3
O=c1[nH]cnc2c1ncn2[C@@H]1O[C@H](CO)[C@@H](O)[C@H]1O,C[C@@]1(CO)O[C@@H](n2cnc3c(=O)[nH]cnc32)[C@@H]2OCC(O)O[C@@H]21,InosineOnly_gen3
O=c1[nH]cnc2c1ncn2[C@@H]1O[C@H](CO)[C@@H](O)[C@H]1O,Cc1nc2c(ncn2[C@@H]2O[C@]3(COC(C)O)O[C@@H]2[C@@H]3O)c(=O)[nH]1,InosineOnly_gen3
O=c1[nH]cnc2c1ncn2[C@@H]1O[C@H](CO)[C@@H](O)[C@H]1O,C[C@@]1(O)[C@H](n2cnc3c(=O)[nH]cnc32)O[C@@](C)(CO)[C@H]1OC=O,InosineOnly_gen3
O=c1[nH]cnc2c1ncn2[C@@H]1O[C@H](CO)[C@@H](O)[C@H]1O,Cc1nc2c(ncn2[C@@H]2O[C@@](C)(CO)[C@@H](OC=O)[C@H]2O)c(=O)[nH]1,InosineOnly_gen3
O=c1[nH]cnc2c1ncn2[C@@H]1O[C@H](CO)[C@@H](O)[C@H]1O,CC(O)OC[C@H]1O[C@@]2(C)[C@H](Oc3nc4c(=O)[nH]cnc4n32)[C@@H]1O,InosineOnly_gen3
O=c1[nH]cnc2c1ncn2[C@@H]1O[C@H](CO)[C@@H](O)[C@H]1O,COC(C)O[C@H]1[C@H](n2cnc3c(=O)[nH]cnc32)O[C@@H]2CO[C@]21O,InosineOnly_gen3
O=c1[nH]cnc2c1ncn2[C@@H]1O[C@H](CO)[C@@H](O)[C@H]1O,Cc1nc2c(=O)[nH]cnc2n1[C@@H]1O[C@H](COC(C)O)[C@H]2O[C@]21O,InosineOnly_gen3
O=c1[nH]cnc2c1ncn2[C@@H]1O[C@H](CO)[C@@H](O)[C@H]1O,CC(O)OC[C@]1(C)O[C@@H]2[C@H](O)[C@@H]1Oc1nc3c(=O)[nH]cnc3n12,InosineOnly_gen3
O=c1[nH]cnc2c1ncn2[C@@H]1O[C@H](CO)[C@@H](O)[C@H]1O,Cc1nc2c(=O)[nH]cnc2n1[C@@H]1O[C@@H]2COCC(O)O[C@H]2[C@H]1O,InosineOnly_gen3
O=c1[nH]cnc2c1ncn2[C@@H]1O[C@H](CO)[C@@H](O)[C@H]1O,CC(O)O[C@H]1[C@H]2O[C@H](CO)[C@]1(C)Oc1nc3c(ncn32)c(=O)[nH]1,InosineOnly_gen3
O=c1[nH]cnc2c1ncn2[C@@H]1O[C@H](CO)[C@@H](O)[C@H]1O,CC(O)OC[C@H]1O[C@@]2(n3cnc4c(=O)[nH]cnc43)O[C@@]2(C)[C@@H]1O,InosineOnly_gen3
O=c1[nH]cnc2c1ncn2[C@@H]1O[C@H](CO)[C@@H](O)[C@H]1O,CC(O)OC[C@@]12O[C@@H](n3cnc4c(=O)[nH]cnc43)[C@@](C)(O1)[C@@H]2O,InosineOnly_gen3
O=c1[nH]cnc2c1ncn2[C@@H]1O[C@H](CO)[C@@H](O)[C@H]1O,CO[C@H]1[C@H](n2cnc3c(=O)[nH]cnc32)O[C@H](CO)[C@]1(C)OC=O,InosineOnly_gen3
O=c1[nH]cnc2c1ncn2[C@@H]1O[C@H](CO)[C@@H](O)[C@H]1O,Cc1nc2c(ncn2[C@@]23OC[C@@H](O2)[C@@H](OC(C)O)[C@H]3O)c(=O)[nH]1,InosineOnly_gen3
O=c1[nH]cnc2c1ncn2[C@@H]1O[C@H](CO)[C@@H](O)[C@H]1O,CC(O)O[C@@]1(C)[C@H]2COc3nc4c(ncn4[C@H](O2)[C@@H]1O)c(=O)[nH]3,InosineOnly_gen3
O=c1[nH]cnc2c1ncn2[C@@H]1O[C@H](CO)[C@@H](O)[C@H]1O,Cc1nc2c(ncn2[C@@H]2O[C@H](C(C)O)[C@@H](OC=O)[C@H]2O)c(=O)[nH]1,InosineOnly_gen3
O=c1[nH]cnc2c1ncn2[C@@H]1O[C@H](CO)[C@@H](O)[C@H]1O,CC(O)O[C@H]1[C@H]2O[C@H](COc3nc4c(=O)[nH]cnc4n32)[C@]1(C)O,InosineOnly_gen3
O=c1[nH]cnc2c1ncn2[C@@H]1O[C@H](CO)[C@@H](O)[C@H]1O,CC[C@]1(n2cnc3c(=O)[nH]cnc32)O[C@H](CO)[C@@H](O)[C@H]1OC=O,InosineOnly_gen3
O=c1[nH]cnc2c1ncn2[C@@H]1O[C@H](CO)[C@@H](O)[C@H]1O,CO[C@@H]1[C@H](OC(C)O)[C@H]2COc3nc4c(=O)[nH]cnc4n3[C@@H]1O2,InosineOnly_gen3
O=c1[nH]cnc2c1ncn2[C@@H]1O[C@H](CO)[C@@H](O)[C@H]1O,CC(O)O[C@]12OC[C@@H](O[C@]1(C)n1cnc3c(=O)[nH]cnc31)[C@H]2O,InosineOnly_gen3
O=c1[nH]cnc2c1ncn2[C@@H]1O[C@H](CO)[C@@H](O)[C@H]1O,CC(O)[C@H]1O[C@@H](n2cnc3c(=O)[nH]cnc32)[C@H](OC=O)[C@@]1(C)O,InosineOnly_gen3
O=c1[nH]cnc2c1ncn2[C@@H]1O[C@H](CO)[C@@H](O)[C@H]1O,C[C@]1(O)[C@@H]2OCC(O)OC[C@H]2O[C@H]1n1cnc2c(=O)[nH]cnc21,InosineOnly_gen3
O=c1[nH]cnc2c1ncn2[C@@H]1O[C@H](CO)[C@@H](O)[C@H]1O,CC(O)[C@]1(C)O[C@@H](n2cnc3c(=O)[nH]cnc32)[C@H](OC=O)[C@@H]1O,InosineOnly_gen3
O=c1[nH]cnc2c1ncn2[C@@H]1O[C@H](CO)[C@@H](O)[C@H]1O,CC(O)[C@H]1O[C@@H](n2cnc3c(=O)[nH]cnc32)[C@@H]2OC(O)CO[C@@H]21,InosineOnly_gen3
O=c1[nH]cnc2c1ncn2[C@@H]1O[C@H](CO)[C@@H](O)[C@H]1O,CC(O)O[C@H]1[C@H](n2cnc3c(=O)[nH]cnc32)O[C@@]2(CO2)[C@]1(C)O,InosineOnly_gen3
O=c1[nH]cnc2c1ncn2[C@@H]1O[C@H](CO)[C@@H](O)[C@H]1O,Cc1nc2c(ncn2[C@@H]2O[C@H](CO)[C@@]3(OC(C)O)O[C@@H]23)c(=O)[nH]1,InosineOnly_gen3
O=c1[nH]cnc2c1ncn2[C@@H]1O[C@H](CO)[C@@H](O)[C@H]1O,CC(O)OC[C@H]1O[C@@H](n2cnc3c(=O)[nH]cnc32)[C@]2(O)CO[C@H]12,InosineOnly_gen3
O=c1[nH]cnc2c1ncn2[C@@H]1O[C@H](CO)[C@@H](O)[C@H]1O,CC(O)O[C@H]1[C@@H](O)[C@H]2O[C@@]1(C)COc1nc3c(ncn32)c(=O)[nH]1,InosineOnly_gen3
O=c1[nH]cnc2c1ncn2[C@@H]1O[C@H](CO)[C@@H](O)[C@H]1O,CC(O)O[C@]12CO[C@H]1[C@H](n1cnc3c(=O)[nH]cnc31)O[C@@H]2CO,InosineOnly_gen3
O=c1[nH]cnc2c1ncn2[C@@H]1O[C@H](CO)[C@@H](O)[C@H]1O,COC(C)OC[C@H]1O[C@@]2(n3cnc4c(=O)[nH]cnc43)O[C@@H]2[C@@H]1O,InosineOnly_gen3
O=c1[nH]cnc2c1ncn2[C@@H]1O[C@H](CO)[C@@H](O)[C@H]1O,Cc1nc2c(=O)[nH]cnc2n1[C@@]1(C)O[C@H](CO)[C@@H](O)[C@H]1OC=O,InosineOnly_gen3
O=c1[nH]cnc2c1ncn2[C@@H]1O[C@H](CO)[C@@H](O)[C@H]1O,CC(OC=O)[C@]1(C)O[C@@H](n2cnc3c(=O)[nH]cnc32)[C@H](O)[C@@H]1O,InosineOnly_gen3
O=c1[nH]cnc2c1ncn2[C@@H]1O[C@H](CO)[C@@H](O)[C@H]1O,C[C@@]12OCC(O)O[C@H]1[C@H](n1cnc3c(=O)[nH]cnc31)O[C@@H]2CO,InosineOnly_gen3
O=c1[nH]cnc2c1ncn2[C@@H]1O[C@H](CO)[C@@H](O)[C@H]1O,CC(O)O[C@H]1[C@H]2Oc3nc4c(=O)[nH]cnc4n3[C@@]2(C)O[C@@H]1CO,InosineOnly_gen3
O=c1[nH]cnc2c1ncn2[C@@H]1O[C@H](CO)[C@@H](O)[C@H]1O,CCC(OC=O)[C@H]1O[C@@H](n2cnc3c(=O)[nH]cnc32)[C@H](O)[C@@H]1O,InosineOnly_gen3
O=c1[nH]cnc2c1ncn2[C@@H]1O[C@H](CO)[C@@H](O)[C@H]1O,Cc1nc2c(nc(C)n2[C@@H]2O[C@H](CO)[C@@H](O)[C@H]2OC=O)c(=O)[nH]1,InosineOnly_gen3
O=c1[nH]cnc2c1ncn2[C@@H]1O[C@H](CO)[C@@H](O)[C@H]1O,CC(O)OC[C@H]1O[C@@H]2[C@H](Oc3nc4c(=O)[nH]cnc4n32)[C@@]1(C)O,InosineOnly_gen3
O=c1[nH]cnc2c1ncn2[C@@H]1O[C@H](CO)[C@@H](O)[C@H]1O,CO[C@H]1[C@H](n2cnc3c(=O)[nH]cnc32)O[C@@]2(CO2)[C@H]1OC(C)O,InosineOnly_gen3
O=c1[nH]cnc2c1ncn2[C@@H]1O[C@H](CO)[C@@H](O)[C@H]1O,CC(O)O[C@H]1[C@@H](O)[C@]2(C)O[C@@H]1COc1nc3c(=O)[nH]cnc3n12,InosineOnly_gen3
O=c1[nH]cnc2c1ncn2[C@@H]1O[C@H](CO)[C@@H](O)[C@H]1O,COC1O[C@H]2[C@@H](OC(C)O)[C@H](n3cnc4c(=O)[nH]cnc43)O[C@H]12,InosineOnly_gen3
O=c1[nH]cnc2c1ncn2[C@@H]1O[C@H](CO)[C@@H](O)[C@H]1O,Cc1nc2c(=O)[nH]cnc2n1[C@@H]1O[C@@H]2C(O)O[C@@H]1[C@@H]2OC(C)O,InosineOnly_gen3
O=c1[nH]cnc2c1ncn2[C@@H]1O[C@H](CO)[C@@H](O)[C@H]1O,Cc1nc2c(=O)[nH]cnc2n1[C@@]1(C)O[C@H](COC=O)[C@@H](O)[C@H]1O,InosineOnly_gen3
O=c1[nH]cnc2c1ncn2[C@@H]1O[C@H](CO)[C@@H](O)[C@H]1O,CC(O)O[C@]1(C)[C@@H](O)[C@]2(n3cnc4c(=O)[nH]cnc43)OC[C@H]1O2,InosineOnly_gen3
O=c1[nH]cnc2c1ncn2[C@@H]1O[C@H](CO)[C@@H](O)[C@H]1O,Cc1nc2c(=O)[nH]c3nc2n1[C@@H]1O[C@H](COC(C)O)[C@@H](O)[C@H]1O3,InosineOnly_gen3
O=c1[nH]cnc2c1ncn2[C@@H]1O[C@H](CO)[C@@H](O)[C@H]1O,CC(O)O[C@H]1[C@@H](O)[C@H]2O[C@@H]1COCc1nc3c(ncn32)c(=O)[nH]1,InosineOnly_gen3
O=c1[nH]cnc2c1ncn2[C@@H]1O[C@H](CO)[C@@H](O)[C@H]1O,Cc1nc2c(=O)[nH]cnc2n1[C@@H]1O[C@H](CO)[C@](C)(O)[C@H]1OC=O,InosineOnly_gen3
O=c1[nH]cnc2c1ncn2[C@@H]1O[C@H](CO)[C@@H](O)[C@H]1O,Cc1nc2c(nc3n2[C@@H]2O[C@H](CO3)[C@@H](OC(C)O)[C@H]2O)c(=O)[nH]1,InosineOnly_gen3
O=c1[nH]cnc2c1ncn2[C@@H]1O[C@H](CO)[C@@H](O)[C@H]1O,Cc1nc2c(=O)[nH]cnc2n1[C@@H]1O[C@H](C(C)O)[C@@H](OC=O)[C@H]1O,InosineOnly_gen3
O=c1[nH]cnc2c1ncn2[C@@H]1O[C@H](CO)[C@@H](O)[C@H]1O,CC(O)OC[C@H]1O[C@@]2(n3cnc4c(=O)[nH]cnc43)O[C@@H]2[C@@]1(C)O,InosineOnly_gen3
O=c1[nH]cnc2c1ncn2[C@@H]1O[C@H](CO)[C@@H](O)[C@H]1O,CC(O)O[C@@H]1[C@H]2COc3nc4c(ncn4[C@H](O2)[C@@]1(C)O)c(=O)[nH]3,InosineOnly_gen3
O=c1[nH]cnc2c1ncn2[C@@H]1O[C@H](CO)[C@@H](O)[C@H]1O,CC(O)OC[C@H]1O[C@H]2n3c(nc4c(=O)[nH]cnc43)O[C@@]2(C)[C@@H]1O,InosineOnly_gen3
O=c1[nH]cnc2c1ncn2[C@@H]1O[C@H](CO)[C@@H](O)[C@H]1O,CC(O)OC[C@H]1O[C@@]2(n3cnc4c(=O)[nH]cnc43)CO[C@H]1[C@H]2O,InosineOnly_gen3
O=c1[nH]cnc2c1ncn2[C@@H]1O[C@H](CO)[C@@H](O)[C@H]1O,CC(O)O[C@@]1(C)[C@@H]2O[C@]1(n1cnc3c(=O)[nH]cnc31)O[C@@H]2CO,InosineOnly_gen3
O=c1[nH]cnc2c1ncn2[C@@H]1O[C@H](CO)[C@@H](O)[C@H]1O,Cc1nc2c(ncn2[C@@H]2O[C@H](CO)[C@](C)(OC=O)[C@H]2O)c(=O)[nH]1,InosineOnly_gen3
O=c1[nH]cnc2c1ncn2[C@@H]1O[C@H](CO)[C@@H](O)[C@H]1O,CC(O)O[C@]12OC(C)[C@@H](O[C@H]1n1cnc3c(=O)[nH]cnc31)[C@H]2O,InosineOnly_gen3
O=c1[nH]cnc2c1ncn2[C@@H]1O[C@H](CO)[C@@H](O)[C@H]1O,O=c1[nH]cnc2c1ncn2[C@@H]1O[C@H](CO)[C@H]2OC(O)CCO[C@H]21,InosineOnly_gen3
O=c1[nH]cnc2c1ncn2[C@@H]1O[C@H](CO)[C@@H](O)[C@H]1O,CC(O)O[C@@]1(C)[C@H](O)[C@H]2COc3nc4c(=O)[nH]cnc4n3[C@@H]1O2,InosineOnly_gen3
O=c1[nH]cnc2c1ncn2[C@@H]1O[C@H](CO)[C@@H](O)[C@H]1O,COC[C@]12O[C@@H]([C@H](n3cnc4c(=O)[nH]cnc43)O1)[C@@H]2OC(C)O,InosineOnly_gen3
O=c1[nH]cnc2c1ncn2[C@@H]1O[C@H](CO)[C@@H](O)[C@H]1O,CC(O)O[C@@]1(C)[C@H](O)[C@]2(CO2)O[C@H]1n1cnc2c(=O)[nH]cnc21,InosineOnly_gen3
O=c1[nH]cnc2c1ncn2[C@@H]1O[C@H](CO)[C@@H](O)[C@H]1O,CC(O)OC[C@H]1O[C@@]2(C)[C@H](Oc3nc4c(ncn42)c(=O)[nH]3)[C@@H]1O,InosineOnly_gen3
O=c1[nH]cnc2c1ncn2[C@@H]1O[C@H](CO)[C@@H](O)[C@H]1O,CC(O)O[C@H]1[C@H](n2cnc3c(=O)[nH]cnc32)O[C@@H]2C(O)O[C@@]21C,InosineOnly_gen3
O=c1[nH]cnc2c1ncn2[C@@H]1O[C@H](CO)[C@@H](O)[C@H]1O,Cc1nc2c(=O)[nH]cnc2n1[C@@H]1O[C@H](COC=O)[C@](C)(O)[C@H]1O,InosineOnly_gen3
O=c1[nH]cnc2c1ncn2[C@@H]1O[C@H](CO)[C@@H](O)[C@H]1O,CCOC[C@H]1O[C@@H](n2cnc3c(=O)[nH]cnc32)[C@H](O)[C@@H]1OC=O,InosineOnly_gen3
O=c1[nH]cnc2c1ncn2[C@@H]1O[C@H](CO)[C@@H](O)[C@H]1O,C[C@]1(n2cnc3c(=O)[nH]cnc32)O[C@@H]2COCC(O)O[C@@H]1[C@@H]2O,InosineOnly_gen3
O=c1[nH]cnc2c1ncn2[C@@H]1O[C@H](CO)[C@@H](O)[C@H]1O,C[C@@]1(OC=O)[C@@H](O)[C@@](C)(n2cnc3c(=O)[nH]cnc32)O[C@@H]1CO,InosineOnly_gen3
O=c1[nH]cnc2c1ncn2[C@@H]1O[C@H](CO)[C@@H](O)[C@H]1O,CC(O)OC1(C)O[C@@H]2[C@H](O)[C@@H]1O[C@H]2n1cnc2c(=O)[nH]cnc21,InosineOnly_gen3
O=c1[nH]cnc2c1ncn2[C@@H]1O[C@H](CO)[C@@H](O)[C@H]1O,CC(O)OC[C@]1(C)O[C@@]2(n3cnc4c(=O)[nH]cnc43)O[C@H]1[C@H]2O,InosineOnly_gen3
O=c1[nH]cnc2c1ncn2[C@@H]1O[C@H](CO)[C@@H](O)[C@H]1O,CO[C@H]1[C@H](n2cnc3c(=O)[nH]cnc32)O[C@]2(COC(C)O)O[C@@H]12,InosineOnly_gen3
O=c1[nH]cnc2c1ncn2[C@@H]1O[C@H](CO)[C@@H](O)[C@H]1O,Cc1nc2c(ncn2[C@@H]2O[C@H](CO)[C@@H](OC=O)[C@]2(C)O)c(=O)[nH]1,InosineOnly_gen3
O=c1[nH]cnc2c1ncn2[C@@H]1O[C@H](CO)[C@@H](O)[C@H]1O,Cc1nc2c(=O)[nH]cnc2n1[C@@H]1O[C@]2(CO)O[C@H]2[C@H]1OC(C)O,InosineOnly_gen3
O=c1[nH]cnc2c1ncn2[C@@H]1O[C@H](CO)[C@@H](O)[C@H]1O,CC(C)(O)O[C@H]1[C@@H](O)[C@]2(n3cnc4c(=O)[nH]cnc43)OC[C@H]1O2,InosineOnly_gen3
O=c1[nH]cnc2c1ncn2[C@@H]1O[C@H](CO)[C@@H](O)[C@H]1O,CC(O)OC1O[C@@]2(C)[C@H](O)[C@@H]1O[C@H]2n1cnc2c(=O)[nH]cnc21,InosineOnly_gen3
O=c1[nH]cnc2c1ncn2[C@@H]1O[C@H](CO)[C@@H](O)[C@H]1O,CC(O)O[C@@H]1[C@@H]2OCc3nc4c(=O)[nH]cnc4n3[C@@H]1O[C@@H]2CO,InosineOnly_gen3
O=c1[nH]cnc2c1ncn2[C@@H]1O[C@H](CO)[C@@H](O)[C@H]1O,C[C@]1(n2cnc3c(=O)[nH]cnc32)O[C@@](C)(CO)[C@@H](OC=O)[C@H]1O,InosineOnly_gen3
O=c1[nH]cnc2c1ncn2[C@@H]1O[C@H](CO)[C@@H](O)[C@H]1O,CC(O)O[C@@H]1[C@H](O)[C@H]2COC[C@]1(n1cnc3c(=O)[nH]cnc31)O2,InosineOnly_gen3
O=c1[nH]cnc2c1ncn2[C@@H]1O[C@H](CO)[C@@H](O)[C@H]1O,CC(O)OC[C@]1(C)O[C@@H]2[C@H](O)[C@@H]1Oc1nc3c(ncn32)c(=O)[nH]1,InosineOnly_gen3
O=c1[nH]cnc2c1ncn2[C@@H]1O[C@H](CO)[C@@H](O)[C@H]1O,Cc1nc2c(ncn2[C@@H]2O[C@]3(CO)O[C@H]3[C@H]2OC(C)O)c(=O)[nH]1,InosineOnly_gen3
O=c1[nH]cnc2c1ncn2[C@@H]1O[C@H](CO)[C@@H](O)[C@H]1O,CC(O)O[C@@H]1[C@@H]2O[C@](C)(n3cnc4c(=O)[nH]cnc43)[C@@H]1OC2O,InosineOnly_gen3
O=c1[nH]cnc2c1ncn2[C@@H]1O[C@H](CO)[C@@H](O)[C@H]1O,CC(O)O[C@@]12OC[C@H]1O[C@@H](n1cnc3c(=O)[nH]cnc31)[C@@]2(C)O,InosineOnly_gen3
O=c1[nH]cnc2c1ncn2[C@@H]1O[C@H](CO)[C@@H](O)[C@H]1O,COC(C)O[C@H]1[C@H](n2cnc3c(=O)[nH]cnc32)O[C@@]2(CO2)[C@H]1O,InosineOnly_gen3
O=c1[nH]cnc2c1ncn2[C@@H]1O[C@H](CO)[C@@H](O)[C@H]1O,Cc1nc2c(=O)[nH]cnc2n1[C@@H]1O[C@@](C)(CO)[C@@H](O)[C@H]1OC=O,InosineOnly_gen3
O=c1[nH]cnc2c1ncn2[C@@H]1O[C@H](CO)[C@@H](O)[C@H]1O,CC(O)O[C@H]1[C@H]2O[C@]2(n2cnc3c(=O)[nH]cnc32)O[C@@]1(C)CO,InosineOnly_gen3
O=c1[nH]cnc2c1ncn2[C@@H]1O[C@H](CO)[C@@H](O)[C@H]1O,CC(O)OC[C@H]1O[C@](C)(n2cnc3c(=O)[nH]cnc32)[C@@H]2O[C@@]21O,InosineOnly_gen3
O=c1[nH]cnc2c1ncn2[C@@H]1O[C@H](CO)[C@@H](O)[C@H]1O,CC(O)OC[C@]12O[C@@H](n3cnc4c(=O)[nH]cnc43)[C@H](O)[C@@]1(C)O2,InosineOnly_gen3
O=c1[nH]cnc2c1ncn2[C@@H]1O[C@H](CO)[C@@H](O)[C@H]1O,CC(O)[C@H]1O[C@@H](n2cnc3c(=O)[nH]cnc32)[C@@](C)(OC=O)[C@@H]1O,InosineOnly_gen3
O=c1[nH]cnc2c1ncn2[C@@H]1O[C@H](CO)[C@@H](O)[C@H]1O,COC1CO[C@@H]2[C@H](O)[C@@H](CO1)O[C@H]2n1cnc2c(=O)[nH]cnc21,InosineOnly_gen3
O=c1[nH]cnc2c1ncn2[C@@H]1O[C@H](CO)[C@@H](O)[C@H]1O,Cc1nc2c(ncn2[C@@]2(C)O[C@H](CO)[C@@H](O)[C@H]2OC=O)c(=O)[nH]1,InosineOnly_gen3
O=c1[nH]cnc2c1ncn2[C@@H]1O[C@H](CO)[C@@H](O)[C@H]1O,CC(O)[C@H]1O[C@](C)(n2cnc3c(=O)[nH]cnc32)[C@H](OC=O)[C@@H]1O,InosineOnly_gen3
O=c1[nH]cnc2c1ncn2[C@@H]1O[C@H](CO)[C@@H](O)[C@H]1O,Cc1nc2c(ncn2[C@@H]2O[C@@]3(CO3)[C@@H](O)[C@H]2OC(C)O)c(=O)[nH]1,InosineOnly_gen3
O=c1[nH]cnc2c1ncn2[C@@H]1O[C@H](CO)[C@@H](O)[C@H]1O,CC(O)O[C@@H]1[C@]2(O)OC[C@H]2O[C@]1(C)n1cnc2c(=O)[nH]cnc21,InosineOnly_gen3
O=c1[nH]cnc2c1ncn2[C@@H]1O[C@H](CO)[C@@H](O)[C@H]1O,Cc1nc2c(=O)[nH]cnc2n1[C@]12O[C@@H]([C@H]1O)[C@@H](COC(C)O)O2,InosineOnly_gen3
O=c1[nH]cnc2c1ncn2[C@@H]1O[C@H](CO)[C@@H](O)[C@H]1O,CC(O)O[C@@]1(C)[C@@H]2Oc3nc4c(=O)[nH]cnc4n3[C@@H]1O[C@@H]2CO,InosineOnly_gen3
O=c1[nH]cnc2c1ncn2[C@@H]1O[C@H](CO)[C@@H](O)[C@H]1O,Cc1nc2c(=O)[nH]c3nc2n1[C@@H]1O[C@H](CO3)[C@@H](O)[C@H]1OC(C)O,InosineOnly_gen3
O=c1[nH]cnc2c1ncn2[C@@H]1O[C@H](CO)[C@@H](O)[C@H]1O,CC(O)OC1CO[C@@H]2[C@H](O)[C@@H]1O[C@H]2n1cnc2c(=O)[nH]cnc21,InosineOnly_gen3
O=c1[nH]cnc2c1ncn2[C@@H]1O[C@H](CO)[C@@H](O)[C@H]1O,CC(C)(O)O[C@H]1[C@H]2O[C@@]1(CO)O[C@H]2n1cnc2c(=O)[nH]cnc21,InosineOnly_gen3
O=c1[nH]cnc2c1ncn2[C@@H]1O[C@H](CO)[C@@H](O)[C@H]1O,Cc1nc2c(=O)[nH]cnc2n1[C@@H]1O[C@@](C)(COC=O)[C@@H](O)[C@H]1O,InosineOnly_gen3
O=c1[nH]cnc2c1ncn2[C@@H]1O[C@H](CO)[C@@H](O)[C@H]1O,CC(O)O[C@@H]1[C@@]2(C)O[C@]1(n1cnc3c(=O)[nH]cnc31)O[C@@H]2CO,InosineOnly_gen3
O=c1[nH]cnc2c1ncn2[C@@H]1O[C@H](CO)[C@@H](O)[C@H]1O,CC(O)O[C@@H]1[C@@H]2O[C@@]2(CO)O[C@]1(C)n1cnc2c(=O)[nH]cnc21,InosineOnly_gen3
O=c1[nH]cnc2c1ncn2[C@@H]1O[C@H](CO)[C@@H](O)[C@H]1O,C[C@]1(O)[C@H](OC=O)[C@@H](CO)O[C@]1(C)n1cnc2c(=O)[nH]cnc21,InosineOnly_gen3
O=c1[nH]cnc2c1ncn2[C@@H]1O[C@H](CO)[C@@H](O)[C@H]1O,CC(O)O[C@H]1[C@H]2Oc3nc4c(ncn4[C@@H]2O[C@@]1(C)CO)c(=O)[nH]3,InosineOnly_gen3
O=c1[nH]cnc2c1ncn2[C@@H]1O[C@H](CO)[C@@H](O)[C@H]1O,CC(O)OC[C@H]1O[C@@H]2[C@H](OCc3nc4c(ncn42)c(=O)[nH]3)[C@@H]1O,InosineOnly_gen3
O=c1[nH]cnc2c1ncn2[C@@H]1O[C@H](CO)[C@@H](O)[C@H]1O,CO[C@@H]1[C@@H]2O[C@]1(n1cnc3c(=O)[nH]cnc31)O[C@@H]2COC(C)O,InosineOnly_gen3
O=c1[nH]cnc2c1ncn2[C@@H]1O[C@H](CO)[C@@H](O)[C@H]1O,CC(O)O[C@H]1[C@H]2Oc3nc4c(ncn4[C@@]2(C)O[C@@H]1CO)c(=O)[nH]3,InosineOnly_gen3
O=c1[nH]cnc2c1ncn2[C@@H]1O[C@H](CO)[C@@H](O)[C@H]1O,CC(O)O[C@]12COC[C@@H](O[C@H]1n1cnc3c(=O)[nH]cnc31)[C@H]2O,InosineOnly_gen3
O=c1[nH]cnc2c1ncn2[C@@H]1O[C@H](CO)[C@@H](O)[C@H]1O,CO[C@@]1(C)[C@H](O)[C@@H](COC=O)O[C@H]1n1cnc2c(=O)[nH]cnc21,InosineOnly_gen3
O=c1[nH]cnc2c1ncn2[C@@H]1O[C@H](CO)[C@@H](O)[C@H]1O,CC(O)O[C@@]1(C)[C@@H]2OC(O)[C@H]2O[C@H]1n1cnc2c(=O)[nH]cnc21,InosineOnly_gen3
O=c1[nH]cnc2c1ncn2[C@@H]1O[C@H](CO)[C@@H](O)[C@H]1O,CC[C@@]1(COC=O)O[C@@H](n2cnc3c(=O)[nH]cnc32)[C@H](O)[C@@H]1O,InosineOnly_gen3
O=c1[nH]cnc2c1ncn2[C@@H]1O[C@H](CO)[C@@H](O)[C@H]1O,CC(C)(O)O[C@@H]1[C@@H]2O[C@]1(n1cnc3c(=O)[nH]cnc31)O[C@@H]2CO,InosineOnly_gen3
O=c1[nH]cnc2c1ncn2[C@@H]1O[C@H](CO)[C@@H](O)[C@H]1O,CC(O)OC[C@H]1O[C@](C)(n2cnc3c(=O)[nH]cnc32)[C@]2(O)O[C@H]12,InosineOnly_gen3
O=c1[nH]cnc2c1ncn2[C@@H]1O[C@H](CO)[C@@H](O)[C@H]1O,Cc1nc2c(ncn2[C@@H]2O[C@H](C(C)OC=O)[C@@H](O)[C@H]2O)c(=O)[nH]1,InosineOnly_gen3
O=c1[nH]cnc2c1ncn2[C@@H]1O[C@H](CO)[C@@H](O)[C@H]1O,C[C@]1(O)[C@H](O)[C@@H](COC=O)O[C@]1(C)n1cnc2c(=O)[nH]cnc21,InosineOnly_gen3
O=c1[nH]cnc2c1ncn2[C@@H]1O[C@H](CO)[C@@H](O)[C@H]1O,C[C@]12OCC(O)OC[C@H]1O[C@@H](n1cnc3c(=O)[nH]cnc31)[C@@H]2O,InosineOnly_gen3
O=c1[nH]cnc2c1ncn2[C@@H]1O[C@H](CO)[C@@H](O)[C@H]1O,Cc1nc2c(ncn2[C@@H]2O[C@@H]3C(O)O[C@@H]2[C@@H]3OC(C)O)c(=O)[nH]1,InosineOnly_gen3
O=c1[nH]cnc2c1ncn2[C@@H]1O[C@H](CO)[C@@H](O)[C@H]1O,CC(O)O[C@@H]1[C@@H]2OC(C)(O)[C@H]2O[C@H]1n1cnc2c(=O)[nH]cnc21,InosineOnly_gen3
O=c1[nH]cnc2c1ncn2[C@@H]1O[C@H](CO)[C@@H](O)[C@H]1O,O=c1[nH]cnc2c1ncn2[C@@H]1O[C@@H]2COC(O)CCO[C@H]2[C@H]1O,InosineOnly_gen3
O=c1[nH]cnc2c1ncn2[C@@H]1O[C@H](CO)[C@@H](O)[C@H]1O,CC(O)O[C@@H]1[C@H]2CO[C@](n3cnc4c(=O)[nH]cnc43)(O2)[C@@]1(C)O,InosineOnly_gen3
O=c1[nH]cnc2c1ncn2[C@@H]1O[C@H](CO)[C@@H](O)[C@H]1O,CC(O)O[C@H]1[C@@H](O)[C@H]2O[C@@]1(C)COc1nc3c(=O)[nH]cnc3n12,InosineOnly_gen3
O=c1[nH]cnc2c1ncn2[C@@H]1O[C@H](CO)[C@@H](O)[C@H]1O,Cc1nc2c(=O)[nH]cnc2n1[C@]12O[C@@H]1[C@H](OC(C)O)[C@@H](CO)O2,InosineOnly_gen3
O=c1[nH]cnc2c1ncn2[C@@H]1O[C@H](CO)[C@@H](O)[C@H]1O,C[C@]1(n2cnc3c(=O)[nH]cnc32)O[C@H](CO)[C@H]2OC(O)CO[C@H]21,InosineOnly_gen3
O=c1[nH]cnc2c1ncn2[C@@H]1O[C@H](CO)[C@@H](O)[C@H]1O,CC(O)O[C@H]1[C@H]2Oc3nc4c(=O)[nH]cnc4n3[C@@H]2O[C@@]1(C)CO,InosineOnly_gen3
O=c1[nH]cnc2c1ncn2[C@@H]1O[C@H](CO)[C@@H](O)[C@H]1O,CCC(O)[C@H]1O[C@@H](n2cnc3c(=O)[nH]cnc32)[C@H](OC=O)[C@@H]1O,InosineOnly_gen3
O=c1[nH]cnc2c1ncn2[C@@H]1O[C@H](CO)[C@@H](O)[C@H]1O,CCO[C@@H]1[C@H](OC=O)[C@@H](CO)O[C@H]1n1cnc2c(=O)[nH]cnc21,InosineOnly_gen3
O=c1[nH]cnc2c1ncn2[C@@H]1O[C@H](CO)[C@@H](O)[C@H]1O,CO[C@@H]1[C@H](O)[C@@H](COC=O)O[C@]1(C)n1cnc2c(=O)[nH]cnc21,InosineOnly_gen3
O=c1[nH]cnc2c1ncn2[C@@H]1O[C@H](CO)[C@@H](O)[C@H]1O,CC(O)OC[C@H]1O[C@@H](n2cnc3c(=O)[nH]cnc32)[C@@H]2OCO[C@@H]21,InosineOnly_gen3
O=c1[nH]cnc2c1ncn2[C@@H]1O[C@H](CO)[C@@H](O)[C@H]1O,COC(C)[C@H]1O[C@@H](n2cnc3c(=O)[nH]cnc32)[C@H](O)[C@@H]1OC=O,InosineOnly_gen3
O=c1[nH]cnc2c1ncn2[C@@H]1O[C@H](CO)[C@@H](O)[C@H]1O,CC(O)O[C@H]1[C@H]2OC(O)[C@]1(C)O[C@H]2n1cnc2c(=O)[nH]cnc21,InosineOnly_gen3
O=c1[nH]cnc2c1ncn2[C@@H]1O[C@H](CO)[C@@H](O)[C@H]1O,Cc1nc2c(=O)[nH]cnc2n1[C@@H]1O[C@@H]2COC(O)CO[C@@H]1[C@@H]2O,InosineOnly_gen3
O=c1[nH]cnc2c1ncn2[C@@H]1O[C@H](CO)[C@@H](O)[C@H]1O,Cc1nc2c(ncn2[C@]23O[C@@H]([C@H]2O)[C@@H](COC(C)O)O3)c(=O)[nH]1,InosineOnly_gen3
O=c1[nH]cnc2c1ncn2[C@@H]1O[C@H](CO)[C@@H](O)[C@H]1O,CC(O)O[C@@H]1[C@@H]2OCc3nc4c(ncn4[C@@H]1O[C@@H]2CO)c(=O)[nH]3,InosineOnly_gen3
O=c1[nH]cnc2c1ncn2[C@@H]1O[C@H](CO)[C@@H](O)[C@H]1O,C[C@@]1(COC=O)O[C@@H](n2cnc3c(=O)[nH]cnc32)[C@H](O)[C@@]1(C)O,InosineOnly_gen3
O=c1[nH]cnc2c1ncn2[C@@H]1O[C@H](CO)[C@@H](O)[C@H]1O,CC(O)OC[C@@]12CO[C@H]1[C@@H](O)[C@H](n1cnc3c(=O)[nH]cnc31)O2,InosineOnly_gen3
O=c1[nH]cnc2c1ncn2[C@@H]1O[C@H](CO)[C@@H](O)[C@H]1O,CC(O)O[C@@H]1[C@H](O)[C@]2(C)CO[C@]1(n1cnc3c(=O)[nH]cnc31)O2,InosineOnly_gen3
O=c1[nH]cnc2c1ncn2[C@@H]1O[C@H](CO)[C@@H](O)[C@H]1O,CC(O)O[C@@H]1[C@H](O)[C@@H]2O[C@@]1(n1cnc3c(=O)[nH]cnc31)OC2C,InosineOnly_gen3
O=c1[nH]cnc2c1ncn2[C@@H]1O[C@H](CO)[C@@H](O)[C@H]1O,CO[C@H]1[C@H]2Oc3nc4c(=O)[nH]cnc4n3[C@@H]2O[C@@H]1COC(C)O,InosineOnly_gen3
O=c1[nH]cnc2c1ncn2[C@@H]1O[C@H](CO)[C@@H](O)[C@H]1O,CC(O)O[C@@]12OC[C@]1(C)O[C@@H](n1cnc3c(=O)[nH]cnc31)[C@@H]2O,InosineOnly_gen3
O=c1[nH]cnc2c1ncn2[C@@H]1O[C@H](CO)[C@@H](O)[C@H]1O,CC(O)O[C@H]1[C@H]2OCOC[C@H]1O[C@H]2n1cnc2c(=O)[nH]cnc21,InosineOnly_gen3
O=c1[nH]cnc2c1ncn2[C@@H]1O[C@H](CO)[C@@H](O)[C@H]1O,CC(O)O[C@H]1[C@H]2O[C@H](CO)[C@]1(C)Oc1nc3c(=O)[nH]cnc3n12,InosineOnly_gen3
O=c1[nH]cnc2c1ncn2[C@@H]1O[C@H](CO)[C@@H](O)[C@H]1O,Cc1nc2c(ncn2[C@@H]2O[C@H](CO)[C@H]3OC(O)CO[C@H]32)c(=O)[nH]1,InosineOnly_gen3
O=c1[nH]cnc2c1ncn2[C@@H]1O[C@H](CO)[C@@H](O)[C@H]1O,Cc1nc2c(=O)[nH]cnc2n1[C@@H]1O[C@@]2(CO2)[C@@H](OC(C)O)[C@H]1O,InosineOnly_gen3
O=c1[nH]cnc2c1ncn2[C@@H]1O[C@H](CO)[C@@H](O)[C@H]1O,CC(O)O[C@H]1[C@@H](O)[C@H](n2cnc3c(=O)[nH]cnc32)OC12COC2,InosineOnly_gen3
O=c1[nH]cnc2c1ncn2[C@@H]1O[C@H](CO)[C@@H](O)[C@H]1O,C[C@]12OC(O)CO[C@@H]1[C@@H](CO)O[C@H]2n1cnc2c(=O)[nH]cnc21,InosineOnly_gen3
O=c1[nH]cnc2c1ncn2[C@@H]1O[C@H](CO)[C@@H](O)[C@H]1O,C[C@]1(OC=O)[C@@H](CO)O[C@@H](n2cnc3c(=O)[nH]cnc32)[C@@]1(C)O,InosineOnly_gen3
O=c1[nH]cnc2c1ncn2[C@@H]1O[C@H](CO)[C@@H](O)[C@H]1O,CC(O)OC[C@H]1O[C@@H]2[C@H](OCc3nc4c(=O)[nH]cnc4n32)[C@@H]1O,InosineOnly_gen3
O=c1[nH]cnc2c1ncn2[C@@H]1O[C@H](CO)[C@@H](O)[C@H]1O,CC(O)O[C@@H]1[C@H](O)[C@@H]2O[C@H]1n1c(nc3c(=O)[nH]cnc31)OC2C,InosineOnly_gen3
O=c1[nH]cnc2c1ncn2[C@@H]1O[C@H](CO)[C@@H](O)[C@H]1O,Cc1nc2c(ncn2[C@]23O[C@@H]2[C@H](OC(C)O)[C@@H](CO)O3)c(=O)[nH]1,InosineOnly_gen3
O=c1[nH]cnc2c1ncn2[C@@H]1O[C@H](CO)[C@@H](O)[C@H]1O,CC(C)(O)O[C@@H]1[C@H](O)[C@H]2COc3nc4c(=O)[nH]cnc4n3[C@@H]1O2,InosineOnly_gen3
O=c1[nH]cnc2c1ncn2[C@@H]1O[C@H](CO)[C@@H](O)[C@H]1O,CC(C)(O)OC[C@H]1O[C@@H](n2cnc3c(=O)[nH]cnc32)[C@]2(O)O[C@H]12,InosineOnly_gen3
O=c1[nH]cnc2c1ncn2[C@@H]1O[C@H](CO)[C@@H](O)[C@H]1O,CC(C)(O)O[C@]12O[C@H]1[C@H](n1cnc3c(=O)[nH]cnc31)O[C@@H]2CO,InosineOnly_gen3
O=c1[nH]cnc2c1ncn2[C@@H]1O[C@H](CO)[C@@H](O)[C@H]1O,CC(O)O[C@@]12O[C@@H]1[C@](C)(CO)O[C@H]2n1cnc2c(=O)[nH]cnc21,InosineOnly_gen3
O=c1[nH]cnc2c1ncn2[C@@H]1O[C@H](CO)[C@@H](O)[C@H]1O,COC[C@H]1O[C@@H](n2cnc3c(=O)[nH]cnc32)[C@]2(OC(C)O)O[C@H]12,InosineOnly_gen3
O=c1[nH]cnc2c1ncn2[C@@H]1O[C@H](CO)[C@@H](O)[C@H]1O,COC(C)OC1O[C@H]2[C@@H](O)[C@H](n3cnc4c(=O)[nH]cnc43)O[C@H]12,InosineOnly_gen3
O=c1[nH]cnc2c1ncn2[C@@H]1O[C@H](CO)[C@@H](O)[C@H]1O,CC(O)O[C@H]1[C@H]2OC[C@@]1(CO)O[C@H]2n1cnc2c(=O)[nH]cnc21,InosineOnly_gen3
O=c1[nH]cnc2c1ncn2[C@@H]1O[C@H](CO)[C@@H](O)[C@H]1O,CC(O)OC(C)[C@H]1O[C@@]2(n3cnc4c(=O)[nH]cnc43)O[C@H]1[C@H]2O,InosineOnly_gen3
O=c1[nH]cnc2c1ncn2[C@@H]1O[C@H](CO)[C@@H](O)[C@H]1O,O=c1[nH]cnc2c1ncn2[C@@H]1O[C@@H]2COCCC(O)O[C@@H]1[C@@H]2O,InosineOnly_gen3
O=c1[nH]cnc2c1ncn2[C@@H]1O[C@H](CO)[C@@H](O)[C@H]1O,CC(O)O[C@H]1[C@@H](O)[C@@](C)(n2cnc3c(=O)[nH]cnc32)O[C@@]12CO2,InosineOnly_gen3
O=c1[nH]cnc2c1ncn2[C@@H]1O[C@H](CO)[C@@H](O)[C@H]1O,COC(C)O[C@@H]1[C@H](O)[C@H]2COc3nc4c(=O)[nH]cnc4n3[C@@H]1O2,InosineOnly_gen3
O=c1[nH]cnc2c1ncn2[C@@H]1O[C@H](CO)[C@@H](O)[C@H]1O,C[C@]1(n2cnc3c(=O)[nH]cnc32)O[C@@H]2COC(O)CO[C@H]2[C@H]1O,InosineOnly_gen3
O=c1[nH]cnc2c1ncn2[C@@H]1O[C@H](CO)[C@@H](O)[C@H]1O,CCC1(O)OC[C@H]2O[C@@H](n3cnc4c(=O)[nH]cnc43)[C@H](O1)[C@@H]2O,InosineOnly_gen3
O=c1[nH]cnc2c1ncn2[C@@H]1O[C@H](CO)[C@@H](O)[C@H]1O,Cc1nc2c(=O)[nH]cnc2n1[C@@H]1O[C@@H]2CO[C@@]2(O)[C@H]1OC(C)O,InosineOnly_gen3
O=c1[nH]cnc2c1ncn2[C@@H]1O[C@H](CO)[C@@H](O)[C@H]1O,CC(O)OC[C@H]1O[C@@H](n2cnc3c(=O)[nH]cnc32)[C@H](O)[C@]12CO2,InosineOnly_gen3
O=c1[nH]cnc2c1ncn2[C@@H]1O[C@H](CO)[C@@H](O)[C@H]1O,COC(C)O[C@H]1[C@@H](O)[C@]2(n3cnc4c(=O)[nH]cnc43)OC[C@H]1O2,InosineOnly_gen3
O=c1[nH]cnc2c1ncn2[C@@H]1O[C@H](CO)[C@@H](O)[C@H]1O,Cc1nc2c(ncn2[C@@H]2O[C@@H]3COCC(O)O[C@@H]2[C@@H]3O)c(=O)[nH]1,InosineOnly_gen3
O=c1[nH]cnc2c1ncn2[C@@H]1O[C@H](CO)[C@@H](O)[C@H]1O,Cc1nc2c(ncn2[C@@H]2O[C@@H]3COC(O)CO[C@H]3[C@H]2O)c(=O)[nH]1,InosineOnly_gen3
O=c1[nH]cnc2c1ncn2[C@@H]1O[C@H](CO)[C@@H](O)[C@H]1O,CC(N)O[C@@H]1[C@H](O)[C@@H](C(=O)O)O[C@H]1n1cnc2c(=O)[nH]cnc21,InosineOnly_gen3
O=c1[nH]cnc2c1ncn2[C@@H]1O[C@H](CO)[C@@H](O)[C@H]1O,CC(N)OC(=O)[C@H]1O[C@@H](n2cnc3c(=O)[nH]cnc32)[C@H](O)[C@@H]1O,InosineOnly_gen3
O=c1[nH]cnc2c1ncn2[C@@H]1O[C@H](CO)[C@@H](O)[C@H]1O,C[n+]1cn([C@@H]2O[C@H](COC=O)[C@@H](O)[C@]2(C)O)c2nc[nH]c(=O)c21,InosineOnly_gen3
O=c1[nH]cnc2c1ncn2[C@@H]1O[C@H](CO)[C@@H](O)[C@H]1O,Cc1nc2c(c(=O)[nH]1)[n+](C)cn2[C@@H]1O[C@H](CO)[C@@H](OC=O)[C@H]1O,InosineOnly_gen3
O=c1[nH]cnc2c1ncn2[C@@H]1O[C@H](CO)[C@@H](O)[C@H]1O,C[n+]1cn([C@@]2(C)O[C@H](COC=O)[C@@H](O)[C@H]2O)c2nc[nH]c(=O)c21,InosineOnly_gen3
O=c1[nH]cnc2c1ncn2[C@@H]1O[C@H](CO)[C@@H](O)[C@H]1O,CC(O)O[C@]12O[C@H]1[C@H](n1c[n+](C)c3c(=O)[nH]cnc31)O[C@@H]2CO,InosineOnly_gen3
O=c1[nH]cnc2c1ncn2[C@@H]1O[C@H](CO)[C@@H](O)[C@H]1O,CC(O)OC[C@H]1O[C@@]2(n3c[n+](C)c4c(=O)[nH]cnc43)O[C@H]1[C@H]2O,InosineOnly_gen3
O=c1[nH]cnc2c1ncn2[C@@H]1O[C@H](CO)[C@@H](O)[C@H]1O,CC(O)OC1O[C@@H]2[C@H](O)[C@@H]1O[C@H]2n1c[n+](C)c2c(=O)[nH]cnc21,InosineOnly_gen3
O=c1[nH]cnc2c1ncn2[C@@H]1O[C@H](CO)[C@@H](O)[C@H]1O,C[n+]1cn([C@@H]2O[C@@](C)(CO)[C@@H](O)[C@H]2OC=O)c2nc[nH]c(=O)c21,InosineOnly_gen3
O=c1[nH]cnc2c1ncn2[C@@H]1O[C@H](CO)[C@@H](O)[C@H]1O,C[n+]1cn([C@@H]2O[C@H](CO)[C@H]3OCC(O)O[C@H]32)c2nc[nH]c(=O)c21,InosineOnly_gen3
O=c1[nH]cnc2c1ncn2[C@@H]1O[C@H](CO)[C@@H](O)[C@H]1O,C[n+]1cn([C@@H]2O[C@H](CO)[C@](C)(O)[C@H]2OC=O)c2nc[nH]c(=O)c21,InosineOnly_gen3
O=c1[nH]cnc2c1ncn2[C@@H]1O[C@H](CO)[C@@H](O)[C@H]1O,Cc1n([C@@H]2O[C@H](CO)[C@@H](O)[C@H]2OC=O)c2nc[nH]c(=O)c2[n+]1C,InosineOnly_gen3
O=c1[nH]cnc2c1ncn2[C@@H]1O[C@H](CO)[C@@H](O)[C@H]1O,CC(O)O[C@H]1[C@H](n2c[n+](C)c3c(=O)[nH]cnc32)O[C@@]2(CO2)[C@H]1O,InosineOnly_gen3
O=c1[nH]cnc2c1ncn2[C@@H]1O[C@H](CO)[C@@H](O)[C@H]1O,CC(O)O[C@]12OC[C@@H](O[C@H]1n1c[n+](C)c3c(=O)[nH]cnc31)[C@H]2O,InosineOnly_gen3
O=c1[nH]cnc2c1ncn2[C@@H]1O[C@H](CO)[C@@H](O)[C@H]1O,CC(O)OC[C@H]1O[C@@H]2[C@H](O)[C@@H]1OC[n+]1cn2c2nc[nH]c(=O)c21,InosineOnly_gen3
O=c1[nH]cnc2c1ncn2[C@@H]1O[C@H](CO)[C@@H](O)[C@H]1O,CC(O)O[C@H]1[C@H]2Oc3nc4c(c(=O)[nH]3)[n+](C)cn4[C@@H]2O[C@@H]1CO,InosineOnly_gen3
O=c1[nH]cnc2c1ncn2[C@@H]1O[C@H](CO)[C@@H](O)[C@H]1O,CC(O)O[C@H]1[C@H](n2c[n+](C)c3c(=O)[nH]cnc32)O[C@@H]2CO[C@]21O,InosineOnly_gen3
O=c1[nH]cnc2c1ncn2[C@@H]1O[C@H](CO)[C@@H](O)[C@H]1O,CC(O)O[C@@H]1[C@H](O)[C@H]2COC[n+]3cn(c4nc[nH]c(=O)c43)[C@@H]1O2,InosineOnly_gen3
O=c1[nH]cnc2c1ncn2[C@@H]1O[C@H](CO)[C@@H](O)[C@H]1O,Cc1n([C@@H]2O[C@H](COC=O)[C@@H](O)[C@H]2O)c2nc[nH]c(=O)c2[n+]1C,InosineOnly_gen3
O=c1[nH]cnc2c1ncn2[C@@H]1O[C@H](CO)[C@@H](O)[C@H]1O,CC(O)OC[C@H]1O[C@@H]2[C@H](Oc3n2c2nc[nH]c(=O)c2[n+]3C)[C@@H]1O,InosineOnly_gen3
O=c1[nH]cnc2c1ncn2[C@@H]1O[C@H](CO)[C@@H](O)[C@H]1O,CC(O)O[C@@H]1[C@H](O)[C@H]2COc3n(c4nc[nH]c(=O)c4[n+]3C)[C@@H]1O2,InosineOnly_gen3
O=c1[nH]cnc2c1ncn2[C@@H]1O[C@H](CO)[C@@H](O)[C@H]1O,CC(O)O[C@@H]1[C@@H]2Oc3n(c4nc[nH]c(=O)c4[n+]3C)[C@@H]1O[C@@H]2CO,InosineOnly_gen3
O=c1[nH]cnc2c1ncn2[C@@H]1O[C@H](CO)[C@@H](O)[C@H]1O,CC(O)O[C@@H]1[C@H](O)[C@H]2CO[C@]1(n1c[n+](C)c3c(=O)[nH]cnc31)O2,InosineOnly_gen3
O=c1[nH]cnc2c1ncn2[C@@H]1O[C@H](CO)[C@@H](O)[C@H]1O,C[n+]1cn([C@@H]2O[C@@H]3COCC(O)O[C@H]3[C@H]2O)c2nc[nH]c(=O)c21,InosineOnly_gen3
O=c1[nH]cnc2c1ncn2[C@@H]1O[C@H](CO)[C@@H](O)[C@H]1O,CC(O)O[C@@H]1[C@@H]2OC(O)[C@H]2O[C@H]1n1c[n+](C)c2c(=O)[nH]cnc21,InosineOnly_gen3
O=c1[nH]cnc2c1ncn2[C@@H]1O[C@H](CO)[C@@H](O)[C@H]1O,CC(O)[C@H]1O[C@@H](n2c[n+](C)c3c(=O)[nH]cnc32)[C@H](O)[C@@H]1OC=O,InosineOnly_gen3
O=c1[nH]cnc2c1ncn2[C@@H]1O[C@H](CO)[C@@H](O)[C@H]1O,CC(O)O[C@H]1[C@H]2O[C@@]1(CO)O[C@H]2n1c[n+](C)c2c(=O)[nH]cnc21,InosineOnly_gen3
O=c1[nH]cnc2c1ncn2[C@@H]1O[C@H](CO)[C@@H](O)[C@H]1O,CC(O)OC[C@H]1O[C@@H](n2c[n+](C)c3c(=O)[nH]cnc32)[C@@H]2O[C@]12O,InosineOnly_gen3
O=c1[nH]cnc2c1ncn2[C@@H]1O[C@H](CO)[C@@H](O)[C@H]1O,CC[n+]1cn([C@@H]2O[C@H](COC=O)[C@@H](O)[C@H]2O)c2nc[nH]c(=O)c21,InosineOnly_gen3
O=c1[nH]cnc2c1ncn2[C@@H]1O[C@H](CO)[C@@H](O)[C@H]1O,CC(O)O[C@H]1[C@H]2OC[n+]3cn(c4nc[nH]c(=O)c43)[C@@H]2O[C@@H]1CO,InosineOnly_gen3
O=c1[nH]cnc2c1ncn2[C@@H]1O[C@H](CO)[C@@H](O)[C@H]1O,CC(O)O[C@H]1[C@H]2O[C@]2(n2c[n+](C)c3c(=O)[nH]cnc32)O[C@@H]1CO,InosineOnly_gen3
O=c1[nH]cnc2c1ncn2[C@@H]1O[C@H](CO)[C@@H](O)[C@H]1O,C[n+]1cn([C@@]2(C)O[C@H](CO)[C@@H](OC=O)[C@H]2O)c2nc[nH]c(=O)c21,InosineOnly_gen3
O=c1[nH]cnc2c1ncn2[C@@H]1O[C@H](CO)[C@@H](O)[C@H]1O,CC(O)O[C@@H]1[C@H](O)[C@H]2COc3nc4c(c(=O)[nH]3)[n+](C)cn4[C@@H]1O2,InosineOnly_gen3
O=c1[nH]cnc2c1ncn2[C@@H]1O[C@H](CO)[C@@H](O)[C@H]1O,C[n+]1cn([C@@H]2O[C@@H]3COC(O)CO[C@@H]2[C@@H]3O)c2nc[nH]c(=O)c21,InosineOnly_gen3
O=c1[nH]cnc2c1ncn2[C@@H]1O[C@H](CO)[C@@H](O)[C@H]1O,CC(O)OC[C@]12O[C@@H](n3c[n+](C)c4c(=O)[nH]cnc43)[C@H](O)[C@@H]1O2,InosineOnly_gen3
O=c1[nH]cnc2c1ncn2[C@@H]1O[C@H](CO)[C@@H](O)[C@H]1O,CC(O)OC[C@H]1O[C@@H]2[C@H](O)[C@@H]1Oc1nc3c(c(=O)[nH]1)[n+](C)cn32,InosineOnly_gen3
O=c1[nH]cnc2c1ncn2[C@@H]1O[C@H](CO)[C@@H](O)[C@H]1O,CO[C@@H]1[C@H](O)[C@@H](COC(C)N)O[C@H]1n1cnc2c(=O)[nH]cnc21,InosineOnly_gen3
O=c1[nH]cnc2c1ncn2[C@@H]1O[C@H](CO)[C@@H](O)[C@H]1O,CC(N)O[C@H]1[C@H](n2cnc3c(=O)[nH]cnc32)O[C@H](CO)[C@]1(C)O,InosineOnly_gen3
O=c1[nH]cnc2c1ncn2[C@@H]1O[C@H](CO)[C@@H](O)[C@H]1O,CC(N)O[C@@H]1[C@H](O)[C@@H](CO)O[C@]1(C)n1cnc2c(=O)[nH]cnc21,InosineOnly_gen3
O=c1[nH]cnc2c1ncn2[C@@H]1O[C@H](CO)[C@@H](O)[C@H]1O,CC(N)O[C@@]1(C)[C@@H](CO)O[C@@H](n2cnc3c(=O)[nH]cnc32)[C@@H]1O,InosineOnly_gen3
O=c1[nH]cnc2c1ncn2[C@@H]1O[C@H](CO)[C@@H](O)[C@H]1O,CC(N)OC[C@]1(C)O[C@@H](n2cnc3c(=O)[nH]cnc32)[C@H](O)[C@@H]1O,InosineOnly_gen3
O=c1[nH]cnc2c1ncn2[C@@H]1O[C@H](CO)[C@@H](O)[C@H]1O,CC(N)OC[C@H]1O[C@@H](n2cnc3c(=O)[nH]cnc32)[C@@](C)(O)[C@@H]1O,InosineOnly_gen3
O=c1[nH]cnc2c1ncn2[C@@H]1O[C@H](CO)[C@@H](O)[C@H]1O,O=c1[nH]cnc2c1ncn2[C@@H]1O[C@]2(CO)OCC(O)O[C@@H]1[C@@H]2O,InosineOnly_gen3
O=c1[nH]cnc2c1ncn2[C@@H]1O[C@H](CO)[C@@H](O)[C@H]1O,O=c1[nH]cnc2c1ncn2[C@@H]1O[C@H](CO)[C@H]2OCOC(O)O[C@H]21,InosineOnly_gen3
O=c1[nH]cnc2c1ncn2[C@@H]1O[C@H](CO)[C@@H](O)[C@H]1O,O=c1[nH]cnc2c1ncn2[C@]12O[C@@H]([C@H]1O)[C@@H](COC(O)CO)O2,InosineOnly_gen3
O=c1[nH]cnc2c1ncn2[C@@H]1O[C@H](CO)[C@@H](O)[C@H]1O,O=c1[nH]cnc2c1nc1n2[C@@H]2O[C@H](CO)[C@@H](OC(O)CO)[C@H]2O1,InosineOnly_gen3
O=c1[nH]cnc2c1ncn2[C@@H]1O[C@H](CO)[C@@H](O)[C@H]1O,O=c1[nH]cnc2c1ncn2[C@@H]1O[C@@H]2C(O)O[C@H]2[C@H]1OC(O)CO,InosineOnly_gen3
O=c1[nH]cnc2c1ncn2[C@@H]1O[C@H](CO)[C@@H](O)[C@H]1O,O=c1[nH]c2nc3c1ncn3[C@@H]1O[C@H](CO)[C@@H](O)[C@H]1OC(O)CO2,InosineOnly_gen3
O=c1[nH]cnc2c1ncn2[C@@H]1O[C@H](CO)[C@@H](O)[C@H]1O,O=c1[nH]cnc2c1ncn2[C@@H]1O[C@@H]2CO[C@]1(OC(O)CO)[C@@H]2O,InosineOnly_gen3
O=c1[nH]cnc2c1ncn2[C@@H]1O[C@H](CO)[C@@H](O)[C@H]1O,O=c1[nH]cnc2c1ncn2[C@@H]1O[C@@]2(COC(O)CO2)[C@@H](O)[C@H]1O,InosineOnly_gen3
O=c1[nH]cnc2c1ncn2[C@@H]1O[C@H](CO)[C@@H](O)[C@H]1O,O=CC(O)O[C@H]1[C@@H](O)[C@H](n2cnc3c(=O)[nH]cnc32)O[C@@H]1CO,InosineOnly_gen3
O=c1[nH]cnc2c1ncn2[C@@H]1O[C@H](CO)[C@@H](O)[C@H]1O,O=CO[C@H]1[C@H](n2cnc3c(=O)[nH]cnc32)O[C@H](CO)[C@@]1(O)CO,InosineOnly_gen3
O=c1[nH]cnc2c1ncn2[C@@H]1O[C@H](CO)[C@@H](O)[C@H]1O,O=c1[nH]cnc2c1ncn2[C@@H]1O[C@H](CO)[C@H]2OC(O)CO[C@]21O,InosineOnly_gen3
O=c1[nH]cnc2c1ncn2[C@@H]1O[C@H](CO)[C@@H](O)[C@H]1O,O=c1[nH]cnc2c1nc1n2[C@@H]2O[C@H](CO)[C@@H](OC(O)CO1)[C@H]2O,InosineOnly_gen3
O=c1[nH]cnc2c1ncn2[C@@H]1O[C@H](CO)[C@@H](O)[C@H]1O,O=c1[nH]cnc2c1ncn2[C@@H]1O[C@@H]2COC(O)CO[C@]1(O)[C@@H]2O,InosineOnly_gen3
O=c1[nH]cnc2c1ncn2[C@@H]1O[C@H](CO)[C@@H](O)[C@H]1O,CC(O)(O)O[C@H]1[C@H](n2cnc3c(=O)[nH]cnc32)O[C@@]2(CO2)[C@H]1O,InosineOnly_gen3
O=c1[nH]cnc2c1ncn2[C@@H]1O[C@H](CO)[C@@H](O)[C@H]1O,O=c1[nH]cnc2c1ncn2[C@@]12OC[C@@H](O1)[C@@H](O)[C@H]2OC(O)CO,InosineOnly_gen3
O=c1[nH]cnc2c1ncn2[C@@H]1O[C@H](CO)[C@@H](O)[C@H]1O,O=c1[nH]cnc2c1ncn2[C@]12OCC(O)O[C@@H]1[C@H](O)[C@@H](CO)O2,InosineOnly_gen3
O=c1[nH]cnc2c1ncn2[C@@H]1O[C@H](CO)[C@@H](O)[C@H]1O,O=c1[nH]cnc2c1ncn2[C@@H]1O[C@H](CO)[C@@H](O)[C@@]12OCC(O)O2,InosineOnly_gen3
O=c1[nH]cnc2c1ncn2[C@@H]1O[C@H](CO)[C@@H](O)[C@H]1O,O=c1[nH]cnc2c1ncn2[C@@H]1O[C@H](C2OCC(O)O2)[C@@H](O)[C@H]1O,InosineOnly_gen3
O=c1[nH]cnc2c1ncn2[C@@H]1O[C@H](CO)[C@@H](O)[C@H]1O,O=c1[nH]cnc2c1ncn2[C@@H]1O[C@@H]2COCOC(O)O[C@H]2[C@H]1O,InosineOnly_gen3
O=c1[nH]cnc2c1ncn2[C@@H]1O[C@H](CO)[C@@H](O)[C@H]1O,O=c1[nH]cnc2c1ncn2[C@@]12OCC(O)OC[C@@H](O1)[C@@H](O)[C@H]2O,InosineOnly_gen3
O=c1[nH]cnc2c1ncn2[C@@H]1O[C@H](CO)[C@@H](O)[C@H]1O,CC(N)O[C@H]1[C@@H](O)[C@H](n2c[n+](C)c3c(=O)[nH]cnc32)O[C@@H]1CO,InosineOnly_gen3
O=c1[nH]cnc2c1ncn2[C@@H]1O[C@H](CO)[C@@H](O)[C@H]1O,O=c1[nH]cnc2c1ncn2[C@@H]1O[C@H](C(O)(O)C=NO)[C@@H](O)[C@H]1O,InosineOnly_gen3
O=c1[nH]cnc2c1ncn2[C@@H]1O[C@H](CO)[C@@H](O)[C@H]1O,NC(=O)C(O)(O)[C@H]1O[C@@H](n2cnc3c(=O)[nH]cnc32)[C@H](O)[C@@H]1O,InosineOnly_gen3
O=c1[nH]cnc2c1ncn2[C@@H]1O[C@H](CO)[C@@H](O)[C@H]1O,CC(O)OC[C@]1(O)O[C@@H](n2cnc3c(=O)[nH]cnc32)[C@H](O)[C@@H]1O,InosineOnly_gen3
O=c1[nH]cnc2c1ncn2[C@@H]1O[C@H](CO)[C@@H](O)[C@H]1O,O=c1[nH]cnc2c1ncn2[C@@H]1O[C@H](C(O)CO)[C@@H](OCO)[C@H]1O,InosineOnly_gen3
O=c1[nH]cnc2c1ncn2[C@@H]1O[C@H](CO)[C@@H](O)[C@H]1O,O=c1[nH]c(CO)nc2c1ncn2[C@@H]1O[C@H](COCO)[C@@H](O)[C@H]1O,InosineOnly_gen3
O=c1[nH]cnc2c1ncn2[C@@H]1O[C@H](CO)[C@@H](O)[C@H]1O,O=c1[nH]c(CO)nc2c1ncn2[C@@H]1O[C@H](CO)[C@@H](OCO)[C@H]1O,InosineOnly_gen3
O=c1[nH]cnc2c1ncn2[C@@H]1O[C@H](CO)[C@@H](O)[C@H]1O,O=c1[nH]cnc2c1ncn2[C@@H]1O[C@H](COCO)[C@@](O)(CO)[C@H]1O,InosineOnly_gen3
O=c1[nH]cnc2c1ncn2[C@@H]1O[C@H](CO)[C@@H](O)[C@H]1O,CC(O)O[C@@]1(O)[C@H](O)[C@@H](CO)O[C@H]1n1cnc2c(=O)[nH]cnc21,InosineOnly_gen3
O=c1[nH]cnc2c1ncn2[C@@H]1O[C@H](CO)[C@@H](O)[C@H]1O,CC(O)OC[C@H]1O[C@](O)(n2cnc3c(=O)[nH]cnc32)[C@H](O)[C@@H]1O,InosineOnly_gen3
O=c1[nH]cnc2c1ncn2[C@@H]1O[C@H](CO)[C@@H](O)[C@H]1O,O=c1[nH]cnc2c1nc(CO)n2[C@@H]1O[C@H](CO)[C@@H](O)[C@H]1OCO,InosineOnly_gen3
O=c1[nH]cnc2c1ncn2[C@@H]1O[C@H](CO)[C@@H](O)[C@H]1O,CC(O)(O)[C@H]1O[C@@H](n2cnc3c(=O)[nH]cnc32)[C@H](OCO)[C@@H]1O,InosineOnly_gen3
O=c1[nH]cnc2c1ncn2[C@@H]1O[C@H](CO)[C@@H](O)[C@H]1O,CC(Cl)O[C@H]1[C@H]2OC(O)[C@H]1O[C@H]2n1cnc2c(=O)[nH]cnc21,InosineOnly_gen3
O=c1[nH]cnc2c1ncn2[C@@H]1O[C@H](CO)[C@@H](O)[C@H]1O,O=c1[nH]cnc2c1ncn2[C@@H]1O[C@@H]2COP(=O)(O)O[C@H]2[C@H]1O,InosineOnly_gen3
O=c1[nH]cnc2c1ncn2[C@@H]1O[C@H](CO)[C@@H](O)[C@H]1O,CC(=O)OC(C#N)[C@H]1O[C@@H](n2cnc3c(=O)[nH]cnc32)[C@H](O)[C@@H]1O,InosineOnly_gen3
O=c1[nH]cnc2c1ncn2[C@@H]1O[C@H](CO)[C@@H](O)[C@H]1O,N#CCC(=O)O[C@H]1[C@@H](O)[C@H](n2cnc3c(=O)[nH]cnc32)O[C@@H]1CO,InosineOnly_gen3
O=c1[nH]cnc2c1ncn2[C@@H]1O[C@H](CO)[C@@H](O)[C@H]1O,O=C1C=C(O[C@@H]2[C@H](O)[C@@H](CO)O[C@H]2n2cnc3c(=O)[nH]cnc32)O1,InosineOnly_gen3
O=c1[nH]cnc2c1ncn2[C@@H]1O[C@H](CO)[C@@H](O)[C@H]1O,O=C1C=C(OC[C@H]2O[C@@H](n3cnc4c(=O)[nH]cnc43)[C@H](O)[C@@H]2O)O1,InosineOnly_gen3
O=c1[nH]cnc2c1ncn2[C@@H]1O[C@H](CO)[C@@H](O)[C@H]1O,N#CC(O)(C(=O)O)[C@H]1O[C@@H](n2cnc3c(=O)[nH]cnc32)[C@H](O)[C@@H]1O,InosineOnly_gen3
O=c1[nH]cnc2c1ncn2[C@@H]1O[C@H](CO)[C@@H](O)[C@H]1O,Cc1nc2c(=O)[nH]cnc2n1[C@@H]1O[C@H](CO)[C@@H](OC(O)C#N)[C@H]1O,InosineOnly_gen3
O=c1[nH]cnc2c1ncn2[C@@H]1O[C@H](CO)[C@@H](O)[C@H]1O,N#CCC(O)OC[C@H]1O[C@@H](n2cnc3c(=O)[nH]cnc32)[C@H](O)[C@@H]1O,InosineOnly_gen3
O=c1[nH]cnc2c1ncn2[C@@H]1O[C@H](CO)[C@@H](O)[C@H]1O,CC(O)OC[C@H]1O[C@@H](n2cnc3c(=O)[nH]c(C#N)nc32)[C@H](O)[C@@H]1O,InosineOnly_gen3
O=c1[nH]cnc2c1ncn2[C@@H]1O[C@H](CO)[C@@H](O)[C@H]1O,CC(O)O[C@H]1[C@@H](O)[C@@](C#N)(n2cnc3c(=O)[nH]cnc32)O[C@@H]1CO,InosineOnly_gen3
O=c1[nH]cnc2c1ncn2[C@@H]1O[C@H](CO)[C@@H](O)[C@H]1O,C[C@]1(OC(O)C#N)[C@H](O)[C@@H](CO)O[C@H]1n1cnc2c(=O)[nH]cnc21,InosineOnly_gen3
O=c1[nH]cnc2c1ncn2[C@@H]1O[C@H](CO)[C@@H](O)[C@H]1O,CC(O)O[C@H]1[C@@H](O)[C@H](n2cnc3c(=O)[nH]cnc32)O[C@@]1(C#N)CO,InosineOnly_gen3
O=c1[nH]cnc2c1ncn2[C@@H]1O[C@H](CO)[C@@H](O)[C@H]1O,Cc1nc2c(ncn2[C@@H]2O[C@H](CO)[C@@H](O)[C@H]2OC(O)C#N)c(=O)[nH]1,InosineOnly_gen3
O=c1[nH]cnc2c1ncn2[C@@H]1O[C@H](CO)[C@@H](O)[C@H]1O,CC(O)O[C@@H]1[C@@H](CO)O[C@@H](n2cnc3c(=O)[nH]cnc32)[C@]1(O)C#N,InosineOnly_gen3
O=c1[nH]cnc2c1ncn2[C@@H]1O[C@H](CO)[C@@H](O)[C@H]1O,CC(O)[C@H]1O[C@@H](n2cnc3c(=O)[nH]cnc32)[C@H](O)[C@@H]1OC(O)C#N,InosineOnly_gen3
O=c1[nH]cnc2c1ncn2[C@@H]1O[C@H](CO)[C@@H](O)[C@H]1O,CC(O)O[C@@H]1[C@H](O)[C@@H](CO)O[C@H]1n1c(C#N)nc2c(=O)[nH]cnc21,InosineOnly_gen3
O=c1[nH]cnc2c1ncn2[C@@H]1O[C@H](CO)[C@@H](O)[C@H]1O,C[C@]1(n2cnc3c(=O)[nH]cnc32)O[C@H](COC(O)C#N)[C@@H](O)[C@H]1O,InosineOnly_gen3
O=c1[nH]cnc2c1ncn2[C@@H]1O[C@H](CO)[C@@H](O)[C@H]1O,C[C@@]1(CO)O[C@@H](n2cnc3c(=O)[nH]cnc32)[C@H](O)[C@@H]1OC(O)C#N,InosineOnly_gen3
O=c1[nH]cnc2c1ncn2[C@@H]1O[C@H](CO)[C@@H](O)[C@H]1O,CC(O)O[C@@]1(C#N)[C@@H](CO)O[C@@H](n2cnc3c(=O)[nH]cnc32)[C@@H]1O,InosineOnly_gen3
O=c1[nH]cnc2c1ncn2[C@@H]1O[C@H](CO)[C@@H](O)[C@H]1O,C[C@]1(O)[C@@H](COC(O)C#N)O[C@@H](n2cnc3c(=O)[nH]cnc32)[C@@H]1O,InosineOnly_gen3
O=c1[nH]cnc2c1ncn2[C@@H]1O[C@H](CO)[C@@H](O)[C@H]1O,CC(=O)O[C@H]1[C@H](n2cnc3c(=O)[nH]cnc32)O[C@@](C)(C(=O)O)[C@H]1O,InosineOnly_gen3
O=c1[nH]cnc2c1ncn2[C@@H]1O[C@H](CO)[C@@H](O)[C@H]1O,COC(=O)[C@H]1O[C@@H](n2cnc3c(=O)[nH]cnc32)[C@H](OC(C)=O)[C@@H]1O,InosineOnly_gen3
O=c1[nH]cnc2c1ncn2[C@@H]1O[C@H](CO)[C@@H](O)[C@H]1O,CC(=O)OC[C@H]1O[C@@H](n2cnc3c(=O)[nH]cnc32)[C@H](OC=O)[C@@H]1O,InosineOnly_gen3
O=c1[nH]cnc2c1ncn2[C@@H]1O[C@H](CO)[C@@H](O)[C@H]1O,C[C@@]1(COC=O)O[C@@H](n2cnc3c(=O)n(C=O)cnc32)[C@H](O)[C@@H]1O,InosineOnly_gen3
O=c1[nH]cnc2c1ncn2[C@@H]1O[C@H](CO)[C@@H](O)[C@H]1O,CC(=O)OC(=O)[C@H]1O[C@@H](n2cnc3c(=O)[nH]c(C)nc32)[C@H](O)[C@@H]1O,InosineOnly_gen3
O=c1[nH]cnc2c1ncn2[C@@H]1O[C@H](CO)[C@@H](O)[C@H]1O,CC(=O)O[C@@H]1[C@H](O)[C@@H](C(=O)O)O[C@]1(C)n1cnc2c(=O)[nH]cnc21,InosineOnly_gen3
O=c1[nH]cnc2c1ncn2[C@@H]1O[C@H](CO)[C@@H](O)[C@H]1O,CC(=O)O[C@@]1(C)[C@H](O)[C@@H](C(=O)O)O[C@H]1n1cnc2c(=O)[nH]cnc21,InosineOnly_gen3
O=c1[nH]cnc2c1ncn2[C@@H]1O[C@H](CO)[C@@H](O)[C@H]1O,CC(=O)OC(=O)[C@H]1O[C@@H](n2c(C)nc3c(=O)[nH]cnc32)[C@H](O)[C@@H]1O,InosineOnly_gen3
O=c1[nH]cnc2c1ncn2[C@@H]1O[C@H](CO)[C@@H](O)[C@H]1O,CC(=O)OC(=O)[C@H]1O[C@@H](n2cnc3c(=O)[nH]cnc32)[C@@](C)(O)[C@@H]1O,InosineOnly_gen3
O=c1[nH]cnc2c1ncn2[C@@H]1O[C@H](CO)[C@@H](O)[C@H]1O,CO[C@H]1[C@@H](O)[C@H](n2cnc3c(=O)[nH]cnc32)O[C@@H]1C(=O)OC(C)=O,InosineOnly_gen3
O=c1[nH]cnc2c1ncn2[C@@H]1O[C@H](CO)[C@@H](O)[C@H]1O,C[C@]1(n2cnc3c(=O)n(C=O)cnc32)O[C@H](COC=O)[C@@H](O)[C@H]1O,InosineOnly_gen3
O=c1[nH]cnc2c1ncn2[C@@H]1O[C@H](CO)[C@@H](O)[C@H]1O,CC(=O)OC(C)[C@H]1O[C@](C)(n2cnc3c(=O)[nH]cnc32)[C@H](O)[C@@H]1O,InosineOnly_gen3
O=c1[nH]cnc2c1ncn2[C@@H]1O[C@H](CO)[C@@H](O)[C@H]1O,CC(=O)OC(C)[C@H]1O[C@@H](n2cnc3c(=O)[nH]cnc32)[C@H](O)[C@@]1(C)O,InosineOnly_gen3
O=c1[nH]cnc2c1ncn2[C@@H]1O[C@H](CO)[C@@H](O)[C@H]1O,COC[C@H]1O[C@](C)(n2cnc3c(=O)[nH]cnc32)[C@H](O)[C@@H]1OC(C)=O,InosineOnly_gen3
O=c1[nH]cnc2c1ncn2[C@@H]1O[C@H](CO)[C@@H](O)[C@H]1O,CC(=O)O[C@]1(C)[C@H](n2cnc3c(=O)[nH]cnc32)O[C@H](CO)[C@]1(C)O,InosineOnly_gen3
O=c1[nH]cnc2c1ncn2[C@@H]1O[C@H](CO)[C@@H](O)[C@H]1O,CC(=O)O[C@@H]1[C@H](O)[C@@H](C(C)O)O[C@H]1n1c(C)nc2c(=O)[nH]cnc21,InosineOnly_gen3
O=c1[nH]cnc2c1ncn2[C@@H]1O[C@H](CO)[C@@H](O)[C@H]1O,CC(=O)O[C@@H]1[C@@](C)(O)[C@@H](CO)O[C@]1(C)n1cnc2c(=O)[nH]cnc21,InosineOnly_gen3
O=c1[nH]cnc2c1ncn2[C@@H]1O[C@H](CO)[C@@H](O)[C@H]1O,CC(=O)OC[C@]1(C)O[C@@H](n2cnc3c(=O)[nH]cnc32)[C@@](C)(O)[C@@H]1O,InosineOnly_gen3
O=c1[nH]cnc2c1ncn2[C@@H]1O[C@H](CO)[C@@H](O)[C@H]1O,CC(=O)OC(C)[C@H]1O[C@@H](n2c(C)nc3c(=O)[nH]cnc32)[C@H](O)[C@@H]1O,InosineOnly_gen3
O=c1[nH]cnc2c1ncn2[C@@H]1O[C@H](CO)[C@@H](O)[C@H]1O,COC[C@H]1O[C@@H](n2cnc3c(=O)[nH]cnc32)[C@H](OC(C)=O)[C@@]1(C)O,InosineOnly_gen3
O=c1[nH]cnc2c1ncn2[C@@H]1O[C@H](CO)[C@@H](O)[C@H]1O,CC(=O)O[C@@H]1[C@H](O)[C@@H](C(C)O)O[C@H]1n1cnc2c(=O)[nH]c(C)nc21,InosineOnly_gen3
O=c1[nH]cnc2c1ncn2[C@@H]1O[C@H](CO)[C@@H](O)[C@H]1O,CC(=O)O[C@@]1(C)[C@H](O)[C@@H](CO)O[C@H]1n1cnc2c(=O)[nH]c(C)nc21,InosineOnly_gen3
O=c1[nH]cnc2c1ncn2[C@@H]1O[C@H](CO)[C@@H](O)[C@H]1O,CO[C@H]1[C@@H](OC(C)=O)[C@H](n2cnc3c(=O)[nH]cnc32)O[C@@]1(C)CO,InosineOnly_gen3
O=c1[nH]cnc2c1ncn2[C@@H]1O[C@H](CO)[C@@H](O)[C@H]1O,CC(=O)O[C@H]1[C@H](n2cnc3c(=O)[nH]c(C)nc32)O[C@H](CO)[C@]1(C)O,InosineOnly_gen3
O=c1[nH]cnc2c1ncn2[C@@H]1O[C@H](CO)[C@@H](O)[C@H]1O,CCC(=O)O[C@@]1(C)[C@@H](CO)O[C@@H](n2cnc3c(=O)[nH]cnc32)[C@@H]1O,InosineOnly_gen3
O=c1[nH]cnc2c1ncn2[C@@H]1O[C@H](CO)[C@@H](O)[C@H]1O,CO[C@@H]1[C@@H](COC(C)=O)O[C@@H](n2cnc3c(=O)[nH]cnc32)[C@@]1(C)O,InosineOnly_gen3
O=c1[nH]cnc2c1ncn2[C@@H]1O[C@H](CO)[C@@H](O)[C@H]1O,CC(=O)O[C@]1(C)[C@H](n2cnc3c(=O)[nH]cnc32)O[C@@](C)(CO)[C@H]1O,InosineOnly_gen3
O=c1[nH]cnc2c1ncn2[C@@H]1O[C@H](CO)[C@@H](O)[C@H]1O,CCC(=O)O[C@@H]1[C@H](O)[C@@H](COC)O[C@H]1n1cnc2c(=O)[nH]cnc21,InosineOnly_gen3
O=c1[nH]cnc2c1ncn2[C@@H]1O[C@H](CO)[C@@H](O)[C@H]1O,CC(=O)OC(C)(C)[C@H]1O[C@@H](n2cnc3c(=O)[nH]cnc32)[C@H](O)[C@@H]1O,InosineOnly_gen3
O=c1[nH]cnc2c1ncn2[C@@H]1O[C@H](CO)[C@@H](O)[C@H]1O,CCO[C@H]1[C@@H](O)[C@H](n2cnc3c(=O)n(C(C)=O)cnc32)O[C@@H]1CO,InosineOnly_gen3
O=c1[nH]cnc2c1ncn2[C@@H]1O[C@H](CO)[C@@H](O)[C@H]1O,CC(=O)O[C@@]1(C)[C@@H](CO)O[C@@H](n2c(C)nc3c(=O)[nH]cnc32)[C@@H]1O,InosineOnly_gen3
O=c1[nH]cnc2c1ncn2[C@@H]1O[C@H](CO)[C@@H](O)[C@H]1O,CC(=O)O[C@@]1(C)[C@@H](C(C)O)O[C@@H](n2cnc3c(=O)[nH]cnc32)[C@@H]1O,InosineOnly_gen3
O=c1[nH]cnc2c1ncn2[C@@H]1O[C@H](CO)[C@@H](O)[C@H]1O,CC(=O)O[C@@H]1[C@@H](CO)O[C@@H](n2c(C)nc3c(=O)[nH]cnc32)[C@@]1(C)O,InosineOnly_gen3
O=c1[nH]cnc2c1ncn2[C@@H]1O[C@H](CO)[C@@H](O)[C@H]1O,CC(=O)O[C@H]1[C@H](n2cnc3c(=O)[nH]c(C)nc32)O[C@@](C)(CO)[C@H]1O,InosineOnly_gen3
O=c1[nH]cnc2c1ncn2[C@@H]1O[C@H](CO)[C@@H](O)[C@H]1O,CC(=O)O[C@@H]1[C@@H](C(C)O)O[C@@H](n2cnc3c(=O)[nH]cnc32)[C@@]1(C)O,InosineOnly_gen3
O=c1[nH]cnc2c1ncn2[C@@H]1O[C@H](CO)[C@@H](O)[C@H]1O,CC(=O)OC[C@H]1O[C@@H](n2cnc3c(=O)[nH]cnc32)[C@@](C)(O)[C@@]1(C)O,InosineOnly_gen3
O=c1[nH]cnc2c1ncn2[C@@H]1O[C@H](CO)[C@@H](O)[C@H]1O,CC(=O)O[C@H]1[C@@H](O)[C@H](n2cnc3c(=O)[nH]cnc32)O[C@@]1(C)C(C)O,InosineOnly_gen3
O=c1[nH]cnc2c1ncn2[C@@H]1O[C@H](CO)[C@@H](O)[C@H]1O,CC(=O)O[C@@H]1[C@H](O)[C@](C)(CO)O[C@]1(C)n1cnc2c(=O)[nH]cnc21,InosineOnly_gen3
O=c1[nH]cnc2c1ncn2[C@@H]1O[C@H](CO)[C@@H](O)[C@H]1O,CC(=O)O[C@H]1[C@@H](O)[C@H](n2c(C)nc3c(=O)[nH]c(C)nc32)O[C@@H]1CO,InosineOnly_gen3
O=c1[nH]cnc2c1ncn2[C@@H]1O[C@H](CO)[C@@H](O)[C@H]1O,CC(=O)O[C@H]1[C@@H](O)[C@@](C)(n2c(C)nc3c(=O)[nH]cnc32)O[C@@H]1CO,InosineOnly_gen3
O=c1[nH]cnc2c1ncn2[C@@H]1O[C@H](CO)[C@@H](O)[C@H]1O,CCO[C@H]1[C@@H](O)[C@H](n2cnc3c(=O)[nH]cnc32)O[C@@H]1COC(C)=O,InosineOnly_gen3
O=c1[nH]cnc2c1ncn2[C@@H]1O[C@H](CO)[C@@H](O)[C@H]1O,COC[C@H]1O[C@@H](n2cnc3c(=O)[nH]c(C)nc32)[C@H](O)[C@@H]1OC(C)=O,InosineOnly_gen3
O=c1[nH]cnc2c1ncn2[C@@H]1O[C@H](CO)[C@@H](O)[C@H]1O,CCc1nc2c(=O)[nH]cnc2n1[C@@H]1O[C@H](COC(C)=O)[C@@H](O)[C@H]1O,InosineOnly_gen3
O=c1[nH]cnc2c1ncn2[C@@H]1O[C@H](CO)[C@@H](O)[C@H]1O,CC(=O)O[C@H]1[C@H](n2cnc3c(=O)[nH]cnc32)O[C@@](C)(CO)[C@]1(C)O,InosineOnly_gen3
O=c1[nH]cnc2c1ncn2[C@@H]1O[C@H](CO)[C@@H](O)[C@H]1O,COC[C@H]1O[C@@H](n2c(C)nc3c(=O)[nH]cnc32)[C@H](O)[C@@H]1OC(C)=O,InosineOnly_gen3
O=c1[nH]cnc2c1ncn2[C@@H]1O[C@H](CO)[C@@H](O)[C@H]1O,CC[C@]1(n2cnc3c(=O)[nH]cnc32)O[C@H](CO)[C@@H](OC(C)=O)[C@H]1O,InosineOnly_gen3
O=c1[nH]cnc2c1ncn2[C@@H]1O[C@H](CO)[C@@H](O)[C@H]1O,CC(=O)OC[C@H]1O[C@@H](n2c(C)nc3c(=O)[nH]cnc32)[C@@](C)(O)[C@@H]1O,InosineOnly_gen3
O=c1[nH]cnc2c1ncn2[C@@H]1O[C@H](CO)[C@@H](O)[C@H]1O,CC(=O)OC[C@H]1O[C@](C)(n2cnc3c(=O)[nH]c(C)nc32)[C@H](O)[C@@H]1O,InosineOnly_gen3
O=c1[nH]cnc2c1ncn2[C@@H]1O[C@H](CO)[C@@H](O)[C@H]1O,CO[C@H]1[C@@H](O)[C@H](n2cnc3c(=O)[nH]cnc32)O[C@@]1(C)COC(C)=O,InosineOnly_gen3
O=c1[nH]cnc2c1ncn2[C@@H]1O[C@H](CO)[C@@H](O)[C@H]1O,CC(=O)OC[C@]1(C)O[C@@H](n2cnc3c(=O)[nH]c(C)nc32)[C@H](O)[C@@H]1O,InosineOnly_gen3
O=c1[nH]cnc2c1ncn2[C@@H]1O[C@H](CO)[C@@H](O)[C@H]1O,CC(=O)OC[C@H]1O[C@@H](n2cnc3c(=O)[nH]c(C)nc32)[C@H](O)[C@@]1(C)O,InosineOnly_gen3
O=c1[nH]cnc2c1ncn2[C@@H]1O[C@H](CO)[C@@H](O)[C@H]1O,CC(=O)OC[C@]1(C)O[C@](C)(n2cnc3c(=O)[nH]cnc32)[C@H](O)[C@@H]1O,InosineOnly_gen3
O=c1[nH]cnc2c1ncn2[C@@H]1O[C@H](CO)[C@@H](O)[C@H]1O,CO[C@@H]1[C@H](O)[C@@H](C(C)OC(C)=O)O[C@H]1n1cnc2c(=O)[nH]cnc21,InosineOnly_gen3
O=c1[nH]cnc2c1ncn2[C@@H]1O[C@H](CO)[C@@H](O)[C@H]1O,CC(=O)O[C@H]1[C@@H](O)[C@H](n2c(C)nc3c(=O)[nH]cnc32)O[C@@]1(C)CO,InosineOnly_gen3
O=c1[nH]cnc2c1ncn2[C@@H]1O[C@H](CO)[C@@H](O)[C@H]1O,CC[C@]1(O)[C@@H](COC(C)=O)O[C@@H](n2cnc3c(=O)[nH]cnc32)[C@@H]1O,InosineOnly_gen3
O=c1[nH]cnc2c1ncn2[C@@H]1O[C@H](CO)[C@@H](O)[C@H]1O,CC(=O)OC[C@H]1O[C@@H](n2c(C)nc3c(=O)[nH]c(C)nc32)[C@H](O)[C@@H]1O,InosineOnly_gen3
O=c1[nH]cnc2c1ncn2[C@@H]1O[C@H](CO)[C@@H](O)[C@H]1O,CC(=O)O[C@H]1[C@@H](O)[C@@](C)(n2cnc3c(=O)[nH]c(C)nc32)O[C@@H]1CO,InosineOnly_gen3
O=c1[nH]cnc2c1ncn2[C@@H]1O[C@H](CO)[C@@H](O)[C@H]1O,CC(=O)O[C@@]1(C)[C@H](O)[C@@H](CO)O[C@]1(C)n1cnc2c(=O)[nH]cnc21,InosineOnly_gen3
O=c1[nH]cnc2c1ncn2[C@@H]1O[C@H](CO)[C@@H](O)[C@H]1O,CC(=O)OC[C@H]1O[C@](C)(n2cnc3c(=O)[nH]cnc32)[C@H](O)[C@@]1(C)O,InosineOnly_gen3
O=c1[nH]cnc2c1ncn2[C@@H]1O[C@H](CO)[C@@H](O)[C@H]1O,CCc1nc2c(ncn2[C@@H]2O[C@H](COC(C)=O)[C@@H](O)[C@H]2O)c(=O)[nH]1,InosineOnly_gen3
O=c1[nH]cnc2c1ncn2[C@@H]1O[C@H](CO)[C@@H](O)[C@H]1O,CC(=O)OC(=O)[C@H]1O[C@@H](n2c[n+](C)c3c(=O)[nH]cnc32)[C@H](O)[C@@H]1O,InosineOnly_gen3
O=c1[nH]cnc2c1ncn2[C@@H]1O[C@H](CO)[C@@H](O)[C@H]1O,CC(=O)OC[C@]1(C)O[C@@H](n2c[n+](C)c3c(=O)[nH]cnc32)[C@H](O)[C@@H]1O,InosineOnly_gen3
O=c1[nH]cnc2c1ncn2[C@@H]1O[C@H](CO)[C@@H](O)[C@H]1O,CC(=O)O[C@@]1(C)[C@H](O)[C@@H](CO)O[C@H]1n1c[n+](C)c2c(=O)[nH]cnc21,InosineOnly_gen3
O=c1[nH]cnc2c1ncn2[C@@H]1O[C@H](CO)[C@@H](O)[C@H]1O,CC(=O)OC[C@H]1O[C@@H](n2c[n+](C)c3c(=O)[nH]c(C)nc32)[C@H](O)[C@@H]1O,InosineOnly_gen3
O=c1[nH]cnc2c1ncn2[C@@H]1O[C@H](CO)[C@@H](O)[C@H]1O,CC(=O)O[C@@H]1[C@@H](CO)O[C@@H](n2c[n+](C)c3c(=O)[nH]cnc32)[C@@]1(C)O,InosineOnly_gen3
O=c1[nH]cnc2c1ncn2[C@@H]1O[C@H](CO)[C@@H](O)[C@H]1O,CC(=O)OC[C@H]1O[C@@H](n2c[n+](C)c3c(=O)[nH]cnc32)[C@H](O)[C@@]1(C)O,InosineOnly_gen3
O=c1[nH]cnc2c1ncn2[C@@H]1O[C@H](CO)[C@@H](O)[C@H]1O,CC[n+]1cn([C@@H]2O[C@H](CO)[C@@H](O)[C@H]2OC(C)=O)c2nc[nH]c(=O)c21,InosineOnly_gen3
O=c1[nH]cnc2c1ncn2[C@@H]1O[C@H](CO)[C@@H](O)[C@H]1O,CC(=O)O[C@H]1[C@@H](O)[C@H](n2c(C)[n+](C)c3c(=O)[nH]cnc32)O[C@@H]1CO,InosineOnly_gen3
O=c1[nH]cnc2c1ncn2[C@@H]1O[C@H](CO)[C@@H](O)[C@H]1O,COC[C@H]1O[C@@H](n2c[n+](C)c3c(=O)[nH]cnc32)[C@H](OC(C)=O)[C@@H]1O,InosineOnly_gen3
O=c1[nH]cnc2c1ncn2[C@@H]1O[C@H](CO)[C@@H](O)[C@H]1O,CC(=O)O[C@@H]1[C@H](O)[C@@H](CO)O[C@H]1n1c[n+](C)c2c(=O)[nH]c(C)nc21,InosineOnly_gen3
O=c1[nH]cnc2c1ncn2[C@@H]1O[C@H](CO)[C@@H](O)[C@H]1O,CC(=O)O[C@H]1[C@@H](O)[C@H](n2c[n+](C)c3c(=O)n(C)cnc32)O[C@@H]1CO,InosineOnly_gen3
O=c1[nH]cnc2c1ncn2[C@@H]1O[C@H](CO)[C@@H](O)[C@H]1O,CC(=O)O[C@@H]1[C@H](O)[C@@H](CO)O[C@]1(C)n1c[n+](C)c2c(=O)[nH]cnc21,InosineOnly_gen3
O=c1[nH]cnc2c1ncn2[C@@H]1O[C@H](CO)[C@@H](O)[C@H]1O,CC(=O)OC(C)[C@H]1O[C@@H](n2c[n+](C)c3c(=O)[nH]cnc32)[C@H](O)[C@@H]1O,InosineOnly_gen3
O=c1[nH]cnc2c1ncn2[C@@H]1O[C@H](CO)[C@@H](O)[C@H]1O,O=COC(=O)O[C@@H]1[C@H](O)[C@@H](CO)O[C@H]1n1cnc2c(=O)[nH]cnc21,InosineOnly_gen3
O=c1[nH]cnc2c1ncn2[C@@H]1O[C@H](CO)[C@@H](O)[C@H]1O,O=C(CO)OC(=O)[C@H]1O[C@@H](n2cnc3c(=O)[nH]cnc32)[C@H](O)[C@@H]1O,InosineOnly_gen3
O=c1[nH]cnc2c1ncn2[C@@H]1O[C@H](CO)[C@@H](O)[C@H]1O,O=C(CO)O[C@@H]1[C@H](O)[C@@H](C(=O)O)O[C@H]1n1cnc2c(=O)[nH]cnc21,InosineOnly_gen3
O=c1[nH]cnc2c1ncn2[C@@H]1O[C@H](CO)[C@@H](O)[C@H]1O,COC(=O)OC[C@H]1O[C@@H](n2cnc3c(=O)[nH]cnc32)[C@H](O)[C@@H]1OC,InosineOnly_gen3
O=c1[nH]cnc2c1ncn2[C@@H]1O[C@H](CO)[C@@H](O)[C@H]1O,O=C(O)CCO[C@H]1[C@@H](O)[C@H](n2cnc3c(=O)[nH]cnc32)O[C@@H]1CO,InosineOnly_gen3
O=c1[nH]cnc2c1ncn2[C@@H]1O[C@H](CO)[C@@H](O)[C@H]1O,COC(=O)O[C@@H]1[C@H](O)[C@@H](C(C)O)O[C@H]1n1cnc2c(=O)[nH]cnc21,InosineOnly_gen3
O=c1[nH]cnc2c1ncn2[C@@H]1O[C@H](CO)[C@@H](O)[C@H]1O,CC(O)[C@H]1O[C@@H](n2cnc3c(=O)[nH]cnc32)[C@H](O)[C@@H]1OC(C)(C)O,InosineOnly_gen3
O=c1[nH]cnc2c1ncn2[C@@H]1O[C@H](CO)[C@@H](O)[C@H]1O,O=C(O)[C@H]1O[C@@H](n2cnc3c(=O)[nH]cnc32)[C@H](O)[C@@H]1OC(O)CO,InosineOnly_gen3
O=c1[nH]cnc2c1ncn2[C@@H]1O[C@H](CO)[C@@H](O)[C@H]1O,COC(CO)O[C@@H]1[C@H](O)[C@@H](CO)O[C@H]1n1cnc2c(=O)[nH]cnc21,InosineOnly_gen3
O=c1[nH]cnc2c1ncn2[C@@H]1O[C@H](CO)[C@@H](O)[C@H]1O,CO[C@H]1[C@@H](OC(O)CO)[C@H](n2cnc3c(=O)[nH]cnc32)O[C@@H]1CO,InosineOnly_gen3
O=c1[nH]cnc2c1ncn2[C@@H]1O[C@H](CO)[C@@H](O)[C@H]1O,CC(O)O[C@@H]1[C@H](O)[C@@H](C(O)CO)O[C@H]1n1cnc2c(=O)[nH]cnc21,InosineOnly_gen3
O=c1[nH]cnc2c1ncn2[C@@H]1O[C@H](CO)[C@@H](O)[C@H]1O,Cc1nc2c(ncn2[C@@H]2O[C@H](COC(O)CO)[C@@H](O)[C@H]2O)c(=O)[nH]1,InosineOnly_gen3
O=c1[nH]cnc2c1ncn2[C@@H]1O[C@H](CO)[C@@H](O)[C@H]1O,COC(CO)OC[C@H]1O[C@@H](n2cnc3c(=O)[nH]cnc32)[C@H](O)[C@@H]1O,InosineOnly_gen3
O=c1[nH]cnc2c1ncn2[C@@H]1O[C@H](CO)[C@@H](O)[C@H]1O,CC(O)OC(C)(O)[C@H]1O[C@@H](n2cnc3c(=O)[nH]cnc32)[C@H](O)[C@@H]1O,InosineOnly_gen3
O=c1[nH]cnc2c1ncn2[C@@H]1O[C@H](CO)[C@@H](O)[C@H]1O,C[C@@]1(CO)O[C@@H](n2cnc3c(=O)[nH]cnc32)[C@H](OC(O)CO)[C@@H]1O,InosineOnly_gen3
O=c1[nH]cnc2c1ncn2[C@@H]1O[C@H](CO)[C@@H](O)[C@H]1O,C[n+]1cn([C@@H]2O[C@H](COC(O)CO)[C@@H](O)[C@H]2O)c2nc[nH]c(=O)c21,InosineOnly_gen3
O=c1[nH]cnc2c1ncn2[C@@H]1O[C@H](CO)[C@@H](O)[C@H]1O,O=C(O)[C@H]1O[C@@H](n2cnc3c(=O)[nH]cnc32)[C@@H]2OP(=O)(O)O[C@@H]21,InosineOnly_gen3
O=c1[nH]cnc2c1ncn2[C@@H]1O[C@H](CO)[C@@H](O)[C@H]1O,COC[C@H]1O[C@@H](n2cnc3c(=O)[nH]cnc32)[C@@H]2OP(=O)(O)O[C@@H]21,InosineOnly_gen3
O=c1[nH]cnc2c1ncn2[C@@H]1O[C@H](CO)[C@@H](O)[C@H]1O,O=c1[nH]cnc2c1ncn2[C@@H]1O[C@H](COC(O)(O)CO)[C@@H](O)[C@H]1O,InosineOnly_gen3
O=c1[nH]cnc2c1ncn2[C@@H]1O[C@H](CO)[C@@H](O)[C@H]1O,C[n+]1cn([C@@H]2O[C@@H]3COP(=O)(O)O[C@@H]2[C@@H]3O)c2nc[nH]c(=O)c21,InosineOnly_gen3
O=c1[nH]cnc2c1ncn2[C@@H]1O[C@H](CO)[C@@H](O)[C@H]1O,C[n+]1cn([C@@H]2O[C@H](CO)[C@H]3OP(=O)(O)O[C@H]32)c2nc[nH]c(=O)c21,InosineOnly_gen3
O=c1[nH]cnc2c1ncn2[C@@H]1O[C@H](CO)[C@@H](O)[C@H]1O,O=c1[nH]cnc2c1ncn2[C@@H]1O[C@H](COP(=O)(O)O)[C@@]2(O)O[C@@H]12,InosineOnly_gen3
O=c1[nH]cnc2c1ncn2[C@@H]1O[C@H](CO)[C@@H](O)[C@H]1O,O=c1[nH]cnc2c1ncn2[C@@H]1O[C@H](CO)[C@H]2O[C@]21OP(=O)(O)O,InosineOnly_gen3
O=c1[nH]cnc2c1ncn2[C@@H]1O[C@H](CO)[C@@H](O)[C@H]1O,O=c1[nH]cnc2c1ncn2[C@]12O[C@@H]1[C@H](OP(=O)(O)O)[C@@H](CO)O2,InosineOnly_gen3
O=c1[nH]cnc2c1ncn2[C@@H]1O[C@H](CO)[C@@H](O)[C@H]1O,O=c1[nH]cnc2c1ncn2[C@]12O[C@@H]1[C@H](O)[C@@H](COP(=O)(O)O)O2,InosineOnly_gen3
O=c1[nH]cnc2c1ncn2[C@@H]1O[C@H](CO)[C@@H](O)[C@H]1O,O=c1[nH]c2nc3c1ncn3[C@@H]1O[C@H](COP(=O)(O)O)[C@@H](O2)[C@H]1O,InosineOnly_gen3
O=c1[nH]cnc2c1ncn2[C@@H]1O[C@H](CO)[C@@H](O)[C@H]1O,O=c1[nH]cnc2c1nc1n2[C@@H]2O[C@H](CO)[C@@H](O1)[C@H]2OP(=O)(O)O,InosineOnly_gen3
O=c1[nH]cnc2c1ncn2[C@@H]1O[C@H](CO)[C@@H](O)[C@H]1O,O=c1[nH]c2nc3c1ncn3[C@@H]1O[C@H](CO)[C@@H](O2)[C@H]1OP(=O)(O)O,InosineOnly_gen3
O=c1[nH]cnc2c1ncn2[C@@H]1O[C@H](CO)[C@@H](O)[C@H]1O,O=c1[nH]cnc2c1ncn2[C@@H]1O[C@]2(COP(=O)(O)O)O[C@H]2[C@H]1O,InosineOnly_gen3
O=c1[nH]cnc2c1ncn2[C@@H]1O[C@H](CO)[C@@H](O)[C@H]1O,O=c1[nH]cnc2c1ncn2[C@]12O[C@@H]([C@H]1O)[C@@H](COS(=O)(=O)O)O2,InosineOnly_gen3
O=c1[nH]cnc2c1ncn2[C@@H]1O[C@H](CO)[C@@H](O)[C@H]1O,O=c1[nH]c2nc3c1ncn3[C@@H]1O[C@H](CO)[C@@H](OS(=O)(=O)O)[C@H]1O2,InosineOnly_gen3
O=c1[nH]cnc2c1ncn2[C@@H]1O[C@H](CO)[C@@H](O)[C@H]1O,O=c1[nH]cnc2c1nc1n2[C@@H]2O[C@H](COS(=O)(=O)O)[C@@H](O1)[C@H]2O,InosineOnly_gen3
O=c1[nH]cnc2c1ncn2[C@@H]1O[C@H](CO)[C@@H](O)[C@H]1O,O=c1[nH]cnc2c1ncn2[C@@H]1O[C@]2(COS(=O)(=O)O)O[C@@H]1[C@@H]2O,InosineOnly_gen3
O=c1[nH]cnc2c1ncn2[C@@H]1O[C@H](CO)[C@@H](O)[C@H]1O,O=c1[nH]cnc2c1ncn2[C@@H]1O[C@H](CO)[C@@H](OP(=O)(O)O)[C@H]1O,InosineOnly_gen3
O=c1[nH]cnc2c1ncn2[C@@H]1O[C@H](CO)[C@@H](O)[C@H]1O,O=c1[nH]cnc2c1[nH+]cn2[C@@H]1O[C@H](COP(=O)(O)O)[C@@H](O)[C@H]1O,InosineOnly_gen3
O=c1[nH]cnc2c1ncn2[C@@H]1O[C@H](CO)[C@@H](O)[C@H]1O,O=c1[nH]cnc2c1[nH+]cn2[C@@H]1O[C@H](CO)[C@@H](O)[C@H]1OS(=O)(=O)O,InosineOnly_gen3
O=c1[nH]cnc2c1ncn2[C@@H]1O[C@H](CO)[C@@H](O)[C@H]1O,CC(O)(C#N)O[C@H]1[C@@H](O)[C@H](n2cnc3c(=O)[nH]cnc32)O[C@@H]1C(=O)O,InosineOnly_gen3
O=c1[nH]cnc2c1ncn2[C@@H]1O[C@H](CO)[C@@H](O)[C@H]1O,CC(=O)O[C@@H]1[C@H](O)[C@@H](C(O)(O)C#N)O[C@H]1n1cnc2c(=O)[nH]cnc21,InosineOnly_gen3
O=c1[nH]cnc2c1ncn2[C@@H]1O[C@H](CO)[C@@H](O)[C@H]1O,Cc1nc2c(=O)[nH]cnc2n1[C@@H]1O[C@H](CO)[C@@H](O)[C@H]1OC(C)(O)C#N,InosineOnly_gen3
O=c1[nH]cnc2c1ncn2[C@@H]1O[C@H](CO)[C@@H](O)[C@H]1O,CC(O)(C#N)O[C@H]1[C@@H](O)[C@@](C)(n2cnc3c(=O)[nH]cnc32)O[C@@H]1CO,InosineOnly_gen3
O=c1[nH]cnc2c1ncn2[C@@H]1O[C@H](CO)[C@@H](O)[C@H]1O,CC(OC(C)(O)C#N)[C@H]1O[C@@H](n2cnc3c(=O)[nH]cnc32)[C@H](O)[C@@H]1O,InosineOnly_gen3
O=c1[nH]cnc2c1ncn2[C@@H]1O[C@H](CO)[C@@H](O)[C@H]1O,Cc1nc2c(ncn2[C@@H]2O[C@H](COC(C)(O)C#N)[C@@H](O)[C@H]2O)c(=O)[nH]1,InosineOnly_gen3
O=c1[nH]cnc2c1ncn2[C@@H]1O[C@H](CO)[C@@H](O)[C@H]1O,CO[C@H]1[C@@H](O)[C@H](n2cnc3c(=O)[nH]cnc32)O[C@@H]1COC(C)(O)C#N,InosineOnly_gen3
O=c1[nH]cnc2c1ncn2[C@@H]1O[C@H](CO)[C@@H](O)[C@H]1O,CC(O)(C#N)OC[C@]1(C)O[C@@H](n2cnc3c(=O)[nH]cnc32)[C@H](O)[C@@H]1O,InosineOnly_gen3
O=c1[nH]cnc2c1ncn2[C@@H]1O[C@H](CO)[C@@H](O)[C@H]1O,CC(O)(C#N)O[C@@]1(C)[C@@H](CO)O[C@@H](n2cnc3c(=O)[nH]cnc32)[C@@H]1O,InosineOnly_gen3
O=c1[nH]cnc2c1ncn2[C@@H]1O[C@H](CO)[C@@H](O)[C@H]1O,COC(C)(C#N)O[C@H]1[C@@H](O)[C@H](n2cnc3c(=O)[nH]cnc32)O[C@@H]1CO,InosineOnly_gen3
O=c1[nH]cnc2c1ncn2[C@@H]1O[C@H](CO)[C@@H](O)[C@H]1O,CO[C@H]1[C@@H](OC(C)(O)C#N)[C@H](n2cnc3c(=O)[nH]cnc32)O[C@@H]1CO,InosineOnly_gen3
O=c1[nH]cnc2c1ncn2[C@@H]1O[C@H](CO)[C@@H](O)[C@H]1O,CC(O)(C#N)O[C@@H]1[C@@H](CO)O[C@@H](n2cnc3c(=O)[nH]cnc32)[C@@]1(C)O,InosineOnly_gen3
O=c1[nH]cnc2c1ncn2[C@@H]1O[C@H](CO)[C@@H](O)[C@H]1O,CC(O)[C@H]1O[C@@H](n2cnc3c(=O)[nH]cnc32)[C@H](OC(C)(O)C#N)[C@@H]1O,InosineOnly_gen3
O=c1[nH]cnc2c1ncn2[C@@H]1O[C@H](CO)[C@@H](O)[C@H]1O,CC(=O)OC[C@H]1O[C@@H](n2cnc3c(=O)[nH]c(C)nc32)[C@H](O)[C@@H]1OC=O,InosineOnly_gen3
O=c1[nH]cnc2c1ncn2[C@@H]1O[C@H](CO)[C@@H](O)[C@H]1O,CC(=O)OC(C)O[C@H]1[C@H]2O[C@@]1(CO)O[C@H]2n1cnc2c(=O)[nH]cnc21,InosineOnly_gen3
O=c1[nH]cnc2c1ncn2[C@@H]1O[C@H](CO)[C@@H](O)[C@H]1O,CC(=O)O[C@@H]1[C@H](OC(C)O)[C@H]2COc3nc4c(ncn4[C@@H]1O2)c(=O)[nH]3,InosineOnly_gen3
O=c1[nH]cnc2c1ncn2[C@@H]1O[C@H](CO)[C@@H](O)[C@H]1O,CC(=O)OC[C@H]1O[C@@]2(n3cnc4c(=O)[nH]cnc43)O[C@@H]2[C@@H]1OC(C)O,InosineOnly_gen3
O=c1[nH]cnc2c1ncn2[C@@H]1O[C@H](CO)[C@@H](O)[C@H]1O,CC(=O)n1cnc2c(ncn2[C@@H]2O[C@]3(CO)O[C@@H]2[C@@H]3OC(C)O)c1=O,InosineOnly_gen3
O=c1[nH]cnc2c1ncn2[C@@H]1O[C@H](CO)[C@@H](O)[C@H]1O,CC(=O)O[C@@H]1[C@@H]2OCC(O)n3cnc4c(ncn4[C@@H]1O[C@@H]2CO)c3=O,InosineOnly_gen3
O=c1[nH]cnc2c1ncn2[C@@H]1O[C@H](CO)[C@@H](O)[C@H]1O,CC(=O)O[C@H]1[C@H]2O[C@@]1(COC(C)O)O[C@H]2n1cnc2c(=O)[nH]cnc21,InosineOnly_gen3
O=c1[nH]cnc2c1ncn2[C@@H]1O[C@H](CO)[C@@H](O)[C@H]1O,CC(=O)n1cnc2c(ncn2[C@@H]2O[C@@H]3C(OC(C)O)O[C@@H]2[C@@H]3O)c1=O,InosineOnly_gen3
O=c1[nH]cnc2c1ncn2[C@@H]1O[C@H](CO)[C@@H](O)[C@H]1O,CC(=O)n1cnc2c(ncn2[C@@]23OC[C@@H](O2)[C@@H](O)[C@H]3OC(C)O)c1=O,InosineOnly_gen3
O=c1[nH]cnc2c1ncn2[C@@H]1O[C@H](CO)[C@@H](O)[C@H]1O,CC(=O)OC[C@H]1O[C@@H]2[C@H](Oc3nc4c(ncn42)c(=O)[nH]3)[C@@H]1OC(C)O,InosineOnly_gen3
O=c1[nH]cnc2c1ncn2[C@@H]1O[C@H](CO)[C@@H](O)[C@H]1O,CC(=O)n1cnc2c(ncn2[C@@H]2O[C@H](CO)[C@@H](O)[C@]2(C)OC=O)c1=O,InosineOnly_gen3
O=c1[nH]cnc2c1ncn2[C@@H]1O[C@H](CO)[C@@H](O)[C@H]1O,CC(=O)O[C@]12OC[C@@H](O[C@H]1n1cnc3c(=O)n(C(C)O)cnc31)[C@H]2O,InosineOnly_gen3
O=c1[nH]cnc2c1ncn2[C@@H]1O[C@H](CO)[C@@H](O)[C@H]1O,CC(=O)O[C@@H]1[C@H](OC=O)[C@@H](C(C)O)O[C@H]1n1cnc2c(=O)[nH]cnc21,InosineOnly_gen3
O=c1[nH]cnc2c1ncn2[C@@H]1O[C@H](CO)[C@@H](O)[C@H]1O,CC(=O)O[C@H]1[C@@H](O)[C@H]2O[C@@H]1COc1nc3c(=O)n(C(C)O)cnc3n12,InosineOnly_gen3
O=c1[nH]cnc2c1ncn2[C@@H]1O[C@H](CO)[C@@H](O)[C@H]1O,CC(=O)n1cnc2c(ncn2[C@@H]2O[C@H](CO)[C@@]3(OC(C)O)O[C@@H]23)c1=O,InosineOnly_gen3
O=c1[nH]cnc2c1ncn2[C@@H]1O[C@H](CO)[C@@H](O)[C@H]1O,CC(=O)OC[C@H]1O[C@@H](n2cnc3c(=O)n(C=O)c(C)nc32)[C@H](O)[C@@H]1O,InosineOnly_gen3
O=c1[nH]cnc2c1ncn2[C@@H]1O[C@H](CO)[C@@H](O)[C@H]1O,CC(=O)OC[C@H]1O[C@](C)(n2cnc3c(=O)[nH]cnc32)[C@H](OC=O)[C@@H]1O,InosineOnly_gen3
O=c1[nH]cnc2c1ncn2[C@@H]1O[C@H](CO)[C@@H](O)[C@H]1O,CC(=O)n1cnc2c(ncn2[C@@H]2O[C@H](COC=O)[C@](C)(O)[C@H]2O)c1=O,InosineOnly_gen3
O=c1[nH]cnc2c1ncn2[C@@H]1O[C@H](CO)[C@@H](O)[C@H]1O,CC(=O)O[C@@H]1[C@@H](COC=O)O[C@@H](n2cnc3c(=O)[nH]cnc32)[C@@]1(C)O,InosineOnly_gen3
O=c1[nH]cnc2c1ncn2[C@@H]1O[C@H](CO)[C@@H](O)[C@H]1O,CC(=O)O[C@H]1[C@H](n2cnc3c(=O)n(C=O)cnc32)O[C@@](C)(CO)[C@H]1O,InosineOnly_gen3
O=c1[nH]cnc2c1ncn2[C@@H]1O[C@H](CO)[C@@H](O)[C@H]1O,CC(=O)n1cnc2c(nc3n2[C@@H]2O[C@H](CO3)[C@@H](O)[C@H]2OC(C)O)c1=O,InosineOnly_gen3
O=c1[nH]cnc2c1ncn2[C@@H]1O[C@H](CO)[C@@H](O)[C@H]1O,CC(=O)OC[C@H]1O[C@@H]2[C@H](OC(C)O)[C@@H]1Oc1nc3c(=O)[nH]cnc3n12,InosineOnly_gen3
O=c1[nH]cnc2c1ncn2[C@@H]1O[C@H](CO)[C@@H](O)[C@H]1O,CC(=O)OC(C)O[C@@]12O[C@@H]1[C@@H](CO)O[C@H]2n1cnc2c(=O)[nH]cnc21,InosineOnly_gen3
O=c1[nH]cnc2c1ncn2[C@@H]1O[C@H](CO)[C@@H](O)[C@H]1O,CC(=O)n1cnc2c(ncn2[C@]23O[C@@H]([C@H]2OC(C)O)[C@@H](CO)O3)c1=O,InosineOnly_gen3
O=c1[nH]cnc2c1ncn2[C@@H]1O[C@H](CO)[C@@H](O)[C@H]1O,CC(=O)OC[C@H]1O[C@@]2(n3cnc4c(=O)n(C(C)O)cnc43)O[C@H]1[C@H]2O,InosineOnly_gen3
O=c1[nH]cnc2c1ncn2[C@@H]1O[C@H](CO)[C@@H](O)[C@H]1O,CC(=O)O[C@H]1[C@@H](O)[C@H](n2cnc3c(=O)n(C(C)O)cnc32)O[C@@]12CO2,InosineOnly_gen3
O=c1[nH]cnc2c1ncn2[C@@H]1O[C@H](CO)[C@@H](O)[C@H]1O,CC(O)n1cnc2c(ncn2[C@@H]2O[C@H](CO)[C@H]3OC(=O)CO[C@H]32)c1=O,InosineOnly_gen3
O=c1[nH]cnc2c1ncn2[C@@H]1O[C@H](CO)[C@@H](O)[C@H]1O,CC(=O)O[C@H]1[C@H]2OCC(O)OC[C@H]1O[C@H]2n1cnc2c(=O)[nH]cnc21,InosineOnly_gen3
O=c1[nH]cnc2c1ncn2[C@@H]1O[C@H](CO)[C@@H](O)[C@H]1O,CC(=O)O[C@H]1[C@H](n2cnc3c(=O)[nH]cnc32)O[C@@](C)(COC=O)[C@H]1O,InosineOnly_gen3
O=c1[nH]cnc2c1ncn2[C@@H]1O[C@H](CO)[C@@H](O)[C@H]1O,CC(=O)O[C@@]1(C)[C@H](OC=O)[C@@H](CO)O[C@H]1n1cnc2c(=O)[nH]cnc21,InosineOnly_gen3
O=c1[nH]cnc2c1ncn2[C@@H]1O[C@H](CO)[C@@H](O)[C@H]1O,CC(=O)n1cnc2c(ncn2[C@@H]2O[C@H](CO)[C@H]3OC(O)CO[C@H]32)c1=O,InosineOnly_gen3
O=c1[nH]cnc2c1ncn2[C@@H]1O[C@H](CO)[C@@H](O)[C@H]1O,CC(=O)OC[C@H]1O[C@@H](n2cnc3c(=O)[nH]cnc32)[C@@H]2OCC(O)O[C@@H]21,InosineOnly_gen3
O=c1[nH]cnc2c1ncn2[C@@H]1O[C@H](CO)[C@@H](O)[C@H]1O,CC(=O)O[C@@]1(C)[C@@H](COC=O)O[C@@H](n2cnc3c(=O)[nH]cnc32)[C@@H]1O,InosineOnly_gen3
O=c1[nH]cnc2c1ncn2[C@@H]1O[C@H](CO)[C@@H](O)[C@H]1O,CC(O)O[C@@H]1[C@H](O)[C@H]2COCC(=O)n3cnc4c(ncn4[C@@H]1O2)c3=O,InosineOnly_gen3
O=c1[nH]cnc2c1ncn2[C@@H]1O[C@H](CO)[C@@H](O)[C@H]1O,CC(=O)O[C@H]1[C@H](n2cnc3c(=O)n(C(C)O)cnc32)O[C@]2(CO)O[C@@H]12,InosineOnly_gen3
O=c1[nH]cnc2c1ncn2[C@@H]1O[C@H](CO)[C@@H](O)[C@H]1O,CC(=O)O[C@@H]1[C@H](O)[C@@H](CO)O[C@]1(C)n1cnc2c(=O)n(C=O)cnc21,InosineOnly_gen3
O=c1[nH]cnc2c1ncn2[C@@H]1O[C@H](CO)[C@@H](O)[C@H]1O,CC(=O)OC(C)O[C@H]1[C@@H](O)[C@H](n2cnc3c(=O)[nH]cnc32)O[C@@]12CO2,InosineOnly_gen3
O=c1[nH]cnc2c1ncn2[C@@H]1O[C@H](CO)[C@@H](O)[C@H]1O,CC(=O)OC[C@H]1O[C@@H]2[C@H](O)[C@@H]1Oc1nc3c(ncn32)c(=O)n1C(C)O,InosineOnly_gen3
O=c1[nH]cnc2c1ncn2[C@@H]1O[C@H](CO)[C@@H](O)[C@H]1O,CC(=O)O[C@@H]1[C@H](OC=O)[C@@H](CO)O[C@H]1n1c(C)nc2c(=O)[nH]cnc21,InosineOnly_gen3
O=c1[nH]cnc2c1ncn2[C@@H]1O[C@H](CO)[C@@H](O)[C@H]1O,CC(=O)OC[C@H]1O[C@@H](n2cnc3c(=O)n(C=O)cnc32)[C@H](O)[C@@]1(C)O,InosineOnly_gen3
O=c1[nH]cnc2c1ncn2[C@@H]1O[C@H](CO)[C@@H](O)[C@H]1O,CC(=O)O[C@H]1[C@H]2O[C@]2(n2cnc3c(=O)n(C(C)O)cnc32)O[C@@H]1CO,InosineOnly_gen3
O=c1[nH]cnc2c1ncn2[C@@H]1O[C@H](CO)[C@@H](O)[C@H]1O,CC(=O)OC[C@H]1O[C@@H](n2cnc3c(=O)n(C=O)cnc32)[C@@](C)(O)[C@@H]1O,InosineOnly_gen3
O=c1[nH]cnc2c1ncn2[C@@H]1O[C@H](CO)[C@@H](O)[C@H]1O,CC(O)O[C@@H]1[C@@H]2OCC(=O)n3cnc4c(ncn4[C@@H]1O[C@@H]2CO)c3=O,InosineOnly_gen3
O=c1[nH]cnc2c1ncn2[C@@H]1O[C@H](CO)[C@@H](O)[C@H]1O,CC(=O)O[C@H]1[C@H](n2cnc3c(=O)[nH]cnc32)O[C@@H]2CO[C@]21OC(C)O,InosineOnly_gen3
O=c1[nH]cnc2c1ncn2[C@@H]1O[C@H](CO)[C@@H](O)[C@H]1O,CC(=O)n1cnc2c(nc3n2[C@@H]2O[C@H](COC(C)O)[C@@H](O3)[C@H]2O)c1=O,InosineOnly_gen3
O=c1[nH]cnc2c1ncn2[C@@H]1O[C@H](CO)[C@@H](O)[C@H]1O,CC(=O)OC(C)OC[C@H]1O[C@@H](n2cnc3c(=O)[nH]cnc32)[C@]2(O)O[C@H]12,InosineOnly_gen3
O=c1[nH]cnc2c1ncn2[C@@H]1O[C@H](CO)[C@@H](O)[C@H]1O,CC(=O)n1cnc2c(ncn2[C@@H]2O[C@H](COC=O)[C@@H](O)[C@]2(C)O)c1=O,InosineOnly_gen3
O=c1[nH]cnc2c1ncn2[C@@H]1O[C@H](CO)[C@@H](O)[C@H]1O,CC(=O)OC(C)O[C@@H]1[C@@H]2O[C@]1(n1cnc3c(=O)[nH]cnc31)O[C@@H]2CO,InosineOnly_gen3
O=c1[nH]cnc2c1ncn2[C@@H]1O[C@H](CO)[C@@H](O)[C@H]1O,CC(=O)OC1O[C@@H]2[C@H](O)[C@@H]1O[C@H]2n1cnc2c(=O)n(C(C)O)cnc21,InosineOnly_gen3
O=c1[nH]cnc2c1ncn2[C@@H]1O[C@H](CO)[C@@H](O)[C@H]1O,CC(=O)O[C@@H]1[C@H](O)[C@@H](CO)O[C@H]1n1cnc2c(=O)n(C=O)c(C)nc21,InosineOnly_gen3
O=c1[nH]cnc2c1ncn2[C@@H]1O[C@H](CO)[C@@H](O)[C@H]1O,CCC(=O)n1cnc2c(ncn2[C@@H]2O[C@H](COC=O)[C@@H](O)[C@H]2O)c1=O,InosineOnly_gen3
O=c1[nH]cnc2c1ncn2[C@@H]1O[C@H](CO)[C@@H](O)[C@H]1O,CC(=O)O[C@@H]1[C@H](OC(C)O)[C@H]2CO[C@]1(n1cnc3c(=O)[nH]cnc31)O2,InosineOnly_gen3
O=c1[nH]cnc2c1ncn2[C@@H]1O[C@H](CO)[C@@H](O)[C@H]1O,CC(=O)n1cnc2c(ncn2[C@@H]2O[C@@H]3CO[C@@]3(OC(C)O)[C@H]2O)c1=O,InosineOnly_gen3
O=c1[nH]cnc2c1ncn2[C@@H]1O[C@H](CO)[C@@H](O)[C@H]1O,CC(=O)O[C@@H]1[C@H](OC=O)[C@@H](CO)O[C@]1(C)n1cnc2c(=O)[nH]cnc21,InosineOnly_gen3
O=c1[nH]cnc2c1ncn2[C@@H]1O[C@H](CO)[C@@H](O)[C@H]1O,CC(=O)O[C@H]1[C@H]2OC(OC(C)O)[C@H]1O[C@H]2n1cnc2c(=O)[nH]cnc21,InosineOnly_gen3
O=c1[nH]cnc2c1ncn2[C@@H]1O[C@H](CO)[C@@H](O)[C@H]1O,CC(=O)O[C@H]1[C@@H](OC=O)[C@H](n2cnc3c(=O)[nH]c(C)nc32)O[C@@H]1CO,InosineOnly_gen3
O=c1[nH]cnc2c1ncn2[C@@H]1O[C@H](CO)[C@@H](O)[C@H]1O,CC(=O)n1cnc2c(ncn2[C@@H]2O[C@@H]3C(O)O[C@H]3[C@H]2OC(C)O)c1=O,InosineOnly_gen3
O=c1[nH]cnc2c1ncn2[C@@H]1O[C@H](CO)[C@@H](O)[C@H]1O,CC(=O)O[C@H]1[C@@H](O)[C@]2(n3cnc4c(=O)n(C(C)O)cnc43)OC[C@H]1O2,InosineOnly_gen3
O=c1[nH]cnc2c1ncn2[C@@H]1O[C@H](CO)[C@@H](O)[C@H]1O,CC(=O)OC[C@]12O[C@@H]([C@H](n3cnc4c(=O)n(C(C)O)cnc43)O1)[C@@H]2O,InosineOnly_gen3
O=c1[nH]cnc2c1ncn2[C@@H]1O[C@H](CO)[C@@H](O)[C@H]1O,CC(=O)n1c2nc3c(ncn3[C@@H]3O[C@H](CO)[C@@H](OC(C)O)[C@H]3O2)c1=O,InosineOnly_gen3
O=c1[nH]cnc2c1ncn2[C@@H]1O[C@H](CO)[C@@H](O)[C@H]1O,CC(=O)O[C@@]12O[C@@H]1[C@@H](CO)O[C@H]2n1cnc2c(=O)n(C(C)O)cnc21,InosineOnly_gen3
O=c1[nH]cnc2c1ncn2[C@@H]1O[C@H](CO)[C@@H](O)[C@H]1O,CC(=O)O[C@H]1[C@@H](O)[C@H](n2cnc3c(=O)[nH]cnc32)O[C@@H]1C(C)OC=O,InosineOnly_gen3
O=c1[nH]cnc2c1ncn2[C@@H]1O[C@H](CO)[C@@H](O)[C@H]1O,CC(=O)OC[C@]12O[C@@H](n3cnc4c(=O)[nH]cnc43)[C@H](OC(C)O)[C@@H]1O2,InosineOnly_gen3
O=c1[nH]cnc2c1ncn2[C@@H]1O[C@H](CO)[C@@H](O)[C@H]1O,CC(=O)O[C@@H]1[C@@H]2OC(O)[C@H]2O[C@H]1n1cnc2c(=O)n(C(C)O)cnc21,InosineOnly_gen3
O=c1[nH]cnc2c1ncn2[C@@H]1O[C@H](CO)[C@@H](O)[C@H]1O,CC(=O)O[C@@H]1[C@H](O)[C@@H](C(C)O)O[C@H]1n1cnc2c(=O)n(C=O)cnc21,InosineOnly_gen3
O=c1[nH]cnc2c1ncn2[C@@H]1O[C@H](CO)[C@@H](O)[C@H]1O,CC(=O)n1c2nc3c(ncn3[C@@H]3O[C@H](CO2)[C@@H](O)[C@H]3OC(C)O)c1=O,InosineOnly_gen3
O=c1[nH]cnc2c1ncn2[C@@H]1O[C@H](CO)[C@@H](O)[C@H]1O,CC(=O)n1cnc2c(ncn2[C@@]2(C)O[C@H](CO)[C@@H](O)[C@H]2OC=O)c1=O,InosineOnly_gen3
O=c1[nH]cnc2c1ncn2[C@@H]1O[C@H](CO)[C@@H](O)[C@H]1O,CC(=O)n1cnc2c(ncn2[C@@H]2O[C@@H]3COC(O)CO[C@H]3[C@H]2O)c1=O,InosineOnly_gen3
O=c1[nH]cnc2c1ncn2[C@@H]1O[C@H](CO)[C@@H](O)[C@H]1O,CC(=O)O[C@@]12OC[C@H]1O[C@@H](n1cnc3c(=O)n(C(C)O)cnc31)[C@@H]2O,InosineOnly_gen3
O=c1[nH]cnc2c1ncn2[C@@H]1O[C@H](CO)[C@@H](O)[C@H]1O,CC(O)O[C@@H]1[C@@H]2OCC(=O)OC[C@H]2O[C@H]1n1cnc2c(=O)[nH]cnc21,InosineOnly_gen3
O=c1[nH]cnc2c1ncn2[C@@H]1O[C@H](CO)[C@@H](O)[C@H]1O,CC(=O)n1cnc2c(ncn2[C@@H]2O[C@H](COC(C)O)[C@H]3O[C@]32O)c1=O,InosineOnly_gen3
O=c1[nH]cnc2c1ncn2[C@@H]1O[C@H](CO)[C@@H](O)[C@H]1O,CC(=O)n1cnc2c(nc3n2[C@@H]2O[C@H](CO)[C@@H](OC(C)O)[C@H]2O3)c1=O,InosineOnly_gen3
O=c1[nH]cnc2c1ncn2[C@@H]1O[C@H](CO)[C@@H](O)[C@H]1O,CC(=O)n1c(C)nc2c(ncn2[C@@H]2O[C@H](CO)[C@@H](OC=O)[C@H]2O)c1=O,InosineOnly_gen3
O=c1[nH]cnc2c1ncn2[C@@H]1O[C@H](CO)[C@@H](O)[C@H]1O,CC(=O)n1cnc2c(ncn2[C@@H]2O[C@]3(COC(C)O)O[C@H]3[C@H]2O)c1=O,InosineOnly_gen3
O=c1[nH]cnc2c1ncn2[C@@H]1O[C@H](CO)[C@@H](O)[C@H]1O,CC(=O)n1cnc2c(ncn2[C@@H]2O[C@@](C)(CO)[C@@H](O)[C@H]2OC=O)c1=O,InosineOnly_gen3
O=c1[nH]cnc2c1ncn2[C@@H]1O[C@H](CO)[C@@H](O)[C@H]1O,CC(=O)n1cnc2c(ncn2[C@@H]2O[C@H](C(C)O)[C@@H](OC=O)[C@H]2O)c1=O,InosineOnly_gen3
O=c1[nH]cnc2c1ncn2[C@@H]1O[C@H](CO)[C@@H](O)[C@H]1O,CC(=O)OC[C@H]1O[C@@H]2[C@H](OCC(O)n3cnc4c(ncn42)c3=O)[C@@H]1O,InosineOnly_gen3
O=c1[nH]cnc2c1ncn2[C@@H]1O[C@H](CO)[C@@H](O)[C@H]1O,CC(=O)n1cnc2c(ncn2[C@]23O[C@@H]2[C@H](O)[C@@H](COC(C)O)O3)c1=O,InosineOnly_gen3
O=c1[nH]cnc2c1ncn2[C@@H]1O[C@H](CO)[C@@H](O)[C@H]1O,CC(=O)n1cnc2c(ncn2[C@@H]2O[C@@H]3CO[C@@]3(O)[C@H]2OC(C)O)c1=O,InosineOnly_gen3
O=c1[nH]cnc2c1ncn2[C@@H]1O[C@H](CO)[C@@H](O)[C@H]1O,CCC(=O)O[C@H]1[C@@H](O)[C@H](n2cnc3c(=O)[nH]cnc32)O[C@@H]1COC=O,InosineOnly_gen3
O=c1[nH]cnc2c1ncn2[C@@H]1O[C@H](CO)[C@@H](O)[C@H]1O,CC(=O)OC[C@H]1O[C@@H](n2c(C)nc3c(=O)[nH]cnc32)[C@H](O)[C@@H]1OC=O,InosineOnly_gen3
O=c1[nH]cnc2c1ncn2[C@@H]1O[C@H](CO)[C@@H](O)[C@H]1O,CC(=O)n1c2nc3c(ncn3[C@@H]3O[C@H](COC(C)O)[C@@H](O2)[C@H]3O)c1=O,InosineOnly_gen3
O=c1[nH]cnc2c1ncn2[C@@H]1O[C@H](CO)[C@@H](O)[C@H]1O,CC(=O)O[C@@H]1[C@@H]2Oc3nc4c(ncn4[C@@H]1O[C@@H]2CO)c(=O)n3C(C)O,InosineOnly_gen3
O=c1[nH]cnc2c1ncn2[C@@H]1O[C@H](CO)[C@@H](O)[C@H]1O,CCC(=O)O[C@H]1[C@@H](O)[C@H](n2cnc3c(=O)n(C=O)cnc32)O[C@@H]1CO,InosineOnly_gen3
O=c1[nH]cnc2c1ncn2[C@@H]1O[C@H](CO)[C@@H](O)[C@H]1O,CC(=O)OC1CO[C@@H]2[C@H](O1)[C@@H](CO)O[C@H]2n1cnc2c(=O)[nH]cnc21,InosineOnly_gen3
O=c1[nH]cnc2c1ncn2[C@@H]1O[C@H](CO)[C@@H](O)[C@H]1O,CC(=O)OC(C)[C@H]1O[C@@H](n2cnc3c(=O)n(C=O)cnc32)[C@H](O)[C@@H]1O,InosineOnly_gen3
O=c1[nH]cnc2c1ncn2[C@@H]1O[C@H](CO)[C@@H](O)[C@H]1O,CC(O)OC[C@H]1O[C@@H]2[C@H](O)[C@@H]1OCC(=O)n1cnc3c(ncn32)c1=O,InosineOnly_gen3
O=c1[nH]cnc2c1ncn2[C@@H]1O[C@H](CO)[C@@H](O)[C@H]1O,CC(=O)n1cnc2c(ncn2[C@@H]2O[C@H](C(C)OC=O)[C@@H](O)[C@H]2O)c1=O,InosineOnly_gen3
O=c1[nH]cnc2c1ncn2[C@@H]1O[C@H](CO)[C@@H](O)[C@H]1O,CC(=O)OC1COC[C@H]2O[C@@H](n3cnc4c(=O)[nH]cnc43)[C@H](O)[C@@H]2O1,InosineOnly_gen3
O=c1[nH]cnc2c1ncn2[C@@H]1O[C@H](CO)[C@@H](O)[C@H]1O,CCC(=O)n1cnc2c(ncn2[C@@H]2O[C@H](CO)[C@@H](O)[C@H]2OC=O)c1=O,InosineOnly_gen3
O=c1[nH]cnc2c1ncn2[C@@H]1O[C@H](CO)[C@@H](O)[C@H]1O,CC(=O)O[C@H]1[C@H](n2cnc3c(=O)n(C=O)cnc32)O[C@H](CO)[C@]1(C)O,InosineOnly_gen3
O=c1[nH]cnc2c1ncn2[C@@H]1O[C@H](CO)[C@@H](O)[C@H]1O,CC(=O)OC(C)O[C@H]1[C@@H](O)[C@H]2O[C@@H]1COc1nc3c(=O)[nH]cnc3n12,InosineOnly_gen3
O=c1[nH]cnc2c1ncn2[C@@H]1O[C@H](CO)[C@@H](O)[C@H]1O,CC(=O)n1cnc2c(nc(C)n2[C@@H]2O[C@H](COC=O)[C@@H](O)[C@H]2O)c1=O,InosineOnly_gen3
O=c1[nH]cnc2c1ncn2[C@@H]1O[C@H](CO)[C@@H](O)[C@H]1O,CC(=O)n1cnc2c(ncn2[C@@H]2O[C@H](CO)[C@@H](OC=O)[C@]2(C)O)c1=O,InosineOnly_gen3
O=c1[nH]cnc2c1ncn2[C@@H]1O[C@H](CO)[C@@H](O)[C@H]1O,CC(=O)O[C@H]1[C@@H](O)[C@H]2O[C@@H]1COc1nc3c(ncn32)c(=O)n1C(C)O,InosineOnly_gen3
O=c1[nH]cnc2c1ncn2[C@@H]1O[C@H](CO)[C@@H](O)[C@H]1O,CC(=O)OC(C)OC[C@H]1O[C@@H]2[C@H](O)[C@@H]1Oc1nc3c(ncn32)c(=O)[nH]1,InosineOnly_gen3
O=c1[nH]cnc2c1ncn2[C@@H]1O[C@H](CO)[C@@H](O)[C@H]1O,CC(=O)O[C@@H]1[C@H]2CO[C@@]1(O)[C@H](n1cnc3c(=O)n(C(C)O)cnc31)O2,InosineOnly_gen3
O=c1[nH]cnc2c1ncn2[C@@H]1O[C@H](CO)[C@@H](O)[C@H]1O,CC(=O)OC[C@H]1O[C@@H](n2cnc3c(=O)[nH]cnc32)[C@H](OC=O)[C@@]1(C)O,InosineOnly_gen3
O=c1[nH]cnc2c1ncn2[C@@H]1O[C@H](CO)[C@@H](O)[C@H]1O,CC(=O)O[C@@]1(C)[C@H](O)[C@@H](CO)O[C@H]1n1cnc2c(=O)n(C=O)cnc21,InosineOnly_gen3
O=c1[nH]cnc2c1ncn2[C@@H]1O[C@H](CO)[C@@H](O)[C@H]1O,CC(=O)O[C@@H]1[C@@H]2Oc3nc4c(=O)n(C(C)O)cnc4n3[C@@H]1O[C@@H]2CO,InosineOnly_gen3
O=c1[nH]cnc2c1ncn2[C@@H]1O[C@H](CO)[C@@H](O)[C@H]1O,CC(=O)O[C@@H]1[C@H](O)[C@@H](CO)O[C@H]1n1c(C)nc2c(=O)n(C=O)cnc21,InosineOnly_gen3
O=c1[nH]cnc2c1ncn2[C@@H]1O[C@H](CO)[C@@H](O)[C@H]1O,CC(=O)O[C@@H]1[C@H](O)[C@H]2COCC(O)n3cnc4c(ncn4[C@@H]1O2)c3=O,InosineOnly_gen3
O=c1[nH]cnc2c1ncn2[C@@H]1O[C@H](CO)[C@@H](O)[C@H]1O,CC(=O)OC[C@H]1O[C@@H](n2c(C)nc3c(=O)n(C=O)cnc32)[C@H](O)[C@@H]1O,InosineOnly_gen3
O=c1[nH]cnc2c1ncn2[C@@H]1O[C@H](CO)[C@@H](O)[C@H]1O,CC(=O)OC[C@H]1O[C@@H](n2cnc3c(=O)[nH]cnc32)[C@@H]2O[C@]12OC(C)O,InosineOnly_gen3
O=c1[nH]cnc2c1ncn2[C@@H]1O[C@H](CO)[C@@H](O)[C@H]1O,CC(=O)OC(C)OC[C@H]1O[C@@H]2[C@H](O)[C@@H]1Oc1nc3c(=O)[nH]cnc3n12,InosineOnly_gen3
O=c1[nH]cnc2c1ncn2[C@@H]1O[C@H](CO)[C@@H](O)[C@H]1O,CC(O)n1cnc2c(ncn2[C@@H]2O[C@@H]3COCC(=O)O[C@H]3[C@H]2O)c1=O,InosineOnly_gen3
O=c1[nH]cnc2c1ncn2[C@@H]1O[C@H](CO)[C@@H](O)[C@H]1O,CC(=O)OC(C)O[C@@H]1[C@@H]2Oc3nc4c(ncn4[C@@H]1O[C@@H]2CO)c(=O)[nH]3,InosineOnly_gen3
O=c1[nH]cnc2c1ncn2[C@@H]1O[C@H](CO)[C@@H](O)[C@H]1O,CC(=O)OC(C)OC[C@]12O[C@@H](n3cnc4c(=O)[nH]cnc43)[C@H](O)[C@@H]1O2,InosineOnly_gen3
O=c1[nH]cnc2c1ncn2[C@@H]1O[C@H](CO)[C@@H](O)[C@H]1O,CC(=O)OC[C@H]1O[C@@H](n2cnc3c(=O)n(C(C)O)cnc32)[C@@H]2O[C@]12O,InosineOnly_gen3
O=c1[nH]cnc2c1ncn2[C@@H]1O[C@H](CO)[C@@H](O)[C@H]1O,CC(=O)OC[C@H]1O[C@@H]2[C@H](Oc3nc4c(=O)n(C(C)O)cnc4n32)[C@@H]1O,InosineOnly_gen3
O=c1[nH]cnc2c1ncn2[C@@H]1O[C@H](CO)[C@@H](O)[C@H]1O,CC(=O)OC(C)O[C@@H]1[C@@H]2OC(O)[C@H]2O[C@H]1n1cnc2c(=O)[nH]cnc21,InosineOnly_gen3
O=c1[nH]cnc2c1ncn2[C@@H]1O[C@H](CO)[C@@H](O)[C@H]1O,CC(=O)n1cnc2c(ncn2[C@@H]2O[C@@H]3CO[C@]2(OC(C)O)[C@@H]3O)c1=O,InosineOnly_gen3
O=c1[nH]cnc2c1ncn2[C@@H]1O[C@H](CO)[C@@H](O)[C@H]1O,CC(=O)n1cnc2c(ncn2[C@@H]2O[C@@H]3COCC(O)O[C@@H]2[C@@H]3O)c1=O,InosineOnly_gen3
O=c1[nH]cnc2c1ncn2[C@@H]1O[C@H](CO)[C@@H](O)[C@H]1O,CC(=O)n1cnc2c(ncn2[C@@H]2O[C@@]3(CO3)[C@@H](OC(C)O)[C@H]2O)c1=O,InosineOnly_gen3
O=c1[nH]cnc2c1ncn2[C@@H]1O[C@H](CO)[C@@H](O)[C@H]1O,C[n+]1cn([C@@H]2O[C@H](CO)[C@@H](O)[C@H]2OC(C)(O)C#N)c2nc[nH]c(=O)c21,InosineOnly_gen3
O=c1[nH]cnc2c1ncn2[C@@H]1O[C@H](CO)[C@@H](O)[C@H]1O,C[n+]1cn([C@@H]2O[C@H](COC(C)(O)C#N)[C@@H](O)[C@H]2O)c2nc[nH]c(=O)c21,InosineOnly_gen3
O=c1[nH]cnc2c1ncn2[C@@H]1O[C@H](CO)[C@@H](O)[C@H]1O,CCC(=O)O[C@H]1[C@@H](O)[C@H](n2cnc3c(=O)[nH]cnc32)O[C@@H]1C(O)CC,InosineOnly_gen3
O=c1[nH]cnc2c1ncn2[C@@H]1O[C@H](CO)[C@@H](O)[C@H]1O,CCC(=O)O[C@@H]1[C@H](O)[C@@H](CO)O[C@H]1n1c(CC)nc2c(=O)[nH]cnc21,InosineOnly_gen3
O=c1[nH]cnc2c1ncn2[C@@H]1O[C@H](CO)[C@@H](O)[C@H]1O,CCC(=O)O[C@H]1[C@H](n2cnc3c(=O)[nH]cnc32)O[C@H](CO)[C@@]1(O)CC,InosineOnly_gen3
O=c1[nH]cnc2c1ncn2[C@@H]1O[C@H](CO)[C@@H](O)[C@H]1O,CCC(=O)O[C@H]1[C@@H](O)[C@H](n2cnc3c(=O)[nH]c(CC)nc32)O[C@@H]1CO,InosineOnly_gen3
O=c1[nH]cnc2c1ncn2[C@@H]1O[C@H](CO)[C@@H](O)[C@H]1O,CCC(=O)O[C@H]1[C@H](n2cnc3c(=O)[nH]cnc32)O[C@@](CC)(CO)[C@H]1O,InosineOnly_gen3
O=c1[nH]cnc2c1ncn2[C@@H]1O[C@H](CO)[C@@H](O)[C@H]1O,CCC(=O)O[C@@]1(CC)[C@H](O)[C@@H](CO)O[C@H]1n1cnc2c(=O)[nH]cnc21,InosineOnly_gen3
O=c1[nH]cnc2c1ncn2[C@@H]1O[C@H](CO)[C@@H](O)[C@H]1O,CCC(=O)OC[C@H]1O[C@](CC)(n2cnc3c(=O)[nH]cnc32)[C@H](O)[C@@H]1O,InosineOnly_gen3
O=c1[nH]cnc2c1ncn2[C@@H]1O[C@H](CO)[C@@H](O)[C@H]1O,CCCCC(=O)O[C@@H]1[C@H](O)[C@@H](CO)O[C@H]1n1cnc2c(=O)[nH]cnc21,InosineOnly_gen3
O=c1[nH]cnc2c1ncn2[C@@H]1O[C@H](CO)[C@@H](O)[C@H]1O,CCC(=O)OC[C@H]1O[C@@H](n2cnc3c(=O)[nH]cnc32)[C@](O)(CC)[C@@H]1O,InosineOnly_gen3
O=c1[nH]cnc2c1ncn2[C@@H]1O[C@H](CO)[C@@H](O)[C@H]1O,CC(=O)O[C@@H]1[C@H](O)[C@@H](CO)O[C@H]1n1cnc2c(=O)n(C(C)N)cnc21,InosineOnly_gen3
O=c1[nH]cnc2c1ncn2[C@@H]1O[C@H](CO)[C@@H](O)[C@H]1O,CC(=O)OC[C@H]1O[C@@H](n2cnc3c(=O)n(C(C)N)cnc32)[C@H](O)[C@@H]1O,InosineOnly_gen3
O=c1[nH]cnc2c1ncn2[C@@H]1O[C@H](CO)[C@@H](O)[C@H]1O,O=C1CC(O)Oc2nc3c(=O)[nH]cnc3n2[C@@H]2O[C@H](CO)[C@@H](O)[C@H]2O1,InosineOnly_gen3
O=c1[nH]cnc2c1ncn2[C@@H]1O[C@H](CO)[C@@H](O)[C@H]1O,CC(O)(OC[C@H]1O[C@@H](n2cnc3c(=O)[nH]cnc32)[C@@H]2O[C@]12O)C(=O)O,InosineOnly_gen3
O=c1[nH]cnc2c1ncn2[C@@H]1O[C@H](CO)[C@@H](O)[C@H]1O,O=C1CC(O)O[C@H]2[C@H](n3cnc4c(=O)[nH]cnc43)O[C@H](CO)[C@@]2(O)O1,InosineOnly_gen3
O=c1[nH]cnc2c1ncn2[C@@H]1O[C@H](CO)[C@@H](O)[C@H]1O,O=C(O)CC(O)O[C@@H]1[C@H](O)[C@H]2COc3nc4c(=O)[nH]cnc4n3[C@@H]1O2,InosineOnly_gen3
O=c1[nH]cnc2c1ncn2[C@@H]1O[C@H](CO)[C@@H](O)[C@H]1O,O=C(O)CC(O)O[C@@H]1[C@H]2CO[C@@]1(O)[C@H](n1cnc3c(=O)[nH]cnc31)O2,InosineOnly_gen3
O=c1[nH]cnc2c1ncn2[C@@H]1O[C@H](CO)[C@@H](O)[C@H]1O,O=C(CC(O)O)O[C@H]1[C@H]2OC(O)[C@H]1O[C@H]2n1cnc2c(=O)[nH]cnc21,InosineOnly_gen3
O=c1[nH]cnc2c1ncn2[C@@H]1O[C@H](CO)[C@@H](O)[C@H]1O,CC(O)(O[C@H]1[C@H]2Oc3nc4c(ncn4[C@@H]2O[C@@H]1CO)c(=O)[nH]3)C(=O)O,InosineOnly_gen3
O=c1[nH]cnc2c1ncn2[C@@H]1O[C@H](CO)[C@@H](O)[C@H]1O,O=C(O)CC(O)O[C@H]1[C@@H](O)[C@]2(n3cnc4c(=O)[nH]cnc43)OC[C@H]1O2,InosineOnly_gen3
O=c1[nH]cnc2c1ncn2[C@@H]1O[C@H](CO)[C@@H](O)[C@H]1O,CC(O)(O[C@H]1[C@H]2OC(O)[C@H]1O[C@H]2n1cnc2c(=O)[nH]cnc21)C(=O)O,InosineOnly_gen3
O=c1[nH]cnc2c1ncn2[C@@H]1O[C@H](CO)[C@@H](O)[C@H]1O,O=C(O)CC(O)OC[C@H]1O[C@@H]2[C@H](Oc3nc4c(ncn42)c(=O)[nH]3)[C@@H]1O,InosineOnly_gen3
O=c1[nH]cnc2c1ncn2[C@@H]1O[C@H](CO)[C@@H](O)[C@H]1O,CC(=O)O[C@@H]1[C@H](O)[C@@H](CO)O[C@H]1n1c(C(=O)O)nc2c(=O)[nH]cnc21,InosineOnly_gen3
O=c1[nH]cnc2c1ncn2[C@@H]1O[C@H](CO)[C@@H](O)[C@H]1O,O=C(CC(O)O)O[C@H]1[C@H](n2cnc3c(=O)[nH]cnc32)O[C@]2(CO)O[C@@H]12,InosineOnly_gen3
O=c1[nH]cnc2c1ncn2[C@@H]1O[C@H](CO)[C@@H](O)[C@H]1O,O=C(CC(O)O)O[C@H]1[C@@H](O)[C@H](n2cnc3c(=O)[nH]cnc32)O[C@@]12CO2,InosineOnly_gen3
O=c1[nH]cnc2c1ncn2[C@@H]1O[C@H](CO)[C@@H](O)[C@H]1O,CC(O)(O[C@H]1[C@H]2Oc3nc4c(=O)[nH]cnc4n3[C@@H]2O[C@@H]1CO)C(=O)O,InosineOnly_gen3
O=c1[nH]cnc2c1ncn2[C@@H]1O[C@H](CO)[C@@H](O)[C@H]1O,O=C(O)CC(O)O[C@@H]1[C@@H]2O[C@]1(n1cnc3c(=O)[nH]cnc31)O[C@@H]2CO,InosineOnly_gen3
O=c1[nH]cnc2c1ncn2[C@@H]1O[C@H](CO)[C@@H](O)[C@H]1O,O=C1CC(O)O[C@]2(O)[C@H](O1)[C@@H](CO)O[C@H]2n1cnc2c(=O)[nH]cnc21,InosineOnly_gen3
O=c1[nH]cnc2c1ncn2[C@@H]1O[C@H](CO)[C@@H](O)[C@H]1O,O=C(CC(O)O)OC[C@H]1O[C@@]2(n3cnc4c(=O)[nH]cnc43)O[C@@H]2[C@@H]1O,InosineOnly_gen3
O=c1[nH]cnc2c1ncn2[C@@H]1O[C@H](CO)[C@@H](O)[C@H]1O,O=C(CC(O)O)O[C@H]1[C@@H](O)[C@H]2O[C@@H]1COc1nc3c(=O)[nH]cnc3n12,InosineOnly_gen3
O=c1[nH]cnc2c1ncn2[C@@H]1O[C@H](CO)[C@@H](O)[C@H]1O,CC(=O)OC[C@]1(C(=O)O)O[C@@H](n2cnc3c(=O)[nH]cnc32)[C@H](O)[C@@H]1O,InosineOnly_gen3
O=c1[nH]cnc2c1ncn2[C@@H]1O[C@H](CO)[C@@H](O)[C@H]1O,CC(O)(O[C@@H]1[C@H](O)[C@H]2CO[C@]1(n1cnc3c(=O)[nH]cnc31)O2)C(=O)O,InosineOnly_gen3
O=c1[nH]cnc2c1ncn2[C@@H]1O[C@H](CO)[C@@H](O)[C@H]1O,O=C(O)CC(O)OC1O[C@H]2[C@@H](O)[C@H](n3cnc4c(=O)[nH]cnc43)O[C@H]12,InosineOnly_gen3
O=c1[nH]cnc2c1ncn2[C@@H]1O[C@H](CO)[C@@H](O)[C@H]1O,O=C(O)CC1(O)OC[C@H]2O[C@@H](n3cnc4c(=O)[nH]cnc43)[C@H](O)[C@@H]2O1,InosineOnly_gen3
O=c1[nH]cnc2c1ncn2[C@@H]1O[C@H](CO)[C@@H](O)[C@H]1O,O=CO[C@@]1(CC(=O)O)[C@H](O)[C@@H](CO)O[C@H]1n1cnc2c(=O)[nH]cnc21,InosineOnly_gen3
O=c1[nH]cnc2c1ncn2[C@@H]1O[C@H](CO)[C@@H](O)[C@H]1O,O=C1CC(O)O[C@@H]2[C@H](O)[C@H](O[C@H]2n2cnc3c(=O)[nH]cnc32)C(O)O1,InosineOnly_gen3
O=c1[nH]cnc2c1ncn2[C@@H]1O[C@H](CO)[C@@H](O)[C@H]1O,CC(=O)O[C@@H]1[C@@H](CO)O[C@@H](n2cnc3c(=O)[nH]cnc32)[C@]1(O)C(=O)O,InosineOnly_gen3
O=c1[nH]cnc2c1ncn2[C@@H]1O[C@H](CO)[C@@H](O)[C@H]1O,CC(O)(O[C@]12OC[C@@H](O[C@H]1n1cnc3c(=O)[nH]cnc31)[C@H]2O)C(=O)O,InosineOnly_gen3
O=c1[nH]cnc2c1ncn2[C@@H]1O[C@H](CO)[C@@H](O)[C@H]1O,O=C(O)C1OC[C@H]2O[C@@H](n3cnc4c(=O)[nH]cnc43)[C@H](O)[C@@H]2OC1O,InosineOnly_gen3
O=c1[nH]cnc2c1ncn2[C@@H]1O[C@H](CO)[C@@H](O)[C@H]1O,O=C1CC(O)O[C@]2(O)[C@H](O)[C@@H](CO1)O[C@H]2n1cnc2c(=O)[nH]cnc21,InosineOnly_gen3
O=c1[nH]cnc2c1ncn2[C@@H]1O[C@H](CO)[C@@H](O)[C@H]1O,O=C(O)CC(O)O[C@H]1[C@H]2O[C@@]1(CO)O[C@H]2n1cnc2c(=O)[nH]cnc21,InosineOnly_gen3
O=c1[nH]cnc2c1ncn2[C@@H]1O[C@H](CO)[C@@H](O)[C@H]1O,O=C1CC(O)O[C@@]2(CO)O[C@@H](n3cnc4c(=O)[nH]cnc43)[C@H](O)[C@@H]2O1,InosineOnly_gen3
O=c1[nH]cnc2c1ncn2[C@@H]1O[C@H](CO)[C@@H](O)[C@H]1O,O=C1CC(O)O[C@]2(n3cnc4c(=O)[nH]cnc43)O[C@H](CO1)[C@@H](O)[C@H]2O,InosineOnly_gen3
O=c1[nH]cnc2c1ncn2[C@@H]1O[C@H](CO)[C@@H](O)[C@H]1O,CC(O)(O[C@H]1[C@H]2O[C@]2(n2cnc3c(=O)[nH]cnc32)O[C@@H]1CO)C(=O)O,InosineOnly_gen3
O=c1[nH]cnc2c1ncn2[C@@H]1O[C@H](CO)[C@@H](O)[C@H]1O,O=C(O)CC(O)O[C@H]1[C@H](n2cnc3c(=O)[nH]cnc32)O[C@@]2(CO2)[C@H]1O,InosineOnly_gen3
O=c1[nH]cnc2c1ncn2[C@@H]1O[C@H](CO)[C@@H](O)[C@H]1O,CC(=O)OC[C@H]1O[C@@H](n2cnc3c(=O)[nH]cnc32)[C@](O)(C(=O)O)[C@@H]1O,InosineOnly_gen3
O=c1[nH]cnc2c1ncn2[C@@H]1O[C@H](CO)[C@@H](O)[C@H]1O,CC(O)(O[C@@]12O[C@@H]1[C@@H](CO)O[C@H]2n1cnc2c(=O)[nH]cnc21)C(=O)O,InosineOnly_gen3
O=c1[nH]cnc2c1ncn2[C@@H]1O[C@H](CO)[C@@H](O)[C@H]1O,CC(=O)O[C@@H]1[C@H](O)[C@@H](CO)O[C@]1(C(=O)O)n1cnc2c(=O)[nH]cnc21,InosineOnly_gen3
O=c1[nH]cnc2c1ncn2[C@@H]1O[C@H](CO)[C@@H](O)[C@H]1O,O=C1CC(O)O[C@@]2(CO1)O[C@@H](n1cnc3c(=O)[nH]cnc31)[C@H](O)[C@@H]2O,InosineOnly_gen3
O=c1[nH]cnc2c1ncn2[C@@H]1O[C@H](CO)[C@@H](O)[C@H]1O,CC(=O)O[C@@H]1[C@H](O)[C@@H](CO)O[C@H]1n1cnc2c(=O)[nH]c(C(=O)O)nc21,InosineOnly_gen3
O=c1[nH]cnc2c1ncn2[C@@H]1O[C@H](CO)[C@@H](O)[C@H]1O,O=C1CC(O)Oc2nc3c(ncn3[C@@H]3O[C@H](CO1)[C@@H](O)[C@H]3O)c(=O)[nH]2,InosineOnly_gen3
O=c1[nH]cnc2c1ncn2[C@@H]1O[C@H](CO)[C@@H](O)[C@H]1O,O=C(O)CC(O)O[C@@]12OC[C@H]1O[C@@H](n1cnc3c(=O)[nH]cnc31)[C@@H]2O,InosineOnly_gen3
O=c1[nH]cnc2c1ncn2[C@@H]1O[C@H](CO)[C@@H](O)[C@H]1O,CC(=O)O[C@@]1(C(=O)O)[C@H](O)[C@@H](CO)O[C@H]1n1cnc2c(=O)[nH]cnc21,InosineOnly_gen3
O=c1[nH]cnc2c1ncn2[C@@H]1O[C@H](CO)[C@@H](O)[C@H]1O,O=C1CC(O)O[C@]2(O1)[C@@H](CO)O[C@@H](n1cnc3c(=O)[nH]cnc31)[C@@H]2O,InosineOnly_gen3
O=c1[nH]cnc2c1ncn2[C@@H]1O[C@H](CO)[C@@H](O)[C@H]1O,O=CO[C@@H]1[C@H](O)[C@@H](CO)O[C@H]1n1cnc2c(=O)[nH]c(CC(=O)O)nc21,InosineOnly_gen3
O=c1[nH]cnc2c1ncn2[C@@H]1O[C@H](CO)[C@@H](O)[C@H]1O,CC(O)(O[C@H]1[C@H](n2cnc3c(=O)[nH]cnc32)O[C@@H]2CO[C@]21O)C(=O)O,InosineOnly_gen3
O=c1[nH]cnc2c1ncn2[C@@H]1O[C@H](CO)[C@@H](O)[C@H]1O,O=C(CC(O)O)O[C@H]1[C@H](n2cnc3c(=O)[nH]cnc32)O[C@@H]2CO[C@]21O,InosineOnly_gen3
O=c1[nH]cnc2c1ncn2[C@@H]1O[C@H](CO)[C@@H](O)[C@H]1O,O=C1O[C@@H]2[C@H](OC1C(O)O)[C@@H](CO)O[C@H]2n1cnc2c(=O)[nH]cnc21,InosineOnly_gen3
O=c1[nH]cnc2c1ncn2[C@@H]1O[C@H](CO)[C@@H](O)[C@H]1O,O=C(O)CC(O)O[C@H]1[C@@H](O)[C@H]2O[C@@H]1COc1nc3c(ncn32)c(=O)[nH]1,InosineOnly_gen3
O=c1[nH]cnc2c1ncn2[C@@H]1O[C@H](CO)[C@@H](O)[C@H]1O,O=CO[C@@H]1[C@H](O)[C@@H](CO)O[C@H]1n1c(CC(=O)O)nc2c(=O)[nH]cnc21,InosineOnly_gen3
O=c1[nH]cnc2c1ncn2[C@@H]1O[C@H](CO)[C@@H](O)[C@H]1O,O=C(CC(O)O)OC[C@H]1O[C@@H]2[C@H](O)[C@@H]1Oc1nc3c(ncn32)c(=O)[nH]1,InosineOnly_gen3
O=c1[nH]cnc2c1ncn2[C@@H]1O[C@H](CO)[C@@H](O)[C@H]1O,O=C(CC(O)O)OC[C@]12O[C@@H]([C@H](n3cnc4c(=O)[nH]cnc43)O1)[C@@H]2O,InosineOnly_gen3
O=c1[nH]cnc2c1ncn2[C@@H]1O[C@H](CO)[C@@H](O)[C@H]1O,O=COC[C@H]1O[C@@H](n2cnc3c(=O)[nH]cnc32)[C@H](O)[C@]1(O)CC(=O)O,InosineOnly_gen3
O=c1[nH]cnc2c1ncn2[C@@H]1O[C@H](CO)[C@@H](O)[C@H]1O,O=C(O)CC(O)O[C@]12O[C@H]1[C@H](n1cnc3c(=O)[nH]cnc31)O[C@@H]2CO,InosineOnly_gen3
O=c1[nH]cnc2c1ncn2[C@@H]1O[C@H](CO)[C@@H](O)[C@H]1O,O=COC[C@H]1O[C@@H](n2c(CC(=O)O)nc3c(=O)[nH]cnc32)[C@H](O)[C@@H]1O,InosineOnly_gen3
O=c1[nH]cnc2c1ncn2[C@@H]1O[C@H](CO)[C@@H](O)[C@H]1O,O=C1O[C@@H]2[C@H](O)[C@@H](COC1C(O)O)O[C@H]2n1cnc2c(=O)[nH]cnc21,InosineOnly_gen3
O=c1[nH]cnc2c1ncn2[C@@H]1O[C@H](CO)[C@@H](O)[C@H]1O,O=C(CC(O)O)O[C@@H]1[C@H](O)[C@H]2COc3nc4c(ncn4[C@@H]1O2)c(=O)[nH]3,InosineOnly_gen3
O=c1[nH]cnc2c1ncn2[C@@H]1O[C@H](CO)[C@@H](O)[C@H]1O,CC(=O)OC[C@H]1O[C@](C(=O)O)(n2cnc3c(=O)[nH]cnc32)[C@H](O)[C@@H]1O,InosineOnly_gen3
O=c1[nH]cnc2c1ncn2[C@@H]1O[C@H](CO)[C@@H](O)[C@H]1O,O=CO[C@H]1[C@@H](O)[C@H](n2cnc3c(=O)[nH]cnc32)O[C@@H]1C(O)CC(=O)O,InosineOnly_gen3
O=c1[nH]cnc2c1ncn2[C@@H]1O[C@H](CO)[C@@H](O)[C@H]1O,O=C1CC(O)(O)OC[C@H]2O[C@@H](n3cnc4c(=O)[nH]cnc43)[C@H](O)[C@@H]2O1,InosineOnly_gen3
O=c1[nH]cnc2c1ncn2[C@@H]1O[C@H](CO)[C@@H](O)[C@H]1O,O=C(CC(O)O)OC[C@H]1O[C@@H]2[C@H](Oc3nc4c(=O)[nH]cnc4n32)[C@@H]1O,InosineOnly_gen3
O=c1[nH]cnc2c1ncn2[C@@H]1O[C@H](CO)[C@@H](O)[C@H]1O,O=C1CC(O)O[C@H]2[C@@H](O)[C@@H](O[C@@H]2CO)n2cnc3c(=O)[nH]c(nc32)O1,InosineOnly_gen3
O=c1[nH]cnc2c1ncn2[C@@H]1O[C@H](CO)[C@@H](O)[C@H]1O,O=C(O)CC(O)OC[C@]12O[C@@H](n3cnc4c(=O)[nH]cnc43)[C@H](O)[C@@H]1O2,InosineOnly_gen3
O=c1[nH]cnc2c1ncn2[C@@H]1O[C@H](CO)[C@@H](O)[C@H]1O,O=C1CC(O)O[C@H]2[C@@H](O)[C@](n3cnc4c(=O)[nH]cnc43)(O1)O[C@@H]2CO,InosineOnly_gen3
O=c1[nH]cnc2c1ncn2[C@@H]1O[C@H](CO)[C@@H](O)[C@H]1O,O=C1CC(O)OC[C@H]2O[C@@H](n3cnc4c(=O)[nH]cnc43)[C@H](O)[C@]2(O)O1,InosineOnly_gen3
O=c1[nH]cnc2c1ncn2[C@@H]1O[C@H](CO)[C@@H](O)[C@H]1O,O=C(CC(O)O)O[C@@H]1[C@@H]2Oc3nc4c(=O)[nH]cnc4n3[C@@H]1O[C@@H]2CO,InosineOnly_gen3
O=c1[nH]cnc2c1ncn2[C@@H]1O[C@H](CO)[C@@H](O)[C@H]1O,CC(O)(OC[C@]12O[C@@H](n3cnc4c(=O)[nH]cnc43)[C@H](O)[C@@H]1O2)C(=O)O,InosineOnly_gen3
O=c1[nH]cnc2c1ncn2[C@@H]1O[C@H](CO)[C@@H](O)[C@H]1O,O=CO[C@H]1[C@@H](O)[C@H](n2cnc3c(=O)[nH]cnc32)O[C@]1(CO)CC(=O)O,InosineOnly_gen3
O=c1[nH]cnc2c1ncn2[C@@H]1O[C@H](CO)[C@@H](O)[C@H]1O,O=C(CC(O)O)O[C@H]1[C@H]2Oc3nc4c(ncn4[C@@H]2O[C@@H]1CO)c(=O)[nH]3,InosineOnly_gen3
O=c1[nH]cnc2c1ncn2[C@@H]1O[C@H](CO)[C@@H](O)[C@H]1O,CC(O)(OC[C@H]1O[C@@]2(n3cnc4c(=O)[nH]cnc43)O[C@H]1[C@H]2O)C(=O)O,InosineOnly_gen3
O=c1[nH]cnc2c1ncn2[C@@H]1O[C@H](CO)[C@@H](O)[C@H]1O,O=COC[C@H]1O[C@](CC(=O)O)(n2cnc3c(=O)[nH]cnc32)[C@H](O)[C@@H]1O,InosineOnly_gen3
O=c1[nH]cnc2c1ncn2[C@@H]1O[C@H](CO)[C@@H](O)[C@H]1O,O=C1CC(O)(O[C@H]2[C@@H](O)[C@H](n3cnc4c(=O)[nH]cnc43)O[C@@H]2CO)O1,InosineOnly_gen3
O=c1[nH]cnc2c1ncn2[C@@H]1O[C@H](CO)[C@@H](O)[C@H]1O,CC(O)(O[C@H]1[C@@H](O)[C@H](n2cnc3c(=O)[nH]cnc32)O[C@@]12CO2)C(=O)O,InosineOnly_gen3
O=c1[nH]cnc2c1ncn2[C@@H]1O[C@H](CO)[C@@H](O)[C@H]1O,O=C1OC[C@H]2O[C@@H](n3cnc4c(=O)[nH]cnc43)[C@H](O)[C@@H]2OC1C(O)O,InosineOnly_gen3
O=c1[nH]cnc2c1ncn2[C@@H]1O[C@H](CO)[C@@H](O)[C@H]1O,CC(O)(O[C@H]1[C@H](n2cnc3c(=O)[nH]cnc32)O[C@]2(CO)O[C@@H]12)C(=O)O,InosineOnly_gen3
O=c1[nH]cnc2c1ncn2[C@@H]1O[C@H](CO)[C@@H](O)[C@H]1O,O=C(O)C1O[C@H]2[C@@H](OC1O)[C@H](n1cnc3c(=O)[nH]cnc31)O[C@@H]2CO,InosineOnly_gen3
O=c1[nH]cnc2c1ncn2[C@@H]1O[C@H](CO)[C@@H](O)[C@H]1O,O=C(CC(O)O)OC[C@H]1O[C@@H](n2cnc3c(=O)[nH]cnc32)[C@]2(O)O[C@H]12,InosineOnly_gen3
O=c1[nH]cnc2c1ncn2[C@@H]1O[C@H](CO)[C@@H](O)[C@H]1O,CC(OC=O)(C(=O)O)[C@H]1O[C@@H](n2cnc3c(=O)[nH]cnc32)[C@H](O)[C@@H]1O,InosineOnly_gen3
O=c1[nH]cnc2c1ncn2[C@@H]1O[C@H](CO)[C@@H](O)[C@H]1O,O=C1CC(O)OC[C@H]2O[C@H]([C@H](O)[C@@H]2O)n2c(nc3c(=O)[nH]cnc32)O1,InosineOnly_gen3
O=c1[nH]cnc2c1ncn2[C@@H]1O[C@H](CO)[C@@H](O)[C@H]1O,O=COC[C@H]1O[C@@H](n2cnc3c(=O)[nH]c(CC(=O)O)nc32)[C@H](O)[C@@H]1O,InosineOnly_gen3
O=c1[nH]cnc2c1ncn2[C@@H]1O[C@H](CO)[C@@H](O)[C@H]1O,O=C(CC(O)O)O[C@@]12O[C@@H]1[C@@H](CO)O[C@H]2n1cnc2c(=O)[nH]cnc21,InosineOnly_gen3
O=c1[nH]cnc2c1ncn2[C@@H]1O[C@H](CO)[C@@H](O)[C@H]1O,CC(=O)O[C@H]1[C@@H](OC(C)O)[C@H](n2cnc3c(=O)[nH]cnc32)O[C@@H]1CO,InosineOnly_gen3
O=c1[nH]cnc2c1ncn2[C@@H]1O[C@H](CO)[C@@H](O)[C@H]1O,CC(O)OC(C)O[C@@H]1[C@@H]2Oc3nc4c(=O)[nH]cnc4n3[C@@H]1O[C@@H]2CO,InosineOnly_gen3
O=c1[nH]cnc2c1ncn2[C@@H]1O[C@H](CO)[C@@H](O)[C@H]1O,CC(O)OC(C)O[C@H]1[C@H]2O[C@]2(n2cnc3c(=O)[nH]cnc32)O[C@@H]1CO,InosineOnly_gen3
O=c1[nH]cnc2c1ncn2[C@@H]1O[C@H](CO)[C@@H](O)[C@H]1O,CC(O)OC(C)OC[C@H]1O[C@@H](n2cnc3c(=O)[nH]cnc32)[C@@H]2O[C@]12O,InosineOnly_gen3
O=c1[nH]cnc2c1ncn2[C@@H]1O[C@H](CO)[C@@H](O)[C@H]1O,CC(O)OC(C)OC[C@H]1O[C@@H]2[C@H](Oc3nc4c(=O)[nH]cnc4n32)[C@@H]1O,InosineOnly_gen3
O=c1[nH]cnc2c1ncn2[C@@H]1O[C@H](CO)[C@@H](O)[C@H]1O,CC(O)OC(C)OC[C@]12O[C@@H]([C@H](n3cnc4c(=O)[nH]cnc43)O1)[C@@H]2O,InosineOnly_gen3
O=c1[nH]cnc2c1ncn2[C@@H]1O[C@H](CO)[C@@H](O)[C@H]1O,CC(O)OC(C)O[C@H]1[C@H]2Oc3nc4c(ncn4[C@@H]2O[C@@H]1CO)c(=O)[nH]3,InosineOnly_gen3
O=c1[nH]cnc2c1ncn2[C@@H]1O[C@H](CO)[C@@H](O)[C@H]1O,CC(O)OC(C)O[C@H]1[C@H](n2cnc3c(=O)[nH]cnc32)O[C@]2(CO)O[C@@H]12,InosineOnly_gen3
O=c1[nH]cnc2c1ncn2[C@@H]1O[C@H](CO)[C@@H](O)[C@H]1O,CC(O)OC(C)OC1O[C@@H]2[C@H](O)[C@@H]1O[C@H]2n1cnc2c(=O)[nH]cnc21,InosineOnly_gen3
O=c1[nH]cnc2c1ncn2[C@@H]1O[C@H](CO)[C@@H](O)[C@H]1O,CC(NC(N)=O)OC[C@H]1O[C@@H](n2cnc3c(=O)[nH]cnc32)[C@H](O)[C@@H]1O,InosineOnly_gen3
O=c1[nH]cnc2c1ncn2[C@@H]1O[C@H](CO)[C@@H](O)[C@H]1O,CC(N)NC(C)O[C@@H]1[C@H](O)[C@@H](CO)O[C@H]1n1cnc2c(=O)[nH]cnc21,InosineOnly_gen3
O=c1[nH]cnc2c1ncn2[C@@H]1O[C@H](CO)[C@@H](O)[C@H]1O,CC(O)(C=NO)O[C@H]1[C@@H](O)[C@H](n2cnc3c(=O)[nH]cnc32)O[C@@H]1CO,InosineOnly_gen3
O=c1[nH]cnc2c1ncn2[C@@H]1O[C@H](CO)[C@@H](O)[C@H]1O,NC(CC(=O)O)OC[C@H]1O[C@@H](n2cnc3c(=O)[nH]cnc32)[C@H](O)[C@@H]1O,InosineOnly_gen3
O=c1[nH]cnc2c1ncn2[C@@H]1O[C@H](CO)[C@@H](O)[C@H]1O,CC(N)(OC[C@H]1O[C@@H](n2cnc3c(=O)[nH]cnc32)[C@H](O)[C@@H]1O)C(=O)O,InosineOnly_gen3
O=c1[nH]cnc2c1ncn2[C@@H]1O[C@H](CO)[C@@H](O)[C@H]1O,CC(N)(O[C@@H]1[C@H](O)[C@@H](CO)O[C@H]1n1cnc2c(=O)[nH]cnc21)C(=O)O,InosineOnly_gen3
O=c1[nH]cnc2c1ncn2[C@@H]1O[C@H](CO)[C@@H](O)[C@H]1O,O=C(OC[C@H]1O[C@@H](n2cnc3c(=O)[nH]cnc32)[C@H](O)[C@@H]1O)C(O)CO,InosineOnly_gen3
O=c1[nH]cnc2c1ncn2[C@@H]1O[C@H](CO)[C@@H](O)[C@H]1O,O=C(CO)O[C@H]1[C@@H](O)[C@H](n2cnc3c(=O)[nH]cnc32)OC1(CO)CO,InosineOnly_gen3
O=c1[nH]cnc2c1ncn2[C@@H]1O[C@H](CO)[C@@H](O)[C@H]1O,O=C(CO)O[C@@H]1[C@H](O)[C@@H](CO)O[C@]1(CO)n1cnc2c(=O)[nH]cnc21,InosineOnly_gen3
O=c1[nH]cnc2c1ncn2[C@@H]1O[C@H](CO)[C@@H](O)[C@H]1O,O=C(CO)O[C@H]1[C@@H](O)[C@H](n2c(CO)nc3c(=O)[nH]cnc32)O[C@@H]1CO,InosineOnly_gen3
O=c1[nH]cnc2c1ncn2[C@@H]1O[C@H](CO)[C@@H](O)[C@H]1O,O=C(CO)O[C@@H]1[C@@H](CO)O[C@@H](n2cnc3c(=O)[nH]cnc32)[C@]1(O)CO,InosineOnly_gen3
O=c1[nH]cnc2c1ncn2[C@@H]1O[C@H](CO)[C@@H](O)[C@H]1O,O=C(CO)OC(CO)[C@H]1O[C@@H](n2cnc3c(=O)[nH]cnc32)[C@H](O)[C@@H]1O,InosineOnly_gen3
O=c1[nH]cnc2c1ncn2[C@@H]1O[C@H](CO)[C@@H](O)[C@H]1O,O=c1[nH]cnc2c1ncn2[C@@H]1O[C@@](CO)(COC(O)CO)[C@@H](O)[C@H]1O,InosineOnly_gen3
O=c1[nH]cnc2c1ncn2[C@@H]1O[C@H](CO)[C@@H](O)[C@H]1O,O=c1[nH]cnc2c1ncn2[C@@]1(CO)O[C@H](CO)[C@@H](OC(O)CO)[C@H]1O,InosineOnly_gen3
O=c1[nH]cnc2c1ncn2[C@@H]1O[C@H](CO)[C@@H](O)[C@H]1O,O=c1[nH]cnc2c1nc(CO)n2[C@@H]1O[C@H](COC(O)CO)[C@@H](O)[C@H]1O,InosineOnly_gen3
O=c1[nH]cnc2c1ncn2[C@@H]1O[C@H](CO)[C@@H](O)[C@H]1O,O=c1[nH]c(CO)nc2c1ncn2[C@@H]1O[C@H](CO)[C@@H](O)[C@H]1OC(O)CO,InosineOnly_gen3
O=c1[nH]cnc2c1ncn2[C@@H]1O[C@H](CO)[C@@H](O)[C@H]1O,O=c1[nH]cnc2c1ncn2[C@@H]1O[C@H](CO)[C@](CO)(OC(O)CO)[C@H]1O,InosineOnly_gen3
O=c1[nH]cnc2c1ncn2[C@@H]1O[C@H](CO)[C@@H](O)[C@H]1O,O=c1[nH]cnc2c1ncn2[C@@H]1O[C@H](COC(O)CO)[C@@H](O)[C@@]1(O)CO,InosineOnly_gen3
O=c1[nH]cnc2c1ncn2[C@@H]1O[C@H](CO)[C@@H](O)[C@H]1O,CC(O)(C#N)O[C@H]1[C@@H](O)[C@H](n2cnc3c(=O)[nH]c(C#N)nc32)O[C@@H]1CO,InosineOnly_gen3
O=c1[nH]cnc2c1ncn2[C@@H]1O[C@H](CO)[C@@H](O)[C@H]1O,CC(O)(C#N)O[C@H]1[C@H](n2cnc3c(=O)[nH]cnc32)O[C@H](CO)[C@@]1(O)C#N,InosineOnly_gen3
O=c1[nH]cnc2c1ncn2[C@@H]1O[C@H](CO)[C@@H](O)[C@H]1O,CC(O)(C#N)O[C@@H]1[C@H](O)[C@@H](CO)O[C@]1(C#N)n1cnc2c(=O)[nH]cnc21,InosineOnly_gen3
O=c1[nH]cnc2c1ncn2[C@@H]1O[C@H](CO)[C@@H](O)[C@H]1O,CC(O)(C#N)O[C@@]1(C#N)[C@H](O)[C@@H](CO)O[C@H]1n1cnc2c(=O)[nH]cnc21,InosineOnly_gen3
O=c1[nH]cnc2c1ncn2[C@@H]1O[C@H](CO)[C@@H](O)[C@H]1O,CC(O)(C#N)O[C@H]1[C@H](n2cnc3c(=O)[nH]cnc32)O[C@@](C#N)(CO)[C@H]1O,InosineOnly_gen3
O=c1[nH]cnc2c1ncn2[C@@H]1O[C@H](CO)[C@@H](O)[C@H]1O,CC(O)(C#N)OC[C@H]1O[C@@H](n2c(C#N)nc3c(=O)[nH]cnc32)[C@H](O)[C@@H]1O,InosineOnly_gen3
O=c1[nH]cnc2c1ncn2[C@@H]1O[C@H](CO)[C@@H](O)[C@H]1O,N#CCC(O)(C#N)O[C@@H]1[C@H](O)[C@@H](CO)O[C@H]1n1cnc2c(=O)[nH]cnc21,InosineOnly_gen3
O=c1[nH]cnc2c1ncn2[C@@H]1O[C@H](CO)[C@@H](O)[C@H]1O,CC(O)(C#N)OC[C@H]1O[C@@H](n2cnc3c(=O)[nH]cnc32)[C@](O)(C#N)[C@@H]1O,InosineOnly_gen3
O=c1[nH]cnc2c1ncn2[C@@H]1O[C@H](CO)[C@@H](O)[C@H]1O,COC[C@H]1O[C@@H](n2cnc3c(=O)[nH]cnc32)[C@H](O)[C@@H]1OS(=O)(=O)O,InosineOnly_gen3
O=c1[nH]cnc2c1ncn2[C@@H]1O[C@H](CO)[C@@H](O)[C@H]1O,C[n+]1cn([C@@H]2O[C@H](CO)[C@@H](O)[C@H]2OS(=O)(=O)O)c2nc[nH]c(=O)c21,InosineOnly_gen3
O=c1[nH]cnc2c1ncn2[C@@H]1O[C@H](CO)[C@@H](O)[C@H]1O,CC(=O)O[C@@H]1[C@H](O)[C@@H](C(=O)O)O[C@H]1n1cnc2c(=O)n(C(C)=O)cnc21,InosineOnly_gen3
O=c1[nH]cnc2c1ncn2[C@@H]1O[C@H](CO)[C@@H](O)[C@H]1O,CC(=O)OC(=O)[C@H]1O[C@@H](n2cnc3c(=O)n(C(C)=O)cnc32)[C@H](O)[C@@H]1O,InosineOnly_gen3
O=c1[nH]cnc2c1ncn2[C@@H]1O[C@H](CO)[C@@H](O)[C@H]1O,CC(=O)OC[C@H]1O[C@](C)(n2cnc3c(=O)n(C(C)=O)cnc32)[C@H](O)[C@@H]1O,InosineOnly_gen3
O=c1[nH]cnc2c1ncn2[C@@H]1O[C@H](CO)[C@@H](O)[C@H]1O,CC(=O)O[C@@]1(C)[C@@H](CO)O[C@@H](n2cnc3c(=O)n(C(C)=O)cnc32)[C@@H]1O,InosineOnly_gen3
O=c1[nH]cnc2c1ncn2[C@@H]1O[C@H](CO)[C@@H](O)[C@H]1O,CO[C@@H]1[C@H](OC(C)=O)[C@@H](COC(C)=O)O[C@H]1n1cnc2c(=O)[nH]cnc21,InosineOnly_gen3
O=c1[nH]cnc2c1ncn2[C@@H]1O[C@H](CO)[C@@H](O)[C@H]1O,CC(=O)O[C@H]1[C@H](n2cnc3c(=O)[nH]cnc32)O[C@H](CO)[C@]1(C)OC(C)=O,InosineOnly_gen3
O=c1[nH]cnc2c1ncn2[C@@H]1O[C@H](CO)[C@@H](O)[C@H]1O,CC(=O)O[C@H]1[C@@H](O)[C@@](C)(n2cnc3c(=O)n(C(C)=O)cnc32)O[C@@H]1CO,InosineOnly_gen3
O=c1[nH]cnc2c1ncn2[C@@H]1O[C@H](CO)[C@@H](O)[C@H]1O,CC(=O)OC[C@]1(C)O[C@@H](n2cnc3c(=O)n(C(C)=O)cnc32)[C@H](O)[C@@H]1O,InosineOnly_gen3
O=c1[nH]cnc2c1ncn2[C@@H]1O[C@H](CO)[C@@H](O)[C@H]1O,CC(=O)O[C@H]1[C@@H](O)[C@H](n2cnc3c(=O)n(C(C)=O)cnc32)O[C@@]1(C)CO,InosineOnly_gen3
O=c1[nH]cnc2c1ncn2[C@@H]1O[C@H](CO)[C@@H](O)[C@H]1O,CO[C@@H]1[C@H](OC(C)=O)[C@@H](CO)O[C@H]1n1cnc2c(=O)n(C(C)=O)cnc21,InosineOnly_gen3
O=c1[nH]cnc2c1ncn2[C@@H]1O[C@H](CO)[C@@H](O)[C@H]1O,CC(=O)O[C@H]1[C@@H](O)[C@H](n2c(C)nc3c(=O)n(C(C)=O)cnc32)O[C@@H]1CO,InosineOnly_gen3
O=c1[nH]cnc2c1ncn2[C@@H]1O[C@H](CO)[C@@H](O)[C@H]1O,CO[C@H]1[C@@H](O)[C@H](n2cnc3c(=O)n(C(C)=O)cnc32)O[C@@H]1COC(C)=O,InosineOnly_gen3
O=c1[nH]cnc2c1ncn2[C@@H]1O[C@H](CO)[C@@H](O)[C@H]1O,CC(=O)OC[C@H]1O[C@@H](n2c[n+](C)c3c(=O)n(C(C)=O)cnc32)[C@H](O)[C@@H]1O,InosineOnly_gen3
O=c1[nH]cnc2c1ncn2[C@@H]1O[C@H](CO)[C@@H](O)[C@H]1O,CC(=O)O[C@@H]1[C@H](O)[C@@H](CO)O[C@H]1n1c[n+](C)c2c(=O)n(C(C)=O)cnc21,InosineOnly_gen3
O=c1[nH]cnc2c1ncn2[C@@H]1O[C@H](CO)[C@@H](O)[C@H]1O,C[C@@]1(CO)O[C@@H](n2cnc3c(=O)[nH]cnc32)[C@H](OC(=O)CC(=O)O)[C@@H]1O,InosineOnly_gen3
O=c1[nH]cnc2c1ncn2[C@@H]1O[C@H](CO)[C@@H](O)[C@H]1O,CC(C(=O)O)C(=O)O[C@H]1[C@@H](O)[C@H](n2cnc3c(=O)[nH]cnc32)O[C@@H]1CO,InosineOnly_gen3
O=c1[nH]cnc2c1ncn2[C@@H]1O[C@H](CO)[C@@H](O)[C@H]1O,COC(=O)n1cnc2c(ncn2[C@@H]2O[C@H](CO)[C@@H](OC(C)=O)[C@H]2O)c1=O,InosineOnly_gen3
O=c1[nH]cnc2c1ncn2[C@@H]1O[C@H](CO)[C@@H](O)[C@H]1O,CO[C@@H]1[C@H](OC(=O)CC(=O)O)[C@@H](CO)O[C@H]1n1cnc2c(=O)[nH]cnc21,InosineOnly_gen3
O=c1[nH]cnc2c1ncn2[C@@H]1O[C@H](CO)[C@@H](O)[C@H]1O,CC(=O)O[C@H]1[C@@H](O)[C@H](n2cnc3c(=O)[nH]cnc32)O[C@@H]1C(C)(O)C(=O)O,InosineOnly_gen3
O=c1[nH]cnc2c1ncn2[C@@H]1O[C@H](CO)[C@@H](O)[C@H]1O,C[C@]1(n2cnc3c(=O)[nH]cnc32)O[C@H](CO)[C@@H](O)[C@H]1OC(=O)CC(=O)O,InosineOnly_gen3
O=c1[nH]cnc2c1ncn2[C@@H]1O[C@H](CO)[C@@H](O)[C@H]1O,Cc1nc2c(ncn2[C@@H]2O[C@H](CO)[C@@H](O)[C@H]2OC(=O)CC(=O)O)c(=O)[nH]1,InosineOnly_gen3
O=c1[nH]cnc2c1ncn2[C@@H]1O[C@H](CO)[C@@H](O)[C@H]1O,C[C@]1(O)[C@H](O)[C@@H](COC(=O)CC(=O)O)O[C@H]1n1cnc2c(=O)[nH]cnc21,InosineOnly_gen3
O=c1[nH]cnc2c1ncn2[C@@H]1O[C@H](CO)[C@@H](O)[C@H]1O,Cc1nc2c(=O)[nH]cnc2n1[C@@H]1O[C@H](CO)[C@@H](OC(=O)CC(=O)O)[C@H]1O,InosineOnly_gen3
O=c1[nH]cnc2c1ncn2[C@@H]1O[C@H](CO)[C@@H](O)[C@H]1O,CC(=O)O[C@@H]1[C@H](O)[C@@H](C(O)CC(=O)O)O[C@H]1n1cnc2c(=O)[nH]cnc21,InosineOnly_gen3
O=c1[nH]cnc2c1ncn2[C@@H]1O[C@H](CO)[C@@H](O)[C@H]1O,CC(O)[C@H]1O[C@@H](n2cnc3c(=O)[nH]cnc32)[C@H](O)[C@@H]1OC(=O)CC(=O)O,InosineOnly_gen3
O=c1[nH]cnc2c1ncn2[C@@H]1O[C@H](CO)[C@@H](O)[C@H]1O,COC(=O)O[C@@H]1[C@H](O)[C@@H](CO)O[C@H]1n1cnc2c(=O)n(C(C)=O)cnc21,InosineOnly_gen3
O=c1[nH]cnc2c1ncn2[C@@H]1O[C@H](CO)[C@@H](O)[C@H]1O,C[C@]1(OC(=O)CC(=O)O)[C@H](O)[C@@H](CO)O[C@H]1n1cnc2c(=O)[nH]cnc21,InosineOnly_gen3
O=c1[nH]cnc2c1ncn2[C@@H]1O[C@H](CO)[C@@H](O)[C@H]1O,CC(=O)OC[C@H]1O[C@@H](n2cnc3c(=O)n(C(=O)CO)cnc32)[C@H](O)[C@@H]1O,InosineOnly_gen3
O=c1[nH]cnc2c1ncn2[C@@H]1O[C@H](CO)[C@@H](O)[C@H]1O,C[C@]1(n2cnc3c(=O)[nH]cnc32)O[C@H](COC(=O)CC(=O)O)[C@@H](O)[C@H]1O,InosineOnly_gen3
O=c1[nH]cnc2c1ncn2[C@@H]1O[C@H](CO)[C@@H](O)[C@H]1O,C[C@@]1(COC(=O)CC(=O)O)O[C@@H](n2cnc3c(=O)[nH]cnc32)[C@H](O)[C@@H]1O,InosineOnly_gen3
O=c1[nH]cnc2c1ncn2[C@@H]1O[C@H](CO)[C@@H](O)[C@H]1O,C[C@]1(O)[C@@H](CO)O[C@@H](n2cnc3c(=O)[nH]cnc32)[C@@H]1OC(=O)CC(=O)O,InosineOnly_gen3
O=c1[nH]cnc2c1ncn2[C@@H]1O[C@H](CO)[C@@H](O)[C@H]1O,Cc1nc2c(ncn2[C@@H]2O[C@H](COC(=O)CC(=O)O)[C@@H](O)[C@H]2O)c(=O)[nH]1,InosineOnly_gen3
O=c1[nH]cnc2c1ncn2[C@@H]1O[C@H](CO)[C@@H](O)[C@H]1O,C[n+]1cn([C@@H]2O[C@H](COC(=O)CC(=O)O)[C@@H](O)[C@H]2O)c2nc[nH]c(=O)c21,InosineOnly_gen3
O=c1[nH]cnc2c1ncn2[C@@H]1O[C@H](CO)[C@@H](O)[C@H]1O,C[n+]1cn([C@@H]2O[C@H](CO)[C@@H](O)[C@H]2OC(=O)CC(=O)O)c2nc[nH]c(=O)c21,InosineOnly_gen3
O=c1[nH]cnc2c1ncn2[C@@H]1O[C@H](CO)[C@@H](O)[C@H]1O,CC(=O)O[C@@H]1[C@H](O)[C@@H](COC(O)CO)O[C@H]1n1cnc2c(=O)[nH]cnc21,InosineOnly_gen3
O=c1[nH]cnc2c1ncn2[C@@H]1O[C@H](CO)[C@@H](O)[C@H]1O,O=c1[nH]cnc2c1ncn2[C@@H]1O[C@@H]2COC(OCC(O)O)CO[C@H]2[C@H]1O,InosineOnly_gen3
O=c1[nH]cnc2c1ncn2[C@@H]1O[C@H](CO)[C@@H](O)[C@H]1O,CC(O)OC[C@H]1O[C@@H](n2cnc3c(=O)[nH]cnc32)[C@H](O)[C@@H]1OC(=O)CO,InosineOnly_gen3
O=c1[nH]cnc2c1ncn2[C@@H]1O[C@H](CO)[C@@H](O)[C@H]1O,O=c1[nH]cnc2c1ncn2[C@@H]1O[C@@H]2COCC(OC(O)CO)O[C@@H]1[C@@H]2O,InosineOnly_gen3
O=c1[nH]cnc2c1ncn2[C@@H]1O[C@H](CO)[C@@H](O)[C@H]1O,O=c1[nH]cnc2c1ncn2[C@@H]1O[C@H](CO)[C@H]2OCC(OCC(O)O)O[C@H]21,InosineOnly_gen3
O=c1[nH]cnc2c1ncn2[C@@H]1O[C@H](CO)[C@@H](O)[C@H]1O,CC(O)O[C@H]1[C@@H](O)[C@H](n2cnc3c(=O)n(C(=O)CO)cnc32)O[C@@H]1CO,InosineOnly_gen3
O=c1[nH]cnc2c1ncn2[C@@H]1O[C@H](CO)[C@@H](O)[C@H]1O,O=c1[nH]cnc2c1ncn2[C@@H]1O[C@@H]2COC(O)CO[C@H]2[C@H]1OC(O)CO,InosineOnly_gen3
O=c1[nH]cnc2c1ncn2[C@@H]1O[C@H](CO)[C@@H](O)[C@H]1O,CC(=O)O[C@H]1[C@@H](O)[C@H](n2cnc3c(=O)n(C(O)CO)cnc32)O[C@@H]1CO,InosineOnly_gen3
O=c1[nH]cnc2c1ncn2[C@@H]1O[C@H](CO)[C@@H](O)[C@H]1O,O=c1[nH]cnc2c1ncn2[C@@H]1O[C@@H]2COCC(O)O[C@H]2[C@H]1OCC(O)O,InosineOnly_gen3
O=c1[nH]cnc2c1ncn2[C@@H]1O[C@H](CO)[C@@H](O)[C@H]1O,CC(O)n1cnc2c(ncn2[C@@H]2O[C@H](COC(=O)CO)[C@@H](O)[C@H]2O)c1=O,InosineOnly_gen3
O=c1[nH]cnc2c1ncn2[C@@H]1O[C@H](CO)[C@@H](O)[C@H]1O,CC(O)O[C@@H]1[C@H](O)[C@@H](COC(=O)CO)O[C@H]1n1cnc2c(=O)[nH]cnc21,InosineOnly_gen3
O=c1[nH]cnc2c1ncn2[C@@H]1O[C@H](CO)[C@@H](O)[C@H]1O,CC(=O)OCC(O)O[C@@H]1[C@H](O)[C@@H](CO)O[C@H]1n1cnc2c(=O)[nH]cnc21,InosineOnly_gen3
O=c1[nH]cnc2c1ncn2[C@@H]1O[C@H](CO)[C@@H](O)[C@H]1O,CC(=O)OC(CO)O[C@H]1[C@@H](O)[C@H](n2cnc3c(=O)[nH]cnc32)O[C@@H]1CO,InosineOnly_gen3
O=c1[nH]cnc2c1ncn2[C@@H]1O[C@H](CO)[C@@H](O)[C@H]1O,CC(=O)n1cnc2c(ncn2[C@@H]2O[C@H](COC(O)CO)[C@@H](O)[C@H]2O)c1=O,InosineOnly_gen3
O=c1[nH]cnc2c1ncn2[C@@H]1O[C@H](CO)[C@@H](O)[C@H]1O,CC(=O)O[C@H]1[C@H]2OP(=O)(O)OC[C@H]1O[C@H]2n1cnc2c(=O)[nH]cnc21,InosineOnly_gen3
O=c1[nH]cnc2c1ncn2[C@@H]1O[C@H](CO)[C@@H](O)[C@H]1O,COC[C@H]1O[C@@H](n2cnc3c(=O)[nH]cnc32)[C@H](OC)[C@@H]1OP(=O)(O)O,InosineOnly_gen3
O=c1[nH]cnc2c1ncn2[C@@H]1O[C@H](CO)[C@@H](O)[C@H]1O,CCOC[C@H]1O[C@@H](n2cnc3c(=O)[nH]cnc32)[C@H](OP(=O)(O)O)[C@@H]1O,InosineOnly_gen3
O=c1[nH]cnc2c1ncn2[C@@H]1O[C@H](CO)[C@@H](O)[C@H]1O,CCO[C@@H]1[C@H](O)[C@@H](COS(=O)(=O)O)O[C@H]1n1cnc2c(=O)[nH]cnc21,InosineOnly_gen3
O=c1[nH]cnc2c1ncn2[C@@H]1O[C@H](CO)[C@@H](O)[C@H]1O,Cn1cnc2c(c1=O)[n+](C)cn2[C@@H]1O[C@H](CO)[C@@H](O)[C@H]1OP(=O)(O)O,InosineOnly_gen3
O=c1[nH]cnc2c1ncn2[C@@H]1O[C@H](CO)[C@@H](O)[C@H]1O,CO[C@H]1[C@@H](OP(=O)(O)O)[C@H](n2c[n+](C)c3c(=O)[nH]cnc32)O[C@@H]1CO,InosineOnly_gen3
O=c1[nH]cnc2c1ncn2[C@@H]1O[C@H](CO)[C@@H](O)[C@H]1O,COC[C@H]1O[C@@H](n2c[n+](C)c3c(=O)[nH]cnc32)[C@H](O)[C@@H]1OP(=O)(O)O,InosineOnly_gen3
O=c1[nH]cnc2c1ncn2[C@@H]1O[C@H](CO)[C@@H](O)[C@H]1O,CO[C@H]1[C@@H](O)[C@H](n2c[n+](C)c3c(=O)[nH]cnc32)O[C@@H]1COS(=O)(=O)O,InosineOnly_gen3
O=c1[nH]cnc2c1ncn2[C@@H]1O[C@H](CO)[C@@H](O)[C@H]1O,Cn1cnc2c(c1=O)[n+](C)cn2[C@@H]1O[C@H](COS(=O)(=O)O)[C@@H](O)[C@H]1O,InosineOnly_gen3
O=c1[nH]cnc2c1ncn2[C@@H]1O[C@H](CO)[C@@H](O)[C@H]1O,CC(=O)O[C@H]1[C@@H](O)[C@H](n2cnc3c(=O)n(C(C)(O)C#N)cnc32)O[C@@H]1CO,InosineOnly_gen3
O=c1[nH]cnc2c1ncn2[C@@H]1O[C@H](CO)[C@@H](O)[C@H]1O,CC(=O)n1cnc2c(ncn2[C@@H]2O[C@H](COC(C)(O)C#N)[C@@H](O)[C@H]2O)c1=O,InosineOnly_gen3
O=c1[nH]cnc2c1ncn2[C@@H]1O[C@H](CO)[C@@H](O)[C@H]1O,CC(=O)OC(C)(C#N)OC[C@H]1O[C@@H](n2cnc3c(=O)[nH]cnc32)[C@H](O)[C@@H]1O,InosineOnly_gen3
O=c1[nH]cnc2c1ncn2[C@@H]1O[C@H](CO)[C@@H](O)[C@H]1O,O=C(CCS(=O)O)OC[C@H]1O[C@@H](n2cnc3c(=O)[nH]cnc32)[C@H](O)[C@@H]1O,InosineOnly_gen3
O=c1[nH]cnc2c1ncn2[C@@H]1O[C@H](CO)[C@@H](O)[C@H]1O,CC(N)O[C@H]1[C@@H](O)[C@H](n2cnc3c(=O)[nH]cnc32)O[C@@H]1COP(=O)(O)O,InosineOnly_gen3
O=c1[nH]cnc2c1ncn2[C@@H]1O[C@H](CO)[C@@H](O)[C@H]1O,CC(N)O[C@@H]1[C@H](OS(=O)(=O)O)[C@@H](CO)O[C@H]1n1cnc2c(=O)[nH]cnc21,InosineOnly_gen3
Nc1ncnc2c1ncn2[C@@H]1O[C@H](CO)[C@@H](O)[C@H]1O,CO[C@H]1[C@@H](O)[C@H]2O[C@@H]1C(O)=Nc1ncnc3c1ncn32,AdenosineOnly_gen3
Nc1ncnc2c1ncn2[C@@H]1O[C@H](CO)[C@@H](O)[C@H]1O,OC[C@H]1O[C@@H]2[C@H](OC=Nc3ncnc4c3ncn42)[C@@H]1O,AdenosineOnly_gen3
Nc1ncnc2c1ncn2[C@@H]1O[C@H](CO)[C@@H](O)[C@H]1O,Nc1ncnc2c1ncn2[C@@]12O[C@H]([C@@H](C(=O)O)O1)[C@H]2O,AdenosineOnly_gen3
Nc1ncnc2c1ncn2[C@@H]1O[C@H](CO)[C@@H](O)[C@H]1O,Nc1ncnc2c1ncn2[C@@H]1O[C@H](C(=O)O)[C@H]2O[C@]21O,AdenosineOnly_gen3
Nc1ncnc2c1ncn2[C@@H]1O[C@H](CO)[C@@H](O)[C@H]1O,Nc1ncnc2c1ncn2[C@@H]1O[C@]2(C(=O)O)O[C@@H]1[C@@H]2O,AdenosineOnly_gen3
Nc1ncnc2c1ncn2[C@@H]1O[C@H](CO)[C@@H](O)[C@H]1O,Nc1ncnc2c1nc1n2[C@@H]2O[C@H](C(=O)O)[C@@H](O1)[C@H]2O,AdenosineOnly_gen3
Nc1ncnc2c1ncn2[C@@H]1O[C@H](CO)[C@@H](O)[C@H]1O,Nc1ncnc2c1ncn2[C@@]12OC(=O)[C@@H](O1)[C@@H](O)[C@H]2O,AdenosineOnly_gen3
Nc1ncnc2c1ncn2[C@@H]1O[C@H](CO)[C@@H](O)[C@H]1O,Nc1ncnc2c1ncn2[C@@]12OC(F)[C@@H](O1)[C@@H](O)[C@H]2O,AdenosineOnly_gen3
Nc1ncnc2c1ncn2[C@@H]1O[C@H](CO)[C@@H](O)[C@H]1O,Nc1ncnc2c1ncn2[C@@H]1O[C@@](O)(CO)[C@@H](O)[C@H]1O,AdenosineOnly_gen3
Nc1ncnc2c1ncn2[C@@H]1O[C@H](CO)[C@@H](O)[C@H]1O,Nc1ncnc2c1ncn2[C@@H]1O[C@H](CO)C(O)(O)[C@H]1O,AdenosineOnly_gen3
Nc1ncnc2c1ncn2[C@@H]1O[C@H](CO)[C@@H](O)[C@H]1O,C[C@]1(O)[C@@H](CO)O[C@@H]2[C@@H]1OC=Nc1ncnc3c1ncn32,AdenosineOnly_gen3
Nc1ncnc2c1ncn2[C@@H]1O[C@H](CO)[C@@H](O)[C@H]1O,Cc1nc2c3ncn(c3n1)[C@@H]1O[C@H](COC=N2)[C@@H](O)[C@H]1O,AdenosineOnly_gen3
Nc1ncnc2c1ncn2[C@@H]1O[C@H](CO)[C@@H](O)[C@H]1O,CC1OC=Nc2ncnc3c2ncn3[C@@H]2O[C@H]1[C@@H](O)[C@H]2O,AdenosineOnly_gen3
Nc1ncnc2c1ncn2[C@@H]1O[C@H](CO)[C@@H](O)[C@H]1O,C[C@@]12O[C@H](CO)[C@@H](OC=Nc3ncnc4c3ncn41)[C@H]2O,AdenosineOnly_gen3
Nc1ncnc2c1ncn2[C@@H]1O[C@H](CO)[C@@H](O)[C@H]1O,C[C@@]12OC=Nc3ncnc4c3ncn4[C@@H]1O[C@H](CO)[C@H]2O,AdenosineOnly_gen3
Nc1ncnc2c1ncn2[C@@H]1O[C@H](CO)[C@@H](O)[C@H]1O,Cc1nc2c3ncnc2n1[C@@H]1O[C@H](CO)[C@@H](O)[C@H]1OC=N3,AdenosineOnly_gen3
Nc1ncnc2c1ncn2[C@@H]1O[C@H](CO)[C@@H](O)[C@H]1O,CC(O)[C@H]1O[C@@H]2[C@H](OC=Nc3ncnc4c3ncn42)[C@@H]1O,AdenosineOnly_gen3
Nc1ncnc2c1ncn2[C@@H]1O[C@H](CO)[C@@H](O)[C@H]1O,C[C@]1(O)[C@H](O)[C@H]2COC=Nc3ncnc4c3ncn4[C@@H]1O2,AdenosineOnly_gen3
Nc1ncnc2c1ncn2[C@@H]1O[C@H](CO)[C@@H](O)[C@H]1O,C[C@@]1(CO)O[C@@H]2[C@H](OC=Nc3ncnc4c3ncn42)[C@@H]1O,AdenosineOnly_gen3
Nc1ncnc2c1ncn2[C@@H]1O[C@H](CO)[C@@H](O)[C@H]1O,Cc1nc2c3ncn(c3n1)[C@@H]1O[C@H](CO)[C@@H](OC=N2)[C@H]1O,AdenosineOnly_gen3
Nc1ncnc2c1ncn2[C@@H]1O[C@H](CO)[C@@H](O)[C@H]1O,O=CNc1ncnc2c1ncn2[C@@H]1O[C@@H]2CO[C@]1(O)[C@@H]2O,AdenosineOnly_gen3
Nc1ncnc2c1ncn2[C@@H]1O[C@H](CO)[C@@H](O)[C@H]1O,O=CNc1ncnc2c1ncn2[C@]12O[C@@H]([C@H]1O)[C@@H](CO)O2,AdenosineOnly_gen3
Nc1ncnc2c1ncn2[C@@H]1O[C@H](CO)[C@@H](O)[C@H]1O,Nc1ncnc2c1nc1n2[C@@H]2O[C@H](CO1)[C@@H](O)[C@H]2OC=O,AdenosineOnly_gen3
Nc1ncnc2c1ncn2[C@@H]1O[C@H](CO)[C@@H](O)[C@H]1O,O=CNc1ncnc2c1ncn2[C@@H]1O[C@@H]2C(O)O[C@@H]1[C@@H]2O,AdenosineOnly_gen3
Nc1ncnc2c1ncn2[C@@H]1O[C@H](CO)[C@@H](O)[C@H]1O,Nc1ncnc2c1ncn2[C@@H]1O[C@@H]2C(OC=O)O[C@H]2[C@H]1O,AdenosineOnly_gen3
Nc1ncnc2c1ncn2[C@@H]1O[C@H](CO)[C@@H](O)[C@H]1O,Nc1nc2nc3c1ncn3[C@@H]1O[C@H](COC=O)[C@@H](O2)[C@H]1O,AdenosineOnly_gen3
Nc1ncnc2c1ncn2[C@@H]1O[C@H](CO)[C@@H](O)[C@H]1O,Nc1ncnc2c1nc1n2[C@@H]2O[C@H](CO)[C@@H](O1)[C@H]2OC=O,AdenosineOnly_gen3
Nc1ncnc2c1ncn2[C@@H]1O[C@H](CO)[C@@H](O)[C@H]1O,Nc1ncnc2c1ncn2[C@]12O[C@@H]1[C@H](O)[C@@H](COC=O)O2,AdenosineOnly_gen3
Nc1ncnc2c1ncn2[C@@H]1O[C@H](CO)[C@@H](O)[C@H]1O,O=CNc1nc2nc3c1ncn3[C@@H]1O[C@H](CO2)[C@@H](O)[C@H]1O,AdenosineOnly_gen3
Nc1ncnc2c1ncn2[C@@H]1O[C@H](CO)[C@@H](O)[C@H]1O,Nc1ncnc2c1ncn2[C@@H]1O[C@@H]2C(O)O[C@H]2[C@H]1OC=O,AdenosineOnly_gen3
Nc1ncnc2c1ncn2[C@@H]1O[C@H](CO)[C@@H](O)[C@H]1O,Nc1ncnc2c1ncn2[C@@H]1O[C@]2(COC=O)O[C@H]2[C@H]1O,AdenosineOnly_gen3
Nc1ncnc2c1ncn2[C@@H]1O[C@H](CO)[C@@H](O)[C@H]1O,O=CNc1ncnc2c1nc1n2[C@@H]2O[C@H](CO)[C@@H](O)[C@H]2O1,AdenosineOnly_gen3
Nc1ncnc2c1ncn2[C@@H]1O[C@H](CO)[C@@H](O)[C@H]1O,O=CNc1ncnc2c1ncn2[C@@]12OC[C@@H](O1)[C@@H](O)[C@H]2O,AdenosineOnly_gen3
Nc1ncnc2c1ncn2[C@@H]1O[C@H](CO)[C@@H](O)[C@H]1O,O=CNc1ncnc2c1nc1n2[C@@H]2O[C@H](CO1)[C@@H](O)[C@H]2O,AdenosineOnly_gen3
Nc1ncnc2c1ncn2[C@@H]1O[C@H](CO)[C@@H](O)[C@H]1O,Nc1ncnc2c1ncn2[C@@]12OC[C@@H](O1)[C@@H](OC=O)[C@H]2O,AdenosineOnly_gen3
Nc1ncnc2c1ncn2[C@@H]1O[C@H](CO)[C@@H](O)[C@H]1O,Nc1ncnc2c1ncn2[C@@H]1O[C@@H]2CO[C@@]2(O)[C@H]1OC=O,AdenosineOnly_gen3
Nc1ncnc2c1ncn2[C@@H]1O[C@H](CO)[C@@H](O)[C@H]1O,CCO[C@]12OC[C@@H](O[C@H]1n1cnc3c(N)ncnc31)[C@H]2O,AdenosineOnly_gen3
Nc1ncnc2c1ncn2[C@@H]1O[C@H](CO)[C@@H](O)[C@H]1O,CCOC[C@H]1O[C@@H](n2cnc3c(N)ncnc32)[C@@H]2O[C@]12O,AdenosineOnly_gen3
Nc1ncnc2c1ncn2[C@@H]1O[C@H](CO)[C@@H](O)[C@H]1O,CC1Nc2ncnc3c2ncn3[C@@H]2O[C@H](CO)[C@@H](O1)[C@H]2O,AdenosineOnly_gen3
Nc1ncnc2c1ncn2[C@@H]1O[C@H](CO)[C@@H](O)[C@H]1O,Nc1nc2nc3c1ncn3[C@@H]1O[C@H](CO2)[C@@H](OCO)[C@H]1O,AdenosineOnly_gen3
Nc1ncnc2c1ncn2[C@@H]1O[C@H](CO)[C@@H](O)[C@H]1O,COC1Oc2nc3c(N)ncnc3n2[C@@H]2O[C@H]1[C@@H](O)[C@H]2O,AdenosineOnly_gen3
Nc1ncnc2c1ncn2[C@@H]1O[C@H](CO)[C@@H](O)[C@H]1O,CO[C@]12O[C@H]1[C@H](n1cnc3c(N)ncnc31)O[C@@H]2C(O)O,AdenosineOnly_gen3
Nc1ncnc2c1ncn2[C@@H]1O[C@H](CO)[C@@H](O)[C@H]1O,CO[C@H]1[C@H](n2cnc3c(N)ncnc32)O[C@]2(OC2O)[C@H]1O,AdenosineOnly_gen3
Nc1ncnc2c1ncn2[C@@H]1O[C@H](CO)[C@@H](O)[C@H]1O,CO[C@H]1[C@H]2O[C@@]1(C(O)O)O[C@H]2n1cnc2c(N)ncnc21,AdenosineOnly_gen3
Nc1ncnc2c1ncn2[C@@H]1O[C@H](CO)[C@@H](O)[C@H]1O,COC1O[C@]2(O)[C@@H]1O[C@@H](n1cnc3c(N)ncnc31)[C@@H]2O,AdenosineOnly_gen3
Nc1ncnc2c1ncn2[C@@H]1O[C@H](CO)[C@@H](O)[C@H]1O,COC(O)[C@H]1O[C@@H](n2cnc3c(N)ncnc32)[C@]2(O)O[C@H]12,AdenosineOnly_gen3
Nc1ncnc2c1ncn2[C@@H]1O[C@H](CO)[C@@H](O)[C@H]1O,CO[C@@H]1[C@H](O)[C@@H]2O[C@@]1(n1cnc3c(N)ncnc31)OC2O,AdenosineOnly_gen3
Nc1ncnc2c1ncn2[C@@H]1O[C@H](CO)[C@@H](O)[C@H]1O,CO[C@@]12OC(O)[C@H]1O[C@@H](n1cnc3c(N)ncnc31)[C@@H]2O,AdenosineOnly_gen3
Nc1ncnc2c1ncn2[C@@H]1O[C@H](CO)[C@@H](O)[C@H]1O,CO[C@]12OC(O)[C@@H](O[C@H]1n1cnc3c(N)ncnc31)[C@H]2O,AdenosineOnly_gen3
Nc1ncnc2c1ncn2[C@@H]1O[C@H](CO)[C@@H](O)[C@H]1O,COC1Oc2nc(N)c3ncn(c3n2)[C@@H]2O[C@H]1[C@@H](O)[C@H]2O,AdenosineOnly_gen3
Nc1ncnc2c1ncn2[C@@H]1O[C@H](CO)[C@@H](O)[C@H]1O,CO[C@@H]1[C@@H]2Oc3nc4c(N)ncnc4n3[C@@H]1O[C@@H]2C(O)O,AdenosineOnly_gen3
Nc1ncnc2c1ncn2[C@@H]1O[C@H](CO)[C@@H](O)[C@H]1O,Nc1ncnc2c1ncn2[C@@H]1O[C@@H]2C(O)OCO[C@H]2[C@H]1O,AdenosineOnly_gen3
Nc1ncnc2c1ncn2[C@@H]1O[C@H](CO)[C@@H](O)[C@H]1O,CO[C@@H]1[C@@H]2Oc3nc(N)c4ncn(c4n3)[C@@H]1O[C@@H]2C(O)O,AdenosineOnly_gen3
Nc1ncnc2c1ncn2[C@@H]1O[C@H](CO)[C@@H](O)[C@H]1O,CO[C@@H]1[C@@H]2O[C@@H](n3cnc4c(N)ncnc43)[C@]1(O)OC2O,AdenosineOnly_gen3
Nc1ncnc2c1ncn2[C@@H]1O[C@H](CO)[C@@H](O)[C@H]1O,CO[C@@H]1[C@@H](C(O)O)O[C@@]2(n3cnc4c(N)ncnc43)O[C@H]12,AdenosineOnly_gen3
Nc1ncnc2c1ncn2[C@@H]1O[C@H](CO)[C@@H](O)[C@H]1O,COC1O[C@]12O[C@@H](n1cnc3c(N)ncnc31)[C@H](O)[C@@H]2O,AdenosineOnly_gen3
Nc1ncnc2c1ncn2[C@@H]1O[C@H](CO)[C@@H](O)[C@H]1O,NCO[C@H]1[C@@H](O)[C@H](n2cnc3c(N)ncnc32)O[C@@H]1CO,AdenosineOnly_gen3
Nc1ncnc2c1ncn2[C@@H]1O[C@H](CO)[C@@H](O)[C@H]1O,CO[C@H]1[C@@H](O)[C@H](n2cnc3c(N)ncnc32)O[C@@H]1C(O)O,AdenosineOnly_gen3
Nc1ncnc2c1ncn2[C@@H]1O[C@H](CO)[C@@H](O)[C@H]1O,Nc1ncnc2c1ncn2[C@@H]1O[C@@](O)(C(O)O)[C@@H](O)[C@H]1O,AdenosineOnly_gen3
Nc1ncnc2c1ncn2[C@@H]1O[C@H](CO)[C@@H](O)[C@H]1O,Nc1ncnc2c1ncn2[C@@]1(O)O[C@H](C(O)O)[C@@H](O)[C@H]1O,AdenosineOnly_gen3
Nc1ncnc2c1ncn2[C@@H]1O[C@H](CO)[C@@H](O)[C@H]1O,Nc1ncnc2c1ncn2[C@@H]1O[C@H](C(O)O)[C@@H](O)C1(O)O,AdenosineOnly_gen3
Nc1ncnc2c1ncn2[C@@H]1O[C@H](CO)[C@@H](O)[C@H]1O,CC1=Nc2ncnc3c2ncn3[C@@H]2O[C@H](C(=O)O)[C@@H](O)[C@H]2O1,AdenosineOnly_gen3
Nc1ncnc2c1ncn2[C@@H]1O[C@H](CO)[C@@H](O)[C@H]1O,CC(=O)O[C@@H]1[C@H](O)[C@@H]2O[C@H]1n1cnc3c(ncnc31)N=C2O,AdenosineOnly_gen3
Nc1ncnc2c1ncn2[C@@H]1O[C@H](CO)[C@@H](O)[C@H]1O,CC(=O)OC1=Nc2ncnc3c2ncn3[C@@H]2O[C@H]1[C@@H](O)[C@H]2O,AdenosineOnly_gen3
Nc1ncnc2c1ncn2[C@@H]1O[C@H](CO)[C@@H](O)[C@H]1O,CC1=Nc2ncnc3c2ncn3[C@@H]2O[C@H](C(=O)O1)[C@@H](O)[C@H]2O,AdenosineOnly_gen3
Nc1ncnc2c1ncn2[C@@H]1O[C@H](CO)[C@@H](O)[C@H]1O,CC1=Nc2ncnc3c2ncn3[C@@H]2O[C@H](CO)[C@@H](O1)[C@]2(C)O,AdenosineOnly_gen3
Nc1ncnc2c1ncn2[C@@H]1O[C@H](CO)[C@@H](O)[C@H]1O,CC1=Nc2ncnc3c2ncn3[C@@]2(C)O[C@H](CO)[C@@H](O)[C@H]2O1,AdenosineOnly_gen3
Nc1ncnc2c1ncn2[C@@H]1O[C@H](CO)[C@@H](O)[C@H]1O,CC1=Nc2ncnc3c2ncn3[C@@H]2O[C@@](C)(CO1)[C@@H](O)[C@H]2O,AdenosineOnly_gen3
Nc1ncnc2c1ncn2[C@@H]1O[C@H](CO)[C@@H](O)[C@H]1O,CC1=Nc2ncnc3c2ncn3[C@@H]2O[C@H](CO)[C@](C)(O1)[C@H]2O,AdenosineOnly_gen3
Nc1ncnc2c1ncn2[C@@H]1O[C@H](CO)[C@@H](O)[C@H]1O,CC1=Nc2nc(C)nc3c2ncn3[C@@H]2O[C@H](CO)[C@@H](O)[C@H]2O1,AdenosineOnly_gen3
Nc1ncnc2c1ncn2[C@@H]1O[C@H](CO)[C@@H](O)[C@H]1O,CC1=Nc2ncnc3c2ncn3[C@@H]2O[C@H](C(C)O1)[C@@H](O)[C@H]2O,AdenosineOnly_gen3
Nc1ncnc2c1ncn2[C@@H]1O[C@H](CO)[C@@H](O)[C@H]1O,CO[C@H]1[C@H]2OC(C)=Nc3ncnc4c3ncn4[C@@H]2O[C@@H]1CO,AdenosineOnly_gen3
Nc1ncnc2c1ncn2[C@@H]1O[C@H](CO)[C@@H](O)[C@H]1O,CC1=Nc2ncnc3c2nc(C)n3[C@@H]2O[C@H](CO)[C@@H](O1)[C@H]2O,AdenosineOnly_gen3
Nc1ncnc2c1ncn2[C@@H]1O[C@H](CO)[C@@H](O)[C@H]1O,CC1=Nc2ncnc3c2ncn3[C@@H]2O[C@@](C)(CO)[C@@H](O1)[C@H]2O,AdenosineOnly_gen3
Nc1ncnc2c1ncn2[C@@H]1O[C@H](CO)[C@@H](O)[C@H]1O,CC1=Nc2ncnc3c2nc(C)n3[C@@H]2O[C@H](CO1)[C@@H](O)[C@H]2O,AdenosineOnly_gen3
Nc1ncnc2c1ncn2[C@@H]1O[C@H](CO)[C@@H](O)[C@H]1O,CC1=Nc2ncnc3c2ncn3[C@@H]2O[C@H](CO1)[C@](C)(O)[C@H]2O,AdenosineOnly_gen3
Nc1ncnc2c1ncn2[C@@H]1O[C@H](CO)[C@@H](O)[C@H]1O,CC1=Nc2ncnc3c2ncn3[C@@H]2O[C@H](C(C)O)[C@@H](O1)[C@H]2O,AdenosineOnly_gen3
Nc1ncnc2c1ncn2[C@@H]1O[C@H](CO)[C@@H](O)[C@H]1O,CC1=Nc2ncnc3c2ncn3[C@@]2(C)O[C@H](CO1)[C@@H](O)[C@H]2O,AdenosineOnly_gen3
Nc1ncnc2c1ncn2[C@@H]1O[C@H](CO)[C@@H](O)[C@H]1O,CC(=O)O[C@@H]1[C@H](O)[C@H]2COc3nc(N)c4ncn(c4n3)[C@@H]1O2,AdenosineOnly_gen3
Nc1ncnc2c1ncn2[C@@H]1O[C@H](CO)[C@@H](O)[C@H]1O,OCC1=Nc2ncnc3c2ncn3[C@@H]2O[C@H](CO)[C@@H](O1)[C@H]2O,AdenosineOnly_gen3
Nc1ncnc2c1ncn2[C@@H]1O[C@H](CO)[C@@H](O)[C@H]1O,CC(=O)O[C@H]1[C@H]2OC(O)[C@H]1O[C@H]2n1cnc2c(N)ncnc21,AdenosineOnly_gen3
Nc1ncnc2c1ncn2[C@@H]1O[C@H](CO)[C@@H](O)[C@H]1O,COC1=Nc2ncnc3c2ncn3[C@@H]2O[C@H](CO)[C@@H](O)[C@H]2O1,AdenosineOnly_gen3
Nc1ncnc2c1ncn2[C@@H]1O[C@H](CO)[C@@H](O)[C@H]1O,COC1=Nc2ncnc3c2ncn3[C@@H]2O[C@H](CO1)[C@@H](O)[C@H]2O,AdenosineOnly_gen3
Nc1ncnc2c1ncn2[C@@H]1O[C@H](CO)[C@@H](O)[C@H]1O,N#C[C@]1(O)[C@@H](C(O)O)O[C@@H](n2cnc3c(N)ncnc32)[C@@H]1O,AdenosineOnly_gen3
Nc1ncnc2c1ncn2[C@@H]1O[C@H](CO)[C@@H](O)[C@H]1O,N#Cc1nc2c(N)ncnc2n1[C@@H]1O[C@H](C(O)O)[C@@H](O)[C@H]1O,AdenosineOnly_gen3
Nc1ncnc2c1ncn2[C@@H]1O[C@H](CO)[C@@H](O)[C@H]1O,C[C@@]1(O)[C@H]2O[C@]2(n2cnc3c(NCO)ncnc32)O[C@@H]1CO,AdenosineOnly_gen3
Nc1ncnc2c1ncn2[C@@H]1O[C@H](CO)[C@@H](O)[C@H]1O,C[C@]1(O)[C@@H]2O[C@]1(n1cnc3c(NCO)ncnc31)O[C@@H]2CO,AdenosineOnly_gen3
Nc1ncnc2c1ncn2[C@@H]1O[C@H](CO)[C@@H](O)[C@H]1O,Cc1nc(N)c2ncn([C@@H]3O[C@@H]4CO[C@@]4(OCO)[C@H]3O)c2n1,AdenosineOnly_gen3
Nc1ncnc2c1ncn2[C@@H]1O[C@H](CO)[C@@H](O)[C@H]1O,Cc1nc(NCO)c2ncn([C@]34O[C@@H]([C@H]3O)[C@@H](CO)O4)c2n1,AdenosineOnly_gen3
Nc1ncnc2c1ncn2[C@@H]1O[C@H](CO)[C@@H](O)[C@H]1O,C[C@]1(n2cnc3c(N)ncnc32)O[C@@H]2CO[C@]1(OCO)[C@@H]2O,AdenosineOnly_gen3
Nc1ncnc2c1ncn2[C@@H]1O[C@H](CO)[C@@H](O)[C@H]1O,Cc1nc(N)c2ncn([C@@H]3O[C@H](CO)[C@H]4O[C@]43OCO)c2n1,AdenosineOnly_gen3
Nc1ncnc2c1ncn2[C@@H]1O[C@H](CO)[C@@H](O)[C@H]1O,C[C@@]12O[C@@](COCO)(O[C@H]1n1cnc3c(N)ncnc31)[C@H]2O,AdenosineOnly_gen3
Nc1ncnc2c1ncn2[C@@H]1O[C@H](CO)[C@@H](O)[C@H]1O,C[C@]1(O)[C@H](O)[C@]2(CO2)O[C@H]1n1cnc2c(NCO)ncnc21,AdenosineOnly_gen3
Nc1ncnc2c1ncn2[C@@H]1O[C@H](CO)[C@@H](O)[C@H]1O,CC(O)[C@]12O[C@@H](n3cnc4c(NCO)ncnc43)[C@H](O)[C@@H]1O2,AdenosineOnly_gen3
Nc1ncnc2c1ncn2[C@@H]1O[C@H](CO)[C@@H](O)[C@H]1O,Cc1nc2c(N)ncnc2n1[C@@H]1O[C@@H]2C(OCO)O[C@@H]1[C@@H]2O,AdenosineOnly_gen3
Nc1ncnc2c1ncn2[C@@H]1O[C@H](CO)[C@@H](O)[C@H]1O,Nc1nc2nc3c1ncn3[C@@H]1O[C@H](CO)[C@@H](OCO)[C@H]1OC2,AdenosineOnly_gen3
Nc1ncnc2c1ncn2[C@@H]1O[C@H](CO)[C@@H](O)[C@H]1O,C[C@]12CO[C@@]1(O)[C@@H](OCO)[C@H](n1cnc3c(N)ncnc31)O2,AdenosineOnly_gen3
Nc1ncnc2c1ncn2[C@@H]1O[C@H](CO)[C@@H](O)[C@H]1O,CC(O)[C@H]1O[C@@H]2[C@H](O)[C@@H]1Oc1nc3c(NCO)ncnc3n12,AdenosineOnly_gen3
Nc1ncnc2c1ncn2[C@@H]1O[C@H](CO)[C@@H](O)[C@H]1O,C[C@@]1(OCO)[C@@H](O)[C@H](n2cnc3c(N)ncnc32)O[C@@]12CO2,AdenosineOnly_gen3
Nc1ncnc2c1ncn2[C@@H]1O[C@H](CO)[C@@H](O)[C@H]1O,Cc1nc(NCO)c2ncn([C@@H]3O[C@@H]4C(O)O[C@H]4[C@H]3O)c2n1,AdenosineOnly_gen3
Nc1ncnc2c1ncn2[C@@H]1O[C@H](CO)[C@@H](O)[C@H]1O,CC(OCO)[C@H]1O[C@@H]2[C@H](O)[C@@H]1Oc1nc3c(N)ncnc3n12,AdenosineOnly_gen3
Nc1ncnc2c1ncn2[C@@H]1O[C@H](CO)[C@@H](O)[C@H]1O,C[C@]1(n2cnc3c(N)ncnc32)O[C@@H]2C(O)O[C@H]2[C@H]1OCO,AdenosineOnly_gen3
Nc1ncnc2c1ncn2[C@@H]1O[C@H](CO)[C@@H](O)[C@H]1O,C[C@]12Oc3nc4c(NCO)ncnc4n3[C@H](O[C@@H]1CO)[C@@H]2O,AdenosineOnly_gen3
Nc1ncnc2c1ncn2[C@@H]1O[C@H](CO)[C@@H](O)[C@H]1O,C[C@]1(n2cnc3c(N)ncnc32)O[C@@]2(CO2)[C@@H](OCO)[C@H]1O,AdenosineOnly_gen3
Nc1ncnc2c1ncn2[C@@H]1O[C@H](CO)[C@@H](O)[C@H]1O,Cc1nc2c(NCO)nc3nc2n1[C@@H]1O[C@H](CO3)[C@@H](O)[C@H]1O,AdenosineOnly_gen3
Nc1ncnc2c1ncn2[C@@H]1O[C@H](CO)[C@@H](O)[C@H]1O,CC1Oc2nc3c(N)ncnc3n2[C@@H]2O[C@H]1[C@@H](OCO)[C@H]2O,AdenosineOnly_gen3
Nc1ncnc2c1ncn2[C@@H]1O[C@H](CO)[C@@H](O)[C@H]1O,C[C@]1(O)[C@H]2COc3nc(N)c4ncn(c4n3)[C@H](O2)[C@@H]1OCO,AdenosineOnly_gen3
Nc1ncnc2c1ncn2[C@@H]1O[C@H](CO)[C@@H](O)[C@H]1O,C[C@]1(OCO)[C@@H](CO)O[C@@H]2[C@@H]1Oc1nc3c(N)ncnc3n12,AdenosineOnly_gen3
Nc1ncnc2c1ncn2[C@@H]1O[C@H](CO)[C@@H](O)[C@H]1O,C[C@]12Oc3nc(N)c4ncn(c4n3)[C@H](O[C@@H]1COCO)[C@@H]2O,AdenosineOnly_gen3
Nc1ncnc2c1ncn2[C@@H]1O[C@H](CO)[C@@H](O)[C@H]1O,C[C@]1(O)[C@@H]2O[C@@H](n3cnc4c(NCO)ncnc43)[C@@H]1OC2O,AdenosineOnly_gen3
Nc1ncnc2c1ncn2[C@@H]1O[C@H](CO)[C@@H](O)[C@H]1O,C[C@]1(O)[C@H](OCO)[C@H]2COc3nc4c(N)ncnc4n3[C@@H]1O2,AdenosineOnly_gen3
Nc1ncnc2c1ncn2[C@@H]1O[C@H](CO)[C@@H](O)[C@H]1O,CC(OCO)[C@]12O[C@@H]([C@H](n3cnc4c(N)ncnc43)O1)[C@@H]2O,AdenosineOnly_gen3
Nc1ncnc2c1ncn2[C@@H]1O[C@H](CO)[C@@H](O)[C@H]1O,C[C@@]12OC(OCO)[C@@H](O[C@H]1n1cnc3c(N)ncnc31)[C@H]2O,AdenosineOnly_gen3
Nc1ncnc2c1ncn2[C@@H]1O[C@H](CO)[C@@H](O)[C@H]1O,Cc1nc2c(NCO)nc3nc2n1[C@@H]1O[C@H](CO)[C@@H](O)[C@H]1O3,AdenosineOnly_gen3
Nc1ncnc2c1ncn2[C@@H]1O[C@H](CO)[C@@H](O)[C@H]1O,C[C@@]12COc3nc4c(N)ncnc4n3[C@H](O1)[C@H](O)[C@@H]2OCO,AdenosineOnly_gen3
Nc1ncnc2c1ncn2[C@@H]1O[C@H](CO)[C@@H](O)[C@H]1O,Cc1nc2c(N)ncnc2n1[C@]12O[C@@H]1[C@H](O)[C@@H](COCO)O2,AdenosineOnly_gen3
Nc1ncnc2c1ncn2[C@@H]1O[C@H](CO)[C@@H](O)[C@H]1O,C[C@@]1(CO)O[C@@]2(n3cnc4c(NCO)ncnc43)O[C@H]1[C@H]2O,AdenosineOnly_gen3
Nc1ncnc2c1ncn2[C@@H]1O[C@H](CO)[C@@H](O)[C@H]1O,C[C@]1(OCO)[C@H](O)[C@H]2COc3nc(N)c4ncn(c4n3)[C@@H]1O2,AdenosineOnly_gen3
Nc1ncnc2c1ncn2[C@@H]1O[C@H](CO)[C@@H](O)[C@H]1O,Cc1nc2c(NCO)ncnc2n1[C@]12O[C@@H]([C@H]1O)[C@@H](CO)O2,AdenosineOnly_gen3
Nc1ncnc2c1ncn2[C@@H]1O[C@H](CO)[C@@H](O)[C@H]1O,C[C@@]12O[C@]1(n1cnc3c(N)ncnc31)O[C@H](COCO)[C@H]2O,AdenosineOnly_gen3
Nc1ncnc2c1ncn2[C@@H]1O[C@H](CO)[C@@H](O)[C@H]1O,C[C@@]12Oc3nc(NCO)c4ncn(c4n3)[C@@H]1O[C@H](CO)[C@H]2O,AdenosineOnly_gen3
Nc1ncnc2c1ncn2[C@@H]1O[C@H](CO)[C@@H](O)[C@H]1O,C[C@@]1(COCO)O[C@@H](n2cnc3c(N)ncnc32)[C@]2(O)O[C@@H]21,AdenosineOnly_gen3
Nc1ncnc2c1ncn2[C@@H]1O[C@H](CO)[C@@H](O)[C@H]1O,CC1O[C@]2(O)[C@H](OCO)[C@@H]1O[C@H]2n1cnc2c(N)ncnc21,AdenosineOnly_gen3
Nc1ncnc2c1ncn2[C@@H]1O[C@H](CO)[C@@H](O)[C@H]1O,Cc1nc(N)c2ncn([C@@H]3O[C@@H]4CO[C@]3(O)[C@@H]4OCO)c2n1,AdenosineOnly_gen3
Nc1ncnc2c1ncn2[C@@H]1O[C@H](CO)[C@@H](O)[C@H]1O,C[C@@]12O[C@@]1(OCO)[C@H](n1cnc3c(N)ncnc31)O[C@@H]2CO,AdenosineOnly_gen3
Nc1ncnc2c1ncn2[C@@H]1O[C@H](CO)[C@@H](O)[C@H]1O,Nc1ncnc2c1ncn2[C@@H]1O[C@@H]2COC[C@@]2(O)[C@H]1OCO,AdenosineOnly_gen3
Nc1ncnc2c1ncn2[C@@H]1O[C@H](CO)[C@@H](O)[C@H]1O,C[C@@]12CO[C@@](OCO)([C@H](n3cnc4c(N)ncnc43)O1)[C@@H]2O,AdenosineOnly_gen3
Nc1ncnc2c1ncn2[C@@H]1O[C@H](CO)[C@@H](O)[C@H]1O,CC1O[C@]2(n3cnc4c(N)ncnc43)O[C@H]1[C@@H](OCO)[C@H]2O,AdenosineOnly_gen3
Nc1ncnc2c1ncn2[C@@H]1O[C@H](CO)[C@@H](O)[C@H]1O,Cc1nc(N)c2ncn([C@@H]3O[C@]4(COCO)O[C@H]4[C@H]3O)c2n1,AdenosineOnly_gen3
Nc1ncnc2c1ncn2[C@@H]1O[C@H](CO)[C@@H](O)[C@H]1O,C[C@@]1(OCO)[C@H](n2cnc3c(N)ncnc32)O[C@@H]2CO[C@]21O,AdenosineOnly_gen3
Nc1ncnc2c1ncn2[C@@H]1O[C@H](CO)[C@@H](O)[C@H]1O,C[C@@]1(CO)O[C@@H]2[C@H](Oc3nc4c(N)ncnc4n32)[C@@H]1OCO,AdenosineOnly_gen3
Nc1ncnc2c1ncn2[C@@H]1O[C@H](CO)[C@@H](O)[C@H]1O,CO[C@H]1[C@@H](O)[C@H](n2cnc3c(N)ncnc32)O[C@@H]1COC=O,AdenosineOnly_gen3
Nc1ncnc2c1ncn2[C@@H]1O[C@H](CO)[C@@H](O)[C@H]1O,C[C@@]12O[C@H](COCO)[C@@H](Oc3nc(N)c4ncn1c4n3)[C@H]2O,AdenosineOnly_gen3
Nc1ncnc2c1ncn2[C@@H]1O[C@H](CO)[C@@H](O)[C@H]1O,C[C@]12O[C@]1(O)[C@@H](COCO)O[C@H]2n1cnc2c(N)ncnc21,AdenosineOnly_gen3
Nc1ncnc2c1ncn2[C@@H]1O[C@H](CO)[C@@H](O)[C@H]1O,C[C@]1(OCO)[C@@H](CO)O[C@@H]2[C@@H]1Oc1nc(N)c3ncn2c3n1,AdenosineOnly_gen3
Nc1ncnc2c1ncn2[C@@H]1O[C@H](CO)[C@@H](O)[C@H]1O,Nc1ncnc2c1ncn2[C@@H]1O[C@@H]2C(O)CO[C@@H]1[C@@H]2OCO,AdenosineOnly_gen3
Nc1ncnc2c1ncn2[C@@H]1O[C@H](CO)[C@@H](O)[C@H]1O,C[C@@]1(CO)O[C@@H](n2cnc3c(NCO)ncnc32)[C@@H]2O[C@@]21O,AdenosineOnly_gen3
Nc1ncnc2c1ncn2[C@@H]1O[C@H](CO)[C@@H](O)[C@H]1O,Cc1nc2c(N)ncnc2n1[C@@H]1O[C@@]2(CO2)[C@@H](O)[C@H]1OCO,AdenosineOnly_gen3
Nc1ncnc2c1ncn2[C@@H]1O[C@H](CO)[C@@H](O)[C@H]1O,C[C@]1(n2cnc3c(NCO)ncnc32)O[C@@]2(CO2)[C@@H](O)[C@H]1O,AdenosineOnly_gen3
Nc1ncnc2c1ncn2[C@@H]1O[C@H](CO)[C@@H](O)[C@H]1O,OCNc1ncnc2c1ncn2[C@@H]1O[C@]2(CO)CO[C@@H]1[C@@H]2O,AdenosineOnly_gen3
Nc1ncnc2c1ncn2[C@@H]1O[C@H](CO)[C@@H](O)[C@H]1O,C[C@@]1(CO)O[C@@H]2[C@H](O)[C@@H]1Oc1nc(NCO)c3ncn2c3n1,AdenosineOnly_gen3
Nc1ncnc2c1ncn2[C@@H]1O[C@H](CO)[C@@H](O)[C@H]1O,C[C@@]12O[C@H](COc3nc(N)c4ncn1c4n3)[C@@H](O)[C@H]2OCO,AdenosineOnly_gen3
Nc1ncnc2c1ncn2[C@@H]1O[C@H](CO)[C@@H](O)[C@H]1O,C[C@]1(n2cnc3c(N)ncnc32)O[C@]2(COCO)O[C@H]2[C@H]1O,AdenosineOnly_gen3
Nc1ncnc2c1ncn2[C@@H]1O[C@H](CO)[C@@H](O)[C@H]1O,C[C@]1(O)[C@@H]2Oc3nc(N)c4ncn(c4n3)[C@@H]1O[C@@H]2COCO,AdenosineOnly_gen3
Nc1ncnc2c1ncn2[C@@H]1O[C@H](CO)[C@@H](O)[C@H]1O,C[C@@]12O[C@@H](n3cnc4c(N)ncnc43)[C@H](O)[C@@H]1OC2OCO,AdenosineOnly_gen3
Nc1ncnc2c1ncn2[C@@H]1O[C@H](CO)[C@@H](O)[C@H]1O,Cc1nc(NCO)c2ncn([C@@H]3O[C@]4(CO)O[C@@H]3[C@@H]4O)c2n1,AdenosineOnly_gen3
Nc1ncnc2c1ncn2[C@@H]1O[C@H](CO)[C@@H](O)[C@H]1O,CC(OCO)[C@H]1O[C@@H](n2cnc3c(N)ncnc32)[C@@H]2O[C@]12O,AdenosineOnly_gen3
Nc1ncnc2c1ncn2[C@@H]1O[C@H](CO)[C@@H](O)[C@H]1O,C[C@@]12OC(O)[C@@H](O[C@H]1n1cnc3c(NCO)ncnc31)[C@H]2O,AdenosineOnly_gen3
Nc1ncnc2c1ncn2[C@@H]1O[C@H](CO)[C@@H](O)[C@H]1O,C[C@]12O[C@H](CO)[C@@H](O)[C@H]1Oc1nc3c(NCO)ncnc3n12,AdenosineOnly_gen3
Nc1ncnc2c1ncn2[C@@H]1O[C@H](CO)[C@@H](O)[C@H]1O,C[C@]12O[C@H](CO)[C@@H](OCO)[C@H]1Oc1nc(N)c3ncn2c3n1,AdenosineOnly_gen3
Nc1ncnc2c1ncn2[C@@H]1O[C@H](CO)[C@@H](O)[C@H]1O,Cc1nc2c(NCO)ncnc2n1[C@@H]1O[C@@H]2C(O)O[C@@H]1[C@@H]2O,AdenosineOnly_gen3
Nc1ncnc2c1ncn2[C@@H]1O[C@H](CO)[C@@H](O)[C@H]1O,C[C@]12O[C@@H](n3cnc4c(N)ncnc43)[C@H](OC1O)[C@@H]2OCO,AdenosineOnly_gen3
Nc1ncnc2c1ncn2[C@@H]1O[C@H](CO)[C@@H](O)[C@H]1O,C[C@@]1(COCO)O[C@@H]2[C@H](O)[C@@H]1Oc1nc3c(N)ncnc3n12,AdenosineOnly_gen3
Nc1ncnc2c1ncn2[C@@H]1O[C@H](CO)[C@@H](O)[C@H]1O,C[C@@]1(COCO)O[C@@H]2[C@H](Oc3nc(N)c4ncn2c4n3)[C@@H]1O,AdenosineOnly_gen3
Nc1ncnc2c1ncn2[C@@H]1O[C@H](CO)[C@@H](O)[C@H]1O,CC(O)[C@H]1O[C@@H]2[C@H](Oc3nc4c(N)ncnc4n32)[C@@H]1OCO,AdenosineOnly_gen3
Nc1ncnc2c1ncn2[C@@H]1O[C@H](CO)[C@@H](O)[C@H]1O,C[C@@]1(CO)O[C@@H]2[C@H](Oc3nc4c(NCO)ncnc4n32)[C@@H]1O,AdenosineOnly_gen3
Nc1ncnc2c1ncn2[C@@H]1O[C@H](CO)[C@@H](O)[C@H]1O,CC1O[C@]2(OCO)[C@@H]1O[C@@H](n1cnc3c(N)ncnc31)[C@@H]2O,AdenosineOnly_gen3
Nc1ncnc2c1ncn2[C@@H]1O[C@H](CO)[C@@H](O)[C@H]1O,Cc1nc2c(N)ncnc2n1[C@@H]1O[C@H](CO)[C@@]2(OCO)O[C@@H]12,AdenosineOnly_gen3
Nc1ncnc2c1ncn2[C@@H]1O[C@H](CO)[C@@H](O)[C@H]1O,Nc1ncnc2c1ncn2[C@@H]1O[C@@H]2COC[C@]1(OCO)[C@@H]2O,AdenosineOnly_gen3
Nc1ncnc2c1ncn2[C@@H]1O[C@H](CO)[C@@H](O)[C@H]1O,C[C@@]1(O)[C@@H](OCO)[C@]2(n3cnc4c(N)ncnc43)OC[C@H]1O2,AdenosineOnly_gen3
Nc1ncnc2c1ncn2[C@@H]1O[C@H](CO)[C@@H](O)[C@H]1O,Cc1nc(N)c2nc3n(c2n1)[C@@H]1O[C@H](COCO)[C@@H](O)[C@H]1O3,AdenosineOnly_gen3
Nc1ncnc2c1ncn2[C@@H]1O[C@H](CO)[C@@H](O)[C@H]1O,C[C@@]1(CO)O[C@@]2(n3cnc4c(N)ncnc43)O[C@@H]2[C@@H]1OCO,AdenosineOnly_gen3
Nc1ncnc2c1ncn2[C@@H]1O[C@H](CO)[C@@H](O)[C@H]1O,CC1(O)O[C@H]2[C@@H](OCO)[C@H](n3cnc4c(N)ncnc43)O[C@@H]21,AdenosineOnly_gen3
Nc1ncnc2c1ncn2[C@@H]1O[C@H](CO)[C@@H](O)[C@H]1O,C[C@]1(O)[C@@H]2Oc3nc4c(NCO)ncnc4n3[C@@H]1O[C@@H]2CO,AdenosineOnly_gen3
Nc1ncnc2c1ncn2[C@@H]1O[C@H](CO)[C@@H](O)[C@H]1O,C[C@]1(OCO)[C@@H]2O[C@@H](n3cnc4c(N)ncnc43)[C@@H]1OC2O,AdenosineOnly_gen3
Nc1ncnc2c1ncn2[C@@H]1O[C@H](CO)[C@@H](O)[C@H]1O,Cc1nc2c(N)ncnc2n1[C@@H]1O[C@@H]2CO[C@]1(OCO)[C@@H]2O,AdenosineOnly_gen3
Nc1ncnc2c1ncn2[C@@H]1O[C@H](CO)[C@@H](O)[C@H]1O,C[C@]12O[C@H](CO)[C@@H](O)[C@H]1Oc1nc(NCO)c3ncn2c3n1,AdenosineOnly_gen3
Nc1ncnc2c1ncn2[C@@H]1O[C@H](CO)[C@@H](O)[C@H]1O,CO[C@@H]1[C@H](OC)[C@@H](C(=O)O)O[C@H]1n1cnc2c(N)ncnc21,AdenosineOnly_gen3
Nc1ncnc2c1ncn2[C@@H]1O[C@H](CO)[C@@H](O)[C@H]1O,Cc1nc(N)c2ncn([C@@H]3O[C@@H]4C(OCO)O[C@@H]3[C@@H]4O)c2n1,AdenosineOnly_gen3
Nc1ncnc2c1ncn2[C@@H]1O[C@H](CO)[C@@H](O)[C@H]1O,C[C@]1(n2cnc3c(NCO)ncnc32)O[C@@H]2C(O)O[C@H]2[C@H]1O,AdenosineOnly_gen3
Nc1ncnc2c1ncn2[C@@H]1O[C@H](CO)[C@@H](O)[C@H]1O,C[C@@]12CO[C@](n3cnc4c(N)ncnc43)(O1)[C@H](O)[C@@H]2OCO,AdenosineOnly_gen3
Nc1ncnc2c1ncn2[C@@H]1O[C@H](CO)[C@@H](O)[C@H]1O,C[C@@]12O[C@@]1(O)[C@H](n1cnc3c(NCO)ncnc31)O[C@@H]2CO,AdenosineOnly_gen3
Nc1ncnc2c1ncn2[C@@H]1O[C@H](CO)[C@@H](O)[C@H]1O,C[C@]12O[C@@]1(CO)O[C@@H](n1cnc3c(NCO)ncnc31)[C@@H]2O,AdenosineOnly_gen3
Nc1ncnc2c1ncn2[C@@H]1O[C@H](CO)[C@@H](O)[C@H]1O,C[C@]1(O)[C@@H]2O[C@@]2(CO)O[C@H]1n1cnc2c(NCO)ncnc21,AdenosineOnly_gen3
Nc1ncnc2c1ncn2[C@@H]1O[C@H](CO)[C@@H](O)[C@H]1O,Cc1nc(NCO)c2ncn([C@@H]3O[C@@H]4CO[C@@]4(O)[C@H]3O)c2n1,AdenosineOnly_gen3
Nc1ncnc2c1ncn2[C@@H]1O[C@H](CO)[C@@H](O)[C@H]1O,CC(O)[C@H]1O[C@@H](n2cnc3c(NCO)ncnc32)[C@]2(O)O[C@H]12,AdenosineOnly_gen3
Nc1ncnc2c1ncn2[C@@H]1O[C@H](CO)[C@@H](O)[C@H]1O,Cc1nc2c(N)ncnc2n1[C@]12O[C@@H]1[C@H](OCO)[C@@H](CO)O2,AdenosineOnly_gen3
Nc1ncnc2c1ncn2[C@@H]1O[C@H](CO)[C@@H](O)[C@H]1O,Cc1nc2c(N)nc3nc2n1[C@@H]1O[C@H](CO)[C@@H](OCO)[C@H]1O3,AdenosineOnly_gen3
Nc1ncnc2c1ncn2[C@@H]1O[C@H](CO)[C@@H](O)[C@H]1O,C[C@@]12O[C@H](CO)[C@@H](Oc3nc4c(N)ncnc4n31)[C@H]2OCO,AdenosineOnly_gen3
Nc1ncnc2c1ncn2[C@@H]1O[C@H](CO)[C@@H](O)[C@H]1O,C[C@]12CO[C@@]1(O)[C@@H](O)[C@H](n1cnc3c(NCO)ncnc31)O2,AdenosineOnly_gen3
Nc1ncnc2c1ncn2[C@@H]1O[C@H](CO)[C@@H](O)[C@H]1O,Cc1nc(N)c2ncn([C@@H]3O[C@H](COCO)[C@@]4(O)O[C@@H]34)c2n1,AdenosineOnly_gen3
Nc1ncnc2c1ncn2[C@@H]1O[C@H](CO)[C@@H](O)[C@H]1O,OCNc1ncnc2c1ncn2[C@@H]1OC2(COC2)[C@@H](O)[C@H]1O,AdenosineOnly_gen3
Nc1ncnc2c1ncn2[C@@H]1O[C@H](CO)[C@@H](O)[C@H]1O,C[C@]1(n2cnc3c(N)ncnc32)O[C@@H]2C(OCO)O[C@@H]1[C@@H]2O,AdenosineOnly_gen3
Nc1ncnc2c1ncn2[C@@H]1O[C@H](CO)[C@@H](O)[C@H]1O,Cc1nc(N)c2ncn([C@@H]3O[C@@]4(CO4)[C@@H](OCO)[C@H]3O)c2n1,AdenosineOnly_gen3
Nc1ncnc2c1ncn2[C@@H]1O[C@H](CO)[C@@H](O)[C@H]1O,CC1O[C@]12O[C@@H](n1cnc3c(N)ncnc31)[C@H](OCO)[C@@H]2O,AdenosineOnly_gen3
Nc1ncnc2c1ncn2[C@@H]1O[C@H](CO)[C@@H](O)[C@H]1O,CC(O)[C@H]1O[C@@H]2[C@H](O)[C@@H]1Oc1nc(NCO)c3ncn2c3n1,AdenosineOnly_gen3
Nc1ncnc2c1ncn2[C@@H]1O[C@H](CO)[C@@H](O)[C@H]1O,OCNc1ncnc2c1nc1n2[C@@H]2O[C@H](CO)[C@@H](OC1)[C@H]2O,AdenosineOnly_gen3
Nc1ncnc2c1ncn2[C@@H]1O[C@H](CO)[C@@H](O)[C@H]1O,C[C@]1(O)[C@H](O)[C@H]2COc3nc(NCO)c4ncn(c4n3)[C@@H]1O2,AdenosineOnly_gen3
Nc1ncnc2c1ncn2[C@@H]1O[C@H](CO)[C@@H](O)[C@H]1O,OCNc1ncnc2c1ncn2[C@]12CO[C@@H]1[C@H](O)[C@@H](CO)O2,AdenosineOnly_gen3
Nc1ncnc2c1ncn2[C@@H]1O[C@H](CO)[C@@H](O)[C@H]1O,Cc1nc2c(NCO)ncnc2n1[C@@H]1O[C@H](CO)[C@@]2(O)O[C@@H]12,AdenosineOnly_gen3
Nc1ncnc2c1ncn2[C@@H]1O[C@H](CO)[C@@H](O)[C@H]1O,Nc1ncnc2c1ncn2[C@@H]1O[C@]2(CO)CO[C@@H]1[C@@H]2OCO,AdenosineOnly_gen3
Nc1ncnc2c1ncn2[C@@H]1O[C@H](CO)[C@@H](O)[C@H]1O,Nc1ncnc2c1nc1n2[C@@H]2O[C@H](COC1)[C@@H](O)[C@H]2OCO,AdenosineOnly_gen3
Nc1ncnc2c1ncn2[C@@H]1O[C@H](CO)[C@@H](O)[C@H]1O,CC(OCO)[C@H]1O[C@@H]2[C@H](O)[C@@H]1Oc1nc(N)c3ncn2c3n1,AdenosineOnly_gen3
Nc1ncnc2c1ncn2[C@@H]1O[C@H](CO)[C@@H](O)[C@H]1O,C[C@@]1(O)[C@H]2O[C@@]1(COCO)O[C@H]2n1cnc2c(N)ncnc21,AdenosineOnly_gen3
Nc1ncnc2c1ncn2[C@@H]1O[C@H](CO)[C@@H](O)[C@H]1O,C[C@@]12COc3nc(N)c4ncn(c4n3)[C@H](O1)[C@H](OCO)[C@@H]2O,AdenosineOnly_gen3
Nc1ncnc2c1ncn2[C@@H]1O[C@H](CO)[C@@H](O)[C@H]1O,C[C@@]12COc3nc(NCO)c4ncn(c4n3)[C@H](O1)[C@H](O)[C@@H]2O,AdenosineOnly_gen3
Nc1ncnc2c1ncn2[C@@H]1O[C@H](CO)[C@@H](O)[C@H]1O,C[C@]1(n2cnc3c(N)ncnc32)O[C@@H]2CO[C@@]2(OCO)[C@H]1O,AdenosineOnly_gen3
Nc1ncnc2c1ncn2[C@@H]1O[C@H](CO)[C@@H](O)[C@H]1O,C[C@]1(n2cnc3c(NCO)ncnc32)O[C@]2(CO)O[C@@H]1[C@@H]2O,AdenosineOnly_gen3
Nc1ncnc2c1ncn2[C@@H]1O[C@H](CO)[C@@H](O)[C@H]1O,CC1Oc2nc(N)c3ncn(c3n2)[C@@H]2O[C@H]1[C@@H](O)[C@H]2OCO,AdenosineOnly_gen3
Nc1ncnc2c1ncn2[C@@H]1O[C@H](CO)[C@@H](O)[C@H]1O,CC(O)[C@]12O[C@@H](n3cnc4c(N)ncnc43)[C@H](OCO)[C@@H]1O2,AdenosineOnly_gen3
Nc1ncnc2c1ncn2[C@@H]1O[C@H](CO)[C@@H](O)[C@H]1O,Nc1ncnc2c1ncn2[C@]12CO[C@@H]1[C@H](OCO)[C@@H](CO)O2,AdenosineOnly_gen3
Nc1ncnc2c1ncn2[C@@H]1O[C@H](CO)[C@@H](O)[C@H]1O,C[C@]1(OCO)[C@H]2COc3nc4c(N)ncnc4n3[C@H](O2)[C@@H]1O,AdenosineOnly_gen3
Nc1ncnc2c1ncn2[C@@H]1O[C@H](CO)[C@@H](O)[C@H]1O,CC(O)[C@H]1O[C@@H]2[C@H](Oc3nc(N)c4ncn2c4n3)[C@@H]1OCO,AdenosineOnly_gen3
Nc1ncnc2c1ncn2[C@@H]1O[C@H](CO)[C@@H](O)[C@H]1O,Cc1nc2c(N)ncnc2n1[C@@H]1O[C@]2(COCO)O[C@@H]1[C@@H]2O,AdenosineOnly_gen3
Nc1ncnc2c1ncn2[C@@H]1O[C@H](CO)[C@@H](O)[C@H]1O,CC1(OCO)O[C@@H]2[C@H](O)[C@@H]1O[C@H]2n1cnc2c(N)ncnc21,AdenosineOnly_gen3
Nc1ncnc2c1ncn2[C@@H]1O[C@H](CO)[C@@H](O)[C@H]1O,C[C@]1(n2cnc3c(NCO)ncnc32)O[C@@H]2CO[C@@]2(O)[C@H]1O,AdenosineOnly_gen3
Nc1ncnc2c1ncn2[C@@H]1O[C@H](CO)[C@@H](O)[C@H]1O,Nc1ncnc2c1ncn2[C@@H]1O[C@H](CO)[C@@H](OCO)[C@@]12CO2,AdenosineOnly_gen3
Nc1ncnc2c1ncn2[C@@H]1O[C@H](CO)[C@@H](O)[C@H]1O,C[C@@]12O[C@H](COCO)[C@@H](Oc3nc4c(N)ncnc4n31)[C@H]2O,AdenosineOnly_gen3
Nc1ncnc2c1ncn2[C@@H]1O[C@H](CO)[C@@H](O)[C@H]1O,Nc1ncnc2c1ncn2[C@@]12COC[C@@H](O1)[C@@H](OCO)[C@H]2O,AdenosineOnly_gen3
Nc1ncnc2c1ncn2[C@@H]1O[C@H](CO)[C@@H](O)[C@H]1O,C[C@]1(O)[C@H](OCO)[C@]2(CO2)O[C@H]1n1cnc2c(N)ncnc21,AdenosineOnly_gen3
Nc1ncnc2c1ncn2[C@@H]1O[C@H](CO)[C@@H](O)[C@H]1O,Cc1nc(N)c2nc3n(c2n1)[C@@H]1O[C@H](CO3)[C@@H](O)[C@H]1OCO,AdenosineOnly_gen3
Nc1ncnc2c1ncn2[C@@H]1O[C@H](CO)[C@@H](O)[C@H]1O,C[C@]1(n2cnc3c(NCO)ncnc32)O[C@@H]2CO[C@]1(O)[C@@H]2O,AdenosineOnly_gen3
Nc1ncnc2c1ncn2[C@@H]1O[C@H](CO)[C@@H](O)[C@H]1O,O=CCNc1ncnc2c1ncn2[C@@H]1O[C@H](CO)[C@@H](O)[C@H]1O,AdenosineOnly_gen3
Nc1ncnc2c1ncn2[C@@H]1O[C@H](CO)[C@@H](O)[C@H]1O,C[C@@]1(O)[C@H]2O[C@]2(n2cnc3c(N)ncnc32)O[C@@H]1COCO,AdenosineOnly_gen3
Nc1ncnc2c1ncn2[C@@H]1O[C@H](CO)[C@@H](O)[C@H]1O,OCNc1nc2nc3c1ncn3[C@@H]1O[C@H](COC2)[C@@H](O)[C@H]1O,AdenosineOnly_gen3
Nc1ncnc2c1ncn2[C@@H]1O[C@H](CO)[C@@H](O)[C@H]1O,OCNc1ncnc2c1ncn2[C@@H]1O[C@H](CO)[C@@]2(O)CO[C@@H]12,AdenosineOnly_gen3
Nc1ncnc2c1ncn2[C@@H]1O[C@H](CO)[C@@H](O)[C@H]1O,Nc1ncnc2c1ncn2[C@@H]1O[C@H](CO)[C@@]2(OCO)CO[C@@H]12,AdenosineOnly_gen3
Nc1ncnc2c1ncn2[C@@H]1O[C@H](CO)[C@@H](O)[C@H]1O,CC(OCO)[C@H]1O[C@@]2(n3cnc4c(N)ncnc43)O[C@@H]2[C@@H]1O,AdenosineOnly_gen3
Nc1ncnc2c1ncn2[C@@H]1O[C@H](CO)[C@@H](O)[C@H]1O,C[C@]1(OCO)[C@@H]2O[C@@]2(CO)O[C@H]1n1cnc2c(N)ncnc21,AdenosineOnly_gen3
Nc1ncnc2c1ncn2[C@@H]1O[C@H](CO)[C@@H](O)[C@H]1O,Nc1ncnc2c1nc1n2[C@@H]2O[C@H](COCO)[C@@H](O)[C@H]2OC1,AdenosineOnly_gen3
Nc1ncnc2c1ncn2[C@@H]1O[C@H](CO)[C@@H](O)[C@H]1O,Cc1nc2c(NCO)ncnc2n1[C@@]12OC[C@@H](O1)[C@@H](O)[C@H]2O,AdenosineOnly_gen3
Nc1ncnc2c1ncn2[C@@H]1O[C@H](CO)[C@@H](O)[C@H]1O,OCNc1ncnc2c1ncn2[C@@H]1O[C@H](CO)[C@@H](O)[C@@]12CO2,AdenosineOnly_gen3
Nc1ncnc2c1ncn2[C@@H]1O[C@H](CO)[C@@H](O)[C@H]1O,Cc1nc(N)c2ncn([C@@H]3O[C@]4(CO)O[C@H]4[C@H]3OCO)c2n1,AdenosineOnly_gen3
Nc1ncnc2c1ncn2[C@@H]1O[C@H](CO)[C@@H](O)[C@H]1O,Cc1nc(N)c2ncn([C@@]34OC[C@@H](O3)[C@@H](O)[C@H]4OCO)c2n1,AdenosineOnly_gen3
Nc1ncnc2c1ncn2[C@@H]1O[C@H](CO)[C@@H](O)[C@H]1O,C[C@@]12O[C@H](COc3nc4c(N)ncnc4n31)[C@@H](O)[C@H]2OCO,AdenosineOnly_gen3
Nc1ncnc2c1ncn2[C@@H]1O[C@H](CO)[C@@H](O)[C@H]1O,Cc1nc(N)c2ncn([C@]34O[C@@H]([C@H]3O)[C@@H](COCO)O4)c2n1,AdenosineOnly_gen3
Nc1ncnc2c1ncn2[C@@H]1O[C@H](CO)[C@@H](O)[C@H]1O,Cc1nc(NCO)c2ncn([C@@H]3O[C@@]4(CO4)[C@@H](O)[C@H]3O)c2n1,AdenosineOnly_gen3
Nc1ncnc2c1ncn2[C@@H]1O[C@H](CO)[C@@H](O)[C@H]1O,CC(O)[C@H]1O[C@@H](n2cnc3c(N)ncnc32)[C@]2(OCO)O[C@H]12,AdenosineOnly_gen3
Nc1ncnc2c1ncn2[C@@H]1O[C@H](CO)[C@@H](O)[C@H]1O,C[C@]1(O)[C@H](OCO)[C@H]2CO[C@]1(n1cnc3c(N)ncnc31)O2,AdenosineOnly_gen3
Nc1ncnc2c1ncn2[C@@H]1O[C@H](CO)[C@@H](O)[C@H]1O,C[C@@]12O[C@H](COc3nc4c(NCO)ncnc4n31)[C@@H](O)[C@H]2O,AdenosineOnly_gen3
Nc1ncnc2c1ncn2[C@@H]1O[C@H](CO)[C@@H](O)[C@H]1O,Cc1nc2c(N)ncnc2n1[C@@H]1O[C@@H]2CO[C@@]2(O)[C@H]1OCO,AdenosineOnly_gen3
Nc1ncnc2c1ncn2[C@@H]1O[C@H](CO)[C@@H](O)[C@H]1O,Nc1nc2nc3c1ncn3[C@@H]1O[C@H](COCO)[C@@H](OC2)[C@H]1O,AdenosineOnly_gen3
Nc1ncnc2c1ncn2[C@@H]1O[C@H](CO)[C@@H](O)[C@H]1O,CC(O)[C@H]1O[C@@]2(n3cnc4c(N)ncnc43)O[C@H]1[C@H]2OCO,AdenosineOnly_gen3
Nc1ncnc2c1ncn2[C@@H]1O[C@H](CO)[C@@H](O)[C@H]1O,C[C@]1(n2cnc3c(N)ncnc32)O[C@H](CO)[C@H]2O[C@]21OCO,AdenosineOnly_gen3
Nc1ncnc2c1ncn2[C@@H]1O[C@H](CO)[C@@H](O)[C@H]1O,C[C@@]1(O)[C@H](n2cnc3c(NCO)ncnc32)O[C@@H]2CO[C@]21O,AdenosineOnly_gen3
Nc1ncnc2c1ncn2[C@@H]1O[C@H](CO)[C@@H](O)[C@H]1O,OCNc1ncnc2c1ncn2[C@@]12COC[C@@H](O1)[C@@H](O)[C@H]2O,AdenosineOnly_gen3
Nc1ncnc2c1ncn2[C@@H]1O[C@H](CO)[C@@H](O)[C@H]1O,C[C@@]12Oc3nc4c(N)ncnc4n3[C@@H]1O[C@H](COCO)[C@H]2O,AdenosineOnly_gen3
Nc1ncnc2c1ncn2[C@@H]1O[C@H](CO)[C@@H](O)[C@H]1O,Cc1nc(NCO)c2ncn([C@@H]3O[C@H](CO)[C@H]4O[C@]43O)c2n1,AdenosineOnly_gen3
Nc1ncnc2c1ncn2[C@@H]1O[C@H](CO)[C@@H](O)[C@H]1O,Cc1nc(NCO)c2nc3n(c2n1)[C@@H]1O[C@H](CO)[C@@H](O)[C@H]1O3,AdenosineOnly_gen3
Nc1ncnc2c1ncn2[C@@H]1O[C@H](CO)[C@@H](O)[C@H]1O,C[C@]1(O)[C@@H](CO)O[C@@H]2[C@@H]1Oc1nc(NCO)c3ncn2c3n1,AdenosineOnly_gen3
Nc1ncnc2c1ncn2[C@@H]1O[C@H](CO)[C@@H](O)[C@H]1O,Cc1nc2c(NCO)ncnc2n1[C@@H]1O[C@]2(CO)O[C@H]2[C@H]1O,AdenosineOnly_gen3
Nc1ncnc2c1ncn2[C@@H]1O[C@H](CO)[C@@H](O)[C@H]1O,OCNc1ncnc2c1ncn2[C@@H]1O[C@@H]2COC[C@@]2(O)[C@H]1O,AdenosineOnly_gen3
Nc1ncnc2c1ncn2[C@@H]1O[C@H](CO)[C@@H](O)[C@H]1O,Nc1ncnc2c1ncn2[C@@H]1O[C@]2(COCO)CO[C@H]2[C@H]1O,AdenosineOnly_gen3
Nc1ncnc2c1ncn2[C@@H]1O[C@H](CO)[C@@H](O)[C@H]1O,Cc1nc2c(N)ncnc2n1[C@@]12OC[C@@H](O1)[C@@H](O)[C@H]2OCO,AdenosineOnly_gen3
Nc1ncnc2c1ncn2[C@@H]1O[C@H](CO)[C@@H](O)[C@H]1O,Nc1ncnc2c1ncn2[C@@H]1OC2(COC2)[C@@H](OCO)[C@H]1O,AdenosineOnly_gen3
Nc1ncnc2c1ncn2[C@@H]1O[C@H](CO)[C@@H](O)[C@H]1O,Cc1nc(N)c2ncn([C@]34O[C@@H]3[C@H](OCO)[C@@H](CO)O4)c2n1,AdenosineOnly_gen3
Nc1ncnc2c1ncn2[C@@H]1O[C@H](CO)[C@@H](O)[C@H]1O,Cc1nc2c(NCO)ncnc2n1[C@@H]1O[C@@H]2CO[C@]1(O)[C@@H]2O,AdenosineOnly_gen3
Nc1ncnc2c1ncn2[C@@H]1O[C@H](CO)[C@@H](O)[C@H]1O,CC(O)[C@H]1O[C@@]2(n3cnc4c(NCO)ncnc43)O[C@H]1[C@H]2O,AdenosineOnly_gen3
Nc1ncnc2c1ncn2[C@@H]1O[C@H](CO)[C@@H](O)[C@H]1O,C[C@]12Oc3nc(N)c4ncn(c4n3)[C@H](O[C@@H]1CO)[C@@H]2OCO,AdenosineOnly_gen3
Nc1ncnc2c1ncn2[C@@H]1O[C@H](CO)[C@@H](O)[C@H]1O,CC1O[C@]2(O)[C@@H]1O[C@@H](n1cnc3c(NCO)ncnc31)[C@@H]2O,AdenosineOnly_gen3
Nc1ncnc2c1ncn2[C@@H]1O[C@H](CO)[C@@H](O)[C@H]1O,Cc1nc2c(N)ncnc2n1[C@@H]1O[C@H](COCO)[C@@]2(O)O[C@@H]12,AdenosineOnly_gen3
Nc1ncnc2c1ncn2[C@@H]1O[C@H](CO)[C@@H](O)[C@H]1O,Nc1ncnc2c1ncn2[C@@H]1O[C@H](COCC=O)[C@@H](O)[C@H]1O,AdenosineOnly_gen3
Nc1ncnc2c1ncn2[C@@H]1O[C@H](CO)[C@@H](O)[C@H]1O,C[C@]1(O)[C@H]2COc3nc4c(NCO)ncnc4n3[C@H](O2)[C@@H]1O,AdenosineOnly_gen3
Nc1ncnc2c1ncn2[C@@H]1O[C@H](CO)[C@@H](O)[C@H]1O,OCNc1nc2nc3c1ncn3[C@@H]1O[C@H](CO)[C@@H](O)[C@H]1OC2,AdenosineOnly_gen3
Nc1ncnc2c1ncn2[C@@H]1O[C@H](CO)[C@@H](O)[C@H]1O,Nc1ncnc2c1ncn2[C@@H]1O[C@H](COCO)[C@@]2(CO2)[C@H]1O,AdenosineOnly_gen3
Nc1ncnc2c1ncn2[C@@H]1O[C@H](CO)[C@@H](O)[C@H]1O,Nc1ncnc2c1ncn2[C@@H]1O[C@H](COCO)[C@H]2OC[C@]21O,AdenosineOnly_gen3
Nc1ncnc2c1ncn2[C@@H]1O[C@H](CO)[C@@H](O)[C@H]1O,OCNc1ncnc2c1ncn2[C@@H]1O[C@@H]2C(O)CO[C@@H]1[C@@H]2O,AdenosineOnly_gen3
Nc1ncnc2c1ncn2[C@@H]1O[C@H](CO)[C@@H](O)[C@H]1O,CCO[C@@]1(C)[C@H](O)[C@@H](CO)O[C@H]1n1cnc2c(N)ncnc21,AdenosineOnly_gen3
Nc1ncnc2c1ncn2[C@@H]1O[C@H](CO)[C@@H](O)[C@H]1O,CCOC[C@H]1O[C@@H](n2c(C)nc3c(N)ncnc32)[C@H](O)[C@@H]1O,AdenosineOnly_gen3
Nc1ncnc2c1ncn2[C@@H]1O[C@H](CO)[C@@H](O)[C@H]1O,CCO[C@@H]1[C@H](O)[C@@H](CO)O[C@H]1n1cnc2c(N)nc(C)nc21,AdenosineOnly_gen3
Nc1ncnc2c1ncn2[C@@H]1O[C@H](CO)[C@@H](O)[C@H]1O,CCO[C@H]1[C@@H](O)[C@@](C)(n2cnc3c(N)ncnc32)O[C@@H]1CO,AdenosineOnly_gen3
Nc1ncnc2c1ncn2[C@@H]1O[C@H](CO)[C@@H](O)[C@H]1O,CCO[C@H]1[C@@H](O)[C@H](n2cnc3c(N)ncnc32)O[C@@]1(C)CO,AdenosineOnly_gen3
Nc1ncnc2c1ncn2[C@@H]1O[C@H](CO)[C@@H](O)[C@H]1O,Nc1ncnc2c1ncn2[C@@H]1O[C@H](C(O)C=NO)[C@@H](O)[C@H]1O,AdenosineOnly_gen3
Nc1ncnc2c1ncn2[C@@H]1O[C@H](CO)[C@@H](O)[C@H]1O,NC(=O)C(O)[C@H]1O[C@@H](n2cnc3c(N)ncnc32)[C@H](O)[C@@H]1O,AdenosineOnly_gen3
Nc1ncnc2c1ncn2[C@@H]1O[C@H](CO)[C@@H](O)[C@H]1O,CC(O)[C@H]1O[C@@H](n2cnc3c(N)ncnc32)[C@H](OCN)[C@@H]1O,AdenosineOnly_gen3
Nc1ncnc2c1ncn2[C@@H]1O[C@H](CO)[C@@H](O)[C@H]1O,C[C@]1(O)[C@@H](CO)O[C@@H](n2cnc3c(N)ncnc32)[C@@H]1OCN,AdenosineOnly_gen3
Nc1ncnc2c1ncn2[C@@H]1O[C@H](CO)[C@@H](O)[C@H]1O,C[C@]1(O)[C@@H](CO)O[C@@H](n2cnc3c(NCN)ncnc32)[C@@H]1O,AdenosineOnly_gen3
Nc1ncnc2c1ncn2[C@@H]1O[C@H](CO)[C@@H](O)[C@H]1O,Cc1nc2c(N)ncnc2n1[C@@H]1O[C@H](CO)[C@@H](O)[C@H]1OCN,AdenosineOnly_gen3
Nc1ncnc2c1ncn2[C@@H]1O[C@H](CO)[C@@H](O)[C@H]1O,COCO[C@@H]1[C@H](O)[C@@H](CO)O[C@H]1n1cnc2c(N)ncnc21,AdenosineOnly_gen3
Nc1ncnc2c1ncn2[C@@H]1O[C@H](CO)[C@@H](O)[C@H]1O,N#CC(O)[C@H]1O[C@](C#N)(n2cnc3c(N)ncnc32)[C@H](O)[C@@H]1O,AdenosineOnly_gen3
Nc1ncnc2c1ncn2[C@@H]1O[C@H](CO)[C@@H](O)[C@H]1O,N#Cc1nc(N)c2ncn([C@@H]3O[C@H](C(O)C#N)[C@@H](O)[C@H]3O)c2n1,AdenosineOnly_gen3
Nc1ncnc2c1ncn2[C@@H]1O[C@H](CO)[C@@H](O)[C@H]1O,N#CC(O)[C@]1(C#N)O[C@@H](n2cnc3c(N)ncnc32)[C@H](O)[C@@H]1O,AdenosineOnly_gen3
Nc1ncnc2c1ncn2[C@@H]1O[C@H](CO)[C@@H](O)[C@H]1O,N#CC(O)[C@H]1O[C@@H](n2cnc3c(N)ncnc32)[C@](O)(C#N)[C@@H]1O,AdenosineOnly_gen3
Nc1ncnc2c1ncn2[C@@H]1O[C@H](CO)[C@@H](O)[C@H]1O,N#CC(=O)O[C@@H]1[C@H](O)[C@@H](CO)O[C@H]1n1cnc2c(N)ncnc21,AdenosineOnly_gen3
Nc1ncnc2c1ncn2[C@@H]1O[C@H](CO)[C@@H](O)[C@H]1O,CO[C@@H]1[C@H](O)[C@@H](C(O)(O)C#N)O[C@H]1n1cnc2c(N)ncnc21,AdenosineOnly_gen3
Nc1ncnc2c1ncn2[C@@H]1O[C@H](CO)[C@@H](O)[C@H]1O,O=CNc1ncnc2c1ncn2[C@@H]1O[C@H](CO)[C@@H](O)[C@H]1OC=O,AdenosineOnly_gen3
Nc1ncnc2c1ncn2[C@@H]1O[C@H](CO)[C@@H](O)[C@H]1O,CC(=O)OC1O[C@]2(n3cnc4c(N)ncnc43)O[C@H]1[C@@H](O)[C@H]2O,AdenosineOnly_gen3
Nc1ncnc2c1ncn2[C@@H]1O[C@H](CO)[C@@H](O)[C@H]1O,C[C@]1(n2cnc3c(N)ncnc32)O[C@H](C(=O)O)[C@@H](OC=O)[C@H]1O,AdenosineOnly_gen3
Nc1ncnc2c1ncn2[C@@H]1O[C@H](CO)[C@@H](O)[C@H]1O,CC(O)O[C@]12O[C@H]1[C@H](n1cnc3c(N)ncnc31)O[C@@H]2C(=O)O,AdenosineOnly_gen3
Nc1ncnc2c1ncn2[C@@H]1O[C@H](CO)[C@@H](O)[C@H]1O,C[C@]1(O)[C@@H](C(=O)O)O[C@@H](n2cnc3c(N)ncnc32)[C@@H]1OC=O,AdenosineOnly_gen3
Nc1ncnc2c1ncn2[C@@H]1O[C@H](CO)[C@@H](O)[C@H]1O,CC(=O)Nc1ncnc2c1nc1n2[C@@H]2O[C@H](C(O)O)[C@@H](O)[C@H]2O1,AdenosineOnly_gen3
Nc1ncnc2c1ncn2[C@@H]1O[C@H](CO)[C@@H](O)[C@H]1O,C[C@@]1(C(=O)OC=O)O[C@@H](n2cnc3c(N)ncnc32)[C@H](O)[C@@H]1O,AdenosineOnly_gen3
Nc1ncnc2c1ncn2[C@@H]1O[C@H](CO)[C@@H](O)[C@H]1O,CC(=O)O[C@H]1[C@@H](O)[C@H]2O[C@@H]1C(O)Oc1nc(N)c3ncn2c3n1,AdenosineOnly_gen3
Nc1ncnc2c1ncn2[C@@H]1O[C@H](CO)[C@@H](O)[C@H]1O,CC(O)Nc1ncnc2c1nc1n2[C@@H]2O[C@H](C(=O)O)[C@@H](O)[C@H]2O1,AdenosineOnly_gen3
Nc1ncnc2c1ncn2[C@@H]1O[C@H](CO)[C@@H](O)[C@H]1O,CC(O)O[C@H]1[C@@H](O)[C@H]2O[C@@H]1C(=O)Oc1nc(N)c3ncn2c3n1,AdenosineOnly_gen3
Nc1ncnc2c1ncn2[C@@H]1O[C@H](CO)[C@@H](O)[C@H]1O,CC(=O)OC(O)[C@]12O[C@@H](n3cnc4c(N)ncnc43)[C@H](O)[C@@H]1O2,AdenosineOnly_gen3
Nc1ncnc2c1ncn2[C@@H]1O[C@H](CO)[C@@H](O)[C@H]1O,Nc1ncnc2c1ncn2[C@@H]1O[C@@H]2C(=O)OCC(O)O[C@H]2[C@H]1O,AdenosineOnly_gen3
Nc1ncnc2c1ncn2[C@@H]1O[C@H](CO)[C@@H](O)[C@H]1O,CC(O)Nc1nc2nc3c1ncn3[C@@H]1O[C@H](C(=O)O)[C@@H](O)[C@H]1O2,AdenosineOnly_gen3
Nc1ncnc2c1ncn2[C@@H]1O[C@H](CO)[C@@H](O)[C@H]1O,CC(O)OC(=O)[C@H]1O[C@@H]2[C@H](O)[C@@H]1Oc1nc(N)c3ncn2c3n1,AdenosineOnly_gen3
Nc1ncnc2c1ncn2[C@@H]1O[C@H](CO)[C@@H](O)[C@H]1O,CC(=O)Nc1ncnc2c1nc1n2[C@@H]2O[C@H](C(O)O1)[C@@H](O)[C@H]2O,AdenosineOnly_gen3
Nc1ncnc2c1ncn2[C@@H]1O[C@H](CO)[C@@H](O)[C@H]1O,CC(=O)O[C@@H]1[C@@H]2O[C@]1(n1cnc3c(N)ncnc31)O[C@@H]2C(O)O,AdenosineOnly_gen3
Nc1ncnc2c1ncn2[C@@H]1O[C@H](CO)[C@@H](O)[C@H]1O,CC(O)O[C@@H]1[C@@H](C(=O)O)O[C@@]2(n3cnc4c(N)ncnc43)O[C@H]12,AdenosineOnly_gen3
Nc1ncnc2c1ncn2[C@@H]1O[C@H](CO)[C@@H](O)[C@H]1O,Nc1ncnc2c1ncn2[C@@H]1O[C@H](C(O)O)[C@H]2OC(=O)CO[C@H]21,AdenosineOnly_gen3
Nc1ncnc2c1ncn2[C@@H]1O[C@H](CO)[C@@H](O)[C@H]1O,Cc1nc2c(N)ncnc2n1[C@@H]1O[C@H](C(=O)OC=O)[C@@H](O)[C@H]1O,AdenosineOnly_gen3
Nc1ncnc2c1ncn2[C@@H]1O[C@H](CO)[C@@H](O)[C@H]1O,CC(O)OC(=O)[C@]12O[C@@H](n3cnc4c(N)ncnc43)[C@H](O)[C@@H]1O2,AdenosineOnly_gen3
Nc1ncnc2c1ncn2[C@@H]1O[C@H](CO)[C@@H](O)[C@H]1O,CC(=O)Nc1ncnc2c1ncn2[C@@H]1O[C@H](C(O)O)[C@H]2O[C@]21O,AdenosineOnly_gen3
Nc1ncnc2c1ncn2[C@@H]1O[C@H](CO)[C@@H](O)[C@H]1O,CC(=O)O[C@@]12O[C@@H]1[C@@H](C(O)O)O[C@H]2n1cnc2c(N)ncnc21,AdenosineOnly_gen3
Nc1ncnc2c1ncn2[C@@H]1O[C@H](CO)[C@@H](O)[C@H]1O,CC(=O)Nc1ncnc2c1ncn2[C@@H]1O[C@]2(C(O)O)O[C@@H]1[C@@H]2O,AdenosineOnly_gen3
Nc1ncnc2c1ncn2[C@@H]1O[C@H](CO)[C@@H](O)[C@H]1O,CC(O)O[C@H]1[C@H]2Oc3nc4c(N)ncnc4n3[C@@H]2O[C@@H]1C(=O)O,AdenosineOnly_gen3
Nc1ncnc2c1ncn2[C@@H]1O[C@H](CO)[C@@H](O)[C@H]1O,Cc1nc2c(NC=O)ncnc2n1[C@@H]1O[C@H](C(=O)O)[C@@H](O)[C@H]1O,AdenosineOnly_gen3
Nc1ncnc2c1ncn2[C@@H]1O[C@H](CO)[C@@H](O)[C@H]1O,CC(O)Nc1ncnc2c1ncn2[C@@H]1O[C@]2(C(=O)O)O[C@H]2[C@H]1O,AdenosineOnly_gen3
Nc1ncnc2c1ncn2[C@@H]1O[C@H](CO)[C@@H](O)[C@H]1O,CC(=O)O[C@H]1[C@H](n2cnc3c(N)ncnc32)O[C@@H]2C(O)O[C@]21O,AdenosineOnly_gen3
Nc1ncnc2c1ncn2[C@@H]1O[C@H](CO)[C@@H](O)[C@H]1O,CC(O)OC(=O)[C@H]1O[C@@]2(n3cnc4c(N)ncnc43)O[C@@H]2[C@@H]1O,AdenosineOnly_gen3
Nc1ncnc2c1ncn2[C@@H]1O[C@H](CO)[C@@H](O)[C@H]1O,CC(O)O[C@@H]1[C@H](O)[C@@H]2O[C@H]1n1c(nc3c(N)ncnc31)OC2=O,AdenosineOnly_gen3
Nc1ncnc2c1ncn2[C@@H]1O[C@H](CO)[C@@H](O)[C@H]1O,CC(O)O[C@H]1[C@@H](O)[C@H](n2cnc3c(N)ncnc32)O[C@]12OC2=O,AdenosineOnly_gen3
Nc1ncnc2c1ncn2[C@@H]1O[C@H](CO)[C@@H](O)[C@H]1O,CC(=O)Nc1ncnc2c1ncn2[C@@H]1O[C@]2(OC2O)[C@@H](O)[C@H]1O,AdenosineOnly_gen3
Nc1ncnc2c1ncn2[C@@H]1O[C@H](CO)[C@@H](O)[C@H]1O,CC(O)Nc1ncnc2c1ncn2[C@@]12O[C@H]([C@@H](C(=O)O)O1)[C@H]2O,AdenosineOnly_gen3
Nc1ncnc2c1ncn2[C@@H]1O[C@H](CO)[C@@H](O)[C@H]1O,CC(=O)OC1O[C@]2(O)[C@H](O)[C@@H]1O[C@H]2n1cnc2c(N)ncnc21,AdenosineOnly_gen3
Nc1ncnc2c1ncn2[C@@H]1O[C@H](CO)[C@@H](O)[C@H]1O,C[C@]1(O)[C@H](O)[C@@H](C(=O)OC=O)O[C@H]1n1cnc2c(N)ncnc21,AdenosineOnly_gen3
Nc1ncnc2c1ncn2[C@@H]1O[C@H](CO)[C@@H](O)[C@H]1O,CC(=O)OC(O)[C@H]1O[C@@H]2[C@H](Oc3nc(N)c4ncn2c4n3)[C@@H]1O,AdenosineOnly_gen3
Nc1ncnc2c1ncn2[C@@H]1O[C@H](CO)[C@@H](O)[C@H]1O,Nc1ncnc2c1ncn2[C@@H]1O[C@@H]2C(=O)OC(O)CO[C@@H]1[C@@H]2O,AdenosineOnly_gen3
Nc1ncnc2c1ncn2[C@@H]1O[C@H](CO)[C@@H](O)[C@H]1O,CC(=O)Nc1nc2nc3c1ncn3[C@@H]1O[C@H](C(O)O2)[C@@H](O)[C@H]1O,AdenosineOnly_gen3
Nc1ncnc2c1ncn2[C@@H]1O[C@H](CO)[C@@H](O)[C@H]1O,CC(O)OC(=O)[C@H]1O[C@@H](n2cnc3c(N)ncnc32)[C@@H]2O[C@]12O,AdenosineOnly_gen3
Nc1ncnc2c1ncn2[C@@H]1O[C@H](CO)[C@@H](O)[C@H]1O,CC(=O)Nc1nc2nc3c1ncn3[C@@H]1O[C@H](C(O)O)[C@@H](O)[C@H]1O2,AdenosineOnly_gen3
Nc1ncnc2c1ncn2[C@@H]1O[C@H](CO)[C@@H](O)[C@H]1O,CC(O)Nc1ncnc2c1nc1n2[C@@H]2O[C@H](C(=O)O1)[C@@H](O)[C@H]2O,AdenosineOnly_gen3
Nc1ncnc2c1ncn2[C@@H]1O[C@H](CO)[C@@H](O)[C@H]1O,CC(=O)O[C@H]1[C@H](n2cnc3c(N)ncnc32)O[C@]2(C(O)O)O[C@@H]12,AdenosineOnly_gen3
Nc1ncnc2c1ncn2[C@@H]1O[C@H](CO)[C@@H](O)[C@H]1O,CC(O)O[C@H]1[C@H]2Oc3nc(N)c4ncn(c4n3)[C@@H]2O[C@@H]1C(=O)O,AdenosineOnly_gen3
Nc1ncnc2c1ncn2[C@@H]1O[C@H](CO)[C@@H](O)[C@H]1O,CC(=O)O[C@@H]1[C@H](O)[C@@H]2O[C@H]1n1c(nc3c(N)ncnc31)OC2O,AdenosineOnly_gen3
Nc1ncnc2c1ncn2[C@@H]1O[C@H](CO)[C@@H](O)[C@H]1O,CC(=O)OC(O)[C@H]1O[C@@H](n2cnc3c(N)ncnc32)[C@@H]2O[C@]12O,AdenosineOnly_gen3
Nc1ncnc2c1ncn2[C@@H]1O[C@H](CO)[C@@H](O)[C@H]1O,CC(O)O[C@@]12OC(=O)[C@H]1O[C@@H](n1cnc3c(N)ncnc31)[C@@H]2O,AdenosineOnly_gen3
Nc1ncnc2c1ncn2[C@@H]1O[C@H](CO)[C@@H](O)[C@H]1O,Cc1nc(NC=O)c2ncn([C@@H]3O[C@H](C(=O)O)[C@@H](O)[C@H]3O)c2n1,AdenosineOnly_gen3
Nc1ncnc2c1ncn2[C@@H]1O[C@H](CO)[C@@H](O)[C@H]1O,CC(O)O[C@@H]1[C@@H]2O[C@@H](n3cnc4c(N)ncnc43)[C@]1(O)OC2=O,AdenosineOnly_gen3
Nc1ncnc2c1ncn2[C@@H]1O[C@H](CO)[C@@H](O)[C@H]1O,CC(=O)Nc1ncnc2c1ncn2[C@@H]1O[C@@H]2C(O)O[C@]1(O)[C@@H]2O,AdenosineOnly_gen3
Nc1ncnc2c1ncn2[C@@H]1O[C@H](CO)[C@@H](O)[C@H]1O,Cc1nc(N)c2ncn([C@@H]3O[C@H](C(=O)O)[C@@H](O)[C@H]3OC=O)c2n1,AdenosineOnly_gen3
Nc1ncnc2c1ncn2[C@@H]1O[C@H](CO)[C@@H](O)[C@H]1O,O=C1OCC(O)Nc2ncnc3c2ncn3[C@@H]2O[C@H]1[C@@H](O)[C@H]2O,AdenosineOnly_gen3
Nc1ncnc2c1ncn2[C@@H]1O[C@H](CO)[C@@H](O)[C@H]1O,CC(=O)OC(O)[C@H]1O[C@@H]2[C@H](O)[C@@H]1Oc1nc3c(N)ncnc3n12,AdenosineOnly_gen3
Nc1ncnc2c1ncn2[C@@H]1O[C@H](CO)[C@@H](O)[C@H]1O,CC(O)Nc1ncnc2c1ncn2[C@@]12OC(=O)[C@@H](O1)[C@@H](O)[C@H]2O,AdenosineOnly_gen3
Nc1ncnc2c1ncn2[C@@H]1O[C@H](CO)[C@@H](O)[C@H]1O,CC(=O)Nc1ncnc2c1ncn2[C@@]12OC(O)[C@@H](O1)[C@@H](O)[C@H]2O,AdenosineOnly_gen3
Nc1ncnc2c1ncn2[C@@H]1O[C@H](CO)[C@@H](O)[C@H]1O,CC(O)Nc1ncnc2c1ncn2[C@@H]1O[C@@H]2C(=O)O[C@@]2(O)[C@H]1O,AdenosineOnly_gen3
Nc1ncnc2c1ncn2[C@@H]1O[C@H](CO)[C@@H](O)[C@H]1O,CC(O)Nc1nc2nc3c1ncn3[C@@H]1O[C@H](C(=O)O2)[C@@H](O)[C@H]1O,AdenosineOnly_gen3
Nc1ncnc2c1ncn2[C@@H]1O[C@H](CO)[C@@H](O)[C@H]1O,O=C1COC(O)[C@H]2O[C@H]([C@H](O)[C@@H]2O)n2cnc3c(ncnc32)N1,AdenosineOnly_gen3
Nc1ncnc2c1ncn2[C@@H]1O[C@H](CO)[C@@H](O)[C@H]1O,O=C(O)[C@H]1O[C@@H]2[C@H](O)[C@@H]1OCC(O)Nc1ncnc3c1ncn32,AdenosineOnly_gen3
Nc1ncnc2c1ncn2[C@@H]1O[C@H](CO)[C@@H](O)[C@H]1O,CC(=O)OC(O)[C@H]1O[C@@]2(n3cnc4c(N)ncnc43)O[C@@H]2[C@@H]1O,AdenosineOnly_gen3
Nc1ncnc2c1ncn2[C@@H]1O[C@H](CO)[C@@H](O)[C@H]1O,Nc1ncnc2c1ncn2[C@@H]1O[C@H](C(=O)O)[C@H]2OCC(O)O[C@H]21,AdenosineOnly_gen3
Nc1ncnc2c1ncn2[C@@H]1O[C@H](CO)[C@@H](O)[C@H]1O,CC(O)O[C@H]1[C@@H](O)[C@H]2O[C@@H]1C(C)Oc1nc(N)c3ncn2c3n1,AdenosineOnly_gen3
Nc1ncnc2c1ncn2[C@@H]1O[C@H](CO)[C@@H](O)[C@H]1O,Nc1ncnc2c1ncn2[C@@H]1O[C@H](CO)[C@H]2OC(O)CCO[C@H]21,AdenosineOnly_gen3
Nc1ncnc2c1ncn2[C@@H]1O[C@H](CO)[C@@H](O)[C@H]1O,CC(O)Nc1ncnc2c1ncn2[C@@]1(C)O[C@]2(CO)O[C@H]2[C@H]1O,AdenosineOnly_gen3
Nc1ncnc2c1ncn2[C@@H]1O[C@H](CO)[C@@H](O)[C@H]1O,CC(O)Nc1ncnc2c1nc1n2[C@@]2(C)O[C@H](CO)[C@@H](O1)[C@H]2O,AdenosineOnly_gen3
Nc1ncnc2c1ncn2[C@@H]1O[C@H](CO)[C@@H](O)[C@H]1O,CC(O)N(C)c1ncnc2c1ncn2[C@]12O[C@@H]1[C@H](O)[C@@H](CO)O2,AdenosineOnly_gen3
Nc1ncnc2c1ncn2[C@@H]1O[C@H](CO)[C@@H](O)[C@H]1O,CC(O)Nc1ncnc2c1ncn2[C@@H]1O[C@]2(OC2C)[C@@H](O)[C@H]1O,AdenosineOnly_gen3
Nc1ncnc2c1ncn2[C@@H]1O[C@H](CO)[C@@H](O)[C@H]1O,CC(O)Nc1ncnc2c1ncn2[C@@H]1O[C@@H]2C(C)O[C@]1(O)[C@@H]2O,AdenosineOnly_gen3
Nc1ncnc2c1ncn2[C@@H]1O[C@H](CO)[C@@H](O)[C@H]1O,CC(O)O[C@@H]1[C@]2(CO)O[C@@H](n3cnc4c(N)ncnc43)[C@@]1(C)O2,AdenosineOnly_gen3
Nc1ncnc2c1ncn2[C@@H]1O[C@H](CO)[C@@H](O)[C@H]1O,CC(O)Nc1ncnc2c1nc1n2[C@@H]2O[C@H](C(C)O1)[C@@H](O)[C@H]2O,AdenosineOnly_gen3
Nc1ncnc2c1ncn2[C@@H]1O[C@H](CO)[C@@H](O)[C@H]1O,CC(O)Nc1ncnc2c1ncn2[C@@]12O[C@H](CO)[C@@H](O)[C@]1(C)O2,AdenosineOnly_gen3
Nc1ncnc2c1ncn2[C@@H]1O[C@H](CO)[C@@H](O)[C@H]1O,Cc1nc2c(NC(C)O)ncnc2n1[C@]12O[C@@H]1[C@H](O)[C@@H](CO)O2,AdenosineOnly_gen3
Nc1ncnc2c1ncn2[C@@H]1O[C@H](CO)[C@@H](O)[C@H]1O,CC(C)(O)[C@H]1O[C@@H](n2cnc3c(NC=O)ncnc32)[C@H](O)[C@@H]1O,AdenosineOnly_gen3
Nc1ncnc2c1ncn2[C@@H]1O[C@H](CO)[C@@H](O)[C@H]1O,CC(O)OC[C@@]12O[C@H]([C@@H]1O)[C@@](C)(n1cnc3c(N)ncnc31)O2,AdenosineOnly_gen3
Nc1ncnc2c1ncn2[C@@H]1O[C@H](CO)[C@@H](O)[C@H]1O,C[C@@]1(OC=O)[C@H](n2cnc3c(N)ncnc32)O[C@@](C)(CO)[C@H]1O,AdenosineOnly_gen3
Nc1ncnc2c1ncn2[C@@H]1O[C@H](CO)[C@@H](O)[C@H]1O,CC(O)OC[C@H]1O[C@H]2n3cnc4c(N)nc(nc43)O[C@@]2(C)[C@@H]1O,AdenosineOnly_gen3
Nc1ncnc2c1ncn2[C@@H]1O[C@H](CO)[C@@H](O)[C@H]1O,CC(O)OC[C@H]1O[C@@H]2[C@H](Oc3nc(N)c4ncn2c4n3)[C@@]1(C)O,AdenosineOnly_gen3
Nc1ncnc2c1ncn2[C@@H]1O[C@H](CO)[C@@H](O)[C@H]1O,CC(O)Nc1ncnc2c1nc1n2[C@@H]2O[C@@](C)(CO)[C@@H](O1)[C@H]2O,AdenosineOnly_gen3
Nc1ncnc2c1ncn2[C@@H]1O[C@H](CO)[C@@H](O)[C@H]1O,CC(O)[C@H]1O[C@@H](n2cnc3c(N)ncnc32)[C@@](C)(O)[C@@H]1OC=O,AdenosineOnly_gen3
Nc1ncnc2c1ncn2[C@@H]1O[C@H](CO)[C@@H](O)[C@H]1O,CC(C)(O)O[C@H]1[C@@H](O)[C@H](n2cnc3c(N)ncnc32)O[C@@]12CO2,AdenosineOnly_gen3
Nc1ncnc2c1ncn2[C@@H]1O[C@H](CO)[C@@H](O)[C@H]1O,Cc1nc2c(N)ncnc2n1[C@@H]1O[C@H](CO)[C@](C)(OC=O)[C@H]1O,AdenosineOnly_gen3
Nc1ncnc2c1ncn2[C@@H]1O[C@H](CO)[C@@H](O)[C@H]1O,CCC(OC=O)[C@H]1O[C@@H](n2cnc3c(N)ncnc32)[C@H](O)[C@@H]1O,AdenosineOnly_gen3
Nc1ncnc2c1ncn2[C@@H]1O[C@H](CO)[C@@H](O)[C@H]1O,Cc1nc2c(NC(C)O)ncnc2n1[C@@H]1O[C@@]2(CO2)[C@@H](O)[C@H]1O,AdenosineOnly_gen3
Nc1ncnc2c1ncn2[C@@H]1O[C@H](CO)[C@@H](O)[C@H]1O,COC[C@H]1O[C@@H](n2cnc3c(NC=O)ncnc32)[C@H](O)[C@@]1(C)O,AdenosineOnly_gen3
Nc1ncnc2c1ncn2[C@@H]1O[C@H](CO)[C@@H](O)[C@H]1O,CC1OC[C@H]2O[C@H]([C@H](O)[C@@H]2O)n2cnc3c(ncnc32)NC1O,AdenosineOnly_gen3
Nc1ncnc2c1ncn2[C@@H]1O[C@H](CO)[C@@H](O)[C@H]1O,C[C@]1(O)[C@@H](CO)O[C@@H](n2cnc3c(NC=O)ncnc32)[C@@]1(C)O,AdenosineOnly_gen3
Nc1ncnc2c1ncn2[C@@H]1O[C@H](CO)[C@@H](O)[C@H]1O,CC(O)OC[C@]1(C)O[C@@H]2[C@H](Oc3nc4c(N)ncnc4n32)[C@@H]1O,AdenosineOnly_gen3
Nc1ncnc2c1ncn2[C@@H]1O[C@H](CO)[C@@H](O)[C@H]1O,CC(C)(O)Nc1ncnc2c1ncn2[C@@H]1O[C@H](CO)[C@H]2O[C@]21O,AdenosineOnly_gen3
Nc1ncnc2c1ncn2[C@@H]1O[C@H](CO)[C@@H](O)[C@H]1O,Cc1nc(N)c2ncn([C@@H]3O[C@@H]4C(O)O[C@H]4[C@H]3OC(C)O)c2n1,AdenosineOnly_gen3
Nc1ncnc2c1ncn2[C@@H]1O[C@H](CO)[C@@H](O)[C@H]1O,CC(O)OC[C@@]12O[C@H]1[C@](C)(O)[C@H](n1cnc3c(N)ncnc31)O2,AdenosineOnly_gen3
Nc1ncnc2c1ncn2[C@@H]1O[C@H](CO)[C@@H](O)[C@H]1O,CO[C@@H]1[C@H](O)[C@@H](CO)O[C@]1(C)n1cnc2c(NC=O)ncnc21,AdenosineOnly_gen3
Nc1ncnc2c1ncn2[C@@H]1O[C@H](CO)[C@@H](O)[C@H]1O,CC(O)O[C@H]1[C@H]2O[C@H](CO)[C@]1(C)Oc1nc3c(N)ncnc3n12,AdenosineOnly_gen3
Nc1ncnc2c1ncn2[C@@H]1O[C@H](CO)[C@@H](O)[C@H]1O,CC1OC[C@H]2O[C@@H](n3cnc4c(N)ncnc43)[C@H](O)[C@@H]2OC1O,AdenosineOnly_gen3
Nc1ncnc2c1ncn2[C@@H]1O[C@H](CO)[C@@H](O)[C@H]1O,CC(O)O[C@@]1(C)[C@@H]2Oc3nc(N)c4ncn(c4n3)[C@@H]1O[C@@H]2CO,AdenosineOnly_gen3
Nc1ncnc2c1ncn2[C@@H]1O[C@H](CO)[C@@H](O)[C@H]1O,CC(O)O[C@@H]1[C@H](O)[C@]2(C)CO[C@]1(n1cnc3c(N)ncnc31)O2,AdenosineOnly_gen3
Nc1ncnc2c1ncn2[C@@H]1O[C@H](CO)[C@@H](O)[C@H]1O,Cc1nc(N)c2ncn([C@@H]3O[C@@H]4CO[C@]3(OC(C)O)[C@@H]4O)c2n1,AdenosineOnly_gen3
Nc1ncnc2c1ncn2[C@@H]1O[C@H](CO)[C@@H](O)[C@H]1O,CC(O)O[C@@H]1[C@@H]2O[C@](C)(n3cnc4c(N)ncnc43)[C@@H]1OC2O,AdenosineOnly_gen3
Nc1ncnc2c1ncn2[C@@H]1O[C@H](CO)[C@@H](O)[C@H]1O,CC(O)Nc1ncnc2c1ncn2[C@@]12OC[C@](C)(O1)[C@@H](O)[C@H]2O,AdenosineOnly_gen3
Nc1ncnc2c1ncn2[C@@H]1O[C@H](CO)[C@@H](O)[C@H]1O,Cc1nc2c(N)ncnc2n1[C@]12O[C@@H]([C@H]1OC(C)O)[C@@H](CO)O2,AdenosineOnly_gen3
Nc1ncnc2c1ncn2[C@@H]1O[C@H](CO)[C@@H](O)[C@H]1O,Cc1nc(N)c2ncn([C@@]3(C)O[C@H](COC=O)[C@@H](O)[C@H]3O)c2n1,AdenosineOnly_gen3
Nc1ncnc2c1ncn2[C@@H]1O[C@H](CO)[C@@H](O)[C@H]1O,CC(O)O[C@H]1[C@@H](O)[C@]2(C)O[C@@H]1COc1nc(N)c3ncn2c3n1,AdenosineOnly_gen3
Nc1ncnc2c1ncn2[C@@H]1O[C@H](CO)[C@@H](O)[C@H]1O,CC(O)[C@H]1O[C@](C)(n2cnc3c(N)ncnc32)[C@H](OC=O)[C@@H]1O,AdenosineOnly_gen3
Nc1ncnc2c1ncn2[C@@H]1O[C@H](CO)[C@@H](O)[C@H]1O,C[C@@]1(O)[C@@H](O)[C@@](C)(n2cnc3c(NC=O)ncnc32)O[C@@H]1CO,AdenosineOnly_gen3
Nc1ncnc2c1ncn2[C@@H]1O[C@H](CO)[C@@H](O)[C@H]1O,CC(O)N1CO[C@@H]2[C@H](O)[C@@H](CO)O[C@H]2n2cnc3c1ncnc32,AdenosineOnly_gen3
Nc1ncnc2c1ncn2[C@@H]1O[C@H](CO)[C@@H](O)[C@H]1O,CC(O)O[C@@H]1[C@@H]2OCc3nc(N)c4ncn(c4n3)[C@@H]1O[C@@H]2CO,AdenosineOnly_gen3
Nc1ncnc2c1ncn2[C@@H]1O[C@H](CO)[C@@H](O)[C@H]1O,Cc1nc2c(N)ncnc2n1[C@@H]1O[C@@H]2C(OC(C)O)O[C@H]2[C@H]1O,AdenosineOnly_gen3
Nc1ncnc2c1ncn2[C@@H]1O[C@H](CO)[C@@H](O)[C@H]1O,CC(O)N(C)c1ncnc2c1nc1n2[C@@H]2O[C@H](CO)[C@@H](O)[C@H]2O1,AdenosineOnly_gen3
Nc1ncnc2c1ncn2[C@@H]1O[C@H](CO)[C@@H](O)[C@H]1O,CC(O)Nc1ncnc2c1nc1n2[C@@H]2O[C@H](CO)[C@@H](O)[C@H]2OC1,AdenosineOnly_gen3
Nc1ncnc2c1ncn2[C@@H]1O[C@H](CO)[C@@H](O)[C@H]1O,CC(O)OC(C)[C@H]1O[C@@H]2[C@H](Oc3nc4c(N)ncnc4n32)[C@@H]1O,AdenosineOnly_gen3
Nc1ncnc2c1ncn2[C@@H]1O[C@H](CO)[C@@H](O)[C@H]1O,CCC(O)OC1O[C@H]2[C@@H](O)[C@H](n3cnc4c(N)ncnc43)O[C@H]12,AdenosineOnly_gen3
Nc1ncnc2c1ncn2[C@@H]1O[C@H](CO)[C@@H](O)[C@H]1O,CC(O)Nc1ncnc2c1nc1n2[C@@H]2O[C@@](C)(CO1)[C@@H](O)[C@H]2O,AdenosineOnly_gen3
Nc1ncnc2c1ncn2[C@@H]1O[C@H](CO)[C@@H](O)[C@H]1O,CC(O)O[C@H]1[C@H](n2cnc3c(N)ncnc32)O[C@@]2(CO2)[C@]1(C)O,AdenosineOnly_gen3
Nc1ncnc2c1ncn2[C@@H]1O[C@H](CO)[C@@H](O)[C@H]1O,CC(OC=O)[C@H]1O[C@](C)(n2cnc3c(N)ncnc32)[C@H](O)[C@@H]1O,AdenosineOnly_gen3
Nc1ncnc2c1ncn2[C@@H]1O[C@H](CO)[C@@H](O)[C@H]1O,CC(O)Nc1ncnc2c1ncn2[C@@H]1O[C@H](C(C)O)[C@@]2(O)O[C@@H]12,AdenosineOnly_gen3
Nc1ncnc2c1ncn2[C@@H]1O[C@H](CO)[C@@H](O)[C@H]1O,CC(O)O[C@]1(C)[C@H]2O[C@]2(n2cnc3c(N)ncnc32)O[C@@H]1CO,AdenosineOnly_gen3
Nc1ncnc2c1ncn2[C@@H]1O[C@H](CO)[C@@H](O)[C@H]1O,CC(O)OC[C@]1(C)O[C@@H](n2cnc3c(N)ncnc32)[C@@H]2O[C@@]21O,AdenosineOnly_gen3
Nc1ncnc2c1ncn2[C@@H]1O[C@H](CO)[C@@H](O)[C@H]1O,CC(O)O[C@@]1(C)[C@H](O)[C@]2(CO2)O[C@H]1n1cnc2c(N)ncnc21,AdenosineOnly_gen3
Nc1ncnc2c1ncn2[C@@H]1O[C@H](CO)[C@@H](O)[C@H]1O,CC(O)OC[C@H]1O[C@@H]2[C@H](O)[C@@H]1OCc1nc3c(N)ncnc3n12,AdenosineOnly_gen3
Nc1ncnc2c1ncn2[C@@H]1O[C@H](CO)[C@@H](O)[C@H]1O,Cc1nc(NC(C)O)c2ncn([C@@H]3O[C@H](CO)[C@@]4(O)O[C@@H]34)c2n1,AdenosineOnly_gen3
Nc1ncnc2c1ncn2[C@@H]1O[C@H](CO)[C@@H](O)[C@H]1O,Cc1nc(N)c2ncn([C@@H]3O[C@H](COC=O)[C@@H](O)[C@]3(C)O)c2n1,AdenosineOnly_gen3
Nc1ncnc2c1ncn2[C@@H]1O[C@H](CO)[C@@H](O)[C@H]1O,CC(O)OC[C@H]1O[C@@H]2[C@H](Oc3nc4c(N)ncnc4n32)[C@@]1(C)O,AdenosineOnly_gen3
Nc1ncnc2c1ncn2[C@@H]1O[C@H](CO)[C@@H](O)[C@H]1O,C[C@]1(n2cnc3c(NC=O)ncnc32)O[C@@](C)(CO)[C@@H](O)[C@H]1O,AdenosineOnly_gen3
Nc1ncnc2c1ncn2[C@@H]1O[C@H](CO)[C@@H](O)[C@H]1O,CC(O)O[C@]12OC(C)[C@@H](O[C@H]1n1cnc3c(N)ncnc31)[C@H]2O,AdenosineOnly_gen3
Nc1ncnc2c1ncn2[C@@H]1O[C@H](CO)[C@@H](O)[C@H]1O,CC(O)O[C@@H]1[C@@]2(C)O[C@]1(n1cnc3c(N)ncnc31)O[C@@H]2CO,AdenosineOnly_gen3
Nc1ncnc2c1ncn2[C@@H]1O[C@H](CO)[C@@H](O)[C@H]1O,CC(O)O[C@@]12OC[C@]1(C)O[C@@H](n1cnc3c(N)ncnc31)[C@@H]2O,AdenosineOnly_gen3
Nc1ncnc2c1ncn2[C@@H]1O[C@H](CO)[C@@H](O)[C@H]1O,CC(O)O[C@@]1(C)[C@@H]2Oc3nc4c(N)ncnc4n3[C@@H]1O[C@@H]2CO,AdenosineOnly_gen3
Nc1ncnc2c1ncn2[C@@H]1O[C@H](CO)[C@@H](O)[C@H]1O,Cc1nc2c(NC(C)O)ncnc2n1[C@@H]1O[C@@H]2C(O)O[C@H]2[C@H]1O,AdenosineOnly_gen3
Nc1ncnc2c1ncn2[C@@H]1O[C@H](CO)[C@@H](O)[C@H]1O,CO[C@H]1[C@@H](OC=O)[C@H](n2cnc3c(N)nc(C)nc32)O[C@@H]1CO,AdenosineOnly_gen3
Nc1ncnc2c1ncn2[C@@H]1O[C@H](CO)[C@@H](O)[C@H]1O,Cc1nc2c(N)ncnc2n1[C@@H]1O[C@H](CO)[C@H]2OCC(O)O[C@H]21,AdenosineOnly_gen3
Nc1ncnc2c1ncn2[C@@H]1O[C@H](CO)[C@@H](O)[C@H]1O,CC(O)O[C@@H]1[C@@H]2Oc3nc(N)c4ncn(c4n3)[C@@]1(C)O[C@@H]2CO,AdenosineOnly_gen3
Nc1ncnc2c1ncn2[C@@H]1O[C@H](CO)[C@@H](O)[C@H]1O,CO[C@@H]1[C@H](OC(C)O)[C@H]2COc3nc(N)c4ncn(c4n3)[C@@H]1O2,AdenosineOnly_gen3
Nc1ncnc2c1ncn2[C@@H]1O[C@H](CO)[C@@H](O)[C@H]1O,CC(O)N(C)c1ncnc2c1nc1n2[C@@H]2O[C@H](CO1)[C@@H](O)[C@H]2O,AdenosineOnly_gen3
Nc1ncnc2c1ncn2[C@@H]1O[C@H](CO)[C@@H](O)[C@H]1O,CN(C=O)c1ncnc2c1ncn2[C@@H]1O[C@@](C)(CO)[C@@H](O)[C@H]1O,AdenosineOnly_gen3
Nc1ncnc2c1ncn2[C@@H]1O[C@H](CO)[C@@H](O)[C@H]1O,CC(C)(O)[C@H]1O[C@@H](n2cnc3c(N)ncnc32)[C@H](O)[C@@H]1OC=O,AdenosineOnly_gen3
Nc1ncnc2c1ncn2[C@@H]1O[C@H](CO)[C@@H](O)[C@H]1O,Cc1nc2c3ncnc2n1[C@@H]1O[C@H](CO)[C@@H](OCC(O)N3)[C@H]1O,AdenosineOnly_gen3
Nc1ncnc2c1ncn2[C@@H]1O[C@H](CO)[C@@H](O)[C@H]1O,CO[C@@H]1[C@@H]2OCC(O)OC[C@H]2O[C@H]1n1cnc2c(N)ncnc21,AdenosineOnly_gen3
Nc1ncnc2c1ncn2[C@@H]1O[C@H](CO)[C@@H](O)[C@H]1O,CC(O)O[C@@]12OC[C@H]1O[C@@H](n1cnc3c(N)ncnc31)[C@@]2(C)O,AdenosineOnly_gen3
Nc1ncnc2c1ncn2[C@@H]1O[C@H](CO)[C@@H](O)[C@H]1O,CC(O)OC1CO[C@H]2[C@@H](O)[C@H](n3cnc4c(N)ncnc43)O[C@H]12,AdenosineOnly_gen3
Nc1ncnc2c1ncn2[C@@H]1O[C@H](CO)[C@@H](O)[C@H]1O,CC(O)Nc1ncnc2c1nc1n2[C@@H]2O[C@H](CO1)[C@@H](O)[C@]2(C)O,AdenosineOnly_gen3
Nc1ncnc2c1ncn2[C@@H]1O[C@H](CO)[C@@H](O)[C@H]1O,CC(O)Nc1ncnc2c1ncn2[C@@]12OC[C@@H](O1)[C@@H](O)[C@]2(C)O,AdenosineOnly_gen3
Nc1ncnc2c1ncn2[C@@H]1O[C@H](CO)[C@@H](O)[C@H]1O,Cc1nc2c(N)ncnc2n1[C@@H]1O[C@@](C)(CO)[C@@H](O)[C@H]1OC=O,AdenosineOnly_gen3
Nc1ncnc2c1ncn2[C@@H]1O[C@H](CO)[C@@H](O)[C@H]1O,CC(O)O[C@@H]1[C@H](O)[C@@H]2O[C@H]1n1c(nc3c(N)ncnc31)OC2C,AdenosineOnly_gen3
Nc1ncnc2c1ncn2[C@@H]1O[C@H](CO)[C@@H](O)[C@H]1O,C[C@]1(n2cnc3c(N)ncnc32)O[C@H](CO)[C@H]2OC(O)CO[C@H]21,AdenosineOnly_gen3
Nc1ncnc2c1ncn2[C@@H]1O[C@H](CO)[C@@H](O)[C@H]1O,CO[C@]12OC[C@@H](O[C@H]1n1cnc3c(NC(C)O)ncnc31)[C@H]2O,AdenosineOnly_gen3
Nc1ncnc2c1ncn2[C@@H]1O[C@H](CO)[C@@H](O)[C@H]1O,CO[C@H]1[C@@H](OC(C)O)[C@H]2O[C@@H]1COc1nc3c(N)ncnc3n12,AdenosineOnly_gen3
Nc1ncnc2c1ncn2[C@@H]1O[C@H](CO)[C@@H](O)[C@H]1O,C[C@]12OC(O)COC[C@H]1O[C@@H](n1cnc3c(N)ncnc31)[C@@H]2O,AdenosineOnly_gen3
Nc1ncnc2c1ncn2[C@@H]1O[C@H](CO)[C@@H](O)[C@H]1O,CC(O)OC[C@]1(C)O[C@@H]2[C@H](O)[C@@H]1Oc1nc(N)c3ncn2c3n1,AdenosineOnly_gen3
Nc1ncnc2c1ncn2[C@@H]1O[C@H](CO)[C@@H](O)[C@H]1O,CC(O)OC[C@]1(C)O[C@@]2(n3cnc4c(N)ncnc43)O[C@H]1[C@H]2O,AdenosineOnly_gen3
Nc1ncnc2c1ncn2[C@@H]1O[C@H](CO)[C@@H](O)[C@H]1O,CC(O)Nc1nc2nc3c1ncn3[C@@]1(C)O[C@H](CO2)[C@@H](O)[C@H]1O,AdenosineOnly_gen3
Nc1ncnc2c1ncn2[C@@H]1O[C@H](CO)[C@@H](O)[C@H]1O,Cc1nc(N)c2ncn([C@@H]3O[C@H](COC(C)O)[C@H]4O[C@]43O)c2n1,AdenosineOnly_gen3
Nc1ncnc2c1ncn2[C@@H]1O[C@H](CO)[C@@H](O)[C@H]1O,CC(O)O[C@@H]1[C@@H]2O[C@@]2(CO)O[C@]1(C)n1cnc2c(N)ncnc21,AdenosineOnly_gen3
Nc1ncnc2c1ncn2[C@@H]1O[C@H](CO)[C@@H](O)[C@H]1O,CC(C)(O)O[C@@H]1[C@@H]2O[C@]1(n1cnc3c(N)ncnc31)O[C@@H]2CO,AdenosineOnly_gen3
Nc1ncnc2c1ncn2[C@@H]1O[C@H](CO)[C@@H](O)[C@H]1O,CC(O)[C@H]1O[C@@H](n2cnc3c(NC=O)ncnc32)[C@@](C)(O)[C@@H]1O,AdenosineOnly_gen3
Nc1ncnc2c1ncn2[C@@H]1O[C@H](CO)[C@@H](O)[C@H]1O,CC(O)O[C@]12O[C@H]1[C@H](n1cnc3c(N)ncnc31)O[C@@]2(C)CO,AdenosineOnly_gen3
Nc1ncnc2c1ncn2[C@@H]1O[C@H](CO)[C@@H](O)[C@H]1O,C[C@@]1(O)[C@H](n2cnc3c(NC=O)ncnc32)O[C@@](C)(CO)[C@H]1O,AdenosineOnly_gen3
Nc1ncnc2c1ncn2[C@@H]1O[C@H](CO)[C@@H](O)[C@H]1O,CC(O)O[C@H]1[C@H](n2cnc3c(N)ncnc32)OC2(COC2)[C@H]1O,AdenosineOnly_gen3
Nc1ncnc2c1ncn2[C@@H]1O[C@H](CO)[C@@H](O)[C@H]1O,C[C@]1(n2cnc3c(N)ncnc32)O[C@@H]2COCC(O)O[C@H]2[C@H]1O,AdenosineOnly_gen3
Nc1ncnc2c1ncn2[C@@H]1O[C@H](CO)[C@@H](O)[C@H]1O,CC(O)OC1(C)O[C@H]2[C@@H](O)[C@H](n3cnc4c(N)ncnc43)O[C@@H]21,AdenosineOnly_gen3
Nc1ncnc2c1ncn2[C@@H]1O[C@H](CO)[C@@H](O)[C@H]1O,CO[C@H]1[C@H](n2cnc3c(NC(C)O)ncnc32)O[C@]2(CO)O[C@@H]12,AdenosineOnly_gen3
Nc1ncnc2c1ncn2[C@@H]1O[C@H](CO)[C@@H](O)[C@H]1O,CC(C)(O)O[C@H]1[C@@H](O)[C@H]2O[C@@H]1COc1nc3c(N)ncnc3n12,AdenosineOnly_gen3
Nc1ncnc2c1ncn2[C@@H]1O[C@H](CO)[C@@H](O)[C@H]1O,Cc1nc(NC(C)O)c2ncn([C@@H]3O[C@@H]4CO[C@]3(O)[C@@H]4O)c2n1,AdenosineOnly_gen3
Nc1ncnc2c1ncn2[C@@H]1O[C@H](CO)[C@@H](O)[C@H]1O,Cc1nc(NC(C)O)c2ncn([C@@]34OC[C@@H](O3)[C@@H](O)[C@H]4O)c2n1,AdenosineOnly_gen3
Nc1ncnc2c1ncn2[C@@H]1O[C@H](CO)[C@@H](O)[C@H]1O,CC(O)OC[C@H]1O[C@](C)(n2cnc3c(N)ncnc32)[C@]2(O)O[C@H]12,AdenosineOnly_gen3
Nc1ncnc2c1ncn2[C@@H]1O[C@H](CO)[C@@H](O)[C@H]1O,C[C@]1(n2cnc3c(N)ncnc32)O[C@@H]2COC(O)CO[C@@H]1[C@@H]2O,AdenosineOnly_gen3
Nc1ncnc2c1ncn2[C@@H]1O[C@H](CO)[C@@H](O)[C@H]1O,Cc1nc2c(N)ncnc2n1[C@@H]1O[C@@H]2COC(O)CO[C@H]2[C@H]1O,AdenosineOnly_gen3
Nc1ncnc2c1ncn2[C@@H]1O[C@H](CO)[C@@H](O)[C@H]1O,Cc1nc2c(N)ncnc2n1[C@@H]1O[C@H](COC=O)[C@@H](O)[C@]1(C)O,AdenosineOnly_gen3
Nc1ncnc2c1ncn2[C@@H]1O[C@H](CO)[C@@H](O)[C@H]1O,CC(O)O[C@]12O[C@H]1[C@@](C)(n1cnc3c(N)ncnc31)O[C@@H]2CO,AdenosineOnly_gen3
Nc1ncnc2c1ncn2[C@@H]1O[C@H](CO)[C@@H](O)[C@H]1O,Cc1nc(N)c2ncn([C@@H]3O[C@@](C)(COC=O)[C@@H](O)[C@H]3O)c2n1,AdenosineOnly_gen3
Nc1ncnc2c1ncn2[C@@H]1O[C@H](CO)[C@@H](O)[C@H]1O,Cc1nc(N)c2ncn([C@@H]3O[C@@H]4COCC(O)O[C@H]4[C@H]3O)c2n1,AdenosineOnly_gen3
Nc1ncnc2c1ncn2[C@@H]1O[C@H](CO)[C@@H](O)[C@H]1O,CCC1(O)OC[C@H]2O[C@@H](n3cnc4c(N)ncnc43)[C@H](O1)[C@@H]2O,AdenosineOnly_gen3
Nc1ncnc2c1ncn2[C@@H]1O[C@H](CO)[C@@H](O)[C@H]1O,CC[C@]1(O)[C@H](OC=O)[C@@H](CO)O[C@H]1n1cnc2c(N)ncnc21,AdenosineOnly_gen3
Nc1ncnc2c1ncn2[C@@H]1O[C@H](CO)[C@@H](O)[C@H]1O,Cc1nc2c(N)ncnc2n1[C@@H]1O[C@@H]2CO[C@@]2(OC(C)O)[C@H]1O,AdenosineOnly_gen3
Nc1ncnc2c1ncn2[C@@H]1O[C@H](CO)[C@@H](O)[C@H]1O,CC(O)Nc1ncnc2c1ncn2[C@@H]1O[C@]2(CO)O[C@@]1(C)[C@@H]2O,AdenosineOnly_gen3
Nc1ncnc2c1ncn2[C@@H]1O[C@H](CO)[C@@H](O)[C@H]1O,Cc1nc(N)c2ncn([C@@]34OC[C@@H](O3)[C@@H](OC(C)O)[C@H]4O)c2n1,AdenosineOnly_gen3
Nc1ncnc2c1ncn2[C@@H]1O[C@H](CO)[C@@H](O)[C@H]1O,CC(C)(O)O[C@H]1[C@H]2Oc3nc(N)c4ncn(c4n3)[C@@H]2O[C@@H]1CO,AdenosineOnly_gen3
Nc1ncnc2c1ncn2[C@@H]1O[C@H](CO)[C@@H](O)[C@H]1O,CO[C@H]1[C@H](n2cnc3c(NC=O)ncnc32)O[C@@](C)(CO)[C@H]1O,AdenosineOnly_gen3
Nc1ncnc2c1ncn2[C@@H]1O[C@H](CO)[C@@H](O)[C@H]1O,CC(O)O[C@@]1(C)[C@@H]2OC(O)[C@H]2O[C@H]1n1cnc2c(N)ncnc21,AdenosineOnly_gen3
Nc1ncnc2c1ncn2[C@@H]1O[C@H](CO)[C@@H](O)[C@H]1O,CC(O)O[C@]1(C)[C@@H](O)[C@]2(n3cnc4c(N)ncnc43)OC[C@H]1O2,AdenosineOnly_gen3
Nc1ncnc2c1ncn2[C@@H]1O[C@H](CO)[C@@H](O)[C@H]1O,Cc1nc2c(N)ncnc2n1[C@@H]1O[C@]2(CO)O[C@H]2[C@H]1OC(C)O,AdenosineOnly_gen3
Nc1ncnc2c1ncn2[C@@H]1O[C@H](CO)[C@@H](O)[C@H]1O,CC(O)O[C@H]1[C@@]2(O)OC[C@]1(C)O[C@H]2n1cnc2c(N)ncnc21,AdenosineOnly_gen3
Nc1ncnc2c1ncn2[C@@H]1O[C@H](CO)[C@@H](O)[C@H]1O,Cc1nc2c(N)ncnc2n1[C@@H]1O[C@H](COC(C)O)[C@H]2O[C@]21O,AdenosineOnly_gen3
Nc1ncnc2c1ncn2[C@@H]1O[C@H](CO)[C@@H](O)[C@H]1O,Cc1nc(N)c2ncn([C@@H]3O[C@@]4(CO4)[C@@H](O)[C@H]3OC(C)O)c2n1,AdenosineOnly_gen3
Nc1ncnc2c1ncn2[C@@H]1O[C@H](CO)[C@@H](O)[C@H]1O,CC(O)OC(C)[C@H]1O[C@@]2(n3cnc4c(N)ncnc43)O[C@H]1[C@H]2O,AdenosineOnly_gen3
Nc1ncnc2c1ncn2[C@@H]1O[C@H](CO)[C@@H](O)[C@H]1O,Cc1nc(N)c2ncn([C@]34O[C@@H]([C@H]3OC(C)O)[C@@H](CO)O4)c2n1,AdenosineOnly_gen3
Nc1ncnc2c1ncn2[C@@H]1O[C@H](CO)[C@@H](O)[C@H]1O,Cc1nc2c(N)ncnc2n1[C@@H]1O[C@@]2(CO2)[C@@H](OC(C)O)[C@H]1O,AdenosineOnly_gen3
Nc1ncnc2c1ncn2[C@@H]1O[C@H](CO)[C@@H](O)[C@H]1O,Cc1nc(NC(C)O)c2nc3n(c2n1)[C@@H]1O[C@H](CO3)[C@@H](O)[C@H]1O,AdenosineOnly_gen3
Nc1ncnc2c1ncn2[C@@H]1O[C@H](CO)[C@@H](O)[C@H]1O,C[C@]1(O)[C@@H](COC=O)O[C@@H](n2cnc3c(N)ncnc32)[C@@]1(C)O,AdenosineOnly_gen3
Nc1ncnc2c1ncn2[C@@H]1O[C@H](CO)[C@@H](O)[C@H]1O,CO[C@@]12O[C@@H]1[C@@H](CO)O[C@H]2n1cnc2c(NC(C)O)ncnc21,AdenosineOnly_gen3
Nc1ncnc2c1ncn2[C@@H]1O[C@H](CO)[C@@H](O)[C@H]1O,Cc1nc(N)c2ncn([C@@H]3O[C@]4(COC(C)O)O[C@@H]3[C@@H]4O)c2n1,AdenosineOnly_gen3
Nc1ncnc2c1ncn2[C@@H]1O[C@H](CO)[C@@H](O)[C@H]1O,COC1CO[C@@H]2[C@H](O1)[C@@H](CO)O[C@H]2n1cnc2c(N)ncnc21,AdenosineOnly_gen3
Nc1ncnc2c1ncn2[C@@H]1O[C@H](CO)[C@@H](O)[C@H]1O,Cc1nc2c(NC=O)ncnc2n1[C@@H]1O[C@@](C)(CO)[C@@H](O)[C@H]1O,AdenosineOnly_gen3
Nc1ncnc2c1ncn2[C@@H]1O[C@H](CO)[C@@H](O)[C@H]1O,C[C@@]1(CO)O[C@@H](n2cnc3c(N)ncnc32)[C@H](O)[C@@]1(C)OC=O,AdenosineOnly_gen3
Nc1ncnc2c1ncn2[C@@H]1O[C@H](CO)[C@@H](O)[C@H]1O,CC(O)Nc1ncnc2c1ncn2[C@@]1(C)O[C@H](CO)[C@@]2(O)O[C@H]21,AdenosineOnly_gen3
Nc1ncnc2c1ncn2[C@@H]1O[C@H](CO)[C@@H](O)[C@H]1O,CC(O)OC[C@H]1O[C@@H]2[C@H](OCc3nc(N)c4ncn2c4n3)[C@@H]1O,AdenosineOnly_gen3
Nc1ncnc2c1ncn2[C@@H]1O[C@H](CO)[C@@H](O)[C@H]1O,Cc1nc(NC=O)c2ncn([C@@]3(C)O[C@H](CO)[C@@H](O)[C@H]3O)c2n1,AdenosineOnly_gen3
Nc1ncnc2c1ncn2[C@@H]1O[C@H](CO)[C@@H](O)[C@H]1O,CC(O)O[C@@]12COC[C@H]1O[C@@H](n1cnc3c(N)ncnc31)[C@@H]2O,AdenosineOnly_gen3
Nc1ncnc2c1ncn2[C@@H]1O[C@H](CO)[C@@H](O)[C@H]1O,CC(O)Nc1ncnc2c1nc1n2[C@@H]2O[C@H](CO)[C@](C)(O)[C@H]2O1,AdenosineOnly_gen3
Nc1ncnc2c1ncn2[C@@H]1O[C@H](CO)[C@@H](O)[C@H]1O,CC(O)Nc1ncnc2c1ncn2[C@@H]1O[C@]2(CO)O[C@@H]1[C@@]2(C)O,AdenosineOnly_gen3
Nc1ncnc2c1ncn2[C@@H]1O[C@H](CO)[C@@H](O)[C@H]1O,CC(O)O[C@@]1(C)[C@@H]2O[C@]1(n1cnc3c(N)ncnc31)O[C@@H]2CO,AdenosineOnly_gen3
Nc1ncnc2c1ncn2[C@@H]1O[C@H](CO)[C@@H](O)[C@H]1O,CC(O)Nc1nc2nc3c1ncn3[C@@H]1O[C@H](CO)[C@](C)(O2)[C@H]1O,AdenosineOnly_gen3
Nc1ncnc2c1ncn2[C@@H]1O[C@H](CO)[C@@H](O)[C@H]1O,C[C@@]12COC(O)CO[C@@H]([C@H](n3cnc4c(N)ncnc43)O1)[C@@H]2O,AdenosineOnly_gen3
Nc1ncnc2c1ncn2[C@@H]1O[C@H](CO)[C@@H](O)[C@H]1O,Cc1nc(NC=O)c2ncn([C@@H]3O[C@@](C)(CO)[C@@H](O)[C@H]3O)c2n1,AdenosineOnly_gen3
Nc1ncnc2c1ncn2[C@@H]1O[C@H](CO)[C@@H](O)[C@H]1O,CC(C)(O)O[C@@]12O[C@@H]1[C@@H](CO)O[C@H]2n1cnc2c(N)ncnc21,AdenosineOnly_gen3
Nc1ncnc2c1ncn2[C@@H]1O[C@H](CO)[C@@H](O)[C@H]1O,CCO[C@H]1[C@@H](OC=O)[C@H](n2cnc3c(N)ncnc32)O[C@@H]1CO,AdenosineOnly_gen3
Nc1ncnc2c1ncn2[C@@H]1O[C@H](CO)[C@@H](O)[C@H]1O,CC(O)OC[C@H]1O[C@@H](n2cnc3c(N)ncnc32)[C@]2(O)O[C@@]12C,AdenosineOnly_gen3
Nc1ncnc2c1ncn2[C@@H]1O[C@H](CO)[C@@H](O)[C@H]1O,CC(O)O[C@@]12O[C@@H]1[C@](C)(CO)O[C@H]2n1cnc2c(N)ncnc21,AdenosineOnly_gen3
Nc1ncnc2c1ncn2[C@@H]1O[C@H](CO)[C@@H](O)[C@H]1O,CC(O)O[C@H]1[C@H]2OC(C)(O)[C@H]1O[C@H]2n1cnc2c(N)ncnc21,AdenosineOnly_gen3
Nc1ncnc2c1ncn2[C@@H]1O[C@H](CO)[C@@H](O)[C@H]1O,CO[C@@H]1[C@H]2CO[C@@]1(OC(C)O)[C@H](n1cnc3c(N)ncnc31)O2,AdenosineOnly_gen3
Nc1ncnc2c1ncn2[C@@H]1O[C@H](CO)[C@@H](O)[C@H]1O,CC(O)O[C@@]1(C)[C@H](O)[C@H]2CO[C@]1(n1cnc3c(N)ncnc31)O2,AdenosineOnly_gen3
Nc1ncnc2c1ncn2[C@@H]1O[C@H](CO)[C@@H](O)[C@H]1O,Cc1nc(N)c2ncn([C@]34O[C@@H]3[C@H](O)[C@@H](COC(C)O)O4)c2n1,AdenosineOnly_gen3
Nc1ncnc2c1ncn2[C@@H]1O[C@H](CO)[C@@H](O)[C@H]1O,CO[C@H]1[C@H]2Oc3nc4c(NC(C)O)ncnc4n3[C@@H]2O[C@@H]1CO,AdenosineOnly_gen3
Nc1ncnc2c1ncn2[C@@H]1O[C@H](CO)[C@@H](O)[C@H]1O,CC(O)O[C@H]1[C@H]2O[C@@](C)(CO)[C@H]1Oc1nc3c(N)ncnc3n12,AdenosineOnly_gen3
Nc1ncnc2c1ncn2[C@@H]1O[C@H](CO)[C@@H](O)[C@H]1O,COC[C@H]1O[C@@H](n2c(C)nc3c(N)ncnc32)[C@H](O)[C@@H]1OC=O,AdenosineOnly_gen3
Nc1ncnc2c1ncn2[C@@H]1O[C@H](CO)[C@@H](O)[C@H]1O,CO[C@@]1(C)[C@@H](CO)O[C@@H](n2cnc3c(N)ncnc32)[C@@H]1OC=O,AdenosineOnly_gen3
Nc1ncnc2c1ncn2[C@@H]1O[C@H](CO)[C@@H](O)[C@H]1O,Cc1nc2c(N)nc3nc2n1[C@@H]1O[C@H](CO3)[C@@H](OC(C)O)[C@H]1O,AdenosineOnly_gen3
Nc1ncnc2c1ncn2[C@@H]1O[C@H](CO)[C@@H](O)[C@H]1O,C[C@@]12O[C@H](CO)[C@@H](OCC(O)Nc3ncnc4c3ncn41)[C@H]2O,AdenosineOnly_gen3
Nc1ncnc2c1ncn2[C@@H]1O[C@H](CO)[C@@H](O)[C@H]1O,CC(O)O[C@@H]1[C@@H]2OCOC[C@H]2O[C@H]1n1cnc2c(N)ncnc21,AdenosineOnly_gen3
Nc1ncnc2c1ncn2[C@@H]1O[C@H](CO)[C@@H](O)[C@H]1O,CC(O)[C@H]1O[C@@H]2[C@H](OCC(O)Nc3ncnc4c3ncn42)[C@@H]1O,AdenosineOnly_gen3
Nc1ncnc2c1ncn2[C@@H]1O[C@H](CO)[C@@H](O)[C@H]1O,CC(O)N(C)c1ncnc2c1ncn2[C@@H]1O[C@@H]2C(O)O[C@H]2[C@H]1O,AdenosineOnly_gen3
Nc1ncnc2c1ncn2[C@@H]1O[C@H](CO)[C@@H](O)[C@H]1O,Cc1nc(N)c2ncn([C@@H]3O[C@H](C(C)O)[C@@H](OC=O)[C@H]3O)c2n1,AdenosineOnly_gen3
Nc1ncnc2c1ncn2[C@@H]1O[C@H](CO)[C@@H](O)[C@H]1O,Cc1nc(NC(C)O)c2ncn([C@@H]3O[C@]4(CO)O[C@H]4[C@H]3O)c2n1,AdenosineOnly_gen3
Nc1ncnc2c1ncn2[C@@H]1O[C@H](CO)[C@@H](O)[C@H]1O,CC(O)O[C@H]1[C@H]2O[C@H](COc3nc4c(N)ncnc4n32)[C@]1(C)O,AdenosineOnly_gen3
Nc1ncnc2c1ncn2[C@@H]1O[C@H](CO)[C@@H](O)[C@H]1O,Cc1nc(N)c2nc3n(c2n1)[C@@H]1O[C@H](CO)[C@@H](O3)[C@H]1OC(C)O,AdenosineOnly_gen3
Nc1ncnc2c1ncn2[C@@H]1O[C@H](CO)[C@@H](O)[C@H]1O,C[C@@]12O[C@H](COCC(O)Nc3ncnc4c3ncn41)[C@@H](O)[C@H]2O,AdenosineOnly_gen3
Nc1ncnc2c1ncn2[C@@H]1O[C@H](CO)[C@@H](O)[C@H]1O,CO[C@H]1[C@@H](OC=O)[C@H](n2cnc3c(N)ncnc32)O[C@@H]1C(C)O,AdenosineOnly_gen3
Nc1ncnc2c1ncn2[C@@H]1O[C@H](CO)[C@@H](O)[C@H]1O,CC(O)[C@H]1O[C@](C)(n2cnc3c(NC=O)ncnc32)[C@H](O)[C@@H]1O,AdenosineOnly_gen3
Nc1ncnc2c1ncn2[C@@H]1O[C@H](CO)[C@@H](O)[C@H]1O,CC(O)Nc1ncnc2c1ncn2[C@@H]1O[C@H]2[C@@H](OC2(C)O)[C@H]1O,AdenosineOnly_gen3
Nc1ncnc2c1ncn2[C@@H]1O[C@H](CO)[C@@H](O)[C@H]1O,Cc1nc2c(NC(C)O)ncnc2n1[C@@H]1O[C@@H]2CO[C@@]2(O)[C@H]1O,AdenosineOnly_gen3
Nc1ncnc2c1ncn2[C@@H]1O[C@H](CO)[C@@H](O)[C@H]1O,Cc1nc2c3ncnc2n1[C@@H]1O[C@H](COCC(O)N3)[C@@H](O)[C@H]1O,AdenosineOnly_gen3
Nc1ncnc2c1ncn2[C@@H]1O[C@H](CO)[C@@H](O)[C@H]1O,CC(O)OC[C@H]1O[C@@H](n2cnc3c(N)ncnc32)[C@@H]2OCO[C@@H]21,AdenosineOnly_gen3
Nc1ncnc2c1ncn2[C@@H]1O[C@H](CO)[C@@H](O)[C@H]1O,Cc1nc2c(N)ncnc2n1[C@@H]1O[C@]2(COC(C)O)O[C@H]2[C@H]1O,AdenosineOnly_gen3
Nc1ncnc2c1ncn2[C@@H]1O[C@H](CO)[C@@H](O)[C@H]1O,CC(O)O[C@H]1[C@H](n2cnc3c(N)ncnc32)O[C@@H]2C(C)O[C@]21O,AdenosineOnly_gen3
Nc1ncnc2c1ncn2[C@@H]1O[C@H](CO)[C@@H](O)[C@H]1O,CC(O)O[C@@H]1[C@H](O)[C@@H]2O[C@@]1(n1cnc3c(N)ncnc31)OC2C,AdenosineOnly_gen3
Nc1ncnc2c1ncn2[C@@H]1O[C@H](CO)[C@@H](O)[C@H]1O,Cc1nc2c(N)ncnc2n1[C@@H]1O[C@H](C(C)O)[C@@H](O)[C@H]1OC=O,AdenosineOnly_gen3
Nc1ncnc2c1ncn2[C@@H]1O[C@H](CO)[C@@H](O)[C@H]1O,CC(O)Nc1ncnc2c1ncn2[C@@]12O[C@H](C(C)O)[C@@H](O)[C@H]1O2,AdenosineOnly_gen3
Nc1ncnc2c1ncn2[C@@H]1O[C@H](CO)[C@@H](O)[C@H]1O,Cc1nc2c(NC(C)O)nc3nc2n1[C@@H]1O[C@H](CO)[C@@H](O3)[C@H]1O,AdenosineOnly_gen3
Nc1ncnc2c1ncn2[C@@H]1O[C@H](CO)[C@@H](O)[C@H]1O,CC(O)Nc1ncnc2c1ncn2[C@@H]1O[C@H](CO)[C@H]2OCO[C@H]21,AdenosineOnly_gen3
Nc1ncnc2c1ncn2[C@@H]1O[C@H](CO)[C@@H](O)[C@H]1O,Cc1nc2c(NC(C)O)ncnc2n1[C@@H]1O[C@]2(CO)O[C@@H]1[C@@H]2O,AdenosineOnly_gen3
Nc1ncnc2c1ncn2[C@@H]1O[C@H](CO)[C@@H](O)[C@H]1O,CC(C)(O)Nc1nc2nc3c1ncn3[C@@H]1O[C@H](CO)[C@@H](O2)[C@H]1O,AdenosineOnly_gen3
Nc1ncnc2c1ncn2[C@@H]1O[C@H](CO)[C@@H](O)[C@H]1O,CC(O)Nc1ncnc2c1ncn2[C@@H]1O[C@@H]2CO[C@]1(O)[C@@]2(C)O,AdenosineOnly_gen3
Nc1ncnc2c1ncn2[C@@H]1O[C@H](CO)[C@@H](O)[C@H]1O,Cc1nc(NC(C)O)c2ncn([C@]34O[C@@H]3[C@H](O)[C@@H](CO)O4)c2n1,AdenosineOnly_gen3
Nc1ncnc2c1ncn2[C@@H]1O[C@H](CO)[C@@H](O)[C@H]1O,COC1O[C@@H]2[C@H](O)[C@@H]1O[C@H]2n1cnc2c(NC(C)O)ncnc21,AdenosineOnly_gen3
Nc1ncnc2c1ncn2[C@@H]1O[C@H](CO)[C@@H](O)[C@H]1O,CC(O)O[C@H]1[C@H](n2cnc3c(N)ncnc32)O[C@]2(CO)CO[C@@H]12,AdenosineOnly_gen3
Nc1ncnc2c1ncn2[C@@H]1O[C@H](CO)[C@@H](O)[C@H]1O,COC[C@H]1O[C@@H](n2cnc3c(N)ncnc32)[C@@](C)(OC=O)[C@@H]1O,AdenosineOnly_gen3
Nc1ncnc2c1ncn2[C@@H]1O[C@H](CO)[C@@H](O)[C@H]1O,Cc1nc2c3ncn(c3n1)[C@@H]1O[C@H](CO)[C@@H](OCC(O)N2)[C@H]1O,AdenosineOnly_gen3
Nc1ncnc2c1ncn2[C@@H]1O[C@H](CO)[C@@H](O)[C@H]1O,CC(O)N(C)c1nc2nc3c1ncn3[C@@H]1O[C@H](CO)[C@@H](O)[C@H]1O2,AdenosineOnly_gen3
Nc1ncnc2c1ncn2[C@@H]1O[C@H](CO)[C@@H](O)[C@H]1O,CC(O)O[C@H]1[C@H](n2cnc3c(N)ncnc32)O[C@]2(CO)O[C@]12C,AdenosineOnly_gen3
Nc1ncnc2c1ncn2[C@@H]1O[C@H](CO)[C@@H](O)[C@H]1O,COC[C@]12O[C@@H]([C@H](n3cnc4c(N)ncnc43)O1)[C@@H]2OC(C)O,AdenosineOnly_gen3
Nc1ncnc2c1ncn2[C@@H]1O[C@H](CO)[C@@H](O)[C@H]1O,CC(O)OC[C@H]1O[C@@]2(C)[C@H](Oc3nc(N)c4ncn2c4n3)[C@@H]1O,AdenosineOnly_gen3
Nc1ncnc2c1ncn2[C@@H]1O[C@H](CO)[C@@H](O)[C@H]1O,Cc1nc2c(N)ncnc2n1[C@@H]1O[C@H](CO)[C@H]2O[C@]21OC(C)O,AdenosineOnly_gen3
Nc1ncnc2c1ncn2[C@@H]1O[C@H](CO)[C@@H](O)[C@H]1O,CC(O)Nc1nc2nc3c1ncn3[C@@H]1O[C@H](CO)[C@@H](O2)[C@]1(C)O,AdenosineOnly_gen3
Nc1ncnc2c1ncn2[C@@H]1O[C@H](CO)[C@@H](O)[C@H]1O,CC(O)O[C@@]1(C)[C@H](O)[C@H]2COc3nc4c(N)ncnc4n3[C@@H]1O2,AdenosineOnly_gen3
Nc1ncnc2c1ncn2[C@@H]1O[C@H](CO)[C@@H](O)[C@H]1O,C[C@@]12OCC(O)OC[C@@H](O[C@H]1n1cnc3c(N)ncnc31)[C@H]2O,AdenosineOnly_gen3
Nc1ncnc2c1ncn2[C@@H]1O[C@H](CO)[C@@H](O)[C@H]1O,CC(O)Nc1ncnc2c1ncn2[C@@H]1O[C@@H]2C(O)O[C@H]2[C@]1(C)O,AdenosineOnly_gen3
Nc1ncnc2c1ncn2[C@@H]1O[C@H](CO)[C@@H](O)[C@H]1O,CC(O)Nc1nc2nc3c1ncn3[C@@H]1O[C@H](C(C)O2)[C@@H](O)[C@H]1O,AdenosineOnly_gen3
Nc1ncnc2c1ncn2[C@@H]1O[C@H](CO)[C@@H](O)[C@H]1O,CC(C)(O)O[C@@H]1[C@H]2CO[C@@]1(O)[C@H](n1cnc3c(N)ncnc31)O2,AdenosineOnly_gen3
Nc1ncnc2c1ncn2[C@@H]1O[C@H](CO)[C@@H](O)[C@H]1O,CO[C@@]12O[C@@H]1[C@@H](COC(C)O)O[C@H]2n1cnc2c(N)ncnc21,AdenosineOnly_gen3
Nc1ncnc2c1ncn2[C@@H]1O[C@H](CO)[C@@H](O)[C@H]1O,CC(O)O[C@@]12CO[C@@H]1[C@@H](CO)O[C@H]2n1cnc2c(N)ncnc21,AdenosineOnly_gen3
Nc1ncnc2c1ncn2[C@@H]1O[C@H](CO)[C@@H](O)[C@H]1O,CC(O)OC[C@H]1O[C@@]2(n3cnc4c(N)ncnc43)O[C@]1(C)[C@H]2O,AdenosineOnly_gen3
Nc1ncnc2c1ncn2[C@@H]1O[C@H](CO)[C@@H](O)[C@H]1O,CC(O)O[C@H]1[C@@H](O)[C@]2(C)O[C@@H]1COc1nc3c(N)ncnc3n12,AdenosineOnly_gen3
Nc1ncnc2c1ncn2[C@@H]1O[C@H](CO)[C@@H](O)[C@H]1O,CC(OC=O)[C@]1(C)O[C@@H](n2cnc3c(N)ncnc32)[C@H](O)[C@@H]1O,AdenosineOnly_gen3
Nc1ncnc2c1ncn2[C@@H]1O[C@H](CO)[C@@H](O)[C@H]1O,CCc1nc2c(NC=O)ncnc2n1[C@@H]1O[C@H](CO)[C@@H](O)[C@H]1O,AdenosineOnly_gen3
Nc1ncnc2c1ncn2[C@@H]1O[C@H](CO)[C@@H](O)[C@H]1O,C[C@]1(n2cnc3c(N)ncnc32)O[C@@](C)(COC=O)[C@@H](O)[C@H]1O,AdenosineOnly_gen3
Nc1ncnc2c1ncn2[C@@H]1O[C@H](CO)[C@@H](O)[C@H]1O,COC(C)O[C@@H]1[C@@H]2OC(O)[C@H]2O[C@H]1n1cnc2c(N)ncnc21,AdenosineOnly_gen3
Nc1ncnc2c1ncn2[C@@H]1O[C@H](CO)[C@@H](O)[C@H]1O,CC(O)OC[C@]12O[C@@H](n3cnc4c(N)ncnc43)[C@H](O)[C@@]1(C)O2,AdenosineOnly_gen3
Nc1ncnc2c1ncn2[C@@H]1O[C@H](CO)[C@@H](O)[C@H]1O,CC(O)OC[C@H]1O[C@@H](n2cnc3c(N)ncnc32)[C@]2(CO2)[C@@H]1O,AdenosineOnly_gen3
Nc1ncnc2c1ncn2[C@@H]1O[C@H](CO)[C@@H](O)[C@H]1O,Cc1nc(N)c2ncn([C@@H]3O[C@H](CO)[C@@]4(OC(C)O)O[C@@H]34)c2n1,AdenosineOnly_gen3
Nc1ncnc2c1ncn2[C@@H]1O[C@H](CO)[C@@H](O)[C@H]1O,Cc1nc(NC(C)O)c2ncn([C@@H]3O[C@@H]4C(O)O[C@@H]3[C@@H]4O)c2n1,AdenosineOnly_gen3
Nc1ncnc2c1ncn2[C@@H]1O[C@H](CO)[C@@H](O)[C@H]1O,Cc1nc2c(N)nc3nc2n1[C@@H]1O[C@H](COC(C)O)[C@@H](O3)[C@H]1O,AdenosineOnly_gen3
Nc1ncnc2c1ncn2[C@@H]1O[C@H](CO)[C@@H](O)[C@H]1O,COC[C@H]1O[C@@H]2[C@H](OCC(O)Nc3ncnc4c3ncn42)[C@@H]1O,AdenosineOnly_gen3
Nc1ncnc2c1ncn2[C@@H]1O[C@H](CO)[C@@H](O)[C@H]1O,Cc1nc2c(NC=O)ncnc2n1[C@@H]1O[C@H](CO)[C@@H](O)[C@]1(C)O,AdenosineOnly_gen3
Nc1ncnc2c1ncn2[C@@H]1O[C@H](CO)[C@@H](O)[C@H]1O,Cc1nc(NC=O)c2nc(C)n([C@@H]3O[C@H](CO)[C@@H](O)[C@H]3O)c2n1,AdenosineOnly_gen3
Nc1ncnc2c1ncn2[C@@H]1O[C@H](CO)[C@@H](O)[C@H]1O,CC(O)Nc1nc2nc3c1ncn3[C@@H]1O[C@@](C)(CO)[C@@H](O)[C@H]1O2,AdenosineOnly_gen3
Nc1ncnc2c1ncn2[C@@H]1O[C@H](CO)[C@@H](O)[C@H]1O,CC(O)Nc1ncnc2c1ncn2[C@@]12OC[C@@H](O1)[C@](C)(O)[C@H]2O,AdenosineOnly_gen3
Nc1ncnc2c1ncn2[C@@H]1O[C@H](CO)[C@@H](O)[C@H]1O,CC(O)O[C@@H]1[C@H]2CO[C@@]1(O)[C@@](C)(n1cnc3c(N)ncnc31)O2,AdenosineOnly_gen3
Nc1ncnc2c1ncn2[C@@H]1O[C@H](CO)[C@@H](O)[C@H]1O,C[C@]1(O)[C@H]2COCC(O)Nc3ncnc4c3ncn4[C@H](O2)[C@@H]1O,AdenosineOnly_gen3
Nc1ncnc2c1ncn2[C@@H]1O[C@H](CO)[C@@H](O)[C@H]1O,CO[C@H]1[C@H]2OC(O)COC[C@H]1O[C@H]2n1cnc2c(N)ncnc21,AdenosineOnly_gen3
Nc1ncnc2c1ncn2[C@@H]1O[C@H](CO)[C@@H](O)[C@H]1O,CC[C@]1(n2cnc3c(N)ncnc32)O[C@H](CO)[C@@H](O)[C@H]1OC=O,AdenosineOnly_gen3
Nc1ncnc2c1ncn2[C@@H]1O[C@H](CO)[C@@H](O)[C@H]1O,COC[C@]1(C)O[C@@H](n2cnc3c(N)ncnc32)[C@H](OC=O)[C@@H]1O,AdenosineOnly_gen3
Nc1ncnc2c1ncn2[C@@H]1O[C@H](CO)[C@@H](O)[C@H]1O,CC(C)(O)O[C@@]12OC[C@H]1O[C@@H](n1cnc3c(N)ncnc31)[C@@H]2O,AdenosineOnly_gen3
Nc1ncnc2c1ncn2[C@@H]1O[C@H](CO)[C@@H](O)[C@H]1O,CC(O)Nc1ncnc2c1ncn2[C@@H]1O[C@@]2(C)C(O)O[C@@H]1[C@@H]2O,AdenosineOnly_gen3
Nc1ncnc2c1ncn2[C@@H]1O[C@H](CO)[C@@H](O)[C@H]1O,CO[C@@H]1[C@H](O)[C@H]2COc3nc4c(NC(C)O)ncnc4n3[C@@H]1O2,AdenosineOnly_gen3
Nc1ncnc2c1ncn2[C@@H]1O[C@H](CO)[C@@H](O)[C@H]1O,Cc1nc(N)c2nc(C)n([C@@H]3O[C@H](CO)[C@@H](O)[C@H]3OC=O)c2n1,AdenosineOnly_gen3
Nc1ncnc2c1ncn2[C@@H]1O[C@H](CO)[C@@H](O)[C@H]1O,CC(C)(O)Nc1ncnc2c1ncn2[C@]12O[C@@H]1[C@H](O)[C@@H](CO)O2,AdenosineOnly_gen3
Nc1ncnc2c1ncn2[C@@H]1O[C@H](CO)[C@@H](O)[C@H]1O,Cc1nc2c(N)ncnc2n1[C@@]12OC[C@@H](O1)[C@@H](OC(C)O)[C@H]2O,AdenosineOnly_gen3
Nc1ncnc2c1ncn2[C@@H]1O[C@H](CO)[C@@H](O)[C@H]1O,CO[C@@H]1[C@@H]2Oc3nc(NC(C)O)c4ncn(c4n3)[C@@H]1O[C@@H]2CO,AdenosineOnly_gen3
Nc1ncnc2c1ncn2[C@@H]1O[C@H](CO)[C@@H](O)[C@H]1O,CC(O)Nc1nc2nc3c1ncn3[C@@H]1O[C@H](CO2)[C@](C)(O)[C@H]1O,AdenosineOnly_gen3
Nc1ncnc2c1ncn2[C@@H]1O[C@H](CO)[C@@H](O)[C@H]1O,CC(O)Nc1ncnc2c1ncn2[C@@H]1O[C@@H]2C(O)CO[C@H]2[C@H]1O,AdenosineOnly_gen3
Nc1ncnc2c1ncn2[C@@H]1O[C@H](CO)[C@@H](O)[C@H]1O,CC(O)O[C@H]1[C@H]2O[C@@](C)(CO)[C@H]1Oc1nc(N)c3ncn2c3n1,AdenosineOnly_gen3
Nc1ncnc2c1ncn2[C@@H]1O[C@H](CO)[C@@H](O)[C@H]1O,CC1OCC(O)O[C@@H]2[C@H](O)[C@@H]1O[C@H]2n1cnc2c(N)ncnc21,AdenosineOnly_gen3
Nc1ncnc2c1ncn2[C@@H]1O[C@H](CO)[C@@H](O)[C@H]1O,CC(O)O[C@@]1(C)[C@H]2COc3nc(N)c4ncn(c4n3)[C@H](O2)[C@@H]1O,AdenosineOnly_gen3
Nc1ncnc2c1ncn2[C@@H]1O[C@H](CO)[C@@H](O)[C@H]1O,COC(C)Nc1ncnc2c1ncn2[C@]12O[C@@H]([C@H]1O)[C@@H](CO)O2,AdenosineOnly_gen3
Nc1ncnc2c1ncn2[C@@H]1O[C@H](CO)[C@@H](O)[C@H]1O,Cc1nc2c(N)ncnc2n1[C@@H]1O[C@@H]2COCC(O)O[C@@H]1[C@@H]2O,AdenosineOnly_gen3
Nc1ncnc2c1ncn2[C@@H]1O[C@H](CO)[C@@H](O)[C@H]1O,CC(O)O[C@H]1[C@@H](O)[C@H]2O[C@@H]1COCc1nc3c(N)ncnc3n12,AdenosineOnly_gen3
Nc1ncnc2c1ncn2[C@@H]1O[C@H](CO)[C@@H](O)[C@H]1O,CCC(O)OC[C@H]1O[C@@H]2[C@H](Oc3nc4c(N)ncnc4n32)[C@@H]1O,AdenosineOnly_gen3
Nc1ncnc2c1ncn2[C@@H]1O[C@H](CO)[C@@H](O)[C@H]1O,CC(O)OC[C@H]1O[C@@]2(n3cnc4c(N)ncnc43)CO[C@H]1[C@H]2O,AdenosineOnly_gen3
Nc1ncnc2c1ncn2[C@@H]1O[C@H](CO)[C@@H](O)[C@H]1O,Cc1nc(N)c2ncn([C@@H]3O[C@H](CO)[C@](C)(O)[C@H]3OC=O)c2n1,AdenosineOnly_gen3
Nc1ncnc2c1ncn2[C@@H]1O[C@H](CO)[C@@H](O)[C@H]1O,CC(O)O[C@@H]1[C@]2(O)OC[C@H]2O[C@]1(C)n1cnc2c(N)ncnc21,AdenosineOnly_gen3
Nc1ncnc2c1ncn2[C@@H]1O[C@H](CO)[C@@H](O)[C@H]1O,Cc1nc(N)c2ncn([C@@H]3O[C@H](CO)[C@H]4OCC(O)O[C@H]43)c2n1,AdenosineOnly_gen3
Nc1ncnc2c1ncn2[C@@H]1O[C@H](CO)[C@@H](O)[C@H]1O,CC(O)Nc1ncnc2c1nc1n2[C@@H]2O[C@H](CO)[C@@H](O)[C@]2(C)O1,AdenosineOnly_gen3
Nc1ncnc2c1ncn2[C@@H]1O[C@H](CO)[C@@H](O)[C@H]1O,CC(C)(O)O[C@H]1[C@H](n2cnc3c(N)ncnc32)O[C@]2(CO)O[C@@H]12,AdenosineOnly_gen3
Nc1ncnc2c1ncn2[C@@H]1O[C@H](CO)[C@@H](O)[C@H]1O,CC(O)Nc1nc2nc3c1ncn3[C@@H]1O[C@H](CO)[C@@H](OC2)[C@H]1O,AdenosineOnly_gen3
Nc1ncnc2c1ncn2[C@@H]1O[C@H](CO)[C@@H](O)[C@H]1O,CC(O)OC1O[C@H]2[C@H](n3cnc4c(N)ncnc43)O[C@]1(C)[C@H]2O,AdenosineOnly_gen3
Nc1ncnc2c1ncn2[C@@H]1O[C@H](CO)[C@@H](O)[C@H]1O,CC(O)Nc1ncnc2c1ncn2[C@@]1(C)O[C@H](CO)[C@H]2O[C@]21O,AdenosineOnly_gen3
Nc1ncnc2c1ncn2[C@@H]1O[C@H](CO)[C@@H](O)[C@H]1O,C[C@]1(O)[C@H](OC=O)[C@@H](CO)O[C@]1(C)n1cnc2c(N)ncnc21,AdenosineOnly_gen3
Nc1ncnc2c1ncn2[C@@H]1O[C@H](CO)[C@@H](O)[C@H]1O,CO[C@H]1[C@H](n2cnc3c(NC(C)O)ncnc32)O[C@@]2(CO2)[C@H]1O,AdenosineOnly_gen3
Nc1ncnc2c1ncn2[C@@H]1O[C@H](CO)[C@@H](O)[C@H]1O,CC(O)O[C@@H]1[C@H]2COC[C@@]1(O)[C@H](n1cnc3c(N)ncnc31)O2,AdenosineOnly_gen3
Nc1ncnc2c1ncn2[C@@H]1O[C@H](CO)[C@@H](O)[C@H]1O,CC(O)O[C@@H]1[C@H]2COc3nc(N)c4ncn(c4n3)[C@H](O2)[C@@]1(C)O,AdenosineOnly_gen3
Nc1ncnc2c1ncn2[C@@H]1O[C@H](CO)[C@@H](O)[C@H]1O,CC(C)(O)Nc1ncnc2c1nc1n2[C@@H]2O[C@H](CO)[C@@H](O1)[C@H]2O,AdenosineOnly_gen3
Nc1ncnc2c1ncn2[C@@H]1O[C@H](CO)[C@@H](O)[C@H]1O,Cc1nc2c(NC(C)O)ncnc2n1[C@@H]1O[C@H](CO)[C@H]2O[C@]21O,AdenosineOnly_gen3
Nc1ncnc2c1ncn2[C@@H]1O[C@H](CO)[C@@H](O)[C@H]1O,CN1c2ncnc3c2ncn3[C@@H]2O[C@H](CO)[C@@H](OCC1O)[C@H]2O,AdenosineOnly_gen3
Nc1ncnc2c1ncn2[C@@H]1O[C@H](CO)[C@@H](O)[C@H]1O,CC(C)(O)Nc1ncnc2c1ncn2[C@@H]1O[C@@]2(CO2)[C@@H](O)[C@H]1O,AdenosineOnly_gen3
Nc1ncnc2c1ncn2[C@@H]1O[C@H](CO)[C@@H](O)[C@H]1O,COC[C@]12O[C@@H]([C@H](n3cnc4c(NC(C)O)ncnc43)O1)[C@@H]2O,AdenosineOnly_gen3
Nc1ncnc2c1ncn2[C@@H]1O[C@H](CO)[C@@H](O)[C@H]1O,COC(C)OC[C@H]1O[C@@]2(n3cnc4c(N)ncnc43)O[C@H]1[C@H]2O,AdenosineOnly_gen3
Nc1ncnc2c1ncn2[C@@H]1O[C@H](CO)[C@@H](O)[C@H]1O,CC(O)[C@H]1O[C@@H](n2cnc3c(N)ncnc32)[C@H](O)[C@@]1(C)OC=O,AdenosineOnly_gen3
Nc1ncnc2c1ncn2[C@@H]1O[C@H](CO)[C@@H](O)[C@H]1O,CC(O)O[C@@H]1[C@H](O)[C@H]2COC[C@]1(n1cnc3c(N)ncnc31)O2,AdenosineOnly_gen3
Nc1ncnc2c1ncn2[C@@H]1O[C@H](CO)[C@@H](O)[C@H]1O,CC(O)Nc1ncnc2c1ncn2[C@@H]1O[C@H](CO)[C@@]2(O)O[C@]12C,AdenosineOnly_gen3
Nc1ncnc2c1ncn2[C@@H]1O[C@H](CO)[C@@H](O)[C@H]1O,C[C@]12COCC(O)O[C@H]1[C@@H](O)[C@H](n1cnc3c(N)ncnc31)O2,AdenosineOnly_gen3
Nc1ncnc2c1ncn2[C@@H]1O[C@H](CO)[C@@H](O)[C@H]1O,CC(O)Nc1ncnc2c1ncn2[C@@H]1O[C@@](C)(CO)[C@H]2O[C@@]12O,AdenosineOnly_gen3
Nc1ncnc2c1ncn2[C@@H]1O[C@H](CO)[C@@H](O)[C@H]1O,CC(O)N(C)c1ncnc2c1ncn2[C@@H]1O[C@H](CO)[C@H]2O[C@]21O,AdenosineOnly_gen3
Nc1ncnc2c1ncn2[C@@H]1O[C@H](CO)[C@@H](O)[C@H]1O,Cc1nc2c(N)ncnc2n1[C@@]1(C)O[C@H](CO)[C@@H](OC=O)[C@H]1O,AdenosineOnly_gen3
Nc1ncnc2c1ncn2[C@@H]1O[C@H](CO)[C@@H](O)[C@H]1O,C[C@@]1(OC=O)[C@@H](O)[C@@](C)(n2cnc3c(N)ncnc32)O[C@@H]1CO,AdenosineOnly_gen3
Nc1ncnc2c1ncn2[C@@H]1O[C@H](CO)[C@@H](O)[C@H]1O,CC(C)(O)OC[C@H]1O[C@@H]2[C@H](O)[C@@H]1Oc1nc3c(N)ncnc3n12,AdenosineOnly_gen3
Nc1ncnc2c1ncn2[C@@H]1O[C@H](CO)[C@@H](O)[C@H]1O,CC(O)Nc1ncnc2c1ncn2[C@]12CO[C@@H]([C@H]1O)[C@@H](CO)O2,AdenosineOnly_gen3
Nc1ncnc2c1ncn2[C@@H]1O[C@H](CO)[C@@H](O)[C@H]1O,CC(O)Nc1ncnc2c1ncn2[C@@H]1O[C@@H]2COC[C@]1(O)[C@@H]2O,AdenosineOnly_gen3
Nc1ncnc2c1ncn2[C@@H]1O[C@H](CO)[C@@H](O)[C@H]1O,CC(O)Nc1ncnc2c1ncn2[C@@H]1O[C@H](CO)[C@@]2(CO2)[C@H]1O,AdenosineOnly_gen3
Nc1ncnc2c1ncn2[C@@H]1O[C@H](CO)[C@@H](O)[C@H]1O,CC(O)OC[C@H]1O[C@](C)(n2cnc3c(N)ncnc32)[C@@H]2O[C@@]21O,AdenosineOnly_gen3
Nc1ncnc2c1ncn2[C@@H]1O[C@H](CO)[C@@H](O)[C@H]1O,CC(O)OC1O[C@@H]2[C@@H]1O[C@@H](n1cnc3c(N)ncnc31)[C@@]2(C)O,AdenosineOnly_gen3
Nc1ncnc2c1ncn2[C@@H]1O[C@H](CO)[C@@H](O)[C@H]1O,CC(O)[C@H]1O[C@@H](n2cnc3c(N)ncnc32)[C@@H]2OCC(O)O[C@@H]21,AdenosineOnly_gen3
Nc1ncnc2c1ncn2[C@@H]1O[C@H](CO)[C@@H](O)[C@H]1O,CC(O)O[C@@H]1[C@@H]2OCc3nc4c(N)ncnc4n3[C@@H]1O[C@@H]2CO,AdenosineOnly_gen3
Nc1ncnc2c1ncn2[C@@H]1O[C@H](CO)[C@@H](O)[C@H]1O,CC(O)OC[C@H]1O[C@@]2(C)[C@H](Oc3nc4c(N)ncnc4n32)[C@@H]1O,AdenosineOnly_gen3
Nc1ncnc2c1ncn2[C@@H]1O[C@H](CO)[C@@H](O)[C@H]1O,Cc1nc(NC=O)c2ncn([C@@H]3O[C@H](CO)[C@](C)(O)[C@H]3O)c2n1,AdenosineOnly_gen3
Nc1ncnc2c1ncn2[C@@H]1O[C@H](CO)[C@@H](O)[C@H]1O,CO[C@H]1[C@@H](O)[C@@](C)(n2cnc3c(N)ncnc32)O[C@@H]1COC=O,AdenosineOnly_gen3
Nc1ncnc2c1ncn2[C@@H]1O[C@H](CO)[C@@H](O)[C@H]1O,Cc1nc2c(N)ncnc2n1[C@@H]1O[C@@H]2CO[C@]1(O)[C@@H]2OC(C)O,AdenosineOnly_gen3
Nc1ncnc2c1ncn2[C@@H]1O[C@H](CO)[C@@H](O)[C@H]1O,CC(O)O[C@H]1[C@@H](O)[C@H]2O[C@@]1(C)COc1nc(N)c3ncn2c3n1,AdenosineOnly_gen3
Nc1ncnc2c1ncn2[C@@H]1O[C@H](CO)[C@@H](O)[C@H]1O,CC1O[C@H]2[C@@H](OC1O)[C@H](n1cnc3c(N)ncnc31)O[C@@H]2CO,AdenosineOnly_gen3
Nc1ncnc2c1ncn2[C@@H]1O[C@H](CO)[C@@H](O)[C@H]1O,CO[C@H]1[C@H]2OC(OC(C)O)[C@H]1O[C@H]2n1cnc2c(N)ncnc21,AdenosineOnly_gen3
Nc1ncnc2c1ncn2[C@@H]1O[C@H](CO)[C@@H](O)[C@H]1O,CC(O)Nc1nc2nc3c1ncn3[C@@]1(C)O[C@H](CO)[C@@H](O2)[C@H]1O,AdenosineOnly_gen3
Nc1ncnc2c1ncn2[C@@H]1O[C@H](CO)[C@@H](O)[C@H]1O,C[C@]1(O)[C@@H]2OCC(O)Nc3ncnc4c3ncn4[C@@H]1O[C@@H]2CO,AdenosineOnly_gen3
Nc1ncnc2c1ncn2[C@@H]1O[C@H](CO)[C@@H](O)[C@H]1O,Cc1nc(N)c2ncn([C@@H]3O[C@@H]4CO[C@@]4(O)[C@H]3OC(C)O)c2n1,AdenosineOnly_gen3
Nc1ncnc2c1ncn2[C@@H]1O[C@H](CO)[C@@H](O)[C@H]1O,CC(O)Nc1ncnc2c1nc1n2[C@@H]2O[C@H](COC1)[C@@H](O)[C@H]2O,AdenosineOnly_gen3
Nc1ncnc2c1ncn2[C@@H]1O[C@H](CO)[C@@H](O)[C@H]1O,C[C@@]1(CO)O[C@@H](n2cnc3c(N)ncnc32)[C@@H]2OCC(O)O[C@@H]21,AdenosineOnly_gen3
Nc1ncnc2c1ncn2[C@@H]1O[C@H](CO)[C@@H](O)[C@H]1O,CC(O)Nc1ncnc2c1ncn2[C@@H]1O[C@@]2(CO2)[C@](C)(O)[C@H]1O,AdenosineOnly_gen3
Nc1ncnc2c1ncn2[C@@H]1O[C@H](CO)[C@@H](O)[C@H]1O,CO[C@H]1[C@H](n2cnc3c(NC(C)O)ncnc32)O[C@@H]2CO[C@]21O,AdenosineOnly_gen3
Nc1ncnc2c1ncn2[C@@H]1O[C@H](CO)[C@@H](O)[C@H]1O,CC(C)(O)O[C@H]1[C@H]2Oc3nc4c(N)ncnc4n3[C@@H]2O[C@@H]1CO,AdenosineOnly_gen3
Nc1ncnc2c1ncn2[C@@H]1O[C@H](CO)[C@@H](O)[C@H]1O,CC(O)Nc1ncnc2c1ncn2[C@@H]1O[C@@]2(C)CO[C@]1(O)[C@@H]2O,AdenosineOnly_gen3
Nc1ncnc2c1ncn2[C@@H]1O[C@H](CO)[C@@H](O)[C@H]1O,CC(O)O[C@@H]1[C@@H](CO)O[C@@]2(n3cnc4c(N)ncnc43)O[C@@]12C,AdenosineOnly_gen3
Nc1ncnc2c1ncn2[C@@H]1O[C@H](CO)[C@@H](O)[C@H]1O,CC(O)O[C@@H]1[C@@H]2O[C@@H](n3cnc4c(N)ncnc43)[C@@]1(C)OC2O,AdenosineOnly_gen3
Nc1ncnc2c1ncn2[C@@H]1O[C@H](CO)[C@@H](O)[C@H]1O,CC(O)Nc1ncnc2c1ncn2[C@]12O[C@H](CO)[C@](C)(O1)[C@H]2O,AdenosineOnly_gen3
Nc1ncnc2c1ncn2[C@@H]1O[C@H](CO)[C@@H](O)[C@H]1O,Cc1nc(N)c2ncn([C@@H]3O[C@@H]4COC(O)CO[C@@H]3[C@@H]4O)c2n1,AdenosineOnly_gen3
Nc1ncnc2c1ncn2[C@@H]1O[C@H](CO)[C@@H](O)[C@H]1O,CC(O)O[C@H]1[C@H]2O[C@@](C)(COc3nc4c(N)ncnc4n32)[C@H]1O,AdenosineOnly_gen3
Nc1ncnc2c1ncn2[C@@H]1O[C@H](CO)[C@@H](O)[C@H]1O,CC(O)Nc1ncnc2c1ncn2[C@@H]1O[C@]2(CO)CO[C@H]2[C@H]1O,AdenosineOnly_gen3
Nc1ncnc2c1ncn2[C@@H]1O[C@H](CO)[C@@H](O)[C@H]1O,Cc1nc2c3ncn(c3n1)[C@@H]1O[C@H](COCC(O)N2)[C@@H](O)[C@H]1O,AdenosineOnly_gen3
Nc1ncnc2c1ncn2[C@@H]1O[C@H](CO)[C@@H](O)[C@H]1O,C[C@]1(O)[C@@H]2OC(O)COC[C@H]2O[C@H]1n1cnc2c(N)ncnc21,AdenosineOnly_gen3
Nc1ncnc2c1ncn2[C@@H]1O[C@H](CO)[C@@H](O)[C@H]1O,CC(O)OC[C@H]1O[C@@H](n2cnc3c(N)ncnc32)[C@@H]2OC[C@]12O,AdenosineOnly_gen3
Nc1ncnc2c1ncn2[C@@H]1O[C@H](CO)[C@@H](O)[C@H]1O,CC(O)O[C@H]1[C@H](n2cnc3c(N)ncnc32)O[C@H](CO)[C@@]12CO2,AdenosineOnly_gen3
Nc1ncnc2c1ncn2[C@@H]1O[C@H](CO)[C@@H](O)[C@H]1O,C[C@@]12COCC(O)Nc3ncnc4c3ncn4[C@H](O1)[C@H](O)[C@@H]2O,AdenosineOnly_gen3
Nc1ncnc2c1ncn2[C@@H]1O[C@H](CO)[C@@H](O)[C@H]1O,COC(C)Nc1ncnc2c1ncn2[C@@H]1O[C@@H]2C(O)O[C@@H]1[C@@H]2O,AdenosineOnly_gen3
Nc1ncnc2c1ncn2[C@@H]1O[C@H](CO)[C@@H](O)[C@H]1O,CC(O)OC[C@]12CO[C@@H]([C@H](n3cnc4c(N)ncnc43)O1)[C@@H]2O,AdenosineOnly_gen3
Nc1ncnc2c1ncn2[C@@H]1O[C@H](CO)[C@@H](O)[C@H]1O,CC(O)O[C@@H]1[C@H](O)[C@H]2COCc3nc(N)c4ncn(c4n3)[C@@H]1O2,AdenosineOnly_gen3
Nc1ncnc2c1ncn2[C@@H]1O[C@H](CO)[C@@H](O)[C@H]1O,CCC1(O)Nc2ncnc3c2ncn3[C@@H]2O[C@H](CO1)[C@@H](O)[C@H]2O,AdenosineOnly_gen3
Nc1ncnc2c1ncn2[C@@H]1O[C@H](CO)[C@@H](O)[C@H]1O,Nc1ncnc2c1ncn2[C@@H]1O[C@@H]2COCCC(O)O[C@H]2[C@H]1O,AdenosineOnly_gen3
Nc1ncnc2c1ncn2[C@@H]1O[C@H](CO)[C@@H](O)[C@H]1O,COC1CO[C@H]2[C@@H](O)[C@@H](O[C@@H]2CO)n2cnc3c(ncnc32)N1,AdenosineOnly_gen3
Nc1ncnc2c1ncn2[C@@H]1O[C@H](CO)[C@@H](O)[C@H]1O,COC(C)O[C@@H]1[C@@H]2Oc3nc(N)c4ncn(c4n3)[C@@H]1O[C@@H]2CO,AdenosineOnly_gen3
Nc1ncnc2c1ncn2[C@@H]1O[C@H](CO)[C@@H](O)[C@H]1O,OC1CCOC[C@H]2O[C@H]([C@H](O)[C@@H]2O)n2cnc3c(ncnc32)N1,AdenosineOnly_gen3
Nc1ncnc2c1ncn2[C@@H]1O[C@H](CO)[C@@H](O)[C@H]1O,C[C@@]12OC(O)CO[C@H]1[C@H](n1cnc3c(N)ncnc31)O[C@@H]2CO,AdenosineOnly_gen3
Nc1ncnc2c1ncn2[C@@H]1O[C@H](CO)[C@@H](O)[C@H]1O,C[C@@]1(CO)O[C@@H]2[C@H](OCC(O)Nc3ncnc4c3ncn42)[C@@H]1O,AdenosineOnly_gen3
Nc1ncnc2c1ncn2[C@@H]1O[C@H](CO)[C@@H](O)[C@H]1O,Nc1ncnc2c1ncn2[C@@H]1O[C@@H]2COC(O)CCO[C@@H]1[C@@H]2O,AdenosineOnly_gen3
Nc1ncnc2c1ncn2[C@@H]1O[C@H](CO)[C@@H](O)[C@H]1O,CC(O)Nc1ncnc2c1ncn2[C@@]1(C)O[C@@H]2C(O)O[C@@H]1[C@@H]2O,AdenosineOnly_gen3
Nc1ncnc2c1ncn2[C@@H]1O[C@H](CO)[C@@H](O)[C@H]1O,C[C@@]1(O)[C@H](n2cnc3c(N)ncnc32)O[C@@](C)(COC=O)[C@H]1O,AdenosineOnly_gen3
Nc1ncnc2c1ncn2[C@@H]1O[C@H](CO)[C@@H](O)[C@H]1O,CCOC[C@H]1O[C@@H](n2cnc3c(N)ncnc32)[C@H](O)[C@@H]1OCC,AdenosineOnly_gen3
Nc1ncnc2c1ncn2[C@@H]1O[C@H](CO)[C@@H](O)[C@H]1O,CC(N)OC(=O)[C@H]1O[C@@H](n2cnc3c(N)ncnc32)[C@H](O)[C@@H]1O,AdenosineOnly_gen3
Nc1ncnc2c1ncn2[C@@H]1O[C@H](CO)[C@@H](O)[C@H]1O,Cc1nc(N)c2ncn([C@@H]3O[C@H](COC(C)N)[C@@H](O)[C@H]3O)c2n1,AdenosineOnly_gen3
Nc1ncnc2c1ncn2[C@@H]1O[C@H](CO)[C@@H](O)[C@H]1O,CC(N)OC[C@H]1O[C@@H](n2cnc3c(N)ncnc32)[C@H](O)[C@@]1(C)O,AdenosineOnly_gen3
Nc1ncnc2c1ncn2[C@@H]1O[C@H](CO)[C@@H](O)[C@H]1O,CC(N)Nc1ncnc2c1ncn2[C@@H]1O[C@@](C)(CO)[C@@H](O)[C@H]1O,AdenosineOnly_gen3
Nc1ncnc2c1ncn2[C@@H]1O[C@H](CO)[C@@H](O)[C@H]1O,CC(N)O[C@H]1[C@H](n2cnc3c(N)ncnc32)O[C@@](C)(CO)[C@H]1O,AdenosineOnly_gen3
Nc1ncnc2c1ncn2[C@@H]1O[C@H](CO)[C@@H](O)[C@H]1O,CC(O)(O)OC1O[C@@H]2[C@H](O)[C@@H]1O[C@H]2n1cnc2c(N)ncnc21,AdenosineOnly_gen3
Nc1ncnc2c1ncn2[C@@H]1O[C@H](CO)[C@@H](O)[C@H]1O,OCC(O)Nc1ncnc2c1nc1n2[C@@H]2O[C@H](CO1)[C@@H](O)[C@H]2O,AdenosineOnly_gen3
Nc1ncnc2c1ncn2[C@@H]1O[C@H](CO)[C@@H](O)[C@H]1O,Nc1ncnc2c1ncn2[C@@H]1O[C@@]2(COC(O)CO2)[C@@H](O)[C@H]1O,AdenosineOnly_gen3
Nc1ncnc2c1ncn2[C@@H]1O[C@H](CO)[C@@H](O)[C@H]1O,Nc1ncnc2c1nc1n2[C@@H]2O[C@H](CO)[C@@H](OC(O)CO1)[C@H]2O,AdenosineOnly_gen3
Nc1ncnc2c1ncn2[C@@H]1O[C@H](CO)[C@@H](O)[C@H]1O,O=CNc1ncnc2c1ncn2[C@@H]1O[C@H](C(O)CO)[C@@H](O)[C@H]1O,AdenosineOnly_gen3
Nc1ncnc2c1ncn2[C@@H]1O[C@H](CO)[C@@H](O)[C@H]1O,CC(O)(O)Nc1ncnc2c1ncn2[C@@H]1O[C@]2(CO)O[C@H]2[C@H]1O,AdenosineOnly_gen3
Nc1ncnc2c1ncn2[C@@H]1O[C@H](CO)[C@@H](O)[C@H]1O,Nc1ncnc2c1ncn2[C@@]12OCC(O)OC[C@@H](O1)[C@@H](O)[C@H]2O,AdenosineOnly_gen3
Nc1ncnc2c1ncn2[C@@H]1O[C@H](CO)[C@@H](O)[C@H]1O,OCC(O)Nc1ncnc2c1ncn2[C@@H]1O[C@@H]2C(O)O[C@H]2[C@H]1O,AdenosineOnly_gen3
Nc1ncnc2c1ncn2[C@@H]1O[C@H](CO)[C@@H](O)[C@H]1O,OCC(O)Nc1ncnc2c1ncn2[C@@H]1O[C@@]2(CO2)[C@@H](O)[C@H]1O,AdenosineOnly_gen3
Nc1ncnc2c1ncn2[C@@H]1O[C@H](CO)[C@@H](O)[C@H]1O,Nc1ncnc2c1ncn2[C@@H]1O[C@@H]2COC(O)CO[C@@]2(O)[C@H]1O,AdenosineOnly_gen3
Nc1ncnc2c1ncn2[C@@H]1O[C@H](CO)[C@@H](O)[C@H]1O,O=CNc1ncnc2c1ncn2[C@@H]1OC(CO)(CO)[C@@H](O)[C@H]1O,AdenosineOnly_gen3
Nc1ncnc2c1ncn2[C@@H]1O[C@H](CO)[C@@H](O)[C@H]1O,Nc1ncnc2c1ncn2[C@@H]1O[C@H](CO)[C@H]2OCOC(O)O[C@H]21,AdenosineOnly_gen3
Nc1ncnc2c1ncn2[C@@H]1O[C@H](CO)[C@@H](O)[C@H]1O,Nc1ncnc2c1ncn2[C@@H]1O[C@H](COC=O)[C@@](O)(CO)[C@H]1O,AdenosineOnly_gen3
Nc1ncnc2c1ncn2[C@@H]1O[C@H](CO)[C@@H](O)[C@H]1O,Nc1ncnc2c1ncn2[C@]12OCC(O)O[C@@H]1[C@H](O)[C@@H](CO)O2,AdenosineOnly_gen3
Nc1ncnc2c1ncn2[C@@H]1O[C@H](CO)[C@@H](O)[C@H]1O,OC[C@H]1O[C@@H](n2cnc3c4nc(nc32)OCC(O)N4)[C@H](O)[C@@H]1O,AdenosineOnly_gen3
Nc1ncnc2c1ncn2[C@@H]1O[C@H](CO)[C@@H](O)[C@H]1O,Nc1ncnc2c1nc1n2[C@@H]2O[C@H](CO1)[C@@H](OC(O)CO)[C@H]2O,AdenosineOnly_gen3
Nc1ncnc2c1ncn2[C@@H]1O[C@H](CO)[C@@H](O)[C@H]1O,CC(O)(O)O[C@@H]1[C@H](O)[C@H]2CO[C@]1(n1cnc3c(N)ncnc31)O2,AdenosineOnly_gen3
Nc1ncnc2c1ncn2[C@@H]1O[C@H](CO)[C@@H](O)[C@H]1O,Nc1ncnc2c1ncn2[C@@H]1O[C@@H]2COCOC(O)O[C@@H]1[C@@H]2O,AdenosineOnly_gen3
Nc1ncnc2c1ncn2[C@@H]1O[C@H](CO)[C@@H](O)[C@H]1O,Nc1ncnc2c1ncn2[C@@H]1O[C@H](C2OCC(O)O2)[C@@H](O)[C@H]1O,AdenosineOnly_gen3
Nc1ncnc2c1ncn2[C@@H]1O[C@H](CO)[C@@H](O)[C@H]1O,OC[C@H]1O[C@@H](n2c3nc4c(ncnc42)NC(O)CO3)[C@H](O)[C@@H]1O,AdenosineOnly_gen3
Nc1ncnc2c1ncn2[C@@H]1O[C@H](CO)[C@@H](O)[C@H]1O,O=CNc1nc(CO)nc2c1ncn2[C@@H]1O[C@H](CO)[C@@H](O)[C@H]1O,AdenosineOnly_gen3
Nc1ncnc2c1ncn2[C@@H]1O[C@H](CO)[C@@H](O)[C@H]1O,Nc1nc2nc3c1ncn3[C@@H]1O[C@H](COC(O)CO)[C@@H](O)[C@H]1O2,AdenosineOnly_gen3
Nc1ncnc2c1ncn2[C@@H]1O[C@H](CO)[C@@H](O)[C@H]1O,OCC(O)Nc1nc2nc3c1ncn3[C@@H]1O[C@H](CO)[C@@H](O)[C@H]1O2,AdenosineOnly_gen3
Nc1ncnc2c1ncn2[C@@H]1O[C@H](CO)[C@@H](O)[C@H]1O,Nc1ncnc2c1ncn2[C@@H]1O[C@@H]2CO[C@]1(O)[C@@H]2OC(O)CO,AdenosineOnly_gen3
Nc1ncnc2c1ncn2[C@@H]1O[C@H](CO)[C@@H](O)[C@H]1O,Nc1nc2nc3c1ncn3[C@@H]1O[C@H](CO)[C@@H](O)[C@H]1OC(O)CO2,AdenosineOnly_gen3
Nc1ncnc2c1ncn2[C@@H]1O[C@H](CO)[C@@H](O)[C@H]1O,Nc1ncnc2c1ncn2[C@@H]1O[C@]2(CO)OCC(O)O[C@@H]1[C@@H]2O,AdenosineOnly_gen3
Nc1ncnc2c1ncn2[C@@H]1O[C@H](CO)[C@@H](O)[C@H]1O,Nc1nc2nc3c1ncn3[C@@H]1O[C@H](COC(O)CO2)[C@@H](O)[C@H]1O,AdenosineOnly_gen3
Nc1ncnc2c1ncn2[C@@H]1O[C@H](CO)[C@@H](O)[C@H]1O,COC(O)Nc1ncnc2c1ncn2[C@@H]1O[C@H](CO)[C@@]2(O)O[C@@H]12,AdenosineOnly_gen3
Nc1ncnc2c1ncn2[C@@H]1O[C@H](CO)[C@@H](O)[C@H]1O,CC(O)(O)OC[C@]12O[C@@H]([C@H](n3cnc4c(N)ncnc43)O1)[C@@H]2O,AdenosineOnly_gen3
Nc1ncnc2c1ncn2[C@@H]1O[C@H](CO)[C@@H](O)[C@H]1O,Nc1ncnc2c1ncn2[C@@H]1OC(CO)(CO)[C@@H](OC=O)[C@H]1O,AdenosineOnly_gen3
Nc1ncnc2c1ncn2[C@@H]1O[C@H](CO)[C@@H](O)[C@H]1O,Nc1ncnc2c1ncn2[C@]12O[C@@H]1[C@H](OC(O)CO)[C@@H](CO)O2,AdenosineOnly_gen3
Nc1ncnc2c1ncn2[C@@H]1O[C@H](CO)[C@@H](O)[C@H]1O,Nc1ncnc2c1ncn2[C@@H]1O[C@H](CO)[C@@H](O)[C@@]12OCC(O)O2,AdenosineOnly_gen3
Nc1ncnc2c1ncn2[C@@H]1O[C@H](CO)[C@@H](O)[C@H]1O,Nc1ncnc2c1ncn2[C@@H]1O[C@@H]2CO[C@@]2(OC(O)CO)[C@H]1O,AdenosineOnly_gen3
Nc1ncnc2c1ncn2[C@@H]1O[C@H](CO)[C@@H](O)[C@H]1O,Nc1nc(CO)nc2c1ncn2[C@@H]1O[C@H](CO)[C@@H](OC=O)[C@H]1O,AdenosineOnly_gen3
Nc1ncnc2c1ncn2[C@@H]1O[C@H](CO)[C@@H](O)[C@H]1O,Nc1ncnc2c1ncn2[C@@H]1O[C@@H]2C(O)O[C@@H]1[C@@H]2OC(O)CO,AdenosineOnly_gen3
Nc1ncnc2c1ncn2[C@@H]1O[C@H](CO)[C@@H](O)[C@H]1O,Nc1ncnc2c1ncn2[C@@H]1O[C@H](C(O)CO)[C@@H](O)[C@H]1OC=O,AdenosineOnly_gen3
Nc1ncnc2c1ncn2[C@@H]1O[C@H](CO)[C@@H](O)[C@H]1O,CC(O)(O)O[C@H]1[C@H]2O[C@@]1(CO)O[C@H]2n1cnc2c(N)ncnc21,AdenosineOnly_gen3
Nc1ncnc2c1ncn2[C@@H]1O[C@H](CO)[C@@H](O)[C@H]1O,Nc1ncnc2c1nc1n2[C@@H]2O[C@H](COC(O)CO1)[C@@H](O)[C@H]2O,AdenosineOnly_gen3
Nc1ncnc2c1ncn2[C@@H]1O[C@H](CO)[C@@H](O)[C@H]1O,Nc1ncnc2c1ncn2[C@@H]1O[C@H](COC(O)CO)[C@H]2O[C@]21O,AdenosineOnly_gen3
Nc1ncnc2c1ncn2[C@@H]1O[C@H](CO)[C@@H](O)[C@H]1O,OC[C@H]1O[C@@H]2[C@H](O)[C@]1(O)OCC(O)Nc1ncnc3c1ncn32,AdenosineOnly_gen3
Nc1ncnc2c1ncn2[C@@H]1O[C@H](CO)[C@@H](O)[C@H]1O,O=CNc1ncnc2c1ncn2[C@@H]1O[C@H](CO)[C@@](O)(CO)[C@H]1O,AdenosineOnly_gen3
Nc1ncnc2c1ncn2[C@@H]1O[C@H](CO)[C@@H](O)[C@H]1O,OC[C@]12OCC(O)Nc3ncnc4c3ncn4[C@H](O1)[C@H](O)[C@@H]2O,AdenosineOnly_gen3
Nc1ncnc2c1ncn2[C@@H]1O[C@H](CO)[C@@H](O)[C@H]1O,CC(O)(O)Nc1ncnc2c1ncn2[C@@H]1O[C@@H]2CO[C@@]2(O)[C@H]1O,AdenosineOnly_gen3
Nc1ncnc2c1ncn2[C@@H]1O[C@H](CO)[C@@H](O)[C@H]1O,OCC(O)Nc1ncnc2c1ncn2[C@@H]1O[C@]2(CO)O[C@@H]1[C@@H]2O,AdenosineOnly_gen3
Nc1ncnc2c1ncn2[C@@H]1O[C@H](CO)[C@@H](O)[C@H]1O,COC(O)Nc1nc2nc3c1ncn3[C@@H]1O[C@H](CO2)[C@@H](O)[C@H]1O,AdenosineOnly_gen3
Nc1ncnc2c1ncn2[C@@H]1O[C@H](CO)[C@@H](O)[C@H]1O,CC(O)(O)O[C@]12O[C@H]1[C@H](n1cnc3c(N)ncnc31)O[C@@H]2CO,AdenosineOnly_gen3
Nc1ncnc2c1ncn2[C@@H]1O[C@H](CO)[C@@H](O)[C@H]1O,Nc1ncnc2c1ncn2[C@@H]1O[C@H](CO)[C@@]2(O)OCC(O)O[C@@H]12,AdenosineOnly_gen3
Nc1ncnc2c1ncn2[C@@H]1O[C@H](CO)[C@@H](O)[C@H]1O,Nc1ncnc2c1nc(CO)n2[C@@H]1O[C@H](COC=O)[C@@H](O)[C@H]1O,AdenosineOnly_gen3
Nc1ncnc2c1ncn2[C@@H]1O[C@H](CO)[C@@H](O)[C@H]1O,OC[C@H]1O[C@@]2(OCC(O)Nc3ncnc4c3ncn42)[C@H](O)[C@@H]1O,AdenosineOnly_gen3
Nc1ncnc2c1ncn2[C@@H]1O[C@H](CO)[C@@H](O)[C@H]1O,OC[C@H]1O[C@@H]2[C@H](OC(O)C(O)Nc3ncnc4c3ncn42)[C@@H]1O,AdenosineOnly_gen3
Nc1ncnc2c1ncn2[C@@H]1O[C@H](CO)[C@@H](O)[C@H]1O,CC(O)(O)Nc1ncnc2c1ncn2[C@@H]1O[C@@H]2C(O)O[C@H]2[C@H]1O,AdenosineOnly_gen3
Nc1ncnc2c1ncn2[C@@H]1O[C@H](CO)[C@@H](O)[C@H]1O,COC(O)OC[C@]12O[C@@H](n3cnc4c(N)ncnc43)[C@H](O)[C@@H]1O2,AdenosineOnly_gen3
Nc1ncnc2c1ncn2[C@@H]1O[C@H](CO)[C@@H](O)[C@H]1O,CO[C@@H]1[C@H](O)[C@@H](COC(C)O)O[C@H]1n1cnc2c(N)ncnc21,AdenosineOnly_gen3
Nc1ncnc2c1ncn2[C@@H]1O[C@H](CO)[C@@H](O)[C@H]1O,COC[C@H]1O[C@@H](n2cnc3c(NC(C)O)ncnc32)[C@H](O)[C@@H]1O,AdenosineOnly_gen3
Nc1ncnc2c1ncn2[C@@H]1O[C@H](CO)[C@@H](O)[C@H]1O,Nc1ncnc2c1ncn2[C@@H]1O[C@H](C(O)(O)C=NO)[C@@H](O)[C@H]1O,AdenosineOnly_gen3
Nc1ncnc2c1ncn2[C@@H]1O[C@H](CO)[C@@H](O)[C@H]1O,Nc1nc(CO)nc2c1ncn2[C@@H]1O[C@H](COCO)[C@@H](O)[C@H]1O,AdenosineOnly_gen3
Nc1ncnc2c1ncn2[C@@H]1O[C@H](CO)[C@@H](O)[C@H]1O,CC(O)OC[C@H]1O[C@](O)(n2cnc3c(N)ncnc32)[C@H](O)[C@@H]1O,AdenosineOnly_gen3
Nc1ncnc2c1ncn2[C@@H]1O[C@H](CO)[C@@H](O)[C@H]1O,Nc1ncnc2c1ncn2[C@@H]1O[C@H](C(CO)OCO)[C@@H](O)[C@H]1O,AdenosineOnly_gen3
Nc1ncnc2c1ncn2[C@@H]1O[C@H](CO)[C@@H](O)[C@H]1O,Nc1ncnc2c1ncn2[C@@H]1O[C@H](CO)[C@@H](O)[C@]1(CO)OCO,AdenosineOnly_gen3
Nc1ncnc2c1ncn2[C@@H]1O[C@H](CO)[C@@H](O)[C@H]1O,CC(O)(O)[C@H]1O[C@@H](n2cnc3c(NCO)ncnc32)[C@H](O)[C@@H]1O,AdenosineOnly_gen3
Nc1ncnc2c1ncn2[C@@H]1O[C@H](CO)[C@@H](O)[C@H]1O,Nc1ncnc2c1ncn2[C@@H]1O[C@H](CO)[C@@](O)(CO)[C@H]1OCO,AdenosineOnly_gen3
Nc1ncnc2c1ncn2[C@@H]1O[C@H](CO)[C@@H](O)[C@H]1O,OCNc1ncnc2c1nc(CO)n2[C@@H]1O[C@H](CO)[C@@H](O)[C@H]1O,AdenosineOnly_gen3
Nc1ncnc2c1ncn2[C@@H]1O[C@H](CO)[C@@H](O)[C@H]1O,Nc1ncnc2c1nc(CO)n2[C@@H]1O[C@H](CO)[C@@H](OCO)[C@H]1O,AdenosineOnly_gen3
Nc1ncnc2c1ncn2[C@@H]1O[C@H](CO)[C@@H](O)[C@H]1O,CC(O)(O)[C@H]1O[C@@H](n2cnc3c(N)ncnc32)[C@H](O)[C@@H]1OCO,AdenosineOnly_gen3
Nc1ncnc2c1ncn2[C@@H]1O[C@H](CO)[C@@H](O)[C@H]1O,CC(O)Nc1ncnc2c1ncn2[C@@]1(O)O[C@H](CO)[C@@H](O)[C@H]1O,AdenosineOnly_gen3
Nc1ncnc2c1ncn2[C@@H]1O[C@H](CO)[C@@H](O)[C@H]1O,CC(=O)OC[C@H]1O[C@@H]2[C@H](O)[C@@H]1OC(C)=Nc1ncnc3c1ncn32,AdenosineOnly_gen3
Nc1ncnc2c1ncn2[C@@H]1O[C@H](CO)[C@@H](O)[C@H]1O,CC(=O)O[C@H]1[C@@H](O)[C@H]2O[C@@H]1COC(C)=Nc1ncnc3c1ncn32,AdenosineOnly_gen3
Nc1ncnc2c1ncn2[C@@H]1O[C@H](CO)[C@@H](O)[C@H]1O,CC1=NC(=O)N1c1ncnc2c1ncn2[C@@H]1O[C@H](CO)[C@@H](O)[C@H]1O,AdenosineOnly_gen3
Nc1ncnc2c1ncn2[C@@H]1O[C@H](CO)[C@@H](O)[C@H]1O,N#CCC(O)Nc1ncnc2c1ncn2[C@@H]1O[C@H](CO)[C@@H](O)[C@H]1O,AdenosineOnly_gen3
Nc1ncnc2c1ncn2[C@@H]1O[C@H](CO)[C@@H](O)[C@H]1O,C[C@]1(OC(O)C#N)[C@@H](CO)O[C@@H](n2cnc3c(N)ncnc32)[C@@H]1O,AdenosineOnly_gen3
Nc1ncnc2c1ncn2[C@@H]1O[C@H](CO)[C@@H](O)[C@H]1O,CC(O)[C@H]1O[C@@H](n2cnc3c(NC(O)C#N)ncnc32)[C@H](O)[C@@H]1O,AdenosineOnly_gen3
Nc1ncnc2c1ncn2[C@@H]1O[C@H](CO)[C@@H](O)[C@H]1O,C[C@]1(O)[C@H](O)[C@@H](COC(O)C#N)O[C@H]1n1cnc2c(N)ncnc21,AdenosineOnly_gen3
Nc1ncnc2c1ncn2[C@@H]1O[C@H](CO)[C@@H](O)[C@H]1O,CC(O)Nc1ncnc2c1ncn2[C@@H]1O[C@@](C#N)(CO)[C@@H](O)[C@H]1O,AdenosineOnly_gen3
Nc1ncnc2c1ncn2[C@@H]1O[C@H](CO)[C@@H](O)[C@H]1O,CC(O)Nc1ncnc2c1nc(C#N)n2[C@@H]1O[C@H](CO)[C@@H](O)[C@H]1O,AdenosineOnly_gen3
Nc1ncnc2c1ncn2[C@@H]1O[C@H](CO)[C@@H](O)[C@H]1O,CC(O)O[C@H]1[C@@H](O)[C@H](n2cnc3c(N)ncnc32)O[C@@H]1C(O)C#N,AdenosineOnly_gen3
Nc1ncnc2c1ncn2[C@@H]1O[C@H](CO)[C@@H](O)[C@H]1O,CC(O)O[C@H]1[C@H](n2cnc3c(N)ncnc32)O[C@@](C#N)(CO)[C@H]1O,AdenosineOnly_gen3
Nc1ncnc2c1ncn2[C@@H]1O[C@H](CO)[C@@H](O)[C@H]1O,C[C@]1(n2cnc3c(N)ncnc32)O[C@H](CO)[C@@H](O)[C@H]1OC(O)C#N,AdenosineOnly_gen3
Nc1ncnc2c1ncn2[C@@H]1O[C@H](CO)[C@@H](O)[C@H]1O,C[C@]1(O)[C@H](O)[C@@H](CO)O[C@H]1n1cnc2c(NC(O)C#N)ncnc21,AdenosineOnly_gen3
Nc1ncnc2c1ncn2[C@@H]1O[C@H](CO)[C@@H](O)[C@H]1O,CC(O)O[C@@H]1[C@H](O)[C@@H](CO)O[C@H]1n1cnc2c(N)nc(C#N)nc21,AdenosineOnly_gen3
Nc1ncnc2c1ncn2[C@@H]1O[C@H](CO)[C@@H](O)[C@H]1O,Cc1nc2c(N)ncnc2n1[C@@H]1O[C@H](CO)[C@@H](OC(O)C#N)[C@H]1O,AdenosineOnly_gen3
Nc1ncnc2c1ncn2[C@@H]1O[C@H](CO)[C@@H](O)[C@H]1O,CC(O)O[C@H]1[C@@H](O)[C@@](C#N)(n2cnc3c(N)ncnc32)O[C@@H]1CO,AdenosineOnly_gen3
Nc1ncnc2c1ncn2[C@@H]1O[C@H](CO)[C@@H](O)[C@H]1O,Cc1nc(NC(O)C#N)c2ncn([C@@H]3O[C@H](CO)[C@@H](O)[C@H]3O)c2n1,AdenosineOnly_gen3
Nc1ncnc2c1ncn2[C@@H]1O[C@H](CO)[C@@H](O)[C@H]1O,N#CCC(O)OC[C@H]1O[C@@H](n2cnc3c(N)ncnc32)[C@H](O)[C@@H]1O,AdenosineOnly_gen3
Nc1ncnc2c1ncn2[C@@H]1O[C@H](CO)[C@@H](O)[C@H]1O,CC(O)O[C@@]1(C#N)[C@H](O)[C@@H](CO)O[C@H]1n1cnc2c(N)ncnc21,AdenosineOnly_gen3
Nc1ncnc2c1ncn2[C@@H]1O[C@H](CO)[C@@H](O)[C@H]1O,CCC(=O)Nc1ncnc2c1ncn2[C@@H]1O[C@H](C(=O)O)[C@@H](O)[C@H]1O,AdenosineOnly_gen3
Nc1ncnc2c1ncn2[C@@H]1O[C@H](CO)[C@@H](O)[C@H]1O,C[C@]1(O)[C@H](O)[C@@H](COC=O)O[C@H]1n1cnc2c(NC=O)ncnc21,AdenosineOnly_gen3
Nc1ncnc2c1ncn2[C@@H]1O[C@H](CO)[C@@H](O)[C@H]1O,CC(=O)N(C)c1ncnc2c1ncn2[C@@H]1O[C@H](C(=O)O)[C@@H](O)[C@H]1O,AdenosineOnly_gen3
Nc1ncnc2c1ncn2[C@@H]1O[C@H](CO)[C@@H](O)[C@H]1O,CO[C@@H]1[C@H](O)[C@@H](C(=O)O)O[C@H]1n1cnc2c(NC(C)=O)ncnc21,AdenosineOnly_gen3
Nc1ncnc2c1ncn2[C@@H]1O[C@H](CO)[C@@H](O)[C@H]1O,CC(=O)OC(=O)[C@H]1O[C@@H](n2cnc3c(N)nc(C)nc32)[C@H](O)[C@@H]1O,AdenosineOnly_gen3
Nc1ncnc2c1ncn2[C@@H]1O[C@H](CO)[C@@H](O)[C@H]1O,Cc1nc(NC=O)c2ncn([C@@H]3O[C@H](COC=O)[C@@H](O)[C@H]3O)c2n1,AdenosineOnly_gen3
Nc1ncnc2c1ncn2[C@@H]1O[C@H](CO)[C@@H](O)[C@H]1O,CC(=O)Nc1ncnc2c1ncn2[C@@H]1O[C@H](C(=O)O)[C@@H](O)[C@]1(C)O,AdenosineOnly_gen3
Nc1ncnc2c1ncn2[C@@H]1O[C@H](CO)[C@@H](O)[C@H]1O,CC(=O)O[C@@H]1[C@@H](C(=O)O)O[C@@H](n2cnc3c(N)ncnc32)[C@@]1(C)O,AdenosineOnly_gen3
Nc1ncnc2c1ncn2[C@@H]1O[C@H](CO)[C@@H](O)[C@H]1O,CO[C@H]1[C@@H](O)[C@H](n2cnc3c(N)ncnc32)O[C@@H]1C(=O)OC(C)=O,AdenosineOnly_gen3
Nc1ncnc2c1ncn2[C@@H]1O[C@H](CO)[C@@H](O)[C@H]1O,CCC(=O)O[C@@H]1[C@H](O)[C@@H](C(=O)O)O[C@H]1n1cnc2c(N)ncnc21,AdenosineOnly_gen3
Nc1ncnc2c1ncn2[C@@H]1O[C@H](CO)[C@@H](O)[C@H]1O,CC(=O)O[C@@]1(C)[C@@H](C(=O)O)O[C@@H](n2cnc3c(N)ncnc32)[C@@H]1O,AdenosineOnly_gen3
Nc1ncnc2c1ncn2[C@@H]1O[C@H](CO)[C@@H](O)[C@H]1O,CC(=O)OC(=O)[C@H]1O[C@](C)(n2cnc3c(N)ncnc32)[C@H](O)[C@@H]1O,AdenosineOnly_gen3
Nc1ncnc2c1ncn2[C@@H]1O[C@H](CO)[C@@H](O)[C@H]1O,CC(=O)Nc1ncnc2c1ncn2[C@@]1(C)O[C@H](C(=O)O)[C@@H](O)[C@H]1O,AdenosineOnly_gen3
Nc1ncnc2c1ncn2[C@@H]1O[C@H](CO)[C@@H](O)[C@H]1O,CC(=O)O[C@H]1[C@@H](O)[C@H](n2c(C)nc3c(N)ncnc32)O[C@@H]1C(=O)O,AdenosineOnly_gen3
Nc1ncnc2c1ncn2[C@@H]1O[C@H](CO)[C@@H](O)[C@H]1O,CO[C@@]1(C)[C@H](OC(C)=O)[C@@H](CO)O[C@H]1n1cnc2c(N)ncnc21,AdenosineOnly_gen3
Nc1ncnc2c1ncn2[C@@H]1O[C@H](CO)[C@@H](O)[C@H]1O,CC(=O)OC[C@H]1O[C@@H](n2c(C)nc3c(N)nc(C)nc32)[C@H](O)[C@@H]1O,AdenosineOnly_gen3
Nc1ncnc2c1ncn2[C@@H]1O[C@H](CO)[C@@H](O)[C@H]1O,CC(=O)OC(C)[C@H]1O[C@@H](n2cnc3c(N)nc(C)nc32)[C@H](O)[C@@H]1O,AdenosineOnly_gen3
Nc1ncnc2c1ncn2[C@@H]1O[C@H](CO)[C@@H](O)[C@H]1O,CC(=O)O[C@H]1[C@H](n2cnc3c(N)nc(C)nc32)O[C@@](C)(CO)[C@H]1O,AdenosineOnly_gen3
Nc1ncnc2c1ncn2[C@@H]1O[C@H](CO)[C@@H](O)[C@H]1O,CC(=O)O[C@@]1(C)[C@H](O)[C@@H](C(C)O)O[C@H]1n1cnc2c(N)ncnc21,AdenosineOnly_gen3
Nc1ncnc2c1ncn2[C@@H]1O[C@H](CO)[C@@H](O)[C@H]1O,CC(=O)O[C@]1(C)[C@H](n2cnc3c(N)ncnc32)O[C@H](CO)[C@]1(C)O,AdenosineOnly_gen3
Nc1ncnc2c1ncn2[C@@H]1O[C@H](CO)[C@@H](O)[C@H]1O,CO[C@H]1[C@H](n2cnc3c(NC(C)=O)ncnc32)O[C@H](CO)[C@]1(C)O,AdenosineOnly_gen3
Nc1ncnc2c1ncn2[C@@H]1O[C@H](CO)[C@@H](O)[C@H]1O,CC(=O)Nc1nc(C)nc2c1ncn2[C@@H]1O[C@H](CO)[C@@H](O)[C@]1(C)O,AdenosineOnly_gen3
Nc1ncnc2c1ncn2[C@@H]1O[C@H](CO)[C@@H](O)[C@H]1O,CO[C@@H]1[C@H](O)[C@@H](CO)O[C@H]1n1cnc2c(N(C)C(C)=O)ncnc21,AdenosineOnly_gen3
Nc1ncnc2c1ncn2[C@@H]1O[C@H](CO)[C@@H](O)[C@H]1O,CC(=O)OC[C@]1(C)O[C@@H](n2c(C)nc3c(N)ncnc32)[C@H](O)[C@@H]1O,AdenosineOnly_gen3
Nc1ncnc2c1ncn2[C@@H]1O[C@H](CO)[C@@H](O)[C@H]1O,CCc1nc2c(N)ncnc2n1[C@@H]1O[C@H](COC(C)=O)[C@@H](O)[C@H]1O,AdenosineOnly_gen3
Nc1ncnc2c1ncn2[C@@H]1O[C@H](CO)[C@@H](O)[C@H]1O,CC(=O)Nc1ncnc2c1nc(C)n2[C@@H]1O[C@H](CO)[C@](C)(O)[C@H]1O,AdenosineOnly_gen3
Nc1ncnc2c1ncn2[C@@H]1O[C@H](CO)[C@@H](O)[C@H]1O,CC(=O)O[C@@]1(C)[C@H](O)[C@@H](CO)O[C@H]1n1cnc2c(N)nc(C)nc21,AdenosineOnly_gen3
Nc1ncnc2c1ncn2[C@@H]1O[C@H](CO)[C@@H](O)[C@H]1O,CCC(=O)OC(C)[C@H]1O[C@@H](n2cnc3c(N)ncnc32)[C@H](O)[C@@H]1O,AdenosineOnly_gen3
Nc1ncnc2c1ncn2[C@@H]1O[C@H](CO)[C@@H](O)[C@H]1O,CC(=O)OC(C)[C@H]1O[C@@H](n2cnc3c(N)ncnc32)[C@H](O)[C@@]1(C)O,AdenosineOnly_gen3
Nc1ncnc2c1ncn2[C@@H]1O[C@H](CO)[C@@H](O)[C@H]1O,CC(=O)O[C@H]1[C@H](n2c(C)nc3c(N)ncnc32)O[C@H](CO)[C@]1(C)O,AdenosineOnly_gen3
Nc1ncnc2c1ncn2[C@@H]1O[C@H](CO)[C@@H](O)[C@H]1O,CO[C@@H]1[C@H](O)[C@@H](C(C)OC(C)=O)O[C@H]1n1cnc2c(N)ncnc21,AdenosineOnly_gen3
Nc1ncnc2c1ncn2[C@@H]1O[C@H](CO)[C@@H](O)[C@H]1O,CC(=O)O[C@H]1[C@@H](O)[C@H](n2cnc3c(N)ncnc32)O[C@@]1(C)C(C)O,AdenosineOnly_gen3
Nc1ncnc2c1ncn2[C@@H]1O[C@H](CO)[C@@H](O)[C@H]1O,CC(=O)OC[C@H]1O[C@](C)(n2cnc3c(N)ncnc32)[C@H](O)[C@@]1(C)O,AdenosineOnly_gen3
Nc1ncnc2c1ncn2[C@@H]1O[C@H](CO)[C@@H](O)[C@H]1O,CC(=O)OC[C@]1(C)O[C@@H](n2cnc3c(N)ncnc32)[C@H](O)[C@@]1(C)O,AdenosineOnly_gen3
Nc1ncnc2c1ncn2[C@@H]1O[C@H](CO)[C@@H](O)[C@H]1O,CC(=O)O[C@@H]1[C@@H](C(C)O)O[C@](C)(n2cnc3c(N)ncnc32)[C@@H]1O,AdenosineOnly_gen3
Nc1ncnc2c1ncn2[C@@H]1O[C@H](CO)[C@@H](O)[C@H]1O,CC(=O)OC(C)[C@H]1O[C@@H](n2c(C)nc3c(N)ncnc32)[C@H](O)[C@@H]1O,AdenosineOnly_gen3
Nc1ncnc2c1ncn2[C@@H]1O[C@H](CO)[C@@H](O)[C@H]1O,CO[C@@]1(C)[C@@H](COC(C)=O)O[C@@H](n2cnc3c(N)ncnc32)[C@@H]1O,AdenosineOnly_gen3
Nc1ncnc2c1ncn2[C@@H]1O[C@H](CO)[C@@H](O)[C@H]1O,COC[C@H]1O[C@@H](n2cnc3c(N)ncnc32)[C@H](OC(C)=O)[C@@H]1OC,AdenosineOnly_gen3
Nc1ncnc2c1ncn2[C@@H]1O[C@H](CO)[C@@H](O)[C@H]1O,CC(=O)O[C@@H]1[C@H](O)[C@@H](CO)O[C@]1(C)n1cnc2c(N)nc(C)nc21,AdenosineOnly_gen3
Nc1ncnc2c1ncn2[C@@H]1O[C@H](CO)[C@@H](O)[C@H]1O,CC(=O)O[C@H]1[C@H](n2cnc3c(N)ncnc32)O[C@@](C)(CO)[C@]1(C)O,AdenosineOnly_gen3
Nc1ncnc2c1ncn2[C@@H]1O[C@H](CO)[C@@H](O)[C@H]1O,CC(=O)O[C@H]1[C@](C)(O)[C@H](n2cnc3c(N)ncnc32)O[C@@]1(C)CO,AdenosineOnly_gen3
Nc1ncnc2c1ncn2[C@@H]1O[C@H](CO)[C@@H](O)[C@H]1O,CO[C@@H]1[C@H](O)[C@@H](COC(C)=O)O[C@H]1n1c(C)nc2c(N)ncnc21,AdenosineOnly_gen3
Nc1ncnc2c1ncn2[C@@H]1O[C@H](CO)[C@@H](O)[C@H]1O,CC(=O)OC[C@H]1O[C@](C)(n2c(C)nc3c(N)ncnc32)[C@H](O)[C@@H]1O,AdenosineOnly_gen3
Nc1ncnc2c1ncn2[C@@H]1O[C@H](CO)[C@@H](O)[C@H]1O,CC(=O)O[C@@]1(C)[C@H](O)[C@@H](CO)O[C@H]1n1c(C)nc2c(N)ncnc21,AdenosineOnly_gen3
Nc1ncnc2c1ncn2[C@@H]1O[C@H](CO)[C@@H](O)[C@H]1O,COC[C@H]1O[C@@H](n2cnc3c(N)ncnc32)[C@H](OC(C)=O)[C@@]1(C)O,AdenosineOnly_gen3
Nc1ncnc2c1ncn2[C@@H]1O[C@H](CO)[C@@H](O)[C@H]1O,CC(=O)Nc1ncnc2c1nc(C)n2[C@@]1(C)O[C@H](CO)[C@@H](O)[C@H]1O,AdenosineOnly_gen3
Nc1ncnc2c1ncn2[C@@H]1O[C@H](CO)[C@@H](O)[C@H]1O,CC(=O)O[C@@]1(C)[C@H](O)[C@@H](CO)O[C@]1(C)n1cnc2c(N)ncnc21,AdenosineOnly_gen3
Nc1ncnc2c1ncn2[C@@H]1O[C@H](CO)[C@@H](O)[C@H]1O,CO[C@H]1[C@@H](O)[C@H](n2c(C)nc3c(NC(C)=O)ncnc32)O[C@@H]1CO,AdenosineOnly_gen3
Nc1ncnc2c1ncn2[C@@H]1O[C@H](CO)[C@@H](O)[C@H]1O,CC(=O)O[C@@H]1[C@H](O)[C@](C)(CO)O[C@]1(C)n1cnc2c(N)ncnc21,AdenosineOnly_gen3
Nc1ncnc2c1ncn2[C@@H]1O[C@H](CO)[C@@H](O)[C@H]1O,CC(=O)Nc1ncnc2c1ncn2[C@@H]1O[C@@](C)(CO)[C@](C)(O)[C@H]1O,AdenosineOnly_gen3
Nc1ncnc2c1ncn2[C@@H]1O[C@H](CO)[C@@H](O)[C@H]1O,CC(=O)Nc1nc(C)nc2c1ncn2[C@@H]1O[C@H](C(C)O)[C@@H](O)[C@H]1O,AdenosineOnly_gen3
Nc1ncnc2c1ncn2[C@@H]1O[C@H](CO)[C@@H](O)[C@H]1O,CC(=O)OC[C@H]1O[C@](C)(n2cnc3c(N)ncnc32)[C@@](C)(O)[C@@H]1O,AdenosineOnly_gen3
Nc1ncnc2c1ncn2[C@@H]1O[C@H](CO)[C@@H](O)[C@H]1O,CC(=O)Nc1ncnc2c1nc(C)n2[C@@H]1O[C@H](C(C)O)[C@@H](O)[C@H]1O,AdenosineOnly_gen3
Nc1ncnc2c1ncn2[C@@H]1O[C@H](CO)[C@@H](O)[C@H]1O,CO[C@@H]1[C@@H](COC(C)=O)O[C@@H](n2cnc3c(N)ncnc32)[C@@]1(C)O,AdenosineOnly_gen3
Nc1ncnc2c1ncn2[C@@H]1O[C@H](CO)[C@@H](O)[C@H]1O,CC(=O)OC[C@H]1O[C@@H](n2cnc3c(N)nc(C)nc32)[C@H](O)[C@@]1(C)O,AdenosineOnly_gen3
Nc1ncnc2c1ncn2[C@@H]1O[C@H](CO)[C@@H](O)[C@H]1O,CCC(=O)Nc1ncnc2c1nc(C)n2[C@@H]1O[C@H](CO)[C@@H](O)[C@H]1O,AdenosineOnly_gen3
Nc1ncnc2c1ncn2[C@@H]1O[C@H](CO)[C@@H](O)[C@H]1O,CC(=O)OC[C@H]1O[C@@H](n2c(C)nc3c(N)ncnc32)[C@H](O)[C@@]1(C)O,AdenosineOnly_gen3
Nc1ncnc2c1ncn2[C@@H]1O[C@H](CO)[C@@H](O)[C@H]1O,CCC(O)[C@H]1O[C@@H](n2cnc3c(N)ncnc32)[C@H](OC(C)=O)[C@@H]1O,AdenosineOnly_gen3
Nc1ncnc2c1ncn2[C@@H]1O[C@H](CO)[C@@H](O)[C@H]1O,CC(=O)Nc1ncnc2c1ncn2[C@@H]1O[C@H](C(C)O)[C@](C)(O)[C@H]1O,AdenosineOnly_gen3
Nc1ncnc2c1ncn2[C@@H]1O[C@H](CO)[C@@H](O)[C@H]1O,CC(=O)Nc1ncnc2c1ncn2[C@@]1(C)O[C@H](CO)[C@@H](O)[C@]1(C)O,AdenosineOnly_gen3
Nc1ncnc2c1ncn2[C@@H]1O[C@H](CO)[C@@H](O)[C@H]1O,CC[C@]1(OC(C)=O)[C@@H](CO)O[C@@H](n2cnc3c(N)ncnc32)[C@@H]1O,AdenosineOnly_gen3
Nc1ncnc2c1ncn2[C@@H]1O[C@H](CO)[C@@H](O)[C@H]1O,CC[C@]1(n2cnc3c(N)ncnc32)O[C@H](COC(C)=O)[C@@H](O)[C@H]1O,AdenosineOnly_gen3
Nc1ncnc2c1ncn2[C@@H]1O[C@H](CO)[C@@H](O)[C@H]1O,CC[C@@]1(CO)O[C@@H](n2cnc3c(N)ncnc32)[C@H](OC(C)=O)[C@@H]1O,AdenosineOnly_gen3
Nc1ncnc2c1ncn2[C@@H]1O[C@H](CO)[C@@H](O)[C@H]1O,CCc1nc(N)c2ncn([C@@H]3O[C@H](CO)[C@@H](O)[C@H]3OC(C)=O)c2n1,AdenosineOnly_gen3
Nc1ncnc2c1ncn2[C@@H]1O[C@H](CO)[C@@H](O)[C@H]1O,CO[C@@H]1[C@H](O)[C@@H](COC(C)=O)O[C@H]1n1cnc2c(N)nc(C)nc21,AdenosineOnly_gen3
Nc1ncnc2c1ncn2[C@@H]1O[C@H](CO)[C@@H](O)[C@H]1O,COC[C@H]1O[C@](C)(n2cnc3c(N)ncnc32)[C@H](OC(C)=O)[C@@H]1O,AdenosineOnly_gen3
Nc1ncnc2c1ncn2[C@@H]1O[C@H](CO)[C@@H](O)[C@H]1O,CC(O)[C@H]1O[C@@H](n2cnc3c(NC(=O)CO)ncnc32)[C@H](O)[C@@H]1O,AdenosineOnly_gen3
Nc1ncnc2c1ncn2[C@@H]1O[C@H](CO)[C@@H](O)[C@H]1O,Cc1nc2c(N)ncnc2n1[C@@H]1O[C@H](CO)[C@@H](OC(=O)CO)[C@H]1O,AdenosineOnly_gen3
Nc1ncnc2c1ncn2[C@@H]1O[C@H](CO)[C@@H](O)[C@H]1O,C[C@]1(OC(=O)CO)[C@@H](CO)O[C@@H](n2cnc3c(N)ncnc32)[C@@H]1O,AdenosineOnly_gen3
Nc1ncnc2c1ncn2[C@@H]1O[C@H](CO)[C@@H](O)[C@H]1O,CO[C@H]1[C@@H](O)[C@H](n2cnc3c(NC(=O)CO)ncnc32)O[C@@H]1CO,AdenosineOnly_gen3
Nc1ncnc2c1ncn2[C@@H]1O[C@H](CO)[C@@H](O)[C@H]1O,COC(=O)Nc1ncnc2c1ncn2[C@@H]1O[C@H](CO)[C@@H](O)[C@]1(C)O,AdenosineOnly_gen3
Nc1ncnc2c1ncn2[C@@H]1O[C@H](CO)[C@@H](O)[C@H]1O,COC(=O)Nc1nc(C)nc2c1ncn2[C@@H]1O[C@H](CO)[C@@H](O)[C@H]1O,AdenosineOnly_gen3
Nc1ncnc2c1ncn2[C@@H]1O[C@H](CO)[C@@H](O)[C@H]1O,CC(O)[C@H]1O[C@@H](n2cnc3c(N)ncnc32)[C@H](O)[C@@H]1OC(=O)CO,AdenosineOnly_gen3
Nc1ncnc2c1ncn2[C@@H]1O[C@H](CO)[C@@H](O)[C@H]1O,CC(=O)O[C@@H]1[C@H](O)[C@@H](C(C)(O)O)O[C@H]1n1cnc2c(N)ncnc21,AdenosineOnly_gen3
Nc1ncnc2c1ncn2[C@@H]1O[C@H](CO)[C@@H](O)[C@H]1O,COCC(=O)O[C@H]1[C@@H](O)[C@H](n2cnc3c(N)ncnc32)O[C@@H]1CO,AdenosineOnly_gen3
Nc1ncnc2c1ncn2[C@@H]1O[C@H](CO)[C@@H](O)[C@H]1O,COC(=O)OC[C@]1(C)O[C@@H](n2cnc3c(N)ncnc32)[C@H](O)[C@@H]1O,AdenosineOnly_gen3
Nc1ncnc2c1ncn2[C@@H]1O[C@H](CO)[C@@H](O)[C@H]1O,COC(=O)OC[C@H]1O[C@](C)(n2cnc3c(N)ncnc32)[C@H](O)[C@@H]1O,AdenosineOnly_gen3
Nc1ncnc2c1ncn2[C@@H]1O[C@H](CO)[C@@H](O)[C@H]1O,COC(CO)Nc1ncnc2c1ncn2[C@@H]1O[C@H](CO)[C@@H](O)[C@H]1O,AdenosineOnly_gen3
Nc1ncnc2c1ncn2[C@@H]1O[C@H](CO)[C@@H](O)[C@H]1O,C[C@]1(n2cnc3c(NC(O)CO)ncnc32)O[C@H](CO)[C@@H](O)[C@H]1O,AdenosineOnly_gen3
Nc1ncnc2c1ncn2[C@@H]1O[C@H](CO)[C@@H](O)[C@H]1O,CO[C@H]1[C@@H](OC(O)CO)[C@H](n2cnc3c(N)ncnc32)O[C@@H]1CO,AdenosineOnly_gen3
Nc1ncnc2c1ncn2[C@@H]1O[C@H](CO)[C@@H](O)[C@H]1O,C[C@]1(O)[C@H](OC(O)CO)[C@@H](CO)O[C@H]1n1cnc2c(N)ncnc21,AdenosineOnly_gen3
Nc1ncnc2c1ncn2[C@@H]1O[C@H](CO)[C@@H](O)[C@H]1O,Cc1nc2c(NC(O)CO)ncnc2n1[C@@H]1O[C@H](CO)[C@@H](O)[C@H]1O,AdenosineOnly_gen3
Nc1ncnc2c1ncn2[C@@H]1O[C@H](CO)[C@@H](O)[C@H]1O,CO[C@@H]1[C@H](O)[C@@H](CO)O[C@H]1n1cnc2c(NC(O)CO)ncnc21,AdenosineOnly_gen3
Nc1ncnc2c1ncn2[C@@H]1O[C@H](CO)[C@@H](O)[C@H]1O,CC(O)(CO)OC[C@H]1O[C@@H](n2cnc3c(N)ncnc32)[C@H](O)[C@@H]1O,AdenosineOnly_gen3
Nc1ncnc2c1ncn2[C@@H]1O[C@H](CO)[C@@H](O)[C@H]1O,CN(c1ncnc2c1ncn2[C@@H]1O[C@H](CO)[C@@H](O)[C@H]1O)C(O)CO,AdenosineOnly_gen3
Nc1ncnc2c1ncn2[C@@H]1O[C@H](CO)[C@@H](O)[C@H]1O,CC(O)OC(C)(O)[C@H]1O[C@@H](n2cnc3c(N)ncnc32)[C@H](O)[C@@H]1O,AdenosineOnly_gen3
Nc1ncnc2c1ncn2[C@@H]1O[C@H](CO)[C@@H](O)[C@H]1O,Cc1nc(N)c2ncn([C@@H]3O[C@H](CO)[C@@H](OC(O)CO)[C@H]3O)c2n1,AdenosineOnly_gen3
Nc1ncnc2c1ncn2[C@@H]1O[C@H](CO)[C@@H](O)[C@H]1O,COC(CO)OC[C@H]1O[C@@H](n2cnc3c(N)ncnc32)[C@H](O)[C@@H]1O,AdenosineOnly_gen3
Nc1ncnc2c1ncn2[C@@H]1O[C@H](CO)[C@@H](O)[C@H]1O,CC(O)(C#N)O[C@H]1[C@@H](O)[C@H](n2cnc3c(N)ncnc32)O[C@@H]1C(=O)O,AdenosineOnly_gen3
Nc1ncnc2c1ncn2[C@@H]1O[C@H](CO)[C@@H](O)[C@H]1O,CC(=O)OC(O)(C#N)[C@H]1O[C@@H](n2cnc3c(N)ncnc32)[C@H](O)[C@@H]1O,AdenosineOnly_gen3
Nc1ncnc2c1ncn2[C@@H]1O[C@H](CO)[C@@H](O)[C@H]1O,Cc1nc(N)c2ncn([C@@H]3O[C@H](COC(C)(O)C#N)[C@@H](O)[C@H]3O)c2n1,AdenosineOnly_gen3
Nc1ncnc2c1ncn2[C@@H]1O[C@H](CO)[C@@H](O)[C@H]1O,CC(O)(C#N)Nc1ncnc2c1ncn2[C@@H]1O[C@@](C)(CO)[C@@H](O)[C@H]1O,AdenosineOnly_gen3
Nc1ncnc2c1ncn2[C@@H]1O[C@H](CO)[C@@H](O)[C@H]1O,CC(O)(C#N)OC[C@]1(C)O[C@@H](n2cnc3c(N)ncnc32)[C@H](O)[C@@H]1O,AdenosineOnly_gen3
Nc1ncnc2c1ncn2[C@@H]1O[C@H](CO)[C@@H](O)[C@H]1O,CO[C@@H]1[C@H](OC(C)(O)C#N)[C@@H](CO)O[C@H]1n1cnc2c(N)ncnc21,AdenosineOnly_gen3
Nc1ncnc2c1ncn2[C@@H]1O[C@H](CO)[C@@H](O)[C@H]1O,Cc1nc2c(NC(C)(O)C#N)ncnc2n1[C@@H]1O[C@H](CO)[C@@H](O)[C@H]1O,AdenosineOnly_gen3
Nc1ncnc2c1ncn2[C@@H]1O[C@H](CO)[C@@H](O)[C@H]1O,CC(O)(C#N)OC[C@H]1O[C@@H](n2cnc3c(N)ncnc32)[C@H](O)[C@@]1(C)O,AdenosineOnly_gen3
Nc1ncnc2c1ncn2[C@@H]1O[C@H](CO)[C@@H](O)[C@H]1O,CN(c1ncnc2c1ncn2[C@@H]1O[C@H](CO)[C@@H](O)[C@H]1O)C(C)(O)C#N,AdenosineOnly_gen3
Nc1ncnc2c1ncn2[C@@H]1O[C@H](CO)[C@@H](O)[C@H]1O,CC(O)[C@H]1O[C@@H](n2cnc3c(N)ncnc32)[C@H](OC(C)(O)C#N)[C@@H]1O,AdenosineOnly_gen3
Nc1ncnc2c1ncn2[C@@H]1O[C@H](CO)[C@@H](O)[C@H]1O,CC(=O)Nc1ncnc2c1ncn2[C@@H]1O[C@@H]2CO[C@]1(O)[C@@H]2OC(C)O,AdenosineOnly_gen3
Nc1ncnc2c1ncn2[C@@H]1O[C@H](CO)[C@@H](O)[C@H]1O,CCC(=O)OC[C@H]1O[C@@H](n2cnc3c(NC=O)ncnc32)[C@H](O)[C@@H]1O,AdenosineOnly_gen3
Nc1ncnc2c1ncn2[C@@H]1O[C@H](CO)[C@@H](O)[C@H]1O,CC(=O)O[C@H]1[C@H]2O[C@]2(n2cnc3c(NC(C)O)ncnc32)O[C@@H]1CO,AdenosineOnly_gen3
Nc1ncnc2c1ncn2[C@@H]1O[C@H](CO)[C@@H](O)[C@H]1O,CC(=O)OC[C@H]1O[C@@H](n2cnc3c(NC(C)O)ncnc32)[C@]2(O)O[C@H]12,AdenosineOnly_gen3
Nc1ncnc2c1ncn2[C@@H]1O[C@H](CO)[C@@H](O)[C@H]1O,CC(=O)Nc1ncnc2c1nc1n2[C@@H]2O[C@H](CO1)[C@@H](OC(C)O)[C@H]2O,AdenosineOnly_gen3
Nc1ncnc2c1ncn2[C@@H]1O[C@H](CO)[C@@H](O)[C@H]1O,CC(=O)N(c1ncnc2c1ncn2[C@@H]1O[C@H](CO)[C@@]2(O)O[C@@H]12)C(C)O,AdenosineOnly_gen3
Nc1ncnc2c1ncn2[C@@H]1O[C@H](CO)[C@@H](O)[C@H]1O,CC(=O)O[C@H]1[C@H](n2cnc3c(N)ncnc32)O[C@@H]2CO[C@]21OC(C)O,AdenosineOnly_gen3
Nc1ncnc2c1ncn2[C@@H]1O[C@H](CO)[C@@H](O)[C@H]1O,CC(=O)O[C@H]1[C@@H](OC(C)O)[C@]2(n3cnc4c(N)ncnc43)OC[C@H]1O2,AdenosineOnly_gen3
Nc1ncnc2c1ncn2[C@@H]1O[C@H](CO)[C@@H](O)[C@H]1O,CC(=O)N(c1ncnc2c1ncn2[C@]12O[C@@H]([C@H]1O)[C@@H](CO)O2)C(C)O,AdenosineOnly_gen3
Nc1ncnc2c1ncn2[C@@H]1O[C@H](CO)[C@@H](O)[C@H]1O,CC(=O)Nc1ncnc2c1ncn2[C@@]12OC[C@@H](O1)[C@@H](OC(C)O)[C@H]2O,AdenosineOnly_gen3
Nc1ncnc2c1ncn2[C@@H]1O[C@H](CO)[C@@H](O)[C@H]1O,CC(=O)Nc1nc2nc3c1ncn3[C@@H]1O[C@H](CO)[C@@H](OC(C)O)[C@H]1O2,AdenosineOnly_gen3
Nc1ncnc2c1ncn2[C@@H]1O[C@H](CO)[C@@H](O)[C@H]1O,CC(=O)O[C@@H]1[C@H](O)[C@H]2CO[C@]1(n1cnc3c(NC(C)O)ncnc31)O2,AdenosineOnly_gen3
Nc1ncnc2c1ncn2[C@@H]1O[C@H](CO)[C@@H](O)[C@H]1O,CC(=O)O[C@@]12OC[C@H]1O[C@@H](n1cnc3c(NC(C)O)ncnc31)[C@@H]2O,AdenosineOnly_gen3
Nc1ncnc2c1ncn2[C@@H]1O[C@H](CO)[C@@H](O)[C@H]1O,CC(=O)O[C@@H]1[C@@H]2OC(O)[C@H]2O[C@H]1n1cnc2c(NC(C)O)ncnc21,AdenosineOnly_gen3
Nc1ncnc2c1ncn2[C@@H]1O[C@H](CO)[C@@H](O)[C@H]1O,CC(=O)OC[C@]1(C)O[C@@H](n2cnc3c(N)ncnc32)[C@H](O)[C@@H]1OC=O,AdenosineOnly_gen3
Nc1ncnc2c1ncn2[C@@H]1O[C@H](CO)[C@@H](O)[C@H]1O,CC(=O)Nc1nc2nc3c1ncn3[C@@H]1O[C@H](CO2)[C@@H](O)[C@H]1OC(C)O,AdenosineOnly_gen3
Nc1ncnc2c1ncn2[C@@H]1O[C@H](CO)[C@@H](O)[C@H]1O,CC(=O)OC(C)O[C@@H]1[C@H](O)[C@H]2COc3nc4c(N)ncnc4n3[C@@H]1O2,AdenosineOnly_gen3
Nc1ncnc2c1ncn2[C@@H]1O[C@H](CO)[C@@H](O)[C@H]1O,CC(=O)Nc1ncnc2c1ncn2[C@@H]1O[C@]2(CO)O[C@H]2[C@H]1OC(C)O,AdenosineOnly_gen3
Nc1ncnc2c1ncn2[C@@H]1O[C@H](CO)[C@@H](O)[C@H]1O,CC(=O)O[C@H]1[C@H](n2cnc3c(N)ncnc32)O[C@@]2(CO2)[C@H]1OC(C)O,AdenosineOnly_gen3
Nc1ncnc2c1ncn2[C@@H]1O[C@H](CO)[C@@H](O)[C@H]1O,CC(=O)OC[C@H]1O[C@@]2(n3cnc4c(N)ncnc43)O[C@H]1[C@H]2OC(C)O,AdenosineOnly_gen3
Nc1ncnc2c1ncn2[C@@H]1O[C@H](CO)[C@@H](O)[C@H]1O,CC(=O)Nc1ncnc2c1ncn2[C@@H]1O[C@]2(COC(C)O)O[C@@H]1[C@@H]2O,AdenosineOnly_gen3
Nc1ncnc2c1ncn2[C@@H]1O[C@H](CO)[C@@H](O)[C@H]1O,CC(=O)O[C@@]1(C)[C@H](O)[C@@H](CO)O[C@H]1n1cnc2c(NC=O)ncnc21,AdenosineOnly_gen3
Nc1ncnc2c1ncn2[C@@H]1O[C@H](CO)[C@@H](O)[C@H]1O,CC(=O)OC(C)O[C@H]1[C@H]2Oc3nc4c(N)ncnc4n3[C@@H]2O[C@@H]1CO,AdenosineOnly_gen3
Nc1ncnc2c1ncn2[C@@H]1O[C@H](CO)[C@@H](O)[C@H]1O,CC(=O)Nc1ncnc2c1ncn2[C@@H]1O[C@@]2(CO2)[C@@H](OC(C)O)[C@H]1O,AdenosineOnly_gen3
Nc1ncnc2c1ncn2[C@@H]1O[C@H](CO)[C@@H](O)[C@H]1O,CC(=O)OC[C@H]1O[C@](C)(n2cnc3c(NC=O)ncnc32)[C@H](O)[C@@H]1O,AdenosineOnly_gen3
Nc1ncnc2c1ncn2[C@@H]1O[C@H](CO)[C@@H](O)[C@H]1O,CC(=O)OC[C@H]1O[C@@H]2[C@H](O)[C@@H]1Oc1nc(NC(C)O)c3ncn2c3n1,AdenosineOnly_gen3
Nc1ncnc2c1ncn2[C@@H]1O[C@H](CO)[C@@H](O)[C@H]1O,CC(=O)Nc1ncnc2c1ncn2[C@]12O[C@@H]([C@H]1OC(C)O)[C@@H](CO)O2,AdenosineOnly_gen3
Nc1ncnc2c1ncn2[C@@H]1O[C@H](CO)[C@@H](O)[C@H]1O,CC(=O)Nc1ncnc2c1ncn2[C@@H]1O[C@H](CO)[C@H]2OCC(O)O[C@H]21,AdenosineOnly_gen3
Nc1ncnc2c1ncn2[C@@H]1O[C@H](CO)[C@@H](O)[C@H]1O,CC(=O)O[C@@H]1[C@H](O)[C@@H](CO)O[C@H]1n1c(C)nc2c(NC=O)ncnc21,AdenosineOnly_gen3
Nc1ncnc2c1ncn2[C@@H]1O[C@H](CO)[C@@H](O)[C@H]1O,CC(=O)Nc1ncnc2c1ncn2[C@]12O[C@@H]1[C@H](O)[C@@H](COC(C)O)O2,AdenosineOnly_gen3
Nc1ncnc2c1ncn2[C@@H]1O[C@H](CO)[C@@H](O)[C@H]1O,CC(=O)O[C@H]1[C@@H](OC=O)[C@@](C)(n2cnc3c(N)ncnc32)O[C@@H]1CO,AdenosineOnly_gen3
Nc1ncnc2c1ncn2[C@@H]1O[C@H](CO)[C@@H](O)[C@H]1O,CC(=O)OC(C)Nc1ncnc2c1ncn2[C@@H]1O[C@]2(CO)O[C@H]2[C@H]1O,AdenosineOnly_gen3
Nc1ncnc2c1ncn2[C@@H]1O[C@H](CO)[C@@H](O)[C@H]1O,CC(=O)OC1O[C@H]2[C@@H](OC(C)O)[C@H](n3cnc4c(N)ncnc43)O[C@H]12,AdenosineOnly_gen3
Nc1ncnc2c1ncn2[C@@H]1O[C@H](CO)[C@@H](O)[C@H]1O,CC(=O)OC(C)OC1O[C@@H]2[C@H](O)[C@@H]1O[C@H]2n1cnc2c(N)ncnc21,AdenosineOnly_gen3
Nc1ncnc2c1ncn2[C@@H]1O[C@H](CO)[C@@H](O)[C@H]1O,CC(=O)O[C@H]1[C@H](n2cnc3c(NC=O)ncnc32)O[C@H](CO)[C@]1(C)O,AdenosineOnly_gen3
Nc1ncnc2c1ncn2[C@@H]1O[C@H](CO)[C@@H](O)[C@H]1O,CC(=O)Nc1ncnc2c1ncn2[C@@H]1O[C@H](CO)[C@@]2(OC(C)O)O[C@@H]12,AdenosineOnly_gen3
Nc1ncnc2c1ncn2[C@@H]1O[C@H](CO)[C@@H](O)[C@H]1O,CC(=O)O[C@H]1[C@H]2O[C@@]1(CO)O[C@H]2n1cnc2c(NC(C)O)ncnc21,AdenosineOnly_gen3
Nc1ncnc2c1ncn2[C@@H]1O[C@H](CO)[C@@H](O)[C@H]1O,CC(=O)Nc1ncnc2c1ncn2[C@@H]1O[C@H](C(C)O)[C@@H](OC=O)[C@H]1O,AdenosineOnly_gen3
Nc1ncnc2c1ncn2[C@@H]1O[C@H](CO)[C@@H](O)[C@H]1O,CC(O)N1C(=O)COC[C@H]2O[C@H]([C@H](O)[C@@H]2O)n2cnc3c1ncnc32,AdenosineOnly_gen3
Nc1ncnc2c1ncn2[C@@H]1O[C@H](CO)[C@@H](O)[C@H]1O,CC(=O)O[C@H]1[C@@H](O)[C@H](n2cnc3c(N)nc(C)nc32)O[C@@H]1COC=O,AdenosineOnly_gen3
Nc1ncnc2c1ncn2[C@@H]1O[C@H](CO)[C@@H](O)[C@H]1O,CC(=O)OC[C@H]1O[C@@]2(n3cnc4c(NC(C)O)ncnc43)O[C@H]1[C@H]2O,AdenosineOnly_gen3
Nc1ncnc2c1ncn2[C@@H]1O[C@H](CO)[C@@H](O)[C@H]1O,CC(=O)O[C@@H]1[C@H](O)[C@@H](CO)O[C@H]1n1cnc2c(NC=O)nc(C)nc21,AdenosineOnly_gen3
Nc1ncnc2c1ncn2[C@@H]1O[C@H](CO)[C@@H](O)[C@H]1O,CC(=O)Nc1ncnc2c1ncn2[C@@]1(C)O[C@H](CO)[C@@H](OC=O)[C@H]1O,AdenosineOnly_gen3
Nc1ncnc2c1ncn2[C@@H]1O[C@H](CO)[C@@H](O)[C@H]1O,CC(=O)OC[C@]1(C)O[C@@H](n2cnc3c(NC=O)ncnc32)[C@H](O)[C@@H]1O,AdenosineOnly_gen3
Nc1ncnc2c1ncn2[C@@H]1O[C@H](CO)[C@@H](O)[C@H]1O,CC(=O)Nc1ncnc2c1ncn2[C@@H]1O[C@@](C)(CO)[C@@H](OC=O)[C@H]1O,AdenosineOnly_gen3
Nc1ncnc2c1ncn2[C@@H]1O[C@H](CO)[C@@H](O)[C@H]1O,CC(=O)N1c2ncnc3c2ncn3[C@@H]2O[C@H](CO)[C@@H](O)[C@H]2OCC1O,AdenosineOnly_gen3
Nc1ncnc2c1ncn2[C@@H]1O[C@H](CO)[C@@H](O)[C@H]1O,CC(=O)O[C@H]1[C@@H](O)[C@H]2O[C@@H]1COc1nc(NC(C)O)c3ncn2c3n1,AdenosineOnly_gen3
Nc1ncnc2c1ncn2[C@@H]1O[C@H](CO)[C@@H](O)[C@H]1O,CC(=O)Nc1ncnc2c1ncn2[C@@H]1O[C@H](CO)[C@](C)(OC=O)[C@H]1O,AdenosineOnly_gen3
Nc1ncnc2c1ncn2[C@@H]1O[C@H](CO)[C@@H](O)[C@H]1O,CC(=O)N(C=O)c1ncnc2c1ncn2[C@@H]1O[C@H](CO)[C@](C)(O)[C@H]1O,AdenosineOnly_gen3
Nc1ncnc2c1ncn2[C@@H]1O[C@H](CO)[C@@H](O)[C@H]1O,CC(=O)Nc1ncnc2c1nc(C)n2[C@@H]1O[C@H](COC=O)[C@@H](O)[C@H]1O,AdenosineOnly_gen3
Nc1ncnc2c1ncn2[C@@H]1O[C@H](CO)[C@@H](O)[C@H]1O,CC(=O)O[C@H]1[C@H]2O[C@]2(n2cnc3c(N)ncnc32)O[C@@H]1COC(C)O,AdenosineOnly_gen3
Nc1ncnc2c1ncn2[C@@H]1O[C@H](CO)[C@@H](O)[C@H]1O,CC(=O)O[C@H]1[C@H](n2cnc3c(N)ncnc32)O[C@@](C)(CO)[C@H]1OC=O,AdenosineOnly_gen3
Nc1ncnc2c1ncn2[C@@H]1O[C@H](CO)[C@@H](O)[C@H]1O,CC(=O)O[C@H]1[C@@H](O)[C@H](n2cnc3c(N)ncnc32)O[C@@H]1C(C)OC=O,AdenosineOnly_gen3
Nc1ncnc2c1ncn2[C@@H]1O[C@H](CO)[C@@H](O)[C@H]1O,CC(=O)Nc1ncnc2c1ncn2[C@@H]1O[C@@H]2C(O)O[C@@H]1[C@@H]2OC(C)O,AdenosineOnly_gen3
Nc1ncnc2c1ncn2[C@@H]1O[C@H](CO)[C@@H](O)[C@H]1O,CC(=O)O[C@@H]1[C@@H]2Oc3nc4c(N)ncnc4n3[C@@H]1O[C@@H]2COC(C)O,AdenosineOnly_gen3
Nc1ncnc2c1ncn2[C@@H]1O[C@H](CO)[C@@H](O)[C@H]1O,CC(=O)O[C@H]1[C@@H](OC=O)[C@H](n2c(C)nc3c(N)ncnc32)O[C@@H]1CO,AdenosineOnly_gen3
Nc1ncnc2c1ncn2[C@@H]1O[C@H](CO)[C@@H](O)[C@H]1O,CC(=O)OC[C@H]1O[C@@H](n2cnc3c(N)ncnc32)[C@@H]2OCC(O)O[C@@H]21,AdenosineOnly_gen3
Nc1ncnc2c1ncn2[C@@H]1O[C@H](CO)[C@@H](O)[C@H]1O,CC(=O)O[C@@H]1[C@H](O)[C@@H](C(C)O)O[C@H]1n1cnc2c(NC=O)ncnc21,AdenosineOnly_gen3
Nc1ncnc2c1ncn2[C@@H]1O[C@H](CO)[C@@H](O)[C@H]1O,CC(O)Nc1ncnc2c1ncn2[C@@H]1O[C@@H]2COC(=O)CO[C@@H]1[C@@H]2O,AdenosineOnly_gen3
Nc1ncnc2c1ncn2[C@@H]1O[C@H](CO)[C@@H](O)[C@H]1O,CC(=O)O[C@H]1[C@H]2OCC(O)Nc3ncnc4c3ncn4[C@@H]2O[C@@H]1CO,AdenosineOnly_gen3
Nc1ncnc2c1ncn2[C@@H]1O[C@H](CO)[C@@H](O)[C@H]1O,CC(=O)OC(C)Nc1ncnc2c1ncn2[C@@H]1O[C@@H]2C(O)O[C@H]2[C@H]1O,AdenosineOnly_gen3
Nc1ncnc2c1ncn2[C@@H]1O[C@H](CO)[C@@H](O)[C@H]1O,CC(=O)OC(C)O[C@H]1[C@H]2O[C@@]1(CO)O[C@H]2n1cnc2c(N)ncnc21,AdenosineOnly_gen3
Nc1ncnc2c1ncn2[C@@H]1O[C@H](CO)[C@@H](O)[C@H]1O,CC(=O)N(c1ncnc2c1ncn2[C@@H]1O[C@@]2(CO2)[C@@H](O)[C@H]1O)C(C)O,AdenosineOnly_gen3
Nc1ncnc2c1ncn2[C@@H]1O[C@H](CO)[C@@H](O)[C@H]1O,CC(=O)OC[C@]12O[C@@H](n3cnc4c(N)ncnc43)[C@H](OC(C)O)[C@@H]1O2,AdenosineOnly_gen3
Nc1ncnc2c1ncn2[C@@H]1O[C@H](CO)[C@@H](O)[C@H]1O,CC(=O)Nc1ncnc2c1ncn2[C@@H]1O[C@H](CO)[C@@H](OC=O)[C@]1(C)O,AdenosineOnly_gen3
Nc1ncnc2c1ncn2[C@@H]1O[C@H](CO)[C@@H](O)[C@H]1O,CCC(=O)OC[C@H]1O[C@@H](n2cnc3c(N)ncnc32)[C@H](OC=O)[C@@H]1O,AdenosineOnly_gen3
Nc1ncnc2c1ncn2[C@@H]1O[C@H](CO)[C@@H](O)[C@H]1O,CC(=O)Nc1ncnc2c1nc1n2[C@@H]2O[C@H](COC(C)O)[C@@H](O1)[C@H]2O,AdenosineOnly_gen3
Nc1ncnc2c1ncn2[C@@H]1O[C@H](CO)[C@@H](O)[C@H]1O,CC(=O)OC1COC[C@H]2O[C@@H](n3cnc4c(N)ncnc43)[C@H](O)[C@@H]2O1,AdenosineOnly_gen3
Nc1ncnc2c1ncn2[C@@H]1O[C@H](CO)[C@@H](O)[C@H]1O,CC(=O)O[C@H]1[C@@H](O)[C@H]2O[C@@H]1COCC(O)Nc1ncnc3c1ncn32,AdenosineOnly_gen3
Nc1ncnc2c1ncn2[C@@H]1O[C@H](CO)[C@@H](O)[C@H]1O,CC(=O)Nc1ncnc2c1ncn2[C@@H]1O[C@@H]2COCC(O)O[C@@H]1[C@@H]2O,AdenosineOnly_gen3
Nc1ncnc2c1ncn2[C@@H]1O[C@H](CO)[C@@H](O)[C@H]1O,CC(=O)O[C@]12O[C@H]1[C@H](n1cnc3c(N)ncnc31)O[C@@H]2COC(C)O,AdenosineOnly_gen3
Nc1ncnc2c1ncn2[C@@H]1O[C@H](CO)[C@@H](O)[C@H]1O,CC(=O)OC(C)O[C@@H]1[C@H](O)[C@H]2CO[C@]1(n1cnc3c(N)ncnc31)O2,AdenosineOnly_gen3
Nc1ncnc2c1ncn2[C@@H]1O[C@H](CO)[C@@H](O)[C@H]1O,CC(=O)OC(C)Nc1ncnc2c1ncn2[C@@H]1O[C@@H]2CO[C@@]2(O)[C@H]1O,AdenosineOnly_gen3
Nc1ncnc2c1ncn2[C@@H]1O[C@H](CO)[C@@H](O)[C@H]1O,CC(O)OC[C@H]1O[C@@H]2[C@H](O)[C@@H]1OCC(=O)Nc1ncnc3c1ncn32,AdenosineOnly_gen3
Nc1ncnc2c1ncn2[C@@H]1O[C@H](CO)[C@@H](O)[C@H]1O,CC(=O)O[C@@H]1[C@@H]2Oc3nc(N)c4ncn(c4n3)[C@@H]1O[C@@H]2COC(C)O,AdenosineOnly_gen3
Nc1ncnc2c1ncn2[C@@H]1O[C@H](CO)[C@@H](O)[C@H]1O,CC(O)O[C@H]1[C@H]2OC(=O)COC[C@H]1O[C@H]2n1cnc2c(N)ncnc21,AdenosineOnly_gen3
Nc1ncnc2c1ncn2[C@@H]1O[C@H](CO)[C@@H](O)[C@H]1O,CC(=O)Nc1nc(C)nc2c1ncn2[C@@H]1O[C@H](CO)[C@@H](OC=O)[C@H]1O,AdenosineOnly_gen3
Nc1ncnc2c1ncn2[C@@H]1O[C@H](CO)[C@@H](O)[C@H]1O,CC(=O)OC(C)O[C@H]1[C@@H](O)[C@H](n2cnc3c(N)ncnc32)O[C@@]12CO2,AdenosineOnly_gen3
Nc1ncnc2c1ncn2[C@@H]1O[C@H](CO)[C@@H](O)[C@H]1O,CC(O)O[C@@H]1[C@H](O)[C@H]2COCC(=O)Nc3ncnc4c3ncn4[C@@H]1O2,AdenosineOnly_gen3
Nc1ncnc2c1ncn2[C@@H]1O[C@H](CO)[C@@H](O)[C@H]1O,CCC(=O)N(C=O)c1ncnc2c1ncn2[C@@H]1O[C@H](CO)[C@@H](O)[C@H]1O,AdenosineOnly_gen3
Nc1ncnc2c1ncn2[C@@H]1O[C@H](CO)[C@@H](O)[C@H]1O,CC(=O)OC(C)O[C@@]12O[C@@H]1[C@@H](CO)O[C@H]2n1cnc2c(N)ncnc21,AdenosineOnly_gen3
Nc1ncnc2c1ncn2[C@@H]1O[C@H](CO)[C@@H](O)[C@H]1O,CC(=O)OC(C)Nc1ncnc2c1nc1n2[C@@H]2O[C@H](CO1)[C@@H](O)[C@H]2O,AdenosineOnly_gen3
Nc1ncnc2c1ncn2[C@@H]1O[C@H](CO)[C@@H](O)[C@H]1O,CC(=O)OC(C)Nc1ncnc2c1nc1n2[C@@H]2O[C@H](CO)[C@@H](O1)[C@H]2O,AdenosineOnly_gen3
Nc1ncnc2c1ncn2[C@@H]1O[C@H](CO)[C@@H](O)[C@H]1O,CC(=O)N(C=O)c1nc(C)nc2c1ncn2[C@@H]1O[C@H](CO)[C@@H](O)[C@H]1O,AdenosineOnly_gen3
Nc1ncnc2c1ncn2[C@@H]1O[C@H](CO)[C@@H](O)[C@H]1O,CC(=O)OC(C)O[C@]12OC[C@@H](O[C@H]1n1cnc3c(N)ncnc31)[C@H]2O,AdenosineOnly_gen3
Nc1ncnc2c1ncn2[C@@H]1O[C@H](CO)[C@@H](O)[C@H]1O,CC(=O)Nc1ncnc2c1nc1n2[C@@H]2O[C@H](CO)[C@@H](O1)[C@H]2OC(C)O,AdenosineOnly_gen3
Nc1ncnc2c1ncn2[C@@H]1O[C@H](CO)[C@@H](O)[C@H]1O,CCC(=O)OC[C@H]1O[C@@H](n2cnc3c(N)ncnc32)[C@](O)(CC)[C@@H]1O,AdenosineOnly_gen3
Nc1ncnc2c1ncn2[C@@H]1O[C@H](CO)[C@@H](O)[C@H]1O,CCC(=O)O[C@@H]1[C@H](O)[C@@H](CO)O[C@H]1n1c(CC)nc2c(N)ncnc21,AdenosineOnly_gen3
Nc1ncnc2c1ncn2[C@@H]1O[C@H](CO)[C@@H](O)[C@H]1O,CCC(=O)OC[C@]1(CC)O[C@@H](n2cnc3c(N)ncnc32)[C@H](O)[C@@H]1O,AdenosineOnly_gen3
Nc1ncnc2c1ncn2[C@@H]1O[C@H](CO)[C@@H](O)[C@H]1O,CCC(=O)O[C@H]1[C@@H](O)[C@@](CC)(n2cnc3c(N)ncnc32)O[C@@H]1CO,AdenosineOnly_gen3
Nc1ncnc2c1ncn2[C@@H]1O[C@H](CO)[C@@H](O)[C@H]1O,CCC(=O)O[C@H]1[C@H](n2cnc3c(N)ncnc32)O[C@H](CO)[C@@]1(O)CC,AdenosineOnly_gen3
Nc1ncnc2c1ncn2[C@@H]1O[C@H](CO)[C@@H](O)[C@H]1O,CCC(=O)Nc1ncnc2c1ncn2[C@@H]1O[C@@](CC)(CO)[C@@H](O)[C@H]1O,AdenosineOnly_gen3
Nc1ncnc2c1ncn2[C@@H]1O[C@H](CO)[C@@H](O)[C@H]1O,CCC(=O)Nc1ncnc2c1ncn2[C@@]1(CC)O[C@H](CO)[C@@H](O)[C@H]1O,AdenosineOnly_gen3
Nc1ncnc2c1ncn2[C@@H]1O[C@H](CO)[C@@H](O)[C@H]1O,CCC(=O)OC[C@H]1O[C@@H](n2cnc3c(N)nc(CC)nc32)[C@H](O)[C@@H]1O,AdenosineOnly_gen3
Nc1ncnc2c1ncn2[C@@H]1O[C@H](CO)[C@@H](O)[C@H]1O,CCC(=O)Nc1nc(CC)nc2c1ncn2[C@@H]1O[C@H](CO)[C@@H](O)[C@H]1O,AdenosineOnly_gen3
Nc1ncnc2c1ncn2[C@@H]1O[C@H](CO)[C@@H](O)[C@H]1O,CCCCC(=O)OC[C@H]1O[C@@H](n2cnc3c(N)ncnc32)[C@H](O)[C@@H]1O,AdenosineOnly_gen3
Nc1ncnc2c1ncn2[C@@H]1O[C@H](CO)[C@@H](O)[C@H]1O,CCC(=O)O[C@@]1(CC)[C@H](O)[C@@H](CO)O[C@H]1n1cnc2c(N)ncnc21,AdenosineOnly_gen3
Nc1ncnc2c1ncn2[C@@H]1O[C@H](CO)[C@@H](O)[C@H]1O,CCC(=O)Nc1ncnc2c1ncn2[C@@H]1O[C@H](CO)[C@@H](O)[C@@]1(O)CC,AdenosineOnly_gen3
Nc1ncnc2c1ncn2[C@@H]1O[C@H](CO)[C@@H](O)[C@H]1O,CCC(C)C(=O)Nc1ncnc2c1ncn2[C@@H]1O[C@H](CO)[C@@H](O)[C@H]1O,AdenosineOnly_gen3
Nc1ncnc2c1ncn2[C@@H]1O[C@H](CO)[C@@H](O)[C@H]1O,CC(O)N(C(N)=O)c1ncnc2c1ncn2[C@@H]1O[C@@H]2C(O)O[C@@H]1[C@@H]2O,AdenosineOnly_gen3
Nc1ncnc2c1ncn2[C@@H]1O[C@H](CO)[C@@H](O)[C@H]1O,CC(=O)N(c1ncnc2c1ncn2[C@@H]1O[C@]2(CO)O[C@H]2[C@H]1O)C(N)O,AdenosineOnly_gen3
Nc1ncnc2c1ncn2[C@@H]1O[C@H](CO)[C@@H](O)[C@H]1O,CC(=O)N(c1nc2nc3c1ncn3[C@@H]1O[C@H](CO2)[C@@H](O)[C@H]1O)C(N)O,AdenosineOnly_gen3
Nc1ncnc2c1ncn2[C@@H]1O[C@H](CO)[C@@H](O)[C@H]1O,NC(=O)N1c2ncnc3c2ncn3[C@@H]2O[C@H](COCC1O)[C@@H](O)[C@H]2O,AdenosineOnly_gen3
Nc1ncnc2c1ncn2[C@@H]1O[C@H](CO)[C@@H](O)[C@H]1O,CC(O)N(C(N)=O)c1nc2nc3c1ncn3[C@@H]1O[C@H](CO)[C@@H](O2)[C@H]1O,AdenosineOnly_gen3
Nc1ncnc2c1ncn2[C@@H]1O[C@H](CO)[C@@H](O)[C@H]1O,CC(O)N(C(N)=O)c1ncnc2c1ncn2[C@@]12OC[C@@H](O1)[C@@H](O)[C@H]2O,AdenosineOnly_gen3
Nc1ncnc2c1ncn2[C@@H]1O[C@H](CO)[C@@H](O)[C@H]1O,CC(O)N(C(N)=O)c1ncnc2c1ncn2[C@@H]1O[C@@H]2CO[C@@]2(O)[C@H]1O,AdenosineOnly_gen3
Nc1ncnc2c1ncn2[C@@H]1O[C@H](CO)[C@@H](O)[C@H]1O,NC(O)N1C(=O)CO[C@H]2[C@@H](O)[C@@H](O[C@@H]2CO)n2cnc3c1ncnc32,AdenosineOnly_gen3
Nc1ncnc2c1ncn2[C@@H]1O[C@H](CO)[C@@H](O)[C@H]1O,CC(O)N(C(N)=O)c1ncnc2c1ncn2[C@@H]1O[C@]2(CO)O[C@@H]1[C@@H]2O,AdenosineOnly_gen3
Nc1ncnc2c1ncn2[C@@H]1O[C@H](CO)[C@@H](O)[C@H]1O,CC(=O)N(c1ncnc2c1nc1n2[C@@H]2O[C@H](CO)[C@@H](O1)[C@H]2O)C(N)O,AdenosineOnly_gen3
Nc1ncnc2c1ncn2[C@@H]1O[C@H](CO)[C@@H](O)[C@H]1O,Cc1nc2c(N(C=O)C(N)=O)ncnc2n1[C@@H]1O[C@H](CO)[C@@H](O)[C@H]1O,AdenosineOnly_gen3
Nc1ncnc2c1ncn2[C@@H]1O[C@H](CO)[C@@H](O)[C@H]1O,CC(=O)N(c1ncnc2c1ncn2[C@@H]1O[C@@H]2CO[C@]1(O)[C@@H]2O)C(N)O,AdenosineOnly_gen3
Nc1ncnc2c1ncn2[C@@H]1O[C@H](CO)[C@@H](O)[C@H]1O,CC(=O)N(c1ncnc2c1ncn2[C@@H]1O[C@@H]2C(O)O[C@H]2[C@H]1O)C(N)O,AdenosineOnly_gen3
Nc1ncnc2c1ncn2[C@@H]1O[C@H](CO)[C@@H](O)[C@H]1O,CC(=O)O[C@@H]1[C@H](O)[C@@H](CO)O[C@H]1n1cnc2c(NC(C)N)ncnc21,AdenosineOnly_gen3
Nc1ncnc2c1ncn2[C@@H]1O[C@H](CO)[C@@H](O)[C@H]1O,CC(=O)O[C@@H]1[C@H](OC(C)N)[C@@H](CO)O[C@H]1n1cnc2c(N)ncnc21,AdenosineOnly_gen3
Nc1ncnc2c1ncn2[C@@H]1O[C@H](CO)[C@@H](O)[C@H]1O,CC(=O)Nc1ncnc2c1ncn2[C@@H]1O[C@H](CO)[C@@H](OC(C)N)[C@H]1O,AdenosineOnly_gen3
Nc1ncnc2c1ncn2[C@@H]1O[C@H](CO)[C@@H](O)[C@H]1O,CC(=O)OC[C@H]1O[C@@H](n2cnc3c(N)ncnc32)[C@H](O)[C@@H]1OC(C)N,AdenosineOnly_gen3
Nc1ncnc2c1ncn2[C@@H]1O[C@H](CO)[C@@H](O)[C@H]1O,CC(=O)NC(C)Nc1ncnc2c1ncn2[C@@H]1O[C@H](CO)[C@@H](O)[C@H]1O,AdenosineOnly_gen3
Nc1ncnc2c1ncn2[C@@H]1O[C@H](CO)[C@@H](O)[C@H]1O,CC(=O)NC(C)OC[C@H]1O[C@@H](n2cnc3c(N)ncnc32)[C@H](O)[C@@H]1O,AdenosineOnly_gen3
Nc1ncnc2c1ncn2[C@@H]1O[C@H](CO)[C@@H](O)[C@H]1O,CC(O)OC(C)O[C@H]1[C@H](n2cnc3c(N)ncnc32)O[C@@H]2CO[C@]21O,AdenosineOnly_gen3
Nc1ncnc2c1ncn2[C@@H]1O[C@H](CO)[C@@H](O)[C@H]1O,CC(O)OC(C)Nc1ncnc2c1ncn2[C@@H]1O[C@@H]2CO[C@]1(O)[C@@H]2O,AdenosineOnly_gen3
Nc1ncnc2c1ncn2[C@@H]1O[C@H](CO)[C@@H](O)[C@H]1O,CC(O)OC(C)Nc1ncnc2c1ncn2[C@]12O[C@@H]1[C@H](O)[C@@H](CO)O2,AdenosineOnly_gen3
Nc1ncnc2c1ncn2[C@@H]1O[C@H](CO)[C@@H](O)[C@H]1O,CC(O)OC(C)O[C@@H]1[C@@H]2Oc3nc4c(N)ncnc4n3[C@@H]1O[C@@H]2CO,AdenosineOnly_gen3
Nc1ncnc2c1ncn2[C@@H]1O[C@H](CO)[C@@H](O)[C@H]1O,CC(O)OC(C)Nc1ncnc2c1ncn2[C@@]12OC[C@@H](O1)[C@@H](O)[C@H]2O,AdenosineOnly_gen3
Nc1ncnc2c1ncn2[C@@H]1O[C@H](CO)[C@@H](O)[C@H]1O,CC(O)OC(C)Nc1ncnc2c1ncn2[C@@H]1O[C@H](CO)[C@H]2O[C@]21O,AdenosineOnly_gen3
Nc1ncnc2c1ncn2[C@@H]1O[C@H](CO)[C@@H](O)[C@H]1O,CC(O)OC(C)OC[C@H]1O[C@@H]2[C@H](O)[C@@H]1Oc1nc(N)c3ncn2c3n1,AdenosineOnly_gen3
Nc1ncnc2c1ncn2[C@@H]1O[C@H](CO)[C@@H](O)[C@H]1O,CC(O)OC(C)OC[C@H]1O[C@@]2(n3cnc4c(N)ncnc43)O[C@@H]2[C@@H]1O,AdenosineOnly_gen3
Nc1ncnc2c1ncn2[C@@H]1O[C@H](CO)[C@@H](O)[C@H]1O,CC(O)OC(C)Nc1ncnc2c1nc1n2[C@@H]2O[C@H](CO)[C@@H](O)[C@H]2O1,AdenosineOnly_gen3
Nc1ncnc2c1ncn2[C@@H]1O[C@H](CO)[C@@H](O)[C@H]1O,CC(O)OC(C)Nc1nc2nc3c1ncn3[C@@H]1O[C@H](CO)[C@@H](O2)[C@H]1O,AdenosineOnly_gen3
Nc1ncnc2c1ncn2[C@@H]1O[C@H](CO)[C@@H](O)[C@H]1O,CC(O)OC(C)O[C@H]1[C@H](n2cnc3c(N)ncnc32)O[C@@]2(CO2)[C@H]1O,AdenosineOnly_gen3
Nc1ncnc2c1ncn2[C@@H]1O[C@H](CO)[C@@H](O)[C@H]1O,CC(O)OC(C)O[C@H]1[C@@H](O)[C@]2(n3cnc4c(N)ncnc43)OC[C@H]1O2,AdenosineOnly_gen3
Nc1ncnc2c1ncn2[C@@H]1O[C@H](CO)[C@@H](O)[C@H]1O,CC(O)OC(C)OC[C@]12O[C@@H]([C@H](n3cnc4c(N)ncnc43)O1)[C@@H]2O,AdenosineOnly_gen3
Nc1ncnc2c1ncn2[C@@H]1O[C@H](CO)[C@@H](O)[C@H]1O,CC(N)N(C(N)=O)c1ncnc2c1ncn2[C@@H]1O[C@H](CO)[C@@H](O)[C@H]1O,AdenosineOnly_gen3
Nc1ncnc2c1ncn2[C@@H]1O[C@H](CO)[C@@H](O)[C@H]1O,CC(N)NC(C)O[C@@H]1[C@H](O)[C@@H](CO)O[C@H]1n1cnc2c(N)ncnc21,AdenosineOnly_gen3
Nc1ncnc2c1ncn2[C@@H]1O[C@H](CO)[C@@H](O)[C@H]1O,CC(O)(C=NO)O[C@@H]1[C@H](O)[C@@H](CO)O[C@H]1n1cnc2c(N)ncnc21,AdenosineOnly_gen3
Nc1ncnc2c1ncn2[C@@H]1O[C@H](CO)[C@@H](O)[C@H]1O,CC(O)(O[C@H]1[C@@H](O)[C@H](n2cnc3c(N)ncnc32)O[C@@H]1CO)C(N)=O,AdenosineOnly_gen3
Nc1ncnc2c1ncn2[C@@H]1O[C@H](CO)[C@@H](O)[C@H]1O,CC(N)(Nc1ncnc2c1ncn2[C@@H]1O[C@H](CO)[C@@H](O)[C@H]1O)C(=O)O,AdenosineOnly_gen3
Nc1ncnc2c1ncn2[C@@H]1O[C@H](CO)[C@@H](O)[C@H]1O,Nc1ncnc2c1ncn2[C@@H]1O[C@H](CO)[C@@H](OC(N)CC(=O)O)[C@H]1O,AdenosineOnly_gen3
Nc1ncnc2c1ncn2[C@@H]1O[C@H](CO)[C@@H](O)[C@H]1O,CC(O)(C=NO)Nc1ncnc2c1ncn2[C@@H]1O[C@H](CO)[C@@H](O)[C@H]1O,AdenosineOnly_gen3
Nc1ncnc2c1ncn2[C@@H]1O[C@H](CO)[C@@H](O)[C@H]1O,NC(CC(=O)O)Nc1ncnc2c1ncn2[C@@H]1O[C@H](CO)[C@@H](O)[C@H]1O,AdenosineOnly_gen3
Nc1ncnc2c1ncn2[C@@H]1O[C@H](CO)[C@@H](O)[C@H]1O,CC(O)OC(C)O[C@H]1[C@@H](O)[C@H](n2cnc3c(N)ncnc32)O[C@@H]1CO,AdenosineOnly_gen3
Nc1ncnc2c1ncn2[C@@H]1O[C@H](CO)[C@@H](O)[C@H]1O,CC(O)(C#N)O[C@H]1[C@@H](O)[C@H](n2cnc3c(N)ncnc32)O[C@@]1(C#N)CO,AdenosineOnly_gen3
Nc1ncnc2c1ncn2[C@@H]1O[C@H](CO)[C@@H](O)[C@H]1O,CC(O)(C#N)O[C@@H]1[C@@H](CO)O[C@@H](n2cnc3c(N)ncnc32)[C@]1(O)C#N,AdenosineOnly_gen3
Nc1ncnc2c1ncn2[C@@H]1O[C@H](CO)[C@@H](O)[C@H]1O,CC(O)(C#N)O[C@H]1[C@@H](O)[C@H](n2cnc3c(N)nc(C#N)nc32)O[C@@H]1CO,AdenosineOnly_gen3
Nc1ncnc2c1ncn2[C@@H]1O[C@H](CO)[C@@H](O)[C@H]1O,CC(O)(C#N)O[C@@H]1[C@H](O)[C@@H](CO)O[C@H]1n1c(C#N)nc2c(N)ncnc21,AdenosineOnly_gen3
Nc1ncnc2c1ncn2[C@@H]1O[C@H](CO)[C@@H](O)[C@H]1O,CC(O)(C#N)O[C@@]1(C#N)[C@@H](CO)O[C@@H](n2cnc3c(N)ncnc32)[C@@H]1O,AdenosineOnly_gen3
Nc1ncnc2c1ncn2[C@@H]1O[C@H](CO)[C@@H](O)[C@H]1O,CC(O)(C#N)Nc1nc(C#N)nc2c1ncn2[C@@H]1O[C@H](CO)[C@@H](O)[C@H]1O,AdenosineOnly_gen3
Nc1ncnc2c1ncn2[C@@H]1O[C@H](CO)[C@@H](O)[C@H]1O,CC(O)(C#N)Nc1ncnc2c1ncn2[C@@H]1O[C@H](CO)[C@@](O)(C#N)[C@H]1O,AdenosineOnly_gen3
Nc1ncnc2c1ncn2[C@@H]1O[C@H](CO)[C@@H](O)[C@H]1O,CC(O)(C#N)OC[C@H]1O[C@](C#N)(n2cnc3c(N)ncnc32)[C@H](O)[C@@H]1O,AdenosineOnly_gen3
Nc1ncnc2c1ncn2[C@@H]1O[C@H](CO)[C@@H](O)[C@H]1O,N#CCC(O)(C#N)Nc1ncnc2c1ncn2[C@@H]1O[C@H](CO)[C@@H](O)[C@H]1O,AdenosineOnly_gen3
Nc1ncnc2c1ncn2[C@@H]1O[C@H](CO)[C@@H](O)[C@H]1O,N#CCC(O)(C#N)O[C@H]1[C@@H](O)[C@H](n2cnc3c(N)ncnc32)O[C@@H]1CO,AdenosineOnly_gen3
Nc1ncnc2c1ncn2[C@@H]1O[C@H](CO)[C@@H](O)[C@H]1O,CC(O)(C#N)Nc1ncnc2c1ncn2[C@@]1(C#N)O[C@H](CO)[C@@H](O)[C@H]1O,AdenosineOnly_gen3
Nc1ncnc2c1ncn2[C@@H]1O[C@H](CO)[C@@H](O)[C@H]1O,CC(O)(C#N)Nc1ncnc2c1ncn2[C@@H]1O[C@H](C(O)C#N)[C@@H](O)[C@H]1O,AdenosineOnly_gen3
Nc1ncnc2c1ncn2[C@@H]1O[C@H](CO)[C@@H](O)[C@H]1O,CC(O)(C#N)OC(C#N)[C@H]1O[C@@H](n2cnc3c(N)ncnc32)[C@H](O)[C@@H]1O,AdenosineOnly_gen3
Nc1ncnc2c1ncn2[C@@H]1O[C@H](CO)[C@@H](O)[C@H]1O,CC(=O)Nc1nc(C)nc2c1ncn2[C@@H]1O[C@H](COC(C)=O)[C@@H](O)[C@H]1O,AdenosineOnly_gen3
Nc1ncnc2c1ncn2[C@@H]1O[C@H](CO)[C@@H](O)[C@H]1O,CC(=O)OC[C@H]1O[C@@H](n2cnc3c(N(C)C(C)=O)ncnc32)[C@H](O)[C@@H]1O,AdenosineOnly_gen3
Nc1ncnc2c1ncn2[C@@H]1O[C@H](CO)[C@@H](O)[C@H]1O,CC(=O)Nc1ncnc2c1ncn2[C@@H]1O[C@H](C(C)OC(C)=O)[C@@H](O)[C@H]1O,AdenosineOnly_gen3
Nc1ncnc2c1ncn2[C@@H]1O[C@H](CO)[C@@H](O)[C@H]1O,CC(=O)N(C(C)=O)c1ncnc2c1ncn2[C@@H]1O[C@H](CO)[C@@H](O)[C@]1(C)O,AdenosineOnly_gen3
Nc1ncnc2c1ncn2[C@@H]1O[C@H](CO)[C@@H](O)[C@H]1O,CC(=O)N(C(C)=O)c1ncnc2c1ncn2[C@@H]1O[C@H](C(C)O)[C@@H](O)[C@H]1O,AdenosineOnly_gen3
Nc1ncnc2c1ncn2[C@@H]1O[C@H](CO)[C@@H](O)[C@H]1O,CC(=O)Nc1ncnc2c1ncn2[C@@H]1O[C@H](COC(C)=O)[C@](C)(O)[C@H]1O,AdenosineOnly_gen3
Nc1ncnc2c1ncn2[C@@H]1O[C@H](CO)[C@@H](O)[C@H]1O,COC[C@H]1O[C@@H](n2cnc3c(NC(C)=O)ncnc32)[C@H](O)[C@@H]1OC(C)=O,AdenosineOnly_gen3
Nc1ncnc2c1ncn2[C@@H]1O[C@H](CO)[C@@H](O)[C@H]1O,CC(=O)Nc1ncnc2c1ncn2[C@@H]1O[C@@](C)(CO)[C@@H](O)[C@H]1OC(C)=O,AdenosineOnly_gen3
Nc1ncnc2c1ncn2[C@@H]1O[C@H](CO)[C@@H](O)[C@H]1O,CCC(=O)O[C@@H]1[C@H](O)[C@@H](CO)O[C@H]1n1cnc2c(NC(C)=O)ncnc21,AdenosineOnly_gen3
Nc1ncnc2c1ncn2[C@@H]1O[C@H](CO)[C@@H](O)[C@H]1O,CNC(=O)N(C(C)=O)c1ncnc2c1ncn2[C@@H]1O[C@H](CO)[C@@H](O)[C@H]1O,AdenosineOnly_gen3
Nc1ncnc2c1ncn2[C@@H]1O[C@H](CO)[C@@H](O)[C@H]1O,CC(=O)N(C(N)=O)c1ncnc2c1ncn2[C@@]1(C)O[C@H](CO)[C@@H](O)[C@H]1O,AdenosineOnly_gen3
Nc1ncnc2c1ncn2[C@@H]1O[C@H](CO)[C@@H](O)[C@H]1O,COC[C@H]1O[C@@H](n2cnc3c(N(C(C)=O)C(N)=O)ncnc32)[C@H](O)[C@@H]1O,AdenosineOnly_gen3
Nc1ncnc2c1ncn2[C@@H]1O[C@H](CO)[C@@H](O)[C@H]1O,CC(=O)OC[C@H]1O[C@@H](n2cnc3c(N)ncnc32)[C@H](OC(C)(O)C#N)[C@@H]1O,AdenosineOnly_gen3
Nc1ncnc2c1ncn2[C@@H]1O[C@H](CO)[C@@H](O)[C@H]1O,CC(=O)O[C@H]1[C@@H](O)[C@H](n2cnc3c(NC(C)(O)C#N)ncnc32)O[C@@H]1CO,AdenosineOnly_gen3
Nc1ncnc2c1ncn2[C@@H]1O[C@H](CO)[C@@H](O)[C@H]1O,CC(=O)Nc1ncnc2c1ncn2[C@@H]1O[C@H](COC(C)(O)C#N)[C@@H](O)[C@H]1O,AdenosineOnly_gen3
Nc1ncnc2c1ncn2[C@@H]1O[C@H](CO)[C@@H](O)[C@H]1O,CC(=O)OC(C)(C#N)OC[C@H]1O[C@@H](n2cnc3c(N)ncnc32)[C@H](O)[C@@H]1O,AdenosineOnly_gen3
Nc1nc2c(ncn2[C@@H]2O[C@H](CO)[C@@H](O)[C@H]2O)c(=O)[nH]1,Nc1nc2c(ncn2[C@@H]2O[C@H](CO)[C@H]3O[C@]32O)c(=O)[nH]1,GuanosineOnly_gen3
Nc1nc2c(ncn2[C@@H]2O[C@H](CO)[C@@H](O)[C@H]2O)c(=O)[nH]1,O=c1[nH]c2nc3c1ncn3[C@@H]1O[C@H](CO)[C@@H](OC=N2)[C@H]1O,GuanosineOnly_gen3
Nc1nc2c(ncn2[C@@H]2O[C@H](CO)[C@@H](O)[C@H]2O)c(=O)[nH]1,O=c1[nH]c2nc3c1ncn3[C@@H]1O[C@H](COC=N2)[C@@H](O)[C@H]1O,GuanosineOnly_gen3
Nc1nc2c(ncn2[C@@H]2O[C@H](CO)[C@@H](O)[C@H]2O)c(=O)[nH]1,C[n+]1cn2c3nc([nH]c(=O)c31)N=C(O)[C@H]1O[C@@H]2[C@H](O)[C@@H]1O,GuanosineOnly_gen3
Nc1nc2c(ncn2[C@@H]2O[C@H](CO)[C@@H](O)[C@H]2O)c(=O)[nH]1,Nc1nc2c(nc3n2[C@@H]2O[C@H](C(=O)O)[C@@H](O3)[C@H]2O)c(=O)[nH]1,GuanosineOnly_gen3
Nc1nc2c(ncn2[C@@H]2O[C@H](CO)[C@@H](O)[C@H]2O)c(=O)[nH]1,Nc1nc2c(ncn2[C@@]23OC(=O)[C@@H](O2)[C@@H](O)[C@H]3O)c(=O)[nH]1,GuanosineOnly_gen3
Nc1nc2c(ncn2[C@@H]2O[C@H](CO)[C@@H](O)[C@H]2O)c(=O)[nH]1,Nc1nc2c(ncn2[C@@]23O[C@H](C(=O)O)[C@@H](O)[C@H]2O3)c(=O)[nH]1,GuanosineOnly_gen3
Nc1nc2c(ncn2[C@@H]2O[C@H](CO)[C@@H](O)[C@H]2O)c(=O)[nH]1,Nc1nc2c(ncn2[C@@H]2O[C@]3(C(O)O)O[C@@H]2[C@@H]3O)c(=O)[nH]1,GuanosineOnly_gen3
Nc1nc2c(ncn2[C@@H]2O[C@H](CO)[C@@H](O)[C@H]2O)c(=O)[nH]1,Nc1nc2c(ncn2[C@@H]2O[C@@H]3C(O)O[C@]2(O)[C@@H]3O)c(=O)[nH]1,GuanosineOnly_gen3
Nc1nc2c(ncn2[C@@H]2O[C@H](CO)[C@@H](O)[C@H]2O)c(=O)[nH]1,Cn1c(N)nc2c(ncn2[C@@H]2O[C@H](CO)[C@@H](O)[C@H]2O)c1=O,GuanosineOnly_gen3
Nc1nc2c(ncn2[C@@H]2O[C@H](CO)[C@@H](O)[C@H]2O)c(=O)[nH]1,Nc1nc2c([nH+]cn2[C@@H]2O[C@H](C(=O)O)[C@@H](O)[C@H]2O)c(=O)[nH]1,GuanosineOnly_gen3
Nc1nc2c(ncn2[C@@H]2O[C@H](CO)[C@@H](O)[C@H]2O)c(=O)[nH]1,CO[C@H]1[C@@H](O)[C@H](n2c[nH+]c3c(=O)[nH]c(N)nc32)O[C@@H]1CO,GuanosineOnly_gen3
Nc1nc2c(ncn2[C@@H]2O[C@H](CO)[C@@H](O)[C@H]2O)c(=O)[nH]1,Cn1c(N)nc2c([nH+]cn2[C@@H]2O[C@H](CO)[C@@H](O)[C@H]2O)c1=O,GuanosineOnly_gen3
Nc1nc2c(ncn2[C@@H]2O[C@H](CO)[C@@H](O)[C@H]2O)c(=O)[nH]1,Nc1nc2c(ncn2[C@@]2(O)O[C@H](CO)[C@@H](O)[C@H]2O)c(=O)[nH]1,GuanosineOnly_gen3
Nc1nc2c(ncn2[C@@H]2O[C@H](CO)[C@@H](O)[C@H]2O)c(=O)[nH]1,Nc1nc2c(ncn2[C@@H]2O[C@@](O)(CO)[C@@H](O)[C@H]2O)c(=O)[nH]1,GuanosineOnly_gen3
Nc1nc2c(ncn2[C@@H]2O[C@H](CO)[C@@H](O)[C@H]2O)c(=O)[nH]1,Cc1nc2c(=O)[nH]c3nc2n1[C@@H]1O[C@H](COC=N3)[C@@H](O)[C@H]1O,GuanosineOnly_gen3
Nc1nc2c(ncn2[C@@H]2O[C@H](CO)[C@@H](O)[C@H]2O)c(=O)[nH]1,Cc1nc2c(=O)[nH]c3nc2n1[C@@H]1O[C@H](CO)[C@@H](OC=N3)[C@H]1O,GuanosineOnly_gen3
Nc1nc2c(ncn2[C@@H]2O[C@H](CO)[C@@H](O)[C@H]2O)c(=O)[nH]1,C[C@@]12OC=Nc3nc4c(ncn4[C@@H]1O[C@H](CO)[C@H]2O)c(=O)[nH]3,GuanosineOnly_gen3
Nc1nc2c(ncn2[C@@H]2O[C@H](CO)[C@@H](O)[C@H]2O)c(=O)[nH]1,C[C@@]12O[C@H](CO)[C@@H](OC=Nc3nc4c(ncn41)c(=O)[nH]3)[C@H]2O,GuanosineOnly_gen3
Nc1nc2c(ncn2[C@@H]2O[C@H](CO)[C@@H](O)[C@H]2O)c(=O)[nH]1,CC1OC=Nc2nc3c(ncn3[C@@H]3O[C@H]1[C@@H](O)[C@H]3O)c(=O)[nH]2,GuanosineOnly_gen3
Nc1nc2c(ncn2[C@@H]2O[C@H](CO)[C@@H](O)[C@H]2O)c(=O)[nH]1,CC(O)[C@H]1O[C@@H]2[C@H](OC=Nc3nc4c(ncn42)c(=O)[nH]3)[C@@H]1O,GuanosineOnly_gen3
Nc1nc2c(ncn2[C@@H]2O[C@H](CO)[C@@H](O)[C@H]2O)c(=O)[nH]1,C[C@@]1(CO)O[C@@H]2[C@H](OC=Nc3nc4c(ncn42)c(=O)[nH]3)[C@@H]1O,GuanosineOnly_gen3
Nc1nc2c(ncn2[C@@H]2O[C@H](CO)[C@@H](O)[C@H]2O)c(=O)[nH]1,C[C@@]12COC=Nc3nc4c(ncn4[C@H](O1)[C@H](O)[C@@H]2O)c(=O)[nH]3,GuanosineOnly_gen3
Nc1nc2c(ncn2[C@@H]2O[C@H](CO)[C@@H](O)[C@H]2O)c(=O)[nH]1,C[C@]1(O)[C@H](O)[C@H]2COC=Nc3nc4c(ncn4[C@@H]1O2)c(=O)[nH]3,GuanosineOnly_gen3
Nc1nc2c(ncn2[C@@H]2O[C@H](CO)[C@@H](O)[C@H]2O)c(=O)[nH]1,C[C@]1(O)[C@@H]2OC=Nc3nc4c(ncn4[C@@H]1O[C@@H]2CO)c(=O)[nH]3,GuanosineOnly_gen3
Nc1nc2c(ncn2[C@@H]2O[C@H](CO)[C@@H](O)[C@H]2O)c(=O)[nH]1,Nc1nc2c(ncn2[C@]23O[C@@H]([C@H]2O)[C@@H](COC=O)O3)c(=O)[nH]1,GuanosineOnly_gen3
Nc1nc2c(ncn2[C@@H]2O[C@H](CO)[C@@H](O)[C@H]2O)c(=O)[nH]1,Nc1nc2c(nc3n2[C@@H]2O[C@H](CO3)[C@@H](OC=O)[C@H]2O)c(=O)[nH]1,GuanosineOnly_gen3
Nc1nc2c(ncn2[C@@H]2O[C@H](CO)[C@@H](O)[C@H]2O)c(=O)[nH]1,O=CNc1nc2c(ncn2[C@@H]2O[C@@H]3C(O)O[C@H]3[C@H]2O)c(=O)[nH]1,GuanosineOnly_gen3
Nc1nc2c(ncn2[C@@H]2O[C@H](CO)[C@@H](O)[C@H]2O)c(=O)[nH]1,Nc1nc2c(ncn2[C@@]23OC[C@@H](O2)[C@@H](O)[C@H]3OC=O)c(=O)[nH]1,GuanosineOnly_gen3
Nc1nc2c(ncn2[C@@H]2O[C@H](CO)[C@@H](O)[C@H]2O)c(=O)[nH]1,O=CNc1nc2c(nc3n2[C@@H]2O[C@H](CO)[C@@H](O)[C@H]2O3)c(=O)[nH]1,GuanosineOnly_gen3
Nc1nc2c(ncn2[C@@H]2O[C@H](CO)[C@@H](O)[C@H]2O)c(=O)[nH]1,O=CNc1nc2c(ncn2[C@@]23OC[C@@H](O2)[C@@H](O)[C@H]3O)c(=O)[nH]1,GuanosineOnly_gen3
Nc1nc2c(ncn2[C@@H]2O[C@H](CO)[C@@H](O)[C@H]2O)c(=O)[nH]1,Nc1nc2c(ncn2[C@@H]2O[C@@H]3C(OC=O)O[C@@H]2[C@@H]3O)c(=O)[nH]1,GuanosineOnly_gen3
Nc1nc2c(ncn2[C@@H]2O[C@H](CO)[C@@H](O)[C@H]2O)c(=O)[nH]1,O=CNc1nc2c(nc3n2[C@@H]2O[C@H](CO3)[C@@H](O)[C@H]2O)c(=O)[nH]1,GuanosineOnly_gen3
Nc1nc2c(ncn2[C@@H]2O[C@H](CO)[C@@H](O)[C@H]2O)c(=O)[nH]1,CCNc1nc2c(ncn2[C@]23O[C@@H]2[C@H](O)[C@@H](CO)O3)c(=O)[nH]1,GuanosineOnly_gen3
Nc1nc2c(ncn2[C@@H]2O[C@H](CO)[C@@H](O)[C@H]2O)c(=O)[nH]1,CCNc1nc2c(ncn2[C@@H]2O[C@@H]3CO[C@@]3(O)[C@H]2O)c(=O)[nH]1,GuanosineOnly_gen3
Nc1nc2c(ncn2[C@@H]2O[C@H](CO)[C@@H](O)[C@H]2O)c(=O)[nH]1,COC(O)[C@H]1O[C@@]2(n3cnc4c(=O)[nH]c(N)nc43)O[C@H]1[C@H]2O,GuanosineOnly_gen3
Nc1nc2c(ncn2[C@@H]2O[C@H](CO)[C@@H](O)[C@H]2O)c(=O)[nH]1,Nc1nc2c(ncn2[C@@H]2O[C@@H]3C(O)O[C@@H]2[C@@H]3OCO)c(=O)[nH]1,GuanosineOnly_gen3
Nc1nc2c(ncn2[C@@H]2O[C@H](CO)[C@@H](O)[C@H]2O)c(=O)[nH]1,CO[C@@H]1[C@H](O)[C@@H]2O[C@H]1n1c(nc3c(=O)[nH]c(N)nc31)OC2O,GuanosineOnly_gen3
Nc1nc2c(ncn2[C@@H]2O[C@H](CO)[C@@H](O)[C@H]2O)c(=O)[nH]1,COC1O[C@]12O[C@@H](n1cnc3c(=O)[nH]c(N)nc31)[C@H](O)[C@@H]2O,GuanosineOnly_gen3
Nc1nc2c(ncn2[C@@H]2O[C@H](CO)[C@@H](O)[C@H]2O)c(=O)[nH]1,CO[C@H]1[C@H](n2cnc3c(=O)[nH]c(N)nc32)O[C@@H]2C(O)O[C@]21O,GuanosineOnly_gen3
Nc1nc2c(ncn2[C@@H]2O[C@H](CO)[C@@H](O)[C@H]2O)c(=O)[nH]1,CO[C@]12O[C@H]1[C@H](n1cnc3c(=O)[nH]c(N)nc31)O[C@@H]2C(O)O,GuanosineOnly_gen3
Nc1nc2c(ncn2[C@@H]2O[C@H](CO)[C@@H](O)[C@H]2O)c(=O)[nH]1,CO[C@@H]1[C@H](O)[C@@H]2O[C@@]1(n1cnc3c(=O)[nH]c(N)nc31)OC2O,GuanosineOnly_gen3
Nc1nc2c(ncn2[C@@H]2O[C@H](CO)[C@@H](O)[C@H]2O)c(=O)[nH]1,COC(O)[C@H]1O[C@@H]2[C@H](O)[C@@H]1Oc1nc3c(=O)[nH]c(N)nc3n12,GuanosineOnly_gen3
Nc1nc2c(ncn2[C@@H]2O[C@H](CO)[C@@H](O)[C@H]2O)c(=O)[nH]1,Nc1nc2c(c(=O)[nH]1)[n+]1cn2[C@@H]2O[C@H](C(O)OC1)[C@@H](O)[C@H]2O,GuanosineOnly_gen3
Nc1nc2c(ncn2[C@@H]2O[C@H](CO)[C@@H](O)[C@H]2O)c(=O)[nH]1,C[n+]1c2n(c3nc(N)[nH]c(=O)c31)[C@@H]1O[C@H](C(O)O2)[C@@H](O)[C@H]1O,GuanosineOnly_gen3
Nc1nc2c(ncn2[C@@H]2O[C@H](CO)[C@@H](O)[C@H]2O)c(=O)[nH]1,C[n+]1cn([C@@H]2O[C@@H]3C(O)O[C@]2(O)[C@@H]3O)c2nc(N)[nH]c(=O)c21,GuanosineOnly_gen3
Nc1nc2c(ncn2[C@@H]2O[C@H](CO)[C@@H](O)[C@H]2O)c(=O)[nH]1,C[n+]1c2n(c3nc(N)[nH]c(=O)c31)[C@@H]1O[C@H](C(O)O)[C@@H](O)[C@H]1O2,GuanosineOnly_gen3
Nc1nc2c(ncn2[C@@H]2O[C@H](CO)[C@@H](O)[C@H]2O)c(=O)[nH]1,Nc1nc2c(c(=O)[nH]1)[n+]1cn2[C@@H]2O[C@H](C(O)O)[C@@H](O)[C@H]2OC1,GuanosineOnly_gen3
Nc1nc2c(ncn2[C@@H]2O[C@H](CO)[C@@H](O)[C@H]2O)c(=O)[nH]1,C[n+]1cn([C@@H]2O[C@@H]3C(O)O[C@@]3(O)[C@H]2O)c2nc(N)[nH]c(=O)c21,GuanosineOnly_gen3
Nc1nc2c(ncn2[C@@H]2O[C@H](CO)[C@@H](O)[C@H]2O)c(=O)[nH]1,C[n+]1cn([C@@H]2O[C@]3(C(O)O)O[C@H]3[C@H]2O)c2nc(N)[nH]c(=O)c21,GuanosineOnly_gen3
Nc1nc2c(ncn2[C@@H]2O[C@H](CO)[C@@H](O)[C@H]2O)c(=O)[nH]1,C[n+]1cn([C@@H]2O[C@H](C(O)O)[C@H]3O[C@]32O)c2nc(N)[nH]c(=O)c21,GuanosineOnly_gen3
Nc1nc2c(ncn2[C@@H]2O[C@H](CO)[C@@H](O)[C@H]2O)c(=O)[nH]1,C[n+]1cn([C@@H]2O[C@]3(OC3O)[C@@H](O)[C@H]2O)c2nc(N)[nH]c(=O)c21,GuanosineOnly_gen3
Nc1nc2c(ncn2[C@@H]2O[C@H](CO)[C@@H](O)[C@H]2O)c(=O)[nH]1,C[n+]1cn([C@@]23O[C@H](C(O)O)[C@@H](O)[C@H]2O3)c2nc(N)[nH]c(=O)c21,GuanosineOnly_gen3
Nc1nc2c(ncn2[C@@H]2O[C@H](CO)[C@@H](O)[C@H]2O)c(=O)[nH]1,C[n+]1cn([C@@]23OC(O)[C@@H](O2)[C@@H](O)[C@H]3O)c2nc(N)[nH]c(=O)c21,GuanosineOnly_gen3
Nc1nc2c(ncn2[C@@H]2O[C@H](CO)[C@@H](O)[C@H]2O)c(=O)[nH]1,CO[C@@H]1[C@H](O)[C@@H](C(O)O)O[C@H]1n1cnc2c(=O)[nH]c(N)nc21,GuanosineOnly_gen3
Nc1nc2c(ncn2[C@@H]2O[C@H](CO)[C@@H](O)[C@H]2O)c(=O)[nH]1,Nc1nc2c(ncn2[C@@H]2O[C@H](C(O)O)C(O)(O)[C@H]2O)c(=O)[nH]1,GuanosineOnly_gen3
Nc1nc2c(ncn2[C@@H]2O[C@H](CO)[C@@H](O)[C@H]2O)c(=O)[nH]1,Nc1nc2c(ncn2[C@@H]2O[C@H](C(O)O)[C@@H](O)C2(O)O)c(=O)[nH]1,GuanosineOnly_gen3
Nc1nc2c(ncn2[C@@H]2O[C@H](CO)[C@@H](O)[C@H]2O)c(=O)[nH]1,CC(=O)O[C@@H]1[C@H](O)[C@@H]2O[C@H]1n1cnc3c(=O)[nH]c(nc31)N=C2O,GuanosineOnly_gen3
Nc1nc2c(ncn2[C@@H]2O[C@H](CO)[C@@H](O)[C@H]2O)c(=O)[nH]1,CC1=Nc2nc3c(ncn3[C@@H]3O[C@H](C(=O)O)[C@@H](O1)[C@H]3O)c(=O)[nH]2,GuanosineOnly_gen3
Nc1nc2c(ncn2[C@@H]2O[C@H](CO)[C@@H](O)[C@H]2O)c(=O)[nH]1,CC1=Nc2nc3c(ncn3[C@@H]3O[C@H](C(=O)O1)[C@@H](O)[C@H]3O)c(=O)[nH]2,GuanosineOnly_gen3
Nc1nc2c(ncn2[C@@H]2O[C@H](CO)[C@@H](O)[C@H]2O)c(=O)[nH]1,CC1=Nc2nc3c(ncn3[C@@]3(C)O[C@H](CO)[C@@H](O)[C@H]3O1)c(=O)[nH]2,GuanosineOnly_gen3
Nc1nc2c(ncn2[C@@H]2O[C@H](CO)[C@@H](O)[C@H]2O)c(=O)[nH]1,CC1=Nc2nc3c(ncn3[C@@H]3O[C@@](C)(CO)[C@@H](O1)[C@H]3O)c(=O)[nH]2,GuanosineOnly_gen3
Nc1nc2c(ncn2[C@@H]2O[C@H](CO)[C@@H](O)[C@H]2O)c(=O)[nH]1,CC1=Nc2nc3c(ncn3[C@@]3(C)O[C@H](CO1)[C@@H](O)[C@H]3O)c(=O)[nH]2,GuanosineOnly_gen3
Nc1nc2c(ncn2[C@@H]2O[C@H](CO)[C@@H](O)[C@H]2O)c(=O)[nH]1,CC1=Nc2nc3c(nc(C)n3[C@@H]3O[C@H](CO)[C@@H](O)[C@H]3O1)c(=O)[nH]2,GuanosineOnly_gen3
Nc1nc2c(ncn2[C@@H]2O[C@H](CO)[C@@H](O)[C@H]2O)c(=O)[nH]1,CC1=Nc2nc3c(ncn3[C@@H]3O[C@H](CO1)[C@](C)(O)[C@H]3O)c(=O)[nH]2,GuanosineOnly_gen3
Nc1nc2c(ncn2[C@@H]2O[C@H](CO)[C@@H](O)[C@H]2O)c(=O)[nH]1,CC1=Nc2nc3c(ncn3[C@@H]3O[C@H](CO)[C@](C)(O1)[C@H]3O)c(=O)[nH]2,GuanosineOnly_gen3
Nc1nc2c(ncn2[C@@H]2O[C@H](CO)[C@@H](O)[C@H]2O)c(=O)[nH]1,CCC1=Nc2nc3c(ncn3[C@@H]3O[C@H](CO1)[C@@H](O)[C@H]3O)c(=O)[nH]2,GuanosineOnly_gen3
Nc1nc2c(ncn2[C@@H]2O[C@H](CO)[C@@H](O)[C@H]2O)c(=O)[nH]1,CC1=Nc2nc3c(c(=O)[nH]2)[n+](C)cn3[C@@H]2O[C@H](CO1)[C@@H](O)[C@H]2O,GuanosineOnly_gen3
Nc1nc2c(ncn2[C@@H]2O[C@H](CO)[C@@H](O)[C@H]2O)c(=O)[nH]1,CC1=Nc2nc3c(c(=O)[nH]2)[n+](C)cn3[C@@H]2O[C@H](CO)[C@@H](O1)[C@H]2O,GuanosineOnly_gen3
Nc1nc2c(ncn2[C@@H]2O[C@H](CO)[C@@H](O)[C@H]2O)c(=O)[nH]1,COC1=Nc2nc3c(ncn3[C@@H]3O[C@H](CO)[C@@H](O1)[C@H]3O)c(=O)[nH]2,GuanosineOnly_gen3
Nc1nc2c(ncn2[C@@H]2O[C@H](CO)[C@@H](O)[C@H]2O)c(=O)[nH]1,CC(=O)O[C@]12OC[C@@H](O[C@H]1n1cnc3c(=O)[nH]c(N)nc31)[C@H]2O,GuanosineOnly_gen3
Nc1nc2c(ncn2[C@@H]2O[C@H](CO)[C@@H](O)[C@H]2O)c(=O)[nH]1,O=c1[nH]c2nc3c1ncn3[C@@H]1O[C@H](CO)[C@@H](O)[C@H]1OC(CO)=N2,GuanosineOnly_gen3
Nc1nc2c(ncn2[C@@H]2O[C@H](CO)[C@@H](O)[C@H]2O)c(=O)[nH]1,Nc1nc2c(ncn2[C@@H]2O[C@H](C(=O)OC=O)[C@@H](O)[C@H]2O)c(=O)[nH]1,GuanosineOnly_gen3
Nc1nc2c(ncn2[C@@H]2O[C@H](CO)[C@@H](O)[C@H]2O)c(=O)[nH]1,C[C@]1(OCO)[C@H](O)[C@H]2COc3nc4c(=O)[nH]c(N)nc4n3[C@@H]1O2,GuanosineOnly_gen3
Nc1nc2c(ncn2[C@@H]2O[C@H](CO)[C@@H](O)[C@H]2O)c(=O)[nH]1,Cc1nc2c(=O)[nH]c(N)nc2n1[C@@H]1O[C@]2(COCO)O[C@@H]1[C@@H]2O,GuanosineOnly_gen3
Nc1nc2c(ncn2[C@@H]2O[C@H](CO)[C@@H](O)[C@H]2O)c(=O)[nH]1,C[C@@]12O[C@@H](n3cnc4c(=O)[nH]c(N)nc43)[C@H](O)[C@@H]1OC2OCO,GuanosineOnly_gen3
Nc1nc2c(ncn2[C@@H]2O[C@H](CO)[C@@H](O)[C@H]2O)c(=O)[nH]1,C[C@@]1(COCO)O[C@@]2(n3cnc4c(=O)[nH]c(N)nc43)O[C@H]1[C@H]2O,GuanosineOnly_gen3
Nc1nc2c(ncn2[C@@H]2O[C@H](CO)[C@@H](O)[C@H]2O)c(=O)[nH]1,Cc1nc2c(=O)[nH]c(NCO)nc2n1[C@]12O[C@@H]1[C@H](O)[C@@H](CO)O2,GuanosineOnly_gen3
Nc1nc2c(ncn2[C@@H]2O[C@H](CO)[C@@H](O)[C@H]2O)c(=O)[nH]1,C[C@]1(n2cnc3c(=O)[nH]c(N)nc32)O[C@@H]2C(OCO)O[C@H]2[C@H]1O,GuanosineOnly_gen3
Nc1nc2c(ncn2[C@@H]2O[C@H](CO)[C@@H](O)[C@H]2O)c(=O)[nH]1,C[C@@]1(O)[C@H](n2cnc3c(=O)[nH]c(N)nc32)O[C@@H]2CO[C@]21OCO,GuanosineOnly_gen3
Nc1nc2c(ncn2[C@@H]2O[C@H](CO)[C@@H](O)[C@H]2O)c(=O)[nH]1,Cc1nc2c(=O)[nH]c(N)nc2n1[C@]12O[C@@H]([C@H]1OCO)[C@@H](CO)O2,GuanosineOnly_gen3
Nc1nc2c(ncn2[C@@H]2O[C@H](CO)[C@@H](O)[C@H]2O)c(=O)[nH]1,CC1Oc2nc3c(=O)[nH]c(N)nc3n2[C@@H]2O[C@H]1[C@@H](OCO)[C@H]2O,GuanosineOnly_gen3
Nc1nc2c(ncn2[C@@H]2O[C@H](CO)[C@@H](O)[C@H]2O)c(=O)[nH]1,C[C@@]12CO[C@@](O)([C@H](n3cnc4c(=O)[nH]c(NCO)nc43)O1)[C@@H]2O,GuanosineOnly_gen3
Nc1nc2c(ncn2[C@@H]2O[C@H](CO)[C@@H](O)[C@H]2O)c(=O)[nH]1,Cc1nc2c(=O)[nH]c(NCO)nc2n1[C@@H]1O[C@@H]2C(O)O[C@H]2[C@H]1O,GuanosineOnly_gen3
Nc1nc2c(ncn2[C@@H]2O[C@H](CO)[C@@H](O)[C@H]2O)c(=O)[nH]1,Cc1nc2c(=O)[nH]c(N)nc2n1[C@@H]1O[C@@H]2C(O)O[C@@H]1[C@@H]2OCO,GuanosineOnly_gen3
Nc1nc2c(ncn2[C@@H]2O[C@H](CO)[C@@H](O)[C@H]2O)c(=O)[nH]1,C[C@]1(OCO)[C@@H]2Oc3nc4c(=O)[nH]c(N)nc4n3[C@@H]1O[C@@H]2CO,GuanosineOnly_gen3
Nc1nc2c(ncn2[C@@H]2O[C@H](CO)[C@@H](O)[C@H]2O)c(=O)[nH]1,CC(O)[C@H]1O[C@@H]2[C@H](O)[C@@H]1Oc1nc3c(=O)[nH]c(NCO)nc3n12,GuanosineOnly_gen3
Nc1nc2c(ncn2[C@@H]2O[C@H](CO)[C@@H](O)[C@H]2O)c(=O)[nH]1,COC(=O)[C@H]1O[C@@H](n2cnc3c(=O)[nH]c(N)nc32)[C@H](O)[C@@H]1OC,GuanosineOnly_gen3
Nc1nc2c(ncn2[C@@H]2O[C@H](CO)[C@@H](O)[C@H]2O)c(=O)[nH]1,C[C@]1(O)[C@H]2COc3nc4c(=O)[nH]c(N)nc4n3[C@H](O2)[C@@H]1OCO,GuanosineOnly_gen3
Nc1nc2c(ncn2[C@@H]2O[C@H](CO)[C@@H](O)[C@H]2O)c(=O)[nH]1,O=c1[nH]c(NCO)nc2c1ncn2[C@]12CO[C@@H]1[C@H](O)[C@@H](CO)O2,GuanosineOnly_gen3
Nc1nc2c(ncn2[C@@H]2O[C@H](CO)[C@@H](O)[C@H]2O)c(=O)[nH]1,C[C@]1(OCO)[C@@H]2O[C@@]2(CO)O[C@H]1n1cnc2c(=O)[nH]c(N)nc21,GuanosineOnly_gen3
Nc1nc2c(ncn2[C@@H]2O[C@H](CO)[C@@H](O)[C@H]2O)c(=O)[nH]1,C[C@]12Oc3nc4c(=O)[nH]c(N)nc4n3[C@H](O[C@@H]1CO)[C@@H]2OCO,GuanosineOnly_gen3
Nc1nc2c(ncn2[C@@H]2O[C@H](CO)[C@@H](O)[C@H]2O)c(=O)[nH]1,CC1O[C@]2(OCO)[C@H](O)[C@@H]1O[C@H]2n1cnc2c(=O)[nH]c(N)nc21,GuanosineOnly_gen3
Nc1nc2c(ncn2[C@@H]2O[C@H](CO)[C@@H](O)[C@H]2O)c(=O)[nH]1,CC1(O)O[C@@H]2[C@H](OCO)[C@@H]1O[C@H]2n1cnc2c(=O)[nH]c(N)nc21,GuanosineOnly_gen3
Nc1nc2c(ncn2[C@@H]2O[C@H](CO)[C@@H](O)[C@H]2O)c(=O)[nH]1,C[C@@]1(CO)O[C@@H](n2cnc3c(=O)[nH]c(N)nc32)[C@]2(OCO)O[C@@H]21,GuanosineOnly_gen3
Nc1nc2c(ncn2[C@@H]2O[C@H](CO)[C@@H](O)[C@H]2O)c(=O)[nH]1,C[C@]1(O)[C@H]2COc3nc4c(=O)[nH]c(NCO)nc4n3[C@H](O2)[C@@H]1O,GuanosineOnly_gen3
Nc1nc2c(ncn2[C@@H]2O[C@H](CO)[C@@H](O)[C@H]2O)c(=O)[nH]1,C[C@@]1(O)[C@@H](O)[C@H](n2cnc3c(=O)[nH]c(NCO)nc32)O[C@@]12CO2,GuanosineOnly_gen3
Nc1nc2c(ncn2[C@@H]2O[C@H](CO)[C@@H](O)[C@H]2O)c(=O)[nH]1,C[C@]1(n2cnc3c(=O)[nH]c(NCO)nc32)O[C@@H]2C(O)O[C@@H]1[C@@H]2O,GuanosineOnly_gen3
Nc1nc2c(ncn2[C@@H]2O[C@H](CO)[C@@H](O)[C@H]2O)c(=O)[nH]1,C[C@]1(O)[C@@H]2O[C@]1(n1cnc3c(=O)[nH]c(N)nc31)O[C@@H]2COCO,GuanosineOnly_gen3
Nc1nc2c(ncn2[C@@H]2O[C@H](CO)[C@@H](O)[C@H]2O)c(=O)[nH]1,Nc1nc2c(ncn2[C@]23CO[C@@H]([C@H]2O)[C@@H](COCO)O3)c(=O)[nH]1,GuanosineOnly_gen3
Nc1nc2c(ncn2[C@@H]2O[C@H](CO)[C@@H](O)[C@H]2O)c(=O)[nH]1,Nc1nc2c(ncn2[C@@H]2O[C@H](CO)[C@H]3OC[C@]32OCO)c(=O)[nH]1,GuanosineOnly_gen3
Nc1nc2c(ncn2[C@@H]2O[C@H](CO)[C@@H](O)[C@H]2O)c(=O)[nH]1,C[C@]1(O)[C@@H](CO)O[C@@H]2[C@@H]1Oc1nc3c(=O)[nH]c(NCO)nc3n12,GuanosineOnly_gen3
Nc1nc2c(ncn2[C@@H]2O[C@H](CO)[C@@H](O)[C@H]2O)c(=O)[nH]1,Nc1nc2c(ncn2[C@@]23COC[C@@H](O2)[C@@H](O)[C@H]3OCO)c(=O)[nH]1,GuanosineOnly_gen3
Nc1nc2c(ncn2[C@@H]2O[C@H](CO)[C@@H](O)[C@H]2O)c(=O)[nH]1,CC(O)[C@]12O[C@@H]([C@H](n3cnc4c(=O)[nH]c(N)nc43)O1)[C@@H]2OCO,GuanosineOnly_gen3
Nc1nc2c(ncn2[C@@H]2O[C@H](CO)[C@@H](O)[C@H]2O)c(=O)[nH]1,C[C@]12O[C@]1(O)[C@@H](CO)O[C@H]2n1cnc2c(=O)[nH]c(NCO)nc21,GuanosineOnly_gen3
Nc1nc2c(ncn2[C@@H]2O[C@H](CO)[C@@H](O)[C@H]2O)c(=O)[nH]1,C[C@@]12Oc3nc4c(=O)[nH]c(NCO)nc4n3[C@@H]1O[C@H](CO)[C@H]2O,GuanosineOnly_gen3
Nc1nc2c(ncn2[C@@H]2O[C@H](CO)[C@@H](O)[C@H]2O)c(=O)[nH]1,CCO[C@H]1[C@@H](O)[C@H](n2cnc3c(=O)[nH]c(N)nc32)O[C@@H]1C(=O)O,GuanosineOnly_gen3
Nc1nc2c(ncn2[C@@H]2O[C@H](CO)[C@@H](O)[C@H]2O)c(=O)[nH]1,C[C@@]12O[C@@H](n3cnc4c(=O)[nH]c(NCO)nc43)[C@H](O)[C@@H]1OC2O,GuanosineOnly_gen3
Nc1nc2c(ncn2[C@@H]2O[C@H](CO)[C@@H](O)[C@H]2O)c(=O)[nH]1,C[C@@]1(O)[C@H](n2cnc3c(=O)[nH]c(NCO)nc32)O[C@@H]2CO[C@]21O,GuanosineOnly_gen3
Nc1nc2c(ncn2[C@@H]2O[C@H](CO)[C@@H](O)[C@H]2O)c(=O)[nH]1,C[C@]1(n2cnc3c(=O)[nH]c(NCO)nc32)O[C@H](CO)[C@@]2(O)O[C@H]21,GuanosineOnly_gen3
Nc1nc2c(ncn2[C@@H]2O[C@H](CO)[C@@H](O)[C@H]2O)c(=O)[nH]1,C[C@]1(n2cnc3c(=O)[nH]c(N)nc32)O[C@H](COCO)[C@@]2(O)O[C@H]21,GuanosineOnly_gen3
Nc1nc2c(ncn2[C@@H]2O[C@H](CO)[C@@H](O)[C@H]2O)c(=O)[nH]1,C[C@@]1(CO)O[C@@H](n2cnc3c(=O)[nH]c(N)nc32)[C@@H]2O[C@@]21OCO,GuanosineOnly_gen3
Nc1nc2c(ncn2[C@@H]2O[C@H](CO)[C@@H](O)[C@H]2O)c(=O)[nH]1,C[C@]1(OCO)[C@H](O)[C@H]2CO[C@]1(n1cnc3c(=O)[nH]c(N)nc31)O2,GuanosineOnly_gen3
Nc1nc2c(ncn2[C@@H]2O[C@H](CO)[C@@H](O)[C@H]2O)c(=O)[nH]1,C[C@@]12CO[C@@](O)([C@H](n3cnc4c(=O)[nH]c(N)nc43)O1)[C@@H]2OCO,GuanosineOnly_gen3
Nc1nc2c(ncn2[C@@H]2O[C@H](CO)[C@@H](O)[C@H]2O)c(=O)[nH]1,CC(O)[C@]12O[C@@H]([C@H](n3cnc4c(=O)[nH]c(NCO)nc43)O1)[C@@H]2O,GuanosineOnly_gen3
Nc1nc2c(ncn2[C@@H]2O[C@H](CO)[C@@H](O)[C@H]2O)c(=O)[nH]1,O=c1[nH]c(NCO)nc2c1nc1n2[C@@H]2O[C@H](CO)[C@@H](OC1)[C@H]2O,GuanosineOnly_gen3
Nc1nc2c(ncn2[C@@H]2O[C@H](CO)[C@@H](O)[C@H]2O)c(=O)[nH]1,Nc1nc2c(ncn2[C@]23CO[C@@H]2[C@H](OCO)[C@@H](CO)O3)c(=O)[nH]1,GuanosineOnly_gen3
Nc1nc2c(ncn2[C@@H]2O[C@H](CO)[C@@H](O)[C@H]2O)c(=O)[nH]1,C[C@]1(n2cnc3c(=O)[nH]c(NCO)nc32)O[C@H](CO)[C@H]2O[C@]21O,GuanosineOnly_gen3
Nc1nc2c(ncn2[C@@H]2O[C@H](CO)[C@@H](O)[C@H]2O)c(=O)[nH]1,C[C@]12O[C@@]1(CO)O[C@@H](n1cnc3c(=O)[nH]c(N)nc31)[C@@H]2OCO,GuanosineOnly_gen3
Nc1nc2c(ncn2[C@@H]2O[C@H](CO)[C@@H](O)[C@H]2O)c(=O)[nH]1,C[C@@]12OC(O)[C@@H](O[C@H]1n1cnc3c(=O)[nH]c(N)nc31)[C@H]2OCO,GuanosineOnly_gen3
Nc1nc2c(ncn2[C@@H]2O[C@H](CO)[C@@H](O)[C@H]2O)c(=O)[nH]1,O=c1[nH]c(NCO)nc2c1ncn2[C@@H]1O[C@@H]2C(O)CO[C@@H]1[C@@H]2O,GuanosineOnly_gen3
Nc1nc2c(ncn2[C@@H]2O[C@H](CO)[C@@H](O)[C@H]2O)c(=O)[nH]1,Nc1nc2c(ncn2[C@@H]2O[C@@H]3COC[C@]2(O)[C@@H]3OCO)c(=O)[nH]1,GuanosineOnly_gen3
Nc1nc2c(ncn2[C@@H]2O[C@H](CO)[C@@H](O)[C@H]2O)c(=O)[nH]1,C[C@@]12O[C@]1(n1cnc3c(=O)[nH]c(NCO)nc31)O[C@H](CO)[C@H]2O,GuanosineOnly_gen3
Nc1nc2c(ncn2[C@@H]2O[C@H](CO)[C@@H](O)[C@H]2O)c(=O)[nH]1,C[C@@]1(O)[C@@H](OCO)[C@]2(n3cnc4c(=O)[nH]c(N)nc43)OC[C@H]1O2,GuanosineOnly_gen3
Nc1nc2c(ncn2[C@@H]2O[C@H](CO)[C@@H](O)[C@H]2O)c(=O)[nH]1,C[C@]1(n2cnc3c(=O)[nH]c(NCO)nc32)O[C@]2(CO)O[C@@H]1[C@@H]2O,GuanosineOnly_gen3
Nc1nc2c(ncn2[C@@H]2O[C@H](CO)[C@@H](O)[C@H]2O)c(=O)[nH]1,CC(OCO)[C@H]1O[C@@]2(n3cnc4c(=O)[nH]c(N)nc43)O[C@@H]2[C@@H]1O,GuanosineOnly_gen3
Nc1nc2c(ncn2[C@@H]2O[C@H](CO)[C@@H](O)[C@H]2O)c(=O)[nH]1,Nc1nc2c(nc3n2[C@@H]2O[C@H](COCO)[C@@H](OC3)[C@H]2O)c(=O)[nH]1,GuanosineOnly_gen3
Nc1nc2c(ncn2[C@@H]2O[C@H](CO)[C@@H](O)[C@H]2O)c(=O)[nH]1,C[C@]1(n2cnc3c(=O)[nH]c(N)nc32)O[C@@]2(CO2)[C@@H](O)[C@H]1OCO,GuanosineOnly_gen3
Nc1nc2c(ncn2[C@@H]2O[C@H](CO)[C@@H](O)[C@H]2O)c(=O)[nH]1,Cc1nc2c(=O)[nH]c(NCO)nc2n1[C@@H]1O[C@]2(CO)O[C@@H]1[C@@H]2O,GuanosineOnly_gen3
Nc1nc2c(ncn2[C@@H]2O[C@H](CO)[C@@H](O)[C@H]2O)c(=O)[nH]1,Nc1nc2c(ncn2[C@@H]2O[C@@H]3C(OCO)CO[C@H]3[C@H]2O)c(=O)[nH]1,GuanosineOnly_gen3
Nc1nc2c(ncn2[C@@H]2O[C@H](CO)[C@@H](O)[C@H]2O)c(=O)[nH]1,CC(O)[C@H]1O[C@@H](n2cnc3c(=O)[nH]c(N)nc32)[C@]2(OCO)O[C@H]12,GuanosineOnly_gen3
Nc1nc2c(ncn2[C@@H]2O[C@H](CO)[C@@H](O)[C@H]2O)c(=O)[nH]1,CC(O)[C@H]1O[C@@H](n2cnc3c(=O)[nH]c(NCO)nc32)[C@@H]2O[C@]12O,GuanosineOnly_gen3
Nc1nc2c(ncn2[C@@H]2O[C@H](CO)[C@@H](O)[C@H]2O)c(=O)[nH]1,Nc1nc2c(ncn2[C@@H]2OC3(COC3)[C@@H](OCO)[C@H]2O)c(=O)[nH]1,GuanosineOnly_gen3
Nc1nc2c(ncn2[C@@H]2O[C@H](CO)[C@@H](O)[C@H]2O)c(=O)[nH]1,Nc1nc2c(ncn2[C@@H]2O[C@@H]3COC[C@@]3(OCO)[C@H]2O)c(=O)[nH]1,GuanosineOnly_gen3
Nc1nc2c(ncn2[C@@H]2O[C@H](CO)[C@@H](O)[C@H]2O)c(=O)[nH]1,C[C@]12O[C@]1(O)[C@@H](COCO)O[C@H]2n1cnc2c(=O)[nH]c(N)nc21,GuanosineOnly_gen3
Nc1nc2c(ncn2[C@@H]2O[C@H](CO)[C@@H](O)[C@H]2O)c(=O)[nH]1,C[C@]1(O)[C@@H]2O[C@@H](n3cnc4c(=O)[nH]c(NCO)nc43)[C@@H]1OC2O,GuanosineOnly_gen3
Nc1nc2c(ncn2[C@@H]2O[C@H](CO)[C@@H](O)[C@H]2O)c(=O)[nH]1,C[C@]1(O)[C@@H]2Oc3nc4c(=O)[nH]c(N)nc4n3[C@@H]1O[C@@H]2COCO,GuanosineOnly_gen3
Nc1nc2c(ncn2[C@@H]2O[C@H](CO)[C@@H](O)[C@H]2O)c(=O)[nH]1,Cc1nc2c(=O)[nH]c(NCO)nc2n1[C@@H]1O[C@@H]2CO[C@]1(O)[C@@H]2O,GuanosineOnly_gen3
Nc1nc2c(ncn2[C@@H]2O[C@H](CO)[C@@H](O)[C@H]2O)c(=O)[nH]1,Cc1nc2c(=O)[nH]c(NCO)nc2n1[C@@H]1O[C@H](CO)[C@H]2O[C@]21O,GuanosineOnly_gen3
Nc1nc2c(ncn2[C@@H]2O[C@H](CO)[C@@H](O)[C@H]2O)c(=O)[nH]1,C[C@]1(n2cnc3c(=O)[nH]c(N)nc32)O[C@]2(COCO)O[C@@H]1[C@@H]2O,GuanosineOnly_gen3
Nc1nc2c(ncn2[C@@H]2O[C@H](CO)[C@@H](O)[C@H]2O)c(=O)[nH]1,C[C@@]12COc3nc4c(=O)[nH]c(N)nc4n3[C@H](O1)[C@H](O)[C@@H]2OCO,GuanosineOnly_gen3
Nc1nc2c(ncn2[C@@H]2O[C@H](CO)[C@@H](O)[C@H]2O)c(=O)[nH]1,C[C@@]12O[C@H](COc3nc4c(=O)[nH]c(N)nc4n31)[C@@H](OCO)[C@H]2O,GuanosineOnly_gen3
Nc1nc2c(ncn2[C@@H]2O[C@H](CO)[C@@H](O)[C@H]2O)c(=O)[nH]1,C[C@@]1(OCO)[C@H]2O[C@]2(n2cnc3c(=O)[nH]c(N)nc32)O[C@@H]1CO,GuanosineOnly_gen3
Nc1nc2c(ncn2[C@@H]2O[C@H](CO)[C@@H](O)[C@H]2O)c(=O)[nH]1,Cc1nc2c(=O)[nH]c(N)nc2n1[C@]12O[C@@H]1[C@H](O)[C@@H](COCO)O2,GuanosineOnly_gen3
Nc1nc2c(ncn2[C@@H]2O[C@H](CO)[C@@H](O)[C@H]2O)c(=O)[nH]1,C[C@]1(OCO)[C@@H]2O[C@@H](n3cnc4c(=O)[nH]c(N)nc43)[C@@H]1OC2O,GuanosineOnly_gen3
Nc1nc2c(ncn2[C@@H]2O[C@H](CO)[C@@H](O)[C@H]2O)c(=O)[nH]1,Nc1nc2c(nc3n2[C@@H]2O[C@H](COC3)[C@@H](OCO)[C@H]2O)c(=O)[nH]1,GuanosineOnly_gen3
Nc1nc2c(ncn2[C@@H]2O[C@H](CO)[C@@H](O)[C@H]2O)c(=O)[nH]1,O=c1[nH]c(NCO)nc2c1ncn2[C@@H]1OC2(COC2)[C@@H](O)[C@H]1O,GuanosineOnly_gen3
Nc1nc2c(ncn2[C@@H]2O[C@H](CO)[C@@H](O)[C@H]2O)c(=O)[nH]1,C[C@]1(OCO)[C@H](O)[C@]2(CO2)O[C@H]1n1cnc2c(=O)[nH]c(N)nc21,GuanosineOnly_gen3
Nc1nc2c(ncn2[C@@H]2O[C@H](CO)[C@@H](O)[C@H]2O)c(=O)[nH]1,C[C@@]1(O)[C@H]2O[C@@]1(CO)O[C@H]2n1cnc2c(=O)[nH]c(NCO)nc21,GuanosineOnly_gen3
Nc1nc2c(ncn2[C@@H]2O[C@H](CO)[C@@H](O)[C@H]2O)c(=O)[nH]1,CC(OCO)[C@H]1O[C@@H](n2cnc3c(=O)[nH]c(N)nc32)[C@@H]2O[C@]12O,GuanosineOnly_gen3
Nc1nc2c(ncn2[C@@H]2O[C@H](CO)[C@@H](O)[C@H]2O)c(=O)[nH]1,Cc1nc2c(=O)[nH]c(N)nc2n1[C@@H]1O[C@@]2(CO2)[C@@H](O)[C@H]1OCO,GuanosineOnly_gen3
Nc1nc2c(ncn2[C@@H]2O[C@H](CO)[C@@H](O)[C@H]2O)c(=O)[nH]1,C[C@@]1(CO)O[C@@]2(n3cnc4c(=O)[nH]c(N)nc43)O[C@@H]2[C@@H]1OCO,GuanosineOnly_gen3
Nc1nc2c(ncn2[C@@H]2O[C@H](CO)[C@@H](O)[C@H]2O)c(=O)[nH]1,CC(O)[C@H]1O[C@@]2(n3cnc4c(=O)[nH]c(NCO)nc43)O[C@H]1[C@H]2O,GuanosineOnly_gen3
Nc1nc2c(ncn2[C@@H]2O[C@H](CO)[C@@H](O)[C@H]2O)c(=O)[nH]1,O=c1[nH]c(NCO)nc2c1ncn2[C@@]12COC[C@@H](O1)[C@@H](O)[C@H]2O,GuanosineOnly_gen3
Nc1nc2c(ncn2[C@@H]2O[C@H](CO)[C@@H](O)[C@H]2O)c(=O)[nH]1,C[C@]12O[C@H](CO)[C@@H](OCO)[C@H]1Oc1nc3c(=O)[nH]c(N)nc3n12,GuanosineOnly_gen3
Nc1nc2c(ncn2[C@@H]2O[C@H](CO)[C@@H](O)[C@H]2O)c(=O)[nH]1,CC1O[C@]2(n3cnc4c(=O)[nH]c(N)nc43)O[C@H]1[C@@H](OCO)[C@H]2O,GuanosineOnly_gen3
Nc1nc2c(ncn2[C@@H]2O[C@H](CO)[C@@H](O)[C@H]2O)c(=O)[nH]1,C[C@]1(OCO)[C@@H]2O[C@]1(n1cnc3c(=O)[nH]c(N)nc31)O[C@@H]2CO,GuanosineOnly_gen3
Nc1nc2c(ncn2[C@@H]2O[C@H](CO)[C@@H](O)[C@H]2O)c(=O)[nH]1,CC(OCO)[C@]12O[C@@H](n3cnc4c(=O)[nH]c(N)nc43)[C@H](O)[C@@H]1O2,GuanosineOnly_gen3
Nc1nc2c(ncn2[C@@H]2O[C@H](CO)[C@@H](O)[C@H]2O)c(=O)[nH]1,CC1O[C@]2(O)[C@@H]1O[C@@H](n1cnc3c(=O)[nH]c(N)nc31)[C@@H]2OCO,GuanosineOnly_gen3
Nc1nc2c(ncn2[C@@H]2O[C@H](CO)[C@@H](O)[C@H]2O)c(=O)[nH]1,C[C@@]1(O)[C@@H](O)[C@]2(n3cnc4c(=O)[nH]c(NCO)nc43)OC[C@H]1O2,GuanosineOnly_gen3
Nc1nc2c(ncn2[C@@H]2O[C@H](CO)[C@@H](O)[C@H]2O)c(=O)[nH]1,C[C@]1(O)[C@@H]2O[C@@]2(COCO)O[C@H]1n1cnc2c(=O)[nH]c(N)nc21,GuanosineOnly_gen3
Nc1nc2c(ncn2[C@@H]2O[C@H](CO)[C@@H](O)[C@H]2O)c(=O)[nH]1,C[C@@]12O[C@H](COCO)[C@@H](Oc3nc4c(=O)[nH]c(N)nc4n31)[C@H]2O,GuanosineOnly_gen3
Nc1nc2c(ncn2[C@@H]2O[C@H](CO)[C@@H](O)[C@H]2O)c(=O)[nH]1,Cc1nc2c(=O)[nH]c(N)nc2n1[C@@H]1O[C@H](CO)[C@@]2(OCO)O[C@@H]12,GuanosineOnly_gen3
Nc1nc2c(ncn2[C@@H]2O[C@H](CO)[C@@H](O)[C@H]2O)c(=O)[nH]1,C[C@]1(n2cnc3c(=O)[nH]c(NCO)nc32)O[C@@]2(CO2)[C@@H](O)[C@H]1O,GuanosineOnly_gen3
Nc1nc2c(ncn2[C@@H]2O[C@H](CO)[C@@H](O)[C@H]2O)c(=O)[nH]1,C[C@]12O[C@](n3cnc4c(=O)[nH]c(N)nc43)(O[C@@H]1CO)[C@@H]2OCO,GuanosineOnly_gen3
Nc1nc2c(ncn2[C@@H]2O[C@H](CO)[C@@H](O)[C@H]2O)c(=O)[nH]1,C[C@]12O[C@](n3cnc4c(=O)[nH]c(NCO)nc43)(O[C@@H]1CO)[C@@H]2O,GuanosineOnly_gen3
Nc1nc2c(ncn2[C@@H]2O[C@H](CO)[C@@H](O)[C@H]2O)c(=O)[nH]1,C[C@@]1(CO)O[C@@H]2[C@H](Oc3nc4c(=O)[nH]c(NCO)nc4n32)[C@@H]1O,GuanosineOnly_gen3
Nc1nc2c(ncn2[C@@H]2O[C@H](CO)[C@@H](O)[C@H]2O)c(=O)[nH]1,C[C@@]12O[C@@](CO)(O[C@H]1n1cnc3c(=O)[nH]c(NCO)nc31)[C@H]2O,GuanosineOnly_gen3
Nc1nc2c(ncn2[C@@H]2O[C@H](CO)[C@@H](O)[C@H]2O)c(=O)[nH]1,C[C@@]12O[C@]1(n1cnc3c(=O)[nH]c(N)nc31)O[C@H](CO)[C@H]2OCO,GuanosineOnly_gen3
Nc1nc2c(ncn2[C@@H]2O[C@H](CO)[C@@H](O)[C@H]2O)c(=O)[nH]1,Cc1nc2c(=O)[nH]c(N)nc2n1[C@@H]1O[C@@H]2CO[C@@]2(O)[C@H]1OCO,GuanosineOnly_gen3
Nc1nc2c(ncn2[C@@H]2O[C@H](CO)[C@@H](O)[C@H]2O)c(=O)[nH]1,CC1O[C@]2(O)[C@H](O)[C@@H]1O[C@H]2n1cnc2c(=O)[nH]c(NCO)nc21,GuanosineOnly_gen3
Nc1nc2c(ncn2[C@@H]2O[C@H](CO)[C@@H](O)[C@H]2O)c(=O)[nH]1,C[C@@]1(O)[C@@H](OCO)[C@H](n2cnc3c(=O)[nH]c(N)nc32)O[C@@]12CO2,GuanosineOnly_gen3
Nc1nc2c(ncn2[C@@H]2O[C@H](CO)[C@@H](O)[C@H]2O)c(=O)[nH]1,O=c1[nH]c(NCO)nc2c1ncn2[C@@H]1O[C@]2(CO)CO[C@H]2[C@H]1O,GuanosineOnly_gen3
Nc1nc2c(ncn2[C@@H]2O[C@H](CO)[C@@H](O)[C@H]2O)c(=O)[nH]1,Nc1nc2c(ncn2[C@@H]2O[C@H](COCO)[C@@]3(CO3)[C@H]2O)c(=O)[nH]1,GuanosineOnly_gen3
Nc1nc2c(ncn2[C@@H]2O[C@H](CO)[C@@H](O)[C@H]2O)c(=O)[nH]1,C[C@]12O[C@H](CO)[C@@H](O)[C@H]1Oc1nc3c(=O)[nH]c(NCO)nc3n12,GuanosineOnly_gen3
Nc1nc2c(ncn2[C@@H]2O[C@H](CO)[C@@H](O)[C@H]2O)c(=O)[nH]1,C[C@@]12COc3nc4c(=O)[nH]c(NCO)nc4n3[C@H](O1)[C@H](O)[C@@H]2O,GuanosineOnly_gen3
Nc1nc2c(ncn2[C@@H]2O[C@H](CO)[C@@H](O)[C@H]2O)c(=O)[nH]1,C[C@@]1(CO)O[C@@]2(n3cnc4c(=O)[nH]c(NCO)nc43)O[C@H]1[C@H]2O,GuanosineOnly_gen3
Nc1nc2c(ncn2[C@@H]2O[C@H](CO)[C@@H](O)[C@H]2O)c(=O)[nH]1,O=c1[nH]c(NCO)nc2c1ncn2[C@@H]1O[C@@H]2COC[C@@]2(O)[C@H]1O,GuanosineOnly_gen3
Nc1nc2c(ncn2[C@@H]2O[C@H](CO)[C@@H](O)[C@H]2O)c(=O)[nH]1,C[C@@]1(CO)O[C@@H]2[C@H](Oc3nc4c(=O)[nH]c(N)nc4n32)[C@@H]1OCO,GuanosineOnly_gen3
Nc1nc2c(ncn2[C@@H]2O[C@H](CO)[C@@H](O)[C@H]2O)c(=O)[nH]1,C[C@]1(n2cnc3c(=O)[nH]c(NCO)nc32)O[C@@H]2CO[C@]1(O)[C@@H]2O,GuanosineOnly_gen3
Nc1nc2c(ncn2[C@@H]2O[C@H](CO)[C@@H](O)[C@H]2O)c(=O)[nH]1,Cc1nc2c(=O)[nH]c(N)nc2n1[C@@H]1O[C@H](COCO)[C@H]2O[C@]21O,GuanosineOnly_gen3
Nc1nc2c(ncn2[C@@H]2O[C@H](CO)[C@@H](O)[C@H]2O)c(=O)[nH]1,C[C@@]1(COCO)O[C@@H]2[C@H](O)[C@@H]1Oc1nc3c(=O)[nH]c(N)nc3n12,GuanosineOnly_gen3
Nc1nc2c(ncn2[C@@H]2O[C@H](CO)[C@@H](O)[C@H]2O)c(=O)[nH]1,O=c1[nH]c(NCO)nc2c1ncn2[C@@H]1O[C@H](CO)[C@@]2(O)CO[C@@H]12,GuanosineOnly_gen3
Nc1nc2c(ncn2[C@@H]2O[C@H](CO)[C@@H](O)[C@H]2O)c(=O)[nH]1,C[C@]12CO[C@@]1(OCO)[C@@H](O)[C@H](n1cnc3c(=O)[nH]c(N)nc31)O2,GuanosineOnly_gen3
Nc1nc2c(ncn2[C@@H]2O[C@H](CO)[C@@H](O)[C@H]2O)c(=O)[nH]1,C[C@@]1(COCO)O[C@@H](n2cnc3c(=O)[nH]c(N)nc32)[C@@H]2O[C@@]21O,GuanosineOnly_gen3
Nc1nc2c(ncn2[C@@H]2O[C@H](CO)[C@@H](O)[C@H]2O)c(=O)[nH]1,Nc1nc2c(ncn2[C@@H]2O[C@]3(COCO)CO[C@@H]2[C@@H]3O)c(=O)[nH]1,GuanosineOnly_gen3
Nc1nc2c(ncn2[C@@H]2O[C@H](CO)[C@@H](O)[C@H]2O)c(=O)[nH]1,CC(OCO)[C@H]1O[C@@H]2[C@H](Oc3nc4c(=O)[nH]c(N)nc4n32)[C@@H]1O,GuanosineOnly_gen3
Nc1nc2c(ncn2[C@@H]2O[C@H](CO)[C@@H](O)[C@H]2O)c(=O)[nH]1,CC(O)[C@H]1O[C@@H]2[C@H](Oc3nc4c(=O)[nH]c(N)nc4n32)[C@@H]1OCO,GuanosineOnly_gen3
Nc1nc2c(ncn2[C@@H]2O[C@H](CO)[C@@H](O)[C@H]2O)c(=O)[nH]1,Cc1nc2c(=O)[nH]c(N)nc2n1[C@@]12OC[C@@H](O1)[C@@H](O)[C@H]2OCO,GuanosineOnly_gen3
Nc1nc2c(ncn2[C@@H]2O[C@H](CO)[C@@H](O)[C@H]2O)c(=O)[nH]1,Cc1nc2c(=O)[nH]c(N)nc2n1[C@@H]1O[C@@H]2CO[C@@]2(OCO)[C@H]1O,GuanosineOnly_gen3
Nc1nc2c(ncn2[C@@H]2O[C@H](CO)[C@@H](O)[C@H]2O)c(=O)[nH]1,Nc1nc2c(nc3n2[C@@H]2O[C@H](CO)[C@@H](OCO)[C@H]2OC3)c(=O)[nH]1,GuanosineOnly_gen3
Nc1nc2c(ncn2[C@@H]2O[C@H](CO)[C@@H](O)[C@H]2O)c(=O)[nH]1,CC(O)[C@H]1O[C@@]2(n3cnc4c(=O)[nH]c(N)nc43)O[C@H]1[C@H]2OCO,GuanosineOnly_gen3
Nc1nc2c(ncn2[C@@H]2O[C@H](CO)[C@@H](O)[C@H]2O)c(=O)[nH]1,C[C@@]12O[C@H](COc3nc4c(=O)[nH]c(NCO)nc4n31)[C@@H](O)[C@H]2O,GuanosineOnly_gen3
Nc1nc2c(ncn2[C@@H]2O[C@H](CO)[C@@H](O)[C@H]2O)c(=O)[nH]1,CC1Oc2nc3c(=O)[nH]c(NCO)nc3n2[C@@H]2O[C@H]1[C@@H](O)[C@H]2O,GuanosineOnly_gen3
Nc1nc2c(ncn2[C@@H]2O[C@H](CO)[C@@H](O)[C@H]2O)c(=O)[nH]1,Nc1nc2c(ncn2[C@@H]2O[C@]3(CO)CO[C@H]3[C@H]2OCO)c(=O)[nH]1,GuanosineOnly_gen3
Nc1nc2c(ncn2[C@@H]2O[C@H](CO)[C@@H](O)[C@H]2O)c(=O)[nH]1,Nc1nc2c(ncn2[C@@H]2O[C@H](COCO)[C@H]3OC[C@]32O)c(=O)[nH]1,GuanosineOnly_gen3
Nc1nc2c(ncn2[C@@H]2O[C@H](CO)[C@@H](O)[C@H]2O)c(=O)[nH]1,O=c1[nH]c(NCO)nc2c1ncn2[C@@H]1O[C@H](CO)[C@@H](O)[C@@]12CO2,GuanosineOnly_gen3
Nc1nc2c(ncn2[C@@H]2O[C@H](CO)[C@@H](O)[C@H]2O)c(=O)[nH]1,CCO[C@@H]1[C@H](O)[C@@H](CO)O[C@H]1n1c(C)nc2c(=O)[nH]c(N)nc21,GuanosineOnly_gen3
Nc1nc2c(ncn2[C@@H]2O[C@H](CO)[C@@H](O)[C@H]2O)c(=O)[nH]1,CCO[C@H]1[C@@H](O)[C@H](n2cnc3c(=O)[nH]c(N)nc32)O[C@@]1(C)CO,GuanosineOnly_gen3
Nc1nc2c(ncn2[C@@H]2O[C@H](CO)[C@@H](O)[C@H]2O)c(=O)[nH]1,CCO[C@H]1[C@@H](OC)[C@H](n2cnc3c(=O)[nH]c(N)nc32)O[C@@H]1CO,GuanosineOnly_gen3
Nc1nc2c(ncn2[C@@H]2O[C@H](CO)[C@@H](O)[C@H]2O)c(=O)[nH]1,CC(=O)OC[C@H]1O[C@@H](n2c[nH+]c3c(=O)[nH]c(N)nc32)[C@H](O)[C@@H]1O,GuanosineOnly_gen3
Nc1nc2c(ncn2[C@@H]2O[C@H](CO)[C@@H](O)[C@H]2O)c(=O)[nH]1,Cn1c(N)nc2c(c1=O)[n+](C)cn2[C@@H]1O[C@H](C(=O)O)[C@@H](O)[C@H]1O,GuanosineOnly_gen3
Nc1nc2c(ncn2[C@@H]2O[C@H](CO)[C@@H](O)[C@H]2O)c(=O)[nH]1,CC(=O)Nc1nc2c([nH+]cn2[C@@H]2O[C@H](CO)[C@@H](O)[C@H]2O)c(=O)[nH]1,GuanosineOnly_gen3
Nc1nc2c(ncn2[C@@H]2O[C@H](CO)[C@@H](O)[C@H]2O)c(=O)[nH]1,CO[C@H]1[C@@H](O)[C@H](n2c[n+](C)c3c(=O)[nH]c(N)nc32)O[C@@H]1C(=O)O,GuanosineOnly_gen3
Nc1nc2c(ncn2[C@@H]2O[C@H](CO)[C@@H](O)[C@H]2O)c(=O)[nH]1,CC(OCN)[C@H]1O[C@@H](n2cnc3c(=O)[nH]c(N)nc32)[C@H](O)[C@@H]1O,GuanosineOnly_gen3
Nc1nc2c(ncn2[C@@H]2O[C@H](CO)[C@@H](O)[C@H]2O)c(=O)[nH]1,COCNc1nc2c(ncn2[C@@H]2O[C@H](CO)[C@@H](O)[C@H]2O)c(=O)[nH]1,GuanosineOnly_gen3
Nc1nc2c(ncn2[C@@H]2O[C@H](CO)[C@@H](O)[C@H]2O)c(=O)[nH]1,N#CC(=O)O[C@@H]1[C@H](O)[C@@H](CO)O[C@H]1n1cnc2c(=O)[nH]c(N)nc21,GuanosineOnly_gen3
Nc1nc2c(ncn2[C@@H]2O[C@H](CO)[C@@H](O)[C@H]2O)c(=O)[nH]1,CC(C#N)Nc1nc2c(ncn2[C@@H]2O[C@H](CO)[C@@H](O)[C@H]2O)c(=O)[nH]1,GuanosineOnly_gen3
Nc1nc2c(ncn2[C@@H]2O[C@H](CO)[C@@H](O)[C@H]2O)c(=O)[nH]1,C=CC(=O)OC[C@H]1O[C@@H](n2cnc3c(=O)[nH]c(N)nc32)[C@H](O)[C@@H]1O,GuanosineOnly_gen3
Nc1nc2c(ncn2[C@@H]2O[C@H](CO)[C@@H](O)[C@H]2O)c(=O)[nH]1,CO[C@@H]1[C@H](O)[C@@H](C(O)(O)C#N)O[C@H]1n1cnc2c(=O)[nH]c(N)nc21,GuanosineOnly_gen3
Nc1nc2c(ncn2[C@@H]2O[C@H](CO)[C@@H](O)[C@H]2O)c(=O)[nH]1,CC(=O)OC(O)[C@H]1O[C@@]2(n3cnc4c(=O)[nH]c(N)nc43)O[C@@H]2[C@@H]1O,GuanosineOnly_gen3
Nc1nc2c(ncn2[C@@H]2O[C@H](CO)[C@@H](O)[C@H]2O)c(=O)[nH]1,CC(=O)O[C@H]1[C@H](n2cnc3c(=O)[nH]c(N)nc32)O[C@]2(OC2O)[C@H]1O,GuanosineOnly_gen3
Nc1nc2c(ncn2[C@@H]2O[C@H](CO)[C@@H](O)[C@H]2O)c(=O)[nH]1,CC(=O)O[C@@H]1[C@@H]2Oc3nc4c(=O)[nH]c(N)nc4n3[C@@H]1O[C@@H]2C(O)O,GuanosineOnly_gen3
Nc1nc2c(ncn2[C@@H]2O[C@H](CO)[C@@H](O)[C@H]2O)c(=O)[nH]1,CC(O)OC(=O)[C@H]1O[C@@H]2[C@H](Oc3nc4c(=O)[nH]c(N)nc4n32)[C@@H]1O,GuanosineOnly_gen3
Nc1nc2c(ncn2[C@@H]2O[C@H](CO)[C@@H](O)[C@H]2O)c(=O)[nH]1,CC(O)O[C@@H]1[C@@H]2O[C@@H](n3cnc4c(=O)[nH]c(N)nc43)[C@]1(O)OC2=O,GuanosineOnly_gen3
Nc1nc2c(ncn2[C@@H]2O[C@H](CO)[C@@H](O)[C@H]2O)c(=O)[nH]1,Nc1nc2c(ncn2[C@@H]2O[C@@H]3C(O)OCC(=O)O[C@H]3[C@H]2O)c(=O)[nH]1,GuanosineOnly_gen3
Nc1nc2c(ncn2[C@@H]2O[C@H](CO)[C@@H](O)[C@H]2O)c(=O)[nH]1,C[C@]1(n2cnc3c(=O)[nH]c(N)nc32)O[C@H](C(=O)O)[C@@H](OC=O)[C@H]1O,GuanosineOnly_gen3
Nc1nc2c(ncn2[C@@H]2O[C@H](CO)[C@@H](O)[C@H]2O)c(=O)[nH]1,C[C@]1(n2cnc3c(=O)[nH]c(NC=O)nc32)O[C@H](C(=O)O)[C@@H](O)[C@H]1O,GuanosineOnly_gen3
Nc1nc2c(ncn2[C@@H]2O[C@H](CO)[C@@H](O)[C@H]2O)c(=O)[nH]1,Nc1nc2c(ncn2[C@@H]2O[C@@H]3C(=O)OC(O)CO[C@@H]2[C@@H]3O)c(=O)[nH]1,GuanosineOnly_gen3
Nc1nc2c(ncn2[C@@H]2O[C@H](CO)[C@@H](O)[C@H]2O)c(=O)[nH]1,CC(O)Nc1nc2c(ncn2[C@@H]2O[C@H](C(=O)O)[C@H]3O[C@]32O)c(=O)[nH]1,GuanosineOnly_gen3
Nc1nc2c(ncn2[C@@H]2O[C@H](CO)[C@@H](O)[C@H]2O)c(=O)[nH]1,CC(=O)O[C@H]1[C@H](n2cnc3c(=O)[nH]c(N)nc32)O[C@]2(C(O)O)O[C@@H]12,GuanosineOnly_gen3
Nc1nc2c(ncn2[C@@H]2O[C@H](CO)[C@@H](O)[C@H]2O)c(=O)[nH]1,CC(O)O[C@H]1[C@H]2O[C@@]1(C(=O)O)O[C@H]2n1cnc2c(=O)[nH]c(N)nc21,GuanosineOnly_gen3
Nc1nc2c(ncn2[C@@H]2O[C@H](CO)[C@@H](O)[C@H]2O)c(=O)[nH]1,CC(O)Nc1nc2c(nc3n2[C@@H]2O[C@H](C(=O)O3)[C@@H](O)[C@H]2O)c(=O)[nH]1,GuanosineOnly_gen3
Nc1nc2c(ncn2[C@@H]2O[C@H](CO)[C@@H](O)[C@H]2O)c(=O)[nH]1,CC(O)OC(=O)[C@H]1O[C@@H](n2cnc3c(=O)[nH]c(N)nc32)[C@@H]2O[C@]12O,GuanosineOnly_gen3
Nc1nc2c(ncn2[C@@H]2O[C@H](CO)[C@@H](O)[C@H]2O)c(=O)[nH]1,CC(O)Nc1nc2c(ncn2[C@@]23O[C@H]([C@@H](C(=O)O)O2)[C@H]3O)c(=O)[nH]1,GuanosineOnly_gen3
Nc1nc2c(ncn2[C@@H]2O[C@H](CO)[C@@H](O)[C@H]2O)c(=O)[nH]1,C[C@]1(O)[C@H](O)[C@@H](C(=O)OC=O)O[C@H]1n1cnc2c(=O)[nH]c(N)nc21,GuanosineOnly_gen3
Nc1nc2c(ncn2[C@@H]2O[C@H](CO)[C@@H](O)[C@H]2O)c(=O)[nH]1,Nc1nc2c(ncn2[C@@H]2O[C@H](C(=O)O)[C@H]3OC(O)CO[C@H]32)c(=O)[nH]1,GuanosineOnly_gen3
Nc1nc2c(ncn2[C@@H]2O[C@H](CO)[C@@H](O)[C@H]2O)c(=O)[nH]1,C[C@@]1(C(=O)OC=O)O[C@@H](n2cnc3c(=O)[nH]c(N)nc32)[C@H](O)[C@@H]1O,GuanosineOnly_gen3
Nc1nc2c(ncn2[C@@H]2O[C@H](CO)[C@@H](O)[C@H]2O)c(=O)[nH]1,CC(=O)OC1O[C@]2(O)[C@@H]1O[C@@H](n1cnc3c(=O)[nH]c(N)nc31)[C@@H]2O,GuanosineOnly_gen3
Nc1nc2c(ncn2[C@@H]2O[C@H](CO)[C@@H](O)[C@H]2O)c(=O)[nH]1,C[C@]1(OC=O)[C@@H](C(=O)O)O[C@@H](n2cnc3c(=O)[nH]c(N)nc32)[C@@H]1O,GuanosineOnly_gen3
Nc1nc2c(ncn2[C@@H]2O[C@H](CO)[C@@H](O)[C@H]2O)c(=O)[nH]1,CC(=O)Nc1nc2c(ncn2[C@@]23OC(O)[C@@H](O2)[C@@H](O)[C@H]3O)c(=O)[nH]1,GuanosineOnly_gen3
Nc1nc2c(ncn2[C@@H]2O[C@H](CO)[C@@H](O)[C@H]2O)c(=O)[nH]1,CC(O)O[C@H]1[C@@H](O)[C@H]2O[C@@H]1C(=O)Oc1nc3c(=O)[nH]c(N)nc3n12,GuanosineOnly_gen3
Nc1nc2c(ncn2[C@@H]2O[C@H](CO)[C@@H](O)[C@H]2O)c(=O)[nH]1,CC(O)Nc1nc2c(ncn2[C@@H]2O[C@]3(C(=O)O)O[C@H]3[C@H]2O)c(=O)[nH]1,GuanosineOnly_gen3
Nc1nc2c(ncn2[C@@H]2O[C@H](CO)[C@@H](O)[C@H]2O)c(=O)[nH]1,CC(O)Nc1nc2c(ncn2[C@@H]2O[C@@H]3C(=O)O[C@@]3(O)[C@H]2O)c(=O)[nH]1,GuanosineOnly_gen3
Nc1nc2c(ncn2[C@@H]2O[C@H](CO)[C@@H](O)[C@H]2O)c(=O)[nH]1,O=C(O)[C@H]1O[C@@H]2[C@H](OCC(O)Nc3nc4c(ncn42)c(=O)[nH]3)[C@@H]1O,GuanosineOnly_gen3
Nc1nc2c(ncn2[C@@H]2O[C@H](CO)[C@@H](O)[C@H]2O)c(=O)[nH]1,CC(=O)O[C@@H]1[C@@H]2O[C@]1(n1cnc3c(=O)[nH]c(N)nc31)O[C@@H]2C(O)O,GuanosineOnly_gen3
Nc1nc2c(ncn2[C@@H]2O[C@H](CO)[C@@H](O)[C@H]2O)c(=O)[nH]1,CC(O)OC(=O)[C@H]1O[C@@]2(n3cnc4c(=O)[nH]c(N)nc43)O[C@H]1[C@H]2O,GuanosineOnly_gen3
Nc1nc2c(ncn2[C@@H]2O[C@H](CO)[C@@H](O)[C@H]2O)c(=O)[nH]1,CC(O)OC(=O)[C@]12O[C@@H](n3cnc4c(=O)[nH]c(N)nc43)[C@H](O)[C@@H]1O2,GuanosineOnly_gen3
Nc1nc2c(ncn2[C@@H]2O[C@H](CO)[C@@H](O)[C@H]2O)c(=O)[nH]1,CC(=O)Nc1nc2c(ncn2[C@@]23O[C@H](C(O)O)[C@@H](O)[C@H]2O3)c(=O)[nH]1,GuanosineOnly_gen3
Nc1nc2c(ncn2[C@@H]2O[C@H](CO)[C@@H](O)[C@H]2O)c(=O)[nH]1,CC(O)O[C@@]12OC(=O)[C@H]1O[C@@H](n1cnc3c(=O)[nH]c(N)nc31)[C@@H]2O,GuanosineOnly_gen3
Nc1nc2c(ncn2[C@@H]2O[C@H](CO)[C@@H](O)[C@H]2O)c(=O)[nH]1,CC(=O)Nc1nc2c(ncn2[C@@H]2O[C@H](C(O)O)[C@H]3O[C@]32O)c(=O)[nH]1,GuanosineOnly_gen3
Nc1nc2c(ncn2[C@@H]2O[C@H](CO)[C@@H](O)[C@H]2O)c(=O)[nH]1,CC(O)O[C@@]12O[C@@H]1[C@@H](C(=O)O)O[C@H]2n1cnc2c(=O)[nH]c(N)nc21,GuanosineOnly_gen3
Nc1nc2c(ncn2[C@@H]2O[C@H](CO)[C@@H](O)[C@H]2O)c(=O)[nH]1,Cc1nc2c(=O)[nH]c(NC=O)nc2n1[C@@H]1O[C@H](C(=O)O)[C@@H](O)[C@H]1O,GuanosineOnly_gen3
Nc1nc2c(ncn2[C@@H]2O[C@H](CO)[C@@H](O)[C@H]2O)c(=O)[nH]1,CC(=O)O[C@@]12OC(O)[C@H]1O[C@@H](n1cnc3c(=O)[nH]c(N)nc31)[C@@H]2O,GuanosineOnly_gen3
Nc1nc2c(ncn2[C@@H]2O[C@H](CO)[C@@H](O)[C@H]2O)c(=O)[nH]1,CC(O)O[C@@H]1[C@@H]2Oc3nc4c(=O)[nH]c(N)nc4n3[C@@H]1O[C@@H]2C(=O)O,GuanosineOnly_gen3
Nc1nc2c(ncn2[C@@H]2O[C@H](CO)[C@@H](O)[C@H]2O)c(=O)[nH]1,CC(=O)OC(O)[C@H]1O[C@@H](n2cnc3c(=O)[nH]c(N)nc32)[C@]2(O)O[C@H]12,GuanosineOnly_gen3
Nc1nc2c(ncn2[C@@H]2O[C@H](CO)[C@@H](O)[C@H]2O)c(=O)[nH]1,CC(=O)OC(O)[C@]12O[C@@H](n3cnc4c(=O)[nH]c(N)nc43)[C@H](O)[C@@H]1O2,GuanosineOnly_gen3
Nc1nc2c(ncn2[C@@H]2O[C@H](CO)[C@@H](O)[C@H]2O)c(=O)[nH]1,CC(O)Nc1nc2c(ncn2[C@@]23OC(=O)[C@@H](O2)[C@@H](O)[C@H]3O)c(=O)[nH]1,GuanosineOnly_gen3
Nc1nc2c(ncn2[C@@H]2O[C@H](CO)[C@@H](O)[C@H]2O)c(=O)[nH]1,Nc1nc2c(ncn2[C@@H]2O[C@@H]3C(=O)OCC(O)O[C@H]3[C@H]2O)c(=O)[nH]1,GuanosineOnly_gen3
Nc1nc2c(ncn2[C@@H]2O[C@H](CO)[C@@H](O)[C@H]2O)c(=O)[nH]1,CC(=O)OC1O[C@]2(n3cnc4c(=O)[nH]c(N)nc43)O[C@H]1[C@@H](O)[C@H]2O,GuanosineOnly_gen3
Nc1nc2c(ncn2[C@@H]2O[C@H](CO)[C@@H](O)[C@H]2O)c(=O)[nH]1,CC(=O)Nc1nc2c(ncn2[C@@H]2O[C@]3(C(O)O)O[C@H]3[C@H]2O)c(=O)[nH]1,GuanosineOnly_gen3
Nc1nc2c(ncn2[C@@H]2O[C@H](CO)[C@@H](O)[C@H]2O)c(=O)[nH]1,CC(=O)Nc1nc2c(nc3n2[C@@H]2O[C@H](C(O)O)[C@@H](O3)[C@H]2O)c(=O)[nH]1,GuanosineOnly_gen3
Nc1nc2c(ncn2[C@@H]2O[C@H](CO)[C@@H](O)[C@H]2O)c(=O)[nH]1,O=C1OCC(O)Nc2nc3c(ncn3[C@@H]3O[C@H]1[C@@H](O)[C@H]3O)c(=O)[nH]2,GuanosineOnly_gen3
Nc1nc2c(ncn2[C@@H]2O[C@H](CO)[C@@H](O)[C@H]2O)c(=O)[nH]1,CC(=O)Nc1nc2c(ncn2[C@@H]2O[C@@H]3C(O)O[C@@]3(O)[C@H]2O)c(=O)[nH]1,GuanosineOnly_gen3
Nc1nc2c(ncn2[C@@H]2O[C@H](CO)[C@@H](O)[C@H]2O)c(=O)[nH]1,Cc1nc2c(=O)[nH]c(N)nc2n1[C@@H]1O[C@H](C(=O)OC=O)[C@@H](O)[C@H]1O,GuanosineOnly_gen3
Nc1nc2c(ncn2[C@@H]2O[C@H](CO)[C@@H](O)[C@H]2O)c(=O)[nH]1,Nc1nc2c(ncn2[C@@H]2O[C@H](C(O)O)[C@H]3OC(=O)CO[C@H]32)c(=O)[nH]1,GuanosineOnly_gen3
Nc1nc2c(ncn2[C@@H]2O[C@H](CO)[C@@H](O)[C@H]2O)c(=O)[nH]1,CC(=O)OC1Oc2nc3c(=O)[nH]c(N)nc3n2[C@@H]2O[C@H]1[C@@H](O)[C@H]2O,GuanosineOnly_gen3
Nc1nc2c(ncn2[C@@H]2O[C@H](CO)[C@@H](O)[C@H]2O)c(=O)[nH]1,Nc1nc2c(ncn2[C@@H]2O[C@H](COC=O)[C@@H](OC=O)[C@H]2O)c(=O)[nH]1,GuanosineOnly_gen3
Nc1nc2c(ncn2[C@@H]2O[C@H](CO)[C@@H](O)[C@H]2O)c(=O)[nH]1,O=C1CO[C@H]2[C@@H](O)[C@@H](O[C@@H]2C(O)O)n2cnc3c(=O)[nH]c(nc32)N1,GuanosineOnly_gen3
Nc1nc2c(ncn2[C@@H]2O[C@H](CO)[C@@H](O)[C@H]2O)c(=O)[nH]1,C[n+]1cn([C@@H]2O[C@H](C(O)(O)C#N)[C@@H](O)[C@H]2O)c2nc(N)[nH]c(=O)c21,GuanosineOnly_gen3
Nc1nc2c(ncn2[C@@H]2O[C@H](CO)[C@@H](O)[C@H]2O)c(=O)[nH]1,Cc1nc2c(=O)[nH]c(N)nc2n1[C@@H]1O[C@@H]2CO[C@]1(O)[C@@H]2OC(C)O,GuanosineOnly_gen3
Nc1nc2c(ncn2[C@@H]2O[C@H](CO)[C@@H](O)[C@H]2O)c(=O)[nH]1,CC(O)[C@H]1O[C@@H](n2cnc3c(=O)[nH]c(NC=O)nc32)[C@H](O)[C@@]1(C)O,GuanosineOnly_gen3
Nc1nc2c(ncn2[C@@H]2O[C@H](CO)[C@@H](O)[C@H]2O)c(=O)[nH]1,C[C@@]1(CO)O[C@@H](n2cnc3c(=O)[nH]c(NC=O)nc32)[C@H](O)[C@@]1(C)O,GuanosineOnly_gen3
Nc1nc2c(ncn2[C@@H]2O[C@H](CO)[C@@H](O)[C@H]2O)c(=O)[nH]1,CC(O)N(C)c1nc2c(nc3n2[C@@H]2O[C@H](CO)[C@@H](O)[C@H]2O3)c(=O)[nH]1,GuanosineOnly_gen3
Nc1nc2c(ncn2[C@@H]2O[C@H](CO)[C@@H](O)[C@H]2O)c(=O)[nH]1,CC(OC=O)[C@]1(C)O[C@@H](n2cnc3c(=O)[nH]c(N)nc32)[C@H](O)[C@@H]1O,GuanosineOnly_gen3
Nc1nc2c(ncn2[C@@H]2O[C@H](CO)[C@@H](O)[C@H]2O)c(=O)[nH]1,CC(C)(O)Nc1nc2c(ncn2[C@@H]2O[C@@H]3C(O)O[C@@H]2[C@@H]3O)c(=O)[nH]1,GuanosineOnly_gen3
Nc1nc2c(ncn2[C@@H]2O[C@H](CO)[C@@H](O)[C@H]2O)c(=O)[nH]1,CC(O)Nc1nc2c(nc3n2[C@@H]2O[C@H](CO)[C@@H](O3)[C@]2(C)O)c(=O)[nH]1,GuanosineOnly_gen3
Nc1nc2c(ncn2[C@@H]2O[C@H](CO)[C@@H](O)[C@H]2O)c(=O)[nH]1,CO[C@@H]1[C@@H]2Oc3nc4c(=O)[nH]c(N)nc4n3[C@@H]1O[C@@H]2COC(C)O,GuanosineOnly_gen3
Nc1nc2c(ncn2[C@@H]2O[C@H](CO)[C@@H](O)[C@H]2O)c(=O)[nH]1,CC(O)Nc1nc2c(ncn2[C@@H]2O[C@@]3(C)CO[C@@]3(O)[C@H]2O)c(=O)[nH]1,GuanosineOnly_gen3
Nc1nc2c(ncn2[C@@H]2O[C@H](CO)[C@@H](O)[C@H]2O)c(=O)[nH]1,C[C@@]1(COC=O)O[C@@H](n2cnc3c(=O)[nH]c(N)nc32)[C@H](O)[C@@]1(C)O,GuanosineOnly_gen3
Nc1nc2c(ncn2[C@@H]2O[C@H](CO)[C@@H](O)[C@H]2O)c(=O)[nH]1,CC(O)Nc1nc2c(nc3n2[C@@H]2O[C@H](CO)[C@](C)(O3)[C@H]2O)c(=O)[nH]1,GuanosineOnly_gen3
Nc1nc2c(ncn2[C@@H]2O[C@H](CO)[C@@H](O)[C@H]2O)c(=O)[nH]1,CO[C@H]1[C@H]2O[C@@]1(CO)O[C@H]2n1cnc2c(=O)[nH]c(NC(C)O)nc21,GuanosineOnly_gen3
Nc1nc2c(ncn2[C@@H]2O[C@H](CO)[C@@H](O)[C@H]2O)c(=O)[nH]1,Cc1nc2c(=O)[nH]c3nc2n1[C@@H]1O[C@H](CO)[C@@H](O)[C@H]1OCC(O)N3,GuanosineOnly_gen3
Nc1nc2c(ncn2[C@@H]2O[C@H](CO)[C@@H](O)[C@H]2O)c(=O)[nH]1,CC(O)Nc1nc2c(ncn2[C@@H]2O[C@H]3[C@@H](OC3(C)O)[C@H]2O)c(=O)[nH]1,GuanosineOnly_gen3
Nc1nc2c(ncn2[C@@H]2O[C@H](CO)[C@@H](O)[C@H]2O)c(=O)[nH]1,CC(O)Nc1nc2c(ncn2[C@@H]2O[C@H](CO)[C@]3(C)O[C@@]23O)c(=O)[nH]1,GuanosineOnly_gen3
Nc1nc2c(ncn2[C@@H]2O[C@H](CO)[C@@H](O)[C@H]2O)c(=O)[nH]1,CC(O)O[C@@H]1[C@@H](CO)O[C@H]2n3c(nc4c(=O)[nH]c(N)nc43)O[C@@]12C,GuanosineOnly_gen3
Nc1nc2c(ncn2[C@@H]2O[C@H](CO)[C@@H](O)[C@H]2O)c(=O)[nH]1,CC(C)(O)O[C@@H]1[C@@H]2OC(O)[C@H]2O[C@H]1n1cnc2c(=O)[nH]c(N)nc21,GuanosineOnly_gen3
Nc1nc2c(ncn2[C@@H]2O[C@H](CO)[C@@H](O)[C@H]2O)c(=O)[nH]1,Cc1nc2c(=O)[nH]c(NC(C)O)nc2n1[C@@]12OC[C@@H](O1)[C@@H](O)[C@H]2O,GuanosineOnly_gen3
Nc1nc2c(ncn2[C@@H]2O[C@H](CO)[C@@H](O)[C@H]2O)c(=O)[nH]1,CC(O)OC[C@]1(C)O[C@@H](n2cnc3c(=O)[nH]c(N)nc32)[C@]2(O)O[C@@H]21,GuanosineOnly_gen3
Nc1nc2c(ncn2[C@@H]2O[C@H](CO)[C@@H](O)[C@H]2O)c(=O)[nH]1,Nc1nc2c(ncn2[C@@H]2O[C@H](CO)[C@H]3OC(O)CCO[C@H]32)c(=O)[nH]1,GuanosineOnly_gen3
Nc1nc2c(ncn2[C@@H]2O[C@H](CO)[C@@H](O)[C@H]2O)c(=O)[nH]1,CC(O)O[C@H]1[C@@H](O)[C@]2(n3cnc4c(=O)[nH]c(N)nc43)COC[C@H]1O2,GuanosineOnly_gen3
Nc1nc2c(ncn2[C@@H]2O[C@H](CO)[C@@H](O)[C@H]2O)c(=O)[nH]1,CC(O)O[C@@H]1[C@@H](C(C)O)O[C@@]2(n3cnc4c(=O)[nH]c(N)nc43)O[C@H]12,GuanosineOnly_gen3
Nc1nc2c(ncn2[C@@H]2O[C@H](CO)[C@@H](O)[C@H]2O)c(=O)[nH]1,CC(O)O[C@]1(C)[C@H](n2cnc3c(=O)[nH]c(N)nc32)O[C@@H]2CO[C@]21O,GuanosineOnly_gen3
Nc1nc2c(ncn2[C@@H]2O[C@H](CO)[C@@H](O)[C@H]2O)c(=O)[nH]1,CC1OCC(O)O[C@@H]2[C@H](O)[C@@H]1O[C@H]2n1cnc2c(=O)[nH]c(N)nc21,GuanosineOnly_gen3
Nc1nc2c(ncn2[C@@H]2O[C@H](CO)[C@@H](O)[C@H]2O)c(=O)[nH]1,Cc1nc2c(=O)[nH]c(N)nc2n1[C@@H]1O[C@@H]2C(OC(C)O)O[C@@H]1[C@@H]2O,GuanosineOnly_gen3
Nc1nc2c(ncn2[C@@H]2O[C@H](CO)[C@@H](O)[C@H]2O)c(=O)[nH]1,Cc1nc2c(=O)[nH]c(NC(C)O)nc2n1[C@]12O[C@@H]([C@H]1O)[C@@H](CO)O2,GuanosineOnly_gen3
Nc1nc2c(ncn2[C@@H]2O[C@H](CO)[C@@H](O)[C@H]2O)c(=O)[nH]1,CC(O)O[C@H]1[C@H]2OCOC[C@H]1O[C@H]2n1cnc2c(=O)[nH]c(N)nc21,GuanosineOnly_gen3
Nc1nc2c(ncn2[C@@H]2O[C@H](CO)[C@@H](O)[C@H]2O)c(=O)[nH]1,Cc1nc2c(=O)[nH]c(N)nc2n1[C@@H]1O[C@H](CO)[C@H]2O[C@]21OC(C)O,GuanosineOnly_gen3
Nc1nc2c(ncn2[C@@H]2O[C@H](CO)[C@@H](O)[C@H]2O)c(=O)[nH]1,CC(O)O[C@@]1(C)[C@H]2COc3nc4c(=O)[nH]c(N)nc4n3[C@H](O2)[C@@H]1O,GuanosineOnly_gen3
Nc1nc2c(ncn2[C@@H]2O[C@H](CO)[C@@H](O)[C@H]2O)c(=O)[nH]1,C[C@]1(O)[C@H](OC=O)[C@@H](CO)O[C@]1(C)n1cnc2c(=O)[nH]c(N)nc21,GuanosineOnly_gen3
Nc1nc2c(ncn2[C@@H]2O[C@H](CO)[C@@H](O)[C@H]2O)c(=O)[nH]1,CC(O)Nc1nc2c(nc3n2[C@@H]2O[C@@](C)(CO)[C@@H](O3)[C@H]2O)c(=O)[nH]1,GuanosineOnly_gen3
Nc1nc2c(ncn2[C@@H]2O[C@H](CO)[C@@H](O)[C@H]2O)c(=O)[nH]1,O=c1[nH]c2nc3c1ncn3[C@@H]1O[C@H](CO)[C@@H](O)[C@H]1OCCC(O)N2,GuanosineOnly_gen3
Nc1nc2c(ncn2[C@@H]2O[C@H](CO)[C@@H](O)[C@H]2O)c(=O)[nH]1,CC(O)Nc1nc2c(nc3n2[C@@H]2O[C@H](C(C)O)[C@@H](O)[C@H]2O3)c(=O)[nH]1,GuanosineOnly_gen3
Nc1nc2c(ncn2[C@@H]2O[C@H](CO)[C@@H](O)[C@H]2O)c(=O)[nH]1,Cc1nc2c(=O)[nH]c(N)nc2n1[C@@]1(C)O[C@H](CO)[C@@H](OC=O)[C@H]1O,GuanosineOnly_gen3
Nc1nc2c(ncn2[C@@H]2O[C@H](CO)[C@@H](O)[C@H]2O)c(=O)[nH]1,Cc1nc2c(=O)[nH]c3nc2n1[C@@H]1O[C@H](COCC(O)N3)[C@@H](O)[C@H]1O,GuanosineOnly_gen3
Nc1nc2c(ncn2[C@@H]2O[C@H](CO)[C@@H](O)[C@H]2O)c(=O)[nH]1,CCC(O)O[C@]12O[C@H]1[C@H](n1cnc3c(=O)[nH]c(N)nc31)O[C@@H]2CO,GuanosineOnly_gen3
Nc1nc2c(ncn2[C@@H]2O[C@H](CO)[C@@H](O)[C@H]2O)c(=O)[nH]1,CC(O)O[C@@]12O[C@@]1(C)[C@@H](CO)O[C@H]2n1cnc2c(=O)[nH]c(N)nc21,GuanosineOnly_gen3
Nc1nc2c(ncn2[C@@H]2O[C@H](CO)[C@@H](O)[C@H]2O)c(=O)[nH]1,Cc1nc2c(=O)[nH]c(NC(C)O)nc2n1[C@@H]1O[C@@H]2CO[C@@]2(O)[C@H]1O,GuanosineOnly_gen3
Nc1nc2c(ncn2[C@@H]2O[C@H](CO)[C@@H](O)[C@H]2O)c(=O)[nH]1,CO[C@@]1(C)[C@@H](CO)O[C@@H](n2cnc3c(=O)[nH]c(NC=O)nc32)[C@@H]1O,GuanosineOnly_gen3
Nc1nc2c(ncn2[C@@H]2O[C@H](CO)[C@@H](O)[C@H]2O)c(=O)[nH]1,CC(O)O[C@@H]1[C@H](O)[C@H]2COCc3nc4c(=O)[nH]c(N)nc4n3[C@@H]1O2,GuanosineOnly_gen3
Nc1nc2c(ncn2[C@@H]2O[C@H](CO)[C@@H](O)[C@H]2O)c(=O)[nH]1,CC(O)OC[C@H]1O[C@](C)(n2cnc3c(=O)[nH]c(N)nc32)[C@]2(O)O[C@H]12,GuanosineOnly_gen3
Nc1nc2c(ncn2[C@@H]2O[C@H](CO)[C@@H](O)[C@H]2O)c(=O)[nH]1,C[C@@]1(O)[C@@H](OC=O)[C@@](C)(n2cnc3c(=O)[nH]c(N)nc32)O[C@@H]1CO,GuanosineOnly_gen3
Nc1nc2c(ncn2[C@@H]2O[C@H](CO)[C@@H](O)[C@H]2O)c(=O)[nH]1,CCC(O)[C@H]1O[C@@H](n2cnc3c(=O)[nH]c(N)nc32)[C@H](O)[C@@H]1OC=O,GuanosineOnly_gen3
Nc1nc2c(ncn2[C@@H]2O[C@H](CO)[C@@H](O)[C@H]2O)c(=O)[nH]1,CC1O[C@H]2[C@@H](O)[C@@H](O[C@@H]2CO)n2cnc3c(=O)[nH]c(nc32)NC1O,GuanosineOnly_gen3
Nc1nc2c(ncn2[C@@H]2O[C@H](CO)[C@@H](O)[C@H]2O)c(=O)[nH]1,CC(O)Nc1nc2c(ncn2[C@]23O[C@@H]2[C@@](C)(O)[C@@H](CO)O3)c(=O)[nH]1,GuanosineOnly_gen3
Nc1nc2c(ncn2[C@@H]2O[C@H](CO)[C@@H](O)[C@H]2O)c(=O)[nH]1,CC(O)O[C@H]1[C@H](n2cnc3c(=O)[nH]c(N)nc32)O[C@@]2(C)CO[C@@]12O,GuanosineOnly_gen3
Nc1nc2c(ncn2[C@@H]2O[C@H](CO)[C@@H](O)[C@H]2O)c(=O)[nH]1,CC(O)Nc1nc2c(ncn2[C@@H]2O[C@]3(CO)O[C@]3(C)[C@H]2O)c(=O)[nH]1,GuanosineOnly_gen3
Nc1nc2c(ncn2[C@@H]2O[C@H](CO)[C@@H](O)[C@H]2O)c(=O)[nH]1,CC(C)(O)O[C@H]1[C@@H](O)[C@]2(n3cnc4c(=O)[nH]c(N)nc43)OC[C@H]1O2,GuanosineOnly_gen3
Nc1nc2c(ncn2[C@@H]2O[C@H](CO)[C@@H](O)[C@H]2O)c(=O)[nH]1,CC(O)N(C)c1nc2c(ncn2[C@@H]2O[C@]3(CO)O[C@@H]2[C@@H]3O)c(=O)[nH]1,GuanosineOnly_gen3
Nc1nc2c(ncn2[C@@H]2O[C@H](CO)[C@@H](O)[C@H]2O)c(=O)[nH]1,CC(O)[C@H]1O[C@](C)(n2cnc3c(=O)[nH]c(N)nc32)[C@H](OC=O)[C@@H]1O,GuanosineOnly_gen3
Nc1nc2c(ncn2[C@@H]2O[C@H](CO)[C@@H](O)[C@H]2O)c(=O)[nH]1,CC(O)OC1(C)O[C@@H]2[C@H](O)[C@@H]1O[C@H]2n1cnc2c(=O)[nH]c(N)nc21,GuanosineOnly_gen3
Nc1nc2c(ncn2[C@@H]2O[C@H](CO)[C@@H](O)[C@H]2O)c(=O)[nH]1,COC[C@]1(C)O[C@@H](n2cnc3c(=O)[nH]c(N)nc32)[C@H](O)[C@@H]1OC=O,GuanosineOnly_gen3
Nc1nc2c(ncn2[C@@H]2O[C@H](CO)[C@@H](O)[C@H]2O)c(=O)[nH]1,CC(O)O[C@@H]1[C@]2(CO2)O[C@@H](n2cnc3c(=O)[nH]c(N)nc32)[C@@]1(C)O,GuanosineOnly_gen3
Nc1nc2c(ncn2[C@@H]2O[C@H](CO)[C@@H](O)[C@H]2O)c(=O)[nH]1,CC(O)OC[C@]1(C)O[C@@H]2[C@H](Oc3nc4c(=O)[nH]c(N)nc4n32)[C@@H]1O,GuanosineOnly_gen3
Nc1nc2c(ncn2[C@@H]2O[C@H](CO)[C@@H](O)[C@H]2O)c(=O)[nH]1,CC(O)Nc1nc2c(ncn2[C@@H]2O[C@@H]3COCO[C@@H]2[C@@H]3O)c(=O)[nH]1,GuanosineOnly_gen3
Nc1nc2c(ncn2[C@@H]2O[C@H](CO)[C@@H](O)[C@H]2O)c(=O)[nH]1,CO[C@H]1[C@H]2OCC(O)Nc3nc4c(ncn4[C@@H]2O[C@@H]1CO)c(=O)[nH]3,GuanosineOnly_gen3
Nc1nc2c(ncn2[C@@H]2O[C@H](CO)[C@@H](O)[C@H]2O)c(=O)[nH]1,CC(O)OC1O[C@H]2[C@H](n3cnc4c(=O)[nH]c(N)nc43)O[C@]1(C)[C@H]2O,GuanosineOnly_gen3
Nc1nc2c(ncn2[C@@H]2O[C@H](CO)[C@@H](O)[C@H]2O)c(=O)[nH]1,CC(O)O[C@@H]1[C@@H]2OC[C@]1(n1cnc3c(=O)[nH]c(N)nc31)O[C@@H]2CO,GuanosineOnly_gen3
Nc1nc2c(ncn2[C@@H]2O[C@H](CO)[C@@H](O)[C@H]2O)c(=O)[nH]1,CC(O)O[C@]12OC[C@](C)(O[C@H]1n1cnc3c(=O)[nH]c(N)nc31)[C@H]2O,GuanosineOnly_gen3
Nc1nc2c(ncn2[C@@H]2O[C@H](CO)[C@@H](O)[C@H]2O)c(=O)[nH]1,COC[C@H]1O[C@@H](n2cnc3c(=O)[nH]c(NC(C)O)nc32)[C@@H]2O[C@]12O,GuanosineOnly_gen3
Nc1nc2c(ncn2[C@@H]2O[C@H](CO)[C@@H](O)[C@H]2O)c(=O)[nH]1,CO[C@H]1[C@H]2OC(O)[C@H]1O[C@H]2n1cnc2c(=O)[nH]c(NC(C)O)nc21,GuanosineOnly_gen3
Nc1nc2c(ncn2[C@@H]2O[C@H](CO)[C@@H](O)[C@H]2O)c(=O)[nH]1,Cc1nc2c(=O)[nH]c(N)nc2n1[C@@H]1O[C@@H]2CO[C@]1(OC(C)O)[C@@H]2O,GuanosineOnly_gen3
Nc1nc2c(ncn2[C@@H]2O[C@H](CO)[C@@H](O)[C@H]2O)c(=O)[nH]1,C[C@]1(O)[C@@H](CO)O[C@@H](n2cnc3c(=O)[nH]c(NC=O)nc32)[C@@]1(C)O,GuanosineOnly_gen3
Nc1nc2c(ncn2[C@@H]2O[C@H](CO)[C@@H](O)[C@H]2O)c(=O)[nH]1,CC(O)[C@H]1O[C@@H](n2cnc3c(=O)[nH]c(N)nc32)[C@H](OC=O)[C@@]1(C)O,GuanosineOnly_gen3
Nc1nc2c(ncn2[C@@H]2O[C@H](CO)[C@@H](O)[C@H]2O)c(=O)[nH]1,CC(O)O[C@@H]1[C@H]2CO[C@@]1(O)[C@@](C)(n1cnc3c(=O)[nH]c(N)nc31)O2,GuanosineOnly_gen3
Nc1nc2c(ncn2[C@@H]2O[C@H](CO)[C@@H](O)[C@H]2O)c(=O)[nH]1,CC(O)Nc1nc2c(nc3n2[C@@H]2O[C@H](CO3)[C@@H](O)[C@]2(C)O)c(=O)[nH]1,GuanosineOnly_gen3
Nc1nc2c(ncn2[C@@H]2O[C@H](CO)[C@@H](O)[C@H]2O)c(=O)[nH]1,Cc1nc2c(=O)[nH]c(N)nc2n1[C@@H]1O[C@@](C)(COC=O)[C@@H](O)[C@H]1O,GuanosineOnly_gen3
Nc1nc2c(ncn2[C@@H]2O[C@H](CO)[C@@H](O)[C@H]2O)c(=O)[nH]1,CC(O)O[C@H]1[C@H]2O[C@@](C)(CO)[C@H]1Oc1nc3c(=O)[nH]c(N)nc3n12,GuanosineOnly_gen3
Nc1nc2c(ncn2[C@@H]2O[C@H](CO)[C@@H](O)[C@H]2O)c(=O)[nH]1,CC(O)O[C@H]1[C@H](n2cnc3c(=O)[nH]c(N)nc32)O[C@]2(OC2C)[C@H]1O,GuanosineOnly_gen3
Nc1nc2c(ncn2[C@@H]2O[C@H](CO)[C@@H](O)[C@H]2O)c(=O)[nH]1,CC(O)O[C@@]1(C)[C@@H]2OC(O)[C@H]2O[C@H]1n1cnc2c(=O)[nH]c(N)nc21,GuanosineOnly_gen3
Nc1nc2c(ncn2[C@@H]2O[C@H](CO)[C@@H](O)[C@H]2O)c(=O)[nH]1,COC(C)[C@H]1O[C@@H](n2cnc3c(=O)[nH]c(N)nc32)[C@H](OC=O)[C@@H]1O,GuanosineOnly_gen3
Nc1nc2c(ncn2[C@@H]2O[C@H](CO)[C@@H](O)[C@H]2O)c(=O)[nH]1,CC(O)O[C@H]1[C@H]2O[C@@](C)(COc3nc4c(=O)[nH]c(N)nc4n32)[C@H]1O,GuanosineOnly_gen3
Nc1nc2c(ncn2[C@@H]2O[C@H](CO)[C@@H](O)[C@H]2O)c(=O)[nH]1,C[C@]1(n2cnc3c(=O)[nH]c(N)nc32)O[C@@H]2COC(O)CO[C@H]2[C@H]1O,GuanosineOnly_gen3
Nc1nc2c(ncn2[C@@H]2O[C@H](CO)[C@@H](O)[C@H]2O)c(=O)[nH]1,CC(O)O[C@@]12O[C@@H]1[C@@H](CO)O[C@]2(C)n1cnc2c(=O)[nH]c(N)nc21,GuanosineOnly_gen3
Nc1nc2c(ncn2[C@@H]2O[C@H](CO)[C@@H](O)[C@H]2O)c(=O)[nH]1,CC(O)O[C@]1(C)[C@H]2O[C@@]1(CO)O[C@H]2n1cnc2c(=O)[nH]c(N)nc21,GuanosineOnly_gen3
Nc1nc2c(ncn2[C@@H]2O[C@H](CO)[C@@H](O)[C@H]2O)c(=O)[nH]1,CC(O)[C@H]1O[C@@H](n2cnc3c(=O)[nH]c(N)nc32)[C@@H]2OC(O)CO[C@@H]21,GuanosineOnly_gen3
Nc1nc2c(ncn2[C@@H]2O[C@H](CO)[C@@H](O)[C@H]2O)c(=O)[nH]1,CC(O)O[C@]12O[C@H]1[C@@](C)(n1cnc3c(=O)[nH]c(N)nc31)O[C@@H]2CO,GuanosineOnly_gen3
Nc1nc2c(ncn2[C@@H]2O[C@H](CO)[C@@H](O)[C@H]2O)c(=O)[nH]1,CC(O)Nc1nc2c(ncn2[C@@H]2O[C@@](C)(CO)[C@H]3O[C@@]23O)c(=O)[nH]1,GuanosineOnly_gen3
Nc1nc2c(ncn2[C@@H]2O[C@H](CO)[C@@H](O)[C@H]2O)c(=O)[nH]1,CN(C=O)c1nc2c(ncn2[C@@H]2O[C@@](C)(CO)[C@@H](O)[C@H]2O)c(=O)[nH]1,GuanosineOnly_gen3
Nc1nc2c(ncn2[C@@H]2O[C@H](CO)[C@@H](O)[C@H]2O)c(=O)[nH]1,CC(O)OC[C@]12O[C@@H](n3cnc4c(=O)[nH]c(N)nc43)[C@H](O)[C@@]1(C)O2,GuanosineOnly_gen3
Nc1nc2c(ncn2[C@@H]2O[C@H](CO)[C@@H](O)[C@H]2O)c(=O)[nH]1,CC(O)[C@H]1O[C@@H]2[C@H](O)[C@@H]1OCC(O)Nc1nc3c(ncn32)c(=O)[nH]1,GuanosineOnly_gen3
Nc1nc2c(ncn2[C@@H]2O[C@H](CO)[C@@H](O)[C@H]2O)c(=O)[nH]1,Cc1nc2c(=O)[nH]c(NC=O)nc2n1[C@@H]1O[C@@](C)(CO)[C@@H](O)[C@H]1O,GuanosineOnly_gen3
Nc1nc2c(ncn2[C@@H]2O[C@H](CO)[C@@H](O)[C@H]2O)c(=O)[nH]1,Cc1nc2c(=O)[nH]c(N)nc2n1[C@@H]1O[C@H](CO)[C@@H](OC=O)[C@]1(C)O,GuanosineOnly_gen3
Nc1nc2c(ncn2[C@@H]2O[C@H](CO)[C@@H](O)[C@H]2O)c(=O)[nH]1,C[C@]12OCC(O)Nc3nc4c(ncn4[C@H](O[C@@H]1CO)[C@@H]2O)c(=O)[nH]3,GuanosineOnly_gen3
Nc1nc2c(ncn2[C@@H]2O[C@H](CO)[C@@H](O)[C@H]2O)c(=O)[nH]1,C[C@@]1(O)[C@@H](O)[C@@](C)(n2cnc3c(=O)[nH]c(N)nc32)O[C@@H]1COC=O,GuanosineOnly_gen3
Nc1nc2c(ncn2[C@@H]2O[C@H](CO)[C@@H](O)[C@H]2O)c(=O)[nH]1,C[C@]1(O)[C@@H](CO)O[C@@H](n2cnc3c(=O)[nH]c(N)nc32)[C@@]1(C)OC=O,GuanosineOnly_gen3
Nc1nc2c(ncn2[C@@H]2O[C@H](CO)[C@@H](O)[C@H]2O)c(=O)[nH]1,CC(O)O[C@]12CO[C@H]1[C@H](n1cnc3c(=O)[nH]c(N)nc31)O[C@@H]2CO,GuanosineOnly_gen3
Nc1nc2c(ncn2[C@@H]2O[C@H](CO)[C@@H](O)[C@H]2O)c(=O)[nH]1,CC(O)N(C)c1nc2c(ncn2[C@@H]2O[C@H](CO)[C@@]3(O)O[C@@H]23)c(=O)[nH]1,GuanosineOnly_gen3
Nc1nc2c(ncn2[C@@H]2O[C@H](CO)[C@@H](O)[C@H]2O)c(=O)[nH]1,CC(O)Nc1nc2c(ncn2[C@@]23O[C@H]([C@@H](CO)O2)[C@]3(C)O)c(=O)[nH]1,GuanosineOnly_gen3
Nc1nc2c(ncn2[C@@H]2O[C@H](CO)[C@@H](O)[C@H]2O)c(=O)[nH]1,CC(O)O[C@@]12OC[C@H]1O[C@](C)(n1cnc3c(=O)[nH]c(N)nc31)[C@@H]2O,GuanosineOnly_gen3
Nc1nc2c(ncn2[C@@H]2O[C@H](CO)[C@@H](O)[C@H]2O)c(=O)[nH]1,CC(O)[C@]1(C)O[C@@H](n2cnc3c(=O)[nH]c(NC=O)nc32)[C@H](O)[C@@H]1O,GuanosineOnly_gen3
Nc1nc2c(ncn2[C@@H]2O[C@H](CO)[C@@H](O)[C@H]2O)c(=O)[nH]1,COC[C@H]1O[C@@H](n2cnc3c(=O)[nH]c(NC=O)nc32)[C@@](C)(O)[C@@H]1O,GuanosineOnly_gen3
Nc1nc2c(ncn2[C@@H]2O[C@H](CO)[C@@H](O)[C@H]2O)c(=O)[nH]1,Cc1nc2c(=O)[nH]c(NC(C)O)nc2n1[C@@H]1O[C@@H]2C(O)O[C@@H]1[C@@H]2O,GuanosineOnly_gen3
Nc1nc2c(ncn2[C@@H]2O[C@H](CO)[C@@H](O)[C@H]2O)c(=O)[nH]1,COC[C@H]1O[C@@H](n2c(C)nc3c(=O)[nH]c(N)nc32)[C@H](OC=O)[C@@H]1O,GuanosineOnly_gen3
Nc1nc2c(ncn2[C@@H]2O[C@H](CO)[C@@H](O)[C@H]2O)c(=O)[nH]1,CC(O)OC[C@H]1O[C@@]2(n3cnc4c(=O)[nH]c(N)nc43)O[C@@]2(C)[C@@H]1O,GuanosineOnly_gen3
Nc1nc2c(ncn2[C@@H]2O[C@H](CO)[C@@H](O)[C@H]2O)c(=O)[nH]1,CC(C)(O)O[C@H]1[C@H](n2cnc3c(=O)[nH]c(N)nc32)O[C@@H]2CO[C@]21O,GuanosineOnly_gen3
Nc1nc2c(ncn2[C@@H]2O[C@H](CO)[C@@H](O)[C@H]2O)c(=O)[nH]1,CC1O[C@H]2[C@@H](OC1O)[C@H](n1cnc3c(=O)[nH]c(N)nc31)O[C@@H]2CO,GuanosineOnly_gen3
Nc1nc2c(ncn2[C@@H]2O[C@H](CO)[C@@H](O)[C@H]2O)c(=O)[nH]1,Cc1nc2c(=O)[nH]c(NC(C)O)nc2n1[C@@H]1O[C@H](CO)[C@@]2(O)O[C@@H]12,GuanosineOnly_gen3
Nc1nc2c(ncn2[C@@H]2O[C@H](CO)[C@@H](O)[C@H]2O)c(=O)[nH]1,C[C@]1(O)[C@@H]2OCC(O)OC[C@H]2O[C@H]1n1cnc2c(=O)[nH]c(N)nc21,GuanosineOnly_gen3
Nc1nc2c(ncn2[C@@H]2O[C@H](CO)[C@@H](O)[C@H]2O)c(=O)[nH]1,C[C@]1(n2cnc3c(=O)[nH]c(NC=O)nc32)O[C@@](C)(CO)[C@@H](O)[C@H]1O,GuanosineOnly_gen3
Nc1nc2c(ncn2[C@@H]2O[C@H](CO)[C@@H](O)[C@H]2O)c(=O)[nH]1,CC(O)Nc1nc2c(ncn2[C@@H]2O[C@@](C)(CO)[C@@]3(O)O[C@@H]23)c(=O)[nH]1,GuanosineOnly_gen3
Nc1nc2c(ncn2[C@@H]2O[C@H](CO)[C@@H](O)[C@H]2O)c(=O)[nH]1,Cc1nc2c(=O)[nH]c(N)nc2n1[C@@H]1O[C@H](COC(C)O)[C@@]2(O)O[C@@H]12,GuanosineOnly_gen3
Nc1nc2c(ncn2[C@@H]2O[C@H](CO)[C@@H](O)[C@H]2O)c(=O)[nH]1,Cc1nc2c(=O)[nH]c(N)nc2n1[C@@H]1O[C@H](CO)[C@H]2OCC(O)O[C@H]21,GuanosineOnly_gen3
Nc1nc2c(ncn2[C@@H]2O[C@H](CO)[C@@H](O)[C@H]2O)c(=O)[nH]1,CC(O)O[C@]12COC[C@@H](O[C@H]1n1cnc3c(=O)[nH]c(N)nc31)[C@H]2O,GuanosineOnly_gen3
Nc1nc2c(ncn2[C@@H]2O[C@H](CO)[C@@H](O)[C@H]2O)c(=O)[nH]1,C[C@@]1(CO)O[C@@H](n2cnc3c(=O)[nH]c(N)nc32)[C@@H]2OCC(O)O[C@@H]21,GuanosineOnly_gen3
Nc1nc2c(ncn2[C@@H]2O[C@H](CO)[C@@H](O)[C@H]2O)c(=O)[nH]1,C[C@@]12O[C@H](COCC(O)Nc3nc4c(ncn41)c(=O)[nH]3)[C@@H](O)[C@H]2O,GuanosineOnly_gen3
Nc1nc2c(ncn2[C@@H]2O[C@H](CO)[C@@H](O)[C@H]2O)c(=O)[nH]1,Cc1nc2c(=O)[nH]c(N)nc2n1[C@@]1(C)O[C@H](COC=O)[C@@H](O)[C@H]1O,GuanosineOnly_gen3
Nc1nc2c(ncn2[C@@H]2O[C@H](CO)[C@@H](O)[C@H]2O)c(=O)[nH]1,CO[C@H]1[C@H](n2cnc3c(=O)[nH]c(N)nc32)O[C@@H]2CO[C@]21OC(C)O,GuanosineOnly_gen3
Nc1nc2c(ncn2[C@@H]2O[C@H](CO)[C@@H](O)[C@H]2O)c(=O)[nH]1,CC(O)Nc1nc2c(ncn2[C@@H]2O[C@@H]3CO[C@]2(O)[C@@]3(C)O)c(=O)[nH]1,GuanosineOnly_gen3
Nc1nc2c(ncn2[C@@H]2O[C@H](CO)[C@@H](O)[C@H]2O)c(=O)[nH]1,CC(O)O[C@]1(C)[C@@H](O)[C@H](n2cnc3c(=O)[nH]c(N)nc32)O[C@@]12CO2,GuanosineOnly_gen3
Nc1nc2c(ncn2[C@@H]2O[C@H](CO)[C@@H](O)[C@H]2O)c(=O)[nH]1,COC1CO[C@H]2[C@@H](O)[C@H](n3cnc4c(=O)[nH]c(N)nc43)O[C@@H]2CO1,GuanosineOnly_gen3
Nc1nc2c(ncn2[C@@H]2O[C@H](CO)[C@@H](O)[C@H]2O)c(=O)[nH]1,CC(O)Nc1nc2c(ncn2[C@@H]2O[C@@H]3C(O)O[C@@]2(C)[C@@H]3O)c(=O)[nH]1,GuanosineOnly_gen3
Nc1nc2c(ncn2[C@@H]2O[C@H](CO)[C@@H](O)[C@H]2O)c(=O)[nH]1,C[C@]1(O)[C@H](O)[C@@H](CO)O[C@]1(C)n1cnc2c(=O)[nH]c(NC=O)nc21,GuanosineOnly_gen3
Nc1nc2c(ncn2[C@@H]2O[C@H](CO)[C@@H](O)[C@H]2O)c(=O)[nH]1,COC(C)Nc1nc2c(ncn2[C@@H]2O[C@]3(CO)O[C@H]3[C@H]2O)c(=O)[nH]1,GuanosineOnly_gen3
Nc1nc2c(ncn2[C@@H]2O[C@H](CO)[C@@H](O)[C@H]2O)c(=O)[nH]1,CCc1nc2c(=O)[nH]c(N)nc2n1[C@@H]1O[C@H](CO)[C@@H](OC=O)[C@H]1O,GuanosineOnly_gen3
Nc1nc2c(ncn2[C@@H]2O[C@H](CO)[C@@H](O)[C@H]2O)c(=O)[nH]1,Cc1nc2c(=O)[nH]c(N)nc2n1[C@@H]1O[C@H](C(C)OC=O)[C@@H](O)[C@H]1O,GuanosineOnly_gen3
Nc1nc2c(ncn2[C@@H]2O[C@H](CO)[C@@H](O)[C@H]2O)c(=O)[nH]1,CC(C)(O)Nc1nc2c(nc3n2[C@@H]2O[C@H](CO)[C@@H](O3)[C@H]2O)c(=O)[nH]1,GuanosineOnly_gen3
Nc1nc2c(ncn2[C@@H]2O[C@H](CO)[C@@H](O)[C@H]2O)c(=O)[nH]1,CC(C)(O)[C@H]1O[C@@H](n2cnc3c(=O)[nH]c(N)nc32)[C@H](O)[C@@H]1OC=O,GuanosineOnly_gen3
Nc1nc2c(ncn2[C@@H]2O[C@H](CO)[C@@H](O)[C@H]2O)c(=O)[nH]1,Cc1nc2c(=O)[nH]c(N)nc2n1[C@]12O[C@@H]1[C@H](OC(C)O)[C@@H](CO)O2,GuanosineOnly_gen3
Nc1nc2c(ncn2[C@@H]2O[C@H](CO)[C@@H](O)[C@H]2O)c(=O)[nH]1,CCO[C@@H]1[C@H](O)[C@@H](CO)O[C@H]1n1cnc2c(=O)[nH]c(NC=O)nc21,GuanosineOnly_gen3
Nc1nc2c(ncn2[C@@H]2O[C@H](CO)[C@@H](O)[C@H]2O)c(=O)[nH]1,Cc1nc2c(=O)[nH]c(N)nc2n1[C@@H]1O[C@H](CO)[C@](C)(OC=O)[C@H]1O,GuanosineOnly_gen3
Nc1nc2c(ncn2[C@@H]2O[C@H](CO)[C@@H](O)[C@H]2O)c(=O)[nH]1,CC(O)O[C@]12OC[C@@H](O[C@]1(C)n1cnc3c(=O)[nH]c(N)nc31)[C@H]2O,GuanosineOnly_gen3
Nc1nc2c(ncn2[C@@H]2O[C@H](CO)[C@@H](O)[C@H]2O)c(=O)[nH]1,CC(O)O[C@@H]1[C@H](O)[C@@H]2O[C@H]1n1c(nc3c(=O)[nH]c(N)nc31)OC2C,GuanosineOnly_gen3
Nc1nc2c(ncn2[C@@H]2O[C@H](CO)[C@@H](O)[C@H]2O)c(=O)[nH]1,COC(C)[C@H]1O[C@@H](n2cnc3c(=O)[nH]c(NC=O)nc32)[C@H](O)[C@@H]1O,GuanosineOnly_gen3
Nc1nc2c(ncn2[C@@H]2O[C@H](CO)[C@@H](O)[C@H]2O)c(=O)[nH]1,CC(O)O[C@@H]1[C@@H](CO)O[C@@H](n2cnc3c(=O)[nH]c(N)nc32)[C@]12CO2,GuanosineOnly_gen3
Nc1nc2c(ncn2[C@@H]2O[C@H](CO)[C@@H](O)[C@H]2O)c(=O)[nH]1,CC(O)O[C@@H]1[C@H](O)[C@]2(C)CO[C@]1(n1cnc3c(=O)[nH]c(N)nc31)O2,GuanosineOnly_gen3
Nc1nc2c(ncn2[C@@H]2O[C@H](CO)[C@@H](O)[C@H]2O)c(=O)[nH]1,CC(O)Nc1nc2c(ncn2[C@@]23OC[C@@H](O2)[C@@H](O)[C@]3(C)O)c(=O)[nH]1,GuanosineOnly_gen3
Nc1nc2c(ncn2[C@@H]2O[C@H](CO)[C@@H](O)[C@H]2O)c(=O)[nH]1,CC(O)Nc1nc2c(ncn2[C@@H]2O[C@@H]3C(O)CO[C@H]3[C@H]2O)c(=O)[nH]1,GuanosineOnly_gen3
Nc1nc2c(ncn2[C@@H]2O[C@H](CO)[C@@H](O)[C@H]2O)c(=O)[nH]1,CC(O)O[C@@H]1[C@]2(CO)O[C@@H](n3cnc4c(=O)[nH]c(N)nc43)[C@@]1(C)O2,GuanosineOnly_gen3
Nc1nc2c(ncn2[C@@H]2O[C@H](CO)[C@@H](O)[C@H]2O)c(=O)[nH]1,CC(O)OC1O[C@@H]2[C@@H]1O[C@@H](n1cnc3c(=O)[nH]c(N)nc31)[C@@]2(C)O,GuanosineOnly_gen3
Nc1nc2c(ncn2[C@@H]2O[C@H](CO)[C@@H](O)[C@H]2O)c(=O)[nH]1,CC(O)OC[C@H]1O[C@@H](n2cnc3c(=O)[nH]c(N)nc32)[C@]2(O)O[C@@]12C,GuanosineOnly_gen3
Nc1nc2c(ncn2[C@@H]2O[C@H](CO)[C@@H](O)[C@H]2O)c(=O)[nH]1,CC(O)OC[C@@]12CO[C@H]1[C@@H](O)[C@H](n1cnc3c(=O)[nH]c(N)nc31)O2,GuanosineOnly_gen3
Nc1nc2c(ncn2[C@@H]2O[C@H](CO)[C@@H](O)[C@H]2O)c(=O)[nH]1,CC[C@]1(OC=O)[C@@H](CO)O[C@@H](n2cnc3c(=O)[nH]c(N)nc32)[C@@H]1O,GuanosineOnly_gen3
Nc1nc2c(ncn2[C@@H]2O[C@H](CO)[C@@H](O)[C@H]2O)c(=O)[nH]1,CO[C@]12OC[C@@H](O[C@H]1n1cnc3c(=O)[nH]c(N)nc31)[C@H]2OC(C)O,GuanosineOnly_gen3
Nc1nc2c(ncn2[C@@H]2O[C@H](CO)[C@@H](O)[C@H]2O)c(=O)[nH]1,CC(C)(O)OC[C@H]1O[C@@H]2[C@H](O)[C@@H]1Oc1nc3c(=O)[nH]c(N)nc3n12,GuanosineOnly_gen3
Nc1nc2c(ncn2[C@@H]2O[C@H](CO)[C@@H](O)[C@H]2O)c(=O)[nH]1,CC(O)Nc1nc2c(ncn2[C@@]23OC[C@](C)(O2)[C@@H](O)[C@H]3O)c(=O)[nH]1,GuanosineOnly_gen3
Nc1nc2c(ncn2[C@@H]2O[C@H](CO)[C@@H](O)[C@H]2O)c(=O)[nH]1,CC(O)O[C@@H]1[C@H]2COc3nc4c(=O)[nH]c(N)nc4n3[C@H](O2)[C@@]1(C)O,GuanosineOnly_gen3
Nc1nc2c(ncn2[C@@H]2O[C@H](CO)[C@@H](O)[C@H]2O)c(=O)[nH]1,C[C@]1(n2cnc3c(=O)[nH]c(N)nc32)O[C@@](C)(CO)[C@@H](O)[C@H]1OC=O,GuanosineOnly_gen3
Nc1nc2c(ncn2[C@@H]2O[C@H](CO)[C@@H](O)[C@H]2O)c(=O)[nH]1,CC(O)Nc1nc2c(ncn2[C@@]2(C)O[C@@H]3C(O)O[C@H]3[C@H]2O)c(=O)[nH]1,GuanosineOnly_gen3
Nc1nc2c(ncn2[C@@H]2O[C@H](CO)[C@@H](O)[C@H]2O)c(=O)[nH]1,Cc1nc2c(=O)[nH]c(NC=O)nc2n1[C@@H]1O[C@H](CO)[C@](C)(O)[C@H]1O,GuanosineOnly_gen3
Nc1nc2c(ncn2[C@@H]2O[C@H](CO)[C@@H](O)[C@H]2O)c(=O)[nH]1,CC(O)O[C@@H]1[C@H](O)[C@H]2COc3nc4c(=O)[nH]c(N)nc4n3[C@@]1(C)O2,GuanosineOnly_gen3
Nc1nc2c(ncn2[C@@H]2O[C@H](CO)[C@@H](O)[C@H]2O)c(=O)[nH]1,CCC(O)O[C@H]1[C@@H](O)[C@H](n2cnc3c(=O)[nH]c(N)nc32)O[C@@]12CO2,GuanosineOnly_gen3
Nc1nc2c(ncn2[C@@H]2O[C@H](CO)[C@@H](O)[C@H]2O)c(=O)[nH]1,CC[C@]1(n2cnc3c(=O)[nH]c(N)nc32)O[C@H](CO)[C@@H](OC=O)[C@H]1O,GuanosineOnly_gen3
Nc1nc2c(ncn2[C@@H]2O[C@H](CO)[C@@H](O)[C@H]2O)c(=O)[nH]1,CC[C@@]1(COC=O)O[C@@H](n2cnc3c(=O)[nH]c(N)nc32)[C@H](O)[C@@H]1O,GuanosineOnly_gen3
Nc1nc2c(ncn2[C@@H]2O[C@H](CO)[C@@H](O)[C@H]2O)c(=O)[nH]1,CC(O)OC[C@H]1O[C@@H]2[C@H](O)[C@@]1(C)Oc1nc3c(=O)[nH]c(N)nc3n12,GuanosineOnly_gen3
Nc1nc2c(ncn2[C@@H]2O[C@H](CO)[C@@H](O)[C@H]2O)c(=O)[nH]1,CC(C)(O)Nc1nc2c(ncn2[C@@H]2O[C@@]3(CO3)[C@@H](O)[C@H]2O)c(=O)[nH]1,GuanosineOnly_gen3
Nc1nc2c(ncn2[C@@H]2O[C@H](CO)[C@@H](O)[C@H]2O)c(=O)[nH]1,CO[C@H]1[C@H](n2cnc3c(=O)[nH]c(N)nc32)O[C@]2(COC(C)O)O[C@@H]12,GuanosineOnly_gen3
Nc1nc2c(ncn2[C@@H]2O[C@H](CO)[C@@H](O)[C@H]2O)c(=O)[nH]1,COC(C)Nc1nc2c(ncn2[C@]23O[C@@H]([C@H]2O)[C@@H](CO)O3)c(=O)[nH]1,GuanosineOnly_gen3
Nc1nc2c(ncn2[C@@H]2O[C@H](CO)[C@@H](O)[C@H]2O)c(=O)[nH]1,CC(O)O[C@H]1[C@H]2OC[C@@]1(CO)O[C@H]2n1cnc2c(=O)[nH]c(N)nc21,GuanosineOnly_gen3
Nc1nc2c(ncn2[C@@H]2O[C@H](CO)[C@@H](O)[C@H]2O)c(=O)[nH]1,C[C@@]1(CO)O[C@@H]2[C@H](OCC(O)Nc3nc4c(ncn42)c(=O)[nH]3)[C@@H]1O,GuanosineOnly_gen3
Nc1nc2c(ncn2[C@@H]2O[C@H](CO)[C@@H](O)[C@H]2O)c(=O)[nH]1,Cc1nc2c(=O)[nH]c(N)nc2n1[C@@H]1O[C@]2(COC(C)O)O[C@H]2[C@H]1O,GuanosineOnly_gen3
Nc1nc2c(ncn2[C@@H]2O[C@H](CO)[C@@H](O)[C@H]2O)c(=O)[nH]1,C[C@@]1(O)[C@H](n2cnc3c(=O)[nH]c(N)nc32)O[C@@](C)(CO)[C@H]1OC=O,GuanosineOnly_gen3
Nc1nc2c(ncn2[C@@H]2O[C@H](CO)[C@@H](O)[C@H]2O)c(=O)[nH]1,CC(O)O[C@@H]1[C@@H]2OC(C)(O)[C@H]2O[C@H]1n1cnc2c(=O)[nH]c(N)nc21,GuanosineOnly_gen3
Nc1nc2c(ncn2[C@@H]2O[C@H](CO)[C@@H](O)[C@H]2O)c(=O)[nH]1,CC(O)N(C)c1nc2c(ncn2[C@@H]2O[C@@H]3CO[C@]2(O)[C@@H]3O)c(=O)[nH]1,GuanosineOnly_gen3
Nc1nc2c(ncn2[C@@H]2O[C@H](CO)[C@@H](O)[C@H]2O)c(=O)[nH]1,C[C@]1(O)[C@H](O)[C@H]2COCC(O)Nc3nc4c(ncn4[C@@H]1O2)c(=O)[nH]3,GuanosineOnly_gen3
Nc1nc2c(ncn2[C@@H]2O[C@H](CO)[C@@H](O)[C@H]2O)c(=O)[nH]1,CO[C@H]1[C@H]2Oc3nc4c(=O)[nH]c(NC(C)O)nc4n3[C@@H]2O[C@@H]1CO,GuanosineOnly_gen3
Nc1nc2c(ncn2[C@@H]2O[C@H](CO)[C@@H](O)[C@H]2O)c(=O)[nH]1,CC(O)OC[C@H]1O[C@@]2(C)[C@H](Oc3nc4c(=O)[nH]c(N)nc4n32)[C@@H]1O,GuanosineOnly_gen3
Nc1nc2c(ncn2[C@@H]2O[C@H](CO)[C@@H](O)[C@H]2O)c(=O)[nH]1,CO[C@H]1[C@H]2OC(O)COC[C@H]1O[C@H]2n1cnc2c(=O)[nH]c(N)nc21,GuanosineOnly_gen3
Nc1nc2c(ncn2[C@@H]2O[C@H](CO)[C@@H](O)[C@H]2O)c(=O)[nH]1,CC(C)(O)O[C@@]12O[C@@H]1[C@@H](CO)O[C@H]2n1cnc2c(=O)[nH]c(N)nc21,GuanosineOnly_gen3
Nc1nc2c(ncn2[C@@H]2O[C@H](CO)[C@@H](O)[C@H]2O)c(=O)[nH]1,CO[C@H]1[C@H]2OC(OC(C)O)[C@H]1O[C@H]2n1cnc2c(=O)[nH]c(N)nc21,GuanosineOnly_gen3
Nc1nc2c(ncn2[C@@H]2O[C@H](CO)[C@@H](O)[C@H]2O)c(=O)[nH]1,Cc1nc2c(=O)[nH]c(N)nc2n1[C@@H]1O[C@@]2(CO2)[C@@H](OC(C)O)[C@H]1O,GuanosineOnly_gen3
Nc1nc2c(ncn2[C@@H]2O[C@H](CO)[C@@H](O)[C@H]2O)c(=O)[nH]1,CC(O)O[C@@H]1[C@@H]2OCc3nc4c(=O)[nH]c(N)nc4n3[C@@H]1O[C@@H]2CO,GuanosineOnly_gen3
Nc1nc2c(ncn2[C@@H]2O[C@H](CO)[C@@H](O)[C@H]2O)c(=O)[nH]1,CC(C)(O)OC[C@]12O[C@@H]([C@H](n3cnc4c(=O)[nH]c(N)nc43)O1)[C@@H]2O,GuanosineOnly_gen3
Nc1nc2c(ncn2[C@@H]2O[C@H](CO)[C@@H](O)[C@H]2O)c(=O)[nH]1,CC(O)O[C@H]1[C@H](n2cnc3c(=O)[nH]c(N)nc32)O[C@@H]2COC[C@]21O,GuanosineOnly_gen3
Nc1nc2c(ncn2[C@@H]2O[C@H](CO)[C@@H](O)[C@H]2O)c(=O)[nH]1,CN1c2nc3c(ncn3[C@@H]3O[C@H](CO)[C@@H](OCC1O)[C@H]3O)c(=O)[nH]2,GuanosineOnly_gen3
Nc1nc2c(ncn2[C@@H]2O[C@H](CO)[C@@H](O)[C@H]2O)c(=O)[nH]1,Cc1nc2c(=O)[nH]c(N)nc2n1[C@@H]1O[C@]2(CO)O[C@H]2[C@H]1OC(C)O,GuanosineOnly_gen3
Nc1nc2c(ncn2[C@@H]2O[C@H](CO)[C@@H](O)[C@H]2O)c(=O)[nH]1,C[C@@]12OC(O)CO[C@H]1[C@H](n1cnc3c(=O)[nH]c(N)nc31)O[C@@H]2CO,GuanosineOnly_gen3
Nc1nc2c(ncn2[C@@H]2O[C@H](CO)[C@@H](O)[C@H]2O)c(=O)[nH]1,Cc1nc2c(=O)[nH]c(NC(C)O)nc2n1[C@@H]1O[C@@]2(CO2)[C@@H](O)[C@H]1O,GuanosineOnly_gen3
Nc1nc2c(ncn2[C@@H]2O[C@H](CO)[C@@H](O)[C@H]2O)c(=O)[nH]1,COC(C)O[C@@H]1[C@@H]2O[C@]1(n1cnc3c(=O)[nH]c(N)nc31)O[C@@H]2CO,GuanosineOnly_gen3
Nc1nc2c(ncn2[C@@H]2O[C@H](CO)[C@@H](O)[C@H]2O)c(=O)[nH]1,CC(O)Nc1nc2c(nc3n2[C@@]2(C)O[C@H](CO)[C@@H](O3)[C@H]2O)c(=O)[nH]1,GuanosineOnly_gen3
Nc1nc2c(ncn2[C@@H]2O[C@H](CO)[C@@H](O)[C@H]2O)c(=O)[nH]1,CC(C)(O)Nc1nc2c(ncn2[C@@H]2O[C@H](CO)[C@H]3O[C@]32O)c(=O)[nH]1,GuanosineOnly_gen3
Nc1nc2c(ncn2[C@@H]2O[C@H](CO)[C@@H](O)[C@H]2O)c(=O)[nH]1,CC(O)OC[C@H]1O[C@@]2(n3cnc4c(=O)[nH]c(N)nc43)CO[C@@H]2[C@@H]1O,GuanosineOnly_gen3
Nc1nc2c(ncn2[C@@H]2O[C@H](CO)[C@@H](O)[C@H]2O)c(=O)[nH]1,CC(O)N(C)c1nc2c(ncn2[C@@H]2O[C@@H]3C(O)O[C@@H]2[C@@H]3O)c(=O)[nH]1,GuanosineOnly_gen3
Nc1nc2c(ncn2[C@@H]2O[C@H](CO)[C@@H](O)[C@H]2O)c(=O)[nH]1,CC(OC=O)[C@H]1O[C@@H](n2cnc3c(=O)[nH]c(N)nc32)[C@@](C)(O)[C@@H]1O,GuanosineOnly_gen3
Nc1nc2c(ncn2[C@@H]2O[C@H](CO)[C@@H](O)[C@H]2O)c(=O)[nH]1,Nc1nc2c(ncn2[C@@H]2O[C@@H]3COC(O)CCO[C@@H]2[C@@H]3O)c(=O)[nH]1,GuanosineOnly_gen3
Nc1nc2c(ncn2[C@@H]2O[C@H](CO)[C@@H](O)[C@H]2O)c(=O)[nH]1,CC(O)O[C@@H]1[C@@H]2O[C@](C)(n3cnc4c(=O)[nH]c(N)nc43)[C@@H]1OC2O,GuanosineOnly_gen3
Nc1nc2c(ncn2[C@@H]2O[C@H](CO)[C@@H](O)[C@H]2O)c(=O)[nH]1,C[C@]1(n2cnc3c(=O)[nH]c(N)nc32)O[C@@H]2COCC(O)O[C@@H]1[C@@H]2O,GuanosineOnly_gen3
Nc1nc2c(ncn2[C@@H]2O[C@H](CO)[C@@H](O)[C@H]2O)c(=O)[nH]1,COC[C@H]1O[C@@]2(n3cnc4c(=O)[nH]c(NC(C)O)nc43)O[C@@H]2[C@@H]1O,GuanosineOnly_gen3
Nc1nc2c(ncn2[C@@H]2O[C@H](CO)[C@@H](O)[C@H]2O)c(=O)[nH]1,CC(O)OC[C@]1(C)O[C@@]2(n3cnc4c(=O)[nH]c(N)nc43)O[C@@H]2[C@@H]1O,GuanosineOnly_gen3
Nc1nc2c(ncn2[C@@H]2O[C@H](CO)[C@@H](O)[C@H]2O)c(=O)[nH]1,C[C@]12OCC(O)O[C@@H]1[C@@H](CO)O[C@H]2n1cnc2c(=O)[nH]c(N)nc21,GuanosineOnly_gen3
Nc1nc2c(ncn2[C@@H]2O[C@H](CO)[C@@H](O)[C@H]2O)c(=O)[nH]1,C[C@]12COCC(O)O[C@H]1[C@@H](O)[C@H](n1cnc3c(=O)[nH]c(N)nc31)O2,GuanosineOnly_gen3
Nc1nc2c(ncn2[C@@H]2O[C@H](CO)[C@@H](O)[C@H]2O)c(=O)[nH]1,CC(O)Nc1nc2c(nc3n2[C@@H]2O[C@H](COC3)[C@@H](O)[C@H]2O)c(=O)[nH]1,GuanosineOnly_gen3
Nc1nc2c(ncn2[C@@H]2O[C@H](CO)[C@@H](O)[C@H]2O)c(=O)[nH]1,CC(O)Nc1nc2c(ncn2[C@]23CO[C@@H]([C@H]2O)[C@@H](CO)O3)c(=O)[nH]1,GuanosineOnly_gen3
Nc1nc2c(ncn2[C@@H]2O[C@H](CO)[C@@H](O)[C@H]2O)c(=O)[nH]1,C[C@@]12O[C@H](CO)[C@@H](OCC(O)Nc3nc4c(ncn41)c(=O)[nH]3)[C@H]2O,GuanosineOnly_gen3
Nc1nc2c(ncn2[C@@H]2O[C@H](CO)[C@@H](O)[C@H]2O)c(=O)[nH]1,CC(C)(O)O[C@@H]1[C@H](O)[C@H]2COc3nc4c(=O)[nH]c(N)nc4n3[C@@H]1O2,GuanosineOnly_gen3
Nc1nc2c(ncn2[C@@H]2O[C@H](CO)[C@@H](O)[C@H]2O)c(=O)[nH]1,CC(O)OC[C@H]1O[C@@]2(n3cnc4c(=O)[nH]c(N)nc43)O[C@]1(C)[C@H]2O,GuanosineOnly_gen3
Nc1nc2c(ncn2[C@@H]2O[C@H](CO)[C@@H](O)[C@H]2O)c(=O)[nH]1,C[C@@]12OC(O)COC[C@@H](O[C@H]1n1cnc3c(=O)[nH]c(N)nc31)[C@H]2O,GuanosineOnly_gen3
Nc1nc2c(ncn2[C@@H]2O[C@H](CO)[C@@H](O)[C@H]2O)c(=O)[nH]1,Cc1nc2c(=O)[nH]c(N)nc2n1[C@]12O[C@@H]([C@H]1O)[C@@H](COC(C)O)O2,GuanosineOnly_gen3
Nc1nc2c(ncn2[C@@H]2O[C@H](CO)[C@@H](O)[C@H]2O)c(=O)[nH]1,CO[C@H]1[C@H](n2cnc3c(=O)[nH]c(NC(C)O)nc32)O[C@@]2(CO2)[C@H]1O,GuanosineOnly_gen3
Nc1nc2c(ncn2[C@@H]2O[C@H](CO)[C@@H](O)[C@H]2O)c(=O)[nH]1,CC(O)Nc1nc2c(ncn2[C@@H]2O[C@@]3(CO3)[C@@H](O)[C@]2(C)O)c(=O)[nH]1,GuanosineOnly_gen3
Nc1nc2c(ncn2[C@@H]2O[C@H](CO)[C@@H](O)[C@H]2O)c(=O)[nH]1,CC(O)Nc1nc2c(nc3n2[C@@H]2O[C@H](CO)[C@@H](O)[C@H]2OC3)c(=O)[nH]1,GuanosineOnly_gen3
Nc1nc2c(ncn2[C@@H]2O[C@H](CO)[C@@H](O)[C@H]2O)c(=O)[nH]1,CC(O)N1CO[C@@H]2[C@H](O)[C@@H](CO)O[C@H]2n2cnc3c(=O)[nH]c1nc32,GuanosineOnly_gen3
Nc1nc2c(ncn2[C@@H]2O[C@H](CO)[C@@H](O)[C@H]2O)c(=O)[nH]1,COC(C)O[C@H]1[C@H](n2cnc3c(=O)[nH]c(N)nc32)O[C@@]2(CO2)[C@H]1O,GuanosineOnly_gen3
Nc1nc2c(ncn2[C@@H]2O[C@H](CO)[C@@H](O)[C@H]2O)c(=O)[nH]1,C[C@@]12COCC(O)Nc3nc4c(ncn4[C@H](O1)[C@H](O)[C@@H]2O)c(=O)[nH]3,GuanosineOnly_gen3
Nc1nc2c(ncn2[C@@H]2O[C@H](CO)[C@@H](O)[C@H]2O)c(=O)[nH]1,CC(O)O[C@@H]1[C@H](O)[C@@H]2O[C@@]1(n1cnc3c(=O)[nH]c(N)nc31)OC2C,GuanosineOnly_gen3
Nc1nc2c(ncn2[C@@H]2O[C@H](CO)[C@@H](O)[C@H]2O)c(=O)[nH]1,C[C@@]1(CO)O[C@@H](n2cnc3c(=O)[nH]c(N)nc32)[C@H](OC=O)[C@@]1(C)O,GuanosineOnly_gen3
Nc1nc2c(ncn2[C@@H]2O[C@H](CO)[C@@H](O)[C@H]2O)c(=O)[nH]1,CC(O)Nc1nc2c(ncn2[C@@H]2O[C@H](CO)[C@@]3(CO3)[C@H]2O)c(=O)[nH]1,GuanosineOnly_gen3
Nc1nc2c(ncn2[C@@H]2O[C@H](CO)[C@@H](O)[C@H]2O)c(=O)[nH]1,CC(O)Nc1nc2c(ncn2[C@@]2(C)O[C@]3(CO)O[C@H]3[C@H]2O)c(=O)[nH]1,GuanosineOnly_gen3
Nc1nc2c(ncn2[C@@H]2O[C@H](CO)[C@@H](O)[C@H]2O)c(=O)[nH]1,CO[C@]12OC[C@@H](O[C@H]1n1cnc3c(=O)[nH]c(NC(C)O)nc31)[C@H]2O,GuanosineOnly_gen3
Nc1nc2c(ncn2[C@@H]2O[C@H](CO)[C@@H](O)[C@H]2O)c(=O)[nH]1,C[C@]1(n2cnc3c(=O)[nH]c(N)nc32)O[C@H](CO)[C@H]2OC(O)CO[C@H]21,GuanosineOnly_gen3
Nc1nc2c(ncn2[C@@H]2O[C@H](CO)[C@@H](O)[C@H]2O)c(=O)[nH]1,Cc1nc2c(=O)[nH]c(N)nc2n1[C@@H]1O[C@@H]2COCC(O)O[C@@H]1[C@@H]2O,GuanosineOnly_gen3
Nc1nc2c(ncn2[C@@H]2O[C@H](CO)[C@@H](O)[C@H]2O)c(=O)[nH]1,CC(O)OC[C@H]1O[C@@H](n2cnc3c(=O)[nH]c(N)nc32)[C@@H]2OCO[C@@H]21,GuanosineOnly_gen3
Nc1nc2c(ncn2[C@@H]2O[C@H](CO)[C@@H](O)[C@H]2O)c(=O)[nH]1,CC(O)O[C@@]1(C)[C@@H](CO)O[C@@H]2[C@@H]1Oc1nc3c(=O)[nH]c(N)nc3n12,GuanosineOnly_gen3
Nc1nc2c(ncn2[C@@H]2O[C@H](CO)[C@@H](O)[C@H]2O)c(=O)[nH]1,CC(O)OC[C@H]1O[C@@H]2[C@H](OCc3nc4c(=O)[nH]c(N)nc4n32)[C@@H]1O,GuanosineOnly_gen3
Nc1nc2c(ncn2[C@@H]2O[C@H](CO)[C@@H](O)[C@H]2O)c(=O)[nH]1,CO[C@@H]1[C@@H](COC=O)O[C@@H](n2cnc3c(=O)[nH]c(N)nc32)[C@@]1(C)O,GuanosineOnly_gen3
Nc1nc2c(ncn2[C@@H]2O[C@H](CO)[C@@H](O)[C@H]2O)c(=O)[nH]1,CC(O)Nc1nc2c(ncn2[C@@]2(C)O[C@@H]3CO[C@@]3(O)[C@H]2O)c(=O)[nH]1,GuanosineOnly_gen3
Nc1nc2c(ncn2[C@@H]2O[C@H](CO)[C@@H](O)[C@H]2O)c(=O)[nH]1,Cc1nc2c(=O)[nH]c(N)nc2n1[C@@]12OC[C@@H](O1)[C@@H](OC(C)O)[C@H]2O,GuanosineOnly_gen3
Nc1nc2c(ncn2[C@@H]2O[C@H](CO)[C@@H](O)[C@H]2O)c(=O)[nH]1,CC(O)Nc1nc2c(ncn2[C@@H]2O[C@H](CO)[C@H]3OC[C@]32O)c(=O)[nH]1,GuanosineOnly_gen3
Nc1nc2c(ncn2[C@@H]2O[C@H](CO)[C@@H](O)[C@H]2O)c(=O)[nH]1,CC(O)O[C@H]1[C@H]2O[C@@]1(CO)O[C@]2(C)n1cnc2c(=O)[nH]c(N)nc21,GuanosineOnly_gen3
Nc1nc2c(ncn2[C@@H]2O[C@H](CO)[C@@H](O)[C@H]2O)c(=O)[nH]1,COC1COC[C@H]2O[C@H]([C@H](O)[C@@H]2O)n2cnc3c(=O)[nH]c(nc32)N1,GuanosineOnly_gen3
Nc1nc2c(ncn2[C@@H]2O[C@H](CO)[C@@H](O)[C@H]2O)c(=O)[nH]1,C[C@@]12COC(O)CO[C@@H]([C@H](n3cnc4c(=O)[nH]c(N)nc43)O1)[C@@H]2O,GuanosineOnly_gen3
Nc1nc2c(ncn2[C@@H]2O[C@H](CO)[C@@H](O)[C@H]2O)c(=O)[nH]1,CC(O)OC1CO[C@@H]2[C@H](O)[C@@H]1O[C@H]2n1cnc2c(=O)[nH]c(N)nc21,GuanosineOnly_gen3
Nc1nc2c(ncn2[C@@H]2O[C@H](CO)[C@@H](O)[C@H]2O)c(=O)[nH]1,Cc1nc2c(=O)[nH]c(N)nc2n1[C@@H]1O[C@@H]2COC(O)CO[C@H]2[C@H]1O,GuanosineOnly_gen3
Nc1nc2c(ncn2[C@@H]2O[C@H](CO)[C@@H](O)[C@H]2O)c(=O)[nH]1,CCC1(O)OC[C@H]2O[C@@H](n3cnc4c(=O)[nH]c(N)nc43)[C@H](O)[C@@H]2O1,GuanosineOnly_gen3
Nc1nc2c(ncn2[C@@H]2O[C@H](CO)[C@@H](O)[C@H]2O)c(=O)[nH]1,CC[C@]1(O)[C@H](OC=O)[C@@H](CO)O[C@H]1n1cnc2c(=O)[nH]c(N)nc21,GuanosineOnly_gen3
Nc1nc2c(ncn2[C@@H]2O[C@H](CO)[C@@H](O)[C@H]2O)c(=O)[nH]1,CC(O)N(C)c1nc2c(ncn2[C@]23O[C@@H]([C@H]2O)[C@@H](CO)O3)c(=O)[nH]1,GuanosineOnly_gen3
Nc1nc2c(ncn2[C@@H]2O[C@H](CO)[C@@H](O)[C@H]2O)c(=O)[nH]1,CC(O)Nc1nc2c(ncn2[C@@H]2O[C@]3(CO)CO[C@@H]2[C@@H]3O)c(=O)[nH]1,GuanosineOnly_gen3
Nc1nc2c(ncn2[C@@H]2O[C@H](CO)[C@@H](O)[C@H]2O)c(=O)[nH]1,CC(O)Nc1nc2c(ncn2[C@@H]2O[C@@H]3COC[C@]2(O)[C@@H]3O)c(=O)[nH]1,GuanosineOnly_gen3
Nc1nc2c(ncn2[C@@H]2O[C@H](CO)[C@@H](O)[C@H]2O)c(=O)[nH]1,CC(O)O[C@@H]1[C@@H]2Oc3nc4c(=O)[nH]c(N)nc4n3[C@@]1(C)O[C@@H]2CO,GuanosineOnly_gen3
Nc1nc2c(ncn2[C@@H]2O[C@H](CO)[C@@H](O)[C@H]2O)c(=O)[nH]1,C[C@]12OCC(O)OC[C@H]1O[C@@H](n1cnc3c(=O)[nH]c(N)nc31)[C@@H]2O,GuanosineOnly_gen3
Nc1nc2c(ncn2[C@@H]2O[C@H](CO)[C@@H](O)[C@H]2O)c(=O)[nH]1,CC(N)Nc1nc2c(ncn2[C@@H]2O[C@H](C(=O)O)[C@@H](O)[C@H]2O)c(=O)[nH]1,GuanosineOnly_gen3
Nc1nc2c(ncn2[C@@H]2O[C@H](CO)[C@@H](O)[C@H]2O)c(=O)[nH]1,CC(N)O[C@@H]1[C@H](O)[C@@H](C(=O)O)O[C@H]1n1cnc2c(=O)[nH]c(N)nc21,GuanosineOnly_gen3
Nc1nc2c(ncn2[C@@H]2O[C@H](CO)[C@@H](O)[C@H]2O)c(=O)[nH]1,CC(O)Nc1nc2c(c(=O)[nH]1)[n+](C)c1n2[C@@H]2O[C@H](CO1)[C@@H](O)[C@H]2O,GuanosineOnly_gen3
Nc1nc2c(ncn2[C@@H]2O[C@H](CO)[C@@H](O)[C@H]2O)c(=O)[nH]1,C[n+]1cn([C@@H]2O[C@@H]3COCC(O)O[C@H]3[C@H]2O)c2nc(N)[nH]c(=O)c21,GuanosineOnly_gen3
Nc1nc2c(ncn2[C@@H]2O[C@H](CO)[C@@H](O)[C@H]2O)c(=O)[nH]1,C[n+]1cn([C@@H]2O[C@@](C)(CO)[C@@H](O)[C@H]2O)c2nc(NC=O)[nH]c(=O)c21,GuanosineOnly_gen3
Nc1nc2c(ncn2[C@@H]2O[C@H](CO)[C@@H](O)[C@H]2O)c(=O)[nH]1,CC(O)O[C@H]1[C@H]2O[C@]2(n2c[n+](C)c3c(=O)[nH]c(N)nc32)O[C@@H]1CO,GuanosineOnly_gen3
Nc1nc2c(ncn2[C@@H]2O[C@H](CO)[C@@H](O)[C@H]2O)c(=O)[nH]1,C[n+]1cn([C@@H]2O[C@H](COC=O)[C@@H](O)[C@]2(C)O)c2nc(N)[nH]c(=O)c21,GuanosineOnly_gen3
Nc1nc2c(ncn2[C@@H]2O[C@H](CO)[C@@H](O)[C@H]2O)c(=O)[nH]1,CC(OC=O)[C@H]1O[C@@H](n2c[n+](C)c3c(=O)[nH]c(N)nc32)[C@H](O)[C@@H]1O,GuanosineOnly_gen3
Nc1nc2c(ncn2[C@@H]2O[C@H](CO)[C@@H](O)[C@H]2O)c(=O)[nH]1,CC(O)O[C@@H]1[C@H](O)[C@H]2CO[C@]1(n1c[n+](C)c3c(=O)[nH]c(N)nc31)O2,GuanosineOnly_gen3
Nc1nc2c(ncn2[C@@H]2O[C@H](CO)[C@@H](O)[C@H]2O)c(=O)[nH]1,CC(O)Nc1nc2c(c(=O)[nH]1)[n+](C)cn2[C@@H]1O[C@]2(CO)O[C@@H]1[C@@H]2O,GuanosineOnly_gen3
Nc1nc2c(ncn2[C@@H]2O[C@H](CO)[C@@H](O)[C@H]2O)c(=O)[nH]1,CC(O)OC[C@H]1O[C@@]2(n3c[n+](C)c4c(=O)[nH]c(N)nc43)O[C@H]1[C@H]2O,GuanosineOnly_gen3
Nc1nc2c(ncn2[C@@H]2O[C@H](CO)[C@@H](O)[C@H]2O)c(=O)[nH]1,CC(O)O[C@@H]1[C@@H]2OC[n+]3cn(c4nc(N)[nH]c(=O)c43)[C@@H]1O[C@@H]2CO,GuanosineOnly_gen3
Nc1nc2c(ncn2[C@@H]2O[C@H](CO)[C@@H](O)[C@H]2O)c(=O)[nH]1,CC(O)Nc1nc2c(c(=O)[nH]1)[n+](C)cn2[C@@H]1O[C@@H]2CO[C@@]2(O)[C@H]1O,GuanosineOnly_gen3
Nc1nc2c(ncn2[C@@H]2O[C@H](CO)[C@@H](O)[C@H]2O)c(=O)[nH]1,C[n+]1cn([C@@H]2O[C@@](C)(CO)[C@@H](O)[C@H]2OC=O)c2nc(N)[nH]c(=O)c21,GuanosineOnly_gen3
Nc1nc2c(ncn2[C@@H]2O[C@H](CO)[C@@H](O)[C@H]2O)c(=O)[nH]1,CC(O)OC[C@]12O[C@@H]([C@H](n3c[n+](C)c4c(=O)[nH]c(N)nc43)O1)[C@@H]2O,GuanosineOnly_gen3
Nc1nc2c(ncn2[C@@H]2O[C@H](CO)[C@@H](O)[C@H]2O)c(=O)[nH]1,CC(O)Nc1nc2c(c(=O)[nH]1)[n+]1cn2[C@@H]2O[C@H](CO)[C@@H](O)[C@H]2OC1,GuanosineOnly_gen3
Nc1nc2c(ncn2[C@@H]2O[C@H](CO)[C@@H](O)[C@H]2O)c(=O)[nH]1,CC(O)O[C@H]1[C@H]2Oc3n(c4nc(N)[nH]c(=O)c4[n+]3C)[C@@H]2O[C@@H]1CO,GuanosineOnly_gen3
Nc1nc2c(ncn2[C@@H]2O[C@H](CO)[C@@H](O)[C@H]2O)c(=O)[nH]1,CC(O)Nc1nc2c(c(=O)[nH]1)[n+](C)cn2[C@@H]1O[C@@H]2C(O)O[C@H]2[C@H]1O,GuanosineOnly_gen3
Nc1nc2c(ncn2[C@@H]2O[C@H](CO)[C@@H](O)[C@H]2O)c(=O)[nH]1,CC[n+]1cn([C@@H]2O[C@H](COC=O)[C@@H](O)[C@H]2O)c2nc(N)[nH]c(=O)c21,GuanosineOnly_gen3
Nc1nc2c(ncn2[C@@H]2O[C@H](CO)[C@@H](O)[C@H]2O)c(=O)[nH]1,CC(O)O[C@]12O[C@H]1[C@H](n1c[n+](C)c3c(=O)[nH]c(N)nc31)O[C@@H]2CO,GuanosineOnly_gen3
Nc1nc2c(ncn2[C@@H]2O[C@H](CO)[C@@H](O)[C@H]2O)c(=O)[nH]1,CC(O)OC1O[C@@H]2[C@H](O)[C@@H]1O[C@H]2n1c[n+](C)c2c(=O)[nH]c(N)nc21,GuanosineOnly_gen3
Nc1nc2c(ncn2[C@@H]2O[C@H](CO)[C@@H](O)[C@H]2O)c(=O)[nH]1,CC(O)[C@H]1O[C@@H](n2c[n+](C)c3c(=O)[nH]c(NC=O)nc32)[C@H](O)[C@@H]1O,GuanosineOnly_gen3
Nc1nc2c(ncn2[C@@H]2O[C@H](CO)[C@@H](O)[C@H]2O)c(=O)[nH]1,C[n+]1cn2c3nc([nH]c(=O)c31)NC(O)COC[C@H]1O[C@@H]2[C@H](O)[C@@H]1O,GuanosineOnly_gen3
Nc1nc2c(ncn2[C@@H]2O[C@H](CO)[C@@H](O)[C@H]2O)c(=O)[nH]1,C[n+]1cn([C@@H]2O[C@H](CO)[C@](C)(OC=O)[C@H]2O)c2nc(N)[nH]c(=O)c21,GuanosineOnly_gen3
Nc1nc2c(ncn2[C@@H]2O[C@H](CO)[C@@H](O)[C@H]2O)c(=O)[nH]1,CC(O)OC[C@H]1O[C@@H]2[C@H](O)[C@@H]1Oc1n2c2nc(N)[nH]c(=O)c2[n+]1C,GuanosineOnly_gen3
Nc1nc2c(ncn2[C@@H]2O[C@H](CO)[C@@H](O)[C@H]2O)c(=O)[nH]1,C[n+]1cn([C@@]2(C)O[C@H](CO)[C@@H](O)[C@H]2OC=O)c2nc(N)[nH]c(=O)c21,GuanosineOnly_gen3
Nc1nc2c(ncn2[C@@H]2O[C@H](CO)[C@@H](O)[C@H]2O)c(=O)[nH]1,Cc1n([C@@H]2O[C@H](CO)[C@@H](O)[C@H]2O)c2nc(NC=O)[nH]c(=O)c2[n+]1C,GuanosineOnly_gen3
Nc1nc2c(ncn2[C@@H]2O[C@H](CO)[C@@H](O)[C@H]2O)c(=O)[nH]1,CC(O)O[C@@]12OC[C@H]1O[C@@H](n1c[n+](C)c3c(=O)[nH]c(N)nc31)[C@@H]2O,GuanosineOnly_gen3
Nc1nc2c(ncn2[C@@H]2O[C@H](CO)[C@@H](O)[C@H]2O)c(=O)[nH]1,CC(O)OC[C@H]1O[C@@H](n2c[n+](C)c3c(=O)[nH]c(N)nc32)[C@@H]2O[C@]12O,GuanosineOnly_gen3
Nc1nc2c(ncn2[C@@H]2O[C@H](CO)[C@@H](O)[C@H]2O)c(=O)[nH]1,C[n+]1cn([C@@H]2O[C@H](CO)[C@@H](O)[C@]2(C)O)c2nc(NC=O)[nH]c(=O)c21,GuanosineOnly_gen3
Nc1nc2c(ncn2[C@@H]2O[C@H](CO)[C@@H](O)[C@H]2O)c(=O)[nH]1,Cc1n([C@@H]2O[C@H](CO)[C@@H](O)[C@H]2OC=O)c2nc(N)[nH]c(=O)c2[n+]1C,GuanosineOnly_gen3
Nc1nc2c(ncn2[C@@H]2O[C@H](CO)[C@@H](O)[C@H]2O)c(=O)[nH]1,CC(O)O[C@@H]1[C@H]2CO[C@@]1(O)[C@H](n1c[n+](C)c3c(=O)[nH]c(N)nc31)O2,GuanosineOnly_gen3
Nc1nc2c(ncn2[C@@H]2O[C@H](CO)[C@@H](O)[C@H]2O)c(=O)[nH]1,CC(O)Nc1nc2c(c(=O)[nH]1)[n+](C)c1n2[C@@H]2O[C@H](CO)[C@@H](O)[C@H]2O1,GuanosineOnly_gen3
Nc1nc2c(ncn2[C@@H]2O[C@H](CO)[C@@H](O)[C@H]2O)c(=O)[nH]1,C[n+]1cn([C@@]2(C)O[C@H](CO)[C@@H](O)[C@H]2O)c2nc(NC=O)[nH]c(=O)c21,GuanosineOnly_gen3
Nc1nc2c(ncn2[C@@H]2O[C@H](CO)[C@@H](O)[C@H]2O)c(=O)[nH]1,CC(O)O[C@H]1[C@H](n2c[n+](C)c3c(=O)[nH]c(N)nc32)O[C@@]2(CO2)[C@H]1O,GuanosineOnly_gen3
Nc1nc2c(ncn2[C@@H]2O[C@H](CO)[C@@H](O)[C@H]2O)c(=O)[nH]1,C[n+]1cn([C@@H]2O[C@H](CO)[C@H]3OC(O)CO[C@H]32)c2nc(N)[nH]c(=O)c21,GuanosineOnly_gen3
Nc1nc2c(ncn2[C@@H]2O[C@H](CO)[C@@H](O)[C@H]2O)c(=O)[nH]1,C[n+]1cn2c3nc([nH]c(=O)c31)NC(O)CO[C@@H]1[C@H](O)[C@@H](CO)O[C@H]12,GuanosineOnly_gen3
Nc1nc2c(ncn2[C@@H]2O[C@H](CO)[C@@H](O)[C@H]2O)c(=O)[nH]1,CC(O)Nc1nc2c(c(=O)[nH]1)[n+](C)cn2[C@@]12OC[C@@H](O1)[C@@H](O)[C@H]2O,GuanosineOnly_gen3
Nc1nc2c(ncn2[C@@H]2O[C@H](CO)[C@@H](O)[C@H]2O)c(=O)[nH]1,CC(O)Nc1nc2c(c(=O)[nH]1)[n+]1cn2[C@@H]2O[C@H](COC1)[C@@H](O)[C@H]2O,GuanosineOnly_gen3
Nc1nc2c(ncn2[C@@H]2O[C@H](CO)[C@@H](O)[C@H]2O)c(=O)[nH]1,CC(O)OC[C@H]1O[C@@H]2[C@H](O)[C@@H]1OC[n+]1cn2c2nc(N)[nH]c(=O)c21,GuanosineOnly_gen3
Nc1nc2c(ncn2[C@@H]2O[C@H](CO)[C@@H](O)[C@H]2O)c(=O)[nH]1,CC(O)O[C@@H]1[C@H](O)[C@H]2COC[n+]3cn(c4nc(N)[nH]c(=O)c43)[C@@H]1O2,GuanosineOnly_gen3
Nc1nc2c(ncn2[C@@H]2O[C@H](CO)[C@@H](O)[C@H]2O)c(=O)[nH]1,CC(O)Nc1nc2c(c(=O)[nH]1)[n+](C)cn2[C@@H]1O[C@H](CO)[C@H]2O[C@]21O,GuanosineOnly_gen3
Nc1nc2c(ncn2[C@@H]2O[C@H](CO)[C@@H](O)[C@H]2O)c(=O)[nH]1,CC(O)Nc1nc2c(c(=O)[nH]1)[n+](C)cn2[C@@H]1O[C@@]2(CO2)[C@@H](O)[C@H]1O,GuanosineOnly_gen3
Nc1nc2c(ncn2[C@@H]2O[C@H](CO)[C@@H](O)[C@H]2O)c(=O)[nH]1,CC[n+]1cn([C@@H]2O[C@H](CO)[C@@H](O)[C@H]2O)c2nc(NC=O)[nH]c(=O)c21,GuanosineOnly_gen3
Nc1nc2c(ncn2[C@@H]2O[C@H](CO)[C@@H](O)[C@H]2O)c(=O)[nH]1,CC(O)O[C@H]1[C@@H](O)[C@H]2O[C@@H]1COc1n2c2nc(N)[nH]c(=O)c2[n+]1C,GuanosineOnly_gen3
Nc1nc2c(ncn2[C@@H]2O[C@H](CO)[C@@H](O)[C@H]2O)c(=O)[nH]1,CC(O)Nc1nc2c(c(=O)[nH]1)[n+](C)cn2[C@]12O[C@@H]([C@H]1O)[C@@H](CO)O2,GuanosineOnly_gen3
Nc1nc2c(ncn2[C@@H]2O[C@H](CO)[C@@H](O)[C@H]2O)c(=O)[nH]1,Cc1nc2c(=O)[nH]c(NC(C)N)nc2n1[C@@H]1O[C@H](CO)[C@@H](O)[C@H]1O,GuanosineOnly_gen3
Nc1nc2c(ncn2[C@@H]2O[C@H](CO)[C@@H](O)[C@H]2O)c(=O)[nH]1,Cc1nc2c(=O)[nH]c(N)nc2n1[C@@H]1O[C@H](CO)[C@@H](OC(C)N)[C@H]1O,GuanosineOnly_gen3
Nc1nc2c(ncn2[C@@H]2O[C@H](CO)[C@@H](O)[C@H]2O)c(=O)[nH]1,CO[C@H]1[C@@H](O)[C@H](n2cnc3c(=O)[nH]c(NC(C)N)nc32)O[C@@H]1CO,GuanosineOnly_gen3
Nc1nc2c(ncn2[C@@H]2O[C@H](CO)[C@@H](O)[C@H]2O)c(=O)[nH]1,CC(N)Nc1nc2c(ncn2[C@@H]2O[C@H](CO)[C@@H](O)[C@]2(C)O)c(=O)[nH]1,GuanosineOnly_gen3
Nc1nc2c(ncn2[C@@H]2O[C@H](CO)[C@@H](O)[C@H]2O)c(=O)[nH]1,CC(O)(O)O[C@@]12OC[C@H]1O[C@@H](n1cnc3c(=O)[nH]c(N)nc31)[C@@H]2O,GuanosineOnly_gen3
Nc1nc2c(ncn2[C@@H]2O[C@H](CO)[C@@H](O)[C@H]2O)c(=O)[nH]1,O=c1[nH]c2nc3c1ncn3[C@@H]1O[C@H](CO)[C@@H](O)[C@@]1(O)OCC(O)N2,GuanosineOnly_gen3
Nc1nc2c(ncn2[C@@H]2O[C@H](CO)[C@@H](O)[C@H]2O)c(=O)[nH]1,COC(O)OC1O[C@H]2[C@@H](O)[C@H](n3cnc4c(=O)[nH]c(N)nc43)O[C@H]12,GuanosineOnly_gen3
Nc1nc2c(ncn2[C@@H]2O[C@H](CO)[C@@H](O)[C@H]2O)c(=O)[nH]1,Nc1nc2c(ncn2[C@]23O[C@@H]2[C@H](O)[C@@H](COC(O)CO)O3)c(=O)[nH]1,GuanosineOnly_gen3
Nc1nc2c(ncn2[C@@H]2O[C@H](CO)[C@@H](O)[C@H]2O)c(=O)[nH]1,Nc1nc2c(nc3n2[C@@H]2O[C@H](CO)[C@@H](O)[C@H]2OC(O)CO3)c(=O)[nH]1,GuanosineOnly_gen3
Nc1nc2c(ncn2[C@@H]2O[C@H](CO)[C@@H](O)[C@H]2O)c(=O)[nH]1,Nc1nc2c(ncn2[C@@H]2O[C@H](CO)[C@@H](OC(O)C=O)[C@H]2O)c(=O)[nH]1,GuanosineOnly_gen3
Nc1nc2c(ncn2[C@@H]2O[C@H](CO)[C@@H](O)[C@H]2O)c(=O)[nH]1,Nc1nc2c(ncn2[C@@]23OCC(O)OC[C@@H](O2)[C@@H](O)[C@H]3O)c(=O)[nH]1,GuanosineOnly_gen3
Nc1nc2c(ncn2[C@@H]2O[C@H](CO)[C@@H](O)[C@H]2O)c(=O)[nH]1,Nc1nc2c(ncn2[C@@H]2O[C@H](COC=O)[C@@](O)(CO)[C@H]2O)c(=O)[nH]1,GuanosineOnly_gen3
Nc1nc2c(ncn2[C@@H]2O[C@H](CO)[C@@H](O)[C@H]2O)c(=O)[nH]1,O=c1[nH]c(NC(O)CO)nc2c1ncn2[C@@H]1O[C@]2(CO)O[C@@H]1[C@@H]2O,GuanosineOnly_gen3
Nc1nc2c(ncn2[C@@H]2O[C@H](CO)[C@@H](O)[C@H]2O)c(=O)[nH]1,Nc1nc2c(ncn2[C@@H]2O[C@@H]3CO[C@]2(O)[C@@H]3OC(O)CO)c(=O)[nH]1,GuanosineOnly_gen3
Nc1nc2c(ncn2[C@@H]2O[C@H](CO)[C@@H](O)[C@H]2O)c(=O)[nH]1,Nc1nc2c(ncn2[C@@H]2O[C@H](C(CO)OC=O)[C@@H](O)[C@H]2O)c(=O)[nH]1,GuanosineOnly_gen3
Nc1nc2c(ncn2[C@@H]2O[C@H](CO)[C@@H](O)[C@H]2O)c(=O)[nH]1,O=c1[nH]c2nc3c1ncn3[C@@]1(OCC(O)N2)O[C@H](CO)[C@@H](O)[C@H]1O,GuanosineOnly_gen3
Nc1nc2c(ncn2[C@@H]2O[C@H](CO)[C@@H](O)[C@H]2O)c(=O)[nH]1,O=c1[nH]c(NC(O)CO)nc2c1ncn2[C@@H]1O[C@@H]2CO[C@]1(O)[C@@H]2O,GuanosineOnly_gen3
Nc1nc2c(ncn2[C@@H]2O[C@H](CO)[C@@H](O)[C@H]2O)c(=O)[nH]1,Nc1nc2c(nc3n2[C@@H]2O[C@H](CO)[C@@H](O3)[C@H]2OC(O)CO)c(=O)[nH]1,GuanosineOnly_gen3
Nc1nc2c(ncn2[C@@H]2O[C@H](CO)[C@@H](O)[C@H]2O)c(=O)[nH]1,Nc1nc2c(ncn2[C@@H]2O[C@@]3(COC(O)CO3)[C@@H](O)[C@H]2O)c(=O)[nH]1,GuanosineOnly_gen3
Nc1nc2c(ncn2[C@@H]2O[C@H](CO)[C@@H](O)[C@H]2O)c(=O)[nH]1,O=c1[nH]c(NC(O)CO)nc2c1nc1n2[C@@H]2O[C@H](CO1)[C@@H](O)[C@H]2O,GuanosineOnly_gen3
Nc1nc2c(ncn2[C@@H]2O[C@H](CO)[C@@H](O)[C@H]2O)c(=O)[nH]1,Nc1nc2c(ncn2[C@@H]2OC(CO)(CO)[C@@H](O)[C@H]2OC=O)c(=O)[nH]1,GuanosineOnly_gen3
Nc1nc2c(ncn2[C@@H]2O[C@H](CO)[C@@H](O)[C@H]2O)c(=O)[nH]1,Nc1nc2c(ncn2[C@@H]2O[C@]3(CO)OCC(O)O[C@H]3[C@H]2O)c(=O)[nH]1,GuanosineOnly_gen3
Nc1nc2c(ncn2[C@@H]2O[C@H](CO)[C@@H](O)[C@H]2O)c(=O)[nH]1,Nc1nc2c(ncn2[C@@H]2O[C@H](CO)[C@@]3(OCC(O)O3)[C@H]2O)c(=O)[nH]1,GuanosineOnly_gen3
Nc1nc2c(ncn2[C@@H]2O[C@H](CO)[C@@H](O)[C@H]2O)c(=O)[nH]1,Nc1nc2c(ncn2[C@@H]2O[C@@H]3COCOC(O)O[C@H]3[C@H]2O)c(=O)[nH]1,GuanosineOnly_gen3
Nc1nc2c(ncn2[C@@H]2O[C@H](CO)[C@@H](O)[C@H]2O)c(=O)[nH]1,Nc1nc2c(ncn2[C@@H]2O[C@H](CO)[C@@H](O)[C@]2(CO)OC=O)c(=O)[nH]1,GuanosineOnly_gen3
Nc1nc2c(ncn2[C@@H]2O[C@H](CO)[C@@H](O)[C@H]2O)c(=O)[nH]1,Nc1nc2c(ncn2[C@]23OCC(O)O[C@@H]2[C@H](O)[C@@H](CO)O3)c(=O)[nH]1,GuanosineOnly_gen3
Nc1nc2c(ncn2[C@@H]2O[C@H](CO)[C@@H](O)[C@H]2O)c(=O)[nH]1,Nc1nc2c(nc(CO)n2[C@@H]2O[C@H](COC=O)[C@@H](O)[C@H]2O)c(=O)[nH]1,GuanosineOnly_gen3
Nc1nc2c(ncn2[C@@H]2O[C@H](CO)[C@@H](O)[C@H]2O)c(=O)[nH]1,Nc1nc2c(nc3n2[C@@H]2O[C@H](COC(O)CO3)[C@@H](O)[C@H]2O)c(=O)[nH]1,GuanosineOnly_gen3
Nc1nc2c(ncn2[C@@H]2O[C@H](CO)[C@@H](O)[C@H]2O)c(=O)[nH]1,CC(N)OC[C@H]1O[C@@H](n2c[n+](C)c3c(=O)[nH]c(N)nc32)[C@H](O)[C@@H]1O,GuanosineOnly_gen3
Nc1nc2c(ncn2[C@@H]2O[C@H](CO)[C@@H](O)[C@H]2O)c(=O)[nH]1,CC(N)(O)O[C@@H]1[C@H](O)[C@@H](CO)O[C@H]1n1cnc2c(=O)[nH]c(N)nc21,GuanosineOnly_gen3
Nc1nc2c(ncn2[C@@H]2O[C@H](CO)[C@@H](O)[C@H]2O)c(=O)[nH]1,Nc1nc2c(ncn2[C@@H]2O[C@H](C(O)CO)[C@@H](O)[C@H]2OCO)c(=O)[nH]1,GuanosineOnly_gen3
Nc1nc2c(ncn2[C@@H]2O[C@H](CO)[C@@H](O)[C@H]2O)c(=O)[nH]1,Nc1nc2c(ncn2[C@@H]2O[C@H](CO)[C@@](O)(CO)[C@H]2OCO)c(=O)[nH]1,GuanosineOnly_gen3
Nc1nc2c(ncn2[C@@H]2O[C@H](CO)[C@@H](O)[C@H]2O)c(=O)[nH]1,O=c1[nH]c(NCO)nc2c1ncn2[C@@H]1O[C@H](CO)[C@@](O)(CO)[C@H]1O,GuanosineOnly_gen3
Nc1nc2c(ncn2[C@@H]2O[C@H](CO)[C@@H](O)[C@H]2O)c(=O)[nH]1,O=c1[nH]c(NCO)nc2c1ncn2[C@@H]1O[C@H](C(O)CO)[C@@H](O)[C@H]1O,GuanosineOnly_gen3
Nc1nc2c(ncn2[C@@H]2O[C@H](CO)[C@@H](O)[C@H]2O)c(=O)[nH]1,CC(O)(O)[C@H]1O[C@@H](n2cnc3c(=O)[nH]c(NCO)nc32)[C@H](O)[C@@H]1O,GuanosineOnly_gen3
Nc1nc2c(ncn2[C@@H]2O[C@H](CO)[C@@H](O)[C@H]2O)c(=O)[nH]1,CC(O)O[C@@]1(O)[C@H](O)[C@@H](CO)O[C@H]1n1cnc2c(=O)[nH]c(N)nc21,GuanosineOnly_gen3
Nc1nc2c(ncn2[C@@H]2O[C@H](CO)[C@@H](O)[C@H]2O)c(=O)[nH]1,O=c1[nH]c(NCO)nc2c1nc(CO)n2[C@@H]1O[C@H](CO)[C@@H](O)[C@H]1O,GuanosineOnly_gen3
Nc1nc2c(ncn2[C@@H]2O[C@H](CO)[C@@H](O)[C@H]2O)c(=O)[nH]1,CC(O)(O)[C@H]1O[C@@H](n2cnc3c(=O)[nH]c(N)nc32)[C@H](O)[C@@H]1OCO,GuanosineOnly_gen3
Nc1nc2c(ncn2[C@@H]2O[C@H](CO)[C@@H](O)[C@H]2O)c(=O)[nH]1,Nc1nc2c(nc(CO)n2[C@@H]2O[C@H](CO)[C@@H](OCO)[C@H]2O)c(=O)[nH]1,GuanosineOnly_gen3
Nc1nc2c(ncn2[C@@H]2O[C@H](CO)[C@@H](O)[C@H]2O)c(=O)[nH]1,CC(=O)n1c2nc3c(ncn3[C@@H]3O[C@H](CO)[C@@H](O)[C@H]3OC(C)=N2)c1=O,GuanosineOnly_gen3
Nc1nc2c(ncn2[C@@H]2O[C@H](CO)[C@@H](O)[C@H]2O)c(=O)[nH]1,CC(=O)OC[C@H]1O[C@@H]2[C@H](O)[C@@H]1OC(C)=Nc1nc3c(ncn32)c(=O)[nH]1,GuanosineOnly_gen3
Nc1nc2c(ncn2[C@@H]2O[C@H](CO)[C@@H](O)[C@H]2O)c(=O)[nH]1,CC(=O)n1c2nc3c(ncn3[C@@H]3O[C@H](COC(C)=N2)[C@@H](O)[C@H]3O)c1=O,GuanosineOnly_gen3
Nc1nc2c(ncn2[C@@H]2O[C@H](CO)[C@@H](O)[C@H]2O)c(=O)[nH]1,CC(=O)O[C@H]1[C@@H](O)[C@H](n2cnc3c(=O)n4c(nc32)N=C4C)O[C@@H]1CO,GuanosineOnly_gen3
Nc1nc2c(ncn2[C@@H]2O[C@H](CO)[C@@H](O)[C@H]2O)c(=O)[nH]1,CC1=NC(=O)N1c1nc2c(ncn2[C@@H]2O[C@H](CO)[C@@H](O)[C@H]2O)c(=O)[nH]1,GuanosineOnly_gen3
Nc1nc2c(ncn2[C@@H]2O[C@H](CO)[C@@H](O)[C@H]2O)c(=O)[nH]1,N#CCC(=O)Nc1nc2c(ncn2[C@@H]2O[C@H](CO)[C@@H](O)[C@H]2O)c(=O)[nH]1,GuanosineOnly_gen3
Nc1nc2c(ncn2[C@@H]2O[C@H](CO)[C@@H](O)[C@H]2O)c(=O)[nH]1,O=C1C=C(Nc2nc3c(ncn3[C@@H]3O[C@H](CO)[C@@H](O)[C@H]3O)c(=O)[nH]2)O1,GuanosineOnly_gen3
Nc1nc2c(ncn2[C@@H]2O[C@H](CO)[C@@H](O)[C@H]2O)c(=O)[nH]1,O=C1CC(O)=[N+]1c1nc2c(ncn2[C@@H]2O[C@H](CO)[C@@H](O)[C@H]2O)c(=O)[nH]1,GuanosineOnly_gen3
Nc1nc2c(ncn2[C@@H]2O[C@H](CO)[C@@H](O)[C@H]2O)c(=O)[nH]1,CC(O)Nc1nc2c(ncn2[C@@H]2O[C@H](C(O)C#N)[C@@H](O)[C@H]2O)c(=O)[nH]1,GuanosineOnly_gen3
Nc1nc2c(ncn2[C@@H]2O[C@H](CO)[C@@H](O)[C@H]2O)c(=O)[nH]1,CC(O)O[C@H]1[C@@H](O)[C@H](n2cnc3c(=O)[nH]c(N)nc32)O[C@@]1(C#N)CO,GuanosineOnly_gen3
Nc1nc2c(ncn2[C@@H]2O[C@H](CO)[C@@H](O)[C@H]2O)c(=O)[nH]1,CC(O)O[C@@H]1[C@H](O)[C@@H](CO)O[C@H]1n1c(C#N)nc2c(=O)[nH]c(N)nc21,GuanosineOnly_gen3
Nc1nc2c(ncn2[C@@H]2O[C@H](CO)[C@@H](O)[C@H]2O)c(=O)[nH]1,CC(O)Nc1nc2c(ncn2[C@@]2(C#N)O[C@H](CO)[C@@H](O)[C@H]2O)c(=O)[nH]1,GuanosineOnly_gen3
Nc1nc2c(ncn2[C@@H]2O[C@H](CO)[C@@H](O)[C@H]2O)c(=O)[nH]1,CC(O)Nc1nc2c(ncn2[C@@H]2O[C@H](CO)[C@@H](O)[C@@]2(O)C#N)c(=O)[nH]1,GuanosineOnly_gen3
Nc1nc2c(ncn2[C@@H]2O[C@H](CO)[C@@H](O)[C@H]2O)c(=O)[nH]1,CC(O)O[C@@]1(C#N)[C@@H](CO)O[C@@H](n2cnc3c(=O)[nH]c(N)nc32)[C@@H]1O,GuanosineOnly_gen3
Nc1nc2c(ncn2[C@@H]2O[C@H](CO)[C@@H](O)[C@H]2O)c(=O)[nH]1,CC(O)O[C@H]1[C@@H](O)[C@@](C#N)(n2cnc3c(=O)[nH]c(N)nc32)O[C@@H]1CO,GuanosineOnly_gen3
Nc1nc2c(ncn2[C@@H]2O[C@H](CO)[C@@H](O)[C@H]2O)c(=O)[nH]1,N#CCC(O)OC[C@H]1O[C@@H](n2cnc3c(=O)[nH]c(N)nc32)[C@H](O)[C@@H]1O,GuanosineOnly_gen3
Nc1nc2c(ncn2[C@@H]2O[C@H](CO)[C@@H](O)[C@H]2O)c(=O)[nH]1,CC(O)Nc1nc2c(nc(C#N)n2[C@@H]2O[C@H](CO)[C@@H](O)[C@H]2O)c(=O)[nH]1,GuanosineOnly_gen3
Nc1nc2c(ncn2[C@@H]2O[C@H](CO)[C@@H](O)[C@H]2O)c(=O)[nH]1,C[C@@]1(CO)O[C@@H](n2cnc3c(=O)[nH]c(N)nc32)[C@H](OC(O)C#N)[C@@H]1O,GuanosineOnly_gen3
Nc1nc2c(ncn2[C@@H]2O[C@H](CO)[C@@H](O)[C@H]2O)c(=O)[nH]1,C[C@]1(OC(O)C#N)[C@H](O)[C@@H](CO)O[C@H]1n1cnc2c(=O)[nH]c(N)nc21,GuanosineOnly_gen3
Nc1nc2c(ncn2[C@@H]2O[C@H](CO)[C@@H](O)[C@H]2O)c(=O)[nH]1,CC(O)Nc1nc2c(ncn2[C@@H]2O[C@@](C#N)(CO)[C@@H](O)[C@H]2O)c(=O)[nH]1,GuanosineOnly_gen3
Nc1nc2c(ncn2[C@@H]2O[C@H](CO)[C@@H](O)[C@H]2O)c(=O)[nH]1,C[C@]1(n2cnc3c(=O)[nH]c(N)nc32)O[C@H](COC(O)C#N)[C@@H](O)[C@H]1O,GuanosineOnly_gen3
Nc1nc2c(ncn2[C@@H]2O[C@H](CO)[C@@H](O)[C@H]2O)c(=O)[nH]1,CC(O)OC(C#N)[C@H]1O[C@@H](n2cnc3c(=O)[nH]c(N)nc32)[C@H](O)[C@@H]1O,GuanosineOnly_gen3
Nc1nc2c(ncn2[C@@H]2O[C@H](CO)[C@@H](O)[C@H]2O)c(=O)[nH]1,C[C@]1(O)[C@@H](CO)O[C@@H](n2cnc3c(=O)[nH]c(NC(O)C#N)nc32)[C@@H]1O,GuanosineOnly_gen3
Nc1nc2c(ncn2[C@@H]2O[C@H](CO)[C@@H](O)[C@H]2O)c(=O)[nH]1,C[C@]1(n2cnc3c(=O)[nH]c(NC(O)C#N)nc32)O[C@H](CO)[C@@H](O)[C@H]1O,GuanosineOnly_gen3
Nc1nc2c(ncn2[C@@H]2O[C@H](CO)[C@@H](O)[C@H]2O)c(=O)[nH]1,CC(O)OC[C@H]1O[C@@H](n2cnc3c(=O)[nH]c(N)nc32)[C@H](O)[C@]1(O)C#N,GuanosineOnly_gen3
Nc1nc2c(ncn2[C@@H]2O[C@H](CO)[C@@H](O)[C@H]2O)c(=O)[nH]1,Cc1nc2c(=O)n(C=O)c(N)nc2n1[C@@H]1O[C@H](COC=O)[C@@H](O)[C@H]1O,GuanosineOnly_gen3
Nc1nc2c(ncn2[C@@H]2O[C@H](CO)[C@@H](O)[C@H]2O)c(=O)[nH]1,CC(=O)O[C@@H]1[C@@H](C(=O)O)O[C@@H](n2cnc3c(=O)[nH]c(N)nc32)[C@@]1(C)O,GuanosineOnly_gen3
Nc1nc2c(ncn2[C@@H]2O[C@H](CO)[C@@H](O)[C@H]2O)c(=O)[nH]1,CC(=O)O[C@@H]1[C@H](O)[C@@H](C(=O)O)O[C@]1(C)n1cnc2c(=O)[nH]c(N)nc21,GuanosineOnly_gen3
Nc1nc2c(ncn2[C@@H]2O[C@H](CO)[C@@H](O)[C@H]2O)c(=O)[nH]1,C[C@]1(OC=O)[C@@H](CO)O[C@@H](n2cnc3c(=O)[nH]c(N)nc32)[C@@H]1OC=O,GuanosineOnly_gen3
Nc1nc2c(ncn2[C@@H]2O[C@H](CO)[C@@H](O)[C@H]2O)c(=O)[nH]1,C[C@]1(O)[C@H](O)[C@@H](COC=O)O[C@H]1n1cnc2c(=O)n(C=O)c(N)nc21,GuanosineOnly_gen3
Nc1nc2c(ncn2[C@@H]2O[C@H](CO)[C@@H](O)[C@H]2O)c(=O)[nH]1,C[C@]1(n2cnc3c(=O)[nH]c(NC=O)nc32)O[C@H](CO)[C@@H](O)[C@H]1OC=O,GuanosineOnly_gen3
Nc1nc2c(ncn2[C@@H]2O[C@H](CO)[C@@H](O)[C@H]2O)c(=O)[nH]1,CC(=O)O[C@H]1[C@@H](O)[C@H](n2cnc3c(=O)n(C=O)c(N)nc32)O[C@@H]1CO,GuanosineOnly_gen3
Nc1nc2c(ncn2[C@@H]2O[C@H](CO)[C@@H](O)[C@H]2O)c(=O)[nH]1,Cc1nc2c(=O)[nH]c(NC=O)nc2n1[C@@H]1O[C@H](COC=O)[C@@H](O)[C@H]1O,GuanosineOnly_gen3
Nc1nc2c(ncn2[C@@H]2O[C@H](CO)[C@@H](O)[C@H]2O)c(=O)[nH]1,CO[C@@H]1[C@H](OC(C)=O)[C@@H](C(=O)O)O[C@H]1n1cnc2c(=O)[nH]c(N)nc21,GuanosineOnly_gen3
Nc1nc2c(ncn2[C@@H]2O[C@H](CO)[C@@H](O)[C@H]2O)c(=O)[nH]1,C[C@@]1(COC=O)O[C@@H](n2cnc3c(=O)n(C=O)c(N)nc32)[C@H](O)[C@@H]1O,GuanosineOnly_gen3
Nc1nc2c(ncn2[C@@H]2O[C@H](CO)[C@@H](O)[C@H]2O)c(=O)[nH]1,C[C@@]1(CO)O[C@@H](n2cnc3c(=O)[nH]c(NC=O)nc32)[C@H](O)[C@@H]1OC=O,GuanosineOnly_gen3
Nc1nc2c(ncn2[C@@H]2O[C@H](CO)[C@@H](O)[C@H]2O)c(=O)[nH]1,CC(=O)O[C@@H]1[C@H](O)[C@@H](C(=O)O)O[C@H]1n1c(C)nc2c(=O)[nH]c(N)nc21,GuanosineOnly_gen3
Nc1nc2c(ncn2[C@@H]2O[C@H](CO)[C@@H](O)[C@H]2O)c(=O)[nH]1,C[C@]1(n2cnc3c(=O)n(C=O)c(N)nc32)O[C@H](COC=O)[C@@H](O)[C@H]1O,GuanosineOnly_gen3
Nc1nc2c(ncn2[C@@H]2O[C@H](CO)[C@@H](O)[C@H]2O)c(=O)[nH]1,CC(=O)OC(=O)[C@H]1O[C@@H](n2cnc3c(=O)[nH]c(N)nc32)[C@H](O)[C@@]1(C)O,GuanosineOnly_gen3
Nc1nc2c(ncn2[C@@H]2O[C@H](CO)[C@@H](O)[C@H]2O)c(=O)[nH]1,CC(=O)Nc1nc2c(ncn2[C@@H]2O[C@H](C(=O)O)[C@](C)(O)[C@H]2O)c(=O)[nH]1,GuanosineOnly_gen3
Nc1nc2c(ncn2[C@@H]2O[C@H](CO)[C@@H](O)[C@H]2O)c(=O)[nH]1,CC(=O)Nc1nc2c(nc(C)n2[C@@]2(C)O[C@H](CO)[C@@H](O)[C@H]2O)c(=O)[nH]1,GuanosineOnly_gen3
Nc1nc2c(ncn2[C@@H]2O[C@H](CO)[C@@H](O)[C@H]2O)c(=O)[nH]1,CCOC[C@H]1O[C@@H](n2cnc3c(=O)[nH]c(N)nc32)[C@H](O)[C@@H]1OC(C)=O,GuanosineOnly_gen3
Nc1nc2c(ncn2[C@@H]2O[C@H](CO)[C@@H](O)[C@H]2O)c(=O)[nH]1,CCc1nc2c(=O)[nH]c(N)nc2n1[C@@H]1O[C@H](COC(C)=O)[C@@H](O)[C@H]1O,GuanosineOnly_gen3
Nc1nc2c(ncn2[C@@H]2O[C@H](CO)[C@@H](O)[C@H]2O)c(=O)[nH]1,CC(=O)Nc1nc2c(ncn2[C@@H]2O[C@H](C(C)(C)O)[C@@H](O)[C@H]2O)c(=O)[nH]1,GuanosineOnly_gen3
Nc1nc2c(ncn2[C@@H]2O[C@H](CO)[C@@H](O)[C@H]2O)c(=O)[nH]1,CO[C@@H]1[C@H](OC(C)=O)[C@@H](CO)O[C@]1(C)n1cnc2c(=O)[nH]c(N)nc21,GuanosineOnly_gen3
Nc1nc2c(ncn2[C@@H]2O[C@H](CO)[C@@H](O)[C@H]2O)c(=O)[nH]1,CO[C@H]1[C@@H](OC(C)=O)[C@H](n2c(C)nc3c(=O)[nH]c(N)nc32)O[C@@H]1CO,GuanosineOnly_gen3
Nc1nc2c(ncn2[C@@H]2O[C@H](CO)[C@@H](O)[C@H]2O)c(=O)[nH]1,CC(=O)O[C@@H]1[C@H](O)[C@@H](CO)O[C@]1(C)n1c(C)nc2c(=O)[nH]c(N)nc21,GuanosineOnly_gen3
Nc1nc2c(ncn2[C@@H]2O[C@H](CO)[C@@H](O)[C@H]2O)c(=O)[nH]1,CO[C@@H]1[C@H](O)[C@@H](CO)O[C@]1(C)n1cnc2c(=O)[nH]c(NC(C)=O)nc21,GuanosineOnly_gen3
Nc1nc2c(ncn2[C@@H]2O[C@H](CO)[C@@H](O)[C@H]2O)c(=O)[nH]1,CCC(OC(C)=O)[C@H]1O[C@@H](n2cnc3c(=O)[nH]c(N)nc32)[C@H](O)[C@@H]1O,GuanosineOnly_gen3
Nc1nc2c(ncn2[C@@H]2O[C@H](CO)[C@@H](O)[C@H]2O)c(=O)[nH]1,CC(=O)OC[C@H]1O[C@@H](n2cnc3c(=O)[nH]c(N)nc32)[C@@](C)(O)[C@@]1(C)O,GuanosineOnly_gen3
Nc1nc2c(ncn2[C@@H]2O[C@H](CO)[C@@H](O)[C@H]2O)c(=O)[nH]1,CC(=O)OC[C@H]1O[C@](C)(n2cnc3c(=O)[nH]c(N)nc32)[C@@](C)(O)[C@@H]1O,GuanosineOnly_gen3
Nc1nc2c(ncn2[C@@H]2O[C@H](CO)[C@@H](O)[C@H]2O)c(=O)[nH]1,CC(=O)Nc1nc2c(nc(C)n2[C@@H]2O[C@H](C(C)O)[C@@H](O)[C@H]2O)c(=O)[nH]1,GuanosineOnly_gen3
Nc1nc2c(ncn2[C@@H]2O[C@H](CO)[C@@H](O)[C@H]2O)c(=O)[nH]1,CO[C@@]1(C)[C@@H](CO)O[C@@H](n2cnc3c(=O)[nH]c(N)nc32)[C@@H]1OC(C)=O,GuanosineOnly_gen3
Nc1nc2c(ncn2[C@@H]2O[C@H](CO)[C@@H](O)[C@H]2O)c(=O)[nH]1,CC(=O)OC(C)(C)[C@H]1O[C@@H](n2cnc3c(=O)[nH]c(N)nc32)[C@H](O)[C@@H]1O,GuanosineOnly_gen3
Nc1nc2c(ncn2[C@@H]2O[C@H](CO)[C@@H](O)[C@H]2O)c(=O)[nH]1,CO[C@@H]1[C@@H](CO)O[C@@H](n2cnc3c(=O)[nH]c(N)nc32)[C@@]1(C)OC(C)=O,GuanosineOnly_gen3
Nc1nc2c(ncn2[C@@H]2O[C@H](CO)[C@@H](O)[C@H]2O)c(=O)[nH]1,CC(=O)O[C@H]1[C@@H](O)[C@H](n2cnc3c(=O)[nH]c(N)nc32)O[C@@]1(C)C(C)O,GuanosineOnly_gen3
Nc1nc2c(ncn2[C@@H]2O[C@H](CO)[C@@H](O)[C@H]2O)c(=O)[nH]1,CC(=O)OC[C@]1(C)O[C@@H](n2cnc3c(=O)[nH]c(N)nc32)[C@@](C)(O)[C@@H]1O,GuanosineOnly_gen3
Nc1nc2c(ncn2[C@@H]2O[C@H](CO)[C@@H](O)[C@H]2O)c(=O)[nH]1,CC(=O)Nc1nc2c(nc(C)n2[C@@H]2O[C@H](CO)[C@@H](O)[C@]2(C)O)c(=O)[nH]1,GuanosineOnly_gen3
Nc1nc2c(ncn2[C@@H]2O[C@H](CO)[C@@H](O)[C@H]2O)c(=O)[nH]1,CO[C@H]1[C@@H](O)[C@H](n2cnc3c(=O)[nH]c(NC(C)=O)nc32)O[C@@H]1C(C)O,GuanosineOnly_gen3
Nc1nc2c(ncn2[C@@H]2O[C@H](CO)[C@@H](O)[C@H]2O)c(=O)[nH]1,CC(=O)OC[C@]1(C)O[C@](C)(n2cnc3c(=O)[nH]c(N)nc32)[C@H](O)[C@@H]1O,GuanosineOnly_gen3
Nc1nc2c(ncn2[C@@H]2O[C@H](CO)[C@@H](O)[C@H]2O)c(=O)[nH]1,CC(=O)O[C@]1(C)[C@@H](O)[C@@](C)(n2cnc3c(=O)[nH]c(N)nc32)O[C@@H]1CO,GuanosineOnly_gen3
Nc1nc2c(ncn2[C@@H]2O[C@H](CO)[C@@H](O)[C@H]2O)c(=O)[nH]1,CC(=O)Nc1nc2c(ncn2[C@@]2(C)O[C@H](C(C)O)[C@@H](O)[C@H]2O)c(=O)[nH]1,GuanosineOnly_gen3
Nc1nc2c(ncn2[C@@H]2O[C@H](CO)[C@@H](O)[C@H]2O)c(=O)[nH]1,CC(=O)OC(C)[C@H]1O[C@](C)(n2cnc3c(=O)[nH]c(N)nc32)[C@H](O)[C@@H]1O,GuanosineOnly_gen3
Nc1nc2c(ncn2[C@@H]2O[C@H](CO)[C@@H](O)[C@H]2O)c(=O)[nH]1,CC(=O)Nc1nc2c(ncn2[C@@H]2O[C@H](C(C)O)[C@@H](O)[C@]2(C)O)c(=O)[nH]1,GuanosineOnly_gen3
Nc1nc2c(ncn2[C@@H]2O[C@H](CO)[C@@H](O)[C@H]2O)c(=O)[nH]1,CC(=O)Nc1nc2c(ncn2[C@@]2(C)O[C@H](CO)[C@](C)(O)[C@H]2O)c(=O)[nH]1,GuanosineOnly_gen3
Nc1nc2c(ncn2[C@@H]2O[C@H](CO)[C@@H](O)[C@H]2O)c(=O)[nH]1,COC[C@H]1O[C@@H](n2cnc3c(=O)[nH]c(N)nc32)[C@H](O)[C@@]1(C)OC(C)=O,GuanosineOnly_gen3
Nc1nc2c(ncn2[C@@H]2O[C@H](CO)[C@@H](O)[C@H]2O)c(=O)[nH]1,CC(=O)O[C@]1(C)[C@H](n2cnc3c(=O)[nH]c(N)nc32)O[C@@](C)(CO)[C@H]1O,GuanosineOnly_gen3
Nc1nc2c(ncn2[C@@H]2O[C@H](CO)[C@@H](O)[C@H]2O)c(=O)[nH]1,CC(=O)O[C@H]1[C@H](n2c(C)nc3c(=O)[nH]c(N)nc32)O[C@@](C)(CO)[C@H]1O,GuanosineOnly_gen3
Nc1nc2c(ncn2[C@@H]2O[C@H](CO)[C@@H](O)[C@H]2O)c(=O)[nH]1,CC(=O)Nc1nc2c(ncn2[C@@H]2O[C@@](C)(CO)[C@@H](O)[C@]2(C)O)c(=O)[nH]1,GuanosineOnly_gen3
Nc1nc2c(ncn2[C@@H]2O[C@H](CO)[C@@H](O)[C@H]2O)c(=O)[nH]1,CC(=O)O[C@@]1(C)[C@H](O)[C@@H](C(C)O)O[C@H]1n1cnc2c(=O)[nH]c(N)nc21,GuanosineOnly_gen3
Nc1nc2c(ncn2[C@@H]2O[C@H](CO)[C@@H](O)[C@H]2O)c(=O)[nH]1,CC(=O)O[C@H]1[C@H](n2c(C)nc3c(=O)[nH]c(N)nc32)O[C@H](CO)[C@]1(C)O,GuanosineOnly_gen3
Nc1nc2c(ncn2[C@@H]2O[C@H](CO)[C@@H](O)[C@H]2O)c(=O)[nH]1,CC(=O)O[C@@H]1[C@H](O)[C@@H](C(C)(C)O)O[C@H]1n1cnc2c(=O)[nH]c(N)nc21,GuanosineOnly_gen3
Nc1nc2c(ncn2[C@@H]2O[C@H](CO)[C@@H](O)[C@H]2O)c(=O)[nH]1,CC(=O)O[C@@]1(C)[C@H](O)[C@@H](CO)O[C@]1(C)n1cnc2c(=O)[nH]c(N)nc21,GuanosineOnly_gen3
Nc1nc2c(ncn2[C@@H]2O[C@H](CO)[C@@H](O)[C@H]2O)c(=O)[nH]1,CC(=O)O[C@@]1(C)[C@H](O)[C@@H](CO)O[C@H]1n1c(C)nc2c(=O)[nH]c(N)nc21,GuanosineOnly_gen3
Nc1nc2c(ncn2[C@@H]2O[C@H](CO)[C@@H](O)[C@H]2O)c(=O)[nH]1,COC[C@H]1O[C@@H](n2cnc3c(=O)[nH]c(NC(C)=O)nc32)[C@H](OC)[C@@H]1O,GuanosineOnly_gen3
Nc1nc2c(ncn2[C@@H]2O[C@H](CO)[C@@H](O)[C@H]2O)c(=O)[nH]1,CC(=O)OC[C@H]1O[C@@H](n2c(C)nc3c(=O)[nH]c(N)nc32)[C@H](O)[C@@]1(C)O,GuanosineOnly_gen3
Nc1nc2c(ncn2[C@@H]2O[C@H](CO)[C@@H](O)[C@H]2O)c(=O)[nH]1,COC[C@]1(C)O[C@@H](n2cnc3c(=O)[nH]c(NC(C)=O)nc32)[C@H](O)[C@@H]1O,GuanosineOnly_gen3
Nc1nc2c(ncn2[C@@H]2O[C@H](CO)[C@@H](O)[C@H]2O)c(=O)[nH]1,CC[C@]1(n2cnc3c(=O)[nH]c(NC(C)=O)nc32)O[C@H](CO)[C@@H](O)[C@H]1O,GuanosineOnly_gen3
Nc1nc2c(ncn2[C@@H]2O[C@H](CO)[C@@H](O)[C@H]2O)c(=O)[nH]1,CC[C@]1(O)[C@@H](CO)O[C@@H](n2cnc3c(=O)[nH]c(NC(C)=O)nc32)[C@@H]1O,GuanosineOnly_gen3
Nc1nc2c(ncn2[C@@H]2O[C@H](CO)[C@@H](O)[C@H]2O)c(=O)[nH]1,CC[C@]1(n2cnc3c(=O)[nH]c(N)nc32)O[C@H](CO)[C@@H](O)[C@H]1OC(C)=O,GuanosineOnly_gen3
Nc1nc2c(ncn2[C@@H]2O[C@H](CO)[C@@H](O)[C@H]2O)c(=O)[nH]1,CC(=O)O[C@H]1[C@@H](O)[C@H](n2c(C)nc3c(=O)[nH]c(N)nc32)O[C@@H]1C(C)O,GuanosineOnly_gen3
Nc1nc2c(ncn2[C@@H]2O[C@H](CO)[C@@H](O)[C@H]2O)c(=O)[nH]1,CC(=O)O[C@]1(C)[C@@H](O)[C@H](n2cnc3c(=O)[nH]c(N)nc32)O[C@@]1(C)CO,GuanosineOnly_gen3
Nc1nc2c(ncn2[C@@H]2O[C@H](CO)[C@@H](O)[C@H]2O)c(=O)[nH]1,CC(=O)N(C)c1nc2c(ncn2[C@@]2(C)O[C@H](CO)[C@@H](O)[C@H]2O)c(=O)[nH]1,GuanosineOnly_gen3
Nc1nc2c(ncn2[C@@H]2O[C@H](CO)[C@@H](O)[C@H]2O)c(=O)[nH]1,CO[C@H]1[C@H](n2cnc3c(=O)[nH]c(N)nc32)O[C@@](C)(CO)[C@H]1OC(C)=O,GuanosineOnly_gen3
Nc1nc2c(ncn2[C@@H]2O[C@H](CO)[C@@H](O)[C@H]2O)c(=O)[nH]1,CC[C@@]1(CO)O[C@@H](n2cnc3c(=O)[nH]c(NC(C)=O)nc32)[C@H](O)[C@@H]1O,GuanosineOnly_gen3
Nc1nc2c(ncn2[C@@H]2O[C@H](CO)[C@@H](O)[C@H]2O)c(=O)[nH]1,CC[C@]1(O)[C@@H](COC(C)=O)O[C@@H](n2cnc3c(=O)[nH]c(N)nc32)[C@@H]1O,GuanosineOnly_gen3
Nc1nc2c(ncn2[C@@H]2O[C@H](CO)[C@@H](O)[C@H]2O)c(=O)[nH]1,CC(=O)OC(=O)[C@H]1O[C@@H](n2c[n+](C)c3c(=O)[nH]c(N)nc32)[C@H](O)[C@@H]1O,GuanosineOnly_gen3
Nc1nc2c(ncn2[C@@H]2O[C@H](CO)[C@@H](O)[C@H]2O)c(=O)[nH]1,CC(=O)Nc1nc2c(c(=O)[nH]1)[n+](C)cn2[C@@H]1O[C@H](C(=O)O)[C@@H](O)[C@H]1O,GuanosineOnly_gen3
Nc1nc2c(ncn2[C@@H]2O[C@H](CO)[C@@H](O)[C@H]2O)c(=O)[nH]1,CO[C@@H]1[C@H](O)[C@@H](COC(C)=O)O[C@H]1n1c[n+](C)c2c(=O)[nH]c(N)nc21,GuanosineOnly_gen3
Nc1nc2c(ncn2[C@@H]2O[C@H](CO)[C@@H](O)[C@H]2O)c(=O)[nH]1,CC(=O)O[C@H]1[C@H](n2c[n+](C)c3c(=O)[nH]c(N)nc32)O[C@H](CO)[C@]1(C)O,GuanosineOnly_gen3
Nc1nc2c(ncn2[C@@H]2O[C@H](CO)[C@@H](O)[C@H]2O)c(=O)[nH]1,CC(=O)OC[C@]1(C)O[C@@H](n2c[n+](C)c3c(=O)[nH]c(N)nc32)[C@H](O)[C@@H]1O,GuanosineOnly_gen3
Nc1nc2c(ncn2[C@@H]2O[C@H](CO)[C@@H](O)[C@H]2O)c(=O)[nH]1,CC(=O)O[C@@H]1[C@H](O)[C@@H](C(C)O)O[C@H]1n1c[n+](C)c2c(=O)[nH]c(N)nc21,GuanosineOnly_gen3
Nc1nc2c(ncn2[C@@H]2O[C@H](CO)[C@@H](O)[C@H]2O)c(=O)[nH]1,CC(=O)OC[C@H]1O[C@](C)(n2c[n+](C)c3c(=O)[nH]c(N)nc32)[C@H](O)[C@@H]1O,GuanosineOnly_gen3
Nc1nc2c(ncn2[C@@H]2O[C@H](CO)[C@@H](O)[C@H]2O)c(=O)[nH]1,CC(=O)Nc1nc2c(c(=O)[nH]1)[n+](C)cn2[C@@H]1O[C@H](CO)[C@](C)(O)[C@H]1O,GuanosineOnly_gen3
Nc1nc2c(ncn2[C@@H]2O[C@H](CO)[C@@H](O)[C@H]2O)c(=O)[nH]1,CC(=O)O[C@@]1(C)[C@H](O)[C@@H](CO)O[C@H]1n1c[n+](C)c2c(=O)[nH]c(N)nc21,GuanosineOnly_gen3
Nc1nc2c(ncn2[C@@H]2O[C@H](CO)[C@@H](O)[C@H]2O)c(=O)[nH]1,CC(=O)Nc1nc2c(c(=O)n1C)[n+](C)cn2[C@@H]1O[C@H](CO)[C@@H](O)[C@H]1O,GuanosineOnly_gen3
Nc1nc2c(ncn2[C@@H]2O[C@H](CO)[C@@H](O)[C@H]2O)c(=O)[nH]1,CC(=O)OC[C@H]1O[C@@H](n2c[n+](C)c3c(=O)[nH]c(N)nc32)[C@H](O)[C@@]1(C)O,GuanosineOnly_gen3
Nc1nc2c(ncn2[C@@H]2O[C@H](CO)[C@@H](O)[C@H]2O)c(=O)[nH]1,CC[n+]1cn([C@@H]2O[C@H](CO)[C@@H](O)[C@H]2OC(C)=O)c2nc(N)[nH]c(=O)c21,GuanosineOnly_gen3
Nc1nc2c(ncn2[C@@H]2O[C@H](CO)[C@@H](O)[C@H]2O)c(=O)[nH]1,CC(=O)OC[C@H]1O[C@@H](n2c(C)[n+](C)c3c(=O)[nH]c(N)nc32)[C@H](O)[C@@H]1O,GuanosineOnly_gen3
Nc1nc2c(ncn2[C@@H]2O[C@H](CO)[C@@H](O)[C@H]2O)c(=O)[nH]1,O=COC(=O)Nc1nc2c(ncn2[C@@H]2O[C@H](CO)[C@@H](O)[C@H]2O)c(=O)[nH]1,GuanosineOnly_gen3
Nc1nc2c(ncn2[C@@H]2O[C@H](CO)[C@@H](O)[C@H]2O)c(=O)[nH]1,O=C(CO)Nc1nc2c(ncn2[C@@H]2O[C@H](C(=O)O)[C@@H](O)[C@H]2O)c(=O)[nH]1,GuanosineOnly_gen3
Nc1nc2c(ncn2[C@@H]2O[C@H](CO)[C@@H](O)[C@H]2O)c(=O)[nH]1,Nc1nc2c(ncn2[C@@H]2O[C@H](COCCC(=O)O)[C@@H](O)[C@H]2O)c(=O)[nH]1,GuanosineOnly_gen3
Nc1nc2c(ncn2[C@@H]2O[C@H](CO)[C@@H](O)[C@H]2O)c(=O)[nH]1,C[C@]1(O)[C@@H](COC(=O)CO)O[C@@H](n2cnc3c(=O)[nH]c(N)nc32)[C@@H]1O,GuanosineOnly_gen3
Nc1nc2c(ncn2[C@@H]2O[C@H](CO)[C@@H](O)[C@H]2O)c(=O)[nH]1,CC(O)[C@H]1O[C@@H](n2cnc3c(=O)[nH]c(N)nc32)[C@H](O)[C@@H]1OC(=O)CO,GuanosineOnly_gen3
Nc1nc2c(ncn2[C@@H]2O[C@H](CO)[C@@H](O)[C@H]2O)c(=O)[nH]1,C[C@]1(O)[C@H](OC(=O)CO)[C@@H](CO)O[C@H]1n1cnc2c(=O)[nH]c(N)nc21,GuanosineOnly_gen3
Nc1nc2c(ncn2[C@@H]2O[C@H](CO)[C@@H](O)[C@H]2O)c(=O)[nH]1,COCC(=O)O[C@H]1[C@@H](O)[C@H](n2cnc3c(=O)[nH]c(N)nc32)O[C@@H]1CO,GuanosineOnly_gen3
Nc1nc2c(ncn2[C@@H]2O[C@H](CO)[C@@H](O)[C@H]2O)c(=O)[nH]1,C[C@]1(OC(O)CO)[C@@H](CO)O[C@@H](n2cnc3c(=O)[nH]c(N)nc32)[C@@H]1O,GuanosineOnly_gen3
Nc1nc2c(ncn2[C@@H]2O[C@H](CO)[C@@H](O)[C@H]2O)c(=O)[nH]1,C[C@]1(n2cnc3c(=O)[nH]c(N)nc32)O[C@H](CO)[C@@H](OC(O)CO)[C@H]1O,GuanosineOnly_gen3
Nc1nc2c(ncn2[C@@H]2O[C@H](CO)[C@@H](O)[C@H]2O)c(=O)[nH]1,CC(O)OC(C)(O)[C@H]1O[C@@H](n2cnc3c(=O)[nH]c(N)nc32)[C@H](O)[C@@H]1O,GuanosineOnly_gen3
Nc1nc2c(ncn2[C@@H]2O[C@H](CO)[C@@H](O)[C@H]2O)c(=O)[nH]1,Cc1nc2c(=O)[nH]c(N)nc2n1[C@@H]1O[C@H](COC(O)CO)[C@@H](O)[C@H]1O,GuanosineOnly_gen3
Nc1nc2c(ncn2[C@@H]2O[C@H](CO)[C@@H](O)[C@H]2O)c(=O)[nH]1,COC[C@H]1O[C@@H](n2cnc3c(=O)[nH]c(N)nc32)[C@H](OC(O)CO)[C@@H]1O,GuanosineOnly_gen3
Nc1nc2c(ncn2[C@@H]2O[C@H](CO)[C@@H](O)[C@H]2O)c(=O)[nH]1,CN(c1nc2c(ncn2[C@@H]2O[C@H](CO)[C@@H](O)[C@H]2O)c(=O)[nH]1)C(O)CO,GuanosineOnly_gen3
Nc1nc2c(ncn2[C@@H]2O[C@H](CO)[C@@H](O)[C@H]2O)c(=O)[nH]1,C[C@]1(O)[C@H](O)[C@@H](COC(O)CO)O[C@H]1n1cnc2c(=O)[nH]c(N)nc21,GuanosineOnly_gen3
Nc1nc2c(ncn2[C@@H]2O[C@H](CO)[C@@H](O)[C@H]2O)c(=O)[nH]1,COC[C@H]1O[C@@H](n2cnc3c(=O)[nH]c(NC(O)CO)nc32)[C@H](O)[C@@H]1O,GuanosineOnly_gen3
Nc1nc2c(ncn2[C@@H]2O[C@H](CO)[C@@H](O)[C@H]2O)c(=O)[nH]1,CC(O)(CO)OC[C@H]1O[C@@H](n2cnc3c(=O)[nH]c(N)nc32)[C@H](O)[C@@H]1O,GuanosineOnly_gen3
Nc1nc2c(ncn2[C@@H]2O[C@H](CO)[C@@H](O)[C@H]2O)c(=O)[nH]1,C[C@@]1(COC(O)CO)O[C@@H](n2cnc3c(=O)[nH]c(N)nc32)[C@H](O)[C@@H]1O,GuanosineOnly_gen3
Nc1nc2c(ncn2[C@@H]2O[C@H](CO)[C@@H](O)[C@H]2O)c(=O)[nH]1,C[n+]1cn([C@@H]2O[C@H](CO)[C@@H](O)[C@H]2OC(O)CO)c2nc(N)[nH]c(=O)c21,GuanosineOnly_gen3
Nc1nc2c(ncn2[C@@H]2O[C@H](CO)[C@@H](O)[C@H]2O)c(=O)[nH]1,O=c1[nH]c2nc3c1ncn3[C@@H]1O[C@H](C(O)=N2)[C@@H](OP(=O)(O)O)[C@H]1O,GuanosineOnly_gen3
Nc1nc2c(ncn2[C@@H]2O[C@H](CO)[C@@H](O)[C@H]2O)c(=O)[nH]1,CO[C@@H]1[C@@H]2OP(=O)(O)OC[C@H]2O[C@H]1n1cnc2c(=O)[nH]c(N)nc21,GuanosineOnly_gen3
Nc1nc2c(ncn2[C@@H]2O[C@H](CO)[C@@H](O)[C@H]2O)c(=O)[nH]1,COC[C@H]1O[C@@H](n2cnc3c(=O)[nH]c(N)nc32)[C@@H]2OP(=O)(O)O[C@@H]21,GuanosineOnly_gen3
Nc1nc2c(ncn2[C@@H]2O[C@H](CO)[C@@H](O)[C@H]2O)c(=O)[nH]1,O=c1[nH]c2nc3c1ncn3[C@@H]1O[C@H](C(OS(=O)(=O)O)=N2)[C@@H](O)[C@H]1O,GuanosineOnly_gen3
Nc1nc2c(ncn2[C@@H]2O[C@H](CO)[C@@H](O)[C@H]2O)c(=O)[nH]1,C[n+]1cn([C@@H]2O[C@H](CO)[C@H]3OP(=O)(O)O[C@H]32)c2nc(N)[nH]c(=O)c21,GuanosineOnly_gen3
Nc1nc2c(ncn2[C@@H]2O[C@H](CO)[C@@H](O)[C@H]2O)c(=O)[nH]1,C[n+]1cn([C@@H]2O[C@@H]3COP(=O)(O)O[C@@H]2[C@@H]3O)c2nc(N)[nH]c(=O)c21,GuanosineOnly_gen3
Nc1nc2c(ncn2[C@@H]2O[C@H](CO)[C@@H](O)[C@H]2O)c(=O)[nH]1,Nc1nc2c(ncn2[C@]23O[C@@H]2[C@H](OP(=O)(O)O)[C@@H](CO)O3)c(=O)[nH]1,GuanosineOnly_gen3
Nc1nc2c(ncn2[C@@H]2O[C@H](CO)[C@@H](O)[C@H]2O)c(=O)[nH]1,Nc1nc2c(ncn2[C@@H]2O[C@H](COP(=O)(O)O)[C@@]3(O)O[C@@H]23)c(=O)[nH]1,GuanosineOnly_gen3
Nc1nc2c(ncn2[C@@H]2O[C@H](CO)[C@@H](O)[C@H]2O)c(=O)[nH]1,Nc1nc2c(ncn2[C@@H]2O[C@]3(CO)O[C@H]3[C@H]2OP(=O)(O)O)c(=O)[nH]1,GuanosineOnly_gen3
Nc1nc2c(ncn2[C@@H]2O[C@H](CO)[C@@H](O)[C@H]2O)c(=O)[nH]1,Nc1nc2c(nc3n2[C@@H]2O[C@H](COP(=O)(O)O)[C@@H](O)[C@H]2O3)c(=O)[nH]1,GuanosineOnly_gen3
Nc1nc2c(ncn2[C@@H]2O[C@H](CO)[C@@H](O)[C@H]2O)c(=O)[nH]1,Nc1nc2c(nc3n2[C@@H]2O[C@H](CO)[C@@H](OS(=O)(=O)O)[C@H]2O3)c(=O)[nH]1,GuanosineOnly_gen3
Nc1nc2c(ncn2[C@@H]2O[C@H](CO)[C@@H](O)[C@H]2O)c(=O)[nH]1,Nc1nc2c(ncn2[C@@H]2O[C@]3(CO)O[C@@H]2[C@@H]3OS(=O)(=O)O)c(=O)[nH]1,GuanosineOnly_gen3
Nc1nc2c(ncn2[C@@H]2O[C@H](CO)[C@@H](O)[C@H]2O)c(=O)[nH]1,Nc1nc2c(ncn2[C@@H]2O[C@]3(COS(=O)(=O)O)O[C@H]3[C@H]2O)c(=O)[nH]1,GuanosineOnly_gen3
Nc1nc2c(ncn2[C@@H]2O[C@H](CO)[C@@H](O)[C@H]2O)c(=O)[nH]1,CO[C@H]1[C@@H](O)[C@H](n2cnc3c(=O)[nH]c(N)nc32)O[C@@H]1COC(C)(O)C#N,GuanosineOnly_gen3
Nc1nc2c(ncn2[C@@H]2O[C@H](CO)[C@@H](O)[C@H]2O)c(=O)[nH]1,CC(O)[C@H]1O[C@@H](n2cnc3c(=O)[nH]c(N)nc32)[C@H](OC(C)(O)C#N)[C@@H]1O,GuanosineOnly_gen3
Nc1nc2c(ncn2[C@@H]2O[C@H](CO)[C@@H](O)[C@H]2O)c(=O)[nH]1,CC(O)[C@H]1O[C@@H](n2cnc3c(=O)[nH]c(NC(C)(O)C#N)nc32)[C@H](O)[C@@H]1O,GuanosineOnly_gen3
Nc1nc2c(ncn2[C@@H]2O[C@H](CO)[C@@H](O)[C@H]2O)c(=O)[nH]1,Cc1nc2c(=O)[nH]c(N)nc2n1[C@@H]1O[C@H](CO)[C@@H](OC(C)(O)C#N)[C@H]1O,GuanosineOnly_gen3
Nc1nc2c(ncn2[C@@H]2O[C@H](CO)[C@@H](O)[C@H]2O)c(=O)[nH]1,CC(O)(C#N)Nc1nc2c(ncn2[C@@H]2O[C@@](C)(CO)[C@@H](O)[C@H]2O)c(=O)[nH]1,GuanosineOnly_gen3
Nc1nc2c(ncn2[C@@H]2O[C@H](CO)[C@@H](O)[C@H]2O)c(=O)[nH]1,CC(O)(C#N)O[C@@H]1[C@H](O)[C@@H](CO)O[C@]1(C)n1cnc2c(=O)[nH]c(N)nc21,GuanosineOnly_gen3
Nc1nc2c(ncn2[C@@H]2O[C@H](CO)[C@@H](O)[C@H]2O)c(=O)[nH]1,CC(O)(C#N)Nc1nc2c(ncn2[C@@H]2O[C@H](CO)[C@@H](O)[C@]2(C)O)c(=O)[nH]1,GuanosineOnly_gen3
Nc1nc2c(ncn2[C@@H]2O[C@H](CO)[C@@H](O)[C@H]2O)c(=O)[nH]1,CC(O)(C#N)OC[C@H]1O[C@@H](n2cnc3c(=O)[nH]c(N)nc32)[C@@](C)(O)[C@@H]1O,GuanosineOnly_gen3
Nc1nc2c(ncn2[C@@H]2O[C@H](CO)[C@@H](O)[C@H]2O)c(=O)[nH]1,Cc1nc2c(=O)[nH]c(NC(C)(O)C#N)nc2n1[C@@H]1O[C@H](CO)[C@@H](O)[C@H]1O,GuanosineOnly_gen3
Nc1nc2c(ncn2[C@@H]2O[C@H](CO)[C@@H](O)[C@H]2O)c(=O)[nH]1,CC(O)(C#N)OC[C@]1(C)O[C@@H](n2cnc3c(=O)[nH]c(N)nc32)[C@H](O)[C@@H]1O,GuanosineOnly_gen3
Nc1nc2c(ncn2[C@@H]2O[C@H](CO)[C@@H](O)[C@H]2O)c(=O)[nH]1,CN(c1nc2c(ncn2[C@@H]2O[C@H](CO)[C@@H](O)[C@H]2O)c(=O)[nH]1)C(C)(O)C#N,GuanosineOnly_gen3
Nc1nc2c(ncn2[C@@H]2O[C@H](CO)[C@@H](O)[C@H]2O)c(=O)[nH]1,COC(C)(C#N)Nc1nc2c(ncn2[C@@H]2O[C@H](CO)[C@@H](O)[C@H]2O)c(=O)[nH]1,GuanosineOnly_gen3
Nc1nc2c(ncn2[C@@H]2O[C@H](CO)[C@@H](O)[C@H]2O)c(=O)[nH]1,CC(O)(C#N)O[C@H]1[C@H](n2cnc3c(=O)[nH]c(N)nc32)O[C@H](CO)[C@]1(C)O,GuanosineOnly_gen3
Nc1nc2c(ncn2[C@@H]2O[C@H](CO)[C@@H](O)[C@H]2O)c(=O)[nH]1,CC(=O)N(C=O)c1nc2c(ncn2[C@@H]2O[C@H](CO)[C@@H](O)[C@]2(C)O)c(=O)[nH]1,GuanosineOnly_gen3
Nc1nc2c(ncn2[C@@H]2O[C@H](CO)[C@@H](O)[C@H]2O)c(=O)[nH]1,CC(=O)Nc1nc2c(ncn2[C@@H]2O[C@@](C)(CO)[C@@H](O)[C@H]2OC=O)c(=O)[nH]1,GuanosineOnly_gen3
Nc1nc2c(ncn2[C@@H]2O[C@H](CO)[C@@H](O)[C@H]2O)c(=O)[nH]1,CC(=O)n1c(N)nc2c(ncn2[C@@]23OC[C@@H](O2)[C@@H](OC(C)O)[C@H]3O)c1=O,GuanosineOnly_gen3
Nc1nc2c(ncn2[C@@H]2O[C@H](CO)[C@@H](O)[C@H]2O)c(=O)[nH]1,CC(=O)O[C@@]12O[C@@H]1[C@@H](CO)O[C@H]2n1cnc2c(=O)[nH]c(NC(C)O)nc21,GuanosineOnly_gen3
Nc1nc2c(ncn2[C@@H]2O[C@H](CO)[C@@H](O)[C@H]2O)c(=O)[nH]1,CC(=O)Nc1nc2c(ncn2[C@]23O[C@@H]2[C@H](OC(C)O)[C@@H](CO)O3)c(=O)[nH]1,GuanosineOnly_gen3
Nc1nc2c(ncn2[C@@H]2O[C@H](CO)[C@@H](O)[C@H]2O)c(=O)[nH]1,CC(=O)OC(C)O[C@H]1[C@H]2O[C@@]1(CO)O[C@H]2n1cnc2c(=O)[nH]c(N)nc21,GuanosineOnly_gen3
Nc1nc2c(ncn2[C@@H]2O[C@H](CO)[C@@H](O)[C@H]2O)c(=O)[nH]1,CC(=O)OC1O[C@H]2[C@@H](OC(C)O)[C@H](n3cnc4c(=O)[nH]c(N)nc43)O[C@H]12,GuanosineOnly_gen3
Nc1nc2c(ncn2[C@@H]2O[C@H](CO)[C@@H](O)[C@H]2O)c(=O)[nH]1,CC(=O)Nc1nc2c(ncn2[C@@H]2O[C@@H]3COCC(O)O[C@H]3[C@H]2O)c(=O)[nH]1,GuanosineOnly_gen3
Nc1nc2c(ncn2[C@@H]2O[C@H](CO)[C@@H](O)[C@H]2O)c(=O)[nH]1,CC(=O)O[C@H]1[C@H](n2cnc3c(=O)[nH]c(NC(C)O)nc32)O[C@@H]2CO[C@]21O,GuanosineOnly_gen3
Nc1nc2c(ncn2[C@@H]2O[C@H](CO)[C@@H](O)[C@H]2O)c(=O)[nH]1,CC(=O)N(c1nc2c(ncn2[C@@H]2O[C@@H]3C(O)O[C@H]3[C@H]2O)c(=O)[nH]1)C(C)O,GuanosineOnly_gen3
Nc1nc2c(ncn2[C@@H]2O[C@H](CO)[C@@H](O)[C@H]2O)c(=O)[nH]1,CCC(=O)N(C=O)c1nc2c(ncn2[C@@H]2O[C@H](CO)[C@@H](O)[C@H]2O)c(=O)[nH]1,GuanosineOnly_gen3
Nc1nc2c(ncn2[C@@H]2O[C@H](CO)[C@@H](O)[C@H]2O)c(=O)[nH]1,CC(=O)O[C@H]1[C@@H](O)[C@H]2O[C@@H]1COCC(O)Nc1nc3c(ncn32)c(=O)[nH]1,GuanosineOnly_gen3
Nc1nc2c(ncn2[C@@H]2O[C@H](CO)[C@@H](O)[C@H]2O)c(=O)[nH]1,CC(O)n1c(N)nc2c(ncn2[C@@H]2O[C@H](CO)[C@H]3OC(=O)CO[C@H]32)c1=O,GuanosineOnly_gen3
Nc1nc2c(ncn2[C@@H]2O[C@H](CO)[C@@H](O)[C@H]2O)c(=O)[nH]1,CC(=O)OC(C)[C@H]1O[C@@H](n2cnc3c(=O)n(C=O)c(N)nc32)[C@H](O)[C@@H]1O,GuanosineOnly_gen3
Nc1nc2c(ncn2[C@@H]2O[C@H](CO)[C@@H](O)[C@H]2O)c(=O)[nH]1,CC(=O)OC(C)Nc1nc2c(ncn2[C@@H]2O[C@@H]3C(O)O[C@H]3[C@H]2O)c(=O)[nH]1,GuanosineOnly_gen3
Nc1nc2c(ncn2[C@@H]2O[C@H](CO)[C@@H](O)[C@H]2O)c(=O)[nH]1,CC(=O)n1c(N)nc2c(nc(C)n2[C@@H]2O[C@H](CO)[C@@H](OC=O)[C@H]2O)c1=O,GuanosineOnly_gen3
Nc1nc2c(ncn2[C@@H]2O[C@H](CO)[C@@H](O)[C@H]2O)c(=O)[nH]1,CC(=O)n1c(N)nc2c(ncn2[C@@H]2O[C@@H]3COCC(O)O[C@H]3[C@H]2O)c1=O,GuanosineOnly_gen3
Nc1nc2c(ncn2[C@@H]2O[C@H](CO)[C@@H](O)[C@H]2O)c(=O)[nH]1,CC(=O)Nc1nc2c(ncn2[C@@H]2O[C@@H]3CO[C@@]3(OC(C)O)[C@H]2O)c(=O)[nH]1,GuanosineOnly_gen3
Nc1nc2c(ncn2[C@@H]2O[C@H](CO)[C@@H](O)[C@H]2O)c(=O)[nH]1,CC(=O)OC[C@H]1O[C@@H](n2cnc3c(=O)[nH]c(N)nc32)[C@@](C)(OC=O)[C@@H]1O,GuanosineOnly_gen3
Nc1nc2c(ncn2[C@@H]2O[C@H](CO)[C@@H](O)[C@H]2O)c(=O)[nH]1,CC(=O)Nc1nc2c(ncn2[C@@H]2O[C@H](CO)[C@H]3OCC(O)O[C@H]32)c(=O)[nH]1,GuanosineOnly_gen3
Nc1nc2c(ncn2[C@@H]2O[C@H](CO)[C@@H](O)[C@H]2O)c(=O)[nH]1,CC(=O)O[C@@H]1[C@H]2CO[C@@]1(O)[C@H](n1cnc3c(=O)n(C(C)O)c(N)nc31)O2,GuanosineOnly_gen3
Nc1nc2c(ncn2[C@@H]2O[C@H](CO)[C@@H](O)[C@H]2O)c(=O)[nH]1,CCC(=O)OC[C@H]1O[C@@H](n2cnc3c(=O)[nH]c(NC=O)nc32)[C@H](O)[C@@H]1O,GuanosineOnly_gen3
Nc1nc2c(ncn2[C@@H]2O[C@H](CO)[C@@H](O)[C@H]2O)c(=O)[nH]1,CC(=O)O[C@H]1[C@@H](O)[C@H](n2cnc3c(=O)[nH]c(N)nc32)O[C@@H]1C(C)OC=O,GuanosineOnly_gen3
Nc1nc2c(ncn2[C@@H]2O[C@H](CO)[C@@H](O)[C@H]2O)c(=O)[nH]1,CC(=O)OC[C@H]1O[C@@]2(n3cnc4c(=O)[nH]c(N)nc43)O[C@H]1[C@H]2OC(C)O,GuanosineOnly_gen3
Nc1nc2c(ncn2[C@@H]2O[C@H](CO)[C@@H](O)[C@H]2O)c(=O)[nH]1,CC(=O)O[C@H]1[C@@H](O)[C@]2(n3cnc4c(=O)[nH]c(NC(C)O)nc43)OC[C@H]1O2,GuanosineOnly_gen3
Nc1nc2c(ncn2[C@@H]2O[C@H](CO)[C@@H](O)[C@H]2O)c(=O)[nH]1,CCC(=O)OC[C@H]1O[C@@H](n2cnc3c(=O)n(C=O)c(N)nc32)[C@H](O)[C@@H]1O,GuanosineOnly_gen3
Nc1nc2c(ncn2[C@@H]2O[C@H](CO)[C@@H](O)[C@H]2O)c(=O)[nH]1,CC(=O)OC(C)Nc1nc2c(ncn2[C@@H]2O[C@H](CO)[C@@]3(O)O[C@@H]23)c(=O)[nH]1,GuanosineOnly_gen3
Nc1nc2c(ncn2[C@@H]2O[C@H](CO)[C@@H](O)[C@H]2O)c(=O)[nH]1,CC(=O)n1c(N)nc2c(nc3n2[C@@H]2O[C@H](CO)[C@@H](O3)[C@H]2OC(C)O)c1=O,GuanosineOnly_gen3
Nc1nc2c(ncn2[C@@H]2O[C@H](CO)[C@@H](O)[C@H]2O)c(=O)[nH]1,CC(=O)O[C@@]1(C)[C@@H](CO)O[C@@H](n2cnc3c(=O)n(C=O)c(N)nc32)[C@@H]1O,GuanosineOnly_gen3
Nc1nc2c(ncn2[C@@H]2O[C@H](CO)[C@@H](O)[C@H]2O)c(=O)[nH]1,CC(=O)Nc1nc2c(ncn2[C@@H]2O[C@H](COC=O)[C@@H](O)[C@]2(C)O)c(=O)[nH]1,GuanosineOnly_gen3
Nc1nc2c(ncn2[C@@H]2O[C@H](CO)[C@@H](O)[C@H]2O)c(=O)[nH]1,CC(=O)O[C@H]1[C@@H](O)[C@H]2O[C@@H]1COc1nc3c(=O)[nH]c(NC(C)O)nc3n12,GuanosineOnly_gen3
Nc1nc2c(ncn2[C@@H]2O[C@H](CO)[C@@H](O)[C@H]2O)c(=O)[nH]1,CC(=O)O[C@@H]1[C@H](OC(C)O)[C@H]2CO[C@]1(n1cnc3c(=O)[nH]c(N)nc31)O2,GuanosineOnly_gen3
Nc1nc2c(ncn2[C@@H]2O[C@H](CO)[C@@H](O)[C@H]2O)c(=O)[nH]1,CC(=O)O[C@H]1[C@@H](O)[C@H](n2c(C)nc3c(=O)[nH]c(N)nc32)O[C@@H]1COC=O,GuanosineOnly_gen3
Nc1nc2c(ncn2[C@@H]2O[C@H](CO)[C@@H](O)[C@H]2O)c(=O)[nH]1,CC(=O)O[C@H]1[C@@H](O)[C@@](C)(n2cnc3c(=O)n(C=O)c(N)nc32)O[C@@H]1CO,GuanosineOnly_gen3
Nc1nc2c(ncn2[C@@H]2O[C@H](CO)[C@@H](O)[C@H]2O)c(=O)[nH]1,CC(=O)Nc1nc2c(ncn2[C@@H]2O[C@@H]3C(O)O[C@H]3[C@H]2OC(C)O)c(=O)[nH]1,GuanosineOnly_gen3
Nc1nc2c(ncn2[C@@H]2O[C@H](CO)[C@@H](O)[C@H]2O)c(=O)[nH]1,CC(O)O[C@H]1[C@H]2OCC(=O)n3c(N)nc4c(ncn4[C@@H]2O[C@@H]1CO)c3=O,GuanosineOnly_gen3
Nc1nc2c(ncn2[C@@H]2O[C@H](CO)[C@@H](O)[C@H]2O)c(=O)[nH]1,CC(=O)OC[C@H]1O[C@@H]2[C@H](Oc3nc4c(=O)[nH]c(N)nc4n32)[C@@H]1OC(C)O,GuanosineOnly_gen3
Nc1nc2c(ncn2[C@@H]2O[C@H](CO)[C@@H](O)[C@H]2O)c(=O)[nH]1,CC(=O)Nc1nc2c(ncn2[C@]23O[C@@H]([C@H]2O)[C@@H](COC(C)O)O3)c(=O)[nH]1,GuanosineOnly_gen3
Nc1nc2c(ncn2[C@@H]2O[C@H](CO)[C@@H](O)[C@H]2O)c(=O)[nH]1,CC(=O)O[C@@]1(C)[C@H](O)[C@@H](CO)O[C@H]1n1cnc2c(=O)[nH]c(NC=O)nc21,GuanosineOnly_gen3
Nc1nc2c(ncn2[C@@H]2O[C@H](CO)[C@@H](O)[C@H]2O)c(=O)[nH]1,CC(=O)n1c(N)nc2c(ncn2[C@@H]2O[C@@H]3C(OC(C)O)O[C@H]3[C@H]2O)c1=O,GuanosineOnly_gen3
Nc1nc2c(ncn2[C@@H]2O[C@H](CO)[C@@H](O)[C@H]2O)c(=O)[nH]1,CC(=O)OC[C@H]1O[C@@H](n2cnc3c(=O)[nH]c(NC=O)nc32)[C@H](O)[C@@]1(C)O,GuanosineOnly_gen3
Nc1nc2c(ncn2[C@@H]2O[C@H](CO)[C@@H](O)[C@H]2O)c(=O)[nH]1,CC(=O)O[C@H]1[C@@H](O)[C@@](C)(n2cnc3c(=O)[nH]c(N)nc32)O[C@@H]1COC=O,GuanosineOnly_gen3
Nc1nc2c(ncn2[C@@H]2O[C@H](CO)[C@@H](O)[C@H]2O)c(=O)[nH]1,CC(=O)O[C@H]1[C@H](n2cnc3c(=O)[nH]c(N)nc32)O[C@@](C)(COC=O)[C@H]1O,GuanosineOnly_gen3
Nc1nc2c(ncn2[C@@H]2O[C@H](CO)[C@@H](O)[C@H]2O)c(=O)[nH]1,CC(=O)n1c(N)nc2c(ncn2[C@]23O[C@@H]([C@H]2O)[C@@H](COC(C)O)O3)c1=O,GuanosineOnly_gen3
Nc1nc2c(ncn2[C@@H]2O[C@H](CO)[C@@H](O)[C@H]2O)c(=O)[nH]1,CC(=O)O[C@@H]1[C@H](O)[C@@H](C(C)O)O[C@H]1n1cnc2c(=O)[nH]c(NC=O)nc21,GuanosineOnly_gen3
Nc1nc2c(ncn2[C@@H]2O[C@H](CO)[C@@H](O)[C@H]2O)c(=O)[nH]1,CC(=O)Nc1nc2c(ncn2[C@@H]2O[C@H](C(C)OC=O)[C@@H](O)[C@H]2O)c(=O)[nH]1,GuanosineOnly_gen3
Nc1nc2c(ncn2[C@@H]2O[C@H](CO)[C@@H](O)[C@H]2O)c(=O)[nH]1,CC(=O)OC[C@H]1O[C@@H](n2cnc3c(=O)[nH]c(N)nc32)[C@@H]2OCC(O)O[C@@H]21,GuanosineOnly_gen3
Nc1nc2c(ncn2[C@@H]2O[C@H](CO)[C@@H](O)[C@H]2O)c(=O)[nH]1,CC(=O)OC[C@H]1O[C@@H](n2cnc3c(=O)[nH]c(N)nc32)[C@@H]2O[C@]12OC(C)O,GuanosineOnly_gen3
Nc1nc2c(ncn2[C@@H]2O[C@H](CO)[C@@H](O)[C@H]2O)c(=O)[nH]1,CC(=O)n1c(N)nc2c(ncn2[C@@H]2O[C@]3(COC(C)O)O[C@H]3[C@H]2O)c1=O,GuanosineOnly_gen3
Nc1nc2c(ncn2[C@@H]2O[C@H](CO)[C@@H](O)[C@H]2O)c(=O)[nH]1,CC(O)O[C@H]1[C@@H](O)[C@H]2O[C@@H]1COCC(=O)n1c(N)nc3c(ncn32)c1=O,GuanosineOnly_gen3
Nc1nc2c(ncn2[C@@H]2O[C@H](CO)[C@@H](O)[C@H]2O)c(=O)[nH]1,CC(=O)OC(C)OC[C@]12O[C@@H](n3cnc4c(=O)[nH]c(N)nc43)[C@H](O)[C@@H]1O2,GuanosineOnly_gen3
Nc1nc2c(ncn2[C@@H]2O[C@H](CO)[C@@H](O)[C@H]2O)c(=O)[nH]1,CC(=O)Nc1nc2c(nc3n2[C@@H]2O[C@H](CO)[C@@H](O3)[C@H]2OC(C)O)c(=O)[nH]1,GuanosineOnly_gen3
Nc1nc2c(ncn2[C@@H]2O[C@H](CO)[C@@H](O)[C@H]2O)c(=O)[nH]1,CC(=O)OC[C@H]1O[C@@H]2[C@H](Oc3nc4c(=O)n(C(C)O)c(N)nc4n32)[C@@H]1O,GuanosineOnly_gen3
Nc1nc2c(ncn2[C@@H]2O[C@H](CO)[C@@H](O)[C@H]2O)c(=O)[nH]1,CC(=O)n1c(N)nc2c(ncn2[C@]23O[C@@H]2[C@H](OC(C)O)[C@@H](CO)O3)c1=O,GuanosineOnly_gen3
Nc1nc2c(ncn2[C@@H]2O[C@H](CO)[C@@H](O)[C@H]2O)c(=O)[nH]1,CC(=O)O[C@H]1[C@@H](O)[C@H]2O[C@@H]1COCC(O)n1c(N)nc3c(ncn32)c1=O,GuanosineOnly_gen3
Nc1nc2c(ncn2[C@@H]2O[C@H](CO)[C@@H](O)[C@H]2O)c(=O)[nH]1,CC(O)O[C@H]1[C@@H](O)[C@H]2O[C@@H]1COCC(=O)Nc1nc3c(ncn32)c(=O)[nH]1,GuanosineOnly_gen3
Nc1nc2c(ncn2[C@@H]2O[C@H](CO)[C@@H](O)[C@H]2O)c(=O)[nH]1,CCC(=O)Nc1nc2c(ncn2[C@@H]2O[C@H](COC=O)[C@@H](O)[C@H]2O)c(=O)[nH]1,GuanosineOnly_gen3
Nc1nc2c(ncn2[C@@H]2O[C@H](CO)[C@@H](O)[C@H]2O)c(=O)[nH]1,CC(O)Nc1nc2c(ncn2[C@@H]2O[C@H](CO)[C@H]3OCC(=O)O[C@H]32)c(=O)[nH]1,GuanosineOnly_gen3
Nc1nc2c(ncn2[C@@H]2O[C@H](CO)[C@@H](O)[C@H]2O)c(=O)[nH]1,CC(=O)N(c1nc2c(ncn2[C@@]23OC[C@@H](O2)[C@@H](O)[C@H]3O)c(=O)[nH]1)C(C)O,GuanosineOnly_gen3
Nc1nc2c(ncn2[C@@H]2O[C@H](CO)[C@@H](O)[C@H]2O)c(=O)[nH]1,CC(=O)O[C@H]1[C@@H](OC(C)O)[C@H]2O[C@@H]1COc1nc3c(=O)[nH]c(N)nc3n12,GuanosineOnly_gen3
Nc1nc2c(ncn2[C@@H]2O[C@H](CO)[C@@H](O)[C@H]2O)c(=O)[nH]1,CC(=O)Nc1nc2c(ncn2[C@@H]2O[C@H](CO)[C@](C)(O)[C@H]2OC=O)c(=O)[nH]1,GuanosineOnly_gen3
Nc1nc2c(ncn2[C@@H]2O[C@H](CO)[C@@H](O)[C@H]2O)c(=O)[nH]1,CC(=O)O[C@H]1[C@H]2O[C@]2(n2cnc3c(=O)[nH]c(N)nc32)O[C@@H]1COC(C)O,GuanosineOnly_gen3
Nc1nc2c(ncn2[C@@H]2O[C@H](CO)[C@@H](O)[C@H]2O)c(=O)[nH]1,CC(=O)O[C@H]1[C@H]2OCC(O)OC[C@H]1O[C@H]2n1cnc2c(=O)[nH]c(N)nc21,GuanosineOnly_gen3
Nc1nc2c(ncn2[C@@H]2O[C@H](CO)[C@@H](O)[C@H]2O)c(=O)[nH]1,CC(=O)O[C@@H]1[C@H](O)[C@@H](CO)O[C@H]1n1c(C)nc2c(=O)n(C=O)c(N)nc21,GuanosineOnly_gen3
Nc1nc2c(ncn2[C@@H]2O[C@H](CO)[C@@H](O)[C@H]2O)c(=O)[nH]1,CCC(=O)n1c(N)nc2c(ncn2[C@@H]2O[C@H](CO)[C@@H](O)[C@H]2OC=O)c1=O,GuanosineOnly_gen3
Nc1nc2c(ncn2[C@@H]2O[C@H](CO)[C@@H](O)[C@H]2O)c(=O)[nH]1,CC(=O)O[C@H]1[C@H](n2cnc3c(=O)[nH]c(NC(C)O)nc32)O[C@]2(CO)O[C@@H]12,GuanosineOnly_gen3
Nc1nc2c(ncn2[C@@H]2O[C@H](CO)[C@@H](O)[C@H]2O)c(=O)[nH]1,CC(=O)O[C@@H]1[C@H](O)[C@@H](CO)O[C@H]1n1c(C)nc2c(=O)[nH]c(NC=O)nc21,GuanosineOnly_gen3
Nc1nc2c(ncn2[C@@H]2O[C@H](CO)[C@@H](O)[C@H]2O)c(=O)[nH]1,CC(=O)n1c(N)nc2c(ncn2[C@@H]2O[C@H](CO)[C@H]3O[C@]32OC(C)O)c1=O,GuanosineOnly_gen3
Nc1nc2c(ncn2[C@@H]2O[C@H](CO)[C@@H](O)[C@H]2O)c(=O)[nH]1,CC(=O)n1c(N)nc2c(ncn2[C@@H]2O[C@@]3(CO3)[C@@H](O)[C@H]2OC(C)O)c1=O,GuanosineOnly_gen3
Nc1nc2c(ncn2[C@@H]2O[C@H](CO)[C@@H](O)[C@H]2O)c(=O)[nH]1,CC(=O)OC[C@H]1O[C@@H]2[C@H](OCC(O)n3c(N)nc4c(ncn42)c3=O)[C@@H]1O,GuanosineOnly_gen3
Nc1nc2c(ncn2[C@@H]2O[C@H](CO)[C@@H](O)[C@H]2O)c(=O)[nH]1,CC(=O)Nc1nc2c(ncn2[C@@H]2O[C@@]3(CO3)[C@@H](OC(C)O)[C@H]2O)c(=O)[nH]1,GuanosineOnly_gen3
Nc1nc2c(ncn2[C@@H]2O[C@H](CO)[C@@H](O)[C@H]2O)c(=O)[nH]1,CC(=O)OC[C@H]1O[C@@H]2[C@H](O)[C@@H]1Oc1nc3c(=O)[nH]c(NC(C)O)nc3n12,GuanosineOnly_gen3
Nc1nc2c(ncn2[C@@H]2O[C@H](CO)[C@@H](O)[C@H]2O)c(=O)[nH]1,CC(=O)OC(C)OC[C@H]1O[C@@]2(n3cnc4c(=O)[nH]c(N)nc43)O[C@H]1[C@H]2O,GuanosineOnly_gen3
Nc1nc2c(ncn2[C@@H]2O[C@H](CO)[C@@H](O)[C@H]2O)c(=O)[nH]1,CC(=O)Nc1nc2c(nc(C)n2[C@@H]2O[C@H](CO)[C@@H](OC=O)[C@H]2O)c(=O)[nH]1,GuanosineOnly_gen3
Nc1nc2c(ncn2[C@@H]2O[C@H](CO)[C@@H](O)[C@H]2O)c(=O)[nH]1,CC(=O)OC1COC[C@H]2O[C@@H](n3cnc4c(=O)[nH]c(N)nc43)[C@H](O1)[C@@H]2O,GuanosineOnly_gen3
Nc1nc2c(ncn2[C@@H]2O[C@H](CO)[C@@H](O)[C@H]2O)c(=O)[nH]1,CC(=O)n1c(N)nc2c(ncn2[C@@H]2O[C@H](COC=O)[C@](C)(O)[C@H]2O)c1=O,GuanosineOnly_gen3
Nc1nc2c(ncn2[C@@H]2O[C@H](CO)[C@@H](O)[C@H]2O)c(=O)[nH]1,CC(O)OC[C@H]1O[C@@H]2[C@H](OCC(=O)Nc3nc4c(ncn42)c(=O)[nH]3)[C@@H]1O,GuanosineOnly_gen3
Nc1nc2c(ncn2[C@@H]2O[C@H](CO)[C@@H](O)[C@H]2O)c(=O)[nH]1,CCC(=O)O[C@H]1[C@@H](OC=O)[C@H](n2cnc3c(=O)[nH]c(N)nc32)O[C@@H]1CO,GuanosineOnly_gen3
Nc1nc2c(ncn2[C@@H]2O[C@H](CO)[C@@H](O)[C@H]2O)c(=O)[nH]1,CC(=O)Nc1nc2c(ncn2[C@@H]2O[C@]3(COC(C)O)O[C@@H]2[C@@H]3O)c(=O)[nH]1,GuanosineOnly_gen3
Nc1nc2c(ncn2[C@@H]2O[C@H](CO)[C@@H](O)[C@H]2O)c(=O)[nH]1,CC(=O)Nc1nc2c(ncn2[C@@H]2O[C@@H]3CO[C@]2(O)[C@@H]3OC(C)O)c(=O)[nH]1,GuanosineOnly_gen3
Nc1nc2c(ncn2[C@@H]2O[C@H](CO)[C@@H](O)[C@H]2O)c(=O)[nH]1,CC(=O)n1c(N)nc2c(ncn2[C@@H]2O[C@H](CO)[C@H]3OC(O)CO[C@H]32)c1=O,GuanosineOnly_gen3
Nc1nc2c(ncn2[C@@H]2O[C@H](CO)[C@@H](O)[C@H]2O)c(=O)[nH]1,CC(=O)O[C@@H]1[C@@H]2O[C@]1(n1cnc3c(=O)[nH]c(NC(C)O)nc31)O[C@@H]2CO,GuanosineOnly_gen3
Nc1nc2c(ncn2[C@@H]2O[C@H](CO)[C@@H](O)[C@H]2O)c(=O)[nH]1,CC(=O)O[C@H]1[C@@H](OC(C)O)[C@H](n2cnc3c(=O)[nH]c(N)nc32)O[C@@]12CO2,GuanosineOnly_gen3
Nc1nc2c(ncn2[C@@H]2O[C@H](CO)[C@@H](O)[C@H]2O)c(=O)[nH]1,CC(=O)O[C@H]1[C@H](n2cnc3c(=O)n(C(C)O)c(N)nc32)O[C@]2(CO)O[C@@H]12,GuanosineOnly_gen3
Nc1nc2c(ncn2[C@@H]2O[C@H](CO)[C@@H](O)[C@H]2O)c(=O)[nH]1,CC(=O)OC[C@]1(C)O[C@@H](n2cnc3c(=O)[nH]c(NC=O)nc32)[C@H](O)[C@@H]1O,GuanosineOnly_gen3
Nc1nc2c(ncn2[C@@H]2O[C@H](CO)[C@@H](O)[C@H]2O)c(=O)[nH]1,CC(=O)O[C@H]1[C@H](n2cnc3c(=O)[nH]c(N)nc32)O[C@H](COC=O)[C@]1(C)O,GuanosineOnly_gen3
Nc1nc2c(ncn2[C@@H]2O[C@H](CO)[C@@H](O)[C@H]2O)c(=O)[nH]1,CC(=O)Nc1nc2c(ncn2[C@@]2(C)O[C@H](COC=O)[C@@H](O)[C@H]2O)c(=O)[nH]1,GuanosineOnly_gen3
Nc1nc2c(ncn2[C@@H]2O[C@H](CO)[C@@H](O)[C@H]2O)c(=O)[nH]1,CC(=O)OC[C@H]1O[C@](C)(n2cnc3c(=O)[nH]c(N)nc32)[C@H](OC=O)[C@@H]1O,GuanosineOnly_gen3
Nc1nc2c(ncn2[C@@H]2O[C@H](CO)[C@@H](O)[C@H]2O)c(=O)[nH]1,CC(=O)Nc1nc2c(nc3n2[C@@H]2O[C@H](COC(C)O)[C@@H](O)[C@H]2O3)c(=O)[nH]1,GuanosineOnly_gen3
Nc1nc2c(ncn2[C@@H]2O[C@H](CO)[C@@H](O)[C@H]2O)c(=O)[nH]1,CC(=O)OC(C)OC[C@H]1O[C@@H](n2cnc3c(=O)[nH]c(N)nc32)[C@@H]2O[C@]12O,GuanosineOnly_gen3
Nc1nc2c(ncn2[C@@H]2O[C@H](CO)[C@@H](O)[C@H]2O)c(=O)[nH]1,CC(=O)O[C@]12O[C@H]1[C@H](n1cnc3c(=O)n(C(C)O)c(N)nc31)O[C@@H]2CO,GuanosineOnly_gen3
Nc1nc2c(ncn2[C@@H]2O[C@H](CO)[C@@H](O)[C@H]2O)c(=O)[nH]1,CC(=O)O[C@H]1[C@@H](O)[C@H](n2cnc3c(=O)n(C=O)c(N)nc32)O[C@@]1(C)CO,GuanosineOnly_gen3
Nc1nc2c(ncn2[C@@H]2O[C@H](CO)[C@@H](O)[C@H]2O)c(=O)[nH]1,CC(=O)Nc1nc2c(ncn2[C@@H]2O[C@H](CO)[C@@]3(OC(C)O)O[C@@H]23)c(=O)[nH]1,GuanosineOnly_gen3
Nc1nc2c(ncn2[C@@H]2O[C@H](CO)[C@@H](O)[C@H]2O)c(=O)[nH]1,CC(=O)n1c(N)nc2c(nc3n2[C@@H]2O[C@H](CO3)[C@@H](OC(C)O)[C@H]2O)c1=O,GuanosineOnly_gen3
Nc1nc2c(ncn2[C@@H]2O[C@H](CO)[C@@H](O)[C@H]2O)c(=O)[nH]1,CC(=O)OC[C@H]1O[C@@H]2[C@H](OCC(O)Nc3nc4c(ncn42)c(=O)[nH]3)[C@@H]1O,GuanosineOnly_gen3
Nc1nc2c(ncn2[C@@H]2O[C@H](CO)[C@@H](O)[C@H]2O)c(=O)[nH]1,CC(=O)OC1O[C@H]2[C@@H](O)[C@H](n3cnc4c(=O)[nH]c(NC(C)O)nc43)O[C@H]12,GuanosineOnly_gen3
Nc1nc2c(ncn2[C@@H]2O[C@H](CO)[C@@H](O)[C@H]2O)c(=O)[nH]1,CC(=O)O[C@@H]1[C@@H]2Oc3nc4c(=O)n(C(C)O)c(N)nc4n3[C@@H]1O[C@@H]2CO,GuanosineOnly_gen3
Nc1nc2c(ncn2[C@@H]2O[C@H](CO)[C@@H](O)[C@H]2O)c(=O)[nH]1,CC(=O)O[C@@]12O[C@@H]1[C@@H](COC(C)O)O[C@H]2n1cnc2c(=O)[nH]c(N)nc21,GuanosineOnly_gen3
Nc1nc2c(ncn2[C@@H]2O[C@H](CO)[C@@H](O)[C@H]2O)c(=O)[nH]1,CC(=O)O[C@@H]1[C@@H]2O[C@]1(n1cnc3c(=O)n(C(C)O)c(N)nc31)O[C@@H]2CO,GuanosineOnly_gen3
Nc1nc2c(ncn2[C@@H]2O[C@H](CO)[C@@H](O)[C@H]2O)c(=O)[nH]1,CC(=O)n1c(N)nc2c(ncn2[C@@H]2O[C@@H]3CO[C@]2(OC(C)O)[C@@H]3O)c1=O,GuanosineOnly_gen3
Nc1nc2c(ncn2[C@@H]2O[C@H](CO)[C@@H](O)[C@H]2O)c(=O)[nH]1,CC(=O)O[C@H]1[C@@H](O)[C@H](n2cnc3c(=O)n(C(C)O)c(N)nc32)O[C@@]12CO2,GuanosineOnly_gen3
Nc1nc2c(ncn2[C@@H]2O[C@H](CO)[C@@H](O)[C@H]2O)c(=O)[nH]1,CC(=O)n1c(N)nc2c(ncn2[C@@H]2O[C@@](C)(CO)[C@@H](OC=O)[C@H]2O)c1=O,GuanosineOnly_gen3
Nc1nc2c(ncn2[C@@H]2O[C@H](CO)[C@@H](O)[C@H]2O)c(=O)[nH]1,CC(=O)n1c(N)nc2c(ncn2[C@@H]2O[C@H](C(C)O)[C@@H](OC=O)[C@H]2O)c1=O,GuanosineOnly_gen3
Nc1nc2c(ncn2[C@@H]2O[C@H](CO)[C@@H](O)[C@H]2O)c(=O)[nH]1,CC(=O)O[C@@H]1[C@H](O)[C@H]2COc3nc4c(=O)n(C(C)O)c(N)nc4n3[C@@H]1O2,GuanosineOnly_gen3
Nc1nc2c(ncn2[C@@H]2O[C@H](CO)[C@@H](O)[C@H]2O)c(=O)[nH]1,CC(=O)O[C@H]1[C@H]2O[C@@]1(COC(C)O)O[C@H]2n1cnc2c(=O)[nH]c(N)nc21,GuanosineOnly_gen3
Nc1nc2c(ncn2[C@@H]2O[C@H](CO)[C@@H](O)[C@H]2O)c(=O)[nH]1,CC(=O)Nc1nc2c(ncn2[C@@]23OC[C@@H](O2)[C@@H](O)[C@H]3OC(C)O)c(=O)[nH]1,GuanosineOnly_gen3
Nc1nc2c(ncn2[C@@H]2O[C@H](CO)[C@@H](O)[C@H]2O)c(=O)[nH]1,CC(=O)Nc1nc2c(nc3n2[C@@H]2O[C@H](CO3)[C@@H](O)[C@H]2OC(C)O)c(=O)[nH]1,GuanosineOnly_gen3
Nc1nc2c(ncn2[C@@H]2O[C@H](CO)[C@@H](O)[C@H]2O)c(=O)[nH]1,CC(=O)n1c(N)nc2c(nc3n2[C@@H]2O[C@H](COC(C)O)[C@@H](O3)[C@H]2O)c1=O,GuanosineOnly_gen3
Nc1nc2c(ncn2[C@@H]2O[C@H](CO)[C@@H](O)[C@H]2O)c(=O)[nH]1,CC(=O)O[C@@]12OC[C@H]1O[C@@H](n1cnc3c(=O)n(C(C)O)c(N)nc31)[C@@H]2O,GuanosineOnly_gen3
Nc1nc2c(ncn2[C@@H]2O[C@H](CO)[C@@H](O)[C@H]2O)c(=O)[nH]1,CC(=O)O[C@@H]1[C@@H](CO)O[C@@H](n2cnc3c(=O)n(C=O)c(N)nc32)[C@@]1(C)O,GuanosineOnly_gen3
Nc1nc2c(ncn2[C@@H]2O[C@H](CO)[C@@H](O)[C@H]2O)c(=O)[nH]1,CC(O)N1C(=O)COC[C@H]2O[C@H]([C@H](O)[C@@H]2O)n2cnc3c(=O)[nH]c1nc32,GuanosineOnly_gen3
Nc1nc2c(ncn2[C@@H]2O[C@H](CO)[C@@H](O)[C@H]2O)c(=O)[nH]1,CC(=O)OC(C)O[C@H]1[C@H]2OC(O)[C@H]1O[C@H]2n1cnc2c(=O)[nH]c(N)nc21,GuanosineOnly_gen3
Nc1nc2c(ncn2[C@@H]2O[C@H](CO)[C@@H](O)[C@H]2O)c(=O)[nH]1,CC(=O)n1c(N)nc2c(ncn2[C@@H]2O[C@]3(CO)O[C@@H]2[C@@H]3OC(C)O)c1=O,GuanosineOnly_gen3
Nc1nc2c(ncn2[C@@H]2O[C@H](CO)[C@@H](O)[C@H]2O)c(=O)[nH]1,CC(=O)O[C@H]1[C@H]2OC(O)[C@H]1O[C@H]2n1cnc2c(=O)n(C(C)O)c(N)nc21,GuanosineOnly_gen3
Nc1nc2c(ncn2[C@@H]2O[C@H](CO)[C@@H](O)[C@H]2O)c(=O)[nH]1,CC(=O)n1c(N)nc2c(ncn2[C@@H]2O[C@H](CO)[C@@H](OC=O)[C@]2(C)O)c1=O,GuanosineOnly_gen3
Nc1nc2c(ncn2[C@@H]2O[C@H](CO)[C@@H](O)[C@H]2O)c(=O)[nH]1,CC(=O)OC[C@H]1O[C@@]2(n3cnc4c(=O)n(C(C)O)c(N)nc43)O[C@@H]2[C@@H]1O,GuanosineOnly_gen3
Nc1nc2c(ncn2[C@@H]2O[C@H](CO)[C@@H](O)[C@H]2O)c(=O)[nH]1,CC(=O)OC1CO[C@H]2[C@@H](O)[C@@H](O[C@@H]2CO)n2cnc3c(=O)[nH]c(nc32)N1,GuanosineOnly_gen3
Nc1nc2c(ncn2[C@@H]2O[C@H](CO)[C@@H](O)[C@H]2O)c(=O)[nH]1,CC(=O)n1c(N)nc2c(ncn2[C@@H]2O[C@@H]3COC(O)CO[C@@H]2[C@@H]3O)c1=O,GuanosineOnly_gen3
Nc1nc2c(ncn2[C@@H]2O[C@H](CO)[C@@H](O)[C@H]2O)c(=O)[nH]1,CC(=O)OC[C@]12O[C@@H]([C@H](n3cnc4c(=O)n(C(C)O)c(N)nc43)O1)[C@@H]2O,GuanosineOnly_gen3
Nc1nc2c(ncn2[C@@H]2O[C@H](CO)[C@@H](O)[C@H]2O)c(=O)[nH]1,CC(=O)n1c(N)nc2c(ncn2[C@@H]2O[C@H](COC(C)O)[C@@]3(O)O[C@@H]23)c1=O,GuanosineOnly_gen3
Nc1nc2c(ncn2[C@@H]2O[C@H](CO)[C@@H](O)[C@H]2O)c(=O)[nH]1,CC(O)OC[C@H]1O[C@@H]2[C@H](O)[C@@H]1OCC(=O)n1c(N)nc3c(ncn32)c1=O,GuanosineOnly_gen3
Nc1nc2c(ncn2[C@@H]2O[C@H](CO)[C@@H](O)[C@H]2O)c(=O)[nH]1,CC(=O)OC(C)OC[C@H]1O[C@@H]2[C@H](Oc3nc4c(=O)[nH]c(N)nc4n32)[C@@H]1O,GuanosineOnly_gen3
Nc1nc2c(ncn2[C@@H]2O[C@H](CO)[C@@H](O)[C@H]2O)c(=O)[nH]1,CC(O)O[C@@H]1[C@@H]2OCC(=O)Nc3nc4c(ncn4[C@@H]1O[C@@H]2CO)c(=O)[nH]3,GuanosineOnly_gen3
Nc1nc2c(ncn2[C@@H]2O[C@H](CO)[C@@H](O)[C@H]2O)c(=O)[nH]1,CC(=O)O[C@@H]1[C@H](O)[C@H]2CO[C@]1(n1cnc3c(=O)n(C(C)O)c(N)nc31)O2,GuanosineOnly_gen3
Nc1nc2c(ncn2[C@@H]2O[C@H](CO)[C@@H](O)[C@H]2O)c(=O)[nH]1,CC(=O)OC[C@H]1O[C@@H](n2cnc3c(=O)n(C(C)O)c(N)nc32)[C@]2(O)O[C@H]12,GuanosineOnly_gen3
Nc1nc2c(ncn2[C@@H]2O[C@H](CO)[C@@H](O)[C@H]2O)c(=O)[nH]1,CC(=O)OC(C)O[C@H]1[C@H]2O[C@]2(n2cnc3c(=O)[nH]c(N)nc32)O[C@@H]1CO,GuanosineOnly_gen3
Nc1nc2c(ncn2[C@@H]2O[C@H](CO)[C@@H](O)[C@H]2O)c(=O)[nH]1,CC(=O)n1c(N)nc2c(ncn2[C@@H]2O[C@@H]3CO[C@@]3(O)[C@H]2OC(C)O)c1=O,GuanosineOnly_gen3
Nc1nc2c(ncn2[C@@H]2O[C@H](CO)[C@@H](O)[C@H]2O)c(=O)[nH]1,CC(O)n1c(N)nc2c(ncn2[C@@H]2O[C@@H]3COC(=O)CO[C@@H]2[C@@H]3O)c1=O,GuanosineOnly_gen3
Nc1nc2c(ncn2[C@@H]2O[C@H](CO)[C@@H](O)[C@H]2O)c(=O)[nH]1,C[n+]1cn([C@@H]2O[C@H](COC(C)(O)C#N)[C@@H](O)[C@H]2O)c2nc(N)[nH]c(=O)c21,GuanosineOnly_gen3
Nc1nc2c(ncn2[C@@H]2O[C@H](CO)[C@@H](O)[C@H]2O)c(=O)[nH]1,C[n+]1cn([C@@H]2O[C@H](CO)[C@@H](O)[C@H]2O)c2nc(NC(C)(O)C#N)[nH]c(=O)c21,GuanosineOnly_gen3
Nc1nc2c(ncn2[C@@H]2O[C@H](CO)[C@@H](O)[C@H]2O)c(=O)[nH]1,CCC(=O)Nc1nc2c(ncn2[C@@H]2O[C@H](CO)[C@@H](O)[C@@]2(O)CC)c(=O)[nH]1,GuanosineOnly_gen3
Nc1nc2c(ncn2[C@@H]2O[C@H](CO)[C@@H](O)[C@H]2O)c(=O)[nH]1,CCC(=O)O[C@@H]1[C@H](O)[C@@H](CO)O[C@H]1n1c(CC)nc2c(=O)[nH]c(N)nc21,GuanosineOnly_gen3
Nc1nc2c(ncn2[C@@H]2O[C@H](CO)[C@@H](O)[C@H]2O)c(=O)[nH]1,CCC(=O)Nc1nc2c(nc(CC)n2[C@@H]2O[C@H](CO)[C@@H](O)[C@H]2O)c(=O)[nH]1,GuanosineOnly_gen3
Nc1nc2c(ncn2[C@@H]2O[C@H](CO)[C@@H](O)[C@H]2O)c(=O)[nH]1,CCC(C)C(=O)Nc1nc2c(ncn2[C@@H]2O[C@H](CO)[C@@H](O)[C@H]2O)c(=O)[nH]1,GuanosineOnly_gen3
Nc1nc2c(ncn2[C@@H]2O[C@H](CO)[C@@H](O)[C@H]2O)c(=O)[nH]1,CCC(=O)O[C@H]1[C@@H](O)[C@H](n2cnc3c(=O)[nH]c(N)nc32)O[C@@]1(CC)CO,GuanosineOnly_gen3
Nc1nc2c(ncn2[C@@H]2O[C@H](CO)[C@@H](O)[C@H]2O)c(=O)[nH]1,CCC(=O)O[C@H]1[C@H](n2cnc3c(=O)[nH]c(N)nc32)O[C@H](CO)[C@@]1(O)CC,GuanosineOnly_gen3
Nc1nc2c(ncn2[C@@H]2O[C@H](CO)[C@@H](O)[C@H]2O)c(=O)[nH]1,CCC(=O)OC[C@H]1O[C@](CC)(n2cnc3c(=O)[nH]c(N)nc32)[C@H](O)[C@@H]1O,GuanosineOnly_gen3
Nc1nc2c(ncn2[C@@H]2O[C@H](CO)[C@@H](O)[C@H]2O)c(=O)[nH]1,CCC(=O)OC[C@H]1O[C@@H](n2cnc3c(=O)[nH]c(N)nc32)[C@](O)(CC)[C@@H]1O,GuanosineOnly_gen3
Nc1nc2c(ncn2[C@@H]2O[C@H](CO)[C@@H](O)[C@H]2O)c(=O)[nH]1,CCC(=O)O[C@@]1(CC)[C@H](O)[C@@H](CO)O[C@H]1n1cnc2c(=O)[nH]c(N)nc21,GuanosineOnly_gen3
Nc1nc2c(ncn2[C@@H]2O[C@H](CO)[C@@H](O)[C@H]2O)c(=O)[nH]1,CCC(=O)O[C@@H]1[C@H](O)[C@@H](C(O)CC)O[C@H]1n1cnc2c(=O)[nH]c(N)nc21,GuanosineOnly_gen3
Nc1nc2c(ncn2[C@@H]2O[C@H](CO)[C@@H](O)[C@H]2O)c(=O)[nH]1,CC(O)N(C(N)=O)c1nc2c(nc3n2[C@@H]2O[C@H](CO3)[C@@H](O)[C@H]2O)c(=O)[nH]1,GuanosineOnly_gen3
Nc1nc2c(ncn2[C@@H]2O[C@H](CO)[C@@H](O)[C@H]2O)c(=O)[nH]1,CC(O)N(C(N)=O)c1nc2c(ncn2[C@@H]2O[C@]3(CO)O[C@H]3[C@H]2O)c(=O)[nH]1,GuanosineOnly_gen3
Nc1nc2c(ncn2[C@@H]2O[C@H](CO)[C@@H](O)[C@H]2O)c(=O)[nH]1,CC(O)N(C(N)=O)c1nc2c(ncn2[C@@H]2O[C@@H]3CO[C@@]3(O)[C@H]2O)c(=O)[nH]1,GuanosineOnly_gen3
Nc1nc2c(ncn2[C@@H]2O[C@H](CO)[C@@H](O)[C@H]2O)c(=O)[nH]1,NC(O)N1C(=O)CO[C@H]2[C@@H](O)[C@@H](O[C@@H]2CO)n2cnc3c(=O)[nH]c1nc32,GuanosineOnly_gen3
Nc1nc2c(ncn2[C@@H]2O[C@H](CO)[C@@H](O)[C@H]2O)c(=O)[nH]1,NC(=O)N1c2nc3c(ncn3[C@@H]3O[C@H](CO)[C@@H](O)[C@H]3OCC1O)c(=O)[nH]2,GuanosineOnly_gen3
Nc1nc2c(ncn2[C@@H]2O[C@H](CO)[C@@H](O)[C@H]2O)c(=O)[nH]1,CC(O)N(C(N)=O)c1nc2c(ncn2[C@]23O[C@@H]2[C@H](O)[C@@H](CO)O3)c(=O)[nH]1,GuanosineOnly_gen3
Nc1nc2c(ncn2[C@@H]2O[C@H](CO)[C@@H](O)[C@H]2O)c(=O)[nH]1,Cc1nc2c(=O)[nH]c(N(C=O)C(N)=O)nc2n1[C@@H]1O[C@H](CO)[C@@H](O)[C@H]1O,GuanosineOnly_gen3
Nc1nc2c(ncn2[C@@H]2O[C@H](CO)[C@@H](O)[C@H]2O)c(=O)[nH]1,NC(=O)N1c2nc3c(ncn3[C@@H]3O[C@H](COCC1O)[C@@H](O)[C@H]3O)c(=O)[nH]2,GuanosineOnly_gen3
Nc1nc2c(ncn2[C@@H]2O[C@H](CO)[C@@H](O)[C@H]2O)c(=O)[nH]1,CC(=O)N(c1nc2c(ncn2[C@@H]2O[C@H](CO)[C@H]3O[C@]32O)c(=O)[nH]1)C(N)O,GuanosineOnly_gen3
Nc1nc2c(ncn2[C@@H]2O[C@H](CO)[C@@H](O)[C@H]2O)c(=O)[nH]1,CC(=O)N(c1nc2c(nc3n2[C@@H]2O[C@H](CO)[C@@H](O3)[C@H]2O)c(=O)[nH]1)C(N)O,GuanosineOnly_gen3
Nc1nc2c(ncn2[C@@H]2O[C@H](CO)[C@@H](O)[C@H]2O)c(=O)[nH]1,CC(=O)N(c1nc2c(ncn2[C@@H]2O[C@@]3(CO3)[C@@H](O)[C@H]2O)c(=O)[nH]1)C(N)O,GuanosineOnly_gen3
Nc1nc2c(ncn2[C@@H]2O[C@H](CO)[C@@H](O)[C@H]2O)c(=O)[nH]1,CC(O)[C@H]1O[C@@H](n2cnc3c(=O)[nH]c(N(C=O)C(N)=O)nc32)[C@H](O)[C@@H]1O,GuanosineOnly_gen3
Nc1nc2c(ncn2[C@@H]2O[C@H](CO)[C@@H](O)[C@H]2O)c(=O)[nH]1,CC(=O)N(c1nc2c(ncn2[C@@H]2O[C@H](CO)[C@@H](O)[C@H]2O)c(=O)[nH]1)C(C)N,GuanosineOnly_gen3
Nc1nc2c(ncn2[C@@H]2O[C@H](CO)[C@@H](O)[C@H]2O)c(=O)[nH]1,CC(=O)NC(C)OC[C@H]1O[C@@H](n2cnc3c(=O)[nH]c(N)nc32)[C@H](O)[C@@H]1O,GuanosineOnly_gen3
Nc1nc2c(ncn2[C@@H]2O[C@H](CO)[C@@H](O)[C@H]2O)c(=O)[nH]1,CC(=O)OC[C@H]1O[C@@H](n2cnc3c(=O)[nH]c(N)nc32)[C@H](O)[C@@H]1OC(C)N,GuanosineOnly_gen3
Nc1nc2c(ncn2[C@@H]2O[C@H](CO)[C@@H](O)[C@H]2O)c(=O)[nH]1,CC(=O)O[C@@H]1[C@H](O)[C@@H](CO)O[C@H]1n1cnc2c(=O)n(C(C)N)c(N)nc21,GuanosineOnly_gen3
Nc1nc2c(ncn2[C@@H]2O[C@H](CO)[C@@H](O)[C@H]2O)c(=O)[nH]1,O=C1CC(O)(Nc2nc3c(ncn3[C@@H]3O[C@H](CO)[C@@H](O)[C@H]3O)c(=O)[nH]2)O1,GuanosineOnly_gen3
Nc1nc2c(ncn2[C@@H]2O[C@H](CO)[C@@H](O)[C@H]2O)c(=O)[nH]1,O=C(O)CC(O)Nc1nc2c(ncn2[C@@H]2O[C@@]3(CO3)[C@@H](O)[C@H]2O)c(=O)[nH]1,GuanosineOnly_gen3
Nc1nc2c(ncn2[C@@H]2O[C@H](CO)[C@@H](O)[C@H]2O)c(=O)[nH]1,CC(O)(Nc1nc2c(ncn2[C@@H]2O[C@]3(CO)O[C@@H]2[C@@H]3O)c(=O)[nH]1)C(=O)O,GuanosineOnly_gen3
Nc1nc2c(ncn2[C@@H]2O[C@H](CO)[C@@H](O)[C@H]2O)c(=O)[nH]1,O=C(O)CC(O)Nc1nc2c(ncn2[C@@H]2O[C@H](CO)[C@H]3O[C@]32O)c(=O)[nH]1,GuanosineOnly_gen3
Nc1nc2c(ncn2[C@@H]2O[C@H](CO)[C@@H](O)[C@H]2O)c(=O)[nH]1,O=C1CC(O)Oc2nc3c(=O)[nH]c(nc3n2[C@@H]2O[C@H](CO)[C@@H](O)[C@H]2O)N1,GuanosineOnly_gen3
Nc1nc2c(ncn2[C@@H]2O[C@H](CO)[C@@H](O)[C@H]2O)c(=O)[nH]1,Nc1nc2c(ncn2[C@@H]2O[C@]3(CO)O[C@H]3[C@H]2OC(O)CC(=O)O)c(=O)[nH]1,GuanosineOnly_gen3
Nc1nc2c(ncn2[C@@H]2O[C@H](CO)[C@@H](O)[C@H]2O)c(=O)[nH]1,O=C(CC(O)O)Nc1nc2c(ncn2[C@]23O[C@@H]([C@H]2O)[C@@H](CO)O3)c(=O)[nH]1,GuanosineOnly_gen3
Nc1nc2c(ncn2[C@@H]2O[C@H](CO)[C@@H](O)[C@H]2O)c(=O)[nH]1,O=C(O)C1OC[C@H]2O[C@H]([C@H](O)[C@@H]2O)n2cnc3c(=O)[nH]c(nc32)NC1O,GuanosineOnly_gen3
Nc1nc2c(ncn2[C@@H]2O[C@H](CO)[C@@H](O)[C@H]2O)c(=O)[nH]1,O=C1CC(O)Nc2nc3c(ncn3[C@@H]3O[C@H](CO)[C@@](O)(O1)[C@H]3O)c(=O)[nH]2,GuanosineOnly_gen3
Nc1nc2c(ncn2[C@@H]2O[C@H](CO)[C@@H](O)[C@H]2O)c(=O)[nH]1,O=C1CC(O)OC(O)[C@H]2O[C@H]([C@H](O)[C@@H]2O)n2cnc3c(=O)[nH]c(nc32)N1,GuanosineOnly_gen3
Nc1nc2c(ncn2[C@@H]2O[C@H](CO)[C@@H](O)[C@H]2O)c(=O)[nH]1,CC(O)(Nc1nc2c(ncn2[C@@H]2O[C@H](CO)[C@@]3(O)O[C@@H]23)c(=O)[nH]1)C(=O)O,GuanosineOnly_gen3
Nc1nc2c(ncn2[C@@H]2O[C@H](CO)[C@@H](O)[C@H]2O)c(=O)[nH]1,O=CNc1nc2c(ncn2[C@@H]2O[C@H](C(O)CC(=O)O)[C@@H](O)[C@H]2O)c(=O)[nH]1,GuanosineOnly_gen3
Nc1nc2c(ncn2[C@@H]2O[C@H](CO)[C@@H](O)[C@H]2O)c(=O)[nH]1,CC(O)(Nc1nc2c(ncn2[C@@]23OC[C@@H](O2)[C@@H](O)[C@H]3O)c(=O)[nH]1)C(=O)O,GuanosineOnly_gen3
Nc1nc2c(ncn2[C@@H]2O[C@H](CO)[C@@H](O)[C@H]2O)c(=O)[nH]1,CC(O)(OC[C@H]1O[C@@H](n2cnc3c(=O)[nH]c(N)nc32)[C@]2(O)O[C@H]12)C(=O)O,GuanosineOnly_gen3
Nc1nc2c(ncn2[C@@H]2O[C@H](CO)[C@@H](O)[C@H]2O)c(=O)[nH]1,Nc1nc2c(ncn2[C@@H]2O[C@@H]3CO[C@@]3(OC(O)CC(=O)O)[C@H]2O)c(=O)[nH]1,GuanosineOnly_gen3
Nc1nc2c(ncn2[C@@H]2O[C@H](CO)[C@@H](O)[C@H]2O)c(=O)[nH]1,O=C(O)CC(O)Nc1nc2c(ncn2[C@]23O[C@@H]2[C@H](O)[C@@H](CO)O3)c(=O)[nH]1,GuanosineOnly_gen3
Nc1nc2c(ncn2[C@@H]2O[C@H](CO)[C@@H](O)[C@H]2O)c(=O)[nH]1,CC(O)(O[C@@H]1[C@@H]2Oc3nc4c(=O)[nH]c(N)nc4n3[C@@H]1O[C@@H]2CO)C(=O)O,GuanosineOnly_gen3
Nc1nc2c(ncn2[C@@H]2O[C@H](CO)[C@@H](O)[C@H]2O)c(=O)[nH]1,O=C(O)CC(O)Nc1nc2c(nc3n2[C@@H]2O[C@H](CO)[C@@H](O)[C@H]2O3)c(=O)[nH]1,GuanosineOnly_gen3
Nc1nc2c(ncn2[C@@H]2O[C@H](CO)[C@@H](O)[C@H]2O)c(=O)[nH]1,Nc1nc2c(nc3n2[C@@H]2O[C@H](CO3)[C@@H](O)[C@H]2OC(O)CC(=O)O)c(=O)[nH]1,GuanosineOnly_gen3
Nc1nc2c(ncn2[C@@H]2O[C@H](CO)[C@@H](O)[C@H]2O)c(=O)[nH]1,O=C1CC(O)O[C@@]2(O[C@H](CO)[C@@H](O)[C@H]2O)n2cnc3c(=O)[nH]c(nc32)N1,GuanosineOnly_gen3
Nc1nc2c(ncn2[C@@H]2O[C@H](CO)[C@@H](O)[C@H]2O)c(=O)[nH]1,CC(O)(Nc1nc2c(nc3n2[C@@H]2O[C@H](CO3)[C@@H](O)[C@H]2O)c(=O)[nH]1)C(=O)O,GuanosineOnly_gen3
Nc1nc2c(ncn2[C@@H]2O[C@H](CO)[C@@H](O)[C@H]2O)c(=O)[nH]1,Nc1nc2c(ncn2[C@@H]2O[C@H](CO)[C@H]3O[C@]32OC(O)CC(=O)O)c(=O)[nH]1,GuanosineOnly_gen3
Nc1nc2c(ncn2[C@@H]2O[C@H](CO)[C@@H](O)[C@H]2O)c(=O)[nH]1,O=C1CC(O)(O)OC[C@H]2O[C@H]([C@H](O)[C@@H]2O)n2cnc3c(=O)[nH]c(nc32)N1,GuanosineOnly_gen3
Nc1nc2c(ncn2[C@@H]2O[C@H](CO)[C@@H](O)[C@H]2O)c(=O)[nH]1,O=CC(Nc1nc2c(ncn2[C@@H]2O[C@H](CO)[C@@H](O)[C@H]2O)c(=O)[nH]1)C(=O)O,GuanosineOnly_gen3
Nc1nc2c(ncn2[C@@H]2O[C@H](CO)[C@@H](O)[C@H]2O)c(=O)[nH]1,Nc1nc2c(nc3n2[C@@H]2O[C@H](COC(O)CC(=O)O)[C@@H](O3)[C@H]2O)c(=O)[nH]1,GuanosineOnly_gen3
Nc1nc2c(ncn2[C@@H]2O[C@H](CO)[C@@H](O)[C@H]2O)c(=O)[nH]1,CC(=O)Nc1nc2c(nc(C(=O)O)n2[C@@H]2O[C@H](CO)[C@@H](O)[C@H]2O)c(=O)[nH]1,GuanosineOnly_gen3
Nc1nc2c(ncn2[C@@H]2O[C@H](CO)[C@@H](O)[C@H]2O)c(=O)[nH]1,O=C(O)CC(O)Nc1nc2c(ncn2[C@@]23OC[C@@H](O2)[C@@H](O)[C@H]3O)c(=O)[nH]1,GuanosineOnly_gen3
Nc1nc2c(ncn2[C@@H]2O[C@H](CO)[C@@H](O)[C@H]2O)c(=O)[nH]1,O=C1Nc2nc3c(ncn3[C@@H]3O[C@H](CO)[C@@H](OC1C(O)O)[C@H]3O)c(=O)[nH]2,GuanosineOnly_gen3
Nc1nc2c(ncn2[C@@H]2O[C@H](CO)[C@@H](O)[C@H]2O)c(=O)[nH]1,CC(O)(O[C@H]1[C@H](n2cnc3c(=O)[nH]c(N)nc32)O[C@@]2(CO2)[C@H]1O)C(=O)O,GuanosineOnly_gen3
Nc1nc2c(ncn2[C@@H]2O[C@H](CO)[C@@H](O)[C@H]2O)c(=O)[nH]1,O=CNc1nc2c(ncn2[C@@]2(CC(=O)O)O[C@H](CO)[C@@H](O)[C@H]2O)c(=O)[nH]1,GuanosineOnly_gen3
Nc1nc2c(ncn2[C@@H]2O[C@H](CO)[C@@H](O)[C@H]2O)c(=O)[nH]1,O=C(CC(O)O)Nc1nc2c(nc3n2[C@@H]2O[C@H](CO)[C@@H](O3)[C@H]2O)c(=O)[nH]1,GuanosineOnly_gen3
Nc1nc2c(ncn2[C@@H]2O[C@H](CO)[C@@H](O)[C@H]2O)c(=O)[nH]1,Nc1nc2c(ncn2[C@@H]2O[C@]3(COC(O)CC(=O)O)O[C@@H]2[C@@H]3O)c(=O)[nH]1,GuanosineOnly_gen3
Nc1nc2c(ncn2[C@@H]2O[C@H](CO)[C@@H](O)[C@H]2O)c(=O)[nH]1,Nc1nc2c(ncn2[C@@H]2O[C@@H]3C(O)O[C@H]3[C@H]2OC(O)CC(=O)O)c(=O)[nH]1,GuanosineOnly_gen3
Nc1nc2c(ncn2[C@@H]2O[C@H](CO)[C@@H](O)[C@H]2O)c(=O)[nH]1,Nc1nc2c(ncn2[C@@]23OC[C@@H](O2)[C@@H](O)[C@H]3OC(O)CC(=O)O)c(=O)[nH]1,GuanosineOnly_gen3
Nc1nc2c(ncn2[C@@H]2O[C@H](CO)[C@@H](O)[C@H]2O)c(=O)[nH]1,O=C1CC(O)Nc2nc3c(nc(n3[C@@H]3O[C@H](CO)[C@@H](O)[C@H]3O)O1)c(=O)[nH]2,GuanosineOnly_gen3
Nc1nc2c(ncn2[C@@H]2O[C@H](CO)[C@@H](O)[C@H]2O)c(=O)[nH]1,O=CNc1nc2c(nc(CC(=O)O)n2[C@@H]2O[C@H](CO)[C@@H](O)[C@H]2O)c(=O)[nH]1,GuanosineOnly_gen3
Nc1nc2c(ncn2[C@@H]2O[C@H](CO)[C@@H](O)[C@H]2O)c(=O)[nH]1,O=C(O)CC1(O)Nc2nc3c(ncn3[C@@H]3O[C@H](CO1)[C@@H](O)[C@H]3O)c(=O)[nH]2,GuanosineOnly_gen3
Nc1nc2c(ncn2[C@@H]2O[C@H](CO)[C@@H](O)[C@H]2O)c(=O)[nH]1,CC(O)(O[C@]12O[C@H]1[C@H](n1cnc3c(=O)[nH]c(N)nc31)O[C@@H]2CO)C(=O)O,GuanosineOnly_gen3
Nc1nc2c(ncn2[C@@H]2O[C@H](CO)[C@@H](O)[C@H]2O)c(=O)[nH]1,CC(O)(Nc1nc2c(ncn2[C@]23O[C@@H]([C@H]2O)[C@@H](CO)O3)c(=O)[nH]1)C(=O)O,GuanosineOnly_gen3
Nc1nc2c(ncn2[C@@H]2O[C@H](CO)[C@@H](O)[C@H]2O)c(=O)[nH]1,CC(O)(Nc1nc2c(ncn2[C@@H]2O[C@@H]3CO[C@]2(O)[C@@H]3O)c(=O)[nH]1)C(=O)O,GuanosineOnly_gen3
Nc1nc2c(ncn2[C@@H]2O[C@H](CO)[C@@H](O)[C@H]2O)c(=O)[nH]1,O=C1CC(O)O[C@@]2(CO)O[C@H]([C@H](O)[C@@H]2O)n2cnc3c(=O)[nH]c(nc32)N1,GuanosineOnly_gen3
Nc1nc2c(ncn2[C@@H]2O[C@H](CO)[C@@H](O)[C@H]2O)c(=O)[nH]1,CC(O)(O[C@@H]1[C@H]2CO[C@@]1(O)[C@H](n1cnc3c(=O)[nH]c(N)nc31)O2)C(=O)O,GuanosineOnly_gen3
Nc1nc2c(ncn2[C@@H]2O[C@H](CO)[C@@H](O)[C@H]2O)c(=O)[nH]1,CC(O)(OC[C@H]1O[C@@]2(n3cnc4c(=O)[nH]c(N)nc43)O[C@@H]2[C@@H]1O)C(=O)O,GuanosineOnly_gen3
Nc1nc2c(ncn2[C@@H]2O[C@H](CO)[C@@H](O)[C@H]2O)c(=O)[nH]1,O=C(CC(O)O)Nc1nc2c(ncn2[C@@H]2O[C@@H]3C(O)O[C@@H]2[C@@H]3O)c(=O)[nH]1,GuanosineOnly_gen3
Nc1nc2c(ncn2[C@@H]2O[C@H](CO)[C@@H](O)[C@H]2O)c(=O)[nH]1,O=C1Nc2nc3c(ncn3[C@@H]3O[C@H](COC1C(O)O)[C@@H](O)[C@H]3O)c(=O)[nH]2,GuanosineOnly_gen3
Nc1nc2c(ncn2[C@@H]2O[C@H](CO)[C@@H](O)[C@H]2O)c(=O)[nH]1,O=C(O)CC(O)Nc1nc2c(ncn2[C@@H]2O[C@@H]3C(O)O[C@H]3[C@H]2O)c(=O)[nH]1,GuanosineOnly_gen3
Nc1nc2c(ncn2[C@@H]2O[C@H](CO)[C@@H](O)[C@H]2O)c(=O)[nH]1,CC(O)(C(=O)O)[C@H]1O[C@@H](n2cnc3c(=O)[nH]c(NC=O)nc32)[C@H](O)[C@@H]1O,GuanosineOnly_gen3
Nc1nc2c(ncn2[C@@H]2O[C@H](CO)[C@@H](O)[C@H]2O)c(=O)[nH]1,O=C(O)C1O[C@@H]2[C@H](O)[C@@H](CO)O[C@H]2n2cnc3c(=O)[nH]c(nc32)NC1O,GuanosineOnly_gen3
Nc1nc2c(ncn2[C@@H]2O[C@H](CO)[C@@H](O)[C@H]2O)c(=O)[nH]1,CC(O)(O[C@@H]1[C@@H]2O[C@]1(n1cnc3c(=O)[nH]c(N)nc31)O[C@@H]2CO)C(=O)O,GuanosineOnly_gen3
Nc1nc2c(ncn2[C@@H]2O[C@H](CO)[C@@H](O)[C@H]2O)c(=O)[nH]1,O=CNc1nc2c(ncn2[C@@H]2O[C@H](CO)[C@@](O)(CC(=O)O)[C@H]2O)c(=O)[nH]1,GuanosineOnly_gen3
Nc1nc2c(ncn2[C@@H]2O[C@H](CO)[C@@H](O)[C@H]2O)c(=O)[nH]1,O=C(CC(O)O)Nc1nc2c(ncn2[C@@H]2O[C@H](CO)[C@@]3(O)O[C@@H]23)c(=O)[nH]1,GuanosineOnly_gen3
Nc1nc2c(ncn2[C@@H]2O[C@H](CO)[C@@H](O)[C@H]2O)c(=O)[nH]1,CC(=O)Nc1nc2c(ncn2[C@@H]2O[C@H](CO)[C@@H](O)[C@@]2(O)C(=O)O)c(=O)[nH]1,GuanosineOnly_gen3
Nc1nc2c(ncn2[C@@H]2O[C@H](CO)[C@@H](O)[C@H]2O)c(=O)[nH]1,CC(O)(O[C@H]1[C@H]2O[C@@]1(CO)O[C@H]2n1cnc2c(=O)[nH]c(N)nc21)C(=O)O,GuanosineOnly_gen3
Nc1nc2c(ncn2[C@@H]2O[C@H](CO)[C@@H](O)[C@H]2O)c(=O)[nH]1,O=CNc1nc2c(ncn2[C@@H]2O[C@](CO)(CC(=O)O)[C@@H](O)[C@H]2O)c(=O)[nH]1,GuanosineOnly_gen3
Nc1nc2c(ncn2[C@@H]2O[C@H](CO)[C@@H](O)[C@H]2O)c(=O)[nH]1,O=C1CC(O)Nc2nc3c(ncn3[C@@H]3O[C@H](C(O)O1)[C@@H](O)[C@H]3O)c(=O)[nH]2,GuanosineOnly_gen3
Nc1nc2c(ncn2[C@@H]2O[C@H](CO)[C@@H](O)[C@H]2O)c(=O)[nH]1,O=C1CC(O)Nc2nc3c(ncn3[C@@H]3O[C@](CO)(O1)[C@@H](O)[C@H]3O)c(=O)[nH]2,GuanosineOnly_gen3
Nc1nc2c(ncn2[C@@H]2O[C@H](CO)[C@@H](O)[C@H]2O)c(=O)[nH]1,O=C1CC(O)O[C@]2(O)[C@@H](CO)O[C@H]([C@@H]2O)n2cnc3c(=O)[nH]c(nc32)N1,GuanosineOnly_gen3
Nc1nc2c(ncn2[C@@H]2O[C@H](CO)[C@@H](O)[C@H]2O)c(=O)[nH]1,CC(O)(OC1O[C@H]2[C@@H](O)[C@H](n3cnc4c(=O)[nH]c(N)nc43)O[C@H]12)C(=O)O,GuanosineOnly_gen3
Nc1nc2c(ncn2[C@@H]2O[C@H](CO)[C@@H](O)[C@H]2O)c(=O)[nH]1,CC(O)(OC[C@]12O[C@@H](n3cnc4c(=O)[nH]c(N)nc43)[C@H](O)[C@@H]1O2)C(=O)O,GuanosineOnly_gen3
Nc1nc2c(ncn2[C@@H]2O[C@H](CO)[C@@H](O)[C@H]2O)c(=O)[nH]1,CC(O)OC(C)OC1O[C@@H]2[C@H](O)[C@@H]1O[C@H]2n1cnc2c(=O)[nH]c(N)nc21,GuanosineOnly_gen3
Nc1nc2c(ncn2[C@@H]2O[C@H](CO)[C@@H](O)[C@H]2O)c(=O)[nH]1,CC(O)OC(C)Nc1nc2c(nc3n2[C@@H]2O[C@H](CO)[C@@H](O3)[C@H]2O)c(=O)[nH]1,GuanosineOnly_gen3
Nc1nc2c(ncn2[C@@H]2O[C@H](CO)[C@@H](O)[C@H]2O)c(=O)[nH]1,CC(=O)O[C@@H]1[C@H](O)[C@@H](COC(C)O)O[C@H]1n1cnc2c(=O)[nH]c(N)nc21,GuanosineOnly_gen3
Nc1nc2c(ncn2[C@@H]2O[C@H](CO)[C@@H](O)[C@H]2O)c(=O)[nH]1,CC(O)OC(C)OC[C@H]1O[C@@H](n2cnc3c(=O)[nH]c(N)nc32)[C@]2(O)O[C@H]12,GuanosineOnly_gen3
Nc1nc2c(ncn2[C@@H]2O[C@H](CO)[C@@H](O)[C@H]2O)c(=O)[nH]1,CC(O)OC(C)O[C@H]1[C@@H](O)[C@H]2O[C@@H]1COc1nc3c(=O)[nH]c(N)nc3n12,GuanosineOnly_gen3
Nc1nc2c(ncn2[C@@H]2O[C@H](CO)[C@@H](O)[C@H]2O)c(=O)[nH]1,CC(O)OC(C)Nc1nc2c(ncn2[C@@H]2O[C@@H]3C(O)O[C@@H]2[C@@H]3O)c(=O)[nH]1,GuanosineOnly_gen3
Nc1nc2c(ncn2[C@@H]2O[C@H](CO)[C@@H](O)[C@H]2O)c(=O)[nH]1,CC(O)OC(C)O[C@H]1[C@H]2Oc3nc4c(=O)[nH]c(N)nc4n3[C@@H]2O[C@@H]1CO,GuanosineOnly_gen3
Nc1nc2c(ncn2[C@@H]2O[C@H](CO)[C@@H](O)[C@H]2O)c(=O)[nH]1,CC(N)NC(C)O[C@@H]1[C@H](O)[C@@H](CO)O[C@H]1n1cnc2c(=O)[nH]c(N)nc21,GuanosineOnly_gen3
Nc1nc2c(ncn2[C@@H]2O[C@H](CO)[C@@H](O)[C@H]2O)c(=O)[nH]1,CC(O)(C=NO)Nc1nc2c(ncn2[C@@H]2O[C@H](CO)[C@@H](O)[C@H]2O)c(=O)[nH]1,GuanosineOnly_gen3
Nc1nc2c(ncn2[C@@H]2O[C@H](CO)[C@@H](O)[C@H]2O)c(=O)[nH]1,CC(=O)N(C(C)=O)c1nc2c(ncn2[C@@H]2O[C@H](C(=O)O)[C@@H](O)[C@H]2O)c(=O)[nH]1,GuanosineOnly_gen3
Nc1nc2c(ncn2[C@@H]2O[C@H](CO)[C@@H](O)[C@H]2O)c(=O)[nH]1,CC(=O)Nc1nc2c(ncn2[C@@H]2O[C@H](C(=O)OC(C)=O)[C@@H](O)[C@H]2O)c(=O)[nH]1,GuanosineOnly_gen3
Nc1nc2c(ncn2[C@@H]2O[C@H](CO)[C@@H](O)[C@H]2O)c(=O)[nH]1,CC(=O)OC(=O)[C@H]1O[C@@H](n2cnc3c(=O)n(C(C)=O)c(N)nc32)[C@H](O)[C@@H]1O,GuanosineOnly_gen3
Nc1nc2c(ncn2[C@@H]2O[C@H](CO)[C@@H](O)[C@H]2O)c(=O)[nH]1,CC(=O)Nc1nc2c(ncn2[C@@H]2O[C@H](C(=O)O)[C@@H](O)[C@H]2OC(C)=O)c(=O)[nH]1,GuanosineOnly_gen3
Nc1nc2c(ncn2[C@@H]2O[C@H](CO)[C@@H](O)[C@H]2O)c(=O)[nH]1,CC(=O)O[C@@H]1[C@H](O)[C@@H](C(=O)O)O[C@H]1n1cnc2c(=O)n(C(C)=O)c(N)nc21,GuanosineOnly_gen3
Nc1nc2c(ncn2[C@@H]2O[C@H](CO)[C@@H](O)[C@H]2O)c(=O)[nH]1,CC(=O)OC[C@H]1O[C@@H](n2cnc3c(=O)[nH]c(N(C)C(C)=O)nc32)[C@H](O)[C@@H]1O,GuanosineOnly_gen3
Nc1nc2c(ncn2[C@@H]2O[C@H](CO)[C@@H](O)[C@H]2O)c(=O)[nH]1,CC(=O)Nc1nc2c(ncn2[C@@H]2O[C@H](CO)[C@@H](OC(C)=O)[C@]2(C)O)c(=O)[nH]1,GuanosineOnly_gen3
Nc1nc2c(ncn2[C@@H]2O[C@H](CO)[C@@H](O)[C@H]2O)c(=O)[nH]1,CC(=O)O[C@@H]1[C@H](O)[C@@H](CO)O[C@]1(C)n1cnc2c(=O)n(C(C)=O)c(N)nc21,GuanosineOnly_gen3
Nc1nc2c(ncn2[C@@H]2O[C@H](CO)[C@@H](O)[C@H]2O)c(=O)[nH]1,CC(=O)O[C@H]1[C@H](n2cnc3c(=O)n(C(C)=O)c(N)nc32)O[C@@](C)(CO)[C@H]1O,GuanosineOnly_gen3
Nc1nc2c(ncn2[C@@H]2O[C@H](CO)[C@@H](O)[C@H]2O)c(=O)[nH]1,CC(=O)Nc1nc2c(nc(C)n2[C@@H]2O[C@H](COC(C)=O)[C@@H](O)[C@H]2O)c(=O)[nH]1,GuanosineOnly_gen3
Nc1nc2c(ncn2[C@@H]2O[C@H](CO)[C@@H](O)[C@H]2O)c(=O)[nH]1,CO[C@H]1[C@@H](O)[C@H](n2cnc3c(=O)[nH]c(N(C(C)=O)C(C)=O)nc32)O[C@@H]1CO,GuanosineOnly_gen3
Nc1nc2c(ncn2[C@@H]2O[C@H](CO)[C@@H](O)[C@H]2O)c(=O)[nH]1,CC(=O)O[C@@]1(C)[C@H](O)[C@@H](CO)O[C@H]1n1cnc2c(=O)n(C(C)=O)c(N)nc21,GuanosineOnly_gen3
Nc1nc2c(ncn2[C@@H]2O[C@H](CO)[C@@H](O)[C@H]2O)c(=O)[nH]1,CO[C@@H]1[C@H](O)[C@@H](COC(C)=O)O[C@H]1n1cnc2c(=O)n(C(C)=O)c(N)nc21,GuanosineOnly_gen3
Nc1nc2c(ncn2[C@@H]2O[C@H](CO)[C@@H](O)[C@H]2O)c(=O)[nH]1,CC(=O)OC[C@]1(C)O[C@@H](n2cnc3c(=O)n(C(C)=O)c(N)nc32)[C@H](O)[C@@H]1O,GuanosineOnly_gen3
Nc1nc2c(ncn2[C@@H]2O[C@H](CO)[C@@H](O)[C@H]2O)c(=O)[nH]1,CC(=O)OC[C@H]1O[C@@H](n2cnc3c(=O)n(C(C)=O)c(N)nc32)[C@@](C)(O)[C@@H]1O,GuanosineOnly_gen3
Nc1nc2c(ncn2[C@@H]2O[C@H](CO)[C@@H](O)[C@H]2O)c(=O)[nH]1,CC(=O)OC[C@H]1O[C@@H](n2c(C)nc3c(=O)n(C(C)=O)c(N)nc32)[C@H](O)[C@@H]1O,GuanosineOnly_gen3
Nc1nc2c(ncn2[C@@H]2O[C@H](CO)[C@@H](O)[C@H]2O)c(=O)[nH]1,CCC(=O)O[C@H]1[C@@H](O)[C@H](n2cnc3c(=O)[nH]c(NC(C)=O)nc32)O[C@@H]1CO,GuanosineOnly_gen3
Nc1nc2c(ncn2[C@@H]2O[C@H](CO)[C@@H](O)[C@H]2O)c(=O)[nH]1,CC(=O)O[C@H]1[C@H](n2cnc3c(=O)n(C(C)=O)c(N)nc32)O[C@H](CO)[C@]1(C)O,GuanosineOnly_gen3
Nc1nc2c(ncn2[C@@H]2O[C@H](CO)[C@@H](O)[C@H]2O)c(=O)[nH]1,CC(=O)N(C(N)=O)c1nc2c(ncn2[C@@H]2O[C@H](CO)[C@](C)(O)[C@H]2O)c(=O)[nH]1,GuanosineOnly_gen3
Nc1nc2c(ncn2[C@@H]2O[C@H](CO)[C@@H](O)[C@H]2O)c(=O)[nH]1,COC[C@H]1O[C@@H](n2cnc3c(=O)[nH]c(N(C(C)=O)C(N)=O)nc32)[C@H](O)[C@@H]1O,GuanosineOnly_gen3
Nc1nc2c(ncn2[C@@H]2O[C@H](CO)[C@@H](O)[C@H]2O)c(=O)[nH]1,CC(=O)Nc1nc2c(c(=O)[nH]1)[n+](C)cn2[C@@H]1O[C@H](CO)[C@@H](O)[C@H]1OC(C)=O,GuanosineOnly_gen3
Nc1nc2c(ncn2[C@@H]2O[C@H](CO)[C@@H](O)[C@H]2O)c(=O)[nH]1,CC(=O)OC[C@H]1O[C@@H](n2c[n+](C)c3c(=O)n(C(C)=O)c(N)nc32)[C@H](O)[C@@H]1O,GuanosineOnly_gen3
Nc1nc2c(ncn2[C@@H]2O[C@H](CO)[C@@H](O)[C@H]2O)c(=O)[nH]1,COC(=O)O[C@@H]1[C@H](OC(C)=O)[C@@H](CO)O[C@H]1n1cnc2c(=O)[nH]c(N)nc21,GuanosineOnly_gen3
Nc1nc2c(ncn2[C@@H]2O[C@H](CO)[C@@H](O)[C@H]2O)c(=O)[nH]1,CO[C@H]1[C@@H](O)[C@H](n2cnc3c(=O)[nH]c(N)nc32)O[C@@H]1COC(=O)CC(=O)O,GuanosineOnly_gen3
Nc1nc2c(ncn2[C@@H]2O[C@H](CO)[C@@H](O)[C@H]2O)c(=O)[nH]1,CN(C(=O)CC(=O)O)c1nc2c(ncn2[C@@H]2O[C@H](CO)[C@@H](O)[C@H]2O)c(=O)[nH]1,GuanosineOnly_gen3
Nc1nc2c(ncn2[C@@H]2O[C@H](CO)[C@@H](O)[C@H]2O)c(=O)[nH]1,CC(=O)n1c(N)nc2c(ncn2[C@@H]2O[C@H](CO)[C@@H](O)[C@H]2OC(=O)CO)c1=O,GuanosineOnly_gen3
Nc1nc2c(ncn2[C@@H]2O[C@H](CO)[C@@H](O)[C@H]2O)c(=O)[nH]1,C[C@]1(O)[C@@H](CO)O[C@@H](n2cnc3c(=O)[nH]c(NC(=O)CC(=O)O)nc32)[C@@H]1O,GuanosineOnly_gen3
Nc1nc2c(ncn2[C@@H]2O[C@H](CO)[C@@H](O)[C@H]2O)c(=O)[nH]1,C[C@@]1(CO)O[C@@H](n2cnc3c(=O)[nH]c(NC(=O)CC(=O)O)nc32)[C@H](O)[C@@H]1O,GuanosineOnly_gen3
Nc1nc2c(ncn2[C@@H]2O[C@H](CO)[C@@H](O)[C@H]2O)c(=O)[nH]1,CC(O)[C@H]1O[C@@H](n2cnc3c(=O)[nH]c(NC(=O)CC(=O)O)nc32)[C@H](O)[C@@H]1O,GuanosineOnly_gen3
Nc1nc2c(ncn2[C@@H]2O[C@H](CO)[C@@H](O)[C@H]2O)c(=O)[nH]1,Cc1nc2c(=O)[nH]c(NC(=O)CC(=O)O)nc2n1[C@@H]1O[C@H](CO)[C@@H](O)[C@H]1O,GuanosineOnly_gen3
Nc1nc2c(ncn2[C@@H]2O[C@H](CO)[C@@H](O)[C@H]2O)c(=O)[nH]1,C[C@]1(n2cnc3c(=O)[nH]c(NC(=O)CC(=O)O)nc32)O[C@H](CO)[C@@H](O)[C@H]1O,GuanosineOnly_gen3
Nc1nc2c(ncn2[C@@H]2O[C@H](CO)[C@@H](O)[C@H]2O)c(=O)[nH]1,CC(=O)N(C(N)=O)c1nc2c(c(=O)[nH]1)[n+](C)cn2[C@@H]1O[C@H](CO)[C@@H](O)[C@H]1O,GuanosineOnly_gen3
Nc1nc2c(ncn2[C@@H]2O[C@H](CO)[C@@H](O)[C@H]2O)c(=O)[nH]1,C[n+]1cn([C@@H]2O[C@H](CO)[C@@H](O)[C@H]2O)c2nc(NC(=O)CC(=O)O)[nH]c(=O)c21,GuanosineOnly_gen3
Nc1nc2c(ncn2[C@@H]2O[C@H](CO)[C@@H](O)[C@H]2O)c(=O)[nH]1,C[n+]1cn([C@@H]2O[C@H](CO)[C@@H](OC(=O)CC(=O)O)[C@H]2O)c2nc(N)[nH]c(=O)c21,GuanosineOnly_gen3
Nc1nc2c(ncn2[C@@H]2O[C@H](CO)[C@@H](O)[C@H]2O)c(=O)[nH]1,Nc1nc2c(ncn2[C@@H]2O[C@@H]3COC(O)CO[C@H]3[C@H]2OCC(O)O)c(=O)[nH]1,GuanosineOnly_gen3
Nc1nc2c(ncn2[C@@H]2O[C@H](CO)[C@@H](O)[C@H]2O)c(=O)[nH]1,Nc1nc2c(ncn2[C@@H]2O[C@H](CO)[C@H]3OCC(OCC(O)O)O[C@H]32)c(=O)[nH]1,GuanosineOnly_gen3
Nc1nc2c(ncn2[C@@H]2O[C@H](CO)[C@@H](O)[C@H]2O)c(=O)[nH]1,CC(=O)O[C@@H]1[C@H](O)[C@@H](CO)O[C@H]1n1cnc2c(=O)[nH]c(NC(O)CO)nc21,GuanosineOnly_gen3
Nc1nc2c(ncn2[C@@H]2O[C@H](CO)[C@@H](O)[C@H]2O)c(=O)[nH]1,CC(O)OC[C@H]1O[C@@H](n2cnc3c(=O)n(C(=O)CO)c(N)nc32)[C@H](O)[C@@H]1O,GuanosineOnly_gen3
Nc1nc2c(ncn2[C@@H]2O[C@H](CO)[C@@H](O)[C@H]2O)c(=O)[nH]1,CC(=O)Nc1nc2c(ncn2[C@@H]2O[C@H](COC(O)CO)[C@@H](O)[C@H]2O)c(=O)[nH]1,GuanosineOnly_gen3
Nc1nc2c(ncn2[C@@H]2O[C@H](CO)[C@@H](O)[C@H]2O)c(=O)[nH]1,CC(O)Nc1nc2c(ncn2[C@@H]2O[C@H](COC(=O)CO)[C@@H](O)[C@H]2O)c(=O)[nH]1,GuanosineOnly_gen3
Nc1nc2c(ncn2[C@@H]2O[C@H](CO)[C@@H](O)[C@H]2O)c(=O)[nH]1,Nc1nc2c(ncn2[C@@H]2O[C@@H]3COCC(O)O[C@H]3[C@H]2OC(O)CO)c(=O)[nH]1,GuanosineOnly_gen3
Nc1nc2c(ncn2[C@@H]2O[C@H](CO)[C@@H](O)[C@H]2O)c(=O)[nH]1,CC(O)O[C@H]1[C@@H](O)[C@H](n2cnc3c(=O)[nH]c(NC(=O)CO)nc32)O[C@@H]1CO,GuanosineOnly_gen3
Nc1nc2c(ncn2[C@@H]2O[C@H](CO)[C@@H](O)[C@H]2O)c(=O)[nH]1,CC(=O)n1c(N)nc2c(ncn2[C@@H]2O[C@H](CO)[C@@H](OC(O)CO)[C@H]2O)c1=O,GuanosineOnly_gen3
Nc1nc2c(ncn2[C@@H]2O[C@H](CO)[C@@H](O)[C@H]2O)c(=O)[nH]1,CC(O)n1c(N)nc2c(ncn2[C@@H]2O[C@H](CO)[C@@H](OC(=O)CO)[C@H]2O)c1=O,GuanosineOnly_gen3
Nc1nc2c(ncn2[C@@H]2O[C@H](CO)[C@@H](O)[C@H]2O)c(=O)[nH]1,Nc1nc2c(ncn2[C@@H]2O[C@@H]3COCC(OCC(O)O)O[C@H]3[C@H]2O)c(=O)[nH]1,GuanosineOnly_gen3
Nc1nc2c(ncn2[C@@H]2O[C@H](CO)[C@@H](O)[C@H]2O)c(=O)[nH]1,CC(=O)OC(CO)Nc1nc2c(ncn2[C@@H]2O[C@H](CO)[C@@H](O)[C@H]2O)c(=O)[nH]1,GuanosineOnly_gen3
Nc1nc2c(ncn2[C@@H]2O[C@H](CO)[C@@H](O)[C@H]2O)c(=O)[nH]1,Nc1nc2c(ncn2[C@@H]2O[C@@H]3COC(OC(O)CO)CO[C@@H]2[C@@H]3O)c(=O)[nH]1,GuanosineOnly_gen3
Nc1nc2c(ncn2[C@@H]2O[C@H](CO)[C@@H](O)[C@H]2O)c(=O)[nH]1,CC(O)O[C@H]1[C@@H](OC(=O)CO)[C@H](n2cnc3c(=O)[nH]c(N)nc32)O[C@@H]1CO,GuanosineOnly_gen3
Nc1nc2c(ncn2[C@@H]2O[C@H](CO)[C@@H](O)[C@H]2O)c(=O)[nH]1,CC(=O)OC[C@H]1O[C@@H](n2cnc3c(=O)n(C(O)CO)c(N)nc32)[C@H](O)[C@@H]1O,GuanosineOnly_gen3
Nc1nc2c(ncn2[C@@H]2O[C@H](CO)[C@@H](O)[C@H]2O)c(=O)[nH]1,CC1=Nc2nc3c(ncn3[C@@H]3O[C@H](CO)[C@@H](OP(=O)(O)O)[C@H]3O1)c(=O)[nH]2,GuanosineOnly_gen3
Nc1nc2c(ncn2[C@@H]2O[C@H](CO)[C@@H](O)[C@H]2O)c(=O)[nH]1,CC1=Nc2nc3c(ncn3[C@@H]3O[C@H](COS(=O)(=O)O)[C@@H](O)[C@H]3O1)c(=O)[nH]2,GuanosineOnly_gen3
Nc1nc2c(ncn2[C@@H]2O[C@H](CO)[C@@H](O)[C@H]2O)c(=O)[nH]1,CC1=Nc2nc3c(ncn3[C@@H]3O[C@H](CO1)[C@@H](OS(=O)(=O)O)[C@H]3O)c(=O)[nH]2,GuanosineOnly_gen3
Nc1nc2c(ncn2[C@@H]2O[C@H](CO)[C@@H](O)[C@H]2O)c(=O)[nH]1,CC1=Nc2nc3c(ncn3[C@@H]3O[C@H](CO)[C@@H](O1)[C@H]3OS(=O)(=O)O)c(=O)[nH]2,GuanosineOnly_gen3
Nc1nc2c(ncn2[C@@H]2O[C@H](CO)[C@@H](O)[C@H]2O)c(=O)[nH]1,CCOC[C@H]1O[C@@H](n2cnc3c(=O)[nH]c(N)nc32)[C@H](OP(=O)(O)O)[C@@H]1O,GuanosineOnly_gen3
Nc1nc2c(ncn2[C@@H]2O[C@H](CO)[C@@H](O)[C@H]2O)c(=O)[nH]1,COC[C@H]1O[C@@H](n2cnc3c(=O)[nH]c(N)nc32)[C@H](OS(=O)(=O)O)[C@@H]1OC,GuanosineOnly_gen3
Nc1nc2c(ncn2[C@@H]2O[C@H](CO)[C@@H](O)[C@H]2O)c(=O)[nH]1,CCO[C@H]1[C@@H](O)[C@H](n2cnc3c(=O)[nH]c(N)nc32)O[C@@H]1COS(=O)(=O)O,GuanosineOnly_gen3
Nc1nc2c(ncn2[C@@H]2O[C@H](CO)[C@@H](O)[C@H]2O)c(=O)[nH]1,COC[C@H]1O[C@@H](n2c[n+](C)c3c(=O)[nH]c(N)nc32)[C@H](O)[C@@H]1OP(=O)(O)O,GuanosineOnly_gen3
Nc1nc2c(ncn2[C@@H]2O[C@H](CO)[C@@H](O)[C@H]2O)c(=O)[nH]1,CNc1nc2c(c(=O)[nH]1)[n+](C)cn2[C@@H]1O[C@H](CO)[C@@H](O)[C@H]1OP(=O)(O)O,GuanosineOnly_gen3
Nc1nc2c(ncn2[C@@H]2O[C@H](CO)[C@@H](O)[C@H]2O)c(=O)[nH]1,Cn1c(N)nc2c(c1=O)[n+](C)cn2[C@@H]1O[C@H](CO)[C@@H](OP(=O)(O)O)[C@H]1O,GuanosineOnly_gen3
Nc1nc2c(ncn2[C@@H]2O[C@H](CO)[C@@H](O)[C@H]2O)c(=O)[nH]1,CO[C@H]1[C@@H](OS(=O)(=O)O)[C@H](n2c[n+](C)c3c(=O)[nH]c(N)nc32)O[C@@H]1CO,GuanosineOnly_gen3
Nc1nc2c(ncn2[C@@H]2O[C@H](CO)[C@@H](O)[C@H]2O)c(=O)[nH]1,CO[C@H]1[C@@H](O)[C@H](n2c[n+](C)c3c(=O)[nH]c(N)nc32)O[C@@H]1COS(=O)(=O)O,GuanosineOnly_gen3
Nc1nc2c(ncn2[C@@H]2O[C@H](CO)[C@@H](O)[C@H]2O)c(=O)[nH]1,CNc1nc2c(c(=O)[nH]1)[n+](C)cn2[C@@H]1O[C@H](COS(=O)(=O)O)[C@@H](O)[C@H]1O,GuanosineOnly_gen3
Nc1nc2c(ncn2[C@@H]2O[C@H](CO)[C@@H](O)[C@H]2O)c(=O)[nH]1,Cn1c(N)nc2c(c1=O)[n+](C)cn2[C@@H]1O[C@H](COS(=O)(=O)O)[C@@H](O)[C@H]1O,GuanosineOnly_gen3
Nc1nc2c(ncn2[C@@H]2O[C@H](CO)[C@@H](O)[C@H]2O)c(=O)[nH]1,CC(=O)O[C@@H]1[C@H](O)[C@@H](CO)O[C@H]1n1cnc2c(=O)n(C(C)(O)C#N)c(N)nc21,GuanosineOnly_gen3
Nc1nc2c(ncn2[C@@H]2O[C@H](CO)[C@@H](O)[C@H]2O)c(=O)[nH]1,CC(=O)OC[C@H]1O[C@@H](n2cnc3c(=O)[nH]c(NC(C)(O)C#N)nc32)[C@H](O)[C@@H]1O,GuanosineOnly_gen3
Nc1nc2c(ncn2[C@@H]2O[C@H](CO)[C@@H](O)[C@H]2O)c(=O)[nH]1,CC(=O)Nc1nc2c(ncn2[C@@H]2O[C@H](CO)[C@@H](O)[C@H]2OC(C)(O)C#N)c(=O)[nH]1,GuanosineOnly_gen3
Nc1nc2c(ncn2[C@@H]2O[C@H](CO)[C@@H](O)[C@H]2O)c(=O)[nH]1,CC(=O)OC(C)(C#N)O[C@H]1[C@@H](O)[C@H](n2cnc3c(=O)[nH]c(N)nc32)O[C@@H]1CO,GuanosineOnly_gen3
Nc1nc2c(ncn2[C@@H]2O[C@H](CO)[C@@H](O)[C@H]2O)c(=O)[nH]1,CC(=O)n1c(N)nc2c(ncn2[C@@H]2O[C@H](COC(C)(O)C#N)[C@@H](O)[C@H]2O)c1=O,GuanosineOnly_gen3
O=c1[nH]c(=O)c2ncn([C@@H]3O[C@H](CO)[C@@H](O)[C@H]3O)c2[nH]1,O=c1[nH]c(=O)c2nc3n(c2[nH]1)[C@@H]1O[C@H](CO)[C@@H](O)[C@H]1O3,XanthosineOnly_gen3
O=c1[nH]c(=O)c2ncn([C@@H]3O[C@H](CO)[C@@H](O)[C@H]3O)c2[nH]1,O=c1[nH]c(=O)c2ncn([C@@H]3O[C@@H]4CO[C@]4(O)[C@H]3O)c2[nH]1,XanthosineOnly_gen3
O=c1[nH]c(=O)c2ncn([C@@H]3O[C@H](CO)[C@@H](O)[C@H]3O)c2[nH]1,O=c1[nH]c(=O)c2ncn([C@@]34OC[C@@H](O3)[C@@H](O)[C@H]4O)c2[nH]1,XanthosineOnly_gen3
O=c1[nH]c(=O)c2ncn([C@@H]3O[C@H](CO)[C@@H](O)[C@H]3O)c2[nH]1,O=C(O)[C@]12O[C@@H]([C@H](n3cnc4c(=O)[nH]c(=O)[nH]c43)O1)[C@@H]2O,XanthosineOnly_gen3
O=c1[nH]c(=O)c2ncn([C@@H]3O[C@H](CO)[C@@H](O)[C@H]3O)c2[nH]1,O=C(O)[C@H]1O[C@@H](n2cnc3c(=O)[nH]c(=O)[nH]c32)[C@]2(O)O[C@H]12,XanthosineOnly_gen3
O=c1[nH]c(=O)c2ncn([C@@H]3O[C@H](CO)[C@@H](O)[C@H]3O)c2[nH]1,O=C(O)[C@H]1O[C@@]2(n3cnc4c(=O)[nH]c(=O)[nH]c43)O[C@H]1[C@H]2O,XanthosineOnly_gen3
O=c1[nH]c(=O)c2ncn([C@@H]3O[C@H](CO)[C@@H](O)[C@H]3O)c2[nH]1,O=C1O[C@]2(n3cnc4c(=O)[nH]c(=O)[nH]c43)O[C@H]1[C@@H](O)[C@H]2O,XanthosineOnly_gen3
O=c1[nH]c(=O)c2ncn([C@@H]3O[C@H](CO)[C@@H](O)[C@H]3O)c2[nH]1,O=C(O)[C@H]1O[C@@H](n2cnc3c(=O)[nH]c(=O)[nH]c32)[C@@H]2O[C@]12O,XanthosineOnly_gen3
O=c1[nH]c(=O)c2ncn([C@@H]3O[C@H](CO)[C@@H](O)[C@H]3O)c2[nH]1,O=C(O)[C@H]1O[C@@H]2[C@H](O)[C@@H]1Oc1nc3c(=O)[nH]c(=O)[nH]c3n12,XanthosineOnly_gen3
O=c1[nH]c(=O)c2ncn([C@@H]3O[C@H](CO)[C@@H](O)[C@H]3O)c2[nH]1,O=c1[nH]c(=O)c2nc3n(c2[nH]1)[C@@H]1O[C@H](C(O)O3)[C@@H](O)[C@H]1O,XanthosineOnly_gen3
O=c1[nH]c(=O)c2ncn([C@@H]3O[C@H](CO)[C@@H](O)[C@H]3O)c2[nH]1,Cn1c(=O)[nH]c(=O)c2ncn([C@@H]3O[C@H](CO)[C@@H](O)[C@H]3O)c21,XanthosineOnly_gen3
O=c1[nH]c(=O)c2ncn([C@@H]3O[C@H](CO)[C@@H](O)[C@H]3O)c2[nH]1,Cn1c(=O)[nH]c2c(ncn2[C@@H]2O[C@H](CO)[C@@H](O)[C@H]2O)c1=O,XanthosineOnly_gen3
O=c1[nH]c(=O)c2ncn([C@@H]3O[C@H](CO)[C@@H](O)[C@H]3O)c2[nH]1,O=C(O)[C@H]1O[C@@H](n2c[nH+]c3c(=O)[nH]c(=O)[nH]c32)[C@H](O)[C@@H]1O,XanthosineOnly_gen3
O=c1[nH]c(=O)c2ncn([C@@H]3O[C@H](CO)[C@@H](O)[C@H]3O)c2[nH]1,Cn1c(=O)[nH]c(=O)c2[nH+]cn([C@@H]3O[C@H](CO)[C@@H](O)[C@H]3O)c21,XanthosineOnly_gen3
O=c1[nH]c(=O)c2ncn([C@@H]3O[C@H](CO)[C@@H](O)[C@H]3O)c2[nH]1,Cn1c(=O)[nH]c2c([nH+]cn2[C@@H]2O[C@H](CO)[C@@H](O)[C@H]2O)c1=O,XanthosineOnly_gen3
O=c1[nH]c(=O)c2ncn([C@@H]3O[C@H](CO)[C@@H](O)[C@H]3O)c2[nH]1,COC[C@H]1O[C@@H](n2c[nH+]c3c(=O)[nH]c(=O)[nH]c32)[C@H](O)[C@@H]1O,XanthosineOnly_gen3
O=c1[nH]c(=O)c2ncn([C@@H]3O[C@H](CO)[C@@H](O)[C@H]3O)c2[nH]1,O=c1[nH]c(=O)c2ncn([C@@H]3O[C@H](CO)[C@@H](O)C3(O)O)c2[nH]1,XanthosineOnly_gen3
O=c1[nH]c(=O)c2ncn([C@@H]3O[C@H](CO)[C@@H](O)[C@H]3O)c2[nH]1,O=c1[nH]c(=O)c2ncn([C@@]3(O)O[C@H](CO)[C@@H](O)[C@H]3O)c2[nH]1,XanthosineOnly_gen3
O=c1[nH]c(=O)c2ncn([C@@H]3O[C@H](CO)[C@@H](O)[C@H]3O)c2[nH]1,O=c1[nH]c(=O)c2ncn([C@@H]3O[C@@](O)(CO)[C@@H](O)[C@H]3O)c2[nH]1,XanthosineOnly_gen3
O=c1[nH]c(=O)c2ncn([C@@H]3O[C@H](CO)[C@@H](O)[C@H]3O)c2[nH]1,N#C[C@@]1(CO)O[C@@H](n2cnc3c(=O)[nH]c(=O)[nH]c32)[C@H](O)[C@@H]1O,XanthosineOnly_gen3
O=c1[nH]c(=O)c2ncn([C@@H]3O[C@H](CO)[C@@H](O)[C@H]3O)c2[nH]1,N#C[C@]1(O)[C@@H](CO)O[C@@H](n2cnc3c(=O)[nH]c(=O)[nH]c32)[C@@H]1O,XanthosineOnly_gen3
O=c1[nH]c(=O)c2ncn([C@@H]3O[C@H](CO)[C@@H](O)[C@H]3O)c2[nH]1,O=COC1O[C@@H]2[C@H](O)[C@@H]1O[C@H]2n1cnc2c(=O)[nH]c(=O)[nH]c21,XanthosineOnly_gen3
O=c1[nH]c(=O)c2ncn([C@@H]3O[C@H](CO)[C@@H](O)[C@H]3O)c2[nH]1,O=CO[C@@H]1[C@H]2CO[C@@]1(O)[C@H](n1cnc3c(=O)[nH]c(=O)[nH]c31)O2,XanthosineOnly_gen3
O=c1[nH]c(=O)c2ncn([C@@H]3O[C@H](CO)[C@@H](O)[C@H]3O)c2[nH]1,O=CO[C@H]1[C@@H](O)[C@H]2O[C@@H]1COc1nc3c(=O)[nH]c(=O)[nH]c3n12,XanthosineOnly_gen3
O=c1[nH]c(=O)c2ncn([C@@H]3O[C@H](CO)[C@@H](O)[C@H]3O)c2[nH]1,O=CO[C@@H]1[C@@H]2OC(O)[C@H]2O[C@H]1n1cnc2c(=O)[nH]c(=O)[nH]c21,XanthosineOnly_gen3
O=c1[nH]c(=O)c2ncn([C@@H]3O[C@H](CO)[C@@H](O)[C@H]3O)c2[nH]1,CCO[C@H]1[C@H](n2cnc3c(=O)[nH]c(=O)[nH]c32)O[C@@]2(CO2)[C@H]1O,XanthosineOnly_gen3
O=c1[nH]c(=O)c2ncn([C@@H]3O[C@H](CO)[C@@H](O)[C@H]3O)c2[nH]1,CO[C@@H]1[C@@H]2O[C@@H](n3cnc4c(=O)[nH]c(=O)[nH]c43)[C@]1(O)OC2O,XanthosineOnly_gen3
O=c1[nH]c(=O)c2ncn([C@@H]3O[C@H](CO)[C@@H](O)[C@H]3O)c2[nH]1,CO[C@H]1[C@H](n2cnc3c(=O)[nH]c(=O)[nH]c32)O[C@]2(OC2O)[C@H]1O,XanthosineOnly_gen3
O=c1[nH]c(=O)c2ncn([C@@H]3O[C@H](CO)[C@@H](O)[C@H]3O)c2[nH]1,O=c1[nH]c(=O)c2ncn([C@@H]3O[C@@H]4C(O)OCO[C@@H]3[C@@H]4O)c2[nH]1,XanthosineOnly_gen3
O=c1[nH]c(=O)c2ncn([C@@H]3O[C@H](CO)[C@@H](O)[C@H]3O)c2[nH]1,O=c1[nH]c(=O)c2ncn([C@@H]3O[C@@H]4C(OCO)O[C@H]4[C@H]3O)c2[nH]1,XanthosineOnly_gen3
O=c1[nH]c(=O)c2ncn([C@@H]3O[C@H](CO)[C@@H](O)[C@H]3O)c2[nH]1,O=c1[nH]c(=O)c2ncn([C@@H]3O[C@@H]4C(O)O[C@@H]3[C@@H]4OCO)c2[nH]1,XanthosineOnly_gen3
O=c1[nH]c(=O)c2ncn([C@@H]3O[C@H](CO)[C@@H](O)[C@H]3O)c2[nH]1,O=c1[nH]c(=O)c2ncn([C@@H]3O[C@@H]4CO[C@@]4(OCO)[C@H]3O)c2[nH]1,XanthosineOnly_gen3
O=c1[nH]c(=O)c2ncn([C@@H]3O[C@H](CO)[C@@H](O)[C@H]3O)c2[nH]1,COC(O)[C@H]1O[C@@]2(n3cnc4c(=O)[nH]c(=O)[nH]c43)O[C@H]1[C@H]2O,XanthosineOnly_gen3
O=c1[nH]c(=O)c2ncn([C@@H]3O[C@H](CO)[C@@H](O)[C@H]3O)c2[nH]1,COC(O)[C@H]1O[C@@H]2[C@H](Oc3nc4c(=O)[nH]c(=O)[nH]c4n32)[C@@H]1O,XanthosineOnly_gen3
O=c1[nH]c(=O)c2ncn([C@@H]3O[C@H](CO)[C@@H](O)[C@H]3O)c2[nH]1,CO[C@@H]1[C@@H](C(O)O)O[C@@]2(n3cnc4c(=O)[nH]c(=O)[nH]c43)O[C@H]12,XanthosineOnly_gen3
O=c1[nH]c(=O)c2ncn([C@@H]3O[C@H](CO)[C@@H](O)[C@H]3O)c2[nH]1,CO[C@H]1[C@H]2O[C@@]1(C(O)O)O[C@H]2n1cnc2c(=O)[nH]c(=O)[nH]c21,XanthosineOnly_gen3
O=c1[nH]c(=O)c2ncn([C@@H]3O[C@H](CO)[C@@H](O)[C@H]3O)c2[nH]1,O=c1[nH]c(=O)c2ncn([C@@H]3O[C@@H]4CO[C@]3(OCO)[C@@H]4O)c2[nH]1,XanthosineOnly_gen3
O=c1[nH]c(=O)c2ncn([C@@H]3O[C@H](CO)[C@@H](O)[C@H]3O)c2[nH]1,COC(O)[C@H]1O[C@@H](n2cnc3c(=O)[nH]c(=O)[nH]c32)[C@]2(O)O[C@H]12,XanthosineOnly_gen3
O=c1[nH]c(=O)c2ncn([C@@H]3O[C@H](CO)[C@@H](O)[C@H]3O)c2[nH]1,CO[C@@]12O[C@@H]1[C@@H](C(O)O)O[C@H]2n1cnc2c(=O)[nH]c(=O)[nH]c21,XanthosineOnly_gen3
O=c1[nH]c(=O)c2ncn([C@@H]3O[C@H](CO)[C@@H](O)[C@H]3O)c2[nH]1,CO[C@@H]1[C@@H]2Oc3nc4c(=O)[nH]c(=O)[nH]c4n3[C@@H]1O[C@@H]2C(O)O,XanthosineOnly_gen3
O=c1[nH]c(=O)c2ncn([C@@H]3O[C@H](CO)[C@@H](O)[C@H]3O)c2[nH]1,COC(O)[C@]12O[C@@H](n3cnc4c(=O)[nH]c(=O)[nH]c43)[C@H](O)[C@@H]1O2,XanthosineOnly_gen3
O=c1[nH]c(=O)c2ncn([C@@H]3O[C@H](CO)[C@@H](O)[C@H]3O)c2[nH]1,COC1O[C@]2(n3cnc4c(=O)[nH]c(=O)[nH]c43)O[C@H]1[C@@H](O)[C@H]2O,XanthosineOnly_gen3
O=c1[nH]c(=O)c2ncn([C@@H]3O[C@H](CO)[C@@H](O)[C@H]3O)c2[nH]1,CO[C@]12OC(O)[C@@H](O[C@H]1n1cnc3c(=O)[nH]c(=O)[nH]c31)[C@H]2O,XanthosineOnly_gen3
O=c1[nH]c(=O)c2ncn([C@@H]3O[C@H](CO)[C@@H](O)[C@H]3O)c2[nH]1,CO[C@@H]1[C@H](O)[C@@H]2O[C@@]1(n1cnc3c(=O)[nH]c(=O)[nH]c31)OC2O,XanthosineOnly_gen3
O=c1[nH]c(=O)c2ncn([C@@H]3O[C@H](CO)[C@@H](O)[C@H]3O)c2[nH]1,COC1O[C@]2(O)[C@@H]1O[C@@H](n1cnc3c(=O)[nH]c(=O)[nH]c31)[C@@H]2O,XanthosineOnly_gen3
O=c1[nH]c(=O)c2ncn([C@@H]3O[C@H](CO)[C@@H](O)[C@H]3O)c2[nH]1,C[n+]1cn([C@@]23OC(O)[C@@H](O2)[C@@H](O)[C@H]3O)c2[nH]c(=O)[nH]c(=O)c21,XanthosineOnly_gen3
O=c1[nH]c(=O)c2ncn([C@@H]3O[C@H](CO)[C@@H](O)[C@H]3O)c2[nH]1,C[n+]1cn([C@@H]2O[C@@H]3C(O)O[C@]2(O)[C@@H]3O)c2[nH]c(=O)[nH]c(=O)c21,XanthosineOnly_gen3
O=c1[nH]c(=O)c2ncn([C@@H]3O[C@H](CO)[C@@H](O)[C@H]3O)c2[nH]1,C[n+]1cn([C@@]23O[C@H](C(O)O)[C@@H](O)[C@H]2O3)c2[nH]c(=O)[nH]c(=O)c21,XanthosineOnly_gen3
O=c1[nH]c(=O)c2ncn([C@@H]3O[C@H](CO)[C@@H](O)[C@H]3O)c2[nH]1,O=c1[nH]c(=O)c2c([nH]1)n1c[n+]2CO[C@@H]2[C@H](O)[C@@H](C(O)O)O[C@H]21,XanthosineOnly_gen3
O=c1[nH]c(=O)c2ncn([C@@H]3O[C@H](CO)[C@@H](O)[C@H]3O)c2[nH]1,C[n+]1c2n(c3[nH]c(=O)[nH]c(=O)c31)[C@@H]1O[C@H](C(O)O)[C@@H](O2)[C@H]1O,XanthosineOnly_gen3
O=c1[nH]c(=O)c2ncn([C@@H]3O[C@H](CO)[C@@H](O)[C@H]3O)c2[nH]1,C[n+]1cn([C@@H]2O[C@H](C(O)O)[C@@]3(O)O[C@@H]23)c2[nH]c(=O)[nH]c(=O)c21,XanthosineOnly_gen3
O=c1[nH]c(=O)c2ncn([C@@H]3O[C@H](CO)[C@@H](O)[C@H]3O)c2[nH]1,C[n+]1cn([C@@H]2O[C@@H]3C(O)O[C@@]3(O)[C@H]2O)c2[nH]c(=O)[nH]c(=O)c21,XanthosineOnly_gen3
O=c1[nH]c(=O)c2ncn([C@@H]3O[C@H](CO)[C@@H](O)[C@H]3O)c2[nH]1,C[n+]1cn([C@@H]2O[C@]3(C(O)O)O[C@@H]2[C@@H]3O)c2[nH]c(=O)[nH]c(=O)c21,XanthosineOnly_gen3
O=c1[nH]c(=O)c2ncn([C@@H]3O[C@H](CO)[C@@H](O)[C@H]3O)c2[nH]1,C[n+]1c2n(c3[nH]c(=O)[nH]c(=O)c31)[C@@H]1O[C@H](C(O)O2)[C@@H](O)[C@H]1O,XanthosineOnly_gen3
O=c1[nH]c(=O)c2ncn([C@@H]3O[C@H](CO)[C@@H](O)[C@H]3O)c2[nH]1,C[n+]1cn([C@@H]2O[C@H](C(O)O)[C@H]3O[C@]32O)c2[nH]c(=O)[nH]c(=O)c21,XanthosineOnly_gen3
O=c1[nH]c(=O)c2ncn([C@@H]3O[C@H](CO)[C@@H](O)[C@H]3O)c2[nH]1,O=c1[nH]c(=O)c2c([nH]1)n1c[n+]2COC(O)[C@H]2O[C@@H]1[C@H](O)[C@@H]2O,XanthosineOnly_gen3
O=c1[nH]c(=O)c2ncn([C@@H]3O[C@H](CO)[C@@H](O)[C@H]3O)c2[nH]1,C[n+]1cn([C@@H]2O[C@]3(OC3O)[C@@H](O)[C@H]2O)c2[nH]c(=O)[nH]c(=O)c21,XanthosineOnly_gen3
O=c1[nH]c(=O)c2ncn([C@@H]3O[C@H](CO)[C@@H](O)[C@H]3O)c2[nH]1,COC(O)[C@H]1O[C@@H](n2cnc3c(=O)[nH]c(=O)[nH]c32)[C@H](O)[C@@H]1O,XanthosineOnly_gen3
O=c1[nH]c(=O)c2ncn([C@@H]3O[C@H](CO)[C@@H](O)[C@H]3O)c2[nH]1,CO[C@@H]1[C@H](O)[C@@H](C(O)O)O[C@H]1n1cnc2c(=O)[nH]c(=O)[nH]c21,XanthosineOnly_gen3
O=c1[nH]c(=O)c2ncn([C@@H]3O[C@H](CO)[C@@H](O)[C@H]3O)c2[nH]1,C[n+]1cn([C@@H]2O[C@H](C(O)O)[C@@H](O)[C@H]2O)c2[nH]c(=O)[nH]c(=O)c21,XanthosineOnly_gen3
O=c1[nH]c(=O)c2ncn([C@@H]3O[C@H](CO)[C@@H](O)[C@H]3O)c2[nH]1,O=c1[nH]c(=O)c2ncn([C@@]3(O)O[C@H](C(O)O)[C@@H](O)[C@H]3O)c2[nH]1,XanthosineOnly_gen3
O=c1[nH]c(=O)c2ncn([C@@H]3O[C@H](CO)[C@@H](O)[C@H]3O)c2[nH]1,O=c1[nH]c(=O)c2ncn([C@@H]3O[C@H](C(O)O)C(O)(O)[C@H]3O)c2[nH]1,XanthosineOnly_gen3
O=c1[nH]c(=O)c2ncn([C@@H]3O[C@H](CO)[C@@H](O)[C@H]3O)c2[nH]1,O=c1[nH]c(=O)c2ncn([C@@H]3O[C@@](O)(C(O)O)[C@@H](O)[C@H]3O)c2[nH]1,XanthosineOnly_gen3
O=c1[nH]c(=O)c2ncn([C@@H]3O[C@H](CO)[C@@H](O)[C@H]3O)c2[nH]1,N#C[C@]1(n2cnc3c(=O)[nH]c(=O)[nH]c32)O[C@H](C(O)O)[C@@H](O)[C@H]1O,XanthosineOnly_gen3
O=c1[nH]c(=O)c2ncn([C@@H]3O[C@H](CO)[C@@H](O)[C@H]3O)c2[nH]1,N#Cc1nc2c(=O)[nH]c(=O)[nH]c2n1[C@@H]1O[C@H](C(O)O)[C@@H](O)[C@H]1O,XanthosineOnly_gen3
O=c1[nH]c(=O)c2ncn([C@@H]3O[C@H](CO)[C@@H](O)[C@H]3O)c2[nH]1,N#C[C@@]1(C(O)O)O[C@@H](n2cnc3c(=O)[nH]c(=O)[nH]c32)[C@H](O)[C@@H]1O,XanthosineOnly_gen3
O=c1[nH]c(=O)c2ncn([C@@H]3O[C@H](CO)[C@@H](O)[C@H]3O)c2[nH]1,N#C[C@]1(O)[C@H](O)[C@@H](C(O)O)O[C@H]1n1cnc2c(=O)[nH]c(=O)[nH]c21,XanthosineOnly_gen3
O=c1[nH]c(=O)c2ncn([C@@H]3O[C@H](CO)[C@@H](O)[C@H]3O)c2[nH]1,O=COC(=O)[C@H]1O[C@@H](n2cnc3c(=O)[nH]c(=O)[nH]c32)[C@H](O)[C@@H]1O,XanthosineOnly_gen3
O=c1[nH]c(=O)c2ncn([C@@H]3O[C@H](CO)[C@@H](O)[C@H]3O)c2[nH]1,C[C@@]12O[C@@]1(O)[C@H](n1cnc3c(=O)[nH]c(=O)[nH]c31)O[C@@H]2COCO,XanthosineOnly_gen3
O=c1[nH]c(=O)c2ncn([C@@H]3O[C@H](CO)[C@@H](O)[C@H]3O)c2[nH]1,C[C@@]12O[C@@](COCO)(O[C@H]1n1cnc3c(=O)[nH]c(=O)[nH]c31)[C@H]2O,XanthosineOnly_gen3
O=c1[nH]c(=O)c2ncn([C@@H]3O[C@H](CO)[C@@H](O)[C@H]3O)c2[nH]1,Cc1nc2c(=O)[nH]c(=O)[nH]c2n1[C@@H]1O[C@]2(CO)O[C@@H]1[C@@H]2OCO,XanthosineOnly_gen3
O=c1[nH]c(=O)c2ncn([C@@H]3O[C@H](CO)[C@@H](O)[C@H]3O)c2[nH]1,Cc1nc2c(=O)[nH]c(=O)[nH]c2n1[C@@H]1O[C@]2(COCO)O[C@@H]1[C@@H]2O,XanthosineOnly_gen3
O=c1[nH]c(=O)c2ncn([C@@H]3O[C@H](CO)[C@@H](O)[C@H]3O)c2[nH]1,Cc1nc2c(=O)[nH]c(=O)[nH]c2n1[C@]12O[C@@H]([C@H]1OCO)[C@@H](CO)O2,XanthosineOnly_gen3
O=c1[nH]c(=O)c2ncn([C@@H]3O[C@H](CO)[C@@H](O)[C@H]3O)c2[nH]1,C[C@]12OC(OCO)[C@H]1O[C@@H](n1cnc3c(=O)[nH]c(=O)[nH]c31)[C@@H]2O,XanthosineOnly_gen3
O=c1[nH]c(=O)c2ncn([C@@H]3O[C@H](CO)[C@@H](O)[C@H]3O)c2[nH]1,CC(O)[C@H]1O[C@@H](n2cnc3c(=O)[nH]c(=O)[nH]c32)[C@@H]2O[C@]12OCO,XanthosineOnly_gen3
O=c1[nH]c(=O)c2ncn([C@@H]3O[C@H](CO)[C@@H](O)[C@H]3O)c2[nH]1,CC(O)[C@H]1O[C@@H](n2cnc3c(=O)[nH]c(=O)[nH]c32)[C@]2(OCO)O[C@H]12,XanthosineOnly_gen3
O=c1[nH]c(=O)c2ncn([C@@H]3O[C@H](CO)[C@@H](O)[C@H]3O)c2[nH]1,CO[C@@H]1[C@H](OC=O)[C@@H](CO)O[C@H]1n1cnc2c(=O)[nH]c(=O)[nH]c21,XanthosineOnly_gen3
O=c1[nH]c(=O)c2ncn([C@@H]3O[C@H](CO)[C@@H](O)[C@H]3O)c2[nH]1,C[C@@]12Oc3nc4c(=O)[nH]c(=O)[nH]c4n3[C@@H]1O[C@H](COCO)[C@H]2O,XanthosineOnly_gen3
O=c1[nH]c(=O)c2ncn([C@@H]3O[C@H](CO)[C@@H](O)[C@H]3O)c2[nH]1,C[C@]1(n2cnc3c(=O)[nH]c(=O)[nH]c32)O[C@]2(CO)O[C@H]2[C@H]1OCO,XanthosineOnly_gen3
O=c1[nH]c(=O)c2ncn([C@@H]3O[C@H](CO)[C@@H](O)[C@H]3O)c2[nH]1,C[C@]1(n2cnc3c(=O)[nH]c(=O)[nH]c32)O[C@@]2(CO2)[C@@H](O)[C@H]1OCO,XanthosineOnly_gen3
O=c1[nH]c(=O)c2ncn([C@@H]3O[C@H](CO)[C@@H](O)[C@H]3O)c2[nH]1,CC(O)[C@H]1O[C@@H]2[C@H](Oc3nc4c(=O)[nH]c(=O)[nH]c4n32)[C@@H]1OCO,XanthosineOnly_gen3
O=c1[nH]c(=O)c2ncn([C@@H]3O[C@H](CO)[C@@H](O)[C@H]3O)c2[nH]1,O=c1[nH]c(=O)c2ncn([C@]34CO[C@@H]([C@H]3O)[C@@H](COCO)O4)c2[nH]1,XanthosineOnly_gen3
O=c1[nH]c(=O)c2ncn([C@@H]3O[C@H](CO)[C@@H](O)[C@H]3O)c2[nH]1,Cc1nc2c(=O)[nH]c(=O)[nH]c2n1[C@@H]1O[C@@]2(CO2)[C@@H](OCO)[C@H]1O,XanthosineOnly_gen3
O=c1[nH]c(=O)c2ncn([C@@H]3O[C@H](CO)[C@@H](O)[C@H]3O)c2[nH]1,C[C@]1(n2cnc3c(=O)[nH]c(=O)[nH]c32)O[C@@H]2CO[C@@]2(OCO)[C@H]1O,XanthosineOnly_gen3
O=c1[nH]c(=O)c2ncn([C@@H]3O[C@H](CO)[C@@H](O)[C@H]3O)c2[nH]1,C[C@@]12COc3nc4c(=O)[nH]c(=O)[nH]c4n3[C@H](O1)[C@H](O)[C@@H]2OCO,XanthosineOnly_gen3
O=c1[nH]c(=O)c2ncn([C@@H]3O[C@H](CO)[C@@H](O)[C@H]3O)c2[nH]1,C[C@@]12CO[C@](n3cnc4c(=O)[nH]c(=O)[nH]c43)(O1)[C@H](OCO)[C@@H]2O,XanthosineOnly_gen3
O=c1[nH]c(=O)c2ncn([C@@H]3O[C@H](CO)[C@@H](O)[C@H]3O)c2[nH]1,C[C@]1(n2cnc3c(=O)[nH]c(=O)[nH]c32)O[C@]2(COCO)O[C@H]2[C@H]1O,XanthosineOnly_gen3
O=c1[nH]c(=O)c2ncn([C@@H]3O[C@H](CO)[C@@H](O)[C@H]3O)c2[nH]1,CC1O[C@]2(n3cnc4c(=O)[nH]c(=O)[nH]c43)O[C@H]1[C@@H](O)[C@H]2OCO,XanthosineOnly_gen3
O=c1[nH]c(=O)c2ncn([C@@H]3O[C@H](CO)[C@@H](O)[C@H]3O)c2[nH]1,C[C@]1(O)[C@@H]2OC(OCO)[C@H]2O[C@H]1n1cnc2c(=O)[nH]c(=O)[nH]c21,XanthosineOnly_gen3
O=c1[nH]c(=O)c2ncn([C@@H]3O[C@H](CO)[C@@H](O)[C@H]3O)c2[nH]1,Cc1nc2c(=O)[nH]c(=O)[nH]c2n1[C@@H]1O[C@@H]2C(O)O[C@H]2[C@H]1OCO,XanthosineOnly_gen3
O=c1[nH]c(=O)c2ncn([C@@H]3O[C@H](CO)[C@@H](O)[C@H]3O)c2[nH]1,C[C@]1(n2cnc3c(=O)[nH]c(=O)[nH]c32)O[C@H](CO)[C@@]2(OCO)O[C@H]21,XanthosineOnly_gen3
O=c1[nH]c(=O)c2ncn([C@@H]3O[C@H](CO)[C@@H](O)[C@H]3O)c2[nH]1,C[C@@]1(COCO)O[C@@H](n2cnc3c(=O)[nH]c(=O)[nH]c32)[C@]2(O)O[C@@H]21,XanthosineOnly_gen3
O=c1[nH]c(=O)c2ncn([C@@H]3O[C@H](CO)[C@@H](O)[C@H]3O)c2[nH]1,CC1(O)O[C@@H]2[C@H](OCO)[C@@H]1O[C@H]2n1cnc2c(=O)[nH]c(=O)[nH]c21,XanthosineOnly_gen3
O=c1[nH]c(=O)c2ncn([C@@H]3O[C@H](CO)[C@@H](O)[C@H]3O)c2[nH]1,CC1O[C@]2(OCO)[C@@H]1O[C@@H](n1cnc3c(=O)[nH]c(=O)[nH]c31)[C@@H]2O,XanthosineOnly_gen3
O=c1[nH]c(=O)c2ncn([C@@H]3O[C@H](CO)[C@@H](O)[C@H]3O)c2[nH]1,C[C@]1(O)[C@@H]2O[C@]1(n1cnc3c(=O)[nH]c(=O)[nH]c31)O[C@@H]2COCO,XanthosineOnly_gen3
O=c1[nH]c(=O)c2ncn([C@@H]3O[C@H](CO)[C@@H](O)[C@H]3O)c2[nH]1,CC1O[C@]2(O)[C@@H]1O[C@@H](n1cnc3c(=O)[nH]c(=O)[nH]c31)[C@@H]2OCO,XanthosineOnly_gen3
O=c1[nH]c(=O)c2ncn([C@@H]3O[C@H](CO)[C@@H](O)[C@H]3O)c2[nH]1,Cc1nc2c(=O)[nH]c(=O)[nH]c2n1[C@@H]1O[C@H](COCO)[C@@]2(O)O[C@@H]12,XanthosineOnly_gen3
O=c1[nH]c(=O)c2ncn([C@@H]3O[C@H](CO)[C@@H](O)[C@H]3O)c2[nH]1,C[C@]1(OCO)[C@@H]2O[C@@]2(CO)O[C@H]1n1cnc2c(=O)[nH]c(=O)[nH]c21,XanthosineOnly_gen3
O=c1[nH]c(=O)c2ncn([C@@H]3O[C@H](CO)[C@@H](O)[C@H]3O)c2[nH]1,C[C@@]1(CO)O[C@@H]2[C@H](OCO)[C@@H]1Oc1nc3c(=O)[nH]c(=O)[nH]c3n12,XanthosineOnly_gen3
O=c1[nH]c(=O)c2ncn([C@@H]3O[C@H](CO)[C@@H](O)[C@H]3O)c2[nH]1,C[C@@]12CO[C@@](O)([C@H](n3cnc4c(=O)[nH]c(=O)[nH]c43)O1)[C@@H]2OCO,XanthosineOnly_gen3
O=c1[nH]c(=O)c2ncn([C@@H]3O[C@H](CO)[C@@H](O)[C@H]3O)c2[nH]1,C[C@@]1(COCO)O[C@@H](n2cnc3c(=O)[nH]c(=O)[nH]c32)[C@@H]2O[C@@]21O,XanthosineOnly_gen3
O=c1[nH]c(=O)c2ncn([C@@H]3O[C@H](CO)[C@@H](O)[C@H]3O)c2[nH]1,C[C@]1(O)[C@H](OCO)[C@H]2COc3nc4c(=O)[nH]c(=O)[nH]c4n3[C@@H]1O2,XanthosineOnly_gen3
O=c1[nH]c(=O)c2ncn([C@@H]3O[C@H](CO)[C@@H](O)[C@H]3O)c2[nH]1,C[C@]1(OCO)[C@@H]2O[C@@H](n3cnc4c(=O)[nH]c(=O)[nH]c43)[C@@H]1OC2O,XanthosineOnly_gen3
O=c1[nH]c(=O)c2ncn([C@@H]3O[C@H](CO)[C@@H](O)[C@H]3O)c2[nH]1,C[C@]1(n2cnc3c(=O)[nH]c(=O)[nH]c32)O[C@H](CO)[C@H]2O[C@]21OCO,XanthosineOnly_gen3
O=c1[nH]c(=O)c2ncn([C@@H]3O[C@H](CO)[C@@H](O)[C@H]3O)c2[nH]1,C[C@@]1(O)[C@@H](OCO)[C@]2(n3cnc4c(=O)[nH]c(=O)[nH]c43)OC[C@H]1O2,XanthosineOnly_gen3
O=c1[nH]c(=O)c2ncn([C@@H]3O[C@H](CO)[C@@H](O)[C@H]3O)c2[nH]1,Cc1nc2c(=O)[nH]c(=O)[nH]c2n1[C@@H]1O[C@@H]2CO[C@@]2(O)[C@H]1OCO,XanthosineOnly_gen3
O=c1[nH]c(=O)c2ncn([C@@H]3O[C@H](CO)[C@@H](O)[C@H]3O)c2[nH]1,C[C@@]1(CO)O[C@@H](n2cnc3c(=O)[nH]c(=O)[nH]c32)[C@]2(OCO)O[C@@H]21,XanthosineOnly_gen3
O=c1[nH]c(=O)c2ncn([C@@H]3O[C@H](CO)[C@@H](O)[C@H]3O)c2[nH]1,CC(O)[C@]12O[C@@H]([C@H](n3cnc4c(=O)[nH]c(=O)[nH]c43)O1)[C@@H]2OCO,XanthosineOnly_gen3
O=c1[nH]c(=O)c2ncn([C@@H]3O[C@H](CO)[C@@H](O)[C@H]3O)c2[nH]1,C[C@@]12O[C@]1(n1cnc3c(=O)[nH]c(=O)[nH]c31)O[C@H](CO)[C@H]2OCO,XanthosineOnly_gen3
O=c1[nH]c(=O)c2ncn([C@@H]3O[C@H](CO)[C@@H](O)[C@H]3O)c2[nH]1,C[C@@]1(COCO)O[C@@H]2[C@H](O)[C@@H]1Oc1nc3c(=O)[nH]c(=O)[nH]c3n12,XanthosineOnly_gen3
O=c1[nH]c(=O)c2ncn([C@@H]3O[C@H](CO)[C@@H](O)[C@H]3O)c2[nH]1,O=c1[nH]c(=O)c2ncn([C@@H]3O[C@@H]4C(O)CO[C@H]4[C@H]3OCO)c2[nH]1,XanthosineOnly_gen3
O=c1[nH]c(=O)c2ncn([C@@H]3O[C@H](CO)[C@@H](O)[C@H]3O)c2[nH]1,O=CCOC[C@H]1O[C@@H](n2cnc3c(=O)[nH]c(=O)[nH]c32)[C@H](O)[C@@H]1O,XanthosineOnly_gen3
O=c1[nH]c(=O)c2ncn([C@@H]3O[C@H](CO)[C@@H](O)[C@H]3O)c2[nH]1,C[C@@]1(CO)O[C@@]2(n3cnc4c(=O)[nH]c(=O)[nH]c43)O[C@H]1[C@H]2OCO,XanthosineOnly_gen3
O=c1[nH]c(=O)c2ncn([C@@H]3O[C@H](CO)[C@@H](O)[C@H]3O)c2[nH]1,CC(OCO)[C@H]1O[C@@H](n2cnc3c(=O)[nH]c(=O)[nH]c32)[C@@H]2O[C@]12O,XanthosineOnly_gen3
O=c1[nH]c(=O)c2ncn([C@@H]3O[C@H](CO)[C@@H](O)[C@H]3O)c2[nH]1,Cc1nc2c(=O)[nH]c(=O)[nH]c2n1[C@@]12OC[C@@H](O1)[C@@H](OCO)[C@H]2O,XanthosineOnly_gen3
O=c1[nH]c(=O)c2ncn([C@@H]3O[C@H](CO)[C@@H](O)[C@H]3O)c2[nH]1,C[C@@]1(COCO)O[C@@]2(n3cnc4c(=O)[nH]c(=O)[nH]c43)O[C@H]1[C@H]2O,XanthosineOnly_gen3
O=c1[nH]c(=O)c2ncn([C@@H]3O[C@H](CO)[C@@H](O)[C@H]3O)c2[nH]1,Cc1nc2c(=O)[nH]c(=O)[nH]c2n1[C@@H]1O[C@@H]2C(OCO)O[C@@H]1[C@@H]2O,XanthosineOnly_gen3
O=c1[nH]c(=O)c2ncn([C@@H]3O[C@H](CO)[C@@H](O)[C@H]3O)c2[nH]1,C[C@]1(n2cnc3c(=O)[nH]c(=O)[nH]c32)O[C@@H]2CO[C@]1(OCO)[C@@H]2O,XanthosineOnly_gen3
O=c1[nH]c(=O)c2ncn([C@@H]3O[C@H](CO)[C@@H](O)[C@H]3O)c2[nH]1,O=c1[nH]c(=O)c2ncn([C@@H]3OC4(COC4)[C@@H](O)[C@H]3OCO)c2[nH]1,XanthosineOnly_gen3
O=c1[nH]c(=O)c2ncn([C@@H]3O[C@H](CO)[C@@H](O)[C@H]3O)c2[nH]1,C[C@@]12O[C@H](CO)[C@@H](Oc3nc4c(=O)[nH]c(=O)[nH]c4n31)[C@H]2OCO,XanthosineOnly_gen3
O=c1[nH]c(=O)c2ncn([C@@H]3O[C@H](CO)[C@@H](O)[C@H]3O)c2[nH]1,C[C@]1(OCO)[C@@H](CO)O[C@@H]2[C@@H]1Oc1nc3c(=O)[nH]c(=O)[nH]c3n12,XanthosineOnly_gen3
O=c1[nH]c(=O)c2ncn([C@@H]3O[C@H](CO)[C@@H](O)[C@H]3O)c2[nH]1,CC1(OCO)O[C@H]2[C@@H](O)[C@H](n3cnc4c(=O)[nH]c(=O)[nH]c43)O[C@@H]21,XanthosineOnly_gen3
O=c1[nH]c(=O)c2ncn([C@@H]3O[C@H](CO)[C@@H](O)[C@H]3O)c2[nH]1,C[C@]12O[C@]1(OCO)[C@@H](CO)O[C@H]2n1cnc2c(=O)[nH]c(=O)[nH]c21,XanthosineOnly_gen3
O=c1[nH]c(=O)c2ncn([C@@H]3O[C@H](CO)[C@@H](O)[C@H]3O)c2[nH]1,C[C@@]12O[C@H](COCO)[C@@H](Oc3nc4c(=O)[nH]c(=O)[nH]c4n31)[C@H]2O,XanthosineOnly_gen3
O=c1[nH]c(=O)c2ncn([C@@H]3O[C@H](CO)[C@@H](O)[C@H]3O)c2[nH]1,C[C@@]12OC(O)[C@@H](O[C@H]1n1cnc3c(=O)[nH]c(=O)[nH]c31)[C@H]2OCO,XanthosineOnly_gen3
O=c1[nH]c(=O)c2ncn([C@@H]3O[C@H](CO)[C@@H](O)[C@H]3O)c2[nH]1,CC1Oc2nc3c(=O)[nH]c(=O)[nH]c3n2[C@@H]2O[C@H]1[C@@H](OCO)[C@H]2O,XanthosineOnly_gen3
O=c1[nH]c(=O)c2ncn([C@@H]3O[C@H](CO)[C@@H](O)[C@H]3O)c2[nH]1,CC(O)[C@H]1O[C@@]2(n3cnc4c(=O)[nH]c(=O)[nH]c43)O[C@@H]2[C@@H]1OCO,XanthosineOnly_gen3
O=c1[nH]c(=O)c2ncn([C@@H]3O[C@H](CO)[C@@H](O)[C@H]3O)c2[nH]1,C[C@]12CO[C@@]1(OCO)[C@@H](O)[C@H](n1cnc3c(=O)[nH]c(=O)[nH]c31)O2,XanthosineOnly_gen3
O=c1[nH]c(=O)c2ncn([C@@H]3O[C@H](CO)[C@@H](O)[C@H]3O)c2[nH]1,C[C@]12O[C@](n3cnc4c(=O)[nH]c(=O)[nH]c43)(O[C@@H]1CO)[C@@H]2OCO,XanthosineOnly_gen3
O=c1[nH]c(=O)c2ncn([C@@H]3O[C@H](CO)[C@@H](O)[C@H]3O)c2[nH]1,C[C@@]1(O)[C@H]2O[C@]2(n2cnc3c(=O)[nH]c(=O)[nH]c32)O[C@@H]1COCO,XanthosineOnly_gen3
O=c1[nH]c(=O)c2ncn([C@@H]3O[C@H](CO)[C@@H](O)[C@H]3O)c2[nH]1,C[C@]12CO[C@@]1(O)[C@@H](OCO)[C@H](n1cnc3c(=O)[nH]c(=O)[nH]c31)O2,XanthosineOnly_gen3
O=c1[nH]c(=O)c2ncn([C@@H]3O[C@H](CO)[C@@H](O)[C@H]3O)c2[nH]1,O=c1[nH]c(=O)c2ncn([C@@H]3O[C@H](CO)[C@@]4(OCO)CO[C@@H]34)c2[nH]1,XanthosineOnly_gen3
O=c1[nH]c(=O)c2ncn([C@@H]3O[C@H](CO)[C@@H](O)[C@H]3O)c2[nH]1,C[C@]12Oc3nc4c(=O)[nH]c(=O)[nH]c4n3[C@H](O[C@@H]1CO)[C@@H]2OCO,XanthosineOnly_gen3
O=c1[nH]c(=O)c2ncn([C@@H]3O[C@H](CO)[C@@H](O)[C@H]3O)c2[nH]1,CC(OCO)[C@H]1O[C@@]2(n3cnc4c(=O)[nH]c(=O)[nH]c43)O[C@@H]2[C@@H]1O,XanthosineOnly_gen3
O=c1[nH]c(=O)c2ncn([C@@H]3O[C@H](CO)[C@@H](O)[C@H]3O)c2[nH]1,C[C@]12Oc3nc4c(=O)[nH]c(=O)[nH]c4n3[C@H](O[C@@H]1COCO)[C@@H]2O,XanthosineOnly_gen3
O=c1[nH]c(=O)c2ncn([C@@H]3O[C@H](CO)[C@@H](O)[C@H]3O)c2[nH]1,C[C@@]12O[C@H](COc3nc4c(=O)[nH]c(=O)[nH]c4n31)[C@@H](OCO)[C@H]2O,XanthosineOnly_gen3
O=c1[nH]c(=O)c2ncn([C@@H]3O[C@H](CO)[C@@H](O)[C@H]3O)c2[nH]1,O=c1[nH]c(=O)c2ncn([C@@H]3O[C@]4(COCO)CO[C@@H]3[C@@H]4O)c2[nH]1,XanthosineOnly_gen3
O=c1[nH]c(=O)c2ncn([C@@H]3O[C@H](CO)[C@@H](O)[C@H]3O)c2[nH]1,C[C@]1(O)[C@H](OCO)[C@H]2CO[C@]1(n1cnc3c(=O)[nH]c(=O)[nH]c31)O2,XanthosineOnly_gen3
O=c1[nH]c(=O)c2ncn([C@@H]3O[C@H](CO)[C@@H](O)[C@H]3O)c2[nH]1,CC(OCO)[C@]12O[C@@H](n3cnc4c(=O)[nH]c(=O)[nH]c43)[C@H](O)[C@@H]1O2,XanthosineOnly_gen3
O=c1[nH]c(=O)c2ncn([C@@H]3O[C@H](CO)[C@@H](O)[C@H]3O)c2[nH]1,O=c1[nH]c(=O)c2nc3n(c2[nH]1)[C@@H]1O[C@H](COC3)[C@@H](O)[C@H]1OCO,XanthosineOnly_gen3
O=c1[nH]c(=O)c2ncn([C@@H]3O[C@H](CO)[C@@H](O)[C@H]3O)c2[nH]1,C[C@]1(n2cnc3c(=O)[nH]c(=O)[nH]c32)O[C@@H]2C(O)O[C@@H]1[C@@H]2OCO,XanthosineOnly_gen3
O=c1[nH]c(=O)c2ncn([C@@H]3O[C@H](CO)[C@@H](O)[C@H]3O)c2[nH]1,Cc1nc2c(=O)[nH]c(=O)[nH]c2n1[C@@H]1O[C@H](CO)[C@H]2O[C@]21OCO,XanthosineOnly_gen3
O=c1[nH]c(=O)c2ncn([C@@H]3O[C@H](CO)[C@@H](O)[C@H]3O)c2[nH]1,C[C@]1(OCO)[C@H]2COc3nc4c(=O)[nH]c(=O)[nH]c4n3[C@H](O2)[C@@H]1O,XanthosineOnly_gen3
O=c1[nH]c(=O)c2ncn([C@@H]3O[C@H](CO)[C@@H](O)[C@H]3O)c2[nH]1,C[C@]1(OCO)[C@H]2CO[C@@]1(O)[C@H](n1cnc3c(=O)[nH]c(=O)[nH]c31)O2,XanthosineOnly_gen3
O=c1[nH]c(=O)c2ncn([C@@H]3O[C@H](CO)[C@@H](O)[C@H]3O)c2[nH]1,C[C@]1(O)[C@@H]2Oc3nc4c(=O)[nH]c(=O)[nH]c4n3[C@@H]1O[C@@H]2COCO,XanthosineOnly_gen3
O=c1[nH]c(=O)c2ncn([C@@H]3O[C@H](CO)[C@@H](O)[C@H]3O)c2[nH]1,O=c1[nH]c(=O)c2nc3n(c2[nH]1)[C@@H]1O[C@H](CO)[C@@H](OCO)[C@H]1OC3,XanthosineOnly_gen3
O=c1[nH]c(=O)c2ncn([C@@H]3O[C@H](CO)[C@@H](O)[C@H]3O)c2[nH]1,CC1O[C@]2(OCO)[C@H](O)[C@@H]1O[C@H]2n1cnc2c(=O)[nH]c(=O)[nH]c21,XanthosineOnly_gen3
O=c1[nH]c(=O)c2ncn([C@@H]3O[C@H](CO)[C@@H](O)[C@H]3O)c2[nH]1,CC1O[C@]12O[C@@H](n1cnc3c(=O)[nH]c(=O)[nH]c31)[C@H](OCO)[C@@H]2O,XanthosineOnly_gen3
O=c1[nH]c(=O)c2ncn([C@@H]3O[C@H](CO)[C@@H](O)[C@H]3O)c2[nH]1,O=c1[nH]c(=O)c2ncn([C@@H]3O[C@@H]4COC[C@@]4(O)[C@H]3OCO)c2[nH]1,XanthosineOnly_gen3
O=c1[nH]c(=O)c2ncn([C@@H]3O[C@H](CO)[C@@H](O)[C@H]3O)c2[nH]1,CC(OCO)[C@H]1O[C@@H]2[C@H](Oc3nc4c(=O)[nH]c(=O)[nH]c4n32)[C@@H]1O,XanthosineOnly_gen3
O=c1[nH]c(=O)c2ncn([C@@H]3O[C@H](CO)[C@@H](O)[C@H]3O)c2[nH]1,C[C@]1(OCO)[C@H](O)[C@]2(CO2)O[C@H]1n1cnc2c(=O)[nH]c(=O)[nH]c21,XanthosineOnly_gen3
O=c1[nH]c(=O)c2ncn([C@@H]3O[C@H](CO)[C@@H](O)[C@H]3O)c2[nH]1,O=c1[nH]c(=O)c2ncn([C@]34CO[C@@H]3[C@H](OCO)[C@@H](CO)O4)c2[nH]1,XanthosineOnly_gen3
O=c1[nH]c(=O)c2ncn([C@@H]3O[C@H](CO)[C@@H](O)[C@H]3O)c2[nH]1,Cc1nc2c(=O)[nH]c(=O)[nH]c2n1[C@]12O[C@@H]([C@H]1O)[C@@H](COCO)O2,XanthosineOnly_gen3
O=c1[nH]c(=O)c2ncn([C@@H]3O[C@H](CO)[C@@H](O)[C@H]3O)c2[nH]1,C[C@]12O[C@@H](n3cnc4c(=O)[nH]c(=O)[nH]c43)[C@H](OC1OCO)[C@@H]2O,XanthosineOnly_gen3
O=c1[nH]c(=O)c2ncn([C@@H]3O[C@H](CO)[C@@H](O)[C@H]3O)c2[nH]1,Cc1nc2c(=O)[nH]c(=O)[nH]c2n1[C@@H]1O[C@@H]2CO[C@]1(OCO)[C@@H]2O,XanthosineOnly_gen3
O=c1[nH]c(=O)c2ncn([C@@H]3O[C@H](CO)[C@@H](O)[C@H]3O)c2[nH]1,C[C@@]1(CO)O[C@@H](n2cnc3c(=O)[nH]c(=O)[nH]c32)[C@@H]2O[C@@]21OCO,XanthosineOnly_gen3
O=c1[nH]c(=O)c2ncn([C@@H]3O[C@H](CO)[C@@H](O)[C@H]3O)c2[nH]1,C[C@@]12O[C@@H](n3cnc4c(=O)[nH]c(=O)[nH]c43)[C@H](OCO)[C@@H]1OC2O,XanthosineOnly_gen3
O=c1[nH]c(=O)c2ncn([C@@H]3O[C@H](CO)[C@@H](O)[C@H]3O)c2[nH]1,C[C@]12O[C@@]1(CO)O[C@@H](n1cnc3c(=O)[nH]c(=O)[nH]c31)[C@@H]2OCO,XanthosineOnly_gen3
O=c1[nH]c(=O)c2ncn([C@@H]3O[C@H](CO)[C@@H](O)[C@H]3O)c2[nH]1,O=c1[nH]c(=O)c2ncn([C@@]34COC[C@@H](O3)[C@@H](O)[C@H]4OCO)c2[nH]1,XanthosineOnly_gen3
O=c1[nH]c(=O)c2ncn([C@@H]3O[C@H](CO)[C@@H](O)[C@H]3O)c2[nH]1,O=c1[nH]c(=O)c2nc3n(c2[nH]1)[C@@H]1O[C@H](COCO)[C@@H](OC3)[C@H]1O,XanthosineOnly_gen3
O=c1[nH]c(=O)c2ncn([C@@H]3O[C@H](CO)[C@@H](O)[C@H]3O)c2[nH]1,O=c1[nH]c(=O)c2ncn([C@@H]3O[C@@H]4C(OCO)CO[C@H]4[C@H]3O)c2[nH]1,XanthosineOnly_gen3
O=c1[nH]c(=O)c2ncn([C@@H]3O[C@H](CO)[C@@H](O)[C@H]3O)c2[nH]1,O=c1[nH]c(=O)c2ncn([C@@H]3O[C@@H]4COC[C@]3(OCO)[C@@H]4O)c2[nH]1,XanthosineOnly_gen3
O=c1[nH]c(=O)c2ncn([C@@H]3O[C@H](CO)[C@@H](O)[C@H]3O)c2[nH]1,O=c1[nH]c(=O)c2ncn([C@@H]3O[C@H](CO)[C@@H](OCO)[C@@]34CO4)c2[nH]1,XanthosineOnly_gen3
O=c1[nH]c(=O)c2ncn([C@@H]3O[C@H](CO)[C@@H](O)[C@H]3O)c2[nH]1,O=c1[nH]c(=O)c2ncn([C@@H]3O[C@]4(CO)CO[C@H]4[C@H]3OCO)c2[nH]1,XanthosineOnly_gen3
O=c1[nH]c(=O)c2ncn([C@@H]3O[C@H](CO)[C@@H](O)[C@H]3O)c2[nH]1,O=c1[nH]c(=O)c2ncn([C@@H]3O[C@H](COCO)[C@H]4OC[C@]43O)c2[nH]1,XanthosineOnly_gen3
O=c1[nH]c(=O)c2ncn([C@@H]3O[C@H](CO)[C@@H](O)[C@H]3O)c2[nH]1,NC(=O)C(O)[C@H]1O[C@@H](n2cnc3c(=O)[nH]c(=O)[nH]c32)[C@H](O)[C@@H]1O,XanthosineOnly_gen3
O=c1[nH]c(=O)c2ncn([C@@H]3O[C@H](CO)[C@@H](O)[C@H]3O)c2[nH]1,O=c1[nH]c(=O)c2ncn([C@@H]3O[C@H](C(O)C=NO)[C@@H](O)[C@H]3O)c2[nH]1,XanthosineOnly_gen3
O=c1[nH]c(=O)c2ncn([C@@H]3O[C@H](CO)[C@@H](O)[C@H]3O)c2[nH]1,CC(=O)O[C@H]1[C@@H](O)[C@H](n2c[nH+]c3c(=O)[nH]c(=O)[nH]c32)O[C@@H]1CO,XanthosineOnly_gen3
O=c1[nH]c(=O)c2ncn([C@@H]3O[C@H](CO)[C@@H](O)[C@H]3O)c2[nH]1,Cn1c(=O)[nH]c(=O)c2c1n([C@@H]1O[C@H](C(=O)O)[C@@H](O)[C@H]1O)c[n+]2C,XanthosineOnly_gen3
O=c1[nH]c(=O)c2ncn([C@@H]3O[C@H](CO)[C@@H](O)[C@H]3O)c2[nH]1,Cn1c(=O)[nH]c2c(c1=O)[n+](C)cn2[C@@H]1O[C@H](C(=O)O)[C@@H](O)[C@H]1O,XanthosineOnly_gen3
O=c1[nH]c(=O)c2ncn([C@@H]3O[C@H](CO)[C@@H](O)[C@H]3O)c2[nH]1,CO[C@@H]1[C@H](O)[C@@H](C(=O)O)O[C@H]1n1c[n+](C)c2c(=O)[nH]c(=O)[nH]c21,XanthosineOnly_gen3
O=c1[nH]c(=O)c2ncn([C@@H]3O[C@H](CO)[C@@H](O)[C@H]3O)c2[nH]1,CC(O)[C@H]1O[C@@H](n2cnc3c(=O)[nH]c(=O)[nH]c32)[C@H](O)[C@@H]1OCN,XanthosineOnly_gen3
O=c1[nH]c(=O)c2ncn([C@@H]3O[C@H](CO)[C@@H](O)[C@H]3O)c2[nH]1,Cc1nc2c(=O)[nH]c(=O)[nH]c2n1[C@@H]1O[C@H](CO)[C@@H](O)[C@H]1OCN,XanthosineOnly_gen3
O=c1[nH]c(=O)c2ncn([C@@H]3O[C@H](CO)[C@@H](O)[C@H]3O)c2[nH]1,C[C@]1(O)[C@@H](COCN)O[C@@H](n2cnc3c(=O)[nH]c(=O)[nH]c32)[C@@H]1O,XanthosineOnly_gen3
O=c1[nH]c(=O)c2ncn([C@@H]3O[C@H](CO)[C@@H](O)[C@H]3O)c2[nH]1,C[C@]1(O)[C@@H](CO)O[C@@H](n2cnc3c(=O)[nH]c(=O)[nH]c32)[C@@H]1OCN,XanthosineOnly_gen3
O=c1[nH]c(=O)c2ncn([C@@H]3O[C@H](CO)[C@@H](O)[C@H]3O)c2[nH]1,C[C@@]1(COCN)O[C@@H](n2cnc3c(=O)[nH]c(=O)[nH]c32)[C@H](O)[C@@H]1O,XanthosineOnly_gen3
O=c1[nH]c(=O)c2ncn([C@@H]3O[C@H](CO)[C@@H](O)[C@H]3O)c2[nH]1,C[C@]1(O)[C@H](O)[C@@H](COCN)O[C@H]1n1cnc2c(=O)[nH]c(=O)[nH]c21,XanthosineOnly_gen3
O=c1[nH]c(=O)c2ncn([C@@H]3O[C@H](CO)[C@@H](O)[C@H]3O)c2[nH]1,C[C@@]1(CO)O[C@@H](n2cnc3c(=O)[nH]c(=O)[nH]c32)[C@H](OCN)[C@@H]1O,XanthosineOnly_gen3
O=c1[nH]c(=O)c2ncn([C@@H]3O[C@H](CO)[C@@H](O)[C@H]3O)c2[nH]1,Cc1nc2c(=O)[nH]c(=O)[nH]c2n1[C@@H]1O[C@H](COCN)[C@@H](O)[C@H]1O,XanthosineOnly_gen3
O=c1[nH]c(=O)c2ncn([C@@H]3O[C@H](CO)[C@@H](O)[C@H]3O)c2[nH]1,Cn1c(=O)c2c(n([C@@H]3O[C@H](CO)[C@@H](O)[C@H]3O)c[n+]2C)n(C)c1=O,XanthosineOnly_gen3
O=c1[nH]c(=O)c2ncn([C@@H]3O[C@H](CO)[C@@H](O)[C@H]3O)c2[nH]1,COC[C@H]1O[C@@H](n2c[n+](C)c3c(=O)n(C)c(=O)[nH]c32)[C@H](O)[C@@H]1O,XanthosineOnly_gen3
O=c1[nH]c(=O)c2ncn([C@@H]3O[C@H](CO)[C@@H](O)[C@H]3O)c2[nH]1,CO[C@@H]1[C@H](O)[C@@H](CO)O[C@H]1n1c[n+](C)c2c(=O)[nH]c(=O)n(C)c21,XanthosineOnly_gen3
O=c1[nH]c(=O)c2ncn([C@@H]3O[C@H](CO)[C@@H](O)[C@H]3O)c2[nH]1,COCO[C@H]1[C@@H](O)[C@H](n2cnc3c(=O)[nH]c(=O)[nH]c32)O[C@@H]1CO,XanthosineOnly_gen3
O=c1[nH]c(=O)c2ncn([C@@H]3O[C@H](CO)[C@@H](O)[C@H]3O)c2[nH]1,N#CC(=O)OC[C@H]1O[C@@H](n2cnc3c(=O)[nH]c(=O)[nH]c32)[C@H](O)[C@@H]1O,XanthosineOnly_gen3
O=c1[nH]c(=O)c2ncn([C@@H]3O[C@H](CO)[C@@H](O)[C@H]3O)c2[nH]1,CC(C#N)O[C@H]1[C@@H](O)[C@H](n2cnc3c(=O)[nH]c(=O)[nH]c32)O[C@@H]1CO,XanthosineOnly_gen3
O=c1[nH]c(=O)c2ncn([C@@H]3O[C@H](CO)[C@@H](O)[C@H]3O)c2[nH]1,C=CC(=O)O[C@H]1[C@@H](O)[C@H](n2cnc3c(=O)[nH]c(=O)[nH]c32)O[C@@H]1CO,XanthosineOnly_gen3
O=c1[nH]c(=O)c2ncn([C@@H]3O[C@H](CO)[C@@H](O)[C@H]3O)c2[nH]1,CO[C@@H]1[C@H](O)[C@@H](C(O)(O)C#N)O[C@H]1n1cnc2c(=O)[nH]c(=O)[nH]c21,XanthosineOnly_gen3
O=c1[nH]c(=O)c2ncn([C@@H]3O[C@H](CO)[C@@H](O)[C@H]3O)c2[nH]1,CC(O)O[C@@]12O[C@@H]1[C@@H](C(=O)O)O[C@H]2n1cnc2c(=O)[nH]c(=O)[nH]c21,XanthosineOnly_gen3
O=c1[nH]c(=O)c2ncn([C@@H]3O[C@H](CO)[C@@H](O)[C@H]3O)c2[nH]1,CC(O)OC(=O)[C@H]1O[C@@]2(n3cnc4c(=O)[nH]c(=O)[nH]c43)O[C@@H]2[C@@H]1O,XanthosineOnly_gen3
O=c1[nH]c(=O)c2ncn([C@@H]3O[C@H](CO)[C@@H](O)[C@H]3O)c2[nH]1,CC(=O)O[C@H]1[C@H](n2cnc3c(=O)[nH]c(=O)[nH]c32)O[C@@H]2C(O)O[C@]21O,XanthosineOnly_gen3
O=c1[nH]c(=O)c2ncn([C@@H]3O[C@H](CO)[C@@H](O)[C@H]3O)c2[nH]1,CC(=O)O[C@@H]1[C@H](O)[C@@H]2O[C@H]1n1c(nc3c(=O)[nH]c(=O)[nH]c31)OC2O,XanthosineOnly_gen3
O=c1[nH]c(=O)c2ncn([C@@H]3O[C@H](CO)[C@@H](O)[C@H]3O)c2[nH]1,CC(=O)O[C@H]1[C@H]2Oc3nc4c(=O)[nH]c(=O)[nH]c4n3[C@@H]2O[C@@H]1C(O)O,XanthosineOnly_gen3
O=c1[nH]c(=O)c2ncn([C@@H]3O[C@H](CO)[C@@H](O)[C@H]3O)c2[nH]1,O=C1CO[C@H]2[C@@H](O1)[C@H](n1cnc3c(=O)[nH]c(=O)[nH]c31)O[C@@H]2C(O)O,XanthosineOnly_gen3
O=c1[nH]c(=O)c2ncn([C@@H]3O[C@H](CO)[C@@H](O)[C@H]3O)c2[nH]1,CC(=O)OC(O)[C@H]1O[C@@H](n2cnc3c(=O)[nH]c(=O)[nH]c32)[C@@H]2O[C@]12O,XanthosineOnly_gen3
O=c1[nH]c(=O)c2ncn([C@@H]3O[C@H](CO)[C@@H](O)[C@H]3O)c2[nH]1,CC(O)O[C@@]12OC(=O)[C@H]1O[C@@H](n1cnc3c(=O)[nH]c(=O)[nH]c31)[C@@H]2O,XanthosineOnly_gen3
O=c1[nH]c(=O)c2ncn([C@@H]3O[C@H](CO)[C@@H](O)[C@H]3O)c2[nH]1,CC(O)O[C@H]1[C@@H](O)[C@H]2O[C@@H]1C(=O)Oc1nc3c(=O)[nH]c(=O)[nH]c3n12,XanthosineOnly_gen3
O=c1[nH]c(=O)c2ncn([C@@H]3O[C@H](CO)[C@@H](O)[C@H]3O)c2[nH]1,C[C@]1(OC=O)[C@@H](C(=O)O)O[C@@H](n2cnc3c(=O)[nH]c(=O)[nH]c32)[C@@H]1O,XanthosineOnly_gen3
O=c1[nH]c(=O)c2ncn([C@@H]3O[C@H](CO)[C@@H](O)[C@H]3O)c2[nH]1,CC(=O)OC(O)[C@]12O[C@@H]([C@H](n3cnc4c(=O)[nH]c(=O)[nH]c43)O1)[C@@H]2O,XanthosineOnly_gen3
O=c1[nH]c(=O)c2ncn([C@@H]3O[C@H](CO)[C@@H](O)[C@H]3O)c2[nH]1,C[C@@]1(C(=O)OC=O)O[C@@H](n2cnc3c(=O)[nH]c(=O)[nH]c32)[C@H](O)[C@@H]1O,XanthosineOnly_gen3
O=c1[nH]c(=O)c2ncn([C@@H]3O[C@H](CO)[C@@H](O)[C@H]3O)c2[nH]1,CC(O)O[C@H]1[C@H](n2cnc3c(=O)[nH]c(=O)[nH]c32)O[C@@H]2C(=O)O[C@]21O,XanthosineOnly_gen3
O=c1[nH]c(=O)c2ncn([C@@H]3O[C@H](CO)[C@@H](O)[C@H]3O)c2[nH]1,CC(O)O[C@]12OC(=O)[C@@H](O[C@H]1n1cnc3c(=O)[nH]c(=O)[nH]c31)[C@H]2O,XanthosineOnly_gen3
O=c1[nH]c(=O)c2ncn([C@@H]3O[C@H](CO)[C@@H](O)[C@H]3O)c2[nH]1,CC(=O)O[C@]12O[C@H]1[C@H](n1cnc3c(=O)[nH]c(=O)[nH]c31)O[C@@H]2C(O)O,XanthosineOnly_gen3
O=c1[nH]c(=O)c2ncn([C@@H]3O[C@H](CO)[C@@H](O)[C@H]3O)c2[nH]1,CC(O)OC(=O)[C@H]1O[C@@H](n2cnc3c(=O)[nH]c(=O)[nH]c32)[C@]2(O)O[C@H]12,XanthosineOnly_gen3
O=c1[nH]c(=O)c2ncn([C@@H]3O[C@H](CO)[C@@H](O)[C@H]3O)c2[nH]1,O=C1OCC(O)O[C@@H]2[C@H](O)[C@@H]1O[C@H]2n1cnc2c(=O)[nH]c(=O)[nH]c21,XanthosineOnly_gen3
O=c1[nH]c(=O)c2ncn([C@@H]3O[C@H](CO)[C@@H](O)[C@H]3O)c2[nH]1,Cc1nc2c(=O)[nH]c(=O)[nH]c2n1[C@@H]1O[C@H](C(=O)OC=O)[C@@H](O)[C@H]1O,XanthosineOnly_gen3
O=c1[nH]c(=O)c2ncn([C@@H]3O[C@H](CO)[C@@H](O)[C@H]3O)c2[nH]1,CC(O)O[C@@H]1[C@@H](C(=O)O)O[C@@]2(n3cnc4c(=O)[nH]c(=O)[nH]c43)O[C@H]12,XanthosineOnly_gen3
O=c1[nH]c(=O)c2ncn([C@@H]3O[C@H](CO)[C@@H](O)[C@H]3O)c2[nH]1,O=COC[C@H]1O[C@@H](n2cnc3c(=O)n(C=O)c(=O)[nH]c32)[C@H](O)[C@@H]1O,XanthosineOnly_gen3
O=c1[nH]c(=O)c2ncn([C@@H]3O[C@H](CO)[C@@H](O)[C@H]3O)c2[nH]1,CC(=O)O[C@H]1[C@H](n2cnc3c(=O)[nH]c(=O)[nH]c32)O[C@]2(C(O)O)O[C@@H]12,XanthosineOnly_gen3
O=c1[nH]c(=O)c2ncn([C@@H]3O[C@H](CO)[C@@H](O)[C@H]3O)c2[nH]1,CC(=O)O[C@@]12OC(O)[C@H]1O[C@@H](n1cnc3c(=O)[nH]c(=O)[nH]c31)[C@@H]2O,XanthosineOnly_gen3
O=c1[nH]c(=O)c2ncn([C@@H]3O[C@H](CO)[C@@H](O)[C@H]3O)c2[nH]1,CC(O)O[C@@H]1[C@@H]2Oc3nc4c(=O)[nH]c(=O)[nH]c4n3[C@@H]1O[C@@H]2C(=O)O,XanthosineOnly_gen3
O=c1[nH]c(=O)c2ncn([C@@H]3O[C@H](CO)[C@@H](O)[C@H]3O)c2[nH]1,Cc1nc2c(=O)[nH]c(=O)[nH]c2n1[C@@H]1O[C@H](C(=O)O)[C@@H](O)[C@H]1OC=O,XanthosineOnly_gen3
O=c1[nH]c(=O)c2ncn([C@@H]3O[C@H](CO)[C@@H](O)[C@H]3O)c2[nH]1,C[C@]1(OC=O)[C@H](O)[C@@H](C(=O)O)O[C@H]1n1cnc2c(=O)[nH]c(=O)[nH]c21,XanthosineOnly_gen3
O=c1[nH]c(=O)c2ncn([C@@H]3O[C@H](CO)[C@@H](O)[C@H]3O)c2[nH]1,CC(=O)OC1O[C@]12O[C@@H](n1cnc3c(=O)[nH]c(=O)[nH]c31)[C@H](O)[C@@H]2O,XanthosineOnly_gen3
O=c1[nH]c(=O)c2ncn([C@@H]3O[C@H](CO)[C@@H](O)[C@H]3O)c2[nH]1,CC(O)OC(=O)[C@H]1O[C@@H]2[C@H](Oc3nc4c(=O)[nH]c(=O)[nH]c4n32)[C@@H]1O,XanthosineOnly_gen3
O=c1[nH]c(=O)c2ncn([C@@H]3O[C@H](CO)[C@@H](O)[C@H]3O)c2[nH]1,CC(O)O[C@]12O[C@H]1[C@H](n1cnc3c(=O)[nH]c(=O)[nH]c31)O[C@@H]2C(=O)O,XanthosineOnly_gen3
O=c1[nH]c(=O)c2ncn([C@@H]3O[C@H](CO)[C@@H](O)[C@H]3O)c2[nH]1,CC(O)O[C@@H]1[C@@H]2O[C@@H](n3cnc4c(=O)[nH]c(=O)[nH]c43)[C@]1(O)OC2=O,XanthosineOnly_gen3
O=c1[nH]c(=O)c2ncn([C@@H]3O[C@H](CO)[C@@H](O)[C@H]3O)c2[nH]1,CC(=O)O[C@@H]1[C@@H]2O[C@]1(n1cnc3c(=O)[nH]c(=O)[nH]c31)O[C@@H]2C(O)O,XanthosineOnly_gen3
O=c1[nH]c(=O)c2ncn([C@@H]3O[C@H](CO)[C@@H](O)[C@H]3O)c2[nH]1,CC(O)OC(=O)[C@]12O[C@@H](n3cnc4c(=O)[nH]c(=O)[nH]c43)[C@H](O)[C@@H]1O2,XanthosineOnly_gen3
O=c1[nH]c(=O)c2ncn([C@@H]3O[C@H](CO)[C@@H](O)[C@H]3O)c2[nH]1,CC(O)OC(=O)[C@H]1O[C@@H](n2cnc3c(=O)[nH]c(=O)[nH]c32)[C@@H]2O[C@]12O,XanthosineOnly_gen3
O=c1[nH]c(=O)c2ncn([C@@H]3O[C@H](CO)[C@@H](O)[C@H]3O)c2[nH]1,CC(=O)OC(O)[C@H]1O[C@@H]2[C@H](O)[C@@H]1Oc1nc3c(=O)[nH]c(=O)[nH]c3n12,XanthosineOnly_gen3
O=c1[nH]c(=O)c2ncn([C@@H]3O[C@H](CO)[C@@H](O)[C@H]3O)c2[nH]1,CC(=O)OC1Oc2nc3c(=O)[nH]c(=O)[nH]c3n2[C@@H]2O[C@H]1[C@@H](O)[C@H]2O,XanthosineOnly_gen3
O=c1[nH]c(=O)c2ncn([C@@H]3O[C@H](CO)[C@@H](O)[C@H]3O)c2[nH]1,C[C@]1(O)[C@H](O)[C@@H](C(=O)OC=O)O[C@H]1n1cnc2c(=O)[nH]c(=O)[nH]c21,XanthosineOnly_gen3
O=c1[nH]c(=O)c2ncn([C@@H]3O[C@H](CO)[C@@H](O)[C@H]3O)c2[nH]1,CC(=O)OC1O[C@]2(O)[C@H](O)[C@@H]1O[C@H]2n1cnc2c(=O)[nH]c(=O)[nH]c21,XanthosineOnly_gen3
O=c1[nH]c(=O)c2ncn([C@@H]3O[C@H](CO)[C@@H](O)[C@H]3O)c2[nH]1,CC(O)O[C@H]1[C@H]2O[C@@]1(C(=O)O)O[C@H]2n1cnc2c(=O)[nH]c(=O)[nH]c21,XanthosineOnly_gen3
O=c1[nH]c(=O)c2ncn([C@@H]3O[C@H](CO)[C@@H](O)[C@H]3O)c2[nH]1,CC(=O)O[C@@H]1[C@@H]2O[C@@](n3cnc4c(=O)[nH]c(=O)[nH]c43)(OC2O)[C@@H]1O,XanthosineOnly_gen3
O=c1[nH]c(=O)c2ncn([C@@H]3O[C@H](CO)[C@@H](O)[C@H]3O)c2[nH]1,C[C@]1(O)[C@@H](C(=O)O)O[C@@H](n2cnc3c(=O)[nH]c(=O)[nH]c32)[C@@H]1OC=O,XanthosineOnly_gen3
O=c1[nH]c(=O)c2ncn([C@@H]3O[C@H](CO)[C@@H](O)[C@H]3O)c2[nH]1,C[C@@]1(C(=O)O)O[C@@H](n2cnc3c(=O)[nH]c(=O)[nH]c32)[C@H](O)[C@@H]1OC=O,XanthosineOnly_gen3
O=c1[nH]c(=O)c2ncn([C@@H]3O[C@H](CO)[C@@H](O)[C@H]3O)c2[nH]1,CC(=O)OC(O)[C@H]1O[C@@]2(n3cnc4c(=O)[nH]c(=O)[nH]c43)O[C@@H]2[C@@H]1O,XanthosineOnly_gen3
O=c1[nH]c(=O)c2ncn([C@@H]3O[C@H](CO)[C@@H](O)[C@H]3O)c2[nH]1,CC(O)O[C@@H]1[C@H](O)[C@@H]2O[C@@]1(n1cnc3c(=O)[nH]c(=O)[nH]c31)OC2=O,XanthosineOnly_gen3
O=c1[nH]c(=O)c2ncn([C@@H]3O[C@H](CO)[C@@H](O)[C@H]3O)c2[nH]1,CC(O)O[C@H]1[C@H](n2cnc3c(=O)[nH]c(=O)[nH]c32)O[C@]2(OC2=O)[C@H]1O,XanthosineOnly_gen3
O=c1[nH]c(=O)c2ncn([C@@H]3O[C@H](CO)[C@@H](O)[C@H]3O)c2[nH]1,O=C1CO[C@H]2[C@@H](O)[C@H](n3cnc4c(=O)[nH]c(=O)[nH]c43)O[C@@H]2C(O)O1,XanthosineOnly_gen3
O=c1[nH]c(=O)c2ncn([C@@H]3O[C@H](CO)[C@@H](O)[C@H]3O)c2[nH]1,O=C(O)[C@H]1O[C@@H](n2cnc3c(=O)[nH]c(=O)[nH]c32)[C@@H]2OCC(O)O[C@@H]21,XanthosineOnly_gen3
O=c1[nH]c(=O)c2ncn([C@@H]3O[C@H](CO)[C@@H](O)[C@H]3O)c2[nH]1,O=C1OC(O)CO[C@H]2[C@@H](O)[C@H](n3cnc4c(=O)[nH]c(=O)[nH]c43)O[C@H]12,XanthosineOnly_gen3
O=c1[nH]c(=O)c2ncn([C@@H]3O[C@H](CO)[C@@H](O)[C@H]3O)c2[nH]1,C[n+]1cn([C@@H]2O[C@H](C(O)(O)C#N)[C@@H](O)[C@H]2O)c2[nH]c(=O)[nH]c(=O)c21,XanthosineOnly_gen3
O=c1[nH]c(=O)c2ncn([C@@H]3O[C@H](CO)[C@@H](O)[C@H]3O)c2[nH]1,Cc1nc2c(=O)[nH]c(=O)[nH]c2n1[C@@H]1O[C@@H]2COC(O)CO[C@@H]1[C@@H]2O,XanthosineOnly_gen3
O=c1[nH]c(=O)c2ncn([C@@H]3O[C@H](CO)[C@@H](O)[C@H]3O)c2[nH]1,CC(O)OC[C@H]1O[C@](C)(n2cnc3c(=O)[nH]c(=O)[nH]c32)[C@]2(O)O[C@H]12,XanthosineOnly_gen3
O=c1[nH]c(=O)c2ncn([C@@H]3O[C@H](CO)[C@@H](O)[C@H]3O)c2[nH]1,CC(O)O[C@H]1[C@@H](O)[C@]2(n3cnc4c(=O)[nH]c(=O)[nH]c43)OC[C@]1(C)O2,XanthosineOnly_gen3
O=c1[nH]c(=O)c2ncn([C@@H]3O[C@H](CO)[C@@H](O)[C@H]3O)c2[nH]1,C[C@]1(OC=O)[C@@H](CO)O[C@@H](n2cnc3c(=O)[nH]c(=O)[nH]c32)[C@@]1(C)O,XanthosineOnly_gen3
O=c1[nH]c(=O)c2ncn([C@@H]3O[C@H](CO)[C@@H](O)[C@H]3O)c2[nH]1,COC[C@H]1O[C@@H](n2cnc3c(=O)[nH]c(=O)[nH]c32)[C@]2(OC(C)O)O[C@H]12,XanthosineOnly_gen3
O=c1[nH]c(=O)c2ncn([C@@H]3O[C@H](CO)[C@@H](O)[C@H]3O)c2[nH]1,CC(O)OC1O[C@H]2[C@@H](O)[C@H](n3cnc4c(=O)[nH]c(=O)[nH]c43)O[C@@]12C,XanthosineOnly_gen3
O=c1[nH]c(=O)c2ncn([C@@H]3O[C@H](CO)[C@@H](O)[C@H]3O)c2[nH]1,CC(O)OC[C@H]1O[C@@H](n2cnc3c(=O)[nH]c(=O)[nH]c32)[C@]2(CO2)[C@@H]1O,XanthosineOnly_gen3
O=c1[nH]c(=O)c2ncn([C@@H]3O[C@H](CO)[C@@H](O)[C@H]3O)c2[nH]1,CC(O)O[C@@H]1[C@H]2CO[C@@]1(O)[C@@](C)(n1cnc3c(=O)[nH]c(=O)[nH]c31)O2,XanthosineOnly_gen3
O=c1[nH]c(=O)c2ncn([C@@H]3O[C@H](CO)[C@@H](O)[C@H]3O)c2[nH]1,Cc1nc2c(=O)[nH]c(=O)[nH]c2n1[C@@H]1O[C@]2(CO)O[C@H]2[C@H]1OC(C)O,XanthosineOnly_gen3
O=c1[nH]c(=O)c2ncn([C@@H]3O[C@H](CO)[C@@H](O)[C@H]3O)c2[nH]1,Cc1nc2c(=O)[nH]c(=O)[nH]c2n1[C@@]1(C)O[C@H](CO)[C@@H](O)[C@H]1OC=O,XanthosineOnly_gen3
O=c1[nH]c(=O)c2ncn([C@@H]3O[C@H](CO)[C@@H](O)[C@H]3O)c2[nH]1,CCC(OC=O)[C@H]1O[C@@H](n2cnc3c(=O)[nH]c(=O)[nH]c32)[C@H](O)[C@@H]1O,XanthosineOnly_gen3
O=c1[nH]c(=O)c2ncn([C@@H]3O[C@H](CO)[C@@H](O)[C@H]3O)c2[nH]1,Cc1nc2c(=O)[nH]c(=O)[nH]c2n1[C@]12O[C@@H]1[C@H](O)[C@@H](COC(C)O)O2,XanthosineOnly_gen3
O=c1[nH]c(=O)c2ncn([C@@H]3O[C@H](CO)[C@@H](O)[C@H]3O)c2[nH]1,CC(O)O[C@@H]1[C@]2(CO)O[C@@H](n3cnc4c(=O)[nH]c(=O)[nH]c43)[C@@]1(C)O2,XanthosineOnly_gen3
O=c1[nH]c(=O)c2ncn([C@@H]3O[C@H](CO)[C@@H](O)[C@H]3O)c2[nH]1,CC[C@]1(OC=O)[C@@H](CO)O[C@@H](n2cnc3c(=O)[nH]c(=O)[nH]c32)[C@@H]1O,XanthosineOnly_gen3
O=c1[nH]c(=O)c2ncn([C@@H]3O[C@H](CO)[C@@H](O)[C@H]3O)c2[nH]1,COC[C@H]1O[C@@H](n2cnc3c(=O)[nH]c(=O)[nH]c32)[C@@](C)(OC=O)[C@@H]1O,XanthosineOnly_gen3
O=c1[nH]c(=O)c2ncn([C@@H]3O[C@H](CO)[C@@H](O)[C@H]3O)c2[nH]1,CC(OC=O)[C@H]1O[C@](C)(n2cnc3c(=O)[nH]c(=O)[nH]c32)[C@H](O)[C@@H]1O,XanthosineOnly_gen3
O=c1[nH]c(=O)c2ncn([C@@H]3O[C@H](CO)[C@@H](O)[C@H]3O)c2[nH]1,CC(C)(O)O[C@H]1[C@@H](O)[C@]2(n3cnc4c(=O)[nH]c(=O)[nH]c43)OC[C@H]1O2,XanthosineOnly_gen3
O=c1[nH]c(=O)c2ncn([C@@H]3O[C@H](CO)[C@@H](O)[C@H]3O)c2[nH]1,C[C@]1(n2cnc3c(=O)[nH]c(=O)[nH]c32)O[C@@](C)(COC=O)[C@@H](O)[C@H]1O,XanthosineOnly_gen3
O=c1[nH]c(=O)c2ncn([C@@H]3O[C@H](CO)[C@@H](O)[C@H]3O)c2[nH]1,CC(O)O[C@@H]1[C@]2(CO2)O[C@@H](n2cnc3c(=O)[nH]c(=O)[nH]c32)[C@@]1(C)O,XanthosineOnly_gen3
O=c1[nH]c(=O)c2ncn([C@@H]3O[C@H](CO)[C@@H](O)[C@H]3O)c2[nH]1,O=c1[nH]c(=O)c2ncn([C@@H]3O[C@@H]4COCCC(O)O[C@H]4[C@H]3O)c2[nH]1,XanthosineOnly_gen3
O=c1[nH]c(=O)c2ncn([C@@H]3O[C@H](CO)[C@@H](O)[C@H]3O)c2[nH]1,Cc1nc2c(=O)[nH]c(=O)[nH]c2n1[C@@H]1O[C@H](C(C)O)[C@@H](OC=O)[C@H]1O,XanthosineOnly_gen3
O=c1[nH]c(=O)c2ncn([C@@H]3O[C@H](CO)[C@@H](O)[C@H]3O)c2[nH]1,C[C@@]1(O)[C@H](n2cnc3c(=O)[nH]c(=O)[nH]c32)O[C@@](C)(CO)[C@H]1OC=O,XanthosineOnly_gen3
O=c1[nH]c(=O)c2ncn([C@@H]3O[C@H](CO)[C@@H](O)[C@H]3O)c2[nH]1,Cc1nc2c(=O)[nH]c(=O)[nH]c2n1[C@@H]1O[C@@H]2CO[C@]1(O)[C@@H]2OC(C)O,XanthosineOnly_gen3
O=c1[nH]c(=O)c2ncn([C@@H]3O[C@H](CO)[C@@H](O)[C@H]3O)c2[nH]1,CO[C@H]1[C@H](n2cnc3c(=O)[nH]c(=O)[nH]c32)O[C@@](C)(CO)[C@H]1OC=O,XanthosineOnly_gen3
O=c1[nH]c(=O)c2ncn([C@@H]3O[C@H](CO)[C@@H](O)[C@H]3O)c2[nH]1,CO[C@H]1[C@H](n2cnc3c(=O)[nH]c(=O)[nH]c32)O[C@@H]2CO[C@]21OC(C)O,XanthosineOnly_gen3
O=c1[nH]c(=O)c2ncn([C@@H]3O[C@H](CO)[C@@H](O)[C@H]3O)c2[nH]1,CC(O)O[C@H]1[C@H]2OC[C@@]1(CO)O[C@H]2n1cnc2c(=O)[nH]c(=O)[nH]c21,XanthosineOnly_gen3
O=c1[nH]c(=O)c2ncn([C@@H]3O[C@H](CO)[C@@H](O)[C@H]3O)c2[nH]1,CC(C)(O)OC1O[C@H]2[C@@H](O)[C@H](n3cnc4c(=O)[nH]c(=O)[nH]c43)O[C@H]12,XanthosineOnly_gen3
O=c1[nH]c(=O)c2ncn([C@@H]3O[C@H](CO)[C@@H](O)[C@H]3O)c2[nH]1,CO[C@@]1(C)[C@@H](COC=O)O[C@@H](n2cnc3c(=O)[nH]c(=O)[nH]c32)[C@@H]1O,XanthosineOnly_gen3
O=c1[nH]c(=O)c2ncn([C@@H]3O[C@H](CO)[C@@H](O)[C@H]3O)c2[nH]1,CC(C)(O)O[C@]12OC[C@@H](O[C@H]1n1cnc3c(=O)[nH]c(=O)[nH]c31)[C@H]2O,XanthosineOnly_gen3
O=c1[nH]c(=O)c2ncn([C@@H]3O[C@H](CO)[C@@H](O)[C@H]3O)c2[nH]1,CC(O)O[C@]1(C)[C@@H](O)[C@H](n2cnc3c(=O)[nH]c(=O)[nH]c32)O[C@@]12CO2,XanthosineOnly_gen3
O=c1[nH]c(=O)c2ncn([C@@H]3O[C@H](CO)[C@@H](O)[C@H]3O)c2[nH]1,CC[C@]1(O)[C@H](OC=O)[C@@H](CO)O[C@H]1n1cnc2c(=O)[nH]c(=O)[nH]c21,XanthosineOnly_gen3
O=c1[nH]c(=O)c2ncn([C@@H]3O[C@H](CO)[C@@H](O)[C@H]3O)c2[nH]1,COC(C)OC1O[C@@H]2[C@H](O)[C@@H]1O[C@H]2n1cnc2c(=O)[nH]c(=O)[nH]c21,XanthosineOnly_gen3
O=c1[nH]c(=O)c2ncn([C@@H]3O[C@H](CO)[C@@H](O)[C@H]3O)c2[nH]1,CC(O)O[C@]1(C)[C@H]2O[C@@]1(CO)O[C@H]2n1cnc2c(=O)[nH]c(=O)[nH]c21,XanthosineOnly_gen3
O=c1[nH]c(=O)c2ncn([C@@H]3O[C@H](CO)[C@@H](O)[C@H]3O)c2[nH]1,COC[C@H]1O[C@@H]2[C@H](OC(C)O)[C@@H]1Oc1nc3c(=O)[nH]c(=O)[nH]c3n12,XanthosineOnly_gen3
O=c1[nH]c(=O)c2ncn([C@@H]3O[C@H](CO)[C@@H](O)[C@H]3O)c2[nH]1,CO[C@]12O[C@H]1[C@H](n1cnc3c(=O)[nH]c(=O)[nH]c31)O[C@@H]2COC(C)O,XanthosineOnly_gen3
O=c1[nH]c(=O)c2ncn([C@@H]3O[C@H](CO)[C@@H](O)[C@H]3O)c2[nH]1,COC(C)O[C@H]1[C@H]2Oc3nc4c(=O)[nH]c(=O)[nH]c4n3[C@@H]2O[C@@H]1CO,XanthosineOnly_gen3
O=c1[nH]c(=O)c2ncn([C@@H]3O[C@H](CO)[C@@H](O)[C@H]3O)c2[nH]1,CCC1(O)OC[C@H]2O[C@@H](n3cnc4c(=O)[nH]c(=O)[nH]c43)[C@H](O1)[C@@H]2O,XanthosineOnly_gen3
O=c1[nH]c(=O)c2ncn([C@@H]3O[C@H](CO)[C@@H](O)[C@H]3O)c2[nH]1,C[C@]1(O)[C@@H](COC=O)O[C@@H](n2cnc3c(=O)[nH]c(=O)[nH]c32)[C@@]1(C)O,XanthosineOnly_gen3
O=c1[nH]c(=O)c2ncn([C@@H]3O[C@H](CO)[C@@H](O)[C@H]3O)c2[nH]1,CC(O)[C@H]1O[C@@H](n2cnc3c(=O)[nH]c(=O)[nH]c32)[C@@](C)(O)[C@@H]1OC=O,XanthosineOnly_gen3
O=c1[nH]c(=O)c2ncn([C@@H]3O[C@H](CO)[C@@H](O)[C@H]3O)c2[nH]1,CC[C@]1(n2cnc3c(=O)[nH]c(=O)[nH]c32)O[C@H](CO)[C@@H](O)[C@H]1OC=O,XanthosineOnly_gen3
O=c1[nH]c(=O)c2ncn([C@@H]3O[C@H](CO)[C@@H](O)[C@H]3O)c2[nH]1,CC(O)OC[C@H]1O[C@@H](n2cnc3c(=O)[nH]c(=O)[nH]c32)[C@@H]2OC[C@]12O,XanthosineOnly_gen3
O=c1[nH]c(=O)c2ncn([C@@H]3O[C@H](CO)[C@@H](O)[C@H]3O)c2[nH]1,CC(O)[C@H]1O[C@](C)(n2cnc3c(=O)[nH]c(=O)[nH]c32)[C@H](OC=O)[C@@H]1O,XanthosineOnly_gen3
O=c1[nH]c(=O)c2ncn([C@@H]3O[C@H](CO)[C@@H](O)[C@H]3O)c2[nH]1,Cc1nc2c(=O)[nH]c(=O)[nH]c2n1[C@@H]1O[C@@H]2CO[C@@]2(OC(C)O)[C@H]1O,XanthosineOnly_gen3
O=c1[nH]c(=O)c2ncn([C@@H]3O[C@H](CO)[C@@H](O)[C@H]3O)c2[nH]1,CCC(O)[C@H]1O[C@@H](n2cnc3c(=O)[nH]c(=O)[nH]c32)[C@H](OC=O)[C@@H]1O,XanthosineOnly_gen3
O=c1[nH]c(=O)c2ncn([C@@H]3O[C@H](CO)[C@@H](O)[C@H]3O)c2[nH]1,CC(O)O[C@H]1[C@@H](O)[C@H]2O[C@@H]1COCc1nc3c(=O)[nH]c(=O)[nH]c3n12,XanthosineOnly_gen3
O=c1[nH]c(=O)c2ncn([C@@H]3O[C@H](CO)[C@@H](O)[C@H]3O)c2[nH]1,CC(O)O[C@@H]1[C@H](O)[C@@H]2O[C@H]1n1c(nc3c(=O)[nH]c(=O)[nH]c31)OC2C,XanthosineOnly_gen3
O=c1[nH]c(=O)c2ncn([C@@H]3O[C@H](CO)[C@@H](O)[C@H]3O)c2[nH]1,CC(O)[C@]1(C)O[C@@H](n2cnc3c(=O)[nH]c(=O)[nH]c32)[C@H](OC=O)[C@@H]1O,XanthosineOnly_gen3
O=c1[nH]c(=O)c2ncn([C@@H]3O[C@H](CO)[C@@H](O)[C@H]3O)c2[nH]1,CC(O)OC(C)[C@]12O[C@@H]([C@H](n3cnc4c(=O)[nH]c(=O)[nH]c43)O1)[C@@H]2O,XanthosineOnly_gen3
O=c1[nH]c(=O)c2ncn([C@@H]3O[C@H](CO)[C@@H](O)[C@H]3O)c2[nH]1,Cc1nc2c(=O)[nH]c(=O)[nH]c2n1[C@@H]1O[C@H](CO)[C@@]2(OC(C)O)O[C@@H]12,XanthosineOnly_gen3
O=c1[nH]c(=O)c2ncn([C@@H]3O[C@H](CO)[C@@H](O)[C@H]3O)c2[nH]1,C[C@@]12OC(O)COC[C@@H](O[C@H]1n1cnc3c(=O)[nH]c(=O)[nH]c31)[C@H]2O,XanthosineOnly_gen3
O=c1[nH]c(=O)c2ncn([C@@H]3O[C@H](CO)[C@@H](O)[C@H]3O)c2[nH]1,CC(O)O[C@@H]1[C@@H]2OC(O)[C@H]2O[C@]1(C)n1cnc2c(=O)[nH]c(=O)[nH]c21,XanthosineOnly_gen3
O=c1[nH]c(=O)c2ncn([C@@H]3O[C@H](CO)[C@@H](O)[C@H]3O)c2[nH]1,C[C@]12OCC(O)OC[C@H]1O[C@@H](n1cnc3c(=O)[nH]c(=O)[nH]c31)[C@@H]2O,XanthosineOnly_gen3
O=c1[nH]c(=O)c2ncn([C@@H]3O[C@H](CO)[C@@H](O)[C@H]3O)c2[nH]1,CCC(O)O[C@]12OC[C@@H](O[C@H]1n1cnc3c(=O)[nH]c(=O)[nH]c31)[C@H]2O,XanthosineOnly_gen3
O=c1[nH]c(=O)c2ncn([C@@H]3O[C@H](CO)[C@@H](O)[C@H]3O)c2[nH]1,C[C@@]1(O)[C@@H](OC=O)[C@@](C)(n2cnc3c(=O)[nH]c(=O)[nH]c32)O[C@@H]1CO,XanthosineOnly_gen3
O=c1[nH]c(=O)c2ncn([C@@H]3O[C@H](CO)[C@@H](O)[C@H]3O)c2[nH]1,CC(O)OC1(C)O[C@@H]2[C@H](O)[C@@H]1O[C@H]2n1cnc2c(=O)[nH]c(=O)[nH]c21,XanthosineOnly_gen3
O=c1[nH]c(=O)c2ncn([C@@H]3O[C@H](CO)[C@@H](O)[C@H]3O)c2[nH]1,CC(O)O[C@]12OC[C@](C)(O[C@H]1n1cnc3c(=O)[nH]c(=O)[nH]c31)[C@H]2O,XanthosineOnly_gen3
O=c1[nH]c(=O)c2ncn([C@@H]3O[C@H](CO)[C@@H](O)[C@H]3O)c2[nH]1,Cc1nc2c(=O)[nH]c(=O)[nH]c2n1[C@@H]1O[C@H](COC=O)[C@@H](O)[C@]1(C)O,XanthosineOnly_gen3
O=c1[nH]c(=O)c2ncn([C@@H]3O[C@H](CO)[C@@H](O)[C@H]3O)c2[nH]1,CC(O)O[C@@]12O[C@@]1(C)[C@@H](CO)O[C@H]2n1cnc2c(=O)[nH]c(=O)[nH]c21,XanthosineOnly_gen3
O=c1[nH]c(=O)c2ncn([C@@H]3O[C@H](CO)[C@@H](O)[C@H]3O)c2[nH]1,CC(O)O[C@H]1[C@H]2O[C@@]1(CO)O[C@]2(C)n1cnc2c(=O)[nH]c(=O)[nH]c21,XanthosineOnly_gen3
O=c1[nH]c(=O)c2ncn([C@@H]3O[C@H](CO)[C@@H](O)[C@H]3O)c2[nH]1,CC(O)O[C@@H]1[C@@H]2OC(C)(O)[C@H]2O[C@H]1n1cnc2c(=O)[nH]c(=O)[nH]c21,XanthosineOnly_gen3
O=c1[nH]c(=O)c2ncn([C@@H]3O[C@H](CO)[C@@H](O)[C@H]3O)c2[nH]1,Cc1nc2c(=O)[nH]c(=O)[nH]c2n1[C@@H]1O[C@H](CO)[C@H]2OC(O)CO[C@H]21,XanthosineOnly_gen3
O=c1[nH]c(=O)c2ncn([C@@H]3O[C@H](CO)[C@@H](O)[C@H]3O)c2[nH]1,CC(O)O[C@@H]1[C@@H]2OCc3nc4c(=O)[nH]c(=O)[nH]c4n3[C@@H]1O[C@@H]2CO,XanthosineOnly_gen3
O=c1[nH]c(=O)c2ncn([C@@H]3O[C@H](CO)[C@@H](O)[C@H]3O)c2[nH]1,Cc1nc2c(=O)[nH]c(=O)[nH]c2n1[C@@H]1O[C@@H]2C(O)O[C@@H]1[C@@H]2OC(C)O,XanthosineOnly_gen3
O=c1[nH]c(=O)c2ncn([C@@H]3O[C@H](CO)[C@@H](O)[C@H]3O)c2[nH]1,CC(O)O[C@H]1[C@H]2O[C@@](C)(COc3nc4c(=O)[nH]c(=O)[nH]c4n32)[C@H]1O,XanthosineOnly_gen3
O=c1[nH]c(=O)c2ncn([C@@H]3O[C@H](CO)[C@@H](O)[C@H]3O)c2[nH]1,CC(O)O[C@H]1[C@H]2O[C@H](COc3nc4c(=O)[nH]c(=O)[nH]c4n32)[C@]1(C)O,XanthosineOnly_gen3
O=c1[nH]c(=O)c2ncn([C@@H]3O[C@H](CO)[C@@H](O)[C@H]3O)c2[nH]1,CC(OC=O)[C@H]1O[C@@H](n2cnc3c(=O)[nH]c(=O)[nH]c32)[C@H](O)[C@@]1(C)O,XanthosineOnly_gen3
O=c1[nH]c(=O)c2ncn([C@@H]3O[C@H](CO)[C@@H](O)[C@H]3O)c2[nH]1,CC(O)OC[C@@]12O[C@H]([C@@H]1O)[C@@](C)(n1cnc3c(=O)[nH]c(=O)[nH]c31)O2,XanthosineOnly_gen3
O=c1[nH]c(=O)c2ncn([C@@H]3O[C@H](CO)[C@@H](O)[C@H]3O)c2[nH]1,CC1OC[C@H]2O[C@@H](n3cnc4c(=O)[nH]c(=O)[nH]c43)[C@H](O)[C@@H]2OC1O,XanthosineOnly_gen3
O=c1[nH]c(=O)c2ncn([C@@H]3O[C@H](CO)[C@@H](O)[C@H]3O)c2[nH]1,C[C@@]1(CO)O[C@@H](n2cnc3c(=O)[nH]c(=O)[nH]c32)[C@H](O)[C@@]1(C)OC=O,XanthosineOnly_gen3
O=c1[nH]c(=O)c2ncn([C@@H]3O[C@H](CO)[C@@H](O)[C@H]3O)c2[nH]1,CC(C)(O)O[C@H]1[C@H]2Oc3nc4c(=O)[nH]c(=O)[nH]c4n3[C@@H]2O[C@@H]1CO,XanthosineOnly_gen3
O=c1[nH]c(=O)c2ncn([C@@H]3O[C@H](CO)[C@@H](O)[C@H]3O)c2[nH]1,C[C@]1(n2cnc3c(=O)[nH]c(=O)[nH]c32)O[C@H](CO)[C@H]2OC(O)CO[C@H]21,XanthosineOnly_gen3
O=c1[nH]c(=O)c2ncn([C@@H]3O[C@H](CO)[C@@H](O)[C@H]3O)c2[nH]1,CC(O)[C@H]1O[C@@H](n2cnc3c(=O)[nH]c(=O)[nH]c32)[C@H](O)[C@@]1(C)OC=O,XanthosineOnly_gen3
O=c1[nH]c(=O)c2ncn([C@@H]3O[C@H](CO)[C@@H](O)[C@H]3O)c2[nH]1,CC1OCC(O)O[C@@H]2[C@H](O)[C@@H]1O[C@H]2n1cnc2c(=O)[nH]c(=O)[nH]c21,XanthosineOnly_gen3
O=c1[nH]c(=O)c2ncn([C@@H]3O[C@H](CO)[C@@H](O)[C@H]3O)c2[nH]1,C[C@@]1(CO)O[C@@H](n2cnc3c(=O)[nH]c(=O)[nH]c32)[C@@H]2OCC(O)O[C@@H]21,XanthosineOnly_gen3
O=c1[nH]c(=O)c2ncn([C@@H]3O[C@H](CO)[C@@H](O)[C@H]3O)c2[nH]1,CC(O)O[C@H]1[C@H](n2cnc3c(=O)[nH]c(=O)[nH]c32)O[C@]2(C(C)O)O[C@@H]12,XanthosineOnly_gen3
O=c1[nH]c(=O)c2ncn([C@@H]3O[C@H](CO)[C@@H](O)[C@H]3O)c2[nH]1,C[C@]1(O)[C@H]2COCC(O)O[C@H]1[C@H](n1cnc3c(=O)[nH]c(=O)[nH]c31)O2,XanthosineOnly_gen3
O=c1[nH]c(=O)c2ncn([C@@H]3O[C@H](CO)[C@@H](O)[C@H]3O)c2[nH]1,CC(O)O[C@@H]1[C@@H]2O[C@]1(n1cnc3c(=O)[nH]c(=O)[nH]c31)O[C@@H]2C(C)O,XanthosineOnly_gen3
O=c1[nH]c(=O)c2ncn([C@@H]3O[C@H](CO)[C@@H](O)[C@H]3O)c2[nH]1,Cc1nc2c(=O)[nH]c(=O)[nH]c2n1[C@@H]1O[C@H](CO)[C@@H](O)[C@]1(C)OC=O,XanthosineOnly_gen3
O=c1[nH]c(=O)c2ncn([C@@H]3O[C@H](CO)[C@@H](O)[C@H]3O)c2[nH]1,C[C@]1(OC=O)[C@H](O)[C@@H](CO)O[C@]1(C)n1cnc2c(=O)[nH]c(=O)[nH]c21,XanthosineOnly_gen3
O=c1[nH]c(=O)c2ncn([C@@H]3O[C@H](CO)[C@@H](O)[C@H]3O)c2[nH]1,C[C@@]12OC(O)CO[C@H]1[C@H](n1cnc3c(=O)[nH]c(=O)[nH]c31)O[C@@H]2CO,XanthosineOnly_gen3
O=c1[nH]c(=O)c2ncn([C@@H]3O[C@H](CO)[C@@H](O)[C@H]3O)c2[nH]1,CC(O)O[C@@]1(C)[C@@H]2OC(O)[C@H]2O[C@H]1n1cnc2c(=O)[nH]c(=O)[nH]c21,XanthosineOnly_gen3
O=c1[nH]c(=O)c2ncn([C@@H]3O[C@H](CO)[C@@H](O)[C@H]3O)c2[nH]1,C[C@]1(n2cnc3c(=O)[nH]c(=O)[nH]c32)O[C@@](C)(CO)[C@@H](O)[C@H]1OC=O,XanthosineOnly_gen3
O=c1[nH]c(=O)c2ncn([C@@H]3O[C@H](CO)[C@@H](O)[C@H]3O)c2[nH]1,CC(O)OC[C@]1(C)O[C@@H]2[C@H](Oc3nc4c(=O)[nH]c(=O)[nH]c4n32)[C@@H]1O,XanthosineOnly_gen3
O=c1[nH]c(=O)c2ncn([C@@H]3O[C@H](CO)[C@@H](O)[C@H]3O)c2[nH]1,Cc1nc2c(=O)[nH]c(=O)[nH]c2n1[C@@H]1O[C@H](COC(C)O)[C@H]2O[C@]21O,XanthosineOnly_gen3
O=c1[nH]c(=O)c2ncn([C@@H]3O[C@H](CO)[C@@H](O)[C@H]3O)c2[nH]1,CC(C)(O)O[C@H]1[C@H]2O[C@]2(n2cnc3c(=O)[nH]c(=O)[nH]c32)O[C@@H]1CO,XanthosineOnly_gen3
O=c1[nH]c(=O)c2ncn([C@@H]3O[C@H](CO)[C@@H](O)[C@H]3O)c2[nH]1,Cc1nc2c(=O)[nH]c(=O)[nH]c2n1[C@@H]1O[C@@](C)(CO)[C@@H](O)[C@H]1OC=O,XanthosineOnly_gen3
O=c1[nH]c(=O)c2ncn([C@@H]3O[C@H](CO)[C@@H](O)[C@H]3O)c2[nH]1,COC[C@H]1O[C@@]2(n3cnc4c(=O)[nH]c(=O)[nH]c43)O[C@@H]2[C@@H]1OC(C)O,XanthosineOnly_gen3
O=c1[nH]c(=O)c2ncn([C@@H]3O[C@H](CO)[C@@H](O)[C@H]3O)c2[nH]1,Cc1nc2c(=O)[nH]c(=O)[nH]c2n1[C@]12O[C@@H]1[C@H](OC(C)O)[C@@H](CO)O2,XanthosineOnly_gen3
O=c1[nH]c(=O)c2ncn([C@@H]3O[C@H](CO)[C@@H](O)[C@H]3O)c2[nH]1,CC(C)(O)O[C@H]1[C@H]2O[C@@]1(CO)O[C@H]2n1cnc2c(=O)[nH]c(=O)[nH]c21,XanthosineOnly_gen3
O=c1[nH]c(=O)c2ncn([C@@H]3O[C@H](CO)[C@@H](O)[C@H]3O)c2[nH]1,CCO[C@@H]1[C@H](O)[C@@H](COC=O)O[C@H]1n1cnc2c(=O)[nH]c(=O)[nH]c21,XanthosineOnly_gen3
O=c1[nH]c(=O)c2ncn([C@@H]3O[C@H](CO)[C@@H](O)[C@H]3O)c2[nH]1,Cc1nc2c(=O)[nH]c(=O)[nH]c2n1[C@@H]1O[C@@H]2C(OC(C)O)O[C@H]2[C@H]1O,XanthosineOnly_gen3
O=c1[nH]c(=O)c2ncn([C@@H]3O[C@H](CO)[C@@H](O)[C@H]3O)c2[nH]1,CC(O)O[C@H]1[C@H]2OCOC[C@H]1O[C@H]2n1cnc2c(=O)[nH]c(=O)[nH]c21,XanthosineOnly_gen3
O=c1[nH]c(=O)c2ncn([C@@H]3O[C@H](CO)[C@@H](O)[C@H]3O)c2[nH]1,CC(O)O[C@@H]1[C@@H]2O[C@@](n3cnc4c(=O)[nH]c(=O)[nH]c43)(OC2C)[C@@H]1O,XanthosineOnly_gen3
O=c1[nH]c(=O)c2ncn([C@@H]3O[C@H](CO)[C@@H](O)[C@H]3O)c2[nH]1,CC(O)OC[C@@]12CO[C@H]1[C@@H](O)[C@H](n1cnc3c(=O)[nH]c(=O)[nH]c31)O2,XanthosineOnly_gen3
O=c1[nH]c(=O)c2ncn([C@@H]3O[C@H](CO)[C@@H](O)[C@H]3O)c2[nH]1,COC[C@H]1O[C@](C)(n2cnc3c(=O)[nH]c(=O)[nH]c32)[C@H](O)[C@@H]1OC=O,XanthosineOnly_gen3
O=c1[nH]c(=O)c2ncn([C@@H]3O[C@H](CO)[C@@H](O)[C@H]3O)c2[nH]1,CC(C)(O)OC[C@H]1O[C@@H]2[C@H](O)[C@@H]1Oc1nc3c(=O)[nH]c(=O)[nH]c3n12,XanthosineOnly_gen3
O=c1[nH]c(=O)c2ncn([C@@H]3O[C@H](CO)[C@@H](O)[C@H]3O)c2[nH]1,CO[C@H]1[C@H]2OCC(O)OC[C@H]1O[C@H]2n1cnc2c(=O)[nH]c(=O)[nH]c21,XanthosineOnly_gen3
O=c1[nH]c(=O)c2ncn([C@@H]3O[C@H](CO)[C@@H](O)[C@H]3O)c2[nH]1,CC(O)OC[C@H]1O[C@@]2(n3cnc4c(=O)[nH]c(=O)[nH]c43)O[C@@]2(C)[C@@H]1O,XanthosineOnly_gen3
O=c1[nH]c(=O)c2ncn([C@@H]3O[C@H](CO)[C@@H](O)[C@H]3O)c2[nH]1,CO[C@]12OC[C@@H](O[C@H]1n1cnc3c(=O)[nH]c(=O)[nH]c31)[C@H]2OC(C)O,XanthosineOnly_gen3
O=c1[nH]c(=O)c2ncn([C@@H]3O[C@H](CO)[C@@H](O)[C@H]3O)c2[nH]1,CC(O)O[C@H]1[C@H]2Oc3nc4c(=O)[nH]c(=O)[nH]c4n3[C@@H]2O[C@@]1(C)CO,XanthosineOnly_gen3
O=c1[nH]c(=O)c2ncn([C@@H]3O[C@H](CO)[C@@H](O)[C@H]3O)c2[nH]1,CC[C@]1(n2cnc3c(=O)[nH]c(=O)[nH]c32)O[C@H](COC=O)[C@@H](O)[C@H]1O,XanthosineOnly_gen3
O=c1[nH]c(=O)c2ncn([C@@H]3O[C@H](CO)[C@@H](O)[C@H]3O)c2[nH]1,Cc1nc2c(=O)[nH]c(=O)[nH]c2n1[C@@]12OC[C@@H](O1)[C@@H](O)[C@H]2OC(C)O,XanthosineOnly_gen3
O=c1[nH]c(=O)c2ncn([C@@H]3O[C@H](CO)[C@@H](O)[C@H]3O)c2[nH]1,CO[C@H]1[C@H](n2cnc3c(=O)[nH]c(=O)[nH]c32)O[C@]2(COC(C)O)O[C@@H]12,XanthosineOnly_gen3
O=c1[nH]c(=O)c2ncn([C@@H]3O[C@H](CO)[C@@H](O)[C@H]3O)c2[nH]1,CC(O)OC[C@]12O[C@@H](n3cnc4c(=O)[nH]c(=O)[nH]c43)[C@H](O)[C@@]1(C)O2,XanthosineOnly_gen3
O=c1[nH]c(=O)c2ncn([C@@H]3O[C@H](CO)[C@@H](O)[C@H]3O)c2[nH]1,CC(O)OC1O[C@@H]2[C@@H]1O[C@](C)(n1cnc3c(=O)[nH]c(=O)[nH]c31)[C@@H]2O,XanthosineOnly_gen3
O=c1[nH]c(=O)c2ncn([C@@H]3O[C@H](CO)[C@@H](O)[C@H]3O)c2[nH]1,COC[C@H]1O[C@@H](n2c(C)nc3c(=O)[nH]c(=O)[nH]c32)[C@H](O)[C@@H]1OC=O,XanthosineOnly_gen3
O=c1[nH]c(=O)c2ncn([C@@H]3O[C@H](CO)[C@@H](O)[C@H]3O)c2[nH]1,CC(O)O[C@@]1(C)[C@@H]2Oc3nc4c(=O)[nH]c(=O)[nH]c4n3[C@@H]1O[C@@H]2CO,XanthosineOnly_gen3
O=c1[nH]c(=O)c2ncn([C@@H]3O[C@H](CO)[C@@H](O)[C@H]3O)c2[nH]1,CC(O)O[C@@]12COC[C@H]1O[C@@H](n1cnc3c(=O)[nH]c(=O)[nH]c31)[C@@H]2O,XanthosineOnly_gen3
O=c1[nH]c(=O)c2ncn([C@@H]3O[C@H](CO)[C@@H](O)[C@H]3O)c2[nH]1,CC(O)OC[C@H]1O[C@@H](n2cnc3c(=O)[nH]c(=O)[nH]c32)[C@@H]2OCO[C@@H]21,XanthosineOnly_gen3
O=c1[nH]c(=O)c2ncn([C@@H]3O[C@H](CO)[C@@H](O)[C@H]3O)c2[nH]1,CC(O)O[C@H]1[C@H](n2cnc3c(=O)[nH]c(=O)[nH]c32)O[C@H](CO)[C@@]12CO2,XanthosineOnly_gen3
O=c1[nH]c(=O)c2ncn([C@@H]3O[C@H](CO)[C@@H](O)[C@H]3O)c2[nH]1,C[C@@]12COCC(O)O[C@@H]([C@H](n3cnc4c(=O)[nH]c(=O)[nH]c43)O1)[C@@H]2O,XanthosineOnly_gen3
O=c1[nH]c(=O)c2ncn([C@@H]3O[C@H](CO)[C@@H](O)[C@H]3O)c2[nH]1,CC(C)(O)OC[C@H]1O[C@@]2(n3cnc4c(=O)[nH]c(=O)[nH]c43)O[C@H]1[C@H]2O,XanthosineOnly_gen3
O=c1[nH]c(=O)c2ncn([C@@H]3O[C@H](CO)[C@@H](O)[C@H]3O)c2[nH]1,CC(O)O[C@H]1[C@H](n2cnc3c(=O)[nH]c(=O)[nH]c32)O[C@@H]2C(O)O[C@@]21C,XanthosineOnly_gen3
O=c1[nH]c(=O)c2ncn([C@@H]3O[C@H](CO)[C@@H](O)[C@H]3O)c2[nH]1,Cc1nc2c(=O)[nH]c(=O)[nH]c2n1[C@@H]1O[C@]2(COC(C)O)O[C@H]2[C@H]1O,XanthosineOnly_gen3
O=c1[nH]c(=O)c2ncn([C@@H]3O[C@H](CO)[C@@H](O)[C@H]3O)c2[nH]1,C[C@@]1(COC=O)O[C@@H](n2cnc3c(=O)[nH]c(=O)[nH]c32)[C@H](O)[C@@]1(C)O,XanthosineOnly_gen3
O=c1[nH]c(=O)c2ncn([C@@H]3O[C@H](CO)[C@@H](O)[C@H]3O)c2[nH]1,CC(C)(O)OC[C@H]1O[C@@H](n2cnc3c(=O)[nH]c(=O)[nH]c32)[C@@H]2O[C@]12O,XanthosineOnly_gen3
O=c1[nH]c(=O)c2ncn([C@@H]3O[C@H](CO)[C@@H](O)[C@H]3O)c2[nH]1,CC(O)O[C@@]12CO[C@@H]1[C@@H](CO)O[C@H]2n1cnc2c(=O)[nH]c(=O)[nH]c21,XanthosineOnly_gen3
O=c1[nH]c(=O)c2ncn([C@@H]3O[C@H](CO)[C@@H](O)[C@H]3O)c2[nH]1,Cc1nc2c(=O)[nH]c(=O)[nH]c2n1[C@@H]1O[C@@]2(CO2)[C@@H](O)[C@H]1OC(C)O,XanthosineOnly_gen3
O=c1[nH]c(=O)c2ncn([C@@H]3O[C@H](CO)[C@@H](O)[C@H]3O)c2[nH]1,CC(C)(O)O[C@@]12O[C@@H]1[C@@H](CO)O[C@H]2n1cnc2c(=O)[nH]c(=O)[nH]c21,XanthosineOnly_gen3
O=c1[nH]c(=O)c2ncn([C@@H]3O[C@H](CO)[C@@H](O)[C@H]3O)c2[nH]1,CC(O)O[C@@]12OC[C@H]1O[C@@H](n1cnc3c(=O)[nH]c(=O)[nH]c31)[C@@]2(C)O,XanthosineOnly_gen3
O=c1[nH]c(=O)c2ncn([C@@H]3O[C@H](CO)[C@@H](O)[C@H]3O)c2[nH]1,CCc1nc2c(=O)[nH]c(=O)[nH]c2n1[C@@H]1O[C@H](CO)[C@@H](O)[C@H]1OC=O,XanthosineOnly_gen3
O=c1[nH]c(=O)c2ncn([C@@H]3O[C@H](CO)[C@@H](O)[C@H]3O)c2[nH]1,CO[C@@H]1[C@@H](COC=O)O[C@@H](n2cnc3c(=O)[nH]c(=O)[nH]c32)[C@@]1(C)O,XanthosineOnly_gen3
O=c1[nH]c(=O)c2ncn([C@@H]3O[C@H](CO)[C@@H](O)[C@H]3O)c2[nH]1,Cc1nc2c(=O)[nH]c(=O)[nH]c2n1[C@@H]1O[C@H](CO)[C@](C)(O)[C@H]1OC=O,XanthosineOnly_gen3
O=c1[nH]c(=O)c2ncn([C@@H]3O[C@H](CO)[C@@H](O)[C@H]3O)c2[nH]1,CC(O)O[C@H]1[C@@H](O)[C@H](n2cnc3c(=O)[nH]c(=O)[nH]c32)O[C@]12OC2C,XanthosineOnly_gen3
O=c1[nH]c(=O)c2ncn([C@@H]3O[C@H](CO)[C@@H](O)[C@H]3O)c2[nH]1,COC(C)O[C@H]1[C@@H](O)[C@H]2O[C@@H]1COc1nc3c(=O)[nH]c(=O)[nH]c3n12,XanthosineOnly_gen3
O=c1[nH]c(=O)c2ncn([C@@H]3O[C@H](CO)[C@@H](O)[C@H]3O)c2[nH]1,CC(O)OC1O[C@@]2(C)[C@H](O)[C@@H]1O[C@H]2n1cnc2c(=O)[nH]c(=O)[nH]c21,XanthosineOnly_gen3
O=c1[nH]c(=O)c2ncn([C@@H]3O[C@H](CO)[C@@H](O)[C@H]3O)c2[nH]1,CC(C)(O)O[C@@H]1[C@@H]2OC(O)[C@H]2O[C@H]1n1cnc2c(=O)[nH]c(=O)[nH]c21,XanthosineOnly_gen3
O=c1[nH]c(=O)c2ncn([C@@H]3O[C@H](CO)[C@@H](O)[C@H]3O)c2[nH]1,CC(O)O[C@@]1(C)[C@H](O)[C@H]2CO[C@]1(n1cnc3c(=O)[nH]c(=O)[nH]c31)O2,XanthosineOnly_gen3
O=c1[nH]c(=O)c2ncn([C@@H]3O[C@H](CO)[C@@H](O)[C@H]3O)c2[nH]1,COC1O[C@@H]2[C@H](OC(C)O)[C@@H]1O[C@H]2n1cnc2c(=O)[nH]c(=O)[nH]c21,XanthosineOnly_gen3
O=c1[nH]c(=O)c2ncn([C@@H]3O[C@H](CO)[C@@H](O)[C@H]3O)c2[nH]1,CC(O)O[C@]1(C)[C@@H](O)[C@]2(n3cnc4c(=O)[nH]c(=O)[nH]c43)OC[C@H]1O2,XanthosineOnly_gen3
O=c1[nH]c(=O)c2ncn([C@@H]3O[C@H](CO)[C@@H](O)[C@H]3O)c2[nH]1,CO[C@H]1[C@@H](O)[C@H](n2cnc3c(=O)[nH]c(=O)[nH]c32)O[C@@]1(C)COC=O,XanthosineOnly_gen3
O=c1[nH]c(=O)c2ncn([C@@H]3O[C@H](CO)[C@@H](O)[C@H]3O)c2[nH]1,CC(O)O[C@H]1[C@@H](O)[C@@](C)(n2cnc3c(=O)[nH]c(=O)[nH]c32)O[C@@]12CO2,XanthosineOnly_gen3
O=c1[nH]c(=O)c2ncn([C@@H]3O[C@H](CO)[C@@H](O)[C@H]3O)c2[nH]1,CC(O)OC[C@]1(C)O[C@@]2(n3cnc4c(=O)[nH]c(=O)[nH]c43)O[C@@H]2[C@@H]1O,XanthosineOnly_gen3
O=c1[nH]c(=O)c2ncn([C@@H]3O[C@H](CO)[C@@H](O)[C@H]3O)c2[nH]1,CC(O)OC[C@H]1O[C@@]2(n3cnc4c(=O)[nH]c(=O)[nH]c43)O[C@]1(C)[C@H]2O,XanthosineOnly_gen3
O=c1[nH]c(=O)c2ncn([C@@H]3O[C@H](CO)[C@@H](O)[C@H]3O)c2[nH]1,CC(O)OC[C@H]1O[C@@H](n2cnc3c(=O)[nH]c(=O)[nH]c32)[C@@]2(C)O[C@]12O,XanthosineOnly_gen3
O=c1[nH]c(=O)c2ncn([C@@H]3O[C@H](CO)[C@@H](O)[C@H]3O)c2[nH]1,CC(O)O[C@H]1[C@@H](O)[C@]2(n3cnc4c(=O)[nH]c(=O)[nH]c43)COC[C@H]1O2,XanthosineOnly_gen3
O=c1[nH]c(=O)c2ncn([C@@H]3O[C@H](CO)[C@@H](O)[C@H]3O)c2[nH]1,O=c1[nH]c(=O)c2ncn([C@@H]3O[C@@H]4COC(O)CCO[C@@H]3[C@@H]4O)c2[nH]1,XanthosineOnly_gen3
O=c1[nH]c(=O)c2ncn([C@@H]3O[C@H](CO)[C@@H](O)[C@H]3O)c2[nH]1,CC(O)OC1O[C@H]2[C@H](n3cnc4c(=O)[nH]c(=O)[nH]c43)O[C@H]1[C@]2(C)O,XanthosineOnly_gen3
O=c1[nH]c(=O)c2ncn([C@@H]3O[C@H](CO)[C@@H](O)[C@H]3O)c2[nH]1,CC(C)(OC=O)[C@H]1O[C@@H](n2cnc3c(=O)[nH]c(=O)[nH]c32)[C@H](O)[C@@H]1O,XanthosineOnly_gen3
O=c1[nH]c(=O)c2ncn([C@@H]3O[C@H](CO)[C@@H](O)[C@H]3O)c2[nH]1,CC(O)O[C@@H]1[C@H](O)[C@H]2COc3nc4c(=O)[nH]c(=O)[nH]c4n3[C@@]1(C)O2,XanthosineOnly_gen3
O=c1[nH]c(=O)c2ncn([C@@H]3O[C@H](CO)[C@@H](O)[C@H]3O)c2[nH]1,CC(O)OC[C@H]1O[C@](C)(n2cnc3c(=O)[nH]c(=O)[nH]c32)[C@@H]2O[C@@]21O,XanthosineOnly_gen3
O=c1[nH]c(=O)c2ncn([C@@H]3O[C@H](CO)[C@@H](O)[C@H]3O)c2[nH]1,C[C@]1(n2cnc3c(=O)[nH]c(=O)[nH]c32)O[C@@H]2COCC(O)O[C@@H]1[C@@H]2O,XanthosineOnly_gen3
O=c1[nH]c(=O)c2ncn([C@@H]3O[C@H](CO)[C@@H](O)[C@H]3O)c2[nH]1,CC(O)O[C@@]1(C)[C@H](O)[C@H]2COc3nc4c(=O)[nH]c(=O)[nH]c4n3[C@@H]1O2,XanthosineOnly_gen3
O=c1[nH]c(=O)c2ncn([C@@H]3O[C@H](CO)[C@@H](O)[C@H]3O)c2[nH]1,CC(O)OC[C@H]1O[C@@H]2[C@H](Oc3nc4c(=O)[nH]c(=O)[nH]c4n32)[C@@]1(C)O,XanthosineOnly_gen3
O=c1[nH]c(=O)c2ncn([C@@H]3O[C@H](CO)[C@@H](O)[C@H]3O)c2[nH]1,CC(O)O[C@@H]1[C@]2(O)OC[C@H]2O[C@]1(C)n1cnc2c(=O)[nH]c(=O)[nH]c21,XanthosineOnly_gen3
O=c1[nH]c(=O)c2ncn([C@@H]3O[C@H](CO)[C@@H](O)[C@H]3O)c2[nH]1,CC(C)(O)O[C@@H]1[C@H](O)[C@H]2COc3nc4c(=O)[nH]c(=O)[nH]c4n3[C@@H]1O2,XanthosineOnly_gen3
O=c1[nH]c(=O)c2ncn([C@@H]3O[C@H](CO)[C@@H](O)[C@H]3O)c2[nH]1,COC[C@]1(C)O[C@@H](n2cnc3c(=O)[nH]c(=O)[nH]c32)[C@H](OC=O)[C@@H]1O,XanthosineOnly_gen3
O=c1[nH]c(=O)c2ncn([C@@H]3O[C@H](CO)[C@@H](O)[C@H]3O)c2[nH]1,CC(O)O[C@H]1[C@H](n2cnc3c(=O)[nH]c(=O)[nH]c32)O[C@@]2(CO2)[C@]1(C)O,XanthosineOnly_gen3
O=c1[nH]c(=O)c2ncn([C@@H]3O[C@H](CO)[C@@H](O)[C@H]3O)c2[nH]1,O=c1[nH]c(=O)c2ncn([C@@H]3O[C@H](CO)[C@H]4OCCC(O)O[C@H]43)c2[nH]1,XanthosineOnly_gen3
O=c1[nH]c(=O)c2ncn([C@@H]3O[C@H](CO)[C@@H](O)[C@H]3O)c2[nH]1,C[C@@]1(O)[C@@H](O)[C@@](C)(n2cnc3c(=O)[nH]c(=O)[nH]c32)O[C@@H]1COC=O,XanthosineOnly_gen3
O=c1[nH]c(=O)c2ncn([C@@H]3O[C@H](CO)[C@@H](O)[C@H]3O)c2[nH]1,CC(O)OC[C@H]1O[C@@]2(C)[C@H](Oc3nc4c(=O)[nH]c(=O)[nH]c4n32)[C@@H]1O,XanthosineOnly_gen3
O=c1[nH]c(=O)c2ncn([C@@H]3O[C@H](CO)[C@@H](O)[C@H]3O)c2[nH]1,CC(C)(O)O[C@H]1[C@H](n2cnc3c(=O)[nH]c(=O)[nH]c32)O[C@@H]2CO[C@]21O,XanthosineOnly_gen3
O=c1[nH]c(=O)c2ncn([C@@H]3O[C@H](CO)[C@@H](O)[C@H]3O)c2[nH]1,CC(O)O[C@@H]1[C@@H]2O[C@@H](n3cnc4c(=O)[nH]c(=O)[nH]c43)[C@]1(O)OC2C,XanthosineOnly_gen3
O=c1[nH]c(=O)c2ncn([C@@H]3O[C@H](CO)[C@@H](O)[C@H]3O)c2[nH]1,CC(O)O[C@@H]1[C@H](O)[C@@H](C2CO2)O[C@H]1n1cnc2c(=O)[nH]c(=O)[nH]c21,XanthosineOnly_gen3
O=c1[nH]c(=O)c2ncn([C@@H]3O[C@H](CO)[C@@H](O)[C@H]3O)c2[nH]1,CC(C)(O)OC[C@]12O[C@@H](n3cnc4c(=O)[nH]c(=O)[nH]c43)[C@H](O)[C@@H]1O2,XanthosineOnly_gen3
O=c1[nH]c(=O)c2ncn([C@@H]3O[C@H](CO)[C@@H](O)[C@H]3O)c2[nH]1,COC1COC[C@H]2O[C@@H](n3cnc4c(=O)[nH]c(=O)[nH]c43)[C@H](O1)[C@@H]2O,XanthosineOnly_gen3
O=c1[nH]c(=O)c2ncn([C@@H]3O[C@H](CO)[C@@H](O)[C@H]3O)c2[nH]1,COC(C)O[C@@H]1[C@H](O)[C@H]2CO[C@]1(n1cnc3c(=O)[nH]c(=O)[nH]c31)O2,XanthosineOnly_gen3
O=c1[nH]c(=O)c2ncn([C@@H]3O[C@H](CO)[C@@H](O)[C@H]3O)c2[nH]1,CO[C@@H]1[C@@H]2O[C@]1(n1cnc3c(=O)[nH]c(=O)[nH]c31)O[C@@H]2COC(C)O,XanthosineOnly_gen3
O=c1[nH]c(=O)c2ncn([C@@H]3O[C@H](CO)[C@@H](O)[C@H]3O)c2[nH]1,CC(O)OC[C@@]12O[C@H]1[C@](C)(O)[C@H](n1cnc3c(=O)[nH]c(=O)[nH]c31)O2,XanthosineOnly_gen3
O=c1[nH]c(=O)c2ncn([C@@H]3O[C@H](CO)[C@@H](O)[C@H]3O)c2[nH]1,C[C@]12OCC(O)O[C@@H]1[C@@H](CO)O[C@H]2n1cnc2c(=O)[nH]c(=O)[nH]c21,XanthosineOnly_gen3
O=c1[nH]c(=O)c2ncn([C@@H]3O[C@H](CO)[C@@H](O)[C@H]3O)c2[nH]1,CC(O)O[C@]1(C)[C@H]2O[C@]2(n2cnc3c(=O)[nH]c(=O)[nH]c32)O[C@@H]1CO,XanthosineOnly_gen3
O=c1[nH]c(=O)c2ncn([C@@H]3O[C@H](CO)[C@@H](O)[C@H]3O)c2[nH]1,COC(C)O[C@@]12O[C@@H]1[C@@H](CO)O[C@H]2n1cnc2c(=O)[nH]c(=O)[nH]c21,XanthosineOnly_gen3
O=c1[nH]c(=O)c2ncn([C@@H]3O[C@H](CO)[C@@H](O)[C@H]3O)c2[nH]1,Cc1nc2c(=O)[nH]c(=O)[nH]c2n1[C@@H]1O[C@H](C(C)OC=O)[C@@H](O)[C@H]1O,XanthosineOnly_gen3
O=c1[nH]c(=O)c2ncn([C@@H]3O[C@H](CO)[C@@H](O)[C@H]3O)c2[nH]1,CC(O)O[C@@H]1[C@@H]2OC[C@]1(n1cnc3c(=O)[nH]c(=O)[nH]c31)O[C@@H]2CO,XanthosineOnly_gen3
O=c1[nH]c(=O)c2ncn([C@@H]3O[C@H](CO)[C@@H](O)[C@H]3O)c2[nH]1,Cc1nc2c(=O)[nH]c(=O)[nH]c2n1[C@@H]1O[C@@H]2COCC(O)O[C@H]2[C@H]1O,XanthosineOnly_gen3
O=c1[nH]c(=O)c2ncn([C@@H]3O[C@H](CO)[C@@H](O)[C@H]3O)c2[nH]1,CC(O)O[C@@H]1[C@H]2COC[C@@]1(O)[C@H](n1cnc3c(=O)[nH]c(=O)[nH]c31)O2,XanthosineOnly_gen3
O=c1[nH]c(=O)c2ncn([C@@H]3O[C@H](CO)[C@@H](O)[C@H]3O)c2[nH]1,CC(O)OC1CO[C@@H]2[C@H](O)[C@@H]1O[C@H]2n1cnc2c(=O)[nH]c(=O)[nH]c21,XanthosineOnly_gen3
O=c1[nH]c(=O)c2ncn([C@@H]3O[C@H](CO)[C@@H](O)[C@H]3O)c2[nH]1,CC(O)O[C@@H]1[C@@H](CO)O[C@H]2n3c(nc4c(=O)[nH]c(=O)[nH]c43)O[C@@]12C,XanthosineOnly_gen3
O=c1[nH]c(=O)c2ncn([C@@H]3O[C@H](CO)[C@@H](O)[C@H]3O)c2[nH]1,CC(O)O[C@@]1(C)[C@@H]2O[C@]1(n1cnc3c(=O)[nH]c(=O)[nH]c31)O[C@@H]2CO,XanthosineOnly_gen3
O=c1[nH]c(=O)c2ncn([C@@H]3O[C@H](CO)[C@@H](O)[C@H]3O)c2[nH]1,CC(O)O[C@H]1[C@H]2OC(O)[C@]1(C)O[C@H]2n1cnc2c(=O)[nH]c(=O)[nH]c21,XanthosineOnly_gen3
O=c1[nH]c(=O)c2ncn([C@@H]3O[C@H](CO)[C@@H](O)[C@H]3O)c2[nH]1,COC(C)[C@H]1O[C@@H](n2cnc3c(=O)[nH]c(=O)[nH]c32)[C@H](O)[C@@H]1OC=O,XanthosineOnly_gen3
O=c1[nH]c(=O)c2ncn([C@@H]3O[C@H](CO)[C@@H](O)[C@H]3O)c2[nH]1,CC(O)[C@H]1O[C@@H](n2cnc3c(=O)[nH]c(=O)[nH]c32)[C@@H]2OC(O)CO[C@@H]21,XanthosineOnly_gen3
O=c1[nH]c(=O)c2ncn([C@@H]3O[C@H](CO)[C@@H](O)[C@H]3O)c2[nH]1,CC(O)O[C@H]1[C@H]2Oc3nc4c(=O)[nH]c(=O)[nH]c4n3[C@@]2(C)O[C@@H]1CO,XanthosineOnly_gen3
O=c1[nH]c(=O)c2ncn([C@@H]3O[C@H](CO)[C@@H](O)[C@H]3O)c2[nH]1,COC(C)O[C@H]1[C@H](n2cnc3c(=O)[nH]c(=O)[nH]c32)O[C@]2(CO)O[C@@H]12,XanthosineOnly_gen3
O=c1[nH]c(=O)c2ncn([C@@H]3O[C@H](CO)[C@@H](O)[C@H]3O)c2[nH]1,CC(O)OC[C@H]1O[C@@]2(n3cnc4c(=O)[nH]c(=O)[nH]c43)CO[C@@H]2[C@@H]1O,XanthosineOnly_gen3
O=c1[nH]c(=O)c2ncn([C@@H]3O[C@H](CO)[C@@H](O)[C@H]3O)c2[nH]1,C[C@]1(n2cnc3c(=O)[nH]c(=O)[nH]c32)O[C@@H]2COC(O)CO[C@H]2[C@H]1O,XanthosineOnly_gen3
O=c1[nH]c(=O)c2ncn([C@@H]3O[C@H](CO)[C@@H](O)[C@H]3O)c2[nH]1,COC(C)O[C@H]1[C@@H](O)[C@H](n2cnc3c(=O)[nH]c(=O)[nH]c32)O[C@@]12CO2,XanthosineOnly_gen3
O=c1[nH]c(=O)c2ncn([C@@H]3O[C@H](CO)[C@@H](O)[C@H]3O)c2[nH]1,CO[C@H]1[C@H](n2cnc3c(=O)[nH]c(=O)[nH]c32)O[C@H](CO)[C@]1(C)OC=O,XanthosineOnly_gen3
O=c1[nH]c(=O)c2ncn([C@@H]3O[C@H](CO)[C@@H](O)[C@H]3O)c2[nH]1,C[C@]1(O)[C@@H]2OCC(O)OC[C@H]2O[C@H]1n1cnc2c(=O)[nH]c(=O)[nH]c21,XanthosineOnly_gen3
O=c1[nH]c(=O)c2ncn([C@@H]3O[C@H](CO)[C@@H](O)[C@H]3O)c2[nH]1,C[C@]12COC(O)CO[C@H]1[C@@H](O)[C@H](n1cnc3c(=O)[nH]c(=O)[nH]c31)O2,XanthosineOnly_gen3
O=c1[nH]c(=O)c2ncn([C@@H]3O[C@H](CO)[C@@H](O)[C@H]3O)c2[nH]1,CC(O)OC[C@H]1O[C@@H]2[C@H](OCc3nc4c(=O)[nH]c(=O)[nH]c4n32)[C@@H]1O,XanthosineOnly_gen3
O=c1[nH]c(=O)c2ncn([C@@H]3O[C@H](CO)[C@@H](O)[C@H]3O)c2[nH]1,CC(N)O[C@H]1[C@@H](O)[C@H](n2cnc3c(=O)[nH]c(=O)[nH]c32)O[C@@H]1C(=O)O,XanthosineOnly_gen3
O=c1[nH]c(=O)c2ncn([C@@H]3O[C@H](CO)[C@@H](O)[C@H]3O)c2[nH]1,CC(O)O[C@H]1[C@H](n2c[n+](C)c3c(=O)[nH]c(=O)[nH]c32)O[C@@H]2CO[C@]21O,XanthosineOnly_gen3
O=c1[nH]c(=O)c2ncn([C@@H]3O[C@H](CO)[C@@H](O)[C@H]3O)c2[nH]1,CC(O)O[C@@H]1[C@@H]2OC[n+]3cn(c4[nH]c(=O)[nH]c(=O)c43)[C@@H]1O[C@@H]2CO,XanthosineOnly_gen3
O=c1[nH]c(=O)c2ncn([C@@H]3O[C@H](CO)[C@@H](O)[C@H]3O)c2[nH]1,C[n+]1cn([C@@H]2O[C@@](C)(CO)[C@@H](OC=O)[C@H]2O)c2[nH]c(=O)[nH]c(=O)c21,XanthosineOnly_gen3
O=c1[nH]c(=O)c2ncn([C@@H]3O[C@H](CO)[C@@H](O)[C@H]3O)c2[nH]1,C[n+]1cn([C@@H]2O[C@H](COC=O)[C@](C)(O)[C@H]2O)c2[nH]c(=O)[nH]c(=O)c21,XanthosineOnly_gen3
O=c1[nH]c(=O)c2ncn([C@@H]3O[C@H](CO)[C@@H](O)[C@H]3O)c2[nH]1,C[n+]1cn([C@@H]2O[C@@](C)(COC=O)[C@@H](O)[C@H]2O)c2[nH]c(=O)[nH]c(=O)c21,XanthosineOnly_gen3
O=c1[nH]c(=O)c2ncn([C@@H]3O[C@H](CO)[C@@H](O)[C@H]3O)c2[nH]1,CC(O)O[C@@]12O[C@@H]1[C@@H](CO)O[C@H]2n1c[n+](C)c2c(=O)[nH]c(=O)[nH]c21,XanthosineOnly_gen3
O=c1[nH]c(=O)c2ncn([C@@H]3O[C@H](CO)[C@@H](O)[C@H]3O)c2[nH]1,C[n+]1cn([C@@H]2O[C@H](CO)[C@@H](OC=O)[C@]2(C)O)c2[nH]c(=O)[nH]c(=O)c21,XanthosineOnly_gen3
O=c1[nH]c(=O)c2ncn([C@@H]3O[C@H](CO)[C@@H](O)[C@H]3O)c2[nH]1,C[n+]1cn([C@@H]2O[C@@H]3COCC(O)O[C@H]3[C@H]2O)c2[nH]c(=O)[nH]c(=O)c21,XanthosineOnly_gen3
O=c1[nH]c(=O)c2ncn([C@@H]3O[C@H](CO)[C@@H](O)[C@H]3O)c2[nH]1,CC(O)O[C@H]1[C@H]2O[C@]2(n2c[n+](C)c3c(=O)[nH]c(=O)[nH]c32)O[C@@H]1CO,XanthosineOnly_gen3
O=c1[nH]c(=O)c2ncn([C@@H]3O[C@H](CO)[C@@H](O)[C@H]3O)c2[nH]1,CC(O)[C@H]1O[C@@H](n2c[n+](C)c3c(=O)[nH]c(=O)[nH]c32)[C@H](OC=O)[C@@H]1O,XanthosineOnly_gen3
O=c1[nH]c(=O)c2ncn([C@@H]3O[C@H](CO)[C@@H](O)[C@H]3O)c2[nH]1,CC(O)OC[C@H]1O[C@@H](n2c[n+](C)c3c(=O)[nH]c(=O)[nH]c32)[C@@H]2O[C@]12O,XanthosineOnly_gen3
O=c1[nH]c(=O)c2ncn([C@@H]3O[C@H](CO)[C@@H](O)[C@H]3O)c2[nH]1,CC(O)O[C@@H]1[C@H]2CO[C@@]1(O)[C@H](n1c[n+](C)c3c(=O)[nH]c(=O)[nH]c31)O2,XanthosineOnly_gen3
O=c1[nH]c(=O)c2ncn([C@@H]3O[C@H](CO)[C@@H](O)[C@H]3O)c2[nH]1,C[n+]1cn([C@@H]2O[C@H](CO)[C@H]3OCC(O)O[C@H]32)c2[nH]c(=O)[nH]c(=O)c21,XanthosineOnly_gen3
O=c1[nH]c(=O)c2ncn([C@@H]3O[C@H](CO)[C@@H](O)[C@H]3O)c2[nH]1,CC(O)OC1O[C@H]2[C@@H](O)[C@H](n3c[n+](C)c4c(=O)[nH]c(=O)[nH]c43)O[C@H]12,XanthosineOnly_gen3
O=c1[nH]c(=O)c2ncn([C@@H]3O[C@H](CO)[C@@H](O)[C@H]3O)c2[nH]1,C[n+]1cn([C@@]2(C)O[C@H](CO)[C@@H](OC=O)[C@H]2O)c2[nH]c(=O)[nH]c(=O)c21,XanthosineOnly_gen3
O=c1[nH]c(=O)c2ncn([C@@H]3O[C@H](CO)[C@@H](O)[C@H]3O)c2[nH]1,CC(O)OC[C@H]1O[C@@H]2[C@H](O)[C@@H]1OC[n+]1cn2c2[nH]c(=O)[nH]c(=O)c21,XanthosineOnly_gen3
O=c1[nH]c(=O)c2ncn([C@@H]3O[C@H](CO)[C@@H](O)[C@H]3O)c2[nH]1,Cc1n([C@@H]2O[C@H](COC=O)[C@@H](O)[C@H]2O)c2[nH]c(=O)[nH]c(=O)c2[n+]1C,XanthosineOnly_gen3
O=c1[nH]c(=O)c2ncn([C@@H]3O[C@H](CO)[C@@H](O)[C@H]3O)c2[nH]1,CC(O)O[C@H]1[C@H]2OC(O)[C@H]1O[C@H]2n1c[n+](C)c2c(=O)[nH]c(=O)[nH]c21,XanthosineOnly_gen3
O=c1[nH]c(=O)c2ncn([C@@H]3O[C@H](CO)[C@@H](O)[C@H]3O)c2[nH]1,CC(OC=O)[C@H]1O[C@@H](n2c[n+](C)c3c(=O)[nH]c(=O)[nH]c32)[C@H](O)[C@@H]1O,XanthosineOnly_gen3
O=c1[nH]c(=O)c2ncn([C@@H]3O[C@H](CO)[C@@H](O)[C@H]3O)c2[nH]1,CC(O)O[C@@H]1[C@H](O)[C@H]2CO[C@]1(n1c[n+](C)c3c(=O)[nH]c(=O)[nH]c31)O2,XanthosineOnly_gen3
O=c1[nH]c(=O)c2ncn([C@@H]3O[C@H](CO)[C@@H](O)[C@H]3O)c2[nH]1,CC(O)OC[C@H]1O[C@@H](n2c[n+](C)c3c(=O)[nH]c(=O)[nH]c32)[C@]2(O)O[C@H]12,XanthosineOnly_gen3
O=c1[nH]c(=O)c2ncn([C@@H]3O[C@H](CO)[C@@H](O)[C@H]3O)c2[nH]1,C[n+]1cn([C@@H]2O[C@H](CO)[C@@H](O)[C@]2(C)OC=O)c2[nH]c(=O)[nH]c(=O)c21,XanthosineOnly_gen3
O=c1[nH]c(=O)c2ncn([C@@H]3O[C@H](CO)[C@@H](O)[C@H]3O)c2[nH]1,CC(O)O[C@H]1[C@H](n2c[n+](C)c3c(=O)[nH]c(=O)[nH]c32)O[C@]2(CO)O[C@@H]12,XanthosineOnly_gen3
O=c1[nH]c(=O)c2ncn([C@@H]3O[C@H](CO)[C@@H](O)[C@H]3O)c2[nH]1,Cc1n([C@@H]2O[C@H](CO)[C@@H](OC=O)[C@H]2O)c2[nH]c(=O)[nH]c(=O)c2[n+]1C,XanthosineOnly_gen3
O=c1[nH]c(=O)c2ncn([C@@H]3O[C@H](CO)[C@@H](O)[C@H]3O)c2[nH]1,CC(O)OC[C@H]1O[C@@]2(n3c[n+](C)c4c(=O)[nH]c(=O)[nH]c43)O[C@H]1[C@H]2O,XanthosineOnly_gen3
O=c1[nH]c(=O)c2ncn([C@@H]3O[C@H](CO)[C@@H](O)[C@H]3O)c2[nH]1,C[n+]1cn([C@@]2(C)O[C@H](COC=O)[C@@H](O)[C@H]2O)c2[nH]c(=O)[nH]c(=O)c21,XanthosineOnly_gen3
O=c1[nH]c(=O)c2ncn([C@@H]3O[C@H](CO)[C@@H](O)[C@H]3O)c2[nH]1,CC(O)OC[C@]12O[C@@H]([C@H](n3c[n+](C)c4c(=O)[nH]c(=O)[nH]c43)O1)[C@@H]2O,XanthosineOnly_gen3
O=c1[nH]c(=O)c2ncn([C@@H]3O[C@H](CO)[C@@H](O)[C@H]3O)c2[nH]1,CC(O)O[C@H]1[C@@H](O)[C@H]2O[C@@H]1COC[n+]1cn2c2[nH]c(=O)[nH]c(=O)c21,XanthosineOnly_gen3
O=c1[nH]c(=O)c2ncn([C@@H]3O[C@H](CO)[C@@H](O)[C@H]3O)c2[nH]1,C[n+]1cn([C@@H]2O[C@@H]3COC(O)CO[C@@H]2[C@@H]3O)c2[nH]c(=O)[nH]c(=O)c21,XanthosineOnly_gen3
O=c1[nH]c(=O)c2ncn([C@@H]3O[C@H](CO)[C@@H](O)[C@H]3O)c2[nH]1,CC(O)O[C@@H]1[C@H](O)[C@H]2COc3n(c4[nH]c(=O)[nH]c(=O)c4[n+]3C)[C@@H]1O2,XanthosineOnly_gen3
O=c1[nH]c(=O)c2ncn([C@@H]3O[C@H](CO)[C@@H](O)[C@H]3O)c2[nH]1,CC(O)O[C@@]12OC[C@H]1O[C@@H](n1c[n+](C)c3c(=O)[nH]c(=O)[nH]c31)[C@@H]2O,XanthosineOnly_gen3
O=c1[nH]c(=O)c2ncn([C@@H]3O[C@H](CO)[C@@H](O)[C@H]3O)c2[nH]1,CC(O)O[C@]12OC[C@@H](O[C@H]1n1c[n+](C)c3c(=O)[nH]c(=O)[nH]c31)[C@H]2O,XanthosineOnly_gen3
O=c1[nH]c(=O)c2ncn([C@@H]3O[C@H](CO)[C@@H](O)[C@H]3O)c2[nH]1,CC(O)OC[C@H]1O[C@@H]2[C@H](Oc3n2c2[nH]c(=O)[nH]c(=O)c2[n+]3C)[C@@H]1O,XanthosineOnly_gen3
O=c1[nH]c(=O)c2ncn([C@@H]3O[C@H](CO)[C@@H](O)[C@H]3O)c2[nH]1,CC(O)O[C@H]1[C@H]2Oc3n(c4[nH]c(=O)[nH]c(=O)c4[n+]3C)[C@@H]2O[C@@H]1CO,XanthosineOnly_gen3
O=c1[nH]c(=O)c2ncn([C@@H]3O[C@H](CO)[C@@H](O)[C@H]3O)c2[nH]1,CC(O)O[C@]12O[C@H]1[C@H](n1c[n+](C)c3c(=O)[nH]c(=O)[nH]c31)O[C@@H]2CO,XanthosineOnly_gen3
O=c1[nH]c(=O)c2ncn([C@@H]3O[C@H](CO)[C@@H](O)[C@H]3O)c2[nH]1,CC[n+]1cn([C@@H]2O[C@H](CO)[C@@H](O)[C@H]2OC=O)c2[nH]c(=O)[nH]c(=O)c21,XanthosineOnly_gen3
O=c1[nH]c(=O)c2ncn([C@@H]3O[C@H](CO)[C@@H](O)[C@H]3O)c2[nH]1,CC(O)O[C@H]1[C@@H](O)[C@H](n2c[n+](C)c3c(=O)[nH]c(=O)[nH]c32)O[C@@]12CO2,XanthosineOnly_gen3
O=c1[nH]c(=O)c2ncn([C@@H]3O[C@H](CO)[C@@H](O)[C@H]3O)c2[nH]1,CC(N)O[C@@]1(C)[C@@H](CO)O[C@@H](n2cnc3c(=O)[nH]c(=O)[nH]c32)[C@@H]1O,XanthosineOnly_gen3
O=c1[nH]c(=O)c2ncn([C@@H]3O[C@H](CO)[C@@H](O)[C@H]3O)c2[nH]1,CO[C@H]1[C@@H](O)[C@H](n2cnc3c(=O)[nH]c(=O)[nH]c32)O[C@@H]1COC(C)N,XanthosineOnly_gen3
O=c1[nH]c(=O)c2ncn([C@@H]3O[C@H](CO)[C@@H](O)[C@H]3O)c2[nH]1,CC(N)O[C@H]1[C@@H](O)[C@H](n2cnc3c(=O)[nH]c(=O)[nH]c32)O[C@@]1(C)CO,XanthosineOnly_gen3
O=c1[nH]c(=O)c2ncn([C@@H]3O[C@H](CO)[C@@H](O)[C@H]3O)c2[nH]1,CC(N)O[C@@H]1[C@@H](CO)O[C@@H](n2cnc3c(=O)[nH]c(=O)[nH]c32)[C@@]1(C)O,XanthosineOnly_gen3
O=c1[nH]c(=O)c2ncn([C@@H]3O[C@H](CO)[C@@H](O)[C@H]3O)c2[nH]1,CC(N)O[C@@H]1[C@H](O)[C@@H](C(C)O)O[C@H]1n1cnc2c(=O)[nH]c(=O)[nH]c21,XanthosineOnly_gen3
O=c1[nH]c(=O)c2ncn([C@@H]3O[C@H](CO)[C@@H](O)[C@H]3O)c2[nH]1,CC(N)O[C@H]1[C@@H](O)[C@@](C)(n2cnc3c(=O)[nH]c(=O)[nH]c32)O[C@@H]1CO,XanthosineOnly_gen3
O=c1[nH]c(=O)c2ncn([C@@H]3O[C@H](CO)[C@@H](O)[C@H]3O)c2[nH]1,Cc1nc2c(=O)[nH]c(=O)[nH]c2n1[C@@H]1O[C@H](CO)[C@@H](OC(C)N)[C@H]1O,XanthosineOnly_gen3
O=c1[nH]c(=O)c2ncn([C@@H]3O[C@H](CO)[C@@H](O)[C@H]3O)c2[nH]1,O=c1[nH]c(=O)c2ncn([C@@H]3O[C@H](CO)[C@H]4OC(O)OCO[C@H]43)c2[nH]1,XanthosineOnly_gen3
O=c1[nH]c(=O)c2ncn([C@@H]3O[C@H](CO)[C@@H](O)[C@H]3O)c2[nH]1,O=c1[nH]c(=O)c2ncn([C@@H]3O[C@@H]4CO[C@]3(O)[C@@H]4OC(O)CO)c2[nH]1,XanthosineOnly_gen3
O=c1[nH]c(=O)c2ncn([C@@H]3O[C@H](CO)[C@@H](O)[C@H]3O)c2[nH]1,O=c1[nH]c(=O)c2ncn([C@]34O[C@@H]([C@H]3O)[C@@H](COC(O)CO)O4)c2[nH]1,XanthosineOnly_gen3
O=c1[nH]c(=O)c2ncn([C@@H]3O[C@H](CO)[C@@H](O)[C@H]3O)c2[nH]1,O=c1[nH]c(=O)c2ncn([C@@H]3O[C@@]4(CO4)[C@@H](O)[C@H]3OC(O)CO)c2[nH]1,XanthosineOnly_gen3
O=c1[nH]c(=O)c2ncn([C@@H]3O[C@H](CO)[C@@H](O)[C@H]3O)c2[nH]1,O=CC(O)O[C@H]1[C@@H](O)[C@H](n2cnc3c(=O)[nH]c(=O)[nH]c32)O[C@@H]1CO,XanthosineOnly_gen3
O=c1[nH]c(=O)c2ncn([C@@H]3O[C@H](CO)[C@@H](O)[C@H]3O)c2[nH]1,O=c1[nH]c(=O)c2ncn([C@@H]3O[C@H](CO)[C@@]4(OCC(O)O4)[C@H]3O)c2[nH]1,XanthosineOnly_gen3
O=c1[nH]c(=O)c2ncn([C@@H]3O[C@H](CO)[C@@H](O)[C@H]3O)c2[nH]1,CC(O)O[C@@H]1[C@H](O)[C@@H](C(=O)O)O[C@H]1n1cnc2c(=O)[nH]c(=O)[nH]c21,XanthosineOnly_gen3
O=c1[nH]c(=O)c2ncn([C@@H]3O[C@H](CO)[C@@H](O)[C@H]3O)c2[nH]1,O=c1[nH]c(=O)c2ncn([C@@H]3O[C@H](C4OCC(O)O4)[C@@H](O)[C@H]3O)c2[nH]1,XanthosineOnly_gen3
O=c1[nH]c(=O)c2ncn([C@@H]3O[C@H](CO)[C@@H](O)[C@H]3O)c2[nH]1,COC(O)OC[C@H]1O[C@@H]2[C@H](O)[C@@H]1Oc1nc3c(=O)[nH]c(=O)[nH]c3n12,XanthosineOnly_gen3
O=c1[nH]c(=O)c2ncn([C@@H]3O[C@H](CO)[C@@H](O)[C@H]3O)c2[nH]1,O=c1[nH]c(=O)c2nc3n(c2[nH]1)[C@@H]1O[C@H](COC(O)CO)[C@@H](O)[C@H]1O3,XanthosineOnly_gen3
O=c1[nH]c(=O)c2ncn([C@@H]3O[C@H](CO)[C@@H](O)[C@H]3O)c2[nH]1,O=c1[nH]c(=O)c2ncn([C@@H]3O[C@]4(COC(O)CO)O[C@@H]3[C@@H]4O)c2[nH]1,XanthosineOnly_gen3
O=c1[nH]c(=O)c2ncn([C@@H]3O[C@H](CO)[C@@H](O)[C@H]3O)c2[nH]1,O=c1[nH]c(=O)c2ncn([C@]34OCC(O)O[C@@H]([C@H]3O)[C@@H](CO)O4)c2[nH]1,XanthosineOnly_gen3
O=c1[nH]c(=O)c2ncn([C@@H]3O[C@H](CO)[C@@H](O)[C@H]3O)c2[nH]1,O=c1[nH]c(=O)c2ncn([C@@H]3O[C@@H]4COC(O)CO[C@]3(O)[C@@H]4O)c2[nH]1,XanthosineOnly_gen3
O=c1[nH]c(=O)c2ncn([C@@H]3O[C@H](CO)[C@@H](O)[C@H]3O)c2[nH]1,O=c1[nH]c(=O)c2nc3n(c2[nH]1)[C@@H]1O[C@H](CO3)[C@@H](O)[C@H]1OC(O)CO,XanthosineOnly_gen3
O=c1[nH]c(=O)c2ncn([C@@H]3O[C@H](CO)[C@@H](O)[C@H]3O)c2[nH]1,O=c1[nH]c(=O)c2ncn([C@@H]3O[C@@H]4COC(O)OCO[C@H]4[C@H]3O)c2[nH]1,XanthosineOnly_gen3
O=c1[nH]c(=O)c2ncn([C@@H]3O[C@H](CO)[C@@H](O)[C@H]3O)c2[nH]1,O=CO[C@@]1(CO)[C@H](O)[C@@H](CO)O[C@H]1n1cnc2c(=O)[nH]c(=O)[nH]c21,XanthosineOnly_gen3
O=c1[nH]c(=O)c2ncn([C@@H]3O[C@H](CO)[C@@H](O)[C@H]3O)c2[nH]1,O=c1[nH]c(=O)c2ncn([C@@H]3O[C@]4(CO)OCC(O)O[C@@H]3[C@@H]4O)c2[nH]1,XanthosineOnly_gen3
O=c1[nH]c(=O)c2ncn([C@@H]3O[C@H](CO)[C@@H](O)[C@H]3O)c2[nH]1,O=c1[nH]c(=O)c2ncn([C@@H]3O[C@H](CO)[C@@]4(O)OCC(O)O[C@@H]34)c2[nH]1,XanthosineOnly_gen3
O=c1[nH]c(=O)c2ncn([C@@H]3O[C@H](CO)[C@@H](O)[C@H]3O)c2[nH]1,O=c1[nH]c(=O)c2ncn([C@@H]3O[C@H](CO)[C@@]4(OC(O)CO)O[C@@H]34)c2[nH]1,XanthosineOnly_gen3
O=c1[nH]c(=O)c2ncn([C@@H]3O[C@H](CO)[C@@H](O)[C@H]3O)c2[nH]1,O=c1[nH]c(=O)c2ncn([C@@H]3O[C@@H]4C(O)O[C@H]4[C@H]3OC(O)CO)c2[nH]1,XanthosineOnly_gen3
O=c1[nH]c(=O)c2ncn([C@@H]3O[C@H](CO)[C@@H](O)[C@H]3O)c2[nH]1,O=c1[nH]c(=O)c2ncn([C@@H]3O[C@@H]4COCOC(O)O[C@@H]3[C@@H]4O)c2[nH]1,XanthosineOnly_gen3
O=c1[nH]c(=O)c2ncn([C@@H]3O[C@H](CO)[C@@H](O)[C@H]3O)c2[nH]1,O=CO[C@H]1[C@H](n2cnc3c(=O)[nH]c(=O)[nH]c32)OC(CO)(CO)[C@H]1O,XanthosineOnly_gen3
O=c1[nH]c(=O)c2ncn([C@@H]3O[C@H](CO)[C@@H](O)[C@H]3O)c2[nH]1,O=c1[nH]c(=O)c2nc3n(c2[nH]1)[C@@H]1O[C@H](CO)[C@@H](OC(O)CO3)[C@H]1O,XanthosineOnly_gen3
O=c1[nH]c(=O)c2ncn([C@@H]3O[C@H](CO)[C@@H](O)[C@H]3O)c2[nH]1,CC(O)(O)O[C@H]1[C@@H](O)[C@H](n2cnc3c(=O)[nH]c(=O)[nH]c32)O[C@@]12CO2,XanthosineOnly_gen3
O=c1[nH]c(=O)c2ncn([C@@H]3O[C@H](CO)[C@@H](O)[C@H]3O)c2[nH]1,O=c1[nH]c(=O)c2nc3n(c2[nH]1)[C@@H]1O[C@H](COC(O)CO3)[C@@H](O)[C@H]1O,XanthosineOnly_gen3
O=c1[nH]c(=O)c2ncn([C@@H]3O[C@H](CO)[C@@H](O)[C@H]3O)c2[nH]1,CC(N)O[C@H]1[C@@H](O)[C@H](n2c[n+](C)c3c(=O)[nH]c(=O)[nH]c32)O[C@@H]1CO,XanthosineOnly_gen3
O=c1[nH]c(=O)c2ncn([C@@H]3O[C@H](CO)[C@@H](O)[C@H]3O)c2[nH]1,N#CC(O)(Cl)[C@H]1O[C@@H](n2cnc3c(=O)[nH]c(=O)[nH]c32)[C@H](O)[C@@H]1O,XanthosineOnly_gen3
O=c1[nH]c(=O)c2ncn([C@@H]3O[C@H](CO)[C@@H](O)[C@H]3O)c2[nH]1,O=c1[nH]c(=O)c2ncn([C@@H]3O[C@@](CO)(COCO)[C@@H](O)[C@H]3O)c2[nH]1,XanthosineOnly_gen3
O=c1[nH]c(=O)c2ncn([C@@H]3O[C@H](CO)[C@@H](O)[C@H]3O)c2[nH]1,O=c1[nH]c(=O)c2nc(CO)n([C@@H]3O[C@H](CO)[C@@H](OCO)[C@H]3O)c2[nH]1,XanthosineOnly_gen3
O=c1[nH]c(=O)c2ncn([C@@H]3O[C@H](CO)[C@@H](O)[C@H]3O)c2[nH]1,O=c1[nH]c(=O)c2ncn([C@@H]3O[C@H](C(O)CO)[C@@H](O)[C@H]3OCO)c2[nH]1,XanthosineOnly_gen3
O=c1[nH]c(=O)c2ncn([C@@H]3O[C@H](CO)[C@@H](O)[C@H]3O)c2[nH]1,CC(O)O[C@@]1(O)[C@H](O)[C@@H](CO)O[C@H]1n1cnc2c(=O)[nH]c(=O)[nH]c21,XanthosineOnly_gen3
O=c1[nH]c(=O)c2ncn([C@@H]3O[C@H](CO)[C@@H](O)[C@H]3O)c2[nH]1,CC(O)OC[C@]1(O)O[C@@H](n2cnc3c(=O)[nH]c(=O)[nH]c32)[C@H](O)[C@@H]1O,XanthosineOnly_gen3
O=c1[nH]c(=O)c2ncn([C@@H]3O[C@H](CO)[C@@H](O)[C@H]3O)c2[nH]1,O=c1[nH]c(=O)c2ncn([C@@H]3O[C@H](COCO)[C@@](O)(CO)[C@H]3O)c2[nH]1,XanthosineOnly_gen3
O=c1[nH]c(=O)c2ncn([C@@H]3O[C@H](CO)[C@@H](O)[C@H]3O)c2[nH]1,O=c1[nH]c(=O)c2ncn([C@@H]3O[C@H](CO)[C@@](O)(CO)[C@H]3OCO)c2[nH]1,XanthosineOnly_gen3
O=c1[nH]c(=O)c2ncn([C@@H]3O[C@H](CO)[C@@H](O)[C@H]3O)c2[nH]1,CC(O)(O)[C@H]1O[C@@H](n2cnc3c(=O)[nH]c(=O)[nH]c32)[C@H](O)[C@@H]1OCO,XanthosineOnly_gen3
O=c1[nH]c(=O)c2ncn([C@@H]3O[C@H](CO)[C@@H](O)[C@H]3O)c2[nH]1,CC(Cl)O[C@H]1[C@H]2OC(O)[C@H]1O[C@H]2n1cnc2c(=O)[nH]c(=O)[nH]c21,XanthosineOnly_gen3
O=c1[nH]c(=O)c2ncn([C@@H]3O[C@H](CO)[C@@H](O)[C@H]3O)c2[nH]1,O=c1[nH]c(=O)c2ncn([C@@H]3O[C@@H]4COP(=O)(O)O[C@@H]3[C@@H]4O)c2[nH]1,XanthosineOnly_gen3
O=c1[nH]c(=O)c2ncn([C@@H]3O[C@H](CO)[C@@H](O)[C@H]3O)c2[nH]1,CC(=O)O[C@@H]1[C@H](O)[C@@H](C(O)C#N)O[C@H]1n1cnc2c(=O)[nH]c(=O)[nH]c21,XanthosineOnly_gen3
O=c1[nH]c(=O)c2ncn([C@@H]3O[C@H](CO)[C@@H](O)[C@H]3O)c2[nH]1,CC(=O)OC(C#N)[C@H]1O[C@@H](n2cnc3c(=O)[nH]c(=O)[nH]c32)[C@H](O)[C@@H]1O,XanthosineOnly_gen3
O=c1[nH]c(=O)c2ncn([C@@H]3O[C@H](CO)[C@@H](O)[C@H]3O)c2[nH]1,N#CCC(=O)O[C@@H]1[C@H](O)[C@@H](CO)O[C@H]1n1cnc2c(=O)[nH]c(=O)[nH]c21,XanthosineOnly_gen3
O=c1[nH]c(=O)c2ncn([C@@H]3O[C@H](CO)[C@@H](O)[C@H]3O)c2[nH]1,O=C1C=C(OC[C@H]2O[C@@H](n3cnc4c(=O)[nH]c(=O)[nH]c43)[C@H](O)[C@@H]2O)O1,XanthosineOnly_gen3
O=c1[nH]c(=O)c2ncn([C@@H]3O[C@H](CO)[C@@H](O)[C@H]3O)c2[nH]1,O=C1C=C(O[C@@H]2[C@H](O)[C@@H](CO)O[C@H]2n2cnc3c(=O)[nH]c(=O)[nH]c32)O1,XanthosineOnly_gen3
O=c1[nH]c(=O)c2ncn([C@@H]3O[C@H](CO)[C@@H](O)[C@H]3O)c2[nH]1,C[C@]1(O)[C@@H](CO)O[C@@H](n2cnc3c(=O)[nH]c(=O)[nH]c32)[C@@H]1OC(O)C#N,XanthosineOnly_gen3
O=c1[nH]c(=O)c2ncn([C@@H]3O[C@H](CO)[C@@H](O)[C@H]3O)c2[nH]1,CC(O)OC[C@H]1O[C@@H](n2c(C#N)nc3c(=O)[nH]c(=O)[nH]c32)[C@H](O)[C@@H]1O,XanthosineOnly_gen3
O=c1[nH]c(=O)c2ncn([C@@H]3O[C@H](CO)[C@@H](O)[C@H]3O)c2[nH]1,N#CCC(O)OC[C@H]1O[C@@H](n2cnc3c(=O)[nH]c(=O)[nH]c32)[C@H](O)[C@@H]1O,XanthosineOnly_gen3
O=c1[nH]c(=O)c2ncn([C@@H]3O[C@H](CO)[C@@H](O)[C@H]3O)c2[nH]1,C[C@]1(n2cnc3c(=O)[nH]c(=O)[nH]c32)O[C@H](COC(O)C#N)[C@@H](O)[C@H]1O,XanthosineOnly_gen3
O=c1[nH]c(=O)c2ncn([C@@H]3O[C@H](CO)[C@@H](O)[C@H]3O)c2[nH]1,CC(O)[C@H]1O[C@@H](n2cnc3c(=O)[nH]c(=O)[nH]c32)[C@H](O)[C@@H]1OC(O)C#N,XanthosineOnly_gen3
O=c1[nH]c(=O)c2ncn([C@@H]3O[C@H](CO)[C@@H](O)[C@H]3O)c2[nH]1,CC(O)O[C@@H]1[C@H](O)[C@@H](CO)O[C@H]1n1c(C#N)nc2c(=O)[nH]c(=O)[nH]c21,XanthosineOnly_gen3
O=c1[nH]c(=O)c2ncn([C@@H]3O[C@H](CO)[C@@H](O)[C@H]3O)c2[nH]1,C[C@@]1(COC(O)C#N)O[C@@H](n2cnc3c(=O)[nH]c(=O)[nH]c32)[C@H](O)[C@@H]1O,XanthosineOnly_gen3
O=c1[nH]c(=O)c2ncn([C@@H]3O[C@H](CO)[C@@H](O)[C@H]3O)c2[nH]1,Cc1nc2c(=O)[nH]c(=O)[nH]c2n1[C@@H]1O[C@H](CO)[C@@H](O)[C@H]1OC(O)C#N,XanthosineOnly_gen3
O=c1[nH]c(=O)c2ncn([C@@H]3O[C@H](CO)[C@@H](O)[C@H]3O)c2[nH]1,C[C@]1(O)[C@H](O)[C@@H](COC(O)C#N)O[C@H]1n1cnc2c(=O)[nH]c(=O)[nH]c21,XanthosineOnly_gen3
O=c1[nH]c(=O)c2ncn([C@@H]3O[C@H](CO)[C@@H](O)[C@H]3O)c2[nH]1,CC(O)OC[C@H]1O[C@](C#N)(n2cnc3c(=O)[nH]c(=O)[nH]c32)[C@H](O)[C@@H]1O,XanthosineOnly_gen3
O=c1[nH]c(=O)c2ncn([C@@H]3O[C@H](CO)[C@@H](O)[C@H]3O)c2[nH]1,C[C@@]1(CO)O[C@@H](n2cnc3c(=O)[nH]c(=O)[nH]c32)[C@H](OC(O)C#N)[C@@H]1O,XanthosineOnly_gen3
O=c1[nH]c(=O)c2ncn([C@@H]3O[C@H](CO)[C@@H](O)[C@H]3O)c2[nH]1,CC(O)O[C@H]1[C@@H](O)[C@@](C#N)(n2cnc3c(=O)[nH]c(=O)[nH]c32)O[C@@H]1CO,XanthosineOnly_gen3
O=c1[nH]c(=O)c2ncn([C@@H]3O[C@H](CO)[C@@H](O)[C@H]3O)c2[nH]1,CC(O)O[C@@]1(C#N)[C@@H](CO)O[C@@H](n2cnc3c(=O)[nH]c(=O)[nH]c32)[C@@H]1O,XanthosineOnly_gen3
O=c1[nH]c(=O)c2ncn([C@@H]3O[C@H](CO)[C@@H](O)[C@H]3O)c2[nH]1,CC(O)OC[C@H]1O[C@@H](n2cnc3c(=O)[nH]c(=O)[nH]c32)[C@](O)(C#N)[C@@H]1O,XanthosineOnly_gen3
O=c1[nH]c(=O)c2ncn([C@@H]3O[C@H](CO)[C@@H](O)[C@H]3O)c2[nH]1,CC(O)O[C@@H]1[C@@H](CO)O[C@@H](n2cnc3c(=O)[nH]c(=O)[nH]c32)[C@]1(O)C#N,XanthosineOnly_gen3
O=c1[nH]c(=O)c2ncn([C@@H]3O[C@H](CO)[C@@H](O)[C@H]3O)c2[nH]1,CC(O)O[C@H]1[C@H](n2cnc3c(=O)[nH]c(=O)[nH]c32)O[C@@](C#N)(CO)[C@H]1O,XanthosineOnly_gen3
O=c1[nH]c(=O)c2ncn([C@@H]3O[C@H](CO)[C@@H](O)[C@H]3O)c2[nH]1,CO[C@@H]1[C@H](O)[C@@H](C(=O)OC(C)=O)O[C@H]1n1cnc2c(=O)[nH]c(=O)[nH]c21,XanthosineOnly_gen3
O=c1[nH]c(=O)c2ncn([C@@H]3O[C@H](CO)[C@@H](O)[C@H]3O)c2[nH]1,CC(=O)OC(=O)[C@H]1O[C@@H](n2cnc3c(=O)[nH]c(=O)[nH]c32)[C@H](O)[C@@]1(C)O,XanthosineOnly_gen3
O=c1[nH]c(=O)c2ncn([C@@H]3O[C@H](CO)[C@@H](O)[C@H]3O)c2[nH]1,COC(=O)[C@H]1O[C@@H](n2cnc3c(=O)[nH]c(=O)[nH]c32)[C@H](O)[C@@H]1OC(C)=O,XanthosineOnly_gen3
O=c1[nH]c(=O)c2ncn([C@@H]3O[C@H](CO)[C@@H](O)[C@H]3O)c2[nH]1,CC(=O)O[C@H]1[C@H](n2cnc3c(=O)[nH]c(=O)[nH]c32)O[C@@](C)(C(=O)O)[C@H]1O,XanthosineOnly_gen3
O=c1[nH]c(=O)c2ncn([C@@H]3O[C@H](CO)[C@@H](O)[C@H]3O)c2[nH]1,C[C@]1(n2cnc3c(=O)n(C=O)c(=O)[nH]c32)O[C@H](COC=O)[C@@H](O)[C@H]1O,XanthosineOnly_gen3
O=c1[nH]c(=O)c2ncn([C@@H]3O[C@H](CO)[C@@H](O)[C@H]3O)c2[nH]1,CC(OC=O)[C@H]1O[C@@H](n2cnc3c(=O)[nH]c(=O)n(C=O)c32)[C@H](O)[C@@H]1O,XanthosineOnly_gen3
O=c1[nH]c(=O)c2ncn([C@@H]3O[C@H](CO)[C@@H](O)[C@H]3O)c2[nH]1,CC(=O)O[C@@H]1[C@H](O)[C@@H](CO)O[C@H]1n1cnc2c(=O)[nH]c(=O)n(C=O)c21,XanthosineOnly_gen3
O=c1[nH]c(=O)c2ncn([C@@H]3O[C@H](CO)[C@@H](O)[C@H]3O)c2[nH]1,C[C@@]1(COC=O)O[C@@H](n2cnc3c(=O)n(C=O)c(=O)[nH]c32)[C@H](O)[C@@H]1O,XanthosineOnly_gen3
O=c1[nH]c(=O)c2ncn([C@@H]3O[C@H](CO)[C@@H](O)[C@H]3O)c2[nH]1,C[C@]1(n2cnc3c(=O)[nH]c(=O)[nH]c32)O[C@H](COC=O)[C@@H](O)[C@H]1OC=O,XanthosineOnly_gen3
O=c1[nH]c(=O)c2ncn([C@@H]3O[C@H](CO)[C@@H](O)[C@H]3O)c2[nH]1,CC(=O)O[C@H]1[C@@H](O)[C@H](n2c(C)nc3c(=O)[nH]c(=O)[nH]c32)O[C@@H]1C(=O)O,XanthosineOnly_gen3
O=c1[nH]c(=O)c2ncn([C@@H]3O[C@H](CO)[C@@H](O)[C@H]3O)c2[nH]1,CC(=O)O[C@@H]1[C@@H](C(=O)O)O[C@@H](n2cnc3c(=O)[nH]c(=O)[nH]c32)[C@@]1(C)O,XanthosineOnly_gen3
O=c1[nH]c(=O)c2ncn([C@@H]3O[C@H](CO)[C@@H](O)[C@H]3O)c2[nH]1,Cc1nc2c(=O)[nH]c(=O)n(C=O)c2n1[C@@H]1O[C@H](COC=O)[C@@H](O)[C@H]1O,XanthosineOnly_gen3
O=c1[nH]c(=O)c2ncn([C@@H]3O[C@H](CO)[C@@H](O)[C@H]3O)c2[nH]1,CC(=O)OC(=O)[C@H]1O[C@](C)(n2cnc3c(=O)[nH]c(=O)[nH]c32)[C@H](O)[C@@H]1O,XanthosineOnly_gen3
O=c1[nH]c(=O)c2ncn([C@@H]3O[C@H](CO)[C@@H](O)[C@H]3O)c2[nH]1,C[C@]1(O)[C@@H](COC=O)O[C@@H](n2cnc3c(=O)[nH]c(=O)n(C=O)c32)[C@@H]1O,XanthosineOnly_gen3
O=c1[nH]c(=O)c2ncn([C@@H]3O[C@H](CO)[C@@H](O)[C@H]3O)c2[nH]1,CC(=O)O[C@@H]1[C@H](O)[C@@H](C(=O)O)O[C@]1(C)n1cnc2c(=O)[nH]c(=O)[nH]c21,XanthosineOnly_gen3
O=c1[nH]c(=O)c2ncn([C@@H]3O[C@H](CO)[C@@H](O)[C@H]3O)c2[nH]1,CC(=O)O[C@H]1[C@@H](O)[C@H](n2cnc3c(=O)[nH]c(=O)[nH]c32)O[C@@]1(C)C(C)O,XanthosineOnly_gen3
O=c1[nH]c(=O)c2ncn([C@@H]3O[C@H](CO)[C@@H](O)[C@H]3O)c2[nH]1,CCC(=O)O[C@@H]1[C@@H](CO)O[C@@H](n2cnc3c(=O)[nH]c(=O)[nH]c32)[C@@]1(C)O,XanthosineOnly_gen3
O=c1[nH]c(=O)c2ncn([C@@H]3O[C@H](CO)[C@@H](O)[C@H]3O)c2[nH]1,CC(=O)OC(C)[C@]1(C)O[C@@H](n2cnc3c(=O)[nH]c(=O)[nH]c32)[C@H](O)[C@@H]1O,XanthosineOnly_gen3
O=c1[nH]c(=O)c2ncn([C@@H]3O[C@H](CO)[C@@H](O)[C@H]3O)c2[nH]1,CO[C@@H]1[C@@H](CO)O[C@@H](n2cnc3c(=O)[nH]c(=O)[nH]c32)[C@@]1(C)OC(C)=O,XanthosineOnly_gen3
O=c1[nH]c(=O)c2ncn([C@@H]3O[C@H](CO)[C@@H](O)[C@H]3O)c2[nH]1,CC(=O)O[C@]1(C)[C@H](n2cnc3c(=O)[nH]c(=O)[nH]c32)O[C@H](CO)[C@]1(C)O,XanthosineOnly_gen3
O=c1[nH]c(=O)c2ncn([C@@H]3O[C@H](CO)[C@@H](O)[C@H]3O)c2[nH]1,CC(=O)OC[C@H]1O[C@](C)(n2c(C)nc3c(=O)[nH]c(=O)[nH]c32)[C@H](O)[C@@H]1O,XanthosineOnly_gen3
O=c1[nH]c(=O)c2ncn([C@@H]3O[C@H](CO)[C@@H](O)[C@H]3O)c2[nH]1,CC(=O)OC[C@H]1O[C@](C)(n2cnc3c(=O)[nH]c(=O)[nH]c32)[C@@](C)(O)[C@@H]1O,XanthosineOnly_gen3
O=c1[nH]c(=O)c2ncn([C@@H]3O[C@H](CO)[C@@H](O)[C@H]3O)c2[nH]1,CC(=O)O[C@@]1(C)[C@H](O)[C@@H](C(C)O)O[C@H]1n1cnc2c(=O)[nH]c(=O)[nH]c21,XanthosineOnly_gen3
O=c1[nH]c(=O)c2ncn([C@@H]3O[C@H](CO)[C@@H](O)[C@H]3O)c2[nH]1,CC(=O)O[C@@H]1[C@H](O)[C@@H](C(C)O)O[C@H]1n1c(C)nc2c(=O)[nH]c(=O)[nH]c21,XanthosineOnly_gen3
O=c1[nH]c(=O)c2ncn([C@@H]3O[C@H](CO)[C@@H](O)[C@H]3O)c2[nH]1,CCC(=O)O[C@H]1[C@@H](O)[C@H](n2cnc3c(=O)[nH]c(=O)[nH]c32)O[C@@]1(C)CO,XanthosineOnly_gen3
O=c1[nH]c(=O)c2ncn([C@@H]3O[C@H](CO)[C@@H](O)[C@H]3O)c2[nH]1,CC(=O)O[C@H]1[C@@H](O)[C@@](C)(n2cnc3c(=O)[nH]c(=O)[nH]c32)O[C@@]1(C)CO,XanthosineOnly_gen3
O=c1[nH]c(=O)c2ncn([C@@H]3O[C@H](CO)[C@@H](O)[C@H]3O)c2[nH]1,CO[C@@H]1[C@H](O)[C@@H](COC(C)=O)O[C@H]1n1c(C)nc2c(=O)[nH]c(=O)[nH]c21,XanthosineOnly_gen3
O=c1[nH]c(=O)c2ncn([C@@H]3O[C@H](CO)[C@@H](O)[C@H]3O)c2[nH]1,CO[C@@H]1[C@H](O)[C@@H](COC(C)=O)O[C@]1(C)n1cnc2c(=O)[nH]c(=O)[nH]c21,XanthosineOnly_gen3
O=c1[nH]c(=O)c2ncn([C@@H]3O[C@H](CO)[C@@H](O)[C@H]3O)c2[nH]1,CC(=O)OC[C@H]1O[C@@H](n2c(C)nc3c(=O)[nH]c(=O)[nH]c32)[C@H](O)[C@@]1(C)O,XanthosineOnly_gen3
O=c1[nH]c(=O)c2ncn([C@@H]3O[C@H](CO)[C@@H](O)[C@H]3O)c2[nH]1,CC(=O)O[C@]1(C)[C@H](n2cnc3c(=O)[nH]c(=O)[nH]c32)O[C@@](C)(CO)[C@H]1O,XanthosineOnly_gen3
O=c1[nH]c(=O)c2ncn([C@@H]3O[C@H](CO)[C@@H](O)[C@H]3O)c2[nH]1,CCC(=O)O[C@@H]1[C@H](O)[C@@H](C(C)O)O[C@H]1n1cnc2c(=O)[nH]c(=O)[nH]c21,XanthosineOnly_gen3
O=c1[nH]c(=O)c2ncn([C@@H]3O[C@H](CO)[C@@H](O)[C@H]3O)c2[nH]1,CC(=O)O[C@@H]1[C@@H](CO)O[C@@H](n2c(C)nc3c(=O)[nH]c(=O)[nH]c32)[C@@]1(C)O,XanthosineOnly_gen3
O=c1[nH]c(=O)c2ncn([C@@H]3O[C@H](CO)[C@@H](O)[C@H]3O)c2[nH]1,CCC(=O)O[C@@]1(C)[C@@H](CO)O[C@@H](n2cnc3c(=O)[nH]c(=O)[nH]c32)[C@@H]1O,XanthosineOnly_gen3
O=c1[nH]c(=O)c2ncn([C@@H]3O[C@H](CO)[C@@H](O)[C@H]3O)c2[nH]1,CCC(=O)O[C@@H]1[C@H](OC)[C@@H](CO)O[C@H]1n1cnc2c(=O)[nH]c(=O)[nH]c21,XanthosineOnly_gen3
O=c1[nH]c(=O)c2ncn([C@@H]3O[C@H](CO)[C@@H](O)[C@H]3O)c2[nH]1,CCOC[C@H]1O[C@@H](n2cnc3c(=O)[nH]c(=O)[nH]c32)[C@H](O)[C@@H]1OC(C)=O,XanthosineOnly_gen3
O=c1[nH]c(=O)c2ncn([C@@H]3O[C@H](CO)[C@@H](O)[C@H]3O)c2[nH]1,CC(=O)O[C@H]1[C@@H](O)[C@H](n2c(C)nc3c(=O)[nH]c(=O)[nH]c32)O[C@@]1(C)CO,XanthosineOnly_gen3
O=c1[nH]c(=O)c2ncn([C@@H]3O[C@H](CO)[C@@H](O)[C@H]3O)c2[nH]1,CC(=O)O[C@@]1(C)[C@@H](CO)O[C@@H](n2c(C)nc3c(=O)[nH]c(=O)[nH]c32)[C@@H]1O,XanthosineOnly_gen3
O=c1[nH]c(=O)c2ncn([C@@H]3O[C@H](CO)[C@@H](O)[C@H]3O)c2[nH]1,CC(=O)O[C@@H]1[C@@H](C(C)O)O[C@](C)(n2cnc3c(=O)[nH]c(=O)[nH]c32)[C@@H]1O,XanthosineOnly_gen3
O=c1[nH]c(=O)c2ncn([C@@H]3O[C@H](CO)[C@@H](O)[C@H]3O)c2[nH]1,COC[C@H]1O[C@@H](n2cnc3c(=O)[nH]c(=O)[nH]c32)[C@@](C)(O)[C@@H]1OC(C)=O,XanthosineOnly_gen3
O=c1[nH]c(=O)c2ncn([C@@H]3O[C@H](CO)[C@@H](O)[C@H]3O)c2[nH]1,CO[C@@]1(C)[C@@H](CO)O[C@@H](n2cnc3c(=O)[nH]c(=O)[nH]c32)[C@@H]1OC(C)=O,XanthosineOnly_gen3
O=c1[nH]c(=O)c2ncn([C@@H]3O[C@H](CO)[C@@H](O)[C@H]3O)c2[nH]1,CC(=O)O[C@H]1[C@@H](O)[C@@](C)(n2c(C)nc3c(=O)[nH]c(=O)[nH]c32)O[C@@H]1CO,XanthosineOnly_gen3
O=c1[nH]c(=O)c2ncn([C@@H]3O[C@H](CO)[C@@H](O)[C@H]3O)c2[nH]1,CCC(=O)OC[C@H]1O[C@@H](n2c(C)nc3c(=O)[nH]c(=O)[nH]c32)[C@H](O)[C@@H]1O,XanthosineOnly_gen3
O=c1[nH]c(=O)c2ncn([C@@H]3O[C@H](CO)[C@@H](O)[C@H]3O)c2[nH]1,CC(=O)O[C@]1(C)[C@@H](O)[C@@](C)(n2cnc3c(=O)[nH]c(=O)[nH]c32)O[C@@H]1CO,XanthosineOnly_gen3
O=c1[nH]c(=O)c2ncn([C@@H]3O[C@H](CO)[C@@H](O)[C@H]3O)c2[nH]1,CCC(=O)OC[C@H]1O[C@](C)(n2cnc3c(=O)[nH]c(=O)[nH]c32)[C@H](O)[C@@H]1O,XanthosineOnly_gen3
O=c1[nH]c(=O)c2ncn([C@@H]3O[C@H](CO)[C@@H](O)[C@H]3O)c2[nH]1,COC[C@]1(C)O[C@@H](n2cnc3c(=O)[nH]c(=O)[nH]c32)[C@H](O)[C@@H]1OC(C)=O,XanthosineOnly_gen3
O=c1[nH]c(=O)c2ncn([C@@H]3O[C@H](CO)[C@@H](O)[C@H]3O)c2[nH]1,CO[C@H]1[C@H](n2cnc3c(=O)[nH]c(=O)[nH]c32)O[C@@](C)(COC(C)=O)[C@H]1O,XanthosineOnly_gen3
O=c1[nH]c(=O)c2ncn([C@@H]3O[C@H](CO)[C@@H](O)[C@H]3O)c2[nH]1,CC(=O)O[C@@H]1[C@H](O)[C@@H](C(C)(C)O)O[C@H]1n1cnc2c(=O)[nH]c(=O)[nH]c21,XanthosineOnly_gen3
O=c1[nH]c(=O)c2ncn([C@@H]3O[C@H](CO)[C@@H](O)[C@H]3O)c2[nH]1,CCc1nc2c(=O)[nH]c(=O)[nH]c2n1[C@@H]1O[C@H](COC(C)=O)[C@@H](O)[C@H]1O,XanthosineOnly_gen3
O=c1[nH]c(=O)c2ncn([C@@H]3O[C@H](CO)[C@@H](O)[C@H]3O)c2[nH]1,CC(=O)OC(C)[C@H]1O[C@@H](n2cnc3c(=O)[nH]c(=O)[nH]c32)[C@@](C)(O)[C@@H]1O,XanthosineOnly_gen3
O=c1[nH]c(=O)c2ncn([C@@H]3O[C@H](CO)[C@@H](O)[C@H]3O)c2[nH]1,CO[C@H]1[C@@H](O)[C@H](n2cnc3c(=O)[nH]c(=O)[nH]c32)O[C@@H]1C(C)OC(C)=O,XanthosineOnly_gen3
O=c1[nH]c(=O)c2ncn([C@@H]3O[C@H](CO)[C@@H](O)[C@H]3O)c2[nH]1,COC[C@H]1O[C@@H](n2cnc3c(=O)[nH]c(=O)[nH]c32)[C@H](O)[C@@]1(C)OC(C)=O,XanthosineOnly_gen3
O=c1[nH]c(=O)c2ncn([C@@H]3O[C@H](CO)[C@@H](O)[C@H]3O)c2[nH]1,CC(=O)O[C@H]1[C@H](n2cnc3c(=O)[nH]c(=O)[nH]c32)O[C@H](C(C)O)[C@]1(C)O,XanthosineOnly_gen3
O=c1[nH]c(=O)c2ncn([C@@H]3O[C@H](CO)[C@@H](O)[C@H]3O)c2[nH]1,CC(=O)O[C@H]1[C@H](n2cnc3c(=O)[nH]c(=O)[nH]c32)O[C@@](C)(CO)[C@]1(C)O,XanthosineOnly_gen3
O=c1[nH]c(=O)c2ncn([C@@H]3O[C@H](CO)[C@@H](O)[C@H]3O)c2[nH]1,CC(=O)O[C@@H]1[C@@H](CO)O[C@](C)(n2cnc3c(=O)[nH]c(=O)[nH]c32)[C@@]1(C)O,XanthosineOnly_gen3
O=c1[nH]c(=O)c2ncn([C@@H]3O[C@H](CO)[C@@H](O)[C@H]3O)c2[nH]1,CC(=O)OC[C@]1(C)O[C@@H](n2c(C)nc3c(=O)[nH]c(=O)[nH]c32)[C@H](O)[C@@H]1O,XanthosineOnly_gen3
O=c1[nH]c(=O)c2ncn([C@@H]3O[C@H](CO)[C@@H](O)[C@H]3O)c2[nH]1,CO[C@H]1[C@@H](OC(C)=O)[C@H](n2cnc3c(=O)[nH]c(=O)[nH]c32)O[C@@]1(C)CO,XanthosineOnly_gen3
O=c1[nH]c(=O)c2ncn([C@@H]3O[C@H](CO)[C@@H](O)[C@H]3O)c2[nH]1,CC[C@@]1(CO)O[C@@H](n2cnc3c(=O)[nH]c(=O)[nH]c32)[C@H](OC(C)=O)[C@@H]1O,XanthosineOnly_gen3
O=c1[nH]c(=O)c2ncn([C@@H]3O[C@H](CO)[C@@H](O)[C@H]3O)c2[nH]1,CC(=O)OC[C@]1(C)O[C@@H](n2cnc3c(=O)[nH]c(=O)[nH]c32)[C@@](C)(O)[C@@H]1O,XanthosineOnly_gen3
O=c1[nH]c(=O)c2ncn([C@@H]3O[C@H](CO)[C@@H](O)[C@H]3O)c2[nH]1,CCO[C@@H]1[C@H](O)[C@@H](CO)O[C@H]1n1cnc2c(=O)n(C(C)=O)c(=O)[nH]c21,XanthosineOnly_gen3
O=c1[nH]c(=O)c2ncn([C@@H]3O[C@H](CO)[C@@H](O)[C@H]3O)c2[nH]1,CC[C@]1(O)[C@@H](COC(C)=O)O[C@@H](n2cnc3c(=O)[nH]c(=O)[nH]c32)[C@@H]1O,XanthosineOnly_gen3
O=c1[nH]c(=O)c2ncn([C@@H]3O[C@H](CO)[C@@H](O)[C@H]3O)c2[nH]1,CC(=O)OC(=O)[C@H]1O[C@@H](n2c[n+](C)c3c(=O)[nH]c(=O)[nH]c32)[C@H](O)[C@@H]1O,XanthosineOnly_gen3
O=c1[nH]c(=O)c2ncn([C@@H]3O[C@H](CO)[C@@H](O)[C@H]3O)c2[nH]1,CC(=O)O[C@@]1(C)[C@@H](CO)O[C@@H](n2c[n+](C)c3c(=O)[nH]c(=O)[nH]c32)[C@@H]1O,XanthosineOnly_gen3
O=c1[nH]c(=O)c2ncn([C@@H]3O[C@H](CO)[C@@H](O)[C@H]3O)c2[nH]1,CC(=O)O[C@H]1[C@H](n2c[n+](C)c3c(=O)[nH]c(=O)[nH]c32)O[C@@](C)(CO)[C@H]1O,XanthosineOnly_gen3
O=c1[nH]c(=O)c2ncn([C@@H]3O[C@H](CO)[C@@H](O)[C@H]3O)c2[nH]1,CC(=O)O[C@@H]1[C@H](O)[C@@H](CO)O[C@]1(C)n1c[n+](C)c2c(=O)[nH]c(=O)[nH]c21,XanthosineOnly_gen3
O=c1[nH]c(=O)c2ncn([C@@H]3O[C@H](CO)[C@@H](O)[C@H]3O)c2[nH]1,CO[C@H]1[C@@H](OC(C)=O)[C@H](n2c[n+](C)c3c(=O)[nH]c(=O)[nH]c32)O[C@@H]1CO,XanthosineOnly_gen3
O=c1[nH]c(=O)c2ncn([C@@H]3O[C@H](CO)[C@@H](O)[C@H]3O)c2[nH]1,CC(=O)O[C@H]1[C@@H](O)[C@H](n2c[n+](C)c3c(=O)[nH]c(=O)[nH]c32)O[C@@H]1C(C)O,XanthosineOnly_gen3
O=c1[nH]c(=O)c2ncn([C@@H]3O[C@H](CO)[C@@H](O)[C@H]3O)c2[nH]1,CCC(=O)O[C@H]1[C@@H](O)[C@H](n2c[n+](C)c3c(=O)[nH]c(=O)[nH]c32)O[C@@H]1CO,XanthosineOnly_gen3
O=c1[nH]c(=O)c2ncn([C@@H]3O[C@H](CO)[C@@H](O)[C@H]3O)c2[nH]1,CC(=O)O[C@@H]1[C@H](O)[C@@H](CO)O[C@H]1n1c(C)[n+](C)c2c(=O)[nH]c(=O)[nH]c21,XanthosineOnly_gen3
O=c1[nH]c(=O)c2ncn([C@@H]3O[C@H](CO)[C@@H](O)[C@H]3O)c2[nH]1,CC(=O)OC[C@H]1O[C@@H](n2c[n+](C)c3c(=O)[nH]c(=O)[nH]c32)[C@@](C)(O)[C@@H]1O,XanthosineOnly_gen3
O=c1[nH]c(=O)c2ncn([C@@H]3O[C@H](CO)[C@@H](O)[C@H]3O)c2[nH]1,CC(=O)O[C@H]1[C@H](n2c[n+](C)c3c(=O)[nH]c(=O)[nH]c32)O[C@H](CO)[C@]1(C)O,XanthosineOnly_gen3
O=c1[nH]c(=O)c2ncn([C@@H]3O[C@H](CO)[C@@H](O)[C@H]3O)c2[nH]1,CC[n+]1cn([C@@H]2O[C@H](COC(C)=O)[C@@H](O)[C@H]2O)c2[nH]c(=O)[nH]c(=O)c21,XanthosineOnly_gen3
O=c1[nH]c(=O)c2ncn([C@@H]3O[C@H](CO)[C@@H](O)[C@H]3O)c2[nH]1,CC[n+]1cn([C@@H]2O[C@H](CO)[C@@H](OC(C)=O)[C@H]2O)c2[nH]c(=O)[nH]c(=O)c21,XanthosineOnly_gen3
O=c1[nH]c(=O)c2ncn([C@@H]3O[C@H](CO)[C@@H](O)[C@H]3O)c2[nH]1,O=C(CO)O[C@H]1[C@@H](O)[C@H](n2cnc3c(=O)[nH]c(=O)[nH]c32)O[C@@H]1C(=O)O,XanthosineOnly_gen3
O=c1[nH]c(=O)c2ncn([C@@H]3O[C@H](CO)[C@@H](O)[C@H]3O)c2[nH]1,COC(=O)OC(=O)[C@H]1O[C@@H](n2cnc3c(=O)[nH]c(=O)[nH]c32)[C@H](O)[C@@H]1O,XanthosineOnly_gen3
O=c1[nH]c(=O)c2ncn([C@@H]3O[C@H](CO)[C@@H](O)[C@H]3O)c2[nH]1,O=COC(=O)OC[C@H]1O[C@@H](n2cnc3c(=O)[nH]c(=O)[nH]c32)[C@H](O)[C@@H]1O,XanthosineOnly_gen3
O=c1[nH]c(=O)c2ncn([C@@H]3O[C@H](CO)[C@@H](O)[C@H]3O)c2[nH]1,O=COC(=O)O[C@@H]1[C@H](O)[C@@H](CO)O[C@H]1n1cnc2c(=O)[nH]c(=O)[nH]c21,XanthosineOnly_gen3
O=c1[nH]c(=O)c2ncn([C@@H]3O[C@H](CO)[C@@H](O)[C@H]3O)c2[nH]1,O=C(O)CCOC[C@H]1O[C@@H](n2cnc3c(=O)[nH]c(=O)[nH]c32)[C@H](O)[C@@H]1O,XanthosineOnly_gen3
O=c1[nH]c(=O)c2ncn([C@@H]3O[C@H](CO)[C@@H](O)[C@H]3O)c2[nH]1,O=C(O)CCO[C@@H]1[C@H](O)[C@@H](CO)O[C@H]1n1cnc2c(=O)[nH]c(=O)[nH]c21,XanthosineOnly_gen3
O=c1[nH]c(=O)c2ncn([C@@H]3O[C@H](CO)[C@@H](O)[C@H]3O)c2[nH]1,C[C@]1(n2cnc3c(=O)[nH]c(=O)[nH]c32)O[C@H](CO)[C@@H](OC(=O)CO)[C@H]1O,XanthosineOnly_gen3
O=c1[nH]c(=O)c2ncn([C@@H]3O[C@H](CO)[C@@H](O)[C@H]3O)c2[nH]1,CO[C@@H]1[C@H](O)[C@@H](COC(=O)CO)O[C@H]1n1cnc2c(=O)[nH]c(=O)[nH]c21,XanthosineOnly_gen3
O=c1[nH]c(=O)c2ncn([C@@H]3O[C@H](CO)[C@@H](O)[C@H]3O)c2[nH]1,O=C(OC(O)CO)[C@H]1O[C@@H](n2cnc3c(=O)[nH]c(=O)[nH]c32)[C@H](O)[C@@H]1O,XanthosineOnly_gen3
O=c1[nH]c(=O)c2ncn([C@@H]3O[C@H](CO)[C@@H](O)[C@H]3O)c2[nH]1,COC[C@H]1O[C@@H](n2cnc3c(=O)[nH]c(=O)[nH]c32)[C@H](OC(O)CO)[C@@H]1O,XanthosineOnly_gen3
O=c1[nH]c(=O)c2ncn([C@@H]3O[C@H](CO)[C@@H](O)[C@H]3O)c2[nH]1,C[C@]1(O)[C@@H](COC(O)CO)O[C@@H](n2cnc3c(=O)[nH]c(=O)[nH]c32)[C@@H]1O,XanthosineOnly_gen3
O=c1[nH]c(=O)c2ncn([C@@H]3O[C@H](CO)[C@@H](O)[C@H]3O)c2[nH]1,CC(O)O[C@H]1[C@@H](O)[C@H](n2cnc3c(=O)[nH]c(=O)[nH]c32)O[C@@H]1C(O)CO,XanthosineOnly_gen3
O=c1[nH]c(=O)c2ncn([C@@H]3O[C@H](CO)[C@@H](O)[C@H]3O)c2[nH]1,C[C@]1(n2cnc3c(=O)[nH]c(=O)[nH]c32)O[C@H](CO)[C@@H](O)[C@H]1OC(O)CO,XanthosineOnly_gen3
O=c1[nH]c(=O)c2ncn([C@@H]3O[C@H](CO)[C@@H](O)[C@H]3O)c2[nH]1,C[C@]1(OC(O)CO)[C@H](O)[C@@H](CO)O[C@H]1n1cnc2c(=O)[nH]c(=O)[nH]c21,XanthosineOnly_gen3
O=c1[nH]c(=O)c2ncn([C@@H]3O[C@H](CO)[C@@H](O)[C@H]3O)c2[nH]1,CC(OC(O)CO)[C@H]1O[C@@H](n2cnc3c(=O)[nH]c(=O)[nH]c32)[C@H](O)[C@@H]1O,XanthosineOnly_gen3
O=c1[nH]c(=O)c2ncn([C@@H]3O[C@H](CO)[C@@H](O)[C@H]3O)c2[nH]1,Cc1nc2c(=O)[nH]c(=O)[nH]c2n1[C@@H]1O[C@H](COC(O)CO)[C@@H](O)[C@H]1O,XanthosineOnly_gen3
O=c1[nH]c(=O)c2ncn([C@@H]3O[C@H](CO)[C@@H](O)[C@H]3O)c2[nH]1,CC(O)OC(C)(O)[C@H]1O[C@@H](n2cnc3c(=O)[nH]c(=O)[nH]c32)[C@H](O)[C@@H]1O,XanthosineOnly_gen3
O=c1[nH]c(=O)c2ncn([C@@H]3O[C@H](CO)[C@@H](O)[C@H]3O)c2[nH]1,CC(O)O[C@@H]1[C@H](O)[C@@H](C(C)(O)O)O[C@H]1n1cnc2c(=O)[nH]c(=O)[nH]c21,XanthosineOnly_gen3
O=c1[nH]c(=O)c2ncn([C@@H]3O[C@H](CO)[C@@H](O)[C@H]3O)c2[nH]1,C[n+]1cn([C@@H]2O[C@H](COC(O)CO)[C@@H](O)[C@H]2O)c2[nH]c(=O)[nH]c(=O)c21,XanthosineOnly_gen3
O=c1[nH]c(=O)c2ncn([C@@H]3O[C@H](CO)[C@@H](O)[C@H]3O)c2[nH]1,C[n+]1cn([C@@H]2O[C@H](CO)[C@@H](O)[C@H]2OC(O)CO)c2[nH]c(=O)[nH]c(=O)c21,XanthosineOnly_gen3
O=c1[nH]c(=O)c2ncn([C@@H]3O[C@H](CO)[C@@H](O)[C@H]3O)c2[nH]1,O=C(O)[C@H]1O[C@@H](n2cnc3c(=O)[nH]c(=O)[nH]c32)[C@@H]2OP(=O)(O)O[C@@H]21,XanthosineOnly_gen3
O=c1[nH]c(=O)c2ncn([C@@H]3O[C@H](CO)[C@@H](O)[C@H]3O)c2[nH]1,COC[C@H]1O[C@@H](n2cnc3c(=O)[nH]c(=O)[nH]c32)[C@@H]2OP(=O)(O)O[C@@H]21,XanthosineOnly_gen3
O=c1[nH]c(=O)c2ncn([C@@H]3O[C@H](CO)[C@@H](O)[C@H]3O)c2[nH]1,C[n+]1cn([C@@H]2O[C@H](CO)[C@H]3OP(=O)(O)O[C@H]32)c2[nH]c(=O)[nH]c(=O)c21,XanthosineOnly_gen3
O=c1[nH]c(=O)c2ncn([C@@H]3O[C@H](CO)[C@@H](O)[C@H]3O)c2[nH]1,C[n+]1cn([C@@H]2O[C@@H]3COP(=O)(O)O[C@@H]2[C@@H]3O)c2[nH]c(=O)[nH]c(=O)c21,XanthosineOnly_gen3
O=c1[nH]c(=O)c2ncn([C@@H]3O[C@H](CO)[C@@H](O)[C@H]3O)c2[nH]1,O=c1[nH]c(=O)c2ncn([C@]34O[C@@H]([C@H]3O)[C@@H](COP(=O)(O)O)O4)c2[nH]1,XanthosineOnly_gen3
O=c1[nH]c(=O)c2ncn([C@@H]3O[C@H](CO)[C@@H](O)[C@H]3O)c2[nH]1,O=c1[nH]c(=O)c2ncn([C@@H]3O[C@H](CO)[C@H]4O[C@]43OP(=O)(O)O)c2[nH]1,XanthosineOnly_gen3
O=c1[nH]c(=O)c2ncn([C@@H]3O[C@H](CO)[C@@H](O)[C@H]3O)c2[nH]1,O=c1[nH]c(=O)c2ncn([C@]34O[C@@H]3[C@H](OP(=O)(O)O)[C@@H](CO)O4)c2[nH]1,XanthosineOnly_gen3
O=c1[nH]c(=O)c2ncn([C@@H]3O[C@H](CO)[C@@H](O)[C@H]3O)c2[nH]1,O=c1[nH]c(=O)c2ncn([C@@H]3O[C@]4(COP(=O)(O)O)O[C@H]4[C@H]3O)c2[nH]1,XanthosineOnly_gen3
O=c1[nH]c(=O)c2ncn([C@@H]3O[C@H](CO)[C@@H](O)[C@H]3O)c2[nH]1,O=c1[nH]c(=O)c2ncn([C@@H]3O[C@H](COP(=O)(O)O)[C@@]4(O)O[C@@H]34)c2[nH]1,XanthosineOnly_gen3
O=c1[nH]c(=O)c2ncn([C@@H]3O[C@H](CO)[C@@H](O)[C@H]3O)c2[nH]1,O=c1[nH]c(=O)c2nc3n(c2[nH]1)[C@@H]1O[C@H](CO)[C@@H](O3)[C@H]1OP(=O)(O)O,XanthosineOnly_gen3
O=c1[nH]c(=O)c2ncn([C@@H]3O[C@H](CO)[C@@H](O)[C@H]3O)c2[nH]1,O=c1[nH]c(=O)c2ncn([C@@H]3O[C@]4(CO)O[C@H]4[C@H]3OP(=O)(O)O)c2[nH]1,XanthosineOnly_gen3
O=c1[nH]c(=O)c2ncn([C@@H]3O[C@H](CO)[C@@H](O)[C@H]3O)c2[nH]1,O=c1[nH]c(=O)c2ncn([C@@H]3O[C@H](CO)[C@@]4(OP(=O)(O)O)O[C@@H]34)c2[nH]1,XanthosineOnly_gen3
O=c1[nH]c(=O)c2ncn([C@@H]3O[C@H](CO)[C@@H](O)[C@H]3O)c2[nH]1,O=c1[nH]c(=O)c2nc3n(c2[nH]1)[C@@H]1O[C@H](COP(=O)(O)O)[C@@H](O)[C@H]1O3,XanthosineOnly_gen3
O=c1[nH]c(=O)c2ncn([C@@H]3O[C@H](CO)[C@@H](O)[C@H]3O)c2[nH]1,O=c1[nH]c(=O)c2nc3n(c2[nH]1)[C@@H]1O[C@H](COS(=O)(=O)O)[C@@H](O3)[C@H]1O,XanthosineOnly_gen3
O=c1[nH]c(=O)c2ncn([C@@H]3O[C@H](CO)[C@@H](O)[C@H]3O)c2[nH]1,O=c1[nH]c(=O)c2ncn([C@@H]3O[C@]4(CO)O[C@@H]3[C@@H]4OS(=O)(=O)O)c2[nH]1,XanthosineOnly_gen3
O=c1[nH]c(=O)c2ncn([C@@H]3O[C@H](CO)[C@@H](O)[C@H]3O)c2[nH]1,O=c1[nH]c(=O)c2nc3n(c2[nH]1)[C@@H]1O[C@H](CO)[C@@H](OS(=O)(=O)O)[C@H]1O3,XanthosineOnly_gen3
O=c1[nH]c(=O)c2ncn([C@@H]3O[C@H](CO)[C@@H](O)[C@H]3O)c2[nH]1,O=c1[nH]c(=O)c2ncn([C@]34O[C@@H]([C@H]3OS(=O)(=O)O)[C@@H](CO)O4)c2[nH]1,XanthosineOnly_gen3
O=c1[nH]c(=O)c2ncn([C@@H]3O[C@H](CO)[C@@H](O)[C@H]3O)c2[nH]1,O=c1[nH]c(=O)c2ncn([C@@H]3O[C@H](COS(=O)(=O)O)[C@H]4O[C@]43O)c2[nH]1,XanthosineOnly_gen3
O=c1[nH]c(=O)c2ncn([C@@H]3O[C@H](CO)[C@@H](O)[C@H]3O)c2[nH]1,O=c1[nH]c(=O)c2ncn([C@]34O[C@@H]3[C@H](O)[C@@H](COS(=O)(=O)O)O4)c2[nH]1,XanthosineOnly_gen3
O=c1[nH]c(=O)c2ncn([C@@H]3O[C@H](CO)[C@@H](O)[C@H]3O)c2[nH]1,O=c1[nH]c(=O)c2ncn([C@@H]3O[C@]4(COS(=O)(=O)O)O[C@@H]3[C@@H]4O)c2[nH]1,XanthosineOnly_gen3
O=c1[nH]c(=O)c2ncn([C@@H]3O[C@H](CO)[C@@H](O)[C@H]3O)c2[nH]1,O=c1[nH]c(=O)c2ncn([C@@H]3O[C@H](CO)[C@@H](OS(=O)(=O)O)[C@H]3O)c2[nH]1,XanthosineOnly_gen3
O=c1[nH]c(=O)c2ncn([C@@H]3O[C@H](CO)[C@@H](O)[C@H]3O)c2[nH]1,O=c1[nH]c(=O)c2[nH+]cn([C@@H]3O[C@H](CO)[C@@H](O)[C@H]3OS(=O)(=O)O)c2[nH]1,XanthosineOnly_gen3
O=c1[nH]c(=O)c2ncn([C@@H]3O[C@H](CO)[C@@H](O)[C@H]3O)c2[nH]1,CC(OC(C)(O)C#N)[C@H]1O[C@@H](n2cnc3c(=O)[nH]c(=O)[nH]c32)[C@H](O)[C@@H]1O,XanthosineOnly_gen3
O=c1[nH]c(=O)c2ncn([C@@H]3O[C@H](CO)[C@@H](O)[C@H]3O)c2[nH]1,CC(O)(C#N)OC[C@]1(C)O[C@@H](n2cnc3c(=O)[nH]c(=O)[nH]c32)[C@H](O)[C@@H]1O,XanthosineOnly_gen3
O=c1[nH]c(=O)c2ncn([C@@H]3O[C@H](CO)[C@@H](O)[C@H]3O)c2[nH]1,CC(O)(C#N)OC[C@H]1O[C@@H](n2cnc3c(=O)[nH]c(=O)[nH]c32)[C@H](O)[C@@]1(C)O,XanthosineOnly_gen3
O=c1[nH]c(=O)c2ncn([C@@H]3O[C@H](CO)[C@@H](O)[C@H]3O)c2[nH]1,CC(O)(C#N)O[C@@]1(C)[C@H](O)[C@@H](CO)O[C@H]1n1cnc2c(=O)[nH]c(=O)[nH]c21,XanthosineOnly_gen3
O=c1[nH]c(=O)c2ncn([C@@H]3O[C@H](CO)[C@@H](O)[C@H]3O)c2[nH]1,CC(O)(C#N)O[C@@H]1[C@@H](CO)O[C@@H](n2cnc3c(=O)[nH]c(=O)[nH]c32)[C@@]1(C)O,XanthosineOnly_gen3
O=c1[nH]c(=O)c2ncn([C@@H]3O[C@H](CO)[C@@H](O)[C@H]3O)c2[nH]1,COC[C@H]1O[C@@H](n2cnc3c(=O)[nH]c(=O)[nH]c32)[C@H](O)[C@@H]1OC(C)(O)C#N,XanthosineOnly_gen3
O=c1[nH]c(=O)c2ncn([C@@H]3O[C@H](CO)[C@@H](O)[C@H]3O)c2[nH]1,CC(O)(C#N)O[C@@H]1[C@H](O)[C@@H](CO)O[C@]1(C)n1cnc2c(=O)[nH]c(=O)[nH]c21,XanthosineOnly_gen3
O=c1[nH]c(=O)c2ncn([C@@H]3O[C@H](CO)[C@@H](O)[C@H]3O)c2[nH]1,CO[C@@H]1[C@H](O)[C@@H](COC(C)(O)C#N)O[C@H]1n1cnc2c(=O)[nH]c(=O)[nH]c21,XanthosineOnly_gen3
O=c1[nH]c(=O)c2ncn([C@@H]3O[C@H](CO)[C@@H](O)[C@H]3O)c2[nH]1,CC(O)[C@H]1O[C@@H](n2cnc3c(=O)[nH]c(=O)[nH]c32)[C@H](OC(C)(O)C#N)[C@@H]1O,XanthosineOnly_gen3
O=c1[nH]c(=O)c2ncn([C@@H]3O[C@H](CO)[C@@H](O)[C@H]3O)c2[nH]1,COC(C)(C#N)OC[C@H]1O[C@@H](n2cnc3c(=O)[nH]c(=O)[nH]c32)[C@H](O)[C@@H]1O,XanthosineOnly_gen3
O=c1[nH]c(=O)c2ncn([C@@H]3O[C@H](CO)[C@@H](O)[C@H]3O)c2[nH]1,CC(O)(C#N)O[C@H]1[C@H](n2cnc3c(=O)[nH]c(=O)[nH]c32)O[C@@](C)(CO)[C@H]1O,XanthosineOnly_gen3
O=c1[nH]c(=O)c2ncn([C@@H]3O[C@H](CO)[C@@H](O)[C@H]3O)c2[nH]1,Cc1nc2c(=O)[nH]c(=O)[nH]c2n1[C@@H]1O[C@H](CO)[C@@H](OC(C)(O)C#N)[C@H]1O,XanthosineOnly_gen3
O=c1[nH]c(=O)c2ncn([C@@H]3O[C@H](CO)[C@@H](O)[C@H]3O)c2[nH]1,CC(=O)OC[C@H]1O[C@@H]2[C@H](Oc3nc4c(=O)[nH]c(=O)[nH]c4n32)[C@@H]1OC(C)O,XanthosineOnly_gen3
O=c1[nH]c(=O)c2ncn([C@@H]3O[C@H](CO)[C@@H](O)[C@H]3O)c2[nH]1,CC(=O)n1c(=O)[nH]c(=O)c2ncn([C@@]3(C)O[C@H](CO)[C@@H](O)[C@H]3OC=O)c21,XanthosineOnly_gen3
O=c1[nH]c(=O)c2ncn([C@@H]3O[C@H](CO)[C@@H](O)[C@H]3O)c2[nH]1,CC(=O)OC[C@H]1O[C@@H](n2cnc3c(=O)[nH]c(=O)[nH]c32)[C@H](OC=O)[C@@]1(C)O,XanthosineOnly_gen3
O=c1[nH]c(=O)c2ncn([C@@H]3O[C@H](CO)[C@@H](O)[C@H]3O)c2[nH]1,CC(=O)OC[C@H]1O[C@@H](n2cnc3c(=O)n(C=O)c(=O)[nH]c32)[C@@](C)(O)[C@@H]1O,XanthosineOnly_gen3
O=c1[nH]c(=O)c2ncn([C@@H]3O[C@H](CO)[C@@H](O)[C@H]3O)c2[nH]1,CC(=O)O[C@@H]1[C@H]2CO[C@@]1(OC(C)O)[C@H](n1cnc3c(=O)[nH]c(=O)[nH]c31)O2,XanthosineOnly_gen3
O=c1[nH]c(=O)c2ncn([C@@H]3O[C@H](CO)[C@@H](O)[C@H]3O)c2[nH]1,CC(=O)n1c(=O)[nH]c(=O)c2ncn([C@@H]3O[C@@H]4C(OC(C)O)O[C@H]4[C@H]3O)c21,XanthosineOnly_gen3
O=c1[nH]c(=O)c2ncn([C@@H]3O[C@H](CO)[C@@H](O)[C@H]3O)c2[nH]1,CC(=O)OC[C@H]1O[C@@]2(n3cnc4c(=O)[nH]c(=O)[nH]c43)O[C@H]1[C@H]2OC(C)O,XanthosineOnly_gen3
O=c1[nH]c(=O)c2ncn([C@@H]3O[C@H](CO)[C@@H](O)[C@H]3O)c2[nH]1,CC(=O)OC[C@]1(C)O[C@@H](n2cnc3c(=O)[nH]c(=O)[nH]c32)[C@H](O)[C@@H]1OC=O,XanthosineOnly_gen3
O=c1[nH]c(=O)c2ncn([C@@H]3O[C@H](CO)[C@@H](O)[C@H]3O)c2[nH]1,CC(=O)O[C@H]1[C@H]2OC(O)COC[C@H]1O[C@H]2n1cnc2c(=O)[nH]c(=O)[nH]c21,XanthosineOnly_gen3
O=c1[nH]c(=O)c2ncn([C@@H]3O[C@H](CO)[C@@H](O)[C@H]3O)c2[nH]1,CC(=O)O[C@@H]1[C@H](OC=O)[C@@H](C(C)O)O[C@H]1n1cnc2c(=O)[nH]c(=O)[nH]c21,XanthosineOnly_gen3
O=c1[nH]c(=O)c2ncn([C@@H]3O[C@H](CO)[C@@H](O)[C@H]3O)c2[nH]1,CC(=O)n1c(=O)[nH]c(=O)c2ncn([C@@]34OC[C@@H](O3)[C@@H](O)[C@H]4OC(C)O)c21,XanthosineOnly_gen3
O=c1[nH]c(=O)c2ncn([C@@H]3O[C@H](CO)[C@@H](O)[C@H]3O)c2[nH]1,CC(=O)n1c(=O)[nH]c(=O)c2ncn([C@]34O[C@@H]([C@H]3O)[C@@H](COC(C)O)O4)c21,XanthosineOnly_gen3
O=c1[nH]c(=O)c2ncn([C@@H]3O[C@H](CO)[C@@H](O)[C@H]3O)c2[nH]1,CC(=O)O[C@@H]1[C@@H]2OC(OC(C)O)[C@H]2O[C@H]1n1cnc2c(=O)[nH]c(=O)[nH]c21,XanthosineOnly_gen3
O=c1[nH]c(=O)c2ncn([C@@H]3O[C@H](CO)[C@@H](O)[C@H]3O)c2[nH]1,CC(=O)O[C@@]1(C)[C@H](O)[C@@H](CO)O[C@H]1n1cnc2c(=O)[nH]c(=O)n(C=O)c21,XanthosineOnly_gen3
O=c1[nH]c(=O)c2ncn([C@@H]3O[C@H](CO)[C@@H](O)[C@H]3O)c2[nH]1,CC(=O)O[C@@H]1[C@H](O)[C@H]2COCC(O)n3c(=O)[nH]c4c(ncn4[C@@H]1O2)c3=O,XanthosineOnly_gen3
O=c1[nH]c(=O)c2ncn([C@@H]3O[C@H](CO)[C@@H](O)[C@H]3O)c2[nH]1,CC(=O)n1c(=O)[nH]c2c(ncn2[C@@]23OC[C@@H](O2)[C@@H](OC(C)O)[C@H]3O)c1=O,XanthosineOnly_gen3
O=c1[nH]c(=O)c2ncn([C@@H]3O[C@H](CO)[C@@H](O)[C@H]3O)c2[nH]1,CC(=O)OC(C)O[C@H]1[C@H](n2cnc3c(=O)[nH]c(=O)[nH]c32)O[C@@]2(CO2)[C@H]1O,XanthosineOnly_gen3
O=c1[nH]c(=O)c2ncn([C@@H]3O[C@H](CO)[C@@H](O)[C@H]3O)c2[nH]1,CC(=O)n1c(=O)[nH]c(=O)c2ncn([C@@H]3O[C@@]4(CO4)[C@@H](O)[C@H]3OC(C)O)c21,XanthosineOnly_gen3
O=c1[nH]c(=O)c2ncn([C@@H]3O[C@H](CO)[C@@H](O)[C@H]3O)c2[nH]1,CC(=O)O[C@H]1[C@@H](O)[C@H](n2c(C)nc3c(=O)[nH]c(=O)n(C=O)c32)O[C@@H]1CO,XanthosineOnly_gen3
O=c1[nH]c(=O)c2ncn([C@@H]3O[C@H](CO)[C@@H](O)[C@H]3O)c2[nH]1,CC(=O)O[C@@H]1[C@H](OC(C)O)[C@H]2COc3nc4c(=O)[nH]c(=O)[nH]c4n3[C@@H]1O2,XanthosineOnly_gen3
O=c1[nH]c(=O)c2ncn([C@@H]3O[C@H](CO)[C@@H](O)[C@H]3O)c2[nH]1,CC(O)n1c(=O)[nH]c2c(ncn2[C@@H]2O[C@H](CO)[C@H]3OCC(=O)O[C@H]32)c1=O,XanthosineOnly_gen3
O=c1[nH]c(=O)c2ncn([C@@H]3O[C@H](CO)[C@@H](O)[C@H]3O)c2[nH]1,CC(=O)OC(C)O[C@H]1[C@H](n2cnc3c(=O)[nH]c(=O)[nH]c32)O[C@@H]2CO[C@]21O,XanthosineOnly_gen3
O=c1[nH]c(=O)c2ncn([C@@H]3O[C@H](CO)[C@@H](O)[C@H]3O)c2[nH]1,CC(=O)OC[C@H]1O[C@@]2(n3cnc4c(=O)n(C(C)O)c(=O)[nH]c43)O[C@@H]2[C@@H]1O,XanthosineOnly_gen3
O=c1[nH]c(=O)c2ncn([C@@H]3O[C@H](CO)[C@@H](O)[C@H]3O)c2[nH]1,CC(=O)n1c(=O)[nH]c(=O)c2ncn([C@@H]3O[C@H](COC(C)O)[C@@]4(O)O[C@@H]34)c21,XanthosineOnly_gen3
O=c1[nH]c(=O)c2ncn([C@@H]3O[C@H](CO)[C@@H](O)[C@H]3O)c2[nH]1,CC(=O)O[C@@H]1[C@H](O)[C@H]2CO[C@]1(n1cnc3c(=O)[nH]c(=O)n(C(C)O)c31)O2,XanthosineOnly_gen3
O=c1[nH]c(=O)c2ncn([C@@H]3O[C@H](CO)[C@@H](O)[C@H]3O)c2[nH]1,CC(=O)OC[C@H]1O[C@@H](n2cnc3c(=O)[nH]c(=O)[nH]c32)[C@H](O)[C@@]1(C)OC=O,XanthosineOnly_gen3
O=c1[nH]c(=O)c2ncn([C@@H]3O[C@H](CO)[C@@H](O)[C@H]3O)c2[nH]1,CC(=O)O[C@@H]1[C@H](OC=O)[C@@H](CO)O[C@H]1n1c(C)nc2c(=O)[nH]c(=O)[nH]c21,XanthosineOnly_gen3
O=c1[nH]c(=O)c2ncn([C@@H]3O[C@H](CO)[C@@H](O)[C@H]3O)c2[nH]1,CC(=O)O[C@H]1[C@H](n2cnc3c(=O)[nH]c(=O)[nH]c32)O[C@@](C)(COC=O)[C@H]1O,XanthosineOnly_gen3
O=c1[nH]c(=O)c2ncn([C@@H]3O[C@H](CO)[C@@H](O)[C@H]3O)c2[nH]1,CC(=O)n1c(=O)[nH]c(=O)c2nc(C)n([C@@H]3O[C@H](CO)[C@@H](O)[C@H]3OC=O)c21,XanthosineOnly_gen3
O=c1[nH]c(=O)c2ncn([C@@H]3O[C@H](CO)[C@@H](O)[C@H]3O)c2[nH]1,CC(=O)n1c(=O)[nH]c2c(ncn2[C@@H]2O[C@]3(COC(C)O)O[C@H]3[C@H]2O)c1=O,XanthosineOnly_gen3
O=c1[nH]c(=O)c2ncn([C@@H]3O[C@H](CO)[C@@H](O)[C@H]3O)c2[nH]1,CC(=O)n1c(=O)[nH]c2c(ncn2[C@@]2(C)O[C@H](CO)[C@@H](OC=O)[C@H]2O)c1=O,XanthosineOnly_gen3
O=c1[nH]c(=O)c2ncn([C@@H]3O[C@H](CO)[C@@H](O)[C@H]3O)c2[nH]1,CC(=O)n1c(=O)[nH]c2c(ncn2[C@@H]2O[C@@H]3C(O)O[C@@H]2[C@@H]3OC(C)O)c1=O,XanthosineOnly_gen3
O=c1[nH]c(=O)c2ncn([C@@H]3O[C@H](CO)[C@@H](O)[C@H]3O)c2[nH]1,CC(=O)O[C@@H]1[C@@H]2O[C@]1(n1cnc3c(=O)n(C(C)O)c(=O)[nH]c31)O[C@@H]2CO,XanthosineOnly_gen3
O=c1[nH]c(=O)c2ncn([C@@H]3O[C@H](CO)[C@@H](O)[C@H]3O)c2[nH]1,CC(=O)O[C@@H]1[C@@H](CO)O[C@@H](n2cnc3c(=O)[nH]c(=O)[nH]c32)[C@@]1(C)OC=O,XanthosineOnly_gen3
O=c1[nH]c(=O)c2ncn([C@@H]3O[C@H](CO)[C@@H](O)[C@H]3O)c2[nH]1,CC(=O)OC(C)O[C@@]12OC[C@H]1O[C@@H](n1cnc3c(=O)[nH]c(=O)[nH]c31)[C@@H]2O,XanthosineOnly_gen3
O=c1[nH]c(=O)c2ncn([C@@H]3O[C@H](CO)[C@@H](O)[C@H]3O)c2[nH]1,CC(=O)O[C@H]1[C@H]2O[C@]2(n2cnc3c(=O)[nH]c(=O)[nH]c32)O[C@@H]1COC(C)O,XanthosineOnly_gen3
O=c1[nH]c(=O)c2ncn([C@@H]3O[C@H](CO)[C@@H](O)[C@H]3O)c2[nH]1,CC(=O)O[C@@H]1[C@@H]2Oc3nc4c(=O)[nH]c(=O)n(C(C)O)c4n3[C@@H]1O[C@@H]2CO,XanthosineOnly_gen3
O=c1[nH]c(=O)c2ncn([C@@H]3O[C@H](CO)[C@@H](O)[C@H]3O)c2[nH]1,CCC(=O)O[C@H]1[C@@H](O)[C@H](n2cnc3c(=O)[nH]c(=O)n(C=O)c32)O[C@@H]1CO,XanthosineOnly_gen3
O=c1[nH]c(=O)c2ncn([C@@H]3O[C@H](CO)[C@@H](O)[C@H]3O)c2[nH]1,CC(=O)O[C@@H]1[C@H](O)[C@H]2COc3nc4c(=O)n(C(C)O)c(=O)[nH]c4n3[C@@H]1O2,XanthosineOnly_gen3
O=c1[nH]c(=O)c2ncn([C@@H]3O[C@H](CO)[C@@H](O)[C@H]3O)c2[nH]1,CC(=O)OC(C)OC[C@H]1O[C@@H]2[C@H](Oc3nc4c(=O)[nH]c(=O)[nH]c4n32)[C@@H]1O,XanthosineOnly_gen3
O=c1[nH]c(=O)c2ncn([C@@H]3O[C@H](CO)[C@@H](O)[C@H]3O)c2[nH]1,CC(O)n1c(=O)[nH]c(=O)c2ncn([C@@H]3O[C@H](CO)[C@H]4OC(=O)CO[C@H]43)c21,XanthosineOnly_gen3
O=c1[nH]c(=O)c2ncn([C@@H]3O[C@H](CO)[C@@H](O)[C@H]3O)c2[nH]1,CCC(=O)O[C@@H]1[C@H](O)[C@@H](CO)O[C@H]1n1cnc2c(=O)n(C=O)c(=O)[nH]c21,XanthosineOnly_gen3
O=c1[nH]c(=O)c2ncn([C@@H]3O[C@H](CO)[C@@H](O)[C@H]3O)c2[nH]1,CC(=O)n1c(=O)[nH]c2c(ncn2[C@]23O[C@@H]2[C@H](O)[C@@H](COC(C)O)O3)c1=O,XanthosineOnly_gen3
O=c1[nH]c(=O)c2ncn([C@@H]3O[C@H](CO)[C@@H](O)[C@H]3O)c2[nH]1,CC(=O)O[C@]12OC[C@@H](O[C@H]1n1cnc3c(=O)[nH]c(=O)n(C(C)O)c31)[C@H]2O,XanthosineOnly_gen3
O=c1[nH]c(=O)c2ncn([C@@H]3O[C@H](CO)[C@@H](O)[C@H]3O)c2[nH]1,CC(=O)O[C@@H]1[C@H]2CO[C@@]1(O)[C@H](n1cnc3c(=O)[nH]c(=O)n(C(C)O)c31)O2,XanthosineOnly_gen3
O=c1[nH]c(=O)c2ncn([C@@H]3O[C@H](CO)[C@@H](O)[C@H]3O)c2[nH]1,CC(=O)O[C@H]1[C@@H](OC(C)O)[C@]2(n3cnc4c(=O)[nH]c(=O)[nH]c43)OC[C@H]1O2,XanthosineOnly_gen3
O=c1[nH]c(=O)c2ncn([C@@H]3O[C@H](CO)[C@@H](O)[C@H]3O)c2[nH]1,CC(=O)n1c(=O)[nH]c(=O)c2ncn([C@@H]3O[C@H](CO)[C@@H](O)[C@]3(C)OC=O)c21,XanthosineOnly_gen3
O=c1[nH]c(=O)c2ncn([C@@H]3O[C@H](CO)[C@@H](O)[C@H]3O)c2[nH]1,CC(=O)n1c(=O)[nH]c(=O)c2ncn([C@@H]3O[C@H](COC=O)[C@@H](O)[C@]3(C)O)c21,XanthosineOnly_gen3
O=c1[nH]c(=O)c2ncn([C@@H]3O[C@H](CO)[C@@H](O)[C@H]3O)c2[nH]1,CC(=O)O[C@H]1[C@H]2O[C@]2(n2cnc3c(=O)[nH]c(=O)n(C(C)O)c32)O[C@@H]1CO,XanthosineOnly_gen3
O=c1[nH]c(=O)c2ncn([C@@H]3O[C@H](CO)[C@@H](O)[C@H]3O)c2[nH]1,CC(=O)n1c(=O)[nH]c2c(nc(C)n2[C@@H]2O[C@H](CO)[C@@H](OC=O)[C@H]2O)c1=O,XanthosineOnly_gen3
O=c1[nH]c(=O)c2ncn([C@@H]3O[C@H](CO)[C@@H](O)[C@H]3O)c2[nH]1,CC(=O)O[C@H]1[C@@H](O)[C@H]2O[C@@H]1COc1nc3c(=O)[nH]c(=O)n(C(C)O)c3n12,XanthosineOnly_gen3
O=c1[nH]c(=O)c2ncn([C@@H]3O[C@H](CO)[C@@H](O)[C@H]3O)c2[nH]1,CC(=O)O[C@H]1[C@@H](OC(C)O)[C@H](n2cnc3c(=O)[nH]c(=O)[nH]c32)O[C@@]12CO2,XanthosineOnly_gen3
O=c1[nH]c(=O)c2ncn([C@@H]3O[C@H](CO)[C@@H](O)[C@H]3O)c2[nH]1,CC(=O)OC[C@H]1O[C@@]2(n3cnc4c(=O)[nH]c(=O)n(C(C)O)c43)O[C@H]1[C@H]2O,XanthosineOnly_gen3
O=c1[nH]c(=O)c2ncn([C@@H]3O[C@H](CO)[C@@H](O)[C@H]3O)c2[nH]1,CC(=O)OC(C)O[C@H]1[C@@H](O)[C@]2(n3cnc4c(=O)[nH]c(=O)[nH]c43)OC[C@H]1O2,XanthosineOnly_gen3
O=c1[nH]c(=O)c2ncn([C@@H]3O[C@H](CO)[C@@H](O)[C@H]3O)c2[nH]1,CC(=O)O[C@@]1(C)[C@@H](CO)O[C@@H](n2cnc3c(=O)[nH]c(=O)[nH]c32)[C@@H]1OC=O,XanthosineOnly_gen3
O=c1[nH]c(=O)c2ncn([C@@H]3O[C@H](CO)[C@@H](O)[C@H]3O)c2[nH]1,CC(=O)n1c(=O)[nH]c(=O)c2ncn([C@@H]3O[C@@H]4C(O)O[C@H]4[C@H]3OC(C)O)c21,XanthosineOnly_gen3
O=c1[nH]c(=O)c2ncn([C@@H]3O[C@H](CO)[C@@H](O)[C@H]3O)c2[nH]1,CC(=O)O[C@@]12O[C@@H]1[C@@H](CO)O[C@H]2n1cnc2c(=O)[nH]c(=O)n(C(C)O)c21,XanthosineOnly_gen3
O=c1[nH]c(=O)c2ncn([C@@H]3O[C@H](CO)[C@@H](O)[C@H]3O)c2[nH]1,CC(=O)OC[C@]1(C)O[C@@H](n2cnc3c(=O)[nH]c(=O)n(C=O)c32)[C@H](O)[C@@H]1O,XanthosineOnly_gen3
O=c1[nH]c(=O)c2ncn([C@@H]3O[C@H](CO)[C@@H](O)[C@H]3O)c2[nH]1,CC(=O)n1c(=O)[nH]c2c(ncn2[C@@H]2O[C@@H]3CO[C@]2(O)[C@@H]3OC(C)O)c1=O,XanthosineOnly_gen3
O=c1[nH]c(=O)c2ncn([C@@H]3O[C@H](CO)[C@@H](O)[C@H]3O)c2[nH]1,CC(=O)n1c(=O)[nH]c(=O)c2ncn([C@@H]3O[C@@H]4CO[C@@]4(O)[C@H]3OC(C)O)c21,XanthosineOnly_gen3
O=c1[nH]c(=O)c2ncn([C@@H]3O[C@H](CO)[C@@H](O)[C@H]3O)c2[nH]1,CC(=O)O[C@H]1[C@@H](O)[C@H](n2cnc3c(=O)[nH]c(=O)n(C(C)O)c32)O[C@@]12CO2,XanthosineOnly_gen3
O=c1[nH]c(=O)c2ncn([C@@H]3O[C@H](CO)[C@@H](O)[C@H]3O)c2[nH]1,CC(=O)O[C@H]1[C@@H](O)[C@@](C)(n2cnc3c(=O)n(C=O)c(=O)[nH]c32)O[C@@H]1CO,XanthosineOnly_gen3
O=c1[nH]c(=O)c2ncn([C@@H]3O[C@H](CO)[C@@H](O)[C@H]3O)c2[nH]1,CC(=O)OC(C)OC[C@H]1O[C@@]2(n3cnc4c(=O)[nH]c(=O)[nH]c43)O[C@H]1[C@H]2O,XanthosineOnly_gen3
O=c1[nH]c(=O)c2ncn([C@@H]3O[C@H](CO)[C@@H](O)[C@H]3O)c2[nH]1,CC(O)n1c(=O)[nH]c(=O)c2ncn([C@@H]3O[C@@H]4COC(=O)CO[C@@H]3[C@@H]4O)c21,XanthosineOnly_gen3
O=c1[nH]c(=O)c2ncn([C@@H]3O[C@H](CO)[C@@H](O)[C@H]3O)c2[nH]1,CC(=O)OC[C@H]1O[C@@H]2[C@H](Oc3nc4c(=O)[nH]c(=O)n(C(C)O)c4n32)[C@@H]1O,XanthosineOnly_gen3
O=c1[nH]c(=O)c2ncn([C@@H]3O[C@H](CO)[C@@H](O)[C@H]3O)c2[nH]1,CC(=O)O[C@@H]1[C@@H]2Oc3nc4c(=O)[nH]c(=O)[nH]c4n3[C@@H]1O[C@@H]2COC(C)O,XanthosineOnly_gen3
O=c1[nH]c(=O)c2ncn([C@@H]3O[C@H](CO)[C@@H](O)[C@H]3O)c2[nH]1,CC(=O)n1c(=O)[nH]c2c(nc(C)n2[C@@H]2O[C@H](COC=O)[C@@H](O)[C@H]2O)c1=O,XanthosineOnly_gen3
O=c1[nH]c(=O)c2ncn([C@@H]3O[C@H](CO)[C@@H](O)[C@H]3O)c2[nH]1,CC(=O)n1c(=O)[nH]c2c(ncn2[C@@H]2O[C@H](CO)[C@H]3OCC(O)O[C@H]32)c1=O,XanthosineOnly_gen3
O=c1[nH]c(=O)c2ncn([C@@H]3O[C@H](CO)[C@@H](O)[C@H]3O)c2[nH]1,CC(=O)OC1CO[C@H]2[C@@H](O)[C@H](n3cnc4c(=O)[nH]c(=O)[nH]c43)O[C@@H]2CO1,XanthosineOnly_gen3
O=c1[nH]c(=O)c2ncn([C@@H]3O[C@H](CO)[C@@H](O)[C@H]3O)c2[nH]1,CC(=O)n1c(=O)[nH]c(=O)c2ncn([C@@H]3O[C@H](C(C)O)[C@@H](O)[C@H]3OC=O)c21,XanthosineOnly_gen3
O=c1[nH]c(=O)c2ncn([C@@H]3O[C@H](CO)[C@@H](O)[C@H]3O)c2[nH]1,CC(=O)n1c(=O)[nH]c(=O)c2ncn([C@@H]3O[C@@H]4CO[C@@]4(OC(C)O)[C@H]3O)c21,XanthosineOnly_gen3
O=c1[nH]c(=O)c2ncn([C@@H]3O[C@H](CO)[C@@H](O)[C@H]3O)c2[nH]1,CC(=O)n1c(=O)[nH]c2c(ncn2[C@@H]2O[C@]3(CO)O[C@H]3[C@H]2OC(C)O)c1=O,XanthosineOnly_gen3
O=c1[nH]c(=O)c2ncn([C@@H]3O[C@H](CO)[C@@H](O)[C@H]3O)c2[nH]1,CC(=O)O[C@H]1[C@H]2OCC(O)n3c(=O)[nH]c4c(ncn4[C@@H]2O[C@@H]1CO)c3=O,XanthosineOnly_gen3
O=c1[nH]c(=O)c2ncn([C@@H]3O[C@H](CO)[C@@H](O)[C@H]3O)c2[nH]1,CC(=O)O[C@H]1[C@H]2O[C@@]1(CO)O[C@H]2n1cnc2c(=O)[nH]c(=O)n(C(C)O)c21,XanthosineOnly_gen3
O=c1[nH]c(=O)c2ncn([C@@H]3O[C@H](CO)[C@@H](O)[C@H]3O)c2[nH]1,CC(=O)OC[C@H]1O[C@@H](n2cnc3c(=O)[nH]c(=O)n(C(C)O)c32)[C@]2(O)O[C@H]12,XanthosineOnly_gen3
O=c1[nH]c(=O)c2ncn([C@@H]3O[C@H](CO)[C@@H](O)[C@H]3O)c2[nH]1,CC(=O)O[C@@]12O[C@@H]1[C@@H](COC(C)O)O[C@H]2n1cnc2c(=O)[nH]c(=O)[nH]c21,XanthosineOnly_gen3
O=c1[nH]c(=O)c2ncn([C@@H]3O[C@H](CO)[C@@H](O)[C@H]3O)c2[nH]1,CC(=O)O[C@@]1(C)[C@H](O)[C@@H](COC=O)O[C@H]1n1cnc2c(=O)[nH]c(=O)[nH]c21,XanthosineOnly_gen3
O=c1[nH]c(=O)c2ncn([C@@H]3O[C@H](CO)[C@@H](O)[C@H]3O)c2[nH]1,CC(=O)O[C@@H]1[C@@H]2OC(O)[C@H]2O[C@H]1n1cnc2c(=O)n(C(C)O)c(=O)[nH]c21,XanthosineOnly_gen3
O=c1[nH]c(=O)c2ncn([C@@H]3O[C@H](CO)[C@@H](O)[C@H]3O)c2[nH]1,CC(=O)OC[C@H]1O[C@@H]2[C@H](OCC(O)n3c(=O)[nH]c4c(ncn42)c3=O)[C@@H]1O,XanthosineOnly_gen3
O=c1[nH]c(=O)c2ncn([C@@H]3O[C@H](CO)[C@@H](O)[C@H]3O)c2[nH]1,CC(=O)OC(C)O[C@@H]1[C@@H]2OC(O)[C@H]2O[C@H]1n1cnc2c(=O)[nH]c(=O)[nH]c21,XanthosineOnly_gen3
O=c1[nH]c(=O)c2ncn([C@@H]3O[C@H](CO)[C@@H](O)[C@H]3O)c2[nH]1,CC(=O)O[C@H]1[C@H]2Oc3nc4c(=O)n(C(C)O)c(=O)[nH]c4n3[C@@H]2O[C@@H]1CO,XanthosineOnly_gen3
O=c1[nH]c(=O)c2ncn([C@@H]3O[C@H](CO)[C@@H](O)[C@H]3O)c2[nH]1,CC(=O)OC(C)OC[C@]12O[C@@H](n3cnc4c(=O)[nH]c(=O)[nH]c43)[C@H](O)[C@@H]1O2,XanthosineOnly_gen3
O=c1[nH]c(=O)c2ncn([C@@H]3O[C@H](CO)[C@@H](O)[C@H]3O)c2[nH]1,CC(=O)OC[C@H]1O[C@@H](n2cnc3c(=O)[nH]c(=O)[nH]c32)[C@@H]2OCC(O)O[C@@H]21,XanthosineOnly_gen3
O=c1[nH]c(=O)c2ncn([C@@H]3O[C@H](CO)[C@@H](O)[C@H]3O)c2[nH]1,CCC(=O)n1c(=O)[nH]c2c(ncn2[C@@H]2O[C@H](CO)[C@@H](OC=O)[C@H]2O)c1=O,XanthosineOnly_gen3
O=c1[nH]c(=O)c2ncn([C@@H]3O[C@H](CO)[C@@H](O)[C@H]3O)c2[nH]1,CC(=O)OC[C@H]1O[C@@H]2[C@H](O)[C@@H]1OCC(O)n1c(=O)[nH]c(=O)c3ncn2c31,XanthosineOnly_gen3
O=c1[nH]c(=O)c2ncn([C@@H]3O[C@H](CO)[C@@H](O)[C@H]3O)c2[nH]1,CC(=O)n1c(=O)[nH]c2c(nc3n2[C@@H]2O[C@H](COC(C)O)[C@@H](O)[C@H]2O3)c1=O,XanthosineOnly_gen3
O=c1[nH]c(=O)c2ncn([C@@H]3O[C@H](CO)[C@@H](O)[C@H]3O)c2[nH]1,CC(O)O[C@@H]1[C@@H]2OCC(=O)n3c(=O)[nH]c4c(ncn4[C@@H]1O[C@@H]2CO)c3=O,XanthosineOnly_gen3
O=c1[nH]c(=O)c2ncn([C@@H]3O[C@H](CO)[C@@H](O)[C@H]3O)c2[nH]1,CC(=O)O[C@H]1[C@H](n2cnc3c(=O)n(C=O)c(=O)[nH]c32)O[C@H](CO)[C@]1(C)O,XanthosineOnly_gen3
O=c1[nH]c(=O)c2ncn([C@@H]3O[C@H](CO)[C@@H](O)[C@H]3O)c2[nH]1,CC(=O)OC[C@]12O[C@@H]([C@H](n3cnc4c(=O)[nH]c(=O)[nH]c43)O1)[C@@H]2OC(C)O,XanthosineOnly_gen3
O=c1[nH]c(=O)c2ncn([C@@H]3O[C@H](CO)[C@@H](O)[C@H]3O)c2[nH]1,CC(O)O[C@H]1[C@H]2OCC(=O)n3c(=O)[nH]c(=O)c4ncn(c43)[C@@H]2O[C@@H]1CO,XanthosineOnly_gen3
O=c1[nH]c(=O)c2ncn([C@@H]3O[C@H](CO)[C@@H](O)[C@H]3O)c2[nH]1,CCC(=O)n1c(=O)[nH]c(=O)c2ncn([C@@H]3O[C@H](COC=O)[C@@H](O)[C@H]3O)c21,XanthosineOnly_gen3
O=c1[nH]c(=O)c2ncn([C@@H]3O[C@H](CO)[C@@H](O)[C@H]3O)c2[nH]1,CC(=O)O[C@H]1[C@@H](OC=O)[C@@](C)(n2cnc3c(=O)[nH]c(=O)[nH]c32)O[C@@H]1CO,XanthosineOnly_gen3
O=c1[nH]c(=O)c2ncn([C@@H]3O[C@H](CO)[C@@H](O)[C@H]3O)c2[nH]1,CC(=O)OC1O[C@@H]2[C@H](O)[C@@H]1O[C@H]2n1cnc2c(=O)[nH]c(=O)n(C(C)O)c21,XanthosineOnly_gen3
O=c1[nH]c(=O)c2ncn([C@@H]3O[C@H](CO)[C@@H](O)[C@H]3O)c2[nH]1,CC(=O)O[C@H]1[C@@H](O)[C@H](n2cnc3c(=O)n(C=O)c(=O)[nH]c32)O[C@@]1(C)CO,XanthosineOnly_gen3
O=c1[nH]c(=O)c2ncn([C@@H]3O[C@H](CO)[C@@H](O)[C@H]3O)c2[nH]1,CCC(=O)OC[C@H]1O[C@@H](n2cnc3c(=O)[nH]c(=O)[nH]c32)[C@H](O)[C@@H]1OC=O,XanthosineOnly_gen3
O=c1[nH]c(=O)c2ncn([C@@H]3O[C@H](CO)[C@@H](O)[C@H]3O)c2[nH]1,CC(=O)O[C@H]1[C@@H](O)[C@]2(n3cnc4c(=O)n(C(C)O)c(=O)[nH]c43)OC[C@H]1O2,XanthosineOnly_gen3
O=c1[nH]c(=O)c2ncn([C@@H]3O[C@H](CO)[C@@H](O)[C@H]3O)c2[nH]1,CCC(=O)n1c(=O)[nH]c(=O)c2ncn([C@@H]3O[C@H](CO)[C@@H](O)[C@H]3OC=O)c21,XanthosineOnly_gen3
O=c1[nH]c(=O)c2ncn([C@@H]3O[C@H](CO)[C@@H](O)[C@H]3O)c2[nH]1,CC(=O)n1c(=O)[nH]c(=O)c2ncn([C@@H]3O[C@H](CO)[C@H]4OC(O)CO[C@H]43)c21,XanthosineOnly_gen3
O=c1[nH]c(=O)c2ncn([C@@H]3O[C@H](CO)[C@@H](O)[C@H]3O)c2[nH]1,CC(=O)OC[C@]12O[C@@H](n3cnc4c(=O)[nH]c(=O)n(C(C)O)c43)[C@H](O)[C@@H]1O2,XanthosineOnly_gen3
O=c1[nH]c(=O)c2ncn([C@@H]3O[C@H](CO)[C@@H](O)[C@H]3O)c2[nH]1,CC(=O)n1c(=O)[nH]c(=O)c2nc3n(c21)[C@@H]1O[C@H](CO3)[C@@H](O)[C@H]1OC(C)O,XanthosineOnly_gen3
O=c1[nH]c(=O)c2ncn([C@@H]3O[C@H](CO)[C@@H](O)[C@H]3O)c2[nH]1,CC(=O)O[C@@H]1[C@H](O)[C@@H](COC=O)O[C@H]1n1c(C)nc2c(=O)[nH]c(=O)[nH]c21,XanthosineOnly_gen3
O=c1[nH]c(=O)c2ncn([C@@H]3O[C@H](CO)[C@@H](O)[C@H]3O)c2[nH]1,CC(=O)O[C@@H]1[C@@H](CO)O[C@@H](n2cnc3c(=O)[nH]c(=O)n(C=O)c32)[C@@]1(C)O,XanthosineOnly_gen3
O=c1[nH]c(=O)c2ncn([C@@H]3O[C@H](CO)[C@@H](O)[C@H]3O)c2[nH]1,CC(=O)n1c(=O)[nH]c(=O)c2ncn([C@@H]3O[C@@H]4COC(O)CO[C@@H]3[C@@H]4O)c21,XanthosineOnly_gen3
O=c1[nH]c(=O)c2ncn([C@@H]3O[C@H](CO)[C@@H](O)[C@H]3O)c2[nH]1,CC(=O)O[C@H]1[C@H](n2cnc3c(=O)n(C(C)O)c(=O)[nH]c32)O[C@@H]2CO[C@]21O,XanthosineOnly_gen3
O=c1[nH]c(=O)c2ncn([C@@H]3O[C@H](CO)[C@@H](O)[C@H]3O)c2[nH]1,CC(=O)OC[C@H]1O[C@@H]2[C@H](O)[C@@H]1Oc1nc3c(=O)n(C(C)O)c(=O)[nH]c3n12,XanthosineOnly_gen3
O=c1[nH]c(=O)c2ncn([C@@H]3O[C@H](CO)[C@@H](O)[C@H]3O)c2[nH]1,CC(=O)n1c(=O)[nH]c2c(nc3n2[C@@H]2O[C@H](CO3)[C@@H](OC(C)O)[C@H]2O)c1=O,XanthosineOnly_gen3
O=c1[nH]c(=O)c2ncn([C@@H]3O[C@H](CO)[C@@H](O)[C@H]3O)c2[nH]1,CC(=O)n1c(=O)[nH]c(=O)c2ncn([C@@H]3O[C@H](CO)[C@H]4O[C@]43OC(C)O)c21,XanthosineOnly_gen3
O=c1[nH]c(=O)c2ncn([C@@H]3O[C@H](CO)[C@@H](O)[C@H]3O)c2[nH]1,CC(O)OC[C@H]1O[C@@H]2[C@H](O)[C@@H]1OCC(=O)n1c(=O)[nH]c3c(ncn32)c1=O,XanthosineOnly_gen3
O=c1[nH]c(=O)c2ncn([C@@H]3O[C@H](CO)[C@@H](O)[C@H]3O)c2[nH]1,CC(=O)O[C@H]1[C@H](n2cnc3c(=O)n(C(C)O)c(=O)[nH]c32)O[C@@]2(CO2)[C@H]1O,XanthosineOnly_gen3
O=c1[nH]c(=O)c2ncn([C@@H]3O[C@H](CO)[C@@H](O)[C@H]3O)c2[nH]1,CC(=O)OC1CO[C@H]2[C@@H](O1)[C@H](n1cnc3c(=O)[nH]c(=O)[nH]c31)O[C@@H]2CO,XanthosineOnly_gen3
O=c1[nH]c(=O)c2ncn([C@@H]3O[C@H](CO)[C@@H](O)[C@H]3O)c2[nH]1,CC(=O)OC(C)O[C@@H]1[C@H](O)[C@H]2COc3nc4c(=O)[nH]c(=O)[nH]c4n3[C@@H]1O2,XanthosineOnly_gen3
O=c1[nH]c(=O)c2ncn([C@@H]3O[C@H](CO)[C@@H](O)[C@H]3O)c2[nH]1,CCC(=O)OC[C@H]1O[C@@H](n2cnc3c(=O)[nH]c(=O)n(C=O)c32)[C@H](O)[C@@H]1O,XanthosineOnly_gen3
O=c1[nH]c(=O)c2ncn([C@@H]3O[C@H](CO)[C@@H](O)[C@H]3O)c2[nH]1,CC(=O)O[C@@]1(C)[C@@H](CO)O[C@@H](n2cnc3c(=O)[nH]c(=O)n(C=O)c32)[C@@H]1O,XanthosineOnly_gen3
O=c1[nH]c(=O)c2ncn([C@@H]3O[C@H](CO)[C@@H](O)[C@H]3O)c2[nH]1,CC(=O)n1c(=O)[nH]c2c(ncn2[C@@H]2O[C@@H]3CO[C@]2(OC(C)O)[C@@H]3O)c1=O,XanthosineOnly_gen3
O=c1[nH]c(=O)c2ncn([C@@H]3O[C@H](CO)[C@@H](O)[C@H]3O)c2[nH]1,CC(=O)O[C@]12O[C@H]1[C@H](n1cnc3c(=O)n(C(C)O)c(=O)[nH]c31)O[C@@H]2CO,XanthosineOnly_gen3
O=c1[nH]c(=O)c2ncn([C@@H]3O[C@H](CO)[C@@H](O)[C@H]3O)c2[nH]1,CC(O)O[C@@H]1[C@H](O)[C@H]2COCC(=O)n3c(=O)[nH]c4c(ncn4[C@@H]1O2)c3=O,XanthosineOnly_gen3
O=c1[nH]c(=O)c2ncn([C@@H]3O[C@H](CO)[C@@H](O)[C@H]3O)c2[nH]1,CC(=O)O[C@H]1[C@H](n2cnc3c(=O)n(C(C)O)c(=O)[nH]c32)O[C@]2(CO)O[C@@H]12,XanthosineOnly_gen3
O=c1[nH]c(=O)c2ncn([C@@H]3O[C@H](CO)[C@@H](O)[C@H]3O)c2[nH]1,CC(=O)OC[C@H]1O[C@@H](n2cnc3c(=O)[nH]c(=O)[nH]c32)[C@@H]2O[C@]12OC(C)O,XanthosineOnly_gen3
O=c1[nH]c(=O)c2ncn([C@@H]3O[C@H](CO)[C@@H](O)[C@H]3O)c2[nH]1,CC(=O)n1c(=O)[nH]c2c(ncn2[C@@H]2O[C@H](C(C)OC=O)[C@@H](O)[C@H]2O)c1=O,XanthosineOnly_gen3
O=c1[nH]c(=O)c2ncn([C@@H]3O[C@H](CO)[C@@H](O)[C@H]3O)c2[nH]1,CC(=O)n1c(=O)[nH]c2c(ncn2[C@@H]2O[C@H](CO)[C@@H](OC=O)[C@]2(C)O)c1=O,XanthosineOnly_gen3
O=c1[nH]c(=O)c2ncn([C@@H]3O[C@H](CO)[C@@H](O)[C@H]3O)c2[nH]1,CC(=O)n1c(=O)[nH]c(=O)c2ncn([C@@H]3O[C@@](C)(CO)[C@@H](OC=O)[C@H]3O)c21,XanthosineOnly_gen3
O=c1[nH]c(=O)c2ncn([C@@H]3O[C@H](CO)[C@@H](O)[C@H]3O)c2[nH]1,CC(=O)n1c(=O)[nH]c(=O)c2nc3n(c21)[C@@H]1O[C@H](CO)[C@@H](OC(C)O)[C@H]1O3,XanthosineOnly_gen3
O=c1[nH]c(=O)c2ncn([C@@H]3O[C@H](CO)[C@@H](O)[C@H]3O)c2[nH]1,CC(=O)n1c(=O)[nH]c2c(ncn2[C@@H]2O[C@@H]3COCC(O)O[C@H]3[C@H]2O)c1=O,XanthosineOnly_gen3
O=c1[nH]c(=O)c2ncn([C@@H]3O[C@H](CO)[C@@H](O)[C@H]3O)c2[nH]1,CC(=O)O[C@H]1[C@@H](O)[C@H]2O[C@@H]1COCC(O)n1c(=O)[nH]c(=O)c3ncn2c31,XanthosineOnly_gen3
O=c1[nH]c(=O)c2ncn([C@@H]3O[C@H](CO)[C@@H](O)[C@H]3O)c2[nH]1,CC(=O)OC(C)OC[C@H]1O[C@@H](n2cnc3c(=O)[nH]c(=O)[nH]c32)[C@]2(O)O[C@H]12,XanthosineOnly_gen3
O=c1[nH]c(=O)c2ncn([C@@H]3O[C@H](CO)[C@@H](O)[C@H]3O)c2[nH]1,CC(O)O[C@H]1[C@@H](O)[C@H]2O[C@@H]1COCC(=O)n1c(=O)[nH]c(=O)c3ncn2c31,XanthosineOnly_gen3
O=c1[nH]c(=O)c2ncn([C@@H]3O[C@H](CO)[C@@H](O)[C@H]3O)c2[nH]1,CC(=O)n1c(=O)[nH]c2c(ncn2[C@@H]2O[C@H](COC=O)[C@](C)(O)[C@H]2O)c1=O,XanthosineOnly_gen3
O=c1[nH]c(=O)c2ncn([C@@H]3O[C@H](CO)[C@@H](O)[C@H]3O)c2[nH]1,CC(=O)OC[C@]12O[C@@H]([C@H](n3cnc4c(=O)n(C(C)O)c(=O)[nH]c43)O1)[C@@H]2O,XanthosineOnly_gen3
O=c1[nH]c(=O)c2ncn([C@@H]3O[C@H](CO)[C@@H](O)[C@H]3O)c2[nH]1,CC(=O)OC[C@H]1O[C@@H](n2c(C)nc3c(=O)n(C=O)c(=O)[nH]c32)[C@H](O)[C@@H]1O,XanthosineOnly_gen3
O=c1[nH]c(=O)c2ncn([C@@H]3O[C@H](CO)[C@@H](O)[C@H]3O)c2[nH]1,CC(=O)O[C@@]12OC[C@H]1O[C@@H](n1cnc3c(=O)n(C(C)O)c(=O)[nH]c31)[C@@H]2O,XanthosineOnly_gen3
O=c1[nH]c(=O)c2ncn([C@@H]3O[C@H](CO)[C@@H](O)[C@H]3O)c2[nH]1,CC(O)OC[C@H]1O[C@@H]2[C@H](OCC(=O)n3c(=O)[nH]c(=O)c4ncn2c43)[C@@H]1O,XanthosineOnly_gen3
O=c1[nH]c(=O)c2ncn([C@@H]3O[C@H](CO)[C@@H](O)[C@H]3O)c2[nH]1,CC(=O)OC[C@H]1O[C@@H](n2cnc3c(=O)n(C(C)O)c(=O)[nH]c32)[C@@H]2O[C@]12O,XanthosineOnly_gen3
O=c1[nH]c(=O)c2ncn([C@@H]3O[C@H](CO)[C@@H](O)[C@H]3O)c2[nH]1,CC(=O)n1c(=O)[nH]c2c(ncn2[C@@H]2O[C@H](CO)[C@](C)(OC=O)[C@H]2O)c1=O,XanthosineOnly_gen3
O=c1[nH]c(=O)c2ncn([C@@H]3O[C@H](CO)[C@@H](O)[C@H]3O)c2[nH]1,CC(=O)OC(C)[C@H]1O[C@@H](n2cnc3c(=O)n(C=O)c(=O)[nH]c32)[C@H](O)[C@@H]1O,XanthosineOnly_gen3
O=c1[nH]c(=O)c2ncn([C@@H]3O[C@H](CO)[C@@H](O)[C@H]3O)c2[nH]1,CC(=O)n1c(=O)[nH]c(=O)c2ncn([C@@H]3O[C@]4(COC(C)O)O[C@@H]3[C@@H]4O)c21,XanthosineOnly_gen3
O=c1[nH]c(=O)c2ncn([C@@H]3O[C@H](CO)[C@@H](O)[C@H]3O)c2[nH]1,CC(O)n1c(=O)[nH]c2c(ncn2[C@@H]2O[C@@H]3COCC(=O)O[C@H]3[C@H]2O)c1=O,XanthosineOnly_gen3
O=c1[nH]c(=O)c2ncn([C@@H]3O[C@H](CO)[C@@H](O)[C@H]3O)c2[nH]1,CC(=O)O[C@H]1[C@H](n2cnc3c(=O)[nH]c(=O)n(C=O)c32)O[C@@](C)(CO)[C@H]1O,XanthosineOnly_gen3
O=c1[nH]c(=O)c2ncn([C@@H]3O[C@H](CO)[C@@H](O)[C@H]3O)c2[nH]1,CC(=O)O[C@@H]1[C@@H]2OCC(O)n3c(=O)[nH]c(=O)c4ncn(c43)[C@@H]1O[C@@H]2CO,XanthosineOnly_gen3
O=c1[nH]c(=O)c2ncn([C@@H]3O[C@H](CO)[C@@H](O)[C@H]3O)c2[nH]1,CC(=O)n1c(=O)[nH]c2c(ncn2[C@@H]2O[C@@]3(CO3)[C@@H](OC(C)O)[C@H]2O)c1=O,XanthosineOnly_gen3
O=c1[nH]c(=O)c2ncn([C@@H]3O[C@H](CO)[C@@H](O)[C@H]3O)c2[nH]1,CC(=O)n1c(=O)[nH]c(=O)c2ncn([C@@H]3O[C@@](C)(COC=O)[C@@H](O)[C@H]3O)c21,XanthosineOnly_gen3
O=c1[nH]c(=O)c2ncn([C@@H]3O[C@H](CO)[C@@H](O)[C@H]3O)c2[nH]1,CC(=O)O[C@H]1[C@@H](O)[C@H](n2cnc3c(=O)n(C=O)c(=O)[nH]c32)O[C@@H]1C(C)O,XanthosineOnly_gen3
O=c1[nH]c(=O)c2ncn([C@@H]3O[C@H](CO)[C@@H](O)[C@H]3O)c2[nH]1,CC(=O)n1c(=O)[nH]c2c(ncn2[C@@H]2O[C@H](CO)[C@@]3(OC(C)O)O[C@@H]23)c1=O,XanthosineOnly_gen3
O=c1[nH]c(=O)c2ncn([C@@H]3O[C@H](CO)[C@@H](O)[C@H]3O)c2[nH]1,CC(=O)n1c(=O)[nH]c2c(nc3n2[C@@H]2O[C@H](CO)[C@@H](O3)[C@H]2OC(C)O)c1=O,XanthosineOnly_gen3
O=c1[nH]c(=O)c2ncn([C@@H]3O[C@H](CO)[C@@H](O)[C@H]3O)c2[nH]1,CC(=O)n1c(=O)[nH]c(=O)c2ncn([C@@H]3O[C@]4(CO)O[C@@H]3[C@@H]4OC(C)O)c21,XanthosineOnly_gen3
O=c1[nH]c(=O)c2ncn([C@@H]3O[C@H](CO)[C@@H](O)[C@H]3O)c2[nH]1,CC(=O)n1c(=O)[nH]c2c(ncn2[C@@H]2O[C@H](COC(C)O)[C@H]3O[C@]32O)c1=O,XanthosineOnly_gen3
O=c1[nH]c(=O)c2ncn([C@@H]3O[C@H](CO)[C@@H](O)[C@H]3O)c2[nH]1,CC(=O)OC(C)O[C@H]1[C@H]2O[C@]2(n2cnc3c(=O)[nH]c(=O)[nH]c32)O[C@@H]1CO,XanthosineOnly_gen3
O=c1[nH]c(=O)c2ncn([C@@H]3O[C@H](CO)[C@@H](O)[C@H]3O)c2[nH]1,CC(=O)O[C@H]1[C@@H](O)[C@H](n2cnc3c(=O)[nH]c(=O)[nH]c32)O[C@@H]1C(C)OC=O,XanthosineOnly_gen3
O=c1[nH]c(=O)c2ncn([C@@H]3O[C@H](CO)[C@@H](O)[C@H]3O)c2[nH]1,CC(=O)n1c(=O)[nH]c2c(ncn2[C@]23O[C@@H]([C@H]2OC(C)O)[C@@H](CO)O3)c1=O,XanthosineOnly_gen3
O=c1[nH]c(=O)c2ncn([C@@H]3O[C@H](CO)[C@@H](O)[C@H]3O)c2[nH]1,CC(=O)n1c(=O)[nH]c(=O)c2nc3n(c21)[C@@H]1O[C@H](COC(C)O)[C@@H](O3)[C@H]1O,XanthosineOnly_gen3
O=c1[nH]c(=O)c2ncn([C@@H]3O[C@H](CO)[C@@H](O)[C@H]3O)c2[nH]1,CC(=O)O[C@@H]1[C@H](O)[C@@H](CO)O[C@]1(C)n1cnc2c(=O)[nH]c(=O)n(C=O)c21,XanthosineOnly_gen3
O=c1[nH]c(=O)c2ncn([C@@H]3O[C@H](CO)[C@@H](O)[C@H]3O)c2[nH]1,CC(O)O[C@@H]1[C@@H]2OCC(=O)OC[C@H]2O[C@H]1n1cnc2c(=O)[nH]c(=O)[nH]c21,XanthosineOnly_gen3
O=c1[nH]c(=O)c2ncn([C@@H]3O[C@H](CO)[C@@H](O)[C@H]3O)c2[nH]1,CC(=O)n1c(=O)[nH]c2c(ncn2[C@@H]2O[C@H](C(C)O)[C@@H](OC=O)[C@H]2O)c1=O,XanthosineOnly_gen3
O=c1[nH]c(=O)c2ncn([C@@H]3O[C@H](CO)[C@@H](O)[C@H]3O)c2[nH]1,CC(=O)n1c(=O)[nH]c(=O)c2ncn([C@]34O[C@@H]3[C@H](OC(C)O)[C@@H](CO)O4)c21,XanthosineOnly_gen3
O=c1[nH]c(=O)c2ncn([C@@H]3O[C@H](CO)[C@@H](O)[C@H]3O)c2[nH]1,C[n+]1cn([C@@H]2O[C@H](COC(C)(O)C#N)[C@@H](O)[C@H]2O)c2[nH]c(=O)[nH]c(=O)c21,XanthosineOnly_gen3
O=c1[nH]c(=O)c2ncn([C@@H]3O[C@H](CO)[C@@H](O)[C@H]3O)c2[nH]1,C[n+]1cn([C@@H]2O[C@H](CO)[C@@H](OC(C)(O)C#N)[C@H]2O)c2[nH]c(=O)[nH]c(=O)c21,XanthosineOnly_gen3
O=c1[nH]c(=O)c2ncn([C@@H]3O[C@H](CO)[C@@H](O)[C@H]3O)c2[nH]1,CCC(C)C(=O)OC[C@H]1O[C@@H](n2cnc3c(=O)[nH]c(=O)[nH]c32)[C@H](O)[C@@H]1O,XanthosineOnly_gen3
O=c1[nH]c(=O)c2ncn([C@@H]3O[C@H](CO)[C@@H](O)[C@H]3O)c2[nH]1,CCC(=O)O[C@@]1(CC)[C@H](O)[C@@H](CO)O[C@H]1n1cnc2c(=O)[nH]c(=O)[nH]c21,XanthosineOnly_gen3
O=c1[nH]c(=O)c2ncn([C@@H]3O[C@H](CO)[C@@H](O)[C@H]3O)c2[nH]1,CCC(=O)O[C@H]1[C@@H](O)[C@H](n2c(CC)nc3c(=O)[nH]c(=O)[nH]c32)O[C@@H]1CO,XanthosineOnly_gen3
O=c1[nH]c(=O)c2ncn([C@@H]3O[C@H](CO)[C@@H](O)[C@H]3O)c2[nH]1,CCC(=O)O[C@H]1[C@H](n2cnc3c(=O)[nH]c(=O)[nH]c32)O[C@H](CO)[C@@]1(O)CC,XanthosineOnly_gen3
O=c1[nH]c(=O)c2ncn([C@@H]3O[C@H](CO)[C@@H](O)[C@H]3O)c2[nH]1,CCCCC(=O)O[C@H]1[C@@H](O)[C@H](n2cnc3c(=O)[nH]c(=O)[nH]c32)O[C@@H]1CO,XanthosineOnly_gen3
O=c1[nH]c(=O)c2ncn([C@@H]3O[C@H](CO)[C@@H](O)[C@H]3O)c2[nH]1,CCC(=O)OC[C@]1(CC)O[C@@H](n2cnc3c(=O)[nH]c(=O)[nH]c32)[C@H](O)[C@@H]1O,XanthosineOnly_gen3
O=c1[nH]c(=O)c2ncn([C@@H]3O[C@H](CO)[C@@H](O)[C@H]3O)c2[nH]1,CCC(=O)O[C@H]1[C@@H](O)[C@@](CC)(n2cnc3c(=O)[nH]c(=O)[nH]c32)O[C@@H]1CO,XanthosineOnly_gen3
O=c1[nH]c(=O)c2ncn([C@@H]3O[C@H](CO)[C@@H](O)[C@H]3O)c2[nH]1,CC(=O)O[C@H]1[C@@H](OC(C)N)[C@H](n2cnc3c(=O)[nH]c(=O)[nH]c32)O[C@@H]1CO,XanthosineOnly_gen3
O=c1[nH]c(=O)c2ncn([C@@H]3O[C@H](CO)[C@@H](O)[C@H]3O)c2[nH]1,CC(=O)n1c(=O)[nH]c(=O)c2ncn([C@@H]3O[C@H](CO)[C@@H](OC(C)N)[C@H]3O)c21,XanthosineOnly_gen3
O=c1[nH]c(=O)c2ncn([C@@H]3O[C@H](CO)[C@@H](O)[C@H]3O)c2[nH]1,CC(=O)O[C@H]1[C@@H](O)[C@H](n2cnc3c(=O)n(C(C)N)c(=O)[nH]c32)O[C@@H]1CO,XanthosineOnly_gen3
O=c1[nH]c(=O)c2ncn([C@@H]3O[C@H](CO)[C@@H](O)[C@H]3O)c2[nH]1,CC(=O)OC[C@H]1O[C@@H](n2cnc3c(=O)n(C(C)N)c(=O)[nH]c32)[C@H](O)[C@@H]1O,XanthosineOnly_gen3
O=c1[nH]c(=O)c2ncn([C@@H]3O[C@H](CO)[C@@H](O)[C@H]3O)c2[nH]1,O=C(O)CC(O)OC[C@H]1O[C@@]2(n3cnc4c(=O)[nH]c(=O)[nH]c43)O[C@@H]2[C@@H]1O,XanthosineOnly_gen3
O=c1[nH]c(=O)c2ncn([C@@H]3O[C@H](CO)[C@@H](O)[C@H]3O)c2[nH]1,CC(O)(O[C@@H]1[C@H](O)[C@H]2CO[C@]1(n1cnc3c(=O)[nH]c(=O)[nH]c31)O2)C(=O)O,XanthosineOnly_gen3
O=c1[nH]c(=O)c2ncn([C@@H]3O[C@H](CO)[C@@H](O)[C@H]3O)c2[nH]1,CC(O)(OC[C@]12O[C@@H]([C@H](n3cnc4c(=O)[nH]c(=O)[nH]c43)O1)[C@@H]2O)C(=O)O,XanthosineOnly_gen3
O=c1[nH]c(=O)c2ncn([C@@H]3O[C@H](CO)[C@@H](O)[C@H]3O)c2[nH]1,O=C(CC(O)O)O[C@@H]1[C@@H]2O[C@]1(n1cnc3c(=O)[nH]c(=O)[nH]c31)O[C@@H]2CO,XanthosineOnly_gen3
O=c1[nH]c(=O)c2ncn([C@@H]3O[C@H](CO)[C@@H](O)[C@H]3O)c2[nH]1,O=CO[C@H]1[C@@H](O)[C@H](n2cnc3c(=O)[nH]c(=O)[nH]c32)O[C@]1(CO)CC(=O)O,XanthosineOnly_gen3
O=c1[nH]c(=O)c2ncn([C@@H]3O[C@H](CO)[C@@H](O)[C@H]3O)c2[nH]1,O=C1CC(O)O[C@@]2(O1)[C@H](O)[C@@H](CO)O[C@H]2n1cnc2c(=O)[nH]c(=O)[nH]c21,XanthosineOnly_gen3
O=c1[nH]c(=O)c2ncn([C@@H]3O[C@H](CO)[C@@H](O)[C@H]3O)c2[nH]1,O=C(CC(O)O)O[C@@H]1[C@@H]2Oc3nc4c(=O)[nH]c(=O)[nH]c4n3[C@@H]1O[C@@H]2CO,XanthosineOnly_gen3
O=c1[nH]c(=O)c2ncn([C@@H]3O[C@H](CO)[C@@H](O)[C@H]3O)c2[nH]1,CC(=O)O[C@H]1[C@@H](O)[C@H](n2cnc3c(=O)[nH]c(=O)[nH]c32)O[C@]1(CO)C(=O)O,XanthosineOnly_gen3
O=c1[nH]c(=O)c2ncn([C@@H]3O[C@H](CO)[C@@H](O)[C@H]3O)c2[nH]1,O=C(O)CC(O)O[C@H]1[C@@H](O)[C@H](n2cnc3c(=O)[nH]c(=O)[nH]c32)O[C@@]12CO2,XanthosineOnly_gen3
O=c1[nH]c(=O)c2ncn([C@@H]3O[C@H](CO)[C@@H](O)[C@H]3O)c2[nH]1,CC(=O)O[C@@H]1[C@@H](CO)O[C@@H](n2cnc3c(=O)[nH]c(=O)[nH]c32)[C@]1(O)C(=O)O,XanthosineOnly_gen3
O=c1[nH]c(=O)c2ncn([C@@H]3O[C@H](CO)[C@@H](O)[C@H]3O)c2[nH]1,O=C(O)CC(O)O[C@H]1[C@H]2Oc3nc4c(=O)[nH]c(=O)[nH]c4n3[C@@H]2O[C@@H]1CO,XanthosineOnly_gen3
O=c1[nH]c(=O)c2ncn([C@@H]3O[C@H](CO)[C@@H](O)[C@H]3O)c2[nH]1,O=C1CC(O)(O[C@H]2[C@@H](O)[C@H](n3cnc4c(=O)[nH]c(=O)[nH]c43)O[C@@H]2CO)O1,XanthosineOnly_gen3
O=c1[nH]c(=O)c2ncn([C@@H]3O[C@H](CO)[C@@H](O)[C@H]3O)c2[nH]1,CC(O)(O[C@H]1[C@@H](O)[C@H]2O[C@@H]1COc1nc3c(=O)[nH]c(=O)[nH]c3n12)C(=O)O,XanthosineOnly_gen3
O=c1[nH]c(=O)c2ncn([C@@H]3O[C@H](CO)[C@@H](O)[C@H]3O)c2[nH]1,O=C(O)CC(O)O[C@H]1[C@@H](O)[C@H]2O[C@@H]1COc1nc3c(=O)[nH]c(=O)[nH]c3n12,XanthosineOnly_gen3
O=c1[nH]c(=O)c2ncn([C@@H]3O[C@H](CO)[C@@H](O)[C@H]3O)c2[nH]1,O=C(O)CC(O)OC[C@]12O[C@@H](n3cnc4c(=O)[nH]c(=O)[nH]c43)[C@H](O)[C@@H]1O2,XanthosineOnly_gen3
O=c1[nH]c(=O)c2ncn([C@@H]3O[C@H](CO)[C@@H](O)[C@H]3O)c2[nH]1,O=C(O)CC(O)O[C@H]1[C@@H](O)[C@]2(n3cnc4c(=O)[nH]c(=O)[nH]c43)OC[C@H]1O2,XanthosineOnly_gen3
O=c1[nH]c(=O)c2ncn([C@@H]3O[C@H](CO)[C@@H](O)[C@H]3O)c2[nH]1,O=C(CC(O)O)O[C@@H]1[C@H](O)[C@H]2CO[C@]1(n1cnc3c(=O)[nH]c(=O)[nH]c31)O2,XanthosineOnly_gen3
O=c1[nH]c(=O)c2ncn([C@@H]3O[C@H](CO)[C@@H](O)[C@H]3O)c2[nH]1,CC(=O)O[C@@]1(C(=O)O)[C@@H](CO)O[C@@H](n2cnc3c(=O)[nH]c(=O)[nH]c32)[C@@H]1O,XanthosineOnly_gen3
O=c1[nH]c(=O)c2ncn([C@@H]3O[C@H](CO)[C@@H](O)[C@H]3O)c2[nH]1,CC(=O)O[C@H]1[C@@H](O)[C@@](C(=O)O)(n2cnc3c(=O)[nH]c(=O)[nH]c32)O[C@@H]1CO,XanthosineOnly_gen3
O=c1[nH]c(=O)c2ncn([C@@H]3O[C@H](CO)[C@@H](O)[C@H]3O)c2[nH]1,O=C(O)CC(O)O[C@H]1[C@H]2O[C@]2(n2cnc3c(=O)[nH]c(=O)[nH]c32)O[C@@H]1CO,XanthosineOnly_gen3
O=c1[nH]c(=O)c2ncn([C@@H]3O[C@H](CO)[C@@H](O)[C@H]3O)c2[nH]1,CC(=O)O[C@@]1(C(=O)O)[C@H](O)[C@@H](CO)O[C@H]1n1cnc2c(=O)[nH]c(=O)[nH]c21,XanthosineOnly_gen3
O=c1[nH]c(=O)c2ncn([C@@H]3O[C@H](CO)[C@@H](O)[C@H]3O)c2[nH]1,O=C(CC(O)O)O[C@H]1[C@H]2OC(O)[C@H]1O[C@H]2n1cnc2c(=O)[nH]c(=O)[nH]c21,XanthosineOnly_gen3
O=c1[nH]c(=O)c2ncn([C@@H]3O[C@H](CO)[C@@H](O)[C@H]3O)c2[nH]1,CC(=O)OC[C@]1(C(=O)O)O[C@@H](n2cnc3c(=O)[nH]c(=O)[nH]c32)[C@H](O)[C@@H]1O,XanthosineOnly_gen3
O=c1[nH]c(=O)c2ncn([C@@H]3O[C@H](CO)[C@@H](O)[C@H]3O)c2[nH]1,O=C1CC(O)Oc2nc3c(=O)[nH]c(=O)[nH]c3n2[C@@H]2O[C@H](CO)[C@@H](O1)[C@H]2O,XanthosineOnly_gen3
O=c1[nH]c(=O)c2ncn([C@@H]3O[C@H](CO)[C@@H](O)[C@H]3O)c2[nH]1,O=C1CC(O)OC[C@H]2O[C@@](n3cnc4c(=O)[nH]c(=O)[nH]c43)(O1)[C@H](O)[C@@H]2O,XanthosineOnly_gen3
O=c1[nH]c(=O)c2ncn([C@@H]3O[C@H](CO)[C@@H](O)[C@H]3O)c2[nH]1,CC(O)(O[C@]12O[C@H]1[C@H](n1cnc3c(=O)[nH]c(=O)[nH]c31)O[C@@H]2CO)C(=O)O,XanthosineOnly_gen3
O=c1[nH]c(=O)c2ncn([C@@H]3O[C@H](CO)[C@@H](O)[C@H]3O)c2[nH]1,CC(O)(O[C@H]1[C@H](n2cnc3c(=O)[nH]c(=O)[nH]c32)O[C@@]2(CO2)[C@H]1O)C(=O)O,XanthosineOnly_gen3
O=c1[nH]c(=O)c2ncn([C@@H]3O[C@H](CO)[C@@H](O)[C@H]3O)c2[nH]1,O=C1CC(O)Oc2nc3c(=O)[nH]c(=O)[nH]c3n2[C@@H]2O[C@H](CO1)[C@@H](O)[C@H]2O,XanthosineOnly_gen3
O=c1[nH]c(=O)c2ncn([C@@H]3O[C@H](CO)[C@@H](O)[C@H]3O)c2[nH]1,O=C1CC(O)(O)OC[C@H]2O[C@@H](n3cnc4c(=O)[nH]c(=O)[nH]c43)[C@H](O1)[C@@H]2O,XanthosineOnly_gen3
O=c1[nH]c(=O)c2ncn([C@@H]3O[C@H](CO)[C@@H](O)[C@H]3O)c2[nH]1,O=C(CC(O)O)OC[C@]12O[C@@H]([C@H](n3cnc4c(=O)[nH]c(=O)[nH]c43)O1)[C@@H]2O,XanthosineOnly_gen3
O=c1[nH]c(=O)c2ncn([C@@H]3O[C@H](CO)[C@@H](O)[C@H]3O)c2[nH]1,CC(O)(OC[C@H]1O[C@@]2(n3cnc4c(=O)[nH]c(=O)[nH]c43)O[C@@H]2[C@@H]1O)C(=O)O,XanthosineOnly_gen3
O=c1[nH]c(=O)c2ncn([C@@H]3O[C@H](CO)[C@@H](O)[C@H]3O)c2[nH]1,O=C1CC(O)O[C@]2(n3cnc4c(=O)[nH]c(=O)[nH]c43)O[C@H](CO)[C@@H](O)[C@H]2O1,XanthosineOnly_gen3
O=c1[nH]c(=O)c2ncn([C@@H]3O[C@H](CO)[C@@H](O)[C@H]3O)c2[nH]1,O=C1CC(O)OC[C@]2(O1)O[C@@H](n1cnc3c(=O)[nH]c(=O)[nH]c31)[C@H](O)[C@@H]2O,XanthosineOnly_gen3
O=c1[nH]c(=O)c2ncn([C@@H]3O[C@H](CO)[C@@H](O)[C@H]3O)c2[nH]1,O=C1CC(O)OC(O)[C@H]2O[C@@H](n3cnc4c(=O)[nH]c(=O)[nH]c43)[C@H](O)[C@@H]2O1,XanthosineOnly_gen3
O=c1[nH]c(=O)c2ncn([C@@H]3O[C@H](CO)[C@@H](O)[C@H]3O)c2[nH]1,O=C(O)C1O[C@@H]2[C@H](O)[C@@H](COC1O)O[C@H]2n1cnc2c(=O)[nH]c(=O)[nH]c21,XanthosineOnly_gen3
O=c1[nH]c(=O)c2ncn([C@@H]3O[C@H](CO)[C@@H](O)[C@H]3O)c2[nH]1,O=COC[C@]1(CC(=O)O)O[C@@H](n2cnc3c(=O)[nH]c(=O)[nH]c32)[C@H](O)[C@@H]1O,XanthosineOnly_gen3
O=c1[nH]c(=O)c2ncn([C@@H]3O[C@H](CO)[C@@H](O)[C@H]3O)c2[nH]1,O=C(CC(O)O)OC[C@H]1O[C@@H](n2cnc3c(=O)[nH]c(=O)[nH]c32)[C@@H]2O[C@]12O,XanthosineOnly_gen3
O=c1[nH]c(=O)c2ncn([C@@H]3O[C@H](CO)[C@@H](O)[C@H]3O)c2[nH]1,CC(O)(O[C@@]12OC[C@H]1O[C@@H](n1cnc3c(=O)[nH]c(=O)[nH]c31)[C@@H]2O)C(=O)O,XanthosineOnly_gen3
O=c1[nH]c(=O)c2ncn([C@@H]3O[C@H](CO)[C@@H](O)[C@H]3O)c2[nH]1,CC(O)(O[C@H]1[C@H]2OC(O)[C@H]1O[C@H]2n1cnc2c(=O)[nH]c(=O)[nH]c21)C(=O)O,XanthosineOnly_gen3
O=c1[nH]c(=O)c2ncn([C@@H]3O[C@H](CO)[C@@H](O)[C@H]3O)c2[nH]1,O=C(CC(O)O)O[C@H]1[C@H](n2cnc3c(=O)[nH]c(=O)[nH]c32)O[C@@H]2CO[C@]21O,XanthosineOnly_gen3
O=c1[nH]c(=O)c2ncn([C@@H]3O[C@H](CO)[C@@H](O)[C@H]3O)c2[nH]1,O=C(CC(O)O)O[C@]12OC[C@@H](O[C@H]1n1cnc3c(=O)[nH]c(=O)[nH]c31)[C@H]2O,XanthosineOnly_gen3
O=c1[nH]c(=O)c2ncn([C@@H]3O[C@H](CO)[C@@H](O)[C@H]3O)c2[nH]1,CC(=O)O[C@H]1[C@@H](O)[C@H](n2c(C(=O)O)nc3c(=O)[nH]c(=O)[nH]c32)O[C@@H]1CO,XanthosineOnly_gen3
O=c1[nH]c(=O)c2ncn([C@@H]3O[C@H](CO)[C@@H](O)[C@H]3O)c2[nH]1,O=C(O)CC(O)O[C@@]12O[C@@H]1[C@@H](CO)O[C@H]2n1cnc2c(=O)[nH]c(=O)[nH]c21,XanthosineOnly_gen3
O=c1[nH]c(=O)c2ncn([C@@H]3O[C@H](CO)[C@@H](O)[C@H]3O)c2[nH]1,O=C(O)C1O[C@H]2[C@@H](OC1O)[C@H](n1cnc3c(=O)[nH]c(=O)[nH]c31)O[C@@H]2CO,XanthosineOnly_gen3
O=c1[nH]c(=O)c2ncn([C@@H]3O[C@H](CO)[C@@H](O)[C@H]3O)c2[nH]1,O=C1CC(O)O[C@]2(O)[C@H](O1)[C@@H](CO)O[C@H]2n1cnc2c(=O)[nH]c(=O)[nH]c21,XanthosineOnly_gen3
O=c1[nH]c(=O)c2ncn([C@@H]3O[C@H](CO)[C@@H](O)[C@H]3O)c2[nH]1,O=CO[C@H]1[C@@H](O)[C@@](CC(=O)O)(n2cnc3c(=O)[nH]c(=O)[nH]c32)O[C@@H]1CO,XanthosineOnly_gen3
O=c1[nH]c(=O)c2ncn([C@@H]3O[C@H](CO)[C@@H](O)[C@H]3O)c2[nH]1,O=COC[C@H]1O[C@@H](n2cnc3c(=O)[nH]c(=O)[nH]c32)[C@](O)(CC(=O)O)[C@@H]1O,XanthosineOnly_gen3
O=c1[nH]c(=O)c2ncn([C@@H]3O[C@H](CO)[C@@H](O)[C@H]3O)c2[nH]1,CC(O)(O[C@@H]1[C@@H]2Oc3nc4c(=O)[nH]c(=O)[nH]c4n3[C@@H]1O[C@@H]2CO)C(=O)O,XanthosineOnly_gen3
O=c1[nH]c(=O)c2ncn([C@@H]3O[C@H](CO)[C@@H](O)[C@H]3O)c2[nH]1,O=C(CC(O)O)O[C@H]1[C@H](n2cnc3c(=O)[nH]c(=O)[nH]c32)O[C@@]2(CO2)[C@H]1O,XanthosineOnly_gen3
O=c1[nH]c(=O)c2ncn([C@@H]3O[C@H](CO)[C@@H](O)[C@H]3O)c2[nH]1,CC(O)(OC[C@H]1O[C@@H]2[C@H](Oc3nc4c(=O)[nH]c(=O)[nH]c4n32)[C@@H]1O)C(=O)O,XanthosineOnly_gen3
O=c1[nH]c(=O)c2ncn([C@@H]3O[C@H](CO)[C@@H](O)[C@H]3O)c2[nH]1,CC(O)(O[C@@H]1[C@@H]2O[C@]1(n1cnc3c(=O)[nH]c(=O)[nH]c31)O[C@@H]2CO)C(=O)O,XanthosineOnly_gen3
O=c1[nH]c(=O)c2ncn([C@@H]3O[C@H](CO)[C@@H](O)[C@H]3O)c2[nH]1,O=C1CC(O)O[C@]2(O)[C@@H](CO1)O[C@@H](n1cnc3c(=O)[nH]c(=O)[nH]c31)[C@@H]2O,XanthosineOnly_gen3
O=c1[nH]c(=O)c2ncn([C@@H]3O[C@H](CO)[C@@H](O)[C@H]3O)c2[nH]1,CC(O)(OC[C@H]1O[C@@H](n2cnc3c(=O)[nH]c(=O)[nH]c32)[C@]2(O)O[C@H]12)C(=O)O,XanthosineOnly_gen3
O=c1[nH]c(=O)c2ncn([C@@H]3O[C@H](CO)[C@@H](O)[C@H]3O)c2[nH]1,O=C(CC(O)O)O[C@H]1[C@H](n2cnc3c(=O)[nH]c(=O)[nH]c32)O[C@]2(CO)O[C@@H]12,XanthosineOnly_gen3
O=c1[nH]c(=O)c2ncn([C@@H]3O[C@H](CO)[C@@H](O)[C@H]3O)c2[nH]1,O=C1CC(O)O[C@@H]2[C@H](O)[C@@H](CO)O[C@H]2n2c(nc3c(=O)[nH]c(=O)[nH]c32)O1,XanthosineOnly_gen3
O=c1[nH]c(=O)c2ncn([C@@H]3O[C@H](CO)[C@@H](O)[C@H]3O)c2[nH]1,O=CO[C@H]1[C@H](n2cnc3c(=O)[nH]c(=O)[nH]c32)O[C@H](CO)[C@@]1(O)CC(=O)O,XanthosineOnly_gen3
O=c1[nH]c(=O)c2ncn([C@@H]3O[C@H](CO)[C@@H](O)[C@H]3O)c2[nH]1,O=C1O[C@H]2[C@@H](OC1C(O)O)[C@H](n1cnc3c(=O)[nH]c(=O)[nH]c31)O[C@@H]2CO,XanthosineOnly_gen3
O=c1[nH]c(=O)c2ncn([C@@H]3O[C@H](CO)[C@@H](O)[C@H]3O)c2[nH]1,O=C(CC(O)O)OC[C@H]1O[C@@]2(n3cnc4c(=O)[nH]c(=O)[nH]c43)O[C@H]1[C@H]2O,XanthosineOnly_gen3
O=c1[nH]c(=O)c2ncn([C@@H]3O[C@H](CO)[C@@H](O)[C@H]3O)c2[nH]1,O=C(O)CC(O)OC1O[C@@H]2[C@H](O)[C@@H]1O[C@H]2n1cnc2c(=O)[nH]c(=O)[nH]c21,XanthosineOnly_gen3
O=c1[nH]c(=O)c2ncn([C@@H]3O[C@H](CO)[C@@H](O)[C@H]3O)c2[nH]1,O=CO[C@H]1[C@@H](O)[C@H](n2c(CC(=O)O)nc3c(=O)[nH]c(=O)[nH]c32)O[C@@H]1CO,XanthosineOnly_gen3
O=c1[nH]c(=O)c2ncn([C@@H]3O[C@H](CO)[C@@H](O)[C@H]3O)c2[nH]1,O=C1OC1C(O)O[C@@H]1[C@H](O)[C@@H](CO)O[C@H]1n1cnc2c(=O)[nH]c(=O)[nH]c21,XanthosineOnly_gen3
O=c1[nH]c(=O)c2ncn([C@@H]3O[C@H](CO)[C@@H](O)[C@H]3O)c2[nH]1,O=C(O)CC(O)O[C@H]1[C@H]2O[C@@]1(CO)O[C@H]2n1cnc2c(=O)[nH]c(=O)[nH]c21,XanthosineOnly_gen3
O=c1[nH]c(=O)c2ncn([C@@H]3O[C@H](CO)[C@@H](O)[C@H]3O)c2[nH]1,O=C(CC(O)O)OC1O[C@H]2[C@@H](O)[C@H](n3cnc4c(=O)[nH]c(=O)[nH]c43)O[C@H]12,XanthosineOnly_gen3
O=c1[nH]c(=O)c2ncn([C@@H]3O[C@H](CO)[C@@H](O)[C@H]3O)c2[nH]1,O=C(O)CC1(O)OC[C@H]2O[C@@H](n3cnc4c(=O)[nH]c(=O)[nH]c43)[C@H](O)[C@@H]2O1,XanthosineOnly_gen3
O=c1[nH]c(=O)c2ncn([C@@H]3O[C@H](CO)[C@@H](O)[C@H]3O)c2[nH]1,O=C1O[C@H]2[C@@H](O)[C@H](n3cnc4c(=O)[nH]c(=O)[nH]c43)O[C@@H]2COC1C(O)O,XanthosineOnly_gen3
O=c1[nH]c(=O)c2ncn([C@@H]3O[C@H](CO)[C@@H](O)[C@H]3O)c2[nH]1,O=C1OC[C@H]2O[C@@H](n3cnc4c(=O)[nH]c(=O)[nH]c43)[C@H](OC1C(O)O)[C@@H]2O,XanthosineOnly_gen3
O=c1[nH]c(=O)c2ncn([C@@H]3O[C@H](CO)[C@@H](O)[C@H]3O)c2[nH]1,CC(=O)OC[C@H]1O[C@](C(=O)O)(n2cnc3c(=O)[nH]c(=O)[nH]c32)[C@H](O)[C@@H]1O,XanthosineOnly_gen3
O=c1[nH]c(=O)c2ncn([C@@H]3O[C@H](CO)[C@@H](O)[C@H]3O)c2[nH]1,CC(O)(O[C@@H]1[C@H]2CO[C@@]1(O)[C@H](n1cnc3c(=O)[nH]c(=O)[nH]c31)O2)C(=O)O,XanthosineOnly_gen3
O=c1[nH]c(=O)c2ncn([C@@H]3O[C@H](CO)[C@@H](O)[C@H]3O)c2[nH]1,O=COC[C@H]1O[C@@H](n2c(CC(=O)O)nc3c(=O)[nH]c(=O)[nH]c32)[C@H](O)[C@@H]1O,XanthosineOnly_gen3
O=c1[nH]c(=O)c2ncn([C@@H]3O[C@H](CO)[C@@H](O)[C@H]3O)c2[nH]1,CC(O)(O[C@H]1[C@H](n2cnc3c(=O)[nH]c(=O)[nH]c32)O[C@]2(CO)O[C@@H]12)C(=O)O,XanthosineOnly_gen3
O=c1[nH]c(=O)c2ncn([C@@H]3O[C@H](CO)[C@@H](O)[C@H]3O)c2[nH]1,CC(=O)OC[C@H]1O[C@@H](n2cnc3c(=O)[nH]c(=O)[nH]c32)[C@](O)(C(=O)O)[C@@H]1O,XanthosineOnly_gen3
O=c1[nH]c(=O)c2ncn([C@@H]3O[C@H](CO)[C@@H](O)[C@H]3O)c2[nH]1,O=C(CC(O)O)O[C@@H]1[C@H](O)[C@H]2COc3nc4c(=O)[nH]c(=O)[nH]c4n3[C@@H]1O2,XanthosineOnly_gen3
O=c1[nH]c(=O)c2ncn([C@@H]3O[C@H](CO)[C@@H](O)[C@H]3O)c2[nH]1,O=C(O)CC(O)OC[C@H]1O[C@@H](n2cnc3c(=O)[nH]c(=O)[nH]c32)[C@]2(O)O[C@H]12,XanthosineOnly_gen3
O=c1[nH]c(=O)c2ncn([C@@H]3O[C@H](CO)[C@@H](O)[C@H]3O)c2[nH]1,CC(O)(C(=O)O)[C@H]1O[C@@H](n2cnc3c(=O)[nH]c(=O)[nH]c32)[C@H](OC=O)[C@@H]1O,XanthosineOnly_gen3
O=c1[nH]c(=O)c2ncn([C@@H]3O[C@H](CO)[C@@H](O)[C@H]3O)c2[nH]1,O=C(CC(O)O)OC[C@H]1O[C@@H]2[C@H](Oc3nc4c(=O)[nH]c(=O)[nH]c4n32)[C@@H]1O,XanthosineOnly_gen3
O=c1[nH]c(=O)c2ncn([C@@H]3O[C@H](CO)[C@@H](O)[C@H]3O)c2[nH]1,O=C1CC(O)O[C@@]2(CO)O[C@@H](n3cnc4c(=O)[nH]c(=O)[nH]c43)[C@H](O)[C@@H]2O1,XanthosineOnly_gen3
O=c1[nH]c(=O)c2ncn([C@@H]3O[C@H](CO)[C@@H](O)[C@H]3O)c2[nH]1,O=C(O)CC(O)O[C@@]12OC[C@H]1O[C@@H](n1cnc3c(=O)[nH]c(=O)[nH]c31)[C@@H]2O,XanthosineOnly_gen3
O=c1[nH]c(=O)c2ncn([C@@H]3O[C@H](CO)[C@@H](O)[C@H]3O)c2[nH]1,O=C1CC(O)O[C@]2(O)[C@H](O)[C@@H](CO1)O[C@H]2n1cnc2c(=O)[nH]c(=O)[nH]c21,XanthosineOnly_gen3
O=c1[nH]c(=O)c2ncn([C@@H]3O[C@H](CO)[C@@H](O)[C@H]3O)c2[nH]1,CC(O)OC(C)OC[C@H]1O[C@@]2(n3cnc4c(=O)[nH]c(=O)[nH]c43)O[C@@H]2[C@@H]1O,XanthosineOnly_gen3
O=c1[nH]c(=O)c2ncn([C@@H]3O[C@H](CO)[C@@H](O)[C@H]3O)c2[nH]1,CC(=O)O[C@@H]1[C@H](O)[C@@H](COC(C)O)O[C@H]1n1cnc2c(=O)[nH]c(=O)[nH]c21,XanthosineOnly_gen3
O=c1[nH]c(=O)c2ncn([C@@H]3O[C@H](CO)[C@@H](O)[C@H]3O)c2[nH]1,CC(O)OC(C)O[C@@H]1[C@@H]2Oc3nc4c(=O)[nH]c(=O)[nH]c4n3[C@@H]1O[C@@H]2CO,XanthosineOnly_gen3
O=c1[nH]c(=O)c2ncn([C@@H]3O[C@H](CO)[C@@H](O)[C@H]3O)c2[nH]1,CC(O)OC(C)OC[C@H]1O[C@@H](n2cnc3c(=O)[nH]c(=O)[nH]c32)[C@@H]2O[C@]12O,XanthosineOnly_gen3
O=c1[nH]c(=O)c2ncn([C@@H]3O[C@H](CO)[C@@H](O)[C@H]3O)c2[nH]1,CC(O)OC(C)O[C@@H]1[C@@H]2O[C@]1(n1cnc3c(=O)[nH]c(=O)[nH]c31)O[C@@H]2CO,XanthosineOnly_gen3
O=c1[nH]c(=O)c2ncn([C@@H]3O[C@H](CO)[C@@H](O)[C@H]3O)c2[nH]1,CC(O)OC(C)O[C@H]1[C@H]2O[C@@]1(CO)O[C@H]2n1cnc2c(=O)[nH]c(=O)[nH]c21,XanthosineOnly_gen3
O=c1[nH]c(=O)c2ncn([C@@H]3O[C@H](CO)[C@@H](O)[C@H]3O)c2[nH]1,CC(O)OC(C)OC1O[C@H]2[C@@H](O)[C@H](n3cnc4c(=O)[nH]c(=O)[nH]c43)O[C@H]12,XanthosineOnly_gen3
O=c1[nH]c(=O)c2ncn([C@@H]3O[C@H](CO)[C@@H](O)[C@H]3O)c2[nH]1,CC(NC(N)=O)O[C@@H]1[C@H](O)[C@@H](CO)O[C@H]1n1cnc2c(=O)[nH]c(=O)[nH]c21,XanthosineOnly_gen3
O=c1[nH]c(=O)c2ncn([C@@H]3O[C@H](CO)[C@@H](O)[C@H]3O)c2[nH]1,CC(N)NC(C)OC[C@H]1O[C@@H](n2cnc3c(=O)[nH]c(=O)[nH]c32)[C@H](O)[C@@H]1O,XanthosineOnly_gen3
O=c1[nH]c(=O)c2ncn([C@@H]3O[C@H](CO)[C@@H](O)[C@H]3O)c2[nH]1,CC(N)NC(C)O[C@H]1[C@@H](O)[C@H](n2cnc3c(=O)[nH]c(=O)[nH]c32)O[C@@H]1CO,XanthosineOnly_gen3
O=c1[nH]c(=O)c2ncn([C@@H]3O[C@H](CO)[C@@H](O)[C@H]3O)c2[nH]1,CC(O)(C=NO)O[C@H]1[C@@H](O)[C@H](n2cnc3c(=O)[nH]c(=O)[nH]c32)O[C@@H]1CO,XanthosineOnly_gen3
O=c1[nH]c(=O)c2ncn([C@@H]3O[C@H](CO)[C@@H](O)[C@H]3O)c2[nH]1,CC(Cl)(C#N)O[C@@H]1[C@H](O)[C@@H](CO)O[C@H]1n1cnc2c(=O)[nH]c(=O)[nH]c21,XanthosineOnly_gen3
O=c1[nH]c(=O)c2ncn([C@@H]3O[C@H](CO)[C@@H](O)[C@H]3O)c2[nH]1,CC(O)(O[C@@H]1[C@H](O)[C@@H](CO)O[C@H]1n1cnc2c(=O)[nH]c(=O)[nH]c21)C(=O)O,XanthosineOnly_gen3
O=c1[nH]c(=O)c2ncn([C@@H]3O[C@H](CO)[C@@H](O)[C@H]3O)c2[nH]1,O=C(CO)OC(CO)[C@H]1O[C@@H](n2cnc3c(=O)[nH]c(=O)[nH]c32)[C@H](O)[C@@H]1O,XanthosineOnly_gen3
O=c1[nH]c(=O)c2ncn([C@@H]3O[C@H](CO)[C@@H](O)[C@H]3O)c2[nH]1,CC(O)(OC[C@H]1O[C@@H](n2cnc3c(=O)[nH]c(=O)[nH]c32)[C@H](O)[C@@H]1O)C(=O)O,XanthosineOnly_gen3
O=c1[nH]c(=O)c2ncn([C@@H]3O[C@H](CO)[C@@H](O)[C@H]3O)c2[nH]1,O=C(CO)O[C@@H]1[C@H](O)[C@@H](CO)O[C@H]1n1c(CO)nc2c(=O)[nH]c(=O)[nH]c21,XanthosineOnly_gen3
O=c1[nH]c(=O)c2ncn([C@@H]3O[C@H](CO)[C@@H](O)[C@H]3O)c2[nH]1,O=C(CO)O[C@@H]1[C@@H](CO)O[C@@H](n2cnc3c(=O)[nH]c(=O)[nH]c32)[C@]1(O)CO,XanthosineOnly_gen3
O=c1[nH]c(=O)c2ncn([C@@H]3O[C@H](CO)[C@@H](O)[C@H]3O)c2[nH]1,O=C(CO)O[C@@]1(CO)[C@@H](CO)O[C@@H](n2cnc3c(=O)[nH]c(=O)[nH]c32)[C@@H]1O,XanthosineOnly_gen3
O=c1[nH]c(=O)c2ncn([C@@H]3O[C@H](CO)[C@@H](O)[C@H]3O)c2[nH]1,O=C(CO)OC[C@H]1O[C@@H](n2c(CO)nc3c(=O)[nH]c(=O)[nH]c32)[C@H](O)[C@@H]1O,XanthosineOnly_gen3
O=c1[nH]c(=O)c2ncn([C@@H]3O[C@H](CO)[C@@H](O)[C@H]3O)c2[nH]1,O=C(CO)O[C@@H]1[C@H](O)[C@@H](CO)O[C@]1(CO)n1cnc2c(=O)[nH]c(=O)[nH]c21,XanthosineOnly_gen3
O=c1[nH]c(=O)c2ncn([C@@H]3O[C@H](CO)[C@@H](O)[C@H]3O)c2[nH]1,O=C(CO)OC[C@H]1O[C@@H](n2cnc3c(=O)[nH]c(=O)[nH]c32)[C@](O)(CO)[C@@H]1O,XanthosineOnly_gen3
O=c1[nH]c(=O)c2ncn([C@@H]3O[C@H](CO)[C@@H](O)[C@H]3O)c2[nH]1,O=C(CO)O[C@H]1[C@@H](O)[C@H](n2cnc3c(=O)[nH]c(=O)[nH]c32)OC1(CO)CO,XanthosineOnly_gen3
O=c1[nH]c(=O)c2ncn([C@@H]3O[C@H](CO)[C@@H](O)[C@H]3O)c2[nH]1,O=C(CO)OC[C@H]1O[C@](CO)(n2cnc3c(=O)[nH]c(=O)[nH]c32)[C@H](O)[C@@H]1O,XanthosineOnly_gen3
O=c1[nH]c(=O)c2ncn([C@@H]3O[C@H](CO)[C@@H](O)[C@H]3O)c2[nH]1,CC(O)OC(C)OC[C@H]1O[C@@H](n2cnc3c(=O)[nH]c(=O)[nH]c32)[C@H](O)[C@@H]1O,XanthosineOnly_gen3
O=c1[nH]c(=O)c2ncn([C@@H]3O[C@H](CO)[C@@H](O)[C@H]3O)c2[nH]1,COC[C@H]1O[C@@H](n2cnc3c(=O)[nH]c(=O)[nH]c32)[C@H](O)[C@@H]1OP(=O)(O)O,XanthosineOnly_gen3
O=c1[nH]c(=O)c2ncn([C@@H]3O[C@H](CO)[C@@H](O)[C@H]3O)c2[nH]1,C[n+]1cn([C@@H]2O[C@H](COS(=O)(=O)O)[C@@H](O)[C@H]2O)c2[nH]c(=O)[nH]c(=O)c21,XanthosineOnly_gen3
O=c1[nH]c(=O)c2ncn([C@@H]3O[C@H](CO)[C@@H](O)[C@H]3O)c2[nH]1,CC(=O)O[C@@H]1[C@H](O)[C@@H](C(=O)O)O[C@H]1n1cnc2c(=O)n(C(C)=O)c(=O)[nH]c21,XanthosineOnly_gen3
O=c1[nH]c(=O)c2ncn([C@@H]3O[C@H](CO)[C@@H](O)[C@H]3O)c2[nH]1,CC(=O)O[C@@H]1[C@H](OC(C)=O)[C@@H](C(=O)O)O[C@H]1n1cnc2c(=O)[nH]c(=O)[nH]c21,XanthosineOnly_gen3
O=c1[nH]c(=O)c2ncn([C@@H]3O[C@H](CO)[C@@H](O)[C@H]3O)c2[nH]1,CC(=O)O[C@H]1[C@@H](O)[C@H](n2cnc3c(=O)[nH]c(=O)n(C(C)=O)c32)O[C@@H]1C(=O)O,XanthosineOnly_gen3
O=c1[nH]c(=O)c2ncn([C@@H]3O[C@H](CO)[C@@H](O)[C@H]3O)c2[nH]1,CC(=O)OC(=O)[C@H]1O[C@@H](n2cnc3c(=O)[nH]c(=O)n(C(C)=O)c32)[C@H](O)[C@@H]1O,XanthosineOnly_gen3
O=c1[nH]c(=O)c2ncn([C@@H]3O[C@H](CO)[C@@H](O)[C@H]3O)c2[nH]1,CC(=O)OC[C@H]1O[C@@H](n2cnc3c(=O)[nH]c(=O)n(C(C)=O)c32)[C@H](O)[C@@]1(C)O,XanthosineOnly_gen3
O=c1[nH]c(=O)c2ncn([C@@H]3O[C@H](CO)[C@@H](O)[C@H]3O)c2[nH]1,CC(=O)O[C@@]1(C)[C@H](O)[C@@H](CO)O[C@H]1n1cnc2c(=O)n(C(C)=O)c(=O)[nH]c21,XanthosineOnly_gen3
O=c1[nH]c(=O)c2ncn([C@@H]3O[C@H](CO)[C@@H](O)[C@H]3O)c2[nH]1,CC(=O)OC[C@H]1O[C@@H](n2c(C)nc3c(=O)[nH]c(=O)n(C(C)=O)c32)[C@H](O)[C@@H]1O,XanthosineOnly_gen3
O=c1[nH]c(=O)c2ncn([C@@H]3O[C@H](CO)[C@@H](O)[C@H]3O)c2[nH]1,CC(=O)OC[C@]1(C)O[C@@H](n2cnc3c(=O)n(C(C)=O)c(=O)[nH]c32)[C@H](O)[C@@H]1O,XanthosineOnly_gen3
O=c1[nH]c(=O)c2ncn([C@@H]3O[C@H](CO)[C@@H](O)[C@H]3O)c2[nH]1,CC(=O)O[C@H]1[C@H](n2cnc3c(=O)n(C(C)=O)c(=O)[nH]c32)O[C@@](C)(CO)[C@H]1O,XanthosineOnly_gen3
O=c1[nH]c(=O)c2ncn([C@@H]3O[C@H](CO)[C@@H](O)[C@H]3O)c2[nH]1,CO[C@H]1[C@@H](OC(C)=O)[C@H](n2cnc3c(=O)[nH]c(=O)[nH]c32)O[C@@H]1COC(C)=O,XanthosineOnly_gen3
O=c1[nH]c(=O)c2ncn([C@@H]3O[C@H](CO)[C@@H](O)[C@H]3O)c2[nH]1,COC[C@H]1O[C@@H](n2cnc3c(=O)n(C(C)=O)c(=O)[nH]c32)[C@H](O)[C@@H]1OC(C)=O,XanthosineOnly_gen3
O=c1[nH]c(=O)c2ncn([C@@H]3O[C@H](CO)[C@@H](O)[C@H]3O)c2[nH]1,CC(=O)O[C@@H]1[C@H](O)[C@@H](CO)O[C@]1(C)n1cnc2c(=O)n(C(C)=O)c(=O)[nH]c21,XanthosineOnly_gen3
O=c1[nH]c(=O)c2ncn([C@@H]3O[C@H](CO)[C@@H](O)[C@H]3O)c2[nH]1,CCC(=O)O[C@@H]1[C@H](O)[C@@H](COC(C)=O)O[C@H]1n1cnc2c(=O)[nH]c(=O)[nH]c21,XanthosineOnly_gen3
O=c1[nH]c(=O)c2ncn([C@@H]3O[C@H](CO)[C@@H](O)[C@H]3O)c2[nH]1,CC(=O)O[C@H]1[C@@H](O)[C@@](C)(n2cnc3c(=O)[nH]c(=O)n(C(C)=O)c32)O[C@@H]1CO,XanthosineOnly_gen3
O=c1[nH]c(=O)c2ncn([C@@H]3O[C@H](CO)[C@@H](O)[C@H]3O)c2[nH]1,CO[C@@H]1[C@H](OC(C)=O)[C@@H](CO)O[C@H]1n1cnc2c(=O)n(C(C)=O)c(=O)[nH]c21,XanthosineOnly_gen3
O=c1[nH]c(=O)c2ncn([C@@H]3O[C@H](CO)[C@@H](O)[C@H]3O)c2[nH]1,CC(=O)OC(C)[C@H]1O[C@@H](n2cnc3c(=O)[nH]c(=O)n(C(C)=O)c32)[C@H](O)[C@@H]1O,XanthosineOnly_gen3
O=c1[nH]c(=O)c2ncn([C@@H]3O[C@H](CO)[C@@H](O)[C@H]3O)c2[nH]1,CC(=O)O[C@H]1[C@H](n2cnc3c(=O)[nH]c(=O)n(C(C)=O)c32)O[C@H](CO)[C@]1(C)O,XanthosineOnly_gen3
O=c1[nH]c(=O)c2ncn([C@@H]3O[C@H](CO)[C@@H](O)[C@H]3O)c2[nH]1,CC(=O)OC[C@H]1O[C@](C)(n2cnc3c(=O)[nH]c(=O)n(C(C)=O)c32)[C@H](O)[C@@H]1O,XanthosineOnly_gen3
O=c1[nH]c(=O)c2ncn([C@@H]3O[C@H](CO)[C@@H](O)[C@H]3O)c2[nH]1,CCC(=O)O[C@H]1[C@@H](O)[C@H](n2cnc3c(=O)n(C(C)=O)c(=O)[nH]c32)O[C@@H]1CO,XanthosineOnly_gen3
O=c1[nH]c(=O)c2ncn([C@@H]3O[C@H](CO)[C@@H](O)[C@H]3O)c2[nH]1,CO[C@H]1[C@@H](O)[C@H](n2cnc3c(=O)[nH]c(=O)n(C(C)=O)c32)O[C@@H]1COC(C)=O,XanthosineOnly_gen3
O=c1[nH]c(=O)c2ncn([C@@H]3O[C@H](CO)[C@@H](O)[C@H]3O)c2[nH]1,CC(=O)O[C@@H]1[C@H](O)[C@@H](CO)O[C@H]1n1c(C)nc2c(=O)n(C(C)=O)c(=O)[nH]c21,XanthosineOnly_gen3
O=c1[nH]c(=O)c2ncn([C@@H]3O[C@H](CO)[C@@H](O)[C@H]3O)c2[nH]1,COC[C@H]1O[C@@H](n2cnc3c(=O)[nH]c(=O)n(C(C)=O)c32)[C@H](OC(C)=O)[C@@H]1O,XanthosineOnly_gen3
O=c1[nH]c(=O)c2ncn([C@@H]3O[C@H](CO)[C@@H](O)[C@H]3O)c2[nH]1,CC(=O)O[C@@H]1[C@H](O)[C@@H](CO)O[C@H]1n1c[n+](C)c2c(=O)n(C(C)=O)c(=O)[nH]c21,XanthosineOnly_gen3
O=c1[nH]c(=O)c2ncn([C@@H]3O[C@H](CO)[C@@H](O)[C@H]3O)c2[nH]1,CC(=O)O[C@H]1[C@@H](O)[C@H](n2c[n+](C)c3c(=O)[nH]c(=O)n(C(C)=O)c32)O[C@@H]1CO,XanthosineOnly_gen3
O=c1[nH]c(=O)c2ncn([C@@H]3O[C@H](CO)[C@@H](O)[C@H]3O)c2[nH]1,CC(=O)OC[C@H]1O[C@@H](n2c[n+](C)c3c(=O)n(C(C)=O)c(=O)[nH]c32)[C@H](O)[C@@H]1O,XanthosineOnly_gen3
O=c1[nH]c(=O)c2ncn([C@@H]3O[C@H](CO)[C@@H](O)[C@H]3O)c2[nH]1,CC(=O)OC[C@H]1O[C@@H](n2c[n+](C)c3c(=O)[nH]c(=O)[nH]c32)[C@H](O)[C@@H]1OC(C)=O,XanthosineOnly_gen3
O=c1[nH]c(=O)c2ncn([C@@H]3O[C@H](CO)[C@@H](O)[C@H]3O)c2[nH]1,CC(=O)n1c(=O)[nH]c(=O)c2ncn([C@@H]3O[C@H](COC(=O)CO)[C@@H](O)[C@H]3O)c21,XanthosineOnly_gen3
O=c1[nH]c(=O)c2ncn([C@@H]3O[C@H](CO)[C@@H](O)[C@H]3O)c2[nH]1,C[C@]1(O)[C@@H](CO)O[C@@H](n2cnc3c(=O)[nH]c(=O)[nH]c32)[C@@H]1OC(=O)CC(=O)O,XanthosineOnly_gen3
O=c1[nH]c(=O)c2ncn([C@@H]3O[C@H](CO)[C@@H](O)[C@H]3O)c2[nH]1,CC(O)[C@H]1O[C@@H](n2cnc3c(=O)[nH]c(=O)[nH]c32)[C@H](O)[C@@H]1OC(=O)CC(=O)O,XanthosineOnly_gen3
O=c1[nH]c(=O)c2ncn([C@@H]3O[C@H](CO)[C@@H](O)[C@H]3O)c2[nH]1,C[C@@]1(CO)O[C@@H](n2cnc3c(=O)[nH]c(=O)[nH]c32)[C@H](OC(=O)CC(=O)O)[C@@H]1O,XanthosineOnly_gen3
O=c1[nH]c(=O)c2ncn([C@@H]3O[C@H](CO)[C@@H](O)[C@H]3O)c2[nH]1,CC(C(=O)O)C(=O)O[C@@H]1[C@H](O)[C@@H](CO)O[C@H]1n1cnc2c(=O)[nH]c(=O)[nH]c21,XanthosineOnly_gen3
O=c1[nH]c(=O)c2ncn([C@@H]3O[C@H](CO)[C@@H](O)[C@H]3O)c2[nH]1,COC[C@H]1O[C@@H](n2cnc3c(=O)[nH]c(=O)[nH]c32)[C@H](OC(=O)CC(=O)O)[C@@H]1O,XanthosineOnly_gen3
O=c1[nH]c(=O)c2ncn([C@@H]3O[C@H](CO)[C@@H](O)[C@H]3O)c2[nH]1,Cc1nc2c(=O)[nH]c(=O)[nH]c2n1[C@@H]1O[C@H](CO)[C@@H](OC(=O)CC(=O)O)[C@H]1O,XanthosineOnly_gen3
O=c1[nH]c(=O)c2ncn([C@@H]3O[C@H](CO)[C@@H](O)[C@H]3O)c2[nH]1,C[C@]1(n2cnc3c(=O)[nH]c(=O)[nH]c32)O[C@H](CO)[C@@H](O)[C@H]1OC(=O)CC(=O)O,XanthosineOnly_gen3
O=c1[nH]c(=O)c2ncn([C@@H]3O[C@H](CO)[C@@H](O)[C@H]3O)c2[nH]1,C[C@@]1(COC(=O)CC(=O)O)O[C@@H](n2cnc3c(=O)[nH]c(=O)[nH]c32)[C@H](O)[C@@H]1O,XanthosineOnly_gen3
O=c1[nH]c(=O)c2ncn([C@@H]3O[C@H](CO)[C@@H](O)[C@H]3O)c2[nH]1,CC(=O)O[C@H]1[C@@H](O)[C@H](n2cnc3c(=O)[nH]c(=O)n(C(=O)CO)c32)O[C@@H]1CO,XanthosineOnly_gen3
O=c1[nH]c(=O)c2ncn([C@@H]3O[C@H](CO)[C@@H](O)[C@H]3O)c2[nH]1,CC(=O)O[C@H]1[C@@H](O)[C@H](n2cnc3c(=O)[nH]c(=O)[nH]c32)O[C@@H]1C(O)CC(=O)O,XanthosineOnly_gen3
O=c1[nH]c(=O)c2ncn([C@@H]3O[C@H](CO)[C@@H](O)[C@H]3O)c2[nH]1,C[C@]1(O)[C@@H](COC(=O)CC(=O)O)O[C@@H](n2cnc3c(=O)[nH]c(=O)[nH]c32)[C@@H]1O,XanthosineOnly_gen3
O=c1[nH]c(=O)c2ncn([C@@H]3O[C@H](CO)[C@@H](O)[C@H]3O)c2[nH]1,CC(OC(=O)CC(=O)O)[C@H]1O[C@@H](n2cnc3c(=O)[nH]c(=O)[nH]c32)[C@H](O)[C@@H]1O,XanthosineOnly_gen3
O=c1[nH]c(=O)c2ncn([C@@H]3O[C@H](CO)[C@@H](O)[C@H]3O)c2[nH]1,CC(=O)OC(C)(C(=O)O)[C@H]1O[C@@H](n2cnc3c(=O)[nH]c(=O)[nH]c32)[C@H](O)[C@@H]1O,XanthosineOnly_gen3
O=c1[nH]c(=O)c2ncn([C@@H]3O[C@H](CO)[C@@H](O)[C@H]3O)c2[nH]1,CC(=O)O[C@@H]1[C@H](O)[C@@H](CO)O[C@H]1n1cnc2c(=O)n(C(=O)CO)c(=O)[nH]c21,XanthosineOnly_gen3
O=c1[nH]c(=O)c2ncn([C@@H]3O[C@H](CO)[C@@H](O)[C@H]3O)c2[nH]1,C[C@]1(OC(=O)CC(=O)O)[C@H](O)[C@@H](CO)O[C@H]1n1cnc2c(=O)[nH]c(=O)[nH]c21,XanthosineOnly_gen3
O=c1[nH]c(=O)c2ncn([C@@H]3O[C@H](CO)[C@@H](O)[C@H]3O)c2[nH]1,COC(=O)OC[C@H]1O[C@@H](n2cnc3c(=O)n(C(C)=O)c(=O)[nH]c32)[C@H](O)[C@@H]1O,XanthosineOnly_gen3
O=c1[nH]c(=O)c2ncn([C@@H]3O[C@H](CO)[C@@H](O)[C@H]3O)c2[nH]1,C[n+]1cn([C@@H]2O[C@H](COC(=O)CC(=O)O)[C@@H](O)[C@H]2O)c2[nH]c(=O)[nH]c(=O)c21,XanthosineOnly_gen3
O=c1[nH]c(=O)c2ncn([C@@H]3O[C@H](CO)[C@@H](O)[C@H]3O)c2[nH]1,C[n+]1cn([C@@H]2O[C@H](CO)[C@@H](O)[C@H]2OC(=O)CC(=O)O)c2[nH]c(=O)[nH]c(=O)c21,XanthosineOnly_gen3
O=c1[nH]c(=O)c2ncn([C@@H]3O[C@H](CO)[C@@H](O)[C@H]3O)c2[nH]1,CC(O)O[C@H]1[C@@H](O)[C@H](n2cnc3c(=O)[nH]c(=O)[nH]c32)O[C@@H]1COC(=O)CO,XanthosineOnly_gen3
O=c1[nH]c(=O)c2ncn([C@@H]3O[C@H](CO)[C@@H](O)[C@H]3O)c2[nH]1,CC(O)OC[C@H]1O[C@@H](n2cnc3c(=O)[nH]c(=O)n(C(=O)CO)c32)[C@H](O)[C@@H]1O,XanthosineOnly_gen3
O=c1[nH]c(=O)c2ncn([C@@H]3O[C@H](CO)[C@@H](O)[C@H]3O)c2[nH]1,CC(=O)OCC(O)O[C@H]1[C@@H](O)[C@H](n2cnc3c(=O)[nH]c(=O)[nH]c32)O[C@@H]1CO,XanthosineOnly_gen3
O=c1[nH]c(=O)c2ncn([C@@H]3O[C@H](CO)[C@@H](O)[C@H]3O)c2[nH]1,O=c1[nH]c(=O)c2ncn([C@@H]3O[C@H](CO)[C@H]4OC(OC(O)CO)CO[C@H]43)c2[nH]1,XanthosineOnly_gen3
O=c1[nH]c(=O)c2ncn([C@@H]3O[C@H](CO)[C@@H](O)[C@H]3O)c2[nH]1,CC(=O)O[C@@H]1[C@H](O)[C@@H](CO)O[C@H]1n1cnc2c(=O)n(C(O)CO)c(=O)[nH]c21,XanthosineOnly_gen3
O=c1[nH]c(=O)c2ncn([C@@H]3O[C@H](CO)[C@@H](O)[C@H]3O)c2[nH]1,O=c1[nH]c(=O)c2ncn([C@@H]3O[C@@H]4COCC(O)O[C@@H]3[C@@H]4OC(O)CO)c2[nH]1,XanthosineOnly_gen3
O=c1[nH]c(=O)c2ncn([C@@H]3O[C@H](CO)[C@@H](O)[C@H]3O)c2[nH]1,CC(=O)OC[C@H]1O[C@@H](n2cnc3c(=O)[nH]c(=O)n(C(O)CO)c32)[C@H](O)[C@@H]1O,XanthosineOnly_gen3
O=c1[nH]c(=O)c2ncn([C@@H]3O[C@H](CO)[C@@H](O)[C@H]3O)c2[nH]1,O=c1[nH]c(=O)c2ncn([C@@H]3O[C@@H]4COC(OCC(O)O)CO[C@@H]3[C@@H]4O)c2[nH]1,XanthosineOnly_gen3
O=c1[nH]c(=O)c2ncn([C@@H]3O[C@H](CO)[C@@H](O)[C@H]3O)c2[nH]1,CC(O)O[C@H]1[C@@H](O)[C@H](n2cnc3c(=O)n(C(=O)CO)c(=O)[nH]c32)O[C@@H]1CO,XanthosineOnly_gen3
O=c1[nH]c(=O)c2ncn([C@@H]3O[C@H](CO)[C@@H](O)[C@H]3O)c2[nH]1,O=c1[nH]c(=O)c2ncn([C@@H]3O[C@@H]4COCC(OC(O)CO)O[C@H]4[C@H]3O)c2[nH]1,XanthosineOnly_gen3
O=c1[nH]c(=O)c2ncn([C@@H]3O[C@H](CO)[C@@H](O)[C@H]3O)c2[nH]1,CC(O)n1c(=O)[nH]c(=O)c2ncn([C@@H]3O[C@H](CO)[C@@H](O)[C@H]3OC(=O)CO)c21,XanthosineOnly_gen3
O=c1[nH]c(=O)c2ncn([C@@H]3O[C@H](CO)[C@@H](O)[C@H]3O)c2[nH]1,O=c1[nH]c(=O)c2ncn([C@@H]3O[C@@H]4COCC(O)O[C@H]4[C@H]3OCC(O)O)c2[nH]1,XanthosineOnly_gen3
O=c1[nH]c(=O)c2ncn([C@@H]3O[C@H](CO)[C@@H](O)[C@H]3O)c2[nH]1,CC(O)O[C@H]1[C@@H](OC(=O)CO)[C@H](n2cnc3c(=O)[nH]c(=O)[nH]c32)O[C@@H]1CO,XanthosineOnly_gen3
O=c1[nH]c(=O)c2ncn([C@@H]3O[C@H](CO)[C@@H](O)[C@H]3O)c2[nH]1,CC(=O)n1c(=O)[nH]c(=O)c2ncn([C@@H]3O[C@H](CO)[C@@H](O)[C@H]3OC(O)CO)c21,XanthosineOnly_gen3
O=c1[nH]c(=O)c2ncn([C@@H]3O[C@H](CO)[C@@H](O)[C@H]3O)c2[nH]1,CC(=O)OC(CO)O[C@@H]1[C@H](O)[C@@H](CO)O[C@H]1n1cnc2c(=O)[nH]c(=O)[nH]c21,XanthosineOnly_gen3
O=c1[nH]c(=O)c2ncn([C@@H]3O[C@H](CO)[C@@H](O)[C@H]3O)c2[nH]1,CC(=O)OC(CO)OC[C@H]1O[C@@H](n2cnc3c(=O)[nH]c(=O)[nH]c32)[C@H](O)[C@@H]1O,XanthosineOnly_gen3
O=c1[nH]c(=O)c2ncn([C@@H]3O[C@H](CO)[C@@H](O)[C@H]3O)c2[nH]1,CC(O)n1c(=O)[nH]c2c(ncn2[C@@H]2O[C@H](COC(=O)CO)[C@@H](O)[C@H]2O)c1=O,XanthosineOnly_gen3
O=c1[nH]c(=O)c2ncn([C@@H]3O[C@H](CO)[C@@H](O)[C@H]3O)c2[nH]1,O=c1[nH]c(=O)c2ncn([C@@H]3O[C@@H]4COC(O)CO[C@H]4[C@H]3OC(O)CO)c2[nH]1,XanthosineOnly_gen3
O=c1[nH]c(=O)c2ncn([C@@H]3O[C@H](CO)[C@@H](O)[C@H]3O)c2[nH]1,CC(=O)O[C@@H]1[C@@H]2OP(=O)(O)OC[C@H]2O[C@H]1n1cnc2c(=O)[nH]c(=O)[nH]c21,XanthosineOnly_gen3
O=c1[nH]c(=O)c2ncn([C@@H]3O[C@H](CO)[C@@H](O)[C@H]3O)c2[nH]1,CCO[C@H]1[C@@H](OP(=O)(O)O)[C@H](n2cnc3c(=O)[nH]c(=O)[nH]c32)O[C@@H]1CO,XanthosineOnly_gen3
O=c1[nH]c(=O)c2ncn([C@@H]3O[C@H](CO)[C@@H](O)[C@H]3O)c2[nH]1,CO[C@@H]1[C@H](OC)[C@@H](COP(=O)(O)O)O[C@H]1n1cnc2c(=O)[nH]c(=O)[nH]c21,XanthosineOnly_gen3
O=c1[nH]c(=O)c2ncn([C@@H]3O[C@H](CO)[C@@H](O)[C@H]3O)c2[nH]1,COC[C@H]1O[C@@H](n2cnc3c(=O)[nH]c(=O)[nH]c32)[C@H](OC)[C@@H]1OS(=O)(=O)O,XanthosineOnly_gen3
O=c1[nH]c(=O)c2ncn([C@@H]3O[C@H](CO)[C@@H](O)[C@H]3O)c2[nH]1,CCO[C@H]1[C@@H](O)[C@H](n2cnc3c(=O)[nH]c(=O)[nH]c32)O[C@@H]1COS(=O)(=O)O,XanthosineOnly_gen3
O=c1[nH]c(=O)c2ncn([C@@H]3O[C@H](CO)[C@@H](O)[C@H]3O)c2[nH]1,CCOC[C@H]1O[C@@H](n2cnc3c(=O)[nH]c(=O)[nH]c32)[C@H](OS(=O)(=O)O)[C@@H]1O,XanthosineOnly_gen3
O=c1[nH]c(=O)c2ncn([C@@H]3O[C@H](CO)[C@@H](O)[C@H]3O)c2[nH]1,CO[C@@H]1[C@H](OP(=O)(O)O)[C@@H](CO)O[C@H]1n1c[n+](C)c2c(=O)[nH]c(=O)[nH]c21,XanthosineOnly_gen3
O=c1[nH]c(=O)c2ncn([C@@H]3O[C@H](CO)[C@@H](O)[C@H]3O)c2[nH]1,CO[C@H]1[C@@H](O)[C@H](n2c[n+](C)c3c(=O)[nH]c(=O)[nH]c32)O[C@@H]1COP(=O)(O)O,XanthosineOnly_gen3
O=c1[nH]c(=O)c2ncn([C@@H]3O[C@H](CO)[C@@H](O)[C@H]3O)c2[nH]1,Cn1c(=O)[nH]c2c(c1=O)[n+](C)cn2[C@@H]1O[C@H](CO)[C@@H](O)[C@H]1OP(=O)(O)O,XanthosineOnly_gen3
O=c1[nH]c(=O)c2ncn([C@@H]3O[C@H](CO)[C@@H](O)[C@H]3O)c2[nH]1,Cn1c(=O)[nH]c(=O)c2c1n([C@@H]1O[C@H](CO)[C@@H](OP(=O)(O)O)[C@H]1O)c[n+]2C,XanthosineOnly_gen3
O=c1[nH]c(=O)c2ncn([C@@H]3O[C@H](CO)[C@@H](O)[C@H]3O)c2[nH]1,Cn1c(=O)[nH]c(=O)c2c1n([C@@H]1O[C@H](COS(=O)(=O)O)[C@@H](O)[C@H]1O)c[n+]2C,XanthosineOnly_gen3
O=c1[nH]c(=O)c2ncn([C@@H]3O[C@H](CO)[C@@H](O)[C@H]3O)c2[nH]1,COC[C@H]1O[C@@H](n2c[n+](C)c3c(=O)[nH]c(=O)[nH]c32)[C@H](OS(=O)(=O)O)[C@@H]1O,XanthosineOnly_gen3
O=c1[nH]c(=O)c2ncn([C@@H]3O[C@H](CO)[C@@H](O)[C@H]3O)c2[nH]1,Cn1c(=O)[nH]c2c(c1=O)[n+](C)cn2[C@@H]1O[C@H](CO)[C@@H](OS(=O)(=O)O)[C@H]1O,XanthosineOnly_gen3
O=c1[nH]c(=O)c2ncn([C@@H]3O[C@H](CO)[C@@H](O)[C@H]3O)c2[nH]1,CC(=O)O[C@H]1[C@@H](OC(C)(O)C#N)[C@H](n2cnc3c(=O)[nH]c(=O)[nH]c32)O[C@@H]1CO,XanthosineOnly_gen3
O=c1[nH]c(=O)c2ncn([C@@H]3O[C@H](CO)[C@@H](O)[C@H]3O)c2[nH]1,CC(=O)O[C@@H]1[C@H](O)[C@@H](CO)O[C@H]1n1cnc2c(=O)n(C(C)(O)C#N)c(=O)[nH]c21,XanthosineOnly_gen3
O=c1[nH]c(=O)c2ncn([C@@H]3O[C@H](CO)[C@@H](O)[C@H]3O)c2[nH]1,CC(=O)n1c(=O)[nH]c(=O)c2ncn([C@@H]3O[C@H](CO)[C@@H](O)[C@H]3OC(C)(O)C#N)c21,XanthosineOnly_gen3
O=c1[nH]c(=O)c2ncn([C@@H]3O[C@H](CO)[C@@H](O)[C@H]3O)c2[nH]1,CC(=O)OC(C)(C#N)O[C@H]1[C@@H](O)[C@H](n2cnc3c(=O)[nH]c(=O)[nH]c32)O[C@@H]1CO,XanthosineOnly_gen3
O=c1[nH]c(=O)c2ncn([C@@H]3O[C@H](CO)[C@@H](O)[C@H]3O)c2[nH]1,CC(=O)OC[C@H]1O[C@@H](n2cnc3c(=O)n(C(C)(O)C#N)c(=O)[nH]c32)[C@H](O)[C@@H]1O,XanthosineOnly_gen3
O=c1[nH]c(=O)c2ncn([C@@H]3O[C@H](CO)[C@@H](O)[C@H]3O)c2[nH]1,CC(=O)n1c(=O)[nH]c2c(ncn2[C@@H]2O[C@H](CO)[C@@H](OC(C)(O)C#N)[C@H]2O)c1=O,XanthosineOnly_gen3
O=c1[nH]c(=O)c2ncn([C@@H]3O[C@H](CO)[C@@H](O)[C@H]3O)c2[nH]1,CC(=O)n1c(=O)[nH]c(=O)c2ncn([C@@H]3O[C@H](COC(C)(O)C#N)[C@@H](O)[C@H]3O)c21,XanthosineOnly_gen3
O=c1[nH]c(=O)c2ncn([C@@H]3O[C@H](CO)[C@@H](O)[C@H]3O)c2[nH]1,CC(=O)O[C@H]1[C@@H](O)[C@H](n2cnc3c(=O)[nH]c(=O)n(C(C)(O)C#N)c32)O[C@@H]1CO,XanthosineOnly_gen3
O=c1[nH]c(=O)c2ncn([C@@H]3O[C@H](CO)[C@@H](O)[C@H]3O)c2[nH]1,O=C(CCS(=O)O)OC[C@H]1O[C@@H](n2cnc3c(=O)[nH]c(=O)[nH]c32)[C@H](O)[C@@H]1O,XanthosineOnly_gen3
O=c1[nH]c(=O)c2ncn([C@@H]3O[C@H](CO)[C@@H](O)[C@H]3O)c2[nH]1,O=C(CCS(=O)O)O[C@@H]1[C@H](O)[C@@H](CO)O[C@H]1n1cnc2c(=O)[nH]c(=O)[nH]c21,XanthosineOnly_gen3
