Starter: CCC(CC)COC(=O)[C@H](C)N[P@](=O)(OC[C@@H]1[C@H]([C@H]([C@](O1)(C#N)C2=CC=C3N2N=CN=C3N)O)O)OC4=CC=CC=C4
Job name: RemdesivirOnly_gen2
Job type: enzymatic network expansion forward
Ruleset: JN3604IMT (JN3604IMT_rules.tsv)
Job started on: 2026-04-30 09:00:09.959987
Number of generations: 2
Number of operators loaded: 3571
Number of molecules before expantion (including cofactors): 42
Number of molecules after expantion (including cofactors): 40225
Number of reactions: 78782
Time used for network generation: 6110.59 minutes


Generated 40225 new molecules + 1 starters
Using 40215 generated molecules as targets for pathway finding

Saved molecules to RemdesivirOnly_gen2_molecules.csv
Job name: RemdesivirOnly_gen2
Job type: post-processing pretreat networks
Job started on: 2026-05-04 14:51:08.136749
Loading networks, it may take a while if loading large networks from file
Loading network 1 from memory
Number of reations in network 1: 78782
Networks loaded, now generating reaction strings
Reaction strings generation finished
Removing unconnected reactions
Unconnected reactions removed
Total number of reactions after pretreatment: 78117
Time used for network pretreatment: 0.04 minutes

Job name: RemdesivirOnly_gen2
Job type: pathway search
Job started on: 2026-05-04 14:51:10.917854
Pathway finder started, total number of reactions in network 78117
Searching for pathways.
If it is taking too long, try adjusting pruning parameters
Pathway search finished, removing loops if there's any.
Time used for pathway search: 0.41 minutes
128 pathways found!
63 reactions found in all pathways
Min number of reactions in a pathway: 2
Max number of reactions in a pathway: 3
Pruning parameters for this search:
search_depth: 3
max_num_rxns: 3
min_rxn_atom_economy: 0.3

Job name: RemdesivirOnly_gen2
Job type: pathway ranking
Job started on: 2026-05-04 14:51:36.040474
Start ranking pathways. Number of pathways after sanitization: 128
Reaction thermodynamics ranking working
Reaction thermodynamics ranking finished
Atom economy ranking working
Min_eco 0.24999999999999994
Max_eco 1.0
None_eco 0
Atom_economy ranking finished
Number of steps ranking working
Number of steps ranking finished
By product_number ranking working
You can adjust multi-processing number to speed it up
By product_number ranking finished
min score 2.0
max score 7.0

Pathway ranking finished. Pathway scores:

ranking 1
final score 7.0
Max reaction enthalpy score 0  x  2  =  0
Number of reactions score 1.0  x  4  =  4.0
By-product score 1.0  x  2  =  2.0
Pathway atom economy score 1.0  x  1  =  1.0
Salt score 0  x  0  =  0
Reaxys score 0  x  0  =  0
Cool score 0  x  0  =  0
atom economy 1.0
pathway by-product 0
intermediate by-product {None: 0}
CCC(CC)COC(=O)[C@H](C)N[P@](=O)(OC[C@H]1O[C@@](C#N)(c2ccc3c(N)ncnn23)[C@H](O)[C@@H]1O)Oc1ccccc1>>CCC(COC=O)C(C)[C@H](C)N[P@](=O)(OC[C@H]1O[C@@](C#N)(c2ccc3c(N)ncnn23)[C@H](O)[C@@H]1O)Oc1ccccc1
CCC(COC=O)C(C)[C@H](C)N[P@](=O)(OC[C@H]1O[C@@](C#N)(c2ccc3c(N)ncnn23)[C@H](O)[C@@H]1O)Oc1ccccc1>>CCC(C[C@H](C)N[P@](=O)(OC[C@H]1O[C@@](C#N)(c2ccc3c(N)ncnn23)[C@H](O)[C@@H]1O)Oc1ccccc1)C(C)OC=O
rule0028_51
rule0028_51
No_Thermo
No_Thermo

ranking 2
final score 7.0
Max reaction enthalpy score 0  x  2  =  0
Number of reactions score 1.0  x  4  =  4.0
By-product score 1.0  x  2  =  2.0
Pathway atom economy score 1.0  x  1  =  1.0
Salt score 0  x  0  =  0
Reaxys score 0  x  0  =  0
Cool score 0  x  0  =  0
atom economy 1.0
pathway by-product 0
intermediate by-product {None: 0}
CCC(C)C(C)OC(=O)[C@H](C)N[P@](=O)(OC[C@H]1O[C@@](C#N)(c2ccc3c(N)ncnn23)[C@H](O)[C@@H]1O)Oc1ccccc1>>CCC(C[C@H](C)N[P@](=O)(OC[C@H]1O[C@@](C#N)(c2ccc3c(N)ncnn23)[C@H](O)[C@@H]1O)Oc1ccccc1)C(C)OC=O
CCC(CC)COC(=O)[C@H](C)N[P@](=O)(OC[C@H]1O[C@@](C#N)(c2ccc3c(N)ncnn23)[C@H](O)[C@@H]1O)Oc1ccccc1>>CCC(C)C(C)OC(=O)[C@H](C)N[P@](=O)(OC[C@H]1O[C@@](C#N)(c2ccc3c(N)ncnn23)[C@H](O)[C@@H]1O)Oc1ccccc1
rule0028_51
rule0028_51
No_Thermo
No_Thermo

ranking 3
final score 3.0
Max reaction enthalpy score 0  x  2  =  0
Number of reactions score 0.0  x  4  =  0.0
By-product score 1.0  x  2  =  2.0
Pathway atom economy score 1.0  x  1  =  1.0
Salt score 0  x  0  =  0
Reaxys score 0  x  0  =  0
Cool score 0  x  0  =  0
atom economy 1.0
pathway by-product 0
intermediate by-product {None: 0}
CCC(CC)COC(=O)[C@H](C)N[P@](=O)(OC[C@H]1O[C@@](C#N)(c2ccc3c(N)ncnn23)[C@H](O)[C@@H]1O)Oc1ccccc1>>CCC(CC[C@H](C)N[P@](=O)(OC[C@H]1O[C@@](C#N)(c2ccc3c(N)ncnn23)[C@H](O)[C@@H]1O)Oc1ccccc1)COC=O
CCC(CC[C@H](C)N[P@](=O)(OC[C@H]1O[C@@](C#N)(c2ccc3c(N)ncnn23)[C@H](O)[C@@H]1O)Oc1ccccc1)COC=O>>CCC(COC=O)C(C)[C@H](C)N[P@](=O)(OC[C@H]1O[C@@](C#N)(c2ccc3c(N)ncnn23)[C@H](O)[C@@H]1O)Oc1ccccc1
CCC(COC=O)C(C)[C@H](C)N[P@](=O)(OC[C@H]1O[C@@](C#N)(c2ccc3c(N)ncnn23)[C@H](O)[C@@H]1O)Oc1ccccc1>>CCC(C[C@H](C)N[P@](=O)(OC[C@H]1O[C@@](C#N)(c2ccc3c(N)ncnn23)[C@H](O)[C@@H]1O)Oc1ccccc1)C(C)OC=O
rule0028_51
rule0028_51
rule0028_51
No_Thermo
No_Thermo
No_Thermo

ranking 4
final score 3.0
Max reaction enthalpy score 0  x  2  =  0
Number of reactions score 0.0  x  4  =  0.0
By-product score 1.0  x  2  =  2.0
Pathway atom economy score 1.0  x  1  =  1.0
Salt score 0  x  0  =  0
Reaxys score 0  x  0  =  0
Cool score 0  x  0  =  0
atom economy 1.0
pathway by-product 0
intermediate by-product {None: 0}
CCC(CC)C(OC=O)[C@H](C)N[P@](=O)(OC[C@H]1O[C@@](C#N)(c2ccc3c(N)ncnn23)[C@H](O)[C@@H]1O)Oc1ccccc1>>CCC(COC=O)C(C)[C@H](C)N[P@](=O)(OC[C@H]1O[C@@](C#N)(c2ccc3c(N)ncnn23)[C@H](O)[C@@H]1O)Oc1ccccc1
CCC(CC)COC(=O)[C@H](C)N[P@](=O)(OC[C@H]1O[C@@](C#N)(c2ccc3c(N)ncnn23)[C@H](O)[C@@H]1O)Oc1ccccc1>>CCC(CC)C(OC=O)[C@H](C)N[P@](=O)(OC[C@H]1O[C@@](C#N)(c2ccc3c(N)ncnn23)[C@H](O)[C@@H]1O)Oc1ccccc1
CCC(COC=O)C(C)[C@H](C)N[P@](=O)(OC[C@H]1O[C@@](C#N)(c2ccc3c(N)ncnn23)[C@H](O)[C@@H]1O)Oc1ccccc1>>CCC(C[C@H](C)N[P@](=O)(OC[C@H]1O[C@@](C#N)(c2ccc3c(N)ncnn23)[C@H](O)[C@@H]1O)Oc1ccccc1)C(C)OC=O
rule0028_51
rule0028_51
rule0028_51
No_Thermo
No_Thermo
No_Thermo

ranking 5
final score 3.0
Max reaction enthalpy score 0  x  2  =  0
Number of reactions score 0.0  x  4  =  0.0
By-product score 1.0  x  2  =  2.0
Pathway atom economy score 1.0  x  1  =  1.0
Salt score 0  x  0  =  0
Reaxys score 0  x  0  =  0
Cool score 0  x  0  =  0
atom economy 1.0
pathway by-product 0
intermediate by-product {None: 0}
CCC(CC)(COC=O)[C@H](C)N[P@](=O)(OC[C@H]1O[C@@](C#N)(c2ccc3c(N)ncnn23)[C@H](O)[C@@H]1O)Oc1ccccc1>>CCC(COC=O)C(C)[C@H](C)N[P@](=O)(OC[C@H]1O[C@@](C#N)(c2ccc3c(N)ncnn23)[C@H](O)[C@@H]1O)Oc1ccccc1
CCC(CC)COC(=O)[C@H](C)N[P@](=O)(OC[C@H]1O[C@@](C#N)(c2ccc3c(N)ncnn23)[C@H](O)[C@@H]1O)Oc1ccccc1>>CCC(CC)(COC=O)[C@H](C)N[P@](=O)(OC[C@H]1O[C@@](C#N)(c2ccc3c(N)ncnn23)[C@H](O)[C@@H]1O)Oc1ccccc1
CCC(COC=O)C(C)[C@H](C)N[P@](=O)(OC[C@H]1O[C@@](C#N)(c2ccc3c(N)ncnn23)[C@H](O)[C@@H]1O)Oc1ccccc1>>CCC(C[C@H](C)N[P@](=O)(OC[C@H]1O[C@@](C#N)(c2ccc3c(N)ncnn23)[C@H](O)[C@@H]1O)Oc1ccccc1)C(C)OC=O
rule0028_51
rule0028_51
rule0028_51
No_Thermo
No_Thermo
No_Thermo

ranking 6
final score 3.0
Max reaction enthalpy score 0  x  2  =  0
Number of reactions score 0.0  x  4  =  0.0
By-product score 1.0  x  2  =  2.0
Pathway atom economy score 1.0  x  1  =  1.0
Salt score 0  x  0  =  0
Reaxys score 0  x  0  =  0
Cool score 0  x  0  =  0
atom economy 1.0
pathway by-product 0
intermediate by-product {None: 0}
CCC(C)C(C)OC(=O)[C@H](C)N[P@](=O)(OC[C@H]1O[C@@](C#N)(c2ccc3c(N)ncnn23)[C@H](O)[C@@H]1O)Oc1ccccc1>>CCC(C[C@H](C)N[P@](=O)(OC[C@H]1O[C@@](C#N)(c2ccc3c(N)ncnn23)[C@H](O)[C@@H]1O)Oc1ccccc1)C(C)OC=O
CCC(CC)COC(=O)[C@H](C)N[P@](=O)(OC[C@H]1O[C@@](C#N)(c2ccc3c(N)ncnn23)[C@H](O)[C@@H]1O)Oc1ccccc1>>CCCC(CC)OC(=O)[C@H](C)N[P@](=O)(OC[C@H]1O[C@@](C#N)(c2ccc3c(N)ncnn23)[C@H](O)[C@@H]1O)Oc1ccccc1
CCCC(CC)OC(=O)[C@H](C)N[P@](=O)(OC[C@H]1O[C@@](C#N)(c2ccc3c(N)ncnn23)[C@H](O)[C@@H]1O)Oc1ccccc1>>CCC(C)C(C)OC(=O)[C@H](C)N[P@](=O)(OC[C@H]1O[C@@](C#N)(c2ccc3c(N)ncnn23)[C@H](O)[C@@H]1O)Oc1ccccc1
rule0028_51
rule0028_51
rule0028_51
No_Thermo
No_Thermo
No_Thermo

ranking 7
final score 3.0
Max reaction enthalpy score 0  x  2  =  0
Number of reactions score 0.0  x  4  =  0.0
By-product score 1.0  x  2  =  2.0
Pathway atom economy score 1.0  x  1  =  1.0
Salt score 0  x  0  =  0
Reaxys score 0  x  0  =  0
Cool score 0  x  0  =  0
atom economy 1.0
pathway by-product 0
intermediate by-product {None: 0}
CCC(C)C(C)OC(=O)[C@H](C)N[P@](=O)(OC[C@H]1O[C@@](C#N)(c2ccc3c(N)ncnn23)[C@H](O)[C@@H]1O)Oc1ccccc1>>CCC(C[C@H](C)N[P@](=O)(OC[C@H]1O[C@@](C#N)(c2ccc3c(N)ncnn23)[C@H](O)[C@@H]1O)Oc1ccccc1)C(C)OC=O
CCC(CC)COC(=O)[C@H](C)N[P@](=O)(OC[C@H]1O[C@@](C#N)(c2ccc3c(N)ncnn23)[C@H](O)[C@@H]1O)Oc1ccccc1>>CCCC(C)COC(=O)[C@H](C)N[P@](=O)(OC[C@H]1O[C@@](C#N)(c2ccc3c(N)ncnn23)[C@H](O)[C@@H]1O)Oc1ccccc1
CCCC(C)COC(=O)[C@H](C)N[P@](=O)(OC[C@H]1O[C@@](C#N)(c2ccc3c(N)ncnn23)[C@H](O)[C@@H]1O)Oc1ccccc1>>CCC(C)C(C)OC(=O)[C@H](C)N[P@](=O)(OC[C@H]1O[C@@](C#N)(c2ccc3c(N)ncnn23)[C@H](O)[C@@H]1O)Oc1ccccc1
rule0028_51
rule0028_51
rule0028_51
No_Thermo
No_Thermo
No_Thermo

ranking 8
final score 3.0
Max reaction enthalpy score 0  x  2  =  0
Number of reactions score 0.0  x  4  =  0.0
By-product score 1.0  x  2  =  2.0
Pathway atom economy score 1.0  x  1  =  1.0
Salt score 0  x  0  =  0
Reaxys score 0  x  0  =  0
Cool score 0  x  0  =  0
atom economy 1.0
pathway by-product 0
intermediate by-product {None: 0}
CCC(C)C(C)OC(=O)[C@H](C)N[P@](=O)(OC[C@H]1O[C@@](C#N)(c2ccc3c(N)ncnn23)[C@H](O)[C@@H]1O)Oc1ccccc1>>CCC(C[C@H](C)N[P@](=O)(OC[C@H]1O[C@@](C#N)(c2ccc3c(N)ncnn23)[C@H](O)[C@@H]1O)Oc1ccccc1)C(C)OC=O
CCC(CC)COC(=O)[C@H](C)N[P@](=O)(OC[C@H]1O[C@@](C#N)(c2ccc3c(N)ncnn23)[C@H](O)[C@@H]1O)Oc1ccccc1>>CCCC(C)COC(=O)[C@H](C)N[P@](=O)(OC[C@H]1O[C@@](C#N)(c2ccc3c(N)ncnn23)[C@H](O)[C@@H]1O)Oc1ccccc1
CCCC(C)COC(=O)[C@H](C)N[P@](=O)(OC[C@H]1O[C@@](C#N)(c2ccc3c(N)ncnn23)[C@H](O)[C@@H]1O)Oc1ccccc1>>CCC(C)C(C)OC(=O)[C@H](C)N[P@](=O)(OC[C@H]1O[C@@](C#N)(c2ccc3c(N)ncnn23)[C@H](O)[C@@H]1O)Oc1ccccc1
rule0028_51
rule0028_50
rule0028_51
No_Thermo
No_Thermo
No_Thermo

ranking 9
final score 3.0
Max reaction enthalpy score 0  x  2  =  0
Number of reactions score 0.0  x  4  =  0.0
By-product score 1.0  x  2  =  2.0
Pathway atom economy score 1.0  x  1  =  1.0
Salt score 0  x  0  =  0
Reaxys score 0  x  0  =  0
Cool score 0  x  0  =  0
atom economy 1.0
pathway by-product 0
intermediate by-product {None: 0}
CCC(C)C(C)OC(=O)[C@H](C)N[P@](=O)(OC[C@H]1O[C@@](C#N)(c2ccc3c(N)ncnn23)[C@H](O)[C@@H]1O)Oc1ccccc1>>CCC(C[C@H](C)N[P@](=O)(OC[C@H]1O[C@@](C#N)(c2ccc3c(N)ncnn23)[C@H](O)[C@@H]1O)Oc1ccccc1)C(C)OC=O
CCC(C)COC(=O)[C@H](CC)N[P@](=O)(OC[C@H]1O[C@@](C#N)(c2ccc3c(N)ncnn23)[C@H](O)[C@@H]1O)Oc1ccccc1>>CCC(C)C(C)OC(=O)[C@H](C)N[P@](=O)(OC[C@H]1O[C@@](C#N)(c2ccc3c(N)ncnn23)[C@H](O)[C@@H]1O)Oc1ccccc1
CCC(CC)COC(=O)[C@H](C)N[P@](=O)(OC[C@H]1O[C@@](C#N)(c2ccc3c(N)ncnn23)[C@H](O)[C@@H]1O)Oc1ccccc1>>CCC(C)COC(=O)[C@H](CC)N[P@](=O)(OC[C@H]1O[C@@](C#N)(c2ccc3c(N)ncnn23)[C@H](O)[C@@H]1O)Oc1ccccc1
rule0028_51
rule0028_37
rule0028_51
No_Thermo
No_Thermo
No_Thermo

ranking 10
final score 3.0
Max reaction enthalpy score 0  x  2  =  0
Number of reactions score 0.0  x  4  =  0.0
By-product score 1.0  x  2  =  2.0
Pathway atom economy score 1.0  x  1  =  1.0
Salt score 0  x  0  =  0
Reaxys score 0  x  0  =  0
Cool score 0  x  0  =  0
atom economy 1.0
pathway by-product 0
intermediate by-product {None: 0}
CCC(C)C(C)OC(=O)[C@H](C)N[P@](=O)(OC[C@H]1O[C@@](C#N)(c2ccc3c(N)ncnn23)[C@H](O)[C@@H]1O)Oc1ccccc1>>CCC(C[C@H](C)N[P@](=O)(OC[C@H]1O[C@@](C#N)(c2ccc3c(N)ncnn23)[C@H](O)[C@@H]1O)Oc1ccccc1)C(C)OC=O
CCC(C)COC(=O)[C@H](C)N[P@@](=O)(Oc1ccccc1)OC(C)[C@H]1O[C@@](C#N)(c2ccc3c(N)ncnn23)[C@H](O)[C@@H]1O>>CCC(C)C(C)OC(=O)[C@H](C)N[P@](=O)(OC[C@H]1O[C@@](C#N)(c2ccc3c(N)ncnn23)[C@H](O)[C@@H]1O)Oc1ccccc1
CCC(CC)COC(=O)[C@H](C)N[P@](=O)(OC[C@H]1O[C@@](C#N)(c2ccc3c(N)ncnn23)[C@H](O)[C@@H]1O)Oc1ccccc1>>CCC(C)COC(=O)[C@H](C)N[P@@](=O)(Oc1ccccc1)OC(C)[C@H]1O[C@@](C#N)(c2ccc3c(N)ncnn23)[C@H](O)[C@@H]1O
rule0028_51
rule0028_51
rule0028_51
No_Thermo
No_Thermo
No_Thermo

ranking 11
final score 3.0
Max reaction enthalpy score 0  x  2  =  0
Number of reactions score 0.0  x  4  =  0.0
By-product score 1.0  x  2  =  2.0
Pathway atom economy score 1.0  x  1  =  1.0
Salt score 0  x  0  =  0
Reaxys score 0  x  0  =  0
Cool score 0  x  0  =  0
atom economy 1.0
pathway by-product 0
intermediate by-product {None: 0}
CCC(C)C(C)OC(=O)[C@H](C)N[P@](=O)(OC[C@H]1O[C@@](C#N)(c2ccc3c(N)ncnn23)[C@H](O)[C@@H]1O)Oc1ccccc1>>CCC(C[C@H](C)N[P@](=O)(OC[C@H]1O[C@@](C#N)(c2ccc3c(N)ncnn23)[C@H](O)[C@@H]1O)Oc1ccccc1)C(C)OC=O
CCC(C)CCOC(=O)[C@H](C)N[P@](=O)(OC[C@H]1O[C@@](C#N)(c2ccc3c(N)ncnn23)[C@H](O)[C@@H]1O)Oc1ccccc1>>CCC(C)C(C)OC(=O)[C@H](C)N[P@](=O)(OC[C@H]1O[C@@](C#N)(c2ccc3c(N)ncnn23)[C@H](O)[C@@H]1O)Oc1ccccc1
CCC(CC)COC(=O)[C@H](C)N[P@](=O)(OC[C@H]1O[C@@](C#N)(c2ccc3c(N)ncnn23)[C@H](O)[C@@H]1O)Oc1ccccc1>>CCC(C)CCOC(=O)[C@H](C)N[P@](=O)(OC[C@H]1O[C@@](C#N)(c2ccc3c(N)ncnn23)[C@H](O)[C@@H]1O)Oc1ccccc1
rule0028_51
rule0028_51
rule0028_51
No_Thermo
No_Thermo
No_Thermo

ranking 12
final score 3.0
Max reaction enthalpy score 0  x  2  =  0
Number of reactions score 0.0  x  4  =  0.0
By-product score 1.0  x  2  =  2.0
Pathway atom economy score 1.0  x  1  =  1.0
Salt score 0  x  0  =  0
Reaxys score 0  x  0  =  0
Cool score 0  x  0  =  0
atom economy 1.0
pathway by-product 0
intermediate by-product {None: 0}
CCC(C)(C)COC(=O)[C@H](C)N[P@](=O)(OC[C@H]1O[C@@](C#N)(c2ccc3c(N)ncnn23)[C@H](O)[C@@H]1O)Oc1ccccc1>>CCC(C)C(C)OC(=O)[C@H](C)N[P@](=O)(OC[C@H]1O[C@@](C#N)(c2ccc3c(N)ncnn23)[C@H](O)[C@@H]1O)Oc1ccccc1
CCC(C)C(C)OC(=O)[C@H](C)N[P@](=O)(OC[C@H]1O[C@@](C#N)(c2ccc3c(N)ncnn23)[C@H](O)[C@@H]1O)Oc1ccccc1>>CCC(C[C@H](C)N[P@](=O)(OC[C@H]1O[C@@](C#N)(c2ccc3c(N)ncnn23)[C@H](O)[C@@H]1O)Oc1ccccc1)C(C)OC=O
CCC(CC)COC(=O)[C@H](C)N[P@](=O)(OC[C@H]1O[C@@](C#N)(c2ccc3c(N)ncnn23)[C@H](O)[C@@H]1O)Oc1ccccc1>>CCC(C)(C)COC(=O)[C@H](C)N[P@](=O)(OC[C@H]1O[C@@](C#N)(c2ccc3c(N)ncnn23)[C@H](O)[C@@H]1O)Oc1ccccc1
rule0028_51
rule0028_51
rule0028_51
No_Thermo
No_Thermo
No_Thermo

ranking 13
final score 3.0
Max reaction enthalpy score 0  x  2  =  0
Number of reactions score 0.0  x  4  =  0.0
By-product score 1.0  x  2  =  2.0
Pathway atom economy score 1.0  x  1  =  1.0
Salt score 0  x  0  =  0
Reaxys score 0  x  0  =  0
Cool score 0  x  0  =  0
atom economy 1.0
pathway by-product 0
intermediate by-product {None: 0}
CC(C)C(C)COC(=O)[C@H](C)N[P@](=O)(OC[C@H]1O[C@@](C#N)(c2ccc3c(N)ncnn23)[C@H](O)[C@@H]1O)Oc1ccccc1>>CCC(C)C(C)OC(=O)[C@H](C)N[P@](=O)(OC[C@H]1O[C@@](C#N)(c2ccc3c(N)ncnn23)[C@H](O)[C@@H]1O)Oc1ccccc1
CCC(C)C(C)OC(=O)[C@H](C)N[P@](=O)(OC[C@H]1O[C@@](C#N)(c2ccc3c(N)ncnn23)[C@H](O)[C@@H]1O)Oc1ccccc1>>CCC(C[C@H](C)N[P@](=O)(OC[C@H]1O[C@@](C#N)(c2ccc3c(N)ncnn23)[C@H](O)[C@@H]1O)Oc1ccccc1)C(C)OC=O
CCC(CC)COC(=O)[C@H](C)N[P@](=O)(OC[C@H]1O[C@@](C#N)(c2ccc3c(N)ncnn23)[C@H](O)[C@@H]1O)Oc1ccccc1>>CC(C)C(C)COC(=O)[C@H](C)N[P@](=O)(OC[C@H]1O[C@@](C#N)(c2ccc3c(N)ncnn23)[C@H](O)[C@@H]1O)Oc1ccccc1
rule0028_51
rule0028_51
rule0028_51
No_Thermo
No_Thermo
No_Thermo

ranking 14
final score 2.325663257592224
Max reaction enthalpy score 0  x  2  =  0
Number of reactions score 0.0  x  4  =  0.0
By-product score 1.0  x  2  =  2.0
Pathway atom economy score 0.32566325759222386  x  1  =  0.32566325759222386
Salt score 0  x  0  =  0
Reaxys score 0  x  0  =  0
Cool score 0  x  0  =  0
atom economy 0.49424744319416786
pathway by-product 0
intermediate by-product {None: 0}
CCC(C)C(C)OC(=O)[C@H](C)N[P@](=O)(OC[C@H]1O[C@@](C#N)(c2ccc3c(N)ncnn23)[C@H](O)[C@@H]1O)Oc1ccccc1>>CCC(C[C@H](C)N[P@](=O)(OC[C@H]1O[C@@](C#N)(c2ccc3c(N)ncnn23)[C@H](O)[C@@H]1O)Oc1ccccc1)C(C)OC=O
CCC(C)COC(=O)[C@H](C)N[P@](=O)(OC[C@H]1O[C@@](C#N)(c2ccc3c(N)ncnn23)[C@H](O)[C@@H]1O)Oc1ccccc1.C[S+](CC[C@H](N)C(=O)O)C[C@H]1O[C@@H](n2cnc3c(N)ncnc32)[C@H](O)[C@@H]1O>>CCC(C)C(C)OC(=O)[C@H](C)N[P@](=O)(OC[C@H]1O[C@@](C#N)(c2ccc3c(N)ncnn23)[C@H](O)[C@@H]1O)Oc1ccccc1.Nc1ncnc2c1ncn2[C@@H]1O[C@H](CSCC[C@H](N)C(=O)O)[C@@H](O)[C@H]1O
CCC(CC)COC(=O)[C@H](C)N[P@](=O)(OC[C@H]1O[C@@](C#N)(c2ccc3c(N)ncnn23)[C@H](O)[C@@H]1O)Oc1ccccc1.CCC(CC)COC(=O)[C@H](C)N[P@](=O)(OC[C@H]1O[C@@](C#N)(c2ccc3c(N)ncnn23)[C@H](O)[C@@H]1O)Oc1ccccc1>>CCC(C)COC(=O)[C@H](C)N[P@](=O)(OC[C@H]1O[C@@](C#N)(c2ccc3c(N)ncnn23)[C@H](O)[C@@H]1O)Oc1ccccc1.CCCC(CC)COC(=O)[C@H](C)N[P@](=O)(OC[C@H]1O[C@@](C#N)(c2ccc3c(N)ncnn23)[C@H](O)[C@@H]1O)Oc1ccccc1
rule0028_51
rule0043_12
rule0126_2
No_Thermo
No_Thermo
No_Thermo

ranking 15
final score 2.325663257592224
Max reaction enthalpy score 0  x  2  =  0
Number of reactions score 0.0  x  4  =  0.0
By-product score 1.0  x  2  =  2.0
Pathway atom economy score 0.32566325759222403  x  1  =  0.32566325759222403
Salt score 0  x  0  =  0
Reaxys score 0  x  0  =  0
Cool score 0  x  0  =  0
atom economy 0.49424744319416797
pathway by-product 0
intermediate by-product {None: 0}
CCC(C)C(C)OC(=O)[C@H](C)N[P@](=O)(OC[C@H]1O[C@@](C#N)(c2ccc3c(N)ncnn23)[C@H](O)[C@@H]1O)Oc1ccccc1>>CCC(C[C@H](C)N[P@](=O)(OC[C@H]1O[C@@](C#N)(c2ccc3c(N)ncnn23)[C@H](O)[C@@H]1O)Oc1ccccc1)C(C)OC=O
CCC(C)COC(=O)[C@H](C)N[P@](=O)(OC[C@H]1O[C@@](C#N)(c2ccc3c(N)ncnn23)[C@H](O)[C@@H]1O)Oc1ccccc1.C[S+](CC[C@H](N)C(=O)O)C[C@H]1O[C@@H](n2cnc3c(N)ncnc32)[C@H](O)[C@@H]1O>>CCC(C)C(C)OC(=O)[C@H](C)N[P@](=O)(OC[C@H]1O[C@@](C#N)(c2ccc3c(N)ncnn23)[C@H](O)[C@@H]1O)Oc1ccccc1.Nc1ncnc2c1ncn2[C@@H]1O[C@H](CSCC[C@H](N)C(=O)O)[C@@H](O)[C@H]1O
CCC(CC)COC(=O)[C@H](C)N[P@](=O)(OC[C@H]1O[C@@](C#N)(c2ccc3c(N)ncnn23)[C@H](O)[C@@H]1O)Oc1ccccc1.CCC(CC)COC(=O)[C@H](C)N[P@](=O)(OC[C@H]1O[C@@](C#N)(c2ccc3c(N)ncnn23)[C@H](O)[C@@H]1O)Oc1ccccc1>>CCC(C)COC(=O)[C@H](C)N[P@](=O)(OC[C@H]1O[C@@](C#N)(c2ccc3c(N)ncnn23)[C@H](O)[C@@H]1O)Oc1ccccc1.CCC(COC(=O)[C@H](C)N[P@](=O)(OC[C@H]1O[C@@](C#N)(c2ccc3c(N)ncnn23)[C@H](O)[C@@H]1O)Oc1ccccc1)C(C)C
rule0028_51
rule0043_12
rule0126_2
No_Thermo
No_Thermo
No_Thermo

ranking 16
final score 2.325663257592224
Max reaction enthalpy score 0  x  2  =  0
Number of reactions score 0.0  x  4  =  0.0
By-product score 1.0  x  2  =  2.0
Pathway atom economy score 0.32566325759222386  x  1  =  0.32566325759222386
Salt score 0  x  0  =  0
Reaxys score 0  x  0  =  0
Cool score 0  x  0  =  0
atom economy 0.49424744319416786
pathway by-product 0
intermediate by-product {None: 0}
CCC(C)C(C)OC(=O)[C@H](C)N[P@](=O)(OC[C@H]1O[C@@](C#N)(c2ccc3c(N)ncnn23)[C@H](O)[C@@H]1O)Oc1ccccc1>>CCC(C[C@H](C)N[P@](=O)(OC[C@H]1O[C@@](C#N)(c2ccc3c(N)ncnn23)[C@H](O)[C@@H]1O)Oc1ccccc1)C(C)OC=O
CCC(C)COC(=O)[C@H](C)N[P@](=O)(OC[C@H]1O[C@@](C#N)(c2ccc3c(N)ncnn23)[C@H](O)[C@@H]1O)Oc1ccccc1.C[S+](CC[C@H](N)C(=O)O)C[C@H]1O[C@@H](n2cnc3c(N)ncnc32)[C@H](O)[C@@H]1O>>CCC(C)C(C)OC(=O)[C@H](C)N[P@](=O)(OC[C@H]1O[C@@](C#N)(c2ccc3c(N)ncnn23)[C@H](O)[C@@H]1O)Oc1ccccc1.Nc1ncnc2c1ncn2[C@@H]1O[C@H](CSCC[C@H](N)C(=O)O)[C@@H](O)[C@H]1O
CCC(CC)COC(=O)[C@H](C)N[P@](=O)(OC[C@H]1O[C@@](C#N)(c2ccc3c(N)ncnn23)[C@H](O)[C@@H]1O)Oc1ccccc1.CCC(CC)COC(=O)[C@H](C)N[P@](=O)(OC[C@H]1O[C@@](C#N)(c2ccc3c(N)ncnn23)[C@H](O)[C@@H]1O)Oc1ccccc1>>CCC(C)COC(=O)[C@H](C)N[P@](=O)(OC[C@H]1O[C@@](C#N)(c2ccc3c(N)ncnn23)[C@H](O)[C@@H]1O)Oc1ccccc1.CCC(CC)COC(=O)[C@H](C)N[P@](=O)(OC[C@]1(C)O[C@@](C#N)(c2ccc3c(N)ncnn23)[C@H](O)[C@@H]1O)Oc1ccccc1
rule0028_51
rule0043_12
rule0126_2
No_Thermo
No_Thermo
No_Thermo

ranking 17
final score 2.325663257592224
Max reaction enthalpy score 0  x  2  =  0
Number of reactions score 0.0  x  4  =  0.0
By-product score 1.0  x  2  =  2.0
Pathway atom economy score 0.32566325759222386  x  1  =  0.32566325759222386
Salt score 0  x  0  =  0
Reaxys score 0  x  0  =  0
Cool score 0  x  0  =  0
atom economy 0.49424744319416786
pathway by-product 0
intermediate by-product {None: 0}
CCC(C)C(C)OC(=O)[C@H](C)N[P@](=O)(OC[C@H]1O[C@@](C#N)(c2ccc3c(N)ncnn23)[C@H](O)[C@@H]1O)Oc1ccccc1>>CCC(C[C@H](C)N[P@](=O)(OC[C@H]1O[C@@](C#N)(c2ccc3c(N)ncnn23)[C@H](O)[C@@H]1O)Oc1ccccc1)C(C)OC=O
CCC(C)COC(=O)[C@H](C)N[P@](=O)(OC[C@H]1O[C@@](C#N)(c2ccc3c(N)ncnn23)[C@H](O)[C@@H]1O)Oc1ccccc1.C[S+](CC[C@H](N)C(=O)O)C[C@H]1O[C@@H](n2cnc3c(N)ncnc32)[C@H](O)[C@@H]1O>>CCC(C)C(C)OC(=O)[C@H](C)N[P@](=O)(OC[C@H]1O[C@@](C#N)(c2ccc3c(N)ncnn23)[C@H](O)[C@@H]1O)Oc1ccccc1.Nc1ncnc2c1ncn2[C@@H]1O[C@H](CSCC[C@H](N)C(=O)O)[C@@H](O)[C@H]1O
CCC(CC)COC(=O)[C@H](C)N[P@](=O)(OC[C@H]1O[C@@](C#N)(c2ccc3c(N)ncnn23)[C@H](O)[C@@H]1O)Oc1ccccc1.CCC(CC)COC(=O)[C@H](C)N[P@](=O)(OC[C@H]1O[C@@](C#N)(c2ccc3c(N)ncnn23)[C@H](O)[C@@H]1O)Oc1ccccc1>>CCC(C)COC(=O)[C@H](C)N[P@](=O)(OC[C@H]1O[C@@](C#N)(c2ccc3c(N)ncnn23)[C@H](O)[C@@H]1O)Oc1ccccc1.CCC(CC)COC(=O)[C@H](C)N[P@](=O)(OC[C@H]1O[C@@](C#N)(c2ccc3c(N)ncnn23)[C@H](O)[C@@]1(C)O)Oc1ccccc1
rule0028_51
rule0043_12
rule0126_2
No_Thermo
No_Thermo
No_Thermo

ranking 18
final score 2.325663257592224
Max reaction enthalpy score 0  x  2  =  0
Number of reactions score 0.0  x  4  =  0.0
By-product score 1.0  x  2  =  2.0
Pathway atom economy score 0.3256632575922241  x  1  =  0.3256632575922241
Salt score 0  x  0  =  0
Reaxys score 0  x  0  =  0
Cool score 0  x  0  =  0
atom economy 0.494247443194168
pathway by-product 0
intermediate by-product {None: 0}
CCC(C)C(C)OC(=O)[C@H](C)N[P@](=O)(OC[C@H]1O[C@@](C#N)(c2ccc3c(N)ncnn23)[C@H](O)[C@@H]1O)Oc1ccccc1>>CCC(C[C@H](C)N[P@](=O)(OC[C@H]1O[C@@](C#N)(c2ccc3c(N)ncnn23)[C@H](O)[C@@H]1O)Oc1ccccc1)C(C)OC=O
CCC(C)COC(=O)[C@H](C)N[P@](=O)(OC[C@H]1O[C@@](C#N)(c2ccc3c(N)ncnn23)[C@H](O)[C@@H]1O)Oc1ccccc1.C[S+](CC[C@H](N)C(=O)O)C[C@H]1O[C@@H](n2cnc3c(N)ncnc32)[C@H](O)[C@@H]1O>>CCC(C)C(C)OC(=O)[C@H](C)N[P@](=O)(OC[C@H]1O[C@@](C#N)(c2ccc3c(N)ncnn23)[C@H](O)[C@@H]1O)Oc1ccccc1.Nc1ncnc2c1ncn2[C@@H]1O[C@H](CSCC[C@H](N)C(=O)O)[C@@H](O)[C@H]1O
CCC(CC)COC(=O)[C@H](C)N[P@](=O)(OC[C@H]1O[C@@](C#N)(c2ccc3c(N)ncnn23)[C@H](O)[C@@H]1O)Oc1ccccc1.CCC(CC)COC(=O)[C@H](C)N[P@](=O)(OC[C@H]1O[C@@](C#N)(c2ccc3c(N)ncnn23)[C@H](O)[C@@H]1O)Oc1ccccc1>>CCC(C)COC(=O)[C@H](C)N[P@](=O)(OC[C@H]1O[C@@](C#N)(c2ccc3c(N)ncnn23)[C@H](O)[C@@H]1O)Oc1ccccc1.CCC(CC)COC(=O)[C@H](C)N[P@](=O)(OC[C@H]1O[C@@](C#N)(c2ccc3c(N)ncnn23)[C@H](O)[C@@H]1O)Oc1ccccc1C
rule0028_51
rule0043_12
rule0126_2
No_Thermo
No_Thermo
No_Thermo

ranking 19
final score 2.325663257592224
Max reaction enthalpy score 0  x  2  =  0
Number of reactions score 0.0  x  4  =  0.0
By-product score 1.0  x  2  =  2.0
Pathway atom economy score 0.3256632575922241  x  1  =  0.3256632575922241
Salt score 0  x  0  =  0
Reaxys score 0  x  0  =  0
Cool score 0  x  0  =  0
atom economy 0.494247443194168
pathway by-product 0
intermediate by-product {None: 0}
CCC(C)C(C)OC(=O)[C@H](C)N[P@](=O)(OC[C@H]1O[C@@](C#N)(c2ccc3c(N)ncnn23)[C@H](O)[C@@H]1O)Oc1ccccc1>>CCC(C[C@H](C)N[P@](=O)(OC[C@H]1O[C@@](C#N)(c2ccc3c(N)ncnn23)[C@H](O)[C@@H]1O)Oc1ccccc1)C(C)OC=O
CCC(C)COC(=O)[C@H](C)N[P@](=O)(OC[C@H]1O[C@@](C#N)(c2ccc3c(N)ncnn23)[C@H](O)[C@@H]1O)Oc1ccccc1.C[S+](CC[C@H](N)C(=O)O)C[C@H]1O[C@@H](n2cnc3c(N)ncnc32)[C@H](O)[C@@H]1O>>CCC(C)C(C)OC(=O)[C@H](C)N[P@](=O)(OC[C@H]1O[C@@](C#N)(c2ccc3c(N)ncnn23)[C@H](O)[C@@H]1O)Oc1ccccc1.Nc1ncnc2c1ncn2[C@@H]1O[C@H](CSCC[C@H](N)C(=O)O)[C@@H](O)[C@H]1O
CCC(CC)COC(=O)[C@H](C)N[P@](=O)(OC[C@H]1O[C@@](C#N)(c2ccc3c(N)ncnn23)[C@H](O)[C@@H]1O)Oc1ccccc1.CCC(CC)COC(=O)[C@H](C)N[P@](=O)(OC[C@H]1O[C@@](C#N)(c2ccc3c(N)ncnn23)[C@H](O)[C@@H]1O)Oc1ccccc1>>CCC(C)COC(=O)[C@H](C)N[P@](=O)(OC[C@H]1O[C@@](C#N)(c2ccc3c(N)ncnn23)[C@H](O)[C@@H]1O)Oc1ccccc1.CCC(CC)COC(=O)[C@H](C)N[P@](=O)(OC[C@H]1O[C@@](C#N)(c2ccc3c(N)ncnn23)[C@H](O)[C@@H]1O)Oc1cccc(C)c1
rule0028_51
rule0043_12
rule0126_2
No_Thermo
No_Thermo
No_Thermo

ranking 20
final score 2.325663257592224
Max reaction enthalpy score 0  x  2  =  0
Number of reactions score 0.0  x  4  =  0.0
By-product score 1.0  x  2  =  2.0
Pathway atom economy score 0.3256632575922241  x  1  =  0.3256632575922241
Salt score 0  x  0  =  0
Reaxys score 0  x  0  =  0
Cool score 0  x  0  =  0
atom economy 0.494247443194168
pathway by-product 0
intermediate by-product {None: 0}
CCC(C)C(C)OC(=O)[C@H](C)N[P@](=O)(OC[C@H]1O[C@@](C#N)(c2ccc3c(N)ncnn23)[C@H](O)[C@@H]1O)Oc1ccccc1>>CCC(C[C@H](C)N[P@](=O)(OC[C@H]1O[C@@](C#N)(c2ccc3c(N)ncnn23)[C@H](O)[C@@H]1O)Oc1ccccc1)C(C)OC=O
CCC(C)COC(=O)[C@H](C)N[P@](=O)(OC[C@H]1O[C@@](C#N)(c2ccc3c(N)ncnn23)[C@H](O)[C@@H]1O)Oc1ccccc1.C[S+](CC[C@H](N)C(=O)O)C[C@H]1O[C@@H](n2cnc3c(N)ncnc32)[C@H](O)[C@@H]1O>>CCC(C)C(C)OC(=O)[C@H](C)N[P@](=O)(OC[C@H]1O[C@@](C#N)(c2ccc3c(N)ncnn23)[C@H](O)[C@@H]1O)Oc1ccccc1.Nc1ncnc2c1ncn2[C@@H]1O[C@H](CSCC[C@H](N)C(=O)O)[C@@H](O)[C@H]1O
CCC(CC)COC(=O)[C@H](C)N[P@](=O)(OC[C@H]1O[C@@](C#N)(c2ccc3c(N)ncnn23)[C@H](O)[C@@H]1O)Oc1ccccc1.CCC(CC)COC(=O)[C@H](C)N[P@](=O)(OC[C@H]1O[C@@](C#N)(c2ccc3c(N)ncnn23)[C@H](O)[C@@H]1O)Oc1ccccc1>>CCC(C)COC(=O)[C@H](C)N[P@](=O)(OC[C@H]1O[C@@](C#N)(c2ccc3c(N)ncnn23)[C@H](O)[C@@H]1O)Oc1ccccc1.CCC(CC)COC(=O)[C@H](C)N[P@](=O)(OC[C@H]1O[C@@](C#N)(c2ccc3c(N)ncnn23)[C@H](O)[C@@H]1O)Oc1ccc(C)cc1
rule0028_51
rule0043_12
rule0126_2
No_Thermo
No_Thermo
No_Thermo

ranking 21
final score 2.325663257592224
Max reaction enthalpy score 0  x  2  =  0
Number of reactions score 0.0  x  4  =  0.0
By-product score 1.0  x  2  =  2.0
Pathway atom economy score 0.32566325759222386  x  1  =  0.32566325759222386
Salt score 0  x  0  =  0
Reaxys score 0  x  0  =  0
Cool score 0  x  0  =  0
atom economy 0.49424744319416786
pathway by-product 0
intermediate by-product {None: 0}
CCC(C)C(C)OC(=O)[C@H](C)N[P@](=O)(OC[C@H]1O[C@@](C#N)(c2ccc3c(N)ncnn23)[C@H](O)[C@@H]1O)Oc1ccccc1>>CCC(C[C@H](C)N[P@](=O)(OC[C@H]1O[C@@](C#N)(c2ccc3c(N)ncnn23)[C@H](O)[C@@H]1O)Oc1ccccc1)C(C)OC=O
CCC(C)COC(=O)[C@H](C)N[P@](=O)(OC[C@H]1O[C@@](C#N)(c2ccc3c(N)ncnn23)[C@H](O)[C@@H]1O)Oc1ccccc1.C[S+](CC[C@H](N)C(=O)O)C[C@H]1O[C@@H](n2cnc3c(N)ncnc32)[C@H](O)[C@@H]1O>>CCC(C)C(C)OC(=O)[C@H](C)N[P@](=O)(OC[C@H]1O[C@@](C#N)(c2ccc3c(N)ncnn23)[C@H](O)[C@@H]1O)Oc1ccccc1.Nc1ncnc2c1ncn2[C@@H]1O[C@H](CSCC[C@H](N)C(=O)O)[C@@H](O)[C@H]1O
CCC(CC)COC(=O)[C@H](C)N[P@](=O)(OC[C@H]1O[C@@](C#N)(c2ccc3c(N)ncnn23)[C@H](O)[C@@H]1O)Oc1ccccc1.CCC(CC)COC(=O)[C@H](C)N[P@](=O)(OC[C@H]1O[C@@](C#N)(c2ccc3c(N)ncnn23)[C@H](O)[C@@H]1O)Oc1ccccc1>>CCC(C)COC(=O)[C@H](C)N[P@](=O)(OC[C@H]1O[C@@](C#N)(c2ccc3c(N)ncnn23)[C@H](O)[C@@H]1O)Oc1ccccc1.CCC(CC)COC(=O)[C@H](C)N[P@](=O)(OC[C@H]1O[C@@](C#N)(c2ccc3c(N)ncnn23)[C@@](C)(O)[C@@H]1O)Oc1ccccc1
rule0028_51
rule0043_12
rule0126_2
No_Thermo
No_Thermo
No_Thermo

ranking 22
final score 2.325663257592224
Max reaction enthalpy score 0  x  2  =  0
Number of reactions score 0.0  x  4  =  0.0
By-product score 1.0  x  2  =  2.0
Pathway atom economy score 0.32566325759222386  x  1  =  0.32566325759222386
Salt score 0  x  0  =  0
Reaxys score 0  x  0  =  0
Cool score 0  x  0  =  0
atom economy 0.49424744319416786
pathway by-product 0
intermediate by-product {None: 0}
CCC(C)C(C)OC(=O)[C@H](C)N[P@](=O)(OC[C@H]1O[C@@](C#N)(c2ccc3c(N)ncnn23)[C@H](O)[C@@H]1O)Oc1ccccc1>>CCC(C[C@H](C)N[P@](=O)(OC[C@H]1O[C@@](C#N)(c2ccc3c(N)ncnn23)[C@H](O)[C@@H]1O)Oc1ccccc1)C(C)OC=O
CCC(C)COC(=O)[C@H](C)N[P@](=O)(OC[C@H]1O[C@@](C#N)(c2ccc3c(N)ncnn23)[C@H](O)[C@@H]1O)Oc1ccccc1.C[S+](CC[C@H](N)C(=O)O)C[C@H]1O[C@@H](n2cnc3c(N)ncnc32)[C@H](O)[C@@H]1O>>CCC(C)C(C)OC(=O)[C@H](C)N[P@](=O)(OC[C@H]1O[C@@](C#N)(c2ccc3c(N)ncnn23)[C@H](O)[C@@H]1O)Oc1ccccc1.Nc1ncnc2c1ncn2[C@@H]1O[C@H](CSCC[C@H](N)C(=O)O)[C@@H](O)[C@H]1O
CCC(CC)COC(=O)[C@H](C)N[P@](=O)(OC[C@H]1O[C@@](C#N)(c2ccc3c(N)ncnn23)[C@H](O)[C@@H]1O)Oc1ccccc1.CCC(CC)COC(=O)[C@H](C)N[P@](=O)(OC[C@H]1O[C@@](C#N)(c2ccc3c(N)ncnn23)[C@H](O)[C@@H]1O)Oc1ccccc1>>CCC(C)COC(=O)[C@H](C)N[P@](=O)(OC[C@H]1O[C@@](C#N)(c2ccc3c(N)ncnn23)[C@H](O)[C@@H]1O)Oc1ccccc1.CCC(CC)COC(=O)[C@H](C)N[P@](=O)(OC[C@H]1O[C@@](C#N)(c2ccc3c(N)nc(C)nn23)[C@H](O)[C@@H]1O)Oc1ccccc1
rule0028_51
rule0043_12
rule0126_2
No_Thermo
No_Thermo
No_Thermo

ranking 23
final score 2.325663257592224
Max reaction enthalpy score 0  x  2  =  0
Number of reactions score 0.0  x  4  =  0.0
By-product score 1.0  x  2  =  2.0
Pathway atom economy score 0.32566325759222386  x  1  =  0.32566325759222386
Salt score 0  x  0  =  0
Reaxys score 0  x  0  =  0
Cool score 0  x  0  =  0
atom economy 0.49424744319416786
pathway by-product 0
intermediate by-product {None: 0}
CCC(C)C(C)OC(=O)[C@H](C)N[P@](=O)(OC[C@H]1O[C@@](C#N)(c2ccc3c(N)ncnn23)[C@H](O)[C@@H]1O)Oc1ccccc1>>CCC(C[C@H](C)N[P@](=O)(OC[C@H]1O[C@@](C#N)(c2ccc3c(N)ncnn23)[C@H](O)[C@@H]1O)Oc1ccccc1)C(C)OC=O
CCC(C)COC(=O)[C@H](C)N[P@](=O)(OC[C@H]1O[C@@](C#N)(c2ccc3c(N)ncnn23)[C@H](O)[C@@H]1O)Oc1ccccc1.C[S+](CC[C@H](N)C(=O)O)C[C@H]1O[C@@H](n2cnc3c(N)ncnc32)[C@H](O)[C@@H]1O>>CCC(C)C(C)OC(=O)[C@H](C)N[P@](=O)(OC[C@H]1O[C@@](C#N)(c2ccc3c(N)ncnn23)[C@H](O)[C@@H]1O)Oc1ccccc1.Nc1ncnc2c1ncn2[C@@H]1O[C@H](CSCC[C@H](N)C(=O)O)[C@@H](O)[C@H]1O
CCC(CC)COC(=O)[C@H](C)N[P@](=O)(OC[C@H]1O[C@@](C#N)(c2ccc3c(N)ncnn23)[C@H](O)[C@@H]1O)Oc1ccccc1.CCC(CC)COC(=O)[C@H](C)N[P@](=O)(OC[C@H]1O[C@@](C#N)(c2ccc3c(N)ncnn23)[C@H](O)[C@@H]1O)Oc1ccccc1>>CCC(C)COC(=O)[C@H](C)N[P@](=O)(OC[C@H]1O[C@@](C#N)(c2ccc3c(N)ncnn23)[C@H](O)[C@@H]1O)Oc1ccccc1.CCC(CC)COC(=O)[C@H](C)N[P@](=O)(OC[C@H]1O[C@@](C#N)(c2cc(C)c3c(N)ncnn23)[C@H](O)[C@@H]1O)Oc1ccccc1
rule0028_51
rule0043_12
rule0126_2
No_Thermo
No_Thermo
No_Thermo

ranking 24
final score 2.325663257592224
Max reaction enthalpy score 0  x  2  =  0
Number of reactions score 0.0  x  4  =  0.0
By-product score 1.0  x  2  =  2.0
Pathway atom economy score 0.32566325759222386  x  1  =  0.32566325759222386
Salt score 0  x  0  =  0
Reaxys score 0  x  0  =  0
Cool score 0  x  0  =  0
atom economy 0.49424744319416786
pathway by-product 0
intermediate by-product {None: 0}
CCC(C)C(C)OC(=O)[C@H](C)N[P@](=O)(OC[C@H]1O[C@@](C#N)(c2ccc3c(N)ncnn23)[C@H](O)[C@@H]1O)Oc1ccccc1>>CCC(C[C@H](C)N[P@](=O)(OC[C@H]1O[C@@](C#N)(c2ccc3c(N)ncnn23)[C@H](O)[C@@H]1O)Oc1ccccc1)C(C)OC=O
CCC(C)COC(=O)[C@H](C)N[P@](=O)(OC[C@H]1O[C@@](C#N)(c2ccc3c(N)ncnn23)[C@H](O)[C@@H]1O)Oc1ccccc1.C[S+](CC[C@H](N)C(=O)O)C[C@H]1O[C@@H](n2cnc3c(N)ncnc32)[C@H](O)[C@@H]1O>>CCC(C)C(C)OC(=O)[C@H](C)N[P@](=O)(OC[C@H]1O[C@@](C#N)(c2ccc3c(N)ncnn23)[C@H](O)[C@@H]1O)Oc1ccccc1.Nc1ncnc2c1ncn2[C@@H]1O[C@H](CSCC[C@H](N)C(=O)O)[C@@H](O)[C@H]1O
CCC(CC)COC(=O)[C@H](C)N[P@](=O)(OC[C@H]1O[C@@](C#N)(c2ccc3c(N)ncnn23)[C@H](O)[C@@H]1O)Oc1ccccc1.CCC(CC)COC(=O)[C@H](C)N[P@](=O)(OC[C@H]1O[C@@](C#N)(c2ccc3c(N)ncnn23)[C@H](O)[C@@H]1O)Oc1ccccc1>>CCC(C)COC(=O)[C@H](C)N[P@](=O)(OC[C@H]1O[C@@](C#N)(c2ccc3c(N)ncnn23)[C@H](O)[C@@H]1O)Oc1ccccc1.CCC(CC)COC(=O)[C@H](C)N[P@](=O)(OC[C@H]1O[C@@](C#N)(c2c(C)cc3c(N)ncnn23)[C@H](O)[C@@H]1O)Oc1ccccc1
rule0028_51
rule0043_12
rule0126_2
No_Thermo
No_Thermo
No_Thermo

ranking 25
final score 2.325663257592224
Max reaction enthalpy score 0  x  2  =  0
Number of reactions score 0.0  x  4  =  0.0
By-product score 1.0  x  2  =  2.0
Pathway atom economy score 0.32566325759222386  x  1  =  0.32566325759222386
Salt score 0  x  0  =  0
Reaxys score 0  x  0  =  0
Cool score 0  x  0  =  0
atom economy 0.49424744319416786
pathway by-product 0
intermediate by-product {None: 0}
CCC(C)C(C)OC(=O)[C@H](C)N[P@](=O)(OC[C@H]1O[C@@](C#N)(c2ccc3c(N)ncnn23)[C@H](O)[C@@H]1O)Oc1ccccc1>>CCC(C[C@H](C)N[P@](=O)(OC[C@H]1O[C@@](C#N)(c2ccc3c(N)ncnn23)[C@H](O)[C@@H]1O)Oc1ccccc1)C(C)OC=O
CCC(C)COC(=O)[C@H](C)N[P@](=O)(OC[C@H]1O[C@@](C#N)(c2ccc3c(N)ncnn23)[C@H](O)[C@@H]1O)Oc1ccccc1.C[S+](CC[C@H](N)C(=O)O)C[C@H]1O[C@@H](n2cnc3c(N)ncnc32)[C@H](O)[C@@H]1O>>CCC(C)C(C)OC(=O)[C@H](C)N[P@](=O)(OC[C@H]1O[C@@](C#N)(c2ccc3c(N)ncnn23)[C@H](O)[C@@H]1O)Oc1ccccc1.Nc1ncnc2c1ncn2[C@@H]1O[C@H](CSCC[C@H](N)C(=O)O)[C@@H](O)[C@H]1O
CCC(CC)COC(=O)[C@H](C)N[P@](=O)(OC[C@H]1O[C@@](C#N)(c2ccc3c(N)ncnn23)[C@H](O)[C@@H]1O)Oc1ccccc1.CCC(CC)COC(=O)[C@H](C)N[P@](=O)(OC[C@H]1O[C@@](C#N)(c2ccc3c(N)ncnn23)[C@H](O)[C@@H]1O)Oc1ccccc1>>CCC(C)COC(=O)[C@H](C)N[P@](=O)(OC[C@H]1O[C@@](C#N)(c2ccc3c(N)ncnn23)[C@H](O)[C@@H]1O)Oc1ccccc1.CCC(CC)COC(=O)[C@H](C)N[P@@](=O)(Oc1ccccc1)OC(C)[C@H]1O[C@@](C#N)(c2ccc3c(N)ncnn23)[C@H](O)[C@@H]1O
rule0028_51
rule0043_12
rule0126_2
No_Thermo
No_Thermo
No_Thermo

ranking 26
final score 2.325663257592224
Max reaction enthalpy score 0  x  2  =  0
Number of reactions score 0.0  x  4  =  0.0
By-product score 1.0  x  2  =  2.0
Pathway atom economy score 0.32566325759222386  x  1  =  0.32566325759222386
Salt score 0  x  0  =  0
Reaxys score 0  x  0  =  0
Cool score 0  x  0  =  0
atom economy 0.49424744319416786
pathway by-product 0
intermediate by-product {None: 0}
CCC(C)C(C)OC(=O)[C@H](C)N[P@](=O)(OC[C@H]1O[C@@](C#N)(c2ccc3c(N)ncnn23)[C@H](O)[C@@H]1O)Oc1ccccc1>>CCC(C[C@H](C)N[P@](=O)(OC[C@H]1O[C@@](C#N)(c2ccc3c(N)ncnn23)[C@H](O)[C@@H]1O)Oc1ccccc1)C(C)OC=O
CCC(C)COC(=O)[C@H](C)N[P@](=O)(OC[C@H]1O[C@@](C#N)(c2ccc3c(N)ncnn23)[C@H](O)[C@@H]1O)Oc1ccccc1.C[S+](CC[C@H](N)C(=O)O)C[C@H]1O[C@@H](n2cnc3c(N)ncnc32)[C@H](O)[C@@H]1O>>CCC(C)C(C)OC(=O)[C@H](C)N[P@](=O)(OC[C@H]1O[C@@](C#N)(c2ccc3c(N)ncnn23)[C@H](O)[C@@H]1O)Oc1ccccc1.Nc1ncnc2c1ncn2[C@@H]1O[C@H](CSCC[C@H](N)C(=O)O)[C@@H](O)[C@H]1O
CCC(CC)COC(=O)[C@H](C)N[P@](=O)(OC[C@H]1O[C@@](C#N)(c2ccc3c(N)ncnn23)[C@H](O)[C@@H]1O)Oc1ccccc1.CCC(CC)COC(=O)[C@H](C)N[P@](=O)(OC[C@H]1O[C@@](C#N)(c2ccc3c(N)ncnn23)[C@H](O)[C@@H]1O)Oc1ccccc1>>CCC(C)COC(=O)[C@H](C)N[P@](=O)(OC[C@H]1O[C@@](C#N)(c2ccc3c(N)ncnn23)[C@H](O)[C@@H]1O)Oc1ccccc1.CCC(CC)COC(=O)C(C)(C)N[P@](=O)(OC[C@H]1O[C@@](C#N)(c2ccc3c(N)ncnn23)[C@H](O)[C@@H]1O)Oc1ccccc1
rule0028_51
rule0043_12
rule0126_2
No_Thermo
No_Thermo
No_Thermo

ranking 27
final score 2.325663257592224
Max reaction enthalpy score 0  x  2  =  0
Number of reactions score 0.0  x  4  =  0.0
By-product score 1.0  x  2  =  2.0
Pathway atom economy score 0.32566325759222386  x  1  =  0.32566325759222386
Salt score 0  x  0  =  0
Reaxys score 0  x  0  =  0
Cool score 0  x  0  =  0
atom economy 0.49424744319416786
pathway by-product 0
intermediate by-product {None: 0}
CCC(C)C(C)OC(=O)[C@H](C)N[P@](=O)(OC[C@H]1O[C@@](C#N)(c2ccc3c(N)ncnn23)[C@H](O)[C@@H]1O)Oc1ccccc1>>CCC(C[C@H](C)N[P@](=O)(OC[C@H]1O[C@@](C#N)(c2ccc3c(N)ncnn23)[C@H](O)[C@@H]1O)Oc1ccccc1)C(C)OC=O
CCC(C)COC(=O)[C@H](C)N[P@](=O)(OC[C@H]1O[C@@](C#N)(c2ccc3c(N)ncnn23)[C@H](O)[C@@H]1O)Oc1ccccc1.C[S+](CC[C@H](N)C(=O)O)C[C@H]1O[C@@H](n2cnc3c(N)ncnc32)[C@H](O)[C@@H]1O>>CCC(C)C(C)OC(=O)[C@H](C)N[P@](=O)(OC[C@H]1O[C@@](C#N)(c2ccc3c(N)ncnn23)[C@H](O)[C@@H]1O)Oc1ccccc1.Nc1ncnc2c1ncn2[C@@H]1O[C@H](CSCC[C@H](N)C(=O)O)[C@@H](O)[C@H]1O
CCC(CC)COC(=O)[C@H](C)N[P@](=O)(OC[C@H]1O[C@@](C#N)(c2ccc3c(N)ncnn23)[C@H](O)[C@@H]1O)Oc1ccccc1.CCC(CC)COC(=O)[C@H](C)N[P@](=O)(OC[C@H]1O[C@@](C#N)(c2ccc3c(N)ncnn23)[C@H](O)[C@@H]1O)Oc1ccccc1>>CCC(C)COC(=O)[C@H](C)N[P@](=O)(OC[C@H]1O[C@@](C#N)(c2ccc3c(N)ncnn23)[C@H](O)[C@@H]1O)Oc1ccccc1.CCC(CC)C(C)OC(=O)[C@H](C)N[P@](=O)(OC[C@H]1O[C@@](C#N)(c2ccc3c(N)ncnn23)[C@H](O)[C@@H]1O)Oc1ccccc1
rule0028_51
rule0043_12
rule0126_2
No_Thermo
No_Thermo
No_Thermo

ranking 28
final score 2.325663257592224
Max reaction enthalpy score 0  x  2  =  0
Number of reactions score 0.0  x  4  =  0.0
By-product score 1.0  x  2  =  2.0
Pathway atom economy score 0.32566325759222386  x  1  =  0.32566325759222386
Salt score 0  x  0  =  0
Reaxys score 0  x  0  =  0
Cool score 0  x  0  =  0
atom economy 0.49424744319416786
pathway by-product 0
intermediate by-product {None: 0}
CCC(C)C(C)OC(=O)[C@H](C)N[P@](=O)(OC[C@H]1O[C@@](C#N)(c2ccc3c(N)ncnn23)[C@H](O)[C@@H]1O)Oc1ccccc1>>CCC(C[C@H](C)N[P@](=O)(OC[C@H]1O[C@@](C#N)(c2ccc3c(N)ncnn23)[C@H](O)[C@@H]1O)Oc1ccccc1)C(C)OC=O
CCC(C)COC(=O)[C@H](C)N[P@](=O)(OC[C@H]1O[C@@](C#N)(c2ccc3c(N)ncnn23)[C@H](O)[C@@H]1O)Oc1ccccc1.C[S+](CC[C@H](N)C(=O)O)C[C@H]1O[C@@H](n2cnc3c(N)ncnc32)[C@H](O)[C@@H]1O>>CCC(C)C(C)OC(=O)[C@H](C)N[P@](=O)(OC[C@H]1O[C@@](C#N)(c2ccc3c(N)ncnn23)[C@H](O)[C@@H]1O)Oc1ccccc1.Nc1ncnc2c1ncn2[C@@H]1O[C@H](CSCC[C@H](N)C(=O)O)[C@@H](O)[C@H]1O
CCC(CC)COC(=O)[C@H](C)N[P@](=O)(OC[C@H]1O[C@@](C#N)(c2ccc3c(N)ncnn23)[C@H](O)[C@@H]1O)Oc1ccccc1.CCC(CC)COC(=O)[C@H](C)N[P@](=O)(OC[C@H]1O[C@@](C#N)(c2ccc3c(N)ncnn23)[C@H](O)[C@@H]1O)Oc1ccccc1>>CCC(C)(CC)COC(=O)[C@H](C)N[P@](=O)(OC[C@H]1O[C@@](C#N)(c2ccc3c(N)ncnn23)[C@H](O)[C@@H]1O)Oc1ccccc1.CCC(C)COC(=O)[C@H](C)N[P@](=O)(OC[C@H]1O[C@@](C#N)(c2ccc3c(N)ncnn23)[C@H](O)[C@@H]1O)Oc1ccccc1
rule0028_51
rule0043_12
rule0126_2
No_Thermo
No_Thermo
No_Thermo

ranking 29
final score 2.325663257592224
Max reaction enthalpy score 0  x  2  =  0
Number of reactions score 0.0  x  4  =  0.0
By-product score 1.0  x  2  =  2.0
Pathway atom economy score 0.32566325759222386  x  1  =  0.32566325759222386
Salt score 0  x  0  =  0
Reaxys score 0  x  0  =  0
Cool score 0  x  0  =  0
atom economy 0.49424744319416786
pathway by-product 0
intermediate by-product {None: 0}
CCC(C)C(C)OC(=O)[C@H](C)N[P@](=O)(OC[C@H]1O[C@@](C#N)(c2ccc3c(N)ncnn23)[C@H](O)[C@@H]1O)Oc1ccccc1>>CCC(C[C@H](C)N[P@](=O)(OC[C@H]1O[C@@](C#N)(c2ccc3c(N)ncnn23)[C@H](O)[C@@H]1O)Oc1ccccc1)C(C)OC=O
CCC(C)COC(=O)[C@H](C)N[P@](=O)(OC[C@H]1O[C@@](C#N)(c2ccc3c(N)ncnn23)[C@H](O)[C@@H]1O)Oc1ccccc1.C[S+](CC[C@H](N)C(=O)O)C[C@H]1O[C@@H](n2cnc3c(N)ncnc32)[C@H](O)[C@@H]1O>>CCC(C)C(C)OC(=O)[C@H](C)N[P@](=O)(OC[C@H]1O[C@@](C#N)(c2ccc3c(N)ncnn23)[C@H](O)[C@@H]1O)Oc1ccccc1.Nc1ncnc2c1ncn2[C@@H]1O[C@H](CSCC[C@H](N)C(=O)O)[C@@H](O)[C@H]1O
CCC(CC)COC(=O)[C@H](C)N[P@](=O)(OC[C@H]1O[C@@](C#N)(c2ccc3c(N)ncnn23)[C@H](O)[C@@H]1O)Oc1ccccc1.CCC(CC)COC(=O)[C@H](C)N[P@](=O)(OC[C@H]1O[C@@](C#N)(c2ccc3c(N)ncnn23)[C@H](O)[C@@H]1O)Oc1ccccc1>>CCC(C)COC(=O)[C@H](C)N[P@](=O)(OC[C@H]1O[C@@](C#N)(c2ccc3c(N)ncnn23)[C@H](O)[C@@H]1O)Oc1ccccc1.CCC(CC)COC(=O)[C@H](CC)N[P@](=O)(OC[C@H]1O[C@@](C#N)(c2ccc3c(N)ncnn23)[C@H](O)[C@@H]1O)Oc1ccccc1
rule0028_51
rule0043_12
rule0126_1
No_Thermo
No_Thermo
No_Thermo

ranking 30
final score 2.3181676645929694
Max reaction enthalpy score 0  x  2  =  0
Number of reactions score 0.0  x  4  =  0.0
By-product score 1.0  x  2  =  2.0
Pathway atom economy score 0.31816766459296925  x  1  =  0.31816766459296925
Salt score 0  x  0  =  0
Reaxys score 0  x  0  =  0
Cool score 0  x  0  =  0
atom economy 0.4886257484447269
pathway by-product 0
intermediate by-product {None: 0}
CCC(C)C(C)OC(=O)[C@H](C)N[P@](=O)(OC[C@H]1O[C@@](C#N)(c2ccc3c(N)ncnn23)[C@H](O)[C@@H]1O)Oc1ccccc1>>CCC(C[C@H](C)N[P@](=O)(OC[C@H]1O[C@@](C#N)(c2ccc3c(N)ncnn23)[C@H](O)[C@@H]1O)Oc1ccccc1)C(C)OC=O
CCC(CC)C(C)OC(=O)[C@H](C)N[P@](=O)(OC[C@H]1O[C@@](C#N)(c2ccc3c(N)ncnn23)[C@H](O)[C@@H]1O)Oc1ccccc1.CCC(CC)C(C)OC(=O)[C@H](C)N[P@](=O)(OC[C@H]1O[C@@](C#N)(c2ccc3c(N)ncnn23)[C@H](O)[C@@H]1O)Oc1ccccc1>>CCC(C)C(C)OC(=O)[C@H](C)N[P@](=O)(OC[C@H]1O[C@@](C#N)(c2ccc3c(N)ncnn23)[C@H](O)[C@@H]1O)Oc1ccccc1.CCCC(CC)C(C)OC(=O)[C@H](C)N[P@](=O)(OC[C@H]1O[C@@](C#N)(c2ccc3c(N)ncnn23)[C@H](O)[C@@H]1O)Oc1ccccc1
CCC(CC)COC(=O)[C@H](C)N[P@](=O)(OC[C@H]1O[C@@](C#N)(c2ccc3c(N)ncnn23)[C@H](O)[C@@H]1O)Oc1ccccc1.C[S+](CC[C@H](N)C(=O)O)C[C@H]1O[C@@H](n2cnc3c(N)ncnc32)[C@H](O)[C@@H]1O>>CCC(CC)C(C)OC(=O)[C@H](C)N[P@](=O)(OC[C@H]1O[C@@](C#N)(c2ccc3c(N)ncnn23)[C@H](O)[C@@H]1O)Oc1ccccc1.Nc1ncnc2c1ncn2[C@@H]1O[C@H](CSCC[C@H](N)C(=O)O)[C@@H](O)[C@H]1O
rule0028_51
rule0126_2
rule0043_12
No_Thermo
No_Thermo
No_Thermo

ranking 31
final score 2.3181676645929694
Max reaction enthalpy score 0  x  2  =  0
Number of reactions score 0.0  x  4  =  0.0
By-product score 1.0  x  2  =  2.0
Pathway atom economy score 0.31816766459296925  x  1  =  0.31816766459296925
Salt score 0  x  0  =  0
Reaxys score 0  x  0  =  0
Cool score 0  x  0  =  0
atom economy 0.4886257484447269
pathway by-product 0
intermediate by-product {None: 0}
CCC(C)C(C)OC(=O)[C@H](C)N[P@](=O)(OC[C@H]1O[C@@](C#N)(c2ccc3c(N)ncnn23)[C@H](O)[C@@H]1O)Oc1ccccc1>>CCC(C[C@H](C)N[P@](=O)(OC[C@H]1O[C@@](C#N)(c2ccc3c(N)ncnn23)[C@H](O)[C@@H]1O)Oc1ccccc1)C(C)OC=O
CCC(CC)C(C)OC(=O)[C@H](C)N[P@](=O)(OC[C@H]1O[C@@](C#N)(c2ccc3c(N)ncnn23)[C@H](O)[C@@H]1O)Oc1ccccc1.CCC(CC)C(C)OC(=O)[C@H](C)N[P@](=O)(OC[C@H]1O[C@@](C#N)(c2ccc3c(N)ncnn23)[C@H](O)[C@@H]1O)Oc1ccccc1>>CCC(C)C(C)OC(=O)[C@H](C)N[P@](=O)(OC[C@H]1O[C@@](C#N)(c2ccc3c(N)ncnn23)[C@H](O)[C@@H]1O)Oc1ccccc1.CCC(CC)C(CC)OC(=O)[C@H](C)N[P@](=O)(OC[C@H]1O[C@@](C#N)(c2ccc3c(N)ncnn23)[C@H](O)[C@@H]1O)Oc1ccccc1
CCC(CC)COC(=O)[C@H](C)N[P@](=O)(OC[C@H]1O[C@@](C#N)(c2ccc3c(N)ncnn23)[C@H](O)[C@@H]1O)Oc1ccccc1.C[S+](CC[C@H](N)C(=O)O)C[C@H]1O[C@@H](n2cnc3c(N)ncnc32)[C@H](O)[C@@H]1O>>CCC(CC)C(C)OC(=O)[C@H](C)N[P@](=O)(OC[C@H]1O[C@@](C#N)(c2ccc3c(N)ncnn23)[C@H](O)[C@@H]1O)Oc1ccccc1.Nc1ncnc2c1ncn2[C@@H]1O[C@H](CSCC[C@H](N)C(=O)O)[C@@H](O)[C@H]1O
rule0028_51
rule0126_2
rule0043_12
No_Thermo
No_Thermo
No_Thermo

ranking 32
final score 2.3181676645929694
Max reaction enthalpy score 0  x  2  =  0
Number of reactions score 0.0  x  4  =  0.0
By-product score 1.0  x  2  =  2.0
Pathway atom economy score 0.31816766459296925  x  1  =  0.31816766459296925
Salt score 0  x  0  =  0
Reaxys score 0  x  0  =  0
Cool score 0  x  0  =  0
atom economy 0.4886257484447269
pathway by-product 0
intermediate by-product {None: 0}
CCC(C)C(C)OC(=O)[C@H](C)N[P@](=O)(OC[C@H]1O[C@@](C#N)(c2ccc3c(N)ncnn23)[C@H](O)[C@@H]1O)Oc1ccccc1>>CCC(C[C@H](C)N[P@](=O)(OC[C@H]1O[C@@](C#N)(c2ccc3c(N)ncnn23)[C@H](O)[C@@H]1O)Oc1ccccc1)C(C)OC=O
CCC(CC)C(C)OC(=O)[C@H](C)N[P@](=O)(OC[C@H]1O[C@@](C#N)(c2ccc3c(N)ncnn23)[C@H](O)[C@@H]1O)Oc1ccccc1.CCC(CC)C(C)OC(=O)[C@H](C)N[P@](=O)(OC[C@H]1O[C@@](C#N)(c2ccc3c(N)ncnn23)[C@H](O)[C@@H]1O)Oc1ccccc1>>CCC(C)C(C)OC(=O)[C@H](C)N[P@](=O)(OC[C@H]1O[C@@](C#N)(c2ccc3c(N)ncnn23)[C@H](O)[C@@H]1O)Oc1ccccc1.CCC(CC)C(C)OC(=O)[C@H](C)N[P@](=O)(OC[C@]1(C)O[C@@](C#N)(c2ccc3c(N)ncnn23)[C@H](O)[C@@H]1O)Oc1ccccc1
CCC(CC)COC(=O)[C@H](C)N[P@](=O)(OC[C@H]1O[C@@](C#N)(c2ccc3c(N)ncnn23)[C@H](O)[C@@H]1O)Oc1ccccc1.C[S+](CC[C@H](N)C(=O)O)C[C@H]1O[C@@H](n2cnc3c(N)ncnc32)[C@H](O)[C@@H]1O>>CCC(CC)C(C)OC(=O)[C@H](C)N[P@](=O)(OC[C@H]1O[C@@](C#N)(c2ccc3c(N)ncnn23)[C@H](O)[C@@H]1O)Oc1ccccc1.Nc1ncnc2c1ncn2[C@@H]1O[C@H](CSCC[C@H](N)C(=O)O)[C@@H](O)[C@H]1O
rule0028_51
rule0126_2
rule0043_12
No_Thermo
No_Thermo
No_Thermo

ranking 33
final score 2.3181676645929694
Max reaction enthalpy score 0  x  2  =  0
Number of reactions score 0.0  x  4  =  0.0
By-product score 1.0  x  2  =  2.0
Pathway atom economy score 0.31816766459296925  x  1  =  0.31816766459296925
Salt score 0  x  0  =  0
Reaxys score 0  x  0  =  0
Cool score 0  x  0  =  0
atom economy 0.4886257484447269
pathway by-product 0
intermediate by-product {None: 0}
CCC(C)C(C)OC(=O)[C@H](C)N[P@](=O)(OC[C@H]1O[C@@](C#N)(c2ccc3c(N)ncnn23)[C@H](O)[C@@H]1O)Oc1ccccc1>>CCC(C[C@H](C)N[P@](=O)(OC[C@H]1O[C@@](C#N)(c2ccc3c(N)ncnn23)[C@H](O)[C@@H]1O)Oc1ccccc1)C(C)OC=O
CCC(CC)C(C)OC(=O)[C@H](C)N[P@](=O)(OC[C@H]1O[C@@](C#N)(c2ccc3c(N)ncnn23)[C@H](O)[C@@H]1O)Oc1ccccc1.CCC(CC)C(C)OC(=O)[C@H](C)N[P@](=O)(OC[C@H]1O[C@@](C#N)(c2ccc3c(N)ncnn23)[C@H](O)[C@@H]1O)Oc1ccccc1>>CCC(C)C(C)OC(=O)[C@H](C)N[P@](=O)(OC[C@H]1O[C@@](C#N)(c2ccc3c(N)ncnn23)[C@H](O)[C@@H]1O)Oc1ccccc1.CCC(CC)C(C)OC(=O)[C@H](C)N[P@](=O)(OC[C@H]1O[C@@](C#N)(c2ccc3c(N)ncnn23)[C@H](O)[C@@]1(C)O)Oc1ccccc1
CCC(CC)COC(=O)[C@H](C)N[P@](=O)(OC[C@H]1O[C@@](C#N)(c2ccc3c(N)ncnn23)[C@H](O)[C@@H]1O)Oc1ccccc1.C[S+](CC[C@H](N)C(=O)O)C[C@H]1O[C@@H](n2cnc3c(N)ncnc32)[C@H](O)[C@@H]1O>>CCC(CC)C(C)OC(=O)[C@H](C)N[P@](=O)(OC[C@H]1O[C@@](C#N)(c2ccc3c(N)ncnn23)[C@H](O)[C@@H]1O)Oc1ccccc1.Nc1ncnc2c1ncn2[C@@H]1O[C@H](CSCC[C@H](N)C(=O)O)[C@@H](O)[C@H]1O
rule0028_51
rule0126_2
rule0043_12
No_Thermo
No_Thermo
No_Thermo

ranking 34
final score 2.3181676645929694
Max reaction enthalpy score 0  x  2  =  0
Number of reactions score 0.0  x  4  =  0.0
By-product score 1.0  x  2  =  2.0
Pathway atom economy score 0.31816766459296936  x  1  =  0.31816766459296936
Salt score 0  x  0  =  0
Reaxys score 0  x  0  =  0
Cool score 0  x  0  =  0
atom economy 0.48862574844472695
pathway by-product 0
intermediate by-product {None: 0}
CCC(C)C(C)OC(=O)[C@H](C)N[P@](=O)(OC[C@H]1O[C@@](C#N)(c2ccc3c(N)ncnn23)[C@H](O)[C@@H]1O)Oc1ccccc1>>CCC(C[C@H](C)N[P@](=O)(OC[C@H]1O[C@@](C#N)(c2ccc3c(N)ncnn23)[C@H](O)[C@@H]1O)Oc1ccccc1)C(C)OC=O
CCC(CC)C(C)OC(=O)[C@H](C)N[P@](=O)(OC[C@H]1O[C@@](C#N)(c2ccc3c(N)ncnn23)[C@H](O)[C@@H]1O)Oc1ccccc1.CCC(CC)C(C)OC(=O)[C@H](C)N[P@](=O)(OC[C@H]1O[C@@](C#N)(c2ccc3c(N)ncnn23)[C@H](O)[C@@H]1O)Oc1ccccc1>>CCC(C)C(C)OC(=O)[C@H](C)N[P@](=O)(OC[C@H]1O[C@@](C#N)(c2ccc3c(N)ncnn23)[C@H](O)[C@@H]1O)Oc1ccccc1.CCC(CC)C(C)OC(=O)[C@H](C)N[P@](=O)(OC[C@H]1O[C@@](C#N)(c2ccc3c(N)ncnn23)[C@H](O)[C@@H]1O)Oc1ccccc1C
CCC(CC)COC(=O)[C@H](C)N[P@](=O)(OC[C@H]1O[C@@](C#N)(c2ccc3c(N)ncnn23)[C@H](O)[C@@H]1O)Oc1ccccc1.C[S+](CC[C@H](N)C(=O)O)C[C@H]1O[C@@H](n2cnc3c(N)ncnc32)[C@H](O)[C@@H]1O>>CCC(CC)C(C)OC(=O)[C@H](C)N[P@](=O)(OC[C@H]1O[C@@](C#N)(c2ccc3c(N)ncnn23)[C@H](O)[C@@H]1O)Oc1ccccc1.Nc1ncnc2c1ncn2[C@@H]1O[C@H](CSCC[C@H](N)C(=O)O)[C@@H](O)[C@H]1O
rule0028_51
rule0126_2
rule0043_12
No_Thermo
No_Thermo
No_Thermo

ranking 35
final score 2.3181676645929694
Max reaction enthalpy score 0  x  2  =  0
Number of reactions score 0.0  x  4  =  0.0
By-product score 1.0  x  2  =  2.0
Pathway atom economy score 0.31816766459296936  x  1  =  0.31816766459296936
Salt score 0  x  0  =  0
Reaxys score 0  x  0  =  0
Cool score 0  x  0  =  0
atom economy 0.48862574844472695
pathway by-product 0
intermediate by-product {None: 0}
CCC(C)C(C)OC(=O)[C@H](C)N[P@](=O)(OC[C@H]1O[C@@](C#N)(c2ccc3c(N)ncnn23)[C@H](O)[C@@H]1O)Oc1ccccc1>>CCC(C[C@H](C)N[P@](=O)(OC[C@H]1O[C@@](C#N)(c2ccc3c(N)ncnn23)[C@H](O)[C@@H]1O)Oc1ccccc1)C(C)OC=O
CCC(CC)C(C)OC(=O)[C@H](C)N[P@](=O)(OC[C@H]1O[C@@](C#N)(c2ccc3c(N)ncnn23)[C@H](O)[C@@H]1O)Oc1ccccc1.CCC(CC)C(C)OC(=O)[C@H](C)N[P@](=O)(OC[C@H]1O[C@@](C#N)(c2ccc3c(N)ncnn23)[C@H](O)[C@@H]1O)Oc1ccccc1>>CCC(C)C(C)OC(=O)[C@H](C)N[P@](=O)(OC[C@H]1O[C@@](C#N)(c2ccc3c(N)ncnn23)[C@H](O)[C@@H]1O)Oc1ccccc1.CCC(CC)C(C)OC(=O)[C@H](C)N[P@](=O)(OC[C@H]1O[C@@](C#N)(c2ccc3c(N)ncnn23)[C@H](O)[C@@H]1O)Oc1cccc(C)c1
CCC(CC)COC(=O)[C@H](C)N[P@](=O)(OC[C@H]1O[C@@](C#N)(c2ccc3c(N)ncnn23)[C@H](O)[C@@H]1O)Oc1ccccc1.C[S+](CC[C@H](N)C(=O)O)C[C@H]1O[C@@H](n2cnc3c(N)ncnc32)[C@H](O)[C@@H]1O>>CCC(CC)C(C)OC(=O)[C@H](C)N[P@](=O)(OC[C@H]1O[C@@](C#N)(c2ccc3c(N)ncnn23)[C@H](O)[C@@H]1O)Oc1ccccc1.Nc1ncnc2c1ncn2[C@@H]1O[C@H](CSCC[C@H](N)C(=O)O)[C@@H](O)[C@H]1O
rule0028_51
rule0126_2
rule0043_12
No_Thermo
No_Thermo
No_Thermo

ranking 36
final score 2.3181676645929694
Max reaction enthalpy score 0  x  2  =  0
Number of reactions score 0.0  x  4  =  0.0
By-product score 1.0  x  2  =  2.0
Pathway atom economy score 0.31816766459296936  x  1  =  0.31816766459296936
Salt score 0  x  0  =  0
Reaxys score 0  x  0  =  0
Cool score 0  x  0  =  0
atom economy 0.48862574844472695
pathway by-product 0
intermediate by-product {None: 0}
CCC(C)C(C)OC(=O)[C@H](C)N[P@](=O)(OC[C@H]1O[C@@](C#N)(c2ccc3c(N)ncnn23)[C@H](O)[C@@H]1O)Oc1ccccc1>>CCC(C[C@H](C)N[P@](=O)(OC[C@H]1O[C@@](C#N)(c2ccc3c(N)ncnn23)[C@H](O)[C@@H]1O)Oc1ccccc1)C(C)OC=O
CCC(CC)C(C)OC(=O)[C@H](C)N[P@](=O)(OC[C@H]1O[C@@](C#N)(c2ccc3c(N)ncnn23)[C@H](O)[C@@H]1O)Oc1ccccc1.CCC(CC)C(C)OC(=O)[C@H](C)N[P@](=O)(OC[C@H]1O[C@@](C#N)(c2ccc3c(N)ncnn23)[C@H](O)[C@@H]1O)Oc1ccccc1>>CCC(C)C(C)OC(=O)[C@H](C)N[P@](=O)(OC[C@H]1O[C@@](C#N)(c2ccc3c(N)ncnn23)[C@H](O)[C@@H]1O)Oc1ccccc1.CCC(CC)C(C)OC(=O)[C@H](C)N[P@](=O)(OC[C@H]1O[C@@](C#N)(c2ccc3c(N)ncnn23)[C@H](O)[C@@H]1O)Oc1ccc(C)cc1
CCC(CC)COC(=O)[C@H](C)N[P@](=O)(OC[C@H]1O[C@@](C#N)(c2ccc3c(N)ncnn23)[C@H](O)[C@@H]1O)Oc1ccccc1.C[S+](CC[C@H](N)C(=O)O)C[C@H]1O[C@@H](n2cnc3c(N)ncnc32)[C@H](O)[C@@H]1O>>CCC(CC)C(C)OC(=O)[C@H](C)N[P@](=O)(OC[C@H]1O[C@@](C#N)(c2ccc3c(N)ncnn23)[C@H](O)[C@@H]1O)Oc1ccccc1.Nc1ncnc2c1ncn2[C@@H]1O[C@H](CSCC[C@H](N)C(=O)O)[C@@H](O)[C@H]1O
rule0028_51
rule0126_2
rule0043_12
No_Thermo
No_Thermo
No_Thermo

ranking 37
final score 2.3181676645929694
Max reaction enthalpy score 0  x  2  =  0
Number of reactions score 0.0  x  4  =  0.0
By-product score 1.0  x  2  =  2.0
Pathway atom economy score 0.31816766459296925  x  1  =  0.31816766459296925
Salt score 0  x  0  =  0
Reaxys score 0  x  0  =  0
Cool score 0  x  0  =  0
atom economy 0.4886257484447269
pathway by-product 0
intermediate by-product {None: 0}
CCC(C)C(C)OC(=O)[C@H](C)N[P@](=O)(OC[C@H]1O[C@@](C#N)(c2ccc3c(N)ncnn23)[C@H](O)[C@@H]1O)Oc1ccccc1>>CCC(C[C@H](C)N[P@](=O)(OC[C@H]1O[C@@](C#N)(c2ccc3c(N)ncnn23)[C@H](O)[C@@H]1O)Oc1ccccc1)C(C)OC=O
CCC(CC)C(C)OC(=O)[C@H](C)N[P@](=O)(OC[C@H]1O[C@@](C#N)(c2ccc3c(N)ncnn23)[C@H](O)[C@@H]1O)Oc1ccccc1.CCC(CC)C(C)OC(=O)[C@H](C)N[P@](=O)(OC[C@H]1O[C@@](C#N)(c2ccc3c(N)ncnn23)[C@H](O)[C@@H]1O)Oc1ccccc1>>CCC(C)C(C)OC(=O)[C@H](C)N[P@](=O)(OC[C@H]1O[C@@](C#N)(c2ccc3c(N)ncnn23)[C@H](O)[C@@H]1O)Oc1ccccc1.CCC(CC)C(C)OC(=O)[C@H](C)N[P@](=O)(OC[C@H]1O[C@@](C#N)(c2ccc3c(N)ncnn23)[C@@](C)(O)[C@@H]1O)Oc1ccccc1
CCC(CC)COC(=O)[C@H](C)N[P@](=O)(OC[C@H]1O[C@@](C#N)(c2ccc3c(N)ncnn23)[C@H](O)[C@@H]1O)Oc1ccccc1.C[S+](CC[C@H](N)C(=O)O)C[C@H]1O[C@@H](n2cnc3c(N)ncnc32)[C@H](O)[C@@H]1O>>CCC(CC)C(C)OC(=O)[C@H](C)N[P@](=O)(OC[C@H]1O[C@@](C#N)(c2ccc3c(N)ncnn23)[C@H](O)[C@@H]1O)Oc1ccccc1.Nc1ncnc2c1ncn2[C@@H]1O[C@H](CSCC[C@H](N)C(=O)O)[C@@H](O)[C@H]1O
rule0028_51
rule0126_2
rule0043_12
No_Thermo
No_Thermo
No_Thermo

ranking 38
final score 2.3181676645929694
Max reaction enthalpy score 0  x  2  =  0
Number of reactions score 0.0  x  4  =  0.0
By-product score 1.0  x  2  =  2.0
Pathway atom economy score 0.31816766459296925  x  1  =  0.31816766459296925
Salt score 0  x  0  =  0
Reaxys score 0  x  0  =  0
Cool score 0  x  0  =  0
atom economy 0.4886257484447269
pathway by-product 0
intermediate by-product {None: 0}
CCC(C)C(C)OC(=O)[C@H](C)N[P@](=O)(OC[C@H]1O[C@@](C#N)(c2ccc3c(N)ncnn23)[C@H](O)[C@@H]1O)Oc1ccccc1>>CCC(C[C@H](C)N[P@](=O)(OC[C@H]1O[C@@](C#N)(c2ccc3c(N)ncnn23)[C@H](O)[C@@H]1O)Oc1ccccc1)C(C)OC=O
CCC(CC)C(C)OC(=O)[C@H](C)N[P@](=O)(OC[C@H]1O[C@@](C#N)(c2ccc3c(N)ncnn23)[C@H](O)[C@@H]1O)Oc1ccccc1.CCC(CC)C(C)OC(=O)[C@H](C)N[P@](=O)(OC[C@H]1O[C@@](C#N)(c2ccc3c(N)ncnn23)[C@H](O)[C@@H]1O)Oc1ccccc1>>CCC(C)C(C)OC(=O)[C@H](C)N[P@](=O)(OC[C@H]1O[C@@](C#N)(c2ccc3c(N)ncnn23)[C@H](O)[C@@H]1O)Oc1ccccc1.CCC(CC)C(C)OC(=O)[C@H](C)N[P@](=O)(OC[C@H]1O[C@@](C#N)(c2ccc3c(N)nc(C)nn23)[C@H](O)[C@@H]1O)Oc1ccccc1
CCC(CC)COC(=O)[C@H](C)N[P@](=O)(OC[C@H]1O[C@@](C#N)(c2ccc3c(N)ncnn23)[C@H](O)[C@@H]1O)Oc1ccccc1.C[S+](CC[C@H](N)C(=O)O)C[C@H]1O[C@@H](n2cnc3c(N)ncnc32)[C@H](O)[C@@H]1O>>CCC(CC)C(C)OC(=O)[C@H](C)N[P@](=O)(OC[C@H]1O[C@@](C#N)(c2ccc3c(N)ncnn23)[C@H](O)[C@@H]1O)Oc1ccccc1.Nc1ncnc2c1ncn2[C@@H]1O[C@H](CSCC[C@H](N)C(=O)O)[C@@H](O)[C@H]1O
rule0028_51
rule0126_2
rule0043_12
No_Thermo
No_Thermo
No_Thermo

ranking 39
final score 2.3181676645929694
Max reaction enthalpy score 0  x  2  =  0
Number of reactions score 0.0  x  4  =  0.0
By-product score 1.0  x  2  =  2.0
Pathway atom economy score 0.31816766459296925  x  1  =  0.31816766459296925
Salt score 0  x  0  =  0
Reaxys score 0  x  0  =  0
Cool score 0  x  0  =  0
atom economy 0.4886257484447269
pathway by-product 0
intermediate by-product {None: 0}
CCC(C)C(C)OC(=O)[C@H](C)N[P@](=O)(OC[C@H]1O[C@@](C#N)(c2ccc3c(N)ncnn23)[C@H](O)[C@@H]1O)Oc1ccccc1>>CCC(C[C@H](C)N[P@](=O)(OC[C@H]1O[C@@](C#N)(c2ccc3c(N)ncnn23)[C@H](O)[C@@H]1O)Oc1ccccc1)C(C)OC=O
CCC(CC)C(C)OC(=O)[C@H](C)N[P@](=O)(OC[C@H]1O[C@@](C#N)(c2ccc3c(N)ncnn23)[C@H](O)[C@@H]1O)Oc1ccccc1.CCC(CC)C(C)OC(=O)[C@H](C)N[P@](=O)(OC[C@H]1O[C@@](C#N)(c2ccc3c(N)ncnn23)[C@H](O)[C@@H]1O)Oc1ccccc1>>CCC(C)C(C)OC(=O)[C@H](C)N[P@](=O)(OC[C@H]1O[C@@](C#N)(c2ccc3c(N)ncnn23)[C@H](O)[C@@H]1O)Oc1ccccc1.CCC(CC)C(C)OC(=O)[C@H](C)N[P@](=O)(OC[C@H]1O[C@@](C#N)(c2cc(C)c3c(N)ncnn23)[C@H](O)[C@@H]1O)Oc1ccccc1
CCC(CC)COC(=O)[C@H](C)N[P@](=O)(OC[C@H]1O[C@@](C#N)(c2ccc3c(N)ncnn23)[C@H](O)[C@@H]1O)Oc1ccccc1.C[S+](CC[C@H](N)C(=O)O)C[C@H]1O[C@@H](n2cnc3c(N)ncnc32)[C@H](O)[C@@H]1O>>CCC(CC)C(C)OC(=O)[C@H](C)N[P@](=O)(OC[C@H]1O[C@@](C#N)(c2ccc3c(N)ncnn23)[C@H](O)[C@@H]1O)Oc1ccccc1.Nc1ncnc2c1ncn2[C@@H]1O[C@H](CSCC[C@H](N)C(=O)O)[C@@H](O)[C@H]1O
rule0028_51
rule0126_2
rule0043_12
No_Thermo
No_Thermo
No_Thermo

ranking 40
final score 2.3181676645929694
Max reaction enthalpy score 0  x  2  =  0
Number of reactions score 0.0  x  4  =  0.0
By-product score 1.0  x  2  =  2.0
Pathway atom economy score 0.31816766459296925  x  1  =  0.31816766459296925
Salt score 0  x  0  =  0
Reaxys score 0  x  0  =  0
Cool score 0  x  0  =  0
atom economy 0.4886257484447269
pathway by-product 0
intermediate by-product {None: 0}
CCC(C)C(C)OC(=O)[C@H](C)N[P@](=O)(OC[C@H]1O[C@@](C#N)(c2ccc3c(N)ncnn23)[C@H](O)[C@@H]1O)Oc1ccccc1>>CCC(C[C@H](C)N[P@](=O)(OC[C@H]1O[C@@](C#N)(c2ccc3c(N)ncnn23)[C@H](O)[C@@H]1O)Oc1ccccc1)C(C)OC=O
CCC(CC)C(C)OC(=O)[C@H](C)N[P@](=O)(OC[C@H]1O[C@@](C#N)(c2ccc3c(N)ncnn23)[C@H](O)[C@@H]1O)Oc1ccccc1.CCC(CC)C(C)OC(=O)[C@H](C)N[P@](=O)(OC[C@H]1O[C@@](C#N)(c2ccc3c(N)ncnn23)[C@H](O)[C@@H]1O)Oc1ccccc1>>CCC(C)C(C)OC(=O)[C@H](C)N[P@](=O)(OC[C@H]1O[C@@](C#N)(c2ccc3c(N)ncnn23)[C@H](O)[C@@H]1O)Oc1ccccc1.CCC(CC)C(C)OC(=O)[C@H](C)N[P@](=O)(OC[C@H]1O[C@@](C#N)(c2c(C)cc3c(N)ncnn23)[C@H](O)[C@@H]1O)Oc1ccccc1
CCC(CC)COC(=O)[C@H](C)N[P@](=O)(OC[C@H]1O[C@@](C#N)(c2ccc3c(N)ncnn23)[C@H](O)[C@@H]1O)Oc1ccccc1.C[S+](CC[C@H](N)C(=O)O)C[C@H]1O[C@@H](n2cnc3c(N)ncnc32)[C@H](O)[C@@H]1O>>CCC(CC)C(C)OC(=O)[C@H](C)N[P@](=O)(OC[C@H]1O[C@@](C#N)(c2ccc3c(N)ncnn23)[C@H](O)[C@@H]1O)Oc1ccccc1.Nc1ncnc2c1ncn2[C@@H]1O[C@H](CSCC[C@H](N)C(=O)O)[C@@H](O)[C@H]1O
rule0028_51
rule0126_2
rule0043_12
No_Thermo
No_Thermo
No_Thermo

ranking 41
final score 2.3181676645929694
Max reaction enthalpy score 0  x  2  =  0
Number of reactions score 0.0  x  4  =  0.0
By-product score 1.0  x  2  =  2.0
Pathway atom economy score 0.31816766459296947  x  1  =  0.31816766459296947
Salt score 0  x  0  =  0
Reaxys score 0  x  0  =  0
Cool score 0  x  0  =  0
atom economy 0.48862574844472706
pathway by-product 0
intermediate by-product {None: 0}
CCC(C)C(C)OC(=O)[C@H](C)N[P@](=O)(OC[C@H]1O[C@@](C#N)(c2ccc3c(N)ncnn23)[C@H](O)[C@@H]1O)Oc1ccccc1>>CCC(C[C@H](C)N[P@](=O)(OC[C@H]1O[C@@](C#N)(c2ccc3c(N)ncnn23)[C@H](O)[C@@H]1O)Oc1ccccc1)C(C)OC=O
CCC(CC)C(C)OC(=O)[C@H](C)N[P@](=O)(OC[C@H]1O[C@@](C#N)(c2ccc3c(N)ncnn23)[C@H](O)[C@@H]1O)Oc1ccccc1.CCC(CC)C(C)OC(=O)[C@H](C)N[P@](=O)(OC[C@H]1O[C@@](C#N)(c2ccc3c(N)ncnn23)[C@H](O)[C@@H]1O)Oc1ccccc1>>CCC(C)C(C)OC(=O)[C@H](C)N[P@](=O)(OC[C@H]1O[C@@](C#N)(c2ccc3c(N)ncnn23)[C@H](O)[C@@H]1O)Oc1ccccc1.CCC(CC)C(C)OC(=O)[C@H](C)N[P@@](=O)(Oc1ccccc1)OC(C)[C@H]1O[C@@](C#N)(c2ccc3c(N)ncnn23)[C@H](O)[C@@H]1O
CCC(CC)COC(=O)[C@H](C)N[P@](=O)(OC[C@H]1O[C@@](C#N)(c2ccc3c(N)ncnn23)[C@H](O)[C@@H]1O)Oc1ccccc1.C[S+](CC[C@H](N)C(=O)O)C[C@H]1O[C@@H](n2cnc3c(N)ncnc32)[C@H](O)[C@@H]1O>>CCC(CC)C(C)OC(=O)[C@H](C)N[P@](=O)(OC[C@H]1O[C@@](C#N)(c2ccc3c(N)ncnn23)[C@H](O)[C@@H]1O)Oc1ccccc1.Nc1ncnc2c1ncn2[C@@H]1O[C@H](CSCC[C@H](N)C(=O)O)[C@@H](O)[C@H]1O
rule0028_51
rule0126_2
rule0043_12
No_Thermo
No_Thermo
No_Thermo

ranking 42
final score 2.3181676645929694
Max reaction enthalpy score 0  x  2  =  0
Number of reactions score 0.0  x  4  =  0.0
By-product score 1.0  x  2  =  2.0
Pathway atom economy score 0.31816766459296925  x  1  =  0.31816766459296925
Salt score 0  x  0  =  0
Reaxys score 0  x  0  =  0
Cool score 0  x  0  =  0
atom economy 0.4886257484447269
pathway by-product 0
intermediate by-product {None: 0}
CCC(C)C(C)OC(=O)[C@H](C)N[P@](=O)(OC[C@H]1O[C@@](C#N)(c2ccc3c(N)ncnn23)[C@H](O)[C@@H]1O)Oc1ccccc1>>CCC(C[C@H](C)N[P@](=O)(OC[C@H]1O[C@@](C#N)(c2ccc3c(N)ncnn23)[C@H](O)[C@@H]1O)Oc1ccccc1)C(C)OC=O
CCC(CC)C(C)OC(=O)[C@H](C)N[P@](=O)(OC[C@H]1O[C@@](C#N)(c2ccc3c(N)ncnn23)[C@H](O)[C@@H]1O)Oc1ccccc1.CCC(CC)C(C)OC(=O)[C@H](C)N[P@](=O)(OC[C@H]1O[C@@](C#N)(c2ccc3c(N)ncnn23)[C@H](O)[C@@H]1O)Oc1ccccc1>>CCC(C)C(C)OC(=O)[C@H](C)N[P@](=O)(OC[C@H]1O[C@@](C#N)(c2ccc3c(N)ncnn23)[C@H](O)[C@@H]1O)Oc1ccccc1.CCC(CC)C(C)OC(=O)C(C)(C)N[P@](=O)(OC[C@H]1O[C@@](C#N)(c2ccc3c(N)ncnn23)[C@H](O)[C@@H]1O)Oc1ccccc1
CCC(CC)COC(=O)[C@H](C)N[P@](=O)(OC[C@H]1O[C@@](C#N)(c2ccc3c(N)ncnn23)[C@H](O)[C@@H]1O)Oc1ccccc1.C[S+](CC[C@H](N)C(=O)O)C[C@H]1O[C@@H](n2cnc3c(N)ncnc32)[C@H](O)[C@@H]1O>>CCC(CC)C(C)OC(=O)[C@H](C)N[P@](=O)(OC[C@H]1O[C@@](C#N)(c2ccc3c(N)ncnn23)[C@H](O)[C@@H]1O)Oc1ccccc1.Nc1ncnc2c1ncn2[C@@H]1O[C@H](CSCC[C@H](N)C(=O)O)[C@@H](O)[C@H]1O
rule0028_51
rule0126_2
rule0043_12
No_Thermo
No_Thermo
No_Thermo

ranking 43
final score 2.3181676645929694
Max reaction enthalpy score 0  x  2  =  0
Number of reactions score 0.0  x  4  =  0.0
By-product score 1.0  x  2  =  2.0
Pathway atom economy score 0.31816766459296925  x  1  =  0.31816766459296925
Salt score 0  x  0  =  0
Reaxys score 0  x  0  =  0
Cool score 0  x  0  =  0
atom economy 0.4886257484447269
pathway by-product 0
intermediate by-product {None: 0}
CCC(C)C(C)OC(=O)[C@H](C)N[P@](=O)(OC[C@H]1O[C@@](C#N)(c2ccc3c(N)ncnn23)[C@H](O)[C@@H]1O)Oc1ccccc1>>CCC(C[C@H](C)N[P@](=O)(OC[C@H]1O[C@@](C#N)(c2ccc3c(N)ncnn23)[C@H](O)[C@@H]1O)Oc1ccccc1)C(C)OC=O
CCC(CC)C(C)OC(=O)[C@H](C)N[P@](=O)(OC[C@H]1O[C@@](C#N)(c2ccc3c(N)ncnn23)[C@H](O)[C@@H]1O)Oc1ccccc1.CCC(CC)C(C)OC(=O)[C@H](C)N[P@](=O)(OC[C@H]1O[C@@](C#N)(c2ccc3c(N)ncnn23)[C@H](O)[C@@H]1O)Oc1ccccc1>>CCC(C)C(C)OC(=O)[C@H](C)N[P@](=O)(OC[C@H]1O[C@@](C#N)(c2ccc3c(N)ncnn23)[C@H](O)[C@@H]1O)Oc1ccccc1.CCC(CC)C(C)(C)OC(=O)[C@H](C)N[P@](=O)(OC[C@H]1O[C@@](C#N)(c2ccc3c(N)ncnn23)[C@H](O)[C@@H]1O)Oc1ccccc1
CCC(CC)COC(=O)[C@H](C)N[P@](=O)(OC[C@H]1O[C@@](C#N)(c2ccc3c(N)ncnn23)[C@H](O)[C@@H]1O)Oc1ccccc1.C[S+](CC[C@H](N)C(=O)O)C[C@H]1O[C@@H](n2cnc3c(N)ncnc32)[C@H](O)[C@@H]1O>>CCC(CC)C(C)OC(=O)[C@H](C)N[P@](=O)(OC[C@H]1O[C@@](C#N)(c2ccc3c(N)ncnn23)[C@H](O)[C@@H]1O)Oc1ccccc1.Nc1ncnc2c1ncn2[C@@H]1O[C@H](CSCC[C@H](N)C(=O)O)[C@@H](O)[C@H]1O
rule0028_51
rule0126_2
rule0043_12
No_Thermo
No_Thermo
No_Thermo

ranking 44
final score 2.3181676645929694
Max reaction enthalpy score 0  x  2  =  0
Number of reactions score 0.0  x  4  =  0.0
By-product score 1.0  x  2  =  2.0
Pathway atom economy score 0.31816766459296925  x  1  =  0.31816766459296925
Salt score 0  x  0  =  0
Reaxys score 0  x  0  =  0
Cool score 0  x  0  =  0
atom economy 0.4886257484447269
pathway by-product 0
intermediate by-product {None: 0}
CCC(C)C(C)OC(=O)[C@H](C)N[P@](=O)(OC[C@H]1O[C@@](C#N)(c2ccc3c(N)ncnn23)[C@H](O)[C@@H]1O)Oc1ccccc1>>CCC(C[C@H](C)N[P@](=O)(OC[C@H]1O[C@@](C#N)(c2ccc3c(N)ncnn23)[C@H](O)[C@@H]1O)Oc1ccccc1)C(C)OC=O
CCC(CC)C(C)OC(=O)[C@H](C)N[P@](=O)(OC[C@H]1O[C@@](C#N)(c2ccc3c(N)ncnn23)[C@H](O)[C@@H]1O)Oc1ccccc1.CCC(CC)C(C)OC(=O)[C@H](C)N[P@](=O)(OC[C@H]1O[C@@](C#N)(c2ccc3c(N)ncnn23)[C@H](O)[C@@H]1O)Oc1ccccc1>>CCC(C)(CC)C(C)OC(=O)[C@H](C)N[P@](=O)(OC[C@H]1O[C@@](C#N)(c2ccc3c(N)ncnn23)[C@H](O)[C@@H]1O)Oc1ccccc1.CCC(C)C(C)OC(=O)[C@H](C)N[P@](=O)(OC[C@H]1O[C@@](C#N)(c2ccc3c(N)ncnn23)[C@H](O)[C@@H]1O)Oc1ccccc1
CCC(CC)COC(=O)[C@H](C)N[P@](=O)(OC[C@H]1O[C@@](C#N)(c2ccc3c(N)ncnn23)[C@H](O)[C@@H]1O)Oc1ccccc1.C[S+](CC[C@H](N)C(=O)O)C[C@H]1O[C@@H](n2cnc3c(N)ncnc32)[C@H](O)[C@@H]1O>>CCC(CC)C(C)OC(=O)[C@H](C)N[P@](=O)(OC[C@H]1O[C@@](C#N)(c2ccc3c(N)ncnn23)[C@H](O)[C@@H]1O)Oc1ccccc1.Nc1ncnc2c1ncn2[C@@H]1O[C@H](CSCC[C@H](N)C(=O)O)[C@@H](O)[C@H]1O
rule0028_51
rule0126_2
rule0043_12
No_Thermo
No_Thermo
No_Thermo

ranking 45
final score 2.3181676645929694
Max reaction enthalpy score 0  x  2  =  0
Number of reactions score 0.0  x  4  =  0.0
By-product score 1.0  x  2  =  2.0
Pathway atom economy score 0.31816766459296925  x  1  =  0.31816766459296925
Salt score 0  x  0  =  0
Reaxys score 0  x  0  =  0
Cool score 0  x  0  =  0
atom economy 0.4886257484447269
pathway by-product 0
intermediate by-product {None: 0}
CCC(C)C(C)OC(=O)[C@H](C)N[P@](=O)(OC[C@H]1O[C@@](C#N)(c2ccc3c(N)ncnn23)[C@H](O)[C@@H]1O)Oc1ccccc1>>CCC(C[C@H](C)N[P@](=O)(OC[C@H]1O[C@@](C#N)(c2ccc3c(N)ncnn23)[C@H](O)[C@@H]1O)Oc1ccccc1)C(C)OC=O
CCC(CC)C(C)OC(=O)[C@H](C)N[P@](=O)(OC[C@H]1O[C@@](C#N)(c2ccc3c(N)ncnn23)[C@H](O)[C@@H]1O)Oc1ccccc1.CCC(CC)C(C)OC(=O)[C@H](C)N[P@](=O)(OC[C@H]1O[C@@](C#N)(c2ccc3c(N)ncnn23)[C@H](O)[C@@H]1O)Oc1ccccc1>>CCC(C(C)C)C(C)OC(=O)[C@H](C)N[P@](=O)(OC[C@H]1O[C@@](C#N)(c2ccc3c(N)ncnn23)[C@H](O)[C@@H]1O)Oc1ccccc1.CCC(C)C(C)OC(=O)[C@H](C)N[P@](=O)(OC[C@H]1O[C@@](C#N)(c2ccc3c(N)ncnn23)[C@H](O)[C@@H]1O)Oc1ccccc1
CCC(CC)COC(=O)[C@H](C)N[P@](=O)(OC[C@H]1O[C@@](C#N)(c2ccc3c(N)ncnn23)[C@H](O)[C@@H]1O)Oc1ccccc1.C[S+](CC[C@H](N)C(=O)O)C[C@H]1O[C@@H](n2cnc3c(N)ncnc32)[C@H](O)[C@@H]1O>>CCC(CC)C(C)OC(=O)[C@H](C)N[P@](=O)(OC[C@H]1O[C@@](C#N)(c2ccc3c(N)ncnn23)[C@H](O)[C@@H]1O)Oc1ccccc1.Nc1ncnc2c1ncn2[C@@H]1O[C@H](CSCC[C@H](N)C(=O)O)[C@@H](O)[C@H]1O
rule0028_51
rule0126_2
rule0043_12
No_Thermo
No_Thermo
No_Thermo

ranking 46
final score 2.3181676645929694
Max reaction enthalpy score 0  x  2  =  0
Number of reactions score 0.0  x  4  =  0.0
By-product score 1.0  x  2  =  2.0
Pathway atom economy score 0.31816766459296925  x  1  =  0.31816766459296925
Salt score 0  x  0  =  0
Reaxys score 0  x  0  =  0
Cool score 0  x  0  =  0
atom economy 0.4886257484447269
pathway by-product 0
intermediate by-product {None: 0}
CCC(C)C(C)OC(=O)[C@H](C)N[P@](=O)(OC[C@H]1O[C@@](C#N)(c2ccc3c(N)ncnn23)[C@H](O)[C@@H]1O)Oc1ccccc1>>CCC(C[C@H](C)N[P@](=O)(OC[C@H]1O[C@@](C#N)(c2ccc3c(N)ncnn23)[C@H](O)[C@@H]1O)Oc1ccccc1)C(C)OC=O
CCC(CC)C(C)OC(=O)[C@H](C)N[P@](=O)(OC[C@H]1O[C@@](C#N)(c2ccc3c(N)ncnn23)[C@H](O)[C@@H]1O)Oc1ccccc1.CCC(CC)C(C)OC(=O)[C@H](C)N[P@](=O)(OC[C@H]1O[C@@](C#N)(c2ccc3c(N)ncnn23)[C@H](O)[C@@H]1O)Oc1ccccc1>>CCC(C)C(C)OC(=O)[C@H](C)N[P@](=O)(OC[C@H]1O[C@@](C#N)(c2ccc3c(N)ncnn23)[C@H](O)[C@@H]1O)Oc1ccccc1.CCC(CC)C(C)OC(=O)[C@H](CC)N[P@](=O)(OC[C@H]1O[C@@](C#N)(c2ccc3c(N)ncnn23)[C@H](O)[C@@H]1O)Oc1ccccc1
CCC(CC)COC(=O)[C@H](C)N[P@](=O)(OC[C@H]1O[C@@](C#N)(c2ccc3c(N)ncnn23)[C@H](O)[C@@H]1O)Oc1ccccc1.C[S+](CC[C@H](N)C(=O)O)C[C@H]1O[C@@H](n2cnc3c(N)ncnc32)[C@H](O)[C@@H]1O>>CCC(CC)C(C)OC(=O)[C@H](C)N[P@](=O)(OC[C@H]1O[C@@](C#N)(c2ccc3c(N)ncnn23)[C@H](O)[C@@H]1O)Oc1ccccc1.Nc1ncnc2c1ncn2[C@@H]1O[C@H](CSCC[C@H](N)C(=O)O)[C@@H](O)[C@H]1O
rule0028_51
rule0126_1
rule0043_12
No_Thermo
No_Thermo
No_Thermo

ranking 47
final score 2.0
Max reaction enthalpy score 0  x  2  =  0
Number of reactions score 0.0  x  4  =  0.0
By-product score 1.0  x  2  =  2.0
Pathway atom economy score 0.0  x  1  =  0.0
Salt score 0  x  0  =  0
Reaxys score 0  x  0  =  0
Cool score 0  x  0  =  0
atom economy 0.24999999999999994
pathway by-product 0
intermediate by-product {None: 0}
CCC(C)C(C)OC(=O)[C@H](C)N[P@](=O)(OC[C@H]1O[C@@](C#N)(c2ccc3c(N)ncnn23)[C@H](O)[C@@H]1O)Oc1ccccc1>>CCC(C[C@H](C)N[P@](=O)(OC[C@H]1O[C@@](C#N)(c2ccc3c(N)ncnn23)[C@H](O)[C@@H]1O)Oc1ccccc1)C(C)OC=O
CCC(CC)C(C)OC(=O)[C@H](C)N[P@](=O)(OC[C@H]1O[C@@](C#N)(c2ccc3c(N)ncnn23)[C@H](O)[C@@H]1O)Oc1ccccc1.CCC(CC)C(C)OC(=O)[C@H](C)N[P@](=O)(OC[C@H]1O[C@@](C#N)(c2ccc3c(N)ncnn23)[C@H](O)[C@@H]1O)Oc1ccccc1>>CCC(C)C(C)OC(=O)[C@H](C)N[P@](=O)(OC[C@H]1O[C@@](C#N)(c2ccc3c(N)ncnn23)[C@H](O)[C@@H]1O)Oc1ccccc1.CCCC(CC)C(C)OC(=O)[C@H](C)N[P@](=O)(OC[C@H]1O[C@@](C#N)(c2ccc3c(N)ncnn23)[C@H](O)[C@@H]1O)Oc1ccccc1
CCC(CC)COC(=O)[C@H](C)N[P@](=O)(OC[C@H]1O[C@@](C#N)(c2ccc3c(N)ncnn23)[C@H](O)[C@@H]1O)Oc1ccccc1.CCC(CC)COC(=O)[C@H](C)N[P@](=O)(OC[C@H]1O[C@@](C#N)(c2ccc3c(N)ncnn23)[C@H](O)[C@@H]1O)Oc1ccccc1>>CCC(CC)C(C)OC(=O)[C@H](C)N[P@](=O)(OC[C@H]1O[C@@](C#N)(c2ccc3c(N)ncnn23)[C@H](O)[C@@H]1O)Oc1ccccc1.CCC(CC)COC(=O)CN[P@](=O)(OC[C@H]1O[C@@](C#N)(c2ccc3c(N)ncnn23)[C@H](O)[C@@H]1O)Oc1ccccc1
rule0028_51
rule0126_2
rule0126_2
No_Thermo
No_Thermo
No_Thermo

ranking 48
final score 2.0
Max reaction enthalpy score 0  x  2  =  0
Number of reactions score 0.0  x  4  =  0.0
By-product score 1.0  x  2  =  2.0
Pathway atom economy score 0.0  x  1  =  0.0
Salt score 0  x  0  =  0
Reaxys score 0  x  0  =  0
Cool score 0  x  0  =  0
atom economy 0.24999999999999994
pathway by-product 0
intermediate by-product {None: 0}
CCC(C)C(C)OC(=O)[C@H](C)N[P@](=O)(OC[C@H]1O[C@@](C#N)(c2ccc3c(N)ncnn23)[C@H](O)[C@@H]1O)Oc1ccccc1>>CCC(C[C@H](C)N[P@](=O)(OC[C@H]1O[C@@](C#N)(c2ccc3c(N)ncnn23)[C@H](O)[C@@H]1O)Oc1ccccc1)C(C)OC=O
CCC(CC)C(C)OC(=O)[C@H](C)N[P@](=O)(OC[C@H]1O[C@@](C#N)(c2ccc3c(N)ncnn23)[C@H](O)[C@@H]1O)Oc1ccccc1.CCC(CC)C(C)OC(=O)[C@H](C)N[P@](=O)(OC[C@H]1O[C@@](C#N)(c2ccc3c(N)ncnn23)[C@H](O)[C@@H]1O)Oc1ccccc1>>CCC(C)C(C)OC(=O)[C@H](C)N[P@](=O)(OC[C@H]1O[C@@](C#N)(c2ccc3c(N)ncnn23)[C@H](O)[C@@H]1O)Oc1ccccc1.CCCC(CC)C(C)OC(=O)[C@H](C)N[P@](=O)(OC[C@H]1O[C@@](C#N)(c2ccc3c(N)ncnn23)[C@H](O)[C@@H]1O)Oc1ccccc1
CCC(CC)COC(=O)[C@H](C)N[P@](=O)(OC[C@H]1O[C@@](C#N)(c2ccc3c(N)ncnn23)[C@H](O)[C@@H]1O)Oc1ccccc1.CCC(CC)COC(=O)[C@H](C)N[P@](=O)(OC[C@H]1O[C@@](C#N)(c2ccc3c(N)ncnn23)[C@H](O)[C@@H]1O)Oc1ccccc1>>CCC(C)COC(=O)[C@H](C)N[P@](=O)(OC[C@H]1O[C@@](C#N)(c2ccc3c(N)ncnn23)[C@H](O)[C@@H]1O)Oc1ccccc1.CCC(CC)C(C)OC(=O)[C@H](C)N[P@](=O)(OC[C@H]1O[C@@](C#N)(c2ccc3c(N)ncnn23)[C@H](O)[C@@H]1O)Oc1ccccc1
rule0028_51
rule0126_2
rule0126_2
No_Thermo
No_Thermo
No_Thermo

ranking 49
final score 2.0
Max reaction enthalpy score 0  x  2  =  0
Number of reactions score 0.0  x  4  =  0.0
By-product score 1.0  x  2  =  2.0
Pathway atom economy score 0.0  x  1  =  0.0
Salt score 0  x  0  =  0
Reaxys score 0  x  0  =  0
Cool score 0  x  0  =  0
atom economy 0.24999999999999994
pathway by-product 0
intermediate by-product {None: 0}
CCC(C)C(C)OC(=O)[C@H](C)N[P@](=O)(OC[C@H]1O[C@@](C#N)(c2ccc3c(N)ncnn23)[C@H](O)[C@@H]1O)Oc1ccccc1>>CCC(C[C@H](C)N[P@](=O)(OC[C@H]1O[C@@](C#N)(c2ccc3c(N)ncnn23)[C@H](O)[C@@H]1O)Oc1ccccc1)C(C)OC=O
CCC(CC)C(C)OC(=O)[C@H](C)N[P@](=O)(OC[C@H]1O[C@@](C#N)(c2ccc3c(N)ncnn23)[C@H](O)[C@@H]1O)Oc1ccccc1.CCC(CC)C(C)OC(=O)[C@H](C)N[P@](=O)(OC[C@H]1O[C@@](C#N)(c2ccc3c(N)ncnn23)[C@H](O)[C@@H]1O)Oc1ccccc1>>CCC(C)C(C)OC(=O)[C@H](C)N[P@](=O)(OC[C@H]1O[C@@](C#N)(c2ccc3c(N)ncnn23)[C@H](O)[C@@H]1O)Oc1ccccc1.CCC(CC)C(CC)OC(=O)[C@H](C)N[P@](=O)(OC[C@H]1O[C@@](C#N)(c2ccc3c(N)ncnn23)[C@H](O)[C@@H]1O)Oc1ccccc1
CCC(CC)COC(=O)[C@H](C)N[P@](=O)(OC[C@H]1O[C@@](C#N)(c2ccc3c(N)ncnn23)[C@H](O)[C@@H]1O)Oc1ccccc1.CCC(CC)COC(=O)[C@H](C)N[P@](=O)(OC[C@H]1O[C@@](C#N)(c2ccc3c(N)ncnn23)[C@H](O)[C@@H]1O)Oc1ccccc1>>CCC(CC)C(C)OC(=O)[C@H](C)N[P@](=O)(OC[C@H]1O[C@@](C#N)(c2ccc3c(N)ncnn23)[C@H](O)[C@@H]1O)Oc1ccccc1.CCC(CC)COC(=O)CN[P@](=O)(OC[C@H]1O[C@@](C#N)(c2ccc3c(N)ncnn23)[C@H](O)[C@@H]1O)Oc1ccccc1
rule0028_51
rule0126_2
rule0126_2
No_Thermo
No_Thermo
No_Thermo

ranking 50
final score 2.0
Max reaction enthalpy score 0  x  2  =  0
Number of reactions score 0.0  x  4  =  0.0
By-product score 1.0  x  2  =  2.0
Pathway atom economy score 0.0  x  1  =  0.0
Salt score 0  x  0  =  0
Reaxys score 0  x  0  =  0
Cool score 0  x  0  =  0
atom economy 0.24999999999999994
pathway by-product 0
intermediate by-product {None: 0}
CCC(C)C(C)OC(=O)[C@H](C)N[P@](=O)(OC[C@H]1O[C@@](C#N)(c2ccc3c(N)ncnn23)[C@H](O)[C@@H]1O)Oc1ccccc1>>CCC(C[C@H](C)N[P@](=O)(OC[C@H]1O[C@@](C#N)(c2ccc3c(N)ncnn23)[C@H](O)[C@@H]1O)Oc1ccccc1)C(C)OC=O
CCC(CC)C(C)OC(=O)[C@H](C)N[P@](=O)(OC[C@H]1O[C@@](C#N)(c2ccc3c(N)ncnn23)[C@H](O)[C@@H]1O)Oc1ccccc1.CCC(CC)C(C)OC(=O)[C@H](C)N[P@](=O)(OC[C@H]1O[C@@](C#N)(c2ccc3c(N)ncnn23)[C@H](O)[C@@H]1O)Oc1ccccc1>>CCC(C)C(C)OC(=O)[C@H](C)N[P@](=O)(OC[C@H]1O[C@@](C#N)(c2ccc3c(N)ncnn23)[C@H](O)[C@@H]1O)Oc1ccccc1.CCC(CC)C(CC)OC(=O)[C@H](C)N[P@](=O)(OC[C@H]1O[C@@](C#N)(c2ccc3c(N)ncnn23)[C@H](O)[C@@H]1O)Oc1ccccc1
CCC(CC)COC(=O)[C@H](C)N[P@](=O)(OC[C@H]1O[C@@](C#N)(c2ccc3c(N)ncnn23)[C@H](O)[C@@H]1O)Oc1ccccc1.CCC(CC)COC(=O)[C@H](C)N[P@](=O)(OC[C@H]1O[C@@](C#N)(c2ccc3c(N)ncnn23)[C@H](O)[C@@H]1O)Oc1ccccc1>>CCC(C)COC(=O)[C@H](C)N[P@](=O)(OC[C@H]1O[C@@](C#N)(c2ccc3c(N)ncnn23)[C@H](O)[C@@H]1O)Oc1ccccc1.CCC(CC)C(C)OC(=O)[C@H](C)N[P@](=O)(OC[C@H]1O[C@@](C#N)(c2ccc3c(N)ncnn23)[C@H](O)[C@@H]1O)Oc1ccccc1
rule0028_51
rule0126_2
rule0126_2
No_Thermo
No_Thermo
No_Thermo

ranking 51
final score 2.0
Max reaction enthalpy score 0  x  2  =  0
Number of reactions score 0.0  x  4  =  0.0
By-product score 1.0  x  2  =  2.0
Pathway atom economy score 0.0  x  1  =  0.0
Salt score 0  x  0  =  0
Reaxys score 0  x  0  =  0
Cool score 0  x  0  =  0
atom economy 0.24999999999999994
pathway by-product 0
intermediate by-product {None: 0}
CCC(C)C(C)OC(=O)[C@H](C)N[P@](=O)(OC[C@H]1O[C@@](C#N)(c2ccc3c(N)ncnn23)[C@H](O)[C@@H]1O)Oc1ccccc1>>CCC(C[C@H](C)N[P@](=O)(OC[C@H]1O[C@@](C#N)(c2ccc3c(N)ncnn23)[C@H](O)[C@@H]1O)Oc1ccccc1)C(C)OC=O
CCC(CC)C(C)OC(=O)[C@H](C)N[P@](=O)(OC[C@H]1O[C@@](C#N)(c2ccc3c(N)ncnn23)[C@H](O)[C@@H]1O)Oc1ccccc1.CCC(CC)C(C)OC(=O)[C@H](C)N[P@](=O)(OC[C@H]1O[C@@](C#N)(c2ccc3c(N)ncnn23)[C@H](O)[C@@H]1O)Oc1ccccc1>>CCC(C)C(C)OC(=O)[C@H](C)N[P@](=O)(OC[C@H]1O[C@@](C#N)(c2ccc3c(N)ncnn23)[C@H](O)[C@@H]1O)Oc1ccccc1.CCC(CC)C(C)OC(=O)[C@H](C)N[P@](=O)(OC[C@]1(C)O[C@@](C#N)(c2ccc3c(N)ncnn23)[C@H](O)[C@@H]1O)Oc1ccccc1
CCC(CC)COC(=O)[C@H](C)N[P@](=O)(OC[C@H]1O[C@@](C#N)(c2ccc3c(N)ncnn23)[C@H](O)[C@@H]1O)Oc1ccccc1.CCC(CC)COC(=O)[C@H](C)N[P@](=O)(OC[C@H]1O[C@@](C#N)(c2ccc3c(N)ncnn23)[C@H](O)[C@@H]1O)Oc1ccccc1>>CCC(CC)C(C)OC(=O)[C@H](C)N[P@](=O)(OC[C@H]1O[C@@](C#N)(c2ccc3c(N)ncnn23)[C@H](O)[C@@H]1O)Oc1ccccc1.CCC(CC)COC(=O)CN[P@](=O)(OC[C@H]1O[C@@](C#N)(c2ccc3c(N)ncnn23)[C@H](O)[C@@H]1O)Oc1ccccc1
rule0028_51
rule0126_2
rule0126_2
No_Thermo
No_Thermo
No_Thermo

ranking 52
final score 2.0
Max reaction enthalpy score 0  x  2  =  0
Number of reactions score 0.0  x  4  =  0.0
By-product score 1.0  x  2  =  2.0
Pathway atom economy score 0.0  x  1  =  0.0
Salt score 0  x  0  =  0
Reaxys score 0  x  0  =  0
Cool score 0  x  0  =  0
atom economy 0.24999999999999994
pathway by-product 0
intermediate by-product {None: 0}
CCC(C)C(C)OC(=O)[C@H](C)N[P@](=O)(OC[C@H]1O[C@@](C#N)(c2ccc3c(N)ncnn23)[C@H](O)[C@@H]1O)Oc1ccccc1>>CCC(C[C@H](C)N[P@](=O)(OC[C@H]1O[C@@](C#N)(c2ccc3c(N)ncnn23)[C@H](O)[C@@H]1O)Oc1ccccc1)C(C)OC=O
CCC(CC)C(C)OC(=O)[C@H](C)N[P@](=O)(OC[C@H]1O[C@@](C#N)(c2ccc3c(N)ncnn23)[C@H](O)[C@@H]1O)Oc1ccccc1.CCC(CC)C(C)OC(=O)[C@H](C)N[P@](=O)(OC[C@H]1O[C@@](C#N)(c2ccc3c(N)ncnn23)[C@H](O)[C@@H]1O)Oc1ccccc1>>CCC(C)C(C)OC(=O)[C@H](C)N[P@](=O)(OC[C@H]1O[C@@](C#N)(c2ccc3c(N)ncnn23)[C@H](O)[C@@H]1O)Oc1ccccc1.CCC(CC)C(C)OC(=O)[C@H](C)N[P@](=O)(OC[C@]1(C)O[C@@](C#N)(c2ccc3c(N)ncnn23)[C@H](O)[C@@H]1O)Oc1ccccc1
CCC(CC)COC(=O)[C@H](C)N[P@](=O)(OC[C@H]1O[C@@](C#N)(c2ccc3c(N)ncnn23)[C@H](O)[C@@H]1O)Oc1ccccc1.CCC(CC)COC(=O)[C@H](C)N[P@](=O)(OC[C@H]1O[C@@](C#N)(c2ccc3c(N)ncnn23)[C@H](O)[C@@H]1O)Oc1ccccc1>>CCC(C)COC(=O)[C@H](C)N[P@](=O)(OC[C@H]1O[C@@](C#N)(c2ccc3c(N)ncnn23)[C@H](O)[C@@H]1O)Oc1ccccc1.CCC(CC)C(C)OC(=O)[C@H](C)N[P@](=O)(OC[C@H]1O[C@@](C#N)(c2ccc3c(N)ncnn23)[C@H](O)[C@@H]1O)Oc1ccccc1
rule0028_51
rule0126_2
rule0126_2
No_Thermo
No_Thermo
No_Thermo

ranking 53
final score 2.0
Max reaction enthalpy score 0  x  2  =  0
Number of reactions score 0.0  x  4  =  0.0
By-product score 1.0  x  2  =  2.0
Pathway atom economy score 0.0  x  1  =  0.0
Salt score 0  x  0  =  0
Reaxys score 0  x  0  =  0
Cool score 0  x  0  =  0
atom economy 0.24999999999999994
pathway by-product 0
intermediate by-product {None: 0}
CCC(C)C(C)OC(=O)[C@H](C)N[P@](=O)(OC[C@H]1O[C@@](C#N)(c2ccc3c(N)ncnn23)[C@H](O)[C@@H]1O)Oc1ccccc1>>CCC(C[C@H](C)N[P@](=O)(OC[C@H]1O[C@@](C#N)(c2ccc3c(N)ncnn23)[C@H](O)[C@@H]1O)Oc1ccccc1)C(C)OC=O
CCC(CC)C(C)OC(=O)[C@H](C)N[P@](=O)(OC[C@H]1O[C@@](C#N)(c2ccc3c(N)ncnn23)[C@H](O)[C@@H]1O)Oc1ccccc1.CCC(CC)C(C)OC(=O)[C@H](C)N[P@](=O)(OC[C@H]1O[C@@](C#N)(c2ccc3c(N)ncnn23)[C@H](O)[C@@H]1O)Oc1ccccc1>>CCC(C)C(C)OC(=O)[C@H](C)N[P@](=O)(OC[C@H]1O[C@@](C#N)(c2ccc3c(N)ncnn23)[C@H](O)[C@@H]1O)Oc1ccccc1.CCC(CC)C(C)OC(=O)[C@H](C)N[P@](=O)(OC[C@H]1O[C@@](C#N)(c2ccc3c(N)ncnn23)[C@H](O)[C@@]1(C)O)Oc1ccccc1
CCC(CC)COC(=O)[C@H](C)N[P@](=O)(OC[C@H]1O[C@@](C#N)(c2ccc3c(N)ncnn23)[C@H](O)[C@@H]1O)Oc1ccccc1.CCC(CC)COC(=O)[C@H](C)N[P@](=O)(OC[C@H]1O[C@@](C#N)(c2ccc3c(N)ncnn23)[C@H](O)[C@@H]1O)Oc1ccccc1>>CCC(CC)C(C)OC(=O)[C@H](C)N[P@](=O)(OC[C@H]1O[C@@](C#N)(c2ccc3c(N)ncnn23)[C@H](O)[C@@H]1O)Oc1ccccc1.CCC(CC)COC(=O)CN[P@](=O)(OC[C@H]1O[C@@](C#N)(c2ccc3c(N)ncnn23)[C@H](O)[C@@H]1O)Oc1ccccc1
rule0028_51
rule0126_2
rule0126_2
No_Thermo
No_Thermo
No_Thermo

ranking 54
final score 2.0
Max reaction enthalpy score 0  x  2  =  0
Number of reactions score 0.0  x  4  =  0.0
By-product score 1.0  x  2  =  2.0
Pathway atom economy score 0.0  x  1  =  0.0
Salt score 0  x  0  =  0
Reaxys score 0  x  0  =  0
Cool score 0  x  0  =  0
atom economy 0.24999999999999994
pathway by-product 0
intermediate by-product {None: 0}
CCC(C)C(C)OC(=O)[C@H](C)N[P@](=O)(OC[C@H]1O[C@@](C#N)(c2ccc3c(N)ncnn23)[C@H](O)[C@@H]1O)Oc1ccccc1>>CCC(C[C@H](C)N[P@](=O)(OC[C@H]1O[C@@](C#N)(c2ccc3c(N)ncnn23)[C@H](O)[C@@H]1O)Oc1ccccc1)C(C)OC=O
CCC(CC)C(C)OC(=O)[C@H](C)N[P@](=O)(OC[C@H]1O[C@@](C#N)(c2ccc3c(N)ncnn23)[C@H](O)[C@@H]1O)Oc1ccccc1.CCC(CC)C(C)OC(=O)[C@H](C)N[P@](=O)(OC[C@H]1O[C@@](C#N)(c2ccc3c(N)ncnn23)[C@H](O)[C@@H]1O)Oc1ccccc1>>CCC(C)C(C)OC(=O)[C@H](C)N[P@](=O)(OC[C@H]1O[C@@](C#N)(c2ccc3c(N)ncnn23)[C@H](O)[C@@H]1O)Oc1ccccc1.CCC(CC)C(C)OC(=O)[C@H](C)N[P@](=O)(OC[C@H]1O[C@@](C#N)(c2ccc3c(N)ncnn23)[C@H](O)[C@@]1(C)O)Oc1ccccc1
CCC(CC)COC(=O)[C@H](C)N[P@](=O)(OC[C@H]1O[C@@](C#N)(c2ccc3c(N)ncnn23)[C@H](O)[C@@H]1O)Oc1ccccc1.CCC(CC)COC(=O)[C@H](C)N[P@](=O)(OC[C@H]1O[C@@](C#N)(c2ccc3c(N)ncnn23)[C@H](O)[C@@H]1O)Oc1ccccc1>>CCC(C)COC(=O)[C@H](C)N[P@](=O)(OC[C@H]1O[C@@](C#N)(c2ccc3c(N)ncnn23)[C@H](O)[C@@H]1O)Oc1ccccc1.CCC(CC)C(C)OC(=O)[C@H](C)N[P@](=O)(OC[C@H]1O[C@@](C#N)(c2ccc3c(N)ncnn23)[C@H](O)[C@@H]1O)Oc1ccccc1
rule0028_51
rule0126_2
rule0126_2
No_Thermo
No_Thermo
No_Thermo

ranking 55
final score 2.0
Max reaction enthalpy score 0  x  2  =  0
Number of reactions score 0.0  x  4  =  0.0
By-product score 1.0  x  2  =  2.0
Pathway atom economy score 7.401486830834377e-17  x  1  =  7.401486830834377e-17
Salt score 0  x  0  =  0
Reaxys score 0  x  0  =  0
Cool score 0  x  0  =  0
atom economy 0.25
pathway by-product 0
intermediate by-product {None: 0}
CCC(C)C(C)OC(=O)[C@H](C)N[P@](=O)(OC[C@H]1O[C@@](C#N)(c2ccc3c(N)ncnn23)[C@H](O)[C@@H]1O)Oc1ccccc1>>CCC(C[C@H](C)N[P@](=O)(OC[C@H]1O[C@@](C#N)(c2ccc3c(N)ncnn23)[C@H](O)[C@@H]1O)Oc1ccccc1)C(C)OC=O
CCC(CC)C(C)OC(=O)[C@H](C)N[P@](=O)(OC[C@H]1O[C@@](C#N)(c2ccc3c(N)ncnn23)[C@H](O)[C@@H]1O)Oc1ccccc1.CCC(CC)C(C)OC(=O)[C@H](C)N[P@](=O)(OC[C@H]1O[C@@](C#N)(c2ccc3c(N)ncnn23)[C@H](O)[C@@H]1O)Oc1ccccc1>>CCC(C)C(C)OC(=O)[C@H](C)N[P@](=O)(OC[C@H]1O[C@@](C#N)(c2ccc3c(N)ncnn23)[C@H](O)[C@@H]1O)Oc1ccccc1.CCC(CC)C(C)OC(=O)[C@H](C)N[P@](=O)(OC[C@H]1O[C@@](C#N)(c2ccc3c(N)ncnn23)[C@H](O)[C@@H]1O)Oc1ccccc1C
CCC(CC)COC(=O)[C@H](C)N[P@](=O)(OC[C@H]1O[C@@](C#N)(c2ccc3c(N)ncnn23)[C@H](O)[C@@H]1O)Oc1ccccc1.CCC(CC)COC(=O)[C@H](C)N[P@](=O)(OC[C@H]1O[C@@](C#N)(c2ccc3c(N)ncnn23)[C@H](O)[C@@H]1O)Oc1ccccc1>>CCC(CC)C(C)OC(=O)[C@H](C)N[P@](=O)(OC[C@H]1O[C@@](C#N)(c2ccc3c(N)ncnn23)[C@H](O)[C@@H]1O)Oc1ccccc1.CCC(CC)COC(=O)CN[P@](=O)(OC[C@H]1O[C@@](C#N)(c2ccc3c(N)ncnn23)[C@H](O)[C@@H]1O)Oc1ccccc1
rule0028_51
rule0126_2
rule0126_2
No_Thermo
No_Thermo
No_Thermo

ranking 56
final score 2.0
Max reaction enthalpy score 0  x  2  =  0
Number of reactions score 0.0  x  4  =  0.0
By-product score 1.0  x  2  =  2.0
Pathway atom economy score 7.401486830834377e-17  x  1  =  7.401486830834377e-17
Salt score 0  x  0  =  0
Reaxys score 0  x  0  =  0
Cool score 0  x  0  =  0
atom economy 0.25
pathway by-product 0
intermediate by-product {None: 0}
CCC(C)C(C)OC(=O)[C@H](C)N[P@](=O)(OC[C@H]1O[C@@](C#N)(c2ccc3c(N)ncnn23)[C@H](O)[C@@H]1O)Oc1ccccc1>>CCC(C[C@H](C)N[P@](=O)(OC[C@H]1O[C@@](C#N)(c2ccc3c(N)ncnn23)[C@H](O)[C@@H]1O)Oc1ccccc1)C(C)OC=O
CCC(CC)C(C)OC(=O)[C@H](C)N[P@](=O)(OC[C@H]1O[C@@](C#N)(c2ccc3c(N)ncnn23)[C@H](O)[C@@H]1O)Oc1ccccc1.CCC(CC)C(C)OC(=O)[C@H](C)N[P@](=O)(OC[C@H]1O[C@@](C#N)(c2ccc3c(N)ncnn23)[C@H](O)[C@@H]1O)Oc1ccccc1>>CCC(C)C(C)OC(=O)[C@H](C)N[P@](=O)(OC[C@H]1O[C@@](C#N)(c2ccc3c(N)ncnn23)[C@H](O)[C@@H]1O)Oc1ccccc1.CCC(CC)C(C)OC(=O)[C@H](C)N[P@](=O)(OC[C@H]1O[C@@](C#N)(c2ccc3c(N)ncnn23)[C@H](O)[C@@H]1O)Oc1ccccc1C
CCC(CC)COC(=O)[C@H](C)N[P@](=O)(OC[C@H]1O[C@@](C#N)(c2ccc3c(N)ncnn23)[C@H](O)[C@@H]1O)Oc1ccccc1.CCC(CC)COC(=O)[C@H](C)N[P@](=O)(OC[C@H]1O[C@@](C#N)(c2ccc3c(N)ncnn23)[C@H](O)[C@@H]1O)Oc1ccccc1>>CCC(C)COC(=O)[C@H](C)N[P@](=O)(OC[C@H]1O[C@@](C#N)(c2ccc3c(N)ncnn23)[C@H](O)[C@@H]1O)Oc1ccccc1.CCC(CC)C(C)OC(=O)[C@H](C)N[P@](=O)(OC[C@H]1O[C@@](C#N)(c2ccc3c(N)ncnn23)[C@H](O)[C@@H]1O)Oc1ccccc1
rule0028_51
rule0126_2
rule0126_2
No_Thermo
No_Thermo
No_Thermo

ranking 57
final score 2.0
Max reaction enthalpy score 0  x  2  =  0
Number of reactions score 0.0  x  4  =  0.0
By-product score 1.0  x  2  =  2.0
Pathway atom economy score 7.401486830834377e-17  x  1  =  7.401486830834377e-17
Salt score 0  x  0  =  0
Reaxys score 0  x  0  =  0
Cool score 0  x  0  =  0
atom economy 0.25
pathway by-product 0
intermediate by-product {None: 0}
CCC(C)C(C)OC(=O)[C@H](C)N[P@](=O)(OC[C@H]1O[C@@](C#N)(c2ccc3c(N)ncnn23)[C@H](O)[C@@H]1O)Oc1ccccc1>>CCC(C[C@H](C)N[P@](=O)(OC[C@H]1O[C@@](C#N)(c2ccc3c(N)ncnn23)[C@H](O)[C@@H]1O)Oc1ccccc1)C(C)OC=O
CCC(CC)C(C)OC(=O)[C@H](C)N[P@](=O)(OC[C@H]1O[C@@](C#N)(c2ccc3c(N)ncnn23)[C@H](O)[C@@H]1O)Oc1ccccc1.CCC(CC)C(C)OC(=O)[C@H](C)N[P@](=O)(OC[C@H]1O[C@@](C#N)(c2ccc3c(N)ncnn23)[C@H](O)[C@@H]1O)Oc1ccccc1>>CCC(C)C(C)OC(=O)[C@H](C)N[P@](=O)(OC[C@H]1O[C@@](C#N)(c2ccc3c(N)ncnn23)[C@H](O)[C@@H]1O)Oc1ccccc1.CCC(CC)C(C)OC(=O)[C@H](C)N[P@](=O)(OC[C@H]1O[C@@](C#N)(c2ccc3c(N)ncnn23)[C@H](O)[C@@H]1O)Oc1cccc(C)c1
CCC(CC)COC(=O)[C@H](C)N[P@](=O)(OC[C@H]1O[C@@](C#N)(c2ccc3c(N)ncnn23)[C@H](O)[C@@H]1O)Oc1ccccc1.CCC(CC)COC(=O)[C@H](C)N[P@](=O)(OC[C@H]1O[C@@](C#N)(c2ccc3c(N)ncnn23)[C@H](O)[C@@H]1O)Oc1ccccc1>>CCC(CC)C(C)OC(=O)[C@H](C)N[P@](=O)(OC[C@H]1O[C@@](C#N)(c2ccc3c(N)ncnn23)[C@H](O)[C@@H]1O)Oc1ccccc1.CCC(CC)COC(=O)CN[P@](=O)(OC[C@H]1O[C@@](C#N)(c2ccc3c(N)ncnn23)[C@H](O)[C@@H]1O)Oc1ccccc1
rule0028_51
rule0126_2
rule0126_2
No_Thermo
No_Thermo
No_Thermo

ranking 58
final score 2.0
Max reaction enthalpy score 0  x  2  =  0
Number of reactions score 0.0  x  4  =  0.0
By-product score 1.0  x  2  =  2.0
Pathway atom economy score 7.401486830834377e-17  x  1  =  7.401486830834377e-17
Salt score 0  x  0  =  0
Reaxys score 0  x  0  =  0
Cool score 0  x  0  =  0
atom economy 0.25
pathway by-product 0
intermediate by-product {None: 0}
CCC(C)C(C)OC(=O)[C@H](C)N[P@](=O)(OC[C@H]1O[C@@](C#N)(c2ccc3c(N)ncnn23)[C@H](O)[C@@H]1O)Oc1ccccc1>>CCC(C[C@H](C)N[P@](=O)(OC[C@H]1O[C@@](C#N)(c2ccc3c(N)ncnn23)[C@H](O)[C@@H]1O)Oc1ccccc1)C(C)OC=O
CCC(CC)C(C)OC(=O)[C@H](C)N[P@](=O)(OC[C@H]1O[C@@](C#N)(c2ccc3c(N)ncnn23)[C@H](O)[C@@H]1O)Oc1ccccc1.CCC(CC)C(C)OC(=O)[C@H](C)N[P@](=O)(OC[C@H]1O[C@@](C#N)(c2ccc3c(N)ncnn23)[C@H](O)[C@@H]1O)Oc1ccccc1>>CCC(C)C(C)OC(=O)[C@H](C)N[P@](=O)(OC[C@H]1O[C@@](C#N)(c2ccc3c(N)ncnn23)[C@H](O)[C@@H]1O)Oc1ccccc1.CCC(CC)C(C)OC(=O)[C@H](C)N[P@](=O)(OC[C@H]1O[C@@](C#N)(c2ccc3c(N)ncnn23)[C@H](O)[C@@H]1O)Oc1cccc(C)c1
CCC(CC)COC(=O)[C@H](C)N[P@](=O)(OC[C@H]1O[C@@](C#N)(c2ccc3c(N)ncnn23)[C@H](O)[C@@H]1O)Oc1ccccc1.CCC(CC)COC(=O)[C@H](C)N[P@](=O)(OC[C@H]1O[C@@](C#N)(c2ccc3c(N)ncnn23)[C@H](O)[C@@H]1O)Oc1ccccc1>>CCC(C)COC(=O)[C@H](C)N[P@](=O)(OC[C@H]1O[C@@](C#N)(c2ccc3c(N)ncnn23)[C@H](O)[C@@H]1O)Oc1ccccc1.CCC(CC)C(C)OC(=O)[C@H](C)N[P@](=O)(OC[C@H]1O[C@@](C#N)(c2ccc3c(N)ncnn23)[C@H](O)[C@@H]1O)Oc1ccccc1
rule0028_51
rule0126_2
rule0126_2
No_Thermo
No_Thermo
No_Thermo

ranking 59
final score 2.0
Max reaction enthalpy score 0  x  2  =  0
Number of reactions score 0.0  x  4  =  0.0
By-product score 1.0  x  2  =  2.0
Pathway atom economy score 7.401486830834377e-17  x  1  =  7.401486830834377e-17
Salt score 0  x  0  =  0
Reaxys score 0  x  0  =  0
Cool score 0  x  0  =  0
atom economy 0.25
pathway by-product 0
intermediate by-product {None: 0}
CCC(C)C(C)OC(=O)[C@H](C)N[P@](=O)(OC[C@H]1O[C@@](C#N)(c2ccc3c(N)ncnn23)[C@H](O)[C@@H]1O)Oc1ccccc1>>CCC(C[C@H](C)N[P@](=O)(OC[C@H]1O[C@@](C#N)(c2ccc3c(N)ncnn23)[C@H](O)[C@@H]1O)Oc1ccccc1)C(C)OC=O
CCC(CC)C(C)OC(=O)[C@H](C)N[P@](=O)(OC[C@H]1O[C@@](C#N)(c2ccc3c(N)ncnn23)[C@H](O)[C@@H]1O)Oc1ccccc1.CCC(CC)C(C)OC(=O)[C@H](C)N[P@](=O)(OC[C@H]1O[C@@](C#N)(c2ccc3c(N)ncnn23)[C@H](O)[C@@H]1O)Oc1ccccc1>>CCC(C)C(C)OC(=O)[C@H](C)N[P@](=O)(OC[C@H]1O[C@@](C#N)(c2ccc3c(N)ncnn23)[C@H](O)[C@@H]1O)Oc1ccccc1.CCC(CC)C(C)OC(=O)[C@H](C)N[P@](=O)(OC[C@H]1O[C@@](C#N)(c2ccc3c(N)ncnn23)[C@H](O)[C@@H]1O)Oc1ccc(C)cc1
CCC(CC)COC(=O)[C@H](C)N[P@](=O)(OC[C@H]1O[C@@](C#N)(c2ccc3c(N)ncnn23)[C@H](O)[C@@H]1O)Oc1ccccc1.CCC(CC)COC(=O)[C@H](C)N[P@](=O)(OC[C@H]1O[C@@](C#N)(c2ccc3c(N)ncnn23)[C@H](O)[C@@H]1O)Oc1ccccc1>>CCC(CC)C(C)OC(=O)[C@H](C)N[P@](=O)(OC[C@H]1O[C@@](C#N)(c2ccc3c(N)ncnn23)[C@H](O)[C@@H]1O)Oc1ccccc1.CCC(CC)COC(=O)CN[P@](=O)(OC[C@H]1O[C@@](C#N)(c2ccc3c(N)ncnn23)[C@H](O)[C@@H]1O)Oc1ccccc1
rule0028_51
rule0126_2
rule0126_2
No_Thermo
No_Thermo
No_Thermo

ranking 60
final score 2.0
Max reaction enthalpy score 0  x  2  =  0
Number of reactions score 0.0  x  4  =  0.0
By-product score 1.0  x  2  =  2.0
Pathway atom economy score 7.401486830834377e-17  x  1  =  7.401486830834377e-17
Salt score 0  x  0  =  0
Reaxys score 0  x  0  =  0
Cool score 0  x  0  =  0
atom economy 0.25
pathway by-product 0
intermediate by-product {None: 0}
CCC(C)C(C)OC(=O)[C@H](C)N[P@](=O)(OC[C@H]1O[C@@](C#N)(c2ccc3c(N)ncnn23)[C@H](O)[C@@H]1O)Oc1ccccc1>>CCC(C[C@H](C)N[P@](=O)(OC[C@H]1O[C@@](C#N)(c2ccc3c(N)ncnn23)[C@H](O)[C@@H]1O)Oc1ccccc1)C(C)OC=O
CCC(CC)C(C)OC(=O)[C@H](C)N[P@](=O)(OC[C@H]1O[C@@](C#N)(c2ccc3c(N)ncnn23)[C@H](O)[C@@H]1O)Oc1ccccc1.CCC(CC)C(C)OC(=O)[C@H](C)N[P@](=O)(OC[C@H]1O[C@@](C#N)(c2ccc3c(N)ncnn23)[C@H](O)[C@@H]1O)Oc1ccccc1>>CCC(C)C(C)OC(=O)[C@H](C)N[P@](=O)(OC[C@H]1O[C@@](C#N)(c2ccc3c(N)ncnn23)[C@H](O)[C@@H]1O)Oc1ccccc1.CCC(CC)C(C)OC(=O)[C@H](C)N[P@](=O)(OC[C@H]1O[C@@](C#N)(c2ccc3c(N)ncnn23)[C@H](O)[C@@H]1O)Oc1ccc(C)cc1
CCC(CC)COC(=O)[C@H](C)N[P@](=O)(OC[C@H]1O[C@@](C#N)(c2ccc3c(N)ncnn23)[C@H](O)[C@@H]1O)Oc1ccccc1.CCC(CC)COC(=O)[C@H](C)N[P@](=O)(OC[C@H]1O[C@@](C#N)(c2ccc3c(N)ncnn23)[C@H](O)[C@@H]1O)Oc1ccccc1>>CCC(C)COC(=O)[C@H](C)N[P@](=O)(OC[C@H]1O[C@@](C#N)(c2ccc3c(N)ncnn23)[C@H](O)[C@@H]1O)Oc1ccccc1.CCC(CC)C(C)OC(=O)[C@H](C)N[P@](=O)(OC[C@H]1O[C@@](C#N)(c2ccc3c(N)ncnn23)[C@H](O)[C@@H]1O)Oc1ccccc1
rule0028_51
rule0126_2
rule0126_2
No_Thermo
No_Thermo
No_Thermo

ranking 61
final score 2.0
Max reaction enthalpy score 0  x  2  =  0
Number of reactions score 0.0  x  4  =  0.0
By-product score 1.0  x  2  =  2.0
Pathway atom economy score 0.0  x  1  =  0.0
Salt score 0  x  0  =  0
Reaxys score 0  x  0  =  0
Cool score 0  x  0  =  0
atom economy 0.24999999999999994
pathway by-product 0
intermediate by-product {None: 0}
CCC(C)C(C)OC(=O)[C@H](C)N[P@](=O)(OC[C@H]1O[C@@](C#N)(c2ccc3c(N)ncnn23)[C@H](O)[C@@H]1O)Oc1ccccc1>>CCC(C[C@H](C)N[P@](=O)(OC[C@H]1O[C@@](C#N)(c2ccc3c(N)ncnn23)[C@H](O)[C@@H]1O)Oc1ccccc1)C(C)OC=O
CCC(CC)C(C)OC(=O)[C@H](C)N[P@](=O)(OC[C@H]1O[C@@](C#N)(c2ccc3c(N)ncnn23)[C@H](O)[C@@H]1O)Oc1ccccc1.CCC(CC)C(C)OC(=O)[C@H](C)N[P@](=O)(OC[C@H]1O[C@@](C#N)(c2ccc3c(N)ncnn23)[C@H](O)[C@@H]1O)Oc1ccccc1>>CCC(C)C(C)OC(=O)[C@H](C)N[P@](=O)(OC[C@H]1O[C@@](C#N)(c2ccc3c(N)ncnn23)[C@H](O)[C@@H]1O)Oc1ccccc1.CCC(CC)C(C)OC(=O)[C@H](C)N[P@](=O)(OC[C@H]1O[C@@](C#N)(c2ccc3c(N)ncnn23)[C@@](C)(O)[C@@H]1O)Oc1ccccc1
CCC(CC)COC(=O)[C@H](C)N[P@](=O)(OC[C@H]1O[C@@](C#N)(c2ccc3c(N)ncnn23)[C@H](O)[C@@H]1O)Oc1ccccc1.CCC(CC)COC(=O)[C@H](C)N[P@](=O)(OC[C@H]1O[C@@](C#N)(c2ccc3c(N)ncnn23)[C@H](O)[C@@H]1O)Oc1ccccc1>>CCC(CC)C(C)OC(=O)[C@H](C)N[P@](=O)(OC[C@H]1O[C@@](C#N)(c2ccc3c(N)ncnn23)[C@H](O)[C@@H]1O)Oc1ccccc1.CCC(CC)COC(=O)CN[P@](=O)(OC[C@H]1O[C@@](C#N)(c2ccc3c(N)ncnn23)[C@H](O)[C@@H]1O)Oc1ccccc1
rule0028_51
rule0126_2
rule0126_2
No_Thermo
No_Thermo
No_Thermo

ranking 62
final score 2.0
Max reaction enthalpy score 0  x  2  =  0
Number of reactions score 0.0  x  4  =  0.0
By-product score 1.0  x  2  =  2.0
Pathway atom economy score 0.0  x  1  =  0.0
Salt score 0  x  0  =  0
Reaxys score 0  x  0  =  0
Cool score 0  x  0  =  0
atom economy 0.24999999999999994
pathway by-product 0
intermediate by-product {None: 0}
CCC(C)C(C)OC(=O)[C@H](C)N[P@](=O)(OC[C@H]1O[C@@](C#N)(c2ccc3c(N)ncnn23)[C@H](O)[C@@H]1O)Oc1ccccc1>>CCC(C[C@H](C)N[P@](=O)(OC[C@H]1O[C@@](C#N)(c2ccc3c(N)ncnn23)[C@H](O)[C@@H]1O)Oc1ccccc1)C(C)OC=O
CCC(CC)C(C)OC(=O)[C@H](C)N[P@](=O)(OC[C@H]1O[C@@](C#N)(c2ccc3c(N)ncnn23)[C@H](O)[C@@H]1O)Oc1ccccc1.CCC(CC)C(C)OC(=O)[C@H](C)N[P@](=O)(OC[C@H]1O[C@@](C#N)(c2ccc3c(N)ncnn23)[C@H](O)[C@@H]1O)Oc1ccccc1>>CCC(C)C(C)OC(=O)[C@H](C)N[P@](=O)(OC[C@H]1O[C@@](C#N)(c2ccc3c(N)ncnn23)[C@H](O)[C@@H]1O)Oc1ccccc1.CCC(CC)C(C)OC(=O)[C@H](C)N[P@](=O)(OC[C@H]1O[C@@](C#N)(c2ccc3c(N)ncnn23)[C@@](C)(O)[C@@H]1O)Oc1ccccc1
CCC(CC)COC(=O)[C@H](C)N[P@](=O)(OC[C@H]1O[C@@](C#N)(c2ccc3c(N)ncnn23)[C@H](O)[C@@H]1O)Oc1ccccc1.CCC(CC)COC(=O)[C@H](C)N[P@](=O)(OC[C@H]1O[C@@](C#N)(c2ccc3c(N)ncnn23)[C@H](O)[C@@H]1O)Oc1ccccc1>>CCC(C)COC(=O)[C@H](C)N[P@](=O)(OC[C@H]1O[C@@](C#N)(c2ccc3c(N)ncnn23)[C@H](O)[C@@H]1O)Oc1ccccc1.CCC(CC)C(C)OC(=O)[C@H](C)N[P@](=O)(OC[C@H]1O[C@@](C#N)(c2ccc3c(N)ncnn23)[C@H](O)[C@@H]1O)Oc1ccccc1
rule0028_51
rule0126_2
rule0126_2
No_Thermo
No_Thermo
No_Thermo

ranking 63
final score 2.0
Max reaction enthalpy score 0  x  2  =  0
Number of reactions score 0.0  x  4  =  0.0
By-product score 1.0  x  2  =  2.0
Pathway atom economy score 0.0  x  1  =  0.0
Salt score 0  x  0  =  0
Reaxys score 0  x  0  =  0
Cool score 0  x  0  =  0
atom economy 0.24999999999999994
pathway by-product 0
intermediate by-product {None: 0}
CCC(C)C(C)OC(=O)[C@H](C)N[P@](=O)(OC[C@H]1O[C@@](C#N)(c2ccc3c(N)ncnn23)[C@H](O)[C@@H]1O)Oc1ccccc1>>CCC(C[C@H](C)N[P@](=O)(OC[C@H]1O[C@@](C#N)(c2ccc3c(N)ncnn23)[C@H](O)[C@@H]1O)Oc1ccccc1)C(C)OC=O
CCC(CC)C(C)OC(=O)[C@H](C)N[P@](=O)(OC[C@H]1O[C@@](C#N)(c2ccc3c(N)ncnn23)[C@H](O)[C@@H]1O)Oc1ccccc1.CCC(CC)C(C)OC(=O)[C@H](C)N[P@](=O)(OC[C@H]1O[C@@](C#N)(c2ccc3c(N)ncnn23)[C@H](O)[C@@H]1O)Oc1ccccc1>>CCC(C)C(C)OC(=O)[C@H](C)N[P@](=O)(OC[C@H]1O[C@@](C#N)(c2ccc3c(N)ncnn23)[C@H](O)[C@@H]1O)Oc1ccccc1.CCC(CC)C(C)OC(=O)[C@H](C)N[P@](=O)(OC[C@H]1O[C@@](C#N)(c2ccc3c(N)nc(C)nn23)[C@H](O)[C@@H]1O)Oc1ccccc1
CCC(CC)COC(=O)[C@H](C)N[P@](=O)(OC[C@H]1O[C@@](C#N)(c2ccc3c(N)ncnn23)[C@H](O)[C@@H]1O)Oc1ccccc1.CCC(CC)COC(=O)[C@H](C)N[P@](=O)(OC[C@H]1O[C@@](C#N)(c2ccc3c(N)ncnn23)[C@H](O)[C@@H]1O)Oc1ccccc1>>CCC(CC)C(C)OC(=O)[C@H](C)N[P@](=O)(OC[C@H]1O[C@@](C#N)(c2ccc3c(N)ncnn23)[C@H](O)[C@@H]1O)Oc1ccccc1.CCC(CC)COC(=O)CN[P@](=O)(OC[C@H]1O[C@@](C#N)(c2ccc3c(N)ncnn23)[C@H](O)[C@@H]1O)Oc1ccccc1
rule0028_51
rule0126_2
rule0126_2
No_Thermo
No_Thermo
No_Thermo

ranking 64
final score 2.0
Max reaction enthalpy score 0  x  2  =  0
Number of reactions score 0.0  x  4  =  0.0
By-product score 1.0  x  2  =  2.0
Pathway atom economy score 0.0  x  1  =  0.0
Salt score 0  x  0  =  0
Reaxys score 0  x  0  =  0
Cool score 0  x  0  =  0
atom economy 0.24999999999999994
pathway by-product 0
intermediate by-product {None: 0}
CCC(C)C(C)OC(=O)[C@H](C)N[P@](=O)(OC[C@H]1O[C@@](C#N)(c2ccc3c(N)ncnn23)[C@H](O)[C@@H]1O)Oc1ccccc1>>CCC(C[C@H](C)N[P@](=O)(OC[C@H]1O[C@@](C#N)(c2ccc3c(N)ncnn23)[C@H](O)[C@@H]1O)Oc1ccccc1)C(C)OC=O
CCC(CC)C(C)OC(=O)[C@H](C)N[P@](=O)(OC[C@H]1O[C@@](C#N)(c2ccc3c(N)ncnn23)[C@H](O)[C@@H]1O)Oc1ccccc1.CCC(CC)C(C)OC(=O)[C@H](C)N[P@](=O)(OC[C@H]1O[C@@](C#N)(c2ccc3c(N)ncnn23)[C@H](O)[C@@H]1O)Oc1ccccc1>>CCC(C)C(C)OC(=O)[C@H](C)N[P@](=O)(OC[C@H]1O[C@@](C#N)(c2ccc3c(N)ncnn23)[C@H](O)[C@@H]1O)Oc1ccccc1.CCC(CC)C(C)OC(=O)[C@H](C)N[P@](=O)(OC[C@H]1O[C@@](C#N)(c2ccc3c(N)nc(C)nn23)[C@H](O)[C@@H]1O)Oc1ccccc1
CCC(CC)COC(=O)[C@H](C)N[P@](=O)(OC[C@H]1O[C@@](C#N)(c2ccc3c(N)ncnn23)[C@H](O)[C@@H]1O)Oc1ccccc1.CCC(CC)COC(=O)[C@H](C)N[P@](=O)(OC[C@H]1O[C@@](C#N)(c2ccc3c(N)ncnn23)[C@H](O)[C@@H]1O)Oc1ccccc1>>CCC(C)COC(=O)[C@H](C)N[P@](=O)(OC[C@H]1O[C@@](C#N)(c2ccc3c(N)ncnn23)[C@H](O)[C@@H]1O)Oc1ccccc1.CCC(CC)C(C)OC(=O)[C@H](C)N[P@](=O)(OC[C@H]1O[C@@](C#N)(c2ccc3c(N)ncnn23)[C@H](O)[C@@H]1O)Oc1ccccc1
rule0028_51
rule0126_2
rule0126_2
No_Thermo
No_Thermo
No_Thermo

ranking 65
final score 2.0
Max reaction enthalpy score 0  x  2  =  0
Number of reactions score 0.0  x  4  =  0.0
By-product score 1.0  x  2  =  2.0
Pathway atom economy score 0.0  x  1  =  0.0
Salt score 0  x  0  =  0
Reaxys score 0  x  0  =  0
Cool score 0  x  0  =  0
atom economy 0.24999999999999994
pathway by-product 0
intermediate by-product {None: 0}
CCC(C)C(C)OC(=O)[C@H](C)N[P@](=O)(OC[C@H]1O[C@@](C#N)(c2ccc3c(N)ncnn23)[C@H](O)[C@@H]1O)Oc1ccccc1>>CCC(C[C@H](C)N[P@](=O)(OC[C@H]1O[C@@](C#N)(c2ccc3c(N)ncnn23)[C@H](O)[C@@H]1O)Oc1ccccc1)C(C)OC=O
CCC(CC)C(C)OC(=O)[C@H](C)N[P@](=O)(OC[C@H]1O[C@@](C#N)(c2ccc3c(N)ncnn23)[C@H](O)[C@@H]1O)Oc1ccccc1.CCC(CC)C(C)OC(=O)[C@H](C)N[P@](=O)(OC[C@H]1O[C@@](C#N)(c2ccc3c(N)ncnn23)[C@H](O)[C@@H]1O)Oc1ccccc1>>CCC(C)C(C)OC(=O)[C@H](C)N[P@](=O)(OC[C@H]1O[C@@](C#N)(c2ccc3c(N)ncnn23)[C@H](O)[C@@H]1O)Oc1ccccc1.CCC(CC)C(C)OC(=O)[C@H](C)N[P@](=O)(OC[C@H]1O[C@@](C#N)(c2cc(C)c3c(N)ncnn23)[C@H](O)[C@@H]1O)Oc1ccccc1
CCC(CC)COC(=O)[C@H](C)N[P@](=O)(OC[C@H]1O[C@@](C#N)(c2ccc3c(N)ncnn23)[C@H](O)[C@@H]1O)Oc1ccccc1.CCC(CC)COC(=O)[C@H](C)N[P@](=O)(OC[C@H]1O[C@@](C#N)(c2ccc3c(N)ncnn23)[C@H](O)[C@@H]1O)Oc1ccccc1>>CCC(CC)C(C)OC(=O)[C@H](C)N[P@](=O)(OC[C@H]1O[C@@](C#N)(c2ccc3c(N)ncnn23)[C@H](O)[C@@H]1O)Oc1ccccc1.CCC(CC)COC(=O)CN[P@](=O)(OC[C@H]1O[C@@](C#N)(c2ccc3c(N)ncnn23)[C@H](O)[C@@H]1O)Oc1ccccc1
rule0028_51
rule0126_2
rule0126_2
No_Thermo
No_Thermo
No_Thermo

ranking 66
final score 2.0
Max reaction enthalpy score 0  x  2  =  0
Number of reactions score 0.0  x  4  =  0.0
By-product score 1.0  x  2  =  2.0
Pathway atom economy score 0.0  x  1  =  0.0
Salt score 0  x  0  =  0
Reaxys score 0  x  0  =  0
Cool score 0  x  0  =  0
atom economy 0.24999999999999994
pathway by-product 0
intermediate by-product {None: 0}
CCC(C)C(C)OC(=O)[C@H](C)N[P@](=O)(OC[C@H]1O[C@@](C#N)(c2ccc3c(N)ncnn23)[C@H](O)[C@@H]1O)Oc1ccccc1>>CCC(C[C@H](C)N[P@](=O)(OC[C@H]1O[C@@](C#N)(c2ccc3c(N)ncnn23)[C@H](O)[C@@H]1O)Oc1ccccc1)C(C)OC=O
CCC(CC)C(C)OC(=O)[C@H](C)N[P@](=O)(OC[C@H]1O[C@@](C#N)(c2ccc3c(N)ncnn23)[C@H](O)[C@@H]1O)Oc1ccccc1.CCC(CC)C(C)OC(=O)[C@H](C)N[P@](=O)(OC[C@H]1O[C@@](C#N)(c2ccc3c(N)ncnn23)[C@H](O)[C@@H]1O)Oc1ccccc1>>CCC(C)C(C)OC(=O)[C@H](C)N[P@](=O)(OC[C@H]1O[C@@](C#N)(c2ccc3c(N)ncnn23)[C@H](O)[C@@H]1O)Oc1ccccc1.CCC(CC)C(C)OC(=O)[C@H](C)N[P@](=O)(OC[C@H]1O[C@@](C#N)(c2cc(C)c3c(N)ncnn23)[C@H](O)[C@@H]1O)Oc1ccccc1
CCC(CC)COC(=O)[C@H](C)N[P@](=O)(OC[C@H]1O[C@@](C#N)(c2ccc3c(N)ncnn23)[C@H](O)[C@@H]1O)Oc1ccccc1.CCC(CC)COC(=O)[C@H](C)N[P@](=O)(OC[C@H]1O[C@@](C#N)(c2ccc3c(N)ncnn23)[C@H](O)[C@@H]1O)Oc1ccccc1>>CCC(C)COC(=O)[C@H](C)N[P@](=O)(OC[C@H]1O[C@@](C#N)(c2ccc3c(N)ncnn23)[C@H](O)[C@@H]1O)Oc1ccccc1.CCC(CC)C(C)OC(=O)[C@H](C)N[P@](=O)(OC[C@H]1O[C@@](C#N)(c2ccc3c(N)ncnn23)[C@H](O)[C@@H]1O)Oc1ccccc1
rule0028_51
rule0126_2
rule0126_2
No_Thermo
No_Thermo
No_Thermo

ranking 67
final score 2.0
Max reaction enthalpy score 0  x  2  =  0
Number of reactions score 0.0  x  4  =  0.0
By-product score 1.0  x  2  =  2.0
Pathway atom economy score 0.0  x  1  =  0.0
Salt score 0  x  0  =  0
Reaxys score 0  x  0  =  0
Cool score 0  x  0  =  0
atom economy 0.24999999999999994
pathway by-product 0
intermediate by-product {None: 0}
CCC(C)C(C)OC(=O)[C@H](C)N[P@](=O)(OC[C@H]1O[C@@](C#N)(c2ccc3c(N)ncnn23)[C@H](O)[C@@H]1O)Oc1ccccc1>>CCC(C[C@H](C)N[P@](=O)(OC[C@H]1O[C@@](C#N)(c2ccc3c(N)ncnn23)[C@H](O)[C@@H]1O)Oc1ccccc1)C(C)OC=O
CCC(CC)C(C)OC(=O)[C@H](C)N[P@](=O)(OC[C@H]1O[C@@](C#N)(c2ccc3c(N)ncnn23)[C@H](O)[C@@H]1O)Oc1ccccc1.CCC(CC)C(C)OC(=O)[C@H](C)N[P@](=O)(OC[C@H]1O[C@@](C#N)(c2ccc3c(N)ncnn23)[C@H](O)[C@@H]1O)Oc1ccccc1>>CCC(C)C(C)OC(=O)[C@H](C)N[P@](=O)(OC[C@H]1O[C@@](C#N)(c2ccc3c(N)ncnn23)[C@H](O)[C@@H]1O)Oc1ccccc1.CCC(CC)C(C)OC(=O)[C@H](C)N[P@](=O)(OC[C@H]1O[C@@](C#N)(c2c(C)cc3c(N)ncnn23)[C@H](O)[C@@H]1O)Oc1ccccc1
CCC(CC)COC(=O)[C@H](C)N[P@](=O)(OC[C@H]1O[C@@](C#N)(c2ccc3c(N)ncnn23)[C@H](O)[C@@H]1O)Oc1ccccc1.CCC(CC)COC(=O)[C@H](C)N[P@](=O)(OC[C@H]1O[C@@](C#N)(c2ccc3c(N)ncnn23)[C@H](O)[C@@H]1O)Oc1ccccc1>>CCC(CC)C(C)OC(=O)[C@H](C)N[P@](=O)(OC[C@H]1O[C@@](C#N)(c2ccc3c(N)ncnn23)[C@H](O)[C@@H]1O)Oc1ccccc1.CCC(CC)COC(=O)CN[P@](=O)(OC[C@H]1O[C@@](C#N)(c2ccc3c(N)ncnn23)[C@H](O)[C@@H]1O)Oc1ccccc1
rule0028_51
rule0126_2
rule0126_2
No_Thermo
No_Thermo
No_Thermo

ranking 68
final score 2.0
Max reaction enthalpy score 0  x  2  =  0
Number of reactions score 0.0  x  4  =  0.0
By-product score 1.0  x  2  =  2.0
Pathway atom economy score 0.0  x  1  =  0.0
Salt score 0  x  0  =  0
Reaxys score 0  x  0  =  0
Cool score 0  x  0  =  0
atom economy 0.24999999999999994
pathway by-product 0
intermediate by-product {None: 0}
CCC(C)C(C)OC(=O)[C@H](C)N[P@](=O)(OC[C@H]1O[C@@](C#N)(c2ccc3c(N)ncnn23)[C@H](O)[C@@H]1O)Oc1ccccc1>>CCC(C[C@H](C)N[P@](=O)(OC[C@H]1O[C@@](C#N)(c2ccc3c(N)ncnn23)[C@H](O)[C@@H]1O)Oc1ccccc1)C(C)OC=O
CCC(CC)C(C)OC(=O)[C@H](C)N[P@](=O)(OC[C@H]1O[C@@](C#N)(c2ccc3c(N)ncnn23)[C@H](O)[C@@H]1O)Oc1ccccc1.CCC(CC)C(C)OC(=O)[C@H](C)N[P@](=O)(OC[C@H]1O[C@@](C#N)(c2ccc3c(N)ncnn23)[C@H](O)[C@@H]1O)Oc1ccccc1>>CCC(C)C(C)OC(=O)[C@H](C)N[P@](=O)(OC[C@H]1O[C@@](C#N)(c2ccc3c(N)ncnn23)[C@H](O)[C@@H]1O)Oc1ccccc1.CCC(CC)C(C)OC(=O)[C@H](C)N[P@](=O)(OC[C@H]1O[C@@](C#N)(c2c(C)cc3c(N)ncnn23)[C@H](O)[C@@H]1O)Oc1ccccc1
CCC(CC)COC(=O)[C@H](C)N[P@](=O)(OC[C@H]1O[C@@](C#N)(c2ccc3c(N)ncnn23)[C@H](O)[C@@H]1O)Oc1ccccc1.CCC(CC)COC(=O)[C@H](C)N[P@](=O)(OC[C@H]1O[C@@](C#N)(c2ccc3c(N)ncnn23)[C@H](O)[C@@H]1O)Oc1ccccc1>>CCC(C)COC(=O)[C@H](C)N[P@](=O)(OC[C@H]1O[C@@](C#N)(c2ccc3c(N)ncnn23)[C@H](O)[C@@H]1O)Oc1ccccc1.CCC(CC)C(C)OC(=O)[C@H](C)N[P@](=O)(OC[C@H]1O[C@@](C#N)(c2ccc3c(N)ncnn23)[C@H](O)[C@@H]1O)Oc1ccccc1
rule0028_51
rule0126_2
rule0126_2
No_Thermo
No_Thermo
No_Thermo

ranking 69
final score 2.0
Max reaction enthalpy score 0  x  2  =  0
Number of reactions score 0.0  x  4  =  0.0
By-product score 1.0  x  2  =  2.0
Pathway atom economy score 7.401486830834377e-17  x  1  =  7.401486830834377e-17
Salt score 0  x  0  =  0
Reaxys score 0  x  0  =  0
Cool score 0  x  0  =  0
atom economy 0.25
pathway by-product 0
intermediate by-product {None: 0}
CCC(C)C(C)OC(=O)[C@H](C)N[P@](=O)(OC[C@H]1O[C@@](C#N)(c2ccc3c(N)ncnn23)[C@H](O)[C@@H]1O)Oc1ccccc1>>CCC(C[C@H](C)N[P@](=O)(OC[C@H]1O[C@@](C#N)(c2ccc3c(N)ncnn23)[C@H](O)[C@@H]1O)Oc1ccccc1)C(C)OC=O
CCC(CC)C(C)OC(=O)[C@H](C)N[P@](=O)(OC[C@H]1O[C@@](C#N)(c2ccc3c(N)ncnn23)[C@H](O)[C@@H]1O)Oc1ccccc1.CCC(CC)C(C)OC(=O)[C@H](C)N[P@](=O)(OC[C@H]1O[C@@](C#N)(c2ccc3c(N)ncnn23)[C@H](O)[C@@H]1O)Oc1ccccc1>>CCC(C)C(C)OC(=O)[C@H](C)N[P@](=O)(OC[C@H]1O[C@@](C#N)(c2ccc3c(N)ncnn23)[C@H](O)[C@@H]1O)Oc1ccccc1.CCC(CC)C(C)OC(=O)[C@H](C)N[P@@](=O)(Oc1ccccc1)OC(C)[C@H]1O[C@@](C#N)(c2ccc3c(N)ncnn23)[C@H](O)[C@@H]1O
CCC(CC)COC(=O)[C@H](C)N[P@](=O)(OC[C@H]1O[C@@](C#N)(c2ccc3c(N)ncnn23)[C@H](O)[C@@H]1O)Oc1ccccc1.CCC(CC)COC(=O)[C@H](C)N[P@](=O)(OC[C@H]1O[C@@](C#N)(c2ccc3c(N)ncnn23)[C@H](O)[C@@H]1O)Oc1ccccc1>>CCC(CC)C(C)OC(=O)[C@H](C)N[P@](=O)(OC[C@H]1O[C@@](C#N)(c2ccc3c(N)ncnn23)[C@H](O)[C@@H]1O)Oc1ccccc1.CCC(CC)COC(=O)CN[P@](=O)(OC[C@H]1O[C@@](C#N)(c2ccc3c(N)ncnn23)[C@H](O)[C@@H]1O)Oc1ccccc1
rule0028_51
rule0126_2
rule0126_2
No_Thermo
No_Thermo
No_Thermo

ranking 70
final score 2.0
Max reaction enthalpy score 0  x  2  =  0
Number of reactions score 0.0  x  4  =  0.0
By-product score 1.0  x  2  =  2.0
Pathway atom economy score 7.401486830834377e-17  x  1  =  7.401486830834377e-17
Salt score 0  x  0  =  0
Reaxys score 0  x  0  =  0
Cool score 0  x  0  =  0
atom economy 0.25
pathway by-product 0
intermediate by-product {None: 0}
CCC(C)C(C)OC(=O)[C@H](C)N[P@](=O)(OC[C@H]1O[C@@](C#N)(c2ccc3c(N)ncnn23)[C@H](O)[C@@H]1O)Oc1ccccc1>>CCC(C[C@H](C)N[P@](=O)(OC[C@H]1O[C@@](C#N)(c2ccc3c(N)ncnn23)[C@H](O)[C@@H]1O)Oc1ccccc1)C(C)OC=O
CCC(CC)C(C)OC(=O)[C@H](C)N[P@](=O)(OC[C@H]1O[C@@](C#N)(c2ccc3c(N)ncnn23)[C@H](O)[C@@H]1O)Oc1ccccc1.CCC(CC)C(C)OC(=O)[C@H](C)N[P@](=O)(OC[C@H]1O[C@@](C#N)(c2ccc3c(N)ncnn23)[C@H](O)[C@@H]1O)Oc1ccccc1>>CCC(C)C(C)OC(=O)[C@H](C)N[P@](=O)(OC[C@H]1O[C@@](C#N)(c2ccc3c(N)ncnn23)[C@H](O)[C@@H]1O)Oc1ccccc1.CCC(CC)C(C)OC(=O)[C@H](C)N[P@@](=O)(Oc1ccccc1)OC(C)[C@H]1O[C@@](C#N)(c2ccc3c(N)ncnn23)[C@H](O)[C@@H]1O
CCC(CC)COC(=O)[C@H](C)N[P@](=O)(OC[C@H]1O[C@@](C#N)(c2ccc3c(N)ncnn23)[C@H](O)[C@@H]1O)Oc1ccccc1.CCC(CC)COC(=O)[C@H](C)N[P@](=O)(OC[C@H]1O[C@@](C#N)(c2ccc3c(N)ncnn23)[C@H](O)[C@@H]1O)Oc1ccccc1>>CCC(C)COC(=O)[C@H](C)N[P@](=O)(OC[C@H]1O[C@@](C#N)(c2ccc3c(N)ncnn23)[C@H](O)[C@@H]1O)Oc1ccccc1.CCC(CC)C(C)OC(=O)[C@H](C)N[P@](=O)(OC[C@H]1O[C@@](C#N)(c2ccc3c(N)ncnn23)[C@H](O)[C@@H]1O)Oc1ccccc1
rule0028_51
rule0126_2
rule0126_2
No_Thermo
No_Thermo
No_Thermo

ranking 71
final score 2.0
Max reaction enthalpy score 0  x  2  =  0
Number of reactions score 0.0  x  4  =  0.0
By-product score 1.0  x  2  =  2.0
Pathway atom economy score 0.0  x  1  =  0.0
Salt score 0  x  0  =  0
Reaxys score 0  x  0  =  0
Cool score 0  x  0  =  0
atom economy 0.24999999999999994
pathway by-product 0
intermediate by-product {None: 0}
CCC(C)C(C)OC(=O)[C@H](C)N[P@](=O)(OC[C@H]1O[C@@](C#N)(c2ccc3c(N)ncnn23)[C@H](O)[C@@H]1O)Oc1ccccc1>>CCC(C[C@H](C)N[P@](=O)(OC[C@H]1O[C@@](C#N)(c2ccc3c(N)ncnn23)[C@H](O)[C@@H]1O)Oc1ccccc1)C(C)OC=O
CCC(CC)C(C)OC(=O)[C@H](C)N[P@](=O)(OC[C@H]1O[C@@](C#N)(c2ccc3c(N)ncnn23)[C@H](O)[C@@H]1O)Oc1ccccc1.CCC(CC)C(C)OC(=O)[C@H](C)N[P@](=O)(OC[C@H]1O[C@@](C#N)(c2ccc3c(N)ncnn23)[C@H](O)[C@@H]1O)Oc1ccccc1>>CCC(C)C(C)OC(=O)[C@H](C)N[P@](=O)(OC[C@H]1O[C@@](C#N)(c2ccc3c(N)ncnn23)[C@H](O)[C@@H]1O)Oc1ccccc1.CCC(CC)C(C)OC(=O)C(C)(C)N[P@](=O)(OC[C@H]1O[C@@](C#N)(c2ccc3c(N)ncnn23)[C@H](O)[C@@H]1O)Oc1ccccc1
CCC(CC)COC(=O)[C@H](C)N[P@](=O)(OC[C@H]1O[C@@](C#N)(c2ccc3c(N)ncnn23)[C@H](O)[C@@H]1O)Oc1ccccc1.CCC(CC)COC(=O)[C@H](C)N[P@](=O)(OC[C@H]1O[C@@](C#N)(c2ccc3c(N)ncnn23)[C@H](O)[C@@H]1O)Oc1ccccc1>>CCC(CC)C(C)OC(=O)[C@H](C)N[P@](=O)(OC[C@H]1O[C@@](C#N)(c2ccc3c(N)ncnn23)[C@H](O)[C@@H]1O)Oc1ccccc1.CCC(CC)COC(=O)CN[P@](=O)(OC[C@H]1O[C@@](C#N)(c2ccc3c(N)ncnn23)[C@H](O)[C@@H]1O)Oc1ccccc1
rule0028_51
rule0126_2
rule0126_2
No_Thermo
No_Thermo
No_Thermo

ranking 72
final score 2.0
Max reaction enthalpy score 0  x  2  =  0
Number of reactions score 0.0  x  4  =  0.0
By-product score 1.0  x  2  =  2.0
Pathway atom economy score 0.0  x  1  =  0.0
Salt score 0  x  0  =  0
Reaxys score 0  x  0  =  0
Cool score 0  x  0  =  0
atom economy 0.24999999999999994
pathway by-product 0
intermediate by-product {None: 0}
CCC(C)C(C)OC(=O)[C@H](C)N[P@](=O)(OC[C@H]1O[C@@](C#N)(c2ccc3c(N)ncnn23)[C@H](O)[C@@H]1O)Oc1ccccc1>>CCC(C[C@H](C)N[P@](=O)(OC[C@H]1O[C@@](C#N)(c2ccc3c(N)ncnn23)[C@H](O)[C@@H]1O)Oc1ccccc1)C(C)OC=O
CCC(CC)C(C)OC(=O)[C@H](C)N[P@](=O)(OC[C@H]1O[C@@](C#N)(c2ccc3c(N)ncnn23)[C@H](O)[C@@H]1O)Oc1ccccc1.CCC(CC)C(C)OC(=O)[C@H](C)N[P@](=O)(OC[C@H]1O[C@@](C#N)(c2ccc3c(N)ncnn23)[C@H](O)[C@@H]1O)Oc1ccccc1>>CCC(C)C(C)OC(=O)[C@H](C)N[P@](=O)(OC[C@H]1O[C@@](C#N)(c2ccc3c(N)ncnn23)[C@H](O)[C@@H]1O)Oc1ccccc1.CCC(CC)C(C)OC(=O)C(C)(C)N[P@](=O)(OC[C@H]1O[C@@](C#N)(c2ccc3c(N)ncnn23)[C@H](O)[C@@H]1O)Oc1ccccc1
CCC(CC)COC(=O)[C@H](C)N[P@](=O)(OC[C@H]1O[C@@](C#N)(c2ccc3c(N)ncnn23)[C@H](O)[C@@H]1O)Oc1ccccc1.CCC(CC)COC(=O)[C@H](C)N[P@](=O)(OC[C@H]1O[C@@](C#N)(c2ccc3c(N)ncnn23)[C@H](O)[C@@H]1O)Oc1ccccc1>>CCC(C)COC(=O)[C@H](C)N[P@](=O)(OC[C@H]1O[C@@](C#N)(c2ccc3c(N)ncnn23)[C@H](O)[C@@H]1O)Oc1ccccc1.CCC(CC)C(C)OC(=O)[C@H](C)N[P@](=O)(OC[C@H]1O[C@@](C#N)(c2ccc3c(N)ncnn23)[C@H](O)[C@@H]1O)Oc1ccccc1
rule0028_51
rule0126_2
rule0126_2
No_Thermo
No_Thermo
No_Thermo

ranking 73
final score 2.0
Max reaction enthalpy score 0  x  2  =  0
Number of reactions score 0.0  x  4  =  0.0
By-product score 1.0  x  2  =  2.0
Pathway atom economy score 0.0  x  1  =  0.0
Salt score 0  x  0  =  0
Reaxys score 0  x  0  =  0
Cool score 0  x  0  =  0
atom economy 0.24999999999999994
pathway by-product 0
intermediate by-product {None: 0}
CCC(C)C(C)OC(=O)[C@H](C)N[P@](=O)(OC[C@H]1O[C@@](C#N)(c2ccc3c(N)ncnn23)[C@H](O)[C@@H]1O)Oc1ccccc1>>CCC(C[C@H](C)N[P@](=O)(OC[C@H]1O[C@@](C#N)(c2ccc3c(N)ncnn23)[C@H](O)[C@@H]1O)Oc1ccccc1)C(C)OC=O
CCC(CC)C(C)OC(=O)[C@H](C)N[P@](=O)(OC[C@H]1O[C@@](C#N)(c2ccc3c(N)ncnn23)[C@H](O)[C@@H]1O)Oc1ccccc1.CCC(CC)C(C)OC(=O)[C@H](C)N[P@](=O)(OC[C@H]1O[C@@](C#N)(c2ccc3c(N)ncnn23)[C@H](O)[C@@H]1O)Oc1ccccc1>>CCC(C)C(C)OC(=O)[C@H](C)N[P@](=O)(OC[C@H]1O[C@@](C#N)(c2ccc3c(N)ncnn23)[C@H](O)[C@@H]1O)Oc1ccccc1.CCC(CC)C(C)(C)OC(=O)[C@H](C)N[P@](=O)(OC[C@H]1O[C@@](C#N)(c2ccc3c(N)ncnn23)[C@H](O)[C@@H]1O)Oc1ccccc1
CCC(CC)COC(=O)[C@H](C)N[P@](=O)(OC[C@H]1O[C@@](C#N)(c2ccc3c(N)ncnn23)[C@H](O)[C@@H]1O)Oc1ccccc1.CCC(CC)COC(=O)[C@H](C)N[P@](=O)(OC[C@H]1O[C@@](C#N)(c2ccc3c(N)ncnn23)[C@H](O)[C@@H]1O)Oc1ccccc1>>CCC(CC)C(C)OC(=O)[C@H](C)N[P@](=O)(OC[C@H]1O[C@@](C#N)(c2ccc3c(N)ncnn23)[C@H](O)[C@@H]1O)Oc1ccccc1.CCC(CC)COC(=O)CN[P@](=O)(OC[C@H]1O[C@@](C#N)(c2ccc3c(N)ncnn23)[C@H](O)[C@@H]1O)Oc1ccccc1
rule0028_51
rule0126_2
rule0126_2
No_Thermo
No_Thermo
No_Thermo

ranking 74
final score 2.0
Max reaction enthalpy score 0  x  2  =  0
Number of reactions score 0.0  x  4  =  0.0
By-product score 1.0  x  2  =  2.0
Pathway atom economy score 0.0  x  1  =  0.0
Salt score 0  x  0  =  0
Reaxys score 0  x  0  =  0
Cool score 0  x  0  =  0
atom economy 0.24999999999999994
pathway by-product 0
intermediate by-product {None: 0}
CCC(C)C(C)OC(=O)[C@H](C)N[P@](=O)(OC[C@H]1O[C@@](C#N)(c2ccc3c(N)ncnn23)[C@H](O)[C@@H]1O)Oc1ccccc1>>CCC(C[C@H](C)N[P@](=O)(OC[C@H]1O[C@@](C#N)(c2ccc3c(N)ncnn23)[C@H](O)[C@@H]1O)Oc1ccccc1)C(C)OC=O
CCC(CC)C(C)OC(=O)[C@H](C)N[P@](=O)(OC[C@H]1O[C@@](C#N)(c2ccc3c(N)ncnn23)[C@H](O)[C@@H]1O)Oc1ccccc1.CCC(CC)C(C)OC(=O)[C@H](C)N[P@](=O)(OC[C@H]1O[C@@](C#N)(c2ccc3c(N)ncnn23)[C@H](O)[C@@H]1O)Oc1ccccc1>>CCC(C)C(C)OC(=O)[C@H](C)N[P@](=O)(OC[C@H]1O[C@@](C#N)(c2ccc3c(N)ncnn23)[C@H](O)[C@@H]1O)Oc1ccccc1.CCC(CC)C(C)(C)OC(=O)[C@H](C)N[P@](=O)(OC[C@H]1O[C@@](C#N)(c2ccc3c(N)ncnn23)[C@H](O)[C@@H]1O)Oc1ccccc1
CCC(CC)COC(=O)[C@H](C)N[P@](=O)(OC[C@H]1O[C@@](C#N)(c2ccc3c(N)ncnn23)[C@H](O)[C@@H]1O)Oc1ccccc1.CCC(CC)COC(=O)[C@H](C)N[P@](=O)(OC[C@H]1O[C@@](C#N)(c2ccc3c(N)ncnn23)[C@H](O)[C@@H]1O)Oc1ccccc1>>CCC(C)COC(=O)[C@H](C)N[P@](=O)(OC[C@H]1O[C@@](C#N)(c2ccc3c(N)ncnn23)[C@H](O)[C@@H]1O)Oc1ccccc1.CCC(CC)C(C)OC(=O)[C@H](C)N[P@](=O)(OC[C@H]1O[C@@](C#N)(c2ccc3c(N)ncnn23)[C@H](O)[C@@H]1O)Oc1ccccc1
rule0028_51
rule0126_2
rule0126_2
No_Thermo
No_Thermo
No_Thermo

ranking 75
final score 2.0
Max reaction enthalpy score 0  x  2  =  0
Number of reactions score 0.0  x  4  =  0.0
By-product score 1.0  x  2  =  2.0
Pathway atom economy score 0.0  x  1  =  0.0
Salt score 0  x  0  =  0
Reaxys score 0  x  0  =  0
Cool score 0  x  0  =  0
atom economy 0.24999999999999994
pathway by-product 0
intermediate by-product {None: 0}
CCC(C)C(C)OC(=O)[C@H](C)N[P@](=O)(OC[C@H]1O[C@@](C#N)(c2ccc3c(N)ncnn23)[C@H](O)[C@@H]1O)Oc1ccccc1>>CCC(C[C@H](C)N[P@](=O)(OC[C@H]1O[C@@](C#N)(c2ccc3c(N)ncnn23)[C@H](O)[C@@H]1O)Oc1ccccc1)C(C)OC=O
CCC(CC)C(C)OC(=O)[C@H](C)N[P@](=O)(OC[C@H]1O[C@@](C#N)(c2ccc3c(N)ncnn23)[C@H](O)[C@@H]1O)Oc1ccccc1.CCC(CC)C(C)OC(=O)[C@H](C)N[P@](=O)(OC[C@H]1O[C@@](C#N)(c2ccc3c(N)ncnn23)[C@H](O)[C@@H]1O)Oc1ccccc1>>CCC(C)(CC)C(C)OC(=O)[C@H](C)N[P@](=O)(OC[C@H]1O[C@@](C#N)(c2ccc3c(N)ncnn23)[C@H](O)[C@@H]1O)Oc1ccccc1.CCC(C)C(C)OC(=O)[C@H](C)N[P@](=O)(OC[C@H]1O[C@@](C#N)(c2ccc3c(N)ncnn23)[C@H](O)[C@@H]1O)Oc1ccccc1
CCC(CC)COC(=O)[C@H](C)N[P@](=O)(OC[C@H]1O[C@@](C#N)(c2ccc3c(N)ncnn23)[C@H](O)[C@@H]1O)Oc1ccccc1.CCC(CC)COC(=O)[C@H](C)N[P@](=O)(OC[C@H]1O[C@@](C#N)(c2ccc3c(N)ncnn23)[C@H](O)[C@@H]1O)Oc1ccccc1>>CCC(CC)C(C)OC(=O)[C@H](C)N[P@](=O)(OC[C@H]1O[C@@](C#N)(c2ccc3c(N)ncnn23)[C@H](O)[C@@H]1O)Oc1ccccc1.CCC(CC)COC(=O)CN[P@](=O)(OC[C@H]1O[C@@](C#N)(c2ccc3c(N)ncnn23)[C@H](O)[C@@H]1O)Oc1ccccc1
rule0028_51
rule0126_2
rule0126_2
No_Thermo
No_Thermo
No_Thermo

ranking 76
final score 2.0
Max reaction enthalpy score 0  x  2  =  0
Number of reactions score 0.0  x  4  =  0.0
By-product score 1.0  x  2  =  2.0
Pathway atom economy score 0.0  x  1  =  0.0
Salt score 0  x  0  =  0
Reaxys score 0  x  0  =  0
Cool score 0  x  0  =  0
atom economy 0.24999999999999994
pathway by-product 0
intermediate by-product {None: 0}
CCC(C)C(C)OC(=O)[C@H](C)N[P@](=O)(OC[C@H]1O[C@@](C#N)(c2ccc3c(N)ncnn23)[C@H](O)[C@@H]1O)Oc1ccccc1>>CCC(C[C@H](C)N[P@](=O)(OC[C@H]1O[C@@](C#N)(c2ccc3c(N)ncnn23)[C@H](O)[C@@H]1O)Oc1ccccc1)C(C)OC=O
CCC(CC)C(C)OC(=O)[C@H](C)N[P@](=O)(OC[C@H]1O[C@@](C#N)(c2ccc3c(N)ncnn23)[C@H](O)[C@@H]1O)Oc1ccccc1.CCC(CC)C(C)OC(=O)[C@H](C)N[P@](=O)(OC[C@H]1O[C@@](C#N)(c2ccc3c(N)ncnn23)[C@H](O)[C@@H]1O)Oc1ccccc1>>CCC(C)(CC)C(C)OC(=O)[C@H](C)N[P@](=O)(OC[C@H]1O[C@@](C#N)(c2ccc3c(N)ncnn23)[C@H](O)[C@@H]1O)Oc1ccccc1.CCC(C)C(C)OC(=O)[C@H](C)N[P@](=O)(OC[C@H]1O[C@@](C#N)(c2ccc3c(N)ncnn23)[C@H](O)[C@@H]1O)Oc1ccccc1
CCC(CC)COC(=O)[C@H](C)N[P@](=O)(OC[C@H]1O[C@@](C#N)(c2ccc3c(N)ncnn23)[C@H](O)[C@@H]1O)Oc1ccccc1.CCC(CC)COC(=O)[C@H](C)N[P@](=O)(OC[C@H]1O[C@@](C#N)(c2ccc3c(N)ncnn23)[C@H](O)[C@@H]1O)Oc1ccccc1>>CCC(C)COC(=O)[C@H](C)N[P@](=O)(OC[C@H]1O[C@@](C#N)(c2ccc3c(N)ncnn23)[C@H](O)[C@@H]1O)Oc1ccccc1.CCC(CC)C(C)OC(=O)[C@H](C)N[P@](=O)(OC[C@H]1O[C@@](C#N)(c2ccc3c(N)ncnn23)[C@H](O)[C@@H]1O)Oc1ccccc1
rule0028_51
rule0126_2
rule0126_2
No_Thermo
No_Thermo
No_Thermo

ranking 77
final score 2.0
Max reaction enthalpy score 0  x  2  =  0
Number of reactions score 0.0  x  4  =  0.0
By-product score 1.0  x  2  =  2.0
Pathway atom economy score 0.0  x  1  =  0.0
Salt score 0  x  0  =  0
Reaxys score 0  x  0  =  0
Cool score 0  x  0  =  0
atom economy 0.24999999999999994
pathway by-product 0
intermediate by-product {None: 0}
CCC(C)C(C)OC(=O)[C@H](C)N[P@](=O)(OC[C@H]1O[C@@](C#N)(c2ccc3c(N)ncnn23)[C@H](O)[C@@H]1O)Oc1ccccc1>>CCC(C[C@H](C)N[P@](=O)(OC[C@H]1O[C@@](C#N)(c2ccc3c(N)ncnn23)[C@H](O)[C@@H]1O)Oc1ccccc1)C(C)OC=O
CCC(CC)C(C)OC(=O)[C@H](C)N[P@](=O)(OC[C@H]1O[C@@](C#N)(c2ccc3c(N)ncnn23)[C@H](O)[C@@H]1O)Oc1ccccc1.CCC(CC)C(C)OC(=O)[C@H](C)N[P@](=O)(OC[C@H]1O[C@@](C#N)(c2ccc3c(N)ncnn23)[C@H](O)[C@@H]1O)Oc1ccccc1>>CCC(C(C)C)C(C)OC(=O)[C@H](C)N[P@](=O)(OC[C@H]1O[C@@](C#N)(c2ccc3c(N)ncnn23)[C@H](O)[C@@H]1O)Oc1ccccc1.CCC(C)C(C)OC(=O)[C@H](C)N[P@](=O)(OC[C@H]1O[C@@](C#N)(c2ccc3c(N)ncnn23)[C@H](O)[C@@H]1O)Oc1ccccc1
CCC(CC)COC(=O)[C@H](C)N[P@](=O)(OC[C@H]1O[C@@](C#N)(c2ccc3c(N)ncnn23)[C@H](O)[C@@H]1O)Oc1ccccc1.CCC(CC)COC(=O)[C@H](C)N[P@](=O)(OC[C@H]1O[C@@](C#N)(c2ccc3c(N)ncnn23)[C@H](O)[C@@H]1O)Oc1ccccc1>>CCC(CC)C(C)OC(=O)[C@H](C)N[P@](=O)(OC[C@H]1O[C@@](C#N)(c2ccc3c(N)ncnn23)[C@H](O)[C@@H]1O)Oc1ccccc1.CCC(CC)COC(=O)CN[P@](=O)(OC[C@H]1O[C@@](C#N)(c2ccc3c(N)ncnn23)[C@H](O)[C@@H]1O)Oc1ccccc1
rule0028_51
rule0126_2
rule0126_2
No_Thermo
No_Thermo
No_Thermo

ranking 78
final score 2.0
Max reaction enthalpy score 0  x  2  =  0
Number of reactions score 0.0  x  4  =  0.0
By-product score 1.0  x  2  =  2.0
Pathway atom economy score 0.0  x  1  =  0.0
Salt score 0  x  0  =  0
Reaxys score 0  x  0  =  0
Cool score 0  x  0  =  0
atom economy 0.24999999999999994
pathway by-product 0
intermediate by-product {None: 0}
CCC(C)C(C)OC(=O)[C@H](C)N[P@](=O)(OC[C@H]1O[C@@](C#N)(c2ccc3c(N)ncnn23)[C@H](O)[C@@H]1O)Oc1ccccc1>>CCC(C[C@H](C)N[P@](=O)(OC[C@H]1O[C@@](C#N)(c2ccc3c(N)ncnn23)[C@H](O)[C@@H]1O)Oc1ccccc1)C(C)OC=O
CCC(CC)C(C)OC(=O)[C@H](C)N[P@](=O)(OC[C@H]1O[C@@](C#N)(c2ccc3c(N)ncnn23)[C@H](O)[C@@H]1O)Oc1ccccc1.CCC(CC)C(C)OC(=O)[C@H](C)N[P@](=O)(OC[C@H]1O[C@@](C#N)(c2ccc3c(N)ncnn23)[C@H](O)[C@@H]1O)Oc1ccccc1>>CCC(C(C)C)C(C)OC(=O)[C@H](C)N[P@](=O)(OC[C@H]1O[C@@](C#N)(c2ccc3c(N)ncnn23)[C@H](O)[C@@H]1O)Oc1ccccc1.CCC(C)C(C)OC(=O)[C@H](C)N[P@](=O)(OC[C@H]1O[C@@](C#N)(c2ccc3c(N)ncnn23)[C@H](O)[C@@H]1O)Oc1ccccc1
CCC(CC)COC(=O)[C@H](C)N[P@](=O)(OC[C@H]1O[C@@](C#N)(c2ccc3c(N)ncnn23)[C@H](O)[C@@H]1O)Oc1ccccc1.CCC(CC)COC(=O)[C@H](C)N[P@](=O)(OC[C@H]1O[C@@](C#N)(c2ccc3c(N)ncnn23)[C@H](O)[C@@H]1O)Oc1ccccc1>>CCC(C)COC(=O)[C@H](C)N[P@](=O)(OC[C@H]1O[C@@](C#N)(c2ccc3c(N)ncnn23)[C@H](O)[C@@H]1O)Oc1ccccc1.CCC(CC)C(C)OC(=O)[C@H](C)N[P@](=O)(OC[C@H]1O[C@@](C#N)(c2ccc3c(N)ncnn23)[C@H](O)[C@@H]1O)Oc1ccccc1
rule0028_51
rule0126_2
rule0126_2
No_Thermo
No_Thermo
No_Thermo

ranking 79
final score 2.0
Max reaction enthalpy score 0  x  2  =  0
Number of reactions score 0.0  x  4  =  0.0
By-product score 1.0  x  2  =  2.0
Pathway atom economy score 0.0  x  1  =  0.0
Salt score 0  x  0  =  0
Reaxys score 0  x  0  =  0
Cool score 0  x  0  =  0
atom economy 0.24999999999999994
pathway by-product 0
intermediate by-product {None: 0}
CCC(C)C(C)OC(=O)[C@H](C)N[P@](=O)(OC[C@H]1O[C@@](C#N)(c2ccc3c(N)ncnn23)[C@H](O)[C@@H]1O)Oc1ccccc1>>CCC(C[C@H](C)N[P@](=O)(OC[C@H]1O[C@@](C#N)(c2ccc3c(N)ncnn23)[C@H](O)[C@@H]1O)Oc1ccccc1)C(C)OC=O
CCC(CC)C(C)OC(=O)[C@H](C)N[P@](=O)(OC[C@H]1O[C@@](C#N)(c2ccc3c(N)ncnn23)[C@H](O)[C@@H]1O)Oc1ccccc1.CCC(CC)C(C)OC(=O)[C@H](C)N[P@](=O)(OC[C@H]1O[C@@](C#N)(c2ccc3c(N)ncnn23)[C@H](O)[C@@H]1O)Oc1ccccc1>>CCC(C)C(C)OC(=O)[C@H](C)N[P@](=O)(OC[C@H]1O[C@@](C#N)(c2ccc3c(N)ncnn23)[C@H](O)[C@@H]1O)Oc1ccccc1.CCC(CC)C(C)OC(=O)[C@H](CC)N[P@](=O)(OC[C@H]1O[C@@](C#N)(c2ccc3c(N)ncnn23)[C@H](O)[C@@H]1O)Oc1ccccc1
CCC(CC)COC(=O)[C@H](C)N[P@](=O)(OC[C@H]1O[C@@](C#N)(c2ccc3c(N)ncnn23)[C@H](O)[C@@H]1O)Oc1ccccc1.CCC(CC)COC(=O)[C@H](C)N[P@](=O)(OC[C@H]1O[C@@](C#N)(c2ccc3c(N)ncnn23)[C@H](O)[C@@H]1O)Oc1ccccc1>>CCC(CC)C(C)OC(=O)[C@H](C)N[P@](=O)(OC[C@H]1O[C@@](C#N)(c2ccc3c(N)ncnn23)[C@H](O)[C@@H]1O)Oc1ccccc1.CCC(CC)COC(=O)CN[P@](=O)(OC[C@H]1O[C@@](C#N)(c2ccc3c(N)ncnn23)[C@H](O)[C@@H]1O)Oc1ccccc1
rule0028_51
rule0126_1
rule0126_2
No_Thermo
No_Thermo
No_Thermo

ranking 80
final score 2.0
Max reaction enthalpy score 0  x  2  =  0
Number of reactions score 0.0  x  4  =  0.0
By-product score 1.0  x  2  =  2.0
Pathway atom economy score 0.0  x  1  =  0.0
Salt score 0  x  0  =  0
Reaxys score 0  x  0  =  0
Cool score 0  x  0  =  0
atom economy 0.24999999999999994
pathway by-product 0
intermediate by-product {None: 0}
CCC(C)C(C)OC(=O)[C@H](C)N[P@](=O)(OC[C@H]1O[C@@](C#N)(c2ccc3c(N)ncnn23)[C@H](O)[C@@H]1O)Oc1ccccc1>>CCC(C[C@H](C)N[P@](=O)(OC[C@H]1O[C@@](C#N)(c2ccc3c(N)ncnn23)[C@H](O)[C@@H]1O)Oc1ccccc1)C(C)OC=O
CCC(CC)C(C)OC(=O)[C@H](C)N[P@](=O)(OC[C@H]1O[C@@](C#N)(c2ccc3c(N)ncnn23)[C@H](O)[C@@H]1O)Oc1ccccc1.CCC(CC)C(C)OC(=O)[C@H](C)N[P@](=O)(OC[C@H]1O[C@@](C#N)(c2ccc3c(N)ncnn23)[C@H](O)[C@@H]1O)Oc1ccccc1>>CCC(C)C(C)OC(=O)[C@H](C)N[P@](=O)(OC[C@H]1O[C@@](C#N)(c2ccc3c(N)ncnn23)[C@H](O)[C@@H]1O)Oc1ccccc1.CCC(CC)C(C)OC(=O)[C@H](CC)N[P@](=O)(OC[C@H]1O[C@@](C#N)(c2ccc3c(N)ncnn23)[C@H](O)[C@@H]1O)Oc1ccccc1
CCC(CC)COC(=O)[C@H](C)N[P@](=O)(OC[C@H]1O[C@@](C#N)(c2ccc3c(N)ncnn23)[C@H](O)[C@@H]1O)Oc1ccccc1.CCC(CC)COC(=O)[C@H](C)N[P@](=O)(OC[C@H]1O[C@@](C#N)(c2ccc3c(N)ncnn23)[C@H](O)[C@@H]1O)Oc1ccccc1>>CCC(C)COC(=O)[C@H](C)N[P@](=O)(OC[C@H]1O[C@@](C#N)(c2ccc3c(N)ncnn23)[C@H](O)[C@@H]1O)Oc1ccccc1.CCC(CC)C(C)OC(=O)[C@H](C)N[P@](=O)(OC[C@H]1O[C@@](C#N)(c2ccc3c(N)ncnn23)[C@H](O)[C@@H]1O)Oc1ccccc1
rule0028_51
rule0126_1
rule0126_2
No_Thermo
No_Thermo
No_Thermo

ranking 81
final score 2.0
Max reaction enthalpy score 0  x  2  =  0
Number of reactions score 0.0  x  4  =  0.0
By-product score 1.0  x  2  =  2.0
Pathway atom economy score 0.0  x  1  =  0.0
Salt score 0  x  0  =  0
Reaxys score 0  x  0  =  0
Cool score 0  x  0  =  0
atom economy 0.24999999999999994
pathway by-product 0
intermediate by-product {None: 0}
CCC(C)C(C)OC(=O)[C@H](C)N[P@](=O)(OC[C@H]1O[C@@](C#N)(c2ccc3c(N)ncnn23)[C@H](O)[C@@H]1O)Oc1ccccc1>>CCC(C[C@H](C)N[P@](=O)(OC[C@H]1O[C@@](C#N)(c2ccc3c(N)ncnn23)[C@H](O)[C@@H]1O)Oc1ccccc1)C(C)OC=O
CCC(C)COC(=O)[C@H](C)N[P@](=O)(OC[C@H]1O[C@@](C#N)(c2ccc3c(N)ncnn23)[C@H](O)[C@@H]1O)Oc1ccccc1.CCC(C)COC(=O)[C@H](C)N[P@](=O)(OC[C@H]1O[C@@](C#N)(c2ccc3c(N)ncnn23)[C@H](O)[C@@H]1O)Oc1ccccc1>>CCC(C)C(C)OC(=O)[C@H](C)N[P@](=O)(OC[C@H]1O[C@@](C#N)(c2ccc3c(N)ncnn23)[C@H](O)[C@@H]1O)Oc1ccccc1.CCCCOC(=O)[C@H](C)N[P@](=O)(OC[C@H]1O[C@@](C#N)(c2ccc3c(N)ncnn23)[C@H](O)[C@@H]1O)Oc1ccccc1
CCC(CC)COC(=O)[C@H](C)N[P@](=O)(OC[C@H]1O[C@@](C#N)(c2ccc3c(N)ncnn23)[C@H](O)[C@@H]1O)Oc1ccccc1.CCC(CC)COC(=O)[C@H](C)N[P@](=O)(OC[C@H]1O[C@@](C#N)(c2ccc3c(N)ncnn23)[C@H](O)[C@@H]1O)Oc1ccccc1>>CCC(C)COC(=O)[C@H](C)N[P@](=O)(OC[C@H]1O[C@@](C#N)(c2ccc3c(N)ncnn23)[C@H](O)[C@@H]1O)Oc1ccccc1.CCCC(CC)COC(=O)[C@H](C)N[P@](=O)(OC[C@H]1O[C@@](C#N)(c2ccc3c(N)ncnn23)[C@H](O)[C@@H]1O)Oc1ccccc1
rule0028_51
rule0126_2
rule0126_2
No_Thermo
No_Thermo
No_Thermo

ranking 82
final score 2.0
Max reaction enthalpy score 0  x  2  =  0
Number of reactions score 0.0  x  4  =  0.0
By-product score 1.0  x  2  =  2.0
Pathway atom economy score 7.401486830834377e-17  x  1  =  7.401486830834377e-17
Salt score 0  x  0  =  0
Reaxys score 0  x  0  =  0
Cool score 0  x  0  =  0
atom economy 0.25
pathway by-product 0
intermediate by-product {None: 0}
CCC(C)C(C)OC(=O)[C@H](C)N[P@](=O)(OC[C@H]1O[C@@](C#N)(c2ccc3c(N)ncnn23)[C@H](O)[C@@H]1O)Oc1ccccc1>>CCC(C[C@H](C)N[P@](=O)(OC[C@H]1O[C@@](C#N)(c2ccc3c(N)ncnn23)[C@H](O)[C@@H]1O)Oc1ccccc1)C(C)OC=O
CCC(C)COC(=O)[C@H](C)N[P@](=O)(OC[C@H]1O[C@@](C#N)(c2ccc3c(N)ncnn23)[C@H](O)[C@@H]1O)Oc1ccccc1.CCC(C)COC(=O)[C@H](C)N[P@](=O)(OC[C@H]1O[C@@](C#N)(c2ccc3c(N)ncnn23)[C@H](O)[C@@H]1O)Oc1ccccc1>>CCC(C)C(C)OC(=O)[C@H](C)N[P@](=O)(OC[C@H]1O[C@@](C#N)(c2ccc3c(N)ncnn23)[C@H](O)[C@@H]1O)Oc1ccccc1.CCCCOC(=O)[C@H](C)N[P@](=O)(OC[C@H]1O[C@@](C#N)(c2ccc3c(N)ncnn23)[C@H](O)[C@@H]1O)Oc1ccccc1
CCC(CC)COC(=O)[C@H](C)N[P@](=O)(OC[C@H]1O[C@@](C#N)(c2ccc3c(N)ncnn23)[C@H](O)[C@@H]1O)Oc1ccccc1.CCC(CC)COC(=O)[C@H](C)N[P@](=O)(OC[C@H]1O[C@@](C#N)(c2ccc3c(N)ncnn23)[C@H](O)[C@@H]1O)Oc1ccccc1>>CCC(C)COC(=O)[C@H](C)N[P@](=O)(OC[C@H]1O[C@@](C#N)(c2ccc3c(N)ncnn23)[C@H](O)[C@@H]1O)Oc1ccccc1.CCC(COC(=O)[C@H](C)N[P@](=O)(OC[C@H]1O[C@@](C#N)(c2ccc3c(N)ncnn23)[C@H](O)[C@@H]1O)Oc1ccccc1)C(C)C
rule0028_51
rule0126_2
rule0126_2
No_Thermo
No_Thermo
No_Thermo

ranking 83
final score 2.0
Max reaction enthalpy score 0  x  2  =  0
Number of reactions score 0.0  x  4  =  0.0
By-product score 1.0  x  2  =  2.0
Pathway atom economy score 0.0  x  1  =  0.0
Salt score 0  x  0  =  0
Reaxys score 0  x  0  =  0
Cool score 0  x  0  =  0
atom economy 0.24999999999999994
pathway by-product 0
intermediate by-product {None: 0}
CCC(C)C(C)OC(=O)[C@H](C)N[P@](=O)(OC[C@H]1O[C@@](C#N)(c2ccc3c(N)ncnn23)[C@H](O)[C@@H]1O)Oc1ccccc1>>CCC(C[C@H](C)N[P@](=O)(OC[C@H]1O[C@@](C#N)(c2ccc3c(N)ncnn23)[C@H](O)[C@@H]1O)Oc1ccccc1)C(C)OC=O
CCC(C)COC(=O)[C@H](C)N[P@](=O)(OC[C@H]1O[C@@](C#N)(c2ccc3c(N)ncnn23)[C@H](O)[C@@H]1O)Oc1ccccc1.CCC(C)COC(=O)[C@H](C)N[P@](=O)(OC[C@H]1O[C@@](C#N)(c2ccc3c(N)ncnn23)[C@H](O)[C@@H]1O)Oc1ccccc1>>CCC(C)C(C)OC(=O)[C@H](C)N[P@](=O)(OC[C@H]1O[C@@](C#N)(c2ccc3c(N)ncnn23)[C@H](O)[C@@H]1O)Oc1ccccc1.CCCCOC(=O)[C@H](C)N[P@](=O)(OC[C@H]1O[C@@](C#N)(c2ccc3c(N)ncnn23)[C@H](O)[C@@H]1O)Oc1ccccc1
CCC(CC)COC(=O)[C@H](C)N[P@](=O)(OC[C@H]1O[C@@](C#N)(c2ccc3c(N)ncnn23)[C@H](O)[C@@H]1O)Oc1ccccc1.CCC(CC)COC(=O)[C@H](C)N[P@](=O)(OC[C@H]1O[C@@](C#N)(c2ccc3c(N)ncnn23)[C@H](O)[C@@H]1O)Oc1ccccc1>>CCC(C)COC(=O)[C@H](C)N[P@](=O)(OC[C@H]1O[C@@](C#N)(c2ccc3c(N)ncnn23)[C@H](O)[C@@H]1O)Oc1ccccc1.CCC(CC)COC(=O)[C@H](C)N[P@](=O)(OC[C@]1(C)O[C@@](C#N)(c2ccc3c(N)ncnn23)[C@H](O)[C@@H]1O)Oc1ccccc1
rule0028_51
rule0126_2
rule0126_2
No_Thermo
No_Thermo
No_Thermo

ranking 84
final score 2.0
Max reaction enthalpy score 0  x  2  =  0
Number of reactions score 0.0  x  4  =  0.0
By-product score 1.0  x  2  =  2.0
Pathway atom economy score 0.0  x  1  =  0.0
Salt score 0  x  0  =  0
Reaxys score 0  x  0  =  0
Cool score 0  x  0  =  0
atom economy 0.24999999999999994
pathway by-product 0
intermediate by-product {None: 0}
CCC(C)C(C)OC(=O)[C@H](C)N[P@](=O)(OC[C@H]1O[C@@](C#N)(c2ccc3c(N)ncnn23)[C@H](O)[C@@H]1O)Oc1ccccc1>>CCC(C[C@H](C)N[P@](=O)(OC[C@H]1O[C@@](C#N)(c2ccc3c(N)ncnn23)[C@H](O)[C@@H]1O)Oc1ccccc1)C(C)OC=O
CCC(C)COC(=O)[C@H](C)N[P@](=O)(OC[C@H]1O[C@@](C#N)(c2ccc3c(N)ncnn23)[C@H](O)[C@@H]1O)Oc1ccccc1.CCC(C)COC(=O)[C@H](C)N[P@](=O)(OC[C@H]1O[C@@](C#N)(c2ccc3c(N)ncnn23)[C@H](O)[C@@H]1O)Oc1ccccc1>>CCC(C)C(C)OC(=O)[C@H](C)N[P@](=O)(OC[C@H]1O[C@@](C#N)(c2ccc3c(N)ncnn23)[C@H](O)[C@@H]1O)Oc1ccccc1.CCCCOC(=O)[C@H](C)N[P@](=O)(OC[C@H]1O[C@@](C#N)(c2ccc3c(N)ncnn23)[C@H](O)[C@@H]1O)Oc1ccccc1
CCC(CC)COC(=O)[C@H](C)N[P@](=O)(OC[C@H]1O[C@@](C#N)(c2ccc3c(N)ncnn23)[C@H](O)[C@@H]1O)Oc1ccccc1.CCC(CC)COC(=O)[C@H](C)N[P@](=O)(OC[C@H]1O[C@@](C#N)(c2ccc3c(N)ncnn23)[C@H](O)[C@@H]1O)Oc1ccccc1>>CCC(C)COC(=O)[C@H](C)N[P@](=O)(OC[C@H]1O[C@@](C#N)(c2ccc3c(N)ncnn23)[C@H](O)[C@@H]1O)Oc1ccccc1.CCC(CC)COC(=O)[C@H](C)N[P@](=O)(OC[C@H]1O[C@@](C#N)(c2ccc3c(N)ncnn23)[C@H](O)[C@@]1(C)O)Oc1ccccc1
rule0028_51
rule0126_2
rule0126_2
No_Thermo
No_Thermo
No_Thermo

ranking 85
final score 2.0
Max reaction enthalpy score 0  x  2  =  0
Number of reactions score 0.0  x  4  =  0.0
By-product score 1.0  x  2  =  2.0
Pathway atom economy score 7.401486830834377e-17  x  1  =  7.401486830834377e-17
Salt score 0  x  0  =  0
Reaxys score 0  x  0  =  0
Cool score 0  x  0  =  0
atom economy 0.25
pathway by-product 0
intermediate by-product {None: 0}
CCC(C)C(C)OC(=O)[C@H](C)N[P@](=O)(OC[C@H]1O[C@@](C#N)(c2ccc3c(N)ncnn23)[C@H](O)[C@@H]1O)Oc1ccccc1>>CCC(C[C@H](C)N[P@](=O)(OC[C@H]1O[C@@](C#N)(c2ccc3c(N)ncnn23)[C@H](O)[C@@H]1O)Oc1ccccc1)C(C)OC=O
CCC(C)COC(=O)[C@H](C)N[P@](=O)(OC[C@H]1O[C@@](C#N)(c2ccc3c(N)ncnn23)[C@H](O)[C@@H]1O)Oc1ccccc1.CCC(C)COC(=O)[C@H](C)N[P@](=O)(OC[C@H]1O[C@@](C#N)(c2ccc3c(N)ncnn23)[C@H](O)[C@@H]1O)Oc1ccccc1>>CCC(C)C(C)OC(=O)[C@H](C)N[P@](=O)(OC[C@H]1O[C@@](C#N)(c2ccc3c(N)ncnn23)[C@H](O)[C@@H]1O)Oc1ccccc1.CCCCOC(=O)[C@H](C)N[P@](=O)(OC[C@H]1O[C@@](C#N)(c2ccc3c(N)ncnn23)[C@H](O)[C@@H]1O)Oc1ccccc1
CCC(CC)COC(=O)[C@H](C)N[P@](=O)(OC[C@H]1O[C@@](C#N)(c2ccc3c(N)ncnn23)[C@H](O)[C@@H]1O)Oc1ccccc1.CCC(CC)COC(=O)[C@H](C)N[P@](=O)(OC[C@H]1O[C@@](C#N)(c2ccc3c(N)ncnn23)[C@H](O)[C@@H]1O)Oc1ccccc1>>CCC(C)COC(=O)[C@H](C)N[P@](=O)(OC[C@H]1O[C@@](C#N)(c2ccc3c(N)ncnn23)[C@H](O)[C@@H]1O)Oc1ccccc1.CCC(CC)COC(=O)[C@H](C)N[P@](=O)(OC[C@H]1O[C@@](C#N)(c2ccc3c(N)ncnn23)[C@H](O)[C@@H]1O)Oc1ccccc1C
rule0028_51
rule0126_2
rule0126_2
No_Thermo
No_Thermo
No_Thermo

ranking 86
final score 2.0
Max reaction enthalpy score 0  x  2  =  0
Number of reactions score 0.0  x  4  =  0.0
By-product score 1.0  x  2  =  2.0
Pathway atom economy score 7.401486830834377e-17  x  1  =  7.401486830834377e-17
Salt score 0  x  0  =  0
Reaxys score 0  x  0  =  0
Cool score 0  x  0  =  0
atom economy 0.25
pathway by-product 0
intermediate by-product {None: 0}
CCC(C)C(C)OC(=O)[C@H](C)N[P@](=O)(OC[C@H]1O[C@@](C#N)(c2ccc3c(N)ncnn23)[C@H](O)[C@@H]1O)Oc1ccccc1>>CCC(C[C@H](C)N[P@](=O)(OC[C@H]1O[C@@](C#N)(c2ccc3c(N)ncnn23)[C@H](O)[C@@H]1O)Oc1ccccc1)C(C)OC=O
CCC(C)COC(=O)[C@H](C)N[P@](=O)(OC[C@H]1O[C@@](C#N)(c2ccc3c(N)ncnn23)[C@H](O)[C@@H]1O)Oc1ccccc1.CCC(C)COC(=O)[C@H](C)N[P@](=O)(OC[C@H]1O[C@@](C#N)(c2ccc3c(N)ncnn23)[C@H](O)[C@@H]1O)Oc1ccccc1>>CCC(C)C(C)OC(=O)[C@H](C)N[P@](=O)(OC[C@H]1O[C@@](C#N)(c2ccc3c(N)ncnn23)[C@H](O)[C@@H]1O)Oc1ccccc1.CCCCOC(=O)[C@H](C)N[P@](=O)(OC[C@H]1O[C@@](C#N)(c2ccc3c(N)ncnn23)[C@H](O)[C@@H]1O)Oc1ccccc1
CCC(CC)COC(=O)[C@H](C)N[P@](=O)(OC[C@H]1O[C@@](C#N)(c2ccc3c(N)ncnn23)[C@H](O)[C@@H]1O)Oc1ccccc1.CCC(CC)COC(=O)[C@H](C)N[P@](=O)(OC[C@H]1O[C@@](C#N)(c2ccc3c(N)ncnn23)[C@H](O)[C@@H]1O)Oc1ccccc1>>CCC(C)COC(=O)[C@H](C)N[P@](=O)(OC[C@H]1O[C@@](C#N)(c2ccc3c(N)ncnn23)[C@H](O)[C@@H]1O)Oc1ccccc1.CCC(CC)COC(=O)[C@H](C)N[P@](=O)(OC[C@H]1O[C@@](C#N)(c2ccc3c(N)ncnn23)[C@H](O)[C@@H]1O)Oc1cccc(C)c1
rule0028_51
rule0126_2
rule0126_2
No_Thermo
No_Thermo
No_Thermo

ranking 87
final score 2.0
Max reaction enthalpy score 0  x  2  =  0
Number of reactions score 0.0  x  4  =  0.0
By-product score 1.0  x  2  =  2.0
Pathway atom economy score 7.401486830834377e-17  x  1  =  7.401486830834377e-17
Salt score 0  x  0  =  0
Reaxys score 0  x  0  =  0
Cool score 0  x  0  =  0
atom economy 0.25
pathway by-product 0
intermediate by-product {None: 0}
CCC(C)C(C)OC(=O)[C@H](C)N[P@](=O)(OC[C@H]1O[C@@](C#N)(c2ccc3c(N)ncnn23)[C@H](O)[C@@H]1O)Oc1ccccc1>>CCC(C[C@H](C)N[P@](=O)(OC[C@H]1O[C@@](C#N)(c2ccc3c(N)ncnn23)[C@H](O)[C@@H]1O)Oc1ccccc1)C(C)OC=O
CCC(C)COC(=O)[C@H](C)N[P@](=O)(OC[C@H]1O[C@@](C#N)(c2ccc3c(N)ncnn23)[C@H](O)[C@@H]1O)Oc1ccccc1.CCC(C)COC(=O)[C@H](C)N[P@](=O)(OC[C@H]1O[C@@](C#N)(c2ccc3c(N)ncnn23)[C@H](O)[C@@H]1O)Oc1ccccc1>>CCC(C)C(C)OC(=O)[C@H](C)N[P@](=O)(OC[C@H]1O[C@@](C#N)(c2ccc3c(N)ncnn23)[C@H](O)[C@@H]1O)Oc1ccccc1.CCCCOC(=O)[C@H](C)N[P@](=O)(OC[C@H]1O[C@@](C#N)(c2ccc3c(N)ncnn23)[C@H](O)[C@@H]1O)Oc1ccccc1
CCC(CC)COC(=O)[C@H](C)N[P@](=O)(OC[C@H]1O[C@@](C#N)(c2ccc3c(N)ncnn23)[C@H](O)[C@@H]1O)Oc1ccccc1.CCC(CC)COC(=O)[C@H](C)N[P@](=O)(OC[C@H]1O[C@@](C#N)(c2ccc3c(N)ncnn23)[C@H](O)[C@@H]1O)Oc1ccccc1>>CCC(C)COC(=O)[C@H](C)N[P@](=O)(OC[C@H]1O[C@@](C#N)(c2ccc3c(N)ncnn23)[C@H](O)[C@@H]1O)Oc1ccccc1.CCC(CC)COC(=O)[C@H](C)N[P@](=O)(OC[C@H]1O[C@@](C#N)(c2ccc3c(N)ncnn23)[C@H](O)[C@@H]1O)Oc1ccc(C)cc1
rule0028_51
rule0126_2
rule0126_2
No_Thermo
No_Thermo
No_Thermo

ranking 88
final score 2.0
Max reaction enthalpy score 0  x  2  =  0
Number of reactions score 0.0  x  4  =  0.0
By-product score 1.0  x  2  =  2.0
Pathway atom economy score 0.0  x  1  =  0.0
Salt score 0  x  0  =  0
Reaxys score 0  x  0  =  0
Cool score 0  x  0  =  0
atom economy 0.24999999999999994
pathway by-product 0
intermediate by-product {None: 0}
CCC(C)C(C)OC(=O)[C@H](C)N[P@](=O)(OC[C@H]1O[C@@](C#N)(c2ccc3c(N)ncnn23)[C@H](O)[C@@H]1O)Oc1ccccc1>>CCC(C[C@H](C)N[P@](=O)(OC[C@H]1O[C@@](C#N)(c2ccc3c(N)ncnn23)[C@H](O)[C@@H]1O)Oc1ccccc1)C(C)OC=O
CCC(C)COC(=O)[C@H](C)N[P@](=O)(OC[C@H]1O[C@@](C#N)(c2ccc3c(N)ncnn23)[C@H](O)[C@@H]1O)Oc1ccccc1.CCC(C)COC(=O)[C@H](C)N[P@](=O)(OC[C@H]1O[C@@](C#N)(c2ccc3c(N)ncnn23)[C@H](O)[C@@H]1O)Oc1ccccc1>>CCC(C)C(C)OC(=O)[C@H](C)N[P@](=O)(OC[C@H]1O[C@@](C#N)(c2ccc3c(N)ncnn23)[C@H](O)[C@@H]1O)Oc1ccccc1.CCCCOC(=O)[C@H](C)N[P@](=O)(OC[C@H]1O[C@@](C#N)(c2ccc3c(N)ncnn23)[C@H](O)[C@@H]1O)Oc1ccccc1
CCC(CC)COC(=O)[C@H](C)N[P@](=O)(OC[C@H]1O[C@@](C#N)(c2ccc3c(N)ncnn23)[C@H](O)[C@@H]1O)Oc1ccccc1.CCC(CC)COC(=O)[C@H](C)N[P@](=O)(OC[C@H]1O[C@@](C#N)(c2ccc3c(N)ncnn23)[C@H](O)[C@@H]1O)Oc1ccccc1>>CCC(C)COC(=O)[C@H](C)N[P@](=O)(OC[C@H]1O[C@@](C#N)(c2ccc3c(N)ncnn23)[C@H](O)[C@@H]1O)Oc1ccccc1.CCC(CC)COC(=O)[C@H](C)N[P@](=O)(OC[C@H]1O[C@@](C#N)(c2ccc3c(N)ncnn23)[C@@](C)(O)[C@@H]1O)Oc1ccccc1
rule0028_51
rule0126_2
rule0126_2
No_Thermo
No_Thermo
No_Thermo

ranking 89
final score 2.0
Max reaction enthalpy score 0  x  2  =  0
Number of reactions score 0.0  x  4  =  0.0
By-product score 1.0  x  2  =  2.0
Pathway atom economy score 0.0  x  1  =  0.0
Salt score 0  x  0  =  0
Reaxys score 0  x  0  =  0
Cool score 0  x  0  =  0
atom economy 0.24999999999999994
pathway by-product 0
intermediate by-product {None: 0}
CCC(C)C(C)OC(=O)[C@H](C)N[P@](=O)(OC[C@H]1O[C@@](C#N)(c2ccc3c(N)ncnn23)[C@H](O)[C@@H]1O)Oc1ccccc1>>CCC(C[C@H](C)N[P@](=O)(OC[C@H]1O[C@@](C#N)(c2ccc3c(N)ncnn23)[C@H](O)[C@@H]1O)Oc1ccccc1)C(C)OC=O
CCC(C)COC(=O)[C@H](C)N[P@](=O)(OC[C@H]1O[C@@](C#N)(c2ccc3c(N)ncnn23)[C@H](O)[C@@H]1O)Oc1ccccc1.CCC(C)COC(=O)[C@H](C)N[P@](=O)(OC[C@H]1O[C@@](C#N)(c2ccc3c(N)ncnn23)[C@H](O)[C@@H]1O)Oc1ccccc1>>CCC(C)C(C)OC(=O)[C@H](C)N[P@](=O)(OC[C@H]1O[C@@](C#N)(c2ccc3c(N)ncnn23)[C@H](O)[C@@H]1O)Oc1ccccc1.CCCCOC(=O)[C@H](C)N[P@](=O)(OC[C@H]1O[C@@](C#N)(c2ccc3c(N)ncnn23)[C@H](O)[C@@H]1O)Oc1ccccc1
CCC(CC)COC(=O)[C@H](C)N[P@](=O)(OC[C@H]1O[C@@](C#N)(c2ccc3c(N)ncnn23)[C@H](O)[C@@H]1O)Oc1ccccc1.CCC(CC)COC(=O)[C@H](C)N[P@](=O)(OC[C@H]1O[C@@](C#N)(c2ccc3c(N)ncnn23)[C@H](O)[C@@H]1O)Oc1ccccc1>>CCC(C)COC(=O)[C@H](C)N[P@](=O)(OC[C@H]1O[C@@](C#N)(c2ccc3c(N)ncnn23)[C@H](O)[C@@H]1O)Oc1ccccc1.CCC(CC)COC(=O)[C@H](C)N[P@](=O)(OC[C@H]1O[C@@](C#N)(c2ccc3c(N)nc(C)nn23)[C@H](O)[C@@H]1O)Oc1ccccc1
rule0028_51
rule0126_2
rule0126_2
No_Thermo
No_Thermo
No_Thermo

ranking 90
final score 2.0
Max reaction enthalpy score 0  x  2  =  0
Number of reactions score 0.0  x  4  =  0.0
By-product score 1.0  x  2  =  2.0
Pathway atom economy score 0.0  x  1  =  0.0
Salt score 0  x  0  =  0
Reaxys score 0  x  0  =  0
Cool score 0  x  0  =  0
atom economy 0.24999999999999994
pathway by-product 0
intermediate by-product {None: 0}
CCC(C)C(C)OC(=O)[C@H](C)N[P@](=O)(OC[C@H]1O[C@@](C#N)(c2ccc3c(N)ncnn23)[C@H](O)[C@@H]1O)Oc1ccccc1>>CCC(C[C@H](C)N[P@](=O)(OC[C@H]1O[C@@](C#N)(c2ccc3c(N)ncnn23)[C@H](O)[C@@H]1O)Oc1ccccc1)C(C)OC=O
CCC(C)COC(=O)[C@H](C)N[P@](=O)(OC[C@H]1O[C@@](C#N)(c2ccc3c(N)ncnn23)[C@H](O)[C@@H]1O)Oc1ccccc1.CCC(C)COC(=O)[C@H](C)N[P@](=O)(OC[C@H]1O[C@@](C#N)(c2ccc3c(N)ncnn23)[C@H](O)[C@@H]1O)Oc1ccccc1>>CCC(C)C(C)OC(=O)[C@H](C)N[P@](=O)(OC[C@H]1O[C@@](C#N)(c2ccc3c(N)ncnn23)[C@H](O)[C@@H]1O)Oc1ccccc1.CCCCOC(=O)[C@H](C)N[P@](=O)(OC[C@H]1O[C@@](C#N)(c2ccc3c(N)ncnn23)[C@H](O)[C@@H]1O)Oc1ccccc1
CCC(CC)COC(=O)[C@H](C)N[P@](=O)(OC[C@H]1O[C@@](C#N)(c2ccc3c(N)ncnn23)[C@H](O)[C@@H]1O)Oc1ccccc1.CCC(CC)COC(=O)[C@H](C)N[P@](=O)(OC[C@H]1O[C@@](C#N)(c2ccc3c(N)ncnn23)[C@H](O)[C@@H]1O)Oc1ccccc1>>CCC(C)COC(=O)[C@H](C)N[P@](=O)(OC[C@H]1O[C@@](C#N)(c2ccc3c(N)ncnn23)[C@H](O)[C@@H]1O)Oc1ccccc1.CCC(CC)COC(=O)[C@H](C)N[P@](=O)(OC[C@H]1O[C@@](C#N)(c2cc(C)c3c(N)ncnn23)[C@H](O)[C@@H]1O)Oc1ccccc1
rule0028_51
rule0126_2
rule0126_2
No_Thermo
No_Thermo
No_Thermo

ranking 91
final score 2.0
Max reaction enthalpy score 0  x  2  =  0
Number of reactions score 0.0  x  4  =  0.0
By-product score 1.0  x  2  =  2.0
Pathway atom economy score 0.0  x  1  =  0.0
Salt score 0  x  0  =  0
Reaxys score 0  x  0  =  0
Cool score 0  x  0  =  0
atom economy 0.24999999999999994
pathway by-product 0
intermediate by-product {None: 0}
CCC(C)C(C)OC(=O)[C@H](C)N[P@](=O)(OC[C@H]1O[C@@](C#N)(c2ccc3c(N)ncnn23)[C@H](O)[C@@H]1O)Oc1ccccc1>>CCC(C[C@H](C)N[P@](=O)(OC[C@H]1O[C@@](C#N)(c2ccc3c(N)ncnn23)[C@H](O)[C@@H]1O)Oc1ccccc1)C(C)OC=O
CCC(C)COC(=O)[C@H](C)N[P@](=O)(OC[C@H]1O[C@@](C#N)(c2ccc3c(N)ncnn23)[C@H](O)[C@@H]1O)Oc1ccccc1.CCC(C)COC(=O)[C@H](C)N[P@](=O)(OC[C@H]1O[C@@](C#N)(c2ccc3c(N)ncnn23)[C@H](O)[C@@H]1O)Oc1ccccc1>>CCC(C)C(C)OC(=O)[C@H](C)N[P@](=O)(OC[C@H]1O[C@@](C#N)(c2ccc3c(N)ncnn23)[C@H](O)[C@@H]1O)Oc1ccccc1.CCCCOC(=O)[C@H](C)N[P@](=O)(OC[C@H]1O[C@@](C#N)(c2ccc3c(N)ncnn23)[C@H](O)[C@@H]1O)Oc1ccccc1
CCC(CC)COC(=O)[C@H](C)N[P@](=O)(OC[C@H]1O[C@@](C#N)(c2ccc3c(N)ncnn23)[C@H](O)[C@@H]1O)Oc1ccccc1.CCC(CC)COC(=O)[C@H](C)N[P@](=O)(OC[C@H]1O[C@@](C#N)(c2ccc3c(N)ncnn23)[C@H](O)[C@@H]1O)Oc1ccccc1>>CCC(C)COC(=O)[C@H](C)N[P@](=O)(OC[C@H]1O[C@@](C#N)(c2ccc3c(N)ncnn23)[C@H](O)[C@@H]1O)Oc1ccccc1.CCC(CC)COC(=O)[C@H](C)N[P@](=O)(OC[C@H]1O[C@@](C#N)(c2c(C)cc3c(N)ncnn23)[C@H](O)[C@@H]1O)Oc1ccccc1
rule0028_51
rule0126_2
rule0126_2
No_Thermo
No_Thermo
No_Thermo

ranking 92
final score 2.0
Max reaction enthalpy score 0  x  2  =  0
Number of reactions score 0.0  x  4  =  0.0
By-product score 1.0  x  2  =  2.0
Pathway atom economy score 0.0  x  1  =  0.0
Salt score 0  x  0  =  0
Reaxys score 0  x  0  =  0
Cool score 0  x  0  =  0
atom economy 0.24999999999999994
pathway by-product 0
intermediate by-product {None: 0}
CCC(C)C(C)OC(=O)[C@H](C)N[P@](=O)(OC[C@H]1O[C@@](C#N)(c2ccc3c(N)ncnn23)[C@H](O)[C@@H]1O)Oc1ccccc1>>CCC(C[C@H](C)N[P@](=O)(OC[C@H]1O[C@@](C#N)(c2ccc3c(N)ncnn23)[C@H](O)[C@@H]1O)Oc1ccccc1)C(C)OC=O
CCC(C)COC(=O)[C@H](C)N[P@](=O)(OC[C@H]1O[C@@](C#N)(c2ccc3c(N)ncnn23)[C@H](O)[C@@H]1O)Oc1ccccc1.CCC(C)COC(=O)[C@H](C)N[P@](=O)(OC[C@H]1O[C@@](C#N)(c2ccc3c(N)ncnn23)[C@H](O)[C@@H]1O)Oc1ccccc1>>CCC(C)C(C)OC(=O)[C@H](C)N[P@](=O)(OC[C@H]1O[C@@](C#N)(c2ccc3c(N)ncnn23)[C@H](O)[C@@H]1O)Oc1ccccc1.CCCCOC(=O)[C@H](C)N[P@](=O)(OC[C@H]1O[C@@](C#N)(c2ccc3c(N)ncnn23)[C@H](O)[C@@H]1O)Oc1ccccc1
CCC(CC)COC(=O)[C@H](C)N[P@](=O)(OC[C@H]1O[C@@](C#N)(c2ccc3c(N)ncnn23)[C@H](O)[C@@H]1O)Oc1ccccc1.CCC(CC)COC(=O)[C@H](C)N[P@](=O)(OC[C@H]1O[C@@](C#N)(c2ccc3c(N)ncnn23)[C@H](O)[C@@H]1O)Oc1ccccc1>>CCC(C)COC(=O)[C@H](C)N[P@](=O)(OC[C@H]1O[C@@](C#N)(c2ccc3c(N)ncnn23)[C@H](O)[C@@H]1O)Oc1ccccc1.CCC(CC)COC(=O)[C@H](C)N[P@@](=O)(Oc1ccccc1)OC(C)[C@H]1O[C@@](C#N)(c2ccc3c(N)ncnn23)[C@H](O)[C@@H]1O
rule0028_51
rule0126_2
rule0126_2
No_Thermo
No_Thermo
No_Thermo

ranking 93
final score 2.0
Max reaction enthalpy score 0  x  2  =  0
Number of reactions score 0.0  x  4  =  0.0
By-product score 1.0  x  2  =  2.0
Pathway atom economy score 0.0  x  1  =  0.0
Salt score 0  x  0  =  0
Reaxys score 0  x  0  =  0
Cool score 0  x  0  =  0
atom economy 0.24999999999999994
pathway by-product 0
intermediate by-product {None: 0}
CCC(C)C(C)OC(=O)[C@H](C)N[P@](=O)(OC[C@H]1O[C@@](C#N)(c2ccc3c(N)ncnn23)[C@H](O)[C@@H]1O)Oc1ccccc1>>CCC(C[C@H](C)N[P@](=O)(OC[C@H]1O[C@@](C#N)(c2ccc3c(N)ncnn23)[C@H](O)[C@@H]1O)Oc1ccccc1)C(C)OC=O
CCC(C)COC(=O)[C@H](C)N[P@](=O)(OC[C@H]1O[C@@](C#N)(c2ccc3c(N)ncnn23)[C@H](O)[C@@H]1O)Oc1ccccc1.CCC(C)COC(=O)[C@H](C)N[P@](=O)(OC[C@H]1O[C@@](C#N)(c2ccc3c(N)ncnn23)[C@H](O)[C@@H]1O)Oc1ccccc1>>CCC(C)C(C)OC(=O)[C@H](C)N[P@](=O)(OC[C@H]1O[C@@](C#N)(c2ccc3c(N)ncnn23)[C@H](O)[C@@H]1O)Oc1ccccc1.CCCCOC(=O)[C@H](C)N[P@](=O)(OC[C@H]1O[C@@](C#N)(c2ccc3c(N)ncnn23)[C@H](O)[C@@H]1O)Oc1ccccc1
CCC(CC)COC(=O)[C@H](C)N[P@](=O)(OC[C@H]1O[C@@](C#N)(c2ccc3c(N)ncnn23)[C@H](O)[C@@H]1O)Oc1ccccc1.CCC(CC)COC(=O)[C@H](C)N[P@](=O)(OC[C@H]1O[C@@](C#N)(c2ccc3c(N)ncnn23)[C@H](O)[C@@H]1O)Oc1ccccc1>>CCC(C)COC(=O)[C@H](C)N[P@](=O)(OC[C@H]1O[C@@](C#N)(c2ccc3c(N)ncnn23)[C@H](O)[C@@H]1O)Oc1ccccc1.CCC(CC)COC(=O)C(C)(C)N[P@](=O)(OC[C@H]1O[C@@](C#N)(c2ccc3c(N)ncnn23)[C@H](O)[C@@H]1O)Oc1ccccc1
rule0028_51
rule0126_2
rule0126_2
No_Thermo
No_Thermo
No_Thermo

ranking 94
final score 2.0
Max reaction enthalpy score 0  x  2  =  0
Number of reactions score 0.0  x  4  =  0.0
By-product score 1.0  x  2  =  2.0
Pathway atom economy score 0.0  x  1  =  0.0
Salt score 0  x  0  =  0
Reaxys score 0  x  0  =  0
Cool score 0  x  0  =  0
atom economy 0.24999999999999994
pathway by-product 0
intermediate by-product {None: 0}
CCC(C)C(C)OC(=O)[C@H](C)N[P@](=O)(OC[C@H]1O[C@@](C#N)(c2ccc3c(N)ncnn23)[C@H](O)[C@@H]1O)Oc1ccccc1>>CCC(C[C@H](C)N[P@](=O)(OC[C@H]1O[C@@](C#N)(c2ccc3c(N)ncnn23)[C@H](O)[C@@H]1O)Oc1ccccc1)C(C)OC=O
CCC(C)COC(=O)[C@H](C)N[P@](=O)(OC[C@H]1O[C@@](C#N)(c2ccc3c(N)ncnn23)[C@H](O)[C@@H]1O)Oc1ccccc1.CCC(C)COC(=O)[C@H](C)N[P@](=O)(OC[C@H]1O[C@@](C#N)(c2ccc3c(N)ncnn23)[C@H](O)[C@@H]1O)Oc1ccccc1>>CCC(C)C(C)OC(=O)[C@H](C)N[P@](=O)(OC[C@H]1O[C@@](C#N)(c2ccc3c(N)ncnn23)[C@H](O)[C@@H]1O)Oc1ccccc1.CCCCOC(=O)[C@H](C)N[P@](=O)(OC[C@H]1O[C@@](C#N)(c2ccc3c(N)ncnn23)[C@H](O)[C@@H]1O)Oc1ccccc1
CCC(CC)COC(=O)[C@H](C)N[P@](=O)(OC[C@H]1O[C@@](C#N)(c2ccc3c(N)ncnn23)[C@H](O)[C@@H]1O)Oc1ccccc1.CCC(CC)COC(=O)[C@H](C)N[P@](=O)(OC[C@H]1O[C@@](C#N)(c2ccc3c(N)ncnn23)[C@H](O)[C@@H]1O)Oc1ccccc1>>CCC(C)COC(=O)[C@H](C)N[P@](=O)(OC[C@H]1O[C@@](C#N)(c2ccc3c(N)ncnn23)[C@H](O)[C@@H]1O)Oc1ccccc1.CCC(CC)C(C)OC(=O)[C@H](C)N[P@](=O)(OC[C@H]1O[C@@](C#N)(c2ccc3c(N)ncnn23)[C@H](O)[C@@H]1O)Oc1ccccc1
rule0028_51
rule0126_2
rule0126_2
No_Thermo
No_Thermo
No_Thermo

ranking 95
final score 2.0
Max reaction enthalpy score 0  x  2  =  0
Number of reactions score 0.0  x  4  =  0.0
By-product score 1.0  x  2  =  2.0
Pathway atom economy score 0.0  x  1  =  0.0
Salt score 0  x  0  =  0
Reaxys score 0  x  0  =  0
Cool score 0  x  0  =  0
atom economy 0.24999999999999994
pathway by-product 0
intermediate by-product {None: 0}
CCC(C)C(C)OC(=O)[C@H](C)N[P@](=O)(OC[C@H]1O[C@@](C#N)(c2ccc3c(N)ncnn23)[C@H](O)[C@@H]1O)Oc1ccccc1>>CCC(C[C@H](C)N[P@](=O)(OC[C@H]1O[C@@](C#N)(c2ccc3c(N)ncnn23)[C@H](O)[C@@H]1O)Oc1ccccc1)C(C)OC=O
CCC(C)COC(=O)[C@H](C)N[P@](=O)(OC[C@H]1O[C@@](C#N)(c2ccc3c(N)ncnn23)[C@H](O)[C@@H]1O)Oc1ccccc1.CCC(C)COC(=O)[C@H](C)N[P@](=O)(OC[C@H]1O[C@@](C#N)(c2ccc3c(N)ncnn23)[C@H](O)[C@@H]1O)Oc1ccccc1>>CCC(C)C(C)OC(=O)[C@H](C)N[P@](=O)(OC[C@H]1O[C@@](C#N)(c2ccc3c(N)ncnn23)[C@H](O)[C@@H]1O)Oc1ccccc1.CCCCOC(=O)[C@H](C)N[P@](=O)(OC[C@H]1O[C@@](C#N)(c2ccc3c(N)ncnn23)[C@H](O)[C@@H]1O)Oc1ccccc1
CCC(CC)COC(=O)[C@H](C)N[P@](=O)(OC[C@H]1O[C@@](C#N)(c2ccc3c(N)ncnn23)[C@H](O)[C@@H]1O)Oc1ccccc1.CCC(CC)COC(=O)[C@H](C)N[P@](=O)(OC[C@H]1O[C@@](C#N)(c2ccc3c(N)ncnn23)[C@H](O)[C@@H]1O)Oc1ccccc1>>CCC(C)(CC)COC(=O)[C@H](C)N[P@](=O)(OC[C@H]1O[C@@](C#N)(c2ccc3c(N)ncnn23)[C@H](O)[C@@H]1O)Oc1ccccc1.CCC(C)COC(=O)[C@H](C)N[P@](=O)(OC[C@H]1O[C@@](C#N)(c2ccc3c(N)ncnn23)[C@H](O)[C@@H]1O)Oc1ccccc1
rule0028_51
rule0126_2
rule0126_2
No_Thermo
No_Thermo
No_Thermo

ranking 96
final score 2.0
Max reaction enthalpy score 0  x  2  =  0
Number of reactions score 0.0  x  4  =  0.0
By-product score 1.0  x  2  =  2.0
Pathway atom economy score 0.0  x  1  =  0.0
Salt score 0  x  0  =  0
Reaxys score 0  x  0  =  0
Cool score 0  x  0  =  0
atom economy 0.24999999999999994
pathway by-product 0
intermediate by-product {None: 0}
CCC(C)C(C)OC(=O)[C@H](C)N[P@](=O)(OC[C@H]1O[C@@](C#N)(c2ccc3c(N)ncnn23)[C@H](O)[C@@H]1O)Oc1ccccc1>>CCC(C[C@H](C)N[P@](=O)(OC[C@H]1O[C@@](C#N)(c2ccc3c(N)ncnn23)[C@H](O)[C@@H]1O)Oc1ccccc1)C(C)OC=O
CCC(C)COC(=O)[C@H](C)N[P@](=O)(OC[C@H]1O[C@@](C#N)(c2ccc3c(N)ncnn23)[C@H](O)[C@@H]1O)Oc1ccccc1.CCC(C)COC(=O)[C@H](C)N[P@](=O)(OC[C@H]1O[C@@](C#N)(c2ccc3c(N)ncnn23)[C@H](O)[C@@H]1O)Oc1ccccc1>>CCC(C)C(C)OC(=O)[C@H](C)N[P@](=O)(OC[C@H]1O[C@@](C#N)(c2ccc3c(N)ncnn23)[C@H](O)[C@@H]1O)Oc1ccccc1.CCCCOC(=O)[C@H](C)N[P@](=O)(OC[C@H]1O[C@@](C#N)(c2ccc3c(N)ncnn23)[C@H](O)[C@@H]1O)Oc1ccccc1
CCC(CC)COC(=O)[C@H](C)N[P@](=O)(OC[C@H]1O[C@@](C#N)(c2ccc3c(N)ncnn23)[C@H](O)[C@@H]1O)Oc1ccccc1.CCC(CC)COC(=O)[C@H](C)N[P@](=O)(OC[C@H]1O[C@@](C#N)(c2ccc3c(N)ncnn23)[C@H](O)[C@@H]1O)Oc1ccccc1>>CCC(C)COC(=O)[C@H](C)N[P@](=O)(OC[C@H]1O[C@@](C#N)(c2ccc3c(N)ncnn23)[C@H](O)[C@@H]1O)Oc1ccccc1.CCC(CC)COC(=O)[C@H](CC)N[P@](=O)(OC[C@H]1O[C@@](C#N)(c2ccc3c(N)ncnn23)[C@H](O)[C@@H]1O)Oc1ccccc1
rule0028_51
rule0126_2
rule0126_1
No_Thermo
No_Thermo
No_Thermo

ranking 97
final score 2.0
Max reaction enthalpy score 0  x  2  =  0
Number of reactions score 0.0  x  4  =  0.0
By-product score 1.0  x  2  =  2.0
Pathway atom economy score 0.0  x  1  =  0.0
Salt score 0  x  0  =  0
Reaxys score 0  x  0  =  0
Cool score 0  x  0  =  0
atom economy 0.24999999999999994
pathway by-product 0
intermediate by-product {None: 0}
CCC(C)C(C)OC(=O)[C@H](C)N[P@](=O)(OC[C@H]1O[C@@](C#N)(c2ccc3c(N)ncnn23)[C@H](O)[C@@H]1O)Oc1ccccc1>>CCC(C[C@H](C)N[P@](=O)(OC[C@H]1O[C@@](C#N)(c2ccc3c(N)ncnn23)[C@H](O)[C@@H]1O)Oc1ccccc1)C(C)OC=O
CCC(C)COC(=O)[C@H](C)N[P@](=O)(OC[C@H]1O[C@@](C#N)(c2ccc3c(N)ncnn23)[C@H](O)[C@@H]1O)Oc1ccccc1.CCC(C)COC(=O)[C@H](C)N[P@](=O)(OC[C@H]1O[C@@](C#N)(c2ccc3c(N)ncnn23)[C@H](O)[C@@H]1O)Oc1ccccc1>>CCC(C)C(C)OC(=O)[C@H](C)N[P@](=O)(OC[C@H]1O[C@@](C#N)(c2ccc3c(N)ncnn23)[C@H](O)[C@@H]1O)Oc1ccccc1.CCC(C)COC(=O)CN[P@](=O)(OC[C@H]1O[C@@](C#N)(c2ccc3c(N)ncnn23)[C@H](O)[C@@H]1O)Oc1ccccc1
CCC(CC)COC(=O)[C@H](C)N[P@](=O)(OC[C@H]1O[C@@](C#N)(c2ccc3c(N)ncnn23)[C@H](O)[C@@H]1O)Oc1ccccc1.CCC(CC)COC(=O)[C@H](C)N[P@](=O)(OC[C@H]1O[C@@](C#N)(c2ccc3c(N)ncnn23)[C@H](O)[C@@H]1O)Oc1ccccc1>>CCC(C)COC(=O)[C@H](C)N[P@](=O)(OC[C@H]1O[C@@](C#N)(c2ccc3c(N)ncnn23)[C@H](O)[C@@H]1O)Oc1ccccc1.CCCC(CC)COC(=O)[C@H](C)N[P@](=O)(OC[C@H]1O[C@@](C#N)(c2ccc3c(N)ncnn23)[C@H](O)[C@@H]1O)Oc1ccccc1
rule0028_51
rule0126_2
rule0126_2
No_Thermo
No_Thermo
No_Thermo

ranking 98
final score 2.0
Max reaction enthalpy score 0  x  2  =  0
Number of reactions score 0.0  x  4  =  0.0
By-product score 1.0  x  2  =  2.0
Pathway atom economy score 7.401486830834377e-17  x  1  =  7.401486830834377e-17
Salt score 0  x  0  =  0
Reaxys score 0  x  0  =  0
Cool score 0  x  0  =  0
atom economy 0.25
pathway by-product 0
intermediate by-product {None: 0}
CCC(C)C(C)OC(=O)[C@H](C)N[P@](=O)(OC[C@H]1O[C@@](C#N)(c2ccc3c(N)ncnn23)[C@H](O)[C@@H]1O)Oc1ccccc1>>CCC(C[C@H](C)N[P@](=O)(OC[C@H]1O[C@@](C#N)(c2ccc3c(N)ncnn23)[C@H](O)[C@@H]1O)Oc1ccccc1)C(C)OC=O
CCC(C)COC(=O)[C@H](C)N[P@](=O)(OC[C@H]1O[C@@](C#N)(c2ccc3c(N)ncnn23)[C@H](O)[C@@H]1O)Oc1ccccc1.CCC(C)COC(=O)[C@H](C)N[P@](=O)(OC[C@H]1O[C@@](C#N)(c2ccc3c(N)ncnn23)[C@H](O)[C@@H]1O)Oc1ccccc1>>CCC(C)C(C)OC(=O)[C@H](C)N[P@](=O)(OC[C@H]1O[C@@](C#N)(c2ccc3c(N)ncnn23)[C@H](O)[C@@H]1O)Oc1ccccc1.CCC(C)COC(=O)CN[P@](=O)(OC[C@H]1O[C@@](C#N)(c2ccc3c(N)ncnn23)[C@H](O)[C@@H]1O)Oc1ccccc1
CCC(CC)COC(=O)[C@H](C)N[P@](=O)(OC[C@H]1O[C@@](C#N)(c2ccc3c(N)ncnn23)[C@H](O)[C@@H]1O)Oc1ccccc1.CCC(CC)COC(=O)[C@H](C)N[P@](=O)(OC[C@H]1O[C@@](C#N)(c2ccc3c(N)ncnn23)[C@H](O)[C@@H]1O)Oc1ccccc1>>CCC(C)COC(=O)[C@H](C)N[P@](=O)(OC[C@H]1O[C@@](C#N)(c2ccc3c(N)ncnn23)[C@H](O)[C@@H]1O)Oc1ccccc1.CCC(COC(=O)[C@H](C)N[P@](=O)(OC[C@H]1O[C@@](C#N)(c2ccc3c(N)ncnn23)[C@H](O)[C@@H]1O)Oc1ccccc1)C(C)C
rule0028_51
rule0126_2
rule0126_2
No_Thermo
No_Thermo
No_Thermo

ranking 99
final score 2.0
Max reaction enthalpy score 0  x  2  =  0
Number of reactions score 0.0  x  4  =  0.0
By-product score 1.0  x  2  =  2.0
Pathway atom economy score 0.0  x  1  =  0.0
Salt score 0  x  0  =  0
Reaxys score 0  x  0  =  0
Cool score 0  x  0  =  0
atom economy 0.24999999999999994
pathway by-product 0
intermediate by-product {None: 0}
CCC(C)C(C)OC(=O)[C@H](C)N[P@](=O)(OC[C@H]1O[C@@](C#N)(c2ccc3c(N)ncnn23)[C@H](O)[C@@H]1O)Oc1ccccc1>>CCC(C[C@H](C)N[P@](=O)(OC[C@H]1O[C@@](C#N)(c2ccc3c(N)ncnn23)[C@H](O)[C@@H]1O)Oc1ccccc1)C(C)OC=O
CCC(C)COC(=O)[C@H](C)N[P@](=O)(OC[C@H]1O[C@@](C#N)(c2ccc3c(N)ncnn23)[C@H](O)[C@@H]1O)Oc1ccccc1.CCC(C)COC(=O)[C@H](C)N[P@](=O)(OC[C@H]1O[C@@](C#N)(c2ccc3c(N)ncnn23)[C@H](O)[C@@H]1O)Oc1ccccc1>>CCC(C)C(C)OC(=O)[C@H](C)N[P@](=O)(OC[C@H]1O[C@@](C#N)(c2ccc3c(N)ncnn23)[C@H](O)[C@@H]1O)Oc1ccccc1.CCC(C)COC(=O)CN[P@](=O)(OC[C@H]1O[C@@](C#N)(c2ccc3c(N)ncnn23)[C@H](O)[C@@H]1O)Oc1ccccc1
CCC(CC)COC(=O)[C@H](C)N[P@](=O)(OC[C@H]1O[C@@](C#N)(c2ccc3c(N)ncnn23)[C@H](O)[C@@H]1O)Oc1ccccc1.CCC(CC)COC(=O)[C@H](C)N[P@](=O)(OC[C@H]1O[C@@](C#N)(c2ccc3c(N)ncnn23)[C@H](O)[C@@H]1O)Oc1ccccc1>>CCC(C)COC(=O)[C@H](C)N[P@](=O)(OC[C@H]1O[C@@](C#N)(c2ccc3c(N)ncnn23)[C@H](O)[C@@H]1O)Oc1ccccc1.CCC(CC)COC(=O)[C@H](C)N[P@](=O)(OC[C@]1(C)O[C@@](C#N)(c2ccc3c(N)ncnn23)[C@H](O)[C@@H]1O)Oc1ccccc1
rule0028_51
rule0126_2
rule0126_2
No_Thermo
No_Thermo
No_Thermo

ranking 100
final score 2.0
Max reaction enthalpy score 0  x  2  =  0
Number of reactions score 0.0  x  4  =  0.0
By-product score 1.0  x  2  =  2.0
Pathway atom economy score 0.0  x  1  =  0.0
Salt score 0  x  0  =  0
Reaxys score 0  x  0  =  0
Cool score 0  x  0  =  0
atom economy 0.24999999999999994
pathway by-product 0
intermediate by-product {None: 0}
CCC(C)C(C)OC(=O)[C@H](C)N[P@](=O)(OC[C@H]1O[C@@](C#N)(c2ccc3c(N)ncnn23)[C@H](O)[C@@H]1O)Oc1ccccc1>>CCC(C[C@H](C)N[P@](=O)(OC[C@H]1O[C@@](C#N)(c2ccc3c(N)ncnn23)[C@H](O)[C@@H]1O)Oc1ccccc1)C(C)OC=O
CCC(C)COC(=O)[C@H](C)N[P@](=O)(OC[C@H]1O[C@@](C#N)(c2ccc3c(N)ncnn23)[C@H](O)[C@@H]1O)Oc1ccccc1.CCC(C)COC(=O)[C@H](C)N[P@](=O)(OC[C@H]1O[C@@](C#N)(c2ccc3c(N)ncnn23)[C@H](O)[C@@H]1O)Oc1ccccc1>>CCC(C)C(C)OC(=O)[C@H](C)N[P@](=O)(OC[C@H]1O[C@@](C#N)(c2ccc3c(N)ncnn23)[C@H](O)[C@@H]1O)Oc1ccccc1.CCC(C)COC(=O)CN[P@](=O)(OC[C@H]1O[C@@](C#N)(c2ccc3c(N)ncnn23)[C@H](O)[C@@H]1O)Oc1ccccc1
CCC(CC)COC(=O)[C@H](C)N[P@](=O)(OC[C@H]1O[C@@](C#N)(c2ccc3c(N)ncnn23)[C@H](O)[C@@H]1O)Oc1ccccc1.CCC(CC)COC(=O)[C@H](C)N[P@](=O)(OC[C@H]1O[C@@](C#N)(c2ccc3c(N)ncnn23)[C@H](O)[C@@H]1O)Oc1ccccc1>>CCC(C)COC(=O)[C@H](C)N[P@](=O)(OC[C@H]1O[C@@](C#N)(c2ccc3c(N)ncnn23)[C@H](O)[C@@H]1O)Oc1ccccc1.CCC(CC)COC(=O)[C@H](C)N[P@](=O)(OC[C@H]1O[C@@](C#N)(c2ccc3c(N)ncnn23)[C@H](O)[C@@]1(C)O)Oc1ccccc1
rule0028_51
rule0126_2
rule0126_2
No_Thermo
No_Thermo
No_Thermo

ranking 101
final score 2.0
Max reaction enthalpy score 0  x  2  =  0
Number of reactions score 0.0  x  4  =  0.0
By-product score 1.0  x  2  =  2.0
Pathway atom economy score 7.401486830834377e-17  x  1  =  7.401486830834377e-17
Salt score 0  x  0  =  0
Reaxys score 0  x  0  =  0
Cool score 0  x  0  =  0
atom economy 0.25
pathway by-product 0
intermediate by-product {None: 0}
CCC(C)C(C)OC(=O)[C@H](C)N[P@](=O)(OC[C@H]1O[C@@](C#N)(c2ccc3c(N)ncnn23)[C@H](O)[C@@H]1O)Oc1ccccc1>>CCC(C[C@H](C)N[P@](=O)(OC[C@H]1O[C@@](C#N)(c2ccc3c(N)ncnn23)[C@H](O)[C@@H]1O)Oc1ccccc1)C(C)OC=O
CCC(C)COC(=O)[C@H](C)N[P@](=O)(OC[C@H]1O[C@@](C#N)(c2ccc3c(N)ncnn23)[C@H](O)[C@@H]1O)Oc1ccccc1.CCC(C)COC(=O)[C@H](C)N[P@](=O)(OC[C@H]1O[C@@](C#N)(c2ccc3c(N)ncnn23)[C@H](O)[C@@H]1O)Oc1ccccc1>>CCC(C)C(C)OC(=O)[C@H](C)N[P@](=O)(OC[C@H]1O[C@@](C#N)(c2ccc3c(N)ncnn23)[C@H](O)[C@@H]1O)Oc1ccccc1.CCC(C)COC(=O)CN[P@](=O)(OC[C@H]1O[C@@](C#N)(c2ccc3c(N)ncnn23)[C@H](O)[C@@H]1O)Oc1ccccc1
CCC(CC)COC(=O)[C@H](C)N[P@](=O)(OC[C@H]1O[C@@](C#N)(c2ccc3c(N)ncnn23)[C@H](O)[C@@H]1O)Oc1ccccc1.CCC(CC)COC(=O)[C@H](C)N[P@](=O)(OC[C@H]1O[C@@](C#N)(c2ccc3c(N)ncnn23)[C@H](O)[C@@H]1O)Oc1ccccc1>>CCC(C)COC(=O)[C@H](C)N[P@](=O)(OC[C@H]1O[C@@](C#N)(c2ccc3c(N)ncnn23)[C@H](O)[C@@H]1O)Oc1ccccc1.CCC(CC)COC(=O)[C@H](C)N[P@](=O)(OC[C@H]1O[C@@](C#N)(c2ccc3c(N)ncnn23)[C@H](O)[C@@H]1O)Oc1ccccc1C
rule0028_51
rule0126_2
rule0126_2
No_Thermo
No_Thermo
No_Thermo

ranking 102
final score 2.0
Max reaction enthalpy score 0  x  2  =  0
Number of reactions score 0.0  x  4  =  0.0
By-product score 1.0  x  2  =  2.0
Pathway atom economy score 7.401486830834377e-17  x  1  =  7.401486830834377e-17
Salt score 0  x  0  =  0
Reaxys score 0  x  0  =  0
Cool score 0  x  0  =  0
atom economy 0.25
pathway by-product 0
intermediate by-product {None: 0}
CCC(C)C(C)OC(=O)[C@H](C)N[P@](=O)(OC[C@H]1O[C@@](C#N)(c2ccc3c(N)ncnn23)[C@H](O)[C@@H]1O)Oc1ccccc1>>CCC(C[C@H](C)N[P@](=O)(OC[C@H]1O[C@@](C#N)(c2ccc3c(N)ncnn23)[C@H](O)[C@@H]1O)Oc1ccccc1)C(C)OC=O
CCC(C)COC(=O)[C@H](C)N[P@](=O)(OC[C@H]1O[C@@](C#N)(c2ccc3c(N)ncnn23)[C@H](O)[C@@H]1O)Oc1ccccc1.CCC(C)COC(=O)[C@H](C)N[P@](=O)(OC[C@H]1O[C@@](C#N)(c2ccc3c(N)ncnn23)[C@H](O)[C@@H]1O)Oc1ccccc1>>CCC(C)C(C)OC(=O)[C@H](C)N[P@](=O)(OC[C@H]1O[C@@](C#N)(c2ccc3c(N)ncnn23)[C@H](O)[C@@H]1O)Oc1ccccc1.CCC(C)COC(=O)CN[P@](=O)(OC[C@H]1O[C@@](C#N)(c2ccc3c(N)ncnn23)[C@H](O)[C@@H]1O)Oc1ccccc1
CCC(CC)COC(=O)[C@H](C)N[P@](=O)(OC[C@H]1O[C@@](C#N)(c2ccc3c(N)ncnn23)[C@H](O)[C@@H]1O)Oc1ccccc1.CCC(CC)COC(=O)[C@H](C)N[P@](=O)(OC[C@H]1O[C@@](C#N)(c2ccc3c(N)ncnn23)[C@H](O)[C@@H]1O)Oc1ccccc1>>CCC(C)COC(=O)[C@H](C)N[P@](=O)(OC[C@H]1O[C@@](C#N)(c2ccc3c(N)ncnn23)[C@H](O)[C@@H]1O)Oc1ccccc1.CCC(CC)COC(=O)[C@H](C)N[P@](=O)(OC[C@H]1O[C@@](C#N)(c2ccc3c(N)ncnn23)[C@H](O)[C@@H]1O)Oc1cccc(C)c1
rule0028_51
rule0126_2
rule0126_2
No_Thermo
No_Thermo
No_Thermo

ranking 103
final score 2.0
Max reaction enthalpy score 0  x  2  =  0
Number of reactions score 0.0  x  4  =  0.0
By-product score 1.0  x  2  =  2.0
Pathway atom economy score 7.401486830834377e-17  x  1  =  7.401486830834377e-17
Salt score 0  x  0  =  0
Reaxys score 0  x  0  =  0
Cool score 0  x  0  =  0
atom economy 0.25
pathway by-product 0
intermediate by-product {None: 0}
CCC(C)C(C)OC(=O)[C@H](C)N[P@](=O)(OC[C@H]1O[C@@](C#N)(c2ccc3c(N)ncnn23)[C@H](O)[C@@H]1O)Oc1ccccc1>>CCC(C[C@H](C)N[P@](=O)(OC[C@H]1O[C@@](C#N)(c2ccc3c(N)ncnn23)[C@H](O)[C@@H]1O)Oc1ccccc1)C(C)OC=O
CCC(C)COC(=O)[C@H](C)N[P@](=O)(OC[C@H]1O[C@@](C#N)(c2ccc3c(N)ncnn23)[C@H](O)[C@@H]1O)Oc1ccccc1.CCC(C)COC(=O)[C@H](C)N[P@](=O)(OC[C@H]1O[C@@](C#N)(c2ccc3c(N)ncnn23)[C@H](O)[C@@H]1O)Oc1ccccc1>>CCC(C)C(C)OC(=O)[C@H](C)N[P@](=O)(OC[C@H]1O[C@@](C#N)(c2ccc3c(N)ncnn23)[C@H](O)[C@@H]1O)Oc1ccccc1.CCC(C)COC(=O)CN[P@](=O)(OC[C@H]1O[C@@](C#N)(c2ccc3c(N)ncnn23)[C@H](O)[C@@H]1O)Oc1ccccc1
CCC(CC)COC(=O)[C@H](C)N[P@](=O)(OC[C@H]1O[C@@](C#N)(c2ccc3c(N)ncnn23)[C@H](O)[C@@H]1O)Oc1ccccc1.CCC(CC)COC(=O)[C@H](C)N[P@](=O)(OC[C@H]1O[C@@](C#N)(c2ccc3c(N)ncnn23)[C@H](O)[C@@H]1O)Oc1ccccc1>>CCC(C)COC(=O)[C@H](C)N[P@](=O)(OC[C@H]1O[C@@](C#N)(c2ccc3c(N)ncnn23)[C@H](O)[C@@H]1O)Oc1ccccc1.CCC(CC)COC(=O)[C@H](C)N[P@](=O)(OC[C@H]1O[C@@](C#N)(c2ccc3c(N)ncnn23)[C@H](O)[C@@H]1O)Oc1ccc(C)cc1
rule0028_51
rule0126_2
rule0126_2
No_Thermo
No_Thermo
No_Thermo

ranking 104
final score 2.0
Max reaction enthalpy score 0  x  2  =  0
Number of reactions score 0.0  x  4  =  0.0
By-product score 1.0  x  2  =  2.0
Pathway atom economy score 0.0  x  1  =  0.0
Salt score 0  x  0  =  0
Reaxys score 0  x  0  =  0
Cool score 0  x  0  =  0
atom economy 0.24999999999999994
pathway by-product 0
intermediate by-product {None: 0}
CCC(C)C(C)OC(=O)[C@H](C)N[P@](=O)(OC[C@H]1O[C@@](C#N)(c2ccc3c(N)ncnn23)[C@H](O)[C@@H]1O)Oc1ccccc1>>CCC(C[C@H](C)N[P@](=O)(OC[C@H]1O[C@@](C#N)(c2ccc3c(N)ncnn23)[C@H](O)[C@@H]1O)Oc1ccccc1)C(C)OC=O
CCC(C)COC(=O)[C@H](C)N[P@](=O)(OC[C@H]1O[C@@](C#N)(c2ccc3c(N)ncnn23)[C@H](O)[C@@H]1O)Oc1ccccc1.CCC(C)COC(=O)[C@H](C)N[P@](=O)(OC[C@H]1O[C@@](C#N)(c2ccc3c(N)ncnn23)[C@H](O)[C@@H]1O)Oc1ccccc1>>CCC(C)C(C)OC(=O)[C@H](C)N[P@](=O)(OC[C@H]1O[C@@](C#N)(c2ccc3c(N)ncnn23)[C@H](O)[C@@H]1O)Oc1ccccc1.CCC(C)COC(=O)CN[P@](=O)(OC[C@H]1O[C@@](C#N)(c2ccc3c(N)ncnn23)[C@H](O)[C@@H]1O)Oc1ccccc1
CCC(CC)COC(=O)[C@H](C)N[P@](=O)(OC[C@H]1O[C@@](C#N)(c2ccc3c(N)ncnn23)[C@H](O)[C@@H]1O)Oc1ccccc1.CCC(CC)COC(=O)[C@H](C)N[P@](=O)(OC[C@H]1O[C@@](C#N)(c2ccc3c(N)ncnn23)[C@H](O)[C@@H]1O)Oc1ccccc1>>CCC(C)COC(=O)[C@H](C)N[P@](=O)(OC[C@H]1O[C@@](C#N)(c2ccc3c(N)ncnn23)[C@H](O)[C@@H]1O)Oc1ccccc1.CCC(CC)COC(=O)[C@H](C)N[P@](=O)(OC[C@H]1O[C@@](C#N)(c2ccc3c(N)ncnn23)[C@@](C)(O)[C@@H]1O)Oc1ccccc1
rule0028_51
rule0126_2
rule0126_2
No_Thermo
No_Thermo
No_Thermo

ranking 105
final score 2.0
Max reaction enthalpy score 0  x  2  =  0
Number of reactions score 0.0  x  4  =  0.0
By-product score 1.0  x  2  =  2.0
Pathway atom economy score 0.0  x  1  =  0.0
Salt score 0  x  0  =  0
Reaxys score 0  x  0  =  0
Cool score 0  x  0  =  0
atom economy 0.24999999999999994
pathway by-product 0
intermediate by-product {None: 0}
CCC(C)C(C)OC(=O)[C@H](C)N[P@](=O)(OC[C@H]1O[C@@](C#N)(c2ccc3c(N)ncnn23)[C@H](O)[C@@H]1O)Oc1ccccc1>>CCC(C[C@H](C)N[P@](=O)(OC[C@H]1O[C@@](C#N)(c2ccc3c(N)ncnn23)[C@H](O)[C@@H]1O)Oc1ccccc1)C(C)OC=O
CCC(C)COC(=O)[C@H](C)N[P@](=O)(OC[C@H]1O[C@@](C#N)(c2ccc3c(N)ncnn23)[C@H](O)[C@@H]1O)Oc1ccccc1.CCC(C)COC(=O)[C@H](C)N[P@](=O)(OC[C@H]1O[C@@](C#N)(c2ccc3c(N)ncnn23)[C@H](O)[C@@H]1O)Oc1ccccc1>>CCC(C)C(C)OC(=O)[C@H](C)N[P@](=O)(OC[C@H]1O[C@@](C#N)(c2ccc3c(N)ncnn23)[C@H](O)[C@@H]1O)Oc1ccccc1.CCC(C)COC(=O)CN[P@](=O)(OC[C@H]1O[C@@](C#N)(c2ccc3c(N)ncnn23)[C@H](O)[C@@H]1O)Oc1ccccc1
CCC(CC)COC(=O)[C@H](C)N[P@](=O)(OC[C@H]1O[C@@](C#N)(c2ccc3c(N)ncnn23)[C@H](O)[C@@H]1O)Oc1ccccc1.CCC(CC)COC(=O)[C@H](C)N[P@](=O)(OC[C@H]1O[C@@](C#N)(c2ccc3c(N)ncnn23)[C@H](O)[C@@H]1O)Oc1ccccc1>>CCC(C)COC(=O)[C@H](C)N[P@](=O)(OC[C@H]1O[C@@](C#N)(c2ccc3c(N)ncnn23)[C@H](O)[C@@H]1O)Oc1ccccc1.CCC(CC)COC(=O)[C@H](C)N[P@](=O)(OC[C@H]1O[C@@](C#N)(c2ccc3c(N)nc(C)nn23)[C@H](O)[C@@H]1O)Oc1ccccc1
rule0028_51
rule0126_2
rule0126_2
No_Thermo
No_Thermo
No_Thermo

ranking 106
final score 2.0
Max reaction enthalpy score 0  x  2  =  0
Number of reactions score 0.0  x  4  =  0.0
By-product score 1.0  x  2  =  2.0
Pathway atom economy score 0.0  x  1  =  0.0
Salt score 0  x  0  =  0
Reaxys score 0  x  0  =  0
Cool score 0  x  0  =  0
atom economy 0.24999999999999994
pathway by-product 0
intermediate by-product {None: 0}
CCC(C)C(C)OC(=O)[C@H](C)N[P@](=O)(OC[C@H]1O[C@@](C#N)(c2ccc3c(N)ncnn23)[C@H](O)[C@@H]1O)Oc1ccccc1>>CCC(C[C@H](C)N[P@](=O)(OC[C@H]1O[C@@](C#N)(c2ccc3c(N)ncnn23)[C@H](O)[C@@H]1O)Oc1ccccc1)C(C)OC=O
CCC(C)COC(=O)[C@H](C)N[P@](=O)(OC[C@H]1O[C@@](C#N)(c2ccc3c(N)ncnn23)[C@H](O)[C@@H]1O)Oc1ccccc1.CCC(C)COC(=O)[C@H](C)N[P@](=O)(OC[C@H]1O[C@@](C#N)(c2ccc3c(N)ncnn23)[C@H](O)[C@@H]1O)Oc1ccccc1>>CCC(C)C(C)OC(=O)[C@H](C)N[P@](=O)(OC[C@H]1O[C@@](C#N)(c2ccc3c(N)ncnn23)[C@H](O)[C@@H]1O)Oc1ccccc1.CCC(C)COC(=O)CN[P@](=O)(OC[C@H]1O[C@@](C#N)(c2ccc3c(N)ncnn23)[C@H](O)[C@@H]1O)Oc1ccccc1
CCC(CC)COC(=O)[C@H](C)N[P@](=O)(OC[C@H]1O[C@@](C#N)(c2ccc3c(N)ncnn23)[C@H](O)[C@@H]1O)Oc1ccccc1.CCC(CC)COC(=O)[C@H](C)N[P@](=O)(OC[C@H]1O[C@@](C#N)(c2ccc3c(N)ncnn23)[C@H](O)[C@@H]1O)Oc1ccccc1>>CCC(C)COC(=O)[C@H](C)N[P@](=O)(OC[C@H]1O[C@@](C#N)(c2ccc3c(N)ncnn23)[C@H](O)[C@@H]1O)Oc1ccccc1.CCC(CC)COC(=O)[C@H](C)N[P@](=O)(OC[C@H]1O[C@@](C#N)(c2cc(C)c3c(N)ncnn23)[C@H](O)[C@@H]1O)Oc1ccccc1
rule0028_51
rule0126_2
rule0126_2
No_Thermo
No_Thermo
No_Thermo

ranking 107
final score 2.0
Max reaction enthalpy score 0  x  2  =  0
Number of reactions score 0.0  x  4  =  0.0
By-product score 1.0  x  2  =  2.0
Pathway atom economy score 0.0  x  1  =  0.0
Salt score 0  x  0  =  0
Reaxys score 0  x  0  =  0
Cool score 0  x  0  =  0
atom economy 0.24999999999999994
pathway by-product 0
intermediate by-product {None: 0}
CCC(C)C(C)OC(=O)[C@H](C)N[P@](=O)(OC[C@H]1O[C@@](C#N)(c2ccc3c(N)ncnn23)[C@H](O)[C@@H]1O)Oc1ccccc1>>CCC(C[C@H](C)N[P@](=O)(OC[C@H]1O[C@@](C#N)(c2ccc3c(N)ncnn23)[C@H](O)[C@@H]1O)Oc1ccccc1)C(C)OC=O
CCC(C)COC(=O)[C@H](C)N[P@](=O)(OC[C@H]1O[C@@](C#N)(c2ccc3c(N)ncnn23)[C@H](O)[C@@H]1O)Oc1ccccc1.CCC(C)COC(=O)[C@H](C)N[P@](=O)(OC[C@H]1O[C@@](C#N)(c2ccc3c(N)ncnn23)[C@H](O)[C@@H]1O)Oc1ccccc1>>CCC(C)C(C)OC(=O)[C@H](C)N[P@](=O)(OC[C@H]1O[C@@](C#N)(c2ccc3c(N)ncnn23)[C@H](O)[C@@H]1O)Oc1ccccc1.CCC(C)COC(=O)CN[P@](=O)(OC[C@H]1O[C@@](C#N)(c2ccc3c(N)ncnn23)[C@H](O)[C@@H]1O)Oc1ccccc1
CCC(CC)COC(=O)[C@H](C)N[P@](=O)(OC[C@H]1O[C@@](C#N)(c2ccc3c(N)ncnn23)[C@H](O)[C@@H]1O)Oc1ccccc1.CCC(CC)COC(=O)[C@H](C)N[P@](=O)(OC[C@H]1O[C@@](C#N)(c2ccc3c(N)ncnn23)[C@H](O)[C@@H]1O)Oc1ccccc1>>CCC(C)COC(=O)[C@H](C)N[P@](=O)(OC[C@H]1O[C@@](C#N)(c2ccc3c(N)ncnn23)[C@H](O)[C@@H]1O)Oc1ccccc1.CCC(CC)COC(=O)[C@H](C)N[P@](=O)(OC[C@H]1O[C@@](C#N)(c2c(C)cc3c(N)ncnn23)[C@H](O)[C@@H]1O)Oc1ccccc1
rule0028_51
rule0126_2
rule0126_2
No_Thermo
No_Thermo
No_Thermo

ranking 108
final score 2.0
Max reaction enthalpy score 0  x  2  =  0
Number of reactions score 0.0  x  4  =  0.0
By-product score 1.0  x  2  =  2.0
Pathway atom economy score 0.0  x  1  =  0.0
Salt score 0  x  0  =  0
Reaxys score 0  x  0  =  0
Cool score 0  x  0  =  0
atom economy 0.24999999999999994
pathway by-product 0
intermediate by-product {None: 0}
CCC(C)C(C)OC(=O)[C@H](C)N[P@](=O)(OC[C@H]1O[C@@](C#N)(c2ccc3c(N)ncnn23)[C@H](O)[C@@H]1O)Oc1ccccc1>>CCC(C[C@H](C)N[P@](=O)(OC[C@H]1O[C@@](C#N)(c2ccc3c(N)ncnn23)[C@H](O)[C@@H]1O)Oc1ccccc1)C(C)OC=O
CCC(C)COC(=O)[C@H](C)N[P@](=O)(OC[C@H]1O[C@@](C#N)(c2ccc3c(N)ncnn23)[C@H](O)[C@@H]1O)Oc1ccccc1.CCC(C)COC(=O)[C@H](C)N[P@](=O)(OC[C@H]1O[C@@](C#N)(c2ccc3c(N)ncnn23)[C@H](O)[C@@H]1O)Oc1ccccc1>>CCC(C)C(C)OC(=O)[C@H](C)N[P@](=O)(OC[C@H]1O[C@@](C#N)(c2ccc3c(N)ncnn23)[C@H](O)[C@@H]1O)Oc1ccccc1.CCC(C)COC(=O)CN[P@](=O)(OC[C@H]1O[C@@](C#N)(c2ccc3c(N)ncnn23)[C@H](O)[C@@H]1O)Oc1ccccc1
CCC(CC)COC(=O)[C@H](C)N[P@](=O)(OC[C@H]1O[C@@](C#N)(c2ccc3c(N)ncnn23)[C@H](O)[C@@H]1O)Oc1ccccc1.CCC(CC)COC(=O)[C@H](C)N[P@](=O)(OC[C@H]1O[C@@](C#N)(c2ccc3c(N)ncnn23)[C@H](O)[C@@H]1O)Oc1ccccc1>>CCC(C)COC(=O)[C@H](C)N[P@](=O)(OC[C@H]1O[C@@](C#N)(c2ccc3c(N)ncnn23)[C@H](O)[C@@H]1O)Oc1ccccc1.CCC(CC)COC(=O)[C@H](C)N[P@@](=O)(Oc1ccccc1)OC(C)[C@H]1O[C@@](C#N)(c2ccc3c(N)ncnn23)[C@H](O)[C@@H]1O
rule0028_51
rule0126_2
rule0126_2
No_Thermo
No_Thermo
No_Thermo

ranking 109
final score 2.0
Max reaction enthalpy score 0  x  2  =  0
Number of reactions score 0.0  x  4  =  0.0
By-product score 1.0  x  2  =  2.0
Pathway atom economy score 0.0  x  1  =  0.0
Salt score 0  x  0  =  0
Reaxys score 0  x  0  =  0
Cool score 0  x  0  =  0
atom economy 0.24999999999999994
pathway by-product 0
intermediate by-product {None: 0}
CCC(C)C(C)OC(=O)[C@H](C)N[P@](=O)(OC[C@H]1O[C@@](C#N)(c2ccc3c(N)ncnn23)[C@H](O)[C@@H]1O)Oc1ccccc1>>CCC(C[C@H](C)N[P@](=O)(OC[C@H]1O[C@@](C#N)(c2ccc3c(N)ncnn23)[C@H](O)[C@@H]1O)Oc1ccccc1)C(C)OC=O
CCC(C)COC(=O)[C@H](C)N[P@](=O)(OC[C@H]1O[C@@](C#N)(c2ccc3c(N)ncnn23)[C@H](O)[C@@H]1O)Oc1ccccc1.CCC(C)COC(=O)[C@H](C)N[P@](=O)(OC[C@H]1O[C@@](C#N)(c2ccc3c(N)ncnn23)[C@H](O)[C@@H]1O)Oc1ccccc1>>CCC(C)C(C)OC(=O)[C@H](C)N[P@](=O)(OC[C@H]1O[C@@](C#N)(c2ccc3c(N)ncnn23)[C@H](O)[C@@H]1O)Oc1ccccc1.CCC(C)COC(=O)CN[P@](=O)(OC[C@H]1O[C@@](C#N)(c2ccc3c(N)ncnn23)[C@H](O)[C@@H]1O)Oc1ccccc1
CCC(CC)COC(=O)[C@H](C)N[P@](=O)(OC[C@H]1O[C@@](C#N)(c2ccc3c(N)ncnn23)[C@H](O)[C@@H]1O)Oc1ccccc1.CCC(CC)COC(=O)[C@H](C)N[P@](=O)(OC[C@H]1O[C@@](C#N)(c2ccc3c(N)ncnn23)[C@H](O)[C@@H]1O)Oc1ccccc1>>CCC(C)COC(=O)[C@H](C)N[P@](=O)(OC[C@H]1O[C@@](C#N)(c2ccc3c(N)ncnn23)[C@H](O)[C@@H]1O)Oc1ccccc1.CCC(CC)COC(=O)C(C)(C)N[P@](=O)(OC[C@H]1O[C@@](C#N)(c2ccc3c(N)ncnn23)[C@H](O)[C@@H]1O)Oc1ccccc1
rule0028_51
rule0126_2
rule0126_2
No_Thermo
No_Thermo
No_Thermo

ranking 110
final score 2.0
Max reaction enthalpy score 0  x  2  =  0
Number of reactions score 0.0  x  4  =  0.0
By-product score 1.0  x  2  =  2.0
Pathway atom economy score 0.0  x  1  =  0.0
Salt score 0  x  0  =  0
Reaxys score 0  x  0  =  0
Cool score 0  x  0  =  0
atom economy 0.24999999999999994
pathway by-product 0
intermediate by-product {None: 0}
CCC(C)C(C)OC(=O)[C@H](C)N[P@](=O)(OC[C@H]1O[C@@](C#N)(c2ccc3c(N)ncnn23)[C@H](O)[C@@H]1O)Oc1ccccc1>>CCC(C[C@H](C)N[P@](=O)(OC[C@H]1O[C@@](C#N)(c2ccc3c(N)ncnn23)[C@H](O)[C@@H]1O)Oc1ccccc1)C(C)OC=O
CCC(C)COC(=O)[C@H](C)N[P@](=O)(OC[C@H]1O[C@@](C#N)(c2ccc3c(N)ncnn23)[C@H](O)[C@@H]1O)Oc1ccccc1.CCC(C)COC(=O)[C@H](C)N[P@](=O)(OC[C@H]1O[C@@](C#N)(c2ccc3c(N)ncnn23)[C@H](O)[C@@H]1O)Oc1ccccc1>>CCC(C)C(C)OC(=O)[C@H](C)N[P@](=O)(OC[C@H]1O[C@@](C#N)(c2ccc3c(N)ncnn23)[C@H](O)[C@@H]1O)Oc1ccccc1.CCC(C)COC(=O)CN[P@](=O)(OC[C@H]1O[C@@](C#N)(c2ccc3c(N)ncnn23)[C@H](O)[C@@H]1O)Oc1ccccc1
CCC(CC)COC(=O)[C@H](C)N[P@](=O)(OC[C@H]1O[C@@](C#N)(c2ccc3c(N)ncnn23)[C@H](O)[C@@H]1O)Oc1ccccc1.CCC(CC)COC(=O)[C@H](C)N[P@](=O)(OC[C@H]1O[C@@](C#N)(c2ccc3c(N)ncnn23)[C@H](O)[C@@H]1O)Oc1ccccc1>>CCC(C)COC(=O)[C@H](C)N[P@](=O)(OC[C@H]1O[C@@](C#N)(c2ccc3c(N)ncnn23)[C@H](O)[C@@H]1O)Oc1ccccc1.CCC(CC)C(C)OC(=O)[C@H](C)N[P@](=O)(OC[C@H]1O[C@@](C#N)(c2ccc3c(N)ncnn23)[C@H](O)[C@@H]1O)Oc1ccccc1
rule0028_51
rule0126_2
rule0126_2
No_Thermo
No_Thermo
No_Thermo

ranking 111
final score 2.0
Max reaction enthalpy score 0  x  2  =  0
Number of reactions score 0.0  x  4  =  0.0
By-product score 1.0  x  2  =  2.0
Pathway atom economy score 0.0  x  1  =  0.0
Salt score 0  x  0  =  0
Reaxys score 0  x  0  =  0
Cool score 0  x  0  =  0
atom economy 0.24999999999999994
pathway by-product 0
intermediate by-product {None: 0}
CCC(C)C(C)OC(=O)[C@H](C)N[P@](=O)(OC[C@H]1O[C@@](C#N)(c2ccc3c(N)ncnn23)[C@H](O)[C@@H]1O)Oc1ccccc1>>CCC(C[C@H](C)N[P@](=O)(OC[C@H]1O[C@@](C#N)(c2ccc3c(N)ncnn23)[C@H](O)[C@@H]1O)Oc1ccccc1)C(C)OC=O
CCC(C)COC(=O)[C@H](C)N[P@](=O)(OC[C@H]1O[C@@](C#N)(c2ccc3c(N)ncnn23)[C@H](O)[C@@H]1O)Oc1ccccc1.CCC(C)COC(=O)[C@H](C)N[P@](=O)(OC[C@H]1O[C@@](C#N)(c2ccc3c(N)ncnn23)[C@H](O)[C@@H]1O)Oc1ccccc1>>CCC(C)C(C)OC(=O)[C@H](C)N[P@](=O)(OC[C@H]1O[C@@](C#N)(c2ccc3c(N)ncnn23)[C@H](O)[C@@H]1O)Oc1ccccc1.CCC(C)COC(=O)CN[P@](=O)(OC[C@H]1O[C@@](C#N)(c2ccc3c(N)ncnn23)[C@H](O)[C@@H]1O)Oc1ccccc1
CCC(CC)COC(=O)[C@H](C)N[P@](=O)(OC[C@H]1O[C@@](C#N)(c2ccc3c(N)ncnn23)[C@H](O)[C@@H]1O)Oc1ccccc1.CCC(CC)COC(=O)[C@H](C)N[P@](=O)(OC[C@H]1O[C@@](C#N)(c2ccc3c(N)ncnn23)[C@H](O)[C@@H]1O)Oc1ccccc1>>CCC(C)(CC)COC(=O)[C@H](C)N[P@](=O)(OC[C@H]1O[C@@](C#N)(c2ccc3c(N)ncnn23)[C@H](O)[C@@H]1O)Oc1ccccc1.CCC(C)COC(=O)[C@H](C)N[P@](=O)(OC[C@H]1O[C@@](C#N)(c2ccc3c(N)ncnn23)[C@H](O)[C@@H]1O)Oc1ccccc1
rule0028_51
rule0126_2
rule0126_2
No_Thermo
No_Thermo
No_Thermo

ranking 112
final score 2.0
Max reaction enthalpy score 0  x  2  =  0
Number of reactions score 0.0  x  4  =  0.0
By-product score 1.0  x  2  =  2.0
Pathway atom economy score 0.0  x  1  =  0.0
Salt score 0  x  0  =  0
Reaxys score 0  x  0  =  0
Cool score 0  x  0  =  0
atom economy 0.24999999999999994
pathway by-product 0
intermediate by-product {None: 0}
CCC(C)C(C)OC(=O)[C@H](C)N[P@](=O)(OC[C@H]1O[C@@](C#N)(c2ccc3c(N)ncnn23)[C@H](O)[C@@H]1O)Oc1ccccc1>>CCC(C[C@H](C)N[P@](=O)(OC[C@H]1O[C@@](C#N)(c2ccc3c(N)ncnn23)[C@H](O)[C@@H]1O)Oc1ccccc1)C(C)OC=O
CCC(C)COC(=O)[C@H](C)N[P@](=O)(OC[C@H]1O[C@@](C#N)(c2ccc3c(N)ncnn23)[C@H](O)[C@@H]1O)Oc1ccccc1.CCC(C)COC(=O)[C@H](C)N[P@](=O)(OC[C@H]1O[C@@](C#N)(c2ccc3c(N)ncnn23)[C@H](O)[C@@H]1O)Oc1ccccc1>>CCC(C)C(C)OC(=O)[C@H](C)N[P@](=O)(OC[C@H]1O[C@@](C#N)(c2ccc3c(N)ncnn23)[C@H](O)[C@@H]1O)Oc1ccccc1.CCC(C)COC(=O)CN[P@](=O)(OC[C@H]1O[C@@](C#N)(c2ccc3c(N)ncnn23)[C@H](O)[C@@H]1O)Oc1ccccc1
CCC(CC)COC(=O)[C@H](C)N[P@](=O)(OC[C@H]1O[C@@](C#N)(c2ccc3c(N)ncnn23)[C@H](O)[C@@H]1O)Oc1ccccc1.CCC(CC)COC(=O)[C@H](C)N[P@](=O)(OC[C@H]1O[C@@](C#N)(c2ccc3c(N)ncnn23)[C@H](O)[C@@H]1O)Oc1ccccc1>>CCC(C)COC(=O)[C@H](C)N[P@](=O)(OC[C@H]1O[C@@](C#N)(c2ccc3c(N)ncnn23)[C@H](O)[C@@H]1O)Oc1ccccc1.CCC(CC)COC(=O)[C@H](CC)N[P@](=O)(OC[C@H]1O[C@@](C#N)(c2ccc3c(N)ncnn23)[C@H](O)[C@@H]1O)Oc1ccccc1
rule0028_51
rule0126_2
rule0126_1
No_Thermo
No_Thermo
No_Thermo

ranking 113
final score 2.0
Max reaction enthalpy score 0  x  2  =  0
Number of reactions score 0.0  x  4  =  0.0
By-product score 1.0  x  2  =  2.0
Pathway atom economy score 0.0  x  1  =  0.0
Salt score 0  x  0  =  0
Reaxys score 0  x  0  =  0
Cool score 0  x  0  =  0
atom economy 0.24999999999999994
pathway by-product 0
intermediate by-product {None: 0}
CCC(C)C(C)OC(=O)[C@H](C)N[P@](=O)(OC[C@H]1O[C@@](C#N)(c2ccc3c(N)ncnn23)[C@H](O)[C@@H]1O)Oc1ccccc1>>CCC(C[C@H](C)N[P@](=O)(OC[C@H]1O[C@@](C#N)(c2ccc3c(N)ncnn23)[C@H](O)[C@@H]1O)Oc1ccccc1)C(C)OC=O
CCC(C)COC(=O)[C@H](C)N[P@](=O)(OC[C@H]1O[C@@](C#N)(c2ccc3c(N)ncnn23)[C@H](O)[C@@H]1O)Oc1ccccc1.CCC(C)COC(=O)[C@H](C)N[P@](=O)(OC[C@H]1O[C@@](C#N)(c2ccc3c(N)ncnn23)[C@H](O)[C@@H]1O)Oc1ccccc1>>CC(C)COC(=O)[C@H](C)N[P@](=O)(OC[C@H]1O[C@@](C#N)(c2ccc3c(N)ncnn23)[C@H](O)[C@@H]1O)Oc1ccccc1.CCC(C)C(C)OC(=O)[C@H](C)N[P@](=O)(OC[C@H]1O[C@@](C#N)(c2ccc3c(N)ncnn23)[C@H](O)[C@@H]1O)Oc1ccccc1
CCC(CC)COC(=O)[C@H](C)N[P@](=O)(OC[C@H]1O[C@@](C#N)(c2ccc3c(N)ncnn23)[C@H](O)[C@@H]1O)Oc1ccccc1.CCC(CC)COC(=O)[C@H](C)N[P@](=O)(OC[C@H]1O[C@@](C#N)(c2ccc3c(N)ncnn23)[C@H](O)[C@@H]1O)Oc1ccccc1>>CCC(C)COC(=O)[C@H](C)N[P@](=O)(OC[C@H]1O[C@@](C#N)(c2ccc3c(N)ncnn23)[C@H](O)[C@@H]1O)Oc1ccccc1.CCCC(CC)COC(=O)[C@H](C)N[P@](=O)(OC[C@H]1O[C@@](C#N)(c2ccc3c(N)ncnn23)[C@H](O)[C@@H]1O)Oc1ccccc1
rule0028_51
rule0126_2
rule0126_2
No_Thermo
No_Thermo
No_Thermo

ranking 114
final score 2.0
Max reaction enthalpy score 0  x  2  =  0
Number of reactions score 0.0  x  4  =  0.0
By-product score 1.0  x  2  =  2.0
Pathway atom economy score 7.401486830834377e-17  x  1  =  7.401486830834377e-17
Salt score 0  x  0  =  0
Reaxys score 0  x  0  =  0
Cool score 0  x  0  =  0
atom economy 0.25
pathway by-product 0
intermediate by-product {None: 0}
CCC(C)C(C)OC(=O)[C@H](C)N[P@](=O)(OC[C@H]1O[C@@](C#N)(c2ccc3c(N)ncnn23)[C@H](O)[C@@H]1O)Oc1ccccc1>>CCC(C[C@H](C)N[P@](=O)(OC[C@H]1O[C@@](C#N)(c2ccc3c(N)ncnn23)[C@H](O)[C@@H]1O)Oc1ccccc1)C(C)OC=O
CCC(C)COC(=O)[C@H](C)N[P@](=O)(OC[C@H]1O[C@@](C#N)(c2ccc3c(N)ncnn23)[C@H](O)[C@@H]1O)Oc1ccccc1.CCC(C)COC(=O)[C@H](C)N[P@](=O)(OC[C@H]1O[C@@](C#N)(c2ccc3c(N)ncnn23)[C@H](O)[C@@H]1O)Oc1ccccc1>>CC(C)COC(=O)[C@H](C)N[P@](=O)(OC[C@H]1O[C@@](C#N)(c2ccc3c(N)ncnn23)[C@H](O)[C@@H]1O)Oc1ccccc1.CCC(C)C(C)OC(=O)[C@H](C)N[P@](=O)(OC[C@H]1O[C@@](C#N)(c2ccc3c(N)ncnn23)[C@H](O)[C@@H]1O)Oc1ccccc1
CCC(CC)COC(=O)[C@H](C)N[P@](=O)(OC[C@H]1O[C@@](C#N)(c2ccc3c(N)ncnn23)[C@H](O)[C@@H]1O)Oc1ccccc1.CCC(CC)COC(=O)[C@H](C)N[P@](=O)(OC[C@H]1O[C@@](C#N)(c2ccc3c(N)ncnn23)[C@H](O)[C@@H]1O)Oc1ccccc1>>CCC(C)COC(=O)[C@H](C)N[P@](=O)(OC[C@H]1O[C@@](C#N)(c2ccc3c(N)ncnn23)[C@H](O)[C@@H]1O)Oc1ccccc1.CCC(COC(=O)[C@H](C)N[P@](=O)(OC[C@H]1O[C@@](C#N)(c2ccc3c(N)ncnn23)[C@H](O)[C@@H]1O)Oc1ccccc1)C(C)C
rule0028_51
rule0126_2
rule0126_2
No_Thermo
No_Thermo
No_Thermo

ranking 115
final score 2.0
Max reaction enthalpy score 0  x  2  =  0
Number of reactions score 0.0  x  4  =  0.0
By-product score 1.0  x  2  =  2.0
Pathway atom economy score 0.0  x  1  =  0.0
Salt score 0  x  0  =  0
Reaxys score 0  x  0  =  0
Cool score 0  x  0  =  0
atom economy 0.24999999999999994
pathway by-product 0
intermediate by-product {None: 0}
CCC(C)C(C)OC(=O)[C@H](C)N[P@](=O)(OC[C@H]1O[C@@](C#N)(c2ccc3c(N)ncnn23)[C@H](O)[C@@H]1O)Oc1ccccc1>>CCC(C[C@H](C)N[P@](=O)(OC[C@H]1O[C@@](C#N)(c2ccc3c(N)ncnn23)[C@H](O)[C@@H]1O)Oc1ccccc1)C(C)OC=O
CCC(C)COC(=O)[C@H](C)N[P@](=O)(OC[C@H]1O[C@@](C#N)(c2ccc3c(N)ncnn23)[C@H](O)[C@@H]1O)Oc1ccccc1.CCC(C)COC(=O)[C@H](C)N[P@](=O)(OC[C@H]1O[C@@](C#N)(c2ccc3c(N)ncnn23)[C@H](O)[C@@H]1O)Oc1ccccc1>>CC(C)COC(=O)[C@H](C)N[P@](=O)(OC[C@H]1O[C@@](C#N)(c2ccc3c(N)ncnn23)[C@H](O)[C@@H]1O)Oc1ccccc1.CCC(C)C(C)OC(=O)[C@H](C)N[P@](=O)(OC[C@H]1O[C@@](C#N)(c2ccc3c(N)ncnn23)[C@H](O)[C@@H]1O)Oc1ccccc1
CCC(CC)COC(=O)[C@H](C)N[P@](=O)(OC[C@H]1O[C@@](C#N)(c2ccc3c(N)ncnn23)[C@H](O)[C@@H]1O)Oc1ccccc1.CCC(CC)COC(=O)[C@H](C)N[P@](=O)(OC[C@H]1O[C@@](C#N)(c2ccc3c(N)ncnn23)[C@H](O)[C@@H]1O)Oc1ccccc1>>CCC(C)COC(=O)[C@H](C)N[P@](=O)(OC[C@H]1O[C@@](C#N)(c2ccc3c(N)ncnn23)[C@H](O)[C@@H]1O)Oc1ccccc1.CCC(CC)COC(=O)[C@H](C)N[P@](=O)(OC[C@]1(C)O[C@@](C#N)(c2ccc3c(N)ncnn23)[C@H](O)[C@@H]1O)Oc1ccccc1
rule0028_51
rule0126_2
rule0126_2
No_Thermo
No_Thermo
No_Thermo

ranking 116
final score 2.0
Max reaction enthalpy score 0  x  2  =  0
Number of reactions score 0.0  x  4  =  0.0
By-product score 1.0  x  2  =  2.0
Pathway atom economy score 0.0  x  1  =  0.0
Salt score 0  x  0  =  0
Reaxys score 0  x  0  =  0
Cool score 0  x  0  =  0
atom economy 0.24999999999999994
pathway by-product 0
intermediate by-product {None: 0}
CCC(C)C(C)OC(=O)[C@H](C)N[P@](=O)(OC[C@H]1O[C@@](C#N)(c2ccc3c(N)ncnn23)[C@H](O)[C@@H]1O)Oc1ccccc1>>CCC(C[C@H](C)N[P@](=O)(OC[C@H]1O[C@@](C#N)(c2ccc3c(N)ncnn23)[C@H](O)[C@@H]1O)Oc1ccccc1)C(C)OC=O
CCC(C)COC(=O)[C@H](C)N[P@](=O)(OC[C@H]1O[C@@](C#N)(c2ccc3c(N)ncnn23)[C@H](O)[C@@H]1O)Oc1ccccc1.CCC(C)COC(=O)[C@H](C)N[P@](=O)(OC[C@H]1O[C@@](C#N)(c2ccc3c(N)ncnn23)[C@H](O)[C@@H]1O)Oc1ccccc1>>CC(C)COC(=O)[C@H](C)N[P@](=O)(OC[C@H]1O[C@@](C#N)(c2ccc3c(N)ncnn23)[C@H](O)[C@@H]1O)Oc1ccccc1.CCC(C)C(C)OC(=O)[C@H](C)N[P@](=O)(OC[C@H]1O[C@@](C#N)(c2ccc3c(N)ncnn23)[C@H](O)[C@@H]1O)Oc1ccccc1
CCC(CC)COC(=O)[C@H](C)N[P@](=O)(OC[C@H]1O[C@@](C#N)(c2ccc3c(N)ncnn23)[C@H](O)[C@@H]1O)Oc1ccccc1.CCC(CC)COC(=O)[C@H](C)N[P@](=O)(OC[C@H]1O[C@@](C#N)(c2ccc3c(N)ncnn23)[C@H](O)[C@@H]1O)Oc1ccccc1>>CCC(C)COC(=O)[C@H](C)N[P@](=O)(OC[C@H]1O[C@@](C#N)(c2ccc3c(N)ncnn23)[C@H](O)[C@@H]1O)Oc1ccccc1.CCC(CC)COC(=O)[C@H](C)N[P@](=O)(OC[C@H]1O[C@@](C#N)(c2ccc3c(N)ncnn23)[C@H](O)[C@@]1(C)O)Oc1ccccc1
rule0028_51
rule0126_2
rule0126_2
No_Thermo
No_Thermo
No_Thermo

ranking 117
final score 2.0
Max reaction enthalpy score 0  x  2  =  0
Number of reactions score 0.0  x  4  =  0.0
By-product score 1.0  x  2  =  2.0
Pathway atom economy score 7.401486830834377e-17  x  1  =  7.401486830834377e-17
Salt score 0  x  0  =  0
Reaxys score 0  x  0  =  0
Cool score 0  x  0  =  0
atom economy 0.25
pathway by-product 0
intermediate by-product {None: 0}
CCC(C)C(C)OC(=O)[C@H](C)N[P@](=O)(OC[C@H]1O[C@@](C#N)(c2ccc3c(N)ncnn23)[C@H](O)[C@@H]1O)Oc1ccccc1>>CCC(C[C@H](C)N[P@](=O)(OC[C@H]1O[C@@](C#N)(c2ccc3c(N)ncnn23)[C@H](O)[C@@H]1O)Oc1ccccc1)C(C)OC=O
CCC(C)COC(=O)[C@H](C)N[P@](=O)(OC[C@H]1O[C@@](C#N)(c2ccc3c(N)ncnn23)[C@H](O)[C@@H]1O)Oc1ccccc1.CCC(C)COC(=O)[C@H](C)N[P@](=O)(OC[C@H]1O[C@@](C#N)(c2ccc3c(N)ncnn23)[C@H](O)[C@@H]1O)Oc1ccccc1>>CC(C)COC(=O)[C@H](C)N[P@](=O)(OC[C@H]1O[C@@](C#N)(c2ccc3c(N)ncnn23)[C@H](O)[C@@H]1O)Oc1ccccc1.CCC(C)C(C)OC(=O)[C@H](C)N[P@](=O)(OC[C@H]1O[C@@](C#N)(c2ccc3c(N)ncnn23)[C@H](O)[C@@H]1O)Oc1ccccc1
CCC(CC)COC(=O)[C@H](C)N[P@](=O)(OC[C@H]1O[C@@](C#N)(c2ccc3c(N)ncnn23)[C@H](O)[C@@H]1O)Oc1ccccc1.CCC(CC)COC(=O)[C@H](C)N[P@](=O)(OC[C@H]1O[C@@](C#N)(c2ccc3c(N)ncnn23)[C@H](O)[C@@H]1O)Oc1ccccc1>>CCC(C)COC(=O)[C@H](C)N[P@](=O)(OC[C@H]1O[C@@](C#N)(c2ccc3c(N)ncnn23)[C@H](O)[C@@H]1O)Oc1ccccc1.CCC(CC)COC(=O)[C@H](C)N[P@](=O)(OC[C@H]1O[C@@](C#N)(c2ccc3c(N)ncnn23)[C@H](O)[C@@H]1O)Oc1ccccc1C
rule0028_51
rule0126_2
rule0126_2
No_Thermo
No_Thermo
No_Thermo

ranking 118
final score 2.0
Max reaction enthalpy score 0  x  2  =  0
Number of reactions score 0.0  x  4  =  0.0
By-product score 1.0  x  2  =  2.0
Pathway atom economy score 7.401486830834377e-17  x  1  =  7.401486830834377e-17
Salt score 0  x  0  =  0
Reaxys score 0  x  0  =  0
Cool score 0  x  0  =  0
atom economy 0.25
pathway by-product 0
intermediate by-product {None: 0}
CCC(C)C(C)OC(=O)[C@H](C)N[P@](=O)(OC[C@H]1O[C@@](C#N)(c2ccc3c(N)ncnn23)[C@H](O)[C@@H]1O)Oc1ccccc1>>CCC(C[C@H](C)N[P@](=O)(OC[C@H]1O[C@@](C#N)(c2ccc3c(N)ncnn23)[C@H](O)[C@@H]1O)Oc1ccccc1)C(C)OC=O
CCC(C)COC(=O)[C@H](C)N[P@](=O)(OC[C@H]1O[C@@](C#N)(c2ccc3c(N)ncnn23)[C@H](O)[C@@H]1O)Oc1ccccc1.CCC(C)COC(=O)[C@H](C)N[P@](=O)(OC[C@H]1O[C@@](C#N)(c2ccc3c(N)ncnn23)[C@H](O)[C@@H]1O)Oc1ccccc1>>CC(C)COC(=O)[C@H](C)N[P@](=O)(OC[C@H]1O[C@@](C#N)(c2ccc3c(N)ncnn23)[C@H](O)[C@@H]1O)Oc1ccccc1.CCC(C)C(C)OC(=O)[C@H](C)N[P@](=O)(OC[C@H]1O[C@@](C#N)(c2ccc3c(N)ncnn23)[C@H](O)[C@@H]1O)Oc1ccccc1
CCC(CC)COC(=O)[C@H](C)N[P@](=O)(OC[C@H]1O[C@@](C#N)(c2ccc3c(N)ncnn23)[C@H](O)[C@@H]1O)Oc1ccccc1.CCC(CC)COC(=O)[C@H](C)N[P@](=O)(OC[C@H]1O[C@@](C#N)(c2ccc3c(N)ncnn23)[C@H](O)[C@@H]1O)Oc1ccccc1>>CCC(C)COC(=O)[C@H](C)N[P@](=O)(OC[C@H]1O[C@@](C#N)(c2ccc3c(N)ncnn23)[C@H](O)[C@@H]1O)Oc1ccccc1.CCC(CC)COC(=O)[C@H](C)N[P@](=O)(OC[C@H]1O[C@@](C#N)(c2ccc3c(N)ncnn23)[C@H](O)[C@@H]1O)Oc1cccc(C)c1
rule0028_51
rule0126_2
rule0126_2
No_Thermo
No_Thermo
No_Thermo

ranking 119
final score 2.0
Max reaction enthalpy score 0  x  2  =  0
Number of reactions score 0.0  x  4  =  0.0
By-product score 1.0  x  2  =  2.0
Pathway atom economy score 7.401486830834377e-17  x  1  =  7.401486830834377e-17
Salt score 0  x  0  =  0
Reaxys score 0  x  0  =  0
Cool score 0  x  0  =  0
atom economy 0.25
pathway by-product 0
intermediate by-product {None: 0}
CCC(C)C(C)OC(=O)[C@H](C)N[P@](=O)(OC[C@H]1O[C@@](C#N)(c2ccc3c(N)ncnn23)[C@H](O)[C@@H]1O)Oc1ccccc1>>CCC(C[C@H](C)N[P@](=O)(OC[C@H]1O[C@@](C#N)(c2ccc3c(N)ncnn23)[C@H](O)[C@@H]1O)Oc1ccccc1)C(C)OC=O
CCC(C)COC(=O)[C@H](C)N[P@](=O)(OC[C@H]1O[C@@](C#N)(c2ccc3c(N)ncnn23)[C@H](O)[C@@H]1O)Oc1ccccc1.CCC(C)COC(=O)[C@H](C)N[P@](=O)(OC[C@H]1O[C@@](C#N)(c2ccc3c(N)ncnn23)[C@H](O)[C@@H]1O)Oc1ccccc1>>CC(C)COC(=O)[C@H](C)N[P@](=O)(OC[C@H]1O[C@@](C#N)(c2ccc3c(N)ncnn23)[C@H](O)[C@@H]1O)Oc1ccccc1.CCC(C)C(C)OC(=O)[C@H](C)N[P@](=O)(OC[C@H]1O[C@@](C#N)(c2ccc3c(N)ncnn23)[C@H](O)[C@@H]1O)Oc1ccccc1
CCC(CC)COC(=O)[C@H](C)N[P@](=O)(OC[C@H]1O[C@@](C#N)(c2ccc3c(N)ncnn23)[C@H](O)[C@@H]1O)Oc1ccccc1.CCC(CC)COC(=O)[C@H](C)N[P@](=O)(OC[C@H]1O[C@@](C#N)(c2ccc3c(N)ncnn23)[C@H](O)[C@@H]1O)Oc1ccccc1>>CCC(C)COC(=O)[C@H](C)N[P@](=O)(OC[C@H]1O[C@@](C#N)(c2ccc3c(N)ncnn23)[C@H](O)[C@@H]1O)Oc1ccccc1.CCC(CC)COC(=O)[C@H](C)N[P@](=O)(OC[C@H]1O[C@@](C#N)(c2ccc3c(N)ncnn23)[C@H](O)[C@@H]1O)Oc1ccc(C)cc1
rule0028_51
rule0126_2
rule0126_2
No_Thermo
No_Thermo
No_Thermo

ranking 120
final score 2.0
Max reaction enthalpy score 0  x  2  =  0
Number of reactions score 0.0  x  4  =  0.0
By-product score 1.0  x  2  =  2.0
Pathway atom economy score 0.0  x  1  =  0.0
Salt score 0  x  0  =  0
Reaxys score 0  x  0  =  0
Cool score 0  x  0  =  0
atom economy 0.24999999999999994
pathway by-product 0
intermediate by-product {None: 0}
CCC(C)C(C)OC(=O)[C@H](C)N[P@](=O)(OC[C@H]1O[C@@](C#N)(c2ccc3c(N)ncnn23)[C@H](O)[C@@H]1O)Oc1ccccc1>>CCC(C[C@H](C)N[P@](=O)(OC[C@H]1O[C@@](C#N)(c2ccc3c(N)ncnn23)[C@H](O)[C@@H]1O)Oc1ccccc1)C(C)OC=O
CCC(C)COC(=O)[C@H](C)N[P@](=O)(OC[C@H]1O[C@@](C#N)(c2ccc3c(N)ncnn23)[C@H](O)[C@@H]1O)Oc1ccccc1.CCC(C)COC(=O)[C@H](C)N[P@](=O)(OC[C@H]1O[C@@](C#N)(c2ccc3c(N)ncnn23)[C@H](O)[C@@H]1O)Oc1ccccc1>>CC(C)COC(=O)[C@H](C)N[P@](=O)(OC[C@H]1O[C@@](C#N)(c2ccc3c(N)ncnn23)[C@H](O)[C@@H]1O)Oc1ccccc1.CCC(C)C(C)OC(=O)[C@H](C)N[P@](=O)(OC[C@H]1O[C@@](C#N)(c2ccc3c(N)ncnn23)[C@H](O)[C@@H]1O)Oc1ccccc1
CCC(CC)COC(=O)[C@H](C)N[P@](=O)(OC[C@H]1O[C@@](C#N)(c2ccc3c(N)ncnn23)[C@H](O)[C@@H]1O)Oc1ccccc1.CCC(CC)COC(=O)[C@H](C)N[P@](=O)(OC[C@H]1O[C@@](C#N)(c2ccc3c(N)ncnn23)[C@H](O)[C@@H]1O)Oc1ccccc1>>CCC(C)COC(=O)[C@H](C)N[P@](=O)(OC[C@H]1O[C@@](C#N)(c2ccc3c(N)ncnn23)[C@H](O)[C@@H]1O)Oc1ccccc1.CCC(CC)COC(=O)[C@H](C)N[P@](=O)(OC[C@H]1O[C@@](C#N)(c2ccc3c(N)ncnn23)[C@@](C)(O)[C@@H]1O)Oc1ccccc1
rule0028_51
rule0126_2
rule0126_2
No_Thermo
No_Thermo
No_Thermo

ranking 121
final score 2.0
Max reaction enthalpy score 0  x  2  =  0
Number of reactions score 0.0  x  4  =  0.0
By-product score 1.0  x  2  =  2.0
Pathway atom economy score 0.0  x  1  =  0.0
Salt score 0  x  0  =  0
Reaxys score 0  x  0  =  0
Cool score 0  x  0  =  0
atom economy 0.24999999999999994
pathway by-product 0
intermediate by-product {None: 0}
CCC(C)C(C)OC(=O)[C@H](C)N[P@](=O)(OC[C@H]1O[C@@](C#N)(c2ccc3c(N)ncnn23)[C@H](O)[C@@H]1O)Oc1ccccc1>>CCC(C[C@H](C)N[P@](=O)(OC[C@H]1O[C@@](C#N)(c2ccc3c(N)ncnn23)[C@H](O)[C@@H]1O)Oc1ccccc1)C(C)OC=O
CCC(C)COC(=O)[C@H](C)N[P@](=O)(OC[C@H]1O[C@@](C#N)(c2ccc3c(N)ncnn23)[C@H](O)[C@@H]1O)Oc1ccccc1.CCC(C)COC(=O)[C@H](C)N[P@](=O)(OC[C@H]1O[C@@](C#N)(c2ccc3c(N)ncnn23)[C@H](O)[C@@H]1O)Oc1ccccc1>>CC(C)COC(=O)[C@H](C)N[P@](=O)(OC[C@H]1O[C@@](C#N)(c2ccc3c(N)ncnn23)[C@H](O)[C@@H]1O)Oc1ccccc1.CCC(C)C(C)OC(=O)[C@H](C)N[P@](=O)(OC[C@H]1O[C@@](C#N)(c2ccc3c(N)ncnn23)[C@H](O)[C@@H]1O)Oc1ccccc1
CCC(CC)COC(=O)[C@H](C)N[P@](=O)(OC[C@H]1O[C@@](C#N)(c2ccc3c(N)ncnn23)[C@H](O)[C@@H]1O)Oc1ccccc1.CCC(CC)COC(=O)[C@H](C)N[P@](=O)(OC[C@H]1O[C@@](C#N)(c2ccc3c(N)ncnn23)[C@H](O)[C@@H]1O)Oc1ccccc1>>CCC(C)COC(=O)[C@H](C)N[P@](=O)(OC[C@H]1O[C@@](C#N)(c2ccc3c(N)ncnn23)[C@H](O)[C@@H]1O)Oc1ccccc1.CCC(CC)COC(=O)[C@H](C)N[P@](=O)(OC[C@H]1O[C@@](C#N)(c2ccc3c(N)nc(C)nn23)[C@H](O)[C@@H]1O)Oc1ccccc1
rule0028_51
rule0126_2
rule0126_2
No_Thermo
No_Thermo
No_Thermo

ranking 122
final score 2.0
Max reaction enthalpy score 0  x  2  =  0
Number of reactions score 0.0  x  4  =  0.0
By-product score 1.0  x  2  =  2.0
Pathway atom economy score 0.0  x  1  =  0.0
Salt score 0  x  0  =  0
Reaxys score 0  x  0  =  0
Cool score 0  x  0  =  0
atom economy 0.24999999999999994
pathway by-product 0
intermediate by-product {None: 0}
CCC(C)C(C)OC(=O)[C@H](C)N[P@](=O)(OC[C@H]1O[C@@](C#N)(c2ccc3c(N)ncnn23)[C@H](O)[C@@H]1O)Oc1ccccc1>>CCC(C[C@H](C)N[P@](=O)(OC[C@H]1O[C@@](C#N)(c2ccc3c(N)ncnn23)[C@H](O)[C@@H]1O)Oc1ccccc1)C(C)OC=O
CCC(C)COC(=O)[C@H](C)N[P@](=O)(OC[C@H]1O[C@@](C#N)(c2ccc3c(N)ncnn23)[C@H](O)[C@@H]1O)Oc1ccccc1.CCC(C)COC(=O)[C@H](C)N[P@](=O)(OC[C@H]1O[C@@](C#N)(c2ccc3c(N)ncnn23)[C@H](O)[C@@H]1O)Oc1ccccc1>>CC(C)COC(=O)[C@H](C)N[P@](=O)(OC[C@H]1O[C@@](C#N)(c2ccc3c(N)ncnn23)[C@H](O)[C@@H]1O)Oc1ccccc1.CCC(C)C(C)OC(=O)[C@H](C)N[P@](=O)(OC[C@H]1O[C@@](C#N)(c2ccc3c(N)ncnn23)[C@H](O)[C@@H]1O)Oc1ccccc1
CCC(CC)COC(=O)[C@H](C)N[P@](=O)(OC[C@H]1O[C@@](C#N)(c2ccc3c(N)ncnn23)[C@H](O)[C@@H]1O)Oc1ccccc1.CCC(CC)COC(=O)[C@H](C)N[P@](=O)(OC[C@H]1O[C@@](C#N)(c2ccc3c(N)ncnn23)[C@H](O)[C@@H]1O)Oc1ccccc1>>CCC(C)COC(=O)[C@H](C)N[P@](=O)(OC[C@H]1O[C@@](C#N)(c2ccc3c(N)ncnn23)[C@H](O)[C@@H]1O)Oc1ccccc1.CCC(CC)COC(=O)[C@H](C)N[P@](=O)(OC[C@H]1O[C@@](C#N)(c2cc(C)c3c(N)ncnn23)[C@H](O)[C@@H]1O)Oc1ccccc1
rule0028_51
rule0126_2
rule0126_2
No_Thermo
No_Thermo
No_Thermo

ranking 123
final score 2.0
Max reaction enthalpy score 0  x  2  =  0
Number of reactions score 0.0  x  4  =  0.0
By-product score 1.0  x  2  =  2.0
Pathway atom economy score 0.0  x  1  =  0.0
Salt score 0  x  0  =  0
Reaxys score 0  x  0  =  0
Cool score 0  x  0  =  0
atom economy 0.24999999999999994
pathway by-product 0
intermediate by-product {None: 0}
CCC(C)C(C)OC(=O)[C@H](C)N[P@](=O)(OC[C@H]1O[C@@](C#N)(c2ccc3c(N)ncnn23)[C@H](O)[C@@H]1O)Oc1ccccc1>>CCC(C[C@H](C)N[P@](=O)(OC[C@H]1O[C@@](C#N)(c2ccc3c(N)ncnn23)[C@H](O)[C@@H]1O)Oc1ccccc1)C(C)OC=O
CCC(C)COC(=O)[C@H](C)N[P@](=O)(OC[C@H]1O[C@@](C#N)(c2ccc3c(N)ncnn23)[C@H](O)[C@@H]1O)Oc1ccccc1.CCC(C)COC(=O)[C@H](C)N[P@](=O)(OC[C@H]1O[C@@](C#N)(c2ccc3c(N)ncnn23)[C@H](O)[C@@H]1O)Oc1ccccc1>>CC(C)COC(=O)[C@H](C)N[P@](=O)(OC[C@H]1O[C@@](C#N)(c2ccc3c(N)ncnn23)[C@H](O)[C@@H]1O)Oc1ccccc1.CCC(C)C(C)OC(=O)[C@H](C)N[P@](=O)(OC[C@H]1O[C@@](C#N)(c2ccc3c(N)ncnn23)[C@H](O)[C@@H]1O)Oc1ccccc1
CCC(CC)COC(=O)[C@H](C)N[P@](=O)(OC[C@H]1O[C@@](C#N)(c2ccc3c(N)ncnn23)[C@H](O)[C@@H]1O)Oc1ccccc1.CCC(CC)COC(=O)[C@H](C)N[P@](=O)(OC[C@H]1O[C@@](C#N)(c2ccc3c(N)ncnn23)[C@H](O)[C@@H]1O)Oc1ccccc1>>CCC(C)COC(=O)[C@H](C)N[P@](=O)(OC[C@H]1O[C@@](C#N)(c2ccc3c(N)ncnn23)[C@H](O)[C@@H]1O)Oc1ccccc1.CCC(CC)COC(=O)[C@H](C)N[P@](=O)(OC[C@H]1O[C@@](C#N)(c2c(C)cc3c(N)ncnn23)[C@H](O)[C@@H]1O)Oc1ccccc1
rule0028_51
rule0126_2
rule0126_2
No_Thermo
No_Thermo
No_Thermo

ranking 124
final score 2.0
Max reaction enthalpy score 0  x  2  =  0
Number of reactions score 0.0  x  4  =  0.0
By-product score 1.0  x  2  =  2.0
Pathway atom economy score 0.0  x  1  =  0.0
Salt score 0  x  0  =  0
Reaxys score 0  x  0  =  0
Cool score 0  x  0  =  0
atom economy 0.24999999999999994
pathway by-product 0
intermediate by-product {None: 0}
CCC(C)C(C)OC(=O)[C@H](C)N[P@](=O)(OC[C@H]1O[C@@](C#N)(c2ccc3c(N)ncnn23)[C@H](O)[C@@H]1O)Oc1ccccc1>>CCC(C[C@H](C)N[P@](=O)(OC[C@H]1O[C@@](C#N)(c2ccc3c(N)ncnn23)[C@H](O)[C@@H]1O)Oc1ccccc1)C(C)OC=O
CCC(C)COC(=O)[C@H](C)N[P@](=O)(OC[C@H]1O[C@@](C#N)(c2ccc3c(N)ncnn23)[C@H](O)[C@@H]1O)Oc1ccccc1.CCC(C)COC(=O)[C@H](C)N[P@](=O)(OC[C@H]1O[C@@](C#N)(c2ccc3c(N)ncnn23)[C@H](O)[C@@H]1O)Oc1ccccc1>>CC(C)COC(=O)[C@H](C)N[P@](=O)(OC[C@H]1O[C@@](C#N)(c2ccc3c(N)ncnn23)[C@H](O)[C@@H]1O)Oc1ccccc1.CCC(C)C(C)OC(=O)[C@H](C)N[P@](=O)(OC[C@H]1O[C@@](C#N)(c2ccc3c(N)ncnn23)[C@H](O)[C@@H]1O)Oc1ccccc1
CCC(CC)COC(=O)[C@H](C)N[P@](=O)(OC[C@H]1O[C@@](C#N)(c2ccc3c(N)ncnn23)[C@H](O)[C@@H]1O)Oc1ccccc1.CCC(CC)COC(=O)[C@H](C)N[P@](=O)(OC[C@H]1O[C@@](C#N)(c2ccc3c(N)ncnn23)[C@H](O)[C@@H]1O)Oc1ccccc1>>CCC(C)COC(=O)[C@H](C)N[P@](=O)(OC[C@H]1O[C@@](C#N)(c2ccc3c(N)ncnn23)[C@H](O)[C@@H]1O)Oc1ccccc1.CCC(CC)COC(=O)[C@H](C)N[P@@](=O)(Oc1ccccc1)OC(C)[C@H]1O[C@@](C#N)(c2ccc3c(N)ncnn23)[C@H](O)[C@@H]1O
rule0028_51
rule0126_2
rule0126_2
No_Thermo
No_Thermo
No_Thermo

ranking 125
final score 2.0
Max reaction enthalpy score 0  x  2  =  0
Number of reactions score 0.0  x  4  =  0.0
By-product score 1.0  x  2  =  2.0
Pathway atom economy score 0.0  x  1  =  0.0
Salt score 0  x  0  =  0
Reaxys score 0  x  0  =  0
Cool score 0  x  0  =  0
atom economy 0.24999999999999994
pathway by-product 0
intermediate by-product {None: 0}
CCC(C)C(C)OC(=O)[C@H](C)N[P@](=O)(OC[C@H]1O[C@@](C#N)(c2ccc3c(N)ncnn23)[C@H](O)[C@@H]1O)Oc1ccccc1>>CCC(C[C@H](C)N[P@](=O)(OC[C@H]1O[C@@](C#N)(c2ccc3c(N)ncnn23)[C@H](O)[C@@H]1O)Oc1ccccc1)C(C)OC=O
CCC(C)COC(=O)[C@H](C)N[P@](=O)(OC[C@H]1O[C@@](C#N)(c2ccc3c(N)ncnn23)[C@H](O)[C@@H]1O)Oc1ccccc1.CCC(C)COC(=O)[C@H](C)N[P@](=O)(OC[C@H]1O[C@@](C#N)(c2ccc3c(N)ncnn23)[C@H](O)[C@@H]1O)Oc1ccccc1>>CC(C)COC(=O)[C@H](C)N[P@](=O)(OC[C@H]1O[C@@](C#N)(c2ccc3c(N)ncnn23)[C@H](O)[C@@H]1O)Oc1ccccc1.CCC(C)C(C)OC(=O)[C@H](C)N[P@](=O)(OC[C@H]1O[C@@](C#N)(c2ccc3c(N)ncnn23)[C@H](O)[C@@H]1O)Oc1ccccc1
CCC(CC)COC(=O)[C@H](C)N[P@](=O)(OC[C@H]1O[C@@](C#N)(c2ccc3c(N)ncnn23)[C@H](O)[C@@H]1O)Oc1ccccc1.CCC(CC)COC(=O)[C@H](C)N[P@](=O)(OC[C@H]1O[C@@](C#N)(c2ccc3c(N)ncnn23)[C@H](O)[C@@H]1O)Oc1ccccc1>>CCC(C)COC(=O)[C@H](C)N[P@](=O)(OC[C@H]1O[C@@](C#N)(c2ccc3c(N)ncnn23)[C@H](O)[C@@H]1O)Oc1ccccc1.CCC(CC)COC(=O)C(C)(C)N[P@](=O)(OC[C@H]1O[C@@](C#N)(c2ccc3c(N)ncnn23)[C@H](O)[C@@H]1O)Oc1ccccc1
rule0028_51
rule0126_2
rule0126_2
No_Thermo
No_Thermo
No_Thermo

ranking 126
final score 2.0
Max reaction enthalpy score 0  x  2  =  0
Number of reactions score 0.0  x  4  =  0.0
By-product score 1.0  x  2  =  2.0
Pathway atom economy score 0.0  x  1  =  0.0
Salt score 0  x  0  =  0
Reaxys score 0  x  0  =  0
Cool score 0  x  0  =  0
atom economy 0.24999999999999994
pathway by-product 0
intermediate by-product {None: 0}
CCC(C)C(C)OC(=O)[C@H](C)N[P@](=O)(OC[C@H]1O[C@@](C#N)(c2ccc3c(N)ncnn23)[C@H](O)[C@@H]1O)Oc1ccccc1>>CCC(C[C@H](C)N[P@](=O)(OC[C@H]1O[C@@](C#N)(c2ccc3c(N)ncnn23)[C@H](O)[C@@H]1O)Oc1ccccc1)C(C)OC=O
CCC(C)COC(=O)[C@H](C)N[P@](=O)(OC[C@H]1O[C@@](C#N)(c2ccc3c(N)ncnn23)[C@H](O)[C@@H]1O)Oc1ccccc1.CCC(C)COC(=O)[C@H](C)N[P@](=O)(OC[C@H]1O[C@@](C#N)(c2ccc3c(N)ncnn23)[C@H](O)[C@@H]1O)Oc1ccccc1>>CC(C)COC(=O)[C@H](C)N[P@](=O)(OC[C@H]1O[C@@](C#N)(c2ccc3c(N)ncnn23)[C@H](O)[C@@H]1O)Oc1ccccc1.CCC(C)C(C)OC(=O)[C@H](C)N[P@](=O)(OC[C@H]1O[C@@](C#N)(c2ccc3c(N)ncnn23)[C@H](O)[C@@H]1O)Oc1ccccc1
CCC(CC)COC(=O)[C@H](C)N[P@](=O)(OC[C@H]1O[C@@](C#N)(c2ccc3c(N)ncnn23)[C@H](O)[C@@H]1O)Oc1ccccc1.CCC(CC)COC(=O)[C@H](C)N[P@](=O)(OC[C@H]1O[C@@](C#N)(c2ccc3c(N)ncnn23)[C@H](O)[C@@H]1O)Oc1ccccc1>>CCC(C)COC(=O)[C@H](C)N[P@](=O)(OC[C@H]1O[C@@](C#N)(c2ccc3c(N)ncnn23)[C@H](O)[C@@H]1O)Oc1ccccc1.CCC(CC)C(C)OC(=O)[C@H](C)N[P@](=O)(OC[C@H]1O[C@@](C#N)(c2ccc3c(N)ncnn23)[C@H](O)[C@@H]1O)Oc1ccccc1
rule0028_51
rule0126_2
rule0126_2
No_Thermo
No_Thermo
No_Thermo

ranking 127
final score 2.0
Max reaction enthalpy score 0  x  2  =  0
Number of reactions score 0.0  x  4  =  0.0
By-product score 1.0  x  2  =  2.0
Pathway atom economy score 0.0  x  1  =  0.0
Salt score 0  x  0  =  0
Reaxys score 0  x  0  =  0
Cool score 0  x  0  =  0
atom economy 0.24999999999999994
pathway by-product 0
intermediate by-product {None: 0}
CCC(C)C(C)OC(=O)[C@H](C)N[P@](=O)(OC[C@H]1O[C@@](C#N)(c2ccc3c(N)ncnn23)[C@H](O)[C@@H]1O)Oc1ccccc1>>CCC(C[C@H](C)N[P@](=O)(OC[C@H]1O[C@@](C#N)(c2ccc3c(N)ncnn23)[C@H](O)[C@@H]1O)Oc1ccccc1)C(C)OC=O
CCC(C)COC(=O)[C@H](C)N[P@](=O)(OC[C@H]1O[C@@](C#N)(c2ccc3c(N)ncnn23)[C@H](O)[C@@H]1O)Oc1ccccc1.CCC(C)COC(=O)[C@H](C)N[P@](=O)(OC[C@H]1O[C@@](C#N)(c2ccc3c(N)ncnn23)[C@H](O)[C@@H]1O)Oc1ccccc1>>CC(C)COC(=O)[C@H](C)N[P@](=O)(OC[C@H]1O[C@@](C#N)(c2ccc3c(N)ncnn23)[C@H](O)[C@@H]1O)Oc1ccccc1.CCC(C)C(C)OC(=O)[C@H](C)N[P@](=O)(OC[C@H]1O[C@@](C#N)(c2ccc3c(N)ncnn23)[C@H](O)[C@@H]1O)Oc1ccccc1
CCC(CC)COC(=O)[C@H](C)N[P@](=O)(OC[C@H]1O[C@@](C#N)(c2ccc3c(N)ncnn23)[C@H](O)[C@@H]1O)Oc1ccccc1.CCC(CC)COC(=O)[C@H](C)N[P@](=O)(OC[C@H]1O[C@@](C#N)(c2ccc3c(N)ncnn23)[C@H](O)[C@@H]1O)Oc1ccccc1>>CCC(C)(CC)COC(=O)[C@H](C)N[P@](=O)(OC[C@H]1O[C@@](C#N)(c2ccc3c(N)ncnn23)[C@H](O)[C@@H]1O)Oc1ccccc1.CCC(C)COC(=O)[C@H](C)N[P@](=O)(OC[C@H]1O[C@@](C#N)(c2ccc3c(N)ncnn23)[C@H](O)[C@@H]1O)Oc1ccccc1
rule0028_51
rule0126_2
rule0126_2
No_Thermo
No_Thermo
No_Thermo

ranking 128
final score 2.0
Max reaction enthalpy score 0  x  2  =  0
Number of reactions score 0.0  x  4  =  0.0
By-product score 1.0  x  2  =  2.0
Pathway atom economy score 0.0  x  1  =  0.0
Salt score 0  x  0  =  0
Reaxys score 0  x  0  =  0
Cool score 0  x  0  =  0
atom economy 0.24999999999999994
pathway by-product 0
intermediate by-product {None: 0}
CCC(C)C(C)OC(=O)[C@H](C)N[P@](=O)(OC[C@H]1O[C@@](C#N)(c2ccc3c(N)ncnn23)[C@H](O)[C@@H]1O)Oc1ccccc1>>CCC(C[C@H](C)N[P@](=O)(OC[C@H]1O[C@@](C#N)(c2ccc3c(N)ncnn23)[C@H](O)[C@@H]1O)Oc1ccccc1)C(C)OC=O
CCC(C)COC(=O)[C@H](C)N[P@](=O)(OC[C@H]1O[C@@](C#N)(c2ccc3c(N)ncnn23)[C@H](O)[C@@H]1O)Oc1ccccc1.CCC(C)COC(=O)[C@H](C)N[P@](=O)(OC[C@H]1O[C@@](C#N)(c2ccc3c(N)ncnn23)[C@H](O)[C@@H]1O)Oc1ccccc1>>CC(C)COC(=O)[C@H](C)N[P@](=O)(OC[C@H]1O[C@@](C#N)(c2ccc3c(N)ncnn23)[C@H](O)[C@@H]1O)Oc1ccccc1.CCC(C)C(C)OC(=O)[C@H](C)N[P@](=O)(OC[C@H]1O[C@@](C#N)(c2ccc3c(N)ncnn23)[C@H](O)[C@@H]1O)Oc1ccccc1
CCC(CC)COC(=O)[C@H](C)N[P@](=O)(OC[C@H]1O[C@@](C#N)(c2ccc3c(N)ncnn23)[C@H](O)[C@@H]1O)Oc1ccccc1.CCC(CC)COC(=O)[C@H](C)N[P@](=O)(OC[C@H]1O[C@@](C#N)(c2ccc3c(N)ncnn23)[C@H](O)[C@@H]1O)Oc1ccccc1>>CCC(C)COC(=O)[C@H](C)N[P@](=O)(OC[C@H]1O[C@@](C#N)(c2ccc3c(N)ncnn23)[C@H](O)[C@@H]1O)Oc1ccccc1.CCC(CC)COC(=O)[C@H](CC)N[P@](=O)(OC[C@H]1O[C@@](C#N)(c2ccc3c(N)ncnn23)[C@H](O)[C@@H]1O)Oc1ccccc1
rule0028_51
rule0126_2
rule0126_1
No_Thermo
No_Thermo
No_Thermo

Time used for pathway ranking: 0.01 minutes

Job name: RemdesivirOnly_gen2
Job type: pathway visualization
Job started on: 2026-05-04 14:51:36.434861
pygraphviz is NOT installed.
A custom node layout will be used for pathway visualization
Number of pathways:  128
Number of reactions in reaxys:  0
Working on creating pages
You can adjust multi-processing number to speed up PDF generation
page done: 1
page done: 2
page done: 3
page done: 4
page done: 5
page done: 6
page done: 7
page done: 8
page done: 9
page done: 10
page done: 11
page done: 12
page done: 13
page done: 14
page done: 15
page done: 16
page done: 17
page done: 18
page done: 19
page done: 20
page done: 21
page done: 22
page done: 23
page done: 24
page done: 25
page done: 26
page done: 27
page done: 28
page done: 29
page done: 30
page done: 31
page done: 32
page done: 33
page done: 34
page done: 35
page done: 36
page done: 37
page done: 38
page done: 39
page done: 40
page done: 41
page done: 42
page done: 43
page done: 44
page done: 45
page done: 46
page done: 47
page done: 48
page done: 49
page done: 50
page done: 51
page done: 52
page done: 53
page done: 54
page done: 55
page done: 56
page done: 57
page done: 58
page done: 59
page done: 60
page done: 61
page done: 62
page done: 63
page done: 64
page done: 65
page done: 66
page done: 67
page done: 68
page done: 69
page done: 70
page done: 71
page done: 72
page done: 73
page done: 74
page done: 75
page done: 76
page done: 77
page done: 78
page done: 79
page done: 80
page done: 81
page done: 82
page done: 83
page done: 84
page done: 85
page done: 86
page done: 87
page done: 88
page done: 89
page done: 90
page done: 91
page done: 92
page done: 93
page done: 94
page done: 95
page done: 96
page done: 97
page done: 98
page done: 99
page done: 100
page done: 101
page done: 102
page done: 103
page done: 104
page done: 105
page done: 106
page done: 107
page done: 108
page done: 109
page done: 110
page done: 111
page done: 112
page done: 113
page done: 114
page done: 115
page done: 116
page done: 117
page done: 118
page done: 119
page done: 120
page done: 121
page done: 122
page done: 123
page done: 124
page done: 125
page done: 126
page done: 127
page done: 128
Finished with pages, writing to pdf
Time used for pathway visualization: 1.15 minutes

A custom node layout was used for pathway visualization
For a better layout, please install pygraphviz and Graphviz with the following command:
conda install conda-forge::pygraphviz
which should install both packages together


Pathway files generated with prefix: RemdesivirOnly_gen2
Time: 366755.84 s
