reactants,products,reactionString,ruleName,thermo,reactantStoich,productStoich,reactionType,numReactantMolecules,numProductMolecules,rxn_str,feasibilityScore_rule1,feasibilityLabel_rule1
CCC(C=O)CC.C[S+](CC[C@H](N)C(=O)O)C[C@H]1O[C@@H](n2cnc3c(N)ncnc32)[C@H](O)[C@@H]1O,CCC(CC)C(C)=O.Nc1ncnc2c1ncn2[C@@H]1O[C@H](CSCC[C@H](N)C(=O)O)[C@@H](O)[C@H]1O,CCC(C=O)CC.C[S+](CC[C@H](N)C(=O)O)C[C@H]1O[C@@H](n2cnc3c(N)ncnc32)[C@H](O)[C@@H]1O >> CCC(CC)C(C)=O.Nc1ncnc2c1ncn2[C@@H]1O[C@H](CSCC[C@H](N)C(=O)O)[C@@H](O)[C@H]1O,rule0043_12,No_Thermo,"(1, 1)","(1, 1)",Enzymatic,2,2,CCC(C=O)CC.C[S+](CC[C@H](N)C(=O)O)C[C@H]1O[C@@H](n2cnc3c(N)ncnc32)[C@H](O)[C@@H]1O>>CCC(CC)C(C)=O.Nc1ncnc2c1ncn2[C@@H]1O[C@H](CSCC[C@H](N)C(=O)O)[C@@H](O)[C@H]1O,0.9995635,1
CCC(C=O)CC.NC(=O)C1=CN([C@@H]2O[C@H](COP(=O)(O)OP(=O)(O)OC[C@H]3O[C@@H](n4cnc5c(N)ncnc54)[C@H](OP(=O)(O)O)[C@@H]3O)[C@@H](O)[C@H]2O)C=CC1,CCC(CC)CO.NC(=O)c1ccc[n+]([C@@H]2O[C@H](COP(=O)(O)OP(=O)(O)OC[C@H]3O[C@@H](n4cnc5c(N)ncnc54)[C@H](OP(=O)(O)O)[C@@H]3O)[C@@H](O)[C@H]2O)c1,CCC(C=O)CC.NC(=O)C1=CN([C@@H]2O[C@H](COP(=O)(O)OP(=O)(O)OC[C@H]3O[C@@H](n4cnc5c(N)ncnc54)[C@H](OP(=O)(O)O)[C@@H]3O)[C@@H](O)[C@H]2O)C=CC1 >> CCC(CC)CO.NC(=O)c1ccc[n+]([C@@H]2O[C@H](COP(=O)(O)OP(=O)(O)OC[C@H]3O[C@@H](n4cnc5c(N)ncnc54)[C@H](OP(=O)(O)O)[C@@H]3O)[C@@H](O)[C@H]2O)c1,rule0003_153,No_Thermo,"(1, 1)","(1, 1)",Enzymatic,2,2,CCC(C=O)CC.NC(=O)C1=CN([C@@H]2O[C@H](COP(=O)(O)OP(=O)(O)OC[C@H]3O[C@@H](n4cnc5c(N)ncnc54)[C@H](OP(=O)(O)O)[C@@H]3O)[C@@H](O)[C@H]2O)C=CC1>>CCC(CC)CO.NC(=O)c1ccc[n+]([C@@H]2O[C@H](COP(=O)(O)OP(=O)(O)OC[C@H]3O[C@@H](n4cnc5c(N)ncnc54)[C@H](OP(=O)(O)O)[C@@H]3O)[C@@H](O)[C@H]2O)c1,0.99901617,1
CCC(C=O)CC.NC(=O)c1ccc[n+]([C@@H]2O[C@H](COP(=O)(O)OP(=O)(O)OC[C@H]3O[C@@H](n4cnc5c(N)ncnc54)[C@H](OP(=O)(O)O)[C@@H]3O)[C@@H](O)[C@H]2O)c1.O,CCC(CC)C(=O)O.NC(=O)C1=CN([C@@H]2O[C@H](COP(=O)(O)OP(=O)(O)OC[C@H]3O[C@@H](n4cnc5c(N)ncnc54)[C@H](OP(=O)(O)O)[C@@H]3O)[C@@H](O)[C@H]2O)C=CC1,CCC(C=O)CC.NC(=O)c1ccc[n+]([C@@H]2O[C@H](COP(=O)(O)OP(=O)(O)OC[C@H]3O[C@@H](n4cnc5c(N)ncnc54)[C@H](OP(=O)(O)O)[C@@H]3O)[C@@H](O)[C@H]2O)c1.O >> CCC(CC)C(=O)O.NC(=O)C1=CN([C@@H]2O[C@H](COP(=O)(O)OP(=O)(O)OC[C@H]3O[C@@H](n4cnc5c(N)ncnc54)[C@H](OP(=O)(O)O)[C@@H]3O)[C@@H](O)[C@H]2O)C=CC1,rule0026_15,No_Thermo,"(1, 1, 1)","(1, 1)",Enzymatic,3,2,CCC(C=O)CC.NC(=O)c1ccc[n+]([C@@H]2O[C@H](COP(=O)(O)OP(=O)(O)OC[C@H]3O[C@@H](n4cnc5c(N)ncnc54)[C@H](OP(=O)(O)O)[C@@H]3O)[C@@H](O)[C@H]2O)c1.O>>CCC(CC)C(=O)O.NC(=O)C1=CN([C@@H]2O[C@H](COP(=O)(O)OP(=O)(O)OC[C@H]3O[C@@H](n4cnc5c(N)ncnc54)[C@H](OP(=O)(O)O)[C@@H]3O)[C@@H](O)[C@H]2O)C=CC1,0.99894065,1
CCC(C=O)CC.O.O=O,CCC(CC)C(=O)O.OO,CCC(C=O)CC.O.O=O >> CCC(CC)C(=O)O.OO,rule0145_5,No_Thermo,"(1, 1, 1)","(1, 1)",Enzymatic,3,2,CCC(C=O)CC.O.O=O>>CCC(CC)C(=O)O.OO,0.99718165,1
C[S+](CC[C@H](N)C(=O)O)C[C@H]1O[C@@H](n2cnc3c(N)ncnc32)[C@H](O)[C@@H]1O.Oc1ccccc1,COc1ccccc1.Nc1ncnc2c1ncn2[C@@H]1O[C@H](CSCC[C@H](N)C(=O)O)[C@@H](O)[C@H]1O,C[S+](CC[C@H](N)C(=O)O)C[C@H]1O[C@@H](n2cnc3c(N)ncnc32)[C@H](O)[C@@H]1O.Oc1ccccc1 >> COc1ccccc1.Nc1ncnc2c1ncn2[C@@H]1O[C@H](CSCC[C@H](N)C(=O)O)[C@@H](O)[C@H]1O,rule0011_46,No_Thermo,"(1, 1)","(1, 1)",Enzymatic,2,2,C[S+](CC[C@H](N)C(=O)O)C[C@H]1O[C@@H](n2cnc3c(N)ncnc32)[C@H](O)[C@@H]1O.Oc1ccccc1>>COc1ccccc1.Nc1ncnc2c1ncn2[C@@H]1O[C@H](CSCC[C@H](N)C(=O)O)[C@@H](O)[C@H]1O,0.99698275,1
CCC(C=O)CC.C[S+](CC[C@H](N)C(=O)O)C[C@H]1O[C@@H](n2cnc3c(N)ncnc32)[C@H](O)[C@@H]1O,CCC(C=O)C(C)C.Nc1ncnc2c1ncn2[C@@H]1O[C@H](CSCC[C@H](N)C(=O)O)[C@@H](O)[C@H]1O,CCC(C=O)CC.C[S+](CC[C@H](N)C(=O)O)C[C@H]1O[C@@H](n2cnc3c(N)ncnc32)[C@H](O)[C@@H]1O >> CCC(C=O)C(C)C.Nc1ncnc2c1ncn2[C@@H]1O[C@H](CSCC[C@H](N)C(=O)O)[C@@H](O)[C@H]1O,rule0043_12,No_Thermo,"(1, 1)","(1, 1)",Enzymatic,2,2,CCC(C=O)CC.C[S+](CC[C@H](N)C(=O)O)C[C@H]1O[C@@H](n2cnc3c(N)ncnc32)[C@H](O)[C@@H]1O>>CCC(C=O)C(C)C.Nc1ncnc2c1ncn2[C@@H]1O[C@H](CSCC[C@H](N)C(=O)O)[C@@H](O)[C@H]1O,0.9957897,1
CCC(CC)CO.C[S+](CC[C@H](N)C(=O)O)C[C@H]1O[C@@H](n2cnc3c(N)ncnc32)[C@H](O)[C@@H]1O,CCC(CO)C(C)C.Nc1ncnc2c1ncn2[C@@H]1O[C@H](CSCC[C@H](N)C(=O)O)[C@@H](O)[C@H]1O,CCC(CC)CO.C[S+](CC[C@H](N)C(=O)O)C[C@H]1O[C@@H](n2cnc3c(N)ncnc32)[C@H](O)[C@@H]1O >> CCC(CO)C(C)C.Nc1ncnc2c1ncn2[C@@H]1O[C@H](CSCC[C@H](N)C(=O)O)[C@@H](O)[C@H]1O,rule0043_12,No_Thermo,"(1, 1)","(1, 1)",Enzymatic,2,2,CCC(CC)CO.C[S+](CC[C@H](N)C(=O)O)C[C@H]1O[C@@H](n2cnc3c(N)ncnc32)[C@H](O)[C@@H]1O>>CCC(CO)C(C)C.Nc1ncnc2c1ncn2[C@@H]1O[C@H](CSCC[C@H](N)C(=O)O)[C@@H](O)[C@H]1O,0.99524325,1
CCC(CC)CO.Nc1ncnc2c1ncn2[C@@H]1O[C@H](COP(=O)(O)OP(=O)(O)OP(=O)(O)O)[C@@H](O)[C@H]1O,CCC(CC)COP(=O)(O)O.Nc1ncnc2c1ncn2[C@@H]1O[C@H](COP(=O)(O)OP(=O)(O)O)[C@@H](O)[C@H]1O,CCC(CC)CO.Nc1ncnc2c1ncn2[C@@H]1O[C@H](COP(=O)(O)OP(=O)(O)OP(=O)(O)O)[C@@H](O)[C@H]1O >> CCC(CC)COP(=O)(O)O.Nc1ncnc2c1ncn2[C@@H]1O[C@H](COP(=O)(O)OP(=O)(O)O)[C@@H](O)[C@H]1O,rule0015_28,No_Thermo,"(1, 1)","(1, 1)",Enzymatic,2,2,CCC(CC)CO.Nc1ncnc2c1ncn2[C@@H]1O[C@H](COP(=O)(O)OP(=O)(O)OP(=O)(O)O)[C@@H](O)[C@H]1O>>CCC(CC)COP(=O)(O)O.Nc1ncnc2c1ncn2[C@@H]1O[C@H](COP(=O)(O)OP(=O)(O)O)[C@@H](O)[C@H]1O,0.9947187,1
CCC(CC)CO.C[S+](CC[C@H](N)C(=O)O)C[C@H]1O[C@@H](n2cnc3c(N)ncnc32)[C@H](O)[C@@H]1O,CCC(CC)COC.Nc1ncnc2c1ncn2[C@@H]1O[C@H](CSCC[C@H](N)C(=O)O)[C@@H](O)[C@H]1O,CCC(CC)CO.C[S+](CC[C@H](N)C(=O)O)C[C@H]1O[C@@H](n2cnc3c(N)ncnc32)[C@H](O)[C@@H]1O >> CCC(CC)COC.Nc1ncnc2c1ncn2[C@@H]1O[C@H](CSCC[C@H](N)C(=O)O)[C@@H](O)[C@H]1O,rule0011_50,No_Thermo,"(1, 1)","(1, 1)",Enzymatic,2,2,CCC(CC)CO.C[S+](CC[C@H](N)C(=O)O)C[C@H]1O[C@@H](n2cnc3c(N)ncnc32)[C@H](O)[C@@H]1O>>CCC(CC)COC.Nc1ncnc2c1ncn2[C@@H]1O[C@H](CSCC[C@H](N)C(=O)O)[C@@H](O)[C@H]1O,0.9946844,1
CCC(CC)CO.O=P(O)(O)O,CCC(CC)COP(=O)(O)O.O,CCC(CC)CO.O=P(O)(O)O >> CCC(CC)COP(=O)(O)O.O,rule0017_40,No_Thermo,"(1, 1)","(1, 1)",Enzymatic,2,2,CCC(CC)CO.O=P(O)(O)O>>CCC(CC)COP(=O)(O)O.O,0.9946327,1
CCC(C=O)CC.NC(=O)C1=CN([C@@H]2O[C@H](COP(=O)(O)OP(=O)(O)OC[C@H]3O[C@@H](n4cnc5c(N)ncnc54)[C@H](OP(=O)(O)O)[C@@H]3O)[C@@H](O)[C@H]2O)C=CC1.O=O,CCC(CC)C(=O)O.NC(=O)c1ccc[n+]([C@@H]2O[C@H](COP(=O)(O)OP(=O)(O)OC[C@H]3O[C@@H](n4cnc5c(N)ncnc54)[C@H](OP(=O)(O)O)[C@@H]3O)[C@@H](O)[C@H]2O)c1.O,CCC(C=O)CC.NC(=O)C1=CN([C@@H]2O[C@H](COP(=O)(O)OP(=O)(O)OC[C@H]3O[C@@H](n4cnc5c(N)ncnc54)[C@H](OP(=O)(O)O)[C@@H]3O)[C@@H](O)[C@H]2O)C=CC1.O=O >> CCC(CC)C(=O)O.NC(=O)c1ccc[n+]([C@@H]2O[C@H](COP(=O)(O)OP(=O)(O)OC[C@H]3O[C@@H](n4cnc5c(N)ncnc54)[C@H](OP(=O)(O)O)[C@@H]3O)[C@@H](O)[C@H]2O)c1.O,rule0004_13,No_Thermo,"(1, 1, 1)","(1, 1, 1)",Enzymatic,3,3,CCC(C=O)CC.NC(=O)C1=CN([C@@H]2O[C@H](COP(=O)(O)OP(=O)(O)OC[C@H]3O[C@@H](n4cnc5c(N)ncnc54)[C@H](OP(=O)(O)O)[C@@H]3O)[C@@H](O)[C@H]2O)C=CC1.O=O>>CCC(CC)C(=O)O.NC(=O)c1ccc[n+]([C@@H]2O[C@H](COP(=O)(O)OP(=O)(O)OC[C@H]3O[C@@H](n4cnc5c(N)ncnc54)[C@H](OP(=O)(O)O)[C@@H]3O)[C@@H](O)[C@H]2O)c1.O,0.994531,1
CCC(C=O)CC.C[S+](CC[C@H](N)C(=O)O)C[C@H]1O[C@@H](n2cnc3c(N)ncnc32)[C@H](O)[C@@H]1O,CCC(C)(C=O)CC.Nc1ncnc2c1ncn2[C@@H]1O[C@H](CSCC[C@H](N)C(=O)O)[C@@H](O)[C@H]1O,CCC(C=O)CC.C[S+](CC[C@H](N)C(=O)O)C[C@H]1O[C@@H](n2cnc3c(N)ncnc32)[C@H](O)[C@@H]1O >> CCC(C)(C=O)CC.Nc1ncnc2c1ncn2[C@@H]1O[C@H](CSCC[C@H](N)C(=O)O)[C@@H](O)[C@H]1O,rule0043_12,No_Thermo,"(1, 1)","(1, 1)",Enzymatic,2,2,CCC(C=O)CC.C[S+](CC[C@H](N)C(=O)O)C[C@H]1O[C@@H](n2cnc3c(N)ncnc32)[C@H](O)[C@@H]1O>>CCC(C)(C=O)CC.Nc1ncnc2c1ncn2[C@@H]1O[C@H](CSCC[C@H](N)C(=O)O)[C@@H](O)[C@H]1O,0.9924459,1
CCC(CC)CO.O=O,CCC(C=O)CC.OO,CCC(CC)CO.O=O >> CCC(C=O)CC.OO,rule0074_15,No_Thermo,"(1, 1)","(1, 1)",Enzymatic,2,2,CCC(CC)CO.O=O>>CCC(C=O)CC.OO,0.98778254,1
CCC(C=O)CC.N.NC(=O)C1=CN([C@@H]2O[C@H](COP(=O)(O)OP(=O)(O)OC[C@H]3O[C@@H](n4cnc5c(N)ncnc54)[C@H](OP(=O)(O)O)[C@@H]3O)[C@@H](O)[C@H]2O)C=CC1,CCC(CC)CN.NC(=O)c1ccc[n+]([C@@H]2O[C@H](COP(=O)(O)OP(=O)(O)OC[C@H]3O[C@@H](n4cnc5c(N)ncnc54)[C@H](OP(=O)(O)O)[C@@H]3O)[C@@H](O)[C@H]2O)c1.O,CCC(C=O)CC.N.NC(=O)C1=CN([C@@H]2O[C@H](COP(=O)(O)OP(=O)(O)OC[C@H]3O[C@@H](n4cnc5c(N)ncnc54)[C@H](OP(=O)(O)O)[C@@H]3O)[C@@H](O)[C@H]2O)C=CC1 >> CCC(CC)CN.NC(=O)c1ccc[n+]([C@@H]2O[C@H](COP(=O)(O)OP(=O)(O)OC[C@H]3O[C@@H](n4cnc5c(N)ncnc54)[C@H](OP(=O)(O)O)[C@@H]3O)[C@@H](O)[C@H]2O)c1.O,rule0166_2,No_Thermo,"(1, 1, 1)","(1, 1, 1)",Enzymatic,3,3,CCC(C=O)CC.N.NC(=O)C1=CN([C@@H]2O[C@H](COP(=O)(O)OP(=O)(O)OC[C@H]3O[C@@H](n4cnc5c(N)ncnc54)[C@H](OP(=O)(O)O)[C@@H]3O)[C@@H](O)[C@H]2O)C=CC1>>CCC(CC)CN.NC(=O)c1ccc[n+]([C@@H]2O[C@H](COP(=O)(O)OP(=O)(O)OC[C@H]3O[C@@H](n4cnc5c(N)ncnc54)[C@H](OP(=O)(O)O)[C@@H]3O)[C@@H](O)[C@H]2O)c1.O,0.98633957,1
CCC(CC)CO.C[S+](CC[C@H](N)C(=O)O)C[C@H]1O[C@@H](n2cnc3c(N)ncnc32)[C@H](O)[C@@H]1O,CCC(C)(CC)CO.Nc1ncnc2c1ncn2[C@@H]1O[C@H](CSCC[C@H](N)C(=O)O)[C@@H](O)[C@H]1O,CCC(CC)CO.C[S+](CC[C@H](N)C(=O)O)C[C@H]1O[C@@H](n2cnc3c(N)ncnc32)[C@H](O)[C@@H]1O >> CCC(C)(CC)CO.Nc1ncnc2c1ncn2[C@@H]1O[C@H](CSCC[C@H](N)C(=O)O)[C@@H](O)[C@H]1O,rule0043_12,No_Thermo,"(1, 1)","(1, 1)",Enzymatic,2,2,CCC(CC)CO.C[S+](CC[C@H](N)C(=O)O)C[C@H]1O[C@@H](n2cnc3c(N)ncnc32)[C@H](O)[C@@H]1O>>CCC(C)(CC)CO.Nc1ncnc2c1ncn2[C@@H]1O[C@H](CSCC[C@H](N)C(=O)O)[C@@H](O)[C@H]1O,0.98587996,1
CC(=O)SCCNC(=O)CCNC(=O)[C@H](O)C(C)(C)COP(=O)(O)OP(=O)(O)OC[C@H]1O[C@@H](n2cnc3c(N)ncnc32)[C@H](O)[C@@H]1OP(=O)(O)O.CCC(CC)CO,CC(C)(COP(=O)(O)OP(=O)(O)OC[C@H]1O[C@@H](n2cnc3c(N)ncnc32)[C@H](O)[C@@H]1OP(=O)(O)O)[C@@H](O)C(=O)NCCC(=O)NCCS.CCC(CC)COC(C)=O,CC(=O)SCCNC(=O)CCNC(=O)[C@H](O)C(C)(C)COP(=O)(O)OP(=O)(O)OC[C@H]1O[C@@H](n2cnc3c(N)ncnc32)[C@H](O)[C@@H]1OP(=O)(O)O.CCC(CC)CO >> CC(C)(COP(=O)(O)OP(=O)(O)OC[C@H]1O[C@@H](n2cnc3c(N)ncnc32)[C@H](O)[C@@H]1OP(=O)(O)O)[C@@H](O)C(=O)NCCC(=O)NCCS.CCC(CC)COC(C)=O,rule0062_17,No_Thermo,"(1, 1)","(1, 1)",Enzymatic,2,2,CC(=O)SCCNC(=O)CCNC(=O)[C@H](O)C(C)(C)COP(=O)(O)OP(=O)(O)OC[C@H]1O[C@@H](n2cnc3c(N)ncnc32)[C@H](O)[C@@H]1OP(=O)(O)O.CCC(CC)CO>>CC(C)(COP(=O)(O)OP(=O)(O)OC[C@H]1O[C@@H](n2cnc3c(N)ncnc32)[C@H](O)[C@@H]1OP(=O)(O)O)[C@@H](O)C(=O)NCCC(=O)NCCS.CCC(CC)COC(C)=O,0.982682,1
CCC(CC)COC(=O)CN[P@](=O)(OC[C@H]1O[C@@](C#N)(c2c(C)cc3c(N)ncnn23)[C@H](O)[C@@H]1O)Oc1ccccc1.O=P(O)(O)O,CCC(CC)COC(=O)CN[P@@](=O)(Oc1ccccc1)OP(=O)(O)O.Cc1cc2c(N)ncnn2c1[C@]1(C#N)O[C@H](CO)[C@@H](O)[C@H]1O,CCC(CC)COC(=O)CN[P@](=O)(OC[C@H]1O[C@@](C#N)(c2c(C)cc3c(N)ncnn23)[C@H](O)[C@@H]1O)Oc1ccccc1.O=P(O)(O)O >> CCC(CC)COC(=O)CN[P@@](=O)(Oc1ccccc1)OP(=O)(O)O.Cc1cc2c(N)ncnn2c1[C@]1(C#N)O[C@H](CO)[C@@H](O)[C@H]1O,rule0768_2,No_Thermo,"(1, 1)","(1, 1)",Enzymatic,2,2,CCC(CC)COC(=O)CN[P@](=O)(OC[C@H]1O[C@@](C#N)(c2c(C)cc3c(N)ncnn23)[C@H](O)[C@@H]1O)Oc1ccccc1.O=P(O)(O)O>>CCC(CC)COC(=O)CN[P@@](=O)(Oc1ccccc1)OP(=O)(O)O.Cc1cc2c(N)ncnn2c1[C@]1(C#N)O[C@H](CO)[C@@H](O)[C@H]1O,0.97792166,1
CCC(CC)CO.NC(=O)C1=CN([C@@H]2O[C@H](COP(=O)(O)OP(=O)(O)OC[C@H]3O[C@@H](n4cnc5c(N)ncnc54)[C@H](OP(=O)(O)O)[C@@H]3O)[C@@H](O)[C@H]2O)C=CC1,CCC(C)CC.NC(=O)c1ccc[n+]([C@@H]2O[C@H](COP(=O)(O)OP(=O)(O)OC[C@H]3O[C@@H](n4cnc5c(N)ncnc54)[C@H](OP(=O)(O)O)[C@@H]3O)[C@@H](O)[C@H]2O)c1.O,CCC(CC)CO.NC(=O)C1=CN([C@@H]2O[C@H](COP(=O)(O)OP(=O)(O)OC[C@H]3O[C@@H](n4cnc5c(N)ncnc54)[C@H](OP(=O)(O)O)[C@@H]3O)[C@@H](O)[C@H]2O)C=CC1 >> CCC(C)CC.NC(=O)c1ccc[n+]([C@@H]2O[C@H](COP(=O)(O)OP(=O)(O)OC[C@H]3O[C@@H](n4cnc5c(N)ncnc54)[C@H](OP(=O)(O)O)[C@@H]3O)[C@@H](O)[C@H]2O)c1.O,rule0025_39,No_Thermo,"(1, 1)","(1, 1, 1)",Enzymatic,2,3,CCC(CC)CO.NC(=O)C1=CN([C@@H]2O[C@H](COP(=O)(O)OP(=O)(O)OC[C@H]3O[C@@H](n4cnc5c(N)ncnc54)[C@H](OP(=O)(O)O)[C@@H]3O)[C@@H](O)[C@H]2O)C=CC1>>CCC(C)CC.NC(=O)c1ccc[n+]([C@@H]2O[C@H](COP(=O)(O)OP(=O)(O)OC[C@H]3O[C@@H](n4cnc5c(N)ncnc54)[C@H](OP(=O)(O)O)[C@@H]3O)[C@@H](O)[C@H]2O)c1.O,0.9720007,1
CCC(CC)CO.C[S+](CC[C@H](N)C(=O)O)C[C@H]1O[C@@H](n2cnc3c(N)ncnc32)[C@H](O)[C@@H]1O,CCC(CC)C(C)O.Nc1ncnc2c1ncn2[C@@H]1O[C@H](CSCC[C@H](N)C(=O)O)[C@@H](O)[C@H]1O,CCC(CC)CO.C[S+](CC[C@H](N)C(=O)O)C[C@H]1O[C@@H](n2cnc3c(N)ncnc32)[C@H](O)[C@@H]1O >> CCC(CC)C(C)O.Nc1ncnc2c1ncn2[C@@H]1O[C@H](CSCC[C@H](N)C(=O)O)[C@@H](O)[C@H]1O,rule0043_12,No_Thermo,"(1, 1)","(1, 1)",Enzymatic,2,2,CCC(CC)CO.C[S+](CC[C@H](N)C(=O)O)C[C@H]1O[C@@H](n2cnc3c(N)ncnc32)[C@H](O)[C@@H]1O>>CCC(CC)C(C)O.Nc1ncnc2c1ncn2[C@@H]1O[C@H](CSCC[C@H](N)C(=O)O)[C@@H](O)[C@H]1O,0.97004807,1
CCC(C=O)CC.O,CCCCC.O=CO,CCC(C=O)CC.O >> CCCCC.O=CO,rule0085_2,No_Thermo,"(1, 1)","(1, 1)",Enzymatic,2,2,CCC(C=O)CC.O>>CCCCC.O=CO,0.96779746,1
CC(C)=CCOP(=O)(O)OP(=O)(O)O.Oc1ccccc1,CC(C)=CCOc1ccccc1.O=P(O)(O)OP(=O)(O)O,CC(C)=CCOP(=O)(O)OP(=O)(O)O.Oc1ccccc1 >> CC(C)=CCOc1ccccc1.O=P(O)(O)OP(=O)(O)O,rule0517_2,No_Thermo,"(1, 1)","(1, 1)",Enzymatic,2,2,CC(C)=CCOP(=O)(O)OP(=O)(O)O.Oc1ccccc1>>CC(C)=CCOc1ccccc1.O=P(O)(O)OP(=O)(O)O,0.96745265,1
CCC(CC)COC(=O)O.C[S+](CC[C@H](N)C(=O)O)C[C@H]1O[C@@H](n2cnc3c(N)ncnc32)[C@H](O)[C@@H]1O,CCC(CC)C(C)OC(=O)O.Nc1ncnc2c1ncn2[C@@H]1O[C@H](CSCC[C@H](N)C(=O)O)[C@@H](O)[C@H]1O,CCC(CC)COC(=O)O.C[S+](CC[C@H](N)C(=O)O)C[C@H]1O[C@@H](n2cnc3c(N)ncnc32)[C@H](O)[C@@H]1O >> CCC(CC)C(C)OC(=O)O.Nc1ncnc2c1ncn2[C@@H]1O[C@H](CSCC[C@H](N)C(=O)O)[C@@H](O)[C@H]1O,rule0043_12,No_Thermo,"(1, 1)","(1, 1)",Enzymatic,2,2,CCC(CC)COC(=O)O.C[S+](CC[C@H](N)C(=O)O)C[C@H]1O[C@@H](n2cnc3c(N)ncnc32)[C@H](O)[C@@H]1O>>CCC(CC)C(C)OC(=O)O.Nc1ncnc2c1ncn2[C@@H]1O[C@H](CSCC[C@H](N)C(=O)O)[C@@H](O)[C@H]1O,0.95275354,1
CCC(CC)COC(=O)O.C[S+](CC[C@H](N)C(=O)O)C[C@H]1O[C@@H](n2cnc3c(N)ncnc32)[C@H](O)[C@@H]1O,CCC(CC)COC(=O)OC.Nc1ncnc2c1ncn2[C@@H]1O[C@H](CSCC[C@H](N)C(=O)O)[C@@H](O)[C@H]1O,CCC(CC)COC(=O)O.C[S+](CC[C@H](N)C(=O)O)C[C@H]1O[C@@H](n2cnc3c(N)ncnc32)[C@H](O)[C@@H]1O >> CCC(CC)COC(=O)OC.Nc1ncnc2c1ncn2[C@@H]1O[C@H](CSCC[C@H](N)C(=O)O)[C@@H](O)[C@H]1O,rule0011_49,No_Thermo,"(1, 1)","(1, 1)",Enzymatic,2,2,CCC(CC)COC(=O)O.C[S+](CC[C@H](N)C(=O)O)C[C@H]1O[C@@H](n2cnc3c(N)ncnc32)[C@H](O)[C@@H]1O>>CCC(CC)COC(=O)OC.Nc1ncnc2c1ncn2[C@@H]1O[C@H](CSCC[C@H](N)C(=O)O)[C@@H](O)[C@H]1O,0.9508113,1
CCC(CC)COC(=O)CN[P@](=O)(OC[C@H]1O[C@@](C#N)(c2cc(C)c3c(N)ncnn23)[C@H](O)[C@@H]1O)Oc1ccccc1.O=P(O)(O)O,CCC(CC)COC(=O)CN[P@@](=O)(Oc1ccccc1)OP(=O)(O)O.Cc1cc([C@]2(C#N)O[C@H](CO)[C@@H](O)[C@H]2O)n2ncnc(N)c12,CCC(CC)COC(=O)CN[P@](=O)(OC[C@H]1O[C@@](C#N)(c2cc(C)c3c(N)ncnn23)[C@H](O)[C@@H]1O)Oc1ccccc1.O=P(O)(O)O >> CCC(CC)COC(=O)CN[P@@](=O)(Oc1ccccc1)OP(=O)(O)O.Cc1cc([C@]2(C#N)O[C@H](CO)[C@@H](O)[C@H]2O)n2ncnc(N)c12,rule0768_2,No_Thermo,"(1, 1)","(1, 1)",Enzymatic,2,2,CCC(CC)COC(=O)CN[P@](=O)(OC[C@H]1O[C@@](C#N)(c2cc(C)c3c(N)ncnn23)[C@H](O)[C@@H]1O)Oc1ccccc1.O=P(O)(O)O>>CCC(CC)COC(=O)CN[P@@](=O)(Oc1ccccc1)OP(=O)(O)O.Cc1cc([C@]2(C#N)O[C@H](CO)[C@@H](O)[C@H]2O)n2ncnc(N)c12,0.94713104,1
CCC(CC)CO.O=c1ccn([C@@H]2O[C@H](COP(=O)(O)OP(=O)(O)O[C@H]3O[C@H](CO)[C@@H](O)[C@H](O)[C@H]3O)[C@@H](O)[C@H]2O)c(=O)[nH]1,CCC(CC)CO[C@H]1O[C@H](CO)[C@@H](O)[C@H](O)[C@H]1O.O=c1ccn([C@@H]2O[C@H](COP(=O)(O)OP(=O)(O)O)[C@@H](O)[C@H]2O)c(=O)[nH]1,CCC(CC)CO.O=c1ccn([C@@H]2O[C@H](COP(=O)(O)OP(=O)(O)O[C@H]3O[C@H](CO)[C@@H](O)[C@H](O)[C@H]3O)[C@@H](O)[C@H]2O)c(=O)[nH]1 >> CCC(CC)CO[C@H]1O[C@H](CO)[C@@H](O)[C@H](O)[C@H]1O.O=c1ccn([C@@H]2O[C@H](COP(=O)(O)OP(=O)(O)O)[C@@H](O)[C@H]2O)c(=O)[nH]1,rule0009_39,No_Thermo,"(1, 1)","(1, 1)",Enzymatic,2,2,CCC(CC)CO.O=c1ccn([C@@H]2O[C@H](COP(=O)(O)OP(=O)(O)O[C@H]3O[C@H](CO)[C@@H](O)[C@H](O)[C@H]3O)[C@@H](O)[C@H]2O)c(=O)[nH]1>>CCC(CC)CO[C@H]1O[C@H](CO)[C@@H](O)[C@H](O)[C@H]1O.O=c1ccn([C@@H]2O[C@H](COP(=O)(O)OP(=O)(O)O)[C@@H](O)[C@H]2O)c(=O)[nH]1,0.9470162,1
CCCCOC(=O)[C@H](C)N[P@](=O)(OC[C@H]1O[C@@](C#N)(c2c(CC)cc3c(N)ncnn23)[C@H](O)[C@@H]1O)Oc1ccccc1.O=P(O)(O)O,CCCCOC(=O)[C@H](C)N[P@@](=O)(Oc1ccccc1)OP(=O)(O)O.CCc1cc2c(N)ncnn2c1[C@]1(C#N)O[C@H](CO)[C@@H](O)[C@H]1O,CCCCOC(=O)[C@H](C)N[P@](=O)(OC[C@H]1O[C@@](C#N)(c2c(CC)cc3c(N)ncnn23)[C@H](O)[C@@H]1O)Oc1ccccc1.O=P(O)(O)O >> CCCCOC(=O)[C@H](C)N[P@@](=O)(Oc1ccccc1)OP(=O)(O)O.CCc1cc2c(N)ncnn2c1[C@]1(C#N)O[C@H](CO)[C@@H](O)[C@H]1O,rule0768_2,No_Thermo,"(1, 1)","(1, 1)",Enzymatic,2,2,CCCCOC(=O)[C@H](C)N[P@](=O)(OC[C@H]1O[C@@](C#N)(c2c(CC)cc3c(N)ncnn23)[C@H](O)[C@@H]1O)Oc1ccccc1.O=P(O)(O)O>>CCCCOC(=O)[C@H](C)N[P@@](=O)(Oc1ccccc1)OP(=O)(O)O.CCc1cc2c(N)ncnn2c1[C@]1(C#N)O[C@H](CO)[C@@H](O)[C@H]1O,0.9462112,1
O=c1ccn([C@@H]2O[C@H](COP(=O)(O)OP(=O)(O)O[C@H]3O[C@H](CO)[C@@H](O)[C@H](O)[C@H]3O)[C@@H](O)[C@H]2O)c(=O)[nH]1.Oc1ccccc1,O=c1ccn([C@@H]2O[C@H](COP(=O)(O)OP(=O)(O)O)[C@@H](O)[C@H]2O)c(=O)[nH]1.OC[C@H]1O[C@H](Oc2ccccc2)[C@H](O)[C@@H](O)[C@@H]1O,O=c1ccn([C@@H]2O[C@H](COP(=O)(O)OP(=O)(O)O[C@H]3O[C@H](CO)[C@@H](O)[C@H](O)[C@H]3O)[C@@H](O)[C@H]2O)c(=O)[nH]1.Oc1ccccc1 >> O=c1ccn([C@@H]2O[C@H](COP(=O)(O)OP(=O)(O)O)[C@@H](O)[C@H]2O)c(=O)[nH]1.OC[C@H]1O[C@H](Oc2ccccc2)[C@H](O)[C@@H](O)[C@@H]1O,rule0009_38,No_Thermo,"(1, 1)","(1, 1)",Enzymatic,2,2,O=c1ccn([C@@H]2O[C@H](COP(=O)(O)OP(=O)(O)O[C@H]3O[C@H](CO)[C@@H](O)[C@H](O)[C@H]3O)[C@@H](O)[C@H]2O)c(=O)[nH]1.Oc1ccccc1>>O=c1ccn([C@@H]2O[C@H](COP(=O)(O)OP(=O)(O)O)[C@@H](O)[C@H]2O)c(=O)[nH]1.OC[C@H]1O[C@H](Oc2ccccc2)[C@H](O)[C@@H](O)[C@@H]1O,0.94057345,1
CCC(C=O)CC.C[S+](CC[C@H](N)C(=O)O)C[C@H]1O[C@@H](n2cnc3c(N)ncnc32)[C@H](O)[C@@H]1O,CCCC(C=O)CC.Nc1ncnc2c1ncn2[C@@H]1O[C@H](CSCC[C@H](N)C(=O)O)[C@@H](O)[C@H]1O,CCC(C=O)CC.C[S+](CC[C@H](N)C(=O)O)C[C@H]1O[C@@H](n2cnc3c(N)ncnc32)[C@H](O)[C@@H]1O >> CCCC(C=O)CC.Nc1ncnc2c1ncn2[C@@H]1O[C@H](CSCC[C@H](N)C(=O)O)[C@@H](O)[C@H]1O,rule0043_12,No_Thermo,"(1, 1)","(1, 1)",Enzymatic,2,2,CCC(C=O)CC.C[S+](CC[C@H](N)C(=O)O)C[C@H]1O[C@@H](n2cnc3c(N)ncnc32)[C@H](O)[C@@H]1O>>CCCC(C=O)CC.Nc1ncnc2c1ncn2[C@@H]1O[C@H](CSCC[C@H](N)C(=O)O)[C@@H](O)[C@H]1O,0.93869495,1
CCC(CC)COC(=O)O.C[S+](CC[C@H](N)C(=O)O)C[C@H]1O[C@@H](n2cnc3c(N)ncnc32)[C@H](O)[C@@H]1O,CCC(C)(CC)COC(=O)O.Nc1ncnc2c1ncn2[C@@H]1O[C@H](CSCC[C@H](N)C(=O)O)[C@@H](O)[C@H]1O,CCC(CC)COC(=O)O.C[S+](CC[C@H](N)C(=O)O)C[C@H]1O[C@@H](n2cnc3c(N)ncnc32)[C@H](O)[C@@H]1O >> CCC(C)(CC)COC(=O)O.Nc1ncnc2c1ncn2[C@@H]1O[C@H](CSCC[C@H](N)C(=O)O)[C@@H](O)[C@H]1O,rule0043_12,No_Thermo,"(1, 1)","(1, 1)",Enzymatic,2,2,CCC(CC)COC(=O)O.C[S+](CC[C@H](N)C(=O)O)C[C@H]1O[C@@H](n2cnc3c(N)ncnc32)[C@H](O)[C@@H]1O>>CCC(C)(CC)COC(=O)O.Nc1ncnc2c1ncn2[C@@H]1O[C@H](CSCC[C@H](N)C(=O)O)[C@@H](O)[C@H]1O,0.9255999,1
CCC(CC)COC(=O)CN[P@](=O)(OC[C@H]1O[C@@](C#N)(c2c(C)cc3c(N)ncnn23)[C@H](O)[C@@H]1O)Oc1ccccc1.O,CCC(CC)COC(=O)CN[P@](=O)(O)Oc1ccccc1.Cc1cc2c(N)ncnn2c1[C@]1(C#N)O[C@H](CO)[C@@H](O)[C@H]1O,CCC(CC)COC(=O)CN[P@](=O)(OC[C@H]1O[C@@](C#N)(c2c(C)cc3c(N)ncnn23)[C@H](O)[C@@H]1O)Oc1ccccc1.O >> CCC(CC)COC(=O)CN[P@](=O)(O)Oc1ccccc1.Cc1cc2c(N)ncnn2c1[C@]1(C#N)O[C@H](CO)[C@@H](O)[C@H]1O,rule0125_5,No_Thermo,"(1, 1)","(1, 1)",Enzymatic,2,2,CCC(CC)COC(=O)CN[P@](=O)(OC[C@H]1O[C@@](C#N)(c2c(C)cc3c(N)ncnn23)[C@H](O)[C@@H]1O)Oc1ccccc1.O>>CCC(CC)COC(=O)CN[P@](=O)(O)Oc1ccccc1.Cc1cc2c(N)ncnn2c1[C@]1(C#N)O[C@H](CO)[C@@H](O)[C@H]1O,0.92281705,1
CCC(CC)COC(=O)CN[P@](=O)(OC[C@H]1O[C@@](C#N)(c2c(C)cc3c(N)ncnn23)[C@H](O)[C@@H]1O)Oc1ccccc1.O,CCC(CC)COC(=O)CN[P@](=O)(O)Oc1ccccc1.Cc1cc2c(N)ncnn2c1[C@]1(C#N)O[C@H](CO)[C@@H](O)[C@H]1O,CCC(CC)COC(=O)CN[P@](=O)(OC[C@H]1O[C@@](C#N)(c2c(C)cc3c(N)ncnn23)[C@H](O)[C@@H]1O)Oc1ccccc1.O >> CCC(CC)COC(=O)CN[P@](=O)(O)Oc1ccccc1.Cc1cc2c(N)ncnn2c1[C@]1(C#N)O[C@H](CO)[C@@H](O)[C@H]1O,rule0007_203,No_Thermo,"(1, 1)","(1, 1)",Enzymatic,2,2,CCC(CC)COC(=O)CN[P@](=O)(OC[C@H]1O[C@@](C#N)(c2c(C)cc3c(N)ncnn23)[C@H](O)[C@@H]1O)Oc1ccccc1.O>>CCC(CC)COC(=O)CN[P@](=O)(O)Oc1ccccc1.Cc1cc2c(N)ncnn2c1[C@]1(C#N)O[C@H](CO)[C@@H](O)[C@H]1O,0.92281705,1
CCC(CC)COC(=O)O.C[S+](CC[C@H](N)C(=O)O)C[C@H]1O[C@@H](n2cnc3c(N)ncnc32)[C@H](O)[C@@H]1O,CCC(COC(=O)O)C(C)C.Nc1ncnc2c1ncn2[C@@H]1O[C@H](CSCC[C@H](N)C(=O)O)[C@@H](O)[C@H]1O,CCC(CC)COC(=O)O.C[S+](CC[C@H](N)C(=O)O)C[C@H]1O[C@@H](n2cnc3c(N)ncnc32)[C@H](O)[C@@H]1O >> CCC(COC(=O)O)C(C)C.Nc1ncnc2c1ncn2[C@@H]1O[C@H](CSCC[C@H](N)C(=O)O)[C@@H](O)[C@H]1O,rule0043_12,No_Thermo,"(1, 1)","(1, 1)",Enzymatic,2,2,CCC(CC)COC(=O)O.C[S+](CC[C@H](N)C(=O)O)C[C@H]1O[C@@H](n2cnc3c(N)ncnc32)[C@H](O)[C@@H]1O>>CCC(COC(=O)O)C(C)C.Nc1ncnc2c1ncn2[C@@H]1O[C@H](CSCC[C@H](N)C(=O)O)[C@@H](O)[C@H]1O,0.9208077,1
CCC(C=O)CC,CCCCCC=O,CCC(C=O)CC >> CCCCCC=O,rule0028_51,No_Thermo,"(1,)","(1,)",Enzymatic,1,1,CCC(C=O)CC>>CCCCCC=O,0.91916364,1
CCC(CC)COC(O)[C@H](C)N[P@](=O)(OC[C@H]1O[C@@]2(C#N)c3c(cc4c(N)ncnn34)O[C@H]1[C@H]2O)Oc1ccccc1.O=P(O)(O)O,CCC(CC)COC(O)[C@H](C)N[P@@](=O)(Oc1ccccc1)OP(=O)(O)O.N#C[C@]12O[C@H](CO)[C@@H](Oc3cc4c(N)ncnn4c31)[C@H]2O,CCC(CC)COC(O)[C@H](C)N[P@](=O)(OC[C@H]1O[C@@]2(C#N)c3c(cc4c(N)ncnn34)O[C@H]1[C@H]2O)Oc1ccccc1.O=P(O)(O)O >> CCC(CC)COC(O)[C@H](C)N[P@@](=O)(Oc1ccccc1)OP(=O)(O)O.N#C[C@]12O[C@H](CO)[C@@H](Oc3cc4c(N)ncnn4c31)[C@H]2O,rule0768_2,No_Thermo,"(1, 1)","(1, 1)",Enzymatic,2,2,CCC(CC)COC(O)[C@H](C)N[P@](=O)(OC[C@H]1O[C@@]2(C#N)c3c(cc4c(N)ncnn34)O[C@H]1[C@H]2O)Oc1ccccc1.O=P(O)(O)O>>CCC(CC)COC(O)[C@H](C)N[P@@](=O)(Oc1ccccc1)OP(=O)(O)O.N#C[C@]12O[C@H](CO)[C@@H](Oc3cc4c(N)ncnn4c31)[C@H]2O,0.91571724,1
CCC(CC)C[C@H](N[P@](=O)(OC[C@H]1O[C@@](C#N)(c2ccc3c(N)ncnn23)[C@H](O)[C@@H]1O)Oc1ccccc1)C(=O)OC.NC(=O)C1=CN([C@@H]2O[C@H](COP(=O)(O)OP(=O)(O)OC[C@H]3O[C@@H](n4cnc5c(N)ncnc54)[C@H](OP(=O)(O)O)[C@@H]3O)[C@@H](O)[C@H]2O)C=CC1.O=O,CCC(CC)C[C@H](N[P@](=O)(O)Oc1ccccc1)C(=O)OC.N#C[C@@]1(c2ccc3c(N)ncnn23)O[C@H](C=O)[C@@H](O)[C@H]1O.NC(=O)c1ccc[n+]([C@@H]2O[C@H](COP(=O)(O)OP(=O)(O)OC[C@H]3O[C@@H](n4cnc5c(N)ncnc54)[C@H](OP(=O)(O)O)[C@@H]3O)[C@@H](O)[C@H]2O)c1.O,CCC(CC)C[C@H](N[P@](=O)(OC[C@H]1O[C@@](C#N)(c2ccc3c(N)ncnn23)[C@H](O)[C@@H]1O)Oc1ccccc1)C(=O)OC.NC(=O)C1=CN([C@@H]2O[C@H](COP(=O)(O)OP(=O)(O)OC[C@H]3O[C@@H](n4cnc5c(N)ncnc54)[C@H](OP(=O)(O)O)[C@@H]3O)[C@@H](O)[C@H]2O)C=CC1.O=O >> CCC(CC)C[C@H](N[P@](=O)(O)Oc1ccccc1)C(=O)OC.N#C[C@@]1(c2ccc3c(N)ncnn23)O[C@H](C=O)[C@@H](O)[C@H]1O.NC(=O)c1ccc[n+]([C@@H]2O[C@H](COP(=O)(O)OP(=O)(O)OC[C@H]3O[C@@H](n4cnc5c(N)ncnc54)[C@H](OP(=O)(O)O)[C@@H]3O)[C@@H](O)[C@H]2O)c1.O,rule0491_2,No_Thermo,"(1, 1, 1)","(1, 1, 1, 1)",Enzymatic,3,4,CCC(CC)C[C@H](N[P@](=O)(OC[C@H]1O[C@@](C#N)(c2ccc3c(N)ncnn23)[C@H](O)[C@@H]1O)Oc1ccccc1)C(=O)OC.NC(=O)C1=CN([C@@H]2O[C@H](COP(=O)(O)OP(=O)(O)OC[C@H]3O[C@@H](n4cnc5c(N)ncnc54)[C@H](OP(=O)(O)O)[C@@H]3O)[C@@H](O)[C@H]2O)C=CC1.O=O>>CCC(CC)C[C@H](N[P@](=O)(O)Oc1ccccc1)C(=O)OC.N#C[C@@]1(c2ccc3c(N)ncnn23)O[C@H](C=O)[C@@H](O)[C@H]1O.NC(=O)c1ccc[n+]([C@@H]2O[C@H](COP(=O)(O)OP(=O)(O)OC[C@H]3O[C@@H](n4cnc5c(N)ncnc54)[C@H](OP(=O)(O)O)[C@@H]3O)[C@@H](O)[C@H]2O)c1.O,0.89998704,1
CCC(CC)COC(=O)[C@H](C)N[P@](=O)(O)Oc1ccccc1.C[S+](CC[C@H](N)C(=O)O)C[C@H]1O[C@@H](n2cnc3c(N)ncnc32)[C@H](O)[C@@H]1O,CCC(CC)COC(=O)[C@H](CC)N[P@](=O)(O)Oc1ccccc1.Nc1ncnc2c1ncn2[C@@H]1O[C@H](CSCC[C@H](N)C(=O)O)[C@@H](O)[C@H]1O,CCC(CC)COC(=O)[C@H](C)N[P@](=O)(O)Oc1ccccc1.C[S+](CC[C@H](N)C(=O)O)C[C@H]1O[C@@H](n2cnc3c(N)ncnc32)[C@H](O)[C@@H]1O >> CCC(CC)COC(=O)[C@H](CC)N[P@](=O)(O)Oc1ccccc1.Nc1ncnc2c1ncn2[C@@H]1O[C@H](CSCC[C@H](N)C(=O)O)[C@@H](O)[C@H]1O,rule0043_12,No_Thermo,"(1, 1)","(1, 1)",Enzymatic,2,2,CCC(CC)COC(=O)[C@H](C)N[P@](=O)(O)Oc1ccccc1.C[S+](CC[C@H](N)C(=O)O)C[C@H]1O[C@@H](n2cnc3c(N)ncnc32)[C@H](O)[C@@H]1O>>CCC(CC)COC(=O)[C@H](CC)N[P@](=O)(O)Oc1ccccc1.Nc1ncnc2c1ncn2[C@@H]1O[C@H](CSCC[C@H](N)C(=O)O)[C@@H](O)[C@H]1O,0.8993959,1
CCC(C=O)CC,CCC(C)C(C)=O,CCC(C=O)CC >> CCC(C)C(C)=O,rule0028_51,No_Thermo,"(1,)","(1,)",Enzymatic,1,1,CCC(C=O)CC>>CCC(C)C(C)=O,0.898296,1
CCC(CC)COC(O)[C@H](C)N[P@](=O)(OC[C@H]1O[C@@]2(C#N)c3c(cc4c(N)ncnn34)O[C@@H]2[C@@H]1O)Oc1ccccc1.O=P(O)(O)O,CCC(CC)COC(O)[C@H](C)N[P@@](=O)(Oc1ccccc1)OP(=O)(O)O.N#C[C@@]12O[C@H](CO)[C@@H](O)[C@H]1Oc1cc3c(N)ncnn3c12,CCC(CC)COC(O)[C@H](C)N[P@](=O)(OC[C@H]1O[C@@]2(C#N)c3c(cc4c(N)ncnn34)O[C@@H]2[C@@H]1O)Oc1ccccc1.O=P(O)(O)O >> CCC(CC)COC(O)[C@H](C)N[P@@](=O)(Oc1ccccc1)OP(=O)(O)O.N#C[C@@]12O[C@H](CO)[C@@H](O)[C@H]1Oc1cc3c(N)ncnn3c12,rule0768_2,No_Thermo,"(1, 1)","(1, 1)",Enzymatic,2,2,CCC(CC)COC(O)[C@H](C)N[P@](=O)(OC[C@H]1O[C@@]2(C#N)c3c(cc4c(N)ncnn34)O[C@@H]2[C@@H]1O)Oc1ccccc1.O=P(O)(O)O>>CCC(CC)COC(O)[C@H](C)N[P@@](=O)(Oc1ccccc1)OP(=O)(O)O.N#C[C@@]12O[C@H](CO)[C@@H](O)[C@H]1Oc1cc3c(N)ncnn3c12,0.89358807,1
CCC(CC)COC(=O)[C@H](C)N[P@](=O)(O)Oc1ccccc1,CCC(CC)C[C@H](N[P@](=O)(O)Oc1ccccc1)C(=O)OC,CCC(CC)COC(=O)[C@H](C)N[P@](=O)(O)Oc1ccccc1 >> CCC(CC)C[C@H](N[P@](=O)(O)Oc1ccccc1)C(=O)OC,rule0028_51,No_Thermo,"(1,)","(1,)",Enzymatic,1,1,CCC(CC)COC(=O)[C@H](C)N[P@](=O)(O)Oc1ccccc1>>CCC(CC)C[C@H](N[P@](=O)(O)Oc1ccccc1)C(=O)OC,0.8866273,1
CCC(C)(CC)COC(=O)CN[P@](=O)(OC[C@H]1O[C@@](C#N)(c2ccc3c(N)ncnn23)[C@H](O)[C@@H]1O)Oc1ccccc1.NC(=O)C1=CN([C@@H]2O[C@H](COP(=O)(O)OP(=O)(O)OC[C@H]3O[C@@H](n4cnc5c(N)ncnc54)[C@H](OP(=O)(O)O)[C@@H]3O)[C@@H](O)[C@H]2O)C=CC1.O=O,CCC(C)(CC)COC(=O)CN[P@](=O)(O)Oc1ccccc1.N#C[C@@]1(c2ccc3c(N)ncnn23)O[C@H](C=O)[C@@H](O)[C@H]1O.NC(=O)c1ccc[n+]([C@@H]2O[C@H](COP(=O)(O)OP(=O)(O)OC[C@H]3O[C@@H](n4cnc5c(N)ncnc54)[C@H](OP(=O)(O)O)[C@@H]3O)[C@@H](O)[C@H]2O)c1.O,CCC(C)(CC)COC(=O)CN[P@](=O)(OC[C@H]1O[C@@](C#N)(c2ccc3c(N)ncnn23)[C@H](O)[C@@H]1O)Oc1ccccc1.NC(=O)C1=CN([C@@H]2O[C@H](COP(=O)(O)OP(=O)(O)OC[C@H]3O[C@@H](n4cnc5c(N)ncnc54)[C@H](OP(=O)(O)O)[C@@H]3O)[C@@H](O)[C@H]2O)C=CC1.O=O >> CCC(C)(CC)COC(=O)CN[P@](=O)(O)Oc1ccccc1.N#C[C@@]1(c2ccc3c(N)ncnn23)O[C@H](C=O)[C@@H](O)[C@H]1O.NC(=O)c1ccc[n+]([C@@H]2O[C@H](COP(=O)(O)OP(=O)(O)OC[C@H]3O[C@@H](n4cnc5c(N)ncnc54)[C@H](OP(=O)(O)O)[C@@H]3O)[C@@H](O)[C@H]2O)c1.O,rule0491_2,No_Thermo,"(1, 1, 1)","(1, 1, 1, 1)",Enzymatic,3,4,CCC(C)(CC)COC(=O)CN[P@](=O)(OC[C@H]1O[C@@](C#N)(c2ccc3c(N)ncnn23)[C@H](O)[C@@H]1O)Oc1ccccc1.NC(=O)C1=CN([C@@H]2O[C@H](COP(=O)(O)OP(=O)(O)OC[C@H]3O[C@@H](n4cnc5c(N)ncnc54)[C@H](OP(=O)(O)O)[C@@H]3O)[C@@H](O)[C@H]2O)C=CC1.O=O>>CCC(C)(CC)COC(=O)CN[P@](=O)(O)Oc1ccccc1.N#C[C@@]1(c2ccc3c(N)ncnn23)O[C@H](C=O)[C@@H](O)[C@H]1O.NC(=O)c1ccc[n+]([C@@H]2O[C@H](COP(=O)(O)OP(=O)(O)OC[C@H]3O[C@@H](n4cnc5c(N)ncnc54)[C@H](OP(=O)(O)O)[C@@H]3O)[C@@H](O)[C@H]2O)c1.O,0.8800408,1
CCCCOC(=O)[C@H](C)N[P@](=O)(OC[C@H]1O[C@@](C#N)(c2ccc3c(N)nc(CC)nn23)[C@H](O)[C@@H]1O)Oc1ccccc1.O=P(O)(O)O,CCCCOC(=O)[C@H](C)N[P@@](=O)(Oc1ccccc1)OP(=O)(O)O.CCc1nc(N)c2ccc([C@]3(C#N)O[C@H](CO)[C@@H](O)[C@H]3O)n2n1,CCCCOC(=O)[C@H](C)N[P@](=O)(OC[C@H]1O[C@@](C#N)(c2ccc3c(N)nc(CC)nn23)[C@H](O)[C@@H]1O)Oc1ccccc1.O=P(O)(O)O >> CCCCOC(=O)[C@H](C)N[P@@](=O)(Oc1ccccc1)OP(=O)(O)O.CCc1nc(N)c2ccc([C@]3(C#N)O[C@H](CO)[C@@H](O)[C@H]3O)n2n1,rule0768_2,No_Thermo,"(1, 1)","(1, 1)",Enzymatic,2,2,CCCCOC(=O)[C@H](C)N[P@](=O)(OC[C@H]1O[C@@](C#N)(c2ccc3c(N)nc(CC)nn23)[C@H](O)[C@@H]1O)Oc1ccccc1.O=P(O)(O)O>>CCCCOC(=O)[C@H](C)N[P@@](=O)(Oc1ccccc1)OP(=O)(O)O.CCc1nc(N)c2ccc([C@]3(C#N)O[C@H](CO)[C@@H](O)[C@H]3O)n2n1,0.8792516,1
CCC(CC)CO.NC(=O)c1ccc[n+]([C@@H]2O[C@H](COP(=O)(O)OP(=O)(O)OC[C@H]3O[C@@H](n4cnc5c(N)ncnc54)[C@H](OP(=O)(O)O)[C@@H]3O)[C@@H](O)[C@H]2O)c1.NC(=O)c1ccc[n+]([C@@H]2O[C@H](COP(=O)(O)OP(=O)(O)OC[C@H]3O[C@@H](n4cnc5c(N)ncnc54)[C@H](OP(=O)(O)O)[C@@H]3O)[C@@H](O)[C@H]2O)c1.O,CCC(CC)C(=O)O.NC(=O)C1=CN([C@@H]2O[C@H](COP(=O)(O)OP(=O)(O)OC[C@H]3O[C@@H](n4cnc5c(N)ncnc54)[C@H](OP(=O)(O)O)[C@@H]3O)[C@@H](O)[C@H]2O)C=CC1.NC(=O)C1=CN([C@@H]2O[C@H](COP(=O)(O)OP(=O)(O)OC[C@H]3O[C@@H](n4cnc5c(N)ncnc54)[C@H](OP(=O)(O)O)[C@@H]3O)[C@@H](O)[C@H]2O)C=CC1,CCC(CC)CO.NC(=O)c1ccc[n+]([C@@H]2O[C@H](COP(=O)(O)OP(=O)(O)OC[C@H]3O[C@@H](n4cnc5c(N)ncnc54)[C@H](OP(=O)(O)O)[C@@H]3O)[C@@H](O)[C@H]2O)c1.NC(=O)c1ccc[n+]([C@@H]2O[C@H](COP(=O)(O)OP(=O)(O)OC[C@H]3O[C@@H](n4cnc5c(N)ncnc54)[C@H](OP(=O)(O)O)[C@@H]3O)[C@@H](O)[C@H]2O)c1.O >> CCC(CC)C(=O)O.NC(=O)C1=CN([C@@H]2O[C@H](COP(=O)(O)OP(=O)(O)OC[C@H]3O[C@@H](n4cnc5c(N)ncnc54)[C@H](OP(=O)(O)O)[C@@H]3O)[C@@H](O)[C@H]2O)C=CC1.NC(=O)C1=CN([C@@H]2O[C@H](COP(=O)(O)OP(=O)(O)OC[C@H]3O[C@@H](n4cnc5c(N)ncnc54)[C@H](OP(=O)(O)O)[C@@H]3O)[C@@H](O)[C@H]2O)C=CC1,rule0165_2,No_Thermo,"(1, 1, 1, 1)","(1, 1, 1)",Enzymatic,4,3,CCC(CC)CO.NC(=O)c1ccc[n+]([C@@H]2O[C@H](COP(=O)(O)OP(=O)(O)OC[C@H]3O[C@@H](n4cnc5c(N)ncnc54)[C@H](OP(=O)(O)O)[C@@H]3O)[C@@H](O)[C@H]2O)c1.NC(=O)c1ccc[n+]([C@@H]2O[C@H](COP(=O)(O)OP(=O)(O)OC[C@H]3O[C@@H](n4cnc5c(N)ncnc54)[C@H](OP(=O)(O)O)[C@@H]3O)[C@@H](O)[C@H]2O)c1.O>>CCC(CC)C(=O)O.NC(=O)C1=CN([C@@H]2O[C@H](COP(=O)(O)OP(=O)(O)OC[C@H]3O[C@@H](n4cnc5c(N)ncnc54)[C@H](OP(=O)(O)O)[C@@H]3O)[C@@H](O)[C@H]2O)C=CC1.NC(=O)C1=CN([C@@H]2O[C@H](COP(=O)(O)OP(=O)(O)OC[C@H]3O[C@@H](n4cnc5c(N)ncnc54)[C@H](OP(=O)(O)O)[C@@H]3O)[C@@H](O)[C@H]2O)C=CC1,0.877442,1
CCC(CC)COC(=O)CN[P@](=O)(OC[C@H]1O[C@@](C#N)(c2ccc3c(N)ncnn23)[C@H](O)[C@@H]1O)Oc1ccc(C)cc1.O,CCC(CC)COC(=O)CN[P@](=O)(O)Oc1ccc(C)cc1.N#C[C@@]1(c2ccc3c(N)ncnn23)O[C@H](CO)[C@@H](O)[C@H]1O,CCC(CC)COC(=O)CN[P@](=O)(OC[C@H]1O[C@@](C#N)(c2ccc3c(N)ncnn23)[C@H](O)[C@@H]1O)Oc1ccc(C)cc1.O >> CCC(CC)COC(=O)CN[P@](=O)(O)Oc1ccc(C)cc1.N#C[C@@]1(c2ccc3c(N)ncnn23)O[C@H](CO)[C@@H](O)[C@H]1O,rule0125_5,No_Thermo,"(1, 1)","(1, 1)",Enzymatic,2,2,CCC(CC)COC(=O)CN[P@](=O)(OC[C@H]1O[C@@](C#N)(c2ccc3c(N)ncnn23)[C@H](O)[C@@H]1O)Oc1ccc(C)cc1.O>>CCC(CC)COC(=O)CN[P@](=O)(O)Oc1ccc(C)cc1.N#C[C@@]1(c2ccc3c(N)ncnn23)O[C@H](CO)[C@@H](O)[C@H]1O,0.87659854,1
CCC(CC)COC(=O)CN[P@](=O)(OC[C@H]1O[C@@](C#N)(c2ccc3c(N)ncnn23)[C@H](O)[C@@H]1O)Oc1ccc(C)cc1.O,CCC(CC)COC(=O)CN[P@](=O)(O)Oc1ccc(C)cc1.N#C[C@@]1(c2ccc3c(N)ncnn23)O[C@H](CO)[C@@H](O)[C@H]1O,CCC(CC)COC(=O)CN[P@](=O)(OC[C@H]1O[C@@](C#N)(c2ccc3c(N)ncnn23)[C@H](O)[C@@H]1O)Oc1ccc(C)cc1.O >> CCC(CC)COC(=O)CN[P@](=O)(O)Oc1ccc(C)cc1.N#C[C@@]1(c2ccc3c(N)ncnn23)O[C@H](CO)[C@@H](O)[C@H]1O,rule0007_203,No_Thermo,"(1, 1)","(1, 1)",Enzymatic,2,2,CCC(CC)COC(=O)CN[P@](=O)(OC[C@H]1O[C@@](C#N)(c2ccc3c(N)ncnn23)[C@H](O)[C@@H]1O)Oc1ccc(C)cc1.O>>CCC(CC)COC(=O)CN[P@](=O)(O)Oc1ccc(C)cc1.N#C[C@@]1(c2ccc3c(N)ncnn23)O[C@H](CO)[C@@H](O)[C@H]1O,0.87659854,1
CCC(C=O)CC,CCCC(=O)CC,CCC(C=O)CC >> CCCC(=O)CC,rule0028_51,No_Thermo,"(1,)","(1,)",Enzymatic,1,1,CCC(C=O)CC>>CCCC(=O)CC,0.8742643,1
CCC(CC)COC(=O)[C@H](C)N[P@](=O)(OC[C@H]1O[C@@](C#N)(c2c(C)cc3c(N)ncnn23)[C@H](O)[C@@H]1O)Oc1ccccc1.O=P(O)(O)O,CCC(CC)COC(=O)[C@H](C)N[P@@](=O)(Oc1ccccc1)OP(=O)(O)O.Cc1cc2c(N)ncnn2c1[C@]1(C#N)O[C@H](CO)[C@@H](O)[C@H]1O,CCC(CC)COC(=O)[C@H](C)N[P@](=O)(OC[C@H]1O[C@@](C#N)(c2c(C)cc3c(N)ncnn23)[C@H](O)[C@@H]1O)Oc1ccccc1.O=P(O)(O)O >> CCC(CC)COC(=O)[C@H](C)N[P@@](=O)(Oc1ccccc1)OP(=O)(O)O.Cc1cc2c(N)ncnn2c1[C@]1(C#N)O[C@H](CO)[C@@H](O)[C@H]1O,rule0768_2,No_Thermo,"(1, 1)","(1, 1)",Enzymatic,2,2,CCC(CC)COC(=O)[C@H](C)N[P@](=O)(OC[C@H]1O[C@@](C#N)(c2c(C)cc3c(N)ncnn23)[C@H](O)[C@@H]1O)Oc1ccccc1.O=P(O)(O)O>>CCC(CC)COC(=O)[C@H](C)N[P@@](=O)(Oc1ccccc1)OP(=O)(O)O.Cc1cc2c(N)ncnn2c1[C@]1(C#N)O[C@H](CO)[C@@H](O)[C@H]1O,0.8731406,1
CCC(CC)CO,C=O.CCCCC,CCC(CC)CO >> C=O.CCCCC,rule0053_20,No_Thermo,"(1,)","(1, 1)",Enzymatic,1,2,CCC(CC)CO>>C=O.CCCCC,0.8727664,1
CCC(CC)COC(=O)CN[P@](=O)(OC[C@H]1O[C@@](C#N)(c2c(C)cc3c(N)ncnn23)[C@H](O)[C@@H]1O)Oc1ccccc1.NC(=O)C1=CN([C@@H]2O[C@H](COP(=O)(O)OP(=O)(O)OC[C@H]3O[C@@H](n4cnc5c(N)ncnc54)[C@H](OP(=O)(O)O)[C@@H]3O)[C@@H](O)[C@H]2O)C=CC1.O=O,CCC(CC)COC(=O)CN[P@](=O)(O)Oc1ccccc1.Cc1cc2c(N)ncnn2c1[C@]1(C#N)O[C@H](C=O)[C@@H](O)[C@H]1O.NC(=O)c1ccc[n+]([C@@H]2O[C@H](COP(=O)(O)OP(=O)(O)OC[C@H]3O[C@@H](n4cnc5c(N)ncnc54)[C@H](OP(=O)(O)O)[C@@H]3O)[C@@H](O)[C@H]2O)c1.O,CCC(CC)COC(=O)CN[P@](=O)(OC[C@H]1O[C@@](C#N)(c2c(C)cc3c(N)ncnn23)[C@H](O)[C@@H]1O)Oc1ccccc1.NC(=O)C1=CN([C@@H]2O[C@H](COP(=O)(O)OP(=O)(O)OC[C@H]3O[C@@H](n4cnc5c(N)ncnc54)[C@H](OP(=O)(O)O)[C@@H]3O)[C@@H](O)[C@H]2O)C=CC1.O=O >> CCC(CC)COC(=O)CN[P@](=O)(O)Oc1ccccc1.Cc1cc2c(N)ncnn2c1[C@]1(C#N)O[C@H](C=O)[C@@H](O)[C@H]1O.NC(=O)c1ccc[n+]([C@@H]2O[C@H](COP(=O)(O)OP(=O)(O)OC[C@H]3O[C@@H](n4cnc5c(N)ncnc54)[C@H](OP(=O)(O)O)[C@@H]3O)[C@@H](O)[C@H]2O)c1.O,rule0491_2,No_Thermo,"(1, 1, 1)","(1, 1, 1, 1)",Enzymatic,3,4,CCC(CC)COC(=O)CN[P@](=O)(OC[C@H]1O[C@@](C#N)(c2c(C)cc3c(N)ncnn23)[C@H](O)[C@@H]1O)Oc1ccccc1.NC(=O)C1=CN([C@@H]2O[C@H](COP(=O)(O)OP(=O)(O)OC[C@H]3O[C@@H](n4cnc5c(N)ncnc54)[C@H](OP(=O)(O)O)[C@@H]3O)[C@@H](O)[C@H]2O)C=CC1.O=O>>CCC(CC)COC(=O)CN[P@](=O)(O)Oc1ccccc1.Cc1cc2c(N)ncnn2c1[C@]1(C#N)O[C@H](C=O)[C@@H](O)[C@H]1O.NC(=O)c1ccc[n+]([C@@H]2O[C@H](COP(=O)(O)OP(=O)(O)OC[C@H]3O[C@@H](n4cnc5c(N)ncnc54)[C@H](OP(=O)(O)O)[C@@H]3O)[C@@H](O)[C@H]2O)c1.O,0.8659514,1
CCC(CC)COC(O)[C@@](C)(N[P@](=O)(OC[C@H]1O[C@@](C#N)(c2ccc3c(N)ncnn23)[C@H](O)[C@@H]1O)Oc1ccccc1)C(=O)O,CCC(CC)COC(O)[C@@]1(C)N[P@@](=O)(Oc2ccccc2)OC1=O.N#C[C@@]1(c2ccc3c(N)ncnn23)O[C@H](CO)[C@@H](O)[C@H]1O,CCC(CC)COC(O)[C@@](C)(N[P@](=O)(OC[C@H]1O[C@@](C#N)(c2ccc3c(N)ncnn23)[C@H](O)[C@@H]1O)Oc1ccccc1)C(=O)O >> CCC(CC)COC(O)[C@@]1(C)N[P@@](=O)(Oc2ccccc2)OC1=O.N#C[C@@]1(c2ccc3c(N)ncnn23)O[C@H](CO)[C@@H](O)[C@H]1O,rule0549_1,No_Thermo,"(1,)","(1, 1)",Enzymatic,1,2,CCC(CC)COC(O)[C@@](C)(N[P@](=O)(OC[C@H]1O[C@@](C#N)(c2ccc3c(N)ncnn23)[C@H](O)[C@@H]1O)Oc1ccccc1)C(=O)O>>CCC(CC)COC(O)[C@@]1(C)N[P@@](=O)(Oc2ccccc2)OC1=O.N#C[C@@]1(c2ccc3c(N)ncnn23)O[C@H](CO)[C@@H](O)[C@H]1O,0.8623277,1
CCC(CC)C[C@H](N[P@](=O)(OC[C@H]1O[C@@](C#N)(c2ccc3c(N)ncnn23)[C@H](O)[C@@H]1O)Oc1ccccc1)C(=O)OC.O=P(O)(O)O,CCC(CC)C[C@H](N[P@@](=O)(Oc1ccccc1)OP(=O)(O)O)C(=O)OC.N#C[C@@]1(c2ccc3c(N)ncnn23)O[C@H](CO)[C@@H](O)[C@H]1O,CCC(CC)C[C@H](N[P@](=O)(OC[C@H]1O[C@@](C#N)(c2ccc3c(N)ncnn23)[C@H](O)[C@@H]1O)Oc1ccccc1)C(=O)OC.O=P(O)(O)O >> CCC(CC)C[C@H](N[P@@](=O)(Oc1ccccc1)OP(=O)(O)O)C(=O)OC.N#C[C@@]1(c2ccc3c(N)ncnn23)O[C@H](CO)[C@@H](O)[C@H]1O,rule0768_2,No_Thermo,"(1, 1)","(1, 1)",Enzymatic,2,2,CCC(CC)C[C@H](N[P@](=O)(OC[C@H]1O[C@@](C#N)(c2ccc3c(N)ncnn23)[C@H](O)[C@@H]1O)Oc1ccccc1)C(=O)OC.O=P(O)(O)O>>CCC(CC)C[C@H](N[P@@](=O)(Oc1ccccc1)OP(=O)(O)O)C(=O)OC.N#C[C@@]1(c2ccc3c(N)ncnn23)O[C@H](CO)[C@@H](O)[C@H]1O,0.8577688,1
CCC(CC)C[C@H](N[P@](=O)(OC[C@H]1O[C@@](C#N)(c2ccc3c(N)ncnn23)[C@H](O)[C@@H]1O)Oc1ccccc1)C(=O)OC.O,CCC(CC)C[C@H](N[P@](=O)(O)Oc1ccccc1)C(=O)OC.N#C[C@@]1(c2ccc3c(N)ncnn23)O[C@H](CO)[C@@H](O)[C@H]1O,CCC(CC)C[C@H](N[P@](=O)(OC[C@H]1O[C@@](C#N)(c2ccc3c(N)ncnn23)[C@H](O)[C@@H]1O)Oc1ccccc1)C(=O)OC.O >> CCC(CC)C[C@H](N[P@](=O)(O)Oc1ccccc1)C(=O)OC.N#C[C@@]1(c2ccc3c(N)ncnn23)O[C@H](CO)[C@@H](O)[C@H]1O,rule0125_5,No_Thermo,"(1, 1)","(1, 1)",Enzymatic,2,2,CCC(CC)C[C@H](N[P@](=O)(OC[C@H]1O[C@@](C#N)(c2ccc3c(N)ncnn23)[C@H](O)[C@@H]1O)Oc1ccccc1)C(=O)OC.O>>CCC(CC)C[C@H](N[P@](=O)(O)Oc1ccccc1)C(=O)OC.N#C[C@@]1(c2ccc3c(N)ncnn23)O[C@H](CO)[C@@H](O)[C@H]1O,0.8576274,1
CCC(CC)C[C@H](N[P@](=O)(OC[C@H]1O[C@@](C#N)(c2ccc3c(N)ncnn23)[C@H](O)[C@@H]1O)Oc1ccccc1)C(=O)OC.O,CCC(CC)C[C@H](N[P@](=O)(O)Oc1ccccc1)C(=O)OC.N#C[C@@]1(c2ccc3c(N)ncnn23)O[C@H](CO)[C@@H](O)[C@H]1O,CCC(CC)C[C@H](N[P@](=O)(OC[C@H]1O[C@@](C#N)(c2ccc3c(N)ncnn23)[C@H](O)[C@@H]1O)Oc1ccccc1)C(=O)OC.O >> CCC(CC)C[C@H](N[P@](=O)(O)Oc1ccccc1)C(=O)OC.N#C[C@@]1(c2ccc3c(N)ncnn23)O[C@H](CO)[C@@H](O)[C@H]1O,rule0007_203,No_Thermo,"(1, 1)","(1, 1)",Enzymatic,2,2,CCC(CC)C[C@H](N[P@](=O)(OC[C@H]1O[C@@](C#N)(c2ccc3c(N)ncnn23)[C@H](O)[C@@H]1O)Oc1ccccc1)C(=O)OC.O>>CCC(CC)C[C@H](N[P@](=O)(O)Oc1ccccc1)C(=O)OC.N#C[C@@]1(c2ccc3c(N)ncnn23)O[C@H](CO)[C@@H](O)[C@H]1O,0.8576274,1
CCCCOC(=O)[C@H](C)N[P@](=O)(OC[C@H]1O[C@@](C#N)(c2cc(CC)c3c(N)ncnn23)[C@H](O)[C@@H]1O)Oc1ccccc1.O=P(O)(O)O,CCCCOC(=O)[C@H](C)N[P@@](=O)(Oc1ccccc1)OP(=O)(O)O.CCc1cc([C@]2(C#N)O[C@H](CO)[C@@H](O)[C@H]2O)n2ncnc(N)c12,CCCCOC(=O)[C@H](C)N[P@](=O)(OC[C@H]1O[C@@](C#N)(c2cc(CC)c3c(N)ncnn23)[C@H](O)[C@@H]1O)Oc1ccccc1.O=P(O)(O)O >> CCCCOC(=O)[C@H](C)N[P@@](=O)(Oc1ccccc1)OP(=O)(O)O.CCc1cc([C@]2(C#N)O[C@H](CO)[C@@H](O)[C@H]2O)n2ncnc(N)c12,rule0768_2,No_Thermo,"(1, 1)","(1, 1)",Enzymatic,2,2,CCCCOC(=O)[C@H](C)N[P@](=O)(OC[C@H]1O[C@@](C#N)(c2cc(CC)c3c(N)ncnn23)[C@H](O)[C@@H]1O)Oc1ccccc1.O=P(O)(O)O>>CCCCOC(=O)[C@H](C)N[P@@](=O)(Oc1ccccc1)OP(=O)(O)O.CCc1cc([C@]2(C#N)O[C@H](CO)[C@@H](O)[C@H]2O)n2ncnc(N)c12,0.856449,1
CCC(CC)COC(=O)[C@H](C)N[P@](=O)(O)Oc1ccccc1.C[S+](CC[C@H](N)C(=O)O)C[C@H]1O[C@@H](n2cnc3c(N)ncnc32)[C@H](O)[C@@H]1O,CCC(CC)C(C)OC(=O)[C@H](C)N[P@](=O)(O)Oc1ccccc1.Nc1ncnc2c1ncn2[C@@H]1O[C@H](CSCC[C@H](N)C(=O)O)[C@@H](O)[C@H]1O,CCC(CC)COC(=O)[C@H](C)N[P@](=O)(O)Oc1ccccc1.C[S+](CC[C@H](N)C(=O)O)C[C@H]1O[C@@H](n2cnc3c(N)ncnc32)[C@H](O)[C@@H]1O >> CCC(CC)C(C)OC(=O)[C@H](C)N[P@](=O)(O)Oc1ccccc1.Nc1ncnc2c1ncn2[C@@H]1O[C@H](CSCC[C@H](N)C(=O)O)[C@@H](O)[C@H]1O,rule0043_12,No_Thermo,"(1, 1)","(1, 1)",Enzymatic,2,2,CCC(CC)COC(=O)[C@H](C)N[P@](=O)(O)Oc1ccccc1.C[S+](CC[C@H](N)C(=O)O)C[C@H]1O[C@@H](n2cnc3c(N)ncnc32)[C@H](O)[C@@H]1O>>CCC(CC)C(C)OC(=O)[C@H](C)N[P@](=O)(O)Oc1ccccc1.Nc1ncnc2c1ncn2[C@@H]1O[C@H](CSCC[C@H](N)C(=O)O)[C@@H](O)[C@H]1O,0.8540513,1
CCC(CC)COC(=O)CN[P@](=O)(OC[C@H]1O[C@@](C#N)(c2ccc3c(N)ncnn23)[C@H](O)[C@@H]1O)Oc1ccc(C)cc1.NC(=O)C1=CN([C@@H]2O[C@H](COP(=O)(O)OP(=O)(O)OC[C@H]3O[C@@H](n4cnc5c(N)ncnc54)[C@H](OP(=O)(O)O)[C@@H]3O)[C@@H](O)[C@H]2O)C=CC1.O=O,CCC(CC)COC(=O)CN[P@](=O)(O)Oc1ccc(C)cc1.N#C[C@@]1(c2ccc3c(N)ncnn23)O[C@H](C=O)[C@@H](O)[C@H]1O.NC(=O)c1ccc[n+]([C@@H]2O[C@H](COP(=O)(O)OP(=O)(O)OC[C@H]3O[C@@H](n4cnc5c(N)ncnc54)[C@H](OP(=O)(O)O)[C@@H]3O)[C@@H](O)[C@H]2O)c1.O,CCC(CC)COC(=O)CN[P@](=O)(OC[C@H]1O[C@@](C#N)(c2ccc3c(N)ncnn23)[C@H](O)[C@@H]1O)Oc1ccc(C)cc1.NC(=O)C1=CN([C@@H]2O[C@H](COP(=O)(O)OP(=O)(O)OC[C@H]3O[C@@H](n4cnc5c(N)ncnc54)[C@H](OP(=O)(O)O)[C@@H]3O)[C@@H](O)[C@H]2O)C=CC1.O=O >> CCC(CC)COC(=O)CN[P@](=O)(O)Oc1ccc(C)cc1.N#C[C@@]1(c2ccc3c(N)ncnn23)O[C@H](C=O)[C@@H](O)[C@H]1O.NC(=O)c1ccc[n+]([C@@H]2O[C@H](COP(=O)(O)OP(=O)(O)OC[C@H]3O[C@@H](n4cnc5c(N)ncnc54)[C@H](OP(=O)(O)O)[C@@H]3O)[C@@H](O)[C@H]2O)c1.O,rule0491_2,No_Thermo,"(1, 1, 1)","(1, 1, 1, 1)",Enzymatic,3,4,CCC(CC)COC(=O)CN[P@](=O)(OC[C@H]1O[C@@](C#N)(c2ccc3c(N)ncnn23)[C@H](O)[C@@H]1O)Oc1ccc(C)cc1.NC(=O)C1=CN([C@@H]2O[C@H](COP(=O)(O)OP(=O)(O)OC[C@H]3O[C@@H](n4cnc5c(N)ncnc54)[C@H](OP(=O)(O)O)[C@@H]3O)[C@@H](O)[C@H]2O)C=CC1.O=O>>CCC(CC)COC(=O)CN[P@](=O)(O)Oc1ccc(C)cc1.N#C[C@@]1(c2ccc3c(N)ncnn23)O[C@H](C=O)[C@@H](O)[C@H]1O.NC(=O)c1ccc[n+]([C@@H]2O[C@H](COP(=O)(O)OP(=O)(O)OC[C@H]3O[C@@H](n4cnc5c(N)ncnc54)[C@H](OP(=O)(O)O)[C@@H]3O)[C@@H](O)[C@H]2O)c1.O,0.84520864,1
CCC(CC)COC(=O)CN[P@](=O)(OC[C@H]1O[C@@](C#N)(c2ccc3c(N)ncnn23)[C@H](O)[C@@H]1O)Oc1ccc(C)cc1.O=P(O)(O)O,CCC(CC)COC(=O)CN[P@@](=O)(Oc1ccc(C)cc1)OP(=O)(O)O.N#C[C@@]1(c2ccc3c(N)ncnn23)O[C@H](CO)[C@@H](O)[C@H]1O,CCC(CC)COC(=O)CN[P@](=O)(OC[C@H]1O[C@@](C#N)(c2ccc3c(N)ncnn23)[C@H](O)[C@@H]1O)Oc1ccc(C)cc1.O=P(O)(O)O >> CCC(CC)COC(=O)CN[P@@](=O)(Oc1ccc(C)cc1)OP(=O)(O)O.N#C[C@@]1(c2ccc3c(N)ncnn23)O[C@H](CO)[C@@H](O)[C@H]1O,rule0768_2,No_Thermo,"(1, 1)","(1, 1)",Enzymatic,2,2,CCC(CC)COC(=O)CN[P@](=O)(OC[C@H]1O[C@@](C#N)(c2ccc3c(N)ncnn23)[C@H](O)[C@@H]1O)Oc1ccc(C)cc1.O=P(O)(O)O>>CCC(CC)COC(=O)CN[P@@](=O)(Oc1ccc(C)cc1)OP(=O)(O)O.N#C[C@@]1(c2ccc3c(N)ncnn23)O[C@H](CO)[C@@H](O)[C@H]1O,0.84105974,1
*C1=C(*)C(=O)C(*)=C(*)C1=O.CCC(CC)CO,*c1c(*)c(O)c(*)c(*)c1O.CCC(C=O)CC,*C1=C(*)C(=O)C(*)=C(*)C1=O.CCC(CC)CO >> *c1c(*)c(O)c(*)c(*)c1O.CCC(C=O)CC,rule0467_8,No_Thermo,"(1, 1)","(1, 1)",Enzymatic,2,2,*C1=C(*)C(=O)C(*)=C(*)C1=O.CCC(CC)CO>>*c1c(*)c(O)c(*)c(*)c1O.CCC(C=O)CC,0.83867663,1
NC(=O)C1=CN([C@@H]2O[C@H](COP(=O)(O)OP(=O)(O)OC[C@H]3O[C@@H](n4cnc5c(N)ncnc54)[C@H](OP(=O)(O)O)[C@@H]3O)[C@@H](O)[C@H]2O)C=CC1.O=O.Oc1ccccc1,NC(=O)c1ccc[n+]([C@@H]2O[C@H](COP(=O)(O)OP(=O)(O)OC[C@H]3O[C@@H](n4cnc5c(N)ncnc54)[C@H](OP(=O)(O)O)[C@@H]3O)[C@@H](O)[C@H]2O)c1.O.Oc1ccc(O)cc1,NC(=O)C1=CN([C@@H]2O[C@H](COP(=O)(O)OP(=O)(O)OC[C@H]3O[C@@H](n4cnc5c(N)ncnc54)[C@H](OP(=O)(O)O)[C@@H]3O)[C@@H](O)[C@H]2O)C=CC1.O=O.Oc1ccccc1 >> NC(=O)c1ccc[n+]([C@@H]2O[C@H](COP(=O)(O)OP(=O)(O)OC[C@H]3O[C@@H](n4cnc5c(N)ncnc54)[C@H](OP(=O)(O)O)[C@@H]3O)[C@@H](O)[C@H]2O)c1.O.Oc1ccc(O)cc1,rule0004_10,No_Thermo,"(1, 1, 1)","(1, 1, 1)",Enzymatic,3,3,NC(=O)C1=CN([C@@H]2O[C@H](COP(=O)(O)OP(=O)(O)OC[C@H]3O[C@@H](n4cnc5c(N)ncnc54)[C@H](OP(=O)(O)O)[C@@H]3O)[C@@H](O)[C@H]2O)C=CC1.O=O.Oc1ccccc1>>NC(=O)c1ccc[n+]([C@@H]2O[C@H](COP(=O)(O)OP(=O)(O)OC[C@H]3O[C@@H](n4cnc5c(N)ncnc54)[C@H](OP(=O)(O)O)[C@@H]3O)[C@@H](O)[C@H]2O)c1.O.Oc1ccc(O)cc1,0.83478373,1
CCC(C)COC(=O)[C@H](C)N[P@](=O)(OC[C@H]1O[C@@](C#N)(c2c(C)cc3c(N)ncnn23)[C@H](O)[C@@H]1O)Oc1ccccc1.O=P(O)(O)O,CCC(C)COC(=O)[C@H](C)N[P@@](=O)(Oc1ccccc1)OP(=O)(O)O.Cc1cc2c(N)ncnn2c1[C@]1(C#N)O[C@H](CO)[C@@H](O)[C@H]1O,CCC(C)COC(=O)[C@H](C)N[P@](=O)(OC[C@H]1O[C@@](C#N)(c2c(C)cc3c(N)ncnn23)[C@H](O)[C@@H]1O)Oc1ccccc1.O=P(O)(O)O >> CCC(C)COC(=O)[C@H](C)N[P@@](=O)(Oc1ccccc1)OP(=O)(O)O.Cc1cc2c(N)ncnn2c1[C@]1(C#N)O[C@H](CO)[C@@H](O)[C@H]1O,rule0768_2,No_Thermo,"(1, 1)","(1, 1)",Enzymatic,2,2,CCC(C)COC(=O)[C@H](C)N[P@](=O)(OC[C@H]1O[C@@](C#N)(c2c(C)cc3c(N)ncnn23)[C@H](O)[C@@H]1O)Oc1ccccc1.O=P(O)(O)O>>CCC(C)COC(=O)[C@H](C)N[P@@](=O)(Oc1ccccc1)OP(=O)(O)O.Cc1cc2c(N)ncnn2c1[C@]1(C#N)O[C@H](CO)[C@@H](O)[C@H]1O,0.82933646,1
CCC(CC)COC(O)[C@H](C)N[P@](=O)(OC[C@H]1O[C@@]2(C#N)c3ccc4c(N)nc(nn34)O[C@@H]2[C@@H]1O)Oc1ccccc1,CCC(CC)COC1O[P@](=O)(Oc2ccccc2)N[C@H]1C.N#C[C@@]12O[C@H](CO)[C@@H](O)[C@H]1Oc1nc(N)c3ccc2n3n1,CCC(CC)COC(O)[C@H](C)N[P@](=O)(OC[C@H]1O[C@@]2(C#N)c3ccc4c(N)nc(nn34)O[C@@H]2[C@@H]1O)Oc1ccccc1 >> CCC(CC)COC1O[P@](=O)(Oc2ccccc2)N[C@H]1C.N#C[C@@]12O[C@H](CO)[C@@H](O)[C@H]1Oc1nc(N)c3ccc2n3n1,rule0549_1,No_Thermo,"(1,)","(1, 1)",Enzymatic,1,2,CCC(CC)COC(O)[C@H](C)N[P@](=O)(OC[C@H]1O[C@@]2(C#N)c3ccc4c(N)nc(nn34)O[C@@H]2[C@@H]1O)Oc1ccccc1>>CCC(CC)COC1O[P@](=O)(Oc2ccccc2)N[C@H]1C.N#C[C@@]12O[C@H](CO)[C@@H](O)[C@H]1Oc1nc(N)c3ccc2n3n1,0.82798,1
CCC(CC)COC(=O)[C@@](C)(N[P@](=O)(OC[C@H]1O[C@@](C#N)(c2ccc3c(N)ncnn23)[C@H](O)[C@@H]1O)Oc1ccccc1)C(=O)O,CCC(CC)COC(=O)[C@@]1(C)N[P@@](=O)(Oc2ccccc2)OC1=O.N#C[C@@]1(c2ccc3c(N)ncnn23)O[C@H](CO)[C@@H](O)[C@H]1O,CCC(CC)COC(=O)[C@@](C)(N[P@](=O)(OC[C@H]1O[C@@](C#N)(c2ccc3c(N)ncnn23)[C@H](O)[C@@H]1O)Oc1ccccc1)C(=O)O >> CCC(CC)COC(=O)[C@@]1(C)N[P@@](=O)(Oc2ccccc2)OC1=O.N#C[C@@]1(c2ccc3c(N)ncnn23)O[C@H](CO)[C@@H](O)[C@H]1O,rule0549_1,No_Thermo,"(1,)","(1, 1)",Enzymatic,1,2,CCC(CC)COC(=O)[C@@](C)(N[P@](=O)(OC[C@H]1O[C@@](C#N)(c2ccc3c(N)ncnn23)[C@H](O)[C@@H]1O)Oc1ccccc1)C(=O)O>>CCC(CC)COC(=O)[C@@]1(C)N[P@@](=O)(Oc2ccccc2)OC1=O.N#C[C@@]1(c2ccc3c(N)ncnn23)O[C@H](CO)[C@@H](O)[C@H]1O,0.82578385,1
O=O.Oc1ccccc1,O=CC=CC=CC(=O)O,O=O.Oc1ccccc1 >> O=CC=CC=CC(=O)O,rule0052_2,No_Thermo,"(1, 1)","(1,)",Enzymatic,2,1,O=O.Oc1ccccc1>>O=CC=CC=CC(=O)O,0.8238557,1
CCC(C=O)CC,CC(C)C(C)C=O,CCC(C=O)CC >> CC(C)C(C)C=O,rule0028_51,No_Thermo,"(1,)","(1,)",Enzymatic,1,1,CCC(C=O)CC>>CC(C)C(C)C=O,0.8228727,1
CCc1cc2c(N)ncnn2c1[C@]1(C#N)O[C@H](CO[P@@](=O)(N[C@@H](C)C(=O)OCC(CC)CC)Oc2ccccc2)[C@@H](O)[C@H]1O.O=P(O)(O)O,CCC(CC)COC(=O)[C@H](C)N[P@@](=O)(Oc1ccccc1)OP(=O)(O)O.CCc1cc2c(N)ncnn2c1[C@]1(C#N)O[C@H](CO)[C@@H](O)[C@H]1O,CCc1cc2c(N)ncnn2c1[C@]1(C#N)O[C@H](CO[P@@](=O)(N[C@@H](C)C(=O)OCC(CC)CC)Oc2ccccc2)[C@@H](O)[C@H]1O.O=P(O)(O)O >> CCC(CC)COC(=O)[C@H](C)N[P@@](=O)(Oc1ccccc1)OP(=O)(O)O.CCc1cc2c(N)ncnn2c1[C@]1(C#N)O[C@H](CO)[C@@H](O)[C@H]1O,rule0768_2,No_Thermo,"(1, 1)","(1, 1)",Enzymatic,2,2,CCc1cc2c(N)ncnn2c1[C@]1(C#N)O[C@H](CO[P@@](=O)(N[C@@H](C)C(=O)OCC(CC)CC)Oc2ccccc2)[C@@H](O)[C@H]1O.O=P(O)(O)O>>CCC(CC)COC(=O)[C@H](C)N[P@@](=O)(Oc1ccccc1)OP(=O)(O)O.CCc1cc2c(N)ncnn2c1[C@]1(C#N)O[C@H](CO)[C@@H](O)[C@H]1O,0.8199642,1
CCC(CC)COC(=O)[C@](C)(O)N[P@](=O)(OC[C@H]1O[C@@](C#N)(c2ccc3c(N)ncnn23)[C@H](O)[C@@H]1O)Oc1ccccc1,CCC(CC)COC(=O)[C@@]1(C)N[P@@](=O)(Oc2ccccc2)O1.N#C[C@@]1(c2ccc3c(N)ncnn23)O[C@H](CO)[C@@H](O)[C@H]1O,CCC(CC)COC(=O)[C@](C)(O)N[P@](=O)(OC[C@H]1O[C@@](C#N)(c2ccc3c(N)ncnn23)[C@H](O)[C@@H]1O)Oc1ccccc1 >> CCC(CC)COC(=O)[C@@]1(C)N[P@@](=O)(Oc2ccccc2)O1.N#C[C@@]1(c2ccc3c(N)ncnn23)O[C@H](CO)[C@@H](O)[C@H]1O,rule0549_1,No_Thermo,"(1,)","(1, 1)",Enzymatic,1,2,CCC(CC)COC(=O)[C@](C)(O)N[P@](=O)(OC[C@H]1O[C@@](C#N)(c2ccc3c(N)ncnn23)[C@H](O)[C@@H]1O)Oc1ccccc1>>CCC(CC)COC(=O)[C@@]1(C)N[P@@](=O)(Oc2ccccc2)O1.N#C[C@@]1(c2ccc3c(N)ncnn23)O[C@H](CO)[C@@H](O)[C@H]1O,0.81672,1
CCC(CC)COC(O)[C@H](C)N[P@](=O)(OC[C@H]1O[C@@]2(C#N)c3c(cc4c(N)ncnn34)O[C@H]1[C@H]2O)Oc1ccccc1,CCC(CC)COC1O[P@](=O)(Oc2ccccc2)N[C@H]1C.N#C[C@]12O[C@H](CO)[C@@H](Oc3cc4c(N)ncnn4c31)[C@H]2O,CCC(CC)COC(O)[C@H](C)N[P@](=O)(OC[C@H]1O[C@@]2(C#N)c3c(cc4c(N)ncnn34)O[C@H]1[C@H]2O)Oc1ccccc1 >> CCC(CC)COC1O[P@](=O)(Oc2ccccc2)N[C@H]1C.N#C[C@]12O[C@H](CO)[C@@H](Oc3cc4c(N)ncnn4c31)[C@H]2O,rule0549_1,No_Thermo,"(1,)","(1, 1)",Enzymatic,1,2,CCC(CC)COC(O)[C@H](C)N[P@](=O)(OC[C@H]1O[C@@]2(C#N)c3c(cc4c(N)ncnn34)O[C@H]1[C@H]2O)Oc1ccccc1>>CCC(CC)COC1O[P@](=O)(Oc2ccccc2)N[C@H]1C.N#C[C@]12O[C@H](CO)[C@@H](Oc3cc4c(N)ncnn4c31)[C@H]2O,0.81377316,1
CCC(CC)COC(O)[C@H](C)N[P@](=O)(OC[C@H]1O[C@@]2(C#N)c3ccc4c(N)nc(nn34)O[C@H]1[C@H]2O)Oc1ccccc1,CCC(CC)COC1O[P@](=O)(Oc2ccccc2)N[C@H]1C.N#C[C@]12O[C@H](CO)[C@@H](Oc3nc(N)c4ccc1n4n3)[C@H]2O,CCC(CC)COC(O)[C@H](C)N[P@](=O)(OC[C@H]1O[C@@]2(C#N)c3ccc4c(N)nc(nn34)O[C@H]1[C@H]2O)Oc1ccccc1 >> CCC(CC)COC1O[P@](=O)(Oc2ccccc2)N[C@H]1C.N#C[C@]12O[C@H](CO)[C@@H](Oc3nc(N)c4ccc1n4n3)[C@H]2O,rule0549_1,No_Thermo,"(1,)","(1, 1)",Enzymatic,1,2,CCC(CC)COC(O)[C@H](C)N[P@](=O)(OC[C@H]1O[C@@]2(C#N)c3ccc4c(N)nc(nn34)O[C@H]1[C@H]2O)Oc1ccccc1>>CCC(CC)COC1O[P@](=O)(Oc2ccccc2)N[C@H]1C.N#C[C@]12O[C@H](CO)[C@@H](Oc3nc(N)c4ccc1n4n3)[C@H]2O,0.8076975,1
CCC(CC)COC(O)[C@H](C)N[P@](=O)(OC[C@H]1O[C@@]2(C#N)c3c(cc4c(N)ncnn34)O[C@H]1[C@H]2O)Oc1ccccc1.O,CCC(CC)COC(O)[C@H](C)N[P@](=O)(O)Oc1ccccc1.N#C[C@]12O[C@H](CO)[C@@H](Oc3cc4c(N)ncnn4c31)[C@H]2O,CCC(CC)COC(O)[C@H](C)N[P@](=O)(OC[C@H]1O[C@@]2(C#N)c3c(cc4c(N)ncnn34)O[C@H]1[C@H]2O)Oc1ccccc1.O >> CCC(CC)COC(O)[C@H](C)N[P@](=O)(O)Oc1ccccc1.N#C[C@]12O[C@H](CO)[C@@H](Oc3cc4c(N)ncnn4c31)[C@H]2O,rule0125_5,No_Thermo,"(1, 1)","(1, 1)",Enzymatic,2,2,CCC(CC)COC(O)[C@H](C)N[P@](=O)(OC[C@H]1O[C@@]2(C#N)c3c(cc4c(N)ncnn34)O[C@H]1[C@H]2O)Oc1ccccc1.O>>CCC(CC)COC(O)[C@H](C)N[P@](=O)(O)Oc1ccccc1.N#C[C@]12O[C@H](CO)[C@@H](Oc3cc4c(N)ncnn4c31)[C@H]2O,0.8062426,1
CCC(CC)COC(O)[C@H](C)N[P@](=O)(OC[C@H]1O[C@@]2(C#N)c3c(cc4c(N)ncnn34)O[C@H]1[C@H]2O)Oc1ccccc1.O,CCC(CC)COC(O)[C@H](C)N[P@](=O)(O)Oc1ccccc1.N#C[C@]12O[C@H](CO)[C@@H](Oc3cc4c(N)ncnn4c31)[C@H]2O,CCC(CC)COC(O)[C@H](C)N[P@](=O)(OC[C@H]1O[C@@]2(C#N)c3c(cc4c(N)ncnn34)O[C@H]1[C@H]2O)Oc1ccccc1.O >> CCC(CC)COC(O)[C@H](C)N[P@](=O)(O)Oc1ccccc1.N#C[C@]12O[C@H](CO)[C@@H](Oc3cc4c(N)ncnn4c31)[C@H]2O,rule0007_203,No_Thermo,"(1, 1)","(1, 1)",Enzymatic,2,2,CCC(CC)COC(O)[C@H](C)N[P@](=O)(OC[C@H]1O[C@@]2(C#N)c3c(cc4c(N)ncnn34)O[C@H]1[C@H]2O)Oc1ccccc1.O>>CCC(CC)COC(O)[C@H](C)N[P@](=O)(O)Oc1ccccc1.N#C[C@]12O[C@H](CO)[C@@H](Oc3cc4c(N)ncnn4c31)[C@H]2O,0.8062426,1
CC(=O)SCCNC(=O)CCNC(=O)[C@H](O)C(C)(C)COP(=O)(O)OP(=O)(O)OC[C@H]1O[C@@H](n2cnc3c(N)ncnc32)[C@H](O)[C@@H]1OP(=O)(O)O.Oc1ccccc1,CC(=O)Oc1ccccc1.CC(C)(COP(=O)(O)OP(=O)(O)OC[C@H]1O[C@@H](n2cnc3c(N)ncnc32)[C@H](O)[C@@H]1OP(=O)(O)O)[C@@H](O)C(=O)NCCC(=O)NCCS,CC(=O)SCCNC(=O)CCNC(=O)[C@H](O)C(C)(C)COP(=O)(O)OP(=O)(O)OC[C@H]1O[C@@H](n2cnc3c(N)ncnc32)[C@H](O)[C@@H]1OP(=O)(O)O.Oc1ccccc1 >> CC(=O)Oc1ccccc1.CC(C)(COP(=O)(O)OP(=O)(O)OC[C@H]1O[C@@H](n2cnc3c(N)ncnc32)[C@H](O)[C@@H]1OP(=O)(O)O)[C@@H](O)C(=O)NCCC(=O)NCCS,rule0062_19,No_Thermo,"(1, 1)","(1, 1)",Enzymatic,2,2,CC(=O)SCCNC(=O)CCNC(=O)[C@H](O)C(C)(C)COP(=O)(O)OP(=O)(O)OC[C@H]1O[C@@H](n2cnc3c(N)ncnc32)[C@H](O)[C@@H]1OP(=O)(O)O.Oc1ccccc1>>CC(=O)Oc1ccccc1.CC(C)(COP(=O)(O)OP(=O)(O)OC[C@H]1O[C@@H](n2cnc3c(N)ncnc32)[C@H](O)[C@@H]1OP(=O)(O)O)[C@@H](O)C(=O)NCCC(=O)NCCS,0.804365,1
CCC(CC)COC(=O)CN[P@](=O)(OC[C@H]1O[C@@](C#N)(c2cc(C)c3c(N)ncnn23)[C@H](O)[C@@H]1O)Oc1ccccc1.NC(=O)C1=CN([C@@H]2O[C@H](COP(=O)(O)OP(=O)(O)OC[C@H]3O[C@@H](n4cnc5c(N)ncnc54)[C@H](OP(=O)(O)O)[C@@H]3O)[C@@H](O)[C@H]2O)C=CC1.O=O,CCC(CC)COC(=O)CN[P@](=O)(O)Oc1ccccc1.Cc1cc([C@]2(C#N)O[C@H](C=O)[C@@H](O)[C@H]2O)n2ncnc(N)c12.NC(=O)c1ccc[n+]([C@@H]2O[C@H](COP(=O)(O)OP(=O)(O)OC[C@H]3O[C@@H](n4cnc5c(N)ncnc54)[C@H](OP(=O)(O)O)[C@@H]3O)[C@@H](O)[C@H]2O)c1.O,CCC(CC)COC(=O)CN[P@](=O)(OC[C@H]1O[C@@](C#N)(c2cc(C)c3c(N)ncnn23)[C@H](O)[C@@H]1O)Oc1ccccc1.NC(=O)C1=CN([C@@H]2O[C@H](COP(=O)(O)OP(=O)(O)OC[C@H]3O[C@@H](n4cnc5c(N)ncnc54)[C@H](OP(=O)(O)O)[C@@H]3O)[C@@H](O)[C@H]2O)C=CC1.O=O >> CCC(CC)COC(=O)CN[P@](=O)(O)Oc1ccccc1.Cc1cc([C@]2(C#N)O[C@H](C=O)[C@@H](O)[C@H]2O)n2ncnc(N)c12.NC(=O)c1ccc[n+]([C@@H]2O[C@H](COP(=O)(O)OP(=O)(O)OC[C@H]3O[C@@H](n4cnc5c(N)ncnc54)[C@H](OP(=O)(O)O)[C@@H]3O)[C@@H](O)[C@H]2O)c1.O,rule0491_2,No_Thermo,"(1, 1, 1)","(1, 1, 1, 1)",Enzymatic,3,4,CCC(CC)COC(=O)CN[P@](=O)(OC[C@H]1O[C@@](C#N)(c2cc(C)c3c(N)ncnn23)[C@H](O)[C@@H]1O)Oc1ccccc1.NC(=O)C1=CN([C@@H]2O[C@H](COP(=O)(O)OP(=O)(O)OC[C@H]3O[C@@H](n4cnc5c(N)ncnc54)[C@H](OP(=O)(O)O)[C@@H]3O)[C@@H](O)[C@H]2O)C=CC1.O=O>>CCC(CC)COC(=O)CN[P@](=O)(O)Oc1ccccc1.Cc1cc([C@]2(C#N)O[C@H](C=O)[C@@H](O)[C@H]2O)n2ncnc(N)c12.NC(=O)c1ccc[n+]([C@@H]2O[C@H](COP(=O)(O)OP(=O)(O)OC[C@H]3O[C@@H](n4cnc5c(N)ncnc54)[C@H](OP(=O)(O)O)[C@@H]3O)[C@@H](O)[C@H]2O)c1.O,0.80090845,1
CCC(O)(CC)COC(=O)[C@H](C)N[P@](=O)(OC[C@H]1O[C@@](C#N)(c2ccc3c(N)ncnn23)[C@H](O)[C@@H]1O)Oc1ccccc1,CCC1(CC)COC(=O)[C@H](C)N[P@@](=O)(Oc2ccccc2)O1.N#C[C@@]1(c2ccc3c(N)ncnn23)O[C@H](CO)[C@@H](O)[C@H]1O,CCC(O)(CC)COC(=O)[C@H](C)N[P@](=O)(OC[C@H]1O[C@@](C#N)(c2ccc3c(N)ncnn23)[C@H](O)[C@@H]1O)Oc1ccccc1 >> CCC1(CC)COC(=O)[C@H](C)N[P@@](=O)(Oc2ccccc2)O1.N#C[C@@]1(c2ccc3c(N)ncnn23)O[C@H](CO)[C@@H](O)[C@H]1O,rule0549_1,No_Thermo,"(1,)","(1, 1)",Enzymatic,1,2,CCC(O)(CC)COC(=O)[C@H](C)N[P@](=O)(OC[C@H]1O[C@@](C#N)(c2ccc3c(N)ncnn23)[C@H](O)[C@@H]1O)Oc1ccccc1>>CCC1(CC)COC(=O)[C@H](C)N[P@@](=O)(Oc2ccccc2)O1.N#C[C@@]1(c2ccc3c(N)ncnn23)O[C@H](CO)[C@@H](O)[C@H]1O,0.7977299,1
CCC(CC)COC(O)[C@H](C)N[P@](=O)(OC[C@H]1O[C@@]2(C#N)c3cc(c4c(N)ncnn34)O[C@H]1[C@H]2O)Oc1ccccc1.O=P(O)(O)O,CCC(CC)COC(O)[C@H](C)N[P@@](=O)(Oc1ccccc1)OP(=O)(O)O.N#C[C@]12O[C@H](CO)[C@@H](Oc3cc1n1ncnc(N)c31)[C@H]2O,CCC(CC)COC(O)[C@H](C)N[P@](=O)(OC[C@H]1O[C@@]2(C#N)c3cc(c4c(N)ncnn34)O[C@H]1[C@H]2O)Oc1ccccc1.O=P(O)(O)O >> CCC(CC)COC(O)[C@H](C)N[P@@](=O)(Oc1ccccc1)OP(=O)(O)O.N#C[C@]12O[C@H](CO)[C@@H](Oc3cc1n1ncnc(N)c31)[C@H]2O,rule0768_2,No_Thermo,"(1, 1)","(1, 1)",Enzymatic,2,2,CCC(CC)COC(O)[C@H](C)N[P@](=O)(OC[C@H]1O[C@@]2(C#N)c3cc(c4c(N)ncnn34)O[C@H]1[C@H]2O)Oc1ccccc1.O=P(O)(O)O>>CCC(CC)COC(O)[C@H](C)N[P@@](=O)(Oc1ccccc1)OP(=O)(O)O.N#C[C@]12O[C@H](CO)[C@@H](Oc3cc1n1ncnc(N)c31)[C@H]2O,0.7969437,1
CCC(CC)COC(=O)[C@H](C)N[P@](=O)(O)Oc1ccccc1.O,CCC(CC)CO.C[C@H](N[P@](=O)(O)Oc1ccccc1)C(=O)O,CCC(CC)COC(=O)[C@H](C)N[P@](=O)(O)Oc1ccccc1.O >> CCC(CC)CO.C[C@H](N[P@](=O)(O)Oc1ccccc1)C(=O)O,rule0007_182,No_Thermo,"(1, 1)","(1, 1)",Enzymatic,2,2,CCC(CC)COC(=O)[C@H](C)N[P@](=O)(O)Oc1ccccc1.O>>CCC(CC)CO.C[C@H](N[P@](=O)(O)Oc1ccccc1)C(=O)O,0.78933954,1
CCC(CC)COC(=O)[C@H](C)N[P@](=O)(O)Oc1ccccc1.O,CCC(CC)CO.C[C@H](N[P@](=O)(O)Oc1ccccc1)C(=O)O,CCC(CC)COC(=O)[C@H](C)N[P@](=O)(O)Oc1ccccc1.O >> CCC(CC)CO.C[C@H](N[P@](=O)(O)Oc1ccccc1)C(=O)O,rule0007_185,No_Thermo,"(1, 1)","(1, 1)",Enzymatic,2,2,CCC(CC)COC(=O)[C@H](C)N[P@](=O)(O)Oc1ccccc1.O>>CCC(CC)CO.C[C@H](N[P@](=O)(O)Oc1ccccc1)C(=O)O,0.78933954,1
CCC(CC)COC(=O)[C@H](C)N[P@](=O)(O)Oc1ccccc1.O,CCC(CC)CO.C[C@H](N[P@](=O)(O)Oc1ccccc1)C(=O)O,CCC(CC)COC(=O)[C@H](C)N[P@](=O)(O)Oc1ccccc1.O >> CCC(CC)CO.C[C@H](N[P@](=O)(O)Oc1ccccc1)C(=O)O,rule0007_180,No_Thermo,"(1, 1)","(1, 1)",Enzymatic,2,2,CCC(CC)COC(=O)[C@H](C)N[P@](=O)(O)Oc1ccccc1.O>>CCC(CC)CO.C[C@H](N[P@](=O)(O)Oc1ccccc1)C(=O)O,0.78933954,1
CCC(CC)COC(=O)C[C@H](N[P@](=O)(OC[C@H]1O[C@@](C#N)(c2ccc3c(N)ncnn23)[C@H](O)[C@@H]1O)Oc1ccccc1)C(=O)OCC(CC)CC.NC(=O)C1=CN([C@@H]2O[C@H](COP(=O)(O)OP(=O)(O)OC[C@H]3O[C@@H](n4cnc5c(N)ncnc54)[C@H](OP(=O)(O)O)[C@@H]3O)[C@@H](O)[C@H]2O)C=CC1.O=O,CCC(CC)COC(=O)C[C@H](N[P@](=O)(O)Oc1ccccc1)C(=O)OCC(CC)CC.N#C[C@@]1(c2ccc3c(N)ncnn23)O[C@H](C=O)[C@@H](O)[C@H]1O.NC(=O)c1ccc[n+]([C@@H]2O[C@H](COP(=O)(O)OP(=O)(O)OC[C@H]3O[C@@H](n4cnc5c(N)ncnc54)[C@H](OP(=O)(O)O)[C@@H]3O)[C@@H](O)[C@H]2O)c1.O,CCC(CC)COC(=O)C[C@H](N[P@](=O)(OC[C@H]1O[C@@](C#N)(c2ccc3c(N)ncnn23)[C@H](O)[C@@H]1O)Oc1ccccc1)C(=O)OCC(CC)CC.NC(=O)C1=CN([C@@H]2O[C@H](COP(=O)(O)OP(=O)(O)OC[C@H]3O[C@@H](n4cnc5c(N)ncnc54)[C@H](OP(=O)(O)O)[C@@H]3O)[C@@H](O)[C@H]2O)C=CC1.O=O >> CCC(CC)COC(=O)C[C@H](N[P@](=O)(O)Oc1ccccc1)C(=O)OCC(CC)CC.N#C[C@@]1(c2ccc3c(N)ncnn23)O[C@H](C=O)[C@@H](O)[C@H]1O.NC(=O)c1ccc[n+]([C@@H]2O[C@H](COP(=O)(O)OP(=O)(O)OC[C@H]3O[C@@H](n4cnc5c(N)ncnc54)[C@H](OP(=O)(O)O)[C@@H]3O)[C@@H](O)[C@H]2O)c1.O,rule0491_2,No_Thermo,"(1, 1, 1)","(1, 1, 1, 1)",Enzymatic,3,4,CCC(CC)COC(=O)C[C@H](N[P@](=O)(OC[C@H]1O[C@@](C#N)(c2ccc3c(N)ncnn23)[C@H](O)[C@@H]1O)Oc1ccccc1)C(=O)OCC(CC)CC.NC(=O)C1=CN([C@@H]2O[C@H](COP(=O)(O)OP(=O)(O)OC[C@H]3O[C@@H](n4cnc5c(N)ncnc54)[C@H](OP(=O)(O)O)[C@@H]3O)[C@@H](O)[C@H]2O)C=CC1.O=O>>CCC(CC)COC(=O)C[C@H](N[P@](=O)(O)Oc1ccccc1)C(=O)OCC(CC)CC.N#C[C@@]1(c2ccc3c(N)ncnn23)O[C@H](C=O)[C@@H](O)[C@H]1O.NC(=O)c1ccc[n+]([C@@H]2O[C@H](COP(=O)(O)OP(=O)(O)OC[C@H]3O[C@@H](n4cnc5c(N)ncnc54)[C@H](OP(=O)(O)O)[C@@H]3O)[C@@H](O)[C@H]2O)c1.O,0.78625244,1
CCC(C)COC(=O)[C@H](C)N[P@](=O)(OC[C@H]1O[C@@](C#N)(c2ccc3c(N)ncnn23)[C@H](O)[C@@H]1O)Oc1ccc(C)cc1.NC(=O)C1=CN([C@@H]2O[C@H](COP(=O)(O)OP(=O)(O)OC[C@H]3O[C@@H](n4cnc5c(N)ncnc54)[C@H](OP(=O)(O)O)[C@@H]3O)[C@@H](O)[C@H]2O)C=CC1.O=O,CCC(C)COC(=O)[C@H](C)N[P@](=O)(O)Oc1ccc(C)cc1.N#C[C@@]1(c2ccc3c(N)ncnn23)O[C@H](C=O)[C@@H](O)[C@H]1O.NC(=O)c1ccc[n+]([C@@H]2O[C@H](COP(=O)(O)OP(=O)(O)OC[C@H]3O[C@@H](n4cnc5c(N)ncnc54)[C@H](OP(=O)(O)O)[C@@H]3O)[C@@H](O)[C@H]2O)c1.O,CCC(C)COC(=O)[C@H](C)N[P@](=O)(OC[C@H]1O[C@@](C#N)(c2ccc3c(N)ncnn23)[C@H](O)[C@@H]1O)Oc1ccc(C)cc1.NC(=O)C1=CN([C@@H]2O[C@H](COP(=O)(O)OP(=O)(O)OC[C@H]3O[C@@H](n4cnc5c(N)ncnc54)[C@H](OP(=O)(O)O)[C@@H]3O)[C@@H](O)[C@H]2O)C=CC1.O=O >> CCC(C)COC(=O)[C@H](C)N[P@](=O)(O)Oc1ccc(C)cc1.N#C[C@@]1(c2ccc3c(N)ncnn23)O[C@H](C=O)[C@@H](O)[C@H]1O.NC(=O)c1ccc[n+]([C@@H]2O[C@H](COP(=O)(O)OP(=O)(O)OC[C@H]3O[C@@H](n4cnc5c(N)ncnc54)[C@H](OP(=O)(O)O)[C@@H]3O)[C@@H](O)[C@H]2O)c1.O,rule0491_2,No_Thermo,"(1, 1, 1)","(1, 1, 1, 1)",Enzymatic,3,4,CCC(C)COC(=O)[C@H](C)N[P@](=O)(OC[C@H]1O[C@@](C#N)(c2ccc3c(N)ncnn23)[C@H](O)[C@@H]1O)Oc1ccc(C)cc1.NC(=O)C1=CN([C@@H]2O[C@H](COP(=O)(O)OP(=O)(O)OC[C@H]3O[C@@H](n4cnc5c(N)ncnc54)[C@H](OP(=O)(O)O)[C@@H]3O)[C@@H](O)[C@H]2O)C=CC1.O=O>>CCC(C)COC(=O)[C@H](C)N[P@](=O)(O)Oc1ccc(C)cc1.N#C[C@@]1(c2ccc3c(N)ncnn23)O[C@H](C=O)[C@@H](O)[C@H]1O.NC(=O)c1ccc[n+]([C@@H]2O[C@H](COP(=O)(O)OP(=O)(O)OC[C@H]3O[C@@H](n4cnc5c(N)ncnc54)[C@H](OP(=O)(O)O)[C@@H]3O)[C@@H](O)[C@H]2O)c1.O,0.7860668,1
CCC(CC)COC(=O)CN[P@](=O)(OC[C@H]1O[C@@](C#N)(c2ccc3c(N)nc(C)nn23)[C@H](O)[C@@H]1O)Oc1ccccc1.O=P(O)(O)O,CCC(CC)COC(=O)CN[P@@](=O)(Oc1ccccc1)OP(=O)(O)O.Cc1nc(N)c2ccc([C@]3(C#N)O[C@H](CO)[C@@H](O)[C@H]3O)n2n1,CCC(CC)COC(=O)CN[P@](=O)(OC[C@H]1O[C@@](C#N)(c2ccc3c(N)nc(C)nn23)[C@H](O)[C@@H]1O)Oc1ccccc1.O=P(O)(O)O >> CCC(CC)COC(=O)CN[P@@](=O)(Oc1ccccc1)OP(=O)(O)O.Cc1nc(N)c2ccc([C@]3(C#N)O[C@H](CO)[C@@H](O)[C@H]3O)n2n1,rule0768_2,No_Thermo,"(1, 1)","(1, 1)",Enzymatic,2,2,CCC(CC)COC(=O)CN[P@](=O)(OC[C@H]1O[C@@](C#N)(c2ccc3c(N)nc(C)nn23)[C@H](O)[C@@H]1O)Oc1ccccc1.O=P(O)(O)O>>CCC(CC)COC(=O)CN[P@@](=O)(Oc1ccccc1)OP(=O)(O)O.Cc1nc(N)c2ccc([C@]3(C#N)O[C@H](CO)[C@@H](O)[C@H]3O)n2n1,0.78584576,1
CCC(CC)COC(=O)CCN[P@](=O)(OC[C@H]1O[C@@](C#N)(c2ccc3c(N)ncnn23)[C@H](O)[C@@H]1O)Oc1ccccc1.O=P(O)(O)O,CCC(CC)COC(=O)CCN[P@@](=O)(Oc1ccccc1)OP(=O)(O)O.N#C[C@@]1(c2ccc3c(N)ncnn23)O[C@H](CO)[C@@H](O)[C@H]1O,CCC(CC)COC(=O)CCN[P@](=O)(OC[C@H]1O[C@@](C#N)(c2ccc3c(N)ncnn23)[C@H](O)[C@@H]1O)Oc1ccccc1.O=P(O)(O)O >> CCC(CC)COC(=O)CCN[P@@](=O)(Oc1ccccc1)OP(=O)(O)O.N#C[C@@]1(c2ccc3c(N)ncnn23)O[C@H](CO)[C@@H](O)[C@H]1O,rule0768_2,No_Thermo,"(1, 1)","(1, 1)",Enzymatic,2,2,CCC(CC)COC(=O)CCN[P@](=O)(OC[C@H]1O[C@@](C#N)(c2ccc3c(N)ncnn23)[C@H](O)[C@@H]1O)Oc1ccccc1.O=P(O)(O)O>>CCC(CC)COC(=O)CCN[P@@](=O)(Oc1ccccc1)OP(=O)(O)O.N#C[C@@]1(c2ccc3c(N)ncnn23)O[C@H](CO)[C@@H](O)[C@H]1O,0.78531003,1
CCC(CC)(COC(=O)[C@H](C)N[P@](=O)(OC[C@H]1O[C@@](C#N)(c2ccc3c(N)ncnn23)[C@H](O)[C@@H]1O)Oc1ccccc1)C(=O)O,CCC1(CC)COC(=O)[C@H](C)N[P@@](=O)(Oc2ccccc2)OC1=O.N#C[C@@]1(c2ccc3c(N)ncnn23)O[C@H](CO)[C@@H](O)[C@H]1O,CCC(CC)(COC(=O)[C@H](C)N[P@](=O)(OC[C@H]1O[C@@](C#N)(c2ccc3c(N)ncnn23)[C@H](O)[C@@H]1O)Oc1ccccc1)C(=O)O >> CCC1(CC)COC(=O)[C@H](C)N[P@@](=O)(Oc2ccccc2)OC1=O.N#C[C@@]1(c2ccc3c(N)ncnn23)O[C@H](CO)[C@@H](O)[C@H]1O,rule0549_1,No_Thermo,"(1,)","(1, 1)",Enzymatic,1,2,CCC(CC)(COC(=O)[C@H](C)N[P@](=O)(OC[C@H]1O[C@@](C#N)(c2ccc3c(N)ncnn23)[C@H](O)[C@@H]1O)Oc1ccccc1)C(=O)O>>CCC1(CC)COC(=O)[C@H](C)N[P@@](=O)(Oc2ccccc2)OC1=O.N#C[C@@]1(c2ccc3c(N)ncnn23)O[C@H](CO)[C@@H](O)[C@H]1O,0.7848188,1
CCC(CC)COC(=O)CN[P@@](=O)(Oc1ccccc1)OC(C)[C@H]1O[C@@](C#N)(c2ccc3c(N)ncnn23)[C@H](O)[C@@H]1O.O=P(O)(O)O,CC(O)[C@H]1O[C@@](C#N)(c2ccc3c(N)ncnn23)[C@H](O)[C@@H]1O.CCC(CC)COC(=O)CN[P@@](=O)(Oc1ccccc1)OP(=O)(O)O,CCC(CC)COC(=O)CN[P@@](=O)(Oc1ccccc1)OC(C)[C@H]1O[C@@](C#N)(c2ccc3c(N)ncnn23)[C@H](O)[C@@H]1O.O=P(O)(O)O >> CC(O)[C@H]1O[C@@](C#N)(c2ccc3c(N)ncnn23)[C@H](O)[C@@H]1O.CCC(CC)COC(=O)CN[P@@](=O)(Oc1ccccc1)OP(=O)(O)O,rule0768_2,No_Thermo,"(1, 1)","(1, 1)",Enzymatic,2,2,CCC(CC)COC(=O)CN[P@@](=O)(Oc1ccccc1)OC(C)[C@H]1O[C@@](C#N)(c2ccc3c(N)ncnn23)[C@H](O)[C@@H]1O.O=P(O)(O)O>>CC(O)[C@H]1O[C@@](C#N)(c2ccc3c(N)ncnn23)[C@H](O)[C@@H]1O.CCC(CC)COC(=O)CN[P@@](=O)(Oc1ccccc1)OP(=O)(O)O,0.77063537,1
CCC(CC)COC(O)[C@H](C)N[P@](=O)(OC[C@H]1O[C@@]2(C#N)c3c(cc4c(N)ncnn34)O[C@@H]2[C@@H]1O)Oc1ccccc1,CCC(CC)COC1O[P@](=O)(Oc2ccccc2)N[C@H]1C.N#C[C@@]12O[C@H](CO)[C@@H](O)[C@H]1Oc1cc3c(N)ncnn3c12,CCC(CC)COC(O)[C@H](C)N[P@](=O)(OC[C@H]1O[C@@]2(C#N)c3c(cc4c(N)ncnn34)O[C@@H]2[C@@H]1O)Oc1ccccc1 >> CCC(CC)COC1O[P@](=O)(Oc2ccccc2)N[C@H]1C.N#C[C@@]12O[C@H](CO)[C@@H](O)[C@H]1Oc1cc3c(N)ncnn3c12,rule0549_1,No_Thermo,"(1,)","(1, 1)",Enzymatic,1,2,CCC(CC)COC(O)[C@H](C)N[P@](=O)(OC[C@H]1O[C@@]2(C#N)c3c(cc4c(N)ncnn34)O[C@@H]2[C@@H]1O)Oc1ccccc1>>CCC(CC)COC1O[P@](=O)(Oc2ccccc2)N[C@H]1C.N#C[C@@]12O[C@H](CO)[C@@H](O)[C@H]1Oc1cc3c(N)ncnn3c12,0.76825416,1
CCC(CC)COC(=O)CN[P@](=O)(OC[C@]1(C)O[C@@](C#N)(c2ccc3c(N)ncnn23)[C@H](O)[C@@H]1O)Oc1ccccc1.O=P(O)(O)O,CCC(CC)COC(=O)CN[P@@](=O)(Oc1ccccc1)OP(=O)(O)O.C[C@@]1(CO)O[C@@](C#N)(c2ccc3c(N)ncnn23)[C@H](O)[C@@H]1O,CCC(CC)COC(=O)CN[P@](=O)(OC[C@]1(C)O[C@@](C#N)(c2ccc3c(N)ncnn23)[C@H](O)[C@@H]1O)Oc1ccccc1.O=P(O)(O)O >> CCC(CC)COC(=O)CN[P@@](=O)(Oc1ccccc1)OP(=O)(O)O.C[C@@]1(CO)O[C@@](C#N)(c2ccc3c(N)ncnn23)[C@H](O)[C@@H]1O,rule0768_2,No_Thermo,"(1, 1)","(1, 1)",Enzymatic,2,2,CCC(CC)COC(=O)CN[P@](=O)(OC[C@]1(C)O[C@@](C#N)(c2ccc3c(N)ncnn23)[C@H](O)[C@@H]1O)Oc1ccccc1.O=P(O)(O)O>>CCC(CC)COC(=O)CN[P@@](=O)(Oc1ccccc1)OP(=O)(O)O.C[C@@]1(CO)O[C@@](C#N)(c2ccc3c(N)ncnn23)[C@H](O)[C@@H]1O,0.7650963,1
CCCCOC(=O)[C@H](CCC)N[P@](=O)(OC[C@H]1O[C@@](C#N)(c2ccc3c(N)ncnn23)[C@H](O)[C@@H]1O)Oc1ccccc1.NC(=O)C1=CN([C@@H]2O[C@H](COP(=O)(O)OP(=O)(O)OC[C@H]3O[C@@H](n4cnc5c(N)ncnc54)[C@H](OP(=O)(O)O)[C@@H]3O)[C@@H](O)[C@H]2O)C=CC1.O=O,CCCCOC(=O)[C@H](CCC)N[P@](=O)(O)Oc1ccccc1.N#C[C@@]1(c2ccc3c(N)ncnn23)O[C@H](C=O)[C@@H](O)[C@H]1O.NC(=O)c1ccc[n+]([C@@H]2O[C@H](COP(=O)(O)OP(=O)(O)OC[C@H]3O[C@@H](n4cnc5c(N)ncnc54)[C@H](OP(=O)(O)O)[C@@H]3O)[C@@H](O)[C@H]2O)c1.O,CCCCOC(=O)[C@H](CCC)N[P@](=O)(OC[C@H]1O[C@@](C#N)(c2ccc3c(N)ncnn23)[C@H](O)[C@@H]1O)Oc1ccccc1.NC(=O)C1=CN([C@@H]2O[C@H](COP(=O)(O)OP(=O)(O)OC[C@H]3O[C@@H](n4cnc5c(N)ncnc54)[C@H](OP(=O)(O)O)[C@@H]3O)[C@@H](O)[C@H]2O)C=CC1.O=O >> CCCCOC(=O)[C@H](CCC)N[P@](=O)(O)Oc1ccccc1.N#C[C@@]1(c2ccc3c(N)ncnn23)O[C@H](C=O)[C@@H](O)[C@H]1O.NC(=O)c1ccc[n+]([C@@H]2O[C@H](COP(=O)(O)OP(=O)(O)OC[C@H]3O[C@@H](n4cnc5c(N)ncnc54)[C@H](OP(=O)(O)O)[C@@H]3O)[C@@H](O)[C@H]2O)c1.O,rule0491_2,No_Thermo,"(1, 1, 1)","(1, 1, 1, 1)",Enzymatic,3,4,CCCCOC(=O)[C@H](CCC)N[P@](=O)(OC[C@H]1O[C@@](C#N)(c2ccc3c(N)ncnn23)[C@H](O)[C@@H]1O)Oc1ccccc1.NC(=O)C1=CN([C@@H]2O[C@H](COP(=O)(O)OP(=O)(O)OC[C@H]3O[C@@H](n4cnc5c(N)ncnc54)[C@H](OP(=O)(O)O)[C@@H]3O)[C@@H](O)[C@H]2O)C=CC1.O=O>>CCCCOC(=O)[C@H](CCC)N[P@](=O)(O)Oc1ccccc1.N#C[C@@]1(c2ccc3c(N)ncnn23)O[C@H](C=O)[C@@H](O)[C@H]1O.NC(=O)c1ccc[n+]([C@@H]2O[C@H](COP(=O)(O)OP(=O)(O)OC[C@H]3O[C@@H](n4cnc5c(N)ncnc54)[C@H](OP(=O)(O)O)[C@@H]3O)[C@@H](O)[C@H]2O)c1.O,0.76357204,1
CCC(CC)COC(=O)[C@H](C)N[P@@](=O)(Oc1ccccc1)OP(=O)(O)O.C[S+](CC[C@H](N)C(=O)O)C[C@H]1O[C@@H](n2cnc3c(N)ncnc32)[C@H](O)[C@@H]1O,CCC(CC)C(C)OC(=O)[C@H](C)N[P@@](=O)(Oc1ccccc1)OP(=O)(O)O.Nc1ncnc2c1ncn2[C@@H]1O[C@H](CSCC[C@H](N)C(=O)O)[C@@H](O)[C@H]1O,CCC(CC)COC(=O)[C@H](C)N[P@@](=O)(Oc1ccccc1)OP(=O)(O)O.C[S+](CC[C@H](N)C(=O)O)C[C@H]1O[C@@H](n2cnc3c(N)ncnc32)[C@H](O)[C@@H]1O >> CCC(CC)C(C)OC(=O)[C@H](C)N[P@@](=O)(Oc1ccccc1)OP(=O)(O)O.Nc1ncnc2c1ncn2[C@@H]1O[C@H](CSCC[C@H](N)C(=O)O)[C@@H](O)[C@H]1O,rule0043_12,No_Thermo,"(1, 1)","(1, 1)",Enzymatic,2,2,CCC(CC)COC(=O)[C@H](C)N[P@@](=O)(Oc1ccccc1)OP(=O)(O)O.C[S+](CC[C@H](N)C(=O)O)C[C@H]1O[C@@H](n2cnc3c(N)ncnc32)[C@H](O)[C@@H]1O>>CCC(CC)C(C)OC(=O)[C@H](C)N[P@@](=O)(Oc1ccccc1)OP(=O)(O)O.Nc1ncnc2c1ncn2[C@@H]1O[C@H](CSCC[C@H](N)C(=O)O)[C@@H](O)[C@H]1O,0.762554,1
CCC(C)(CC)COC(=O)[C@H](C)N[P@](=O)(OC[C@H]1O[C@@](C#N)(c2ccc3c(N)ncnn23)[C@H](O)[C@@H]1O)Oc1ccccc1.NC(=O)C1=CN([C@@H]2O[C@H](COP(=O)(O)OP(=O)(O)OC[C@H]3O[C@@H](n4cnc5c(N)ncnc54)[C@H](OP(=O)(O)O)[C@@H]3O)[C@@H](O)[C@H]2O)C=CC1.O=O,CCC(C)(CC)COC(=O)[C@H](C)N[P@](=O)(O)Oc1ccccc1.N#C[C@@]1(c2ccc3c(N)ncnn23)O[C@H](C=O)[C@@H](O)[C@H]1O.NC(=O)c1ccc[n+]([C@@H]2O[C@H](COP(=O)(O)OP(=O)(O)OC[C@H]3O[C@@H](n4cnc5c(N)ncnc54)[C@H](OP(=O)(O)O)[C@@H]3O)[C@@H](O)[C@H]2O)c1.O,CCC(C)(CC)COC(=O)[C@H](C)N[P@](=O)(OC[C@H]1O[C@@](C#N)(c2ccc3c(N)ncnn23)[C@H](O)[C@@H]1O)Oc1ccccc1.NC(=O)C1=CN([C@@H]2O[C@H](COP(=O)(O)OP(=O)(O)OC[C@H]3O[C@@H](n4cnc5c(N)ncnc54)[C@H](OP(=O)(O)O)[C@@H]3O)[C@@H](O)[C@H]2O)C=CC1.O=O >> CCC(C)(CC)COC(=O)[C@H](C)N[P@](=O)(O)Oc1ccccc1.N#C[C@@]1(c2ccc3c(N)ncnn23)O[C@H](C=O)[C@@H](O)[C@H]1O.NC(=O)c1ccc[n+]([C@@H]2O[C@H](COP(=O)(O)OP(=O)(O)OC[C@H]3O[C@@H](n4cnc5c(N)ncnc54)[C@H](OP(=O)(O)O)[C@@H]3O)[C@@H](O)[C@H]2O)c1.O,rule0491_2,No_Thermo,"(1, 1, 1)","(1, 1, 1, 1)",Enzymatic,3,4,CCC(C)(CC)COC(=O)[C@H](C)N[P@](=O)(OC[C@H]1O[C@@](C#N)(c2ccc3c(N)ncnn23)[C@H](O)[C@@H]1O)Oc1ccccc1.NC(=O)C1=CN([C@@H]2O[C@H](COP(=O)(O)OP(=O)(O)OC[C@H]3O[C@@H](n4cnc5c(N)ncnc54)[C@H](OP(=O)(O)O)[C@@H]3O)[C@@H](O)[C@H]2O)C=CC1.O=O>>CCC(C)(CC)COC(=O)[C@H](C)N[P@](=O)(O)Oc1ccccc1.N#C[C@@]1(c2ccc3c(N)ncnn23)O[C@H](C=O)[C@@H](O)[C@H]1O.NC(=O)c1ccc[n+]([C@@H]2O[C@H](COP(=O)(O)OP(=O)(O)OC[C@H]3O[C@@H](n4cnc5c(N)ncnc54)[C@H](OP(=O)(O)O)[C@@H]3O)[C@@H](O)[C@H]2O)c1.O,0.76094085,1
CCC(CC)C(OC(=O)[C@H](C)N[P@](=O)(OC[C@H]1O[C@@](C#N)(c2ccc3c(N)ncnn23)[C@H](O)[C@@H]1O)Oc1ccccc1)C(=O)O,CCC(CC)C1OC(=O)[C@H](C)N[P@@](=O)(Oc2ccccc2)OC1=O.N#C[C@@]1(c2ccc3c(N)ncnn23)O[C@H](CO)[C@@H](O)[C@H]1O,CCC(CC)C(OC(=O)[C@H](C)N[P@](=O)(OC[C@H]1O[C@@](C#N)(c2ccc3c(N)ncnn23)[C@H](O)[C@@H]1O)Oc1ccccc1)C(=O)O >> CCC(CC)C1OC(=O)[C@H](C)N[P@@](=O)(Oc2ccccc2)OC1=O.N#C[C@@]1(c2ccc3c(N)ncnn23)O[C@H](CO)[C@@H](O)[C@H]1O,rule0549_1,No_Thermo,"(1,)","(1, 1)",Enzymatic,1,2,CCC(CC)C(OC(=O)[C@H](C)N[P@](=O)(OC[C@H]1O[C@@](C#N)(c2ccc3c(N)ncnn23)[C@H](O)[C@@H]1O)Oc1ccccc1)C(=O)O>>CCC(CC)C1OC(=O)[C@H](C)N[P@@](=O)(Oc2ccccc2)OC1=O.N#C[C@@]1(c2ccc3c(N)ncnn23)O[C@H](CO)[C@@H](O)[C@H]1O,0.7578493,1
CCC(CC)COC(=O)[C@H](C)N[P@](=O)(OC[C@H]1O[C@@](C#N)(c2c(C)cc3c(N)ncnn23)[C@H](O)[C@@H]1O)Oc1ccccc1.O,CCC(CC)COC(=O)[C@H](C)N[P@](=O)(O)Oc1ccccc1.Cc1cc2c(N)ncnn2c1[C@]1(C#N)O[C@H](CO)[C@@H](O)[C@H]1O,CCC(CC)COC(=O)[C@H](C)N[P@](=O)(OC[C@H]1O[C@@](C#N)(c2c(C)cc3c(N)ncnn23)[C@H](O)[C@@H]1O)Oc1ccccc1.O >> CCC(CC)COC(=O)[C@H](C)N[P@](=O)(O)Oc1ccccc1.Cc1cc2c(N)ncnn2c1[C@]1(C#N)O[C@H](CO)[C@@H](O)[C@H]1O,rule0125_5,No_Thermo,"(1, 1)","(1, 1)",Enzymatic,2,2,CCC(CC)COC(=O)[C@H](C)N[P@](=O)(OC[C@H]1O[C@@](C#N)(c2c(C)cc3c(N)ncnn23)[C@H](O)[C@@H]1O)Oc1ccccc1.O>>CCC(CC)COC(=O)[C@H](C)N[P@](=O)(O)Oc1ccccc1.Cc1cc2c(N)ncnn2c1[C@]1(C#N)O[C@H](CO)[C@@H](O)[C@H]1O,0.75633246,1
CCC(CC)COC(=O)[C@H](C)N[P@](=O)(OC[C@H]1O[C@@](C#N)(c2c(C)cc3c(N)ncnn23)[C@H](O)[C@@H]1O)Oc1ccccc1.O,CCC(CC)COC(=O)[C@H](C)N[P@](=O)(O)Oc1ccccc1.Cc1cc2c(N)ncnn2c1[C@]1(C#N)O[C@H](CO)[C@@H](O)[C@H]1O,CCC(CC)COC(=O)[C@H](C)N[P@](=O)(OC[C@H]1O[C@@](C#N)(c2c(C)cc3c(N)ncnn23)[C@H](O)[C@@H]1O)Oc1ccccc1.O >> CCC(CC)COC(=O)[C@H](C)N[P@](=O)(O)Oc1ccccc1.Cc1cc2c(N)ncnn2c1[C@]1(C#N)O[C@H](CO)[C@@H](O)[C@H]1O,rule0007_203,No_Thermo,"(1, 1)","(1, 1)",Enzymatic,2,2,CCC(CC)COC(=O)[C@H](C)N[P@](=O)(OC[C@H]1O[C@@](C#N)(c2c(C)cc3c(N)ncnn23)[C@H](O)[C@@H]1O)Oc1ccccc1.O>>CCC(CC)COC(=O)[C@H](C)N[P@](=O)(O)Oc1ccccc1.Cc1cc2c(N)ncnn2c1[C@]1(C#N)O[C@H](CO)[C@@H](O)[C@H]1O,0.75633246,1
CCC(CC)COC(O)[C@](C)(O)N[P@](=O)(OC[C@H]1O[C@@](C#N)(c2ccc3c(N)ncnn23)[C@H](O)[C@@H]1O)Oc1ccccc1,CCC(CC)COC(O)[C@@]1(C)N[P@@](=O)(Oc2ccccc2)O1.N#C[C@@]1(c2ccc3c(N)ncnn23)O[C@H](CO)[C@@H](O)[C@H]1O,CCC(CC)COC(O)[C@](C)(O)N[P@](=O)(OC[C@H]1O[C@@](C#N)(c2ccc3c(N)ncnn23)[C@H](O)[C@@H]1O)Oc1ccccc1 >> CCC(CC)COC(O)[C@@]1(C)N[P@@](=O)(Oc2ccccc2)O1.N#C[C@@]1(c2ccc3c(N)ncnn23)O[C@H](CO)[C@@H](O)[C@H]1O,rule0549_1,No_Thermo,"(1,)","(1, 1)",Enzymatic,1,2,CCC(CC)COC(O)[C@](C)(O)N[P@](=O)(OC[C@H]1O[C@@](C#N)(c2ccc3c(N)ncnn23)[C@H](O)[C@@H]1O)Oc1ccccc1>>CCC(CC)COC(O)[C@@]1(C)N[P@@](=O)(Oc2ccccc2)O1.N#C[C@@]1(c2ccc3c(N)ncnn23)O[C@H](CO)[C@@H](O)[C@H]1O,0.75216454,1
CCC(CC)COC(=O)CN[P@](=O)(OC[C@H]1O[C@@](C#N)(c2ccc3c(N)ncnn23)[C@H](O)[C@@H]1O)Oc1ccccc1.O=P(O)(O)O,CCC(CC)COC(=O)CN[P@@](=O)(Oc1ccccc1)OP(=O)(O)O.N#C[C@@]1(c2ccc3c(N)ncnn23)O[C@H](CO)[C@@H](O)[C@H]1O,CCC(CC)COC(=O)CN[P@](=O)(OC[C@H]1O[C@@](C#N)(c2ccc3c(N)ncnn23)[C@H](O)[C@@H]1O)Oc1ccccc1.O=P(O)(O)O >> CCC(CC)COC(=O)CN[P@@](=O)(Oc1ccccc1)OP(=O)(O)O.N#C[C@@]1(c2ccc3c(N)ncnn23)O[C@H](CO)[C@@H](O)[C@H]1O,rule0768_2,No_Thermo,"(1, 1)","(1, 1)",Enzymatic,2,2,CCC(CC)COC(=O)CN[P@](=O)(OC[C@H]1O[C@@](C#N)(c2ccc3c(N)ncnn23)[C@H](O)[C@@H]1O)Oc1ccccc1.O=P(O)(O)O>>CCC(CC)COC(=O)CN[P@@](=O)(Oc1ccccc1)OP(=O)(O)O.N#C[C@@]1(c2ccc3c(N)ncnn23)O[C@H](CO)[C@@H](O)[C@H]1O,0.7502364,1
CC(C)=CCOP(=O)(O)OP(=O)(O)O.Oc1ccccc1,CC(C)=CCc1ccccc1O.O=P(O)(O)OP(=O)(O)O,CC(C)=CCOP(=O)(O)OP(=O)(O)O.Oc1ccccc1 >> CC(C)=CCc1ccccc1O.O=P(O)(O)OP(=O)(O)O,rule0110_5,No_Thermo,"(1, 1)","(1, 1)",Enzymatic,2,2,CC(C)=CCOP(=O)(O)OP(=O)(O)O.Oc1ccccc1>>CC(C)=CCc1ccccc1O.O=P(O)(O)OP(=O)(O)O,0.7494096,1
CCC(C)COC(=O)[C@H](CC)N[P@](=O)(OC[C@H]1O[C@@](C#N)(c2ccc3c(N)ncnn23)[C@H](O)[C@@H]1O)Oc1ccccc1.NC(=O)C1=CN([C@@H]2O[C@H](COP(=O)(O)OP(=O)(O)OC[C@H]3O[C@@H](n4cnc5c(N)ncnc54)[C@H](OP(=O)(O)O)[C@@H]3O)[C@@H](O)[C@H]2O)C=CC1.O=O,CCC(C)COC(=O)[C@H](CC)N[P@](=O)(O)Oc1ccccc1.N#C[C@@]1(c2ccc3c(N)ncnn23)O[C@H](C=O)[C@@H](O)[C@H]1O.NC(=O)c1ccc[n+]([C@@H]2O[C@H](COP(=O)(O)OP(=O)(O)OC[C@H]3O[C@@H](n4cnc5c(N)ncnc54)[C@H](OP(=O)(O)O)[C@@H]3O)[C@@H](O)[C@H]2O)c1.O,CCC(C)COC(=O)[C@H](CC)N[P@](=O)(OC[C@H]1O[C@@](C#N)(c2ccc3c(N)ncnn23)[C@H](O)[C@@H]1O)Oc1ccccc1.NC(=O)C1=CN([C@@H]2O[C@H](COP(=O)(O)OP(=O)(O)OC[C@H]3O[C@@H](n4cnc5c(N)ncnc54)[C@H](OP(=O)(O)O)[C@@H]3O)[C@@H](O)[C@H]2O)C=CC1.O=O >> CCC(C)COC(=O)[C@H](CC)N[P@](=O)(O)Oc1ccccc1.N#C[C@@]1(c2ccc3c(N)ncnn23)O[C@H](C=O)[C@@H](O)[C@H]1O.NC(=O)c1ccc[n+]([C@@H]2O[C@H](COP(=O)(O)OP(=O)(O)OC[C@H]3O[C@@H](n4cnc5c(N)ncnc54)[C@H](OP(=O)(O)O)[C@@H]3O)[C@@H](O)[C@H]2O)c1.O,rule0491_2,No_Thermo,"(1, 1, 1)","(1, 1, 1, 1)",Enzymatic,3,4,CCC(C)COC(=O)[C@H](CC)N[P@](=O)(OC[C@H]1O[C@@](C#N)(c2ccc3c(N)ncnn23)[C@H](O)[C@@H]1O)Oc1ccccc1.NC(=O)C1=CN([C@@H]2O[C@H](COP(=O)(O)OP(=O)(O)OC[C@H]3O[C@@H](n4cnc5c(N)ncnc54)[C@H](OP(=O)(O)O)[C@@H]3O)[C@@H](O)[C@H]2O)C=CC1.O=O>>CCC(C)COC(=O)[C@H](CC)N[P@](=O)(O)Oc1ccccc1.N#C[C@@]1(c2ccc3c(N)ncnn23)O[C@H](C=O)[C@@H](O)[C@H]1O.NC(=O)c1ccc[n+]([C@@H]2O[C@H](COP(=O)(O)OP(=O)(O)OC[C@H]3O[C@@H](n4cnc5c(N)ncnc54)[C@H](OP(=O)(O)O)[C@@H]3O)[C@@H](O)[C@H]2O)c1.O,0.7472822,1
CCc1cc2c(N)ncnn2c1[C@]1(C#N)O[C@H](CO[P@@](=O)(N[C@@H](C)C(=O)OCC(CC)CC)Oc2ccccc2)[C@@H](O)[C@H]1O.O,CCC(CC)COC(=O)[C@H](C)N[P@](=O)(O)Oc1ccccc1.CCc1cc2c(N)ncnn2c1[C@]1(C#N)O[C@H](CO)[C@@H](O)[C@H]1O,CCc1cc2c(N)ncnn2c1[C@]1(C#N)O[C@H](CO[P@@](=O)(N[C@@H](C)C(=O)OCC(CC)CC)Oc2ccccc2)[C@@H](O)[C@H]1O.O >> CCC(CC)COC(=O)[C@H](C)N[P@](=O)(O)Oc1ccccc1.CCc1cc2c(N)ncnn2c1[C@]1(C#N)O[C@H](CO)[C@@H](O)[C@H]1O,rule0007_203,No_Thermo,"(1, 1)","(1, 1)",Enzymatic,2,2,CCc1cc2c(N)ncnn2c1[C@]1(C#N)O[C@H](CO[P@@](=O)(N[C@@H](C)C(=O)OCC(CC)CC)Oc2ccccc2)[C@@H](O)[C@H]1O.O>>CCC(CC)COC(=O)[C@H](C)N[P@](=O)(O)Oc1ccccc1.CCc1cc2c(N)ncnn2c1[C@]1(C#N)O[C@H](CO)[C@@H](O)[C@H]1O,0.7455158,1
CCc1cc2c(N)ncnn2c1[C@]1(C#N)O[C@H](CO[P@@](=O)(N[C@@H](C)C(=O)OCC(CC)CC)Oc2ccccc2)[C@@H](O)[C@H]1O.O,CCC(CC)COC(=O)[C@H](C)N[P@](=O)(O)Oc1ccccc1.CCc1cc2c(N)ncnn2c1[C@]1(C#N)O[C@H](CO)[C@@H](O)[C@H]1O,CCc1cc2c(N)ncnn2c1[C@]1(C#N)O[C@H](CO[P@@](=O)(N[C@@H](C)C(=O)OCC(CC)CC)Oc2ccccc2)[C@@H](O)[C@H]1O.O >> CCC(CC)COC(=O)[C@H](C)N[P@](=O)(O)Oc1ccccc1.CCc1cc2c(N)ncnn2c1[C@]1(C#N)O[C@H](CO)[C@@H](O)[C@H]1O,rule0125_5,No_Thermo,"(1, 1)","(1, 1)",Enzymatic,2,2,CCc1cc2c(N)ncnn2c1[C@]1(C#N)O[C@H](CO[P@@](=O)(N[C@@H](C)C(=O)OCC(CC)CC)Oc2ccccc2)[C@@H](O)[C@H]1O.O>>CCC(CC)COC(=O)[C@H](C)N[P@](=O)(O)Oc1ccccc1.CCc1cc2c(N)ncnn2c1[C@]1(C#N)O[C@H](CO)[C@@H](O)[C@H]1O,0.7455158,1
CCC(CC)COC(=O)[C@H](C)N[P@](=O)(OC[C@H]1O[C@@](C#N)(c2ccc3c(N)nc(C(CC)CC)nn23)[C@H](O)[C@@H]1O)Oc1ccccc1.O=P(O)(O)O,CCC(CC)COC(=O)[C@H](C)N[P@@](=O)(Oc1ccccc1)OP(=O)(O)O.CCC(CC)c1nc(N)c2ccc([C@]3(C#N)O[C@H](CO)[C@@H](O)[C@H]3O)n2n1,CCC(CC)COC(=O)[C@H](C)N[P@](=O)(OC[C@H]1O[C@@](C#N)(c2ccc3c(N)nc(C(CC)CC)nn23)[C@H](O)[C@@H]1O)Oc1ccccc1.O=P(O)(O)O >> CCC(CC)COC(=O)[C@H](C)N[P@@](=O)(Oc1ccccc1)OP(=O)(O)O.CCC(CC)c1nc(N)c2ccc([C@]3(C#N)O[C@H](CO)[C@@H](O)[C@H]3O)n2n1,rule0768_2,No_Thermo,"(1, 1)","(1, 1)",Enzymatic,2,2,CCC(CC)COC(=O)[C@H](C)N[P@](=O)(OC[C@H]1O[C@@](C#N)(c2ccc3c(N)nc(C(CC)CC)nn23)[C@H](O)[C@@H]1O)Oc1ccccc1.O=P(O)(O)O>>CCC(CC)COC(=O)[C@H](C)N[P@@](=O)(Oc1ccccc1)OP(=O)(O)O.CCC(CC)c1nc(N)c2ccc([C@]3(C#N)O[C@H](CO)[C@@H](O)[C@H]3O)n2n1,0.7442922,1
CCC(CC)CO,CC(C)C(C)CO,CCC(CC)CO >> CC(C)C(C)CO,rule0028_51,No_Thermo,"(1,)","(1,)",Enzymatic,1,1,CCC(CC)CO>>CC(C)C(C)CO,0.74208623,1
CCC(CC)CO.Cl,CCC(CC)CCl.O,CCC(CC)CO.Cl >> CCC(CC)CCl.O,rule0183_6,No_Thermo,"(1, 1)","(1, 1)",Enzymatic,2,2,CCC(CC)CO.Cl>>CCC(CC)CCl.O,0.73986137,1
CCc1nc(N)c2ccc([C@]3(C#N)O[C@H](CO[P@@](=O)(N[C@@H](C)C(=O)OCC(CC)CC)Oc4ccccc4)[C@@H](O)[C@H]3O)n2n1.O=P(O)(O)O,CCC(CC)COC(=O)[C@H](C)N[P@@](=O)(Oc1ccccc1)OP(=O)(O)O.CCc1nc(N)c2ccc([C@]3(C#N)O[C@H](CO)[C@@H](O)[C@H]3O)n2n1,CCc1nc(N)c2ccc([C@]3(C#N)O[C@H](CO[P@@](=O)(N[C@@H](C)C(=O)OCC(CC)CC)Oc4ccccc4)[C@@H](O)[C@H]3O)n2n1.O=P(O)(O)O >> CCC(CC)COC(=O)[C@H](C)N[P@@](=O)(Oc1ccccc1)OP(=O)(O)O.CCc1nc(N)c2ccc([C@]3(C#N)O[C@H](CO)[C@@H](O)[C@H]3O)n2n1,rule0768_2,No_Thermo,"(1, 1)","(1, 1)",Enzymatic,2,2,CCc1nc(N)c2ccc([C@]3(C#N)O[C@H](CO[P@@](=O)(N[C@@H](C)C(=O)OCC(CC)CC)Oc4ccccc4)[C@@H](O)[C@H]3O)n2n1.O=P(O)(O)O>>CCC(CC)COC(=O)[C@H](C)N[P@@](=O)(Oc1ccccc1)OP(=O)(O)O.CCc1nc(N)c2ccc([C@]3(C#N)O[C@H](CO)[C@@H](O)[C@H]3O)n2n1,0.73768115,1
CCC(C)COC(=O)C(C)(C)N[P@](=O)(OC[C@H]1O[C@@](C#N)(c2ccc3c(N)ncnn23)[C@H](O)[C@@H]1O)Oc1ccccc1.NC(=O)C1=CN([C@@H]2O[C@H](COP(=O)(O)OP(=O)(O)OC[C@H]3O[C@@H](n4cnc5c(N)ncnc54)[C@H](OP(=O)(O)O)[C@@H]3O)[C@@H](O)[C@H]2O)C=CC1.O=O,CCC(C)COC(=O)C(C)(C)N[P@](=O)(O)Oc1ccccc1.N#C[C@@]1(c2ccc3c(N)ncnn23)O[C@H](C=O)[C@@H](O)[C@H]1O.NC(=O)c1ccc[n+]([C@@H]2O[C@H](COP(=O)(O)OP(=O)(O)OC[C@H]3O[C@@H](n4cnc5c(N)ncnc54)[C@H](OP(=O)(O)O)[C@@H]3O)[C@@H](O)[C@H]2O)c1.O,CCC(C)COC(=O)C(C)(C)N[P@](=O)(OC[C@H]1O[C@@](C#N)(c2ccc3c(N)ncnn23)[C@H](O)[C@@H]1O)Oc1ccccc1.NC(=O)C1=CN([C@@H]2O[C@H](COP(=O)(O)OP(=O)(O)OC[C@H]3O[C@@H](n4cnc5c(N)ncnc54)[C@H](OP(=O)(O)O)[C@@H]3O)[C@@H](O)[C@H]2O)C=CC1.O=O >> CCC(C)COC(=O)C(C)(C)N[P@](=O)(O)Oc1ccccc1.N#C[C@@]1(c2ccc3c(N)ncnn23)O[C@H](C=O)[C@@H](O)[C@H]1O.NC(=O)c1ccc[n+]([C@@H]2O[C@H](COP(=O)(O)OP(=O)(O)OC[C@H]3O[C@@H](n4cnc5c(N)ncnc54)[C@H](OP(=O)(O)O)[C@@H]3O)[C@@H](O)[C@H]2O)c1.O,rule0491_2,No_Thermo,"(1, 1, 1)","(1, 1, 1, 1)",Enzymatic,3,4,CCC(C)COC(=O)C(C)(C)N[P@](=O)(OC[C@H]1O[C@@](C#N)(c2ccc3c(N)ncnn23)[C@H](O)[C@@H]1O)Oc1ccccc1.NC(=O)C1=CN([C@@H]2O[C@H](COP(=O)(O)OP(=O)(O)OC[C@H]3O[C@@H](n4cnc5c(N)ncnc54)[C@H](OP(=O)(O)O)[C@@H]3O)[C@@H](O)[C@H]2O)C=CC1.O=O>>CCC(C)COC(=O)C(C)(C)N[P@](=O)(O)Oc1ccccc1.N#C[C@@]1(c2ccc3c(N)ncnn23)O[C@H](C=O)[C@@H](O)[C@H]1O.NC(=O)c1ccc[n+]([C@@H]2O[C@H](COP(=O)(O)OP(=O)(O)OC[C@H]3O[C@@H](n4cnc5c(N)ncnc54)[C@H](OP(=O)(O)O)[C@@H]3O)[C@@H](O)[C@H]2O)c1.O,0.7372785,1
CCC(CC)COC(=O)[C@H](C)N[P@](=O)(OC[C@H]1O[C@@](C#N)(c2cc(C)c3c(N)ncnn23)[C@H](O)[C@@H]1O)Oc1ccccc1.O=P(O)(O)O,CCC(CC)COC(=O)[C@H](C)N[P@@](=O)(Oc1ccccc1)OP(=O)(O)O.Cc1cc([C@]2(C#N)O[C@H](CO)[C@@H](O)[C@H]2O)n2ncnc(N)c12,CCC(CC)COC(=O)[C@H](C)N[P@](=O)(OC[C@H]1O[C@@](C#N)(c2cc(C)c3c(N)ncnn23)[C@H](O)[C@@H]1O)Oc1ccccc1.O=P(O)(O)O >> CCC(CC)COC(=O)[C@H](C)N[P@@](=O)(Oc1ccccc1)OP(=O)(O)O.Cc1cc([C@]2(C#N)O[C@H](CO)[C@@H](O)[C@H]2O)n2ncnc(N)c12,rule0768_2,No_Thermo,"(1, 1)","(1, 1)",Enzymatic,2,2,CCC(CC)COC(=O)[C@H](C)N[P@](=O)(OC[C@H]1O[C@@](C#N)(c2cc(C)c3c(N)ncnn23)[C@H](O)[C@@H]1O)Oc1ccccc1.O=P(O)(O)O>>CCC(CC)COC(=O)[C@H](C)N[P@@](=O)(Oc1ccccc1)OP(=O)(O)O.Cc1cc([C@]2(C#N)O[C@H](CO)[C@@H](O)[C@H]2O)n2ncnc(N)c12,0.73571295,1
CCC(CC)COC(=O)[C@H](C)N[P@](=O)(O)Oc1ccccc1.NC(=O)C1=CN([C@@H]2O[C@H](COP(=O)(O)OP(=O)(O)OC[C@H]3O[C@@H](n4cnc5c(N)ncnc54)[C@H](OP(=O)(O)O)[C@@H]3O)[C@@H](O)[C@H]2O)C=CC1.O=O,CCC(C=O)CC.C[C@H](N[P@](=O)(O)Oc1ccccc1)C(=O)O.NC(=O)c1ccc[n+]([C@@H]2O[C@H](COP(=O)(O)OP(=O)(O)OC[C@H]3O[C@@H](n4cnc5c(N)ncnc54)[C@H](OP(=O)(O)O)[C@@H]3O)[C@@H](O)[C@H]2O)c1.O,CCC(CC)COC(=O)[C@H](C)N[P@](=O)(O)Oc1ccccc1.NC(=O)C1=CN([C@@H]2O[C@H](COP(=O)(O)OP(=O)(O)OC[C@H]3O[C@@H](n4cnc5c(N)ncnc54)[C@H](OP(=O)(O)O)[C@@H]3O)[C@@H](O)[C@H]2O)C=CC1.O=O >> CCC(C=O)CC.C[C@H](N[P@](=O)(O)Oc1ccccc1)C(=O)O.NC(=O)c1ccc[n+]([C@@H]2O[C@H](COP(=O)(O)OP(=O)(O)OC[C@H]3O[C@@H](n4cnc5c(N)ncnc54)[C@H](OP(=O)(O)O)[C@@H]3O)[C@@H](O)[C@H]2O)c1.O,rule0491_2,No_Thermo,"(1, 1, 1)","(1, 1, 1, 1)",Enzymatic,3,4,CCC(CC)COC(=O)[C@H](C)N[P@](=O)(O)Oc1ccccc1.NC(=O)C1=CN([C@@H]2O[C@H](COP(=O)(O)OP(=O)(O)OC[C@H]3O[C@@H](n4cnc5c(N)ncnc54)[C@H](OP(=O)(O)O)[C@@H]3O)[C@@H](O)[C@H]2O)C=CC1.O=O>>CCC(C=O)CC.C[C@H](N[P@](=O)(O)Oc1ccccc1)C(=O)O.NC(=O)c1ccc[n+]([C@@H]2O[C@H](COP(=O)(O)OP(=O)(O)OC[C@H]3O[C@@H](n4cnc5c(N)ncnc54)[C@H](OP(=O)(O)O)[C@@H]3O)[C@@H](O)[C@H]2O)c1.O,0.7327416,1
CCC(CC)CO.C[S+](CC[C@H](N)C(=O)O)C[C@H]1O[C@@H](n2cnc3c(N)ncnc32)[C@H](O)[C@@H]1O,CCCC(CC)CO.Nc1ncnc2c1ncn2[C@@H]1O[C@H](CSCC[C@H](N)C(=O)O)[C@@H](O)[C@H]1O,CCC(CC)CO.C[S+](CC[C@H](N)C(=O)O)C[C@H]1O[C@@H](n2cnc3c(N)ncnc32)[C@H](O)[C@@H]1O >> CCCC(CC)CO.Nc1ncnc2c1ncn2[C@@H]1O[C@H](CSCC[C@H](N)C(=O)O)[C@@H](O)[C@H]1O,rule0043_12,No_Thermo,"(1, 1)","(1, 1)",Enzymatic,2,2,CCC(CC)CO.C[S+](CC[C@H](N)C(=O)O)C[C@H]1O[C@@H](n2cnc3c(N)ncnc32)[C@H](O)[C@@H]1O>>CCCC(CC)CO.Nc1ncnc2c1ncn2[C@@H]1O[C@H](CSCC[C@H](N)C(=O)O)[C@@H](O)[C@H]1O,0.7267177,1
CCC(CC)COC(=O)CN[P@](=O)(OC[C@H]1O[C@@](C#N)(c2cc(C)c3c(N)ncnn23)[C@H](O)[C@@H]1O)Oc1ccccc1.O,CCC(CC)COC(=O)CN[P@](=O)(O)Oc1ccccc1.Cc1cc([C@]2(C#N)O[C@H](CO)[C@@H](O)[C@H]2O)n2ncnc(N)c12,CCC(CC)COC(=O)CN[P@](=O)(OC[C@H]1O[C@@](C#N)(c2cc(C)c3c(N)ncnn23)[C@H](O)[C@@H]1O)Oc1ccccc1.O >> CCC(CC)COC(=O)CN[P@](=O)(O)Oc1ccccc1.Cc1cc([C@]2(C#N)O[C@H](CO)[C@@H](O)[C@H]2O)n2ncnc(N)c12,rule0007_203,No_Thermo,"(1, 1)","(1, 1)",Enzymatic,2,2,CCC(CC)COC(=O)CN[P@](=O)(OC[C@H]1O[C@@](C#N)(c2cc(C)c3c(N)ncnn23)[C@H](O)[C@@H]1O)Oc1ccccc1.O>>CCC(CC)COC(=O)CN[P@](=O)(O)Oc1ccccc1.Cc1cc([C@]2(C#N)O[C@H](CO)[C@@H](O)[C@H]2O)n2ncnc(N)c12,0.7247315,1
CCC(CC)COC(=O)CN[P@](=O)(OC[C@H]1O[C@@](C#N)(c2cc(C)c3c(N)ncnn23)[C@H](O)[C@@H]1O)Oc1ccccc1.O,CCC(CC)COC(=O)CN[P@](=O)(O)Oc1ccccc1.Cc1cc([C@]2(C#N)O[C@H](CO)[C@@H](O)[C@H]2O)n2ncnc(N)c12,CCC(CC)COC(=O)CN[P@](=O)(OC[C@H]1O[C@@](C#N)(c2cc(C)c3c(N)ncnn23)[C@H](O)[C@@H]1O)Oc1ccccc1.O >> CCC(CC)COC(=O)CN[P@](=O)(O)Oc1ccccc1.Cc1cc([C@]2(C#N)O[C@H](CO)[C@@H](O)[C@H]2O)n2ncnc(N)c12,rule0125_5,No_Thermo,"(1, 1)","(1, 1)",Enzymatic,2,2,CCC(CC)COC(=O)CN[P@](=O)(OC[C@H]1O[C@@](C#N)(c2cc(C)c3c(N)ncnn23)[C@H](O)[C@@H]1O)Oc1ccccc1.O>>CCC(CC)COC(=O)CN[P@](=O)(O)Oc1ccccc1.Cc1cc([C@]2(C#N)O[C@H](CO)[C@@H](O)[C@H]2O)n2ncnc(N)c12,0.7247315,1
CCC(CC)c1ccc(O[P@](=O)(N[C@@H](C)C(=O)OC)OC[C@H]2O[C@@](C#N)(c3ccc4c(N)ncnn34)[C@H](O)[C@@H]2O)cc1.NC(=O)C1=CN([C@@H]2O[C@H](COP(=O)(O)OP(=O)(O)OC[C@H]3O[C@@H](n4cnc5c(N)ncnc54)[C@H](OP(=O)(O)O)[C@@H]3O)[C@@H](O)[C@H]2O)C=CC1.O=O,CCC(CC)c1ccc(O[P@@](=O)(O)N[C@@H](C)C(=O)OC)cc1.N#C[C@@]1(c2ccc3c(N)ncnn23)O[C@H](C=O)[C@@H](O)[C@H]1O.NC(=O)c1ccc[n+]([C@@H]2O[C@H](COP(=O)(O)OP(=O)(O)OC[C@H]3O[C@@H](n4cnc5c(N)ncnc54)[C@H](OP(=O)(O)O)[C@@H]3O)[C@@H](O)[C@H]2O)c1.O,CCC(CC)c1ccc(O[P@](=O)(N[C@@H](C)C(=O)OC)OC[C@H]2O[C@@](C#N)(c3ccc4c(N)ncnn34)[C@H](O)[C@@H]2O)cc1.NC(=O)C1=CN([C@@H]2O[C@H](COP(=O)(O)OP(=O)(O)OC[C@H]3O[C@@H](n4cnc5c(N)ncnc54)[C@H](OP(=O)(O)O)[C@@H]3O)[C@@H](O)[C@H]2O)C=CC1.O=O >> CCC(CC)c1ccc(O[P@@](=O)(O)N[C@@H](C)C(=O)OC)cc1.N#C[C@@]1(c2ccc3c(N)ncnn23)O[C@H](C=O)[C@@H](O)[C@H]1O.NC(=O)c1ccc[n+]([C@@H]2O[C@H](COP(=O)(O)OP(=O)(O)OC[C@H]3O[C@@H](n4cnc5c(N)ncnc54)[C@H](OP(=O)(O)O)[C@@H]3O)[C@@H](O)[C@H]2O)c1.O,rule0491_2,No_Thermo,"(1, 1, 1)","(1, 1, 1, 1)",Enzymatic,3,4,CCC(CC)c1ccc(O[P@](=O)(N[C@@H](C)C(=O)OC)OC[C@H]2O[C@@](C#N)(c3ccc4c(N)ncnn34)[C@H](O)[C@@H]2O)cc1.NC(=O)C1=CN([C@@H]2O[C@H](COP(=O)(O)OP(=O)(O)OC[C@H]3O[C@@H](n4cnc5c(N)ncnc54)[C@H](OP(=O)(O)O)[C@@H]3O)[C@@H](O)[C@H]2O)C=CC1.O=O>>CCC(CC)c1ccc(O[P@@](=O)(O)N[C@@H](C)C(=O)OC)cc1.N#C[C@@]1(c2ccc3c(N)ncnn23)O[C@H](C=O)[C@@H](O)[C@H]1O.NC(=O)c1ccc[n+]([C@@H]2O[C@H](COP(=O)(O)OP(=O)(O)OC[C@H]3O[C@@H](n4cnc5c(N)ncnc54)[C@H](OP(=O)(O)O)[C@@H]3O)[C@@H](O)[C@H]2O)c1.O,0.7013708,1
CCC(CC)COC(=O)O.NC(=O)C1=CN([C@@H]2O[C@H](COP(=O)(O)OP(=O)(O)OC[C@H]3O[C@@H](n4cnc5c(N)ncnc54)[C@H](OP(=O)(O)O)[C@@H]3O)[C@@H](O)[C@H]2O)C=CC1.NC(=O)C1=CN([C@@H]2O[C@H](COP(=O)(O)OP(=O)(O)OC[C@H]3O[C@@H](n4cnc5c(N)ncnc54)[C@H](OP(=O)(O)O)[C@@H]3O)[C@@H](O)[C@H]2O)C=CC1,CCC(CC)COCO.NC(=O)c1ccc[n+]([C@@H]2O[C@H](COP(=O)(O)OP(=O)(O)OC[C@H]3O[C@@H](n4cnc5c(N)ncnc54)[C@H](OP(=O)(O)O)[C@@H]3O)[C@@H](O)[C@H]2O)c1.NC(=O)c1ccc[n+]([C@@H]2O[C@H](COP(=O)(O)OP(=O)(O)OC[C@H]3O[C@@H](n4cnc5c(N)ncnc54)[C@H](OP(=O)(O)O)[C@@H]3O)[C@@H](O)[C@H]2O)c1.O,CCC(CC)COC(=O)O.NC(=O)C1=CN([C@@H]2O[C@H](COP(=O)(O)OP(=O)(O)OC[C@H]3O[C@@H](n4cnc5c(N)ncnc54)[C@H](OP(=O)(O)O)[C@@H]3O)[C@@H](O)[C@H]2O)C=CC1.NC(=O)C1=CN([C@@H]2O[C@H](COP(=O)(O)OP(=O)(O)OC[C@H]3O[C@@H](n4cnc5c(N)ncnc54)[C@H](OP(=O)(O)O)[C@@H]3O)[C@@H](O)[C@H]2O)C=CC1 >> CCC(CC)COCO.NC(=O)c1ccc[n+]([C@@H]2O[C@H](COP(=O)(O)OP(=O)(O)OC[C@H]3O[C@@H](n4cnc5c(N)ncnc54)[C@H](OP(=O)(O)O)[C@@H]3O)[C@@H](O)[C@H]2O)c1.NC(=O)c1ccc[n+]([C@@H]2O[C@H](COP(=O)(O)OP(=O)(O)OC[C@H]3O[C@@H](n4cnc5c(N)ncnc54)[C@H](OP(=O)(O)O)[C@@H]3O)[C@@H](O)[C@H]2O)c1.O,rule0164_2,No_Thermo,"(1, 1, 1)","(1, 1, 1, 1)",Enzymatic,3,4,CCC(CC)COC(=O)O.NC(=O)C1=CN([C@@H]2O[C@H](COP(=O)(O)OP(=O)(O)OC[C@H]3O[C@@H](n4cnc5c(N)ncnc54)[C@H](OP(=O)(O)O)[C@@H]3O)[C@@H](O)[C@H]2O)C=CC1.NC(=O)C1=CN([C@@H]2O[C@H](COP(=O)(O)OP(=O)(O)OC[C@H]3O[C@@H](n4cnc5c(N)ncnc54)[C@H](OP(=O)(O)O)[C@@H]3O)[C@@H](O)[C@H]2O)C=CC1>>CCC(CC)COCO.NC(=O)c1ccc[n+]([C@@H]2O[C@H](COP(=O)(O)OP(=O)(O)OC[C@H]3O[C@@H](n4cnc5c(N)ncnc54)[C@H](OP(=O)(O)O)[C@@H]3O)[C@@H](O)[C@H]2O)c1.NC(=O)c1ccc[n+]([C@@H]2O[C@H](COP(=O)(O)OP(=O)(O)OC[C@H]3O[C@@H](n4cnc5c(N)ncnc54)[C@H](OP(=O)(O)O)[C@@H]3O)[C@@H](O)[C@H]2O)c1.O,0.70136946,1
CCCC(CC)OC(=O)[C@H](C)N[P@](=O)(OC[C@H]1O[C@@](C#N)(c2ccc3c(N)ncnn23)[C@H](O)[C@@H]1O)Oc1ccccc1.O=P(O)(O)O,CCCC(CC)OC(=O)[C@H](C)N[P@@](=O)(Oc1ccccc1)OP(=O)(O)O.N#C[C@@]1(c2ccc3c(N)ncnn23)O[C@H](CO)[C@@H](O)[C@H]1O,CCCC(CC)OC(=O)[C@H](C)N[P@](=O)(OC[C@H]1O[C@@](C#N)(c2ccc3c(N)ncnn23)[C@H](O)[C@@H]1O)Oc1ccccc1.O=P(O)(O)O >> CCCC(CC)OC(=O)[C@H](C)N[P@@](=O)(Oc1ccccc1)OP(=O)(O)O.N#C[C@@]1(c2ccc3c(N)ncnn23)O[C@H](CO)[C@@H](O)[C@H]1O,rule0768_2,No_Thermo,"(1, 1)","(1, 1)",Enzymatic,2,2,CCCC(CC)OC(=O)[C@H](C)N[P@](=O)(OC[C@H]1O[C@@](C#N)(c2ccc3c(N)ncnn23)[C@H](O)[C@@H]1O)Oc1ccccc1.O=P(O)(O)O>>CCCC(CC)OC(=O)[C@H](C)N[P@@](=O)(Oc1ccccc1)OP(=O)(O)O.N#C[C@@]1(c2ccc3c(N)ncnn23)O[C@H](CO)[C@@H](O)[C@H]1O,0.697679,1
NC(=O)C1=CN([C@@H]2O[C@H](COP(=O)(O)OP(=O)(O)OC[C@H]3O[C@@H](n4cnc5c(N)ncnc54)[C@H](OP(=O)(O)O)[C@@H]3O)[C@@H](O)[C@H]2O)C=CC1.O=O.Oc1ccccc1,NC(=O)c1ccc[n+]([C@@H]2O[C@H](COP(=O)(O)OP(=O)(O)OC[C@H]3O[C@@H](n4cnc5c(N)ncnc54)[C@H](OP(=O)(O)O)[C@@H]3O)[C@@H](O)[C@H]2O)c1.O.Oc1ccccc1O,NC(=O)C1=CN([C@@H]2O[C@H](COP(=O)(O)OP(=O)(O)OC[C@H]3O[C@@H](n4cnc5c(N)ncnc54)[C@H](OP(=O)(O)O)[C@@H]3O)[C@@H](O)[C@H]2O)C=CC1.O=O.Oc1ccccc1 >> NC(=O)c1ccc[n+]([C@@H]2O[C@H](COP(=O)(O)OP(=O)(O)OC[C@H]3O[C@@H](n4cnc5c(N)ncnc54)[C@H](OP(=O)(O)O)[C@@H]3O)[C@@H](O)[C@H]2O)c1.O.Oc1ccccc1O,rule0004_10,No_Thermo,"(1, 1, 1)","(1, 1, 1)",Enzymatic,3,3,NC(=O)C1=CN([C@@H]2O[C@H](COP(=O)(O)OP(=O)(O)OC[C@H]3O[C@@H](n4cnc5c(N)ncnc54)[C@H](OP(=O)(O)O)[C@@H]3O)[C@@H](O)[C@H]2O)C=CC1.O=O.Oc1ccccc1>>NC(=O)c1ccc[n+]([C@@H]2O[C@H](COP(=O)(O)OP(=O)(O)OC[C@H]3O[C@@H](n4cnc5c(N)ncnc54)[C@H](OP(=O)(O)O)[C@@H]3O)[C@@H](O)[C@H]2O)c1.O.Oc1ccccc1O,0.68874484,1
CCC(CC)COC(=O)CCN[P@](=O)(OC[C@H]1O[C@@](C#N)(c2ccc3c(N)ncnn23)[C@H](O)[C@@H]1O)Oc1ccccc1.O,CCC(CC)COC(=O)CCN[P@](=O)(O)Oc1ccccc1.N#C[C@@]1(c2ccc3c(N)ncnn23)O[C@H](CO)[C@@H](O)[C@H]1O,CCC(CC)COC(=O)CCN[P@](=O)(OC[C@H]1O[C@@](C#N)(c2ccc3c(N)ncnn23)[C@H](O)[C@@H]1O)Oc1ccccc1.O >> CCC(CC)COC(=O)CCN[P@](=O)(O)Oc1ccccc1.N#C[C@@]1(c2ccc3c(N)ncnn23)O[C@H](CO)[C@@H](O)[C@H]1O,rule0125_5,No_Thermo,"(1, 1)","(1, 1)",Enzymatic,2,2,CCC(CC)COC(=O)CCN[P@](=O)(OC[C@H]1O[C@@](C#N)(c2ccc3c(N)ncnn23)[C@H](O)[C@@H]1O)Oc1ccccc1.O>>CCC(CC)COC(=O)CCN[P@](=O)(O)Oc1ccccc1.N#C[C@@]1(c2ccc3c(N)ncnn23)O[C@H](CO)[C@@H](O)[C@H]1O,0.6873302,1
CCC(CC)COC(=O)CCN[P@](=O)(OC[C@H]1O[C@@](C#N)(c2ccc3c(N)ncnn23)[C@H](O)[C@@H]1O)Oc1ccccc1.O,CCC(CC)COC(=O)CCN[P@](=O)(O)Oc1ccccc1.N#C[C@@]1(c2ccc3c(N)ncnn23)O[C@H](CO)[C@@H](O)[C@H]1O,CCC(CC)COC(=O)CCN[P@](=O)(OC[C@H]1O[C@@](C#N)(c2ccc3c(N)ncnn23)[C@H](O)[C@@H]1O)Oc1ccccc1.O >> CCC(CC)COC(=O)CCN[P@](=O)(O)Oc1ccccc1.N#C[C@@]1(c2ccc3c(N)ncnn23)O[C@H](CO)[C@@H](O)[C@H]1O,rule0007_203,No_Thermo,"(1, 1)","(1, 1)",Enzymatic,2,2,CCC(CC)COC(=O)CCN[P@](=O)(OC[C@H]1O[C@@](C#N)(c2ccc3c(N)ncnn23)[C@H](O)[C@@H]1O)Oc1ccccc1.O>>CCC(CC)COC(=O)CCN[P@](=O)(O)Oc1ccccc1.N#C[C@@]1(c2ccc3c(N)ncnn23)O[C@H](CO)[C@@H](O)[C@H]1O,0.6873302,1
CCC(C)COC(=O)[C@H](C)N[P@](=O)(OC[C@H]1O[C@@](C#N)(c2c(C)cc3c(N)ncnn23)[C@H](O)[C@@H]1O)Oc1ccccc1.O,CCC(C)COC(=O)[C@H](C)N[P@](=O)(O)Oc1ccccc1.Cc1cc2c(N)ncnn2c1[C@]1(C#N)O[C@H](CO)[C@@H](O)[C@H]1O,CCC(C)COC(=O)[C@H](C)N[P@](=O)(OC[C@H]1O[C@@](C#N)(c2c(C)cc3c(N)ncnn23)[C@H](O)[C@@H]1O)Oc1ccccc1.O >> CCC(C)COC(=O)[C@H](C)N[P@](=O)(O)Oc1ccccc1.Cc1cc2c(N)ncnn2c1[C@]1(C#N)O[C@H](CO)[C@@H](O)[C@H]1O,rule0007_203,No_Thermo,"(1, 1)","(1, 1)",Enzymatic,2,2,CCC(C)COC(=O)[C@H](C)N[P@](=O)(OC[C@H]1O[C@@](C#N)(c2c(C)cc3c(N)ncnn23)[C@H](O)[C@@H]1O)Oc1ccccc1.O>>CCC(C)COC(=O)[C@H](C)N[P@](=O)(O)Oc1ccccc1.Cc1cc2c(N)ncnn2c1[C@]1(C#N)O[C@H](CO)[C@@H](O)[C@H]1O,0.686669,1
CCC(C)COC(=O)[C@H](C)N[P@](=O)(OC[C@H]1O[C@@](C#N)(c2c(C)cc3c(N)ncnn23)[C@H](O)[C@@H]1O)Oc1ccccc1.O,CCC(C)COC(=O)[C@H](C)N[P@](=O)(O)Oc1ccccc1.Cc1cc2c(N)ncnn2c1[C@]1(C#N)O[C@H](CO)[C@@H](O)[C@H]1O,CCC(C)COC(=O)[C@H](C)N[P@](=O)(OC[C@H]1O[C@@](C#N)(c2c(C)cc3c(N)ncnn23)[C@H](O)[C@@H]1O)Oc1ccccc1.O >> CCC(C)COC(=O)[C@H](C)N[P@](=O)(O)Oc1ccccc1.Cc1cc2c(N)ncnn2c1[C@]1(C#N)O[C@H](CO)[C@@H](O)[C@H]1O,rule0125_5,No_Thermo,"(1, 1)","(1, 1)",Enzymatic,2,2,CCC(C)COC(=O)[C@H](C)N[P@](=O)(OC[C@H]1O[C@@](C#N)(c2c(C)cc3c(N)ncnn23)[C@H](O)[C@@H]1O)Oc1ccccc1.O>>CCC(C)COC(=O)[C@H](C)N[P@](=O)(O)Oc1ccccc1.Cc1cc2c(N)ncnn2c1[C@]1(C#N)O[C@H](CO)[C@@H](O)[C@H]1O,0.686669,1
CCC(C)COC(=O)[C@H](C)N[P@](=O)(OC[C@H]1O[C@@](C#N)(c2cc(C)c3c(N)ncnn23)[C@H](O)[C@@H]1O)Oc1ccccc1.O=P(O)(O)O,CCC(C)COC(=O)[C@H](C)N[P@@](=O)(Oc1ccccc1)OP(=O)(O)O.Cc1cc([C@]2(C#N)O[C@H](CO)[C@@H](O)[C@H]2O)n2ncnc(N)c12,CCC(C)COC(=O)[C@H](C)N[P@](=O)(OC[C@H]1O[C@@](C#N)(c2cc(C)c3c(N)ncnn23)[C@H](O)[C@@H]1O)Oc1ccccc1.O=P(O)(O)O >> CCC(C)COC(=O)[C@H](C)N[P@@](=O)(Oc1ccccc1)OP(=O)(O)O.Cc1cc([C@]2(C#N)O[C@H](CO)[C@@H](O)[C@H]2O)n2ncnc(N)c12,rule0768_2,No_Thermo,"(1, 1)","(1, 1)",Enzymatic,2,2,CCC(C)COC(=O)[C@H](C)N[P@](=O)(OC[C@H]1O[C@@](C#N)(c2cc(C)c3c(N)ncnn23)[C@H](O)[C@@H]1O)Oc1ccccc1.O=P(O)(O)O>>CCC(C)COC(=O)[C@H](C)N[P@@](=O)(Oc1ccccc1)OP(=O)(O)O.Cc1cc([C@]2(C#N)O[C@H](CO)[C@@H](O)[C@H]2O)n2ncnc(N)c12,0.6820391,1
CCC(C)COC(=O)[C@H](C)N[P@@](=O)(Oc1ccccc1)OC(C)[C@H]1O[C@@](C#N)(c2ccc3c(N)ncnn23)[C@H](O)[C@@H]1O.NC(=O)C1=CN([C@@H]2O[C@H](COP(=O)(O)OP(=O)(O)OC[C@H]3O[C@@H](n4cnc5c(N)ncnc54)[C@H](OP(=O)(O)O)[C@@H]3O)[C@@H](O)[C@H]2O)C=CC1.O=O,CC(=O)[C@H]1O[C@@](C#N)(c2ccc3c(N)ncnn23)[C@H](O)[C@@H]1O.CCC(C)COC(=O)[C@H](C)N[P@](=O)(O)Oc1ccccc1.NC(=O)c1ccc[n+]([C@@H]2O[C@H](COP(=O)(O)OP(=O)(O)OC[C@H]3O[C@@H](n4cnc5c(N)ncnc54)[C@H](OP(=O)(O)O)[C@@H]3O)[C@@H](O)[C@H]2O)c1.O,CCC(C)COC(=O)[C@H](C)N[P@@](=O)(Oc1ccccc1)OC(C)[C@H]1O[C@@](C#N)(c2ccc3c(N)ncnn23)[C@H](O)[C@@H]1O.NC(=O)C1=CN([C@@H]2O[C@H](COP(=O)(O)OP(=O)(O)OC[C@H]3O[C@@H](n4cnc5c(N)ncnc54)[C@H](OP(=O)(O)O)[C@@H]3O)[C@@H](O)[C@H]2O)C=CC1.O=O >> CC(=O)[C@H]1O[C@@](C#N)(c2ccc3c(N)ncnn23)[C@H](O)[C@@H]1O.CCC(C)COC(=O)[C@H](C)N[P@](=O)(O)Oc1ccccc1.NC(=O)c1ccc[n+]([C@@H]2O[C@H](COP(=O)(O)OP(=O)(O)OC[C@H]3O[C@@H](n4cnc5c(N)ncnc54)[C@H](OP(=O)(O)O)[C@@H]3O)[C@@H](O)[C@H]2O)c1.O,rule0491_2,No_Thermo,"(1, 1, 1)","(1, 1, 1, 1)",Enzymatic,3,4,CCC(C)COC(=O)[C@H](C)N[P@@](=O)(Oc1ccccc1)OC(C)[C@H]1O[C@@](C#N)(c2ccc3c(N)ncnn23)[C@H](O)[C@@H]1O.NC(=O)C1=CN([C@@H]2O[C@H](COP(=O)(O)OP(=O)(O)OC[C@H]3O[C@@H](n4cnc5c(N)ncnc54)[C@H](OP(=O)(O)O)[C@@H]3O)[C@@H](O)[C@H]2O)C=CC1.O=O>>CC(=O)[C@H]1O[C@@](C#N)(c2ccc3c(N)ncnn23)[C@H](O)[C@@H]1O.CCC(C)COC(=O)[C@H](C)N[P@](=O)(O)Oc1ccccc1.NC(=O)c1ccc[n+]([C@@H]2O[C@H](COP(=O)(O)OP(=O)(O)OC[C@H]3O[C@@H](n4cnc5c(N)ncnc54)[C@H](OP(=O)(O)O)[C@@H]3O)[C@@H](O)[C@H]2O)c1.O,0.6803793,1
CCC(CC)COC(O)[C@H](C)N[P@](=O)(OC[C@H]1O[C@@]2(C#N)c3c(cc4c(N)ncnn34)O[C@@H]2[C@@H]1O)Oc1ccccc1.O,CCC(CC)COC(O)[C@H](C)N[P@](=O)(O)Oc1ccccc1.N#C[C@@]12O[C@H](CO)[C@@H](O)[C@H]1Oc1cc3c(N)ncnn3c12,CCC(CC)COC(O)[C@H](C)N[P@](=O)(OC[C@H]1O[C@@]2(C#N)c3c(cc4c(N)ncnn34)O[C@@H]2[C@@H]1O)Oc1ccccc1.O >> CCC(CC)COC(O)[C@H](C)N[P@](=O)(O)Oc1ccccc1.N#C[C@@]12O[C@H](CO)[C@@H](O)[C@H]1Oc1cc3c(N)ncnn3c12,rule0007_203,No_Thermo,"(1, 1)","(1, 1)",Enzymatic,2,2,CCC(CC)COC(O)[C@H](C)N[P@](=O)(OC[C@H]1O[C@@]2(C#N)c3c(cc4c(N)ncnn34)O[C@@H]2[C@@H]1O)Oc1ccccc1.O>>CCC(CC)COC(O)[C@H](C)N[P@](=O)(O)Oc1ccccc1.N#C[C@@]12O[C@H](CO)[C@@H](O)[C@H]1Oc1cc3c(N)ncnn3c12,0.67957103,1
CCC(CC)COC(O)[C@H](C)N[P@](=O)(OC[C@H]1O[C@@]2(C#N)c3c(cc4c(N)ncnn34)O[C@@H]2[C@@H]1O)Oc1ccccc1.O,CCC(CC)COC(O)[C@H](C)N[P@](=O)(O)Oc1ccccc1.N#C[C@@]12O[C@H](CO)[C@@H](O)[C@H]1Oc1cc3c(N)ncnn3c12,CCC(CC)COC(O)[C@H](C)N[P@](=O)(OC[C@H]1O[C@@]2(C#N)c3c(cc4c(N)ncnn34)O[C@@H]2[C@@H]1O)Oc1ccccc1.O >> CCC(CC)COC(O)[C@H](C)N[P@](=O)(O)Oc1ccccc1.N#C[C@@]12O[C@H](CO)[C@@H](O)[C@H]1Oc1cc3c(N)ncnn3c12,rule0125_5,No_Thermo,"(1, 1)","(1, 1)",Enzymatic,2,2,CCC(CC)COC(O)[C@H](C)N[P@](=O)(OC[C@H]1O[C@@]2(C#N)c3c(cc4c(N)ncnn34)O[C@@H]2[C@@H]1O)Oc1ccccc1.O>>CCC(CC)COC(O)[C@H](C)N[P@](=O)(O)Oc1ccccc1.N#C[C@@]12O[C@H](CO)[C@@H](O)[C@H]1Oc1cc3c(N)ncnn3c12,0.67957103,1
CCC(CC)COC(O)[C@H](C)N[P@](=O)(OC[C@H]1O[C@@]2(C#N)c3cc(c4c(N)ncnn34)O[C@@H]2[C@@H]1O)Oc1ccccc1.O=P(O)(O)O,CCC(CC)COC(O)[C@H](C)N[P@@](=O)(Oc1ccccc1)OP(=O)(O)O.N#C[C@@]12O[C@H](CO)[C@@H](O)[C@H]1Oc1cc2n2ncnc(N)c12,CCC(CC)COC(O)[C@H](C)N[P@](=O)(OC[C@H]1O[C@@]2(C#N)c3cc(c4c(N)ncnn34)O[C@@H]2[C@@H]1O)Oc1ccccc1.O=P(O)(O)O >> CCC(CC)COC(O)[C@H](C)N[P@@](=O)(Oc1ccccc1)OP(=O)(O)O.N#C[C@@]12O[C@H](CO)[C@@H](O)[C@H]1Oc1cc2n2ncnc(N)c12,rule0768_2,No_Thermo,"(1, 1)","(1, 1)",Enzymatic,2,2,CCC(CC)COC(O)[C@H](C)N[P@](=O)(OC[C@H]1O[C@@]2(C#N)c3cc(c4c(N)ncnn34)O[C@@H]2[C@@H]1O)Oc1ccccc1.O=P(O)(O)O>>CCC(CC)COC(O)[C@H](C)N[P@@](=O)(Oc1ccccc1)OP(=O)(O)O.N#C[C@@]12O[C@H](CO)[C@@H](O)[C@H]1Oc1cc2n2ncnc(N)c12,0.6760778,1
CCC(CC)COC1=[N+]([P@](=O)(OC[C@H]2O[C@@](C#N)(c3ccc4c(N)ncnn34)[C@H](O)[C@@H]2O)Oc2ccccc2)[C@H]1C.O=P(O)(O)O,CCC(CC)COC1=[N+]([P@@](=O)(Oc2ccccc2)OP(=O)(O)O)[C@H]1C.N#C[C@@]1(c2ccc3c(N)ncnn23)O[C@H](CO)[C@@H](O)[C@H]1O,CCC(CC)COC1=[N+]([P@](=O)(OC[C@H]2O[C@@](C#N)(c3ccc4c(N)ncnn34)[C@H](O)[C@@H]2O)Oc2ccccc2)[C@H]1C.O=P(O)(O)O >> CCC(CC)COC1=[N+]([P@@](=O)(Oc2ccccc2)OP(=O)(O)O)[C@H]1C.N#C[C@@]1(c2ccc3c(N)ncnn23)O[C@H](CO)[C@@H](O)[C@H]1O,rule0768_2,No_Thermo,"(1, 1)","(1, 1)",Enzymatic,2,2,CCC(CC)COC1=[N+]([P@](=O)(OC[C@H]2O[C@@](C#N)(c3ccc4c(N)ncnn34)[C@H](O)[C@@H]2O)Oc2ccccc2)[C@H]1C.O=P(O)(O)O>>CCC(CC)COC1=[N+]([P@@](=O)(Oc2ccccc2)OP(=O)(O)O)[C@H]1C.N#C[C@@]1(c2ccc3c(N)ncnn23)O[C@H](CO)[C@@H](O)[C@H]1O,0.6740099,1
CCC(C=O)CC.NC(=O)C1=CN([C@@H]2O[C@H](COP(=O)(O)OP(=O)(O)OC[C@H]3O[C@@H](n4cnc5c(N)ncnc54)[C@H](OP(=O)(O)O)[C@@H]3O)[C@@H](O)[C@H]2O)C=CC1.O=O,CCC(C=O)C(C)O.NC(=O)c1ccc[n+]([C@@H]2O[C@H](COP(=O)(O)OP(=O)(O)OC[C@H]3O[C@@H](n4cnc5c(N)ncnc54)[C@H](OP(=O)(O)O)[C@@H]3O)[C@@H](O)[C@H]2O)c1.O,CCC(C=O)CC.NC(=O)C1=CN([C@@H]2O[C@H](COP(=O)(O)OP(=O)(O)OC[C@H]3O[C@@H](n4cnc5c(N)ncnc54)[C@H](OP(=O)(O)O)[C@@H]3O)[C@@H](O)[C@H]2O)C=CC1.O=O >> CCC(C=O)C(C)O.NC(=O)c1ccc[n+]([C@@H]2O[C@H](COP(=O)(O)OP(=O)(O)OC[C@H]3O[C@@H](n4cnc5c(N)ncnc54)[C@H](OP(=O)(O)O)[C@@H]3O)[C@@H](O)[C@H]2O)c1.O,rule0004_13,No_Thermo,"(1, 1, 1)","(1, 1, 1)",Enzymatic,3,3,CCC(C=O)CC.NC(=O)C1=CN([C@@H]2O[C@H](COP(=O)(O)OP(=O)(O)OC[C@H]3O[C@@H](n4cnc5c(N)ncnc54)[C@H](OP(=O)(O)O)[C@@H]3O)[C@@H](O)[C@H]2O)C=CC1.O=O>>CCC(C=O)C(C)O.NC(=O)c1ccc[n+]([C@@H]2O[C@H](COP(=O)(O)OP(=O)(O)OC[C@H]3O[C@@H](n4cnc5c(N)ncnc54)[C@H](OP(=O)(O)O)[C@@H]3O)[C@@H](O)[C@H]2O)c1.O,0.6694496,1
CCC(C=O)CC,CCCC(C)C=O,CCC(C=O)CC >> CCCC(C)C=O,rule0028_51,No_Thermo,"(1,)","(1,)",Enzymatic,1,1,CCC(C=O)CC>>CCCC(C)C=O,0.668898,1
CCC(CC)C(CC)OC(=O)[C@H](C)N[P@](=O)(OC[C@H]1O[C@@](C#N)(c2ccc3c(N)ncnn23)[C@H](O)[C@@H]1O)Oc1ccccc1.O=P(O)(O)O,CCC(CC)C(CC)OC(=O)[C@H](C)N[P@@](=O)(Oc1ccccc1)OP(=O)(O)O.N#C[C@@]1(c2ccc3c(N)ncnn23)O[C@H](CO)[C@@H](O)[C@H]1O,CCC(CC)C(CC)OC(=O)[C@H](C)N[P@](=O)(OC[C@H]1O[C@@](C#N)(c2ccc3c(N)ncnn23)[C@H](O)[C@@H]1O)Oc1ccccc1.O=P(O)(O)O >> CCC(CC)C(CC)OC(=O)[C@H](C)N[P@@](=O)(Oc1ccccc1)OP(=O)(O)O.N#C[C@@]1(c2ccc3c(N)ncnn23)O[C@H](CO)[C@@H](O)[C@H]1O,rule0768_2,No_Thermo,"(1, 1)","(1, 1)",Enzymatic,2,2,CCC(CC)C(CC)OC(=O)[C@H](C)N[P@](=O)(OC[C@H]1O[C@@](C#N)(c2ccc3c(N)ncnn23)[C@H](O)[C@@H]1O)Oc1ccccc1.O=P(O)(O)O>>CCC(CC)C(CC)OC(=O)[C@H](C)N[P@@](=O)(Oc1ccccc1)OP(=O)(O)O.N#C[C@@]1(c2ccc3c(N)ncnn23)O[C@H](CO)[C@@H](O)[C@H]1O,0.6685126,1
CCC(CCO)COC(=O)[C@H](C)N[P@](=O)(OC[C@H]1O[C@@](C#N)(c2ccc3c(N)ncnn23)[C@H](O)[C@@H]1O)Oc1ccccc1,CCC1CCO[P@](=O)(Oc2ccccc2)N[C@@H](C)C(=O)OC1.N#C[C@@]1(c2ccc3c(N)ncnn23)O[C@H](CO)[C@@H](O)[C@H]1O,CCC(CCO)COC(=O)[C@H](C)N[P@](=O)(OC[C@H]1O[C@@](C#N)(c2ccc3c(N)ncnn23)[C@H](O)[C@@H]1O)Oc1ccccc1 >> CCC1CCO[P@](=O)(Oc2ccccc2)N[C@@H](C)C(=O)OC1.N#C[C@@]1(c2ccc3c(N)ncnn23)O[C@H](CO)[C@@H](O)[C@H]1O,rule0549_1,No_Thermo,"(1,)","(1, 1)",Enzymatic,1,2,CCC(CCO)COC(=O)[C@H](C)N[P@](=O)(OC[C@H]1O[C@@](C#N)(c2ccc3c(N)ncnn23)[C@H](O)[C@@H]1O)Oc1ccccc1>>CCC1CCO[P@](=O)(Oc2ccccc2)N[C@@H](C)C(=O)OC1.N#C[C@@]1(c2ccc3c(N)ncnn23)O[C@H](CO)[C@@H](O)[C@H]1O,0.66322047,1
CCC(CC)COC(=O)O,CCC(COC)CC(=O)O,CCC(CC)COC(=O)O >> CCC(COC)CC(=O)O,rule0449_1,No_Thermo,"(1,)","(1,)",Enzymatic,1,1,CCC(CC)COC(=O)O>>CCC(COC)CC(=O)O,0.66226804,1
CCC(CC)COC(=O)[C@H](C)N[P@](=O)(O)Oc1ccccc1,CCC(CC)COC1=[N+]([P@](=O)(O)Oc2ccccc2)[C@H]1C.O,CCC(CC)COC(=O)[C@H](C)N[P@](=O)(O)Oc1ccccc1 >> CCC(CC)COC1=[N+]([P@](=O)(O)Oc2ccccc2)[C@H]1C.O,rule0339_1,No_Thermo,"(1,)","(1, 1)",Enzymatic,1,2,CCC(CC)COC(=O)[C@H](C)N[P@](=O)(O)Oc1ccccc1>>CCC(CC)COC1=[N+]([P@](=O)(O)Oc2ccccc2)[C@H]1C.O,0.6556114,1
CCC(CC)COC(=O)[C@H](C)N[P@@](=O)(Oc1ccccc1)OP(=O)(O)O.C[S+](CC[C@H](N)C(=O)O)C[C@H]1O[C@@H](n2cnc3c(N)ncnc32)[C@H](O)[C@@H]1O,CCC(CC)COC(=O)[C@H](CC)N[P@@](=O)(Oc1ccccc1)OP(=O)(O)O.Nc1ncnc2c1ncn2[C@@H]1O[C@H](CSCC[C@H](N)C(=O)O)[C@@H](O)[C@H]1O,CCC(CC)COC(=O)[C@H](C)N[P@@](=O)(Oc1ccccc1)OP(=O)(O)O.C[S+](CC[C@H](N)C(=O)O)C[C@H]1O[C@@H](n2cnc3c(N)ncnc32)[C@H](O)[C@@H]1O >> CCC(CC)COC(=O)[C@H](CC)N[P@@](=O)(Oc1ccccc1)OP(=O)(O)O.Nc1ncnc2c1ncn2[C@@H]1O[C@H](CSCC[C@H](N)C(=O)O)[C@@H](O)[C@H]1O,rule0043_12,No_Thermo,"(1, 1)","(1, 1)",Enzymatic,2,2,CCC(CC)COC(=O)[C@H](C)N[P@@](=O)(Oc1ccccc1)OP(=O)(O)O.C[S+](CC[C@H](N)C(=O)O)C[C@H]1O[C@@H](n2cnc3c(N)ncnc32)[C@H](O)[C@@H]1O>>CCC(CC)COC(=O)[C@H](CC)N[P@@](=O)(Oc1ccccc1)OP(=O)(O)O.Nc1ncnc2c1ncn2[C@@H]1O[C@H](CSCC[C@H](N)C(=O)O)[C@@H](O)[C@H]1O,0.6461539,1
CCC(CC)COC(=O)CN[P@](=O)(OC[C@H]1O[C@@](C#N)(c2ccc3c(N)ncnn23)[C@H](O)[C@@]1(C)O)Oc1ccccc1.NC(=O)C1=CN([C@@H]2O[C@H](COP(=O)(O)OP(=O)(O)OC[C@H]3O[C@@H](n4cnc5c(N)ncnc54)[C@H](OP(=O)(O)O)[C@@H]3O)[C@@H](O)[C@H]2O)C=CC1.O=O,CCC(CC)COC(=O)CN[P@](=O)(O)Oc1ccccc1.C[C@@]1(O)[C@@H](O)[C@](C#N)(c2ccc3c(N)ncnn23)O[C@@H]1C=O.NC(=O)c1ccc[n+]([C@@H]2O[C@H](COP(=O)(O)OP(=O)(O)OC[C@H]3O[C@@H](n4cnc5c(N)ncnc54)[C@H](OP(=O)(O)O)[C@@H]3O)[C@@H](O)[C@H]2O)c1.O,CCC(CC)COC(=O)CN[P@](=O)(OC[C@H]1O[C@@](C#N)(c2ccc3c(N)ncnn23)[C@H](O)[C@@]1(C)O)Oc1ccccc1.NC(=O)C1=CN([C@@H]2O[C@H](COP(=O)(O)OP(=O)(O)OC[C@H]3O[C@@H](n4cnc5c(N)ncnc54)[C@H](OP(=O)(O)O)[C@@H]3O)[C@@H](O)[C@H]2O)C=CC1.O=O >> CCC(CC)COC(=O)CN[P@](=O)(O)Oc1ccccc1.C[C@@]1(O)[C@@H](O)[C@](C#N)(c2ccc3c(N)ncnn23)O[C@@H]1C=O.NC(=O)c1ccc[n+]([C@@H]2O[C@H](COP(=O)(O)OP(=O)(O)OC[C@H]3O[C@@H](n4cnc5c(N)ncnc54)[C@H](OP(=O)(O)O)[C@@H]3O)[C@@H](O)[C@H]2O)c1.O,rule0491_2,No_Thermo,"(1, 1, 1)","(1, 1, 1, 1)",Enzymatic,3,4,CCC(CC)COC(=O)CN[P@](=O)(OC[C@H]1O[C@@](C#N)(c2ccc3c(N)ncnn23)[C@H](O)[C@@]1(C)O)Oc1ccccc1.NC(=O)C1=CN([C@@H]2O[C@H](COP(=O)(O)OP(=O)(O)OC[C@H]3O[C@@H](n4cnc5c(N)ncnc54)[C@H](OP(=O)(O)O)[C@@H]3O)[C@@H](O)[C@H]2O)C=CC1.O=O>>CCC(CC)COC(=O)CN[P@](=O)(O)Oc1ccccc1.C[C@@]1(O)[C@@H](O)[C@](C#N)(c2ccc3c(N)ncnn23)O[C@@H]1C=O.NC(=O)c1ccc[n+]([C@@H]2O[C@H](COP(=O)(O)OP(=O)(O)OC[C@H]3O[C@@H](n4cnc5c(N)ncnc54)[C@H](OP(=O)(O)O)[C@@H]3O)[C@@H](O)[C@H]2O)c1.O,0.6430852,1
CCC(CC)C1OC(O)[C@H](C)N[P@@](=O)(Oc2ccccc2)OC[C@H]2O[C@@](C#N)(c3ccc4c(N)ncnn34)[C@H](O)[C@@H]2O1.C[S+](CC[C@H](N)C(=O)O)C[C@H]1O[C@@H](n2cnc3c(N)ncnc32)[C@H](O)[C@@H]1O,CCC(CC)C1OC(OC)[C@H](C)N[P@@](=O)(Oc2ccccc2)OC[C@H]2O[C@@](C#N)(c3ccc4c(N)ncnn34)[C@H](O)[C@@H]2O1.Nc1ncnc2c1ncn2[C@@H]1O[C@H](CSCC[C@H](N)C(=O)O)[C@@H](O)[C@H]1O,CCC(CC)C1OC(O)[C@H](C)N[P@@](=O)(Oc2ccccc2)OC[C@H]2O[C@@](C#N)(c3ccc4c(N)ncnn34)[C@H](O)[C@@H]2O1.C[S+](CC[C@H](N)C(=O)O)C[C@H]1O[C@@H](n2cnc3c(N)ncnc32)[C@H](O)[C@@H]1O >> CCC(CC)C1OC(OC)[C@H](C)N[P@@](=O)(Oc2ccccc2)OC[C@H]2O[C@@](C#N)(c3ccc4c(N)ncnn34)[C@H](O)[C@@H]2O1.Nc1ncnc2c1ncn2[C@@H]1O[C@H](CSCC[C@H](N)C(=O)O)[C@@H](O)[C@H]1O,rule0011_51,No_Thermo,"(1, 1)","(1, 1)",Enzymatic,2,2,CCC(CC)C1OC(O)[C@H](C)N[P@@](=O)(Oc2ccccc2)OC[C@H]2O[C@@](C#N)(c3ccc4c(N)ncnn34)[C@H](O)[C@@H]2O1.C[S+](CC[C@H](N)C(=O)O)C[C@H]1O[C@@H](n2cnc3c(N)ncnc32)[C@H](O)[C@@H]1O>>CCC(CC)C1OC(OC)[C@H](C)N[P@@](=O)(Oc2ccccc2)OC[C@H]2O[C@@](C#N)(c3ccc4c(N)ncnn34)[C@H](O)[C@@H]2O1.Nc1ncnc2c1ncn2[C@@H]1O[C@H](CSCC[C@H](N)C(=O)O)[C@@H](O)[C@H]1O,0.64096946,1
CCC(CC)COC(=O)[C@H](CC)N[P@](=O)(OC[C@H]1O[C@@](C#N)(c2ccc3c(N)ncnn23)[C@H](O)[C@@H]1O)Oc1ccccc1.NC(=O)C1=CN([C@@H]2O[C@H](COP(=O)(O)OP(=O)(O)OC[C@H]3O[C@@H](n4cnc5c(N)ncnc54)[C@H](OP(=O)(O)O)[C@@H]3O)[C@@H](O)[C@H]2O)C=CC1.O=O,CCC(CC)COC(=O)[C@H](CC)N[P@](=O)(O)Oc1ccccc1.N#C[C@@]1(c2ccc3c(N)ncnn23)O[C@H](C=O)[C@@H](O)[C@H]1O.NC(=O)c1ccc[n+]([C@@H]2O[C@H](COP(=O)(O)OP(=O)(O)OC[C@H]3O[C@@H](n4cnc5c(N)ncnc54)[C@H](OP(=O)(O)O)[C@@H]3O)[C@@H](O)[C@H]2O)c1.O,CCC(CC)COC(=O)[C@H](CC)N[P@](=O)(OC[C@H]1O[C@@](C#N)(c2ccc3c(N)ncnn23)[C@H](O)[C@@H]1O)Oc1ccccc1.NC(=O)C1=CN([C@@H]2O[C@H](COP(=O)(O)OP(=O)(O)OC[C@H]3O[C@@H](n4cnc5c(N)ncnc54)[C@H](OP(=O)(O)O)[C@@H]3O)[C@@H](O)[C@H]2O)C=CC1.O=O >> CCC(CC)COC(=O)[C@H](CC)N[P@](=O)(O)Oc1ccccc1.N#C[C@@]1(c2ccc3c(N)ncnn23)O[C@H](C=O)[C@@H](O)[C@H]1O.NC(=O)c1ccc[n+]([C@@H]2O[C@H](COP(=O)(O)OP(=O)(O)OC[C@H]3O[C@@H](n4cnc5c(N)ncnc54)[C@H](OP(=O)(O)O)[C@@H]3O)[C@@H](O)[C@H]2O)c1.O,rule0491_2,No_Thermo,"(1, 1, 1)","(1, 1, 1, 1)",Enzymatic,3,4,CCC(CC)COC(=O)[C@H](CC)N[P@](=O)(OC[C@H]1O[C@@](C#N)(c2ccc3c(N)ncnn23)[C@H](O)[C@@H]1O)Oc1ccccc1.NC(=O)C1=CN([C@@H]2O[C@H](COP(=O)(O)OP(=O)(O)OC[C@H]3O[C@@H](n4cnc5c(N)ncnc54)[C@H](OP(=O)(O)O)[C@@H]3O)[C@@H](O)[C@H]2O)C=CC1.O=O>>CCC(CC)COC(=O)[C@H](CC)N[P@](=O)(O)Oc1ccccc1.N#C[C@@]1(c2ccc3c(N)ncnn23)O[C@H](C=O)[C@@H](O)[C@H]1O.NC(=O)c1ccc[n+]([C@@H]2O[C@H](COP(=O)(O)OP(=O)(O)OC[C@H]3O[C@@H](n4cnc5c(N)ncnc54)[C@H](OP(=O)(O)O)[C@@H]3O)[C@@H](O)[C@H]2O)c1.O,0.6384489,1
CCC(CC)COC(=O)CN[P@](=O)(OC[C@]1(C)O[C@@](C#N)(c2ccc3c(N)ncnn23)[C@H](O)[C@@H]1O)Oc1ccccc1.NC(=O)C1=CN([C@@H]2O[C@H](COP(=O)(O)OP(=O)(O)OC[C@H]3O[C@@H](n4cnc5c(N)ncnc54)[C@H](OP(=O)(O)O)[C@@H]3O)[C@@H](O)[C@H]2O)C=CC1.O=O,CCC(CC)COC(=O)CN[P@](=O)(O)Oc1ccccc1.C[C@@]1(C=O)O[C@@](C#N)(c2ccc3c(N)ncnn23)[C@H](O)[C@@H]1O.NC(=O)c1ccc[n+]([C@@H]2O[C@H](COP(=O)(O)OP(=O)(O)OC[C@H]3O[C@@H](n4cnc5c(N)ncnc54)[C@H](OP(=O)(O)O)[C@@H]3O)[C@@H](O)[C@H]2O)c1.O,CCC(CC)COC(=O)CN[P@](=O)(OC[C@]1(C)O[C@@](C#N)(c2ccc3c(N)ncnn23)[C@H](O)[C@@H]1O)Oc1ccccc1.NC(=O)C1=CN([C@@H]2O[C@H](COP(=O)(O)OP(=O)(O)OC[C@H]3O[C@@H](n4cnc5c(N)ncnc54)[C@H](OP(=O)(O)O)[C@@H]3O)[C@@H](O)[C@H]2O)C=CC1.O=O >> CCC(CC)COC(=O)CN[P@](=O)(O)Oc1ccccc1.C[C@@]1(C=O)O[C@@](C#N)(c2ccc3c(N)ncnn23)[C@H](O)[C@@H]1O.NC(=O)c1ccc[n+]([C@@H]2O[C@H](COP(=O)(O)OP(=O)(O)OC[C@H]3O[C@@H](n4cnc5c(N)ncnc54)[C@H](OP(=O)(O)O)[C@@H]3O)[C@@H](O)[C@H]2O)c1.O,rule0491_2,No_Thermo,"(1, 1, 1)","(1, 1, 1, 1)",Enzymatic,3,4,CCC(CC)COC(=O)CN[P@](=O)(OC[C@]1(C)O[C@@](C#N)(c2ccc3c(N)ncnn23)[C@H](O)[C@@H]1O)Oc1ccccc1.NC(=O)C1=CN([C@@H]2O[C@H](COP(=O)(O)OP(=O)(O)OC[C@H]3O[C@@H](n4cnc5c(N)ncnc54)[C@H](OP(=O)(O)O)[C@@H]3O)[C@@H](O)[C@H]2O)C=CC1.O=O>>CCC(CC)COC(=O)CN[P@](=O)(O)Oc1ccccc1.C[C@@]1(C=O)O[C@@](C#N)(c2ccc3c(N)ncnn23)[C@H](O)[C@@H]1O.NC(=O)c1ccc[n+]([C@@H]2O[C@H](COP(=O)(O)OP(=O)(O)OC[C@H]3O[C@@H](n4cnc5c(N)ncnc54)[C@H](OP(=O)(O)O)[C@@H]3O)[C@@H](O)[C@H]2O)c1.O,0.63719654,1
CCC(CC)COC(=O)CN[P@@](=O)(Oc1ccccc1)OC(C)[C@H]1O[C@@](C#N)(c2ccc3c(N)ncnn23)[C@H](O)[C@@H]1O.O,CC(O)[C@H]1O[C@@](C#N)(c2ccc3c(N)ncnn23)[C@H](O)[C@@H]1O.CCC(CC)COC(=O)CN[P@](=O)(O)Oc1ccccc1,CCC(CC)COC(=O)CN[P@@](=O)(Oc1ccccc1)OC(C)[C@H]1O[C@@](C#N)(c2ccc3c(N)ncnn23)[C@H](O)[C@@H]1O.O >> CC(O)[C@H]1O[C@@](C#N)(c2ccc3c(N)ncnn23)[C@H](O)[C@@H]1O.CCC(CC)COC(=O)CN[P@](=O)(O)Oc1ccccc1,rule0007_192,No_Thermo,"(1, 1)","(1, 1)",Enzymatic,2,2,CCC(CC)COC(=O)CN[P@@](=O)(Oc1ccccc1)OC(C)[C@H]1O[C@@](C#N)(c2ccc3c(N)ncnn23)[C@H](O)[C@@H]1O.O>>CC(O)[C@H]1O[C@@](C#N)(c2ccc3c(N)ncnn23)[C@H](O)[C@@H]1O.CCC(CC)COC(=O)CN[P@](=O)(O)Oc1ccccc1,0.6365243,1
CCC(CC)COC(=O)CN[P@@](=O)(Oc1ccccc1)OC(C)[C@H]1O[C@@](C#N)(c2ccc3c(N)ncnn23)[C@H](O)[C@@H]1O.O,CC(O)[C@H]1O[C@@](C#N)(c2ccc3c(N)ncnn23)[C@H](O)[C@@H]1O.CCC(CC)COC(=O)CN[P@](=O)(O)Oc1ccccc1,CCC(CC)COC(=O)CN[P@@](=O)(Oc1ccccc1)OC(C)[C@H]1O[C@@](C#N)(c2ccc3c(N)ncnn23)[C@H](O)[C@@H]1O.O >> CC(O)[C@H]1O[C@@](C#N)(c2ccc3c(N)ncnn23)[C@H](O)[C@@H]1O.CCC(CC)COC(=O)CN[P@](=O)(O)Oc1ccccc1,rule0125_5,No_Thermo,"(1, 1)","(1, 1)",Enzymatic,2,2,CCC(CC)COC(=O)CN[P@@](=O)(Oc1ccccc1)OC(C)[C@H]1O[C@@](C#N)(c2ccc3c(N)ncnn23)[C@H](O)[C@@H]1O.O>>CC(O)[C@H]1O[C@@](C#N)(c2ccc3c(N)ncnn23)[C@H](O)[C@@H]1O.CCC(CC)COC(=O)CN[P@](=O)(O)Oc1ccccc1,0.6365243,1
CCC(C=O)CC,CCC(C)(C)C=O,CCC(C=O)CC >> CCC(C)(C)C=O,rule0028_51,No_Thermo,"(1,)","(1,)",Enzymatic,1,1,CCC(C=O)CC>>CCC(C)(C)C=O,0.6318429,1
CCC(COC(=O)CN[P@](=O)(OC[C@H]1O[C@@](C#N)(c2ccc3c(N)ncnn23)[C@H](O)[C@@H]1O)Oc1ccccc1)C(C)C.O=P(O)(O)O,CCC(COC(=O)CN[P@@](=O)(Oc1ccccc1)OP(=O)(O)O)C(C)C.N#C[C@@]1(c2ccc3c(N)ncnn23)O[C@H](CO)[C@@H](O)[C@H]1O,CCC(COC(=O)CN[P@](=O)(OC[C@H]1O[C@@](C#N)(c2ccc3c(N)ncnn23)[C@H](O)[C@@H]1O)Oc1ccccc1)C(C)C.O=P(O)(O)O >> CCC(COC(=O)CN[P@@](=O)(Oc1ccccc1)OP(=O)(O)O)C(C)C.N#C[C@@]1(c2ccc3c(N)ncnn23)O[C@H](CO)[C@@H](O)[C@H]1O,rule0768_2,No_Thermo,"(1, 1)","(1, 1)",Enzymatic,2,2,CCC(COC(=O)CN[P@](=O)(OC[C@H]1O[C@@](C#N)(c2ccc3c(N)ncnn23)[C@H](O)[C@@H]1O)Oc1ccccc1)C(C)C.O=P(O)(O)O>>CCC(COC(=O)CN[P@@](=O)(Oc1ccccc1)OP(=O)(O)O)C(C)C.N#C[C@@]1(c2ccc3c(N)ncnn23)O[C@H](CO)[C@@H](O)[C@H]1O,0.6311694,1
CCC(CC)COC(=O)[C@H](C)N[P@@](=O)(Oc1ccccc1)OP(=O)(O)O.C[S+](CC[C@H](N)C(=O)O)C[C@H]1O[C@@H](n2cnc3c(N)ncnc32)[C@H](O)[C@@H]1O,CCC(CC)COC(=O)C(C)(C)N[P@@](=O)(Oc1ccccc1)OP(=O)(O)O.Nc1ncnc2c1ncn2[C@@H]1O[C@H](CSCC[C@H](N)C(=O)O)[C@@H](O)[C@H]1O,CCC(CC)COC(=O)[C@H](C)N[P@@](=O)(Oc1ccccc1)OP(=O)(O)O.C[S+](CC[C@H](N)C(=O)O)C[C@H]1O[C@@H](n2cnc3c(N)ncnc32)[C@H](O)[C@@H]1O >> CCC(CC)COC(=O)C(C)(C)N[P@@](=O)(Oc1ccccc1)OP(=O)(O)O.Nc1ncnc2c1ncn2[C@@H]1O[C@H](CSCC[C@H](N)C(=O)O)[C@@H](O)[C@H]1O,rule0043_12,No_Thermo,"(1, 1)","(1, 1)",Enzymatic,2,2,CCC(CC)COC(=O)[C@H](C)N[P@@](=O)(Oc1ccccc1)OP(=O)(O)O.C[S+](CC[C@H](N)C(=O)O)C[C@H]1O[C@@H](n2cnc3c(N)ncnc32)[C@H](O)[C@@H]1O>>CCC(CC)COC(=O)C(C)(C)N[P@@](=O)(Oc1ccccc1)OP(=O)(O)O.Nc1ncnc2c1ncn2[C@@H]1O[C@H](CSCC[C@H](N)C(=O)O)[C@@H](O)[C@H]1O,0.6280185,1
CCCCOC(=O)[C@H](C)N[P@@](=O)(Oc1ccccc1)OC(CC)[C@H]1O[C@@](C#N)(c2ccc3c(N)ncnn23)[C@H](O)[C@@H]1O.O=P(O)(O)O,CCC(O)[C@H]1O[C@@](C#N)(c2ccc3c(N)ncnn23)[C@H](O)[C@@H]1O.CCCCOC(=O)[C@H](C)N[P@@](=O)(Oc1ccccc1)OP(=O)(O)O,CCCCOC(=O)[C@H](C)N[P@@](=O)(Oc1ccccc1)OC(CC)[C@H]1O[C@@](C#N)(c2ccc3c(N)ncnn23)[C@H](O)[C@@H]1O.O=P(O)(O)O >> CCC(O)[C@H]1O[C@@](C#N)(c2ccc3c(N)ncnn23)[C@H](O)[C@@H]1O.CCCCOC(=O)[C@H](C)N[P@@](=O)(Oc1ccccc1)OP(=O)(O)O,rule0768_2,No_Thermo,"(1, 1)","(1, 1)",Enzymatic,2,2,CCCCOC(=O)[C@H](C)N[P@@](=O)(Oc1ccccc1)OC(CC)[C@H]1O[C@@](C#N)(c2ccc3c(N)ncnn23)[C@H](O)[C@@H]1O.O=P(O)(O)O>>CCC(O)[C@H]1O[C@@](C#N)(c2ccc3c(N)ncnn23)[C@H](O)[C@@H]1O.CCCCOC(=O)[C@H](C)N[P@@](=O)(Oc1ccccc1)OP(=O)(O)O,0.6279908,1
CCC(C)(C)COC(=O)[C@H](C)N[P@](=O)(OC[C@H]1O[C@@](C#N)(c2ccc3c(N)ncnn23)[C@H](O)[C@@H]1O)Oc1ccccc1.NC(=O)C1=CN([C@@H]2O[C@H](COP(=O)(O)OP(=O)(O)OC[C@H]3O[C@@H](n4cnc5c(N)ncnc54)[C@H](OP(=O)(O)O)[C@@H]3O)[C@@H](O)[C@H]2O)C=CC1.O=O,CCC(C)(C)COC(=O)[C@H](C)N[P@](=O)(O)Oc1ccccc1.N#C[C@@]1(c2ccc3c(N)ncnn23)O[C@H](C=O)[C@@H](O)[C@H]1O.NC(=O)c1ccc[n+]([C@@H]2O[C@H](COP(=O)(O)OP(=O)(O)OC[C@H]3O[C@@H](n4cnc5c(N)ncnc54)[C@H](OP(=O)(O)O)[C@@H]3O)[C@@H](O)[C@H]2O)c1.O,CCC(C)(C)COC(=O)[C@H](C)N[P@](=O)(OC[C@H]1O[C@@](C#N)(c2ccc3c(N)ncnn23)[C@H](O)[C@@H]1O)Oc1ccccc1.NC(=O)C1=CN([C@@H]2O[C@H](COP(=O)(O)OP(=O)(O)OC[C@H]3O[C@@H](n4cnc5c(N)ncnc54)[C@H](OP(=O)(O)O)[C@@H]3O)[C@@H](O)[C@H]2O)C=CC1.O=O >> CCC(C)(C)COC(=O)[C@H](C)N[P@](=O)(O)Oc1ccccc1.N#C[C@@]1(c2ccc3c(N)ncnn23)O[C@H](C=O)[C@@H](O)[C@H]1O.NC(=O)c1ccc[n+]([C@@H]2O[C@H](COP(=O)(O)OP(=O)(O)OC[C@H]3O[C@@H](n4cnc5c(N)ncnc54)[C@H](OP(=O)(O)O)[C@@H]3O)[C@@H](O)[C@H]2O)c1.O,rule0491_2,No_Thermo,"(1, 1, 1)","(1, 1, 1, 1)",Enzymatic,3,4,CCC(C)(C)COC(=O)[C@H](C)N[P@](=O)(OC[C@H]1O[C@@](C#N)(c2ccc3c(N)ncnn23)[C@H](O)[C@@H]1O)Oc1ccccc1.NC(=O)C1=CN([C@@H]2O[C@H](COP(=O)(O)OP(=O)(O)OC[C@H]3O[C@@H](n4cnc5c(N)ncnc54)[C@H](OP(=O)(O)O)[C@@H]3O)[C@@H](O)[C@H]2O)C=CC1.O=O>>CCC(C)(C)COC(=O)[C@H](C)N[P@](=O)(O)Oc1ccccc1.N#C[C@@]1(c2ccc3c(N)ncnn23)O[C@H](C=O)[C@@H](O)[C@H]1O.NC(=O)c1ccc[n+]([C@@H]2O[C@H](COP(=O)(O)OP(=O)(O)OC[C@H]3O[C@@H](n4cnc5c(N)ncnc54)[C@H](OP(=O)(O)O)[C@@H]3O)[C@@H](O)[C@H]2O)c1.O,0.62554675,1
CCC(CC)COC(=O)CCN[P@](=O)(OC[C@H]1O[C@@](C#N)(c2ccc3c(N)ncnn23)[C@H](O)[C@@H]1O)Oc1ccccc1.NC(=O)C1=CN([C@@H]2O[C@H](COP(=O)(O)OP(=O)(O)OC[C@H]3O[C@@H](n4cnc5c(N)ncnc54)[C@H](OP(=O)(O)O)[C@@H]3O)[C@@H](O)[C@H]2O)C=CC1.O=O,CCC(CC)COC(=O)CCN[P@](=O)(O)Oc1ccccc1.N#C[C@@]1(c2ccc3c(N)ncnn23)O[C@H](C=O)[C@@H](O)[C@H]1O.NC(=O)c1ccc[n+]([C@@H]2O[C@H](COP(=O)(O)OP(=O)(O)OC[C@H]3O[C@@H](n4cnc5c(N)ncnc54)[C@H](OP(=O)(O)O)[C@@H]3O)[C@@H](O)[C@H]2O)c1.O,CCC(CC)COC(=O)CCN[P@](=O)(OC[C@H]1O[C@@](C#N)(c2ccc3c(N)ncnn23)[C@H](O)[C@@H]1O)Oc1ccccc1.NC(=O)C1=CN([C@@H]2O[C@H](COP(=O)(O)OP(=O)(O)OC[C@H]3O[C@@H](n4cnc5c(N)ncnc54)[C@H](OP(=O)(O)O)[C@@H]3O)[C@@H](O)[C@H]2O)C=CC1.O=O >> CCC(CC)COC(=O)CCN[P@](=O)(O)Oc1ccccc1.N#C[C@@]1(c2ccc3c(N)ncnn23)O[C@H](C=O)[C@@H](O)[C@H]1O.NC(=O)c1ccc[n+]([C@@H]2O[C@H](COP(=O)(O)OP(=O)(O)OC[C@H]3O[C@@H](n4cnc5c(N)ncnc54)[C@H](OP(=O)(O)O)[C@@H]3O)[C@@H](O)[C@H]2O)c1.O,rule0491_2,No_Thermo,"(1, 1, 1)","(1, 1, 1, 1)",Enzymatic,3,4,CCC(CC)COC(=O)CCN[P@](=O)(OC[C@H]1O[C@@](C#N)(c2ccc3c(N)ncnn23)[C@H](O)[C@@H]1O)Oc1ccccc1.NC(=O)C1=CN([C@@H]2O[C@H](COP(=O)(O)OP(=O)(O)OC[C@H]3O[C@@H](n4cnc5c(N)ncnc54)[C@H](OP(=O)(O)O)[C@@H]3O)[C@@H](O)[C@H]2O)C=CC1.O=O>>CCC(CC)COC(=O)CCN[P@](=O)(O)Oc1ccccc1.N#C[C@@]1(c2ccc3c(N)ncnn23)O[C@H](C=O)[C@@H](O)[C@H]1O.NC(=O)c1ccc[n+]([C@@H]2O[C@H](COP(=O)(O)OP(=O)(O)OC[C@H]3O[C@@H](n4cnc5c(N)ncnc54)[C@H](OP(=O)(O)O)[C@@H]3O)[C@@H](O)[C@H]2O)c1.O,0.62548673,1
CCC(CC)COC(O)[C@H](C)N[P@](=O)(OC[C@H]1O[C@@]2(C#N)c3cc(c4c(N)ncnn34)O[C@@H]2[C@@H]1O)Oc1ccccc1,CCC(CC)COC1O[P@](=O)(Oc2ccccc2)N[C@H]1C.N#C[C@@]12O[C@H](CO)[C@@H](O)[C@H]1Oc1cc2n2ncnc(N)c12,CCC(CC)COC(O)[C@H](C)N[P@](=O)(OC[C@H]1O[C@@]2(C#N)c3cc(c4c(N)ncnn34)O[C@@H]2[C@@H]1O)Oc1ccccc1 >> CCC(CC)COC1O[P@](=O)(Oc2ccccc2)N[C@H]1C.N#C[C@@]12O[C@H](CO)[C@@H](O)[C@H]1Oc1cc2n2ncnc(N)c12,rule0549_1,No_Thermo,"(1,)","(1, 1)",Enzymatic,1,2,CCC(CC)COC(O)[C@H](C)N[P@](=O)(OC[C@H]1O[C@@]2(C#N)c3cc(c4c(N)ncnn34)O[C@@H]2[C@@H]1O)Oc1ccccc1>>CCC(CC)COC1O[P@](=O)(Oc2ccccc2)N[C@H]1C.N#C[C@@]12O[C@H](CO)[C@@H](O)[C@H]1Oc1cc2n2ncnc(N)c12,0.62208116,1
CCC(COC(=O)[C@H](C)N[P@](=O)(OC[C@H]1O[C@@](C#N)(c2ccc3c(N)ncnn23)[C@H](O)[C@@H]1O)Oc1ccccc1)C(C)C(=O)O,CCC1COC(=O)[C@H](C)N[P@@](=O)(Oc2ccccc2)OC(=O)C1C.N#C[C@@]1(c2ccc3c(N)ncnn23)O[C@H](CO)[C@@H](O)[C@H]1O,CCC(COC(=O)[C@H](C)N[P@](=O)(OC[C@H]1O[C@@](C#N)(c2ccc3c(N)ncnn23)[C@H](O)[C@@H]1O)Oc1ccccc1)C(C)C(=O)O >> CCC1COC(=O)[C@H](C)N[P@@](=O)(Oc2ccccc2)OC(=O)C1C.N#C[C@@]1(c2ccc3c(N)ncnn23)O[C@H](CO)[C@@H](O)[C@H]1O,rule0549_1,No_Thermo,"(1,)","(1, 1)",Enzymatic,1,2,CCC(COC(=O)[C@H](C)N[P@](=O)(OC[C@H]1O[C@@](C#N)(c2ccc3c(N)ncnn23)[C@H](O)[C@@H]1O)Oc1ccccc1)C(C)C(=O)O>>CCC1COC(=O)[C@H](C)N[P@@](=O)(Oc2ccccc2)OC(=O)C1C.N#C[C@@]1(c2ccc3c(N)ncnn23)O[C@H](CO)[C@@H](O)[C@H]1O,0.6199727,1
CCc1nc(N)c2ccc([C@]3(C#N)O[C@H](CO[P@@](=O)(N[C@@H](C)C(=O)OCC(CC)CC)Oc4ccccc4)[C@@H](O)[C@H]3O)n2n1.O,CCC(CC)COC(=O)[C@H](C)N[P@](=O)(O)Oc1ccccc1.CCc1nc(N)c2ccc([C@]3(C#N)O[C@H](CO)[C@@H](O)[C@H]3O)n2n1,CCc1nc(N)c2ccc([C@]3(C#N)O[C@H](CO[P@@](=O)(N[C@@H](C)C(=O)OCC(CC)CC)Oc4ccccc4)[C@@H](O)[C@H]3O)n2n1.O >> CCC(CC)COC(=O)[C@H](C)N[P@](=O)(O)Oc1ccccc1.CCc1nc(N)c2ccc([C@]3(C#N)O[C@H](CO)[C@@H](O)[C@H]3O)n2n1,rule0125_5,No_Thermo,"(1, 1)","(1, 1)",Enzymatic,2,2,CCc1nc(N)c2ccc([C@]3(C#N)O[C@H](CO[P@@](=O)(N[C@@H](C)C(=O)OCC(CC)CC)Oc4ccccc4)[C@@H](O)[C@H]3O)n2n1.O>>CCC(CC)COC(=O)[C@H](C)N[P@](=O)(O)Oc1ccccc1.CCc1nc(N)c2ccc([C@]3(C#N)O[C@H](CO)[C@@H](O)[C@H]3O)n2n1,0.61910886,1
CCc1nc(N)c2ccc([C@]3(C#N)O[C@H](CO[P@@](=O)(N[C@@H](C)C(=O)OCC(CC)CC)Oc4ccccc4)[C@@H](O)[C@H]3O)n2n1.O,CCC(CC)COC(=O)[C@H](C)N[P@](=O)(O)Oc1ccccc1.CCc1nc(N)c2ccc([C@]3(C#N)O[C@H](CO)[C@@H](O)[C@H]3O)n2n1,CCc1nc(N)c2ccc([C@]3(C#N)O[C@H](CO[P@@](=O)(N[C@@H](C)C(=O)OCC(CC)CC)Oc4ccccc4)[C@@H](O)[C@H]3O)n2n1.O >> CCC(CC)COC(=O)[C@H](C)N[P@](=O)(O)Oc1ccccc1.CCc1nc(N)c2ccc([C@]3(C#N)O[C@H](CO)[C@@H](O)[C@H]3O)n2n1,rule0007_203,No_Thermo,"(1, 1)","(1, 1)",Enzymatic,2,2,CCc1nc(N)c2ccc([C@]3(C#N)O[C@H](CO[P@@](=O)(N[C@@H](C)C(=O)OCC(CC)CC)Oc4ccccc4)[C@@H](O)[C@H]3O)n2n1.O>>CCC(CC)COC(=O)[C@H](C)N[P@](=O)(O)Oc1ccccc1.CCc1nc(N)c2ccc([C@]3(C#N)O[C@H](CO)[C@@H](O)[C@H]3O)n2n1,0.61910886,1
CCC(CC)COC(=O)[C@H](C)N[P@](=O)(O)Oc1ccccc1,CCCCOC(=O)[C@H](CCC)N[P@](=O)(O)Oc1ccccc1,CCC(CC)COC(=O)[C@H](C)N[P@](=O)(O)Oc1ccccc1 >> CCCCOC(=O)[C@H](CCC)N[P@](=O)(O)Oc1ccccc1,rule0028_51,No_Thermo,"(1,)","(1,)",Enzymatic,1,1,CCC(CC)COC(=O)[C@H](C)N[P@](=O)(O)Oc1ccccc1>>CCCCOC(=O)[C@H](CCC)N[P@](=O)(O)Oc1ccccc1,0.6190974,1
CCC(C=O)CC.CCC(C=O)CC,CCC(C)C=O.CCC(CC)C(C)=O,CCC(C=O)CC.CCC(C=O)CC >> CCC(C)C=O.CCC(CC)C(C)=O,rule0126_2,No_Thermo,"(1, 1)","(1, 1)",Enzymatic,2,2,CCC(C=O)CC.CCC(C=O)CC>>CCC(C)C=O.CCC(CC)C(C)=O,0.6154566,1
CCC(CC)COC(O)[C@H](C)N[P@](=O)(OC[C@H]1O[C@@]2(C#N)c3cc(c4c(N)ncnn34)O[C@H]1[C@H]2O)Oc1ccccc1,CCC(CC)COC1O[P@](=O)(Oc2ccccc2)N[C@H]1C.N#C[C@]12O[C@H](CO)[C@@H](Oc3cc1n1ncnc(N)c31)[C@H]2O,CCC(CC)COC(O)[C@H](C)N[P@](=O)(OC[C@H]1O[C@@]2(C#N)c3cc(c4c(N)ncnn34)O[C@H]1[C@H]2O)Oc1ccccc1 >> CCC(CC)COC1O[P@](=O)(Oc2ccccc2)N[C@H]1C.N#C[C@]12O[C@H](CO)[C@@H](Oc3cc1n1ncnc(N)c31)[C@H]2O,rule0549_1,No_Thermo,"(1,)","(1, 1)",Enzymatic,1,2,CCC(CC)COC(O)[C@H](C)N[P@](=O)(OC[C@H]1O[C@@]2(C#N)c3cc(c4c(N)ncnn34)O[C@H]1[C@H]2O)Oc1ccccc1>>CCC(CC)COC1O[P@](=O)(Oc2ccccc2)N[C@H]1C.N#C[C@]12O[C@H](CO)[C@@H](Oc3cc1n1ncnc(N)c31)[C@H]2O,0.6121804,1
CCC(CC)COC(=O)[C@H](CO)N[P@](=O)(OC[C@H]1O[C@@](C#N)(c2ccc3c(N)ncnn23)[C@H](O)[C@@H]1O)Oc1ccccc1,CCC(CC)COC(=O)[C@@H]1CO[P@](=O)(Oc2ccccc2)N1.N#C[C@@]1(c2ccc3c(N)ncnn23)O[C@H](CO)[C@@H](O)[C@H]1O,CCC(CC)COC(=O)[C@H](CO)N[P@](=O)(OC[C@H]1O[C@@](C#N)(c2ccc3c(N)ncnn23)[C@H](O)[C@@H]1O)Oc1ccccc1 >> CCC(CC)COC(=O)[C@@H]1CO[P@](=O)(Oc2ccccc2)N1.N#C[C@@]1(c2ccc3c(N)ncnn23)O[C@H](CO)[C@@H](O)[C@H]1O,rule0549_1,No_Thermo,"(1,)","(1, 1)",Enzymatic,1,2,CCC(CC)COC(=O)[C@H](CO)N[P@](=O)(OC[C@H]1O[C@@](C#N)(c2ccc3c(N)ncnn23)[C@H](O)[C@@H]1O)Oc1ccccc1>>CCC(CC)COC(=O)[C@@H]1CO[P@](=O)(Oc2ccccc2)N1.N#C[C@@]1(c2ccc3c(N)ncnn23)O[C@H](CO)[C@@H](O)[C@H]1O,0.6076276,1
CCC(CC)COC(=O)CN[P@](=O)(OC[C@H]1O[C@@](C#N)(c2ccc3c(N)ncnn23)[C@H](O)[C@@]1(C)O)Oc1ccccc1.O=P(O)(O)O,CCC(CC)COC(=O)CN[P@@](=O)(Oc1ccccc1)OP(=O)(O)O.C[C@@]1(O)[C@@H](O)[C@](C#N)(c2ccc3c(N)ncnn23)O[C@@H]1CO,CCC(CC)COC(=O)CN[P@](=O)(OC[C@H]1O[C@@](C#N)(c2ccc3c(N)ncnn23)[C@H](O)[C@@]1(C)O)Oc1ccccc1.O=P(O)(O)O >> CCC(CC)COC(=O)CN[P@@](=O)(Oc1ccccc1)OP(=O)(O)O.C[C@@]1(O)[C@@H](O)[C@](C#N)(c2ccc3c(N)ncnn23)O[C@@H]1CO,rule0768_2,No_Thermo,"(1, 1)","(1, 1)",Enzymatic,2,2,CCC(CC)COC(=O)CN[P@](=O)(OC[C@H]1O[C@@](C#N)(c2ccc3c(N)ncnn23)[C@H](O)[C@@]1(C)O)Oc1ccccc1.O=P(O)(O)O>>CCC(CC)COC(=O)CN[P@@](=O)(Oc1ccccc1)OP(=O)(O)O.C[C@@]1(O)[C@@H](O)[C@](C#N)(c2ccc3c(N)ncnn23)O[C@@H]1CO,0.6075001,1
CCc1cc([C@]2(C#N)O[C@H](CO[P@@](=O)(N[C@@H](C)C(=O)OCC(CC)CC)Oc3ccccc3)[C@@H](O)[C@H]2O)n2ncnc(N)c12.O=P(O)(O)O,CCC(CC)COC(=O)[C@H](C)N[P@@](=O)(Oc1ccccc1)OP(=O)(O)O.CCc1cc([C@]2(C#N)O[C@H](CO)[C@@H](O)[C@H]2O)n2ncnc(N)c12,CCc1cc([C@]2(C#N)O[C@H](CO[P@@](=O)(N[C@@H](C)C(=O)OCC(CC)CC)Oc3ccccc3)[C@@H](O)[C@H]2O)n2ncnc(N)c12.O=P(O)(O)O >> CCC(CC)COC(=O)[C@H](C)N[P@@](=O)(Oc1ccccc1)OP(=O)(O)O.CCc1cc([C@]2(C#N)O[C@H](CO)[C@@H](O)[C@H]2O)n2ncnc(N)c12,rule0768_2,No_Thermo,"(1, 1)","(1, 1)",Enzymatic,2,2,CCc1cc([C@]2(C#N)O[C@H](CO[P@@](=O)(N[C@@H](C)C(=O)OCC(CC)CC)Oc3ccccc3)[C@@H](O)[C@H]2O)n2ncnc(N)c12.O=P(O)(O)O>>CCC(CC)COC(=O)[C@H](C)N[P@@](=O)(Oc1ccccc1)OP(=O)(O)O.CCc1cc([C@]2(C#N)O[C@H](CO)[C@@H](O)[C@H]2O)n2ncnc(N)c12,0.60702115,1
CCC(CC)COC(=O)[C@H](CC)N[P@](=O)(OC[C@H]1O[C@@](C#N)(c2ccc3c(N)ncnn23)[C@H](O)[C@@H]1O)Oc1ccccc1.O,CCC(CC)COC(=O)[C@H](CC)N[P@](=O)(O)Oc1ccccc1.N#C[C@@]1(c2ccc3c(N)ncnn23)O[C@H](CO)[C@@H](O)[C@H]1O,CCC(CC)COC(=O)[C@H](CC)N[P@](=O)(OC[C@H]1O[C@@](C#N)(c2ccc3c(N)ncnn23)[C@H](O)[C@@H]1O)Oc1ccccc1.O >> CCC(CC)COC(=O)[C@H](CC)N[P@](=O)(O)Oc1ccccc1.N#C[C@@]1(c2ccc3c(N)ncnn23)O[C@H](CO)[C@@H](O)[C@H]1O,rule0125_5,No_Thermo,"(1, 1)","(1, 1)",Enzymatic,2,2,CCC(CC)COC(=O)[C@H](CC)N[P@](=O)(OC[C@H]1O[C@@](C#N)(c2ccc3c(N)ncnn23)[C@H](O)[C@@H]1O)Oc1ccccc1.O>>CCC(CC)COC(=O)[C@H](CC)N[P@](=O)(O)Oc1ccccc1.N#C[C@@]1(c2ccc3c(N)ncnn23)O[C@H](CO)[C@@H](O)[C@H]1O,0.6054631,1
CCC(CC)COC(=O)[C@H](CC)N[P@](=O)(OC[C@H]1O[C@@](C#N)(c2ccc3c(N)ncnn23)[C@H](O)[C@@H]1O)Oc1ccccc1.O,CCC(CC)COC(=O)[C@H](CC)N[P@](=O)(O)Oc1ccccc1.N#C[C@@]1(c2ccc3c(N)ncnn23)O[C@H](CO)[C@@H](O)[C@H]1O,CCC(CC)COC(=O)[C@H](CC)N[P@](=O)(OC[C@H]1O[C@@](C#N)(c2ccc3c(N)ncnn23)[C@H](O)[C@@H]1O)Oc1ccccc1.O >> CCC(CC)COC(=O)[C@H](CC)N[P@](=O)(O)Oc1ccccc1.N#C[C@@]1(c2ccc3c(N)ncnn23)O[C@H](CO)[C@@H](O)[C@H]1O,rule0007_203,No_Thermo,"(1, 1)","(1, 1)",Enzymatic,2,2,CCC(CC)COC(=O)[C@H](CC)N[P@](=O)(OC[C@H]1O[C@@](C#N)(c2ccc3c(N)ncnn23)[C@H](O)[C@@H]1O)Oc1ccccc1.O>>CCC(CC)COC(=O)[C@H](CC)N[P@](=O)(O)Oc1ccccc1.N#C[C@@]1(c2ccc3c(N)ncnn23)O[C@H](CO)[C@@H](O)[C@H]1O,0.6054631,1
CCC(CC)COC(=O)[C@@](C)(N[P@](=O)(OC[C@H]1O[C@@](C#N)(c2ccc3c(N)ncnn23)[C@H](O)[C@@H]1O)Oc1ccccc1)C(CC)CC.O=P(O)(O)O,CCC(CC)COC(=O)[C@@](C)(N[P@@](=O)(Oc1ccccc1)OP(=O)(O)O)C(CC)CC.N#C[C@@]1(c2ccc3c(N)ncnn23)O[C@H](CO)[C@@H](O)[C@H]1O,CCC(CC)COC(=O)[C@@](C)(N[P@](=O)(OC[C@H]1O[C@@](C#N)(c2ccc3c(N)ncnn23)[C@H](O)[C@@H]1O)Oc1ccccc1)C(CC)CC.O=P(O)(O)O >> CCC(CC)COC(=O)[C@@](C)(N[P@@](=O)(Oc1ccccc1)OP(=O)(O)O)C(CC)CC.N#C[C@@]1(c2ccc3c(N)ncnn23)O[C@H](CO)[C@@H](O)[C@H]1O,rule0768_2,No_Thermo,"(1, 1)","(1, 1)",Enzymatic,2,2,CCC(CC)COC(=O)[C@@](C)(N[P@](=O)(OC[C@H]1O[C@@](C#N)(c2ccc3c(N)ncnn23)[C@H](O)[C@@H]1O)Oc1ccccc1)C(CC)CC.O=P(O)(O)O>>CCC(CC)COC(=O)[C@@](C)(N[P@@](=O)(Oc1ccccc1)OP(=O)(O)O)C(CC)CC.N#C[C@@]1(c2ccc3c(N)ncnn23)O[C@H](CO)[C@@H](O)[C@H]1O,0.6037779,1
CCC(CC)(COC(=O)[C@H](C)N[P@](=O)(OC[C@H]1O[C@@](C#N)(c2ccc3c(N)ncnn23)[C@H](O)[C@@H]1O)Oc1ccccc1)C(=O)O.NC(=O)C1=CN([C@@H]2O[C@H](COP(=O)(O)OP(=O)(O)OC[C@H]3O[C@@H](n4cnc5c(N)ncnc54)[C@H](OP(=O)(O)O)[C@@H]3O)[C@@H](O)[C@H]2O)C=CC1.O=O,CCC(CC)(COC(=O)[C@H](C)N[P@](=O)(O)Oc1ccccc1)C(=O)O.N#C[C@@]1(c2ccc3c(N)ncnn23)O[C@H](C=O)[C@@H](O)[C@H]1O.NC(=O)c1ccc[n+]([C@@H]2O[C@H](COP(=O)(O)OP(=O)(O)OC[C@H]3O[C@@H](n4cnc5c(N)ncnc54)[C@H](OP(=O)(O)O)[C@@H]3O)[C@@H](O)[C@H]2O)c1.O,CCC(CC)(COC(=O)[C@H](C)N[P@](=O)(OC[C@H]1O[C@@](C#N)(c2ccc3c(N)ncnn23)[C@H](O)[C@@H]1O)Oc1ccccc1)C(=O)O.NC(=O)C1=CN([C@@H]2O[C@H](COP(=O)(O)OP(=O)(O)OC[C@H]3O[C@@H](n4cnc5c(N)ncnc54)[C@H](OP(=O)(O)O)[C@@H]3O)[C@@H](O)[C@H]2O)C=CC1.O=O >> CCC(CC)(COC(=O)[C@H](C)N[P@](=O)(O)Oc1ccccc1)C(=O)O.N#C[C@@]1(c2ccc3c(N)ncnn23)O[C@H](C=O)[C@@H](O)[C@H]1O.NC(=O)c1ccc[n+]([C@@H]2O[C@H](COP(=O)(O)OP(=O)(O)OC[C@H]3O[C@@H](n4cnc5c(N)ncnc54)[C@H](OP(=O)(O)O)[C@@H]3O)[C@@H](O)[C@H]2O)c1.O,rule0491_2,No_Thermo,"(1, 1, 1)","(1, 1, 1, 1)",Enzymatic,3,4,CCC(CC)(COC(=O)[C@H](C)N[P@](=O)(OC[C@H]1O[C@@](C#N)(c2ccc3c(N)ncnn23)[C@H](O)[C@@H]1O)Oc1ccccc1)C(=O)O.NC(=O)C1=CN([C@@H]2O[C@H](COP(=O)(O)OP(=O)(O)OC[C@H]3O[C@@H](n4cnc5c(N)ncnc54)[C@H](OP(=O)(O)O)[C@@H]3O)[C@@H](O)[C@H]2O)C=CC1.O=O>>CCC(CC)(COC(=O)[C@H](C)N[P@](=O)(O)Oc1ccccc1)C(=O)O.N#C[C@@]1(c2ccc3c(N)ncnn23)O[C@H](C=O)[C@@H](O)[C@H]1O.NC(=O)c1ccc[n+]([C@@H]2O[C@H](COP(=O)(O)OP(=O)(O)OC[C@H]3O[C@@H](n4cnc5c(N)ncnc54)[C@H](OP(=O)(O)O)[C@@H]3O)[C@@H](O)[C@H]2O)c1.O,0.5997231,1
CCC(CC)COC(=O)O.O=c1ccn([C@@H]2O[C@H](COP(=O)(O)OP(=O)(O)O[C@H]3O[C@H](CO)[C@@H](O)[C@H](O)[C@H]3O)[C@@H](O)[C@H]2O)c(=O)[nH]1,CCC(CC)COC(=O)O[C@H]1O[C@H](CO)[C@@H](O)[C@H](O)[C@H]1O.O=c1ccn([C@@H]2O[C@H](COP(=O)(O)OP(=O)(O)O)[C@@H](O)[C@H]2O)c(=O)[nH]1,CCC(CC)COC(=O)O.O=c1ccn([C@@H]2O[C@H](COP(=O)(O)OP(=O)(O)O[C@H]3O[C@H](CO)[C@@H](O)[C@H](O)[C@H]3O)[C@@H](O)[C@H]2O)c(=O)[nH]1 >> CCC(CC)COC(=O)O[C@H]1O[C@H](CO)[C@@H](O)[C@H](O)[C@H]1O.O=c1ccn([C@@H]2O[C@H](COP(=O)(O)OP(=O)(O)O)[C@@H](O)[C@H]2O)c(=O)[nH]1,rule0009_41,No_Thermo,"(1, 1)","(1, 1)",Enzymatic,2,2,CCC(CC)COC(=O)O.O=c1ccn([C@@H]2O[C@H](COP(=O)(O)OP(=O)(O)O[C@H]3O[C@H](CO)[C@@H](O)[C@H](O)[C@H]3O)[C@@H](O)[C@H]2O)c(=O)[nH]1>>CCC(CC)COC(=O)O[C@H]1O[C@H](CO)[C@@H](O)[C@H](O)[C@H]1O.O=c1ccn([C@@H]2O[C@H](COP(=O)(O)OP(=O)(O)O)[C@@H](O)[C@H]2O)c(=O)[nH]1,0.5987314,1
CC(C)=CCOP(=O)(O)OP(=O)(O)O.Oc1ccccc1,CC(C)=CCc1ccc(O)cc1.O=P(O)(O)OP(=O)(O)O,CC(C)=CCOP(=O)(O)OP(=O)(O)O.Oc1ccccc1 >> CC(C)=CCc1ccc(O)cc1.O=P(O)(O)OP(=O)(O)O,rule0110_5,No_Thermo,"(1, 1)","(1, 1)",Enzymatic,2,2,CC(C)=CCOP(=O)(O)OP(=O)(O)O.Oc1ccccc1>>CC(C)=CCc1ccc(O)cc1.O=P(O)(O)OP(=O)(O)O,0.59585184,1
CCC(CC)COC(=O)[C@H](CO)N[P@](=O)(OC[C@H]1O[C@@](C#N)(c2ccc3c(N)ncnn23)[C@H](O)[C@@H]1O)Oc1ccccc1.O,CCC(CC)COC(=O)[C@H](CO)N[P@](=O)(O)Oc1ccccc1.N#C[C@@]1(c2ccc3c(N)ncnn23)O[C@H](CO)[C@@H](O)[C@H]1O,CCC(CC)COC(=O)[C@H](CO)N[P@](=O)(OC[C@H]1O[C@@](C#N)(c2ccc3c(N)ncnn23)[C@H](O)[C@@H]1O)Oc1ccccc1.O >> CCC(CC)COC(=O)[C@H](CO)N[P@](=O)(O)Oc1ccccc1.N#C[C@@]1(c2ccc3c(N)ncnn23)O[C@H](CO)[C@@H](O)[C@H]1O,rule0007_203,No_Thermo,"(1, 1)","(1, 1)",Enzymatic,2,2,CCC(CC)COC(=O)[C@H](CO)N[P@](=O)(OC[C@H]1O[C@@](C#N)(c2ccc3c(N)ncnn23)[C@H](O)[C@@H]1O)Oc1ccccc1.O>>CCC(CC)COC(=O)[C@H](CO)N[P@](=O)(O)Oc1ccccc1.N#C[C@@]1(c2ccc3c(N)ncnn23)O[C@H](CO)[C@@H](O)[C@H]1O,0.5940724,1
CCC(CC)COC(=O)[C@H](CO)N[P@](=O)(OC[C@H]1O[C@@](C#N)(c2ccc3c(N)ncnn23)[C@H](O)[C@@H]1O)Oc1ccccc1.O,CCC(CC)COC(=O)[C@H](CO)N[P@](=O)(O)Oc1ccccc1.N#C[C@@]1(c2ccc3c(N)ncnn23)O[C@H](CO)[C@@H](O)[C@H]1O,CCC(CC)COC(=O)[C@H](CO)N[P@](=O)(OC[C@H]1O[C@@](C#N)(c2ccc3c(N)ncnn23)[C@H](O)[C@@H]1O)Oc1ccccc1.O >> CCC(CC)COC(=O)[C@H](CO)N[P@](=O)(O)Oc1ccccc1.N#C[C@@]1(c2ccc3c(N)ncnn23)O[C@H](CO)[C@@H](O)[C@H]1O,rule0125_5,No_Thermo,"(1, 1)","(1, 1)",Enzymatic,2,2,CCC(CC)COC(=O)[C@H](CO)N[P@](=O)(OC[C@H]1O[C@@](C#N)(c2ccc3c(N)ncnn23)[C@H](O)[C@@H]1O)Oc1ccccc1.O>>CCC(CC)COC(=O)[C@H](CO)N[P@](=O)(O)Oc1ccccc1.N#C[C@@]1(c2ccc3c(N)ncnn23)O[C@H](CO)[C@@H](O)[C@H]1O,0.5940724,1
CCC(CC)COC(=O)C(C)(C)N[P@](=O)(OC[C@H]1O[C@@](C#N)(c2ccc3c(N)ncnn23)[C@H](O)[C@@H]1O)Oc1ccccc1.O=P(O)(O)O,CCC(CC)COC(=O)C(C)(C)N[P@@](=O)(Oc1ccccc1)OP(=O)(O)O.N#C[C@@]1(c2ccc3c(N)ncnn23)O[C@H](CO)[C@@H](O)[C@H]1O,CCC(CC)COC(=O)C(C)(C)N[P@](=O)(OC[C@H]1O[C@@](C#N)(c2ccc3c(N)ncnn23)[C@H](O)[C@@H]1O)Oc1ccccc1.O=P(O)(O)O >> CCC(CC)COC(=O)C(C)(C)N[P@@](=O)(Oc1ccccc1)OP(=O)(O)O.N#C[C@@]1(c2ccc3c(N)ncnn23)O[C@H](CO)[C@@H](O)[C@H]1O,rule0768_2,No_Thermo,"(1, 1)","(1, 1)",Enzymatic,2,2,CCC(CC)COC(=O)C(C)(C)N[P@](=O)(OC[C@H]1O[C@@](C#N)(c2ccc3c(N)ncnn23)[C@H](O)[C@@H]1O)Oc1ccccc1.O=P(O)(O)O>>CCC(CC)COC(=O)C(C)(C)N[P@@](=O)(Oc1ccccc1)OP(=O)(O)O.N#C[C@@]1(c2ccc3c(N)ncnn23)O[C@H](CO)[C@@H](O)[C@H]1O,0.5915722,1
CCC(CC)COC(O)[C@H](C)N[P@](=O)(OC[C@H]1O[C@@]2(C#N)c3cc(c4c(N)ncnn34)O[C@H]1[C@H]2O)Oc1ccccc1.O,CCC(CC)COC(O)[C@H](C)N[P@](=O)(O)Oc1ccccc1.N#C[C@]12O[C@H](CO)[C@@H](Oc3cc1n1ncnc(N)c31)[C@H]2O,CCC(CC)COC(O)[C@H](C)N[P@](=O)(OC[C@H]1O[C@@]2(C#N)c3cc(c4c(N)ncnn34)O[C@H]1[C@H]2O)Oc1ccccc1.O >> CCC(CC)COC(O)[C@H](C)N[P@](=O)(O)Oc1ccccc1.N#C[C@]12O[C@H](CO)[C@@H](Oc3cc1n1ncnc(N)c31)[C@H]2O,rule0125_5,No_Thermo,"(1, 1)","(1, 1)",Enzymatic,2,2,CCC(CC)COC(O)[C@H](C)N[P@](=O)(OC[C@H]1O[C@@]2(C#N)c3cc(c4c(N)ncnn34)O[C@H]1[C@H]2O)Oc1ccccc1.O>>CCC(CC)COC(O)[C@H](C)N[P@](=O)(O)Oc1ccccc1.N#C[C@]12O[C@H](CO)[C@@H](Oc3cc1n1ncnc(N)c31)[C@H]2O,0.5897933,1
CCC(CC)COC(O)[C@H](C)N[P@](=O)(OC[C@H]1O[C@@]2(C#N)c3cc(c4c(N)ncnn34)O[C@H]1[C@H]2O)Oc1ccccc1.O,CCC(CC)COC(O)[C@H](C)N[P@](=O)(O)Oc1ccccc1.N#C[C@]12O[C@H](CO)[C@@H](Oc3cc1n1ncnc(N)c31)[C@H]2O,CCC(CC)COC(O)[C@H](C)N[P@](=O)(OC[C@H]1O[C@@]2(C#N)c3cc(c4c(N)ncnn34)O[C@H]1[C@H]2O)Oc1ccccc1.O >> CCC(CC)COC(O)[C@H](C)N[P@](=O)(O)Oc1ccccc1.N#C[C@]12O[C@H](CO)[C@@H](Oc3cc1n1ncnc(N)c31)[C@H]2O,rule0007_203,No_Thermo,"(1, 1)","(1, 1)",Enzymatic,2,2,CCC(CC)COC(O)[C@H](C)N[P@](=O)(OC[C@H]1O[C@@]2(C#N)c3cc(c4c(N)ncnn34)O[C@H]1[C@H]2O)Oc1ccccc1.O>>CCC(CC)COC(O)[C@H](C)N[P@](=O)(O)Oc1ccccc1.N#C[C@]12O[C@H](CO)[C@@H](Oc3cc1n1ncnc(N)c31)[C@H]2O,0.5897933,1
CCC(CC)COC(O)[C@H](C)N[P@](=O)(OC[C@H]1O[C@@]2(C#N)c3ccc4c(N)nc(nn34)O[C@H]1[C@H]2O)Oc1ccccc1.O,CCC(CC)COC(O)[C@H](C)N[P@](=O)(O)Oc1ccccc1.N#C[C@]12O[C@H](CO)[C@@H](Oc3nc(N)c4ccc1n4n3)[C@H]2O,CCC(CC)COC(O)[C@H](C)N[P@](=O)(OC[C@H]1O[C@@]2(C#N)c3ccc4c(N)nc(nn34)O[C@H]1[C@H]2O)Oc1ccccc1.O >> CCC(CC)COC(O)[C@H](C)N[P@](=O)(O)Oc1ccccc1.N#C[C@]12O[C@H](CO)[C@@H](Oc3nc(N)c4ccc1n4n3)[C@H]2O,rule0007_203,No_Thermo,"(1, 1)","(1, 1)",Enzymatic,2,2,CCC(CC)COC(O)[C@H](C)N[P@](=O)(OC[C@H]1O[C@@]2(C#N)c3ccc4c(N)nc(nn34)O[C@H]1[C@H]2O)Oc1ccccc1.O>>CCC(CC)COC(O)[C@H](C)N[P@](=O)(O)Oc1ccccc1.N#C[C@]12O[C@H](CO)[C@@H](Oc3nc(N)c4ccc1n4n3)[C@H]2O,0.58922416,1
CCC(CC)COC(O)[C@H](C)N[P@](=O)(OC[C@H]1O[C@@]2(C#N)c3ccc4c(N)nc(nn34)O[C@H]1[C@H]2O)Oc1ccccc1.O,CCC(CC)COC(O)[C@H](C)N[P@](=O)(O)Oc1ccccc1.N#C[C@]12O[C@H](CO)[C@@H](Oc3nc(N)c4ccc1n4n3)[C@H]2O,CCC(CC)COC(O)[C@H](C)N[P@](=O)(OC[C@H]1O[C@@]2(C#N)c3ccc4c(N)nc(nn34)O[C@H]1[C@H]2O)Oc1ccccc1.O >> CCC(CC)COC(O)[C@H](C)N[P@](=O)(O)Oc1ccccc1.N#C[C@]12O[C@H](CO)[C@@H](Oc3nc(N)c4ccc1n4n3)[C@H]2O,rule0125_5,No_Thermo,"(1, 1)","(1, 1)",Enzymatic,2,2,CCC(CC)COC(O)[C@H](C)N[P@](=O)(OC[C@H]1O[C@@]2(C#N)c3ccc4c(N)nc(nn34)O[C@H]1[C@H]2O)Oc1ccccc1.O>>CCC(CC)COC(O)[C@H](C)N[P@](=O)(O)Oc1ccccc1.N#C[C@]12O[C@H](CO)[C@@H](Oc3nc(N)c4ccc1n4n3)[C@H]2O,0.58922416,1
CCCCOC(=O)[C@H](C)N[P@](=O)(OC[C@H]1O[C@@](C#N)(c2ccc3c(N)ncnn23)[C@H](O)[C@@H]1O)Oc1ccccc1.O=P(O)(O)O,CCCCOC(=O)[C@H](C)N[P@@](=O)(Oc1ccccc1)OP(=O)(O)O.N#C[C@@]1(c2ccc3c(N)ncnn23)O[C@H](CO)[C@@H](O)[C@H]1O,CCCCOC(=O)[C@H](C)N[P@](=O)(OC[C@H]1O[C@@](C#N)(c2ccc3c(N)ncnn23)[C@H](O)[C@@H]1O)Oc1ccccc1.O=P(O)(O)O >> CCCCOC(=O)[C@H](C)N[P@@](=O)(Oc1ccccc1)OP(=O)(O)O.N#C[C@@]1(c2ccc3c(N)ncnn23)O[C@H](CO)[C@@H](O)[C@H]1O,rule0768_2,No_Thermo,"(1, 1)","(1, 1)",Enzymatic,2,2,CCCCOC(=O)[C@H](C)N[P@](=O)(OC[C@H]1O[C@@](C#N)(c2ccc3c(N)ncnn23)[C@H](O)[C@@H]1O)Oc1ccccc1.O=P(O)(O)O>>CCCCOC(=O)[C@H](C)N[P@@](=O)(Oc1ccccc1)OP(=O)(O)O.N#C[C@@]1(c2ccc3c(N)ncnn23)O[C@H](CO)[C@@H](O)[C@H]1O,0.5850004,1
CCC(CC)COC(=O)O.C[S+](CC[C@H](N)C(=O)O)C[C@H]1O[C@@H](n2cnc3c(N)ncnc32)[C@H](O)[C@@H]1O,CCCC(CC)COC(=O)O.Nc1ncnc2c1ncn2[C@@H]1O[C@H](CSCC[C@H](N)C(=O)O)[C@@H](O)[C@H]1O,CCC(CC)COC(=O)O.C[S+](CC[C@H](N)C(=O)O)C[C@H]1O[C@@H](n2cnc3c(N)ncnc32)[C@H](O)[C@@H]1O >> CCCC(CC)COC(=O)O.Nc1ncnc2c1ncn2[C@@H]1O[C@H](CSCC[C@H](N)C(=O)O)[C@@H](O)[C@H]1O,rule0043_12,No_Thermo,"(1, 1)","(1, 1)",Enzymatic,2,2,CCC(CC)COC(=O)O.C[S+](CC[C@H](N)C(=O)O)C[C@H]1O[C@@H](n2cnc3c(N)ncnc32)[C@H](O)[C@@H]1O>>CCCC(CC)COC(=O)O.Nc1ncnc2c1ncn2[C@@H]1O[C@H](CSCC[C@H](N)C(=O)O)[C@@H](O)[C@H]1O,0.57642585,1
CCC(CC)(CC)COC(=O)[C@H](C)N[P@](=O)(OC[C@H]1O[C@@](C#N)(c2ccc3c(N)ncnn23)[C@H](O)[C@@H]1O)Oc1ccccc1.O,CCC(CC)(CC)COC(=O)[C@H](C)N[P@](=O)(O)Oc1ccccc1.N#C[C@@]1(c2ccc3c(N)ncnn23)O[C@H](CO)[C@@H](O)[C@H]1O,CCC(CC)(CC)COC(=O)[C@H](C)N[P@](=O)(OC[C@H]1O[C@@](C#N)(c2ccc3c(N)ncnn23)[C@H](O)[C@@H]1O)Oc1ccccc1.O >> CCC(CC)(CC)COC(=O)[C@H](C)N[P@](=O)(O)Oc1ccccc1.N#C[C@@]1(c2ccc3c(N)ncnn23)O[C@H](CO)[C@@H](O)[C@H]1O,rule0007_203,No_Thermo,"(1, 1)","(1, 1)",Enzymatic,2,2,CCC(CC)(CC)COC(=O)[C@H](C)N[P@](=O)(OC[C@H]1O[C@@](C#N)(c2ccc3c(N)ncnn23)[C@H](O)[C@@H]1O)Oc1ccccc1.O>>CCC(CC)(CC)COC(=O)[C@H](C)N[P@](=O)(O)Oc1ccccc1.N#C[C@@]1(c2ccc3c(N)ncnn23)O[C@H](CO)[C@@H](O)[C@H]1O,0.5738549,1
CCC(CC)(CC)COC(=O)[C@H](C)N[P@](=O)(OC[C@H]1O[C@@](C#N)(c2ccc3c(N)ncnn23)[C@H](O)[C@@H]1O)Oc1ccccc1.O,CCC(CC)(CC)COC(=O)[C@H](C)N[P@](=O)(O)Oc1ccccc1.N#C[C@@]1(c2ccc3c(N)ncnn23)O[C@H](CO)[C@@H](O)[C@H]1O,CCC(CC)(CC)COC(=O)[C@H](C)N[P@](=O)(OC[C@H]1O[C@@](C#N)(c2ccc3c(N)ncnn23)[C@H](O)[C@@H]1O)Oc1ccccc1.O >> CCC(CC)(CC)COC(=O)[C@H](C)N[P@](=O)(O)Oc1ccccc1.N#C[C@@]1(c2ccc3c(N)ncnn23)O[C@H](CO)[C@@H](O)[C@H]1O,rule0125_5,No_Thermo,"(1, 1)","(1, 1)",Enzymatic,2,2,CCC(CC)(CC)COC(=O)[C@H](C)N[P@](=O)(OC[C@H]1O[C@@](C#N)(c2ccc3c(N)ncnn23)[C@H](O)[C@@H]1O)Oc1ccccc1.O>>CCC(CC)(CC)COC(=O)[C@H](C)N[P@](=O)(O)Oc1ccccc1.N#C[C@@]1(c2ccc3c(N)ncnn23)O[C@H](CO)[C@@H](O)[C@H]1O,0.5738549,1
CCC(CC)COC(=O)CN[P@](=O)(OC[C@H]1O[C@@](C#N)(c2ccc3c(N)nc(C)nn23)[C@H](O)[C@@H]1O)Oc1ccccc1.NC(=O)C1=CN([C@@H]2O[C@H](COP(=O)(O)OP(=O)(O)OC[C@H]3O[C@@H](n4cnc5c(N)ncnc54)[C@H](OP(=O)(O)O)[C@@H]3O)[C@@H](O)[C@H]2O)C=CC1.O=O,CCC(CC)COC(=O)CN[P@](=O)(O)Oc1ccccc1.Cc1nc(N)c2ccc([C@]3(C#N)O[C@H](C=O)[C@@H](O)[C@H]3O)n2n1.NC(=O)c1ccc[n+]([C@@H]2O[C@H](COP(=O)(O)OP(=O)(O)OC[C@H]3O[C@@H](n4cnc5c(N)ncnc54)[C@H](OP(=O)(O)O)[C@@H]3O)[C@@H](O)[C@H]2O)c1.O,CCC(CC)COC(=O)CN[P@](=O)(OC[C@H]1O[C@@](C#N)(c2ccc3c(N)nc(C)nn23)[C@H](O)[C@@H]1O)Oc1ccccc1.NC(=O)C1=CN([C@@H]2O[C@H](COP(=O)(O)OP(=O)(O)OC[C@H]3O[C@@H](n4cnc5c(N)ncnc54)[C@H](OP(=O)(O)O)[C@@H]3O)[C@@H](O)[C@H]2O)C=CC1.O=O >> CCC(CC)COC(=O)CN[P@](=O)(O)Oc1ccccc1.Cc1nc(N)c2ccc([C@]3(C#N)O[C@H](C=O)[C@@H](O)[C@H]3O)n2n1.NC(=O)c1ccc[n+]([C@@H]2O[C@H](COP(=O)(O)OP(=O)(O)OC[C@H]3O[C@@H](n4cnc5c(N)ncnc54)[C@H](OP(=O)(O)O)[C@@H]3O)[C@@H](O)[C@H]2O)c1.O,rule0491_2,No_Thermo,"(1, 1, 1)","(1, 1, 1, 1)",Enzymatic,3,4,CCC(CC)COC(=O)CN[P@](=O)(OC[C@H]1O[C@@](C#N)(c2ccc3c(N)nc(C)nn23)[C@H](O)[C@@H]1O)Oc1ccccc1.NC(=O)C1=CN([C@@H]2O[C@H](COP(=O)(O)OP(=O)(O)OC[C@H]3O[C@@H](n4cnc5c(N)ncnc54)[C@H](OP(=O)(O)O)[C@@H]3O)[C@@H](O)[C@H]2O)C=CC1.O=O>>CCC(CC)COC(=O)CN[P@](=O)(O)Oc1ccccc1.Cc1nc(N)c2ccc([C@]3(C#N)O[C@H](C=O)[C@@H](O)[C@H]3O)n2n1.NC(=O)c1ccc[n+]([C@@H]2O[C@H](COP(=O)(O)OP(=O)(O)OC[C@H]3O[C@@H](n4cnc5c(N)ncnc54)[C@H](OP(=O)(O)O)[C@@H]3O)[C@@H](O)[C@H]2O)c1.O,0.5737046,1
CCC(CC)COC(=O)[C@H](CC(CC)CC)N[P@](=O)(OC[C@H]1O[C@@](C#N)(c2ccc3c(N)ncnn23)[C@H](O)[C@@H]1O)Oc1ccccc1.NC(=O)C1=CN([C@@H]2O[C@H](COP(=O)(O)OP(=O)(O)OC[C@H]3O[C@@H](n4cnc5c(N)ncnc54)[C@H](OP(=O)(O)O)[C@@H]3O)[C@@H](O)[C@H]2O)C=CC1.O=O,CCC(CC)COC(=O)[C@H](CC(CC)CC)N[P@](=O)(O)Oc1ccccc1.N#C[C@@]1(c2ccc3c(N)ncnn23)O[C@H](C=O)[C@@H](O)[C@H]1O.NC(=O)c1ccc[n+]([C@@H]2O[C@H](COP(=O)(O)OP(=O)(O)OC[C@H]3O[C@@H](n4cnc5c(N)ncnc54)[C@H](OP(=O)(O)O)[C@@H]3O)[C@@H](O)[C@H]2O)c1.O,CCC(CC)COC(=O)[C@H](CC(CC)CC)N[P@](=O)(OC[C@H]1O[C@@](C#N)(c2ccc3c(N)ncnn23)[C@H](O)[C@@H]1O)Oc1ccccc1.NC(=O)C1=CN([C@@H]2O[C@H](COP(=O)(O)OP(=O)(O)OC[C@H]3O[C@@H](n4cnc5c(N)ncnc54)[C@H](OP(=O)(O)O)[C@@H]3O)[C@@H](O)[C@H]2O)C=CC1.O=O >> CCC(CC)COC(=O)[C@H](CC(CC)CC)N[P@](=O)(O)Oc1ccccc1.N#C[C@@]1(c2ccc3c(N)ncnn23)O[C@H](C=O)[C@@H](O)[C@H]1O.NC(=O)c1ccc[n+]([C@@H]2O[C@H](COP(=O)(O)OP(=O)(O)OC[C@H]3O[C@@H](n4cnc5c(N)ncnc54)[C@H](OP(=O)(O)O)[C@@H]3O)[C@@H](O)[C@H]2O)c1.O,rule0491_2,No_Thermo,"(1, 1, 1)","(1, 1, 1, 1)",Enzymatic,3,4,CCC(CC)COC(=O)[C@H](CC(CC)CC)N[P@](=O)(OC[C@H]1O[C@@](C#N)(c2ccc3c(N)ncnn23)[C@H](O)[C@@H]1O)Oc1ccccc1.NC(=O)C1=CN([C@@H]2O[C@H](COP(=O)(O)OP(=O)(O)OC[C@H]3O[C@@H](n4cnc5c(N)ncnc54)[C@H](OP(=O)(O)O)[C@@H]3O)[C@@H](O)[C@H]2O)C=CC1.O=O>>CCC(CC)COC(=O)[C@H](CC(CC)CC)N[P@](=O)(O)Oc1ccccc1.N#C[C@@]1(c2ccc3c(N)ncnn23)O[C@H](C=O)[C@@H](O)[C@H]1O.NC(=O)c1ccc[n+]([C@@H]2O[C@H](COP(=O)(O)OP(=O)(O)OC[C@H]3O[C@@H](n4cnc5c(N)ncnc54)[C@H](OP(=O)(O)O)[C@@H]3O)[C@@H](O)[C@H]2O)c1.O,0.56976885,1
CCC(CC)COC(=O)[C@H](C)N[P@@](=O)(Oc1ccccc1)OC(C(CC)CC)[C@H]1O[C@@](C#N)(c2ccc3c(N)ncnn23)[C@H](O)[C@@H]1O.O=P(O)(O)O,CCC(CC)C(O)[C@H]1O[C@@](C#N)(c2ccc3c(N)ncnn23)[C@H](O)[C@@H]1O.CCC(CC)COC(=O)[C@H](C)N[P@@](=O)(Oc1ccccc1)OP(=O)(O)O,CCC(CC)COC(=O)[C@H](C)N[P@@](=O)(Oc1ccccc1)OC(C(CC)CC)[C@H]1O[C@@](C#N)(c2ccc3c(N)ncnn23)[C@H](O)[C@@H]1O.O=P(O)(O)O >> CCC(CC)C(O)[C@H]1O[C@@](C#N)(c2ccc3c(N)ncnn23)[C@H](O)[C@@H]1O.CCC(CC)COC(=O)[C@H](C)N[P@@](=O)(Oc1ccccc1)OP(=O)(O)O,rule0768_2,No_Thermo,"(1, 1)","(1, 1)",Enzymatic,2,2,CCC(CC)COC(=O)[C@H](C)N[P@@](=O)(Oc1ccccc1)OC(C(CC)CC)[C@H]1O[C@@](C#N)(c2ccc3c(N)ncnn23)[C@H](O)[C@@H]1O.O=P(O)(O)O>>CCC(CC)C(O)[C@H]1O[C@@](C#N)(c2ccc3c(N)ncnn23)[C@H](O)[C@@H]1O.CCC(CC)COC(=O)[C@H](C)N[P@@](=O)(Oc1ccccc1)OP(=O)(O)O,0.56552863,1
CCC(CC)COC(=O)CN[P@](=O)(OC[C@H]1O[C@@](C#N)(c2ccc3c(N)ncnn23)[C@H](O)[C@@H]1O)Oc1ccccc1.NC(=O)C1=CN([C@@H]2O[C@H](COP(=O)(O)OP(=O)(O)OC[C@H]3O[C@@H](n4cnc5c(N)ncnc54)[C@H](OP(=O)(O)O)[C@@H]3O)[C@@H](O)[C@H]2O)C=CC1.O=O,CCC(CC)COC(=O)CN[P@](=O)(O)Oc1ccccc1.N#C[C@@]1(c2ccc3c(N)ncnn23)O[C@H](C=O)[C@@H](O)[C@H]1O.NC(=O)c1ccc[n+]([C@@H]2O[C@H](COP(=O)(O)OP(=O)(O)OC[C@H]3O[C@@H](n4cnc5c(N)ncnc54)[C@H](OP(=O)(O)O)[C@@H]3O)[C@@H](O)[C@H]2O)c1.O,CCC(CC)COC(=O)CN[P@](=O)(OC[C@H]1O[C@@](C#N)(c2ccc3c(N)ncnn23)[C@H](O)[C@@H]1O)Oc1ccccc1.NC(=O)C1=CN([C@@H]2O[C@H](COP(=O)(O)OP(=O)(O)OC[C@H]3O[C@@H](n4cnc5c(N)ncnc54)[C@H](OP(=O)(O)O)[C@@H]3O)[C@@H](O)[C@H]2O)C=CC1.O=O >> CCC(CC)COC(=O)CN[P@](=O)(O)Oc1ccccc1.N#C[C@@]1(c2ccc3c(N)ncnn23)O[C@H](C=O)[C@@H](O)[C@H]1O.NC(=O)c1ccc[n+]([C@@H]2O[C@H](COP(=O)(O)OP(=O)(O)OC[C@H]3O[C@@H](n4cnc5c(N)ncnc54)[C@H](OP(=O)(O)O)[C@@H]3O)[C@@H](O)[C@H]2O)c1.O,rule0491_2,No_Thermo,"(1, 1, 1)","(1, 1, 1, 1)",Enzymatic,3,4,CCC(CC)COC(=O)CN[P@](=O)(OC[C@H]1O[C@@](C#N)(c2ccc3c(N)ncnn23)[C@H](O)[C@@H]1O)Oc1ccccc1.NC(=O)C1=CN([C@@H]2O[C@H](COP(=O)(O)OP(=O)(O)OC[C@H]3O[C@@H](n4cnc5c(N)ncnc54)[C@H](OP(=O)(O)O)[C@@H]3O)[C@@H](O)[C@H]2O)C=CC1.O=O>>CCC(CC)COC(=O)CN[P@](=O)(O)Oc1ccccc1.N#C[C@@]1(c2ccc3c(N)ncnn23)O[C@H](C=O)[C@@H](O)[C@H]1O.NC(=O)c1ccc[n+]([C@@H]2O[C@H](COP(=O)(O)OP(=O)(O)OC[C@H]3O[C@@H](n4cnc5c(N)ncnc54)[C@H](OP(=O)(O)O)[C@@H]3O)[C@@H](O)[C@H]2O)c1.O,0.5609673,1
CCC(CC)[C@](C)(N[P@](=O)(OC[C@H]1O[C@@](C#N)(c2ccc3c(N)ncnn23)[C@H](O)[C@@H]1O)Oc1ccccc1)C(=O)OC.O=P(O)(O)O,CCC(CC)[C@](C)(N[P@@](=O)(Oc1ccccc1)OP(=O)(O)O)C(=O)OC.N#C[C@@]1(c2ccc3c(N)ncnn23)O[C@H](CO)[C@@H](O)[C@H]1O,CCC(CC)[C@](C)(N[P@](=O)(OC[C@H]1O[C@@](C#N)(c2ccc3c(N)ncnn23)[C@H](O)[C@@H]1O)Oc1ccccc1)C(=O)OC.O=P(O)(O)O >> CCC(CC)[C@](C)(N[P@@](=O)(Oc1ccccc1)OP(=O)(O)O)C(=O)OC.N#C[C@@]1(c2ccc3c(N)ncnn23)O[C@H](CO)[C@@H](O)[C@H]1O,rule0768_2,No_Thermo,"(1, 1)","(1, 1)",Enzymatic,2,2,CCC(CC)[C@](C)(N[P@](=O)(OC[C@H]1O[C@@](C#N)(c2ccc3c(N)ncnn23)[C@H](O)[C@@H]1O)Oc1ccccc1)C(=O)OC.O=P(O)(O)O>>CCC(CC)[C@](C)(N[P@@](=O)(Oc1ccccc1)OP(=O)(O)O)C(=O)OC.N#C[C@@]1(c2ccc3c(N)ncnn23)O[C@H](CO)[C@@H](O)[C@H]1O,0.55866766,1
CCC(CC)COC(=O)[C@H](CC)N[P@](=O)(OC[C@H]1O[C@@](C#N)(c2ccc3c(N)ncnn23)[C@H](O)[C@@H]1O)Oc1ccccc1.O=P(O)(O)O,CCC(CC)COC(=O)[C@H](CC)N[P@@](=O)(Oc1ccccc1)OP(=O)(O)O.N#C[C@@]1(c2ccc3c(N)ncnn23)O[C@H](CO)[C@@H](O)[C@H]1O,CCC(CC)COC(=O)[C@H](CC)N[P@](=O)(OC[C@H]1O[C@@](C#N)(c2ccc3c(N)ncnn23)[C@H](O)[C@@H]1O)Oc1ccccc1.O=P(O)(O)O >> CCC(CC)COC(=O)[C@H](CC)N[P@@](=O)(Oc1ccccc1)OP(=O)(O)O.N#C[C@@]1(c2ccc3c(N)ncnn23)O[C@H](CO)[C@@H](O)[C@H]1O,rule0768_2,No_Thermo,"(1, 1)","(1, 1)",Enzymatic,2,2,CCC(CC)COC(=O)[C@H](CC)N[P@](=O)(OC[C@H]1O[C@@](C#N)(c2ccc3c(N)ncnn23)[C@H](O)[C@@H]1O)Oc1ccccc1.O=P(O)(O)O>>CCC(CC)COC(=O)[C@H](CC)N[P@@](=O)(Oc1ccccc1)OP(=O)(O)O.N#C[C@@]1(c2ccc3c(N)ncnn23)O[C@H](CO)[C@@H](O)[C@H]1O,0.5579414,1
CCC(C)(CC)COC(=O)[C@H](C)N[P@](=O)(OC[C@H]1O[C@@](C#N)(c2ccc3c(N)ncnn23)[C@H](O)[C@@H]1O)Oc1ccccc1.O,CCC(C)(CC)COC(=O)[C@H](C)N[P@](=O)(O)Oc1ccccc1.N#C[C@@]1(c2ccc3c(N)ncnn23)O[C@H](CO)[C@@H](O)[C@H]1O,CCC(C)(CC)COC(=O)[C@H](C)N[P@](=O)(OC[C@H]1O[C@@](C#N)(c2ccc3c(N)ncnn23)[C@H](O)[C@@H]1O)Oc1ccccc1.O >> CCC(C)(CC)COC(=O)[C@H](C)N[P@](=O)(O)Oc1ccccc1.N#C[C@@]1(c2ccc3c(N)ncnn23)O[C@H](CO)[C@@H](O)[C@H]1O,rule0125_5,No_Thermo,"(1, 1)","(1, 1)",Enzymatic,2,2,CCC(C)(CC)COC(=O)[C@H](C)N[P@](=O)(OC[C@H]1O[C@@](C#N)(c2ccc3c(N)ncnn23)[C@H](O)[C@@H]1O)Oc1ccccc1.O>>CCC(C)(CC)COC(=O)[C@H](C)N[P@](=O)(O)Oc1ccccc1.N#C[C@@]1(c2ccc3c(N)ncnn23)O[C@H](CO)[C@@H](O)[C@H]1O,0.55473965,1
CCC(C)(CC)COC(=O)[C@H](C)N[P@](=O)(OC[C@H]1O[C@@](C#N)(c2ccc3c(N)ncnn23)[C@H](O)[C@@H]1O)Oc1ccccc1.O,CCC(C)(CC)COC(=O)[C@H](C)N[P@](=O)(O)Oc1ccccc1.N#C[C@@]1(c2ccc3c(N)ncnn23)O[C@H](CO)[C@@H](O)[C@H]1O,CCC(C)(CC)COC(=O)[C@H](C)N[P@](=O)(OC[C@H]1O[C@@](C#N)(c2ccc3c(N)ncnn23)[C@H](O)[C@@H]1O)Oc1ccccc1.O >> CCC(C)(CC)COC(=O)[C@H](C)N[P@](=O)(O)Oc1ccccc1.N#C[C@@]1(c2ccc3c(N)ncnn23)O[C@H](CO)[C@@H](O)[C@H]1O,rule0007_203,No_Thermo,"(1, 1)","(1, 1)",Enzymatic,2,2,CCC(C)(CC)COC(=O)[C@H](C)N[P@](=O)(OC[C@H]1O[C@@](C#N)(c2ccc3c(N)ncnn23)[C@H](O)[C@@H]1O)Oc1ccccc1.O>>CCC(C)(CC)COC(=O)[C@H](C)N[P@](=O)(O)Oc1ccccc1.N#C[C@@]1(c2ccc3c(N)ncnn23)O[C@H](CO)[C@@H](O)[C@H]1O,0.55473965,1
CCC(C=O)CC,CCC(C)CC=O,CCC(C=O)CC >> CCC(C)CC=O,rule0028_51,No_Thermo,"(1,)","(1,)",Enzymatic,1,1,CCC(C=O)CC>>CCC(C)CC=O,0.5531285,1
CCC(CC)COC(=O)[C@H](C)N[P@](=O)(O)Oc1ccccc1.C[S+](CC[C@H](N)C(=O)O)C[C@H]1O[C@@H](n2cnc3c(N)ncnc32)[C@H](O)[C@@H]1O,CCC(C)(CC)COC(=O)[C@H](C)N[P@](=O)(O)Oc1ccccc1.Nc1ncnc2c1ncn2[C@@H]1O[C@H](CSCC[C@H](N)C(=O)O)[C@@H](O)[C@H]1O,CCC(CC)COC(=O)[C@H](C)N[P@](=O)(O)Oc1ccccc1.C[S+](CC[C@H](N)C(=O)O)C[C@H]1O[C@@H](n2cnc3c(N)ncnc32)[C@H](O)[C@@H]1O >> CCC(C)(CC)COC(=O)[C@H](C)N[P@](=O)(O)Oc1ccccc1.Nc1ncnc2c1ncn2[C@@H]1O[C@H](CSCC[C@H](N)C(=O)O)[C@@H](O)[C@H]1O,rule0043_12,No_Thermo,"(1, 1)","(1, 1)",Enzymatic,2,2,CCC(CC)COC(=O)[C@H](C)N[P@](=O)(O)Oc1ccccc1.C[S+](CC[C@H](N)C(=O)O)C[C@H]1O[C@@H](n2cnc3c(N)ncnc32)[C@H](O)[C@@H]1O>>CCC(C)(CC)COC(=O)[C@H](C)N[P@](=O)(O)Oc1ccccc1.Nc1ncnc2c1ncn2[C@@H]1O[C@H](CSCC[C@H](N)C(=O)O)[C@@H](O)[C@H]1O,0.5449459,1
CCC(CC)COC(=O)[C@H](CC(CC)CC)N[P@](=O)(OC[C@H]1O[C@@](C#N)(c2ccc3c(N)ncnn23)[C@H](O)[C@@H]1O)Oc1ccccc1.O,CCC(CC)COC(=O)[C@H](CC(CC)CC)N[P@](=O)(O)Oc1ccccc1.N#C[C@@]1(c2ccc3c(N)ncnn23)O[C@H](CO)[C@@H](O)[C@H]1O,CCC(CC)COC(=O)[C@H](CC(CC)CC)N[P@](=O)(OC[C@H]1O[C@@](C#N)(c2ccc3c(N)ncnn23)[C@H](O)[C@@H]1O)Oc1ccccc1.O >> CCC(CC)COC(=O)[C@H](CC(CC)CC)N[P@](=O)(O)Oc1ccccc1.N#C[C@@]1(c2ccc3c(N)ncnn23)O[C@H](CO)[C@@H](O)[C@H]1O,rule0007_203,No_Thermo,"(1, 1)","(1, 1)",Enzymatic,2,2,CCC(CC)COC(=O)[C@H](CC(CC)CC)N[P@](=O)(OC[C@H]1O[C@@](C#N)(c2ccc3c(N)ncnn23)[C@H](O)[C@@H]1O)Oc1ccccc1.O>>CCC(CC)COC(=O)[C@H](CC(CC)CC)N[P@](=O)(O)Oc1ccccc1.N#C[C@@]1(c2ccc3c(N)ncnn23)O[C@H](CO)[C@@H](O)[C@H]1O,0.5446058,1
CCC(CC)COC(=O)[C@H](CC(CC)CC)N[P@](=O)(OC[C@H]1O[C@@](C#N)(c2ccc3c(N)ncnn23)[C@H](O)[C@@H]1O)Oc1ccccc1.O,CCC(CC)COC(=O)[C@H](CC(CC)CC)N[P@](=O)(O)Oc1ccccc1.N#C[C@@]1(c2ccc3c(N)ncnn23)O[C@H](CO)[C@@H](O)[C@H]1O,CCC(CC)COC(=O)[C@H](CC(CC)CC)N[P@](=O)(OC[C@H]1O[C@@](C#N)(c2ccc3c(N)ncnn23)[C@H](O)[C@@H]1O)Oc1ccccc1.O >> CCC(CC)COC(=O)[C@H](CC(CC)CC)N[P@](=O)(O)Oc1ccccc1.N#C[C@@]1(c2ccc3c(N)ncnn23)O[C@H](CO)[C@@H](O)[C@H]1O,rule0125_5,No_Thermo,"(1, 1)","(1, 1)",Enzymatic,2,2,CCC(CC)COC(=O)[C@H](CC(CC)CC)N[P@](=O)(OC[C@H]1O[C@@](C#N)(c2ccc3c(N)ncnn23)[C@H](O)[C@@H]1O)Oc1ccccc1.O>>CCC(CC)COC(=O)[C@H](CC(CC)CC)N[P@](=O)(O)Oc1ccccc1.N#C[C@@]1(c2ccc3c(N)ncnn23)O[C@H](CO)[C@@H](O)[C@H]1O,0.5446058,1
CCC(CC)COC(=O)[C@H](C)N[P@@](=O)(Oc1ccccc1)OP(=O)(O)O.NC(=O)C1=CN([C@@H]2O[C@H](COP(=O)(O)OP(=O)(O)OC[C@H]3O[C@@H](n4cnc5c(N)ncnc54)[C@H](OP(=O)(O)O)[C@@H]3O)[C@@H](O)[C@H]2O)C=CC1.O=O,CCC(C=O)CC.C[C@H](N[P@@](=O)(Oc1ccccc1)OP(=O)(O)O)C(=O)O.NC(=O)c1ccc[n+]([C@@H]2O[C@H](COP(=O)(O)OP(=O)(O)OC[C@H]3O[C@@H](n4cnc5c(N)ncnc54)[C@H](OP(=O)(O)O)[C@@H]3O)[C@@H](O)[C@H]2O)c1.O,CCC(CC)COC(=O)[C@H](C)N[P@@](=O)(Oc1ccccc1)OP(=O)(O)O.NC(=O)C1=CN([C@@H]2O[C@H](COP(=O)(O)OP(=O)(O)OC[C@H]3O[C@@H](n4cnc5c(N)ncnc54)[C@H](OP(=O)(O)O)[C@@H]3O)[C@@H](O)[C@H]2O)C=CC1.O=O >> CCC(C=O)CC.C[C@H](N[P@@](=O)(Oc1ccccc1)OP(=O)(O)O)C(=O)O.NC(=O)c1ccc[n+]([C@@H]2O[C@H](COP(=O)(O)OP(=O)(O)OC[C@H]3O[C@@H](n4cnc5c(N)ncnc54)[C@H](OP(=O)(O)O)[C@@H]3O)[C@@H](O)[C@H]2O)c1.O,rule0491_2,No_Thermo,"(1, 1, 1)","(1, 1, 1, 1)",Enzymatic,3,4,CCC(CC)COC(=O)[C@H](C)N[P@@](=O)(Oc1ccccc1)OP(=O)(O)O.NC(=O)C1=CN([C@@H]2O[C@H](COP(=O)(O)OP(=O)(O)OC[C@H]3O[C@@H](n4cnc5c(N)ncnc54)[C@H](OP(=O)(O)O)[C@@H]3O)[C@@H](O)[C@H]2O)C=CC1.O=O>>CCC(C=O)CC.C[C@H](N[P@@](=O)(Oc1ccccc1)OP(=O)(O)O)C(=O)O.NC(=O)c1ccc[n+]([C@@H]2O[C@H](COP(=O)(O)OP(=O)(O)OC[C@H]3O[C@@H](n4cnc5c(N)ncnc54)[C@H](OP(=O)(O)O)[C@@H]3O)[C@@H](O)[C@H]2O)c1.O,0.5434811,1
CCC(CC)c1ccc(O[P@](=O)(N[C@@H](C)C(=O)OC)OC[C@H]2O[C@@](C#N)(c3ccc4c(N)ncnn34)[C@H](O)[C@@H]2O)cc1.O,CCC(CC)c1ccc(O[P@@](=O)(O)N[C@@H](C)C(=O)OC)cc1.N#C[C@@]1(c2ccc3c(N)ncnn23)O[C@H](CO)[C@@H](O)[C@H]1O,CCC(CC)c1ccc(O[P@](=O)(N[C@@H](C)C(=O)OC)OC[C@H]2O[C@@](C#N)(c3ccc4c(N)ncnn34)[C@H](O)[C@@H]2O)cc1.O >> CCC(CC)c1ccc(O[P@@](=O)(O)N[C@@H](C)C(=O)OC)cc1.N#C[C@@]1(c2ccc3c(N)ncnn23)O[C@H](CO)[C@@H](O)[C@H]1O,rule0007_203,No_Thermo,"(1, 1)","(1, 1)",Enzymatic,2,2,CCC(CC)c1ccc(O[P@](=O)(N[C@@H](C)C(=O)OC)OC[C@H]2O[C@@](C#N)(c3ccc4c(N)ncnn34)[C@H](O)[C@@H]2O)cc1.O>>CCC(CC)c1ccc(O[P@@](=O)(O)N[C@@H](C)C(=O)OC)cc1.N#C[C@@]1(c2ccc3c(N)ncnn23)O[C@H](CO)[C@@H](O)[C@H]1O,0.54252815,1
CCC(CC)c1ccc(O[P@](=O)(N[C@@H](C)C(=O)OC)OC[C@H]2O[C@@](C#N)(c3ccc4c(N)ncnn34)[C@H](O)[C@@H]2O)cc1.O,CCC(CC)c1ccc(O[P@@](=O)(O)N[C@@H](C)C(=O)OC)cc1.N#C[C@@]1(c2ccc3c(N)ncnn23)O[C@H](CO)[C@@H](O)[C@H]1O,CCC(CC)c1ccc(O[P@](=O)(N[C@@H](C)C(=O)OC)OC[C@H]2O[C@@](C#N)(c3ccc4c(N)ncnn34)[C@H](O)[C@@H]2O)cc1.O >> CCC(CC)c1ccc(O[P@@](=O)(O)N[C@@H](C)C(=O)OC)cc1.N#C[C@@]1(c2ccc3c(N)ncnn23)O[C@H](CO)[C@@H](O)[C@H]1O,rule0125_5,No_Thermo,"(1, 1)","(1, 1)",Enzymatic,2,2,CCC(CC)c1ccc(O[P@](=O)(N[C@@H](C)C(=O)OC)OC[C@H]2O[C@@](C#N)(c3ccc4c(N)ncnn34)[C@H](O)[C@@H]2O)cc1.O>>CCC(CC)c1ccc(O[P@@](=O)(O)N[C@@H](C)C(=O)OC)cc1.N#C[C@@]1(c2ccc3c(N)ncnn23)O[C@H](CO)[C@@H](O)[C@H]1O,0.54252815,1
CCC(C)COC(=O)[C@H](C)N[P@](=O)(OC[C@]1(C)O[C@@](C#N)(c2ccc3c(N)ncnn23)[C@H](O)[C@@H]1O)Oc1ccccc1.C[S+](CC[C@H](N)C(=O)O)C[C@H]1O[C@@H](n2cnc3c(N)ncnc32)[C@H](O)[C@@H]1O,CCC(C)COC(=O)[C@H](C)N[P@](=O)(OC[C@]1(C)O[C@@](C#N)(c2ccc3c(N)ncnn23)[C@H](O)[C@@H]1OC)Oc1ccccc1.Nc1ncnc2c1ncn2[C@@H]1O[C@H](CSCC[C@H](N)C(=O)O)[C@@H](O)[C@H]1O,CCC(C)COC(=O)[C@H](C)N[P@](=O)(OC[C@]1(C)O[C@@](C#N)(c2ccc3c(N)ncnn23)[C@H](O)[C@@H]1O)Oc1ccccc1.C[S+](CC[C@H](N)C(=O)O)C[C@H]1O[C@@H](n2cnc3c(N)ncnc32)[C@H](O)[C@@H]1O >> CCC(C)COC(=O)[C@H](C)N[P@](=O)(OC[C@]1(C)O[C@@](C#N)(c2ccc3c(N)ncnn23)[C@H](O)[C@@H]1OC)Oc1ccccc1.Nc1ncnc2c1ncn2[C@@H]1O[C@H](CSCC[C@H](N)C(=O)O)[C@@H](O)[C@H]1O,rule0011_51,No_Thermo,"(1, 1)","(1, 1)",Enzymatic,2,2,CCC(C)COC(=O)[C@H](C)N[P@](=O)(OC[C@]1(C)O[C@@](C#N)(c2ccc3c(N)ncnn23)[C@H](O)[C@@H]1O)Oc1ccccc1.C[S+](CC[C@H](N)C(=O)O)C[C@H]1O[C@@H](n2cnc3c(N)ncnc32)[C@H](O)[C@@H]1O>>CCC(C)COC(=O)[C@H](C)N[P@](=O)(OC[C@]1(C)O[C@@](C#N)(c2ccc3c(N)ncnn23)[C@H](O)[C@@H]1OC)Oc1ccccc1.Nc1ncnc2c1ncn2[C@@H]1O[C@H](CSCC[C@H](N)C(=O)O)[C@@H](O)[C@H]1O,0.54147345,1
CCC(CC)COC(O)[C@H](C)N[P@](=O)(OC[C@H]1O[C@@]2(C#N)c3ccc4c(N)nc(nn34)O[C@@H]2[C@@H]1O)Oc1ccccc1.O,CCC(CC)COC(O)[C@H](C)N[P@](=O)(O)Oc1ccccc1.N#C[C@@]12O[C@H](CO)[C@@H](O)[C@H]1Oc1nc(N)c3ccc2n3n1,CCC(CC)COC(O)[C@H](C)N[P@](=O)(OC[C@H]1O[C@@]2(C#N)c3ccc4c(N)nc(nn34)O[C@@H]2[C@@H]1O)Oc1ccccc1.O >> CCC(CC)COC(O)[C@H](C)N[P@](=O)(O)Oc1ccccc1.N#C[C@@]12O[C@H](CO)[C@@H](O)[C@H]1Oc1nc(N)c3ccc2n3n1,rule0125_5,No_Thermo,"(1, 1)","(1, 1)",Enzymatic,2,2,CCC(CC)COC(O)[C@H](C)N[P@](=O)(OC[C@H]1O[C@@]2(C#N)c3ccc4c(N)nc(nn34)O[C@@H]2[C@@H]1O)Oc1ccccc1.O>>CCC(CC)COC(O)[C@H](C)N[P@](=O)(O)Oc1ccccc1.N#C[C@@]12O[C@H](CO)[C@@H](O)[C@H]1Oc1nc(N)c3ccc2n3n1,0.5344746,1
CCC(CC)COC(O)[C@H](C)N[P@](=O)(OC[C@H]1O[C@@]2(C#N)c3ccc4c(N)nc(nn34)O[C@@H]2[C@@H]1O)Oc1ccccc1.O,CCC(CC)COC(O)[C@H](C)N[P@](=O)(O)Oc1ccccc1.N#C[C@@]12O[C@H](CO)[C@@H](O)[C@H]1Oc1nc(N)c3ccc2n3n1,CCC(CC)COC(O)[C@H](C)N[P@](=O)(OC[C@H]1O[C@@]2(C#N)c3ccc4c(N)nc(nn34)O[C@@H]2[C@@H]1O)Oc1ccccc1.O >> CCC(CC)COC(O)[C@H](C)N[P@](=O)(O)Oc1ccccc1.N#C[C@@]12O[C@H](CO)[C@@H](O)[C@H]1Oc1nc(N)c3ccc2n3n1,rule0007_203,No_Thermo,"(1, 1)","(1, 1)",Enzymatic,2,2,CCC(CC)COC(O)[C@H](C)N[P@](=O)(OC[C@H]1O[C@@]2(C#N)c3ccc4c(N)nc(nn34)O[C@@H]2[C@@H]1O)Oc1ccccc1.O>>CCC(CC)COC(O)[C@H](C)N[P@](=O)(O)Oc1ccccc1.N#C[C@@]12O[C@H](CO)[C@@H](O)[C@H]1Oc1nc(N)c3ccc2n3n1,0.5344746,1
CC(=O)SCCNC(=O)CCNC(=O)[C@H](O)C(C)(C)COP(=O)(O)OP(=O)(O)OC[C@H]1O[C@@H](n2cnc3c(N)ncnc32)[C@H](O)[C@@H]1OP(=O)(O)O.CCC(CC)COC(=O)CN[P@](=O)(OC[C@]1(C)O[C@@](C#N)(c2ccc3c(N)ncnn23)[C@H](O)[C@@H]1O)Oc1ccccc1,CC(C)(COP(=O)(O)OP(=O)(O)OC[C@H]1O[C@@H](n2cnc3c(N)ncnc32)[C@H](O)[C@@H]1OP(=O)(O)O)[C@@H](O)C(=O)NCCC(=O)NCCS.CCC(CC)COC(=O)CN[P@](=O)(OC[C@]1(C)O[C@@](C#N)(c2ccc3c(NC(C)=O)ncnn23)[C@H](O)[C@@H]1O)Oc1ccccc1,CC(=O)SCCNC(=O)CCNC(=O)[C@H](O)C(C)(C)COP(=O)(O)OP(=O)(O)OC[C@H]1O[C@@H](n2cnc3c(N)ncnc32)[C@H](O)[C@@H]1OP(=O)(O)O.CCC(CC)COC(=O)CN[P@](=O)(OC[C@]1(C)O[C@@](C#N)(c2ccc3c(N)ncnn23)[C@H](O)[C@@H]1O)Oc1ccccc1 >> CC(C)(COP(=O)(O)OP(=O)(O)OC[C@H]1O[C@@H](n2cnc3c(N)ncnc32)[C@H](O)[C@@H]1OP(=O)(O)O)[C@@H](O)C(=O)NCCC(=O)NCCS.CCC(CC)COC(=O)CN[P@](=O)(OC[C@]1(C)O[C@@](C#N)(c2ccc3c(NC(C)=O)ncnn23)[C@H](O)[C@@H]1O)Oc1ccccc1,rule0042_10,No_Thermo,"(1, 1)","(1, 1)",Enzymatic,2,2,CC(=O)SCCNC(=O)CCNC(=O)[C@H](O)C(C)(C)COP(=O)(O)OP(=O)(O)OC[C@H]1O[C@@H](n2cnc3c(N)ncnc32)[C@H](O)[C@@H]1OP(=O)(O)O.CCC(CC)COC(=O)CN[P@](=O)(OC[C@]1(C)O[C@@](C#N)(c2ccc3c(N)ncnn23)[C@H](O)[C@@H]1O)Oc1ccccc1>>CC(C)(COP(=O)(O)OP(=O)(O)OC[C@H]1O[C@@H](n2cnc3c(N)ncnc32)[C@H](O)[C@@H]1OP(=O)(O)O)[C@@H](O)C(=O)NCCC(=O)NCCS.CCC(CC)COC(=O)CN[P@](=O)(OC[C@]1(C)O[C@@](C#N)(c2ccc3c(NC(C)=O)ncnn23)[C@H](O)[C@@H]1O)Oc1ccccc1,0.5313268,1
CCC(CC)COC(=O)[C@H](C)N[P@](=O)(OC[C@H]1O[C@@](C#N)(c2ccc3c(N)ncnn23)[C@H](O)[C@@H]1O)Oc1ccc(C(=O)O)cc1.O=P(O)(O)O,CCC(CC)COC(=O)[C@H](C)N[P@@](=O)(Oc1ccc(C(=O)O)cc1)OP(=O)(O)O.N#C[C@@]1(c2ccc3c(N)ncnn23)O[C@H](CO)[C@@H](O)[C@H]1O,CCC(CC)COC(=O)[C@H](C)N[P@](=O)(OC[C@H]1O[C@@](C#N)(c2ccc3c(N)ncnn23)[C@H](O)[C@@H]1O)Oc1ccc(C(=O)O)cc1.O=P(O)(O)O >> CCC(CC)COC(=O)[C@H](C)N[P@@](=O)(Oc1ccc(C(=O)O)cc1)OP(=O)(O)O.N#C[C@@]1(c2ccc3c(N)ncnn23)O[C@H](CO)[C@@H](O)[C@H]1O,rule0768_2,No_Thermo,"(1, 1)","(1, 1)",Enzymatic,2,2,CCC(CC)COC(=O)[C@H](C)N[P@](=O)(OC[C@H]1O[C@@](C#N)(c2ccc3c(N)ncnn23)[C@H](O)[C@@H]1O)Oc1ccc(C(=O)O)cc1.O=P(O)(O)O>>CCC(CC)COC(=O)[C@H](C)N[P@@](=O)(Oc1ccc(C(=O)O)cc1)OP(=O)(O)O.N#C[C@@]1(c2ccc3c(N)ncnn23)O[C@H](CO)[C@@H](O)[C@H]1O,0.52712536,1
CCC(CC)COC(=O)[C@H](C)N[P@](=O)(O)Oc1ccccc1.C[S+](CC[C@H](N)C(=O)O)C[C@H]1O[C@@H](n2cnc3c(N)ncnc32)[C@H](O)[C@@H]1O,CCC(CC)COC(=O)C(C)(C)N[P@](=O)(O)Oc1ccccc1.Nc1ncnc2c1ncn2[C@@H]1O[C@H](CSCC[C@H](N)C(=O)O)[C@@H](O)[C@H]1O,CCC(CC)COC(=O)[C@H](C)N[P@](=O)(O)Oc1ccccc1.C[S+](CC[C@H](N)C(=O)O)C[C@H]1O[C@@H](n2cnc3c(N)ncnc32)[C@H](O)[C@@H]1O >> CCC(CC)COC(=O)C(C)(C)N[P@](=O)(O)Oc1ccccc1.Nc1ncnc2c1ncn2[C@@H]1O[C@H](CSCC[C@H](N)C(=O)O)[C@@H](O)[C@H]1O,rule0043_12,No_Thermo,"(1, 1)","(1, 1)",Enzymatic,2,2,CCC(CC)COC(=O)[C@H](C)N[P@](=O)(O)Oc1ccccc1.C[S+](CC[C@H](N)C(=O)O)C[C@H]1O[C@@H](n2cnc3c(N)ncnc32)[C@H](O)[C@@H]1O>>CCC(CC)COC(=O)C(C)(C)N[P@](=O)(O)Oc1ccccc1.Nc1ncnc2c1ncn2[C@@H]1O[C@H](CSCC[C@H](N)C(=O)O)[C@@H](O)[C@H]1O,0.52570283,1
CCC(CC)COC(=O)[C@H](C)N[P@](=O)(O)Oc1ccccc1,CCC(CC)COC(=O)CCN[P@](=O)(O)Oc1ccccc1,CCC(CC)COC(=O)[C@H](C)N[P@](=O)(O)Oc1ccccc1 >> CCC(CC)COC(=O)CCN[P@](=O)(O)Oc1ccccc1,rule0172_1,No_Thermo,"(1,)","(1,)",Enzymatic,1,1,CCC(CC)COC(=O)[C@H](C)N[P@](=O)(O)Oc1ccccc1>>CCC(CC)COC(=O)CCN[P@](=O)(O)Oc1ccccc1,0.5254058,1
CCC(CC)COC(=O)[C@H](C)N[P@](=O)(O)Oc1ccccc1,CCC(CC)COC(=O)CCN[P@](=O)(O)Oc1ccccc1,CCC(CC)COC(=O)[C@H](C)N[P@](=O)(O)Oc1ccccc1 >> CCC(CC)COC(=O)CCN[P@](=O)(O)Oc1ccccc1,rule0028_50,No_Thermo,"(1,)","(1,)",Enzymatic,1,1,CCC(CC)COC(=O)[C@H](C)N[P@](=O)(O)Oc1ccccc1>>CCC(CC)COC(=O)CCN[P@](=O)(O)Oc1ccccc1,0.5254058,1
CCC(CC)COC(=O)CN[P@](=O)(OC[C@H]1O[C@@](C#N)(c2ccc3c(N)ncnn23)[C@@](C)(O)[C@@H]1O)Oc1ccccc1.O=P(O)(O)O,CCC(CC)COC(=O)CN[P@@](=O)(Oc1ccccc1)OP(=O)(O)O.C[C@]1(O)[C@H](O)[C@@H](CO)O[C@@]1(C#N)c1ccc2c(N)ncnn12,CCC(CC)COC(=O)CN[P@](=O)(OC[C@H]1O[C@@](C#N)(c2ccc3c(N)ncnn23)[C@@](C)(O)[C@@H]1O)Oc1ccccc1.O=P(O)(O)O >> CCC(CC)COC(=O)CN[P@@](=O)(Oc1ccccc1)OP(=O)(O)O.C[C@]1(O)[C@H](O)[C@@H](CO)O[C@@]1(C#N)c1ccc2c(N)ncnn12,rule0768_2,No_Thermo,"(1, 1)","(1, 1)",Enzymatic,2,2,CCC(CC)COC(=O)CN[P@](=O)(OC[C@H]1O[C@@](C#N)(c2ccc3c(N)ncnn23)[C@@](C)(O)[C@@H]1O)Oc1ccccc1.O=P(O)(O)O>>CCC(CC)COC(=O)CN[P@@](=O)(Oc1ccccc1)OP(=O)(O)O.C[C@]1(O)[C@H](O)[C@@H](CO)O[C@@]1(C#N)c1ccc2c(N)ncnn12,0.5202897,1
CCC(CC)C(CC)OC(=O)[C@H](C)N[P@](=O)(OC[C@H]1O[C@@](C#N)(c2ccc3c(N)ncnn23)[C@H](O)[C@@H]1O)Oc1ccccc1.O,CCC(CC)C(CC)OC(=O)[C@H](C)N[P@](=O)(O)Oc1ccccc1.N#C[C@@]1(c2ccc3c(N)ncnn23)O[C@H](CO)[C@@H](O)[C@H]1O,CCC(CC)C(CC)OC(=O)[C@H](C)N[P@](=O)(OC[C@H]1O[C@@](C#N)(c2ccc3c(N)ncnn23)[C@H](O)[C@@H]1O)Oc1ccccc1.O >> CCC(CC)C(CC)OC(=O)[C@H](C)N[P@](=O)(O)Oc1ccccc1.N#C[C@@]1(c2ccc3c(N)ncnn23)O[C@H](CO)[C@@H](O)[C@H]1O,rule0007_203,No_Thermo,"(1, 1)","(1, 1)",Enzymatic,2,2,CCC(CC)C(CC)OC(=O)[C@H](C)N[P@](=O)(OC[C@H]1O[C@@](C#N)(c2ccc3c(N)ncnn23)[C@H](O)[C@@H]1O)Oc1ccccc1.O>>CCC(CC)C(CC)OC(=O)[C@H](C)N[P@](=O)(O)Oc1ccccc1.N#C[C@@]1(c2ccc3c(N)ncnn23)O[C@H](CO)[C@@H](O)[C@H]1O,0.5197739,1
CCC(CC)C(CC)OC(=O)[C@H](C)N[P@](=O)(OC[C@H]1O[C@@](C#N)(c2ccc3c(N)ncnn23)[C@H](O)[C@@H]1O)Oc1ccccc1.O,CCC(CC)C(CC)OC(=O)[C@H](C)N[P@](=O)(O)Oc1ccccc1.N#C[C@@]1(c2ccc3c(N)ncnn23)O[C@H](CO)[C@@H](O)[C@H]1O,CCC(CC)C(CC)OC(=O)[C@H](C)N[P@](=O)(OC[C@H]1O[C@@](C#N)(c2ccc3c(N)ncnn23)[C@H](O)[C@@H]1O)Oc1ccccc1.O >> CCC(CC)C(CC)OC(=O)[C@H](C)N[P@](=O)(O)Oc1ccccc1.N#C[C@@]1(c2ccc3c(N)ncnn23)O[C@H](CO)[C@@H](O)[C@H]1O,rule0125_5,No_Thermo,"(1, 1)","(1, 1)",Enzymatic,2,2,CCC(CC)C(CC)OC(=O)[C@H](C)N[P@](=O)(OC[C@H]1O[C@@](C#N)(c2ccc3c(N)ncnn23)[C@H](O)[C@@H]1O)Oc1ccccc1.O>>CCC(CC)C(CC)OC(=O)[C@H](C)N[P@](=O)(O)Oc1ccccc1.N#C[C@@]1(c2ccc3c(N)ncnn23)O[C@H](CO)[C@@H](O)[C@H]1O,0.5197739,1
CCC(C=O)CC.NC(=O)C1=CN([C@@H]2O[C@H](COP(=O)(O)OP(=O)(O)OC[C@H]3O[C@@H](n4cnc5c(N)ncnc54)[C@H](OP(=O)(O)O)[C@@H]3O)[C@@H](O)[C@H]2O)C=CC1.O=O,CCC(CC)OC=O.NC(=O)c1ccc[n+]([C@@H]2O[C@H](COP(=O)(O)OP(=O)(O)OC[C@H]3O[C@@H](n4cnc5c(N)ncnc54)[C@H](OP(=O)(O)O)[C@@H]3O)[C@@H](O)[C@H]2O)c1.O,CCC(C=O)CC.NC(=O)C1=CN([C@@H]2O[C@H](COP(=O)(O)OP(=O)(O)OC[C@H]3O[C@@H](n4cnc5c(N)ncnc54)[C@H](OP(=O)(O)O)[C@@H]3O)[C@@H](O)[C@H]2O)C=CC1.O=O >> CCC(CC)OC=O.NC(=O)c1ccc[n+]([C@@H]2O[C@H](COP(=O)(O)OP(=O)(O)OC[C@H]3O[C@@H](n4cnc5c(N)ncnc54)[C@H](OP(=O)(O)O)[C@@H]3O)[C@@H](O)[C@H]2O)c1.O,rule0083_11,No_Thermo,"(1, 1, 1)","(1, 1, 1)",Enzymatic,3,3,CCC(C=O)CC.NC(=O)C1=CN([C@@H]2O[C@H](COP(=O)(O)OP(=O)(O)OC[C@H]3O[C@@H](n4cnc5c(N)ncnc54)[C@H](OP(=O)(O)O)[C@@H]3O)[C@@H](O)[C@H]2O)C=CC1.O=O>>CCC(CC)OC=O.NC(=O)c1ccc[n+]([C@@H]2O[C@H](COP(=O)(O)OP(=O)(O)OC[C@H]3O[C@@H](n4cnc5c(N)ncnc54)[C@H](OP(=O)(O)O)[C@@H]3O)[C@@H](O)[C@H]2O)c1.O,0.5189842,1
CCC(C)COC(=O)[C@H](C)N[P@](=O)(OC[C@H]1O[C@@](C#N)(c2ccc3c(N)ncnn23)[C@@](C)(O)[C@@H]1O)Oc1ccccc1.C[S+](CC[C@H](N)C(=O)O)C[C@H]1O[C@@H](n2cnc3c(N)ncnc32)[C@H](O)[C@@H]1O,CCC(C)C(C)OC(=O)[C@H](C)N[P@](=O)(OC[C@H]1O[C@@](C#N)(c2ccc3c(N)ncnn23)[C@@](C)(O)[C@@H]1O)Oc1ccccc1.Nc1ncnc2c1ncn2[C@@H]1O[C@H](CSCC[C@H](N)C(=O)O)[C@@H](O)[C@H]1O,CCC(C)COC(=O)[C@H](C)N[P@](=O)(OC[C@H]1O[C@@](C#N)(c2ccc3c(N)ncnn23)[C@@](C)(O)[C@@H]1O)Oc1ccccc1.C[S+](CC[C@H](N)C(=O)O)C[C@H]1O[C@@H](n2cnc3c(N)ncnc32)[C@H](O)[C@@H]1O >> CCC(C)C(C)OC(=O)[C@H](C)N[P@](=O)(OC[C@H]1O[C@@](C#N)(c2ccc3c(N)ncnn23)[C@@](C)(O)[C@@H]1O)Oc1ccccc1.Nc1ncnc2c1ncn2[C@@H]1O[C@H](CSCC[C@H](N)C(=O)O)[C@@H](O)[C@H]1O,rule0043_12,No_Thermo,"(1, 1)","(1, 1)",Enzymatic,2,2,CCC(C)COC(=O)[C@H](C)N[P@](=O)(OC[C@H]1O[C@@](C#N)(c2ccc3c(N)ncnn23)[C@@](C)(O)[C@@H]1O)Oc1ccccc1.C[S+](CC[C@H](N)C(=O)O)C[C@H]1O[C@@H](n2cnc3c(N)ncnc32)[C@H](O)[C@@H]1O>>CCC(C)C(C)OC(=O)[C@H](C)N[P@](=O)(OC[C@H]1O[C@@](C#N)(c2ccc3c(N)ncnn23)[C@@](C)(O)[C@@H]1O)Oc1ccccc1.Nc1ncnc2c1ncn2[C@@H]1O[C@H](CSCC[C@H](N)C(=O)O)[C@@H](O)[C@H]1O,0.5183533,1
CCC(CC)COC(O)[C@H](C)N[P@](=O)(OC[C@H]1O[C@@]2(C#N)c3ccc4c(N)nc(nn34)O[C@H]1[C@H]2O)Oc1ccccc1.O=P(O)(O)O,CCC(CC)COC(O)[C@H](C)N[P@@](=O)(Oc1ccccc1)OP(=O)(O)O.N#C[C@]12O[C@H](CO)[C@@H](Oc3nc(N)c4ccc1n4n3)[C@H]2O,CCC(CC)COC(O)[C@H](C)N[P@](=O)(OC[C@H]1O[C@@]2(C#N)c3ccc4c(N)nc(nn34)O[C@H]1[C@H]2O)Oc1ccccc1.O=P(O)(O)O >> CCC(CC)COC(O)[C@H](C)N[P@@](=O)(Oc1ccccc1)OP(=O)(O)O.N#C[C@]12O[C@H](CO)[C@@H](Oc3nc(N)c4ccc1n4n3)[C@H]2O,rule0768_2,No_Thermo,"(1, 1)","(1, 1)",Enzymatic,2,2,CCC(CC)COC(O)[C@H](C)N[P@](=O)(OC[C@H]1O[C@@]2(C#N)c3ccc4c(N)nc(nn34)O[C@H]1[C@H]2O)Oc1ccccc1.O=P(O)(O)O>>CCC(CC)COC(O)[C@H](C)N[P@@](=O)(Oc1ccccc1)OP(=O)(O)O.N#C[C@]12O[C@H](CO)[C@@H](Oc3nc(N)c4ccc1n4n3)[C@H]2O,0.5169004,1
Nc1ncnc2c1ncn2[C@@H]1O[C@H](COP(=O)(O)OP(=O)(O)OP(=O)(O)O)[C@@H](O)[C@H]1O.Oc1ccccc1,Nc1ncnc2c1ncn2[C@@H]1O[C@H](COP(=O)(O)OP(=O)(O)O)[C@@H](O)[C@H]1O.O=P(O)(O)Oc1ccccc1,Nc1ncnc2c1ncn2[C@@H]1O[C@H](COP(=O)(O)OP(=O)(O)OP(=O)(O)O)[C@@H](O)[C@H]1O.Oc1ccccc1 >> Nc1ncnc2c1ncn2[C@@H]1O[C@H](COP(=O)(O)OP(=O)(O)O)[C@@H](O)[C@H]1O.O=P(O)(O)Oc1ccccc1,rule0015_34,No_Thermo,"(1, 1)","(1, 1)",Enzymatic,2,2,Nc1ncnc2c1ncn2[C@@H]1O[C@H](COP(=O)(O)OP(=O)(O)OP(=O)(O)O)[C@@H](O)[C@H]1O.Oc1ccccc1>>Nc1ncnc2c1ncn2[C@@H]1O[C@H](COP(=O)(O)OP(=O)(O)O)[C@@H](O)[C@H]1O.O=P(O)(O)Oc1ccccc1,0.5151946,1
C#N.CCC(C=O)CC,CCC(CC)C(O)C#N,C#N.CCC(C=O)CC >> CCC(CC)C(O)C#N,rule0393_6,No_Thermo,"(1, 1)","(1,)",Enzymatic,2,1,C#N.CCC(C=O)CC>>CCC(CC)C(O)C#N,0.5147057,1
CC(=O)SCCNC(=O)CCNC(=O)[C@H](O)C(C)(C)COP(=O)(O)OP(=O)(O)OC[C@H]1O[C@@H](n2cnc3c(N)ncnc32)[C@H](O)[C@@H]1OP(=O)(O)O.CCC(CC)COC(=O)O,CC(C)(COP(=O)(O)OP(=O)(O)OC[C@H]1O[C@@H](n2cnc3c(N)ncnc32)[C@H](O)[C@@H]1OP(=O)(O)O)[C@@H](O)C(=O)NCCC(=O)NCCS.CCC(CC)COC(=O)OC(C)=O,CC(=O)SCCNC(=O)CCNC(=O)[C@H](O)C(C)(C)COP(=O)(O)OP(=O)(O)OC[C@H]1O[C@@H](n2cnc3c(N)ncnc32)[C@H](O)[C@@H]1OP(=O)(O)O.CCC(CC)COC(=O)O >> CC(C)(COP(=O)(O)OP(=O)(O)OC[C@H]1O[C@@H](n2cnc3c(N)ncnc32)[C@H](O)[C@@H]1OP(=O)(O)O)[C@@H](O)C(=O)NCCC(=O)NCCS.CCC(CC)COC(=O)OC(C)=O,rule0062_18,No_Thermo,"(1, 1)","(1, 1)",Enzymatic,2,2,CC(=O)SCCNC(=O)CCNC(=O)[C@H](O)C(C)(C)COP(=O)(O)OP(=O)(O)OC[C@H]1O[C@@H](n2cnc3c(N)ncnc32)[C@H](O)[C@@H]1OP(=O)(O)O.CCC(CC)COC(=O)O>>CC(C)(COP(=O)(O)OP(=O)(O)OC[C@H]1O[C@@H](n2cnc3c(N)ncnc32)[C@H](O)[C@@H]1OP(=O)(O)O)[C@@H](O)C(=O)NCCC(=O)NCCS.CCC(CC)COC(=O)OC(C)=O,0.5132369,1
CCC(CC)C(C)OC(=O)CN[P@](=O)(OC[C@H]1O[C@@](C#N)(c2ccc3c(N)ncnn23)[C@H](O)[C@@H]1O)Oc1ccccc1.NC(=O)C1=CN([C@@H]2O[C@H](COP(=O)(O)OP(=O)(O)OC[C@H]3O[C@@H](n4cnc5c(N)ncnc54)[C@H](OP(=O)(O)O)[C@@H]3O)[C@@H](O)[C@H]2O)C=CC1.O=O,CCC(CC)C(C)OC(=O)CN[P@](=O)(O)Oc1ccccc1.N#C[C@@]1(c2ccc3c(N)ncnn23)O[C@H](C=O)[C@@H](O)[C@H]1O.NC(=O)c1ccc[n+]([C@@H]2O[C@H](COP(=O)(O)OP(=O)(O)OC[C@H]3O[C@@H](n4cnc5c(N)ncnc54)[C@H](OP(=O)(O)O)[C@@H]3O)[C@@H](O)[C@H]2O)c1.O,CCC(CC)C(C)OC(=O)CN[P@](=O)(OC[C@H]1O[C@@](C#N)(c2ccc3c(N)ncnn23)[C@H](O)[C@@H]1O)Oc1ccccc1.NC(=O)C1=CN([C@@H]2O[C@H](COP(=O)(O)OP(=O)(O)OC[C@H]3O[C@@H](n4cnc5c(N)ncnc54)[C@H](OP(=O)(O)O)[C@@H]3O)[C@@H](O)[C@H]2O)C=CC1.O=O >> CCC(CC)C(C)OC(=O)CN[P@](=O)(O)Oc1ccccc1.N#C[C@@]1(c2ccc3c(N)ncnn23)O[C@H](C=O)[C@@H](O)[C@H]1O.NC(=O)c1ccc[n+]([C@@H]2O[C@H](COP(=O)(O)OP(=O)(O)OC[C@H]3O[C@@H](n4cnc5c(N)ncnc54)[C@H](OP(=O)(O)O)[C@@H]3O)[C@@H](O)[C@H]2O)c1.O,rule0491_2,No_Thermo,"(1, 1, 1)","(1, 1, 1, 1)",Enzymatic,3,4,CCC(CC)C(C)OC(=O)CN[P@](=O)(OC[C@H]1O[C@@](C#N)(c2ccc3c(N)ncnn23)[C@H](O)[C@@H]1O)Oc1ccccc1.NC(=O)C1=CN([C@@H]2O[C@H](COP(=O)(O)OP(=O)(O)OC[C@H]3O[C@@H](n4cnc5c(N)ncnc54)[C@H](OP(=O)(O)O)[C@@H]3O)[C@@H](O)[C@H]2O)C=CC1.O=O>>CCC(CC)C(C)OC(=O)CN[P@](=O)(O)Oc1ccccc1.N#C[C@@]1(c2ccc3c(N)ncnn23)O[C@H](C=O)[C@@H](O)[C@H]1O.NC(=O)c1ccc[n+]([C@@H]2O[C@H](COP(=O)(O)OP(=O)(O)OC[C@H]3O[C@@H](n4cnc5c(N)ncnc54)[C@H](OP(=O)(O)O)[C@@H]3O)[C@@H](O)[C@H]2O)c1.O,0.50892466,1
CCC(CC)CO.CCC(CC)CO,CCC(C)CO.CCC(CO)C(C)C,CCC(CC)CO.CCC(CC)CO >> CCC(C)CO.CCC(CO)C(C)C,rule0126_2,No_Thermo,"(1, 1)","(1, 1)",Enzymatic,2,2,CCC(CC)CO.CCC(CC)CO>>CCC(C)CO.CCC(CO)C(C)C,0.5078421,1
CCC(COC(=O)[C@H](C)N[P@](=O)(OC[C@H]1O[C@@](C#N)(c2ccc3c(N)ncnn23)[C@H](O)[C@@H]1O)Oc1ccccc1)C(C)O.O=P(O)(O)O,CCC(COC(=O)[C@H](C)N[P@@](=O)(Oc1ccccc1)OP(=O)(O)O)C(C)O.N#C[C@@]1(c2ccc3c(N)ncnn23)O[C@H](CO)[C@@H](O)[C@H]1O,CCC(COC(=O)[C@H](C)N[P@](=O)(OC[C@H]1O[C@@](C#N)(c2ccc3c(N)ncnn23)[C@H](O)[C@@H]1O)Oc1ccccc1)C(C)O.O=P(O)(O)O >> CCC(COC(=O)[C@H](C)N[P@@](=O)(Oc1ccccc1)OP(=O)(O)O)C(C)O.N#C[C@@]1(c2ccc3c(N)ncnn23)O[C@H](CO)[C@@H](O)[C@H]1O,rule0768_2,No_Thermo,"(1, 1)","(1, 1)",Enzymatic,2,2,CCC(COC(=O)[C@H](C)N[P@](=O)(OC[C@H]1O[C@@](C#N)(c2ccc3c(N)ncnn23)[C@H](O)[C@@H]1O)Oc1ccccc1)C(C)O.O=P(O)(O)O>>CCC(COC(=O)[C@H](C)N[P@@](=O)(Oc1ccccc1)OP(=O)(O)O)C(C)O.N#C[C@@]1(c2ccc3c(N)ncnn23)O[C@H](CO)[C@@H](O)[C@H]1O,0.5052504,1
CCC(CC)COC(=O)CN[P@](=O)(OC[C@H]1O[C@@](C#N)(c2ccc3c(N)ncnn23)[C@H](O)[C@@H]1O)Oc1cccc(C)c1.NC(=O)C1=CN([C@@H]2O[C@H](COP(=O)(O)OP(=O)(O)OC[C@H]3O[C@@H](n4cnc5c(N)ncnc54)[C@H](OP(=O)(O)O)[C@@H]3O)[C@@H](O)[C@H]2O)C=CC1.O=O,CCC(CC)COC(=O)CN[P@](=O)(O)Oc1cccc(C)c1.N#C[C@@]1(c2ccc3c(N)ncnn23)O[C@H](C=O)[C@@H](O)[C@H]1O.NC(=O)c1ccc[n+]([C@@H]2O[C@H](COP(=O)(O)OP(=O)(O)OC[C@H]3O[C@@H](n4cnc5c(N)ncnc54)[C@H](OP(=O)(O)O)[C@@H]3O)[C@@H](O)[C@H]2O)c1.O,CCC(CC)COC(=O)CN[P@](=O)(OC[C@H]1O[C@@](C#N)(c2ccc3c(N)ncnn23)[C@H](O)[C@@H]1O)Oc1cccc(C)c1.NC(=O)C1=CN([C@@H]2O[C@H](COP(=O)(O)OP(=O)(O)OC[C@H]3O[C@@H](n4cnc5c(N)ncnc54)[C@H](OP(=O)(O)O)[C@@H]3O)[C@@H](O)[C@H]2O)C=CC1.O=O >> CCC(CC)COC(=O)CN[P@](=O)(O)Oc1cccc(C)c1.N#C[C@@]1(c2ccc3c(N)ncnn23)O[C@H](C=O)[C@@H](O)[C@H]1O.NC(=O)c1ccc[n+]([C@@H]2O[C@H](COP(=O)(O)OP(=O)(O)OC[C@H]3O[C@@H](n4cnc5c(N)ncnc54)[C@H](OP(=O)(O)O)[C@@H]3O)[C@@H](O)[C@H]2O)c1.O,rule0491_2,No_Thermo,"(1, 1, 1)","(1, 1, 1, 1)",Enzymatic,3,4,CCC(CC)COC(=O)CN[P@](=O)(OC[C@H]1O[C@@](C#N)(c2ccc3c(N)ncnn23)[C@H](O)[C@@H]1O)Oc1cccc(C)c1.NC(=O)C1=CN([C@@H]2O[C@H](COP(=O)(O)OP(=O)(O)OC[C@H]3O[C@@H](n4cnc5c(N)ncnc54)[C@H](OP(=O)(O)O)[C@@H]3O)[C@@H](O)[C@H]2O)C=CC1.O=O>>CCC(CC)COC(=O)CN[P@](=O)(O)Oc1cccc(C)c1.N#C[C@@]1(c2ccc3c(N)ncnn23)O[C@H](C=O)[C@@H](O)[C@H]1O.NC(=O)c1ccc[n+]([C@@H]2O[C@H](COP(=O)(O)OP(=O)(O)OC[C@H]3O[C@@H](n4cnc5c(N)ncnc54)[C@H](OP(=O)(O)O)[C@@H]3O)[C@@H](O)[C@H]2O)c1.O,0.50325876,1
CCC(CC)COC(O)[C@H](C)N[P@](=O)(OC[C@H]1O[C@@]2(C#N)c3cc(c4c(N)ncnn34)O[C@@H]2[C@@H]1O)Oc1ccccc1.O,CCC(CC)COC(O)[C@H](C)N[P@](=O)(O)Oc1ccccc1.N#C[C@@]12O[C@H](CO)[C@@H](O)[C@H]1Oc1cc2n2ncnc(N)c12,CCC(CC)COC(O)[C@H](C)N[P@](=O)(OC[C@H]1O[C@@]2(C#N)c3cc(c4c(N)ncnn34)O[C@@H]2[C@@H]1O)Oc1ccccc1.O >> CCC(CC)COC(O)[C@H](C)N[P@](=O)(O)Oc1ccccc1.N#C[C@@]12O[C@H](CO)[C@@H](O)[C@H]1Oc1cc2n2ncnc(N)c12,rule0125_5,No_Thermo,"(1, 1)","(1, 1)",Enzymatic,2,2,CCC(CC)COC(O)[C@H](C)N[P@](=O)(OC[C@H]1O[C@@]2(C#N)c3cc(c4c(N)ncnn34)O[C@@H]2[C@@H]1O)Oc1ccccc1.O>>CCC(CC)COC(O)[C@H](C)N[P@](=O)(O)Oc1ccccc1.N#C[C@@]12O[C@H](CO)[C@@H](O)[C@H]1Oc1cc2n2ncnc(N)c12,0.50181866,1
CCC(CC)COC(O)[C@H](C)N[P@](=O)(OC[C@H]1O[C@@]2(C#N)c3cc(c4c(N)ncnn34)O[C@@H]2[C@@H]1O)Oc1ccccc1.O,CCC(CC)COC(O)[C@H](C)N[P@](=O)(O)Oc1ccccc1.N#C[C@@]12O[C@H](CO)[C@@H](O)[C@H]1Oc1cc2n2ncnc(N)c12,CCC(CC)COC(O)[C@H](C)N[P@](=O)(OC[C@H]1O[C@@]2(C#N)c3cc(c4c(N)ncnn34)O[C@@H]2[C@@H]1O)Oc1ccccc1.O >> CCC(CC)COC(O)[C@H](C)N[P@](=O)(O)Oc1ccccc1.N#C[C@@]12O[C@H](CO)[C@@H](O)[C@H]1Oc1cc2n2ncnc(N)c12,rule0007_203,No_Thermo,"(1, 1)","(1, 1)",Enzymatic,2,2,CCC(CC)COC(O)[C@H](C)N[P@](=O)(OC[C@H]1O[C@@]2(C#N)c3cc(c4c(N)ncnn34)O[C@@H]2[C@@H]1O)Oc1ccccc1.O>>CCC(CC)COC(O)[C@H](C)N[P@](=O)(O)Oc1ccccc1.N#C[C@@]12O[C@H](CO)[C@@H](O)[C@H]1Oc1cc2n2ncnc(N)c12,0.50181866,1
