Name,InChI
Cc1ccc(C=O)c(C)c1,"InChI=1S/C9H10O/c1-7-3-4-9(6-10)8(2)5-7/h3-6H,1-2H3"
C=C(CCC(C)C1CCC2C3CC=C4CC(OC5OC(CO)C(O)C(O)C5O)CCC4(C)C3CCC12C)C(C)C,"InChI=1S/C34H56O6/c1-19(2)20(3)7-8-21(4)25-11-12-26-24-10-9-22-17-23(13-15-33(22,5)27(24)14-16-34(25,26)6)39-32-31(38)30(37)29(36)28(18-35)40-32/h9,19,21,23-32,35-38H,3,7-8,10-18H2,1-2,4-6H3"
CCCCCCCC(=O)OCC(COP(=O)(O)OC1C(O)C(O)C(OP(=O)(O)O)C(O)C1O)OC(=O)CCCCCCC,"InChI=1S/C25H48O16P2/c1-3-5-7-9-11-13-18(26)37-15-17(39-19(27)14-12-10-8-6-4-2)16-38-43(35,36)41-25-22(30)20(28)24(21(29)23(25)31)40-42(32,33)34/h17,20-25,28-31H,3-16H2,1-2H3,(H,35,36)(H2,32,33,34)"
CC(=O)OCC1OC(O)C(O)C(O)C1O,"InChI=1S/C8H14O7/c1-3(9)14-2-4-5(10)6(11)7(12)8(13)15-4/h4-8,10-13H,2H2,1H3"
CCC=CCC1=C(C)C(OC(=O)C2C(C=C(C)C(=O)OC)C2(C)C)CC1=O,"InChI=1S/C22H30O5/c1-7-8-9-10-15-14(3)18(12-17(15)23)27-21(25)19-16(22(19,4)5)11-13(2)20(24)26-6/h8-9,11,16,18-19H,7,10,12H2,1-6H3"
COc1cc(O)c2c(=O)cc(-c3ccc(OC)c(O)c3)oc2c1,"InChI=1S/C17H14O6/c1-21-10-6-12(19)17-13(20)8-15(23-16(17)7-10)9-3-4-14(22-2)11(18)5-9/h3-8,18-19H,1-2H3"
CC(CCCC(C)C1CCC2C3CC=C4CC(O)CCC4(C)C3CCC12C)C(=O)O,"InChI=1S/C27H44O3/c1-17(6-5-7-18(2)25(29)30)22-10-11-23-21-9-8-19-16-20(28)12-14-26(19,3)24(21)13-15-27(22,23)4/h8,17-18,20-24,28H,5-7,9-16H2,1-4H3,(H,29,30)"
Oc1cccc(Cl)c1O,"InChI=1S/C6H5ClO2/c7-4-2-1-3-5(8)6(4)9/h1-3,8-9H"
CC1Cc2c3c(cc(O)c2C(=O)O1)OC1(C)C(O)CC2C(C)(C)C(=O)C=CC2(C)C1C3,"InChI=1S/C25H30O6/c1-12-8-14-13-9-18-24(4)7-6-19(27)23(2,3)17(24)11-20(28)25(18,5)31-16(13)10-15(26)21(14)22(29)30-12/h6-7,10,12,17-18,20,26,28H,8-9,11H2,1-5H3"
NC=CS(=O)(=O)O,"InChI=1S/C2H5NO3S/c3-1-2-7(4,5)6/h1-2H,3H2,(H,4,5,6)"
O=C(O)CC(=O)OCC1OC(Oc2cc3c(=O)cc(O)cc-3oc2-c2cc(O)c(O)c(OC3OC(CO)C(O)C(O)C3O)c2)C(O)C(O)C1O,"InChI=1S/C30H32O20/c31-7-17-22(39)24(41)26(43)29(49-17)47-15-2-9(1-13(34)21(15)38)28-16(5-11-12(33)3-10(32)4-14(11)46-28)48-30-27(44)25(42)23(40)18(50-30)8-45-20(37)6-19(35)36/h1-5,17-18,22-27,29-32,34,38-44H,6-8H2,(H,35,36)"
O=C(O)c1[nH]c(-c2c[nH]c3ccccc23)cc1-c1c(O)[nH]c2ccccc12,"InChI=1S/C21H15N3O3/c25-20-18(12-6-2-4-8-16(12)24-20)13-9-17(23-19(13)21(26)27)14-10-22-15-7-3-1-5-11(14)15/h1-10,22-25H,(H,26,27)"
O=[N+]([O-])c1ccccc1,InChI=1S/C6H5NO2/c8-7(9)6-4-2-1-3-5-6/h1-5H
CC1OC(OP(=O)(O)OP(=O)(O)OCC2OC(n3ccc(N)nc3=O)C(O)C2O)C(O)CC1=O,"InChI=1S/C15H23N3O14P2/c1-6-7(19)4-8(20)14(29-6)31-34(26,27)32-33(24,25)28-5-9-11(21)12(22)13(30-9)18-3-2-10(16)17-15(18)23/h2-3,6,8-9,11-14,20-22H,4-5H2,1H3,(H,24,25)(H,26,27)(H2,16,17,23)"
CC(C)CC(O)C(O)C(C)C1CCC2C3CC(O)C4CC(O)CCC4(C)C3CCC12C,"InChI=1S/C27H48O4/c1-15(2)12-24(30)25(31)16(3)19-6-7-20-18-14-23(29)22-13-17(28)8-10-27(22,5)21(18)9-11-26(19,20)4/h15-25,28-31H,6-14H2,1-5H3"
CC(C)CCO,"InChI=1S/C5H12O/c1-5(2)3-4-6/h5-6H,3-4H2,1-2H3"
CCCCCCCCCCCCCC=CC(O)C(CO)NC(=O)CCCCCCCCCCCCC,"InChI=1S/C32H63NO3/c1-3-5-7-9-11-13-15-16-18-19-21-23-25-27-31(35)30(29-34)33-32(36)28-26-24-22-20-17-14-12-10-8-6-4-2/h25,27,30-31,34-35H,3-24,26,28-29H2,1-2H3,(H,33,36)"
CCCCCC=CCO,"InChI=1S/C8H16O/c1-2-3-4-5-6-7-8-9/h6-7,9H,2-5,8H2,1H3"
NC(CCC(=O)NC(CSS(=O)O)C(=O)NCC(=O)O)C(=O)O,"InChI=1S/C10H17N3O8S2/c11-5(10(18)19)1-2-7(14)13-6(4-22-23(20)21)9(17)12-3-8(15)16/h5-6H,1-4,11H2,(H,12,17)(H,13,14)(H,15,16)(H,18,19)(H,20,21)"
CC1OC(OCC2OC(Oc3cc4c(OC5OC(CO)C(O)C(O)C5O)cc(=O)cc-4oc3-c3ccc(O)c(O)c3)C(O)C(O)C2O)C(O)C(O)C1O,"InChI=1S/C33H40O20/c1-10-21(38)24(41)27(44)31(48-10)47-9-20-23(40)26(43)29(46)33(53-20)51-18-7-13-16(49-30(18)11-2-3-14(36)15(37)4-11)5-12(35)6-17(13)50-32-28(45)25(42)22(39)19(8-34)52-32/h2-7,10,19-29,31-34,36-46H,8-9H2,1H3"
O=c1cc(-c2ccc(O)cc2)oc2c(C3OC(CO)C(O)C(O)C3O)c(O)cc(O)c12,"InChI=1S/C21H20O10/c22-7-14-17(27)18(28)19(29)21(31-14)16-11(25)5-10(24)15-12(26)6-13(30-20(15)16)8-1-3-9(23)4-2-8/h1-6,14,17-19,21-25,27-29H,7H2"
CCCCCC=CCC=CCC=CCC=CCCCC(=O)NCCO,"InChI=1S/C22H37NO2/c1-2-3-4-5-6-7-8-9-10-11-12-13-14-15-16-17-18-19-22(25)23-20-21-24/h6-7,9-10,12-13,15-16,24H,2-5,8,11,14,17-21H2,1H3,(H,23,25)"
CCCCCCCCCCCCCCCC(=O)OC1C(OC2OC(CO)C(O)C(O)C2OS(=O)(=O)O)OC(CO)C(O)C1O,"InChI=1S/C28H52O15S/c1-2-3-4-5-6-7-8-9-10-11-12-13-14-15-20(31)41-25-23(34)21(32)18(16-29)39-27(25)42-28-26(43-44(36,37)38)24(35)22(33)19(17-30)40-28/h18-19,21-30,32-35H,2-17H2,1H3,(H,36,37,38)"
CCCCCCCCC=CCCCCCCCC(=O)OC(COCCCCCCCCCCCCCCCC)COP(=O)(O)OCC[N+](C)(C)C,"InChI=1S/C42H84NO7P/c1-6-8-10-12-14-16-18-20-22-23-25-27-29-31-33-35-42(44)50-41(40-49-51(45,46)48-38-36-43(3,4)5)39-47-37-34-32-30-28-26-24-21-19-17-15-13-11-9-7-2/h20,22,41H,6-19,21,23-40H2,1-5H3/p+1"
CCCCCCCCC=CCCCCCCCC(=O)OC(CO)COC(=O)CCCCCCCCCCC,"InChI=1S/C33H62O5/c1-3-5-7-9-11-13-14-15-16-17-18-20-22-24-26-28-33(36)38-31(29-34)30-37-32(35)27-25-23-21-19-12-10-8-6-4-2/h15-16,31,34H,3-14,17-30H2,1-2H3"
COc1ccc(CNCCc2ccc(O)cc2)cc1O,"InChI=1S/C16H19NO3/c1-20-16-7-4-13(10-15(16)19)11-17-9-8-12-2-5-14(18)6-3-12/h2-7,10,17-19H,8-9,11H2,1H3"
NCCCCNC(N)=O,"InChI=1S/C5H13N3O/c6-3-1-2-4-8-5(7)9/h1-4,6H2,(H3,7,8,9)"
COC1C(O)C(O)C(Oc2ccc3c(O)c(NC(=O)c4ccc(O)c(CC=C(C)C)c4)c(=O)oc3c2C)OC1(C)C,"InChI=1S/C30H35NO10/c1-14(2)7-8-16-13-17(9-11-19(16)32)27(36)31-21-22(33)18-10-12-20(15(3)25(18)40-28(21)37)39-29-24(35)23(34)26(38-6)30(4,5)41-29/h7,9-13,23-24,26,29,32-35H,8H2,1-6H3,(H,31,36)"
CC(O)CC(=O)OC(CC(=O)O)C[N+](C)(C)C,"InChI=1S/C11H21NO5/c1-8(13)5-11(16)17-9(6-10(14)15)7-12(2,3)4/h8-9,13H,5-7H2,1-4H3/p+1"
N#CC(O)Cc1ccccc1,"InChI=1S/C9H9NO/c10-7-9(11)6-8-4-2-1-3-5-8/h1-5,9,11H,6H2"
CCCCCCCCC=CCCCCCCCC(=O)OCC(O)COP(=O)(O)OCCN,"InChI=1S/C23H46NO7P/c1-2-3-4-5-6-7-8-9-10-11-12-13-14-15-16-17-23(26)29-20-22(25)21-31-32(27,28)30-19-18-24/h9-10,22,25H,2-8,11-21,24H2,1H3,(H,27,28)"
O=C(O)C(O)C(O)C(OC1OC(CO)C(OC2OC(CO)C(O)C(O)C2O)C(O)C1O)C(O)CO,"InChI=1S/C18H32O17/c19-1-4(22)14(9(25)11(27)16(30)31)34-18-13(29)10(26)15(6(3-21)33-18)35-17-12(28)8(24)7(23)5(2-20)32-17/h4-15,17-29H,1-3H2,(H,30,31)"
C=C(C(=O)O)C1C(O)C=C(C)CCC=C(C)CC1O,"InChI=1S/C15H22O4/c1-9-5-4-6-10(2)8-13(17)14(12(16)7-9)11(3)15(18)19/h5,8,12-14,16-17H,3-4,6-7H2,1-2H3,(H,18,19)"
CC1=CCC(C(C)(C)O)CCC(C)=CCC1,"InChI=1S/C15H26O/c1-12-6-5-7-13(2)9-11-14(10-8-12)15(3,4)16/h6,9,14,16H,5,7-8,10-11H2,1-4H3"
CC1(C)CCC2(C)CCC3(C)C(=CC(=O)C4C5(C)CCC(O)C(C)(C)C5CCC43C)C2C1,"InChI=1S/C30H48O2/c1-25(2)13-14-27(5)15-16-29(7)19(20(27)18-25)17-21(31)24-28(6)11-10-23(32)26(3,4)22(28)9-12-30(24,29)8/h17,20,22-24,32H,9-16,18H2,1-8H3"
Nc1ccn(C2OC(COP(=O)(O)OP(=O)(O)OCC3OC4Nc5nc(N)[nH]c(=O)c5NC4C(S)=C3S)C(O)C2O)c(=O)n1,"InChI=1S/C19H26N8O13P2S2/c20-7-1-2-27(19(31)22-7)17-11(29)10(28)5(39-17)3-36-41(32,33)40-42(34,35)37-4-6-12(43)13(44)8-16(38-6)24-14-9(23-8)15(30)26-18(21)25-14/h1-2,5-6,8,10-11,16-17,23,28-29,43-44H,3-4H2,(H,32,33)(H,34,35)(H2,20,22,31)(H4,21,24,25,26,30)"
CCCCCC=CCC=CCC=CCC=CCCCC(=O)OCC(COP(=O)(O)OCC[N+](C)(C)C)OC(=O)CCCCCCCCCCCCCCC,"InChI=1S/C44H80NO8P/c1-6-8-10-12-14-16-18-20-21-22-23-25-26-28-30-32-34-36-43(46)50-40-42(41-52-54(48,49)51-39-38-45(3,4)5)53-44(47)37-35-33-31-29-27-24-19-17-15-13-11-9-7-2/h14,16,20-21,23,25,28,30,42H,6-13,15,17-19,22,24,26-27,29,31-41H2,1-5H3/p+1"
C[N+](C)(C)C(Cc1c[nH]c2ccccc12)C(=O)O,"InChI=1S/C14H18N2O2/c1-16(2,3)13(14(17)18)8-10-9-15-12-7-5-4-6-11(10)12/h4-7,9,13,15H,8H2,1-3H3/p+1"
O=C(O)c1ccccc1Cl,"InChI=1S/C7H5ClO2/c8-6-4-2-1-3-5(6)7(9)10/h1-4H,(H,9,10)"
C=C(CCC(C)C1CCC2C3=CCC4CC(O)CCC4(C)C3CCC21C)C(C)C,"InChI=1S/C28H46O/c1-18(2)19(3)7-8-20(4)24-11-12-25-23-10-9-21-17-22(29)13-15-27(21,5)26(23)14-16-28(24,25)6/h10,18,20-22,24-26,29H,3,7-9,11-17H2,1-2,4-6H3"
O=C(O)CC(=O)NC(Cc1c[nH]c2ccccc12)C(=O)O,"InChI=1S/C14H14N2O5/c17-12(6-13(18)19)16-11(14(20)21)5-8-7-15-10-4-2-1-3-9(8)10/h1-4,7,11,15H,5-6H2,(H,16,17)(H,18,19)(H,20,21)"
COc1ccc2c(c1)C13CCN4CC5=CCOC6CC(=O)N2C1C6C5CC43,"InChI=1S/C22H24N2O3/c1-26-13-2-3-16-15(8-13)22-5-6-23-11-12-4-7-27-17-10-19(25)24(16)21(22)20(17)14(12)9-18(22)23/h2-4,8,14,17-18,20-21H,5-7,9-11H2,1H3"
CCCCCCCCC=CCCCCCCCCCCCCCC(N)=O,"InChI=1S/C24H47NO/c1-2-3-4-5-6-7-8-9-10-11-12-13-14-15-16-17-18-19-20-21-22-23-24(25)26/h9-10H,2-8,11-23H2,1H3,(H2,25,26)"
NC(=O)C1CCCNC1,"InChI=1S/C6H12N2O/c7-6(9)5-2-1-3-8-4-5/h5,8H,1-4H2,(H2,7,9)"
O=C1OC(CO)C(OC2OC(CO)C(OC3OC(CO)C(O)C(O)C3O)C(O)C2O)C(O)C1O,"InChI=1S/C18H30O16/c19-1-4-7(22)8(23)12(27)17(31-4)34-15-6(3-21)32-18(13(28)10(15)25)33-14-5(2-20)30-16(29)11(26)9(14)24/h4-15,17-28H,1-3H2"
CC(=O)NCCS(=O)(=O)O,"InChI=1S/C4H9NO4S/c1-4(6)5-2-3-10(7,8)9/h2-3H2,1H3,(H,5,6)(H,7,8,9)"
CC(O)(CCO)CC(=O)O,"InChI=1S/C6H12O4/c1-6(10,2-3-7)4-5(8)9/h7,10H,2-4H2,1H3,(H,8,9)"
CC(=CCCC(C)C1CCC2C3CC=C4CC(O)CCC4(C)C3CCC12C)CO,"InChI=1S/C27H44O2/c1-18(17-28)6-5-7-19(2)23-10-11-24-22-9-8-20-16-21(29)12-14-26(20,3)25(22)13-15-27(23,24)4/h6,8,19,21-25,28-29H,5,7,9-17H2,1-4H3"
CCCCCCCCCCCCCCCCCCCCCC(=O)NCC(=O)O,"InChI=1S/C24H47NO3/c1-2-3-4-5-6-7-8-9-10-11-12-13-14-15-16-17-18-19-20-21-23(26)25-22-24(27)28/h2-22H2,1H3,(H,25,26)(H,27,28)"
CCCCCC(O)C=CC1C(=O)CC(O)C1CC=CCCCC(=O)OCC(O)CO,"InChI=1S/C23H38O7/c1-2-3-6-9-17(25)12-13-20-19(21(27)14-22(20)28)10-7-4-5-8-11-23(29)30-16-18(26)15-24/h4,7,12-13,17-21,24-27H,2-3,5-6,8-11,14-16H2,1H3"
O=C(O)CCc1cccc(O)c1,"InChI=1S/C9H10O3/c10-8-3-1-2-7(6-8)4-5-9(11)12/h1-3,6,10H,4-5H2,(H,11,12)"
C=C(OC1C=CC=C(C(=O)O)C1N)C(=O)O,"InChI=1S/C10H11NO5/c1-5(9(12)13)16-7-4-2-3-6(8(7)11)10(14)15/h2-4,7-8H,1,11H2,(H,12,13)(H,14,15)"
CC(C)C(C)CC(O)C(C)C1CCC2C3CC(=O)C4CC(O)CCC4(C)C3CCC12C,"InChI=1S/C28H48O3/c1-16(2)17(3)13-25(30)18(4)21-7-8-22-20-15-26(31)24-14-19(29)9-11-28(24,6)23(20)10-12-27(21,22)5/h16-25,29-30H,7-15H2,1-6H3"
CCC=CCC=CCC(O)C1OC1CCCCCCCCC(=O)O,"InChI=1S/C20H34O4/c1-2-3-4-5-8-11-14-17(21)20-18(24-20)15-12-9-6-7-10-13-16-19(22)23/h3-4,8,11,17-18,20-21H,2,5-7,9-10,12-16H2,1H3,(H,22,23)"
CC(O)C1CCC2C3CCC4CC(OC5OC(C(=O)O)C(O)C(OS(=O)(=O)O)C5O)CCC4(C)C3CCC12C,"InChI=1S/C27H44O11S/c1-13(28)17-6-7-18-16-5-4-14-12-15(8-10-26(14,2)19(16)9-11-27(17,18)3)36-25-21(30)22(38-39(33,34)35)20(29)23(37-25)24(31)32/h13-23,25,28-30H,4-12H2,1-3H3,(H,31,32)(H,33,34,35)"
CC(C)=CCCC(C)C1=CCC(C)=CC1,"InChI=1S/C15H24/c1-12(2)6-5-7-14(4)15-10-8-13(3)9-11-15/h6,8,11,14H,5,7,9-10H2,1-4H3"
O=C(O)C(=O)C(O)C(O)C(O)CO,"InChI=1S/C6H10O7/c7-1-2(8)3(9)4(10)5(11)6(12)13/h2-4,7-10H,1H2,(H,12,13)"
CC12CCC3c4ccc(O)cc4CCC3C1CC(OC1OC(C(=O)O)C(O)C(O)C1O)C2O,"InChI=1S/C24H32O9/c1-24-7-6-13-12-5-3-11(25)8-10(12)2-4-14(13)15(24)9-16(21(24)29)32-23-19(28)17(26)18(27)20(33-23)22(30)31/h3,5,8,13-21,23,25-29H,2,4,6-7,9H2,1H3,(H,30,31)"
CCCC(O)CC(=O)OCC,"InChI=1S/C8H16O3/c1-3-5-7(9)6-8(10)11-4-2/h7,9H,3-6H2,1-2H3"
CCCC(=O)SCCNC(=O)CCNC(=O)C(O)C(C)(C)COP(=O)(O)OP(=O)(O)OCC1OC(n2cnc3c(N)ncnc32)C(O)C1OP(=O)(O)O,"InChI=1S/C25H42N7O17P3S/c1-4-5-16(34)53-9-8-27-15(33)6-7-28-23(37)20(36)25(2,3)11-46-52(43,44)49-51(41,42)45-10-14-19(48-50(38,39)40)18(35)24(47-14)32-13-31-17-21(26)29-12-30-22(17)32/h12-14,18-20,24,35-36H,4-11H2,1-3H3,(H,27,33)(H,28,37)(H,41,42)(H,43,44)(H2,26,29,30)(H2,38,39,40)"
CC(O)C1CCC2C3CCC4CC(O)CCC4(C)C3CCC12C,"InChI=1S/C21H36O2/c1-13(22)17-6-7-18-16-5-4-14-12-15(23)8-10-20(14,2)19(16)9-11-21(17,18)3/h13-19,22-23H,4-12H2,1-3H3"
CCCCCCC(C)O,"InChI=1S/C8H18O/c1-3-4-5-6-7-8(2)9/h8-9H,3-7H2,1-2H3"
CC(C)=CCc1cc(CC(=O)C(=O)O)ccc1O,"InChI=1S/C14H16O4/c1-9(2)3-5-11-7-10(4-6-12(11)15)8-13(16)14(17)18/h3-4,6-7,15H,5,8H2,1-2H3,(H,17,18)"
CC1C=CC2C=CC(=O)C(C)CC(C)C(=O)C3=C(O)C2(C1)OC3=O,"InChI=1S/C19H22O5/c1-10-4-5-13-6-7-14(20)11(2)8-12(3)16(21)15-17(22)19(13,9-10)24-18(15)23/h4-7,10-13,22H,8-9H2,1-3H3"
CCCCCCCCCCCCCCCC(O)C(CO)NC(=O)CCCCCCCCCCC,"InChI=1S/C30H61NO3/c1-3-5-7-9-11-13-14-15-16-18-19-21-23-25-29(33)28(27-32)31-30(34)26-24-22-20-17-12-10-8-6-4-2/h28-29,32-33H,3-27H2,1-2H3,(H,31,34)"
CC(=O)C(O)c1ccccc1,"InChI=1S/C9H10O2/c1-7(10)9(11)8-5-3-2-4-6-8/h2-6,9,11H,1H3"
COc1cc(O)cc2c1C(=O)c1c(O)cc(C)cc1C2=O,"InChI=1S/C16H12O5/c1-7-3-9-13(11(18)4-7)16(20)14-10(15(9)19)5-8(17)6-12(14)21-2/h3-6,17-18H,1-2H3"
O=[N+]([O-])c1ccc(O)cc1,"InChI=1S/C6H5NO3/c8-6-3-1-5(2-4-6)7(9)10/h1-4,8H"
CSCCC(=O)CO,"InChI=1S/C5H10O2S/c1-8-3-2-5(7)4-6/h6H,2-4H2,1H3"
CC12C=CC3(CCC4C(C)(C)CCCC4(C)C3CC1)C2,"InChI=1S/C20H32/c1-17(2)8-5-9-19(4)15(17)7-11-20-13-12-18(3,14-20)10-6-16(19)20/h12-13,15-16H,5-11,14H2,1-4H3"
CC(=O)Nc1ccn(C2OC(COP(=O)(O)O)C(O)C2O)c(=O)n1,"InChI=1S/C11H16N3O9P/c1-5(15)12-7-2-3-14(11(18)13-7)10-9(17)8(16)6(23-10)4-22-24(19,20)21/h2-3,6,8-10,16-17H,4H2,1H3,(H2,19,20,21)(H,12,13,15,18)"
O=C(O)c1[nH]c(-c2c[nH]c3ccccc23)cc1-c1c[nH]c2ccccc12,"InChI=1S/C21H15N3O2/c25-21(26)20-14(15-10-22-17-7-3-1-5-12(15)17)9-19(24-20)16-11-23-18-8-4-2-6-13(16)18/h1-11,22-24H,(H,25,26)"
Nc1ccccc1S(=O)(=O)O,"InChI=1S/C6H7NO3S/c7-5-3-1-2-4-6(5)11(8,9)10/h1-4H,7H2,(H,8,9,10)"
CC(O)CC(=O)C(=O)O,"InChI=1S/C5H8O4/c1-3(6)2-4(7)5(8)9/h3,6H,2H2,1H3,(H,8,9)"
CCC=CCC=CCC=CCC1OC1CC=CCCCC(=O)O,"InChI=1S/C20H30O3/c1-2-3-4-5-6-7-8-9-12-15-18-19(23-18)16-13-10-11-14-17-20(21)22/h3-4,6-7,9-10,12-13,18-19H,2,5,8,11,14-17H2,1H3,(H,21,22)"
CCCCCCCCCCCC=CCCCCC(=O)O,"InChI=1S/C18H34O2/c1-2-3-4-5-6-7-8-9-10-11-12-13-14-15-16-17-18(19)20/h12-13H,2-11,14-17H2,1H3,(H,19,20)"
O=CCCNCCCCNCCC=O,"InChI=1S/C10H20N2O2/c13-9-3-7-11-5-1-2-6-12-8-4-10-14/h9-12H,1-8H2"
O=C(O)CC(O)CCCCCCCCCO,"InChI=1S/C12H24O4/c13-9-7-5-3-1-2-4-6-8-11(14)10-12(15)16/h11,13-14H,1-10H2,(H,15,16)"
CCCCCCCCCCCCCCCCCCCCCCCCC(O)C(=O)NC(CO)C(O)CCCCCCCCCCCCCCC,"InChI=1S/C44H89NO4/c1-3-5-7-9-11-13-15-17-18-19-20-21-22-23-24-25-27-29-31-33-35-37-39-43(48)44(49)45-41(40-46)42(47)38-36-34-32-30-28-26-16-14-12-10-8-6-4-2/h41-43,46-48H,3-40H2,1-2H3,(H,45,49)"
CC(C)=CCCC(C)=CCCC(C)=CCCC(C)=CCCC(C)=CCCC(C)=CCCC(C)=CCCC(C)=CCCC(C)=CCCC(C)=CCOP(=O)(O)OC1OC(COP(=O)(O)O)C(O)C1O,"InChI=1S/C55H92O11P2/c1-42(2)21-12-22-43(3)23-13-24-44(4)25-14-26-45(5)27-15-28-46(6)29-16-30-47(7)31-17-32-48(8)33-18-34-49(9)35-19-36-50(10)37-20-38-51(11)39-40-63-68(61,62)66-55-54(57)53(56)52(65-55)41-64-67(58,59)60/h21,23,25,27,29,31,33,35,37,39,52-57H,12-20,22,24,26,28,30,32,34,36,38,40-41H2,1-11H3,(H,61,62)(H2,58,59,60)"
CCCCCC=CCC=CC=C1OC1CC=CCCCC(=O)O,"InChI=1S/C20H30O3/c1-2-3-4-5-6-7-8-9-12-15-18-19(23-18)16-13-10-11-14-17-20(21)22/h6-7,9-10,12-13,15,19H,2-5,8,11,14,16-17H2,1H3,(H,21,22)"
CCCC(=O)OC1C(C)C2(O)C(C=C(CO)CC3(O)C(=O)C(C)=CC32)C2C(C)(C)C12OC(=O)CCC,"InChI=1S/C28H40O8/c1-7-9-20(30)35-24-16(4)27(34)18(22-25(5,6)28(22,24)36-21(31)10-8-2)12-17(14-29)13-26(33)19(27)11-15(3)23(26)32/h11-12,16,18-19,22,24,29,33-34H,7-10,13-14H2,1-6H3"
O=C(O)C=Cc1ccccc1O,"InChI=1S/C9H8O3/c10-8-4-2-1-3-7(8)5-6-9(11)12/h1-6,10H,(H,11,12)"
CC12CCC3c4ccc(O)cc4CCC3C1C(O)CC2O,"InChI=1S/C18H24O3/c1-18-7-6-13-12-5-3-11(19)8-10(12)2-4-14(13)17(18)15(20)9-16(18)21/h3,5,8,13-17,19-21H,2,4,6-7,9H2,1H3"
CC(C)=CCCC(C)C1CCC2C3=CCC4CC(O)CCC4(C)C3CCC21C,"InChI=1S/C27H44O/c1-18(2)7-6-8-19(3)23-11-12-24-22-10-9-20-17-21(28)13-15-26(20,4)25(22)14-16-27(23,24)5/h7,10,19-21,23-25,28H,6,8-9,11-17H2,1-5H3"
OCc1ccccc1,"InChI=1S/C7H8O/c8-6-7-4-2-1-3-5-7/h1-5,8H,6H2"
NCC1OC(OC2C(N)CC(N)C(OC3OC(CO)C(O)C(N)C3O)C2O)C(O)C(O)C1O,"InChI=1S/C18H36N4O11/c19-2-6-10(25)12(27)13(28)18(30-6)33-16-5(21)1-4(20)15(14(16)29)32-17-11(26)8(22)9(24)7(3-23)31-17/h4-18,23-29H,1-3,19-22H2"
CC(O)CN,"InChI=1S/C3H9NO/c1-3(5)2-4/h3,5H,2,4H2,1H3"
COc1cc(C(O)CC(=O)O)ccc1O,"InChI=1S/C10H12O5/c1-15-9-4-6(2-3-7(9)11)8(12)5-10(13)14/h2-4,8,11-12H,5H2,1H3,(H,13,14)"
CCCCCC(C=CC=CC=CC=CC(O)C(O)CCCC(=O)O)OO,"InChI=1S/C20H32O6/c1-2-3-8-12-17(26-25)13-9-6-4-5-7-10-14-18(21)19(22)15-11-16-20(23)24/h4-7,9-10,13-14,17-19,21-22,25H,2-3,8,11-12,15-16H2,1H3,(H,23,24)"
CCCCCCCCCCCCCCCCOCC(O)COP(=O)(O)O,"InChI=1S/C19H41O6P/c1-2-3-4-5-6-7-8-9-10-11-12-13-14-15-16-24-17-19(20)18-25-26(21,22)23/h19-20H,2-18H2,1H3,(H2,21,22,23)"
O=c1ccn(C2OC(COP(=O)(O)OP(=O)(O)OC3OC(CO)C(O)C(O)C3O)C(O)C2O)c(=O)[nH]1,"InChI=1S/C15H24N2O17P2/c18-3-5-8(20)10(22)12(24)14(32-5)33-36(28,29)34-35(26,27)30-4-6-9(21)11(23)13(31-6)17-2-1-7(19)16-15(17)25/h1-2,5-6,8-14,18,20-24H,3-4H2,(H,26,27)(H,28,29)(H,16,19,25)"
CC(C)=CC=O,"InChI=1S/C5H8O/c1-5(2)3-4-6/h3-4H,1-2H3"
COc1ccc2c(=O)cc(-c3ccccc3)oc2c1O,"InChI=1S/C16H12O4/c1-19-13-8-7-11-12(17)9-14(20-16(11)15(13)18)10-5-3-2-4-6-10/h2-9,18H,1H3"
CC1(C)OC2(C)CCC1CC2O,"InChI=1S/C10H18O2/c1-9(2)7-4-5-10(3,12-9)8(11)6-7/h7-8,11H,4-6H2,1-3H3"
Nc1ncnc2c1ncn2C1OC(COP(=O)(O)OC2C(COP(=O)(O)O)OC(n3cnc4c(N)ncnc43)C2O)C(O)C1O,"InChI=1S/C20H26N10O13P2/c21-15-9-17(25-3-23-15)29(5-27-9)19-12(32)11(31)7(41-19)1-40-45(37,38)43-14-8(2-39-44(34,35)36)42-20(13(14)33)30-6-28-10-16(22)24-4-26-18(10)30/h3-8,11-14,19-20,31-33H,1-2H2,(H,37,38)(H2,21,23,25)(H2,22,24,26)(H2,34,35,36)"
CC(=O)NC(CS)C(=O)O,"InChI=1S/C5H9NO3S/c1-3(7)6-4(2-10)5(8)9/h4,10H,2H2,1H3,(H,6,7)(H,8,9)"
COc1cc(C=CC=O)cc(OC)c1OC1OC(CO)C(O)C(O)C1O,"InChI=1S/C17H22O9/c1-23-10-6-9(4-3-5-18)7-11(24-2)16(10)26-17-15(22)14(21)13(20)12(8-19)25-17/h3-7,12-15,17,19-22H,8H2,1-2H3"
CC(O)C(=O)C1CNc2nc(N)[nH]c(=O)c2N1,"InChI=1S/C9H13N5O3/c1-3(15)6(16)4-2-11-7-5(12-4)8(17)14-9(10)13-7/h3-4,12,15H,2H2,1H3,(H4,10,11,13,14,17)"
CCCCCCCCC=CCCCCCCCC(=O)OCCCCCCCCCCCCCCCCCC,"InChI=1S/C36H70O2/c1-3-5-7-9-11-13-15-17-19-21-23-25-27-29-31-33-35-38-36(37)34-32-30-28-26-24-22-20-18-16-14-12-10-8-6-4-2/h18,20H,3-17,19,21-35H2,1-2H3"
CCCCC(C)C(O)C(O)CC(C)CC(O)CCCCC(O)CC(O)C(C)=O,"InChI=1S/C22H44O6/c1-5-6-9-16(3)22(28)21(27)13-15(2)12-18(24)10-7-8-11-19(25)14-20(26)17(4)23/h15-16,18-22,24-28H,5-14H2,1-4H3"
CC12CCC3C(CCC4CC(O)CCC43C)C1CCC2O,"InChI=1S/C19H32O2/c1-18-9-7-13(20)11-12(18)3-4-14-15-5-6-17(21)19(15,2)10-8-16(14)18/h12-17,20-21H,3-11H2,1-2H3"
NCCCCC(N)C(=O)OP(=O)(O)OCC1OC(n2cnc3c(N)ncnc32)C(O)C1O,"InChI=1S/C16H26N7O8P/c17-4-2-1-3-8(18)16(26)31-32(27,28)29-5-9-11(24)12(25)15(30-9)23-7-22-10-13(19)20-6-21-14(10)23/h6-9,11-12,15,24-25H,1-5,17-18H2,(H,27,28)(H2,19,20,21)"
C=CC(C)=CCC=C(C)CCC=C(C)CCC=C(C)C,"InChI=1S/C20H32/c1-7-18(4)12-9-14-20(6)16-10-15-19(5)13-8-11-17(2)3/h7,11-12,14-15H,1,8-10,13,16H2,2-6H3"
CCCC(=O)CC(=O)SCCNC(=O)CCNC(=O)C(O)C(C)(C)COP(=O)(O)OP(=O)(O)OCC1OC(n2cnc3c(N)ncnc32)C(O)C1OP(=O)(O)O,"InChI=1S/C27H44N7O18P3S/c1-4-5-15(35)10-18(37)56-9-8-29-17(36)6-7-30-25(40)22(39)27(2,3)12-49-55(46,47)52-54(44,45)48-11-16-21(51-53(41,42)43)20(38)26(50-16)34-14-33-19-23(28)31-13-32-24(19)34/h13-14,16,20-22,26,38-39H,4-12H2,1-3H3,(H,29,36)(H,30,40)(H,44,45)(H,46,47)(H2,28,31,32)(H2,41,42,43)"
Nc1ncnc2c1ncn2C1OC(COP(=O)(O)OP(=O)(O)OCC2OC(OP(=O)(O)O)C(O)C2O)C(O)C1O,"InChI=1S/C15H24N5O17P3/c16-12-7-13(18-3-17-12)20(4-19-7)14-10(23)8(21)5(34-14)1-32-39(28,29)37-40(30,31)33-2-6-9(22)11(24)15(35-6)36-38(25,26)27/h3-6,8-11,14-15,21-24H,1-2H2,(H,28,29)(H,30,31)(H2,16,17,18)(H2,25,26,27)"
CCC=CCC(=O)C=CC=CC=CC=CC(O)C(O)CC=CCCC(=O)O,"InChI=1S/C22H30O5/c1-2-3-9-14-19(23)15-10-6-4-5-7-11-16-20(24)21(25)17-12-8-13-18-22(26)27/h3-12,15-16,20-21,24-25H,2,13-14,17-18H2,1H3,(H,26,27)"
CC(C)(COP(=O)(O)OP(=O)(O)OCC1OC(n2cnc3c(N)ncnc32)C(O)C1OP(=O)(O)O)C(O)C(=O)NCCC(=O)NCCSC(=O)C(Cc1ccccc1N)C(=O)O,"InChI=1S/C31H45N8O19P3S/c1-31(2,24(42)27(43)35-8-7-20(40)34-9-10-62-30(46)17(29(44)45)11-16-5-3-4-6-18(16)32)13-55-61(52,53)58-60(50,51)54-12-19-23(57-59(47,48)49)22(41)28(56-19)39-15-38-21-25(33)36-14-37-26(21)39/h3-6,14-15,17,19,22-24,28,41-42H,7-13,32H2,1-2H3,(H,34,40)(H,35,43)(H,44,45)(H,50,51)(H,52,53)(H2,33,36,37)(H2,47,48,49)"
O=C(O)C1C=CCC2=C1Nc1ccccc1N2,"InChI=1S/C13H12N2O2/c16-13(17)8-4-3-7-11-12(8)15-10-6-2-1-5-9(10)14-11/h1-6,8,14-15H,7H2,(H,16,17)"
CCCCCCCCCCCC(O)CC(=O)O,"InChI=1S/C14H28O3/c1-2-3-4-5-6-7-8-9-10-11-13(15)12-14(16)17/h13,15H,2-12H2,1H3,(H,16,17)"
CC(C)c1ccc2c(c1)CCC1C(C)(C)CCCC21C,"InChI=1S/C20H30/c1-14(2)15-7-9-17-16(13-15)8-10-18-19(3,4)11-6-12-20(17,18)5/h7,9,13-14,18H,6,8,10-12H2,1-5H3"
CCCCCCCCC=CCCCCCCCC(=O)NC(Cc1c[nH]c2ccccc12)C(=O)O,"InChI=1S/C29H44N2O3/c1-2-3-4-5-6-7-8-9-10-11-12-13-14-15-16-21-28(32)31-27(29(33)34)22-24-23-30-26-20-18-17-19-25(24)26/h9-10,17-20,23,27,30H,2-8,11-16,21-22H2,1H3,(H,31,32)(H,33,34)"
O=C(O)Cc1ccc(O)c([N+](=O)[O-])c1,"InChI=1S/C8H7NO5/c10-7-2-1-5(4-8(11)12)3-6(7)9(13)14/h1-3,10H,4H2,(H,11,12)"
CC(C)(COP(=O)(O)OP(=O)(O)OCC1OC(n2cnc3c(N)ncnc32)C(O)C1OP(=O)(O)O)C(O)C(=O)NCCC(=O)NCCSC(=O)C1CCCC(O)C1,"InChI=1S/C28H46N7O18P3S/c1-28(2,22(39)25(40)31-7-6-18(37)30-8-9-57-27(41)15-4-3-5-16(36)10-15)12-50-56(47,48)53-55(45,46)49-11-17-21(52-54(42,43)44)20(38)26(51-17)35-14-34-19-23(29)32-13-33-24(19)35/h13-17,20-22,26,36,38-39H,3-12H2,1-2H3,(H,30,37)(H,31,40)(H,45,46)(H,47,48)(H2,29,32,33)(H2,42,43,44)"
NC(=O)NC=CC(=O)O,"InChI=1S/C4H6N2O3/c5-4(9)6-2-1-3(7)8/h1-2H,(H,7,8)(H3,5,6,9)"
Cc1cn(C2OC(COP(=O)(O)OP(=O)(O)OP(=O)(O)O)C(O)C2O)c(=O)nc1N,"InChI=1S/C10H18N3O14P3/c1-4-2-13(10(16)12-8(4)11)9-7(15)6(14)5(25-9)3-24-29(20,21)27-30(22,23)26-28(17,18)19/h2,5-7,9,14-15H,3H2,1H3,(H,20,21)(H,22,23)(H2,11,12,16)(H2,17,18,19)"
O=C(O)CC(=CC(=O)C(=O)O)C(=O)O,"InChI=1S/C7H6O7/c8-4(7(13)14)1-3(6(11)12)2-5(9)10/h1H,2H2,(H,9,10)(H,11,12)(H,13,14)"
CC(C)=CCCC(C)=CC=CC(C)=CC=CC(C)=CC=CC=C(C)C=CC=C(C)C=CC=C(C)CCC=C(C)C,"InChI=1S/C40H56/c1-33(2)19-13-23-37(7)27-17-31-39(9)29-15-25-35(5)21-11-12-22-36(6)26-16-30-40(10)32-18-28-38(8)24-14-20-34(3)4/h11-12,15-22,25-32H,13-14,23-24H2,1-10H3"
CC(CO)=C1CC(C)(C)CC2C(C)CCC12,"InChI=1S/C15H26O/c1-10-5-6-12-13(10)7-15(3,4)8-14(12)11(2)9-16/h10,12-13,16H,5-9H2,1-4H3"
CC1OC(=O)c2c(O)cc3c(c2C1O)CC1C(C)(CCC2C(C)(C)C(=O)C=CC12C)O3,"InChI=1S/C25H30O6/c1-12-21(28)19-13-10-17-24(4)8-7-18(27)23(2,3)16(24)6-9-25(17,5)31-15(13)11-14(26)20(19)22(29)30-12/h7-8,11-12,16-17,21,26,28H,6,9-10H2,1-5H3"
C=CC1C(OC2OC(CO)C(O)C(O)C2O)OC=C(C(=O)OC)C1CC1NCCc2cc(O)c(OC)cc21,"InChI=1S/C26H35NO11/c1-4-13-15(8-17-14-9-19(34-2)18(29)7-12(14)5-6-27-17)16(24(33)35-3)11-36-25(13)38-26-23(32)22(31)21(30)20(10-28)37-26/h4,7,9,11,13,15,17,20-23,25-32H,1,5-6,8,10H2,2-3H3"
COc1c2ccoc2c(OC)c2oc(=O)ccc12,"InChI=1S/C13H10O5/c1-15-10-7-3-4-9(14)18-12(7)13(16-2)11-8(10)5-6-17-11/h3-6H,1-2H3"
COC1=CC=C2C3Cc4ccc(OC)c5c4C2(CCN3C)C1O5,"InChI=1S/C19H21NO3/c1-20-9-8-19-12-5-7-15(22-3)18(19)23-17-14(21-2)6-4-11(16(17)19)10-13(12)20/h4-7,13,18H,8-10H2,1-3H3"
CC(=CCCC(C)=CC=O)CO,"InChI=1S/C10H16O2/c1-9(6-7-11)4-3-5-10(2)8-12/h5-7,12H,3-4,8H2,1-2H3"
CC1=CCC(=O)OC23C(=O)NC(Cc4ccccc4)C2C(C)C(C)=CC3C=CCC(C)C1=O,"InChI=1S/C28H33NO4/c1-17-9-8-12-22-15-19(3)20(4)25-23(16-21-10-6-5-7-11-21)29-27(32)28(22,25)33-24(30)14-13-18(2)26(17)31/h5-8,10-13,15,17,20,22-23,25H,9,14,16H2,1-4H3,(H,29,32)"
OCC1OC(SC(Cc2c[nH]c3ccccc23)=NO)C(O)C(O)C1O,"InChI=1S/C16H20N2O6S/c19-7-11-13(20)14(21)15(22)16(24-11)25-12(18-23)5-8-6-17-10-4-2-1-3-9(8)10/h1-4,6,11,13-17,19-23H,5,7H2"
NCC(=O)NC1OC(COP(=O)(O)O)C(O)C1O,"InChI=1S/C7H15N2O8P/c8-1-4(10)9-7-6(12)5(11)3(17-7)2-16-18(13,14)15/h3,5-7,11-12H,1-2,8H2,(H,9,10)(H2,13,14,15)"
OCC1OC(OC2C(CO)OC(OC3C(CO)OC(O)C(O)C3O)C(O)C2O)C(O)C(O)C1O,"InChI=1S/C18H32O16/c19-1-4-7(22)8(23)12(27)17(31-4)34-15-6(3-21)32-18(13(28)10(15)25)33-14-5(2-20)30-16(29)11(26)9(14)24/h4-29H,1-3H2"
CC(C)CC(=O)C(=O)O,"InChI=1S/C6H10O3/c1-4(2)3-5(7)6(8)9/h4H,3H2,1-2H3,(H,8,9)"
CC12CCC3C(CCC4CCCCC43C)C1CCC2CC=O,"InChI=1S/C21H34O/c1-20-12-4-3-5-15(20)6-8-17-18-9-7-16(11-14-22)21(18,2)13-10-19(17)20/h14-19H,3-13H2,1-2H3"
OC1C2COC(O2)C(O)C1O,"InChI=1S/C6H10O5/c7-3-2-1-10-6(11-2)5(9)4(3)8/h2-9H,1H2"
CC(=O)NC1C(C)OC(O)C(NC(C)=O)C1O,"InChI=1S/C10H18N2O5/c1-4-7(11-5(2)13)9(15)8(10(16)17-4)12-6(3)14/h4,7-10,15-16H,1-3H3,(H,11,13)(H,12,14)"
CCCCCCCCCCCCCCCCOCC(COP(=O)(O)OCC[N+](C)(C)C)OC(C)=O,"InChI=1S/C26H54NO7P/c1-6-7-8-9-10-11-12-13-14-15-16-17-18-19-21-31-23-26(34-25(2)28)24-33-35(29,30)32-22-20-27(3,4)5/h26H,6-24H2,1-5H3/p+1"
CCCCCCCCCCCC=CC(=O)SCCNC(=O)CCNC(=O)C(O)C(C)(C)COP(=O)(O)OP(=O)(O)OCC1OC(n2cnc3c(N)ncnc32)C(O)C1OP(=O)(O)O,"InChI=1S/C35H60N7O17P3S/c1-4-5-6-7-8-9-10-11-12-13-14-15-26(44)63-19-18-37-25(43)16-17-38-33(47)30(46)35(2,3)21-56-62(53,54)59-61(51,52)55-20-24-29(58-60(48,49)50)28(45)34(57-24)42-23-41-27-31(36)39-22-40-32(27)42/h14-15,22-24,28-30,34,45-46H,4-13,16-21H2,1-3H3,(H,37,43)(H,38,47)(H,51,52)(H,53,54)(H2,36,39,40)(H2,48,49,50)"
COc1cc(C)cc(O)c1,"InChI=1S/C8H10O2/c1-6-3-7(9)5-8(4-6)10-2/h3-5,9H,1-2H3"
O=CC1CCCCC1,"InChI=1S/C7H12O/c8-6-7-4-2-1-3-5-7/h6-7H,1-5H2"
CC(=O)NC1C(OP(=O)(O)OP(=O)(O)OCC2OC(n3ccc(=O)[nH]c3=O)C(O)C2O)OC(C)C(NC(=O)CCC(=O)C(=O)O)C1O,"InChI=1S/C22H32N4O19P2/c1-8-14(24-12(29)4-3-10(28)20(34)35)17(32)15(23-9(2)27)21(42-8)44-47(39,40)45-46(37,38)41-7-11-16(31)18(33)19(43-11)26-6-5-13(30)25-22(26)36/h5-6,8,11,14-19,21,31-33H,3-4,7H2,1-2H3,(H,23,27)(H,24,29)(H,34,35)(H,37,38)(H,39,40)(H,25,30,36)"
NCCc1c[nH]c2ccccc12,"InChI=1S/C10H12N2/c11-6-5-8-7-12-10-4-2-1-3-9(8)10/h1-4,7,12H,5-6,11H2"
CCCCCC=CCC=CCCCCCCCC(=O)OC(COC(=O)CCCCCCCCCCCCCCC)COP(=O)(O)OCCNC(=O)CCCCCCCCCCCCCCC,"InChI=1S/C55H104NO9P/c1-4-7-10-13-16-19-22-25-26-29-32-35-38-41-44-47-55(59)65-52(50-62-54(58)46-43-40-37-34-31-28-24-21-18-15-12-9-6-3)51-64-66(60,61)63-49-48-56-53(57)45-42-39-36-33-30-27-23-20-17-14-11-8-5-2/h16,19,25-26,52H,4-15,17-18,20-24,27-51H2,1-3H3,(H,56,57)(H,60,61)"
Cc1ncc(COP(=O)(O)OP(=O)(O)O)c(N)n1,"InChI=1S/C6H11N3O7P2/c1-4-8-2-5(6(7)9-4)3-15-18(13,14)16-17(10,11)12/h2H,3H2,1H3,(H,13,14)(H2,7,8,9)(H2,10,11,12)"
CC(C)=CCCC(C)C1CCC2(C)C3CC=C4C(CCC(O)C4(C)C)C3(C)C(O)CC12C,"InChI=1S/C30H50O2/c1-19(2)10-9-11-20(3)21-16-17-28(6)24-14-12-22-23(13-15-25(31)27(22,4)5)30(24,8)26(32)18-29(21,28)7/h10,12,20-21,23-26,31-32H,9,11,13-18H2,1-8H3"
CC(O)C(C)C(=O)SCCNC(=O)CCNC(=O)C(O)C(C)(C)COP(=O)(O)OP(=O)(O)OCC1OC(n2cnc3c(N)ncnc32)C(O)C1OP(=O)(O)O,"InChI=1S/C26H44N7O18P3S/c1-13(14(2)34)25(39)55-8-7-28-16(35)5-6-29-23(38)20(37)26(3,4)10-48-54(45,46)51-53(43,44)47-9-15-19(50-52(40,41)42)18(36)24(49-15)33-12-32-17-21(27)30-11-31-22(17)33/h11-15,18-20,24,34,36-37H,5-10H2,1-4H3,(H,28,35)(H,29,38)(H,43,44)(H,45,46)(H2,27,30,31)(H2,40,41,42)"
CCCCCC(O)C=CC1C(O)CC(O)C1CC=CCCCC(=O)O,"InChI=1S/C20H34O5/c1-2-3-6-9-15(21)12-13-17-16(18(22)14-19(17)23)10-7-4-5-8-11-20(24)25/h4,7,12-13,15-19,21-23H,2-3,5-6,8-11,14H2,1H3,(H,24,25)"
CCCCCCC(O)CCCCCCC=CC(O)C(O)C(O)C(N)C(=O)O,"InChI=1S/C20H39NO6/c1-2-3-4-9-12-15(22)13-10-7-5-6-8-11-14-16(23)18(24)19(25)17(21)20(26)27/h11,14-19,22-25H,2-10,12-13,21H2,1H3,(H,26,27)"
COc1c(O)c(O)c2oc(=O)ccc2c1O,"InChI=1S/C10H8O6/c1-15-10-6(12)4-2-3-5(11)16-9(4)7(13)8(10)14/h2-3,12-14H,1H3"
CCCCCC=CCC=CCCCCCCCC(=O)OC(COC(=O)CCCCCCCCCCCCCCC)COP(=O)(O)OCCNC(=O)CCCCCCCCC,"InChI=1S/C49H92NO9P/c1-4-7-10-13-16-18-20-22-23-25-27-29-32-35-38-41-49(53)59-46(44-56-48(52)40-37-34-31-28-26-24-21-19-17-14-11-8-5-2)45-58-60(54,55)57-43-42-50-47(51)39-36-33-30-15-12-9-6-3/h16,18,22-23,46H,4-15,17,19-21,24-45H2,1-3H3,(H,50,51)(H,54,55)"
O=[N+]([O-])OCC(CO)(CO[N+](=O)[O-])CO[N+](=O)[O-],"InChI=1S/C5H9N3O10/c9-1-5(2-16-6(10)11,3-17-7(12)13)4-18-8(14)15/h9H,1-4H2"
CC(C)CCCC(C)C1CCC2C3CCC4=CC(=O)CCC4(C)C3CCC12C,"InChI=1S/C27H44O/c1-18(2)7-6-8-19(3)23-11-12-24-22-10-9-20-17-21(28)13-15-26(20,4)25(22)14-16-27(23,24)5/h17-19,22-25H,6-16H2,1-5H3"
O=CCF,"InChI=1S/C2H3FO/c3-1-2-4/h2H,1H2"
CC(=O)C=O,"InChI=1S/C3H4O2/c1-3(5)2-4/h2H,1H3"
CC(O)CCCCCCC=CCC=CCC=CCCCC(=O)O,"InChI=1S/C20H34O3/c1-19(21)17-15-13-11-9-7-5-3-2-4-6-8-10-12-14-16-18-20(22)23/h3-6,10,12,19,21H,2,7-9,11,13-18H2,1H3,(H,22,23)"
COc1cc(C=CC(=O)Nc2ccc(O)cc2C(=O)O)ccc1O,"InChI=1S/C17H15NO6/c1-24-15-8-10(2-6-14(15)20)3-7-16(21)18-13-5-4-11(19)9-12(13)17(22)23/h2-9,19-20H,1H3,(H,18,21)(H,22,23)"
COc1cc(C(=O)O)ccc1O,"InChI=1S/C8H8O4/c1-12-7-4-5(8(10)11)2-3-6(7)9/h2-4,9H,1H3,(H,10,11)"
CC=CC1C(C(=O)c2c(O)c(-c3ccc(O)cc3)c[nH]c2=O)C=C(C)C2CCC(C)CC21,"InChI=1S/C27H31NO4/c1-4-5-20-21-12-15(2)6-11-19(21)16(3)13-22(20)25(30)24-26(31)23(14-28-27(24)32)17-7-9-18(29)10-8-17/h4-5,7-10,13-15,19-22,29H,6,11-12H2,1-3H3,(H2,28,31,32)"
CC(=CCC1=C(C)C(=O)c2ccccc2C1=O)CCCC(C)CCCC(C)CCCC(C)C,"InChI=1S/C31H46O2/c1-22(2)12-9-13-23(3)14-10-15-24(4)16-11-17-25(5)20-21-27-26(6)30(32)28-18-7-8-19-29(28)31(27)33/h7-8,18-20,22-24H,9-17,21H2,1-6H3"
O=C(O)CCCCCCCCCCCCCCCCCCCCC(=O)O,"InChI=1S/C22H42O4/c23-21(24)19-17-15-13-11-9-7-5-3-1-2-4-6-8-10-12-14-16-18-20-22(25)26/h1-20H2,(H,23,24)(H,25,26)"
C=CC(C)(O)CCC=C(C)CCC=C(C)CCC=C(C)C,"InChI=1S/C20H34O/c1-7-20(6,21)16-10-15-19(5)14-9-13-18(4)12-8-11-17(2)3/h7,11,13,15,21H,1,8-10,12,14,16H2,2-6H3"
CC1=CC=C(C(C)C)CC1,"InChI=1S/C10H16/c1-8(2)10-6-4-9(3)5-7-10/h4,6,8H,5,7H2,1-3H3"
C=CC1(C)C=C2C(O)CC3C(C)(C)C(O)CCC3(C)C2CC1,"InChI=1S/C20H32O2/c1-6-19(4)9-7-14-13(12-19)15(21)11-16-18(2,3)17(22)8-10-20(14,16)5/h6,12,14-17,21-22H,1,7-11H2,2-5H3"
OC1CSSCC1O,"InChI=1S/C4H8O2S2/c5-3-1-7-8-2-4(3)6/h3-6H,1-2H2"
O=c1cc(-c2ccc(O)c(O)c2)oc2cc(OC3OC(CO)C(O)C(O)C3O)cc(O)c12,"InChI=1S/C21H20O11/c22-7-16-18(27)19(28)20(29)21(32-16)30-9-4-12(25)17-13(26)6-14(31-15(17)5-9)8-1-2-10(23)11(24)3-8/h1-6,16,18-25,27-29H,7H2"
CN1CCCC1c1ccc(O)nc1,"InChI=1S/C10H14N2O/c1-12-6-2-3-9(12)8-4-5-10(13)11-7-8/h4-5,7,9H,2-3,6H2,1H3,(H,11,13)"
NCCCNCCC(N)C(=O)O,"InChI=1S/C7H17N3O2/c8-3-1-4-10-5-2-6(9)7(11)12/h6,10H,1-5,8-9H2,(H,11,12)"
O=C(O)C1(O)C=Cc2ccccc2O1,"InChI=1S/C10H8O4/c11-9(12)10(13)6-5-7-3-1-2-4-8(7)14-10/h1-6,13H,(H,11,12)"
CCC=CCC=CCC=CCC=CC=CC(CCCC(=O)O)OO,"InChI=1S/C20H30O4/c1-2-3-4-5-6-7-8-9-10-11-12-13-14-16-19(24-23)17-15-18-20(21)22/h3-4,6-7,9-10,12-14,16,19,23H,2,5,8,11,15,17-18H2,1H3,(H,21,22)"
CC(=O)C1CCC2C3CC=C4CC(OS(=O)(=O)O)CCC4(C)C3CCC12C,"InChI=1S/C21H32O5S/c1-13(22)17-6-7-18-16-5-4-14-12-15(26-27(23,24)25)8-10-20(14,2)19(16)9-11-21(17,18)3/h4,15-19H,5-12H2,1-3H3,(H,23,24,25)"
CC(C)(C)NCC(O)COc1cccc2c1CCCC2O,"InChI=1S/C17H27NO3/c1-17(2,3)18-10-12(19)11-21-16-9-5-6-13-14(16)7-4-8-15(13)20/h5-6,9,12,15,18-20H,4,7-8,10-11H2,1-3H3"
CCCCCCCCC=CCCCCCCCC(=O)OCCCCCCCCCCCCCCCCCCCCCCCC,"InChI=1S/C42H82O2/c1-3-5-7-9-11-13-15-17-19-20-21-22-23-24-25-27-29-31-33-35-37-39-41-44-42(43)40-38-36-34-32-30-28-26-18-16-14-12-10-8-6-4-2/h18,26H,3-17,19-25,27-41H2,1-2H3"
CC=CC1CC2OC2C1C=CCCCCCCCC(=O)O,"InChI=1S/C18H28O3/c1-2-10-14-13-16-18(21-16)15(14)11-8-6-4-3-5-7-9-12-17(19)20/h2,8,10-11,14-16,18H,3-7,9,12-13H2,1H3,(H,19,20)"
COc1cccc2c1C(=O)c1c(O)c3c(c(O)c1C2=O)CC(O)(C(C)=O)CC3OC1CC(N)C(O)C(C)O1,"InChI=1S/C27H29NO10/c1-10-22(30)14(28)7-17(37-10)38-16-9-27(35,11(2)29)8-13-19(16)26(34)21-20(24(13)32)23(31)12-5-4-6-15(36-3)18(12)25(21)33/h4-6,10,14,16-17,22,30,32,34-35H,7-9,28H2,1-3H3"
COc1ccc(-c2oc3cc(OC)cc(O)c3c(=O)c2O)cc1,"InChI=1S/C17H14O6/c1-21-10-5-3-9(4-6-10)17-16(20)15(19)14-12(18)7-11(22-2)8-13(14)23-17/h3-8,18,20H,1-2H3"
Cn1cnc2c1c(=O)[nH]c(=O)n2C,"InChI=1S/C7H8N4O2/c1-10-3-8-5-4(10)6(12)9-7(13)11(5)2/h3H,1-2H3,(H,9,12,13)"
NC(CSSCC(=O)C(=O)O)C(=O)O,"InChI=1S/C6H9NO5S2/c7-3(5(9)10)1-13-14-2-4(8)6(11)12/h3H,1-2,7H2,(H,9,10)(H,11,12)"
CCCCCCCCCCCCCCCCOCC(N)COP(=O)(O)O,"InChI=1S/C19H42NO5P/c1-2-3-4-5-6-7-8-9-10-11-12-13-14-15-16-24-17-19(20)18-25-26(21,22)23/h19H,2-18,20H2,1H3,(H2,21,22,23)"
CCCCCCCCCCCCCCCCCC(=O)OCC(COP(=O)(O)OCC[N+](C)(C)C)OC(=O)CCCC,"InChI=1S/C31H62NO8P/c1-6-8-10-11-12-13-14-15-16-17-18-19-20-21-22-24-30(33)37-27-29(40-31(34)23-9-7-2)28-39-41(35,36)38-26-25-32(3,4)5/h29H,6-28H2,1-5H3/p+1"
OCC1OC2(COC3(CO)OC(CO)C(O)C3O2)C(O)C1O,"InChI=1S/C12H20O10/c13-1-5-7(16)9(18)12(21-5)4-19-11(3-15)10(22-12)8(17)6(2-14)20-11/h5-10,13-18H,1-4H2"
CCCCCC(O)C=CC=CC=CC=CC(O)C(O)CCCC(=O)O,"InChI=1S/C20H32O5/c1-2-3-8-12-17(21)13-9-6-4-5-7-10-14-18(22)19(23)15-11-16-20(24)25/h4-7,9-10,13-14,17-19,21-23H,2-3,8,11-12,15-16H2,1H3,(H,24,25)"
COc1cc2c(=O)c(-c3cc4c(cc3OC)OCO4)coc2cc1OC1OC(COC2OCC(O)(CO)C2O)C(O)C(O)C1O,"InChI=1S/C29H32O16/c1-37-15-5-19-18(42-11-43-19)3-12(15)14-7-39-16-6-20(17(38-2)4-13(16)22(14)31)44-27-25(34)24(33)23(32)21(45-27)8-40-28-26(35)29(36,9-30)10-41-28/h3-7,21,23-28,30,32-36H,8-11H2,1-2H3"
Cc1cn(C2CC(O)C(COP(=O)(O)OP(=O)(O)OC3OC(C)CC(N)C3O)O2)c(=O)[nH]c1=O,"InChI=1S/C16H27N3O13P2/c1-7-5-19(16(23)18-14(7)22)12-4-10(20)11(30-12)6-28-33(24,25)32-34(26,27)31-15-13(21)9(17)3-8(2)29-15/h5,8-13,15,20-21H,3-4,6,17H2,1-2H3,(H,24,25)(H,26,27)(H,18,22,23)"
CC=C1CN2CCC34C(=Nc5ccccc53)C2CC1C4(C=O)C(=O)OC,"InChI=1S/C21H22N2O3/c1-3-13-11-23-9-8-20-14-6-4-5-7-16(14)22-18(20)17(23)10-15(13)21(20,12-24)19(25)26-2/h3-7,12,15,17H,8-11H2,1-2H3"
COc1c(O)ccc2c(=O)cc(-c3ccccc3)oc12,"InChI=1S/C16H12O4/c1-19-16-12(17)8-7-11-13(18)9-14(20-15(11)16)10-5-3-2-4-6-10/h2-9,17H,1H3"
CCC(=CCCC(C)=CC(=O)OC)CCC1OC1(C)CC,"InChI=1S/C18H30O3/c1-6-15(11-12-16-18(4,7-2)21-16)10-8-9-14(3)13-17(19)20-5/h10,13,16H,6-9,11-12H2,1-5H3"
NCC(=O)COP(=O)(O)O,"InChI=1S/C3H8NO5P/c4-1-3(5)2-9-10(6,7)8/h1-2,4H2,(H2,6,7,8)"
O=C(O)CCCCCCCC1OC1CCCCCCCCO,"InChI=1S/C18H34O4/c19-15-11-7-2-1-4-8-12-16-17(22-16)13-9-5-3-6-10-14-18(20)21/h16-17,19H,1-15H2,(H,20,21)"
O=C(O)CNC(=O)OCc1ccccc1,"InChI=1S/C10H11NO4/c12-9(13)6-11-10(14)15-7-8-4-2-1-3-5-8/h1-5H,6-7H2,(H,11,14)(H,12,13)"
O=C(O)C(=O)COP(=O)(O)O,"InChI=1S/C3H5O7P/c4-2(3(5)6)1-10-11(7,8)9/h1H2,(H,5,6)(H2,7,8,9)"
CC(C)C(N=CC1(O)OCC(O)C(O)C1O)C(=O)O,"InChI=1S/C11H19NO7/c1-5(2)7(10(16)17)12-4-11(18)9(15)8(14)6(13)3-19-11/h4-9,13-15,18H,3H2,1-2H3,(H,16,17)"
Oc1ccc(O)nc1,"InChI=1S/C5H5NO2/c7-4-1-2-5(8)6-3-4/h1-3,7H,(H,6,8)"
N#Cc1ccc(CO)cc1,"InChI=1S/C8H7NO/c9-5-7-1-3-8(6-10)4-2-7/h1-4,10H,6H2"
CCCCCCCCCCCCCCCC(=O)OCC(O)COP(=O)(O)O,"InChI=1S/C19H39O7P/c1-2-3-4-5-6-7-8-9-10-11-12-13-14-15-19(21)25-16-18(20)17-26-27(22,23)24/h18,20H,2-17H2,1H3,(H2,22,23,24)"
Nc1cnn(-c2cccc(O)c2O)c(=O)c1Cl,"InChI=1S/C10H8ClN3O3/c11-8-5(12)4-13-14(10(8)17)6-2-1-3-7(15)9(6)16/h1-4,15-16H,12H2"
Nc1ncnc2c1ncn2C1OC(COP(=O)(O)OP(=O)(O)OCC2OC3OP(=O)(O)OC3C2O)C(O)C1O,"InChI=1S/C15H22N5O16P3/c16-12-7-13(18-3-17-12)20(4-19-7)14-10(23)8(21)5(32-14)1-30-37(24,25)36-38(26,27)31-2-6-9(22)11-15(33-6)35-39(28,29)34-11/h3-6,8-11,14-15,21-23H,1-2H2,(H,24,25)(H,26,27)(H,28,29)(H2,16,17,18)"
CNC(C)C(O)c1ccccc1,"InChI=1S/C10H15NO/c1-8(11-2)10(12)9-6-4-3-5-7-9/h3-8,10-12H,1-2H3"
CCCCCC=CCC=CCC=CCC=CCCCC(=O)OC(COC(=O)CCCCCCCCCCCCCCC)COP(=O)(O)OCC[N+](C)(C)C,"InChI=1S/C44H80NO8P/c1-6-8-10-12-14-16-18-20-21-22-23-25-27-29-31-33-35-37-44(47)53-42(41-52-54(48,49)51-39-38-45(3,4)5)40-50-43(46)36-34-32-30-28-26-24-19-17-15-13-11-9-7-2/h14,16,20-21,23,25,29,31,42H,6-13,15,17-19,22,24,26-28,30,32-41H2,1-5H3/p+1"
NC(CCCCNCC(=O)C(OP(=O)(O)O)C(O)CO)C(=O)O,"InChI=1S/C11H23N2O9P/c12-7(11(17)18)3-1-2-4-13-5-8(15)10(9(16)6-14)22-23(19,20)21/h7,9-10,13-14,16H,1-6,12H2,(H,17,18)(H2,19,20,21)"
COc1cc(C=O)ccc1O,"InChI=1S/C8H8O3/c1-11-8-4-6(5-9)2-3-7(8)10/h2-5,10H,1H3"
NC(CCNC(CCN1CCC1C(=O)O)C(=O)O)C(=O)O,"InChI=1S/C12H21N3O6/c13-7(10(16)17)1-4-14-8(11(18)19)2-5-15-6-3-9(15)12(20)21/h7-9,14H,1-6,13H2,(H,16,17)(H,18,19)(H,20,21)"
O=C(O)C=CC(Cl)=CC(=O)O,"InChI=1S/C6H5ClO4/c7-4(3-6(10)11)1-2-5(8)9/h1-3H,(H,8,9)(H,10,11)"
CC(C=CC1(O)C(C)=CC(=O)CC1(C)C)=CC(=O)OC1OC(CO)C(O)C(O)C1O,"InChI=1S/C21H30O9/c1-11(5-6-21(28)12(2)8-13(23)9-20(21,3)4)7-15(24)30-19-18(27)17(26)16(25)14(10-22)29-19/h5-8,14,16-19,22,25-28H,9-10H2,1-4H3"
C=C1CCC2C(C)(C)C(O)CCC2(C)C1CCC(C)=CCc1c(O)cc(C)oc1=O,"InChI=1S/C26H38O4/c1-16(7-10-19-21(27)15-18(3)30-24(19)29)8-11-20-17(2)9-12-22-25(4,5)23(28)13-14-26(20,22)6/h7,15,20,22-23,27-28H,2,8-14H2,1,3-6H3"
O=C(O)C1NCCC1O,"InChI=1S/C5H9NO3/c7-3-1-2-6-4(3)5(8)9/h3-4,6-7H,1-2H2,(H,8,9)"
O=C1c2c(O)cc(O)cc2OC(O)C1c1ccc(O)cc1,"InChI=1S/C15H12O6/c16-8-3-1-7(2-4-8)12-14(19)13-10(18)5-9(17)6-11(13)21-15(12)20/h1-6,12,15-18,20H"
CC(C)=CCCC(C)=CC=CC(C)=CC=CC(C)=CC=CC=C(C)C=CC=C(C)C=CC1C(C)=CCCC1(C)C,"InChI=1S/C40H56/c1-32(2)18-13-21-35(5)24-15-26-36(6)25-14-22-33(3)19-11-12-20-34(4)23-16-27-37(7)29-30-39-38(8)28-17-31-40(39,9)10/h11-12,14-16,18-20,22-30,39H,13,17,21,31H2,1-10H3"
CC(NC(C)C(=O)O)C(=O)O,"InChI=1S/C6H11NO4/c1-3(5(8)9)7-4(2)6(10)11/h3-4,7H,1-2H3,(H,8,9)(H,10,11)"
CCCCCCCCCC=CC(=O)O,"InChI=1S/C12H22O2/c1-2-3-4-5-6-7-8-9-10-11-12(13)14/h10-11H,2-9H2,1H3,(H,13,14)"
COc1c(O)c(C)c(CC=C(C)CCC=C(C)CCC=C(C)CCC=C(C)CCC=C(C)CCC=C(C)CCC=C(C)CCC=C(C)CCC=C(C)CCC=C(C)C)c(O)c1OC,"InChI=1S/C59H92O4/c1-44(2)24-15-25-45(3)26-16-27-46(4)28-17-29-47(5)30-18-31-48(6)32-19-33-49(7)34-20-35-50(8)36-21-37-51(9)38-22-39-52(10)40-23-41-53(11)42-43-55-54(12)56(60)58(62-13)59(63-14)57(55)61/h24,26,28,30,32,34,36,38,40,42,60-61H,15-23,25,27,29,31,33,35,37,39,41,43H2,1-14H3"
CCC12C=CCN3CCC4(c5ccc(OC)cc5N(C)C4C(O)(C(=O)OC)C1OC(C)=O)C32,"InChI=1S/C25H32N2O6/c1-6-23-10-7-12-27-13-11-24(19(23)27)17-9-8-16(31-4)14-18(17)26(3)20(24)25(30,22(29)32-5)21(23)33-15(2)28/h7-10,14,19-21,30H,6,11-13H2,1-5H3"
CC(=O)NCCC(N)C(=O)O,"InChI=1S/C6H12N2O3/c1-4(9)8-3-2-5(7)6(10)11/h5H,2-3,7H2,1H3,(H,8,9)(H,10,11)"
CCCCCC=CCC=CCC=CCC=CCC=CCCC(=O)O,"InChI=1S/C22H34O2/c1-2-3-4-5-6-7-8-9-10-11-12-13-14-15-16-17-18-19-20-21-22(23)24/h6-7,9-10,12-13,15-16,18-19H,2-5,8,11,14,17,20-21H2,1H3,(H,23,24)"
CCC(=O)C(=O)O,"InChI=1S/C4H6O3/c1-2-3(5)4(6)7/h2H2,1H3,(H,6,7)"
NC(CCSCC1OC(O)C(O)C1O)C(=O)O,"InChI=1S/C9H17NO6S/c10-4(8(13)14)1-2-17-3-5-6(11)7(12)9(15)16-5/h4-7,9,11-12,15H,1-3,10H2,(H,13,14)"
CC(C)=CCCC(C)CC(=O)O,"InChI=1S/C10H18O2/c1-8(2)5-4-6-9(3)7-10(11)12/h5,9H,4,6-7H2,1-3H3,(H,11,12)"
CCC=CCC=CCC=CCC=CCC=CCC=CCCC(=O)OC(COC(=O)CCCCCCCCCCCCCCC)COP(=O)(O)O,"InChI=1S/C41H69O8P/c1-3-5-7-9-11-13-15-17-18-19-20-21-22-24-26-28-30-32-34-36-41(43)49-39(38-48-50(44,45)46)37-47-40(42)35-33-31-29-27-25-23-16-14-12-10-8-6-4-2/h5,7,11,13,17-18,20-21,24,26,30,32,39H,3-4,6,8-10,12,14-16,19,22-23,25,27-29,31,33-38H2,1-2H3,(H2,44,45,46)"
COc1cc(C=CCO)cc(OC)c1O,"InChI=1S/C11H14O4/c1-14-9-6-8(4-3-5-12)7-10(15-2)11(9)13/h3-4,6-7,12-13H,5H2,1-2H3"
CO,"InChI=1S/CH4O/c1-2/h2H,1H3"
CCC1OC(=O)C(C)C(OC2CC(C)(O)C(O)C(C)O2)C(C)C(OC2OC(C)CC(N(C)C)C2O)C(C)(O)CC(C)C(=O)C(C)C(O)C1(C)O,"InChI=1S/C36H65NO13/c1-13-24-36(10,45)29(40)19(4)26(38)17(2)15-35(9,44)31(50-33-27(39)23(37(11)12)14-18(3)46-33)20(5)28(21(6)32(42)48-24)49-25-16-34(8,43)30(41)22(7)47-25/h17-25,27-31,33,39-41,43-45H,13-16H2,1-12H3"
CCCCCC(C=CC=CCC=CCC=CCCCC(=O)NC(C)C(=O)O)OO,"InChI=1S/C23H37NO5/c1-3-4-14-17-21(29-28)18-15-12-10-8-6-5-7-9-11-13-16-19-22(25)24-20(2)23(26)27/h5-6,9-12,15,18,20-21,28H,3-4,7-8,13-14,16-17,19H2,1-2H3,(H,24,25)(H,26,27)"
CCC=CCC1C(=O)C=CC1CCCCCCCC(=O)O,"InChI=1S/C18H28O3/c1-2-3-7-11-16-15(13-14-17(16)19)10-8-5-4-6-9-12-18(20)21/h3,7,13-16H,2,4-6,8-12H2,1H3,(H,20,21)"
CC(C(CCC(C)(C)O)OP(=O)(O)O)C1CCC2(O)C3=CC(=O)C4CC(O)CCC4(C)C3CCC12C,"InChI=1S/C27H45O8P/c1-16(23(35-36(32,33)34)9-10-24(2,3)30)18-8-13-27(31)20-15-22(29)21-14-17(28)6-11-25(21,4)19(20)7-12-26(18,27)5/h15-19,21,23,28,30-31H,6-14H2,1-5H3,(H2,32,33,34)"
O=C1NC(=O)c2c1c1c3cccc(Cl)c3[nH]c1c1c2c2cccc(Cl)c2n1C1OC(CO)C(O)C(O)C1O,"InChI=1S/C26H19Cl2N3O7/c27-10-5-1-3-8-13-15-16(25(37)30-24(15)36)14-9-4-2-6-11(28)19(9)31(20(14)18(13)29-17(8)10)26-23(35)22(34)21(33)12(7-32)38-26/h1-6,12,21-23,26,29,32-35H,7H2,(H,30,36,37)"
NC(=O)Cc1cccc2ccccc12,"InChI=1S/C12H11NO/c13-12(14)8-10-6-3-5-9-4-1-2-7-11(9)10/h1-7H,8H2,(H2,13,14)"
CC(=O)C(C)=O,InChI=1S/C4H6O2/c1-3(5)4(2)6/h1-2H3
CCOc1ccccc1O,"InChI=1S/C8H10O2/c1-2-10-8-6-4-3-5-7(8)9/h3-6,9H,2H2,1H3"
CCCCCC=CCC=CCC=CCC=CCCCC(=O)NC(CO)C(=O)O,"InChI=1S/C23H37NO4/c1-2-3-4-5-6-7-8-9-10-11-12-13-14-15-16-17-18-19-22(26)24-21(20-25)23(27)28/h6-7,9-10,12-13,15-16,21,25H,2-5,8,11,14,17-20H2,1H3,(H,24,26)(H,27,28)"
CC(C=CC1=C(C)CCCC1(C)C)=CC=CC(C)CC(=O)O,"InChI=1S/C20H30O2/c1-15(8-6-9-16(2)14-19(21)22)11-12-18-17(3)10-7-13-20(18,4)5/h6,8-9,11-12,16H,7,10,13-14H2,1-5H3,(H,21,22)"
O=P(O)(O)OCC(O)C1OC(OP(=O)(O)O)C(O)C(O)C1O,"InChI=1S/C7H16O13P2/c8-2(1-18-21(12,13)14)6-4(10)3(9)5(11)7(19-6)20-22(15,16)17/h2-11H,1H2,(H2,12,13,14)(H2,15,16,17)"
CCCCCCCCC=CCCCCCCCC(=O)NCCc1ccc(O)c(O)c1,"InChI=1S/C26H43NO3/c1-2-3-4-5-6-7-8-9-10-11-12-13-14-15-16-17-26(30)27-21-20-23-18-19-24(28)25(29)22-23/h9-10,18-19,22,28-29H,2-8,11-17,20-21H2,1H3,(H,27,30)"
Nc1nc2c(c(=O)[nH]1)NC1C(S)=C(S)C(COP(=O)(O)O)OC1N2,"InChI=1S/C10H14N5O6PS2/c11-10-14-7-4(8(16)15-10)12-3-6(24)5(23)2(21-9(3)13-7)1-20-22(17,18)19/h2-3,9,12,23-24H,1H2,(H2,17,18,19)(H4,11,13,14,15,16)"
O=C1C=CC(C(=O)O)CC1,"InChI=1S/C7H8O3/c8-6-3-1-5(2-4-6)7(9)10/h1,3,5H,2,4H2,(H,9,10)"
Nc1nc(N)nc(O)n1,"InChI=1S/C3H5N5O/c4-1-6-2(5)8-3(9)7-1/h(H5,4,5,6,7,8,9)"
O=C1C=C(CO)C(=O)C2OC12,"InChI=1S/C7H6O4/c8-2-3-1-4(9)6-7(11-6)5(3)10/h1,6-8H,2H2"
C[N+]1(C)CCCC1C(=O)O,"InChI=1S/C7H13NO2/c1-8(2)5-3-4-6(8)7(9)10/h6H,3-5H2,1-2H3/p+1"
O=c1c(OC2OC(CO)C(O)C(O)C2O)c(-c2cc(O)c(O)c(O)c2)oc2cc(O)cc(O)c12,"InChI=1S/C21H20O13/c22-5-12-15(28)17(30)18(31)21(33-12)34-20-16(29)13-8(24)3-7(23)4-11(13)32-19(20)6-1-9(25)14(27)10(26)2-6/h1-4,12,15,17-18,21-28,30-31H,5H2"
CCCC(CC)OC(=O)c1ccccc1,"InChI=1S/C13H18O2/c1-3-8-12(4-2)15-13(14)11-9-6-5-7-10-11/h5-7,9-10,12H,3-4,8H2,1-2H3"
O=C1C=CC(C(=O)O)C=C1,"InChI=1S/C7H6O3/c8-6-3-1-5(2-4-6)7(9)10/h1-5H,(H,9,10)"
CCCCCC=CCC(C=CC=CCC=CCC=CCCC(=O)O)OO,"InChI=1S/C22H34O4/c1-2-3-4-5-12-15-18-21(26-25)19-16-13-10-8-6-7-9-11-14-17-20-22(23)24/h6-7,10-16,19,21,25H,2-5,8-9,17-18,20H2,1H3,(H,23,24)"
O=P(O)(O)OCC1OC(CO)(OP(=O)(O)O)C(O)C1O,"InChI=1S/C6H14O12P2/c7-2-6(18-20(13,14)15)5(9)4(8)3(17-6)1-16-19(10,11)12/h3-5,7-9H,1-2H2,(H2,10,11,12)(H2,13,14,15)"
CCC(CCC(C)C1CCC2C3CC=C4CC(OC5OC(CO)C(O)C(O)C5O)CCC4(C)C3CCC12C)C(C)C,"InChI=1S/C35H60O6/c1-7-22(20(2)3)9-8-21(4)26-12-13-27-25-11-10-23-18-24(14-16-34(23,5)28(25)15-17-35(26,27)6)40-33-32(39)31(38)30(37)29(19-36)41-33/h10,20-22,24-33,36-39H,7-9,11-19H2,1-6H3"
NC1CCCCNC1=O,"InChI=1S/C6H12N2O/c7-5-3-1-2-4-8-6(5)9/h5H,1-4,7H2,(H,8,9)"
CC1=CC(=O)C2c3ccccc3C3C1C2CN3c1ccc2c3c(c4c(cc13)C=CC(O)C4O)SC2=O,"InChI=1S/C30H23NO4S/c1-13-10-22(33)25-15-4-2-3-5-16(15)27-23(13)19(25)12-31(27)20-8-7-17-26-18(20)11-14-6-9-21(32)28(34)24(14)29(26)36-30(17)35/h2-11,19,21,23,25,27-28,32,34H,12H2,1H3"
Nc1ncnc2c1ncn2C1OC(CO)C(OP(=O)(O)O)C1O,"InChI=1S/C10H14N5O7P/c11-8-5-9(13-2-12-8)15(3-14-5)10-6(17)7(4(1-16)21-10)22-23(18,19)20/h2-4,6-7,10,16-17H,1H2,(H2,11,12,13)(H2,18,19,20)"
CC1=CC2C(CCC(C)=CCC1)C2(C)C,"InChI=1S/C15H24/c1-11-6-5-7-12(2)10-14-13(9-8-11)15(14,3)4/h6,10,13-14H,5,7-9H2,1-4H3"
O=C(C=Cc1ccc(O)cc1)c1c(O)cc(O)cc1O,"InChI=1S/C15H12O5/c16-10-4-1-9(2-5-10)3-6-12(18)15-13(19)7-11(17)8-14(15)20/h1-8,16-17,19-20H"
COc1cc(C=CC=O)ccc1OC1OC(CO)C(O)C(O)C1O,"InChI=1S/C16H20O8/c1-22-11-7-9(3-2-6-17)4-5-10(11)23-16-15(21)14(20)13(19)12(8-18)24-16/h2-7,12-16,18-21H,8H2,1H3"
NC(=O)c1cccnc1,"InChI=1S/C6H6N2O/c7-6(9)5-2-1-3-8-4-5/h1-4H,(H2,7,9)"
CCCCCCCCCCCCCCCC(=O)NCCOP(=O)(O)OCC(O)CO,"InChI=1S/C21H44NO7P/c1-2-3-4-5-6-7-8-9-10-11-12-13-14-15-21(25)22-16-17-28-30(26,27)29-19-20(24)18-23/h20,23-24H,2-19H2,1H3,(H,22,25)(H,26,27)"
COc1cc(C2C(C)C=CC3CCCCC32)oc(=O)c1C=O,"InChI=1S/C18H22O4/c1-11-7-8-12-5-3-4-6-13(12)17(11)16-9-15(21-2)14(10-19)18(20)22-16/h7-13,17H,3-6H2,1-2H3"
CC(=O)NC1C(OP(=O)(O)O)OC(CO)C(O)C1OC(C)C(=O)O,"InChI=1S/C11H20NO11P/c1-4(10(16)17)21-9-7(12-5(2)14)11(23-24(18,19)20)22-6(3-13)8(9)15/h4,6-9,11,13,15H,3H2,1-2H3,(H,12,14)(H,16,17)(H2,18,19,20)"
O=C(O)C(=O)CC1=CCC(O)C=C1,"InChI=1S/C9H10O4/c10-7-3-1-6(2-4-7)5-8(11)9(12)13/h1-3,7,10H,4-5H2,(H,12,13)"
CC(C)C(C)CCC(C)C1CCC2C3CC=C4CC(O)CCC4(C)C3CCC12C,"InChI=1S/C28H48O/c1-18(2)19(3)7-8-20(4)24-11-12-25-23-10-9-21-17-22(29)13-15-27(21,5)26(23)14-16-28(24,25)6/h9,18-20,22-26,29H,7-8,10-17H2,1-6H3"
CC1CCC(=O)CC1,"InChI=1S/C7H12O/c1-6-2-4-7(8)5-3-6/h6H,2-5H2,1H3"
CCCCCCCCCC=CC(=O)SCCNC(=O)CCNC(=O)C(O)C(C)(C)COP(=O)(O)OP(=O)(O)OCC1OC(n2cnc3c(N)ncnc32)C(O)C1OP(=O)(O)O,"InChI=1S/C33H56N7O17P3S/c1-4-5-6-7-8-9-10-11-12-13-24(42)61-17-16-35-23(41)14-15-36-31(45)28(44)33(2,3)19-54-60(51,52)57-59(49,50)53-18-22-27(56-58(46,47)48)26(43)32(55-22)40-21-39-25-29(34)37-20-38-30(25)40/h12-13,20-22,26-28,32,43-44H,4-11,14-19H2,1-3H3,(H,35,41)(H,36,45)(H,49,50)(H,51,52)(H2,34,37,38)(H2,46,47,48)"
CCCCCCCCC=CCCCCCCCC(=O)OCC(O)COP(=O)(O)O,"InChI=1S/C21H41O7P/c1-2-3-4-5-6-7-8-9-10-11-12-13-14-15-16-17-21(23)27-18-20(22)19-28-29(24,25)26/h9-10,20,22H,2-8,11-19H2,1H3,(H2,24,25,26)"
COc1cc2ccc(=O)oc2cc1O,"InChI=1S/C10H8O4/c1-13-9-4-6-2-3-10(12)14-8(6)5-7(9)11/h2-5,11H,1H3"
CC1(C)c2[nH]c3ccccc3c2CC23CN4CCCC4(CC21)C(=O)N3,"InChI=1S/C21H25N3O/c1-19(2)16-11-21-8-5-9-24(21)12-20(16,23-18(21)25)10-14-13-6-3-4-7-15(13)22-17(14)19/h3-4,6-7,16,22H,5,8-12H2,1-2H3,(H,23,25)"
[C-]#[N+]C1C2c3c[nH]c4cccc(c34)C(C)(C)C2CC(Cl)C1(C)C=C,"InChI=1S/C21H23ClN2/c1-6-21(4)16(22)10-14-18(19(21)23-5)12-11-24-15-9-7-8-13(17(12)15)20(14,2)3/h6-9,11,14,16,18-19,24H,1,10H2,2-4H3"
O=c1c(-c2ccc(O)cc2O)coc2cc(O)ccc12,"InChI=1S/C15H10O5/c16-8-1-3-10(13(18)5-8)12-7-20-14-6-9(17)2-4-11(14)15(12)19/h1-7,16-18H"
Nc1ncnc2c1ncn2C1OC(CO)C2OP(=O)(O)OC21,"InChI=1S/C10H12N5O6P/c11-8-5-9(13-2-12-8)15(3-14-5)10-7-6(4(1-16)19-10)20-22(17,18)21-7/h2-4,6-7,10,16H,1H2,(H,17,18)(H2,11,12,13)"
NCCc1ccc(OS(=O)(=O)O)c(O)c1,"InChI=1S/C8H11NO5S/c9-4-3-6-1-2-8(7(10)5-6)14-15(11,12)13/h1-2,5,10H,3-4,9H2,(H,11,12,13)"
CC(CCC(=O)O)C1CCC2C3CCC4CC(OS(=O)(=O)O)CCC4(C)C3CC(O)C12C,"InChI=1S/C24H40O7S/c1-14(4-9-22(26)27)18-7-8-19-17-6-5-15-12-16(31-32(28,29)30)10-11-23(15,2)20(17)13-21(25)24(18,19)3/h14-21,25H,4-13H2,1-3H3,(H,26,27)(H,28,29,30)"
CC1=CCC2C(C)(C)CCC2(C)C=C2C(C)CCC2C1,"InChI=1S/C20H32/c1-14-6-9-18-19(3,4)10-11-20(18,5)13-17-15(2)7-8-16(17)12-14/h6,13,15-16,18H,7-12H2,1-5H3"
CC(C=CC=C(C)C=CC1=C(C)CCCC1(C)C)=CC=CC=C(C)C=CC=C(C)C=CC1=C(C)CCCC1(C)C,"InChI=1S/C40H56/c1-31(19-13-21-33(3)25-27-37-35(5)23-15-29-39(37,7)8)17-11-12-18-32(2)20-14-22-34(4)26-28-38-36(6)24-16-30-40(38,9)10/h11-14,17-22,25-28H,15-16,23-24,29-30H2,1-10H3"
CCCCCCCC(C)=O,"InChI=1S/C9H18O/c1-3-4-5-6-7-8-9(2)10/h3-8H2,1-2H3"
COc1c(OC2OC(C(=O)O)C(O)C(O)C2O)ccc2c1CCC1C2CCC2(C)C(O)CCC12,"InChI=1S/C25H34O9/c1-25-10-9-12-11-5-7-16(33-24-20(29)18(27)19(28)22(34-24)23(30)31)21(32-2)14(11)4-3-13(12)15(25)6-8-17(25)26/h5,7,12-13,15,17-20,22,24,26-29H,3-4,6,8-10H2,1-2H3,(H,30,31)"
O=C(O)C1CSC(c2nc3ccc(O)cc3s2)=N1,"InChI=1S/C11H8N2O3S2/c14-5-1-2-6-8(3-5)18-10(12-6)9-13-7(4-17-9)11(15)16/h1-3,7,14H,4H2,(H,15,16)"
COc1cc(CCN)cc(OC)c1OC,"InChI=1S/C11H17NO3/c1-13-9-6-8(4-5-12)7-10(14-2)11(9)15-3/h6-7H,4-5,12H2,1-3H3"
CCCCCC(OO)C(C=CC=CC=CCC=CCCCC(=O)O)OO,"InChI=1S/C20H32O6/c1-2-3-12-15-18(25-23)19(26-24)16-13-10-8-6-4-5-7-9-11-14-17-20(21)22/h4,6-10,13,16,18-19,23-24H,2-3,5,11-12,14-15,17H2,1H3,(H,21,22)"
O=C(O)CCCCCCCCCCC(=O)O,"InChI=1S/C12H22O4/c13-11(14)9-7-5-3-1-2-4-6-8-10-12(15)16/h1-10H2,(H,13,14)(H,15,16)"
COc1c2occc2cc2ccc(=O)oc12,"InChI=1S/C12H8O4/c1-14-12-10-8(4-5-15-10)6-7-2-3-9(13)16-11(7)12/h2-6H,1H3"
N#CC(O)C=Cc1ccccc1,"InChI=1S/C10H9NO/c11-8-10(12)7-6-9-4-2-1-3-5-9/h1-7,10,12H"
CC12CCC3c4cc(O)c(O)cc4CCC3C1CCC2=O,"InChI=1S/C18H22O3/c1-18-7-6-11-12(14(18)4-5-17(18)21)3-2-10-8-15(19)16(20)9-13(10)11/h8-9,11-12,14,19-20H,2-7H2,1H3"
O=c1c(O)c(-c2ccc(O)c(O)c2)oc2c(O)c(O)cc(O)c12,"InChI=1S/C15H10O8/c16-6-2-1-5(3-7(6)17)14-13(22)12(21)10-8(18)4-9(19)11(20)15(10)23-14/h1-4,16-20,22H"
OCc1ccc(C(F)(F)F)cc1,"InChI=1S/C8H7F3O/c9-8(10,11)7-3-1-6(5-12)2-4-7/h1-4,12H,5H2"
CC(=O)NC(Cc1c[nH]c2ccccc12)C(=O)O,"InChI=1S/C13H14N2O3/c1-8(16)15-12(13(17)18)6-9-7-14-11-5-3-2-4-10(9)11/h2-5,7,12,14H,6H2,1H3,(H,15,16)(H,17,18)"
CCCCCCCCCCCCCCCC(=O)CN,"InChI=1S/C17H35NO/c1-2-3-4-5-6-7-8-9-10-11-12-13-14-15-17(19)16-18/h2-16,18H2,1H3"
CNC1C(OC2C(OC3C(O)C(OP(=O)(O)O)C(NC(=N)N)C(O)C3NC(=N)N)OC(C)C2(O)C=O)OC(CO)C(O)C1O,"InChI=1S/C21H40N7O15P/c1-5-21(35,4-30)16(42-17-9(26-2)12(33)10(31)6(3-29)40-17)18(39-5)41-14-7(27-19(22)23)11(32)8(28-20(24)25)15(13(14)34)43-44(36,37)38/h4-18,26,29,31-35H,3H2,1-2H3,(H4,22,23,27)(H4,24,25,28)(H2,36,37,38)"
COc1ccc(CC2NCCc3cc(OC)c(O)cc32)cc1O,"InChI=1S/C18H21NO4/c1-22-17-4-3-11(8-15(17)20)7-14-13-10-16(21)18(23-2)9-12(13)5-6-19-14/h3-4,8-10,14,19-21H,5-7H2,1-2H3"
CC12CCC3c4ccc(OC5OC(C(=O)O)C(O)C(O)C5O)c(O)c4CCC3C1CCC2O,"InChI=1S/C24H32O9/c1-24-9-8-11-10-4-6-15(32-23-20(29)18(27)19(28)21(33-23)22(30)31)17(26)13(10)3-2-12(11)14(24)5-7-16(24)25/h4,6,11-12,14,16,18-21,23,25-29H,2-3,5,7-9H2,1H3,(H,30,31)"
COc1cc(O)c2c(=O)c(O)c(-c3ccc(O)c(OC)c3)oc2c1,"InChI=1S/C17H14O7/c1-22-9-6-11(19)14-13(7-9)24-17(16(21)15(14)20)8-3-4-10(18)12(5-8)23-2/h3-7,18-19,21H,1-2H3"
COC(=O)c1ccccc1,"InChI=1S/C8H8O2/c1-10-8(9)7-5-3-2-4-6-7/h2-6H,1H3"
Nc1ccccc1O,"InChI=1S/C6H7NO/c7-5-3-1-2-4-6(5)8/h1-4,8H,7H2"
Nc1ccc([N+](=O)[O-])cc1C(=O)O,"InChI=1S/C7H6N2O4/c8-6-2-1-4(9(12)13)3-5(6)7(10)11/h1-3H,8H2,(H,10,11)"
O=P(O)(O)Oc1ccccc1,"InChI=1S/C6H7O4P/c7-11(8,9)10-6-4-2-1-3-5-6/h1-5H,(H2,7,8,9)"
CC(C)(O)CCC(O)C(C)(O)C1CCC2(O)C3=CC(=O)C4CC(O)C(O)CC4(C)C3CCC12C,"InChI=1S/C27H44O7/c1-23(2,32)9-8-22(31)26(5,33)21-7-11-27(34)16-12-18(28)17-13-19(29)20(30)14-24(17,3)15(16)6-10-25(21,27)4/h12,15,17,19-22,29-34H,6-11,13-14H2,1-5H3"
CC(=CCO)CCC1(C)C(C)CC=C2C1CCCC2(C)C,"InChI=1S/C20H34O/c1-15(11-14-21)10-13-20(5)16(2)8-9-17-18(20)7-6-12-19(17,3)4/h9,11,16,18,21H,6-8,10,12-14H2,1-5H3"
O=C(O)C1Cc2ccc(O)c(O)c2CN1,"InChI=1S/C10H11NO4/c12-8-2-1-5-3-7(10(14)15)11-4-6(5)9(8)13/h1-2,7,11-13H,3-4H2,(H,14,15)"
CC(O)c1ccccc1,"InChI=1S/C8H10O/c1-7(9)8-5-3-2-4-6-8/h2-7,9H,1H3"
CC1OC(OCC2OC(Oc3cc4c(=O)cc(O)cc-4oc3-c3ccc(O)c(O)c3)C(O)C(O)C2O)C(O)C(O)C1O,"InChI=1S/C27H30O15/c1-9-19(32)21(34)23(36)26(39-9)38-8-18-20(33)22(35)24(37)27(42-18)41-17-7-12-14(30)5-11(28)6-16(12)40-25(17)10-2-3-13(29)15(31)4-10/h2-7,9,18-24,26-29,31-37H,8H2,1H3"
CC(C)CNC(=O)C=CC=Cc1ccc2c(c1)OCO2,"InChI=1S/C16H19NO3/c1-12(2)10-17-16(18)6-4-3-5-13-7-8-14-15(9-13)20-11-19-14/h3-9,12H,10-11H2,1-2H3,(H,17,18)"
CC(=O)NC1C(OP(=O)(O)OP(=O)(O)OCC2OC(n3ccc(=O)[nH]c3=O)C(O)C2O)OC(C(=O)O)C(O)C1O,"InChI=1S/C17H25N3O18P2/c1-5(21)18-8-10(24)11(25)13(15(27)28)36-16(8)37-40(32,33)38-39(30,31)34-4-6-9(23)12(26)14(35-6)20-3-2-7(22)19-17(20)29/h2-3,6,8-14,16,23-26H,4H2,1H3,(H,18,21)(H,27,28)(H,30,31)(H,32,33)(H,19,22,29)"
CC=C(C)c1cc(OC)c(C)c(=O)o1,"InChI=1S/C11H14O3/c1-5-7(2)9-6-10(13-4)8(3)11(12)14-9/h5-6H,1-4H3"
COC(=O)C1=COC(C)C2=CN3CCc4c([nH]c5ccccc45)C3CC12,"InChI=1S/C21H22N2O3/c1-12-16-10-23-8-7-14-13-5-3-4-6-18(13)22-20(14)19(23)9-15(16)17(11-26-12)21(24)25-2/h3-6,10-12,15,19,22H,7-9H2,1-2H3"
CC(C=CC=C(C)C=CC1=C(C)CCCC1(C)C)=CC=CC=C(C)C=CC=C(C)C=CC1=C(C)C(=O)CCC1(C)C,"InChI=1S/C40H54O/c1-30(18-13-20-32(3)23-25-36-34(5)22-15-28-39(36,7)8)16-11-12-17-31(2)19-14-21-33(4)24-26-37-35(6)38(41)27-29-40(37,9)10/h11-14,16-21,23-26H,15,22,27-29H2,1-10H3"
O=C1NC(Cc2c[nH]c3ccccc23)C(=O)N2CCCC12,"InChI=1S/C16H17N3O2/c20-15-14-6-3-7-19(14)16(21)13(18-15)8-10-9-17-12-5-2-1-4-11(10)12/h1-2,4-5,9,13-14,17H,3,6-8H2,(H,18,20)"
COc1cc2c(cc1O)C1Cc3ccc(OC)c(O)c3C[N+]1(C)CC2,"InChI=1S/C20H23NO4/c1-21-7-6-13-9-19(25-3)17(22)10-14(13)16(21)8-12-4-5-18(24-2)20(23)15(12)11-21/h4-5,9-10,16H,6-8,11H2,1-3H3,(H-,22,23)/p+1"
O=C(O)CCS,"InChI=1S/C3H6O2S/c4-3(5)1-2-6/h6H,1-2H2,(H,4,5)"
CC1=C2C=C(C(C)C)CCC2(C)CCC1,"InChI=1S/C15H24/c1-11(2)13-7-9-15(4)8-5-6-12(3)14(15)10-13/h10-11H,5-9H2,1-4H3"
CCCCCc1cc(O)c(CC=C(C)CCC=C(C)C)c(O)c1C(=O)O,"InChI=1S/C22H32O4/c1-5-6-7-11-17-14-19(23)18(21(24)20(17)22(25)26)13-12-16(4)10-8-9-15(2)3/h9,12,14,23-24H,5-8,10-11,13H2,1-4H3,(H,25,26)"
O=C1C=CC(C=C2OC(=O)C(c3ccc(O)cc3)=C2O)=CC1=O,"InChI=1S/C17H10O6/c18-11-4-2-10(3-5-11)15-16(21)14(23-17(15)22)8-9-1-6-12(19)13(20)7-9/h1-8,18,21H"
ON=CCc1c[nH]c2ccccc12,"InChI=1S/C10H10N2O/c13-12-6-5-8-7-11-10-4-2-1-3-9(8)10/h1-4,6-7,11,13H,5H2"
COc1cc(O)c(C)c(CC=C(C)CCC=C(C)CCC=C(C)CCC=C(C)CCC=C(C)CCC=C(C)CCC=C(C)CCC=C(C)CCC=C(C)C)c1O,"InChI=1S/C53H82O3/c1-40(2)21-13-22-41(3)23-14-24-42(4)25-15-26-43(5)27-16-28-44(6)29-17-30-45(7)31-18-32-46(8)33-19-34-47(9)35-20-36-48(10)37-38-50-49(11)51(54)39-52(56-12)53(50)55/h21,23,25,27,29,31,33,35,37,39,54-55H,13-20,22,24,26,28,30,32,34,36,38H2,1-12H3"
CC(=O)C1=C(O)C=C2Oc3c(C(C)=O)c(O)c(C)c(O)c3C2(C)C1=O,"InChI=1S/C18H16O7/c1-6-14(22)12(8(3)20)16-13(15(6)23)18(4)10(25-16)5-9(21)11(7(2)19)17(18)24/h5,21-23H,1-4H3"
CC1=CC(=O)OC1CC(=O)O,"InChI=1S/C7H8O4/c1-4-2-7(10)11-5(4)3-6(8)9/h2,5H,3H2,1H3,(H,8,9)"
CC1(C)C(=N)C(=O)NC1Cc1ccc(O)cc1,"InChI=1S/C13H16N2O2/c1-13(2)10(15-12(17)11(13)14)7-8-3-5-9(16)6-4-8/h3-6,10,14,16H,7H2,1-2H3,(H,15,17)"
CC(O)C(C)C(=O)OCc1ccccc1,"InChI=1S/C12H16O3/c1-9(10(2)13)12(14)15-8-11-6-4-3-5-7-11/h3-7,9-10,13H,8H2,1-2H3"
C=CCSC#N,"InChI=1S/C4H5NS/c1-2-3-6-4-5/h2H,1,3H2"
CCCC(=O)OP(=O)(O)O,"InChI=1S/C4H9O5P/c1-2-3-4(5)9-10(6,7)8/h2-3H2,1H3,(H2,6,7,8)"
NC(CCCCNCC(=O)C(O)CO)C(=O)O,"InChI=1S/C10H20N2O5/c11-7(10(16)17)3-1-2-4-12-5-8(14)9(15)6-13/h7,9,12-13,15H,1-6,11H2,(H,16,17)"
CCCCCCCCCC(=O)SCCNC(=O)CCNC(=O)C(O)C(C)(C)COP(=O)(O)OP(=O)(O)OCC1OC(n2cnc3c(N)ncnc32)C(O)C1OP(=O)(O)O,"InChI=1S/C31H54N7O17P3S/c1-4-5-6-7-8-9-10-11-22(40)59-15-14-33-21(39)12-13-34-29(43)26(42)31(2,3)17-52-58(49,50)55-57(47,48)51-16-20-25(54-56(44,45)46)24(41)30(53-20)38-19-37-23-27(32)35-18-36-28(23)38/h18-20,24-26,30,41-42H,4-17H2,1-3H3,(H,33,39)(H,34,43)(H,47,48)(H,49,50)(H2,32,35,36)(H2,44,45,46)"
O=C1c2cc(O)cc(O)c2C(=O)c2c1cc1c(c2O)C2CCOC2O1,"InChI=1S/C18H12O7/c19-6-3-8-12(10(20)4-6)16(22)14-9(15(8)21)5-11-13(17(14)23)7-1-2-24-18(7)25-11/h3-5,7,18-20,23H,1-2H2"
CCC=CSO,"InChI=1S/C4H8OS/c1-2-3-4-6-5/h3-5H,2H2,1H3"
CC(C)CCCCCCCCCCCC(O)C(N)CO,"InChI=1S/C17H37NO2/c1-15(2)12-10-8-6-4-3-5-7-9-11-13-17(20)16(18)14-19/h15-17,19-20H,3-14,18H2,1-2H3"
CC(=O)Cc1ccccc1,"InChI=1S/C9H10O/c1-8(10)7-9-5-3-2-4-6-9/h2-6H,7H2,1H3"
C=CC(C)(C)c1[nH]c2ccc(CC=C(C)C)cc2c1C=C1NC(=O)C(C)NC1=O,"InChI=1S/C24H29N3O2/c1-7-24(5,6)21-18(13-20-23(29)25-15(4)22(28)27-20)17-12-16(9-8-14(2)3)10-11-19(17)26-21/h7-8,10-13,15,26H,1,9H2,2-6H3,(H,25,29)(H,27,28)"
COc1cc(CCN)cc(O)c1O,"InChI=1S/C9H13NO3/c1-13-8-5-6(2-3-10)4-7(11)9(8)12/h4-5,11-12H,2-3,10H2,1H3"
N=C(N)NCCCC(=N)C(=O)O,"InChI=1S/C6H12N4O2/c7-4(5(11)12)2-1-3-10-6(8)9/h7H,1-3H2,(H,11,12)(H4,8,9,10)"
CCCCCC(C=CC=CCC=CCC=CCCCC(=O)NCC(=O)O)OO,"InChI=1S/C22H35NO5/c1-2-3-13-16-20(28-27)17-14-11-9-7-5-4-6-8-10-12-15-18-21(24)23-19-22(25)26/h4-5,8-11,14,17,20,27H,2-3,6-7,12-13,15-16,18-19H2,1H3,(H,23,24)(H,25,26)"
CCCCCCCCCCCCCC=CC(O)C(COP(=O)(O)OCC[N+](C)(C)C)NC(=O)CCCCCCCCCCCCCCCCC,"InChI=1S/C41H83N2O6P/c1-6-8-10-12-14-16-18-20-21-23-25-27-29-31-33-35-41(45)42-39(38-49-50(46,47)48-37-36-43(3,4)5)40(44)34-32-30-28-26-24-22-19-17-15-13-11-9-7-2/h32,34,39-40,44H,6-31,33,35-38H2,1-5H3,(H-,42,45,46,47)/p+1"
CCCCCC=CCC(C=CC=CCC=CCCCC(=O)NCCCC(=O)O)OO,"InChI=1S/C24H39NO5/c1-2-3-4-5-10-13-17-22(30-29)18-14-11-8-6-7-9-12-15-19-23(26)25-21-16-20-24(27)28/h7-11,13-14,18,22,29H,2-6,12,15-17,19-21H2,1H3,(H,25,26)(H,27,28)"
CC(C)(COP(=O)(O)OP(=O)(O)OCC1OC(n2cnc3c(N)ncnc32)C(O)C1OP(=O)(O)O)C(O)C(=O)NCCC(=O)NCCSC(=O)CC(=O)O,"InChI=1S/C24H38N7O19P3S/c1-24(2,19(37)22(38)27-4-3-13(32)26-5-6-54-15(35)7-14(33)34)9-47-53(44,45)50-52(42,43)46-8-12-18(49-51(39,40)41)17(36)23(48-12)31-11-30-16-20(25)28-10-29-21(16)31/h10-12,17-19,23,36-37H,3-9H2,1-2H3,(H,26,32)(H,27,38)(H,33,34)(H,42,43)(H,44,45)(H2,25,28,29)(H2,39,40,41)"
CC1=CCC(O)C(C)=CCC(O)C(C)=CC2C(CC1)C2(C)C,"InChI=1S/C20H32O2/c1-13-6-9-16-17(20(16,4)5)12-15(3)19(22)11-8-14(2)18(21)10-7-13/h7-8,12,16-19,21-22H,6,9-11H2,1-5H3"
C[Se]CC(N)C(=O)O,"InChI=1S/C4H9NO2Se/c1-8-2-3(5)4(6)7/h3H,2,5H2,1H3,(H,6,7)"
O=c1cc2oc(-c3cc(O)c(O)c(O)c3)c(OC3OC(CO)C(O)C(O)C3O)cc-2c(O)c1,"InChI=1S/C21H20O12/c22-6-15-17(28)18(29)19(30)21(33-15)32-14-5-9-10(24)3-8(23)4-13(9)31-20(14)7-1-11(25)16(27)12(26)2-7/h1-5,15,17-19,21-22,24-30H,6H2"
CC1(C)C2CC3C(C2)C31C,"InChI=1S/C10H16/c1-9(2)6-4-7-8(5-6)10(7,9)3/h6-8H,4-5H2,1-3H3"
CCCCCC=CC=CC(CC=CCC=CCCCC(=O)O)OO,"InChI=1S/C20H32O4/c1-2-3-4-5-7-10-13-16-19(24-23)17-14-11-8-6-9-12-15-18-20(21)22/h6-7,9-11,13-14,16,19,23H,2-5,8,12,15,17-18H2,1H3,(H,21,22)"
O=C1CC(O)(CO)CC(O)=C1O,"InChI=1S/C7H10O5/c8-3-7(12)1-4(9)6(11)5(10)2-7/h8-9,11-12H,1-3H2"
CC(C=CC12OC1(C)CCCC2(C)C)=CC=CC(C)=CC(=O)O,"InChI=1S/C20H28O3/c1-15(8-6-9-16(2)14-17(21)22)10-13-20-18(3,4)11-7-12-19(20,5)23-20/h6,8-10,13-14H,7,11-12H2,1-5H3,(H,21,22)"
CCCCCCCCCCCCCCCCCCCC(=O)NCCOP(=O)(O)OCC(O)CO,"InChI=1S/C25H52NO7P/c1-2-3-4-5-6-7-8-9-10-11-12-13-14-15-16-17-18-19-25(29)26-20-21-32-34(30,31)33-23-24(28)22-27/h24,27-28H,2-23H2,1H3,(H,26,29)(H,30,31)"
CC(C)c1cccc(O)c1O,"InChI=1S/C9H12O2/c1-6(2)7-4-3-5-8(10)9(7)11/h3-6,10-11H,1-2H3"
CC(C)(COP(=O)(O)OP(=O)(O)OCC1OC(n2cnc3c(N)ncnc32)C(O)C1OP(=O)(O)O)C(O)C(=O)NCCC(=O)NCCSC(=O)CC(=O)c1ccccc1N,"InChI=1S/C30H43N8O18P3S/c1-30(2,25(43)28(44)34-8-7-20(40)33-9-10-60-21(41)11-18(39)16-5-3-4-6-17(16)31)13-53-59(50,51)56-58(48,49)52-12-19-24(55-57(45,46)47)23(42)29(54-19)38-15-37-22-26(32)35-14-36-27(22)38/h3-6,14-15,19,23-25,29,42-43H,7-13,31H2,1-2H3,(H,33,40)(H,34,44)(H,48,49)(H,50,51)(H2,32,35,36)(H2,45,46,47)"
CCCCCCCC(=O)CC(=O)c1ccccc1N,"InChI=1S/C16H23NO2/c1-2-3-4-5-6-9-13(18)12-16(19)14-10-7-8-11-15(14)17/h7-8,10-11H,2-6,9,12,17H2,1H3"
O=C(O)C(=O)CP(=O)(O)O,"InChI=1S/C3H5O6P/c4-2(3(5)6)1-10(7,8)9/h1H2,(H,5,6)(H2,7,8,9)"
CCCCCCCCCCCCCCCCCC(=O)OCC(COP(=O)(O)OCC(N)C(=O)O)OC(=O)CCCCCCCC1OC1CCCCCCCC,"InChI=1S/C42H80NO11P/c1-3-5-7-9-11-12-13-14-15-16-17-18-19-23-27-31-40(44)50-33-36(34-51-55(48,49)52-35-37(43)42(46)47)53-41(45)32-28-24-20-22-26-30-39-38(54-39)29-25-21-10-8-6-4-2/h36-39H,3-35,43H2,1-2H3,(H,46,47)(H,48,49)"
Cc1cc(C)cc(C=O)c1,"InChI=1S/C9H10O/c1-7-3-8(2)5-9(4-7)6-10/h3-6H,1-2H3"
CCCCCCCCCC(=O)OCC(O)COP(=O)(O)OCC[N+](C)(C)C,"InChI=1S/C18H38NO7P/c1-5-6-7-8-9-10-11-12-18(21)24-15-17(20)16-26-27(22,23)25-14-13-19(2,3)4/h17,20H,5-16H2,1-4H3/p+1"
CCCCCC(C=CC=CCC=CCC=CCCCC(=O)NCCCC(=O)O)OO,"InChI=1S/C24H39NO5/c1-2-3-13-17-22(30-29)18-14-11-9-7-5-4-6-8-10-12-15-19-23(26)25-21-16-20-24(27)28/h4-5,8-11,14,18,22,29H,2-3,6-7,12-13,15-17,19-21H2,1H3,(H,25,26)(H,27,28)"
COC(=O)C1=C2Nc3ccccc3C23CCN2CC=CC(C(C)OC(C)=O)(C1)C23,"InChI=1S/C23H26N2O4/c1-14(29-15(2)26)22-9-6-11-25-12-10-23(21(22)25)17-7-4-5-8-18(17)24-19(23)16(13-22)20(27)28-3/h4-9,14,21,24H,10-13H2,1-3H3"
NC(Cc1ccc(OP(=O)(O)O)cc1)C(=O)O,"InChI=1S/C9H12NO6P/c10-8(9(11)12)5-6-1-3-7(4-2-6)16-17(13,14)15/h1-4,8H,5,10H2,(H,11,12)(H2,13,14,15)"
COc1cc(O)c(C)c(CC=C(C)CCC=C(C)CCC=C(C)CCC=C(C)CCC=C(C)CCC=C(C)CCC=C(C)CCC=C(C)C)c1O,"InChI=1S/C48H74O3/c1-36(2)19-12-20-37(3)21-13-22-38(4)23-14-24-39(5)25-15-26-40(6)27-16-28-41(7)29-17-30-42(8)31-18-32-43(9)33-34-45-44(10)46(49)35-47(51-11)48(45)50/h19,21,23,25,27,29,31,33,35,49-50H,12-18,20,22,24,26,28,30,32,34H2,1-11H3"
CCCCCC(=O)C=CC1C=CC(=O)C1CCCCCCC(=O)O,"InChI=1S/C20H30O4/c1-2-3-6-9-17(21)14-12-16-13-15-19(22)18(16)10-7-4-5-8-11-20(23)24/h12-16,18H,2-11H2,1H3,(H,23,24)"
O=C(O)CNCP(=O)(O)O,"InChI=1S/C3H8NO5P/c5-3(6)1-4-2-10(7,8)9/h4H,1-2H2,(H,5,6)(H2,7,8,9)"
CC=CC=CC=CC(O)CC=CCN,"InChI=1S/C12H19NO/c1-2-3-4-5-6-9-12(14)10-7-8-11-13/h2-9,12,14H,10-11,13H2,1H3"
CCCCCC=CCC(O)C(O)CCCCCCCC(=O)O,"InChI=1S/C18H34O4/c1-2-3-4-5-7-10-13-16(19)17(20)14-11-8-6-9-12-15-18(21)22/h7,10,16-17,19-20H,2-6,8-9,11-15H2,1H3,(H,21,22)"
CC(=CCc1cc(O)c2ccccc2c1O)CCCC(C)CCCC(C)CCCC(C)C,"InChI=1S/C30H46O2/c1-22(2)11-8-12-23(3)13-9-14-24(4)15-10-16-25(5)19-20-26-21-29(31)27-17-6-7-18-28(27)30(26)32/h6-7,17-19,21-24,31-32H,8-16,20H2,1-5H3"
CCCCCCCCC(C)CC(=O)SCCNC(=O)CCNC(=O)C(O)C(C)(C)COP(=O)(O)OP(=O)(O)OCC1OC(n2cnc3c(N)ncnc32)C(O)C1OP(=O)(O)O,"InChI=1S/C33H58N7O17P3S/c1-5-6-7-8-9-10-11-21(2)16-24(42)61-15-14-35-23(41)12-13-36-31(45)28(44)33(3,4)18-54-60(51,52)57-59(49,50)53-17-22-27(56-58(46,47)48)26(43)32(55-22)40-20-39-25-29(34)37-19-38-30(25)40/h19-22,26-28,32,43-44H,5-18H2,1-4H3,(H,35,41)(H,36,45)(H,49,50)(H,51,52)(H2,34,37,38)(H2,46,47,48)"
CC(C(O)CCC(C)(C)O)C1CCC2(O)C3=CC(=O)C4CC(O)CCC4(C)C3CCC12C,"InChI=1S/C27H44O5/c1-16(22(29)9-10-24(2,3)31)18-8-13-27(32)20-15-23(30)21-14-17(28)6-11-25(21,4)19(20)7-12-26(18,27)5/h15-19,21-22,28-29,31-32H,6-14H2,1-5H3"
COc1cc2c(cc1O)C(Cc1ccc(OC)c(OC)c1)N(C)CC2,"InChI=1S/C20H25NO4/c1-21-8-7-14-11-19(24-3)17(22)12-15(14)16(21)9-13-5-6-18(23-2)20(10-13)25-4/h5-6,10-12,16,22H,7-9H2,1-4H3"
CC(C)(COP(=O)(O)OP(=O)(O)OCC1OC(n2cnc3c(N)ncnc32)C(O)C1OP(=O)(O)O)C(O)C(=O)NCCC(=O)NCCSC(=O)C=CCCCCCCCCC(=O)O,"InChI=1S/C33H54N7O19P3S/c1-33(2,28(46)31(47)36-14-13-22(41)35-15-16-63-24(44)12-10-8-6-4-3-5-7-9-11-23(42)43)18-56-62(53,54)59-61(51,52)55-17-21-27(58-60(48,49)50)26(45)32(57-21)40-20-39-25-29(34)37-19-38-30(25)40/h10,12,19-21,26-28,32,45-46H,3-9,11,13-18H2,1-2H3,(H,35,41)(H,36,47)(H,42,43)(H,51,52)(H,53,54)(H2,34,37,38)(H2,48,49,50)"
C=C1CCCC1(C)C1(C)CC=C(C)CC1,"InChI=1S/C15H24/c1-12-7-10-14(3,11-8-12)15(4)9-5-6-13(15)2/h7H,2,5-6,8-11H2,1,3-4H3"
C=C1C(O)CCC2(C)CCC3=C(C)CCC(CC12)C3(C)C,"InChI=1S/C20H32O/c1-13-6-7-15-12-17-14(2)18(21)9-11-20(17,5)10-8-16(13)19(15,3)4/h15,17-18,21H,2,6-12H2,1,3-5H3"
NC(CCOC(=O)CCC(=O)O)C(=O)O,"InChI=1S/C8H13NO6/c9-5(8(13)14)3-4-15-7(12)2-1-6(10)11/h5H,1-4,9H2,(H,10,11)(H,13,14)"
CC1CCC2C3(C)OC4(C)CC(O)C12CC4C3NCCCCCN(C)C,"InChI=1S/C22H40N2O2/c1-15-9-10-17-21(3)19(23-11-7-6-8-12-24(4)5)16-13-22(15,17)18(25)14-20(16,2)26-21/h15-19,23,25H,6-14H2,1-5H3"
CC1=CC(=O)C2c3cccc4c3C3C1C2CN3c1ccc2c3c(c5c(c-4c13)C=CC(O)C5OS(=O)(=O)O)SC2=O,"InChI=1S/C30H21NO7S2/c1-11-9-19(33)21-12-3-2-4-13-22-14-6-8-18(32)28(38-40(35,36)37)25(14)29-24-15(30(34)39-29)5-7-17(26(22)24)31-10-16(21)20(11)27(31)23(12)13/h2-9,16,18,20-21,27-28,32H,10H2,1H3,(H,35,36,37)"
CC(=O)C(=O)C1CNc2nc(N)[nH]c(=O)c2N1,"InChI=1S/C9H11N5O3/c1-3(15)6(16)4-2-11-7-5(12-4)8(17)14-9(10)13-7/h4,12H,2H2,1H3,(H4,10,11,13,14,17)"
CCC=CCC(C=CC=CCC=CC=CC(CC=CCCC(=O)O)OO)OO,"InChI=1S/C22H32O6/c1-2-3-10-15-20(27-25)16-11-7-5-4-6-8-12-17-21(28-26)18-13-9-14-19-22(23)24/h3,5-13,16-17,20-21,25-26H,2,4,14-15,18-19H2,1H3,(H,23,24)"
C=Cc1c(C)c2cc3nc(c4c5[nH]c(cc6nc(cc1[nH]2)C(CO)=C6CC)c(C)c5C(=O)C4C(=O)OC)C(CCC(=O)OCC=C(C)CCCC(C)CCCC(C)CCCC(C)C)C3C,"InChI=1S/C55H74N4O6/c1-12-38-35(8)42-27-43-36(9)40(23-24-48(61)65-26-25-34(7)22-16-21-33(6)20-15-19-32(5)18-14-17-31(3)4)52(58-43)50-51(55(63)64-11)54(62)49-37(10)44(59-53(49)50)28-46-39(13-2)41(30-60)47(57-46)29-45(38)56-42/h12,25,27-29,31-33,36,40,51,56,59-60H,1,13-24,26,30H2,2-11H3"
CCCCCC=CC(=O)O,"InChI=1S/C8H14O2/c1-2-3-4-5-6-7-8(9)10/h6-7H,2-5H2,1H3,(H,9,10)"
CCCCCc1cccc(O)c1CO,"InChI=1S/C12H18O2/c1-2-3-4-6-10-7-5-8-12(14)11(10)9-13/h5,7-8,13-14H,2-4,6,9H2,1H3"
CC1(C)CCC2(C(=O)OC3OC(CO)C(O)C(O)C3O)CCC3(C)C(=CCC4C5(C)CCC(O)C(C)(C(=O)O)C5CCC43C)C2C1,"InChI=1S/C36H56O10/c1-31(2)13-15-36(30(44)46-28-27(41)26(40)25(39)21(18-37)45-28)16-14-33(4)19(20(36)17-31)7-8-22-32(3)11-10-24(38)35(6,29(42)43)23(32)9-12-34(22,33)5/h7,20-28,37-41H,8-18H2,1-6H3,(H,42,43)"
CCCCCC=CCC=CCC=CCC=CCCCC(=O)OC,"InChI=1S/C21H34O2/c1-3-4-5-6-7-8-9-10-11-12-13-14-15-16-17-18-19-20-21(22)23-2/h7-8,10-11,13-14,16-17H,3-6,9,12,15,18-20H2,1-2H3"
C=CC1=C(C)C(=Cc2[nH]c(Cc3[nH]c(C=C4NC(=O)C(C)=C4C=C)c(C)c3CCC(=O)O)c(CCC(=O)O)c2C)NC1=O,"InChI=1S/C33H36N4O6/c1-7-20-19(6)32(42)37-27(20)14-25-18(5)23(10-12-31(40)41)29(35-25)15-28-22(9-11-30(38)39)17(4)24(34-28)13-26-16(3)21(8-2)33(43)36-26/h7-8,13-14,34-35H,1-2,9-12,15H2,3-6H3,(H,36,43)(H,37,42)(H,38,39)(H,40,41)"
COc1nc(N)nc2c1ncn2C1CC(O)C(COP(=O)(O)O)O1,"InChI=1S/C11H16N5O7P/c1-21-10-8-9(14-11(12)15-10)16(4-13-8)7-2-5(17)6(23-7)3-22-24(18,19)20/h4-7,17H,2-3H2,1H3,(H2,12,14,15)(H2,18,19,20)"
CCCCCCCCCCCCCCCC(=O)C(CO)NC(=O)CCCCCCCCCCCCC,"InChI=1S/C32H63NO3/c1-3-5-7-9-11-13-15-16-18-19-21-23-25-27-31(35)30(29-34)33-32(36)28-26-24-22-20-17-14-12-10-8-6-4-2/h30,34H,3-29H2,1-2H3,(H,33,36)"
CC1CCC2C(C(=O)O)=COC(OC3OC(CO)C(O)C(O)C3O)C12,"InChI=1S/C16H24O9/c1-6-2-3-7-8(14(21)22)5-23-15(10(6)7)25-16-13(20)12(19)11(18)9(4-17)24-16/h5-7,9-13,15-20H,2-4H2,1H3,(H,21,22)"
COC(=O)C1C(C)OC2(C)CC(=O)C3OC12OC(C(C)C=C(C)C=CC(O)=C1C(=O)CNC1=O)C3C,"InChI=1S/C26H33NO9/c1-12(7-8-16(28)19-18(30)11-27-23(19)31)9-13(2)21-14(3)22-17(29)10-25(5)26(35-21,36-22)20(15(4)34-25)24(32)33-6/h7-9,13-15,20-22,28H,10-11H2,1-6H3,(H,27,31)"
O=c1cc(O)cc2oc(-c3cc(O)c(O)c(O)c3)c(OC3OC(CO)C(O)C(O)C3O)cc1-2,"InChI=1S/C21H20O12/c22-6-15-17(28)18(29)19(30)21(33-15)32-14-5-9-10(24)3-8(23)4-13(9)31-20(14)7-1-11(25)16(27)12(26)2-7/h1-5,15,17-19,21-23,25-30H,6H2"
CC(=O)OC1OC(C2OC2(C)C)CC1C1CC=C2C1(C)CCC1C2(C)C(O)CC2C(C)(C)C(=O)CC(O)C21C,"InChI=1S/C32H48O7/c1-16(33)37-27-17(13-19(38-27)26-29(4,5)39-26)18-9-10-20-30(18,6)12-11-21-31(20,7)24(35)14-22-28(2,3)23(34)15-25(36)32(21,22)8/h10,17-19,21-22,24-27,35-36H,9,11-15H2,1-8H3"
N=CNC(CCC(=O)O)C(=O)O,"InChI=1S/C6H10N2O4/c7-3-8-4(6(11)12)1-2-5(9)10/h3-4H,1-2H2,(H2,7,8)(H,9,10)(H,11,12)"
C=CCC(S)=NOS(=O)(=O)O,"InChI=1S/C4H7NO4S2/c1-2-3-4(10)5-9-11(6,7)8/h2H,1,3H2,(H,5,10)(H,6,7,8)"
C#CCC=O,"InChI=1S/C4H4O/c1-2-3-4-5/h1,4H,3H2"
COC(=O)C1=C(C)C2(C)CC3(OC2=C(C)C1=O)C(C)CCC1C(C)(C)OC(=O)CCC13C,"InChI=1S/C26H36O6/c1-14-9-10-17-23(4,5)31-18(27)11-12-25(17,7)26(14)13-24(6)16(3)19(22(29)30-8)20(28)15(2)21(24)32-26/h14,17H,9-13H2,1-8H3"
COc1cc(C2Oc3c(OC)cc(CCCO)cc3C2CO)ccc1O,"InChI=1S/C20H24O6/c1-24-17-10-13(5-6-16(17)23)19-15(11-22)14-8-12(4-3-7-21)9-18(25-2)20(14)26-19/h5-6,8-10,15,19,21-23H,3-4,7,11H2,1-2H3"
CC(CO)CCNc1ncnc2nc[nH]c12,"InChI=1S/C10H15N5O/c1-7(4-16)2-3-11-9-8-10(13-5-12-8)15-6-14-9/h5-7,16H,2-4H2,1H3,(H2,11,12,13,14,15)"
CCCCCCCCCCCCCCCC(=O)OC(CO)CO,"InChI=1S/C19H38O4/c1-2-3-4-5-6-7-8-9-10-11-12-13-14-15-19(22)23-18(16-20)17-21/h18,20-21H,2-17H2,1H3"
NCC(=O)CCC(=O)O,"InChI=1S/C5H9NO3/c6-3-4(7)1-2-5(8)9/h1-3,6H2,(H,8,9)"
CC1Cc2c(Cl)cc(C(=O)NC(Cc3ccccc3)C(=O)O)c(O)c2C(=O)O1,"InChI=1S/C20H18ClNO6/c1-10-7-12-14(21)9-13(17(23)16(12)20(27)28-10)18(24)22-15(19(25)26)8-11-5-3-2-4-6-11/h2-6,9-10,15,23H,7-8H2,1H3,(H,22,24)(H,25,26)"
C=C(C)C1CC=C2CCCC(C)C2(C)C1,"InChI=1S/C15H24/c1-11(2)13-8-9-14-7-5-6-12(3)15(14,4)10-13/h9,12-13H,1,5-8,10H2,2-4H3"
O=C(O)CC(=O)C(O)C(O)CO,"InChI=1S/C6H10O6/c7-2-4(9)6(12)3(8)1-5(10)11/h4,6-7,9,12H,1-2H2,(H,10,11)"
C=C(N)C(=O)O,"InChI=1S/C3H5NO2/c1-2(4)3(5)6/h1,4H2,(H,5,6)"
CC(C)(COP(=O)(O)O)C(O)C(=O)NCCC(=O)NCCSS(=O)(=O)O,"InChI=1S/C11H23N2O10PS2/c1-11(2,7-23-24(17,18)19)9(15)10(16)13-4-3-8(14)12-5-6-25-26(20,21)22/h9,15H,3-7H2,1-2H3,(H,12,14)(H,13,16)(H2,17,18,19)(H,20,21,22)"
O=C(C=CC=C(O)C(=O)O)Oc1ccccc1O,"InChI=1S/C12H10O6/c13-8-4-1-2-6-10(8)18-11(15)7-3-5-9(14)12(16)17/h1-7,13-14H,(H,16,17)"
CCc1ccc(O)c(O)c1,"InChI=1S/C8H10O2/c1-2-6-3-4-7(9)8(10)5-6/h3-5,9-10H,2H2,1H3"
O=C1OCC(O)C(O)C1O,"InChI=1S/C5H8O5/c6-2-1-10-5(9)4(8)3(2)7/h2-4,6-8H,1H2"
O=C(O)CC=CC(=O)C(=O)O,"InChI=1S/C6H6O5/c7-4(6(10)11)2-1-3-5(8)9/h1-2H,3H2,(H,8,9)(H,10,11)"
CN(C)c1cc(NC(=O)CNC(C)(C)C)c(O)c2c1CC1CC3C(N(C)C)C(O)=C(C(N)=O)C(=O)C3(O)C(=O)C1(O)C2=O,"InChI=1S/C29H39N5O9/c1-27(2,3)31-11-17(35)32-15-10-16(33(4)5)13-8-12-9-14-20(34(6)7)22(37)19(25(30)40)24(39)29(14,43)26(41)28(12,42)23(38)18(13)21(15)36/h10,12,14,20,31,36-37,42-43H,8-9,11H2,1-7H3,(H2,30,40)(H,32,35)"
NC(CC1CCC(O)C2OC12)C(=O)O,"InChI=1S/C9H15NO4/c10-5(9(12)13)3-4-1-2-6(11)8-7(4)14-8/h4-8,11H,1-3,10H2,(H,12,13)"
CC1=C(CO)C(=O)OC(C(C)C2(O)CCC3C4C5OC5C5(O)CC=CC(=O)C5(C)C4CCC32C)C1,"InChI=1S/C28H38O7/c1-14-12-19(34-24(31)16(14)13-29)15(2)27(32)11-8-17-21-18(7-10-25(17,27)3)26(4)20(30)6-5-9-28(26,33)23-22(21)35-23/h5-6,15,17-19,21-23,29,32-33H,7-13H2,1-4H3"
C[N+](C)(C)CCOS(=O)(=O)O,"InChI=1S/C5H13NO4S/c1-6(2,3)4-5-10-11(7,8)9/h4-5H2,1-3H3/p+1"
Cc1cn(C2CC(O)C(COP(=O)(O)OP(=O)(O)OC3OC(C)C(O)C(O)C3O)O2)c(=O)[nH]c1=O,"InChI=1S/C16H26N2O15P2/c1-6-4-18(16(24)17-14(6)23)10-3-8(19)9(31-10)5-29-34(25,26)33-35(27,28)32-15-13(22)12(21)11(20)7(2)30-15/h4,7-13,15,19-22H,3,5H2,1-2H3,(H,25,26)(H,27,28)(H,17,23,24)"
CCCCCCCCCCCC(=O)OC(CC(=O)O)C[N+](C)(C)C,"InChI=1S/C19H37NO4/c1-5-6-7-8-9-10-11-12-13-14-19(23)24-17(15-18(21)22)16-20(2,3)4/h17H,5-16H2,1-4H3/p+1"
CC(CC(=O)O)C(=O)SCCNC(=O)CCNC(=O)C(O)C(C)(C)COP(=O)(O)OP(=O)(O)OCC1OC(n2cnc3c(N)ncnc32)C(O)C1OP(=O)(O)O,"InChI=1S/C26H42N7O19P3S/c1-13(8-16(35)36)25(40)56-7-6-28-15(34)4-5-29-23(39)20(38)26(2,3)10-49-55(46,47)52-54(44,45)48-9-14-19(51-53(41,42)43)18(37)24(50-14)33-12-32-17-21(27)30-11-31-22(17)33/h11-14,18-20,24,37-38H,4-10H2,1-3H3,(H,28,34)(H,29,39)(H,35,36)(H,44,45)(H,46,47)(H2,27,30,31)(H2,41,42,43)"
COc1cc(O)c(C(=O)c2c(C)cc(O)cc2OC)c(O)c1,"InChI=1S/C16H16O6/c1-8-4-9(17)5-13(22-3)14(8)16(20)15-11(18)6-10(21-2)7-12(15)19/h4-7,17-19H,1-3H3"
O=P(O)(O)OCC(O)C(O)c1c[nH]c2ccccc12,"InChI=1S/C11H14NO6P/c13-10(6-18-19(15,16)17)11(14)8-5-12-9-4-2-1-3-7(8)9/h1-5,10-14H,6H2,(H2,15,16,17)"
N=C(N)NC1C(O)C(O)C(O)C(O)C1O,"InChI=1S/C7H15N3O5/c8-7(9)10-1-2(11)4(13)6(15)5(14)3(1)12/h1-6,11-15H,(H4,8,9,10)"
Nc1ncnc2c1ncn2C1OC(CO)C1CO,"InChI=1S/C10H13N5O3/c11-8-7-9(13-3-12-8)15(4-14-7)10-5(1-16)6(2-17)18-10/h3-6,10,16-17H,1-2H2,(H2,11,12,13)"
O=C(O)C=C[N+](=O)[O-],"InChI=1S/C3H3NO4/c5-3(6)1-2-4(7)8/h1-2H,(H,5,6)"
CC(C)C(NCC1(O)OCC(O)C(O)C1O)C(=O)O,"InChI=1S/C11H21NO7/c1-5(2)7(10(16)17)12-4-11(18)9(15)8(14)6(13)3-19-11/h5-9,12-15,18H,3-4H2,1-2H3,(H,16,17)"
NCCCCCC(=O)NCCCCCC(=O)O,"InChI=1S/C12H24N2O3/c13-9-5-1-3-7-11(15)14-10-6-2-4-8-12(16)17/h1-10,13H2,(H,14,15)(H,16,17)"
CC(O)(C(=O)O)C(CC(=O)O)C(=O)O,"InChI=1S/C7H10O7/c1-7(14,6(12)13)3(5(10)11)2-4(8)9/h3,14H,2H2,1H3,(H,8,9)(H,10,11)(H,12,13)"
CCCCCCCCCCCCCCCC(=O)NC(Cc1ccccc1)C(=O)O,"InChI=1S/C25H41NO3/c1-2-3-4-5-6-7-8-9-10-11-12-13-17-20-24(27)26-23(25(28)29)21-22-18-15-14-16-19-22/h14-16,18-19,23H,2-13,17,20-21H2,1H3,(H,26,27)(H,28,29)"
O=C(O)c1ccc[nH]1,"InChI=1S/C5H5NO2/c7-5(8)4-2-1-3-6-4/h1-3,6H,(H,7,8)"
NCCC(O)C(=O)O,"InChI=1S/C4H9NO3/c5-2-1-3(6)4(7)8/h3,6H,1-2,5H2,(H,7,8)"
O=C(O)CCCC=CCC=CC=CC(O)CC=CCCCCCO,"InChI=1S/C20H32O4/c21-18-14-10-6-5-8-12-16-19(22)15-11-7-3-1-2-4-9-13-17-20(23)24/h2-4,7-8,11-12,15,19,21-22H,1,5-6,9-10,13-14,16-18H2,(H,23,24)"
CCCCCCCCC=CCCCCCCCC(=O)OCCCCCCCCCCCCCCCCCCCCCC(C)C,"InChI=1S/C42H82O2/c1-4-5-6-7-8-9-10-11-17-21-24-27-30-33-36-39-42(43)44-40-37-34-31-28-25-22-19-16-14-12-13-15-18-20-23-26-29-32-35-38-41(2)3/h11,17,41H,4-10,12-16,18-40H2,1-3H3"
CC(N)C(=O)CCCCCC(=O)O,"InChI=1S/C9H17NO3/c1-7(10)8(11)5-3-2-4-6-9(12)13/h7H,2-6,10H2,1H3,(H,12,13)"
CC12CCC3c4ccc(O)cc4CCC3C1CC(O)C2OC1OC(C(=O)O)C(O)C(OS(=O)(=O)O)C1O,"InChI=1S/C24H32O12S/c1-24-7-6-13-12-5-3-11(25)8-10(12)2-4-14(13)15(24)9-16(26)21(24)35-23-18(28)19(36-37(31,32)33)17(27)20(34-23)22(29)30/h3,5,8,13-21,23,25-28H,2,4,6-7,9H2,1H3,(H,29,30)(H,31,32,33)"
CC1=C(COC2OC(CO)C(O)C(O)C2O)C(=O)OC(C(C)C2CCC3C2CCC2C4CCCCC4CCC23)C1,"InChI=1S/C32H50O8/c1-16-13-26(39-31(37)25(16)15-38-32-30(36)29(35)28(34)27(14-33)40-32)17(2)19-9-10-24-21(19)11-12-22-20-6-4-3-5-18(20)7-8-23(22)24/h17-24,26-30,32-36H,3-15H2,1-2H3"
CCCCCCCCC=CCCCCCCCCCCCC(=O)NC(CO)C(O)CCCCCCCCCCCCCCC,"InChI=1S/C40H79NO3/c1-3-5-7-9-11-13-15-17-18-19-20-21-22-24-26-28-30-32-34-36-40(44)41-38(37-42)39(43)35-33-31-29-27-25-23-16-14-12-10-8-6-4-2/h17-18,38-39,42-43H,3-16,19-37H2,1-2H3,(H,41,44)"
O=P(O)(O)OCC(O)C(O)CO,"InChI=1S/C4H11O7P/c5-1-3(6)4(7)2-11-12(8,9)10/h3-7H,1-2H2,(H2,8,9,10)"
CC(=O)OCCC(N)C(=O)O,"InChI=1S/C6H11NO4/c1-4(8)11-3-2-5(7)6(9)10/h5H,2-3,7H2,1H3,(H,9,10)"
Cc1cc2nc3c(=O)[nH]c(=O)nc-3n(CC(O)C(O)C(O)CO)c2cc1N(C)C,"InChI=1S/C18H23N5O6/c1-8-4-9-11(5-10(8)22(2)3)23(6-12(25)15(27)13(26)7-24)16-14(19-9)17(28)21-18(29)20-16/h4-5,12-13,15,24-27H,6-7H2,1-3H3,(H,21,28,29)"
CCCCCC(O)C=CC1C(=O)C=CC1CC=CCCCC(=O)O,"InChI=1S/C20H30O4/c1-2-3-6-10-17(21)13-14-18-16(12-15-19(18)22)9-7-4-5-8-11-20(23)24/h4,7,12-18,21H,2-3,5-6,8-11H2,1H3,(H,23,24)"
CCCCCC=CCC=CCCCCCCCC(=O)OC(COC(=O)CCCCCCCCCCCCCCCCC)COP(=O)(O)OC1C(O)C(O)C(O)C(OP(=O)(O)O)C1O,"InChI=1S/C45H84O16P2/c1-3-5-7-9-11-13-15-17-19-21-23-25-27-29-31-33-38(46)57-35-37(59-39(47)34-32-30-28-26-24-22-20-18-16-14-12-10-8-6-4-2)36-58-63(55,56)61-45-42(50)40(48)41(49)44(43(45)51)60-62(52,53)54/h12,14,18,20,37,40-45,48-51H,3-11,13,15-17,19,21-36H2,1-2H3,(H,55,56)(H2,52,53,54)"
CCCCCCCc1c(Br)c(=O)c2ccccc2n1OC,"InChI=1S/C17H22BrNO2/c1-3-4-5-6-7-12-15-16(18)17(20)13-10-8-9-11-14(13)19(15)21-2/h8-11H,3-7,12H2,1-2H3"
O=P(O)(O)OC1OCC(O)C(O)C1O,"InChI=1S/C5H11O8P/c6-2-1-12-5(4(8)3(2)7)13-14(9,10)11/h2-8H,1H2,(H2,9,10,11)"
C[S+](C)CCC(=O)O,"InChI=1S/C5H10O2S/c1-8(2)4-3-5(6)7/h3-4H2,1-2H3/p+1"
C=C(C)C1CC=C2CC(O)CC(C)C2(C)C1,"InChI=1S/C15H24O/c1-10(2)12-5-6-13-8-14(16)7-11(3)15(13,4)9-12/h6,11-12,14,16H,1,5,7-9H2,2-4H3"
Nc1ccn(C2CC(O)C(COP(=O)(O)OP(=O)(O)OP(=O)(O)O)O2)c(=O)n1,"InChI=1S/C9H16N3O13P3/c10-7-1-2-12(9(14)11-7)8-3-5(13)6(23-8)4-22-27(18,19)25-28(20,21)24-26(15,16)17/h1-2,5-6,8,13H,3-4H2,(H,18,19)(H,20,21)(H2,10,11,14)(H2,15,16,17)"
Nc1ncnc2c1ncn2C1OC(COP(=O)(O)OC2C(CO)OC(n3ccc(=O)[nH]c3=O)C2O)C(OP(=O)(O)O)C1O,"InChI=1S/C19H25N7O15P2/c20-15-10-16(22-5-21-15)26(6-23-10)18-12(30)14(40-42(32,33)34)8(39-18)4-37-43(35,36)41-13-7(3-27)38-17(11(13)29)25-2-1-9(28)24-19(25)31/h1-2,5-8,11-14,17-18,27,29-30H,3-4H2,(H,35,36)(H2,20,21,22)(H,24,28,31)(H2,32,33,34)"
CCCCCC=CC(O)C=CCCCCCCCC(=O)O,"InChI=1S/C18H32O3/c1-2-3-4-8-11-14-17(19)15-12-9-6-5-7-10-13-16-18(20)21/h11-12,14-15,17,19H,2-10,13,16H2,1H3,(H,20,21)"
C=C1CC23CC1CCC2C12CC(O)C(O)C(C)(C(=O)O1)C2C3C(=O)OC,"InChI=1S/C20H26O6/c1-9-6-19-7-10(9)4-5-12(19)20-8-11(21)15(22)18(2,17(24)26-20)14(20)13(19)16(23)25-3/h10-15,21-22H,1,4-8H2,2-3H3"
O=C1OC2(C=Cc3ccc(O)c(O)c3)C=C(O)C1(O)OO2,"InChI=1S/C13H10O8/c14-8-2-1-7(5-9(8)15)3-4-12-6-10(16)13(18,21-20-12)11(17)19-12/h1-6,14-16,18H"
CC(CCC(=O)CC(=O)SCCNC(=O)CCNC(=O)C(O)C(C)(C)COP(=O)(O)OP(=O)(O)OCC1OC(n2cnc3c(N)ncnc32)C(O)C1OP(=O)(O)O)C(=O)CCC(=O)O,"InChI=1S/C32H50N7O21P3S/c1-17(19(41)6-7-22(43)44)4-5-18(40)12-23(45)64-11-10-34-21(42)8-9-35-30(48)27(47)32(2,3)14-57-63(54,55)60-62(52,53)56-13-20-26(59-61(49,50)51)25(46)31(58-20)39-16-38-24-28(33)36-15-37-29(24)39/h15-17,20,25-27,31,46-47H,4-14H2,1-3H3,(H,34,42)(H,35,48)(H,43,44)(H,52,53)(H,54,55)(H2,33,36,37)(H2,49,50,51)"
C=CC1(C)CCC2C(=CCC3C(C)(C=O)CCCC23C)C1,"InChI=1S/C20H30O/c1-5-18(2)12-9-16-15(13-18)7-8-17-19(3,14-21)10-6-11-20(16,17)4/h5,7,14,16-17H,1,6,8-13H2,2-4H3"
CCCCCCCCC=CCCCCCCCC(=O)OCC(O)COP(=O)(O)OCC(O)COC(=O)CCCCCCCC=CCCCCCCCC,"InChI=1S/C42H79O10P/c1-3-5-7-9-11-13-15-17-19-21-23-25-27-29-31-33-41(45)49-35-39(43)37-51-53(47,48)52-38-40(44)36-50-42(46)34-32-30-28-26-24-22-20-18-16-14-12-10-8-6-4-2/h17-20,39-40,43-44H,3-16,21-38H2,1-2H3,(H,47,48)"
O=C(O)C1OC(O)(CO)C(O)C1O,"InChI=1S/C6H10O7/c7-1-6(12)4(9)2(8)3(13-6)5(10)11/h2-4,7-9,12H,1H2,(H,10,11)"
CC(C)CCCC(C)C(=O)SCCNC(=O)CCNC(=O)C(O)C(C)(C)COP(=O)(O)OP(=O)(O)OCC1OC(n2cnc3c(N)ncnc32)C(O)C1OP(=O)(O)O,"InChI=1S/C30H52N7O17P3S/c1-17(2)7-6-8-18(3)29(42)58-12-11-32-20(38)9-10-33-27(41)24(40)30(4,5)14-51-57(48,49)54-56(46,47)50-13-19-23(53-55(43,44)45)22(39)28(52-19)37-16-36-21-25(31)34-15-35-26(21)37/h15-19,22-24,28,39-40H,6-14H2,1-5H3,(H,32,38)(H,33,41)(H,46,47)(H,48,49)(H2,31,34,35)(H2,43,44,45)"
CN(C)C=O,"InChI=1S/C3H7NO/c1-4(2)3-5/h3H,1-2H3"
C=C(C)C(C)CCC(C)C1CCC2(C)C3CCC4C(C)(C)C(O)CCC45CC35CCC12C,"InChI=1S/C31H52O/c1-20(2)21(3)9-10-22(4)23-13-15-29(8)25-12-11-24-27(5,6)26(32)14-16-30(24)19-31(25,30)18-17-28(23,29)7/h21-26,32H,1,9-19H2,2-8H3"
O=c1cc(-c2ccc(O)cc2)oc2cc(O)cc(O)c12,"InChI=1S/C15H10O5/c16-9-3-1-8(2-4-9)13-7-12(19)15-11(18)5-10(17)6-14(15)20-13/h1-7,16-18H"
CCC1CN2CCc3cc(OC)c(OC)cc3C2CC1CC1NCCc2cc(O)c(OC)cc21,"InChI=1S/C28H38N2O4/c1-5-17-16-30-9-7-19-13-27(33-3)28(34-4)15-22(19)24(30)11-20(17)10-23-21-14-26(32-2)25(31)12-18(21)6-8-29-23/h12-15,17,20,23-24,29,31H,5-11,16H2,1-4H3"
CCCCCCCCCCCCCCCCCCCCCC(=O)NCCS(=O)(=O)O,"InChI=1S/C24H49NO4S/c1-2-3-4-5-6-7-8-9-10-11-12-13-14-15-16-17-18-19-20-21-24(26)25-22-23-30(27,28)29/h2-23H2,1H3,(H,25,26)(H,27,28,29)"
COC(C)(C)CC=CC(C)=CC=CC(C)=CC=CC(C)=CC=CC=C(C)C=CC=C(C)CCC=C(C)CCC=C(C)C,"InChI=1S/C41H60O/c1-34(2)20-14-23-37(5)26-17-29-38(6)27-15-24-35(3)21-12-13-22-36(4)25-16-28-39(7)30-18-31-40(8)32-19-33-41(9,10)42-11/h12-13,15-16,18-22,24-28,30-32H,14,17,23,29,33H2,1-11H3"
CC1CCC2C(C=CC(C)C2CCC(O)CC(O)CC(=O)O)C1,"InChI=1S/C19H32O4/c1-12-3-7-18-14(9-12)5-4-13(2)17(18)8-6-15(20)10-16(21)11-19(22)23/h4-5,12-18,20-21H,3,6-11H2,1-2H3,(H,22,23)"
CC(C)CC=O,"InChI=1S/C5H10O/c1-5(2)3-4-6/h4-5H,3H2,1-2H3"
CC12CCC3C(CCC4CC(OS(=O)(=O)O)CCC43C)C1CCC2=O,"InChI=1S/C19H30O5S/c1-18-9-7-13(24-25(21,22)23)11-12(18)3-4-14-15-5-6-17(20)19(15,2)10-8-16(14)18/h12-16H,3-11H2,1-2H3,(H,21,22,23)"
CC(=CCc1c(O)c(Cl)c(C)c(C=O)c1O)CCC=C(C)CCC1OC1(C)C,"InChI=1S/C23H31ClO4/c1-14(7-6-8-15(2)10-12-19-23(4,5)28-19)9-11-17-21(26)18(13-25)16(3)20(24)22(17)27/h8-9,13,19,26-27H,6-7,10-12H2,1-5H3"
Nc1c(C(=O)O)ncn1C1OC(COP(=O)(O)O)C(O)C1O,"InChI=1S/C9H14N3O9P/c10-7-4(9(15)16)11-2-12(7)8-6(14)5(13)3(21-8)1-20-22(17,18)19/h2-3,5-6,8,13-14H,1,10H2,(H,15,16)(H2,17,18,19)"
COc1cc(O)cc(C(=O)O)c1C(=O)c1c(O)cc(C)cc1O,"InChI=1S/C16H14O7/c1-7-3-10(18)14(11(19)4-7)15(20)13-9(16(21)22)5-8(17)6-12(13)23-2/h3-6,17-19H,1-2H3,(H,21,22)"
O=C(O)C1=NCCCC1,"InChI=1S/C6H9NO2/c8-6(9)5-3-1-2-4-7-5/h1-4H2,(H,8,9)"
CCCCC(C)C(O)C(O)CC(C)CC(O)CCCCC(O)CC(O)C(C)N,"InChI=1S/C22H47NO5/c1-5-6-9-16(3)22(28)21(27)13-15(2)12-18(24)10-7-8-11-19(25)14-20(26)17(4)23/h15-22,24-28H,5-14,23H2,1-4H3"
CC12CCC3c4ccc(OC5OC(C(=O)O)C(O)C(OS(=O)(=O)O)C5O)cc4CCC3C1CCC2OS(=O)(=O)O,"InChI=1S/C24H32O14S2/c1-24-9-8-14-13-5-3-12(10-11(13)2-4-15(14)16(24)6-7-17(24)37-39(29,30)31)35-23-19(26)20(38-40(32,33)34)18(25)21(36-23)22(27)28/h3,5,10,14-21,23,25-26H,2,4,6-9H2,1H3,(H,27,28)(H,29,30,31)(H,32,33,34)"
CC(C)C(O)CCC(C)C1CCC2C3=CC=C4CC(O)CCC4(C)C3CCC21C,"InChI=1S/C27H44O2/c1-17(2)25(29)11-6-18(3)22-9-10-23-21-8-7-19-16-20(28)12-14-26(19,4)24(21)13-15-27(22,23)5/h7-8,17-18,20,22-25,28-29H,6,9-16H2,1-5H3"
CCCCCCCCC(O)C#N,"InChI=1S/C10H19NO/c1-2-3-4-5-6-7-8-10(12)9-11/h10,12H,2-8H2,1H3"
CCC(N)C(O)CC,"InChI=1S/C6H15NO/c1-3-5(7)6(8)4-2/h5-6,8H,3-4,7H2,1-2H3"
CC(C)=CCCC(C)C1CCC2C3=C(CCC21C)C1(C)CCC(O)C(C)(C)C1CC3,"InChI=1S/C29H48O/c1-19(2)9-8-10-20(3)22-12-13-23-21-11-14-25-27(4,5)26(30)16-18-29(25,7)24(21)15-17-28(22,23)6/h9,20,22-23,25-26,30H,8,10-18H2,1-7H3"
CCOc1nc2cccc(C(=O)OC3OC(C(=O)O)C(O)C(O)C3O)c2n1Cc1ccc(-c2ccccc2-c2nnn[nH]2)cc1,"InChI=1S/C30H28N6O9/c1-2-43-30-31-20-9-5-8-19(28(42)45-29-24(39)22(37)23(38)25(44-29)27(40)41)21(20)36(30)14-15-10-12-16(13-11-15)17-6-3-4-7-18(17)26-32-34-35-33-26/h3-13,22-25,29,37-39H,2,14H2,1H3,(H,40,41)(H,32,33,34,35)"
CC1=CCC2C(C)=CCC(C(C)C)C2C1,"InChI=1S/C15H24/c1-10(2)13-8-6-12(4)14-7-5-11(3)9-15(13)14/h5-6,10,13-15H,7-9H2,1-4H3"
CC1=CC(=O)CC(C)(C)C1(O)C=CC(C)O,"InChI=1S/C13H20O3/c1-9-7-11(15)8-12(3,4)13(9,16)6-5-10(2)14/h5-7,10,14,16H,8H2,1-4H3"
CC(C)C1=CCC2C(=C1)CCC1C(C)(C)CCCC21C,"InChI=1S/C20H32/c1-14(2)15-7-9-17-16(13-15)8-10-18-19(3,4)11-6-12-20(17,18)5/h7,13-14,17-18H,6,8-12H2,1-5H3"
O=C(O)CC(=O)OCC1OC(Oc2c(-c3ccc(O)cc3)oc3cc(O)cc(O)c3c2=O)C(O)C(O)C1O,"InChI=1S/C24H22O14/c25-10-3-1-9(2-4-10)22-23(19(32)17-12(27)5-11(26)6-13(17)36-22)38-24-21(34)20(33)18(31)14(37-24)8-35-16(30)7-15(28)29/h1-6,14,18,20-21,24-27,31,33-34H,7-8H2,(H,28,29)"
O=S(=O)(O)Oc1ccc2ccccc2c1,"InChI=1S/C10H8O4S/c11-15(12,13)14-10-6-5-8-3-1-2-4-9(8)7-10/h1-7H,(H,11,12,13)"
COc1ccc2c(c1OC)C[N+]1(C)CCc3cc4c(c(O)c3C1C2)OCO4,"InChI=1S/C21H23NO5/c1-22-7-6-13-9-17-21(27-11-26-17)19(23)18(13)15(22)8-12-4-5-16(24-2)20(25-3)14(12)10-22/h4-5,9,15H,6-8,10-11H2,1-3H3/p+1"
CCCCCCCC(=O)OCC(COP(=O)(O)OC1C(O)C(O)C(OP(=O)(O)O)C(OP(=O)(O)O)C1O)OC(=O)CCCCCCC,"InChI=1S/C25H49O19P3/c1-3-5-7-9-11-13-18(26)39-15-17(41-19(27)14-12-10-8-6-4-2)16-40-47(37,38)44-23-20(28)21(29)24(42-45(31,32)33)25(22(23)30)43-46(34,35)36/h17,20-25,28-30H,3-16H2,1-2H3,(H,37,38)(H2,31,32,33)(H2,34,35,36)"
O=C(O)C(=O)C(=O)C(O)C(O)CO,"InChI=1S/C6H8O7/c7-1-2(8)3(9)4(10)5(11)6(12)13/h2-3,7-9H,1H2,(H,12,13)"
OC1CCCC1,"InChI=1S/C5H10O/c6-5-3-1-2-4-5/h5-6H,1-4H2"
COc1ccc2c3c4n(c2c1)C(C=C(C)C)OOC(C)(C)CC4N1C(=O)C2CCCN2C(=O)C1(O)C3OCC=C(C)C,"InChI=1S/C32H41N3O7/c1-18(2)12-14-40-28-26-21-11-10-20(39-7)16-23(21)34-25(15-19(3)4)41-42-31(5,6)17-24(27(26)34)35-29(36)22-9-8-13-33(22)30(37)32(28,35)38/h10-12,15-16,22,24-25,28,38H,8-9,13-14,17H2,1-7H3"
CC12CCCC(O1)c1c(cc3c(c1O)C(=O)c1c(O)cc(O)cc1C3=O)O2,"InChI=1S/C20H16O7/c1-20-4-2-3-12(26-20)16-13(27-20)7-10-15(19(16)25)18(24)14-9(17(10)23)5-8(21)6-11(14)22/h5-7,12,21-22,25H,2-4H2,1H3"
CCCCCC(=O)C=CC1C(O)CC(=O)C1CCCCCCC(=O)O,"InChI=1S/C20H32O5/c1-2-3-6-9-15(21)12-13-17-16(18(22)14-19(17)23)10-7-4-5-8-11-20(24)25/h12-13,16-17,19,23H,2-11,14H2,1H3,(H,24,25)"
OCC(O)C1OC(O)C(O)C1O,"InChI=1S/C6H12O6/c7-1-2(8)5-3(9)4(10)6(11)12-5/h2-11H,1H2"
CC1=CCC(O)(C(C)C)CC1,"InChI=1S/C10H18O/c1-8(2)10(11)6-4-9(3)5-7-10/h4,8,11H,5-7H2,1-3H3"
CCCCCCCCCCCCCCCCCCCC(=O)OCC(O)CO,"InChI=1S/C23H46O4/c1-2-3-4-5-6-7-8-9-10-11-12-13-14-15-16-17-18-19-23(26)27-21-22(25)20-24/h22,24-25H,2-21H2,1H3"
CCCCCCCCCCCCCCCCCCCC(=O)NC(CO)C(=O)CCCCCCCCCCCCCCC,"InChI=1S/C38H75NO3/c1-3-5-7-9-11-13-15-17-18-19-20-22-24-26-28-30-32-34-38(42)39-36(35-40)37(41)33-31-29-27-25-23-21-16-14-12-10-8-6-4-2/h36,40H,3-35H2,1-2H3,(H,39,42)"
CC1=C2CC(C(C)(C)O)CCC2(C)CCC1,"InChI=1S/C15H26O/c1-11-6-5-8-15(4)9-7-12(10-13(11)15)14(2,3)16/h12,16H,5-10H2,1-4H3"
CC(CO)CCCC(C)C1CCC2C3C(O)CC4=CC(=O)CCC4(C)C3CCC12C,"InChI=1S/C27H44O3/c1-17(16-28)6-5-7-18(2)21-8-9-22-25-23(11-13-27(21,22)4)26(3)12-10-20(29)14-19(26)15-24(25)30/h14,17-18,21-25,28,30H,5-13,15-16H2,1-4H3"
NC1(C(=O)O)CC1,"InChI=1S/C4H7NO2/c5-4(1-2-4)3(6)7/h1-2,5H2,(H,6,7)"
C=CC(C)(C)c1[nH]c2ccc(CC=C(C)C)c(CC=C(C)C)c2c1CC1NC(=O)C(C)NC1=O,"InChI=1S/C29H39N3O2/c1-9-29(7,8)26-22(16-24-28(34)30-19(6)27(33)32-24)25-21(14-11-18(4)5)20(12-10-17(2)3)13-15-23(25)31-26/h9-11,13,15,19,24,31H,1,12,14,16H2,2-8H3,(H,30,34)(H,32,33)"
CC(O)(CC=O)CC(=O)O,"InChI=1S/C6H10O4/c1-6(10,2-3-7)4-5(8)9/h3,10H,2,4H2,1H3,(H,8,9)"
CC(O)C1CCC2C3CCC4=CC(=O)CCC4(C)C3CCC12C,"InChI=1S/C21H32O2/c1-13(22)17-6-7-18-16-5-4-14-12-15(23)8-10-20(14,2)19(16)9-11-21(17,18)3/h12-13,16-19,22H,4-11H2,1-3H3"
O=S(=O)(O)ON=C(Cc1c[nH]c2ccccc12)SC1OC(CO)C(O)C(O)C1O,"InChI=1S/C16H20N2O9S2/c19-7-11-13(20)14(21)15(22)16(26-11)28-12(18-27-29(23,24)25)5-8-6-17-10-4-2-1-3-9(8)10/h1-4,6,11,13-17,19-22H,5,7H2,(H,23,24,25)"
CC1CCCC(=O)C1,"InChI=1S/C7H12O/c1-6-3-2-4-7(8)5-6/h6H,2-5H2,1H3"
CCC=CCC=CCC=CCC=CCC=CCC=CCCC(=O)OC(COC(=O)CCCCCCCCCCCCCCC)COP(=O)(O)OCC[N+](C)(C)C,"InChI=1S/C46H80NO8P/c1-6-8-10-12-14-16-18-20-21-22-23-24-25-27-29-31-33-35-37-39-46(49)55-44(43-54-56(50,51)53-41-40-47(3,4)5)42-52-45(48)38-36-34-32-30-28-26-19-17-15-13-11-9-7-2/h8,10,14,16,20-21,23-24,27,29,33,35,44H,6-7,9,11-13,15,17-19,22,25-26,28,30-32,34,36-43H2,1-5H3/p+1"
CCCCCC=CCC1OC1C(O)C=CCC=CCCCC(=O)O,"InChI=1S/C20H32O4/c1-2-3-4-5-9-12-15-18-20(24-18)17(21)14-11-8-6-7-10-13-16-19(22)23/h6-7,9,11-12,14,17-18,20-21H,2-5,8,10,13,15-16H2,1H3,(H,22,23)"
CC(=CCNc1ncnc2c1ncn2C1OC(COP(=O)(O)OP(=O)(O)OP(=O)(O)O)C(O)C1O)CO,"InChI=1S/C15H24N5O14P3/c1-8(4-21)2-3-16-13-10-14(18-6-17-13)20(7-19-10)15-12(23)11(22)9(32-15)5-31-36(27,28)34-37(29,30)33-35(24,25)26/h2,6-7,9,11-12,15,21-23H,3-5H2,1H3,(H,27,28)(H,29,30)(H,16,17,18)(H2,24,25,26)"
O=C(C(=O)c1ccccc1)c1ccccc1,InChI=1S/C14H10O2/c15-13(11-7-3-1-4-8-11)14(16)12-9-5-2-6-10-12/h1-10H
O=C1CC(COP(=O)(O)O)C(O)C(O)C1O,"InChI=1S/C7H13O8P/c8-4-1-3(2-15-16(12,13)14)5(9)7(11)6(4)10/h3,5-7,9-11H,1-2H2,(H2,12,13,14)"
CC12CCC3C(CCC4CC(=O)CC(O)C43C)C1CCC2=O,"InChI=1S/C19H28O3/c1-18-8-7-15-13(14(18)5-6-16(18)21)4-3-11-9-12(20)10-17(22)19(11,15)2/h11,13-15,17,22H,3-10H2,1-2H3"
CC1=CC(O)C2(C)CCC3(C)CCC(C(C)C)=C3C2CC1,"InChI=1S/C20H32O/c1-13(2)15-8-9-19(4)10-11-20(5)16(18(15)19)7-6-14(3)12-17(20)21/h12-13,16-17,21H,6-11H2,1-5H3"
CC12CC(=O)C(CC(=O)O1)C2(C)C,"InChI=1S/C10H14O3/c1-9(2)6-4-8(12)13-10(9,3)5-7(6)11/h6H,4-5H2,1-3H3"
NC(=O)C1=CN(C2OC(COP(=O)(O)OP(=O)(O)OCC3OC(n4cnc5c(N)ncnc54)C(OP(=O)(O)O)C3O)C(O)C2O)C(O)CC1,"InChI=1S/C21H32N7O18P3/c22-17-12-19(25-6-24-17)28(7-26-12)21-16(45-47(34,35)36)14(31)10(44-21)5-42-49(39,40)46-48(37,38)41-4-9-13(30)15(32)20(43-9)27-3-8(18(23)33)1-2-11(27)29/h3,6-7,9-11,13-16,20-21,29-32H,1-2,4-5H2,(H2,23,33)(H,37,38)(H,39,40)(H2,22,24,25)(H2,34,35,36)"
CCC(O)CC(=O)SCCNC(=O)CCNC(=O)C(O)C(C)(C)COP(=O)(O)OP(=O)(O)OCC1OC(n2cnc3c(N)ncnc32)C(O)C1OP(=O)(O)O,"InChI=1S/C26H44N7O18P3S/c1-4-14(34)9-17(36)55-8-7-28-16(35)5-6-29-24(39)21(38)26(2,3)11-48-54(45,46)51-53(43,44)47-10-15-20(50-52(40,41)42)19(37)25(49-15)33-13-32-18-22(27)30-12-31-23(18)33/h12-15,19-21,25,34,37-38H,4-11H2,1-3H3,(H,28,35)(H,29,39)(H,43,44)(H,45,46)(H2,27,30,31)(H2,40,41,42)"
NCCCC(=O)C(=O)O,"InChI=1S/C5H9NO3/c6-3-1-2-4(7)5(8)9/h1-3,6H2,(H,8,9)"
C[N+]([O-])=NCOC1OC(CO)C(O)C(O)C1O,"InChI=1S/C8H16N2O7/c1-10(15)9-3-16-8-7(14)6(13)5(12)4(2-11)17-8/h4-8,11-14H,2-3H2,1H3"
N=C(N)NCCCC(=O)C(=O)O,"InChI=1S/C6H11N3O3/c7-6(8)9-3-1-2-4(10)5(11)12/h1-3H2,(H,11,12)(H4,7,8,9)"
COc1cc2c(c(O)c1O)C(=O)CC(c1ccc(O)cc1)O2,"InChI=1S/C16H14O6/c1-21-13-7-12-14(16(20)15(13)19)10(18)6-11(22-12)8-2-4-9(17)5-3-8/h2-5,7,11,17,19-20H,6H2,1H3"
CCCCCC(C=CC=CCCCCCCCC(=O)O)OO,"InChI=1S/C18H32O4/c1-2-3-11-14-17(22-21)15-12-9-7-5-4-6-8-10-13-16-18(19)20/h7,9,12,15,17,21H,2-6,8,10-11,13-14,16H2,1H3,(H,19,20)"
O=C(O)c1ccc(O)cc1,"InChI=1S/C7H6O3/c8-6-3-1-5(2-4-6)7(9)10/h1-4,8H,(H,9,10)"
O=C1Cc2ccccc2N1,"InChI=1S/C8H7NO/c10-8-5-6-3-1-2-4-7(6)9-8/h1-4H,5H2,(H,9,10)"
CSCCCCC(N)C(=O)O,"InChI=1S/C7H15NO2S/c1-11-5-3-2-4-6(8)7(9)10/h6H,2-5,8H2,1H3,(H,9,10)"
CCCCCCC=CCCCCCCCC(=O)OC(CCCCCCCCC)CCCCCCCC(=O)O,"InChI=1S/C34H64O4/c1-3-5-7-9-11-12-13-14-15-16-18-23-27-31-34(37)38-32(28-24-20-17-10-8-6-4-2)29-25-21-19-22-26-30-33(35)36/h12-13,32H,3-11,14-31H2,1-2H3,(H,35,36)"
N=C(N)NC1C(O)C(O)C(OP(=O)(O)O)C(O)C1O,"InChI=1S/C7H16N3O8P/c8-7(9)10-1-2(11)4(13)6(5(14)3(1)12)18-19(15,16)17/h1-6,11-14H,(H4,8,9,10)(H2,15,16,17)"
Nc1nc2c([nH]c(=O)n2C2CC(O)C(COP(=O)(O)O)O2)c(=O)[nH]1,"InChI=1S/C10H14N5O8P/c11-9-13-7-6(8(17)14-9)12-10(18)15(7)5-1-3(16)4(23-5)2-22-24(19,20)21/h3-5,16H,1-2H2,(H,12,18)(H2,19,20,21)(H3,11,13,14,17)"
CC(C)C1=C2C3CCC(CO)=CC(O)C3(C)CCC2(C)CC1,"InChI=1S/C20H32O2/c1-13(2)15-7-8-19(3)9-10-20(4)16(18(15)19)6-5-14(12-21)11-17(20)22/h11,13,16-17,21-22H,5-10,12H2,1-4H3"
CC(=O)CC1(O)Cc2cc3cc(O)cc(O)c3c(O)c2C(=O)C1O,"InChI=1S/C17H16O7/c1-7(18)5-17(24)6-9-2-8-3-10(19)4-11(20)12(8)14(21)13(9)15(22)16(17)23/h2-4,16,19-21,23-24H,5-6H2,1H3"
CNC(=N)NCCCC(=O)C(=O)O,"InChI=1S/C7H13N3O3/c1-9-7(8)10-4-2-3-5(11)6(12)13/h2-4H2,1H3,(H,12,13)(H3,8,9,10)"
N=C(NCCCC(N)C(=O)O)NC(CC(=O)O)C(=O)O,"InChI=1S/C10H18N4O6/c11-5(8(17)18)2-1-3-13-10(12)14-6(9(19)20)4-7(15)16/h5-6H,1-4,11H2,(H,15,16)(H,17,18)(H,19,20)(H3,12,13,14)"
O=C1OC(COP(=O)(O)O)C(O)C(O)C1O,"InChI=1S/C6H11O9P/c7-3-2(1-14-16(11,12)13)15-6(10)5(9)4(3)8/h2-5,7-9H,1H2,(H2,11,12,13)"
CC(=O)OC1C(=O)C2(C)C(O)CC3OCC3(OC(C)=O)C2C(OC(=O)c2ccccc2)C2(O)CC(OC(=O)C(O)C(N)c3ccccc3)C(C)=C1C2(C)C,"InChI=1S/C40H47NO13/c1-20-25(52-36(48)30(45)29(41)23-13-9-7-10-14-23)18-40(49)34(53-35(47)24-15-11-8-12-16-24)32-38(6,26(44)17-27-39(32,19-50-27)54-22(3)43)33(46)31(51-21(2)42)28(20)37(40,4)5/h7-16,25-27,29-32,34,44-45,49H,17-19,41H2,1-6H3"
CCCCCCCCCCC(C(=O)O)C(O)(CC(=O)O)C(=O)O,"InChI=1S/C16H28O7/c1-2-3-4-5-6-7-8-9-10-12(14(19)20)16(23,15(21)22)11-13(17)18/h12,23H,2-11H2,1H3,(H,17,18)(H,19,20)(H,21,22)"
CCCCCC=CCC=CCC=CCC=CCCCC(=O)OCC(COP(=O)(O)OCC[N+](C)(C)C)OC(=O)CCCC=CCC=CCC=CCC=CCCCCC,"InChI=1S/C48H80NO8P/c1-6-8-10-12-14-16-18-20-22-24-26-28-30-32-34-36-38-40-47(50)54-44-46(45-56-58(52,53)55-43-42-49(3,4)5)57-48(51)41-39-37-35-33-31-29-27-25-23-21-19-17-15-13-11-9-7-2/h14-17,20-23,26-29,32-35,46H,6-13,18-19,24-25,30-31,36-45H2,1-5H3/p+1"
CC(=O)OC1C(=O)C2(C)C(O)CC3OCC3(OC(C)=O)C2C(OC(=O)c2ccccc2)C2(O)CC(OC(=O)C(O)C(NC(=O)c3ccccc3)c3ccccc3)C(C)=C1C2(C)C,"InChI=1S/C47H51NO14/c1-25-31(60-43(56)36(52)35(28-16-10-7-11-17-28)48-41(54)29-18-12-8-13-19-29)23-47(57)40(61-42(55)30-20-14-9-15-21-30)38-45(6,32(51)22-33-46(38,24-58-33)62-27(3)50)39(53)37(59-26(2)49)34(25)44(47,4)5/h7-21,31-33,35-38,40,51-52,57H,22-24H2,1-6H3,(H,48,54)"
OC1c2ccccc2-c2ccccc21,"InChI=1S/C13H10O/c14-13-11-7-3-1-5-9(11)10-6-2-4-8-12(10)13/h1-8,13-14H"
CCCCO,"InChI=1S/C4H10O/c1-2-3-4-5/h5H,2-4H2,1H3"
OCC1OC(OCC2(O)OC(CO)C(O)C2O)C(O)C(O)C1O,"InChI=1S/C12H22O11/c13-1-4-6(15)8(17)9(18)11(22-4)21-3-12(20)10(19)7(16)5(2-14)23-12/h4-11,13-20H,1-3H2"
CCCOC(=O)CC,"InChI=1S/C6H12O2/c1-3-5-8-6(7)4-2/h3-5H2,1-2H3"
CCCCCCCCC(O)CCCCCCC,"InChI=1S/C16H34O/c1-3-5-7-9-11-13-15-16(17)14-12-10-8-6-4-2/h16-17H,3-15H2,1-2H3"
CC(C)C(C)C(=O)C(=O)O,"InChI=1S/C7H12O3/c1-4(2)5(3)6(8)7(9)10/h4-5H,1-3H3,(H,9,10)"
CC(N)C(=O)NC(CCC(=O)O)C(=O)O,"InChI=1S/C8H14N2O5/c1-4(9)7(13)10-5(8(14)15)2-3-6(11)12/h4-5H,2-3,9H2,1H3,(H,10,13)(H,11,12)(H,14,15)"
N#CC(O)c1ccoc1,"InChI=1S/C6H5NO2/c7-3-6(8)5-1-2-9-4-5/h1-2,4,6,8H"
C=CCC(=NOS(=O)(=O)O)SC1OC(CO)C(O)C(O)C1O,"InChI=1S/C10H17NO9S2/c1-2-3-6(11-20-22(16,17)18)21-10-9(15)8(14)7(13)5(4-12)19-10/h2,5,7-10,12-15H,1,3-4H2,(H,16,17,18)"
CC1CCCC2(C)CCC(C(C)(C)O)CC12O,"InChI=1S/C15H28O2/c1-11-6-5-8-14(4)9-7-12(13(2,3)16)10-15(11,14)17/h11-12,16-17H,5-10H2,1-4H3"
CCCCCCCCC=CCCCCCCCC(=O)OCC(COP(=O)(O)OP(=O)(O)O)OC(=O)CCCCCCCC=CCCCCCCCC,"InChI=1S/C39H74O11P2/c1-3-5-7-9-11-13-15-17-19-21-23-25-27-29-31-33-38(40)47-35-37(36-48-52(45,46)50-51(42,43)44)49-39(41)34-32-30-28-26-24-22-20-18-16-14-12-10-8-6-4-2/h17-20,37H,3-16,21-36H2,1-2H3,(H,45,46)(H2,42,43,44)"
NCCc1ccc(O)c(OS(=O)(=O)O)c1,"InChI=1S/C8H11NO5S/c9-4-3-6-1-2-7(10)8(5-6)14-15(11,12)13/h1-2,5,10H,3-4,9H2,(H,11,12,13)"
CC(C=CC=C(C)C=CC=C(C)C(=O)O)=CC=CC=C(C)C=CC=C(C)C=CC1=C(C)CCCC1(C)C,"InChI=1S/C35H46O2/c1-27(17-11-19-29(3)21-13-22-32(6)34(36)37)15-9-10-16-28(2)18-12-20-30(4)24-25-33-31(5)23-14-26-35(33,7)8/h9-13,15-22,24-25H,14,23,26H2,1-8H3,(H,36,37)"
CC(C)CN,"InChI=1S/C4H11N/c1-4(2)3-5/h4H,3,5H2,1-2H3"
CCCCCCCCCCCCCC=CC(O)C(COP(=O)(O)O)NC(=O)CCCCCCCCCCCCCCC,"InChI=1S/C34H68NO6P/c1-3-5-7-9-11-13-15-17-19-21-23-25-27-29-33(36)32(31-41-42(38,39)40)35-34(37)30-28-26-24-22-20-18-16-14-12-10-8-6-4-2/h27,29,32-33,36H,3-26,28,30-31H2,1-2H3,(H,35,37)(H2,38,39,40)"
CC(C)=CCCC(C)C1C=CC(C)=CC1,"InChI=1S/C15H24/c1-12(2)6-5-7-14(4)15-10-8-13(3)9-11-15/h6,8-10,14-15H,5,7,11H2,1-4H3"
O=C(O)c1cccc(C(=O)O)c1,"InChI=1S/C8H6O4/c9-7(10)5-2-1-3-6(4-5)8(11)12/h1-4H,(H,9,10)(H,11,12)"
NC(=O)CCCCC1SCC2NC(=O)NC21,"InChI=1S/C10H17N3O2S/c11-8(14)4-2-1-3-7-9-6(5-16-7)12-10(15)13-9/h6-7,9H,1-5H2,(H2,11,14)(H2,12,13,15)"
O=C1CC(c2ccccc2)Oc2cc(O)cc(O)c21,"InChI=1S/C15H12O4/c16-10-6-11(17)15-12(18)8-13(19-14(15)7-10)9-4-2-1-3-5-9/h1-7,13,16-17H,8H2"
CC(N)P(=O)(O)O,"InChI=1S/C2H8NO3P/c1-2(3)7(4,5)6/h2H,3H2,1H3,(H2,4,5,6)"
CCCCCCCCCCCCCCCC(=O)OC(COC(=O)CCCCCCCCCCCCC)COP(=O)(O)OCC(O)CO,"InChI=1S/C36H71O10P/c1-3-5-7-9-11-13-15-16-18-20-22-24-26-28-36(40)46-34(32-45-47(41,42)44-30-33(38)29-37)31-43-35(39)27-25-23-21-19-17-14-12-10-8-6-4-2/h33-34,37-38H,3-32H2,1-2H3,(H,41,42)"
O=C(O)CC=CCC(=O)C(=O)O,"InChI=1S/C7H8O5/c8-5(7(11)12)3-1-2-4-6(9)10/h1-2H,3-4H2,(H,9,10)(H,11,12)"
CC1OC(O)C(O)C1O,"InChI=1S/C5H10O4/c1-2-3(6)4(7)5(8)9-2/h2-8H,1H3"
COc1cc2c(c3c[n+](C)c4c5cc6c(cc5ccc4c13)OCO6)OCO2,"InChI=1S/C21H16NO5/c1-22-8-14-19(17(23-2)7-18-21(14)27-10-26-18)12-4-3-11-5-15-16(25-9-24-15)6-13(11)20(12)22/h3-8H,9-10H2,1-2H3/q+1"
O=C1C(=O)c2cccc3cccc1c23,InChI=1S/C12H6O2/c13-11-8-5-1-3-7-4-2-6-9(10(7)8)12(11)14/h1-6H
CCC(O)C(=O)O,"InChI=1S/C4H8O3/c1-2-3(5)4(6)7/h3,5H,2H2,1H3,(H,6,7)"
O=C(C=Cc1ccc(O)cc1)OC1OC(CO)C(O)C(O)C1O,"InChI=1S/C15H18O8/c16-7-10-12(19)13(20)14(21)15(22-10)23-11(18)6-3-8-1-4-9(17)5-2-8/h1-6,10,12-17,19-21H,7H2"
CCCCCCCCCCCCCCCCOCC(O)COP(=O)(O)OCC[N+](C)(C)C,"InChI=1S/C24H52NO6P/c1-5-6-7-8-9-10-11-12-13-14-15-16-17-18-20-29-22-24(26)23-31-32(27,28)30-21-19-25(2,3)4/h24,26H,5-23H2,1-4H3/p+1"
NC(CC(O)C(O)C(=O)COP(=O)(O)O)C(=O)O,"InChI=1S/C7H14NO9P/c8-3(7(12)13)1-4(9)6(11)5(10)2-17-18(14,15)16/h3-4,6,9,11H,1-2,8H2,(H,12,13)(H2,14,15,16)"
O=C(O)C1=CC=CC2=Nc3ccccc3NC12,"InChI=1S/C13H10N2O2/c16-13(17)8-4-3-7-11-12(8)15-10-6-2-1-5-9(10)14-11/h1-7,12,15H,(H,16,17)"
CCC=CCCOC(C)=O,"InChI=1S/C8H14O2/c1-3-4-5-6-7-10-8(2)9/h4-5H,3,6-7H2,1-2H3"
C=CC(=C)CC(=O)C=C(C)C,"InChI=1S/C10H14O/c1-5-9(4)7-10(11)6-8(2)3/h5-6H,1,4,7H2,2-3H3"
COc1cccc(CC=C(C)CCC=C(C)CCC=C(C)CCC=C(C)CCC=C(C)CCC=C(C)C)c1O,"InChI=1S/C37H56O2/c1-29(2)15-9-16-30(3)17-10-18-31(4)19-11-20-32(5)21-12-22-33(6)23-13-24-34(7)27-28-35-25-14-26-36(39-8)37(35)38/h14-15,17,19,21,23,25-27,38H,9-13,16,18,20,22,24,28H2,1-8H3"
CCCCCC(C=CC1C2CC(OO2)C1CC=CCCCC(=O)OC(CO)COP(=O)(O)OCC[N+](C)(C)C)OO,"InChI=1S/C28H50NO11P/c1-5-6-9-12-22(38-32)15-16-25-24(26-19-27(25)40-39-26)13-10-7-8-11-14-28(31)37-23(20-30)21-36-41(33,34)35-18-17-29(2,3)4/h7,10,15-16,22-27,30H,5-6,8-9,11-14,17-21H2,1-4H3,(H-,32,33,34)/p+1"
O=C(O)CCCCCCCCCCCCCCO,"InChI=1S/C15H30O3/c16-14-12-10-8-6-4-2-1-3-5-7-9-11-13-15(17)18/h16H,1-14H2,(H,17,18)"
CC1=C2CC3(C)CCC(C(C)C)=C3CCC(C)C2CC1,"InChI=1S/C20H32/c1-13(2)16-10-11-20(5)12-18-15(4)6-8-17(18)14(3)7-9-19(16)20/h13-14,17H,6-12H2,1-5H3"
CCCCCOC(C)=O,"InChI=1S/C7H14O2/c1-3-4-5-6-9-7(2)8/h3-6H2,1-2H3"
O=C(O)Cc1c(O)[nH]c2ccccc12,"InChI=1S/C10H9NO3/c12-9(13)5-7-6-3-1-2-4-8(6)11-10(7)14/h1-4,11,14H,5H2,(H,12,13)"
CC(C)(C)C(C)(O)C#N,"InChI=1S/C7H13NO/c1-6(2,3)7(4,9)5-8/h9H,1-4H3"
OCC1OC(O)CC(O)C1O,"InChI=1S/C6H12O5/c7-2-4-6(10)3(8)1-5(9)11-4/h3-10H,1-2H2"
CC1OC(OC2C(CO)OC(OC3C(CO)OC(O)C(O)C3O)C(O)C2O)C(O)C(O)C1NC1C=C(CO)C(O)C(O)C1O,"InChI=1S/C25H43NO18/c1-6-11(26-8-2-7(3-27)12(30)15(33)13(8)31)14(32)19(37)24(40-6)43-22-10(5-29)42-25(20(38)17(22)35)44-21-9(4-28)41-23(39)18(36)16(21)34/h2,6,8-39H,3-5H2,1H3"
CCCCCCCC(=O)OC(CC(=O)O)C[N+](C)(C)C,"InChI=1S/C15H29NO4/c1-5-6-7-8-9-10-15(19)20-13(11-14(17)18)12-16(2,3)4/h13H,5-12H2,1-4H3/p+1"
CCCCCCCCCCCCCCCCCCCC(=O)OCC(COP(=O)(O)OCC[N+](C)(C)C)OC(=O)CCCCCCCCCCCCCCC,"InChI=1S/C44H88NO8P/c1-6-8-10-12-14-16-18-20-21-22-23-25-26-28-30-32-34-36-43(46)50-40-42(41-52-54(48,49)51-39-38-45(3,4)5)53-44(47)37-35-33-31-29-27-24-19-17-15-13-11-9-7-2/h42H,6-41H2,1-5H3/p+1"
CCCCCCCCC=CCCCCCCCC(=O)NCCOP(=O)(O)OCC(O)CO,"InChI=1S/C23H46NO7P/c1-2-3-4-5-6-7-8-9-10-11-12-13-14-15-16-17-23(27)24-18-19-30-32(28,29)31-21-22(26)20-25/h9-10,22,25-26H,2-8,11-21H2,1H3,(H,24,27)(H,28,29)"
O=C(O)C(O)=CC=CC(=O)c1ccccc1,"InChI=1S/C12H10O4/c13-10(9-5-2-1-3-6-9)7-4-8-11(14)12(15)16/h1-8,14H,(H,15,16)"
NC(C(=O)O)C(O)C(O)C(O)COP(=O)(O)O,"InChI=1S/C6H14NO9P/c7-3(6(11)12)5(10)4(9)2(8)1-16-17(13,14)15/h2-5,8-10H,1,7H2,(H,11,12)(H2,13,14,15)"
NC(C=CC(=O)O)=CC(=O)C(=O)O,"InChI=1S/C7H7NO5/c8-4(1-2-6(10)11)3-5(9)7(12)13/h1-3H,8H2,(H,10,11)(H,12,13)"
C=C1C(=O)C(C)=CC(C(C)=O)=C1O,"InChI=1S/C10H10O3/c1-5-4-8(7(3)11)10(13)6(2)9(5)12/h4,13H,2H2,1,3H3"
CC(CCC(OC1OC(COC2OC(CO)C(O)C(O)C2O)C(O)C(O)C1O)C(C)(C)O)C1CCC2(C)C3CC=C4C(CCC(O)C4(C)C)C3(C)C(O)CC12C,"InChI=1S/C42H72O14/c1-20(21-15-16-40(6)26-12-10-22-23(11-13-27(44)38(22,2)3)42(26,8)28(45)17-41(21,40)7)9-14-29(39(4,5)52)56-37-35(51)33(49)31(47)25(55-37)19-53-36-34(50)32(48)30(46)24(18-43)54-36/h10,20-21,23-37,43-52H,9,11-19H2,1-8H3"
CC(C)CCCCCCCCCCCCCCCCCCCCCCCO,"InChI=1S/C26H54O/c1-26(2)24-22-20-18-16-14-12-10-8-6-4-3-5-7-9-11-13-15-17-19-21-23-25-27/h26-27H,3-25H2,1-2H3"
CCCCCCCCCCCCCCCCCCCCCC(=O)NC(CO)C(=O)CCCCCCCCCCCCCCC,"InChI=1S/C40H79NO3/c1-3-5-7-9-11-13-15-17-18-19-20-21-22-24-26-28-30-32-34-36-40(44)41-38(37-42)39(43)35-33-31-29-27-25-23-16-14-12-10-8-6-4-2/h38,42H,3-37H2,1-2H3,(H,41,44)"
CC(C=CC=C(C)C=CC=C(C)CCCC(C)(C)O)=CC=CC=C(C)C=CC=C(C)CCC=C(C)CCCC(C)(C)O,"InChI=1S/C40H62O2/c1-33(21-13-23-35(3)25-15-27-37(5)29-17-31-39(7,8)41)19-11-12-20-34(2)22-14-24-36(4)26-16-28-38(6)30-18-32-40(9,10)42/h11-15,19-25,27-28,41-42H,16-18,26,29-32H2,1-10H3"
CCC=CCC(O)C=CC1C(O)CC(=O)C1CC=CCCCC(=O)O,"InChI=1S/C20H30O5/c1-2-3-6-9-15(21)12-13-17-16(18(22)14-19(17)23)10-7-4-5-8-11-20(24)25/h3-4,6-7,12-13,15-17,19,21,23H,2,5,8-11,14H2,1H3,(H,24,25)"
CCC12C=CCN3CCC4(c5ccc(OC)cc5NC4C(O)(C(=O)OC)C1)C32,"InChI=1S/C22H28N2O4/c1-4-20-8-5-10-24-11-9-21(18(20)24)15-7-6-14(27-2)12-16(15)23-17(21)22(26,13-20)19(25)28-3/h5-8,12,17-18,23,26H,4,9-11,13H2,1-3H3"
C=CC1=C(C)C(=Cc2[nH]c(C=C3N=C(C=C4NC(=O)C(C)=C4CCC(=O)O)C(CCC(=O)O)=C3C)c(C)c2C=C)NC1=O,"InChI=1S/C33H34N4O6/c1-7-20-16(3)24(34-27(20)14-26-17(4)21(8-2)33(43)36-26)13-25-18(5)22(9-11-30(38)39)28(35-25)15-29-23(10-12-31(40)41)19(6)32(42)37-29/h7-8,13-15,34H,1-2,9-12H2,3-6H3,(H,36,43)(H,37,42)(H,38,39)(H,40,41)"
Nc1ccc(O)c(C(=O)O)c1,"InChI=1S/C7H7NO3/c8-4-1-2-6(9)5(3-4)7(10)11/h1-3,9H,8H2,(H,10,11)"
CCCCCC(=O)c1c(O)c(Cl)c(OC)c(Cl)c1O,"InChI=1S/C13H16Cl2O4/c1-3-4-5-6-7(16)8-11(17)9(14)13(19-2)10(15)12(8)18/h17-18H,3-6H2,1-2H3"
CCC=CCC=CCC(=O)C=CC=CCC=CCC=CCCC(=O)O,"InChI=1S/C22H30O3/c1-2-3-4-5-12-15-18-21(23)19-16-13-10-8-6-7-9-11-14-17-20-22(24)25/h3-4,6-7,10-16,19H,2,5,8-9,17-18,20H2,1H3,(H,24,25)"
CC(=CCCC(C)C1CCC2(C)C3=C(CCC12C)C1(C)CCC(=O)C(C)(C)C1CC3=O)C(=O)O,"InChI=1S/C30H44O4/c1-18(9-8-10-19(2)26(33)34)20-11-16-30(7)25-21(12-15-29(20,30)6)28(5)14-13-24(32)27(3,4)23(28)17-22(25)31/h10,18,20,23H,8-9,11-17H2,1-7H3,(H,33,34)"
Nc1ncnc2c1ncn2C1OC(COP(=O)(O)OP(=O)(O)O)C(O)C1O,"InChI=1S/C10H15N5O10P2/c11-8-5-9(13-2-12-8)15(3-14-5)10-7(17)6(16)4(24-10)1-23-27(21,22)25-26(18,19)20/h2-4,6-7,10,16-17H,1H2,(H,21,22)(H2,11,12,13)(H2,18,19,20)"
CC1CCC2C(C)C3C(CC4C5CC=C6CC(OC7OC(CO)C(O)C(O)C7O)CCC6(C)C5CCC43C)N2C1,"InChI=1S/C33H53NO6/c1-17-5-8-24-18(2)27-25(34(24)15-17)14-23-21-7-6-19-13-20(9-11-32(19,3)22(21)10-12-33(23,27)4)39-31-30(38)29(37)28(36)26(16-35)40-31/h6,17-18,20-31,35-38H,5,7-16H2,1-4H3"
NCCCC(N)CC(=O)NC1C(N=C2NC(C(=O)O)C(C(O)CN)N2)OC(CO)C(OC(N)=O)C1O,"InChI=1S/C19H36N8O9/c20-3-1-2-7(22)4-10(30)24-13-14(31)15(36-18(23)34)9(6-28)35-16(13)27-19-25-11(8(29)5-21)12(26-19)17(32)33/h7-9,11-16,28-29,31H,1-6,20-22H2,(H2,23,34)(H,24,30)(H,32,33)(H2,25,26,27)"
CCCCCCCCCCCCCCCCCCCC(=O)OP(=O)(O)OCC1OC(n2cnc3c(N)ncnc32)C(O)C1O,"InChI=1S/C30H52N5O8P/c1-2-3-4-5-6-7-8-9-10-11-12-13-14-15-16-17-18-19-24(36)43-44(39,40)41-20-23-26(37)27(38)30(42-23)35-22-34-25-28(31)32-21-33-29(25)35/h21-23,26-27,30,37-38H,2-20H2,1H3,(H,39,40)(H2,31,32,33)"
NC(CC(C=O)=CC=C(O)C(=O)O)C(=O)O,"InChI=1S/C9H11NO6/c10-6(8(13)14)3-5(4-11)1-2-7(12)9(15)16/h1-2,4,6,12H,3,10H2,(H,13,14)(H,15,16)"
C[N+](C)(C)CCO,"InChI=1S/C5H14NO/c1-6(2,3)4-5-7/h7H,4-5H2,1-3H3/q+1"
CC12CCC3C(CC=C4CC(OC5OC(C(=O)O)C(O)C(O)C5O)CCC43C)C1CCC2=O,"InChI=1S/C25H36O8/c1-24-9-7-13(32-23-20(29)18(27)19(28)21(33-23)22(30)31)11-12(24)3-4-14-15-5-6-17(26)25(15,2)10-8-16(14)24/h3,13-16,18-21,23,27-29H,4-11H2,1-2H3,(H,30,31)"
CC(C=CC(O)=C1C(=O)CNC1=O)=CC(C)C1OC23OC(C(=O)CC2(C)OC(C)C3C(=O)O)C1C,"InChI=1S/C25H31NO9/c1-11(6-7-15(27)18-17(29)10-26-22(18)30)8-12(2)20-13(3)21-16(28)9-24(5)25(34-20,35-21)19(23(31)32)14(4)33-24/h6-8,12-14,19-21,27H,9-10H2,1-5H3,(H,26,30)(H,31,32)"
C=CC(=C)CCC=C(C)CCC=C(C)CCC=C(C)CCC=C(C)C,"InChI=1S/C25H40/c1-8-22(4)14-10-16-24(6)18-12-20-25(7)19-11-17-23(5)15-9-13-21(2)3/h8,13,16-17,20H,1,4,9-12,14-15,18-19H2,2-3,5-7H3"
CC1=CC=CC(O)C1(O)C(=O)O,"InChI=1S/C8H10O4/c1-5-3-2-4-6(9)8(5,12)7(10)11/h2-4,6,9,12H,1H3,(H,10,11)"
O=C(O)CCCCC1SCC2NC(=O)NC21,"InChI=1S/C10H16N2O3S/c13-8(14)4-2-1-3-7-9-6(5-16-7)11-10(15)12-9/h6-7,9H,1-5H2,(H,13,14)(H2,11,12,15)"
Nc1cnn(C(=O)C(O)=CC=CC(=O)O)c(=O)c1Cl,"InChI=1S/C10H8ClN3O5/c11-8-5(12)4-13-14(10(8)19)9(18)6(15)2-1-3-7(16)17/h1-4,15H,12H2,(H,16,17)"
O=C(O)C(=O)CC(O)C(=O)O,"InChI=1S/C5H6O6/c6-2(4(8)9)1-3(7)5(10)11/h2,6H,1H2,(H,8,9)(H,10,11)"
CC1C=CC2=CCCCC2C1CCC(O)CC(O)CC(=O)O,"InChI=1S/C18H28O4/c1-12-6-7-13-4-2-3-5-17(13)16(12)9-8-14(19)10-15(20)11-18(21)22/h4,6-7,12,14-17,19-20H,2-3,5,8-11H2,1H3,(H,21,22)"
O=C(O)c1cccc([N+](=O)[O-])c1,"InChI=1S/C7H5NO4/c9-7(10)5-2-1-3-6(4-5)8(11)12/h1-4H,(H,9,10)"
CCCCCCCCC(=O)CCCCCCCCC(=O)O,"InChI=1S/C18H34O3/c1-2-3-4-5-8-11-14-17(19)15-12-9-6-7-10-13-16-18(20)21/h2-16H2,1H3,(H,20,21)"
O=C(O)CCCO,"InChI=1S/C4H8O3/c5-3-1-2-4(6)7/h5H,1-3H2,(H,6,7)"
CCCCCC=CCC=CCC=CCC=CCCCC(=O)OC(COC(=O)CCCCCCCCCCCCC)COP(=O)(O)OCC[N+](C)(C)C,"InChI=1S/C42H76NO8P/c1-6-8-10-12-14-16-18-19-20-21-22-23-25-27-29-31-33-35-42(45)51-40(39-50-52(46,47)49-37-36-43(3,4)5)38-48-41(44)34-32-30-28-26-24-17-15-13-11-9-7-2/h14,16,19-20,22-23,27,29,40H,6-13,15,17-18,21,24-26,28,30-39H2,1-5H3/p+1"
CC(C)=CCCC(C)=CCc1c(O)c(O)cc2ccc(=O)oc12,"InChI=1S/C19H22O4/c1-12(2)5-4-6-13(3)7-9-15-18(22)16(20)11-14-8-10-17(21)23-19(14)15/h5,7-8,10-11,20,22H,4,6,9H2,1-3H3"
CCCCCCCCCCCCCCCC(=O)C(N)CO,"InChI=1S/C18H37NO2/c1-2-3-4-5-6-7-8-9-10-11-12-13-14-15-18(21)17(19)16-20/h17,20H,2-16,19H2,1H3"
Nc1ncnc2c1ncn2C1OC(CO)CC1O,"InChI=1S/C10H13N5O3/c11-8-7-9(13-3-12-8)15(4-14-7)10-6(17)1-5(2-16)18-10/h3-6,10,16-17H,1-2H2,(H2,11,12,13)"
CCCCCC(=O)OCC(C)CC,"InChI=1S/C11H22O2/c1-4-6-7-8-11(12)13-9-10(3)5-2/h10H,4-9H2,1-3H3"
CC1C=C2C=CC(C)C(CCC(O)CC(O)CC(=O)O)C2C(O)C1,"InChI=1S/C19H30O5/c1-11-7-13-4-3-12(2)16(19(13)17(22)8-11)6-5-14(20)9-15(21)10-18(23)24/h3-4,7,11-12,14-17,19-22H,5-6,8-10H2,1-2H3,(H,23,24)"
CC12CCC3C(C(O)CC4CC(O)CCC43C)C1CCC2=O,"InChI=1S/C19H30O3/c1-18-7-5-12(20)9-11(18)10-15(21)17-13-3-4-16(22)19(13,2)8-6-14(17)18/h11-15,17,20-21H,3-10H2,1-2H3"
Nc1ccc(C(=O)O)cc1,"InChI=1S/C7H7NO2/c8-6-3-1-5(2-4-6)7(9)10/h1-4H,8H2,(H,9,10)"
CC(Nc1ccc(CC(O)C(O)C(O)COC2OC(COP(=O)(O)OC(CCC(=O)O)C(=O)O)C(O)C2O)cc1)C1Nc2c(nc(N)[nH]c2=O)NC1C,"InChI=1S/C30H45N6O16P/c1-12(21-13(2)33-26-22(34-21)27(44)36-30(31)35-26)32-15-5-3-14(4-6-15)9-16(37)23(41)17(38)10-49-29-25(43)24(42)19(51-29)11-50-53(47,48)52-18(28(45)46)7-8-20(39)40/h3-6,12-13,16-19,21,23-25,29,32,34,37-38,41-43H,7-11H2,1-2H3,(H,39,40)(H,45,46)(H,47,48)(H4,31,33,35,36,44)"
CCCCCC=CCC=CCCCCCCCC(=O)OC(COC(=O)CCCCCCCC=CCCCCCCCC)COP(=O)(O)OCC[N+](C)(C)C,"InChI=1S/C44H82NO8P/c1-6-8-10-12-14-16-18-20-22-24-26-28-30-32-34-36-43(46)50-40-42(41-52-54(48,49)51-39-38-45(3,4)5)53-44(47)37-35-33-31-29-27-25-23-21-19-17-15-13-11-9-7-2/h15,17,20-23,42H,6-14,16,18-19,24-41H2,1-5H3/p+1"
CC(=O)NC1C(OP(=O)(O)OP(=O)(O)OCC2OC(n3ccc(=O)[nH]c3=O)C(O)C2O)OC(C(=O)O)C(O)C1N,"InChI=1S/C17H26N4O17P2/c1-5(22)19-9-8(18)11(25)13(15(27)28)36-16(9)37-40(32,33)38-39(30,31)34-4-6-10(24)12(26)14(35-6)21-3-2-7(23)20-17(21)29/h2-3,6,8-14,16,24-26H,4,18H2,1H3,(H,19,22)(H,27,28)(H,30,31)(H,32,33)(H,20,23,29)"
O=C(O)C=CC(=CC(=O)C(=O)O)[N+](=O)[O-],"InChI=1S/C7H5NO7/c9-5(7(12)13)3-4(8(14)15)1-2-6(10)11/h1-3H,(H,10,11)(H,12,13)"
Nc1ncnc2c1ncn2C1OC(COP(=O)(O)O)C(OC(=O)C2CCCN2)C1O,"InChI=1S/C15H21N6O8P/c16-12-9-13(19-5-18-12)21(6-20-9)14-10(22)11(8(28-14)4-27-30(24,25)26)29-15(23)7-2-1-3-17-7/h5-8,10-11,14,17,22H,1-4H2,(H2,16,18,19)(H2,24,25,26)"
NC(=O)NC1NC(=O)NC1=O,"InChI=1S/C4H6N4O3/c5-3(10)6-1-2(9)8-4(11)7-1/h1H,(H3,5,6,10)(H2,7,8,9,11)"
COc1cc(CCN(C)C)cc(OC)c1O,"InChI=1S/C12H19NO3/c1-13(2)6-5-9-7-10(15-3)12(14)11(8-9)16-4/h7-8,14H,5-6H2,1-4H3"
CC(=O)OCC=C(C)CCC=C(C)C,"InChI=1S/C12H20O2/c1-10(2)6-5-7-11(3)8-9-14-12(4)13/h6,8H,5,7,9H2,1-4H3"
CC12CCC3C(CCC4CC(=O)CCC43C)C1CCC2=O,"InChI=1S/C19H28O2/c1-18-9-7-13(20)11-12(18)3-4-14-15-5-6-17(21)19(15,2)10-8-16(14)18/h12,14-16H,3-11H2,1-2H3"
O=C(O)c1cccnc1,"InChI=1S/C6H5NO2/c8-6(9)5-2-1-3-7-4-5/h1-4H,(H,8,9)"
CC(O)CCCCCCCCCCCC(=O)O,"InChI=1S/C14H28O3/c1-13(15)11-9-7-5-3-2-4-6-8-10-12-14(16)17/h13,15H,2-12H2,1H3,(H,16,17)"
C=C(OP(=O)(O)OCC(O)C(O)C(O)Cn1c2nc(=O)[nH]c(=O)c-2cc2ccc(O)cc21)C(=O)O,"InChI=1S/C19H20N3O12P/c1-8(18(28)29)34-35(31,32)33-7-14(25)15(26)13(24)6-22-12-5-10(23)3-2-9(12)4-11-16(22)20-19(30)21-17(11)27/h2-5,13-15,23-26H,1,6-7H2,(H,28,29)(H,31,32)(H,21,27,30)"
NC1CC(N)C(O)C(O)C1O,"InChI=1S/C6H14N2O3/c7-2-1-3(8)5(10)6(11)4(2)9/h2-6,9-11H,1,7-8H2"
O=[N+]([O-])OCC(O)CO[N+](=O)[O-],"InChI=1S/C3H6N2O7/c6-3(1-11-4(7)8)2-12-5(9)10/h3,6H,1-2H2"
C1=NCCCC1,"InChI=1S/C5H9N/c1-2-4-6-5-3-1/h4H,1-3,5H2"
O=C(C=Cc1ccc(O)c(O)c1)OC1CC(C(=O)O)=CC(O)C1O,"InChI=1S/C16H16O8/c17-10-3-1-8(5-11(10)18)2-4-14(20)24-13-7-9(16(22)23)6-12(19)15(13)21/h1-6,12-13,15,17-19,21H,7H2,(H,22,23)"
CCc1ccc(CO)cc1,"InChI=1S/C9H12O/c1-2-8-3-5-9(7-10)6-4-8/h3-6,10H,2,7H2,1H3"
Nc1nc2ncc(CNc3ccc(C(=O)NC(CCC(=O)O)C(=O)O)cc3)nc2c(=O)[nH]1,"InChI=1S/C19H19N7O6/c20-19-25-15-14(17(30)26-19)23-11(8-22-15)7-21-10-3-1-9(2-4-10)16(29)24-12(18(31)32)5-6-13(27)28/h1-4,8,12,21H,5-7H2,(H,24,29)(H,27,28)(H,31,32)(H3,20,22,25,26,30)"
CC1(C)C2CC3OC3(C)C1C2,"InChI=1S/C10H16O/c1-9(2)6-4-7(9)10(3)8(5-6)11-10/h6-8H,4-5H2,1-3H3"
CCCCCCCCC=CCCCCCCCC(=O)OC(COC(=O)CCCCCCCCCCCCC)COP(=O)(O)OCCN,"InChI=1S/C37H72NO8P/c1-3-5-7-9-11-13-15-16-17-18-20-22-24-26-28-30-37(40)46-35(34-45-47(41,42)44-32-31-38)33-43-36(39)29-27-25-23-21-19-14-12-10-8-6-4-2/h16-17,35H,3-15,18-34,38H2,1-2H3,(H,41,42)"
CC(=O)CC1(O)Cc2cc3cc(O)cc(O)c3c(O)c2C(=O)C1(O)C(=O)O,"InChI=1S/C18H16O9/c1-7(19)5-17(26)6-9-2-8-3-10(20)4-11(21)12(8)14(22)13(9)15(23)18(17,27)16(24)25/h2-4,20-22,26-27H,5-6H2,1H3,(H,24,25)"
COc1cc(-c2cc(=O)c3c(O)cc(O)cc3o2)cc(OC)c1OC,"InChI=1S/C18H16O7/c1-22-15-4-9(5-16(23-2)18(15)24-3)13-8-12(21)17-11(20)6-10(19)7-14(17)25-13/h4-8,19-20H,1-3H3"
COc1ccc2c(c1OC)C(=O)OC2C1c2c(cc3c(c2OC)OCO3)CCN1C,"InChI=1S/C22H23NO7/c1-23-8-7-11-9-14-20(29-10-28-14)21(27-4)15(11)17(23)18-12-5-6-13(25-2)19(26-3)16(12)22(24)30-18/h5-6,9,17-18H,7-8,10H2,1-4H3"
CCCCCC=CCC=CCCCCCCCC(=O)O,"InChI=1S/C18H32O2/c1-2-3-4-5-6-7-8-9-10-11-12-13-14-15-16-17-18(19)20/h6-7,9-10H,2-5,8,11-17H2,1H3,(H,19,20)"
CCCCCCCC(=O)OCC(COC1OC(CO)C(O)C(O)C1O)OC(=O)CCCCCCC,"InChI=1S/C25H46O10/c1-3-5-7-9-11-13-20(27)32-16-18(34-21(28)14-12-10-8-6-4-2)17-33-25-24(31)23(30)22(29)19(15-26)35-25/h18-19,22-26,29-31H,3-17H2,1-2H3"
CCCCCCCCCCCCCCCCCC(=O)O,"InChI=1S/C18H36O2/c1-2-3-4-5-6-7-8-9-10-11-12-13-14-15-16-17-18(19)20/h2-17H2,1H3,(H,19,20)"
NC=CC(=O)O,"InChI=1S/C3H5NO2/c4-2-1-3(5)6/h1-2H,4H2,(H,5,6)"
CC(C)CCCC(C)C1CCC2C1(C)CCC1C3(C)CCC(O)CC3CC3OC312,"InChI=1S/C27H46O2/c1-17(2)7-6-8-18(3)21-9-10-22-26(21,5)14-12-23-25(4)13-11-20(28)15-19(25)16-24-27(22,23)29-24/h17-24,28H,6-16H2,1-5H3"
CCCCCCCCCC=CC=CC(=O)SCCNC(=O)CCNC(=O)C(O)C(C)(C)COP(=O)(O)OP(=O)(O)OCC1OC(n2cnc3c(N)ncnc32)C(O)C1OP(=O)(O)O,"InChI=1S/C35H58N7O17P3S/c1-4-5-6-7-8-9-10-11-12-13-14-15-26(44)63-19-18-37-25(43)16-17-38-33(47)30(46)35(2,3)21-56-62(53,54)59-61(51,52)55-20-24-29(58-60(48,49)50)28(45)34(57-24)42-23-41-27-31(36)39-22-40-32(27)42/h12-15,22-24,28-30,34,45-46H,4-11,16-21H2,1-3H3,(H,37,43)(H,38,47)(H,51,52)(H,53,54)(H2,36,39,40)(H2,48,49,50)"
CC(C(=O)C(=O)O)c1c[nH]c2ccccc12,"InChI=1S/C12H11NO3/c1-7(11(14)12(15)16)9-6-13-10-5-3-2-4-8(9)10/h2-7,13H,1H3,(H,15,16)"
CC1=C2CC3(C)CCC(C)(C)C3C3CCC(C)C23CC1,"InChI=1S/C20H32/c1-13-8-9-20-14(2)6-7-15(20)17-18(3,4)10-11-19(17,5)12-16(13)20/h14-15,17H,6-12H2,1-5H3"
CCCCCC=CCC=CCC=CCC=CCCCC(=O)OC(COC(=O)CCCCCCCCCCCCCCCCC)COP(=O)(O)OC1C(O)C(O)C(O)C(O)C1O,"InChI=1S/C47H83O13P/c1-3-5-7-9-11-13-15-17-19-20-22-24-26-28-30-32-34-36-41(49)59-39(38-58-61(55,56)60-47-45(53)43(51)42(50)44(52)46(47)54)37-57-40(48)35-33-31-29-27-25-23-21-18-16-14-12-10-8-6-4-2/h11,13,17,19,22,24,28,30,39,42-47,50-54H,3-10,12,14-16,18,20-21,23,25-27,29,31-38H2,1-2H3,(H,55,56)"
CCCC(=O)CC(=O)OCC,"InChI=1S/C8H14O3/c1-3-5-7(9)6-8(10)11-4-2/h3-6H2,1-2H3"
CC(C)CCCC(C)C1CCC2C3=C(CCC21C)C1(C)CCC(O)CC1CC3,"InChI=1S/C27H46O/c1-18(2)7-6-8-19(3)23-11-12-24-22-10-9-20-17-21(28)13-15-26(20,4)25(22)14-16-27(23,24)5/h18-21,23-24,28H,6-17H2,1-5H3"
CC(C)=CCCC(C)CC=O,"InChI=1S/C10H18O/c1-9(2)5-4-6-10(3)7-8-11/h5,8,10H,4,6-7H2,1-3H3"
O=CC1OC(=O)C(O)C(O)C1O,"InChI=1S/C6H8O6/c7-1-2-3(8)4(9)5(10)6(11)12-2/h1-5,8-10H"
CCCCCCCCCCCCCCCCCCCCCCCCCCCCCCO,"InChI=1S/C30H62O/c1-2-3-4-5-6-7-8-9-10-11-12-13-14-15-16-17-18-19-20-21-22-23-24-25-26-27-28-29-30-31/h31H,2-30H2,1H3"
CC(=O)NCCc1ccc(O)cc1,"InChI=1S/C10H13NO2/c1-8(12)11-7-6-9-2-4-10(13)5-3-9/h2-5,13H,6-7H2,1H3,(H,11,12)"
OC1CCc2ccccc21,"InChI=1S/C9H10O/c10-9-6-5-7-3-1-2-4-8(7)9/h1-4,9-10H,5-6H2"
C=C(C=O)C1CC=C(C)CCC=C(C)CC1,"InChI=1S/C15H22O/c1-12-5-4-6-13(2)8-10-15(9-7-12)14(3)11-16/h5,8,11,15H,3-4,6-7,9-10H2,1-2H3"
O=C(O)C(Cc1ccccc1)NCC1(O)OCC(O)C(O)C1O,"InChI=1S/C15H21NO7/c17-11-7-23-15(22,13(19)12(11)18)8-16-10(14(20)21)6-9-4-2-1-3-5-9/h1-5,10-13,16-19,22H,6-8H2,(H,20,21)"
CCCCCCCCCCCO,"InChI=1S/C11H24O/c1-2-3-4-5-6-7-8-9-10-11-12/h12H,2-11H2,1H3"
O=CC(O)C(O)(CO)CO,"InChI=1S/C5H10O5/c6-1-4(9)5(10,2-7)3-8/h1,4,7-10H,2-3H2"
CCCCCCCCCCCCCCCC(=O)OCC(O)CCCCCCCCCCCCCC,"InChI=1S/C32H64O3/c1-3-5-7-9-11-13-15-17-19-21-23-25-27-29-32(34)35-30-31(33)28-26-24-22-20-18-16-14-12-10-8-6-4-2/h31,33H,3-30H2,1-2H3"
CCC(C)C=NO,"InChI=1S/C5H11NO/c1-3-5(2)4-6-7/h4-5,7H,3H2,1-2H3"
CC1(C)C2CC(=O)C1(C)C(O)C2,"InChI=1S/C10H16O2/c1-9(2)6-4-7(11)10(9,3)8(12)5-6/h6-7,11H,4-5H2,1-3H3"
CC1=C2C3OC(=O)C(C)C3CCC2(C)C=CC1=O,"InChI=1S/C15H18O3/c1-8-10-4-6-15(3)7-5-11(16)9(2)12(15)13(10)18-14(8)17/h5,7-8,10,13H,4,6H2,1-3H3"
O=C1C(O)C(CO)OC(c2c(O)cc3oc4cc(O)c(O)cc4c(=O)c3c2O)C1O,"InChI=1S/C19H16O11/c20-4-11-15(25)17(27)18(28)19(30-11)12-8(23)3-10-13(16(12)26)14(24)5-1-6(21)7(22)2-9(5)29-10/h1-3,11,15,18-23,25-26,28H,4H2"
CC(C)(COP(=O)(O)OP(=O)(O)OCC1OC(n2cnc3c(N)ncnc32)C(O)C1OP(=O)(O)O)C(O)C(=O)NCCC(=O)NCCSC(=O)CC(=O)CC=CCC=O,"InChI=1S/C29H44N7O19P3S/c1-29(2,24(42)27(43)32-8-7-19(39)31-9-11-59-20(40)12-17(38)6-4-3-5-10-37)14-52-58(49,50)55-57(47,48)51-13-18-23(54-56(44,45)46)22(41)28(53-18)36-16-35-21-25(30)33-15-34-26(21)36/h3-4,10,15-16,18,22-24,28,41-42H,5-9,11-14H2,1-2H3,(H,31,39)(H,32,43)(H,47,48)(H,49,50)(H2,30,33,34)(H2,44,45,46)"
CC(C)=CCc1c(O)c(CC=C(C)C)c(O)c(C(=O)C(C)C)c1O,"InChI=1S/C20H28O4/c1-11(2)7-9-14-18(22)15(10-8-12(3)4)20(24)16(19(14)23)17(21)13(5)6/h7-8,13,22-24H,9-10H2,1-6H3"
CC1(CC(=O)O)C2=Cc3[nH]c(c(CCC(=O)O)c3CC(=O)O)Cc3[nH]c(c(CC(=O)O)c3CCC(=O)O)C=C3NC(=CC(=N2)C1CCC(=O)O)C(C)(CC(=O)O)C3CCC(=O)O,"InChI=1S/C42H48N4O16/c1-41(17-39(59)60)23(5-9-35(51)52)29-14-27-21(11-37(55)56)19(3-7-33(47)48)25(43-27)13-26-20(4-8-34(49)50)22(12-38(57)58)28(44-26)15-31-42(2,18-40(61)62)24(6-10-36(53)54)30(46-31)16-32(41)45-29/h14-16,23-24,43-45H,3-13,17-18H2,1-2H3,(H,47,48)(H,49,50)(H,51,52)(H,53,54)(H,55,56)(H,57,58)(H,59,60)(H,61,62)"
COc1cc(C=CC(=O)SCCNC(=O)CCNC(=O)C(O)C(C)(C)COP(=O)(O)OP(=O)(O)OCC2OC(n3cnc4c(N)ncnc43)C(O)C2OP(=O)(O)O)cc(OC)c1O,"InChI=1S/C32H46N7O20P3S/c1-32(2,27(44)30(45)35-8-7-21(40)34-9-10-63-22(41)6-5-17-11-18(53-3)24(42)19(12-17)54-4)14-56-62(51,52)59-61(49,50)55-13-20-26(58-60(46,47)48)25(43)31(57-20)39-16-38-23-28(33)36-15-37-29(23)39/h5-6,11-12,15-16,20,25-27,31,42-44H,7-10,13-14H2,1-4H3,(H,34,40)(H,35,45)(H,49,50)(H,51,52)(H2,33,36,37)(H2,46,47,48)"
CCCCCCCCCCCCCC=CC(O)C(COP(=O)(O)OCC[N+](C)(C)C)NC(=O)CCCCCCCCCCCCCCC,"InChI=1S/C39H79N2O6P/c1-6-8-10-12-14-16-18-20-22-24-26-28-30-32-38(42)37(36-47-48(44,45)46-35-34-41(3,4)5)40-39(43)33-31-29-27-25-23-21-19-17-15-13-11-9-7-2/h30,32,37-38,42H,6-29,31,33-36H2,1-5H3,(H-,40,43,44,45)/p+1"
CCCCCCCCCCCCCCCCCCCCCC(=O)NC(CO)C(O)CCCCCCCCCCCCCCC,"InChI=1S/C40H81NO3/c1-3-5-7-9-11-13-15-17-18-19-20-21-22-24-26-28-30-32-34-36-40(44)41-38(37-42)39(43)35-33-31-29-27-25-23-16-14-12-10-8-6-4-2/h38-39,42-43H,3-37H2,1-2H3,(H,41,44)"
CCC(=N)C(=O)O,"InChI=1S/C4H7NO2/c1-2-3(5)4(6)7/h5H,2H2,1H3,(H,6,7)"
CC1=CC(=O)C(CC(=O)SCCNC(=O)CCNC(=O)C(O)C(C)(C)COP(=O)(O)OP(=O)(O)OCC2OC(n3cnc4c(N)ncnc43)C(O)C2OP(=O)(O)O)C1(C)C,"InChI=1S/C31H48N7O18P3S/c1-16-10-18(39)17(31(16,4)5)11-21(41)60-9-8-33-20(40)6-7-34-28(44)25(43)30(2,3)13-53-59(50,51)56-58(48,49)52-12-19-24(55-57(45,46)47)23(42)29(54-19)38-15-37-22-26(32)35-14-36-27(22)38/h10,14-15,17,19,23-25,29,42-43H,6-9,11-13H2,1-5H3,(H,33,40)(H,34,44)(H,48,49)(H,50,51)(H2,32,35,36)(H2,45,46,47)"
O=C(O)C1(O)CC(O)C(O)C(C(O)C(O)COP(=O)(O)O)O1,"InChI=1S/C9H17O12P/c10-3-1-9(16,8(14)15)21-7(5(3)12)6(13)4(11)2-20-22(17,18)19/h3-7,10-13,16H,1-2H2,(H,14,15)(H2,17,18,19)"
O=C(CO)C(O)C(O)C(O)C(O)COP(=O)(O)O,"InChI=1S/C7H15O10P/c8-1-3(9)5(11)7(13)6(12)4(10)2-17-18(14,15)16/h4-8,10-13H,1-2H2,(H2,14,15,16)"
CC1Nc2nc(N)[nH]c(=O)c2N2CN(c3ccc(CC(O)C(O)C(O)COC4OC(COP(=O)(O)OC(CCC(=O)O)C(=O)O)C(O)C4O)cc3)C(C)C12,"InChI=1S/C31H45N6O16P/c1-13-22-14(2)36(12-37(22)23-27(33-13)34-31(32)35-28(23)45)16-5-3-15(4-6-16)9-17(38)24(42)18(39)10-50-30-26(44)25(43)20(52-30)11-51-54(48,49)53-19(29(46)47)7-8-21(40)41/h3-6,13-14,17-20,22,24-26,30,38-39,42-44H,7-12H2,1-2H3,(H,40,41)(H,46,47)(H,48,49)(H4,32,33,34,35,45)"
CCCC(=O)O,"InChI=1S/C4H8O2/c1-2-3-4(5)6/h2-3H2,1H3,(H,5,6)"
Cc1ncc(C[n+]2csc(CCOP(=O)(O)OP(=O)(O)O)c2C)c(N)n1,"InChI=1S/C12H18N4O7P2S/c1-8-11(3-4-22-25(20,21)23-24(17,18)19)26-7-16(8)6-10-5-14-9(2)15-12(10)13/h5,7H,3-4,6H2,1-2H3,(H4-,13,14,15,17,18,19,20,21)/p+1"
COc1cc(C=CC(=O)O)cc(OC)c1O,"InChI=1S/C11H12O5/c1-15-8-5-7(3-4-10(12)13)6-9(16-2)11(8)14/h3-6,14H,1-2H3,(H,12,13)"
CCCCCC=CCC=CCC=CCC=CCCCC(=O)OC(COC(=O)CCCCCCCCCCCCCCCCC)COP(=O)(O)OCC(O)CO,"InChI=1S/C44H79O10P/c1-3-5-7-9-11-13-15-17-19-20-22-24-26-28-30-32-34-36-44(48)54-42(40-53-55(49,50)52-38-41(46)37-45)39-51-43(47)35-33-31-29-27-25-23-21-18-16-14-12-10-8-6-4-2/h11,13,17,19,22,24,28,30,41-42,45-46H,3-10,12,14-16,18,20-21,23,25-27,29,31-40H2,1-2H3,(H,49,50)"
CCCCCCCCCCCC(=O)CC(=O)SCCNC(=O)CCNC(=O)C(O)C(C)(C)COP(=O)(O)OP(=O)(O)OCC1OC(n2cnc3c(N)ncnc32)C(O)C1OP(=O)(O)O,"InChI=1S/C35H60N7O18P3S/c1-4-5-6-7-8-9-10-11-12-13-23(43)18-26(45)64-17-16-37-25(44)14-15-38-33(48)30(47)35(2,3)20-57-63(54,55)60-62(52,53)56-19-24-29(59-61(49,50)51)28(46)34(58-24)42-22-41-27-31(36)39-21-40-32(27)42/h21-22,24,28-30,34,46-47H,4-20H2,1-3H3,(H,37,44)(H,38,48)(H,52,53)(H,54,55)(H2,36,39,40)(H2,49,50,51)"
CC(C)=CCCC(C)=CCCC(C)C1=CCC2(C)CC=C(C)CCC=C(C)CCC12,"InChI=1S/C30H48/c1-23(2)11-8-12-24(3)15-10-16-27(6)28-20-22-30(7)21-19-26(5)14-9-13-25(4)17-18-29(28)30/h11,13,15,19-20,27,29H,8-10,12,14,16-18,21-22H2,1-7H3"
CC1=CC2C(C(C)C)CCC(C)=C3CCC(C)C32CC1,"InChI=1S/C20H32/c1-13(2)17-8-6-15(4)18-9-7-16(5)20(18)11-10-14(3)12-19(17)20/h12-13,16-17,19H,6-11H2,1-5H3"
CCCCCCCCCCCCCCCC(O)C(CO)NC(=O)C(O)CCCCCCCCCCCCCC,"InChI=1S/C34H69NO4/c1-3-5-7-9-11-13-15-17-19-20-22-24-26-28-32(37)31(30-36)35-34(39)33(38)29-27-25-23-21-18-16-14-12-10-8-6-4-2/h31-33,36-38H,3-30H2,1-2H3,(H,35,39)"
O=c1cc(-c2ccc(O)c(O)c2)oc2c(O)c(O)ccc12,"InChI=1S/C15H10O6/c16-9-3-1-7(5-12(9)19)13-6-11(18)8-2-4-10(17)14(20)15(8)21-13/h1-6,16-17,19-20H"
O=[N+]([O-])c1ccc([N+](=O)[O-])cc1,InChI=1S/C6H4N2O4/c9-7(10)5-1-2-6(4-3-5)8(11)12/h1-4H
Cc1cc(O)cc(O)c1,"InChI=1S/C7H8O2/c1-5-2-6(8)4-7(9)3-5/h2-4,8-9H,1H3"
CCCCCCCCCCCCCCCC(=O)C(C)N,"InChI=1S/C18H37NO/c1-3-4-5-6-7-8-9-10-11-12-13-14-15-16-18(20)17(2)19/h17H,3-16,19H2,1-2H3"
Nc1ncnc2c1ncn2C1OC(COP(=O)(O)OP(=O)(O)OCC(OP(=O)(O)O)C(=O)O)C(O)C1O,"InChI=1S/C13H20N5O16P3/c14-10-7-11(16-3-15-10)18(4-17-7)12-9(20)8(19)5(32-12)1-30-36(26,27)34-37(28,29)31-2-6(13(21)22)33-35(23,24)25/h3-6,8-9,12,19-20H,1-2H2,(H,21,22)(H,26,27)(H,28,29)(H2,14,15,16)(H2,23,24,25)"
O=c1cc(-c2ccccc2)oc2c(O)c(O)ccc12,"InChI=1S/C15H10O4/c16-11-7-6-10-12(17)8-13(19-15(10)14(11)18)9-4-2-1-3-5-9/h1-8,16,18H"
Cc1cc2nc3c(=O)[nH]c(=O)nc-3n(CC(O)C(O)C3COP(=O)(O)O3)c2cc1C,"InChI=1S/C17H19N4O8P/c1-7-3-9-10(4-8(7)2)21(15-13(18-9)16(24)20-17(25)19-15)5-11(22)14(23)12-6-28-30(26,27)29-12/h3-4,11-12,14,22-23H,5-6H2,1-2H3,(H,26,27)(H,20,24,25)"
CC(C)=CCCC(C)C1CCC2C3=C(CCC21C)C1(C)CCC(=O)C(C)C1CC3,"InChI=1S/C28H44O/c1-18(2)8-7-9-19(3)22-12-13-24-21-10-11-23-20(4)26(29)15-17-28(23,6)25(21)14-16-27(22,24)5/h8,19-20,22-24H,7,9-17H2,1-6H3"
CC(=O)NC1C(OP(=O)(O)OP(=O)(O)OCC2OC(n3ccc(=O)[nH]c3=O)C(O)C2O)OC(C(=O)O)C(O)C1NC(C)=O,"InChI=1S/C19H28N4O18P2/c1-6(24)20-10-11(21-7(2)25)18(39-15(13(10)28)17(30)31)40-43(35,36)41-42(33,34)37-5-8-12(27)14(29)16(38-8)23-4-3-9(26)22-19(23)32/h3-4,8,10-16,18,27-29H,5H2,1-2H3,(H,20,24)(H,21,25)(H,30,31)(H,33,34)(H,35,36)(H,22,26,32)"
Nc1ncnc2c1ncn2C1OC(COP(=O)(O)OC(=O)c2cc(C(=O)S)c[n+](C3OC(COP(=O)(O)O)C(O)C3O)c2)C(O)C1O,"InChI=1S/C22H26N6O16P2S/c23-17-12-18(25-6-24-17)28(7-26-12)20-16(32)14(30)11(43-20)5-41-46(38,39)44-21(33)8-1-9(22(34)47)3-27(2-8)19-15(31)13(29)10(42-19)4-40-45(35,36)37/h1-3,6-7,10-11,13-16,19-20,29-32H,4-5H2,(H5-,23,24,25,34,35,36,37,38,39,47)/p+1"
CC(CCCCC(=O)OP(=O)(O)OCC1OC(n2cnc3c(N)ncnc32)C(O)C1O)OC1OC(C)C(OC(=O)c2c[nH]c3ccccc23)CC1O,"InChI=1S/C32H41N6O13P/c1-16(47-32-21(39)11-22(17(2)48-32)50-31(43)19-12-34-20-9-5-4-8-18(19)20)7-3-6-10-24(40)51-52(44,45)46-13-23-26(41)27(42)30(49-23)38-15-37-25-28(33)35-14-36-29(25)38/h4-5,8-9,12,14-17,21-23,26-27,30,32,34,39,41-42H,3,6-7,10-11,13H2,1-2H3,(H,44,45)(H2,33,35,36)"
CN(C)C(Cc1c[nH]c2ccccc12)C(=O)O,"InChI=1S/C13H16N2O2/c1-15(2)12(13(16)17)7-9-8-14-11-6-4-3-5-10(9)11/h3-6,8,12,14H,7H2,1-2H3,(H,16,17)"
CC(=O)C(N)C(=O)O,"InChI=1S/C4H7NO3/c1-2(6)3(5)4(7)8/h3H,5H2,1H3,(H,7,8)"
CCC=CCC=CCC1OC1CC=CCC=CCCCC(=O)O,"InChI=1S/C20H30O3/c1-2-3-4-5-9-12-15-18-19(23-18)16-13-10-7-6-8-11-14-17-20(21)22/h3-4,6,8-10,12-13,18-19H,2,5,7,11,14-17H2,1H3,(H,21,22)"
Oc1cc(O)c2c(c1)OC(c1ccc(O)c(O)c1)C(O)C2O,"InChI=1S/C15H14O7/c16-7-4-10(19)12-11(5-7)22-15(14(21)13(12)20)6-1-2-8(17)9(18)3-6/h1-5,13-21H"
NC(CC(=CC=O)C=C(O)C(=O)O)C(=O)O,"InChI=1S/C9H11NO6/c10-6(8(13)14)3-5(1-2-11)4-7(12)9(15)16/h1-2,4,6,12H,3,10H2,(H,13,14)(H,15,16)"
CC(=O)OCC1OC(OC2C(Oc3c(-c4cc(O)c(O)c(O)c4)oc4cc(O)cc(O)c4c3=O)OC(C)C(O)C2O)C(O)C(O)C1O,"InChI=1S/C29H32O18/c1-8-18(35)23(40)27(47-28-24(41)22(39)20(37)16(45-28)7-42-9(2)30)29(43-8)46-26-21(38)17-12(32)5-11(31)6-15(17)44-25(26)10-3-13(33)19(36)14(34)4-10/h3-6,8,16,18,20,22-24,27-29,31-37,39-41H,7H2,1-2H3"
NCC1OC(OC2C(N)CC(N)C(OC3OC(CO)C(O)C(O)C3O)C2O)C(O)C(O)C1O,"InChI=1S/C18H35N3O12/c19-2-6-8(23)10(25)12(27)17(30-6)32-15-4(20)1-5(21)16(14(15)29)33-18-13(28)11(26)9(24)7(3-22)31-18/h4-18,22-29H,1-3,19-21H2"
O=C(O)C(=O)CC(O)C(O)CS(=O)(=O)O,"InChI=1S/C6H10O8S/c7-3(1-4(8)6(10)11)5(9)2-15(12,13)14/h3,5,7,9H,1-2H2,(H,10,11)(H,12,13,14)"
CCC(C)C(=O)OC1CC(C)C=C2C=CC(C)C(CCC3CC(O)CC(=O)O3)C21,"InChI=1S/C24H36O5/c1-5-15(3)24(27)29-21-11-14(2)10-17-7-6-16(4)20(23(17)21)9-8-19-12-18(25)13-22(26)28-19/h6-7,10,14-16,18-21,23,25H,5,8-9,11-13H2,1-4H3"
C=C1C(O)CCC2C1(C)CCC1CC(C)(C3CO3)CCC12C,"InChI=1S/C20H32O2/c1-13-15(21)5-6-16-19(13,3)8-7-14-11-18(2,17-12-22-17)9-10-20(14,16)4/h14-17,21H,1,5-12H2,2-4H3"
O=C1C(Cl)=C(Cl)C(=O)C(Cl)=C1Cl,InChI=1S/C6Cl4O2/c7-1-2(8)6(12)4(10)3(9)5(1)11
O=C1CC(O)(c2ccc(O)cc2)Oc2cc(O)cc(O)c21,"InChI=1S/C15H12O6/c16-9-3-1-8(2-4-9)15(20)7-12(19)14-11(18)5-10(17)6-13(14)21-15/h1-6,16-18,20H,7H2"
CC(C)=CCCC(C)=CCCC(C)=CCc1c(O)cc(C)c(C(=O)O)c1O,"InChI=1S/C23H32O4/c1-15(2)8-6-9-16(3)10-7-11-17(4)12-13-19-20(24)14-18(5)21(22(19)25)23(26)27/h8,10,12,14,24-25H,6-7,9,11,13H2,1-5H3,(H,26,27)"
CC(=CCc1cc(O)c(C)c(C)c1O)CCCC(C)CCCC(C)CCCC(C)C,"InChI=1S/C28H48O2/c1-20(2)11-8-12-21(3)13-9-14-22(4)15-10-16-23(5)17-18-26-19-27(29)24(6)25(7)28(26)30/h17,19-22,29-30H,8-16,18H2,1-7H3"
COc1ccc(CN(C)CC(C)(CO)CO)cc1,"InChI=1S/C14H23NO3/c1-14(10-16,11-17)9-15(2)8-12-4-6-13(18-3)7-5-12/h4-7,16-17H,8-11H2,1-3H3"
CC(=O)C12OC1CC1C3CC=C4CC(OC5OC(CO)C(O)C(O)C5O)CCC4(C)C3CCC12C,"InChI=1S/C27H40O8/c1-13(29)27-20(35-27)11-18-16-5-4-14-10-15(6-8-25(14,2)17(16)7-9-26(18,27)3)33-24-23(32)22(31)21(30)19(12-28)34-24/h4,15-24,28,30-32H,5-12H2,1-3H3"
COc1ccc(C(=O)O)cc1,"InChI=1S/C8H8O3/c1-11-7-4-2-6(3-5-7)8(9)10/h2-5H,1H3,(H,9,10)"
CCCCCC=CC(=O)SCCNC(=O)CCNC(=O)C(O)C(C)(C)COP(=O)(O)OP(=O)(O)OCC1OC(n2cnc3c(N)ncnc32)C(O)C1OP(=O)(O)O,"InChI=1S/C29H48N7O17P3S/c1-4-5-6-7-8-9-20(38)57-13-12-31-19(37)10-11-32-27(41)24(40)29(2,3)15-50-56(47,48)53-55(45,46)49-14-18-23(52-54(42,43)44)22(39)28(51-18)36-17-35-21-25(30)33-16-34-26(21)36/h8-9,16-18,22-24,28,39-40H,4-7,10-15H2,1-3H3,(H,31,37)(H,32,41)(H,45,46)(H,47,48)(H2,30,33,34)(H2,42,43,44)"
CC(C)CCCC(C)C1CCC2C3=C(CCC21C)C1(C)CCC(=O)CC1CC3,"InChI=1S/C27H44O/c1-18(2)7-6-8-19(3)23-11-12-24-22-10-9-20-17-21(28)13-15-26(20,4)25(22)14-16-27(23,24)5/h18-20,23-24H,6-17H2,1-5H3"
COC1OC(CO)C(OC2OC(CO)C(O)C(OC)C2O)C(OC)C1O,"InChI=1S/C15H28O11/c1-21-12-8(18)6(4-16)24-15(9(12)19)26-11-7(5-17)25-14(23-3)10(20)13(11)22-2/h6-20H,4-5H2,1-3H3"
O=C(O)c1cc(O)c2c(n1)C(O)C(O)C=C2,"InChI=1S/C10H9NO5/c12-6-2-1-4-7(13)3-5(10(15)16)11-8(4)9(6)14/h1-3,6,9,12,14H,(H,11,13)(H,15,16)"
CC1=CC2(C)CCCC23C(C)CCC13C,"InChI=1S/C15H24/c1-11-6-9-14(4)12(2)10-13(3)7-5-8-15(11,13)14/h10-11H,5-9H2,1-4H3"
CC1(C)CC(=O)C2(C)CCC3(C)C(=CCC4C5(C)CCC(OC6OC(C(=O)O)C(O)C(O)C6O)C(C)(CO)C5CCC43C)C2C1,"InChI=1S/C36H56O9/c1-31(2)16-20-19-8-9-22-33(4)12-11-24(44-30-27(41)25(39)26(40)28(45-30)29(42)43)34(5,18-37)21(33)10-13-36(22,7)35(19,6)15-14-32(20,3)23(38)17-31/h8,20-22,24-28,30,37,39-41H,9-18H2,1-7H3,(H,42,43)"
CCC=CCC=CCC(O)CCCCCCCCC(=O)O,"InChI=1S/C18H32O3/c1-2-3-4-5-8-11-14-17(19)15-12-9-6-7-10-13-16-18(20)21/h3-4,8,11,17,19H,2,5-7,9-10,12-16H2,1H3,(H,20,21)"
CSCC1OC(n2cnc3c(O)ncnc32)C(O)C1O,"InChI=1S/C11H14N4O4S/c1-20-2-5-7(16)8(17)11(19-5)15-4-14-6-9(15)12-3-13-10(6)18/h3-5,7-8,11,16-17H,2H2,1H3,(H,12,13,18)"
OC1COC(O)C(O)C1O,"InChI=1S/C5H10O5/c6-2-1-10-5(9)4(8)3(2)7/h2-9H,1H2"
O=c1c(OC2OCC(O)C(O)C2O)c(-c2ccc(O)cc2)oc2cc(O)cc(O)c12,"InChI=1S/C20H18O10/c21-9-3-1-8(2-4-9)18-19(30-20-17(27)15(25)12(24)7-28-20)16(26)14-11(23)5-10(22)6-13(14)29-18/h1-6,12,15,17,20-25,27H,7H2"
CCC1CC2CN3CCc4c([nH]c5ccc(O)cc45)C(C(=O)OC)(C2)C13,"InChI=1S/C21H26N2O3/c1-3-13-8-12-10-21(20(25)26-2)18-15(6-7-23(11-12)19(13)21)16-9-14(24)4-5-17(16)22-18/h4-5,9,12-13,19,22,24H,3,6-8,10-11H2,1-2H3"
CC(=O)NC1C(O)OC(COP(=O)(O)O)C(O)C1OC(C)C(=O)NC(C)C(=O)NC(CCC(=O)O)C(N)=O,"InChI=1S/C19H33N4O14P/c1-7(17(29)23-10(16(20)28)4-5-12(25)26)21-18(30)8(2)36-15-13(22-9(3)24)19(31)37-11(14(15)27)6-35-38(32,33)34/h7-8,10-11,13-15,19,27,31H,4-6H2,1-3H3,(H2,20,28)(H,21,30)(H,22,24)(H,23,29)(H,25,26)(H2,32,33,34)"
CCCCCC=CCC=CCC=CCC=CCCCC(=O)OC(COC(=O)CCCCCCCCCCCCCCCC)COP(=O)(O)OCC[N+](C)(C)C,"InChI=1S/C45H82NO8P/c1-6-8-10-12-14-16-18-20-22-23-24-26-28-30-32-34-36-38-45(48)54-43(42-53-55(49,50)52-40-39-46(3,4)5)41-51-44(47)37-35-33-31-29-27-25-21-19-17-15-13-11-9-7-2/h14,16,20,22,24,26,30,32,43H,6-13,15,17-19,21,23,25,27-29,31,33-42H2,1-5H3/p+1"
CCCC=C(C)C(=O)SCCNC(=O)CCNC(=O)C(O)C(C)(C)COP(=O)(O)OP(=O)(O)OCC1OC(n2cnc3c(N)ncnc32)C(O)C1OP(=O)(O)O,"InChI=1S/C28H46N7O17P3S/c1-5-6-7-16(2)27(40)56-11-10-30-18(36)8-9-31-25(39)22(38)28(3,4)13-49-55(46,47)52-54(44,45)48-12-17-21(51-53(41,42)43)20(37)26(50-17)35-15-34-19-23(29)32-14-33-24(19)35/h7,14-15,17,20-22,26,37-38H,5-6,8-13H2,1-4H3,(H,30,36)(H,31,39)(H,44,45)(H,46,47)(H2,29,32,33)(H2,41,42,43)"
CC(NC(=O)CCC(C)C1CCC2C3C(O)CC4CC(O)CCC4(C)C3CC(O)C12C)C(=O)O,"InChI=1S/C27H45NO6/c1-14(5-8-23(32)28-15(2)25(33)34)18-6-7-19-24-20(13-22(31)27(18,19)4)26(3)10-9-17(29)11-16(26)12-21(24)30/h14-22,24,29-31H,5-13H2,1-4H3,(H,28,32)(H,33,34)"
O=CC=Cc1ccccc1,InChI=1S/C9H8O/c10-8-4-7-9-5-2-1-3-6-9/h1-8H
O=C(O)c1ccccc1C(=O)O,"InChI=1S/C8H6O4/c9-7(10)5-3-1-2-4-6(5)8(11)12/h1-4H,(H,9,10)(H,11,12)"
OC(c1ccccc1)c1ccccc1,"InChI=1S/C13H12O/c14-13(11-7-3-1-4-8-11)12-9-5-2-6-10-12/h1-10,13-14H"
Oc1ccc(Cl)cc1Cl,"InChI=1S/C6H4Cl2O/c7-4-1-2-6(9)5(8)3-4/h1-3,9H"
CC(O)(CCOP(=O)(O)OP(=O)(O)O)CC(=O)O,"InChI=1S/C6H14O10P2/c1-6(9,4-5(7)8)2-3-15-18(13,14)16-17(10,11)12/h9H,2-4H2,1H3,(H,7,8)(H,13,14)(H2,10,11,12)"
O=c1cc(-c2ccc(O)cc2)oc2cc(O)c(C3OC(CO)C(O)C(O)C3O)c(O)c12,"InChI=1S/C21H20O10/c22-7-14-17(26)19(28)20(29)21(31-14)16-11(25)6-13-15(18(16)27)10(24)5-12(30-13)8-1-3-9(23)4-2-8/h1-6,14,17,19-23,25-29H,7H2"
CC(C)=CCCC(C)C1CCC2(C)C3CC=C4C(CCC(O)C4(C)C)C3(C)CCC12C,"InChI=1S/C30H50O/c1-20(2)10-9-11-21(3)22-16-17-30(8)25-14-12-23-24(13-15-26(31)27(23,4)5)28(25,6)18-19-29(22,30)7/h10,12,21-22,24-26,31H,9,11,13-19H2,1-8H3"
CC(=O)OC1CC2C(C)(C)OC(=O)CC(OC(C)=O)C2(C)C2CCC3(C)C(=CCC3C(CO)CC(O)C3OC3(C)C)C12C,"InChI=1S/C34H52O9/c1-18(36)40-26-15-25-30(3,4)42-28(39)16-27(41-19(2)37)34(25,9)24-12-13-32(7)21(10-11-23(32)33(24,26)8)20(17-35)14-22(38)29-31(5,6)43-29/h11,20-22,24-27,29,35,38H,10,12-17H2,1-9H3"
CC=CCC1=C(C)C(OC(=O)C2C(C=C(C)C(=O)OC)C2(C)C)CC1=O,"InChI=1S/C21H28O5/c1-7-8-9-14-13(3)17(11-16(14)22)26-20(24)18-15(21(18,4)5)10-12(2)19(23)25-6/h7-8,10,15,17-18H,9,11H2,1-6H3"
O=P(O)(O)OC1CC(O)C(CO)O1,"InChI=1S/C5H11O7P/c6-2-4-3(7)1-5(11-4)12-13(8,9)10/h3-7H,1-2H2,(H2,8,9,10)"
O=C(O)C(O)C(O)C(O)C(O)CO,"InChI=1S/C6H12O7/c7-1-2(8)3(9)4(10)5(11)6(12)13/h2-5,7-11H,1H2,(H,12,13)"
Nc1cc(C=O)ccc1O,"InChI=1S/C7H7NO2/c8-6-3-5(4-9)1-2-7(6)10/h1-4,10H,8H2"
CCc1cc(C(N)=S=O)ccn1,"InChI=1S/C8H10N2OS/c1-2-7-5-6(3-4-10-7)8(9)12-11/h3-5H,2,9H2,1H3"
CCC1CN2CCc3cc(OC)c(OC)cc3C2CC1CC1NCCc2cc(O)c(O)cc21,"InChI=1S/C27H36N2O4/c1-4-16-15-29-8-6-18-12-26(32-2)27(33-3)14-21(18)23(29)10-19(16)9-22-20-13-25(31)24(30)11-17(20)5-7-28-22/h11-14,16,19,22-23,28,30-31H,4-10,15H2,1-3H3"
CC(C)CCCCCCCCCCCC(=O)SCCNC(=O)CCNC(=O)C(O)C(C)(C)COP(=O)(O)OP(=O)(O)OCC1OC(n2cnc3c(N)ncnc32)C(O)C1OP(=O)(O)O,"InChI=1S/C36H64N7O17P3S/c1-24(2)14-12-10-8-6-5-7-9-11-13-15-27(45)64-19-18-38-26(44)16-17-39-34(48)31(47)36(3,4)21-57-63(54,55)60-62(52,53)56-20-25-30(59-61(49,50)51)29(46)35(58-25)43-23-42-28-32(37)40-22-41-33(28)43/h22-25,29-31,35,46-47H,5-21H2,1-4H3,(H,38,44)(H,39,48)(H,52,53)(H,54,55)(H2,37,40,41)(H2,49,50,51)"
O=S(=O)(O)ON=C(CCCO)SC1OC(CO)C(O)C(O)C1O,"InChI=1S/C10H19NO10S2/c12-3-1-2-6(11-21-23(17,18)19)22-10-9(16)8(15)7(14)5(4-13)20-10/h5,7-10,12-16H,1-4H2,(H,17,18,19)"
COc1cc(O)c2c(=O)c(O)c(-c3cc(O)c(O)c(O)c3)oc2c1,"InChI=1S/C16H12O8/c1-23-7-4-8(17)12-11(5-7)24-16(15(22)14(12)21)6-2-9(18)13(20)10(19)3-6/h2-5,17-20,22H,1H3"
CC1=CCC(C(C)C)=CC2C(C)CCC12,"InChI=1S/C15H24/c1-10(2)13-7-5-11(3)14-8-6-12(4)15(14)9-13/h5,9-10,12,14-15H,6-8H2,1-4H3"
COc1ccn(C)c(=O)c1C(=O)O,"InChI=1S/C8H9NO4/c1-9-4-3-5(13-2)6(7(9)10)8(11)12/h3-4H,1-2H3,(H,11,12)"
CNCCOP(=O)(O)OP(=O)(O)OCC1OC(n2ccc(N)nc2=O)C(O)C1O,"InChI=1S/C12H22N4O11P2/c1-14-3-5-24-28(20,21)27-29(22,23)25-6-7-9(17)10(18)11(26-7)16-4-2-8(13)15-12(16)19/h2,4,7,9-11,14,17-18H,3,5-6H2,1H3,(H,20,21)(H,22,23)(H2,13,15,19)"
O=C(O)C1CSSC1,"InChI=1S/C4H6O2S2/c5-4(6)3-1-7-8-2-3/h3H,1-2H2,(H,5,6)"
CCC=CCC=CCC(C=CCCCCCCC(=O)O)OO,"InChI=1S/C18H30O4/c1-2-3-4-5-8-11-14-17(22-21)15-12-9-6-7-10-13-16-18(19)20/h3-4,8,11-12,15,17,21H,2,5-7,9-10,13-14,16H2,1H3,(H,19,20)"
CC(=O)O,"InChI=1S/C2H4O2/c1-2(3)4/h1H3,(H,3,4)"
CC(C)CCCC(C)C1CCC2C3CC4OC45CC(O)CCC5(C)C3CCC12C,"InChI=1S/C27H46O2/c1-17(2)7-6-8-18(3)21-9-10-22-20-15-24-27(29-24)16-19(28)11-14-26(27,5)23(20)12-13-25(21,22)4/h17-24,28H,6-16H2,1-5H3"
NC(=O)NC(=O)NC(=O)O,"InChI=1S/C3H5N3O4/c4-1(7)5-2(8)6-3(9)10/h(H,9,10)(H4,4,5,6,7,8)"
C=CC1(C)CCC2C(C)(CCC3C(C)(C)CCCC32C)O1,"InChI=1S/C20H34O/c1-7-18(4)13-9-16-19(5)12-8-11-17(2,3)15(19)10-14-20(16,6)21-18/h7,15-16H,1,8-14H2,2-6H3"
CC(N)C(=O)NC(CC1CCC(=O)C2OC12)C(=O)O,"InChI=1S/C12H18N2O5/c1-5(13)11(16)14-7(12(17)18)4-6-2-3-8(15)10-9(6)19-10/h5-7,9-10H,2-4,13H2,1H3,(H,14,16)(H,17,18)"
CCC(C)C(NC(C)=O)C(=O)O,"InChI=1S/C8H15NO3/c1-4-5(2)7(8(11)12)9-6(3)10/h5,7H,4H2,1-3H3,(H,9,10)(H,11,12)"
CC(C)=CCCC(C)=CCCC(C)=CCCC(C)=CCOCC(COP(=O)(O)OCCN)OCC=C(C)CCC=C(C)CCC=C(C)CCC=C(C)C,"InChI=1S/C45H78NO6P/c1-37(2)17-11-19-39(5)21-13-23-41(7)25-15-27-43(9)29-32-49-35-45(36-52-53(47,48)51-34-31-46)50-33-30-44(10)28-16-26-42(8)24-14-22-40(6)20-12-18-38(3)4/h17-18,21-22,25-26,29-30,45H,11-16,19-20,23-24,27-28,31-36,46H2,1-10H3,(H,47,48)"
CCCCCC=CC=CC(=O)SCCNC(=O)CCNC(=O)C(O)C(C)(C)COP(=O)(O)OP(=O)(O)OCC1OC(n2cnc3c(N)ncnc32)C(O)C1OP(=O)(O)O,"InChI=1S/C31H50N7O17P3S/c1-4-5-6-7-8-9-10-11-22(40)59-15-14-33-21(39)12-13-34-29(43)26(42)31(2,3)17-52-58(49,50)55-57(47,48)51-16-20-25(54-56(44,45)46)24(41)30(53-20)38-19-37-23-27(32)35-18-36-28(23)38/h8-11,18-20,24-26,30,41-42H,4-7,12-17H2,1-3H3,(H,33,39)(H,34,43)(H,47,48)(H,49,50)(H2,32,35,36)(H2,44,45,46)"
C=C1CC23CC1CCC2C1(C=O)CCCC(C)(C(=O)O)C1C3C(=O)O,"InChI=1S/C20H26O5/c1-11-8-20-9-12(11)4-5-13(20)19(10-21)7-3-6-18(2,17(24)25)15(19)14(20)16(22)23/h10,12-15H,1,3-9H2,2H3,(H,22,23)(H,24,25)"
CC(C)c1cc2c(c(O)c1O)C1(C)CCCC(C)(C)C1CC2=O,"InChI=1S/C20H28O3/c1-11(2)12-9-13-14(21)10-15-19(3,4)7-6-8-20(15,5)16(13)18(23)17(12)22/h9,11,15,22-23H,6-8,10H2,1-5H3"
OC1COC(OC2COC(O)C(O)C2O)C(O)C1O,"InChI=1S/C10H18O9/c11-3-1-18-10(8(15)5(3)12)19-4-2-17-9(16)7(14)6(4)13/h3-16H,1-2H2"
CCCCCCCCCCCCCCCC(=O)OCCCCCCCCCCCCCC,"InChI=1S/C30H60O2/c1-3-5-7-9-11-13-15-17-18-20-22-24-26-28-30(31)32-29-27-25-23-21-19-16-14-12-10-8-6-4-2/h3-29H2,1-2H3"
C=CCCCCCCC1CO1,"InChI=1S/C10H18O/c1-2-3-4-5-6-7-8-10-9-11-10/h2,10H,1,3-9H2"
CCCCCC(O)C=CC1C(O)CC(=O)C1CC=CCCCC(=O)O,"InChI=1S/C20H32O5/c1-2-3-6-9-15(21)12-13-17-16(18(22)14-19(17)23)10-7-4-5-8-11-20(24)25/h4,7,12-13,15-17,19,21,23H,2-3,5-6,8-11,14H2,1H3,(H,24,25)"
CNC1C(O)C(NC)C(OP(=O)(O)OCC2OC(n3cnc4c(N)ncnc43)C(O)C2O)C2OC3OC(C)CC(=O)C3(O)OC12,"InChI=1S/C24H36N7O13P/c1-8-4-10(32)24(36)23(40-8)42-19-17(43-24)11(26-2)15(34)12(27-3)18(19)44-45(37,38)39-5-9-14(33)16(35)22(41-9)31-7-30-13-20(25)28-6-29-21(13)31/h6-9,11-12,14-19,22-23,26-27,33-36H,4-5H2,1-3H3,(H,37,38)(H2,25,28,29)"
CC(C)=CCCC(C)C1CCC2C3=CC=C4CC(O)CCC4(C)C3CCC21C,"InChI=1S/C27H42O/c1-18(2)7-6-8-19(3)23-11-12-24-22-10-9-20-17-21(28)13-15-26(20,4)25(22)14-16-27(23,24)5/h7,9-10,19,21,23-25,28H,6,8,11-17H2,1-5H3"
COc1c(O)ccc2ccc(=O)oc12,"InChI=1S/C10H8O4/c1-13-10-7(11)4-2-6-3-5-8(12)14-9(6)10/h2-5,11H,1H3"
CC(C)=CCc1cc2c(cc1O)[nH]c1c(C)nccc12,"InChI=1S/C17H18N2O/c1-10(2)4-5-12-8-14-13-6-7-18-11(3)17(13)19-15(14)9-16(12)20/h4,6-9,19-20H,5H2,1-3H3"
CC(C)C(C)C(O)C(O)C(C)C1CCC2C3CC(=O)C4CC(O)CCC4(C)C3CCC12C,"InChI=1S/C28H48O4/c1-15(2)16(3)25(31)26(32)17(4)20-7-8-21-19-14-24(30)23-13-18(29)9-11-28(23,6)22(19)10-12-27(20,21)5/h15-23,25-26,29,31-32H,7-14H2,1-6H3"
CC(N)C(=O)NC(CCC(=O)NC(CCCC(N)C(=O)O)C(=O)NC(C)C(=O)O)C(=O)O,"InChI=1S/C18H31N5O9/c1-8(19)14(25)23-12(18(31)32)6-7-13(24)22-11(5-3-4-10(20)17(29)30)15(26)21-9(2)16(27)28/h8-12H,3-7,19-20H2,1-2H3,(H,21,26)(H,22,24)(H,23,25)(H,27,28)(H,29,30)(H,31,32)"
CC1=CCC2C(C1)C2(C)C,"InChI=1S/C10H16/c1-7-4-5-8-9(6-7)10(8,2)3/h4,8-9H,5-6H2,1-3H3"
NC(COP(=O)(O)O)C(=O)O,"InChI=1S/C3H8NO6P/c4-2(3(5)6)1-10-11(7,8)9/h2H,1,4H2,(H,5,6)(H2,7,8,9)"
NC(CCC=O)C(=O)O,"InChI=1S/C5H9NO3/c6-4(5(8)9)2-1-3-7/h3-4H,1-2,6H2,(H,8,9)"
Nc1nc2c(c(=O)[nH]1)N=C(COP(=O)(O)OP(=O)(O)O)CN2,"InChI=1S/C7H11N5O8P2/c8-7-11-5-4(6(13)12-7)10-3(1-9-5)2-19-22(17,18)20-21(14,15)16/h1-2H2,(H,17,18)(H2,14,15,16)(H4,8,9,11,12,13)"
CC(CCC(=O)SCCNC(=O)CCNC(=O)C(O)C(C)(C)COP(=O)(O)OP(=O)(O)OCC1OC(n2cnc3c(N)ncnc32)C(O)C1OP(=O)(O)O)C(=O)CCC(=O)O,"InChI=1S/C30H48N7O20P3S/c1-16(17(38)5-6-20(40)41)4-7-21(42)61-11-10-32-19(39)8-9-33-28(45)25(44)30(2,3)13-54-60(51,52)57-59(49,50)53-12-18-24(56-58(46,47)48)23(43)29(55-18)37-15-36-22-26(31)34-14-35-27(22)37/h14-16,18,23-25,29,43-44H,4-13H2,1-3H3,(H,32,39)(H,33,45)(H,40,41)(H,49,50)(H,51,52)(H2,31,34,35)(H2,46,47,48)"
CN(C)C1C(O)=C(C(N)=O)C(=O)C2(O)C(O)=C3C(=O)c4c(O)cccc4C(C)(O)C3CC12,"InChI=1S/C22H24N2O8/c1-21(31)8-5-4-6-11(25)12(8)16(26)13-9(21)7-10-15(24(2)3)17(27)14(20(23)30)19(29)22(10,32)18(13)28/h4-6,9-10,15,25,27-28,31-32H,7H2,1-3H3,(H2,23,30)"
CC(C)=CCCC(C)=CCCC(C)=CCCC(C)=CCCC(C)=CCCC(C)=CCCC(C)=CCCC(C)=CCCC(C)=CCc1ccccc1O,"InChI=1S/C51H78O/c1-41(2)21-13-22-42(3)23-14-24-43(4)25-15-26-44(5)27-16-28-45(6)29-17-30-46(7)31-18-32-47(8)33-19-34-48(9)35-20-36-49(10)39-40-50-37-11-12-38-51(50)52/h11-12,21,23,25,27,29,31,33,35,37-39,52H,13-20,22,24,26,28,30,32,34,36,40H2,1-10H3"
CC(=O)OP(=O)(O)O,"InChI=1S/C2H5O5P/c1-2(3)7-8(4,5)6/h1H3,(H2,4,5,6)"
O=C(O)C1OC(OC2C(Oc3cc(O)c4c(=O)cc(-c5ccc(O)c(O)c5)oc4c3)OC(C(=O)O)C(O)C2O)C(O)C(O)C1O,"InChI=1S/C27H26O18/c28-9-2-1-7(3-10(9)29)13-6-12(31)15-11(30)4-8(5-14(15)42-13)41-27-23(19(35)18(34)22(44-27)25(39)40)45-26-20(36)16(32)17(33)21(43-26)24(37)38/h1-6,16-23,26-30,32-36H,(H,37,38)(H,39,40)"
OCC=Cc1ccc(O)cc1,"InChI=1S/C9H10O2/c10-7-1-2-8-3-5-9(11)6-4-8/h1-6,10-11H,7H2"
NC(CCC(=O)NCCc1c[nH]cn1)C(=O)O,"InChI=1S/C10H16N4O3/c11-8(10(16)17)1-2-9(15)13-4-3-7-5-12-6-14-7/h5-6,8H,1-4,11H2,(H,12,14)(H,13,15)(H,16,17)"
CC(=CCO)CCCC(C)CCCC(C)CCCC(C)C,"InChI=1S/C20H40O/c1-17(2)9-6-10-18(3)11-7-12-19(4)13-8-14-20(5)15-16-21/h15,17-19,21H,6-14,16H2,1-5H3"
CC=CC1C=CC2CC(C)CCC2C1(C)C(O)=C1C(=O)NC(CO)C1=O,"InChI=1S/C21H29NO4/c1-4-5-14-8-7-13-10-12(2)6-9-15(13)21(14,3)19(25)17-18(24)16(11-23)22-20(17)26/h4-5,7-8,12-16,23,25H,6,9-11H2,1-3H3,(H,22,26)"
CCCCCC=CCC=CCCCCCCCC(=O)OC(COC(=O)CCCCCCCCCCCCCCC)COP(=O)(O)OCCNC(=O)CCC,"InChI=1S/C43H80NO9P/c1-4-7-9-11-13-15-17-19-20-22-24-26-28-30-32-35-43(47)53-40(39-52-54(48,49)51-37-36-44-41(45)33-6-3)38-50-42(46)34-31-29-27-25-23-21-18-16-14-12-10-8-5-2/h13,15,19-20,40H,4-12,14,16-18,21-39H2,1-3H3,(H,44,45)(H,48,49)"
CCCCCCCCC(=O)SCCNC(=O)CCNC(=O)C(O)C(C)(C)COP(=O)(O)OP(=O)(O)OCC1OC(n2cnc3c(N)ncnc32)C(O)C1OP(=O)(O)O,"InChI=1S/C30H52N7O17P3S/c1-4-5-6-7-8-9-10-21(39)58-14-13-32-20(38)11-12-33-28(42)25(41)30(2,3)16-51-57(48,49)54-56(46,47)50-15-19-24(53-55(43,44)45)23(40)29(52-19)37-18-36-22-26(31)34-17-35-27(22)37/h17-19,23-25,29,40-41H,4-16H2,1-3H3,(H,32,38)(H,33,42)(H,46,47)(H,48,49)(H2,31,34,35)(H2,43,44,45)"
CCCCCCC=CCCCCCCCC(=O)O,"InChI=1S/C16H30O2/c1-2-3-4-5-6-7-8-9-10-11-12-13-14-15-16(17)18/h7-8H,2-6,9-15H2,1H3,(H,17,18)"
CC(=O)C(C)(C)C,"InChI=1S/C6H12O/c1-5(7)6(2,3)4/h1-4H3"
CC(=CCOP(=O)(O)OP(=O)(O)O)CCC1(O)C(C)CCC2C(C)(C)CCCC21C,"InChI=1S/C20H38O8P2/c1-15(10-14-27-30(25,26)28-29(22,23)24)9-13-20(21)16(2)7-8-17-18(3,4)11-6-12-19(17,20)5/h10,16-17,21H,6-9,11-14H2,1-5H3,(H,25,26)(H2,22,23,24)"
CCOC(=O)C(=O)C(C)C(=O)OCC,"InChI=1S/C9H14O5/c1-4-13-8(11)6(3)7(10)9(12)14-5-2/h6H,4-5H2,1-3H3"
CCCCCC=CCC=CC=CC(O)CC=CCCCC(=O)O,"InChI=1S/C20H32O3/c1-2-3-4-5-6-7-8-9-10-13-16-19(21)17-14-11-12-15-18-20(22)23/h6-7,9-11,13-14,16,19,21H,2-5,8,12,15,17-18H2,1H3,(H,22,23)"
Cc1ccc(C=O)cc1C,"InChI=1S/C9H10O/c1-7-3-4-9(6-10)5-8(7)2/h3-6H,1-2H3"
Cc1c(C)c2c(c(C)c1O)CCC(C)(CCCC(C)CCCC(C)CCCC(C)CO)O2,"InChI=1S/C29H50O3/c1-20(13-9-14-22(3)19-30)11-8-12-21(2)15-10-17-29(7)18-16-26-25(6)27(31)23(4)24(5)28(26)32-29/h20-22,30-31H,8-19H2,1-7H3"
O=C(O)C(O)C(O)(CO)CO,"InChI=1S/C5H10O6/c6-1-5(11,2-7)3(8)4(9)10/h3,6-8,11H,1-2H2,(H,9,10)"
CC(O)P(=O)(O)O,"InChI=1S/C2H7O4P/c1-2(3)7(4,5)6/h2-3H,1H3,(H2,4,5,6)"
C=CC1=C(C)C(=Cc2[nH]c(Cc3[nH]c(C=C4NC(=O)C(C)=C4C=C)c(C)c3CCC(=O)OC3OC(C(=O)O)C(O)C(O)C3O)c(CCC(=O)O)c2C)NC1=O,"InChI=1S/C39H44N4O12/c1-7-20-19(6)36(50)43-27(20)14-25-18(5)23(10-12-31(46)54-39-34(49)32(47)33(48)35(55-39)38(52)53)29(41-25)15-28-22(9-11-30(44)45)17(4)24(40-28)13-26-16(3)21(8-2)37(51)42-26/h7-8,13-14,32-35,39-41,47-49H,1-2,9-12,15H2,3-6H3,(H,42,51)(H,43,50)(H,44,45)(H,52,53)"
O=C(O)Cc1ccc(O)c(O)c1,"InChI=1S/C8H8O4/c9-6-2-1-5(3-7(6)10)4-8(11)12/h1-3,9-10H,4H2,(H,11,12)"
O=c1cc(O)cc2oc(-c3ccc(O)cc3)c(OC3OC(CO)C(O)C(O)C3O)cc1-2,"InChI=1S/C21H20O10/c22-8-16-17(26)18(27)19(28)21(31-16)30-15-7-12-13(25)5-11(24)6-14(12)29-20(15)9-1-3-10(23)4-2-9/h1-7,16-19,21-24,26-28H,8H2"
CC1CC2c3cccc4[nH]cc(c34)CC2N(C)C1,"InChI=1S/C16H20N2/c1-10-6-13-12-4-3-5-14-16(12)11(8-17-14)7-15(13)18(2)9-10/h3-5,8,10,13,15,17H,6-7,9H2,1-2H3"
CCCCCC1OC1CC(O)C=CCCCCCCC(=O)O,"InChI=1S/C18H32O4/c1-2-3-8-12-16-17(22-16)14-15(19)11-9-6-4-5-7-10-13-18(20)21/h9,11,15-17,19H,2-8,10,12-14H2,1H3,(H,20,21)"
CCCCCC=CCC=CC=CC=CC(O)C(O)CCCC(=O)O,"InChI=1S/C20H32O4/c1-2-3-4-5-6-7-8-9-10-11-12-13-15-18(21)19(22)16-14-17-20(23)24/h6-7,9-13,15,18-19,21-22H,2-5,8,14,16-17H2,1H3,(H,23,24)"
O=C1CC(O)Cc2c1c(O)c1c(O)c3c(cc1c2O)OC1OC=CC31,"InChI=1S/C18H14O7/c19-6-3-8-12(10(20)4-6)16(22)14-9(15(8)21)5-11-13(17(14)23)7-1-2-24-18(7)25-11/h1-2,5-7,18-19,21-23H,3-4H2"
CCCCCCCCC=CCCCC(=O)OC(CC(=O)O)C[N+](C)(C)C,"InChI=1S/C21H39NO4/c1-5-6-7-8-9-10-11-12-13-14-15-16-21(25)26-19(17-20(23)24)18-22(2,3)4/h12-13,19H,5-11,14-18H2,1-4H3/p+1"
CCCCCCCCC=CCCCCCCCCOCC(O)COC(=O)CCCCCCCC=CCCCCCCCC,"InChI=1S/C39H74O4/c1-3-5-7-9-11-13-15-17-19-21-23-25-27-29-31-33-35-42-36-38(40)37-43-39(41)34-32-30-28-26-24-22-20-18-16-14-12-10-8-6-4-2/h17-20,38,40H,3-16,21-37H2,1-2H3"
NC(CSC(CC(=O)O)C(=O)O)C(=O)O,"InChI=1S/C7H11NO6S/c8-3(6(11)12)2-15-4(7(13)14)1-5(9)10/h3-4H,1-2,8H2,(H,9,10)(H,11,12)(H,13,14)"
C=C(C)C(C)CCC(C)=CCCC(C)=CCCC=C(C)CCC=C(C)CCC=C(C)C,"InChI=1S/C31H52/c1-25(2)15-12-18-29(7)21-13-19-27(5)16-10-11-17-28(6)20-14-22-30(8)23-24-31(9)26(3)4/h15-17,21-22,31H,3,10-14,18-20,23-24H2,1-2,4-9H3"
CC1(CC(=O)O)c2cc3[nH]c(cc4nc(cc5[nH]c(cc(n2)C1CCC(=O)O)C(C)(CC(=O)O)C5CCC(=O)O)C(CC(=O)O)=C4CCC(=O)O)c(CCC(=O)O)c3CC(=O)O,"InChI=1S/C42H46N4O16/c1-41(17-39(59)60)23(5-9-35(51)52)29-14-27-21(11-37(55)56)19(3-7-33(47)48)25(43-27)13-26-20(4-8-34(49)50)22(12-38(57)58)28(44-26)15-31-42(2,18-40(61)62)24(6-10-36(53)54)30(46-31)16-32(41)45-29/h13-16,23-24,44-45H,3-12,17-18H2,1-2H3,(H,47,48)(H,49,50)(H,51,52)(H,53,54)(H,55,56)(H,57,58)(H,59,60)(H,61,62)"
CN(CC(=O)O)C(=N)NP(=O)(O)O,"InChI=1S/C4H10N3O5P/c1-7(2-3(8)9)4(5)6-13(10,11)12/h2H2,1H3,(H,8,9)(H4,5,6,10,11,12)"
NC(=O)OP(=O)(O)O,"InChI=1S/CH4NO5P/c2-1(3)7-8(4,5)6/h(H2,2,3)(H2,4,5,6)"
Nc1nc2c([nH]c(=O)n2C2OC(COP(=O)(O)OP(=O)(O)O)C(O)C2O)c(=O)[nH]1,"InChI=1S/C10H15N5O12P2/c11-9-13-6-3(7(18)14-9)12-10(19)15(6)8-5(17)4(16)2(26-8)1-25-29(23,24)27-28(20,21)22/h2,4-5,8,16-17H,1H2,(H,12,19)(H,23,24)(H2,20,21,22)(H3,11,13,14,18)"
O=C(COP(=O)(O)O)C(O)C(O)C(O)C(O)COP(=O)(O)O,"InChI=1S/C7H16O13P2/c8-3(1-19-21(13,14)15)5(10)7(12)6(11)4(9)2-20-22(16,17)18/h3,5-8,10-12H,1-2H2,(H2,13,14,15)(H2,16,17,18)"
COc1cc2c(c3c1-c1cc(OC)c4cc5c(cc4c1N(C)C3)OCO5)OCO2,"InChI=1S/C22H19NO6/c1-23-8-14-20(18(25-3)7-19-22(14)29-10-28-19)13-6-15(24-2)11-4-16-17(27-9-26-16)5-12(11)21(13)23/h4-7H,8-10H2,1-3H3"
Nc1nc(=O)[nH]c2nc[nH]c12,"InChI=1S/C5H5N5O/c6-3-2-4(8-1-7-2)10-5(11)9-3/h1H,(H4,6,7,8,9,10,11)"
CCCCCCC,"InChI=1S/C7H16/c1-3-5-7-6-4-2/h3-7H2,1-2H3"
O=CNCc1ccccc1,"InChI=1S/C8H9NO/c10-7-9-6-8-4-2-1-3-5-8/h1-5,7H,6H2,(H,9,10)"
CCCCCCCCCCCCCCCC(=O)OCC(COP(=O)(O)OC1C(O)C(O)C(O)C(OP(=O)(O)O)C1O)OC(=O)CCCCCCCCCCCCCCC,"InChI=1S/C41H80O16P2/c1-3-5-7-9-11-13-15-17-19-21-23-25-27-29-34(42)53-31-33(55-35(43)30-28-26-24-22-20-18-16-14-12-10-8-6-4-2)32-54-59(51,52)57-41-38(46)36(44)37(45)40(39(41)47)56-58(48,49)50/h33,36-41,44-47H,3-32H2,1-2H3,(H,51,52)(H2,48,49,50)"
CCCCCCCCCc1cc(OC(=O)c2c(O)cc(O)cc2CCCCCCCCC)cc(O)c1C(=O)O,"InChI=1S/C32H46O7/c1-3-5-7-9-11-13-15-17-23-19-25(33)21-27(34)30(23)32(38)39-26-20-24(29(31(36)37)28(35)22-26)18-16-14-12-10-8-6-4-2/h19-22,33-35H,3-18H2,1-2H3,(H,36,37)"
CCCCCC(=O)c1c(O)c(Cl)c(O)c(Cl)c1O,"InChI=1S/C12H14Cl2O4/c1-2-3-4-5-6(15)7-10(16)8(13)12(18)9(14)11(7)17/h16-18H,2-5H2,1H3"
O=C(O)C=Cc1ccccc1OC1OC(CO)C(O)C(O)C1O,"InChI=1S/C15H18O8/c16-7-10-12(19)13(20)14(21)15(23-10)22-9-4-2-1-3-8(9)5-6-11(17)18/h1-6,10,12-16,19-21H,7H2,(H,17,18)"
CC(C)=CCCC(C)(O)C1CCC2(C)C1C(O)CC1C3(C)CCC(OC4OC(CO)C(O)C(O)C4O)C(C)(C)C3CCC12C,"InChI=1S/C36H62O8/c1-20(2)10-9-14-36(8,42)21-11-16-35(7)27(21)22(38)18-25-33(5)15-13-26(32(3,4)24(33)12-17-34(25,35)6)44-31-30(41)29(40)28(39)23(19-37)43-31/h10,21-31,37-42H,9,11-19H2,1-8H3"
CCCCCCCCCCCCCCC(C)C(=O)O,"InChI=1S/C17H34O2/c1-3-4-5-6-7-8-9-10-11-12-13-14-15-16(2)17(18)19/h16H,3-15H2,1-2H3,(H,18,19)"
NC(=O)NC(=O)CC(=O)O,"InChI=1S/C4H6N2O4/c5-4(10)6-2(7)1-3(8)9/h1H2,(H,8,9)(H3,5,6,7,10)"
CCCCCCCCO,"InChI=1S/C8H18O/c1-2-3-4-5-6-7-8-9/h9H,2-8H2,1H3"
CC(C)CCCC(C)C1CCC2C3CC=C4CC(OC5OC(CO)C(O)C(O)C5O)CCC4(C)C3CCC12C,"InChI=1S/C33H56O6/c1-19(2)7-6-8-20(3)24-11-12-25-23-10-9-21-17-22(13-15-32(21,4)26(23)14-16-33(24,25)5)38-31-30(37)29(36)28(35)27(18-34)39-31/h9,19-20,22-31,34-37H,6-8,10-18H2,1-5H3"
O=C1c2c(O)cc(O)cc2OC(c2ccc(O)cc2)C1O,"InChI=1S/C15H12O6/c16-8-3-1-7(2-4-8)15-14(20)13(19)12-10(18)5-9(17)6-11(12)21-15/h1-6,14-18,20H"
CCCCCCCCC=CCCCCCCCC(=O)OCC(CO)OC(=O)CCCCCCCCCCCCCCC,"InChI=1S/C37H70O5/c1-3-5-7-9-11-13-15-17-18-20-21-23-25-27-29-31-36(39)41-34-35(33-38)42-37(40)32-30-28-26-24-22-19-16-14-12-10-8-6-4-2/h17-18,35,38H,3-16,19-34H2,1-2H3"
CCCCC=CC(=O)O,"InChI=1S/C7H12O2/c1-2-3-4-5-6-7(8)9/h5-6H,2-4H2,1H3,(H,8,9)"
CC12CCC(O)C(C(=O)SCCNC(=O)CCNC(=O)C(O)C(C)(C)COP(=O)(O)OP(=O)(O)OCC3OC(n4cnc5c(N)ncnc54)C(O)C3OP(=O)(O)O)=C1CCC2=O,"InChI=1S/C32H48N7O19P3S/c1-31(2,25(44)28(45)35-9-7-20(42)34-10-11-62-30(46)21-16-4-5-19(41)32(16,3)8-6-17(21)40)13-55-61(52,53)58-60(50,51)54-12-18-24(57-59(47,48)49)23(43)29(56-18)39-15-38-22-26(33)36-14-37-27(22)39/h14-15,17-18,23-25,29,40,43-44H,4-13H2,1-3H3,(H,34,42)(H,35,45)(H,50,51)(H,52,53)(H2,33,36,37)(H2,47,48,49)"
CCCCCC=CC(O)C=CCC=CCC=CCCCC(=O)O,"InChI=1S/C20H32O3/c1-2-3-4-10-13-16-19(21)17-14-11-8-6-5-7-9-12-15-18-20(22)23/h6-9,13-14,16-17,19,21H,2-5,10-12,15,18H2,1H3,(H,22,23)"
COc1ccc(-c2coc3cc(OC4OC(CO)C(O)C(O)C4O)ccc3c2=O)cc1,"InChI=1S/C22H22O9/c1-28-12-4-2-11(3-5-12)15-10-29-16-8-13(6-7-14(16)18(15)24)30-22-21(27)20(26)19(25)17(9-23)31-22/h2-8,10,17,19-23,25-27H,9H2,1H3"
CC(=O)OC1CC2C3=C(C(C)C)CCC3(C)CCC2(C)C(OC2OCC(O)C(O)C2O)C=C1CO,"InChI=1S/C27H42O8/c1-14(2)17-6-7-26(4)8-9-27(5)18(22(17)26)11-20(34-15(3)29)16(12-28)10-21(27)35-25-24(32)23(31)19(30)13-33-25/h10,14,18-21,23-25,28,30-32H,6-9,11-13H2,1-5H3"
CC(C)(COP(=O)(O)OP(=O)(O)OCC1OC(n2cnc3c(N)ncnc32)C(O)C1OP(=O)(O)O)C(O)C(=O)NCCC(=O)NCCSC(=O)CCC1C(=O)CCC2(C)C(=O)CCC12,"InChI=1S/C34H52N7O19P3S/c1-33(2,28(47)31(48)37-11-9-23(44)36-12-13-64-24(45)7-4-18-19-5-6-22(43)34(19,3)10-8-20(18)42)15-57-63(54,55)60-62(52,53)56-14-21-27(59-61(49,50)51)26(46)32(58-21)41-17-40-25-29(35)38-16-39-30(25)41/h16-19,21,26-28,32,46-47H,4-15H2,1-3H3,(H,36,44)(H,37,48)(H,52,53)(H,54,55)(H2,35,38,39)(H2,49,50,51)"
CCCCCCCCCCCCCCCCCC(=O)NC(CO)C(O)C(O)CCCCCCCCCCCCCC,"InChI=1S/C36H73NO4/c1-3-5-7-9-11-13-15-17-18-19-21-23-25-27-29-31-35(40)37-33(32-38)36(41)34(39)30-28-26-24-22-20-16-14-12-10-8-6-4-2/h33-34,36,38-39,41H,3-32H2,1-2H3,(H,37,40)"
CCCCCCCCCCCCCC(=O)OCC(COC(=O)CCCCCCCCCCCCC)OC(=O)CCCCCCCCCCCCC,"InChI=1S/C45H86O6/c1-4-7-10-13-16-19-22-25-28-31-34-37-43(46)49-40-42(51-45(48)39-36-33-30-27-24-21-18-15-12-9-6-3)41-50-44(47)38-35-32-29-26-23-20-17-14-11-8-5-2/h42H,4-41H2,1-3H3"
O=S(=O)(O)c1cccc(O)c1O,"InChI=1S/C6H6O5S/c7-4-2-1-3-5(6(4)8)12(9,10)11/h1-3,7-8H,(H,9,10,11)"
CCCC(C)(O)C#N,"InChI=1S/C6H11NO/c1-3-4-6(2,8)5-7/h8H,3-4H2,1-2H3"
CC(C)(COP(=O)(O)OP(=O)(O)OCC1OC(n2cnc3c(N)ncnc32)C(O)C1OP(=O)(O)O)C(O)C(=O)NCCC(=O)NCCSC(=O)C=Cc1ccc(O)c(O)c1,"InChI=1S/C30H42N7O19P3S/c1-30(2,25(43)28(44)33-8-7-20(40)32-9-10-60-21(41)6-4-16-3-5-17(38)18(39)11-16)13-53-59(50,51)56-58(48,49)52-12-19-24(55-57(45,46)47)23(42)29(54-19)37-15-36-22-26(31)34-14-35-27(22)37/h3-6,11,14-15,19,23-25,29,38-39,42-43H,7-10,12-13H2,1-2H3,(H,32,40)(H,33,44)(H,48,49)(H,50,51)(H2,31,34,35)(H2,45,46,47)"
C=CC1=CCC2C(CCC3C(C)(C)CC(=O)CC23C)C1C,"InChI=1S/C20H30O/c1-6-14-7-9-17-16(13(14)2)8-10-18-19(3,4)11-15(21)12-20(17,18)5/h6-7,13,16-18H,1,8-12H2,2-5H3"
CCCCCCCCC=CCCCCCCCC(=O)NC(CCCCN)C(=O)O,"InChI=1S/C24H46N2O3/c1-2-3-4-5-6-7-8-9-10-11-12-13-14-15-16-20-23(27)26-22(24(28)29)19-17-18-21-25/h9-10,22H,2-8,11-21,25H2,1H3,(H,26,27)(H,28,29)"
CCC(C)N,"InChI=1S/C4H11N/c1-3-4(2)5/h4H,3,5H2,1-2H3"
C=C1C(=O)OC2C1CCC(C)=CCC(O)C1(C)OC21,"InChI=1S/C15H20O4/c1-8-4-6-10-9(2)14(17)18-12(10)13-15(3,19-13)11(16)7-5-8/h5,10-13,16H,2,4,6-7H2,1,3H3"
CC(C(=O)C(=O)O)c1ccccc1,"InChI=1S/C10H10O3/c1-7(9(11)10(12)13)8-5-3-2-4-6-8/h2-7H,1H3,(H,12,13)"
CS(=O)(=O)CCC(N)C(=O)O,"InChI=1S/C5H11NO4S/c1-11(9,10)3-2-4(6)5(7)8/h4H,2-3,6H2,1H3,(H,7,8)"
C[N+](C)(C)CC(O)P(=O)(O)O,"InChI=1S/C5H14NO4P/c1-6(2,3)4-5(7)11(8,9)10/h5,7H,4H2,1-3H3,(H-,8,9,10)/p+1"
OCC(O)CO,"InChI=1S/C3H8O3/c4-1-3(6)2-5/h3-6H,1-2H2"
COC1C(O)C(O)C(O)C(O)C1O,"InChI=1S/C7H14O6/c1-13-7-5(11)3(9)2(8)4(10)6(7)12/h2-12H,1H3"
CC1NCCc2cc(O)c(O)cc21,"InChI=1S/C10H13NO2/c1-6-8-5-10(13)9(12)4-7(8)2-3-11-6/h4-6,11-13H,2-3H2,1H3"
CCCCCCCCCC=CC=CC(O)CCCC(=O)O,"InChI=1S/C18H32O3/c1-2-3-4-5-6-7-8-9-10-11-12-14-17(19)15-13-16-18(20)21/h10-12,14,17,19H,2-9,13,15-16H2,1H3,(H,20,21)"
CC(C)=CCCC(C)(OC1OC(CO)C(O)C(O)C1O)C1CCC2(C)C1C(O)CC1C3(C)CCC(O)C(C)(C)C3C(OC3OC(CO)C(O)C(O)C3O)CC12C,"InChI=1S/C42H72O14/c1-20(2)10-9-13-42(8,56-37-34(52)32(50)30(48)25(19-44)55-37)21-11-15-40(6)28(21)22(45)16-26-39(5)14-12-27(46)38(3,4)35(39)23(17-41(26,40)7)53-36-33(51)31(49)29(47)24(18-43)54-36/h10,21-37,43-52H,9,11-19H2,1-8H3"
COc1ccc(C(=O)O)c(O)c1,"InChI=1S/C8H8O4/c1-12-5-2-3-6(8(10)11)7(9)4-5/h2-4,9H,1H3,(H,10,11)"
CC(=O)OCCC(C)C,"InChI=1S/C7H14O2/c1-6(2)4-5-9-7(3)8/h6H,4-5H2,1-3H3"
C=C(C)C#Cc1cc(O)cc(CC=C(C)C)c1O,"InChI=1S/C16H18O2/c1-11(2)5-7-13-9-15(17)10-14(16(13)18)8-6-12(3)4/h6,9-10,17-18H,1,8H2,2-4H3"
CCCCCCCCCCCCCC(=O)OCC=C(C)CCCC(C)CCCC(C)CCCC(C)C,"InChI=1S/C34H66O2/c1-7-8-9-10-11-12-13-14-15-16-17-27-34(35)36-29-28-33(6)26-20-25-32(5)24-19-23-31(4)22-18-21-30(2)3/h28,30-32H,7-27,29H2,1-6H3"
COc1cc(COC(=O)CCCCC=CC(C)C)ccc1O,"InChI=1S/C18H26O4/c1-14(2)8-6-4-5-7-9-18(20)22-13-15-10-11-16(19)17(12-15)21-3/h6,8,10-12,14,19H,4-5,7,9,13H2,1-3H3"
O=c1cc(-c2ccc(OC3OC(CO)C(O)C(O)C3O)c(O)c2)oc2cc(O)cc(O)c12,"InChI=1S/C21H20O11/c22-7-16-18(27)19(28)20(29)21(32-16)31-13-2-1-8(3-10(13)24)14-6-12(26)17-11(25)4-9(23)5-15(17)30-14/h1-6,16,18-25,27-29H,7H2"
CC(=O)NC1C(OP(=O)(O)OP(=O)(O)OCC2OC(n3ccc(=O)[nH]c3=O)C(O)C2O)OC(C)C(O)C1O,"InChI=1S/C17H27N3O16P2/c1-6-11(23)13(25)10(18-7(2)21)16(33-6)35-38(30,31)36-37(28,29)32-5-8-12(24)14(26)15(34-8)20-4-3-9(22)19-17(20)27/h3-4,6,8,10-16,23-26H,5H2,1-2H3,(H,18,21)(H,28,29)(H,30,31)(H,19,22,27)"
CCCCCC(=O)OC(CC(=O)O)C[N+](C)(C)C,"InChI=1S/C13H25NO4/c1-5-6-7-8-13(17)18-11(9-12(15)16)10-14(2,3)4/h11H,5-10H2,1-4H3/p+1"
CN(C)c1ccc(N=[N+]([O-])c2ccccc2)cc1,"InChI=1S/C14H15N3O/c1-16(2)13-10-8-12(9-11-13)15-17(18)14-6-4-3-5-7-14/h3-11H,1-2H3"
CC(C)=CCc1cc(C(=O)Nc2c(O)c3ccc(OC4OC(C)(C)C(O)C(O)C4O)c(C)c3oc2=O)ccc1O,"InChI=1S/C29H33NO10/c1-13(2)6-7-15-12-16(8-10-18(15)31)26(36)30-20-21(32)17-9-11-19(14(3)24(17)39-27(20)37)38-28-23(34)22(33)25(35)29(4,5)40-28/h6,8-12,22-23,25,28,31-35H,7H2,1-5H3,(H,30,36)"
O=C(O)C(O)=C(O)C(=O)O,"InChI=1S/C4H4O6/c5-1(3(7)8)2(6)4(9)10/h5-6H,(H,7,8)(H,9,10)"
CC(=O)NCCc1c[nH]c2ccc(O)cc12,"InChI=1S/C12H14N2O2/c1-8(15)13-5-4-9-7-14-12-3-2-10(16)6-11(9)12/h2-3,6-7,14,16H,4-5H2,1H3,(H,13,15)"
CC12CCC3c4cc(O)c(O)cc4CCC3C1CCC2O,"InChI=1S/C18H24O3/c1-18-7-6-11-12(14(18)4-5-17(18)21)3-2-10-8-15(19)16(20)9-13(10)11/h8-9,11-12,14,17,19-21H,2-7H2,1H3"
CCC=CCC=CCC(C=CC=CCC=CCC=CCCC(=O)O)OO,"InChI=1S/C22H32O4/c1-2-3-4-5-12-15-18-21(26-25)19-16-13-10-8-6-7-9-11-14-17-20-22(23)24/h3-4,6-7,10-16,19,21,25H,2,5,8-9,17-18,20H2,1H3,(H,23,24)"
C=C1CC23CCC4C(C)(C(=O)OC5OC(CO)C(O)C(O)C5O)CCCC4(C)C2CCC1(OC1OC(CO)C(O)C(OC2OC(CO)C(O)C(O)C2O)C1OC1OC(CO)C(O)C(O)C1O)C3,"InChI=1S/C44H70O23/c1-17-11-43-9-5-22-41(2,7-4-8-42(22,3)40(59)66-38-33(58)30(55)26(51)20(14-47)62-38)23(43)6-10-44(17,16-43)67-39-35(65-37-32(57)29(54)25(50)19(13-46)61-37)34(27(52)21(15-48)63-39)64-36-31(56)28(53)24(49)18(12-45)60-36/h18-39,45-58H,1,4-16H2,2-3H3"
Cc1c(NOC2OC(CO)C(O)C(O)C2O)cc([N+](=O)[O-])cc1[N+](=O)[O-],"InChI=1S/C13H17N3O10/c1-5-7(2-6(15(21)22)3-8(5)16(23)24)14-26-13-12(20)11(19)10(18)9(4-17)25-13/h2-3,9-14,17-20H,4H2,1H3"
CC1=C2CC(O)C3(C)CCC4OCC4(O)C3CC(CC1)C2(C)C,"InChI=1S/C20H32O3/c1-12-5-6-13-9-15-19(4,8-7-17-20(15,22)11-23-17)16(21)10-14(12)18(13,2)3/h13,15-17,21-22H,5-11H2,1-4H3"
COc1cc2c(cc1OC)CN(C)CC2,"InChI=1S/C12H17NO2/c1-13-5-4-9-6-11(14-2)12(15-3)7-10(9)8-13/h6-7H,4-5,8H2,1-3H3"
Cc1cn(C2CC(O)C(COP(=O)(O)OP(=O)(O)OC3OC(C(C)O)C(O)C3O)O2)c(=O)[nH]c1=O,"InChI=1S/C16H26N2O15P2/c1-6-4-18(16(24)17-14(6)23)10-3-8(20)9(30-10)5-29-34(25,26)33-35(27,28)32-15-12(22)11(21)13(31-15)7(2)19/h4,7-13,15,19-22H,3,5H2,1-2H3,(H,25,26)(H,27,28)(H,17,23,24)"
CCCCCCCCCCCC(=O)OCC=C(C)CCCC(C)CCCC(C)CCCC(C)C,"InChI=1S/C32H62O2/c1-7-8-9-10-11-12-13-14-15-25-32(33)34-27-26-31(6)24-18-23-30(5)22-17-21-29(4)20-16-19-28(2)3/h26,28-30H,7-25,27H2,1-6H3"
CCCCCC=CCC=CCC=CCC=CCCCC(=O)OCC(CO)OC(=O)CCCC=CCC=CCC=CCC=CCCCCC,"InChI=1S/C43H68O5/c1-3-5-7-9-11-13-15-17-19-21-23-25-27-29-31-33-35-37-42(45)47-40-41(39-44)48-43(46)38-36-34-32-30-28-26-24-22-20-18-16-14-12-10-8-6-4-2/h11-14,17-20,23-26,29-32,41,44H,3-10,15-16,21-22,27-28,33-40H2,1-2H3"
O=[N+]([O-])c1ccccc1Cl,InChI=1S/C6H4ClNO2/c7-5-3-1-2-4-6(5)8(9)10/h1-4H
COc1cc(CNC(=O)CCCCC=CC(C)C)ccc1O,"InChI=1S/C18H27NO3/c1-14(2)8-6-4-5-7-9-18(21)19-13-15-10-11-16(20)17(12-15)22-3/h6,8,10-12,14,20H,4-5,7,9,13H2,1-3H3,(H,19,21)"
O=P(O)(O)OCC1OC(O)C(O)C(O)C1O,"InChI=1S/C6H13O9P/c7-3-2(1-14-16(11,12)13)15-6(10)5(9)4(3)8/h2-10H,1H2,(H2,11,12,13)"
COc1cc(CC(CO)C(CO)Cc2ccc(O)c(OC)c2)ccc1O,"InChI=1S/C20H26O6/c1-25-19-9-13(3-5-17(19)23)7-15(11-21)16(12-22)8-14-4-6-18(24)20(10-14)26-2/h3-6,9-10,15-16,21-24H,7-8,11-12H2,1-2H3"
CC1CCC2(C)CCC3(C)C(=CCC4C5(C)CCC(O)C(C)(C)C5CCC43C)C2C1C,"InChI=1S/C30H50O/c1-19-11-14-27(5)17-18-29(7)21(25(27)20(19)2)9-10-23-28(6)15-13-24(31)26(3,4)22(28)12-16-30(23,29)8/h9,19-20,22-25,31H,10-18H2,1-8H3"
COc1ccc(CC(N)C(=O)NC2C(CO)OC(n3cnc4c(N(C)C)ncnc43)C2O)cc1,"InChI=1S/C22H29N7O5/c1-28(2)19-17-20(25-10-24-19)29(11-26-17)22-18(31)16(15(9-30)34-22)27-21(32)14(23)8-12-4-6-13(33-3)7-5-12/h4-7,10-11,14-16,18,22,30-31H,8-9,23H2,1-3H3,(H,27,32)"
CC(C)=CCCC(C)=CCCC(C)=CCO,"InChI=1S/C15H26O/c1-13(2)7-5-8-14(3)9-6-10-15(4)11-12-16/h7,9,11,16H,5-6,8,10,12H2,1-4H3"
c1ccc2[nH]ccc2c1,"InChI=1S/C8H7N/c1-2-4-8-7(3-1)5-6-9-8/h1-6,9H"
CC(=O)CCc1ccccc1,"InChI=1S/C10H12O/c1-9(11)7-8-10-5-3-2-4-6-10/h2-6H,7-8H2,1H3"
CCC=CCC=CCC=CCCCCCCCC(=O)O,"InChI=1S/C18H30O2/c1-2-3-4-5-6-7-8-9-10-11-12-13-14-15-16-17-18(19)20/h3-4,6-7,9-10H,2,5,8,11-17H2,1H3,(H,19,20)"
CC(C=O)=CCCC(C)C=CO,"InChI=1S/C10H16O2/c1-9(6-7-11)4-3-5-10(2)8-12/h5-9,11H,3-4H2,1-2H3"
Oc1ccnc2ccccc12,"InChI=1S/C9H7NO/c11-9-5-6-10-8-4-2-1-3-7(8)9/h1-6H,(H,10,11)"
CC(=O)CCCC(O)c1c(O)cc2c(c1O)C(=O)c1c(O)cc(O)cc1C2=O,"InChI=1S/C20H18O8/c1-8(21)3-2-4-12(23)17-14(25)7-11-16(20(17)28)19(27)15-10(18(11)26)5-9(22)6-13(15)24/h5-7,12,22-25,28H,2-4H2,1H3"
CC1OC(OP(=O)(O)OP(=O)(O)OCC2OC(n3ccc(=O)[nH]c3=O)C(O)C2O)C(O)C(O)C1N,"InChI=1S/C15H25N3O15P2/c1-5-8(16)10(21)12(23)14(30-5)32-35(27,28)33-34(25,26)29-4-6-9(20)11(22)13(31-6)18-3-2-7(19)17-15(18)24/h2-3,5-6,8-14,20-23H,4,16H2,1H3,(H,25,26)(H,27,28)(H,17,19,24)"
CC1=C(COP(=O)(O)OP(=O)(O)O)C2(C)CCCC(C)(C)C2CC1,"InChI=1S/C15H28O7P2/c1-11-6-7-13-14(2,3)8-5-9-15(13,4)12(11)10-21-24(19,20)22-23(16,17)18/h13H,5-10H2,1-4H3,(H,19,20)(H2,16,17,18)"
CC(O)CCCC(O)C=CC1C(O)CC2OC(=CCCCC(=O)O)CC21,"InChI=1S/C20H32O6/c1-13(21)5-4-6-14(22)9-10-16-17-11-15(7-2-3-8-20(24)25)26-19(17)12-18(16)23/h7,9-10,13-14,16-19,21-23H,2-6,8,11-12H2,1H3,(H,24,25)"
CC(N)CCc1ccccc1,"InChI=1S/C10H15N/c1-9(11)7-8-10-5-3-2-4-6-10/h2-6,9H,7-8,11H2,1H3"
C[N+](C)(C)C(Cc1c[nH]c([S+](O)CC(NC(=O)CCC(N)C(=O)O)C(=O)O)n1)C(=O)O,"InChI=1S/C17H27N5O8S/c1-22(2,3)12(16(28)29)6-9-7-19-17(20-9)31(30)8-11(15(26)27)21-13(23)5-4-10(18)14(24)25/h7,10-12,30H,4-6,8,18H2,1-3H3,(H3-2,19,20,21,23,24,25,26,27,28,29)/p+2"
O=Cc1ccc(S(=O)(=O)O)cc1,"InChI=1S/C7H6O4S/c8-5-6-1-3-7(4-2-6)12(9,10)11/h1-5H,(H,9,10,11)"
CCCCCC(C)=O,"InChI=1S/C7H14O/c1-3-4-5-6-7(2)8/h3-6H2,1-2H3"
CC(C=CC=C(C)C=CC1C(C)=CCCC1(C)C)=CC=CC=C(C)C=CC=C(C)C=CC1C(C)=CCCC1(C)C,"InChI=1S/C40H56/c1-31(19-13-21-33(3)25-27-37-35(5)23-15-29-39(37,7)8)17-11-12-18-32(2)20-14-22-34(4)26-28-38-36(6)24-16-30-40(38,9)10/h11-14,17-28,37-38H,15-16,29-30H2,1-10H3"
OC1C=Cc2ccc3ccccc3c2C1O,"InChI=1S/C14H12O2/c15-12-8-7-10-6-5-9-3-1-2-4-11(9)13(10)14(12)16/h1-8,12,14-16H"
O=C(O)c1ccc2c(c1)OCO2,"InChI=1S/C8H6O4/c9-8(10)5-1-2-6-7(3-5)12-4-11-6/h1-3H,4H2,(H,9,10)"
CCCCCC=CCC=CCCCCCCCC(=O)OCC(COP(=O)(O)OCCNC)OC(=O)CCCCCCCC=CCC=CCCCCC,"InChI=1S/C42H76NO8P/c1-4-6-8-10-12-14-16-18-20-22-24-26-28-30-32-34-41(44)48-38-40(39-50-52(46,47)49-37-36-43-3)51-42(45)35-33-31-29-27-25-23-21-19-17-15-13-11-9-7-5-2/h12-15,18-21,40,43H,4-11,16-17,22-39H2,1-3H3,(H,46,47)"
NCCC(=O)NCCc1ccc(O)c(O)c1,"InChI=1S/C11H16N2O3/c12-5-3-11(16)13-6-4-8-1-2-9(14)10(15)7-8/h1-2,7,14-15H,3-6,12H2,(H,13,16)"
CC(=CCC1=CC(=O)c2ccccc2C1=O)CCCC(C)CCCC(C)CCCC(C)C,"InChI=1S/C30H44O2/c1-22(2)11-8-12-23(3)13-9-14-24(4)15-10-16-25(5)19-20-26-21-29(31)27-17-6-7-18-28(27)30(26)32/h6-7,17-19,21-24H,8-16,20H2,1-5H3"
C[S+](O)CCCCC(S)=NOS(=O)(=O)O,"InChI=1S/C6H13NO5S3/c1-14(8)5-3-2-4-6(13)7-12-15(9,10)11/h8H,2-5H2,1H3,(H-,7,9,10,11,13)/p+1"
COc1ccc(-c2cc(=O)c3c(O)cc(O)cc3o2)cc1,"InChI=1S/C16H12O5/c1-20-11-4-2-9(3-5-11)14-8-13(19)16-12(18)6-10(17)7-15(16)21-14/h2-8,17-18H,1H3"
CC(C)O,"InChI=1S/C3H8O/c1-3(2)4/h3-4H,1-2H3"
C[n+]1ccccc1,"InChI=1S/C6H8N/c1-7-5-3-2-4-6-7/h2-6H,1H3/q+1"
CCCCCCCCCCCCCC=CC(O)C(CO)NC(C)=O,"InChI=1S/C20H39NO3/c1-3-4-5-6-7-8-9-10-11-12-13-14-15-16-20(24)19(17-22)21-18(2)23/h15-16,19-20,22,24H,3-14,17H2,1-2H3,(H,21,23)"
CC(=O)C1CCC2C3CC(O)C4=CC(=O)CCC4(C)C3CCC12C,"InChI=1S/C21H30O3/c1-12(22)15-4-5-16-14-11-19(24)18-10-13(23)6-8-21(18,3)17(14)7-9-20(15,16)2/h10,14-17,19,24H,4-9,11H2,1-3H3"
O=C(O)C(=O)CC1(C(=O)O)C=CC(O)C=C1,"InChI=1S/C10H10O6/c11-6-1-3-10(4-2-6,9(15)16)5-7(12)8(13)14/h1-4,6,11H,5H2,(H,13,14)(H,15,16)"
CCC=CCC(O)C=CC=CC=CC=CC(O)C(O)CC=CCCC(=O)O,"InChI=1S/C22H32O5/c1-2-3-9-14-19(23)15-10-6-4-5-7-11-16-20(24)21(25)17-12-8-13-18-22(26)27/h3-12,15-16,19-21,23-25H,2,13-14,17-18H2,1H3,(H,26,27)"
O=CCC(=O)O,"InChI=1S/C3H4O3/c4-2-1-3(5)6/h2H,1H2,(H,5,6)"
CC=O,"InChI=1S/C2H4O/c1-2-3/h2H,1H3"
CCCCCC(O)C=CC1OC2CC(C2)C1CC=CCCCC(=O)O,"InChI=1S/C21H34O4/c1-2-3-6-9-17(22)12-13-20-19(16-14-18(15-16)25-20)10-7-4-5-8-11-21(23)24/h4,7,12-13,16-20,22H,2-3,5-6,8-11,14-15H2,1H3,(H,23,24)"
C=CCN=C=S,"InChI=1S/C4H5NS/c1-2-3-5-4-6/h2H,1,3H2"
CCC(C)C1C(C)=CC2CC(C)CC(C)C2C1(C)C(=O)C=CO,"InChI=1S/C21H34O2/c1-7-14(3)19-16(5)12-17-11-13(2)10-15(4)20(17)21(19,6)18(23)8-9-22/h8-9,12-15,17,19-20,22H,7,10-11H2,1-6H3"
CC=CC=CC=CCC(C)CCC=C(C)C(=O)C1C(=O)NC(CO)C1=O,"InChI=1S/C21H29NO4/c1-4-5-6-7-8-9-11-15(2)12-10-13-16(3)19(24)18-20(25)17(14-23)22-21(18)26/h4-9,13,15,17-18,23H,10-12,14H2,1-3H3,(H,22,26)"
CC(C)=CCCC(C)=CCCC(C)=CCCC(C)=CCCC(C)=CCCC(C)=CCCC(C)=CCCC(C)=CCC1=CC(=O)c2ccccc2C1=O,"InChI=1S/C50H70O2/c1-38(2)19-12-20-39(3)21-13-22-40(4)23-14-24-41(5)25-15-26-42(6)27-16-28-43(7)29-17-30-44(8)31-18-32-45(9)35-36-46-37-49(51)47-33-10-11-34-48(47)50(46)52/h10-11,19,21,23,25,27,29,31,33-35,37H,12-18,20,22,24,26,28,30,32,36H2,1-9H3"
CC(=O)OC1C2C3CC4C5=Nc6ccccc6C51CC2N4C(C)C3CO,"InChI=1S/C21H24N2O3/c1-10-13(9-24)12-7-16-19-21(14-5-3-4-6-15(14)22-19)8-17(23(10)16)18(12)20(21)26-11(2)25/h3-6,10,12-13,16-18,20,24H,7-9H2,1-2H3"
COc1cccc2nc3c(O)cccc3nc12,"InChI=1S/C13H10N2O2/c1-17-11-7-3-5-9-13(11)15-8-4-2-6-10(16)12(8)14-9/h2-7,16H,1H3"
Clc1ccc(COC(Cn2ccnc2)c2ccc(Cl)cc2Cl)c(Cl)c1,"InChI=1S/C18H14Cl4N2O/c19-13-2-1-12(16(21)7-13)10-25-18(9-24-6-5-23-11-24)15-4-3-14(20)8-17(15)22/h1-8,11,18H,9-10H2"
CC1OC(Oc2c(-c3cc(O)c(O)c(O)c3)oc3cc(O)cc(O)c3c2=O)C(OC2OC(COC(=O)C=Cc3ccc(O)cc3)C(O)C(O)C2O)C(O)C1O,"InChI=1S/C36H36O19/c1-13-25(43)30(48)34(55-35-31(49)29(47)27(45)22(53-35)12-50-23(42)7-4-14-2-5-16(37)6-3-14)36(51-13)54-33-28(46)24-18(39)10-17(38)11-21(24)52-32(33)15-8-19(40)26(44)20(41)9-15/h2-11,13,22,25,27,29-31,34-41,43-45,47-49H,12H2,1H3"
CCCCCC=CC=C1C(=O)C=CC1CC=CCCCC(=O)OC(CO)CO,"InChI=1S/C23H34O5/c1-2-3-4-5-6-10-13-21-19(15-16-22(21)26)12-9-7-8-11-14-23(27)28-20(17-24)18-25/h6-7,9-10,13,15-16,19-20,24-25H,2-5,8,11-12,14,17-18H2,1H3"
O=C1CCCCCNC(=O)CCCCCN1,"InChI=1S/C12H22N2O2/c15-11-7-3-1-5-9-13-12(16)8-4-2-6-10-14-11/h1-10H2,(H,13,16)(H,14,15)"
CC12CCC(=O)C=C1CCC1C2C(=O)CC2(C)C1CCC2(O)C(=O)C=O,"InChI=1S/C21H26O5/c1-19-7-5-13(23)9-12(19)3-4-14-15-6-8-21(26,17(25)11-22)20(15,2)10-16(24)18(14)19/h9,11,14-15,18,26H,3-8,10H2,1-2H3"
CCC(=O)C(O)CC,"InChI=1S/C6H12O2/c1-3-5(7)6(8)4-2/h5,7H,3-4H2,1-2H3"
C=CC(C)=O,"InChI=1S/C4H6O/c1-3-4(2)5/h3H,1H2,2H3"
O=C(O)CC(NC(=O)Cc1c[nH]c2ccccc12)C(=O)O,"InChI=1S/C14H14N2O5/c17-12(16-11(14(20)21)6-13(18)19)5-8-7-15-10-4-2-1-3-9(8)10/h1-4,7,11,15H,5-6H2,(H,16,17)(H,18,19)(H,20,21)"
C[N+](C)(C)CC(=O)CC(=O)O,"InChI=1S/C7H13NO3/c1-8(2,3)5-6(9)4-7(10)11/h4-5H2,1-3H3/p+1"
CC(C)=CCCC(C)=CCCC(C)=CCCC(C)=CCOCC(O)COP(=O)(O)O,"InChI=1S/C23H41O6P/c1-19(2)9-6-10-20(3)11-7-12-21(4)13-8-14-22(5)15-16-28-17-23(24)18-29-30(25,26)27/h9,11,13,15,23-24H,6-8,10,12,14,16-18H2,1-5H3,(H2,25,26,27)"
CC(=O)Nc1ccc2c(c1)Cc1ccccc1-2,"InChI=1S/C15H13NO/c1-10(17)16-13-6-7-15-12(9-13)8-11-4-2-3-5-14(11)15/h2-7,9H,8H2,1H3,(H,16,17)"
N=C(N)NCCCCNC(=O)C=Cc1ccc(O)cc1,"InChI=1S/C14H20N4O2/c15-14(16)18-10-2-1-9-17-13(20)8-5-11-3-6-12(19)7-4-11/h3-8,19H,1-2,9-10H2,(H,17,20)(H4,15,16,18)"
OCc1ccccc1OC1OC(CO)C(O)C(O)C1O,"InChI=1S/C13H18O7/c14-5-7-3-1-2-4-8(7)19-13-12(18)11(17)10(16)9(6-15)20-13/h1-4,9-18H,5-6H2"
NC(CCCC=O)C(=O)O,"InChI=1S/C6H11NO3/c7-5(6(9)10)3-1-2-4-8/h4-5H,1-3,7H2,(H,9,10)"
CCC(C)c1nc2c(CCCNC(=N)N)[nH]c(-c3c[nH]c4ccccc34)cn-2c1=O,"InChI=1S/C22H27N7O/c1-3-13(2)19-21(30)29-12-18(15-11-26-16-8-5-4-7-14(15)16)27-17(20(29)28-19)9-6-10-25-22(23)24/h4-5,7-8,11-13,26-27H,3,6,9-10H2,1-2H3,(H4,23,24,25)"
O=C(O)CC(=O)C(=O)O,"InChI=1S/C4H4O5/c5-2(4(8)9)1-3(6)7/h1H2,(H,6,7)(H,8,9)"
O=C(O)C(=O)c1ccccc1,"InChI=1S/C8H6O3/c9-7(8(10)11)6-4-2-1-3-5-6/h1-5H,(H,10,11)"
CC(NC(CCNC(Cc1c[nH]cn1)C(=O)O)C(=O)O)C(=O)O,"InChI=1S/C13H20N4O6/c1-7(11(18)19)17-9(12(20)21)2-3-15-10(13(22)23)4-8-5-14-6-16-8/h5-7,9-10,15,17H,2-4H2,1H3,(H,14,16)(H,18,19)(H,20,21)(H,22,23)"
O=C(O)C(=O)C(O)C(O)C(O)COP(=O)(O)O,"InChI=1S/C6H11O10P/c7-2(1-16-17(13,14)15)3(8)4(9)5(10)6(11)12/h2-4,7-9H,1H2,(H,11,12)(H2,13,14,15)"
CCCCCC(O)CCCCCCCC(=O)O,"InChI=1S/C14H28O3/c1-2-3-7-10-13(15)11-8-5-4-6-9-12-14(16)17/h13,15H,2-12H2,1H3,(H,16,17)"
O=C(O)C(O)C(=O)O,"InChI=1S/C3H4O5/c4-1(2(5)6)3(7)8/h1,4H,(H,5,6)(H,7,8)"
CCCCCCCCCCCCC=CC(=O)SCCNC(=O)CCNC(=O)C(O)C(C)(C)COP(=O)(O)OP(=O)(O)OCC1OC(n2cnc3c(N)ncnc32)C(O)C1OP(=O)(O)O,"InChI=1S/C36H62N7O17P3S/c1-4-5-6-7-8-9-10-11-12-13-14-15-16-27(45)64-20-19-38-26(44)17-18-39-34(48)31(47)36(2,3)22-57-63(54,55)60-62(52,53)56-21-25-30(59-61(49,50)51)29(46)35(58-25)43-24-42-28-32(37)40-23-41-33(28)43/h15-16,23-25,29-31,35,46-47H,4-14,17-22H2,1-3H3,(H,38,44)(H,39,48)(H,52,53)(H,54,55)(H2,37,40,41)(H2,49,50,51)"
CC(CCC(=O)O)C1CCC2C3CCC4CC(O)CCC4(C)C3CCC12C,"InChI=1S/C24H40O3/c1-15(4-9-22(26)27)19-7-8-20-18-6-5-16-14-17(25)10-12-23(16,2)21(18)11-13-24(19,20)3/h15-21,25H,4-14H2,1-3H3,(H,26,27)"
NC(CCS)C(=O)O,"InChI=1S/C4H9NO2S/c5-3(1-2-8)4(6)7/h3,8H,1-2,5H2,(H,6,7)"
COc1cc(O)c2c(O)c3c(=O)cc(C)oc3cc2c1,"InChI=1S/C15H12O5/c1-7-3-10(16)14-12(20-7)5-8-4-9(19-2)6-11(17)13(8)15(14)18/h3-6,17-18H,1-2H3"
COS(=O)(=O)O,"InChI=1S/CH4O4S/c1-5-6(2,3)4/h1H3,(H,2,3,4)"
CSCCCCC(=S)NOS(=O)(=O)O,"InChI=1S/C6H13NO4S3/c1-13-5-3-2-4-6(12)7-11-14(8,9)10/h2-5H2,1H3,(H,7,12)(H,8,9,10)"
O=P(O)(OC1C(O)C(O)C(O)C(O)C1O)OC1C(O)C(O)C(O)C(O)C1O,"InChI=1S/C12H23O14P/c13-1-3(15)7(19)11(8(20)4(1)16)25-27(23,24)26-12-9(21)5(17)2(14)6(18)10(12)22/h1-22H,(H,23,24)"
CC(=O)N1CCC1C(=O)O,"InChI=1S/C6H9NO3/c1-4(8)7-3-2-5(7)6(9)10/h5H,2-3H2,1H3,(H,9,10)"
CC12CCC(O)CC1=CC(O)C1C2CCC2(C)C(O)CCC12,"InChI=1S/C19H30O3/c1-18-7-5-12(20)9-11(18)10-15(21)17-13-3-4-16(22)19(13,2)8-6-14(17)18/h10,12-17,20-22H,3-9H2,1-2H3"
C=C(C(=O)O)C1CC=C(C)CCC=C(C)CC1O,"InChI=1S/C15H22O3/c1-10-5-4-6-11(2)9-14(16)13(8-7-10)12(3)15(17)18/h6-7,13-14,16H,3-5,8-9H2,1-2H3,(H,17,18)"
CCCCCCCCCCCCCCCCCCCCCCCCCCCC(=O)NC(CO)C(O)CCCCCCCCCCCCCCC,"InChI=1S/C46H93NO3/c1-3-5-7-9-11-13-15-17-18-19-20-21-22-23-24-25-26-27-28-30-32-34-36-38-40-42-46(50)47-44(43-48)45(49)41-39-37-35-33-31-29-16-14-12-10-8-6-4-2/h44-45,48-49H,3-43H2,1-2H3,(H,47,50)"
C[N+](C)(C)CCOP(=O)(O)OP(=O)(O)OCC1OC(n2ccc(N)nc2=O)C(O)C1O,"InChI=1S/C14H26N4O11P2/c1-18(2,3)6-7-26-30(22,23)29-31(24,25)27-8-9-11(19)12(20)13(28-9)17-5-4-10(15)16-14(17)21/h4-5,9,11-13,19-20H,6-8H2,1-3H3,(H3-,15,16,21,22,23,24,25)/p+1"
NC1=CCC(=O)NC1=O,"InChI=1S/C5H6N2O2/c6-3-1-2-4(8)7-5(3)9/h1H,2,6H2,(H,7,8,9)"
O=C(NC1COC(=O)C(NC(=O)c2cccc(O)c2O)COC(=O)C(NC(=O)c2cccc(O)c2O)COC1=O)c1cccc(O)c1O,"InChI=1S/C30H27N3O15/c34-19-7-1-4-13(22(19)37)25(40)31-16-10-46-29(44)18(33-27(42)15-6-3-9-21(36)24(15)39)12-48-30(45)17(11-47-28(16)43)32-26(41)14-5-2-8-20(35)23(14)38/h1-9,16-18,34-39H,10-12H2,(H,31,40)(H,32,41)(H,33,42)"
O=C(CCCc1c[nH]c2ccccc12)OC1OC(CO)C(O)C(O)C1O,"InChI=1S/C18H23NO7/c20-9-13-15(22)16(23)17(24)18(25-13)26-14(21)7-3-4-10-8-19-12-6-2-1-5-11(10)12/h1-2,5-6,8,13,15-20,22-24H,3-4,7,9H2"
O=P(O)(O)OCC1OC(OP(=O)(O)O)C(O)C1O,"InChI=1S/C5H12O11P2/c6-3-2(1-14-17(8,9)10)15-5(4(3)7)16-18(11,12)13/h2-7H,1H2,(H2,8,9,10)(H2,11,12,13)"
COc1cc(CO)ccc1O,"InChI=1S/C8H10O3/c1-11-8-4-6(5-9)2-3-7(8)10/h2-4,9-10H,5H2,1H3"
CC(=O)OC1CC2C3=C(C(C)C)CCC3(C)CCC2(C)C(=O)C=C1CO,"InChI=1S/C22H32O4/c1-13(2)16-6-7-21(4)8-9-22(5)17(20(16)21)11-18(26-14(3)24)15(12-23)10-19(22)25/h10,13,17-18,23H,6-9,11-12H2,1-5H3"
COC(C=COC1(C)Oc2c(C)c(O)c3c(c2C1=O)C(=O)C=C(O)C3=O)C(C)C(OC(C)=O)C(C)C(O)C(C)C(O)C(C)C=CC=C(C)C(N)=O,"InChI=1S/C37H47NO13/c1-16(11-10-12-17(2)36(38)47)29(42)19(4)30(43)20(5)33(50-22(7)39)18(3)25(48-9)13-14-49-37(8)35(46)28-26-23(40)15-24(41)32(45)27(26)31(44)21(6)34(28)51-37/h10-16,18-20,25,29-30,33,41-44H,1-9H3,(H2,38,47)"
O=C(O)CCC(C(=O)O)C(O)C(=O)O,"InChI=1S/C7H10O7/c8-4(9)2-1-3(6(11)12)5(10)7(13)14/h3,5,10H,1-2H2,(H,8,9)(H,11,12)(H,13,14)"
CCC=CCC=CCC=CCCCCCCC(OO)C(=O)O,"InChI=1S/C18H30O4/c1-2-3-4-5-6-7-8-9-10-11-12-13-14-15-16-17(22-21)18(19)20/h3-4,6-7,9-10,17,21H,2,5,8,11-16H2,1H3,(H,19,20)"
Cc1[nH]c2ccccc2c(=O)c1O,"InChI=1S/C10H9NO2/c1-6-9(12)10(13)7-4-2-3-5-8(7)11-6/h2-5,12H,1H3,(H,11,13)"
CCC(C)C(=O)SCCNC(=O)CCNC(=O)C(O)C(C)(C)COP(=O)(O)OP(=O)(O)OCC1OC(n2cnc3c(N)ncnc32)C(O)C1OP(=O)(O)O,"InChI=1S/C26H44N7O17P3S/c1-5-14(2)25(38)54-9-8-28-16(34)6-7-29-23(37)20(36)26(3,4)11-47-53(44,45)50-52(42,43)46-10-15-19(49-51(39,40)41)18(35)24(48-15)33-13-32-17-21(27)30-12-31-22(17)33/h12-15,18-20,24,35-36H,5-11H2,1-4H3,(H,28,34)(H,29,37)(H,42,43)(H,44,45)(H2,27,30,31)(H2,39,40,41)"
Oc1c(Cl)cc(Cl)cc1Cl,"InChI=1S/C6H3Cl3O/c7-3-1-4(8)6(10)5(9)2-3/h1-2,10H"
NC(=O)CCC(N)C(=O)O,"InChI=1S/C5H10N2O3/c6-3(5(9)10)1-2-4(7)8/h3H,1-2,6H2,(H2,7,8)(H,9,10)"
O=C(CO)C(O)C(O)C(=O)CO,"InChI=1S/C6H10O6/c7-1-3(9)5(11)6(12)4(10)2-8/h5-8,11-12H,1-2H2"
C#C,InChI=1S/C2H2/c1-2/h1-2H
CC1=CC2CC(C)(C)CC23C(C)CCC13,"InChI=1S/C15H24/c1-10-7-12-8-14(3,4)9-15(12)11(2)5-6-13(10)15/h7,11-13H,5-6,8-9H2,1-4H3"
CCOC(=O)CC(C)O,"InChI=1S/C6H12O3/c1-3-9-6(8)4-5(2)7/h5,7H,3-4H2,1-2H3"
CC(C(=O)O)C(O)(CC(=O)O)C(=O)O,"InChI=1S/C7H10O7/c1-3(5(10)11)7(14,6(12)13)2-4(8)9/h3,14H,2H2,1H3,(H,8,9)(H,10,11)(H,12,13)"
CC12CCC3c4ccc(O)cc4CCC3C1CC(O)C2=O,"InChI=1S/C18H22O3/c1-18-7-6-13-12-5-3-11(19)8-10(12)2-4-14(13)15(18)9-16(20)17(18)21/h3,5,8,13-16,19-20H,2,4,6-7,9H2,1H3"
COc1cc(O)c2c(=O)c(-c3ccc(O)cc3)coc2c1C1OC(C(=O)O)C(O)C(O)C1O,"InChI=1S/C22H20O11/c1-31-12-6-11(24)13-15(25)10(8-2-4-9(23)5-3-8)7-32-19(13)14(12)20-17(27)16(26)18(28)21(33-20)22(29)30/h2-7,16-18,20-21,23-24,26-28H,1H3,(H,29,30)"
CCCCCC=CCC=CCC=CCC=CCCCC(=O)OCC(O)COP(=O)(O)OCC[N+](C)(C)C,"InChI=1S/C28H50NO7P/c1-5-6-7-8-9-10-11-12-13-14-15-16-17-18-19-20-21-22-28(31)34-25-27(30)26-36-37(32,33)35-24-23-29(2,3)4/h9-10,12-13,15-16,18-19,27,30H,5-8,11,14,17,20-26H2,1-4H3/p+1"
O=C1OC(CO)C(OC2OC(CO)C(OC3OC(CO)C(OC4OC(CO)C(OC5OC(CO)C(OC6OC(CO)C(O)C(O)C6O)C(O)C5O)C(O)C4O)C(O)C3O)C(O)C2O)C(O)C1O,"InChI=1S/C36H60O31/c37-1-7-13(43)14(44)21(51)32(58-7)64-27-9(3-39)60-34(23(53)16(27)46)66-29-11(5-41)62-36(25(55)18(29)48)67-30-12(6-42)61-35(24(54)19(30)49)65-28-10(4-40)59-33(22(52)17(28)47)63-26-8(2-38)57-31(56)20(50)15(26)45/h7-30,32-55H,1-6H2"
C=CC(C)(O)CCC1(C)C(C)CCC2(C)C(C)=CCCC21,"InChI=1S/C20H34O/c1-7-18(4,21)13-14-20(6)16(3)11-12-19(5)15(2)9-8-10-17(19)20/h7,9,16-17,21H,1,8,10-14H2,2-6H3"
CCCCCC=CCC(O)C=CC=CC=CC(CCCC(=O)O)OO,"InChI=1S/C20H32O5/c1-2-3-4-5-6-9-13-18(21)14-10-7-8-11-15-19(25-24)16-12-17-20(22)23/h6-11,14-15,18-19,21,24H,2-5,12-13,16-17H2,1H3,(H,22,23)"
C=C(C)C1CCC(C)CC1=O,"InChI=1S/C10H16O/c1-7(2)9-5-4-8(3)6-10(9)11/h8-9H,1,4-6H2,2-3H3"
CCCCCCCCC=CCCCCCCCC(=O)OCCCCCCCCCCCCCCCC,"InChI=1S/C34H66O2/c1-3-5-7-9-11-13-15-17-19-20-22-24-26-28-30-32-34(35)36-33-31-29-27-25-23-21-18-16-14-12-10-8-6-4-2/h17,19H,3-16,18,20-33H2,1-2H3"
Nc1ncnc2c1ncn2C1OC(COP(=O)(O)OP(=O)(O)OCC2OC(O)C(O)C2O)C(O)C1O,"InChI=1S/C15H23N5O14P2/c16-12-7-13(18-3-17-12)20(4-19-7)14-10(23)8(21)5(32-14)1-30-35(26,27)34-36(28,29)31-2-6-9(22)11(24)15(25)33-6/h3-6,8-11,14-15,21-25H,1-2H2,(H,26,27)(H,28,29)(H2,16,17,18)"
CC(C)(COP(=O)(O)OP(=O)(O)OCC1OC(n2cnc3c(N)ncnc32)C(O)C1OP(=O)(O)O)C(O)C(=O)NCCC(=O)NCCSC(=O)C=Cc1ccccc1,"InChI=1S/C30H42N7O17P3S/c1-30(2,25(41)28(42)33-11-10-20(38)32-12-13-58-21(39)9-8-18-6-4-3-5-7-18)15-51-57(48,49)54-56(46,47)50-14-19-24(53-55(43,44)45)23(40)29(52-19)37-17-36-22-26(31)34-16-35-27(22)37/h3-9,16-17,19,23-25,29,40-41H,10-15H2,1-2H3,(H,32,38)(H,33,42)(H,46,47)(H,48,49)(H2,31,34,35)(H2,43,44,45)"
COc1cccc(CC=C(C)CCC=C(C)CCC=C(C)CCC=C(C)CCC=C(C)CCC=C(C)CCC=C(C)C)c1O,"InChI=1S/C42H64O2/c1-33(2)17-10-18-34(3)19-11-20-35(4)21-12-22-36(5)23-13-24-37(6)25-14-26-38(7)27-15-28-39(8)31-32-40-29-16-30-41(44-9)42(40)43/h16-17,19,21,23,25,27,29-31,43H,10-15,18,20,22,24,26,28,32H2,1-9H3"
CSCCC(=O)SCCNC(=O)CCNC(=O)C(O)C(C)(C)COP(=O)(O)OP(=O)(O)OCC1OC(n2cnc3c(N)ncnc32)C(O)C1OP(=O)(O)O,"InChI=1S/C25H42N7O17P3S2/c1-25(2,20(36)23(37)28-6-4-15(33)27-7-9-54-16(34)5-8-53-3)11-46-52(43,44)49-51(41,42)45-10-14-19(48-50(38,39)40)18(35)24(47-14)32-13-31-17-21(26)29-12-30-22(17)32/h12-14,18-20,24,35-36H,4-11H2,1-3H3,(H,27,33)(H,28,37)(H,41,42)(H,43,44)(H2,26,29,30)(H2,38,39,40)"
O=[N+]([O-])C1=CCCCC1,"InChI=1S/C6H9NO2/c8-7(9)6-4-2-1-3-5-6/h4H,1-3,5H2"
O=C(O)CC(=O)Nc1ccc(Cl)c(Cl)c1,"InChI=1S/C9H7Cl2NO3/c10-6-2-1-5(3-7(6)11)12-8(13)4-9(14)15/h1-3H,4H2,(H,12,13)(H,14,15)"
O=C(O)CCC1=CC=CC(O)C1O,"InChI=1S/C9H12O4/c10-7-3-1-2-6(9(7)13)4-5-8(11)12/h1-3,7,9-10,13H,4-5H2,(H,11,12)"
CCCCCCCCCCCCCCC(=O)C(=O)O,"InChI=1S/C16H30O3/c1-2-3-4-5-6-7-8-9-10-11-12-13-14-15(17)16(18)19/h2-14H2,1H3,(H,18,19)"
CC(C=C=C1C(C)(C)CC(O)CC1(C)O)=CC=CC(C)=CC=CC=C(C)C=CC=C(C)C=CC12OC1(C)CC(O)CC2(C)C,"InChI=1S/C40H56O4/c1-29(17-13-19-31(3)21-22-35-36(5,6)25-33(41)27-38(35,9)43)15-11-12-16-30(2)18-14-20-32(4)23-24-40-37(7,8)26-34(42)28-39(40,10)44-40/h11-21,23-24,33-34,41-43H,25-28H2,1-10H3"
O=C(O)C(O)C(C[PH](=O)O)C(=O)O,"InChI=1S/C5H9O7P/c6-3(5(9)10)2(4(7)8)1-13(11)12/h2-3,6,13H,1H2,(H,7,8)(H,9,10)(H,11,12)"
CC(=O)C1CCC2C3C(O)C=C4CC(O)CCC4(C)C3CCC12C,"InChI=1S/C21H32O3/c1-12(22)15-4-5-16-19-17(7-9-21(15,16)3)20(2)8-6-14(23)10-13(20)11-18(19)24/h11,14-19,23-24H,4-10H2,1-3H3"
O=C(O)C(=O)C=Cc1ccccc1O,"InChI=1S/C10H8O4/c11-8-4-2-1-3-7(8)5-6-9(12)10(13)14/h1-6,11H,(H,13,14)"
O=CCCC[N+]1=CCCC1,"InChI=1S/C8H14NO/c10-8-4-3-7-9-5-1-2-6-9/h5,8H,1-4,6-7H2/q+1"
C=C(OC1C=CC=C(C(=O)O)C1O)C(=O)O,"InChI=1S/C10H10O6/c1-5(9(12)13)16-7-4-2-3-6(8(7)11)10(14)15/h2-4,7-8,11H,1H2,(H,12,13)(H,14,15)"
CC1=CCC2C(C)(C)CCCC2(C)C1CO,"InChI=1S/C15H26O/c1-11-6-7-13-14(2,3)8-5-9-15(13,4)12(11)10-16/h6,12-13,16H,5,7-10H2,1-4H3"
COc1cc(O)c2c(O)c3c(cc2c1)CC(CC(C)=O)OC3=O,"InChI=1S/C17H16O6/c1-8(18)3-12-6-10-4-9-5-11(22-2)7-13(19)14(9)16(20)15(10)17(21)23-12/h4-5,7,12,19-20H,3,6H2,1-2H3"
O=CC=Nc1c(NCC(O)C(O)C(O)CO)[nH]c(=O)[nH]c1=O,"InChI=1S/C11H16N4O7/c16-2-1-12-7-9(14-11(22)15-10(7)21)13-3-5(18)8(20)6(19)4-17/h1-2,5-6,8,17-20H,3-4H2,(H3,13,14,15,21,22)"
CC(CCC(=O)NCC(=O)O)C1CCC2C3CCC4CC(O)CCC4(C)C3CCC12C,"InChI=1S/C26H43NO4/c1-16(4-9-23(29)27-15-24(30)31)20-7-8-21-19-6-5-17-14-18(28)10-12-25(17,2)22(19)11-13-26(20,21)3/h16-22,28H,4-15H2,1-3H3,(H,27,29)(H,30,31)"
CC(CCC(OC1OC(CO)C(O)C(O)C1O)C(C)(C)O)C1CCC2(C)C3CC=C4C(CCC(OC5OC(COC6OC(CO)C(O)C(O)C6O)C(O)C(O)C5O)C4(C)C)C3(C)C(O)CC12C,"InChI=1S/C48H82O19/c1-21(9-13-31(45(4,5)61)67-42-39(59)36(56)33(53)26(19-50)64-42)22-15-16-46(6)28-12-10-23-24(48(28,8)29(51)17-47(22,46)7)11-14-30(44(23,2)3)66-43-40(60)37(57)34(54)27(65-43)20-62-41-38(58)35(55)32(52)25(18-49)63-41/h10,21-22,24-43,49-61H,9,11-20H2,1-8H3"
CCCCCCCCC=CCCCCCCCC(=O)OCC(O)COP(=O)(O)OCCNC(=O)CCCCCCCCCCCCCCCCC,"InChI=1S/C41H80NO8P/c1-3-5-7-9-11-13-15-17-19-21-23-25-27-29-31-33-40(44)42-35-36-49-51(46,47)50-38-39(43)37-48-41(45)34-32-30-28-26-24-22-20-18-16-14-12-10-8-6-4-2/h18,20,39,43H,3-17,19,21-38H2,1-2H3,(H,42,44)(H,46,47)"
CC1CC(O)CC(C)(C)C1=O,"InChI=1S/C9H16O2/c1-6-4-7(10)5-9(2,3)8(6)11/h6-7,10H,4-5H2,1-3H3"
CC(C)=CCCC(C)=CCCC(C)=CCCC(C)=CCCC(C)=CCCC(C)=CCCC(C)=CCCC(C)=CCCC(C)=CCc1cc(O)c2ccccc2c1O,"InChI=1S/C55H80O2/c1-42(2)21-13-22-43(3)23-14-24-44(4)25-15-26-45(5)27-16-28-46(6)29-17-30-47(7)31-18-32-48(8)33-19-34-49(9)35-20-36-50(10)39-40-51-41-54(56)52-37-11-12-38-53(52)55(51)57/h11-12,21,23,25,27,29,31,33,35,37-39,41,56-57H,13-20,22,24,26,28,30,32,34,36,40H2,1-10H3"
O=C1NC(c2c[nH]c3ccc(O)cc23)=CC1=C1C(=O)Nc2ccccc21,"InChI=1S/C20H13N3O3/c24-10-5-6-15-12(7-10)14(9-21-15)17-8-13(19(25)23-17)18-11-3-1-2-4-16(11)22-20(18)26/h1-9,21,24H,(H,22,26)(H,23,25)"
COC(C)(C)CC=CC(C)=CC=CC(C)=CC=CC(C)=CC=CC=C(C)C=CC=C(C)C=CC=C(C)C=CC(O)(O)C(C)(C)OC,"InChI=1S/C42H60O4/c1-34(22-15-24-36(3)26-17-28-38(5)30-19-32-40(7,8)45-11)20-13-14-21-35(2)23-16-25-37(4)27-18-29-39(6)31-33-42(43,44)41(9,10)46-12/h13-31,33,43-44H,32H2,1-12H3"
O=c1cnn(C2OC(COP(=O)(O)O)C(O)C2O)c(=O)[nH]1,"InChI=1S/C8H12N3O9P/c12-4-1-9-11(8(15)10-4)7-6(14)5(13)3(20-7)2-19-21(16,17)18/h1,3,5-7,13-14H,2H2,(H,10,12,15)(H2,16,17,18)"
O=C(O)C(=O)Cc1ccc(O)c(O)c1,"InChI=1S/C9H8O5/c10-6-2-1-5(3-7(6)11)4-8(12)9(13)14/h1-3,10-11H,4H2,(H,13,14)"
CN(C)CCc1ccc(O)c(O)c1,"InChI=1S/C10H15NO2/c1-11(2)6-5-8-3-4-9(12)10(13)7-8/h3-4,7,12-13H,5-6H2,1-2H3"
CCCCCCCC(=O)Nc1ccccc1C(=O)O,"InChI=1S/C15H21NO3/c1-2-3-4-5-6-11-14(17)16-13-10-8-7-9-12(13)15(18)19/h7-10H,2-6,11H2,1H3,(H,16,17)(H,18,19)"
CC(C)(COP(=O)(O)OP(=O)(O)OCC1OC(n2cnc3c(N)ncnc32)C(O)C1OP(=O)(O)O)C(O)C(=O)NCCC(=O)NCCSC(=O)C(CC(=O)O)C(O)c1ccccc1,"InChI=1S/C32H46N7O20P3S/c1-32(2,26(45)29(46)35-9-8-20(40)34-10-11-63-31(47)18(12-21(41)42)23(43)17-6-4-3-5-7-17)14-56-62(53,54)59-61(51,52)55-13-19-25(58-60(48,49)50)24(44)30(57-19)39-16-38-22-27(33)36-15-37-28(22)39/h3-7,15-16,18-19,23-26,30,43-45H,8-14H2,1-2H3,(H,34,40)(H,35,46)(H,41,42)(H,51,52)(H,53,54)(H2,33,36,37)(H2,48,49,50)"
CC(C)=CCCC(C)=CCCC(C)=CCCC(C)=CCCC(C)=CCCC(C)=CCCC(C)=CCCC(C)=CCCC(C)=CCCC(C)=CCCC(C)=CCOP(=O)(O)OP(=O)(O)O,"InChI=1S/C55H92O7P2/c1-45(2)23-13-24-46(3)25-14-26-47(4)27-15-28-48(5)29-16-30-49(6)31-17-32-50(7)33-18-34-51(8)35-19-36-52(9)37-20-38-53(10)39-21-40-54(11)41-22-42-55(12)43-44-61-64(59,60)62-63(56,57)58/h23,25,27,29,31,33,35,37,39,41,43H,13-22,24,26,28,30,32,34,36,38,40,42,44H2,1-12H3,(H,59,60)(H2,56,57,58)"
CCCCCC(=O)OCCCC,"InChI=1S/C10H20O2/c1-3-5-7-8-10(11)12-9-6-4-2/h3-9H2,1-2H3"
CC(=O)OCC(C#Cc1ccc(-c2cccs2)s1)OC(C)=O,"InChI=1S/C16H14O4S2/c1-11(17)19-10-13(20-12(2)18)5-6-14-7-8-16(22-14)15-4-3-9-21-15/h3-4,7-9,13H,10H2,1-2H3"
CCCCCCC(O)CC=CCCCCCCCC(=O)O,"InChI=1S/C18H34O3/c1-2-3-4-11-14-17(19)15-12-9-7-5-6-8-10-13-16-18(20)21/h9,12,17,19H,2-8,10-11,13-16H2,1H3,(H,20,21)"
NC(Cc1cccc(O)c1)C(=O)O,"InChI=1S/C9H11NO3/c10-8(9(12)13)5-6-2-1-3-7(11)4-6/h1-4,8,11H,5,10H2,(H,12,13)"
CCC12C=CCN3CCC4(C(=C(C(=O)OC)C1)Nc1ccccc14)C32,"InChI=1S/C21H24N2O2/c1-3-20-9-6-11-23-12-10-21(19(20)23)15-7-4-5-8-16(15)22-17(21)14(13-20)18(24)25-2/h4-9,19,22H,3,10-13H2,1-2H3"
CC(C)CCCCCCCCCCCC(O)C(N)CS(=O)(=O)O,"InChI=1S/C17H37NO4S/c1-15(2)12-10-8-6-4-3-5-7-9-11-13-17(19)16(18)14-23(20,21)22/h15-17,19H,3-14,18H2,1-2H3,(H,20,21,22)"
O=C1C=CC(=O)N1,"InChI=1S/C4H3NO2/c6-3-1-2-4(7)5-3/h1-2H,(H,5,6,7)"
CC(=CCc1c(O)c(Cl)c(C)c(C=O)c1O)CCC=C(C)C1CC(O)C(C)(C)O1,"InChI=1S/C23H31ClO5/c1-13(7-6-8-14(2)18-11-19(26)23(4,5)29-18)9-10-16-21(27)17(12-25)15(3)20(24)22(16)28/h8-9,12,18-19,26-28H,6-7,10-11H2,1-5H3"
Cc1ccc(O)c(O)c1CCC1C(=O)CCC2(C)C(=O)CCC12,"InChI=1S/C19H24O4/c1-11-3-7-16(21)18(23)12(11)4-5-13-14-6-8-17(22)19(14,2)10-9-15(13)20/h3,7,13-14,21,23H,4-6,8-10H2,1-2H3"
CCC(NC(=O)CCC(N)C(=O)O)C(=O)O,"InChI=1S/C9H16N2O5/c1-2-6(9(15)16)11-7(12)4-3-5(10)8(13)14/h5-6H,2-4,10H2,1H3,(H,11,12)(H,13,14)(H,15,16)"
CCCCCCCCC=CCCCCCCCC(=O)OC(CO)COC(=O)CCCCCCCCCCCCCCCCC,"InChI=1S/C39H74O5/c1-3-5-7-9-11-13-15-17-19-21-23-25-27-29-31-33-38(41)43-36-37(35-40)44-39(42)34-32-30-28-26-24-22-20-18-16-14-12-10-8-6-4-2/h18,20,37,40H,3-17,19,21-36H2,1-2H3"
O=C(O)CCCC=CCC=CCC=CCCCCCCCCO,"InChI=1S/C20H34O3/c21-19-17-15-13-11-9-7-5-3-1-2-4-6-8-10-12-14-16-18-20(22)23/h1,3-4,6,10,12,21H,2,5,7-9,11,13-19H2,(H,22,23)"
O=c1ccn(C2CC(O)C(CO)O2)c(=O)[nH]1,"InChI=1S/C9H12N2O5/c12-4-6-5(13)3-8(16-6)11-2-1-7(14)10-9(11)15/h1-2,5-6,8,12-13H,3-4H2,(H,10,14,15)"
CCCCCC=CCC=CCC=CCC=CCCCC(=O)NCCOP(=O)(O)OCC(O)COC(=O)CCCCCCCC=CCCCCCCCC,"InChI=1S/C43H76NO8P/c1-3-5-7-9-11-13-15-17-19-20-22-23-25-27-29-31-33-35-42(46)44-37-38-51-53(48,49)52-40-41(45)39-50-43(47)36-34-32-30-28-26-24-21-18-16-14-12-10-8-6-4-2/h11,13,17-19,21-23,27,29,41,45H,3-10,12,14-16,20,24-26,28,30-40H2,1-2H3,(H,44,46)(H,48,49)"
O=C(O)c1ccc(S(=O)(=O)O)cc1,"InChI=1S/C7H6O5S/c8-7(9)5-1-3-6(4-2-5)13(10,11)12/h1-4H,(H,8,9)(H,10,11,12)"
N#CC(OC1OC(CO)C(O)C(O)C1O)c1ccccc1,"InChI=1S/C14H17NO6/c15-6-9(8-4-2-1-3-5-8)20-14-13(19)12(18)11(17)10(7-16)21-14/h1-5,9-14,16-19H,7H2"
O=C(O)C1CCCNN1,"InChI=1S/C5H10N2O2/c8-5(9)4-2-1-3-6-7-4/h4,6-7H,1-3H2,(H,8,9)"
CC(C)=CCc1cc(C(O)C(=O)O)ccc1O,"InChI=1S/C13H16O4/c1-8(2)3-4-9-7-10(5-6-11(9)14)12(15)13(16)17/h3,5-7,12,14-15H,4H2,1-2H3,(H,16,17)"
CCCCCCCCC=CCCCCCCCC(=O)OCCCCCCCCCCCCCCCCCCCC,"InChI=1S/C38H74O2/c1-3-5-7-9-11-13-15-17-19-20-21-23-25-27-29-31-33-35-37-40-38(39)36-34-32-30-28-26-24-22-18-16-14-12-10-8-6-4-2/h18,22H,3-17,19-21,23-37H2,1-2H3"
O=c1ccc2ccc(O)c(O)c2o1,"InChI=1S/C9H6O4/c10-6-3-1-5-2-4-7(11)13-9(5)8(6)12/h1-4,10,12H"
COP(=O)(O)OCCNC(=N)NP(=O)(O)O,"InChI=1S/C4H13N3O7P2/c1-13-16(11,12)14-3-2-6-4(5)7-15(8,9)10/h2-3H2,1H3,(H,11,12)(H5,5,6,7,8,9,10)"
O=C(O)c1cc(O)cc(=O)c(O)c1,"InChI=1S/C8H6O5/c9-5-1-4(8(12)13)2-6(10)7(11)3-5/h1-3,9H,(H,10,11)(H,12,13)"
Cn1c(=O)[nH]c2nncnc2c1=O,"InChI=1S/C6H5N5O2/c1-11-5(12)3-4(9-6(11)13)10-8-2-7-3/h2H,1H3,(H,9,10,13)"
O=C(O)C(CO)OP(=O)(O)O,"InChI=1S/C3H7O7P/c4-1-2(3(5)6)10-11(7,8)9/h2,4H,1H2,(H,5,6)(H2,7,8,9)"
CCCCC(O)CCCCCCCCC(=O)O,"InChI=1S/C14H28O3/c1-2-3-10-13(15)11-8-6-4-5-7-9-12-14(16)17/h13,15H,2-12H2,1H3,(H,16,17)"
CCCCCC(O)C=CC1C=CC(=O)C1CC=CCCCC(=O)O,"InChI=1S/C20H30O4/c1-2-3-6-9-17(21)14-12-16-13-15-19(22)18(16)10-7-4-5-8-11-20(23)24/h4,7,12-18,21H,2-3,5-6,8-11H2,1H3,(H,23,24)"
CC(C)=CC=CC(C)=CC=CC(C)=CC=CC=C(C)C=CC=C(C)C=CC=C(C)C,"InChI=1S/C30H40/c1-25(2)15-11-19-29(7)23-13-21-27(5)17-9-10-18-28(6)22-14-24-30(8)20-12-16-26(3)4/h9-24H,1-8H3"
O=C(O)CCCCCCCCCCCCCCCCCCCCCCCO,"InChI=1S/C24H48O3/c25-23-21-19-17-15-13-11-9-7-5-3-1-2-4-6-8-10-12-14-16-18-20-22-24(26)27/h25H,1-23H2,(H,26,27)"
O=CCCCCCCCCC(=O)O,"InChI=1S/C10H18O3/c11-9-7-5-3-1-2-4-6-8-10(12)13/h9H,1-8H2,(H,12,13)"
COc1ccc2c(c1O)-c1c(O)c(OC)cc3c1C(C2)N(C)CC3,"InChI=1S/C19H21NO4/c1-20-7-6-11-9-14(24-3)19(22)17-15(11)12(20)8-10-4-5-13(23-2)18(21)16(10)17/h4-5,9,12,21-22H,6-8H2,1-3H3"
CC(=CCO)CCC1C(C)(O)CCC2C3(C)CCCC(C)(C)C3CCC12C,"InChI=1S/C25H44O2/c1-18(12-17-26)8-9-21-24(5)15-10-19-22(2,3)13-7-14-23(19,4)20(24)11-16-25(21,6)27/h12,19-21,26-27H,7-11,13-17H2,1-6H3"
CC(C)C(C)C=CC(C)C1CCC2C3=CC=C4CC(O)CCC4(C)C3CCC21C,"InChI=1S/C28H44O/c1-18(2)19(3)7-8-20(4)24-11-12-25-23-10-9-21-17-22(29)13-15-27(21,5)26(23)14-16-28(24,25)6/h7-10,18-20,22,24-26,29H,11-17H2,1-6H3"
