Loading configuration from: config.yaml
======================================================================
CONFIGURATION
======================================================================
Input file: ApprovedDrugCentral_SMILES_short.csv
SMILES column: Canonical_SMILES
Start index: 0
Number to process: all
Output directory: doranet_output
Workers: 32
Generations: 2
Ruleset: JN3604IMT
Direction: forward
Max atoms: {'C': 36, 'N': 12, 'O': 11, 'S': 3}
======================================================================
Configuration saved to: doranet_output/config_used.yaml

Reading SMILES from CSV...
Loaded 51 SMILES

Starting parallel processing
  Total SMILES: 51
  Workers: 32
  No timeout limits — each molecule runs until completion
----------------------------------------------------------------------
[Worker 12] Starting [12/51] SMILES: NC1=NC(=O)N(C=C1)[C@@H]1CS[C@H](CO)O1...
Job name: starter_00011
Job type: enzymatic network expansion forward
Ruleset: JN3604IMT (JN3604IMT_rules.tsv)
Job started on: 2026-02-12 15:01:01.915173
Number of generations: 2
Number of operators loaded: 3571
Number of molecules before expantion (including cofactors): 42
Number of molecules after expantion (including cofactors): 287
Number of reactions: 363
Time used for network generation: 3.25 minutes

Job name: starter_00011
Job type: post-processing pretreat networks
Job started on: 2026-02-12 15:04:20.131867
Loading networks, it may take a while if loading large networks from file
Loading network 1 from memory
Number of reations in network 1: 363
Networks loaded, now generating reaction strings
Reaction strings generation finished
Removing unconnected reactions
Unconnected reactions removed
Total number of reactions after pretreatment: 361
Time used for network pretreatment: 0.00 minutes

Job name: starter_00011
Job type: pathway search
Job started on: 2026-02-12 15:04:20.169216
Pathway finder started, total number of reactions in network 361
Searching for pathways.
If it is taking too long, try adjusting pruning parameters
No pathway found! Try adjusting pruning parameters.
Pathway search finished, removing loops if there's any.
Time used for pathway search: 0.00 minutes

Job name: starter_00011
Job type: pathway ranking
Job started on: 2026-02-12 15:04:20.262230
Start ranking pathways. Number of pathways after sanitization: 2
Reaction thermodynamics ranking working
Reaction thermodynamics ranking finished
Atom economy ranking working
Atom economy calculation error for pathway 1
Atom economy calculation error for pathway 2
Min_eco 0
Max_eco 0
None_eco 0
Atom_economy ranking finished
Number of steps ranking working
Number of steps ranking finished
By product_number ranking working
You can adjust multi-processing number to speed it up
By product_number ranking finished
min score 6.0
max score 6.0

Pathway ranking finished. Pathway scores:

ranking 1
final score 6.0
Max reaction enthalpy score 0  x  2  =  0
Number of reactions score 1.0  x  4  =  4.0
By-product score 1.0  x  2  =  2.0
Pathway atom economy score 0.0  x  1  =  0.0
Salt score 0  x  0  =  0
Reaxys score 0  x  0  =  0
Cool score 0  x  0  =  0
atom economy 0
pathway by-product 0
intermediate by-product {None: 0}
NC(=O)c1ccc[n+]([C@@H]2O[C@H](COP(=O)(O)OP(=O)(O)OC[C@H]3O[C@@H](n4cnc5c(N)ncnc54)[C@H](OP(=O)(O)O)[C@@H]3O)[C@@H](O)[C@H]2O)c1.Nc1cc(CO)n([C@@H]2CSCO2)c(=O)n1>>NC(=O)C1=CN([C@@H]2O[C@H](COP(=O)(O)OP(=O)(O)OC[C@H]3O[C@@H](n4cnc5c(N)ncnc54)[C@H](OP(=O)(O)O)[C@@H]3O)[C@@H](O)[C@H]2O)C=CC1.Nc1cc(C=O)n([C@@H]2CSCO2)c(=O)n1
Nc1ccn([C@@H]2CS[C@H](CO)O2)c(=O)n1>>Nc1cc(CO)n([C@@H]2CSCO2)c(=O)n1
rule0002_154
rule0028_50
No_Thermo
No_Thermo

ranking 2
final score 6.0
Max reaction enthalpy score 0  x  2  =  0
Number of reactions score 1.0  x  4  =  4.0
By-product score 1.0  x  2  =  2.0
Pathway atom economy score 0.0  x  1  =  0.0
Salt score 0  x  0  =  0
Reaxys score 0  x  0  =  0
Cool score 0  x  0  =  0
atom economy 0
pathway by-product 0
intermediate by-product {None: 0}
NC(=O)C1=CN([C@@H]2O[C@H](COP(=O)(O)OP(=O)(O)OC[C@H]3O[C@@H](n4cnc5c(N)ncnc54)[C@H](OP(=O)(O)O)[C@@H]3O)[C@@H](O)[C@H]2O)C=CC1.Nc1cc(CO)n([C@@H]2CSCO2)c(=O)n1.O=O>>NC(=O)c1ccc[n+]([C@@H]2O[C@H](COP(=O)(O)OP(=O)(O)OC[C@H]3O[C@@H](n4cnc5c(N)ncnc54)[C@H](OP(=O)(O)O)[C@@H]3O)[C@@H](O)[C@H]2O)c1.Nc1cc(C=O)n([C@@H]2CSCO2)c(=O)n1.O.O
Nc1ccn([C@@H]2CS[C@H](CO)O2)c(=O)n1>>Nc1cc(CO)n([C@@H]2CSCO2)c(=O)n1
rule0073_5
rule0028_50
No_Thermo
No_Thermo

Time used for pathway ranking: 0.00 minutes

Job name: starter_00011
Job type: pathway visualization
Job started on: 2026-02-12 15:04:20.352320
pygraphviz is NOT installed.
A custom node layout will be used for pathway visualization
Number of pathways:  2
Number of reactions in reaxys:  0
Working on creating pages
You can adjust multi-processing number to speed up PDF generation
page done: 1
page done: 2
[Worker 32] Starting [32/51] SMILES: NC1=NC(=O)N(C=C1F)[C@@H]1CS[C@H](CO)O1...
Job name: starter_00031
Job type: enzymatic network expansion forward
Ruleset: JN3604IMT (JN3604IMT_rules.tsv)
Job started on: 2026-02-12 15:01:01.992257
Number of generations: 2
Number of operators loaded: 3571
Number of molecules before expantion (including cofactors): 42
Number of molecules after expantion (including cofactors): 263
Number of reactions: 323
Time used for network generation: 4.81 minutes

Job name: starter_00031
Job type: post-processing pretreat networks
Job started on: 2026-02-12 15:05:55.638582
Loading networks, it may take a while if loading large networks from file
Loading network 1 from memory
Number of reations in network 1: 323
Networks loaded, now generating reaction strings
Reaction strings generation finished
Removing unconnected reactions
Unconnected reactions removed
Total number of reactions after pretreatment: 321
Time used for network pretreatment: 0.00 minutes

Job name: starter_00031
Job type: pathway search
Job started on: 2026-02-12 15:05:55.695482
Pathway finder started, total number of reactions in network 321
Searching for pathways.
If it is taking too long, try adjusting pruning parameters
No pathway found! Try adjusting pruning parameters.
Pathway search finished, removing loops if there's any.
Time used for pathway search: 0.00 minutes

Job name: starter_00031
Job type: pathway ranking
Job started on: 2026-02-12 15:05:55.833102
Start ranking pathways. Number of pathways after sanitization: 2
Reaction thermodynamics ranking working
Reaction thermodynamics ranking finished
Atom economy ranking working
Atom economy calculation error for pathway 1
Atom economy calculation error for pathway 2
Min_eco 0
Max_eco 0
None_eco 0
Atom_economy ranking finished
Number of steps ranking working
Number of steps ranking finished
By product_number ranking working
You can adjust multi-processing number to speed it up
By product_number ranking finished
min score 6.0
max score 6.0

Pathway ranking finished. Pathway scores:

ranking 1
final score 6.0
Max reaction enthalpy score 0  x  2  =  0
Number of reactions score 1.0  x  4  =  4.0
By-product score 1.0  x  2  =  2.0
Pathway atom economy score 0.0  x  1  =  0.0
Salt score 0  x  0  =  0
Reaxys score 0  x  0  =  0
Cool score 0  x  0  =  0
atom economy 0
pathway by-product 0
intermediate by-product {None: 0}
Nc1nc(=O)n([C@@H]2CS[C@H](CO)O2)cc1F>>Nc1nc(=O)n([C@H]2OCSC2CO)cc1F
Nc1nc(=O)n([C@H]2OCSC2CO)cc1F.O=c1ccn([C@@H]2O[C@H](COP(=O)(O)OP(=O)(O)O[C@H]3O[C@H](CO)[C@@H](O)[C@H](O)[C@H]3O)[C@@H](O)[C@H]2O)c(=O)[nH]1>>Nc1nc(=O)n([C@H]2OCSC2CO[C@H]2O[C@H](CO)[C@@H](O)[C@H](O)[C@H]2O)cc1F.O=c1ccn([C@@H]2O[C@H](COP(=O)(O)OP(=O)(O)O)[C@@H](O)[C@H]2O)c(=O)[nH]1
rule0028_50
rule0009_41
No_Thermo
No_Thermo

ranking 2
final score 6.0
Max reaction enthalpy score 0  x  2  =  0
Number of reactions score 1.0  x  4  =  4.0
By-product score 1.0  x  2  =  2.0
Pathway atom economy score 0.0  x  1  =  0.0
Salt score 0  x  0  =  0
Reaxys score 0  x  0  =  0
Cool score 0  x  0  =  0
atom economy 0
pathway by-product 0
intermediate by-product {None: 0}
Nc1nc(=O)n([C@@H]2CS[C@H](CO)O2)cc1F.O=c1ccn([C@@H]2O[C@H](COP(=O)(O)OP(=O)(O)O[C@H]3O[C@H](CO)[C@@H](O)[C@H](O)[C@H]3O)[C@@H](O)[C@H]2O)c(=O)[nH]1>>Nc1nc(=O)n([C@@H]2CS[C@H](CO[C@H]3O[C@H](CO)[C@@H](O)[C@H](O)[C@H]3O)O2)cc1F.O=c1ccn([C@@H]2O[C@H](COP(=O)(O)OP(=O)(O)O)[C@@H](O)[C@H]2O)c(=O)[nH]1
Nc1nc(=O)n([C@@H]2CS[C@H](CO[C@H]3O[C@H](CO)[C@@H](O)[C@H](O)[C@H]3O)O2)cc1F>>Nc1nc(=O)n([C@H]2OCSC2CO[C@H]2O[C@H](CO)[C@@H](O)[C@H](O)[C@H]2O)cc1F
rule0009_41
rule0028_50
No_Thermo
No_Thermo

Time used for pathway ranking: 0.00 minutes

Job name: starter_00031
Job type: pathway visualization
Job started on: 2026-02-12 15:05:55.914113
pygraphviz is NOT installed.
A custom node layout will be used for pathway visualization
Number of pathways:  2
Number of reactions in reaxys:  0
Working on creating pages
You can adjust multi-processing number to speed up PDF generation
page done: 1
page done: 2
[Worker 22] Starting [22/51] SMILES: NC1=NC(=O)N(C=N1)[C@@H]1O[C@H](CO)[C@@H](O)[C@H]1O...
Job name: starter_00021
Job type: enzymatic network expansion forward
Ruleset: JN3604IMT (JN3604IMT_rules.tsv)
Job started on: 2026-02-12 15:01:01.942637
Number of generations: 2
Number of operators loaded: 3571
Number of molecules before expantion (including cofactors): 42
Number of molecules after expantion (including cofactors): 577
Number of reactions: 917
Time used for network generation: 5.84 minutes

Job name: starter_00021
Job type: post-processing pretreat networks
Job started on: 2026-02-12 15:06:55.582703
Loading networks, it may take a while if loading large networks from file
Loading network 1 from memory
Number of reations in network 1: 917
Networks loaded, now generating reaction strings
Reaction strings generation finished
Removing unconnected reactions
Unconnected reactions removed
Total number of reactions after pretreatment: 911
Time used for network pretreatment: 0.00 minutes

Job name: starter_00021
Job type: pathway search
Job started on: 2026-02-12 15:06:55.643077
Pathway finder started, total number of reactions in network 911
Searching for pathways.
If it is taking too long, try adjusting pruning parameters
No pathway found! Try adjusting pruning parameters.
Pathway search finished, removing loops if there's any.
Time used for pathway search: 0.00 minutes

Job name: starter_00021
Job type: pathway ranking
Job started on: 2026-02-12 15:06:55.885862
Start ranking pathways. Number of pathways after sanitization: 4
Reaction thermodynamics ranking working
Reaction thermodynamics ranking finished
Atom economy ranking working
Atom economy calculation error for pathway 1
Atom economy calculation error for pathway 2
Atom economy calculation error for pathway 3
Atom economy calculation error for pathway 4
Min_eco 0
Max_eco 0
None_eco 0
Atom_economy ranking finished
Number of steps ranking working
Number of steps ranking finished
By product_number ranking working
You can adjust multi-processing number to speed it up
By product_number ranking finished
min score 6.0
max score 6.0

Pathway ranking finished. Pathway scores:

ranking 1
final score 6.0
Max reaction enthalpy score 0  x  2  =  0
Number of reactions score 1.0  x  4  =  4.0
By-product score 1.0  x  2  =  2.0
Pathway atom economy score 0.0  x  1  =  0.0
Salt score 0  x  0  =  0
Reaxys score 0  x  0  =  0
Cool score 0  x  0  =  0
atom economy 0
pathway by-product 0
intermediate by-product {None: 0}
Nc1ncn([C@@H]2O[C@H](CO)[C@@H](O)[C@H]2O)c(=O)n1.O>>N.O=c1nc(O)ncn1[C@@H]1O[C@H](CO)[C@@H](O)[C@H]1O
O=P(O)(O)O.O=c1nc(O)ncn1[C@@H]1O[C@H](CO)[C@@H](O)[C@H]1O>>O.O=c1nc(O)ncn1[C@@H]1O[C@H](COP(=O)(O)O)[C@@H](O)[C@H]1O
rule0056_10
rule0017_29
No_Thermo
No_Thermo

ranking 2
final score 6.0
Max reaction enthalpy score 0  x  2  =  0
Number of reactions score 1.0  x  4  =  4.0
By-product score 1.0  x  2  =  2.0
Pathway atom economy score 0.0  x  1  =  0.0
Salt score 0  x  0  =  0
Reaxys score 0  x  0  =  0
Cool score 0  x  0  =  0
atom economy 0
pathway by-product 0
intermediate by-product {None: 0}
Nc1ncn([C@@H]2O[C@H](CO)[C@@H](O)[C@H]2O)c(=O)n1.O>>N.O=c1nc(O)ncn1[C@@H]1O[C@H](CO)[C@@H](O)[C@H]1O
Nc1ncnc2c1ncn2[C@@H]1O[C@H](COP(=O)(O)OP(=O)(O)OP(=O)(O)O)[C@@H](O)[C@H]1O.O=c1nc(O)ncn1[C@@H]1O[C@H](CO)[C@@H](O)[C@H]1O>>Nc1ncnc2c1ncn2[C@@H]1O[C@H](COP(=O)(O)OP(=O)(O)O)[C@@H](O)[C@H]1O.O=c1nc(O)ncn1[C@@H]1O[C@H](COP(=O)(O)O)[C@@H](O)[C@H]1O
rule0056_10
rule0015_21
No_Thermo
No_Thermo

ranking 3
final score 6.0
Max reaction enthalpy score 0  x  2  =  0
Number of reactions score 1.0  x  4  =  4.0
By-product score 1.0  x  2  =  2.0
Pathway atom economy score 0.0  x  1  =  0.0
Salt score 0  x  0  =  0
Reaxys score 0  x  0  =  0
Cool score 0  x  0  =  0
atom economy 0
pathway by-product 0
intermediate by-product {None: 0}
Nc1ncn([C@@H]2O[C@H](CO)[C@@H](O)[C@H]2O)c(=O)n1.O=P(O)(O)O>>Nc1ncn([C@@H]2O[C@H](COP(=O)(O)O)[C@@H](O)[C@H]2O)c(=O)n1.O
Nc1ncn([C@@H]2O[C@H](COP(=O)(O)O)[C@@H](O)[C@H]2O)c(=O)n1.O>>N.O=c1nc(O)ncn1[C@@H]1O[C@H](COP(=O)(O)O)[C@@H](O)[C@H]1O
rule0017_29
rule0056_10
No_Thermo
No_Thermo

ranking 4
final score 6.0
Max reaction enthalpy score 0  x  2  =  0
Number of reactions score 1.0  x  4  =  4.0
By-product score 1.0  x  2  =  2.0
Pathway atom economy score 0.0  x  1  =  0.0
Salt score 0  x  0  =  0
Reaxys score 0  x  0  =  0
Cool score 0  x  0  =  0
atom economy 0
pathway by-product 0
intermediate by-product {None: 0}
Nc1ncn([C@@H]2O[C@H](CO)[C@@H](O)[C@H]2O)c(=O)n1.Nc1ncnc2c1ncn2[C@@H]1O[C@H](COP(=O)(O)OP(=O)(O)OP(=O)(O)O)[C@@H](O)[C@H]1O>>Nc1ncn([C@@H]2O[C@H](COP(=O)(O)O)[C@@H](O)[C@H]2O)c(=O)n1.Nc1ncnc2c1ncn2[C@@H]1O[C@H](COP(=O)(O)OP(=O)(O)O)[C@@H](O)[C@H]1O
Nc1ncn([C@@H]2O[C@H](COP(=O)(O)O)[C@@H](O)[C@H]2O)c(=O)n1.O>>N.O=c1nc(O)ncn1[C@@H]1O[C@H](COP(=O)(O)O)[C@@H](O)[C@H]1O
rule0015_21
rule0056_10
No_Thermo
No_Thermo

Time used for pathway ranking: 0.00 minutes

Job name: starter_00021
Job type: pathway visualization
Job started on: 2026-02-12 15:06:55.980725
pygraphviz is NOT installed.
A custom node layout will be used for pathway visualization
Number of pathways:  4
Number of reactions in reaxys:  0
Working on creating pages
You can adjust multi-processing number to speed up PDF generation
page done: 1
page done: 2
page done: 3
page done: 4
[Worker 27] Starting [27/51] SMILES: OC[C@H]1NC[C@H](O)[C@@H](O)[C@H]1O...
Job name: starter_00026
Job type: enzymatic network expansion forward
Ruleset: JN3604IMT (JN3604IMT_rules.tsv)
Job started on: 2026-02-12 15:01:01.978791
Number of generations: 2
Number of operators loaded: 3571
Number of molecules before expantion (including cofactors): 42
Number of molecules after expantion (including cofactors): 894
Number of reactions: 1396
Time used for network generation: 6.46 minutes

Job name: starter_00026
Job type: post-processing pretreat networks
Job started on: 2026-02-12 15:07:33.061291
Loading networks, it may take a while if loading large networks from file
Loading network 1 from memory
Number of reations in network 1: 1396
Networks loaded, now generating reaction strings
Reaction strings generation finished
Removing unconnected reactions
Unconnected reactions removed
Total number of reactions after pretreatment: 1385
Time used for network pretreatment: 0.00 minutes

Job name: starter_00026
Job type: pathway search
Job started on: 2026-02-12 15:07:33.136898
Pathway finder started, total number of reactions in network 1385
Searching for pathways.
If it is taking too long, try adjusting pruning parameters
No pathway found! Try adjusting pruning parameters.
Pathway search finished, removing loops if there's any.
Time used for pathway search: 0.00 minutes

Job name: starter_00026
Job type: pathway ranking
Job started on: 2026-02-12 15:07:33.419909
Start ranking pathways. Number of pathways after sanitization: 1
Reaction thermodynamics ranking working
Reaction thermodynamics ranking finished
Atom economy ranking working
Atom economy calculation error for pathway 1
Min_eco 0
Max_eco 0
None_eco 0
Atom_economy ranking finished
Number of steps ranking working
Number of steps ranking finished
By product_number ranking working
You can adjust multi-processing number to speed it up
By product_number ranking finished
min score 6.0
max score 6.0

Pathway ranking finished. Pathway scores:

ranking 1
final score 6.0
Max reaction enthalpy score 0  x  2  =  0
Number of reactions score 1.0  x  4  =  4.0
By-product score 1.0  x  2  =  2.0
Pathway atom economy score 0.0  x  1  =  0.0
Salt score 0  x  0  =  0
Reaxys score 0  x  0  =  0
Cool score 0  x  0  =  0
atom economy 0
pathway by-product 0
intermediate by-product {None: 0}
CC(=O)OC[C@H]1NC[C@H](O)[C@@H](O)[C@H]1O>>CC(O)OC[C@H]1NC[C@@H]2O[C@]1(O)[C@@H]2O
CC(=O)SCCNC(=O)CCNC(=O)[C@H](O)C(C)(C)COP(=O)(O)OP(=O)(O)OC[C@H]1O[C@@H](n2cnc3c(N)ncnc32)[C@H](O)[C@@H]1OP(=O)(O)O.OC[C@H]1NC[C@H](O)[C@@H](O)[C@H]1O>>CC(=O)OC[C@H]1NC[C@H](O)[C@@H](O)[C@H]1O.CC(C)(COP(=O)(O)OP(=O)(O)OC[C@H]1O[C@@H](n2cnc3c(N)ncnc32)[C@H](O)[C@@H]1OP(=O)(O)O)[C@@H](O)C(=O)NCCC(=O)NCCS
rule0169_1
rule0062_18
No_Thermo
No_Thermo

Time used for pathway ranking: 0.00 minutes

Job name: starter_00026
Job type: pathway visualization
Job started on: 2026-02-12 15:07:33.485635
pygraphviz is NOT installed.
A custom node layout will be used for pathway visualization
Number of pathways:  1
Number of reactions in reaxys:  0
Working on creating pages
You can adjust multi-processing number to speed up PDF generation
page done: 1
[Worker 13] Starting [13/51] SMILES: NC1=C2CN(C3CCC(=O)NC3=O)C(=O)C2=CC=C1...
Job name: starter_00012
Job type: enzymatic network expansion forward
Ruleset: JN3604IMT (JN3604IMT_rules.tsv)
Job started on: 2026-02-12 15:01:01.916333
Number of generations: 2
Number of operators loaded: 3571
Number of molecules before expantion (including cofactors): 42
Number of molecules after expantion (including cofactors): 945
Number of reactions: 1202
Time used for network generation: 7.72 minutes

Job name: starter_00012
Job type: post-processing pretreat networks
Job started on: 2026-02-12 15:08:48.949685
Loading networks, it may take a while if loading large networks from file
Loading network 1 from memory
Number of reations in network 1: 1202
Networks loaded, now generating reaction strings
Reaction strings generation finished
Removing unconnected reactions
Unconnected reactions removed
Total number of reactions after pretreatment: 1202
Time used for network pretreatment: 0.00 minutes

Job name: starter_00012
Job type: pathway search
Job started on: 2026-02-12 15:08:49.018391
Pathway finder started, total number of reactions in network 1202
Searching for pathways.
If it is taking too long, try adjusting pruning parameters
No pathway found! Try adjusting pruning parameters.
Pathway search finished, removing loops if there's any.
Time used for pathway search: 0.01 minutes

Job name: starter_00012
Job type: pathway ranking
Job started on: 2026-02-12 15:08:49.365986
Start ranking pathways. Number of pathways after sanitization: 1
Reaction thermodynamics ranking working
Reaction thermodynamics ranking finished
Atom economy ranking working
Atom economy calculation error for pathway 1
Min_eco 0
Max_eco 0
None_eco 0
Atom_economy ranking finished
Number of steps ranking working
Number of steps ranking finished
By product_number ranking working
You can adjust multi-processing number to speed it up
By product_number ranking finished
min score 6.0
max score 6.0

Pathway ranking finished. Pathway scores:

ranking 1
final score 6.0
Max reaction enthalpy score 0  x  2  =  0
Number of reactions score 1.0  x  4  =  4.0
By-product score 1.0  x  2  =  2.0
Pathway atom economy score 0.0  x  1  =  0.0
Salt score 0  x  0  =  0
Reaxys score 0  x  0  =  0
Cool score 0  x  0  =  0
atom economy 0
pathway by-product 0
intermediate by-product {None: 0}
CC(C)=CCOP(=O)(O)OP(=O)(O)O.Nc1cccc2c1CN(C1CCC(=O)NC1=O)C2=O>>CC(C)=CCc1ccc2c(c1N)CN(C1CCC(=O)NC1=O)C2=O.O=P(O)(O)OP(=O)(O)O
CC(C)=CCc1ccc2c(c1N)CN(C1CCC(=O)NC1=O)C2=O.CC(C)=CCc1ccc2c(c1N)CN(C1CCC(=O)NC1=O)C2=O>>C=C(C)C.CC(C)=CCc1ccc2c(c1N)C(Cc1ccc3c(c1N)CN(C1CCC(=O)NC1=O)C3=O)N(C1CCC(=O)NC1=O)C2=O
rule0110_5
rule0126_2
No_Thermo
No_Thermo

Time used for pathway ranking: 0.00 minutes

Job name: starter_00012
Job type: pathway visualization
Job started on: 2026-02-12 15:08:49.430520
pygraphviz is NOT installed.
A custom node layout will be used for pathway visualization
Number of pathways:  1
Number of reactions in reaxys:  0
Working on creating pages
You can adjust multi-processing number to speed up PDF generation
page done: 1
[Worker 8] Starting [8/51] SMILES: FC1=C(C=CC(=C1)C#N)[C@H]1CCC2=CN=CN12...
Job name: starter_00007
Job type: enzymatic network expansion forward
Ruleset: JN3604IMT (JN3604IMT_rules.tsv)
Job started on: 2026-02-12 15:01:01.912709
Number of generations: 2
Number of operators loaded: 3571
Number of molecules before expantion (including cofactors): 42
Number of molecules after expantion (including cofactors): 815
Number of reactions: 978
Time used for network generation: 9.32 minutes

Job name: starter_00007
Job type: post-processing pretreat networks
Job started on: 2026-02-12 15:10:24.910687
Loading networks, it may take a while if loading large networks from file
Loading network 1 from memory
Number of reations in network 1: 978
Networks loaded, now generating reaction strings
Reaction strings generation finished
Removing unconnected reactions
Unconnected reactions removed
Total number of reactions after pretreatment: 978
Time used for network pretreatment: 0.00 minutes

Job name: starter_00007
Job type: pathway search
Job started on: 2026-02-12 15:10:24.971194
Pathway finder started, total number of reactions in network 978
Searching for pathways.
If it is taking too long, try adjusting pruning parameters
No pathway found! Try adjusting pruning parameters.
Pathway search finished, removing loops if there's any.
Time used for pathway search: 0.00 minutes

Job name: starter_00007
Job type: pathway ranking
Job started on: 2026-02-12 15:10:25.240507
Start ranking pathways. Number of pathways after sanitization: 1
Reaction thermodynamics ranking working
Reaction thermodynamics ranking finished
Atom economy ranking working
Min_eco 1
Max_eco 1.0
None_eco 0
Atom_economy ranking finished
Number of steps ranking working
Number of steps ranking finished
By product_number ranking working
You can adjust multi-processing number to speed it up
By product_number ranking finished
min score 6.0
max score 6.0

Pathway ranking finished. Pathway scores:

ranking 1
final score 6.0
Max reaction enthalpy score 0  x  2  =  0
Number of reactions score 1.0  x  4  =  4.0
By-product score 1.0  x  2  =  2.0
Pathway atom economy score 0.0  x  1  =  0.0
Salt score 0  x  0  =  0
Reaxys score 0  x  0  =  0
Cool score 0  x  0  =  0
atom economy 1.0
pathway by-product 0
intermediate by-product {None: 0}
N#Cc1ccc([C@H]2CCc3cncn32)c(F)c1.NC(=O)C1=CN([C@@H]2O[C@H](COP(=O)(O)OP(=O)(O)OC[C@H]3O[C@@H](n4cnc5c(N)ncnc54)[C@H](OP(=O)(O)O)[C@@H]3O)[C@@H](O)[C@H]2O)C=CC1.O=O>>N#CC1=CC=C([C@H]2CCc3cncn32)C2(F)OC12.NC(=O)c1ccc[n+]([C@@H]2O[C@H](COP(=O)(O)OP(=O)(O)OC[C@H]3O[C@@H](n4cnc5c(N)ncnc54)[C@H](OP(=O)(O)O)[C@@H]3O)[C@@H](O)[C@H]2O)c1.O
rule0951_1
No_Thermo

Time used for pathway ranking: 0.00 minutes

Job name: starter_00007
Job type: pathway visualization
Job started on: 2026-02-12 15:10:25.316899
pygraphviz is NOT installed.
A custom node layout will be used for pathway visualization
Number of pathways:  1
Number of reactions in reaxys:  0
Working on creating pages
You can adjust multi-processing number to speed up PDF generation
page done: 1
[Worker 2] Starting [2/51] SMILES: S=P(N1CC1)(N1CC1)N1CC1...
Job name: starter_00001
Job type: enzymatic network expansion forward
Ruleset: JN3604IMT (JN3604IMT_rules.tsv)
Job started on: 2026-02-12 15:01:01.914097
Number of generations: 2
Number of operators loaded: 3571
Number of molecules before expantion (including cofactors): 42
Number of molecules after expantion (including cofactors): 42
Number of reactions: 0
Time used for network generation: 0.31 minutes

Job name: starter_00001
Job type: post-processing pretreat networks
Job started on: 2026-02-12 15:01:25.522323
Loading networks, it may take a while if loading large networks from file
Loading network 1 from memory
Number of reations in network 1: 0
Networks loaded, now generating reaction strings
Reaction strings generation finished
Removing unconnected reactions
Unconnected reactions removed
Total number of reactions after pretreatment: 0
Time used for network pretreatment: 0.00 minutes

Job name: starter_00001
Job type: pathway search
Job started on: 2026-02-12 15:01:25.526086
Pathway finder started, total number of reactions in network 0
Searching for pathways.
If it is taking too long, try adjusting pruning parameters
No pathway found! Try adjusting pruning parameters.
Pathway search finished, removing loops if there's any.
Time used for pathway search: 0.00 minutes

Job name: starter_00001
Job type: pathway ranking
Job started on: 2026-02-12 15:01:25.528577
Pathway file not found, exiting pathway ranking

Job name: starter_00001
Job type: pathway visualization
Job started on: 2026-02-12 15:01:25.531501
Ranked pathway file not found, exiting pathway visualization

[Worker 2] Finished [2/51] SUCCESS | Molecules: 42 | Targets: 26 | Time: 23.7s | SMILES: S=P(N1CC1)(N1CC1)N1CC1...
[Worker 2] Starting [34/51] SMILES: O=C1N(C[C@H]2CCCC3=CC=CC1=C23)[C@@H]1CN2CCC1CC2...
Job name: starter_00033
Job type: enzymatic network expansion forward
Ruleset: JN3604IMT (JN3604IMT_rules.tsv)
Job started on: 2026-02-12 15:01:26.357505
Number of generations: 2
Number of operators loaded: 3571
Number of molecules before expantion (including cofactors): 42
Number of molecules after expantion (including cofactors): 666
Number of reactions: 799
Time used for network generation: 9.57 minutes

Job name: starter_00033
Job type: post-processing pretreat networks
Job started on: 2026-02-12 15:11:06.145696
Loading networks, it may take a while if loading large networks from file
Loading network 1 from memory
Number of reations in network 1: 799
Networks loaded, now generating reaction strings
Reaction strings generation finished
Removing unconnected reactions
Unconnected reactions removed
Total number of reactions after pretreatment: 799
Time used for network pretreatment: 0.00 minutes

Job name: starter_00033
Job type: pathway search
Job started on: 2026-02-12 15:11:06.235162
Pathway finder started, total number of reactions in network 799
Searching for pathways.
If it is taking too long, try adjusting pruning parameters
No pathway found! Try adjusting pruning parameters.
Pathway search finished, removing loops if there's any.
Time used for pathway search: 0.01 minutes

Job name: starter_00033
Job type: pathway ranking
Job started on: 2026-02-12 15:11:06.683907
Start ranking pathways. Number of pathways after sanitization: 1
Reaction thermodynamics ranking working
Reaction thermodynamics ranking finished
Atom economy ranking working
Atom economy calculation error for pathway 1
Min_eco 0
Max_eco 0
None_eco 0
Atom_economy ranking finished
Number of steps ranking working
Number of steps ranking finished
By product_number ranking working
You can adjust multi-processing number to speed it up
By product_number ranking finished
min score 6.0
max score 6.0

Pathway ranking finished. Pathway scores:

ranking 1
final score 6.0
Max reaction enthalpy score 0  x  2  =  0
Number of reactions score 1.0  x  4  =  4.0
By-product score 1.0  x  2  =  2.0
Pathway atom economy score 0.0  x  1  =  0.0
Salt score 0  x  0  =  0
Reaxys score 0  x  0  =  0
Cool score 0  x  0  =  0
atom economy 0
pathway by-product 0
intermediate by-product {None: 0}
CC(C)=CCOP(=O)(O)OP(=O)(O)O.O=C1c2cccc3c2[C@H](CCC3)CN1[C@@H]1CN2CCC1CC2>>CC(C)=CCc1cc2c3c(c1)C(=O)N([C@@H]1CN4CCC1CC4)C[C@H]3CCC2.O=P(O)(O)OP(=O)(O)O
CC(C)=CCc1cc2c3c(c1)C(=O)N([C@@H]1CN4CCC1CC4)C[C@H]3CCC2>>CC=CCc1cc2c3c(c1)C(=O)N([C@@H]1CN4CCC1CC4)C[C@]3(C)CCC2
rule0110_5
rule0028_51
No_Thermo
No_Thermo

Time used for pathway ranking: 0.00 minutes

Job name: starter_00033
Job type: pathway visualization
Job started on: 2026-02-12 15:11:06.763673
pygraphviz is NOT installed.
A custom node layout will be used for pathway visualization
Number of pathways:  1
Number of reactions in reaxys:  0
Working on creating pages
You can adjust multi-processing number to speed up PDF generation
page done: 1
[Worker 19] Starting [19/51] SMILES: C[C@H]1OC2=C(N)N=CC(=C2)C2=C(C#N)N(C)N=C2CN(C)C(=O)C2=CC=C(F...
Job name: starter_00018
Job type: enzymatic network expansion forward
Ruleset: JN3604IMT (JN3604IMT_rules.tsv)
Job started on: 2026-02-12 15:01:01.954183
Number of generations: 2
Number of operators loaded: 3571
Number of molecules before expantion (including cofactors): 42
Number of molecules after expantion (including cofactors): 668
Number of reactions: 860
Time used for network generation: 10.23 minutes

Job name: starter_00018
Job type: post-processing pretreat networks
Job started on: 2026-02-12 15:11:19.004791
Loading networks, it may take a while if loading large networks from file
Loading network 1 from memory
Number of reations in network 1: 860
Networks loaded, now generating reaction strings
Reaction strings generation finished
Removing unconnected reactions
Unconnected reactions removed
Total number of reactions after pretreatment: 860
Time used for network pretreatment: 0.00 minutes

Job name: starter_00018
Job type: pathway search
Job started on: 2026-02-12 15:11:19.062713
Pathway finder started, total number of reactions in network 860
Searching for pathways.
If it is taking too long, try adjusting pruning parameters
No pathway found! Try adjusting pruning parameters.
Pathway search finished, removing loops if there's any.
Time used for pathway search: 0.01 minutes

Job name: starter_00018
Job type: pathway ranking
Job started on: 2026-02-12 15:11:19.383723
Start ranking pathways. Number of pathways after sanitization: 1
Reaction thermodynamics ranking working
Reaction thermodynamics ranking finished
Atom economy ranking working
Atom economy calculation error for pathway 1
Min_eco 0
Max_eco 0
None_eco 0
Atom_economy ranking finished
Number of steps ranking working
Number of steps ranking finished
By product_number ranking working
You can adjust multi-processing number to speed it up
By product_number ranking finished
min score 6.0
max score 6.0

Pathway ranking finished. Pathway scores:

ranking 1
final score 6.0
Max reaction enthalpy score 0  x  2  =  0
Number of reactions score 1.0  x  4  =  4.0
By-product score 1.0  x  2  =  2.0
Pathway atom economy score 0.0  x  1  =  0.0
Salt score 0  x  0  =  0
Reaxys score 0  x  0  =  0
Cool score 0  x  0  =  0
atom economy 0
pathway by-product 0
intermediate by-product {None: 0}
CC(C)=CCOP(=O)(O)OP(=O)(O)O.C[C@H]1Oc2cc(cnc2N)-c2c(nn(C)c2C#N)CN(C)C(=O)c2ccc(F)cc21>>CC(C)=CCc1c(F)ccc2c1[C@@H](C)Oc1cc(cnc1N)-c1c(nn(C)c1C#N)CN(C)C2=O.O=P(O)(O)OP(=O)(O)O
CC(C)=CCc1c(F)ccc2c1[C@@H](C)Oc1cc(cnc1N)-c1c(nn(C)c1C#N)CN(C)C2=O>>CC=C(C)Cc1c(F)ccc2c1[C@@H](C)Oc1cc(cnc1N)-c1c(nn(C)c1C#N)CN(C)C2=O
rule0110_5
rule0028_51
No_Thermo
No_Thermo

Time used for pathway ranking: 0.00 minutes

Job name: starter_00018
Job type: pathway visualization
Job started on: 2026-02-12 15:11:19.444267
pygraphviz is NOT installed.
A custom node layout will be used for pathway visualization
Number of pathways:  1
Number of reactions in reaxys:  0
Working on creating pages
You can adjust multi-processing number to speed up PDF generation
page done: 1
Finished with pages, writing to pdf
Time used for pathway visualization: 0.01 minutes

A custom node layout was used for pathway visualization
For a better layout, please install pygraphviz and Graphviz with the following command:
conda install conda-forge::pygraphviz
which should install both packages together

[Worker 13] Finished [13/51] SUCCESS | Molecules: 945 | Targets: 927 | Time: 7.8m | SMILES: NC1=C2CN(C3CCC(=O)NC3=O)C(=O)C2=CC=C1...
[Worker 13] Starting [39/51] SMILES: CC1=CN(C(=O)C=C1)C1=CC=CC=C1...
Job name: starter_00038
Job type: enzymatic network expansion forward
Ruleset: JN3604IMT (JN3604IMT_rules.tsv)
Job started on: 2026-02-12 15:08:51.196955
Number of generations: 2
Number of operators loaded: 3571
Number of molecules before expantion (including cofactors): 42
Number of molecules after expantion (including cofactors): 625
Number of reactions: 745
Time used for network generation: 6.55 minutes

Job name: starter_00038
Job type: post-processing pretreat networks
Job started on: 2026-02-12 15:15:29.367518
Loading networks, it may take a while if loading large networks from file
Loading network 1 from memory
Number of reations in network 1: 745
Networks loaded, now generating reaction strings
Reaction strings generation finished
Removing unconnected reactions
Unconnected reactions removed
Total number of reactions after pretreatment: 743
Time used for network pretreatment: 0.00 minutes

Job name: starter_00038
Job type: pathway search
Job started on: 2026-02-12 15:15:29.452091
Pathway finder started, total number of reactions in network 743
Searching for pathways.
If it is taking too long, try adjusting pruning parameters
No pathway found! Try adjusting pruning parameters.
Pathway search finished, removing loops if there's any.
Time used for pathway search: 0.00 minutes

Job name: starter_00038
Job type: pathway ranking
Job started on: 2026-02-12 15:15:29.743658
Start ranking pathways. Number of pathways after sanitization: 4
Reaction thermodynamics ranking working
Reaction thermodynamics ranking finished
Atom economy ranking working
Atom economy calculation error for pathway 1
Atom economy calculation error for pathway 2
Atom economy calculation error for pathway 3
Atom economy calculation error for pathway 4
Min_eco 0
Max_eco 0
None_eco 0
Atom_economy ranking finished
Number of steps ranking working
Number of steps ranking finished
By product_number ranking working
You can adjust multi-processing number to speed it up
By product_number ranking finished
min score 6.0
max score 6.0

Pathway ranking finished. Pathway scores:

ranking 1
final score 6.0
Max reaction enthalpy score 0  x  2  =  0
Number of reactions score 1.0  x  4  =  4.0
By-product score 1.0  x  2  =  2.0
Pathway atom economy score 0.0  x  1  =  0.0
Salt score 0  x  0  =  0
Reaxys score 0  x  0  =  0
Cool score 0  x  0  =  0
atom economy 0
pathway by-product 0
intermediate by-product {None: 0}
Cc1ccc(=O)n(-c2ccc(C(=O)O)cc2)c1.OO>>Cc1ccc(=O)n(-c2ccc(C=O)cc2)c1.O.O=O
Cc1ccc(=O)n(-c2ccccc2)c1.O=C=O>>Cc1ccc(=O)n(-c2ccc(C(=O)O)cc2)c1
rule0147_1
rule0023_09
No_Thermo
No_Thermo

ranking 2
final score 6.0
Max reaction enthalpy score 0  x  2  =  0
Number of reactions score 1.0  x  4  =  4.0
By-product score 1.0  x  2  =  2.0
Pathway atom economy score 0.0  x  1  =  0.0
Salt score 0  x  0  =  0
Reaxys score 0  x  0  =  0
Cool score 0  x  0  =  0
atom economy 0
pathway by-product 0
intermediate by-product {None: 0}
Cc1ccc(=O)n(-c2ccc(C(=O)O)cc2)c1.O>>Cc1ccc(=O)n(-c2ccc(C=O)cc2)c1.OO
Cc1ccc(=O)n(-c2ccccc2)c1.O=C=O>>Cc1ccc(=O)n(-c2ccc(C(=O)O)cc2)c1
rule1164_1
rule0023_09
No_Thermo
No_Thermo

ranking 3
final score 6.0
Max reaction enthalpy score 0  x  2  =  0
Number of reactions score 1.0  x  4  =  4.0
By-product score 1.0  x  2  =  2.0
Pathway atom economy score 0.0  x  1  =  0.0
Salt score 0  x  0  =  0
Reaxys score 0  x  0  =  0
Cool score 0  x  0  =  0
atom economy 0
pathway by-product 0
intermediate by-product {None: 0}
Cc1ccc(=O)n(-c2ccc(C(=O)O)cc2)c1.NC(=O)c1ccc[n+]([C@@H]2O[C@H](COP(=O)(O)OP(=O)(O)OC[C@H]3O[C@@H](n4cnc5c(N)ncnc54)[C@H](OP(=O)(O)O)[C@@H]3O)[C@@H](O)[C@H]2O)c1.O>>Cc1ccc(=O)n(-c2ccc(C=O)cc2)c1.NC(=O)C1=CN([C@@H]2O[C@H](COP(=O)(O)OP(=O)(O)OC[C@H]3O[C@@H](n4cnc5c(N)ncnc54)[C@H](OP(=O)(O)O)[C@@H]3O)[C@@H](O)[C@H]2O)C=CC1.O=O
Cc1ccc(=O)n(-c2ccccc2)c1.O=C=O>>Cc1ccc(=O)n(-c2ccc(C(=O)O)cc2)c1
rule0005_49
rule0023_09
No_Thermo
No_Thermo

ranking 4
final score 6.0
Max reaction enthalpy score 0  x  2  =  0
Number of reactions score 1.0  x  4  =  4.0
By-product score 1.0  x  2  =  2.0
Pathway atom economy score 0.0  x  1  =  0.0
Salt score 0  x  0  =  0
Reaxys score 0  x  0  =  0
Cool score 0  x  0  =  0
atom economy 0
pathway by-product 0
intermediate by-product {None: 0}
Cc1ccc(=O)n(-c2ccc(C(=O)O)cc2)c1.NC(=O)C1=CN([C@@H]2O[C@H](COP(=O)(O)OP(=O)(O)OC[C@H]3O[C@@H](n4cnc5c(N)ncnc54)[C@H](OP(=O)(O)O)[C@@H]3O)[C@@H](O)[C@H]2O)C=CC1>>Cc1ccc(=O)n(-c2ccc(C=O)cc2)c1.NC(=O)c1ccc[n+]([C@@H]2O[C@H](COP(=O)(O)OP(=O)(O)OC[C@H]3O[C@@H](n4cnc5c(N)ncnc54)[C@H](OP(=O)(O)O)[C@@H]3O)[C@@H](O)[C@H]2O)c1.O
Cc1ccc(=O)n(-c2ccccc2)c1.O=C=O>>Cc1ccc(=O)n(-c2ccc(C(=O)O)cc2)c1
rule0025_21
rule0023_09
No_Thermo
No_Thermo

Time used for pathway ranking: 0.00 minutes

Job name: starter_00038
Job type: pathway visualization
Job started on: 2026-02-12 15:15:29.823312
pygraphviz is NOT installed.
A custom node layout will be used for pathway visualization
Number of pathways:  4
Number of reactions in reaxys:  0
Working on creating pages
You can adjust multi-processing number to speed up PDF generation
page done: 1
page done: 2
page done: 3
page done: 4
[Worker 15] Starting [15/51] SMILES: CN1C(=O)NN=C1CN1C=CC(=C(OC2=CC(=CC(Cl)=C2)C#N)C1=O)C(F)(F)F...
Job name: starter_00014
Job type: enzymatic network expansion forward
Ruleset: JN3604IMT (JN3604IMT_rules.tsv)
Job started on: 2026-02-12 15:01:01.923180
Number of generations: 2
Number of operators loaded: 3571
Number of molecules before expantion (including cofactors): 42
Number of molecules after expantion (including cofactors): 1503
Number of reactions: 1821
Time used for network generation: 17.23 minutes

Job name: starter_00014
Job type: post-processing pretreat networks
Job started on: 2026-02-12 15:18:19.573364
Loading networks, it may take a while if loading large networks from file
Loading network 1 from memory
Number of reations in network 1: 1821
Networks loaded, now generating reaction strings
Reaction strings generation finished
Removing unconnected reactions
Unconnected reactions removed
Total number of reactions after pretreatment: 1802
Time used for network pretreatment: 0.00 minutes

Job name: starter_00014
Job type: pathway search
Job started on: 2026-02-12 15:18:19.666960
Pathway finder started, total number of reactions in network 1802
Searching for pathways.
If it is taking too long, try adjusting pruning parameters
Pathway search finished, removing loops if there's any.
Time used for pathway search: 0.01 minutes
1 pathways found!
2 reactions found in all pathways
Min number of reactions in a pathway: 2
Max number of reactions in a pathway: 2
Pruning parameters for this search:
search_depth: 2
max_num_rxns: 2
min_rxn_atom_economy: 0.3

Job name: starter_00014
Job type: pathway ranking
Job started on: 2026-02-12 15:18:20.260665
Start ranking pathways. Number of pathways after sanitization: 1
Reaction thermodynamics ranking working
Reaction thermodynamics ranking finished
Atom economy ranking working
Min_eco 0.6844049607628195
Max_eco 0.6844049607628195
None_eco 0
Atom_economy ranking finished
Number of steps ranking working
Number of steps ranking finished
By product_number ranking working
You can adjust multi-processing number to speed it up
By product_number ranking finished
min score 6.0
max score 6.0

Pathway ranking finished. Pathway scores:

ranking 1
final score 6.0
Max reaction enthalpy score 0  x  2  =  0
Number of reactions score 1.0  x  4  =  4.0
By-product score 1.0  x  2  =  2.0
Pathway atom economy score 0.0  x  1  =  0.0
Salt score 0  x  0  =  0
Reaxys score 0  x  0  =  0
Cool score 0  x  0  =  0
atom economy 0.6844049607628195
pathway by-product 0
intermediate by-product {None: 0}
Cn1c(Cn2ccc(C(F)(F)F)c(OC3=CC(O)(C#N)C(O)C(Cl)=C3)c2=O)n[nH]c1=O.Cn1c(Cn2ccc(C(F)(F)F)c(OC3=CC(O)(C#N)C(O)C(Cl)=C3)c2=O)n[nH]c1=O>>Cn1c(Cn2ccc(C(F)(F)F)c(O)c2=O)n[nH]c1=O.Cn1c(Cn2ccc(C(F)(F)F)c(OC3=CC(O)(C#N)C(OC4=CC(O)(C#N)C(O)C(Cl)=C4)C(Cl)=C3)c2=O)n[nH]c1=O
Cn1c(Cn2ccc(C(F)(F)F)c(Oc3cc(Cl)cc(C#N)c3)c2=O)n[nH]c1=O.NC(=O)C1=CN([C@@H]2O[C@H](COP(=O)(O)OP(=O)(O)OC[C@H]3O[C@@H](n4cnc5c(N)ncnc54)[C@H](OP(=O)(O)O)[C@@H]3O)[C@@H](O)[C@H]2O)C=CC1.O=O>>Cn1c(Cn2ccc(C(F)(F)F)c(OC3=CC(O)(C#N)C(O)C(Cl)=C3)c2=O)n[nH]c1=O.NC(=O)c1ccc[n+]([C@@H]2O[C@H](COP(=O)(O)OP(=O)(O)OC[C@H]3O[C@@H](n4cnc5c(N)ncnc54)[C@H](OP(=O)(O)O)[C@@H]3O)[C@@H](O)[C@H]2O)c1
rule0001_88
rule0094_1
No_Thermo
No_Thermo

Time used for pathway ranking: 0.00 minutes

Job name: starter_00014
Job type: pathway visualization
Job started on: 2026-02-12 15:18:20.325616
pygraphviz is NOT installed.
A custom node layout will be used for pathway visualization
Number of pathways:  1
Number of reactions in reaxys:  0
Working on creating pages
You can adjust multi-processing number to speed up PDF generation
page done: 1
[Worker 17] Starting [17/51] SMILES: CNC(=O)C1=CC=C(C=C1F)N1C(=S)N(C(=O)C11CCC1)C1=CC(=C(N=C1)C#N...
Job name: starter_00016
Job type: enzymatic network expansion forward
Ruleset: JN3604IMT (JN3604IMT_rules.tsv)
Job started on: 2026-02-12 15:01:01.938221
Number of generations: 2
Number of operators loaded: 3571
Number of molecules before expantion (including cofactors): 42
Number of molecules after expantion (including cofactors): 996
Number of reactions: 1439
Time used for network generation: 18.23 minutes

Job name: starter_00016
Job type: post-processing pretreat networks
Job started on: 2026-02-12 15:19:19.515875
Loading networks, it may take a while if loading large networks from file
Loading network 1 from memory
Number of reations in network 1: 1439
Networks loaded, now generating reaction strings
Reaction strings generation finished
Removing unconnected reactions
Unconnected reactions removed
Total number of reactions after pretreatment: 1439
Time used for network pretreatment: 0.00 minutes

Job name: starter_00016
Job type: pathway search
Job started on: 2026-02-12 15:19:19.597672
Pathway finder started, total number of reactions in network 1439
Searching for pathways.
If it is taking too long, try adjusting pruning parameters
No pathway found! Try adjusting pruning parameters.
Pathway search finished, removing loops if there's any.
Time used for pathway search: 0.01 minutes

Job name: starter_00016
Job type: pathway ranking
Job started on: 2026-02-12 15:19:20.083011
Start ranking pathways. Number of pathways after sanitization: 1
Reaction thermodynamics ranking working
Reaction thermodynamics ranking finished
Atom economy ranking working
Atom economy calculation error for pathway 1
Min_eco 0
Max_eco 0
None_eco 0
Atom_economy ranking finished
Number of steps ranking working
Number of steps ranking finished
By product_number ranking working
You can adjust multi-processing number to speed it up
By product_number ranking finished
min score 6.0
max score 6.0

Pathway ranking finished. Pathway scores:

ranking 1
final score 6.0
Max reaction enthalpy score 0  x  2  =  0
Number of reactions score 1.0  x  4  =  4.0
By-product score 1.0  x  2  =  2.0
Pathway atom economy score 0.0  x  1  =  0.0
Salt score 0  x  0  =  0
Reaxys score 0  x  0  =  0
Cool score 0  x  0  =  0
atom economy 0
pathway by-product 0
intermediate by-product {None: 0}
CC(C)=CCOP(=O)(O)OP(=O)(O)O.CNC(=O)c1ccc(N2C(=S)N(c3cnc(C#N)c(C(F)(F)F)c3)C(=O)C23CCC3)cc1F>>CNC(=O)c1cc(CC=C(C)C)c(N2C(=S)N(c3cnc(C#N)c(C(F)(F)F)c3)C(=O)C23CCC3)cc1F.O=P(O)(O)OP(=O)(O)O
CNC(=O)c1cc(CC=C(C)C)c(N2C(=S)N(c3cnc(C#N)c(C(F)(F)F)c3)C(=O)C23CCC3)cc1F>>CNC(=O)c1cc(C)c(N2C(=S)N(c3cnc(C#N)c(C(F)(F)F)c3)C(=O)C23CCC3)c(C=C(C)C)c1F
rule0110_5
rule0028_51
No_Thermo
No_Thermo

Time used for pathway ranking: 0.00 minutes

Job name: starter_00016
Job type: pathway visualization
Job started on: 2026-02-12 15:19:20.160135
pygraphviz is NOT installed.
A custom node layout will be used for pathway visualization
Number of pathways:  1
Number of reactions in reaxys:  0
Working on creating pages
You can adjust multi-processing number to speed up PDF generation
page done: 1
[Worker 24] Starting [24/51] SMILES: CCS(=O)(=O)N1CC(CC#N)(C1)N1C=C(C=N1)C1=NC=NC2=C1C=CN2...
Job name: starter_00023
Job type: enzymatic network expansion forward
Ruleset: JN3604IMT (JN3604IMT_rules.tsv)
Job started on: 2026-02-12 15:01:01.944329
Number of generations: 2
Number of operators loaded: 3571
Number of molecules before expantion (including cofactors): 42
Number of molecules after expantion (including cofactors): 1730
Number of reactions: 3064
Time used for network generation: 22.57 minutes

Job name: starter_00023
Job type: post-processing pretreat networks
Job started on: 2026-02-12 15:23:39.838116
Loading networks, it may take a while if loading large networks from file
Loading network 1 from memory
Number of reations in network 1: 3064
Networks loaded, now generating reaction strings
Reaction strings generation finished
Removing unconnected reactions
Unconnected reactions removed
Total number of reactions after pretreatment: 3060
Time used for network pretreatment: 0.00 minutes

Job name: starter_00023
Job type: pathway search
Job started on: 2026-02-12 15:23:39.967593
Pathway finder started, total number of reactions in network 3060
Searching for pathways.
If it is taking too long, try adjusting pruning parameters
Pathway search finished, removing loops if there's any.
Time used for pathway search: 0.01 minutes
2 pathways found!
4 reactions found in all pathways
Min number of reactions in a pathway: 2
Max number of reactions in a pathway: 2
Pruning parameters for this search:
search_depth: 2
max_num_rxns: 2
min_rxn_atom_economy: 0.3

Job name: starter_00023
Job type: pathway ranking
Job started on: 2026-02-12 15:23:40.748066
Start ranking pathways. Number of pathways after sanitization: 2
Reaction thermodynamics ranking working
Reaction thermodynamics ranking finished
Atom economy ranking working
Min_eco 0.5336675407752823
Max_eco 0.5336675407752823
None_eco 0
Atom_economy ranking finished
Number of steps ranking working
Number of steps ranking finished
By product_number ranking working
You can adjust multi-processing number to speed it up
By product_number ranking finished
min score 6.0
max score 6.0

Pathway ranking finished. Pathway scores:

ranking 1
final score 6.0
Max reaction enthalpy score 0  x  2  =  0
Number of reactions score 1.0  x  4  =  4.0
By-product score 1.0  x  2  =  2.0
Pathway atom economy score 0.0  x  1  =  0.0
Salt score 0  x  0  =  0
Reaxys score 0  x  0  =  0
Cool score 0  x  0  =  0
atom economy 0.5336675407752823
pathway by-product 0
intermediate by-product {None: 0}
CCS(=O)(=O)N1CC(CC#N)(n2cc(-c3ncnc4[nH]ccc34)cn2)C1>>Cc1c[nH]c2ncnc(-c3cnn(C4(CC#N)CN(S(C)(=O)=O)C4)c3)c12
Cc1c[nH]c2ncnc(-c3cnn(C4(CC#N)CN(S(C)(=O)=O)C4)c3)c12.Cc1c[nH]c2ncnc(-c3cnn(C4(CC#N)CN(S(C)(=O)=O)C4)c3)c12>>CS(=O)(=O)N1CC(CC#N)(n2cc(-c3ncnc4[nH]cc(CC#N)c34)cn2)C1.Cc1c[nH]c2ncnc(-c3cnn(C4(C)CN(S(C)(=O)=O)C4)c3)c12
rule0028_51
rule0126_2
No_Thermo
No_Thermo

ranking 2
final score 6.0
Max reaction enthalpy score 0  x  2  =  0
Number of reactions score 1.0  x  4  =  4.0
By-product score 1.0  x  2  =  2.0
Pathway atom economy score 0.0  x  1  =  0.0
Salt score 0  x  0  =  0
Reaxys score 0  x  0  =  0
Cool score 0  x  0  =  0
atom economy 0.5336675407752823
pathway by-product 0
intermediate by-product {None: 0}
CCS(=O)(=O)N1CC(CC#N)(n2cc(-c3ncnc4[nH]ccc34)cn2)C1.CCS(=O)(=O)N1CC(CC#N)(n2cc(-c3ncnc4[nH]ccc34)cn2)C1>>CCS(=O)(=O)N1CC(C)(n2cc(-c3ncnc4[nH]ccc34)cn2)C1.N#CCCS(=O)(=O)N1CC(CC#N)(n2cc(-c3ncnc4[nH]ccc34)cn2)C1
N#CCCS(=O)(=O)N1CC(CC#N)(n2cc(-c3ncnc4[nH]ccc34)cn2)C1>>CS(=O)(=O)N1CC(CC#N)(n2cc(-c3ncnc4[nH]cc(CC#N)c34)cn2)C1
rule0126_2
rule0028_51
No_Thermo
No_Thermo

Time used for pathway ranking: 0.00 minutes

Job name: starter_00023
Job type: pathway visualization
Job started on: 2026-02-12 15:23:40.819401
pygraphviz is NOT installed.
A custom node layout will be used for pathway visualization
Number of pathways:  2
Number of reactions in reaxys:  0
Working on creating pages
You can adjust multi-processing number to speed up PDF generation
page done: 1
page done: 2
[Worker 9] Starting [9/51] SMILES: NC(=O)C1=CC=CC2=CN(N=C12)C1=CC=C(C=C1)[C@@H]1CCCNC1...
Job name: starter_00008
Job type: enzymatic network expansion forward
Ruleset: JN3604IMT (JN3604IMT_rules.tsv)
Job started on: 2026-02-12 15:01:01.928985
Number of generations: 2
Number of operators loaded: 3571
Number of molecules before expantion (including cofactors): 42
Number of molecules after expantion (including cofactors): 1487
Number of reactions: 2236
Time used for network generation: 24.65 minutes

Job name: starter_00008
Job type: post-processing pretreat networks
Job started on: 2026-02-12 15:25:44.518729
Loading networks, it may take a while if loading large networks from file
Loading network 1 from memory
Number of reations in network 1: 2236
Networks loaded, now generating reaction strings
Reaction strings generation finished
Removing unconnected reactions
Unconnected reactions removed
Total number of reactions after pretreatment: 2234
Time used for network pretreatment: 0.00 minutes

Job name: starter_00008
Job type: pathway search
Job started on: 2026-02-12 15:25:44.628087
Pathway finder started, total number of reactions in network 2234
Searching for pathways.
If it is taking too long, try adjusting pruning parameters
Pathway search finished, removing loops if there's any.
Time used for pathway search: 0.01 minutes
1 pathways found!
2 reactions found in all pathways
Min number of reactions in a pathway: 2
Max number of reactions in a pathway: 2
Pruning parameters for this search:
search_depth: 2
max_num_rxns: 2
min_rxn_atom_economy: 0.3

Job name: starter_00008
Job type: pathway ranking
Job started on: 2026-02-12 15:25:45.312664
Start ranking pathways. Number of pathways after sanitization: 1
Reaction thermodynamics ranking working
Reaction thermodynamics ranking finished
Atom economy ranking working
Min_eco 0.7701189765907417
Max_eco 0.7701189765907417
None_eco 0
Atom_economy ranking finished
Number of steps ranking working
Number of steps ranking finished
By product_number ranking working
You can adjust multi-processing number to speed it up
By product_number ranking finished
min score 6.0
max score 6.0

Pathway ranking finished. Pathway scores:

ranking 1
final score 6.0
Max reaction enthalpy score 0  x  2  =  0
Number of reactions score 1.0  x  4  =  4.0
By-product score 1.0  x  2  =  2.0
Pathway atom economy score 0.0  x  1  =  0.0
Salt score 0  x  0  =  0
Reaxys score 0  x  0  =  0
Cool score 0  x  0  =  0
atom economy 0.7701189765907417
pathway by-product 0
intermediate by-product {None: 0}
NC(=O)c1cccc2cn(-c3ccc(O)cc3)nc12.O=O>>NC(=O)c1cccc2cn(C(C=CC(=O)O)=CC=O)nc12
NC(=O)c1cccc2cn(-c3ccc([C@@H]4CCCNC4)cc3)nc12.O>>C1CCNCC1.NC(=O)c1cccc2cn(-c3ccc(O)cc3)nc12
rule0052_2
rule0085_1
No_Thermo
No_Thermo

Time used for pathway ranking: 0.00 minutes

Job name: starter_00008
Job type: pathway visualization
Job started on: 2026-02-12 15:25:45.387169
pygraphviz is NOT installed.
A custom node layout will be used for pathway visualization
Number of pathways:  1
Number of reactions in reaxys:  0
Working on creating pages
You can adjust multi-processing number to speed up PDF generation
page done: 1
[Worker 25] Starting [25/51] SMILES: CC(=O)C1=C(C)C2=C(N=C(NC3=NC=C(C=C3)N3CCNCC3)N=C2)N(C2CCCC2)...
Job name: starter_00024
Job type: enzymatic network expansion forward
Ruleset: JN3604IMT (JN3604IMT_rules.tsv)
Job started on: 2026-02-12 15:01:01.924634
Number of generations: 2
Number of operators loaded: 3571
Number of molecules before expantion (including cofactors): 42
Number of molecules after expantion (including cofactors): 1134
Number of reactions: 1893
Time used for network generation: 24.88 minutes

Job name: starter_00024
Job type: post-processing pretreat networks
Job started on: 2026-02-12 15:25:58.569455
Loading networks, it may take a while if loading large networks from file
Loading network 1 from memory
Number of reations in network 1: 1893
Networks loaded, now generating reaction strings
Reaction strings generation finished
Removing unconnected reactions
Unconnected reactions removed
Total number of reactions after pretreatment: 1887
Time used for network pretreatment: 0.00 minutes

Job name: starter_00024
Job type: pathway search
Job started on: 2026-02-12 15:25:58.662200
Pathway finder started, total number of reactions in network 1887
Searching for pathways.
If it is taking too long, try adjusting pruning parameters
Pathway search finished, removing loops if there's any.
Time used for pathway search: 0.01 minutes
5 pathways found!
7 reactions found in all pathways
Min number of reactions in a pathway: 2
Max number of reactions in a pathway: 2
Pruning parameters for this search:
search_depth: 2
max_num_rxns: 2
min_rxn_atom_economy: 0.3

Job name: starter_00024
Job type: pathway ranking
Job started on: 2026-02-12 15:25:59.274326
Start ranking pathways. Number of pathways after sanitization: 5
Reaction thermodynamics ranking working
Reaction thermodynamics ranking finished
Atom economy ranking working
Min_eco 0.9335530373351442
Max_eco 1.0
None_eco 0
Atom_economy ranking finished
Number of steps ranking working
Number of steps ranking finished
By product_number ranking working
You can adjust multi-processing number to speed it up
By product_number ranking finished
min score 6.0
max score 7.0

Pathway ranking finished. Pathway scores:

ranking 1
final score 7.0
Max reaction enthalpy score 0  x  2  =  0
Number of reactions score 1.0  x  4  =  4.0
By-product score 1.0  x  2  =  2.0
Pathway atom economy score 1.0  x  1  =  1.0
Salt score 0  x  0  =  0
Reaxys score 0  x  0  =  0
Cool score 0  x  0  =  0
atom economy 1.0
pathway by-product 0
intermediate by-product {None: 0}
CC(=O)c1c(C)c2cnc(Nc3ccc(N4CCNCC4)cn3)nc2n(C2CCCC2)c1=O>>Cc1nc(Nc2ncc3c(C)c(C=O)c(=O)n(C4CCCC4)c3n2)ccc1N1CCNCC1
Cc1nc(Nc2ncc3c(C)c(C=O)c(=O)n(C4CCCC4)c3n2)ccc1N1CCNCC1.NC(=O)C1=CN([C@@H]2O[C@H](COP(=O)(O)OP(=O)(O)OC[C@H]3O[C@@H](n4cnc5c(N)ncnc54)[C@H](OP(=O)(O)O)[C@@H]3O)[C@@H](O)[C@H]2O)C=CC1>>Cc1nc(Nc2ncc3c(C)c(CO)c(=O)n(C4CCCC4)c3n2)ccc1N1CCNCC1.NC(=O)c1ccc[n+]([C@@H]2O[C@H](COP(=O)(O)OP(=O)(O)OC[C@H]3O[C@@H](n4cnc5c(N)ncnc54)[C@H](OP(=O)(O)O)[C@@H]3O)[C@@H](O)[C@H]2O)c1
rule0028_51
rule0003_177
No_Thermo
No_Thermo

ranking 2
final score 7.0
Max reaction enthalpy score 0  x  2  =  0
Number of reactions score 1.0  x  4  =  4.0
By-product score 1.0  x  2  =  2.0
Pathway atom economy score 1.0  x  1  =  1.0
Salt score 0  x  0  =  0
Reaxys score 0  x  0  =  0
Cool score 0  x  0  =  0
atom economy 1.0
pathway by-product 0
intermediate by-product {None: 0}
CC(=O)c1c(C)c2cnc(Nc3ccc(N4CCNCC4)cn3)nc2n(C2CCCC2)c1=O.NC(=O)C1=CN([C@@H]2O[C@H](COP(=O)(O)OP(=O)(O)OC[C@H]3O[C@@H](n4cnc5c(N)ncnc54)[C@H](OP(=O)(O)O)[C@@H]3O)[C@@H](O)[C@H]2O)C=CC1>>Cc1c(C(C)O)c(=O)n(C2CCCC2)c2nc(Nc3ccc(N4CCNCC4)cn3)ncc12.NC(=O)c1ccc[n+]([C@@H]2O[C@H](COP(=O)(O)OP(=O)(O)OC[C@H]3O[C@@H](n4cnc5c(N)ncnc54)[C@H](OP(=O)(O)O)[C@@H]3O)[C@@H](O)[C@H]2O)c1
Cc1c(C(C)O)c(=O)n(C2CCCC2)c2nc(Nc3ccc(N4CCNCC4)cn3)ncc12>>Cc1nc(Nc2ncc3c(C)c(CO)c(=O)n(C4CCCC4)c3n2)ccc1N1CCNCC1
rule0003_108
rule0028_51
No_Thermo
No_Thermo

ranking 3
final score 6.0
Max reaction enthalpy score 0  x  2  =  0
Number of reactions score 1.0  x  4  =  4.0
By-product score 1.0  x  2  =  2.0
Pathway atom economy score 0.0  x  1  =  0.0
Salt score 0  x  0  =  0
Reaxys score 0  x  0  =  0
Cool score 0  x  0  =  0
atom economy 0.9335530373351442
pathway by-product 0
intermediate by-product {None: 0}
CC(=O)c1c(C)c2cnc(Nc3ccc(N4CCNCC4)cn3)nc2n(C2CCCC2)c1=O>>Cc1nc(Nc2ncc3c(C)c(C=O)c(=O)n(C4CCCC4)c3n2)ccc1N1CCNCC1
Cc1nc(Nc2ncc3c(C)c(C=O)c(=O)n(C4CCCC4)c3n2)ccc1N1CCNCC1.NC(=O)c1ccc[n+]([C@@H]2O[C@H](COP(=O)(O)OP(=O)(O)OC[C@H]3O[C@@H](n4cnc5c(N)ncnc54)[C@H](OP(=O)(O)O)[C@@H]3O)[C@@H](O)[C@H]2O)c1.O.O>>Cc1nc(Nc2ncc3c(C)c(CO)c(=O)n(C4CCCC4)c3n2)ccc1N1CCNCC1.NC(=O)C1=CN([C@@H]2O[C@H](COP(=O)(O)OP(=O)(O)OC[C@H]3O[C@@H](n4cnc5c(N)ncnc54)[C@H](OP(=O)(O)O)[C@@H]3O)[C@@H](O)[C@H]2O)C=CC1.O=O
rule0028_51
rule0072_6
No_Thermo
No_Thermo

ranking 4
final score 6.0
Max reaction enthalpy score 0  x  2  =  0
Number of reactions score 1.0  x  4  =  4.0
By-product score 1.0  x  2  =  2.0
Pathway atom economy score 0.0  x  1  =  0.0
Salt score 0  x  0  =  0
Reaxys score 0  x  0  =  0
Cool score 0  x  0  =  0
atom economy 0.9335530373351442
pathway by-product 0
intermediate by-product {None: 0}
CC(=O)c1c(C)c2cnc(Nc3ccc(N4CCNCC4)cn3)nc2n(C2CCCC2)c1=O.OO>>Cc1c(C(C)O)c(=O)n(C2CCCC2)c2nc(Nc3ccc(N4CCNCC4)cn3)ncc12.O=O
Cc1c(C(C)O)c(=O)n(C2CCCC2)c2nc(Nc3ccc(N4CCNCC4)cn3)ncc12>>Cc1nc(Nc2ncc3c(C)c(CO)c(=O)n(C4CCCC4)c3n2)ccc1N1CCNCC1
rule0078_17
rule0028_51
No_Thermo
No_Thermo

ranking 5
final score 6.0
Max reaction enthalpy score 0  x  2  =  0
Number of reactions score 1.0  x  4  =  4.0
By-product score 1.0  x  2  =  2.0
Pathway atom economy score 0.0  x  1  =  0.0
Salt score 0  x  0  =  0
Reaxys score 0  x  0  =  0
Cool score 0  x  0  =  0
atom economy 0.9335530373351442
pathway by-product 0
intermediate by-product {None: 0}
CC(=O)c1c(C)c2cnc(Nc3ccc(N4CCNCC4)cn3)nc2n(C2CCCC2)c1=O.NC(=O)c1ccc[n+]([C@@H]2O[C@H](COP(=O)(O)OP(=O)(O)OC[C@H]3O[C@@H](n4cnc5c(N)ncnc54)[C@H](OP(=O)(O)O)[C@@H]3O)[C@@H](O)[C@H]2O)c1.O.O>>Cc1c(C(C)O)c(=O)n(C2CCCC2)c2nc(Nc3ccc(N4CCNCC4)cn3)ncc12.NC(=O)C1=CN([C@@H]2O[C@H](COP(=O)(O)OP(=O)(O)OC[C@H]3O[C@@H](n4cnc5c(N)ncnc54)[C@H](OP(=O)(O)O)[C@@H]3O)[C@@H](O)[C@H]2O)C=CC1.O=O
Cc1c(C(C)O)c(=O)n(C2CCCC2)c2nc(Nc3ccc(N4CCNCC4)cn3)ncc12>>Cc1nc(Nc2ncc3c(C)c(CO)c(=O)n(C4CCCC4)c3n2)ccc1N1CCNCC1
rule0072_6
rule0028_51
No_Thermo
No_Thermo

Time used for pathway ranking: 0.00 minutes

Job name: starter_00024
Job type: pathway visualization
Job started on: 2026-02-12 15:25:59.356697
pygraphviz is NOT installed.
A custom node layout will be used for pathway visualization
Number of pathways:  5
Number of reactions in reaxys:  0
Working on creating pages
You can adjust multi-processing number to speed up PDF generation
page done: 1
page done: 2
page done: 3
page done: 4
page done: 5
Finished with pages, writing to pdf
Time used for pathway visualization: 0.01 minutes

A custom node layout was used for pathway visualization
For a better layout, please install pygraphviz and Graphviz with the following command:
conda install conda-forge::pygraphviz
which should install both packages together

[Worker 19] Finished [19/51] SUCCESS | Molecules: 668 | Targets: 652 | Time: 10.3m | SMILES: C[C@H]1OC2=C(N)N=CC(=C2)C2=C(C#N)N(C)N=C...
[Worker 19] Starting [42/51] SMILES: CN1N=NC(=N1)C1=CC=C(C=N1)C1=CC=C(C=C1F)N1C[C@H](COP(O)(O)=O)...
Job name: starter_00041
Job type: enzymatic network expansion forward
Ruleset: JN3604IMT (JN3604IMT_rules.tsv)
Job started on: 2026-02-12 15:11:20.899205
Number of generations: 2
Number of operators loaded: 3571
Number of molecules before expantion (including cofactors): 42
Number of molecules after expantion (including cofactors): 1070
Number of reactions: 1632
Time used for network generation: 18.74 minutes

Job name: starter_00041
Job type: post-processing pretreat networks
Job started on: 2026-02-12 15:30:11.069006
Loading networks, it may take a while if loading large networks from file
Loading network 1 from memory
Number of reations in network 1: 1632
Networks loaded, now generating reaction strings
Reaction strings generation finished
Removing unconnected reactions
Unconnected reactions removed
Total number of reactions after pretreatment: 1632
Time used for network pretreatment: 0.00 minutes

Job name: starter_00041
Job type: pathway search
Job started on: 2026-02-12 15:30:11.220145
Pathway finder started, total number of reactions in network 1632
Searching for pathways.
If it is taking too long, try adjusting pruning parameters
Pathway search finished, removing loops if there's any.
Time used for pathway search: 0.02 minutes
4 pathways found!
6 reactions found in all pathways
Min number of reactions in a pathway: 2
Max number of reactions in a pathway: 2
Pruning parameters for this search:
search_depth: 2
max_num_rxns: 2
min_rxn_atom_economy: 0.3

Job name: starter_00041
Job type: pathway ranking
Job started on: 2026-02-12 15:30:12.217002
Start ranking pathways. Number of pathways after sanitization: 4
Reaction thermodynamics ranking working
Reaction thermodynamics ranking finished
Atom economy ranking working
Min_eco 0.9628048239139277
Max_eco 0.9628048239139277
None_eco 0
Atom_economy ranking finished
Number of steps ranking working
Number of steps ranking finished
By product_number ranking working
You can adjust multi-processing number to speed it up
By product_number ranking finished
min score 6.0
max score 6.0

Pathway ranking finished. Pathway scores:

ranking 1
final score 6.0
Max reaction enthalpy score 0  x  2  =  0
Number of reactions score 1.0  x  4  =  4.0
By-product score 1.0  x  2  =  2.0
Pathway atom economy score 0.0  x  1  =  0.0
Salt score 0  x  0  =  0
Reaxys score 0  x  0  =  0
Cool score 0  x  0  =  0
atom economy 0.9628048239139277
pathway by-product 0
intermediate by-product {None: 0}
Cn1nnc(-c2ccc(-c3ccc(N4CCOC4=O)c(COP(=O)(O)O)c3F)cn2)n1.OO>>Cn1nnc(-c2ccc(-c3cc(O)c(N4CCOC4=O)c(COP(=O)(O)O)c3F)cn2)n1.O
Cn1nnc(-c2ccc(-c3ccc(N4C[C@H](COP(=O)(O)O)OC4=O)cc3F)cn2)n1>>Cn1nnc(-c2ccc(-c3ccc(N4CCOC4=O)c(COP(=O)(O)O)c3F)cn2)n1
rule1165_2
rule0028_42
No_Thermo
No_Thermo

ranking 2
final score 6.0
Max reaction enthalpy score 0  x  2  =  0
Number of reactions score 1.0  x  4  =  4.0
By-product score 1.0  x  2  =  2.0
Pathway atom economy score 0.0  x  1  =  0.0
Salt score 0  x  0  =  0
Reaxys score 0  x  0  =  0
Cool score 0  x  0  =  0
atom economy 0.9628048239139277
pathway by-product 0
intermediate by-product {None: 0}
Cn1nnc(-c2ccc(-c3ccc(N4CCOC4=O)c(COP(=O)(O)O)c3F)cn2)n1.NC(=O)C1=CN([C@@H]2O[C@H](COP(=O)(O)OP(=O)(O)OC[C@H]3O[C@@H](n4cnc5c(N)ncnc54)[C@H](OP(=O)(O)O)[C@@H]3O)[C@@H](O)[C@H]2O)C=CC1.O=O>>Cn1nnc(-c2ccc(-c3cc(O)c(N4CCOC4=O)c(COP(=O)(O)O)c3F)cn2)n1.NC(=O)c1ccc[n+]([C@@H]2O[C@H](COP(=O)(O)OP(=O)(O)OC[C@H]3O[C@@H](n4cnc5c(N)ncnc54)[C@H](OP(=O)(O)O)[C@@H]3O)[C@@H](O)[C@H]2O)c1.O
Cn1nnc(-c2ccc(-c3ccc(N4C[C@H](COP(=O)(O)O)OC4=O)cc3F)cn2)n1>>Cn1nnc(-c2ccc(-c3ccc(N4CCOC4=O)c(COP(=O)(O)O)c3F)cn2)n1
rule0004_09
rule0028_42
No_Thermo
No_Thermo

ranking 3
final score 6.0
Max reaction enthalpy score 0  x  2  =  0
Number of reactions score 1.0  x  4  =  4.0
By-product score 1.0  x  2  =  2.0
Pathway atom economy score 0.0  x  1  =  0.0
Salt score 0  x  0  =  0
Reaxys score 0  x  0  =  0
Cool score 0  x  0  =  0
atom economy 0.9628048239139277
pathway by-product 0
intermediate by-product {None: 0}
Cn1nnc(-c2ccc(-c3cc(O)c(N4C[C@H](COP(=O)(O)O)OC4=O)cc3F)cn2)n1>>Cn1nnc(-c2ccc(-c3cc(O)c(N4CCOC4=O)c(COP(=O)(O)O)c3F)cn2)n1
Cn1nnc(-c2ccc(-c3ccc(N4C[C@H](COP(=O)(O)O)OC4=O)cc3F)cn2)n1.OO>>Cn1nnc(-c2ccc(-c3cc(O)c(N4C[C@H](COP(=O)(O)O)OC4=O)cc3F)cn2)n1.O
rule0028_42
rule1165_2
No_Thermo
No_Thermo

ranking 4
final score 6.0
Max reaction enthalpy score 0  x  2  =  0
Number of reactions score 1.0  x  4  =  4.0
By-product score 1.0  x  2  =  2.0
Pathway atom economy score 0.0  x  1  =  0.0
Salt score 0  x  0  =  0
Reaxys score 0  x  0  =  0
Cool score 0  x  0  =  0
atom economy 0.9628048239139277
pathway by-product 0
intermediate by-product {None: 0}
Cn1nnc(-c2ccc(-c3cc(O)c(N4C[C@H](COP(=O)(O)O)OC4=O)cc3F)cn2)n1>>Cn1nnc(-c2ccc(-c3cc(O)c(N4CCOC4=O)c(COP(=O)(O)O)c3F)cn2)n1
Cn1nnc(-c2ccc(-c3ccc(N4C[C@H](COP(=O)(O)O)OC4=O)cc3F)cn2)n1.NC(=O)C1=CN([C@@H]2O[C@H](COP(=O)(O)OP(=O)(O)OC[C@H]3O[C@@H](n4cnc5c(N)ncnc54)[C@H](OP(=O)(O)O)[C@@H]3O)[C@@H](O)[C@H]2O)C=CC1.O=O>>Cn1nnc(-c2ccc(-c3cc(O)c(N4C[C@H](COP(=O)(O)O)OC4=O)cc3F)cn2)n1.NC(=O)c1ccc[n+]([C@@H]2O[C@H](COP(=O)(O)OP(=O)(O)OC[C@H]3O[C@@H](n4cnc5c(N)ncnc54)[C@H](OP(=O)(O)O)[C@@H]3O)[C@@H](O)[C@H]2O)c1.O
rule0028_42
rule0004_10
No_Thermo
No_Thermo

Time used for pathway ranking: 0.00 minutes

Job name: starter_00041
Job type: pathway visualization
Job started on: 2026-02-12 15:30:12.302324
pygraphviz is NOT installed.
A custom node layout will be used for pathway visualization
Number of pathways:  4
Number of reactions in reaxys:  0
Working on creating pages
You can adjust multi-processing number to speed up PDF generation
page done: 1
page done: 2
page done: 3
page done: 4
Finished with pages, writing to pdf
Time used for pathway visualization: 0.01 minutes

A custom node layout was used for pathway visualization
For a better layout, please install pygraphviz and Graphviz with the following command:
conda install conda-forge::pygraphviz
which should install both packages together

[Worker 9] Finished [9/51] SUCCESS | Molecules: 1487 | Targets: 1471 | Time: 24.7m | SMILES: NC(=O)C1=CC=CC2=CN(N=C12)C1=CC=C(C=C1)[C...
[Worker 9] Starting [47/51] SMILES: NS(=O)(=O)CC1=NOC2=CC=CC=C12...
Job name: starter_00046
Job type: enzymatic network expansion forward
Ruleset: JN3604IMT (JN3604IMT_rules.tsv)
Job started on: 2026-02-12 15:25:47.003644
Number of generations: 2
Number of operators loaded: 3571
Number of molecules before expantion (including cofactors): 42
Number of molecules after expantion (including cofactors): 711
Number of reactions: 890
Time used for network generation: 5.43 minutes

Job name: starter_00046
Job type: post-processing pretreat networks
Job started on: 2026-02-12 15:31:16.292963
Loading networks, it may take a while if loading large networks from file
Loading network 1 from memory
Number of reations in network 1: 890
Networks loaded, now generating reaction strings
Reaction strings generation finished
Removing unconnected reactions
Unconnected reactions removed
Total number of reactions after pretreatment: 890
Time used for network pretreatment: 0.00 minutes

Job name: starter_00046
Job type: pathway search
Job started on: 2026-02-12 15:31:16.350976
Pathway finder started, total number of reactions in network 890
Searching for pathways.
If it is taking too long, try adjusting pruning parameters
No pathway found! Try adjusting pruning parameters.
Pathway search finished, removing loops if there's any.
Time used for pathway search: 0.00 minutes

Job name: starter_00046
Job type: pathway ranking
Job started on: 2026-02-12 15:31:16.581230
Start ranking pathways. Number of pathways after sanitization: 2
Reaction thermodynamics ranking working
Reaction thermodynamics ranking finished
Atom economy ranking working
Atom economy calculation error for pathway 1
Atom economy calculation error for pathway 2
Min_eco 0
Max_eco 0
None_eco 0
Atom_economy ranking finished
Number of steps ranking working
Number of steps ranking finished
By product_number ranking working
You can adjust multi-processing number to speed it up
By product_number ranking finished
min score 6.0
max score 6.0

Pathway ranking finished. Pathway scores:

ranking 1
final score 6.0
Max reaction enthalpy score 0  x  2  =  0
Number of reactions score 1.0  x  4  =  4.0
By-product score 1.0  x  2  =  2.0
Pathway atom economy score 0.0  x  1  =  0.0
Salt score 0  x  0  =  0
Reaxys score 0  x  0  =  0
Cool score 0  x  0  =  0
atom economy 0
pathway by-product 0
intermediate by-product {None: 0}
NC(=O)C1=CN([C@@H]2O[C@H](COP(=O)(O)OP(=O)(O)OC[C@H]3O[C@@H](n4cnc5c(N)ncnc54)[C@H](OP(=O)(O)O)[C@@H]3O)[C@@H](O)[C@H]2O)C=CC1.NS(=O)(=O)Cc1noc2ccccc12.O=O>>NC(=O)c1ccc[n+]([C@@H]2O[C@H](COP(=O)(O)OP(=O)(O)OC[C@H]3O[C@@H](n4cnc5c(N)ncnc54)[C@H](OP(=O)(O)O)[C@@H]3O)[C@@H](O)[C@H]2O)c1.NS(=O)(=O)CC1=NOC2=CC=CC(O)C21O
NS(=O)(=O)CC1=NOC2=CC=CC(O)C21O.O=S(=O)(O)O>>NS(=O)(=O)CC1=NOC2=CC=CC(O)C21OS(=O)(=O)O.O
rule0094_1
rule0127_2
No_Thermo
No_Thermo

ranking 2
final score 6.0
Max reaction enthalpy score 0  x  2  =  0
Number of reactions score 1.0  x  4  =  4.0
By-product score 1.0  x  2  =  2.0
Pathway atom economy score 0.0  x  1  =  0.0
Salt score 0  x  0  =  0
Reaxys score 0  x  0  =  0
Cool score 0  x  0  =  0
atom economy 0
pathway by-product 0
intermediate by-product {None: 0}
NC(=O)C1=CN([C@@H]2O[C@H](COP(=O)(O)OP(=O)(O)OC[C@H]3O[C@@H](n4cnc5c(N)ncnc54)[C@H](OP(=O)(O)O)[C@@H]3O)[C@@H](O)[C@H]2O)C=CC1.NS(=O)(=O)Cc1noc2ccccc12.O=O>>NC(=O)c1ccc[n+]([C@@H]2O[C@H](COP(=O)(O)OP(=O)(O)OC[C@H]3O[C@@H](n4cnc5c(N)ncnc54)[C@H](OP(=O)(O)O)[C@@H]3O)[C@@H](O)[C@H]2O)c1.NS(=O)(=O)CC1=NOC2=CC=CC(O)C21O
NS(=O)(=O)CC1=NOC2=CC=CC(O)C21O.Nc1ncnc2c1ncn2[C@@H]1O[C@H](COP(=O)(O)OS(=O)(=O)O)[C@@H](OP(=O)(O)O)[C@H]1O>>NS(=O)(=O)CC1=NOC2=CC=CC(O)C21OS(=O)(=O)O.Nc1ncnc2c1ncn2[C@@H]1O[C@H](COP(=O)(O)O)[C@@H](OP(=O)(O)O)[C@H]1O
rule0094_1
rule0048_5
No_Thermo
No_Thermo

Time used for pathway ranking: 0.00 minutes

Job name: starter_00046
Job type: pathway visualization
Job started on: 2026-02-12 15:31:16.653523
pygraphviz is NOT installed.
A custom node layout will be used for pathway visualization
Number of pathways:  2
Number of reactions in reaxys:  0
Working on creating pages
You can adjust multi-processing number to speed up PDF generation
page done: 1
page done: 2
[Worker 10] Starting [10/51] SMILES: OC1=C2N(C[C@H]3O[C@@H]4CC[C@@H](C4)N3C2=O)C=C(C(=O)NCC2=C(F)...
Job name: starter_00009
Job type: enzymatic network expansion forward
Ruleset: JN3604IMT (JN3604IMT_rules.tsv)
Job started on: 2026-02-12 15:01:01.901509
Number of generations: 2
Number of operators loaded: 3571
Number of molecules before expantion (including cofactors): 42
Number of molecules after expantion (including cofactors): 1568
Number of reactions: 2145
Time used for network generation: 31.52 minutes

Job name: starter_00009
Job type: post-processing pretreat networks
Job started on: 2026-02-12 15:32:37.200533
Loading networks, it may take a while if loading large networks from file
Loading network 1 from memory
Number of reations in network 1: 2145
Networks loaded, now generating reaction strings
Reaction strings generation finished
Removing unconnected reactions
Unconnected reactions removed
Total number of reactions after pretreatment: 2139
Time used for network pretreatment: 0.00 minutes

Job name: starter_00009
Job type: pathway search
Job started on: 2026-02-12 15:32:37.308756
Pathway finder started, total number of reactions in network 2139
Searching for pathways.
If it is taking too long, try adjusting pruning parameters
Pathway search finished, removing loops if there's any.
Time used for pathway search: 0.01 minutes
2 pathways found!
3 reactions found in all pathways
Min number of reactions in a pathway: 2
Max number of reactions in a pathway: 2
Pruning parameters for this search:
search_depth: 2
max_num_rxns: 2
min_rxn_atom_economy: 0.3

Job name: starter_00009
Job type: pathway ranking
Job started on: 2026-02-12 15:32:38.117058
Start ranking pathways. Number of pathways after sanitization: 2
Reaction thermodynamics ranking working
Reaction thermodynamics ranking finished
Atom economy ranking working
Min_eco 0.9670937267107974
Max_eco 1.0
None_eco 0
Atom_economy ranking finished
Number of steps ranking working
Number of steps ranking finished
By product_number ranking working
You can adjust multi-processing number to speed it up
By product_number ranking finished
min score 6.0
max score 7.0

Pathway ranking finished. Pathway scores:

ranking 1
final score 7.0
Max reaction enthalpy score 0  x  2  =  0
Number of reactions score 1.0  x  4  =  4.0
By-product score 1.0  x  2  =  2.0
Pathway atom economy score 1.0  x  1  =  1.0
Salt score 0  x  0  =  0
Reaxys score 0  x  0  =  0
Cool score 0  x  0  =  0
atom economy 1.0
pathway by-product 0
intermediate by-product {None: 0}
Nc1ncnc2c1ncn2[C@@H]1O[C@H](COP(=O)(O)OS(=O)(=O)O)[C@@H](OP(=O)(O)O)[C@H]1O.O=C(NCc1c(F)cc(F)cc1F)c1cn2c(c(O)c1=O)C(=O)N1[C@H]3CC[C@H](C3)O[C@@H]1C2>>Nc1ncnc2c1ncn2[C@@H]1O[C@H](COP(=O)(O)O)[C@@H](OP(=O)(O)O)[C@H]1O.O=C(NCc1c(F)cc(F)cc1F)c1cn2c(c(OS(=O)(=O)O)c1=O)C(=O)N1[C@H]3CC[C@H](C3)O[C@@H]1C2
O=C(NCc1c(F)cc(F)cc1F)c1cn2c(c(OS(=O)(=O)O)c1=O)C(=O)N1[C@H]3CC[C@H](C3)O[C@@H]1C2>>O=C1c2c3c(=O)c(C(O)NCc4c(F)cc(F)cc4F)cn2C[C@H]2O[C@@H]4CC[C@@H](C4OS(=O)(=O)O3)N12
rule0048_5
rule0169_1
No_Thermo
No_Thermo

ranking 2
final score 6.0
Max reaction enthalpy score 0  x  2  =  0
Number of reactions score 1.0  x  4  =  4.0
By-product score 1.0  x  2  =  2.0
Pathway atom economy score 0.0  x  1  =  0.0
Salt score 0  x  0  =  0
Reaxys score 0  x  0  =  0
Cool score 0  x  0  =  0
atom economy 0.9670937267107974
pathway by-product 0
intermediate by-product {None: 0}
O=C(NCc1c(F)cc(F)cc1F)c1cn2c(c(O)c1=O)C(=O)N1[C@H]3CC[C@H](C3)O[C@@H]1C2.O=S(=O)(O)O>>O.O=C(NCc1c(F)cc(F)cc1F)c1cn2c(c(OS(=O)(=O)O)c1=O)C(=O)N1[C@H]3CC[C@H](C3)O[C@@H]1C2
O=C(NCc1c(F)cc(F)cc1F)c1cn2c(c(OS(=O)(=O)O)c1=O)C(=O)N1[C@H]3CC[C@H](C3)O[C@@H]1C2>>O=C1c2c3c(=O)c(C(O)NCc4c(F)cc(F)cc4F)cn2C[C@H]2O[C@@H]4CC[C@@H](C4OS(=O)(=O)O3)N12
rule0127_2
rule0169_1
No_Thermo
No_Thermo

Time used for pathway ranking: 0.00 minutes

Job name: starter_00009
Job type: pathway visualization
Job started on: 2026-02-12 15:32:38.192209
pygraphviz is NOT installed.
A custom node layout will be used for pathway visualization
Number of pathways:  2
Number of reactions in reaxys:  0
Working on creating pages
You can adjust multi-processing number to speed up PDF generation
page done: 1
page done: 2
[Worker 3] Starting [3/51] SMILES: CCN1C(=O)N(CC2=CN=C3NC(CN4CCOCC4)=CC3=C12)C1=C(F)C(OC)=CC(OC...
Job name: starter_00002
Job type: enzymatic network expansion forward
Ruleset: JN3604IMT (JN3604IMT_rules.tsv)
Job started on: 2026-02-12 15:01:01.894170
Number of generations: 2
Number of operators loaded: 3571
Number of molecules before expantion (including cofactors): 42
Number of molecules after expantion (including cofactors): 1511
Number of reactions: 2608
Time used for network generation: 33.36 minutes

Job name: starter_00002
Job type: post-processing pretreat networks
Job started on: 2026-02-12 15:34:27.375791
Loading networks, it may take a while if loading large networks from file
Loading network 1 from memory
Number of reations in network 1: 2608
Networks loaded, now generating reaction strings
Reaction strings generation finished
Removing unconnected reactions
Unconnected reactions removed
Total number of reactions after pretreatment: 2551
Time used for network pretreatment: 0.00 minutes

Job name: starter_00002
Job type: pathway search
Job started on: 2026-02-12 15:34:27.501516
Pathway finder started, total number of reactions in network 2551
Searching for pathways.
If it is taking too long, try adjusting pruning parameters
Pathway search finished, removing loops if there's any.
Time used for pathway search: 0.02 minutes
1 pathways found!
2 reactions found in all pathways
Min number of reactions in a pathway: 2
Max number of reactions in a pathway: 2
Pruning parameters for this search:
search_depth: 2
max_num_rxns: 2
min_rxn_atom_economy: 0.3

Job name: starter_00002
Job type: pathway ranking
Job started on: 2026-02-12 15:34:28.470810
Start ranking pathways. Number of pathways after sanitization: 1
Reaction thermodynamics ranking working
Reaction thermodynamics ranking finished
Atom economy ranking working
Min_eco 0.7573974337478651
Max_eco 0.7573974337478651
None_eco 0
Atom_economy ranking finished
Number of steps ranking working
Number of steps ranking finished
By product_number ranking working
You can adjust multi-processing number to speed it up
By product_number ranking finished
min score 6.0
max score 6.0

Pathway ranking finished. Pathway scores:

ranking 1
final score 6.0
Max reaction enthalpy score 0  x  2  =  0
Number of reactions score 1.0  x  4  =  4.0
By-product score 1.0  x  2  =  2.0
Pathway atom economy score 0.0  x  1  =  0.0
Salt score 0  x  0  =  0
Reaxys score 0  x  0  =  0
Cool score 0  x  0  =  0
atom economy 0.7573974337478651
pathway by-product 0
intermediate by-product {None: 0}
CC(C)=CCOP(=O)(O)OP(=O)(O)O.CCN1C(=O)N(c2c(F)c(OC)cc(OC)c2F)Cc2cnc3[nH]c(CN4CCOCC4)cc3c21>>CCN1C(=O)N(c2c(F)c(OC)c(CC=C(C)C)c(OC)c2F)Cc2cnc3[nH]c(CN4CCOCC4)cc3c21.O=P(O)(O)OP(=O)(O)O
CCN1C(=O)N(c2c(F)c(OC)c(CC=C(C)C)c(OC)c2F)Cc2cnc3[nH]c(CN4CCOCC4)cc3c21>>CCN1C(=O)N(c2c(F)c(OC)c(C)c(OC)c2F)Cc2cnc3[nH]c(C(C=C(C)C)N4CCOCC4)cc3c21
rule0110_5
rule0028_51
No_Thermo
No_Thermo

Time used for pathway ranking: 0.00 minutes

Job name: starter_00002
Job type: pathway visualization
Job started on: 2026-02-12 15:34:28.552523
pygraphviz is NOT installed.
A custom node layout will be used for pathway visualization
Number of pathways:  1
Number of reactions in reaxys:  0
Working on creating pages
You can adjust multi-processing number to speed up PDF generation
page done: 1
Finished with pages, writing to pdf
Time used for pathway visualization: 0.01 minutes

A custom node layout was used for pathway visualization
For a better layout, please install pygraphviz and Graphviz with the following command:
conda install conda-forge::pygraphviz
which should install both packages together

[Worker 3] Finished [3/51] SUCCESS | Molecules: 1511 | Targets: 1492 | Time: 33.5m | SMILES: CCN1C(=O)N(CC2=CN=C3NC(CN4CCOCC4)=CC3=C1...
[Worker 3] Shutting down. Processed 1 molecules.
[Worker 4] Starting [4/51] SMILES: CC1=CC(=NN2C1=NC(=C2)C)C3=CC(=O)N4C=C(C=CC4=N3)N5CCNC6(C5)CC...
Job name: starter_00003
Job type: enzymatic network expansion forward
Ruleset: JN3604IMT (JN3604IMT_rules.tsv)
Job started on: 2026-02-12 15:01:01.900616
Number of generations: 2
Number of operators loaded: 3571
Number of molecules before expantion (including cofactors): 42
Number of molecules after expantion (including cofactors): 42
Number of reactions: 0
Time used for network generation: 0.34 minutes

Job name: starter_00003
Job type: post-processing pretreat networks
Job started on: 2026-02-12 15:01:25.384571
Loading networks, it may take a while if loading large networks from file
Loading network 1 from memory
Number of reations in network 1: 0
Networks loaded, now generating reaction strings
Reaction strings generation finished
Removing unconnected reactions
Unconnected reactions removed
Total number of reactions after pretreatment: 0
Time used for network pretreatment: 0.00 minutes

Job name: starter_00003
Job type: pathway search
Job started on: 2026-02-12 15:01:25.388617
Pathway finder started, total number of reactions in network 0
Searching for pathways.
If it is taking too long, try adjusting pruning parameters
No pathway found! Try adjusting pruning parameters.
Pathway search finished, removing loops if there's any.
Time used for pathway search: 0.00 minutes

Job name: starter_00003
Job type: pathway ranking
Job started on: 2026-02-12 15:01:25.391417
Pathway file not found, exiting pathway ranking

Job name: starter_00003
Job type: pathway visualization
Job started on: 2026-02-12 15:01:25.395008
Ranked pathway file not found, exiting pathway visualization

[Worker 4] Finished [4/51] SUCCESS | Molecules: 42 | Targets: 27 | Time: 23.6s | SMILES: CC1=CC(=NN2C1=NC(=C2)C)C3=CC(=O)N4C=C(C=...
[Worker 4] Starting [33/51] SMILES: CC(C)(C)C1=NC(=C(S1)C1=NC(N)=NC=C1)C1=C(F)C(NS(=O)(=O)C2=C(F...
Job name: starter_00032
Job type: enzymatic network expansion forward
Ruleset: JN3604IMT (JN3604IMT_rules.tsv)
Job started on: 2026-02-12 15:01:26.089924
Number of generations: 2
Number of operators loaded: 3571
Number of molecules before expantion (including cofactors): 42
Number of molecules after expantion (including cofactors): 2825
Number of reactions: 5257
Time used for network generation: 33.97 minutes

Job name: starter_00032
Job type: post-processing pretreat networks
Job started on: 2026-02-12 15:35:28.504372
Loading networks, it may take a while if loading large networks from file
Loading network 1 from memory
Number of reations in network 1: 5257
Networks loaded, now generating reaction strings
Reaction strings generation finished
Removing unconnected reactions
Unconnected reactions removed
Total number of reactions after pretreatment: 5253
Time used for network pretreatment: 0.00 minutes

Job name: starter_00032
Job type: pathway search
Job started on: 2026-02-12 15:35:28.743504
Pathway finder started, total number of reactions in network 5253
Searching for pathways.
If it is taking too long, try adjusting pruning parameters
Pathway search finished, removing loops if there's any.
Time used for pathway search: 0.03 minutes
4 pathways found!
6 reactions found in all pathways
Min number of reactions in a pathway: 2
Max number of reactions in a pathway: 2
Pruning parameters for this search:
search_depth: 2
max_num_rxns: 2
min_rxn_atom_economy: 0.3

Job name: starter_00032
Job type: pathway ranking
Job started on: 2026-02-12 15:35:30.684775
Start ranking pathways. Number of pathways after sanitization: 4
Reaction thermodynamics ranking working
Reaction thermodynamics ranking finished
Atom economy ranking working
Min_eco 0.7549169667867146
Max_eco 0.7549169667867146
None_eco 0
Atom_economy ranking finished
Number of steps ranking working
Number of steps ranking finished
By product_number ranking working
You can adjust multi-processing number to speed it up
By product_number ranking finished
min score 6.0
max score 6.0

Pathway ranking finished. Pathway scores:

ranking 1
final score 6.0
Max reaction enthalpy score 0  x  2  =  0
Number of reactions score 1.0  x  4  =  4.0
By-product score 1.0  x  2  =  2.0
Pathway atom economy score 0.0  x  1  =  0.0
Salt score 0  x  0  =  0
Reaxys score 0  x  0  =  0
Cool score 0  x  0  =  0
atom economy 0.7549169667867146
pathway by-product 0
intermediate by-product {None: 0}
CC(C)(C)c1nc(-c2cccc(NS(=O)(=O)c3c(F)cccc3F)c2F)c(-c2ccnc(N)n2)s1.CC(C)=CCOP(=O)(O)OP(=O)(O)O>>CC(C)=CCc1ccc(NS(=O)(=O)c2c(F)cccc2F)c(F)c1-c1nc(C(C)(C)C)sc1-c1ccnc(N)n1.O=P(O)(O)OP(=O)(O)O
CC(C)=CCc1ccc(NS(=O)(=O)c2c(F)cccc2F)c(F)c1-c1nc(C(C)(C)C)sc1-c1ccnc(N)n1.OO>>CC(C)=CCc1cc(O)c(NS(=O)(=O)c2c(F)cccc2F)c(F)c1-c1nc(C(C)(C)C)sc1-c1ccnc(N)n1.O
rule0110_5
rule1165_2
No_Thermo
No_Thermo

ranking 2
final score 6.0
Max reaction enthalpy score 0  x  2  =  0
Number of reactions score 1.0  x  4  =  4.0
By-product score 1.0  x  2  =  2.0
Pathway atom economy score 0.0  x  1  =  0.0
Salt score 0  x  0  =  0
Reaxys score 0  x  0  =  0
Cool score 0  x  0  =  0
atom economy 0.7549169667867146
pathway by-product 0
intermediate by-product {None: 0}
CC(C)(C)c1nc(-c2cccc(NS(=O)(=O)c3c(F)cccc3F)c2F)c(-c2ccnc(N)n2)s1.CC(C)=CCOP(=O)(O)OP(=O)(O)O>>CC(C)=CCc1ccc(NS(=O)(=O)c2c(F)cccc2F)c(F)c1-c1nc(C(C)(C)C)sc1-c1ccnc(N)n1.O=P(O)(O)OP(=O)(O)O
CC(C)=CCc1ccc(NS(=O)(=O)c2c(F)cccc2F)c(F)c1-c1nc(C(C)(C)C)sc1-c1ccnc(N)n1.NC(=O)C1=CN([C@@H]2O[C@H](COP(=O)(O)OP(=O)(O)OC[C@H]3O[C@@H](n4cnc5c(N)ncnc54)[C@H](OP(=O)(O)O)[C@@H]3O)[C@@H](O)[C@H]2O)C=CC1.O=O>>CC(C)=CCc1cc(O)c(NS(=O)(=O)c2c(F)cccc2F)c(F)c1-c1nc(C(C)(C)C)sc1-c1ccnc(N)n1.NC(=O)c1ccc[n+]([C@@H]2O[C@H](COP(=O)(O)OP(=O)(O)OC[C@H]3O[C@@H](n4cnc5c(N)ncnc54)[C@H](OP(=O)(O)O)[C@@H]3O)[C@@H](O)[C@H]2O)c1.O
rule0110_5
rule0004_09
No_Thermo
No_Thermo

ranking 3
final score 6.0
Max reaction enthalpy score 0  x  2  =  0
Number of reactions score 1.0  x  4  =  4.0
By-product score 1.0  x  2  =  2.0
Pathway atom economy score 0.0  x  1  =  0.0
Salt score 0  x  0  =  0
Reaxys score 0  x  0  =  0
Cool score 0  x  0  =  0
atom economy 0.7549169667867146
pathway by-product 0
intermediate by-product {None: 0}
CC(C)(C)c1nc(-c2ccc(O)c(NS(=O)(=O)c3c(F)cccc3F)c2F)c(-c2ccnc(N)n2)s1.CC(C)=CCOP(=O)(O)OP(=O)(O)O>>CC(C)=CCc1cc(O)c(NS(=O)(=O)c2c(F)cccc2F)c(F)c1-c1nc(C(C)(C)C)sc1-c1ccnc(N)n1.O=P(O)(O)OP(=O)(O)O
CC(C)(C)c1nc(-c2cccc(NS(=O)(=O)c3c(F)cccc3F)c2F)c(-c2ccnc(N)n2)s1.OO>>CC(C)(C)c1nc(-c2ccc(O)c(NS(=O)(=O)c3c(F)cccc3F)c2F)c(-c2ccnc(N)n2)s1.O
rule0110_5
rule1165_2
No_Thermo
No_Thermo

ranking 4
final score 6.0
Max reaction enthalpy score 0  x  2  =  0
Number of reactions score 1.0  x  4  =  4.0
By-product score 1.0  x  2  =  2.0
Pathway atom economy score 0.0  x  1  =  0.0
Salt score 0  x  0  =  0
Reaxys score 0  x  0  =  0
Cool score 0  x  0  =  0
atom economy 0.7549169667867146
pathway by-product 0
intermediate by-product {None: 0}
CC(C)(C)c1nc(-c2ccc(O)c(NS(=O)(=O)c3c(F)cccc3F)c2F)c(-c2ccnc(N)n2)s1.CC(C)=CCOP(=O)(O)OP(=O)(O)O>>CC(C)=CCc1cc(O)c(NS(=O)(=O)c2c(F)cccc2F)c(F)c1-c1nc(C(C)(C)C)sc1-c1ccnc(N)n1.O=P(O)(O)OP(=O)(O)O
CC(C)(C)c1nc(-c2cccc(NS(=O)(=O)c3c(F)cccc3F)c2F)c(-c2ccnc(N)n2)s1.NC(=O)C1=CN([C@@H]2O[C@H](COP(=O)(O)OP(=O)(O)OC[C@H]3O[C@@H](n4cnc5c(N)ncnc54)[C@H](OP(=O)(O)O)[C@@H]3O)[C@@H](O)[C@H]2O)C=CC1.O=O>>CC(C)(C)c1nc(-c2ccc(O)c(NS(=O)(=O)c3c(F)cccc3F)c2F)c(-c2ccnc(N)n2)s1.NC(=O)c1ccc[n+]([C@@H]2O[C@H](COP(=O)(O)OP(=O)(O)OC[C@H]3O[C@@H](n4cnc5c(N)ncnc54)[C@H](OP(=O)(O)O)[C@@H]3O)[C@@H](O)[C@H]2O)c1.O
rule0110_5
rule0004_10
No_Thermo
No_Thermo

Time used for pathway ranking: 0.00 minutes

Job name: starter_00032
Job type: pathway visualization
Job started on: 2026-02-12 15:35:30.760786
pygraphviz is NOT installed.
A custom node layout will be used for pathway visualization
Number of pathways:  4
Number of reactions in reaxys:  0
Working on creating pages
You can adjust multi-processing number to speed up PDF generation
page done: 1
page done: 2
page done: 3
page done: 4
Finished with pages, writing to pdf
Time used for pathway visualization: 0.03 minutes

A custom node layout was used for pathway visualization
For a better layout, please install pygraphviz and Graphviz with the following command:
conda install conda-forge::pygraphviz
which should install both packages together

[Worker 4] Finished [33/51] SUCCESS | Molecules: 2825 | Targets: 2807 | Time: 34.1m | SMILES: CC(C)(C)C1=NC(=C(S1)C1=NC(N)=NC=C1)C1=C(...
[Worker 4] Shutting down. Processed 2 molecules.
[Worker 5] Starting [5/51] SMILES: COC(=O)NC1=C(N=C(N=C1N)C2=NN(C3=C2C=C(C=N3)F)CC4=CC=CC=C4F)N...
Job name: starter_00004
Job type: enzymatic network expansion forward
Ruleset: JN3604IMT (JN3604IMT_rules.tsv)
Job started on: 2026-02-12 15:01:01.897081
Number of generations: 2
Number of operators loaded: 3571
Number of molecules before expantion (including cofactors): 42
Number of molecules after expantion (including cofactors): 1397
Number of reactions: 2202
Time used for network generation: 36.89 minutes

Job name: starter_00004
Job type: post-processing pretreat networks
Job started on: 2026-02-12 15:37:58.669668
Loading networks, it may take a while if loading large networks from file
Loading network 1 from memory
Number of reations in network 1: 2202
Networks loaded, now generating reaction strings
Reaction strings generation finished
Removing unconnected reactions
Unconnected reactions removed
Total number of reactions after pretreatment: 2198
Time used for network pretreatment: 0.00 minutes

Job name: starter_00004
Job type: pathway search
Job started on: 2026-02-12 15:37:58.780560
Pathway finder started, total number of reactions in network 2198
Searching for pathways.
If it is taking too long, try adjusting pruning parameters
Pathway search finished, removing loops if there's any.
Time used for pathway search: 0.01 minutes
2 pathways found!
4 reactions found in all pathways
Min number of reactions in a pathway: 2
Max number of reactions in a pathway: 2
Pruning parameters for this search:
search_depth: 2
max_num_rxns: 2
min_rxn_atom_economy: 0.3

Job name: starter_00004
Job type: pathway ranking
Job started on: 2026-02-12 15:37:59.555957
Start ranking pathways. Number of pathways after sanitization: 2
Reaction thermodynamics ranking working
Reaction thermodynamics ranking finished
Atom economy ranking working
Min_eco 0.4962204792744709
Max_eco 0.5152321028704793
None_eco 0
Atom_economy ranking finished
Number of steps ranking working
Number of steps ranking finished
By product_number ranking working
You can adjust multi-processing number to speed it up
By product_number ranking finished
min score 6.0
max score 7.0

Pathway ranking finished. Pathway scores:

ranking 1
final score 7.0
Max reaction enthalpy score 0  x  2  =  0
Number of reactions score 1.0  x  4  =  4.0
By-product score 1.0  x  2  =  2.0
Pathway atom economy score 1.0  x  1  =  1.0
Salt score 0  x  0  =  0
Reaxys score 0  x  0  =  0
Cool score 0  x  0  =  0
atom economy 0.5152321028704793
pathway by-product 0
intermediate by-product {None: 0}
COC(=O)Nc1c(N)nc(-c2nn(Cc3ccccc3F)c3c2cc(F)c[n+]3C)nc1N.NC(=O)C1=CN([C@@H]2O[C@H](COP(=O)(O)OP(=O)(O)OC[C@H]3O[C@@H](n4cnc5c(N)ncnc54)[C@H](OP(=O)(O)O)[C@@H]3O)[C@@H](O)[C@H]2O)C=CC1.O=O>>COC(=O)Nc1c(N)nc(-c2nn(CC3=C(F)C4OC4C=C3)c3c2cc(F)c[n+]3C)nc1N.NC(=O)c1ccc[n+]([C@@H]2O[C@H](COP(=O)(O)OP(=O)(O)OC[C@H]3O[C@@H](n4cnc5c(N)ncnc54)[C@H](OP(=O)(O)O)[C@@H]3O)[C@@H](O)[C@H]2O)c1.O
COC(=O)Nc1c(N)nc(-c2nn(Cc3ccccc3F)c3ncc(F)cc23)nc1N.COC(=O)Nc1c(N)nc(-c2nn(Cc3ccccc3F)c3ncc(F)cc23)nc1N>>COC(=O)Nc1c(N)nc(-c2nn(Cc3ccccc3F)c3c2cc(F)c[n+]3C)nc1N.Nc1nc(-c2nn(Cc3ccccc3F)c3ncc(F)cc23)nc(N)c1NC(=O)O
rule0951_1
rule0518_3
No_Thermo
No_Thermo

ranking 2
final score 6.0
Max reaction enthalpy score 0  x  2  =  0
Number of reactions score 1.0  x  4  =  4.0
By-product score 1.0  x  2  =  2.0
Pathway atom economy score 0.0  x  1  =  0.0
Salt score 0  x  0  =  0
Reaxys score 0  x  0  =  0
Cool score 0  x  0  =  0
atom economy 0.4962204792744709
pathway by-product 0
intermediate by-product {None: 0}
COC(=O)Nc1c(N)nc(-c2nn(CC3=C(F)C4OC4C=C3)c3ncc(F)cc23)nc1N.COC(=O)Nc1c(N)nc(-c2nn(CC3=C(F)C4OC4C=C3)c3ncc(F)cc23)nc1N>>COC(=O)Nc1c(N)nc(-c2nn(CC3=C(F)C4OC4C=C3)c3c2cc(F)c[n+]3C)nc1N.Nc1nc(-c2nn(CC3=C(F)C4OC4C=C3)c3ncc(F)cc23)nc(N)c1NC(=O)O
COC(=O)Nc1c(N)nc(-c2nn(Cc3ccccc3F)c3ncc(F)cc23)nc1N.NC(=O)C1=CN([C@@H]2O[C@H](COP(=O)(O)OP(=O)(O)OC[C@H]3O[C@@H](n4cnc5c(N)ncnc54)[C@H](OP(=O)(O)O)[C@@H]3O)[C@@H](O)[C@H]2O)C=CC1.O=O>>COC(=O)Nc1c(N)nc(-c2nn(CC3=C(F)C4OC4C=C3)c3ncc(F)cc23)nc1N.NC(=O)c1ccc[n+]([C@@H]2O[C@H](COP(=O)(O)OP(=O)(O)OC[C@H]3O[C@@H](n4cnc5c(N)ncnc54)[C@H](OP(=O)(O)O)[C@@H]3O)[C@@H](O)[C@H]2O)c1.O
rule0518_3
rule0951_1
No_Thermo
No_Thermo

Time used for pathway ranking: 0.00 minutes

Job name: starter_00004
Job type: pathway visualization
Job started on: 2026-02-12 15:37:59.620625
pygraphviz is NOT installed.
A custom node layout will be used for pathway visualization
Number of pathways:  2
Number of reactions in reaxys:  0
Working on creating pages
You can adjust multi-processing number to speed up PDF generation
page done: 1
page done: 2
Finished with pages, writing to pdf
Time used for pathway visualization: 0.02 minutes

A custom node layout was used for pathway visualization
For a better layout, please install pygraphviz and Graphviz with the following command:
conda install conda-forge::pygraphviz
which should install both packages together

[Worker 5] Finished [5/51] SUCCESS | Molecules: 1397 | Targets: 1379 | Time: 37.0m | SMILES: COC(=O)NC1=C(N=C(N=C1N)C2=NN(C3=C2C=C(C=...
[Worker 5] Shutting down. Processed 1 molecules.
[Worker 21] Starting [21/51] SMILES: O[C@H]1CCN(C1)C(=O)NC1=C2N=C(C=CN2N=C1)N1CCC[C@@H]1C1=CC(F)=...
Job name: starter_00020
Job type: enzymatic network expansion forward
Ruleset: JN3604IMT (JN3604IMT_rules.tsv)
Job started on: 2026-02-12 15:01:01.964212
Number of generations: 2
Number of operators loaded: 3571
Number of molecules before expantion (including cofactors): 42
Number of molecules after expantion (including cofactors): 2174
Number of reactions: 3255
Time used for network generation: 37.61 minutes

Job name: starter_00020
Job type: post-processing pretreat networks
Job started on: 2026-02-12 15:38:42.324838
Loading networks, it may take a while if loading large networks from file
Loading network 1 from memory
Number of reations in network 1: 3255
Networks loaded, now generating reaction strings
Reaction strings generation finished
Removing unconnected reactions
Unconnected reactions removed
Total number of reactions after pretreatment: 3251
Time used for network pretreatment: 0.00 minutes

Job name: starter_00020
Job type: pathway search
Job started on: 2026-02-12 15:38:42.476639
Pathway finder started, total number of reactions in network 3251
Searching for pathways.
If it is taking too long, try adjusting pruning parameters
Pathway search finished, removing loops if there's any.
Time used for pathway search: 0.02 minutes
2 pathways found!
3 reactions found in all pathways
Min number of reactions in a pathway: 2
Max number of reactions in a pathway: 2
Pruning parameters for this search:
search_depth: 2
max_num_rxns: 2
min_rxn_atom_economy: 0.3

Job name: starter_00020
Job type: pathway ranking
Job started on: 2026-02-12 15:38:43.663702
Start ranking pathways. Number of pathways after sanitization: 2
Reaction thermodynamics ranking working
Reaction thermodynamics ranking finished
Atom economy ranking working
Min_eco 0.9621918049714157
Max_eco 0.9621918049714157
None_eco 0
Atom_economy ranking finished
Number of steps ranking working
Number of steps ranking finished
By product_number ranking working
You can adjust multi-processing number to speed it up
By product_number ranking finished
min score 6.0
max score 6.0

Pathway ranking finished. Pathway scores:

ranking 1
final score 6.0
Max reaction enthalpy score 0  x  2  =  0
Number of reactions score 1.0  x  4  =  4.0
By-product score 1.0  x  2  =  2.0
Pathway atom economy score 0.0  x  1  =  0.0
Salt score 0  x  0  =  0
Reaxys score 0  x  0  =  0
Cool score 0  x  0  =  0
atom economy 0.9621918049714157
pathway by-product 0
intermediate by-product {None: 0}
C[S+](CC[C@H](N)C(=O)O)C[C@H]1O[C@@H](n2cnc3c(N)ncnc32)[C@H](O)[C@@H]1O.O=C(Nc1cnn2ccc(N3CCC[C@@H]3c3cc(F)c(O)cc3F)nc12)N1CC[C@H](O)C1>>COc1cc(F)c([C@H]2CCCN2c2ccn3ncc(NC(=O)N4CC[C@H](O)C4)c3n2)cc1F.Nc1ncnc2c1ncn2[C@@H]1O[C@H](CSCC[C@H](N)C(=O)O)[C@@H](O)[C@H]1O
O=C(Nc1cnn2ccc(N3CCC[C@@H]3c3cc(F)ccc3F)nc12)N1CC[C@H](O)C1.OO>>O.O=C(Nc1cnn2ccc(N3CCC[C@@H]3c3cc(F)c(O)cc3F)nc12)N1CC[C@H](O)C1
rule0011_46
rule1165_2
No_Thermo
No_Thermo

ranking 2
final score 6.0
Max reaction enthalpy score 0  x  2  =  0
Number of reactions score 1.0  x  4  =  4.0
By-product score 1.0  x  2  =  2.0
Pathway atom economy score 0.0  x  1  =  0.0
Salt score 0  x  0  =  0
Reaxys score 0  x  0  =  0
Cool score 0  x  0  =  0
atom economy 0.9621918049714157
pathway by-product 0
intermediate by-product {None: 0}
C[S+](CC[C@H](N)C(=O)O)C[C@H]1O[C@@H](n2cnc3c(N)ncnc32)[C@H](O)[C@@H]1O.O=C(Nc1cnn2ccc(N3CCC[C@@H]3c3cc(F)c(O)cc3F)nc12)N1CC[C@H](O)C1>>COc1cc(F)c([C@H]2CCCN2c2ccn3ncc(NC(=O)N4CC[C@H](O)C4)c3n2)cc1F.Nc1ncnc2c1ncn2[C@@H]1O[C@H](CSCC[C@H](N)C(=O)O)[C@@H](O)[C@H]1O
NC(=O)C1=CN([C@@H]2O[C@H](COP(=O)(O)OP(=O)(O)OC[C@H]3O[C@@H](n4cnc5c(N)ncnc54)[C@H](OP(=O)(O)O)[C@@H]3O)[C@@H](O)[C@H]2O)C=CC1.O=C(Nc1cnn2ccc(N3CCC[C@@H]3c3cc(F)ccc3F)nc12)N1CC[C@H](O)C1.O=O>>NC(=O)c1ccc[n+]([C@@H]2O[C@H](COP(=O)(O)OP(=O)(O)OC[C@H]3O[C@@H](n4cnc5c(N)ncnc54)[C@H](OP(=O)(O)O)[C@@H]3O)[C@@H](O)[C@H]2O)c1.O.O=C(Nc1cnn2ccc(N3CCC[C@@H]3c3cc(F)c(O)cc3F)nc12)N1CC[C@H](O)C1
rule0011_46
rule0004_10
No_Thermo
No_Thermo

Time used for pathway ranking: 0.00 minutes

Job name: starter_00020
Job type: pathway visualization
Job started on: 2026-02-12 15:38:43.731955
pygraphviz is NOT installed.
A custom node layout will be used for pathway visualization
Number of pathways:  2
Number of reactions in reaxys:  0
Working on creating pages
You can adjust multi-processing number to speed up PDF generation
page done: 1
page done: 2
Finished with pages, writing to pdf
Time used for pathway visualization: 0.02 minutes

A custom node layout was used for pathway visualization
For a better layout, please install pygraphviz and Graphviz with the following command:
conda install conda-forge::pygraphviz
which should install both packages together

[Worker 21] Finished [21/51] SUCCESS | Molecules: 2174 | Targets: 2156 | Time: 37.7m | SMILES: O[C@H]1CCN(C1)C(=O)NC1=C2N=C(C=CN2N=C1)N...
[Worker 21] Shutting down. Processed 1 molecules.
Finished with pages, writing to pdf
Time used for pathway visualization: 0.04 minutes

A custom node layout was used for pathway visualization
For a better layout, please install pygraphviz and Graphviz with the following command:
conda install conda-forge::pygraphviz
which should install both packages together

[Worker 25] Finished [25/51] SUCCESS | Molecules: 1134 | Targets: 1113 | Time: 25.0m | SMILES: CC(=O)C1=C(C)C2=C(N=C(NC3=NC=C(C=C3)N3CC...
[Worker 25] Starting [48/51] SMILES: ClC1=CC=C(S1)C(=O)NC[C@H]1CN(C(=O)O1)C1=CC=C(C=C1)N1CCOCC1=O...
Job name: starter_00047
Job type: enzymatic network expansion forward
Ruleset: JN3604IMT (JN3604IMT_rules.tsv)
Job started on: 2026-02-12 15:26:02.608409
Number of generations: 2
Number of operators loaded: 3571
Number of molecules before expantion (including cofactors): 42
Number of molecules after expantion (including cofactors): 895
Number of reactions: 1251
Time used for network generation: 18.46 minutes

Job name: starter_00047
Job type: post-processing pretreat networks
Job started on: 2026-02-12 15:44:35.409875
Loading networks, it may take a while if loading large networks from file
Loading network 1 from memory
Number of reations in network 1: 1251
Networks loaded, now generating reaction strings
Reaction strings generation finished
Removing unconnected reactions
Unconnected reactions removed
Total number of reactions after pretreatment: 1249
Time used for network pretreatment: 0.00 minutes

Job name: starter_00047
Job type: pathway search
Job started on: 2026-02-12 15:44:35.532295
Pathway finder started, total number of reactions in network 1249
Searching for pathways.
If it is taking too long, try adjusting pruning parameters
No pathway found! Try adjusting pruning parameters.
Pathway search finished, removing loops if there's any.
Time used for pathway search: 0.01 minutes

Job name: starter_00047
Job type: pathway ranking
Job started on: 2026-02-12 15:44:36.177647
Start ranking pathways. Number of pathways after sanitization: 2
Reaction thermodynamics ranking working
Reaction thermodynamics ranking finished
Atom economy ranking working
Atom economy calculation error for pathway 1
Atom economy calculation error for pathway 2
Min_eco 0
Max_eco 0
None_eco 0
Atom_economy ranking finished
Number of steps ranking working
Number of steps ranking finished
By product_number ranking working
You can adjust multi-processing number to speed it up
By product_number ranking finished
min score 6.0
max score 6.0

Pathway ranking finished. Pathway scores:

ranking 1
final score 6.0
Max reaction enthalpy score 0  x  2  =  0
Number of reactions score 1.0  x  4  =  4.0
By-product score 1.0  x  2  =  2.0
Pathway atom economy score 0.0  x  1  =  0.0
Salt score 0  x  0  =  0
Reaxys score 0  x  0  =  0
Cool score 0  x  0  =  0
atom economy 0
pathway by-product 0
intermediate by-product {None: 0}
NC(=O)C1=CN([C@@H]2O[C@H](COP(=O)(O)OP(=O)(O)OC[C@H]3O[C@@H](n4cnc5c(N)ncnc54)[C@H](OP(=O)(O)O)[C@@H]3O)[C@@H](O)[C@H]2O)C=CC1.O=CNC[C@H]1CN(c2ccc(N3CCOCC3=O)c(-c3ccc(Cl)s3)c2)C(=O)O1.O=O>>NC(=O)c1ccc[n+]([C@@H]2O[C@H](COP(=O)(O)OP(=O)(O)OC[C@H]3O[C@@H](n4cnc5c(N)ncnc54)[C@H](OP(=O)(O)O)[C@@H]3O)[C@@H](O)[C@H]2O)c1.O=CNC[C@H]1CN(C2(O)C=CC(N3CCOCC3=O)=C(c3ccc(Cl)s3)C2O)C(=O)O1
O=C(NC[C@H]1CN(c2ccc(N3CCOCC3=O)cc2)C(=O)O1)c1ccc(Cl)s1>>O=CNC[C@H]1CN(c2ccc(N3CCOCC3=O)c(-c3ccc(Cl)s3)c2)C(=O)O1
rule0094_1
rule0028_52
No_Thermo
No_Thermo

ranking 2
final score 6.0
Max reaction enthalpy score 0  x  2  =  0
Number of reactions score 1.0  x  4  =  4.0
By-product score 1.0  x  2  =  2.0
Pathway atom economy score 0.0  x  1  =  0.0
Salt score 0  x  0  =  0
Reaxys score 0  x  0  =  0
Cool score 0  x  0  =  0
atom economy 0
pathway by-product 0
intermediate by-product {None: 0}
NC(=O)C1=CN([C@@H]2O[C@H](COP(=O)(O)OP(=O)(O)OC[C@H]3O[C@@H](n4cnc5c(N)ncnc54)[C@H](OP(=O)(O)O)[C@@H]3O)[C@@H](O)[C@H]2O)C=CC1.O=C(NC[C@H]1CN(c2ccc(N3CCOCC3=O)cc2)C(=O)O1)c1ccc(Cl)s1.O=O>>NC(=O)c1ccc[n+]([C@@H]2O[C@H](COP(=O)(O)OP(=O)(O)OC[C@H]3O[C@@H](n4cnc5c(N)ncnc54)[C@H](OP(=O)(O)O)[C@@H]3O)[C@@H](O)[C@H]2O)c1.O=C(NC[C@H]1CN(C2(O)C=CC(N3CCOCC3=O)=CC2O)C(=O)O1)c1ccc(Cl)s1
O=C(NC[C@H]1CN(C2(O)C=CC(N3CCOCC3=O)=CC2O)C(=O)O1)c1ccc(Cl)s1>>O=CNC[C@H]1CN(C2(O)C=CC(N3CCOCC3=O)=C(c3ccc(Cl)s3)C2O)C(=O)O1
rule0094_1
rule0028_52
No_Thermo
No_Thermo

Time used for pathway ranking: 0.00 minutes

Job name: starter_00047
Job type: pathway visualization
Job started on: 2026-02-12 15:44:36.260665
pygraphviz is NOT installed.
A custom node layout will be used for pathway visualization
Number of pathways:  2
Number of reactions in reaxys:  0
Working on creating pages
You can adjust multi-processing number to speed up PDF generation
page done: 1
page done: 2
Finished with pages, writing to pdf
Time used for pathway visualization: 0.02 minutes

A custom node layout was used for pathway visualization
For a better layout, please install pygraphviz and Graphviz with the following command:
conda install conda-forge::pygraphviz
which should install both packages together

[Worker 25] Finished [48/51] SUCCESS | Molecules: 895 | Targets: 879 | Time: 18.6m | SMILES: ClC1=CC=C(S1)C(=O)NC[C@H]1CN(C(=O)O1)C1=...
[Worker 25] Shutting down. Processed 2 molecules.
Finished with pages, writing to pdf
Time used for pathway visualization: 0.02 minutes

A custom node layout was used for pathway visualization
For a better layout, please install pygraphviz and Graphviz with the following command:
conda install conda-forge::pygraphviz
which should install both packages together

[Worker 22] Finished [22/51] SUCCESS | Molecules: 577 | Targets: 559 | Time: 5.9m | SMILES: NC1=NC(=O)N(C=N1)[C@@H]1O[C@H](CO)[C@@H]...
[Worker 22] Starting [37/51] SMILES: OC(=O)C1=CC2=C(C=C1)N=C(O2)C1=CC(Cl)=CC(Cl)=C1...
Job name: starter_00036
Job type: enzymatic network expansion forward
Ruleset: JN3604IMT (JN3604IMT_rules.tsv)
Job started on: 2026-02-12 15:06:58.096357
Number of generations: 2
Number of operators loaded: 3571
Number of molecules before expantion (including cofactors): 42
Number of molecules after expantion (including cofactors): 4282
Number of reactions: 6561
Time used for network generation: 60.17 minutes

Job name: starter_00036
Job type: post-processing pretreat networks
Job started on: 2026-02-12 16:07:13.188771
Loading networks, it may take a while if loading large networks from file
Loading network 1 from memory
Number of reations in network 1: 6561
Networks loaded, now generating reaction strings
Reaction strings generation finished
Removing unconnected reactions
Unconnected reactions removed
Total number of reactions after pretreatment: 6556
Time used for network pretreatment: 0.00 minutes

Job name: starter_00036
Job type: pathway search
Job started on: 2026-02-12 16:07:13.472409
Pathway finder started, total number of reactions in network 6556
Searching for pathways.
If it is taking too long, try adjusting pruning parameters
Pathway search finished, removing loops if there's any.
Time used for pathway search: 0.04 minutes
2 pathways found!
4 reactions found in all pathways
Min number of reactions in a pathway: 2
Max number of reactions in a pathway: 2
Pruning parameters for this search:
search_depth: 2
max_num_rxns: 2
min_rxn_atom_economy: 0.3

Job name: starter_00036
Job type: pathway ranking
Job started on: 2026-02-12 16:07:15.651840
Start ranking pathways. Number of pathways after sanitization: 2
Reaction thermodynamics ranking working
Reaction thermodynamics ranking finished
Atom economy ranking working
Min_eco 0.6974411195696893
Max_eco 0.6974411195696893
None_eco 0
Atom_economy ranking finished
Number of steps ranking working
Number of steps ranking finished
By product_number ranking working
You can adjust multi-processing number to speed it up
By product_number ranking finished
min score 6.0
max score 6.0

Pathway ranking finished. Pathway scores:

ranking 1
final score 6.0
Max reaction enthalpy score 0  x  2  =  0
Number of reactions score 1.0  x  4  =  4.0
By-product score 1.0  x  2  =  2.0
Pathway atom economy score 0.0  x  1  =  0.0
Salt score 0  x  0  =  0
Reaxys score 0  x  0  =  0
Cool score 0  x  0  =  0
atom economy 0.6974411195696893
pathway by-product 0
intermediate by-product {None: 0}
CC(C)=CCOP(=O)(O)OP(=O)(O)O.O=C(O)c1ccc2nc(C3=CC(O)(Cl)C(O)C(Cl)=C3)oc2c1>>CC(C)=CCc1cc2nc(C3=CC(O)(Cl)C(O)C(Cl)=C3)oc2cc1C(=O)O.O=P(O)(O)OP(=O)(O)O
NC(=O)C1=CN([C@@H]2O[C@H](COP(=O)(O)OP(=O)(O)OC[C@H]3O[C@@H](n4cnc5c(N)ncnc54)[C@H](OP(=O)(O)O)[C@@H]3O)[C@@H](O)[C@H]2O)C=CC1.O=C(O)c1ccc2nc(-c3cc(Cl)cc(Cl)c3)oc2c1.O=O>>NC(=O)c1ccc[n+]([C@@H]2O[C@H](COP(=O)(O)OP(=O)(O)OC[C@H]3O[C@@H](n4cnc5c(N)ncnc54)[C@H](OP(=O)(O)O)[C@@H]3O)[C@@H](O)[C@H]2O)c1.O=C(O)c1ccc2nc(C3=CC(O)(Cl)C(O)C(Cl)=C3)oc2c1
rule0110_5
rule0094_1
No_Thermo
No_Thermo

ranking 2
final score 6.0
Max reaction enthalpy score 0  x  2  =  0
Number of reactions score 1.0  x  4  =  4.0
By-product score 1.0  x  2  =  2.0
Pathway atom economy score 0.0  x  1  =  0.0
Salt score 0  x  0  =  0
Reaxys score 0  x  0  =  0
Cool score 0  x  0  =  0
atom economy 0.6974411195696893
pathway by-product 0
intermediate by-product {None: 0}
CC(C)=CCOP(=O)(O)OP(=O)(O)O.O=C(O)c1ccc2nc(-c3cc(Cl)cc(Cl)c3)oc2c1>>CC(C)=CCc1cc2nc(-c3cc(Cl)cc(Cl)c3)oc2cc1C(=O)O.O=P(O)(O)OP(=O)(O)O
CC(C)=CCc1cc2nc(-c3cc(Cl)cc(Cl)c3)oc2cc1C(=O)O.NC(=O)C1=CN([C@@H]2O[C@H](COP(=O)(O)OP(=O)(O)OC[C@H]3O[C@@H](n4cnc5c(N)ncnc54)[C@H](OP(=O)(O)O)[C@@H]3O)[C@@H](O)[C@H]2O)C=CC1.O=O>>CC(C)=CCc1cc2nc(C3=CC(O)(Cl)C(O)C(Cl)=C3)oc2cc1C(=O)O.NC(=O)c1ccc[n+]([C@@H]2O[C@H](COP(=O)(O)OP(=O)(O)OC[C@H]3O[C@@H](n4cnc5c(N)ncnc54)[C@H](OP(=O)(O)O)[C@@H]3O)[C@@H](O)[C@H]2O)c1
rule0110_5
rule0094_1
No_Thermo
No_Thermo

Time used for pathway ranking: 0.00 minutes

Job name: starter_00036
Job type: pathway visualization
Job started on: 2026-02-12 16:07:15.742223
pygraphviz is NOT installed.
A custom node layout will be used for pathway visualization
Number of pathways:  2
Number of reactions in reaxys:  0
Working on creating pages
You can adjust multi-processing number to speed up PDF generation
page done: 1
page done: 2
Finished with pages, writing to pdf
Time used for pathway visualization: 0.02 minutes

A custom node layout was used for pathway visualization
For a better layout, please install pygraphviz and Graphviz with the following command:
conda install conda-forge::pygraphviz
which should install both packages together

[Worker 22] Finished [37/51] SUCCESS | Molecules: 4282 | Targets: 4263 | Time: 1.01h | SMILES: OC(=O)C1=CC2=C(C=C1)N=C(O2)C1=CC(Cl)=CC(...
[Worker 22] Shutting down. Processed 2 molecules.
Finished with pages, writing to pdf
Time used for pathway visualization: 0.01 minutes

A custom node layout was used for pathway visualization
For a better layout, please install pygraphviz and Graphviz with the following command:
conda install conda-forge::pygraphviz
which should install both packages together

[Worker 15] Finished [15/51] SUCCESS | Molecules: 1503 | Targets: 1487 | Time: 17.3m | SMILES: CN1C(=O)NN=C1CN1C=CC(=C(OC2=CC(=CC(Cl)=C...
[Worker 15] Starting [44/51] SMILES: OC[C@H]1O[C@H]([C@H](O)[C@@H](O)[C@@H]1O)C1=CC(CC2=CC=C(O[C@...
Job name: starter_00043
Job type: enzymatic network expansion forward
Ruleset: JN3604IMT (JN3604IMT_rules.tsv)
Job started on: 2026-02-12 15:18:22.043354
Number of generations: 2
Number of operators loaded: 3571
Number of molecules before expantion (including cofactors): 42
Number of molecules after expantion (including cofactors): 4982
Number of reactions: 8078
Time used for network generation: 62.64 minutes

Job name: starter_00043
Job type: post-processing pretreat networks
Job started on: 2026-02-12 16:21:05.703776
Loading networks, it may take a while if loading large networks from file
Loading network 1 from memory
Number of reations in network 1: 8078
Networks loaded, now generating reaction strings
Reaction strings generation finished
Removing unconnected reactions
Unconnected reactions removed
Total number of reactions after pretreatment: 7999
Time used for network pretreatment: 0.01 minutes

Job name: starter_00043
Job type: pathway search
Job started on: 2026-02-12 16:21:06.060385
Pathway finder started, total number of reactions in network 7999
Searching for pathways.
If it is taking too long, try adjusting pruning parameters
Pathway search finished, removing loops if there's any.
Time used for pathway search: 0.05 minutes
4 pathways found!
6 reactions found in all pathways
Min number of reactions in a pathway: 2
Max number of reactions in a pathway: 2
Pruning parameters for this search:
search_depth: 2
max_num_rxns: 2
min_rxn_atom_economy: 0.3

Job name: starter_00043
Job type: pathway ranking
Job started on: 2026-02-12 16:21:08.837812
Start ranking pathways. Number of pathways after sanitization: 4
Reaction thermodynamics ranking working
Reaction thermodynamics ranking finished
Atom economy ranking working
Min_eco 0.9305704094669357
Max_eco 0.9305704094669357
None_eco 0
Atom_economy ranking finished
Number of steps ranking working
Number of steps ranking finished
By product_number ranking working
You can adjust multi-processing number to speed it up
By product_number ranking finished
min score 6.0
max score 6.0

Pathway ranking finished. Pathway scores:

ranking 1
final score 6.0
Max reaction enthalpy score 0  x  2  =  0
Number of reactions score 1.0  x  4  =  4.0
By-product score 1.0  x  2  =  2.0
Pathway atom economy score 0.0  x  1  =  0.0
Salt score 0  x  0  =  0
Reaxys score 0  x  0  =  0
Cool score 0  x  0  =  0
atom economy 0.9305704094669357
pathway by-product 0
intermediate by-product {None: 0}
NC(=O)C1=CN([C@@H]2O[C@H](COP(=O)(O)OP(=O)(O)OC[C@H]3O[C@@H](n4cnc5c(N)ncnc54)[C@H](OP(=O)(O)O)[C@@H]3O)[C@@H](O)[C@H]2O)C=CC1.O=O.OC[C@H]1O[C@@H](c2ccc(Cl)c(Cc3ccc(O[C@H]4CCOC4)cc3O)c2)[C@H](O)[C@@H](O)[C@@H]1O>>NC(=O)c1ccc[n+]([C@@H]2O[C@H](COP(=O)(O)OP(=O)(O)OC[C@H]3O[C@@H](n4cnc5c(N)ncnc54)[C@H](OP(=O)(O)O)[C@@H]3O)[C@@H](O)[C@H]2O)c1.O.OC[C@H]1O[C@@H](C23C=CC(Cl)=C(Cc4ccc(O[C@H]5CCOC5)cc4O)C2O3)[C@H](O)[C@@H](O)[C@@H]1O
OC[C@H]1O[C@@H](c2ccc(Cl)c(Cc3ccc(O[C@H]4CCOC4)cc3)c2)[C@H](O)[C@@H](O)[C@@H]1O.OO>>O.OC[C@H]1O[C@@H](c2ccc(Cl)c(Cc3ccc(O[C@H]4CCOC4)cc3O)c2)[C@H](O)[C@@H](O)[C@@H]1O
rule0951_1
rule1165_2
No_Thermo
No_Thermo

ranking 2
final score 6.0
Max reaction enthalpy score 0  x  2  =  0
Number of reactions score 1.0  x  4  =  4.0
By-product score 1.0  x  2  =  2.0
Pathway atom economy score 0.0  x  1  =  0.0
Salt score 0  x  0  =  0
Reaxys score 0  x  0  =  0
Cool score 0  x  0  =  0
atom economy 0.9305704094669357
pathway by-product 0
intermediate by-product {None: 0}
NC(=O)C1=CN([C@@H]2O[C@H](COP(=O)(O)OP(=O)(O)OC[C@H]3O[C@@H](n4cnc5c(N)ncnc54)[C@H](OP(=O)(O)O)[C@@H]3O)[C@@H](O)[C@H]2O)C=CC1.O=O.OC[C@H]1O[C@@H](c2ccc(Cl)c(Cc3ccc(O[C@H]4CCOC4)cc3)c2)[C@H](O)[C@@H](O)[C@@H]1O>>NC(=O)c1ccc[n+]([C@@H]2O[C@H](COP(=O)(O)OP(=O)(O)OC[C@H]3O[C@@H](n4cnc5c(N)ncnc54)[C@H](OP(=O)(O)O)[C@@H]3O)[C@@H](O)[C@H]2O)c1.O.OC[C@H]1O[C@@H](C23C=CC(Cl)=C(Cc4ccc(O[C@H]5CCOC5)cc4)C2O3)[C@H](O)[C@@H](O)[C@@H]1O
OC[C@H]1O[C@@H](C23C=CC(Cl)=C(Cc4ccc(O[C@H]5CCOC5)cc4)C2O3)[C@H](O)[C@@H](O)[C@@H]1O.OO>>O.OC[C@H]1O[C@@H](C23C=CC(Cl)=C(Cc4ccc(O[C@H]5CCOC5)cc4O)C2O3)[C@H](O)[C@@H](O)[C@@H]1O
rule0951_1
rule1165_2
No_Thermo
No_Thermo

ranking 3
final score 6.0
Max reaction enthalpy score 0  x  2  =  0
Number of reactions score 1.0  x  4  =  4.0
By-product score 1.0  x  2  =  2.0
Pathway atom economy score 0.0  x  1  =  0.0
Salt score 0  x  0  =  0
Reaxys score 0  x  0  =  0
Cool score 0  x  0  =  0
atom economy 0.9305704094669357
pathway by-product 0
intermediate by-product {None: 0}
NC(=O)C1=CN([C@@H]2O[C@H](COP(=O)(O)OP(=O)(O)OC[C@H]3O[C@@H](n4cnc5c(N)ncnc54)[C@H](OP(=O)(O)O)[C@@H]3O)[C@@H](O)[C@H]2O)C=CC1.O=O.OC[C@H]1O[C@@H](c2ccc(Cl)c(Cc3ccc(O[C@H]4CCOC4)cc3)c2)[C@H](O)[C@@H](O)[C@@H]1O>>NC(=O)c1ccc[n+]([C@@H]2O[C@H](COP(=O)(O)OP(=O)(O)OC[C@H]3O[C@@H](n4cnc5c(N)ncnc54)[C@H](OP(=O)(O)O)[C@@H]3O)[C@@H](O)[C@H]2O)c1.O.OC[C@H]1O[C@@H](c2ccc(Cl)c(Cc3ccc(O[C@H]4CCOC4)cc3O)c2)[C@H](O)[C@@H](O)[C@@H]1O
NC(=O)C1=CN([C@@H]2O[C@H](COP(=O)(O)OP(=O)(O)OC[C@H]3O[C@@H](n4cnc5c(N)ncnc54)[C@H](OP(=O)(O)O)[C@@H]3O)[C@@H](O)[C@H]2O)C=CC1.O=O.OC[C@H]1O[C@@H](c2ccc(Cl)c(Cc3ccc(O[C@H]4CCOC4)cc3O)c2)[C@H](O)[C@@H](O)[C@@H]1O>>NC(=O)c1ccc[n+]([C@@H]2O[C@H](COP(=O)(O)OP(=O)(O)OC[C@H]3O[C@@H](n4cnc5c(N)ncnc54)[C@H](OP(=O)(O)O)[C@@H]3O)[C@@H](O)[C@H]2O)c1.O.OC[C@H]1O[C@@H](C23C=CC(Cl)=C(Cc4ccc(O[C@H]5CCOC5)cc4O)C2O3)[C@H](O)[C@@H](O)[C@@H]1O
rule0004_10
rule0951_1
No_Thermo
No_Thermo

ranking 4
final score 6.0
Max reaction enthalpy score 0  x  2  =  0
Number of reactions score 1.0  x  4  =  4.0
By-product score 1.0  x  2  =  2.0
Pathway atom economy score 0.0  x  1  =  0.0
Salt score 0  x  0  =  0
Reaxys score 0  x  0  =  0
Cool score 0  x  0  =  0
atom economy 0.9305704094669357
pathway by-product 0
intermediate by-product {None: 0}
NC(=O)C1=CN([C@@H]2O[C@H](COP(=O)(O)OP(=O)(O)OC[C@H]3O[C@@H](n4cnc5c(N)ncnc54)[C@H](OP(=O)(O)O)[C@@H]3O)[C@@H](O)[C@H]2O)C=CC1.O=O.OC[C@H]1O[C@@H](C23C=CC(Cl)=C(Cc4ccc(O[C@H]5CCOC5)cc4)C2O3)[C@H](O)[C@@H](O)[C@@H]1O>>NC(=O)c1ccc[n+]([C@@H]2O[C@H](COP(=O)(O)OP(=O)(O)OC[C@H]3O[C@@H](n4cnc5c(N)ncnc54)[C@H](OP(=O)(O)O)[C@@H]3O)[C@@H](O)[C@H]2O)c1.O.OC[C@H]1O[C@@H](C23C=CC(Cl)=C(Cc4ccc(O[C@H]5CCOC5)cc4O)C2O3)[C@H](O)[C@@H](O)[C@@H]1O
NC(=O)C1=CN([C@@H]2O[C@H](COP(=O)(O)OP(=O)(O)OC[C@H]3O[C@@H](n4cnc5c(N)ncnc54)[C@H](OP(=O)(O)O)[C@@H]3O)[C@@H](O)[C@H]2O)C=CC1.O=O.OC[C@H]1O[C@@H](c2ccc(Cl)c(Cc3ccc(O[C@H]4CCOC4)cc3)c2)[C@H](O)[C@@H](O)[C@@H]1O>>NC(=O)c1ccc[n+]([C@@H]2O[C@H](COP(=O)(O)OP(=O)(O)OC[C@H]3O[C@@H](n4cnc5c(N)ncnc54)[C@H](OP(=O)(O)O)[C@@H]3O)[C@@H](O)[C@H]2O)c1.O.OC[C@H]1O[C@@H](C23C=CC(Cl)=C(Cc4ccc(O[C@H]5CCOC5)cc4)C2O3)[C@H](O)[C@@H](O)[C@@H]1O
rule0004_10
rule0951_1
No_Thermo
No_Thermo

Time used for pathway ranking: 0.00 minutes

Job name: starter_00043
Job type: pathway visualization
Job started on: 2026-02-12 16:21:08.915500
pygraphviz is NOT installed.
A custom node layout will be used for pathway visualization
Number of pathways:  4
Number of reactions in reaxys:  0
Working on creating pages
You can adjust multi-processing number to speed up PDF generation
page done: 1
page done: 2
page done: 3
page done: 4
Finished with pages, writing to pdf
Time used for pathway visualization: 0.03 minutes

A custom node layout was used for pathway visualization
For a better layout, please install pygraphviz and Graphviz with the following command:
conda install conda-forge::pygraphviz
which should install both packages together

[Worker 15] Finished [44/51] SUCCESS | Molecules: 4982 | Targets: 4963 | Time: 1.05h | SMILES: OC[C@H]1O[C@H]([C@H](O)[C@@H](O)[C@@H]1O...
[Worker 15] Shutting down. Processed 2 molecules.
Finished with pages, writing to pdf
Time used for pathway visualization: 0.01 minutes

A custom node layout was used for pathway visualization
For a better layout, please install pygraphviz and Graphviz with the following command:
conda install conda-forge::pygraphviz
which should install both packages together

[Worker 17] Finished [17/51] SUCCESS | Molecules: 996 | Targets: 980 | Time: 18.3m | SMILES: CNC(=O)C1=CC=C(C=C1F)N1C(=S)N(C(=O)C11CC...
[Worker 17] Starting [45/51] SMILES: FC1=CC=C(CC2=NNC(=O)C3=CC=CC=C23)C=C1C(=O)N1CCN(CC1)C(=O)C1C...
Job name: starter_00044
Job type: enzymatic network expansion forward
Ruleset: JN3604IMT (JN3604IMT_rules.tsv)
Job started on: 2026-02-12 15:19:21.719298
Number of generations: 2
Number of operators loaded: 3571
Number of molecules before expantion (including cofactors): 42
Number of molecules after expantion (including cofactors): 4889
Number of reactions: 8182
Time used for network generation: 84.97 minutes

Job name: starter_00044
Job type: post-processing pretreat networks
Job started on: 2026-02-12 16:44:25.525802
Loading networks, it may take a while if loading large networks from file
Loading network 1 from memory
Number of reations in network 1: 8182
Networks loaded, now generating reaction strings
Reaction strings generation finished
Removing unconnected reactions
Unconnected reactions removed
Total number of reactions after pretreatment: 8164
Time used for network pretreatment: 0.01 minutes

Job name: starter_00044
Job type: pathway search
Job started on: 2026-02-12 16:44:25.871839
Pathway finder started, total number of reactions in network 8164
Searching for pathways.
If it is taking too long, try adjusting pruning parameters
Pathway search finished, removing loops if there's any.
Time used for pathway search: 0.05 minutes
2 pathways found!
3 reactions found in all pathways
Min number of reactions in a pathway: 2
Max number of reactions in a pathway: 2
Pruning parameters for this search:
search_depth: 2
max_num_rxns: 2
min_rxn_atom_economy: 0.3

Job name: starter_00044
Job type: pathway ranking
Job started on: 2026-02-12 16:44:28.758213
Start ranking pathways. Number of pathways after sanitization: 2
Reaction thermodynamics ranking working
Reaction thermodynamics ranking finished
Atom economy ranking working
Min_eco 0.6591872455722387
Max_eco 0.6591872455722387
None_eco 0
Atom_economy ranking finished
Number of steps ranking working
Number of steps ranking finished
By product_number ranking working
You can adjust multi-processing number to speed it up
By product_number ranking finished
min score 6.0
max score 6.0

Pathway ranking finished. Pathway scores:

ranking 1
final score 6.0
Max reaction enthalpy score 0  x  2  =  0
Number of reactions score 1.0  x  4  =  4.0
By-product score 1.0  x  2  =  2.0
Pathway atom economy score 0.0  x  1  =  0.0
Salt score 0  x  0  =  0
Reaxys score 0  x  0  =  0
Cool score 0  x  0  =  0
atom economy 0.6591872455722387
pathway by-product 0
intermediate by-product {None: 0}
O.O=C(c1cc(Cc2n[nH]c(=O)c3ccccc23)ccc1F)N1CCN(C(=O)C2CC2)CC1>>O=C(C1CC1)N1CCNCC1.O=C(O)c1cc(Cc2n[nH]c(=O)c3ccccc23)ccc1F
O=C(O)c1cc(Cc2n[nH]c(=O)c3ccccc23)ccc1F>>O=c1[nH]nc2c3c(cccc13)OC(O)c1cc(ccc1F)C2
rule0013_67
rule0169_1
No_Thermo
No_Thermo

ranking 2
final score 6.0
Max reaction enthalpy score 0  x  2  =  0
Number of reactions score 1.0  x  4  =  4.0
By-product score 1.0  x  2  =  2.0
Pathway atom economy score 0.0  x  1  =  0.0
Salt score 0  x  0  =  0
Reaxys score 0  x  0  =  0
Cool score 0  x  0  =  0
atom economy 0.6591872455722387
pathway by-product 0
intermediate by-product {None: 0}
Nc1ncnc2c1ncn2[C@@H]1O[C@H](COP(=O)(O)OP(=O)(O)O)[C@@H](O)[C@H]1O.O=C(c1cc(Cc2n[nH]c(=O)c3ccccc23)ccc1F)N1CCN(C(=O)C2CC2)CC1.O=P(O)(O)O>>Nc1ncnc2c1ncn2[C@@H]1O[C@H](COP(=O)(O)OP(=O)(O)OP(=O)(O)O)[C@@H](O)[C@H]1O.O=C(C1CC1)N1CCNCC1.O=C(O)c1cc(Cc2n[nH]c(=O)c3ccccc23)ccc1F
O=C(O)c1cc(Cc2n[nH]c(=O)c3ccccc23)ccc1F>>O=c1[nH]nc2c3c(cccc13)OC(O)c1cc(ccc1F)C2
rule0049_23
rule0169_1
No_Thermo
No_Thermo

Time used for pathway ranking: 0.00 minutes

Job name: starter_00044
Job type: pathway visualization
Job started on: 2026-02-12 16:44:28.826888
pygraphviz is NOT installed.
A custom node layout will be used for pathway visualization
Number of pathways:  2
Number of reactions in reaxys:  0
Working on creating pages
You can adjust multi-processing number to speed up PDF generation
page done: 1
page done: 2
Finished with pages, writing to pdf
Time used for pathway visualization: 0.02 minutes

A custom node layout was used for pathway visualization
For a better layout, please install pygraphviz and Graphviz with the following command:
conda install conda-forge::pygraphviz
which should install both packages together

[Worker 17] Finished [45/51] SUCCESS | Molecules: 4889 | Targets: 4874 | Time: 1.42h | SMILES: FC1=CC=C(CC2=NNC(=O)C3=CC=CC=C23)C=C1C(=...
[Worker 17] Shutting down. Processed 2 molecules.
Finished with pages, writing to pdf
Time used for pathway visualization: 0.01 minutes

A custom node layout was used for pathway visualization
For a better layout, please install pygraphviz and Graphviz with the following command:
conda install conda-forge::pygraphviz
which should install both packages together

[Worker 8] Finished [8/51] SUCCESS | Molecules: 815 | Targets: 799 | Time: 9.4m | SMILES: FC1=C(C=CC(=C1)C#N)[C@H]1CCC2=CN=CN12...
[Worker 8] Starting [40/51] SMILES: CCOC1=CC=C(CC2=C(Cl)C=CC(=C2)[C@@H]2O[C@H](CO)[C@@H](O)[C@H]...
Job name: starter_00039
Job type: enzymatic network expansion forward
Ruleset: JN3604IMT (JN3604IMT_rules.tsv)
Job started on: 2026-02-12 15:10:27.064837
Number of generations: 2
Number of operators loaded: 3571
Number of molecules before expantion (including cofactors): 42
Number of molecules after expantion (including cofactors): 8420
Number of reactions: 15890
Time used for network generation: 95.48 minutes

Job name: starter_00039
Job type: post-processing pretreat networks
Job started on: 2026-02-12 16:46:02.696199
Loading networks, it may take a while if loading large networks from file
Loading network 1 from memory
Number of reations in network 1: 15890
Networks loaded, now generating reaction strings
Reaction strings generation finished
Removing unconnected reactions
Unconnected reactions removed
Total number of reactions after pretreatment: 15765
Time used for network pretreatment: 0.02 minutes

Job name: starter_00039
Job type: pathway search
Job started on: 2026-02-12 16:46:03.820762
Pathway finder started, total number of reactions in network 15765
Searching for pathways.
If it is taking too long, try adjusting pruning parameters
Pathway search finished, removing loops if there's any.
Time used for pathway search: 0.09 minutes
1 pathways found!
2 reactions found in all pathways
Min number of reactions in a pathway: 2
Max number of reactions in a pathway: 2
Pruning parameters for this search:
search_depth: 2
max_num_rxns: 2
min_rxn_atom_economy: 0.3

Job name: starter_00039
Job type: pathway ranking
Job started on: 2026-02-12 16:46:09.043788
Start ranking pathways. Number of pathways after sanitization: 1
Reaction thermodynamics ranking working
Reaction thermodynamics ranking finished
Atom economy ranking working
Min_eco 1
Max_eco 1.0
None_eco 0
Atom_economy ranking finished
Number of steps ranking working
Number of steps ranking finished
By product_number ranking working
You can adjust multi-processing number to speed it up
By product_number ranking finished
min score 6.0
max score 6.0

Pathway ranking finished. Pathway scores:

ranking 1
final score 6.0
Max reaction enthalpy score 0  x  2  =  0
Number of reactions score 1.0  x  4  =  4.0
By-product score 1.0  x  2  =  2.0
Pathway atom economy score 0.0  x  1  =  0.0
Salt score 0  x  0  =  0
Reaxys score 0  x  0  =  0
Cool score 0  x  0  =  0
atom economy 1.0
pathway by-product 0
intermediate by-product {None: 0}
CC(=O)SCCNC(=O)CCNC(=O)[C@H](O)C(C)(C)COP(=O)(O)OP(=O)(O)OC[C@H]1O[C@@H](n2cnc3c(N)ncnc32)[C@H](O)[C@@H]1OP(=O)(O)O.CCOc1ccc(Cc2cc([C@@H]3O[C@H](CO)[C@@H](O)[C@H](O)[C@H]3O)ccc2Cl)cc1>>CC(C)(COP(=O)(O)OP(=O)(O)OC[C@H]1O[C@@H](n2cnc3c(N)ncnc32)[C@H](O)[C@@H]1OP(=O)(O)O)[C@@H](O)C(=O)NCCC(=O)NCCS.CCOc1ccc(Cc2cc([C@@H]3O[C@H](COC(C)=O)[C@@H](O)[C@H](O)[C@H]3O)ccc2Cl)cc1
CCOc1ccc(Cc2cc([C@@H]3O[C@H](COC(C)=O)[C@@H](O)[C@H](O)[C@H]3O)ccc2Cl)cc1>>CCOc1ccc2cc1O[C@@H]1[C@@H](O)[C@@H](O[C@H](COC(C)O)[C@H]1O)c1ccc(Cl)c(c1)C2
rule0062_09
rule0169_1
No_Thermo
No_Thermo

Time used for pathway ranking: 0.00 minutes

Job name: starter_00039
Job type: pathway visualization
Job started on: 2026-02-12 16:46:09.123936
pygraphviz is NOT installed.
A custom node layout will be used for pathway visualization
Number of pathways:  1
Number of reactions in reaxys:  0
Working on creating pages
You can adjust multi-processing number to speed up PDF generation
page done: 1
Finished with pages, writing to pdf
Time used for pathway visualization: 0.01 minutes

A custom node layout was used for pathway visualization
For a better layout, please install pygraphviz and Graphviz with the following command:
conda install conda-forge::pygraphviz
which should install both packages together

[Worker 8] Finished [40/51] SUCCESS | Molecules: 8420 | Targets: 8399 | Time: 1.60h | SMILES: CCOC1=CC=C(CC2=C(Cl)C=CC(=C2)[C@@H]2O[C@...
[Worker 8] Shutting down. Processed 2 molecules.
Finished with pages, writing to pdf
Time used for pathway visualization: 0.01 minutes

A custom node layout was used for pathway visualization
For a better layout, please install pygraphviz and Graphviz with the following command:
conda install conda-forge::pygraphviz
which should install both packages together

[Worker 27] Finished [27/51] SUCCESS | Molecules: 894 | Targets: 874 | Time: 6.5m | SMILES: OC[C@H]1NC[C@H](O)[C@@H](O)[C@H]1O...
[Worker 27] Starting [38/51] SMILES: CN1C(=O)C(O)=C(N=C1C(C)(C)NC(=O)C1=NN=C(C)O1)C(=O)NCC1=CC=C(...
Job name: starter_00037
Job type: enzymatic network expansion forward
Ruleset: JN3604IMT (JN3604IMT_rules.tsv)
Job started on: 2026-02-12 15:07:35.324933
Number of generations: 2
Number of operators loaded: 3571
Number of molecules before expantion (including cofactors): 42
Number of molecules after expantion (including cofactors): 6047
Number of reactions: 9623
Time used for network generation: 128.40 minutes

Job name: starter_00037
Job type: post-processing pretreat networks
Job started on: 2026-02-12 17:16:05.070988
Loading networks, it may take a while if loading large networks from file
Loading network 1 from memory
Number of reations in network 1: 9623
Networks loaded, now generating reaction strings
Reaction strings generation finished
Removing unconnected reactions
Unconnected reactions removed
Total number of reactions after pretreatment: 9612
Time used for network pretreatment: 0.01 minutes

Job name: starter_00037
Job type: pathway search
Job started on: 2026-02-12 17:16:05.457107
Pathway finder started, total number of reactions in network 9612
Searching for pathways.
If it is taking too long, try adjusting pruning parameters
Pathway search finished, removing loops if there's any.
Time used for pathway search: 0.05 minutes
2 pathways found!
3 reactions found in all pathways
Min number of reactions in a pathway: 2
Max number of reactions in a pathway: 2
Pruning parameters for this search:
search_depth: 2
max_num_rxns: 2
min_rxn_atom_economy: 0.3

Job name: starter_00037
Job type: pathway ranking
Job started on: 2026-02-12 17:16:08.499608
Start ranking pathways. Number of pathways after sanitization: 2
Reaction thermodynamics ranking working
Reaction thermodynamics ranking finished
Atom economy ranking working
Min_eco 0.9687519513768915
Max_eco 1.0
None_eco 0
Atom_economy ranking finished
Number of steps ranking working
Number of steps ranking finished
By product_number ranking working
You can adjust multi-processing number to speed it up
By product_number ranking finished
min score 6.0
max score 7.0

Pathway ranking finished. Pathway scores:

ranking 1
final score 7.0
Max reaction enthalpy score 0  x  2  =  0
Number of reactions score 1.0  x  4  =  4.0
By-product score 1.0  x  2  =  2.0
Pathway atom economy score 1.0  x  1  =  1.0
Salt score 0  x  0  =  0
Reaxys score 0  x  0  =  0
Cool score 0  x  0  =  0
atom economy 1.0
pathway by-product 0
intermediate by-product {None: 0}
Cc1nnc(C(=O)NC(C)(C)c2nc(C(=O)NCC3(O)C=CC(F)=CC3O)c(O)c(=O)n2C)o1.Nc1ncnc2c1ncn2[C@@H]1O[C@H](COP(=O)(O)OS(=O)(=O)O)[C@@H](OP(=O)(O)O)[C@H]1O>>Cc1nnc(C(=O)NC(C)(C)c2nc(C(=O)NCC3(OS(=O)(=O)O)C=CC(F)=CC3O)c(O)c(=O)n2C)o1.Nc1ncnc2c1ncn2[C@@H]1O[C@H](COP(=O)(O)O)[C@@H](OP(=O)(O)O)[C@H]1O
Cc1nnc(C(=O)NC(C)(C)c2nc(C(=O)NCc3ccc(F)cc3)c(O)c(=O)n2C)o1.NC(=O)C1=CN([C@@H]2O[C@H](COP(=O)(O)OP(=O)(O)OC[C@H]3O[C@@H](n4cnc5c(N)ncnc54)[C@H](OP(=O)(O)O)[C@@H]3O)[C@@H](O)[C@H]2O)C=CC1.O=O>>Cc1nnc(C(=O)NC(C)(C)c2nc(C(=O)NCC3(O)C=CC(F)=CC3O)c(O)c(=O)n2C)o1.NC(=O)c1ccc[n+]([C@@H]2O[C@H](COP(=O)(O)OP(=O)(O)OC[C@H]3O[C@@H](n4cnc5c(N)ncnc54)[C@H](OP(=O)(O)O)[C@@H]3O)[C@@H](O)[C@H]2O)c1
rule0048_5
rule0094_1
No_Thermo
No_Thermo

ranking 2
final score 6.0
Max reaction enthalpy score 0  x  2  =  0
Number of reactions score 1.0  x  4  =  4.0
By-product score 1.0  x  2  =  2.0
Pathway atom economy score 0.0  x  1  =  0.0
Salt score 0  x  0  =  0
Reaxys score 0  x  0  =  0
Cool score 0  x  0  =  0
atom economy 0.9687519513768915
pathway by-product 0
intermediate by-product {None: 0}
Cc1nnc(C(=O)NC(C)(C)c2nc(C(=O)NCC3(O)C=CC(F)=CC3O)c(O)c(=O)n2C)o1.O=S(=O)(O)O>>Cc1nnc(C(=O)NC(C)(C)c2nc(C(=O)NCC3(OS(=O)(=O)O)C=CC(F)=CC3O)c(O)c(=O)n2C)o1.O
Cc1nnc(C(=O)NC(C)(C)c2nc(C(=O)NCc3ccc(F)cc3)c(O)c(=O)n2C)o1.NC(=O)C1=CN([C@@H]2O[C@H](COP(=O)(O)OP(=O)(O)OC[C@H]3O[C@@H](n4cnc5c(N)ncnc54)[C@H](OP(=O)(O)O)[C@@H]3O)[C@@H](O)[C@H]2O)C=CC1.O=O>>Cc1nnc(C(=O)NC(C)(C)c2nc(C(=O)NCC3(O)C=CC(F)=CC3O)c(O)c(=O)n2C)o1.NC(=O)c1ccc[n+]([C@@H]2O[C@H](COP(=O)(O)OP(=O)(O)OC[C@H]3O[C@@H](n4cnc5c(N)ncnc54)[C@H](OP(=O)(O)O)[C@@H]3O)[C@@H](O)[C@H]2O)c1
rule0127_2
rule0094_1
No_Thermo
No_Thermo

Time used for pathway ranking: 0.00 minutes

Job name: starter_00037
Job type: pathway visualization
Job started on: 2026-02-12 17:16:08.569531
pygraphviz is NOT installed.
A custom node layout will be used for pathway visualization
Number of pathways:  2
Number of reactions in reaxys:  0
Working on creating pages
You can adjust multi-processing number to speed up PDF generation
page done: 1
page done: 2
Finished with pages, writing to pdf
Time used for pathway visualization: 0.01 minutes

A custom node layout was used for pathway visualization
For a better layout, please install pygraphviz and Graphviz with the following command:
conda install conda-forge::pygraphviz
which should install both packages together

[Worker 27] Finished [38/51] SUCCESS | Molecules: 6047 | Targets: 6028 | Time: 2.14h | SMILES: CN1C(=O)C(O)=C(N=C1C(C)(C)NC(=O)C1=NN=C(...
[Worker 27] Shutting down. Processed 2 molecules.
[Worker 16] Starting [16/51] SMILES: COC([C@H](OC1=NC(C)=CC(C)=N1)C(O)=O)(C1=CC=CC=C1)C1=CC=CC=C1...
Job name: starter_00015
Job type: enzymatic network expansion forward
Ruleset: JN3604IMT (JN3604IMT_rules.tsv)
Job started on: 2026-02-12 15:01:01.924983
Number of generations: 2
Number of operators loaded: 3571
Number of molecules before expantion (including cofactors): 42
Number of molecules after expantion (including cofactors): 7343
Number of reactions: 12566
Time used for network generation: 170.28 minutes

Job name: starter_00015
Job type: post-processing pretreat networks
Job started on: 2026-02-12 17:51:25.326935
Loading networks, it may take a while if loading large networks from file
Loading network 1 from memory
Number of reations in network 1: 12566
Networks loaded, now generating reaction strings
Reaction strings generation finished
Removing unconnected reactions
Unconnected reactions removed
Total number of reactions after pretreatment: 12285
Time used for network pretreatment: 0.01 minutes

Job name: starter_00015
Job type: pathway search
Job started on: 2026-02-12 17:51:25.830634
Pathway finder started, total number of reactions in network 12285
Searching for pathways.
If it is taking too long, try adjusting pruning parameters
Pathway search finished, removing loops if there's any.
Time used for pathway search: 0.07 minutes
1 pathways found!
2 reactions found in all pathways
Min number of reactions in a pathway: 2
Max number of reactions in a pathway: 2
Pruning parameters for this search:
search_depth: 2
max_num_rxns: 2
min_rxn_atom_economy: 0.3

Job name: starter_00015
Job type: pathway ranking
Job started on: 2026-02-12 17:51:29.854878
Start ranking pathways. Number of pathways after sanitization: 1
Reaction thermodynamics ranking working
Reaction thermodynamics ranking finished
Atom economy ranking working
Min_eco 1
Max_eco 1.0
None_eco 0
Atom_economy ranking finished
Number of steps ranking working
Number of steps ranking finished
By product_number ranking working
You can adjust multi-processing number to speed it up
By product_number ranking finished
min score 6.0
max score 6.0

Pathway ranking finished. Pathway scores:

ranking 1
final score 6.0
Max reaction enthalpy score 0  x  2  =  0
Number of reactions score 1.0  x  4  =  4.0
By-product score 1.0  x  2  =  2.0
Pathway atom economy score 0.0  x  1  =  0.0
Salt score 0  x  0  =  0
Reaxys score 0  x  0  =  0
Cool score 0  x  0  =  0
atom economy 1.0
pathway by-product 0
intermediate by-product {None: 0}
COC(c1ccccc1)(c1ccccc1)[C@H](Oc1nc(C)cc(C)n1)C(=O)O.NC(=O)c1ccc[n+]([C@@H]2O[C@H](COP(=O)(O)OP(=O)(O)OC[C@H]3O[C@@H](n4cnc5c(N)ncnc54)[C@H](OP(=O)(O)O)[C@@H]3O)[C@@H](O)[C@H]2O)c1.NC(=O)c1ccc[n+]([C@@H]2O[C@H](COP(=O)(O)OP(=O)(O)OC[C@H]3O[C@@H](n4cnc5c(N)ncnc54)[C@H](OP(=O)(O)O)[C@@H]3O)[C@@H](O)[C@H]2O)c1.O>>Cc1cc(C)nc(O[C@H](C(=O)O)C(OC=O)(c2ccccc2)c2ccccc2)n1.NC(=O)C1=CN([C@@H]2O[C@H](COP(=O)(O)OP(=O)(O)OC[C@H]3O[C@@H](n4cnc5c(N)ncnc54)[C@H](OP(=O)(O)O)[C@@H]3O)[C@@H](O)[C@H]2O)C=CC1.NC(=O)C1=CN([C@@H]2O[C@H](COP(=O)(O)OP(=O)(O)OC[C@H]3O[C@@H](n4cnc5c(N)ncnc54)[C@H](OP(=O)(O)O)[C@@H]3O)[C@@H](O)[C@H]2O)C=CC1
Cc1cc(C)nc(O[C@H](C(=O)O)C(OC=O)(c2ccccc2)c2ccccc2)n1>>Cc1cc(C)nc(O[C@@H]2C(=O)Oc3ccc(cc3)C2(OCO)c2ccccc2)n1
rule0165_2
rule0169_1
No_Thermo
No_Thermo

Time used for pathway ranking: 0.00 minutes

Job name: starter_00015
Job type: pathway visualization
Job started on: 2026-02-12 17:51:29.977161
pygraphviz is NOT installed.
A custom node layout will be used for pathway visualization
Number of pathways:  1
Number of reactions in reaxys:  0
Working on creating pages
You can adjust multi-processing number to speed up PDF generation
page done: 1
Finished with pages, writing to pdf
Time used for pathway visualization: 0.01 minutes

A custom node layout was used for pathway visualization
For a better layout, please install pygraphviz and Graphviz with the following command:
conda install conda-forge::pygraphviz
which should install both packages together

[Worker 16] Finished [16/51] SUCCESS | Molecules: 7343 | Targets: 7325 | Time: 2.84h | SMILES: COC([C@H](OC1=NC(C)=CC(C)=N1)C(O)=O)(C1=...
[Worker 16] Shutting down. Processed 1 molecules.
Finished with pages, writing to pdf
Time used for pathway visualization: 0.02 minutes

A custom node layout was used for pathway visualization
For a better layout, please install pygraphviz and Graphviz with the following command:
conda install conda-forge::pygraphviz
which should install both packages together

[Worker 10] Finished [10/51] SUCCESS | Molecules: 1568 | Targets: 1550 | Time: 31.6m | SMILES: OC1=C2N(C[C@H]3O[C@@H]4CC[C@@H](C4)N3C2=...
[Worker 10] Starting [51/51] SMILES: C[N+]1(C)CCC(C1)OC(=O)C(O)(C1CCCC1)C1=CC=CC=C1...
Job name: starter_00050
Job type: enzymatic network expansion forward
Ruleset: JN3604IMT (JN3604IMT_rules.tsv)
Job started on: 2026-02-12 15:32:40.395576
Number of generations: 2
Number of operators loaded: 3571
Number of molecules before expantion (including cofactors): 42
Number of molecules after expantion (including cofactors): 8646
Number of reactions: 12616
Time used for network generation: 150.04 minutes

Job name: starter_00050
Job type: post-processing pretreat networks
Job started on: 2026-02-12 18:02:50.134766
Loading networks, it may take a while if loading large networks from file
Loading network 1 from memory
Number of reations in network 1: 12616
Networks loaded, now generating reaction strings
Reaction strings generation finished
Removing unconnected reactions
Unconnected reactions removed
Total number of reactions after pretreatment: 12417
Time used for network pretreatment: 0.01 minutes

Job name: starter_00050
Job type: pathway search
Job started on: 2026-02-12 18:02:50.646319
Pathway finder started, total number of reactions in network 12417
Searching for pathways.
If it is taking too long, try adjusting pruning parameters
Pathway search finished, removing loops if there's any.
Time used for pathway search: 0.06 minutes
1 pathways found!
2 reactions found in all pathways
Min number of reactions in a pathway: 2
Max number of reactions in a pathway: 2
Pruning parameters for this search:
search_depth: 2
max_num_rxns: 2
min_rxn_atom_economy: 0.3

Job name: starter_00050
Job type: pathway ranking
Job started on: 2026-02-12 18:02:54.200415
Start ranking pathways. Number of pathways after sanitization: 1
Reaction thermodynamics ranking working
Reaction thermodynamics ranking finished
Atom economy ranking working
Min_eco 0.41510094618401777
Max_eco 0.41510094618401777
None_eco 0
Atom_economy ranking finished
Number of steps ranking working
Number of steps ranking finished
By product_number ranking working
You can adjust multi-processing number to speed it up
By product_number ranking finished
min score 6.0
max score 6.0

Pathway ranking finished. Pathway scores:

ranking 1
final score 6.0
Max reaction enthalpy score 0  x  2  =  0
Number of reactions score 1.0  x  4  =  4.0
By-product score 1.0  x  2  =  2.0
Pathway atom economy score 0.0  x  1  =  0.0
Salt score 0  x  0  =  0
Reaxys score 0  x  0  =  0
Cool score 0  x  0  =  0
atom economy 0.41510094618401777
pathway by-product 0
intermediate by-product {None: 0}
C[N+]1(C)CCC(OC(=O)C(O)(c2ccccc2)C2CCCC2)C1.C[N+]1(C)CCC(OC(=O)C(O)(c2ccccc2)C2CCCC2)C1>>C[N+]1(C)CCC(OC(=O)C[N+]2(C)CCC(OC(=O)C(O)(c3ccccc3)C3CCCC3)C2)C1.OC(c1ccccc1)C1CCCC1
C[N+]1(C)CCC(OC(=O)C[N+]2(C)CCC(OC(=O)C(O)(c3ccccc3)C3CCCC3)C2)C1.C[N+]1(C)CCC(OC(=O)C[N+]2(C)CCC(OC(=O)C(O)(c3ccccc3)C3CCCC3)C2)C1>>C[N+]1(C)CC(OC(=O)C[N+]2(C)CCC(OC(=O)C(O)(c3ccccc3)C3CCCC3)C2)C(C2CCCC2)C1.C[N+]1(C)CCC(OC(=O)C[N+]2(C)CCC(OC(=O)C(O)c3ccccc3)C2)C1
rule0126_2
rule0126_2
No_Thermo
No_Thermo

Time used for pathway ranking: 0.00 minutes

Job name: starter_00050
Job type: pathway visualization
Job started on: 2026-02-12 18:02:54.323130
pygraphviz is NOT installed.
A custom node layout will be used for pathway visualization
Number of pathways:  1
Number of reactions in reaxys:  0
Working on creating pages
You can adjust multi-processing number to speed up PDF generation
page done: 1
Finished with pages, writing to pdf
Time used for pathway visualization: 0.01 minutes

A custom node layout was used for pathway visualization
For a better layout, please install pygraphviz and Graphviz with the following command:
conda install conda-forge::pygraphviz
which should install both packages together

[Worker 10] Finished [51/51] SUCCESS | Molecules: 8646 | Targets: 8628 | Time: 2.50h | SMILES: C[N+]1(C)CCC(C1)OC(=O)C(O)(C1CCCC1)C1=CC...
[Worker 10] Shutting down. Processed 2 molecules.
[Worker 31] Starting [31/51] SMILES: CN(C)C(=O)[C@H]1CC[C@H](NC(=O)C(=O)NC2=CC=C(Cl)C=N2)[C@@H](C...
Job name: starter_00030
Job type: enzymatic network expansion forward
Ruleset: JN3604IMT (JN3604IMT_rules.tsv)
Job started on: 2026-02-12 15:01:01.984759
Number of generations: 2
Number of operators loaded: 3571
Number of molecules before expantion (including cofactors): 42
Number of molecules after expantion (including cofactors): 5788
Number of reactions: 9783
Time used for network generation: 184.84 minutes

Job name: starter_00030
Job type: post-processing pretreat networks
Job started on: 2026-02-12 18:05:58.805929
Loading networks, it may take a while if loading large networks from file
Loading network 1 from memory
Number of reations in network 1: 9783
Networks loaded, now generating reaction strings
Reaction strings generation finished
Removing unconnected reactions
Unconnected reactions removed
Total number of reactions after pretreatment: 9780
Time used for network pretreatment: 0.01 minutes

Job name: starter_00030
Job type: pathway search
Job started on: 2026-02-12 18:05:59.218985
Pathway finder started, total number of reactions in network 9780
Searching for pathways.
If it is taking too long, try adjusting pruning parameters
Pathway search finished, removing loops if there's any.
Time used for pathway search: 0.06 minutes
1 pathways found!
2 reactions found in all pathways
Min number of reactions in a pathway: 2
Max number of reactions in a pathway: 2
Pruning parameters for this search:
search_depth: 2
max_num_rxns: 2
min_rxn_atom_economy: 0.3

Job name: starter_00030
Job type: pathway ranking
Job started on: 2026-02-12 18:06:02.763764
Start ranking pathways. Number of pathways after sanitization: 1
Reaction thermodynamics ranking working
Reaction thermodynamics ranking finished
Atom economy ranking working
Min_eco 0.627773889489806
Max_eco 0.627773889489806
None_eco 0
Atom_economy ranking finished
Number of steps ranking working
Number of steps ranking finished
By product_number ranking working
You can adjust multi-processing number to speed it up
By product_number ranking finished
min score 6.0
max score 6.0

Pathway ranking finished. Pathway scores:

ranking 1
final score 6.0
Max reaction enthalpy score 0  x  2  =  0
Number of reactions score 1.0  x  4  =  4.0
By-product score 1.0  x  2  =  2.0
Pathway atom economy score 0.0  x  1  =  0.0
Salt score 0  x  0  =  0
Reaxys score 0  x  0  =  0
Cool score 0  x  0  =  0
atom economy 0.627773889489806
pathway by-product 0
intermediate by-product {None: 0}
CN(C)C(=O)[C@H]1CC[C@H](NC(=O)CNc2ccc(Cl)cn2)[C@H](NC(=O)c2nc3c(s2)CN(C)C(O)C3)C1.CN(C)C(=O)[C@H]1CC[C@H](NC(=O)CNc2ccc(Cl)cn2)[C@H](NC(=O)c2nc3c(s2)CN(C)C(O)C3)C1>>CN(C)C(=O)[C@H]1CC[C@H](NC(=O)CNc2ccc(Cl)c(CNc3ccc(Cl)cn3)n2)[C@H](NC(=O)c2nc3c(s2)CN(C)C(O)C3)C1.CN(C)C(=O)[C@H]1CC[C@H](NC=O)[C@H](NC(=O)c2nc3c(s2)CN(C)C(O)C3)C1
CN1CCc2nc(C(=O)N[C@@H]3C[C@@H](C(=O)N(C)C)CC[C@@H]3NC(=O)C(=O)Nc3ccc(Cl)cn3)sc2C1.NC(=O)C1=CN([C@@H]2O[C@H](COP(=O)(O)OP(=O)(O)OC[C@H]3O[C@@H](n4cnc5c(N)ncnc54)[C@H](OP(=O)(O)O)[C@@H]3O)[C@@H](O)[C@H]2O)C=CC1>>CN(C)C(=O)[C@H]1CC[C@H](NC(=O)CNc2ccc(Cl)cn2)[C@H](NC(=O)c2nc3c(s2)CN(C)C(O)C3)C1.NC(=O)c1ccc[n+]([C@@H]2O[C@H](COP(=O)(O)OP(=O)(O)OC[C@H]3O[C@@H](n4cnc5c(N)ncnc54)[C@H](OP(=O)(O)O)[C@@H]3O)[C@@H](O)[C@H]2O)c1
rule0126_2
rule0753_1
No_Thermo
No_Thermo

Time used for pathway ranking: 0.00 minutes

Job name: starter_00030
Job type: pathway visualization
Job started on: 2026-02-12 18:06:02.864609
pygraphviz is NOT installed.
A custom node layout will be used for pathway visualization
Number of pathways:  1
Number of reactions in reaxys:  0
Working on creating pages
You can adjust multi-processing number to speed up PDF generation
page done: 1
Finished with pages, writing to pdf
Time used for pathway visualization: 0.01 minutes

A custom node layout was used for pathway visualization
For a better layout, please install pygraphviz and Graphviz with the following command:
conda install conda-forge::pygraphviz
which should install both packages together

[Worker 31] Finished [31/51] SUCCESS | Molecules: 5788 | Targets: 5771 | Time: 3.08h | SMILES: CN(C)C(=O)[C@H]1CC[C@H](NC(=O)C(=O)NC2=C...
[Worker 31] Shutting down. Processed 1 molecules.
[Worker 23] Starting [23/51] SMILES: CC[C@@H]1CN(C[C@@H]1C1=CN=C2C=NC3=C(C=CN3)N12)C(=O)NCC(F)(F)...
Job name: starter_00022
Job type: enzymatic network expansion forward
Ruleset: JN3604IMT (JN3604IMT_rules.tsv)
Job started on: 2026-02-12 15:01:01.961603
Number of generations: 2
Number of operators loaded: 3571
Number of molecules before expantion (including cofactors): 42
Number of molecules after expantion (including cofactors): 11878
Number of reactions: 15645
Time used for network generation: 185.64 minutes

Job name: starter_00022
Job type: post-processing pretreat networks
Job started on: 2026-02-12 18:06:50.368949
Loading networks, it may take a while if loading large networks from file
Loading network 1 from memory
Number of reations in network 1: 15645
Networks loaded, now generating reaction strings
Reaction strings generation finished
Removing unconnected reactions
Unconnected reactions removed
Total number of reactions after pretreatment: 15639
Time used for network pretreatment: 0.01 minutes

Job name: starter_00022
Job type: pathway search
Job started on: 2026-02-12 18:06:50.993732
Pathway finder started, total number of reactions in network 15639
Searching for pathways.
If it is taking too long, try adjusting pruning parameters
Pathway search finished, removing loops if there's any.
Time used for pathway search: 0.11 minutes
1 pathways found!
2 reactions found in all pathways
Min number of reactions in a pathway: 2
Max number of reactions in a pathway: 2
Pruning parameters for this search:
search_depth: 2
max_num_rxns: 2
min_rxn_atom_economy: 0.3

Job name: starter_00022
Job type: pathway ranking
Job started on: 2026-02-12 18:06:57.788839
Start ranking pathways. Number of pathways after sanitization: 1
Reaction thermodynamics ranking working
Reaction thermodynamics ranking finished
Atom economy ranking working
Min_eco 0.9082114520349676
Max_eco 0.9082114520349676
None_eco 0
Atom_economy ranking finished
Number of steps ranking working
Number of steps ranking finished
By product_number ranking working
You can adjust multi-processing number to speed it up
By product_number ranking finished
min score 6.0
max score 6.0

Pathway ranking finished. Pathway scores:

ranking 1
final score 6.0
Max reaction enthalpy score 0  x  2  =  0
Number of reactions score 1.0  x  4  =  4.0
By-product score 1.0  x  2  =  2.0
Pathway atom economy score 0.0  x  1  =  0.0
Salt score 0  x  0  =  0
Reaxys score 0  x  0  =  0
Cool score 0  x  0  =  0
atom economy 0.9082114520349676
pathway by-product 0
intermediate by-product {None: 0}
CC[C@@H]1CN(C(=O)NCC(F)(F)F)C[C@@H]1c1cnc2cnc3[nH]ccc3n12.CC[C@@H]1CN(C(=O)NCC(F)(F)F)C[C@@H]1c1cnc2cnc3[nH]ccc3n12>>CC[C@@H]1CN(C(=O)NC[C@@]2(c3cnc4cnc5[nH]ccc5n34)CN(C(=O)NCC(F)(F)F)C[C@H]2CC)C[C@@H]1c1cnc2cnc3[nH]ccc3n12.FC(F)F
CC[C@@H]1CN(C(=O)NC[C@@]2(c3cnc4cnc5[nH]ccc5n34)CN(C(=O)NCC(F)(F)F)C[C@H]2CC)C[C@@H]1c1cnc2cnc3[nH]ccc3n12.NC(=O)C1=CN([C@@H]2O[C@H](COP(=O)(O)OP(=O)(O)OC[C@H]3O[C@@H](n4cnc5c(N)ncnc54)[C@H](OP(=O)(O)O)[C@@H]3O)[C@@H](O)[C@H]2O)C=CC1>>CC[C@@H]1CN(CNC[C@@]2(c3cnc4cnc5[nH]ccc5n34)C(O)N(C(=O)NCC(F)(F)F)C[C@H]2CC)C[C@@H]1c1cnc2cnc3[nH]ccc3n12.NC(=O)c1ccc[n+]([C@@H]2O[C@H](COP(=O)(O)OP(=O)(O)OC[C@H]3O[C@@H](n4cnc5c(N)ncnc54)[C@H](OP(=O)(O)O)[C@@H]3O)[C@@H](O)[C@H]2O)c1
rule0126_2
rule0753_1
No_Thermo
No_Thermo

Time used for pathway ranking: 0.00 minutes

Job name: starter_00022
Job type: pathway visualization
Job started on: 2026-02-12 18:06:57.894669
pygraphviz is NOT installed.
A custom node layout will be used for pathway visualization
Number of pathways:  1
Number of reactions in reaxys:  0
Working on creating pages
You can adjust multi-processing number to speed up PDF generation
page done: 1
Finished with pages, writing to pdf
Time used for pathway visualization: 0.01 minutes

A custom node layout was used for pathway visualization
For a better layout, please install pygraphviz and Graphviz with the following command:
conda install conda-forge::pygraphviz
which should install both packages together

[Worker 23] Finished [23/51] SUCCESS | Molecules: 11878 | Targets: 11856 | Time: 3.10h | SMILES: CC[C@@H]1CN(C[C@@H]1C1=CN=C2C=NC3=C(C=CN...
[Worker 23] Shutting down. Processed 1 molecules.
[Worker 11] Starting [11/51] SMILES: CN1C=NC2=C(F)C(NC3=CC=C(Br)C=C3F)=C(C=C12)C(=O)NOCCO...
Job name: starter_00010
Job type: enzymatic network expansion forward
Ruleset: JN3604IMT (JN3604IMT_rules.tsv)
Job started on: 2026-02-12 15:01:01.916665
Number of generations: 2
Number of operators loaded: 3571
Number of molecules before expantion (including cofactors): 42
Number of molecules after expantion (including cofactors): 13202
Number of reactions: 18845
Time used for network generation: 240.93 minutes

Job name: starter_00010
Job type: post-processing pretreat networks
Job started on: 2026-02-12 19:02:08.227944
Loading networks, it may take a while if loading large networks from file
Loading network 1 from memory
Number of reations in network 1: 18845
Networks loaded, now generating reaction strings
Reaction strings generation finished
Removing unconnected reactions
Unconnected reactions removed
Total number of reactions after pretreatment: 18837
Time used for network pretreatment: 0.01 minutes

Job name: starter_00010
Job type: pathway search
Job started on: 2026-02-12 19:02:09.022054
Pathway finder started, total number of reactions in network 18837
Searching for pathways.
If it is taking too long, try adjusting pruning parameters
Pathway search finished, removing loops if there's any.
Time used for pathway search: 0.12 minutes
1 pathways found!
2 reactions found in all pathways
Min number of reactions in a pathway: 2
Max number of reactions in a pathway: 2
Pruning parameters for this search:
search_depth: 2
max_num_rxns: 2
min_rxn_atom_economy: 0.3

Job name: starter_00010
Job type: pathway ranking
Job started on: 2026-02-12 19:02:16.373485
Start ranking pathways. Number of pathways after sanitization: 1
Reaction thermodynamics ranking working
Reaction thermodynamics ranking finished
Atom economy ranking working
Min_eco 0.9812836613584228
Max_eco 0.9812836613584228
None_eco 0
Atom_economy ranking finished
Number of steps ranking working
Number of steps ranking finished
By product_number ranking working
You can adjust multi-processing number to speed it up
By product_number ranking finished
min score 6.0
max score 6.0

Pathway ranking finished. Pathway scores:

ranking 1
final score 6.0
Max reaction enthalpy score 0  x  2  =  0
Number of reactions score 1.0  x  4  =  4.0
By-product score 1.0  x  2  =  2.0
Pathway atom economy score 0.0  x  1  =  0.0
Salt score 0  x  0  =  0
Reaxys score 0  x  0  =  0
Cool score 0  x  0  =  0
atom economy 0.9812836613584228
pathway by-product 0
intermediate by-product {None: 0}
Cn1cnc2c(F)c(Nc3cc(CCONC(=O)c4cc5c(ncn5C)c(F)c4Nc4ccc(Br)cc4F)c(Br)cc3F)c(C(=O)NOCCO)cc21.Nc1ncnc2c1ncn2[C@@H]1O[C@H](COP(=O)(O)OS(=O)(=O)O)[C@@H](OP(=O)(O)O)[C@H]1O>>Cn1cnc2c(F)c(Nc3ccc(Br)cc3F)c(C(=O)NOCCc3cc(N(c4c(C(=O)NOCCO)cc5c(ncn5C)c4F)S(=O)(=O)O)c(F)cc3Br)cc21.Nc1ncnc2c1ncn2[C@@H]1O[C@H](COP(=O)(O)O)[C@@H](OP(=O)(O)O)[C@H]1O
Cn1cnc2c(F)c(Nc3ccc(Br)cc3F)c(C(=O)NOCCO)cc21.Cn1cnc2c(F)c(Nc3ccc(Br)cc3F)c(C(=O)NOCCO)cc21>>Cn1cnc2c(F)c(Nc3cc(CCONC(=O)c4cc5c(ncn5C)c(F)c4Nc4ccc(Br)cc4F)c(Br)cc3F)c(C(=O)NOCCO)cc21.O
rule1071_1
rule0084_19
No_Thermo
No_Thermo

Time used for pathway ranking: 0.00 minutes

Job name: starter_00010
Job type: pathway visualization
Job started on: 2026-02-12 19:02:16.482533
pygraphviz is NOT installed.
A custom node layout will be used for pathway visualization
Number of pathways:  1
Number of reactions in reaxys:  0
Working on creating pages
You can adjust multi-processing number to speed up PDF generation
page done: 1
Finished with pages, writing to pdf
Time used for pathway visualization: 0.01 minutes

A custom node layout was used for pathway visualization
For a better layout, please install pygraphviz and Graphviz with the following command:
conda install conda-forge::pygraphviz
which should install both packages together

[Worker 11] Finished [11/51] SUCCESS | Molecules: 13202 | Targets: 13181 | Time: 4.02h | SMILES: CN1C=NC2=C(F)C(NC3=CC=C(Br)C=C3F)=C(C=C1...
[Worker 11] Shutting down. Processed 1 molecules.
Finished with pages, writing to pdf
Time used for pathway visualization: 0.01 minutes

A custom node layout was used for pathway visualization
For a better layout, please install pygraphviz and Graphviz with the following command:
conda install conda-forge::pygraphviz
which should install both packages together

[Worker 2] Finished [34/51] SUCCESS | Molecules: 666 | Targets: 651 | Time: 9.7m | SMILES: O=C1N(C[C@H]2CCCC3=CC=CC1=C23)[C@@H]1CN2...
[Worker 2] Starting [41/51] SMILES: COC1=CC2=C(C=C1C(N)=O)C(OC1=CC=C(NC(=O)NC3CC3)C(Cl)=C1)=CC=N...
Job name: starter_00040
Job type: enzymatic network expansion forward
Ruleset: JN3604IMT (JN3604IMT_rules.tsv)
Job started on: 2026-02-12 15:11:08.344233
Number of generations: 2
Number of operators loaded: 3571
Number of molecules before expantion (including cofactors): 42
Number of molecules after expantion (including cofactors): 5338
Number of reactions: 8517
Time used for network generation: 355.64 minutes

Job name: starter_00040
Job type: post-processing pretreat networks
Job started on: 2026-02-12 21:06:52.278802
Loading networks, it may take a while if loading large networks from file
Loading network 1 from memory
Number of reations in network 1: 8517
Networks loaded, now generating reaction strings
Reaction strings generation finished
Removing unconnected reactions
Unconnected reactions removed
Total number of reactions after pretreatment: 8386
Time used for network pretreatment: 0.01 minutes

Job name: starter_00040
Job type: pathway search
Job started on: 2026-02-12 21:06:52.638631
Pathway finder started, total number of reactions in network 8386
Searching for pathways.
If it is taking too long, try adjusting pruning parameters
Pathway search finished, removing loops if there's any.
Time used for pathway search: 0.05 minutes
4 pathways found!
4 reactions found in all pathways
Min number of reactions in a pathway: 2
Max number of reactions in a pathway: 2
Pruning parameters for this search:
search_depth: 2
max_num_rxns: 2
min_rxn_atom_economy: 0.3

Job name: starter_00040
Job type: pathway ranking
Job started on: 2026-02-12 21:06:55.440132
Start ranking pathways. Number of pathways after sanitization: 4
Reaction thermodynamics ranking working
Reaction thermodynamics ranking finished
Atom economy ranking working
Min_eco 0.7409338567845598
Max_eco 0.7409338567845598
None_eco 0
Atom_economy ranking finished
Number of steps ranking working
Number of steps ranking finished
By product_number ranking working
You can adjust multi-processing number to speed it up
By product_number ranking finished
min score 6.0
max score 6.0

Pathway ranking finished. Pathway scores:

ranking 1
final score 6.0
Max reaction enthalpy score 0  x  2  =  0
Number of reactions score 1.0  x  4  =  4.0
By-product score 1.0  x  2  =  2.0
Pathway atom economy score 0.0  x  1  =  0.0
Salt score 0  x  0  =  0
Reaxys score 0  x  0  =  0
Cool score 0  x  0  =  0
atom economy 0.7409338567845598
pathway by-product 0
intermediate by-product {None: 0}
CC(C)=CCOP(=O)(O)OP(=O)(O)O.COc1cc2nccc(Oc3ccc(NC(=O)NC4CC4)c(Cl)c3)c2cc1C(N)=O>>COc1cc2nccc(Oc3cc(Cl)c(NC(=O)NC4CC4)c(CC=C(C)C)c3)c2cc1C(N)=O.O=P(O)(O)OP(=O)(O)O
COc1cc2nccc(Oc3cc(Cl)c(NC(=O)NC4CC4)c(CC=C(C)C)c3)c2cc1C(N)=O.C[S+](CC[C@H](N)C(=O)O)C[C@H]1O[C@@H](n2cnc3c(N)ncnc32)[C@H](O)[C@@H]1O>>COc1cc2nccc(Oc3cc(Cl)c(N(C)C(=O)NC4CC4)c(CC=C(C)C)c3)c2cc1C(N)=O.Nc1ncnc2c1ncn2[C@@H]1O[C@H](CSCC[C@H](N)C(=O)O)[C@@H](O)[C@H]1O
rule0110_5
rule0034_41
No_Thermo
No_Thermo

ranking 2
final score 6.0
Max reaction enthalpy score 0  x  2  =  0
Number of reactions score 1.0  x  4  =  4.0
By-product score 1.0  x  2  =  2.0
Pathway atom economy score 0.0  x  1  =  0.0
Salt score 0  x  0  =  0
Reaxys score 0  x  0  =  0
Cool score 0  x  0  =  0
atom economy 0.7409338567845598
pathway by-product 0
intermediate by-product {None: 0}
CC(C)=CCOP(=O)(O)OP(=O)(O)O.COc1cc2nccc(Oc3ccc(NC(=O)NC4CC4)c(Cl)c3)c2cc1C(N)=O>>COc1cc2nccc(Oc3cc(Cl)c(NC(=O)NC4CC4)c(CC=C(C)C)c3)c2cc1C(N)=O.O=P(O)(O)OP(=O)(O)O
COc1cc2nccc(Oc3cc(Cl)c(NC(=O)NC4CC4)c(CC=C(C)C)c3)c2cc1C(N)=O.C[S+](CC[C@H](N)C(=O)O)C[C@H]1O[C@@H](n2cnc3c(N)ncnc32)[C@H](O)[C@@H]1O>>COc1cc2nccc(Oc3cc(Cl)c(N(C)C(=O)NC4CC4)c(CC=C(C)C)c3)c2cc1C(N)=O.Nc1ncnc2c1ncn2[C@@H]1O[C@H](CSCC[C@H](N)C(=O)O)[C@@H](O)[C@H]1O
rule0110_5
rule0034_37
No_Thermo
No_Thermo

ranking 3
final score 6.0
Max reaction enthalpy score 0  x  2  =  0
Number of reactions score 1.0  x  4  =  4.0
By-product score 1.0  x  2  =  2.0
Pathway atom economy score 0.0  x  1  =  0.0
Salt score 0  x  0  =  0
Reaxys score 0  x  0  =  0
Cool score 0  x  0  =  0
atom economy 0.7409338567845598
pathway by-product 0
intermediate by-product {None: 0}
CC(C)=CCOP(=O)(O)OP(=O)(O)O.COc1cc2nccc(Oc3ccc(N(C)C(=O)NC4CC4)c(Cl)c3)c2cc1C(N)=O>>COc1cc2nccc(Oc3cc(Cl)c(N(C)C(=O)NC4CC4)c(CC=C(C)C)c3)c2cc1C(N)=O.O=P(O)(O)OP(=O)(O)O
COc1cc2nccc(Oc3ccc(NC(=O)NC4CC4)c(Cl)c3)c2cc1C(N)=O.C[S+](CC[C@H](N)C(=O)O)C[C@H]1O[C@@H](n2cnc3c(N)ncnc32)[C@H](O)[C@@H]1O>>COc1cc2nccc(Oc3ccc(N(C)C(=O)NC4CC4)c(Cl)c3)c2cc1C(N)=O.Nc1ncnc2c1ncn2[C@@H]1O[C@H](CSCC[C@H](N)C(=O)O)[C@@H](O)[C@H]1O
rule0110_5
rule0034_41
No_Thermo
No_Thermo

ranking 4
final score 6.0
Max reaction enthalpy score 0  x  2  =  0
Number of reactions score 1.0  x  4  =  4.0
By-product score 1.0  x  2  =  2.0
Pathway atom economy score 0.0  x  1  =  0.0
Salt score 0  x  0  =  0
Reaxys score 0  x  0  =  0
Cool score 0  x  0  =  0
atom economy 0.7409338567845598
pathway by-product 0
intermediate by-product {None: 0}
CC(C)=CCOP(=O)(O)OP(=O)(O)O.COc1cc2nccc(Oc3ccc(N(C)C(=O)NC4CC4)c(Cl)c3)c2cc1C(N)=O>>COc1cc2nccc(Oc3cc(Cl)c(N(C)C(=O)NC4CC4)c(CC=C(C)C)c3)c2cc1C(N)=O.O=P(O)(O)OP(=O)(O)O
COc1cc2nccc(Oc3ccc(NC(=O)NC4CC4)c(Cl)c3)c2cc1C(N)=O.C[S+](CC[C@H](N)C(=O)O)C[C@H]1O[C@@H](n2cnc3c(N)ncnc32)[C@H](O)[C@@H]1O>>COc1cc2nccc(Oc3ccc(N(C)C(=O)NC4CC4)c(Cl)c3)c2cc1C(N)=O.Nc1ncnc2c1ncn2[C@@H]1O[C@H](CSCC[C@H](N)C(=O)O)[C@@H](O)[C@H]1O
rule0110_5
rule0034_37
No_Thermo
No_Thermo

Time used for pathway ranking: 0.00 minutes

Job name: starter_00040
Job type: pathway visualization
Job started on: 2026-02-12 21:06:55.570886
pygraphviz is NOT installed.
A custom node layout will be used for pathway visualization
Number of pathways:  4
Number of reactions in reaxys:  0
Working on creating pages
You can adjust multi-processing number to speed up PDF generation
page done: 1
page done: 2
page done: 3
page done: 4
Finished with pages, writing to pdf
Time used for pathway visualization: 0.02 minutes

A custom node layout was used for pathway visualization
For a better layout, please install pygraphviz and Graphviz with the following command:
conda install conda-forge::pygraphviz
which should install both packages together

[Worker 2] Finished [41/51] SUCCESS | Molecules: 5338 | Targets: 5320 | Time: 5.93h | SMILES: COC1=CC2=C(C=C1C(N)=O)C(OC1=CC=C(NC(=O)N...
[Worker 2] Shutting down. Processed 3 molecules.
[Worker 1] Starting [1/51] SMILES: CC1=CN=C2N1C3=C(C=C(C=C3)Br)C(=N[C@H]2CCC(=O)OC)C4=CC=CC=N4...
Job name: starter_00000
Job type: enzymatic network expansion forward
Ruleset: JN3604IMT (JN3604IMT_rules.tsv)
Job started on: 2026-02-12 15:01:01.889540
Number of generations: 2
Number of operators loaded: 3571
Number of molecules before expantion (including cofactors): 42
Number of molecules after expantion (including cofactors): 6906
Number of reactions: 12466
Time used for network generation: 426.53 minutes

Job name: starter_00000
Job type: post-processing pretreat networks
Job started on: 2026-02-12 22:07:39.651183
Loading networks, it may take a while if loading large networks from file
Loading network 1 from memory
Number of reations in network 1: 12466
Networks loaded, now generating reaction strings
Reaction strings generation finished
Removing unconnected reactions
Unconnected reactions removed
Total number of reactions after pretreatment: 12359
Time used for network pretreatment: 0.01 minutes

Job name: starter_00000
Job type: pathway search
Job started on: 2026-02-12 22:07:40.148782
Pathway finder started, total number of reactions in network 12359
Searching for pathways.
If it is taking too long, try adjusting pruning parameters
Pathway search finished, removing loops if there's any.
Time used for pathway search: 0.06 minutes
2 pathways found!
4 reactions found in all pathways
Min number of reactions in a pathway: 2
Max number of reactions in a pathway: 2
Pruning parameters for this search:
search_depth: 2
max_num_rxns: 2
min_rxn_atom_economy: 0.3

Job name: starter_00000
Job type: pathway ranking
Job started on: 2026-02-12 22:07:43.931551
Start ranking pathways. Number of pathways after sanitization: 2
Reaction thermodynamics ranking working
Reaction thermodynamics ranking finished
Atom economy ranking working
Min_eco 0.5613064541004422
Max_eco 0.5822262885694249
None_eco 0
Atom_economy ranking finished
Number of steps ranking working
Number of steps ranking finished
By product_number ranking working
You can adjust multi-processing number to speed it up
By product_number ranking finished
min score 6.0
max score 7.0

Pathway ranking finished. Pathway scores:

ranking 1
final score 7.0
Max reaction enthalpy score 0  x  2  =  0
Number of reactions score 1.0  x  4  =  4.0
By-product score 1.0  x  2  =  2.0
Pathway atom economy score 1.0  x  1  =  1.0
Salt score 0  x  0  =  0
Reaxys score 0  x  0  =  0
Cool score 0  x  0  =  0
atom economy 0.5822262885694249
pathway by-product 0
intermediate by-product {None: 0}
COC(=O)CC[C@@H]1N=C(c2ccccn2)c2cc(Br)ccc2-n2c(C)cnc21.COC(=O)CC[C@@H]1N=C(c2ccccn2)c2cc(Br)ccc2-n2c(C)cnc21>>CC[C@@H]1N=C(c2ccccn2)c2cc(Br)ccc2-n2c(C)cnc21.COC(=O)CC[C@@H]1N=C(c2ncccc2C(=O)OC)c2cc(Br)ccc2-n2c(C)cnc21
COC(=O)CC[C@@H]1N=C(c2ncccc2C(=O)OC)c2cc(Br)ccc2-n2c(C)cnc21.NC(=O)C1=CN([C@@H]2O[C@H](COP(=O)(O)OP(=O)(O)OC[C@H]3O[C@@H](n4cnc5c(N)ncnc54)[C@H](OP(=O)(O)O)[C@@H]3O)[C@@H](O)[C@H]2O)C=CC1.O=O>>COC(=O)CC[C@@H]1N=C(c2ncccc2C(=O)OC)C2=C(C=CC(O)(Br)C2O)n2c(C)cnc21.NC(=O)c1ccc[n+]([C@@H]2O[C@H](COP(=O)(O)OP(=O)(O)OC[C@H]3O[C@@H](n4cnc5c(N)ncnc54)[C@H](OP(=O)(O)O)[C@@H]3O)[C@@H](O)[C@H]2O)c1
rule0126_2
rule0094_1
No_Thermo
No_Thermo

ranking 2
final score 6.0
Max reaction enthalpy score 0  x  2  =  0
Number of reactions score 1.0  x  4  =  4.0
By-product score 1.0  x  2  =  2.0
Pathway atom economy score 0.0  x  1  =  0.0
Salt score 0  x  0  =  0
Reaxys score 0  x  0  =  0
Cool score 0  x  0  =  0
atom economy 0.5613064541004422
pathway by-product 0
intermediate by-product {None: 0}
COC(=O)CC[C@@H]1N=C(c2ccccn2)C2=C(C=CC(O)(Br)C2O)n2c(C)cnc21.COC(=O)CC[C@@H]1N=C(c2ccccn2)C2=C(C=CC(O)(Br)C2O)n2c(C)cnc21>>CC[C@@H]1N=C(c2ccccn2)C2=C(C=CC(O)(Br)C2O)n2c(C)cnc21.COC(=O)CC[C@@H]1N=C(c2ncccc2C(=O)OC)C2=C(C=CC(O)(Br)C2O)n2c(C)cnc21
COC(=O)CC[C@@H]1N=C(c2ccccn2)c2cc(Br)ccc2-n2c(C)cnc21.NC(=O)C1=CN([C@@H]2O[C@H](COP(=O)(O)OP(=O)(O)OC[C@H]3O[C@@H](n4cnc5c(N)ncnc54)[C@H](OP(=O)(O)O)[C@@H]3O)[C@@H](O)[C@H]2O)C=CC1.O=O>>COC(=O)CC[C@@H]1N=C(c2ccccn2)C2=C(C=CC(O)(Br)C2O)n2c(C)cnc21.NC(=O)c1ccc[n+]([C@@H]2O[C@H](COP(=O)(O)OP(=O)(O)OC[C@H]3O[C@@H](n4cnc5c(N)ncnc54)[C@H](OP(=O)(O)O)[C@@H]3O)[C@@H](O)[C@H]2O)c1
rule0126_2
rule0094_1
No_Thermo
No_Thermo

Time used for pathway ranking: 0.00 minutes

Job name: starter_00000
Job type: pathway visualization
Job started on: 2026-02-12 22:07:44.081747
pygraphviz is NOT installed.
A custom node layout will be used for pathway visualization
Number of pathways:  2
Number of reactions in reaxys:  0
Working on creating pages
You can adjust multi-processing number to speed up PDF generation
page done: 1
page done: 2
Finished with pages, writing to pdf
Time used for pathway visualization: 0.02 minutes

A custom node layout was used for pathway visualization
For a better layout, please install pygraphviz and Graphviz with the following command:
conda install conda-forge::pygraphviz
which should install both packages together

[Worker 1] Finished [1/51] SUCCESS | Molecules: 6906 | Targets: 6886 | Time: 7.11h | SMILES: CC1=CN=C2N1C3=C(C=C(C=C3)Br)C(=N[C@H]2CC...
[Worker 1] Shutting down. Processed 1 molecules.
[Worker 18] Starting [18/51] SMILES: COC1=CC2=NC=NC(NC3=CC=C(F)C(Cl)=C3)=C2C=C1NC(=O)\C=C\CN1CCCC...
Job name: starter_00017
Job type: enzymatic network expansion forward
Ruleset: JN3604IMT (JN3604IMT_rules.tsv)
Job started on: 2026-02-12 15:01:01.930381
Number of generations: 2
Number of operators loaded: 3571
Number of molecules before expantion (including cofactors): 42
Number of molecules after expantion (including cofactors): 11274
Number of reactions: 19713
Time used for network generation: 428.86 minutes

Job name: starter_00017
Job type: post-processing pretreat networks
Job started on: 2026-02-12 22:10:02.527306
Loading networks, it may take a while if loading large networks from file
Loading network 1 from memory
Number of reations in network 1: 19713
Networks loaded, now generating reaction strings
Reaction strings generation finished
Removing unconnected reactions
Unconnected reactions removed
Total number of reactions after pretreatment: 19574
Time used for network pretreatment: 0.01 minutes

Job name: starter_00017
Job type: pathway search
Job started on: 2026-02-12 22:10:03.310050
Pathway finder started, total number of reactions in network 19574
Searching for pathways.
If it is taking too long, try adjusting pruning parameters
Pathway search finished, removing loops if there's any.
Time used for pathway search: 0.11 minutes
2 pathways found!
4 reactions found in all pathways
Min number of reactions in a pathway: 2
Max number of reactions in a pathway: 2
Pruning parameters for this search:
search_depth: 2
max_num_rxns: 2
min_rxn_atom_economy: 0.3

Job name: starter_00017
Job type: pathway ranking
Job started on: 2026-02-12 22:10:10.127332
Start ranking pathways. Number of pathways after sanitization: 2
Reaction thermodynamics ranking working
Reaction thermodynamics ranking finished
Atom economy ranking working
Min_eco 0.603374203103322
Max_eco 0.603374203103322
None_eco 0
Atom_economy ranking finished
Number of steps ranking working
Number of steps ranking finished
By product_number ranking working
You can adjust multi-processing number to speed it up
By product_number ranking finished
min score 6.0
max score 6.0

Pathway ranking finished. Pathway scores:

ranking 1
final score 6.0
Max reaction enthalpy score 0  x  2  =  0
Number of reactions score 1.0  x  4  =  4.0
By-product score 1.0  x  2  =  2.0
Pathway atom economy score 0.0  x  1  =  0.0
Salt score 0  x  0  =  0
Reaxys score 0  x  0  =  0
Cool score 0  x  0  =  0
atom economy 0.603374203103322
pathway by-product 0
intermediate by-product {None: 0}
COc1cc2ncnc(Nc3ccc(F)c(Cl)c3)c2cc1NC(=O)/C=C/CN1CCCCC1.COc1cc2ncnc(Nc3ccc(F)c(Cl)c3)c2cc1NC(=O)/C=C/CN1CCCCC1>>C=CC(=O)Nc1cc2c(Nc3ccc(F)c(Cl)c3)ncnc2cc1OC.O=C(/C=C/CN1CCCCC1)Nc1cc2c(Nc3ccc(F)c(Cl)c3)ncnc2cc1OCCN1CCCCC1
O=C(/C=C/CN1CCCCC1)Nc1cc2c(Nc3ccc(F)c(Cl)c3)ncnc2cc1OCCN1CCCCC1>>O=CNc1c(OCCN2CCCCC2)cc2ncnc(Nc3ccc(F)c(Cl)c3)c2c1C=CCN1CCCCC1
rule0126_2
rule0028_51
No_Thermo
No_Thermo

ranking 2
final score 6.0
Max reaction enthalpy score 0  x  2  =  0
Number of reactions score 1.0  x  4  =  4.0
By-product score 1.0  x  2  =  2.0
Pathway atom economy score 0.0  x  1  =  0.0
Salt score 0  x  0  =  0
Reaxys score 0  x  0  =  0
Cool score 0  x  0  =  0
atom economy 0.603374203103322
pathway by-product 0
intermediate by-product {None: 0}
COc1cc2ncnc(Nc3ccc(F)c(Cl)c3)c2c(C=CCN2CCCCC2)c1NC=O.COc1cc2ncnc(Nc3ccc(F)c(Cl)c3)c2c(C=CCN2CCCCC2)c1NC=O>>C=Cc1c(NC=O)c(OC)cc2ncnc(Nc3ccc(F)c(Cl)c3)c12.O=CNc1c(OCCN2CCCCC2)cc2ncnc(Nc3ccc(F)c(Cl)c3)c2c1C=CCN1CCCCC1
COc1cc2ncnc(Nc3ccc(F)c(Cl)c3)c2cc1NC(=O)/C=C/CN1CCCCC1>>COc1cc2ncnc(Nc3ccc(F)c(Cl)c3)c2c(C=CCN2CCCCC2)c1NC=O
rule0126_2
rule0028_51
No_Thermo
No_Thermo

Time used for pathway ranking: 0.00 minutes

Job name: starter_00017
Job type: pathway visualization
Job started on: 2026-02-12 22:10:10.262841
pygraphviz is NOT installed.
A custom node layout will be used for pathway visualization
Number of pathways:  2
Number of reactions in reaxys:  0
Working on creating pages
You can adjust multi-processing number to speed up PDF generation
page done: 1
page done: 2
Finished with pages, writing to pdf
Time used for pathway visualization: 0.02 minutes

A custom node layout was used for pathway visualization
For a better layout, please install pygraphviz and Graphviz with the following command:
conda install conda-forge::pygraphviz
which should install both packages together

[Worker 18] Finished [18/51] SUCCESS | Molecules: 11274 | Targets: 11255 | Time: 7.15h | SMILES: COC1=CC2=NC=NC(NC3=CC=C(F)C(Cl)=C3)=C2C=...
[Worker 18] Shutting down. Processed 1 molecules.
[Worker 14] Starting [14/51] SMILES: CC(=O)OC1=CC2=C(CCN(C2)C(C(=O)C2CC2)C2=C(F)C=CC=C2)S1...
Job name: starter_00013
Job type: enzymatic network expansion forward
Ruleset: JN3604IMT (JN3604IMT_rules.tsv)
Job started on: 2026-02-12 15:01:01.918274
Number of generations: 2
Number of operators loaded: 3571
Number of molecules before expantion (including cofactors): 42
Number of molecules after expantion (including cofactors): 14403
Number of reactions: 22934
Time used for network generation: 434.57 minutes

Job name: starter_00013
Job type: post-processing pretreat networks
Job started on: 2026-02-12 22:15:46.541331
Loading networks, it may take a while if loading large networks from file
Loading network 1 from memory
Number of reations in network 1: 22934
Networks loaded, now generating reaction strings
Reaction strings generation finished
Removing unconnected reactions
Unconnected reactions removed
Total number of reactions after pretreatment: 22660
Time used for network pretreatment: 0.01 minutes

Job name: starter_00013
Job type: pathway search
Job started on: 2026-02-12 22:15:47.422065
Pathway finder started, total number of reactions in network 22660
Searching for pathways.
If it is taking too long, try adjusting pruning parameters
Pathway search finished, removing loops if there's any.
Time used for pathway search: 0.12 minutes
2 pathways found!
3 reactions found in all pathways
Min number of reactions in a pathway: 2
Max number of reactions in a pathway: 2
Pruning parameters for this search:
search_depth: 2
max_num_rxns: 2
min_rxn_atom_economy: 0.3

Job name: starter_00013
Job type: pathway ranking
Job started on: 2026-02-12 22:15:54.425709
Start ranking pathways. Number of pathways after sanitization: 2
Reaction thermodynamics ranking working
Reaction thermodynamics ranking finished
Atom economy ranking working
Min_eco 0.9557873966470576
Max_eco 0.9557873966470576
None_eco 0
Atom_economy ranking finished
Number of steps ranking working
Number of steps ranking finished
By product_number ranking working
You can adjust multi-processing number to speed it up
By product_number ranking finished
min score 6.0
max score 6.0

Pathway ranking finished. Pathway scores:

ranking 1
final score 6.0
Max reaction enthalpy score 0  x  2  =  0
Number of reactions score 1.0  x  4  =  4.0
By-product score 1.0  x  2  =  2.0
Pathway atom economy score 0.0  x  1  =  0.0
Salt score 0  x  0  =  0
Reaxys score 0  x  0  =  0
Cool score 0  x  0  =  0
atom economy 0.9557873966470576
pathway by-product 0
intermediate by-product {None: 0}
CC(=O)Oc1cc2c(s1)CCN(C(C(=O)C1CC1)c1ccccc1F)C2.OO>>CC(=O)Oc1cc2c(s1)CCN(C(O)(C(=O)C1CC1)c1ccccc1F)C2.O
CC(=O)Oc1cc2c(s1)CCN(C(O)(C(=O)C1CC1)c1ccccc1F)C2>>CC(O)Oc1cc2c(s1)C1CN(C2)C(C(=O)C2CC2)(c2ccccc2F)O1
rule1165_1
rule0169_1
No_Thermo
No_Thermo

ranking 2
final score 6.0
Max reaction enthalpy score 0  x  2  =  0
Number of reactions score 1.0  x  4  =  4.0
By-product score 1.0  x  2  =  2.0
Pathway atom economy score 0.0  x  1  =  0.0
Salt score 0  x  0  =  0
Reaxys score 0  x  0  =  0
Cool score 0  x  0  =  0
atom economy 0.9557873966470576
pathway by-product 0
intermediate by-product {None: 0}
CC(=O)Oc1cc2c(s1)CCN(C(C(=O)C1CC1)c1ccccc1F)C2.NC(=O)C1=CN([C@@H]2O[C@H](COP(=O)(O)OP(=O)(O)OC[C@H]3O[C@@H](n4cnc5c(N)ncnc54)[C@H](OP(=O)(O)O)[C@@H]3O)[C@@H](O)[C@H]2O)C=CC1.O=O>>CC(=O)Oc1cc2c(s1)CCN(C(O)(C(=O)C1CC1)c1ccccc1F)C2.NC(=O)c1ccc[n+]([C@@H]2O[C@H](COP(=O)(O)OP(=O)(O)OC[C@H]3O[C@@H](n4cnc5c(N)ncnc54)[C@H](OP(=O)(O)O)[C@@H]3O)[C@@H](O)[C@H]2O)c1.O
CC(=O)Oc1cc2c(s1)CCN(C(O)(C(=O)C1CC1)c1ccccc1F)C2>>CC(O)Oc1cc2c(s1)C1CN(C2)C(C(=O)C2CC2)(c2ccccc2F)O1
rule0004_13
rule0169_1
No_Thermo
No_Thermo

Time used for pathway ranking: 0.00 minutes

Job name: starter_00013
Job type: pathway visualization
Job started on: 2026-02-12 22:15:54.569735
pygraphviz is NOT installed.
A custom node layout will be used for pathway visualization
Number of pathways:  2
Number of reactions in reaxys:  0
Working on creating pages
You can adjust multi-processing number to speed up PDF generation
page done: 1
page done: 2
Finished with pages, writing to pdf
Time used for pathway visualization: 0.02 minutes

A custom node layout was used for pathway visualization
For a better layout, please install pygraphviz and Graphviz with the following command:
conda install conda-forge::pygraphviz
which should install both packages together

[Worker 14] Finished [14/51] SUCCESS | Molecules: 14403 | Targets: 14381 | Time: 7.25h | SMILES: CC(=O)OC1=CC2=C(CCN(C2)C(C(=O)C2CC2)C2=C...
[Worker 14] Shutting down. Processed 1 molecules.
[Worker 30] Starting [30/51] SMILES: COC[C@@H](NC(C)=O)C(=O)NCC1=CC=CC=C1...
Job name: starter_00029
Job type: enzymatic network expansion forward
Ruleset: JN3604IMT (JN3604IMT_rules.tsv)
Job started on: 2026-02-12 15:01:01.984012
Number of generations: 2
Number of operators loaded: 3571
Number of molecules before expantion (including cofactors): 42
Number of molecules after expantion (including cofactors): 30170
Number of reactions: 42963
Time used for network generation: 550.97 minutes

Job name: starter_00029
Job type: post-processing pretreat networks
Job started on: 2026-02-13 00:12:16.951747
Loading networks, it may take a while if loading large networks from file
Loading network 1 from memory
Number of reations in network 1: 42963
Networks loaded, now generating reaction strings
Reaction strings generation finished
Removing unconnected reactions
Unconnected reactions removed
Total number of reactions after pretreatment: 42596
Time used for network pretreatment: 0.03 minutes

Job name: starter_00029
Job type: pathway search
Job started on: 2026-02-13 00:12:18.555164
Pathway finder started, total number of reactions in network 42596
Searching for pathways.
If it is taking too long, try adjusting pruning parameters
Pathway search finished, removing loops if there's any.
Time used for pathway search: 0.18 minutes
1 pathways found!
2 reactions found in all pathways
Min number of reactions in a pathway: 2
Max number of reactions in a pathway: 2
Pruning parameters for this search:
search_depth: 2
max_num_rxns: 2
min_rxn_atom_economy: 0.3

Job name: starter_00029
Job type: pathway ranking
Job started on: 2026-02-13 00:12:29.140394
Start ranking pathways. Number of pathways after sanitization: 1
Reaction thermodynamics ranking working
Reaction thermodynamics ranking finished
Atom economy ranking working
Min_eco 0.7579225563128752
Max_eco 0.7579225563128752
None_eco 0
Atom_economy ranking finished
Number of steps ranking working
Number of steps ranking finished
By product_number ranking working
You can adjust multi-processing number to speed it up
By product_number ranking finished
min score 6.0
max score 6.0

Pathway ranking finished. Pathway scores:

ranking 1
final score 6.0
Max reaction enthalpy score 0  x  2  =  0
Number of reactions score 1.0  x  4  =  4.0
By-product score 1.0  x  2  =  2.0
Pathway atom economy score 0.0  x  1  =  0.0
Salt score 0  x  0  =  0
Reaxys score 0  x  0  =  0
Cool score 0  x  0  =  0
atom economy 0.7579225563128752
pathway by-product 0
intermediate by-product {None: 0}
COC[C@@H](NC(C)=O)C(=O)NCc1ccccc1>>COC[C@@H](NC=O)C(=O)NC(C)c1ccccc1
COC[C@@H](NC=O)C(=O)NC(C)c1ccccc1.COC[C@@H](NC=O)C(=O)NC(C)c1ccccc1>>CC(N)c1ccccc1.COC[C@@H](NC=O)C(=O)N(C(=O)[C@@H](COC)NC=O)C(C)c1ccccc1
rule0028_51
rule0069_16
No_Thermo
No_Thermo

Time used for pathway ranking: 0.00 minutes

Job name: starter_00029
Job type: pathway visualization
Job started on: 2026-02-13 00:12:29.311922
pygraphviz is NOT installed.
A custom node layout will be used for pathway visualization
Number of pathways:  1
Number of reactions in reaxys:  0
Working on creating pages
You can adjust multi-processing number to speed up PDF generation
page done: 1
Finished with pages, writing to pdf
Time used for pathway visualization: 0.01 minutes

A custom node layout was used for pathway visualization
For a better layout, please install pygraphviz and Graphviz with the following command:
conda install conda-forge::pygraphviz
which should install both packages together

[Worker 30] Finished [30/51] SUCCESS | Molecules: 30170 | Targets: 30148 | Time: 9.19h | SMILES: COC[C@@H](NC(C)=O)C(=O)NCC1=CC=CC=C1...
[Worker 30] Shutting down. Processed 1 molecules.
[Worker 28] Starting [28/51] SMILES: CC1=C(C2=NOC(=N2)C2=CC(O)=C(O)C(=C2)[N+]([O-])=O)C(Cl)=[N+](...
Job name: starter_00027
Job type: enzymatic network expansion forward
Ruleset: JN3604IMT (JN3604IMT_rules.tsv)
Job started on: 2026-02-12 15:01:01.976595
Number of generations: 2
Number of operators loaded: 3571
Number of molecules before expantion (including cofactors): 42
Number of molecules after expantion (including cofactors): 1592
Number of reactions: 2394
Time used for network generation: 556.33 minutes

Job name: starter_00027
Job type: post-processing pretreat networks
Job started on: 2026-02-13 00:17:25.015703
Loading networks, it may take a while if loading large networks from file
Loading network 1 from memory
Number of reations in network 1: 2394
Networks loaded, now generating reaction strings
Reaction strings generation finished
Removing unconnected reactions
Unconnected reactions removed
Total number of reactions after pretreatment: 2390
Time used for network pretreatment: 0.00 minutes

Job name: starter_00027
Job type: pathway search
Job started on: 2026-02-13 00:17:25.129442
Pathway finder started, total number of reactions in network 2390
Searching for pathways.
If it is taking too long, try adjusting pruning parameters
Pathway search finished, removing loops if there's any.
Time used for pathway search: 0.01 minutes
8 pathways found!
8 reactions found in all pathways
Min number of reactions in a pathway: 2
Max number of reactions in a pathway: 2
Pruning parameters for this search:
search_depth: 2
max_num_rxns: 2
min_rxn_atom_economy: 0.3

Job name: starter_00027
Job type: pathway ranking
Job started on: 2026-02-13 00:17:25.848480
Start ranking pathways. Number of pathways after sanitization: 8
Reaction thermodynamics ranking working
Reaction thermodynamics ranking finished
Atom economy ranking working
Min_eco 0.9339221590929931
Max_eco 0.9658322127411801
None_eco 0
Atom_economy ranking finished
Number of steps ranking working
Number of steps ranking finished
By product_number ranking working
You can adjust multi-processing number to speed it up
By product_number ranking finished
min score 6.0
max score 7.0

Pathway ranking finished. Pathway scores:

ranking 1
final score 7.0
Max reaction enthalpy score 0  x  2  =  0
Number of reactions score 1.0  x  4  =  4.0
By-product score 1.0  x  2  =  2.0
Pathway atom economy score 1.0  x  1  =  1.0
Salt score 0  x  0  =  0
Reaxys score 0  x  0  =  0
Cool score 0  x  0  =  0
atom economy 0.9658322127411801
pathway by-product 0
intermediate by-product {None: 0}
Cc1c(Cl)c(C)[n+]([O-])c(Cl)c1-c1noc(-c2cc(O)c(O)c([N+](=O)[O-])c2)n1.OO>>Cc1c(Cl)c(C)[n+]([O-])c(Cl)c1-c1noc(-c2cc(O)c(O)c([N+](=O)[O-])c2O)n1.O
Cc1c(Cl)c(C)[n+]([O-])c(Cl)c1-c1noc(-c2cc(O)c(O)c([N+](=O)[O-])c2O)n1.Nc1ncnc2c1ncn2[C@@H]1O[C@H](COP(=O)(O)OS(=O)(=O)O)[C@@H](OP(=O)(O)O)[C@H]1O>>Cc1c(Cl)c(C)[n+]([O-])c(Cl)c1-c1noc(-c2cc(OS(=O)(=O)O)c(O)c([N+](=O)[O-])c2O)n1.Nc1ncnc2c1ncn2[C@@H]1O[C@H](COP(=O)(O)O)[C@@H](OP(=O)(O)O)[C@H]1O
rule1165_2
rule0048_5
No_Thermo
No_Thermo

ranking 2
final score 7.0
Max reaction enthalpy score 0  x  2  =  0
Number of reactions score 1.0  x  4  =  4.0
By-product score 1.0  x  2  =  2.0
Pathway atom economy score 1.0  x  1  =  1.0
Salt score 0  x  0  =  0
Reaxys score 0  x  0  =  0
Cool score 0  x  0  =  0
atom economy 0.9658322127411801
pathway by-product 0
intermediate by-product {None: 0}
Cc1c(Cl)c(C)[n+]([O-])c(Cl)c1-c1noc(-c2cc(O)c(O)c([N+](=O)[O-])c2)n1.Nc1ncnc2c1ncn2[C@@H]1O[C@H](COP(=O)(O)OS(=O)(=O)O)[C@@H](OP(=O)(O)O)[C@H]1O>>Cc1c(Cl)c(C)[n+]([O-])c(Cl)c1-c1noc(-c2cc(OS(=O)(=O)O)c(O)c([N+](=O)[O-])c2)n1.Nc1ncnc2c1ncn2[C@@H]1O[C@H](COP(=O)(O)O)[C@@H](OP(=O)(O)O)[C@H]1O
Cc1c(Cl)c(C)[n+]([O-])c(Cl)c1-c1noc(-c2cc(OS(=O)(=O)O)c(O)c([N+](=O)[O-])c2)n1.OO>>Cc1c(Cl)c(C)[n+]([O-])c(Cl)c1-c1noc(-c2cc(OS(=O)(=O)O)c(O)c([N+](=O)[O-])c2O)n1.O
rule0048_5
rule1165_2
No_Thermo
No_Thermo

ranking 3
final score 7.0
Max reaction enthalpy score 0  x  2  =  0
Number of reactions score 1.0  x  4  =  4.0
By-product score 1.0  x  2  =  2.0
Pathway atom economy score 1.0  x  1  =  1.0
Salt score 0  x  0  =  0
Reaxys score 0  x  0  =  0
Cool score 0  x  0  =  0
atom economy 0.9658322127411801
pathway by-product 0
intermediate by-product {None: 0}
Cc1c(Cl)c(C)[n+]([O-])c(Cl)c1-c1noc(-c2cc(O)c(O)c([N+](=O)[O-])c2)n1.Nc1ncnc2c1ncn2[C@@H]1O[C@H](COP(=O)(O)OS(=O)(=O)O)[C@@H](OP(=O)(O)O)[C@H]1O>>Cc1c(Cl)c(C)[n+]([O-])c(Cl)c1-c1noc(-c2cc(OS(=O)(=O)O)c(O)c([N+](=O)[O-])c2)n1.Nc1ncnc2c1ncn2[C@@H]1O[C@H](COP(=O)(O)O)[C@@H](OP(=O)(O)O)[C@H]1O
Cc1c(Cl)c(C)[n+]([O-])c(Cl)c1-c1noc(-c2cc(OS(=O)(=O)O)c(O)c([N+](=O)[O-])c2)n1.NC(=O)C1=CN([C@@H]2O[C@H](COP(=O)(O)OP(=O)(O)OC[C@H]3O[C@@H](n4cnc5c(N)ncnc54)[C@H](OP(=O)(O)O)[C@@H]3O)[C@@H](O)[C@H]2O)C=CC1.O=O>>Cc1c(Cl)c(C)[n+]([O-])c(Cl)c1-c1noc(-c2cc(OS(=O)(=O)O)c(O)c([N+](=O)[O-])c2O)n1.NC(=O)c1ccc[n+]([C@@H]2O[C@H](COP(=O)(O)OP(=O)(O)OC[C@H]3O[C@@H](n4cnc5c(N)ncnc54)[C@H](OP(=O)(O)O)[C@@H]3O)[C@@H](O)[C@H]2O)c1.O
rule0048_5
rule0004_10
No_Thermo
No_Thermo

ranking 4
final score 7.0
Max reaction enthalpy score 0  x  2  =  0
Number of reactions score 1.0  x  4  =  4.0
By-product score 1.0  x  2  =  2.0
Pathway atom economy score 1.0  x  1  =  1.0
Salt score 0  x  0  =  0
Reaxys score 0  x  0  =  0
Cool score 0  x  0  =  0
atom economy 0.9658322127411801
pathway by-product 0
intermediate by-product {None: 0}
Cc1c(Cl)c(C)[n+]([O-])c(Cl)c1-c1noc(-c2cc(O)c(O)c([N+](=O)[O-])c2)n1.NC(=O)C1=CN([C@@H]2O[C@H](COP(=O)(O)OP(=O)(O)OC[C@H]3O[C@@H](n4cnc5c(N)ncnc54)[C@H](OP(=O)(O)O)[C@@H]3O)[C@@H](O)[C@H]2O)C=CC1.O=O>>Cc1c(Cl)c(C)[n+]([O-])c(Cl)c1-c1noc(-c2cc(O)c(O)c([N+](=O)[O-])c2O)n1.NC(=O)c1ccc[n+]([C@@H]2O[C@H](COP(=O)(O)OP(=O)(O)OC[C@H]3O[C@@H](n4cnc5c(N)ncnc54)[C@H](OP(=O)(O)O)[C@@H]3O)[C@@H](O)[C@H]2O)c1.O
Cc1c(Cl)c(C)[n+]([O-])c(Cl)c1-c1noc(-c2cc(O)c(O)c([N+](=O)[O-])c2O)n1.Nc1ncnc2c1ncn2[C@@H]1O[C@H](COP(=O)(O)OS(=O)(=O)O)[C@@H](OP(=O)(O)O)[C@H]1O>>Cc1c(Cl)c(C)[n+]([O-])c(Cl)c1-c1noc(-c2cc(OS(=O)(=O)O)c(O)c([N+](=O)[O-])c2O)n1.Nc1ncnc2c1ncn2[C@@H]1O[C@H](COP(=O)(O)O)[C@@H](OP(=O)(O)O)[C@H]1O
rule0004_10
rule0048_5
No_Thermo
No_Thermo

ranking 5
final score 6.0
Max reaction enthalpy score 0  x  2  =  0
Number of reactions score 1.0  x  4  =  4.0
By-product score 1.0  x  2  =  2.0
Pathway atom economy score 0.0  x  1  =  0.0
Salt score 0  x  0  =  0
Reaxys score 0  x  0  =  0
Cool score 0  x  0  =  0
atom economy 0.9339221590929931
pathway by-product 0
intermediate by-product {None: 0}
Cc1c(Cl)c(C)[n+]([O-])c(Cl)c1-c1noc(-c2cc(O)c(O)c([N+](=O)[O-])c2)n1.OO>>Cc1c(Cl)c(C)[n+]([O-])c(Cl)c1-c1noc(-c2cc(O)c(O)c([N+](=O)[O-])c2O)n1.O
Cc1c(Cl)c(C)[n+]([O-])c(Cl)c1-c1noc(-c2cc(O)c(O)c([N+](=O)[O-])c2O)n1.O=S(=O)(O)O>>Cc1c(Cl)c(C)[n+]([O-])c(Cl)c1-c1noc(-c2cc(OS(=O)(=O)O)c(O)c([N+](=O)[O-])c2O)n1.O
rule1165_2
rule0127_2
No_Thermo
No_Thermo

ranking 6
final score 6.0
Max reaction enthalpy score 0  x  2  =  0
Number of reactions score 1.0  x  4  =  4.0
By-product score 1.0  x  2  =  2.0
Pathway atom economy score 0.0  x  1  =  0.0
Salt score 0  x  0  =  0
Reaxys score 0  x  0  =  0
Cool score 0  x  0  =  0
atom economy 0.9339221590929931
pathway by-product 0
intermediate by-product {None: 0}
Cc1c(Cl)c(C)[n+]([O-])c(Cl)c1-c1noc(-c2cc(O)c(O)c([N+](=O)[O-])c2)n1.O=S(=O)(O)O>>Cc1c(Cl)c(C)[n+]([O-])c(Cl)c1-c1noc(-c2cc(OS(=O)(=O)O)c(O)c([N+](=O)[O-])c2)n1.O
Cc1c(Cl)c(C)[n+]([O-])c(Cl)c1-c1noc(-c2cc(OS(=O)(=O)O)c(O)c([N+](=O)[O-])c2)n1.OO>>Cc1c(Cl)c(C)[n+]([O-])c(Cl)c1-c1noc(-c2cc(OS(=O)(=O)O)c(O)c([N+](=O)[O-])c2O)n1.O
rule0127_2
rule1165_2
No_Thermo
No_Thermo

ranking 7
final score 6.0
Max reaction enthalpy score 0  x  2  =  0
Number of reactions score 1.0  x  4  =  4.0
By-product score 1.0  x  2  =  2.0
Pathway atom economy score 0.0  x  1  =  0.0
Salt score 0  x  0  =  0
Reaxys score 0  x  0  =  0
Cool score 0  x  0  =  0
atom economy 0.9339221590929931
pathway by-product 0
intermediate by-product {None: 0}
Cc1c(Cl)c(C)[n+]([O-])c(Cl)c1-c1noc(-c2cc(O)c(O)c([N+](=O)[O-])c2)n1.O=S(=O)(O)O>>Cc1c(Cl)c(C)[n+]([O-])c(Cl)c1-c1noc(-c2cc(OS(=O)(=O)O)c(O)c([N+](=O)[O-])c2)n1.O
Cc1c(Cl)c(C)[n+]([O-])c(Cl)c1-c1noc(-c2cc(OS(=O)(=O)O)c(O)c([N+](=O)[O-])c2)n1.NC(=O)C1=CN([C@@H]2O[C@H](COP(=O)(O)OP(=O)(O)OC[C@H]3O[C@@H](n4cnc5c(N)ncnc54)[C@H](OP(=O)(O)O)[C@@H]3O)[C@@H](O)[C@H]2O)C=CC1.O=O>>Cc1c(Cl)c(C)[n+]([O-])c(Cl)c1-c1noc(-c2cc(OS(=O)(=O)O)c(O)c([N+](=O)[O-])c2O)n1.NC(=O)c1ccc[n+]([C@@H]2O[C@H](COP(=O)(O)OP(=O)(O)OC[C@H]3O[C@@H](n4cnc5c(N)ncnc54)[C@H](OP(=O)(O)O)[C@@H]3O)[C@@H](O)[C@H]2O)c1.O
rule0127_2
rule0004_10
No_Thermo
No_Thermo

ranking 8
final score 6.0
Max reaction enthalpy score 0  x  2  =  0
Number of reactions score 1.0  x  4  =  4.0
By-product score 1.0  x  2  =  2.0
Pathway atom economy score 0.0  x  1  =  0.0
Salt score 0  x  0  =  0
Reaxys score 0  x  0  =  0
Cool score 0  x  0  =  0
atom economy 0.9339221590929931
pathway by-product 0
intermediate by-product {None: 0}
Cc1c(Cl)c(C)[n+]([O-])c(Cl)c1-c1noc(-c2cc(O)c(O)c([N+](=O)[O-])c2)n1.NC(=O)C1=CN([C@@H]2O[C@H](COP(=O)(O)OP(=O)(O)OC[C@H]3O[C@@H](n4cnc5c(N)ncnc54)[C@H](OP(=O)(O)O)[C@@H]3O)[C@@H](O)[C@H]2O)C=CC1.O=O>>Cc1c(Cl)c(C)[n+]([O-])c(Cl)c1-c1noc(-c2cc(O)c(O)c([N+](=O)[O-])c2O)n1.NC(=O)c1ccc[n+]([C@@H]2O[C@H](COP(=O)(O)OP(=O)(O)OC[C@H]3O[C@@H](n4cnc5c(N)ncnc54)[C@H](OP(=O)(O)O)[C@@H]3O)[C@@H](O)[C@H]2O)c1.O
Cc1c(Cl)c(C)[n+]([O-])c(Cl)c1-c1noc(-c2cc(O)c(O)c([N+](=O)[O-])c2O)n1.O=S(=O)(O)O>>Cc1c(Cl)c(C)[n+]([O-])c(Cl)c1-c1noc(-c2cc(OS(=O)(=O)O)c(O)c([N+](=O)[O-])c2O)n1.O
rule0004_10
rule0127_2
No_Thermo
No_Thermo

Time used for pathway ranking: 0.00 minutes

Job name: starter_00027
Job type: pathway visualization
Job started on: 2026-02-13 00:17:25.940214
pygraphviz is NOT installed.
A custom node layout will be used for pathway visualization
Number of pathways:  8
Number of reactions in reaxys:  0
Working on creating pages
You can adjust multi-processing number to speed up PDF generation
page done: 1
page done: 2
page done: 3
page done: 4
page done: 5
page done: 6
page done: 7
page done: 8
Finished with pages, writing to pdf
Time used for pathway visualization: 0.04 minutes

A custom node layout was used for pathway visualization
For a better layout, please install pygraphviz and Graphviz with the following command:
conda install conda-forge::pygraphviz
which should install both packages together

[Worker 28] Finished [28/51] SUCCESS | Molecules: 1592 | Targets: 1573 | Time: 9.27h | SMILES: CC1=C(C2=NOC(=N2)C2=CC(O)=C(O)C(=C2)[N+]...
[Worker 28] Shutting down. Processed 1 molecules.
Finished with pages, writing to pdf
Time used for pathway visualization: 0.02 minutes

A custom node layout was used for pathway visualization
For a better layout, please install pygraphviz and Graphviz with the following command:
conda install conda-forge::pygraphviz
which should install both packages together

[Worker 12] Finished [12/51] SUCCESS | Molecules: 287 | Targets: 268 | Time: 3.3m | SMILES: NC1=NC(=O)N(C=C1)[C@@H]1CS[C@H](CO)O1...
[Worker 12] Starting [35/51] SMILES: ClC1=CC=CC(N2CCN(CCCCOC3=CC=C4CCC(=O)NC4=C3)CC2)=C1Cl...
Job name: starter_00034
Job type: enzymatic network expansion forward
Ruleset: JN3604IMT (JN3604IMT_rules.tsv)
Job started on: 2026-02-12 15:04:22.275467
Number of generations: 2
Number of operators loaded: 3571
Number of molecules before expantion (including cofactors): 42
Number of molecules after expantion (including cofactors): 23134
Number of reactions: 34717
Time used for network generation: 566.72 minutes

Job name: starter_00034
Job type: post-processing pretreat networks
Job started on: 2026-02-13 00:31:20.696985
Loading networks, it may take a while if loading large networks from file
Loading network 1 from memory
Number of reations in network 1: 34717
Networks loaded, now generating reaction strings
Reaction strings generation finished
Removing unconnected reactions
Unconnected reactions removed
Total number of reactions after pretreatment: 34455
Time used for network pretreatment: 0.02 minutes

Job name: starter_00034
Job type: pathway search
Job started on: 2026-02-13 00:31:22.042971
Pathway finder started, total number of reactions in network 34455
Searching for pathways.
If it is taking too long, try adjusting pruning parameters
Pathway search finished, removing loops if there's any.
Time used for pathway search: 0.20 minutes
4 pathways found!
6 reactions found in all pathways
Min number of reactions in a pathway: 2
Max number of reactions in a pathway: 2
Pruning parameters for this search:
search_depth: 2
max_num_rxns: 2
min_rxn_atom_economy: 0.3

Job name: starter_00034
Job type: pathway ranking
Job started on: 2026-02-13 00:31:34.153516
Start ranking pathways. Number of pathways after sanitization: 4
Reaction thermodynamics ranking working
Reaction thermodynamics ranking finished
Atom economy ranking working
Min_eco 0.9626560919387739
Max_eco 0.9626560919387739
None_eco 0
Atom_economy ranking finished
Number of steps ranking working
Number of steps ranking finished
By product_number ranking working
You can adjust multi-processing number to speed it up
By product_number ranking finished
min score 6.0
max score 6.0

Pathway ranking finished. Pathway scores:

ranking 1
final score 6.0
Max reaction enthalpy score 0  x  2  =  0
Number of reactions score 1.0  x  4  =  4.0
By-product score 1.0  x  2  =  2.0
Pathway atom economy score 0.0  x  1  =  0.0
Salt score 0  x  0  =  0
Reaxys score 0  x  0  =  0
Cool score 0  x  0  =  0
atom economy 0.9626560919387739
pathway by-product 0
intermediate by-product {None: 0}
O=C1CCc2ccc(OCCCCN3CCN(c4cc(O)cc(Cl)c4Cl)CC3)cc2N1>>CCN1CCN(c2cc(O)c(CCOc3ccc4c(c3)NC(=O)CC4)c(Cl)c2Cl)CC1
O=C1CCc2ccc(OCCCCN3CCN(c4cccc(Cl)c4Cl)CC3)cc2N1.OO>>O.O=C1CCc2ccc(OCCCCN3CCN(c4cc(O)cc(Cl)c4Cl)CC3)cc2N1
rule0028_51
rule1165_2
No_Thermo
No_Thermo

ranking 2
final score 6.0
Max reaction enthalpy score 0  x  2  =  0
Number of reactions score 1.0  x  4  =  4.0
By-product score 1.0  x  2  =  2.0
Pathway atom economy score 0.0  x  1  =  0.0
Salt score 0  x  0  =  0
Reaxys score 0  x  0  =  0
Cool score 0  x  0  =  0
atom economy 0.9626560919387739
pathway by-product 0
intermediate by-product {None: 0}
NC(=O)C1=CN([C@@H]2O[C@H](COP(=O)(O)OP(=O)(O)OC[C@H]3O[C@@H](n4cnc5c(N)ncnc54)[C@H](OP(=O)(O)O)[C@@H]3O)[C@@H](O)[C@H]2O)C=CC1.O=C1CCc2ccc(OCCCCN3CCN(c4cccc(Cl)c4Cl)CC3)cc2N1.O=O>>NC(=O)c1ccc[n+]([C@@H]2O[C@H](COP(=O)(O)OP(=O)(O)OC[C@H]3O[C@@H](n4cnc5c(N)ncnc54)[C@H](OP(=O)(O)O)[C@@H]3O)[C@@H](O)[C@H]2O)c1.O.O=C1CCc2ccc(OCCCCN3CCN(c4cc(O)cc(Cl)c4Cl)CC3)cc2N1
O=C1CCc2ccc(OCCCCN3CCN(c4cc(O)cc(Cl)c4Cl)CC3)cc2N1>>CCN1CCN(c2cc(O)c(CCOc3ccc4c(c3)NC(=O)CC4)c(Cl)c2Cl)CC1
rule0004_10
rule0028_51
No_Thermo
No_Thermo

ranking 3
final score 6.0
Max reaction enthalpy score 0  x  2  =  0
Number of reactions score 1.0  x  4  =  4.0
By-product score 1.0  x  2  =  2.0
Pathway atom economy score 0.0  x  1  =  0.0
Salt score 0  x  0  =  0
Reaxys score 0  x  0  =  0
Cool score 0  x  0  =  0
atom economy 0.9626560919387739
pathway by-product 0
intermediate by-product {None: 0}
CCN1CCN(c2ccc(CCOc3ccc4c(c3)NC(=O)CC4)c(Cl)c2Cl)CC1.OO>>CCN1CCN(c2cc(O)c(CCOc3ccc4c(c3)NC(=O)CC4)c(Cl)c2Cl)CC1.O
O=C1CCc2ccc(OCCCCN3CCN(c4cccc(Cl)c4Cl)CC3)cc2N1>>CCN1CCN(c2ccc(CCOc3ccc4c(c3)NC(=O)CC4)c(Cl)c2Cl)CC1
rule1165_2
rule0028_51
No_Thermo
No_Thermo

ranking 4
final score 6.0
Max reaction enthalpy score 0  x  2  =  0
Number of reactions score 1.0  x  4  =  4.0
By-product score 1.0  x  2  =  2.0
Pathway atom economy score 0.0  x  1  =  0.0
Salt score 0  x  0  =  0
Reaxys score 0  x  0  =  0
Cool score 0  x  0  =  0
atom economy 0.9626560919387739
pathway by-product 0
intermediate by-product {None: 0}
CCN1CCN(c2ccc(CCOc3ccc4c(c3)NC(=O)CC4)c(Cl)c2Cl)CC1.NC(=O)C1=CN([C@@H]2O[C@H](COP(=O)(O)OP(=O)(O)OC[C@H]3O[C@@H](n4cnc5c(N)ncnc54)[C@H](OP(=O)(O)O)[C@@H]3O)[C@@H](O)[C@H]2O)C=CC1.O=O>>CCN1CCN(c2cc(O)c(CCOc3ccc4c(c3)NC(=O)CC4)c(Cl)c2Cl)CC1.NC(=O)c1ccc[n+]([C@@H]2O[C@H](COP(=O)(O)OP(=O)(O)OC[C@H]3O[C@@H](n4cnc5c(N)ncnc54)[C@H](OP(=O)(O)O)[C@@H]3O)[C@@H](O)[C@H]2O)c1.O
O=C1CCc2ccc(OCCCCN3CCN(c4cccc(Cl)c4Cl)CC3)cc2N1>>CCN1CCN(c2ccc(CCOc3ccc4c(c3)NC(=O)CC4)c(Cl)c2Cl)CC1
rule0004_10
rule0028_51
No_Thermo
No_Thermo

Time used for pathway ranking: 0.00 minutes

Job name: starter_00034
Job type: pathway visualization
Job started on: 2026-02-13 00:31:34.259628
pygraphviz is NOT installed.
A custom node layout will be used for pathway visualization
Number of pathways:  4
Number of reactions in reaxys:  0
Working on creating pages
You can adjust multi-processing number to speed up PDF generation
page done: 1
page done: 2
page done: 3
page done: 4
Finished with pages, writing to pdf
Time used for pathway visualization: 0.03 minutes

A custom node layout was used for pathway visualization
For a better layout, please install pygraphviz and Graphviz with the following command:
conda install conda-forge::pygraphviz
which should install both packages together

[Worker 12] Finished [35/51] SUCCESS | Molecules: 23134 | Targets: 23114 | Time: 9.45h | SMILES: ClC1=CC=CC(N2CCN(CCCCOC3=CC=C4CCC(=O)NC4...
[Worker 12] Shutting down. Processed 2 molecules.
[Worker 6] Starting [6/51] SMILES: C[C@@H](O)[C@@H]1[C@H]2CC(SCCNC=N)=C(N2C1=O)C(O)=O...
Job name: starter_00005
Job type: enzymatic network expansion forward
Ruleset: JN3604IMT (JN3604IMT_rules.tsv)
Job started on: 2026-02-12 15:01:01.900288
Number of generations: 2
Number of operators loaded: 3571
Number of molecules before expantion (including cofactors): 42
Number of molecules after expantion (including cofactors): 34135
Number of reactions: 43154
Time used for network generation: 610.43 minutes

Job name: starter_00005
Job type: post-processing pretreat networks
Job started on: 2026-02-13 01:11:48.462479
Loading networks, it may take a while if loading large networks from file
Loading network 1 from memory
Number of reations in network 1: 43154
Networks loaded, now generating reaction strings
Reaction strings generation finished
Removing unconnected reactions
Unconnected reactions removed
Total number of reactions after pretreatment: 43145
Time used for network pretreatment: 0.03 minutes

Job name: starter_00005
Job type: pathway search
Job started on: 2026-02-13 01:11:50.118722
Pathway finder started, total number of reactions in network 43145
Searching for pathways.
If it is taking too long, try adjusting pruning parameters
Pathway search finished, removing loops if there's any.
Time used for pathway search: 0.17 minutes
1 pathways found!
2 reactions found in all pathways
Min number of reactions in a pathway: 2
Max number of reactions in a pathway: 2
Pruning parameters for this search:
search_depth: 2
max_num_rxns: 2
min_rxn_atom_economy: 0.3

Job name: starter_00005
Job type: pathway ranking
Job started on: 2026-02-13 01:12:00.587923
Start ranking pathways. Number of pathways after sanitization: 1
Reaction thermodynamics ranking working
Reaction thermodynamics ranking finished
Atom economy ranking working
Min_eco 1
Max_eco 1.0
None_eco 0
Atom_economy ranking finished
Number of steps ranking working
Number of steps ranking finished
By product_number ranking working
You can adjust multi-processing number to speed it up
By product_number ranking finished
min score 6.0
max score 6.0

Pathway ranking finished. Pathway scores:

ranking 1
final score 6.0
Max reaction enthalpy score 0  x  2  =  0
Number of reactions score 1.0  x  4  =  4.0
By-product score 1.0  x  2  =  2.0
Pathway atom economy score 0.0  x  1  =  0.0
Salt score 0  x  0  =  0
Reaxys score 0  x  0  =  0
Cool score 0  x  0  =  0
atom economy 1.0
pathway by-product 0
intermediate by-product {None: 0}
C[C@@H](O)[C@H]1C(=O)N2C(C(=O)O)=C(SCC(NC=N)C(O)(O)C3=C(SCCNC=N)C[C@@H]4[C@@H]([C@@H](C)O)C(=O)N34)C[C@H]12>>CC[C@@H](O)[C@H]1C(=O)N2C(C(=O)O)=C(SCC(NC=N)C(O)(O)C3=C(SCCNC=N)C[C@@H]4[C@@H](CO)C(=O)N34)C[C@H]12
C[C@@H](O)[C@H]1C(=O)N2C(C(=O)O)=C(SCCNC=N)C[C@H]12.C[C@@H](O)[C@H]1C(=O)N2C(C(=O)O)=C(SCCNC=N)C[C@H]12>>C[C@@H](O)[C@H]1C(=O)N2C(C(=O)O)=C(SCC(NC=N)C(O)(O)C3=C(SCCNC=N)C[C@@H]4[C@@H]([C@@H](C)O)C(=O)N34)C[C@H]12
rule0028_51
rule0051_18
No_Thermo
No_Thermo

Time used for pathway ranking: 0.00 minutes

Job name: starter_00005
Job type: pathway visualization
Job started on: 2026-02-13 01:12:00.701526
pygraphviz is NOT installed.
A custom node layout will be used for pathway visualization
Number of pathways:  1
Number of reactions in reaxys:  0
Working on creating pages
You can adjust multi-processing number to speed up PDF generation
page done: 1
Finished with pages, writing to pdf
Time used for pathway visualization: 0.01 minutes

A custom node layout was used for pathway visualization
For a better layout, please install pygraphviz and Graphviz with the following command:
conda install conda-forge::pygraphviz
which should install both packages together

[Worker 6] Finished [6/51] SUCCESS | Molecules: 34135 | Targets: 34113 | Time: 10.18h | SMILES: C[C@@H](O)[C@@H]1[C@H]2CC(SCCNC=N)=C(N2C...
[Worker 6] Shutting down. Processed 1 molecules.
[Worker 7] Starting [7/51] SMILES: C[C@@H](CN1C=CC(=N1)C1=CC=C(C#N)C(Cl)=C1)NC(=O)C1=NNC(=C1)[C...
Job name: starter_00006
Job type: enzymatic network expansion forward
Ruleset: JN3604IMT (JN3604IMT_rules.tsv)
Job started on: 2026-02-12 15:01:01.903255
Number of generations: 2
Number of operators loaded: 3571
Number of molecules before expantion (including cofactors): 42
Number of molecules after expantion (including cofactors): 19737
Number of reactions: 30575
Time used for network generation: 618.04 minutes

Job name: starter_00006
Job type: post-processing pretreat networks
Job started on: 2026-02-13 01:19:17.212712
Loading networks, it may take a while if loading large networks from file
Loading network 1 from memory
Number of reations in network 1: 30575
Networks loaded, now generating reaction strings
Reaction strings generation finished
Removing unconnected reactions
Unconnected reactions removed
Total number of reactions after pretreatment: 30568
Time used for network pretreatment: 0.02 minutes

Job name: starter_00006
Job type: pathway search
Job started on: 2026-02-13 01:19:18.338596
Pathway finder started, total number of reactions in network 30568
Searching for pathways.
If it is taking too long, try adjusting pruning parameters
Pathway search finished, removing loops if there's any.
Time used for pathway search: 0.15 minutes
2 pathways found!
4 reactions found in all pathways
Min number of reactions in a pathway: 2
Max number of reactions in a pathway: 2
Pruning parameters for this search:
search_depth: 2
max_num_rxns: 2
min_rxn_atom_economy: 0.3

Job name: starter_00006
Job type: pathway ranking
Job started on: 2026-02-13 01:19:27.532256
Start ranking pathways. Number of pathways after sanitization: 2
Reaction thermodynamics ranking working
Reaction thermodynamics ranking finished
Atom economy ranking working
Min_eco 1
Max_eco 1.0
None_eco 0
Atom_economy ranking finished
Number of steps ranking working
Number of steps ranking finished
By product_number ranking working
You can adjust multi-processing number to speed it up
By product_number ranking finished
min score 6.0
max score 6.0

Pathway ranking finished. Pathway scores:

ranking 1
final score 6.0
Max reaction enthalpy score 0  x  2  =  0
Number of reactions score 1.0  x  4  =  4.0
By-product score 1.0  x  2  =  2.0
Pathway atom economy score 0.0  x  1  =  0.0
Salt score 0  x  0  =  0
Reaxys score 0  x  0  =  0
Cool score 0  x  0  =  0
atom economy 1.0
pathway by-product 0
intermediate by-product {None: 0}
C[C@@H](Cn1ccc(-c2ccc(C#N)c(Cl)c2)n1)NC(=O)c1cc([C@@H](C)O)[nH]n1>>Cc1cn(CCNC(=O)c2cc([C@@H](C)O)[nH]n2)nc1-c1ccc(C#N)c(Cl)c1
Cc1cn(CCNC(=O)c2cc([C@@H](C)O)[nH]n2)nc1-c1ccc(C#N)c(Cl)c1.NC(=O)C1=CN([C@@H]2O[C@H](COP(=O)(O)OP(=O)(O)OC[C@H]3O[C@@H](n4cnc5c(N)ncnc54)[C@H](OP(=O)(O)O)[C@@H]3O)[C@@H](O)[C@H]2O)C=CC1.O=O>>Cc1cn(CCNC(=O)c2cc([C@@H](C)O)[nH]n2)nc1C1=CC(O)C(O)(C#N)C(Cl)=C1.NC(=O)c1ccc[n+]([C@@H]2O[C@H](COP(=O)(O)OP(=O)(O)OC[C@H]3O[C@@H](n4cnc5c(N)ncnc54)[C@H](OP(=O)(O)O)[C@@H]3O)[C@@H](O)[C@H]2O)c1
rule0028_51
rule0094_1
No_Thermo
No_Thermo

ranking 2
final score 6.0
Max reaction enthalpy score 0  x  2  =  0
Number of reactions score 1.0  x  4  =  4.0
By-product score 1.0  x  2  =  2.0
Pathway atom economy score 0.0  x  1  =  0.0
Salt score 0  x  0  =  0
Reaxys score 0  x  0  =  0
Cool score 0  x  0  =  0
atom economy 1.0
pathway by-product 0
intermediate by-product {None: 0}
C[C@@H](Cn1ccc(-c2ccc(C#N)c(Cl)c2)n1)NC(=O)c1cc([C@@H](C)O)[nH]n1.NC(=O)C1=CN([C@@H]2O[C@H](COP(=O)(O)OP(=O)(O)OC[C@H]3O[C@@H](n4cnc5c(N)ncnc54)[C@H](OP(=O)(O)O)[C@@H]3O)[C@@H](O)[C@H]2O)C=CC1.O=O>>C[C@@H](Cn1ccc(C2=CC(O)C(O)(C#N)C(Cl)=C2)n1)NC(=O)c1cc([C@@H](C)O)[nH]n1.NC(=O)c1ccc[n+]([C@@H]2O[C@H](COP(=O)(O)OP(=O)(O)OC[C@H]3O[C@@H](n4cnc5c(N)ncnc54)[C@H](OP(=O)(O)O)[C@@H]3O)[C@@H](O)[C@H]2O)c1
C[C@@H](Cn1ccc(C2=CC(O)C(O)(C#N)C(Cl)=C2)n1)NC(=O)c1cc([C@@H](C)O)[nH]n1>>Cc1cn(CCNC(=O)c2cc([C@@H](C)O)[nH]n2)nc1C1=CC(O)C(O)(C#N)C(Cl)=C1
rule0094_1
rule0028_51
No_Thermo
No_Thermo

Time used for pathway ranking: 0.00 minutes

Job name: starter_00006
Job type: pathway visualization
Job started on: 2026-02-13 01:19:27.641246
pygraphviz is NOT installed.
A custom node layout will be used for pathway visualization
Number of pathways:  2
Number of reactions in reaxys:  0
Working on creating pages
You can adjust multi-processing number to speed up PDF generation
page done: 1
page done: 2
Finished with pages, writing to pdf
Time used for pathway visualization: 0.02 minutes

A custom node layout was used for pathway visualization
For a better layout, please install pygraphviz and Graphviz with the following command:
conda install conda-forge::pygraphviz
which should install both packages together

[Worker 7] Finished [7/51] SUCCESS | Molecules: 19737 | Targets: 19716 | Time: 10.31h | SMILES: C[C@@H](CN1C=CC(=N1)C1=CC=C(C#N)C(Cl)=C1...
[Worker 7] Shutting down. Processed 1 molecules.
Finished with pages, writing to pdf
Time used for pathway visualization: 0.02 minutes

A custom node layout was used for pathway visualization
For a better layout, please install pygraphviz and Graphviz with the following command:
conda install conda-forge::pygraphviz
which should install both packages together

[Worker 13] Finished [39/51] SUCCESS | Molecules: 625 | Targets: 609 | Time: 6.7m | SMILES: CC1=CN(C(=O)C=C1)C1=CC=CC=C1...
[Worker 13] Starting [43/51] SMILES: C[C@H](NCC1=CC=C(OCC2=CC(F)=CC=C2)C=C1)C(N)=O...
Job name: starter_00042
Job type: enzymatic network expansion forward
Ruleset: JN3604IMT (JN3604IMT_rules.tsv)
Job started on: 2026-02-12 15:15:32.253420
Number of generations: 2
Number of operators loaded: 3571
Number of molecules before expantion (including cofactors): 42
Number of molecules after expantion (including cofactors): 23063
Number of reactions: 32977
Time used for network generation: 628.32 minutes

Job name: starter_00042
Job type: post-processing pretreat networks
Job started on: 2026-02-13 01:44:05.408848
Loading networks, it may take a while if loading large networks from file
Loading network 1 from memory
Number of reations in network 1: 32977
Networks loaded, now generating reaction strings
Reaction strings generation finished
Removing unconnected reactions
Unconnected reactions removed
Total number of reactions after pretreatment: 32672
Time used for network pretreatment: 0.02 minutes

Job name: starter_00042
Job type: pathway search
Job started on: 2026-02-13 01:44:06.600901
Pathway finder started, total number of reactions in network 32672
Searching for pathways.
If it is taking too long, try adjusting pruning parameters
Pathway search finished, removing loops if there's any.
Time used for pathway search: 0.16 minutes
1 pathways found!
2 reactions found in all pathways
Min number of reactions in a pathway: 2
Max number of reactions in a pathway: 2
Pruning parameters for this search:
search_depth: 2
max_num_rxns: 2
min_rxn_atom_economy: 0.3

Job name: starter_00042
Job type: pathway ranking
Job started on: 2026-02-13 01:44:16.291093
Start ranking pathways. Number of pathways after sanitization: 1
Reaction thermodynamics ranking working
Reaction thermodynamics ranking finished
Atom economy ranking working
Min_eco 0.8125091047469549
Max_eco 0.8125091047469549
None_eco 0
Atom_economy ranking finished
Number of steps ranking working
Number of steps ranking finished
By product_number ranking working
You can adjust multi-processing number to speed it up
By product_number ranking finished
min score 6.0
max score 6.0

Pathway ranking finished. Pathway scores:

ranking 1
final score 6.0
Max reaction enthalpy score 0  x  2  =  0
Number of reactions score 1.0  x  4  =  4.0
By-product score 1.0  x  2  =  2.0
Pathway atom economy score 0.0  x  1  =  0.0
Salt score 0  x  0  =  0
Reaxys score 0  x  0  =  0
Cool score 0  x  0  =  0
atom economy 0.8125091047469549
pathway by-product 0
intermediate by-product {None: 0}
C[C@H](NCC1(O)C=CC(OCc2cccc(F)c2)=CC1O)C(N)=O.C[C@H](NCC1(O)C=CC(OCc2cccc(F)c2)=CC1O)C(N)=O>>C[C@H](NCC1(O)C=CC(OC2(CN[C@@H](C)C(N)=O)C=CC(OCc3cccc(F)c3)=CC2O)=CC1O)C(N)=O.OCc1cccc(F)c1
C[C@H](NCc1ccc(OCc2cccc(F)c2)cc1)C(N)=O.NC(=O)C1=CN([C@@H]2O[C@H](COP(=O)(O)OP(=O)(O)OC[C@H]3O[C@@H](n4cnc5c(N)ncnc54)[C@H](OP(=O)(O)O)[C@@H]3O)[C@@H](O)[C@H]2O)C=CC1.O=O>>C[C@H](NCC1(O)C=CC(OCc2cccc(F)c2)=CC1O)C(N)=O.NC(=O)c1ccc[n+]([C@@H]2O[C@H](COP(=O)(O)OP(=O)(O)OC[C@H]3O[C@@H](n4cnc5c(N)ncnc54)[C@H](OP(=O)(O)O)[C@@H]3O)[C@@H](O)[C@H]2O)c1
rule0001_88
rule0094_1
No_Thermo
No_Thermo

Time used for pathway ranking: 0.00 minutes

Job name: starter_00042
Job type: pathway visualization
Job started on: 2026-02-13 01:44:16.399723
pygraphviz is NOT installed.
A custom node layout will be used for pathway visualization
Number of pathways:  1
Number of reactions in reaxys:  0
Working on creating pages
You can adjust multi-processing number to speed up PDF generation
page done: 1
Finished with pages, writing to pdf
Time used for pathway visualization: 0.01 minutes

A custom node layout was used for pathway visualization
For a better layout, please install pygraphviz and Graphviz with the following command:
conda install conda-forge::pygraphviz
which should install both packages together

[Worker 13] Finished [43/51] SUCCESS | Molecules: 23063 | Targets: 23042 | Time: 10.48h | SMILES: C[C@H](NCC1=CC=C(OCC2=CC(F)=CC=C2)C=C1)C...
[Worker 13] Shutting down. Processed 3 molecules.
Finished with pages, writing to pdf
Time used for pathway visualization: 0.02 minutes

A custom node layout was used for pathway visualization
For a better layout, please install pygraphviz and Graphviz with the following command:
conda install conda-forge::pygraphviz
which should install both packages together

[Worker 24] Finished [24/51] SUCCESS | Molecules: 1730 | Targets: 1712 | Time: 22.7m | SMILES: CCS(=O)(=O)N1CC(CC#N)(C1)N1C=C(C=N1)C1=N...
[Worker 24] Starting [46/51] SMILES: CCOC1=C(OC)C=CC(=C1)[C@@H](CS(C)(=O)=O)N1C(=O)C2=CC=CC(NC(C)...
Job name: starter_00045
Job type: enzymatic network expansion forward
Ruleset: JN3604IMT (JN3604IMT_rules.tsv)
Job started on: 2026-02-12 15:23:43.042354
Number of generations: 2
Number of operators loaded: 3571
Number of molecules before expantion (including cofactors): 42
Number of molecules after expantion (including cofactors): 17437
Number of reactions: 35450
Time used for network generation: 714.63 minutes

Job name: starter_00045
Job type: post-processing pretreat networks
Job started on: 2026-02-13 03:18:33.299822
Loading networks, it may take a while if loading large networks from file
Loading network 1 from memory
Number of reations in network 1: 35450
Networks loaded, now generating reaction strings
Reaction strings generation finished
Removing unconnected reactions
Unconnected reactions removed
Total number of reactions after pretreatment: 35065
Time used for network pretreatment: 0.02 minutes

Job name: starter_00045
Job type: pathway search
Job started on: 2026-02-13 03:18:34.637642
Pathway finder started, total number of reactions in network 35065
Searching for pathways.
If it is taking too long, try adjusting pruning parameters
Pathway search finished, removing loops if there's any.
Time used for pathway search: 0.18 minutes
1 pathways found!
2 reactions found in all pathways
Min number of reactions in a pathway: 2
Max number of reactions in a pathway: 2
Pruning parameters for this search:
search_depth: 2
max_num_rxns: 2
min_rxn_atom_economy: 0.3

Job name: starter_00045
Job type: pathway ranking
Job started on: 2026-02-13 03:18:45.540660
Start ranking pathways. Number of pathways after sanitization: 1
Reaction thermodynamics ranking working
Reaction thermodynamics ranking finished
Atom economy ranking working
Min_eco 0.6630557992477873
Max_eco 0.6630557992477873
None_eco 0
Atom_economy ranking finished
Number of steps ranking working
Number of steps ranking finished
By product_number ranking working
You can adjust multi-processing number to speed it up
By product_number ranking finished
min score 6.0
max score 6.0

Pathway ranking finished. Pathway scores:

ranking 1
final score 6.0
Max reaction enthalpy score 0  x  2  =  0
Number of reactions score 1.0  x  4  =  4.0
By-product score 1.0  x  2  =  2.0
Pathway atom economy score 0.0  x  1  =  0.0
Salt score 0  x  0  =  0
Reaxys score 0  x  0  =  0
Cool score 0  x  0  =  0
atom economy 0.6630557992477873
pathway by-product 0
intermediate by-product {None: 0}
CCOc1cc(-c2ccc(NC(C)=O)c3c2C(=O)N([C@H](CS(C)(=O)=O)c2ccc(OC)c(OCC)c2)C3=O)ccc1OC>>CCOc1cc(-c2c(C)cc(NC(C)=O)c3c2C(=O)N([C@H](CS(C)(=O)=O)c2ccc(OC)c(OC)c2)C3=O)ccc1OC
CCOc1cc([C@@H](CS(C)(=O)=O)N2C(=O)c3cccc(NC(C)=O)c3C2=O)ccc1OC.CCOc1cc([C@@H](CS(C)(=O)=O)N2C(=O)c3cccc(NC(C)=O)c3C2=O)ccc1OC>>CC(=O)Nc1cccc2c1C(=O)N(CCS(C)(=O)=O)C2=O.CCOc1cc(-c2ccc(NC(C)=O)c3c2C(=O)N([C@H](CS(C)(=O)=O)c2ccc(OC)c(OCC)c2)C3=O)ccc1OC
rule0028_51
rule0126_2
No_Thermo
No_Thermo

Time used for pathway ranking: 0.00 minutes

Job name: starter_00045
Job type: pathway visualization
Job started on: 2026-02-13 03:18:45.648319
pygraphviz is NOT installed.
A custom node layout will be used for pathway visualization
Number of pathways:  1
Number of reactions in reaxys:  0
Working on creating pages
You can adjust multi-processing number to speed up PDF generation
page done: 1
Finished with pages, writing to pdf
Time used for pathway visualization: 0.02 minutes

A custom node layout was used for pathway visualization
For a better layout, please install pygraphviz and Graphviz with the following command:
conda install conda-forge::pygraphviz
which should install both packages together

[Worker 24] Finished [46/51] SUCCESS | Molecules: 17437 | Targets: 17415 | Time: 11.92h | SMILES: CCOC1=C(OC)C=CC(=C1)[C@@H](CS(C)(=O)=O)N...
[Worker 24] Shutting down. Processed 2 molecules.
Finished with pages, writing to pdf
Time used for pathway visualization: 0.02 minutes

A custom node layout was used for pathway visualization
For a better layout, please install pygraphviz and Graphviz with the following command:
conda install conda-forge::pygraphviz
which should install both packages together

[Worker 9] Finished [47/51] SUCCESS | Molecules: 711 | Targets: 695 | Time: 5.5m | SMILES: NS(=O)(=O)CC1=NOC2=CC=CC=C12...
[Worker 9] Starting [50/51] SMILES: COC1=CC=C(CC(C)NCC(O)C2=CC(NC=O)=C(O)C=C2)C=C1...
Job name: starter_00049
Job type: enzymatic network expansion forward
Ruleset: JN3604IMT (JN3604IMT_rules.tsv)
Job started on: 2026-02-12 15:31:18.707817
Number of generations: 2
Number of operators loaded: 3571
Number of molecules before expantion (including cofactors): 42
Number of molecules after expantion (including cofactors): 36666
Number of reactions: 58172
Time used for network generation: 899.20 minutes

Job name: starter_00049
Job type: post-processing pretreat networks
Job started on: 2026-02-13 06:30:51.138840
Loading networks, it may take a while if loading large networks from file
Loading network 1 from memory
Number of reations in network 1: 58172
Networks loaded, now generating reaction strings
Reaction strings generation finished
Removing unconnected reactions
Unconnected reactions removed
Total number of reactions after pretreatment: 57911
Time used for network pretreatment: 0.03 minutes

Job name: starter_00049
Job type: pathway search
Job started on: 2026-02-13 06:30:53.240111
Pathway finder started, total number of reactions in network 57911
Searching for pathways.
If it is taking too long, try adjusting pruning parameters
Pathway search finished, removing loops if there's any.
Time used for pathway search: 0.26 minutes
1 pathways found!
2 reactions found in all pathways
Min number of reactions in a pathway: 2
Max number of reactions in a pathway: 2
Pruning parameters for this search:
search_depth: 2
max_num_rxns: 2
min_rxn_atom_economy: 0.3

Job name: starter_00049
Job type: pathway ranking
Job started on: 2026-02-13 06:31:08.583675
Start ranking pathways. Number of pathways after sanitization: 1
Reaction thermodynamics ranking working
Reaction thermodynamics ranking finished
Atom economy ranking working
Min_eco 1
Max_eco 1.0
None_eco 0
Atom_economy ranking finished
Number of steps ranking working
Number of steps ranking finished
By product_number ranking working
You can adjust multi-processing number to speed it up
By product_number ranking finished
min score 6.0
max score 6.0

Pathway ranking finished. Pathway scores:

ranking 1
final score 6.0
Max reaction enthalpy score 0  x  2  =  0
Number of reactions score 1.0  x  4  =  4.0
By-product score 1.0  x  2  =  2.0
Pathway atom economy score 0.0  x  1  =  0.0
Salt score 0  x  0  =  0
Reaxys score 0  x  0  =  0
Cool score 0  x  0  =  0
atom economy 1.0
pathway by-product 0
intermediate by-product {None: 0}
COc1ccc(CC(C)NCC(O)c2ccc(O)c(NC=O)c2)cc1.O=c1ccn([C@@H]2O[C@H](COP(=O)(O)OP(=O)(O)O[C@H]3O[C@H](CO)[C@@H](O)[C@H](O)[C@H]3O)[C@@H](O)[C@H]2O)c(=O)[nH]1>>COc1ccc(CC(C)NCC(O[C@H]2O[C@H](CO)[C@@H](O)[C@H](O)[C@H]2O)c2ccc(O)c(NC=O)c2)cc1.O=c1ccn([C@@H]2O[C@H](COP(=O)(O)OP(=O)(O)O)[C@@H](O)[C@H]2O)c(=O)[nH]1
COc1ccc(CC(C)NCC(O[C@H]2O[C@H](CO)[C@@H](O)[C@H](O)[C@H]2O)c2ccc(O)c(NC=O)c2)cc1>>COc1ccc(CC(C)NCC2O[C@H]3O[C@H](COc4c2ccc(O)c4NCO)[C@@H](O)[C@H](O)[C@H]3O)cc1
rule0009_35
rule0169_1
No_Thermo
No_Thermo

Time used for pathway ranking: 0.00 minutes

Job name: starter_00049
Job type: pathway visualization
Job started on: 2026-02-13 06:31:08.753012
pygraphviz is NOT installed.
A custom node layout will be used for pathway visualization
Number of pathways:  1
Number of reactions in reaxys:  0
Working on creating pages
You can adjust multi-processing number to speed up PDF generation
page done: 1
Finished with pages, writing to pdf
Time used for pathway visualization: 0.02 minutes

A custom node layout was used for pathway visualization
For a better layout, please install pygraphviz and Graphviz with the following command:
conda install conda-forge::pygraphviz
which should install both packages together

[Worker 9] Finished [50/51] SUCCESS | Molecules: 36666 | Targets: 36646 | Time: 15.00h | SMILES: COC1=CC=C(CC(C)NCC(O)C2=CC(NC=O)=C(O)C=C...
[Worker 9] Shutting down. Processed 3 molecules.
[Worker 26] Starting [26/51] SMILES: CC(C)C[C@H](NC(=O)CNC(=O)C1=C(Cl)C=CC(Cl)=C1)B(O)O...
Job name: starter_00025
Job type: enzymatic network expansion forward
Ruleset: JN3604IMT (JN3604IMT_rules.tsv)
Job started on: 2026-02-12 15:01:01.963070
Number of generations: 2
Number of operators loaded: 3571
Number of molecules before expantion (including cofactors): 42
Number of molecules after expantion (including cofactors): 50298
Number of reactions: 66991
Time used for network generation: 1344.06 minutes

Job name: starter_00025
Job type: post-processing pretreat networks
Job started on: 2026-02-13 13:25:31.539637
Loading networks, it may take a while if loading large networks from file
Loading network 1 from memory
Number of reations in network 1: 66991
Networks loaded, now generating reaction strings
Reaction strings generation finished
Removing unconnected reactions
Unconnected reactions removed
Total number of reactions after pretreatment: 66781
Time used for network pretreatment: 0.04 minutes

Job name: starter_00025
Job type: pathway search
Job started on: 2026-02-13 13:25:33.959944
Pathway finder started, total number of reactions in network 66781
Searching for pathways.
If it is taking too long, try adjusting pruning parameters
Pathway search finished, removing loops if there's any.
Time used for pathway search: 0.31 minutes
1 pathways found!
2 reactions found in all pathways
Min number of reactions in a pathway: 2
Max number of reactions in a pathway: 2
Pruning parameters for this search:
search_depth: 2
max_num_rxns: 2
min_rxn_atom_economy: 0.3

Job name: starter_00025
Job type: pathway ranking
Job started on: 2026-02-13 13:25:52.813043
Start ranking pathways. Number of pathways after sanitization: 1
Reaction thermodynamics ranking working
Reaction thermodynamics ranking finished
Atom economy ranking working
Min_eco 1
Max_eco 1.0
None_eco 0
Atom_economy ranking finished
Number of steps ranking working
Number of steps ranking finished
By product_number ranking working
You can adjust multi-processing number to speed it up
By product_number ranking finished
min score 6.0
max score 6.0

Pathway ranking finished. Pathway scores:

ranking 1
final score 6.0
Max reaction enthalpy score 0  x  2  =  0
Number of reactions score 1.0  x  4  =  4.0
By-product score 1.0  x  2  =  2.0
Pathway atom economy score 0.0  x  1  =  0.0
Salt score 0  x  0  =  0
Reaxys score 0  x  0  =  0
Cool score 0  x  0  =  0
atom economy 1.0
pathway by-product 0
intermediate by-product {None: 0}
CC(C)C[C@H](NC(=O)CNC(=O)c1c(Cl)ccc(Cl)c1C(O)(NCC(=O)N[C@@H](CC(C)C)B(O)O)c1cc(Cl)ccc1Cl)B(O)O>>CC(C)C[C@H](NC(=O)CNC(=O)c1c(Cl)ccc(Cl)c1C(O)(NCC(C)(C)C[C@H](NC=O)B(O)O)c1cc(Cl)ccc1Cl)B(O)O
CC(C)C[C@H](NC(=O)CNC(=O)c1cc(Cl)ccc1Cl)B(O)O.CC(C)C[C@H](NC(=O)CNC(=O)c1cc(Cl)ccc1Cl)B(O)O>>CC(C)C[C@H](NC(=O)CNC(=O)c1c(Cl)ccc(Cl)c1C(O)(NCC(=O)N[C@@H](CC(C)C)B(O)O)c1cc(Cl)ccc1Cl)B(O)O
rule0028_51
rule0051_21
No_Thermo
No_Thermo

Time used for pathway ranking: 0.00 minutes

Job name: starter_00025
Job type: pathway visualization
Job started on: 2026-02-13 13:25:52.984642
pygraphviz is NOT installed.
A custom node layout will be used for pathway visualization
Number of pathways:  1
Number of reactions in reaxys:  0
Working on creating pages
You can adjust multi-processing number to speed up PDF generation
page done: 1
Finished with pages, writing to pdf
Time used for pathway visualization: 0.01 minutes

A custom node layout was used for pathway visualization
For a better layout, please install pygraphviz and Graphviz with the following command:
conda install conda-forge::pygraphviz
which should install both packages together

[Worker 26] Finished [26/51] SUCCESS | Molecules: 50298 | Targets: 50278 | Time: 22.41h | SMILES: CC(C)C[C@H](NC(=O)CNC(=O)C1=C(Cl)C=CC(Cl...
[Worker 26] Shutting down. Processed 1 molecules.
[Worker 20] Starting [20/51] SMILES: CC(C)C[C@H](NC(=O)[C@H](CC1=CC=CC=C1)NC(=O)C1=CN=CC=N1)B(O)O...
Job name: starter_00019
Job type: enzymatic network expansion forward
Ruleset: JN3604IMT (JN3604IMT_rules.tsv)
Job started on: 2026-02-12 15:01:01.934655
Number of generations: 2
Number of operators loaded: 3571
Number of molecules before expantion (including cofactors): 42
Number of molecules after expantion (including cofactors): 61291
Number of reactions: 88519
Time used for network generation: 2477.56 minutes

Job name: starter_00019
Job type: post-processing pretreat networks
Job started on: 2026-02-14 08:19:09.714308
Loading networks, it may take a while if loading large networks from file
Loading network 1 from memory
Number of reations in network 1: 88519
Networks loaded, now generating reaction strings
Reaction strings generation finished
Removing unconnected reactions
Unconnected reactions removed
Total number of reactions after pretreatment: 88072
Time used for network pretreatment: 0.05 minutes

Job name: starter_00019
Job type: pathway search
Job started on: 2026-02-14 08:19:12.920961
Pathway finder started, total number of reactions in network 88072
Searching for pathways.
If it is taking too long, try adjusting pruning parameters
Pathway search finished, removing loops if there's any.
Time used for pathway search: 0.41 minutes
2 pathways found!
4 reactions found in all pathways
Min number of reactions in a pathway: 2
Max number of reactions in a pathway: 2
Pruning parameters for this search:
search_depth: 2
max_num_rxns: 2
min_rxn_atom_economy: 0.3

Job name: starter_00019
Job type: pathway ranking
Job started on: 2026-02-14 08:19:37.842423
Start ranking pathways. Number of pathways after sanitization: 2
Reaction thermodynamics ranking working
Reaction thermodynamics ranking finished
Atom economy ranking working
Min_eco 0.3922068671202866
Max_eco 0.48733862812468587
None_eco 0
Atom_economy ranking finished
Number of steps ranking working
Number of steps ranking finished
By product_number ranking working
You can adjust multi-processing number to speed it up
By product_number ranking finished
min score 6.0
max score 7.0

Pathway ranking finished. Pathway scores:

ranking 1
final score 7.0
Max reaction enthalpy score 0  x  2  =  0
Number of reactions score 1.0  x  4  =  4.0
By-product score 1.0  x  2  =  2.0
Pathway atom economy score 1.0  x  1  =  1.0
Salt score 0  x  0  =  0
Reaxys score 0  x  0  =  0
Cool score 0  x  0  =  0
atom economy 0.48733862812468587
pathway by-product 0
intermediate by-product {None: 0}
CC(C)=CCOP(=O)(O)OP(=O)(O)O.CC(C)C[C@H](NC(=O)[C@H](Cc1ccccc1)NC(=O)c1cnc(C(C)C)cn1)B(O)O>>CC(C)=CCc1ccccc1C[C@H](NC(=O)c1cnc(C(C)C)cn1)C(=O)N[C@@H](CC(C)C)B(O)O.O=P(O)(O)OP(=O)(O)O
CC(C)C[C@H](NC(=O)[C@H](Cc1ccccc1)NC(=O)c1cnccn1)B(O)O.CC(C)C[C@H](NC(=O)[C@H](Cc1ccccc1)NC(=O)c1cnccn1)B(O)O>>CC(C)C[C@H](NC(=O)[C@H](Cc1ccccc1)NC(=O)c1cnc(C(C)C)cn1)B(O)O.C[C@H](NC(=O)[C@H](Cc1ccccc1)NC(=O)c1cnccn1)B(O)O
rule0110_5
rule0126_2
No_Thermo
No_Thermo

ranking 2
final score 6.0
Max reaction enthalpy score 0  x  2  =  0
Number of reactions score 1.0  x  4  =  4.0
By-product score 1.0  x  2  =  2.0
Pathway atom economy score 0.0  x  1  =  0.0
Salt score 0  x  0  =  0
Reaxys score 0  x  0  =  0
Cool score 0  x  0  =  0
atom economy 0.3922068671202866
pathway by-product 0
intermediate by-product {None: 0}
CC(C)=CCOP(=O)(O)OP(=O)(O)O.CC(C)C[C@H](NC(=O)[C@H](Cc1ccccc1)NC(=O)c1cnccn1)B(O)O>>CC(C)=CCc1ccccc1C[C@H](NC(=O)c1cnccn1)C(=O)N[C@@H](CC(C)C)B(O)O.O=P(O)(O)OP(=O)(O)O
CC(C)=CCc1ccccc1C[C@H](NC(=O)c1cnccn1)C(=O)N[C@@H](CC(C)C)B(O)O.CC(C)=CCc1ccccc1C[C@H](NC(=O)c1cnccn1)C(=O)N[C@@H](CC(C)C)B(O)O>>CC(C)=CCc1ccccc1C[C@H](NC(=O)c1cnc(C(C)C)cn1)C(=O)N[C@@H](CC(C)C)B(O)O.CC(C)=CCc1ccccc1C[C@H](NC(=O)c1cnccn1)C(=O)N[C@@H](C)B(O)O
rule0110_5
rule0126_2
No_Thermo
No_Thermo

Time used for pathway ranking: 0.00 minutes

Job name: starter_00019
Job type: pathway visualization
Job started on: 2026-02-14 08:19:38.016009
pygraphviz is NOT installed.
A custom node layout will be used for pathway visualization
Number of pathways:  2
Number of reactions in reaxys:  0
Working on creating pages
You can adjust multi-processing number to speed up PDF generation
page done: 1
page done: 2
Finished with pages, writing to pdf
Time used for pathway visualization: 0.03 minutes

A custom node layout was used for pathway visualization
For a better layout, please install pygraphviz and Graphviz with the following command:
conda install conda-forge::pygraphviz
which should install both packages together

[Worker 20] Finished [20/51] SUCCESS | Molecules: 61291 | Targets: 61272 | Time: 41.31h | SMILES: CC(C)C[C@H](NC(=O)[C@H](CC1=CC=CC=C1)NC(...
[Worker 20] Shutting down. Processed 1 molecules.
Finished with pages, writing to pdf
Time used for pathway visualization: 0.02 minutes

A custom node layout was used for pathway visualization
For a better layout, please install pygraphviz and Graphviz with the following command:
conda install conda-forge::pygraphviz
which should install both packages together

[Worker 32] Finished [32/51] SUCCESS | Molecules: 263 | Targets: 244 | Time: 4.9m | SMILES: NC1=NC(=O)N(C=C1F)[C@@H]1CS[C@H](CO)O1...
[Worker 32] Starting [36/51] SMILES: CC(C)OC(=O)[C@H](C)N[P@](=O)(CO[C@H](C)CN1C=NC2=C(N)N=CN=C12...
Job name: starter_00035
Job type: enzymatic network expansion forward
Ruleset: JN3604IMT (JN3604IMT_rules.tsv)
Job started on: 2026-02-12 15:05:58.013381
Number of generations: 2
Number of operators loaded: 3571
Number of molecules before expantion (including cofactors): 42
Number of molecules after expantion (including cofactors): 23491
Number of reactions: 44254
Time used for network generation: 2828.66 minutes

Job name: starter_00035
Job type: post-processing pretreat networks
Job started on: 2026-02-14 14:14:54.032950
Loading networks, it may take a while if loading large networks from file
Loading network 1 from memory
Number of reations in network 1: 44254
Networks loaded, now generating reaction strings
Reaction strings generation finished
Removing unconnected reactions
Unconnected reactions removed
Total number of reactions after pretreatment: 43860
Time used for network pretreatment: 0.02 minutes

Job name: starter_00035
Job type: pathway search
Job started on: 2026-02-14 14:14:55.619120
Pathway finder started, total number of reactions in network 43860
Searching for pathways.
If it is taking too long, try adjusting pruning parameters
Pathway search finished, removing loops if there's any.
Time used for pathway search: 0.22 minutes
4 pathways found!
4 reactions found in all pathways
Min number of reactions in a pathway: 2
Max number of reactions in a pathway: 2
Pruning parameters for this search:
search_depth: 2
max_num_rxns: 2
min_rxn_atom_economy: 0.3

Job name: starter_00035
Job type: pathway ranking
Job started on: 2026-02-14 14:15:08.740040
Start ranking pathways. Number of pathways after sanitization: 4
Reaction thermodynamics ranking working
Reaction thermodynamics ranking finished
Atom economy ranking working
Min_eco 0.771772368135754
Max_eco 0.7844892132861913
None_eco 0
Atom_economy ranking finished
Number of steps ranking working
Number of steps ranking finished
By product_number ranking working
You can adjust multi-processing number to speed it up
By product_number ranking finished
min score 6.0
max score 7.0

Pathway ranking finished. Pathway scores:

ranking 1
final score 7.0
Max reaction enthalpy score 0  x  2  =  0
Number of reactions score 1.0  x  4  =  4.0
By-product score 1.0  x  2  =  2.0
Pathway atom economy score 1.0  x  1  =  1.0
Salt score 0  x  0  =  0
Reaxys score 0  x  0  =  0
Cool score 0  x  0  =  0
atom economy 0.7844892132861913
pathway by-product 0
intermediate by-product {None: 0}
CC(C)OC(=O)[C@H](C)N[P@](=O)(CO[C@H](C)Cn1cnc2c(N)ncnc21)Oc1ccccc1.CC(C)OC(=O)[C@H](C)N[P@](=O)(CO[C@H](C)Cn1cnc2c(N)ncnc21)Oc1ccccc1>>CC(C)OC(=O)[C@H](C)N[P@](=O)(CO[C@H](C)c1ccccc1O[P@@](=O)(CO[C@H](C)Cn1cnc2c(N)ncnc21)N[C@@H](C)C(=O)OC(C)C)Oc1ccccc1.Cn1cnc2c(N)ncnc21
CC(C)OC(=O)[C@H](C)N[P@](=O)(CO[C@H](C)c1ccccc1O[P@@](=O)(CO[C@H](C)Cn1cnc2c(N)ncnc21)N[C@@H](C)C(=O)OC(C)C)Oc1ccccc1.O>>CC(C)O.CC(C)OC(=O)[C@H](C)N[P@](=O)(CO[C@H](C)Cn1cnc2c(N)ncnc21)Oc1ccccc1[C@@H](C)OC[P@@](=O)(N[C@@H](C)C(=O)O)Oc1ccccc1
rule0126_2
rule0007_186
No_Thermo
No_Thermo

ranking 2
final score 7.0
Max reaction enthalpy score 0  x  2  =  0
Number of reactions score 1.0  x  4  =  4.0
By-product score 1.0  x  2  =  2.0
Pathway atom economy score 1.0  x  1  =  1.0
Salt score 0  x  0  =  0
Reaxys score 0  x  0  =  0
Cool score 0  x  0  =  0
atom economy 0.7844892132861913
pathway by-product 0
intermediate by-product {None: 0}
CC(C)OC(=O)[C@H](C)N[P@](=O)(CO[C@H](C)Cn1cnc2c(N)ncnc21)Oc1ccccc1.CC(C)OC(=O)[C@H](C)N[P@](=O)(CO[C@H](C)Cn1cnc2c(N)ncnc21)Oc1ccccc1>>CC(C)OC(=O)[C@H](C)N[P@](=O)(CO[C@H](C)c1ccccc1O[P@@](=O)(CO[C@H](C)Cn1cnc2c(N)ncnc21)N[C@@H](C)C(=O)OC(C)C)Oc1ccccc1.Cn1cnc2c(N)ncnc21
CC(C)OC(=O)[C@H](C)N[P@](=O)(CO[C@H](C)c1ccccc1O[P@@](=O)(CO[C@H](C)Cn1cnc2c(N)ncnc21)N[C@@H](C)C(=O)OC(C)C)Oc1ccccc1.O>>CC(C)O.CC(C)OC(=O)[C@H](C)N[P@](=O)(CO[C@H](C)Cn1cnc2c(N)ncnc21)Oc1ccccc1[C@@H](C)OC[P@@](=O)(N[C@@H](C)C(=O)O)Oc1ccccc1
rule0126_2
rule0007_185
No_Thermo
No_Thermo

ranking 3
final score 7.0
Max reaction enthalpy score 0  x  2  =  0
Number of reactions score 1.0  x  4  =  4.0
By-product score 1.0  x  2  =  2.0
Pathway atom economy score 1.0  x  1  =  1.0
Salt score 0  x  0  =  0
Reaxys score 0  x  0  =  0
Cool score 0  x  0  =  0
atom economy 0.7844892132861913
pathway by-product 0
intermediate by-product {None: 0}
CC(C)OC(=O)[C@H](C)N[P@](=O)(CO[C@H](C)Cn1cnc2c(N)ncnc21)Oc1ccccc1.CC(C)OC(=O)[C@H](C)N[P@](=O)(CO[C@H](C)Cn1cnc2c(N)ncnc21)Oc1ccccc1>>CC(C)OC(=O)[C@H](C)N[P@](=O)(CO[C@H](C)c1ccccc1O[P@@](=O)(CO[C@H](C)Cn1cnc2c(N)ncnc21)N[C@@H](C)C(=O)OC(C)C)Oc1ccccc1.Cn1cnc2c(N)ncnc21
CC(C)OC(=O)[C@H](C)N[P@](=O)(CO[C@H](C)c1ccccc1O[P@@](=O)(CO[C@H](C)Cn1cnc2c(N)ncnc21)N[C@@H](C)C(=O)OC(C)C)Oc1ccccc1.Nc1ncnc2c1ncn2[C@@H]1O[C@H](COP(=O)(O)O)[C@@H](O)[C@H]1O.O=P(O)(O)OP(=O)(O)O>>CC(C)O.CC(C)OC(=O)[C@H](C)N[P@](=O)(CO[C@H](C)Cn1cnc2c(N)ncnc21)Oc1ccccc1[C@@H](C)OC[P@@](=O)(N[C@@H](C)C(=O)O)Oc1ccccc1.Nc1ncnc2c1ncn2[C@@H]1O[C@H](COP(=O)(O)OP(=O)(O)OP(=O)(O)O)[C@@H](O)[C@H]1O
rule0126_2
rule0846_2
No_Thermo
No_Thermo

ranking 4
final score 6.0
Max reaction enthalpy score 0  x  2  =  0
Number of reactions score 1.0  x  4  =  4.0
By-product score 1.0  x  2  =  2.0
Pathway atom economy score 0.0  x  1  =  0.0
Salt score 0  x  0  =  0
Reaxys score 0  x  0  =  0
Cool score 0  x  0  =  0
atom economy 0.771772368135754
pathway by-product 0
intermediate by-product {None: 0}
CC(C)OC(=O)[C@H](C)N[P@](=O)(CO[C@H](C)Cn1cnc2c(N)ncnc21)Oc1ccccc1.CC(C)OC(=O)[C@H](C)N[P@](=O)(CO[C@H](C)Cn1cnc2c(N)ncnc21)Oc1ccccc1>>CC(C)OC(=O)[C@H](C)N[P@](=O)(CO[C@H](C)c1ccccc1O[P@@](=O)(CO[C@H](C)Cn1cnc2c(N)ncnc21)N[C@@H](C)C(=O)OC(C)C)Oc1ccccc1.Cn1cnc2c(N)ncnc21
CC(C)OC(=O)[C@H](C)N[P@](=O)(CO[C@H](C)c1ccccc1O[P@@](=O)(CO[C@H](C)Cn1cnc2c(N)ncnc21)N[C@@H](C)C(=O)OC(C)C)Oc1ccccc1.NC(=O)C1=CN([C@@H]2O[C@H](COP(=O)(O)OP(=O)(O)OC[C@H]3O[C@@H](n4cnc5c(N)ncnc54)[C@H](OP(=O)(O)O)[C@@H]3O)[C@@H](O)[C@H]2O)C=CC1.O=O>>CC(C)=O.CC(C)OC(=O)[C@H](C)N[P@](=O)(CO[C@H](C)Cn1cnc2c(N)ncnc21)Oc1ccccc1[C@@H](C)OC[P@@](=O)(N[C@@H](C)C(=O)O)Oc1ccccc1.NC(=O)c1ccc[n+]([C@@H]2O[C@H](COP(=O)(O)OP(=O)(O)OC[C@H]3O[C@@H](n4cnc5c(N)ncnc54)[C@H](OP(=O)(O)O)[C@@H]3O)[C@@H](O)[C@H]2O)c1.O
rule0126_2
rule0491_2
No_Thermo
No_Thermo

Time used for pathway ranking: 0.00 minutes

Job name: starter_00035
Job type: pathway visualization
Job started on: 2026-02-14 14:15:08.899701
pygraphviz is NOT installed.
A custom node layout will be used for pathway visualization
Number of pathways:  4
Number of reactions in reaxys:  0
Working on creating pages
You can adjust multi-processing number to speed up PDF generation
page done: 1
page done: 2
page done: 3
page done: 4
Finished with pages, writing to pdf
Time used for pathway visualization: 0.03 minutes

A custom node layout was used for pathway visualization
For a better layout, please install pygraphviz and Graphviz with the following command:
conda install conda-forge::pygraphviz
which should install both packages together

[Worker 32] Finished [36/51] SUCCESS | Molecules: 23491 | Targets: 23471 | Time: 47.15h | SMILES: CC(C)OC(=O)[C@H](C)N[P@](=O)(CO[C@H](C)C...
[Worker 32] Shutting down. Processed 2 molecules.
Finished with pages, writing to pdf
Time used for pathway visualization: 0.03 minutes

A custom node layout was used for pathway visualization
For a better layout, please install pygraphviz and Graphviz with the following command:
conda install conda-forge::pygraphviz
which should install both packages together

[Worker 19] Finished [42/51] SUCCESS | Molecules: 1070 | Targets: 1055 | Time: 18.9m | SMILES: CN1N=NC(=N1)C1=CC=C(C=N1)C1=CC=C(C=C1F)N...
[Worker 19] Starting [49/51] SMILES: CCCCC(=O)N(CC1=CC=C(C=C1)C1=C(C=CC=C1)C1=NN=NN1)[C@@H](C(C)C...
Job name: starter_00048
Job type: enzymatic network expansion forward
Ruleset: JN3604IMT (JN3604IMT_rules.tsv)
Job started on: 2026-02-12 15:30:15.240293
Number of generations: 2
Number of operators loaded: 3571
Number of molecules before expantion (including cofactors): 42
Number of molecules after expantion (including cofactors): 51219
Number of reactions: 108968
Time used for network generation: 3629.35 minutes

Job name: starter_00048
Job type: post-processing pretreat networks
Job started on: 2026-02-15 03:59:59.397420
Loading networks, it may take a while if loading large networks from file
Loading network 1 from memory
Number of reations in network 1: 108968
Networks loaded, now generating reaction strings
Reaction strings generation finished
Removing unconnected reactions
Unconnected reactions removed
Total number of reactions after pretreatment: 108578
Time used for network pretreatment: 0.05 minutes

Job name: starter_00048
Job type: pathway search
Job started on: 2026-02-15 04:00:02.904871
Pathway finder started, total number of reactions in network 108578
Searching for pathways.
If it is taking too long, try adjusting pruning parameters
Pathway search finished, removing loops if there's any.
Time used for pathway search: 0.45 minutes
2 pathways found!
4 reactions found in all pathways
Min number of reactions in a pathway: 2
Max number of reactions in a pathway: 2
Pruning parameters for this search:
search_depth: 2
max_num_rxns: 2
min_rxn_atom_economy: 0.3

Job name: starter_00048
Job type: pathway ranking
Job started on: 2026-02-15 04:00:29.874398
Start ranking pathways. Number of pathways after sanitization: 2
Reaction thermodynamics ranking working
Reaction thermodynamics ranking finished
Atom economy ranking working
Min_eco 0.5644137690343675
Max_eco 0.5644137690343676
None_eco 0
Atom_economy ranking finished
Number of steps ranking working
Number of steps ranking finished
By product_number ranking working
You can adjust multi-processing number to speed it up
By product_number ranking finished
min score 6.0
max score 7.0

Pathway ranking finished. Pathway scores:

ranking 1
final score 7.0
Max reaction enthalpy score 0  x  2  =  0
Number of reactions score 1.0  x  4  =  4.0
By-product score 1.0  x  2  =  2.0
Pathway atom economy score 1.0  x  1  =  1.0
Salt score 0  x  0  =  0
Reaxys score 0  x  0  =  0
Cool score 0  x  0  =  0
atom economy 0.5644137690343676
pathway by-product 0
intermediate by-product {None: 0}
CCCCC(=O)N(Cc1ccc(-c2cc(CCCC)ccc2-c2nnn[nH]2)cc1)[C@H](C(=O)O)C(C)C>>CCCCC(=O)N1Cc2ccc(-c3cc(CCCC)ccc3-c3nnn[nH]3)cc2OC(O)[C@@H]1C(C)C
CCCCC(=O)N(Cc1ccc(-c2ccccc2-c2nnn[nH]2)cc1)[C@H](C(=O)O)C(C)C.CCCCC(=O)N(Cc1ccc(-c2ccccc2-c2nnn[nH]2)cc1)[C@H](C(=O)O)C(C)C>>CC(C)[C@@H](C(=O)O)N(C=O)Cc1ccc(-c2ccccc2-c2nnn[nH]2)cc1.CCCCC(=O)N(Cc1ccc(-c2cc(CCCC)ccc2-c2nnn[nH]2)cc1)[C@H](C(=O)O)C(C)C
rule0169_1
rule0126_2
No_Thermo
No_Thermo

ranking 2
final score 6.0
Max reaction enthalpy score 0  x  2  =  0
Number of reactions score 1.0  x  4  =  4.0
By-product score 1.0  x  2  =  2.0
Pathway atom economy score 0.0  x  1  =  0.0
Salt score 0  x  0  =  0
Reaxys score 0  x  0  =  0
Cool score 0  x  0  =  0
atom economy 0.5644137690343675
pathway by-product 0
intermediate by-product {None: 0}
CCCCC(=O)N(Cc1ccc(-c2ccccc2-c2nnn[nH]2)cc1)[C@H](C(=O)O)C(C)C>>CCCCC(=O)N1Cc2ccc(-c3ccccc3-c3nnn[nH]3)cc2OC(O)[C@@H]1C(C)C
CCCCC(=O)N1Cc2ccc(-c3ccccc3-c3nnn[nH]3)cc2OC(O)[C@@H]1C(C)C.CCCCC(=O)N1Cc2ccc(-c3ccccc3-c3nnn[nH]3)cc2OC(O)[C@@H]1C(C)C>>CC(C)[C@H]1C(O)Oc2cc(-c3ccccc3-c3nnn[nH]3)ccc2CN1C=O.CCCCC(=O)N1Cc2ccc(-c3cc(CCCC)ccc3-c3nnn[nH]3)cc2OC(O)[C@@H]1C(C)C
rule0169_1
rule0126_2
No_Thermo
No_Thermo

Time used for pathway ranking: 0.00 minutes

Job name: starter_00048
Job type: pathway visualization
Job started on: 2026-02-15 04:00:30.020722
pygraphviz is NOT installed.
A custom node layout will be used for pathway visualization
Number of pathways:  2
Number of reactions in reaxys:  0
Working on creating pages
You can adjust multi-processing number to speed up PDF generation
page done: 1
page done: 2
Finished with pages, writing to pdf
Time used for pathway visualization: 0.02 minutes

A custom node layout was used for pathway visualization
For a better layout, please install pygraphviz and Graphviz with the following command:
conda install conda-forge::pygraphviz
which should install both packages together

[Worker 19] Finished [49/51] SUCCESS | Molecules: 51219 | Targets: 51197 | Time: 60.50h | SMILES: CCCCC(=O)N(CC1=CC=C(C=C1)C1=C(C=CC=C1)C1...
[Worker 19] Shutting down. Processed 3 molecules.

--- Progress: 5/51 completed | Success: 5 | Failed: 0 | Elapsed since last update: 5.9m ---


--- Progress: 11/51 completed | Success: 11 | Failed: 0 | Elapsed since last update: 8.6m ---


--- Progress: 14/51 completed | Success: 14 | Failed: 0 | Elapsed since last update: 8.2m ---


--- Progress: 17/51 completed | Success: 17 | Failed: 0 | Elapsed since last update: 6.5m ---


--- Progress: 21/51 completed | Success: 21 | Failed: 0 | Elapsed since last update: 5.3m ---


--- Progress: 24/51 completed | Success: 24 | Failed: 0 | Elapsed since last update: 9.1m ---


--- Progress: 25/51 completed | Success: 25 | Failed: 0 | Elapsed since last update: 22.7m ---


--- Progress: 26/51 completed | Success: 26 | Failed: 0 | Elapsed since last update: 13.9m ---


--- Progress: 27/51 completed | Success: 27 | Failed: 0 | Elapsed since last update: 23.3m ---


--- Progress: 29/51 completed | Success: 29 | Failed: 0 | Elapsed since last update: 31.7m ---


--- Progress: 30/51 completed | Success: 30 | Failed: 0 | Elapsed since last update: 35.4m ---


--- Progress: 31/51 completed | Success: 31 | Failed: 0 | Elapsed since last update: 11.4m ---


--- Progress: 34/51 completed | Success: 34 | Failed: 0 | Elapsed since last update: 59.4m ---


--- Progress: 35/51 completed | Success: 35 | Failed: 0 | Elapsed since last update: 2.08h ---


--- Progress: 36/51 completed | Success: 36 | Failed: 0 | Elapsed since last update: 1.01h ---


--- Progress: 38/51 completed | Success: 38 | Failed: 0 | Elapsed since last update: 8.2m ---


--- Progress: 39/51 completed | Success: 39 | Failed: 0 | Elapsed since last update: 1.94h ---


--- Progress: 41/51 completed | Success: 41 | Failed: 0 | Elapsed since last update: 19.1m ---


--- Progress: 42/51 completed | Success: 42 | Failed: 0 | Elapsed since last update: 40.4m ---


--- Progress: 43/51 completed | Success: 43 | Failed: 0 | Elapsed since last update: 7.5m ---


--- Progress: 44/51 completed | Success: 44 | Failed: 0 | Elapsed since last update: 24.8m ---


--- Progress: 45/51 completed | Success: 45 | Failed: 0 | Elapsed since last update: 1.57h ---


--- Progress: 46/51 completed | Success: 46 | Failed: 0 | Elapsed since last update: 3.21h ---


--- Progress: 47/51 completed | Success: 47 | Failed: 0 | Elapsed since last update: 6.91h ---


--- Progress: 48/51 completed | Success: 48 | Failed: 0 | Elapsed since last update: 18.90h ---


--- Progress: 49/51 completed | Success: 49 | Failed: 0 | Elapsed since last update: 5.93h ---


--- Progress: 50/51 completed | Success: 50 | Failed: 0 | Elapsed since last update: 13.76h ---

[Worker 29] Starting [29/51] SMILES: CCOC(=O)[C@H](C)C[C@@H](CC1=CC=C(C=C1)C1=CC=CC=C1)NC(=O)CCC(...
Job name: starter_00028
Job type: enzymatic network expansion forward
Ruleset: JN3604IMT (JN3604IMT_rules.tsv)
Job started on: 2026-02-12 15:01:01.953654
