SMILES,Is_Starter,MolFormula,MolWeight,NumHeavyAtoms
C1=NC2=C(N1[C@H]3[C@@H]([C@@H]([C@H](O3)CO)O)O)NC(=O)NC2=O,True,C10H12N4O6,284.0757,20
Nc1ncnc2c1ncn2[C@@H]1O[C@H](COP(=O)(O)OP(=O)(O)OP(=O)(O)O)[C@@H](O)[C@H]1O,False,C10H16N5O13P3,506.9957,31
Nc1ncnc2c1ncn2[C@@H]1O[C@H](COP(=O)(O)O)[C@@H](O)[C@H]1O,False,C10H14N5O7P,347.0631,23
Cc1cc2nc3c(=O)[nH]c(=O)nc-3n(C[C@H](O)[C@H](O)[C@H](O)COP(=O)(O)OP(=O)(O)OC[C@H]3O[C@@H](n4cnc5c(N)ncnc54)[C@H](O)[C@@H]3O)c2cc1C,False,C27H33N9O15P2,785.1571,53
Cc1cc2c(cc1C)N(C[C@H](O)[C@H](O)[C@H](O)COP(=O)(O)OP(=O)(O)OC[C@H]1O[C@@H](n3cnc4c(N)ncnc43)[C@H](O)[C@@H]1O)c1[nH]c(=O)[nH]c(=O)c1N2,False,C27H35N9O15P2,787.1728,53
Nc1ncnc2c1ncn2[C@@H]1O[C@H](COP(=O)(O)OP(=O)(O)O)[C@@H](O)[C@H]1O,False,C10H15N5O10P2,427.0294,27
NC(=O)c1ccc[n+]([C@@H]2O[C@H](COP(=O)(O)OP(=O)(O)OC[C@H]3O[C@@H](n4cnc5c(N)ncnc54)[C@H](OP(=O)(O)O)[C@@H]3O)[C@@H](O)[C@H]2O)c1,False,C21H29N7O17P3+,744.0827,48
NC(=O)C1=CN([C@@H]2O[C@H](COP(=O)(O)OP(=O)(O)OC[C@H]3O[C@@H](n4cnc5c(N)ncnc54)[C@H](OP(=O)(O)O)[C@@H]3O)[C@@H](O)[C@H]2O)C=CC1,False,C21H30N7O17P3,745.0911,48
Nc1ncnc2c1ncn2[C@@H]1O[C@H](COP(=O)(O)OS(=O)(=O)O)[C@@H](OP(=O)(O)O)[C@H]1O,False,C10H15N5O13P2S,506.9862,31
Nc1ncnc2c1ncn2[C@@H]1O[C@H](COP(=O)(O)O)[C@@H](OP(=O)(O)O)[C@H]1O,False,C10H15N5O10P2,427.0294,27
C[S+](CC[C@H](N)C(=O)O)C[C@H]1O[C@@H](n2cnc3c(N)ncnc32)[C@H](O)[C@@H]1O,False,C15H23N6O5S+,399.1445,27
Nc1ncnc2c1ncn2[C@@H]1O[C@H](CSCC[C@H](N)C(=O)O)[C@@H](O)[C@H]1O,False,C14H20N6O5S,384.1216,26
O=c1ccn([C@@H]2O[C@H](COP(=O)(O)OP(=O)(O)O[C@H]3O[C@H](CO)[C@@H](O)[C@H](O)[C@H]3O)[C@@H](O)[C@H]2O)c(=O)[nH]1,False,C15H24N2O17P2,566.055,36
O=c1ccn([C@@H]2O[C@H](COP(=O)(O)OP(=O)(O)O)[C@@H](O)[C@H]2O)c(=O)[nH]1,False,C9H14N2O12P2,404.0022,25
*c1c(*)c(O)c(*)c(*)c1O,False,C6H2*4O2,106.0055,8
*C1=C(*)C(=O)C(*)=C(*)C1=O,False,C6*4O2,103.9898,8
CC(C)=CCOP(=O)(O)OP(=O)(O)O,False,C5H12O7P2,246.0058,14
O=P(O)(O)OP(=O)(O)O,False,H4O7P2,177.9432,9
*C(=O)CC[C@H](NC(=O)c1ccc(N(C=O)C[C@H]2CNc3nc(N)[nH]c(=O)c3N2)cc1)C(=O)O,False,C20H22*N7O6,456.1632,33
*C(=O)CC[C@H](NC(=O)c1ccc(NC[C@H]2CNc3nc(N)[nH]c(=O)c3N2)cc1)C(=O)O,False,C19H22*N7O5,428.1682,31
[O]C1=C(O)C(=O)O[C@@H]1[C@@H](O)CO,False,C6H7O6,175.0243,12
O=C1O[C@H]([C@@H](O)CO)C(O)=C1O,False,C6H8O6,176.0321,12
*C(=O)[C@H](C)OP(=O)(O)OC[C@@H](O)[C@@H](O)[C@@H](O)Cn1c2nc(=O)[nH]c(=O)c-2cc2ccc(O)cc21,False,C19H21*N3O11P,498.0914,34
*C(=O)[C@H](C)OP(=O)(O)OC[C@@H](O)[C@@H](O)[C@@H](O)CN1c2cc(O)ccc2Cc2c1[nH]c(=O)[nH]c2=O,False,C19H23*N3O11P,500.107,34
CC(=O)SCCNC(=O)CCNC(=O)[C@H](O)C(C)(C)COP(=O)(O)OP(=O)(O)OC[C@H]1O[C@@H](n2cnc3c(N)ncnc32)[C@H](O)[C@@H]1OP(=O)(O)O,False,C23H38N7O17P3S,809.1258,51
C#[O+],False,CHO+,29.0022,2
O=C=O,False,CO2,43.9898,3
O=C(O)O,False,CH2O3,62.0004,4
CC(C)(COP(=O)(O)OP(=O)(O)OC[C@H]1O[C@@H](n2cnc3c(N)ncnc32)[C@H](O)[C@@H]1OP(=O)(O)O)[C@@H](O)C(=O)NCCC(=O)NCCS,False,C21H36N7O16P3S,767.1152,48
[H+],False,H+,1.0073,0
OO,False,H2O2,34.0055,2
Br,False,HBr,79.9262,1
C#N,False,CHN,27.0109,2
Cl,False,HCl,35.9767,1
F,False,HF,20.0062,1
I,False,HI,127.9123,1
N,False,H3N,17.0265,1
O=O,False,O2,31.9898,2
O=P(O)(O)O,False,H3O4P,97.9769,5
O=S(=O)(O)O,False,H2O4S,97.9674,5
O=S(O)O,False,H2O3S,81.9725,4
O,False,H2O,18.0106,1
O=c1[nH]c(=O)c2ncn([C@@H]3O[C@H](CO)[C@@H](O)[C@H]3O)c2[nH]1,False,C10H12N4O6,284.0757,20
O=c1[nH]c(=O)c2ncn([C@@]3(CO)OC[C@@H](O)[C@H]3O)c2[nH]1,False,C10H12N4O6,284.0757,20
O=c1[nH]c(=O)c2ncn([C@@H]3O[C@H](COP(=O)(O)O)[C@@H](O)[C@H]3O)c2[nH]1,False,C10H13N4O9P,364.042,24
O=c1[nH]c(=O)c2ncn([C@@H]3O[C@H](CO)[C@@H](OP(=O)(O)O)[C@H]3O)c2[nH]1,False,C10H13N4O9P,364.042,24
O=c1[nH]c(=O)c2ncn([C@@H]3O[C@H](CO)[C@@H](O)[C@H]3OP(=O)(O)O)c2[nH]1,False,C10H13N4O9P,364.042,24
O=C[C@H]1O[C@@H](n2cnc3c(=O)[nH]c(=O)[nH]c32)[C@H](O)[C@@H]1O,False,C10H10N4O6,282.06,20
O=c1[nH]c(=O)c2ncn([C@@H]3O[C@H](CO)[C@@H](OS(=O)(=O)O)[C@H]3O)c2[nH]1,False,C10H12N4O9S,364.0325,24
O=c1[nH]c(=O)c2ncn([C@@H]3O[C@H](CO)[C@@H](O)[C@H]3OS(=O)(=O)O)c2[nH]1,False,C10H12N4O9S,364.0325,24
O=c1[nH]c(=O)c2ncn([C@@H]3O[C@H](COS(=O)(=O)O)[C@@H](O)[C@H]3O)c2[nH]1,False,C10H12N4O9S,364.0325,24
COC[C@H]1O[C@@H](n2cnc3c(=O)[nH]c(=O)[nH]c32)[C@H](O)[C@@H]1O,False,C11H14N4O6,298.0913,21
CO[C@H]1[C@@H](O)[C@H](n2cnc3c(=O)[nH]c(=O)[nH]c32)O[C@@H]1CO,False,C11H14N4O6,298.0913,21
CO[C@@H]1[C@H](O)[C@@H](CO)O[C@H]1n1cnc2c(=O)[nH]c(=O)[nH]c21,False,C11H14N4O6,298.0913,21
C[n+]1cn([C@@H]2O[C@H](CO)[C@@H](O)[C@H]2O)c2[nH]c(=O)[nH]c(=O)c21,False,C11H15N4O6+,299.0986,21
CC(=O)OC[C@H]1O[C@@H](n2cnc3c(=O)[nH]c(=O)[nH]c32)[C@H](O)[C@@H]1O,False,C12H14N4O7,326.0862,23
CC(=O)O[C@H]1[C@@H](O)[C@H](n2cnc3c(=O)[nH]c(=O)[nH]c32)O[C@@H]1CO,False,C12H14N4O7,326.0862,23
CC(=O)O[C@@H]1[C@H](O)[C@@H](CO)O[C@H]1n1cnc2c(=O)[nH]c(=O)[nH]c21,False,C12H14N4O7,326.0862,23
C[C@H]1O[C@@H](n2cnc3c(=O)[nH]c(=O)[nH]c32)[C@H](O)[C@@H]1O,False,C10H12N4O5,268.0808,19
O=C(O)[C@H]1O[C@@H](n2cnc3c(=O)[nH]c(=O)[nH]c32)[C@H](O)[C@@H]1O,False,C10H10N4O7,298.0549,21
O=c1[nH]c(=O)c2ncn([C@@H]3OC(CO)[C@@H](O)[C@H]3O)c2[nH]1,False,C10H12N4O6,284.0757,20
O=c1[nH]c(=O)c2ncn([C@@]3(COP(=O)(O)O)OC[C@@H](O)[C@H]3O)c2[nH]1,False,C10H13N4O9P,364.042,24
O=c1[nH]c(=O)c2ncn([C@@]3(CO)OC[C@@H](O)[C@H]3OP(=O)(O)O)c2[nH]1,False,C10H13N4O9P,364.042,24
O=c1[nH]c(=O)c2ncn([C@@]3(CO)OC[C@@H](OP(=O)(O)O)[C@H]3O)c2[nH]1,False,C10H13N4O9P,364.042,24
O=C[C@]1(n2cnc3c(=O)[nH]c(=O)[nH]c32)OC[C@@H](O)[C@H]1O,False,C10H10N4O6,282.06,20
O=c1[nH]c(=O)c2ncn([C@@]3(CO)OC[C@@H](O)[C@H]3OS(=O)(=O)O)c2[nH]1,False,C10H12N4O9S,364.0325,24
O=c1[nH]c(=O)c2ncn([C@@]3(CO)OC[C@@H](OS(=O)(=O)O)[C@H]3O)c2[nH]1,False,C10H12N4O9S,364.0325,24
O=c1[nH]c(=O)c2ncn([C@@]3(COS(=O)(=O)O)OC[C@@H](O)[C@H]3O)c2[nH]1,False,C10H12N4O9S,364.0325,24
COC[C@]1(n2cnc3c(=O)[nH]c(=O)[nH]c32)OC[C@@H](O)[C@H]1O,False,C11H14N4O6,298.0913,21
CO[C@@H]1[C@H](O)CO[C@]1(CO)n1cnc2c(=O)[nH]c(=O)[nH]c21,False,C11H14N4O6,298.0913,21
CO[C@@H]1CO[C@](CO)(n2cnc3c(=O)[nH]c(=O)[nH]c32)[C@@H]1O,False,C11H14N4O6,298.0913,21
CC(=O)OC[C@]1(n2cnc3c(=O)[nH]c(=O)[nH]c32)OC[C@@H](O)[C@H]1O,False,C12H14N4O7,326.0862,23
CC(=O)O[C@@H]1[C@H](O)CO[C@]1(CO)n1cnc2c(=O)[nH]c(=O)[nH]c21,False,C12H14N4O7,326.0862,23
CC(=O)O[C@@H]1CO[C@](CO)(n2cnc3c(=O)[nH]c(=O)[nH]c32)[C@@H]1O,False,C12H14N4O7,326.0862,23
C[C@]1(n2cnc3c(=O)[nH]c(=O)[nH]c32)OC[C@@H](O)[C@H]1O,False,C10H12N4O5,268.0808,19
O=C(O)[C@]1(n2cnc3c(=O)[nH]c(=O)[nH]c32)OC[C@@H](O)[C@H]1O,False,C10H10N4O7,298.0549,21
O=c1[nH]c(=O)c2ncn([C@@H]3OC[C@@](O)(COP(=O)(O)O)[C@H]3O)c2[nH]1,False,C10H13N4O9P,364.042,24
O=c1[nH]c(=O)c2ncn([C@@H]3OC[C@@H](O)[C@@]3(O)COP(=O)(O)O)c2[nH]1,False,C10H13N4O9P,364.042,24
O=c1[nH]c(=O)c2nc(COP(=O)(O)O)n([C@@H]3OC[C@@H](O)[C@H]3O)c2[nH]1,False,C10H13N4O9P,364.042,24
O=c1[nH]c(=O)c2ncn([C@@H]3O[C@@H]4COP(=O)(O)O[C@H]4[C@H]3O)c2[nH]1,False,C10H11N4O8P,346.0314,23
O=c1[nH]c(=O)c2ncn([C@@H]3O[C@@H]4COP(=O)(O)O[C@@H]3[C@@H]4O)c2[nH]1,False,C10H11N4O8P,346.0314,23
CO[C@H]1[C@@H](O)[C@H](n2cnc3c(=O)[nH]c(=O)[nH]c32)O[C@@H]1COP(=O)(O)O,False,C11H15N4O9P,378.0577,25
CO[C@@H]1[C@H](O)[C@@H](COP(=O)(O)O)O[C@H]1n1cnc2c(=O)[nH]c(=O)[nH]c21,False,C11H15N4O9P,378.0577,25
C[n+]1cn([C@@H]2O[C@H](COP(=O)(O)O)[C@@H](O)[C@H]2O)c2[nH]c(=O)[nH]c(=O)c21,False,C11H16N4O9P+,379.0649,25
O=c1[nH]c(=O)c2ncn([C@@H]3O[C@H](CO)[C@H]4OP(=O)(O)O[C@H]43)c2[nH]1,False,C10H11N4O8P,346.0314,23
O=C[C@H]1O[C@@H](n2cnc3c(=O)[nH]c(=O)[nH]c32)[C@H](O)[C@@H]1OP(=O)(O)O,False,C10H11N4O9P,362.0264,24
COC[C@H]1O[C@@H](n2cnc3c(=O)[nH]c(=O)[nH]c32)[C@H](O)[C@@H]1OP(=O)(O)O,False,C11H15N4O9P,378.0577,25
CO[C@@H]1[C@H](OP(=O)(O)O)[C@@H](CO)O[C@H]1n1cnc2c(=O)[nH]c(=O)[nH]c21,False,C11H15N4O9P,378.0577,25
C[n+]1cn([C@@H]2O[C@H](CO)[C@@H](OP(=O)(O)O)[C@H]2O)c2[nH]c(=O)[nH]c(=O)c21,False,C11H16N4O9P+,379.0649,25
C[C@H]1O[C@@H](n2cnc3c(=O)[nH]c(=O)[nH]c32)[C@H](O)[C@@H]1OP(=O)(O)O,False,C10H13N4O8P,348.0471,23
O=C[C@H]1O[C@@H](n2cnc3c(=O)[nH]c(=O)[nH]c32)[C@H](OP(=O)(O)O)[C@@H]1O,False,C10H11N4O9P,362.0264,24
COC[C@H]1O[C@@H](n2cnc3c(=O)[nH]c(=O)[nH]c32)[C@H](OP(=O)(O)O)[C@@H]1O,False,C11H15N4O9P,378.0577,25
CO[C@H]1[C@@H](OP(=O)(O)O)[C@H](n2cnc3c(=O)[nH]c(=O)[nH]c32)O[C@@H]1CO,False,C11H15N4O9P,378.0577,25
C[n+]1cn([C@@H]2O[C@H](CO)[C@@H](O)[C@H]2OP(=O)(O)O)c2[nH]c(=O)[nH]c(=O)c21,False,C11H16N4O9P+,379.0649,25
C[C@H]1O[C@@H](n2cnc3c(=O)[nH]c(=O)[nH]c32)[C@H](OP(=O)(O)O)[C@@H]1O,False,C10H13N4O8P,348.0471,23
O=c1[nH]c(=O)c2ncn([C@@H]3O[C@]4(CO)O[C@H]4[C@H]3O)c2[nH]1,False,C10H10N4O6,282.06,20
O=c1[nH]c(=O)c2ncn([C@@H]3O[C@]4(CO)O[C@@H]3[C@@H]4O)c2[nH]1,False,C10H10N4O6,282.06,20
O=c1[nH]c(=O)c2ncn([C@@H]3O[C@H](CO)[C@@]4(O)O[C@@H]34)c2[nH]1,False,C10H10N4O6,282.06,20
O=c1[nH]c(=O)c2ncn([C@@H]3O[C@H](CO)[C@H]4O[C@]43O)c2[nH]1,False,C10H10N4O6,282.06,20
O=c1[nH]c(=O)c2ncn([C@]34O[C@@H]([C@H]3O)[C@@H](CO)O4)c2[nH]1,False,C10H10N4O6,282.06,20
O=c1[nH]c(=O)c2ncn([C@]34O[C@@H]3[C@H](O)[C@@H](CO)O4)c2[nH]1,False,C10H10N4O6,282.06,20
O=c1[nH]c(=O)c2nc3n(c2[nH]1)[C@@H]1O[C@H](CO)[C@@H](O3)[C@H]1O,False,C10H10N4O6,282.06,20
O=c1[nH]c(=O)c2nc3n(c2[nH]1)[C@@H]1O[C@H](CO)[C@@H](O)[C@H]1O3,False,C10H10N4O6,282.06,20
O=C[C@H]1O[C@@H](n2cnc3c(=O)[nH]c(=O)[nH]c32)[C@H](O)[C@@H]1OS(=O)(=O)O,False,C10H10N4O9S,362.0168,24
O=C[C@H]1O[C@@H](n2cnc3c(=O)[nH]c(=O)[nH]c32)[C@H](OS(=O)(=O)O)[C@@H]1O,False,C10H10N4O9S,362.0168,24
CO[C@H]1[C@@H](O)[C@H](n2cnc3c(=O)[nH]c(=O)[nH]c32)O[C@@H]1C=O,False,C11H12N4O6,296.0757,21
CO[C@@H]1[C@H](O)[C@@H](C=O)O[C@H]1n1cnc2c(=O)[nH]c(=O)[nH]c21,False,C11H12N4O6,296.0757,21
CC(=O)O[C@H]1[C@@H](O)[C@H](n2cnc3c(=O)[nH]c(=O)[nH]c32)O[C@@H]1C=O,False,C12H12N4O7,324.0706,23
CC(=O)O[C@@H]1[C@H](O)[C@@H](C=O)O[C@H]1n1cnc2c(=O)[nH]c(=O)[nH]c21,False,C12H12N4O7,324.0706,23
N#CC(O)[C@H]1O[C@@H](n2cnc3c(=O)[nH]c(=O)[nH]c32)[C@H](O)[C@@H]1O,False,C11H11N5O6,309.0709,22
COC[C@H]1O[C@@H](n2cnc3c(=O)[nH]c(=O)[nH]c32)[C@H](O)[C@@H]1OS(=O)(=O)O,False,C11H14N4O9S,378.0481,25
CO[C@@H]1[C@H](OS(=O)(=O)O)[C@@H](CO)O[C@H]1n1cnc2c(=O)[nH]c(=O)[nH]c21,False,C11H14N4O9S,378.0481,25
C[n+]1cn([C@@H]2O[C@H](CO)[C@@H](OS(=O)(=O)O)[C@H]2O)c2[nH]c(=O)[nH]c(=O)c21,False,C11H15N4O9S+,379.0554,25
C[C@H]1O[C@@H](n2cnc3c(=O)[nH]c(=O)[nH]c32)[C@H](O)[C@@H]1OS(=O)(=O)O,False,C10H12N4O8S,348.0376,23
COC[C@H]1O[C@@H](n2cnc3c(=O)[nH]c(=O)[nH]c32)[C@H](OS(=O)(=O)O)[C@@H]1O,False,C11H14N4O9S,378.0481,25
CO[C@H]1[C@@H](OS(=O)(=O)O)[C@H](n2cnc3c(=O)[nH]c(=O)[nH]c32)O[C@@H]1CO,False,C11H14N4O9S,378.0481,25
C[n+]1cn([C@@H]2O[C@H](CO)[C@@H](O)[C@H]2OS(=O)(=O)O)c2[nH]c(=O)[nH]c(=O)c21,False,C11H15N4O9S+,379.0554,25
C[C@H]1O[C@@H](n2cnc3c(=O)[nH]c(=O)[nH]c32)[C@H](OS(=O)(=O)O)[C@@H]1O,False,C10H12N4O8S,348.0376,23
CO[C@H]1[C@@H](O)[C@H](n2cnc3c(=O)[nH]c(=O)[nH]c32)O[C@@H]1COS(=O)(=O)O,False,C11H14N4O9S,378.0481,25
CO[C@@H]1[C@H](O)[C@@H](COS(=O)(=O)O)O[C@H]1n1cnc2c(=O)[nH]c(=O)[nH]c21,False,C11H14N4O9S,378.0481,25
C[n+]1cn([C@@H]2O[C@H](COS(=O)(=O)O)[C@@H](O)[C@H]2O)c2[nH]c(=O)[nH]c(=O)c21,False,C11H15N4O9S+,379.0554,25
COC[C@H]1O[C@@H](n2cnc3c(=O)[nH]c(=O)[nH]c32)[C@H](O)[C@@H]1OC,False,C12H16N4O6,312.107,22
COC[C@H]1O[C@@H](n2cnc3c(=O)[nH]c(=O)[nH]c32)[C@H](OC)[C@@H]1O,False,C12H16N4O6,312.107,22
COC[C@H]1O[C@@H](n2c[n+](C)c3c(=O)[nH]c(=O)[nH]c32)[C@H](O)[C@@H]1O,False,C12H17N4O6+,313.1143,22
COC[C@H]1O[C@@H](n2cnc3c(=O)[nH]c(=O)[nH]c32)[C@H](O)[C@@H]1OC(C)=O,False,C13H16N4O7,340.1019,24
COC[C@H]1O[C@@H](n2cnc3c(=O)[nH]c(=O)[nH]c32)[C@H](OC(C)=O)[C@@H]1O,False,C13H16N4O7,340.1019,24
C=O,False,CH2O,30.0106,2
CO,False,CH4O,32.0262,2
O=COC[C@H]1O[C@@H](n2cnc3c(=O)[nH]c(=O)[nH]c32)[C@H](O)[C@@H]1O,False,C11H12N4O7,312.0706,22
COC(=O)[C@H]1O[C@@H](n2cnc3c(=O)[nH]c(=O)[nH]c32)[C@H](O)[C@@H]1O,False,C11H12N4O7,312.0706,22
CO[C@@H]1[C@H](OC)[C@@H](CO)O[C@H]1n1cnc2c(=O)[nH]c(=O)[nH]c21,False,C12H16N4O6,312.107,22
CO[C@H]1[C@@H](O)[C@H](n2c[n+](C)c3c(=O)[nH]c(=O)[nH]c32)O[C@@H]1CO,False,C12H17N4O6+,313.1143,22
CO[C@H]1[C@@H](O)[C@H](n2cnc3c(=O)[nH]c(=O)[nH]c32)O[C@@H]1COC(C)=O,False,C13H16N4O7,340.1019,24
CO[C@H]1[C@@H](OC(C)=O)[C@H](n2cnc3c(=O)[nH]c(=O)[nH]c32)O[C@@H]1CO,False,C13H16N4O7,340.1019,24
CO[C@H]1[C@@H](O)[C@H](n2cnc3c(=O)[nH]c(=O)[nH]c32)O[C@@H]1C,False,C11H14N4O5,282.0964,20
O=CO[C@H]1[C@@H](O)[C@H](n2cnc3c(=O)[nH]c(=O)[nH]c32)O[C@@H]1CO,False,C11H12N4O7,312.0706,22
CO[C@H]1[C@@H](O)[C@H](n2cnc3c(=O)[nH]c(=O)[nH]c32)O[C@@H]1C(=O)O,False,C11H12N4O7,312.0706,22
CO[C@@H]1[C@H](O)[C@@H](CO)O[C@H]1n1c[n+](C)c2c(=O)[nH]c(=O)[nH]c21,False,C12H17N4O6+,313.1143,22
CO[C@@H]1[C@H](O)[C@@H](COC(C)=O)O[C@H]1n1cnc2c(=O)[nH]c(=O)[nH]c21,False,C13H16N4O7,340.1019,24
CO[C@@H]1[C@H](OC(C)=O)[C@@H](CO)O[C@H]1n1cnc2c(=O)[nH]c(=O)[nH]c21,False,C13H16N4O7,340.1019,24
CO[C@@H]1[C@H](O)[C@@H](C)O[C@H]1n1cnc2c(=O)[nH]c(=O)[nH]c21,False,C11H14N4O5,282.0964,20
O=CO[C@@H]1[C@H](O)[C@@H](CO)O[C@H]1n1cnc2c(=O)[nH]c(=O)[nH]c21,False,C11H12N4O7,312.0706,22
CO[C@@H]1[C@H](O)[C@@H](C(=O)O)O[C@H]1n1cnc2c(=O)[nH]c(=O)[nH]c21,False,C11H12N4O7,312.0706,22
C[n+]1cn([C@@]2(CO)OC[C@@H](O)[C@H]2O)c2[nH]c(=O)[nH]c(=O)c21,False,C11H15N4O6+,299.0986,21
C[n+]1cn([C@@H]2O[C@H](C=O)[C@@H](O)[C@H]2O)c2[nH]c(=O)[nH]c(=O)c21,False,C11H13N4O6+,297.083,21
Cn1c(=O)[nH]c(=O)c2c1n([C@@H]1O[C@H](CO)[C@@H](O)[C@H]1O)c[n+]2C,False,C12H17N4O6+,313.1143,22
CC(=O)OC[C@H]1O[C@@H](n2c[n+](C)c3c(=O)[nH]c(=O)[nH]c32)[C@H](O)[C@@H]1O,False,C13H17N4O7+,341.1092,24
CC(=O)O[C@@H]1[C@H](O)[C@@H](CO)O[C@H]1n1c[n+](C)c2c(=O)[nH]c(=O)[nH]c21,False,C13H17N4O7+,341.1092,24
CC(=O)O[C@H]1[C@@H](O)[C@H](n2c[n+](C)c3c(=O)[nH]c(=O)[nH]c32)O[C@@H]1CO,False,C13H17N4O7+,341.1092,24
C[C@H]1O[C@@H](n2c[n+](C)c3c(=O)[nH]c(=O)[nH]c32)[C@H](O)[C@@H]1O,False,C11H15N4O5+,283.1037,20
C[n+]1cn([C@@H]2O[C@H](C(=O)O)[C@@H](O)[C@H]2O)c2[nH]c(=O)[nH]c(=O)c21,False,C11H13N4O7+,313.0779,22
O=c1[nH]c(=O)c2[nH+]cn([C@@H]3O[C@H](CO)[C@@H](O)[C@H]3O)c2[nH]1,False,C10H13N4O6+,285.083,20
Cn1c(=O)[nH]c2c(c1=O)[n+](C)cn2[C@@H]1O[C@H](CO)[C@@H](O)[C@H]1O,False,C12H17N4O6+,313.1143,22
CC(OC=O)[C@H]1O[C@@H](n2cnc3c(=O)[nH]c(=O)[nH]c32)[C@H](O)[C@@H]1O,False,C12H14N4O7,326.0862,23
C[C@@]1(COC=O)O[C@@H](n2cnc3c(=O)[nH]c(=O)[nH]c32)[C@H](O)[C@@H]1O,False,C12H14N4O7,326.0862,23
C[C@]1(O)[C@@H](COC=O)O[C@@H](n2cnc3c(=O)[nH]c(=O)[nH]c32)[C@@H]1O,False,C12H14N4O7,326.0862,23
C[C@]1(O)[C@H](O)[C@@H](COC=O)O[C@H]1n1cnc2c(=O)[nH]c(=O)[nH]c21,False,C12H14N4O7,326.0862,23
C[C@]1(n2cnc3c(=O)[nH]c(=O)[nH]c32)O[C@H](COC=O)[C@@H](O)[C@H]1O,False,C12H14N4O7,326.0862,23
Cc1nc2c(=O)[nH]c(=O)[nH]c2n1[C@@H]1O[C@H](COC=O)[C@@H](O)[C@H]1O,False,C12H14N4O7,326.0862,23
O=c1[nH]c(=O)c2ncn([C@@H]3O[C@@H]4COC(O)CO[C@H]4[C@H]3O)c2[nH]1,False,C12H14N4O7,326.0862,23
O=c1[nH]c(=O)c2ncn([C@@H]3O[C@@H]4COC(O)CO[C@@H]3[C@@H]4O)c2[nH]1,False,C12H14N4O7,326.0862,23
CC(O)OC1O[C@H]2[C@@H](O)[C@H](n3cnc4c(=O)[nH]c(=O)[nH]c43)O[C@H]12,False,C12H14N4O7,326.0862,23
CC(O)OC1O[C@@H]2[C@H](O)[C@@H]1O[C@H]2n1cnc2c(=O)[nH]c(=O)[nH]c21,False,C12H14N4O7,326.0862,23
CC(O)OC[C@]12O[C@@H](n3cnc4c(=O)[nH]c(=O)[nH]c43)[C@H](O)[C@@H]1O2,False,C12H14N4O7,326.0862,23
CC(O)OC[C@]12O[C@@H]([C@H](n3cnc4c(=O)[nH]c(=O)[nH]c43)O1)[C@@H]2O,False,C12H14N4O7,326.0862,23
CC(O)OC[C@H]1O[C@@H](n2cnc3c(=O)[nH]c(=O)[nH]c32)[C@@H]2O[C@]12O,False,C12H14N4O7,326.0862,23
CC(O)OC[C@H]1O[C@@H](n2cnc3c(=O)[nH]c(=O)[nH]c32)[C@]2(O)O[C@H]12,False,C12H14N4O7,326.0862,23
CC(O)OC[C@H]1O[C@@]2(n3cnc4c(=O)[nH]c(=O)[nH]c43)O[C@H]1[C@H]2O,False,C12H14N4O7,326.0862,23
CC(O)OC[C@H]1O[C@@]2(n3cnc4c(=O)[nH]c(=O)[nH]c43)O[C@@H]2[C@@H]1O,False,C12H14N4O7,326.0862,23
CC(O)OC[C@H]1O[C@@H]2[C@H](O)[C@@H]1Oc1nc3c(=O)[nH]c(=O)[nH]c3n12,False,C12H14N4O7,326.0862,23
CC(O)OC[C@H]1O[C@@H]2[C@H](Oc3nc4c(=O)[nH]c(=O)[nH]c4n32)[C@@H]1O,False,C12H14N4O7,326.0862,23
CC(O)OC[C@H]1O[C@@H](n2cnc3c(=O)[nH]c(=O)[nH]c32)[C@H](O)[C@@H]1O,False,C12H16N4O7,328.1019,23
CCOC[C@H]1O[C@@H](n2cnc3c(=O)[nH]c(=O)[nH]c32)[C@H](O)[C@@H]1O,False,C12H16N4O6,312.107,22
CCC(=O)OC[C@H]1O[C@@H](n2cnc3c(=O)[nH]c(=O)[nH]c32)[C@H](O)[C@@H]1O,False,C13H16N4O7,340.1019,24
CC(=O)OC[C@H]1O[C@@H](n2cnc3c(=O)[nH]c(=O)[nH]c32)[C@H](O)[C@@H]1OC(C)=O,False,C14H16N4O8,368.0968,26
CC(=O)OC[C@H]1O[C@@H](n2cnc3c(=O)[nH]c(=O)[nH]c32)[C@H](OC(C)=O)[C@@H]1O,False,C14H16N4O8,368.0968,26
O=C(O)CC(=O)OC[C@H]1O[C@@H](n2cnc3c(=O)[nH]c(=O)[nH]c32)[C@H](O)[C@@H]1O,False,C13H14N4O9,370.0761,26
CC(O)(C#N)OC[C@H]1O[C@@H](n2cnc3c(=O)[nH]c(=O)[nH]c32)[C@H](O)[C@@H]1O,False,C13H15N5O7,353.0971,25
CC(N)OC[C@H]1O[C@@H](n2cnc3c(=O)[nH]c(=O)[nH]c32)[C@H](O)[C@@H]1O,False,C12H17N5O6,327.1179,23
O=C(CO)OC[C@H]1O[C@@H](n2cnc3c(=O)[nH]c(=O)[nH]c32)[C@H](O)[C@@H]1O,False,C12H14N4O8,342.0812,24
COC(=O)OC[C@H]1O[C@@H](n2cnc3c(=O)[nH]c(=O)[nH]c32)[C@H](O)[C@@H]1O,False,C12H14N4O8,342.0812,24
CC(=O)O,False,C2H4O2,60.0211,4
O=c1[nH]c(=O)c2ncn([C@@H]3O[C@H](COC(O)CO)[C@@H](O)[C@H]3O)c2[nH]1,False,C12H16N4O8,344.0968,24
CC(=O)C[C@H]1O[C@@H](n2cnc3c(=O)[nH]c(=O)[nH]c32)[C@H](O)[C@@H]1O,False,C12H14N4O6,310.0913,22
CC(=O)OC(=O)[C@H]1O[C@@H](n2cnc3c(=O)[nH]c(=O)[nH]c32)[C@H](O)[C@@H]1O,False,C12H12N4O8,340.0655,24
CC(=O)OC[C@H]1O[C@@H](n2cnc3c(=O)[nH]c(=O)n(C(C)=O)c32)[C@H](O)[C@@H]1O,False,C14H16N4O8,368.0968,26
CC(=O)OC[C@H]1O[C@@H](n2cnc3c(=O)n(C(C)=O)c(=O)[nH]c32)[C@H](O)[C@@H]1O,False,C14H16N4O8,368.0968,26
CC(=O)OC(C)[C@H]1O[C@@H](n2cnc3c(=O)[nH]c(=O)[nH]c32)[C@H](O)[C@@H]1O,False,C13H16N4O7,340.1019,24
CC(=O)OC[C@]1(C)O[C@@H](n2cnc3c(=O)[nH]c(=O)[nH]c32)[C@H](O)[C@@H]1O,False,C13H16N4O7,340.1019,24
CC(=O)OC[C@H]1O[C@@H](n2cnc3c(=O)[nH]c(=O)[nH]c32)[C@H](O)[C@@]1(C)O,False,C13H16N4O7,340.1019,24
CC(=O)OC[C@H]1O[C@@H](n2cnc3c(=O)[nH]c(=O)[nH]c32)[C@@](C)(O)[C@@H]1O,False,C13H16N4O7,340.1019,24
CC(=O)OC[C@H]1O[C@](C)(n2cnc3c(=O)[nH]c(=O)[nH]c32)[C@H](O)[C@@H]1O,False,C13H16N4O7,340.1019,24
CC(=O)OC[C@H]1O[C@@H](n2c(C)nc3c(=O)[nH]c(=O)[nH]c32)[C@H](O)[C@@H]1O,False,C13H16N4O7,340.1019,24
C[C@]1(OC=O)[C@@H](CO)O[C@@H](n2cnc3c(=O)[nH]c(=O)[nH]c32)[C@@H]1O,False,C12H14N4O7,326.0862,23
C[C@]1(O)[C@H](OC=O)[C@@H](CO)O[C@H]1n1cnc2c(=O)[nH]c(=O)[nH]c21,False,C12H14N4O7,326.0862,23
C[C@@]1(CO)O[C@@H](n2cnc3c(=O)[nH]c(=O)[nH]c32)[C@H](O)[C@@H]1OC=O,False,C12H14N4O7,326.0862,23
C[C@]1(n2cnc3c(=O)[nH]c(=O)[nH]c32)O[C@H](CO)[C@@H](OC=O)[C@H]1O,False,C12H14N4O7,326.0862,23
CC(O)[C@H]1O[C@@H](n2cnc3c(=O)[nH]c(=O)[nH]c32)[C@H](O)[C@@H]1OC=O,False,C12H14N4O7,326.0862,23
Cc1nc2c(=O)[nH]c(=O)[nH]c2n1[C@@H]1O[C@H](CO)[C@@H](OC=O)[C@H]1O,False,C12H14N4O7,326.0862,23
O=c1[nH]c(=O)c2ncn([C@@H]3O[C@H](CO)[C@H]4OC(O)CO[C@H]43)c2[nH]1,False,C12H14N4O7,326.0862,23
O=c1[nH]c(=O)c2ncn([C@@H]3O[C@@H]4COCC(O)O[C@H]4[C@H]3O)c2[nH]1,False,C12H14N4O7,326.0862,23
CC(O)O[C@]12O[C@H]1[C@H](n1cnc3c(=O)[nH]c(=O)[nH]c31)O[C@@H]2CO,False,C12H14N4O7,326.0862,23
CC(O)O[C@@]12OC[C@H]1O[C@@H](n1cnc3c(=O)[nH]c(=O)[nH]c31)[C@@H]2O,False,C12H14N4O7,326.0862,23
CC(O)O[C@@H]1[C@H]2CO[C@@]1(O)[C@H](n1cnc3c(=O)[nH]c(=O)[nH]c31)O2,False,C12H14N4O7,326.0862,23
CC(O)O[C@H]1[C@H]2O[C@@]1(CO)O[C@H]2n1cnc2c(=O)[nH]c(=O)[nH]c21,False,C12H14N4O7,326.0862,23
CC(O)O[C@H]1[C@@H](O)[C@H](n2cnc3c(=O)[nH]c(=O)[nH]c32)O[C@@]12CO2,False,C12H14N4O7,326.0862,23
CC(O)O[C@H]1[C@H]2O[C@]2(n2cnc3c(=O)[nH]c(=O)[nH]c32)O[C@@H]1CO,False,C12H14N4O7,326.0862,23
CC(O)O[C@H]1[C@@H](O)[C@]2(n3cnc4c(=O)[nH]c(=O)[nH]c43)OC[C@H]1O2,False,C12H14N4O7,326.0862,23
CC(O)O[C@H]1[C@H]2OC(O)[C@H]1O[C@H]2n1cnc2c(=O)[nH]c(=O)[nH]c21,False,C12H14N4O7,326.0862,23
CC(O)O[C@H]1[C@H]2Oc3nc4c(=O)[nH]c(=O)[nH]c4n3[C@@H]2O[C@@H]1CO,False,C12H14N4O7,326.0862,23
CC(O)O[C@H]1[C@@H](O)[C@H]2O[C@@H]1COc1nc3c(=O)[nH]c(=O)[nH]c3n12,False,C12H14N4O7,326.0862,23
CC(O)O[C@H]1[C@@H](O)[C@H](n2cnc3c(=O)[nH]c(=O)[nH]c32)O[C@@H]1CO,False,C12H16N4O7,328.1019,23
CCO[C@H]1[C@@H](O)[C@H](n2cnc3c(=O)[nH]c(=O)[nH]c32)O[C@@H]1CO,False,C12H16N4O6,312.107,22
CCC(=O)O[C@H]1[C@@H](O)[C@H](n2cnc3c(=O)[nH]c(=O)[nH]c32)O[C@@H]1CO,False,C13H16N4O7,340.1019,24
CC(=O)O[C@@H]1[C@H](OC(C)=O)[C@@H](CO)O[C@H]1n1cnc2c(=O)[nH]c(=O)[nH]c21,False,C14H16N4O8,368.0968,26
O=C(O)CC(=O)O[C@H]1[C@@H](O)[C@H](n2cnc3c(=O)[nH]c(=O)[nH]c32)O[C@@H]1CO,False,C13H14N4O9,370.0761,26
CC(O)(C#N)O[C@H]1[C@@H](O)[C@H](n2cnc3c(=O)[nH]c(=O)[nH]c32)O[C@@H]1CO,False,C13H15N5O7,353.0971,25
CC(N)O[C@H]1[C@@H](O)[C@H](n2cnc3c(=O)[nH]c(=O)[nH]c32)O[C@@H]1CO,False,C12H17N5O6,327.1179,23
O=C(CO)O[C@H]1[C@@H](O)[C@H](n2cnc3c(=O)[nH]c(=O)[nH]c32)O[C@@H]1CO,False,C12H14N4O8,342.0812,24
COC(=O)O[C@H]1[C@@H](O)[C@H](n2cnc3c(=O)[nH]c(=O)[nH]c32)O[C@@H]1CO,False,C12H14N4O8,342.0812,24
O=c1[nH]c(=O)c2ncn([C@@H]3O[C@H](CO)[C@@H](OC(O)CO)[C@H]3O)c2[nH]1,False,C12H16N4O8,344.0968,24
CC(=O)O[C@H]1[C@@H](O)[C@H](n2cnc3c(=O)[nH]c(=O)[nH]c32)O[C@@H]1C,False,C12H14N4O6,310.0913,22
CC(=O)[C@H]1[C@@H](O)[C@H](n2cnc3c(=O)[nH]c(=O)[nH]c32)O[C@@H]1CO,False,C12H14N4O6,310.0913,22
CC(=O)O[C@H]1[C@@H](O)[C@H](n2cnc3c(=O)[nH]c(=O)[nH]c32)O[C@@H]1C(=O)O,False,C12H12N4O8,340.0655,24
CC(=O)O[C@H]1[C@@H](O)[C@H](n2cnc3c(=O)[nH]c(=O)n(C(C)=O)c32)O[C@@H]1CO,False,C14H16N4O8,368.0968,26
CC(=O)O[C@H]1[C@@H](O)[C@H](n2cnc3c(=O)n(C(C)=O)c(=O)[nH]c32)O[C@@H]1CO,False,C14H16N4O8,368.0968,26
CC(=O)O[C@@]1(C)[C@@H](CO)O[C@@H](n2cnc3c(=O)[nH]c(=O)[nH]c32)[C@@H]1O,False,C13H16N4O7,340.1019,24
CC(=O)O[C@@H]1[C@@H](CO)O[C@@H](n2cnc3c(=O)[nH]c(=O)[nH]c32)[C@@]1(C)O,False,C13H16N4O7,340.1019,24
CC(=O)O[C@H]1[C@@H](O)[C@H](n2cnc3c(=O)[nH]c(=O)[nH]c32)O[C@@]1(C)CO,False,C13H16N4O7,340.1019,24
CC(=O)O[C@H]1[C@@H](O)[C@@](C)(n2cnc3c(=O)[nH]c(=O)[nH]c32)O[C@@H]1CO,False,C13H16N4O7,340.1019,24
CC(=O)O[C@H]1[C@@H](O)[C@H](n2cnc3c(=O)[nH]c(=O)[nH]c32)O[C@@H]1C(C)O,False,C13H16N4O7,340.1019,24
CC(=O)O[C@H]1[C@@H](O)[C@H](n2c(C)nc3c(=O)[nH]c(=O)[nH]c32)O[C@@H]1CO,False,C13H16N4O7,340.1019,24
C[C@]1(OC=O)[C@H](O)[C@@H](CO)O[C@H]1n1cnc2c(=O)[nH]c(=O)[nH]c21,False,C12H14N4O7,326.0862,23
C[C@]1(n2cnc3c(=O)[nH]c(=O)[nH]c32)O[C@H](CO)[C@@H](O)[C@H]1OC=O,False,C12H14N4O7,326.0862,23
C[C@]1(O)[C@@H](CO)O[C@@H](n2cnc3c(=O)[nH]c(=O)[nH]c32)[C@@H]1OC=O,False,C12H14N4O7,326.0862,23
C[C@@]1(CO)O[C@@H](n2cnc3c(=O)[nH]c(=O)[nH]c32)[C@H](OC=O)[C@@H]1O,False,C12H14N4O7,326.0862,23
Cc1nc2c(=O)[nH]c(=O)[nH]c2n1[C@@H]1O[C@H](CO)[C@@H](O)[C@H]1OC=O,False,C12H14N4O7,326.0862,23
CC(O)[C@H]1O[C@@H](n2cnc3c(=O)[nH]c(=O)[nH]c32)[C@H](OC=O)[C@@H]1O,False,C12H14N4O7,326.0862,23
O=c1[nH]c(=O)c2ncn([C@@H]3O[C@H](CO)[C@H]4OCC(O)O[C@H]43)c2[nH]1,False,C12H14N4O7,326.0862,23
O=c1[nH]c(=O)c2ncn([C@@H]3O[C@@H]4COCC(O)O[C@@H]3[C@@H]4O)c2[nH]1,False,C12H14N4O7,326.0862,23
CC(O)O[C@@]12O[C@@H]1[C@@H](CO)O[C@H]2n1cnc2c(=O)[nH]c(=O)[nH]c21,False,C12H14N4O7,326.0862,23
CC(O)O[C@]12OC[C@@H](O[C@H]1n1cnc3c(=O)[nH]c(=O)[nH]c31)[C@H]2O,False,C12H14N4O7,326.0862,23
CC(O)O[C@@H]1[C@@H]2O[C@]1(n1cnc3c(=O)[nH]c(=O)[nH]c31)O[C@@H]2CO,False,C12H14N4O7,326.0862,23
CC(O)O[C@@H]1[C@H](O)[C@H]2CO[C@]1(n1cnc3c(=O)[nH]c(=O)[nH]c31)O2,False,C12H14N4O7,326.0862,23
CC(O)O[C@H]1[C@H](n2cnc3c(=O)[nH]c(=O)[nH]c32)O[C@@H]2CO[C@]21O,False,C12H14N4O7,326.0862,23
CC(O)O[C@H]1[C@H](n2cnc3c(=O)[nH]c(=O)[nH]c32)O[C@]2(CO)O[C@@H]12,False,C12H14N4O7,326.0862,23
CC(O)O[C@H]1[C@H](n2cnc3c(=O)[nH]c(=O)[nH]c32)O[C@@]2(CO2)[C@H]1O,False,C12H14N4O7,326.0862,23
CC(O)O[C@@H]1[C@@H]2Oc3nc4c(=O)[nH]c(=O)[nH]c4n3[C@@H]1O[C@@H]2CO,False,C12H14N4O7,326.0862,23
CC(O)O[C@@H]1[C@H](O)[C@H]2COc3nc4c(=O)[nH]c(=O)[nH]c4n3[C@@H]1O2,False,C12H14N4O7,326.0862,23
CC(O)O[C@@H]1[C@@H]2OC(O)[C@H]2O[C@H]1n1cnc2c(=O)[nH]c(=O)[nH]c21,False,C12H14N4O7,326.0862,23
CC(O)O[C@@H]1[C@H](O)[C@@H](CO)O[C@H]1n1cnc2c(=O)[nH]c(=O)[nH]c21,False,C12H16N4O7,328.1019,23
CCO[C@@H]1[C@H](O)[C@@H](CO)O[C@H]1n1cnc2c(=O)[nH]c(=O)[nH]c21,False,C12H16N4O6,312.107,22
CCC(=O)O[C@@H]1[C@H](O)[C@@H](CO)O[C@H]1n1cnc2c(=O)[nH]c(=O)[nH]c21,False,C13H16N4O7,340.1019,24
O=C(O)CC(=O)O[C@@H]1[C@H](O)[C@@H](CO)O[C@H]1n1cnc2c(=O)[nH]c(=O)[nH]c21,False,C13H14N4O9,370.0761,26
CC(O)(C#N)O[C@@H]1[C@H](O)[C@@H](CO)O[C@H]1n1cnc2c(=O)[nH]c(=O)[nH]c21,False,C13H15N5O7,353.0971,25
CC(N)O[C@@H]1[C@H](O)[C@@H](CO)O[C@H]1n1cnc2c(=O)[nH]c(=O)[nH]c21,False,C12H17N5O6,327.1179,23
O=C(CO)O[C@@H]1[C@H](O)[C@@H](CO)O[C@H]1n1cnc2c(=O)[nH]c(=O)[nH]c21,False,C12H14N4O8,342.0812,24
COC(=O)O[C@@H]1[C@H](O)[C@@H](CO)O[C@H]1n1cnc2c(=O)[nH]c(=O)[nH]c21,False,C12H14N4O8,342.0812,24
O=c1[nH]c(=O)c2ncn([C@@H]3O[C@H](CO)[C@@H](O)[C@H]3OC(O)CO)c2[nH]1,False,C12H16N4O8,344.0968,24
CC(=O)O[C@@H]1[C@H](O)[C@@H](C)O[C@H]1n1cnc2c(=O)[nH]c(=O)[nH]c21,False,C12H14N4O6,310.0913,22
CC(=O)[C@@H]1[C@H](O)[C@@H](CO)O[C@H]1n1cnc2c(=O)[nH]c(=O)[nH]c21,False,C12H14N4O6,310.0913,22
CC(=O)O[C@@H]1[C@H](O)[C@@H](C(=O)O)O[C@H]1n1cnc2c(=O)[nH]c(=O)[nH]c21,False,C12H12N4O8,340.0655,24
CC(=O)O[C@@H]1[C@H](O)[C@@H](CO)O[C@H]1n1cnc2c(=O)[nH]c(=O)n(C(C)=O)c21,False,C14H16N4O8,368.0968,26
CC(=O)O[C@@H]1[C@H](O)[C@@H](CO)O[C@H]1n1cnc2c(=O)n(C(C)=O)c(=O)[nH]c21,False,C14H16N4O8,368.0968,26
CC(=O)O[C@@]1(C)[C@H](O)[C@@H](CO)O[C@H]1n1cnc2c(=O)[nH]c(=O)[nH]c21,False,C13H16N4O7,340.1019,24
CC(=O)O[C@@H]1[C@H](O)[C@@H](CO)O[C@]1(C)n1cnc2c(=O)[nH]c(=O)[nH]c21,False,C13H16N4O7,340.1019,24
CC(=O)O[C@H]1[C@H](n2cnc3c(=O)[nH]c(=O)[nH]c32)O[C@H](CO)[C@]1(C)O,False,C13H16N4O7,340.1019,24
CC(=O)O[C@H]1[C@H](n2cnc3c(=O)[nH]c(=O)[nH]c32)O[C@@](C)(CO)[C@H]1O,False,C13H16N4O7,340.1019,24
CC(=O)O[C@@H]1[C@H](O)[C@@H](CO)O[C@H]1n1c(C)nc2c(=O)[nH]c(=O)[nH]c21,False,C13H16N4O7,340.1019,24
CC(=O)O[C@@H]1[C@H](O)[C@@H](C(C)O)O[C@H]1n1cnc2c(=O)[nH]c(=O)[nH]c21,False,C13H16N4O7,340.1019,24
O=c1[nH]c(=O)c2ncn([C@@H]3OC[C@@H](O)[C@H]3O)c2[nH]1,False,C9H10N4O5,254.0651,18
O=c1[nH]c(=O)c2ncn([C@@H]3O[C@]4(OC4O)[C@@H](O)[C@H]3O)c2[nH]1,False,C10H10N4O7,298.0549,21
O=c1[nH]c(=O)c2ncn([C@@H]3O[C@]4(C(O)O)O[C@H]4[C@H]3O)c2[nH]1,False,C10H10N4O7,298.0549,21
O=c1[nH]c(=O)c2ncn([C@@H]3O[C@]4(C(O)O)O[C@@H]3[C@@H]4O)c2[nH]1,False,C10H10N4O7,298.0549,21
O=c1[nH]c(=O)c2ncn([C@@H]3O[C@@H]4C(O)O[C@@]4(O)[C@H]3O)c2[nH]1,False,C10H10N4O7,298.0549,21
O=c1[nH]c(=O)c2ncn([C@@H]3O[C@H](C(O)O)[C@@]4(O)O[C@@H]34)c2[nH]1,False,C10H10N4O7,298.0549,21
O=c1[nH]c(=O)c2ncn([C@@H]3O[C@@H]4C(O)O[C@]3(O)[C@@H]4O)c2[nH]1,False,C10H10N4O7,298.0549,21
O=c1[nH]c(=O)c2ncn([C@@H]3O[C@H](C(O)O)[C@H]4O[C@]43O)c2[nH]1,False,C10H10N4O7,298.0549,21
O=c1[nH]c(=O)c2ncn([C@@]34OC(O)[C@@H](O3)[C@@H](O)[C@H]4O)c2[nH]1,False,C10H10N4O7,298.0549,21
O=c1[nH]c(=O)c2ncn([C@@]34O[C@H]([C@@H](C(O)O)O3)[C@H]4O)c2[nH]1,False,C10H10N4O7,298.0549,21
O=c1[nH]c(=O)c2ncn([C@@]34O[C@H](C(O)O)[C@@H](O)[C@H]3O4)c2[nH]1,False,C10H10N4O7,298.0549,21
O=c1[nH]c(=O)c2nc3n(c2[nH]1)[C@@H]1O[C@H](C(O)O3)[C@@H](O)[C@H]1O,False,C10H10N4O7,298.0549,21
O=c1[nH]c(=O)c2nc3n(c2[nH]1)[C@@H]1O[C@H](C(O)O)[C@@H](O3)[C@H]1O,False,C10H10N4O7,298.0549,21
O=c1[nH]c(=O)c2nc3n(c2[nH]1)[C@@H]1O[C@H](C(O)O)[C@@H](O)[C@H]1O3,False,C10H10N4O7,298.0549,21
O=c1[nH]c(=O)c2ncn([C@@H]3O[C@H](C(O)O)[C@@H](O)[C@H]3O)c2[nH]1,False,C10H12N4O7,300.0706,21
N#CC(O)(O)[C@H]1O[C@@H](n2cnc3c(=O)[nH]c(=O)[nH]c32)[C@H](O)[C@@H]1O,False,C11H11N5O7,325.0658,23
NC(=O)[C@H]1O[C@@H](n2cnc3c(=O)[nH]c(=O)[nH]c32)[C@H](O)[C@@H]1O,False,C10H11N5O6,297.0709,21
O=c1[nH]c(=O)c2ncn([C@@H]3OC(COP(=O)(O)O)[C@@H](O)[C@H]3O)c2[nH]1,False,C10H13N4O9P,364.042,24
O=c1[nH]c(=O)c2ncn([C@@H]3OC(CO)[C@@H](OP(=O)(O)O)[C@H]3O)c2[nH]1,False,C10H13N4O9P,364.042,24
O=c1[nH]c(=O)c2ncn([C@@H]3OC(CO)[C@@H](O)[C@H]3OP(=O)(O)O)c2[nH]1,False,C10H13N4O9P,364.042,24
O=CC1O[C@@H](n2cnc3c(=O)[nH]c(=O)[nH]c32)[C@H](O)[C@@H]1O,False,C10H10N4O6,282.06,20
O=c1[nH]c(=O)c2ncn([C@@H]3OC(CO)[C@@H](OS(=O)(=O)O)[C@H]3O)c2[nH]1,False,C10H12N4O9S,364.0325,24
O=c1[nH]c(=O)c2ncn([C@@H]3OC(CO)[C@@H](O)[C@H]3OS(=O)(=O)O)c2[nH]1,False,C10H12N4O9S,364.0325,24
O=c1[nH]c(=O)c2ncn([C@@H]3OC(COS(=O)(=O)O)[C@@H](O)[C@H]3O)c2[nH]1,False,C10H12N4O9S,364.0325,24
COCC1O[C@@H](n2cnc3c(=O)[nH]c(=O)[nH]c32)[C@H](O)[C@@H]1O,False,C11H14N4O6,298.0913,21
CO[C@@H]1C(CO)O[C@@H](n2cnc3c(=O)[nH]c(=O)[nH]c32)[C@@H]1O,False,C11H14N4O6,298.0913,21
CO[C@@H]1[C@H](O)C(CO)O[C@H]1n1cnc2c(=O)[nH]c(=O)[nH]c21,False,C11H14N4O6,298.0913,21
C[n+]1cn([C@@H]2OC(CO)[C@@H](O)[C@H]2O)c2[nH]c(=O)[nH]c(=O)c21,False,C11H15N4O6+,299.0986,21
CC(=O)OCC1O[C@@H](n2cnc3c(=O)[nH]c(=O)[nH]c32)[C@H](O)[C@@H]1O,False,C12H14N4O7,326.0862,23
CC(=O)O[C@@H]1C(CO)O[C@@H](n2cnc3c(=O)[nH]c(=O)[nH]c32)[C@@H]1O,False,C12H14N4O7,326.0862,23
CC(=O)O[C@@H]1[C@H](O)C(CO)O[C@H]1n1cnc2c(=O)[nH]c(=O)[nH]c21,False,C12H14N4O7,326.0862,23
CC1O[C@@H](n2cnc3c(=O)[nH]c(=O)[nH]c32)[C@H](O)[C@@H]1O,False,C10H12N4O5,268.0808,19
O=C(O)C1O[C@@H](n2cnc3c(=O)[nH]c(=O)[nH]c32)[C@H](O)[C@@H]1O,False,C10H10N4O7,298.0549,21
O=c1[nH]c(=O)c2ncn([C@@]34COP(=O)(O)O[C@H](CO3)[C@H]4O)c2[nH]1,False,C10H11N4O8P,346.0314,23
CO[C@@H]1[C@H](O)CO[C@]1(COP(=O)(O)O)n1cnc2c(=O)[nH]c(=O)[nH]c21,False,C11H15N4O9P,378.0577,25
CO[C@@H]1CO[C@](COP(=O)(O)O)(n2cnc3c(=O)[nH]c(=O)[nH]c32)[C@@H]1O,False,C11H15N4O9P,378.0577,25
O=c1[nH]c(=O)c2ncn([C@H]3OC(CO)[C@@H](O)[C@H]3OP(=O)(O)O)c2[nH]1,False,C10H13N4O9P,364.042,24
O=C[C@]1(n2cnc3c(=O)[nH]c(=O)[nH]c32)OC[C@@H](O)[C@H]1OP(=O)(O)O,False,C10H11N4O9P,362.0264,24
COC[C@]1(n2cnc3c(=O)[nH]c(=O)[nH]c32)OC[C@@H](O)[C@H]1OP(=O)(O)O,False,C11H15N4O9P,378.0577,25
CO[C@@H]1CO[C@](CO)(n2cnc3c(=O)[nH]c(=O)[nH]c32)[C@@H]1OP(=O)(O)O,False,C11H15N4O9P,378.0577,25
C[C@]1(n2cnc3c(=O)[nH]c(=O)[nH]c32)OC[C@@H](O)[C@H]1OP(=O)(O)O,False,C10H13N4O8P,348.0471,23
O=c1[nH]c(=O)c2ncn([C@H]3OC(CO)[C@@H](OP(=O)(O)O)[C@H]3O)c2[nH]1,False,C10H13N4O9P,364.042,24
O=C[C@]1(n2cnc3c(=O)[nH]c(=O)[nH]c32)OC[C@@H](OP(=O)(O)O)[C@H]1O,False,C10H11N4O9P,362.0264,24
COC[C@]1(n2cnc3c(=O)[nH]c(=O)[nH]c32)OC[C@@H](OP(=O)(O)O)[C@H]1O,False,C11H15N4O9P,378.0577,25
CO[C@@H]1[C@H](OP(=O)(O)O)CO[C@]1(CO)n1cnc2c(=O)[nH]c(=O)[nH]c21,False,C11H15N4O9P,378.0577,25
C[C@]1(n2cnc3c(=O)[nH]c(=O)[nH]c32)OC[C@@H](OP(=O)(O)O)[C@H]1O,False,C10H13N4O8P,348.0471,23
O=c1[nH]c(=O)c2ncn([C@@]3(CO)OC[C@H]4O[C@]43O)c2[nH]1,False,C10H10N4O6,282.06,20
O=c1[nH]c(=O)c2nc3n(c2[nH]1)[C@@]1(CO)OC[C@@H](O)[C@H]1O3,False,C10H10N4O6,282.06,20
O=c1[nH]c(=O)c2nc3n(c2[nH]1)[C@@]1(CO)OC[C@@H](O3)[C@H]1O,False,C10H10N4O6,282.06,20
O=c1[nH]c(=O)c2ncn([C@@]3(CO)OC[C@@]4(O)O[C@H]43)c2[nH]1,False,C10H10N4O6,282.06,20
O=c1[nH]c(=O)c2ncn([C@@]3(CO)OC4O[C@@H]3[C@@H]4O)c2[nH]1,False,C10H10N4O6,282.06,20
O=c1[nH]c(=O)c2ncn([C@@]3(CO)OC4O[C@H]4[C@H]3O)c2[nH]1,False,C10H10N4O6,282.06,20
O=C[C@]1(n2cnc3c(=O)[nH]c(=O)[nH]c32)OC[C@@H](O)[C@H]1OS(=O)(=O)O,False,C10H10N4O9S,362.0168,24
O=C[C@]1(n2cnc3c(=O)[nH]c(=O)[nH]c32)OC[C@@H](OS(=O)(=O)O)[C@H]1O,False,C10H10N4O9S,362.0168,24
CO[C@@H]1[C@H](O)CO[C@]1(C=O)n1cnc2c(=O)[nH]c(=O)[nH]c21,False,C11H12N4O6,296.0757,21
CO[C@@H]1CO[C@](C=O)(n2cnc3c(=O)[nH]c(=O)[nH]c32)[C@@H]1O,False,C11H12N4O6,296.0757,21
CC(=O)O[C@@H]1[C@H](O)CO[C@]1(C=O)n1cnc2c(=O)[nH]c(=O)[nH]c21,False,C12H12N4O7,324.0706,23
CC(=O)O[C@@H]1CO[C@](C=O)(n2cnc3c(=O)[nH]c(=O)[nH]c32)[C@@H]1O,False,C12H12N4O7,324.0706,23
N#CC(O)[C@]1(n2cnc3c(=O)[nH]c(=O)[nH]c32)OC[C@@H](O)[C@H]1O,False,C11H11N5O6,309.0709,22
O=c1[nH]c(=O)c2ncn([C@H]3OC(CO)[C@@H](O)[C@H]3OS(=O)(=O)O)c2[nH]1,False,C10H12N4O9S,364.0325,24
COC[C@]1(n2cnc3c(=O)[nH]c(=O)[nH]c32)OC[C@@H](O)[C@H]1OS(=O)(=O)O,False,C11H14N4O9S,378.0481,25
CO[C@@H]1CO[C@](CO)(n2cnc3c(=O)[nH]c(=O)[nH]c32)[C@@H]1OS(=O)(=O)O,False,C11H14N4O9S,378.0481,25
C[C@]1(n2cnc3c(=O)[nH]c(=O)[nH]c32)OC[C@@H](O)[C@H]1OS(=O)(=O)O,False,C10H12N4O8S,348.0376,23
O=c1[nH]c(=O)c2ncn([C@H]3OC(CO)[C@@H](OS(=O)(=O)O)[C@H]3O)c2[nH]1,False,C10H12N4O9S,364.0325,24
COC[C@]1(n2cnc3c(=O)[nH]c(=O)[nH]c32)OC[C@@H](OS(=O)(=O)O)[C@H]1O,False,C11H14N4O9S,378.0481,25
CO[C@@H]1[C@H](OS(=O)(=O)O)CO[C@]1(CO)n1cnc2c(=O)[nH]c(=O)[nH]c21,False,C11H14N4O9S,378.0481,25
C[C@]1(n2cnc3c(=O)[nH]c(=O)[nH]c32)OC[C@@H](OS(=O)(=O)O)[C@H]1O,False,C10H12N4O8S,348.0376,23
CO[C@@H]1[C@H](O)CO[C@]1(COS(=O)(=O)O)n1cnc2c(=O)[nH]c(=O)[nH]c21,False,C11H14N4O9S,378.0481,25
CO[C@@H]1CO[C@](COS(=O)(=O)O)(n2cnc3c(=O)[nH]c(=O)[nH]c32)[C@@H]1O,False,C11H14N4O9S,378.0481,25
COC[C@]1(n2cnc3c(=O)[nH]c(=O)[nH]c32)OC[C@@H](O)[C@H]1OC,False,C12H16N4O6,312.107,22
COC[C@]1(n2cnc3c(=O)[nH]c(=O)[nH]c32)OC[C@@H](OC)[C@H]1O,False,C12H16N4O6,312.107,22
COC[C@]1(n2cnc3c(=O)[nH]c(=O)[nH]c32)OC[C@@H](O)[C@H]1OC(C)=O,False,C13H16N4O7,340.1019,24
COC[C@]1(n2cnc3c(=O)[nH]c(=O)[nH]c32)OC[C@@H](OC(C)=O)[C@H]1O,False,C13H16N4O7,340.1019,24
O=COC[C@]1(n2cnc3c(=O)[nH]c(=O)[nH]c32)OC[C@@H](O)[C@H]1O,False,C11H12N4O7,312.0706,22
COC(=O)[C@]1(n2cnc3c(=O)[nH]c(=O)[nH]c32)OC[C@@H](O)[C@H]1O,False,C11H12N4O7,312.0706,22
CO[C@@H]1[C@H](O)C(CO)O[C@@H]1n1cnc2c(=O)[nH]c(=O)[nH]c21,False,C11H14N4O6,298.0913,21
CO[C@@H]1[C@H](OC)CO[C@]1(CO)n1cnc2c(=O)[nH]c(=O)[nH]c21,False,C12H16N4O6,312.107,22
CO[C@@H]1[C@H](O)CO[C@]1(COC(C)=O)n1cnc2c(=O)[nH]c(=O)[nH]c21,False,C13H16N4O7,340.1019,24
CO[C@@H]1[C@H](OC(C)=O)CO[C@]1(CO)n1cnc2c(=O)[nH]c(=O)[nH]c21,False,C13H16N4O7,340.1019,24
CO[C@@H]1[C@H](O)CO[C@]1(C)n1cnc2c(=O)[nH]c(=O)[nH]c21,False,C11H14N4O5,282.0964,20
O=CO[C@@H]1[C@H](O)CO[C@]1(CO)n1cnc2c(=O)[nH]c(=O)[nH]c21,False,C11H12N4O7,312.0706,22
CO[C@@H]1[C@H](O)CO[C@]1(C(=O)O)n1cnc2c(=O)[nH]c(=O)[nH]c21,False,C11H12N4O7,312.0706,22
CO[C@@H]1C(CO)O[C@H](n2cnc3c(=O)[nH]c(=O)[nH]c32)[C@@H]1O,False,C11H14N4O6,298.0913,21
CO[C@@H]1CO[C@](COC(C)=O)(n2cnc3c(=O)[nH]c(=O)[nH]c32)[C@@H]1O,False,C13H16N4O7,340.1019,24
CO[C@@H]1CO[C@](CO)(n2cnc3c(=O)[nH]c(=O)[nH]c32)[C@@H]1OC(C)=O,False,C13H16N4O7,340.1019,24
CO[C@@H]1CO[C@](C)(n2cnc3c(=O)[nH]c(=O)[nH]c32)[C@@H]1O,False,C11H14N4O5,282.0964,20
O=CO[C@@H]1CO[C@](CO)(n2cnc3c(=O)[nH]c(=O)[nH]c32)[C@@H]1O,False,C11H12N4O7,312.0706,22
CO[C@@H]1CO[C@](C(=O)O)(n2cnc3c(=O)[nH]c(=O)[nH]c32)[C@@H]1O,False,C11H12N4O7,312.0706,22
CC(OC=O)[C@]1(n2cnc3c(=O)[nH]c(=O)[nH]c32)OC[C@@H](O)[C@H]1O,False,C12H14N4O7,326.0862,23
C[C@]1(O)[C@H](O)CO[C@]1(COC=O)n1cnc2c(=O)[nH]c(=O)[nH]c21,False,C12H14N4O7,326.0862,23
Cc1nc2c(=O)[nH]c(=O)[nH]c2n1[C@@]1(COC=O)OC[C@@H](O)[C@H]1O,False,C12H14N4O7,326.0862,23
C[C@]1(O)CO[C@](COC=O)(n2cnc3c(=O)[nH]c(=O)[nH]c32)[C@@H]1O,False,C12H14N4O7,326.0862,23
CC1O[C@](COC=O)(n2cnc3c(=O)[nH]c(=O)[nH]c32)[C@H](O)[C@@H]1O,False,C12H14N4O7,326.0862,23
O=c1[nH]c(=O)c2ncn([C@]34COC(O)CO[C@@H]3[C@H](O)CO4)c2[nH]1,False,C12H14N4O7,326.0862,23
O=c1[nH]c(=O)c2ncn([C@@]34COC(O)CO[C@H](CO3)[C@H]4O)c2[nH]1,False,C12H14N4O7,326.0862,23
CC(O)OC1O[C@@H]2[C@H](O)CO[C@@]12n1cnc2c(=O)[nH]c(=O)[nH]c21,False,C12H14N4O7,326.0862,23
CC(O)OC1O[C@@H]2CO[C@]1(n1cnc3c(=O)[nH]c(=O)[nH]c31)[C@@H]2O,False,C12H14N4O7,326.0862,23
CC(O)OC[C@]1(n2cnc3c(=O)[nH]c(=O)[nH]c32)OC[C@H]2O[C@]21O,False,C12H14N4O7,326.0862,23
CC(O)OC[C@]12OC[C@@H](O)[C@H]1Oc1nc3c(=O)[nH]c(=O)[nH]c3n12,False,C12H14N4O7,326.0862,23
CC(O)OC[C@@]12OC[C@@H](Oc3nc4c(=O)[nH]c(=O)[nH]c4n31)[C@H]2O,False,C12H14N4O7,326.0862,23
CC(O)OC[C@]1(n2cnc3c(=O)[nH]c(=O)[nH]c32)OC[C@@]2(O)O[C@H]21,False,C12H14N4O7,326.0862,23
CC(O)OC[C@]1(n2cnc3c(=O)[nH]c(=O)[nH]c32)OC2O[C@@H]1[C@@H]2O,False,C12H14N4O7,326.0862,23
CC(O)OC[C@]1(n2cnc3c(=O)[nH]c(=O)[nH]c32)OC2O[C@H]2[C@H]1O,False,C12H14N4O7,326.0862,23
CC(O)OC[C@]1(n2cnc3c(=O)[nH]c(=O)[nH]c32)OC[C@@H](O)[C@H]1O,False,C12H16N4O7,328.1019,23
CCOC[C@]1(n2cnc3c(=O)[nH]c(=O)[nH]c32)OC[C@@H](O)[C@H]1O,False,C12H16N4O6,312.107,22
CCC(=O)OC[C@]1(n2cnc3c(=O)[nH]c(=O)[nH]c32)OC[C@@H](O)[C@H]1O,False,C13H16N4O7,340.1019,24
CC(=O)OC[C@]1(n2cnc3c(=O)[nH]c(=O)[nH]c32)OC[C@@H](O)[C@H]1OC(C)=O,False,C14H16N4O8,368.0968,26
CC(=O)OC[C@]1(n2cnc3c(=O)[nH]c(=O)[nH]c32)OC[C@@H](OC(C)=O)[C@H]1O,False,C14H16N4O8,368.0968,26
O=C(O)CC(=O)OC[C@]1(n2cnc3c(=O)[nH]c(=O)[nH]c32)OC[C@@H](O)[C@H]1O,False,C13H14N4O9,370.0761,26
CC(O)(C#N)OC[C@]1(n2cnc3c(=O)[nH]c(=O)[nH]c32)OC[C@@H](O)[C@H]1O,False,C13H15N5O7,353.0971,25
CC(N)OC[C@]1(n2cnc3c(=O)[nH]c(=O)[nH]c32)OC[C@@H](O)[C@H]1O,False,C12H17N5O6,327.1179,23
O=C(CO)OC[C@]1(n2cnc3c(=O)[nH]c(=O)[nH]c32)OC[C@@H](O)[C@H]1O,False,C12H14N4O8,342.0812,24
COC(=O)OC[C@]1(n2cnc3c(=O)[nH]c(=O)[nH]c32)OC[C@@H](O)[C@H]1O,False,C12H14N4O8,342.0812,24
O=c1[nH]c(=O)c2ncn([C@@]3(COC(O)CO)OC[C@@H](O)[C@H]3O)c2[nH]1,False,C12H16N4O8,344.0968,24
CC(=O)C[C@]1(n2cnc3c(=O)[nH]c(=O)[nH]c32)OC[C@@H](O)[C@H]1O,False,C12H14N4O6,310.0913,22
CC(=O)OC(=O)[C@]1(n2cnc3c(=O)[nH]c(=O)[nH]c32)OC[C@@H](O)[C@H]1O,False,C12H12N4O8,340.0655,24
CC(=O)OC[C@]1(n2cnc3c(=O)[nH]c(=O)n(C(C)=O)c32)OC[C@@H](O)[C@H]1O,False,C14H16N4O8,368.0968,26
CC(=O)OC[C@]1(n2cnc3c(=O)n(C(C)=O)c(=O)[nH]c32)OC[C@@H](O)[C@H]1O,False,C14H16N4O8,368.0968,26
CC(=O)OC(C)[C@]1(n2cnc3c(=O)[nH]c(=O)[nH]c32)OC[C@@H](O)[C@H]1O,False,C13H16N4O7,340.1019,24
CC(=O)OC[C@]1(n2cnc3c(=O)[nH]c(=O)[nH]c32)OC[C@@H](O)[C@]1(C)O,False,C13H16N4O7,340.1019,24
CC(=O)OC[C@]1(n2c(C)nc3c(=O)[nH]c(=O)[nH]c32)OC[C@@H](O)[C@H]1O,False,C13H16N4O7,340.1019,24
CC(=O)OC[C@]1(n2cnc3c(=O)[nH]c(=O)[nH]c32)OC[C@](C)(O)[C@H]1O,False,C13H16N4O7,340.1019,24
CC(=O)OC[C@]1(n2cnc3c(=O)[nH]c(=O)[nH]c32)OC(C)[C@@H](O)[C@H]1O,False,C13H16N4O7,340.1019,24
CC(=O)O[C@@H]1[C@H](O)C(CO)O[C@@H]1n1cnc2c(=O)[nH]c(=O)[nH]c21,False,C12H14N4O7,326.0862,23
C[C@]1(OC=O)[C@H](O)CO[C@]1(CO)n1cnc2c(=O)[nH]c(=O)[nH]c21,False,C12H14N4O7,326.0862,23
C[C@]1(O)CO[C@](CO)(n2cnc3c(=O)[nH]c(=O)[nH]c32)[C@@H]1OC=O,False,C12H14N4O7,326.0862,23
CC(O)[C@]1(n2cnc3c(=O)[nH]c(=O)[nH]c32)OC[C@@H](O)[C@H]1OC=O,False,C12H14N4O7,326.0862,23
CC1O[C@](CO)(n2cnc3c(=O)[nH]c(=O)[nH]c32)[C@H](OC=O)[C@@H]1O,False,C12H14N4O7,326.0862,23
Cc1nc2c(=O)[nH]c(=O)[nH]c2n1[C@@]1(CO)OC[C@@H](O)[C@H]1OC=O,False,C12H14N4O7,326.0862,23
O=c1[nH]c(=O)c2ncn([C@@]3(CO)OC[C@H]4OCC(O)O[C@H]43)c2[nH]1,False,C12H14N4O7,326.0862,23
O=c1[nH]c(=O)c2ncn([C@]34COCC(O)O[C@@H]3[C@H](O)CO4)c2[nH]1,False,C12H14N4O7,326.0862,23
CC(O)O[C@@]12O[C@@H]1CO[C@]2(CO)n1cnc2c(=O)[nH]c(=O)[nH]c21,False,C12H14N4O7,326.0862,23
CC(O)O[C@]12OC[C@]1(n1cnc3c(=O)[nH]c(=O)[nH]c31)OC[C@H]2O,False,C12H14N4O7,326.0862,23
CC(O)O[C@@H]1[C@@]2(O)CO[C@@]1(n1cnc3c(=O)[nH]c(=O)[nH]c31)CO2,False,C12H14N4O7,326.0862,23
CC(O)O[C@@H]1[C@H]2CO[C@@]1(n1cnc3c(=O)[nH]c(=O)[nH]c31)C(O)O2,False,C12H14N4O7,326.0862,23
CC(O)O[C@@H]1[C@@H]2OC2O[C@]1(CO)n1cnc2c(=O)[nH]c(=O)[nH]c21,False,C12H14N4O7,326.0862,23
CC(O)O[C@@H]1[C@H](O)C2OC[C@]1(n1cnc3c(=O)[nH]c(=O)[nH]c31)O2,False,C12H14N4O7,326.0862,23
CC(O)O[C@@H]1[C@H]2CO[C@]1(CO)n1c(nc3c(=O)[nH]c(=O)[nH]c31)O2,False,C12H14N4O7,326.0862,23
CC(O)O[C@@H]1[C@H](O)CO[C@@]12COc1nc3c(=O)[nH]c(=O)[nH]c3n12,False,C12H14N4O7,326.0862,23
CC(O)O[C@@H]1[C@H](O)CO[C@]1(CO)n1cnc2c(=O)[nH]c(=O)[nH]c21,False,C12H16N4O7,328.1019,23
CCO[C@@H]1[C@H](O)CO[C@]1(CO)n1cnc2c(=O)[nH]c(=O)[nH]c21,False,C12H16N4O6,312.107,22
CCC(=O)O[C@@H]1[C@H](O)CO[C@]1(CO)n1cnc2c(=O)[nH]c(=O)[nH]c21,False,C13H16N4O7,340.1019,24
CC(=O)O[C@@H]1[C@H](OC(C)=O)CO[C@]1(CO)n1cnc2c(=O)[nH]c(=O)[nH]c21,False,C14H16N4O8,368.0968,26
O=C(O)CC(=O)O[C@@H]1[C@H](O)CO[C@]1(CO)n1cnc2c(=O)[nH]c(=O)[nH]c21,False,C13H14N4O9,370.0761,26
CC(O)(C#N)O[C@@H]1[C@H](O)CO[C@]1(CO)n1cnc2c(=O)[nH]c(=O)[nH]c21,False,C13H15N5O7,353.0971,25
CC(N)O[C@@H]1[C@H](O)CO[C@]1(CO)n1cnc2c(=O)[nH]c(=O)[nH]c21,False,C12H17N5O6,327.1179,23
O=C(CO)O[C@@H]1[C@H](O)CO[C@]1(CO)n1cnc2c(=O)[nH]c(=O)[nH]c21,False,C12H14N4O8,342.0812,24
COC(=O)O[C@@H]1[C@H](O)CO[C@]1(CO)n1cnc2c(=O)[nH]c(=O)[nH]c21,False,C12H14N4O8,342.0812,24
O=c1[nH]c(=O)c2ncn([C@@]3(CO)OC[C@@H](O)[C@H]3OC(O)CO)c2[nH]1,False,C12H16N4O8,344.0968,24
CC(=O)O[C@@H]1[C@H](O)CO[C@]1(C)n1cnc2c(=O)[nH]c(=O)[nH]c21,False,C12H14N4O6,310.0913,22
CC(=O)[C@@H]1[C@H](O)CO[C@]1(CO)n1cnc2c(=O)[nH]c(=O)[nH]c21,False,C12H14N4O6,310.0913,22
CC(=O)O[C@@H]1[C@H](O)CO[C@]1(C(=O)O)n1cnc2c(=O)[nH]c(=O)[nH]c21,False,C12H12N4O8,340.0655,24
CC(=O)O[C@@H]1[C@H](O)CO[C@]1(CO)n1cnc2c(=O)[nH]c(=O)n(C(C)=O)c21,False,C14H16N4O8,368.0968,26
CC(=O)O[C@@H]1[C@H](O)CO[C@]1(CO)n1cnc2c(=O)n(C(C)=O)c(=O)[nH]c21,False,C14H16N4O8,368.0968,26
CC(=O)O[C@@]1(C)[C@H](O)CO[C@]1(CO)n1cnc2c(=O)[nH]c(=O)[nH]c21,False,C13H16N4O7,340.1019,24
CC(=O)O[C@@H]1[C@@](C)(O)CO[C@]1(CO)n1cnc2c(=O)[nH]c(=O)[nH]c21,False,C13H16N4O7,340.1019,24
CC(=O)O[C@@H]1[C@H](O)CO[C@]1(C(C)O)n1cnc2c(=O)[nH]c(=O)[nH]c21,False,C13H16N4O7,340.1019,24
CC(=O)O[C@@H]1[C@H](O)C(C)O[C@]1(CO)n1cnc2c(=O)[nH]c(=O)[nH]c21,False,C13H16N4O7,340.1019,24
CC(=O)O[C@@H]1[C@H](O)CO[C@]1(CO)n1c(C)nc2c(=O)[nH]c(=O)[nH]c21,False,C13H16N4O7,340.1019,24
CC(=O)O[C@@H]1C(CO)O[C@H](n2cnc3c(=O)[nH]c(=O)[nH]c32)[C@@H]1O,False,C12H14N4O7,326.0862,23
C[C@]1(OC=O)CO[C@](CO)(n2cnc3c(=O)[nH]c(=O)[nH]c32)[C@@H]1O,False,C12H14N4O7,326.0862,23
C[C@]1(O)[C@H](OC=O)CO[C@]1(CO)n1cnc2c(=O)[nH]c(=O)[nH]c21,False,C12H14N4O7,326.0862,23
CC1O[C@](CO)(n2cnc3c(=O)[nH]c(=O)[nH]c32)[C@H](O)[C@@H]1OC=O,False,C12H14N4O7,326.0862,23
CC(O)[C@]1(n2cnc3c(=O)[nH]c(=O)[nH]c32)OC[C@@H](OC=O)[C@H]1O,False,C12H14N4O7,326.0862,23
Cc1nc2c(=O)[nH]c(=O)[nH]c2n1[C@@]1(CO)OC[C@@H](OC=O)[C@H]1O,False,C12H14N4O7,326.0862,23
O=c1[nH]c(=O)c2ncn([C@@]3(CO)OC[C@H]4OC(O)CO[C@H]43)c2[nH]1,False,C12H14N4O7,326.0862,23
O=c1[nH]c(=O)c2ncn([C@@]34COCC(O)O[C@H](CO3)[C@H]4O)c2[nH]1,False,C12H14N4O7,326.0862,23
CC(O)O[C@@]12CO[C@](CO)(n3cnc4c(=O)[nH]c(=O)[nH]c43)[C@@H]1O2,False,C12H14N4O7,326.0862,23
CC(O)O[C@]12CO[C@@](n3cnc4c(=O)[nH]c(=O)[nH]c43)(CO1)[C@@H]2O,False,C12H14N4O7,326.0862,23
CC(O)O[C@@H]1CO[C@@]2(n3cnc4c(=O)[nH]c(=O)[nH]c43)CO[C@]12O,False,C12H14N4O7,326.0862,23
CC(O)O[C@@H]1C2O[C@H]1[C@@](CO)(n1cnc3c(=O)[nH]c(=O)[nH]c31)O2,False,C12H14N4O7,326.0862,23
CC(O)O[C@@H]1C2OC[C@](n3cnc4c(=O)[nH]c(=O)[nH]c43)(O2)[C@@H]1O,False,C12H14N4O7,326.0862,23
CC(O)O[C@@H]1CO[C@@]2(n3cnc4c(=O)[nH]c(=O)[nH]c43)C(O)O[C@H]12,False,C12H14N4O7,326.0862,23
CC(O)O[C@@H]1CO[C@@]2(CO)[C@@H]1Oc1nc3c(=O)[nH]c(=O)[nH]c3n12,False,C12H14N4O7,326.0862,23
CC(O)O[C@@H]1CO[C@@]2(COc3nc4c(=O)[nH]c(=O)[nH]c4n32)[C@@H]1O,False,C12H14N4O7,326.0862,23
CC(O)O[C@@H]1CO[C@](CO)(n2cnc3c(=O)[nH]c(=O)[nH]c32)[C@@H]1O,False,C12H16N4O7,328.1019,23
CCO[C@@H]1CO[C@](CO)(n2cnc3c(=O)[nH]c(=O)[nH]c32)[C@@H]1O,False,C12H16N4O6,312.107,22
CCC(=O)O[C@@H]1CO[C@](CO)(n2cnc3c(=O)[nH]c(=O)[nH]c32)[C@@H]1O,False,C13H16N4O7,340.1019,24
O=C(O)CC(=O)O[C@@H]1CO[C@](CO)(n2cnc3c(=O)[nH]c(=O)[nH]c32)[C@@H]1O,False,C13H14N4O9,370.0761,26
CC(O)(C#N)O[C@@H]1CO[C@](CO)(n2cnc3c(=O)[nH]c(=O)[nH]c32)[C@@H]1O,False,C13H15N5O7,353.0971,25
CC(N)O[C@@H]1CO[C@](CO)(n2cnc3c(=O)[nH]c(=O)[nH]c32)[C@@H]1O,False,C12H17N5O6,327.1179,23
O=C(CO)O[C@@H]1CO[C@](CO)(n2cnc3c(=O)[nH]c(=O)[nH]c32)[C@@H]1O,False,C12H14N4O8,342.0812,24
COC(=O)O[C@@H]1CO[C@](CO)(n2cnc3c(=O)[nH]c(=O)[nH]c32)[C@@H]1O,False,C12H14N4O8,342.0812,24
O=c1[nH]c(=O)c2ncn([C@@]3(CO)OC[C@@H](OC(O)CO)[C@H]3O)c2[nH]1,False,C12H16N4O8,344.0968,24
CC(=O)O[C@@H]1CO[C@](C)(n2cnc3c(=O)[nH]c(=O)[nH]c32)[C@@H]1O,False,C12H14N4O6,310.0913,22
CC(=O)[C@@H]1CO[C@](CO)(n2cnc3c(=O)[nH]c(=O)[nH]c32)[C@@H]1O,False,C12H14N4O6,310.0913,22
CC(=O)O[C@@H]1CO[C@](C(=O)O)(n2cnc3c(=O)[nH]c(=O)[nH]c32)[C@@H]1O,False,C12H12N4O8,340.0655,24
CC(=O)O[C@@H]1CO[C@](CO)(n2cnc3c(=O)[nH]c(=O)n(C(C)=O)c32)[C@@H]1O,False,C14H16N4O8,368.0968,26
CC(=O)O[C@@H]1CO[C@](CO)(n2cnc3c(=O)n(C(C)=O)c(=O)[nH]c32)[C@@H]1O,False,C14H16N4O8,368.0968,26
CC(=O)O[C@@]1(C)CO[C@](CO)(n2cnc3c(=O)[nH]c(=O)[nH]c32)[C@@H]1O,False,C13H16N4O7,340.1019,24
CC(=O)O[C@@H]1CO[C@](CO)(n2cnc3c(=O)[nH]c(=O)[nH]c32)[C@@]1(C)O,False,C13H16N4O7,340.1019,24
CC(=O)O[C@@H]1C(C)O[C@](CO)(n2cnc3c(=O)[nH]c(=O)[nH]c32)[C@@H]1O,False,C13H16N4O7,340.1019,24
CC(=O)O[C@@H]1CO[C@](C(C)O)(n2cnc3c(=O)[nH]c(=O)[nH]c32)[C@@H]1O,False,C13H16N4O7,340.1019,24
CC(=O)O[C@@H]1CO[C@](CO)(n2c(C)nc3c(=O)[nH]c(=O)[nH]c32)[C@@H]1O,False,C13H16N4O7,340.1019,24
O=c1[nH]c(=O)c2ncn([C@@]34OC[C@@H](O)[C@@]3(O)OC4O)c2[nH]1,False,C10H10N4O7,298.0549,21
O=c1[nH]c(=O)c2ncn([C@@]3(C(O)O)OC[C@H]4O[C@]43O)c2[nH]1,False,C10H10N4O7,298.0549,21
O=c1[nH]c(=O)c2nc3n(c2[nH]1)[C@]1(OC[C@@H](O)[C@H]1O)C(O)O3,False,C10H10N4O7,298.0549,21
O=c1[nH]c(=O)c2nc3n(c2[nH]1)[C@@]1(C(O)O)OC[C@@H](O)[C@H]1O3,False,C10H10N4O7,298.0549,21
O=c1[nH]c(=O)c2nc3n(c2[nH]1)[C@@]1(C(O)O)OC[C@@H](O3)[C@H]1O,False,C10H10N4O7,298.0549,21
O=c1[nH]c(=O)c2ncn([C@]34OC[C@@](O)(OC3O)[C@H]4O)c2[nH]1,False,C10H10N4O7,298.0549,21
O=c1[nH]c(=O)c2ncn([C@@]3(C(O)O)OC[C@@]4(O)O[C@H]43)c2[nH]1,False,C10H10N4O7,298.0549,21
O=c1[nH]c(=O)c2ncn([C@]34OC(OC3O)[C@@H](O)[C@H]4O)c2[nH]1,False,C10H10N4O7,298.0549,21
O=c1[nH]c(=O)c2ncn([C@@]3(C(O)O)OC4O[C@@H]3[C@@H]4O)c2[nH]1,False,C10H10N4O7,298.0549,21
O=c1[nH]c(=O)c2ncn([C@@]3(C(O)O)OC4O[C@H]4[C@H]3O)c2[nH]1,False,C10H10N4O7,298.0549,21
O=c1[nH]c(=O)c2ncn([C@@]3(C(O)O)OC[C@@H](O)[C@H]3O)c2[nH]1,False,C10H12N4O7,300.0706,21
N#CC(O)(O)[C@]1(n2cnc3c(=O)[nH]c(=O)[nH]c32)OC[C@@H](O)[C@H]1O,False,C11H11N5O7,325.0658,23
NC(=O)[C@]1(n2cnc3c(=O)[nH]c(=O)[nH]c32)OC[C@@H](O)[C@H]1O,False,C10H11N5O6,297.0709,21
O=c1[nH]c(=O)c2ncn([C@@H]3OC[C@@](O)(CO)[C@H]3O)c2[nH]1,False,C10H12N4O6,284.0757,20
CO[C@@]1(COP(=O)(O)O)CO[C@@H](n2cnc3c(=O)[nH]c(=O)[nH]c32)[C@@H]1O,False,C11H15N4O9P,378.0577,25
CO[C@H]1[C@H](n2cnc3c(=O)[nH]c(=O)[nH]c32)OC[C@@]1(O)COP(=O)(O)O,False,C11H15N4O9P,378.0577,25
O=c1[nH]c(=O)c2ncn([C@@H]3OC[C@@H](O)[C@@]3(O)CO)c2[nH]1,False,C10H12N4O6,284.0757,20
CO[C@@]1(COP(=O)(O)O)[C@H](O)CO[C@H]1n1cnc2c(=O)[nH]c(=O)[nH]c21,False,C11H15N4O9P,378.0577,25
CO[C@@H]1CO[C@@H](n2cnc3c(=O)[nH]c(=O)[nH]c32)[C@]1(O)COP(=O)(O)O,False,C11H15N4O9P,378.0577,25
O=c1[nH]c(=O)c2nc(CO)n([C@@H]3OC[C@@H](O)[C@H]3O)c2[nH]1,False,C10H12N4O6,284.0757,20
CO[C@@H]1[C@H](O)CO[C@H]1n1c(COP(=O)(O)O)nc2c(=O)[nH]c(=O)[nH]c21,False,C11H15N4O9P,378.0577,25
CO[C@@H]1CO[C@@H](n2c(COP(=O)(O)O)nc3c(=O)[nH]c(=O)[nH]c32)[C@@H]1O,False,C11H15N4O9P,378.0577,25
CO[C@@H]1[C@@H]2OP(=O)(O)OC[C@H]2O[C@H]1n1cnc2c(=O)[nH]c(=O)[nH]c21,False,C11H13N4O8P,360.0471,24
CC(=O)O[C@@H]1[C@@H]2OP(=O)(O)OC[C@H]2O[C@H]1n1cnc2c(=O)[nH]c(=O)[nH]c21,False,C12H13N4O9P,388.042,26
CO[C@H]1[C@H]2OP(=O)(O)OC[C@H]1O[C@H]2n1cnc2c(=O)[nH]c(=O)[nH]c21,False,C11H13N4O8P,360.0471,24
CC(=O)O[C@H]1[C@H]2OP(=O)(O)OC[C@H]1O[C@H]2n1cnc2c(=O)[nH]c(=O)[nH]c21,False,C12H13N4O9P,388.042,26
O=c1[nH]c(=O)c2ncn([C@@H]3OC[C@@H](OCCOP(=O)(O)O)[C@H]3O)c2[nH]1,False,C11H15N4O9P,378.0577,25
CO[C@@H]1[C@H](OC)[C@@H](COP(=O)(O)O)O[C@H]1n1cnc2c(=O)[nH]c(=O)[nH]c21,False,C12H17N4O9P,392.0733,26
CO[C@H]1[C@@H](O)[C@H](n2c[n+](C)c3c(=O)[nH]c(=O)[nH]c32)O[C@@H]1COP(=O)(O)O,False,C12H18N4O9P+,393.0806,26
O=c1[nH]c(=O)c2ncn([C@@H]3OC[C@@H](O)[C@H]3OCCOP(=O)(O)O)c2[nH]1,False,C11H15N4O9P,378.0577,25
CO[C@@H]1[C@H](O)[C@@H](COP(=O)(O)O)O[C@H]1n1c[n+](C)c2c(=O)[nH]c(=O)[nH]c21,False,C12H18N4O9P+,393.0806,26
C[n+]1cn([C@@]2(COP(=O)(O)O)OC[C@@H](O)[C@H]2O)c2[nH]c(=O)[nH]c(=O)c21,False,C11H16N4O9P+,379.0649,25
O=c1[nH]c(=O)c2c([nH]1)n([C@@H]1OC[C@@H](O)[C@H]1O)c[n+]2CCOP(=O)(O)O,False,C11H16N4O9P+,379.0649,25
C[n+]1c(COP(=O)(O)O)n([C@@H]2OC[C@@H](O)[C@H]2O)c2[nH]c(=O)[nH]c(=O)c21,False,C11H16N4O9P+,379.0649,25
C[n+]1cn([C@@H]2OC[C@@H](O)[C@@]2(O)COP(=O)(O)O)c2[nH]c(=O)[nH]c(=O)c21,False,C11H16N4O9P+,379.0649,25
C[n+]1cn([C@@H]2OC[C@@](O)(COP(=O)(O)O)[C@H]2O)c2[nH]c(=O)[nH]c(=O)c21,False,C11H16N4O9P+,379.0649,25
C[n+]1cn([C@@H]2O[C@@H]3COP(=O)(O)O[C@H]3[C@H]2O)c2[nH]c(=O)[nH]c(=O)c21,False,C11H14N4O8P+,361.0544,24
C[n+]1cn([C@@H]2O[C@@H]3COP(=O)(O)O[C@@H]2[C@@H]3O)c2[nH]c(=O)[nH]c(=O)c21,False,C11H14N4O8P+,361.0544,24
Cn1c(=O)[nH]c(=O)c2c1n([C@@H]1O[C@H](COP(=O)(O)O)[C@@H](O)[C@H]1O)c[n+]2C,False,C12H18N4O9P+,393.0806,26
O=c1[nH]c(=O)c2[nH+]cn([C@@H]3O[C@H](COP(=O)(O)O)[C@@H](O)[C@H]3O)c2[nH]1,False,C10H14N4O9P+,365.0493,24
Cn1c(=O)[nH]c2c(c1=O)[n+](C)cn2[C@@H]1O[C@H](COP(=O)(O)O)[C@@H](O)[C@H]1O,False,C12H18N4O9P+,393.0806,26
O=c1[nH]c(=O)c2ncn([C@@H]3OC[C@H]4OP(=O)(O)O[C@@]43CO)c2[nH]1,False,C10H11N4O8P,346.0314,23
O=c1[nH]c(=O)c2ncn([C@@H]3OC[C@]4(CO)OP(=O)(O)O[C@@H]34)c2[nH]1,False,C10H11N4O8P,346.0314,23
O=c1[nH]c(=O)c2ncn([C@@]3(CO)OC[C@H]4OP(=O)(O)O[C@H]43)c2[nH]1,False,C10H11N4O8P,346.0314,23
O=c1[nH]c(=O)c2nc(CO)n([C@@H]3OC[C@H]4OP(=O)(O)O[C@@H]34)c2[nH]1,False,C10H11N4O8P,346.0314,23
O=C[C@H]1O[C@@H](n2cnc3c(=O)[nH]c(=O)[nH]c32)[C@@H]2OP(=O)(O)O[C@@H]21,False,C10H9N4O8P,344.0158,23
COC[C@H]1O[C@@H](n2cnc3c(=O)[nH]c(=O)[nH]c32)[C@@H]2OP(=O)(O)O[C@@H]21,False,C11H13N4O8P,360.0471,24
CC(=O)OC[C@H]1O[C@@H](n2cnc3c(=O)[nH]c(=O)[nH]c32)[C@@H]2OP(=O)(O)O[C@@H]21,False,C12H13N4O9P,388.042,26
C[C@H]1O[C@@H](n2cnc3c(=O)[nH]c(=O)[nH]c32)[C@@H]2OP(=O)(O)O[C@@H]21,False,C10H11N4O7P,330.0365,22
O=C(O)[C@H]1O[C@@H](n2cnc3c(=O)[nH]c(=O)[nH]c32)[C@@H]2OP(=O)(O)O[C@@H]21,False,C10H9N4O9P,360.0107,24
O=c1[nH]c(=O)c2ncn([C@@H]3O[C@]4(CO)O[C@@H]3[C@@H]4OP(=O)(O)O)c2[nH]1,False,C10H11N4O9P,362.0264,24
O=c1[nH]c(=O)c2ncn([C@@H]3O[C@]4(CO)OP(=O)(O)O[C@H]4[C@H]3O)c2[nH]1,False,C10H11N4O9P,362.0264,24
O=c1[nH]c(=O)c2ncn([C@@H]3O[C@H](CO)[C@@]4(OP(=O)(O)O)O[C@@H]34)c2[nH]1,False,C10H11N4O9P,362.0264,24
O=c1[nH]c(=O)c2ncn([C@@H]3O[C@H](CO)C4(OP(=O)(O)O4)[C@H]3O)c2[nH]1,False,C10H11N4O9P,362.0264,24
O=c1[nH]c(=O)c2ncn([C@@H]3O[C@H](CO)[C@H]4OP(=O)(O)O[C@]43O)c2[nH]1,False,C10H11N4O9P,362.0264,24
O=c1[nH]c(=O)c2ncn([C@]34O[C@@H]3[C@H](OP(=O)(O)O)[C@@H](CO)O4)c2[nH]1,False,C10H11N4O9P,362.0264,24
O=c1[nH]c(=O)c2ncn([C@]34O[C@H](CO)[C@@H](OP(=O)(O)O3)[C@H]4O)c2[nH]1,False,C10H11N4O9P,362.0264,24
O=c1[nH]c(=O)c2nc3n(c2[nH]1)[C@@H]1O[C@H](CO)[C@@H](OP(=O)(O)O)[C@H]1O3,False,C10H11N4O9P,362.0264,24
O=c1[nH]c(=O)c2nc3n(c2[nH]1)[C@@H]1O[C@H](CO)[C@@H](OP(=O)(O)O3)[C@H]1O,False,C10H11N4O9P,362.0264,24
CO[C@@H]1[C@H](OP(=O)(O)O)[C@@H](C=O)O[C@H]1n1cnc2c(=O)[nH]c(=O)[nH]c21,False,C11H13N4O9P,376.042,25
N#CC(O)[C@H]1O[C@@H](n2cnc3c(=O)[nH]c(=O)[nH]c32)[C@H](O)[C@@H]1OP(=O)(O)O,False,C11H12N5O9P,389.0373,26
COC[C@H]1O[C@@H](n2cnc3c(=O)[nH]c(=O)[nH]c32)[C@H](OC)[C@@H]1OP(=O)(O)O,False,C12H17N4O9P,392.0733,26
COC[C@H]1O[C@@H](n2c[n+](C)c3c(=O)[nH]c(=O)[nH]c32)[C@H](O)[C@@H]1OP(=O)(O)O,False,C12H18N4O9P+,393.0806,26
CO[C@@H]1[C@H](OP(=O)(O)O)[C@@H](CO)O[C@H]1n1c[n+](C)c2c(=O)[nH]c(=O)[nH]c21,False,C12H18N4O9P+,393.0806,26
CO[C@@H]1[C@H](OP(=O)(O)O)[C@@H](C)O[C@H]1n1cnc2c(=O)[nH]c(=O)[nH]c21,False,C11H15N4O8P,362.0628,24
C[n+]1cn([C@@]2(CO)OC[C@@H](OP(=O)(O)O)[C@H]2O)c2[nH]c(=O)[nH]c(=O)c21,False,C11H16N4O9P+,379.0649,25
C[n+]1cn([C@@H]2O[C@H](CO)[C@H]3OP(=O)(O)O[C@H]32)c2[nH]c(=O)[nH]c(=O)c21,False,C11H14N4O8P+,361.0544,24
C[n+]1cn([C@@H]2O[C@H](C=O)[C@@H](OP(=O)(O)O)[C@H]2O)c2[nH]c(=O)[nH]c(=O)c21,False,C11H14N4O9P+,377.0493,25
Cn1c(=O)[nH]c(=O)c2c1n([C@@H]1O[C@H](CO)[C@@H](OP(=O)(O)O)[C@H]1O)c[n+]2C,False,C12H18N4O9P+,393.0806,26
C[C@H]1O[C@@H](n2c[n+](C)c3c(=O)[nH]c(=O)[nH]c32)[C@H](O)[C@@H]1OP(=O)(O)O,False,C11H16N4O8P+,363.07,24
O=c1[nH]c(=O)c2[nH+]cn([C@@H]3O[C@H](CO)[C@@H](OP(=O)(O)O)[C@H]3O)c2[nH]1,False,C10H14N4O9P+,365.0493,24
Cn1c(=O)[nH]c2c(c1=O)[n+](C)cn2[C@@H]1O[C@H](CO)[C@@H](OP(=O)(O)O)[C@H]1O,False,C12H18N4O9P+,393.0806,26
CC(=O)O[C@@H]1[C@H](OP(=O)(O)O)[C@@H](C)O[C@H]1n1cnc2c(=O)[nH]c(=O)[nH]c21,False,C12H15N4O9P,390.0577,26
O=c1[nH]c(=O)c2ncn([C@@H]3O[C@]4(CO)O[C@H]4[C@H]3OP(=O)(O)O)c2[nH]1,False,C10H11N4O9P,362.0264,24
O=c1[nH]c(=O)c2ncn([C@@H]3O[C@]4(CO)OP(=O)(O)O[C@@H]3[C@@H]4O)c2[nH]1,False,C10H11N4O9P,362.0264,24
O=c1[nH]c(=O)c2ncn([C@@H]3O[C@H](CO)[C@@]4(O)OP(=O)(O)O[C@@H]34)c2[nH]1,False,C10H11N4O9P,362.0264,24
O=c1[nH]c(=O)c2ncn([C@@H]3O[C@H](CO)[C@H]4O[C@]43OP(=O)(O)O)c2[nH]1,False,C10H11N4O9P,362.0264,24
O=c1[nH]c(=O)c2ncn([C@@H]3O[C@H](CO)[C@@H](O)C34OP(=O)(O)O4)c2[nH]1,False,C10H11N4O9P,362.0264,24
O=c1[nH]c(=O)c2ncn([C@]34O[C@@H]([C@H]3OP(=O)(O)O)[C@@H](CO)O4)c2[nH]1,False,C10H11N4O9P,362.0264,24
O=c1[nH]c(=O)c2ncn([C@@]34O[C@H](CO)[C@@H](O)[C@H]3OP(=O)(O)O4)c2[nH]1,False,C10H11N4O9P,362.0264,24
O=c1[nH]c(=O)c2nc3n(c2[nH]1)[C@@H]1O[C@H](CO)[C@@H](O3)[C@H]1OP(=O)(O)O,False,C10H11N4O9P,362.0264,24
O=c1[nH]c(=O)c2nc3n(c2[nH]1)[C@@H]1O[C@H](CO)[C@@H](O)[C@H]1OP(=O)(O)O3,False,C10H11N4O9P,362.0264,24
CO[C@H]1[C@@H](OP(=O)(O)O)[C@H](n2cnc3c(=O)[nH]c(=O)[nH]c32)O[C@@H]1C=O,False,C11H13N4O9P,376.042,25
N#CC(O)[C@H]1O[C@@H](n2cnc3c(=O)[nH]c(=O)[nH]c32)[C@H](OP(=O)(O)O)[C@@H]1O,False,C11H12N5O9P,389.0373,26
COC[C@H]1O[C@@H](n2cnc3c(=O)[nH]c(=O)[nH]c32)[C@H](OP(=O)(O)O)[C@@H]1OC,False,C12H17N4O9P,392.0733,26
COC[C@H]1O[C@@H](n2c[n+](C)c3c(=O)[nH]c(=O)[nH]c32)[C@H](OP(=O)(O)O)[C@@H]1O,False,C12H18N4O9P+,393.0806,26
CO[C@H]1[C@@H](OP(=O)(O)O)[C@H](n2c[n+](C)c3c(=O)[nH]c(=O)[nH]c32)O[C@@H]1CO,False,C12H18N4O9P+,393.0806,26
CO[C@H]1[C@@H](OP(=O)(O)O)[C@H](n2cnc3c(=O)[nH]c(=O)[nH]c32)O[C@@H]1C,False,C11H15N4O8P,362.0628,24
C[n+]1cn([C@@]2(CO)OC[C@@H](O)[C@H]2OP(=O)(O)O)c2[nH]c(=O)[nH]c(=O)c21,False,C11H16N4O9P+,379.0649,25
C[n+]1cn([C@@H]2O[C@H](C=O)[C@@H](O)[C@H]2OP(=O)(O)O)c2[nH]c(=O)[nH]c(=O)c21,False,C11H14N4O9P+,377.0493,25
Cn1c(=O)[nH]c(=O)c2c1n([C@@H]1O[C@H](CO)[C@@H](O)[C@H]1OP(=O)(O)O)c[n+]2C,False,C12H18N4O9P+,393.0806,26
C[C@H]1O[C@@H](n2c[n+](C)c3c(=O)[nH]c(=O)[nH]c32)[C@H](OP(=O)(O)O)[C@@H]1O,False,C11H16N4O8P+,363.07,24
O=c1[nH]c(=O)c2[nH+]cn([C@@H]3O[C@H](CO)[C@@H](O)[C@H]3OP(=O)(O)O)c2[nH]1,False,C10H14N4O9P+,365.0493,24
Cn1c(=O)[nH]c2c(c1=O)[n+](C)cn2[C@@H]1O[C@H](CO)[C@@H](O)[C@H]1OP(=O)(O)O,False,C12H18N4O9P+,393.0806,26
CC(=O)O[C@H]1[C@@H](OP(=O)(O)O)[C@H](n2cnc3c(=O)[nH]c(=O)[nH]c32)O[C@@H]1C,False,C12H15N4O9P,390.0577,26
O=c1[nH]c(=O)c2ncn([C@@H]3O[C@@H]4O[C@]4(CO)[C@H]3O)c2[nH]1,False,C10H10N4O6,282.06,20
O=c1[nH]c(=O)c2ncn([C@@H]3O[C@@H]4O[C@H]4[C@@]3(O)CO)c2[nH]1,False,C10H10N4O6,282.06,20
O=c1[nH]c(=O)c2ncn([C@@]3(CO)O[C@@H]4O[C@H]4[C@H]3O)c2[nH]1,False,C10H10N4O6,282.06,20
O=c1[nH]c(=O)c2nc(CO)n([C@@H]3O[C@@H]4O[C@H]4[C@H]3O)c2[nH]1,False,C10H10N4O6,282.06,20
O=c1[nH]c(=O)c2ncn([C@@H]3O[C@]4(COP(=O)(O)O)O[C@H]4[C@H]3O)c2[nH]1,False,C10H11N4O9P,362.0264,24
O=C[C@]12O[C@@H](n3cnc4c(=O)[nH]c(=O)[nH]c43)[C@H](O)[C@@H]1O2,False,C10H8N4O6,280.0444,20
O=c1[nH]c(=O)c2ncn([C@@H]3O[C@]4(CO)O[C@H]4[C@H]3OS(=O)(=O)O)c2[nH]1,False,C10H10N4O9S,362.0168,24
O=c1[nH]c(=O)c2ncn([C@@H]3O[C@]4(COS(=O)(=O)O)O[C@H]4[C@H]3O)c2[nH]1,False,C10H10N4O9S,362.0168,24
COC[C@]12O[C@@H](n3cnc4c(=O)[nH]c(=O)[nH]c43)[C@H](O)[C@@H]1O2,False,C11H12N4O6,296.0757,21
CO[C@H]1[C@H](n2cnc3c(=O)[nH]c(=O)[nH]c32)O[C@]2(CO)O[C@@H]12,False,C11H12N4O6,296.0757,21
CC(=O)OC[C@]12O[C@@H](n3cnc4c(=O)[nH]c(=O)[nH]c43)[C@H](O)[C@@H]1O2,False,C12H12N4O7,324.0706,23
CC(=O)O[C@H]1[C@H](n2cnc3c(=O)[nH]c(=O)[nH]c32)O[C@]2(CO)O[C@@H]12,False,C12H12N4O7,324.0706,23
O=c1[nH]c(=O)c2ncn([C@@H]3O[C@@](O)(CO)[C@@H](O)[C@H]3O)c2[nH]1,False,C10H12N4O7,300.0706,21
C[C@]12O[C@@H](n3cnc4c(=O)[nH]c(=O)[nH]c43)[C@H](O)[C@@H]1O2,False,C10H10N4O5,266.0651,19
O=c1[nH]c(=O)c2ncn([C@@H]3OC(CO)=C[C@H]3O)c2[nH]1,False,C10H10N4O5,266.0651,19
O=C(O)[C@]12O[C@@H](n3cnc4c(=O)[nH]c(=O)[nH]c43)[C@H](O)[C@@H]1O2,False,C10H8N4O7,296.0393,21
O=c1[nH]c(=O)c2ncn([C@@H]3O[C@@H]4O[C@@H]3[C@]4(O)CO)c2[nH]1,False,C10H10N4O6,282.06,20
O=c1[nH]c(=O)c2ncn([C@@H]3O[C@@H]4O[C@@]3(CO)[C@@H]4O)c2[nH]1,False,C10H10N4O6,282.06,20
O=c1[nH]c(=O)c2ncn([C@@]3(CO)O[C@@H]4O[C@@H]3[C@@H]4O)c2[nH]1,False,C10H10N4O6,282.06,20
O=c1[nH]c(=O)c2nc(CO)n([C@@H]3O[C@@H]4O[C@@H]3[C@@H]4O)c2[nH]1,False,C10H10N4O6,282.06,20
O=c1[nH]c(=O)c2ncn([C@@H]3O[C@]4(COP(=O)(O)O)O[C@@H]3[C@@H]4O)c2[nH]1,False,C10H11N4O9P,362.0264,24
O=C[C@]12O[C@@H]([C@H](n3cnc4c(=O)[nH]c(=O)[nH]c43)O1)[C@@H]2O,False,C10H8N4O6,280.0444,20
O=c1[nH]c(=O)c2ncn([C@@H]3O[C@]4(CO)O[C@@H]3[C@@H]4OS(=O)(=O)O)c2[nH]1,False,C10H10N4O9S,362.0168,24
O=c1[nH]c(=O)c2ncn([C@@H]3O[C@]4(COS(=O)(=O)O)O[C@@H]3[C@@H]4O)c2[nH]1,False,C10H10N4O9S,362.0168,24
COC[C@]12O[C@@H]([C@H](n3cnc4c(=O)[nH]c(=O)[nH]c43)O1)[C@@H]2O,False,C11H12N4O6,296.0757,21
CO[C@H]1[C@H]2O[C@@]1(CO)O[C@H]2n1cnc2c(=O)[nH]c(=O)[nH]c21,False,C11H12N4O6,296.0757,21
CC(=O)OC[C@]12O[C@@H]([C@H](n3cnc4c(=O)[nH]c(=O)[nH]c43)O1)[C@@H]2O,False,C12H12N4O7,324.0706,23
CC(=O)O[C@H]1[C@H]2O[C@@]1(CO)O[C@H]2n1cnc2c(=O)[nH]c(=O)[nH]c21,False,C12H12N4O7,324.0706,23
C[C@]12O[C@@H]([C@H](n3cnc4c(=O)[nH]c(=O)[nH]c43)O1)[C@@H]2O,False,C10H10N4O5,266.0651,19
O=C(O)[C@]12O[C@@H]([C@H](n3cnc4c(=O)[nH]c(=O)[nH]c43)O1)[C@@H]2O,False,C10H8N4O7,296.0393,21
O=c1[nH]c(=O)c2ncn([C@@H]3OC[C@@]4(O)O[C@]34CO)c2[nH]1,False,C10H10N4O6,282.06,20
O=c1[nH]c(=O)c2nc(CO)n([C@@H]3OC[C@@]4(O)O[C@@H]34)c2[nH]1,False,C10H10N4O6,282.06,20
O=c1[nH]c(=O)c2ncn([C@@H]3O[C@H](COP(=O)(O)O)[C@@]4(O)O[C@@H]34)c2[nH]1,False,C10H11N4O9P,362.0264,24
O=C[C@H]1O[C@@H](n2cnc3c(=O)[nH]c(=O)[nH]c32)[C@@H]2O[C@]12O,False,C10H8N4O6,280.0444,20
O=c1[nH]c(=O)c2ncn([C@@H]3O[C@H](CO)[C@@]4(OS(=O)(=O)O)O[C@@H]34)c2[nH]1,False,C10H10N4O9S,362.0168,24
O=c1[nH]c(=O)c2ncn([C@@H]3O[C@H](COS(=O)(=O)O)[C@@]4(O)O[C@@H]34)c2[nH]1,False,C10H10N4O9S,362.0168,24
COC[C@H]1O[C@@H](n2cnc3c(=O)[nH]c(=O)[nH]c32)[C@@H]2O[C@]12O,False,C11H12N4O6,296.0757,21
CO[C@]12O[C@H]1[C@H](n1cnc3c(=O)[nH]c(=O)[nH]c31)O[C@@H]2CO,False,C11H12N4O6,296.0757,21
CC(=O)OC[C@H]1O[C@@H](n2cnc3c(=O)[nH]c(=O)[nH]c32)[C@@H]2O[C@]12O,False,C12H12N4O7,324.0706,23
CC(=O)O[C@]12O[C@H]1[C@H](n1cnc3c(=O)[nH]c(=O)[nH]c31)O[C@@H]2CO,False,C12H12N4O7,324.0706,23
O=c1[nH]c(=O)c2ncn([C@@H]3O[C@H](CO)C(O)(O)[C@H]3O)c2[nH]1,False,C10H12N4O7,300.0706,21
C[C@H]1O[C@@H](n2cnc3c(=O)[nH]c(=O)[nH]c32)[C@@H]2O[C@]12O,False,C10H10N4O5,266.0651,19
O=C(O)[C@H]1O[C@@H](n2cnc3c(=O)[nH]c(=O)[nH]c32)[C@@H]2O[C@]12O,False,C10H8N4O7,296.0393,21
O=c1[nH]c(=O)c2ncn([C@@H]3OC[C@]4(CO)O[C@@]34O)c2[nH]1,False,C10H10N4O6,282.06,20
O=c1[nH]c(=O)c2nc(CO)n([C@@H]3OC[C@H]4O[C@]43O)c2[nH]1,False,C10H10N4O6,282.06,20
O=c1[nH]c(=O)c2ncn([C@@H]3O[C@H](COP(=O)(O)O)[C@H]4O[C@]43O)c2[nH]1,False,C10H11N4O9P,362.0264,24
O=C[C@H]1O[C@@H](n2cnc3c(=O)[nH]c(=O)[nH]c32)[C@]2(O)O[C@H]12,False,C10H8N4O6,280.0444,20
O=c1[nH]c(=O)c2ncn([C@@H]3O[C@H](CO)[C@H]4O[C@]43OS(=O)(=O)O)c2[nH]1,False,C10H10N4O9S,362.0168,24
O=c1[nH]c(=O)c2ncn([C@@H]3O[C@H](COS(=O)(=O)O)[C@H]4O[C@]43O)c2[nH]1,False,C10H10N4O9S,362.0168,24
COC[C@H]1O[C@@H](n2cnc3c(=O)[nH]c(=O)[nH]c32)[C@]2(O)O[C@H]12,False,C11H12N4O6,296.0757,21
CO[C@@]12O[C@@H]1[C@@H](CO)O[C@H]2n1cnc2c(=O)[nH]c(=O)[nH]c21,False,C11H12N4O6,296.0757,21
CC(=O)OC[C@H]1O[C@@H](n2cnc3c(=O)[nH]c(=O)[nH]c32)[C@]2(O)O[C@H]12,False,C12H12N4O7,324.0706,23
CC(=O)O[C@@]12O[C@@H]1[C@@H](CO)O[C@H]2n1cnc2c(=O)[nH]c(=O)[nH]c21,False,C12H12N4O7,324.0706,23
O=c1[nH]c(=O)c2ncn([C@@H]3O[C@H](CO)[C@@H](O)C3(O)O)c2[nH]1,False,C10H12N4O7,300.0706,21
C[C@H]1O[C@@H](n2cnc3c(=O)[nH]c(=O)[nH]c32)[C@]2(O)O[C@H]12,False,C10H10N4O5,266.0651,19
O=C(O)[C@H]1O[C@@H](n2cnc3c(=O)[nH]c(=O)[nH]c32)[C@]2(O)O[C@H]12,False,C10H8N4O7,296.0393,21
O=c1[nH]c(=O)c2ncn([C@]34OC[C@@H](O3)[C@@]4(O)CO)c2[nH]1,False,C10H10N4O6,282.06,20
O=c1[nH]c(=O)c2ncn([C@]34OC[C@](CO)(O3)[C@H]4O)c2[nH]1,False,C10H10N4O6,282.06,20
O=c1[nH]c(=O)c2nc(CO)n([C@]34OC[C@@H](O3)[C@H]4O)c2[nH]1,False,C10H10N4O6,282.06,20
O=c1[nH]c(=O)c2ncn([C@]34O[C@@H]([C@H]3O)[C@@H](COP(=O)(O)O)O4)c2[nH]1,False,C10H11N4O9P,362.0264,24
O=C[C@H]1O[C@@]2(n3cnc4c(=O)[nH]c(=O)[nH]c43)O[C@H]1[C@H]2O,False,C10H8N4O6,280.0444,20
O=c1[nH]c(=O)c2ncn([C@]34O[C@@H]([C@H]3OS(=O)(=O)O)[C@@H](CO)O4)c2[nH]1,False,C10H10N4O9S,362.0168,24
O=c1[nH]c(=O)c2ncn([C@]34O[C@@H]([C@H]3O)[C@@H](COS(=O)(=O)O)O4)c2[nH]1,False,C10H10N4O9S,362.0168,24
COC[C@H]1O[C@@]2(n3cnc4c(=O)[nH]c(=O)[nH]c43)O[C@H]1[C@H]2O,False,C11H12N4O6,296.0757,21
CO[C@@H]1[C@@H]2O[C@]1(n1cnc3c(=O)[nH]c(=O)[nH]c31)O[C@@H]2CO,False,C11H12N4O6,296.0757,21
CC(=O)OC[C@H]1O[C@@]2(n3cnc4c(=O)[nH]c(=O)[nH]c43)O[C@H]1[C@H]2O,False,C12H12N4O7,324.0706,23
CC(=O)O[C@@H]1[C@@H]2O[C@]1(n1cnc3c(=O)[nH]c(=O)[nH]c31)O[C@@H]2CO,False,C12H12N4O7,324.0706,23
C[C@H]1O[C@@]2(n3cnc4c(=O)[nH]c(=O)[nH]c43)O[C@H]1[C@H]2O,False,C10H10N4O5,266.0651,19
O=C(O)[C@H]1O[C@@]2(n3cnc4c(=O)[nH]c(=O)[nH]c43)O[C@H]1[C@H]2O,False,C10H8N4O7,296.0393,21
O=c1[nH]c(=O)c2ncn([C@@]34OC[C@@H](O)[C@]3(CO)O4)c2[nH]1,False,C10H10N4O6,282.06,20
O=c1[nH]c(=O)c2ncn([C@@]34OC[C@@](O)(CO)[C@H]3O4)c2[nH]1,False,C10H10N4O6,282.06,20
O=c1[nH]c(=O)c2nc(CO)n([C@@]34OC[C@@H](O)[C@H]3O4)c2[nH]1,False,C10H10N4O6,282.06,20
O=c1[nH]c(=O)c2ncn([C@]34O[C@@H]3[C@H](O)[C@@H](COP(=O)(O)O)O4)c2[nH]1,False,C10H11N4O9P,362.0264,24
O=C[C@H]1O[C@@]2(n3cnc4c(=O)[nH]c(=O)[nH]c43)O[C@@H]2[C@@H]1O,False,C10H8N4O6,280.0444,20
O=c1[nH]c(=O)c2ncn([C@]34O[C@@H]3[C@H](OS(=O)(=O)O)[C@@H](CO)O4)c2[nH]1,False,C10H10N4O9S,362.0168,24
O=c1[nH]c(=O)c2ncn([C@]34O[C@@H]3[C@H](O)[C@@H](COS(=O)(=O)O)O4)c2[nH]1,False,C10H10N4O9S,362.0168,24
COC[C@H]1O[C@@]2(n3cnc4c(=O)[nH]c(=O)[nH]c43)O[C@@H]2[C@@H]1O,False,C11H12N4O6,296.0757,21
CO[C@H]1[C@H]2O[C@]2(n2cnc3c(=O)[nH]c(=O)[nH]c32)O[C@@H]1CO,False,C11H12N4O6,296.0757,21
CC(=O)OC[C@H]1O[C@@]2(n3cnc4c(=O)[nH]c(=O)[nH]c43)O[C@@H]2[C@@H]1O,False,C12H12N4O7,324.0706,23
CC(=O)O[C@H]1[C@H]2O[C@]2(n2cnc3c(=O)[nH]c(=O)[nH]c32)O[C@@H]1CO,False,C12H12N4O7,324.0706,23
O=c1[nH]c(=O)c2ncn([C@@]3(O)O[C@H](CO)[C@@H](O)[C@H]3O)c2[nH]1,False,C10H12N4O7,300.0706,21
C[C@H]1O[C@@]2(n3cnc4c(=O)[nH]c(=O)[nH]c43)O[C@@H]2[C@@H]1O,False,C10H10N4O5,266.0651,19
O=C(O)[C@H]1O[C@@]2(n3cnc4c(=O)[nH]c(=O)[nH]c43)O[C@@H]2[C@@H]1O,False,C10H8N4O7,296.0393,21
O=c1[nH]c(=O)c2nc3n(c2[nH]1)[C@@H]1OC[C@@H](O3)[C@@]1(O)CO,False,C10H10N4O6,282.06,20
O=c1[nH]c(=O)c2nc3n(c2[nH]1)[C@@H]1OC[C@](CO)(O3)[C@H]1O,False,C10H10N4O6,282.06,20
O=C[C@H]1O[C@@H]2[C@H](O)[C@@H]1Oc1nc3c(=O)[nH]c(=O)[nH]c3n12,False,C10H8N4O6,280.0444,20
O=c1[nH]c(=O)c2nc3n(c2[nH]1)[C@@H]1O[C@H](CO)[C@@H](O3)[C@H]1OS(=O)(=O)O,False,C10H10N4O9S,362.0168,24
O=c1[nH]c(=O)c2nc3n(c2[nH]1)[C@@H]1O[C@H](COS(=O)(=O)O)[C@@H](O3)[C@H]1O,False,C10H10N4O9S,362.0168,24
COC[C@H]1O[C@@H]2[C@H](O)[C@@H]1Oc1nc3c(=O)[nH]c(=O)[nH]c3n12,False,C11H12N4O6,296.0757,21
CO[C@@H]1[C@@H]2Oc3nc4c(=O)[nH]c(=O)[nH]c4n3[C@@H]1O[C@@H]2CO,False,C11H12N4O6,296.0757,21
CC(=O)OC[C@H]1O[C@@H]2[C@H](O)[C@@H]1Oc1nc3c(=O)[nH]c(=O)[nH]c3n12,False,C12H12N4O7,324.0706,23
CC(=O)O[C@@H]1[C@@H]2Oc3nc4c(=O)[nH]c(=O)[nH]c4n3[C@@H]1O[C@@H]2CO,False,C12H12N4O7,324.0706,23
O=c1[nH]c(=O)c2nc3n(c2[nH]1)[C@@H]1O[C@H](COP(=O)(O)O)[C@@H](O3)[C@H]1O,False,C10H11N4O9P,362.0264,24
C[C@H]1O[C@@H]2[C@H](O)[C@@H]1Oc1nc3c(=O)[nH]c(=O)[nH]c3n12,False,C10H10N4O5,266.0651,19
O=C(O)[C@H]1O[C@@H]2[C@H](O)[C@@H]1Oc1nc3c(=O)[nH]c(=O)[nH]c3n12,False,C10H8N4O7,296.0393,21
O=c1[nH]c(=O)c2nc3n(c2[nH]1)[C@@H]1OC[C@@H](O)[C@]1(CO)O3,False,C10H10N4O6,282.06,20
O=c1[nH]c(=O)c2nc3n(c2[nH]1)[C@@H]1OC[C@@](O)(CO)[C@H]1O3,False,C10H10N4O6,282.06,20
O=c1[nH]c(=O)c2nc3n(c2[nH]1)[C@@H]1O[C@H](COP(=O)(O)O)[C@@H](O)[C@H]1O3,False,C10H11N4O9P,362.0264,24
O=C[C@H]1O[C@@H]2[C@H](Oc3nc4c(=O)[nH]c(=O)[nH]c4n32)[C@@H]1O,False,C10H8N4O6,280.0444,20
O=c1[nH]c(=O)c2nc3n(c2[nH]1)[C@@H]1O[C@H](CO)[C@@H](OS(=O)(=O)O)[C@H]1O3,False,C10H10N4O9S,362.0168,24
O=c1[nH]c(=O)c2nc3n(c2[nH]1)[C@@H]1O[C@H](COS(=O)(=O)O)[C@@H](O)[C@H]1O3,False,C10H10N4O9S,362.0168,24
COC[C@H]1O[C@@H]2[C@H](Oc3nc4c(=O)[nH]c(=O)[nH]c4n32)[C@@H]1O,False,C11H12N4O6,296.0757,21
CO[C@H]1[C@H]2Oc3nc4c(=O)[nH]c(=O)[nH]c4n3[C@@H]2O[C@@H]1CO,False,C11H12N4O6,296.0757,21
CC(=O)OC[C@H]1O[C@@H]2[C@H](Oc3nc4c(=O)[nH]c(=O)[nH]c4n32)[C@@H]1O,False,C12H12N4O7,324.0706,23
CC(=O)O[C@H]1[C@H]2Oc3nc4c(=O)[nH]c(=O)[nH]c4n3[C@@H]2O[C@@H]1CO,False,C12H12N4O7,324.0706,23
C[C@H]1O[C@@H]2[C@H](Oc3nc4c(=O)[nH]c(=O)[nH]c4n32)[C@@H]1O,False,C10H10N4O5,266.0651,19
O=C(O)[C@H]1O[C@@H]2[C@H](Oc3nc4c(=O)[nH]c(=O)[nH]c4n32)[C@@H]1O,False,C10H8N4O7,296.0393,21
O=c1[nH]c(=O)c2ncn([C@@H]3O[C@H](CO)C4(OS(=O)(=O)O4)[C@H]3O)c2[nH]1,False,C10H10N4O9S,362.0168,24
O=c1[nH]c(=O)c2ncn([C@@H]3O[C@]4(CO)OS(=O)(=O)O[C@H]4[C@H]3O)c2[nH]1,False,C10H10N4O9S,362.0168,24
O=c1[nH]c(=O)c2ncn([C@@H]3O[C@H](CO)[C@H]4OS(=O)(=O)O[C@]43O)c2[nH]1,False,C10H10N4O9S,362.0168,24
O=c1[nH]c(=O)c2ncn([C@]34O[C@H](CO)[C@@H](OS(=O)(=O)O3)[C@H]4O)c2[nH]1,False,C10H10N4O9S,362.0168,24
O=c1[nH]c(=O)c2nc3n(c2[nH]1)[C@@H]1O[C@H](CO)[C@@H](OS(=O)(=O)O3)[C@H]1O,False,C10H10N4O9S,362.0168,24
CO[C@@H]1[C@H](OS(=O)(=O)O)[C@@H](C=O)O[C@H]1n1cnc2c(=O)[nH]c(=O)[nH]c21,False,C11H12N4O9S,376.0325,25
N#CC(O)[C@H]1O[C@@H](n2cnc3c(=O)[nH]c(=O)[nH]c32)[C@H](O)[C@@H]1OS(=O)(=O)O,False,C11H11N5O9S,389.0277,26
O=c1[nH]c(=O)c2ncn([C@@H]3O[C@H](CO)[C@@H](O)C34OS(=O)(=O)O4)c2[nH]1,False,C10H10N4O9S,362.0168,24
O=c1[nH]c(=O)c2ncn([C@@H]3O[C@H](CO)[C@@]4(O)OS(=O)(=O)O[C@@H]34)c2[nH]1,False,C10H10N4O9S,362.0168,24
O=c1[nH]c(=O)c2ncn([C@@]34O[C@H](CO)[C@@H](O)[C@H]3OS(=O)(=O)O4)c2[nH]1,False,C10H10N4O9S,362.0168,24
O=c1[nH]c(=O)c2ncn([C@@H]3O[C@]4(CO)OS(=O)(=O)O[C@@H]3[C@@H]4O)c2[nH]1,False,C10H10N4O9S,362.0168,24
O=c1[nH]c(=O)c2nc3n(c2[nH]1)[C@@H]1O[C@H](CO)[C@@H](O)[C@H]1OS(=O)(=O)O3,False,C10H10N4O9S,362.0168,24
CO[C@H]1[C@@H](OS(=O)(=O)O)[C@H](n2cnc3c(=O)[nH]c(=O)[nH]c32)O[C@@H]1C=O,False,C11H12N4O9S,376.0325,25
N#CC(O)[C@H]1O[C@@H](n2cnc3c(=O)[nH]c(=O)[nH]c32)[C@H](OS(=O)(=O)O)[C@@H]1O,False,C11H11N5O9S,389.0277,26
O=c1[nH]c(=O)c2ncn([C@@H]3O[C@H](CO)[C@H]4OCO[C@H]43)c2[nH]1,False,C11H12N4O6,296.0757,21
CO[C@@H]1[C@H](OC)[C@@H](C=O)O[C@H]1n1cnc2c(=O)[nH]c(=O)[nH]c21,False,C12H14N4O6,310.0913,22
CO[C@H]1[C@@H](OC(C)=O)[C@H](n2cnc3c(=O)[nH]c(=O)[nH]c32)O[C@@H]1C=O,False,C13H14N4O7,338.0862,24
CO[C@H]1[C@@H](O)[C@H](n2cnc3c(=O)[nH]c(=O)[nH]c32)O[C@@H]1C(O)C#N,False,C12H13N5O6,323.0866,23
O=CO[C@H]1[C@@H](O)[C@H](n2cnc3c(=O)[nH]c(=O)[nH]c32)O[C@@H]1C=O,False,C11H10N4O7,310.0549,22
CO[C@@H]1[C@H](OC(C)=O)[C@@H](C=O)O[C@H]1n1cnc2c(=O)[nH]c(=O)[nH]c21,False,C13H14N4O7,338.0862,24
CO[C@@H]1[C@H](O)[C@@H](C(O)C#N)O[C@H]1n1cnc2c(=O)[nH]c(=O)[nH]c21,False,C12H13N5O6,323.0866,23
O=CO[C@@H]1[C@H](O)[C@@H](C=O)O[C@H]1n1cnc2c(=O)[nH]c(=O)[nH]c21,False,C11H10N4O7,310.0549,22
C[C@]1(OC=O)[C@@H](C=O)O[C@@H](n2cnc3c(=O)[nH]c(=O)[nH]c32)[C@@H]1O,False,C12H12N4O7,324.0706,23
C[C@@]1(C=O)O[C@@H](n2cnc3c(=O)[nH]c(=O)[nH]c32)[C@H](O)[C@@H]1OC=O,False,C12H12N4O7,324.0706,23
C[C@]1(O)[C@H](OC=O)[C@@H](C=O)O[C@H]1n1cnc2c(=O)[nH]c(=O)[nH]c21,False,C12H12N4O7,324.0706,23
CC(=O)[C@H]1O[C@@H](n2cnc3c(=O)[nH]c(=O)[nH]c32)[C@H](O)[C@@H]1OC=O,False,C12H12N4O7,324.0706,23
C[C@]1(n2cnc3c(=O)[nH]c(=O)[nH]c32)O[C@H](C=O)[C@@H](OC=O)[C@H]1O,False,C12H12N4O7,324.0706,23
Cc1nc2c(=O)[nH]c(=O)[nH]c2n1[C@@H]1O[C@H](C=O)[C@@H](OC=O)[C@H]1O,False,C12H12N4O7,324.0706,23
O=C[C@H]1O[C@@H](n2cnc3c(=O)[nH]c(=O)[nH]c32)[C@@H]2OCC(O)O[C@@H]21,False,C12H12N4O7,324.0706,23
O=C1CO[C@@H]2[C@H](O1)[C@@H](CO)O[C@H]2n1cnc2c(=O)[nH]c(=O)[nH]c21,False,C12H12N4O7,324.0706,23
CC(O)O[C@]12O[C@H]1[C@H](n1cnc3c(=O)[nH]c(=O)[nH]c31)O[C@@H]2C=O,False,C12H12N4O7,324.0706,23
CC(O)O[C@H]1[C@H]2O[C@@]1(C=O)O[C@H]2n1cnc2c(=O)[nH]c(=O)[nH]c21,False,C12H12N4O7,324.0706,23
CC(O)O[C@H]1[C@H]2OC(=O)[C@H]1O[C@H]2n1cnc2c(=O)[nH]c(=O)[nH]c21,False,C12H12N4O7,324.0706,23
CC(O)O[C@H]1[C@H]2O[C@]2(n2cnc3c(=O)[nH]c(=O)[nH]c32)O[C@@H]1C=O,False,C12H12N4O7,324.0706,23
CC(O)O[C@H]1[C@H]2Oc3nc4c(=O)[nH]c(=O)[nH]c4n3[C@@H]2O[C@@H]1C=O,False,C12H12N4O7,324.0706,23
CC(O)O[C@H]1[C@@H](O)[C@H](n2cnc3c(=O)[nH]c(=O)[nH]c32)O[C@@H]1C=O,False,C12H14N4O7,326.0862,23
CCO[C@H]1[C@@H](O)[C@H](n2cnc3c(=O)[nH]c(=O)[nH]c32)O[C@@H]1C=O,False,C12H14N4O6,310.0913,22
CCC(=O)O[C@H]1[C@@H](O)[C@H](n2cnc3c(=O)[nH]c(=O)[nH]c32)O[C@@H]1C=O,False,C13H14N4O7,338.0862,24
CC(=O)O[C@@H]1[C@H](OC(C)=O)[C@@H](C=O)O[C@H]1n1cnc2c(=O)[nH]c(=O)[nH]c21,False,C14H14N4O8,366.0812,26
O=C[C@H]1O[C@@H](n2cnc3c(=O)[nH]c(=O)[nH]c32)[C@H](O)[C@@H]1OC(=O)CC(=O)O,False,C13H12N4O9,368.0604,26
CC(=O)O[C@H]1[C@@H](O)[C@H](n2cnc3c(=O)[nH]c(=O)[nH]c32)O[C@@H]1C(O)C#N,False,C13H13N5O7,351.0815,25
CC(O)(C#N)O[C@H]1[C@@H](O)[C@H](n2cnc3c(=O)[nH]c(=O)[nH]c32)O[C@@H]1C=O,False,C13H13N5O7,351.0815,25
CC(N)O[C@H]1[C@@H](O)[C@H](n2cnc3c(=O)[nH]c(=O)[nH]c32)O[C@@H]1C=O,False,C12H15N5O6,325.1022,23
O=C[C@H]1O[C@@H](n2cnc3c(=O)[nH]c(=O)[nH]c32)[C@H](O)[C@@H]1OC(=O)CO,False,C12H12N4O8,340.0655,24
COC(=O)O[C@H]1[C@@H](O)[C@H](n2cnc3c(=O)[nH]c(=O)[nH]c32)O[C@@H]1C=O,False,C12H12N4O8,340.0655,24
CC(O)O[C@H]1[C@@H](O)[C@H](n2cnc3c(=O)[nH]c(=O)[nH]c32)O[C@@H]1C(=O)O,False,C12H14N4O8,342.0812,24
O=C[C@H]1O[C@@H](n2cnc3c(=O)[nH]c(=O)[nH]c32)[C@H](O)[C@@H]1OC(O)CO,False,C12H14N4O8,342.0812,24
CC(=O)[C@H]1[C@@H](O)[C@H](n2cnc3c(=O)[nH]c(=O)[nH]c32)O[C@@H]1C=O,False,C12H12N4O6,308.0757,22
CC(=O)O[C@H]1[C@@H](O)[C@H](n2cnc3c(=O)[nH]c(=O)n(C(C)=O)c32)O[C@@H]1C=O,False,C14H14N4O8,366.0812,26
CC(=O)O[C@H]1[C@@H](O)[C@H](n2cnc3c(=O)n(C(C)=O)c(=O)[nH]c32)O[C@@H]1C=O,False,C14H14N4O8,366.0812,26
CC(=O)O[C@@]1(C)[C@@H](C=O)O[C@@H](n2cnc3c(=O)[nH]c(=O)[nH]c32)[C@@H]1O,False,C13H14N4O7,338.0862,24
CC(=O)O[C@H]1[C@@H](O)[C@H](n2cnc3c(=O)[nH]c(=O)[nH]c32)O[C@@]1(C)C=O,False,C13H14N4O7,338.0862,24
CC(=O)O[C@@H]1[C@@H](C=O)O[C@@H](n2cnc3c(=O)[nH]c(=O)[nH]c32)[C@@]1(C)O,False,C13H14N4O7,338.0862,24
CC(=O)O[C@H]1[C@@H](O)[C@H](n2cnc3c(=O)[nH]c(=O)[nH]c32)O[C@@H]1C(C)=O,False,C13H14N4O7,338.0862,24
CC(=O)O[C@H]1[C@@H](O)[C@@](C)(n2cnc3c(=O)[nH]c(=O)[nH]c32)O[C@@H]1C=O,False,C13H14N4O7,338.0862,24
CC(=O)O[C@H]1[C@@H](O)[C@H](n2c(C)nc3c(=O)[nH]c(=O)[nH]c32)O[C@@H]1C=O,False,C13H14N4O7,338.0862,24
C[C@]1(OC=O)[C@H](O)[C@@H](C=O)O[C@H]1n1cnc2c(=O)[nH]c(=O)[nH]c21,False,C12H12N4O7,324.0706,23
C[C@]1(O)[C@@H](C=O)O[C@@H](n2cnc3c(=O)[nH]c(=O)[nH]c32)[C@@H]1OC=O,False,C12H12N4O7,324.0706,23
C[C@]1(n2cnc3c(=O)[nH]c(=O)[nH]c32)O[C@H](C=O)[C@@H](O)[C@H]1OC=O,False,C12H12N4O7,324.0706,23
C[C@@]1(C=O)O[C@@H](n2cnc3c(=O)[nH]c(=O)[nH]c32)[C@H](OC=O)[C@@H]1O,False,C12H12N4O7,324.0706,23
CC(=O)[C@H]1O[C@@H](n2cnc3c(=O)[nH]c(=O)[nH]c32)[C@H](OC=O)[C@@H]1O,False,C12H12N4O7,324.0706,23
Cc1nc2c(=O)[nH]c(=O)[nH]c2n1[C@@H]1O[C@H](C=O)[C@@H](O)[C@H]1OC=O,False,C12H12N4O7,324.0706,23
O=C[C@H]1O[C@@H](n2cnc3c(=O)[nH]c(=O)[nH]c32)[C@@H]2OC(O)CO[C@@H]21,False,C12H12N4O7,324.0706,23
O=C1CO[C@H]2[C@@H](O1)[C@H](n1cnc3c(=O)[nH]c(=O)[nH]c31)O[C@@H]2CO,False,C12H12N4O7,324.0706,23
CC(O)O[C@@]12O[C@@H]1[C@@H](C=O)O[C@H]2n1cnc2c(=O)[nH]c(=O)[nH]c21,False,C12H12N4O7,324.0706,23
CC(O)O[C@@H]1[C@@H]2O[C@]1(n1cnc3c(=O)[nH]c(=O)[nH]c31)O[C@@H]2C=O,False,C12H12N4O7,324.0706,23
CC(O)O[C@H]1[C@H](n2cnc3c(=O)[nH]c(=O)[nH]c32)O[C@]2(C=O)O[C@@H]12,False,C12H12N4O7,324.0706,23
CC(O)O[C@@H]1[C@@H]2OC(=O)[C@H]2O[C@H]1n1cnc2c(=O)[nH]c(=O)[nH]c21,False,C12H12N4O7,324.0706,23
CC(O)O[C@@H]1[C@@H]2Oc3nc4c(=O)[nH]c(=O)[nH]c4n3[C@@H]1O[C@@H]2C=O,False,C12H12N4O7,324.0706,23
CC(O)O[C@@H]1[C@H](O)[C@@H](C=O)O[C@H]1n1cnc2c(=O)[nH]c(=O)[nH]c21,False,C12H14N4O7,326.0862,23
CCO[C@@H]1[C@H](O)[C@@H](C=O)O[C@H]1n1cnc2c(=O)[nH]c(=O)[nH]c21,False,C12H14N4O6,310.0913,22
CCC(=O)O[C@@H]1[C@H](O)[C@@H](C=O)O[C@H]1n1cnc2c(=O)[nH]c(=O)[nH]c21,False,C13H14N4O7,338.0862,24
O=C[C@H]1O[C@@H](n2cnc3c(=O)[nH]c(=O)[nH]c32)[C@H](OC(=O)CC(=O)O)[C@@H]1O,False,C13H12N4O9,368.0604,26
CC(=O)O[C@@H]1[C@H](O)[C@@H](C(O)C#N)O[C@H]1n1cnc2c(=O)[nH]c(=O)[nH]c21,False,C13H13N5O7,351.0815,25
CC(O)(C#N)O[C@@H]1[C@H](O)[C@@H](C=O)O[C@H]1n1cnc2c(=O)[nH]c(=O)[nH]c21,False,C13H13N5O7,351.0815,25
CC(N)O[C@@H]1[C@H](O)[C@@H](C=O)O[C@H]1n1cnc2c(=O)[nH]c(=O)[nH]c21,False,C12H15N5O6,325.1022,23
O=C[C@H]1O[C@@H](n2cnc3c(=O)[nH]c(=O)[nH]c32)[C@H](OC(=O)CO)[C@@H]1O,False,C12H12N4O8,340.0655,24
COC(=O)O[C@@H]1[C@H](O)[C@@H](C=O)O[C@H]1n1cnc2c(=O)[nH]c(=O)[nH]c21,False,C12H12N4O8,340.0655,24
CC(O)O[C@@H]1[C@H](O)[C@@H](C(=O)O)O[C@H]1n1cnc2c(=O)[nH]c(=O)[nH]c21,False,C12H14N4O8,342.0812,24
O=C[C@H]1O[C@@H](n2cnc3c(=O)[nH]c(=O)[nH]c32)[C@H](OC(O)CO)[C@@H]1O,False,C12H14N4O8,342.0812,24
CC(=O)[C@@H]1[C@H](O)[C@@H](C=O)O[C@H]1n1cnc2c(=O)[nH]c(=O)[nH]c21,False,C12H12N4O6,308.0757,22
CC(=O)O[C@@H]1[C@H](O)[C@@H](C=O)O[C@H]1n1cnc2c(=O)[nH]c(=O)n(C(C)=O)c21,False,C14H14N4O8,366.0812,26
CC(=O)O[C@@H]1[C@H](O)[C@@H](C=O)O[C@H]1n1cnc2c(=O)n(C(C)=O)c(=O)[nH]c21,False,C14H14N4O8,366.0812,26
CC(=O)O[C@@]1(C)[C@H](O)[C@@H](C=O)O[C@H]1n1cnc2c(=O)[nH]c(=O)[nH]c21,False,C13H14N4O7,338.0862,24
CC(=O)O[C@H]1[C@H](n2cnc3c(=O)[nH]c(=O)[nH]c32)O[C@H](C=O)[C@]1(C)O,False,C13H14N4O7,338.0862,24
CC(=O)O[C@@H]1[C@H](O)[C@@H](C=O)O[C@]1(C)n1cnc2c(=O)[nH]c(=O)[nH]c21,False,C13H14N4O7,338.0862,24
CC(=O)O[C@H]1[C@H](n2cnc3c(=O)[nH]c(=O)[nH]c32)O[C@@](C)(C=O)[C@H]1O,False,C13H14N4O7,338.0862,24
CC(=O)O[C@@H]1[C@H](O)[C@@H](C(C)=O)O[C@H]1n1cnc2c(=O)[nH]c(=O)[nH]c21,False,C13H14N4O7,338.0862,24
CC(=O)O[C@@H]1[C@H](O)[C@@H](C=O)O[C@H]1n1c(C)nc2c(=O)[nH]c(=O)[nH]c21,False,C13H14N4O7,338.0862,24
N#C[C@@]1(CO)O[C@@H](n2cnc3c(=O)[nH]c(=O)[nH]c32)[C@H](O)[C@@H]1O,False,C11H11N5O6,309.0709,22
N#C[C@]1(O)[C@@H](CO)O[C@@H](n2cnc3c(=O)[nH]c(=O)[nH]c32)[C@@H]1O,False,C11H11N5O6,309.0709,22
N#C[C@]1(O)[C@H](O)[C@@H](CO)O[C@H]1n1cnc2c(=O)[nH]c(=O)[nH]c21,False,C11H11N5O6,309.0709,22
N#C[C@]1(n2cnc3c(=O)[nH]c(=O)[nH]c32)O[C@H](CO)[C@@H](O)[C@H]1O,False,C11H11N5O6,309.0709,22
N#Cc1nc2c(=O)[nH]c(=O)[nH]c2n1[C@@H]1O[C@H](CO)[C@@H](O)[C@H]1O,False,C11H11N5O6,309.0709,22
N#CC=O,False,C2HNO,55.0058,4
N#CC(OP(=O)(O)O)[C@H]1O[C@@H](n2cnc3c(=O)[nH]c(=O)[nH]c32)[C@H](O)[C@@H]1O,False,C11H12N5O9P,389.0373,26
N#CC(=O)[C@H]1O[C@@H](n2cnc3c(=O)[nH]c(=O)[nH]c32)[C@H](O)[C@@H]1O,False,C11H9N5O6,307.0553,22
N#CC(OS(=O)(=O)O)[C@H]1O[C@@H](n2cnc3c(=O)[nH]c(=O)[nH]c32)[C@H](O)[C@@H]1O,False,C11H11N5O9S,389.0277,26
COC(C#N)[C@H]1O[C@@H](n2cnc3c(=O)[nH]c(=O)[nH]c32)[C@H](O)[C@@H]1O,False,C12H13N5O6,323.0866,23
CC(O)(C#N)[C@H]1O[C@@H](n2cnc3c(=O)[nH]c(=O)[nH]c32)[C@H](O)[C@@H]1O,False,C12H13N5O6,323.0866,23
C[n+]1cn([C@@H]2O[C@H](C(O)C#N)[C@@H](O)[C@H]2O)c2[nH]c(=O)[nH]c(=O)c21,False,C12H14N5O6+,324.0939,23
CC(=O)OC(C#N)[C@H]1O[C@@H](n2cnc3c(=O)[nH]c(=O)[nH]c32)[C@H](O)[C@@H]1O,False,C13H13N5O7,351.0815,25
N#CC(O)(C(=O)O)[C@H]1O[C@@H](n2cnc3c(=O)[nH]c(=O)[nH]c32)[C@H](O)[C@@H]1O,False,C12H11N5O8,353.0608,25
N#CC(Cl)[C@H]1O[C@@H](n2cnc3c(=O)[nH]c(=O)[nH]c32)[C@H](O)[C@@H]1O,False,C11H10ClN5O5,327.037,22
NC(=O)C(O)[C@H]1O[C@@H](n2cnc3c(=O)[nH]c(=O)[nH]c32)[C@H](O)[C@@H]1O,False,C11H13N5O7,327.0815,23
O=c1[nH]c(=O)c2ncn([C@@H]3O[C@H](C(O)C=NO)[C@@H](O)[C@H]3O)c2[nH]1,False,C11H13N5O7,327.0815,23
N#CC[C@H]1O[C@@H](n2cnc3c(=O)[nH]c(=O)[nH]c32)[C@H](O)[C@@H]1O,False,C11H11N5O5,293.076,21
O=C(O)C(O)[C@H]1O[C@@H](n2cnc3c(=O)[nH]c(=O)[nH]c32)[C@H](O)[C@@H]1O,False,C11H12N4O8,328.0655,23
N#CC(O)(C#N)[C@H]1O[C@@H](n2cnc3c(=O)[nH]c(=O)[nH]c32)[C@H](O)[C@@H]1O,False,C12H10N6O6,334.0662,24
N#CC(O)[C@]1(C#N)O[C@@H](n2cnc3c(=O)[nH]c(=O)[nH]c32)[C@H](O)[C@@H]1O,False,C12H10N6O6,334.0662,24
N#CC(O)[C@H]1O[C@@H](n2cnc3c(=O)[nH]c(=O)[nH]c32)[C@H](O)[C@]1(O)C#N,False,C12H10N6O6,334.0662,24
N#CC(O)[C@H]1O[C@@H](n2cnc3c(=O)[nH]c(=O)[nH]c32)[C@](O)(C#N)[C@@H]1O,False,C12H10N6O6,334.0662,24
N#CC(O)[C@H]1O[C@](C#N)(n2cnc3c(=O)[nH]c(=O)[nH]c32)[C@H](O)[C@@H]1O,False,C12H10N6O6,334.0662,24
N#Cc1nc2c(=O)[nH]c(=O)[nH]c2n1[C@@H]1O[C@H](C(O)C#N)[C@@H](O)[C@H]1O,False,C12H10N6O6,334.0662,24
COC[C@H]1O[C@@H](n2cnc3c(=O)[nH]c(=O)[nH]c32)[C@H](OC)[C@@H]1OS(=O)(=O)O,False,C12H16N4O9S,392.0638,26
COC[C@H]1O[C@@H](n2c[n+](C)c3c(=O)[nH]c(=O)[nH]c32)[C@H](O)[C@@H]1OS(=O)(=O)O,False,C12H17N4O9S+,393.0711,26
CO[C@@H]1[C@H](OS(=O)(=O)O)[C@@H](CO)O[C@H]1n1c[n+](C)c2c(=O)[nH]c(=O)[nH]c21,False,C12H17N4O9S+,393.0711,26
CO[C@@H]1[C@H](OS(=O)(=O)O)[C@@H](C)O[C@H]1n1cnc2c(=O)[nH]c(=O)[nH]c21,False,C11H14N4O8S,362.0532,24
C[n+]1cn([C@@]2(CO)OC[C@@H](OS(=O)(=O)O)[C@H]2O)c2[nH]c(=O)[nH]c(=O)c21,False,C11H15N4O9S+,379.0554,25
C[n+]1cn([C@@H]2O[C@H](C=O)[C@@H](OS(=O)(=O)O)[C@H]2O)c2[nH]c(=O)[nH]c(=O)c21,False,C11H13N4O9S+,377.0398,25
Cn1c(=O)[nH]c(=O)c2c1n([C@@H]1O[C@H](CO)[C@@H](OS(=O)(=O)O)[C@H]1O)c[n+]2C,False,C12H17N4O9S+,393.0711,26
C[C@H]1O[C@@H](n2c[n+](C)c3c(=O)[nH]c(=O)[nH]c32)[C@H](O)[C@@H]1OS(=O)(=O)O,False,C11H15N4O8S+,363.0605,24
O=c1[nH]c(=O)c2[nH+]cn([C@@H]3O[C@H](CO)[C@@H](OS(=O)(=O)O)[C@H]3O)c2[nH]1,False,C10H13N4O9S+,365.0398,24
Cn1c(=O)[nH]c2c(c1=O)[n+](C)cn2[C@@H]1O[C@H](CO)[C@@H](OS(=O)(=O)O)[C@H]1O,False,C12H17N4O9S+,393.0711,26
CC(=O)O[C@@H]1[C@H](OS(=O)(=O)O)[C@@H](C)O[C@H]1n1cnc2c(=O)[nH]c(=O)[nH]c21,False,C12H14N4O9S,390.0481,26
COC[C@H]1O[C@@H](n2cnc3c(=O)[nH]c(=O)[nH]c32)[C@H](OS(=O)(=O)O)[C@@H]1OC,False,C12H16N4O9S,392.0638,26
COC[C@H]1O[C@@H](n2c[n+](C)c3c(=O)[nH]c(=O)[nH]c32)[C@H](OS(=O)(=O)O)[C@@H]1O,False,C12H17N4O9S+,393.0711,26
CO[C@H]1[C@@H](OS(=O)(=O)O)[C@H](n2c[n+](C)c3c(=O)[nH]c(=O)[nH]c32)O[C@@H]1CO,False,C12H17N4O9S+,393.0711,26
CO[C@H]1[C@@H](OS(=O)(=O)O)[C@H](n2cnc3c(=O)[nH]c(=O)[nH]c32)O[C@@H]1C,False,C11H14N4O8S,362.0532,24
C[n+]1cn([C@@]2(CO)OC[C@@H](O)[C@H]2OS(=O)(=O)O)c2[nH]c(=O)[nH]c(=O)c21,False,C11H15N4O9S+,379.0554,25
C[n+]1cn([C@@H]2O[C@H](C=O)[C@@H](O)[C@H]2OS(=O)(=O)O)c2[nH]c(=O)[nH]c(=O)c21,False,C11H13N4O9S+,377.0398,25
Cn1c(=O)[nH]c(=O)c2c1n([C@@H]1O[C@H](CO)[C@@H](O)[C@H]1OS(=O)(=O)O)c[n+]2C,False,C12H17N4O9S+,393.0711,26
C[C@H]1O[C@@H](n2c[n+](C)c3c(=O)[nH]c(=O)[nH]c32)[C@H](OS(=O)(=O)O)[C@@H]1O,False,C11H15N4O8S+,363.0605,24
O=c1[nH]c(=O)c2[nH+]cn([C@@H]3O[C@H](CO)[C@@H](O)[C@H]3OS(=O)(=O)O)c2[nH]1,False,C10H13N4O9S+,365.0398,24
Cn1c(=O)[nH]c2c(c1=O)[n+](C)cn2[C@@H]1O[C@H](CO)[C@@H](O)[C@H]1OS(=O)(=O)O,False,C12H17N4O9S+,393.0711,26
CC(=O)O[C@H]1[C@@H](OS(=O)(=O)O)[C@H](n2cnc3c(=O)[nH]c(=O)[nH]c32)O[C@@H]1C,False,C12H14N4O9S,390.0481,26
CO[C@@H]1[C@H](OC)[C@@H](COS(=O)(=O)O)O[C@H]1n1cnc2c(=O)[nH]c(=O)[nH]c21,False,C12H16N4O9S,392.0638,26
CO[C@H]1[C@@H](O)[C@H](n2c[n+](C)c3c(=O)[nH]c(=O)[nH]c32)O[C@@H]1COS(=O)(=O)O,False,C12H17N4O9S+,393.0711,26
CO[C@@H]1[C@H](O)[C@@H](COS(=O)(=O)O)O[C@H]1n1c[n+](C)c2c(=O)[nH]c(=O)[nH]c21,False,C12H17N4O9S+,393.0711,26
C[n+]1cn([C@@]2(COS(=O)(=O)O)OC[C@@H](O)[C@H]2O)c2[nH]c(=O)[nH]c(=O)c21,False,C11H15N4O9S+,379.0554,25
Cn1c(=O)[nH]c(=O)c2c1n([C@@H]1O[C@H](COS(=O)(=O)O)[C@@H](O)[C@H]1O)c[n+]2C,False,C12H17N4O9S+,393.0711,26
O=c1[nH]c(=O)c2[nH+]cn([C@@H]3O[C@H](COS(=O)(=O)O)[C@@H](O)[C@H]3O)c2[nH]1,False,C10H13N4O9S+,365.0398,24
Cn1c(=O)[nH]c2c(c1=O)[n+](C)cn2[C@@H]1O[C@H](COS(=O)(=O)O)[C@@H](O)[C@H]1O,False,C12H17N4O9S+,393.0711,26
COC[C@H]1O[C@@H](n2cnc3c(=O)[nH]c(=O)[nH]c32)[C@H](OC)[C@@H]1OC,False,C13H18N4O6,326.1226,23
COC[C@H]1O[C@@H](n2c[n+](C)c3c(=O)[nH]c(=O)[nH]c32)[C@H](O)[C@@H]1OC,False,C13H19N4O6+,327.1299,23
COC[C@H]1O[C@@H](n2cnc3c(=O)[nH]c(=O)[nH]c32)[C@H](OC(C)=O)[C@@H]1OC,False,C14H18N4O7,354.1175,25
COC[C@H]1O[C@@H](n2cnc3c(=O)[nH]c(=O)[nH]c32)[C@H](O)[C@@H]1OC=O,False,C12H14N4O7,326.0862,23
COC(=O)[C@H]1O[C@@H](n2cnc3c(=O)[nH]c(=O)[nH]c32)[C@H](O)[C@@H]1OC,False,C12H14N4O7,326.0862,23
CO[C@H]1[C@@H](O)[C@H](n2cnc3c(=O)[nH]c(=O)[nH]c32)O[C@@H]1COC=O,False,C12H14N4O7,326.0862,23
COC[C@H]1O[C@@H](n2c[n+](C)c3c(=O)[nH]c(=O)[nH]c32)[C@H](OC)[C@@H]1O,False,C13H19N4O6+,327.1299,23
COC[C@H]1O[C@@H](n2cnc3c(=O)[nH]c(=O)[nH]c32)[C@H](OC)[C@@H]1OC(C)=O,False,C14H18N4O7,354.1175,25
COC[C@H]1O[C@@H](n2cnc3c(=O)[nH]c(=O)[nH]c32)[C@H](OC=O)[C@@H]1O,False,C12H14N4O7,326.0862,23
COC(=O)[C@H]1O[C@@H](n2cnc3c(=O)[nH]c(=O)[nH]c32)[C@H](OC)[C@@H]1O,False,C12H14N4O7,326.0862,23
CO[C@@H]1[C@H](O)[C@@H](COC=O)O[C@H]1n1cnc2c(=O)[nH]c(=O)[nH]c21,False,C12H14N4O7,326.0862,23
COC[C@]1(n2c[n+](C)c3c(=O)[nH]c(=O)[nH]c32)OC[C@@H](O)[C@H]1O,False,C12H17N4O6+,313.1143,22
COC[C@H]1O[C@@H](n2c[n+](C)c3c(=O)[nH]c(=O)n(C)c32)[C@H](O)[C@@H]1O,False,C13H19N4O6+,327.1299,23
COC[C@H]1O[C@@H](n2c[n+](C)c3c(=O)[nH]c(=O)[nH]c32)[C@H](OC(C)=O)[C@@H]1O,False,C14H19N4O7+,355.1248,25
COC[C@H]1O[C@@H](n2c[n+](C)c3c(=O)[nH]c(=O)[nH]c32)[C@H](O)[C@@H]1OC(C)=O,False,C14H19N4O7+,355.1248,25
COC(=O)[C@H]1O[C@@H](n2c[n+](C)c3c(=O)[nH]c(=O)[nH]c32)[C@H](O)[C@@H]1O,False,C12H15N4O7+,327.0935,23
C[n+]1cn([C@@H]2O[C@H](COC=O)[C@@H](O)[C@H]2O)c2[nH]c(=O)[nH]c(=O)c21,False,C12H15N4O7+,327.0935,23
COC[C@H]1O[C@@H](n2c[nH+]c3c(=O)[nH]c(=O)[nH]c32)[C@H](O)[C@@H]1O,False,C11H15N4O6+,299.0986,21
COC[C@H]1O[C@@H](n2c[n+](C)c3c(=O)n(C)c(=O)[nH]c32)[C@H](O)[C@@H]1O,False,C13H19N4O6+,327.1299,23
COC[C@H]1O[C@@H](n2cnc3c(=O)[nH]c(=O)[nH]c32)[C@H](O)[C@@]1(C)OC=O,False,C13H16N4O7,340.1019,24
COC[C@]1(C)O[C@@H](n2cnc3c(=O)[nH]c(=O)[nH]c32)[C@H](O)[C@@H]1OC=O,False,C13H16N4O7,340.1019,24
COC[C@H]1O[C@@H](n2cnc3c(=O)[nH]c(=O)[nH]c32)[C@@](C)(O)[C@@H]1OC=O,False,C13H16N4O7,340.1019,24
COC(C)[C@H]1O[C@@H](n2cnc3c(=O)[nH]c(=O)[nH]c32)[C@H](O)[C@@H]1OC=O,False,C13H16N4O7,340.1019,24
COC[C@H]1O[C@](C)(n2cnc3c(=O)[nH]c(=O)[nH]c32)[C@H](O)[C@@H]1OC=O,False,C13H16N4O7,340.1019,24
CCOC[C@H]1O[C@@H](n2cnc3c(=O)[nH]c(=O)[nH]c32)[C@H](O)[C@@H]1OC=O,False,C13H16N4O7,340.1019,24
COC[C@H]1O[C@@H](n2c(C)nc3c(=O)[nH]c(=O)[nH]c32)[C@H](O)[C@@H]1OC=O,False,C13H16N4O7,340.1019,24
COC[C@H]1O[C@@H](n2cnc3c(=O)[nH]c(=O)[nH]c32)[C@@H]2OCC(O)O[C@@H]21,False,C13H16N4O7,340.1019,24
COC[C@H]1O[C@@H](n2cnc3c(=O)[nH]c(=O)[nH]c32)[C@@H]2O[C@]12OC(C)O,False,C13H16N4O7,340.1019,24
COC[C@]12O[C@@H]([C@H](n3cnc4c(=O)[nH]c(=O)[nH]c43)O1)[C@@H]2OC(C)O,False,C13H16N4O7,340.1019,24
COC1O[C@@H]2[C@H](OC(C)O)[C@@H]1O[C@H]2n1cnc2c(=O)[nH]c(=O)[nH]c21,False,C13H16N4O7,340.1019,24
COC[C@H]1O[C@@]2(n3cnc4c(=O)[nH]c(=O)[nH]c43)O[C@@H]2[C@@H]1OC(C)O,False,C13H16N4O7,340.1019,24
CC(O)O[C@H]1[C@H]2OCOC[C@H]1O[C@H]2n1cnc2c(=O)[nH]c(=O)[nH]c21,False,C13H16N4O7,340.1019,24
COC[C@H]1O[C@@H]2[C@H](Oc3nc4c(=O)[nH]c(=O)[nH]c4n32)[C@@H]1OC(C)O,False,C13H16N4O7,340.1019,24
COC[C@H]1O[C@@H](n2cnc3c(=O)[nH]c(=O)[nH]c32)[C@H](O)[C@@H]1OC(C)O,False,C13H18N4O7,342.1175,24
CCO[C@H]1[C@@H](O)[C@H](n2cnc3c(=O)[nH]c(=O)[nH]c32)O[C@@H]1COC,False,C13H18N4O6,326.1226,23
CCC(=O)O[C@H]1[C@@H](O)[C@H](n2cnc3c(=O)[nH]c(=O)[nH]c32)O[C@@H]1COC,False,C14H18N4O7,354.1175,25
COC[C@H]1O[C@@H](n2cnc3c(=O)[nH]c(=O)[nH]c32)[C@H](OC(C)=O)[C@@H]1OC(C)=O,False,C15H18N4O8,382.1125,27
COC[C@H]1O[C@@H](n2cnc3c(=O)[nH]c(=O)[nH]c32)[C@H](O)[C@@H]1OC(=O)CC(=O)O,False,C14H16N4O9,384.0917,27
COC[C@H]1O[C@@H](n2cnc3c(=O)[nH]c(=O)[nH]c32)[C@H](O)[C@@H]1OC(C)(O)C#N,False,C14H17N5O7,367.1128,26
COC[C@H]1O[C@@H](n2cnc3c(=O)[nH]c(=O)[nH]c32)[C@H](O)[C@@H]1OC(C)N,False,C13H19N5O6,341.1335,24
COC[C@H]1O[C@@H](n2cnc3c(=O)[nH]c(=O)[nH]c32)[C@H](O)[C@@H]1OC(=O)CO,False,C13H16N4O8,356.0968,25
COC[C@H]1O[C@@H](n2cnc3c(=O)[nH]c(=O)[nH]c32)[C@H](O)[C@@H]1OC(=O)OC,False,C13H16N4O8,356.0968,25
COC[C@H]1O[C@@H](n2cnc3c(=O)[nH]c(=O)[nH]c32)[C@H](O)[C@@H]1OC(O)CO,False,C13H18N4O8,358.1125,25
COC[C@H]1O[C@@H](n2cnc3c(=O)[nH]c(=O)[nH]c32)[C@H](O)[C@@H]1C(C)=O,False,C13H16N4O6,324.107,23
COC(=O)[C@H]1O[C@@H](n2cnc3c(=O)[nH]c(=O)[nH]c32)[C@H](O)[C@@H]1OC(C)=O,False,C13H14N4O8,354.0812,25
CC(=O)O[C@H]1[C@@H](O)[C@H](n2cnc3c(=O)[nH]c(=O)[nH]c32)O[C@@H]1COC=O,False,C13H14N4O8,354.0812,25
COC[C@H]1O[C@@H](n2cnc3c(=O)[nH]c(=O)n(C(C)=O)c32)[C@H](O)[C@@H]1OC(C)=O,False,C15H18N4O8,382.1125,27
COC[C@H]1O[C@@H](n2cnc3c(=O)n(C(C)=O)c(=O)[nH]c32)[C@H](O)[C@@H]1OC(C)=O,False,C15H18N4O8,382.1125,27
COC[C@H]1O[C@@H](n2cnc3c(=O)[nH]c(=O)[nH]c32)[C@H](O)[C@@]1(C)OC(C)=O,False,C14H18N4O7,354.1175,25
COC[C@]1(C)O[C@@H](n2cnc3c(=O)[nH]c(=O)[nH]c32)[C@H](O)[C@@H]1OC(C)=O,False,C14H18N4O7,354.1175,25
COC[C@H]1O[C@@H](n2cnc3c(=O)[nH]c(=O)[nH]c32)[C@@](C)(O)[C@@H]1OC(C)=O,False,C14H18N4O7,354.1175,25
COC(C)[C@H]1O[C@@H](n2cnc3c(=O)[nH]c(=O)[nH]c32)[C@H](O)[C@@H]1OC(C)=O,False,C14H18N4O7,354.1175,25
COC[C@H]1O[C@](C)(n2cnc3c(=O)[nH]c(=O)[nH]c32)[C@H](O)[C@@H]1OC(C)=O,False,C14H18N4O7,354.1175,25
CCOC[C@H]1O[C@@H](n2cnc3c(=O)[nH]c(=O)[nH]c32)[C@H](O)[C@@H]1OC(C)=O,False,C14H18N4O7,354.1175,25
COC[C@H]1O[C@@H](n2c(C)nc3c(=O)[nH]c(=O)[nH]c32)[C@H](O)[C@@H]1OC(C)=O,False,C14H18N4O7,354.1175,25
COC[C@H]1O[C@@H](n2cnc3c(=O)[nH]c(=O)[nH]c32)[C@@](C)(OC=O)[C@@H]1O,False,C13H16N4O7,340.1019,24
COC[C@H]1O[C@@H](n2cnc3c(=O)[nH]c(=O)[nH]c32)[C@H](OC=O)[C@@]1(C)O,False,C13H16N4O7,340.1019,24
COC[C@H]1O[C@](C)(n2cnc3c(=O)[nH]c(=O)[nH]c32)[C@H](OC=O)[C@@H]1O,False,C13H16N4O7,340.1019,24
COC[C@]1(C)O[C@@H](n2cnc3c(=O)[nH]c(=O)[nH]c32)[C@H](OC=O)[C@@H]1O,False,C13H16N4O7,340.1019,24
COC(C)[C@H]1O[C@@H](n2cnc3c(=O)[nH]c(=O)[nH]c32)[C@H](OC=O)[C@@H]1O,False,C13H16N4O7,340.1019,24
COC[C@H]1O[C@@H](n2c(C)nc3c(=O)[nH]c(=O)[nH]c32)[C@H](OC=O)[C@@H]1O,False,C13H16N4O7,340.1019,24
CCOC[C@H]1O[C@@H](n2cnc3c(=O)[nH]c(=O)[nH]c32)[C@H](OC=O)[C@@H]1O,False,C13H16N4O7,340.1019,24
COC[C@H]1O[C@@H](n2cnc3c(=O)[nH]c(=O)[nH]c32)[C@@H]2OC(O)CO[C@@H]21,False,C13H16N4O7,340.1019,24
COC[C@H]1O[C@@H](n2cnc3c(=O)[nH]c(=O)[nH]c32)[C@]2(OC(C)O)O[C@H]12,False,C13H16N4O7,340.1019,24
COC[C@H]1O[C@@]2(n3cnc4c(=O)[nH]c(=O)[nH]c43)O[C@H]1[C@H]2OC(C)O,False,C13H16N4O7,340.1019,24
COC[C@]12O[C@@H](n3cnc4c(=O)[nH]c(=O)[nH]c43)[C@H](OC(C)O)[C@@H]1O2,False,C13H16N4O7,340.1019,24
COC1O[C@H]2[C@@H](OC(C)O)[C@H](n3cnc4c(=O)[nH]c(=O)[nH]c43)O[C@H]12,False,C13H16N4O7,340.1019,24
COC[C@H]1O[C@@H]2[C@H](OC(C)O)[C@@H]1Oc1nc3c(=O)[nH]c(=O)[nH]c3n12,False,C13H16N4O7,340.1019,24
CC(O)O[C@@H]1[C@@H]2OCOC[C@H]2O[C@H]1n1cnc2c(=O)[nH]c(=O)[nH]c21,False,C13H16N4O7,340.1019,24
COC[C@H]1O[C@@H](n2cnc3c(=O)[nH]c(=O)[nH]c32)[C@H](OC(C)O)[C@@H]1O,False,C13H18N4O7,342.1175,24
CCO[C@@H]1[C@H](O)[C@@H](COC)O[C@H]1n1cnc2c(=O)[nH]c(=O)[nH]c21,False,C13H18N4O6,326.1226,23
CCC(=O)O[C@@H]1[C@H](O)[C@@H](COC)O[C@H]1n1cnc2c(=O)[nH]c(=O)[nH]c21,False,C14H18N4O7,354.1175,25
COC[C@H]1O[C@@H](n2cnc3c(=O)[nH]c(=O)[nH]c32)[C@H](OC(=O)CC(=O)O)[C@@H]1O,False,C14H16N4O9,384.0917,27
COC[C@H]1O[C@@H](n2cnc3c(=O)[nH]c(=O)[nH]c32)[C@H](OC(C)(O)C#N)[C@@H]1O,False,C14H17N5O7,367.1128,26
COC[C@H]1O[C@@H](n2cnc3c(=O)[nH]c(=O)[nH]c32)[C@H](OC(C)N)[C@@H]1O,False,C13H19N5O6,341.1335,24
COC[C@H]1O[C@@H](n2cnc3c(=O)[nH]c(=O)[nH]c32)[C@H](OC(=O)CO)[C@@H]1O,False,C13H16N4O8,356.0968,25
COC[C@H]1O[C@@H](n2cnc3c(=O)[nH]c(=O)[nH]c32)[C@H](OC(=O)OC)[C@@H]1O,False,C13H16N4O8,356.0968,25
COC[C@H]1O[C@@H](n2cnc3c(=O)[nH]c(=O)[nH]c32)[C@H](OC(O)CO)[C@@H]1O,False,C13H18N4O8,358.1125,25
COC[C@H]1O[C@@H](n2cnc3c(=O)[nH]c(=O)[nH]c32)[C@H](C(C)=O)[C@@H]1O,False,C13H16N4O6,324.107,23
COC(=O)[C@H]1O[C@@H](n2cnc3c(=O)[nH]c(=O)[nH]c32)[C@H](OC(C)=O)[C@@H]1O,False,C13H14N4O8,354.0812,25
CC(=O)O[C@@H]1[C@H](O)[C@@H](COC=O)O[C@H]1n1cnc2c(=O)[nH]c(=O)[nH]c21,False,C13H14N4O8,354.0812,25
COC[C@H]1O[C@@H](n2cnc3c(=O)[nH]c(=O)n(C(C)=O)c32)[C@H](OC(C)=O)[C@@H]1O,False,C15H18N4O8,382.1125,27
COC[C@H]1O[C@@H](n2cnc3c(=O)n(C(C)=O)c(=O)[nH]c32)[C@H](OC(C)=O)[C@@H]1O,False,C15H18N4O8,382.1125,27
COC[C@H]1O[C@@H](n2cnc3c(=O)[nH]c(=O)[nH]c32)[C@@](C)(OC(C)=O)[C@@H]1O,False,C14H18N4O7,354.1175,25
COC[C@H]1O[C@@H](n2cnc3c(=O)[nH]c(=O)[nH]c32)[C@H](OC(C)=O)[C@@]1(C)O,False,C14H18N4O7,354.1175,25
COC[C@H]1O[C@](C)(n2cnc3c(=O)[nH]c(=O)[nH]c32)[C@H](OC(C)=O)[C@@H]1O,False,C14H18N4O7,354.1175,25
COC[C@]1(C)O[C@@H](n2cnc3c(=O)[nH]c(=O)[nH]c32)[C@H](OC(C)=O)[C@@H]1O,False,C14H18N4O7,354.1175,25
COC(C)[C@H]1O[C@@H](n2cnc3c(=O)[nH]c(=O)[nH]c32)[C@H](OC(C)=O)[C@@H]1O,False,C14H18N4O7,354.1175,25
COC[C@H]1O[C@@H](n2c(C)nc3c(=O)[nH]c(=O)[nH]c32)[C@H](OC(C)=O)[C@@H]1O,False,C14H18N4O7,354.1175,25
CCOC[C@H]1O[C@@H](n2cnc3c(=O)[nH]c(=O)[nH]c32)[C@H](OC(C)=O)[C@@H]1O,False,C14H18N4O7,354.1175,25
COS(=O)(=O)O,False,CH4O4S,111.983,6
COC,False,C2H6O,46.0419,3
CO[C@H]1O[C@H](CO)[C@@H](O)[C@H](O)[C@H]1O,False,C7H14O6,194.079,13
COC(C)=O,False,C3H6O2,74.0368,5
COP(=O)(O)O,False,CH5O4P,111.9925,6
O=CO,False,CH2O2,46.0055,3
O=c1[nH]c(=O)c2ncn([C@@H]3O[C@@H]4C(OCO)O[C@H]4[C@H]3O)c2[nH]1,False,C11H12N4O7,312.0706,22
O=c1[nH]c(=O)c2ncn([C@@H]3O[C@@H]4C(OCO)O[C@@H]3[C@@H]4O)c2[nH]1,False,C11H12N4O7,312.0706,22
O=c1[nH]c(=O)c2ncn([C@@H]3O[C@]4(COCO)O[C@H]4[C@H]3O)c2[nH]1,False,C11H12N4O7,312.0706,22
O=c1[nH]c(=O)c2ncn([C@@H]3O[C@]4(COCO)O[C@@H]3[C@@H]4O)c2[nH]1,False,C11H12N4O7,312.0706,22
O=c1[nH]c(=O)c2ncn([C@@H]3O[C@H](COCO)[C@@]4(O)O[C@@H]34)c2[nH]1,False,C11H12N4O7,312.0706,22
O=c1[nH]c(=O)c2ncn([C@@H]3O[C@H](COCO)[C@H]4O[C@]43O)c2[nH]1,False,C11H12N4O7,312.0706,22
O=c1[nH]c(=O)c2ncn([C@]34O[C@@H]([C@H]3O)[C@@H](COCO)O4)c2[nH]1,False,C11H12N4O7,312.0706,22
O=c1[nH]c(=O)c2ncn([C@]34O[C@@H]3[C@H](O)[C@@H](COCO)O4)c2[nH]1,False,C11H12N4O7,312.0706,22
O=c1[nH]c(=O)c2nc3n(c2[nH]1)[C@@H]1O[C@H](COCO)[C@@H](O3)[C@H]1O,False,C11H12N4O7,312.0706,22
O=c1[nH]c(=O)c2nc3n(c2[nH]1)[C@@H]1O[C@H](COCO)[C@@H](O)[C@H]1O3,False,C11H12N4O7,312.0706,22
O=COC(=O)[C@H]1O[C@@H](n2cnc3c(=O)[nH]c(=O)[nH]c32)[C@H](O)[C@@H]1O,False,C11H10N4O8,326.0499,23
O=COC[C@H]1O[C@@H](n2cnc3c(=O)[nH]c(=O)[nH]c32)[C@H](O)[C@@H]1OC=O,False,C12H12N4O8,340.0655,24
O=COC[C@H]1O[C@@H](n2cnc3c(=O)[nH]c(=O)[nH]c32)[C@H](OC=O)[C@@H]1O,False,C12H12N4O8,340.0655,24
O=COC[C@H]1O[C@@H](n2cnc3c(=O)[nH]c(=O)n(C=O)c32)[C@H](O)[C@@H]1O,False,C12H12N4O8,340.0655,24
O=COC[C@H]1O[C@@H](n2cnc3c(=O)n(C=O)c(=O)[nH]c32)[C@H](O)[C@@H]1O,False,C12H12N4O8,340.0655,24
COC(O)[C@]12O[C@@H](n3cnc4c(=O)[nH]c(=O)[nH]c43)[C@H](O)[C@@H]1O2,False,C11H12N4O7,312.0706,22
COC(O)[C@]12O[C@@H]([C@H](n3cnc4c(=O)[nH]c(=O)[nH]c43)O1)[C@@H]2O,False,C11H12N4O7,312.0706,22
O=c1[nH]c(=O)c2ncn([C@@H]3O[C@@H]4C(O)OCO[C@H]4[C@H]3O)c2[nH]1,False,C11H12N4O7,312.0706,22
O=c1[nH]c(=O)c2ncn([C@@H]3O[C@@H]4C(O)OCO[C@@H]3[C@@H]4O)c2[nH]1,False,C11H12N4O7,312.0706,22
COC(O)[C@H]1O[C@@H](n2cnc3c(=O)[nH]c(=O)[nH]c32)[C@@H]2O[C@]12O,False,C11H12N4O7,312.0706,22
COC(O)[C@H]1O[C@@H](n2cnc3c(=O)[nH]c(=O)[nH]c32)[C@]2(O)O[C@H]12,False,C11H12N4O7,312.0706,22
COC(O)[C@H]1O[C@@]2(n3cnc4c(=O)[nH]c(=O)[nH]c43)O[C@H]1[C@H]2O,False,C11H12N4O7,312.0706,22
COC(O)[C@H]1O[C@@]2(n3cnc4c(=O)[nH]c(=O)[nH]c43)O[C@@H]2[C@@H]1O,False,C11H12N4O7,312.0706,22
COC(O)[C@H]1O[C@@H]2[C@H](O)[C@@H]1Oc1nc3c(=O)[nH]c(=O)[nH]c3n12,False,C11H12N4O7,312.0706,22
COC(O)[C@H]1O[C@@H]2[C@H](Oc3nc4c(=O)[nH]c(=O)[nH]c4n32)[C@@H]1O,False,C11H12N4O7,312.0706,22
COC(O)[C@H]1O[C@@H](n2cnc3c(=O)[nH]c(=O)[nH]c32)[C@H](O)[C@@H]1O,False,C11H14N4O7,314.0862,22
COC(O)(C#N)[C@H]1O[C@@H](n2cnc3c(=O)[nH]c(=O)[nH]c32)[C@H](O)[C@@H]1O,False,C12H13N5O7,339.0815,24
CO[C@@H]1[C@H](OC)[C@@H](CO)O[C@H]1n1c[n+](C)c2c(=O)[nH]c(=O)[nH]c21,False,C13H19N4O6+,327.1299,23
CO[C@@H]1[C@H](OC)[C@@H](COC(C)=O)O[C@H]1n1cnc2c(=O)[nH]c(=O)[nH]c21,False,C14H18N4O7,354.1175,25
CO[C@@H]1[C@H](OC)[C@@H](C)O[C@H]1n1cnc2c(=O)[nH]c(=O)[nH]c21,False,C12H16N4O5,296.1121,21
CO[C@H]1[C@@H](OC=O)[C@H](n2cnc3c(=O)[nH]c(=O)[nH]c32)O[C@@H]1CO,False,C12H14N4O7,326.0862,23
CO[C@@H]1[C@H](OC=O)[C@@H](CO)O[C@H]1n1cnc2c(=O)[nH]c(=O)[nH]c21,False,C12H14N4O7,326.0862,23
CO[C@@H]1[C@H](OC)[C@@H](C(=O)O)O[C@H]1n1cnc2c(=O)[nH]c(=O)[nH]c21,False,C12H14N4O7,326.0862,23
CO[C@@H]1CO[C@](CO)(n2c[n+](C)c3c(=O)[nH]c(=O)[nH]c32)[C@@H]1O,False,C12H17N4O6+,313.1143,22
CO[C@H]1[C@@H](O)[C@H](n2c[n+](C)c3c(=O)[nH]c(=O)[nH]c32)O[C@@H]1C=O,False,C12H15N4O6+,311.0986,22
CO[C@H]1[C@@H](O)[C@H](n2c[n+](C)c3c(=O)[nH]c(=O)n(C)c32)O[C@@H]1CO,False,C13H19N4O6+,327.1299,23
CO[C@H]1[C@@H](O)[C@H](n2c[n+](C)c3c(=O)[nH]c(=O)[nH]c32)O[C@@H]1COC(C)=O,False,C14H19N4O7+,355.1248,25
CO[C@H]1[C@@H](OC(C)=O)[C@H](n2c[n+](C)c3c(=O)[nH]c(=O)[nH]c32)O[C@@H]1CO,False,C14H19N4O7+,355.1248,25
CO[C@H]1[C@@H](O)[C@H](n2c[n+](C)c3c(=O)[nH]c(=O)[nH]c32)O[C@@H]1C,False,C12H17N4O5+,297.1193,21
CO[C@H]1[C@@H](O)[C@H](n2c[n+](C)c3c(=O)[nH]c(=O)[nH]c32)O[C@@H]1C(=O)O,False,C12H15N4O7+,327.0935,23
C[n+]1cn([C@@H]2O[C@H](CO)[C@@H](OC=O)[C@H]2O)c2[nH]c(=O)[nH]c(=O)c21,False,C12H15N4O7+,327.0935,23
CO[C@H]1[C@@H](O)[C@H](n2c[nH+]c3c(=O)[nH]c(=O)[nH]c32)O[C@@H]1CO,False,C11H15N4O6+,299.0986,21
CO[C@H]1[C@@H](O)[C@H](n2c[n+](C)c3c(=O)n(C)c(=O)[nH]c32)O[C@@H]1CO,False,C13H19N4O6+,327.1299,23
CO[C@H]1[C@@H](O)[C@H](n2cnc3c(=O)[nH]c(=O)[nH]c32)O[C@@H]1C(C)OC=O,False,C13H16N4O7,340.1019,24
CO[C@H]1[C@@H](O)[C@H](n2cnc3c(=O)[nH]c(=O)[nH]c32)O[C@@]1(C)COC=O,False,C13H16N4O7,340.1019,24
CO[C@@]1(C)[C@@H](COC=O)O[C@@H](n2cnc3c(=O)[nH]c(=O)[nH]c32)[C@@H]1O,False,C13H16N4O7,340.1019,24
CO[C@@H]1[C@@H](COC=O)O[C@@H](n2cnc3c(=O)[nH]c(=O)[nH]c32)[C@@]1(C)O,False,C13H16N4O7,340.1019,24
CO[C@H]1[C@@H](O)[C@@](C)(n2cnc3c(=O)[nH]c(=O)[nH]c32)O[C@@H]1COC=O,False,C13H16N4O7,340.1019,24
CCO[C@H]1[C@@H](O)[C@H](n2cnc3c(=O)[nH]c(=O)[nH]c32)O[C@@H]1COC=O,False,C13H16N4O7,340.1019,24
CO[C@H]1[C@@H](O)[C@H](n2c(C)nc3c(=O)[nH]c(=O)[nH]c32)O[C@@H]1COC=O,False,C13H16N4O7,340.1019,24
CO[C@H]1[C@H]2OCC(O)OC[C@H]1O[C@H]2n1cnc2c(=O)[nH]c(=O)[nH]c21,False,C13H16N4O7,340.1019,24
CO[C@H]1[C@H]2OC(OC(C)O)[C@H]1O[C@H]2n1cnc2c(=O)[nH]c(=O)[nH]c21,False,C13H16N4O7,340.1019,24
CO[C@H]1[C@H]2O[C@@]1(COC(C)O)O[C@H]2n1cnc2c(=O)[nH]c(=O)[nH]c21,False,C13H16N4O7,340.1019,24
CO[C@]12O[C@H]1[C@H](n1cnc3c(=O)[nH]c(=O)[nH]c31)O[C@@H]2COC(C)O,False,C13H16N4O7,340.1019,24
CO[C@H]1[C@H]2O[C@]2(n2cnc3c(=O)[nH]c(=O)[nH]c32)O[C@@H]1COC(C)O,False,C13H16N4O7,340.1019,24
CC(O)OC[C@H]1O[C@@H](n2cnc3c(=O)[nH]c(=O)[nH]c32)[C@@H]2OCO[C@@H]21,False,C13H16N4O7,340.1019,24
CO[C@H]1[C@H]2Oc3nc4c(=O)[nH]c(=O)[nH]c4n3[C@@H]2O[C@@H]1COC(C)O,False,C13H16N4O7,340.1019,24
CO[C@H]1[C@@H](O)[C@H](n2cnc3c(=O)[nH]c(=O)[nH]c32)O[C@@H]1COC(C)O,False,C13H18N4O7,342.1175,24
CCOC[C@H]1O[C@@H](n2cnc3c(=O)[nH]c(=O)[nH]c32)[C@H](O)[C@@H]1OC,False,C13H18N4O6,326.1226,23
CCC(=O)OC[C@H]1O[C@@H](n2cnc3c(=O)[nH]c(=O)[nH]c32)[C@H](O)[C@@H]1OC,False,C14H18N4O7,354.1175,25
CO[C@H]1[C@@H](OC(C)=O)[C@H](n2cnc3c(=O)[nH]c(=O)[nH]c32)O[C@@H]1COC(C)=O,False,C15H18N4O8,382.1125,27
CO[C@H]1[C@@H](O)[C@H](n2cnc3c(=O)[nH]c(=O)[nH]c32)O[C@@H]1COC(=O)CC(=O)O,False,C14H16N4O9,384.0917,27
CO[C@H]1[C@@H](O)[C@H](n2cnc3c(=O)[nH]c(=O)[nH]c32)O[C@@H]1COC(C)(O)C#N,False,C14H17N5O7,367.1128,26
CO[C@H]1[C@@H](O)[C@H](n2cnc3c(=O)[nH]c(=O)[nH]c32)O[C@@H]1COC(C)N,False,C13H19N5O6,341.1335,24
CO[C@H]1[C@@H](O)[C@H](n2cnc3c(=O)[nH]c(=O)[nH]c32)O[C@@H]1COC(=O)CO,False,C13H16N4O8,356.0968,25
COC(=O)OC[C@H]1O[C@@H](n2cnc3c(=O)[nH]c(=O)[nH]c32)[C@H](O)[C@@H]1OC,False,C13H16N4O8,356.0968,25
CO[C@H]1[C@@H](O)[C@H](n2cnc3c(=O)[nH]c(=O)[nH]c32)O[C@@H]1COC(O)CO,False,C13H18N4O8,358.1125,25
CO[C@H]1[C@@H](O)[C@H](n2cnc3c(=O)[nH]c(=O)[nH]c32)O[C@@H]1CC(C)=O,False,C13H16N4O6,324.107,23
CO[C@H]1[C@@H](O)[C@H](n2cnc3c(=O)[nH]c(=O)[nH]c32)O[C@@H]1C(=O)OC(C)=O,False,C13H14N4O8,354.0812,25
CC(=O)OC[C@H]1O[C@@H](n2cnc3c(=O)[nH]c(=O)[nH]c32)[C@H](O)[C@@H]1OC=O,False,C13H14N4O8,354.0812,25
CO[C@H]1[C@@H](O)[C@H](n2cnc3c(=O)[nH]c(=O)n(C(C)=O)c32)O[C@@H]1COC(C)=O,False,C15H18N4O8,382.1125,27
CO[C@H]1[C@@H](O)[C@H](n2cnc3c(=O)n(C(C)=O)c(=O)[nH]c32)O[C@@H]1COC(C)=O,False,C15H18N4O8,382.1125,27
CO[C@H]1[C@@H](O)[C@H](n2cnc3c(=O)[nH]c(=O)[nH]c32)O[C@@H]1C(C)OC(C)=O,False,C14H18N4O7,354.1175,25
CO[C@H]1[C@@H](O)[C@H](n2cnc3c(=O)[nH]c(=O)[nH]c32)O[C@@]1(C)COC(C)=O,False,C14H18N4O7,354.1175,25
CO[C@@]1(C)[C@@H](COC(C)=O)O[C@@H](n2cnc3c(=O)[nH]c(=O)[nH]c32)[C@@H]1O,False,C14H18N4O7,354.1175,25
CO[C@@H]1[C@@H](COC(C)=O)O[C@@H](n2cnc3c(=O)[nH]c(=O)[nH]c32)[C@@]1(C)O,False,C14H18N4O7,354.1175,25
CO[C@H]1[C@@H](O)[C@@](C)(n2cnc3c(=O)[nH]c(=O)[nH]c32)O[C@@H]1COC(C)=O,False,C14H18N4O7,354.1175,25
CCO[C@H]1[C@@H](O)[C@H](n2cnc3c(=O)[nH]c(=O)[nH]c32)O[C@@H]1COC(C)=O,False,C14H18N4O7,354.1175,25
CO[C@H]1[C@@H](O)[C@H](n2c(C)nc3c(=O)[nH]c(=O)[nH]c32)O[C@@H]1COC(C)=O,False,C14H18N4O7,354.1175,25
CO[C@@H]1[C@@H](CO)O[C@@H](n2cnc3c(=O)[nH]c(=O)[nH]c32)[C@@]1(C)OC=O,False,C13H16N4O7,340.1019,24
CO[C@@]1(C)[C@@H](CO)O[C@@H](n2cnc3c(=O)[nH]c(=O)[nH]c32)[C@@H]1OC=O,False,C13H16N4O7,340.1019,24
CO[C@H]1[C@@H](OC=O)[C@@](C)(n2cnc3c(=O)[nH]c(=O)[nH]c32)O[C@@H]1CO,False,C13H16N4O7,340.1019,24
CO[C@H]1[C@@H](OC=O)[C@H](n2cnc3c(=O)[nH]c(=O)[nH]c32)O[C@@]1(C)CO,False,C13H16N4O7,340.1019,24
CCO[C@H]1[C@@H](OC=O)[C@H](n2cnc3c(=O)[nH]c(=O)[nH]c32)O[C@@H]1CO,False,C13H16N4O7,340.1019,24
CO[C@H]1[C@@H](OC=O)[C@H](n2cnc3c(=O)[nH]c(=O)[nH]c32)O[C@@H]1C(C)O,False,C13H16N4O7,340.1019,24
CO[C@H]1[C@@H](OC=O)[C@H](n2c(C)nc3c(=O)[nH]c(=O)[nH]c32)O[C@@H]1CO,False,C13H16N4O7,340.1019,24
CO[C@H]1[C@H]2OC(O)COC[C@H]1O[C@H]2n1cnc2c(=O)[nH]c(=O)[nH]c21,False,C13H16N4O7,340.1019,24
CO[C@@H]1[C@H]2CO[C@@]1(OC(C)O)[C@H](n1cnc3c(=O)[nH]c(=O)[nH]c31)O2,False,C13H16N4O7,340.1019,24
CO[C@@]12OC[C@H]1O[C@@H](n1cnc3c(=O)[nH]c(=O)[nH]c31)[C@@H]2OC(C)O,False,C13H16N4O7,340.1019,24
CO[C@H]1[C@@H](OC(C)O)[C@]2(n3cnc4c(=O)[nH]c(=O)[nH]c43)OC[C@H]1O2,False,C13H16N4O7,340.1019,24
CO[C@H]1[C@@H](OC(C)O)[C@H](n2cnc3c(=O)[nH]c(=O)[nH]c32)O[C@@]12CO2,False,C13H16N4O7,340.1019,24
CO[C@H]1[C@@H](OC(C)O)[C@H]2O[C@@H]1COc1nc3c(=O)[nH]c(=O)[nH]c3n12,False,C13H16N4O7,340.1019,24
CO[C@H]1[C@@H](OC(C)O)[C@H](n2cnc3c(=O)[nH]c(=O)[nH]c32)O[C@@H]1CO,False,C13H18N4O7,342.1175,24
CCO[C@@H]1[C@H](OC)[C@@H](CO)O[C@H]1n1cnc2c(=O)[nH]c(=O)[nH]c21,False,C13H18N4O6,326.1226,23
CCC(=O)O[C@@H]1[C@H](OC)[C@@H](CO)O[C@H]1n1cnc2c(=O)[nH]c(=O)[nH]c21,False,C14H18N4O7,354.1175,25
CO[C@H]1[C@@H](OC(=O)CC(=O)O)[C@H](n2cnc3c(=O)[nH]c(=O)[nH]c32)O[C@@H]1CO,False,C14H16N4O9,384.0917,27
CO[C@H]1[C@@H](OC(C)(O)C#N)[C@H](n2cnc3c(=O)[nH]c(=O)[nH]c32)O[C@@H]1CO,False,C14H17N5O7,367.1128,26
CO[C@H]1[C@@H](OC(C)N)[C@H](n2cnc3c(=O)[nH]c(=O)[nH]c32)O[C@@H]1CO,False,C13H19N5O6,341.1335,24
CO[C@H]1[C@@H](OC(=O)CO)[C@H](n2cnc3c(=O)[nH]c(=O)[nH]c32)O[C@@H]1CO,False,C13H16N4O8,356.0968,25
COC(=O)O[C@@H]1[C@H](OC)[C@@H](CO)O[C@H]1n1cnc2c(=O)[nH]c(=O)[nH]c21,False,C13H16N4O8,356.0968,25
CO[C@H]1[C@@H](OC(O)CO)[C@H](n2cnc3c(=O)[nH]c(=O)[nH]c32)O[C@@H]1CO,False,C13H18N4O8,358.1125,25
CO[C@H]1[C@@H](OC(C)=O)[C@H](n2cnc3c(=O)[nH]c(=O)[nH]c32)O[C@@H]1C,False,C13H16N4O6,324.107,23
CO[C@H]1[C@@H](C(C)=O)[C@H](n2cnc3c(=O)[nH]c(=O)[nH]c32)O[C@@H]1CO,False,C13H16N4O6,324.107,23
CC(=O)O[C@@H]1[C@H](OC=O)[C@@H](CO)O[C@H]1n1cnc2c(=O)[nH]c(=O)[nH]c21,False,C13H14N4O8,354.0812,25
CO[C@H]1[C@@H](OC(C)=O)[C@H](n2cnc3c(=O)[nH]c(=O)[nH]c32)O[C@@H]1C(=O)O,False,C13H14N4O8,354.0812,25
CO[C@H]1[C@@H](OC(C)=O)[C@H](n2cnc3c(=O)[nH]c(=O)n(C(C)=O)c32)O[C@@H]1CO,False,C15H18N4O8,382.1125,27
CO[C@H]1[C@@H](OC(C)=O)[C@H](n2cnc3c(=O)n(C(C)=O)c(=O)[nH]c32)O[C@@H]1CO,False,C15H18N4O8,382.1125,27
CO[C@@H]1[C@@H](CO)O[C@@H](n2cnc3c(=O)[nH]c(=O)[nH]c32)[C@@]1(C)OC(C)=O,False,C14H18N4O7,354.1175,25
CO[C@@]1(C)[C@@H](CO)O[C@@H](n2cnc3c(=O)[nH]c(=O)[nH]c32)[C@@H]1OC(C)=O,False,C14H18N4O7,354.1175,25
CO[C@H]1[C@@H](OC(C)=O)[C@@](C)(n2cnc3c(=O)[nH]c(=O)[nH]c32)O[C@@H]1CO,False,C14H18N4O7,354.1175,25
CO[C@H]1[C@@H](OC(C)=O)[C@H](n2cnc3c(=O)[nH]c(=O)[nH]c32)O[C@@]1(C)CO,False,C14H18N4O7,354.1175,25
CCO[C@H]1[C@@H](OC(C)=O)[C@H](n2cnc3c(=O)[nH]c(=O)[nH]c32)O[C@@H]1CO,False,C14H18N4O7,354.1175,25
CO[C@H]1[C@@H](OC(C)=O)[C@H](n2cnc3c(=O)[nH]c(=O)[nH]c32)O[C@@H]1C(C)O,False,C14H18N4O7,354.1175,25
CO[C@H]1[C@@H](OC(C)=O)[C@H](n2c(C)nc3c(=O)[nH]c(=O)[nH]c32)O[C@@H]1CO,False,C14H18N4O7,354.1175,25
C[C@H]1O[C@@H](n2cnc3c(=O)[nH]c(=O)[nH]c32)[C@H](O)[C@@H]1OC=O,False,C11H12N4O6,296.0757,21
O=c1[nH]c(=O)c2ncn([C@@H]3O[C@H](CO)[C@@]4(OCO)O[C@@H]34)c2[nH]1,False,C11H12N4O7,312.0706,22
O=c1[nH]c(=O)c2ncn([C@@H]3O[C@@H]4CO[C@@]4(OCO)[C@H]3O)c2[nH]1,False,C11H12N4O7,312.0706,22
O=c1[nH]c(=O)c2ncn([C@@H]3O[C@@H]4CO[C@]3(O)[C@@H]4OCO)c2[nH]1,False,C11H12N4O7,312.0706,22
O=c1[nH]c(=O)c2ncn([C@@H]3O[C@]4(CO)O[C@@H]3[C@@H]4OCO)c2[nH]1,False,C11H12N4O7,312.0706,22
O=c1[nH]c(=O)c2ncn([C@@H]3O[C@@]4(CO4)[C@@H](OCO)[C@H]3O)c2[nH]1,False,C11H12N4O7,312.0706,22
O=c1[nH]c(=O)c2ncn([C@]34O[C@@H]3[C@H](OCO)[C@@H](CO)O4)c2[nH]1,False,C11H12N4O7,312.0706,22
O=c1[nH]c(=O)c2ncn([C@@]34OC[C@@H](O3)[C@@H](OCO)[C@H]4O)c2[nH]1,False,C11H12N4O7,312.0706,22
O=c1[nH]c(=O)c2ncn([C@@H]3O[C@@H]4C(O)O[C@@H]3[C@@H]4OCO)c2[nH]1,False,C11H12N4O7,312.0706,22
O=c1[nH]c(=O)c2nc3n(c2[nH]1)[C@@H]1O[C@H](CO)[C@@H](OCO)[C@H]1O3,False,C11H12N4O7,312.0706,22
O=c1[nH]c(=O)c2nc3n(c2[nH]1)[C@@H]1O[C@H](CO3)[C@@H](OCO)[C@H]1O,False,C11H12N4O7,312.0706,22
O=CO[C@H]1[C@@H](O)[C@H](n2cnc3c(=O)[nH]c(=O)[nH]c32)O[C@@H]1C(=O)O,False,C11H10N4O8,326.0499,23
O=CO[C@@H]1[C@H](OC=O)[C@@H](CO)O[C@H]1n1cnc2c(=O)[nH]c(=O)[nH]c21,False,C12H12N4O8,340.0655,24
CO[C@@H]1CO[C@@H](n2cnc3c(=O)[nH]c(=O)[nH]c32)[C@@H]1O,False,C10H12N4O5,268.0808,19
CO[C@H]1[C@@H](O)[C@H](n2cnc3c(=O)[nH]c(=O)[nH]c32)O[C@]12OC2O,False,C11H12N4O7,312.0706,22
CO[C@H]1[C@H]2O[C@@]1(C(O)O)O[C@H]2n1cnc2c(=O)[nH]c(=O)[nH]c21,False,C11H12N4O7,312.0706,22
CO[C@@]12OC(O)[C@H]1O[C@@H](n1cnc3c(=O)[nH]c(=O)[nH]c31)[C@@H]2O,False,C11H12N4O7,312.0706,22
CO[C@]12O[C@H]1[C@H](n1cnc3c(=O)[nH]c(=O)[nH]c31)O[C@@H]2C(O)O,False,C11H12N4O7,312.0706,22
CO[C@@H]1[C@@H]2O[C@@H](n3cnc4c(=O)[nH]c(=O)[nH]c43)[C@]1(O)OC2O,False,C11H12N4O7,312.0706,22
CO[C@@H]1[C@@H]2O[C@@](n3cnc4c(=O)[nH]c(=O)[nH]c43)(OC2O)[C@@H]1O,False,C11H12N4O7,312.0706,22
CO[C@@H]1[C@@H](C(O)O)O[C@@]2(n3cnc4c(=O)[nH]c(=O)[nH]c43)O[C@H]12,False,C11H12N4O7,312.0706,22
O=c1[nH]c(=O)c2ncn([C@@H]3O[C@H](C(O)O)[C@H]4OCO[C@H]43)c2[nH]1,False,C11H12N4O7,312.0706,22
CO[C@H]1[C@@H](O)[C@H]2O[C@@H]1C(O)Oc1nc3c(=O)[nH]c(=O)[nH]c3n12,False,C11H12N4O7,312.0706,22
CO[C@H]1[C@H]2Oc3nc4c(=O)[nH]c(=O)[nH]c4n3[C@@H]2O[C@@H]1C(O)O,False,C11H12N4O7,312.0706,22
CO[C@H]1[C@@H](O)[C@H](n2cnc3c(=O)[nH]c(=O)[nH]c32)O[C@@H]1C(O)O,False,C11H14N4O7,314.0862,22
CO[C@H]1[C@@H](O)[C@H](n2cnc3c(=O)[nH]c(=O)[nH]c32)O[C@@H]1C(O)(O)C#N,False,C12H13N5O7,339.0815,24
CO[C@H]1[C@@H](O)[C@H](n2cnc3c(=O)[nH]c(=O)[nH]c32)O[C@@H]1C(N)=O,False,C11H13N5O6,311.0866,22
CO[C@@H]1[C@H](O)CO[C@]1(CO)n1c[n+](C)c2c(=O)[nH]c(=O)[nH]c21,False,C12H17N4O6+,313.1143,22
CO[C@@H]1[C@H](O)[C@@H](C=O)O[C@H]1n1c[n+](C)c2c(=O)[nH]c(=O)[nH]c21,False,C12H15N4O6+,311.0986,22
CO[C@@H]1[C@H](O)[C@@H](CO)O[C@H]1n1c[n+](C)c2c(=O)[nH]c(=O)n(C)c21,False,C13H19N4O6+,327.1299,23
CO[C@@H]1[C@H](O)[C@@H](COC(C)=O)O[C@H]1n1c[n+](C)c2c(=O)[nH]c(=O)[nH]c21,False,C14H19N4O7+,355.1248,25
CO[C@@H]1[C@H](OC(C)=O)[C@@H](CO)O[C@H]1n1c[n+](C)c2c(=O)[nH]c(=O)[nH]c21,False,C14H19N4O7+,355.1248,25
CO[C@@H]1[C@H](O)[C@@H](C)O[C@H]1n1c[n+](C)c2c(=O)[nH]c(=O)[nH]c21,False,C12H17N4O5+,297.1193,21
C[n+]1cn([C@@H]2O[C@H](CO)[C@@H](O)[C@H]2OC=O)c2[nH]c(=O)[nH]c(=O)c21,False,C12H15N4O7+,327.0935,23
CO[C@@H]1[C@H](O)[C@@H](C(=O)O)O[C@H]1n1c[n+](C)c2c(=O)[nH]c(=O)[nH]c21,False,C12H15N4O7+,327.0935,23
CO[C@@H]1[C@H](O)[C@@H](CO)O[C@H]1n1c[nH+]c2c(=O)[nH]c(=O)[nH]c21,False,C11H15N4O6+,299.0986,21
CO[C@@H]1[C@H](O)[C@@H](CO)O[C@H]1n1c[n+](C)c2c(=O)n(C)c(=O)[nH]c21,False,C13H19N4O6+,327.1299,23
CO[C@@H]1[C@H](O)[C@@H](C(C)OC=O)O[C@H]1n1cnc2c(=O)[nH]c(=O)[nH]c21,False,C13H16N4O7,340.1019,24
CO[C@H]1[C@H](n2cnc3c(=O)[nH]c(=O)[nH]c32)O[C@@](C)(COC=O)[C@H]1O,False,C13H16N4O7,340.1019,24
CO[C@H]1[C@H](n2cnc3c(=O)[nH]c(=O)[nH]c32)O[C@H](COC=O)[C@]1(C)O,False,C13H16N4O7,340.1019,24
CO[C@@]1(C)[C@H](O)[C@@H](COC=O)O[C@H]1n1cnc2c(=O)[nH]c(=O)[nH]c21,False,C13H16N4O7,340.1019,24
CO[C@@H]1[C@H](O)[C@@H](COC=O)O[C@]1(C)n1cnc2c(=O)[nH]c(=O)[nH]c21,False,C13H16N4O7,340.1019,24
CCO[C@@H]1[C@H](O)[C@@H](COC=O)O[C@H]1n1cnc2c(=O)[nH]c(=O)[nH]c21,False,C13H16N4O7,340.1019,24
CO[C@@H]1[C@H](O)[C@@H](COC=O)O[C@H]1n1c(C)nc2c(=O)[nH]c(=O)[nH]c21,False,C13H16N4O7,340.1019,24
CO[C@@H]1[C@@H]2OCC(O)OC[C@H]2O[C@H]1n1cnc2c(=O)[nH]c(=O)[nH]c21,False,C13H16N4O7,340.1019,24
CO[C@@H]1[C@@H]2OC(OC(C)O)[C@H]2O[C@H]1n1cnc2c(=O)[nH]c(=O)[nH]c21,False,C13H16N4O7,340.1019,24
CO[C@H]1[C@H](n2cnc3c(=O)[nH]c(=O)[nH]c32)O[C@]2(COC(C)O)O[C@@H]12,False,C13H16N4O7,340.1019,24
CO[C@@]12O[C@@H]1[C@@H](COC(C)O)O[C@H]2n1cnc2c(=O)[nH]c(=O)[nH]c21,False,C13H16N4O7,340.1019,24
CO[C@@H]1[C@@H]2O[C@]1(n1cnc3c(=O)[nH]c(=O)[nH]c31)O[C@@H]2COC(C)O,False,C13H16N4O7,340.1019,24
CO[C@@H]1[C@@H]2Oc3nc4c(=O)[nH]c(=O)[nH]c4n3[C@@H]1O[C@@H]2COC(C)O,False,C13H16N4O7,340.1019,24
CO[C@@H]1[C@H](O)[C@@H](COC(C)O)O[C@H]1n1cnc2c(=O)[nH]c(=O)[nH]c21,False,C13H18N4O7,342.1175,24
CCOC[C@H]1O[C@@H](n2cnc3c(=O)[nH]c(=O)[nH]c32)[C@H](OC)[C@@H]1O,False,C13H18N4O6,326.1226,23
CCC(=O)OC[C@H]1O[C@@H](n2cnc3c(=O)[nH]c(=O)[nH]c32)[C@H](OC)[C@@H]1O,False,C14H18N4O7,354.1175,25
CO[C@@H]1[C@H](OC(C)=O)[C@@H](COC(C)=O)O[C@H]1n1cnc2c(=O)[nH]c(=O)[nH]c21,False,C15H18N4O8,382.1125,27
CO[C@@H]1[C@H](O)[C@@H](COC(=O)CC(=O)O)O[C@H]1n1cnc2c(=O)[nH]c(=O)[nH]c21,False,C14H16N4O9,384.0917,27
CO[C@@H]1[C@H](O)[C@@H](COC(C)(O)C#N)O[C@H]1n1cnc2c(=O)[nH]c(=O)[nH]c21,False,C14H17N5O7,367.1128,26
CO[C@@H]1[C@H](O)[C@@H](COC(C)N)O[C@H]1n1cnc2c(=O)[nH]c(=O)[nH]c21,False,C13H19N5O6,341.1335,24
CO[C@@H]1[C@H](O)[C@@H](COC(=O)CO)O[C@H]1n1cnc2c(=O)[nH]c(=O)[nH]c21,False,C13H16N4O8,356.0968,25
COC(=O)OC[C@H]1O[C@@H](n2cnc3c(=O)[nH]c(=O)[nH]c32)[C@H](OC)[C@@H]1O,False,C13H16N4O8,356.0968,25
CO[C@@H]1[C@H](O)[C@@H](COC(O)CO)O[C@H]1n1cnc2c(=O)[nH]c(=O)[nH]c21,False,C13H18N4O8,358.1125,25
CO[C@@H]1[C@H](O)[C@@H](CC(C)=O)O[C@H]1n1cnc2c(=O)[nH]c(=O)[nH]c21,False,C13H16N4O6,324.107,23
CO[C@@H]1[C@H](O)[C@@H](C(=O)OC(C)=O)O[C@H]1n1cnc2c(=O)[nH]c(=O)[nH]c21,False,C13H14N4O8,354.0812,25
CC(=O)OC[C@H]1O[C@@H](n2cnc3c(=O)[nH]c(=O)[nH]c32)[C@H](OC=O)[C@@H]1O,False,C13H14N4O8,354.0812,25
CO[C@@H]1[C@H](O)[C@@H](COC(C)=O)O[C@H]1n1cnc2c(=O)[nH]c(=O)n(C(C)=O)c21,False,C15H18N4O8,382.1125,27
CO[C@@H]1[C@H](O)[C@@H](COC(C)=O)O[C@H]1n1cnc2c(=O)n(C(C)=O)c(=O)[nH]c21,False,C15H18N4O8,382.1125,27
CO[C@@H]1[C@H](O)[C@@H](C(C)OC(C)=O)O[C@H]1n1cnc2c(=O)[nH]c(=O)[nH]c21,False,C14H18N4O7,354.1175,25
CO[C@H]1[C@H](n2cnc3c(=O)[nH]c(=O)[nH]c32)O[C@@](C)(COC(C)=O)[C@H]1O,False,C14H18N4O7,354.1175,25
CO[C@H]1[C@H](n2cnc3c(=O)[nH]c(=O)[nH]c32)O[C@H](COC(C)=O)[C@]1(C)O,False,C14H18N4O7,354.1175,25
CO[C@@]1(C)[C@H](O)[C@@H](COC(C)=O)O[C@H]1n1cnc2c(=O)[nH]c(=O)[nH]c21,False,C14H18N4O7,354.1175,25
CO[C@@H]1[C@H](O)[C@@H](COC(C)=O)O[C@]1(C)n1cnc2c(=O)[nH]c(=O)[nH]c21,False,C14H18N4O7,354.1175,25
CCO[C@@H]1[C@H](O)[C@@H](COC(C)=O)O[C@H]1n1cnc2c(=O)[nH]c(=O)[nH]c21,False,C14H18N4O7,354.1175,25
CO[C@@H]1[C@H](O)[C@@H](COC(C)=O)O[C@H]1n1c(C)nc2c(=O)[nH]c(=O)[nH]c21,False,C14H18N4O7,354.1175,25
CO[C@H]1[C@H](n2cnc3c(=O)[nH]c(=O)[nH]c32)O[C@H](CO)[C@]1(C)OC=O,False,C13H16N4O7,340.1019,24
CO[C@@]1(C)[C@H](OC=O)[C@@H](CO)O[C@H]1n1cnc2c(=O)[nH]c(=O)[nH]c21,False,C13H16N4O7,340.1019,24
CO[C@H]1[C@H](n2cnc3c(=O)[nH]c(=O)[nH]c32)O[C@@](C)(CO)[C@H]1OC=O,False,C13H16N4O7,340.1019,24
CO[C@@H]1[C@H](OC=O)[C@@H](CO)O[C@]1(C)n1cnc2c(=O)[nH]c(=O)[nH]c21,False,C13H16N4O7,340.1019,24
CO[C@@H]1[C@H](OC=O)[C@@H](C(C)O)O[C@H]1n1cnc2c(=O)[nH]c(=O)[nH]c21,False,C13H16N4O7,340.1019,24
CCO[C@@H]1[C@H](OC=O)[C@@H](CO)O[C@H]1n1cnc2c(=O)[nH]c(=O)[nH]c21,False,C13H16N4O7,340.1019,24
CO[C@@H]1[C@H](OC=O)[C@@H](CO)O[C@H]1n1c(C)nc2c(=O)[nH]c(=O)[nH]c21,False,C13H16N4O7,340.1019,24
CO[C@@H]1[C@@H]2OC(O)COC[C@H]2O[C@H]1n1cnc2c(=O)[nH]c(=O)[nH]c21,False,C13H16N4O7,340.1019,24
CO[C@H]1[C@H](n2cnc3c(=O)[nH]c(=O)[nH]c32)O[C@@H]2CO[C@]21OC(C)O,False,C13H16N4O7,340.1019,24
CO[C@]12OC[C@@H](O[C@H]1n1cnc3c(=O)[nH]c(=O)[nH]c31)[C@H]2OC(C)O,False,C13H16N4O7,340.1019,24
CO[C@H]1[C@H](n2cnc3c(=O)[nH]c(=O)[nH]c32)O[C@@]2(CO2)[C@H]1OC(C)O,False,C13H16N4O7,340.1019,24
CO[C@@H]1[C@H](OC(C)O)[C@H]2CO[C@]1(n1cnc3c(=O)[nH]c(=O)[nH]c31)O2,False,C13H16N4O7,340.1019,24
CO[C@@H]1[C@H](OC(C)O)[C@H]2COc3nc4c(=O)[nH]c(=O)[nH]c4n3[C@@H]1O2,False,C13H16N4O7,340.1019,24
CO[C@@H]1[C@H](OC(C)O)[C@@H](CO)O[C@H]1n1cnc2c(=O)[nH]c(=O)[nH]c21,False,C13H18N4O7,342.1175,24
CCO[C@H]1[C@@H](OC)[C@H](n2cnc3c(=O)[nH]c(=O)[nH]c32)O[C@@H]1CO,False,C13H18N4O6,326.1226,23
CCC(=O)O[C@H]1[C@@H](OC)[C@H](n2cnc3c(=O)[nH]c(=O)[nH]c32)O[C@@H]1CO,False,C14H18N4O7,354.1175,25
CO[C@@H]1[C@H](OC(=O)CC(=O)O)[C@@H](CO)O[C@H]1n1cnc2c(=O)[nH]c(=O)[nH]c21,False,C14H16N4O9,384.0917,27
CO[C@@H]1[C@H](OC(C)(O)C#N)[C@@H](CO)O[C@H]1n1cnc2c(=O)[nH]c(=O)[nH]c21,False,C14H17N5O7,367.1128,26
CO[C@@H]1[C@H](OC(C)N)[C@@H](CO)O[C@H]1n1cnc2c(=O)[nH]c(=O)[nH]c21,False,C13H19N5O6,341.1335,24
CO[C@@H]1[C@H](OC(=O)CO)[C@@H](CO)O[C@H]1n1cnc2c(=O)[nH]c(=O)[nH]c21,False,C13H16N4O8,356.0968,25
COC(=O)O[C@H]1[C@@H](OC)[C@H](n2cnc3c(=O)[nH]c(=O)[nH]c32)O[C@@H]1CO,False,C13H16N4O8,356.0968,25
CO[C@@H]1[C@H](OC(O)CO)[C@@H](CO)O[C@H]1n1cnc2c(=O)[nH]c(=O)[nH]c21,False,C13H18N4O8,358.1125,25
CO[C@@H]1[C@H](OC(C)=O)[C@@H](C)O[C@H]1n1cnc2c(=O)[nH]c(=O)[nH]c21,False,C13H16N4O6,324.107,23
CO[C@@H]1[C@H](C(C)=O)[C@@H](CO)O[C@H]1n1cnc2c(=O)[nH]c(=O)[nH]c21,False,C13H16N4O6,324.107,23
CO[C@@H]1[C@H](OC(C)=O)[C@@H](C(=O)O)O[C@H]1n1cnc2c(=O)[nH]c(=O)[nH]c21,False,C13H14N4O8,354.0812,25
CC(=O)O[C@H]1[C@@H](OC=O)[C@H](n2cnc3c(=O)[nH]c(=O)[nH]c32)O[C@@H]1CO,False,C13H14N4O8,354.0812,25
CO[C@@H]1[C@H](OC(C)=O)[C@@H](CO)O[C@H]1n1cnc2c(=O)[nH]c(=O)n(C(C)=O)c21,False,C15H18N4O8,382.1125,27
CO[C@@H]1[C@H](OC(C)=O)[C@@H](CO)O[C@H]1n1cnc2c(=O)n(C(C)=O)c(=O)[nH]c21,False,C15H18N4O8,382.1125,27
CO[C@H]1[C@H](n2cnc3c(=O)[nH]c(=O)[nH]c32)O[C@H](CO)[C@]1(C)OC(C)=O,False,C14H18N4O7,354.1175,25
CO[C@@]1(C)[C@H](OC(C)=O)[C@@H](CO)O[C@H]1n1cnc2c(=O)[nH]c(=O)[nH]c21,False,C14H18N4O7,354.1175,25
CO[C@H]1[C@H](n2cnc3c(=O)[nH]c(=O)[nH]c32)O[C@@](C)(CO)[C@H]1OC(C)=O,False,C14H18N4O7,354.1175,25
CO[C@@H]1[C@H](OC(C)=O)[C@@H](CO)O[C@]1(C)n1cnc2c(=O)[nH]c(=O)[nH]c21,False,C14H18N4O7,354.1175,25
CO[C@@H]1[C@H](OC(C)=O)[C@@H](C(C)O)O[C@H]1n1cnc2c(=O)[nH]c(=O)[nH]c21,False,C14H18N4O7,354.1175,25
CCO[C@@H]1[C@H](OC(C)=O)[C@@H](CO)O[C@H]1n1cnc2c(=O)[nH]c(=O)[nH]c21,False,C14H18N4O7,354.1175,25
CO[C@@H]1[C@H](OC(C)=O)[C@@H](CO)O[C@H]1n1c(C)nc2c(=O)[nH]c(=O)[nH]c21,False,C14H18N4O7,354.1175,25
C[C@H]1O[C@@H](n2cnc3c(=O)[nH]c(=O)[nH]c32)[C@H](OC=O)[C@@H]1O,False,C11H12N4O6,296.0757,21
O=c1[nH]c(=O)c2ncn([C@@H]3O[C@H](CO)[C@H]4O[C@]43OCO)c2[nH]1,False,C11H12N4O7,312.0706,22
O=c1[nH]c(=O)c2ncn([C@@H]3O[C@@H]4CO[C@]3(OCO)[C@@H]4O)c2[nH]1,False,C11H12N4O7,312.0706,22
O=c1[nH]c(=O)c2ncn([C@]34O[C@@H]([C@H]3OCO)[C@@H](CO)O4)c2[nH]1,False,C11H12N4O7,312.0706,22
O=c1[nH]c(=O)c2ncn([C@@]34OC[C@@H](O3)[C@@H](O)[C@H]4OCO)c2[nH]1,False,C11H12N4O7,312.0706,22
O=c1[nH]c(=O)c2ncn([C@@H]3O[C@@H]4CO[C@@]4(O)[C@H]3OCO)c2[nH]1,False,C11H12N4O7,312.0706,22
O=c1[nH]c(=O)c2ncn([C@@H]3O[C@]4(CO)O[C@H]4[C@H]3OCO)c2[nH]1,False,C11H12N4O7,312.0706,22
O=c1[nH]c(=O)c2ncn([C@@H]3O[C@@]4(CO4)[C@@H](O)[C@H]3OCO)c2[nH]1,False,C11H12N4O7,312.0706,22
O=c1[nH]c(=O)c2nc3n(c2[nH]1)[C@@H]1O[C@H](CO)[C@@H](O3)[C@H]1OCO,False,C11H12N4O7,312.0706,22
O=c1[nH]c(=O)c2nc3n(c2[nH]1)[C@@H]1O[C@H](CO3)[C@@H](O)[C@H]1OCO,False,C11H12N4O7,312.0706,22
O=c1[nH]c(=O)c2ncn([C@@H]3O[C@@H]4C(O)O[C@H]4[C@H]3OCO)c2[nH]1,False,C11H12N4O7,312.0706,22
O=CO[C@@H]1[C@H](O)[C@@H](C(=O)O)O[C@H]1n1cnc2c(=O)[nH]c(=O)[nH]c21,False,C11H10N4O8,326.0499,23
CO[C@@H]1[C@H](O)CO[C@H]1n1cnc2c(=O)[nH]c(=O)[nH]c21,False,C10H12N4O5,268.0808,19
CO[C@H]1[C@H](n2cnc3c(=O)[nH]c(=O)[nH]c32)O[C@]2(OC2O)[C@H]1O,False,C11H12N4O7,312.0706,22
CO[C@H]1[C@H](n2cnc3c(=O)[nH]c(=O)[nH]c32)O[C@]2(C(O)O)O[C@@H]12,False,C11H12N4O7,312.0706,22
CO[C@H]1[C@H](n2cnc3c(=O)[nH]c(=O)[nH]c32)O[C@@H]2C(O)O[C@]21O,False,C11H12N4O7,312.0706,22
CO[C@]12OC(O)[C@@H](O[C@H]1n1cnc3c(=O)[nH]c(=O)[nH]c31)[C@H]2O,False,C11H12N4O7,312.0706,22
CO[C@@]12O[C@@H]1[C@@H](C(O)O)O[C@H]2n1cnc2c(=O)[nH]c(=O)[nH]c21,False,C11H12N4O7,312.0706,22
CO[C@@H]1[C@H](O)[C@@H]2O[C@@]1(n1cnc3c(=O)[nH]c(=O)[nH]c31)OC2O,False,C11H12N4O7,312.0706,22
CO[C@@H]1[C@@H]2O[C@]1(n1cnc3c(=O)[nH]c(=O)[nH]c31)O[C@@H]2C(O)O,False,C11H12N4O7,312.0706,22
CO[C@@H]1[C@H](O)[C@@H]2O[C@H]1n1c(nc3c(=O)[nH]c(=O)[nH]c31)OC2O,False,C11H12N4O7,312.0706,22
CO[C@@H]1[C@@H]2Oc3nc4c(=O)[nH]c(=O)[nH]c4n3[C@@H]1O[C@@H]2C(O)O,False,C11H12N4O7,312.0706,22
CO[C@@H]1[C@H](O)[C@@H](C(O)O)O[C@H]1n1cnc2c(=O)[nH]c(=O)[nH]c21,False,C11H14N4O7,314.0862,22
CO[C@@H]1[C@H](O)[C@@H](C(O)(O)C#N)O[C@H]1n1cnc2c(=O)[nH]c(=O)[nH]c21,False,C12H13N5O7,339.0815,24
CO[C@@H]1[C@H](O)[C@@H](C(N)=O)O[C@H]1n1cnc2c(=O)[nH]c(=O)[nH]c21,False,C11H13N5O6,311.0866,22
C[n+]1cn([C@@]2(C=O)OC[C@@H](O)[C@H]2O)c2[nH]c(=O)[nH]c(=O)c21,False,C11H13N4O6+,297.083,21
Cn1c(=O)[nH]c(=O)c2c1n([C@@]1(CO)OC[C@@H](O)[C@H]1O)c[n+]2C,False,C12H17N4O6+,313.1143,22
CC(=O)OC[C@]1(n2c[n+](C)c3c(=O)[nH]c(=O)[nH]c32)OC[C@@H](O)[C@H]1O,False,C13H17N4O7+,341.1092,24
CC(=O)O[C@@H]1[C@H](O)CO[C@]1(CO)n1c[n+](C)c2c(=O)[nH]c(=O)[nH]c21,False,C13H17N4O7+,341.1092,24
CC(=O)O[C@@H]1CO[C@](CO)(n2c[n+](C)c3c(=O)[nH]c(=O)[nH]c32)[C@@H]1O,False,C13H17N4O7+,341.1092,24
C[n+]1cn([C@@]2(C)OC[C@@H](O)[C@H]2O)c2[nH]c(=O)[nH]c(=O)c21,False,C11H15N4O5+,283.1037,20
C[n+]1cn([C@@]2(C(=O)O)OC[C@@H](O)[C@H]2O)c2[nH]c(=O)[nH]c(=O)c21,False,C11H13N4O7+,313.0779,22
O=c1[nH]c(=O)c2[nH+]cn([C@@]3(CO)OC[C@@H](O)[C@H]3O)c2[nH]1,False,C10H13N4O6+,285.083,20
Cn1c(=O)[nH]c2c(c1=O)[n+](C)cn2[C@@]1(CO)OC[C@@H](O)[C@H]1O,False,C12H17N4O6+,313.1143,22
C[n+]1cn([C@@H]2O[C@]3(CO)O[C@H]3[C@H]2O)c2[nH]c(=O)[nH]c(=O)c21,False,C11H13N4O6+,297.083,21
C[n+]1cn([C@@H]2O[C@]3(CO)O[C@@H]2[C@@H]3O)c2[nH]c(=O)[nH]c(=O)c21,False,C11H13N4O6+,297.083,21
C[n+]1cn([C@@H]2O[C@H](CO)[C@@]3(O)O[C@@H]23)c2[nH]c(=O)[nH]c(=O)c21,False,C11H13N4O6+,297.083,21
C[n+]1cn([C@]23O[C@@H]([C@H]2O)[C@@H](CO)O3)c2[nH]c(=O)[nH]c(=O)c21,False,C11H13N4O6+,297.083,21
C[n+]1cn([C@]23O[C@@H]2[C@H](O)[C@@H](CO)O3)c2[nH]c(=O)[nH]c(=O)c21,False,C11H13N4O6+,297.083,21
C[n+]1cn([C@@H]2O[C@H](CO)[C@H]3O[C@]32O)c2[nH]c(=O)[nH]c(=O)c21,False,C11H13N4O6+,297.083,21
C[n+]1c2n(c3[nH]c(=O)[nH]c(=O)c31)[C@@H]1O[C@H](CO)[C@@H](O2)[C@H]1O,False,C11H13N4O6+,297.083,21
C[n+]1c2n(c3[nH]c(=O)[nH]c(=O)c31)[C@@H]1O[C@H](CO)[C@@H](O)[C@H]1O2,False,C11H13N4O6+,297.083,21
O=c1[nH]c(=O)c2c([nH]1)n1c[n+]2CO[C@H]2[C@@H](O)[C@H]1O[C@@H]2CO,False,C11H13N4O6+,297.083,21
O=c1[nH]c(=O)c2c([nH]1)n1c[n+]2CO[C@@H]2[C@H](O)[C@@H](CO)O[C@H]21,False,C11H13N4O6+,297.083,21
Cn1c(=O)[nH]c(=O)c2c1n([C@@H]1O[C@H](C=O)[C@@H](O)[C@H]1O)c[n+]2C,False,C12H15N4O6+,311.0986,22
CC(=O)O[C@H]1[C@@H](O)[C@H](n2c[n+](C)c3c(=O)[nH]c(=O)[nH]c32)O[C@@H]1C=O,False,C13H15N4O7+,339.0935,24
CC(=O)O[C@@H]1[C@H](O)[C@@H](C=O)O[C@H]1n1c[n+](C)c2c(=O)[nH]c(=O)[nH]c21,False,C13H15N4O7+,339.0935,24
O=C[C@H]1O[C@@H](n2c[nH+]c3c(=O)[nH]c(=O)[nH]c32)[C@H](O)[C@@H]1O,False,C10H11N4O6+,283.0673,20
Cn1c(=O)[nH]c2c(c1=O)[n+](C)cn2[C@@H]1O[C@H](C=O)[C@@H](O)[C@H]1O,False,C12H15N4O6+,311.0986,22
Cn1c(=O)c2c(n([C@@H]3O[C@H](CO)[C@@H](O)[C@H]3O)c[n+]2C)n(C)c1=O,False,C13H19N4O6+,327.1299,23
Cn1c(=O)[nH]c(=O)c2ncn([C@@H]3O[C@H](CO)[C@@H](O)[C@H]3O)c21,False,C11H14N4O6,298.0913,21
CC(=O)OC[C@H]1O[C@@H](n2c[n+](C)c3c(=O)[nH]c(=O)n(C)c32)[C@H](O)[C@@H]1O,False,C14H19N4O7+,355.1248,25
CC(=O)O[C@@H]1[C@H](O)[C@@H](CO)O[C@H]1n1c[n+](C)c2c(=O)[nH]c(=O)n(C)c21,False,C14H19N4O7+,355.1248,25
CC(=O)O[C@H]1[C@@H](O)[C@H](n2c[n+](C)c3c(=O)[nH]c(=O)n(C)c32)O[C@@H]1CO,False,C14H19N4O7+,355.1248,25
C[C@H]1O[C@@H](n2c[n+](C)c3c(=O)[nH]c(=O)n(C)c32)[C@H](O)[C@@H]1O,False,C12H17N4O5+,297.1193,21
Cn1c(=O)[nH]c(=O)c2c1n([C@@H]1O[C@H](C(=O)O)[C@@H](O)[C@H]1O)c[n+]2C,False,C12H15N4O7+,327.0935,23
Cn1c(=O)[nH]c(=O)c2[nH+]cn([C@@H]3O[C@H](CO)[C@@H](O)[C@H]3O)c21,False,C11H15N4O6+,299.0986,21
CC(OC=O)[C@H]1O[C@@H](n2c[n+](C)c3c(=O)[nH]c(=O)[nH]c32)[C@H](O)[C@@H]1O,False,C13H17N4O7+,341.1092,24
C[n+]1cn([C@@H]2O[C@@](C)(COC=O)[C@@H](O)[C@H]2O)c2[nH]c(=O)[nH]c(=O)c21,False,C13H17N4O7+,341.1092,24
C[n+]1cn([C@@H]2O[C@H](COC=O)[C@](C)(O)[C@H]2O)c2[nH]c(=O)[nH]c(=O)c21,False,C13H17N4O7+,341.1092,24
C[n+]1cn([C@@]2(C)O[C@H](COC=O)[C@@H](O)[C@H]2O)c2[nH]c(=O)[nH]c(=O)c21,False,C13H17N4O7+,341.1092,24
C[n+]1cn([C@@H]2O[C@H](COC=O)[C@@H](O)[C@]2(C)O)c2[nH]c(=O)[nH]c(=O)c21,False,C13H17N4O7+,341.1092,24
Cc1n([C@@H]2O[C@H](COC=O)[C@@H](O)[C@H]2O)c2[nH]c(=O)[nH]c(=O)c2[n+]1C,False,C13H17N4O7+,341.1092,24
CC[n+]1cn([C@@H]2O[C@H](COC=O)[C@@H](O)[C@H]2O)c2[nH]c(=O)[nH]c(=O)c21,False,C13H17N4O7+,341.1092,24
C[n+]1cn([C@@H]2O[C@@H]3COC(O)CO[C@H]3[C@H]2O)c2[nH]c(=O)[nH]c(=O)c21,False,C13H17N4O7+,341.1092,24
C[n+]1cn([C@@H]2O[C@@H]3COC(O)CO[C@@H]2[C@@H]3O)c2[nH]c(=O)[nH]c(=O)c21,False,C13H17N4O7+,341.1092,24
CC(O)OC1O[C@H]2[C@@H](O)[C@H](n3c[n+](C)c4c(=O)[nH]c(=O)[nH]c43)O[C@H]12,False,C13H17N4O7+,341.1092,24
CC(O)OC1O[C@@H]2[C@H](O)[C@@H]1O[C@H]2n1c[n+](C)c2c(=O)[nH]c(=O)[nH]c21,False,C13H17N4O7+,341.1092,24
CC(O)OC[C@]12O[C@@H](n3c[n+](C)c4c(=O)[nH]c(=O)[nH]c43)[C@H](O)[C@@H]1O2,False,C13H17N4O7+,341.1092,24
CC(O)OC[C@]12O[C@@H]([C@H](n3c[n+](C)c4c(=O)[nH]c(=O)[nH]c43)O1)[C@@H]2O,False,C13H17N4O7+,341.1092,24
CC(O)OC[C@H]1O[C@@H](n2c[n+](C)c3c(=O)[nH]c(=O)[nH]c32)[C@@H]2O[C@]12O,False,C13H17N4O7+,341.1092,24
CC(O)OC[C@H]1O[C@@]2(n3c[n+](C)c4c(=O)[nH]c(=O)[nH]c43)O[C@H]1[C@H]2O,False,C13H17N4O7+,341.1092,24
CC(O)OC[C@H]1O[C@@]2(n3c[n+](C)c4c(=O)[nH]c(=O)[nH]c43)O[C@@H]2[C@@H]1O,False,C13H17N4O7+,341.1092,24
CC(O)OC[C@H]1O[C@@H](n2c[n+](C)c3c(=O)[nH]c(=O)[nH]c32)[C@]2(O)O[C@H]12,False,C13H17N4O7+,341.1092,24
CC(O)OC[C@H]1O[C@@H]2[C@H](O)[C@@H]1Oc1n2c2[nH]c(=O)[nH]c(=O)c2[n+]1C,False,C13H17N4O7+,341.1092,24
CC(O)OC[C@H]1O[C@@H]2[C@H](Oc3n2c2[nH]c(=O)[nH]c(=O)c2[n+]3C)[C@@H]1O,False,C13H17N4O7+,341.1092,24
CC(O)OC[C@H]1O[C@@H]2[C@H](O)[C@@H]1OC[n+]1cn2c2[nH]c(=O)[nH]c(=O)c21,False,C13H17N4O7+,341.1092,24
CC(O)OC[C@H]1O[C@@H]2[C@H](OC[n+]3cn2c2[nH]c(=O)[nH]c(=O)c23)[C@@H]1O,False,C13H17N4O7+,341.1092,24
CC(O)OC[C@H]1O[C@@H](n2c[n+](C)c3c(=O)[nH]c(=O)[nH]c32)[C@H](O)[C@@H]1O,False,C13H19N4O7+,343.1248,24
CCOC[C@H]1O[C@@H](n2c[n+](C)c3c(=O)[nH]c(=O)[nH]c32)[C@H](O)[C@@H]1O,False,C13H19N4O6+,327.1299,23
CCC(=O)OC[C@H]1O[C@@H](n2c[n+](C)c3c(=O)[nH]c(=O)[nH]c32)[C@H](O)[C@@H]1O,False,C14H19N4O7+,355.1248,25
CC(=O)OC[C@H]1O[C@@H](n2c[n+](C)c3c(=O)[nH]c(=O)[nH]c32)[C@H](O)[C@@H]1OC(C)=O,False,C15H19N4O8+,383.1197,27
CC(=O)OC[C@H]1O[C@@H](n2c[n+](C)c3c(=O)[nH]c(=O)[nH]c32)[C@H](OC(C)=O)[C@@H]1O,False,C15H19N4O8+,383.1197,27
C[n+]1cn([C@@H]2O[C@H](COC(=O)CC(=O)O)[C@@H](O)[C@H]2O)c2[nH]c(=O)[nH]c(=O)c21,False,C14H17N4O9+,385.099,27
C[n+]1cn([C@@H]2O[C@H](COC(C)(O)C#N)[C@@H](O)[C@H]2O)c2[nH]c(=O)[nH]c(=O)c21,False,C14H18N5O7+,368.1201,26
CC(N)OC[C@H]1O[C@@H](n2c[n+](C)c3c(=O)[nH]c(=O)[nH]c32)[C@H](O)[C@@H]1O,False,C13H20N5O6+,342.1408,24
C[n+]1cn([C@@H]2O[C@H](COC(=O)CO)[C@@H](O)[C@H]2O)c2[nH]c(=O)[nH]c(=O)c21,False,C13H17N4O8+,357.1041,25
COC(=O)OC[C@H]1O[C@@H](n2c[n+](C)c3c(=O)[nH]c(=O)[nH]c32)[C@H](O)[C@@H]1O,False,C13H17N4O8+,357.1041,25
C[n+]1cn([C@@H]2O[C@H](COC(O)CO)[C@@H](O)[C@H]2O)c2[nH]c(=O)[nH]c(=O)c21,False,C13H19N4O8+,359.1197,25
CC(=O)C[C@H]1O[C@@H](n2c[n+](C)c3c(=O)[nH]c(=O)[nH]c32)[C@H](O)[C@@H]1O,False,C13H17N4O6+,325.1143,23
CC(=O)OC(=O)[C@H]1O[C@@H](n2c[n+](C)c3c(=O)[nH]c(=O)[nH]c32)[C@H](O)[C@@H]1O,False,C13H15N4O8+,355.0884,25
CC(=O)OC[C@H]1O[C@@H](n2c[nH+]c3c(=O)[nH]c(=O)[nH]c32)[C@H](O)[C@@H]1O,False,C12H15N4O7+,327.0935,23
CC(=O)OC[C@H]1O[C@@H](n2c[n+](C)c3c(=O)n(C)c(=O)[nH]c32)[C@H](O)[C@@H]1O,False,C14H19N4O7+,355.1248,25
CC(=O)OC[C@H]1O[C@@H](n2c[n+](C)c3c(=O)[nH]c(=O)n(C(C)=O)c32)[C@H](O)[C@@H]1O,False,C15H19N4O8+,383.1197,27
CC(=O)OC[C@H]1O[C@@H](n2c[n+](C)c3c(=O)n(C(C)=O)c(=O)[nH]c32)[C@H](O)[C@@H]1O,False,C15H19N4O8+,383.1197,27
CC(=O)OC(C)[C@H]1O[C@@H](n2c[n+](C)c3c(=O)[nH]c(=O)[nH]c32)[C@H](O)[C@@H]1O,False,C14H19N4O7+,355.1248,25
CC(=O)OC[C@]1(C)O[C@@H](n2c[n+](C)c3c(=O)[nH]c(=O)[nH]c32)[C@H](O)[C@@H]1O,False,C14H19N4O7+,355.1248,25
CC(=O)OC[C@H]1O[C@@H](n2c[n+](C)c3c(=O)[nH]c(=O)[nH]c32)[C@H](O)[C@@]1(C)O,False,C14H19N4O7+,355.1248,25
CC(=O)OC[C@H]1O[C@](C)(n2c[n+](C)c3c(=O)[nH]c(=O)[nH]c32)[C@H](O)[C@@H]1O,False,C14H19N4O7+,355.1248,25
CC(=O)OC[C@H]1O[C@@H](n2c[n+](C)c3c(=O)[nH]c(=O)[nH]c32)[C@@](C)(O)[C@@H]1O,False,C14H19N4O7+,355.1248,25
CC(=O)OC[C@H]1O[C@@H](n2c(C)[n+](C)c3c(=O)[nH]c(=O)[nH]c32)[C@H](O)[C@@H]1O,False,C14H19N4O7+,355.1248,25
CC[n+]1cn([C@@H]2O[C@H](COC(C)=O)[C@@H](O)[C@H]2O)c2[nH]c(=O)[nH]c(=O)c21,False,C14H19N4O7+,355.1248,25
C[n+]1cn([C@@H]2O[C@H](CO)[C@@H](O)[C@]2(C)OC=O)c2[nH]c(=O)[nH]c(=O)c21,False,C13H17N4O7+,341.1092,24
C[n+]1cn([C@@]2(C)O[C@H](CO)[C@@H](O)[C@H]2OC=O)c2[nH]c(=O)[nH]c(=O)c21,False,C13H17N4O7+,341.1092,24
C[n+]1cn([C@@H]2O[C@H](CO)[C@](C)(O)[C@H]2OC=O)c2[nH]c(=O)[nH]c(=O)c21,False,C13H17N4O7+,341.1092,24
C[n+]1cn([C@@H]2O[C@@](C)(CO)[C@@H](O)[C@H]2OC=O)c2[nH]c(=O)[nH]c(=O)c21,False,C13H17N4O7+,341.1092,24
Cc1n([C@@H]2O[C@H](CO)[C@@H](O)[C@H]2OC=O)c2[nH]c(=O)[nH]c(=O)c2[n+]1C,False,C13H17N4O7+,341.1092,24
CC(O)[C@H]1O[C@@H](n2c[n+](C)c3c(=O)[nH]c(=O)[nH]c32)[C@H](OC=O)[C@@H]1O,False,C13H17N4O7+,341.1092,24
CC[n+]1cn([C@@H]2O[C@H](CO)[C@@H](O)[C@H]2OC=O)c2[nH]c(=O)[nH]c(=O)c21,False,C13H17N4O7+,341.1092,24
C[n+]1cn([C@@H]2O[C@H](CO)[C@H]3OCC(O)O[C@H]32)c2[nH]c(=O)[nH]c(=O)c21,False,C13H17N4O7+,341.1092,24
C[n+]1cn([C@@H]2O[C@@H]3COCC(O)O[C@@H]2[C@@H]3O)c2[nH]c(=O)[nH]c(=O)c21,False,C13H17N4O7+,341.1092,24
CC(O)O[C@@]12O[C@@H]1[C@@H](CO)O[C@H]2n1c[n+](C)c2c(=O)[nH]c(=O)[nH]c21,False,C13H17N4O7+,341.1092,24
CC(O)O[C@]12OC[C@@H](O[C@H]1n1c[n+](C)c3c(=O)[nH]c(=O)[nH]c31)[C@H]2O,False,C13H17N4O7+,341.1092,24
CC(O)O[C@@H]1[C@@H]2O[C@]1(n1c[n+](C)c3c(=O)[nH]c(=O)[nH]c31)O[C@@H]2CO,False,C13H17N4O7+,341.1092,24
CC(O)O[C@@H]1[C@H](O)[C@H]2CO[C@]1(n1c[n+](C)c3c(=O)[nH]c(=O)[nH]c31)O2,False,C13H17N4O7+,341.1092,24
CC(O)O[C@H]1[C@H](n2c[n+](C)c3c(=O)[nH]c(=O)[nH]c32)O[C@@H]2CO[C@]21O,False,C13H17N4O7+,341.1092,24
CC(O)O[C@H]1[C@H](n2c[n+](C)c3c(=O)[nH]c(=O)[nH]c32)O[C@]2(CO)O[C@@H]12,False,C13H17N4O7+,341.1092,24
CC(O)O[C@H]1[C@H](n2c[n+](C)c3c(=O)[nH]c(=O)[nH]c32)O[C@@]2(CO2)[C@H]1O,False,C13H17N4O7+,341.1092,24
CC(O)O[C@@H]1[C@@H]2Oc3n(c4[nH]c(=O)[nH]c(=O)c4[n+]3C)[C@@H]1O[C@@H]2CO,False,C13H17N4O7+,341.1092,24
CC(O)O[C@@H]1[C@H](O)[C@H]2COc3n(c4[nH]c(=O)[nH]c(=O)c4[n+]3C)[C@@H]1O2,False,C13H17N4O7+,341.1092,24
CC(O)O[C@@H]1[C@@H]2OC(O)[C@H]2O[C@H]1n1c[n+](C)c2c(=O)[nH]c(=O)[nH]c21,False,C13H17N4O7+,341.1092,24
CC(O)O[C@@H]1[C@@H]2OC[n+]3cn(c4[nH]c(=O)[nH]c(=O)c43)[C@@H]1O[C@@H]2CO,False,C13H17N4O7+,341.1092,24
CC(O)O[C@@H]1[C@H](O)[C@H]2COC[n+]3cn(c4[nH]c(=O)[nH]c(=O)c43)[C@@H]1O2,False,C13H17N4O7+,341.1092,24
CC(O)O[C@@H]1[C@H](O)[C@@H](CO)O[C@H]1n1c[n+](C)c2c(=O)[nH]c(=O)[nH]c21,False,C13H19N4O7+,343.1248,24
CCO[C@@H]1[C@H](O)[C@@H](CO)O[C@H]1n1c[n+](C)c2c(=O)[nH]c(=O)[nH]c21,False,C13H19N4O6+,327.1299,23
CCC(=O)O[C@@H]1[C@H](O)[C@@H](CO)O[C@H]1n1c[n+](C)c2c(=O)[nH]c(=O)[nH]c21,False,C14H19N4O7+,355.1248,25
CC(=O)O[C@@H]1[C@H](OC(C)=O)[C@@H](CO)O[C@H]1n1c[n+](C)c2c(=O)[nH]c(=O)[nH]c21,False,C15H19N4O8+,383.1197,27
C[n+]1cn([C@@H]2O[C@H](CO)[C@@H](O)[C@H]2OC(=O)CC(=O)O)c2[nH]c(=O)[nH]c(=O)c21,False,C14H17N4O9+,385.099,27
C[n+]1cn([C@@H]2O[C@H](CO)[C@@H](O)[C@H]2OC(C)(O)C#N)c2[nH]c(=O)[nH]c(=O)c21,False,C14H18N5O7+,368.1201,26
CC(N)O[C@@H]1[C@H](O)[C@@H](CO)O[C@H]1n1c[n+](C)c2c(=O)[nH]c(=O)[nH]c21,False,C13H20N5O6+,342.1408,24
C[n+]1cn([C@@H]2O[C@H](CO)[C@@H](O)[C@H]2OC(=O)CO)c2[nH]c(=O)[nH]c(=O)c21,False,C13H17N4O8+,357.1041,25
COC(=O)O[C@@H]1[C@H](O)[C@@H](CO)O[C@H]1n1c[n+](C)c2c(=O)[nH]c(=O)[nH]c21,False,C13H17N4O8+,357.1041,25
C[n+]1cn([C@@H]2O[C@H](CO)[C@@H](O)[C@H]2OC(O)CO)c2[nH]c(=O)[nH]c(=O)c21,False,C13H19N4O8+,359.1197,25
CC(=O)O[C@@H]1[C@H](O)[C@@H](C)O[C@H]1n1c[n+](C)c2c(=O)[nH]c(=O)[nH]c21,False,C13H17N4O6+,325.1143,23
CC(=O)[C@@H]1[C@H](O)[C@@H](CO)O[C@H]1n1c[n+](C)c2c(=O)[nH]c(=O)[nH]c21,False,C13H17N4O6+,325.1143,23
CC(=O)O[C@@H]1[C@H](O)[C@@H](C(=O)O)O[C@H]1n1c[n+](C)c2c(=O)[nH]c(=O)[nH]c21,False,C13H15N4O8+,355.0884,25
CC(=O)O[C@@H]1[C@H](O)[C@@H](CO)O[C@H]1n1c[nH+]c2c(=O)[nH]c(=O)[nH]c21,False,C12H15N4O7+,327.0935,23
CC(=O)O[C@@H]1[C@H](O)[C@@H](CO)O[C@H]1n1c[n+](C)c2c(=O)n(C)c(=O)[nH]c21,False,C14H19N4O7+,355.1248,25
CC(=O)O[C@@H]1[C@H](O)[C@@H](CO)O[C@H]1n1c[n+](C)c2c(=O)[nH]c(=O)n(C(C)=O)c21,False,C15H19N4O8+,383.1197,27
CC(=O)O[C@@H]1[C@H](O)[C@@H](CO)O[C@H]1n1c[n+](C)c2c(=O)n(C(C)=O)c(=O)[nH]c21,False,C15H19N4O8+,383.1197,27
CC(=O)O[C@@]1(C)[C@H](O)[C@@H](CO)O[C@H]1n1c[n+](C)c2c(=O)[nH]c(=O)[nH]c21,False,C14H19N4O7+,355.1248,25
CC(=O)O[C@@H]1[C@H](O)[C@@H](CO)O[C@]1(C)n1c[n+](C)c2c(=O)[nH]c(=O)[nH]c21,False,C14H19N4O7+,355.1248,25
CC(=O)O[C@H]1[C@H](n2c[n+](C)c3c(=O)[nH]c(=O)[nH]c32)O[C@H](CO)[C@]1(C)O,False,C14H19N4O7+,355.1248,25
CC(=O)O[C@H]1[C@H](n2c[n+](C)c3c(=O)[nH]c(=O)[nH]c32)O[C@@](C)(CO)[C@H]1O,False,C14H19N4O7+,355.1248,25
CC(=O)O[C@@H]1[C@H](O)[C@@H](CO)O[C@H]1n1c(C)[n+](C)c2c(=O)[nH]c(=O)[nH]c21,False,C14H19N4O7+,355.1248,25
CC(=O)O[C@@H]1[C@H](O)[C@@H](C(C)O)O[C@H]1n1c[n+](C)c2c(=O)[nH]c(=O)[nH]c21,False,C14H19N4O7+,355.1248,25
CC[n+]1cn([C@@H]2O[C@H](CO)[C@@H](O)[C@H]2OC(C)=O)c2[nH]c(=O)[nH]c(=O)c21,False,C14H19N4O7+,355.1248,25
C[n+]1cn([C@@H]2O[C@H](CO)[C@](C)(OC=O)[C@H]2O)c2[nH]c(=O)[nH]c(=O)c21,False,C13H17N4O7+,341.1092,24
C[n+]1cn([C@@H]2O[C@H](CO)[C@@H](OC=O)[C@]2(C)O)c2[nH]c(=O)[nH]c(=O)c21,False,C13H17N4O7+,341.1092,24
C[n+]1cn([C@@H]2O[C@@](C)(CO)[C@@H](OC=O)[C@H]2O)c2[nH]c(=O)[nH]c(=O)c21,False,C13H17N4O7+,341.1092,24
C[n+]1cn([C@@]2(C)O[C@H](CO)[C@@H](OC=O)[C@H]2O)c2[nH]c(=O)[nH]c(=O)c21,False,C13H17N4O7+,341.1092,24
CC(O)[C@H]1O[C@@H](n2c[n+](C)c3c(=O)[nH]c(=O)[nH]c32)[C@H](O)[C@@H]1OC=O,False,C13H17N4O7+,341.1092,24
Cc1n([C@@H]2O[C@H](CO)[C@@H](OC=O)[C@H]2O)c2[nH]c(=O)[nH]c(=O)c2[n+]1C,False,C13H17N4O7+,341.1092,24
CC[n+]1cn([C@@H]2O[C@H](CO)[C@@H](OC=O)[C@H]2O)c2[nH]c(=O)[nH]c(=O)c21,False,C13H17N4O7+,341.1092,24
C[n+]1cn([C@@H]2O[C@H](CO)[C@H]3OC(O)CO[C@H]32)c2[nH]c(=O)[nH]c(=O)c21,False,C13H17N4O7+,341.1092,24
C[n+]1cn([C@@H]2O[C@@H]3COCC(O)O[C@H]3[C@H]2O)c2[nH]c(=O)[nH]c(=O)c21,False,C13H17N4O7+,341.1092,24
CC(O)O[C@]12O[C@H]1[C@H](n1c[n+](C)c3c(=O)[nH]c(=O)[nH]c31)O[C@@H]2CO,False,C13H17N4O7+,341.1092,24
CC(O)O[C@@]12OC[C@H]1O[C@@H](n1c[n+](C)c3c(=O)[nH]c(=O)[nH]c31)[C@@H]2O,False,C13H17N4O7+,341.1092,24
CC(O)O[C@@H]1[C@H]2CO[C@@]1(O)[C@H](n1c[n+](C)c3c(=O)[nH]c(=O)[nH]c31)O2,False,C13H17N4O7+,341.1092,24
CC(O)O[C@H]1[C@H]2O[C@@]1(CO)O[C@H]2n1c[n+](C)c2c(=O)[nH]c(=O)[nH]c21,False,C13H17N4O7+,341.1092,24
CC(O)O[C@H]1[C@@H](O)[C@H](n2c[n+](C)c3c(=O)[nH]c(=O)[nH]c32)O[C@@]12CO2,False,C13H17N4O7+,341.1092,24
CC(O)O[C@H]1[C@H]2O[C@]2(n2c[n+](C)c3c(=O)[nH]c(=O)[nH]c32)O[C@@H]1CO,False,C13H17N4O7+,341.1092,24
CC(O)O[C@H]1[C@@H](O)[C@]2(n3c[n+](C)c4c(=O)[nH]c(=O)[nH]c43)OC[C@H]1O2,False,C13H17N4O7+,341.1092,24
CC(O)O[C@H]1[C@H]2OC(O)[C@H]1O[C@H]2n1c[n+](C)c2c(=O)[nH]c(=O)[nH]c21,False,C13H17N4O7+,341.1092,24
CC(O)O[C@H]1[C@H]2Oc3n(c4[nH]c(=O)[nH]c(=O)c4[n+]3C)[C@@H]2O[C@@H]1CO,False,C13H17N4O7+,341.1092,24
CC(O)O[C@H]1[C@@H](O)[C@H]2O[C@@H]1COc1n2c2[nH]c(=O)[nH]c(=O)c2[n+]1C,False,C13H17N4O7+,341.1092,24
CC(O)O[C@H]1[C@H]2OC[n+]3cn(c4[nH]c(=O)[nH]c(=O)c43)[C@@H]2O[C@@H]1CO,False,C13H17N4O7+,341.1092,24
CC(O)O[C@H]1[C@@H](O)[C@H]2O[C@@H]1COC[n+]1cn2c2[nH]c(=O)[nH]c(=O)c21,False,C13H17N4O7+,341.1092,24
CC(O)O[C@H]1[C@@H](O)[C@H](n2c[n+](C)c3c(=O)[nH]c(=O)[nH]c32)O[C@@H]1CO,False,C13H19N4O7+,343.1248,24
CCO[C@H]1[C@@H](O)[C@H](n2c[n+](C)c3c(=O)[nH]c(=O)[nH]c32)O[C@@H]1CO,False,C13H19N4O6+,327.1299,23
CCC(=O)O[C@H]1[C@@H](O)[C@H](n2c[n+](C)c3c(=O)[nH]c(=O)[nH]c32)O[C@@H]1CO,False,C14H19N4O7+,355.1248,25
C[n+]1cn([C@@H]2O[C@H](CO)[C@@H](OC(=O)CC(=O)O)[C@H]2O)c2[nH]c(=O)[nH]c(=O)c21,False,C14H17N4O9+,385.099,27
C[n+]1cn([C@@H]2O[C@H](CO)[C@@H](OC(C)(O)C#N)[C@H]2O)c2[nH]c(=O)[nH]c(=O)c21,False,C14H18N5O7+,368.1201,26
CC(N)O[C@H]1[C@@H](O)[C@H](n2c[n+](C)c3c(=O)[nH]c(=O)[nH]c32)O[C@@H]1CO,False,C13H20N5O6+,342.1408,24
C[n+]1cn([C@@H]2O[C@H](CO)[C@@H](OC(=O)CO)[C@H]2O)c2[nH]c(=O)[nH]c(=O)c21,False,C13H17N4O8+,357.1041,25
COC(=O)O[C@H]1[C@@H](O)[C@H](n2c[n+](C)c3c(=O)[nH]c(=O)[nH]c32)O[C@@H]1CO,False,C13H17N4O8+,357.1041,25
C[n+]1cn([C@@H]2O[C@H](CO)[C@@H](OC(O)CO)[C@H]2O)c2[nH]c(=O)[nH]c(=O)c21,False,C13H19N4O8+,359.1197,25
CC(=O)O[C@H]1[C@@H](O)[C@H](n2c[n+](C)c3c(=O)[nH]c(=O)[nH]c32)O[C@@H]1C,False,C13H17N4O6+,325.1143,23
CC(=O)[C@H]1[C@@H](O)[C@H](n2c[n+](C)c3c(=O)[nH]c(=O)[nH]c32)O[C@@H]1CO,False,C13H17N4O6+,325.1143,23
CC(=O)O[C@H]1[C@@H](O)[C@H](n2c[n+](C)c3c(=O)[nH]c(=O)[nH]c32)O[C@@H]1C(=O)O,False,C13H15N4O8+,355.0884,25
CC(=O)O[C@H]1[C@@H](O)[C@H](n2c[nH+]c3c(=O)[nH]c(=O)[nH]c32)O[C@@H]1CO,False,C12H15N4O7+,327.0935,23
CC(=O)O[C@H]1[C@@H](O)[C@H](n2c[n+](C)c3c(=O)n(C)c(=O)[nH]c32)O[C@@H]1CO,False,C14H19N4O7+,355.1248,25
CC(=O)O[C@H]1[C@@H](O)[C@H](n2c[n+](C)c3c(=O)[nH]c(=O)n(C(C)=O)c32)O[C@@H]1CO,False,C15H19N4O8+,383.1197,27
CC(=O)O[C@H]1[C@@H](O)[C@H](n2c[n+](C)c3c(=O)n(C(C)=O)c(=O)[nH]c32)O[C@@H]1CO,False,C15H19N4O8+,383.1197,27
CC(=O)O[C@@]1(C)[C@@H](CO)O[C@@H](n2c[n+](C)c3c(=O)[nH]c(=O)[nH]c32)[C@@H]1O,False,C14H19N4O7+,355.1248,25
CC(=O)O[C@@H]1[C@@H](CO)O[C@@H](n2c[n+](C)c3c(=O)[nH]c(=O)[nH]c32)[C@@]1(C)O,False,C14H19N4O7+,355.1248,25
CC(=O)O[C@H]1[C@@H](O)[C@H](n2c[n+](C)c3c(=O)[nH]c(=O)[nH]c32)O[C@@]1(C)CO,False,C14H19N4O7+,355.1248,25
CC(=O)O[C@H]1[C@@H](O)[C@@](C)(n2c[n+](C)c3c(=O)[nH]c(=O)[nH]c32)O[C@@H]1CO,False,C14H19N4O7+,355.1248,25
CC(=O)O[C@H]1[C@@H](O)[C@H](n2c[n+](C)c3c(=O)[nH]c(=O)[nH]c32)O[C@@H]1C(C)O,False,C14H19N4O7+,355.1248,25
CC(=O)O[C@H]1[C@@H](O)[C@H](n2c(C)[n+](C)c3c(=O)[nH]c(=O)[nH]c32)O[C@@H]1CO,False,C14H19N4O7+,355.1248,25
CC[n+]1cn([C@@H]2O[C@H](CO)[C@@H](OC(C)=O)[C@H]2O)c2[nH]c(=O)[nH]c(=O)c21,False,C14H19N4O7+,355.1248,25
C[C@H]1O[C@@H](n2c[nH+]c3c(=O)[nH]c(=O)[nH]c32)[C@H](O)[C@@H]1O,False,C10H13N4O5+,269.088,19
C[C@H]1O[C@@H](n2c[n+](C)c3c(=O)n(C)c(=O)[nH]c32)[C@H](O)[C@@H]1O,False,C12H17N4O5+,297.1193,21
C[n+]1cn([C@@H]2OC[C@@H](O)[C@H]2O)c2[nH]c(=O)[nH]c(=O)c21,False,C10H13N4O5+,269.088,19
C[n+]1cn([C@@H]2O[C@]3(OC3O)[C@@H](O)[C@H]2O)c2[nH]c(=O)[nH]c(=O)c21,False,C11H13N4O7+,313.0779,22
C[n+]1cn([C@@H]2O[C@]3(C(O)O)O[C@H]3[C@H]2O)c2[nH]c(=O)[nH]c(=O)c21,False,C11H13N4O7+,313.0779,22
C[n+]1cn([C@@H]2O[C@]3(C(O)O)O[C@@H]2[C@@H]3O)c2[nH]c(=O)[nH]c(=O)c21,False,C11H13N4O7+,313.0779,22
C[n+]1cn([C@@H]2O[C@@H]3C(O)O[C@@]3(O)[C@H]2O)c2[nH]c(=O)[nH]c(=O)c21,False,C11H13N4O7+,313.0779,22
C[n+]1cn([C@@H]2O[C@H](C(O)O)[C@@]3(O)O[C@@H]23)c2[nH]c(=O)[nH]c(=O)c21,False,C11H13N4O7+,313.0779,22
C[n+]1cn([C@@]23OC(O)[C@@H](O2)[C@@H](O)[C@H]3O)c2[nH]c(=O)[nH]c(=O)c21,False,C11H13N4O7+,313.0779,22
C[n+]1cn([C@@]23O[C@H]([C@@H](C(O)O)O2)[C@H]3O)c2[nH]c(=O)[nH]c(=O)c21,False,C11H13N4O7+,313.0779,22
C[n+]1cn([C@@]23O[C@H](C(O)O)[C@@H](O)[C@H]2O3)c2[nH]c(=O)[nH]c(=O)c21,False,C11H13N4O7+,313.0779,22
C[n+]1cn([C@@H]2O[C@@H]3C(O)O[C@]2(O)[C@@H]3O)c2[nH]c(=O)[nH]c(=O)c21,False,C11H13N4O7+,313.0779,22
C[n+]1cn([C@@H]2O[C@H](C(O)O)[C@H]3O[C@]32O)c2[nH]c(=O)[nH]c(=O)c21,False,C11H13N4O7+,313.0779,22
C[n+]1c2n(c3[nH]c(=O)[nH]c(=O)c31)[C@@H]1O[C@H](C(O)O2)[C@@H](O)[C@H]1O,False,C11H13N4O7+,313.0779,22
C[n+]1c2n(c3[nH]c(=O)[nH]c(=O)c31)[C@@H]1O[C@H](C(O)O)[C@@H](O2)[C@H]1O,False,C11H13N4O7+,313.0779,22
C[n+]1c2n(c3[nH]c(=O)[nH]c(=O)c31)[C@@H]1O[C@H](C(O)O)[C@@H](O)[C@H]1O2,False,C11H13N4O7+,313.0779,22
O=c1[nH]c(=O)c2c([nH]1)n1c[n+]2COC(O)[C@H]2O[C@@H]1[C@H](O)[C@@H]2O,False,C11H13N4O7+,313.0779,22
O=c1[nH]c(=O)c2c([nH]1)n1c[n+]2CO[C@H]2[C@@H](O)[C@H]1O[C@@H]2C(O)O,False,C11H13N4O7+,313.0779,22
O=c1[nH]c(=O)c2c([nH]1)n1c[n+]2CO[C@@H]2[C@H](O)[C@@H](C(O)O)O[C@H]21,False,C11H13N4O7+,313.0779,22
C[n+]1cn([C@@H]2O[C@H](C(O)O)[C@@H](O)[C@H]2O)c2[nH]c(=O)[nH]c(=O)c21,False,C11H15N4O7+,315.0935,22
C[n+]1cn([C@@H]2O[C@H](C(O)(O)C#N)[C@@H](O)[C@H]2O)c2[nH]c(=O)[nH]c(=O)c21,False,C12H14N5O7+,340.0888,24
C[n+]1cn([C@@H]2O[C@H](C(N)=O)[C@@H](O)[C@H]2O)c2[nH]c(=O)[nH]c(=O)c21,False,C11H14N5O6+,312.0939,22
O=C(O)[C@H]1O[C@@H](n2c[nH+]c3c(=O)[nH]c(=O)[nH]c32)[C@H](O)[C@@H]1O,False,C10H11N4O7+,299.0622,21
Cn1c(=O)[nH]c2c(c1=O)[n+](C)cn2[C@@H]1O[C@H](C(=O)O)[C@@H](O)[C@H]1O,False,C12H15N4O7+,327.0935,23
Cn1c(=O)[nH]c2c(ncn2[C@@H]2O[C@H](CO)[C@@H](O)[C@H]2O)c1=O,False,C11H14N4O6,298.0913,21
Cn1c(=O)[nH]c2c([nH+]cn2[C@@H]2O[C@H](CO)[C@@H](O)[C@H]2O)c1=O,False,C11H15N4O6+,299.0986,21
CC1(OCO)O[C@H]2[C@@H](O)[C@H](n3cnc4c(=O)[nH]c(=O)[nH]c43)O[C@@H]21,False,C12H14N4O7,326.0862,23
CC1(OCO)O[C@@H]2[C@H](O)[C@@H]1O[C@H]2n1cnc2c(=O)[nH]c(=O)[nH]c21,False,C12H14N4O7,326.0862,23
O=c1[nH]c(=O)c2ncn([C@@H]3O[C@@H]4C(OCO)CO[C@H]4[C@H]3O)c2[nH]1,False,C12H14N4O7,326.0862,23
O=c1[nH]c(=O)c2ncn([C@@H]3O[C@@H]4C(OCO)CO[C@@H]3[C@@H]4O)c2[nH]1,False,C12H14N4O7,326.0862,23
CC(OCO)[C@]12O[C@@H](n3cnc4c(=O)[nH]c(=O)[nH]c43)[C@H](O)[C@@H]1O2,False,C12H14N4O7,326.0862,23
CC(OCO)[C@]12O[C@@H]([C@H](n3cnc4c(=O)[nH]c(=O)[nH]c43)O1)[C@@H]2O,False,C12H14N4O7,326.0862,23
CC(OCO)[C@H]1O[C@@H](n2cnc3c(=O)[nH]c(=O)[nH]c32)[C@@H]2O[C@]12O,False,C12H14N4O7,326.0862,23
CC(OCO)[C@H]1O[C@@H](n2cnc3c(=O)[nH]c(=O)[nH]c32)[C@]2(O)O[C@H]12,False,C12H14N4O7,326.0862,23
CC(OCO)[C@H]1O[C@@]2(n3cnc4c(=O)[nH]c(=O)[nH]c43)O[C@H]1[C@H]2O,False,C12H14N4O7,326.0862,23
CC(OCO)[C@H]1O[C@@]2(n3cnc4c(=O)[nH]c(=O)[nH]c43)O[C@@H]2[C@@H]1O,False,C12H14N4O7,326.0862,23
CC(OCO)[C@H]1O[C@@H]2[C@H](O)[C@@H]1Oc1nc3c(=O)[nH]c(=O)[nH]c3n12,False,C12H14N4O7,326.0862,23
CC(OCO)[C@H]1O[C@@H]2[C@H](Oc3nc4c(=O)[nH]c(=O)[nH]c4n32)[C@@H]1O,False,C12H14N4O7,326.0862,23
COC(C)[C@H]1O[C@@H](n2cnc3c(=O)[nH]c(=O)[nH]c32)[C@H](O)[C@@H]1O,False,C12H16N4O6,312.107,22
CC(C)(OC=O)[C@H]1O[C@@H](n2cnc3c(=O)[nH]c(=O)[nH]c32)[C@H](O)[C@@H]1O,False,C13H16N4O7,340.1019,24
CCC(OC=O)[C@H]1O[C@@H](n2cnc3c(=O)[nH]c(=O)[nH]c32)[C@H](O)[C@@H]1O,False,C13H16N4O7,340.1019,24
CC(=O)O[C@H]1[C@@H](O)[C@H](n2cnc3c(=O)[nH]c(=O)[nH]c32)O[C@@H]1C(C)OC=O,False,C14H16N4O8,368.0968,26
CC(=O)O[C@@H]1[C@H](O)[C@@H](C(C)OC=O)O[C@H]1n1cnc2c(=O)[nH]c(=O)[nH]c21,False,C14H16N4O8,368.0968,26
CC(OC=O)(C(=O)O)[C@H]1O[C@@H](n2cnc3c(=O)[nH]c(=O)[nH]c32)[C@H](O)[C@@H]1O,False,C13H14N4O9,370.0761,26
O=COC(CC(=O)O)[C@H]1O[C@@H](n2cnc3c(=O)[nH]c(=O)[nH]c32)[C@H](O)[C@@H]1O,False,C13H14N4O9,370.0761,26
CC(O)(OC=O)[C@H]1O[C@@H](n2cnc3c(=O)[nH]c(=O)[nH]c32)[C@H](O)[C@@H]1O,False,C12H14N4O8,342.0812,24
O=COC(CO)[C@H]1O[C@@H](n2cnc3c(=O)[nH]c(=O)[nH]c32)[C@H](O)[C@@H]1O,False,C12H14N4O8,342.0812,24
CC(=O)[C@H]1O[C@@H](n2cnc3c(=O)[nH]c(=O)[nH]c32)[C@H](O)[C@@H]1O,False,C11H12N4O6,296.0757,21
CC(O)[C@H]1O[C@@H](n2cnc3c(=O)[nH]c(=O)[nH]c32)[C@H](O)[C@@H]1O,False,C11H14N4O6,298.0913,21
CC(O)(OCO)[C@H]1O[C@@H](n2cnc3c(=O)[nH]c(=O)[nH]c32)[C@H](O)[C@@H]1O,False,C12H16N4O8,344.0968,24
O=c1[nH]c(=O)c2ncn([C@@H]3O[C@H](C(CO)OCO)[C@@H](O)[C@H]3O)c2[nH]1,False,C12H16N4O8,344.0968,24
CC(OC=O)[C@H]1O[C@@H](n2cnc3c(=O)[nH]c(=O)[nH]c32)[C@H](O)[C@@H]1OC=O,False,C13H14N4O8,354.0812,25
CC(OC=O)[C@H]1O[C@@H](n2cnc3c(=O)[nH]c(=O)[nH]c32)[C@H](OC=O)[C@@H]1O,False,C13H14N4O8,354.0812,25
CC(OC=O)[C@H]1O[C@@H](n2cnc3c(=O)[nH]c(=O)n(C=O)c32)[C@H](O)[C@@H]1O,False,C13H14N4O8,354.0812,25
CC(OC=O)[C@H]1O[C@@H](n2cnc3c(=O)n(C=O)c(=O)[nH]c32)[C@H](O)[C@@H]1O,False,C13H14N4O8,354.0812,25
CC(OC=O)[C@]1(C)O[C@@H](n2cnc3c(=O)[nH]c(=O)[nH]c32)[C@H](O)[C@@H]1O,False,C13H16N4O7,340.1019,24
CC(OC=O)[C@H]1O[C@@H](n2cnc3c(=O)[nH]c(=O)[nH]c32)[C@H](O)[C@@]1(C)O,False,C13H16N4O7,340.1019,24
CC(OC=O)[C@H]1O[C@@H](n2cnc3c(=O)[nH]c(=O)[nH]c32)[C@@](C)(O)[C@@H]1O,False,C13H16N4O7,340.1019,24
CC(OC=O)[C@H]1O[C@](C)(n2cnc3c(=O)[nH]c(=O)[nH]c32)[C@H](O)[C@@H]1O,False,C13H16N4O7,340.1019,24
Cc1nc2c(=O)[nH]c(=O)[nH]c2n1[C@@H]1O[C@H](C(C)OC=O)[C@@H](O)[C@H]1O,False,C13H16N4O7,340.1019,24
C[C@H]1O[C@](COC=O)(n2cnc3c(=O)[nH]c(=O)[nH]c32)[C@H](O)[C@@H]1O,False,C12H14N4O7,326.0862,23
O=c1[nH]c(=O)c2ncn([C@@H]3O[C@]4(COCO)CO[C@H]4[C@H]3O)c2[nH]1,False,C12H14N4O7,326.0862,23
O=c1[nH]c(=O)c2ncn([C@@H]3O[C@]4(COCO)CO[C@@H]3[C@@H]4O)c2[nH]1,False,C12H14N4O7,326.0862,23
C[C@@]12O[C@@H](n3cnc4c(=O)[nH]c(=O)[nH]c43)[C@H](O)[C@@H]1OC2OCO,False,C12H14N4O7,326.0862,23
C[C@]12O[C@@H](n3cnc4c(=O)[nH]c(=O)[nH]c43)[C@H](OC1OCO)[C@@H]2O,False,C12H14N4O7,326.0862,23
C[C@@]1(COCO)O[C@@H](n2cnc3c(=O)[nH]c(=O)[nH]c32)[C@@H]2O[C@@]21O,False,C12H14N4O7,326.0862,23
C[C@@]1(COCO)O[C@@H](n2cnc3c(=O)[nH]c(=O)[nH]c32)[C@]2(O)O[C@@H]21,False,C12H14N4O7,326.0862,23
C[C@@]1(COCO)O[C@@]2(n3cnc4c(=O)[nH]c(=O)[nH]c43)O[C@H]1[C@H]2O,False,C12H14N4O7,326.0862,23
C[C@@]1(COCO)O[C@@]2(n3cnc4c(=O)[nH]c(=O)[nH]c43)O[C@@H]2[C@@H]1O,False,C12H14N4O7,326.0862,23
C[C@@]1(COCO)O[C@@H]2[C@H](O)[C@@H]1Oc1nc3c(=O)[nH]c(=O)[nH]c3n12,False,C12H14N4O7,326.0862,23
C[C@@]1(COCO)O[C@@H]2[C@H](Oc3nc4c(=O)[nH]c(=O)[nH]c4n32)[C@@H]1O,False,C12H14N4O7,326.0862,23
COC[C@]1(C)O[C@@H](n2cnc3c(=O)[nH]c(=O)[nH]c32)[C@H](O)[C@@H]1O,False,C12H16N4O6,312.107,22
CC(=O)O[C@H]1[C@@H](O)[C@H](n2cnc3c(=O)[nH]c(=O)[nH]c32)O[C@@]1(C)COC=O,False,C14H16N4O8,368.0968,26
CC(=O)O[C@H]1[C@H](n2cnc3c(=O)[nH]c(=O)[nH]c32)O[C@@](C)(COC=O)[C@H]1O,False,C14H16N4O8,368.0968,26
C[C@@]1(C=O)O[C@@H](n2cnc3c(=O)[nH]c(=O)[nH]c32)[C@H](O)[C@@H]1O,False,C11H12N4O6,296.0757,21
C[C@@]1(CO)O[C@@H](n2cnc3c(=O)[nH]c(=O)[nH]c32)[C@H](O)[C@@H]1O,False,C11H14N4O6,298.0913,21
C[C@@]1(C(=O)OC=O)O[C@@H](n2cnc3c(=O)[nH]c(=O)[nH]c32)[C@H](O)[C@@H]1O,False,C12H12N4O8,340.0655,24
C[C@@]1(COC=O)O[C@@H](n2cnc3c(=O)[nH]c(=O)[nH]c32)[C@H](O)[C@@H]1OC=O,False,C13H14N4O8,354.0812,25
C[C@@]1(COC=O)O[C@@H](n2cnc3c(=O)[nH]c(=O)[nH]c32)[C@H](OC=O)[C@@H]1O,False,C13H14N4O8,354.0812,25
C[C@@]1(COC=O)O[C@@H](n2cnc3c(=O)[nH]c(=O)n(C=O)c32)[C@H](O)[C@@H]1O,False,C13H14N4O8,354.0812,25
C[C@@]1(COC=O)O[C@@H](n2cnc3c(=O)n(C=O)c(=O)[nH]c32)[C@H](O)[C@@H]1O,False,C13H14N4O8,354.0812,25
O=c1[nH]c(=O)c2ncn([C@@H]3O[C@H](COCO)[C@@]4(CO4)[C@H]3O)c2[nH]1,False,C12H14N4O7,326.0862,23
O=c1[nH]c(=O)c2ncn([C@@H]3O[C@H](COCO)[C@@]4(O)CO[C@@H]34)c2[nH]1,False,C12H14N4O7,326.0862,23
C[C@]12O[C@@]1(COCO)O[C@@H](n1cnc3c(=O)[nH]c(=O)[nH]c31)[C@@H]2O,False,C12H14N4O7,326.0862,23
C[C@@]1(O)[C@H]2O[C@@]1(COCO)O[C@H]2n1cnc2c(=O)[nH]c(=O)[nH]c21,False,C12H14N4O7,326.0862,23
C[C@@]12O[C@@]1(O)[C@H](n1cnc3c(=O)[nH]c(=O)[nH]c31)O[C@@H]2COCO,False,C12H14N4O7,326.0862,23
C[C@]12OC(OCO)[C@H]1O[C@@H](n1cnc3c(=O)[nH]c(=O)[nH]c31)[C@@H]2O,False,C12H14N4O7,326.0862,23
C[C@]1(O)[C@@H]2O[C@@H](n3cnc4c(=O)[nH]c(=O)[nH]c43)[C@@H]1OC2OCO,False,C12H14N4O7,326.0862,23
C[C@]12O[C@](n3cnc4c(=O)[nH]c(=O)[nH]c43)(O[C@@H]1COCO)[C@@H]2O,False,C12H14N4O7,326.0862,23
C[C@@]1(O)[C@H]2O[C@]2(n2cnc3c(=O)[nH]c(=O)[nH]c32)O[C@@H]1COCO,False,C12H14N4O7,326.0862,23
C[C@]12Oc3nc4c(=O)[nH]c(=O)[nH]c4n3[C@H](O[C@@H]1COCO)[C@@H]2O,False,C12H14N4O7,326.0862,23
C[C@]1(O)[C@@H](COCO)O[C@@H]2[C@@H]1Oc1nc3c(=O)[nH]c(=O)[nH]c3n12,False,C12H14N4O7,326.0862,23
COC[C@H]1O[C@@H](n2cnc3c(=O)[nH]c(=O)[nH]c32)[C@H](O)[C@@]1(C)O,False,C12H16N4O6,312.107,22
CC(=O)O[C@@]1(C)[C@@H](COC=O)O[C@@H](n2cnc3c(=O)[nH]c(=O)[nH]c32)[C@@H]1O,False,C14H16N4O8,368.0968,26
CC(=O)O[C@H]1[C@H](n2cnc3c(=O)[nH]c(=O)[nH]c32)O[C@H](COC=O)[C@]1(C)O,False,C14H16N4O8,368.0968,26
C[C@]1(O)[C@@H](C=O)O[C@@H](n2cnc3c(=O)[nH]c(=O)[nH]c32)[C@@H]1O,False,C11H12N4O6,296.0757,21
C[C@]1(O)[C@@H](CO)O[C@@H](n2cnc3c(=O)[nH]c(=O)[nH]c32)[C@@H]1O,False,C11H14N4O6,298.0913,21
C[C@]1(O)[C@@H](C(=O)OC=O)O[C@@H](n2cnc3c(=O)[nH]c(=O)[nH]c32)[C@@H]1O,False,C12H12N4O8,340.0655,24
C[C@]1(OC=O)[C@@H](COC=O)O[C@@H](n2cnc3c(=O)[nH]c(=O)[nH]c32)[C@@H]1O,False,C13H14N4O8,354.0812,25
C[C@]1(O)[C@@H](COC=O)O[C@@H](n2cnc3c(=O)[nH]c(=O)[nH]c32)[C@@H]1OC=O,False,C13H14N4O8,354.0812,25
C[C@]1(O)[C@@H](COC=O)O[C@@H](n2cnc3c(=O)[nH]c(=O)n(C=O)c32)[C@@H]1O,False,C13H14N4O8,354.0812,25
C[C@]1(O)[C@@H](COC=O)O[C@@H](n2cnc3c(=O)n(C=O)c(=O)[nH]c32)[C@@H]1O,False,C13H14N4O8,354.0812,25
O=c1[nH]c(=O)c2ncn([C@@H]3O[C@H](COCO)[C@@H](O)[C@@]34CO4)c2[nH]1,False,C12H14N4O7,326.0862,23
O=c1[nH]c(=O)c2ncn([C@@H]3O[C@H](COCO)[C@H]4OC[C@]43O)c2[nH]1,False,C12H14N4O7,326.0862,23
C[C@]12O[C@]1(O)[C@@H](COCO)O[C@H]2n1cnc2c(=O)[nH]c(=O)[nH]c21,False,C12H14N4O7,326.0862,23
C[C@@]12O[C@]1(n1cnc3c(=O)[nH]c(=O)[nH]c31)O[C@H](COCO)[C@H]2O,False,C12H14N4O7,326.0862,23
C[C@]1(O)[C@@H]2O[C@]1(n1cnc3c(=O)[nH]c(=O)[nH]c31)O[C@@H]2COCO,False,C12H14N4O7,326.0862,23
C[C@@]12O[C@@](COCO)(O[C@H]1n1cnc3c(=O)[nH]c(=O)[nH]c31)[C@H]2O,False,C12H14N4O7,326.0862,23
C[C@]1(O)[C@@H]2O[C@@]2(COCO)O[C@H]1n1cnc2c(=O)[nH]c(=O)[nH]c21,False,C12H14N4O7,326.0862,23
C[C@@]12OC(OCO)[C@@H](O[C@H]1n1cnc3c(=O)[nH]c(=O)[nH]c31)[C@H]2O,False,C12H14N4O7,326.0862,23
C[C@]1(O)[C@@H]2OC(OCO)[C@H]2O[C@H]1n1cnc2c(=O)[nH]c(=O)[nH]c21,False,C12H14N4O7,326.0862,23
C[C@@]12Oc3nc4c(=O)[nH]c(=O)[nH]c4n3[C@@H]1O[C@H](COCO)[C@H]2O,False,C12H14N4O7,326.0862,23
C[C@]1(O)[C@@H]2Oc3nc4c(=O)[nH]c(=O)[nH]c4n3[C@@H]1O[C@@H]2COCO,False,C12H14N4O7,326.0862,23
COC[C@H]1O[C@@H](n2cnc3c(=O)[nH]c(=O)[nH]c32)[C@@](C)(O)[C@@H]1O,False,C12H16N4O6,312.107,22
CC(=O)O[C@@]1(C)[C@H](O)[C@@H](COC=O)O[C@H]1n1cnc2c(=O)[nH]c(=O)[nH]c21,False,C14H16N4O8,368.0968,26
CC(=O)O[C@@H]1[C@@H](COC=O)O[C@@H](n2cnc3c(=O)[nH]c(=O)[nH]c32)[C@@]1(C)O,False,C14H16N4O8,368.0968,26
C[C@]1(O)[C@H](O)[C@@H](C=O)O[C@H]1n1cnc2c(=O)[nH]c(=O)[nH]c21,False,C11H12N4O6,296.0757,21
C[C@]1(O)[C@H](O)[C@@H](CO)O[C@H]1n1cnc2c(=O)[nH]c(=O)[nH]c21,False,C11H14N4O6,298.0913,21
C[C@]1(O)[C@H](O)[C@@H](C(=O)OC=O)O[C@H]1n1cnc2c(=O)[nH]c(=O)[nH]c21,False,C12H12N4O8,340.0655,24
C[C@]1(OC=O)[C@H](O)[C@@H](COC=O)O[C@H]1n1cnc2c(=O)[nH]c(=O)[nH]c21,False,C13H14N4O8,354.0812,25
C[C@]1(O)[C@H](OC=O)[C@@H](COC=O)O[C@H]1n1cnc2c(=O)[nH]c(=O)[nH]c21,False,C13H14N4O8,354.0812,25
C[C@]1(O)[C@H](O)[C@@H](COC=O)O[C@H]1n1cnc2c(=O)[nH]c(=O)n(C=O)c21,False,C13H14N4O8,354.0812,25
C[C@]1(O)[C@H](O)[C@@H](COC=O)O[C@H]1n1cnc2c(=O)n(C=O)c(=O)[nH]c21,False,C13H14N4O8,354.0812,25
O=c1[nH]c(=O)c2ncn([C@]34CO[C@@H]3[C@H](O)[C@@H](COCO)O4)c2[nH]1,False,C12H14N4O7,326.0862,23
O=c1[nH]c(=O)c2ncn([C@]34CO[C@@H]([C@H]3O)[C@@H](COCO)O4)c2[nH]1,False,C12H14N4O7,326.0862,23
C[C@]1(n2cnc3c(=O)[nH]c(=O)[nH]c32)O[C@H](COCO)[C@H]2O[C@]21O,False,C12H14N4O7,326.0862,23
C[C@]1(n2cnc3c(=O)[nH]c(=O)[nH]c32)O[C@]2(COCO)O[C@@H]1[C@@H]2O,False,C12H14N4O7,326.0862,23
C[C@]1(n2cnc3c(=O)[nH]c(=O)[nH]c32)O[C@]2(COCO)O[C@H]2[C@H]1O,False,C12H14N4O7,326.0862,23
C[C@]1(n2cnc3c(=O)[nH]c(=O)[nH]c32)O[C@H](COCO)[C@@]2(O)O[C@H]21,False,C12H14N4O7,326.0862,23
C[C@]12O[C@H](COCO)[C@@H](O)[C@H]1Oc1nc3c(=O)[nH]c(=O)[nH]c3n12,False,C12H14N4O7,326.0862,23
C[C@@]12O[C@H](COCO)[C@@H](Oc3nc4c(=O)[nH]c(=O)[nH]c4n31)[C@H]2O,False,C12H14N4O7,326.0862,23
C[C@]1(n2cnc3c(=O)[nH]c(=O)[nH]c32)O[C@@H]2C(OCO)O[C@@H]1[C@@H]2O,False,C12H14N4O7,326.0862,23
C[C@]1(n2cnc3c(=O)[nH]c(=O)[nH]c32)O[C@@H]2C(OCO)O[C@H]2[C@H]1O,False,C12H14N4O7,326.0862,23
COC[C@H]1O[C@](C)(n2cnc3c(=O)[nH]c(=O)[nH]c32)[C@H](O)[C@@H]1O,False,C12H16N4O6,312.107,22
CC(=O)O[C@@H]1[C@H](O)[C@@H](COC=O)O[C@]1(C)n1cnc2c(=O)[nH]c(=O)[nH]c21,False,C14H16N4O8,368.0968,26
CC(=O)O[C@H]1[C@@H](O)[C@@](C)(n2cnc3c(=O)[nH]c(=O)[nH]c32)O[C@@H]1COC=O,False,C14H16N4O8,368.0968,26
C[C@]1(n2cnc3c(=O)[nH]c(=O)[nH]c32)O[C@H](C=O)[C@@H](O)[C@H]1O,False,C11H12N4O6,296.0757,21
C[C@]1(n2cnc3c(=O)[nH]c(=O)[nH]c32)O[C@H](CO)[C@@H](O)[C@H]1O,False,C11H14N4O6,298.0913,21
C[C@]1(n2cnc3c(=O)[nH]c(=O)[nH]c32)O[C@H](C(=O)OC=O)[C@@H](O)[C@H]1O,False,C12H12N4O8,340.0655,24
C[C@]1(n2cnc3c(=O)[nH]c(=O)[nH]c32)O[C@H](COC=O)[C@@H](O)[C@H]1OC=O,False,C13H14N4O8,354.0812,25
C[C@]1(n2cnc3c(=O)[nH]c(=O)[nH]c32)O[C@H](COC=O)[C@@H](OC=O)[C@H]1O,False,C13H14N4O8,354.0812,25
C[C@]1(n2cnc3c(=O)[nH]c(=O)n(C=O)c32)O[C@H](COC=O)[C@@H](O)[C@H]1O,False,C13H14N4O8,354.0812,25
C[C@]1(n2cnc3c(=O)n(C=O)c(=O)[nH]c32)O[C@H](COC=O)[C@@H](O)[C@H]1O,False,C13H14N4O8,354.0812,25
O=c1[nH]c(=O)c2nc3n(c2[nH]1)[C@@H]1O[C@H](COCO)[C@@H](O)[C@H]1OC3,False,C12H14N4O7,326.0862,23
O=c1[nH]c(=O)c2nc3n(c2[nH]1)[C@@H]1O[C@H](COCO)[C@@H](OC3)[C@H]1O,False,C12H14N4O7,326.0862,23
Cc1nc2c(=O)[nH]c(=O)[nH]c2n1[C@]12O[C@@H]1[C@H](O)[C@@H](COCO)O2,False,C12H14N4O7,326.0862,23
Cc1nc2c(=O)[nH]c(=O)[nH]c2n1[C@]12O[C@@H]([C@H]1O)[C@@H](COCO)O2,False,C12H14N4O7,326.0862,23
Cc1nc2c(=O)[nH]c(=O)[nH]c2n1[C@@H]1O[C@H](COCO)[C@H]2O[C@]21O,False,C12H14N4O7,326.0862,23
Cc1nc2c(=O)[nH]c(=O)[nH]c2n1[C@@H]1O[C@]2(COCO)O[C@@H]1[C@@H]2O,False,C12H14N4O7,326.0862,23
Cc1nc2c(=O)[nH]c(=O)[nH]c2n1[C@@H]1O[C@]2(COCO)O[C@H]2[C@H]1O,False,C12H14N4O7,326.0862,23
Cc1nc2c(=O)[nH]c(=O)[nH]c2n1[C@@H]1O[C@H](COCO)[C@@]2(O)O[C@@H]12,False,C12H14N4O7,326.0862,23
Cc1nc2c(=O)[nH]c(=O)[nH]c2n1[C@@H]1O[C@@H]2C(OCO)O[C@@H]1[C@@H]2O,False,C12H14N4O7,326.0862,23
Cc1nc2c(=O)[nH]c(=O)[nH]c2n1[C@@H]1O[C@@H]2C(OCO)O[C@H]2[C@H]1O,False,C12H14N4O7,326.0862,23
COC[C@H]1O[C@@H](n2c(C)nc3c(=O)[nH]c(=O)[nH]c32)[C@H](O)[C@@H]1O,False,C12H16N4O6,312.107,22
CC(=O)O[C@@H]1[C@H](O)[C@@H](COC=O)O[C@H]1n1c(C)nc2c(=O)[nH]c(=O)[nH]c21,False,C14H16N4O8,368.0968,26
CC(=O)O[C@H]1[C@@H](O)[C@H](n2c(C)nc3c(=O)[nH]c(=O)[nH]c32)O[C@@H]1COC=O,False,C14H16N4O8,368.0968,26
Cc1nc2c(=O)[nH]c(=O)[nH]c2n1[C@@H]1O[C@H](C=O)[C@@H](O)[C@H]1O,False,C11H12N4O6,296.0757,21
Cc1nc2c(=O)[nH]c(=O)[nH]c2n1[C@@H]1O[C@H](CO)[C@@H](O)[C@H]1O,False,C11H14N4O6,298.0913,21
Cc1nc2c(=O)[nH]c(=O)[nH]c2n1[C@@H]1O[C@H](C(=O)OC=O)[C@@H](O)[C@H]1O,False,C12H12N4O8,340.0655,24
Cc1nc2c(=O)[nH]c(=O)[nH]c2n1[C@@H]1O[C@H](COC=O)[C@@H](O)[C@H]1OC=O,False,C13H14N4O8,354.0812,25
Cc1nc2c(=O)[nH]c(=O)[nH]c2n1[C@@H]1O[C@H](COC=O)[C@@H](OC=O)[C@H]1O,False,C13H14N4O8,354.0812,25
Cc1nc2c(=O)[nH]c(=O)n(C=O)c2n1[C@@H]1O[C@H](COC=O)[C@@H](O)[C@H]1O,False,C13H14N4O8,354.0812,25
Cc1nc2c(=O)n(C=O)c(=O)[nH]c2n1[C@@H]1O[C@H](COC=O)[C@@H](O)[C@H]1O,False,C13H14N4O8,354.0812,25
COC1CO[C@H]2[C@@H](O)[C@H](n3cnc4c(=O)[nH]c(=O)[nH]c43)O[C@@H]2CO1,False,C13H16N4O7,340.1019,24
CC(=O)OC1CO[C@H]2[C@@H](O)[C@H](n3cnc4c(=O)[nH]c(=O)[nH]c43)O[C@@H]2CO1,False,C14H16N4O8,368.0968,26
CC(=O)O[C@@H]1[C@@H]2OCC(O)OC[C@H]2O[C@H]1n1cnc2c(=O)[nH]c(=O)[nH]c21,False,C14H16N4O8,368.0968,26
O=c1[nH]c(=O)c2ncn([C@@H]3O[C@@H]4COC(OC(O)CO)CO[C@H]4[C@H]3O)c2[nH]1,False,C14H18N4O9,386.1074,27
O=c1[nH]c(=O)c2ncn([C@@H]3O[C@@H]4CO[C@H]4[C@H]3O)c2[nH]1,False,C10H10N4O5,266.0651,19
O=c1[nH]c(=O)c2ncn([C@@H]3O[C@@H]4COC(O)CO[C@H]4[C@H]3OC(O)CO)c2[nH]1,False,C14H18N4O9,386.1074,27
O=c1[nH]c(=O)c2ncn([C@@H]3O[C@@H]4COC(OCC(O)O)CO[C@H]4[C@H]3O)c2[nH]1,False,C14H18N4O9,386.1074,27
O=c1[nH]c(=O)c2ncn([C@@H]3O[C@@H]4COC(O)CO[C@H]4[C@H]3OCC(O)O)c2[nH]1,False,C14H18N4O9,386.1074,27
COC1CO[C@@H]2[C@H](O)[C@@H](CO1)O[C@H]2n1cnc2c(=O)[nH]c(=O)[nH]c21,False,C13H16N4O7,340.1019,24
CC(=O)OC1CO[C@@H]2[C@H](O)[C@@H](CO1)O[C@H]2n1cnc2c(=O)[nH]c(=O)[nH]c21,False,C14H16N4O8,368.0968,26
CC(=O)O[C@H]1[C@H]2OCC(O)OC[C@H]1O[C@H]2n1cnc2c(=O)[nH]c(=O)[nH]c21,False,C14H16N4O8,368.0968,26
O=c1[nH]c(=O)c2ncn([C@@H]3O[C@@H]4COC(OC(O)CO)CO[C@@H]3[C@@H]4O)c2[nH]1,False,C14H18N4O9,386.1074,27
O=c1[nH]c(=O)c2ncn([C@@H]3O[C@@H]4CO[C@@H]3[C@@H]4O)c2[nH]1,False,C10H10N4O5,266.0651,19
O=c1[nH]c(=O)c2ncn([C@@H]3O[C@@H]4COC(O)CO[C@@H]3[C@@H]4OC(O)CO)c2[nH]1,False,C14H18N4O9,386.1074,27
O=c1[nH]c(=O)c2ncn([C@@H]3O[C@@H]4COC(OCC(O)O)CO[C@@H]3[C@@H]4O)c2[nH]1,False,C14H18N4O9,386.1074,27
O=c1[nH]c(=O)c2ncn([C@@H]3O[C@@H]4COC(O)CO[C@@H]3[C@@H]4OCC(O)O)c2[nH]1,False,C14H18N4O9,386.1074,27
C,False,CH4,16.0313,1
O=COC1O[C@H]2[C@@H](O)[C@H](n3cnc4c(=O)[nH]c(=O)[nH]c43)O[C@H]12,False,C11H10N4O7,310.0549,22
CC(=O)OC1O[C@H]2[C@@H](O)[C@H](n3cnc4c(=O)[nH]c(=O)[nH]c43)O[C@H]12,False,C12H12N4O7,324.0706,23
COC(C)OC1O[C@H]2[C@@H](O)[C@H](n3cnc4c(=O)[nH]c(=O)[nH]c43)O[C@H]12,False,C13H16N4O7,340.1019,24
CC(C)(O)OC1O[C@H]2[C@@H](O)[C@H](n3cnc4c(=O)[nH]c(=O)[nH]c43)O[C@H]12,False,C13H16N4O7,340.1019,24
CCC(O)OC1O[C@H]2[C@@H](O)[C@H](n3cnc4c(=O)[nH]c(=O)[nH]c43)O[C@H]12,False,C13H16N4O7,340.1019,24
CC(=O)OC(C)OC1O[C@H]2[C@@H](O)[C@H](n3cnc4c(=O)[nH]c(=O)[nH]c43)O[C@H]12,False,C14H16N4O8,368.0968,26
CC(=O)O[C@@H]1[C@@H]2OC(OC(C)O)[C@H]2O[C@H]1n1cnc2c(=O)[nH]c(=O)[nH]c21,False,C14H16N4O8,368.0968,26
CC(O)(OC1O[C@H]2[C@@H](O)[C@H](n3cnc4c(=O)[nH]c(=O)[nH]c43)O[C@H]12)C(=O)O,False,C13H14N4O9,370.0761,26
O=C(O)CC(O)OC1O[C@H]2[C@@H](O)[C@H](n3cnc4c(=O)[nH]c(=O)[nH]c43)O[C@H]12,False,C13H14N4O9,370.0761,26
CC(Cl)OC1O[C@H]2[C@@H](O)[C@H](n3cnc4c(=O)[nH]c(=O)[nH]c43)O[C@H]12,False,C12H13ClN4O6,344.0524,23
CC(O)(O)OC1O[C@H]2[C@@H](O)[C@H](n3cnc4c(=O)[nH]c(=O)[nH]c43)O[C@H]12,False,C12H14N4O8,342.0812,24
O=c1[nH]c(=O)c2ncn([C@@H]3O[C@@H]4C(OC(O)CO)O[C@H]4[C@H]3O)c2[nH]1,False,C12H14N4O8,342.0812,24
O=C1O[C@H]2[C@@H](O)[C@H](n3cnc4c(=O)[nH]c(=O)[nH]c43)O[C@H]12,False,C10H8N4O6,280.0444,20
CC(O)O,False,C2H6O2,62.0368,4
O=c1[nH]c(=O)c2ncn([C@@H]3O[C@@H]4C(O)O[C@H]4[C@H]3O)c2[nH]1,False,C10H10N4O6,282.06,20
CCOC1O[C@H]2[C@@H](O)[C@H](n3cnc4c(=O)[nH]c(=O)[nH]c43)O[C@H]12,False,C12H14N4O6,310.0913,22
CC(O)OC1O[C@H]2[C@@H](OC(C)O)[C@H](n3cnc4c(=O)[nH]c(=O)[nH]c43)O[C@H]12,False,C14H18N4O8,370.1125,26
CC(O)OC(C)OC1O[C@H]2[C@@H](O)[C@H](n3cnc4c(=O)[nH]c(=O)[nH]c43)O[C@H]12,False,C14H18N4O8,370.1125,26
CC(O)OC1(C)O[C@H]2[C@@H](O)[C@H](n3cnc4c(=O)[nH]c(=O)[nH]c43)O[C@@H]21,False,C13H16N4O7,340.1019,24
CC(O)OC1O[C@H]2[C@@H](O)[C@H](n3cnc4c(=O)[nH]c(=O)[nH]c43)O[C@@]12C,False,C13H16N4O7,340.1019,24
CC(O)OC1O[C@@]2(C)[C@@H]1O[C@@H](n1cnc3c(=O)[nH]c(=O)[nH]c31)[C@@H]2O,False,C13H16N4O7,340.1019,24
CC(O)OC1O[C@@H]2[C@@H]1O[C@@H](n1cnc3c(=O)[nH]c(=O)[nH]c31)[C@@]2(C)O,False,C13H16N4O7,340.1019,24
CC(O)OC1O[C@@H]2[C@@H]1O[C@](C)(n1cnc3c(=O)[nH]c(=O)[nH]c31)[C@@H]2O,False,C13H16N4O7,340.1019,24
Cc1nc2c(=O)[nH]c(=O)[nH]c2n1[C@@H]1O[C@@H]2C(OC(C)O)O[C@H]2[C@H]1O,False,C13H16N4O7,340.1019,24
O=COC1O[C@@H]2[C@H](O)[C@@H]1O[C@H]2n1cnc2c(=O)[nH]c(=O)[nH]c21,False,C11H10N4O7,310.0549,22
CC(=O)OC1O[C@@H]2[C@H](O)[C@@H]1O[C@H]2n1cnc2c(=O)[nH]c(=O)[nH]c21,False,C12H12N4O7,324.0706,23
COC(C)OC1O[C@@H]2[C@H](O)[C@@H]1O[C@H]2n1cnc2c(=O)[nH]c(=O)[nH]c21,False,C13H16N4O7,340.1019,24
CC(C)(O)OC1O[C@@H]2[C@H](O)[C@@H]1O[C@H]2n1cnc2c(=O)[nH]c(=O)[nH]c21,False,C13H16N4O7,340.1019,24
CCC(O)OC1O[C@@H]2[C@H](O)[C@@H]1O[C@H]2n1cnc2c(=O)[nH]c(=O)[nH]c21,False,C13H16N4O7,340.1019,24
CC(=O)OC(C)OC1O[C@@H]2[C@H](O)[C@@H]1O[C@H]2n1cnc2c(=O)[nH]c(=O)[nH]c21,False,C14H16N4O8,368.0968,26
CC(=O)O[C@H]1[C@H]2OC(OC(C)O)[C@H]1O[C@H]2n1cnc2c(=O)[nH]c(=O)[nH]c21,False,C14H16N4O8,368.0968,26
CC(O)(OC1O[C@@H]2[C@H](O)[C@@H]1O[C@H]2n1cnc2c(=O)[nH]c(=O)[nH]c21)C(=O)O,False,C13H14N4O9,370.0761,26
O=C(O)CC(O)OC1O[C@@H]2[C@H](O)[C@@H]1O[C@H]2n1cnc2c(=O)[nH]c(=O)[nH]c21,False,C13H14N4O9,370.0761,26
CC(Cl)OC1O[C@@H]2[C@H](O)[C@@H]1O[C@H]2n1cnc2c(=O)[nH]c(=O)[nH]c21,False,C12H13ClN4O6,344.0524,23
CC(O)(O)OC1O[C@@H]2[C@H](O)[C@@H]1O[C@H]2n1cnc2c(=O)[nH]c(=O)[nH]c21,False,C12H14N4O8,342.0812,24
O=c1[nH]c(=O)c2ncn([C@@H]3O[C@@H]4C(OC(O)CO)O[C@@H]3[C@@H]4O)c2[nH]1,False,C12H14N4O8,342.0812,24
O=C1O[C@@H]2[C@H](O)[C@@H]1O[C@H]2n1cnc2c(=O)[nH]c(=O)[nH]c21,False,C10H8N4O6,280.0444,20
O=c1[nH]c(=O)c2ncn([C@@H]3O[C@@H]4C(O)O[C@@H]3[C@@H]4O)c2[nH]1,False,C10H10N4O6,282.06,20
CCOC1O[C@@H]2[C@H](O)[C@@H]1O[C@H]2n1cnc2c(=O)[nH]c(=O)[nH]c21,False,C12H14N4O6,310.0913,22
CC(O)OC1O[C@@H]2[C@H](OC(C)O)[C@@H]1O[C@H]2n1cnc2c(=O)[nH]c(=O)[nH]c21,False,C14H18N4O8,370.1125,26
CC(O)OC(C)OC1O[C@@H]2[C@H](O)[C@@H]1O[C@H]2n1cnc2c(=O)[nH]c(=O)[nH]c21,False,C14H18N4O8,370.1125,26
CC(O)OC1(C)O[C@@H]2[C@H](O)[C@@H]1O[C@H]2n1cnc2c(=O)[nH]c(=O)[nH]c21,False,C13H16N4O7,340.1019,24
CC(O)OC1O[C@H]2[C@H](n3cnc4c(=O)[nH]c(=O)[nH]c43)O[C@]1(C)[C@H]2O,False,C13H16N4O7,340.1019,24
CC(O)OC1O[C@H]2[C@H](n3cnc4c(=O)[nH]c(=O)[nH]c43)O[C@H]1[C@]2(C)O,False,C13H16N4O7,340.1019,24
CC(O)OC1O[C@@]2(C)[C@H](O)[C@@H]1O[C@H]2n1cnc2c(=O)[nH]c(=O)[nH]c21,False,C13H16N4O7,340.1019,24
CC(O)OC1O[C@@H]2[C@H](O)[C@@H]1O[C@]2(C)n1cnc2c(=O)[nH]c(=O)[nH]c21,False,C13H16N4O7,340.1019,24
Cc1nc2c(=O)[nH]c(=O)[nH]c2n1[C@@H]1O[C@@H]2C(OC(C)O)O[C@@H]1[C@@H]2O,False,C13H16N4O7,340.1019,24
CC(O)OC[C@]12O[C@H]1O[C@@H](n1cnc3c(=O)[nH]c(=O)[nH]c31)[C@@H]2O,False,C12H14N4O7,326.0862,23
CC(O)OC[C@]1(O)[C@@H]2O[C@H]2O[C@H]1n1cnc2c(=O)[nH]c(=O)[nH]c21,False,C12H14N4O7,326.0862,23
CC(O)OC[C@]1(n2cnc3c(=O)[nH]c(=O)[nH]c32)O[C@@H]2O[C@H]2[C@H]1O,False,C12H14N4O7,326.0862,23
CC(O)OCc1nc2c(=O)[nH]c(=O)[nH]c2n1[C@@H]1O[C@@H]2O[C@H]2[C@H]1O,False,C12H14N4O7,326.0862,23
O=COC[C@]12O[C@@H](n3cnc4c(=O)[nH]c(=O)[nH]c43)[C@H](O)[C@@H]1O2,False,C11H10N4O7,310.0549,22
COC(C)OC[C@]12O[C@@H](n3cnc4c(=O)[nH]c(=O)[nH]c43)[C@H](O)[C@@H]1O2,False,C13H16N4O7,340.1019,24
CC(C)(O)OC[C@]12O[C@@H](n3cnc4c(=O)[nH]c(=O)[nH]c43)[C@H](O)[C@@H]1O2,False,C13H16N4O7,340.1019,24
CCC(O)OC[C@]12O[C@@H](n3cnc4c(=O)[nH]c(=O)[nH]c43)[C@H](O)[C@@H]1O2,False,C13H16N4O7,340.1019,24
CC(=O)OC(C)OC[C@]12O[C@@H](n3cnc4c(=O)[nH]c(=O)[nH]c43)[C@H](O)[C@@H]1O2,False,C14H16N4O8,368.0968,26
CC(=O)O[C@H]1[C@H](n2cnc3c(=O)[nH]c(=O)[nH]c32)O[C@]2(COC(C)O)O[C@@H]12,False,C14H16N4O8,368.0968,26
CC(O)(OC[C@]12O[C@@H](n3cnc4c(=O)[nH]c(=O)[nH]c43)[C@H](O)[C@@H]1O2)C(=O)O,False,C13H14N4O9,370.0761,26
O=C(O)CC(O)OC[C@]12O[C@@H](n3cnc4c(=O)[nH]c(=O)[nH]c43)[C@H](O)[C@@H]1O2,False,C13H14N4O9,370.0761,26
CC(Cl)OC[C@]12O[C@@H](n3cnc4c(=O)[nH]c(=O)[nH]c43)[C@H](O)[C@@H]1O2,False,C12H13ClN4O6,344.0524,23
CC(O)(O)OC[C@]12O[C@@H](n3cnc4c(=O)[nH]c(=O)[nH]c43)[C@H](O)[C@@H]1O2,False,C12H14N4O8,342.0812,24
O=c1[nH]c(=O)c2ncn([C@@H]3O[C@]4(COC(O)CO)O[C@H]4[C@H]3O)c2[nH]1,False,C12H14N4O8,342.0812,24
CC(O)OC[C@]1(O)O[C@@H](n2cnc3c(=O)[nH]c(=O)[nH]c32)[C@H](O)[C@@H]1O,False,C12H16N4O8,344.0968,24
CCOC[C@]12O[C@@H](n3cnc4c(=O)[nH]c(=O)[nH]c43)[C@H](O)[C@@H]1O2,False,C12H14N4O6,310.0913,22
CC(O)OCC1=C[C@@H](O)[C@H](n2cnc3c(=O)[nH]c(=O)[nH]c32)O1,False,C12H14N4O6,310.0913,22
CC(O)OC(=O)[C@]12O[C@@H](n3cnc4c(=O)[nH]c(=O)[nH]c43)[C@H](O)[C@@H]1O2,False,C12H12N4O8,340.0655,24
CC(O)OC[C@]12O[C@@H](n3cnc4c(=O)[nH]c(=O)[nH]c43)[C@H](OC(C)O)[C@@H]1O2,False,C14H18N4O8,370.1125,26
CC(O)OC(C)OC[C@]12O[C@@H](n3cnc4c(=O)[nH]c(=O)[nH]c43)[C@H](O)[C@@H]1O2,False,C14H18N4O8,370.1125,26
CC(O)OC(C)[C@]12O[C@@H](n3cnc4c(=O)[nH]c(=O)[nH]c43)[C@H](O)[C@@H]1O2,False,C13H16N4O7,340.1019,24
CC(O)OC[C@]12O[C@@H](n3cnc4c(=O)[nH]c(=O)[nH]c43)[C@H](O)[C@@]1(C)O2,False,C13H16N4O7,340.1019,24
CC(O)OC[C@@]12O[C@H]1[C@](C)(O)[C@H](n1cnc3c(=O)[nH]c(=O)[nH]c31)O2,False,C13H16N4O7,340.1019,24
CC(O)OC[C@@]12O[C@H]1[C@@H](O)[C@@](C)(n1cnc3c(=O)[nH]c(=O)[nH]c31)O2,False,C13H16N4O7,340.1019,24
Cc1nc2c(=O)[nH]c(=O)[nH]c2n1[C@@H]1O[C@]2(COC(C)O)O[C@H]2[C@H]1O,False,C13H16N4O7,340.1019,24
CC(O)OC[C@]1(O)[C@@H]2O[C@@H](n3cnc4c(=O)[nH]c(=O)[nH]c43)[C@@H]1O2,False,C12H14N4O7,326.0862,23
CC(O)OC[C@@]12O[C@@H](O[C@H]1n1cnc3c(=O)[nH]c(=O)[nH]c31)[C@H]2O,False,C12H14N4O7,326.0862,23
CC(O)OC[C@]1(n2cnc3c(=O)[nH]c(=O)[nH]c32)O[C@@H]2O[C@@H]1[C@@H]2O,False,C12H14N4O7,326.0862,23
CC(O)OCc1nc2c(=O)[nH]c(=O)[nH]c2n1[C@@H]1O[C@@H]2O[C@@H]1[C@@H]2O,False,C12H14N4O7,326.0862,23
O=COC[C@]12O[C@@H]([C@H](n3cnc4c(=O)[nH]c(=O)[nH]c43)O1)[C@@H]2O,False,C11H10N4O7,310.0549,22
COC(C)OC[C@]12O[C@@H]([C@H](n3cnc4c(=O)[nH]c(=O)[nH]c43)O1)[C@@H]2O,False,C13H16N4O7,340.1019,24
CC(C)(O)OC[C@]12O[C@@H]([C@H](n3cnc4c(=O)[nH]c(=O)[nH]c43)O1)[C@@H]2O,False,C13H16N4O7,340.1019,24
CCC(O)OC[C@]12O[C@@H]([C@H](n3cnc4c(=O)[nH]c(=O)[nH]c43)O1)[C@@H]2O,False,C13H16N4O7,340.1019,24
CC(=O)OC(C)OC[C@]12O[C@@H]([C@H](n3cnc4c(=O)[nH]c(=O)[nH]c43)O1)[C@@H]2O,False,C14H16N4O8,368.0968,26
CC(=O)O[C@H]1[C@H]2O[C@@]1(COC(C)O)O[C@H]2n1cnc2c(=O)[nH]c(=O)[nH]c21,False,C14H16N4O8,368.0968,26
CC(O)(OC[C@]12O[C@@H]([C@H](n3cnc4c(=O)[nH]c(=O)[nH]c43)O1)[C@@H]2O)C(=O)O,False,C13H14N4O9,370.0761,26
O=C(O)CC(O)OC[C@]12O[C@@H]([C@H](n3cnc4c(=O)[nH]c(=O)[nH]c43)O1)[C@@H]2O,False,C13H14N4O9,370.0761,26
CC(Cl)OC[C@]12O[C@@H]([C@H](n3cnc4c(=O)[nH]c(=O)[nH]c43)O1)[C@@H]2O,False,C12H13ClN4O6,344.0524,23
CC(O)(O)OC[C@]12O[C@@H]([C@H](n3cnc4c(=O)[nH]c(=O)[nH]c43)O1)[C@@H]2O,False,C12H14N4O8,342.0812,24
O=c1[nH]c(=O)c2ncn([C@@H]3O[C@]4(COC(O)CO)O[C@@H]3[C@@H]4O)c2[nH]1,False,C12H14N4O8,342.0812,24
CCOC[C@]12O[C@@H]([C@H](n3cnc4c(=O)[nH]c(=O)[nH]c43)O1)[C@@H]2O,False,C12H14N4O6,310.0913,22
CC(O)OC(=O)[C@]12O[C@@H]([C@H](n3cnc4c(=O)[nH]c(=O)[nH]c43)O1)[C@@H]2O,False,C12H12N4O8,340.0655,24
CC(O)OC[C@]12O[C@@H]([C@H](n3cnc4c(=O)[nH]c(=O)[nH]c43)O1)[C@@H]2OC(C)O,False,C14H18N4O8,370.1125,26
CC(O)OC(C)OC[C@]12O[C@@H]([C@H](n3cnc4c(=O)[nH]c(=O)[nH]c43)O1)[C@@H]2O,False,C14H18N4O8,370.1125,26
CC(O)OC(C)[C@]12O[C@@H]([C@H](n3cnc4c(=O)[nH]c(=O)[nH]c43)O1)[C@@H]2O,False,C13H16N4O7,340.1019,24
CC(O)OC[C@@]12O[C@@H](n3cnc4c(=O)[nH]c(=O)[nH]c43)[C@H](O1)[C@@]2(C)O,False,C13H16N4O7,340.1019,24
CC(O)OC[C@@]12O[C@@H](n3cnc4c(=O)[nH]c(=O)[nH]c43)[C@@](C)(O1)[C@@H]2O,False,C13H16N4O7,340.1019,24
CC(O)OC[C@@]12O[C@H]([C@@H]1O)[C@@](C)(n1cnc3c(=O)[nH]c(=O)[nH]c31)O2,False,C13H16N4O7,340.1019,24
Cc1nc2c(=O)[nH]c(=O)[nH]c2n1[C@@H]1O[C@]2(COC(C)O)O[C@@H]1[C@@H]2O,False,C13H16N4O7,340.1019,24
CC(O)OC[C@]12O[C@]1(O)CO[C@H]2n1cnc2c(=O)[nH]c(=O)[nH]c21,False,C12H14N4O7,326.0862,23
CC(O)OCc1nc2c(=O)[nH]c(=O)[nH]c2n1[C@@H]1OC[C@@]2(O)O[C@@H]12,False,C12H14N4O7,326.0862,23
O=COC[C@H]1O[C@@H](n2cnc3c(=O)[nH]c(=O)[nH]c32)[C@@H]2O[C@]12O,False,C11H10N4O7,310.0549,22
COC(C)OC[C@H]1O[C@@H](n2cnc3c(=O)[nH]c(=O)[nH]c32)[C@@H]2O[C@]12O,False,C13H16N4O7,340.1019,24
CC(C)(O)OC[C@H]1O[C@@H](n2cnc3c(=O)[nH]c(=O)[nH]c32)[C@@H]2O[C@]12O,False,C13H16N4O7,340.1019,24
CCC(O)OC[C@H]1O[C@@H](n2cnc3c(=O)[nH]c(=O)[nH]c32)[C@@H]2O[C@]12O,False,C13H16N4O7,340.1019,24
CC(=O)OC(C)OC[C@H]1O[C@@H](n2cnc3c(=O)[nH]c(=O)[nH]c32)[C@@H]2O[C@]12O,False,C14H16N4O8,368.0968,26
CC(=O)O[C@]12O[C@H]1[C@H](n1cnc3c(=O)[nH]c(=O)[nH]c31)O[C@@H]2COC(C)O,False,C14H16N4O8,368.0968,26
CC(O)(OC[C@H]1O[C@@H](n2cnc3c(=O)[nH]c(=O)[nH]c32)[C@@H]2O[C@]12O)C(=O)O,False,C13H14N4O9,370.0761,26
O=C(O)CC(O)OC[C@H]1O[C@@H](n2cnc3c(=O)[nH]c(=O)[nH]c32)[C@@H]2O[C@]12O,False,C13H14N4O9,370.0761,26
CC(Cl)OC[C@H]1O[C@@H](n2cnc3c(=O)[nH]c(=O)[nH]c32)[C@@H]2O[C@]12O,False,C12H13ClN4O6,344.0524,23
CC(O)(O)OC[C@H]1O[C@@H](n2cnc3c(=O)[nH]c(=O)[nH]c32)[C@@H]2O[C@]12O,False,C12H14N4O8,342.0812,24
O=c1[nH]c(=O)c2ncn([C@@H]3O[C@H](COC(O)CO)[C@@]4(O)O[C@@H]34)c2[nH]1,False,C12H14N4O8,342.0812,24
CC(O)OC[C@H]1O[C@@H](n2cnc3c(=O)[nH]c(=O)[nH]c32)[C@H](O)C1(O)O,False,C12H16N4O8,344.0968,24
CCOC[C@H]1O[C@@H](n2cnc3c(=O)[nH]c(=O)[nH]c32)[C@@H]2O[C@]12O,False,C12H14N4O6,310.0913,22
CC(O)OC(=O)[C@H]1O[C@@H](n2cnc3c(=O)[nH]c(=O)[nH]c32)[C@@H]2O[C@]12O,False,C12H12N4O8,340.0655,24
CC(O)OC[C@H]1O[C@@H](n2cnc3c(=O)[nH]c(=O)[nH]c32)[C@@H]2O[C@]12OC(C)O,False,C14H18N4O8,370.1125,26
CC(O)OC(C)OC[C@H]1O[C@@H](n2cnc3c(=O)[nH]c(=O)[nH]c32)[C@@H]2O[C@]12O,False,C14H18N4O8,370.1125,26
CC(O)OC[C@]1(C)O[C@@H](n2cnc3c(=O)[nH]c(=O)[nH]c32)[C@@H]2O[C@@]21O,False,C13H16N4O7,340.1019,24
CC(O)OC[C@H]1O[C@@H](n2cnc3c(=O)[nH]c(=O)[nH]c32)[C@@]2(C)O[C@]12O,False,C13H16N4O7,340.1019,24
CC(O)OC(C)[C@H]1O[C@@H](n2cnc3c(=O)[nH]c(=O)[nH]c32)[C@@H]2O[C@]12O,False,C13H16N4O7,340.1019,24
CC(O)OC[C@H]1O[C@](C)(n2cnc3c(=O)[nH]c(=O)[nH]c32)[C@@H]2O[C@@]21O,False,C13H16N4O7,340.1019,24
Cc1nc2c(=O)[nH]c(=O)[nH]c2n1[C@@H]1O[C@H](COC(C)O)[C@@]2(O)O[C@@H]12,False,C13H16N4O7,340.1019,24
CC(O)OC[C@]12CO[C@@H](n3cnc4c(=O)[nH]c(=O)[nH]c43)[C@]1(O)O2,False,C12H14N4O7,326.0862,23
CC(O)OCc1nc2c(=O)[nH]c(=O)[nH]c2n1[C@@H]1OC[C@H]2O[C@]21O,False,C12H14N4O7,326.0862,23
O=COC[C@H]1O[C@@H](n2cnc3c(=O)[nH]c(=O)[nH]c32)[C@]2(O)O[C@H]12,False,C11H10N4O7,310.0549,22
COC(C)OC[C@H]1O[C@@H](n2cnc3c(=O)[nH]c(=O)[nH]c32)[C@]2(O)O[C@H]12,False,C13H16N4O7,340.1019,24
CC(C)(O)OC[C@H]1O[C@@H](n2cnc3c(=O)[nH]c(=O)[nH]c32)[C@]2(O)O[C@H]12,False,C13H16N4O7,340.1019,24
CCC(O)OC[C@H]1O[C@@H](n2cnc3c(=O)[nH]c(=O)[nH]c32)[C@]2(O)O[C@H]12,False,C13H16N4O7,340.1019,24
CC(=O)OC(C)OC[C@H]1O[C@@H](n2cnc3c(=O)[nH]c(=O)[nH]c32)[C@]2(O)O[C@H]12,False,C14H16N4O8,368.0968,26
CC(=O)O[C@@]12O[C@@H]1[C@@H](COC(C)O)O[C@H]2n1cnc2c(=O)[nH]c(=O)[nH]c21,False,C14H16N4O8,368.0968,26
CC(O)(OC[C@H]1O[C@@H](n2cnc3c(=O)[nH]c(=O)[nH]c32)[C@]2(O)O[C@H]12)C(=O)O,False,C13H14N4O9,370.0761,26
O=C(O)CC(O)OC[C@H]1O[C@@H](n2cnc3c(=O)[nH]c(=O)[nH]c32)[C@]2(O)O[C@H]12,False,C13H14N4O9,370.0761,26
CC(Cl)OC[C@H]1O[C@@H](n2cnc3c(=O)[nH]c(=O)[nH]c32)[C@]2(O)O[C@H]12,False,C12H13ClN4O6,344.0524,23
CC(O)(O)OC[C@H]1O[C@@H](n2cnc3c(=O)[nH]c(=O)[nH]c32)[C@]2(O)O[C@H]12,False,C12H14N4O8,342.0812,24
O=c1[nH]c(=O)c2ncn([C@@H]3O[C@H](COC(O)CO)[C@H]4O[C@]43O)c2[nH]1,False,C12H14N4O8,342.0812,24
CC(O)OC[C@H]1O[C@@H](n2cnc3c(=O)[nH]c(=O)[nH]c32)C(O)(O)[C@@H]1O,False,C12H16N4O8,344.0968,24
CCOC[C@H]1O[C@@H](n2cnc3c(=O)[nH]c(=O)[nH]c32)[C@]2(O)O[C@H]12,False,C12H14N4O6,310.0913,22
CC(O)OC(=O)[C@H]1O[C@@H](n2cnc3c(=O)[nH]c(=O)[nH]c32)[C@]2(O)O[C@H]12,False,C12H12N4O8,340.0655,24
CC(O)OC[C@H]1O[C@@H](n2cnc3c(=O)[nH]c(=O)[nH]c32)[C@]2(OC(C)O)O[C@H]12,False,C14H18N4O8,370.1125,26
CC(O)OC(C)OC[C@H]1O[C@@H](n2cnc3c(=O)[nH]c(=O)[nH]c32)[C@]2(O)O[C@H]12,False,C14H18N4O8,370.1125,26
CC(O)OC[C@H]1O[C@@H](n2cnc3c(=O)[nH]c(=O)[nH]c32)[C@]2(O)O[C@@]12C,False,C13H16N4O7,340.1019,24
CC(O)OC[C@H]1O[C@](C)(n2cnc3c(=O)[nH]c(=O)[nH]c32)[C@]2(O)O[C@H]12,False,C13H16N4O7,340.1019,24
CC(O)OC[C@]1(C)O[C@@H](n2cnc3c(=O)[nH]c(=O)[nH]c32)[C@]2(O)O[C@@H]21,False,C13H16N4O7,340.1019,24
CC(O)OC(C)[C@H]1O[C@@H](n2cnc3c(=O)[nH]c(=O)[nH]c32)[C@]2(O)O[C@H]12,False,C13H16N4O7,340.1019,24
Cc1nc2c(=O)[nH]c(=O)[nH]c2n1[C@@H]1O[C@H](COC(C)O)[C@H]2O[C@]21O,False,C13H16N4O7,340.1019,24
CC(O)OC[C@]1(O)[C@H]2CO[C@@]1(n1cnc3c(=O)[nH]c(=O)[nH]c31)O2,False,C12H14N4O7,326.0862,23
CC(O)OC[C@@]12CO[C@@](n3cnc4c(=O)[nH]c(=O)[nH]c43)(O1)[C@@H]2O,False,C12H14N4O7,326.0862,23
CC(O)OCc1nc2c(=O)[nH]c(=O)[nH]c2n1[C@]12OC[C@@H](O1)[C@H]2O,False,C12H14N4O7,326.0862,23
O=COC[C@H]1O[C@@]2(n3cnc4c(=O)[nH]c(=O)[nH]c43)O[C@H]1[C@H]2O,False,C11H10N4O7,310.0549,22
COC(C)OC[C@H]1O[C@@]2(n3cnc4c(=O)[nH]c(=O)[nH]c43)O[C@H]1[C@H]2O,False,C13H16N4O7,340.1019,24
CC(C)(O)OC[C@H]1O[C@@]2(n3cnc4c(=O)[nH]c(=O)[nH]c43)O[C@H]1[C@H]2O,False,C13H16N4O7,340.1019,24
CCC(O)OC[C@H]1O[C@@]2(n3cnc4c(=O)[nH]c(=O)[nH]c43)O[C@H]1[C@H]2O,False,C13H16N4O7,340.1019,24
CC(=O)OC(C)OC[C@H]1O[C@@]2(n3cnc4c(=O)[nH]c(=O)[nH]c43)O[C@H]1[C@H]2O,False,C14H16N4O8,368.0968,26
CC(=O)O[C@@H]1[C@@H]2O[C@]1(n1cnc3c(=O)[nH]c(=O)[nH]c31)O[C@@H]2COC(C)O,False,C14H16N4O8,368.0968,26
CC(O)(OC[C@H]1O[C@@]2(n3cnc4c(=O)[nH]c(=O)[nH]c43)O[C@H]1[C@H]2O)C(=O)O,False,C13H14N4O9,370.0761,26
O=C(O)CC(O)OC[C@H]1O[C@@]2(n3cnc4c(=O)[nH]c(=O)[nH]c43)O[C@H]1[C@H]2O,False,C13H14N4O9,370.0761,26
CC(Cl)OC[C@H]1O[C@@]2(n3cnc4c(=O)[nH]c(=O)[nH]c43)O[C@H]1[C@H]2O,False,C12H13ClN4O6,344.0524,23
CC(O)(O)OC[C@H]1O[C@@]2(n3cnc4c(=O)[nH]c(=O)[nH]c43)O[C@H]1[C@H]2O,False,C12H14N4O8,342.0812,24
O=c1[nH]c(=O)c2ncn([C@]34O[C@@H]([C@H]3O)[C@@H](COC(O)CO)O4)c2[nH]1,False,C12H14N4O8,342.0812,24
CCOC[C@H]1O[C@@]2(n3cnc4c(=O)[nH]c(=O)[nH]c43)O[C@H]1[C@H]2O,False,C12H14N4O6,310.0913,22
CC(O)OC(=O)[C@H]1O[C@@]2(n3cnc4c(=O)[nH]c(=O)[nH]c43)O[C@H]1[C@H]2O,False,C12H12N4O8,340.0655,24
CC(O)OC[C@H]1O[C@@]2(n3cnc4c(=O)[nH]c(=O)[nH]c43)O[C@H]1[C@H]2OC(C)O,False,C14H18N4O8,370.1125,26
CC(O)OC(C)OC[C@H]1O[C@@]2(n3cnc4c(=O)[nH]c(=O)[nH]c43)O[C@H]1[C@H]2O,False,C14H18N4O8,370.1125,26
CC(O)OC[C@H]1O[C@@]2(n3cnc4c(=O)[nH]c(=O)[nH]c43)O[C@H]1[C@]2(C)O,False,C13H16N4O7,340.1019,24
CC(O)OC[C@]1(C)O[C@@]2(n3cnc4c(=O)[nH]c(=O)[nH]c43)O[C@H]1[C@H]2O,False,C13H16N4O7,340.1019,24
CC(O)OC[C@H]1O[C@@]2(n3cnc4c(=O)[nH]c(=O)[nH]c43)O[C@]1(C)[C@H]2O,False,C13H16N4O7,340.1019,24
Cc1nc2c(=O)[nH]c(=O)[nH]c2n1[C@]12O[C@@H]([C@H]1O)[C@@H](COC(C)O)O2,False,C13H16N4O7,340.1019,24
CC(O)OC(C)[C@H]1O[C@@]2(n3cnc4c(=O)[nH]c(=O)[nH]c43)O[C@H]1[C@H]2O,False,C13H16N4O7,340.1019,24
CC(O)OC[C@@]12O[C@]1(n1cnc3c(=O)[nH]c(=O)[nH]c31)OC[C@H]2O,False,C12H14N4O7,326.0862,23
CC(O)OC[C@]1(O)CO[C@@]2(n3cnc4c(=O)[nH]c(=O)[nH]c43)O[C@H]12,False,C12H14N4O7,326.0862,23
CC(O)OCc1nc2c(=O)[nH]c(=O)[nH]c2n1[C@@]12OC[C@@H](O)[C@H]1O2,False,C12H14N4O7,326.0862,23
O=COC[C@H]1O[C@@]2(n3cnc4c(=O)[nH]c(=O)[nH]c43)O[C@@H]2[C@@H]1O,False,C11H10N4O7,310.0549,22
COC(C)OC[C@H]1O[C@@]2(n3cnc4c(=O)[nH]c(=O)[nH]c43)O[C@@H]2[C@@H]1O,False,C13H16N4O7,340.1019,24
CC(C)(O)OC[C@H]1O[C@@]2(n3cnc4c(=O)[nH]c(=O)[nH]c43)O[C@@H]2[C@@H]1O,False,C13H16N4O7,340.1019,24
CCC(O)OC[C@H]1O[C@@]2(n3cnc4c(=O)[nH]c(=O)[nH]c43)O[C@@H]2[C@@H]1O,False,C13H16N4O7,340.1019,24
CC(=O)OC(C)OC[C@H]1O[C@@]2(n3cnc4c(=O)[nH]c(=O)[nH]c43)O[C@@H]2[C@@H]1O,False,C14H16N4O8,368.0968,26
CC(=O)O[C@H]1[C@H]2O[C@]2(n2cnc3c(=O)[nH]c(=O)[nH]c32)O[C@@H]1COC(C)O,False,C14H16N4O8,368.0968,26
CC(O)(OC[C@H]1O[C@@]2(n3cnc4c(=O)[nH]c(=O)[nH]c43)O[C@@H]2[C@@H]1O)C(=O)O,False,C13H14N4O9,370.0761,26
O=C(O)CC(O)OC[C@H]1O[C@@]2(n3cnc4c(=O)[nH]c(=O)[nH]c43)O[C@@H]2[C@@H]1O,False,C13H14N4O9,370.0761,26
CC(Cl)OC[C@H]1O[C@@]2(n3cnc4c(=O)[nH]c(=O)[nH]c43)O[C@@H]2[C@@H]1O,False,C12H13ClN4O6,344.0524,23
CC(O)(O)OC[C@H]1O[C@@]2(n3cnc4c(=O)[nH]c(=O)[nH]c43)O[C@@H]2[C@@H]1O,False,C12H14N4O8,342.0812,24
O=c1[nH]c(=O)c2ncn([C@]34O[C@@H]3[C@H](O)[C@@H](COC(O)CO)O4)c2[nH]1,False,C12H14N4O8,342.0812,24
CC(O)OC[C@H]1O[C@](O)(n2cnc3c(=O)[nH]c(=O)[nH]c32)[C@H](O)[C@@H]1O,False,C12H16N4O8,344.0968,24
CCOC[C@H]1O[C@@]2(n3cnc4c(=O)[nH]c(=O)[nH]c43)O[C@@H]2[C@@H]1O,False,C12H14N4O6,310.0913,22
CC(O)OC(=O)[C@H]1O[C@@]2(n3cnc4c(=O)[nH]c(=O)[nH]c43)O[C@@H]2[C@@H]1O,False,C12H12N4O8,340.0655,24
CC(O)OC[C@H]1O[C@@]2(n3cnc4c(=O)[nH]c(=O)[nH]c43)O[C@@H]2[C@@H]1OC(C)O,False,C14H18N4O8,370.1125,26
CC(O)OC(C)OC[C@H]1O[C@@]2(n3cnc4c(=O)[nH]c(=O)[nH]c43)O[C@@H]2[C@@H]1O,False,C14H18N4O8,370.1125,26
CC(O)OC[C@H]1O[C@@]2(n3cnc4c(=O)[nH]c(=O)[nH]c43)O[C@@]2(C)[C@@H]1O,False,C13H16N4O7,340.1019,24
CC(O)OC[C@]1(C)O[C@@]2(n3cnc4c(=O)[nH]c(=O)[nH]c43)O[C@@H]2[C@@H]1O,False,C13H16N4O7,340.1019,24
CC(O)OC[C@H]1O[C@@]2(n3cnc4c(=O)[nH]c(=O)[nH]c43)O[C@@H]2[C@@]1(C)O,False,C13H16N4O7,340.1019,24
Cc1nc2c(=O)[nH]c(=O)[nH]c2n1[C@]12O[C@@H]1[C@H](O)[C@@H](COC(C)O)O2,False,C13H16N4O7,340.1019,24
CC(O)OC(C)[C@H]1O[C@@]2(n3cnc4c(=O)[nH]c(=O)[nH]c43)O[C@@H]2[C@@H]1O,False,C13H16N4O7,340.1019,24
CC(O)OC[C@]1(O)[C@H]2CO[C@H]1n1c(nc3c(=O)[nH]c(=O)[nH]c31)O2,False,C12H14N4O7,326.0862,23
CC(O)OC[C@]12CO[C@H]([C@@H]1O)n1c(nc3c(=O)[nH]c(=O)[nH]c31)O2,False,C12H14N4O7,326.0862,23
O=COC[C@H]1O[C@@H]2[C@H](O)[C@@H]1Oc1nc3c(=O)[nH]c(=O)[nH]c3n12,False,C11H10N4O7,310.0549,22
COC(C)OC[C@H]1O[C@@H]2[C@H](O)[C@@H]1Oc1nc3c(=O)[nH]c(=O)[nH]c3n12,False,C13H16N4O7,340.1019,24
CC(C)(O)OC[C@H]1O[C@@H]2[C@H](O)[C@@H]1Oc1nc3c(=O)[nH]c(=O)[nH]c3n12,False,C13H16N4O7,340.1019,24
CCC(O)OC[C@H]1O[C@@H]2[C@H](O)[C@@H]1Oc1nc3c(=O)[nH]c(=O)[nH]c3n12,False,C13H16N4O7,340.1019,24
CC(=O)OC(C)OC[C@H]1O[C@@H]2[C@H](O)[C@@H]1Oc1nc3c(=O)[nH]c(=O)[nH]c3n12,False,C14H16N4O8,368.0968,26
CC(=O)O[C@@H]1[C@@H]2Oc3nc4c(=O)[nH]c(=O)[nH]c4n3[C@@H]1O[C@@H]2COC(C)O,False,C14H16N4O8,368.0968,26
CC(O)(OC[C@H]1O[C@@H]2[C@H](O)[C@@H]1Oc1nc3c(=O)[nH]c(=O)[nH]c3n12)C(=O)O,False,C13H14N4O9,370.0761,26
O=C(O)CC(O)OC[C@H]1O[C@@H]2[C@H](O)[C@@H]1Oc1nc3c(=O)[nH]c(=O)[nH]c3n12,False,C13H14N4O9,370.0761,26
CC(Cl)OC[C@H]1O[C@@H]2[C@H](O)[C@@H]1Oc1nc3c(=O)[nH]c(=O)[nH]c3n12,False,C12H13ClN4O6,344.0524,23
CC(O)(O)OC[C@H]1O[C@@H]2[C@H](O)[C@@H]1Oc1nc3c(=O)[nH]c(=O)[nH]c3n12,False,C12H14N4O8,342.0812,24
O=c1[nH]c(=O)c2nc3n(c2[nH]1)[C@@H]1O[C@H](COC(O)CO)[C@@H](O3)[C@H]1O,False,C12H14N4O8,342.0812,24
CCOC[C@H]1O[C@@H]2[C@H](O)[C@@H]1Oc1nc3c(=O)[nH]c(=O)[nH]c3n12,False,C12H14N4O6,310.0913,22
CC(O)OC(=O)[C@H]1O[C@@H]2[C@H](O)[C@@H]1Oc1nc3c(=O)[nH]c(=O)[nH]c3n12,False,C12H12N4O8,340.0655,24
CC(O)OC[C@H]1O[C@@H]2[C@H](OC(C)O)[C@@H]1Oc1nc3c(=O)[nH]c(=O)[nH]c3n12,False,C14H18N4O8,370.1125,26
CC(O)OC(C)OC[C@H]1O[C@@H]2[C@H](O)[C@@H]1Oc1nc3c(=O)[nH]c(=O)[nH]c3n12,False,C14H18N4O8,370.1125,26
CC(O)OC[C@H]1O[C@@]2(C)[C@H](O)[C@@H]1Oc1nc3c(=O)[nH]c(=O)[nH]c3n12,False,C13H16N4O7,340.1019,24
CC(O)OC[C@H]1O[C@H]2n3c(nc4c(=O)[nH]c(=O)[nH]c43)O[C@H]1[C@]2(C)O,False,C13H16N4O7,340.1019,24
CC(O)OC[C@]1(C)O[C@@H]2[C@H](O)[C@@H]1Oc1nc3c(=O)[nH]c(=O)[nH]c3n12,False,C13H16N4O7,340.1019,24
CC(O)OC[C@H]1O[C@@H]2[C@H](O)[C@@]1(C)Oc1nc3c(=O)[nH]c(=O)[nH]c3n12,False,C13H16N4O7,340.1019,24
CC(O)OC(C)[C@H]1O[C@@H]2[C@H](O)[C@@H]1Oc1nc3c(=O)[nH]c(=O)[nH]c3n12,False,C13H16N4O7,340.1019,24
CC(O)OC[C@@]12Oc3nc4c(=O)[nH]c(=O)[nH]c4n3[C@@H]1OC[C@H]2O,False,C12H14N4O7,326.0862,23
CC(O)OC[C@]1(O)CO[C@@H]2[C@@H]1Oc1nc3c(=O)[nH]c(=O)[nH]c3n12,False,C12H14N4O7,326.0862,23
O=COC[C@H]1O[C@@H]2[C@H](Oc3nc4c(=O)[nH]c(=O)[nH]c4n32)[C@@H]1O,False,C11H10N4O7,310.0549,22
COC(C)OC[C@H]1O[C@@H]2[C@H](Oc3nc4c(=O)[nH]c(=O)[nH]c4n32)[C@@H]1O,False,C13H16N4O7,340.1019,24
CC(C)(O)OC[C@H]1O[C@@H]2[C@H](Oc3nc4c(=O)[nH]c(=O)[nH]c4n32)[C@@H]1O,False,C13H16N4O7,340.1019,24
CCC(O)OC[C@H]1O[C@@H]2[C@H](Oc3nc4c(=O)[nH]c(=O)[nH]c4n32)[C@@H]1O,False,C13H16N4O7,340.1019,24
CC(=O)OC(C)OC[C@H]1O[C@@H]2[C@H](Oc3nc4c(=O)[nH]c(=O)[nH]c4n32)[C@@H]1O,False,C14H16N4O8,368.0968,26
CC(=O)O[C@H]1[C@H]2Oc3nc4c(=O)[nH]c(=O)[nH]c4n3[C@@H]2O[C@@H]1COC(C)O,False,C14H16N4O8,368.0968,26
CC(O)(OC[C@H]1O[C@@H]2[C@H](Oc3nc4c(=O)[nH]c(=O)[nH]c4n32)[C@@H]1O)C(=O)O,False,C13H14N4O9,370.0761,26
O=C(O)CC(O)OC[C@H]1O[C@@H]2[C@H](Oc3nc4c(=O)[nH]c(=O)[nH]c4n32)[C@@H]1O,False,C13H14N4O9,370.0761,26
CC(Cl)OC[C@H]1O[C@@H]2[C@H](Oc3nc4c(=O)[nH]c(=O)[nH]c4n32)[C@@H]1O,False,C12H13ClN4O6,344.0524,23
CC(O)(O)OC[C@H]1O[C@@H]2[C@H](Oc3nc4c(=O)[nH]c(=O)[nH]c4n32)[C@@H]1O,False,C12H14N4O8,342.0812,24
O=c1[nH]c(=O)c2nc3n(c2[nH]1)[C@@H]1O[C@H](COC(O)CO)[C@@H](O)[C@H]1O3,False,C12H14N4O8,342.0812,24
CCOC[C@H]1O[C@@H]2[C@H](Oc3nc4c(=O)[nH]c(=O)[nH]c4n32)[C@@H]1O,False,C12H14N4O6,310.0913,22
CC(O)OC(=O)[C@H]1O[C@@H]2[C@H](Oc3nc4c(=O)[nH]c(=O)[nH]c4n32)[C@@H]1O,False,C12H12N4O8,340.0655,24
CC(O)OC[C@H]1O[C@@H]2[C@H](Oc3nc4c(=O)[nH]c(=O)[nH]c4n32)[C@@H]1OC(C)O,False,C14H18N4O8,370.1125,26
CC(O)OC(C)OC[C@H]1O[C@@H]2[C@H](Oc3nc4c(=O)[nH]c(=O)[nH]c4n32)[C@@H]1O,False,C14H18N4O8,370.1125,26
CC(O)OC[C@H]1O[C@@]2(C)[C@H](Oc3nc4c(=O)[nH]c(=O)[nH]c4n32)[C@@H]1O,False,C13H16N4O7,340.1019,24
CC(O)OC[C@H]1O[C@H]2n3c(nc4c(=O)[nH]c(=O)[nH]c43)O[C@@]2(C)[C@@H]1O,False,C13H16N4O7,340.1019,24
CC(O)OC[C@]1(C)O[C@@H]2[C@H](Oc3nc4c(=O)[nH]c(=O)[nH]c4n32)[C@@H]1O,False,C13H16N4O7,340.1019,24
CC(O)OC[C@H]1O[C@@H]2[C@H](Oc3nc4c(=O)[nH]c(=O)[nH]c4n32)[C@@]1(C)O,False,C13H16N4O7,340.1019,24
CC(O)OC(C)[C@H]1O[C@@H]2[C@H](Oc3nc4c(=O)[nH]c(=O)[nH]c4n32)[C@@H]1O,False,C13H16N4O7,340.1019,24
CC(OCO)[C@H]1O[C@@H](n2cnc3c(=O)[nH]c(=O)[nH]c32)[C@H](O)[C@@H]1O,False,C12H16N4O7,328.1019,23
C[C@@]1(COCO)O[C@@H](n2cnc3c(=O)[nH]c(=O)[nH]c32)[C@H](O)[C@@H]1O,False,C12H16N4O7,328.1019,23
C[C@]1(O)[C@@H](COCO)O[C@@H](n2cnc3c(=O)[nH]c(=O)[nH]c32)[C@@H]1O,False,C12H16N4O7,328.1019,23
C[C@]1(O)[C@H](O)[C@@H](COCO)O[C@H]1n1cnc2c(=O)[nH]c(=O)[nH]c21,False,C12H16N4O7,328.1019,23
C[C@]1(n2cnc3c(=O)[nH]c(=O)[nH]c32)O[C@H](COCO)[C@@H](O)[C@H]1O,False,C12H16N4O7,328.1019,23
Cc1nc2c(=O)[nH]c(=O)[nH]c2n1[C@@H]1O[C@H](COCO)[C@@H](O)[C@H]1O,False,C12H16N4O7,328.1019,23
COC(C)OC[C@H]1O[C@@H](n2cnc3c(=O)[nH]c(=O)[nH]c32)[C@H](O)[C@@H]1O,False,C13H18N4O7,342.1175,24
CC(C)(O)OC[C@H]1O[C@@H](n2cnc3c(=O)[nH]c(=O)[nH]c32)[C@H](O)[C@@H]1O,False,C13H18N4O7,342.1175,24
CCC(O)OC[C@H]1O[C@@H](n2cnc3c(=O)[nH]c(=O)[nH]c32)[C@H](O)[C@@H]1O,False,C13H18N4O7,342.1175,24
CC(=O)OC(C)OC[C@H]1O[C@@H](n2cnc3c(=O)[nH]c(=O)[nH]c32)[C@H](O)[C@@H]1O,False,C14H18N4O8,370.1125,26
CC(=O)O[C@H]1[C@@H](O)[C@H](n2cnc3c(=O)[nH]c(=O)[nH]c32)O[C@@H]1COC(C)O,False,C14H18N4O8,370.1125,26
CC(=O)O[C@@H]1[C@H](O)[C@@H](COC(C)O)O[C@H]1n1cnc2c(=O)[nH]c(=O)[nH]c21,False,C14H18N4O8,370.1125,26
CC(O)(OC[C@H]1O[C@@H](n2cnc3c(=O)[nH]c(=O)[nH]c32)[C@H](O)[C@@H]1O)C(=O)O,False,C13H16N4O9,372.0917,26
O=C(O)CC(O)OC[C@H]1O[C@@H](n2cnc3c(=O)[nH]c(=O)[nH]c32)[C@H](O)[C@@H]1O,False,C13H16N4O9,372.0917,26
CC(Cl)OC[C@H]1O[C@@H](n2cnc3c(=O)[nH]c(=O)[nH]c32)[C@H](O)[C@@H]1O,False,C12H15ClN4O6,346.068,23
CC(O)(O)OC[C@H]1O[C@@H](n2cnc3c(=O)[nH]c(=O)[nH]c32)[C@H](O)[C@@H]1O,False,C12H16N4O8,344.0968,24
CC(O)OC(=O)[C@H]1O[C@@H](n2cnc3c(=O)[nH]c(=O)[nH]c32)[C@H](O)[C@@H]1O,False,C12H14N4O8,342.0812,24
CC(O)OC[C@H]1O[C@@H](n2cnc3c(=O)[nH]c(=O)[nH]c32)[C@H](O)[C@@H]1OC(C)O,False,C14H20N4O8,372.1281,26
CC(O)OC[C@H]1O[C@@H](n2cnc3c(=O)[nH]c(=O)[nH]c32)[C@H](OC(C)O)[C@@H]1O,False,C14H20N4O8,372.1281,26
CC(O)OC(C)OC[C@H]1O[C@@H](n2cnc3c(=O)[nH]c(=O)[nH]c32)[C@H](O)[C@@H]1O,False,C14H20N4O8,372.1281,26
O=c1[nH]c(=O)c2ncn([C@@H]3O[C@H](COCO)[C@@H](O)[C@H]3O)c2[nH]1,False,C11H14N4O7,314.0862,22
CC(O)OC(C)[C@H]1O[C@@H](n2cnc3c(=O)[nH]c(=O)[nH]c32)[C@H](O)[C@@H]1O,False,C13H18N4O7,342.1175,24
CC(O)OC[C@]1(C)O[C@@H](n2cnc3c(=O)[nH]c(=O)[nH]c32)[C@H](O)[C@@H]1O,False,C13H18N4O7,342.1175,24
CC(O)OC[C@H]1O[C@@H](n2cnc3c(=O)[nH]c(=O)[nH]c32)[C@H](O)[C@@]1(C)O,False,C13H18N4O7,342.1175,24
CC(O)OC[C@H]1O[C@@H](n2cnc3c(=O)[nH]c(=O)[nH]c32)[C@@](C)(O)[C@@H]1O,False,C13H18N4O7,342.1175,24
CC(O)OC[C@H]1O[C@](C)(n2cnc3c(=O)[nH]c(=O)[nH]c32)[C@H](O)[C@@H]1O,False,C13H18N4O7,342.1175,24
Cc1nc2c(=O)[nH]c(=O)[nH]c2n1[C@@H]1O[C@H](COC(C)O)[C@@H](O)[C@H]1O,False,C13H18N4O7,342.1175,24
CCOC[C@H]1O[C@@H](n2cnc3c(=O)[nH]c(=O)[nH]c32)[C@H](O)[C@@H]1OP(=O)(O)O,False,C12H17N4O9P,392.0733,26
CCOC[C@H]1O[C@@H](n2cnc3c(=O)[nH]c(=O)[nH]c32)[C@H](OP(=O)(O)O)[C@@H]1O,False,C12H17N4O9P,392.0733,26
CCOC[C@H]1O[C@@H](n2cnc3c(=O)[nH]c(=O)[nH]c32)[C@H](O)[C@@H]1OS(=O)(=O)O,False,C12H16N4O9S,392.0638,26
CCOC[C@H]1O[C@@H](n2cnc3c(=O)[nH]c(=O)[nH]c32)[C@H](OS(=O)(=O)O)[C@@H]1O,False,C12H16N4O9S,392.0638,26
CC(C)OC[C@H]1O[C@@H](n2cnc3c(=O)[nH]c(=O)[nH]c32)[C@H](O)[C@@H]1O,False,C13H18N4O6,326.1226,23
CCCOC[C@H]1O[C@@H](n2cnc3c(=O)[nH]c(=O)[nH]c32)[C@H](O)[C@@H]1O,False,C13H18N4O6,326.1226,23
CC(OC[C@H]1O[C@@H](n2cnc3c(=O)[nH]c(=O)[nH]c32)[C@H](O)[C@@H]1O)C(=O)O,False,C13H16N4O8,356.0968,25
O=C(O)CCOC[C@H]1O[C@@H](n2cnc3c(=O)[nH]c(=O)[nH]c32)[C@H](O)[C@@H]1O,False,C13H16N4O8,356.0968,25
O=c1[nH]c(=O)c2ncn([C@@H]3O[C@H](COCCO)[C@@H](O)[C@H]3O)c2[nH]1,False,C12H16N4O7,328.1019,23
CC=O,False,C2H4O,44.0262,3
CCO,False,C2H6O,46.0419,3
CCOC(=O)[C@H]1O[C@@H](n2cnc3c(=O)[nH]c(=O)[nH]c32)[C@H](O)[C@@H]1O,False,C12H14N4O7,326.0862,23
CCOC[C@H]1O[C@@H](n2cnc3c(=O)[nH]c(=O)[nH]c32)[C@H](O)[C@@H]1OCC,False,C14H20N4O6,340.1383,24
CCOC[C@H]1O[C@@H](n2cnc3c(=O)[nH]c(=O)[nH]c32)[C@H](OCC)[C@@H]1O,False,C14H20N4O6,340.1383,24
CCOC(C)[C@H]1O[C@@H](n2cnc3c(=O)[nH]c(=O)[nH]c32)[C@H](O)[C@@H]1O,False,C13H18N4O6,326.1226,23
CCOC[C@]1(C)O[C@@H](n2cnc3c(=O)[nH]c(=O)[nH]c32)[C@H](O)[C@@H]1O,False,C13H18N4O6,326.1226,23
CCOC[C@H]1O[C@@H](n2cnc3c(=O)[nH]c(=O)[nH]c32)[C@H](O)[C@@]1(C)O,False,C13H18N4O6,326.1226,23
CCOC[C@H]1O[C@@H](n2cnc3c(=O)[nH]c(=O)[nH]c32)[C@@](C)(O)[C@@H]1O,False,C13H18N4O6,326.1226,23
CCOC[C@H]1O[C@](C)(n2cnc3c(=O)[nH]c(=O)[nH]c32)[C@H](O)[C@@H]1O,False,C13H18N4O6,326.1226,23
CCOC[C@H]1O[C@@H](n2c(C)nc3c(=O)[nH]c(=O)[nH]c32)[C@H](O)[C@@H]1O,False,C13H18N4O6,326.1226,23
CC[C@@]1(COC=O)O[C@@H](n2cnc3c(=O)[nH]c(=O)[nH]c32)[C@H](O)[C@@H]1O,False,C13H16N4O7,340.1019,24
CC[C@]1(O)[C@@H](COC=O)O[C@@H](n2cnc3c(=O)[nH]c(=O)[nH]c32)[C@@H]1O,False,C13H16N4O7,340.1019,24
CC[C@]1(O)[C@H](O)[C@@H](COC=O)O[C@H]1n1cnc2c(=O)[nH]c(=O)[nH]c21,False,C13H16N4O7,340.1019,24
CC[C@]1(n2cnc3c(=O)[nH]c(=O)[nH]c32)O[C@H](COC=O)[C@@H](O)[C@H]1O,False,C13H16N4O7,340.1019,24
CCc1nc2c(=O)[nH]c(=O)[nH]c2n1[C@@H]1O[C@H](COC=O)[C@@H](O)[C@H]1O,False,C13H16N4O7,340.1019,24
CC1O[C@H]2[C@@H](O)[C@H](n3cnc4c(=O)[nH]c(=O)[nH]c43)O[C@@H]2COC1O,False,C13H16N4O7,340.1019,24
CC1O[C@@H]2[C@H](O)[C@@H](COC1O)O[C@H]2n1cnc2c(=O)[nH]c(=O)[nH]c21,False,C13H16N4O7,340.1019,24
O=c1[nH]c(=O)c2ncn([C@@H]3O[C@@H]4COC(O)CCO[C@H]4[C@H]3O)c2[nH]1,False,C13H16N4O7,340.1019,24
O=c1[nH]c(=O)c2ncn([C@@H]3O[C@@H]4COC(O)CCO[C@@H]3[C@@H]4O)c2[nH]1,False,C13H16N4O7,340.1019,24
C=CC(=O)OC[C@H]1O[C@@H](n2cnc3c(=O)[nH]c(=O)[nH]c32)[C@H](O)[C@@H]1O,False,C13H14N4O7,338.0862,24
CC(C)C(=O)OC[C@H]1O[C@@H](n2cnc3c(=O)[nH]c(=O)[nH]c32)[C@H](O)[C@@H]1O,False,C14H18N4O7,354.1175,25
CCCC(=O)OC[C@H]1O[C@@H](n2cnc3c(=O)[nH]c(=O)[nH]c32)[C@H](O)[C@@H]1O,False,C14H18N4O7,354.1175,25
CCC(=O)O,False,C3H6O2,74.0368,5
CCC(=O)OC[C@H]1O[C@@H](n2cnc3c(=O)[nH]c(=O)[nH]c32)[C@H](O)[C@@H]1OC(C)=O,False,C15H18N4O8,382.1125,27
CCC(=O)OC[C@H]1O[C@@H](n2cnc3c(=O)[nH]c(=O)[nH]c32)[C@H](OC(C)=O)[C@@H]1O,False,C15H18N4O8,382.1125,27
O=C(O)CCC(=O)OC[C@H]1O[C@@H](n2cnc3c(=O)[nH]c(=O)[nH]c32)[C@H](O)[C@@H]1O,False,C14H16N4O9,384.0917,27
CC(C(=O)O)C(=O)OC[C@H]1O[C@@H](n2cnc3c(=O)[nH]c(=O)[nH]c32)[C@H](O)[C@@H]1O,False,C14H16N4O9,384.0917,27
CCC(O)(C#N)OC[C@H]1O[C@@H](n2cnc3c(=O)[nH]c(=O)[nH]c32)[C@H](O)[C@@H]1O,False,C14H17N5O7,367.1128,26
CCC(N)OC[C@H]1O[C@@H](n2cnc3c(=O)[nH]c(=O)[nH]c32)[C@H](O)[C@@H]1O,False,C13H19N5O6,341.1335,24
CC(O)C(=O)OC[C@H]1O[C@@H](n2cnc3c(=O)[nH]c(=O)[nH]c32)[C@H](O)[C@@H]1O,False,C13H16N4O8,356.0968,25
O=C(CCO)OC[C@H]1O[C@@H](n2cnc3c(=O)[nH]c(=O)[nH]c32)[C@H](O)[C@@H]1O,False,C13H16N4O8,356.0968,25
CCOC(=O)OC[C@H]1O[C@@H](n2cnc3c(=O)[nH]c(=O)[nH]c32)[C@H](O)[C@@H]1O,False,C13H16N4O8,356.0968,25
O=C(CCS(=O)O)OC[C@H]1O[C@@H](n2cnc3c(=O)[nH]c(=O)[nH]c32)[C@H](O)[C@@H]1O,False,C13H16N4O9S,404.0638,27
CC(O)C(O)OC[C@H]1O[C@@H](n2cnc3c(=O)[nH]c(=O)[nH]c32)[C@H](O)[C@@H]1O,False,C13H18N4O8,358.1125,25
O=c1[nH]c(=O)c2ncn([C@@H]3O[C@H](COC(O)CCO)[C@@H](O)[C@H]3O)c2[nH]1,False,C13H18N4O8,358.1125,25
CC,False,C2H6,30.047,2
O=C(O)OC[C@H]1O[C@@H](n2cnc3c(=O)[nH]c(=O)[nH]c32)[C@H](O)[C@@H]1O,False,C11H12N4O8,328.0655,23
CCC(=O)C[C@H]1O[C@@H](n2cnc3c(=O)[nH]c(=O)[nH]c32)[C@H](O)[C@@H]1O,False,C13H16N4O6,324.107,23
CCC(=O)OC(=O)[C@H]1O[C@@H](n2cnc3c(=O)[nH]c(=O)[nH]c32)[C@H](O)[C@@H]1O,False,C13H14N4O8,354.0812,25
CCCCC(=O)OC[C@H]1O[C@@H](n2cnc3c(=O)[nH]c(=O)[nH]c32)[C@H](O)[C@@H]1O,False,C15H20N4O7,368.1332,26
CCC(C)C(=O)OC[C@H]1O[C@@H](n2cnc3c(=O)[nH]c(=O)[nH]c32)[C@H](O)[C@@H]1O,False,C15H20N4O7,368.1332,26
CCC(=O)OC(C)[C@H]1O[C@@H](n2cnc3c(=O)[nH]c(=O)[nH]c32)[C@H](O)[C@@H]1O,False,C14H18N4O7,354.1175,25
CCC(=O)OC(CC)[C@H]1O[C@@H](n2cnc3c(=O)[nH]c(=O)[nH]c32)[C@H](O)[C@@H]1O,False,C15H20N4O7,368.1332,26
CCC(=O)OC[C@]1(C)O[C@@H](n2cnc3c(=O)[nH]c(=O)[nH]c32)[C@H](O)[C@@H]1O,False,C14H18N4O7,354.1175,25
CCC(=O)OC[C@]1(CC)O[C@@H](n2cnc3c(=O)[nH]c(=O)[nH]c32)[C@H](O)[C@@H]1O,False,C15H20N4O7,368.1332,26
CCC(=O)OC[C@H]1O[C@@H](n2cnc3c(=O)[nH]c(=O)[nH]c32)[C@H](O)[C@@]1(C)O,False,C14H18N4O7,354.1175,25
CCC(=O)OC[C@H]1O[C@@H](n2cnc3c(=O)[nH]c(=O)[nH]c32)[C@H](O)[C@]1(O)CC,False,C15H20N4O7,368.1332,26
CCC(=O)OC[C@H]1O[C@@H](n2cnc3c(=O)[nH]c(=O)[nH]c32)[C@@](C)(O)[C@@H]1O,False,C14H18N4O7,354.1175,25
CCC(=O)OC[C@H]1O[C@@H](n2cnc3c(=O)[nH]c(=O)[nH]c32)[C@](O)(CC)[C@@H]1O,False,C15H20N4O7,368.1332,26
CCC(=O)OC[C@H]1O[C@](C)(n2cnc3c(=O)[nH]c(=O)[nH]c32)[C@H](O)[C@@H]1O,False,C14H18N4O7,354.1175,25
CCC(=O)OC[C@H]1O[C@](CC)(n2cnc3c(=O)[nH]c(=O)[nH]c32)[C@H](O)[C@@H]1O,False,C15H20N4O7,368.1332,26
CCC(=O)OC[C@H]1O[C@@H](n2c(C)nc3c(=O)[nH]c(=O)[nH]c32)[C@H](O)[C@@H]1O,False,C14H18N4O7,354.1175,25
CCC(=O)OC[C@H]1O[C@@H](n2c(CC)nc3c(=O)[nH]c(=O)[nH]c32)[C@H](O)[C@@H]1O,False,C15H20N4O7,368.1332,26
CCC(=O)O[C@H]1[C@@H](O)[C@H](n2cnc3c(=O)[nH]c(=O)[nH]c32)O[C@@H]1COC=O,False,C14H16N4O8,368.0968,26
CC(=O)OC[C@H]1O[C@@H](n2cnc3c(=O)[nH]c(=O)[nH]c32)[C@H](O)[C@@]1(C)OC=O,False,C14H16N4O8,368.0968,26
CC(=O)OC[C@]1(C)O[C@@H](n2cnc3c(=O)[nH]c(=O)[nH]c32)[C@H](O)[C@@H]1OC=O,False,C14H16N4O8,368.0968,26
CC(=O)OC[C@H]1O[C@@H](n2cnc3c(=O)[nH]c(=O)[nH]c32)[C@@](C)(O)[C@@H]1OC=O,False,C14H16N4O8,368.0968,26
CC(=O)OC(C)[C@H]1O[C@@H](n2cnc3c(=O)[nH]c(=O)[nH]c32)[C@H](O)[C@@H]1OC=O,False,C14H16N4O8,368.0968,26
CC(=O)OC[C@H]1O[C@](C)(n2cnc3c(=O)[nH]c(=O)[nH]c32)[C@H](O)[C@@H]1OC=O,False,C14H16N4O8,368.0968,26
CC(=O)OC[C@H]1O[C@@H](n2c(C)nc3c(=O)[nH]c(=O)[nH]c32)[C@H](O)[C@@H]1OC=O,False,C14H16N4O8,368.0968,26
CCC(=O)OC[C@H]1O[C@@H](n2cnc3c(=O)[nH]c(=O)[nH]c32)[C@H](O)[C@@H]1OC=O,False,C14H16N4O8,368.0968,26
CC(=O)OC[C@H]1O[C@@H](n2cnc3c(=O)[nH]c(=O)[nH]c32)[C@@H]2OCC(O)O[C@@H]21,False,C14H16N4O8,368.0968,26
CC(O)OC[C@H]1O[C@@H](n2cnc3c(=O)[nH]c(=O)[nH]c32)[C@@H]2OCC(=O)O[C@@H]21,False,C14H16N4O8,368.0968,26
CC(=O)OC[C@H]1O[C@@H](n2cnc3c(=O)[nH]c(=O)[nH]c32)[C@@H]2O[C@]12OC(C)O,False,C14H16N4O8,368.0968,26
CC(=O)OC[C@]12O[C@@H]([C@H](n3cnc4c(=O)[nH]c(=O)[nH]c43)O1)[C@@H]2OC(C)O,False,C14H16N4O8,368.0968,26
CC(=O)OC1O[C@@H]2[C@H](OC(C)O)[C@@H]1O[C@H]2n1cnc2c(=O)[nH]c(=O)[nH]c21,False,C14H16N4O8,368.0968,26
CC(=O)OC[C@H]1O[C@@]2(n3cnc4c(=O)[nH]c(=O)[nH]c43)O[C@@H]2[C@@H]1OC(C)O,False,C14H16N4O8,368.0968,26
CC(=O)OC[C@H]1O[C@@H]2[C@H](Oc3nc4c(=O)[nH]c(=O)[nH]c4n32)[C@@H]1OC(C)O,False,C14H16N4O8,368.0968,26
CC(O)O[C@H]1[C@H]2OCC(=O)OC[C@H]1O[C@H]2n1cnc2c(=O)[nH]c(=O)[nH]c21,False,C14H16N4O8,368.0968,26
CC(=O)OC[C@H]1O[C@@H](n2cnc3c(=O)[nH]c(=O)[nH]c32)[C@H](O)[C@@H]1OC(C)O,False,C14H18N4O8,370.1125,26
CCC(=O)O[C@H]1[C@@H](O)[C@H](n2cnc3c(=O)[nH]c(=O)[nH]c32)O[C@@H]1COC(C)=O,False,C15H18N4O8,382.1125,27
CC(=O)OC[C@H]1O[C@@H](n2cnc3c(=O)[nH]c(=O)[nH]c32)[C@H](O)[C@@H]1OC(C)(O)C#N,False,C15H17N5O8,395.1077,28
CC(=O)O[C@H]1[C@@H](O)[C@H](n2cnc3c(=O)[nH]c(=O)[nH]c32)O[C@@H]1COC(C)(O)C#N,False,C15H17N5O8,395.1077,28
CC(=O)OC[C@H]1O[C@@H](n2cnc3c(=O)[nH]c(=O)[nH]c32)[C@H](O)[C@@H]1OC(C)N,False,C14H19N5O7,369.1284,26
CC(=O)O[C@H]1[C@@H](O)[C@H](n2cnc3c(=O)[nH]c(=O)[nH]c32)O[C@@H]1COC(C)N,False,C14H19N5O7,369.1284,26
CC(=O)OC[C@H]1O[C@@H](n2cnc3c(=O)[nH]c(=O)[nH]c32)[C@H](O)[C@@H]1OC(=O)CO,False,C14H16N4O9,384.0917,27
CC(=O)O[C@H]1[C@@H](O)[C@H](n2cnc3c(=O)[nH]c(=O)[nH]c32)O[C@@H]1COC(=O)CO,False,C14H16N4O9,384.0917,27
COC(=O)O[C@H]1[C@@H](O)[C@H](n2cnc3c(=O)[nH]c(=O)[nH]c32)O[C@@H]1COC(C)=O,False,C14H16N4O9,384.0917,27
COC(=O)OC[C@H]1O[C@@H](n2cnc3c(=O)[nH]c(=O)[nH]c32)[C@H](O)[C@@H]1OC(C)=O,False,C14H16N4O9,384.0917,27
CC(=O)OC[C@H]1O[C@@H](n2cnc3c(=O)[nH]c(=O)[nH]c32)[C@H](O)[C@@H]1OC(O)CO,False,C14H18N4O9,386.1074,27
CC(O)OC[C@H]1O[C@@H](n2cnc3c(=O)[nH]c(=O)[nH]c32)[C@H](O)[C@@H]1OC(=O)CO,False,C14H18N4O9,386.1074,27
CC(O)O[C@H]1[C@@H](O)[C@H](n2cnc3c(=O)[nH]c(=O)[nH]c32)O[C@@H]1COC(=O)CO,False,C14H18N4O9,386.1074,27
CC(=O)O[C@H]1[C@@H](O)[C@H](n2cnc3c(=O)[nH]c(=O)[nH]c32)O[C@@H]1COC(O)CO,False,C14H18N4O9,386.1074,27
CC(=O)OC[C@H]1O[C@@H](n2cnc3c(=O)[nH]c(=O)[nH]c32)[C@H](O)[C@@H]1C(C)=O,False,C14H16N4O7,352.1019,25
CC(=O)C[C@H]1O[C@@H](n2cnc3c(=O)[nH]c(=O)[nH]c32)[C@H](O)[C@@H]1OC(C)=O,False,C14H16N4O7,352.1019,25
CC(=O)OC(=O)[C@H]1O[C@@H](n2cnc3c(=O)[nH]c(=O)[nH]c32)[C@H](O)[C@@H]1OC(C)=O,False,C14H14N4O9,382.0761,27
CC(=O)OC[C@H]1O[C@@H](n2cnc3c(=O)[nH]c(=O)[nH]c32)[C@H](O)[C@@]1(C)OC(C)=O,False,C15H18N4O8,382.1125,27
CC(=O)OC[C@]1(C)O[C@@H](n2cnc3c(=O)[nH]c(=O)[nH]c32)[C@H](O)[C@@H]1OC(C)=O,False,C15H18N4O8,382.1125,27
CC(=O)OC[C@H]1O[C@@H](n2cnc3c(=O)[nH]c(=O)[nH]c32)[C@@](C)(O)[C@@H]1OC(C)=O,False,C15H18N4O8,382.1125,27
CC(=O)OC(C)[C@H]1O[C@@H](n2cnc3c(=O)[nH]c(=O)[nH]c32)[C@H](O)[C@@H]1OC(C)=O,False,C15H18N4O8,382.1125,27
CC(=O)OC[C@H]1O[C@](C)(n2cnc3c(=O)[nH]c(=O)[nH]c32)[C@H](O)[C@@H]1OC(C)=O,False,C15H18N4O8,382.1125,27
CC(=O)OC[C@H]1O[C@@H](n2c(C)nc3c(=O)[nH]c(=O)[nH]c32)[C@H](O)[C@@H]1OC(C)=O,False,C15H18N4O8,382.1125,27
CCC(=O)O[C@@H]1[C@H](O)[C@@H](COC=O)O[C@H]1n1cnc2c(=O)[nH]c(=O)[nH]c21,False,C14H16N4O8,368.0968,26
CC(=O)OC[C@H]1O[C@@H](n2cnc3c(=O)[nH]c(=O)[nH]c32)[C@@](C)(OC=O)[C@@H]1O,False,C14H16N4O8,368.0968,26
CC(=O)OC[C@H]1O[C@@H](n2cnc3c(=O)[nH]c(=O)[nH]c32)[C@H](OC=O)[C@@]1(C)O,False,C14H16N4O8,368.0968,26
CC(=O)OC[C@H]1O[C@](C)(n2cnc3c(=O)[nH]c(=O)[nH]c32)[C@H](OC=O)[C@@H]1O,False,C14H16N4O8,368.0968,26
CC(=O)OC[C@]1(C)O[C@@H](n2cnc3c(=O)[nH]c(=O)[nH]c32)[C@H](OC=O)[C@@H]1O,False,C14H16N4O8,368.0968,26
CC(=O)OC(C)[C@H]1O[C@@H](n2cnc3c(=O)[nH]c(=O)[nH]c32)[C@H](OC=O)[C@@H]1O,False,C14H16N4O8,368.0968,26
CC(=O)OC[C@H]1O[C@@H](n2c(C)nc3c(=O)[nH]c(=O)[nH]c32)[C@H](OC=O)[C@@H]1O,False,C14H16N4O8,368.0968,26
CCC(=O)OC[C@H]1O[C@@H](n2cnc3c(=O)[nH]c(=O)[nH]c32)[C@H](OC=O)[C@@H]1O,False,C14H16N4O8,368.0968,26
CC(=O)OC[C@H]1O[C@@H](n2cnc3c(=O)[nH]c(=O)[nH]c32)[C@@H]2OC(O)CO[C@@H]21,False,C14H16N4O8,368.0968,26
CC(O)OC[C@H]1O[C@@H](n2cnc3c(=O)[nH]c(=O)[nH]c32)[C@@H]2OC(=O)CO[C@@H]21,False,C14H16N4O8,368.0968,26
CC(=O)OC[C@H]1O[C@@H](n2cnc3c(=O)[nH]c(=O)[nH]c32)[C@]2(OC(C)O)O[C@H]12,False,C14H16N4O8,368.0968,26
CC(=O)OC[C@H]1O[C@@]2(n3cnc4c(=O)[nH]c(=O)[nH]c43)O[C@H]1[C@H]2OC(C)O,False,C14H16N4O8,368.0968,26
CC(=O)OC[C@]12O[C@@H](n3cnc4c(=O)[nH]c(=O)[nH]c43)[C@H](OC(C)O)[C@@H]1O2,False,C14H16N4O8,368.0968,26
CC(=O)OC1O[C@H]2[C@@H](OC(C)O)[C@H](n3cnc4c(=O)[nH]c(=O)[nH]c43)O[C@H]12,False,C14H16N4O8,368.0968,26
CC(=O)OC[C@H]1O[C@@H]2[C@H](OC(C)O)[C@@H]1Oc1nc3c(=O)[nH]c(=O)[nH]c3n12,False,C14H16N4O8,368.0968,26
CC(O)O[C@@H]1[C@@H]2OCC(=O)OC[C@H]2O[C@H]1n1cnc2c(=O)[nH]c(=O)[nH]c21,False,C14H16N4O8,368.0968,26
CC(=O)OC[C@H]1O[C@@H](n2cnc3c(=O)[nH]c(=O)[nH]c32)[C@H](OC(C)O)[C@@H]1O,False,C14H18N4O8,370.1125,26
CCC(=O)O[C@@H]1[C@H](O)[C@@H](COC(C)=O)O[C@H]1n1cnc2c(=O)[nH]c(=O)[nH]c21,False,C15H18N4O8,382.1125,27
CC(=O)OC[C@H]1O[C@@H](n2cnc3c(=O)[nH]c(=O)[nH]c32)[C@H](OC(C)(O)C#N)[C@@H]1O,False,C15H17N5O8,395.1077,28
CC(=O)O[C@@H]1[C@H](O)[C@@H](COC(C)(O)C#N)O[C@H]1n1cnc2c(=O)[nH]c(=O)[nH]c21,False,C15H17N5O8,395.1077,28
CC(=O)OC[C@H]1O[C@@H](n2cnc3c(=O)[nH]c(=O)[nH]c32)[C@H](OC(C)N)[C@@H]1O,False,C14H19N5O7,369.1284,26
CC(=O)O[C@@H]1[C@H](O)[C@@H](COC(C)N)O[C@H]1n1cnc2c(=O)[nH]c(=O)[nH]c21,False,C14H19N5O7,369.1284,26
CC(=O)OC[C@H]1O[C@@H](n2cnc3c(=O)[nH]c(=O)[nH]c32)[C@H](OC(=O)CO)[C@@H]1O,False,C14H16N4O9,384.0917,27
CC(=O)O[C@@H]1[C@H](O)[C@@H](COC(=O)CO)O[C@H]1n1cnc2c(=O)[nH]c(=O)[nH]c21,False,C14H16N4O9,384.0917,27
COC(=O)O[C@@H]1[C@H](O)[C@@H](COC(C)=O)O[C@H]1n1cnc2c(=O)[nH]c(=O)[nH]c21,False,C14H16N4O9,384.0917,27
COC(=O)OC[C@H]1O[C@@H](n2cnc3c(=O)[nH]c(=O)[nH]c32)[C@H](OC(C)=O)[C@@H]1O,False,C14H16N4O9,384.0917,27
CC(=O)OC[C@H]1O[C@@H](n2cnc3c(=O)[nH]c(=O)[nH]c32)[C@H](OC(O)CO)[C@@H]1O,False,C14H18N4O9,386.1074,27
CC(O)OC[C@H]1O[C@@H](n2cnc3c(=O)[nH]c(=O)[nH]c32)[C@H](OC(=O)CO)[C@@H]1O,False,C14H18N4O9,386.1074,27
CC(O)O[C@@H]1[C@H](O)[C@@H](COC(=O)CO)O[C@H]1n1cnc2c(=O)[nH]c(=O)[nH]c21,False,C14H18N4O9,386.1074,27
CC(=O)O[C@@H]1[C@H](O)[C@@H](COC(O)CO)O[C@H]1n1cnc2c(=O)[nH]c(=O)[nH]c21,False,C14H18N4O9,386.1074,27
CC(=O)OC[C@H]1O[C@@H](n2cnc3c(=O)[nH]c(=O)[nH]c32)[C@H](C(C)=O)[C@@H]1O,False,C14H16N4O7,352.1019,25
CC(=O)C[C@H]1O[C@@H](n2cnc3c(=O)[nH]c(=O)[nH]c32)[C@H](OC(C)=O)[C@@H]1O,False,C14H16N4O7,352.1019,25
CC(=O)OC(=O)[C@H]1O[C@@H](n2cnc3c(=O)[nH]c(=O)[nH]c32)[C@H](OC(C)=O)[C@@H]1O,False,C14H14N4O9,382.0761,27
CC(=O)OC[C@H]1O[C@@H](n2cnc3c(=O)[nH]c(=O)[nH]c32)[C@@](C)(OC(C)=O)[C@@H]1O,False,C15H18N4O8,382.1125,27
CC(=O)OC[C@H]1O[C@@H](n2cnc3c(=O)[nH]c(=O)[nH]c32)[C@H](OC(C)=O)[C@@]1(C)O,False,C15H18N4O8,382.1125,27
CC(=O)OC[C@H]1O[C@](C)(n2cnc3c(=O)[nH]c(=O)[nH]c32)[C@H](OC(C)=O)[C@@H]1O,False,C15H18N4O8,382.1125,27
CC(=O)OC[C@]1(C)O[C@@H](n2cnc3c(=O)[nH]c(=O)[nH]c32)[C@H](OC(C)=O)[C@@H]1O,False,C15H18N4O8,382.1125,27
CC(=O)OC(C)[C@H]1O[C@@H](n2cnc3c(=O)[nH]c(=O)[nH]c32)[C@H](OC(C)=O)[C@@H]1O,False,C15H18N4O8,382.1125,27
CC(=O)OC[C@H]1O[C@@H](n2c(C)nc3c(=O)[nH]c(=O)[nH]c32)[C@H](OC(C)=O)[C@@H]1O,False,C15H18N4O8,382.1125,27
O=COC[C@]1(CC(=O)O)O[C@@H](n2cnc3c(=O)[nH]c(=O)[nH]c32)[C@H](O)[C@@H]1O,False,C13H14N4O9,370.0761,26
O=COC[C@H]1O[C@@H](n2cnc3c(=O)[nH]c(=O)[nH]c32)[C@H](O)[C@]1(O)CC(=O)O,False,C13H14N4O9,370.0761,26
O=COC[C@H]1O[C@@H](n2cnc3c(=O)[nH]c(=O)[nH]c32)[C@](O)(CC(=O)O)[C@@H]1O,False,C13H14N4O9,370.0761,26
O=COC[C@H]1O[C@](CC(=O)O)(n2cnc3c(=O)[nH]c(=O)[nH]c32)[C@H](O)[C@@H]1O,False,C13H14N4O9,370.0761,26
O=COC[C@H]1O[C@@H](n2c(CC(=O)O)nc3c(=O)[nH]c(=O)[nH]c32)[C@H](O)[C@@H]1O,False,C13H14N4O9,370.0761,26
CC(=O)OC(C(=O)O)[C@H]1O[C@@H](n2cnc3c(=O)[nH]c(=O)[nH]c32)[C@H](O)[C@@H]1O,False,C13H14N4O9,370.0761,26
CC(=O)OC[C@]1(C(=O)O)O[C@@H](n2cnc3c(=O)[nH]c(=O)[nH]c32)[C@H](O)[C@@H]1O,False,C13H14N4O9,370.0761,26
CC(=O)OC[C@H]1O[C@@H](n2cnc3c(=O)[nH]c(=O)[nH]c32)[C@H](O)[C@]1(O)C(=O)O,False,C13H14N4O9,370.0761,26
CC(=O)OC[C@H]1O[C@@H](n2cnc3c(=O)[nH]c(=O)[nH]c32)[C@](O)(C(=O)O)[C@@H]1O,False,C13H14N4O9,370.0761,26
CC(=O)OC[C@H]1O[C@](C(=O)O)(n2cnc3c(=O)[nH]c(=O)[nH]c32)[C@H](O)[C@@H]1O,False,C13H14N4O9,370.0761,26
CC(=O)OC[C@H]1O[C@@H](n2c(C(=O)O)nc3c(=O)[nH]c(=O)[nH]c32)[C@H](O)[C@@H]1O,False,C13H14N4O9,370.0761,26
O=C1CC(O)(OC[C@H]2O[C@@H](n3cnc4c(=O)[nH]c(=O)[nH]c43)[C@H](O)[C@@H]2O)O1,False,C13H14N4O9,370.0761,26
O=C1C=C(OC[C@H]2O[C@@H](n3cnc4c(=O)[nH]c(=O)[nH]c43)[C@H](O)[C@@H]2O)O1,False,C13H12N4O8,352.0655,25
O=C(OC[C@H]1O[C@@H](n2cnc3c(=O)[nH]c(=O)[nH]c32)[C@H](O)[C@@H]1O)C1OC1O,False,C13H14N4O9,370.0761,26
O=C1OC1C(O)OC[C@H]1O[C@@H](n2cnc3c(=O)[nH]c(=O)[nH]c32)[C@H](O)[C@@H]1O,False,C13H14N4O9,370.0761,26
O=C1OC[C@H]2O[C@@H](n3cnc4c(=O)[nH]c(=O)[nH]c43)[C@H](O)[C@@H]2OC1C(O)O,False,C13H14N4O9,370.0761,26
O=C(O)C1O[C@H]2[C@@H](O)[C@H](n3cnc4c(=O)[nH]c(=O)[nH]c43)O[C@@H]2COC1O,False,C13H14N4O9,370.0761,26
O=C1OC[C@H]2O[C@@H](n3cnc4c(=O)[nH]c(=O)[nH]c43)[C@H](OC1C(O)O)[C@@H]2O,False,C13H14N4O9,370.0761,26
O=C(O)C1O[C@@H]2[C@H](O)[C@@H](COC1O)O[C@H]2n1cnc2c(=O)[nH]c(=O)[nH]c21,False,C13H14N4O9,370.0761,26
O=C1CC(O)OC([C@H]2O[C@@H](n3cnc4c(=O)[nH]c(=O)[nH]c43)[C@H](O)[C@@H]2O)O1,False,C13H14N4O9,370.0761,26
O=C(CC(O)O)OC1O[C@H]2[C@@H](O)[C@H](n3cnc4c(=O)[nH]c(=O)[nH]c43)O[C@H]12,False,C13H14N4O9,370.0761,26
O=C(CC(O)O)OC1O[C@@H]2[C@H](O)[C@@H]1O[C@H]2n1cnc2c(=O)[nH]c(=O)[nH]c21,False,C13H14N4O9,370.0761,26
O=C1CC(O)O[C@@]2(CO1)O[C@@H](n1cnc3c(=O)[nH]c(=O)[nH]c31)[C@H](O)[C@@H]2O,False,C13H14N4O9,370.0761,26
O=C1CC(O)OC[C@]2(O1)O[C@@H](n1cnc3c(=O)[nH]c(=O)[nH]c31)[C@H](O)[C@@H]2O,False,C13H14N4O9,370.0761,26
O=C(CC(O)O)OC[C@]12O[C@@H](n3cnc4c(=O)[nH]c(=O)[nH]c43)[C@H](O)[C@@H]1O2,False,C13H14N4O9,370.0761,26
O=C(CC(O)O)OC[C@]12O[C@@H]([C@H](n3cnc4c(=O)[nH]c(=O)[nH]c43)O1)[C@@H]2O,False,C13H14N4O9,370.0761,26
O=C1CC(O)O[C@]2(O)[C@@H](CO1)O[C@@H](n1cnc3c(=O)[nH]c(=O)[nH]c31)[C@@H]2O,False,C13H14N4O9,370.0761,26
O=C1CC(O)OC[C@H]2O[C@@H](n3cnc4c(=O)[nH]c(=O)[nH]c43)[C@H](O)[C@]2(O)O1,False,C13H14N4O9,370.0761,26
O=C(CC(O)O)OC[C@H]1O[C@@H](n2cnc3c(=O)[nH]c(=O)[nH]c32)[C@@H]2O[C@]12O,False,C13H14N4O9,370.0761,26
O=C1CC(O)O[C@]2(O)[C@H](O)[C@@H](CO1)O[C@H]2n1cnc2c(=O)[nH]c(=O)[nH]c21,False,C13H14N4O9,370.0761,26
O=C1CC(O)OC[C@H]2O[C@@H](n3cnc4c(=O)[nH]c(=O)[nH]c43)[C@](O)(O1)[C@@H]2O,False,C13H14N4O9,370.0761,26
O=C(CC(O)O)OC[C@H]1O[C@@H](n2cnc3c(=O)[nH]c(=O)[nH]c32)[C@]2(O)O[C@H]12,False,C13H14N4O9,370.0761,26
O=C1CC(O)O[C@]2(n3cnc4c(=O)[nH]c(=O)[nH]c43)O[C@H](CO1)[C@@H](O)[C@H]2O,False,C13H14N4O9,370.0761,26
O=C1CC(O)OC[C@H]2O[C@@](n3cnc4c(=O)[nH]c(=O)[nH]c43)(O1)[C@H](O)[C@@H]2O,False,C13H14N4O9,370.0761,26
O=C(CC(O)O)OC[C@H]1O[C@@]2(n3cnc4c(=O)[nH]c(=O)[nH]c43)O[C@H]1[C@H]2O,False,C13H14N4O9,370.0761,26
O=C(CC(O)O)OC[C@H]1O[C@@]2(n3cnc4c(=O)[nH]c(=O)[nH]c43)O[C@@H]2[C@@H]1O,False,C13H14N4O9,370.0761,26
O=C1CC(O)Oc2nc3c(=O)[nH]c(=O)[nH]c3n2[C@@H]2O[C@H](CO1)[C@@H](O)[C@H]2O,False,C13H14N4O9,370.0761,26
O=C1CC(O)OC[C@H]2O[C@H]([C@H](O)[C@@H]2O)n2c(nc3c(=O)[nH]c(=O)[nH]c32)O1,False,C13H14N4O9,370.0761,26
O=C(CC(O)O)OC[C@H]1O[C@@H]2[C@H](O)[C@@H]1Oc1nc3c(=O)[nH]c(=O)[nH]c3n12,False,C13H14N4O9,370.0761,26
O=C(CC(O)O)OC[C@H]1O[C@@H]2[C@H](Oc3nc4c(=O)[nH]c(=O)[nH]c4n32)[C@@H]1O,False,C13H14N4O9,370.0761,26
O=C(CC(O)O)OC[C@H]1O[C@@H](n2cnc3c(=O)[nH]c(=O)[nH]c32)[C@H](O)[C@@H]1O,False,C13H16N4O9,372.0917,26
O=CCC(=O)OC[C@H]1O[C@@H](n2cnc3c(=O)[nH]c(=O)[nH]c32)[C@H](O)[C@@H]1O,False,C13H14N4O8,354.0812,25
COC(=O)CC(=O)OC[C@H]1O[C@@H](n2cnc3c(=O)[nH]c(=O)[nH]c32)[C@H](O)[C@@H]1O,False,C14H16N4O9,384.0917,27
O=C(O)CC(=O)O,False,C3H4O4,104.011,7
N#CC(O)(O)CC(=O)OC[C@H]1O[C@@H](n2cnc3c(=O)[nH]c(=O)[nH]c32)[C@H](O)[C@@H]1O,False,C14H15N5O9,397.087,28
N#CC(O)(CC(=O)O)OC[C@H]1O[C@@H](n2cnc3c(=O)[nH]c(=O)[nH]c32)[C@H](O)[C@@H]1O,False,C14H15N5O9,397.087,28
O=C(Cl)CC(=O)OC[C@H]1O[C@@H](n2cnc3c(=O)[nH]c(=O)[nH]c32)[C@H](O)[C@@H]1O,False,C13H13ClN4O8,388.0422,26
NC(=O)CC(=O)OC[C@H]1O[C@@H](n2cnc3c(=O)[nH]c(=O)[nH]c32)[C@H](O)[C@@H]1O,False,C13H15N5O8,369.0921,26
N#CCC(=O)OC[C@H]1O[C@@H](n2cnc3c(=O)[nH]c(=O)[nH]c32)[C@H](O)[C@@H]1O,False,C13H13N5O7,351.0815,25
NC(O)CC(=O)OC[C@H]1O[C@@H](n2cnc3c(=O)[nH]c(=O)[nH]c32)[C@H](O)[C@@H]1O,False,C13H17N5O8,371.1077,26
NC(CC(=O)O)OC[C@H]1O[C@@H](n2cnc3c(=O)[nH]c(=O)[nH]c32)[C@H](O)[C@@H]1O,False,C13H17N5O8,371.1077,26
O=CC(=O)OC[C@H]1O[C@@H](n2cnc3c(=O)[nH]c(=O)[nH]c32)[C@H](O)[C@@H]1O,False,C12H12N4O8,340.0655,24
O=C(O)CC(=O)C[C@H]1O[C@@H](n2cnc3c(=O)[nH]c(=O)[nH]c32)[C@H](O)[C@@H]1O,False,C13H14N4O8,354.0812,25
N#CCC(O)OC[C@H]1O[C@@H](n2cnc3c(=O)[nH]c(=O)[nH]c32)[C@H](O)[C@@H]1O,False,C13H15N5O7,353.0971,25
CC(O)OC(C#N)[C@H]1O[C@@H](n2cnc3c(=O)[nH]c(=O)[nH]c32)[C@H](O)[C@@H]1O,False,C13H15N5O7,353.0971,25
CC(OC(O)C#N)[C@H]1O[C@@H](n2cnc3c(=O)[nH]c(=O)[nH]c32)[C@H](O)[C@@H]1O,False,C13H15N5O7,353.0971,25
CC(O)OC[C@]1(C#N)O[C@@H](n2cnc3c(=O)[nH]c(=O)[nH]c32)[C@H](O)[C@@H]1O,False,C13H15N5O7,353.0971,25
C[C@@]1(COC(O)C#N)O[C@@H](n2cnc3c(=O)[nH]c(=O)[nH]c32)[C@H](O)[C@@H]1O,False,C13H15N5O7,353.0971,25
CC(O)OC[C@H]1O[C@@H](n2cnc3c(=O)[nH]c(=O)[nH]c32)[C@H](O)[C@]1(O)C#N,False,C13H15N5O7,353.0971,25
C[C@]1(O)[C@@H](COC(O)C#N)O[C@@H](n2cnc3c(=O)[nH]c(=O)[nH]c32)[C@@H]1O,False,C13H15N5O7,353.0971,25
CC(O)OC[C@H]1O[C@@H](n2cnc3c(=O)[nH]c(=O)[nH]c32)[C@](O)(C#N)[C@@H]1O,False,C13H15N5O7,353.0971,25
C[C@]1(O)[C@H](O)[C@@H](COC(O)C#N)O[C@H]1n1cnc2c(=O)[nH]c(=O)[nH]c21,False,C13H15N5O7,353.0971,25
CC(O)OC[C@H]1O[C@](C#N)(n2cnc3c(=O)[nH]c(=O)[nH]c32)[C@H](O)[C@@H]1O,False,C13H15N5O7,353.0971,25
C[C@]1(n2cnc3c(=O)[nH]c(=O)[nH]c32)O[C@H](COC(O)C#N)[C@@H](O)[C@H]1O,False,C13H15N5O7,353.0971,25
CC(O)OC[C@H]1O[C@@H](n2c(C#N)nc3c(=O)[nH]c(=O)[nH]c32)[C@H](O)[C@@H]1O,False,C13H15N5O7,353.0971,25
Cc1nc2c(=O)[nH]c(=O)[nH]c2n1[C@@H]1O[C@H](COC(O)C#N)[C@@H](O)[C@H]1O,False,C13H15N5O7,353.0971,25
N#CC(=O)OC[C@H]1O[C@@H](n2cnc3c(=O)[nH]c(=O)[nH]c32)[C@H](O)[C@@H]1O,False,C12H11N5O7,337.0658,24
COC(C)(C#N)OC[C@H]1O[C@@H](n2cnc3c(=O)[nH]c(=O)[nH]c32)[C@H](O)[C@@H]1O,False,C14H17N5O7,367.1128,26
CC(=O)OC(C)(C#N)OC[C@H]1O[C@@H](n2cnc3c(=O)[nH]c(=O)[nH]c32)[C@H](O)[C@@H]1O,False,C15H17N5O8,395.1077,28
CC(Cl)(C#N)OC[C@H]1O[C@@H](n2cnc3c(=O)[nH]c(=O)[nH]c32)[C@H](O)[C@@H]1O,False,C13H14ClN5O6,371.0633,25
N#CC(O)(CO)OC[C@H]1O[C@@H](n2cnc3c(=O)[nH]c(=O)[nH]c32)[C@H](O)[C@@H]1O,False,C13H15N5O8,369.0921,26
CC(O)(O)C#N,False,C3H5NO2,87.032,6
CC(O)(OC[C@H]1O[C@@H](n2cnc3c(=O)[nH]c(=O)[nH]c32)[C@H](O)[C@@H]1O)C(N)=O,False,C13H17N5O8,371.1077,26
CC(O)(C=NO)OC[C@H]1O[C@@H](n2cnc3c(=O)[nH]c(=O)[nH]c32)[C@H](O)[C@@H]1O,False,C13H17N5O8,371.1077,26
CC(C#N)OC[C@H]1O[C@@H](n2cnc3c(=O)[nH]c(=O)[nH]c32)[C@H](O)[C@@H]1O,False,C13H15N5O6,337.1022,24
CC(O)(C#N)OC(=O)[C@H]1O[C@@H](n2cnc3c(=O)[nH]c(=O)[nH]c32)[C@H](O)[C@@H]1O,False,C13H13N5O8,367.0764,26
N#CCC(O)(C#N)OC[C@H]1O[C@@H](n2cnc3c(=O)[nH]c(=O)[nH]c32)[C@H](O)[C@@H]1O,False,C14H14N6O7,378.0924,27
N#CC(O)OC[C@H]1O[C@@H](n2cnc3c(=O)[nH]c(=O)[nH]c32)[C@H](O)[C@@H]1O,False,C12H13N5O7,339.0815,24
CC(O)(C#N)OC(C#N)[C@H]1O[C@@H](n2cnc3c(=O)[nH]c(=O)[nH]c32)[C@H](O)[C@@H]1O,False,C14H14N6O7,378.0924,27
CC(OC(C)(O)C#N)[C@H]1O[C@@H](n2cnc3c(=O)[nH]c(=O)[nH]c32)[C@H](O)[C@@H]1O,False,C14H17N5O7,367.1128,26
CC(O)(C#N)OC[C@]1(C#N)O[C@@H](n2cnc3c(=O)[nH]c(=O)[nH]c32)[C@H](O)[C@@H]1O,False,C14H14N6O7,378.0924,27
CC(O)(C#N)OC[C@]1(C)O[C@@H](n2cnc3c(=O)[nH]c(=O)[nH]c32)[C@H](O)[C@@H]1O,False,C14H17N5O7,367.1128,26
CC(O)(C#N)OC[C@H]1O[C@@H](n2cnc3c(=O)[nH]c(=O)[nH]c32)[C@H](O)[C@]1(O)C#N,False,C14H14N6O7,378.0924,27
CC(O)(C#N)OC[C@H]1O[C@@H](n2cnc3c(=O)[nH]c(=O)[nH]c32)[C@H](O)[C@@]1(C)O,False,C14H17N5O7,367.1128,26
CC(O)(C#N)OC[C@H]1O[C@@H](n2cnc3c(=O)[nH]c(=O)[nH]c32)[C@](O)(C#N)[C@@H]1O,False,C14H14N6O7,378.0924,27
CC(O)(C#N)OC[C@H]1O[C@@H](n2cnc3c(=O)[nH]c(=O)[nH]c32)[C@@](C)(O)[C@@H]1O,False,C14H17N5O7,367.1128,26
CC(O)(C#N)OC[C@H]1O[C@](C#N)(n2cnc3c(=O)[nH]c(=O)[nH]c32)[C@H](O)[C@@H]1O,False,C14H14N6O7,378.0924,27
CC(O)(C#N)OC[C@H]1O[C@](C)(n2cnc3c(=O)[nH]c(=O)[nH]c32)[C@H](O)[C@@H]1O,False,C14H17N5O7,367.1128,26
CC(O)(C#N)OC[C@H]1O[C@@H](n2c(C#N)nc3c(=O)[nH]c(=O)[nH]c32)[C@H](O)[C@@H]1O,False,C14H14N6O7,378.0924,27
Cc1nc2c(=O)[nH]c(=O)[nH]c2n1[C@@H]1O[C@H](COC(C)(O)C#N)[C@@H](O)[C@H]1O,False,C14H17N5O7,367.1128,26
CC(OCN)[C@H]1O[C@@H](n2cnc3c(=O)[nH]c(=O)[nH]c32)[C@H](O)[C@@H]1O,False,C12H17N5O6,327.1179,23
C[C@@]1(COCN)O[C@@H](n2cnc3c(=O)[nH]c(=O)[nH]c32)[C@H](O)[C@@H]1O,False,C12H17N5O6,327.1179,23
C[C@]1(O)[C@@H](COCN)O[C@@H](n2cnc3c(=O)[nH]c(=O)[nH]c32)[C@@H]1O,False,C12H17N5O6,327.1179,23
C[C@]1(O)[C@H](O)[C@@H](COCN)O[C@H]1n1cnc2c(=O)[nH]c(=O)[nH]c21,False,C12H17N5O6,327.1179,23
C[C@]1(n2cnc3c(=O)[nH]c(=O)[nH]c32)O[C@H](COCN)[C@@H](O)[C@H]1O,False,C12H17N5O6,327.1179,23
Cc1nc2c(=O)[nH]c(=O)[nH]c2n1[C@@H]1O[C@H](COCN)[C@@H](O)[C@H]1O,False,C12H17N5O6,327.1179,23
CC1N=C2NC(=O)Nc3c2ncn3[C@@H]2O[C@H](CO1)[C@@H](O)[C@H]2O,False,C12H15N5O5,309.1073,22
CC1N=C2NC(=O)c3ncn(c3N2)[C@@H]2O[C@H](CO1)[C@@H](O)[C@H]2O,False,C12H15N5O5,309.1073,22
CC(N)OC[C@H]1O[C@@H](n2cnc3c(=O)[nH]c(=O)[nH]c32)[C@H](O)[C@@H]1OP(=O)(O)O,False,C12H18N5O9P,407.0842,27
CC(N)OC[C@H]1O[C@@H](n2cnc3c(=O)[nH]c(=O)[nH]c32)[C@H](OP(=O)(O)O)[C@@H]1O,False,C12H18N5O9P,407.0842,27
CC(N)OC[C@H]1O[C@@H](n2cnc3c(=O)[nH]c(=O)[nH]c32)[C@H](O)[C@@H]1OS(=O)(=O)O,False,C12H17N5O9S,407.0747,27
CC(N)OC[C@H]1O[C@@H](n2cnc3c(=O)[nH]c(=O)[nH]c32)[C@H](OS(=O)(=O)O)[C@@H]1O,False,C12H17N5O9S,407.0747,27
CNC(C)OC[C@H]1O[C@@H](n2cnc3c(=O)[nH]c(=O)[nH]c32)[C@H](O)[C@@H]1O,False,C13H19N5O6,341.1335,24
CC(C)(N)OC[C@H]1O[C@@H](n2cnc3c(=O)[nH]c(=O)[nH]c32)[C@H](O)[C@@H]1O,False,C13H19N5O6,341.1335,24
CC(=O)NC(C)OC[C@H]1O[C@@H](n2cnc3c(=O)[nH]c(=O)[nH]c32)[C@H](O)[C@@H]1O,False,C14H19N5O7,369.1284,26
CC(N)(OC[C@H]1O[C@@H](n2cnc3c(=O)[nH]c(=O)[nH]c32)[C@H](O)[C@@H]1O)C(=O)O,False,C13H17N5O8,371.1077,26
CC(NC(N)=O)OC[C@H]1O[C@@H](n2cnc3c(=O)[nH]c(=O)[nH]c32)[C@H](O)[C@@H]1O,False,C13H18N6O7,370.1237,26
CC(N)(O)OC[C@H]1O[C@@H](n2cnc3c(=O)[nH]c(=O)[nH]c32)[C@H](O)[C@@H]1O,False,C12H17N5O7,343.1128,24
NC(CO)OC[C@H]1O[C@@H](n2cnc3c(=O)[nH]c(=O)[nH]c32)[C@H](O)[C@@H]1O,False,C12H17N5O7,343.1128,24
CC(N)=O,False,C2H5NO,59.0371,4
CC(N)O,False,C2H7NO,61.0528,4
CC(N)OC(=O)[C@H]1O[C@@H](n2cnc3c(=O)[nH]c(=O)[nH]c32)[C@H](O)[C@@H]1O,False,C12H15N5O7,341.0971,24
CC(N)OC[C@H]1O[C@@H](n2cnc3c(=O)[nH]c(=O)[nH]c32)[C@H](O)[C@@H]1OC(C)N,False,C14H22N6O6,370.1601,26
CC(N)OC[C@H]1O[C@@H](n2cnc3c(=O)[nH]c(=O)[nH]c32)[C@H](OC(C)N)[C@@H]1O,False,C14H22N6O6,370.1601,26
CC(N)NC(C)OC[C@H]1O[C@@H](n2cnc3c(=O)[nH]c(=O)[nH]c32)[C@H](O)[C@@H]1O,False,C14H22N6O6,370.1601,26
NCOC[C@H]1O[C@@H](n2cnc3c(=O)[nH]c(=O)[nH]c32)[C@H](O)[C@@H]1O,False,C11H15N5O6,313.1022,22
CC(N)OC(C)[C@H]1O[C@@H](n2cnc3c(=O)[nH]c(=O)[nH]c32)[C@H](O)[C@@H]1O,False,C13H19N5O6,341.1335,24
CC(N)OC[C@]1(C)O[C@@H](n2cnc3c(=O)[nH]c(=O)[nH]c32)[C@H](O)[C@@H]1O,False,C13H19N5O6,341.1335,24
CC(N)OC[C@H]1O[C@@H](n2cnc3c(=O)[nH]c(=O)[nH]c32)[C@H](O)[C@@]1(C)O,False,C13H19N5O6,341.1335,24
CC(N)OC[C@H]1O[C@@H](n2cnc3c(=O)[nH]c(=O)[nH]c32)[C@@](C)(O)[C@@H]1O,False,C13H19N5O6,341.1335,24
CC(N)OC[C@H]1O[C@](C)(n2cnc3c(=O)[nH]c(=O)[nH]c32)[C@H](O)[C@@H]1O,False,C13H19N5O6,341.1335,24
Cc1nc2c(=O)[nH]c(=O)[nH]c2n1[C@@H]1O[C@H](COC(C)N)[C@@H](O)[C@H]1O,False,C13H19N5O6,341.1335,24
O=COC[C@]1(CO)O[C@@H](n2cnc3c(=O)[nH]c(=O)[nH]c32)[C@H](O)[C@@H]1O,False,C12H14N4O8,342.0812,24
O=COC[C@H]1O[C@@H](n2cnc3c(=O)[nH]c(=O)[nH]c32)[C@H](O)[C@]1(O)CO,False,C12H14N4O8,342.0812,24
O=COC[C@H]1O[C@@H](n2cnc3c(=O)[nH]c(=O)[nH]c32)[C@](O)(CO)[C@@H]1O,False,C12H14N4O8,342.0812,24
O=COC[C@H]1O[C@@H](n2c(CO)nc3c(=O)[nH]c(=O)[nH]c32)[C@H](O)[C@@H]1O,False,C12H14N4O8,342.0812,24
O=c1[nH]c(=O)c2ncn([C@@H]3O[C@@H]4COC(O)C(O)O[C@H]4[C@H]3O)c2[nH]1,False,C12H14N4O8,342.0812,24
O=c1[nH]c(=O)c2ncn([C@@H]3O[C@@H]4COC(O)C(O)O[C@@H]3[C@@H]4O)c2[nH]1,False,C12H14N4O8,342.0812,24
O=c1[nH]c(=O)c2ncn([C@@H]3O[C@H](C4OCC(O)O4)[C@@H](O)[C@H]3O)c2[nH]1,False,C12H14N4O8,342.0812,24
O=c1[nH]c(=O)c2ncn([C@@H]3O[C@@]4(COC(O)CO4)[C@@H](O)[C@H]3O)c2[nH]1,False,C12H14N4O8,342.0812,24
O=c1[nH]c(=O)c2ncn([C@@H]3O[C@@H]4COC(O)CO[C@@]4(O)[C@H]3O)c2[nH]1,False,C12H14N4O8,342.0812,24
O=c1[nH]c(=O)c2ncn([C@@H]3O[C@@H]4COC(O)CO[C@]3(O)[C@@H]4O)c2[nH]1,False,C12H14N4O8,342.0812,24
O=c1[nH]c(=O)c2ncn([C@@]34OCC(O)OC[C@@H](O3)[C@@H](O)[C@H]4O)c2[nH]1,False,C12H14N4O8,342.0812,24
O=c1[nH]c(=O)c2nc3n(c2[nH]1)[C@@H]1O[C@H](COC(O)CO3)[C@@H](O)[C@H]1O,False,C12H14N4O8,342.0812,24
COCC(=O)OC[C@H]1O[C@@H](n2cnc3c(=O)[nH]c(=O)[nH]c32)[C@H](O)[C@@H]1O,False,C13H16N4O8,356.0968,25
CC(=O)OCC(=O)OC[C@H]1O[C@@H](n2cnc3c(=O)[nH]c(=O)[nH]c32)[C@H](O)[C@@H]1O,False,C14H16N4O9,384.0917,27
O=C(CCl)OC[C@H]1O[C@@H](n2cnc3c(=O)[nH]c(=O)[nH]c32)[C@H](O)[C@@H]1O,False,C12H13ClN4O7,360.0473,24
O=C(OC[C@H]1O[C@@H](n2cnc3c(=O)[nH]c(=O)[nH]c32)[C@H](O)[C@@H]1O)C(O)O,False,C12H14N4O9,358.0761,25
O=C(OCO)OC[C@H]1O[C@@H](n2cnc3c(=O)[nH]c(=O)[nH]c32)[C@H](O)[C@@H]1O,False,C12H14N4O9,358.0761,25
O=C(O)CO,False,C2H4O3,76.016,5
O=c1[nH]c(=O)c2ncn([C@@H]3O[C@H](COC(O)C(O)O)[C@@H](O)[C@H]3O)c2[nH]1,False,C12H16N4O9,360.0917,25
O=C(CO)C[C@H]1O[C@@H](n2cnc3c(=O)[nH]c(=O)[nH]c32)[C@H](O)[C@@H]1O,False,C12H14N4O7,326.0862,23
O=C(O)C(=O)OC[C@H]1O[C@@H](n2cnc3c(=O)[nH]c(=O)[nH]c32)[C@H](O)[C@@H]1O,False,C12H12N4O9,356.0604,25
O=C(CO)OC(=O)[C@H]1O[C@@H](n2cnc3c(=O)[nH]c(=O)[nH]c32)[C@H](O)[C@@H]1O,False,C12H12N4O9,356.0604,25
O=C(OC[C@H]1O[C@@H](n2cnc3c(=O)[nH]c(=O)[nH]c32)[C@H](O)[C@@H]1O)C(O)CO,False,C13H16N4O9,372.0917,26
O=C(CO)OC(CO)[C@H]1O[C@@H](n2cnc3c(=O)[nH]c(=O)[nH]c32)[C@H](O)[C@@H]1O,False,C13H16N4O9,372.0917,26
O=C(CO)OC[C@]1(CO)O[C@@H](n2cnc3c(=O)[nH]c(=O)[nH]c32)[C@H](O)[C@@H]1O,False,C13H16N4O9,372.0917,26
O=C(CO)OC[C@H]1O[C@@H](n2cnc3c(=O)[nH]c(=O)[nH]c32)[C@H](O)[C@]1(O)CO,False,C13H16N4O9,372.0917,26
O=C(CO)OC[C@H]1O[C@@H](n2cnc3c(=O)[nH]c(=O)[nH]c32)[C@](O)(CO)[C@@H]1O,False,C13H16N4O9,372.0917,26
O=C(CO)OC[C@H]1O[C@](CO)(n2cnc3c(=O)[nH]c(=O)[nH]c32)[C@H](O)[C@@H]1O,False,C13H16N4O9,372.0917,26
O=C(CO)OC[C@H]1O[C@@H](n2c(CO)nc3c(=O)[nH]c(=O)[nH]c32)[C@H](O)[C@@H]1O,False,C13H16N4O9,372.0917,26
O=c1[nH]c(=O)c2ncn([C@@H]3O[C@@H]4COC(O)OCO[C@H]4[C@H]3O)c2[nH]1,False,C12H14N4O8,342.0812,24
O=c1[nH]c(=O)c2ncn([C@@H]3O[C@@H]4COC(O)OCO[C@@H]3[C@@H]4O)c2[nH]1,False,C12H14N4O8,342.0812,24
COC(O)OC1O[C@H]2[C@@H](O)[C@H](n3cnc4c(=O)[nH]c(=O)[nH]c43)O[C@H]12,False,C12H14N4O8,342.0812,24
COC(O)OC1O[C@@H]2[C@H](O)[C@@H]1O[C@H]2n1cnc2c(=O)[nH]c(=O)[nH]c21,False,C12H14N4O8,342.0812,24
COC(O)OC[C@]12O[C@@H](n3cnc4c(=O)[nH]c(=O)[nH]c43)[C@H](O)[C@@H]1O2,False,C12H14N4O8,342.0812,24
COC(O)OC[C@]12O[C@@H]([C@H](n3cnc4c(=O)[nH]c(=O)[nH]c43)O1)[C@@H]2O,False,C12H14N4O8,342.0812,24
COC(O)OC[C@H]1O[C@@H](n2cnc3c(=O)[nH]c(=O)[nH]c32)[C@@H]2O[C@]12O,False,C12H14N4O8,342.0812,24
COC(O)OC[C@H]1O[C@@H](n2cnc3c(=O)[nH]c(=O)[nH]c32)[C@]2(O)O[C@H]12,False,C12H14N4O8,342.0812,24
COC(O)OC[C@H]1O[C@@]2(n3cnc4c(=O)[nH]c(=O)[nH]c43)O[C@H]1[C@H]2O,False,C12H14N4O8,342.0812,24
COC(O)OC[C@H]1O[C@@]2(n3cnc4c(=O)[nH]c(=O)[nH]c43)O[C@@H]2[C@@H]1O,False,C12H14N4O8,342.0812,24
COC(O)OC[C@H]1O[C@@H]2[C@H](O)[C@@H]1Oc1nc3c(=O)[nH]c(=O)[nH]c3n12,False,C12H14N4O8,342.0812,24
COC(O)OC[C@H]1O[C@@H]2[C@H](Oc3nc4c(=O)[nH]c(=O)[nH]c4n32)[C@@H]1O,False,C12H14N4O8,342.0812,24
COCOC[C@H]1O[C@@H](n2cnc3c(=O)[nH]c(=O)[nH]c32)[C@H](O)[C@@H]1O,False,C12H16N4O7,328.1019,23
COC(=O)O,False,C2H4O3,76.016,5
O=COC(=O)OC[C@H]1O[C@@H](n2cnc3c(=O)[nH]c(=O)[nH]c32)[C@H](O)[C@@H]1O,False,C12H12N4O9,356.0604,25
COC(=O)OC(=O)[C@H]1O[C@@H](n2cnc3c(=O)[nH]c(=O)[nH]c32)[C@H](O)[C@@H]1O,False,C12H12N4O9,356.0604,25
OC1CO1,False,C2H4O2,60.0211,4
CC(=O)OP(=O)(O)O,False,C2H5O5P,139.9875,8
CC(=O)OS(=O)(=O)O,False,C2H4O5S,139.9779,8
CC(=O)O[C@H]1O[C@H](CO)[C@@H](O)[C@H](O)[C@H]1O,False,C8H14O7,222.074,15
CC(=O)OC(C)=O,False,C4H6O3,102.0317,7
CC(=O)Cl,False,C2H3ClO,77.9872,4
CC#N,False,C2H3N,41.0265,3
OCC(O)O,False,C2H6O3,78.0317,5
CC(O)(O)CC(=O)O,False,C4H8O4,120.0423,8
CC(=O)CC(=O)O,False,C4H6O3,102.0317,7
CC1(O)CC(O)(O)O1,False,C4H8O4,120.0423,8
CC(=O)OC(C)O,False,C4H8O3,104.0473,7
O=c1[nH]c(=O)c2ncn([C@@H]3O[C@@](CO)(COCO)[C@@H](O)[C@H]3O)c2[nH]1,False,C12H16N4O8,344.0968,24
O=c1[nH]c(=O)c2ncn([C@@H]3O[C@H](COCO)[C@@](O)(CO)[C@H]3O)c2[nH]1,False,C12H16N4O8,344.0968,24
O=c1[nH]c(=O)c2ncn([C@@H]3O[C@H](COCO)[C@@H](O)[C@@]3(O)CO)c2[nH]1,False,C12H16N4O8,344.0968,24
O=c1[nH]c(=O)c2nc(CO)n([C@@H]3O[C@H](COCO)[C@@H](O)[C@H]3O)c2[nH]1,False,C12H16N4O8,344.0968,24
O=CCOC[C@H]1O[C@@H](n2cnc3c(=O)[nH]c(=O)[nH]c32)[C@H](O)[C@@H]1O,False,C12H14N4O7,326.0862,23
O=CC(O)OC[C@H]1O[C@@H](n2cnc3c(=O)[nH]c(=O)[nH]c32)[C@H](O)[C@@H]1O,False,C12H14N4O8,342.0812,24
COCC(O)OC[C@H]1O[C@@H](n2cnc3c(=O)[nH]c(=O)[nH]c32)[C@H](O)[C@@H]1O,False,C13H18N4O8,358.1125,25
COC(CO)OC[C@H]1O[C@@H](n2cnc3c(=O)[nH]c(=O)[nH]c32)[C@H](O)[C@@H]1O,False,C13H18N4O8,358.1125,25
CC(O)(CO)OC[C@H]1O[C@@H](n2cnc3c(=O)[nH]c(=O)[nH]c32)[C@H](O)[C@@H]1O,False,C13H18N4O8,358.1125,25
CC(=O)OCC(O)OC[C@H]1O[C@@H](n2cnc3c(=O)[nH]c(=O)[nH]c32)[C@H](O)[C@@H]1O,False,C14H18N4O9,386.1074,27
CC(=O)OC(CO)OC[C@H]1O[C@@H](n2cnc3c(=O)[nH]c(=O)[nH]c32)[C@H](O)[C@@H]1O,False,C14H18N4O9,386.1074,27
O=c1[nH]c(=O)c2ncn([C@@H]3O[C@H](COC(O)CCl)[C@@H](O)[C@H]3O)c2[nH]1,False,C12H15ClN4O7,362.0629,24
O=c1[nH]c(=O)c2ncn([C@@H]3O[C@H](COC(Cl)CO)[C@@H](O)[C@H]3O)c2[nH]1,False,C12H15ClN4O7,362.0629,24
O=c1[nH]c(=O)c2ncn([C@@H]3O[C@H](COC(O)(O)CO)[C@@H](O)[C@H]3O)c2[nH]1,False,C12H16N4O9,360.0917,25
O=C(O)C(O)OC[C@H]1O[C@@H](n2cnc3c(=O)[nH]c(=O)[nH]c32)[C@H](O)[C@@H]1O,False,C12H14N4O9,358.0761,25
O=C(OC(O)CO)[C@H]1O[C@@H](n2cnc3c(=O)[nH]c(=O)[nH]c32)[C@H](O)[C@@H]1O,False,C12H14N4O9,358.0761,25
O=c1[nH]c(=O)c2ncn([C@@H]3O[C@H](COC(O)C(O)CO)[C@@H](O)[C@H]3O)c2[nH]1,False,C13H18N4O9,374.1074,26
O=c1[nH]c(=O)c2ncn([C@@H]3O[C@H](COC(O)(CO)CO)[C@@H](O)[C@H]3O)c2[nH]1,False,C13H18N4O9,374.1074,26
O=c1[nH]c(=O)c2ncn([C@@H]3O[C@H](C(CO)OC(O)CO)[C@@H](O)[C@H]3O)c2[nH]1,False,C13H18N4O9,374.1074,26
O=c1[nH]c(=O)c2ncn([C@@H]3O[C@@](CO)(COC(O)CO)[C@@H](O)[C@H]3O)c2[nH]1,False,C13H18N4O9,374.1074,26
O=c1[nH]c(=O)c2ncn([C@@H]3O[C@H](COC(O)CO)[C@@](O)(CO)[C@H]3O)c2[nH]1,False,C13H18N4O9,374.1074,26
O=c1[nH]c(=O)c2ncn([C@@H]3O[C@H](COC(O)CO)[C@@H](O)[C@@]3(O)CO)c2[nH]1,False,C13H18N4O9,374.1074,26
O=c1[nH]c(=O)c2ncn([C@@]3(CO)O[C@H](COC(O)CO)[C@@H](O)[C@H]3O)c2[nH]1,False,C13H18N4O9,374.1074,26
O=c1[nH]c(=O)c2nc(CO)n([C@@H]3O[C@H](COC(O)CO)[C@@H](O)[C@H]3O)c2[nH]1,False,C13H18N4O9,374.1074,26
CC(C=O)[C@H]1O[C@@H](n2cnc3c(=O)[nH]c(=O)[nH]c32)[C@H](O)[C@@H]1O,False,C12H14N4O6,310.0913,22
O=CCC[C@H]1O[C@@H](n2cnc3c(=O)[nH]c(=O)[nH]c32)[C@H](O)[C@@H]1O,False,C12H14N4O6,310.0913,22
C[C@@]1(CC=O)O[C@@H](n2cnc3c(=O)[nH]c(=O)[nH]c32)[C@H](O)[C@@H]1O,False,C12H14N4O6,310.0913,22
CC(=O)[C@@]1(C)O[C@@H](n2cnc3c(=O)[nH]c(=O)[nH]c32)[C@H](O)[C@@H]1O,False,C12H14N4O6,310.0913,22
C[C@]1(O)[C@@H](CC=O)O[C@@H](n2cnc3c(=O)[nH]c(=O)[nH]c32)[C@@H]1O,False,C12H14N4O6,310.0913,22
CC(=O)[C@]1(O)[C@@H](C)O[C@@H](n2cnc3c(=O)[nH]c(=O)[nH]c32)[C@@H]1O,False,C12H14N4O6,310.0913,22
CC(=O)C[C@]1(O)CO[C@@H](n2cnc3c(=O)[nH]c(=O)[nH]c32)[C@@H]1O,False,C12H14N4O6,310.0913,22
C[C@]1(O)[C@H](O)[C@@H](CC=O)O[C@H]1n1cnc2c(=O)[nH]c(=O)[nH]c21,False,C12H14N4O6,310.0913,22
CC(=O)[C@]1(O)[C@H](O)[C@@H](C)O[C@H]1n1cnc2c(=O)[nH]c(=O)[nH]c21,False,C12H14N4O6,310.0913,22
CC(=O)C[C@]1(O)[C@H](O)CO[C@H]1n1cnc2c(=O)[nH]c(=O)[nH]c21,False,C12H14N4O6,310.0913,22
C[C@]1(n2cnc3c(=O)[nH]c(=O)[nH]c32)O[C@H](CC=O)[C@@H](O)[C@H]1O,False,C12H14N4O6,310.0913,22
CC(=O)[C@]1(n2cnc3c(=O)[nH]c(=O)[nH]c32)O[C@H](C)[C@@H](O)[C@H]1O,False,C12H14N4O6,310.0913,22
Cc1nc2c(=O)[nH]c(=O)[nH]c2n1[C@@H]1O[C@H](CC=O)[C@@H](O)[C@H]1O,False,C12H14N4O6,310.0913,22
CC(=O)c1nc2c(=O)[nH]c(=O)[nH]c2n1[C@@H]1O[C@H](C)[C@@H](O)[C@H]1O,False,C12H14N4O6,310.0913,22
CC(=O)Cc1nc2c(=O)[nH]c(=O)[nH]c2n1[C@@H]1OC[C@@H](O)[C@H]1O,False,C12H14N4O6,310.0913,22
CC(O)C1O[C@H]2[C@@H](O)[C@H](n3cnc4c(=O)[nH]c(=O)[nH]c43)O[C@H]12,False,C12H14N4O6,310.0913,22
CC(O)C1O[C@@H]2[C@H](O)[C@@H]1O[C@H]2n1cnc2c(=O)[nH]c(=O)[nH]c21,False,C12H14N4O6,310.0913,22
O=c1[nH]c(=O)c2ncn([C@@H]3O[C@@H]4CC(O)CO[C@H]4[C@H]3O)c2[nH]1,False,C12H14N4O6,310.0913,22
O=c1[nH]c(=O)c2ncn([C@@H]3O[C@@H]4CC(O)CO[C@@H]3[C@@H]4O)c2[nH]1,False,C12H14N4O6,310.0913,22
CC(O)C[C@]12O[C@@H](n3cnc4c(=O)[nH]c(=O)[nH]c43)[C@H](O)[C@@H]1O2,False,C12H14N4O6,310.0913,22
CC(O)C[C@]12O[C@@H]([C@H](n3cnc4c(=O)[nH]c(=O)[nH]c43)O1)[C@@H]2O,False,C12H14N4O6,310.0913,22
CC(O)C[C@H]1O[C@@H](n2cnc3c(=O)[nH]c(=O)[nH]c32)[C@@H]2O[C@]12O,False,C12H14N4O6,310.0913,22
CC(O)C[C@H]1O[C@@H](n2cnc3c(=O)[nH]c(=O)[nH]c32)[C@]2(O)O[C@H]12,False,C12H14N4O6,310.0913,22
CC(O)C[C@H]1O[C@@]2(n3cnc4c(=O)[nH]c(=O)[nH]c43)O[C@H]1[C@H]2O,False,C12H14N4O6,310.0913,22
CC(O)C[C@H]1O[C@@]2(n3cnc4c(=O)[nH]c(=O)[nH]c43)O[C@@H]2[C@@H]1O,False,C12H14N4O6,310.0913,22
CC(O)C[C@H]1O[C@@H]2[C@H](O)[C@@H]1Oc1nc3c(=O)[nH]c(=O)[nH]c3n12,False,C12H14N4O6,310.0913,22
CC(O)C[C@H]1O[C@@H]2[C@H](Oc3nc4c(=O)[nH]c(=O)[nH]c4n32)[C@@H]1O,False,C12H14N4O6,310.0913,22
CC(=O)C[C@H]1O[C@@H](n2cnc3c(=O)[nH]c(=O)[nH]c32)[C@H](O)[C@@H]1OP(=O)(O)O,False,C12H15N4O9P,390.0577,26
CC(=O)C[C@H]1O[C@@H](n2cnc3c(=O)[nH]c(=O)[nH]c32)[C@H](OP(=O)(O)O)[C@@H]1O,False,C12H15N4O9P,390.0577,26
CC(O)C[C@H]1O[C@@H](n2cnc3c(=O)[nH]c(=O)[nH]c32)[C@H](O)[C@@H]1O,False,C12H16N4O6,312.107,22
CC(=O)C[C@H]1O[C@@H](n2cnc3c(=O)[nH]c(=O)[nH]c32)[C@H](O)[C@@H]1OS(=O)(=O)O,False,C12H14N4O9S,390.0481,26
CC(=O)C[C@H]1O[C@@H](n2cnc3c(=O)[nH]c(=O)[nH]c32)[C@H](OS(=O)(=O)O)[C@@H]1O,False,C12H14N4O9S,390.0481,26
CC(=O)C(C)[C@H]1O[C@@H](n2cnc3c(=O)[nH]c(=O)[nH]c32)[C@H](O)[C@@H]1O,False,C13H16N4O6,324.107,23
CC(=O)C(C(=O)O)[C@H]1O[C@@H](n2cnc3c(=O)[nH]c(=O)[nH]c32)[C@H](O)[C@@H]1O,False,C13H14N4O8,354.0812,25
CC(O)(C#N)C[C@H]1O[C@@H](n2cnc3c(=O)[nH]c(=O)[nH]c32)[C@H](O)[C@@H]1O,False,C13H15N5O6,337.1022,24
CC(N)C[C@H]1O[C@@H](n2cnc3c(=O)[nH]c(=O)[nH]c32)[C@H](O)[C@@H]1O,False,C12H17N5O5,311.123,22
CC(=O)C(O)[C@H]1O[C@@H](n2cnc3c(=O)[nH]c(=O)[nH]c32)[C@H](O)[C@@H]1O,False,C12H14N4O7,326.0862,23
COC(=O)C[C@H]1O[C@@H](n2cnc3c(=O)[nH]c(=O)[nH]c32)[C@H](O)[C@@H]1O,False,C12H14N4O7,326.0862,23
CC(O)C(O)[C@H]1O[C@@H](n2cnc3c(=O)[nH]c(=O)[nH]c32)[C@H](O)[C@@H]1O,False,C12H16N4O7,328.1019,23
O=c1[nH]c(=O)c2ncn([C@@H]3O[C@H](CC(O)CO)[C@@H](O)[C@H]3O)c2[nH]1,False,C12H16N4O7,328.1019,23
O=CC[C@H]1O[C@@H](n2cnc3c(=O)[nH]c(=O)[nH]c32)[C@H](O)[C@@H]1O,False,C11H12N4O6,296.0757,21
CC(=O)C(C(C)=O)[C@H]1O[C@@H](n2cnc3c(=O)[nH]c(=O)[nH]c32)[C@H](O)[C@@H]1O,False,C14H16N4O7,352.1019,25
CC(=O)CC(=O)C[C@H]1O[C@@H](n2cnc3c(=O)[nH]c(=O)[nH]c32)[C@H](O)[C@@H]1O,False,C14H16N4O7,352.1019,25
CC(=O)C[C@]1(C)O[C@@H](n2cnc3c(=O)[nH]c(=O)[nH]c32)[C@H](O)[C@@H]1O,False,C13H16N4O6,324.107,23
CC(=O)C[C@]1(C(C)=O)O[C@@H](n2cnc3c(=O)[nH]c(=O)[nH]c32)[C@H](O)[C@@H]1O,False,C14H16N4O7,352.1019,25
CC(=O)C[C@H]1O[C@@H](n2cnc3c(=O)[nH]c(=O)[nH]c32)[C@H](O)[C@@]1(C)O,False,C13H16N4O6,324.107,23
CC(=O)C[C@H]1O[C@@H](n2cnc3c(=O)[nH]c(=O)[nH]c32)[C@H](O)[C@]1(O)C(C)=O,False,C14H16N4O7,352.1019,25
CC(=O)C[C@H]1O[C@@H](n2cnc3c(=O)[nH]c(=O)[nH]c32)[C@@](C)(O)[C@@H]1O,False,C13H16N4O6,324.107,23
CC(=O)C[C@H]1O[C@@H](n2cnc3c(=O)[nH]c(=O)[nH]c32)[C@](O)(C(C)=O)[C@@H]1O,False,C14H16N4O7,352.1019,25
CC(=O)C[C@H]1O[C@](C)(n2cnc3c(=O)[nH]c(=O)[nH]c32)[C@H](O)[C@@H]1O,False,C13H16N4O6,324.107,23
CC(=O)C[C@H]1O[C@](C(C)=O)(n2cnc3c(=O)[nH]c(=O)[nH]c32)[C@H](O)[C@@H]1O,False,C14H16N4O7,352.1019,25
CC(=O)C[C@H]1O[C@@H](n2c(C)nc3c(=O)[nH]c(=O)[nH]c32)[C@H](O)[C@@H]1O,False,C13H16N4O6,324.107,23
CC(=O)C[C@H]1O[C@@H](n2c(C(C)=O)nc3c(=O)[nH]c(=O)[nH]c32)[C@H](O)[C@@H]1O,False,C14H16N4O7,352.1019,25
O=COC(=O)C[C@H]1O[C@@H](n2cnc3c(=O)[nH]c(=O)[nH]c32)[C@H](O)[C@@H]1O,False,C12H12N4O8,340.0655,24
CC(=O)OC(O)[C@]12O[C@@H](n3cnc4c(=O)[nH]c(=O)[nH]c43)[C@H](O)[C@@H]1O2,False,C12H12N4O8,340.0655,24
CC(=O)OC(O)[C@]12O[C@@H]([C@H](n3cnc4c(=O)[nH]c(=O)[nH]c43)O1)[C@@H]2O,False,C12H12N4O8,340.0655,24
CC(=O)OC(O)[C@H]1O[C@@H](n2cnc3c(=O)[nH]c(=O)[nH]c32)[C@@H]2O[C@]12O,False,C12H12N4O8,340.0655,24
O=C1CO[C@H]2[C@@H](O)[C@H](n3cnc4c(=O)[nH]c(=O)[nH]c43)O[C@@H]2C(O)O1,False,C12H12N4O8,340.0655,24
O=C1OC(O)CO[C@H]2[C@@H](O)[C@H](n3cnc4c(=O)[nH]c(=O)[nH]c43)O[C@H]12,False,C12H12N4O8,340.0655,24
O=C1CO[C@@H]2[C@H](O)[C@H](O[C@H]2n2cnc3c(=O)[nH]c(=O)[nH]c32)C(O)O1,False,C12H12N4O8,340.0655,24
O=C1OC(O)CO[C@@H]2[C@H](O)[C@@H]1O[C@H]2n1cnc2c(=O)[nH]c(=O)[nH]c21,False,C12H12N4O8,340.0655,24
CC(=O)OC(O)[C@H]1O[C@@H](n2cnc3c(=O)[nH]c(=O)[nH]c32)[C@]2(O)O[C@H]12,False,C12H12N4O8,340.0655,24
CC(=O)OC(O)[C@H]1O[C@@]2(n3cnc4c(=O)[nH]c(=O)[nH]c43)O[C@H]1[C@H]2O,False,C12H12N4O8,340.0655,24
CC(=O)OC(O)[C@H]1O[C@@]2(n3cnc4c(=O)[nH]c(=O)[nH]c43)O[C@@H]2[C@@H]1O,False,C12H12N4O8,340.0655,24
CC(=O)OC(O)[C@H]1O[C@@H]2[C@H](O)[C@@H]1Oc1nc3c(=O)[nH]c(=O)[nH]c3n12,False,C12H12N4O8,340.0655,24
CC(=O)OC(O)[C@H]1O[C@@H]2[C@H](Oc3nc4c(=O)[nH]c(=O)[nH]c4n32)[C@@H]1O,False,C12H12N4O8,340.0655,24
CC(=O)OC(O)[C@H]1O[C@@H](n2cnc3c(=O)[nH]c(=O)[nH]c32)[C@H](O)[C@@H]1O,False,C12H14N4O8,342.0812,24
CC(=O)OC(O)(C#N)[C@H]1O[C@@H](n2cnc3c(=O)[nH]c(=O)[nH]c32)[C@H](O)[C@@H]1O,False,C13H13N5O8,367.0764,26
O=C(CO)OC(O)[C@H]1O[C@@H](n2cnc3c(=O)[nH]c(=O)[nH]c32)[C@H](O)[C@@H]1O,False,C12H14N4O9,358.0761,25
CC(=O)C(=O)[C@H]1O[C@@H](n2cnc3c(=O)[nH]c(=O)[nH]c32)[C@H](O)[C@@H]1O,False,C12H12N4O7,324.0706,23
CC(=O)OC(=O)[C@H]1O[C@@H](n2cnc3c(=O)[nH]c(=O)n(C(C)=O)c32)[C@H](O)[C@@H]1O,False,C14H14N4O9,382.0761,27
CC(=O)OC(=O)[C@H]1O[C@@H](n2cnc3c(=O)n(C(C)=O)c(=O)[nH]c32)[C@H](O)[C@@H]1O,False,C14H14N4O9,382.0761,27
CC(=O)OC(=O)[C@]1(C)O[C@@H](n2cnc3c(=O)[nH]c(=O)[nH]c32)[C@H](O)[C@@H]1O,False,C13H14N4O8,354.0812,25
CC(=O)OC(=O)[C@H]1O[C@@H](n2cnc3c(=O)[nH]c(=O)[nH]c32)[C@H](O)[C@@]1(C)O,False,C13H14N4O8,354.0812,25
CC(=O)OC(=O)[C@H]1O[C@@H](n2cnc3c(=O)[nH]c(=O)[nH]c32)[C@@](C)(O)[C@@H]1O,False,C13H14N4O8,354.0812,25
CC(=O)OC(=O)[C@H]1O[C@](C)(n2cnc3c(=O)[nH]c(=O)[nH]c32)[C@H](O)[C@@H]1O,False,C13H14N4O8,354.0812,25
CC(=O)OC(=O)[C@H]1O[C@@H](n2c(C)nc3c(=O)[nH]c(=O)[nH]c32)[C@H](O)[C@@H]1O,False,C13H14N4O8,354.0812,25
CCC(=O)n1c(=O)[nH]c(=O)c2ncn([C@@H]3O[C@H](COC=O)[C@@H](O)[C@H]3O)c21,False,C14H16N4O8,368.0968,26
CC(=O)OC[C@H]1O[C@](C)(n2cnc3c(=O)[nH]c(=O)n(C=O)c32)[C@H](O)[C@@H]1O,False,C14H16N4O8,368.0968,26
CC(=O)n1c(=O)[nH]c(=O)c2ncn([C@@]3(C)O[C@H](COC=O)[C@@H](O)[C@H]3O)c21,False,C14H16N4O8,368.0968,26
CC(=O)OC[C@H]1O[C@@H](n2c(C)nc3c(=O)[nH]c(=O)n(C=O)c32)[C@H](O)[C@@H]1O,False,C14H16N4O8,368.0968,26
CC(=O)n1c(=O)[nH]c(=O)c2nc(C)n([C@@H]3O[C@H](COC=O)[C@@H](O)[C@H]3O)c21,False,C14H16N4O8,368.0968,26
CC(=O)OC[C@H]1O[C@@H](n2cnc3c(=O)[nH]c(=O)n(C=O)c32)[C@@](C)(O)[C@@H]1O,False,C14H16N4O8,368.0968,26
CC(=O)n1c(=O)[nH]c(=O)c2ncn([C@@H]3O[C@H](COC=O)[C@@H](O)[C@]3(C)O)c21,False,C14H16N4O8,368.0968,26
CC(=O)OC[C@]1(C)O[C@@H](n2cnc3c(=O)[nH]c(=O)n(C=O)c32)[C@H](O)[C@@H]1O,False,C14H16N4O8,368.0968,26
CC(=O)n1c(=O)[nH]c(=O)c2ncn([C@@H]3O[C@@](C)(COC=O)[C@@H](O)[C@H]3O)c21,False,C14H16N4O8,368.0968,26
CC(=O)OC[C@H]1O[C@@H](n2cnc3c(=O)[nH]c(=O)n(C=O)c32)[C@H](O)[C@@]1(C)O,False,C14H16N4O8,368.0968,26
CC(=O)n1c(=O)[nH]c(=O)c2ncn([C@@H]3O[C@H](COC=O)[C@](C)(O)[C@H]3O)c21,False,C14H16N4O8,368.0968,26
CC(=O)OC(C)[C@H]1O[C@@H](n2cnc3c(=O)[nH]c(=O)n(C=O)c32)[C@H](O)[C@@H]1O,False,C14H16N4O8,368.0968,26
CC(=O)n1c(=O)[nH]c(=O)c2ncn([C@@H]3O[C@H](C(C)OC=O)[C@@H](O)[C@H]3O)c21,False,C14H16N4O8,368.0968,26
CCC(=O)OC[C@H]1O[C@@H](n2cnc3c(=O)[nH]c(=O)n(C=O)c32)[C@H](O)[C@@H]1O,False,C14H16N4O8,368.0968,26
CC(=O)OC[C@H]1O[C@@H]2[C@H](OCC(O)n3c(=O)[nH]c(=O)c4ncn2c43)[C@@H]1O,False,C14H16N4O8,368.0968,26
CC(O)OC[C@H]1O[C@@H]2[C@H](OCC(=O)n3c(=O)[nH]c(=O)c4ncn2c43)[C@@H]1O,False,C14H16N4O8,368.0968,26
CC(=O)OC[C@H]1O[C@@H]2[C@H](O)[C@@H]1OCC(O)n1c(=O)[nH]c(=O)c3ncn2c31,False,C14H16N4O8,368.0968,26
CC(O)OC[C@H]1O[C@@H]2[C@H](O)[C@@H]1OCC(=O)n1c(=O)[nH]c(=O)c3ncn2c31,False,C14H16N4O8,368.0968,26
CC(=O)OC[C@H]1O[C@@]2(n3cnc4c(=O)[nH]c(=O)n(C(C)O)c43)O[C@@H]2[C@@H]1O,False,C14H16N4O8,368.0968,26
CC(=O)n1c(=O)[nH]c(=O)c2ncn([C@]34O[C@@H]3[C@H](O)[C@@H](COC(C)O)O4)c21,False,C14H16N4O8,368.0968,26
CC(=O)OC[C@H]1O[C@@]2(n3cnc4c(=O)[nH]c(=O)n(C(C)O)c43)O[C@H]1[C@H]2O,False,C14H16N4O8,368.0968,26
CC(=O)n1c(=O)[nH]c(=O)c2ncn([C@]34O[C@@H]([C@H]3O)[C@@H](COC(C)O)O4)c21,False,C14H16N4O8,368.0968,26
CC(=O)OC[C@H]1O[C@@H]2[C@H](Oc3nc4c(=O)[nH]c(=O)n(C(C)O)c4n32)[C@@H]1O,False,C14H16N4O8,368.0968,26
CC(=O)n1c(=O)[nH]c(=O)c2nc3n(c21)[C@@H]1O[C@H](COC(C)O)[C@@H](O)[C@H]1O3,False,C14H16N4O8,368.0968,26
CC(=O)OC[C@H]1O[C@@H]2[C@H](O)[C@@H]1Oc1nc3c(=O)[nH]c(=O)n(C(C)O)c3n12,False,C14H16N4O8,368.0968,26
CC(=O)n1c(=O)[nH]c(=O)c2nc3n(c21)[C@@H]1O[C@H](COC(C)O)[C@@H](O3)[C@H]1O,False,C14H16N4O8,368.0968,26
CC(=O)OC[C@H]1O[C@@H](n2cnc3c(=O)[nH]c(=O)n(C(C)O)c32)[C@]2(O)O[C@H]12,False,C14H16N4O8,368.0968,26
CC(=O)n1c(=O)[nH]c(=O)c2ncn([C@@H]3O[C@H](COC(C)O)[C@H]4O[C@]43O)c21,False,C14H16N4O8,368.0968,26
CC(=O)OC[C@]12O[C@@H]([C@H](n3cnc4c(=O)[nH]c(=O)n(C(C)O)c43)O1)[C@@H]2O,False,C14H16N4O8,368.0968,26
CC(=O)n1c(=O)[nH]c(=O)c2ncn([C@@H]3O[C@]4(COC(C)O)O[C@@H]3[C@@H]4O)c21,False,C14H16N4O8,368.0968,26
CC(=O)OC[C@]12O[C@@H](n3cnc4c(=O)[nH]c(=O)n(C(C)O)c43)[C@H](O)[C@@H]1O2,False,C14H16N4O8,368.0968,26
CC(=O)n1c(=O)[nH]c(=O)c2ncn([C@@H]3O[C@]4(COC(C)O)O[C@H]4[C@H]3O)c21,False,C14H16N4O8,368.0968,26
CC(=O)OC[C@H]1O[C@@H](n2cnc3c(=O)[nH]c(=O)n(C(C)O)c32)[C@@H]2O[C@]12O,False,C14H16N4O8,368.0968,26
CC(=O)n1c(=O)[nH]c(=O)c2ncn([C@@H]3O[C@H](COC(C)O)[C@@]4(O)O[C@@H]34)c21,False,C14H16N4O8,368.0968,26
CC(=O)OC1O[C@@H]2[C@H](O)[C@@H]1O[C@H]2n1cnc2c(=O)[nH]c(=O)n(C(C)O)c21,False,C14H16N4O8,368.0968,26
CC(=O)n1c(=O)[nH]c(=O)c2ncn([C@@H]3O[C@@H]4C(OC(C)O)O[C@@H]3[C@@H]4O)c21,False,C14H16N4O8,368.0968,26
CC(=O)OC1O[C@H]2[C@@H](O)[C@H](n3cnc4c(=O)[nH]c(=O)n(C(C)O)c43)O[C@H]12,False,C14H16N4O8,368.0968,26
CC(=O)n1c(=O)[nH]c(=O)c2ncn([C@@H]3O[C@@H]4C(OC(C)O)O[C@H]4[C@H]3O)c21,False,C14H16N4O8,368.0968,26
CC(O)n1c(=O)[nH]c(=O)c2ncn([C@@H]3O[C@@H]4COC(=O)CO[C@@H]3[C@@H]4O)c21,False,C14H16N4O8,368.0968,26
CC(=O)n1c(=O)[nH]c(=O)c2ncn([C@@H]3O[C@@H]4COC(O)CO[C@@H]3[C@@H]4O)c21,False,C14H16N4O8,368.0968,26
CC(O)n1c(=O)[nH]c(=O)c2ncn([C@@H]3O[C@@H]4COC(=O)CO[C@H]4[C@H]3O)c21,False,C14H16N4O8,368.0968,26
CC(=O)n1c(=O)[nH]c(=O)c2ncn([C@@H]3O[C@@H]4COC(O)CO[C@H]4[C@H]3O)c21,False,C14H16N4O8,368.0968,26
CC(=O)OC[C@H]1O[C@@H](n2cnc3c(=O)[nH]c(=O)n(C(C)O)c32)[C@H](O)[C@@H]1O,False,C14H18N4O8,370.1125,26
CC(=O)n1c(=O)[nH]c(=O)c2ncn([C@@H]3O[C@H](COC(C)O)[C@@H](O)[C@H]3O)c21,False,C14H18N4O8,370.1125,26
CCOC[C@H]1O[C@@H](n2cnc3c(=O)[nH]c(=O)n(C(C)=O)c32)[C@H](O)[C@@H]1O,False,C14H18N4O7,354.1175,25
CCC(=O)n1c(=O)[nH]c(=O)c2ncn([C@@H]3O[C@H](COC(C)=O)[C@@H](O)[C@H]3O)c21,False,C15H18N4O8,382.1125,27
CCC(=O)OC[C@H]1O[C@@H](n2cnc3c(=O)[nH]c(=O)n(C(C)=O)c32)[C@H](O)[C@@H]1O,False,C15H18N4O8,382.1125,27
CC(=O)n1c(=O)[nH]c(=O)c2ncn([C@@H]3O[C@H](CO)[C@@H](O)[C@H]3O)c21,False,C12H14N4O7,326.0862,23
CC(=O)OC[C@H]1O[C@@H](n2cnc3c(=O)[nH]c(=O)n(C(C)(O)C#N)c32)[C@H](O)[C@@H]1O,False,C15H17N5O8,395.1077,28
CC(=O)n1c(=O)[nH]c(=O)c2ncn([C@@H]3O[C@H](COC(C)(O)C#N)[C@@H](O)[C@H]3O)c21,False,C15H17N5O8,395.1077,28
CC(=O)OC[C@H]1O[C@@H](n2cnc3c(=O)[nH]c(=O)n(C(C)N)c32)[C@H](O)[C@@H]1O,False,C14H19N5O7,369.1284,26
CC(=O)n1c(=O)[nH]c(=O)c2ncn([C@@H]3O[C@H](COC(C)N)[C@@H](O)[C@H]3O)c21,False,C14H19N5O7,369.1284,26
CC(=O)OC[C@H]1O[C@@H](n2cnc3c(=O)[nH]c(=O)n(C(=O)CO)c32)[C@H](O)[C@@H]1O,False,C14H16N4O9,384.0917,27
CC(=O)n1c(=O)[nH]c(=O)c2ncn([C@@H]3O[C@H](COC(=O)CO)[C@@H](O)[C@H]3O)c21,False,C14H16N4O9,384.0917,27
COC(=O)n1c(=O)[nH]c(=O)c2ncn([C@@H]3O[C@H](COC(C)=O)[C@@H](O)[C@H]3O)c21,False,C14H16N4O9,384.0917,27
COC(=O)OC[C@H]1O[C@@H](n2cnc3c(=O)[nH]c(=O)n(C(C)=O)c32)[C@H](O)[C@@H]1O,False,C14H16N4O9,384.0917,27
CC(=O)n1c(=O)[nH]c(=O)c2ncn([C@@H]3O[C@H](C=O)[C@@H](O)[C@H]3O)c21,False,C12H12N4O7,324.0706,23
CC(=O)OC[C@H]1O[C@@H](n2cnc3c(=O)[nH]c(=O)n(C(O)CO)c32)[C@H](O)[C@@H]1O,False,C14H18N4O9,386.1074,27
CC(O)OC[C@H]1O[C@@H](n2cnc3c(=O)[nH]c(=O)n(C(=O)CO)c32)[C@H](O)[C@@H]1O,False,C14H18N4O9,386.1074,27
CC(O)n1c(=O)[nH]c(=O)c2ncn([C@@H]3O[C@H](COC(=O)CO)[C@@H](O)[C@H]3O)c21,False,C14H18N4O9,386.1074,27
CC(=O)n1c(=O)[nH]c(=O)c2ncn([C@@H]3O[C@H](COC(O)CO)[C@@H](O)[C@H]3O)c21,False,C14H18N4O9,386.1074,27
CC(=O)C[C@H]1O[C@@H](n2cnc3c(=O)[nH]c(=O)n(C(C)=O)c32)[C@H](O)[C@@H]1O,False,C14H16N4O7,352.1019,25
CC(=O)OC[C@H]1O[C@@H](n2cnc3c(=O)[nH]c(=O)n(C=O)c32)[C@H](O)[C@@H]1O,False,C13H14N4O8,354.0812,25
CC(=O)n1c(=O)[nH]c(=O)c2ncn([C@@H]3O[C@H](COC=O)[C@@H](O)[C@H]3O)c21,False,C13H14N4O8,354.0812,25
CC(=O)OC[C@H]1O[C@](C)(n2cnc3c(=O)[nH]c(=O)n(C(C)=O)c32)[C@H](O)[C@@H]1O,False,C15H18N4O8,382.1125,27
CC(=O)OC[C@H]1O[C@@H](n2c(C)nc3c(=O)[nH]c(=O)n(C(C)=O)c32)[C@H](O)[C@@H]1O,False,C15H18N4O8,382.1125,27
CC(=O)OC[C@H]1O[C@@H](n2cnc3c(=O)[nH]c(=O)n(C(C)=O)c32)[C@@](C)(O)[C@@H]1O,False,C15H18N4O8,382.1125,27
CC(=O)OC[C@]1(C)O[C@@H](n2cnc3c(=O)[nH]c(=O)n(C(C)=O)c32)[C@H](O)[C@@H]1O,False,C15H18N4O8,382.1125,27
CC(=O)OC[C@H]1O[C@@H](n2cnc3c(=O)[nH]c(=O)n(C(C)=O)c32)[C@H](O)[C@@]1(C)O,False,C15H18N4O8,382.1125,27
CC(=O)OC(C)[C@H]1O[C@@H](n2cnc3c(=O)[nH]c(=O)n(C(C)=O)c32)[C@H](O)[C@@H]1O,False,C15H18N4O8,382.1125,27
CCC(=O)n1c(=O)[nH]c2c(ncn2[C@@H]2O[C@H](COC=O)[C@@H](O)[C@H]2O)c1=O,False,C14H16N4O8,368.0968,26
CC(=O)OC[C@H]1O[C@@H](n2c(C)nc3c(=O)n(C=O)c(=O)[nH]c32)[C@H](O)[C@@H]1O,False,C14H16N4O8,368.0968,26
CC(=O)n1c(=O)[nH]c2c(nc(C)n2[C@@H]2O[C@H](COC=O)[C@@H](O)[C@H]2O)c1=O,False,C14H16N4O8,368.0968,26
CC(=O)OC[C@H]1O[C@](C)(n2cnc3c(=O)n(C=O)c(=O)[nH]c32)[C@H](O)[C@@H]1O,False,C14H16N4O8,368.0968,26
CC(=O)n1c(=O)[nH]c2c(ncn2[C@@]2(C)O[C@H](COC=O)[C@@H](O)[C@H]2O)c1=O,False,C14H16N4O8,368.0968,26
CC(=O)OC[C@H]1O[C@@H](n2cnc3c(=O)n(C=O)c(=O)[nH]c32)[C@@](C)(O)[C@@H]1O,False,C14H16N4O8,368.0968,26
CC(=O)n1c(=O)[nH]c2c(ncn2[C@@H]2O[C@H](COC=O)[C@@H](O)[C@]2(C)O)c1=O,False,C14H16N4O8,368.0968,26
CC(=O)OC[C@]1(C)O[C@@H](n2cnc3c(=O)n(C=O)c(=O)[nH]c32)[C@H](O)[C@@H]1O,False,C14H16N4O8,368.0968,26
CC(=O)n1c(=O)[nH]c2c(ncn2[C@@H]2O[C@@](C)(COC=O)[C@@H](O)[C@H]2O)c1=O,False,C14H16N4O8,368.0968,26
CC(=O)OC[C@H]1O[C@@H](n2cnc3c(=O)n(C=O)c(=O)[nH]c32)[C@H](O)[C@@]1(C)O,False,C14H16N4O8,368.0968,26
CC(=O)n1c(=O)[nH]c2c(ncn2[C@@H]2O[C@H](COC=O)[C@](C)(O)[C@H]2O)c1=O,False,C14H16N4O8,368.0968,26
CC(=O)OC(C)[C@H]1O[C@@H](n2cnc3c(=O)n(C=O)c(=O)[nH]c32)[C@H](O)[C@@H]1O,False,C14H16N4O8,368.0968,26
CC(=O)n1c(=O)[nH]c2c(ncn2[C@@H]2O[C@H](C(C)OC=O)[C@@H](O)[C@H]2O)c1=O,False,C14H16N4O8,368.0968,26
CCC(=O)OC[C@H]1O[C@@H](n2cnc3c(=O)n(C=O)c(=O)[nH]c32)[C@H](O)[C@@H]1O,False,C14H16N4O8,368.0968,26
CC(=O)OC[C@H]1O[C@@H]2[C@H](OCC(O)n3c(=O)[nH]c4c(ncn42)c3=O)[C@@H]1O,False,C14H16N4O8,368.0968,26
CC(O)OC[C@H]1O[C@@H]2[C@H](OCC(=O)n3c(=O)[nH]c4c(ncn42)c3=O)[C@@H]1O,False,C14H16N4O8,368.0968,26
CC(=O)OC[C@H]1O[C@@H]2[C@H](O)[C@@H]1OCC(O)n1c(=O)[nH]c3c(ncn32)c1=O,False,C14H16N4O8,368.0968,26
CC(O)OC[C@H]1O[C@@H]2[C@H](O)[C@@H]1OCC(=O)n1c(=O)[nH]c3c(ncn32)c1=O,False,C14H16N4O8,368.0968,26
CC(=O)OC[C@H]1O[C@@H]2[C@H](Oc3nc4c(=O)n(C(C)O)c(=O)[nH]c4n32)[C@@H]1O,False,C14H16N4O8,368.0968,26
CC(=O)n1c(=O)[nH]c2c(nc3n2[C@@H]2O[C@H](COC(C)O)[C@@H](O)[C@H]2O3)c1=O,False,C14H16N4O8,368.0968,26
CC(=O)OC[C@H]1O[C@@H]2[C@H](O)[C@@H]1Oc1nc3c(=O)n(C(C)O)c(=O)[nH]c3n12,False,C14H16N4O8,368.0968,26
CC(=O)n1c(=O)[nH]c2c(nc3n2[C@@H]2O[C@H](COC(C)O)[C@@H](O3)[C@H]2O)c1=O,False,C14H16N4O8,368.0968,26
CC(=O)OC[C@H]1O[C@@]2(n3cnc4c(=O)n(C(C)O)c(=O)[nH]c43)O[C@@H]2[C@@H]1O,False,C14H16N4O8,368.0968,26
CC(=O)n1c(=O)[nH]c2c(ncn2[C@]23O[C@@H]2[C@H](O)[C@@H](COC(C)O)O3)c1=O,False,C14H16N4O8,368.0968,26
CC(=O)OC[C@H]1O[C@@]2(n3cnc4c(=O)n(C(C)O)c(=O)[nH]c43)O[C@H]1[C@H]2O,False,C14H16N4O8,368.0968,26
CC(=O)n1c(=O)[nH]c2c(ncn2[C@]23O[C@@H]([C@H]2O)[C@@H](COC(C)O)O3)c1=O,False,C14H16N4O8,368.0968,26
CC(=O)OC[C@H]1O[C@@H](n2cnc3c(=O)n(C(C)O)c(=O)[nH]c32)[C@]2(O)O[C@H]12,False,C14H16N4O8,368.0968,26
CC(=O)n1c(=O)[nH]c2c(ncn2[C@@H]2O[C@H](COC(C)O)[C@H]3O[C@]32O)c1=O,False,C14H16N4O8,368.0968,26
CC(=O)OC[C@]12O[C@@H]([C@H](n3cnc4c(=O)n(C(C)O)c(=O)[nH]c43)O1)[C@@H]2O,False,C14H16N4O8,368.0968,26
CC(=O)n1c(=O)[nH]c2c(ncn2[C@@H]2O[C@]3(COC(C)O)O[C@@H]2[C@@H]3O)c1=O,False,C14H16N4O8,368.0968,26
CC(=O)OC[C@]12O[C@@H](n3cnc4c(=O)n(C(C)O)c(=O)[nH]c43)[C@H](O)[C@@H]1O2,False,C14H16N4O8,368.0968,26
CC(=O)n1c(=O)[nH]c2c(ncn2[C@@H]2O[C@]3(COC(C)O)O[C@H]3[C@H]2O)c1=O,False,C14H16N4O8,368.0968,26
CC(=O)OC[C@H]1O[C@@H](n2cnc3c(=O)n(C(C)O)c(=O)[nH]c32)[C@@H]2O[C@]12O,False,C14H16N4O8,368.0968,26
CC(=O)n1c(=O)[nH]c2c(ncn2[C@@H]2O[C@H](COC(C)O)[C@@]3(O)O[C@@H]23)c1=O,False,C14H16N4O8,368.0968,26
CC(=O)OC1O[C@@H]2[C@H](O)[C@@H]1O[C@H]2n1cnc2c(=O)n(C(C)O)c(=O)[nH]c21,False,C14H16N4O8,368.0968,26
CC(=O)n1c(=O)[nH]c2c(ncn2[C@@H]2O[C@@H]3C(OC(C)O)O[C@@H]2[C@@H]3O)c1=O,False,C14H16N4O8,368.0968,26
CC(=O)OC1O[C@H]2[C@@H](O)[C@H](n3cnc4c(=O)n(C(C)O)c(=O)[nH]c43)O[C@H]12,False,C14H16N4O8,368.0968,26
CC(=O)n1c(=O)[nH]c2c(ncn2[C@@H]2O[C@@H]3C(OC(C)O)O[C@H]3[C@H]2O)c1=O,False,C14H16N4O8,368.0968,26
CC(O)n1c(=O)[nH]c2c(ncn2[C@@H]2O[C@@H]3COC(=O)CO[C@@H]2[C@@H]3O)c1=O,False,C14H16N4O8,368.0968,26
CC(=O)n1c(=O)[nH]c2c(ncn2[C@@H]2O[C@@H]3COC(O)CO[C@@H]2[C@@H]3O)c1=O,False,C14H16N4O8,368.0968,26
CC(O)n1c(=O)[nH]c2c(ncn2[C@@H]2O[C@@H]3COC(=O)CO[C@H]3[C@H]2O)c1=O,False,C14H16N4O8,368.0968,26
CC(=O)n1c(=O)[nH]c2c(ncn2[C@@H]2O[C@@H]3COC(O)CO[C@H]3[C@H]2O)c1=O,False,C14H16N4O8,368.0968,26
CC(=O)OC[C@H]1O[C@@H](n2cnc3c(=O)n(C(C)O)c(=O)[nH]c32)[C@H](O)[C@@H]1O,False,C14H18N4O8,370.1125,26
CC(=O)n1c(=O)[nH]c2c(ncn2[C@@H]2O[C@H](COC(C)O)[C@@H](O)[C@H]2O)c1=O,False,C14H18N4O8,370.1125,26
CCOC[C@H]1O[C@@H](n2cnc3c(=O)n(C(C)=O)c(=O)[nH]c32)[C@H](O)[C@@H]1O,False,C14H18N4O7,354.1175,25
CCC(=O)n1c(=O)[nH]c2c(ncn2[C@@H]2O[C@H](COC(C)=O)[C@@H](O)[C@H]2O)c1=O,False,C15H18N4O8,382.1125,27
CCC(=O)OC[C@H]1O[C@@H](n2cnc3c(=O)n(C(C)=O)c(=O)[nH]c32)[C@H](O)[C@@H]1O,False,C15H18N4O8,382.1125,27
CC(=O)n1c(=O)[nH]c2c(ncn2[C@@H]2O[C@H](CO)[C@@H](O)[C@H]2O)c1=O,False,C12H14N4O7,326.0862,23
CC(=O)OC[C@H]1O[C@@H](n2cnc3c(=O)n(C(C)(O)C#N)c(=O)[nH]c32)[C@H](O)[C@@H]1O,False,C15H17N5O8,395.1077,28
CC(=O)n1c(=O)[nH]c2c(ncn2[C@@H]2O[C@H](COC(C)(O)C#N)[C@@H](O)[C@H]2O)c1=O,False,C15H17N5O8,395.1077,28
CC(=O)OC[C@H]1O[C@@H](n2cnc3c(=O)n(C(C)N)c(=O)[nH]c32)[C@H](O)[C@@H]1O,False,C14H19N5O7,369.1284,26
CC(=O)n1c(=O)[nH]c2c(ncn2[C@@H]2O[C@H](COC(C)N)[C@@H](O)[C@H]2O)c1=O,False,C14H19N5O7,369.1284,26
CC(=O)OC[C@H]1O[C@@H](n2cnc3c(=O)n(C(=O)CO)c(=O)[nH]c32)[C@H](O)[C@@H]1O,False,C14H16N4O9,384.0917,27
CC(=O)n1c(=O)[nH]c2c(ncn2[C@@H]2O[C@H](COC(=O)CO)[C@@H](O)[C@H]2O)c1=O,False,C14H16N4O9,384.0917,27
COC(=O)n1c(=O)[nH]c2c(ncn2[C@@H]2O[C@H](COC(C)=O)[C@@H](O)[C@H]2O)c1=O,False,C14H16N4O9,384.0917,27
COC(=O)OC[C@H]1O[C@@H](n2cnc3c(=O)n(C(C)=O)c(=O)[nH]c32)[C@H](O)[C@@H]1O,False,C14H16N4O9,384.0917,27
CC(=O)n1c(=O)[nH]c2c(ncn2[C@@H]2O[C@H](C=O)[C@@H](O)[C@H]2O)c1=O,False,C12H12N4O7,324.0706,23
CC(=O)OC[C@H]1O[C@@H](n2cnc3c(=O)n(C(O)CO)c(=O)[nH]c32)[C@H](O)[C@@H]1O,False,C14H18N4O9,386.1074,27
CC(O)OC[C@H]1O[C@@H](n2cnc3c(=O)n(C(=O)CO)c(=O)[nH]c32)[C@H](O)[C@@H]1O,False,C14H18N4O9,386.1074,27
CC(O)n1c(=O)[nH]c2c(ncn2[C@@H]2O[C@H](COC(=O)CO)[C@@H](O)[C@H]2O)c1=O,False,C14H18N4O9,386.1074,27
CC(=O)n1c(=O)[nH]c2c(ncn2[C@@H]2O[C@H](COC(O)CO)[C@@H](O)[C@H]2O)c1=O,False,C14H18N4O9,386.1074,27
CC(=O)C[C@H]1O[C@@H](n2cnc3c(=O)n(C(C)=O)c(=O)[nH]c32)[C@H](O)[C@@H]1O,False,C14H16N4O7,352.1019,25
CC(=O)OC[C@H]1O[C@@H](n2cnc3c(=O)n(C=O)c(=O)[nH]c32)[C@H](O)[C@@H]1O,False,C13H14N4O8,354.0812,25
CC(=O)n1c(=O)[nH]c2c(ncn2[C@@H]2O[C@H](COC=O)[C@@H](O)[C@H]2O)c1=O,False,C13H14N4O8,354.0812,25
CC(=O)OC[C@H]1O[C@@H](n2c(C)nc3c(=O)n(C(C)=O)c(=O)[nH]c32)[C@H](O)[C@@H]1O,False,C15H18N4O8,382.1125,27
CC(=O)OC[C@H]1O[C@](C)(n2cnc3c(=O)n(C(C)=O)c(=O)[nH]c32)[C@H](O)[C@@H]1O,False,C15H18N4O8,382.1125,27
CC(=O)OC[C@H]1O[C@@H](n2cnc3c(=O)n(C(C)=O)c(=O)[nH]c32)[C@@](C)(O)[C@@H]1O,False,C15H18N4O8,382.1125,27
CC(=O)OC[C@]1(C)O[C@@H](n2cnc3c(=O)n(C(C)=O)c(=O)[nH]c32)[C@H](O)[C@@H]1O,False,C15H18N4O8,382.1125,27
CC(=O)OC[C@H]1O[C@@H](n2cnc3c(=O)n(C(C)=O)c(=O)[nH]c32)[C@H](O)[C@@]1(C)O,False,C15H18N4O8,382.1125,27
CC(=O)OC(C)[C@H]1O[C@@H](n2cnc3c(=O)n(C(C)=O)c(=O)[nH]c32)[C@H](O)[C@@H]1O,False,C15H18N4O8,382.1125,27
CC(O)OC1CO[C@H]2[C@@H](O)[C@H](n3cnc4c(=O)[nH]c(=O)[nH]c43)O[C@H]12,False,C13H16N4O7,340.1019,24
CC(O)OC1CO[C@@H]2[C@H](O)[C@@H]1O[C@H]2n1cnc2c(=O)[nH]c(=O)[nH]c21,False,C13H16N4O7,340.1019,24
CC1OC(O)CO[C@H]2[C@@H](O)[C@H](n3cnc4c(=O)[nH]c(=O)[nH]c43)O[C@H]12,False,C13H16N4O7,340.1019,24
CC1OC(O)CO[C@@H]2[C@H](O)[C@@H]1O[C@H]2n1cnc2c(=O)[nH]c(=O)[nH]c21,False,C13H16N4O7,340.1019,24
CC(=O)OC(C)(C)[C@H]1O[C@@H](n2cnc3c(=O)[nH]c(=O)[nH]c32)[C@H](O)[C@@H]1O,False,C14H18N4O7,354.1175,25
CCC(OC(C)=O)[C@H]1O[C@@H](n2cnc3c(=O)[nH]c(=O)[nH]c32)[C@H](O)[C@@H]1O,False,C14H18N4O7,354.1175,25
CC(OC(=O)CC(=O)O)[C@H]1O[C@@H](n2cnc3c(=O)[nH]c(=O)[nH]c32)[C@H](O)[C@@H]1O,False,C14H16N4O9,384.0917,27
CC(=O)OC(C)(C(=O)O)[C@H]1O[C@@H](n2cnc3c(=O)[nH]c(=O)[nH]c32)[C@H](O)[C@@H]1O,False,C14H16N4O9,384.0917,27
CC(=O)OC(CC(=O)O)[C@H]1O[C@@H](n2cnc3c(=O)[nH]c(=O)[nH]c32)[C@H](O)[C@@H]1O,False,C14H16N4O9,384.0917,27
CC(=O)OC(C)(O)[C@H]1O[C@@H](n2cnc3c(=O)[nH]c(=O)[nH]c32)[C@H](O)[C@@H]1O,False,C13H16N4O8,356.0968,25
CC(=O)OC(CO)[C@H]1O[C@@H](n2cnc3c(=O)[nH]c(=O)[nH]c32)[C@H](O)[C@@H]1O,False,C13H16N4O8,356.0968,25
CC(OC(=O)CO)[C@H]1O[C@@H](n2cnc3c(=O)[nH]c(=O)[nH]c32)[C@H](O)[C@@H]1O,False,C13H16N4O8,356.0968,25
COC(=O)OC(C)[C@H]1O[C@@H](n2cnc3c(=O)[nH]c(=O)[nH]c32)[C@H](O)[C@@H]1O,False,C13H16N4O8,356.0968,25
CC(O)OC(C)(O)[C@H]1O[C@@H](n2cnc3c(=O)[nH]c(=O)[nH]c32)[C@H](O)[C@@H]1O,False,C13H18N4O8,358.1125,25
CC(O)OC(CO)[C@H]1O[C@@H](n2cnc3c(=O)[nH]c(=O)[nH]c32)[C@H](O)[C@@H]1O,False,C13H18N4O8,358.1125,25
CC(OC(O)CO)[C@H]1O[C@@H](n2cnc3c(=O)[nH]c(=O)[nH]c32)[C@H](O)[C@@H]1O,False,C13H18N4O8,358.1125,25
CC(=O)OC(C)[C@]1(C)O[C@@H](n2cnc3c(=O)[nH]c(=O)[nH]c32)[C@H](O)[C@@H]1O,False,C14H18N4O7,354.1175,25
CC(=O)OC(C)[C@H]1O[C@@H](n2cnc3c(=O)[nH]c(=O)[nH]c32)[C@H](O)[C@@]1(C)O,False,C14H18N4O7,354.1175,25
CC(=O)OC(C)[C@H]1O[C@@H](n2cnc3c(=O)[nH]c(=O)[nH]c32)[C@@](C)(O)[C@@H]1O,False,C14H18N4O7,354.1175,25
CC(=O)OC(C)[C@H]1O[C@](C)(n2cnc3c(=O)[nH]c(=O)[nH]c32)[C@H](O)[C@@H]1O,False,C14H18N4O7,354.1175,25
CC(=O)OC(C)[C@H]1O[C@@H](n2c(C)nc3c(=O)[nH]c(=O)[nH]c32)[C@H](O)[C@@H]1O,False,C14H18N4O7,354.1175,25
CC(=O)OC[C@]1(n2cnc3c(=O)[nH]c(=O)[nH]c32)O[C@H](C)[C@@H](O)[C@H]1O,False,C13H16N4O7,340.1019,24
C[C@@]1(COC=O)O[C@@H](n2cnc3c(=O)[nH]c(=O)[nH]c32)[C@H](O)[C@@]1(C)O,False,C13H16N4O7,340.1019,24
C[C@@]1(O)[C@H](n2cnc3c(=O)[nH]c(=O)[nH]c32)O[C@@](C)(COC=O)[C@H]1O,False,C13H16N4O7,340.1019,24
C[C@]1(n2cnc3c(=O)[nH]c(=O)[nH]c32)O[C@@](C)(COC=O)[C@@H](O)[C@H]1O,False,C13H16N4O7,340.1019,24
Cc1nc2c(=O)[nH]c(=O)[nH]c2n1[C@@H]1O[C@@](C)(COC=O)[C@@H](O)[C@H]1O,False,C13H16N4O7,340.1019,24
CC(O)OC[C@@]12CO[C@H]1[C@@H](O)[C@H](n1cnc3c(=O)[nH]c(=O)[nH]c31)O2,False,C13H16N4O7,340.1019,24
CC(O)OC[C@]12CO[C@@H]([C@H](n3cnc4c(=O)[nH]c(=O)[nH]c43)O1)[C@@H]2O,False,C13H16N4O7,340.1019,24
C[C@]12COC(O)CO[C@H]1[C@@H](O)[C@H](n1cnc3c(=O)[nH]c(=O)[nH]c31)O2,False,C13H16N4O7,340.1019,24
C[C@@]12COC(O)CO[C@@H]([C@H](n3cnc4c(=O)[nH]c(=O)[nH]c43)O1)[C@@H]2O,False,C13H16N4O7,340.1019,24
C[C@@]1(COC(=O)CC(=O)O)O[C@@H](n2cnc3c(=O)[nH]c(=O)[nH]c32)[C@H](O)[C@@H]1O,False,C14H16N4O9,384.0917,27
C[C@@]1(COC(=O)CO)O[C@@H](n2cnc3c(=O)[nH]c(=O)[nH]c32)[C@H](O)[C@@H]1O,False,C13H16N4O8,356.0968,25
COC(=O)OC[C@]1(C)O[C@@H](n2cnc3c(=O)[nH]c(=O)[nH]c32)[C@H](O)[C@@H]1O,False,C13H16N4O8,356.0968,25
C[C@@]1(COC(O)CO)O[C@@H](n2cnc3c(=O)[nH]c(=O)[nH]c32)[C@H](O)[C@@H]1O,False,C13H18N4O8,358.1125,25
CC[C@@]1(COC(C)=O)O[C@@H](n2cnc3c(=O)[nH]c(=O)[nH]c32)[C@H](O)[C@@H]1O,False,C14H18N4O7,354.1175,25
CC(=O)OC[C@]1(C)O[C@@H](n2cnc3c(=O)[nH]c(=O)[nH]c32)[C@H](O)[C@@]1(C)O,False,C14H18N4O7,354.1175,25
CC(=O)OC[C@]1(C)O[C@@H](n2cnc3c(=O)[nH]c(=O)[nH]c32)[C@@](C)(O)[C@@H]1O,False,C14H18N4O7,354.1175,25
CC(=O)OC[C@]1(C)O[C@](C)(n2cnc3c(=O)[nH]c(=O)[nH]c32)[C@H](O)[C@@H]1O,False,C14H18N4O7,354.1175,25
CC(=O)OC[C@]1(C)O[C@@H](n2c(C)nc3c(=O)[nH]c(=O)[nH]c32)[C@H](O)[C@@H]1O,False,C14H18N4O7,354.1175,25
C[C@]1(O)[C@@H](COC=O)O[C@@H](n2cnc3c(=O)[nH]c(=O)[nH]c32)[C@@]1(C)O,False,C13H16N4O7,340.1019,24
C[C@@]1(O)[C@@H](O)[C@@](C)(n2cnc3c(=O)[nH]c(=O)[nH]c32)O[C@@H]1COC=O,False,C13H16N4O7,340.1019,24
Cc1nc2c(=O)[nH]c(=O)[nH]c2n1[C@@H]1O[C@H](COC=O)[C@](C)(O)[C@H]1O,False,C13H16N4O7,340.1019,24
CC(O)OC[C@H]1O[C@@H](n2cnc3c(=O)[nH]c(=O)[nH]c32)[C@H](O)[C@]12CO2,False,C13H16N4O7,340.1019,24
CC(O)OC[C@H]1O[C@@H](n2cnc3c(=O)[nH]c(=O)[nH]c32)[C@@H]2OC[C@]12O,False,C13H16N4O7,340.1019,24
C[C@]12OCC(O)OC[C@H]1O[C@@H](n1cnc3c(=O)[nH]c(=O)[nH]c31)[C@@H]2O,False,C13H16N4O7,340.1019,24
C[C@]1(O)[C@H]2COC(O)CO[C@H]1[C@H](n1cnc3c(=O)[nH]c(=O)[nH]c31)O2,False,C13H16N4O7,340.1019,24
C[C@]1(O)[C@@H](COC(=O)CC(=O)O)O[C@@H](n2cnc3c(=O)[nH]c(=O)[nH]c32)[C@@H]1O,False,C14H16N4O9,384.0917,27
C[C@]1(O)[C@@H](COC(=O)CO)O[C@@H](n2cnc3c(=O)[nH]c(=O)[nH]c32)[C@@H]1O,False,C13H16N4O8,356.0968,25
COC(=O)OC[C@H]1O[C@@H](n2cnc3c(=O)[nH]c(=O)[nH]c32)[C@H](O)[C@@]1(C)O,False,C13H16N4O8,356.0968,25
C[C@]1(O)[C@@H](COC(O)CO)O[C@@H](n2cnc3c(=O)[nH]c(=O)[nH]c32)[C@@H]1O,False,C13H18N4O8,358.1125,25
CC[C@]1(O)[C@@H](COC(C)=O)O[C@@H](n2cnc3c(=O)[nH]c(=O)[nH]c32)[C@@H]1O,False,C14H18N4O7,354.1175,25
CC(=O)OC[C@H]1O[C@@H](n2cnc3c(=O)[nH]c(=O)[nH]c32)[C@@](C)(O)[C@@]1(C)O,False,C14H18N4O7,354.1175,25
CC(=O)OC[C@H]1O[C@](C)(n2cnc3c(=O)[nH]c(=O)[nH]c32)[C@H](O)[C@@]1(C)O,False,C14H18N4O7,354.1175,25
CC(=O)OC[C@H]1O[C@@H](n2c(C)nc3c(=O)[nH]c(=O)[nH]c32)[C@H](O)[C@@]1(C)O,False,C14H18N4O7,354.1175,25
C[C@]1(O)[C@H](O)[C@@H](COC=O)O[C@]1(C)n1cnc2c(=O)[nH]c(=O)[nH]c21,False,C13H16N4O7,340.1019,24
Cc1nc2c(=O)[nH]c(=O)[nH]c2n1[C@@H]1O[C@H](COC=O)[C@@H](O)[C@]1(C)O,False,C13H16N4O7,340.1019,24
CC(O)OC[C@H]1O[C@@H](n2cnc3c(=O)[nH]c(=O)[nH]c32)[C@]2(CO2)[C@@H]1O,False,C13H16N4O7,340.1019,24
CC(O)OC[C@H]1O[C@@H](n2cnc3c(=O)[nH]c(=O)[nH]c32)[C@]2(O)CO[C@H]12,False,C13H16N4O7,340.1019,24
C[C@@]12OCC(O)OC[C@@H](O[C@H]1n1cnc3c(=O)[nH]c(=O)[nH]c31)[C@H]2O,False,C13H16N4O7,340.1019,24
C[C@]1(O)[C@@H]2OCC(O)OC[C@H]2O[C@H]1n1cnc2c(=O)[nH]c(=O)[nH]c21,False,C13H16N4O7,340.1019,24
C[C@]1(O)[C@H](O)[C@@H](COC(=O)CC(=O)O)O[C@H]1n1cnc2c(=O)[nH]c(=O)[nH]c21,False,C14H16N4O9,384.0917,27
C[C@]1(O)[C@H](O)[C@@H](COC(=O)CO)O[C@H]1n1cnc2c(=O)[nH]c(=O)[nH]c21,False,C13H16N4O8,356.0968,25
COC(=O)OC[C@H]1O[C@@H](n2cnc3c(=O)[nH]c(=O)[nH]c32)[C@@](C)(O)[C@@H]1O,False,C13H16N4O8,356.0968,25
C[C@]1(O)[C@H](O)[C@@H](COC(O)CO)O[C@H]1n1cnc2c(=O)[nH]c(=O)[nH]c21,False,C13H18N4O8,358.1125,25
CC[C@]1(O)[C@H](O)[C@@H](COC(C)=O)O[C@H]1n1cnc2c(=O)[nH]c(=O)[nH]c21,False,C14H18N4O7,354.1175,25
CC(=O)OC[C@H]1O[C@](C)(n2cnc3c(=O)[nH]c(=O)[nH]c32)[C@@](C)(O)[C@@H]1O,False,C14H18N4O7,354.1175,25
CC(=O)OC[C@H]1O[C@@H](n2c(C)nc3c(=O)[nH]c(=O)[nH]c32)[C@@](C)(O)[C@@H]1O,False,C14H18N4O7,354.1175,25
Cc1nc2c(=O)[nH]c(=O)[nH]c2n1[C@@]1(C)O[C@H](COC=O)[C@@H](O)[C@H]1O,False,C13H16N4O7,340.1019,24
CC(O)OC[C@H]1O[C@@]2(n3cnc4c(=O)[nH]c(=O)[nH]c43)CO[C@@H]2[C@@H]1O,False,C13H16N4O7,340.1019,24
CC(O)OC[C@H]1O[C@@]2(n3cnc4c(=O)[nH]c(=O)[nH]c43)CO[C@H]1[C@H]2O,False,C13H16N4O7,340.1019,24
C[C@]1(n2cnc3c(=O)[nH]c(=O)[nH]c32)O[C@@H]2COC(O)CO[C@@H]1[C@@H]2O,False,C13H16N4O7,340.1019,24
C[C@]1(n2cnc3c(=O)[nH]c(=O)[nH]c32)O[C@@H]2COC(O)CO[C@H]2[C@H]1O,False,C13H16N4O7,340.1019,24
C[C@]1(n2cnc3c(=O)[nH]c(=O)[nH]c32)O[C@H](COC(=O)CC(=O)O)[C@@H](O)[C@H]1O,False,C14H16N4O9,384.0917,27
C[C@]1(n2cnc3c(=O)[nH]c(=O)[nH]c32)O[C@H](COC(=O)CO)[C@@H](O)[C@H]1O,False,C13H16N4O8,356.0968,25
COC(=O)OC[C@H]1O[C@](C)(n2cnc3c(=O)[nH]c(=O)[nH]c32)[C@H](O)[C@@H]1O,False,C13H16N4O8,356.0968,25
C[C@]1(n2cnc3c(=O)[nH]c(=O)[nH]c32)O[C@H](COC(O)CO)[C@@H](O)[C@H]1O,False,C13H18N4O8,358.1125,25
CC[C@]1(n2cnc3c(=O)[nH]c(=O)[nH]c32)O[C@H](COC(C)=O)[C@@H](O)[C@H]1O,False,C14H18N4O7,354.1175,25
CC(=O)OC[C@H]1O[C@](C)(n2c(C)nc3c(=O)[nH]c(=O)[nH]c32)[C@H](O)[C@@H]1O,False,C14H18N4O7,354.1175,25
CC(O)OC[C@H]1O[C@@H]2[C@H](OCc3nc4c(=O)[nH]c(=O)[nH]c4n32)[C@@H]1O,False,C13H16N4O7,340.1019,24
CC(O)OC[C@H]1O[C@@H]2[C@H](O)[C@@H]1OCc1nc3c(=O)[nH]c(=O)[nH]c3n12,False,C13H16N4O7,340.1019,24
Cc1nc2c(=O)[nH]c(=O)[nH]c2n1[C@@H]1O[C@@H]2COC(O)CO[C@@H]1[C@@H]2O,False,C13H16N4O7,340.1019,24
Cc1nc2c(=O)[nH]c(=O)[nH]c2n1[C@@H]1O[C@@H]2COC(O)CO[C@H]2[C@H]1O,False,C13H16N4O7,340.1019,24
Cc1nc2c(=O)[nH]c(=O)[nH]c2n1[C@@H]1O[C@H](COC(=O)CC(=O)O)[C@@H](O)[C@H]1O,False,C14H16N4O9,384.0917,27
Cc1nc2c(=O)[nH]c(=O)[nH]c2n1[C@@H]1O[C@H](COC(=O)CO)[C@@H](O)[C@H]1O,False,C13H16N4O8,356.0968,25
COC(=O)OC[C@H]1O[C@@H](n2c(C)nc3c(=O)[nH]c(=O)[nH]c32)[C@H](O)[C@@H]1O,False,C13H16N4O8,356.0968,25
Cc1nc2c(=O)[nH]c(=O)[nH]c2n1[C@@H]1O[C@H](COC(O)CO)[C@@H](O)[C@H]1O,False,C13H18N4O8,358.1125,25
CCc1nc2c(=O)[nH]c(=O)[nH]c2n1[C@@H]1O[C@H](COC(C)=O)[C@@H](O)[C@H]1O,False,C14H18N4O7,354.1175,25
O=c1[nH]c(=O)c2ncn([C@@H]3O[C@H](CO)[C@@]4(OCO)CO[C@@H]34)c2[nH]1,False,C12H14N4O7,326.0862,23
O=c1[nH]c(=O)c2ncn([C@@H]3O[C@@H]4COC[C@@]4(OCO)[C@H]3O)c2[nH]1,False,C12H14N4O7,326.0862,23
C[C@]1(OCO)[C@H]2CO[C@@]1(O)[C@H](n1cnc3c(=O)[nH]c(=O)[nH]c31)O2,False,C12H14N4O7,326.0862,23
C[C@@]1(OCO)[C@H]2O[C@@]1(CO)O[C@H]2n1cnc2c(=O)[nH]c(=O)[nH]c21,False,C12H14N4O7,326.0862,23
C[C@@]1(OCO)[C@@H](O)[C@H](n2cnc3c(=O)[nH]c(=O)[nH]c32)O[C@@]12CO2,False,C12H14N4O7,326.0862,23
C[C@@]1(OCO)[C@H]2O[C@]2(n2cnc3c(=O)[nH]c(=O)[nH]c32)O[C@@H]1CO,False,C12H14N4O7,326.0862,23
C[C@@]1(OCO)[C@@H](O)[C@]2(n3cnc4c(=O)[nH]c(=O)[nH]c43)OC[C@H]1O2,False,C12H14N4O7,326.0862,23
C[C@]1(OCO)[C@@H]2O[C@@H](n3cnc4c(=O)[nH]c(=O)[nH]c43)[C@@H]1OC2O,False,C12H14N4O7,326.0862,23
C[C@]1(OCO)[C@@H](CO)O[C@@H]2[C@@H]1Oc1nc3c(=O)[nH]c(=O)[nH]c3n12,False,C12H14N4O7,326.0862,23
C[C@]1(OCO)[C@H]2COc3nc4c(=O)[nH]c(=O)[nH]c4n3[C@H](O2)[C@@H]1O,False,C12H14N4O7,326.0862,23
CO[C@@]1(C)[C@@H](CO)O[C@@H](n2cnc3c(=O)[nH]c(=O)[nH]c32)[C@@H]1O,False,C12H16N4O6,312.107,22
CC(=O)O[C@H]1[C@H](n2cnc3c(=O)[nH]c(=O)[nH]c32)O[C@H](CO)[C@]1(C)OC=O,False,C14H16N4O8,368.0968,26
C[C@H]1O[C@@H](n2cnc3c(=O)[nH]c(=O)[nH]c32)[C@H](O)[C@@]1(C)OC=O,False,C12H14N4O6,310.0913,22
C[C@]1(OC=O)[C@@H](C(=O)O)O[C@@H](n2cnc3c(=O)[nH]c(=O)[nH]c32)[C@@H]1O,False,C12H12N4O8,340.0655,24
C[C@]1(OC=O)[C@@H](CO)O[C@@H](n2cnc3c(=O)[nH]c(=O)[nH]c32)[C@@H]1OC=O,False,C13H14N4O8,354.0812,25
O=c1[nH]c(=O)c2ncn([C@@H]3O[C@H](CO)[C@@H](OCO)[C@@]34CO4)c2[nH]1,False,C12H14N4O7,326.0862,23
O=c1[nH]c(=O)c2ncn([C@@H]3O[C@@H]4COC[C@]3(O)[C@@H]4OCO)c2[nH]1,False,C12H14N4O7,326.0862,23
C[C@]12O[C@]1(OCO)[C@@H](CO)O[C@H]2n1cnc2c(=O)[nH]c(=O)[nH]c21,False,C12H14N4O7,326.0862,23
C[C@@]1(O)[C@H](n2cnc3c(=O)[nH]c(=O)[nH]c32)O[C@@H]2CO[C@]21OCO,False,C12H14N4O7,326.0862,23
C[C@@]12O[C@]1(n1cnc3c(=O)[nH]c(=O)[nH]c31)O[C@H](CO)[C@H]2OCO,False,C12H14N4O7,326.0862,23
C[C@]1(O)[C@H](OCO)[C@H]2CO[C@]1(n1cnc3c(=O)[nH]c(=O)[nH]c31)O2,False,C12H14N4O7,326.0862,23
C[C@@]12O[C@@](CO)(O[C@H]1n1cnc3c(=O)[nH]c(=O)[nH]c31)[C@H]2OCO,False,C12H14N4O7,326.0862,23
C[C@]1(O)[C@H](OCO)[C@]2(CO2)O[C@H]1n1cnc2c(=O)[nH]c(=O)[nH]c21,False,C12H14N4O7,326.0862,23
C[C@@]12OC(O)[C@@H](O[C@H]1n1cnc3c(=O)[nH]c(=O)[nH]c31)[C@H]2OCO,False,C12H14N4O7,326.0862,23
C[C@@]12Oc3nc4c(=O)[nH]c(=O)[nH]c4n3[C@@H]1O[C@H](CO)[C@H]2OCO,False,C12H14N4O7,326.0862,23
C[C@]1(O)[C@H](OCO)[C@H]2COc3nc4c(=O)[nH]c(=O)[nH]c4n3[C@@H]1O2,False,C12H14N4O7,326.0862,23
CO[C@@H]1[C@@H](CO)O[C@@H](n2cnc3c(=O)[nH]c(=O)[nH]c32)[C@@]1(C)O,False,C12H16N4O6,312.107,22
CC(=O)O[C@@]1(C)[C@H](OC=O)[C@@H](CO)O[C@H]1n1cnc2c(=O)[nH]c(=O)[nH]c21,False,C14H16N4O8,368.0968,26
C[C@H]1O[C@@H](n2cnc3c(=O)[nH]c(=O)[nH]c32)[C@@](C)(O)[C@@H]1OC=O,False,C12H14N4O6,310.0913,22
C[C@]1(O)[C@H](OC=O)[C@@H](C(=O)O)O[C@H]1n1cnc2c(=O)[nH]c(=O)[nH]c21,False,C12H12N4O8,340.0655,24
C[C@]1(OC=O)[C@H](OC=O)[C@@H](CO)O[C@H]1n1cnc2c(=O)[nH]c(=O)[nH]c21,False,C13H14N4O8,354.0812,25
C[C@H]1O[C@](CO)(n2cnc3c(=O)[nH]c(=O)[nH]c32)[C@H](O)[C@@H]1OC=O,False,C12H14N4O7,326.0862,23
O=c1[nH]c(=O)c2ncn([C@@H]3OC4(COC4)[C@@H](OCO)[C@H]3O)c2[nH]1,False,C12H14N4O7,326.0862,23
O=c1[nH]c(=O)c2ncn([C@@H]3O[C@]4(CO)CO[C@@H]3[C@@H]4OCO)c2[nH]1,False,C12H14N4O7,326.0862,23
C[C@]12CO[C@@]1(OCO)[C@@H](O)[C@H](n1cnc3c(=O)[nH]c(=O)[nH]c31)O2,False,C12H14N4O7,326.0862,23
C[C@@]1(CO)O[C@@H](n2cnc3c(=O)[nH]c(=O)[nH]c32)[C@@H]2O[C@@]21OCO,False,C12H14N4O7,326.0862,23
C[C@]12O[C@@H](n3cnc4c(=O)[nH]c(=O)[nH]c43)[C@H](OC1O)[C@@H]2OCO,False,C12H14N4O7,326.0862,23
C[C@@]12CO[C@@](O)([C@H](n3cnc4c(=O)[nH]c(=O)[nH]c43)O1)[C@@H]2OCO,False,C12H14N4O7,326.0862,23
C[C@@]12CO[C@](n3cnc4c(=O)[nH]c(=O)[nH]c43)(O1)[C@H](O)[C@@H]2OCO,False,C12H14N4O7,326.0862,23
C[C@@]1(CO)O[C@@]2(n3cnc4c(=O)[nH]c(=O)[nH]c43)O[C@@H]2[C@@H]1OCO,False,C12H14N4O7,326.0862,23
C[C@@]12COc3nc4c(=O)[nH]c(=O)[nH]c4n3[C@H](O1)[C@H](O)[C@@H]2OCO,False,C12H14N4O7,326.0862,23
C[C@@]1(CO)O[C@@H]2[C@H](Oc3nc4c(=O)[nH]c(=O)[nH]c4n32)[C@@H]1OCO,False,C12H14N4O7,326.0862,23
CO[C@H]1[C@@H](O)[C@H](n2cnc3c(=O)[nH]c(=O)[nH]c32)O[C@@]1(C)CO,False,C12H16N4O6,312.107,22
CC(=O)O[C@H]1[C@H](n2cnc3c(=O)[nH]c(=O)[nH]c32)O[C@@](C)(CO)[C@H]1OC=O,False,C14H16N4O8,368.0968,26
CC1(C)O[C@@H](n2cnc3c(=O)[nH]c(=O)[nH]c32)[C@H](O)[C@@H]1OC=O,False,C12H14N4O6,310.0913,22
C[C@@]1(C(=O)O)O[C@@H](n2cnc3c(=O)[nH]c(=O)[nH]c32)[C@H](O)[C@@H]1OC=O,False,C12H12N4O8,340.0655,24
C[C@@]1(CO)O[C@@H](n2cnc3c(=O)[nH]c(=O)[nH]c32)[C@H](OC=O)[C@@H]1OC=O,False,C13H14N4O8,354.0812,25
O=c1[nH]c(=O)c2ncn([C@]34CO[C@@H]3[C@H](OCO)[C@@H](CO)O4)c2[nH]1,False,C12H14N4O7,326.0862,23
O=c1[nH]c(=O)c2ncn([C@@]34COC[C@@H](O3)[C@@H](OCO)[C@H]4O)c2[nH]1,False,C12H14N4O7,326.0862,23
C[C@]1(n2cnc3c(=O)[nH]c(=O)[nH]c32)O[C@@H]2CO[C@]1(O)[C@@H]2OCO,False,C12H14N4O7,326.0862,23
C[C@]1(n2cnc3c(=O)[nH]c(=O)[nH]c32)O[C@H](CO)[C@@]2(OCO)O[C@H]21,False,C12H14N4O7,326.0862,23
C[C@]1(n2cnc3c(=O)[nH]c(=O)[nH]c32)O[C@@H]2CO[C@@]2(OCO)[C@H]1O,False,C12H14N4O7,326.0862,23
C[C@]12O[C@H](CO)[C@@H](OCO)[C@H]1Oc1nc3c(=O)[nH]c(=O)[nH]c3n12,False,C12H14N4O7,326.0862,23
C[C@@]12O[C@H](COc3nc4c(=O)[nH]c(=O)[nH]c4n31)[C@@H](OCO)[C@H]2O,False,C12H14N4O7,326.0862,23
C[C@]1(n2cnc3c(=O)[nH]c(=O)[nH]c32)O[C@]2(CO)O[C@@H]1[C@@H]2OCO,False,C12H14N4O7,326.0862,23
C[C@]1(n2cnc3c(=O)[nH]c(=O)[nH]c32)O[C@@]2(CO2)[C@@H](OCO)[C@H]1O,False,C12H14N4O7,326.0862,23
C[C@]1(n2cnc3c(=O)[nH]c(=O)[nH]c32)O[C@@H]2C(O)O[C@@H]1[C@@H]2OCO,False,C12H14N4O7,326.0862,23
CO[C@H]1[C@@H](O)[C@@](C)(n2cnc3c(=O)[nH]c(=O)[nH]c32)O[C@@H]1CO,False,C12H16N4O6,312.107,22
CC(=O)O[C@@H]1[C@H](OC=O)[C@@H](CO)O[C@]1(C)n1cnc2c(=O)[nH]c(=O)[nH]c21,False,C14H16N4O8,368.0968,26
C[C@H]1O[C@](C)(n2cnc3c(=O)[nH]c(=O)[nH]c32)[C@H](O)[C@@H]1OC=O,False,C12H14N4O6,310.0913,22
C[C@]1(n2cnc3c(=O)[nH]c(=O)[nH]c32)O[C@H](C(=O)O)[C@@H](OC=O)[C@H]1O,False,C12H12N4O8,340.0655,24
C[C@]1(n2cnc3c(=O)[nH]c(=O)[nH]c32)O[C@H](CO)[C@@H](OC=O)[C@H]1OC=O,False,C13H14N4O8,354.0812,25
O=CO[C@@H]1CO[C@@H](n2cnc3c(=O)[nH]c(=O)[nH]c32)[C@@H]1O,False,C10H10N4O6,282.06,20
CC1(O)O[C@@H]2[C@H](OCO)[C@@H]1O[C@H]2n1cnc2c(=O)[nH]c(=O)[nH]c21,False,C12H14N4O7,326.0862,23
O=c1[nH]c(=O)c2ncn([C@@H]3O[C@H](C4CO4)[C@@H](OCO)[C@H]3O)c2[nH]1,False,C12H14N4O7,326.0862,23
O=c1[nH]c(=O)c2ncn([C@@H]3O[C@@H]4C(O)CO[C@@H]3[C@@H]4OCO)c2[nH]1,False,C12H14N4O7,326.0862,23
CC1O[C@]12O[C@@H](n1cnc3c(=O)[nH]c(=O)[nH]c31)[C@H](O)[C@@H]2OCO,False,C12H14N4O7,326.0862,23
CC(O)[C@]12O[C@@H]([C@H](n3cnc4c(=O)[nH]c(=O)[nH]c43)O1)[C@@H]2OCO,False,C12H14N4O7,326.0862,23
CC1O[C@]2(OCO)[C@@H]1O[C@@H](n1cnc3c(=O)[nH]c(=O)[nH]c31)[C@@H]2O,False,C12H14N4O7,326.0862,23
CC(O)[C@H]1O[C@@H](n2cnc3c(=O)[nH]c(=O)[nH]c32)[C@@H]2O[C@]12OCO,False,C12H14N4O7,326.0862,23
CC1O[C@]2(O)[C@H](OCO)[C@@H]1O[C@H]2n1cnc2c(=O)[nH]c(=O)[nH]c21,False,C12H14N4O7,326.0862,23
CC1O[C@]2(n3cnc4c(=O)[nH]c(=O)[nH]c43)O[C@H]1[C@@H](OCO)[C@H]2O,False,C12H14N4O7,326.0862,23
CC(O)[C@H]1O[C@@]2(n3cnc4c(=O)[nH]c(=O)[nH]c43)O[C@@H]2[C@@H]1OCO,False,C12H14N4O7,326.0862,23
CC1Oc2nc3c(=O)[nH]c(=O)[nH]c3n2[C@@H]2O[C@H]1[C@@H](OCO)[C@H]2O,False,C12H14N4O7,326.0862,23
CC(O)[C@H]1O[C@@H]2[C@H](Oc3nc4c(=O)[nH]c(=O)[nH]c4n32)[C@@H]1OCO,False,C12H14N4O7,326.0862,23
CO[C@H]1[C@@H](O)[C@H](n2cnc3c(=O)[nH]c(=O)[nH]c32)O[C@@H]1C(C)O,False,C12H16N4O6,312.107,22
CC(C)(O)[C@H]1O[C@@H](n2cnc3c(=O)[nH]c(=O)[nH]c32)[C@H](O)[C@@H]1OC=O,False,C13H16N4O7,340.1019,24
CCC(O)[C@H]1O[C@@H](n2cnc3c(=O)[nH]c(=O)[nH]c32)[C@H](O)[C@@H]1OC=O,False,C13H16N4O7,340.1019,24
CC(=O)O[C@@H]1[C@H](OC=O)[C@@H](C(C)O)O[C@H]1n1cnc2c(=O)[nH]c(=O)[nH]c21,False,C14H16N4O8,368.0968,26
CC(O)(C(=O)O)[C@H]1O[C@@H](n2cnc3c(=O)[nH]c(=O)[nH]c32)[C@H](O)[C@@H]1OC=O,False,C13H14N4O9,370.0761,26
O=CO[C@H]1[C@@H](O)[C@H](n2cnc3c(=O)[nH]c(=O)[nH]c32)O[C@@H]1C(O)CC(=O)O,False,C13H14N4O9,370.0761,26
CC(Cl)[C@H]1O[C@@H](n2cnc3c(=O)[nH]c(=O)[nH]c32)[C@H](O)[C@@H]1OC=O,False,C12H13ClN4O6,344.0524,23
CC(O)(O)[C@H]1O[C@@H](n2cnc3c(=O)[nH]c(=O)[nH]c32)[C@H](O)[C@@H]1OC=O,False,C12H14N4O8,342.0812,24
O=CO[C@H]1[C@@H](O)[C@H](n2cnc3c(=O)[nH]c(=O)[nH]c32)O[C@@H]1C(O)CO,False,C12H14N4O8,342.0812,24
CC(O)(O)[C@H]1O[C@@H](n2cnc3c(=O)[nH]c(=O)[nH]c32)[C@H](O)[C@@H]1OCO,False,C12H16N4O8,344.0968,24
O=c1[nH]c(=O)c2ncn([C@@H]3O[C@H](C(O)CO)[C@@H](OCO)[C@H]3O)c2[nH]1,False,C12H16N4O8,344.0968,24
CC[C@H]1O[C@@H](n2cnc3c(=O)[nH]c(=O)[nH]c32)[C@H](O)[C@@H]1OC=O,False,C12H14N4O6,310.0913,22
CC(O)[C@H]1O[C@@H](n2cnc3c(=O)[nH]c(=O)[nH]c32)[C@H](OC=O)[C@@H]1OC=O,False,C13H14N4O8,354.0812,25
CC(O)[C@]1(C)O[C@@H](n2cnc3c(=O)[nH]c(=O)[nH]c32)[C@H](O)[C@@H]1OC=O,False,C13H16N4O7,340.1019,24
CC(O)[C@H]1O[C@@H](n2cnc3c(=O)[nH]c(=O)[nH]c32)[C@H](O)[C@@]1(C)OC=O,False,C13H16N4O7,340.1019,24
CC(O)[C@H]1O[C@@H](n2cnc3c(=O)[nH]c(=O)[nH]c32)[C@@](C)(O)[C@@H]1OC=O,False,C13H16N4O7,340.1019,24
CC(O)[C@H]1O[C@](C)(n2cnc3c(=O)[nH]c(=O)[nH]c32)[C@H](O)[C@@H]1OC=O,False,C13H16N4O7,340.1019,24
Cc1nc2c(=O)[nH]c(=O)[nH]c2n1[C@@H]1O[C@H](C(C)O)[C@@H](OC=O)[C@H]1O,False,C13H16N4O7,340.1019,24
O=c1[nH]c(=O)c2nc3n(c2[nH]1)[C@@H]1O[C@H](CO)[C@@H](OCO)[C@H]1OC3,False,C12H14N4O7,326.0862,23
O=c1[nH]c(=O)c2nc3n(c2[nH]1)[C@@H]1O[C@H](COC3)[C@@H](OCO)[C@H]1O,False,C12H14N4O7,326.0862,23
Cc1nc2c(=O)[nH]c(=O)[nH]c2n1[C@]12O[C@@H]1[C@H](OCO)[C@@H](CO)O2,False,C12H14N4O7,326.0862,23
Cc1nc2c(=O)[nH]c(=O)[nH]c2n1[C@@]12OC[C@@H](O1)[C@@H](OCO)[C@H]2O,False,C12H14N4O7,326.0862,23
Cc1nc2c(=O)[nH]c(=O)[nH]c2n1[C@@H]1O[C@@H]2CO[C@]1(O)[C@@H]2OCO,False,C12H14N4O7,326.0862,23
Cc1nc2c(=O)[nH]c(=O)[nH]c2n1[C@@H]1O[C@H](CO)[C@@]2(OCO)O[C@@H]12,False,C12H14N4O7,326.0862,23
Cc1nc2c(=O)[nH]c(=O)[nH]c2n1[C@@H]1O[C@@H]2CO[C@@]2(OCO)[C@H]1O,False,C12H14N4O7,326.0862,23
Cc1nc2c(=O)[nH]c(=O)[nH]c2n1[C@@H]1O[C@]2(CO)O[C@@H]1[C@@H]2OCO,False,C12H14N4O7,326.0862,23
Cc1nc2c(=O)[nH]c(=O)[nH]c2n1[C@@H]1O[C@@]2(CO2)[C@@H](OCO)[C@H]1O,False,C12H14N4O7,326.0862,23
Cc1nc2c(=O)[nH]c(=O)[nH]c2n1[C@@H]1O[C@@H]2C(O)O[C@@H]1[C@@H]2OCO,False,C12H14N4O7,326.0862,23
CO[C@H]1[C@@H](O)[C@H](n2c(C)nc3c(=O)[nH]c(=O)[nH]c32)O[C@@H]1CO,False,C12H16N4O6,312.107,22
CC(=O)O[C@@H]1[C@H](OC=O)[C@@H](CO)O[C@H]1n1c(C)nc2c(=O)[nH]c(=O)[nH]c21,False,C14H16N4O8,368.0968,26
Cc1nc2c(=O)[nH]c(=O)[nH]c2n1[C@@H]1O[C@H](C)[C@@H](OC=O)[C@H]1O,False,C12H14N4O6,310.0913,22
Cc1nc2c(=O)[nH]c(=O)[nH]c2n1[C@@H]1O[C@H](C(=O)O)[C@@H](OC=O)[C@H]1O,False,C12H12N4O8,340.0655,24
Cc1nc2c(=O)[nH]c(=O)[nH]c2n1[C@@H]1O[C@H](CO)[C@@H](OC=O)[C@H]1OC=O,False,C13H14N4O8,354.0812,25
O=c1[nH]c(=O)c2ncn([C@@H]3OC[C@H]4OC(O)C(CO)O[C@@H]34)c2[nH]1,False,C12H14N4O7,326.0862,23
O=c1[nH]c(=O)c2ncn([C@@H]3OC[C@H]4OC(O)(CO)CO[C@@H]34)c2[nH]1,False,C12H14N4O7,326.0862,23
O=c1[nH]c(=O)c2ncn([C@@H]3OC[C@H]4OC(O)CO[C@@]43CO)c2[nH]1,False,C12H14N4O7,326.0862,23
O=c1[nH]c(=O)c2ncn([C@@H]3OC[C@]4(CO)OC(O)CO[C@@H]34)c2[nH]1,False,C12H14N4O7,326.0862,23
O=c1[nH]c(=O)c2nc(CO)n([C@@H]3OC[C@H]4OC(O)CO[C@@H]34)c2[nH]1,False,C12H14N4O7,326.0862,23
COC1CO[C@@H]2[C@H](O1)[C@@H](CO)O[C@H]2n1cnc2c(=O)[nH]c(=O)[nH]c21,False,C13H16N4O7,340.1019,24
CC(=O)OC1CO[C@@H]2[C@H](O1)[C@@H](CO)O[C@H]2n1cnc2c(=O)[nH]c(=O)[nH]c21,False,C14H16N4O8,368.0968,26
C[C@H]1O[C@@H](n2cnc3c(=O)[nH]c(=O)[nH]c32)[C@@H]2OCC(O)O[C@@H]21,False,C12H14N4O6,310.0913,22
O=C(O)[C@H]1O[C@@H](n2cnc3c(=O)[nH]c(=O)[nH]c32)[C@@H]2OCC(O)O[C@@H]21,False,C12H12N4O8,340.0655,24
O=c1[nH]c(=O)c2ncn([C@@H]3O[C@H](CO)[C@H]4OC(OC(O)CO)CO[C@H]43)c2[nH]1,False,C14H18N4O9,386.1074,27
O=c1[nH]c(=O)c2ncn([C@@H]3O[C@H](CO)[C@H]4O[C@H]43)c2[nH]1,False,C10H10N4O5,266.0651,19
O=c1[nH]c(=O)c2ncn([C@@H]3O[C@H](CO)[C@H]4OC(OCC(O)O)CO[C@H]43)c2[nH]1,False,C14H18N4O9,386.1074,27
COC1COC[C@H]2O[C@@H](n3cnc4c(=O)[nH]c(=O)[nH]c43)[C@H](O)[C@@H]2O1,False,C13H16N4O7,340.1019,24
CC(=O)OC1COC[C@H]2O[C@@H](n3cnc4c(=O)[nH]c(=O)[nH]c43)[C@H](O)[C@@H]2O1,False,C14H16N4O8,368.0968,26
CC(=O)O[C@@H]1[C@@H]2OC(O)COC[C@H]2O[C@H]1n1cnc2c(=O)[nH]c(=O)[nH]c21,False,C14H16N4O8,368.0968,26
O=c1[nH]c(=O)c2ncn([C@@H]3O[C@@H]4COCC(OC(O)CO)O[C@H]4[C@H]3O)c2[nH]1,False,C14H18N4O9,386.1074,27
O=c1[nH]c(=O)c2ncn([C@@H]3O[C@@H]4COCC(O)O[C@H]4[C@H]3OC(O)CO)c2[nH]1,False,C14H18N4O9,386.1074,27
O=c1[nH]c(=O)c2ncn([C@@H]3O[C@@H]4COCC(OCC(O)O)O[C@H]4[C@H]3O)c2[nH]1,False,C14H18N4O9,386.1074,27
O=c1[nH]c(=O)c2ncn([C@@H]3O[C@@H]4COCC(O)O[C@H]4[C@H]3OCC(O)O)c2[nH]1,False,C14H18N4O9,386.1074,27
CC(O)(CO)O[C@@]12CO[C@@H](n3cnc4c(=O)[nH]c(=O)[nH]c43)[C@@H]1O2,False,C12H14N4O7,326.0862,23
CC(O)O[C@@]12CO[C@@H](n3cnc4c(=O)[nH]c(=O)[nH]c43)[C@@]1(CO)O2,False,C12H14N4O7,326.0862,23
CC(O)O[C@@]12CO[C@@H](n3c(CO)nc4c(=O)[nH]c(=O)[nH]c43)[C@@H]1O2,False,C12H14N4O7,326.0862,23
O=c1[nH]c(=O)c2ncn([C@@H]3OC[C@@]4(OC(O)CCO)O[C@@H]34)c2[nH]1,False,C12H14N4O7,326.0862,23
O=CO[C@]12O[C@H]1[C@H](n1cnc3c(=O)[nH]c(=O)[nH]c31)O[C@@H]2CO,False,C11H10N4O7,310.0549,22
CCO[C@]12O[C@H]1[C@H](n1cnc3c(=O)[nH]c(=O)[nH]c31)O[C@@H]2C=O,False,C12H12N4O6,308.0757,22
COC(C)O[C@]12O[C@H]1[C@H](n1cnc3c(=O)[nH]c(=O)[nH]c31)O[C@@H]2CO,False,C13H16N4O7,340.1019,24
CC(C)(O)O[C@]12O[C@H]1[C@H](n1cnc3c(=O)[nH]c(=O)[nH]c31)O[C@@H]2CO,False,C13H16N4O7,340.1019,24
CCC(O)O[C@]12O[C@H]1[C@H](n1cnc3c(=O)[nH]c(=O)[nH]c31)O[C@@H]2CO,False,C13H16N4O7,340.1019,24
CC(=O)OC(C)O[C@]12O[C@H]1[C@H](n1cnc3c(=O)[nH]c(=O)[nH]c31)O[C@@H]2CO,False,C14H16N4O8,368.0968,26
CC(O)(O[C@]12O[C@H]1[C@H](n1cnc3c(=O)[nH]c(=O)[nH]c31)O[C@@H]2CO)C(=O)O,False,C13H14N4O9,370.0761,26
O=C(O)CC(O)O[C@]12O[C@H]1[C@H](n1cnc3c(=O)[nH]c(=O)[nH]c31)O[C@@H]2CO,False,C13H14N4O9,370.0761,26
CC(Cl)O[C@]12O[C@H]1[C@H](n1cnc3c(=O)[nH]c(=O)[nH]c31)O[C@@H]2CO,False,C12H13ClN4O6,344.0524,23
CC(O)(O)O[C@]12O[C@H]1[C@H](n1cnc3c(=O)[nH]c(=O)[nH]c31)O[C@@H]2CO,False,C12H14N4O8,342.0812,24
O=c1[nH]c(=O)c2ncn([C@@H]3O[C@H](CO)[C@@]4(OC(O)CO)O[C@@H]34)c2[nH]1,False,C12H14N4O8,342.0812,24
CC(O)O[C@@]1(O)[C@@H](CO)O[C@@H](n2cnc3c(=O)[nH]c(=O)[nH]c32)[C@@H]1O,False,C12H16N4O8,344.0968,24
O=c1[nH]c(=O)c2ncn([C@@H]3O[C@@H]4CO[C@]4(O)[C@H]3O)c2[nH]1,False,C10H10N4O6,282.06,20
CCO[C@]12O[C@H]1[C@H](n1cnc3c(=O)[nH]c(=O)[nH]c31)O[C@@H]2CO,False,C12H14N4O6,310.0913,22
CC(O)O[C@]12O[C@H]1[C@H](n1cnc3c(=O)[nH]c(=O)[nH]c31)O[C@@H]2C,False,C12H14N4O6,310.0913,22
CC(O)O[C@]12O[C@H]1[C@H](n1cnc3c(=O)[nH]c(=O)[nH]c31)O[C@@H]2C(=O)O,False,C12H12N4O8,340.0655,24
CC(O)OC(C)O[C@]12O[C@H]1[C@H](n1cnc3c(=O)[nH]c(=O)[nH]c31)O[C@@H]2CO,False,C14H18N4O8,370.1125,26
CC(O)O[C@]12O[C@]1(C)[C@H](n1cnc3c(=O)[nH]c(=O)[nH]c31)O[C@@H]2CO,False,C13H16N4O7,340.1019,24
CC(O)O[C@]12O[C@H]1[C@H](n1cnc3c(=O)[nH]c(=O)[nH]c31)O[C@@]2(C)CO,False,C13H16N4O7,340.1019,24
CC(O)O[C@]12O[C@H]1[C@@](C)(n1cnc3c(=O)[nH]c(=O)[nH]c31)O[C@@H]2CO,False,C13H16N4O7,340.1019,24
CC(O)O[C@]12O[C@H]1[C@H](n1cnc3c(=O)[nH]c(=O)[nH]c31)O[C@@H]2C(C)O,False,C13H16N4O7,340.1019,24
Cc1nc2c(=O)[nH]c(=O)[nH]c2n1[C@@H]1O[C@H](CO)[C@@]2(OC(C)O)O[C@@H]12,False,C13H16N4O7,340.1019,24
O=CO[C@@]12OC[C@H]1O[C@@H](n1cnc3c(=O)[nH]c(=O)[nH]c31)[C@@H]2O,False,C11H10N4O7,310.0549,22
CC(=O)O[C@@]12OC[C@H]1O[C@@H](n1cnc3c(=O)[nH]c(=O)[nH]c31)[C@@H]2O,False,C12H12N4O7,324.0706,23
COC(C)O[C@@]12OC[C@H]1O[C@@H](n1cnc3c(=O)[nH]c(=O)[nH]c31)[C@@H]2O,False,C13H16N4O7,340.1019,24
CC(C)(O)O[C@@]12OC[C@H]1O[C@@H](n1cnc3c(=O)[nH]c(=O)[nH]c31)[C@@H]2O,False,C13H16N4O7,340.1019,24
CCC(O)O[C@@]12OC[C@H]1O[C@@H](n1cnc3c(=O)[nH]c(=O)[nH]c31)[C@@H]2O,False,C13H16N4O7,340.1019,24
CC(=O)OC(C)O[C@@]12OC[C@H]1O[C@@H](n1cnc3c(=O)[nH]c(=O)[nH]c31)[C@@H]2O,False,C14H16N4O8,368.0968,26
CC(=O)O[C@H]1[C@H](n2cnc3c(=O)[nH]c(=O)[nH]c32)O[C@@H]2CO[C@]21OC(C)O,False,C14H16N4O8,368.0968,26
CC(O)(O[C@@]12OC[C@H]1O[C@@H](n1cnc3c(=O)[nH]c(=O)[nH]c31)[C@@H]2O)C(=O)O,False,C13H14N4O9,370.0761,26
O=C(O)CC(O)O[C@@]12OC[C@H]1O[C@@H](n1cnc3c(=O)[nH]c(=O)[nH]c31)[C@@H]2O,False,C13H14N4O9,370.0761,26
CC(Cl)O[C@@]12OC[C@H]1O[C@@H](n1cnc3c(=O)[nH]c(=O)[nH]c31)[C@@H]2O,False,C12H13ClN4O6,344.0524,23
CC(O)(O)O[C@@]12OC[C@H]1O[C@@H](n1cnc3c(=O)[nH]c(=O)[nH]c31)[C@@H]2O,False,C12H14N4O8,342.0812,24
O=c1[nH]c(=O)c2ncn([C@@H]3O[C@@H]4CO[C@@]4(OC(O)CO)[C@H]3O)c2[nH]1,False,C12H14N4O8,342.0812,24
O=c1[nH]c(=O)c2ncn([C@@H]3O[C@@H]4CO[C@@]4(O)[C@H]3O)c2[nH]1,False,C10H10N4O6,282.06,20
CCO[C@@]12OC[C@H]1O[C@@H](n1cnc3c(=O)[nH]c(=O)[nH]c31)[C@@H]2O,False,C12H14N4O6,310.0913,22
CC(O)O[C@H]1[C@H](n2cnc3c(=O)[nH]c(=O)[nH]c32)O[C@@H]2CO[C@]21OC(C)O,False,C14H18N4O8,370.1125,26
CC(O)OC(C)O[C@@]12OC[C@H]1O[C@@H](n1cnc3c(=O)[nH]c(=O)[nH]c31)[C@@H]2O,False,C14H18N4O8,370.1125,26
CC(O)O[C@@]12OC[C@H]1O[C@@H](n1cnc3c(=O)[nH]c(=O)[nH]c31)[C@@]2(C)O,False,C13H16N4O7,340.1019,24
CC(O)O[C@@]12OC[C@]1(C)O[C@@H](n1cnc3c(=O)[nH]c(=O)[nH]c31)[C@@H]2O,False,C13H16N4O7,340.1019,24
CC(O)O[C@@]12OC[C@H]1O[C@](C)(n1cnc3c(=O)[nH]c(=O)[nH]c31)[C@@H]2O,False,C13H16N4O7,340.1019,24
CC(O)O[C@@]12OC(C)[C@H]1O[C@@H](n1cnc3c(=O)[nH]c(=O)[nH]c31)[C@@H]2O,False,C13H16N4O7,340.1019,24
Cc1nc2c(=O)[nH]c(=O)[nH]c2n1[C@@H]1O[C@@H]2CO[C@@]2(OC(C)O)[C@H]1O,False,C13H16N4O7,340.1019,24
O=CO[C@@H]1[C@H]2CO[C@@]1(O)[C@H](n1cnc3c(=O)[nH]c(=O)[nH]c31)O2,False,C11H10N4O7,310.0549,22
CC(=O)O[C@@H]1[C@H]2CO[C@@]1(O)[C@H](n1cnc3c(=O)[nH]c(=O)[nH]c31)O2,False,C12H12N4O7,324.0706,23
COC(C)O[C@@H]1[C@H]2CO[C@@]1(O)[C@H](n1cnc3c(=O)[nH]c(=O)[nH]c31)O2,False,C13H16N4O7,340.1019,24
CC(C)(O)O[C@@H]1[C@H]2CO[C@@]1(O)[C@H](n1cnc3c(=O)[nH]c(=O)[nH]c31)O2,False,C13H16N4O7,340.1019,24
CCC(O)O[C@@H]1[C@H]2CO[C@@]1(O)[C@H](n1cnc3c(=O)[nH]c(=O)[nH]c31)O2,False,C13H16N4O7,340.1019,24
CC(=O)OC(C)O[C@@H]1[C@H]2CO[C@@]1(O)[C@H](n1cnc3c(=O)[nH]c(=O)[nH]c31)O2,False,C14H16N4O8,368.0968,26
CC(=O)O[C@]12OC[C@@H](O[C@H]1n1cnc3c(=O)[nH]c(=O)[nH]c31)[C@H]2OC(C)O,False,C14H16N4O8,368.0968,26
CC(O)(O[C@@H]1[C@H]2CO[C@@]1(O)[C@H](n1cnc3c(=O)[nH]c(=O)[nH]c31)O2)C(=O)O,False,C13H14N4O9,370.0761,26
O=C(O)CC(O)O[C@@H]1[C@H]2CO[C@@]1(O)[C@H](n1cnc3c(=O)[nH]c(=O)[nH]c31)O2,False,C13H14N4O9,370.0761,26
CC(Cl)O[C@@H]1[C@H]2CO[C@@]1(O)[C@H](n1cnc3c(=O)[nH]c(=O)[nH]c31)O2,False,C12H13ClN4O6,344.0524,23
CC(O)(O)O[C@@H]1[C@H]2CO[C@@]1(O)[C@H](n1cnc3c(=O)[nH]c(=O)[nH]c31)O2,False,C12H14N4O8,342.0812,24
O=c1[nH]c(=O)c2ncn([C@@H]3O[C@@H]4CO[C@]3(O)[C@@H]4OC(O)CO)c2[nH]1,False,C12H14N4O8,342.0812,24
O=c1[nH]c(=O)c2ncn([C@@H]3O[C@@H]4CO[C@]3(O)[C@@H]4O)c2[nH]1,False,C10H10N4O6,282.06,20
CCO[C@@H]1[C@H]2CO[C@@]1(O)[C@H](n1cnc3c(=O)[nH]c(=O)[nH]c31)O2,False,C12H14N4O6,310.0913,22
CC(O)O[C@@H]1[C@H]2CO[C@@]1(OC(C)O)[C@H](n1cnc3c(=O)[nH]c(=O)[nH]c31)O2,False,C14H18N4O8,370.1125,26
CC(O)OC(C)O[C@@H]1[C@H]2CO[C@@]1(O)[C@H](n1cnc3c(=O)[nH]c(=O)[nH]c31)O2,False,C14H18N4O8,370.1125,26
CC(O)O[C@@]1(C)[C@H]2CO[C@@]1(O)[C@H](n1cnc3c(=O)[nH]c(=O)[nH]c31)O2,False,C13H16N4O7,340.1019,24
CC(O)O[C@@H]1[C@H]2CO[C@@]1(O)[C@@](C)(n1cnc3c(=O)[nH]c(=O)[nH]c31)O2,False,C13H16N4O7,340.1019,24
CC(O)O[C@H]1[C@@]2(O)OC[C@]1(C)O[C@H]2n1cnc2c(=O)[nH]c(=O)[nH]c21,False,C13H16N4O7,340.1019,24
CC(O)O[C@@H]1[C@@H]2O[C@@H](n3cnc4c(=O)[nH]c(=O)[nH]c43)[C@]1(O)OC2C,False,C13H16N4O7,340.1019,24
Cc1nc2c(=O)[nH]c(=O)[nH]c2n1[C@@H]1O[C@@H]2CO[C@]1(O)[C@@H]2OC(C)O,False,C13H16N4O7,340.1019,24
CC(O)(CO)O[C@@H]1[C@H]2O[C@H]1[C@H](n1cnc3c(=O)[nH]c(=O)[nH]c31)O2,False,C12H14N4O7,326.0862,23
CC(O)O[C@@]1(CO)[C@@H]2O[C@@H](n3cnc4c(=O)[nH]c(=O)[nH]c43)[C@@H]1O2,False,C12H14N4O7,326.0862,23
CC(O)O[C@@H]1[C@@H]2O[C@@H](n3cnc4c(=O)[nH]c(=O)[nH]c43)[C@@]1(CO)O2,False,C12H14N4O7,326.0862,23
CC(O)O[C@@H]1[C@H]2O[C@H]1[C@@](CO)(n1cnc3c(=O)[nH]c(=O)[nH]c31)O2,False,C12H14N4O7,326.0862,23
CC(O)O[C@@H]1[C@H]2O[C@H]1[C@H](n1c(CO)nc3c(=O)[nH]c(=O)[nH]c31)O2,False,C12H14N4O7,326.0862,23
O=c1[nH]c(=O)c2ncn([C@@H]3O[C@@H]4O[C@@H]3[C@@H]4OC(O)CCO)c2[nH]1,False,C12H14N4O7,326.0862,23
O=CO[C@H]1[C@H]2O[C@@]1(CO)O[C@H]2n1cnc2c(=O)[nH]c(=O)[nH]c21,False,C11H10N4O7,310.0549,22
CCO[C@H]1[C@H]2O[C@@]1(C=O)O[C@H]2n1cnc2c(=O)[nH]c(=O)[nH]c21,False,C12H12N4O6,308.0757,22
COC(C)O[C@H]1[C@H]2O[C@@]1(CO)O[C@H]2n1cnc2c(=O)[nH]c(=O)[nH]c21,False,C13H16N4O7,340.1019,24
CC(C)(O)O[C@H]1[C@H]2O[C@@]1(CO)O[C@H]2n1cnc2c(=O)[nH]c(=O)[nH]c21,False,C13H16N4O7,340.1019,24
CCC(O)O[C@H]1[C@H]2O[C@@]1(CO)O[C@H]2n1cnc2c(=O)[nH]c(=O)[nH]c21,False,C13H16N4O7,340.1019,24
CC(=O)OC(C)O[C@H]1[C@H]2O[C@@]1(CO)O[C@H]2n1cnc2c(=O)[nH]c(=O)[nH]c21,False,C14H16N4O8,368.0968,26
CC(O)(O[C@H]1[C@H]2O[C@@]1(CO)O[C@H]2n1cnc2c(=O)[nH]c(=O)[nH]c21)C(=O)O,False,C13H14N4O9,370.0761,26
O=C(O)CC(O)O[C@H]1[C@H]2O[C@@]1(CO)O[C@H]2n1cnc2c(=O)[nH]c(=O)[nH]c21,False,C13H14N4O9,370.0761,26
CC(Cl)O[C@H]1[C@H]2O[C@@]1(CO)O[C@H]2n1cnc2c(=O)[nH]c(=O)[nH]c21,False,C12H13ClN4O6,344.0524,23
CC(O)(O)O[C@H]1[C@H]2O[C@@]1(CO)O[C@H]2n1cnc2c(=O)[nH]c(=O)[nH]c21,False,C12H14N4O8,342.0812,24
O=c1[nH]c(=O)c2ncn([C@@H]3O[C@]4(CO)O[C@@H]3[C@@H]4OC(O)CO)c2[nH]1,False,C12H14N4O8,342.0812,24
CCO[C@H]1[C@H]2O[C@@]1(CO)O[C@H]2n1cnc2c(=O)[nH]c(=O)[nH]c21,False,C12H14N4O6,310.0913,22
CC(O)O[C@H]1[C@H]2O[C@@]1(C)O[C@H]2n1cnc2c(=O)[nH]c(=O)[nH]c21,False,C12H14N4O6,310.0913,22
CC(O)O[C@H]1[C@H]2O[C@@]1(C(=O)O)O[C@H]2n1cnc2c(=O)[nH]c(=O)[nH]c21,False,C12H12N4O8,340.0655,24
CC(O)OC(C)O[C@H]1[C@H]2O[C@@]1(CO)O[C@H]2n1cnc2c(=O)[nH]c(=O)[nH]c21,False,C14H18N4O8,370.1125,26
CC(O)O[C@]1(C)[C@H]2O[C@@]1(CO)O[C@H]2n1cnc2c(=O)[nH]c(=O)[nH]c21,False,C13H16N4O7,340.1019,24
CC(O)O[C@H]1[C@H]2O[C@@]1(C(C)O)O[C@H]2n1cnc2c(=O)[nH]c(=O)[nH]c21,False,C13H16N4O7,340.1019,24
CC(O)O[C@@H]1[C@]2(CO)O[C@@H](n3cnc4c(=O)[nH]c(=O)[nH]c43)[C@@]1(C)O2,False,C13H16N4O7,340.1019,24
CC(O)O[C@H]1[C@H]2O[C@@]1(CO)O[C@]2(C)n1cnc2c(=O)[nH]c(=O)[nH]c21,False,C13H16N4O7,340.1019,24
Cc1nc2c(=O)[nH]c(=O)[nH]c2n1[C@@H]1O[C@]2(CO)O[C@@H]1[C@@H]2OC(C)O,False,C13H16N4O7,340.1019,24
O=CO[C@H]1[C@@H](O)[C@H](n2cnc3c(=O)[nH]c(=O)[nH]c32)O[C@@]12CO2,False,C11H10N4O7,310.0549,22
CC(=O)O[C@H]1[C@@H](O)[C@H](n2cnc3c(=O)[nH]c(=O)[nH]c32)O[C@@]12CO2,False,C12H12N4O7,324.0706,23
COC(C)O[C@H]1[C@@H](O)[C@H](n2cnc3c(=O)[nH]c(=O)[nH]c32)O[C@@]12CO2,False,C13H16N4O7,340.1019,24
CC(C)(O)O[C@H]1[C@@H](O)[C@H](n2cnc3c(=O)[nH]c(=O)[nH]c32)O[C@@]12CO2,False,C13H16N4O7,340.1019,24
CCC(O)O[C@H]1[C@@H](O)[C@H](n2cnc3c(=O)[nH]c(=O)[nH]c32)O[C@@]12CO2,False,C13H16N4O7,340.1019,24
CC(=O)OC(C)O[C@H]1[C@@H](O)[C@H](n2cnc3c(=O)[nH]c(=O)[nH]c32)O[C@@]12CO2,False,C14H16N4O8,368.0968,26
CC(=O)O[C@H]1[C@H](n2cnc3c(=O)[nH]c(=O)[nH]c32)O[C@@]2(CO2)[C@H]1OC(C)O,False,C14H16N4O8,368.0968,26
CC(O)(O[C@H]1[C@@H](O)[C@H](n2cnc3c(=O)[nH]c(=O)[nH]c32)O[C@@]12CO2)C(=O)O,False,C13H14N4O9,370.0761,26
O=C(O)CC(O)O[C@H]1[C@@H](O)[C@H](n2cnc3c(=O)[nH]c(=O)[nH]c32)O[C@@]12CO2,False,C13H14N4O9,370.0761,26
CC(Cl)O[C@H]1[C@@H](O)[C@H](n2cnc3c(=O)[nH]c(=O)[nH]c32)O[C@@]12CO2,False,C12H13ClN4O6,344.0524,23
CC(O)(O)O[C@H]1[C@@H](O)[C@H](n2cnc3c(=O)[nH]c(=O)[nH]c32)O[C@@]12CO2,False,C12H14N4O8,342.0812,24
O=c1[nH]c(=O)c2ncn([C@@H]3O[C@@]4(CO4)[C@@H](OC(O)CO)[C@H]3O)c2[nH]1,False,C12H14N4O8,342.0812,24
O=c1[nH]c(=O)c2ncn([C@@H]3O[C@@]4(CO4)[C@@H](O)[C@H]3O)c2[nH]1,False,C10H10N4O6,282.06,20
CC(O)O[C@H]1[C@@H](O)[C@H](n2cnc3c(=O)[nH]c(=O)[nH]c32)O[C@@]1(O)CO,False,C12H16N4O8,344.0968,24
CCO[C@H]1[C@@H](O)[C@H](n2cnc3c(=O)[nH]c(=O)[nH]c32)O[C@@]12CO2,False,C12H14N4O6,310.0913,22
CC(O)O[C@H]1[C@H](n2cnc3c(=O)[nH]c(=O)[nH]c32)O[C@@]2(CO2)[C@H]1OC(C)O,False,C14H18N4O8,370.1125,26
CC(O)OC(C)O[C@H]1[C@@H](O)[C@H](n2cnc3c(=O)[nH]c(=O)[nH]c32)O[C@@]12CO2,False,C14H18N4O8,370.1125,26
CC(O)O[C@]1(C)[C@@H](O)[C@H](n2cnc3c(=O)[nH]c(=O)[nH]c32)O[C@@]12CO2,False,C13H16N4O7,340.1019,24
CC(O)O[C@H]1[C@@H](O)[C@H](n2cnc3c(=O)[nH]c(=O)[nH]c32)O[C@]12OC2C,False,C13H16N4O7,340.1019,24
CC(O)O[C@@H]1[C@]2(CO2)O[C@@H](n2cnc3c(=O)[nH]c(=O)[nH]c32)[C@@]1(C)O,False,C13H16N4O7,340.1019,24
CC(O)O[C@H]1[C@@H](O)[C@@](C)(n2cnc3c(=O)[nH]c(=O)[nH]c32)O[C@@]12CO2,False,C13H16N4O7,340.1019,24
Cc1nc2c(=O)[nH]c(=O)[nH]c2n1[C@@H]1O[C@@]2(CO2)[C@@H](OC(C)O)[C@H]1O,False,C13H16N4O7,340.1019,24
CC(O)(CO)O[C@@H]1CO[C@@]2(n3cnc4c(=O)[nH]c(=O)[nH]c43)O[C@H]12,False,C12H14N4O7,326.0862,23
CC(O)O[C@@H]1CO[C@@]2(n3cnc4c(=O)[nH]c(=O)[nH]c43)O[C@@]12CO,False,C12H14N4O7,326.0862,23
CC(O)O[C@@]1(CO)CO[C@@]2(n3cnc4c(=O)[nH]c(=O)[nH]c43)O[C@H]12,False,C12H14N4O7,326.0862,23
CC(O)O[C@@H]1CO[C@@]2(n3c(CO)nc4c(=O)[nH]c(=O)[nH]c43)O[C@H]12,False,C12H14N4O7,326.0862,23
O=c1[nH]c(=O)c2ncn([C@@]34OC[C@@H](OC(O)CCO)[C@H]3O4)c2[nH]1,False,C12H14N4O7,326.0862,23
O=CO[C@H]1[C@H]2O[C@]2(n2cnc3c(=O)[nH]c(=O)[nH]c32)O[C@@H]1CO,False,C11H10N4O7,310.0549,22
CCO[C@H]1[C@H]2O[C@]2(n2cnc3c(=O)[nH]c(=O)[nH]c32)O[C@@H]1C=O,False,C12H12N4O6,308.0757,22
COC(C)O[C@H]1[C@H]2O[C@]2(n2cnc3c(=O)[nH]c(=O)[nH]c32)O[C@@H]1CO,False,C13H16N4O7,340.1019,24
CC(C)(O)O[C@H]1[C@H]2O[C@]2(n2cnc3c(=O)[nH]c(=O)[nH]c32)O[C@@H]1CO,False,C13H16N4O7,340.1019,24
CCC(O)O[C@H]1[C@H]2O[C@]2(n2cnc3c(=O)[nH]c(=O)[nH]c32)O[C@@H]1CO,False,C13H16N4O7,340.1019,24
CC(=O)OC(C)O[C@H]1[C@H]2O[C@]2(n2cnc3c(=O)[nH]c(=O)[nH]c32)O[C@@H]1CO,False,C14H16N4O8,368.0968,26
CC(O)(O[C@H]1[C@H]2O[C@]2(n2cnc3c(=O)[nH]c(=O)[nH]c32)O[C@@H]1CO)C(=O)O,False,C13H14N4O9,370.0761,26
O=C(O)CC(O)O[C@H]1[C@H]2O[C@]2(n2cnc3c(=O)[nH]c(=O)[nH]c32)O[C@@H]1CO,False,C13H14N4O9,370.0761,26
CC(Cl)O[C@H]1[C@H]2O[C@]2(n2cnc3c(=O)[nH]c(=O)[nH]c32)O[C@@H]1CO,False,C12H13ClN4O6,344.0524,23
CC(O)(O)O[C@H]1[C@H]2O[C@]2(n2cnc3c(=O)[nH]c(=O)[nH]c32)O[C@@H]1CO,False,C12H14N4O8,342.0812,24
O=c1[nH]c(=O)c2ncn([C@]34O[C@@H]3[C@H](OC(O)CO)[C@@H](CO)O4)c2[nH]1,False,C12H14N4O8,342.0812,24
CC(O)O[C@H]1[C@@H](O)[C@@](O)(n2cnc3c(=O)[nH]c(=O)[nH]c32)O[C@@H]1CO,False,C12H16N4O8,344.0968,24
CCO[C@H]1[C@H]2O[C@]2(n2cnc3c(=O)[nH]c(=O)[nH]c32)O[C@@H]1CO,False,C12H14N4O6,310.0913,22
CC(O)O[C@H]1[C@H]2O[C@]2(n2cnc3c(=O)[nH]c(=O)[nH]c32)O[C@@H]1C,False,C12H14N4O6,310.0913,22
CC(O)O[C@@H]1[C@@H](C(=O)O)O[C@@]2(n3cnc4c(=O)[nH]c(=O)[nH]c43)O[C@H]12,False,C12H12N4O8,340.0655,24
CC(O)OC(C)O[C@H]1[C@H]2O[C@]2(n2cnc3c(=O)[nH]c(=O)[nH]c32)O[C@@H]1CO,False,C14H18N4O8,370.1125,26
CC(O)O[C@@H]1[C@@H](CO)O[C@@]2(n3cnc4c(=O)[nH]c(=O)[nH]c43)O[C@@]12C,False,C13H16N4O7,340.1019,24
CC(O)O[C@]1(C)[C@H]2O[C@]2(n2cnc3c(=O)[nH]c(=O)[nH]c32)O[C@@H]1CO,False,C13H16N4O7,340.1019,24
Cc1nc2c(=O)[nH]c(=O)[nH]c2n1[C@]12O[C@@H]1[C@H](OC(C)O)[C@@H](CO)O2,False,C13H16N4O7,340.1019,24
CC(O)O[C@H]1[C@H]2O[C@]2(n2cnc3c(=O)[nH]c(=O)[nH]c32)O[C@@]1(C)CO,False,C13H16N4O7,340.1019,24
CC(O)O[C@@H]1[C@@H](C(C)O)O[C@@]2(n3cnc4c(=O)[nH]c(=O)[nH]c43)O[C@H]12,False,C13H16N4O7,340.1019,24
O=CO[C@H]1[C@@H](O)[C@]2(n3cnc4c(=O)[nH]c(=O)[nH]c43)OC[C@H]1O2,False,C11H10N4O7,310.0549,22
CC(=O)O[C@H]1[C@@H](O)[C@]2(n3cnc4c(=O)[nH]c(=O)[nH]c43)OC[C@H]1O2,False,C12H12N4O7,324.0706,23
COC(C)O[C@H]1[C@@H](O)[C@]2(n3cnc4c(=O)[nH]c(=O)[nH]c43)OC[C@H]1O2,False,C13H16N4O7,340.1019,24
CC(C)(O)O[C@H]1[C@@H](O)[C@]2(n3cnc4c(=O)[nH]c(=O)[nH]c43)OC[C@H]1O2,False,C13H16N4O7,340.1019,24
CCC(O)O[C@H]1[C@@H](O)[C@]2(n3cnc4c(=O)[nH]c(=O)[nH]c43)OC[C@H]1O2,False,C13H16N4O7,340.1019,24
CC(=O)OC(C)O[C@H]1[C@@H](O)[C@]2(n3cnc4c(=O)[nH]c(=O)[nH]c43)OC[C@H]1O2,False,C14H16N4O8,368.0968,26
CC(=O)O[C@@H]1[C@H](OC(C)O)[C@H]2CO[C@]1(n1cnc3c(=O)[nH]c(=O)[nH]c31)O2,False,C14H16N4O8,368.0968,26
CC(O)(O[C@H]1[C@@H](O)[C@]2(n3cnc4c(=O)[nH]c(=O)[nH]c43)OC[C@H]1O2)C(=O)O,False,C13H14N4O9,370.0761,26
O=C(O)CC(O)O[C@H]1[C@@H](O)[C@]2(n3cnc4c(=O)[nH]c(=O)[nH]c43)OC[C@H]1O2,False,C13H14N4O9,370.0761,26
CC(Cl)O[C@H]1[C@@H](O)[C@]2(n3cnc4c(=O)[nH]c(=O)[nH]c43)OC[C@H]1O2,False,C12H13ClN4O6,344.0524,23
CC(O)(O)O[C@H]1[C@@H](O)[C@]2(n3cnc4c(=O)[nH]c(=O)[nH]c43)OC[C@H]1O2,False,C12H14N4O8,342.0812,24
O=c1[nH]c(=O)c2ncn([C@@]34OC[C@@H](O3)[C@@H](OC(O)CO)[C@H]4O)c2[nH]1,False,C12H14N4O8,342.0812,24
O=c1[nH]c(=O)c2ncn([C@@]34OC[C@@H](O3)[C@@H](O)[C@H]4O)c2[nH]1,False,C10H10N4O6,282.06,20
CCO[C@H]1[C@@H](O)[C@]2(n3cnc4c(=O)[nH]c(=O)[nH]c43)OC[C@H]1O2,False,C12H14N4O6,310.0913,22
CC(O)O[C@H]1[C@@H](OC(C)O)[C@]2(n3cnc4c(=O)[nH]c(=O)[nH]c43)OC[C@H]1O2,False,C14H18N4O8,370.1125,26
CC(O)OC(C)O[C@H]1[C@@H](O)[C@]2(n3cnc4c(=O)[nH]c(=O)[nH]c43)OC[C@H]1O2,False,C14H18N4O8,370.1125,26
CC(O)O[C@@H]1[C@H]2CO[C@](n3cnc4c(=O)[nH]c(=O)[nH]c43)(O2)[C@@]1(C)O,False,C13H16N4O7,340.1019,24
CC(O)O[C@]1(C)[C@@H](O)[C@]2(n3cnc4c(=O)[nH]c(=O)[nH]c43)OC[C@H]1O2,False,C13H16N4O7,340.1019,24
Cc1nc2c(=O)[nH]c(=O)[nH]c2n1[C@@]12OC[C@@H](O1)[C@@H](OC(C)O)[C@H]2O,False,C13H16N4O7,340.1019,24
CC(O)O[C@H]1[C@@H](O)[C@]2(n3cnc4c(=O)[nH]c(=O)[nH]c43)OC[C@]1(C)O2,False,C13H16N4O7,340.1019,24
CC(O)O[C@@H]1[C@@H]2O[C@@](n3cnc4c(=O)[nH]c(=O)[nH]c43)(OC2C)[C@@H]1O,False,C13H16N4O7,340.1019,24
O=CO[C@H]1[C@H]2OC(O)[C@H]1O[C@H]2n1cnc2c(=O)[nH]c(=O)[nH]c21,False,C11H10N4O7,310.0549,22
CCO[C@H]1[C@H]2OC(=O)[C@H]1O[C@H]2n1cnc2c(=O)[nH]c(=O)[nH]c21,False,C12H12N4O6,308.0757,22
CC(=O)O[C@H]1[C@H]2OC(O)[C@H]1O[C@H]2n1cnc2c(=O)[nH]c(=O)[nH]c21,False,C12H12N4O7,324.0706,23
COC(C)O[C@H]1[C@H]2OC(O)[C@H]1O[C@H]2n1cnc2c(=O)[nH]c(=O)[nH]c21,False,C13H16N4O7,340.1019,24
CC(C)(O)O[C@H]1[C@H]2OC(O)[C@H]1O[C@H]2n1cnc2c(=O)[nH]c(=O)[nH]c21,False,C13H16N4O7,340.1019,24
CCC(O)O[C@H]1[C@H]2OC(O)[C@H]1O[C@H]2n1cnc2c(=O)[nH]c(=O)[nH]c21,False,C13H16N4O7,340.1019,24
CC(=O)OC(C)O[C@H]1[C@H]2OC(O)[C@H]1O[C@H]2n1cnc2c(=O)[nH]c(=O)[nH]c21,False,C14H16N4O8,368.0968,26
CC(O)(O[C@H]1[C@H]2OC(O)[C@H]1O[C@H]2n1cnc2c(=O)[nH]c(=O)[nH]c21)C(=O)O,False,C13H14N4O9,370.0761,26
O=C(O)CC(O)O[C@H]1[C@H]2OC(O)[C@H]1O[C@H]2n1cnc2c(=O)[nH]c(=O)[nH]c21,False,C13H14N4O9,370.0761,26
CC(Cl)O[C@H]1[C@H]2OC(O)[C@H]1O[C@H]2n1cnc2c(=O)[nH]c(=O)[nH]c21,False,C12H13ClN4O6,344.0524,23
CC(O)(O)O[C@H]1[C@H]2OC(O)[C@H]1O[C@H]2n1cnc2c(=O)[nH]c(=O)[nH]c21,False,C12H14N4O8,342.0812,24
O=c1[nH]c(=O)c2ncn([C@@H]3O[C@@H]4C(O)O[C@@H]3[C@@H]4OC(O)CO)c2[nH]1,False,C12H14N4O8,342.0812,24
CCO[C@H]1[C@H]2OC(O)[C@H]1O[C@H]2n1cnc2c(=O)[nH]c(=O)[nH]c21,False,C12H14N4O6,310.0913,22
CC(O)OC(C)O[C@H]1[C@H]2OC(O)[C@H]1O[C@H]2n1cnc2c(=O)[nH]c(=O)[nH]c21,False,C14H18N4O8,370.1125,26
CC(O)O[C@H]1[C@H]2OC(C)(O)[C@H]1O[C@H]2n1cnc2c(=O)[nH]c(=O)[nH]c21,False,C13H16N4O7,340.1019,24
CC(O)O[C@H]1[C@H]2OC(O)[C@]1(C)O[C@H]2n1cnc2c(=O)[nH]c(=O)[nH]c21,False,C13H16N4O7,340.1019,24
CC(O)O[C@@]1(C)[C@@H]2O[C@@H](n3cnc4c(=O)[nH]c(=O)[nH]c43)[C@@H]1OC2O,False,C13H16N4O7,340.1019,24
CC(O)O[C@@H]1[C@@H]2O[C@@H](n3cnc4c(=O)[nH]c(=O)[nH]c43)[C@@]1(C)OC2O,False,C13H16N4O7,340.1019,24
CC(O)O[C@@H]1[C@@H]2O[C@](C)(n3cnc4c(=O)[nH]c(=O)[nH]c43)[C@@H]1OC2O,False,C13H16N4O7,340.1019,24
Cc1nc2c(=O)[nH]c(=O)[nH]c2n1[C@@H]1O[C@@H]2C(O)O[C@@H]1[C@@H]2OC(C)O,False,C13H16N4O7,340.1019,24
CC(O)(CO)O[C@@H]1CO[C@@H]2[C@@H]1Oc1nc3c(=O)[nH]c(=O)[nH]c3n12,False,C12H14N4O7,326.0862,23
CC(O)O[C@@H]1CO[C@H]2n3c(nc4c(=O)[nH]c(=O)[nH]c43)O[C@@]12CO,False,C12H14N4O7,326.0862,23
CC(O)O[C@@]1(CO)CO[C@@H]2[C@@H]1Oc1nc3c(=O)[nH]c(=O)[nH]c3n12,False,C12H14N4O7,326.0862,23
O=c1[nH]c(=O)c2nc3n(c2[nH]1)[C@@H]1OC[C@@H](OC(O)CCO)[C@H]1O3,False,C12H14N4O7,326.0862,23
O=CO[C@H]1[C@H]2Oc3nc4c(=O)[nH]c(=O)[nH]c4n3[C@@H]2O[C@@H]1CO,False,C11H10N4O7,310.0549,22
CCO[C@H]1[C@H]2Oc3nc4c(=O)[nH]c(=O)[nH]c4n3[C@@H]2O[C@@H]1C=O,False,C12H12N4O6,308.0757,22
COC(C)O[C@H]1[C@H]2Oc3nc4c(=O)[nH]c(=O)[nH]c4n3[C@@H]2O[C@@H]1CO,False,C13H16N4O7,340.1019,24
CC(C)(O)O[C@H]1[C@H]2Oc3nc4c(=O)[nH]c(=O)[nH]c4n3[C@@H]2O[C@@H]1CO,False,C13H16N4O7,340.1019,24
CCC(O)O[C@H]1[C@H]2Oc3nc4c(=O)[nH]c(=O)[nH]c4n3[C@@H]2O[C@@H]1CO,False,C13H16N4O7,340.1019,24
CC(=O)OC(C)O[C@H]1[C@H]2Oc3nc4c(=O)[nH]c(=O)[nH]c4n3[C@@H]2O[C@@H]1CO,False,C14H16N4O8,368.0968,26
CC(O)(O[C@H]1[C@H]2Oc3nc4c(=O)[nH]c(=O)[nH]c4n3[C@@H]2O[C@@H]1CO)C(=O)O,False,C13H14N4O9,370.0761,26
O=C(O)CC(O)O[C@H]1[C@H]2Oc3nc4c(=O)[nH]c(=O)[nH]c4n3[C@@H]2O[C@@H]1CO,False,C13H14N4O9,370.0761,26
CC(Cl)O[C@H]1[C@H]2Oc3nc4c(=O)[nH]c(=O)[nH]c4n3[C@@H]2O[C@@H]1CO,False,C12H13ClN4O6,344.0524,23
CC(O)(O)O[C@H]1[C@H]2Oc3nc4c(=O)[nH]c(=O)[nH]c4n3[C@@H]2O[C@@H]1CO,False,C12H14N4O8,342.0812,24
O=c1[nH]c(=O)c2nc3n(c2[nH]1)[C@@H]1O[C@H](CO)[C@@H](OC(O)CO)[C@H]1O3,False,C12H14N4O8,342.0812,24
CCO[C@H]1[C@H]2Oc3nc4c(=O)[nH]c(=O)[nH]c4n3[C@@H]2O[C@@H]1CO,False,C12H14N4O6,310.0913,22
CC(O)O[C@H]1[C@H]2Oc3nc4c(=O)[nH]c(=O)[nH]c4n3[C@@H]2O[C@@H]1C,False,C12H14N4O6,310.0913,22
CC(O)O[C@H]1[C@H]2Oc3nc4c(=O)[nH]c(=O)[nH]c4n3[C@@H]2O[C@@H]1C(=O)O,False,C12H12N4O8,340.0655,24
CC(O)OC(C)O[C@H]1[C@H]2Oc3nc4c(=O)[nH]c(=O)[nH]c4n3[C@@H]2O[C@@H]1CO,False,C14H18N4O8,370.1125,26
CC(O)O[C@H]1[C@H]2Oc3nc4c(=O)[nH]c(=O)[nH]c4n3[C@@]2(C)O[C@@H]1CO,False,C13H16N4O7,340.1019,24
CC(O)O[C@@H]1[C@@H](CO)O[C@H]2n3c(nc4c(=O)[nH]c(=O)[nH]c43)O[C@@]12C,False,C13H16N4O7,340.1019,24
CC(O)O[C@@]1(C)[C@@H](CO)O[C@@H]2[C@@H]1Oc1nc3c(=O)[nH]c(=O)[nH]c3n12,False,C13H16N4O7,340.1019,24
CC(O)O[C@H]1[C@H]2Oc3nc4c(=O)[nH]c(=O)[nH]c4n3[C@@H]2O[C@@]1(C)CO,False,C13H16N4O7,340.1019,24
CC(O)O[C@H]1[C@H]2Oc3nc4c(=O)[nH]c(=O)[nH]c4n3[C@@H]2O[C@@H]1C(C)O,False,C13H16N4O7,340.1019,24
O=CO[C@H]1[C@@H](O)[C@H]2O[C@@H]1COc1nc3c(=O)[nH]c(=O)[nH]c3n12,False,C11H10N4O7,310.0549,22
CC(=O)O[C@H]1[C@@H](O)[C@H]2O[C@@H]1COc1nc3c(=O)[nH]c(=O)[nH]c3n12,False,C12H12N4O7,324.0706,23
COC(C)O[C@H]1[C@@H](O)[C@H]2O[C@@H]1COc1nc3c(=O)[nH]c(=O)[nH]c3n12,False,C13H16N4O7,340.1019,24
CC(C)(O)O[C@H]1[C@@H](O)[C@H]2O[C@@H]1COc1nc3c(=O)[nH]c(=O)[nH]c3n12,False,C13H16N4O7,340.1019,24
CCC(O)O[C@H]1[C@@H](O)[C@H]2O[C@@H]1COc1nc3c(=O)[nH]c(=O)[nH]c3n12,False,C13H16N4O7,340.1019,24
CC(=O)OC(C)O[C@H]1[C@@H](O)[C@H]2O[C@@H]1COc1nc3c(=O)[nH]c(=O)[nH]c3n12,False,C14H16N4O8,368.0968,26
CC(=O)O[C@@H]1[C@H](OC(C)O)[C@H]2COc3nc4c(=O)[nH]c(=O)[nH]c4n3[C@@H]1O2,False,C14H16N4O8,368.0968,26
CC(O)(O[C@H]1[C@@H](O)[C@H]2O[C@@H]1COc1nc3c(=O)[nH]c(=O)[nH]c3n12)C(=O)O,False,C13H14N4O9,370.0761,26
O=C(O)CC(O)O[C@H]1[C@@H](O)[C@H]2O[C@@H]1COc1nc3c(=O)[nH]c(=O)[nH]c3n12,False,C13H14N4O9,370.0761,26
CC(Cl)O[C@H]1[C@@H](O)[C@H]2O[C@@H]1COc1nc3c(=O)[nH]c(=O)[nH]c3n12,False,C12H13ClN4O6,344.0524,23
CC(O)(O)O[C@H]1[C@@H](O)[C@H]2O[C@@H]1COc1nc3c(=O)[nH]c(=O)[nH]c3n12,False,C12H14N4O8,342.0812,24
O=c1[nH]c(=O)c2nc3n(c2[nH]1)[C@@H]1O[C@H](CO3)[C@@H](OC(O)CO)[C@H]1O,False,C12H14N4O8,342.0812,24
O=c1[nH]c(=O)c2nc3n(c2[nH]1)[C@@H]1O[C@H](CO3)[C@@H](O)[C@H]1O,False,C10H10N4O6,282.06,20
CCO[C@H]1[C@@H](O)[C@H]2O[C@@H]1COc1nc3c(=O)[nH]c(=O)[nH]c3n12,False,C12H14N4O6,310.0913,22
CC(O)O[C@@H]1[C@H](OC(C)O)[C@H]2COc3nc4c(=O)[nH]c(=O)[nH]c4n3[C@@H]1O2,False,C14H18N4O8,370.1125,26
CC(O)OC(C)O[C@H]1[C@@H](O)[C@H]2O[C@@H]1COc1nc3c(=O)[nH]c(=O)[nH]c3n12,False,C14H18N4O8,370.1125,26
CC(O)O[C@H]1[C@@H](O)[C@]2(C)O[C@@H]1COc1nc3c(=O)[nH]c(=O)[nH]c3n12,False,C13H16N4O7,340.1019,24
CC(O)O[C@@H]1[C@H]2COc3nc4c(=O)[nH]c(=O)[nH]c4n3[C@H](O2)[C@@]1(C)O,False,C13H16N4O7,340.1019,24
CC(O)O[C@@]1(C)[C@H]2COc3nc4c(=O)[nH]c(=O)[nH]c4n3[C@H](O2)[C@@H]1O,False,C13H16N4O7,340.1019,24
CC(O)O[C@H]1[C@@H](O)[C@H]2O[C@@]1(C)COc1nc3c(=O)[nH]c(=O)[nH]c3n12,False,C13H16N4O7,340.1019,24
CC(O)O[C@H]1[C@@H](O)[C@H]2O[C@@H]1C(C)Oc1nc3c(=O)[nH]c(=O)[nH]c3n12,False,C13H16N4O7,340.1019,24
C[C@]1(OCO)[C@@H](CO)O[C@@H](n2cnc3c(=O)[nH]c(=O)[nH]c32)[C@@H]1O,False,C12H16N4O7,328.1019,23
C[C@]1(O)[C@H](OCO)[C@@H](CO)O[C@H]1n1cnc2c(=O)[nH]c(=O)[nH]c21,False,C12H16N4O7,328.1019,23
C[C@@]1(CO)O[C@@H](n2cnc3c(=O)[nH]c(=O)[nH]c32)[C@H](O)[C@@H]1OCO,False,C12H16N4O7,328.1019,23
C[C@]1(n2cnc3c(=O)[nH]c(=O)[nH]c32)O[C@H](CO)[C@@H](OCO)[C@H]1O,False,C12H16N4O7,328.1019,23
CC(O)[C@H]1O[C@@H](n2cnc3c(=O)[nH]c(=O)[nH]c32)[C@H](O)[C@@H]1OCO,False,C12H16N4O7,328.1019,23
Cc1nc2c(=O)[nH]c(=O)[nH]c2n1[C@@H]1O[C@H](CO)[C@@H](OCO)[C@H]1O,False,C12H16N4O7,328.1019,23
COC(C)O[C@H]1[C@@H](O)[C@H](n2cnc3c(=O)[nH]c(=O)[nH]c32)O[C@@H]1CO,False,C13H18N4O7,342.1175,24
CC(C)(O)O[C@H]1[C@@H](O)[C@H](n2cnc3c(=O)[nH]c(=O)[nH]c32)O[C@@H]1CO,False,C13H18N4O7,342.1175,24
CCC(O)O[C@H]1[C@@H](O)[C@H](n2cnc3c(=O)[nH]c(=O)[nH]c32)O[C@@H]1CO,False,C13H18N4O7,342.1175,24
CC(=O)OC(C)O[C@H]1[C@@H](O)[C@H](n2cnc3c(=O)[nH]c(=O)[nH]c32)O[C@@H]1CO,False,C14H18N4O8,370.1125,26
CC(=O)O[C@@H]1[C@H](OC(C)O)[C@@H](CO)O[C@H]1n1cnc2c(=O)[nH]c(=O)[nH]c21,False,C14H18N4O8,370.1125,26
CC(O)(O[C@H]1[C@@H](O)[C@H](n2cnc3c(=O)[nH]c(=O)[nH]c32)O[C@@H]1CO)C(=O)O,False,C13H16N4O9,372.0917,26
O=C(O)CC(O)O[C@H]1[C@@H](O)[C@H](n2cnc3c(=O)[nH]c(=O)[nH]c32)O[C@@H]1CO,False,C13H16N4O9,372.0917,26
CC(Cl)O[C@H]1[C@@H](O)[C@H](n2cnc3c(=O)[nH]c(=O)[nH]c32)O[C@@H]1CO,False,C12H15ClN4O6,346.068,23
CC(O)(O)O[C@H]1[C@@H](O)[C@H](n2cnc3c(=O)[nH]c(=O)[nH]c32)O[C@@H]1CO,False,C12H16N4O8,344.0968,24
CC(O)O[C@H]1[C@@H](O)[C@H](n2cnc3c(=O)[nH]c(=O)[nH]c32)O[C@@H]1C,False,C12H16N4O6,312.107,22
CC(O)O[C@@H]1[C@H](OC(C)O)[C@@H](CO)O[C@H]1n1cnc2c(=O)[nH]c(=O)[nH]c21,False,C14H20N4O8,372.1281,26
CC(O)OC(C)O[C@H]1[C@@H](O)[C@H](n2cnc3c(=O)[nH]c(=O)[nH]c32)O[C@@H]1CO,False,C14H20N4O8,372.1281,26
O=c1[nH]c(=O)c2ncn([C@@H]3O[C@H](CO)[C@@H](OCO)[C@H]3O)c2[nH]1,False,C11H14N4O7,314.0862,22
CC(O)O[C@@]1(C)[C@@H](CO)O[C@@H](n2cnc3c(=O)[nH]c(=O)[nH]c32)[C@@H]1O,False,C13H18N4O7,342.1175,24
CC(O)O[C@@H]1[C@@H](CO)O[C@@H](n2cnc3c(=O)[nH]c(=O)[nH]c32)[C@@]1(C)O,False,C13H18N4O7,342.1175,24
CC(O)O[C@H]1[C@@H](O)[C@H](n2cnc3c(=O)[nH]c(=O)[nH]c32)O[C@@]1(C)CO,False,C13H18N4O7,342.1175,24
CC(O)O[C@H]1[C@@H](O)[C@@](C)(n2cnc3c(=O)[nH]c(=O)[nH]c32)O[C@@H]1CO,False,C13H18N4O7,342.1175,24
CC(O)O[C@H]1[C@@H](O)[C@H](n2cnc3c(=O)[nH]c(=O)[nH]c32)O[C@@H]1C(C)O,False,C13H18N4O7,342.1175,24
Cc1nc2c(=O)[nH]c(=O)[nH]c2n1[C@@H]1O[C@H](CO)[C@@H](OC(C)O)[C@H]1O,False,C13H18N4O7,342.1175,24
CCO[C@H]1[C@@H](O)[C@H](n2cnc3c(=O)[nH]c(=O)[nH]c32)O[C@@H]1COP(=O)(O)O,False,C12H17N4O9P,392.0733,26
CCO[C@H]1[C@@H](OP(=O)(O)O)[C@H](n2cnc3c(=O)[nH]c(=O)[nH]c32)O[C@@H]1CO,False,C12H17N4O9P,392.0733,26
CCO[C@H]1[C@@H](OS(=O)(=O)O)[C@H](n2cnc3c(=O)[nH]c(=O)[nH]c32)O[C@@H]1CO,False,C12H16N4O9S,392.0638,26
CCO[C@H]1[C@@H](O)[C@H](n2cnc3c(=O)[nH]c(=O)[nH]c32)O[C@@H]1COS(=O)(=O)O,False,C12H16N4O9S,392.0638,26
CC(C)O[C@H]1[C@@H](O)[C@H](n2cnc3c(=O)[nH]c(=O)[nH]c32)O[C@@H]1CO,False,C13H18N4O6,326.1226,23
CCCO[C@H]1[C@@H](O)[C@H](n2cnc3c(=O)[nH]c(=O)[nH]c32)O[C@@H]1CO,False,C13H18N4O6,326.1226,23
CC(O[C@H]1[C@@H](O)[C@H](n2cnc3c(=O)[nH]c(=O)[nH]c32)O[C@@H]1CO)C(=O)O,False,C13H16N4O8,356.0968,25
O=C(O)CCO[C@H]1[C@@H](O)[C@H](n2cnc3c(=O)[nH]c(=O)[nH]c32)O[C@@H]1CO,False,C13H16N4O8,356.0968,25
O=c1[nH]c(=O)c2ncn([C@@H]3O[C@H](CO)[C@@H](OCCO)[C@H]3O)c2[nH]1,False,C12H16N4O7,328.1019,23
CCO[C@H]1[C@@H](O)[C@H](n2cnc3c(=O)[nH]c(=O)[nH]c32)O[C@@H]1C,False,C12H16N4O5,296.1121,21
CCO[C@H]1[C@@H](O)[C@H](n2cnc3c(=O)[nH]c(=O)[nH]c32)O[C@@H]1C(=O)O,False,C12H14N4O7,326.0862,23
CCO[C@@H]1[C@H](OCC)[C@@H](CO)O[C@H]1n1cnc2c(=O)[nH]c(=O)[nH]c21,False,C14H20N4O6,340.1383,24
CCO[C@@]1(C)[C@@H](CO)O[C@@H](n2cnc3c(=O)[nH]c(=O)[nH]c32)[C@@H]1O,False,C13H18N4O6,326.1226,23
CCO[C@@H]1[C@@H](CO)O[C@@H](n2cnc3c(=O)[nH]c(=O)[nH]c32)[C@@]1(C)O,False,C13H18N4O6,326.1226,23
CCO[C@H]1[C@@H](O)[C@H](n2cnc3c(=O)[nH]c(=O)[nH]c32)O[C@@]1(C)CO,False,C13H18N4O6,326.1226,23
CCO[C@H]1[C@@H](O)[C@@](C)(n2cnc3c(=O)[nH]c(=O)[nH]c32)O[C@@H]1CO,False,C13H18N4O6,326.1226,23
CCO[C@H]1[C@@H](O)[C@H](n2cnc3c(=O)[nH]c(=O)[nH]c32)O[C@@H]1C(C)O,False,C13H18N4O6,326.1226,23
CCO[C@H]1[C@@H](O)[C@H](n2c(C)nc3c(=O)[nH]c(=O)[nH]c32)O[C@@H]1CO,False,C13H18N4O6,326.1226,23
CC[C@]1(OC=O)[C@@H](CO)O[C@@H](n2cnc3c(=O)[nH]c(=O)[nH]c32)[C@@H]1O,False,C13H16N4O7,340.1019,24
CC[C@]1(O)[C@H](OC=O)[C@@H](CO)O[C@H]1n1cnc2c(=O)[nH]c(=O)[nH]c21,False,C13H16N4O7,340.1019,24
CC[C@@]1(CO)O[C@@H](n2cnc3c(=O)[nH]c(=O)[nH]c32)[C@H](O)[C@@H]1OC=O,False,C13H16N4O7,340.1019,24
CC[C@]1(n2cnc3c(=O)[nH]c(=O)[nH]c32)O[C@H](CO)[C@@H](OC=O)[C@H]1O,False,C13H16N4O7,340.1019,24
CCc1nc2c(=O)[nH]c(=O)[nH]c2n1[C@@H]1O[C@H](CO)[C@@H](OC=O)[C@H]1O,False,C13H16N4O7,340.1019,24
CCC1(O)OC[C@H]2O[C@@H](n3cnc4c(=O)[nH]c(=O)[nH]c43)[C@H](O)[C@@H]2O1,False,C13H16N4O7,340.1019,24
CC1O[C@@H]2[C@H](OC1O)[C@@H](CO)O[C@H]2n1cnc2c(=O)[nH]c(=O)[nH]c21,False,C13H16N4O7,340.1019,24
CC1OC[C@H]2O[C@@H](n3cnc4c(=O)[nH]c(=O)[nH]c43)[C@H](O)[C@@H]2OC1O,False,C13H16N4O7,340.1019,24
O=c1[nH]c(=O)c2ncn([C@@H]3O[C@H](CO)[C@H]4OC(O)CCO[C@H]43)c2[nH]1,False,C13H16N4O7,340.1019,24
O=c1[nH]c(=O)c2ncn([C@@H]3O[C@@H]4COCCC(O)O[C@H]4[C@H]3O)c2[nH]1,False,C13H16N4O7,340.1019,24
C=CC(=O)O[C@H]1[C@@H](O)[C@H](n2cnc3c(=O)[nH]c(=O)[nH]c32)O[C@@H]1CO,False,C13H14N4O7,338.0862,24
CC(C)C(=O)O[C@H]1[C@@H](O)[C@H](n2cnc3c(=O)[nH]c(=O)[nH]c32)O[C@@H]1CO,False,C14H18N4O7,354.1175,25
CCCC(=O)O[C@H]1[C@@H](O)[C@H](n2cnc3c(=O)[nH]c(=O)[nH]c32)O[C@@H]1CO,False,C14H18N4O7,354.1175,25
CCC(=O)O[C@H]1[C@@H](OC(C)=O)[C@H](n2cnc3c(=O)[nH]c(=O)[nH]c32)O[C@@H]1CO,False,C15H18N4O8,382.1125,27
O=C(O)CCC(=O)O[C@H]1[C@@H](O)[C@H](n2cnc3c(=O)[nH]c(=O)[nH]c32)O[C@@H]1CO,False,C14H16N4O9,384.0917,27
CC(C(=O)O)C(=O)O[C@H]1[C@@H](O)[C@H](n2cnc3c(=O)[nH]c(=O)[nH]c32)O[C@@H]1CO,False,C14H16N4O9,384.0917,27
CCC(O)(C#N)O[C@H]1[C@@H](O)[C@H](n2cnc3c(=O)[nH]c(=O)[nH]c32)O[C@@H]1CO,False,C14H17N5O7,367.1128,26
CCC(N)O[C@H]1[C@@H](O)[C@H](n2cnc3c(=O)[nH]c(=O)[nH]c32)O[C@@H]1CO,False,C13H19N5O6,341.1335,24
CC(O)C(=O)O[C@H]1[C@@H](O)[C@H](n2cnc3c(=O)[nH]c(=O)[nH]c32)O[C@@H]1CO,False,C13H16N4O8,356.0968,25
O=C(CCO)O[C@H]1[C@@H](O)[C@H](n2cnc3c(=O)[nH]c(=O)[nH]c32)O[C@@H]1CO,False,C13H16N4O8,356.0968,25
CCOC(=O)O[C@H]1[C@@H](O)[C@H](n2cnc3c(=O)[nH]c(=O)[nH]c32)O[C@@H]1CO,False,C13H16N4O8,356.0968,25
O=C(CCS(=O)O)O[C@H]1[C@@H](O)[C@H](n2cnc3c(=O)[nH]c(=O)[nH]c32)O[C@@H]1CO,False,C13H16N4O9S,404.0638,27
CC(O)C(O)O[C@H]1[C@@H](O)[C@H](n2cnc3c(=O)[nH]c(=O)[nH]c32)O[C@@H]1CO,False,C13H18N4O8,358.1125,25
O=c1[nH]c(=O)c2ncn([C@@H]3O[C@H](CO)[C@@H](OC(O)CCO)[C@H]3O)c2[nH]1,False,C13H18N4O8,358.1125,25
O=C(O)O[C@H]1[C@@H](O)[C@H](n2cnc3c(=O)[nH]c(=O)[nH]c32)O[C@@H]1CO,False,C11H12N4O8,328.0655,23
CCC(=O)O[C@H]1[C@@H](O)[C@H](n2cnc3c(=O)[nH]c(=O)[nH]c32)O[C@@H]1C,False,C13H16N4O6,324.107,23
CCC(=O)[C@H]1[C@@H](O)[C@H](n2cnc3c(=O)[nH]c(=O)[nH]c32)O[C@@H]1CO,False,C13H16N4O6,324.107,23
CCC(=O)O[C@H]1[C@@H](O)[C@H](n2cnc3c(=O)[nH]c(=O)[nH]c32)O[C@@H]1C(=O)O,False,C13H14N4O8,354.0812,25
CCCCC(=O)O[C@H]1[C@@H](O)[C@H](n2cnc3c(=O)[nH]c(=O)[nH]c32)O[C@@H]1CO,False,C15H20N4O7,368.1332,26
CCC(C)C(=O)O[C@H]1[C@@H](O)[C@H](n2cnc3c(=O)[nH]c(=O)[nH]c32)O[C@@H]1CO,False,C15H20N4O7,368.1332,26
CCC(=O)O[C@@]1(C)[C@@H](CO)O[C@@H](n2cnc3c(=O)[nH]c(=O)[nH]c32)[C@@H]1O,False,C14H18N4O7,354.1175,25
CCC(=O)O[C@@]1(CC)[C@@H](CO)O[C@@H](n2cnc3c(=O)[nH]c(=O)[nH]c32)[C@@H]1O,False,C15H20N4O7,368.1332,26
CCC(=O)O[C@@H]1[C@@H](CO)O[C@@H](n2cnc3c(=O)[nH]c(=O)[nH]c32)[C@@]1(C)O,False,C14H18N4O7,354.1175,25
CCC(=O)O[C@@H]1[C@@H](CO)O[C@@H](n2cnc3c(=O)[nH]c(=O)[nH]c32)[C@]1(O)CC,False,C15H20N4O7,368.1332,26
CCC(=O)O[C@H]1[C@@H](O)[C@H](n2cnc3c(=O)[nH]c(=O)[nH]c32)O[C@@]1(C)CO,False,C14H18N4O7,354.1175,25
CCC(=O)O[C@H]1[C@@H](O)[C@H](n2cnc3c(=O)[nH]c(=O)[nH]c32)O[C@@]1(CC)CO,False,C15H20N4O7,368.1332,26
CCC(=O)O[C@H]1[C@@H](O)[C@@](C)(n2cnc3c(=O)[nH]c(=O)[nH]c32)O[C@@H]1CO,False,C14H18N4O7,354.1175,25
CCC(=O)O[C@H]1[C@@H](O)[C@@](CC)(n2cnc3c(=O)[nH]c(=O)[nH]c32)O[C@@H]1CO,False,C15H20N4O7,368.1332,26
CCC(=O)O[C@H]1[C@@H](O)[C@H](n2cnc3c(=O)[nH]c(=O)[nH]c32)O[C@@H]1C(C)O,False,C14H18N4O7,354.1175,25
CCC(=O)O[C@H]1[C@@H](O)[C@H](n2cnc3c(=O)[nH]c(=O)[nH]c32)O[C@@H]1C(O)CC,False,C15H20N4O7,368.1332,26
CCC(=O)O[C@H]1[C@@H](O)[C@H](n2c(C)nc3c(=O)[nH]c(=O)[nH]c32)O[C@@H]1CO,False,C14H18N4O7,354.1175,25
CCC(=O)O[C@H]1[C@@H](O)[C@H](n2c(CC)nc3c(=O)[nH]c(=O)[nH]c32)O[C@@H]1CO,False,C15H20N4O7,368.1332,26
CCC(=O)O[C@@H]1[C@H](OC=O)[C@@H](CO)O[C@H]1n1cnc2c(=O)[nH]c(=O)[nH]c21,False,C14H16N4O8,368.0968,26
CC(=O)O[C@@H]1[C@@H](CO)O[C@@H](n2cnc3c(=O)[nH]c(=O)[nH]c32)[C@@]1(C)OC=O,False,C14H16N4O8,368.0968,26
CC(=O)O[C@@]1(C)[C@@H](CO)O[C@@H](n2cnc3c(=O)[nH]c(=O)[nH]c32)[C@@H]1OC=O,False,C14H16N4O8,368.0968,26
CC(=O)O[C@H]1[C@@H](OC=O)[C@@](C)(n2cnc3c(=O)[nH]c(=O)[nH]c32)O[C@@H]1CO,False,C14H16N4O8,368.0968,26
CC(=O)O[C@H]1[C@@H](OC=O)[C@H](n2cnc3c(=O)[nH]c(=O)[nH]c32)O[C@@]1(C)CO,False,C14H16N4O8,368.0968,26
CC(=O)O[C@H]1[C@@H](OC=O)[C@H](n2cnc3c(=O)[nH]c(=O)[nH]c32)O[C@@H]1C(C)O,False,C14H16N4O8,368.0968,26
CC(=O)O[C@H]1[C@@H](OC=O)[C@H](n2c(C)nc3c(=O)[nH]c(=O)[nH]c32)O[C@@H]1CO,False,C14H16N4O8,368.0968,26
CCC(=O)O[C@H]1[C@@H](OC=O)[C@H](n2cnc3c(=O)[nH]c(=O)[nH]c32)O[C@@H]1CO,False,C14H16N4O8,368.0968,26
CC(=O)O[C@H]1[C@H]2OC(O)COC[C@H]1O[C@H]2n1cnc2c(=O)[nH]c(=O)[nH]c21,False,C14H16N4O8,368.0968,26
CC(O)O[C@H]1[C@H]2OC(=O)COC[C@H]1O[C@H]2n1cnc2c(=O)[nH]c(=O)[nH]c21,False,C14H16N4O8,368.0968,26
CC(=O)O[C@@H]1[C@H]2CO[C@@]1(OC(C)O)[C@H](n1cnc3c(=O)[nH]c(=O)[nH]c31)O2,False,C14H16N4O8,368.0968,26
CC(=O)O[C@@]12OC[C@H]1O[C@@H](n1cnc3c(=O)[nH]c(=O)[nH]c31)[C@@H]2OC(C)O,False,C14H16N4O8,368.0968,26
CC(=O)O[C@H]1[C@@H](OC(C)O)[C@]2(n3cnc4c(=O)[nH]c(=O)[nH]c43)OC[C@H]1O2,False,C14H16N4O8,368.0968,26
CC(=O)O[C@H]1[C@@H](OC(C)O)[C@H](n2cnc3c(=O)[nH]c(=O)[nH]c32)O[C@@]12CO2,False,C14H16N4O8,368.0968,26
CC(=O)O[C@H]1[C@@H](OC(C)O)[C@H]2O[C@@H]1COc1nc3c(=O)[nH]c(=O)[nH]c3n12,False,C14H16N4O8,368.0968,26
CC(O)O[C@@H]1[C@@H]2OC(=O)COC[C@H]2O[C@H]1n1cnc2c(=O)[nH]c(=O)[nH]c21,False,C14H16N4O8,368.0968,26
CC(=O)O[C@H]1[C@@H](OC(C)O)[C@H](n2cnc3c(=O)[nH]c(=O)[nH]c32)O[C@@H]1CO,False,C14H18N4O8,370.1125,26
CCC(=O)O[C@@H]1[C@H](OC(C)=O)[C@@H](CO)O[C@H]1n1cnc2c(=O)[nH]c(=O)[nH]c21,False,C15H18N4O8,382.1125,27
CC(=O)O[C@H]1[C@@H](OC(C)(O)C#N)[C@H](n2cnc3c(=O)[nH]c(=O)[nH]c32)O[C@@H]1CO,False,C15H17N5O8,395.1077,28
CC(=O)O[C@@H]1[C@H](OC(C)(O)C#N)[C@@H](CO)O[C@H]1n1cnc2c(=O)[nH]c(=O)[nH]c21,False,C15H17N5O8,395.1077,28
CC(=O)O[C@H]1[C@@H](OC(C)N)[C@H](n2cnc3c(=O)[nH]c(=O)[nH]c32)O[C@@H]1CO,False,C14H19N5O7,369.1284,26
CC(=O)O[C@@H]1[C@H](OC(C)N)[C@@H](CO)O[C@H]1n1cnc2c(=O)[nH]c(=O)[nH]c21,False,C14H19N5O7,369.1284,26
CC(=O)O[C@H]1[C@@H](OC(=O)CO)[C@H](n2cnc3c(=O)[nH]c(=O)[nH]c32)O[C@@H]1CO,False,C14H16N4O9,384.0917,27
CC(=O)O[C@@H]1[C@H](OC(=O)CO)[C@@H](CO)O[C@H]1n1cnc2c(=O)[nH]c(=O)[nH]c21,False,C14H16N4O9,384.0917,27
COC(=O)O[C@@H]1[C@H](OC(C)=O)[C@@H](CO)O[C@H]1n1cnc2c(=O)[nH]c(=O)[nH]c21,False,C14H16N4O9,384.0917,27
COC(=O)O[C@H]1[C@@H](OC(C)=O)[C@H](n2cnc3c(=O)[nH]c(=O)[nH]c32)O[C@@H]1CO,False,C14H16N4O9,384.0917,27
CC(=O)O[C@H]1[C@@H](OC(O)CO)[C@H](n2cnc3c(=O)[nH]c(=O)[nH]c32)O[C@@H]1CO,False,C14H18N4O9,386.1074,27
CC(O)O[C@H]1[C@@H](OC(=O)CO)[C@H](n2cnc3c(=O)[nH]c(=O)[nH]c32)O[C@@H]1CO,False,C14H18N4O9,386.1074,27
CC(O)O[C@@H]1[C@H](OC(=O)CO)[C@@H](CO)O[C@H]1n1cnc2c(=O)[nH]c(=O)[nH]c21,False,C14H18N4O9,386.1074,27
CC(=O)O[C@@H]1[C@H](OC(O)CO)[C@@H](CO)O[C@H]1n1cnc2c(=O)[nH]c(=O)[nH]c21,False,C14H18N4O9,386.1074,27
CC(=O)O[C@@H]1[C@H](OC(C)=O)[C@@H](C)O[C@H]1n1cnc2c(=O)[nH]c(=O)[nH]c21,False,C14H16N4O7,352.1019,25
CC(=O)O[C@H]1[C@@H](C(C)=O)[C@H](n2cnc3c(=O)[nH]c(=O)[nH]c32)O[C@@H]1CO,False,C14H16N4O7,352.1019,25
CC(=O)O[C@@H]1[C@H](C(C)=O)[C@@H](CO)O[C@H]1n1cnc2c(=O)[nH]c(=O)[nH]c21,False,C14H16N4O7,352.1019,25
CC(=O)O[C@@H]1[C@H](OC(C)=O)[C@@H](C(=O)O)O[C@H]1n1cnc2c(=O)[nH]c(=O)[nH]c21,False,C14H14N4O9,382.0761,27
CC(=O)O[C@@H]1[C@@H](CO)O[C@@H](n2cnc3c(=O)[nH]c(=O)[nH]c32)[C@@]1(C)OC(C)=O,False,C15H18N4O8,382.1125,27
CC(=O)O[C@H]1[C@H](n2cnc3c(=O)[nH]c(=O)[nH]c32)O[C@H](CO)[C@]1(C)OC(C)=O,False,C15H18N4O8,382.1125,27
CC(=O)O[C@H]1[C@@H](OC(C)=O)[C@@](C)(n2cnc3c(=O)[nH]c(=O)[nH]c32)O[C@@H]1CO,False,C15H18N4O8,382.1125,27
CC(=O)O[C@H]1[C@H](n2cnc3c(=O)[nH]c(=O)[nH]c32)O[C@@](C)(CO)[C@H]1OC(C)=O,False,C15H18N4O8,382.1125,27
CC(=O)O[C@@H]1[C@H](OC(C)=O)[C@@H](C(C)O)O[C@H]1n1cnc2c(=O)[nH]c(=O)[nH]c21,False,C15H18N4O8,382.1125,27
CC(=O)O[C@@H]1[C@H](OC(C)=O)[C@@H](CO)O[C@H]1n1c(C)nc2c(=O)[nH]c(=O)[nH]c21,False,C15H18N4O8,382.1125,27
O=CO[C@@]1(CC(=O)O)[C@@H](CO)O[C@@H](n2cnc3c(=O)[nH]c(=O)[nH]c32)[C@@H]1O,False,C13H14N4O9,370.0761,26
O=CO[C@@H]1[C@@H](CO)O[C@@H](n2cnc3c(=O)[nH]c(=O)[nH]c32)[C@]1(O)CC(=O)O,False,C13H14N4O9,370.0761,26
O=CO[C@H]1[C@@H](O)[C@H](n2cnc3c(=O)[nH]c(=O)[nH]c32)O[C@]1(CO)CC(=O)O,False,C13H14N4O9,370.0761,26
O=CO[C@H]1[C@@H](O)[C@@](CC(=O)O)(n2cnc3c(=O)[nH]c(=O)[nH]c32)O[C@@H]1CO,False,C13H14N4O9,370.0761,26
O=CO[C@H]1[C@@H](O)[C@H](n2c(CC(=O)O)nc3c(=O)[nH]c(=O)[nH]c32)O[C@@H]1CO,False,C13H14N4O9,370.0761,26
CC(=O)O[C@@]1(C(=O)O)[C@@H](CO)O[C@@H](n2cnc3c(=O)[nH]c(=O)[nH]c32)[C@@H]1O,False,C13H14N4O9,370.0761,26
CC(=O)O[C@@H]1[C@@H](CO)O[C@@H](n2cnc3c(=O)[nH]c(=O)[nH]c32)[C@]1(O)C(=O)O,False,C13H14N4O9,370.0761,26
CC(=O)O[C@H]1[C@@H](O)[C@H](n2cnc3c(=O)[nH]c(=O)[nH]c32)O[C@]1(CO)C(=O)O,False,C13H14N4O9,370.0761,26
CC(=O)O[C@H]1[C@@H](O)[C@@](C(=O)O)(n2cnc3c(=O)[nH]c(=O)[nH]c32)O[C@@H]1CO,False,C13H14N4O9,370.0761,26
CC(=O)O[C@H]1[C@@H](O)[C@H](n2cnc3c(=O)[nH]c(=O)[nH]c32)O[C@@H]1C(O)C(=O)O,False,C13H14N4O9,370.0761,26
CC(=O)O[C@H]1[C@@H](O)[C@H](n2c(C(=O)O)nc3c(=O)[nH]c(=O)[nH]c32)O[C@@H]1CO,False,C13H14N4O9,370.0761,26
O=C1CC(O)(O[C@H]2[C@@H](O)[C@H](n3cnc4c(=O)[nH]c(=O)[nH]c43)O[C@@H]2CO)O1,False,C13H14N4O9,370.0761,26
O=C1CC(O)(O)OC[C@H]2O[C@@H](n3cnc4c(=O)[nH]c(=O)[nH]c43)[C@H](O)[C@@H]2O1,False,C13H14N4O9,370.0761,26
O=C(O)CC1(O)OC[C@H]2O[C@@H](n3cnc4c(=O)[nH]c(=O)[nH]c43)[C@H](O)[C@@H]2O1,False,C13H14N4O9,370.0761,26
O=CCC(=O)O[C@H]1[C@@H](O)[C@H](n2cnc3c(=O)[nH]c(=O)[nH]c32)O[C@@H]1C=O,False,C13H12N4O8,352.0655,25
O=C1C=C(O[C@H]2[C@@H](O)[C@H](n3cnc4c(=O)[nH]c(=O)[nH]c43)O[C@@H]2CO)O1,False,C13H12N4O8,352.0655,25
O=C(O[C@H]1[C@@H](O)[C@H](n2cnc3c(=O)[nH]c(=O)[nH]c32)O[C@@H]1CO)C1OC1O,False,C13H14N4O9,370.0761,26
O=C1OC1C(O)O[C@H]1[C@@H](O)[C@H](n2cnc3c(=O)[nH]c(=O)[nH]c32)O[C@@H]1CO,False,C13H14N4O9,370.0761,26
O=C1O[C@H]2[C@@H](OC1C(O)O)[C@H](n1cnc3c(=O)[nH]c(=O)[nH]c31)O[C@@H]2CO,False,C13H14N4O9,370.0761,26
O=C(O)C1O[C@@H]2[C@H](OC1O)[C@@H](CO)O[C@H]2n1cnc2c(=O)[nH]c(=O)[nH]c21,False,C13H14N4O9,370.0761,26
O=C1O[C@H]2[C@@H](O)[C@H](n3cnc4c(=O)[nH]c(=O)[nH]c43)O[C@@H]2COC1C(O)O,False,C13H14N4O9,370.0761,26
O=C(O)C1OC[C@H]2O[C@@H](n3cnc4c(=O)[nH]c(=O)[nH]c43)[C@H](O)[C@@H]2OC1O,False,C13H14N4O9,370.0761,26
O=C1CC(O)O[C@]2(O1)[C@@H](CO)O[C@@H](n1cnc3c(=O)[nH]c(=O)[nH]c31)[C@@H]2O,False,C13H14N4O9,370.0761,26
O=C1CC(O)O[C@@]2(O1)[C@@H](CO)O[C@@H](n1cnc3c(=O)[nH]c(=O)[nH]c31)[C@@H]2O,False,C13H14N4O9,370.0761,26
O=C(CC(O)O)O[C@]12O[C@H]1[C@H](n1cnc3c(=O)[nH]c(=O)[nH]c31)O[C@@H]2CO,False,C13H14N4O9,370.0761,26
O=C(CC(O)O)O[C@@]12OC[C@H]1O[C@@H](n1cnc3c(=O)[nH]c(=O)[nH]c31)[C@@H]2O,False,C13H14N4O9,370.0761,26
O=C1CC(O)O[C@]2(O)[C@H](O1)[C@@H](CO)O[C@H]2n1cnc2c(=O)[nH]c(=O)[nH]c21,False,C13H14N4O9,370.0761,26
O=C1CC(O)O[C@@H]2[C@@H](CO)O[C@@H](n3cnc4c(=O)[nH]c(=O)[nH]c43)[C@]2(O)O1,False,C13H14N4O9,370.0761,26
O=C(CC(O)O)O[C@@H]1[C@H]2CO[C@@]1(O)[C@H](n1cnc3c(=O)[nH]c(=O)[nH]c31)O2,False,C13H14N4O9,370.0761,26
O=C1CC(O)O[C@@]2(CO)O[C@@H](n3cnc4c(=O)[nH]c(=O)[nH]c43)[C@H](O)[C@@H]2O1,False,C13H14N4O9,370.0761,26
O=C1CC(O)O[C@H]2[C@@H](O)[C@H](n3cnc4c(=O)[nH]c(=O)[nH]c43)O[C@]2(CO)O1,False,C13H14N4O9,370.0761,26
O=C(CC(O)O)O[C@H]1[C@H]2O[C@@]1(CO)O[C@H]2n1cnc2c(=O)[nH]c(=O)[nH]c21,False,C13H14N4O9,370.0761,26
O=C(CC(O)O)O[C@H]1[C@@H](O)[C@H](n2cnc3c(=O)[nH]c(=O)[nH]c32)O[C@@]12CO2,False,C13H14N4O9,370.0761,26
O=C1CC(O)O[C@]2(n3cnc4c(=O)[nH]c(=O)[nH]c43)O[C@H](CO)[C@@H](O1)[C@H]2O,False,C13H14N4O9,370.0761,26
O=C1CC(O)O[C@H]2[C@@H](O)[C@](n3cnc4c(=O)[nH]c(=O)[nH]c43)(O1)O[C@@H]2CO,False,C13H14N4O9,370.0761,26
O=C(CC(O)O)O[C@H]1[C@H]2O[C@]2(n2cnc3c(=O)[nH]c(=O)[nH]c32)O[C@@H]1CO,False,C13H14N4O9,370.0761,26
O=C(CC(O)O)O[C@H]1[C@@H](O)[C@]2(n3cnc4c(=O)[nH]c(=O)[nH]c43)OC[C@H]1O2,False,C13H14N4O9,370.0761,26
O=C1CC(O)OC(O)[C@H]2O[C@@H](n3cnc4c(=O)[nH]c(=O)[nH]c43)[C@H](O)[C@@H]2O1,False,C13H14N4O9,370.0761,26
O=C1CC(O)O[C@H]2[C@@H](O)[C@H](n3cnc4c(=O)[nH]c(=O)[nH]c43)O[C@@H]2C(O)O1,False,C13H14N4O9,370.0761,26
O=C(CC(O)O)O[C@H]1[C@H]2OC(O)[C@H]1O[C@H]2n1cnc2c(=O)[nH]c(=O)[nH]c21,False,C13H14N4O9,370.0761,26
O=C1CC(O)Oc2nc3c(=O)[nH]c(=O)[nH]c3n2[C@@H]2O[C@H](CO)[C@@H](O1)[C@H]2O,False,C13H14N4O9,370.0761,26
O=C1CC(O)O[C@H]2[C@@H](O)[C@@H](O[C@@H]2CO)n2c(nc3c(=O)[nH]c(=O)[nH]c32)O1,False,C13H14N4O9,370.0761,26
O=C(CC(O)O)O[C@H]1[C@H]2Oc3nc4c(=O)[nH]c(=O)[nH]c4n3[C@@H]2O[C@@H]1CO,False,C13H14N4O9,370.0761,26
O=C(CC(O)O)O[C@H]1[C@@H](O)[C@H]2O[C@@H]1COc1nc3c(=O)[nH]c(=O)[nH]c3n12,False,C13H14N4O9,370.0761,26
O=C(CC(O)O)O[C@H]1[C@@H](O)[C@H](n2cnc3c(=O)[nH]c(=O)[nH]c32)O[C@@H]1CO,False,C13H16N4O9,372.0917,26
O=CCC(=O)O[C@H]1[C@@H](O)[C@H](n2cnc3c(=O)[nH]c(=O)[nH]c32)O[C@@H]1CO,False,C13H14N4O8,354.0812,25
COC(=O)CC(=O)O[C@H]1[C@@H](O)[C@H](n2cnc3c(=O)[nH]c(=O)[nH]c32)O[C@@H]1CO,False,C14H16N4O9,384.0917,27
N#CC(O)(O)CC(=O)O[C@H]1[C@@H](O)[C@H](n2cnc3c(=O)[nH]c(=O)[nH]c32)O[C@@H]1CO,False,C14H15N5O9,397.087,28
N#CC(O)(CC(=O)O)O[C@H]1[C@@H](O)[C@H](n2cnc3c(=O)[nH]c(=O)[nH]c32)O[C@@H]1CO,False,C14H15N5O9,397.087,28
O=C(Cl)CC(=O)O[C@H]1[C@@H](O)[C@H](n2cnc3c(=O)[nH]c(=O)[nH]c32)O[C@@H]1CO,False,C13H13ClN4O8,388.0422,26
NC(=O)CC(=O)O[C@H]1[C@@H](O)[C@H](n2cnc3c(=O)[nH]c(=O)[nH]c32)O[C@@H]1CO,False,C13H15N5O8,369.0921,26
N#CCC(=O)O[C@H]1[C@@H](O)[C@H](n2cnc3c(=O)[nH]c(=O)[nH]c32)O[C@@H]1CO,False,C13H13N5O7,351.0815,25
NC(O)CC(=O)O[C@H]1[C@@H](O)[C@H](n2cnc3c(=O)[nH]c(=O)[nH]c32)O[C@@H]1CO,False,C13H17N5O8,371.1077,26
NC(CC(=O)O)O[C@H]1[C@@H](O)[C@H](n2cnc3c(=O)[nH]c(=O)[nH]c32)O[C@@H]1CO,False,C13H17N5O8,371.1077,26
O=CC(=O)O[C@H]1[C@@H](O)[C@H](n2cnc3c(=O)[nH]c(=O)[nH]c32)O[C@@H]1CO,False,C12H12N4O8,340.0655,24
C[C@H]1O[C@@H](n2cnc3c(=O)[nH]c(=O)[nH]c32)[C@H](O)[C@@H]1OC(=O)CC(=O)O,False,C13H14N4O8,354.0812,25
O=C(O)CC(=O)[C@H]1[C@@H](O)[C@H](n2cnc3c(=O)[nH]c(=O)[nH]c32)O[C@@H]1CO,False,C13H14N4O8,354.0812,25
N#CCC(O)O[C@H]1[C@@H](O)[C@H](n2cnc3c(=O)[nH]c(=O)[nH]c32)O[C@@H]1CO,False,C13H15N5O7,353.0971,25
CC(O)O[C@@]1(C#N)[C@@H](CO)O[C@@H](n2cnc3c(=O)[nH]c(=O)[nH]c32)[C@@H]1O,False,C13H15N5O7,353.0971,25
C[C@]1(OC(O)C#N)[C@@H](CO)O[C@@H](n2cnc3c(=O)[nH]c(=O)[nH]c32)[C@@H]1O,False,C13H15N5O7,353.0971,25
CC(O)O[C@@H]1[C@@H](CO)O[C@@H](n2cnc3c(=O)[nH]c(=O)[nH]c32)[C@]1(O)C#N,False,C13H15N5O7,353.0971,25
C[C@]1(O)[C@H](OC(O)C#N)[C@@H](CO)O[C@H]1n1cnc2c(=O)[nH]c(=O)[nH]c21,False,C13H15N5O7,353.0971,25
CC(O)O[C@H]1[C@@H](O)[C@H](n2cnc3c(=O)[nH]c(=O)[nH]c32)O[C@@]1(C#N)CO,False,C13H15N5O7,353.0971,25
C[C@@]1(CO)O[C@@H](n2cnc3c(=O)[nH]c(=O)[nH]c32)[C@H](O)[C@@H]1OC(O)C#N,False,C13H15N5O7,353.0971,25
CC(O)O[C@H]1[C@@H](O)[C@@](C#N)(n2cnc3c(=O)[nH]c(=O)[nH]c32)O[C@@H]1CO,False,C13H15N5O7,353.0971,25
C[C@]1(n2cnc3c(=O)[nH]c(=O)[nH]c32)O[C@H](CO)[C@@H](OC(O)C#N)[C@H]1O,False,C13H15N5O7,353.0971,25
CC(O)O[C@H]1[C@@H](O)[C@H](n2cnc3c(=O)[nH]c(=O)[nH]c32)O[C@@H]1C(O)C#N,False,C13H15N5O7,353.0971,25
CC(O)[C@H]1O[C@@H](n2cnc3c(=O)[nH]c(=O)[nH]c32)[C@H](O)[C@@H]1OC(O)C#N,False,C13H15N5O7,353.0971,25
CC(O)O[C@H]1[C@@H](O)[C@H](n2c(C#N)nc3c(=O)[nH]c(=O)[nH]c32)O[C@@H]1CO,False,C13H15N5O7,353.0971,25
Cc1nc2c(=O)[nH]c(=O)[nH]c2n1[C@@H]1O[C@H](CO)[C@@H](OC(O)C#N)[C@H]1O,False,C13H15N5O7,353.0971,25
N#CC(=O)O[C@H]1[C@@H](O)[C@H](n2cnc3c(=O)[nH]c(=O)[nH]c32)O[C@@H]1CO,False,C12H11N5O7,337.0658,24
CC(C#N)O[C@H]1[C@@H](O)[C@H](n2cnc3c(=O)[nH]c(=O)[nH]c32)O[C@@H]1C=O,False,C13H13N5O6,335.0866,24
COC(C)(C#N)O[C@H]1[C@@H](O)[C@H](n2cnc3c(=O)[nH]c(=O)[nH]c32)O[C@@H]1CO,False,C14H17N5O7,367.1128,26
CC(=O)OC(C)(C#N)O[C@H]1[C@@H](O)[C@H](n2cnc3c(=O)[nH]c(=O)[nH]c32)O[C@@H]1CO,False,C15H17N5O8,395.1077,28
CC(Cl)(C#N)O[C@H]1[C@@H](O)[C@H](n2cnc3c(=O)[nH]c(=O)[nH]c32)O[C@@H]1CO,False,C13H14ClN5O6,371.0633,25
N#CC(O)(CO)O[C@H]1[C@@H](O)[C@H](n2cnc3c(=O)[nH]c(=O)[nH]c32)O[C@@H]1CO,False,C13H15N5O8,369.0921,26
CC(O)(O[C@H]1[C@@H](O)[C@H](n2cnc3c(=O)[nH]c(=O)[nH]c32)O[C@@H]1CO)C(N)=O,False,C13H17N5O8,371.1077,26
CC(O)(C=NO)O[C@H]1[C@@H](O)[C@H](n2cnc3c(=O)[nH]c(=O)[nH]c32)O[C@@H]1CO,False,C13H17N5O8,371.1077,26
CC(C#N)O[C@H]1[C@@H](O)[C@H](n2cnc3c(=O)[nH]c(=O)[nH]c32)O[C@@H]1CO,False,C13H15N5O6,337.1022,24
C[C@H]1O[C@@H](n2cnc3c(=O)[nH]c(=O)[nH]c32)[C@H](O)[C@@H]1OC(C)(O)C#N,False,C13H15N5O6,337.1022,24
CC(O)(C#N)O[C@H]1[C@@H](O)[C@H](n2cnc3c(=O)[nH]c(=O)[nH]c32)O[C@@H]1C(=O)O,False,C13H13N5O8,367.0764,26
N#CCC(O)(C#N)O[C@H]1[C@@H](O)[C@H](n2cnc3c(=O)[nH]c(=O)[nH]c32)O[C@@H]1CO,False,C14H14N6O7,378.0924,27
N#CC(O)O[C@H]1[C@@H](O)[C@H](n2cnc3c(=O)[nH]c(=O)[nH]c32)O[C@@H]1CO,False,C12H13N5O7,339.0815,24
CC(O)(C#N)O[C@@]1(C#N)[C@@H](CO)O[C@@H](n2cnc3c(=O)[nH]c(=O)[nH]c32)[C@@H]1O,False,C14H14N6O7,378.0924,27
CC(O)(C#N)O[C@@]1(C)[C@@H](CO)O[C@@H](n2cnc3c(=O)[nH]c(=O)[nH]c32)[C@@H]1O,False,C14H17N5O7,367.1128,26
CC(O)(C#N)O[C@@H]1[C@@H](CO)O[C@@H](n2cnc3c(=O)[nH]c(=O)[nH]c32)[C@]1(O)C#N,False,C14H14N6O7,378.0924,27
CC(O)(C#N)O[C@@H]1[C@@H](CO)O[C@@H](n2cnc3c(=O)[nH]c(=O)[nH]c32)[C@@]1(C)O,False,C14H17N5O7,367.1128,26
CC(O)(C#N)O[C@H]1[C@@H](O)[C@H](n2cnc3c(=O)[nH]c(=O)[nH]c32)O[C@@]1(C#N)CO,False,C14H14N6O7,378.0924,27
CC(O)(C#N)O[C@H]1[C@@H](O)[C@H](n2cnc3c(=O)[nH]c(=O)[nH]c32)O[C@@]1(C)CO,False,C14H17N5O7,367.1128,26
CC(O)(C#N)O[C@H]1[C@@H](O)[C@@](C#N)(n2cnc3c(=O)[nH]c(=O)[nH]c32)O[C@@H]1CO,False,C14H14N6O7,378.0924,27
CC(O)(C#N)O[C@H]1[C@@H](O)[C@@](C)(n2cnc3c(=O)[nH]c(=O)[nH]c32)O[C@@H]1CO,False,C14H17N5O7,367.1128,26
CC(O)(C#N)O[C@H]1[C@@H](O)[C@H](n2cnc3c(=O)[nH]c(=O)[nH]c32)O[C@@H]1C(O)C#N,False,C14H14N6O7,378.0924,27
CC(O)[C@H]1O[C@@H](n2cnc3c(=O)[nH]c(=O)[nH]c32)[C@H](O)[C@@H]1OC(C)(O)C#N,False,C14H17N5O7,367.1128,26
CC(O)(C#N)O[C@H]1[C@@H](O)[C@H](n2c(C#N)nc3c(=O)[nH]c(=O)[nH]c32)O[C@@H]1CO,False,C14H14N6O7,378.0924,27
Cc1nc2c(=O)[nH]c(=O)[nH]c2n1[C@@H]1O[C@H](CO)[C@@H](OC(C)(O)C#N)[C@H]1O,False,C14H17N5O7,367.1128,26
C[C@]1(OCN)[C@@H](CO)O[C@@H](n2cnc3c(=O)[nH]c(=O)[nH]c32)[C@@H]1O,False,C12H17N5O6,327.1179,23
C[C@]1(O)[C@H](OCN)[C@@H](CO)O[C@H]1n1cnc2c(=O)[nH]c(=O)[nH]c21,False,C12H17N5O6,327.1179,23
C[C@@]1(CO)O[C@@H](n2cnc3c(=O)[nH]c(=O)[nH]c32)[C@H](O)[C@@H]1OCN,False,C12H17N5O6,327.1179,23
C[C@]1(n2cnc3c(=O)[nH]c(=O)[nH]c32)O[C@H](CO)[C@@H](OCN)[C@H]1O,False,C12H17N5O6,327.1179,23
CC(O)[C@H]1O[C@@H](n2cnc3c(=O)[nH]c(=O)[nH]c32)[C@H](O)[C@@H]1OCN,False,C12H17N5O6,327.1179,23
Cc1nc2c(=O)[nH]c(=O)[nH]c2n1[C@@H]1O[C@H](CO)[C@@H](OCN)[C@H]1O,False,C12H17N5O6,327.1179,23
CC1N=C2NC(=O)Nc3c2ncn3[C@@H]2O[C@H](CO)[C@@H](O1)[C@H]2O,False,C12H15N5O5,309.1073,22
CC1N=C2NC(=O)c3ncn(c3N2)[C@@H]2O[C@H](CO)[C@@H](O1)[C@H]2O,False,C12H15N5O5,309.1073,22
CC(N)O[C@H]1[C@@H](O)[C@H](n2cnc3c(=O)[nH]c(=O)[nH]c32)O[C@@H]1COP(=O)(O)O,False,C12H18N5O9P,407.0842,27
CC(N)O[C@H]1[C@@H](OP(=O)(O)O)[C@H](n2cnc3c(=O)[nH]c(=O)[nH]c32)O[C@@H]1CO,False,C12H18N5O9P,407.0842,27
CC(N)O[C@H]1[C@@H](OS(=O)(=O)O)[C@H](n2cnc3c(=O)[nH]c(=O)[nH]c32)O[C@@H]1CO,False,C12H17N5O9S,407.0747,27
CC(N)O[C@H]1[C@@H](O)[C@H](n2cnc3c(=O)[nH]c(=O)[nH]c32)O[C@@H]1COS(=O)(=O)O,False,C12H17N5O9S,407.0747,27
CNC(C)O[C@H]1[C@@H](O)[C@H](n2cnc3c(=O)[nH]c(=O)[nH]c32)O[C@@H]1CO,False,C13H19N5O6,341.1335,24
CC(C)(N)O[C@H]1[C@@H](O)[C@H](n2cnc3c(=O)[nH]c(=O)[nH]c32)O[C@@H]1CO,False,C13H19N5O6,341.1335,24
CC(=O)NC(C)O[C@H]1[C@@H](O)[C@H](n2cnc3c(=O)[nH]c(=O)[nH]c32)O[C@@H]1CO,False,C14H19N5O7,369.1284,26
CC(N)(O[C@H]1[C@@H](O)[C@H](n2cnc3c(=O)[nH]c(=O)[nH]c32)O[C@@H]1CO)C(=O)O,False,C13H17N5O8,371.1077,26
CC(NC(N)=O)O[C@H]1[C@@H](O)[C@H](n2cnc3c(=O)[nH]c(=O)[nH]c32)O[C@@H]1CO,False,C13H18N6O7,370.1237,26
CC(N)(O)O[C@H]1[C@@H](O)[C@H](n2cnc3c(=O)[nH]c(=O)[nH]c32)O[C@@H]1CO,False,C12H17N5O7,343.1128,24
NC(CO)O[C@H]1[C@@H](O)[C@H](n2cnc3c(=O)[nH]c(=O)[nH]c32)O[C@@H]1CO,False,C12H17N5O7,343.1128,24
CC(N)O[C@H]1[C@@H](O)[C@H](n2cnc3c(=O)[nH]c(=O)[nH]c32)O[C@@H]1C,False,C12H17N5O5,311.123,22
CC(N)O[C@H]1[C@@H](O)[C@H](n2cnc3c(=O)[nH]c(=O)[nH]c32)O[C@@H]1C(=O)O,False,C12H15N5O7,341.0971,24
CC(N)O[C@@H]1[C@H](OC(C)N)[C@@H](CO)O[C@H]1n1cnc2c(=O)[nH]c(=O)[nH]c21,False,C14H22N6O6,370.1601,26
CC(N)NC(C)O[C@H]1[C@@H](O)[C@H](n2cnc3c(=O)[nH]c(=O)[nH]c32)O[C@@H]1CO,False,C14H22N6O6,370.1601,26
NCO[C@H]1[C@@H](O)[C@H](n2cnc3c(=O)[nH]c(=O)[nH]c32)O[C@@H]1CO,False,C11H15N5O6,313.1022,22
CC(N)O[C@@]1(C)[C@@H](CO)O[C@@H](n2cnc3c(=O)[nH]c(=O)[nH]c32)[C@@H]1O,False,C13H19N5O6,341.1335,24
CC(N)O[C@@H]1[C@@H](CO)O[C@@H](n2cnc3c(=O)[nH]c(=O)[nH]c32)[C@@]1(C)O,False,C13H19N5O6,341.1335,24
CC(N)O[C@H]1[C@@H](O)[C@H](n2cnc3c(=O)[nH]c(=O)[nH]c32)O[C@@]1(C)CO,False,C13H19N5O6,341.1335,24
CC(N)O[C@H]1[C@@H](O)[C@@](C)(n2cnc3c(=O)[nH]c(=O)[nH]c32)O[C@@H]1CO,False,C13H19N5O6,341.1335,24
CC(N)O[C@H]1[C@@H](O)[C@H](n2cnc3c(=O)[nH]c(=O)[nH]c32)O[C@@H]1C(C)O,False,C13H19N5O6,341.1335,24
Cc1nc2c(=O)[nH]c(=O)[nH]c2n1[C@@H]1O[C@H](CO)[C@@H](OC(C)N)[C@H]1O,False,C13H19N5O6,341.1335,24
O=CO[C@@]1(CO)[C@@H](CO)O[C@@H](n2cnc3c(=O)[nH]c(=O)[nH]c32)[C@@H]1O,False,C12H14N4O8,342.0812,24
O=CO[C@@H]1[C@@H](CO)O[C@@H](n2cnc3c(=O)[nH]c(=O)[nH]c32)[C@]1(O)CO,False,C12H14N4O8,342.0812,24
O=CO[C@H]1[C@@H](O)[C@H](n2cnc3c(=O)[nH]c(=O)[nH]c32)OC1(CO)CO,False,C12H14N4O8,342.0812,24
O=CO[C@H]1[C@@H](O)[C@H](n2c(CO)nc3c(=O)[nH]c(=O)[nH]c32)O[C@@H]1CO,False,C12H14N4O8,342.0812,24
O=c1[nH]c(=O)c2ncn([C@@H]3O[C@H](CO)[C@H]4OC(O)C(O)O[C@H]43)c2[nH]1,False,C12H14N4O8,342.0812,24
O=c1[nH]c(=O)c2ncn([C@@H]3O[C@H](CO)[C@@]4(OCC(O)O4)[C@H]3O)c2[nH]1,False,C12H14N4O8,342.0812,24
O=c1[nH]c(=O)c2ncn([C@@H]3O[C@H](CO)[C@H]4OC(O)CO[C@]43O)c2[nH]1,False,C12H14N4O8,342.0812,24
O=c1[nH]c(=O)c2ncn([C@@H]3O[C@]4(CO)OCC(O)O[C@H]4[C@H]3O)c2[nH]1,False,C12H14N4O8,342.0812,24
O=c1[nH]c(=O)c2ncn([C@]34OCC(O)O[C@@H]([C@H]3O)[C@@H](CO)O4)c2[nH]1,False,C12H14N4O8,342.0812,24
O=c1[nH]c(=O)c2ncn([C@@H]3O[C@@H]4C(O)OCC(O)O[C@H]4[C@H]3O)c2[nH]1,False,C12H14N4O8,342.0812,24
O=c1[nH]c(=O)c2nc3n(c2[nH]1)[C@@H]1O[C@H](CO)[C@@H](OC(O)CO3)[C@H]1O,False,C12H14N4O8,342.0812,24
COCC(=O)O[C@H]1[C@@H](O)[C@H](n2cnc3c(=O)[nH]c(=O)[nH]c32)O[C@@H]1CO,False,C13H16N4O8,356.0968,25
CC(=O)OCC(=O)O[C@H]1[C@@H](O)[C@H](n2cnc3c(=O)[nH]c(=O)[nH]c32)O[C@@H]1CO,False,C14H16N4O9,384.0917,27
O=C(CCl)O[C@H]1[C@@H](O)[C@H](n2cnc3c(=O)[nH]c(=O)[nH]c32)O[C@@H]1CO,False,C12H13ClN4O7,360.0473,24
O=C(O[C@H]1[C@@H](O)[C@H](n2cnc3c(=O)[nH]c(=O)[nH]c32)O[C@@H]1CO)C(O)O,False,C12H14N4O9,358.0761,25
O=C(OCO)O[C@H]1[C@@H](O)[C@H](n2cnc3c(=O)[nH]c(=O)[nH]c32)O[C@@H]1CO,False,C12H14N4O9,358.0761,25
O=c1[nH]c(=O)c2ncn([C@@H]3O[C@H](CO)[C@@H](OC(O)C(O)O)[C@H]3O)c2[nH]1,False,C12H16N4O9,360.0917,25
C[C@H]1O[C@@H](n2cnc3c(=O)[nH]c(=O)[nH]c32)[C@H](O)[C@@H]1OC(=O)CO,False,C12H14N4O7,326.0862,23
O=C(CO)[C@H]1[C@@H](O)[C@H](n2cnc3c(=O)[nH]c(=O)[nH]c32)O[C@@H]1CO,False,C12H14N4O7,326.0862,23
O=C(O)C(=O)O[C@H]1[C@@H](O)[C@H](n2cnc3c(=O)[nH]c(=O)[nH]c32)O[C@@H]1CO,False,C12H12N4O9,356.0604,25
O=C(CO)O[C@H]1[C@@H](O)[C@H](n2cnc3c(=O)[nH]c(=O)[nH]c32)O[C@@H]1C(=O)O,False,C12H12N4O9,356.0604,25
O=C(O[C@H]1[C@@H](O)[C@H](n2cnc3c(=O)[nH]c(=O)[nH]c32)O[C@@H]1CO)C(O)CO,False,C13H16N4O9,372.0917,26
O=C(CO)O[C@@]1(CO)[C@@H](CO)O[C@@H](n2cnc3c(=O)[nH]c(=O)[nH]c32)[C@@H]1O,False,C13H16N4O9,372.0917,26
O=C(CO)O[C@@H]1[C@@H](CO)O[C@@H](n2cnc3c(=O)[nH]c(=O)[nH]c32)[C@]1(O)CO,False,C13H16N4O9,372.0917,26
O=C(CO)O[C@H]1[C@@H](O)[C@H](n2cnc3c(=O)[nH]c(=O)[nH]c32)OC1(CO)CO,False,C13H16N4O9,372.0917,26
O=C(CO)O[C@H]1[C@@H](O)[C@@](CO)(n2cnc3c(=O)[nH]c(=O)[nH]c32)O[C@@H]1CO,False,C13H16N4O9,372.0917,26
O=C(CO)O[C@H]1[C@@H](O)[C@H](n2cnc3c(=O)[nH]c(=O)[nH]c32)O[C@@H]1C(O)CO,False,C13H16N4O9,372.0917,26
O=C(CO)O[C@H]1[C@@H](O)[C@H](n2c(CO)nc3c(=O)[nH]c(=O)[nH]c32)O[C@@H]1CO,False,C13H16N4O9,372.0917,26
O=c1[nH]c(=O)c2ncn([C@@H]3O[C@H](CO)[C@H]4OC(O)OCO[C@H]43)c2[nH]1,False,C12H14N4O8,342.0812,24
O=c1[nH]c(=O)c2ncn([C@@H]3O[C@@H]4COCOC(O)O[C@H]4[C@H]3O)c2[nH]1,False,C12H14N4O8,342.0812,24
COC(O)O[C@]12O[C@H]1[C@H](n1cnc3c(=O)[nH]c(=O)[nH]c31)O[C@@H]2CO,False,C12H14N4O8,342.0812,24
COC(O)O[C@@]12OC[C@H]1O[C@@H](n1cnc3c(=O)[nH]c(=O)[nH]c31)[C@@H]2O,False,C12H14N4O8,342.0812,24
COC(O)O[C@@H]1[C@H]2CO[C@@]1(O)[C@H](n1cnc3c(=O)[nH]c(=O)[nH]c31)O2,False,C12H14N4O8,342.0812,24
COC(O)O[C@H]1[C@H]2O[C@@]1(CO)O[C@H]2n1cnc2c(=O)[nH]c(=O)[nH]c21,False,C12H14N4O8,342.0812,24
COC(O)O[C@H]1[C@@H](O)[C@H](n2cnc3c(=O)[nH]c(=O)[nH]c32)O[C@@]12CO2,False,C12H14N4O8,342.0812,24
COC(O)O[C@H]1[C@H]2O[C@]2(n2cnc3c(=O)[nH]c(=O)[nH]c32)O[C@@H]1CO,False,C12H14N4O8,342.0812,24
COC(O)O[C@H]1[C@@H](O)[C@]2(n3cnc4c(=O)[nH]c(=O)[nH]c43)OC[C@H]1O2,False,C12H14N4O8,342.0812,24
COC(O)O[C@H]1[C@H]2OC(O)[C@H]1O[C@H]2n1cnc2c(=O)[nH]c(=O)[nH]c21,False,C12H14N4O8,342.0812,24
COC(O)O[C@H]1[C@H]2Oc3nc4c(=O)[nH]c(=O)[nH]c4n3[C@@H]2O[C@@H]1CO,False,C12H14N4O8,342.0812,24
COC(O)O[C@H]1[C@@H](O)[C@H]2O[C@@H]1COc1nc3c(=O)[nH]c(=O)[nH]c3n12,False,C12H14N4O8,342.0812,24
COCO[C@H]1[C@@H](O)[C@H](n2cnc3c(=O)[nH]c(=O)[nH]c32)O[C@@H]1CO,False,C12H16N4O7,328.1019,23
COC(=O)O[C@H]1[C@@H](O)[C@H](n2cnc3c(=O)[nH]c(=O)[nH]c32)O[C@@H]1C,False,C12H14N4O7,326.0862,23
O=COC(=O)O[C@H]1[C@@H](O)[C@H](n2cnc3c(=O)[nH]c(=O)[nH]c32)O[C@@H]1CO,False,C12H12N4O9,356.0604,25
COC(=O)O[C@H]1[C@@H](O)[C@H](n2cnc3c(=O)[nH]c(=O)[nH]c32)O[C@@H]1C(=O)O,False,C12H12N4O9,356.0604,25
O=c1[nH]c(=O)c2ncn([C@@H]3O[C@H](CO)[C@](CO)(OCO)[C@H]3O)c2[nH]1,False,C12H16N4O8,344.0968,24
O=c1[nH]c(=O)c2ncn([C@@H]3O[C@H](CO)[C@@H](OCO)[C@@]3(O)CO)c2[nH]1,False,C12H16N4O8,344.0968,24
O=c1[nH]c(=O)c2ncn([C@@H]3OC(CO)(CO)[C@@H](OCO)[C@H]3O)c2[nH]1,False,C12H16N4O8,344.0968,24
O=c1[nH]c(=O)c2nc(CO)n([C@@H]3O[C@H](CO)[C@@H](OCO)[C@H]3O)c2[nH]1,False,C12H16N4O8,344.0968,24
O=CCO[C@H]1[C@@H](O)[C@H](n2cnc3c(=O)[nH]c(=O)[nH]c32)O[C@@H]1CO,False,C12H14N4O7,326.0862,23
O=C[C@H]1O[C@@H](n2cnc3c(=O)[nH]c(=O)[nH]c32)[C@H](O)[C@@H]1OCCO,False,C12H14N4O7,326.0862,23
O=CC(O)O[C@H]1[C@@H](O)[C@H](n2cnc3c(=O)[nH]c(=O)[nH]c32)O[C@@H]1CO,False,C12H14N4O8,342.0812,24
COCC(O)O[C@H]1[C@@H](O)[C@H](n2cnc3c(=O)[nH]c(=O)[nH]c32)O[C@@H]1CO,False,C13H18N4O8,358.1125,25
COC(CO)O[C@H]1[C@@H](O)[C@H](n2cnc3c(=O)[nH]c(=O)[nH]c32)O[C@@H]1CO,False,C13H18N4O8,358.1125,25
CC(O)(CO)O[C@H]1[C@@H](O)[C@H](n2cnc3c(=O)[nH]c(=O)[nH]c32)O[C@@H]1CO,False,C13H18N4O8,358.1125,25
CC(=O)OCC(O)O[C@H]1[C@@H](O)[C@H](n2cnc3c(=O)[nH]c(=O)[nH]c32)O[C@@H]1CO,False,C14H18N4O9,386.1074,27
CC(=O)OC(CO)O[C@H]1[C@@H](O)[C@H](n2cnc3c(=O)[nH]c(=O)[nH]c32)O[C@@H]1CO,False,C14H18N4O9,386.1074,27
O=c1[nH]c(=O)c2ncn([C@@H]3O[C@H](CO)[C@@H](OC(O)CCl)[C@H]3O)c2[nH]1,False,C12H15ClN4O7,362.0629,24
O=c1[nH]c(=O)c2ncn([C@@H]3O[C@H](CO)[C@@H](OC(Cl)CO)[C@H]3O)c2[nH]1,False,C12H15ClN4O7,362.0629,24
O=c1[nH]c(=O)c2ncn([C@@H]3O[C@H](CO)[C@@H](OC(O)(O)CO)[C@H]3O)c2[nH]1,False,C12H16N4O9,360.0917,25
C[C@H]1O[C@@H](n2cnc3c(=O)[nH]c(=O)[nH]c32)[C@H](O)[C@@H]1OC(O)CO,False,C12H16N4O7,328.1019,23
O=C(O)C(O)O[C@H]1[C@@H](O)[C@H](n2cnc3c(=O)[nH]c(=O)[nH]c32)O[C@@H]1CO,False,C12H14N4O9,358.0761,25
O=C(O)[C@H]1O[C@@H](n2cnc3c(=O)[nH]c(=O)[nH]c32)[C@H](O)[C@@H]1OC(O)CO,False,C12H14N4O9,358.0761,25
O=c1[nH]c(=O)c2ncn([C@@H]3O[C@H](CO)[C@@H](OC(O)C(O)CO)[C@H]3O)c2[nH]1,False,C13H18N4O9,374.1074,26
O=c1[nH]c(=O)c2ncn([C@@H]3O[C@H](CO)[C@@H](OC(O)(CO)CO)[C@H]3O)c2[nH]1,False,C13H18N4O9,374.1074,26
O=c1[nH]c(=O)c2ncn([C@@H]3O[C@H](CO)[C@](CO)(OC(O)CO)[C@H]3O)c2[nH]1,False,C13H18N4O9,374.1074,26
O=c1[nH]c(=O)c2ncn([C@@H]3O[C@H](CO)[C@@H](OC(O)CO)[C@@]3(O)CO)c2[nH]1,False,C13H18N4O9,374.1074,26
O=c1[nH]c(=O)c2ncn([C@@H]3OC(CO)(CO)[C@@H](OC(O)CO)[C@H]3O)c2[nH]1,False,C13H18N4O9,374.1074,26
O=c1[nH]c(=O)c2ncn([C@@]3(CO)O[C@H](CO)[C@@H](OC(O)CO)[C@H]3O)c2[nH]1,False,C13H18N4O9,374.1074,26
O=c1[nH]c(=O)c2ncn([C@@H]3O[C@H](C(O)CO)[C@@H](OC(O)CO)[C@H]3O)c2[nH]1,False,C13H18N4O9,374.1074,26
O=c1[nH]c(=O)c2nc(CO)n([C@@H]3O[C@H](CO)[C@@H](OC(O)CO)[C@H]3O)c2[nH]1,False,C13H18N4O9,374.1074,26
CC(O)O[C@H]1[C@H]2OC[C@H]1O[C@H]2n1cnc2c(=O)[nH]c(=O)[nH]c21,False,C12H14N4O6,310.0913,22
CC(=O)[C@H]1[C@@H](O)[C@H](n2cnc3c(=O)[nH]c(=O)[nH]c32)O[C@@H]1C,False,C12H14N4O5,294.0964,21
CC(=O)O[C@H]1[C@@H](O)[C@H](n2cnc3c(=O)[nH]c(=O)n(C(C)=O)c32)O[C@@H]1C,False,C14H16N4O7,352.1019,25
CC(=O)O[C@H]1[C@@H](O)[C@H](n2cnc3c(=O)n(C(C)=O)c(=O)[nH]c32)O[C@@H]1C,False,C14H16N4O7,352.1019,25
CC[C@H]1O[C@@H](n2cnc3c(=O)[nH]c(=O)[nH]c32)[C@H](O)[C@@H]1OC(C)=O,False,C13H16N4O6,324.107,23
CC(=O)O[C@H]1[C@@H](O)[C@H](n2cnc3c(=O)[nH]c(=O)[nH]c32)OC1(C)C,False,C13H16N4O6,324.107,23
CC(=O)O[C@@]1(C)[C@@H](C)O[C@@H](n2cnc3c(=O)[nH]c(=O)[nH]c32)[C@@H]1O,False,C13H16N4O6,324.107,23
CC(=O)O[C@@H]1[C@@H](C)O[C@@H](n2cnc3c(=O)[nH]c(=O)[nH]c32)[C@@]1(C)O,False,C13H16N4O6,324.107,23
CC(=O)O[C@H]1[C@@H](O)[C@@](C)(n2cnc3c(=O)[nH]c(=O)[nH]c32)O[C@@H]1C,False,C13H16N4O6,324.107,23
CC(=O)O[C@H]1[C@@H](O)[C@H](n2c(C)nc3c(=O)[nH]c(=O)[nH]c32)O[C@@H]1C,False,C13H16N4O6,324.107,23
CC(=O)[C@@]1(CO)CO[C@@H](n2cnc3c(=O)[nH]c(=O)[nH]c32)[C@@H]1O,False,C12H14N4O6,310.0913,22
O=C(CCO)[C@@H]1CO[C@@H](n2cnc3c(=O)[nH]c(=O)[nH]c32)[C@@H]1O,False,C12H14N4O6,310.0913,22
CC(=O)[C@@H]1CO[C@@H](n2cnc3c(=O)[nH]c(=O)[nH]c32)[C@]1(O)CO,False,C12H14N4O6,310.0913,22
CC(=O)[C@@H]1CO[C@@H](n2c(CO)nc3c(=O)[nH]c(=O)[nH]c32)[C@@H]1O,False,C12H14N4O6,310.0913,22
C[C@]1(C=O)[C@@H](CO)O[C@@H](n2cnc3c(=O)[nH]c(=O)[nH]c32)[C@@H]1O,False,C12H14N4O6,310.0913,22
C[C@]1(O)[C@H](C=O)[C@@H](CO)O[C@H]1n1cnc2c(=O)[nH]c(=O)[nH]c21,False,C12H14N4O6,310.0913,22
CC(=O)[C@]1(O)C[C@@H](CO)O[C@H]1n1cnc2c(=O)[nH]c(=O)[nH]c21,False,C12H14N4O6,310.0913,22
C[C@@]1(CO)O[C@@H](n2cnc3c(=O)[nH]c(=O)[nH]c32)[C@H](O)[C@@H]1C=O,False,C12H14N4O6,310.0913,22
CC(=O)[C@]1(CO)C[C@@H](O)[C@H](n2cnc3c(=O)[nH]c(=O)[nH]c32)O1,False,C12H14N4O6,310.0913,22
C[C@]1(n2cnc3c(=O)[nH]c(=O)[nH]c32)O[C@H](CO)[C@@H](C=O)[C@H]1O,False,C12H14N4O6,310.0913,22
CC(=O)[C@]1(n2cnc3c(=O)[nH]c(=O)[nH]c32)O[C@H](CO)C[C@H]1O,False,C12H14N4O6,310.0913,22
CC(O)[C@H]1O[C@@H](n2cnc3c(=O)[nH]c(=O)[nH]c32)[C@H](O)[C@@H]1C=O,False,C12H14N4O6,310.0913,22
CC(=O)C(O)[C@@H]1C[C@@H](O)[C@H](n2cnc3c(=O)[nH]c(=O)[nH]c32)O1,False,C12H14N4O6,310.0913,22
Cc1nc2c(=O)[nH]c(=O)[nH]c2n1[C@@H]1O[C@H](CO)[C@@H](C=O)[C@H]1O,False,C12H14N4O6,310.0913,22
CC(=O)c1nc2c(=O)[nH]c(=O)[nH]c2n1[C@@H]1O[C@H](CO)C[C@H]1O,False,C12H14N4O6,310.0913,22
O=CC[C@H]1[C@@H](O)[C@H](n2cnc3c(=O)[nH]c(=O)[nH]c32)O[C@@H]1CO,False,C12H14N4O6,310.0913,22
CC(O)[C@]12O[C@H]1[C@H](n1cnc3c(=O)[nH]c(=O)[nH]c31)O[C@@H]2CO,False,C12H14N4O6,310.0913,22
CC(O)[C@@]12OC[C@H]1O[C@@H](n1cnc3c(=O)[nH]c(=O)[nH]c31)[C@@H]2O,False,C12H14N4O6,310.0913,22
O=c1[nH]c(=O)c2ncn([C@@H]3O[C@H](CO)[C@H]4C(O)CO[C@H]43)c2[nH]1,False,C12H14N4O6,310.0913,22
O=c1[nH]c(=O)c2ncn([C@@H]3O[C@@H]4COCC(O)[C@H]4[C@H]3O)c2[nH]1,False,C12H14N4O6,310.0913,22
CC(O)[C@@H]1[C@H]2CO[C@@]1(O)[C@H](n1cnc3c(=O)[nH]c(=O)[nH]c31)O2,False,C12H14N4O6,310.0913,22
CC(O)[C@H]1[C@H]2O[C@@]1(CO)O[C@H]2n1cnc2c(=O)[nH]c(=O)[nH]c21,False,C12H14N4O6,310.0913,22
CC(O)[C@H]1[C@@H](O)[C@H](n2cnc3c(=O)[nH]c(=O)[nH]c32)O[C@@]12CO2,False,C12H14N4O6,310.0913,22
CC(O)[C@H]1[C@H]2O[C@]2(n2cnc3c(=O)[nH]c(=O)[nH]c32)O[C@@H]1CO,False,C12H14N4O6,310.0913,22
CC(O)[C@H]1[C@@H](O)[C@]2(n3cnc4c(=O)[nH]c(=O)[nH]c43)OC[C@H]1O2,False,C12H14N4O6,310.0913,22
CC(O)[C@H]1[C@H]2OC(O)[C@H]1O[C@H]2n1cnc2c(=O)[nH]c(=O)[nH]c21,False,C12H14N4O6,310.0913,22
CC(O)[C@H]1[C@H]2Oc3nc4c(=O)[nH]c(=O)[nH]c4n3[C@@H]2O[C@@H]1CO,False,C12H14N4O6,310.0913,22
CC(O)[C@H]1[C@@H](O)[C@H]2O[C@@H]1COc1nc3c(=O)[nH]c(=O)[nH]c3n12,False,C12H14N4O6,310.0913,22
CC(=O)[C@H]1[C@@H](O)[C@H](n2cnc3c(=O)[nH]c(=O)[nH]c32)O[C@@H]1COP(=O)(O)O,False,C12H15N4O9P,390.0577,26
CC(=O)[C@H]1[C@@H](OP(=O)(O)O)[C@H](n2cnc3c(=O)[nH]c(=O)[nH]c32)O[C@@H]1CO,False,C12H15N4O9P,390.0577,26
CC(O)[C@H]1[C@@H](O)[C@H](n2cnc3c(=O)[nH]c(=O)[nH]c32)O[C@@H]1CO,False,C12H16N4O6,312.107,22
CC(=O)[C@H]1[C@@H](OS(=O)(=O)O)[C@H](n2cnc3c(=O)[nH]c(=O)[nH]c32)O[C@@H]1CO,False,C12H14N4O9S,390.0481,26
CC(=O)[C@H]1[C@@H](O)[C@H](n2cnc3c(=O)[nH]c(=O)[nH]c32)O[C@@H]1COS(=O)(=O)O,False,C12H14N4O9S,390.0481,26
CC(O)(C#N)[C@H]1[C@@H](O)[C@H](n2cnc3c(=O)[nH]c(=O)[nH]c32)O[C@@H]1CO,False,C13H15N5O6,337.1022,24
CC(N)[C@H]1[C@@H](O)[C@H](n2cnc3c(=O)[nH]c(=O)[nH]c32)O[C@@H]1CO,False,C12H17N5O5,311.123,22
COC(=O)[C@H]1[C@@H](O)[C@H](n2cnc3c(=O)[nH]c(=O)[nH]c32)O[C@@H]1CO,False,C12H14N4O7,326.0862,23
O=c1[nH]c(=O)c2ncn([C@@H]3O[C@H](CO)[C@@H](C(O)CO)[C@H]3O)c2[nH]1,False,C12H16N4O7,328.1019,23
CC(=O)[C@H]1[C@@H](O)[C@H](n2cnc3c(=O)[nH]c(=O)[nH]c32)O[C@@H]1C(=O)O,False,C12H12N4O7,324.0706,23
O=C[C@H]1[C@@H](O)[C@H](n2cnc3c(=O)[nH]c(=O)[nH]c32)O[C@@H]1CO,False,C11H12N4O6,296.0757,21
CC(=O)[C@@]1(C)[C@@H](CO)O[C@@H](n2cnc3c(=O)[nH]c(=O)[nH]c32)[C@@H]1O,False,C13H16N4O6,324.107,23
CC(=O)[C@@H]1[C@@H](CO)O[C@@H](n2cnc3c(=O)[nH]c(=O)[nH]c32)[C@@]1(C)O,False,C13H16N4O6,324.107,23
CC(=O)[C@H]1[C@@H](O)[C@H](n2cnc3c(=O)[nH]c(=O)[nH]c32)O[C@@]1(C)CO,False,C13H16N4O6,324.107,23
CC(=O)[C@H]1[C@@H](O)[C@@](C)(n2cnc3c(=O)[nH]c(=O)[nH]c32)O[C@@H]1CO,False,C13H16N4O6,324.107,23
CC(=O)[C@H]1[C@@H](O)[C@H](n2cnc3c(=O)[nH]c(=O)[nH]c32)O[C@@H]1C(C)O,False,C13H16N4O6,324.107,23
CC(=O)[C@H]1[C@@H](O)[C@H](n2c(C)nc3c(=O)[nH]c(=O)[nH]c32)O[C@@H]1CO,False,C13H16N4O6,324.107,23
CC(=O)O[C@@H]1CO[C@@H](n2cnc3c(=O)[nH]c(=O)[nH]c32)[C@@H]1O,False,C11H12N4O6,296.0757,21
CC(=O)O[C@H]1[C@@H](O)[C@H](n2cnc3c(=O)[nH]c(=O)[nH]c32)O[C@]12OC2O,False,C12H12N4O8,340.0655,24
CC(O)O[C@H]1[C@@H](O)[C@H](n2cnc3c(=O)[nH]c(=O)[nH]c32)O[C@]12OC2=O,False,C12H12N4O8,340.0655,24
CC(=O)O[C@H]1[C@H]2O[C@@]1(C(O)O)O[C@H]2n1cnc2c(=O)[nH]c(=O)[nH]c21,False,C12H12N4O8,340.0655,24
CC(=O)O[C@@]12OC(O)[C@H]1O[C@@H](n1cnc3c(=O)[nH]c(=O)[nH]c31)[C@@H]2O,False,C12H12N4O8,340.0655,24
CC(O)O[C@@]12OC(=O)[C@H]1O[C@@H](n1cnc3c(=O)[nH]c(=O)[nH]c31)[C@@H]2O,False,C12H12N4O8,340.0655,24
CC(=O)O[C@]12O[C@H]1[C@H](n1cnc3c(=O)[nH]c(=O)[nH]c31)O[C@@H]2C(O)O,False,C12H12N4O8,340.0655,24
CC(=O)O[C@@H]1[C@@H]2O[C@@H](n3cnc4c(=O)[nH]c(=O)[nH]c43)[C@]1(O)OC2O,False,C12H12N4O8,340.0655,24
CC(O)O[C@@H]1[C@@H]2O[C@@H](n3cnc4c(=O)[nH]c(=O)[nH]c43)[C@]1(O)OC2=O,False,C12H12N4O8,340.0655,24
CC(=O)O[C@@H]1[C@@H]2O[C@@](n3cnc4c(=O)[nH]c(=O)[nH]c43)(OC2O)[C@@H]1O,False,C12H12N4O8,340.0655,24
CC(O)O[C@@H]1[C@@H]2O[C@@](n3cnc4c(=O)[nH]c(=O)[nH]c43)(OC2=O)[C@@H]1O,False,C12H12N4O8,340.0655,24
CC(=O)O[C@@H]1[C@@H](C(O)O)O[C@@]2(n3cnc4c(=O)[nH]c(=O)[nH]c43)O[C@H]12,False,C12H12N4O8,340.0655,24
O=C1COC(O)[C@H]2O[C@@H](n3cnc4c(=O)[nH]c(=O)[nH]c43)[C@H](O)[C@@H]2O1,False,C12H12N4O8,340.0655,24
O=C1OCC(O)O[C@H]2[C@@H](O)[C@H](n3cnc4c(=O)[nH]c(=O)[nH]c43)O[C@H]12,False,C12H12N4O8,340.0655,24
O=C1CO[C@@H]2[C@H](O1)[C@@H](C(O)O)O[C@H]2n1cnc2c(=O)[nH]c(=O)[nH]c21,False,C12H12N4O8,340.0655,24
CC(=O)O[C@H]1[C@@H](O)[C@H]2O[C@@H]1C(O)Oc1nc3c(=O)[nH]c(=O)[nH]c3n12,False,C12H12N4O8,340.0655,24
CC(O)O[C@H]1[C@@H](O)[C@H]2O[C@@H]1C(=O)Oc1nc3c(=O)[nH]c(=O)[nH]c3n12,False,C12H12N4O8,340.0655,24
CC(=O)O[C@H]1[C@H]2Oc3nc4c(=O)[nH]c(=O)[nH]c4n3[C@@H]2O[C@@H]1C(O)O,False,C12H12N4O8,340.0655,24
C[C@H]1O[C@@H](n2cnc3c(=O)[nH]c(=O)[nH]c32)[C@H](O)[C@@H]1OC(=O)C(=O)O,False,C12H12N4O8,340.0655,24
CC(=O)O[C@H]1[C@@H](O)[C@H](n2cnc3c(=O)[nH]c(=O)[nH]c32)O[C@@H]1C(O)O,False,C12H14N4O8,342.0812,24
CC(=O)O[C@H]1[C@@H](O)[C@H](n2cnc3c(=O)[nH]c(=O)[nH]c32)O[C@@H]1C(O)(O)C#N,False,C13H13N5O8,367.0764,26
CC(=O)O[C@H]1[C@@H](O)[C@H](n2cnc3c(=O)[nH]c(=O)[nH]c32)O[C@@H]1C(N)=O,False,C12H13N5O7,339.0815,24
O=C(CO)O[C@H]1[C@@H](O)[C@H](n2cnc3c(=O)[nH]c(=O)[nH]c32)O[C@@H]1C(O)O,False,C12H14N4O9,358.0761,25
CC(=O)O[C@H]1[C@@H](O)[C@H](n2cnc3c(=O)[nH]c(=O)n(C(C)=O)c32)O[C@@H]1C(=O)O,False,C14H14N4O9,382.0761,27
CC(=O)O[C@H]1[C@@H](O)[C@H](n2cnc3c(=O)n(C(C)=O)c(=O)[nH]c32)O[C@@H]1C(=O)O,False,C14H14N4O9,382.0761,27
CC(=O)O[C@H]1[C@@H](O)[C@H](n2cnc3c(=O)[nH]c(=O)[nH]c32)O[C@@]1(C)C(=O)O,False,C13H14N4O8,354.0812,25
CC(=O)O[C@@]1(C)[C@@H](C(=O)O)O[C@@H](n2cnc3c(=O)[nH]c(=O)[nH]c32)[C@@H]1O,False,C13H14N4O8,354.0812,25
CC(=O)O[C@@H]1[C@@H](C(=O)O)O[C@@H](n2cnc3c(=O)[nH]c(=O)[nH]c32)[C@@]1(C)O,False,C13H14N4O8,354.0812,25
CC(=O)O[C@@H]1[C@@H](C(=O)O)O[C@](C)(n2cnc3c(=O)[nH]c(=O)[nH]c32)[C@@H]1O,False,C13H14N4O8,354.0812,25
CC(=O)O[C@H]1[C@@H](O)[C@H](n2c(C)nc3c(=O)[nH]c(=O)[nH]c32)O[C@@H]1C(=O)O,False,C13H14N4O8,354.0812,25
CCC(=O)n1c(=O)[nH]c(=O)c2ncn([C@@H]3O[C@H](CO)[C@@H](OC=O)[C@H]3O)c21,False,C14H16N4O8,368.0968,26
CC(=O)O[C@H]1[C@@H](O)[C@@](C)(n2cnc3c(=O)[nH]c(=O)n(C=O)c32)O[C@@H]1CO,False,C14H16N4O8,368.0968,26
CC(=O)n1c(=O)[nH]c(=O)c2ncn([C@@]3(C)O[C@H](CO)[C@@H](OC=O)[C@H]3O)c21,False,C14H16N4O8,368.0968,26
CC(=O)O[C@H]1[C@@H](O)[C@H](n2c(C)nc3c(=O)[nH]c(=O)n(C=O)c32)O[C@@H]1CO,False,C14H16N4O8,368.0968,26
CC(=O)n1c(=O)[nH]c(=O)c2nc(C)n([C@@H]3O[C@H](CO)[C@@H](OC=O)[C@H]3O)c21,False,C14H16N4O8,368.0968,26
CC(=O)O[C@@H]1[C@@H](CO)O[C@@H](n2cnc3c(=O)[nH]c(=O)n(C=O)c32)[C@@]1(C)O,False,C14H16N4O8,368.0968,26
CC(=O)n1c(=O)[nH]c(=O)c2ncn([C@@H]3O[C@H](CO)[C@@H](OC=O)[C@]3(C)O)c21,False,C14H16N4O8,368.0968,26
CC(=O)O[C@@]1(C)[C@@H](CO)O[C@@H](n2cnc3c(=O)[nH]c(=O)n(C=O)c32)[C@@H]1O,False,C14H16N4O8,368.0968,26
CC(=O)n1c(=O)[nH]c(=O)c2ncn([C@@H]3O[C@H](CO)[C@](C)(OC=O)[C@H]3O)c21,False,C14H16N4O8,368.0968,26
CC(=O)O[C@H]1[C@@H](O)[C@H](n2cnc3c(=O)[nH]c(=O)n(C=O)c32)O[C@@]1(C)CO,False,C14H16N4O8,368.0968,26
CC(=O)n1c(=O)[nH]c(=O)c2ncn([C@@H]3O[C@@](C)(CO)[C@@H](OC=O)[C@H]3O)c21,False,C14H16N4O8,368.0968,26
CC(=O)O[C@H]1[C@@H](O)[C@H](n2cnc3c(=O)[nH]c(=O)n(C=O)c32)O[C@@H]1C(C)O,False,C14H16N4O8,368.0968,26
CC(=O)n1c(=O)[nH]c(=O)c2ncn([C@@H]3O[C@H](C(C)O)[C@@H](OC=O)[C@H]3O)c21,False,C14H16N4O8,368.0968,26
CCC(=O)O[C@H]1[C@@H](O)[C@H](n2cnc3c(=O)[nH]c(=O)n(C=O)c32)O[C@@H]1CO,False,C14H16N4O8,368.0968,26
CC(=O)O[C@H]1[C@H]2OCC(O)n3c(=O)[nH]c(=O)c4ncn(c43)[C@@H]2O[C@@H]1CO,False,C14H16N4O8,368.0968,26
CC(O)O[C@H]1[C@H]2OCC(=O)n3c(=O)[nH]c(=O)c4ncn(c43)[C@@H]2O[C@@H]1CO,False,C14H16N4O8,368.0968,26
CC(=O)O[C@H]1[C@@H](O)[C@H]2O[C@@H]1COCC(O)n1c(=O)[nH]c(=O)c3ncn2c31,False,C14H16N4O8,368.0968,26
CC(O)O[C@H]1[C@@H](O)[C@H]2O[C@@H]1COCC(=O)n1c(=O)[nH]c(=O)c3ncn2c31,False,C14H16N4O8,368.0968,26
CC(=O)O[C@H]1[C@H]2O[C@]2(n2cnc3c(=O)[nH]c(=O)n(C(C)O)c32)O[C@@H]1CO,False,C14H16N4O8,368.0968,26
CC(=O)n1c(=O)[nH]c(=O)c2ncn([C@]34O[C@@H]3[C@H](OC(C)O)[C@@H](CO)O4)c21,False,C14H16N4O8,368.0968,26
CC(=O)O[C@H]1[C@@H](O)[C@]2(n3cnc4c(=O)[nH]c(=O)n(C(C)O)c43)OC[C@H]1O2,False,C14H16N4O8,368.0968,26
CC(=O)n1c(=O)[nH]c(=O)c2ncn([C@@]34OC[C@@H](O3)[C@@H](OC(C)O)[C@H]4O)c21,False,C14H16N4O8,368.0968,26
CC(=O)O[C@H]1[C@H]2Oc3nc4c(=O)[nH]c(=O)n(C(C)O)c4n3[C@@H]2O[C@@H]1CO,False,C14H16N4O8,368.0968,26
CC(=O)n1c(=O)[nH]c(=O)c2nc3n(c21)[C@@H]1O[C@H](CO)[C@@H](OC(C)O)[C@H]1O3,False,C14H16N4O8,368.0968,26
CC(=O)O[C@H]1[C@@H](O)[C@H]2O[C@@H]1COc1nc3c(=O)[nH]c(=O)n(C(C)O)c3n12,False,C14H16N4O8,368.0968,26
CC(=O)n1c(=O)[nH]c(=O)c2nc3n(c21)[C@@H]1O[C@H](CO3)[C@@H](OC(C)O)[C@H]1O,False,C14H16N4O8,368.0968,26
CC(=O)O[C@@H]1[C@H]2CO[C@@]1(O)[C@H](n1cnc3c(=O)[nH]c(=O)n(C(C)O)c31)O2,False,C14H16N4O8,368.0968,26
CC(=O)n1c(=O)[nH]c(=O)c2ncn([C@@H]3O[C@@H]4CO[C@]3(O)[C@@H]4OC(C)O)c21,False,C14H16N4O8,368.0968,26
CC(=O)O[C@]12O[C@H]1[C@H](n1cnc3c(=O)[nH]c(=O)n(C(C)O)c31)O[C@@H]2CO,False,C14H16N4O8,368.0968,26
CC(=O)n1c(=O)[nH]c(=O)c2ncn([C@@H]3O[C@H](CO)[C@@]4(OC(C)O)O[C@@H]34)c21,False,C14H16N4O8,368.0968,26
CC(=O)O[C@@]12OC[C@H]1O[C@@H](n1cnc3c(=O)[nH]c(=O)n(C(C)O)c31)[C@@H]2O,False,C14H16N4O8,368.0968,26
CC(=O)n1c(=O)[nH]c(=O)c2ncn([C@@H]3O[C@@H]4CO[C@@]4(OC(C)O)[C@H]3O)c21,False,C14H16N4O8,368.0968,26
CC(=O)O[C@H]1[C@H]2O[C@@]1(CO)O[C@H]2n1cnc2c(=O)[nH]c(=O)n(C(C)O)c21,False,C14H16N4O8,368.0968,26
CC(=O)n1c(=O)[nH]c(=O)c2ncn([C@@H]3O[C@]4(CO)O[C@@H]3[C@@H]4OC(C)O)c21,False,C14H16N4O8,368.0968,26
CC(=O)O[C@H]1[C@@H](O)[C@H](n2cnc3c(=O)[nH]c(=O)n(C(C)O)c32)O[C@@]12CO2,False,C14H16N4O8,368.0968,26
CC(=O)n1c(=O)[nH]c(=O)c2ncn([C@@H]3O[C@@]4(CO4)[C@@H](OC(C)O)[C@H]3O)c21,False,C14H16N4O8,368.0968,26
CC(=O)O[C@H]1[C@H]2OC(O)[C@H]1O[C@H]2n1cnc2c(=O)[nH]c(=O)n(C(C)O)c21,False,C14H16N4O8,368.0968,26
CC(=O)n1c(=O)[nH]c(=O)c2ncn([C@@H]3O[C@@H]4C(O)O[C@@H]3[C@@H]4OC(C)O)c21,False,C14H16N4O8,368.0968,26
CC(O)n1c(=O)[nH]c(=O)c2ncn([C@@H]3O[C@H](CO)[C@H]4OC(=O)CO[C@H]43)c21,False,C14H16N4O8,368.0968,26
CC(=O)n1c(=O)[nH]c(=O)c2ncn([C@@H]3O[C@H](CO)[C@H]4OC(O)CO[C@H]43)c21,False,C14H16N4O8,368.0968,26
CC(O)n1c(=O)[nH]c(=O)c2ncn([C@@H]3O[C@@H]4COCC(=O)O[C@H]4[C@H]3O)c21,False,C14H16N4O8,368.0968,26
CC(=O)n1c(=O)[nH]c(=O)c2ncn([C@@H]3O[C@@H]4COCC(O)O[C@H]4[C@H]3O)c21,False,C14H16N4O8,368.0968,26
CC(=O)O[C@H]1[C@@H](O)[C@H](n2cnc3c(=O)[nH]c(=O)n(C(C)O)c32)O[C@@H]1CO,False,C14H18N4O8,370.1125,26
CC(=O)n1c(=O)[nH]c(=O)c2ncn([C@@H]3O[C@H](CO)[C@@H](OC(C)O)[C@H]3O)c21,False,C14H18N4O8,370.1125,26
CCO[C@H]1[C@@H](O)[C@H](n2cnc3c(=O)[nH]c(=O)n(C(C)=O)c32)O[C@@H]1CO,False,C14H18N4O7,354.1175,25
CCC(=O)n1c(=O)[nH]c(=O)c2ncn([C@@H]3O[C@H](CO)[C@@H](OC(C)=O)[C@H]3O)c21,False,C15H18N4O8,382.1125,27
CCC(=O)O[C@H]1[C@@H](O)[C@H](n2cnc3c(=O)[nH]c(=O)n(C(C)=O)c32)O[C@@H]1CO,False,C15H18N4O8,382.1125,27
CC(=O)O[C@H]1[C@@H](O)[C@H](n2cnc3c(=O)[nH]c(=O)n(C(C)(O)C#N)c32)O[C@@H]1CO,False,C15H17N5O8,395.1077,28
CC(=O)n1c(=O)[nH]c(=O)c2ncn([C@@H]3O[C@H](CO)[C@@H](OC(C)(O)C#N)[C@H]3O)c21,False,C15H17N5O8,395.1077,28
CC(=O)O[C@H]1[C@@H](O)[C@H](n2cnc3c(=O)[nH]c(=O)n(C(C)N)c32)O[C@@H]1CO,False,C14H19N5O7,369.1284,26
CC(=O)n1c(=O)[nH]c(=O)c2ncn([C@@H]3O[C@H](CO)[C@@H](OC(C)N)[C@H]3O)c21,False,C14H19N5O7,369.1284,26
CC(=O)O[C@H]1[C@@H](O)[C@H](n2cnc3c(=O)[nH]c(=O)n(C(=O)CO)c32)O[C@@H]1CO,False,C14H16N4O9,384.0917,27
CC(=O)n1c(=O)[nH]c(=O)c2ncn([C@@H]3O[C@H](CO)[C@@H](OC(=O)CO)[C@H]3O)c21,False,C14H16N4O9,384.0917,27
COC(=O)n1c(=O)[nH]c(=O)c2ncn([C@@H]3O[C@H](CO)[C@@H](OC(C)=O)[C@H]3O)c21,False,C14H16N4O9,384.0917,27
COC(=O)O[C@H]1[C@@H](O)[C@H](n2cnc3c(=O)[nH]c(=O)n(C(C)=O)c32)O[C@@H]1CO,False,C14H16N4O9,384.0917,27
CC(=O)O[C@H]1[C@@H](O)[C@H](n2cnc3c(=O)[nH]c(=O)n(C(O)CO)c32)O[C@@H]1CO,False,C14H18N4O9,386.1074,27
CC(O)O[C@H]1[C@@H](O)[C@H](n2cnc3c(=O)[nH]c(=O)n(C(=O)CO)c32)O[C@@H]1CO,False,C14H18N4O9,386.1074,27
CC(O)n1c(=O)[nH]c(=O)c2ncn([C@@H]3O[C@H](CO)[C@@H](OC(=O)CO)[C@H]3O)c21,False,C14H18N4O9,386.1074,27
CC(=O)n1c(=O)[nH]c(=O)c2ncn([C@@H]3O[C@H](CO)[C@@H](OC(O)CO)[C@H]3O)c21,False,C14H18N4O9,386.1074,27
CC(=O)[C@H]1[C@@H](O)[C@H](n2cnc3c(=O)[nH]c(=O)n(C(C)=O)c32)O[C@@H]1CO,False,C14H16N4O7,352.1019,25
CC(=O)O[C@H]1[C@@H](O)[C@H](n2cnc3c(=O)[nH]c(=O)n(C=O)c32)O[C@@H]1CO,False,C13H14N4O8,354.0812,25
CC(=O)n1c(=O)[nH]c(=O)c2ncn([C@@H]3O[C@H](CO)[C@@H](OC=O)[C@H]3O)c21,False,C13H14N4O8,354.0812,25
CC(=O)O[C@H]1[C@@H](O)[C@@](C)(n2cnc3c(=O)[nH]c(=O)n(C(C)=O)c32)O[C@@H]1CO,False,C15H18N4O8,382.1125,27
CC(=O)O[C@H]1[C@@H](O)[C@H](n2c(C)nc3c(=O)[nH]c(=O)n(C(C)=O)c32)O[C@@H]1CO,False,C15H18N4O8,382.1125,27
CC(=O)O[C@@H]1[C@@H](CO)O[C@@H](n2cnc3c(=O)[nH]c(=O)n(C(C)=O)c32)[C@@]1(C)O,False,C15H18N4O8,382.1125,27
CC(=O)O[C@@]1(C)[C@@H](CO)O[C@@H](n2cnc3c(=O)[nH]c(=O)n(C(C)=O)c32)[C@@H]1O,False,C15H18N4O8,382.1125,27
CC(=O)O[C@H]1[C@@H](O)[C@H](n2cnc3c(=O)[nH]c(=O)n(C(C)=O)c32)O[C@@]1(C)CO,False,C15H18N4O8,382.1125,27
CC(=O)O[C@H]1[C@@H](O)[C@H](n2cnc3c(=O)[nH]c(=O)n(C(C)=O)c32)O[C@@H]1C(C)O,False,C15H18N4O8,382.1125,27
CCC(=O)n1c(=O)[nH]c2c(ncn2[C@@H]2O[C@H](CO)[C@@H](OC=O)[C@H]2O)c1=O,False,C14H16N4O8,368.0968,26
CC(=O)O[C@H]1[C@@H](O)[C@H](n2c(C)nc3c(=O)n(C=O)c(=O)[nH]c32)O[C@@H]1CO,False,C14H16N4O8,368.0968,26
CC(=O)n1c(=O)[nH]c2c(nc(C)n2[C@@H]2O[C@H](CO)[C@@H](OC=O)[C@H]2O)c1=O,False,C14H16N4O8,368.0968,26
CC(=O)O[C@H]1[C@@H](O)[C@@](C)(n2cnc3c(=O)n(C=O)c(=O)[nH]c32)O[C@@H]1CO,False,C14H16N4O8,368.0968,26
CC(=O)n1c(=O)[nH]c2c(ncn2[C@@]2(C)O[C@H](CO)[C@@H](OC=O)[C@H]2O)c1=O,False,C14H16N4O8,368.0968,26
CC(=O)O[C@@H]1[C@@H](CO)O[C@@H](n2cnc3c(=O)n(C=O)c(=O)[nH]c32)[C@@]1(C)O,False,C14H16N4O8,368.0968,26
CC(=O)n1c(=O)[nH]c2c(ncn2[C@@H]2O[C@H](CO)[C@@H](OC=O)[C@]2(C)O)c1=O,False,C14H16N4O8,368.0968,26
CC(=O)O[C@@]1(C)[C@@H](CO)O[C@@H](n2cnc3c(=O)n(C=O)c(=O)[nH]c32)[C@@H]1O,False,C14H16N4O8,368.0968,26
CC(=O)n1c(=O)[nH]c2c(ncn2[C@@H]2O[C@H](CO)[C@](C)(OC=O)[C@H]2O)c1=O,False,C14H16N4O8,368.0968,26
CC(=O)O[C@H]1[C@@H](O)[C@H](n2cnc3c(=O)n(C=O)c(=O)[nH]c32)O[C@@]1(C)CO,False,C14H16N4O8,368.0968,26
CC(=O)n1c(=O)[nH]c2c(ncn2[C@@H]2O[C@@](C)(CO)[C@@H](OC=O)[C@H]2O)c1=O,False,C14H16N4O8,368.0968,26
CC(=O)O[C@H]1[C@@H](O)[C@H](n2cnc3c(=O)n(C=O)c(=O)[nH]c32)O[C@@H]1C(C)O,False,C14H16N4O8,368.0968,26
CC(=O)n1c(=O)[nH]c2c(ncn2[C@@H]2O[C@H](C(C)O)[C@@H](OC=O)[C@H]2O)c1=O,False,C14H16N4O8,368.0968,26
CCC(=O)O[C@H]1[C@@H](O)[C@H](n2cnc3c(=O)n(C=O)c(=O)[nH]c32)O[C@@H]1CO,False,C14H16N4O8,368.0968,26
CC(=O)O[C@H]1[C@H]2OCC(O)n3c(=O)[nH]c4c(ncn4[C@@H]2O[C@@H]1CO)c3=O,False,C14H16N4O8,368.0968,26
CC(O)O[C@H]1[C@H]2OCC(=O)n3c(=O)[nH]c4c(ncn4[C@@H]2O[C@@H]1CO)c3=O,False,C14H16N4O8,368.0968,26
CC(=O)O[C@H]1[C@@H](O)[C@H]2O[C@@H]1COCC(O)n1c(=O)[nH]c3c(ncn32)c1=O,False,C14H16N4O8,368.0968,26
CC(O)O[C@H]1[C@@H](O)[C@H]2O[C@@H]1COCC(=O)n1c(=O)[nH]c3c(ncn32)c1=O,False,C14H16N4O8,368.0968,26
CC(=O)O[C@H]1[C@H]2Oc3nc4c(=O)n(C(C)O)c(=O)[nH]c4n3[C@@H]2O[C@@H]1CO,False,C14H16N4O8,368.0968,26
CC(=O)n1c(=O)[nH]c2c(nc3n2[C@@H]2O[C@H](CO)[C@@H](OC(C)O)[C@H]2O3)c1=O,False,C14H16N4O8,368.0968,26
CC(=O)O[C@H]1[C@@H](O)[C@H]2O[C@@H]1COc1nc3c(=O)n(C(C)O)c(=O)[nH]c3n12,False,C14H16N4O8,368.0968,26
CC(=O)n1c(=O)[nH]c2c(nc3n2[C@@H]2O[C@H](CO3)[C@@H](OC(C)O)[C@H]2O)c1=O,False,C14H16N4O8,368.0968,26
CC(=O)O[C@H]1[C@H]2O[C@]2(n2cnc3c(=O)n(C(C)O)c(=O)[nH]c32)O[C@@H]1CO,False,C14H16N4O8,368.0968,26
CC(=O)n1c(=O)[nH]c2c(ncn2[C@]23O[C@@H]2[C@H](OC(C)O)[C@@H](CO)O3)c1=O,False,C14H16N4O8,368.0968,26
CC(=O)O[C@H]1[C@@H](O)[C@]2(n3cnc4c(=O)n(C(C)O)c(=O)[nH]c43)OC[C@H]1O2,False,C14H16N4O8,368.0968,26
CC(=O)n1c(=O)[nH]c2c(ncn2[C@@]23OC[C@@H](O2)[C@@H](OC(C)O)[C@H]3O)c1=O,False,C14H16N4O8,368.0968,26
CC(=O)O[C@@H]1[C@H]2CO[C@@]1(O)[C@H](n1cnc3c(=O)n(C(C)O)c(=O)[nH]c31)O2,False,C14H16N4O8,368.0968,26
CC(=O)n1c(=O)[nH]c2c(ncn2[C@@H]2O[C@@H]3CO[C@]2(O)[C@@H]3OC(C)O)c1=O,False,C14H16N4O8,368.0968,26
CC(=O)O[C@]12O[C@H]1[C@H](n1cnc3c(=O)n(C(C)O)c(=O)[nH]c31)O[C@@H]2CO,False,C14H16N4O8,368.0968,26
CC(=O)n1c(=O)[nH]c2c(ncn2[C@@H]2O[C@H](CO)[C@@]3(OC(C)O)O[C@@H]23)c1=O,False,C14H16N4O8,368.0968,26
CC(=O)O[C@@]12OC[C@H]1O[C@@H](n1cnc3c(=O)n(C(C)O)c(=O)[nH]c31)[C@@H]2O,False,C14H16N4O8,368.0968,26
CC(=O)n1c(=O)[nH]c2c(ncn2[C@@H]2O[C@@H]3CO[C@@]3(OC(C)O)[C@H]2O)c1=O,False,C14H16N4O8,368.0968,26
CC(=O)O[C@H]1[C@H]2O[C@@]1(CO)O[C@H]2n1cnc2c(=O)n(C(C)O)c(=O)[nH]c21,False,C14H16N4O8,368.0968,26
CC(=O)n1c(=O)[nH]c2c(ncn2[C@@H]2O[C@]3(CO)O[C@@H]2[C@@H]3OC(C)O)c1=O,False,C14H16N4O8,368.0968,26
CC(=O)O[C@H]1[C@@H](O)[C@H](n2cnc3c(=O)n(C(C)O)c(=O)[nH]c32)O[C@@]12CO2,False,C14H16N4O8,368.0968,26
CC(=O)n1c(=O)[nH]c2c(ncn2[C@@H]2O[C@@]3(CO3)[C@@H](OC(C)O)[C@H]2O)c1=O,False,C14H16N4O8,368.0968,26
CC(=O)O[C@H]1[C@H]2OC(O)[C@H]1O[C@H]2n1cnc2c(=O)n(C(C)O)c(=O)[nH]c21,False,C14H16N4O8,368.0968,26
CC(=O)n1c(=O)[nH]c2c(ncn2[C@@H]2O[C@@H]3C(O)O[C@@H]2[C@@H]3OC(C)O)c1=O,False,C14H16N4O8,368.0968,26
CC(O)n1c(=O)[nH]c2c(ncn2[C@@H]2O[C@H](CO)[C@H]3OC(=O)CO[C@H]32)c1=O,False,C14H16N4O8,368.0968,26
CC(=O)n1c(=O)[nH]c2c(ncn2[C@@H]2O[C@H](CO)[C@H]3OC(O)CO[C@H]32)c1=O,False,C14H16N4O8,368.0968,26
CC(O)n1c(=O)[nH]c2c(ncn2[C@@H]2O[C@@H]3COCC(=O)O[C@H]3[C@H]2O)c1=O,False,C14H16N4O8,368.0968,26
CC(=O)n1c(=O)[nH]c2c(ncn2[C@@H]2O[C@@H]3COCC(O)O[C@H]3[C@H]2O)c1=O,False,C14H16N4O8,368.0968,26
CC(=O)O[C@H]1[C@@H](O)[C@H](n2cnc3c(=O)n(C(C)O)c(=O)[nH]c32)O[C@@H]1CO,False,C14H18N4O8,370.1125,26
CC(=O)n1c(=O)[nH]c2c(ncn2[C@@H]2O[C@H](CO)[C@@H](OC(C)O)[C@H]2O)c1=O,False,C14H18N4O8,370.1125,26
CCO[C@H]1[C@@H](O)[C@H](n2cnc3c(=O)n(C(C)=O)c(=O)[nH]c32)O[C@@H]1CO,False,C14H18N4O7,354.1175,25
CCC(=O)n1c(=O)[nH]c2c(ncn2[C@@H]2O[C@H](CO)[C@@H](OC(C)=O)[C@H]2O)c1=O,False,C15H18N4O8,382.1125,27
CCC(=O)O[C@H]1[C@@H](O)[C@H](n2cnc3c(=O)n(C(C)=O)c(=O)[nH]c32)O[C@@H]1CO,False,C15H18N4O8,382.1125,27
CC(=O)O[C@H]1[C@@H](O)[C@H](n2cnc3c(=O)n(C(C)(O)C#N)c(=O)[nH]c32)O[C@@H]1CO,False,C15H17N5O8,395.1077,28
CC(=O)n1c(=O)[nH]c2c(ncn2[C@@H]2O[C@H](CO)[C@@H](OC(C)(O)C#N)[C@H]2O)c1=O,False,C15H17N5O8,395.1077,28
CC(=O)O[C@H]1[C@@H](O)[C@H](n2cnc3c(=O)n(C(C)N)c(=O)[nH]c32)O[C@@H]1CO,False,C14H19N5O7,369.1284,26
CC(=O)n1c(=O)[nH]c2c(ncn2[C@@H]2O[C@H](CO)[C@@H](OC(C)N)[C@H]2O)c1=O,False,C14H19N5O7,369.1284,26
CC(=O)O[C@H]1[C@@H](O)[C@H](n2cnc3c(=O)n(C(=O)CO)c(=O)[nH]c32)O[C@@H]1CO,False,C14H16N4O9,384.0917,27
CC(=O)n1c(=O)[nH]c2c(ncn2[C@@H]2O[C@H](CO)[C@@H](OC(=O)CO)[C@H]2O)c1=O,False,C14H16N4O9,384.0917,27
COC(=O)n1c(=O)[nH]c2c(ncn2[C@@H]2O[C@H](CO)[C@@H](OC(C)=O)[C@H]2O)c1=O,False,C14H16N4O9,384.0917,27
COC(=O)O[C@H]1[C@@H](O)[C@H](n2cnc3c(=O)n(C(C)=O)c(=O)[nH]c32)O[C@@H]1CO,False,C14H16N4O9,384.0917,27
CC(=O)O[C@H]1[C@@H](O)[C@H](n2cnc3c(=O)n(C(O)CO)c(=O)[nH]c32)O[C@@H]1CO,False,C14H18N4O9,386.1074,27
CC(O)O[C@H]1[C@@H](O)[C@H](n2cnc3c(=O)n(C(=O)CO)c(=O)[nH]c32)O[C@@H]1CO,False,C14H18N4O9,386.1074,27
CC(O)n1c(=O)[nH]c2c(ncn2[C@@H]2O[C@H](CO)[C@@H](OC(=O)CO)[C@H]2O)c1=O,False,C14H18N4O9,386.1074,27
CC(=O)n1c(=O)[nH]c2c(ncn2[C@@H]2O[C@H](CO)[C@@H](OC(O)CO)[C@H]2O)c1=O,False,C14H18N4O9,386.1074,27
CC(=O)[C@H]1[C@@H](O)[C@H](n2cnc3c(=O)n(C(C)=O)c(=O)[nH]c32)O[C@@H]1CO,False,C14H16N4O7,352.1019,25
CC(=O)O[C@H]1[C@@H](O)[C@H](n2cnc3c(=O)n(C=O)c(=O)[nH]c32)O[C@@H]1CO,False,C13H14N4O8,354.0812,25
CC(=O)n1c(=O)[nH]c2c(ncn2[C@@H]2O[C@H](CO)[C@@H](OC=O)[C@H]2O)c1=O,False,C13H14N4O8,354.0812,25
CC(=O)O[C@H]1[C@@H](O)[C@H](n2c(C)nc3c(=O)n(C(C)=O)c(=O)[nH]c32)O[C@@H]1CO,False,C15H18N4O8,382.1125,27
CC(=O)O[C@H]1[C@@H](O)[C@@](C)(n2cnc3c(=O)n(C(C)=O)c(=O)[nH]c32)O[C@@H]1CO,False,C15H18N4O8,382.1125,27
CC(=O)O[C@@H]1[C@@H](CO)O[C@@H](n2cnc3c(=O)n(C(C)=O)c(=O)[nH]c32)[C@@]1(C)O,False,C15H18N4O8,382.1125,27
CC(=O)O[C@@]1(C)[C@@H](CO)O[C@@H](n2cnc3c(=O)n(C(C)=O)c(=O)[nH]c32)[C@@H]1O,False,C15H18N4O8,382.1125,27
CC(=O)O[C@H]1[C@@H](O)[C@H](n2cnc3c(=O)n(C(C)=O)c(=O)[nH]c32)O[C@@]1(C)CO,False,C15H18N4O8,382.1125,27
CC(=O)O[C@H]1[C@@H](O)[C@H](n2cnc3c(=O)n(C(C)=O)c(=O)[nH]c32)O[C@@H]1C(C)O,False,C15H18N4O8,382.1125,27
C[C@]1(OC=O)[C@@H](CO)O[C@@H](n2cnc3c(=O)[nH]c(=O)[nH]c32)[C@@]1(C)O,False,C13H16N4O7,340.1019,24
C[C@@]1(CO)O[C@@H](n2cnc3c(=O)[nH]c(=O)[nH]c32)[C@H](O)[C@@]1(C)OC=O,False,C13H16N4O7,340.1019,24
C[C@@]1(OC=O)[C@@H](O)[C@@](C)(n2cnc3c(=O)[nH]c(=O)[nH]c32)O[C@@H]1CO,False,C13H16N4O7,340.1019,24
Cc1nc2c(=O)[nH]c(=O)[nH]c2n1[C@@H]1O[C@H](CO)[C@](C)(OC=O)[C@H]1O,False,C13H16N4O7,340.1019,24
CC(O)O[C@]12CO[C@H]1[C@H](n1cnc3c(=O)[nH]c(=O)[nH]c31)O[C@@H]2CO,False,C13H16N4O7,340.1019,24
CC(O)O[C@@]12COC[C@H]1O[C@@H](n1cnc3c(=O)[nH]c(=O)[nH]c31)[C@@H]2O,False,C13H16N4O7,340.1019,24
C[C@@]12OC(O)CO[C@H]1[C@H](n1cnc3c(=O)[nH]c(=O)[nH]c31)O[C@@H]2CO,False,C13H16N4O7,340.1019,24
C[C@]12OC(O)COC[C@H]1O[C@@H](n1cnc3c(=O)[nH]c(=O)[nH]c31)[C@@H]2O,False,C13H16N4O7,340.1019,24
C[C@]1(OC(=O)CC(=O)O)[C@@H](CO)O[C@@H](n2cnc3c(=O)[nH]c(=O)[nH]c32)[C@@H]1O,False,C14H16N4O9,384.0917,27
C[C@]1(OC(=O)CO)[C@@H](CO)O[C@@H](n2cnc3c(=O)[nH]c(=O)[nH]c32)[C@@H]1O,False,C13H16N4O8,356.0968,25
COC(=O)O[C@@]1(C)[C@@H](CO)O[C@@H](n2cnc3c(=O)[nH]c(=O)[nH]c32)[C@@H]1O,False,C13H16N4O8,356.0968,25
C[C@]1(OC(O)CO)[C@@H](CO)O[C@@H](n2cnc3c(=O)[nH]c(=O)[nH]c32)[C@@H]1O,False,C13H18N4O8,358.1125,25
CC[C@]1(OC(C)=O)[C@@H](CO)O[C@@H](n2cnc3c(=O)[nH]c(=O)[nH]c32)[C@@H]1O,False,C14H18N4O7,354.1175,25
CC(=O)O[C@@]1(C)[C@@H](CO)O[C@@H](n2cnc3c(=O)[nH]c(=O)[nH]c32)[C@@]1(C)O,False,C14H18N4O7,354.1175,25
CC(=O)O[C@]1(C)[C@@H](O)[C@H](n2cnc3c(=O)[nH]c(=O)[nH]c32)O[C@@]1(C)CO,False,C14H18N4O7,354.1175,25
CC(=O)O[C@]1(C)[C@@H](O)[C@@](C)(n2cnc3c(=O)[nH]c(=O)[nH]c32)O[C@@H]1CO,False,C14H18N4O7,354.1175,25
CC(=O)O[C@@]1(C)[C@@H](C(C)O)O[C@@H](n2cnc3c(=O)[nH]c(=O)[nH]c32)[C@@H]1O,False,C14H18N4O7,354.1175,25
CC(=O)O[C@@]1(C)[C@@H](CO)O[C@@H](n2c(C)nc3c(=O)[nH]c(=O)[nH]c32)[C@@H]1O,False,C14H18N4O7,354.1175,25
C[C@]1(O)[C@H](OC=O)[C@@H](CO)O[C@]1(C)n1cnc2c(=O)[nH]c(=O)[nH]c21,False,C13H16N4O7,340.1019,24
C[C@@]1(O)[C@H](n2cnc3c(=O)[nH]c(=O)[nH]c32)O[C@@](C)(CO)[C@H]1OC=O,False,C13H16N4O7,340.1019,24
Cc1nc2c(=O)[nH]c(=O)[nH]c2n1[C@@H]1O[C@H](CO)[C@@H](OC=O)[C@]1(C)O,False,C13H16N4O7,340.1019,24
CC(O)O[C@@H]1[C@@H](CO)O[C@@H](n2cnc3c(=O)[nH]c(=O)[nH]c32)[C@]12CO2,False,C13H16N4O7,340.1019,24
CC(O)O[C@@H]1[C@H]2COC[C@@]1(O)[C@H](n1cnc3c(=O)[nH]c(=O)[nH]c31)O2,False,C13H16N4O7,340.1019,24
C[C@]12OCC(O)O[C@@H]1[C@@H](CO)O[C@H]2n1cnc2c(=O)[nH]c(=O)[nH]c21,False,C13H16N4O7,340.1019,24
C[C@]1(O)[C@@H]2OC(O)COC[C@H]2O[C@H]1n1cnc2c(=O)[nH]c(=O)[nH]c21,False,C13H16N4O7,340.1019,24
C[C@]1(O)[C@H](OC(=O)CC(=O)O)[C@@H](CO)O[C@H]1n1cnc2c(=O)[nH]c(=O)[nH]c21,False,C14H16N4O9,384.0917,27
C[C@]1(O)[C@H](OC(=O)CO)[C@@H](CO)O[C@H]1n1cnc2c(=O)[nH]c(=O)[nH]c21,False,C13H16N4O8,356.0968,25
COC(=O)O[C@@H]1[C@@H](CO)O[C@@H](n2cnc3c(=O)[nH]c(=O)[nH]c32)[C@@]1(C)O,False,C13H16N4O8,356.0968,25
C[C@]1(O)[C@H](OC(O)CO)[C@@H](CO)O[C@H]1n1cnc2c(=O)[nH]c(=O)[nH]c21,False,C13H18N4O8,358.1125,25
CC[C@]1(O)[C@H](OC(C)=O)[C@@H](CO)O[C@H]1n1cnc2c(=O)[nH]c(=O)[nH]c21,False,C14H18N4O7,354.1175,25
CC(=O)O[C@@H]1[C@@H](CO)O[C@](C)(n2cnc3c(=O)[nH]c(=O)[nH]c32)[C@@]1(C)O,False,C14H18N4O7,354.1175,25
CC(=O)O[C@H]1[C@](C)(O)[C@H](n2cnc3c(=O)[nH]c(=O)[nH]c32)O[C@@]1(C)CO,False,C14H18N4O7,354.1175,25
CC(=O)O[C@@H]1[C@@H](C(C)O)O[C@@H](n2cnc3c(=O)[nH]c(=O)[nH]c32)[C@@]1(C)O,False,C14H18N4O7,354.1175,25
CC(=O)O[C@@H]1[C@@H](CO)O[C@@H](n2c(C)nc3c(=O)[nH]c(=O)[nH]c32)[C@@]1(C)O,False,C14H18N4O7,354.1175,25
CC(=O)O[C@H]1[C@@H](O)[C@@](CO)(n2cnc3c(=O)[nH]c(=O)[nH]c32)O[C@@H]1C,False,C13H16N4O7,340.1019,24
C[C@]1(n2cnc3c(=O)[nH]c(=O)[nH]c32)O[C@@](C)(CO)[C@@H](OC=O)[C@H]1O,False,C13H16N4O7,340.1019,24
Cc1nc2c(=O)[nH]c(=O)[nH]c2n1[C@@H]1O[C@@](C)(CO)[C@@H](OC=O)[C@H]1O,False,C13H16N4O7,340.1019,24
CC(O)O[C@H]1[C@@H](O)[C@H](n2cnc3c(=O)[nH]c(=O)[nH]c32)OC12COC2,False,C13H16N4O7,340.1019,24
CC(O)O[C@H]1[C@H]2OC[C@@]1(CO)O[C@H]2n1cnc2c(=O)[nH]c(=O)[nH]c21,False,C13H16N4O7,340.1019,24
C[C@]12COCC(O)O[C@H]1[C@@H](O)[C@H](n1cnc3c(=O)[nH]c(=O)[nH]c31)O2,False,C13H16N4O7,340.1019,24
C[C@@]1(CO)O[C@@H](n2cnc3c(=O)[nH]c(=O)[nH]c32)[C@@H]2OCC(O)O[C@@H]21,False,C13H16N4O7,340.1019,24
C[C@@]1(CO)O[C@@H](n2cnc3c(=O)[nH]c(=O)[nH]c32)[C@H](O)[C@@H]1OC(=O)CC(=O)O,False,C14H16N4O9,384.0917,27
C[C@@]1(CO)O[C@@H](n2cnc3c(=O)[nH]c(=O)[nH]c32)[C@H](O)[C@@H]1OC(=O)CO,False,C13H16N4O8,356.0968,25
COC(=O)O[C@H]1[C@@H](O)[C@H](n2cnc3c(=O)[nH]c(=O)[nH]c32)O[C@@]1(C)CO,False,C13H16N4O8,356.0968,25
C[C@@]1(CO)O[C@@H](n2cnc3c(=O)[nH]c(=O)[nH]c32)[C@H](O)[C@@H]1OC(O)CO,False,C13H18N4O8,358.1125,25
CC[C@@]1(CO)O[C@@H](n2cnc3c(=O)[nH]c(=O)[nH]c32)[C@H](O)[C@@H]1OC(C)=O,False,C14H18N4O7,354.1175,25
CC(=O)O[C@H]1[C@@H](O)[C@H](n2cnc3c(=O)[nH]c(=O)[nH]c32)O[C@@]1(C)C(C)O,False,C14H18N4O7,354.1175,25
CC(=O)O[C@H]1[C@@H](O)[C@@](C)(n2cnc3c(=O)[nH]c(=O)[nH]c32)O[C@@]1(C)CO,False,C14H18N4O7,354.1175,25
CC(=O)O[C@H]1[C@@H](O)[C@H](n2c(C)nc3c(=O)[nH]c(=O)[nH]c32)O[C@@]1(C)CO,False,C14H18N4O7,354.1175,25
Cc1nc2c(=O)[nH]c(=O)[nH]c2n1[C@@]1(C)O[C@H](CO)[C@@H](OC=O)[C@H]1O,False,C13H16N4O7,340.1019,24
CC(O)O[C@H]1[C@H]2OC[C@]2(n2cnc3c(=O)[nH]c(=O)[nH]c32)O[C@@H]1CO,False,C13H16N4O7,340.1019,24
CC(O)O[C@H]1[C@@H](O)[C@]2(n3cnc4c(=O)[nH]c(=O)[nH]c43)COC[C@H]1O2,False,C13H16N4O7,340.1019,24
C[C@]1(n2cnc3c(=O)[nH]c(=O)[nH]c32)O[C@H](CO)[C@H]2OC(O)CO[C@H]21,False,C13H16N4O7,340.1019,24
C[C@]1(n2cnc3c(=O)[nH]c(=O)[nH]c32)O[C@@H]2COCC(O)O[C@H]2[C@H]1O,False,C13H16N4O7,340.1019,24
C[C@]1(n2cnc3c(=O)[nH]c(=O)[nH]c32)O[C@H](CO)[C@@H](OC(=O)CC(=O)O)[C@H]1O,False,C14H16N4O9,384.0917,27
C[C@]1(n2cnc3c(=O)[nH]c(=O)[nH]c32)O[C@H](CO)[C@@H](OC(=O)CO)[C@H]1O,False,C13H16N4O8,356.0968,25
COC(=O)O[C@H]1[C@@H](O)[C@@](C)(n2cnc3c(=O)[nH]c(=O)[nH]c32)O[C@@H]1CO,False,C13H16N4O8,356.0968,25
C[C@]1(n2cnc3c(=O)[nH]c(=O)[nH]c32)O[C@H](CO)[C@@H](OC(O)CO)[C@H]1O,False,C13H18N4O8,358.1125,25
CC[C@]1(n2cnc3c(=O)[nH]c(=O)[nH]c32)O[C@H](CO)[C@@H](OC(C)=O)[C@H]1O,False,C14H18N4O7,354.1175,25
CC(=O)O[C@H]1[C@@H](O)[C@@](C)(n2c(C)nc3c(=O)[nH]c(=O)[nH]c32)O[C@@H]1CO,False,C14H18N4O7,354.1175,25
CC(=O)O[C@@H]1[C@@H](C(C)O)O[C@](C)(n2cnc3c(=O)[nH]c(=O)[nH]c32)[C@@H]1O,False,C14H18N4O7,354.1175,25
CC(O)O[C@H]1[C@@H](O)[C@H](n2cnc3c(=O)[nH]c(=O)[nH]c32)O[C@@H]1C1CO1,False,C13H16N4O7,340.1019,24
CC(O)O[C@H]1[C@H]2OCC(O)[C@H]1O[C@H]2n1cnc2c(=O)[nH]c(=O)[nH]c21,False,C13H16N4O7,340.1019,24
CC1OCC(O)O[C@H]2[C@@H](O)[C@H](n3cnc4c(=O)[nH]c(=O)[nH]c43)O[C@H]12,False,C13H16N4O7,340.1019,24
CC(O)[C@H]1O[C@@H](n2cnc3c(=O)[nH]c(=O)[nH]c32)[C@@H]2OCC(O)O[C@@H]21,False,C13H16N4O7,340.1019,24
CC(=O)O[C@H]1[C@@H](O)[C@H](n2cnc3c(=O)[nH]c(=O)[nH]c32)O[C@@H]1C(C)(C)O,False,C14H18N4O7,354.1175,25
CCC(O)[C@H]1O[C@@H](n2cnc3c(=O)[nH]c(=O)[nH]c32)[C@H](O)[C@@H]1OC(C)=O,False,C14H18N4O7,354.1175,25
CC(O)[C@H]1O[C@@H](n2cnc3c(=O)[nH]c(=O)[nH]c32)[C@H](O)[C@@H]1OC(=O)CC(=O)O,False,C14H16N4O9,384.0917,27
CC(=O)O[C@H]1[C@@H](O)[C@H](n2cnc3c(=O)[nH]c(=O)[nH]c32)O[C@@H]1C(C)(O)C(=O)O,False,C14H16N4O9,384.0917,27
CC(=O)O[C@H]1[C@@H](O)[C@H](n2cnc3c(=O)[nH]c(=O)[nH]c32)O[C@@H]1C(O)CC(=O)O,False,C14H16N4O9,384.0917,27
CC(=O)O[C@H]1[C@@H](O)[C@H](n2cnc3c(=O)[nH]c(=O)[nH]c32)O[C@@H]1C(C)Cl,False,C13H15ClN4O6,358.068,24
CC(=O)O[C@H]1[C@@H](O)[C@H](n2cnc3c(=O)[nH]c(=O)[nH]c32)O[C@@H]1C(C)(O)O,False,C13H16N4O8,356.0968,25
CC(=O)O[C@H]1[C@@H](O)[C@H](n2cnc3c(=O)[nH]c(=O)[nH]c32)O[C@@H]1C(O)CO,False,C13H16N4O8,356.0968,25
CC(O)[C@H]1O[C@@H](n2cnc3c(=O)[nH]c(=O)[nH]c32)[C@H](O)[C@@H]1OC(=O)CO,False,C13H16N4O8,356.0968,25
COC(=O)O[C@H]1[C@@H](O)[C@H](n2cnc3c(=O)[nH]c(=O)[nH]c32)O[C@@H]1C(C)O,False,C13H16N4O8,356.0968,25
CC(O)O[C@H]1[C@@H](O)[C@H](n2cnc3c(=O)[nH]c(=O)[nH]c32)O[C@@H]1C(C)(O)O,False,C13H18N4O8,358.1125,25
CC(O)O[C@H]1[C@@H](O)[C@H](n2cnc3c(=O)[nH]c(=O)[nH]c32)O[C@@H]1C(O)CO,False,C13H18N4O8,358.1125,25
CC(O)[C@H]1O[C@@H](n2cnc3c(=O)[nH]c(=O)[nH]c32)[C@H](O)[C@@H]1OC(O)CO,False,C13H18N4O8,358.1125,25
CC(=O)O[C@H]1[C@@H](O)[C@H](n2c(C)nc3c(=O)[nH]c(=O)[nH]c32)O[C@@H]1C(C)O,False,C14H18N4O7,354.1175,25
CC(O)[C@H]1O[C@@H](n2cnc3c(=O)[nH]c(=O)[nH]c32)[C@H](O)[C@@H]1OC(C)(C)O,False,C14H20N4O7,356.1332,25
CC(O)O[C@H]1[C@H]2OCc3nc4c(=O)[nH]c(=O)[nH]c4n3[C@@H]2O[C@@H]1CO,False,C13H16N4O7,340.1019,24
CC(O)O[C@H]1[C@@H](O)[C@H]2O[C@@H]1COCc1nc3c(=O)[nH]c(=O)[nH]c3n12,False,C13H16N4O7,340.1019,24
Cc1nc2c(=O)[nH]c(=O)[nH]c2n1[C@@H]1O[C@H](CO)[C@H]2OC(O)CO[C@H]21,False,C13H16N4O7,340.1019,24
Cc1nc2c(=O)[nH]c(=O)[nH]c2n1[C@@H]1O[C@@H]2COCC(O)O[C@H]2[C@H]1O,False,C13H16N4O7,340.1019,24
Cc1nc2c(=O)[nH]c(=O)[nH]c2n1[C@@H]1O[C@H](CO)[C@@H](OC(=O)CC(=O)O)[C@H]1O,False,C14H16N4O9,384.0917,27
Cc1nc2c(=O)[nH]c(=O)[nH]c2n1[C@@H]1O[C@H](CO)[C@@H](OC(=O)CO)[C@H]1O,False,C13H16N4O8,356.0968,25
COC(=O)O[C@H]1[C@@H](O)[C@H](n2c(C)nc3c(=O)[nH]c(=O)[nH]c32)O[C@@H]1CO,False,C13H16N4O8,356.0968,25
Cc1nc2c(=O)[nH]c(=O)[nH]c2n1[C@@H]1O[C@H](CO)[C@@H](OC(O)CO)[C@H]1O,False,C13H18N4O8,358.1125,25
CCc1nc2c(=O)[nH]c(=O)[nH]c2n1[C@@H]1O[C@H](CO)[C@@H](OC(C)=O)[C@H]1O,False,C14H18N4O7,354.1175,25
O=c1[nH]c(=O)c2ncn([C@@H]3O[C@H](CO)[C@H]4OC[C@]43OCO)c2[nH]1,False,C12H14N4O7,326.0862,23
O=c1[nH]c(=O)c2ncn([C@@H]3O[C@@H]4COC[C@]3(OCO)[C@@H]4O)c2[nH]1,False,C12H14N4O7,326.0862,23
C[C@]1(OCO)[C@@H]2O[C@]1(n1cnc3c(=O)[nH]c(=O)[nH]c31)O[C@@H]2CO,False,C12H14N4O7,326.0862,23
C[C@]1(OCO)[C@H](O)[C@H]2CO[C@]1(n1cnc3c(=O)[nH]c(=O)[nH]c31)O2,False,C12H14N4O7,326.0862,23
C[C@@]1(OCO)[C@H](n2cnc3c(=O)[nH]c(=O)[nH]c32)O[C@@H]2CO[C@]21O,False,C12H14N4O7,326.0862,23
C[C@]1(OCO)[C@@H]2O[C@@]2(CO)O[C@H]1n1cnc2c(=O)[nH]c(=O)[nH]c21,False,C12H14N4O7,326.0862,23
C[C@]1(OCO)[C@H](O)[C@]2(CO2)O[C@H]1n1cnc2c(=O)[nH]c(=O)[nH]c21,False,C12H14N4O7,326.0862,23
C[C@]1(OCO)[C@@H]2Oc3nc4c(=O)[nH]c(=O)[nH]c4n3[C@@H]1O[C@@H]2CO,False,C12H14N4O7,326.0862,23
C[C@]1(OCO)[C@H](O)[C@H]2COc3nc4c(=O)[nH]c(=O)[nH]c4n3[C@@H]1O2,False,C12H14N4O7,326.0862,23
C[C@]1(OCO)[C@@H]2OC(O)[C@H]2O[C@H]1n1cnc2c(=O)[nH]c(=O)[nH]c21,False,C12H14N4O7,326.0862,23
CO[C@@]1(C)[C@H](O)[C@@H](CO)O[C@H]1n1cnc2c(=O)[nH]c(=O)[nH]c21,False,C12H16N4O6,312.107,22
C[C@H]1O[C@@H](n2cnc3c(=O)[nH]c(=O)[nH]c32)[C@@](C)(OC=O)[C@@H]1O,False,C12H14N4O6,310.0913,22
C[C@]1(OC=O)[C@H](O)[C@@H](C(=O)O)O[C@H]1n1cnc2c(=O)[nH]c(=O)[nH]c21,False,C12H12N4O8,340.0655,24
O=c1[nH]c(=O)c2ncn([C@]34CO[C@@H]([C@H]3OCO)[C@@H](CO)O4)c2[nH]1,False,C12H14N4O7,326.0862,23
O=c1[nH]c(=O)c2ncn([C@@]34COC[C@@H](O3)[C@@H](O)[C@H]4OCO)c2[nH]1,False,C12H14N4O7,326.0862,23
C[C@]1(n2cnc3c(=O)[nH]c(=O)[nH]c32)O[C@H](CO)[C@H]2O[C@]21OCO,False,C12H14N4O7,326.0862,23
C[C@]1(n2cnc3c(=O)[nH]c(=O)[nH]c32)O[C@@H]2CO[C@]1(OCO)[C@@H]2O,False,C12H14N4O7,326.0862,23
C[C@]1(n2cnc3c(=O)[nH]c(=O)[nH]c32)O[C@@H]2CO[C@@]2(O)[C@H]1OCO,False,C12H14N4O7,326.0862,23
C[C@@]12O[C@H](CO)[C@@H](Oc3nc4c(=O)[nH]c(=O)[nH]c4n31)[C@H]2OCO,False,C12H14N4O7,326.0862,23
C[C@@]12O[C@H](COc3nc4c(=O)[nH]c(=O)[nH]c4n31)[C@@H](O)[C@H]2OCO,False,C12H14N4O7,326.0862,23
C[C@]1(n2cnc3c(=O)[nH]c(=O)[nH]c32)O[C@]2(CO)O[C@H]2[C@H]1OCO,False,C12H14N4O7,326.0862,23
C[C@]1(n2cnc3c(=O)[nH]c(=O)[nH]c32)O[C@@]2(CO2)[C@@H](O)[C@H]1OCO,False,C12H14N4O7,326.0862,23
C[C@]1(n2cnc3c(=O)[nH]c(=O)[nH]c32)O[C@@H]2C(O)O[C@H]2[C@H]1OCO,False,C12H14N4O7,326.0862,23
CO[C@@H]1[C@H](O)[C@@H](CO)O[C@]1(C)n1cnc2c(=O)[nH]c(=O)[nH]c21,False,C12H16N4O6,312.107,22
C[C@H]1O[C@](C)(n2cnc3c(=O)[nH]c(=O)[nH]c32)[C@H](OC=O)[C@@H]1O,False,C12H14N4O6,310.0913,22
C[C@]1(n2cnc3c(=O)[nH]c(=O)[nH]c32)O[C@H](C(=O)O)[C@@H](O)[C@H]1OC=O,False,C12H12N4O8,340.0655,24
O=c1[nH]c(=O)c2ncn([C@@H]3O[C@H](CO)[C@@]4(CO4)[C@H]3OCO)c2[nH]1,False,C12H14N4O7,326.0862,23
O=c1[nH]c(=O)c2ncn([C@@H]3O[C@@H]4COC[C@@]4(O)[C@H]3OCO)c2[nH]1,False,C12H14N4O7,326.0862,23
C[C@@]12O[C@@]1(OCO)[C@H](n1cnc3c(=O)[nH]c(=O)[nH]c31)O[C@@H]2CO,False,C12H14N4O7,326.0862,23
C[C@]1(O)[C@H]2CO[C@@]1(OCO)[C@H](n1cnc3c(=O)[nH]c(=O)[nH]c31)O2,False,C12H14N4O7,326.0862,23
C[C@]12O[C@@]1(CO)O[C@@H](n1cnc3c(=O)[nH]c(=O)[nH]c31)[C@@H]2OCO,False,C12H14N4O7,326.0862,23
C[C@@]1(O)[C@@H](OCO)[C@H](n2cnc3c(=O)[nH]c(=O)[nH]c32)O[C@@]12CO2,False,C12H14N4O7,326.0862,23
C[C@]12O[C@](n3cnc4c(=O)[nH]c(=O)[nH]c43)(O[C@@H]1CO)[C@@H]2OCO,False,C12H14N4O7,326.0862,23
C[C@@]1(O)[C@@H](OCO)[C@]2(n3cnc4c(=O)[nH]c(=O)[nH]c43)OC[C@H]1O2,False,C12H14N4O7,326.0862,23
C[C@]12OC(O)[C@H]1O[C@@H](n1cnc3c(=O)[nH]c(=O)[nH]c31)[C@@H]2OCO,False,C12H14N4O7,326.0862,23
C[C@]12Oc3nc4c(=O)[nH]c(=O)[nH]c4n3[C@H](O[C@@H]1CO)[C@@H]2OCO,False,C12H14N4O7,326.0862,23
C[C@]1(O)[C@H]2COc3nc4c(=O)[nH]c(=O)[nH]c4n3[C@H](O2)[C@@H]1OCO,False,C12H14N4O7,326.0862,23
CO[C@H]1[C@H](n2cnc3c(=O)[nH]c(=O)[nH]c32)O[C@H](CO)[C@]1(C)O,False,C12H16N4O6,312.107,22
C[C@H]1O[C@@H](n2cnc3c(=O)[nH]c(=O)[nH]c32)[C@H](OC=O)[C@@]1(C)O,False,C12H14N4O6,310.0913,22
C[C@]1(O)[C@@H](C(=O)O)O[C@@H](n2cnc3c(=O)[nH]c(=O)[nH]c32)[C@@H]1OC=O,False,C12H12N4O8,340.0655,24
C[C@H]1O[C@](CO)(n2cnc3c(=O)[nH]c(=O)[nH]c32)[C@H](OC=O)[C@@H]1O,False,C12H14N4O7,326.0862,23
O=c1[nH]c(=O)c2ncn([C@@H]3O[C@]4(CO)CO[C@H]4[C@H]3OCO)c2[nH]1,False,C12H14N4O7,326.0862,23
O=c1[nH]c(=O)c2ncn([C@@H]3OC4(COC4)[C@@H](O)[C@H]3OCO)c2[nH]1,False,C12H14N4O7,326.0862,23
C[C@]12CO[C@@]1(O)[C@@H](OCO)[C@H](n1cnc3c(=O)[nH]c(=O)[nH]c31)O2,False,C12H14N4O7,326.0862,23
C[C@@]12O[C@@H](n3cnc4c(=O)[nH]c(=O)[nH]c43)[C@H](OCO)[C@@H]1OC2O,False,C12H14N4O7,326.0862,23
C[C@@]1(CO)O[C@@H](n2cnc3c(=O)[nH]c(=O)[nH]c32)[C@]2(OCO)O[C@@H]21,False,C12H14N4O7,326.0862,23
C[C@@]12CO[C@@](OCO)([C@H](n3cnc4c(=O)[nH]c(=O)[nH]c43)O1)[C@@H]2O,False,C12H14N4O7,326.0862,23
C[C@@]1(CO)O[C@@]2(n3cnc4c(=O)[nH]c(=O)[nH]c43)O[C@H]1[C@H]2OCO,False,C12H14N4O7,326.0862,23
C[C@@]12CO[C@](n3cnc4c(=O)[nH]c(=O)[nH]c43)(O1)[C@H](OCO)[C@@H]2O,False,C12H14N4O7,326.0862,23
C[C@@]1(CO)O[C@@H]2[C@H](OCO)[C@@H]1Oc1nc3c(=O)[nH]c(=O)[nH]c3n12,False,C12H14N4O7,326.0862,23
C[C@@]12COc3nc4c(=O)[nH]c(=O)[nH]c4n3[C@H](O1)[C@H](OCO)[C@@H]2O,False,C12H14N4O7,326.0862,23
CO[C@H]1[C@H](n2cnc3c(=O)[nH]c(=O)[nH]c32)O[C@@](C)(CO)[C@H]1O,False,C12H16N4O6,312.107,22
CC1(C)O[C@@H](n2cnc3c(=O)[nH]c(=O)[nH]c32)[C@H](OC=O)[C@@H]1O,False,C12H14N4O6,310.0913,22
C[C@@]1(C(=O)O)O[C@@H](n2cnc3c(=O)[nH]c(=O)[nH]c32)[C@H](OC=O)[C@@H]1O,False,C12H12N4O8,340.0655,24
O=c1[nH]c(=O)c2nc3n(c2[nH]1)[C@@H]1O[C@H](CO)[C@@H](OC3)[C@H]1OCO,False,C12H14N4O7,326.0862,23
O=c1[nH]c(=O)c2nc3n(c2[nH]1)[C@@H]1O[C@H](COC3)[C@@H](O)[C@H]1OCO,False,C12H14N4O7,326.0862,23
Cc1nc2c(=O)[nH]c(=O)[nH]c2n1[C@]12O[C@@H]([C@H]1OCO)[C@@H](CO)O2,False,C12H14N4O7,326.0862,23
Cc1nc2c(=O)[nH]c(=O)[nH]c2n1[C@@]12OC[C@@H](O1)[C@@H](O)[C@H]2OCO,False,C12H14N4O7,326.0862,23
Cc1nc2c(=O)[nH]c(=O)[nH]c2n1[C@@H]1O[C@H](CO)[C@H]2O[C@]21OCO,False,C12H14N4O7,326.0862,23
Cc1nc2c(=O)[nH]c(=O)[nH]c2n1[C@@H]1O[C@@H]2CO[C@]1(OCO)[C@@H]2O,False,C12H14N4O7,326.0862,23
Cc1nc2c(=O)[nH]c(=O)[nH]c2n1[C@@H]1O[C@@H]2CO[C@@]2(O)[C@H]1OCO,False,C12H14N4O7,326.0862,23
Cc1nc2c(=O)[nH]c(=O)[nH]c2n1[C@@H]1O[C@]2(CO)O[C@H]2[C@H]1OCO,False,C12H14N4O7,326.0862,23
Cc1nc2c(=O)[nH]c(=O)[nH]c2n1[C@@H]1O[C@@]2(CO2)[C@@H](O)[C@H]1OCO,False,C12H14N4O7,326.0862,23
Cc1nc2c(=O)[nH]c(=O)[nH]c2n1[C@@H]1O[C@@H]2C(O)O[C@H]2[C@H]1OCO,False,C12H14N4O7,326.0862,23
CO[C@@H]1[C@H](O)[C@@H](CO)O[C@H]1n1c(C)nc2c(=O)[nH]c(=O)[nH]c21,False,C12H16N4O6,312.107,22
Cc1nc2c(=O)[nH]c(=O)[nH]c2n1[C@@H]1O[C@H](C)[C@@H](O)[C@H]1OC=O,False,C12H14N4O6,310.0913,22
Cc1nc2c(=O)[nH]c(=O)[nH]c2n1[C@@H]1O[C@H](C(=O)O)[C@@H](O)[C@H]1OC=O,False,C12H12N4O8,340.0655,24
O=CO[C@@H]1[C@H](O)CO[C@H]1n1cnc2c(=O)[nH]c(=O)[nH]c21,False,C10H10N4O6,282.06,20
CC1(O)O[C@H]2[C@@H](OCO)[C@H](n3cnc4c(=O)[nH]c(=O)[nH]c43)O[C@@H]21,False,C12H14N4O7,326.0862,23
O=c1[nH]c(=O)c2ncn([C@@H]3O[C@H](C4CO4)[C@@H](O)[C@H]3OCO)c2[nH]1,False,C12H14N4O7,326.0862,23
O=c1[nH]c(=O)c2ncn([C@@H]3O[C@@H]4C(O)CO[C@H]4[C@H]3OCO)c2[nH]1,False,C12H14N4O7,326.0862,23
CC1O[C@]12O[C@@H](n1cnc3c(=O)[nH]c(=O)[nH]c31)[C@H](OCO)[C@@H]2O,False,C12H14N4O7,326.0862,23
CC(O)[C@]12O[C@@H](n3cnc4c(=O)[nH]c(=O)[nH]c43)[C@H](OCO)[C@@H]1O2,False,C12H14N4O7,326.0862,23
CC1O[C@]2(O)[C@@H]1O[C@@H](n1cnc3c(=O)[nH]c(=O)[nH]c31)[C@@H]2OCO,False,C12H14N4O7,326.0862,23
CC1O[C@]2(OCO)[C@H](O)[C@@H]1O[C@H]2n1cnc2c(=O)[nH]c(=O)[nH]c21,False,C12H14N4O7,326.0862,23
CC(O)[C@H]1O[C@@H](n2cnc3c(=O)[nH]c(=O)[nH]c32)[C@]2(OCO)O[C@H]12,False,C12H14N4O7,326.0862,23
CC1O[C@]2(n3cnc4c(=O)[nH]c(=O)[nH]c43)O[C@H]1[C@@H](O)[C@H]2OCO,False,C12H14N4O7,326.0862,23
CC(O)[C@H]1O[C@@]2(n3cnc4c(=O)[nH]c(=O)[nH]c43)O[C@H]1[C@H]2OCO,False,C12H14N4O7,326.0862,23
CC1Oc2nc3c(=O)[nH]c(=O)[nH]c3n2[C@@H]2O[C@H]1[C@@H](O)[C@H]2OCO,False,C12H14N4O7,326.0862,23
CC(O)[C@H]1O[C@@H]2[C@H](OCO)[C@@H]1Oc1nc3c(=O)[nH]c(=O)[nH]c3n12,False,C12H14N4O7,326.0862,23
CO[C@@H]1[C@H](O)[C@@H](C(C)O)O[C@H]1n1cnc2c(=O)[nH]c(=O)[nH]c21,False,C12H16N4O6,312.107,22
CC(C)(O)[C@H]1O[C@@H](n2cnc3c(=O)[nH]c(=O)[nH]c32)[C@H](OC=O)[C@@H]1O,False,C13H16N4O7,340.1019,24
CCC(O)[C@H]1O[C@@H](n2cnc3c(=O)[nH]c(=O)[nH]c32)[C@H](OC=O)[C@@H]1O,False,C13H16N4O7,340.1019,24
CC(O)(C(=O)O)[C@H]1O[C@@H](n2cnc3c(=O)[nH]c(=O)[nH]c32)[C@H](OC=O)[C@@H]1O,False,C13H14N4O9,370.0761,26
O=CO[C@@H]1[C@H](O)[C@@H](C(O)CC(=O)O)O[C@H]1n1cnc2c(=O)[nH]c(=O)[nH]c21,False,C13H14N4O9,370.0761,26
CC(Cl)[C@H]1O[C@@H](n2cnc3c(=O)[nH]c(=O)[nH]c32)[C@H](OC=O)[C@@H]1O,False,C12H13ClN4O6,344.0524,23
CC(O)(O)[C@H]1O[C@@H](n2cnc3c(=O)[nH]c(=O)[nH]c32)[C@H](OC=O)[C@@H]1O,False,C12H14N4O8,342.0812,24
O=CO[C@@H]1[C@H](O)[C@@H](C(O)CO)O[C@H]1n1cnc2c(=O)[nH]c(=O)[nH]c21,False,C12H14N4O8,342.0812,24
CC(O)(O)[C@H]1O[C@@H](n2cnc3c(=O)[nH]c(=O)[nH]c32)[C@H](OCO)[C@@H]1O,False,C12H16N4O8,344.0968,24
O=c1[nH]c(=O)c2ncn([C@@H]3O[C@H](C(O)CO)[C@@H](O)[C@H]3OCO)c2[nH]1,False,C12H16N4O8,344.0968,24
CC[C@H]1O[C@@H](n2cnc3c(=O)[nH]c(=O)[nH]c32)[C@H](OC=O)[C@@H]1O,False,C12H14N4O6,310.0913,22
CC(O)[C@]1(C)O[C@@H](n2cnc3c(=O)[nH]c(=O)[nH]c32)[C@H](OC=O)[C@@H]1O,False,C13H16N4O7,340.1019,24
CC(O)[C@H]1O[C@@H](n2cnc3c(=O)[nH]c(=O)[nH]c32)[C@H](OC=O)[C@@]1(C)O,False,C13H16N4O7,340.1019,24
CC(O)[C@H]1O[C@@H](n2cnc3c(=O)[nH]c(=O)[nH]c32)[C@@](C)(OC=O)[C@@H]1O,False,C13H16N4O7,340.1019,24
CC(O)[C@H]1O[C@](C)(n2cnc3c(=O)[nH]c(=O)[nH]c32)[C@H](OC=O)[C@@H]1O,False,C13H16N4O7,340.1019,24
Cc1nc2c(=O)[nH]c(=O)[nH]c2n1[C@@H]1O[C@H](C(C)O)[C@@H](O)[C@H]1OC=O,False,C13H16N4O7,340.1019,24
O=c1[nH]c(=O)c2ncn([C@@H]3OC[C@H]4OC(CO)C(O)O[C@@H]34)c2[nH]1,False,C12H14N4O7,326.0862,23
O=c1[nH]c(=O)c2ncn([C@@H]3OC[C@H]4OCC(O)(CO)O[C@@H]34)c2[nH]1,False,C12H14N4O7,326.0862,23
O=c1[nH]c(=O)c2ncn([C@@H]3OC[C@]4(CO)OCC(O)O[C@@H]34)c2[nH]1,False,C12H14N4O7,326.0862,23
O=c1[nH]c(=O)c2ncn([C@@H]3OC[C@H]4OCC(O)O[C@@]43CO)c2[nH]1,False,C12H14N4O7,326.0862,23
O=c1[nH]c(=O)c2nc(CO)n([C@@H]3OC[C@H]4OCC(O)O[C@@H]34)c2[nH]1,False,C12H14N4O7,326.0862,23
COC1CO[C@H]2[C@@H](O1)[C@H](n1cnc3c(=O)[nH]c(=O)[nH]c31)O[C@@H]2CO,False,C13H16N4O7,340.1019,24
CC(=O)OC1CO[C@H]2[C@@H](O1)[C@H](n1cnc3c(=O)[nH]c(=O)[nH]c31)O[C@@H]2CO,False,C14H16N4O8,368.0968,26
C[C@H]1O[C@@H](n2cnc3c(=O)[nH]c(=O)[nH]c32)[C@@H]2OC(O)CO[C@@H]21,False,C12H14N4O6,310.0913,22
O=C(O)[C@H]1O[C@@H](n2cnc3c(=O)[nH]c(=O)[nH]c32)[C@@H]2OC(O)CO[C@@H]21,False,C12H12N4O8,340.0655,24
O=c1[nH]c(=O)c2ncn([C@@H]3O[C@H](CO)[C@H]4OCC(OC(O)CO)O[C@H]43)c2[nH]1,False,C14H18N4O9,386.1074,27
O=c1[nH]c(=O)c2ncn([C@@H]3O[C@H](CO)[C@H]4OCC(OCC(O)O)O[C@H]43)c2[nH]1,False,C14H18N4O9,386.1074,27
COC1COC[C@H]2O[C@@H](n3cnc4c(=O)[nH]c(=O)[nH]c43)[C@H](O1)[C@@H]2O,False,C13H16N4O7,340.1019,24
CC(=O)OC1COC[C@H]2O[C@@H](n3cnc4c(=O)[nH]c(=O)[nH]c43)[C@H](O1)[C@@H]2O,False,C14H16N4O8,368.0968,26
O=c1[nH]c(=O)c2ncn([C@@H]3O[C@@H]4COCC(OC(O)CO)O[C@@H]3[C@@H]4O)c2[nH]1,False,C14H18N4O9,386.1074,27
O=c1[nH]c(=O)c2ncn([C@@H]3O[C@@H]4COCC(O)O[C@@H]3[C@@H]4OC(O)CO)c2[nH]1,False,C14H18N4O9,386.1074,27
O=c1[nH]c(=O)c2ncn([C@@H]3O[C@@H]4COCC(OCC(O)O)O[C@@H]3[C@@H]4O)c2[nH]1,False,C14H18N4O9,386.1074,27
O=c1[nH]c(=O)c2ncn([C@@H]3O[C@@H]4COCC(O)O[C@@H]3[C@@H]4OCC(O)O)c2[nH]1,False,C14H18N4O9,386.1074,27
CC(O)(CO)O[C@@]12O[C@@H]1CO[C@H]2n1cnc2c(=O)[nH]c(=O)[nH]c21,False,C12H14N4O7,326.0862,23
CC(O)O[C@@]12O[C@@]1(CO)CO[C@H]2n1cnc2c(=O)[nH]c(=O)[nH]c21,False,C12H14N4O7,326.0862,23
CC(O)O[C@@]12O[C@@H]1CO[C@H]2n1c(CO)nc2c(=O)[nH]c(=O)[nH]c21,False,C12H14N4O7,326.0862,23
O=c1[nH]c(=O)c2ncn([C@@H]3OC[C@H]4O[C@]43OC(O)CCO)c2[nH]1,False,C12H14N4O7,326.0862,23
O=CO[C@@]12O[C@@H]1[C@@H](CO)O[C@H]2n1cnc2c(=O)[nH]c(=O)[nH]c21,False,C11H10N4O7,310.0549,22
CCO[C@@]12O[C@@H]1[C@@H](C=O)O[C@H]2n1cnc2c(=O)[nH]c(=O)[nH]c21,False,C12H12N4O6,308.0757,22
COC(C)O[C@@]12O[C@@H]1[C@@H](CO)O[C@H]2n1cnc2c(=O)[nH]c(=O)[nH]c21,False,C13H16N4O7,340.1019,24
CC(C)(O)O[C@@]12O[C@@H]1[C@@H](CO)O[C@H]2n1cnc2c(=O)[nH]c(=O)[nH]c21,False,C13H16N4O7,340.1019,24
CCC(O)O[C@@]12O[C@@H]1[C@@H](CO)O[C@H]2n1cnc2c(=O)[nH]c(=O)[nH]c21,False,C13H16N4O7,340.1019,24
CC(=O)OC(C)O[C@@]12O[C@@H]1[C@@H](CO)O[C@H]2n1cnc2c(=O)[nH]c(=O)[nH]c21,False,C14H16N4O8,368.0968,26
CC(O)(O[C@@]12O[C@@H]1[C@@H](CO)O[C@H]2n1cnc2c(=O)[nH]c(=O)[nH]c21)C(=O)O,False,C13H14N4O9,370.0761,26
O=C(O)CC(O)O[C@@]12O[C@@H]1[C@@H](CO)O[C@H]2n1cnc2c(=O)[nH]c(=O)[nH]c21,False,C13H14N4O9,370.0761,26
CC(Cl)O[C@@]12O[C@@H]1[C@@H](CO)O[C@H]2n1cnc2c(=O)[nH]c(=O)[nH]c21,False,C12H13ClN4O6,344.0524,23
CC(O)(O)O[C@@]12O[C@@H]1[C@@H](CO)O[C@H]2n1cnc2c(=O)[nH]c(=O)[nH]c21,False,C12H14N4O8,342.0812,24
O=c1[nH]c(=O)c2ncn([C@@H]3O[C@H](CO)[C@H]4O[C@]43OC(O)CO)c2[nH]1,False,C12H14N4O8,342.0812,24
CC(O)O[C@@]1(O)[C@H](O)[C@@H](CO)O[C@H]1n1cnc2c(=O)[nH]c(=O)[nH]c21,False,C12H16N4O8,344.0968,24
O=c1[nH]c(=O)c2ncn([C@@H]3O[C@@H]4CO[C@@]3(O)[C@@H]4O)c2[nH]1,False,C10H10N4O6,282.06,20
CCO[C@@]12O[C@@H]1[C@@H](CO)O[C@H]2n1cnc2c(=O)[nH]c(=O)[nH]c21,False,C12H14N4O6,310.0913,22
CC(O)O[C@@]12O[C@@H]1[C@@H](C)O[C@H]2n1cnc2c(=O)[nH]c(=O)[nH]c21,False,C12H14N4O6,310.0913,22
CC(O)O[C@@]12O[C@@H]1[C@@H](C(=O)O)O[C@H]2n1cnc2c(=O)[nH]c(=O)[nH]c21,False,C12H12N4O8,340.0655,24
CC(O)OC(C)O[C@@]12O[C@@H]1[C@@H](CO)O[C@H]2n1cnc2c(=O)[nH]c(=O)[nH]c21,False,C14H18N4O8,370.1125,26
CC(O)O[C@@]12O[C@@H]1[C@@H](CO)O[C@]2(C)n1cnc2c(=O)[nH]c(=O)[nH]c21,False,C13H16N4O7,340.1019,24
CC(O)O[C@@]12O[C@@]1(C)[C@@H](CO)O[C@H]2n1cnc2c(=O)[nH]c(=O)[nH]c21,False,C13H16N4O7,340.1019,24
CC(O)O[C@@]12O[C@@H]1[C@](C)(CO)O[C@H]2n1cnc2c(=O)[nH]c(=O)[nH]c21,False,C13H16N4O7,340.1019,24
Cc1nc2c(=O)[nH]c(=O)[nH]c2n1[C@@H]1O[C@H](CO)[C@H]2O[C@]21OC(C)O,False,C13H16N4O7,340.1019,24
CC(O)O[C@@]12O[C@@H]1[C@@H](C(C)O)O[C@H]2n1cnc2c(=O)[nH]c(=O)[nH]c21,False,C13H16N4O7,340.1019,24
O=CO[C@]12OC[C@@H](O[C@H]1n1cnc3c(=O)[nH]c(=O)[nH]c31)[C@H]2O,False,C11H10N4O7,310.0549,22
CC(=O)O[C@]12OC[C@@H](O[C@H]1n1cnc3c(=O)[nH]c(=O)[nH]c31)[C@H]2O,False,C12H12N4O7,324.0706,23
COC(C)O[C@]12OC[C@@H](O[C@H]1n1cnc3c(=O)[nH]c(=O)[nH]c31)[C@H]2O,False,C13H16N4O7,340.1019,24
CC(C)(O)O[C@]12OC[C@@H](O[C@H]1n1cnc3c(=O)[nH]c(=O)[nH]c31)[C@H]2O,False,C13H16N4O7,340.1019,24
CCC(O)O[C@]12OC[C@@H](O[C@H]1n1cnc3c(=O)[nH]c(=O)[nH]c31)[C@H]2O,False,C13H16N4O7,340.1019,24
CC(=O)OC(C)O[C@]12OC[C@@H](O[C@H]1n1cnc3c(=O)[nH]c(=O)[nH]c31)[C@H]2O,False,C14H16N4O8,368.0968,26
CC(O)(O[C@]12OC[C@@H](O[C@H]1n1cnc3c(=O)[nH]c(=O)[nH]c31)[C@H]2O)C(=O)O,False,C13H14N4O9,370.0761,26
O=C(O)CC(O)O[C@]12OC[C@@H](O[C@H]1n1cnc3c(=O)[nH]c(=O)[nH]c31)[C@H]2O,False,C13H14N4O9,370.0761,26
CC(Cl)O[C@]12OC[C@@H](O[C@H]1n1cnc3c(=O)[nH]c(=O)[nH]c31)[C@H]2O,False,C12H13ClN4O6,344.0524,23
CC(O)(O)O[C@]12OC[C@@H](O[C@H]1n1cnc3c(=O)[nH]c(=O)[nH]c31)[C@H]2O,False,C12H14N4O8,342.0812,24
O=c1[nH]c(=O)c2ncn([C@@H]3O[C@@H]4CO[C@]3(OC(O)CO)[C@@H]4O)c2[nH]1,False,C12H14N4O8,342.0812,24
CCO[C@]12OC[C@@H](O[C@H]1n1cnc3c(=O)[nH]c(=O)[nH]c31)[C@H]2O,False,C12H14N4O6,310.0913,22
CC(O)OC(C)O[C@]12OC[C@@H](O[C@H]1n1cnc3c(=O)[nH]c(=O)[nH]c31)[C@H]2O,False,C14H18N4O8,370.1125,26
CC(O)O[C@]12OC[C@@H](O[C@]1(C)n1cnc3c(=O)[nH]c(=O)[nH]c31)[C@H]2O,False,C13H16N4O7,340.1019,24
CC(O)O[C@]12OC[C@@H](O[C@H]1n1cnc3c(=O)[nH]c(=O)[nH]c31)[C@]2(C)O,False,C13H16N4O7,340.1019,24
CC(O)O[C@]12OC[C@](C)(O[C@H]1n1cnc3c(=O)[nH]c(=O)[nH]c31)[C@H]2O,False,C13H16N4O7,340.1019,24
Cc1nc2c(=O)[nH]c(=O)[nH]c2n1[C@@H]1O[C@@H]2CO[C@]1(OC(C)O)[C@@H]2O,False,C13H16N4O7,340.1019,24
CC(O)O[C@]12OC(C)[C@@H](O[C@H]1n1cnc3c(=O)[nH]c(=O)[nH]c31)[C@H]2O,False,C13H16N4O7,340.1019,24
CC(O)(CO)O[C@@H]1[C@H]2CO[C@@]1(n1cnc3c(=O)[nH]c(=O)[nH]c31)O2,False,C12H14N4O7,326.0862,23
CC(O)O[C@@]1(CO)[C@H]2CO[C@@]1(n1cnc3c(=O)[nH]c(=O)[nH]c31)O2,False,C12H14N4O7,326.0862,23
CC(O)O[C@@H]1[C@]2(CO)CO[C@@]1(n1cnc3c(=O)[nH]c(=O)[nH]c31)O2,False,C12H14N4O7,326.0862,23
CC(O)O[C@@H]1[C@H]2CO[C@@]1(n1c(CO)nc3c(=O)[nH]c(=O)[nH]c31)O2,False,C12H14N4O7,326.0862,23
O=c1[nH]c(=O)c2ncn([C@]34OC[C@@H](O3)[C@H]4OC(O)CCO)c2[nH]1,False,C12H14N4O7,326.0862,23
O=CO[C@@H]1[C@@H]2O[C@]1(n1cnc3c(=O)[nH]c(=O)[nH]c31)O[C@@H]2CO,False,C11H10N4O7,310.0549,22
CCO[C@@H]1[C@@H]2O[C@]1(n1cnc3c(=O)[nH]c(=O)[nH]c31)O[C@@H]2C=O,False,C12H12N4O6,308.0757,22
COC(C)O[C@@H]1[C@@H]2O[C@]1(n1cnc3c(=O)[nH]c(=O)[nH]c31)O[C@@H]2CO,False,C13H16N4O7,340.1019,24
CC(C)(O)O[C@@H]1[C@@H]2O[C@]1(n1cnc3c(=O)[nH]c(=O)[nH]c31)O[C@@H]2CO,False,C13H16N4O7,340.1019,24
CCC(O)O[C@@H]1[C@@H]2O[C@]1(n1cnc3c(=O)[nH]c(=O)[nH]c31)O[C@@H]2CO,False,C13H16N4O7,340.1019,24
CC(=O)OC(C)O[C@@H]1[C@@H]2O[C@]1(n1cnc3c(=O)[nH]c(=O)[nH]c31)O[C@@H]2CO,False,C14H16N4O8,368.0968,26
CC(O)(O[C@@H]1[C@@H]2O[C@]1(n1cnc3c(=O)[nH]c(=O)[nH]c31)O[C@@H]2CO)C(=O)O,False,C13H14N4O9,370.0761,26
O=C(O)CC(O)O[C@@H]1[C@@H]2O[C@]1(n1cnc3c(=O)[nH]c(=O)[nH]c31)O[C@@H]2CO,False,C13H14N4O9,370.0761,26
CC(Cl)O[C@@H]1[C@@H]2O[C@]1(n1cnc3c(=O)[nH]c(=O)[nH]c31)O[C@@H]2CO,False,C12H13ClN4O6,344.0524,23
CC(O)(O)O[C@@H]1[C@@H]2O[C@]1(n1cnc3c(=O)[nH]c(=O)[nH]c31)O[C@@H]2CO,False,C12H14N4O8,342.0812,24
O=c1[nH]c(=O)c2ncn([C@]34O[C@@H]([C@H]3OC(O)CO)[C@@H](CO)O4)c2[nH]1,False,C12H14N4O8,342.0812,24
CCO[C@@H]1[C@@H]2O[C@]1(n1cnc3c(=O)[nH]c(=O)[nH]c31)O[C@@H]2CO,False,C12H14N4O6,310.0913,22
CC(O)O[C@@H]1[C@@H]2O[C@]1(n1cnc3c(=O)[nH]c(=O)[nH]c31)O[C@@H]2C,False,C12H14N4O6,310.0913,22
CC(O)O[C@@H]1[C@@H]2O[C@]1(n1cnc3c(=O)[nH]c(=O)[nH]c31)O[C@@H]2C(=O)O,False,C12H12N4O8,340.0655,24
CC(O)OC(C)O[C@@H]1[C@@H]2O[C@]1(n1cnc3c(=O)[nH]c(=O)[nH]c31)O[C@@H]2CO,False,C14H18N4O8,370.1125,26
CC(O)O[C@@]1(C)[C@@H]2O[C@]1(n1cnc3c(=O)[nH]c(=O)[nH]c31)O[C@@H]2CO,False,C13H16N4O7,340.1019,24
CC(O)O[C@@H]1[C@@]2(C)O[C@]1(n1cnc3c(=O)[nH]c(=O)[nH]c31)O[C@@H]2CO,False,C13H16N4O7,340.1019,24
Cc1nc2c(=O)[nH]c(=O)[nH]c2n1[C@]12O[C@@H]([C@H]1OC(C)O)[C@@H](CO)O2,False,C13H16N4O7,340.1019,24
CC(O)O[C@@H]1[C@@H]2O[C@]1(n1cnc3c(=O)[nH]c(=O)[nH]c31)O[C@@]2(C)CO,False,C13H16N4O7,340.1019,24
CC(O)O[C@@H]1[C@@H]2O[C@]1(n1cnc3c(=O)[nH]c(=O)[nH]c31)O[C@@H]2C(C)O,False,C13H16N4O7,340.1019,24
O=CO[C@@H]1[C@H](O)[C@H]2CO[C@]1(n1cnc3c(=O)[nH]c(=O)[nH]c31)O2,False,C11H10N4O7,310.0549,22
CC(=O)O[C@@H]1[C@H](O)[C@H]2CO[C@]1(n1cnc3c(=O)[nH]c(=O)[nH]c31)O2,False,C12H12N4O7,324.0706,23
COC(C)O[C@@H]1[C@H](O)[C@H]2CO[C@]1(n1cnc3c(=O)[nH]c(=O)[nH]c31)O2,False,C13H16N4O7,340.1019,24
CC(C)(O)O[C@@H]1[C@H](O)[C@H]2CO[C@]1(n1cnc3c(=O)[nH]c(=O)[nH]c31)O2,False,C13H16N4O7,340.1019,24
CCC(O)O[C@@H]1[C@H](O)[C@H]2CO[C@]1(n1cnc3c(=O)[nH]c(=O)[nH]c31)O2,False,C13H16N4O7,340.1019,24
CC(=O)OC(C)O[C@@H]1[C@H](O)[C@H]2CO[C@]1(n1cnc3c(=O)[nH]c(=O)[nH]c31)O2,False,C14H16N4O8,368.0968,26
CC(O)(O[C@@H]1[C@H](O)[C@H]2CO[C@]1(n1cnc3c(=O)[nH]c(=O)[nH]c31)O2)C(=O)O,False,C13H14N4O9,370.0761,26
O=C(O)CC(O)O[C@@H]1[C@H](O)[C@H]2CO[C@]1(n1cnc3c(=O)[nH]c(=O)[nH]c31)O2,False,C13H14N4O9,370.0761,26
CC(Cl)O[C@@H]1[C@H](O)[C@H]2CO[C@]1(n1cnc3c(=O)[nH]c(=O)[nH]c31)O2,False,C12H13ClN4O6,344.0524,23
CC(O)(O)O[C@@H]1[C@H](O)[C@H]2CO[C@]1(n1cnc3c(=O)[nH]c(=O)[nH]c31)O2,False,C12H14N4O8,342.0812,24
O=c1[nH]c(=O)c2ncn([C@@]34OC[C@@H](O3)[C@@H](O)[C@H]4OC(O)CO)c2[nH]1,False,C12H14N4O8,342.0812,24
CCO[C@@H]1[C@H](O)[C@H]2CO[C@]1(n1cnc3c(=O)[nH]c(=O)[nH]c31)O2,False,C12H14N4O6,310.0913,22
CC(O)OC(C)O[C@@H]1[C@H](O)[C@H]2CO[C@]1(n1cnc3c(=O)[nH]c(=O)[nH]c31)O2,False,C14H18N4O8,370.1125,26
CC(O)O[C@@]1(C)[C@H](O)[C@H]2CO[C@]1(n1cnc3c(=O)[nH]c(=O)[nH]c31)O2,False,C13H16N4O7,340.1019,24
CC(O)O[C@@H]1[C@@](C)(O)[C@H]2CO[C@]1(n1cnc3c(=O)[nH]c(=O)[nH]c31)O2,False,C13H16N4O7,340.1019,24
Cc1nc2c(=O)[nH]c(=O)[nH]c2n1[C@@]12OC[C@@H](O1)[C@@H](O)[C@H]2OC(C)O,False,C13H16N4O7,340.1019,24
CC(O)O[C@@H]1[C@H](O)[C@]2(C)CO[C@]1(n1cnc3c(=O)[nH]c(=O)[nH]c31)O2,False,C13H16N4O7,340.1019,24
CC(O)O[C@@H]1[C@H](O)[C@@H]2O[C@@]1(n1cnc3c(=O)[nH]c(=O)[nH]c31)OC2C,False,C13H16N4O7,340.1019,24
O=CO[C@H]1[C@H](n2cnc3c(=O)[nH]c(=O)[nH]c32)O[C@@H]2CO[C@]21O,False,C11H10N4O7,310.0549,22
CC(=O)O[C@H]1[C@H](n2cnc3c(=O)[nH]c(=O)[nH]c32)O[C@@H]2CO[C@]21O,False,C12H12N4O7,324.0706,23
COC(C)O[C@H]1[C@H](n2cnc3c(=O)[nH]c(=O)[nH]c32)O[C@@H]2CO[C@]21O,False,C13H16N4O7,340.1019,24
CC(C)(O)O[C@H]1[C@H](n2cnc3c(=O)[nH]c(=O)[nH]c32)O[C@@H]2CO[C@]21O,False,C13H16N4O7,340.1019,24
CCC(O)O[C@H]1[C@H](n2cnc3c(=O)[nH]c(=O)[nH]c32)O[C@@H]2CO[C@]21O,False,C13H16N4O7,340.1019,24
CC(=O)OC(C)O[C@H]1[C@H](n2cnc3c(=O)[nH]c(=O)[nH]c32)O[C@@H]2CO[C@]21O,False,C14H16N4O8,368.0968,26
CC(O)(O[C@H]1[C@H](n2cnc3c(=O)[nH]c(=O)[nH]c32)O[C@@H]2CO[C@]21O)C(=O)O,False,C13H14N4O9,370.0761,26
O=C(O)CC(O)O[C@H]1[C@H](n2cnc3c(=O)[nH]c(=O)[nH]c32)O[C@@H]2CO[C@]21O,False,C13H14N4O9,370.0761,26
CC(Cl)O[C@H]1[C@H](n2cnc3c(=O)[nH]c(=O)[nH]c32)O[C@@H]2CO[C@]21O,False,C12H13ClN4O6,344.0524,23
CC(O)(O)O[C@H]1[C@H](n2cnc3c(=O)[nH]c(=O)[nH]c32)O[C@@H]2CO[C@]21O,False,C12H14N4O8,342.0812,24
O=c1[nH]c(=O)c2ncn([C@@H]3O[C@@H]4CO[C@@]4(O)[C@H]3OC(O)CO)c2[nH]1,False,C12H14N4O8,342.0812,24
CCO[C@H]1[C@H](n2cnc3c(=O)[nH]c(=O)[nH]c32)O[C@@H]2CO[C@]21O,False,C12H14N4O6,310.0913,22
CC(O)OC(C)O[C@H]1[C@H](n2cnc3c(=O)[nH]c(=O)[nH]c32)O[C@@H]2CO[C@]21O,False,C14H18N4O8,370.1125,26
CC(O)O[C@]1(C)[C@H](n2cnc3c(=O)[nH]c(=O)[nH]c32)O[C@@H]2CO[C@]21O,False,C13H16N4O7,340.1019,24
CC(O)O[C@H]1[C@H](n2cnc3c(=O)[nH]c(=O)[nH]c32)O[C@@]2(C)CO[C@@]12O,False,C13H16N4O7,340.1019,24
CC(O)O[C@@H]1[C@]2(O)OC[C@H]2O[C@]1(C)n1cnc2c(=O)[nH]c(=O)[nH]c21,False,C13H16N4O7,340.1019,24
CC(O)O[C@H]1[C@H](n2cnc3c(=O)[nH]c(=O)[nH]c32)O[C@@H]2C(C)O[C@]21O,False,C13H16N4O7,340.1019,24
Cc1nc2c(=O)[nH]c(=O)[nH]c2n1[C@@H]1O[C@@H]2CO[C@@]2(O)[C@H]1OC(C)O,False,C13H16N4O7,340.1019,24
CC(O)(CO)O[C@@H]1[C@@H]2O[C@H]2O[C@H]1n1cnc2c(=O)[nH]c(=O)[nH]c21,False,C12H14N4O7,326.0862,23
CC(O)O[C@H]1[C@H](n2cnc3c(=O)[nH]c(=O)[nH]c32)O[C@@H]2O[C@@]21CO,False,C12H14N4O7,326.0862,23
CC(O)O[C@@]1(CO)[C@@H]2O[C@H]2O[C@H]1n1cnc2c(=O)[nH]c(=O)[nH]c21,False,C12H14N4O7,326.0862,23
CC(O)O[C@@H]1[C@@H]2O[C@H]2O[C@]1(CO)n1cnc2c(=O)[nH]c(=O)[nH]c21,False,C12H14N4O7,326.0862,23
CC(O)O[C@@H]1[C@@H]2O[C@H]2O[C@H]1n1c(CO)nc2c(=O)[nH]c(=O)[nH]c21,False,C12H14N4O7,326.0862,23
O=c1[nH]c(=O)c2ncn([C@@H]3O[C@@H]4O[C@H]4[C@H]3OC(O)CCO)c2[nH]1,False,C12H14N4O7,326.0862,23
O=CO[C@H]1[C@H](n2cnc3c(=O)[nH]c(=O)[nH]c32)O[C@]2(CO)O[C@@H]12,False,C11H10N4O7,310.0549,22
CCO[C@H]1[C@H](n2cnc3c(=O)[nH]c(=O)[nH]c32)O[C@]2(C=O)O[C@@H]12,False,C12H12N4O6,308.0757,22
COC(C)O[C@H]1[C@H](n2cnc3c(=O)[nH]c(=O)[nH]c32)O[C@]2(CO)O[C@@H]12,False,C13H16N4O7,340.1019,24
CC(C)(O)O[C@H]1[C@H](n2cnc3c(=O)[nH]c(=O)[nH]c32)O[C@]2(CO)O[C@@H]12,False,C13H16N4O7,340.1019,24
CCC(O)O[C@H]1[C@H](n2cnc3c(=O)[nH]c(=O)[nH]c32)O[C@]2(CO)O[C@@H]12,False,C13H16N4O7,340.1019,24
CC(=O)OC(C)O[C@H]1[C@H](n2cnc3c(=O)[nH]c(=O)[nH]c32)O[C@]2(CO)O[C@@H]12,False,C14H16N4O8,368.0968,26
CC(O)(O[C@H]1[C@H](n2cnc3c(=O)[nH]c(=O)[nH]c32)O[C@]2(CO)O[C@@H]12)C(=O)O,False,C13H14N4O9,370.0761,26
O=C(O)CC(O)O[C@H]1[C@H](n2cnc3c(=O)[nH]c(=O)[nH]c32)O[C@]2(CO)O[C@@H]12,False,C13H14N4O9,370.0761,26
CC(Cl)O[C@H]1[C@H](n2cnc3c(=O)[nH]c(=O)[nH]c32)O[C@]2(CO)O[C@@H]12,False,C12H13ClN4O6,344.0524,23
CC(O)(O)O[C@H]1[C@H](n2cnc3c(=O)[nH]c(=O)[nH]c32)O[C@]2(CO)O[C@@H]12,False,C12H14N4O8,342.0812,24
O=c1[nH]c(=O)c2ncn([C@@H]3O[C@]4(CO)O[C@H]4[C@H]3OC(O)CO)c2[nH]1,False,C12H14N4O8,342.0812,24
CC(O)O[C@H]1[C@H](n2cnc3c(=O)[nH]c(=O)[nH]c32)O[C@@](O)(CO)[C@H]1O,False,C12H16N4O8,344.0968,24
CCO[C@H]1[C@H](n2cnc3c(=O)[nH]c(=O)[nH]c32)O[C@]2(CO)O[C@@H]12,False,C12H14N4O6,310.0913,22
CC(O)O[C@H]1[C@H](n2cnc3c(=O)[nH]c(=O)[nH]c32)O[C@]2(C)O[C@@H]12,False,C12H14N4O6,310.0913,22
CC(O)O[C@@H]1C=C(CO)O[C@H]1n1cnc2c(=O)[nH]c(=O)[nH]c21,False,C12H14N4O6,310.0913,22
CC(O)O[C@H]1[C@H](n2cnc3c(=O)[nH]c(=O)[nH]c32)O[C@]2(C(=O)O)O[C@@H]12,False,C12H12N4O8,340.0655,24
CC(O)OC(C)O[C@H]1[C@H](n2cnc3c(=O)[nH]c(=O)[nH]c32)O[C@]2(CO)O[C@@H]12,False,C14H18N4O8,370.1125,26
CC(O)O[C@H]1[C@H](n2cnc3c(=O)[nH]c(=O)[nH]c32)O[C@]2(CO)O[C@]12C,False,C13H16N4O7,340.1019,24
CC(O)O[C@H]1[C@H](n2cnc3c(=O)[nH]c(=O)[nH]c32)O[C@]2(C(C)O)O[C@@H]12,False,C13H16N4O7,340.1019,24
CC(O)O[C@@]1(C)[C@@H]2O[C@@]2(CO)O[C@H]1n1cnc2c(=O)[nH]c(=O)[nH]c21,False,C13H16N4O7,340.1019,24
CC(O)O[C@@H]1[C@@H]2O[C@@]2(CO)O[C@]1(C)n1cnc2c(=O)[nH]c(=O)[nH]c21,False,C13H16N4O7,340.1019,24
Cc1nc2c(=O)[nH]c(=O)[nH]c2n1[C@@H]1O[C@]2(CO)O[C@H]2[C@H]1OC(C)O,False,C13H16N4O7,340.1019,24
O=CO[C@H]1[C@H](n2cnc3c(=O)[nH]c(=O)[nH]c32)O[C@@]2(CO2)[C@H]1O,False,C11H10N4O7,310.0549,22
CC(=O)O[C@H]1[C@H](n2cnc3c(=O)[nH]c(=O)[nH]c32)O[C@@]2(CO2)[C@H]1O,False,C12H12N4O7,324.0706,23
COC(C)O[C@H]1[C@H](n2cnc3c(=O)[nH]c(=O)[nH]c32)O[C@@]2(CO2)[C@H]1O,False,C13H16N4O7,340.1019,24
CC(C)(O)O[C@H]1[C@H](n2cnc3c(=O)[nH]c(=O)[nH]c32)O[C@@]2(CO2)[C@H]1O,False,C13H16N4O7,340.1019,24
CCC(O)O[C@H]1[C@H](n2cnc3c(=O)[nH]c(=O)[nH]c32)O[C@@]2(CO2)[C@H]1O,False,C13H16N4O7,340.1019,24
CC(=O)OC(C)O[C@H]1[C@H](n2cnc3c(=O)[nH]c(=O)[nH]c32)O[C@@]2(CO2)[C@H]1O,False,C14H16N4O8,368.0968,26
CC(O)(O[C@H]1[C@H](n2cnc3c(=O)[nH]c(=O)[nH]c32)O[C@@]2(CO2)[C@H]1O)C(=O)O,False,C13H14N4O9,370.0761,26
O=C(O)CC(O)O[C@H]1[C@H](n2cnc3c(=O)[nH]c(=O)[nH]c32)O[C@@]2(CO2)[C@H]1O,False,C13H14N4O9,370.0761,26
CC(Cl)O[C@H]1[C@H](n2cnc3c(=O)[nH]c(=O)[nH]c32)O[C@@]2(CO2)[C@H]1O,False,C12H13ClN4O6,344.0524,23
CC(O)(O)O[C@H]1[C@H](n2cnc3c(=O)[nH]c(=O)[nH]c32)O[C@@]2(CO2)[C@H]1O,False,C12H14N4O8,342.0812,24
O=c1[nH]c(=O)c2ncn([C@@H]3O[C@@]4(CO4)[C@@H](O)[C@H]3OC(O)CO)c2[nH]1,False,C12H14N4O8,342.0812,24
CCO[C@H]1[C@H](n2cnc3c(=O)[nH]c(=O)[nH]c32)O[C@@]2(CO2)[C@H]1O,False,C12H14N4O6,310.0913,22
CC(O)OC(C)O[C@H]1[C@H](n2cnc3c(=O)[nH]c(=O)[nH]c32)O[C@@]2(CO2)[C@H]1O,False,C14H18N4O8,370.1125,26
CC(O)O[C@H]1[C@H](n2cnc3c(=O)[nH]c(=O)[nH]c32)O[C@@]2(CO2)[C@]1(C)O,False,C13H16N4O7,340.1019,24
CC(O)O[C@H]1[C@H](n2cnc3c(=O)[nH]c(=O)[nH]c32)O[C@]2(OC2C)[C@H]1O,False,C13H16N4O7,340.1019,24
CC(O)O[C@@]1(C)[C@H](O)[C@]2(CO2)O[C@H]1n1cnc2c(=O)[nH]c(=O)[nH]c21,False,C13H16N4O7,340.1019,24
CC(O)O[C@@H]1[C@H](O)[C@]2(CO2)O[C@]1(C)n1cnc2c(=O)[nH]c(=O)[nH]c21,False,C13H16N4O7,340.1019,24
Cc1nc2c(=O)[nH]c(=O)[nH]c2n1[C@@H]1O[C@@]2(CO2)[C@@H](O)[C@H]1OC(C)O,False,C13H16N4O7,340.1019,24
CC(O)(CO)O[C@H]1[C@H]2OC[C@H]1Oc1nc3c(=O)[nH]c(=O)[nH]c3n12,False,C12H14N4O7,326.0862,23
CC(O)O[C@@]1(CO)[C@H]2CO[C@H]1n1c(nc3c(=O)[nH]c(=O)[nH]c31)O2,False,C12H14N4O7,326.0862,23
CC(O)O[C@H]1[C@H]2OC[C@]1(CO)Oc1nc3c(=O)[nH]c(=O)[nH]c3n12,False,C12H14N4O7,326.0862,23
O=c1[nH]c(=O)c2nc3n(c2[nH]1)[C@@H]1OC[C@@H](O3)[C@H]1OC(O)CCO,False,C12H14N4O7,326.0862,23
O=CO[C@@H]1[C@@H]2Oc3nc4c(=O)[nH]c(=O)[nH]c4n3[C@@H]1O[C@@H]2CO,False,C11H10N4O7,310.0549,22
CCO[C@@H]1[C@@H]2Oc3nc4c(=O)[nH]c(=O)[nH]c4n3[C@@H]1O[C@@H]2C=O,False,C12H12N4O6,308.0757,22
COC(C)O[C@@H]1[C@@H]2Oc3nc4c(=O)[nH]c(=O)[nH]c4n3[C@@H]1O[C@@H]2CO,False,C13H16N4O7,340.1019,24
CC(C)(O)O[C@@H]1[C@@H]2Oc3nc4c(=O)[nH]c(=O)[nH]c4n3[C@@H]1O[C@@H]2CO,False,C13H16N4O7,340.1019,24
CCC(O)O[C@@H]1[C@@H]2Oc3nc4c(=O)[nH]c(=O)[nH]c4n3[C@@H]1O[C@@H]2CO,False,C13H16N4O7,340.1019,24
CC(=O)OC(C)O[C@@H]1[C@@H]2Oc3nc4c(=O)[nH]c(=O)[nH]c4n3[C@@H]1O[C@@H]2CO,False,C14H16N4O8,368.0968,26
CC(O)(O[C@@H]1[C@@H]2Oc3nc4c(=O)[nH]c(=O)[nH]c4n3[C@@H]1O[C@@H]2CO)C(=O)O,False,C13H14N4O9,370.0761,26
O=C(O)CC(O)O[C@@H]1[C@@H]2Oc3nc4c(=O)[nH]c(=O)[nH]c4n3[C@@H]1O[C@@H]2CO,False,C13H14N4O9,370.0761,26
CC(Cl)O[C@@H]1[C@@H]2Oc3nc4c(=O)[nH]c(=O)[nH]c4n3[C@@H]1O[C@@H]2CO,False,C12H13ClN4O6,344.0524,23
CC(O)(O)O[C@@H]1[C@@H]2Oc3nc4c(=O)[nH]c(=O)[nH]c4n3[C@@H]1O[C@@H]2CO,False,C12H14N4O8,342.0812,24
O=c1[nH]c(=O)c2nc3n(c2[nH]1)[C@@H]1O[C@H](CO)[C@@H](O3)[C@H]1OC(O)CO,False,C12H14N4O8,342.0812,24
CCO[C@@H]1[C@@H]2Oc3nc4c(=O)[nH]c(=O)[nH]c4n3[C@@H]1O[C@@H]2CO,False,C12H14N4O6,310.0913,22
CC(O)O[C@@H]1[C@@H]2Oc3nc4c(=O)[nH]c(=O)[nH]c4n3[C@@H]1O[C@@H]2C,False,C12H14N4O6,310.0913,22
CC(O)O[C@@H]1[C@@H]2Oc3nc4c(=O)[nH]c(=O)[nH]c4n3[C@@H]1O[C@@H]2C(=O)O,False,C12H12N4O8,340.0655,24
CC(O)OC(C)O[C@@H]1[C@@H]2Oc3nc4c(=O)[nH]c(=O)[nH]c4n3[C@@H]1O[C@@H]2CO,False,C14H18N4O8,370.1125,26
CC(O)O[C@@H]1[C@@H]2Oc3nc4c(=O)[nH]c(=O)[nH]c4n3[C@@]1(C)O[C@@H]2CO,False,C13H16N4O7,340.1019,24
CC(O)O[C@@]1(C)[C@@H]2Oc3nc4c(=O)[nH]c(=O)[nH]c4n3[C@@H]1O[C@@H]2CO,False,C13H16N4O7,340.1019,24
CC(O)O[C@H]1[C@H]2O[C@H](CO)[C@]1(C)Oc1nc3c(=O)[nH]c(=O)[nH]c3n12,False,C13H16N4O7,340.1019,24
CC(O)O[C@H]1[C@H]2O[C@@](C)(CO)[C@H]1Oc1nc3c(=O)[nH]c(=O)[nH]c3n12,False,C13H16N4O7,340.1019,24
CC(O)O[C@@H]1[C@@H]2Oc3nc4c(=O)[nH]c(=O)[nH]c4n3[C@@H]1O[C@@H]2C(C)O,False,C13H16N4O7,340.1019,24
O=CO[C@@H]1[C@H](O)[C@H]2COc3nc4c(=O)[nH]c(=O)[nH]c4n3[C@@H]1O2,False,C11H10N4O7,310.0549,22
CC(=O)O[C@@H]1[C@H](O)[C@H]2COc3nc4c(=O)[nH]c(=O)[nH]c4n3[C@@H]1O2,False,C12H12N4O7,324.0706,23
COC(C)O[C@@H]1[C@H](O)[C@H]2COc3nc4c(=O)[nH]c(=O)[nH]c4n3[C@@H]1O2,False,C13H16N4O7,340.1019,24
CC(C)(O)O[C@@H]1[C@H](O)[C@H]2COc3nc4c(=O)[nH]c(=O)[nH]c4n3[C@@H]1O2,False,C13H16N4O7,340.1019,24
CCC(O)O[C@@H]1[C@H](O)[C@H]2COc3nc4c(=O)[nH]c(=O)[nH]c4n3[C@@H]1O2,False,C13H16N4O7,340.1019,24
CC(=O)OC(C)O[C@@H]1[C@H](O)[C@H]2COc3nc4c(=O)[nH]c(=O)[nH]c4n3[C@@H]1O2,False,C14H16N4O8,368.0968,26
CC(O)(O[C@@H]1[C@H](O)[C@H]2COc3nc4c(=O)[nH]c(=O)[nH]c4n3[C@@H]1O2)C(=O)O,False,C13H14N4O9,370.0761,26
O=C(O)CC(O)O[C@@H]1[C@H](O)[C@H]2COc3nc4c(=O)[nH]c(=O)[nH]c4n3[C@@H]1O2,False,C13H14N4O9,370.0761,26
CC(Cl)O[C@@H]1[C@H](O)[C@H]2COc3nc4c(=O)[nH]c(=O)[nH]c4n3[C@@H]1O2,False,C12H13ClN4O6,344.0524,23
CC(O)(O)O[C@@H]1[C@H](O)[C@H]2COc3nc4c(=O)[nH]c(=O)[nH]c4n3[C@@H]1O2,False,C12H14N4O8,342.0812,24
O=c1[nH]c(=O)c2nc3n(c2[nH]1)[C@@H]1O[C@H](CO3)[C@@H](O)[C@H]1OC(O)CO,False,C12H14N4O8,342.0812,24
CCO[C@@H]1[C@H](O)[C@H]2COc3nc4c(=O)[nH]c(=O)[nH]c4n3[C@@H]1O2,False,C12H14N4O6,310.0913,22
CC(O)OC(C)O[C@@H]1[C@H](O)[C@H]2COc3nc4c(=O)[nH]c(=O)[nH]c4n3[C@@H]1O2,False,C14H18N4O8,370.1125,26
CC(O)O[C@@H]1[C@H](O)[C@H]2COc3nc4c(=O)[nH]c(=O)[nH]c4n3[C@@]1(C)O2,False,C13H16N4O7,340.1019,24
CC(O)O[C@@]1(C)[C@H](O)[C@H]2COc3nc4c(=O)[nH]c(=O)[nH]c4n3[C@@H]1O2,False,C13H16N4O7,340.1019,24
CC(O)O[C@H]1[C@H]2O[C@H](COc3nc4c(=O)[nH]c(=O)[nH]c4n32)[C@]1(C)O,False,C13H16N4O7,340.1019,24
CC(O)O[C@H]1[C@H]2O[C@@](C)(COc3nc4c(=O)[nH]c(=O)[nH]c4n32)[C@H]1O,False,C13H16N4O7,340.1019,24
CC(O)O[C@@H]1[C@H](O)[C@@H]2O[C@H]1n1c(nc3c(=O)[nH]c(=O)[nH]c31)OC2C,False,C13H16N4O7,340.1019,24
O=CO[C@@H]1[C@@H]2OC(O)[C@H]2O[C@H]1n1cnc2c(=O)[nH]c(=O)[nH]c21,False,C11H10N4O7,310.0549,22
CCO[C@@H]1[C@@H]2OC(=O)[C@H]2O[C@H]1n1cnc2c(=O)[nH]c(=O)[nH]c21,False,C12H12N4O6,308.0757,22
CC(=O)O[C@@H]1[C@@H]2OC(O)[C@H]2O[C@H]1n1cnc2c(=O)[nH]c(=O)[nH]c21,False,C12H12N4O7,324.0706,23
COC(C)O[C@@H]1[C@@H]2OC(O)[C@H]2O[C@H]1n1cnc2c(=O)[nH]c(=O)[nH]c21,False,C13H16N4O7,340.1019,24
CC(C)(O)O[C@@H]1[C@@H]2OC(O)[C@H]2O[C@H]1n1cnc2c(=O)[nH]c(=O)[nH]c21,False,C13H16N4O7,340.1019,24
CCC(O)O[C@@H]1[C@@H]2OC(O)[C@H]2O[C@H]1n1cnc2c(=O)[nH]c(=O)[nH]c21,False,C13H16N4O7,340.1019,24
CC(=O)OC(C)O[C@@H]1[C@@H]2OC(O)[C@H]2O[C@H]1n1cnc2c(=O)[nH]c(=O)[nH]c21,False,C14H16N4O8,368.0968,26
CC(O)(O[C@@H]1[C@@H]2OC(O)[C@H]2O[C@H]1n1cnc2c(=O)[nH]c(=O)[nH]c21)C(=O)O,False,C13H14N4O9,370.0761,26
O=C(O)CC(O)O[C@@H]1[C@@H]2OC(O)[C@H]2O[C@H]1n1cnc2c(=O)[nH]c(=O)[nH]c21,False,C13H14N4O9,370.0761,26
CC(Cl)O[C@@H]1[C@@H]2OC(O)[C@H]2O[C@H]1n1cnc2c(=O)[nH]c(=O)[nH]c21,False,C12H13ClN4O6,344.0524,23
CC(O)(O)O[C@@H]1[C@@H]2OC(O)[C@H]2O[C@H]1n1cnc2c(=O)[nH]c(=O)[nH]c21,False,C12H14N4O8,342.0812,24
O=c1[nH]c(=O)c2ncn([C@@H]3O[C@@H]4C(O)O[C@H]4[C@H]3OC(O)CO)c2[nH]1,False,C12H14N4O8,342.0812,24
CCO[C@@H]1[C@@H]2OC(O)[C@H]2O[C@H]1n1cnc2c(=O)[nH]c(=O)[nH]c21,False,C12H14N4O6,310.0913,22
CC(O)OC(C)O[C@@H]1[C@@H]2OC(O)[C@H]2O[C@H]1n1cnc2c(=O)[nH]c(=O)[nH]c21,False,C14H18N4O8,370.1125,26
CC(O)O[C@@H]1[C@@H]2OC(C)(O)[C@H]2O[C@H]1n1cnc2c(=O)[nH]c(=O)[nH]c21,False,C13H16N4O7,340.1019,24
CC(O)O[C@H]1[C@H](n2cnc3c(=O)[nH]c(=O)[nH]c32)O[C@@]2(C)C(O)O[C@@H]12,False,C13H16N4O7,340.1019,24
CC(O)O[C@H]1[C@H](n2cnc3c(=O)[nH]c(=O)[nH]c32)O[C@@H]2C(O)O[C@@]21C,False,C13H16N4O7,340.1019,24
CC(O)O[C@@]1(C)[C@@H]2OC(O)[C@H]2O[C@H]1n1cnc2c(=O)[nH]c(=O)[nH]c21,False,C13H16N4O7,340.1019,24
CC(O)O[C@@H]1[C@@H]2OC(O)[C@H]2O[C@]1(C)n1cnc2c(=O)[nH]c(=O)[nH]c21,False,C13H16N4O7,340.1019,24
Cc1nc2c(=O)[nH]c(=O)[nH]c2n1[C@@H]1O[C@@H]2C(O)O[C@H]2[C@H]1OC(C)O,False,C13H16N4O7,340.1019,24
C[C@]1(OCO)[C@H](O)[C@@H](CO)O[C@H]1n1cnc2c(=O)[nH]c(=O)[nH]c21,False,C12H16N4O7,328.1019,23
C[C@]1(n2cnc3c(=O)[nH]c(=O)[nH]c32)O[C@H](CO)[C@@H](O)[C@H]1OCO,False,C12H16N4O7,328.1019,23
C[C@]1(O)[C@@H](CO)O[C@@H](n2cnc3c(=O)[nH]c(=O)[nH]c32)[C@@H]1OCO,False,C12H16N4O7,328.1019,23
C[C@@]1(CO)O[C@@H](n2cnc3c(=O)[nH]c(=O)[nH]c32)[C@H](OCO)[C@@H]1O,False,C12H16N4O7,328.1019,23
Cc1nc2c(=O)[nH]c(=O)[nH]c2n1[C@@H]1O[C@H](CO)[C@@H](O)[C@H]1OCO,False,C12H16N4O7,328.1019,23
CC(O)[C@H]1O[C@@H](n2cnc3c(=O)[nH]c(=O)[nH]c32)[C@H](OCO)[C@@H]1O,False,C12H16N4O7,328.1019,23
COC(C)O[C@@H]1[C@H](O)[C@@H](CO)O[C@H]1n1cnc2c(=O)[nH]c(=O)[nH]c21,False,C13H18N4O7,342.1175,24
CC(C)(O)O[C@@H]1[C@H](O)[C@@H](CO)O[C@H]1n1cnc2c(=O)[nH]c(=O)[nH]c21,False,C13H18N4O7,342.1175,24
CCC(O)O[C@@H]1[C@H](O)[C@@H](CO)O[C@H]1n1cnc2c(=O)[nH]c(=O)[nH]c21,False,C13H18N4O7,342.1175,24
CC(=O)OC(C)O[C@@H]1[C@H](O)[C@@H](CO)O[C@H]1n1cnc2c(=O)[nH]c(=O)[nH]c21,False,C14H18N4O8,370.1125,26
CC(O)(O[C@@H]1[C@H](O)[C@@H](CO)O[C@H]1n1cnc2c(=O)[nH]c(=O)[nH]c21)C(=O)O,False,C13H16N4O9,372.0917,26
O=C(O)CC(O)O[C@@H]1[C@H](O)[C@@H](CO)O[C@H]1n1cnc2c(=O)[nH]c(=O)[nH]c21,False,C13H16N4O9,372.0917,26
CC(Cl)O[C@@H]1[C@H](O)[C@@H](CO)O[C@H]1n1cnc2c(=O)[nH]c(=O)[nH]c21,False,C12H15ClN4O6,346.068,23
CC(O)(O)O[C@@H]1[C@H](O)[C@@H](CO)O[C@H]1n1cnc2c(=O)[nH]c(=O)[nH]c21,False,C12H16N4O8,344.0968,24
CC(O)O[C@@H]1[C@H](O)[C@@H](C)O[C@H]1n1cnc2c(=O)[nH]c(=O)[nH]c21,False,C12H16N4O6,312.107,22
CC(O)OC(C)O[C@@H]1[C@H](O)[C@@H](CO)O[C@H]1n1cnc2c(=O)[nH]c(=O)[nH]c21,False,C14H20N4O8,372.1281,26
O=c1[nH]c(=O)c2ncn([C@@H]3O[C@H](CO)[C@@H](O)[C@H]3OCO)c2[nH]1,False,C11H14N4O7,314.0862,22
CC(O)O[C@@]1(C)[C@H](O)[C@@H](CO)O[C@H]1n1cnc2c(=O)[nH]c(=O)[nH]c21,False,C13H18N4O7,342.1175,24
CC(O)O[C@@H]1[C@H](O)[C@@H](CO)O[C@]1(C)n1cnc2c(=O)[nH]c(=O)[nH]c21,False,C13H18N4O7,342.1175,24
CC(O)O[C@H]1[C@H](n2cnc3c(=O)[nH]c(=O)[nH]c32)O[C@H](CO)[C@]1(C)O,False,C13H18N4O7,342.1175,24
CC(O)O[C@H]1[C@H](n2cnc3c(=O)[nH]c(=O)[nH]c32)O[C@@](C)(CO)[C@H]1O,False,C13H18N4O7,342.1175,24
Cc1nc2c(=O)[nH]c(=O)[nH]c2n1[C@@H]1O[C@H](CO)[C@@H](O)[C@H]1OC(C)O,False,C13H18N4O7,342.1175,24
CC(O)O[C@@H]1[C@H](O)[C@@H](C(C)O)O[C@H]1n1cnc2c(=O)[nH]c(=O)[nH]c21,False,C13H18N4O7,342.1175,24
CCO[C@@H]1[C@H](O)[C@@H](COP(=O)(O)O)O[C@H]1n1cnc2c(=O)[nH]c(=O)[nH]c21,False,C12H17N4O9P,392.0733,26
CCO[C@@H]1[C@H](OP(=O)(O)O)[C@@H](CO)O[C@H]1n1cnc2c(=O)[nH]c(=O)[nH]c21,False,C12H17N4O9P,392.0733,26
CCO[C@@H]1[C@H](OS(=O)(=O)O)[C@@H](CO)O[C@H]1n1cnc2c(=O)[nH]c(=O)[nH]c21,False,C12H16N4O9S,392.0638,26
CCO[C@@H]1[C@H](O)[C@@H](COS(=O)(=O)O)O[C@H]1n1cnc2c(=O)[nH]c(=O)[nH]c21,False,C12H16N4O9S,392.0638,26
CC(C)O[C@@H]1[C@H](O)[C@@H](CO)O[C@H]1n1cnc2c(=O)[nH]c(=O)[nH]c21,False,C13H18N4O6,326.1226,23
CCCO[C@@H]1[C@H](O)[C@@H](CO)O[C@H]1n1cnc2c(=O)[nH]c(=O)[nH]c21,False,C13H18N4O6,326.1226,23
CC(O[C@@H]1[C@H](O)[C@@H](CO)O[C@H]1n1cnc2c(=O)[nH]c(=O)[nH]c21)C(=O)O,False,C13H16N4O8,356.0968,25
O=C(O)CCO[C@@H]1[C@H](O)[C@@H](CO)O[C@H]1n1cnc2c(=O)[nH]c(=O)[nH]c21,False,C13H16N4O8,356.0968,25
O=c1[nH]c(=O)c2ncn([C@@H]3O[C@H](CO)[C@@H](O)[C@H]3OCCO)c2[nH]1,False,C12H16N4O7,328.1019,23
CCO[C@@H]1[C@H](O)[C@@H](C)O[C@H]1n1cnc2c(=O)[nH]c(=O)[nH]c21,False,C12H16N4O5,296.1121,21
CCO[C@@H]1[C@H](O)[C@@H](C(=O)O)O[C@H]1n1cnc2c(=O)[nH]c(=O)[nH]c21,False,C12H14N4O7,326.0862,23
CCO[C@@]1(C)[C@H](O)[C@@H](CO)O[C@H]1n1cnc2c(=O)[nH]c(=O)[nH]c21,False,C13H18N4O6,326.1226,23
CCO[C@@H]1[C@H](O)[C@@H](CO)O[C@]1(C)n1cnc2c(=O)[nH]c(=O)[nH]c21,False,C13H18N4O6,326.1226,23
CCO[C@H]1[C@H](n2cnc3c(=O)[nH]c(=O)[nH]c32)O[C@H](CO)[C@]1(C)O,False,C13H18N4O6,326.1226,23
CCO[C@H]1[C@H](n2cnc3c(=O)[nH]c(=O)[nH]c32)O[C@@](C)(CO)[C@H]1O,False,C13H18N4O6,326.1226,23
CCO[C@@H]1[C@H](O)[C@@H](CO)O[C@H]1n1c(C)nc2c(=O)[nH]c(=O)[nH]c21,False,C13H18N4O6,326.1226,23
CCO[C@@H]1[C@H](O)[C@@H](C(C)O)O[C@H]1n1cnc2c(=O)[nH]c(=O)[nH]c21,False,C13H18N4O6,326.1226,23
CC[C@]1(OC=O)[C@H](O)[C@@H](CO)O[C@H]1n1cnc2c(=O)[nH]c(=O)[nH]c21,False,C13H16N4O7,340.1019,24
CC[C@]1(n2cnc3c(=O)[nH]c(=O)[nH]c32)O[C@H](CO)[C@@H](O)[C@H]1OC=O,False,C13H16N4O7,340.1019,24
CC[C@]1(O)[C@@H](CO)O[C@@H](n2cnc3c(=O)[nH]c(=O)[nH]c32)[C@@H]1OC=O,False,C13H16N4O7,340.1019,24
CC[C@@]1(CO)O[C@@H](n2cnc3c(=O)[nH]c(=O)[nH]c32)[C@H](OC=O)[C@@H]1O,False,C13H16N4O7,340.1019,24
CCc1nc2c(=O)[nH]c(=O)[nH]c2n1[C@@H]1O[C@H](CO)[C@@H](O)[C@H]1OC=O,False,C13H16N4O7,340.1019,24
CCC1(O)OC[C@H]2O[C@@H](n3cnc4c(=O)[nH]c(=O)[nH]c43)[C@H](O1)[C@@H]2O,False,C13H16N4O7,340.1019,24
CC1O[C@H]2[C@@H](OC1O)[C@H](n1cnc3c(=O)[nH]c(=O)[nH]c31)O[C@@H]2CO,False,C13H16N4O7,340.1019,24
CC1OC[C@H]2O[C@@H](n3cnc4c(=O)[nH]c(=O)[nH]c43)[C@H](OC1O)[C@@H]2O,False,C13H16N4O7,340.1019,24
O=c1[nH]c(=O)c2ncn([C@@H]3O[C@H](CO)[C@H]4OCCC(O)O[C@H]43)c2[nH]1,False,C13H16N4O7,340.1019,24
O=c1[nH]c(=O)c2ncn([C@@H]3O[C@@H]4COCCC(O)O[C@@H]3[C@@H]4O)c2[nH]1,False,C13H16N4O7,340.1019,24
C=CC(=O)O[C@@H]1[C@H](O)[C@@H](CO)O[C@H]1n1cnc2c(=O)[nH]c(=O)[nH]c21,False,C13H14N4O7,338.0862,24
CC(C)C(=O)O[C@@H]1[C@H](O)[C@@H](CO)O[C@H]1n1cnc2c(=O)[nH]c(=O)[nH]c21,False,C14H18N4O7,354.1175,25
CCCC(=O)O[C@@H]1[C@H](O)[C@@H](CO)O[C@H]1n1cnc2c(=O)[nH]c(=O)[nH]c21,False,C14H18N4O7,354.1175,25
O=C(O)CCC(=O)O[C@@H]1[C@H](O)[C@@H](CO)O[C@H]1n1cnc2c(=O)[nH]c(=O)[nH]c21,False,C14H16N4O9,384.0917,27
CC(C(=O)O)C(=O)O[C@@H]1[C@H](O)[C@@H](CO)O[C@H]1n1cnc2c(=O)[nH]c(=O)[nH]c21,False,C14H16N4O9,384.0917,27
CCC(O)(C#N)O[C@@H]1[C@H](O)[C@@H](CO)O[C@H]1n1cnc2c(=O)[nH]c(=O)[nH]c21,False,C14H17N5O7,367.1128,26
CCC(N)O[C@@H]1[C@H](O)[C@@H](CO)O[C@H]1n1cnc2c(=O)[nH]c(=O)[nH]c21,False,C13H19N5O6,341.1335,24
CC(O)C(=O)O[C@@H]1[C@H](O)[C@@H](CO)O[C@H]1n1cnc2c(=O)[nH]c(=O)[nH]c21,False,C13H16N4O8,356.0968,25
O=C(CCO)O[C@@H]1[C@H](O)[C@@H](CO)O[C@H]1n1cnc2c(=O)[nH]c(=O)[nH]c21,False,C13H16N4O8,356.0968,25
CCOC(=O)O[C@@H]1[C@H](O)[C@@H](CO)O[C@H]1n1cnc2c(=O)[nH]c(=O)[nH]c21,False,C13H16N4O8,356.0968,25
O=C(CCS(=O)O)O[C@@H]1[C@H](O)[C@@H](CO)O[C@H]1n1cnc2c(=O)[nH]c(=O)[nH]c21,False,C13H16N4O9S,404.0638,27
CC(O)C(O)O[C@@H]1[C@H](O)[C@@H](CO)O[C@H]1n1cnc2c(=O)[nH]c(=O)[nH]c21,False,C13H18N4O8,358.1125,25
O=c1[nH]c(=O)c2ncn([C@@H]3O[C@H](CO)[C@@H](O)[C@H]3OC(O)CCO)c2[nH]1,False,C13H18N4O8,358.1125,25
O=C(O)O[C@@H]1[C@H](O)[C@@H](CO)O[C@H]1n1cnc2c(=O)[nH]c(=O)[nH]c21,False,C11H12N4O8,328.0655,23
CCC(=O)O[C@@H]1[C@H](O)[C@@H](C)O[C@H]1n1cnc2c(=O)[nH]c(=O)[nH]c21,False,C13H16N4O6,324.107,23
CCC(=O)[C@@H]1[C@H](O)[C@@H](CO)O[C@H]1n1cnc2c(=O)[nH]c(=O)[nH]c21,False,C13H16N4O6,324.107,23
CCC(=O)O[C@@H]1[C@H](O)[C@@H](C(=O)O)O[C@H]1n1cnc2c(=O)[nH]c(=O)[nH]c21,False,C13H14N4O8,354.0812,25
CCCCC(=O)O[C@@H]1[C@H](O)[C@@H](CO)O[C@H]1n1cnc2c(=O)[nH]c(=O)[nH]c21,False,C15H20N4O7,368.1332,26
CCC(C)C(=O)O[C@@H]1[C@H](O)[C@@H](CO)O[C@H]1n1cnc2c(=O)[nH]c(=O)[nH]c21,False,C15H20N4O7,368.1332,26
CCC(=O)O[C@@]1(C)[C@H](O)[C@@H](CO)O[C@H]1n1cnc2c(=O)[nH]c(=O)[nH]c21,False,C14H18N4O7,354.1175,25
CCC(=O)O[C@@]1(CC)[C@H](O)[C@@H](CO)O[C@H]1n1cnc2c(=O)[nH]c(=O)[nH]c21,False,C15H20N4O7,368.1332,26
CCC(=O)O[C@@H]1[C@H](O)[C@@H](CO)O[C@]1(C)n1cnc2c(=O)[nH]c(=O)[nH]c21,False,C14H18N4O7,354.1175,25
CCC(=O)O[C@@H]1[C@H](O)[C@@H](CO)O[C@]1(CC)n1cnc2c(=O)[nH]c(=O)[nH]c21,False,C15H20N4O7,368.1332,26
CCC(=O)O[C@H]1[C@H](n2cnc3c(=O)[nH]c(=O)[nH]c32)O[C@H](CO)[C@]1(C)O,False,C14H18N4O7,354.1175,25
CCC(=O)O[C@H]1[C@H](n2cnc3c(=O)[nH]c(=O)[nH]c32)O[C@H](CO)[C@@]1(O)CC,False,C15H20N4O7,368.1332,26
CCC(=O)O[C@H]1[C@H](n2cnc3c(=O)[nH]c(=O)[nH]c32)O[C@@](C)(CO)[C@H]1O,False,C14H18N4O7,354.1175,25
CCC(=O)O[C@H]1[C@H](n2cnc3c(=O)[nH]c(=O)[nH]c32)O[C@@](CC)(CO)[C@H]1O,False,C15H20N4O7,368.1332,26
CCC(=O)O[C@@H]1[C@H](O)[C@@H](CO)O[C@H]1n1c(C)nc2c(=O)[nH]c(=O)[nH]c21,False,C14H18N4O7,354.1175,25
CCC(=O)O[C@@H]1[C@H](O)[C@@H](CO)O[C@H]1n1c(CC)nc2c(=O)[nH]c(=O)[nH]c21,False,C15H20N4O7,368.1332,26
CCC(=O)O[C@@H]1[C@H](O)[C@@H](C(C)O)O[C@H]1n1cnc2c(=O)[nH]c(=O)[nH]c21,False,C14H18N4O7,354.1175,25
CCC(=O)O[C@@H]1[C@H](O)[C@@H](C(O)CC)O[C@H]1n1cnc2c(=O)[nH]c(=O)[nH]c21,False,C15H20N4O7,368.1332,26
O=CO[C@@]1(CC(=O)O)[C@H](O)[C@@H](CO)O[C@H]1n1cnc2c(=O)[nH]c(=O)[nH]c21,False,C13H14N4O9,370.0761,26
O=CO[C@@H]1[C@H](O)[C@@H](CO)O[C@]1(CC(=O)O)n1cnc2c(=O)[nH]c(=O)[nH]c21,False,C13H14N4O9,370.0761,26
O=CO[C@H]1[C@H](n2cnc3c(=O)[nH]c(=O)[nH]c32)O[C@H](CO)[C@@]1(O)CC(=O)O,False,C13H14N4O9,370.0761,26
O=CO[C@H]1[C@H](n2cnc3c(=O)[nH]c(=O)[nH]c32)O[C@](CO)(CC(=O)O)[C@H]1O,False,C13H14N4O9,370.0761,26
O=CO[C@@H]1[C@H](O)[C@@H](CO)O[C@H]1n1c(CC(=O)O)nc2c(=O)[nH]c(=O)[nH]c21,False,C13H14N4O9,370.0761,26
CC(=O)O[C@@]1(C(=O)O)[C@H](O)[C@@H](CO)O[C@H]1n1cnc2c(=O)[nH]c(=O)[nH]c21,False,C13H14N4O9,370.0761,26
CC(=O)O[C@@H]1[C@H](O)[C@@H](CO)O[C@]1(C(=O)O)n1cnc2c(=O)[nH]c(=O)[nH]c21,False,C13H14N4O9,370.0761,26
CC(=O)O[C@H]1[C@H](n2cnc3c(=O)[nH]c(=O)[nH]c32)O[C@H](CO)[C@@]1(O)C(=O)O,False,C13H14N4O9,370.0761,26
CC(=O)O[C@H]1[C@H](n2cnc3c(=O)[nH]c(=O)[nH]c32)O[C@](CO)(C(=O)O)[C@H]1O,False,C13H14N4O9,370.0761,26
CC(=O)O[C@@H]1[C@H](O)[C@@H](CO)O[C@H]1n1c(C(=O)O)nc2c(=O)[nH]c(=O)[nH]c21,False,C13H14N4O9,370.0761,26
CC(=O)O[C@@H]1[C@H](O)[C@@H](C(O)C(=O)O)O[C@H]1n1cnc2c(=O)[nH]c(=O)[nH]c21,False,C13H14N4O9,370.0761,26
O=C1CC(O)(O[C@@H]2[C@H](O)[C@@H](CO)O[C@H]2n2cnc3c(=O)[nH]c(=O)[nH]c32)O1,False,C13H14N4O9,370.0761,26
O=C1CC(O)(O)OC[C@H]2O[C@@H](n3cnc4c(=O)[nH]c(=O)[nH]c43)[C@H](O1)[C@@H]2O,False,C13H14N4O9,370.0761,26
O=C(O)CC1(O)OC[C@H]2O[C@@H](n3cnc4c(=O)[nH]c(=O)[nH]c43)[C@H](O1)[C@@H]2O,False,C13H14N4O9,370.0761,26
O=CCC(=O)O[C@@H]1[C@H](O)[C@@H](C=O)O[C@H]1n1cnc2c(=O)[nH]c(=O)[nH]c21,False,C13H12N4O8,352.0655,25
O=C1C=C(O[C@@H]2[C@H](O)[C@@H](CO)O[C@H]2n2cnc3c(=O)[nH]c(=O)[nH]c32)O1,False,C13H12N4O8,352.0655,25
O=C(O[C@@H]1[C@H](O)[C@@H](CO)O[C@H]1n1cnc2c(=O)[nH]c(=O)[nH]c21)C1OC1O,False,C13H14N4O9,370.0761,26
O=C1OC1C(O)O[C@@H]1[C@H](O)[C@@H](CO)O[C@H]1n1cnc2c(=O)[nH]c(=O)[nH]c21,False,C13H14N4O9,370.0761,26
O=C1O[C@@H]2[C@H](OC1C(O)O)[C@@H](CO)O[C@H]2n1cnc2c(=O)[nH]c(=O)[nH]c21,False,C13H14N4O9,370.0761,26
O=C(O)C1O[C@H]2[C@@H](OC1O)[C@H](n1cnc3c(=O)[nH]c(=O)[nH]c31)O[C@@H]2CO,False,C13H14N4O9,370.0761,26
O=C1O[C@@H]2[C@H](O)[C@@H](COC1C(O)O)O[C@H]2n1cnc2c(=O)[nH]c(=O)[nH]c21,False,C13H14N4O9,370.0761,26
O=C(O)C1OC[C@H]2O[C@@H](n3cnc4c(=O)[nH]c(=O)[nH]c43)[C@H](OC1O)[C@@H]2O,False,C13H14N4O9,370.0761,26
O=C1CC(O)O[C@]2(O1)[C@H](O)[C@@H](CO)O[C@H]2n1cnc2c(=O)[nH]c(=O)[nH]c21,False,C13H14N4O9,370.0761,26
O=C1CC(O)O[C@@]2(O1)[C@H](O)[C@@H](CO)O[C@H]2n1cnc2c(=O)[nH]c(=O)[nH]c21,False,C13H14N4O9,370.0761,26
O=C(CC(O)O)O[C@@]12O[C@@H]1[C@@H](CO)O[C@H]2n1cnc2c(=O)[nH]c(=O)[nH]c21,False,C13H14N4O9,370.0761,26
O=C(CC(O)O)O[C@]12OC[C@@H](O[C@H]1n1cnc3c(=O)[nH]c(=O)[nH]c31)[C@H]2O,False,C13H14N4O9,370.0761,26
O=C1CC(O)O[C@]2(n3cnc4c(=O)[nH]c(=O)[nH]c43)O[C@H](CO)[C@@H](O)[C@H]2O1,False,C13H14N4O9,370.0761,26
O=C1CC(O)O[C@@H]2[C@H](O)[C@@H](CO)O[C@@]2(n2cnc3c(=O)[nH]c(=O)[nH]c32)O1,False,C13H14N4O9,370.0761,26
O=C(CC(O)O)O[C@@H]1[C@@H]2O[C@]1(n1cnc3c(=O)[nH]c(=O)[nH]c31)O[C@@H]2CO,False,C13H14N4O9,370.0761,26
O=C(CC(O)O)O[C@@H]1[C@H](O)[C@H]2CO[C@]1(n1cnc3c(=O)[nH]c(=O)[nH]c31)O2,False,C13H14N4O9,370.0761,26
O=C1CC(O)O[C@]2(O)[C@@H](CO)O[C@@H](n3cnc4c(=O)[nH]c(=O)[nH]c43)[C@@H]2O1,False,C13H14N4O9,370.0761,26
O=C1CC(O)O[C@H]2[C@H](n3cnc4c(=O)[nH]c(=O)[nH]c43)O[C@H](CO)[C@@]2(O)O1,False,C13H14N4O9,370.0761,26
O=C(CC(O)O)O[C@H]1[C@H](n2cnc3c(=O)[nH]c(=O)[nH]c32)O[C@@H]2CO[C@]21O,False,C13H14N4O9,370.0761,26
O=C1CC(O)O[C@@]2(CO)O[C@@H](n3cnc4c(=O)[nH]c(=O)[nH]c43)[C@H](O1)[C@@H]2O,False,C13H14N4O9,370.0761,26
O=C1CC(O)O[C@H]2[C@H](n3cnc4c(=O)[nH]c(=O)[nH]c43)O[C@](CO)(O1)[C@H]2O,False,C13H14N4O9,370.0761,26
O=C(CC(O)O)O[C@H]1[C@H](n2cnc3c(=O)[nH]c(=O)[nH]c32)O[C@]2(CO)O[C@@H]12,False,C13H14N4O9,370.0761,26
O=C(CC(O)O)O[C@H]1[C@H](n2cnc3c(=O)[nH]c(=O)[nH]c32)O[C@@]2(CO2)[C@H]1O,False,C13H14N4O9,370.0761,26
O=C1CC(O)Oc2nc3c(=O)[nH]c(=O)[nH]c3n2[C@@H]2O[C@H](CO)[C@@H](O)[C@H]2O1,False,C13H14N4O9,370.0761,26
O=C1CC(O)O[C@@H]2[C@H](O)[C@@H](CO)O[C@H]2n2c(nc3c(=O)[nH]c(=O)[nH]c32)O1,False,C13H14N4O9,370.0761,26
O=C(CC(O)O)O[C@@H]1[C@@H]2Oc3nc4c(=O)[nH]c(=O)[nH]c4n3[C@@H]1O[C@@H]2CO,False,C13H14N4O9,370.0761,26
O=C(CC(O)O)O[C@@H]1[C@H](O)[C@H]2COc3nc4c(=O)[nH]c(=O)[nH]c4n3[C@@H]1O2,False,C13H14N4O9,370.0761,26
O=C1CC(O)OC(O)[C@H]2O[C@@H](n3cnc4c(=O)[nH]c(=O)[nH]c43)[C@H](O1)[C@@H]2O,False,C13H14N4O9,370.0761,26
O=C1CC(O)O[C@@H]2[C@H](O)[C@H](O[C@H]2n2cnc3c(=O)[nH]c(=O)[nH]c32)C(O)O1,False,C13H14N4O9,370.0761,26
O=C(CC(O)O)O[C@@H]1[C@@H]2OC(O)[C@H]2O[C@H]1n1cnc2c(=O)[nH]c(=O)[nH]c21,False,C13H14N4O9,370.0761,26
O=C(CC(O)O)O[C@@H]1[C@H](O)[C@@H](CO)O[C@H]1n1cnc2c(=O)[nH]c(=O)[nH]c21,False,C13H16N4O9,372.0917,26
O=CCC(=O)O[C@@H]1[C@H](O)[C@@H](CO)O[C@H]1n1cnc2c(=O)[nH]c(=O)[nH]c21,False,C13H14N4O8,354.0812,25
COC(=O)CC(=O)O[C@@H]1[C@H](O)[C@@H](CO)O[C@H]1n1cnc2c(=O)[nH]c(=O)[nH]c21,False,C14H16N4O9,384.0917,27
N#CC(O)(O)CC(=O)O[C@@H]1[C@H](O)[C@@H](CO)O[C@H]1n1cnc2c(=O)[nH]c(=O)[nH]c21,False,C14H15N5O9,397.087,28
N#CC(O)(CC(=O)O)O[C@@H]1[C@H](O)[C@@H](CO)O[C@H]1n1cnc2c(=O)[nH]c(=O)[nH]c21,False,C14H15N5O9,397.087,28
O=C(Cl)CC(=O)O[C@@H]1[C@H](O)[C@@H](CO)O[C@H]1n1cnc2c(=O)[nH]c(=O)[nH]c21,False,C13H13ClN4O8,388.0422,26
NC(=O)CC(=O)O[C@@H]1[C@H](O)[C@@H](CO)O[C@H]1n1cnc2c(=O)[nH]c(=O)[nH]c21,False,C13H15N5O8,369.0921,26
N#CCC(=O)O[C@@H]1[C@H](O)[C@@H](CO)O[C@H]1n1cnc2c(=O)[nH]c(=O)[nH]c21,False,C13H13N5O7,351.0815,25
NC(O)CC(=O)O[C@@H]1[C@H](O)[C@@H](CO)O[C@H]1n1cnc2c(=O)[nH]c(=O)[nH]c21,False,C13H17N5O8,371.1077,26
NC(CC(=O)O)O[C@@H]1[C@H](O)[C@@H](CO)O[C@H]1n1cnc2c(=O)[nH]c(=O)[nH]c21,False,C13H17N5O8,371.1077,26
O=CC(=O)O[C@@H]1[C@H](O)[C@@H](CO)O[C@H]1n1cnc2c(=O)[nH]c(=O)[nH]c21,False,C12H12N4O8,340.0655,24
C[C@H]1O[C@@H](n2cnc3c(=O)[nH]c(=O)[nH]c32)[C@H](OC(=O)CC(=O)O)[C@@H]1O,False,C13H14N4O8,354.0812,25
O=C(O)CC(=O)[C@@H]1[C@H](O)[C@@H](CO)O[C@H]1n1cnc2c(=O)[nH]c(=O)[nH]c21,False,C13H14N4O8,354.0812,25
N#CCC(O)O[C@@H]1[C@H](O)[C@@H](CO)O[C@H]1n1cnc2c(=O)[nH]c(=O)[nH]c21,False,C13H15N5O7,353.0971,25
CC(O)O[C@@]1(C#N)[C@H](O)[C@@H](CO)O[C@H]1n1cnc2c(=O)[nH]c(=O)[nH]c21,False,C13H15N5O7,353.0971,25
C[C@]1(OC(O)C#N)[C@H](O)[C@@H](CO)O[C@H]1n1cnc2c(=O)[nH]c(=O)[nH]c21,False,C13H15N5O7,353.0971,25
CC(O)O[C@@H]1[C@H](O)[C@@H](CO)O[C@]1(C#N)n1cnc2c(=O)[nH]c(=O)[nH]c21,False,C13H15N5O7,353.0971,25
C[C@]1(n2cnc3c(=O)[nH]c(=O)[nH]c32)O[C@H](CO)[C@@H](O)[C@H]1OC(O)C#N,False,C13H15N5O7,353.0971,25
CC(O)O[C@H]1[C@H](n2cnc3c(=O)[nH]c(=O)[nH]c32)O[C@H](CO)[C@@]1(O)C#N,False,C13H15N5O7,353.0971,25
C[C@]1(O)[C@@H](CO)O[C@@H](n2cnc3c(=O)[nH]c(=O)[nH]c32)[C@@H]1OC(O)C#N,False,C13H15N5O7,353.0971,25
CC(O)O[C@H]1[C@H](n2cnc3c(=O)[nH]c(=O)[nH]c32)O[C@@](C#N)(CO)[C@H]1O,False,C13H15N5O7,353.0971,25
C[C@@]1(CO)O[C@@H](n2cnc3c(=O)[nH]c(=O)[nH]c32)[C@H](OC(O)C#N)[C@@H]1O,False,C13H15N5O7,353.0971,25
CC(O)O[C@@H]1[C@H](O)[C@@H](CO)O[C@H]1n1c(C#N)nc2c(=O)[nH]c(=O)[nH]c21,False,C13H15N5O7,353.0971,25
Cc1nc2c(=O)[nH]c(=O)[nH]c2n1[C@@H]1O[C@H](CO)[C@@H](O)[C@H]1OC(O)C#N,False,C13H15N5O7,353.0971,25
CC(O)O[C@@H]1[C@H](O)[C@@H](C(O)C#N)O[C@H]1n1cnc2c(=O)[nH]c(=O)[nH]c21,False,C13H15N5O7,353.0971,25
CC(O)[C@H]1O[C@@H](n2cnc3c(=O)[nH]c(=O)[nH]c32)[C@H](OC(O)C#N)[C@@H]1O,False,C13H15N5O7,353.0971,25
N#CC(=O)O[C@@H]1[C@H](O)[C@@H](CO)O[C@H]1n1cnc2c(=O)[nH]c(=O)[nH]c21,False,C12H11N5O7,337.0658,24
CC(C#N)O[C@@H]1[C@H](O)[C@@H](C=O)O[C@H]1n1cnc2c(=O)[nH]c(=O)[nH]c21,False,C13H13N5O6,335.0866,24
COC(C)(C#N)O[C@@H]1[C@H](O)[C@@H](CO)O[C@H]1n1cnc2c(=O)[nH]c(=O)[nH]c21,False,C14H17N5O7,367.1128,26
CC(=O)OC(C)(C#N)O[C@@H]1[C@H](O)[C@@H](CO)O[C@H]1n1cnc2c(=O)[nH]c(=O)[nH]c21,False,C15H17N5O8,395.1077,28
CC(Cl)(C#N)O[C@@H]1[C@H](O)[C@@H](CO)O[C@H]1n1cnc2c(=O)[nH]c(=O)[nH]c21,False,C13H14ClN5O6,371.0633,25
N#CC(O)(CO)O[C@@H]1[C@H](O)[C@@H](CO)O[C@H]1n1cnc2c(=O)[nH]c(=O)[nH]c21,False,C13H15N5O8,369.0921,26
CC(O)(O[C@@H]1[C@H](O)[C@@H](CO)O[C@H]1n1cnc2c(=O)[nH]c(=O)[nH]c21)C(N)=O,False,C13H17N5O8,371.1077,26
CC(O)(C=NO)O[C@@H]1[C@H](O)[C@@H](CO)O[C@H]1n1cnc2c(=O)[nH]c(=O)[nH]c21,False,C13H17N5O8,371.1077,26
CC(C#N)O[C@@H]1[C@H](O)[C@@H](CO)O[C@H]1n1cnc2c(=O)[nH]c(=O)[nH]c21,False,C13H15N5O6,337.1022,24
C[C@H]1O[C@@H](n2cnc3c(=O)[nH]c(=O)[nH]c32)[C@H](OC(C)(O)C#N)[C@@H]1O,False,C13H15N5O6,337.1022,24
CC(O)(C#N)O[C@@H]1[C@H](O)[C@@H](C(=O)O)O[C@H]1n1cnc2c(=O)[nH]c(=O)[nH]c21,False,C13H13N5O8,367.0764,26
N#CCC(O)(C#N)O[C@@H]1[C@H](O)[C@@H](CO)O[C@H]1n1cnc2c(=O)[nH]c(=O)[nH]c21,False,C14H14N6O7,378.0924,27
N#CC(O)O[C@@H]1[C@H](O)[C@@H](CO)O[C@H]1n1cnc2c(=O)[nH]c(=O)[nH]c21,False,C12H13N5O7,339.0815,24
CC(O)(C#N)O[C@@]1(C#N)[C@H](O)[C@@H](CO)O[C@H]1n1cnc2c(=O)[nH]c(=O)[nH]c21,False,C14H14N6O7,378.0924,27
CC(O)(C#N)O[C@@]1(C)[C@H](O)[C@@H](CO)O[C@H]1n1cnc2c(=O)[nH]c(=O)[nH]c21,False,C14H17N5O7,367.1128,26
CC(O)(C#N)O[C@@H]1[C@H](O)[C@@H](CO)O[C@]1(C#N)n1cnc2c(=O)[nH]c(=O)[nH]c21,False,C14H14N6O7,378.0924,27
CC(O)(C#N)O[C@@H]1[C@H](O)[C@@H](CO)O[C@]1(C)n1cnc2c(=O)[nH]c(=O)[nH]c21,False,C14H17N5O7,367.1128,26
CC(O)(C#N)O[C@H]1[C@H](n2cnc3c(=O)[nH]c(=O)[nH]c32)O[C@H](CO)[C@@]1(O)C#N,False,C14H14N6O7,378.0924,27
CC(O)(C#N)O[C@H]1[C@H](n2cnc3c(=O)[nH]c(=O)[nH]c32)O[C@H](CO)[C@]1(C)O,False,C14H17N5O7,367.1128,26
CC(O)(C#N)O[C@H]1[C@H](n2cnc3c(=O)[nH]c(=O)[nH]c32)O[C@@](C#N)(CO)[C@H]1O,False,C14H14N6O7,378.0924,27
CC(O)(C#N)O[C@H]1[C@H](n2cnc3c(=O)[nH]c(=O)[nH]c32)O[C@@](C)(CO)[C@H]1O,False,C14H17N5O7,367.1128,26
CC(O)(C#N)O[C@@H]1[C@H](O)[C@@H](CO)O[C@H]1n1c(C#N)nc2c(=O)[nH]c(=O)[nH]c21,False,C14H14N6O7,378.0924,27
Cc1nc2c(=O)[nH]c(=O)[nH]c2n1[C@@H]1O[C@H](CO)[C@@H](O)[C@H]1OC(C)(O)C#N,False,C14H17N5O7,367.1128,26
CC(O)(C#N)O[C@@H]1[C@H](O)[C@@H](C(O)C#N)O[C@H]1n1cnc2c(=O)[nH]c(=O)[nH]c21,False,C14H14N6O7,378.0924,27
CC(O)[C@H]1O[C@@H](n2cnc3c(=O)[nH]c(=O)[nH]c32)[C@H](OC(C)(O)C#N)[C@@H]1O,False,C14H17N5O7,367.1128,26
C[C@]1(OCN)[C@H](O)[C@@H](CO)O[C@H]1n1cnc2c(=O)[nH]c(=O)[nH]c21,False,C12H17N5O6,327.1179,23
C[C@]1(n2cnc3c(=O)[nH]c(=O)[nH]c32)O[C@H](CO)[C@@H](O)[C@H]1OCN,False,C12H17N5O6,327.1179,23
C[C@]1(O)[C@@H](CO)O[C@@H](n2cnc3c(=O)[nH]c(=O)[nH]c32)[C@@H]1OCN,False,C12H17N5O6,327.1179,23
C[C@@]1(CO)O[C@@H](n2cnc3c(=O)[nH]c(=O)[nH]c32)[C@H](OCN)[C@@H]1O,False,C12H17N5O6,327.1179,23
Cc1nc2c(=O)[nH]c(=O)[nH]c2n1[C@@H]1O[C@H](CO)[C@@H](O)[C@H]1OCN,False,C12H17N5O6,327.1179,23
CC(O)[C@H]1O[C@@H](n2cnc3c(=O)[nH]c(=O)[nH]c32)[C@H](OCN)[C@@H]1O,False,C12H17N5O6,327.1179,23
CC1N=C2NC(=O)Nc3c2ncn3[C@@H]2O[C@H](CO)[C@@H](O)[C@H]2O1,False,C12H15N5O5,309.1073,22
CC1N=C2NC(=O)c3ncn(c3N2)[C@@H]2O[C@H](CO)[C@@H](O)[C@H]2O1,False,C12H15N5O5,309.1073,22
CC(N)O[C@@H]1[C@H](O)[C@@H](COP(=O)(O)O)O[C@H]1n1cnc2c(=O)[nH]c(=O)[nH]c21,False,C12H18N5O9P,407.0842,27
CC(N)O[C@@H]1[C@H](OP(=O)(O)O)[C@@H](CO)O[C@H]1n1cnc2c(=O)[nH]c(=O)[nH]c21,False,C12H18N5O9P,407.0842,27
CC(N)O[C@@H]1[C@H](OS(=O)(=O)O)[C@@H](CO)O[C@H]1n1cnc2c(=O)[nH]c(=O)[nH]c21,False,C12H17N5O9S,407.0747,27
CC(N)O[C@@H]1[C@H](O)[C@@H](COS(=O)(=O)O)O[C@H]1n1cnc2c(=O)[nH]c(=O)[nH]c21,False,C12H17N5O9S,407.0747,27
CNC(C)O[C@@H]1[C@H](O)[C@@H](CO)O[C@H]1n1cnc2c(=O)[nH]c(=O)[nH]c21,False,C13H19N5O6,341.1335,24
CC(C)(N)O[C@@H]1[C@H](O)[C@@H](CO)O[C@H]1n1cnc2c(=O)[nH]c(=O)[nH]c21,False,C13H19N5O6,341.1335,24
CC(=O)NC(C)O[C@@H]1[C@H](O)[C@@H](CO)O[C@H]1n1cnc2c(=O)[nH]c(=O)[nH]c21,False,C14H19N5O7,369.1284,26
CC(N)(O[C@@H]1[C@H](O)[C@@H](CO)O[C@H]1n1cnc2c(=O)[nH]c(=O)[nH]c21)C(=O)O,False,C13H17N5O8,371.1077,26
CC(NC(N)=O)O[C@@H]1[C@H](O)[C@@H](CO)O[C@H]1n1cnc2c(=O)[nH]c(=O)[nH]c21,False,C13H18N6O7,370.1237,26
CC(N)(O)O[C@@H]1[C@H](O)[C@@H](CO)O[C@H]1n1cnc2c(=O)[nH]c(=O)[nH]c21,False,C12H17N5O7,343.1128,24
NC(CO)O[C@@H]1[C@H](O)[C@@H](CO)O[C@H]1n1cnc2c(=O)[nH]c(=O)[nH]c21,False,C12H17N5O7,343.1128,24
CC(N)O[C@@H]1[C@H](O)[C@@H](C)O[C@H]1n1cnc2c(=O)[nH]c(=O)[nH]c21,False,C12H17N5O5,311.123,22
CC(N)O[C@@H]1[C@H](O)[C@@H](C(=O)O)O[C@H]1n1cnc2c(=O)[nH]c(=O)[nH]c21,False,C12H15N5O7,341.0971,24
CC(N)NC(C)O[C@@H]1[C@H](O)[C@@H](CO)O[C@H]1n1cnc2c(=O)[nH]c(=O)[nH]c21,False,C14H22N6O6,370.1601,26
NCO[C@@H]1[C@H](O)[C@@H](CO)O[C@H]1n1cnc2c(=O)[nH]c(=O)[nH]c21,False,C11H15N5O6,313.1022,22
CC(N)O[C@@]1(C)[C@H](O)[C@@H](CO)O[C@H]1n1cnc2c(=O)[nH]c(=O)[nH]c21,False,C13H19N5O6,341.1335,24
CC(N)O[C@@H]1[C@H](O)[C@@H](CO)O[C@]1(C)n1cnc2c(=O)[nH]c(=O)[nH]c21,False,C13H19N5O6,341.1335,24
CC(N)O[C@H]1[C@H](n2cnc3c(=O)[nH]c(=O)[nH]c32)O[C@H](CO)[C@]1(C)O,False,C13H19N5O6,341.1335,24
CC(N)O[C@H]1[C@H](n2cnc3c(=O)[nH]c(=O)[nH]c32)O[C@@](C)(CO)[C@H]1O,False,C13H19N5O6,341.1335,24
Cc1nc2c(=O)[nH]c(=O)[nH]c2n1[C@@H]1O[C@H](CO)[C@@H](O)[C@H]1OC(C)N,False,C13H19N5O6,341.1335,24
CC(N)O[C@@H]1[C@H](O)[C@@H](C(C)O)O[C@H]1n1cnc2c(=O)[nH]c(=O)[nH]c21,False,C13H19N5O6,341.1335,24
O=CO[C@@]1(CO)[C@H](O)[C@@H](CO)O[C@H]1n1cnc2c(=O)[nH]c(=O)[nH]c21,False,C12H14N4O8,342.0812,24
O=CO[C@H]1[C@H](n2cnc3c(=O)[nH]c(=O)[nH]c32)O[C@H](CO)[C@@]1(O)CO,False,C12H14N4O8,342.0812,24
O=CO[C@H]1[C@H](n2cnc3c(=O)[nH]c(=O)[nH]c32)OC(CO)(CO)[C@H]1O,False,C12H14N4O8,342.0812,24
O=CO[C@@H]1[C@H](O)[C@@H](CO)O[C@H]1n1c(CO)nc2c(=O)[nH]c(=O)[nH]c21,False,C12H14N4O8,342.0812,24
O=c1[nH]c(=O)c2ncn([C@@H]3O[C@H](CO)[C@@H](O)[C@@]34OCC(O)O4)c2[nH]1,False,C12H14N4O8,342.0812,24
O=c1[nH]c(=O)c2ncn([C@]34OCC(O)O[C@@H]3[C@H](O)[C@@H](CO)O4)c2[nH]1,False,C12H14N4O8,342.0812,24
O=c1[nH]c(=O)c2ncn([C@@H]3O[C@H](CO)[C@@]4(O)OCC(O)O[C@@H]34)c2[nH]1,False,C12H14N4O8,342.0812,24
O=c1[nH]c(=O)c2ncn([C@@H]3O[C@]4(CO)OCC(O)O[C@@H]3[C@@H]4O)c2[nH]1,False,C12H14N4O8,342.0812,24
O=c1[nH]c(=O)c2nc3n(c2[nH]1)[C@@H]1O[C@H](CO)[C@@H](O)[C@H]1OC(O)CO3,False,C12H14N4O8,342.0812,24
O=c1[nH]c(=O)c2ncn([C@@H]3O[C@@H]4C(O)OCC(O)O[C@@H]3[C@@H]4O)c2[nH]1,False,C12H14N4O8,342.0812,24
COCC(=O)O[C@@H]1[C@H](O)[C@@H](CO)O[C@H]1n1cnc2c(=O)[nH]c(=O)[nH]c21,False,C13H16N4O8,356.0968,25
CC(=O)OCC(=O)O[C@@H]1[C@H](O)[C@@H](CO)O[C@H]1n1cnc2c(=O)[nH]c(=O)[nH]c21,False,C14H16N4O9,384.0917,27
O=C(CCl)O[C@@H]1[C@H](O)[C@@H](CO)O[C@H]1n1cnc2c(=O)[nH]c(=O)[nH]c21,False,C12H13ClN4O7,360.0473,24
O=C(O[C@@H]1[C@H](O)[C@@H](CO)O[C@H]1n1cnc2c(=O)[nH]c(=O)[nH]c21)C(O)O,False,C12H14N4O9,358.0761,25
O=C(OCO)O[C@@H]1[C@H](O)[C@@H](CO)O[C@H]1n1cnc2c(=O)[nH]c(=O)[nH]c21,False,C12H14N4O9,358.0761,25
O=c1[nH]c(=O)c2ncn([C@@H]3O[C@H](CO)[C@@H](O)[C@H]3OC(O)C(O)O)c2[nH]1,False,C12H16N4O9,360.0917,25
C[C@H]1O[C@@H](n2cnc3c(=O)[nH]c(=O)[nH]c32)[C@H](OC(=O)CO)[C@@H]1O,False,C12H14N4O7,326.0862,23
O=C(CO)[C@@H]1[C@H](O)[C@@H](CO)O[C@H]1n1cnc2c(=O)[nH]c(=O)[nH]c21,False,C12H14N4O7,326.0862,23
O=C(O)C(=O)O[C@@H]1[C@H](O)[C@@H](CO)O[C@H]1n1cnc2c(=O)[nH]c(=O)[nH]c21,False,C12H12N4O9,356.0604,25
O=C(CO)O[C@@H]1[C@H](O)[C@@H](C(=O)O)O[C@H]1n1cnc2c(=O)[nH]c(=O)[nH]c21,False,C12H12N4O9,356.0604,25
O=C(O[C@@H]1[C@H](O)[C@@H](CO)O[C@H]1n1cnc2c(=O)[nH]c(=O)[nH]c21)C(O)CO,False,C13H16N4O9,372.0917,26
O=C(CO)O[C@@]1(CO)[C@H](O)[C@@H](CO)O[C@H]1n1cnc2c(=O)[nH]c(=O)[nH]c21,False,C13H16N4O9,372.0917,26
O=C(CO)O[C@@H]1[C@H](O)[C@@H](CO)O[C@]1(CO)n1cnc2c(=O)[nH]c(=O)[nH]c21,False,C13H16N4O9,372.0917,26
O=C(CO)O[C@H]1[C@H](n2cnc3c(=O)[nH]c(=O)[nH]c32)O[C@H](CO)[C@@]1(O)CO,False,C13H16N4O9,372.0917,26
O=C(CO)O[C@H]1[C@H](n2cnc3c(=O)[nH]c(=O)[nH]c32)OC(CO)(CO)[C@H]1O,False,C13H16N4O9,372.0917,26
O=C(CO)O[C@@H]1[C@H](O)[C@@H](CO)O[C@H]1n1c(CO)nc2c(=O)[nH]c(=O)[nH]c21,False,C13H16N4O9,372.0917,26
O=C(CO)O[C@@H]1[C@H](O)[C@@H](C(O)CO)O[C@H]1n1cnc2c(=O)[nH]c(=O)[nH]c21,False,C13H16N4O9,372.0917,26
O=c1[nH]c(=O)c2ncn([C@@H]3O[C@H](CO)[C@H]4OCOC(O)O[C@H]43)c2[nH]1,False,C12H14N4O8,342.0812,24
O=c1[nH]c(=O)c2ncn([C@@H]3O[C@@H]4COCOC(O)O[C@@H]3[C@@H]4O)c2[nH]1,False,C12H14N4O8,342.0812,24
COC(O)O[C@@]12O[C@@H]1[C@@H](CO)O[C@H]2n1cnc2c(=O)[nH]c(=O)[nH]c21,False,C12H14N4O8,342.0812,24
COC(O)O[C@]12OC[C@@H](O[C@H]1n1cnc3c(=O)[nH]c(=O)[nH]c31)[C@H]2O,False,C12H14N4O8,342.0812,24
COC(O)O[C@@H]1[C@@H]2O[C@]1(n1cnc3c(=O)[nH]c(=O)[nH]c31)O[C@@H]2CO,False,C12H14N4O8,342.0812,24
COC(O)O[C@@H]1[C@H](O)[C@H]2CO[C@]1(n1cnc3c(=O)[nH]c(=O)[nH]c31)O2,False,C12H14N4O8,342.0812,24
COC(O)O[C@H]1[C@H](n2cnc3c(=O)[nH]c(=O)[nH]c32)O[C@@H]2CO[C@]21O,False,C12H14N4O8,342.0812,24
COC(O)O[C@H]1[C@H](n2cnc3c(=O)[nH]c(=O)[nH]c32)O[C@]2(CO)O[C@@H]12,False,C12H14N4O8,342.0812,24
COC(O)O[C@H]1[C@H](n2cnc3c(=O)[nH]c(=O)[nH]c32)O[C@@]2(CO2)[C@H]1O,False,C12H14N4O8,342.0812,24
COC(O)O[C@@H]1[C@@H]2Oc3nc4c(=O)[nH]c(=O)[nH]c4n3[C@@H]1O[C@@H]2CO,False,C12H14N4O8,342.0812,24
COC(O)O[C@@H]1[C@H](O)[C@H]2COc3nc4c(=O)[nH]c(=O)[nH]c4n3[C@@H]1O2,False,C12H14N4O8,342.0812,24
COC(O)O[C@@H]1[C@@H]2OC(O)[C@H]2O[C@H]1n1cnc2c(=O)[nH]c(=O)[nH]c21,False,C12H14N4O8,342.0812,24
COCO[C@@H]1[C@H](O)[C@@H](CO)O[C@H]1n1cnc2c(=O)[nH]c(=O)[nH]c21,False,C12H16N4O7,328.1019,23
COC(=O)O[C@@H]1[C@H](O)[C@@H](C)O[C@H]1n1cnc2c(=O)[nH]c(=O)[nH]c21,False,C12H14N4O7,326.0862,23
O=COC(=O)O[C@@H]1[C@H](O)[C@@H](CO)O[C@H]1n1cnc2c(=O)[nH]c(=O)[nH]c21,False,C12H12N4O9,356.0604,25
COC(=O)O[C@@H]1[C@H](O)[C@@H](C(=O)O)O[C@H]1n1cnc2c(=O)[nH]c(=O)[nH]c21,False,C12H12N4O9,356.0604,25
O=c1[nH]c(=O)c2ncn([C@@H]3O[C@H](CO)[C@@H](O)[C@]3(CO)OCO)c2[nH]1,False,C12H16N4O8,344.0968,24
O=c1[nH]c(=O)c2ncn([C@@H]3O[C@H](CO)[C@@](O)(CO)[C@H]3OCO)c2[nH]1,False,C12H16N4O8,344.0968,24
O=c1[nH]c(=O)c2ncn([C@@H]3OC(CO)(CO)[C@@H](O)[C@H]3OCO)c2[nH]1,False,C12H16N4O8,344.0968,24
O=c1[nH]c(=O)c2nc(CO)n([C@@H]3O[C@H](CO)[C@@H](O)[C@H]3OCO)c2[nH]1,False,C12H16N4O8,344.0968,24
O=CCO[C@@H]1[C@H](O)[C@@H](CO)O[C@H]1n1cnc2c(=O)[nH]c(=O)[nH]c21,False,C12H14N4O7,326.0862,23
O=C[C@H]1O[C@@H](n2cnc3c(=O)[nH]c(=O)[nH]c32)[C@H](OCCO)[C@@H]1O,False,C12H14N4O7,326.0862,23
O=CC(O)O[C@@H]1[C@H](O)[C@@H](CO)O[C@H]1n1cnc2c(=O)[nH]c(=O)[nH]c21,False,C12H14N4O8,342.0812,24
COCC(O)O[C@@H]1[C@H](O)[C@@H](CO)O[C@H]1n1cnc2c(=O)[nH]c(=O)[nH]c21,False,C13H18N4O8,358.1125,25
COC(CO)O[C@@H]1[C@H](O)[C@@H](CO)O[C@H]1n1cnc2c(=O)[nH]c(=O)[nH]c21,False,C13H18N4O8,358.1125,25
CC(O)(CO)O[C@@H]1[C@H](O)[C@@H](CO)O[C@H]1n1cnc2c(=O)[nH]c(=O)[nH]c21,False,C13H18N4O8,358.1125,25
CC(=O)OCC(O)O[C@@H]1[C@H](O)[C@@H](CO)O[C@H]1n1cnc2c(=O)[nH]c(=O)[nH]c21,False,C14H18N4O9,386.1074,27
CC(=O)OC(CO)O[C@@H]1[C@H](O)[C@@H](CO)O[C@H]1n1cnc2c(=O)[nH]c(=O)[nH]c21,False,C14H18N4O9,386.1074,27
O=c1[nH]c(=O)c2ncn([C@@H]3O[C@H](CO)[C@@H](O)[C@H]3OC(O)CCl)c2[nH]1,False,C12H15ClN4O7,362.0629,24
O=c1[nH]c(=O)c2ncn([C@@H]3O[C@H](CO)[C@@H](O)[C@H]3OC(Cl)CO)c2[nH]1,False,C12H15ClN4O7,362.0629,24
O=c1[nH]c(=O)c2ncn([C@@H]3O[C@H](CO)[C@@H](O)[C@H]3OC(O)(O)CO)c2[nH]1,False,C12H16N4O9,360.0917,25
C[C@H]1O[C@@H](n2cnc3c(=O)[nH]c(=O)[nH]c32)[C@H](OC(O)CO)[C@@H]1O,False,C12H16N4O7,328.1019,23
O=C(O)C(O)O[C@@H]1[C@H](O)[C@@H](CO)O[C@H]1n1cnc2c(=O)[nH]c(=O)[nH]c21,False,C12H14N4O9,358.0761,25
O=C(O)[C@H]1O[C@@H](n2cnc3c(=O)[nH]c(=O)[nH]c32)[C@H](OC(O)CO)[C@@H]1O,False,C12H14N4O9,358.0761,25
O=c1[nH]c(=O)c2ncn([C@@H]3O[C@H](CO)[C@@H](O)[C@H]3OC(O)C(O)CO)c2[nH]1,False,C13H18N4O9,374.1074,26
O=c1[nH]c(=O)c2ncn([C@@H]3O[C@H](CO)[C@@H](O)[C@H]3OC(O)(CO)CO)c2[nH]1,False,C13H18N4O9,374.1074,26
O=c1[nH]c(=O)c2ncn([C@@H]3O[C@H](CO)[C@@H](O)[C@]3(CO)OC(O)CO)c2[nH]1,False,C13H18N4O9,374.1074,26
O=c1[nH]c(=O)c2ncn([C@@]3(CO)O[C@H](CO)[C@@H](O)[C@H]3OC(O)CO)c2[nH]1,False,C13H18N4O9,374.1074,26
O=c1[nH]c(=O)c2ncn([C@@H]3O[C@H](CO)[C@@](O)(CO)[C@H]3OC(O)CO)c2[nH]1,False,C13H18N4O9,374.1074,26
O=c1[nH]c(=O)c2ncn([C@@H]3OC(CO)(CO)[C@@H](O)[C@H]3OC(O)CO)c2[nH]1,False,C13H18N4O9,374.1074,26
O=c1[nH]c(=O)c2nc(CO)n([C@@H]3O[C@H](CO)[C@@H](O)[C@H]3OC(O)CO)c2[nH]1,False,C13H18N4O9,374.1074,26
O=c1[nH]c(=O)c2ncn([C@@H]3O[C@H](C(O)CO)[C@@H](O)[C@H]3OC(O)CO)c2[nH]1,False,C13H18N4O9,374.1074,26
CC(O)O[C@@H]1[C@@H]2OC[C@H]2O[C@H]1n1cnc2c(=O)[nH]c(=O)[nH]c21,False,C12H14N4O6,310.0913,22
CC(=O)[C@@H]1[C@H](O)[C@@H](C)O[C@H]1n1cnc2c(=O)[nH]c(=O)[nH]c21,False,C12H14N4O5,294.0964,21
CC(=O)O[C@@H]1[C@H](O)[C@@H](C)O[C@H]1n1cnc2c(=O)[nH]c(=O)n(C(C)=O)c21,False,C14H16N4O7,352.1019,25
CC(=O)O[C@@H]1[C@H](O)[C@@H](C)O[C@H]1n1cnc2c(=O)n(C(C)=O)c(=O)[nH]c21,False,C14H16N4O7,352.1019,25
CC[C@H]1O[C@@H](n2cnc3c(=O)[nH]c(=O)[nH]c32)[C@H](OC(C)=O)[C@@H]1O,False,C13H16N4O6,324.107,23
CC(=O)O[C@H]1[C@H](n2cnc3c(=O)[nH]c(=O)[nH]c32)OC(C)(C)[C@H]1O,False,C13H16N4O6,324.107,23
CC(=O)O[C@H]1[C@H](n2cnc3c(=O)[nH]c(=O)[nH]c32)O[C@H](C)[C@]1(C)O,False,C13H16N4O6,324.107,23
CC(=O)O[C@@]1(C)[C@H](O)[C@@H](C)O[C@H]1n1cnc2c(=O)[nH]c(=O)[nH]c21,False,C13H16N4O6,324.107,23
CC(=O)O[C@@H]1[C@H](O)[C@@H](C)O[C@]1(C)n1cnc2c(=O)[nH]c(=O)[nH]c21,False,C13H16N4O6,324.107,23
CC(=O)O[C@@H]1[C@H](O)[C@@H](C)O[C@H]1n1c(C)nc2c(=O)[nH]c(=O)[nH]c21,False,C13H16N4O6,324.107,23
CC(=O)[C@@]1(CO)[C@H](O)CO[C@H]1n1cnc2c(=O)[nH]c(=O)[nH]c21,False,C12H14N4O6,310.0913,22
O=C(CCO)[C@@H]1[C@H](O)CO[C@H]1n1cnc2c(=O)[nH]c(=O)[nH]c21,False,C12H14N4O6,310.0913,22
CC(=O)[C@H]1[C@H](n2cnc3c(=O)[nH]c(=O)[nH]c32)OC[C@@]1(O)CO,False,C12H14N4O6,310.0913,22
CC(=O)[C@@H]1[C@H](O)CO[C@H]1n1c(CO)nc2c(=O)[nH]c(=O)[nH]c21,False,C12H14N4O6,310.0913,22
C[C@]1(C=O)[C@H](O)[C@@H](CO)O[C@H]1n1cnc2c(=O)[nH]c(=O)[nH]c21,False,C12H14N4O6,310.0913,22
C[C@]1(n2cnc3c(=O)[nH]c(=O)[nH]c32)O[C@H](CO)[C@@H](O)[C@H]1C=O,False,C12H14N4O6,310.0913,22
CC(=O)[C@@]1(n2cnc3c(=O)[nH]c(=O)[nH]c32)C[C@H](O)[C@@H](CO)O1,False,C12H14N4O6,310.0913,22
C[C@]1(O)[C@@H](CO)O[C@@H](n2cnc3c(=O)[nH]c(=O)[nH]c32)[C@@H]1C=O,False,C12H14N4O6,310.0913,22
CC(=O)[C@@]1(O)C[C@H](n2cnc3c(=O)[nH]c(=O)[nH]c32)O[C@@H]1CO,False,C12H14N4O6,310.0913,22
C[C@@]1(CO)O[C@@H](n2cnc3c(=O)[nH]c(=O)[nH]c32)[C@H](C=O)[C@@H]1O,False,C12H14N4O6,310.0913,22
CC(=O)[C@@]1(CO)O[C@@H](n2cnc3c(=O)[nH]c(=O)[nH]c32)C[C@@H]1O,False,C12H14N4O6,310.0913,22
Cc1nc2c(=O)[nH]c(=O)[nH]c2n1[C@@H]1O[C@H](CO)[C@@H](O)[C@H]1C=O,False,C12H14N4O6,310.0913,22
CC(=O)c1nc2c(=O)[nH]c(=O)[nH]c2n1[C@H]1C[C@H](O)[C@@H](CO)O1,False,C12H14N4O6,310.0913,22
CC(O)[C@H]1O[C@@H](n2cnc3c(=O)[nH]c(=O)[nH]c32)[C@H](C=O)[C@@H]1O,False,C12H14N4O6,310.0913,22
CC(=O)C(O)[C@H]1O[C@@H](n2cnc3c(=O)[nH]c(=O)[nH]c32)C[C@@H]1O,False,C12H14N4O6,310.0913,22
O=CC[C@@H]1[C@H](O)[C@@H](CO)O[C@H]1n1cnc2c(=O)[nH]c(=O)[nH]c21,False,C12H14N4O6,310.0913,22
CC(O)[C@@]12O[C@@H]1[C@@H](CO)O[C@H]2n1cnc2c(=O)[nH]c(=O)[nH]c21,False,C12H14N4O6,310.0913,22
CC(O)[C@]12OC[C@@H](O[C@H]1n1cnc3c(=O)[nH]c(=O)[nH]c31)[C@H]2O,False,C12H14N4O6,310.0913,22
O=c1[nH]c(=O)c2ncn([C@@H]3O[C@H](CO)[C@H]4OCC(O)[C@H]43)c2[nH]1,False,C12H14N4O6,310.0913,22
O=c1[nH]c(=O)c2ncn([C@@H]3O[C@@H]4COCC(O)[C@@H]3[C@@H]4O)c2[nH]1,False,C12H14N4O6,310.0913,22
CC(O)[C@@H]1[C@@H]2O[C@]1(n1cnc3c(=O)[nH]c(=O)[nH]c31)O[C@@H]2CO,False,C12H14N4O6,310.0913,22
CC(O)[C@@H]1[C@H](O)[C@H]2CO[C@]1(n1cnc3c(=O)[nH]c(=O)[nH]c31)O2,False,C12H14N4O6,310.0913,22
CC(O)[C@H]1[C@H](n2cnc3c(=O)[nH]c(=O)[nH]c32)O[C@@H]2CO[C@]21O,False,C12H14N4O6,310.0913,22
CC(O)[C@H]1[C@H](n2cnc3c(=O)[nH]c(=O)[nH]c32)O[C@]2(CO)O[C@@H]12,False,C12H14N4O6,310.0913,22
CC(O)[C@H]1[C@H](n2cnc3c(=O)[nH]c(=O)[nH]c32)O[C@@]2(CO2)[C@H]1O,False,C12H14N4O6,310.0913,22
CC(O)[C@@H]1[C@@H]2Oc3nc4c(=O)[nH]c(=O)[nH]c4n3[C@@H]1O[C@@H]2CO,False,C12H14N4O6,310.0913,22
CC(O)[C@@H]1[C@H](O)[C@H]2COc3nc4c(=O)[nH]c(=O)[nH]c4n3[C@@H]1O2,False,C12H14N4O6,310.0913,22
CC(O)[C@@H]1[C@@H]2OC(O)[C@H]2O[C@H]1n1cnc2c(=O)[nH]c(=O)[nH]c21,False,C12H14N4O6,310.0913,22
CC(=O)[C@@H]1[C@H](O)[C@@H](COP(=O)(O)O)O[C@H]1n1cnc2c(=O)[nH]c(=O)[nH]c21,False,C12H15N4O9P,390.0577,26
CC(=O)[C@@H]1[C@H](OP(=O)(O)O)[C@@H](CO)O[C@H]1n1cnc2c(=O)[nH]c(=O)[nH]c21,False,C12H15N4O9P,390.0577,26
CC(O)[C@@H]1[C@H](O)[C@@H](CO)O[C@H]1n1cnc2c(=O)[nH]c(=O)[nH]c21,False,C12H16N4O6,312.107,22
CC(=O)[C@@H]1[C@H](OS(=O)(=O)O)[C@@H](CO)O[C@H]1n1cnc2c(=O)[nH]c(=O)[nH]c21,False,C12H14N4O9S,390.0481,26
CC(=O)[C@@H]1[C@H](O)[C@@H](COS(=O)(=O)O)O[C@H]1n1cnc2c(=O)[nH]c(=O)[nH]c21,False,C12H14N4O9S,390.0481,26
CC(O)(C#N)[C@@H]1[C@H](O)[C@@H](CO)O[C@H]1n1cnc2c(=O)[nH]c(=O)[nH]c21,False,C13H15N5O6,337.1022,24
CC(N)[C@@H]1[C@H](O)[C@@H](CO)O[C@H]1n1cnc2c(=O)[nH]c(=O)[nH]c21,False,C12H17N5O5,311.123,22
COC(=O)[C@@H]1[C@H](O)[C@@H](CO)O[C@H]1n1cnc2c(=O)[nH]c(=O)[nH]c21,False,C12H14N4O7,326.0862,23
O=c1[nH]c(=O)c2ncn([C@@H]3O[C@H](CO)[C@@H](O)[C@H]3C(O)CO)c2[nH]1,False,C12H16N4O7,328.1019,23
CC(=O)[C@@H]1[C@H](O)[C@@H](C(=O)O)O[C@H]1n1cnc2c(=O)[nH]c(=O)[nH]c21,False,C12H12N4O7,324.0706,23
O=C[C@@H]1[C@H](O)[C@@H](CO)O[C@H]1n1cnc2c(=O)[nH]c(=O)[nH]c21,False,C11H12N4O6,296.0757,21
CC(=O)[C@@]1(C)[C@H](O)[C@@H](CO)O[C@H]1n1cnc2c(=O)[nH]c(=O)[nH]c21,False,C13H16N4O6,324.107,23
CC(=O)[C@@H]1[C@H](O)[C@@H](CO)O[C@]1(C)n1cnc2c(=O)[nH]c(=O)[nH]c21,False,C13H16N4O6,324.107,23
CC(=O)[C@H]1[C@H](n2cnc3c(=O)[nH]c(=O)[nH]c32)O[C@H](CO)[C@]1(C)O,False,C13H16N4O6,324.107,23
CC(=O)[C@H]1[C@H](n2cnc3c(=O)[nH]c(=O)[nH]c32)O[C@@](C)(CO)[C@H]1O,False,C13H16N4O6,324.107,23
CC(=O)[C@@H]1[C@H](O)[C@@H](CO)O[C@H]1n1c(C)nc2c(=O)[nH]c(=O)[nH]c21,False,C13H16N4O6,324.107,23
CC(=O)[C@@H]1[C@H](O)[C@@H](C(C)O)O[C@H]1n1cnc2c(=O)[nH]c(=O)[nH]c21,False,C13H16N4O6,324.107,23
CC(=O)O[C@@H]1[C@H](O)CO[C@H]1n1cnc2c(=O)[nH]c(=O)[nH]c21,False,C11H12N4O6,296.0757,21
CC(=O)O[C@H]1[C@H](n2cnc3c(=O)[nH]c(=O)[nH]c32)O[C@]2(OC2O)[C@H]1O,False,C12H12N4O8,340.0655,24
CC(O)O[C@H]1[C@H](n2cnc3c(=O)[nH]c(=O)[nH]c32)O[C@]2(OC2=O)[C@H]1O,False,C12H12N4O8,340.0655,24
CC(=O)O[C@H]1[C@H](n2cnc3c(=O)[nH]c(=O)[nH]c32)O[C@]2(C(O)O)O[C@@H]12,False,C12H12N4O8,340.0655,24
CC(=O)O[C@H]1[C@H](n2cnc3c(=O)[nH]c(=O)[nH]c32)O[C@@H]2C(O)O[C@]21O,False,C12H12N4O8,340.0655,24
CC(O)O[C@H]1[C@H](n2cnc3c(=O)[nH]c(=O)[nH]c32)O[C@@H]2C(=O)O[C@]21O,False,C12H12N4O8,340.0655,24
CC(=O)O[C@]12OC(O)[C@@H](O[C@H]1n1cnc3c(=O)[nH]c(=O)[nH]c31)[C@H]2O,False,C12H12N4O8,340.0655,24
CC(O)O[C@]12OC(=O)[C@@H](O[C@H]1n1cnc3c(=O)[nH]c(=O)[nH]c31)[C@H]2O,False,C12H12N4O8,340.0655,24
CC(=O)O[C@@]12O[C@@H]1[C@@H](C(O)O)O[C@H]2n1cnc2c(=O)[nH]c(=O)[nH]c21,False,C12H12N4O8,340.0655,24
CC(=O)O[C@@H]1[C@H](O)[C@@H]2O[C@@]1(n1cnc3c(=O)[nH]c(=O)[nH]c31)OC2O,False,C12H12N4O8,340.0655,24
CC(O)O[C@@H]1[C@H](O)[C@@H]2O[C@@]1(n1cnc3c(=O)[nH]c(=O)[nH]c31)OC2=O,False,C12H12N4O8,340.0655,24
CC(=O)O[C@@H]1[C@@H]2O[C@]1(n1cnc3c(=O)[nH]c(=O)[nH]c31)O[C@@H]2C(O)O,False,C12H12N4O8,340.0655,24
CC(=O)O[C@@H]1[C@H](O)[C@@H]2O[C@H]1n1c(nc3c(=O)[nH]c(=O)[nH]c31)OC2O,False,C12H12N4O8,340.0655,24
CC(O)O[C@@H]1[C@H](O)[C@@H]2O[C@H]1n1c(nc3c(=O)[nH]c(=O)[nH]c31)OC2=O,False,C12H12N4O8,340.0655,24
CC(=O)O[C@@H]1[C@@H]2Oc3nc4c(=O)[nH]c(=O)[nH]c4n3[C@@H]1O[C@@H]2C(O)O,False,C12H12N4O8,340.0655,24
O=C1COC(O)[C@H]2O[C@@H](n3cnc4c(=O)[nH]c(=O)[nH]c43)[C@H](O1)[C@@H]2O,False,C12H12N4O8,340.0655,24
O=C1OCC(O)O[C@@H]2[C@H](O)[C@@H]1O[C@H]2n1cnc2c(=O)[nH]c(=O)[nH]c21,False,C12H12N4O8,340.0655,24
O=C1CO[C@H]2[C@@H](O1)[C@H](n1cnc3c(=O)[nH]c(=O)[nH]c31)O[C@@H]2C(O)O,False,C12H12N4O8,340.0655,24
C[C@H]1O[C@@H](n2cnc3c(=O)[nH]c(=O)[nH]c32)[C@H](OC(=O)C(=O)O)[C@@H]1O,False,C12H12N4O8,340.0655,24
CC(=O)O[C@@H]1[C@H](O)[C@@H](C(O)O)O[C@H]1n1cnc2c(=O)[nH]c(=O)[nH]c21,False,C12H14N4O8,342.0812,24
CC(=O)O[C@@H]1[C@H](O)[C@@H](C(O)(O)C#N)O[C@H]1n1cnc2c(=O)[nH]c(=O)[nH]c21,False,C13H13N5O8,367.0764,26
CC(=O)O[C@@H]1[C@H](O)[C@@H](C(N)=O)O[C@H]1n1cnc2c(=O)[nH]c(=O)[nH]c21,False,C12H13N5O7,339.0815,24
O=C(CO)O[C@@H]1[C@H](O)[C@@H](C(O)O)O[C@H]1n1cnc2c(=O)[nH]c(=O)[nH]c21,False,C12H14N4O9,358.0761,25
CC(=O)O[C@@H]1[C@H](O)[C@@H](C(=O)O)O[C@H]1n1cnc2c(=O)[nH]c(=O)n(C(C)=O)c21,False,C14H14N4O9,382.0761,27
CC(=O)O[C@@H]1[C@H](O)[C@@H](C(=O)O)O[C@H]1n1cnc2c(=O)n(C(C)=O)c(=O)[nH]c21,False,C14H14N4O9,382.0761,27
CC(=O)O[C@H]1[C@H](n2cnc3c(=O)[nH]c(=O)[nH]c32)O[C@@](C)(C(=O)O)[C@H]1O,False,C13H14N4O8,354.0812,25
CC(=O)O[C@H]1[C@H](n2cnc3c(=O)[nH]c(=O)[nH]c32)O[C@H](C(=O)O)[C@]1(C)O,False,C13H14N4O8,354.0812,25
CC(=O)O[C@@]1(C)[C@H](O)[C@@H](C(=O)O)O[C@H]1n1cnc2c(=O)[nH]c(=O)[nH]c21,False,C13H14N4O8,354.0812,25
CC(=O)O[C@@H]1[C@H](O)[C@@H](C(=O)O)O[C@]1(C)n1cnc2c(=O)[nH]c(=O)[nH]c21,False,C13H14N4O8,354.0812,25
CC(=O)O[C@@H]1[C@H](O)[C@@H](C(=O)O)O[C@H]1n1c(C)nc2c(=O)[nH]c(=O)[nH]c21,False,C13H14N4O8,354.0812,25
CCC(=O)n1c(=O)[nH]c(=O)c2ncn([C@@H]3O[C@H](CO)[C@@H](O)[C@H]3OC=O)c21,False,C14H16N4O8,368.0968,26
CC(=O)O[C@@H]1[C@H](O)[C@@H](CO)O[C@]1(C)n1cnc2c(=O)[nH]c(=O)n(C=O)c21,False,C14H16N4O8,368.0968,26
CC(=O)n1c(=O)[nH]c(=O)c2ncn([C@@]3(C)O[C@H](CO)[C@@H](O)[C@H]3OC=O)c21,False,C14H16N4O8,368.0968,26
CC(=O)O[C@@H]1[C@H](O)[C@@H](CO)O[C@H]1n1c(C)nc2c(=O)[nH]c(=O)n(C=O)c21,False,C14H16N4O8,368.0968,26
CC(=O)n1c(=O)[nH]c(=O)c2nc(C)n([C@@H]3O[C@H](CO)[C@@H](O)[C@H]3OC=O)c21,False,C14H16N4O8,368.0968,26
CC(=O)O[C@@]1(C)[C@H](O)[C@@H](CO)O[C@H]1n1cnc2c(=O)[nH]c(=O)n(C=O)c21,False,C14H16N4O8,368.0968,26
CC(=O)n1c(=O)[nH]c(=O)c2ncn([C@@H]3O[C@H](CO)[C@@H](O)[C@]3(C)OC=O)c21,False,C14H16N4O8,368.0968,26
CC(=O)O[C@H]1[C@H](n2cnc3c(=O)[nH]c(=O)n(C=O)c32)O[C@H](CO)[C@]1(C)O,False,C14H16N4O8,368.0968,26
CC(=O)n1c(=O)[nH]c(=O)c2ncn([C@@H]3O[C@H](CO)[C@](C)(O)[C@H]3OC=O)c21,False,C14H16N4O8,368.0968,26
CC(=O)O[C@H]1[C@H](n2cnc3c(=O)[nH]c(=O)n(C=O)c32)O[C@@](C)(CO)[C@H]1O,False,C14H16N4O8,368.0968,26
CC(=O)n1c(=O)[nH]c(=O)c2ncn([C@@H]3O[C@@](C)(CO)[C@@H](O)[C@H]3OC=O)c21,False,C14H16N4O8,368.0968,26
CC(=O)O[C@@H]1[C@H](O)[C@@H](C(C)O)O[C@H]1n1cnc2c(=O)[nH]c(=O)n(C=O)c21,False,C14H16N4O8,368.0968,26
CC(=O)n1c(=O)[nH]c(=O)c2ncn([C@@H]3O[C@H](C(C)O)[C@@H](O)[C@H]3OC=O)c21,False,C14H16N4O8,368.0968,26
CCC(=O)O[C@@H]1[C@H](O)[C@@H](CO)O[C@H]1n1cnc2c(=O)[nH]c(=O)n(C=O)c21,False,C14H16N4O8,368.0968,26
CC(=O)O[C@@H]1[C@@H]2OCC(O)n3c(=O)[nH]c(=O)c4ncn(c43)[C@@H]1O[C@@H]2CO,False,C14H16N4O8,368.0968,26
CC(O)O[C@@H]1[C@@H]2OCC(=O)n3c(=O)[nH]c(=O)c4ncn(c43)[C@@H]1O[C@@H]2CO,False,C14H16N4O8,368.0968,26
CC(=O)O[C@@H]1[C@H](O)[C@H]2COCC(O)n3c(=O)[nH]c(=O)c4ncn(c43)[C@@H]1O2,False,C14H16N4O8,368.0968,26
CC(O)O[C@@H]1[C@H](O)[C@H]2COCC(=O)n3c(=O)[nH]c(=O)c4ncn(c43)[C@@H]1O2,False,C14H16N4O8,368.0968,26
CC(=O)O[C@@H]1[C@@H]2O[C@]1(n1cnc3c(=O)[nH]c(=O)n(C(C)O)c31)O[C@@H]2CO,False,C14H16N4O8,368.0968,26
CC(=O)n1c(=O)[nH]c(=O)c2ncn([C@]34O[C@@H]([C@H]3OC(C)O)[C@@H](CO)O4)c21,False,C14H16N4O8,368.0968,26
CC(=O)O[C@@H]1[C@H](O)[C@H]2CO[C@]1(n1cnc3c(=O)[nH]c(=O)n(C(C)O)c31)O2,False,C14H16N4O8,368.0968,26
CC(=O)n1c(=O)[nH]c(=O)c2ncn([C@@]34OC[C@@H](O3)[C@@H](O)[C@H]4OC(C)O)c21,False,C14H16N4O8,368.0968,26
CC(=O)O[C@@H]1[C@@H]2Oc3nc4c(=O)[nH]c(=O)n(C(C)O)c4n3[C@@H]1O[C@@H]2CO,False,C14H16N4O8,368.0968,26
CC(=O)n1c(=O)[nH]c(=O)c2nc3n(c21)[C@@H]1O[C@H](CO)[C@@H](O3)[C@H]1OC(C)O,False,C14H16N4O8,368.0968,26
CC(=O)O[C@@H]1[C@H](O)[C@H]2COc3nc4c(=O)[nH]c(=O)n(C(C)O)c4n3[C@@H]1O2,False,C14H16N4O8,368.0968,26
CC(=O)n1c(=O)[nH]c(=O)c2nc3n(c21)[C@@H]1O[C@H](CO3)[C@@H](O)[C@H]1OC(C)O,False,C14H16N4O8,368.0968,26
CC(=O)O[C@@]12O[C@@H]1[C@@H](CO)O[C@H]2n1cnc2c(=O)[nH]c(=O)n(C(C)O)c21,False,C14H16N4O8,368.0968,26
CC(=O)n1c(=O)[nH]c(=O)c2ncn([C@@H]3O[C@H](CO)[C@H]4O[C@]43OC(C)O)c21,False,C14H16N4O8,368.0968,26
CC(=O)O[C@]12OC[C@@H](O[C@H]1n1cnc3c(=O)[nH]c(=O)n(C(C)O)c31)[C@H]2O,False,C14H16N4O8,368.0968,26
CC(=O)n1c(=O)[nH]c(=O)c2ncn([C@@H]3O[C@@H]4CO[C@]3(OC(C)O)[C@@H]4O)c21,False,C14H16N4O8,368.0968,26
CC(=O)O[C@H]1[C@H](n2cnc3c(=O)[nH]c(=O)n(C(C)O)c32)O[C@@H]2CO[C@]21O,False,C14H16N4O8,368.0968,26
CC(=O)n1c(=O)[nH]c(=O)c2ncn([C@@H]3O[C@@H]4CO[C@@]4(O)[C@H]3OC(C)O)c21,False,C14H16N4O8,368.0968,26
CC(=O)O[C@H]1[C@H](n2cnc3c(=O)[nH]c(=O)n(C(C)O)c32)O[C@]2(CO)O[C@@H]12,False,C14H16N4O8,368.0968,26
CC(=O)n1c(=O)[nH]c(=O)c2ncn([C@@H]3O[C@]4(CO)O[C@H]4[C@H]3OC(C)O)c21,False,C14H16N4O8,368.0968,26
CC(=O)O[C@H]1[C@H](n2cnc3c(=O)[nH]c(=O)n(C(C)O)c32)O[C@@]2(CO2)[C@H]1O,False,C14H16N4O8,368.0968,26
CC(=O)n1c(=O)[nH]c(=O)c2ncn([C@@H]3O[C@@]4(CO4)[C@@H](O)[C@H]3OC(C)O)c21,False,C14H16N4O8,368.0968,26
CC(=O)O[C@@H]1[C@@H]2OC(O)[C@H]2O[C@H]1n1cnc2c(=O)[nH]c(=O)n(C(C)O)c21,False,C14H16N4O8,368.0968,26
CC(=O)n1c(=O)[nH]c(=O)c2ncn([C@@H]3O[C@@H]4C(O)O[C@H]4[C@H]3OC(C)O)c21,False,C14H16N4O8,368.0968,26
CC(O)n1c(=O)[nH]c(=O)c2ncn([C@@H]3O[C@H](CO)[C@H]4OCC(=O)O[C@H]43)c21,False,C14H16N4O8,368.0968,26
CC(=O)n1c(=O)[nH]c(=O)c2ncn([C@@H]3O[C@H](CO)[C@H]4OCC(O)O[C@H]43)c21,False,C14H16N4O8,368.0968,26
CC(O)n1c(=O)[nH]c(=O)c2ncn([C@@H]3O[C@@H]4COCC(=O)O[C@@H]3[C@@H]4O)c21,False,C14H16N4O8,368.0968,26
CC(=O)n1c(=O)[nH]c(=O)c2ncn([C@@H]3O[C@@H]4COCC(O)O[C@@H]3[C@@H]4O)c21,False,C14H16N4O8,368.0968,26
CC(=O)O[C@@H]1[C@H](O)[C@@H](CO)O[C@H]1n1cnc2c(=O)[nH]c(=O)n(C(C)O)c21,False,C14H18N4O8,370.1125,26
CC(=O)n1c(=O)[nH]c(=O)c2ncn([C@@H]3O[C@H](CO)[C@@H](O)[C@H]3OC(C)O)c21,False,C14H18N4O8,370.1125,26
CCO[C@@H]1[C@H](O)[C@@H](CO)O[C@H]1n1cnc2c(=O)[nH]c(=O)n(C(C)=O)c21,False,C14H18N4O7,354.1175,25
CCC(=O)n1c(=O)[nH]c(=O)c2ncn([C@@H]3O[C@H](CO)[C@@H](O)[C@H]3OC(C)=O)c21,False,C15H18N4O8,382.1125,27
CCC(=O)O[C@@H]1[C@H](O)[C@@H](CO)O[C@H]1n1cnc2c(=O)[nH]c(=O)n(C(C)=O)c21,False,C15H18N4O8,382.1125,27
CC(=O)O[C@@H]1[C@H](O)[C@@H](CO)O[C@H]1n1cnc2c(=O)[nH]c(=O)n(C(C)(O)C#N)c21,False,C15H17N5O8,395.1077,28
CC(=O)n1c(=O)[nH]c(=O)c2ncn([C@@H]3O[C@H](CO)[C@@H](O)[C@H]3OC(C)(O)C#N)c21,False,C15H17N5O8,395.1077,28
CC(=O)O[C@@H]1[C@H](O)[C@@H](CO)O[C@H]1n1cnc2c(=O)[nH]c(=O)n(C(C)N)c21,False,C14H19N5O7,369.1284,26
CC(=O)n1c(=O)[nH]c(=O)c2ncn([C@@H]3O[C@H](CO)[C@@H](O)[C@H]3OC(C)N)c21,False,C14H19N5O7,369.1284,26
CC(=O)O[C@@H]1[C@H](O)[C@@H](CO)O[C@H]1n1cnc2c(=O)[nH]c(=O)n(C(=O)CO)c21,False,C14H16N4O9,384.0917,27
CC(=O)n1c(=O)[nH]c(=O)c2ncn([C@@H]3O[C@H](CO)[C@@H](O)[C@H]3OC(=O)CO)c21,False,C14H16N4O9,384.0917,27
COC(=O)n1c(=O)[nH]c(=O)c2ncn([C@@H]3O[C@H](CO)[C@@H](O)[C@H]3OC(C)=O)c21,False,C14H16N4O9,384.0917,27
COC(=O)O[C@@H]1[C@H](O)[C@@H](CO)O[C@H]1n1cnc2c(=O)[nH]c(=O)n(C(C)=O)c21,False,C14H16N4O9,384.0917,27
CC(=O)O[C@@H]1[C@H](O)[C@@H](CO)O[C@H]1n1cnc2c(=O)[nH]c(=O)n(C(O)CO)c21,False,C14H18N4O9,386.1074,27
CC(O)O[C@@H]1[C@H](O)[C@@H](CO)O[C@H]1n1cnc2c(=O)[nH]c(=O)n(C(=O)CO)c21,False,C14H18N4O9,386.1074,27
CC(O)n1c(=O)[nH]c(=O)c2ncn([C@@H]3O[C@H](CO)[C@@H](O)[C@H]3OC(=O)CO)c21,False,C14H18N4O9,386.1074,27
CC(=O)n1c(=O)[nH]c(=O)c2ncn([C@@H]3O[C@H](CO)[C@@H](O)[C@H]3OC(O)CO)c21,False,C14H18N4O9,386.1074,27
CC(=O)[C@@H]1[C@H](O)[C@@H](CO)O[C@H]1n1cnc2c(=O)[nH]c(=O)n(C(C)=O)c21,False,C14H16N4O7,352.1019,25
CC(=O)O[C@@H]1[C@H](O)[C@@H](CO)O[C@H]1n1cnc2c(=O)[nH]c(=O)n(C=O)c21,False,C13H14N4O8,354.0812,25
CC(=O)n1c(=O)[nH]c(=O)c2ncn([C@@H]3O[C@H](CO)[C@@H](O)[C@H]3OC=O)c21,False,C13H14N4O8,354.0812,25
CC(=O)O[C@@H]1[C@H](O)[C@@H](CO)O[C@]1(C)n1cnc2c(=O)[nH]c(=O)n(C(C)=O)c21,False,C15H18N4O8,382.1125,27
CC(=O)O[C@@H]1[C@H](O)[C@@H](CO)O[C@H]1n1c(C)nc2c(=O)[nH]c(=O)n(C(C)=O)c21,False,C15H18N4O8,382.1125,27
CC(=O)O[C@@]1(C)[C@H](O)[C@@H](CO)O[C@H]1n1cnc2c(=O)[nH]c(=O)n(C(C)=O)c21,False,C15H18N4O8,382.1125,27
CC(=O)O[C@H]1[C@H](n2cnc3c(=O)[nH]c(=O)n(C(C)=O)c32)O[C@H](CO)[C@]1(C)O,False,C15H18N4O8,382.1125,27
CC(=O)O[C@H]1[C@H](n2cnc3c(=O)[nH]c(=O)n(C(C)=O)c32)O[C@@](C)(CO)[C@H]1O,False,C15H18N4O8,382.1125,27
CC(=O)O[C@@H]1[C@H](O)[C@@H](C(C)O)O[C@H]1n1cnc2c(=O)[nH]c(=O)n(C(C)=O)c21,False,C15H18N4O8,382.1125,27
CCC(=O)n1c(=O)[nH]c2c(ncn2[C@@H]2O[C@H](CO)[C@@H](O)[C@H]2OC=O)c1=O,False,C14H16N4O8,368.0968,26
CC(=O)O[C@@H]1[C@H](O)[C@@H](CO)O[C@H]1n1c(C)nc2c(=O)n(C=O)c(=O)[nH]c21,False,C14H16N4O8,368.0968,26
CC(=O)n1c(=O)[nH]c2c(nc(C)n2[C@@H]2O[C@H](CO)[C@@H](O)[C@H]2OC=O)c1=O,False,C14H16N4O8,368.0968,26
CC(=O)O[C@@H]1[C@H](O)[C@@H](CO)O[C@]1(C)n1cnc2c(=O)n(C=O)c(=O)[nH]c21,False,C14H16N4O8,368.0968,26
CC(=O)n1c(=O)[nH]c2c(ncn2[C@@]2(C)O[C@H](CO)[C@@H](O)[C@H]2OC=O)c1=O,False,C14H16N4O8,368.0968,26
CC(=O)O[C@@]1(C)[C@H](O)[C@@H](CO)O[C@H]1n1cnc2c(=O)n(C=O)c(=O)[nH]c21,False,C14H16N4O8,368.0968,26
CC(=O)n1c(=O)[nH]c2c(ncn2[C@@H]2O[C@H](CO)[C@@H](O)[C@]2(C)OC=O)c1=O,False,C14H16N4O8,368.0968,26
CC(=O)O[C@H]1[C@H](n2cnc3c(=O)n(C=O)c(=O)[nH]c32)O[C@H](CO)[C@]1(C)O,False,C14H16N4O8,368.0968,26
CC(=O)n1c(=O)[nH]c2c(ncn2[C@@H]2O[C@H](CO)[C@](C)(O)[C@H]2OC=O)c1=O,False,C14H16N4O8,368.0968,26
CC(=O)O[C@H]1[C@H](n2cnc3c(=O)n(C=O)c(=O)[nH]c32)O[C@@](C)(CO)[C@H]1O,False,C14H16N4O8,368.0968,26
CC(=O)n1c(=O)[nH]c2c(ncn2[C@@H]2O[C@@](C)(CO)[C@@H](O)[C@H]2OC=O)c1=O,False,C14H16N4O8,368.0968,26
CC(=O)O[C@@H]1[C@H](O)[C@@H](C(C)O)O[C@H]1n1cnc2c(=O)n(C=O)c(=O)[nH]c21,False,C14H16N4O8,368.0968,26
CC(=O)n1c(=O)[nH]c2c(ncn2[C@@H]2O[C@H](C(C)O)[C@@H](O)[C@H]2OC=O)c1=O,False,C14H16N4O8,368.0968,26
CCC(=O)O[C@@H]1[C@H](O)[C@@H](CO)O[C@H]1n1cnc2c(=O)n(C=O)c(=O)[nH]c21,False,C14H16N4O8,368.0968,26
CC(=O)O[C@@H]1[C@@H]2OCC(O)n3c(=O)[nH]c4c(ncn4[C@@H]1O[C@@H]2CO)c3=O,False,C14H16N4O8,368.0968,26
CC(O)O[C@@H]1[C@@H]2OCC(=O)n3c(=O)[nH]c4c(ncn4[C@@H]1O[C@@H]2CO)c3=O,False,C14H16N4O8,368.0968,26
CC(=O)O[C@@H]1[C@H](O)[C@H]2COCC(O)n3c(=O)[nH]c4c(ncn4[C@@H]1O2)c3=O,False,C14H16N4O8,368.0968,26
CC(O)O[C@@H]1[C@H](O)[C@H]2COCC(=O)n3c(=O)[nH]c4c(ncn4[C@@H]1O2)c3=O,False,C14H16N4O8,368.0968,26
CC(=O)O[C@@H]1[C@@H]2Oc3nc4c(=O)n(C(C)O)c(=O)[nH]c4n3[C@@H]1O[C@@H]2CO,False,C14H16N4O8,368.0968,26
CC(=O)n1c(=O)[nH]c2c(nc3n2[C@@H]2O[C@H](CO)[C@@H](O3)[C@H]2OC(C)O)c1=O,False,C14H16N4O8,368.0968,26
CC(=O)O[C@@H]1[C@H](O)[C@H]2COc3nc4c(=O)n(C(C)O)c(=O)[nH]c4n3[C@@H]1O2,False,C14H16N4O8,368.0968,26
CC(=O)n1c(=O)[nH]c2c(nc3n2[C@@H]2O[C@H](CO3)[C@@H](O)[C@H]2OC(C)O)c1=O,False,C14H16N4O8,368.0968,26
CC(=O)O[C@@H]1[C@@H]2O[C@]1(n1cnc3c(=O)n(C(C)O)c(=O)[nH]c31)O[C@@H]2CO,False,C14H16N4O8,368.0968,26
CC(=O)n1c(=O)[nH]c2c(ncn2[C@]23O[C@@H]([C@H]2OC(C)O)[C@@H](CO)O3)c1=O,False,C14H16N4O8,368.0968,26
CC(=O)O[C@@H]1[C@H](O)[C@H]2CO[C@]1(n1cnc3c(=O)n(C(C)O)c(=O)[nH]c31)O2,False,C14H16N4O8,368.0968,26
CC(=O)n1c(=O)[nH]c2c(ncn2[C@@]23OC[C@@H](O2)[C@@H](O)[C@H]3OC(C)O)c1=O,False,C14H16N4O8,368.0968,26
CC(=O)O[C@@]12O[C@@H]1[C@@H](CO)O[C@H]2n1cnc2c(=O)n(C(C)O)c(=O)[nH]c21,False,C14H16N4O8,368.0968,26
CC(=O)n1c(=O)[nH]c2c(ncn2[C@@H]2O[C@H](CO)[C@H]3O[C@]32OC(C)O)c1=O,False,C14H16N4O8,368.0968,26
CC(=O)O[C@]12OC[C@@H](O[C@H]1n1cnc3c(=O)n(C(C)O)c(=O)[nH]c31)[C@H]2O,False,C14H16N4O8,368.0968,26
CC(=O)n1c(=O)[nH]c2c(ncn2[C@@H]2O[C@@H]3CO[C@]2(OC(C)O)[C@@H]3O)c1=O,False,C14H16N4O8,368.0968,26
CC(=O)O[C@H]1[C@H](n2cnc3c(=O)n(C(C)O)c(=O)[nH]c32)O[C@@H]2CO[C@]21O,False,C14H16N4O8,368.0968,26
CC(=O)n1c(=O)[nH]c2c(ncn2[C@@H]2O[C@@H]3CO[C@@]3(O)[C@H]2OC(C)O)c1=O,False,C14H16N4O8,368.0968,26
CC(=O)O[C@H]1[C@H](n2cnc3c(=O)n(C(C)O)c(=O)[nH]c32)O[C@]2(CO)O[C@@H]12,False,C14H16N4O8,368.0968,26
CC(=O)n1c(=O)[nH]c2c(ncn2[C@@H]2O[C@]3(CO)O[C@H]3[C@H]2OC(C)O)c1=O,False,C14H16N4O8,368.0968,26
CC(=O)O[C@H]1[C@H](n2cnc3c(=O)n(C(C)O)c(=O)[nH]c32)O[C@@]2(CO2)[C@H]1O,False,C14H16N4O8,368.0968,26
CC(=O)n1c(=O)[nH]c2c(ncn2[C@@H]2O[C@@]3(CO3)[C@@H](O)[C@H]2OC(C)O)c1=O,False,C14H16N4O8,368.0968,26
CC(=O)O[C@@H]1[C@@H]2OC(O)[C@H]2O[C@H]1n1cnc2c(=O)n(C(C)O)c(=O)[nH]c21,False,C14H16N4O8,368.0968,26
CC(=O)n1c(=O)[nH]c2c(ncn2[C@@H]2O[C@@H]3C(O)O[C@H]3[C@H]2OC(C)O)c1=O,False,C14H16N4O8,368.0968,26
CC(O)n1c(=O)[nH]c2c(ncn2[C@@H]2O[C@H](CO)[C@H]3OCC(=O)O[C@H]32)c1=O,False,C14H16N4O8,368.0968,26
CC(=O)n1c(=O)[nH]c2c(ncn2[C@@H]2O[C@H](CO)[C@H]3OCC(O)O[C@H]32)c1=O,False,C14H16N4O8,368.0968,26
CC(O)n1c(=O)[nH]c2c(ncn2[C@@H]2O[C@@H]3COCC(=O)O[C@@H]2[C@@H]3O)c1=O,False,C14H16N4O8,368.0968,26
CC(=O)n1c(=O)[nH]c2c(ncn2[C@@H]2O[C@@H]3COCC(O)O[C@@H]2[C@@H]3O)c1=O,False,C14H16N4O8,368.0968,26
CC(=O)O[C@@H]1[C@H](O)[C@@H](CO)O[C@H]1n1cnc2c(=O)n(C(C)O)c(=O)[nH]c21,False,C14H18N4O8,370.1125,26
CC(=O)n1c(=O)[nH]c2c(ncn2[C@@H]2O[C@H](CO)[C@@H](O)[C@H]2OC(C)O)c1=O,False,C14H18N4O8,370.1125,26
CCO[C@@H]1[C@H](O)[C@@H](CO)O[C@H]1n1cnc2c(=O)n(C(C)=O)c(=O)[nH]c21,False,C14H18N4O7,354.1175,25
CCC(=O)n1c(=O)[nH]c2c(ncn2[C@@H]2O[C@H](CO)[C@@H](O)[C@H]2OC(C)=O)c1=O,False,C15H18N4O8,382.1125,27
CCC(=O)O[C@@H]1[C@H](O)[C@@H](CO)O[C@H]1n1cnc2c(=O)n(C(C)=O)c(=O)[nH]c21,False,C15H18N4O8,382.1125,27
CC(=O)O[C@@H]1[C@H](O)[C@@H](CO)O[C@H]1n1cnc2c(=O)n(C(C)(O)C#N)c(=O)[nH]c21,False,C15H17N5O8,395.1077,28
CC(=O)n1c(=O)[nH]c2c(ncn2[C@@H]2O[C@H](CO)[C@@H](O)[C@H]2OC(C)(O)C#N)c1=O,False,C15H17N5O8,395.1077,28
CC(=O)O[C@@H]1[C@H](O)[C@@H](CO)O[C@H]1n1cnc2c(=O)n(C(C)N)c(=O)[nH]c21,False,C14H19N5O7,369.1284,26
CC(=O)n1c(=O)[nH]c2c(ncn2[C@@H]2O[C@H](CO)[C@@H](O)[C@H]2OC(C)N)c1=O,False,C14H19N5O7,369.1284,26
CC(=O)O[C@@H]1[C@H](O)[C@@H](CO)O[C@H]1n1cnc2c(=O)n(C(=O)CO)c(=O)[nH]c21,False,C14H16N4O9,384.0917,27
CC(=O)n1c(=O)[nH]c2c(ncn2[C@@H]2O[C@H](CO)[C@@H](O)[C@H]2OC(=O)CO)c1=O,False,C14H16N4O9,384.0917,27
COC(=O)n1c(=O)[nH]c2c(ncn2[C@@H]2O[C@H](CO)[C@@H](O)[C@H]2OC(C)=O)c1=O,False,C14H16N4O9,384.0917,27
COC(=O)O[C@@H]1[C@H](O)[C@@H](CO)O[C@H]1n1cnc2c(=O)n(C(C)=O)c(=O)[nH]c21,False,C14H16N4O9,384.0917,27
CC(=O)O[C@@H]1[C@H](O)[C@@H](CO)O[C@H]1n1cnc2c(=O)n(C(O)CO)c(=O)[nH]c21,False,C14H18N4O9,386.1074,27
CC(O)O[C@@H]1[C@H](O)[C@@H](CO)O[C@H]1n1cnc2c(=O)n(C(=O)CO)c(=O)[nH]c21,False,C14H18N4O9,386.1074,27
CC(O)n1c(=O)[nH]c2c(ncn2[C@@H]2O[C@H](CO)[C@@H](O)[C@H]2OC(=O)CO)c1=O,False,C14H18N4O9,386.1074,27
CC(=O)n1c(=O)[nH]c2c(ncn2[C@@H]2O[C@H](CO)[C@@H](O)[C@H]2OC(O)CO)c1=O,False,C14H18N4O9,386.1074,27
CC(=O)[C@@H]1[C@H](O)[C@@H](CO)O[C@H]1n1cnc2c(=O)n(C(C)=O)c(=O)[nH]c21,False,C14H16N4O7,352.1019,25
CC(=O)O[C@@H]1[C@H](O)[C@@H](CO)O[C@H]1n1cnc2c(=O)n(C=O)c(=O)[nH]c21,False,C13H14N4O8,354.0812,25
CC(=O)n1c(=O)[nH]c2c(ncn2[C@@H]2O[C@H](CO)[C@@H](O)[C@H]2OC=O)c1=O,False,C13H14N4O8,354.0812,25
CC(=O)O[C@@H]1[C@H](O)[C@@H](CO)O[C@H]1n1c(C)nc2c(=O)n(C(C)=O)c(=O)[nH]c21,False,C15H18N4O8,382.1125,27
CC(=O)O[C@@H]1[C@H](O)[C@@H](CO)O[C@]1(C)n1cnc2c(=O)n(C(C)=O)c(=O)[nH]c21,False,C15H18N4O8,382.1125,27
CC(=O)O[C@@]1(C)[C@H](O)[C@@H](CO)O[C@H]1n1cnc2c(=O)n(C(C)=O)c(=O)[nH]c21,False,C15H18N4O8,382.1125,27
CC(=O)O[C@H]1[C@H](n2cnc3c(=O)n(C(C)=O)c(=O)[nH]c32)O[C@H](CO)[C@]1(C)O,False,C15H18N4O8,382.1125,27
CC(=O)O[C@H]1[C@H](n2cnc3c(=O)n(C(C)=O)c(=O)[nH]c32)O[C@@](C)(CO)[C@H]1O,False,C15H18N4O8,382.1125,27
CC(=O)O[C@@H]1[C@H](O)[C@@H](C(C)O)O[C@H]1n1cnc2c(=O)n(C(C)=O)c(=O)[nH]c21,False,C15H18N4O8,382.1125,27
C[C@]1(OC=O)[C@H](O)[C@@H](CO)O[C@]1(C)n1cnc2c(=O)[nH]c(=O)[nH]c21,False,C13H16N4O7,340.1019,24
C[C@]1(O)[C@@H](CO)O[C@@H](n2cnc3c(=O)[nH]c(=O)[nH]c32)[C@@]1(C)OC=O,False,C13H16N4O7,340.1019,24
C[C@@]1(OC=O)[C@H](n2cnc3c(=O)[nH]c(=O)[nH]c32)O[C@@](C)(CO)[C@H]1O,False,C13H16N4O7,340.1019,24
Cc1nc2c(=O)[nH]c(=O)[nH]c2n1[C@@H]1O[C@H](CO)[C@@H](O)[C@]1(C)OC=O,False,C13H16N4O7,340.1019,24
CC(O)O[C@@]12CO[C@@H]1[C@@H](CO)O[C@H]2n1cnc2c(=O)[nH]c(=O)[nH]c21,False,C13H16N4O7,340.1019,24
CC(O)O[C@]12COC[C@@H](O[C@H]1n1cnc3c(=O)[nH]c(=O)[nH]c31)[C@H]2O,False,C13H16N4O7,340.1019,24
C[C@]12OC(O)CO[C@@H]1[C@@H](CO)O[C@H]2n1cnc2c(=O)[nH]c(=O)[nH]c21,False,C13H16N4O7,340.1019,24
C[C@@]12OC(O)COC[C@@H](O[C@H]1n1cnc3c(=O)[nH]c(=O)[nH]c31)[C@H]2O,False,C13H16N4O7,340.1019,24
C[C@]1(OC(=O)CC(=O)O)[C@H](O)[C@@H](CO)O[C@H]1n1cnc2c(=O)[nH]c(=O)[nH]c21,False,C14H16N4O9,384.0917,27
C[C@]1(OC(=O)CO)[C@H](O)[C@@H](CO)O[C@H]1n1cnc2c(=O)[nH]c(=O)[nH]c21,False,C13H16N4O8,356.0968,25
COC(=O)O[C@@]1(C)[C@H](O)[C@@H](CO)O[C@H]1n1cnc2c(=O)[nH]c(=O)[nH]c21,False,C13H16N4O8,356.0968,25
C[C@]1(OC(O)CO)[C@H](O)[C@@H](CO)O[C@H]1n1cnc2c(=O)[nH]c(=O)[nH]c21,False,C13H18N4O8,358.1125,25
CC[C@]1(OC(C)=O)[C@H](O)[C@@H](CO)O[C@H]1n1cnc2c(=O)[nH]c(=O)[nH]c21,False,C14H18N4O7,354.1175,25
CC(=O)O[C@@]1(C)[C@H](O)[C@@H](CO)O[C@]1(C)n1cnc2c(=O)[nH]c(=O)[nH]c21,False,C14H18N4O7,354.1175,25
CC(=O)O[C@]1(C)[C@H](n2cnc3c(=O)[nH]c(=O)[nH]c32)O[C@H](CO)[C@]1(C)O,False,C14H18N4O7,354.1175,25
CC(=O)O[C@]1(C)[C@H](n2cnc3c(=O)[nH]c(=O)[nH]c32)O[C@@](C)(CO)[C@H]1O,False,C14H18N4O7,354.1175,25
CC(=O)O[C@@]1(C)[C@H](O)[C@@H](CO)O[C@H]1n1c(C)nc2c(=O)[nH]c(=O)[nH]c21,False,C14H18N4O7,354.1175,25
CC(=O)O[C@@]1(C)[C@H](O)[C@@H](C(C)O)O[C@H]1n1cnc2c(=O)[nH]c(=O)[nH]c21,False,C14H18N4O7,354.1175,25
C[C@@]1(O)[C@@H](OC=O)[C@@](C)(n2cnc3c(=O)[nH]c(=O)[nH]c32)O[C@@H]1CO,False,C13H16N4O7,340.1019,24
Cc1nc2c(=O)[nH]c(=O)[nH]c2n1[C@@]1(C)O[C@H](CO)[C@@H](O)[C@H]1OC=O,False,C13H16N4O7,340.1019,24
C[C@]1(n2cnc3c(=O)[nH]c(=O)[nH]c32)O[C@@](C)(CO)[C@@H](O)[C@H]1OC=O,False,C13H16N4O7,340.1019,24
CC(O)O[C@@H]1[C@@H]2OC[C@]1(n1cnc3c(=O)[nH]c(=O)[nH]c31)O[C@@H]2CO,False,C13H16N4O7,340.1019,24
CC(O)O[C@@H]1[C@H](O)[C@H]2COC[C@]1(n1cnc3c(=O)[nH]c(=O)[nH]c31)O2,False,C13H16N4O7,340.1019,24
C[C@]1(n2cnc3c(=O)[nH]c(=O)[nH]c32)O[C@H](CO)[C@H]2OCC(O)O[C@H]21,False,C13H16N4O7,340.1019,24
C[C@]1(n2cnc3c(=O)[nH]c(=O)[nH]c32)O[C@@H]2COCC(O)O[C@@H]1[C@@H]2O,False,C13H16N4O7,340.1019,24
C[C@]1(n2cnc3c(=O)[nH]c(=O)[nH]c32)O[C@H](CO)[C@@H](O)[C@H]1OC(=O)CC(=O)O,False,C14H16N4O9,384.0917,27
C[C@]1(n2cnc3c(=O)[nH]c(=O)[nH]c32)O[C@H](CO)[C@@H](O)[C@H]1OC(=O)CO,False,C13H16N4O8,356.0968,25
COC(=O)O[C@@H]1[C@H](O)[C@@H](CO)O[C@]1(C)n1cnc2c(=O)[nH]c(=O)[nH]c21,False,C13H16N4O8,356.0968,25
C[C@]1(n2cnc3c(=O)[nH]c(=O)[nH]c32)O[C@H](CO)[C@@H](O)[C@H]1OC(O)CO,False,C13H18N4O8,358.1125,25
CC[C@]1(n2cnc3c(=O)[nH]c(=O)[nH]c32)O[C@H](CO)[C@@H](O)[C@H]1OC(C)=O,False,C14H18N4O7,354.1175,25
CC(=O)O[C@@H]1[C@@](C)(O)[C@@H](CO)O[C@]1(C)n1cnc2c(=O)[nH]c(=O)[nH]c21,False,C14H18N4O7,354.1175,25
CC(=O)O[C@@H]1[C@H](O)[C@@H](CO)O[C@]1(C)n1c(C)nc2c(=O)[nH]c(=O)[nH]c21,False,C14H18N4O7,354.1175,25
CC(=O)O[C@@H]1[C@H](O)[C@](C)(CO)O[C@]1(C)n1cnc2c(=O)[nH]c(=O)[nH]c21,False,C14H18N4O7,354.1175,25
CC(=O)O[C@@H]1[C@H](O)[C@@H](C(C)O)O[C@]1(C)n1cnc2c(=O)[nH]c(=O)[nH]c21,False,C14H18N4O7,354.1175,25
C[C@@]1(CO)O[C@@H](n2cnc3c(=O)[nH]c(=O)[nH]c32)[C@H](OC=O)[C@@]1(C)O,False,C13H16N4O7,340.1019,24
Cc1nc2c(=O)[nH]c(=O)[nH]c2n1[C@@H]1O[C@H](CO)[C@](C)(O)[C@H]1OC=O,False,C13H16N4O7,340.1019,24
CC(O)O[C@H]1[C@H](n2cnc3c(=O)[nH]c(=O)[nH]c32)O[C@H](CO)[C@@]12CO2,False,C13H16N4O7,340.1019,24
CC(O)O[C@H]1[C@H](n2cnc3c(=O)[nH]c(=O)[nH]c32)O[C@@H]2COC[C@]21O,False,C13H16N4O7,340.1019,24
C[C@@]12OCC(O)O[C@H]1[C@H](n1cnc3c(=O)[nH]c(=O)[nH]c31)O[C@@H]2CO,False,C13H16N4O7,340.1019,24
C[C@]1(O)[C@H]2COCC(O)O[C@H]1[C@H](n1cnc3c(=O)[nH]c(=O)[nH]c31)O2,False,C13H16N4O7,340.1019,24
C[C@]1(O)[C@@H](CO)O[C@@H](n2cnc3c(=O)[nH]c(=O)[nH]c32)[C@@H]1OC(=O)CC(=O)O,False,C14H16N4O9,384.0917,27
C[C@]1(O)[C@@H](CO)O[C@@H](n2cnc3c(=O)[nH]c(=O)[nH]c32)[C@@H]1OC(=O)CO,False,C13H16N4O8,356.0968,25
COC(=O)O[C@H]1[C@H](n2cnc3c(=O)[nH]c(=O)[nH]c32)O[C@H](CO)[C@]1(C)O,False,C13H16N4O8,356.0968,25
C[C@]1(O)[C@@H](CO)O[C@@H](n2cnc3c(=O)[nH]c(=O)[nH]c32)[C@@H]1OC(O)CO,False,C13H18N4O8,358.1125,25
CC[C@]1(O)[C@@H](CO)O[C@@H](n2cnc3c(=O)[nH]c(=O)[nH]c32)[C@@H]1OC(C)=O,False,C14H18N4O7,354.1175,25
CC(=O)O[C@H]1[C@H](n2cnc3c(=O)[nH]c(=O)[nH]c32)O[C@@](C)(CO)[C@]1(C)O,False,C14H18N4O7,354.1175,25
CC(=O)O[C@H]1[C@H](n2cnc3c(=O)[nH]c(=O)[nH]c32)O[C@H](C(C)O)[C@]1(C)O,False,C14H18N4O7,354.1175,25
CC(=O)O[C@H]1[C@H](n2c(C)nc3c(=O)[nH]c(=O)[nH]c32)O[C@H](CO)[C@]1(C)O,False,C14H18N4O7,354.1175,25
CC(=O)O[C@@H]1[C@H](O)[C@@H](C)O[C@]1(CO)n1cnc2c(=O)[nH]c(=O)[nH]c21,False,C13H16N4O7,340.1019,24
Cc1nc2c(=O)[nH]c(=O)[nH]c2n1[C@@H]1O[C@@](C)(CO)[C@@H](O)[C@H]1OC=O,False,C13H16N4O7,340.1019,24
CC(O)O[C@H]1[C@H](n2cnc3c(=O)[nH]c(=O)[nH]c32)O[C@]2(CO)CO[C@@H]12,False,C13H16N4O7,340.1019,24
CC(O)O[C@H]1[C@H](n2cnc3c(=O)[nH]c(=O)[nH]c32)OC2(COC2)[C@H]1O,False,C13H16N4O7,340.1019,24
C[C@@]1(CO)O[C@@H](n2cnc3c(=O)[nH]c(=O)[nH]c32)[C@@H]2OC(O)CO[C@@H]21,False,C13H16N4O7,340.1019,24
C[C@@]12COCC(O)O[C@@H]([C@H](n3cnc4c(=O)[nH]c(=O)[nH]c43)O1)[C@@H]2O,False,C13H16N4O7,340.1019,24
C[C@@]1(CO)O[C@@H](n2cnc3c(=O)[nH]c(=O)[nH]c32)[C@H](OC(=O)CC(=O)O)[C@@H]1O,False,C14H16N4O9,384.0917,27
C[C@@]1(CO)O[C@@H](n2cnc3c(=O)[nH]c(=O)[nH]c32)[C@H](OC(=O)CO)[C@@H]1O,False,C13H16N4O8,356.0968,25
COC(=O)O[C@H]1[C@H](n2cnc3c(=O)[nH]c(=O)[nH]c32)O[C@@](C)(CO)[C@H]1O,False,C13H16N4O8,356.0968,25
C[C@@]1(CO)O[C@@H](n2cnc3c(=O)[nH]c(=O)[nH]c32)[C@H](OC(O)CO)[C@@H]1O,False,C13H18N4O8,358.1125,25
CC[C@@]1(CO)O[C@@H](n2cnc3c(=O)[nH]c(=O)[nH]c32)[C@H](OC(C)=O)[C@@H]1O,False,C14H18N4O7,354.1175,25
CC(=O)O[C@H]1[C@H](n2cnc3c(=O)[nH]c(=O)[nH]c32)O[C@@](C)(C(C)O)[C@H]1O,False,C14H18N4O7,354.1175,25
CC(=O)O[C@H]1[C@H](n2c(C)nc3c(=O)[nH]c(=O)[nH]c32)O[C@@](C)(CO)[C@H]1O,False,C14H18N4O7,354.1175,25
CC(O)O[C@@H]1[C@@H]2OCc3nc4c(=O)[nH]c(=O)[nH]c4n3[C@@H]1O[C@@H]2CO,False,C13H16N4O7,340.1019,24
CC(O)O[C@@H]1[C@H](O)[C@H]2COCc3nc4c(=O)[nH]c(=O)[nH]c4n3[C@@H]1O2,False,C13H16N4O7,340.1019,24
Cc1nc2c(=O)[nH]c(=O)[nH]c2n1[C@@H]1O[C@H](CO)[C@H]2OCC(O)O[C@H]21,False,C13H16N4O7,340.1019,24
Cc1nc2c(=O)[nH]c(=O)[nH]c2n1[C@@H]1O[C@@H]2COCC(O)O[C@@H]1[C@@H]2O,False,C13H16N4O7,340.1019,24
Cc1nc2c(=O)[nH]c(=O)[nH]c2n1[C@@H]1O[C@H](CO)[C@@H](O)[C@H]1OC(=O)CC(=O)O,False,C14H16N4O9,384.0917,27
Cc1nc2c(=O)[nH]c(=O)[nH]c2n1[C@@H]1O[C@H](CO)[C@@H](O)[C@H]1OC(=O)CO,False,C13H16N4O8,356.0968,25
COC(=O)O[C@@H]1[C@H](O)[C@@H](CO)O[C@H]1n1c(C)nc2c(=O)[nH]c(=O)[nH]c21,False,C13H16N4O8,356.0968,25
Cc1nc2c(=O)[nH]c(=O)[nH]c2n1[C@@H]1O[C@H](CO)[C@@H](O)[C@H]1OC(O)CO,False,C13H18N4O8,358.1125,25
CCc1nc2c(=O)[nH]c(=O)[nH]c2n1[C@@H]1O[C@H](CO)[C@@H](O)[C@H]1OC(C)=O,False,C14H18N4O7,354.1175,25
CC(=O)O[C@@H]1[C@H](O)[C@@H](C(C)O)O[C@H]1n1c(C)nc2c(=O)[nH]c(=O)[nH]c21,False,C14H18N4O7,354.1175,25
CC(O)O[C@@H]1[C@H](O)[C@@H](C2CO2)O[C@H]1n1cnc2c(=O)[nH]c(=O)[nH]c21,False,C13H16N4O7,340.1019,24
CC(O)O[C@@H]1[C@@H]2OCC(O)[C@H]2O[C@H]1n1cnc2c(=O)[nH]c(=O)[nH]c21,False,C13H16N4O7,340.1019,24
CC1OCC(O)O[C@@H]2[C@H](O)[C@@H]1O[C@H]2n1cnc2c(=O)[nH]c(=O)[nH]c21,False,C13H16N4O7,340.1019,24
CC(O)[C@H]1O[C@@H](n2cnc3c(=O)[nH]c(=O)[nH]c32)[C@@H]2OC(O)CO[C@@H]21,False,C13H16N4O7,340.1019,24
CC(=O)O[C@@H]1[C@H](O)[C@@H](C(C)(C)O)O[C@H]1n1cnc2c(=O)[nH]c(=O)[nH]c21,False,C14H18N4O7,354.1175,25
CCC(O)[C@H]1O[C@@H](n2cnc3c(=O)[nH]c(=O)[nH]c32)[C@H](OC(C)=O)[C@@H]1O,False,C14H18N4O7,354.1175,25
CC(O)[C@H]1O[C@@H](n2cnc3c(=O)[nH]c(=O)[nH]c32)[C@H](OC(=O)CC(=O)O)[C@@H]1O,False,C14H16N4O9,384.0917,27
CC(=O)O[C@@H]1[C@H](O)[C@@H](C(C)(O)C(=O)O)O[C@H]1n1cnc2c(=O)[nH]c(=O)[nH]c21,False,C14H16N4O9,384.0917,27
CC(=O)O[C@@H]1[C@H](O)[C@@H](C(O)CC(=O)O)O[C@H]1n1cnc2c(=O)[nH]c(=O)[nH]c21,False,C14H16N4O9,384.0917,27
CC(=O)O[C@@H]1[C@H](O)[C@@H](C(C)Cl)O[C@H]1n1cnc2c(=O)[nH]c(=O)[nH]c21,False,C13H15ClN4O6,358.068,24
CC(=O)O[C@@H]1[C@H](O)[C@@H](C(C)(O)O)O[C@H]1n1cnc2c(=O)[nH]c(=O)[nH]c21,False,C13H16N4O8,356.0968,25
CC(=O)O[C@@H]1[C@H](O)[C@@H](C(O)CO)O[C@H]1n1cnc2c(=O)[nH]c(=O)[nH]c21,False,C13H16N4O8,356.0968,25
CC(O)[C@H]1O[C@@H](n2cnc3c(=O)[nH]c(=O)[nH]c32)[C@H](OC(=O)CO)[C@@H]1O,False,C13H16N4O8,356.0968,25
COC(=O)O[C@@H]1[C@H](O)[C@@H](C(C)O)O[C@H]1n1cnc2c(=O)[nH]c(=O)[nH]c21,False,C13H16N4O8,356.0968,25
CC(O)O[C@@H]1[C@H](O)[C@@H](C(C)(O)O)O[C@H]1n1cnc2c(=O)[nH]c(=O)[nH]c21,False,C13H18N4O8,358.1125,25
CC(O)O[C@@H]1[C@H](O)[C@@H](C(O)CO)O[C@H]1n1cnc2c(=O)[nH]c(=O)[nH]c21,False,C13H18N4O8,358.1125,25
CC(O)[C@H]1O[C@@H](n2cnc3c(=O)[nH]c(=O)[nH]c32)[C@H](OC(O)CO)[C@@H]1O,False,C13H18N4O8,358.1125,25
CC(O)[C@H]1O[C@@H](n2cnc3c(=O)[nH]c(=O)[nH]c32)[C@H](OC(C)(C)O)[C@@H]1O,False,C14H20N4O7,356.1332,25
O=c1[nH]c(=O)c2ncn([C@@H]3OC[C@@H](OP(=O)(O)O)[C@H]3O)c2[nH]1,False,C9H11N4O8P,334.0314,22
O=c1[nH]c(=O)c2ncn([C@@H]3OC[C@@H](O)[C@H]3OP(=O)(O)O)c2[nH]1,False,C9H11N4O8P,334.0314,22
O=c1[nH]c(=O)c2ncn([C@@H]3OC[C@@H](OS(=O)(=O)O)[C@H]3O)c2[nH]1,False,C9H10N4O8S,334.0219,22
O=c1[nH]c(=O)c2ncn([C@@H]3OC[C@@H](O)[C@H]3OS(=O)(=O)O)c2[nH]1,False,C9H10N4O8S,334.0219,22
COC1O[C@]12O[C@@H](n1cnc3c(=O)[nH]c(=O)[nH]c31)[C@H](O)[C@@H]2O,False,C11H12N4O7,312.0706,22
CC(=O)OC1O[C@]12O[C@@H](n1cnc3c(=O)[nH]c(=O)[nH]c31)[C@H](O)[C@@H]2O,False,C12H12N4O8,340.0655,24
O=c1[nH]c(=O)c2ncn([C@@H]3O[C@@](O)(C(O)O)[C@@H](O)[C@H]3O)c2[nH]1,False,C10H12N4O8,316.0655,22
O=c1[nH]c(=O)c2ncn([C@@H]3O[C@@H]4O[C@]4(C(O)O)[C@H]3O)c2[nH]1,False,C10H10N4O7,298.0549,21
O=c1[nH]c(=O)c2ncn([C@@H]3O[C@@H]4O[C@H]4[C@@]3(O)C(O)O)c2[nH]1,False,C10H10N4O7,298.0549,21
O=c1[nH]c(=O)c2ncn([C@@]3(C(O)O)O[C@@H]4O[C@H]4[C@H]3O)c2[nH]1,False,C10H10N4O7,298.0549,21
O=c1[nH]c(=O)c2nc(C(O)O)n([C@@H]3O[C@@H]4O[C@H]4[C@H]3O)c2[nH]1,False,C10H10N4O7,298.0549,21
O=c1[nH]c(=O)c2ncn([C@@H]3OC(C(O)O)=C[C@H]3O)c2[nH]1,False,C10H10N4O6,282.06,20
O=c1[nH]c(=O)c2ncn([C@@H]3O[C@@H]4O[C@@H]3[C@]4(O)C(O)O)c2[nH]1,False,C10H10N4O7,298.0549,21
O=c1[nH]c(=O)c2ncn([C@@H]3O[C@@H]4O[C@@]3(C(O)O)[C@@H]4O)c2[nH]1,False,C10H10N4O7,298.0549,21
O=c1[nH]c(=O)c2ncn([C@@]3(C(O)O)O[C@@H]4O[C@@H]3[C@@H]4O)c2[nH]1,False,C10H10N4O7,298.0549,21
O=c1[nH]c(=O)c2nc(C(O)O)n([C@@H]3O[C@@H]4O[C@@H]3[C@@H]4O)c2[nH]1,False,C10H10N4O7,298.0549,21
COC1O[C@]2(O)[C@@H]1O[C@@H](n1cnc3c(=O)[nH]c(=O)[nH]c31)[C@@H]2O,False,C11H12N4O7,312.0706,22
CC(=O)OC1O[C@]2(O)[C@@H]1O[C@@H](n1cnc3c(=O)[nH]c(=O)[nH]c31)[C@@H]2O,False,C12H12N4O8,340.0655,24
O=c1[nH]c(=O)c2ncn([C@@H]3OC[C@@]4(O)O[C@]34C(O)O)c2[nH]1,False,C10H10N4O7,298.0549,21
O=c1[nH]c(=O)c2nc(C(O)O)n([C@@H]3OC[C@@]4(O)O[C@@H]34)c2[nH]1,False,C10H10N4O7,298.0549,21
O=c1[nH]c(=O)c2ncn([C@@H]3O[C@H](C(O)O)C(O)(O)[C@H]3O)c2[nH]1,False,C10H12N4O8,316.0655,22
COC1O[C@]2(O)[C@H](O)[C@@H]1O[C@H]2n1cnc2c(=O)[nH]c(=O)[nH]c21,False,C11H12N4O7,312.0706,22
CC(=O)OC1O[C@]2(O)[C@H](O)[C@@H]1O[C@H]2n1cnc2c(=O)[nH]c(=O)[nH]c21,False,C12H12N4O8,340.0655,24
O=c1[nH]c(=O)c2ncn([C@@H]3OC[C@]4(C(O)O)O[C@@]34O)c2[nH]1,False,C10H10N4O7,298.0549,21
O=c1[nH]c(=O)c2nc(C(O)O)n([C@@H]3OC[C@H]4O[C@]43O)c2[nH]1,False,C10H10N4O7,298.0549,21
O=c1[nH]c(=O)c2ncn([C@@H]3O[C@H](C(O)O)[C@@H](O)C3(O)O)c2[nH]1,False,C10H12N4O8,316.0655,22
O=C[C@H]1O[C@](O)(n2cnc3c(=O)[nH]c(=O)[nH]c32)[C@H](O)[C@@H]1O,False,C10H10N4O7,298.0549,21
COC1O[C@]2(n3cnc4c(=O)[nH]c(=O)[nH]c43)O[C@H]1[C@@H](O)[C@H]2O,False,C11H12N4O7,312.0706,22
O=C1O[C@]2(n3cnc4c(=O)[nH]c(=O)[nH]c43)O[C@H]1[C@@H](O)[C@H]2O,False,C10H8N4O7,296.0393,21
CC(=O)OC1O[C@]2(n3cnc4c(=O)[nH]c(=O)[nH]c43)O[C@H]1[C@@H](O)[C@H]2O,False,C12H12N4O8,340.0655,24
O=c1[nH]c(=O)c2ncn([C@@]34OC(F)[C@@H](O3)[C@@H](O)[C@H]4O)c2[nH]1,False,C10H9FN4O6,300.0506,21
O=c1[nH]c(=O)c2ncn([C@]34OC[C@@H](O3)[C@@]4(O)C(O)O)c2[nH]1,False,C10H10N4O7,298.0549,21
O=c1[nH]c(=O)c2ncn([C@]34OC[C@](C(O)O)(O3)[C@H]4O)c2[nH]1,False,C10H10N4O7,298.0549,21
O=c1[nH]c(=O)c2nc(C(O)O)n([C@]34OC[C@@H](O3)[C@H]4O)c2[nH]1,False,C10H10N4O7,298.0549,21
O=c1[nH]c(=O)c2ncn([C@@]34OC[C@@H](O)[C@]3(C(O)O)O4)c2[nH]1,False,C10H10N4O7,298.0549,21
O=c1[nH]c(=O)c2ncn([C@@]34OC[C@@](O)(C(O)O)[C@H]3O4)c2[nH]1,False,C10H10N4O7,298.0549,21
O=c1[nH]c(=O)c2nc(C(O)O)n([C@@]34OC[C@@H](O)[C@H]3O4)c2[nH]1,False,C10H10N4O7,298.0549,21
O=c1[nH]c(=O)c2ncn([C@@]3(O)O[C@H](C(O)O)[C@@H](O)[C@H]3O)c2[nH]1,False,C10H12N4O8,316.0655,22
COC1Oc2nc3c(=O)[nH]c(=O)[nH]c3n2[C@@H]2O[C@H]1[C@@H](O)[C@H]2O,False,C11H12N4O7,312.0706,22
CC(=O)OC1Oc2nc3c(=O)[nH]c(=O)[nH]c3n2[C@@H]2O[C@H]1[C@@H](O)[C@H]2O,False,C12H12N4O8,340.0655,24
O=c1[nH]c(=O)c2nc3n(c2[nH]1)[C@@H]1OC[C@@H](O3)[C@@]1(O)C(O)O,False,C10H10N4O7,298.0549,21
O=c1[nH]c(=O)c2nc3n(c2[nH]1)[C@@H]1OC[C@](C(O)O)(O3)[C@H]1O,False,C10H10N4O7,298.0549,21
O=c1[nH]c(=O)c2nc3n(c2[nH]1)[C@@H]1OC[C@@H](O)[C@]1(C(O)O)O3,False,C10H10N4O7,298.0549,21
O=c1[nH]c(=O)c2nc3n(c2[nH]1)[C@@H]1OC[C@@](O)(C(O)O)[C@H]1O3,False,C10H10N4O7,298.0549,21
N#C[C@@]1(C(O)O)O[C@@H](n2cnc3c(=O)[nH]c(=O)[nH]c32)[C@H](O)[C@@H]1O,False,C11H11N5O7,325.0658,23
N#C[C@]1(O)[C@@H](C(O)O)O[C@@H](n2cnc3c(=O)[nH]c(=O)[nH]c32)[C@@H]1O,False,C11H11N5O7,325.0658,23
N#C[C@]1(O)[C@H](O)[C@@H](C(O)O)O[C@H]1n1cnc2c(=O)[nH]c(=O)[nH]c21,False,C11H11N5O7,325.0658,23
N#C[C@]1(n2cnc3c(=O)[nH]c(=O)[nH]c32)O[C@H](C(O)O)[C@@H](O)[C@H]1O,False,C11H11N5O7,325.0658,23
N#Cc1nc2c(=O)[nH]c(=O)[nH]c2n1[C@@H]1O[C@H](C(O)O)[C@@H](O)[C@H]1O,False,C11H11N5O7,325.0658,23
N#CC(=O)O,False,C2HNO2,71.0007,5
N#CC(O)(Cl)[C@H]1O[C@@H](n2cnc3c(=O)[nH]c(=O)[nH]c32)[C@H](O)[C@@H]1O,False,C11H10ClN5O6,343.032,23
NC(=O)C(O)(O)[C@H]1O[C@@H](n2cnc3c(=O)[nH]c(=O)[nH]c32)[C@H](O)[C@@H]1O,False,C11H13N5O8,343.0764,24
O=c1[nH]c(=O)c2ncn([C@@H]3O[C@H](C(O)(O)C=NO)[C@@H](O)[C@H]3O)c2[nH]1,False,C11H13N5O8,343.0764,24
O=C(O)C(O)(O)[C@H]1O[C@@H](n2cnc3c(=O)[nH]c(=O)[nH]c32)[C@H](O)[C@@H]1O,False,C11H12N4O9,344.0604,24
N#CC(O)(O)[C@]1(C#N)O[C@@H](n2cnc3c(=O)[nH]c(=O)[nH]c32)[C@H](O)[C@@H]1O,False,C12H10N6O7,350.0611,25
N#CC(O)(O)[C@H]1O[C@@H](n2cnc3c(=O)[nH]c(=O)[nH]c32)[C@H](O)[C@]1(O)C#N,False,C12H10N6O7,350.0611,25
N#CC(O)(O)[C@H]1O[C@@H](n2cnc3c(=O)[nH]c(=O)[nH]c32)[C@](O)(C#N)[C@@H]1O,False,C12H10N6O7,350.0611,25
N#CC(O)(O)[C@H]1O[C@](C#N)(n2cnc3c(=O)[nH]c(=O)[nH]c32)[C@H](O)[C@@H]1O,False,C12H10N6O7,350.0611,25
N#Cc1nc2c(=O)[nH]c(=O)[nH]c2n1[C@@H]1O[C@H](C(O)(O)C#N)[C@@H](O)[C@H]1O,False,C12H10N6O7,350.0611,25
O=C1NC2=NC(=O)[C@H]3O[C@H]([C@H](O)[C@@H]3O)n3cnc2c3N1,False,C10H9N5O5,279.0604,20
O=C1NC2=NC(=O)[C@H]3O[C@H]([C@H](O)[C@@H]3O)n3cnc1c3N2,False,C10H9N5O5,279.0604,20
NC(O)[C@]12O[C@@H](n3cnc4c(=O)[nH]c(=O)[nH]c43)[C@H](O)[C@@H]1O2,False,C10H11N5O6,297.0709,21
NC(O)[C@]12O[C@@H]([C@H](n3cnc4c(=O)[nH]c(=O)[nH]c43)O1)[C@@H]2O,False,C10H11N5O6,297.0709,21
NC(O)[C@H]1O[C@@H](n2cnc3c(=O)[nH]c(=O)[nH]c32)[C@@H]2O[C@]12O,False,C10H11N5O6,297.0709,21
NC(O)[C@H]1O[C@@H](n2cnc3c(=O)[nH]c(=O)[nH]c32)[C@]2(O)O[C@H]12,False,C10H11N5O6,297.0709,21
NC(O)[C@H]1O[C@@]2(n3cnc4c(=O)[nH]c(=O)[nH]c43)O[C@H]1[C@H]2O,False,C10H11N5O6,297.0709,21
NC(O)[C@H]1O[C@@]2(n3cnc4c(=O)[nH]c(=O)[nH]c43)O[C@@H]2[C@@H]1O,False,C10H11N5O6,297.0709,21
NC(O)[C@H]1O[C@@H]2[C@H](O)[C@@H]1Oc1nc3c(=O)[nH]c(=O)[nH]c3n12,False,C10H11N5O6,297.0709,21
NC(O)[C@H]1O[C@@H]2[C@H](Oc3nc4c(=O)[nH]c(=O)[nH]c4n32)[C@@H]1O,False,C10H11N5O6,297.0709,21
NC(=O)[C@H]1O[C@@H](n2cnc3c(=O)[nH]c(=O)[nH]c32)[C@H](O)[C@@H]1OP(=O)(O)O,False,C10H12N5O9P,377.0373,25
NC(=O)[C@H]1O[C@@H](n2cnc3c(=O)[nH]c(=O)[nH]c32)[C@H](OP(=O)(O)O)[C@@H]1O,False,C10H12N5O9P,377.0373,25
NC(O)[C@H]1O[C@@H](n2cnc3c(=O)[nH]c(=O)[nH]c32)[C@H](O)[C@@H]1O,False,C10H13N5O6,299.0866,21
NC(=O)[C@H]1O[C@@H](n2cnc3c(=O)[nH]c(=O)[nH]c32)[C@H](O)[C@@H]1OS(=O)(=O)O,False,C10H11N5O9S,377.0277,25
NC(=O)[C@H]1O[C@@H](n2cnc3c(=O)[nH]c(=O)[nH]c32)[C@H](OS(=O)(=O)O)[C@@H]1O,False,C10H11N5O9S,377.0277,25
CNC(=O)[C@H]1O[C@@H](n2cnc3c(=O)[nH]c(=O)[nH]c32)[C@H](O)[C@@H]1O,False,C11H13N5O6,311.0866,22
N#CC(N)(O)[C@H]1O[C@@H](n2cnc3c(=O)[nH]c(=O)[nH]c32)[C@H](O)[C@@H]1O,False,C11H12N6O6,324.0818,23
