SMILES,Is_Starter,MolFormula,MolWeight,NumHeavyAtoms
C1=NC(=C2C(=N1)N(C=N2)[C@H]3[C@@H]([C@@H]([C@H](O3)CO)O)O)N,True,C10H13N5O4,267.0968,19
Nc1ncnc2c1ncn2[C@@H]1O[C@H](COP(=O)(O)OP(=O)(O)OP(=O)(O)O)[C@@H](O)[C@H]1O,False,C10H16N5O13P3,506.9957,31
Nc1ncnc2c1ncn2[C@@H]1O[C@H](COP(=O)(O)O)[C@@H](O)[C@H]1O,False,C10H14N5O7P,347.0631,23
Cc1cc2nc3c(=O)[nH]c(=O)nc-3n(C[C@H](O)[C@H](O)[C@H](O)COP(=O)(O)OP(=O)(O)OC[C@H]3O[C@@H](n4cnc5c(N)ncnc54)[C@H](O)[C@@H]3O)c2cc1C,False,C27H33N9O15P2,785.1571,53
Cc1cc2c(cc1C)N(C[C@H](O)[C@H](O)[C@H](O)COP(=O)(O)OP(=O)(O)OC[C@H]1O[C@@H](n3cnc4c(N)ncnc43)[C@H](O)[C@@H]1O)c1[nH]c(=O)[nH]c(=O)c1N2,False,C27H35N9O15P2,787.1728,53
Nc1ncnc2c1ncn2[C@@H]1O[C@H](COP(=O)(O)OP(=O)(O)O)[C@@H](O)[C@H]1O,False,C10H15N5O10P2,427.0294,27
NC(=O)c1ccc[n+]([C@@H]2O[C@H](COP(=O)(O)OP(=O)(O)OC[C@H]3O[C@@H](n4cnc5c(N)ncnc54)[C@H](OP(=O)(O)O)[C@@H]3O)[C@@H](O)[C@H]2O)c1,False,C21H29N7O17P3+,744.0827,48
NC(=O)C1=CN([C@@H]2O[C@H](COP(=O)(O)OP(=O)(O)OC[C@H]3O[C@@H](n4cnc5c(N)ncnc54)[C@H](OP(=O)(O)O)[C@@H]3O)[C@@H](O)[C@H]2O)C=CC1,False,C21H30N7O17P3,745.0911,48
Nc1ncnc2c1ncn2[C@@H]1O[C@H](COP(=O)(O)OS(=O)(=O)O)[C@@H](OP(=O)(O)O)[C@H]1O,False,C10H15N5O13P2S,506.9862,31
Nc1ncnc2c1ncn2[C@@H]1O[C@H](COP(=O)(O)O)[C@@H](OP(=O)(O)O)[C@H]1O,False,C10H15N5O10P2,427.0294,27
C[S+](CC[C@H](N)C(=O)O)C[C@H]1O[C@@H](n2cnc3c(N)ncnc32)[C@H](O)[C@@H]1O,False,C15H23N6O5S+,399.1445,27
Nc1ncnc2c1ncn2[C@@H]1O[C@H](CSCC[C@H](N)C(=O)O)[C@@H](O)[C@H]1O,False,C14H20N6O5S,384.1216,26
O=c1ccn([C@@H]2O[C@H](COP(=O)(O)OP(=O)(O)O[C@H]3O[C@H](CO)[C@@H](O)[C@H](O)[C@H]3O)[C@@H](O)[C@H]2O)c(=O)[nH]1,False,C15H24N2O17P2,566.055,36
O=c1ccn([C@@H]2O[C@H](COP(=O)(O)OP(=O)(O)O)[C@@H](O)[C@H]2O)c(=O)[nH]1,False,C9H14N2O12P2,404.0022,25
*c1c(*)c(O)c(*)c(*)c1O,False,C6H2*4O2,106.0055,8
*C1=C(*)C(=O)C(*)=C(*)C1=O,False,C6*4O2,103.9898,8
CC(C)=CCOP(=O)(O)OP(=O)(O)O,False,C5H12O7P2,246.0058,14
O=P(O)(O)OP(=O)(O)O,False,H4O7P2,177.9432,9
*C(=O)CC[C@H](NC(=O)c1ccc(N(C=O)C[C@H]2CNc3nc(N)[nH]c(=O)c3N2)cc1)C(=O)O,False,C20H22*N7O6,456.1632,33
*C(=O)CC[C@H](NC(=O)c1ccc(NC[C@H]2CNc3nc(N)[nH]c(=O)c3N2)cc1)C(=O)O,False,C19H22*N7O5,428.1682,31
[O]C1=C(O)C(=O)O[C@@H]1[C@@H](O)CO,False,C6H7O6,175.0243,12
O=C1O[C@H]([C@@H](O)CO)C(O)=C1O,False,C6H8O6,176.0321,12
*C(=O)[C@H](C)OP(=O)(O)OC[C@@H](O)[C@@H](O)[C@@H](O)Cn1c2nc(=O)[nH]c(=O)c-2cc2ccc(O)cc21,False,C19H21*N3O11P,498.0914,34
*C(=O)[C@H](C)OP(=O)(O)OC[C@@H](O)[C@@H](O)[C@@H](O)CN1c2cc(O)ccc2Cc2c1[nH]c(=O)[nH]c2=O,False,C19H23*N3O11P,500.107,34
CC(=O)SCCNC(=O)CCNC(=O)[C@H](O)C(C)(C)COP(=O)(O)OP(=O)(O)OC[C@H]1O[C@@H](n2cnc3c(N)ncnc32)[C@H](O)[C@@H]1OP(=O)(O)O,False,C23H38N7O17P3S,809.1258,51
C#[O+],False,CHO+,29.0022,2
O=C=O,False,CO2,43.9898,3
O=C(O)O,False,CH2O3,62.0004,4
CC(C)(COP(=O)(O)OP(=O)(O)OC[C@H]1O[C@@H](n2cnc3c(N)ncnc32)[C@H](O)[C@@H]1OP(=O)(O)O)[C@@H](O)C(=O)NCCC(=O)NCCS,False,C21H36N7O16P3S,767.1152,48
[H+],False,H+,1.0073,0
OO,False,H2O2,34.0055,2
Br,False,HBr,79.9262,1
C#N,False,CHN,27.0109,2
Cl,False,HCl,35.9767,1
F,False,HF,20.0062,1
I,False,HI,127.9123,1
N,False,H3N,17.0265,1
O=O,False,O2,31.9898,2
O=P(O)(O)O,False,H3O4P,97.9769,5
O=S(=O)(O)O,False,H2O4S,97.9674,5
O=S(O)O,False,H2O3S,81.9725,4
O,False,H2O,18.0106,1
Nc1ncnc2c1ncn2[C@@H]1O[C@H](CO)[C@@H](O)[C@H]1O,False,C10H13N5O4,267.0968,19
Nc1ncnc2c1ncn2[C@@]1(CO)OC[C@@H](O)[C@H]1O,False,C10H13N5O4,267.0968,19
Nc1ncnc2c1ncn2[C@@H]1O[C@H](C=O)[C@@H](O)[C@H]1O,False,C10H11N5O4,265.0811,19
COC[C@H]1O[C@@H](n2cnc3c(N)ncnc32)[C@H](O)[C@@H]1O,False,C11H15N5O4,281.1124,20
CO[C@H]1[C@@H](O)[C@H](n2cnc3c(N)ncnc32)O[C@@H]1CO,False,C11H15N5O4,281.1124,20
CO[C@@H]1[C@H](O)[C@@H](CO)O[C@H]1n1cnc2c(N)ncnc21,False,C11H15N5O4,281.1124,20
CC(=O)Nc1ncnc2c1ncn2[C@@H]1O[C@H](CO)[C@@H](O)[C@H]1O,False,C12H15N5O5,309.1073,22
CC(=O)OC[C@H]1O[C@@H](n2cnc3c(N)ncnc32)[C@H](O)[C@@H]1O,False,C12H15N5O5,309.1073,22
CC(=O)O[C@H]1[C@@H](O)[C@H](n2cnc3c(N)ncnc32)O[C@@H]1CO,False,C12H15N5O5,309.1073,22
CC(=O)O[C@@H]1[C@H](O)[C@@H](CO)O[C@H]1n1cnc2c(N)ncnc21,False,C12H15N5O5,309.1073,22
C[C@H]1O[C@@H](n2cnc3c(N)ncnc32)[C@H](O)[C@@H]1O,False,C10H13N5O3,251.1018,18
Nc1ncnc2c1ncn2[C@@H]1O[C@H](C(=O)O)[C@@H](O)[C@H]1O,False,C10H11N5O5,281.076,20
Nc1ncnc2c1ncn2[C@@H]1OC(CO)[C@@H](O)[C@H]1O,False,C10H13N5O4,267.0968,19
Nc1ncnc2c1ncn2[C@@]1(C=O)OC[C@@H](O)[C@H]1O,False,C10H11N5O4,265.0811,19
COC[C@]1(n2cnc3c(N)ncnc32)OC[C@@H](O)[C@H]1O,False,C11H15N5O4,281.1124,20
CO[C@@H]1[C@H](O)CO[C@]1(CO)n1cnc2c(N)ncnc21,False,C11H15N5O4,281.1124,20
CO[C@@H]1CO[C@](CO)(n2cnc3c(N)ncnc32)[C@@H]1O,False,C11H15N5O4,281.1124,20
CC(=O)Nc1ncnc2c1ncn2[C@@]1(CO)OC[C@@H](O)[C@H]1O,False,C12H15N5O5,309.1073,22
CC(=O)OC[C@]1(n2cnc3c(N)ncnc32)OC[C@@H](O)[C@H]1O,False,C12H15N5O5,309.1073,22
CC(=O)O[C@@H]1[C@H](O)CO[C@]1(CO)n1cnc2c(N)ncnc21,False,C12H15N5O5,309.1073,22
CC(=O)O[C@@H]1CO[C@](CO)(n2cnc3c(N)ncnc32)[C@@H]1O,False,C12H15N5O5,309.1073,22
C[C@]1(n2cnc3c(N)ncnc32)OC[C@@H](O)[C@H]1O,False,C10H13N5O3,251.1018,18
Nc1ncnc2c1ncn2[C@@]1(C(=O)O)OC[C@@H](O)[C@H]1O,False,C10H11N5O5,281.076,20
O[C@@H]1[C@H](O)[C@H]2C=Nc3ncnc4c3ncn4[C@@H]1O2,False,C10H9N5O3,247.0705,18
Nc1ncnc2c1ncn2[C@@H]1O[C@]2(CO)O[C@H]2[C@H]1O,False,C10H11N5O4,265.0811,19
Nc1ncnc2c1ncn2[C@@H]1O[C@]2(CO)O[C@@H]1[C@@H]2O,False,C10H11N5O4,265.0811,19
Nc1ncnc2c1ncn2[C@@H]1O[C@H](CO)[C@@]2(O)O[C@@H]12,False,C10H11N5O4,265.0811,19
Nc1ncnc2c1ncn2[C@@H]1O[C@H](CO)[C@H]2O[C@]21O,False,C10H11N5O4,265.0811,19
Nc1ncnc2c1ncn2[C@]12O[C@@H]([C@H]1O)[C@@H](CO)O2,False,C10H11N5O4,265.0811,19
Nc1ncnc2c1ncn2[C@]12O[C@@H]1[C@H](O)[C@@H](CO)O2,False,C10H11N5O4,265.0811,19
Nc1ncnc2c1nc1n2[C@@H]2O[C@H](CO)[C@@H](O1)[C@H]2O,False,C10H11N5O4,265.0811,19
Nc1ncnc2c1nc1n2[C@@H]2O[C@H](CO)[C@@H](O)[C@H]2O1,False,C10H11N5O4,265.0811,19
Nc1nc2nc3c1ncn3[C@@H]1O[C@H](CO)[C@@H](O2)[C@H]1O,False,C10H11N5O4,265.0811,19
Nc1nc2nc3c1ncn3[C@@H]1O[C@H](CO)[C@@H](O)[C@H]1O2,False,C10H11N5O4,265.0811,19
CO[C@H]1[C@@H](O)[C@H](n2cnc3c(N)ncnc32)O[C@@H]1C=O,False,C11H13N5O4,279.0968,20
CO[C@@H]1[C@H](O)[C@@H](C=O)O[C@H]1n1cnc2c(N)ncnc21,False,C11H13N5O4,279.0968,20
CC(=O)Nc1ncnc2c1ncn2[C@@H]1O[C@H](C=O)[C@@H](O)[C@H]1O,False,C12H13N5O5,307.0917,22
CC(=O)O[C@H]1[C@@H](O)[C@H](n2cnc3c(N)ncnc32)O[C@@H]1C=O,False,C12H13N5O5,307.0917,22
CC(=O)O[C@@H]1[C@H](O)[C@@H](C=O)O[C@H]1n1cnc2c(N)ncnc21,False,C12H13N5O5,307.0917,22
N#CC(O)[C@H]1O[C@@H](n2cnc3c(N)ncnc32)[C@H](O)[C@@H]1O,False,C11H12N6O4,292.092,21
COC[C@H]1O[C@@H](n2cnc3c(N)ncnc32)[C@H](O)[C@@H]1OC,False,C12H17N5O4,295.1281,21
COC[C@H]1O[C@@H](n2cnc3c(N)ncnc32)[C@H](OC)[C@@H]1O,False,C12H17N5O4,295.1281,21
COC[C@H]1O[C@@H](n2cnc3c(NC(C)=O)ncnc32)[C@H](O)[C@@H]1O,False,C13H17N5O5,323.123,23
COC[C@H]1O[C@@H](n2cnc3c(N)ncnc32)[C@H](O)[C@@H]1OC(C)=O,False,C13H17N5O5,323.123,23
COC[C@H]1O[C@@H](n2cnc3c(N)ncnc32)[C@H](OC(C)=O)[C@@H]1O,False,C13H17N5O5,323.123,23
C=O,False,CH2O,30.0106,2
CO,False,CH4O,32.0262,2
Nc1ncnc2c1ncn2[C@@H]1O[C@H](COC=O)[C@@H](O)[C@H]1O,False,C11H13N5O5,295.0917,21
COC(=O)[C@H]1O[C@@H](n2cnc3c(N)ncnc32)[C@H](O)[C@@H]1O,False,C11H13N5O5,295.0917,21
CO[C@@H]1[C@H](OC)[C@@H](CO)O[C@H]1n1cnc2c(N)ncnc21,False,C12H17N5O4,295.1281,21
CO[C@H]1[C@@H](O)[C@H](n2cnc3c(NC(C)=O)ncnc32)O[C@@H]1CO,False,C13H17N5O5,323.123,23
CO[C@H]1[C@@H](O)[C@H](n2cnc3c(N)ncnc32)O[C@@H]1COC(C)=O,False,C13H17N5O5,323.123,23
CO[C@H]1[C@@H](OC(C)=O)[C@H](n2cnc3c(N)ncnc32)O[C@@H]1CO,False,C13H17N5O5,323.123,23
CO[C@H]1[C@@H](O)[C@H](n2cnc3c(N)ncnc32)O[C@@H]1C,False,C11H15N5O3,265.1175,19
Nc1ncnc2c1ncn2[C@@H]1O[C@H](CO)[C@@H](OC=O)[C@H]1O,False,C11H13N5O5,295.0917,21
CO[C@H]1[C@@H](O)[C@H](n2cnc3c(N)ncnc32)O[C@@H]1C(=O)O,False,C11H13N5O5,295.0917,21
CO[C@@H]1[C@H](O)[C@@H](CO)O[C@H]1n1cnc2c(NC(C)=O)ncnc21,False,C13H17N5O5,323.123,23
CO[C@@H]1[C@H](O)[C@@H](COC(C)=O)O[C@H]1n1cnc2c(N)ncnc21,False,C13H17N5O5,323.123,23
CO[C@@H]1[C@H](OC(C)=O)[C@@H](CO)O[C@H]1n1cnc2c(N)ncnc21,False,C13H17N5O5,323.123,23
CO[C@@H]1[C@H](O)[C@@H](C)O[C@H]1n1cnc2c(N)ncnc21,False,C11H15N5O3,265.1175,19
Nc1ncnc2c1ncn2[C@@H]1O[C@H](CO)[C@@H](O)[C@H]1OC=O,False,C11H13N5O5,295.0917,21
CO[C@@H]1[C@H](O)[C@@H](C(=O)O)O[C@H]1n1cnc2c(N)ncnc21,False,C11H13N5O5,295.0917,21
Cc1nc(NC=O)c2ncn([C@@H]3O[C@H](CO)[C@@H](O)[C@H]3O)c2n1,False,C12H15N5O5,309.1073,22
Cc1nc2c(NC=O)ncnc2n1[C@@H]1O[C@H](CO)[C@@H](O)[C@H]1O,False,C12H15N5O5,309.1073,22
C[C@]1(n2cnc3c(NC=O)ncnc32)O[C@H](CO)[C@@H](O)[C@H]1O,False,C12H15N5O5,309.1073,22
C[C@]1(O)[C@H](O)[C@@H](CO)O[C@H]1n1cnc2c(NC=O)ncnc21,False,C12H15N5O5,309.1073,22
C[C@]1(O)[C@@H](CO)O[C@@H](n2cnc3c(NC=O)ncnc32)[C@@H]1O,False,C12H15N5O5,309.1073,22
C[C@@]1(CO)O[C@@H](n2cnc3c(NC=O)ncnc32)[C@H](O)[C@@H]1O,False,C12H15N5O5,309.1073,22
CC(O)[C@H]1O[C@@H](n2cnc3c(NC=O)ncnc32)[C@H](O)[C@@H]1O,False,C12H15N5O5,309.1073,22
OC[C@H]1O[C@@H]2[C@H](OCC(O)Nc3ncnc4c3ncn42)[C@@H]1O,False,C12H15N5O5,309.1073,22
OC[C@H]1O[C@@H]2[C@H](O)[C@@H]1OCC(O)Nc1ncnc3c1ncn32,False,C12H15N5O5,309.1073,22
OC1COC[C@H]2O[C@H]([C@H](O)[C@@H]2O)n2cnc3c(ncnc32)N1,False,C12H15N5O5,309.1073,22
CC(O)Nc1nc2nc3c1ncn3[C@@H]1O[C@H](CO)[C@@H](O)[C@H]1O2,False,C12H15N5O5,309.1073,22
CC(O)Nc1nc2nc3c1ncn3[C@@H]1O[C@H](CO)[C@@H](O2)[C@H]1O,False,C12H15N5O5,309.1073,22
CC(O)Nc1nc2nc3c1ncn3[C@@H]1O[C@H](CO2)[C@@H](O)[C@H]1O,False,C12H15N5O5,309.1073,22
CC(O)Nc1ncnc2c1nc1n2[C@@H]2O[C@H](CO)[C@@H](O)[C@H]2O1,False,C12H15N5O5,309.1073,22
CC(O)Nc1ncnc2c1nc1n2[C@@H]2O[C@H](CO)[C@@H](O1)[C@H]2O,False,C12H15N5O5,309.1073,22
CC(O)Nc1ncnc2c1nc1n2[C@@H]2O[C@H](CO1)[C@@H](O)[C@H]2O,False,C12H15N5O5,309.1073,22
CC(O)Nc1ncnc2c1ncn2[C@]12O[C@@H]1[C@H](O)[C@@H](CO)O2,False,C12H15N5O5,309.1073,22
CC(O)Nc1ncnc2c1ncn2[C@]12O[C@@H]([C@H]1O)[C@@H](CO)O2,False,C12H15N5O5,309.1073,22
CC(O)Nc1ncnc2c1ncn2[C@@]12OC[C@@H](O1)[C@@H](O)[C@H]2O,False,C12H15N5O5,309.1073,22
CC(O)Nc1ncnc2c1ncn2[C@@H]1O[C@H](CO)[C@H]2O[C@]21O,False,C12H15N5O5,309.1073,22
CC(O)Nc1ncnc2c1ncn2[C@@H]1O[C@@H]2CO[C@]1(O)[C@@H]2O,False,C12H15N5O5,309.1073,22
CC(O)Nc1ncnc2c1ncn2[C@@H]1O[C@H](CO)[C@@]2(O)O[C@@H]12,False,C12H15N5O5,309.1073,22
CC(O)Nc1ncnc2c1ncn2[C@@H]1O[C@@H]2CO[C@@]2(O)[C@H]1O,False,C12H15N5O5,309.1073,22
CC(O)Nc1ncnc2c1ncn2[C@@H]1O[C@]2(CO)O[C@@H]1[C@@H]2O,False,C12H15N5O5,309.1073,22
CC(O)Nc1ncnc2c1ncn2[C@@H]1O[C@]2(CO)O[C@H]2[C@H]1O,False,C12H15N5O5,309.1073,22
CC(O)Nc1ncnc2c1ncn2[C@@H]1O[C@@]2(CO2)[C@@H](O)[C@H]1O,False,C12H15N5O5,309.1073,22
CC(O)Nc1ncnc2c1ncn2[C@@H]1O[C@@H]2C(O)O[C@@H]1[C@@H]2O,False,C12H15N5O5,309.1073,22
CC(O)Nc1ncnc2c1ncn2[C@@H]1O[C@@H]2C(O)O[C@H]2[C@H]1O,False,C12H15N5O5,309.1073,22
CC(O)Nc1ncnc2c1ncn2[C@@H]1O[C@H](CO)[C@@H](O)[C@H]1O,False,C12H17N5O5,311.123,22
CC(=O)N(C)c1ncnc2c1ncn2[C@@H]1O[C@H](CO)[C@@H](O)[C@H]1O,False,C13H17N5O5,323.123,23
CCC(=O)Nc1ncnc2c1ncn2[C@@H]1O[C@H](CO)[C@@H](O)[C@H]1O,False,C13H17N5O5,323.123,23
CC(=O)O,False,C2H4O2,60.0211,4
CC(=O)N(C(C)=O)c1ncnc2c1ncn2[C@@H]1O[C@H](CO)[C@@H](O)[C@H]1O,False,C14H17N5O6,351.1179,25
CC(=O)Nc1ncnc2c1ncn2[C@@H]1O[C@H](COC(C)=O)[C@@H](O)[C@H]1O,False,C14H17N5O6,351.1179,25
CC(=O)Nc1ncnc2c1ncn2[C@@H]1O[C@H](CO)[C@@H](O)[C@H]1OC(C)=O,False,C14H17N5O6,351.1179,25
CC(=O)Nc1ncnc2c1ncn2[C@@H]1O[C@H](CO)[C@@H](OC(C)=O)[C@H]1O,False,C14H17N5O6,351.1179,25
CC(O)(C#N)Nc1ncnc2c1ncn2[C@@H]1O[C@H](CO)[C@@H](O)[C@H]1O,False,C13H16N6O5,336.1182,24
CC(N)Nc1ncnc2c1ncn2[C@@H]1O[C@H](CO)[C@@H](O)[C@H]1O,False,C12H18N6O4,310.139,22
CC(=O)N(C(N)=O)c1ncnc2c1ncn2[C@@H]1O[C@H](CO)[C@@H](O)[C@H]1O,False,C13H16N6O6,352.1131,25
O=C(CO)Nc1ncnc2c1ncn2[C@@H]1O[C@H](CO)[C@@H](O)[C@H]1O,False,C12H15N5O6,325.1022,23
COC(=O)Nc1ncnc2c1ncn2[C@@H]1O[C@H](CO)[C@@H](O)[C@H]1O,False,C12H15N5O6,325.1022,23
CC(=O)OP(=O)(O)O,False,C2H5O5P,139.9875,8
OCC(O)Nc1ncnc2c1ncn2[C@@H]1O[C@H](CO)[C@@H](O)[C@H]1O,False,C12H17N5O6,327.1179,23
CC(=O)Nc1ncnc2c1ncn2[C@@H]1O[C@H](C)[C@@H](O)[C@H]1O,False,C12H15N5O4,293.1124,21
CC(=O)Nc1ncnc2c1ncn2[C@@H]1O[C@H](C(=O)O)[C@@H](O)[C@H]1O,False,C12H13N5O6,323.0866,23
O=CNc1ncnc2c1ncn2[C@@H]1O[C@H](CO)[C@@H](O)[C@H]1O,False,C11H13N5O5,295.0917,21
CC(=O)Nc1nc(C)nc2c1ncn2[C@@H]1O[C@H](CO)[C@@H](O)[C@H]1O,False,C13H17N5O5,323.123,23
CC(=O)Nc1ncnc2c1nc(C)n2[C@@H]1O[C@H](CO)[C@@H](O)[C@H]1O,False,C13H17N5O5,323.123,23
CC(=O)Nc1ncnc2c1ncn2[C@@]1(C)O[C@H](CO)[C@@H](O)[C@H]1O,False,C13H17N5O5,323.123,23
CC(=O)Nc1ncnc2c1ncn2[C@@H]1O[C@H](CO)[C@@H](O)[C@]1(C)O,False,C13H17N5O5,323.123,23
CC(=O)Nc1ncnc2c1ncn2[C@@H]1O[C@H](CO)[C@](C)(O)[C@H]1O,False,C13H17N5O5,323.123,23
CC(=O)Nc1ncnc2c1ncn2[C@@H]1O[C@@](C)(CO)[C@@H](O)[C@H]1O,False,C13H17N5O5,323.123,23
CC(=O)Nc1ncnc2c1ncn2[C@@H]1O[C@H](C(C)O)[C@@H](O)[C@H]1O,False,C13H17N5O5,323.123,23
CC(OC=O)[C@H]1O[C@@H](n2cnc3c(N)ncnc32)[C@H](O)[C@@H]1O,False,C12H15N5O5,309.1073,22
C[C@@]1(COC=O)O[C@@H](n2cnc3c(N)ncnc32)[C@H](O)[C@@H]1O,False,C12H15N5O5,309.1073,22
C[C@]1(O)[C@@H](COC=O)O[C@@H](n2cnc3c(N)ncnc32)[C@@H]1O,False,C12H15N5O5,309.1073,22
C[C@]1(O)[C@H](O)[C@@H](COC=O)O[C@H]1n1cnc2c(N)ncnc21,False,C12H15N5O5,309.1073,22
C[C@]1(n2cnc3c(N)ncnc32)O[C@H](COC=O)[C@@H](O)[C@H]1O,False,C12H15N5O5,309.1073,22
Cc1nc2c(N)ncnc2n1[C@@H]1O[C@H](COC=O)[C@@H](O)[C@H]1O,False,C12H15N5O5,309.1073,22
Cc1nc(N)c2ncn([C@@H]3O[C@H](COC=O)[C@@H](O)[C@H]3O)c2n1,False,C12H15N5O5,309.1073,22
CC1=Nc2ncnc3c2ncn3[C@@H]2O[C@H](CO1)[C@@H](O)[C@H]2O,False,C12H13N5O4,291.0968,21
Nc1ncnc2c1ncn2[C@@H]1O[C@@H]2COC(O)CO[C@H]2[C@H]1O,False,C12H15N5O5,309.1073,22
Nc1ncnc2c1ncn2[C@@H]1O[C@@H]2COC(O)CO[C@@H]1[C@@H]2O,False,C12H15N5O5,309.1073,22
CC(O)OC1O[C@H]2[C@@H](O)[C@H](n3cnc4c(N)ncnc43)O[C@H]12,False,C12H15N5O5,309.1073,22
CC(O)OC1O[C@@H]2[C@H](O)[C@@H]1O[C@H]2n1cnc2c(N)ncnc21,False,C12H15N5O5,309.1073,22
CC(O)OC[C@]12O[C@@H](n3cnc4c(N)ncnc43)[C@H](O)[C@@H]1O2,False,C12H15N5O5,309.1073,22
CC(O)OC[C@]12O[C@@H]([C@H](n3cnc4c(N)ncnc43)O1)[C@@H]2O,False,C12H15N5O5,309.1073,22
CC(O)OC[C@H]1O[C@@H](n2cnc3c(N)ncnc32)[C@@H]2O[C@]12O,False,C12H15N5O5,309.1073,22
CC(O)OC[C@H]1O[C@@H](n2cnc3c(N)ncnc32)[C@]2(O)O[C@H]12,False,C12H15N5O5,309.1073,22
CC(O)OC[C@H]1O[C@@]2(n3cnc4c(N)ncnc43)O[C@H]1[C@H]2O,False,C12H15N5O5,309.1073,22
CC(O)OC[C@H]1O[C@@]2(n3cnc4c(N)ncnc43)O[C@@H]2[C@@H]1O,False,C12H15N5O5,309.1073,22
CC(O)OC[C@H]1O[C@@H]2[C@H](O)[C@@H]1Oc1nc3c(N)ncnc3n12,False,C12H15N5O5,309.1073,22
CC(O)OC[C@H]1O[C@@H]2[C@H](Oc3nc4c(N)ncnc4n32)[C@@H]1O,False,C12H15N5O5,309.1073,22
CC(O)OC[C@H]1O[C@@H]2[C@H](O)[C@@H]1Oc1nc(N)c3ncn2c3n1,False,C12H15N5O5,309.1073,22
CC(O)OC[C@H]1O[C@@H]2[C@H](Oc3nc(N)c4ncn2c4n3)[C@@H]1O,False,C12H15N5O5,309.1073,22
CC(O)OC[C@H]1O[C@@H](n2cnc3c(N)ncnc32)[C@H](O)[C@@H]1O,False,C12H17N5O5,311.123,22
CCOC[C@H]1O[C@@H](n2cnc3c(N)ncnc32)[C@H](O)[C@@H]1O,False,C12H17N5O4,295.1281,21
CCC(=O)OC[C@H]1O[C@@H](n2cnc3c(N)ncnc32)[C@H](O)[C@@H]1O,False,C13H17N5O5,323.123,23
CC(=O)OC[C@H]1O[C@@H](n2cnc3c(N)ncnc32)[C@H](O)[C@@H]1OC(C)=O,False,C14H17N5O6,351.1179,25
CC(=O)OC[C@H]1O[C@@H](n2cnc3c(N)ncnc32)[C@H](OC(C)=O)[C@@H]1O,False,C14H17N5O6,351.1179,25
CC(O)(C#N)OC[C@H]1O[C@@H](n2cnc3c(N)ncnc32)[C@H](O)[C@@H]1O,False,C13H16N6O5,336.1182,24
CC(N)OC[C@H]1O[C@@H](n2cnc3c(N)ncnc32)[C@H](O)[C@@H]1O,False,C12H18N6O4,310.139,22
Nc1ncnc2c1ncn2[C@@H]1O[C@H](COC(=O)CO)[C@@H](O)[C@H]1O,False,C12H15N5O6,325.1022,23
COC(=O)OC[C@H]1O[C@@H](n2cnc3c(N)ncnc32)[C@H](O)[C@@H]1O,False,C12H15N5O6,325.1022,23
Nc1ncnc2c1ncn2[C@@H]1O[C@H](COC(O)CO)[C@@H](O)[C@H]1O,False,C12H17N5O6,327.1179,23
CC(=O)C[C@H]1O[C@@H](n2cnc3c(N)ncnc32)[C@H](O)[C@@H]1O,False,C12H15N5O4,293.1124,21
CC(=O)OC(=O)[C@H]1O[C@@H](n2cnc3c(N)ncnc32)[C@H](O)[C@@H]1O,False,C12H13N5O6,323.0866,23
CC(=O)OC(C)[C@H]1O[C@@H](n2cnc3c(N)ncnc32)[C@H](O)[C@@H]1O,False,C13H17N5O5,323.123,23
CC(=O)OC[C@]1(C)O[C@@H](n2cnc3c(N)ncnc32)[C@H](O)[C@@H]1O,False,C13H17N5O5,323.123,23
CC(=O)OC[C@H]1O[C@@H](n2cnc3c(N)ncnc32)[C@H](O)[C@@]1(C)O,False,C13H17N5O5,323.123,23
CC(=O)OC[C@H]1O[C@@H](n2cnc3c(N)ncnc32)[C@@](C)(O)[C@@H]1O,False,C13H17N5O5,323.123,23
CC(=O)OC[C@H]1O[C@](C)(n2cnc3c(N)ncnc32)[C@H](O)[C@@H]1O,False,C13H17N5O5,323.123,23
CC(=O)OC[C@H]1O[C@@H](n2c(C)nc3c(N)ncnc32)[C@H](O)[C@@H]1O,False,C13H17N5O5,323.123,23
CC(=O)OC[C@H]1O[C@@H](n2cnc3c(N)nc(C)nc32)[C@H](O)[C@@H]1O,False,C13H17N5O5,323.123,23
C[C@]1(OC=O)[C@@H](CO)O[C@@H](n2cnc3c(N)ncnc32)[C@@H]1O,False,C12H15N5O5,309.1073,22
C[C@]1(O)[C@H](OC=O)[C@@H](CO)O[C@H]1n1cnc2c(N)ncnc21,False,C12H15N5O5,309.1073,22
C[C@@]1(CO)O[C@@H](n2cnc3c(N)ncnc32)[C@H](O)[C@@H]1OC=O,False,C12H15N5O5,309.1073,22
C[C@]1(n2cnc3c(N)ncnc32)O[C@H](CO)[C@@H](OC=O)[C@H]1O,False,C12H15N5O5,309.1073,22
CC(O)[C@H]1O[C@@H](n2cnc3c(N)ncnc32)[C@H](O)[C@@H]1OC=O,False,C12H15N5O5,309.1073,22
Cc1nc2c(N)ncnc2n1[C@@H]1O[C@H](CO)[C@@H](OC=O)[C@H]1O,False,C12H15N5O5,309.1073,22
Cc1nc(N)c2ncn([C@@H]3O[C@H](CO)[C@@H](OC=O)[C@H]3O)c2n1,False,C12H15N5O5,309.1073,22
CC1=Nc2ncnc3c2ncn3[C@@H]2O[C@H](CO)[C@@H](O1)[C@H]2O,False,C12H13N5O4,291.0968,21
Nc1ncnc2c1ncn2[C@@H]1O[C@H](CO)[C@H]2OC(O)CO[C@H]21,False,C12H15N5O5,309.1073,22
Nc1ncnc2c1ncn2[C@@H]1O[C@@H]2COCC(O)O[C@H]2[C@H]1O,False,C12H15N5O5,309.1073,22
CC(O)O[C@]12O[C@H]1[C@H](n1cnc3c(N)ncnc31)O[C@@H]2CO,False,C12H15N5O5,309.1073,22
CC(O)O[C@@]12OC[C@H]1O[C@@H](n1cnc3c(N)ncnc31)[C@@H]2O,False,C12H15N5O5,309.1073,22
CC(O)O[C@@H]1[C@H]2CO[C@@]1(O)[C@H](n1cnc3c(N)ncnc31)O2,False,C12H15N5O5,309.1073,22
CC(O)O[C@H]1[C@H]2O[C@@]1(CO)O[C@H]2n1cnc2c(N)ncnc21,False,C12H15N5O5,309.1073,22
CC(O)O[C@H]1[C@@H](O)[C@H](n2cnc3c(N)ncnc32)O[C@@]12CO2,False,C12H15N5O5,309.1073,22
CC(O)O[C@H]1[C@H]2O[C@]2(n2cnc3c(N)ncnc32)O[C@@H]1CO,False,C12H15N5O5,309.1073,22
CC(O)O[C@H]1[C@@H](O)[C@]2(n3cnc4c(N)ncnc43)OC[C@H]1O2,False,C12H15N5O5,309.1073,22
CC(O)O[C@H]1[C@H]2OC(O)[C@H]1O[C@H]2n1cnc2c(N)ncnc21,False,C12H15N5O5,309.1073,22
CC(O)O[C@H]1[C@H]2Oc3nc4c(N)ncnc4n3[C@@H]2O[C@@H]1CO,False,C12H15N5O5,309.1073,22
CC(O)O[C@H]1[C@@H](O)[C@H]2O[C@@H]1COc1nc3c(N)ncnc3n12,False,C12H15N5O5,309.1073,22
CC(O)O[C@H]1[C@H]2Oc3nc(N)c4ncn(c4n3)[C@@H]2O[C@@H]1CO,False,C12H15N5O5,309.1073,22
CC(O)O[C@H]1[C@@H](O)[C@H]2O[C@@H]1COc1nc(N)c3ncn2c3n1,False,C12H15N5O5,309.1073,22
CC(O)O[C@H]1[C@@H](O)[C@H](n2cnc3c(N)ncnc32)O[C@@H]1CO,False,C12H17N5O5,311.123,22
CCO[C@H]1[C@@H](O)[C@H](n2cnc3c(N)ncnc32)O[C@@H]1CO,False,C12H17N5O4,295.1281,21
CCC(=O)O[C@H]1[C@@H](O)[C@H](n2cnc3c(N)ncnc32)O[C@@H]1CO,False,C13H17N5O5,323.123,23
CC(=O)O[C@@H]1[C@H](OC(C)=O)[C@@H](CO)O[C@H]1n1cnc2c(N)ncnc21,False,C14H17N5O6,351.1179,25
CC(O)(C#N)O[C@H]1[C@@H](O)[C@H](n2cnc3c(N)ncnc32)O[C@@H]1CO,False,C13H16N6O5,336.1182,24
CC(N)O[C@H]1[C@@H](O)[C@H](n2cnc3c(N)ncnc32)O[C@@H]1CO,False,C12H18N6O4,310.139,22
Nc1ncnc2c1ncn2[C@@H]1O[C@H](CO)[C@@H](OC(=O)CO)[C@H]1O,False,C12H15N5O6,325.1022,23
COC(=O)O[C@H]1[C@@H](O)[C@H](n2cnc3c(N)ncnc32)O[C@@H]1CO,False,C12H15N5O6,325.1022,23
Nc1ncnc2c1ncn2[C@@H]1O[C@H](CO)[C@@H](OC(O)CO)[C@H]1O,False,C12H17N5O6,327.1179,23
CC(=O)O[C@H]1[C@@H](O)[C@H](n2cnc3c(N)ncnc32)O[C@@H]1C,False,C12H15N5O4,293.1124,21
CC(=O)[C@H]1[C@@H](O)[C@H](n2cnc3c(N)ncnc32)O[C@@H]1CO,False,C12H15N5O4,293.1124,21
CC(=O)O[C@H]1[C@@H](O)[C@H](n2cnc3c(N)ncnc32)O[C@@H]1C(=O)O,False,C12H13N5O6,323.0866,23
CC(=O)O[C@@]1(C)[C@@H](CO)O[C@@H](n2cnc3c(N)ncnc32)[C@@H]1O,False,C13H17N5O5,323.123,23
CC(=O)O[C@@H]1[C@@H](CO)O[C@@H](n2cnc3c(N)ncnc32)[C@@]1(C)O,False,C13H17N5O5,323.123,23
CC(=O)O[C@H]1[C@@H](O)[C@H](n2cnc3c(N)ncnc32)O[C@@]1(C)CO,False,C13H17N5O5,323.123,23
CC(=O)O[C@H]1[C@@H](O)[C@@](C)(n2cnc3c(N)ncnc32)O[C@@H]1CO,False,C13H17N5O5,323.123,23
CC(=O)O[C@H]1[C@@H](O)[C@H](n2cnc3c(N)ncnc32)O[C@@H]1C(C)O,False,C13H17N5O5,323.123,23
CC(=O)O[C@H]1[C@@H](O)[C@H](n2c(C)nc3c(N)ncnc32)O[C@@H]1CO,False,C13H17N5O5,323.123,23
CC(=O)O[C@H]1[C@@H](O)[C@H](n2cnc3c(N)nc(C)nc32)O[C@@H]1CO,False,C13H17N5O5,323.123,23
C[C@]1(OC=O)[C@H](O)[C@@H](CO)O[C@H]1n1cnc2c(N)ncnc21,False,C12H15N5O5,309.1073,22
C[C@]1(n2cnc3c(N)ncnc32)O[C@H](CO)[C@@H](O)[C@H]1OC=O,False,C12H15N5O5,309.1073,22
C[C@]1(O)[C@@H](CO)O[C@@H](n2cnc3c(N)ncnc32)[C@@H]1OC=O,False,C12H15N5O5,309.1073,22
C[C@@]1(CO)O[C@@H](n2cnc3c(N)ncnc32)[C@H](OC=O)[C@@H]1O,False,C12H15N5O5,309.1073,22
Cc1nc2c(N)ncnc2n1[C@@H]1O[C@H](CO)[C@@H](O)[C@H]1OC=O,False,C12H15N5O5,309.1073,22
CC(O)[C@H]1O[C@@H](n2cnc3c(N)ncnc32)[C@H](OC=O)[C@@H]1O,False,C12H15N5O5,309.1073,22
Cc1nc(N)c2ncn([C@@H]3O[C@H](CO)[C@@H](O)[C@H]3OC=O)c2n1,False,C12H15N5O5,309.1073,22
CC1=Nc2ncnc3c2ncn3[C@@H]2O[C@H](CO)[C@@H](O)[C@H]2O1,False,C12H13N5O4,291.0968,21
Nc1ncnc2c1ncn2[C@@H]1O[C@H](CO)[C@H]2OCC(O)O[C@H]21,False,C12H15N5O5,309.1073,22
Nc1ncnc2c1ncn2[C@@H]1O[C@@H]2COCC(O)O[C@@H]1[C@@H]2O,False,C12H15N5O5,309.1073,22
CC(O)O[C@@]12O[C@@H]1[C@@H](CO)O[C@H]2n1cnc2c(N)ncnc21,False,C12H15N5O5,309.1073,22
CC(O)O[C@]12OC[C@@H](O[C@H]1n1cnc3c(N)ncnc31)[C@H]2O,False,C12H15N5O5,309.1073,22
CC(O)O[C@@H]1[C@@H]2O[C@]1(n1cnc3c(N)ncnc31)O[C@@H]2CO,False,C12H15N5O5,309.1073,22
CC(O)O[C@@H]1[C@H](O)[C@H]2CO[C@]1(n1cnc3c(N)ncnc31)O2,False,C12H15N5O5,309.1073,22
CC(O)O[C@H]1[C@H](n2cnc3c(N)ncnc32)O[C@@H]2CO[C@]21O,False,C12H15N5O5,309.1073,22
CC(O)O[C@H]1[C@H](n2cnc3c(N)ncnc32)O[C@]2(CO)O[C@@H]12,False,C12H15N5O5,309.1073,22
CC(O)O[C@H]1[C@H](n2cnc3c(N)ncnc32)O[C@@]2(CO2)[C@H]1O,False,C12H15N5O5,309.1073,22
CC(O)O[C@@H]1[C@@H]2Oc3nc4c(N)ncnc4n3[C@@H]1O[C@@H]2CO,False,C12H15N5O5,309.1073,22
CC(O)O[C@@H]1[C@H](O)[C@H]2COc3nc4c(N)ncnc4n3[C@@H]1O2,False,C12H15N5O5,309.1073,22
CC(O)O[C@@H]1[C@@H]2OC(O)[C@H]2O[C@H]1n1cnc2c(N)ncnc21,False,C12H15N5O5,309.1073,22
CC(O)O[C@@H]1[C@@H]2Oc3nc(N)c4ncn(c4n3)[C@@H]1O[C@@H]2CO,False,C12H15N5O5,309.1073,22
CC(O)O[C@@H]1[C@H](O)[C@H]2COc3nc(N)c4ncn(c4n3)[C@@H]1O2,False,C12H15N5O5,309.1073,22
CC(O)O[C@@H]1[C@H](O)[C@@H](CO)O[C@H]1n1cnc2c(N)ncnc21,False,C12H17N5O5,311.123,22
CCO[C@@H]1[C@H](O)[C@@H](CO)O[C@H]1n1cnc2c(N)ncnc21,False,C12H17N5O4,295.1281,21
CCC(=O)O[C@@H]1[C@H](O)[C@@H](CO)O[C@H]1n1cnc2c(N)ncnc21,False,C13H17N5O5,323.123,23
CC(O)(C#N)O[C@@H]1[C@H](O)[C@@H](CO)O[C@H]1n1cnc2c(N)ncnc21,False,C13H16N6O5,336.1182,24
CC(N)O[C@@H]1[C@H](O)[C@@H](CO)O[C@H]1n1cnc2c(N)ncnc21,False,C12H18N6O4,310.139,22
Nc1ncnc2c1ncn2[C@@H]1O[C@H](CO)[C@@H](O)[C@H]1OC(=O)CO,False,C12H15N5O6,325.1022,23
COC(=O)O[C@@H]1[C@H](O)[C@@H](CO)O[C@H]1n1cnc2c(N)ncnc21,False,C12H15N5O6,325.1022,23
Nc1ncnc2c1ncn2[C@@H]1O[C@H](CO)[C@@H](O)[C@H]1OC(O)CO,False,C12H17N5O6,327.1179,23
CC(=O)O[C@@H]1[C@H](O)[C@@H](C)O[C@H]1n1cnc2c(N)ncnc21,False,C12H15N5O4,293.1124,21
CC(=O)[C@@H]1[C@H](O)[C@@H](CO)O[C@H]1n1cnc2c(N)ncnc21,False,C12H15N5O4,293.1124,21
CC(=O)O[C@@H]1[C@H](O)[C@@H](C(=O)O)O[C@H]1n1cnc2c(N)ncnc21,False,C12H13N5O6,323.0866,23
CC(=O)O[C@@]1(C)[C@H](O)[C@@H](CO)O[C@H]1n1cnc2c(N)ncnc21,False,C13H17N5O5,323.123,23
CC(=O)O[C@@H]1[C@H](O)[C@@H](CO)O[C@]1(C)n1cnc2c(N)ncnc21,False,C13H17N5O5,323.123,23
CC(=O)O[C@H]1[C@H](n2cnc3c(N)ncnc32)O[C@H](CO)[C@]1(C)O,False,C13H17N5O5,323.123,23
CC(=O)O[C@H]1[C@H](n2cnc3c(N)ncnc32)O[C@@](C)(CO)[C@H]1O,False,C13H17N5O5,323.123,23
CC(=O)O[C@@H]1[C@H](O)[C@@H](CO)O[C@H]1n1c(C)nc2c(N)ncnc21,False,C13H17N5O5,323.123,23
CC(=O)O[C@@H]1[C@H](O)[C@@H](C(C)O)O[C@H]1n1cnc2c(N)ncnc21,False,C13H17N5O5,323.123,23
CC(=O)O[C@@H]1[C@H](O)[C@@H](CO)O[C@H]1n1cnc2c(N)nc(C)nc21,False,C13H17N5O5,323.123,23
C[C@H]1O[C@@H](n2cnc3c(N)ncnc32)[C@H](O)[C@@H]1OP(=O)(O)O,False,C10H14N5O6P,331.0682,22
C[C@H]1O[C@@H](n2cnc3c(N)ncnc32)[C@H](OP(=O)(O)O)[C@@H]1O,False,C10H14N5O6P,331.0682,22
C[C@H]1O[C@@H](n2cnc3c(N)ncnc32)[C@H](O)[C@@H]1OS(=O)(=O)O,False,C10H13N5O6S,331.0587,22
C[C@H]1O[C@@H](n2cnc3c(N)ncnc32)[C@H](OS(=O)(=O)O)[C@@H]1O,False,C10H13N5O6S,331.0587,22
Nc1ncnc2c1ncn2[C@@H]1OC[C@@H](O)[C@H]1O,False,C9H11N5O3,237.0862,17
OC1=Nc2ncnc3c2ncn3[C@@H]2O[C@H]1[C@@H](O)[C@H]2O,False,C10H9N5O4,263.0655,19
Nc1ncnc2c1ncn2[C@@H]1O[C@]2(OC2O)[C@@H](O)[C@H]1O,False,C10H11N5O5,281.076,20
Nc1ncnc2c1ncn2[C@@H]1O[C@]2(C(O)O)O[C@H]2[C@H]1O,False,C10H11N5O5,281.076,20
Nc1ncnc2c1ncn2[C@@H]1O[C@]2(C(O)O)O[C@@H]1[C@@H]2O,False,C10H11N5O5,281.076,20
Nc1ncnc2c1ncn2[C@@H]1O[C@@H]2C(O)O[C@@]2(O)[C@H]1O,False,C10H11N5O5,281.076,20
Nc1ncnc2c1ncn2[C@@H]1O[C@H](C(O)O)[C@@]2(O)O[C@@H]12,False,C10H11N5O5,281.076,20
Nc1ncnc2c1ncn2[C@@H]1O[C@@H]2C(O)O[C@]1(O)[C@@H]2O,False,C10H11N5O5,281.076,20
Nc1ncnc2c1ncn2[C@@H]1O[C@H](C(O)O)[C@H]2O[C@]21O,False,C10H11N5O5,281.076,20
Nc1ncnc2c1ncn2[C@@]12OC(O)[C@@H](O1)[C@@H](O)[C@H]2O,False,C10H11N5O5,281.076,20
Nc1ncnc2c1ncn2[C@@]12O[C@H]([C@@H](C(O)O)O1)[C@H]2O,False,C10H11N5O5,281.076,20
Nc1ncnc2c1ncn2[C@@]12O[C@H](C(O)O)[C@@H](O)[C@H]1O2,False,C10H11N5O5,281.076,20
Nc1ncnc2c1nc1n2[C@@H]2O[C@H](C(O)O1)[C@@H](O)[C@H]2O,False,C10H11N5O5,281.076,20
Nc1ncnc2c1nc1n2[C@@H]2O[C@H](C(O)O)[C@@H](O1)[C@H]2O,False,C10H11N5O5,281.076,20
Nc1ncnc2c1nc1n2[C@@H]2O[C@H](C(O)O)[C@@H](O)[C@H]2O1,False,C10H11N5O5,281.076,20
Nc1nc2nc3c1ncn3[C@@H]1O[C@H](C(O)O2)[C@@H](O)[C@H]1O,False,C10H11N5O5,281.076,20
Nc1nc2nc3c1ncn3[C@@H]1O[C@H](C(O)O)[C@@H](O2)[C@H]1O,False,C10H11N5O5,281.076,20
Nc1nc2nc3c1ncn3[C@@H]1O[C@H](C(O)O)[C@@H](O)[C@H]1O2,False,C10H11N5O5,281.076,20
Nc1ncnc2c1ncn2[C@@H]1O[C@H](C(O)O)[C@@H](O)[C@H]1O,False,C10H13N5O5,283.0917,20
N#CC(O)(O)[C@H]1O[C@@H](n2cnc3c(N)ncnc32)[C@H](O)[C@@H]1O,False,C11H12N6O5,308.0869,22
NC(=O)[C@H]1O[C@@H](n2cnc3c(N)ncnc32)[C@H](O)[C@@H]1O,False,C10H12N6O4,280.092,20
Nc1ncnc2c1ncn2[C@@H]1OC(C=O)[C@@H](O)[C@H]1O,False,C10H11N5O4,265.0811,19
COCC1O[C@@H](n2cnc3c(N)ncnc32)[C@H](O)[C@@H]1O,False,C11H15N5O4,281.1124,20
CO[C@@H]1C(CO)O[C@@H](n2cnc3c(N)ncnc32)[C@@H]1O,False,C11H15N5O4,281.1124,20
CO[C@@H]1[C@H](O)C(CO)O[C@H]1n1cnc2c(N)ncnc21,False,C11H15N5O4,281.1124,20
CC(=O)Nc1ncnc2c1ncn2[C@@H]1OC(CO)[C@@H](O)[C@H]1O,False,C12H15N5O5,309.1073,22
CC(=O)OCC1O[C@@H](n2cnc3c(N)ncnc32)[C@H](O)[C@@H]1O,False,C12H15N5O5,309.1073,22
CC(=O)O[C@@H]1C(CO)O[C@@H](n2cnc3c(N)ncnc32)[C@@H]1O,False,C12H15N5O5,309.1073,22
CC(=O)O[C@@H]1[C@H](O)C(CO)O[C@H]1n1cnc2c(N)ncnc21,False,C12H15N5O5,309.1073,22
CC1O[C@@H](n2cnc3c(N)ncnc32)[C@H](O)[C@@H]1O,False,C10H13N5O3,251.1018,18
Nc1ncnc2c1ncn2[C@@H]1OC(C(=O)O)[C@@H](O)[C@H]1O,False,C10H11N5O5,281.076,20
O[C@@H]1CO[C@@]2(C=Nc3ncnc4c3ncn42)[C@@H]1O,False,C10H9N5O3,247.0705,18
Nc1ncnc2c1ncn2[C@@]1(CO)OC[C@H]2O[C@]21O,False,C10H11N5O4,265.0811,19
Nc1ncnc2c1nc1n2[C@@]2(CO)OC[C@@H](O)[C@H]2O1,False,C10H11N5O4,265.0811,19
Nc1ncnc2c1nc1n2[C@@]2(CO)OC[C@@H](O1)[C@H]2O,False,C10H11N5O4,265.0811,19
Nc1ncnc2c1ncn2[C@@]1(CO)OC[C@@]2(O)O[C@H]21,False,C10H11N5O4,265.0811,19
Nc1ncnc2c1ncn2[C@@]1(CO)OC2O[C@@H]1[C@@H]2O,False,C10H11N5O4,265.0811,19
Nc1ncnc2c1ncn2[C@@]1(CO)OC2O[C@H]2[C@H]1O,False,C10H11N5O4,265.0811,19
Nc1nc2nc3c1ncn3[C@@]1(CO)OC[C@@H](O)[C@H]1O2,False,C10H11N5O4,265.0811,19
Nc1nc2nc3c1ncn3[C@@]1(CO)OC[C@@H](O2)[C@H]1O,False,C10H11N5O4,265.0811,19
CO[C@@H]1[C@H](O)CO[C@]1(C=O)n1cnc2c(N)ncnc21,False,C11H13N5O4,279.0968,20
CO[C@@H]1CO[C@](C=O)(n2cnc3c(N)ncnc32)[C@@H]1O,False,C11H13N5O4,279.0968,20
CC(=O)Nc1ncnc2c1ncn2[C@@]1(C=O)OC[C@@H](O)[C@H]1O,False,C12H13N5O5,307.0917,22
CC(=O)O[C@@H]1[C@H](O)CO[C@]1(C=O)n1cnc2c(N)ncnc21,False,C12H13N5O5,307.0917,22
CC(=O)O[C@@H]1CO[C@](C=O)(n2cnc3c(N)ncnc32)[C@@H]1O,False,C12H13N5O5,307.0917,22
N#CC(O)[C@]1(n2cnc3c(N)ncnc32)OC[C@@H](O)[C@H]1O,False,C11H12N6O4,292.092,21
COC[C@]1(n2cnc3c(N)ncnc32)OC[C@@H](O)[C@H]1OC,False,C12H17N5O4,295.1281,21
COC[C@]1(n2cnc3c(N)ncnc32)OC[C@@H](OC)[C@H]1O,False,C12H17N5O4,295.1281,21
COC[C@]1(n2cnc3c(NC(C)=O)ncnc32)OC[C@@H](O)[C@H]1O,False,C13H17N5O5,323.123,23
COC[C@]1(n2cnc3c(N)ncnc32)OC[C@@H](O)[C@H]1OC(C)=O,False,C13H17N5O5,323.123,23
COC[C@]1(n2cnc3c(N)ncnc32)OC[C@@H](OC(C)=O)[C@H]1O,False,C13H17N5O5,323.123,23
Nc1ncnc2c1ncn2[C@@]1(COC=O)OC[C@@H](O)[C@H]1O,False,C11H13N5O5,295.0917,21
COC(=O)[C@]1(n2cnc3c(N)ncnc32)OC[C@@H](O)[C@H]1O,False,C11H13N5O5,295.0917,21
CO[C@@H]1[C@H](O)C(CO)O[C@@H]1n1cnc2c(N)ncnc21,False,C11H15N5O4,281.1124,20
CO[C@@H]1[C@H](OC)CO[C@]1(CO)n1cnc2c(N)ncnc21,False,C12H17N5O4,295.1281,21
CO[C@@H]1[C@H](O)CO[C@]1(CO)n1cnc2c(NC(C)=O)ncnc21,False,C13H17N5O5,323.123,23
CO[C@@H]1[C@H](O)CO[C@]1(COC(C)=O)n1cnc2c(N)ncnc21,False,C13H17N5O5,323.123,23
CO[C@@H]1[C@H](OC(C)=O)CO[C@]1(CO)n1cnc2c(N)ncnc21,False,C13H17N5O5,323.123,23
CO[C@@H]1[C@H](O)CO[C@]1(C)n1cnc2c(N)ncnc21,False,C11H15N5O3,265.1175,19
Nc1ncnc2c1ncn2[C@@]1(CO)OC[C@@H](O)[C@H]1OC=O,False,C11H13N5O5,295.0917,21
CO[C@@H]1[C@H](O)CO[C@]1(C(=O)O)n1cnc2c(N)ncnc21,False,C11H13N5O5,295.0917,21
CO[C@@H]1C(CO)O[C@H](n2cnc3c(N)ncnc32)[C@@H]1O,False,C11H15N5O4,281.1124,20
CO[C@@H]1CO[C@](CO)(n2cnc3c(NC(C)=O)ncnc32)[C@@H]1O,False,C13H17N5O5,323.123,23
CO[C@@H]1CO[C@](COC(C)=O)(n2cnc3c(N)ncnc32)[C@@H]1O,False,C13H17N5O5,323.123,23
CO[C@@H]1CO[C@](CO)(n2cnc3c(N)ncnc32)[C@@H]1OC(C)=O,False,C13H17N5O5,323.123,23
CO[C@@H]1CO[C@](C)(n2cnc3c(N)ncnc32)[C@@H]1O,False,C11H15N5O3,265.1175,19
Nc1ncnc2c1ncn2[C@@]1(CO)OC[C@@H](OC=O)[C@H]1O,False,C11H13N5O5,295.0917,21
CO[C@@H]1CO[C@](C(=O)O)(n2cnc3c(N)ncnc32)[C@@H]1O,False,C11H13N5O5,295.0917,21
CC(=O)Nc1ncnc2c1ncn2[C@H]1OC(CO)[C@@H](O)[C@H]1O,False,C12H15N5O5,309.1073,22
Cc1nc(NC=O)c2ncn([C@@]3(CO)OC[C@@H](O)[C@H]3O)c2n1,False,C12H15N5O5,309.1073,22
Cc1nc2c(NC=O)ncnc2n1[C@@]1(CO)OC[C@@H](O)[C@H]1O,False,C12H15N5O5,309.1073,22
CC(O)[C@]1(n2cnc3c(NC=O)ncnc32)OC[C@@H](O)[C@H]1O,False,C12H15N5O5,309.1073,22
C[C@]1(O)[C@H](O)CO[C@]1(CO)n1cnc2c(NC=O)ncnc21,False,C12H15N5O5,309.1073,22
C[C@]1(O)CO[C@](CO)(n2cnc3c(NC=O)ncnc32)[C@@H]1O,False,C12H15N5O5,309.1073,22
CC1O[C@](CO)(n2cnc3c(NC=O)ncnc32)[C@H](O)[C@@H]1O,False,C12H15N5O5,309.1073,22
OC1COC[C@@]2(OC[C@@H](O)[C@H]2O)n2cnc3c(ncnc32)N1,False,C12H15N5O5,309.1073,22
OC[C@]12OC[C@@H](O)[C@H]1OCC(O)Nc1ncnc3c1ncn32,False,C12H15N5O5,309.1073,22
OC[C@@]12OC[C@@H](OCC(O)Nc3ncnc4c3ncn41)[C@H]2O,False,C12H15N5O5,309.1073,22
CC(O)Nc1nc2nc3c1ncn3[C@@]1(CO2)OC[C@@H](O)[C@H]1O,False,C12H15N5O5,309.1073,22
CC(O)Nc1nc2nc3c1ncn3[C@@]1(CO)OC[C@@H](O)[C@H]1O2,False,C12H15N5O5,309.1073,22
CC(O)Nc1nc2nc3c1ncn3[C@@]1(CO)OC[C@@H](O2)[C@H]1O,False,C12H15N5O5,309.1073,22
CC(O)Nc1ncnc2c1nc1n2[C@@]2(CO1)OC[C@@H](O)[C@H]2O,False,C12H15N5O5,309.1073,22
CC(O)Nc1ncnc2c1nc1n2[C@@]2(CO)OC[C@@H](O)[C@H]2O1,False,C12H15N5O5,309.1073,22
CC(O)Nc1ncnc2c1nc1n2[C@@]2(CO)OC[C@@H](O1)[C@H]2O,False,C12H15N5O5,309.1073,22
CC(O)Nc1ncnc2c1ncn2[C@@]12OC[C@@H](O)[C@H]1OC2O,False,C12H15N5O5,309.1073,22
CC(O)Nc1ncnc2c1ncn2[C@]12OC[C@@H](OC1O)[C@H]2O,False,C12H15N5O5,309.1073,22
CC(O)Nc1ncnc2c1ncn2[C@]12CO[C@]1(O)[C@H](O)CO2,False,C12H15N5O5,309.1073,22
CC(O)Nc1ncnc2c1ncn2[C@@]1(CO)OC[C@H]2O[C@]21O,False,C12H15N5O5,309.1073,22
CC(O)Nc1ncnc2c1ncn2[C@@]12CO[C@](O)(CO1)[C@H]2O,False,C12H15N5O5,309.1073,22
CC(O)Nc1ncnc2c1ncn2[C@@]1(CO)OC[C@@]2(O)O[C@H]21,False,C12H15N5O5,309.1073,22
CC(O)Nc1ncnc2c1ncn2[C@@]12COC(O1)[C@@H](O)[C@H]2O,False,C12H15N5O5,309.1073,22
CC(O)Nc1ncnc2c1ncn2[C@@]1(CO)OC2O[C@@H]1[C@@H]2O,False,C12H15N5O5,309.1073,22
CC(O)Nc1ncnc2c1ncn2[C@@]1(CO)OC2O[C@H]2[C@H]1O,False,C12H15N5O5,309.1073,22
CC(O)Nc1ncnc2c1ncn2[C@@]1(CO)OC[C@@H](O)[C@H]1O,False,C12H17N5O5,311.123,22
CC(=O)N(C)c1ncnc2c1ncn2[C@@]1(CO)OC[C@@H](O)[C@H]1O,False,C13H17N5O5,323.123,23
CCC(=O)Nc1ncnc2c1ncn2[C@@]1(CO)OC[C@@H](O)[C@H]1O,False,C13H17N5O5,323.123,23
CC(=O)N(C(C)=O)c1ncnc2c1ncn2[C@@]1(CO)OC[C@@H](O)[C@H]1O,False,C14H17N5O6,351.1179,25
CC(=O)Nc1ncnc2c1ncn2[C@@]1(COC(C)=O)OC[C@@H](O)[C@H]1O,False,C14H17N5O6,351.1179,25
CC(=O)Nc1ncnc2c1ncn2[C@@]1(CO)OC[C@@H](O)[C@H]1OC(C)=O,False,C14H17N5O6,351.1179,25
CC(=O)Nc1ncnc2c1ncn2[C@@]1(CO)OC[C@@H](OC(C)=O)[C@H]1O,False,C14H17N5O6,351.1179,25
CC(O)(C#N)Nc1ncnc2c1ncn2[C@@]1(CO)OC[C@@H](O)[C@H]1O,False,C13H16N6O5,336.1182,24
CC(N)Nc1ncnc2c1ncn2[C@@]1(CO)OC[C@@H](O)[C@H]1O,False,C12H18N6O4,310.139,22
CC(=O)N(C(N)=O)c1ncnc2c1ncn2[C@@]1(CO)OC[C@@H](O)[C@H]1O,False,C13H16N6O6,352.1131,25
O=C(CO)Nc1ncnc2c1ncn2[C@@]1(CO)OC[C@@H](O)[C@H]1O,False,C12H15N5O6,325.1022,23
COC(=O)Nc1ncnc2c1ncn2[C@@]1(CO)OC[C@@H](O)[C@H]1O,False,C12H15N5O6,325.1022,23
OCC(O)Nc1ncnc2c1ncn2[C@@]1(CO)OC[C@@H](O)[C@H]1O,False,C12H17N5O6,327.1179,23
CC(=O)Nc1ncnc2c1ncn2[C@@]1(C)OC[C@@H](O)[C@H]1O,False,C12H15N5O4,293.1124,21
CC(=O)Nc1ncnc2c1ncn2[C@@]1(C(=O)O)OC[C@@H](O)[C@H]1O,False,C12H13N5O6,323.0866,23
O=CNc1ncnc2c1ncn2[C@@]1(CO)OC[C@@H](O)[C@H]1O,False,C11H13N5O5,295.0917,21
CC(=O)Nc1nc(C)nc2c1ncn2[C@@]1(CO)OC[C@@H](O)[C@H]1O,False,C13H17N5O5,323.123,23
CC(=O)Nc1ncnc2c1nc(C)n2[C@@]1(CO)OC[C@@H](O)[C@H]1O,False,C13H17N5O5,323.123,23
CC(=O)Nc1ncnc2c1ncn2[C@@]1(C(C)O)OC[C@@H](O)[C@H]1O,False,C13H17N5O5,323.123,23
CC(=O)Nc1ncnc2c1ncn2[C@@]1(CO)OC[C@@H](O)[C@]1(C)O,False,C13H17N5O5,323.123,23
CC(=O)Nc1ncnc2c1ncn2[C@@]1(CO)OC[C@](C)(O)[C@H]1O,False,C13H17N5O5,323.123,23
CC(=O)Nc1ncnc2c1ncn2[C@@]1(CO)OC(C)[C@@H](O)[C@H]1O,False,C13H17N5O5,323.123,23
CC(OC=O)[C@]1(n2cnc3c(N)ncnc32)OC[C@@H](O)[C@H]1O,False,C12H15N5O5,309.1073,22
C[C@]1(O)[C@H](O)CO[C@]1(COC=O)n1cnc2c(N)ncnc21,False,C12H15N5O5,309.1073,22
Cc1nc2c(N)ncnc2n1[C@@]1(COC=O)OC[C@@H](O)[C@H]1O,False,C12H15N5O5,309.1073,22
C[C@]1(O)CO[C@](COC=O)(n2cnc3c(N)ncnc32)[C@@H]1O,False,C12H15N5O5,309.1073,22
CC1O[C@](COC=O)(n2cnc3c(N)ncnc32)[C@H](O)[C@@H]1O,False,C12H15N5O5,309.1073,22
Cc1nc(N)c2ncn([C@@]3(COC=O)OC[C@@H](O)[C@H]3O)c2n1,False,C12H15N5O5,309.1073,22
CC1=Nc2ncnc3c2ncn3[C@@]2(CO1)OC[C@@H](O)[C@H]2O,False,C12H13N5O4,291.0968,21
Nc1ncnc2c1ncn2[C@]12COC(O)CO[C@@H]1[C@H](O)CO2,False,C12H15N5O5,309.1073,22
Nc1ncnc2c1ncn2[C@@]12COC(O)CO[C@H](CO1)[C@H]2O,False,C12H15N5O5,309.1073,22
CC(O)OC1O[C@@H]2[C@H](O)CO[C@@]12n1cnc2c(N)ncnc21,False,C12H15N5O5,309.1073,22
CC(O)OC1O[C@@H]2CO[C@]1(n1cnc3c(N)ncnc31)[C@@H]2O,False,C12H15N5O5,309.1073,22
CC(O)OC[C@]1(n2cnc3c(N)ncnc32)OC[C@H]2O[C@]21O,False,C12H15N5O5,309.1073,22
CC(O)OC[C@]12OC[C@@H](O)[C@H]1Oc1nc3c(N)ncnc3n12,False,C12H15N5O5,309.1073,22
CC(O)OC[C@@]12OC[C@@H](Oc3nc4c(N)ncnc4n31)[C@H]2O,False,C12H15N5O5,309.1073,22
CC(O)OC[C@]1(n2cnc3c(N)ncnc32)OC[C@@]2(O)O[C@H]21,False,C12H15N5O5,309.1073,22
CC(O)OC[C@]1(n2cnc3c(N)ncnc32)OC2O[C@@H]1[C@@H]2O,False,C12H15N5O5,309.1073,22
CC(O)OC[C@]1(n2cnc3c(N)ncnc32)OC2O[C@H]2[C@H]1O,False,C12H15N5O5,309.1073,22
CC(O)OC[C@]12OC[C@@H](O)[C@H]1Oc1nc(N)c3ncn2c3n1,False,C12H15N5O5,309.1073,22
CC(O)OC[C@@]12OC[C@@H](Oc3nc(N)c4ncn1c4n3)[C@H]2O,False,C12H15N5O5,309.1073,22
CC(O)OC[C@]1(n2cnc3c(N)ncnc32)OC[C@@H](O)[C@H]1O,False,C12H17N5O5,311.123,22
CCOC[C@]1(n2cnc3c(N)ncnc32)OC[C@@H](O)[C@H]1O,False,C12H17N5O4,295.1281,21
CCC(=O)OC[C@]1(n2cnc3c(N)ncnc32)OC[C@@H](O)[C@H]1O,False,C13H17N5O5,323.123,23
CC(=O)OC[C@]1(n2cnc3c(N)ncnc32)OC[C@@H](O)[C@H]1OC(C)=O,False,C14H17N5O6,351.1179,25
CC(=O)OC[C@]1(n2cnc3c(N)ncnc32)OC[C@@H](OC(C)=O)[C@H]1O,False,C14H17N5O6,351.1179,25
CC(O)(C#N)OC[C@]1(n2cnc3c(N)ncnc32)OC[C@@H](O)[C@H]1O,False,C13H16N6O5,336.1182,24
CC(N)OC[C@]1(n2cnc3c(N)ncnc32)OC[C@@H](O)[C@H]1O,False,C12H18N6O4,310.139,22
Nc1ncnc2c1ncn2[C@@]1(COC(=O)CO)OC[C@@H](O)[C@H]1O,False,C12H15N5O6,325.1022,23
COC(=O)OC[C@]1(n2cnc3c(N)ncnc32)OC[C@@H](O)[C@H]1O,False,C12H15N5O6,325.1022,23
Nc1ncnc2c1ncn2[C@@]1(COC(O)CO)OC[C@@H](O)[C@H]1O,False,C12H17N5O6,327.1179,23
CC(=O)C[C@]1(n2cnc3c(N)ncnc32)OC[C@@H](O)[C@H]1O,False,C12H15N5O4,293.1124,21
CC(=O)OC(=O)[C@]1(n2cnc3c(N)ncnc32)OC[C@@H](O)[C@H]1O,False,C12H13N5O6,323.0866,23
CC(=O)OC(C)[C@]1(n2cnc3c(N)ncnc32)OC[C@@H](O)[C@H]1O,False,C13H17N5O5,323.123,23
CC(=O)OC[C@]1(n2cnc3c(N)ncnc32)OC[C@@H](O)[C@]1(C)O,False,C13H17N5O5,323.123,23
CC(=O)OC[C@]1(n2c(C)nc3c(N)ncnc32)OC[C@@H](O)[C@H]1O,False,C13H17N5O5,323.123,23
CC(=O)OC[C@]1(n2cnc3c(N)ncnc32)OC[C@](C)(O)[C@H]1O,False,C13H17N5O5,323.123,23
CC(=O)OC[C@]1(n2cnc3c(N)ncnc32)OC(C)[C@@H](O)[C@H]1O,False,C13H17N5O5,323.123,23
CC(=O)OC[C@]1(n2cnc3c(N)nc(C)nc32)OC[C@@H](O)[C@H]1O,False,C13H17N5O5,323.123,23
CC(=O)O[C@@H]1[C@H](O)C(CO)O[C@@H]1n1cnc2c(N)ncnc21,False,C12H15N5O5,309.1073,22
C[C@]1(OC=O)[C@H](O)CO[C@]1(CO)n1cnc2c(N)ncnc21,False,C12H15N5O5,309.1073,22
C[C@]1(O)CO[C@](CO)(n2cnc3c(N)ncnc32)[C@@H]1OC=O,False,C12H15N5O5,309.1073,22
CC(O)[C@]1(n2cnc3c(N)ncnc32)OC[C@@H](O)[C@H]1OC=O,False,C12H15N5O5,309.1073,22
CC1O[C@](CO)(n2cnc3c(N)ncnc32)[C@H](OC=O)[C@@H]1O,False,C12H15N5O5,309.1073,22
Cc1nc2c(N)ncnc2n1[C@@]1(CO)OC[C@@H](O)[C@H]1OC=O,False,C12H15N5O5,309.1073,22
Cc1nc(N)c2ncn([C@@]3(CO)OC[C@@H](O)[C@H]3OC=O)c2n1,False,C12H15N5O5,309.1073,22
CC1=Nc2ncnc3c2ncn3[C@@]2(CO)OC[C@@H](O)[C@H]2O1,False,C12H13N5O4,291.0968,21
Nc1ncnc2c1ncn2[C@@]1(CO)OC[C@H]2OCC(O)O[C@H]21,False,C12H15N5O5,309.1073,22
Nc1ncnc2c1ncn2[C@]12COCC(O)O[C@@H]1[C@H](O)CO2,False,C12H15N5O5,309.1073,22
CC(O)O[C@@]12O[C@@H]1CO[C@]2(CO)n1cnc2c(N)ncnc21,False,C12H15N5O5,309.1073,22
CC(O)O[C@]12OC[C@]1(n1cnc3c(N)ncnc31)OC[C@H]2O,False,C12H15N5O5,309.1073,22
CC(O)O[C@@H]1[C@@]2(O)CO[C@@]1(n1cnc3c(N)ncnc31)CO2,False,C12H15N5O5,309.1073,22
CC(O)O[C@@H]1[C@H]2CO[C@@]1(n1cnc3c(N)ncnc31)C(O)O2,False,C12H15N5O5,309.1073,22
CC(O)O[C@@H]1[C@@H]2OC2O[C@]1(CO)n1cnc2c(N)ncnc21,False,C12H15N5O5,309.1073,22
CC(O)O[C@@H]1[C@H](O)C2OC[C@]1(n1cnc3c(N)ncnc31)O2,False,C12H15N5O5,309.1073,22
CC(O)O[C@@H]1[C@H]2CO[C@]1(CO)n1c(nc3c(N)ncnc31)O2,False,C12H15N5O5,309.1073,22
CC(O)O[C@@H]1[C@H](O)CO[C@@]12COc1nc3c(N)ncnc3n12,False,C12H15N5O5,309.1073,22
CC(O)O[C@@H]1[C@H]2CO[C@]1(CO)n1cnc3c(N)nc(nc31)O2,False,C12H15N5O5,309.1073,22
CC(O)O[C@@H]1[C@H](O)CO[C@@]12COc1nc(N)c3ncn2c3n1,False,C12H15N5O5,309.1073,22
CC(O)O[C@@H]1[C@H](O)CO[C@]1(CO)n1cnc2c(N)ncnc21,False,C12H17N5O5,311.123,22
CCO[C@@H]1[C@H](O)CO[C@]1(CO)n1cnc2c(N)ncnc21,False,C12H17N5O4,295.1281,21
CCC(=O)O[C@@H]1[C@H](O)CO[C@]1(CO)n1cnc2c(N)ncnc21,False,C13H17N5O5,323.123,23
CC(=O)O[C@@H]1[C@H](OC(C)=O)CO[C@]1(CO)n1cnc2c(N)ncnc21,False,C14H17N5O6,351.1179,25
CC(O)(C#N)O[C@@H]1[C@H](O)CO[C@]1(CO)n1cnc2c(N)ncnc21,False,C13H16N6O5,336.1182,24
CC(N)O[C@@H]1[C@H](O)CO[C@]1(CO)n1cnc2c(N)ncnc21,False,C12H18N6O4,310.139,22
Nc1ncnc2c1ncn2[C@@]1(CO)OC[C@@H](O)[C@H]1OC(=O)CO,False,C12H15N5O6,325.1022,23
COC(=O)O[C@@H]1[C@H](O)CO[C@]1(CO)n1cnc2c(N)ncnc21,False,C12H15N5O6,325.1022,23
Nc1ncnc2c1ncn2[C@@]1(CO)OC[C@@H](O)[C@H]1OC(O)CO,False,C12H17N5O6,327.1179,23
CC(=O)O[C@@H]1[C@H](O)CO[C@]1(C)n1cnc2c(N)ncnc21,False,C12H15N5O4,293.1124,21
CC(=O)[C@@H]1[C@H](O)CO[C@]1(CO)n1cnc2c(N)ncnc21,False,C12H15N5O4,293.1124,21
CC(=O)O[C@@H]1[C@H](O)CO[C@]1(C(=O)O)n1cnc2c(N)ncnc21,False,C12H13N5O6,323.0866,23
CC(=O)O[C@@]1(C)[C@H](O)CO[C@]1(CO)n1cnc2c(N)ncnc21,False,C13H17N5O5,323.123,23
CC(=O)O[C@@H]1[C@@](C)(O)CO[C@]1(CO)n1cnc2c(N)ncnc21,False,C13H17N5O5,323.123,23
CC(=O)O[C@@H]1[C@H](O)CO[C@]1(C(C)O)n1cnc2c(N)ncnc21,False,C13H17N5O5,323.123,23
CC(=O)O[C@@H]1[C@H](O)C(C)O[C@]1(CO)n1cnc2c(N)ncnc21,False,C13H17N5O5,323.123,23
CC(=O)O[C@@H]1[C@H](O)CO[C@]1(CO)n1c(C)nc2c(N)ncnc21,False,C13H17N5O5,323.123,23
CC(=O)O[C@@H]1[C@H](O)CO[C@]1(CO)n1cnc2c(N)nc(C)nc21,False,C13H17N5O5,323.123,23
CC(=O)O[C@@H]1C(CO)O[C@H](n2cnc3c(N)ncnc32)[C@@H]1O,False,C12H15N5O5,309.1073,22
C[C@]1(OC=O)CO[C@](CO)(n2cnc3c(N)ncnc32)[C@@H]1O,False,C12H15N5O5,309.1073,22
C[C@]1(O)[C@H](OC=O)CO[C@]1(CO)n1cnc2c(N)ncnc21,False,C12H15N5O5,309.1073,22
CC1O[C@](CO)(n2cnc3c(N)ncnc32)[C@H](O)[C@@H]1OC=O,False,C12H15N5O5,309.1073,22
CC(O)[C@]1(n2cnc3c(N)ncnc32)OC[C@@H](OC=O)[C@H]1O,False,C12H15N5O5,309.1073,22
Cc1nc2c(N)ncnc2n1[C@@]1(CO)OC[C@@H](OC=O)[C@H]1O,False,C12H15N5O5,309.1073,22
Cc1nc(N)c2ncn([C@@]3(CO)OC[C@@H](OC=O)[C@H]3O)c2n1,False,C12H15N5O5,309.1073,22
CC1=Nc2ncnc3c2ncn3[C@@]2(CO)OC[C@@H](O1)[C@H]2O,False,C12H13N5O4,291.0968,21
Nc1ncnc2c1ncn2[C@@]1(CO)OC[C@H]2OC(O)CO[C@H]21,False,C12H15N5O5,309.1073,22
Nc1ncnc2c1ncn2[C@@]12COCC(O)O[C@H](CO1)[C@H]2O,False,C12H15N5O5,309.1073,22
CC(O)O[C@@]12CO[C@](CO)(n3cnc4c(N)ncnc43)[C@@H]1O2,False,C12H15N5O5,309.1073,22
CC(O)O[C@]12CO[C@@](n3cnc4c(N)ncnc43)(CO1)[C@@H]2O,False,C12H15N5O5,309.1073,22
CC(O)O[C@@H]1CO[C@@]2(n3cnc4c(N)ncnc43)CO[C@]12O,False,C12H15N5O5,309.1073,22
CC(O)O[C@@H]1C2O[C@H]1[C@@](CO)(n1cnc3c(N)ncnc31)O2,False,C12H15N5O5,309.1073,22
CC(O)O[C@@H]1C2OC[C@](n3cnc4c(N)ncnc43)(O2)[C@@H]1O,False,C12H15N5O5,309.1073,22
CC(O)O[C@@H]1CO[C@@]2(n3cnc4c(N)ncnc43)C(O)O[C@H]12,False,C12H15N5O5,309.1073,22
CC(O)O[C@@H]1CO[C@@]2(CO)[C@@H]1Oc1nc3c(N)ncnc3n12,False,C12H15N5O5,309.1073,22
CC(O)O[C@@H]1CO[C@@]2(COc3nc4c(N)ncnc4n32)[C@@H]1O,False,C12H15N5O5,309.1073,22
CC(O)O[C@@H]1CO[C@@]2(CO)[C@@H]1Oc1nc(N)c3ncn2c3n1,False,C12H15N5O5,309.1073,22
CC(O)O[C@@H]1CO[C@@]2(COc3nc(N)c4ncn2c4n3)[C@@H]1O,False,C12H15N5O5,309.1073,22
CC(O)O[C@@H]1CO[C@](CO)(n2cnc3c(N)ncnc32)[C@@H]1O,False,C12H17N5O5,311.123,22
CCO[C@@H]1CO[C@](CO)(n2cnc3c(N)ncnc32)[C@@H]1O,False,C12H17N5O4,295.1281,21
CCC(=O)O[C@@H]1CO[C@](CO)(n2cnc3c(N)ncnc32)[C@@H]1O,False,C13H17N5O5,323.123,23
CC(O)(C#N)O[C@@H]1CO[C@](CO)(n2cnc3c(N)ncnc32)[C@@H]1O,False,C13H16N6O5,336.1182,24
CC(N)O[C@@H]1CO[C@](CO)(n2cnc3c(N)ncnc32)[C@@H]1O,False,C12H18N6O4,310.139,22
Nc1ncnc2c1ncn2[C@@]1(CO)OC[C@@H](OC(=O)CO)[C@H]1O,False,C12H15N5O6,325.1022,23
COC(=O)O[C@@H]1CO[C@](CO)(n2cnc3c(N)ncnc32)[C@@H]1O,False,C12H15N5O6,325.1022,23
Nc1ncnc2c1ncn2[C@@]1(CO)OC[C@@H](OC(O)CO)[C@H]1O,False,C12H17N5O6,327.1179,23
CC(=O)O[C@@H]1CO[C@](C)(n2cnc3c(N)ncnc32)[C@@H]1O,False,C12H15N5O4,293.1124,21
CC(=O)[C@@H]1CO[C@](CO)(n2cnc3c(N)ncnc32)[C@@H]1O,False,C12H15N5O4,293.1124,21
CC(=O)O[C@@H]1CO[C@](C(=O)O)(n2cnc3c(N)ncnc32)[C@@H]1O,False,C12H13N5O6,323.0866,23
CC(=O)O[C@@]1(C)CO[C@](CO)(n2cnc3c(N)ncnc32)[C@@H]1O,False,C13H17N5O5,323.123,23
CC(=O)O[C@@H]1CO[C@](CO)(n2cnc3c(N)ncnc32)[C@@]1(C)O,False,C13H17N5O5,323.123,23
CC(=O)O[C@@H]1C(C)O[C@](CO)(n2cnc3c(N)ncnc32)[C@@H]1O,False,C13H17N5O5,323.123,23
CC(=O)O[C@@H]1CO[C@](C(C)O)(n2cnc3c(N)ncnc32)[C@@H]1O,False,C13H17N5O5,323.123,23
CC(=O)O[C@@H]1CO[C@](CO)(n2c(C)nc3c(N)ncnc32)[C@@H]1O,False,C13H17N5O5,323.123,23
CC(=O)O[C@@H]1CO[C@](CO)(n2cnc3c(N)nc(C)nc32)[C@@H]1O,False,C13H17N5O5,323.123,23
C[C@]1(n2cnc3c(N)ncnc32)OC[C@@H](O)[C@H]1OP(=O)(O)O,False,C10H14N5O6P,331.0682,22
C[C@]1(n2cnc3c(N)ncnc32)OC[C@@H](OP(=O)(O)O)[C@H]1O,False,C10H14N5O6P,331.0682,22
C[C@]1(n2cnc3c(N)ncnc32)OC[C@@H](O)[C@H]1OS(=O)(=O)O,False,C10H13N5O6S,331.0587,22
C[C@]1(n2cnc3c(N)ncnc32)OC[C@@H](OS(=O)(=O)O)[C@H]1O,False,C10H13N5O6S,331.0587,22
OC1=Nc2ncnc3c2ncn3[C@]12OC[C@@H](O)[C@H]2O,False,C10H9N5O4,263.0655,19
Nc1ncnc2c1ncn2[C@@]12OC[C@@H](O)[C@@]1(O)OC2O,False,C10H11N5O5,281.076,20
Nc1ncnc2c1ncn2[C@@]1(C(O)O)OC[C@H]2O[C@]21O,False,C10H11N5O5,281.076,20
Nc1ncnc2c1nc1n2[C@]2(OC[C@@H](O)[C@H]2O)C(O)O1,False,C10H11N5O5,281.076,20
Nc1ncnc2c1nc1n2[C@@]2(C(O)O)OC[C@@H](O)[C@H]2O1,False,C10H11N5O5,281.076,20
Nc1ncnc2c1nc1n2[C@@]2(C(O)O)OC[C@@H](O1)[C@H]2O,False,C10H11N5O5,281.076,20
Nc1ncnc2c1ncn2[C@]12OC[C@@](O)(OC1O)[C@H]2O,False,C10H11N5O5,281.076,20
Nc1ncnc2c1ncn2[C@@]1(C(O)O)OC[C@@]2(O)O[C@H]21,False,C10H11N5O5,281.076,20
Nc1ncnc2c1ncn2[C@]12OC(OC1O)[C@@H](O)[C@H]2O,False,C10H11N5O5,281.076,20
Nc1ncnc2c1ncn2[C@@]1(C(O)O)OC2O[C@@H]1[C@@H]2O,False,C10H11N5O5,281.076,20
Nc1ncnc2c1ncn2[C@@]1(C(O)O)OC2O[C@H]2[C@H]1O,False,C10H11N5O5,281.076,20
Nc1nc2nc3c1ncn3[C@]1(OC[C@@H](O)[C@H]1O)C(O)O2,False,C10H11N5O5,281.076,20
Nc1nc2nc3c1ncn3[C@@]1(C(O)O)OC[C@@H](O)[C@H]1O2,False,C10H11N5O5,281.076,20
Nc1nc2nc3c1ncn3[C@@]1(C(O)O)OC[C@@H](O2)[C@H]1O,False,C10H11N5O5,281.076,20
Nc1ncnc2c1ncn2[C@@]1(C(O)O)OC[C@@H](O)[C@H]1O,False,C10H13N5O5,283.0917,20
N#CC(O)(O)[C@]1(n2cnc3c(N)ncnc32)OC[C@@H](O)[C@H]1O,False,C11H12N6O5,308.0869,22
NC(=O)[C@]1(n2cnc3c(N)ncnc32)OC[C@@H](O)[C@H]1O,False,C10H12N6O4,280.092,20
O=P(O)(O)O[C@@H]1[C@H](O)[C@H]2C=Nc3ncnc4c3ncn4[C@@H]1O2,False,C10H10N5O6P,327.0369,22
O=P(O)(O)O[C@H]1[C@@H](O)[C@H]2O[C@@H]1C=Nc1ncnc3c1ncn32,False,C10H10N5O6P,327.0369,22
O=S(=O)(O)O[C@@H]1[C@H](O)[C@H]2C=Nc3ncnc4c3ncn4[C@@H]1O2,False,C10H9N5O6S,327.0274,22
O=S(=O)(O)O[C@H]1[C@@H](O)[C@H]2O[C@@H]1C=Nc1ncnc3c1ncn32,False,C10H9N5O6S,327.0274,22
CO[C@@H]1[C@H](O)[C@H]2C=Nc3ncnc4c3ncn4[C@@H]1O2,False,C11H11N5O3,261.0862,19
CO[C@H]1[C@@H](O)[C@H]2O[C@@H]1C=Nc1ncnc3c1ncn32,False,C11H11N5O3,261.0862,19
CC(=O)O[C@@H]1[C@H](O)[C@H]2C=Nc3ncnc4c3ncn4[C@@H]1O2,False,C12H11N5O4,289.0811,21
CC(=O)O[C@H]1[C@@H](O)[C@H]2O[C@@H]1C=Nc1ncnc3c1ncn32,False,C12H11N5O4,289.0811,21
Nc1ncnc2c1ncn2[C@@H]1O[C@@H]2O[C@]2(CO)[C@H]1O,False,C10H11N5O4,265.0811,19
Nc1ncnc2c1ncn2[C@@H]1O[C@@H]2O[C@H]2[C@@]1(O)CO,False,C10H11N5O4,265.0811,19
Nc1ncnc2c1ncn2[C@@]1(CO)O[C@@H]2O[C@H]2[C@H]1O,False,C10H11N5O4,265.0811,19
Nc1ncnc2c1nc(CO)n2[C@@H]1O[C@@H]2O[C@H]2[C@H]1O,False,C10H11N5O4,265.0811,19
Nc1nc(CO)nc2c1ncn2[C@@H]1O[C@@H]2O[C@H]2[C@H]1O,False,C10H11N5O4,265.0811,19
Nc1ncnc2c1ncn2[C@@H]1O[C@]2(C=O)O[C@H]2[C@H]1O,False,C10H9N5O4,263.0655,19
COC[C@]12O[C@@H](n3cnc4c(N)ncnc43)[C@H](O)[C@@H]1O2,False,C11H13N5O4,279.0968,20
CO[C@H]1[C@H](n2cnc3c(N)ncnc32)O[C@]2(CO)O[C@@H]12,False,C11H13N5O4,279.0968,20
CC(=O)Nc1ncnc2c1ncn2[C@@H]1O[C@]2(CO)O[C@H]2[C@H]1O,False,C12H13N5O5,307.0917,22
CC(=O)OC[C@]12O[C@@H](n3cnc4c(N)ncnc43)[C@H](O)[C@@H]1O2,False,C12H13N5O5,307.0917,22
CC(=O)O[C@H]1[C@H](n2cnc3c(N)ncnc32)O[C@]2(CO)O[C@@H]12,False,C12H13N5O5,307.0917,22
Nc1ncnc2c1ncn2[C@@H]1O[C@@](O)(CO)[C@@H](O)[C@H]1O,False,C10H13N5O5,283.0917,20
C[C@]12O[C@@H](n3cnc4c(N)ncnc43)[C@H](O)[C@@H]1O2,False,C10H11N5O3,249.0862,18
Nc1ncnc2c1ncn2[C@@H]1OC(CO)=C[C@H]1O,False,C10H11N5O3,249.0862,18
Nc1ncnc2c1ncn2[C@@H]1O[C@]2(C(=O)O)O[C@H]2[C@H]1O,False,C10H9N5O5,279.0604,20
Nc1ncnc2c1ncn2[C@@H]1O[C@@H]2O[C@@H]1[C@]2(O)CO,False,C10H11N5O4,265.0811,19
Nc1ncnc2c1ncn2[C@@H]1O[C@@H]2O[C@@]1(CO)[C@@H]2O,False,C10H11N5O4,265.0811,19
Nc1ncnc2c1ncn2[C@@]1(CO)O[C@@H]2O[C@@H]1[C@@H]2O,False,C10H11N5O4,265.0811,19
Nc1ncnc2c1nc(CO)n2[C@@H]1O[C@@H]2O[C@@H]1[C@@H]2O,False,C10H11N5O4,265.0811,19
Nc1nc(CO)nc2c1ncn2[C@@H]1O[C@@H]2O[C@@H]1[C@@H]2O,False,C10H11N5O4,265.0811,19
Nc1ncnc2c1ncn2[C@@H]1O[C@]2(C=O)O[C@@H]1[C@@H]2O,False,C10H9N5O4,263.0655,19
COC[C@]12O[C@@H]([C@H](n3cnc4c(N)ncnc43)O1)[C@@H]2O,False,C11H13N5O4,279.0968,20
CO[C@H]1[C@H]2O[C@@]1(CO)O[C@H]2n1cnc2c(N)ncnc21,False,C11H13N5O4,279.0968,20
CC(=O)Nc1ncnc2c1ncn2[C@@H]1O[C@]2(CO)O[C@@H]1[C@@H]2O,False,C12H13N5O5,307.0917,22
CC(=O)OC[C@]12O[C@@H]([C@H](n3cnc4c(N)ncnc43)O1)[C@@H]2O,False,C12H13N5O5,307.0917,22
CC(=O)O[C@H]1[C@H]2O[C@@]1(CO)O[C@H]2n1cnc2c(N)ncnc21,False,C12H13N5O5,307.0917,22
C[C@]12O[C@@H]([C@H](n3cnc4c(N)ncnc43)O1)[C@@H]2O,False,C10H11N5O3,249.0862,18
Nc1ncnc2c1ncn2[C@@H]1O[C@]2(C(=O)O)O[C@@H]1[C@@H]2O,False,C10H9N5O5,279.0604,20
Nc1ncnc2c1ncn2[C@@H]1OC[C@@]2(O)O[C@]12CO,False,C10H11N5O4,265.0811,19
Nc1ncnc2c1nc(CO)n2[C@@H]1OC[C@@]2(O)O[C@@H]12,False,C10H11N5O4,265.0811,19
Nc1nc(CO)nc2c1ncn2[C@@H]1OC[C@@]2(O)O[C@@H]12,False,C10H11N5O4,265.0811,19
Nc1ncnc2c1ncn2[C@@H]1O[C@H](C=O)[C@@]2(O)O[C@@H]12,False,C10H9N5O4,263.0655,19
COC[C@H]1O[C@@H](n2cnc3c(N)ncnc32)[C@@H]2O[C@]12O,False,C11H13N5O4,279.0968,20
CO[C@]12O[C@H]1[C@H](n1cnc3c(N)ncnc31)O[C@@H]2CO,False,C11H13N5O4,279.0968,20
CC(=O)Nc1ncnc2c1ncn2[C@@H]1O[C@H](CO)[C@@]2(O)O[C@@H]12,False,C12H13N5O5,307.0917,22
CC(=O)OC[C@H]1O[C@@H](n2cnc3c(N)ncnc32)[C@@H]2O[C@]12O,False,C12H13N5O5,307.0917,22
CC(=O)O[C@]12O[C@H]1[C@H](n1cnc3c(N)ncnc31)O[C@@H]2CO,False,C12H13N5O5,307.0917,22
Nc1ncnc2c1ncn2[C@@H]1O[C@H](CO)C(O)(O)[C@H]1O,False,C10H13N5O5,283.0917,20
C[C@H]1O[C@@H](n2cnc3c(N)ncnc32)[C@@H]2O[C@]12O,False,C10H11N5O3,249.0862,18
Nc1ncnc2c1ncn2[C@@H]1O[C@H](C(=O)O)[C@@]2(O)O[C@@H]12,False,C10H9N5O5,279.0604,20
Nc1ncnc2c1ncn2[C@@H]1OC[C@]2(CO)O[C@@]12O,False,C10H11N5O4,265.0811,19
Nc1ncnc2c1nc(CO)n2[C@@H]1OC[C@H]2O[C@]21O,False,C10H11N5O4,265.0811,19
Nc1nc(CO)nc2c1ncn2[C@@H]1OC[C@H]2O[C@]21O,False,C10H11N5O4,265.0811,19
Nc1ncnc2c1ncn2[C@@H]1O[C@H](C=O)[C@H]2O[C@]21O,False,C10H9N5O4,263.0655,19
COC[C@H]1O[C@@H](n2cnc3c(N)ncnc32)[C@]2(O)O[C@H]12,False,C11H13N5O4,279.0968,20
CO[C@@]12O[C@@H]1[C@@H](CO)O[C@H]2n1cnc2c(N)ncnc21,False,C11H13N5O4,279.0968,20
CC(=O)Nc1ncnc2c1ncn2[C@@H]1O[C@H](CO)[C@H]2O[C@]21O,False,C12H13N5O5,307.0917,22
CC(=O)OC[C@H]1O[C@@H](n2cnc3c(N)ncnc32)[C@]2(O)O[C@H]12,False,C12H13N5O5,307.0917,22
CC(=O)O[C@@]12O[C@@H]1[C@@H](CO)O[C@H]2n1cnc2c(N)ncnc21,False,C12H13N5O5,307.0917,22
Nc1ncnc2c1ncn2[C@@H]1O[C@H](CO)[C@@H](O)C1(O)O,False,C10H13N5O5,283.0917,20
C[C@H]1O[C@@H](n2cnc3c(N)ncnc32)[C@]2(O)O[C@H]12,False,C10H11N5O3,249.0862,18
Nc1ncnc2c1ncn2[C@@H]1O[C@H](C(=O)O)[C@H]2O[C@]21O,False,C10H9N5O5,279.0604,20
Nc1ncnc2c1ncn2[C@]12OC[C@@H](O1)[C@@]2(O)CO,False,C10H11N5O4,265.0811,19
Nc1ncnc2c1ncn2[C@]12OC[C@](CO)(O1)[C@H]2O,False,C10H11N5O4,265.0811,19
Nc1ncnc2c1nc(CO)n2[C@]12OC[C@@H](O1)[C@H]2O,False,C10H11N5O4,265.0811,19
Nc1nc(CO)nc2c1ncn2[C@]12OC[C@@H](O1)[C@H]2O,False,C10H11N5O4,265.0811,19
Nc1ncnc2c1ncn2[C@]12O[C@@H]([C@H]1O)[C@@H](C=O)O2,False,C10H9N5O4,263.0655,19
COC[C@H]1O[C@@]2(n3cnc4c(N)ncnc43)O[C@H]1[C@H]2O,False,C11H13N5O4,279.0968,20
CO[C@@H]1[C@@H]2O[C@]1(n1cnc3c(N)ncnc31)O[C@@H]2CO,False,C11H13N5O4,279.0968,20
CC(=O)Nc1ncnc2c1ncn2[C@]12O[C@@H]([C@H]1O)[C@@H](CO)O2,False,C12H13N5O5,307.0917,22
CC(=O)OC[C@H]1O[C@@]2(n3cnc4c(N)ncnc43)O[C@H]1[C@H]2O,False,C12H13N5O5,307.0917,22
CC(=O)O[C@@H]1[C@@H]2O[C@]1(n1cnc3c(N)ncnc31)O[C@@H]2CO,False,C12H13N5O5,307.0917,22
C[C@H]1O[C@@]2(n3cnc4c(N)ncnc43)O[C@H]1[C@H]2O,False,C10H11N5O3,249.0862,18
Nc1ncnc2c1ncn2[C@@]12O[C@H]([C@@H](C(=O)O)O1)[C@H]2O,False,C10H9N5O5,279.0604,20
Nc1ncnc2c1ncn2[C@@]12OC[C@@H](O)[C@]1(CO)O2,False,C10H11N5O4,265.0811,19
Nc1ncnc2c1ncn2[C@@]12OC[C@@](O)(CO)[C@H]1O2,False,C10H11N5O4,265.0811,19
Nc1ncnc2c1nc(CO)n2[C@@]12OC[C@@H](O)[C@H]1O2,False,C10H11N5O4,265.0811,19
Nc1nc(CO)nc2c1ncn2[C@@]12OC[C@@H](O)[C@H]1O2,False,C10H11N5O4,265.0811,19
Nc1ncnc2c1ncn2[C@]12O[C@@H]1[C@H](O)[C@@H](C=O)O2,False,C10H9N5O4,263.0655,19
COC[C@H]1O[C@@]2(n3cnc4c(N)ncnc43)O[C@@H]2[C@@H]1O,False,C11H13N5O4,279.0968,20
CO[C@H]1[C@H]2O[C@]2(n2cnc3c(N)ncnc32)O[C@@H]1CO,False,C11H13N5O4,279.0968,20
CC(=O)Nc1ncnc2c1ncn2[C@]12O[C@@H]1[C@H](O)[C@@H](CO)O2,False,C12H13N5O5,307.0917,22
CC(=O)OC[C@H]1O[C@@]2(n3cnc4c(N)ncnc43)O[C@@H]2[C@@H]1O,False,C12H13N5O5,307.0917,22
CC(=O)O[C@H]1[C@H]2O[C@]2(n2cnc3c(N)ncnc32)O[C@@H]1CO,False,C12H13N5O5,307.0917,22
Nc1ncnc2c1ncn2[C@@]1(O)O[C@H](CO)[C@@H](O)[C@H]1O,False,C10H13N5O5,283.0917,20
C[C@H]1O[C@@]2(n3cnc4c(N)ncnc43)O[C@@H]2[C@@H]1O,False,C10H11N5O3,249.0862,18
Nc1ncnc2c1ncn2[C@@]12O[C@H](C(=O)O)[C@@H](O)[C@H]1O2,False,C10H9N5O5,279.0604,20
Nc1ncnc2c1nc1n2[C@@H]2OC[C@@H](O1)[C@@]2(O)CO,False,C10H11N5O4,265.0811,19
Nc1ncnc2c1nc1n2[C@@H]2OC[C@](CO)(O1)[C@H]2O,False,C10H11N5O4,265.0811,19
Nc1nc(CO)nc2c1nc1n2[C@@H]2OC[C@@H](O1)[C@H]2O,False,C10H11N5O4,265.0811,19
Nc1ncnc2c1nc1n2[C@@H]2O[C@H](C=O)[C@@H](O1)[C@H]2O,False,C10H9N5O4,263.0655,19
COC[C@H]1O[C@@H]2[C@H](O)[C@@H]1Oc1nc3c(N)ncnc3n12,False,C11H13N5O4,279.0968,20
CO[C@@H]1[C@@H]2Oc3nc4c(N)ncnc4n3[C@@H]1O[C@@H]2CO,False,C11H13N5O4,279.0968,20
CC(=O)Nc1ncnc2c1nc1n2[C@@H]2O[C@H](CO)[C@@H](O1)[C@H]2O,False,C12H13N5O5,307.0917,22
CC(=O)OC[C@H]1O[C@@H]2[C@H](O)[C@@H]1Oc1nc3c(N)ncnc3n12,False,C12H13N5O5,307.0917,22
CC(=O)O[C@@H]1[C@@H]2Oc3nc4c(N)ncnc4n3[C@@H]1O[C@@H]2CO,False,C12H13N5O5,307.0917,22
C[C@H]1O[C@@H]2[C@H](O)[C@@H]1Oc1nc3c(N)ncnc3n12,False,C10H11N5O3,249.0862,18
Nc1ncnc2c1nc1n2[C@@H]2O[C@H](C(=O)O)[C@@H](O1)[C@H]2O,False,C10H9N5O5,279.0604,20
Nc1ncnc2c1nc1n2[C@@H]2OC[C@@H](O)[C@]2(CO)O1,False,C10H11N5O4,265.0811,19
Nc1ncnc2c1nc1n2[C@@H]2OC[C@@](O)(CO)[C@H]2O1,False,C10H11N5O4,265.0811,19
Nc1nc(CO)nc2c1nc1n2[C@@H]2OC[C@@H](O)[C@H]2O1,False,C10H11N5O4,265.0811,19
Nc1ncnc2c1nc1n2[C@@H]2O[C@H](C=O)[C@@H](O)[C@H]2O1,False,C10H9N5O4,263.0655,19
COC[C@H]1O[C@@H]2[C@H](Oc3nc4c(N)ncnc4n32)[C@@H]1O,False,C11H13N5O4,279.0968,20
CO[C@H]1[C@H]2Oc3nc4c(N)ncnc4n3[C@@H]2O[C@@H]1CO,False,C11H13N5O4,279.0968,20
CC(=O)Nc1ncnc2c1nc1n2[C@@H]2O[C@H](CO)[C@@H](O)[C@H]2O1,False,C12H13N5O5,307.0917,22
CC(=O)OC[C@H]1O[C@@H]2[C@H](Oc3nc4c(N)ncnc4n32)[C@@H]1O,False,C12H13N5O5,307.0917,22
CC(=O)O[C@H]1[C@H]2Oc3nc4c(N)ncnc4n3[C@@H]2O[C@@H]1CO,False,C12H13N5O5,307.0917,22
C[C@H]1O[C@@H]2[C@H](Oc3nc4c(N)ncnc4n32)[C@@H]1O,False,C10H11N5O3,249.0862,18
Nc1ncnc2c1nc1n2[C@@H]2O[C@H](C(=O)O)[C@@H](O)[C@H]2O1,False,C10H9N5O5,279.0604,20
Nc1nc2nc3c1nc(CO)n3[C@@H]1OC[C@@H](O2)[C@H]1O,False,C10H11N5O4,265.0811,19
Nc1nc2nc3c1ncn3[C@@H]1OC[C@@H](O2)[C@@]1(O)CO,False,C10H11N5O4,265.0811,19
Nc1nc2nc3c1ncn3[C@@H]1OC[C@](CO)(O2)[C@H]1O,False,C10H11N5O4,265.0811,19
Nc1nc2nc3c1ncn3[C@@H]1O[C@H](C=O)[C@@H](O2)[C@H]1O,False,C10H9N5O4,263.0655,19
COC[C@H]1O[C@@H]2[C@H](O)[C@@H]1Oc1nc(N)c3ncn2c3n1,False,C11H13N5O4,279.0968,20
CO[C@@H]1[C@@H]2Oc3nc(N)c4ncn(c4n3)[C@@H]1O[C@@H]2CO,False,C11H13N5O4,279.0968,20
CC(=O)Nc1nc2nc3c1ncn3[C@@H]1O[C@H](CO)[C@@H](O2)[C@H]1O,False,C12H13N5O5,307.0917,22
CC(=O)OC[C@H]1O[C@@H]2[C@H](O)[C@@H]1Oc1nc(N)c3ncn2c3n1,False,C12H13N5O5,307.0917,22
CC(=O)O[C@@H]1[C@@H]2Oc3nc(N)c4ncn(c4n3)[C@@H]1O[C@@H]2CO,False,C12H13N5O5,307.0917,22
C[C@H]1O[C@@H]2[C@H](O)[C@@H]1Oc1nc(N)c3ncn2c3n1,False,C10H11N5O3,249.0862,18
Nc1nc2nc3c1ncn3[C@@H]1O[C@H](C(=O)O)[C@@H](O2)[C@H]1O,False,C10H9N5O5,279.0604,20
Nc1nc2nc3c1nc(CO)n3[C@@H]1OC[C@@H](O)[C@H]1O2,False,C10H11N5O4,265.0811,19
Nc1nc2nc3c1ncn3[C@@H]1OC[C@@H](O)[C@]1(CO)O2,False,C10H11N5O4,265.0811,19
Nc1nc2nc3c1ncn3[C@@H]1OC[C@@](O)(CO)[C@H]1O2,False,C10H11N5O4,265.0811,19
Nc1nc2nc3c1ncn3[C@@H]1O[C@H](C=O)[C@@H](O)[C@H]1O2,False,C10H9N5O4,263.0655,19
COC[C@H]1O[C@@H]2[C@H](Oc3nc(N)c4ncn2c4n3)[C@@H]1O,False,C11H13N5O4,279.0968,20
CO[C@H]1[C@H]2Oc3nc(N)c4ncn(c4n3)[C@@H]2O[C@@H]1CO,False,C11H13N5O4,279.0968,20
CC(=O)Nc1nc2nc3c1ncn3[C@@H]1O[C@H](CO)[C@@H](O)[C@H]1O2,False,C12H13N5O5,307.0917,22
CC(=O)OC[C@H]1O[C@@H]2[C@H](Oc3nc(N)c4ncn2c4n3)[C@@H]1O,False,C12H13N5O5,307.0917,22
CC(=O)O[C@H]1[C@H]2Oc3nc(N)c4ncn(c4n3)[C@@H]2O[C@@H]1CO,False,C12H13N5O5,307.0917,22
C[C@H]1O[C@@H]2[C@H](Oc3nc(N)c4ncn2c4n3)[C@@H]1O,False,C10H11N5O3,249.0862,18
Nc1nc2nc3c1ncn3[C@@H]1O[C@H](C(=O)O)[C@@H](O)[C@H]1O2,False,C10H9N5O5,279.0604,20
Nc1ncnc2c1ncn2[C@@H]1O[C@H](CO)[C@H]2OCO[C@H]21,False,C11H13N5O4,279.0968,20
CO[C@@H]1[C@H](OC)[C@@H](C=O)O[C@H]1n1cnc2c(N)ncnc21,False,C12H15N5O4,293.1124,21
CO[C@H]1[C@@H](O)[C@H](n2cnc3c(NC(C)=O)ncnc32)O[C@@H]1C=O,False,C13H15N5O5,321.1073,23
CO[C@H]1[C@@H](OC(C)=O)[C@H](n2cnc3c(N)ncnc32)O[C@@H]1C=O,False,C13H15N5O5,321.1073,23
CO[C@H]1[C@@H](O)[C@H](n2cnc3c(N)ncnc32)O[C@@H]1C(O)C#N,False,C12H14N6O4,306.1077,22
Nc1ncnc2c1ncn2[C@@H]1O[C@H](C=O)[C@@H](OC=O)[C@H]1O,False,C11H11N5O5,293.076,21
CO[C@@H]1[C@H](O)[C@@H](C=O)O[C@H]1n1cnc2c(NC(C)=O)ncnc21,False,C13H15N5O5,321.1073,23
CO[C@@H]1[C@H](OC(C)=O)[C@@H](C=O)O[C@H]1n1cnc2c(N)ncnc21,False,C13H15N5O5,321.1073,23
CO[C@@H]1[C@H](O)[C@@H](C(O)C#N)O[C@H]1n1cnc2c(N)ncnc21,False,C12H14N6O4,306.1077,22
Nc1ncnc2c1ncn2[C@@H]1O[C@H](C=O)[C@@H](O)[C@H]1OC=O,False,C11H11N5O5,293.076,21
Cc1nc(NC=O)c2ncn([C@@H]3O[C@H](C=O)[C@@H](O)[C@H]3O)c2n1,False,C12H13N5O5,307.0917,22
Cc1nc2c(NC=O)ncnc2n1[C@@H]1O[C@H](C=O)[C@@H](O)[C@H]1O,False,C12H13N5O5,307.0917,22
C[C@]1(n2cnc3c(NC=O)ncnc32)O[C@H](C=O)[C@@H](O)[C@H]1O,False,C12H13N5O5,307.0917,22
C[C@]1(O)[C@H](O)[C@@H](C=O)O[C@H]1n1cnc2c(NC=O)ncnc21,False,C12H13N5O5,307.0917,22
C[C@@]1(C=O)O[C@@H](n2cnc3c(NC=O)ncnc32)[C@H](O)[C@@H]1O,False,C12H13N5O5,307.0917,22
C[C@]1(O)[C@@H](C=O)O[C@@H](n2cnc3c(NC=O)ncnc32)[C@@H]1O,False,C12H13N5O5,307.0917,22
CC(=O)[C@H]1O[C@@H](n2cnc3c(NC=O)ncnc32)[C@H](O)[C@@H]1O,False,C12H13N5O5,307.0917,22
O=C[C@H]1O[C@@H]2[C@H](OCC(O)Nc3ncnc4c3ncn42)[C@@H]1O,False,C12H13N5O5,307.0917,22
O=C1CO[C@@H]2[C@H](O)[C@@H](CO)O[C@H]2n2cnc3c(ncnc32)N1,False,C12H13N5O5,307.0917,22
O=C[C@H]1O[C@@H]2[C@H](O)[C@@H]1OCC(O)Nc1ncnc3c1ncn32,False,C12H13N5O5,307.0917,22
O=C1CO[C@H]2[C@@H](O)[C@@H](O[C@@H]2CO)n2cnc3c(ncnc32)N1,False,C12H13N5O5,307.0917,22
CC(O)Nc1nc2nc3c1ncn3[C@@H]1O[C@H](C=O)[C@@H](O)[C@H]1O2,False,C12H13N5O5,307.0917,22
CC(O)Nc1nc2nc3c1ncn3[C@@H]1O[C@H](C=O)[C@@H](O2)[C@H]1O,False,C12H13N5O5,307.0917,22
CC(O)Nc1ncnc2c1nc1n2[C@@H]2O[C@H](C=O)[C@@H](O)[C@H]2O1,False,C12H13N5O5,307.0917,22
CC(O)Nc1ncnc2c1nc1n2[C@@H]2O[C@H](C=O)[C@@H](O1)[C@H]2O,False,C12H13N5O5,307.0917,22
CC(O)Nc1ncnc2c1ncn2[C@]12O[C@@H]1[C@H](O)[C@@H](C=O)O2,False,C12H13N5O5,307.0917,22
CC(O)Nc1ncnc2c1ncn2[C@]12O[C@@H]([C@H]1O)[C@@H](C=O)O2,False,C12H13N5O5,307.0917,22
CC(O)Nc1ncnc2c1ncn2[C@@H]1O[C@H](C=O)[C@H]2O[C@]21O,False,C12H13N5O5,307.0917,22
CC(O)Nc1ncnc2c1ncn2[C@@H]1O[C@]2(C=O)O[C@@H]1[C@@H]2O,False,C12H13N5O5,307.0917,22
CC(O)Nc1ncnc2c1ncn2[C@@H]1O[C@]2(C=O)O[C@H]2[C@H]1O,False,C12H13N5O5,307.0917,22
CC(O)Nc1ncnc2c1ncn2[C@@H]1O[C@H](C=O)[C@@]2(O)O[C@@H]12,False,C12H13N5O5,307.0917,22
CC(O)Nc1ncnc2c1ncn2[C@@H]1O[C@@H]2C(=O)O[C@@H]1[C@@H]2O,False,C12H13N5O5,307.0917,22
CC(O)Nc1ncnc2c1ncn2[C@@H]1O[C@@H]2C(=O)O[C@H]2[C@H]1O,False,C12H13N5O5,307.0917,22
CC(O)Nc1ncnc2c1ncn2[C@@H]1O[C@H](C=O)[C@@H](O)[C@H]1O,False,C12H15N5O5,309.1073,22
CC(=O)N(C)c1ncnc2c1ncn2[C@@H]1O[C@H](C=O)[C@@H](O)[C@H]1O,False,C13H15N5O5,321.1073,23
CCC(=O)Nc1ncnc2c1ncn2[C@@H]1O[C@H](C=O)[C@@H](O)[C@H]1O,False,C13H15N5O5,321.1073,23
CC(=O)N(C(C)=O)c1ncnc2c1ncn2[C@@H]1O[C@H](C=O)[C@@H](O)[C@H]1O,False,C14H15N5O6,349.1022,25
CC(=O)Nc1ncnc2c1ncn2[C@@H]1O[C@H](C=O)[C@@H](O)[C@H]1OC(C)=O,False,C14H15N5O6,349.1022,25
CC(=O)Nc1ncnc2c1ncn2[C@@H]1O[C@H](C=O)[C@@H](OC(C)=O)[C@H]1O,False,C14H15N5O6,349.1022,25
CC(=O)Nc1ncnc2c1ncn2[C@@H]1O[C@H](C(O)C#N)[C@@H](O)[C@H]1O,False,C13H14N6O5,334.1026,24
CC(O)(C#N)Nc1ncnc2c1ncn2[C@@H]1O[C@H](C=O)[C@@H](O)[C@H]1O,False,C13H14N6O5,334.1026,24
CC(N)Nc1ncnc2c1ncn2[C@@H]1O[C@H](C=O)[C@@H](O)[C@H]1O,False,C12H16N6O4,308.1233,22
CC(=O)N(C(N)=O)c1ncnc2c1ncn2[C@@H]1O[C@H](C=O)[C@@H](O)[C@H]1O,False,C13H14N6O6,350.0975,25
O=C[C@H]1O[C@@H](n2cnc3c(NC(=O)CO)ncnc32)[C@H](O)[C@@H]1O,False,C12H13N5O6,323.0866,23
COC(=O)Nc1ncnc2c1ncn2[C@@H]1O[C@H](C=O)[C@@H](O)[C@H]1O,False,C12H13N5O6,323.0866,23
CC(O)Nc1ncnc2c1ncn2[C@@H]1O[C@H](C(=O)O)[C@@H](O)[C@H]1O,False,C12H15N5O6,325.1022,23
O=C[C@H]1O[C@@H](n2cnc3c(NC(O)CO)ncnc32)[C@H](O)[C@@H]1O,False,C12H15N5O6,325.1022,23
O=CNc1ncnc2c1ncn2[C@@H]1O[C@H](C=O)[C@@H](O)[C@H]1O,False,C11H11N5O5,293.076,21
CC(=O)Nc1nc(C)nc2c1ncn2[C@@H]1O[C@H](C=O)[C@@H](O)[C@H]1O,False,C13H15N5O5,321.1073,23
CC(=O)Nc1ncnc2c1nc(C)n2[C@@H]1O[C@H](C=O)[C@@H](O)[C@H]1O,False,C13H15N5O5,321.1073,23
CC(=O)Nc1ncnc2c1ncn2[C@@]1(C)O[C@H](C=O)[C@@H](O)[C@H]1O,False,C13H15N5O5,321.1073,23
CC(=O)Nc1ncnc2c1ncn2[C@@H]1O[C@H](C=O)[C@@H](O)[C@]1(C)O,False,C13H15N5O5,321.1073,23
CC(=O)Nc1ncnc2c1ncn2[C@@H]1O[C@@](C)(C=O)[C@@H](O)[C@H]1O,False,C13H15N5O5,321.1073,23
CC(=O)Nc1ncnc2c1ncn2[C@@H]1O[C@H](C=O)[C@](C)(O)[C@H]1O,False,C13H15N5O5,321.1073,23
CC(=O)Nc1ncnc2c1ncn2[C@@H]1O[C@H](C(C)=O)[C@@H](O)[C@H]1O,False,C13H15N5O5,321.1073,23
C[C@]1(OC=O)[C@@H](C=O)O[C@@H](n2cnc3c(N)ncnc32)[C@@H]1O,False,C12H13N5O5,307.0917,22
C[C@@]1(C=O)O[C@@H](n2cnc3c(N)ncnc32)[C@H](O)[C@@H]1OC=O,False,C12H13N5O5,307.0917,22
C[C@]1(O)[C@H](OC=O)[C@@H](C=O)O[C@H]1n1cnc2c(N)ncnc21,False,C12H13N5O5,307.0917,22
CC(=O)[C@H]1O[C@@H](n2cnc3c(N)ncnc32)[C@H](O)[C@@H]1OC=O,False,C12H13N5O5,307.0917,22
C[C@]1(n2cnc3c(N)ncnc32)O[C@H](C=O)[C@@H](OC=O)[C@H]1O,False,C12H13N5O5,307.0917,22
Cc1nc2c(N)ncnc2n1[C@@H]1O[C@H](C=O)[C@@H](OC=O)[C@H]1O,False,C12H13N5O5,307.0917,22
Cc1nc(N)c2ncn([C@@H]3O[C@H](C=O)[C@@H](OC=O)[C@H]3O)c2n1,False,C12H13N5O5,307.0917,22
CC1=Nc2ncnc3c2ncn3[C@@H]2O[C@H](C=O)[C@@H](O1)[C@H]2O,False,C12H11N5O4,289.0811,21
Nc1ncnc2c1ncn2[C@@H]1O[C@H](C=O)[C@H]2OC(O)CO[C@H]21,False,C12H13N5O5,307.0917,22
Nc1ncnc2c1ncn2[C@@H]1O[C@H](CO)[C@H]2OC(=O)CO[C@H]21,False,C12H13N5O5,307.0917,22
CC(O)O[C@]12O[C@H]1[C@H](n1cnc3c(N)ncnc31)O[C@@H]2C=O,False,C12H13N5O5,307.0917,22
CC(O)O[C@H]1[C@H]2O[C@@]1(C=O)O[C@H]2n1cnc2c(N)ncnc21,False,C12H13N5O5,307.0917,22
CC(O)O[C@H]1[C@H]2OC(=O)[C@H]1O[C@H]2n1cnc2c(N)ncnc21,False,C12H13N5O5,307.0917,22
CC(O)O[C@H]1[C@H]2O[C@]2(n2cnc3c(N)ncnc32)O[C@@H]1C=O,False,C12H13N5O5,307.0917,22
CC(O)O[C@H]1[C@H]2Oc3nc4c(N)ncnc4n3[C@@H]2O[C@@H]1C=O,False,C12H13N5O5,307.0917,22
CC(O)O[C@H]1[C@H]2Oc3nc(N)c4ncn(c4n3)[C@@H]2O[C@@H]1C=O,False,C12H13N5O5,307.0917,22
CC(O)O[C@H]1[C@@H](O)[C@H](n2cnc3c(N)ncnc32)O[C@@H]1C=O,False,C12H15N5O5,309.1073,22
CCO[C@H]1[C@@H](O)[C@H](n2cnc3c(N)ncnc32)O[C@@H]1C=O,False,C12H15N5O4,293.1124,21
CCC(=O)O[C@H]1[C@@H](O)[C@H](n2cnc3c(N)ncnc32)O[C@@H]1C=O,False,C13H15N5O5,321.1073,23
CC(=O)O[C@@H]1[C@H](OC(C)=O)[C@@H](C=O)O[C@H]1n1cnc2c(N)ncnc21,False,C14H15N5O6,349.1022,25
CC(=O)O[C@H]1[C@@H](O)[C@H](n2cnc3c(N)ncnc32)O[C@@H]1C(O)C#N,False,C13H14N6O5,334.1026,24
CC(O)(C#N)O[C@H]1[C@@H](O)[C@H](n2cnc3c(N)ncnc32)O[C@@H]1C=O,False,C13H14N6O5,334.1026,24
CC(N)O[C@H]1[C@@H](O)[C@H](n2cnc3c(N)ncnc32)O[C@@H]1C=O,False,C12H16N6O4,308.1233,22
Nc1ncnc2c1ncn2[C@@H]1O[C@H](C=O)[C@@H](OC(=O)CO)[C@H]1O,False,C12H13N5O6,323.0866,23
COC(=O)O[C@H]1[C@@H](O)[C@H](n2cnc3c(N)ncnc32)O[C@@H]1C=O,False,C12H13N5O6,323.0866,23
CC(O)O[C@H]1[C@@H](O)[C@H](n2cnc3c(N)ncnc32)O[C@@H]1C(=O)O,False,C12H15N5O6,325.1022,23
Nc1ncnc2c1ncn2[C@@H]1O[C@H](C=O)[C@@H](OC(O)CO)[C@H]1O,False,C12H15N5O6,325.1022,23
CC(=O)[C@H]1[C@@H](O)[C@H](n2cnc3c(N)ncnc32)O[C@@H]1C=O,False,C12H13N5O4,291.0968,21
CC(=O)O[C@@]1(C)[C@@H](C=O)O[C@@H](n2cnc3c(N)ncnc32)[C@@H]1O,False,C13H15N5O5,321.1073,23
CC(=O)O[C@H]1[C@@H](O)[C@H](n2cnc3c(N)ncnc32)O[C@@]1(C)C=O,False,C13H15N5O5,321.1073,23
CC(=O)O[C@@H]1[C@@H](C=O)O[C@@H](n2cnc3c(N)ncnc32)[C@@]1(C)O,False,C13H15N5O5,321.1073,23
CC(=O)O[C@H]1[C@@H](O)[C@H](n2cnc3c(N)ncnc32)O[C@@H]1C(C)=O,False,C13H15N5O5,321.1073,23
CC(=O)O[C@H]1[C@@H](O)[C@@](C)(n2cnc3c(N)ncnc32)O[C@@H]1C=O,False,C13H15N5O5,321.1073,23
CC(=O)O[C@H]1[C@@H](O)[C@H](n2c(C)nc3c(N)ncnc32)O[C@@H]1C=O,False,C13H15N5O5,321.1073,23
CC(=O)O[C@H]1[C@@H](O)[C@H](n2cnc3c(N)nc(C)nc32)O[C@@H]1C=O,False,C13H15N5O5,321.1073,23
C[C@]1(OC=O)[C@H](O)[C@@H](C=O)O[C@H]1n1cnc2c(N)ncnc21,False,C12H13N5O5,307.0917,22
C[C@]1(O)[C@@H](C=O)O[C@@H](n2cnc3c(N)ncnc32)[C@@H]1OC=O,False,C12H13N5O5,307.0917,22
C[C@]1(n2cnc3c(N)ncnc32)O[C@H](C=O)[C@@H](O)[C@H]1OC=O,False,C12H13N5O5,307.0917,22
C[C@@]1(C=O)O[C@@H](n2cnc3c(N)ncnc32)[C@H](OC=O)[C@@H]1O,False,C12H13N5O5,307.0917,22
CC(=O)[C@H]1O[C@@H](n2cnc3c(N)ncnc32)[C@H](OC=O)[C@@H]1O,False,C12H13N5O5,307.0917,22
Cc1nc2c(N)ncnc2n1[C@@H]1O[C@H](C=O)[C@@H](O)[C@H]1OC=O,False,C12H13N5O5,307.0917,22
Cc1nc(N)c2ncn([C@@H]3O[C@H](C=O)[C@@H](O)[C@H]3OC=O)c2n1,False,C12H13N5O5,307.0917,22
CC1=Nc2ncnc3c2ncn3[C@@H]2O[C@H](C=O)[C@@H](O)[C@H]2O1,False,C12H11N5O4,289.0811,21
Nc1ncnc2c1ncn2[C@@H]1O[C@H](C=O)[C@H]2OCC(O)O[C@H]21,False,C12H13N5O5,307.0917,22
Nc1ncnc2c1ncn2[C@@H]1O[C@H](CO)[C@H]2OCC(=O)O[C@H]21,False,C12H13N5O5,307.0917,22
CC(O)O[C@@]12O[C@@H]1[C@@H](C=O)O[C@H]2n1cnc2c(N)ncnc21,False,C12H13N5O5,307.0917,22
CC(O)O[C@@H]1[C@@H]2O[C@]1(n1cnc3c(N)ncnc31)O[C@@H]2C=O,False,C12H13N5O5,307.0917,22
CC(O)O[C@H]1[C@H](n2cnc3c(N)ncnc32)O[C@]2(C=O)O[C@@H]12,False,C12H13N5O5,307.0917,22
CC(O)O[C@@H]1[C@@H]2OC(=O)[C@H]2O[C@H]1n1cnc2c(N)ncnc21,False,C12H13N5O5,307.0917,22
CC(O)O[C@@H]1[C@@H]2Oc3nc4c(N)ncnc4n3[C@@H]1O[C@@H]2C=O,False,C12H13N5O5,307.0917,22
CC(O)O[C@@H]1[C@@H]2Oc3nc(N)c4ncn(c4n3)[C@@H]1O[C@@H]2C=O,False,C12H13N5O5,307.0917,22
CC(O)O[C@@H]1[C@H](O)[C@@H](C=O)O[C@H]1n1cnc2c(N)ncnc21,False,C12H15N5O5,309.1073,22
CCO[C@@H]1[C@H](O)[C@@H](C=O)O[C@H]1n1cnc2c(N)ncnc21,False,C12H15N5O4,293.1124,21
CCC(=O)O[C@@H]1[C@H](O)[C@@H](C=O)O[C@H]1n1cnc2c(N)ncnc21,False,C13H15N5O5,321.1073,23
CC(=O)O[C@@H]1[C@H](O)[C@@H](C(O)C#N)O[C@H]1n1cnc2c(N)ncnc21,False,C13H14N6O5,334.1026,24
CC(O)(C#N)O[C@@H]1[C@H](O)[C@@H](C=O)O[C@H]1n1cnc2c(N)ncnc21,False,C13H14N6O5,334.1026,24
CC(N)O[C@@H]1[C@H](O)[C@@H](C=O)O[C@H]1n1cnc2c(N)ncnc21,False,C12H16N6O4,308.1233,22
Nc1ncnc2c1ncn2[C@@H]1O[C@H](C=O)[C@@H](O)[C@H]1OC(=O)CO,False,C12H13N5O6,323.0866,23
COC(=O)O[C@@H]1[C@H](O)[C@@H](C=O)O[C@H]1n1cnc2c(N)ncnc21,False,C12H13N5O6,323.0866,23
CC(O)O[C@@H]1[C@H](O)[C@@H](C(=O)O)O[C@H]1n1cnc2c(N)ncnc21,False,C12H15N5O6,325.1022,23
Nc1ncnc2c1ncn2[C@@H]1O[C@H](C=O)[C@@H](O)[C@H]1OC(O)CO,False,C12H15N5O6,325.1022,23
CC(=O)[C@@H]1[C@H](O)[C@@H](C=O)O[C@H]1n1cnc2c(N)ncnc21,False,C12H13N5O4,291.0968,21
CC(=O)O[C@@]1(C)[C@H](O)[C@@H](C=O)O[C@H]1n1cnc2c(N)ncnc21,False,C13H15N5O5,321.1073,23
CC(=O)O[C@H]1[C@H](n2cnc3c(N)ncnc32)O[C@H](C=O)[C@]1(C)O,False,C13H15N5O5,321.1073,23
CC(=O)O[C@@H]1[C@H](O)[C@@H](C=O)O[C@]1(C)n1cnc2c(N)ncnc21,False,C13H15N5O5,321.1073,23
CC(=O)O[C@H]1[C@H](n2cnc3c(N)ncnc32)O[C@@](C)(C=O)[C@H]1O,False,C13H15N5O5,321.1073,23
CC(=O)O[C@@H]1[C@H](O)[C@@H](C(C)=O)O[C@H]1n1cnc2c(N)ncnc21,False,C13H15N5O5,321.1073,23
CC(=O)O[C@@H]1[C@H](O)[C@@H](C=O)O[C@H]1n1c(C)nc2c(N)ncnc21,False,C13H15N5O5,321.1073,23
CC(=O)O[C@@H]1[C@H](O)[C@@H](C=O)O[C@H]1n1cnc2c(N)nc(C)nc21,False,C13H15N5O5,321.1073,23
N#C[C@@]1(CO)O[C@@H](n2cnc3c(N)ncnc32)[C@H](O)[C@@H]1O,False,C11H12N6O4,292.092,21
N#C[C@]1(O)[C@@H](CO)O[C@@H](n2cnc3c(N)ncnc32)[C@@H]1O,False,C11H12N6O4,292.092,21
N#C[C@]1(O)[C@H](O)[C@@H](CO)O[C@H]1n1cnc2c(N)ncnc21,False,C11H12N6O4,292.092,21
N#C[C@]1(n2cnc3c(N)ncnc32)O[C@H](CO)[C@@H](O)[C@H]1O,False,C11H12N6O4,292.092,21
N#Cc1nc2c(N)ncnc2n1[C@@H]1O[C@H](CO)[C@@H](O)[C@H]1O,False,C11H12N6O4,292.092,21
N#Cc1nc(N)c2ncn([C@@H]3O[C@H](CO)[C@@H](O)[C@H]3O)c2n1,False,C11H12N6O4,292.092,21
N#CC=O,False,C2HNO,55.0058,4
N#CC(=O)[C@H]1O[C@@H](n2cnc3c(N)ncnc32)[C@H](O)[C@@H]1O,False,C11H10N6O4,290.0764,21
COC(C#N)[C@H]1O[C@@H](n2cnc3c(N)ncnc32)[C@H](O)[C@@H]1O,False,C12H14N6O4,306.1077,22
CC(O)(C#N)[C@H]1O[C@@H](n2cnc3c(N)ncnc32)[C@H](O)[C@@H]1O,False,C12H14N6O4,306.1077,22
CC(=O)OC(C#N)[C@H]1O[C@@H](n2cnc3c(N)ncnc32)[C@H](O)[C@@H]1O,False,C13H14N6O5,334.1026,24
N#CC(O)(C(=O)O)[C@H]1O[C@@H](n2cnc3c(N)ncnc32)[C@H](O)[C@@H]1O,False,C12H12N6O6,336.0818,24
N#CC(Cl)[C@H]1O[C@@H](n2cnc3c(N)ncnc32)[C@H](O)[C@@H]1O,False,C11H11ClN6O3,310.0581,21
NC(=O)C(O)[C@H]1O[C@@H](n2cnc3c(N)ncnc32)[C@H](O)[C@@H]1O,False,C11H14N6O5,310.1026,22
Nc1ncnc2c1ncn2[C@@H]1O[C@H](C(O)C=NO)[C@@H](O)[C@H]1O,False,C11H14N6O5,310.1026,22
N#CC[C@H]1O[C@@H](n2cnc3c(N)ncnc32)[C@H](O)[C@@H]1O,False,C11H12N6O3,276.0971,20
Nc1ncnc2c1ncn2[C@@H]1O[C@H](C(O)C(=O)O)[C@@H](O)[C@H]1O,False,C11H13N5O6,311.0866,22
N#CC(O)(C#N)[C@H]1O[C@@H](n2cnc3c(N)ncnc32)[C@H](O)[C@@H]1O,False,C12H11N7O4,317.0873,23
N#CC(O)[C@]1(C#N)O[C@@H](n2cnc3c(N)ncnc32)[C@H](O)[C@@H]1O,False,C12H11N7O4,317.0873,23
N#CC(O)[C@H]1O[C@@H](n2cnc3c(N)ncnc32)[C@H](O)[C@]1(O)C#N,False,C12H11N7O4,317.0873,23
N#CC(O)[C@H]1O[C@@H](n2cnc3c(N)ncnc32)[C@](O)(C#N)[C@@H]1O,False,C12H11N7O4,317.0873,23
N#CC(O)[C@H]1O[C@](C#N)(n2cnc3c(N)ncnc32)[C@H](O)[C@@H]1O,False,C12H11N7O4,317.0873,23
N#Cc1nc2c(N)ncnc2n1[C@@H]1O[C@H](C(O)C#N)[C@@H](O)[C@H]1O,False,C12H11N7O4,317.0873,23
N#Cc1nc(N)c2ncn([C@@H]3O[C@H](C(O)C#N)[C@@H](O)[C@H]3O)c2n1,False,C12H11N7O4,317.0873,23
COC[C@H]1O[C@@H](n2cnc3c(N)ncnc32)[C@H](OC)[C@@H]1OC,False,C13H19N5O4,309.1437,22
COC[C@H]1O[C@@H](n2cnc3c(NC(C)=O)ncnc32)[C@H](O)[C@@H]1OC,False,C14H19N5O5,337.1386,24
COC[C@H]1O[C@@H](n2cnc3c(N)ncnc32)[C@H](OC(C)=O)[C@@H]1OC,False,C14H19N5O5,337.1386,24
COC[C@H]1O[C@@H](n2cnc3c(N)ncnc32)[C@H](O)[C@@H]1OC=O,False,C12H15N5O5,309.1073,22
COC(=O)[C@H]1O[C@@H](n2cnc3c(N)ncnc32)[C@H](O)[C@@H]1OC,False,C12H15N5O5,309.1073,22
CO[C@H]1[C@@H](O)[C@H](n2cnc3c(N)ncnc32)O[C@@H]1COC=O,False,C12H15N5O5,309.1073,22
COC[C@H]1O[C@@H](n2cnc3c(NC(C)=O)ncnc32)[C@H](OC)[C@@H]1O,False,C14H19N5O5,337.1386,24
COC[C@H]1O[C@@H](n2cnc3c(N)ncnc32)[C@H](OC)[C@@H]1OC(C)=O,False,C14H19N5O5,337.1386,24
COC[C@H]1O[C@@H](n2cnc3c(N)ncnc32)[C@H](OC=O)[C@@H]1O,False,C12H15N5O5,309.1073,22
COC(=O)[C@H]1O[C@@H](n2cnc3c(N)ncnc32)[C@H](OC)[C@@H]1O,False,C12H15N5O5,309.1073,22
CO[C@@H]1[C@H](O)[C@@H](COC=O)O[C@H]1n1cnc2c(N)ncnc21,False,C12H15N5O5,309.1073,22
COC[C@H]1O[C@@H](n2cnc3c(NC=O)nc(C)nc32)[C@H](O)[C@@H]1O,False,C13H17N5O5,323.123,23
COC[C@H]1O[C@@H](n2c(C)nc3c(NC=O)ncnc32)[C@H](O)[C@@H]1O,False,C13H17N5O5,323.123,23
COC[C@H]1O[C@](C)(n2cnc3c(NC=O)ncnc32)[C@H](O)[C@@H]1O,False,C13H17N5O5,323.123,23
COC[C@H]1O[C@@H](n2cnc3c(NC=O)ncnc32)[C@@](C)(O)[C@@H]1O,False,C13H17N5O5,323.123,23
COC[C@]1(C)O[C@@H](n2cnc3c(NC=O)ncnc32)[C@H](O)[C@@H]1O,False,C13H17N5O5,323.123,23
COC[C@H]1O[C@@H](n2cnc3c(NC=O)ncnc32)[C@H](O)[C@@]1(C)O,False,C13H17N5O5,323.123,23
COC(C)[C@H]1O[C@@H](n2cnc3c(NC=O)ncnc32)[C@H](O)[C@@H]1O,False,C13H17N5O5,323.123,23
CCOC[C@H]1O[C@@H](n2cnc3c(NC=O)ncnc32)[C@H](O)[C@@H]1O,False,C13H17N5O5,323.123,23
COC[C@H]1O[C@@H]2[C@H](OCC(O)Nc3ncnc4c3ncn42)[C@@H]1O,False,C13H17N5O5,323.123,23
COC[C@H]1O[C@@H]2[C@H](O)[C@@H]1OCC(O)Nc1ncnc3c1ncn32,False,C13H17N5O5,323.123,23
COC[C@H]1O[C@@H]2[C@H](Oc3nc(NC(C)O)c4ncn2c4n3)[C@@H]1O,False,C13H17N5O5,323.123,23
COC[C@H]1O[C@@H]2[C@H](O)[C@@H]1Oc1nc(NC(C)O)c3ncn2c3n1,False,C13H17N5O5,323.123,23
COC[C@H]1O[C@@H]2[C@H](Oc3nc4c(NC(C)O)ncnc4n32)[C@@H]1O,False,C13H17N5O5,323.123,23
COC[C@H]1O[C@@H]2[C@H](O)[C@@H]1Oc1nc3c(NC(C)O)ncnc3n12,False,C13H17N5O5,323.123,23
COC[C@H]1O[C@@]2(n3cnc4c(NC(C)O)ncnc43)O[C@@H]2[C@@H]1O,False,C13H17N5O5,323.123,23
COC[C@H]1O[C@@]2(n3cnc4c(NC(C)O)ncnc43)O[C@H]1[C@H]2O,False,C13H17N5O5,323.123,23
COC[C@H]1O[C@@H](n2cnc3c(NC(C)O)ncnc32)[C@]2(O)O[C@H]12,False,C13H17N5O5,323.123,23
COC[C@]12O[C@@H]([C@H](n3cnc4c(NC(C)O)ncnc43)O1)[C@@H]2O,False,C13H17N5O5,323.123,23
COC[C@]12O[C@@H](n3cnc4c(NC(C)O)ncnc43)[C@H](O)[C@@H]1O2,False,C13H17N5O5,323.123,23
COC[C@H]1O[C@@H](n2cnc3c(NC(C)O)ncnc32)[C@@H]2O[C@]12O,False,C13H17N5O5,323.123,23
COC1O[C@@H]2[C@H](O)[C@@H]1O[C@H]2n1cnc2c(NC(C)O)ncnc21,False,C13H17N5O5,323.123,23
COC1O[C@H]2[C@@H](O)[C@H](n3cnc4c(NC(C)O)ncnc43)O[C@H]12,False,C13H17N5O5,323.123,23
CC(O)Nc1ncnc2c1ncn2[C@@H]1O[C@@H]2COCO[C@@H]1[C@@H]2O,False,C13H17N5O5,323.123,23
CC(O)Nc1ncnc2c1ncn2[C@@H]1O[C@@H]2COCO[C@H]2[C@H]1O,False,C13H17N5O5,323.123,23
COC[C@H]1O[C@@H](n2cnc3c(NC(C)O)ncnc32)[C@H](O)[C@@H]1O,False,C13H19N5O5,325.1386,23
COC[C@H]1O[C@@H](n2cnc3c(N(C)C(C)=O)ncnc32)[C@H](O)[C@@H]1O,False,C14H19N5O5,337.1386,24
CCC(=O)Nc1ncnc2c1ncn2[C@@H]1O[C@H](COC)[C@@H](O)[C@H]1O,False,C14H19N5O5,337.1386,24
COC[C@H]1O[C@@H](n2cnc3c(N(C(C)=O)C(C)=O)ncnc32)[C@H](O)[C@@H]1O,False,C15H19N5O6,365.1335,26
COC[C@H]1O[C@@H](n2cnc3c(NC(C)=O)ncnc32)[C@H](OC(C)=O)[C@@H]1O,False,C15H19N5O6,365.1335,26
COC[C@H]1O[C@@H](n2cnc3c(NC(C)=O)ncnc32)[C@H](O)[C@@H]1OC(C)=O,False,C15H19N5O6,365.1335,26
COC[C@H]1O[C@@H](n2cnc3c(NC(C)(O)C#N)ncnc32)[C@H](O)[C@@H]1O,False,C14H18N6O5,350.1339,25
COC[C@H]1O[C@@H](n2cnc3c(NC(C)N)ncnc32)[C@H](O)[C@@H]1O,False,C13H20N6O4,324.1546,23
COC[C@H]1O[C@@H](n2cnc3c(N(C(C)=O)C(N)=O)ncnc32)[C@H](O)[C@@H]1O,False,C14H18N6O6,366.1288,26
COC[C@H]1O[C@@H](n2cnc3c(NC(=O)CO)ncnc32)[C@H](O)[C@@H]1O,False,C13H17N5O6,339.1179,24
COC[C@H]1O[C@@H](n2cnc3c(NC(=O)OC)ncnc32)[C@H](O)[C@@H]1O,False,C13H17N5O6,339.1179,24
COC[C@H]1O[C@@H](n2cnc3c(NC(O)CO)ncnc32)[C@H](O)[C@@H]1O,False,C13H19N5O6,341.1335,24
COC(=O)[C@H]1O[C@@H](n2cnc3c(NC(C)=O)ncnc32)[C@H](O)[C@@H]1O,False,C13H15N5O6,337.1022,24
CC(=O)Nc1ncnc2c1ncn2[C@@H]1O[C@H](COC=O)[C@@H](O)[C@H]1O,False,C13H15N5O6,337.1022,24
COC[C@H]1O[C@@H](n2cnc3c(NC=O)ncnc32)[C@H](O)[C@@H]1O,False,C12H15N5O5,309.1073,22
COC[C@H]1O[C@@H](n2cnc3c(NC(C)=O)nc(C)nc32)[C@H](O)[C@@H]1O,False,C14H19N5O5,337.1386,24
COC[C@H]1O[C@@H](n2c(C)nc3c(NC(C)=O)ncnc32)[C@H](O)[C@@H]1O,False,C14H19N5O5,337.1386,24
COC[C@H]1O[C@](C)(n2cnc3c(NC(C)=O)ncnc32)[C@H](O)[C@@H]1O,False,C14H19N5O5,337.1386,24
COC[C@H]1O[C@@H](n2cnc3c(NC(C)=O)ncnc32)[C@@](C)(O)[C@@H]1O,False,C14H19N5O5,337.1386,24
COC[C@]1(C)O[C@@H](n2cnc3c(NC(C)=O)ncnc32)[C@H](O)[C@@H]1O,False,C14H19N5O5,337.1386,24
COC[C@H]1O[C@@H](n2cnc3c(NC(C)=O)ncnc32)[C@H](O)[C@@]1(C)O,False,C14H19N5O5,337.1386,24
COC(C)[C@H]1O[C@@H](n2cnc3c(NC(C)=O)ncnc32)[C@H](O)[C@@H]1O,False,C14H19N5O5,337.1386,24
CCOC[C@H]1O[C@@H](n2cnc3c(NC(C)=O)ncnc32)[C@H](O)[C@@H]1O,False,C14H19N5O5,337.1386,24
COC[C@H]1O[C@@H](n2cnc3c(N)ncnc32)[C@H](O)[C@@]1(C)OC=O,False,C13H17N5O5,323.123,23
COC[C@]1(C)O[C@@H](n2cnc3c(N)ncnc32)[C@H](O)[C@@H]1OC=O,False,C13H17N5O5,323.123,23
COC[C@H]1O[C@@H](n2cnc3c(N)ncnc32)[C@@](C)(O)[C@@H]1OC=O,False,C13H17N5O5,323.123,23
COC(C)[C@H]1O[C@@H](n2cnc3c(N)ncnc32)[C@H](O)[C@@H]1OC=O,False,C13H17N5O5,323.123,23
COC[C@H]1O[C@](C)(n2cnc3c(N)ncnc32)[C@H](O)[C@@H]1OC=O,False,C13H17N5O5,323.123,23
CCOC[C@H]1O[C@@H](n2cnc3c(N)ncnc32)[C@H](O)[C@@H]1OC=O,False,C13H17N5O5,323.123,23
COC[C@H]1O[C@@H](n2c(C)nc3c(N)ncnc32)[C@H](O)[C@@H]1OC=O,False,C13H17N5O5,323.123,23
COC[C@H]1O[C@@H](n2cnc3c(N)nc(C)nc32)[C@H](O)[C@@H]1OC=O,False,C13H17N5O5,323.123,23
COC[C@H]1O[C@@H]2[C@H](O)[C@@H]1OC(C)=Nc1ncnc3c1ncn32,False,C13H15N5O4,305.1124,22
COC[C@H]1O[C@@H](n2cnc3c(N)ncnc32)[C@@H]2OCC(O)O[C@@H]21,False,C13H17N5O5,323.123,23
COC[C@H]1O[C@@H](n2cnc3c(N)ncnc32)[C@@H]2O[C@]12OC(C)O,False,C13H17N5O5,323.123,23
COC[C@]12O[C@@H]([C@H](n3cnc4c(N)ncnc43)O1)[C@@H]2OC(C)O,False,C13H17N5O5,323.123,23
COC1O[C@@H]2[C@H](OC(C)O)[C@@H]1O[C@H]2n1cnc2c(N)ncnc21,False,C13H17N5O5,323.123,23
COC[C@H]1O[C@@]2(n3cnc4c(N)ncnc43)O[C@@H]2[C@@H]1OC(C)O,False,C13H17N5O5,323.123,23
CC(O)O[C@H]1[C@H]2OCOC[C@H]1O[C@H]2n1cnc2c(N)ncnc21,False,C13H17N5O5,323.123,23
COC[C@H]1O[C@@H]2[C@H](Oc3nc4c(N)ncnc4n32)[C@@H]1OC(C)O,False,C13H17N5O5,323.123,23
COC[C@H]1O[C@@H]2[C@H](Oc3nc(N)c4ncn2c4n3)[C@@H]1OC(C)O,False,C13H17N5O5,323.123,23
COC[C@H]1O[C@@H](n2cnc3c(N)ncnc32)[C@H](O)[C@@H]1OC(C)O,False,C13H19N5O5,325.1386,23
CCO[C@H]1[C@@H](O)[C@H](n2cnc3c(N)ncnc32)O[C@@H]1COC,False,C13H19N5O4,309.1437,22
CCC(=O)O[C@H]1[C@@H](O)[C@H](n2cnc3c(N)ncnc32)O[C@@H]1COC,False,C14H19N5O5,337.1386,24
COC[C@H]1O[C@@H](n2cnc3c(N)ncnc32)[C@H](OC(C)=O)[C@@H]1OC(C)=O,False,C15H19N5O6,365.1335,26
COC[C@H]1O[C@@H](n2cnc3c(N)ncnc32)[C@H](O)[C@@H]1OC(C)(O)C#N,False,C14H18N6O5,350.1339,25
COC[C@H]1O[C@@H](n2cnc3c(N)ncnc32)[C@H](O)[C@@H]1OC(C)N,False,C13H20N6O4,324.1546,23
COC[C@H]1O[C@@H](n2cnc3c(N)ncnc32)[C@H](O)[C@@H]1OC(=O)CO,False,C13H17N5O6,339.1179,24
COC[C@H]1O[C@@H](n2cnc3c(N)ncnc32)[C@H](O)[C@@H]1OC(=O)OC,False,C13H17N5O6,339.1179,24
COC[C@H]1O[C@@H](n2cnc3c(N)ncnc32)[C@H](O)[C@@H]1OC(O)CO,False,C13H19N5O6,341.1335,24
COC[C@H]1O[C@@H](n2cnc3c(N)ncnc32)[C@H](O)[C@@H]1C(C)=O,False,C13H17N5O4,307.1281,22
COC(=O)[C@H]1O[C@@H](n2cnc3c(N)ncnc32)[C@H](O)[C@@H]1OC(C)=O,False,C13H15N5O6,337.1022,24
CC(=O)O[C@H]1[C@@H](O)[C@H](n2cnc3c(N)ncnc32)O[C@@H]1COC=O,False,C13H15N5O6,337.1022,24
COC[C@H]1O[C@@H](n2cnc3c(N)ncnc32)[C@H](O)[C@@]1(C)OC(C)=O,False,C14H19N5O5,337.1386,24
COC[C@]1(C)O[C@@H](n2cnc3c(N)ncnc32)[C@H](O)[C@@H]1OC(C)=O,False,C14H19N5O5,337.1386,24
COC[C@H]1O[C@@H](n2cnc3c(N)ncnc32)[C@@](C)(O)[C@@H]1OC(C)=O,False,C14H19N5O5,337.1386,24
COC(C)[C@H]1O[C@@H](n2cnc3c(N)ncnc32)[C@H](O)[C@@H]1OC(C)=O,False,C14H19N5O5,337.1386,24
COC[C@H]1O[C@](C)(n2cnc3c(N)ncnc32)[C@H](O)[C@@H]1OC(C)=O,False,C14H19N5O5,337.1386,24
CCOC[C@H]1O[C@@H](n2cnc3c(N)ncnc32)[C@H](O)[C@@H]1OC(C)=O,False,C14H19N5O5,337.1386,24
COC[C@H]1O[C@@H](n2c(C)nc3c(N)ncnc32)[C@H](O)[C@@H]1OC(C)=O,False,C14H19N5O5,337.1386,24
COC[C@H]1O[C@@H](n2cnc3c(N)nc(C)nc32)[C@H](O)[C@@H]1OC(C)=O,False,C14H19N5O5,337.1386,24
COC[C@H]1O[C@@H](n2cnc3c(N)ncnc32)[C@@](C)(OC=O)[C@@H]1O,False,C13H17N5O5,323.123,23
COC[C@H]1O[C@@H](n2cnc3c(N)ncnc32)[C@H](OC=O)[C@@]1(C)O,False,C13H17N5O5,323.123,23
COC[C@H]1O[C@](C)(n2cnc3c(N)ncnc32)[C@H](OC=O)[C@@H]1O,False,C13H17N5O5,323.123,23
COC[C@]1(C)O[C@@H](n2cnc3c(N)ncnc32)[C@H](OC=O)[C@@H]1O,False,C13H17N5O5,323.123,23
COC(C)[C@H]1O[C@@H](n2cnc3c(N)ncnc32)[C@H](OC=O)[C@@H]1O,False,C13H17N5O5,323.123,23
COC[C@H]1O[C@@H](n2c(C)nc3c(N)ncnc32)[C@H](OC=O)[C@@H]1O,False,C13H17N5O5,323.123,23
CCOC[C@H]1O[C@@H](n2cnc3c(N)ncnc32)[C@H](OC=O)[C@@H]1O,False,C13H17N5O5,323.123,23
COC[C@H]1O[C@@H](n2cnc3c(N)nc(C)nc32)[C@H](OC=O)[C@@H]1O,False,C13H17N5O5,323.123,23
COC[C@H]1O[C@@H]2[C@H](OC(C)=Nc3ncnc4c3ncn42)[C@@H]1O,False,C13H15N5O4,305.1124,22
COC[C@H]1O[C@@H](n2cnc3c(N)ncnc32)[C@@H]2OC(O)CO[C@@H]21,False,C13H17N5O5,323.123,23
COC[C@H]1O[C@@H](n2cnc3c(N)ncnc32)[C@]2(OC(C)O)O[C@H]12,False,C13H17N5O5,323.123,23
COC[C@H]1O[C@@]2(n3cnc4c(N)ncnc43)O[C@H]1[C@H]2OC(C)O,False,C13H17N5O5,323.123,23
COC[C@]12O[C@@H](n3cnc4c(N)ncnc43)[C@H](OC(C)O)[C@@H]1O2,False,C13H17N5O5,323.123,23
COC1O[C@H]2[C@@H](OC(C)O)[C@H](n3cnc4c(N)ncnc43)O[C@H]12,False,C13H17N5O5,323.123,23
COC[C@H]1O[C@@H]2[C@H](OC(C)O)[C@@H]1Oc1nc3c(N)ncnc3n12,False,C13H17N5O5,323.123,23
CC(O)O[C@@H]1[C@@H]2OCOC[C@H]2O[C@H]1n1cnc2c(N)ncnc21,False,C13H17N5O5,323.123,23
COC[C@H]1O[C@@H]2[C@H](OC(C)O)[C@@H]1Oc1nc(N)c3ncn2c3n1,False,C13H17N5O5,323.123,23
COC[C@H]1O[C@@H](n2cnc3c(N)ncnc32)[C@H](OC(C)O)[C@@H]1O,False,C13H19N5O5,325.1386,23
CCO[C@@H]1[C@H](O)[C@@H](COC)O[C@H]1n1cnc2c(N)ncnc21,False,C13H19N5O4,309.1437,22
CCC(=O)O[C@@H]1[C@H](O)[C@@H](COC)O[C@H]1n1cnc2c(N)ncnc21,False,C14H19N5O5,337.1386,24
COC[C@H]1O[C@@H](n2cnc3c(N)ncnc32)[C@H](OC(C)(O)C#N)[C@@H]1O,False,C14H18N6O5,350.1339,25
COC[C@H]1O[C@@H](n2cnc3c(N)ncnc32)[C@H](OC(C)N)[C@@H]1O,False,C13H20N6O4,324.1546,23
COC[C@H]1O[C@@H](n2cnc3c(N)ncnc32)[C@H](OC(=O)CO)[C@@H]1O,False,C13H17N5O6,339.1179,24
COC[C@H]1O[C@@H](n2cnc3c(N)ncnc32)[C@H](OC(=O)OC)[C@@H]1O,False,C13H17N5O6,339.1179,24
COC[C@H]1O[C@@H](n2cnc3c(N)ncnc32)[C@H](OC(O)CO)[C@@H]1O,False,C13H19N5O6,341.1335,24
COC[C@H]1O[C@@H](n2cnc3c(N)ncnc32)[C@H](C(C)=O)[C@@H]1O,False,C13H17N5O4,307.1281,22
COC(=O)[C@H]1O[C@@H](n2cnc3c(N)ncnc32)[C@H](OC(C)=O)[C@@H]1O,False,C13H15N5O6,337.1022,24
CC(=O)O[C@@H]1[C@H](O)[C@@H](COC=O)O[C@H]1n1cnc2c(N)ncnc21,False,C13H15N5O6,337.1022,24
COC[C@H]1O[C@@H](n2cnc3c(N)ncnc32)[C@@](C)(OC(C)=O)[C@@H]1O,False,C14H19N5O5,337.1386,24
COC[C@H]1O[C@@H](n2cnc3c(N)ncnc32)[C@H](OC(C)=O)[C@@]1(C)O,False,C14H19N5O5,337.1386,24
COC[C@H]1O[C@](C)(n2cnc3c(N)ncnc32)[C@H](OC(C)=O)[C@@H]1O,False,C14H19N5O5,337.1386,24
COC[C@]1(C)O[C@@H](n2cnc3c(N)ncnc32)[C@H](OC(C)=O)[C@@H]1O,False,C14H19N5O5,337.1386,24
COC(C)[C@H]1O[C@@H](n2cnc3c(N)ncnc32)[C@H](OC(C)=O)[C@@H]1O,False,C14H19N5O5,337.1386,24
COC[C@H]1O[C@@H](n2c(C)nc3c(N)ncnc32)[C@H](OC(C)=O)[C@@H]1O,False,C14H19N5O5,337.1386,24
CCOC[C@H]1O[C@@H](n2cnc3c(N)ncnc32)[C@H](OC(C)=O)[C@@H]1O,False,C14H19N5O5,337.1386,24
COC[C@H]1O[C@@H](n2cnc3c(N)nc(C)nc32)[C@H](OC(C)=O)[C@@H]1O,False,C14H19N5O5,337.1386,24
COS(=O)(=O)O,False,CH4O4S,111.983,6
COC,False,C2H6O,46.0419,3
CO[C@H]1O[C@H](CO)[C@@H](O)[C@H](O)[C@H]1O,False,C7H14O6,194.079,13
COC(C)=O,False,C3H6O2,74.0368,5
COP(=O)(O)O,False,CH5O4P,111.9925,6
O=CO,False,CH2O2,46.0055,3
O[C@@H]1[C@H](O)[C@H]2COC=Nc3ncnc4c3ncn4[C@@H]1O2,False,C11H11N5O4,277.0811,20
Nc1ncnc2c1ncn2[C@@H]1O[C@@H]2C(OCO)O[C@H]2[C@H]1O,False,C11H13N5O5,295.0917,21
Nc1ncnc2c1ncn2[C@@H]1O[C@@H]2C(OCO)O[C@@H]1[C@@H]2O,False,C11H13N5O5,295.0917,21
Nc1ncnc2c1ncn2[C@@H]1O[C@]2(COCO)O[C@H]2[C@H]1O,False,C11H13N5O5,295.0917,21
Nc1ncnc2c1ncn2[C@@H]1O[C@]2(COCO)O[C@@H]1[C@@H]2O,False,C11H13N5O5,295.0917,21
Nc1ncnc2c1ncn2[C@@H]1O[C@H](COCO)[C@@]2(O)O[C@@H]12,False,C11H13N5O5,295.0917,21
Nc1ncnc2c1ncn2[C@@H]1O[C@H](COCO)[C@H]2O[C@]21O,False,C11H13N5O5,295.0917,21
Nc1ncnc2c1ncn2[C@]12O[C@@H]([C@H]1O)[C@@H](COCO)O2,False,C11H13N5O5,295.0917,21
Nc1ncnc2c1ncn2[C@]12O[C@@H]1[C@H](O)[C@@H](COCO)O2,False,C11H13N5O5,295.0917,21
Nc1ncnc2c1nc1n2[C@@H]2O[C@H](COCO)[C@@H](O1)[C@H]2O,False,C11H13N5O5,295.0917,21
Nc1ncnc2c1nc1n2[C@@H]2O[C@H](COCO)[C@@H](O)[C@H]2O1,False,C11H13N5O5,295.0917,21
Nc1nc2nc3c1ncn3[C@@H]1O[C@H](COCO)[C@@H](O2)[C@H]1O,False,C11H13N5O5,295.0917,21
Nc1nc2nc3c1ncn3[C@@H]1O[C@H](COCO)[C@@H](O)[C@H]1O2,False,C11H13N5O5,295.0917,21
Nc1ncnc2c1ncn2[C@@H]1O[C@H](C(=O)OC=O)[C@@H](O)[C@H]1O,False,C11H11N5O6,309.0709,22
Nc1ncnc2c1ncn2[C@@H]1O[C@H](COC=O)[C@@H](OC=O)[C@H]1O,False,C12H13N5O6,323.0866,23
Nc1ncnc2c1ncn2[C@@H]1O[C@H](COC=O)[C@@H](O)[C@H]1OC=O,False,C12H13N5O6,323.0866,23
O=CNc1ncnc2c1ncn2[C@@H]1O[C@H](COC=O)[C@@H](O)[C@H]1O,False,C12H13N5O6,323.0866,23
COC1=Nc2ncnc3c2ncn3[C@@H]2O[C@H]1[C@@H](O)[C@H]2O,False,C11H11N5O4,277.0811,20
COC(O)[C@]12O[C@@H](n3cnc4c(N)ncnc43)[C@H](O)[C@@H]1O2,False,C11H13N5O5,295.0917,21
COC(O)[C@]12O[C@@H]([C@H](n3cnc4c(N)ncnc43)O1)[C@@H]2O,False,C11H13N5O5,295.0917,21
Nc1ncnc2c1ncn2[C@@H]1O[C@@H]2C(O)OCO[C@H]2[C@H]1O,False,C11H13N5O5,295.0917,21
Nc1ncnc2c1ncn2[C@@H]1O[C@@H]2C(O)OCO[C@@H]1[C@@H]2O,False,C11H13N5O5,295.0917,21
COC(O)[C@H]1O[C@@H](n2cnc3c(N)ncnc32)[C@@H]2O[C@]12O,False,C11H13N5O5,295.0917,21
COC(O)[C@H]1O[C@@H](n2cnc3c(N)ncnc32)[C@]2(O)O[C@H]12,False,C11H13N5O5,295.0917,21
COC(O)[C@H]1O[C@@]2(n3cnc4c(N)ncnc43)O[C@H]1[C@H]2O,False,C11H13N5O5,295.0917,21
COC(O)[C@H]1O[C@@]2(n3cnc4c(N)ncnc43)O[C@@H]2[C@@H]1O,False,C11H13N5O5,295.0917,21
COC(O)[C@H]1O[C@@H]2[C@H](O)[C@@H]1Oc1nc3c(N)ncnc3n12,False,C11H13N5O5,295.0917,21
COC(O)[C@H]1O[C@@H]2[C@H](Oc3nc4c(N)ncnc4n32)[C@@H]1O,False,C11H13N5O5,295.0917,21
COC(O)[C@H]1O[C@@H]2[C@H](O)[C@@H]1Oc1nc(N)c3ncn2c3n1,False,C11H13N5O5,295.0917,21
COC(O)[C@H]1O[C@@H]2[C@H](Oc3nc(N)c4ncn2c4n3)[C@@H]1O,False,C11H13N5O5,295.0917,21
COC(O)[C@H]1O[C@@H](n2cnc3c(N)ncnc32)[C@H](O)[C@@H]1O,False,C11H15N5O5,297.1073,21
COC(O)(C#N)[C@H]1O[C@@H](n2cnc3c(N)ncnc32)[C@H](O)[C@@H]1O,False,C12H14N6O5,322.1026,23
CO[C@@H]1[C@H](OC)[C@@H](CO)O[C@H]1n1cnc2c(NC(C)=O)ncnc21,False,C14H19N5O5,337.1386,24
CO[C@@H]1[C@H](OC)[C@@H](COC(C)=O)O[C@H]1n1cnc2c(N)ncnc21,False,C14H19N5O5,337.1386,24
CO[C@@H]1[C@H](OC)[C@@H](C)O[C@H]1n1cnc2c(N)ncnc21,False,C12H17N5O3,279.1331,20
CO[C@H]1[C@@H](OC=O)[C@H](n2cnc3c(N)ncnc32)O[C@@H]1CO,False,C12H15N5O5,309.1073,22
CO[C@@H]1[C@H](OC=O)[C@@H](CO)O[C@H]1n1cnc2c(N)ncnc21,False,C12H15N5O5,309.1073,22
CO[C@@H]1[C@H](OC)[C@@H](C(=O)O)O[C@H]1n1cnc2c(N)ncnc21,False,C12H15N5O5,309.1073,22
CO[C@H]1[C@@H](O)[C@H](n2cnc3c(NC=O)nc(C)nc32)O[C@@H]1CO,False,C13H17N5O5,323.123,23
CO[C@H]1[C@@H](O)[C@H](n2c(C)nc3c(NC=O)ncnc32)O[C@@H]1CO,False,C13H17N5O5,323.123,23
CO[C@H]1[C@@H](O)[C@@](C)(n2cnc3c(NC=O)ncnc32)O[C@@H]1CO,False,C13H17N5O5,323.123,23
CO[C@@H]1[C@@H](CO)O[C@@H](n2cnc3c(NC=O)ncnc32)[C@@]1(C)O,False,C13H17N5O5,323.123,23
CO[C@@]1(C)[C@@H](CO)O[C@@H](n2cnc3c(NC=O)ncnc32)[C@@H]1O,False,C13H17N5O5,323.123,23
CO[C@H]1[C@@H](O)[C@H](n2cnc3c(NC=O)ncnc32)O[C@@]1(C)CO,False,C13H17N5O5,323.123,23
CO[C@H]1[C@@H](O)[C@H](n2cnc3c(NC=O)ncnc32)O[C@@H]1C(C)O,False,C13H17N5O5,323.123,23
CCO[C@H]1[C@@H](O)[C@H](n2cnc3c(NC=O)ncnc32)O[C@@H]1CO,False,C13H17N5O5,323.123,23
CO[C@H]1[C@H]2OCC(O)Nc3ncnc4c3ncn4[C@@H]2O[C@@H]1CO,False,C13H17N5O5,323.123,23
CO[C@H]1[C@@H](O)[C@H]2O[C@@H]1COCC(O)Nc1ncnc3c1ncn32,False,C13H17N5O5,323.123,23
CO[C@H]1[C@H]2Oc3nc(NC(C)O)c4ncn(c4n3)[C@@H]2O[C@@H]1CO,False,C13H17N5O5,323.123,23
CO[C@H]1[C@@H](O)[C@H]2O[C@@H]1COc1nc(NC(C)O)c3ncn2c3n1,False,C13H17N5O5,323.123,23
CO[C@H]1[C@H]2Oc3nc4c(NC(C)O)ncnc4n3[C@@H]2O[C@@H]1CO,False,C13H17N5O5,323.123,23
CO[C@H]1[C@@H](O)[C@H]2O[C@@H]1COc1nc3c(NC(C)O)ncnc3n12,False,C13H17N5O5,323.123,23
CO[C@H]1[C@H]2O[C@]2(n2cnc3c(NC(C)O)ncnc32)O[C@@H]1CO,False,C13H17N5O5,323.123,23
CO[C@H]1[C@@H](O)[C@]2(n3cnc4c(NC(C)O)ncnc43)OC[C@H]1O2,False,C13H17N5O5,323.123,23
CO[C@@H]1[C@H]2CO[C@@]1(O)[C@H](n1cnc3c(NC(C)O)ncnc31)O2,False,C13H17N5O5,323.123,23
CO[C@]12O[C@H]1[C@H](n1cnc3c(NC(C)O)ncnc31)O[C@@H]2CO,False,C13H17N5O5,323.123,23
CO[C@@]12OC[C@H]1O[C@@H](n1cnc3c(NC(C)O)ncnc31)[C@@H]2O,False,C13H17N5O5,323.123,23
CO[C@H]1[C@H]2O[C@@]1(CO)O[C@H]2n1cnc2c(NC(C)O)ncnc21,False,C13H17N5O5,323.123,23
CO[C@H]1[C@@H](O)[C@H](n2cnc3c(NC(C)O)ncnc32)O[C@@]12CO2,False,C13H17N5O5,323.123,23
CO[C@H]1[C@H]2OC(O)[C@H]1O[C@H]2n1cnc2c(NC(C)O)ncnc21,False,C13H17N5O5,323.123,23
CC(O)Nc1ncnc2c1ncn2[C@@H]1O[C@H](CO)[C@H]2OCO[C@H]21,False,C13H17N5O5,323.123,23
CO[C@H]1[C@@H](O)[C@H](n2cnc3c(NC(C)O)ncnc32)O[C@@H]1CO,False,C13H19N5O5,325.1386,23
CO[C@H]1[C@@H](O)[C@H](n2cnc3c(N(C)C(C)=O)ncnc32)O[C@@H]1CO,False,C14H19N5O5,337.1386,24
CCC(=O)Nc1ncnc2c1ncn2[C@@H]1O[C@H](CO)[C@@H](OC)[C@H]1O,False,C14H19N5O5,337.1386,24
CO[C@H]1[C@@H](O)[C@H](n2cnc3c(N(C(C)=O)C(C)=O)ncnc32)O[C@@H]1CO,False,C15H19N5O6,365.1335,26
CO[C@H]1[C@@H](O)[C@H](n2cnc3c(NC(C)=O)ncnc32)O[C@@H]1COC(C)=O,False,C15H19N5O6,365.1335,26
CO[C@H]1[C@@H](OC(C)=O)[C@H](n2cnc3c(NC(C)=O)ncnc32)O[C@@H]1CO,False,C15H19N5O6,365.1335,26
CO[C@H]1[C@@H](O)[C@H](n2cnc3c(NC(C)(O)C#N)ncnc32)O[C@@H]1CO,False,C14H18N6O5,350.1339,25
CO[C@H]1[C@@H](O)[C@H](n2cnc3c(NC(C)N)ncnc32)O[C@@H]1CO,False,C13H20N6O4,324.1546,23
CO[C@H]1[C@@H](O)[C@H](n2cnc3c(N(C(C)=O)C(N)=O)ncnc32)O[C@@H]1CO,False,C14H18N6O6,366.1288,26
CO[C@H]1[C@@H](O)[C@H](n2cnc3c(NC(=O)CO)ncnc32)O[C@@H]1CO,False,C13H17N5O6,339.1179,24
COC(=O)Nc1ncnc2c1ncn2[C@@H]1O[C@H](CO)[C@@H](OC)[C@H]1O,False,C13H17N5O6,339.1179,24
CO[C@H]1[C@@H](O)[C@H](n2cnc3c(NC(O)CO)ncnc32)O[C@@H]1CO,False,C13H19N5O6,341.1335,24
CO[C@H]1[C@@H](O)[C@H](n2cnc3c(NC(C)=O)ncnc32)O[C@@H]1C,False,C13H17N5O4,307.1281,22
CO[C@H]1[C@@H](O)[C@H](n2cnc3c(NC(C)=O)ncnc32)O[C@@H]1C(=O)O,False,C13H15N5O6,337.1022,24
CC(=O)Nc1ncnc2c1ncn2[C@@H]1O[C@H](CO)[C@@H](OC=O)[C@H]1O,False,C13H15N5O6,337.1022,24
CO[C@H]1[C@@H](O)[C@H](n2cnc3c(NC=O)ncnc32)O[C@@H]1CO,False,C12H15N5O5,309.1073,22
CO[C@H]1[C@@H](O)[C@H](n2cnc3c(NC(C)=O)nc(C)nc32)O[C@@H]1CO,False,C14H19N5O5,337.1386,24
CO[C@H]1[C@@H](O)[C@H](n2c(C)nc3c(NC(C)=O)ncnc32)O[C@@H]1CO,False,C14H19N5O5,337.1386,24
CO[C@H]1[C@@H](O)[C@@](C)(n2cnc3c(NC(C)=O)ncnc32)O[C@@H]1CO,False,C14H19N5O5,337.1386,24
CO[C@@H]1[C@@H](CO)O[C@@H](n2cnc3c(NC(C)=O)ncnc32)[C@@]1(C)O,False,C14H19N5O5,337.1386,24
CO[C@@]1(C)[C@@H](CO)O[C@@H](n2cnc3c(NC(C)=O)ncnc32)[C@@H]1O,False,C14H19N5O5,337.1386,24
CO[C@H]1[C@@H](O)[C@H](n2cnc3c(NC(C)=O)ncnc32)O[C@@]1(C)CO,False,C14H19N5O5,337.1386,24
CO[C@H]1[C@@H](O)[C@H](n2cnc3c(NC(C)=O)ncnc32)O[C@@H]1C(C)O,False,C14H19N5O5,337.1386,24
CCO[C@H]1[C@@H](O)[C@H](n2cnc3c(NC(C)=O)ncnc32)O[C@@H]1CO,False,C14H19N5O5,337.1386,24
CO[C@H]1[C@@H](O)[C@H](n2cnc3c(N)ncnc32)O[C@@H]1C(C)OC=O,False,C13H17N5O5,323.123,23
CO[C@H]1[C@@H](O)[C@H](n2cnc3c(N)ncnc32)O[C@@]1(C)COC=O,False,C13H17N5O5,323.123,23
CO[C@@]1(C)[C@@H](COC=O)O[C@@H](n2cnc3c(N)ncnc32)[C@@H]1O,False,C13H17N5O5,323.123,23
CO[C@@H]1[C@@H](COC=O)O[C@@H](n2cnc3c(N)ncnc32)[C@@]1(C)O,False,C13H17N5O5,323.123,23
CO[C@H]1[C@@H](O)[C@@](C)(n2cnc3c(N)ncnc32)O[C@@H]1COC=O,False,C13H17N5O5,323.123,23
CCO[C@H]1[C@@H](O)[C@H](n2cnc3c(N)ncnc32)O[C@@H]1COC=O,False,C13H17N5O5,323.123,23
CO[C@H]1[C@@H](O)[C@H](n2c(C)nc3c(N)ncnc32)O[C@@H]1COC=O,False,C13H17N5O5,323.123,23
CO[C@H]1[C@@H](O)[C@H](n2cnc3c(N)nc(C)nc32)O[C@@H]1COC=O,False,C13H17N5O5,323.123,23
CO[C@H]1[C@@H](O)[C@H]2O[C@@H]1COC(C)=Nc1ncnc3c1ncn32,False,C13H15N5O4,305.1124,22
CO[C@H]1[C@H]2OCC(O)OC[C@H]1O[C@H]2n1cnc2c(N)ncnc21,False,C13H17N5O5,323.123,23
CO[C@H]1[C@H]2OC(OC(C)O)[C@H]1O[C@H]2n1cnc2c(N)ncnc21,False,C13H17N5O5,323.123,23
CO[C@H]1[C@H]2O[C@@]1(COC(C)O)O[C@H]2n1cnc2c(N)ncnc21,False,C13H17N5O5,323.123,23
CO[C@]12O[C@H]1[C@H](n1cnc3c(N)ncnc31)O[C@@H]2COC(C)O,False,C13H17N5O5,323.123,23
CO[C@H]1[C@H]2O[C@]2(n2cnc3c(N)ncnc32)O[C@@H]1COC(C)O,False,C13H17N5O5,323.123,23
CC(O)OC[C@H]1O[C@@H](n2cnc3c(N)ncnc32)[C@@H]2OCO[C@@H]21,False,C13H17N5O5,323.123,23
CO[C@H]1[C@H]2Oc3nc4c(N)ncnc4n3[C@@H]2O[C@@H]1COC(C)O,False,C13H17N5O5,323.123,23
CO[C@H]1[C@H]2Oc3nc(N)c4ncn(c4n3)[C@@H]2O[C@@H]1COC(C)O,False,C13H17N5O5,323.123,23
CO[C@H]1[C@@H](O)[C@H](n2cnc3c(N)ncnc32)O[C@@H]1COC(C)O,False,C13H19N5O5,325.1386,23
CCOC[C@H]1O[C@@H](n2cnc3c(N)ncnc32)[C@H](O)[C@@H]1OC,False,C13H19N5O4,309.1437,22
CCC(=O)OC[C@H]1O[C@@H](n2cnc3c(N)ncnc32)[C@H](O)[C@@H]1OC,False,C14H19N5O5,337.1386,24
CO[C@H]1[C@@H](OC(C)=O)[C@H](n2cnc3c(N)ncnc32)O[C@@H]1COC(C)=O,False,C15H19N5O6,365.1335,26
CO[C@H]1[C@@H](O)[C@H](n2cnc3c(N)ncnc32)O[C@@H]1COC(C)(O)C#N,False,C14H18N6O5,350.1339,25
CO[C@H]1[C@@H](O)[C@H](n2cnc3c(N)ncnc32)O[C@@H]1COC(C)N,False,C13H20N6O4,324.1546,23
CO[C@H]1[C@@H](O)[C@H](n2cnc3c(N)ncnc32)O[C@@H]1COC(=O)CO,False,C13H17N5O6,339.1179,24
COC(=O)OC[C@H]1O[C@@H](n2cnc3c(N)ncnc32)[C@H](O)[C@@H]1OC,False,C13H17N5O6,339.1179,24
CO[C@H]1[C@@H](O)[C@H](n2cnc3c(N)ncnc32)O[C@@H]1COC(O)CO,False,C13H19N5O6,341.1335,24
CO[C@H]1[C@@H](O)[C@H](n2cnc3c(N)ncnc32)O[C@@H]1CC(C)=O,False,C13H17N5O4,307.1281,22
CO[C@H]1[C@@H](O)[C@H](n2cnc3c(N)ncnc32)O[C@@H]1C(=O)OC(C)=O,False,C13H15N5O6,337.1022,24
CC(=O)OC[C@H]1O[C@@H](n2cnc3c(N)ncnc32)[C@H](O)[C@@H]1OC=O,False,C13H15N5O6,337.1022,24
CO[C@H]1[C@@H](O)[C@H](n2cnc3c(N)ncnc32)O[C@@H]1C(C)OC(C)=O,False,C14H19N5O5,337.1386,24
CO[C@H]1[C@@H](O)[C@H](n2cnc3c(N)ncnc32)O[C@@]1(C)COC(C)=O,False,C14H19N5O5,337.1386,24
CO[C@@]1(C)[C@@H](COC(C)=O)O[C@@H](n2cnc3c(N)ncnc32)[C@@H]1O,False,C14H19N5O5,337.1386,24
CO[C@@H]1[C@@H](COC(C)=O)O[C@@H](n2cnc3c(N)ncnc32)[C@@]1(C)O,False,C14H19N5O5,337.1386,24
CO[C@H]1[C@@H](O)[C@@](C)(n2cnc3c(N)ncnc32)O[C@@H]1COC(C)=O,False,C14H19N5O5,337.1386,24
CCO[C@H]1[C@@H](O)[C@H](n2cnc3c(N)ncnc32)O[C@@H]1COC(C)=O,False,C14H19N5O5,337.1386,24
CO[C@H]1[C@@H](O)[C@H](n2c(C)nc3c(N)ncnc32)O[C@@H]1COC(C)=O,False,C14H19N5O5,337.1386,24
CO[C@H]1[C@@H](O)[C@H](n2cnc3c(N)nc(C)nc32)O[C@@H]1COC(C)=O,False,C14H19N5O5,337.1386,24
CO[C@@H]1[C@@H](CO)O[C@@H](n2cnc3c(N)ncnc32)[C@@]1(C)OC=O,False,C13H17N5O5,323.123,23
CO[C@@]1(C)[C@@H](CO)O[C@@H](n2cnc3c(N)ncnc32)[C@@H]1OC=O,False,C13H17N5O5,323.123,23
CO[C@H]1[C@@H](OC=O)[C@@](C)(n2cnc3c(N)ncnc32)O[C@@H]1CO,False,C13H17N5O5,323.123,23
CO[C@H]1[C@@H](OC=O)[C@H](n2cnc3c(N)ncnc32)O[C@@]1(C)CO,False,C13H17N5O5,323.123,23
CCO[C@H]1[C@@H](OC=O)[C@H](n2cnc3c(N)ncnc32)O[C@@H]1CO,False,C13H17N5O5,323.123,23
CO[C@H]1[C@@H](OC=O)[C@H](n2cnc3c(N)ncnc32)O[C@@H]1C(C)O,False,C13H17N5O5,323.123,23
CO[C@H]1[C@@H](OC=O)[C@H](n2c(C)nc3c(N)ncnc32)O[C@@H]1CO,False,C13H17N5O5,323.123,23
CO[C@H]1[C@@H](OC=O)[C@H](n2cnc3c(N)nc(C)nc32)O[C@@H]1CO,False,C13H17N5O5,323.123,23
CO[C@H]1[C@H]2OC(C)=Nc3ncnc4c3ncn4[C@@H]2O[C@@H]1CO,False,C13H15N5O4,305.1124,22
CO[C@H]1[C@H]2OC(O)COC[C@H]1O[C@H]2n1cnc2c(N)ncnc21,False,C13H17N5O5,323.123,23
CO[C@@H]1[C@H]2CO[C@@]1(OC(C)O)[C@H](n1cnc3c(N)ncnc31)O2,False,C13H17N5O5,323.123,23
CO[C@@]12OC[C@H]1O[C@@H](n1cnc3c(N)ncnc31)[C@@H]2OC(C)O,False,C13H17N5O5,323.123,23
CO[C@H]1[C@@H](OC(C)O)[C@]2(n3cnc4c(N)ncnc43)OC[C@H]1O2,False,C13H17N5O5,323.123,23
CO[C@H]1[C@@H](OC(C)O)[C@H](n2cnc3c(N)ncnc32)O[C@@]12CO2,False,C13H17N5O5,323.123,23
CO[C@H]1[C@@H](OC(C)O)[C@H]2O[C@@H]1COc1nc3c(N)ncnc3n12,False,C13H17N5O5,323.123,23
CO[C@H]1[C@@H](OC(C)O)[C@H]2O[C@@H]1COc1nc(N)c3ncn2c3n1,False,C13H17N5O5,323.123,23
CO[C@H]1[C@@H](OC(C)O)[C@H](n2cnc3c(N)ncnc32)O[C@@H]1CO,False,C13H19N5O5,325.1386,23
CCO[C@@H]1[C@H](OC)[C@@H](CO)O[C@H]1n1cnc2c(N)ncnc21,False,C13H19N5O4,309.1437,22
CCC(=O)O[C@@H]1[C@H](OC)[C@@H](CO)O[C@H]1n1cnc2c(N)ncnc21,False,C14H19N5O5,337.1386,24
CO[C@H]1[C@@H](OC(C)(O)C#N)[C@H](n2cnc3c(N)ncnc32)O[C@@H]1CO,False,C14H18N6O5,350.1339,25
CO[C@H]1[C@@H](OC(C)N)[C@H](n2cnc3c(N)ncnc32)O[C@@H]1CO,False,C13H20N6O4,324.1546,23
CO[C@H]1[C@@H](OC(=O)CO)[C@H](n2cnc3c(N)ncnc32)O[C@@H]1CO,False,C13H17N5O6,339.1179,24
COC(=O)O[C@@H]1[C@H](OC)[C@@H](CO)O[C@H]1n1cnc2c(N)ncnc21,False,C13H17N5O6,339.1179,24
CO[C@H]1[C@@H](OC(O)CO)[C@H](n2cnc3c(N)ncnc32)O[C@@H]1CO,False,C13H19N5O6,341.1335,24
CO[C@H]1[C@@H](OC(C)=O)[C@H](n2cnc3c(N)ncnc32)O[C@@H]1C,False,C13H17N5O4,307.1281,22
CO[C@H]1[C@@H](C(C)=O)[C@H](n2cnc3c(N)ncnc32)O[C@@H]1CO,False,C13H17N5O4,307.1281,22
CC(=O)O[C@@H]1[C@H](OC=O)[C@@H](CO)O[C@H]1n1cnc2c(N)ncnc21,False,C13H15N5O6,337.1022,24
CO[C@H]1[C@@H](OC(C)=O)[C@H](n2cnc3c(N)ncnc32)O[C@@H]1C(=O)O,False,C13H15N5O6,337.1022,24
CO[C@@H]1[C@@H](CO)O[C@@H](n2cnc3c(N)ncnc32)[C@@]1(C)OC(C)=O,False,C14H19N5O5,337.1386,24
CO[C@@]1(C)[C@@H](CO)O[C@@H](n2cnc3c(N)ncnc32)[C@@H]1OC(C)=O,False,C14H19N5O5,337.1386,24
CO[C@H]1[C@@H](OC(C)=O)[C@@](C)(n2cnc3c(N)ncnc32)O[C@@H]1CO,False,C14H19N5O5,337.1386,24
CO[C@H]1[C@@H](OC(C)=O)[C@H](n2cnc3c(N)ncnc32)O[C@@]1(C)CO,False,C14H19N5O5,337.1386,24
CCO[C@H]1[C@@H](OC(C)=O)[C@H](n2cnc3c(N)ncnc32)O[C@@H]1CO,False,C14H19N5O5,337.1386,24
CO[C@H]1[C@@H](OC(C)=O)[C@H](n2cnc3c(N)ncnc32)O[C@@H]1C(C)O,False,C14H19N5O5,337.1386,24
CO[C@H]1[C@@H](OC(C)=O)[C@H](n2c(C)nc3c(N)ncnc32)O[C@@H]1CO,False,C14H19N5O5,337.1386,24
CO[C@H]1[C@@H](OC(C)=O)[C@H](n2cnc3c(N)nc(C)nc32)O[C@@H]1CO,False,C14H19N5O5,337.1386,24
CO[C@H]1[C@@H](OP(=O)(O)O)[C@H](n2cnc3c(N)ncnc32)O[C@@H]1C,False,C11H16N5O6P,345.0838,23
CO[C@H]1[C@@H](OS(=O)(=O)O)[C@H](n2cnc3c(N)ncnc32)O[C@@H]1C,False,C11H15N5O6S,345.0743,23
C[C@H]1O[C@@H](n2cnc3c(N)ncnc32)[C@H](O)[C@@H]1OC=O,False,C11H13N5O4,279.0968,20
OC[C@H]1O[C@@H]2[C@H](O)[C@@H]1OC=Nc1ncnc3c1ncn32,False,C11H11N5O4,277.0811,20
Nc1ncnc2c1ncn2[C@@H]1O[C@H](CO)[C@@]2(OCO)O[C@@H]12,False,C11H13N5O5,295.0917,21
Nc1ncnc2c1ncn2[C@@H]1O[C@@H]2CO[C@@]2(OCO)[C@H]1O,False,C11H13N5O5,295.0917,21
Nc1ncnc2c1ncn2[C@@H]1O[C@@H]2CO[C@]1(O)[C@@H]2OCO,False,C11H13N5O5,295.0917,21
Nc1ncnc2c1ncn2[C@@H]1O[C@]2(CO)O[C@@H]1[C@@H]2OCO,False,C11H13N5O5,295.0917,21
Nc1ncnc2c1ncn2[C@@H]1O[C@@]2(CO2)[C@@H](OCO)[C@H]1O,False,C11H13N5O5,295.0917,21
Nc1ncnc2c1ncn2[C@]12O[C@@H]1[C@H](OCO)[C@@H](CO)O2,False,C11H13N5O5,295.0917,21
Nc1ncnc2c1ncn2[C@@]12OC[C@@H](O1)[C@@H](OCO)[C@H]2O,False,C11H13N5O5,295.0917,21
Nc1ncnc2c1ncn2[C@@H]1O[C@@H]2C(O)O[C@@H]1[C@@H]2OCO,False,C11H13N5O5,295.0917,21
Nc1ncnc2c1nc1n2[C@@H]2O[C@H](CO)[C@@H](OCO)[C@H]2O1,False,C11H13N5O5,295.0917,21
Nc1ncnc2c1nc1n2[C@@H]2O[C@H](CO1)[C@@H](OCO)[C@H]2O,False,C11H13N5O5,295.0917,21
Nc1nc2nc3c1ncn3[C@@H]1O[C@H](CO)[C@@H](OCO)[C@H]1O2,False,C11H13N5O5,295.0917,21
Nc1nc2nc3c1ncn3[C@@H]1O[C@H](CO2)[C@@H](OCO)[C@H]1O,False,C11H13N5O5,295.0917,21
Nc1ncnc2c1ncn2[C@@H]1O[C@H](C(=O)O)[C@@H](OC=O)[C@H]1O,False,C11H11N5O6,309.0709,22
Nc1ncnc2c1ncn2[C@@H]1O[C@H](CO)[C@@H](OC=O)[C@H]1OC=O,False,C12H13N5O6,323.0866,23
CO[C@@H]1CO[C@@H](n2cnc3c(N)ncnc32)[C@@H]1O,False,C10H13N5O3,251.1018,18
CO[C@H]1[C@@H](O)[C@H]2O[C@@H]1C(O)=Nc1ncnc3c1ncn32,False,C11H11N5O4,277.0811,20
CO[C@H]1[C@@H](O)[C@H](n2cnc3c(N)ncnc32)O[C@]12OC2O,False,C11H13N5O5,295.0917,21
CO[C@H]1[C@H]2O[C@@]1(C(O)O)O[C@H]2n1cnc2c(N)ncnc21,False,C11H13N5O5,295.0917,21
CO[C@@]12OC(O)[C@H]1O[C@@H](n1cnc3c(N)ncnc31)[C@@H]2O,False,C11H13N5O5,295.0917,21
CO[C@]12O[C@H]1[C@H](n1cnc3c(N)ncnc31)O[C@@H]2C(O)O,False,C11H13N5O5,295.0917,21
CO[C@@H]1[C@@H]2O[C@@H](n3cnc4c(N)ncnc43)[C@]1(O)OC2O,False,C11H13N5O5,295.0917,21
CO[C@@H]1[C@@H]2O[C@@](n3cnc4c(N)ncnc43)(OC2O)[C@@H]1O,False,C11H13N5O5,295.0917,21
CO[C@@H]1[C@@H](C(O)O)O[C@@]2(n3cnc4c(N)ncnc43)O[C@H]12,False,C11H13N5O5,295.0917,21
Nc1ncnc2c1ncn2[C@@H]1O[C@H](C(O)O)[C@H]2OCO[C@H]21,False,C11H13N5O5,295.0917,21
CO[C@H]1[C@@H](O)[C@H]2O[C@@H]1C(O)Oc1nc3c(N)ncnc3n12,False,C11H13N5O5,295.0917,21
CO[C@H]1[C@H]2Oc3nc4c(N)ncnc4n3[C@@H]2O[C@@H]1C(O)O,False,C11H13N5O5,295.0917,21
CO[C@H]1[C@@H](O)[C@H]2O[C@@H]1C(O)Oc1nc(N)c3ncn2c3n1,False,C11H13N5O5,295.0917,21
CO[C@H]1[C@H]2Oc3nc(N)c4ncn(c4n3)[C@@H]2O[C@@H]1C(O)O,False,C11H13N5O5,295.0917,21
CO[C@H]1[C@@H](O)[C@H](n2cnc3c(N)ncnc32)O[C@@H]1C(O)O,False,C11H15N5O5,297.1073,21
CO[C@H]1[C@@H](O)[C@H](n2cnc3c(N)ncnc32)O[C@@H]1C(O)(O)C#N,False,C12H14N6O5,322.1026,23
CO[C@H]1[C@@H](O)[C@H](n2cnc3c(N)ncnc32)O[C@@H]1C(N)=O,False,C11H14N6O4,294.1077,21
CO[C@@H]1[C@H](O)[C@@H](CO)O[C@H]1n1cnc2c(NC=O)nc(C)nc21,False,C13H17N5O5,323.123,23
CO[C@@H]1[C@H](O)[C@@H](CO)O[C@H]1n1c(C)nc2c(NC=O)ncnc21,False,C13H17N5O5,323.123,23
CO[C@@H]1[C@H](O)[C@@H](CO)O[C@]1(C)n1cnc2c(NC=O)ncnc21,False,C13H17N5O5,323.123,23
CO[C@@]1(C)[C@H](O)[C@@H](CO)O[C@H]1n1cnc2c(NC=O)ncnc21,False,C13H17N5O5,323.123,23
CO[C@H]1[C@H](n2cnc3c(NC=O)ncnc32)O[C@H](CO)[C@]1(C)O,False,C13H17N5O5,323.123,23
CO[C@H]1[C@H](n2cnc3c(NC=O)ncnc32)O[C@@](C)(CO)[C@H]1O,False,C13H17N5O5,323.123,23
CCO[C@@H]1[C@H](O)[C@@H](CO)O[C@H]1n1cnc2c(NC=O)ncnc21,False,C13H17N5O5,323.123,23
CO[C@@H]1[C@H](O)[C@@H](C(C)O)O[C@H]1n1cnc2c(NC=O)ncnc21,False,C13H17N5O5,323.123,23
CO[C@@H]1[C@@H]2OCC(O)Nc3ncnc4c3ncn4[C@@H]1O[C@@H]2CO,False,C13H17N5O5,323.123,23
CO[C@@H]1[C@H](O)[C@H]2COCC(O)Nc3ncnc4c3ncn4[C@@H]1O2,False,C13H17N5O5,323.123,23
CO[C@@H]1[C@@H]2Oc3nc(NC(C)O)c4ncn(c4n3)[C@@H]1O[C@@H]2CO,False,C13H17N5O5,323.123,23
CO[C@@H]1[C@H](O)[C@H]2COc3nc(NC(C)O)c4ncn(c4n3)[C@@H]1O2,False,C13H17N5O5,323.123,23
CO[C@@H]1[C@@H]2Oc3nc4c(NC(C)O)ncnc4n3[C@@H]1O[C@@H]2CO,False,C13H17N5O5,323.123,23
CO[C@@H]1[C@H](O)[C@H]2COc3nc4c(NC(C)O)ncnc4n3[C@@H]1O2,False,C13H17N5O5,323.123,23
CO[C@@H]1[C@@H]2O[C@]1(n1cnc3c(NC(C)O)ncnc31)O[C@@H]2CO,False,C13H17N5O5,323.123,23
CO[C@@H]1[C@H](O)[C@H]2CO[C@]1(n1cnc3c(NC(C)O)ncnc31)O2,False,C13H17N5O5,323.123,23
CO[C@@]12O[C@@H]1[C@@H](CO)O[C@H]2n1cnc2c(NC(C)O)ncnc21,False,C13H17N5O5,323.123,23
CO[C@]12OC[C@@H](O[C@H]1n1cnc3c(NC(C)O)ncnc31)[C@H]2O,False,C13H17N5O5,323.123,23
CO[C@H]1[C@H](n2cnc3c(NC(C)O)ncnc32)O[C@@H]2CO[C@]21O,False,C13H17N5O5,323.123,23
CO[C@H]1[C@H](n2cnc3c(NC(C)O)ncnc32)O[C@]2(CO)O[C@@H]12,False,C13H17N5O5,323.123,23
CO[C@H]1[C@H](n2cnc3c(NC(C)O)ncnc32)O[C@@]2(CO2)[C@H]1O,False,C13H17N5O5,323.123,23
CO[C@@H]1[C@@H]2OC(O)[C@H]2O[C@H]1n1cnc2c(NC(C)O)ncnc21,False,C13H17N5O5,323.123,23
CO[C@@H]1[C@H](O)[C@@H](CO)O[C@H]1n1cnc2c(NC(C)O)ncnc21,False,C13H19N5O5,325.1386,23
CO[C@@H]1[C@H](O)[C@@H](CO)O[C@H]1n1cnc2c(N(C)C(C)=O)ncnc21,False,C14H19N5O5,337.1386,24
CCC(=O)Nc1ncnc2c1ncn2[C@@H]1O[C@H](CO)[C@@H](O)[C@H]1OC,False,C14H19N5O5,337.1386,24
CO[C@@H]1[C@H](O)[C@@H](CO)O[C@H]1n1cnc2c(N(C(C)=O)C(C)=O)ncnc21,False,C15H19N5O6,365.1335,26
CO[C@@H]1[C@H](O)[C@@H](COC(C)=O)O[C@H]1n1cnc2c(NC(C)=O)ncnc21,False,C15H19N5O6,365.1335,26
CO[C@@H]1[C@H](OC(C)=O)[C@@H](CO)O[C@H]1n1cnc2c(NC(C)=O)ncnc21,False,C15H19N5O6,365.1335,26
CO[C@@H]1[C@H](O)[C@@H](CO)O[C@H]1n1cnc2c(NC(C)(O)C#N)ncnc21,False,C14H18N6O5,350.1339,25
CO[C@@H]1[C@H](O)[C@@H](CO)O[C@H]1n1cnc2c(NC(C)N)ncnc21,False,C13H20N6O4,324.1546,23
CO[C@@H]1[C@H](O)[C@@H](CO)O[C@H]1n1cnc2c(N(C(C)=O)C(N)=O)ncnc21,False,C14H18N6O6,366.1288,26
CO[C@@H]1[C@H](O)[C@@H](CO)O[C@H]1n1cnc2c(NC(=O)CO)ncnc21,False,C13H17N5O6,339.1179,24
COC(=O)Nc1ncnc2c1ncn2[C@@H]1O[C@H](CO)[C@@H](O)[C@H]1OC,False,C13H17N5O6,339.1179,24
CO[C@@H]1[C@H](O)[C@@H](CO)O[C@H]1n1cnc2c(NC(O)CO)ncnc21,False,C13H19N5O6,341.1335,24
CO[C@@H]1[C@H](O)[C@@H](C)O[C@H]1n1cnc2c(NC(C)=O)ncnc21,False,C13H17N5O4,307.1281,22
CC(=O)Nc1ncnc2c1ncn2[C@@H]1O[C@H](CO)[C@@H](O)[C@H]1OC=O,False,C13H15N5O6,337.1022,24
CO[C@@H]1[C@H](O)[C@@H](C(=O)O)O[C@H]1n1cnc2c(NC(C)=O)ncnc21,False,C13H15N5O6,337.1022,24
CO[C@@H]1[C@H](O)[C@@H](CO)O[C@H]1n1cnc2c(NC=O)ncnc21,False,C12H15N5O5,309.1073,22
CO[C@@H]1[C@H](O)[C@@H](CO)O[C@H]1n1cnc2c(NC(C)=O)nc(C)nc21,False,C14H19N5O5,337.1386,24
CO[C@@H]1[C@H](O)[C@@H](CO)O[C@H]1n1c(C)nc2c(NC(C)=O)ncnc21,False,C14H19N5O5,337.1386,24
CO[C@@H]1[C@H](O)[C@@H](CO)O[C@]1(C)n1cnc2c(NC(C)=O)ncnc21,False,C14H19N5O5,337.1386,24
CO[C@@]1(C)[C@H](O)[C@@H](CO)O[C@H]1n1cnc2c(NC(C)=O)ncnc21,False,C14H19N5O5,337.1386,24
CO[C@H]1[C@H](n2cnc3c(NC(C)=O)ncnc32)O[C@H](CO)[C@]1(C)O,False,C14H19N5O5,337.1386,24
CO[C@H]1[C@H](n2cnc3c(NC(C)=O)ncnc32)O[C@@](C)(CO)[C@H]1O,False,C14H19N5O5,337.1386,24
CCO[C@@H]1[C@H](O)[C@@H](CO)O[C@H]1n1cnc2c(NC(C)=O)ncnc21,False,C14H19N5O5,337.1386,24
CO[C@@H]1[C@H](O)[C@@H](C(C)O)O[C@H]1n1cnc2c(NC(C)=O)ncnc21,False,C14H19N5O5,337.1386,24
CO[C@@H]1[C@H](O)[C@@H](C(C)OC=O)O[C@H]1n1cnc2c(N)ncnc21,False,C13H17N5O5,323.123,23
CO[C@H]1[C@H](n2cnc3c(N)ncnc32)O[C@@](C)(COC=O)[C@H]1O,False,C13H17N5O5,323.123,23
CO[C@H]1[C@H](n2cnc3c(N)ncnc32)O[C@H](COC=O)[C@]1(C)O,False,C13H17N5O5,323.123,23
CO[C@@]1(C)[C@H](O)[C@@H](COC=O)O[C@H]1n1cnc2c(N)ncnc21,False,C13H17N5O5,323.123,23
CO[C@@H]1[C@H](O)[C@@H](COC=O)O[C@]1(C)n1cnc2c(N)ncnc21,False,C13H17N5O5,323.123,23
CCO[C@@H]1[C@H](O)[C@@H](COC=O)O[C@H]1n1cnc2c(N)ncnc21,False,C13H17N5O5,323.123,23
CO[C@@H]1[C@H](O)[C@@H](COC=O)O[C@H]1n1c(C)nc2c(N)ncnc21,False,C13H17N5O5,323.123,23
CO[C@@H]1[C@H](O)[C@@H](COC=O)O[C@H]1n1cnc2c(N)nc(C)nc21,False,C13H17N5O5,323.123,23
CO[C@@H]1[C@H](O)[C@H]2COC(C)=Nc3ncnc4c3ncn4[C@@H]1O2,False,C13H15N5O4,305.1124,22
CO[C@@H]1[C@@H]2OCC(O)OC[C@H]2O[C@H]1n1cnc2c(N)ncnc21,False,C13H17N5O5,323.123,23
CO[C@@H]1[C@@H]2OC(OC(C)O)[C@H]2O[C@H]1n1cnc2c(N)ncnc21,False,C13H17N5O5,323.123,23
CO[C@H]1[C@H](n2cnc3c(N)ncnc32)O[C@]2(COC(C)O)O[C@@H]12,False,C13H17N5O5,323.123,23
CO[C@@]12O[C@@H]1[C@@H](COC(C)O)O[C@H]2n1cnc2c(N)ncnc21,False,C13H17N5O5,323.123,23
CO[C@@H]1[C@@H]2O[C@]1(n1cnc3c(N)ncnc31)O[C@@H]2COC(C)O,False,C13H17N5O5,323.123,23
CO[C@@H]1[C@@H]2Oc3nc4c(N)ncnc4n3[C@@H]1O[C@@H]2COC(C)O,False,C13H17N5O5,323.123,23
CO[C@@H]1[C@@H]2Oc3nc(N)c4ncn(c4n3)[C@@H]1O[C@@H]2COC(C)O,False,C13H17N5O5,323.123,23
CO[C@@H]1[C@H](O)[C@@H](COC(C)O)O[C@H]1n1cnc2c(N)ncnc21,False,C13H19N5O5,325.1386,23
CCOC[C@H]1O[C@@H](n2cnc3c(N)ncnc32)[C@H](OC)[C@@H]1O,False,C13H19N5O4,309.1437,22
CCC(=O)OC[C@H]1O[C@@H](n2cnc3c(N)ncnc32)[C@H](OC)[C@@H]1O,False,C14H19N5O5,337.1386,24
CO[C@@H]1[C@H](OC(C)=O)[C@@H](COC(C)=O)O[C@H]1n1cnc2c(N)ncnc21,False,C15H19N5O6,365.1335,26
CO[C@@H]1[C@H](O)[C@@H](COC(C)(O)C#N)O[C@H]1n1cnc2c(N)ncnc21,False,C14H18N6O5,350.1339,25
CO[C@@H]1[C@H](O)[C@@H](COC(C)N)O[C@H]1n1cnc2c(N)ncnc21,False,C13H20N6O4,324.1546,23
CO[C@@H]1[C@H](O)[C@@H](COC(=O)CO)O[C@H]1n1cnc2c(N)ncnc21,False,C13H17N5O6,339.1179,24
COC(=O)OC[C@H]1O[C@@H](n2cnc3c(N)ncnc32)[C@H](OC)[C@@H]1O,False,C13H17N5O6,339.1179,24
CO[C@@H]1[C@H](O)[C@@H](COC(O)CO)O[C@H]1n1cnc2c(N)ncnc21,False,C13H19N5O6,341.1335,24
CO[C@@H]1[C@H](O)[C@@H](CC(C)=O)O[C@H]1n1cnc2c(N)ncnc21,False,C13H17N5O4,307.1281,22
CO[C@@H]1[C@H](O)[C@@H](C(=O)OC(C)=O)O[C@H]1n1cnc2c(N)ncnc21,False,C13H15N5O6,337.1022,24
CC(=O)OC[C@H]1O[C@@H](n2cnc3c(N)ncnc32)[C@H](OC=O)[C@@H]1O,False,C13H15N5O6,337.1022,24
CO[C@@H]1[C@H](O)[C@@H](C(C)OC(C)=O)O[C@H]1n1cnc2c(N)ncnc21,False,C14H19N5O5,337.1386,24
CO[C@H]1[C@H](n2cnc3c(N)ncnc32)O[C@@](C)(COC(C)=O)[C@H]1O,False,C14H19N5O5,337.1386,24
CO[C@H]1[C@H](n2cnc3c(N)ncnc32)O[C@H](COC(C)=O)[C@]1(C)O,False,C14H19N5O5,337.1386,24
CO[C@@]1(C)[C@H](O)[C@@H](COC(C)=O)O[C@H]1n1cnc2c(N)ncnc21,False,C14H19N5O5,337.1386,24
CO[C@@H]1[C@H](O)[C@@H](COC(C)=O)O[C@]1(C)n1cnc2c(N)ncnc21,False,C14H19N5O5,337.1386,24
CCO[C@@H]1[C@H](O)[C@@H](COC(C)=O)O[C@H]1n1cnc2c(N)ncnc21,False,C14H19N5O5,337.1386,24
CO[C@@H]1[C@H](O)[C@@H](COC(C)=O)O[C@H]1n1c(C)nc2c(N)ncnc21,False,C14H19N5O5,337.1386,24
CO[C@@H]1[C@H](O)[C@@H](COC(C)=O)O[C@H]1n1cnc2c(N)nc(C)nc21,False,C14H19N5O5,337.1386,24
CO[C@H]1[C@H](n2cnc3c(N)ncnc32)O[C@H](CO)[C@]1(C)OC=O,False,C13H17N5O5,323.123,23
CO[C@@]1(C)[C@H](OC=O)[C@@H](CO)O[C@H]1n1cnc2c(N)ncnc21,False,C13H17N5O5,323.123,23
CO[C@H]1[C@H](n2cnc3c(N)ncnc32)O[C@@](C)(CO)[C@H]1OC=O,False,C13H17N5O5,323.123,23
CO[C@@H]1[C@H](OC=O)[C@@H](CO)O[C@]1(C)n1cnc2c(N)ncnc21,False,C13H17N5O5,323.123,23
CO[C@@H]1[C@H](OC=O)[C@@H](C(C)O)O[C@H]1n1cnc2c(N)ncnc21,False,C13H17N5O5,323.123,23
CCO[C@@H]1[C@H](OC=O)[C@@H](CO)O[C@H]1n1cnc2c(N)ncnc21,False,C13H17N5O5,323.123,23
CO[C@@H]1[C@H](OC=O)[C@@H](CO)O[C@H]1n1c(C)nc2c(N)ncnc21,False,C13H17N5O5,323.123,23
CO[C@@H]1[C@H](OC=O)[C@@H](CO)O[C@H]1n1cnc2c(N)nc(C)nc21,False,C13H17N5O5,323.123,23
CO[C@@H]1[C@@H]2OC(C)=Nc3ncnc4c3ncn4[C@@H]1O[C@@H]2CO,False,C13H15N5O4,305.1124,22
CO[C@@H]1[C@@H]2OC(O)COC[C@H]2O[C@H]1n1cnc2c(N)ncnc21,False,C13H17N5O5,323.123,23
CO[C@H]1[C@H](n2cnc3c(N)ncnc32)O[C@@H]2CO[C@]21OC(C)O,False,C13H17N5O5,323.123,23
CO[C@]12OC[C@@H](O[C@H]1n1cnc3c(N)ncnc31)[C@H]2OC(C)O,False,C13H17N5O5,323.123,23
CO[C@H]1[C@H](n2cnc3c(N)ncnc32)O[C@@]2(CO2)[C@H]1OC(C)O,False,C13H17N5O5,323.123,23
CO[C@@H]1[C@H](OC(C)O)[C@H]2CO[C@]1(n1cnc3c(N)ncnc31)O2,False,C13H17N5O5,323.123,23
CO[C@@H]1[C@H](OC(C)O)[C@H]2COc3nc4c(N)ncnc4n3[C@@H]1O2,False,C13H17N5O5,323.123,23
CO[C@@H]1[C@H](OC(C)O)[C@H]2COc3nc(N)c4ncn(c4n3)[C@@H]1O2,False,C13H17N5O5,323.123,23
CO[C@@H]1[C@H](OC(C)O)[C@@H](CO)O[C@H]1n1cnc2c(N)ncnc21,False,C13H19N5O5,325.1386,23
CCO[C@H]1[C@@H](OC)[C@H](n2cnc3c(N)ncnc32)O[C@@H]1CO,False,C13H19N5O4,309.1437,22
CCC(=O)O[C@H]1[C@@H](OC)[C@H](n2cnc3c(N)ncnc32)O[C@@H]1CO,False,C14H19N5O5,337.1386,24
CO[C@@H]1[C@H](OC(C)(O)C#N)[C@@H](CO)O[C@H]1n1cnc2c(N)ncnc21,False,C14H18N6O5,350.1339,25
CO[C@@H]1[C@H](OC(C)N)[C@@H](CO)O[C@H]1n1cnc2c(N)ncnc21,False,C13H20N6O4,324.1546,23
CO[C@@H]1[C@H](OC(=O)CO)[C@@H](CO)O[C@H]1n1cnc2c(N)ncnc21,False,C13H17N5O6,339.1179,24
COC(=O)O[C@H]1[C@@H](OC)[C@H](n2cnc3c(N)ncnc32)O[C@@H]1CO,False,C13H17N5O6,339.1179,24
CO[C@@H]1[C@H](OC(O)CO)[C@@H](CO)O[C@H]1n1cnc2c(N)ncnc21,False,C13H19N5O6,341.1335,24
CO[C@@H]1[C@H](OC(C)=O)[C@@H](C)O[C@H]1n1cnc2c(N)ncnc21,False,C13H17N5O4,307.1281,22
CO[C@@H]1[C@H](C(C)=O)[C@@H](CO)O[C@H]1n1cnc2c(N)ncnc21,False,C13H17N5O4,307.1281,22
CO[C@@H]1[C@H](OC(C)=O)[C@@H](C(=O)O)O[C@H]1n1cnc2c(N)ncnc21,False,C13H15N5O6,337.1022,24
CC(=O)O[C@H]1[C@@H](OC=O)[C@H](n2cnc3c(N)ncnc32)O[C@@H]1CO,False,C13H15N5O6,337.1022,24
CO[C@H]1[C@H](n2cnc3c(N)ncnc32)O[C@H](CO)[C@]1(C)OC(C)=O,False,C14H19N5O5,337.1386,24
CO[C@@]1(C)[C@H](OC(C)=O)[C@@H](CO)O[C@H]1n1cnc2c(N)ncnc21,False,C14H19N5O5,337.1386,24
CO[C@H]1[C@H](n2cnc3c(N)ncnc32)O[C@@](C)(CO)[C@H]1OC(C)=O,False,C14H19N5O5,337.1386,24
CO[C@@H]1[C@H](OC(C)=O)[C@@H](CO)O[C@]1(C)n1cnc2c(N)ncnc21,False,C14H19N5O5,337.1386,24
CO[C@@H]1[C@H](OC(C)=O)[C@@H](C(C)O)O[C@H]1n1cnc2c(N)ncnc21,False,C14H19N5O5,337.1386,24
CCO[C@@H]1[C@H](OC(C)=O)[C@@H](CO)O[C@H]1n1cnc2c(N)ncnc21,False,C14H19N5O5,337.1386,24
CO[C@@H]1[C@H](OC(C)=O)[C@@H](CO)O[C@H]1n1c(C)nc2c(N)ncnc21,False,C14H19N5O5,337.1386,24
CO[C@@H]1[C@H](OC(C)=O)[C@@H](CO)O[C@H]1n1cnc2c(N)nc(C)nc21,False,C14H19N5O5,337.1386,24
CO[C@@H]1[C@H](OP(=O)(O)O)[C@@H](C)O[C@H]1n1cnc2c(N)ncnc21,False,C11H16N5O6P,345.0838,23
CO[C@@H]1[C@H](OS(=O)(=O)O)[C@@H](C)O[C@H]1n1cnc2c(N)ncnc21,False,C11H15N5O6S,345.0743,23
C[C@H]1O[C@@H](n2cnc3c(N)ncnc32)[C@H](OC=O)[C@@H]1O,False,C11H13N5O4,279.0968,20
OC[C@H]1O[C@@H]2[C@H](OC=Nc3ncnc4c3ncn42)[C@@H]1O,False,C11H11N5O4,277.0811,20
Nc1ncnc2c1ncn2[C@@H]1O[C@H](CO)[C@H]2O[C@]21OCO,False,C11H13N5O5,295.0917,21
Nc1ncnc2c1ncn2[C@@H]1O[C@@H]2CO[C@]1(OCO)[C@@H]2O,False,C11H13N5O5,295.0917,21
Nc1ncnc2c1ncn2[C@]12O[C@@H]([C@H]1OCO)[C@@H](CO)O2,False,C11H13N5O5,295.0917,21
Nc1ncnc2c1ncn2[C@@]12OC[C@@H](O1)[C@@H](O)[C@H]2OCO,False,C11H13N5O5,295.0917,21
Nc1ncnc2c1ncn2[C@@H]1O[C@@H]2CO[C@@]2(O)[C@H]1OCO,False,C11H13N5O5,295.0917,21
Nc1ncnc2c1ncn2[C@@H]1O[C@]2(CO)O[C@H]2[C@H]1OCO,False,C11H13N5O5,295.0917,21
Nc1ncnc2c1ncn2[C@@H]1O[C@@]2(CO2)[C@@H](O)[C@H]1OCO,False,C11H13N5O5,295.0917,21
Nc1ncnc2c1nc1n2[C@@H]2O[C@H](CO)[C@@H](O1)[C@H]2OCO,False,C11H13N5O5,295.0917,21
Nc1ncnc2c1nc1n2[C@@H]2O[C@H](CO1)[C@@H](O)[C@H]2OCO,False,C11H13N5O5,295.0917,21
Nc1ncnc2c1ncn2[C@@H]1O[C@@H]2C(O)O[C@H]2[C@H]1OCO,False,C11H13N5O5,295.0917,21
Nc1nc2nc3c1ncn3[C@@H]1O[C@H](CO)[C@@H](O2)[C@H]1OCO,False,C11H13N5O5,295.0917,21
Nc1nc2nc3c1ncn3[C@@H]1O[C@H](CO2)[C@@H](O)[C@H]1OCO,False,C11H13N5O5,295.0917,21
Nc1ncnc2c1ncn2[C@@H]1O[C@H](C(=O)O)[C@@H](O)[C@H]1OC=O,False,C11H11N5O6,309.0709,22
CO[C@@H]1[C@H](O)CO[C@H]1n1cnc2c(N)ncnc21,False,C10H13N5O3,251.1018,18
CO[C@@H]1[C@H](O)[C@@H]2O[C@H]1n1cnc3c(ncnc31)N=C2O,False,C11H11N5O4,277.0811,20
CO[C@H]1[C@H](n2cnc3c(N)ncnc32)O[C@]2(OC2O)[C@H]1O,False,C11H13N5O5,295.0917,21
CO[C@H]1[C@H](n2cnc3c(N)ncnc32)O[C@]2(C(O)O)O[C@@H]12,False,C11H13N5O5,295.0917,21
CO[C@H]1[C@H](n2cnc3c(N)ncnc32)O[C@@H]2C(O)O[C@]21O,False,C11H13N5O5,295.0917,21
CO[C@]12OC(O)[C@@H](O[C@H]1n1cnc3c(N)ncnc31)[C@H]2O,False,C11H13N5O5,295.0917,21
CO[C@@]12O[C@@H]1[C@@H](C(O)O)O[C@H]2n1cnc2c(N)ncnc21,False,C11H13N5O5,295.0917,21
CO[C@@H]1[C@H](O)[C@@H]2O[C@@]1(n1cnc3c(N)ncnc31)OC2O,False,C11H13N5O5,295.0917,21
CO[C@@H]1[C@@H]2O[C@]1(n1cnc3c(N)ncnc31)O[C@@H]2C(O)O,False,C11H13N5O5,295.0917,21
CO[C@@H]1[C@H](O)[C@@H]2O[C@H]1n1c(nc3c(N)ncnc31)OC2O,False,C11H13N5O5,295.0917,21
CO[C@@H]1[C@@H]2Oc3nc4c(N)ncnc4n3[C@@H]1O[C@@H]2C(O)O,False,C11H13N5O5,295.0917,21
CO[C@@H]1[C@H](O)[C@@H]2O[C@H]1n1cnc3c(N)nc(nc31)OC2O,False,C11H13N5O5,295.0917,21
CO[C@@H]1[C@@H]2Oc3nc(N)c4ncn(c4n3)[C@@H]1O[C@@H]2C(O)O,False,C11H13N5O5,295.0917,21
CO[C@@H]1[C@H](O)[C@@H](C(O)O)O[C@H]1n1cnc2c(N)ncnc21,False,C11H15N5O5,297.1073,21
CO[C@@H]1[C@H](O)[C@@H](C(O)(O)C#N)O[C@H]1n1cnc2c(N)ncnc21,False,C12H14N6O5,322.1026,23
CO[C@@H]1[C@H](O)[C@@H](C(N)=O)O[C@H]1n1cnc2c(N)ncnc21,False,C11H14N6O4,294.1077,21
OCNc1nc2nc3c1ncn3[C@@H]1O[C@H](CO)[C@@H](O)[C@H]1OC2,False,C12H15N5O5,309.1073,22
OCNc1nc2nc3c1ncn3[C@@H]1O[C@H](CO)[C@@H](OC2)[C@H]1O,False,C12H15N5O5,309.1073,22
OCNc1nc2nc3c1ncn3[C@@H]1O[C@H](COC2)[C@@H](O)[C@H]1O,False,C12H15N5O5,309.1073,22
Cc1nc(NCO)c2nc3n(c2n1)[C@@H]1O[C@H](CO)[C@@H](O)[C@H]1O3,False,C12H15N5O5,309.1073,22
Cc1nc(NCO)c2nc3n(c2n1)[C@@H]1O[C@H](CO)[C@@H](O3)[C@H]1O,False,C12H15N5O5,309.1073,22
Cc1nc(NCO)c2nc3n(c2n1)[C@@H]1O[C@H](CO3)[C@@H](O)[C@H]1O,False,C12H15N5O5,309.1073,22
Cc1nc(NCO)c2ncn([C@]34O[C@@H]3[C@H](O)[C@@H](CO)O4)c2n1,False,C12H15N5O5,309.1073,22
Cc1nc(NCO)c2ncn([C@]34O[C@@H]([C@H]3O)[C@@H](CO)O4)c2n1,False,C12H15N5O5,309.1073,22
Cc1nc(NCO)c2ncn([C@@]34OC[C@@H](O3)[C@@H](O)[C@H]4O)c2n1,False,C12H15N5O5,309.1073,22
Cc1nc(NCO)c2ncn([C@@H]3O[C@H](CO)[C@H]4O[C@]43O)c2n1,False,C12H15N5O5,309.1073,22
Cc1nc(NCO)c2ncn([C@@H]3O[C@@H]4CO[C@]3(O)[C@@H]4O)c2n1,False,C12H15N5O5,309.1073,22
Cc1nc(NCO)c2ncn([C@@H]3O[C@H](CO)[C@@]4(O)O[C@@H]34)c2n1,False,C12H15N5O5,309.1073,22
Cc1nc(NCO)c2ncn([C@@H]3O[C@@H]4CO[C@@]4(O)[C@H]3O)c2n1,False,C12H15N5O5,309.1073,22
Cc1nc(NCO)c2ncn([C@@H]3O[C@]4(CO)O[C@@H]3[C@@H]4O)c2n1,False,C12H15N5O5,309.1073,22
Cc1nc(NCO)c2ncn([C@@H]3O[C@]4(CO)O[C@H]4[C@H]3O)c2n1,False,C12H15N5O5,309.1073,22
Cc1nc(NCO)c2ncn([C@@H]3O[C@@]4(CO4)[C@@H](O)[C@H]3O)c2n1,False,C12H15N5O5,309.1073,22
Cc1nc(NCO)c2ncn([C@@H]3O[C@@H]4C(O)O[C@@H]3[C@@H]4O)c2n1,False,C12H15N5O5,309.1073,22
Cc1nc(NCO)c2ncn([C@@H]3O[C@@H]4C(O)O[C@H]4[C@H]3O)c2n1,False,C12H15N5O5,309.1073,22
Cc1nc(N(C)C=O)c2ncn([C@@H]3O[C@H](CO)[C@@H](O)[C@H]3O)c2n1,False,C13H17N5O5,323.123,23
CC(=O)N(C=O)c1nc(C)nc2c1ncn2[C@@H]1O[C@H](CO)[C@@H](O)[C@H]1O,False,C14H17N5O6,351.1179,25
CC(=O)OC[C@H]1O[C@@H](n2cnc3c(NC=O)nc(C)nc32)[C@H](O)[C@@H]1O,False,C14H17N5O6,351.1179,25
CC(=O)O[C@@H]1[C@H](O)[C@@H](CO)O[C@H]1n1cnc2c(NC=O)nc(C)nc21,False,C14H17N5O6,351.1179,25
CC(=O)O[C@H]1[C@@H](O)[C@H](n2cnc3c(NC=O)nc(C)nc32)O[C@@H]1CO,False,C14H17N5O6,351.1179,25
O=COP(=O)(O)O,False,CH3O5P,125.9718,7
Cc1nc(N)c2ncn([C@@H]3O[C@H](CO)[C@@H](O)[C@H]3O)c2n1,False,C11H15N5O4,281.1124,20
Cc1nc(NC=O)c2ncn([C@@H]3O[C@H](C)[C@@H](O)[C@H]3O)c2n1,False,C12H15N5O4,293.1124,21
Cc1nc(NC=O)c2ncn([C@@H]3O[C@H](C(=O)O)[C@@H](O)[C@H]3O)c2n1,False,C12H13N5O6,323.0866,23
Cc1nc(NC=O)c2ncn([C@@H]3O[C@H](COC=O)[C@@H](O)[C@H]3O)c2n1,False,C13H15N5O6,337.1022,24
Cc1nc(NC=O)c2ncn([C@@H]3O[C@H](CO)[C@@H](O)[C@H]3OC=O)c2n1,False,C13H15N5O6,337.1022,24
Cc1nc(NC=O)c2ncn([C@@H]3O[C@H](CO)[C@@H](OC=O)[C@H]3O)c2n1,False,C13H15N5O6,337.1022,24
OCNc1ncnc2c1nc1n2[C@@H]2O[C@H](CO)[C@@H](O)[C@H]2OC1,False,C12H15N5O5,309.1073,22
OCNc1ncnc2c1nc1n2[C@@H]2O[C@H](CO)[C@@H](OC1)[C@H]2O,False,C12H15N5O5,309.1073,22
OCNc1ncnc2c1nc1n2[C@@H]2O[C@H](COC1)[C@@H](O)[C@H]2O,False,C12H15N5O5,309.1073,22
Cc1nc2c(NCO)ncnc2n1[C@]12O[C@@H]1[C@H](O)[C@@H](CO)O2,False,C12H15N5O5,309.1073,22
Cc1nc2c(NCO)ncnc2n1[C@]12O[C@@H]([C@H]1O)[C@@H](CO)O2,False,C12H15N5O5,309.1073,22
Cc1nc2c(NCO)ncnc2n1[C@@]12OC[C@@H](O1)[C@@H](O)[C@H]2O,False,C12H15N5O5,309.1073,22
Cc1nc2c(NCO)ncnc2n1[C@@H]1O[C@H](CO)[C@H]2O[C@]21O,False,C12H15N5O5,309.1073,22
Cc1nc2c(NCO)ncnc2n1[C@@H]1O[C@@H]2CO[C@]1(O)[C@@H]2O,False,C12H15N5O5,309.1073,22
Cc1nc2c(NCO)nc3nc2n1[C@@H]1O[C@H](CO)[C@@H](O)[C@H]1O3,False,C12H15N5O5,309.1073,22
Cc1nc2c(NCO)nc3nc2n1[C@@H]1O[C@H](CO)[C@@H](O3)[C@H]1O,False,C12H15N5O5,309.1073,22
Cc1nc2c(NCO)nc3nc2n1[C@@H]1O[C@H](CO3)[C@@H](O)[C@H]1O,False,C12H15N5O5,309.1073,22
Cc1nc2c(NCO)ncnc2n1[C@@H]1O[C@H](CO)[C@@]2(O)O[C@@H]12,False,C12H15N5O5,309.1073,22
Cc1nc2c(NCO)ncnc2n1[C@@H]1O[C@@H]2CO[C@@]2(O)[C@H]1O,False,C12H15N5O5,309.1073,22
Cc1nc2c(NCO)ncnc2n1[C@@H]1O[C@]2(CO)O[C@@H]1[C@@H]2O,False,C12H15N5O5,309.1073,22
Cc1nc2c(NCO)ncnc2n1[C@@H]1O[C@]2(CO)O[C@H]2[C@H]1O,False,C12H15N5O5,309.1073,22
Cc1nc2c(NCO)ncnc2n1[C@@H]1O[C@@]2(CO2)[C@@H](O)[C@H]1O,False,C12H15N5O5,309.1073,22
Cc1nc2c(NCO)ncnc2n1[C@@H]1O[C@@H]2C(O)O[C@@H]1[C@@H]2O,False,C12H15N5O5,309.1073,22
Cc1nc2c(NCO)ncnc2n1[C@@H]1O[C@@H]2C(O)O[C@H]2[C@H]1O,False,C12H15N5O5,309.1073,22
Cc1nc2c(N(C)C=O)ncnc2n1[C@@H]1O[C@H](CO)[C@@H](O)[C@H]1O,False,C13H17N5O5,323.123,23
CC(=O)N(C=O)c1ncnc2c1nc(C)n2[C@@H]1O[C@H](CO)[C@@H](O)[C@H]1O,False,C14H17N5O6,351.1179,25
CC(=O)OC[C@H]1O[C@@H](n2c(C)nc3c(NC=O)ncnc32)[C@H](O)[C@@H]1O,False,C14H17N5O6,351.1179,25
CC(=O)O[C@@H]1[C@H](O)[C@@H](CO)O[C@H]1n1c(C)nc2c(NC=O)ncnc21,False,C14H17N5O6,351.1179,25
CC(=O)O[C@H]1[C@@H](O)[C@H](n2c(C)nc3c(NC=O)ncnc32)O[C@@H]1CO,False,C14H17N5O6,351.1179,25
Cc1nc2c(N)ncnc2n1[C@@H]1O[C@H](CO)[C@@H](O)[C@H]1O,False,C11H15N5O4,281.1124,20
Cc1nc2c(NC=O)ncnc2n1[C@@H]1O[C@H](C)[C@@H](O)[C@H]1O,False,C12H15N5O4,293.1124,21
Cc1nc2c(NC=O)ncnc2n1[C@@H]1O[C@H](C(=O)O)[C@@H](O)[C@H]1O,False,C12H13N5O6,323.0866,23
Cc1nc2c(NC=O)ncnc2n1[C@@H]1O[C@H](COC=O)[C@@H](O)[C@H]1O,False,C13H15N5O6,337.1022,24
Cc1nc2c(NC=O)ncnc2n1[C@@H]1O[C@H](CO)[C@@H](O)[C@H]1OC=O,False,C13H15N5O6,337.1022,24
Cc1nc2c(NC=O)ncnc2n1[C@@H]1O[C@H](CO)[C@@H](OC=O)[C@H]1O,False,C13H15N5O6,337.1022,24
OCNc1ncnc2c1ncn2[C@]12CO[C@@H]1[C@H](O)[C@@H](CO)O2,False,C12H15N5O5,309.1073,22
OCNc1ncnc2c1ncn2[C@]12CO[C@@H]([C@H]1O)[C@@H](CO)O2,False,C12H15N5O5,309.1073,22
OCNc1ncnc2c1ncn2[C@@]12COC[C@@H](O1)[C@@H](O)[C@H]2O,False,C12H15N5O5,309.1073,22
C[C@]1(n2cnc3c(NCO)ncnc32)O[C@H](CO)[C@H]2O[C@]21O,False,C12H15N5O5,309.1073,22
C[C@]1(n2cnc3c(NCO)ncnc32)O[C@@H]2CO[C@]1(O)[C@@H]2O,False,C12H15N5O5,309.1073,22
C[C@]12O[C@H](CO)[C@@H](O)[C@H]1Oc1nc3c(NCO)ncnc3n12,False,C12H15N5O5,309.1073,22
C[C@@]12O[C@H](CO)[C@@H](Oc3nc4c(NCO)ncnc4n31)[C@H]2O,False,C12H15N5O5,309.1073,22
C[C@@]12O[C@H](COc3nc4c(NCO)ncnc4n31)[C@@H](O)[C@H]2O,False,C12H15N5O5,309.1073,22
C[C@]1(n2cnc3c(NCO)ncnc32)O[C@H](CO)[C@@]2(O)O[C@H]21,False,C12H15N5O5,309.1073,22
C[C@]1(n2cnc3c(NCO)ncnc32)O[C@@H]2CO[C@@]2(O)[C@H]1O,False,C12H15N5O5,309.1073,22
C[C@]1(n2cnc3c(NCO)ncnc32)O[C@]2(CO)O[C@@H]1[C@@H]2O,False,C12H15N5O5,309.1073,22
C[C@]1(n2cnc3c(NCO)ncnc32)O[C@]2(CO)O[C@H]2[C@H]1O,False,C12H15N5O5,309.1073,22
C[C@]1(n2cnc3c(NCO)ncnc32)O[C@@]2(CO2)[C@@H](O)[C@H]1O,False,C12H15N5O5,309.1073,22
C[C@]1(n2cnc3c(NCO)ncnc32)O[C@@H]2C(O)O[C@@H]1[C@@H]2O,False,C12H15N5O5,309.1073,22
C[C@]1(n2cnc3c(NCO)ncnc32)O[C@@H]2C(O)O[C@H]2[C@H]1O,False,C12H15N5O5,309.1073,22
C[C@]12O[C@H](CO)[C@@H](O)[C@H]1Oc1nc(NCO)c3ncn2c3n1,False,C12H15N5O5,309.1073,22
C[C@@]12O[C@H](CO)[C@@H](Oc3nc(NCO)c4ncn1c4n3)[C@H]2O,False,C12H15N5O5,309.1073,22
C[C@@]12O[C@H](COc3nc(NCO)c4ncn1c4n3)[C@@H](O)[C@H]2O,False,C12H15N5O5,309.1073,22
CN(C=O)c1ncnc2c1ncn2[C@@]1(C)O[C@H](CO)[C@@H](O)[C@H]1O,False,C13H17N5O5,323.123,23
CC(=O)N(C=O)c1ncnc2c1ncn2[C@@]1(C)O[C@H](CO)[C@@H](O)[C@H]1O,False,C14H17N5O6,351.1179,25
CC(=O)OC[C@H]1O[C@](C)(n2cnc3c(NC=O)ncnc32)[C@H](O)[C@@H]1O,False,C14H17N5O6,351.1179,25
CC(=O)O[C@@H]1[C@H](O)[C@@H](CO)O[C@]1(C)n1cnc2c(NC=O)ncnc21,False,C14H17N5O6,351.1179,25
CC(=O)O[C@H]1[C@@H](O)[C@@](C)(n2cnc3c(NC=O)ncnc32)O[C@@H]1CO,False,C14H17N5O6,351.1179,25
C[C@]1(n2cnc3c(N)ncnc32)O[C@H](CO)[C@@H](O)[C@H]1O,False,C11H15N5O4,281.1124,20
C[C@H]1O[C@](C)(n2cnc3c(NC=O)ncnc32)[C@H](O)[C@@H]1O,False,C12H15N5O4,293.1124,21
C[C@]1(n2cnc3c(NC=O)ncnc32)O[C@H](C(=O)O)[C@@H](O)[C@H]1O,False,C12H13N5O6,323.0866,23
C[C@]1(n2cnc3c(NC=O)ncnc32)O[C@H](COC=O)[C@@H](O)[C@H]1O,False,C13H15N5O6,337.1022,24
C[C@]1(n2cnc3c(NC=O)ncnc32)O[C@H](CO)[C@@H](O)[C@H]1OC=O,False,C13H15N5O6,337.1022,24
C[C@]1(n2cnc3c(NC=O)ncnc32)O[C@H](CO)[C@@H](OC=O)[C@H]1O,False,C13H15N5O6,337.1022,24
OCNc1ncnc2c1ncn2[C@@H]1O[C@H](CO)[C@@H](O)[C@@]12CO2,False,C12H15N5O5,309.1073,22
OCNc1ncnc2c1ncn2[C@@H]1O[C@H](CO)[C@H]2OC[C@]21O,False,C12H15N5O5,309.1073,22
OCNc1ncnc2c1ncn2[C@@H]1O[C@@H]2COC[C@]1(O)[C@@H]2O,False,C12H15N5O5,309.1073,22
C[C@@]12O[C@]1(n1cnc3c(NCO)ncnc31)O[C@H](CO)[C@H]2O,False,C12H15N5O5,309.1073,22
C[C@]1(O)[C@@H]2O[C@]1(n1cnc3c(NCO)ncnc31)O[C@@H]2CO,False,C12H15N5O5,309.1073,22
C[C@]1(O)[C@H](O)[C@H]2CO[C@]1(n1cnc3c(NCO)ncnc31)O2,False,C12H15N5O5,309.1073,22
C[C@]12O[C@]1(O)[C@@H](CO)O[C@H]2n1cnc2c(NCO)ncnc21,False,C12H15N5O5,309.1073,22
C[C@@]1(O)[C@H](n2cnc3c(NCO)ncnc32)O[C@@H]2CO[C@]21O,False,C12H15N5O5,309.1073,22
C[C@@]12O[C@@](CO)(O[C@H]1n1cnc3c(NCO)ncnc31)[C@H]2O,False,C12H15N5O5,309.1073,22
C[C@]1(O)[C@@H]2O[C@@]2(CO)O[C@H]1n1cnc2c(NCO)ncnc21,False,C12H15N5O5,309.1073,22
C[C@]1(O)[C@H](O)[C@]2(CO2)O[C@H]1n1cnc2c(NCO)ncnc21,False,C12H15N5O5,309.1073,22
C[C@@]12Oc3nc4c(NCO)ncnc4n3[C@@H]1O[C@H](CO)[C@H]2O,False,C12H15N5O5,309.1073,22
C[C@]1(O)[C@@H]2Oc3nc4c(NCO)ncnc4n3[C@@H]1O[C@@H]2CO,False,C12H15N5O5,309.1073,22
C[C@]1(O)[C@H](O)[C@H]2COc3nc4c(NCO)ncnc4n3[C@@H]1O2,False,C12H15N5O5,309.1073,22
C[C@@]12OC(O)[C@@H](O[C@H]1n1cnc3c(NCO)ncnc31)[C@H]2O,False,C12H15N5O5,309.1073,22
C[C@]1(O)[C@@H]2OC(O)[C@H]2O[C@H]1n1cnc2c(NCO)ncnc21,False,C12H15N5O5,309.1073,22
C[C@@]12Oc3nc(NCO)c4ncn(c4n3)[C@@H]1O[C@H](CO)[C@H]2O,False,C12H15N5O5,309.1073,22
C[C@]1(O)[C@@H]2Oc3nc(NCO)c4ncn(c4n3)[C@@H]1O[C@@H]2CO,False,C12H15N5O5,309.1073,22
C[C@]1(O)[C@H](O)[C@H]2COc3nc(NCO)c4ncn(c4n3)[C@@H]1O2,False,C12H15N5O5,309.1073,22
CN(C=O)c1ncnc2c1ncn2[C@@H]1O[C@H](CO)[C@@H](O)[C@]1(C)O,False,C13H17N5O5,323.123,23
CC(=O)N(C=O)c1ncnc2c1ncn2[C@@H]1O[C@H](CO)[C@@H](O)[C@]1(C)O,False,C14H17N5O6,351.1179,25
CC(=O)OC[C@H]1O[C@@H](n2cnc3c(NC=O)ncnc32)[C@@](C)(O)[C@@H]1O,False,C14H17N5O6,351.1179,25
CC(=O)O[C@@]1(C)[C@H](O)[C@@H](CO)O[C@H]1n1cnc2c(NC=O)ncnc21,False,C14H17N5O6,351.1179,25
CC(=O)O[C@@H]1[C@@H](CO)O[C@@H](n2cnc3c(NC=O)ncnc32)[C@@]1(C)O,False,C14H17N5O6,351.1179,25
C[C@]1(O)[C@H](O)[C@@H](CO)O[C@H]1n1cnc2c(N)ncnc21,False,C11H15N5O4,281.1124,20
C[C@H]1O[C@@H](n2cnc3c(NC=O)ncnc32)[C@@](C)(O)[C@@H]1O,False,C12H15N5O4,293.1124,21
C[C@]1(O)[C@H](O)[C@@H](C(=O)O)O[C@H]1n1cnc2c(NC=O)ncnc21,False,C12H13N5O6,323.0866,23
C[C@]1(O)[C@H](O)[C@@H](COC=O)O[C@H]1n1cnc2c(NC=O)ncnc21,False,C13H15N5O6,337.1022,24
C[C@]1(OC=O)[C@H](O)[C@@H](CO)O[C@H]1n1cnc2c(NC=O)ncnc21,False,C13H15N5O6,337.1022,24
C[C@]1(O)[C@H](OC=O)[C@@H](CO)O[C@H]1n1cnc2c(NC=O)ncnc21,False,C13H15N5O6,337.1022,24
OCNc1ncnc2c1ncn2[C@@H]1O[C@H](CO)[C@@]2(CO2)[C@H]1O,False,C12H15N5O5,309.1073,22
OCNc1ncnc2c1ncn2[C@@H]1O[C@H](CO)[C@@]2(O)CO[C@@H]12,False,C12H15N5O5,309.1073,22
OCNc1ncnc2c1ncn2[C@@H]1O[C@@H]2COC[C@@]2(O)[C@H]1O,False,C12H15N5O5,309.1073,22
C[C@@]12O[C@@]1(O)[C@H](n1cnc3c(NCO)ncnc31)O[C@@H]2CO,False,C12H15N5O5,309.1073,22
C[C@]1(O)[C@H]2CO[C@@]1(O)[C@H](n1cnc3c(NCO)ncnc31)O2,False,C12H15N5O5,309.1073,22
C[C@]12O[C@@]1(CO)O[C@@H](n1cnc3c(NCO)ncnc31)[C@@H]2O,False,C12H15N5O5,309.1073,22
C[C@@]1(O)[C@H]2O[C@@]1(CO)O[C@H]2n1cnc2c(NCO)ncnc21,False,C12H15N5O5,309.1073,22
C[C@@]1(O)[C@@H](O)[C@H](n2cnc3c(NCO)ncnc32)O[C@@]12CO2,False,C12H15N5O5,309.1073,22
C[C@]12O[C@](n3cnc4c(NCO)ncnc43)(O[C@@H]1CO)[C@@H]2O,False,C12H15N5O5,309.1073,22
C[C@@]1(O)[C@H]2O[C@]2(n2cnc3c(NCO)ncnc32)O[C@@H]1CO,False,C12H15N5O5,309.1073,22
C[C@@]1(O)[C@@H](O)[C@]2(n3cnc4c(NCO)ncnc43)OC[C@H]1O2,False,C12H15N5O5,309.1073,22
C[C@]12OC(O)[C@H]1O[C@@H](n1cnc3c(NCO)ncnc31)[C@@H]2O,False,C12H15N5O5,309.1073,22
C[C@]1(O)[C@@H]2O[C@@H](n3cnc4c(NCO)ncnc43)[C@@H]1OC2O,False,C12H15N5O5,309.1073,22
C[C@]12Oc3nc4c(NCO)ncnc4n3[C@H](O[C@@H]1CO)[C@@H]2O,False,C12H15N5O5,309.1073,22
C[C@]1(O)[C@@H](CO)O[C@@H]2[C@@H]1Oc1nc3c(NCO)ncnc3n12,False,C12H15N5O5,309.1073,22
C[C@]1(O)[C@H]2COc3nc4c(NCO)ncnc4n3[C@H](O2)[C@@H]1O,False,C12H15N5O5,309.1073,22
C[C@]12Oc3nc(NCO)c4ncn(c4n3)[C@H](O[C@@H]1CO)[C@@H]2O,False,C12H15N5O5,309.1073,22
C[C@]1(O)[C@@H](CO)O[C@@H]2[C@@H]1Oc1nc(NCO)c3ncn2c3n1,False,C12H15N5O5,309.1073,22
C[C@]1(O)[C@H]2COc3nc(NCO)c4ncn(c4n3)[C@H](O2)[C@@H]1O,False,C12H15N5O5,309.1073,22
CN(C=O)c1ncnc2c1ncn2[C@@H]1O[C@H](CO)[C@](C)(O)[C@H]1O,False,C13H17N5O5,323.123,23
CC(=O)N(C=O)c1ncnc2c1ncn2[C@@H]1O[C@H](CO)[C@](C)(O)[C@H]1O,False,C14H17N5O6,351.1179,25
CC(=O)OC[C@H]1O[C@@H](n2cnc3c(NC=O)ncnc32)[C@H](O)[C@@]1(C)O,False,C14H17N5O6,351.1179,25
CC(=O)O[C@@]1(C)[C@@H](CO)O[C@@H](n2cnc3c(NC=O)ncnc32)[C@@H]1O,False,C14H17N5O6,351.1179,25
CC(=O)O[C@H]1[C@H](n2cnc3c(NC=O)ncnc32)O[C@H](CO)[C@]1(C)O,False,C14H17N5O6,351.1179,25
C[C@]1(O)[C@@H](CO)O[C@@H](n2cnc3c(N)ncnc32)[C@@H]1O,False,C11H15N5O4,281.1124,20
C[C@H]1O[C@@H](n2cnc3c(NC=O)ncnc32)[C@H](O)[C@@]1(C)O,False,C12H15N5O4,293.1124,21
C[C@]1(O)[C@@H](C(=O)O)O[C@@H](n2cnc3c(NC=O)ncnc32)[C@@H]1O,False,C12H13N5O6,323.0866,23
C[C@]1(O)[C@@H](COC=O)O[C@@H](n2cnc3c(NC=O)ncnc32)[C@@H]1O,False,C13H15N5O6,337.1022,24
C[C@]1(OC=O)[C@@H](CO)O[C@@H](n2cnc3c(NC=O)ncnc32)[C@@H]1O,False,C13H15N5O6,337.1022,24
C[C@]1(O)[C@@H](CO)O[C@@H](n2cnc3c(NC=O)ncnc32)[C@@H]1OC=O,False,C13H15N5O6,337.1022,24
C[C@H]1O[C@](CO)(n2cnc3c(NC=O)ncnc32)[C@H](O)[C@@H]1O,False,C12H15N5O5,309.1073,22
OCNc1ncnc2c1ncn2[C@@H]1O[C@]2(CO)CO[C@H]2[C@H]1O,False,C12H15N5O5,309.1073,22
OCNc1ncnc2c1ncn2[C@@H]1OC2(COC2)[C@@H](O)[C@H]1O,False,C12H15N5O5,309.1073,22
OCNc1ncnc2c1ncn2[C@@H]1O[C@]2(CO)CO[C@@H]1[C@@H]2O,False,C12H15N5O5,309.1073,22
C[C@]12CO[C@@]1(O)[C@@H](O)[C@H](n1cnc3c(NCO)ncnc31)O2,False,C12H15N5O5,309.1073,22
C[C@@]1(CO)O[C@@H](n2cnc3c(NCO)ncnc32)[C@@H]2O[C@@]21O,False,C12H15N5O5,309.1073,22
C[C@@]12O[C@@H](n3cnc4c(NCO)ncnc43)[C@H](O)[C@@H]1OC2O,False,C12H15N5O5,309.1073,22
C[C@]12O[C@@H](n3cnc4c(NCO)ncnc43)[C@H](OC1O)[C@@H]2O,False,C12H15N5O5,309.1073,22
C[C@@]1(CO)O[C@@]2(n3cnc4c(NCO)ncnc43)O[C@H]1[C@H]2O,False,C12H15N5O5,309.1073,22
C[C@@]12CO[C@](n3cnc4c(NCO)ncnc43)(O1)[C@H](O)[C@@H]2O,False,C12H15N5O5,309.1073,22
C[C@@]1(CO)O[C@@]2(n3cnc4c(NCO)ncnc43)O[C@@H]2[C@@H]1O,False,C12H15N5O5,309.1073,22
C[C@@]1(CO)O[C@@H](n2cnc3c(NCO)ncnc32)[C@]2(O)O[C@@H]21,False,C12H15N5O5,309.1073,22
C[C@@]12CO[C@@](O)([C@H](n3cnc4c(NCO)ncnc43)O1)[C@@H]2O,False,C12H15N5O5,309.1073,22
C[C@@]1(CO)O[C@@H]2[C@H](O)[C@@H]1Oc1nc3c(NCO)ncnc3n12,False,C12H15N5O5,309.1073,22
C[C@@]12COc3nc4c(NCO)ncnc4n3[C@H](O1)[C@H](O)[C@@H]2O,False,C12H15N5O5,309.1073,22
C[C@@]1(CO)O[C@@H]2[C@H](Oc3nc4c(NCO)ncnc4n32)[C@@H]1O,False,C12H15N5O5,309.1073,22
C[C@@]1(CO)O[C@@H]2[C@H](O)[C@@H]1Oc1nc(NCO)c3ncn2c3n1,False,C12H15N5O5,309.1073,22
C[C@@]12COc3nc(NCO)c4ncn(c4n3)[C@H](O1)[C@H](O)[C@@H]2O,False,C12H15N5O5,309.1073,22
C[C@@]1(CO)O[C@@H]2[C@H](Oc3nc(NCO)c4ncn2c4n3)[C@@H]1O,False,C12H15N5O5,309.1073,22
CN(C=O)c1ncnc2c1ncn2[C@@H]1O[C@@](C)(CO)[C@@H](O)[C@H]1O,False,C13H17N5O5,323.123,23
CC(=O)N(C=O)c1ncnc2c1ncn2[C@@H]1O[C@@](C)(CO)[C@@H](O)[C@H]1O,False,C14H17N5O6,351.1179,25
CC(=O)OC[C@]1(C)O[C@@H](n2cnc3c(NC=O)ncnc32)[C@H](O)[C@@H]1O,False,C14H17N5O6,351.1179,25
CC(=O)O[C@H]1[C@@H](O)[C@H](n2cnc3c(NC=O)ncnc32)O[C@@]1(C)CO,False,C14H17N5O6,351.1179,25
CC(=O)O[C@H]1[C@H](n2cnc3c(NC=O)ncnc32)O[C@@](C)(CO)[C@H]1O,False,C14H17N5O6,351.1179,25
C[C@@]1(CO)O[C@@H](n2cnc3c(N)ncnc32)[C@H](O)[C@@H]1O,False,C11H15N5O4,281.1124,20
CC1(C)O[C@@H](n2cnc3c(NC=O)ncnc32)[C@H](O)[C@@H]1O,False,C12H15N5O4,293.1124,21
C[C@@]1(C(=O)O)O[C@@H](n2cnc3c(NC=O)ncnc32)[C@H](O)[C@@H]1O,False,C12H13N5O6,323.0866,23
C[C@@]1(COC=O)O[C@@H](n2cnc3c(NC=O)ncnc32)[C@H](O)[C@@H]1O,False,C13H15N5O6,337.1022,24
C[C@@]1(CO)O[C@@H](n2cnc3c(NC=O)ncnc32)[C@H](O)[C@@H]1OC=O,False,C13H15N5O6,337.1022,24
C[C@@]1(CO)O[C@@H](n2cnc3c(NC=O)ncnc32)[C@H](OC=O)[C@@H]1O,False,C13H15N5O6,337.1022,24
C,False,CH4,16.0313,1
O=CNc1ncnc2c1ncn2[C@@H]1OC[C@@H](O)[C@H]1O,False,C10H11N5O4,265.0811,19
CC=O,False,C2H4O,44.0262,3
CC1(O)O[C@H]2[C@@H](O)[C@H](n3cnc4c(NCO)ncnc43)O[C@@H]21,False,C12H15N5O5,309.1073,22
CC1(O)O[C@@H]2[C@H](O)[C@@H]1O[C@H]2n1cnc2c(NCO)ncnc21,False,C12H15N5O5,309.1073,22
OCNc1ncnc2c1ncn2[C@@H]1O[C@H](C2CO2)[C@@H](O)[C@H]1O,False,C12H15N5O5,309.1073,22
OCNc1ncnc2c1ncn2[C@@H]1O[C@@H]2C(O)CO[C@H]2[C@H]1O,False,C12H15N5O5,309.1073,22
OCNc1ncnc2c1ncn2[C@@H]1O[C@@H]2C(O)CO[C@@H]1[C@@H]2O,False,C12H15N5O5,309.1073,22
CC1O[C@]12O[C@@H](n1cnc3c(NCO)ncnc31)[C@H](O)[C@@H]2O,False,C12H15N5O5,309.1073,22
CC(O)[C@]12O[C@@H](n3cnc4c(NCO)ncnc43)[C@H](O)[C@@H]1O2,False,C12H15N5O5,309.1073,22
CC(O)[C@]12O[C@@H]([C@H](n3cnc4c(NCO)ncnc43)O1)[C@@H]2O,False,C12H15N5O5,309.1073,22
CC1O[C@]2(O)[C@@H]1O[C@@H](n1cnc3c(NCO)ncnc31)[C@@H]2O,False,C12H15N5O5,309.1073,22
CC(O)[C@H]1O[C@@H](n2cnc3c(NCO)ncnc32)[C@@H]2O[C@]12O,False,C12H15N5O5,309.1073,22
CC1O[C@]2(n3cnc4c(NCO)ncnc43)O[C@H]1[C@@H](O)[C@H]2O,False,C12H15N5O5,309.1073,22
CC(O)[C@H]1O[C@@]2(n3cnc4c(NCO)ncnc43)O[C@H]1[C@H]2O,False,C12H15N5O5,309.1073,22
CC(O)[C@H]1O[C@@]2(n3cnc4c(NCO)ncnc43)O[C@@H]2[C@@H]1O,False,C12H15N5O5,309.1073,22
CC1O[C@]2(O)[C@H](O)[C@@H]1O[C@H]2n1cnc2c(NCO)ncnc21,False,C12H15N5O5,309.1073,22
CC(O)[C@H]1O[C@@H](n2cnc3c(NCO)ncnc32)[C@]2(O)O[C@H]12,False,C12H15N5O5,309.1073,22
CC1Oc2nc3c(NCO)ncnc3n2[C@@H]2O[C@H]1[C@@H](O)[C@H]2O,False,C12H15N5O5,309.1073,22
CC(O)[C@H]1O[C@@H]2[C@H](O)[C@@H]1Oc1nc3c(NCO)ncnc3n12,False,C12H15N5O5,309.1073,22
CC(O)[C@H]1O[C@@H]2[C@H](Oc3nc4c(NCO)ncnc4n32)[C@@H]1O,False,C12H15N5O5,309.1073,22
CC1Oc2nc(NCO)c3ncn(c3n2)[C@@H]2O[C@H]1[C@@H](O)[C@H]2O,False,C12H15N5O5,309.1073,22
CC(O)[C@H]1O[C@@H]2[C@H](O)[C@@H]1Oc1nc(NCO)c3ncn2c3n1,False,C12H15N5O5,309.1073,22
CC(O)[C@H]1O[C@@H]2[C@H](Oc3nc(NCO)c4ncn2c4n3)[C@@H]1O,False,C12H15N5O5,309.1073,22
CC(O)[C@H]1O[C@@H](n2cnc3c(N(C)C=O)ncnc32)[C@H](O)[C@@H]1O,False,C13H17N5O5,323.123,23
CC(C)(O)[C@H]1O[C@@H](n2cnc3c(NC=O)ncnc32)[C@H](O)[C@@H]1O,False,C13H17N5O5,323.123,23
CCC(O)[C@H]1O[C@@H](n2cnc3c(NC=O)ncnc32)[C@H](O)[C@@H]1O,False,C13H17N5O5,323.123,23
CC(=O)N(C=O)c1ncnc2c1ncn2[C@@H]1O[C@H](C(C)O)[C@@H](O)[C@H]1O,False,C14H17N5O6,351.1179,25
CC(=O)OC(C)[C@H]1O[C@@H](n2cnc3c(NC=O)ncnc32)[C@H](O)[C@@H]1O,False,C14H17N5O6,351.1179,25
CC(=O)O[C@H]1[C@@H](O)[C@H](n2cnc3c(NC=O)ncnc32)O[C@@H]1C(C)O,False,C14H17N5O6,351.1179,25
CC(=O)O[C@@H]1[C@H](O)[C@@H](C(C)O)O[C@H]1n1cnc2c(NC=O)ncnc21,False,C14H17N5O6,351.1179,25
CC(Cl)[C@H]1O[C@@H](n2cnc3c(NC=O)ncnc32)[C@H](O)[C@@H]1O,False,C12H14ClN5O4,327.0734,22
CC(O)(O)[C@H]1O[C@@H](n2cnc3c(NC=O)ncnc32)[C@H](O)[C@@H]1O,False,C12H15N5O6,325.1022,23
O=CNc1ncnc2c1ncn2[C@@H]1O[C@H](C(O)CO)[C@@H](O)[C@H]1O,False,C12H15N5O6,325.1022,23
CC(O)[C@H]1O[C@@H](n2cnc3c(N)ncnc32)[C@H](O)[C@@H]1O,False,C11H15N5O4,281.1124,20
CC(O)(O)[C@H]1O[C@@H](n2cnc3c(NCO)ncnc32)[C@H](O)[C@@H]1O,False,C12H17N5O6,327.1179,23
OCNc1ncnc2c1ncn2[C@@H]1O[C@H](C(O)CO)[C@@H](O)[C@H]1O,False,C12H17N5O6,327.1179,23
CC[C@H]1O[C@@H](n2cnc3c(NC=O)ncnc32)[C@H](O)[C@@H]1O,False,C12H15N5O4,293.1124,21
CC(O)[C@H]1O[C@@H](n2cnc3c(NC=O)ncnc32)[C@H](O)[C@@H]1OC=O,False,C13H15N5O6,337.1022,24
CC(O)[C@H]1O[C@@H](n2cnc3c(NC=O)ncnc32)[C@H](OC=O)[C@@H]1O,False,C13H15N5O6,337.1022,24
CC(O)[C@]1(C)O[C@@H](n2cnc3c(NC=O)ncnc32)[C@H](O)[C@@H]1O,False,C13H17N5O5,323.123,23
CC(O)[C@H]1O[C@@H](n2cnc3c(NC=O)ncnc32)[C@H](O)[C@@]1(C)O,False,C13H17N5O5,323.123,23
CC(O)[C@H]1O[C@](C)(n2cnc3c(NC=O)ncnc32)[C@H](O)[C@@H]1O,False,C13H17N5O5,323.123,23
CC(O)[C@H]1O[C@@H](n2cnc3c(NC=O)ncnc32)[C@@](C)(O)[C@@H]1O,False,C13H17N5O5,323.123,23
Cc1nc2c(NC=O)ncnc2n1[C@@H]1O[C@H](C(C)O)[C@@H](O)[C@H]1O,False,C13H17N5O5,323.123,23
Cc1nc(NC=O)c2ncn([C@@H]3O[C@H](C(C)O)[C@@H](O)[C@H]3O)c2n1,False,C13H17N5O5,323.123,23
OCC1O[C@@H]2[C@H](O)CO[C@H]2n2cnc3c(ncnc32)NC1O,False,C12H15N5O5,309.1073,22
OCC1(O)CO[C@@H]2[C@H](O)CO[C@H]2n2cnc3c(ncnc32)N1,False,C12H15N5O5,309.1073,22
OC[C@@]12OCC(O)Nc3ncnc4c3ncn4[C@@H]1OC[C@H]2O,False,C12H15N5O5,309.1073,22
OC[C@]1(O)CO[C@@H]2[C@@H]1OCC(O)Nc1ncnc3c1ncn32,False,C12H15N5O5,309.1073,22
OCc1nc2c3ncnc2n1[C@@H]1OC[C@@H](O)[C@H]1OCC(O)N3,False,C12H15N5O5,309.1073,22
OCc1nc2c3ncn(c3n1)[C@@H]1OC[C@@H](O)[C@H]1OCC(O)N2,False,C12H15N5O5,309.1073,22
COC1CO[C@@H]2[C@H](O)[C@@H](CO)O[C@H]2n2cnc3c(ncnc32)N1,False,C13H17N5O5,323.123,23
CC(=O)OC[C@H]1O[C@@H]2[C@H](OCC(O)Nc3ncnc4c3ncn42)[C@@H]1O,False,C14H17N5O6,351.1179,25
CC(=O)OC1CO[C@@H]2[C@H](O)[C@@H](CO)O[C@H]2n2cnc3c(ncnc32)N1,False,C14H17N5O6,351.1179,25
CC(=O)O[C@H]1[C@H]2OCC(O)Nc3ncnc4c3ncn4[C@@H]2O[C@@H]1CO,False,C14H17N5O6,351.1179,25
C[C@H]1O[C@@H]2[C@H](OCC(O)Nc3ncnc4c3ncn42)[C@@H]1O,False,C12H15N5O4,293.1124,21
O=C(O)[C@H]1O[C@@H]2[C@H](OCC(O)Nc3ncnc4c3ncn42)[C@@H]1O,False,C12H13N5O6,323.0866,23
OCC1O[C@@H]2CO[C@H]([C@@H]2O)n2cnc3c(ncnc32)NC1O,False,C12H15N5O5,309.1073,22
OCC1(O)CO[C@@H]2CO[C@H]([C@@H]2O)n2cnc3c(ncnc32)N1,False,C12H15N5O5,309.1073,22
OC[C@]12CO[C@H]([C@@H]1O)n1cnc3c(ncnc31)NC(O)CO2,False,C12H15N5O5,309.1073,22
OC[C@]1(O)[C@H]2CO[C@H]1n1cnc3c(ncnc31)NC(O)CO2,False,C12H15N5O5,309.1073,22
OCc1nc2c3ncnc2n1[C@@H]1OC[C@@H](OCC(O)N3)[C@H]1O,False,C12H15N5O5,309.1073,22
OCc1nc2c3ncn(c3n1)[C@@H]1OC[C@@H](OCC(O)N2)[C@H]1O,False,C12H15N5O5,309.1073,22
COC1CO[C@H]2[C@@H](O)[C@@H](O[C@@H]2CO)n2cnc3c(ncnc32)N1,False,C13H17N5O5,323.123,23
CC(=O)OC[C@H]1O[C@@H]2[C@H](O)[C@@H]1OCC(O)Nc1ncnc3c1ncn32,False,C14H17N5O6,351.1179,25
CC(=O)OC1CO[C@H]2[C@@H](O)[C@@H](O[C@@H]2CO)n2cnc3c(ncnc32)N1,False,C14H17N5O6,351.1179,25
CC(=O)O[C@@H]1[C@@H]2OCC(O)Nc3ncnc4c3ncn4[C@@H]1O[C@@H]2CO,False,C14H17N5O6,351.1179,25
C[C@H]1O[C@@H]2[C@H](O)[C@@H]1OCC(O)Nc1ncnc3c1ncn32,False,C12H15N5O4,293.1124,21
O=C(O)[C@H]1O[C@@H]2[C@H](O)[C@@H]1OCC(O)Nc1ncnc3c1ncn32,False,C12H13N5O6,323.0866,23
COC1COC[C@H]2O[C@H]([C@H](O)[C@@H]2O)n2cnc3c(ncnc32)N1,False,C13H17N5O5,323.123,23
CC(=O)OC1COC[C@H]2O[C@H]([C@H](O)[C@@H]2O)n2cnc3c(ncnc32)N1,False,C14H17N5O6,351.1179,25
CC(=O)O[C@H]1[C@@H](O)[C@H]2O[C@@H]1COCC(O)Nc1ncnc3c1ncn32,False,C14H17N5O6,351.1179,25
CC(=O)O[C@@H]1[C@H](O)[C@H]2COCC(O)Nc3ncnc4c3ncn4[C@@H]1O2,False,C14H17N5O6,351.1179,25
CC(O)(CO)Nc1nc2nc3c1ncn3[C@@H]1OC[C@@H](O)[C@H]1O2,False,C12H15N5O5,309.1073,22
CC(O)Nc1nc2nc3c1nc(CO)n3[C@@H]1OC[C@@H](O)[C@H]1O2,False,C12H15N5O5,309.1073,22
CC(O)Nc1nc2nc3c1ncn3[C@@H]1OC[C@@H](O)[C@]1(CO)O2,False,C12H15N5O5,309.1073,22
CC(O)Nc1nc2nc3c1ncn3[C@@H]1OC[C@@](O)(CO)[C@H]1O2,False,C12H15N5O5,309.1073,22
OCCC(O)Nc1nc2nc3c1ncn3[C@@H]1OC[C@@H](O)[C@H]1O2,False,C12H15N5O5,309.1073,22
O=CNc1nc2nc3c1ncn3[C@@H]1O[C@H](CO)[C@@H](O)[C@H]1O2,False,C11H11N5O5,293.076,21
CCNc1nc2nc3c1ncn3[C@@H]1O[C@H](C=O)[C@@H](O)[C@H]1O2,False,C12H13N5O4,291.0968,21
COC(C)Nc1nc2nc3c1ncn3[C@@H]1O[C@H](CO)[C@@H](O)[C@H]1O2,False,C13H17N5O5,323.123,23
CC(O)N(C)c1nc2nc3c1ncn3[C@@H]1O[C@H](CO)[C@@H](O)[C@H]1O2,False,C13H17N5O5,323.123,23
CC(C)(O)Nc1nc2nc3c1ncn3[C@@H]1O[C@H](CO)[C@@H](O)[C@H]1O2,False,C13H17N5O5,323.123,23
CCC(O)Nc1nc2nc3c1ncn3[C@@H]1O[C@H](CO)[C@@H](O)[C@H]1O2,False,C13H17N5O5,323.123,23
CC(=O)N(c1nc2nc3c1ncn3[C@@H]1O[C@H](CO)[C@@H](O)[C@H]1O2)C(C)O,False,C14H17N5O6,351.1179,25
CC(=O)OC(C)Nc1nc2nc3c1ncn3[C@@H]1O[C@H](CO)[C@@H](O)[C@H]1O2,False,C14H17N5O6,351.1179,25
CC(=O)OC[C@H]1O[C@@H]2[C@H](Oc3nc(NC(C)O)c4ncn2c4n3)[C@@H]1O,False,C14H17N5O6,351.1179,25
CC(=O)O[C@H]1[C@H]2Oc3nc(NC(C)O)c4ncn(c4n3)[C@@H]2O[C@@H]1CO,False,C14H17N5O6,351.1179,25
CC(Cl)Nc1nc2nc3c1ncn3[C@@H]1O[C@H](CO)[C@@H](O)[C@H]1O2,False,C12H14ClN5O4,327.0734,22
CC(O)N(C(N)=O)c1nc2nc3c1ncn3[C@@H]1O[C@H](CO)[C@@H](O)[C@H]1O2,False,C13H16N6O6,352.1131,25
CC(O)(O)Nc1nc2nc3c1ncn3[C@@H]1O[C@H](CO)[C@@H](O)[C@H]1O2,False,C12H15N5O6,325.1022,23
OCC(O)Nc1nc2nc3c1ncn3[C@@H]1O[C@H](CO)[C@@H](O)[C@H]1O2,False,C12H15N5O6,325.1022,23
CCNc1nc2nc3c1ncn3[C@@H]1O[C@H](CO)[C@@H](O)[C@H]1O2,False,C12H15N5O4,293.1124,21
CC(O)Nc1nc2nc3c1ncn3[C@@H]1O[C@H](C)[C@@H](O)[C@H]1O2,False,C12H15N5O4,293.1124,21
CC(O)Nc1nc2nc3c1ncn3[C@@H]1O[C@H](C(=O)O)[C@@H](O)[C@H]1O2,False,C12H13N5O6,323.0866,23
CC(O)OC(C)Nc1nc2nc3c1ncn3[C@@H]1O[C@H](CO)[C@@H](O)[C@H]1O2,False,C14H19N5O6,353.1335,25
OCNc1nc2nc3c1ncn3[C@@H]1O[C@H](CO)[C@@H](O)[C@H]1O2,False,C11H13N5O5,295.0917,21
Cc1nc2c(NC(C)O)nc3nc2n1[C@@H]1O[C@H](CO)[C@@H](O)[C@H]1O3,False,C13H17N5O5,323.123,23
CC(O)Nc1nc2nc3c1ncn3[C@@]1(C)O[C@H](CO)[C@@H](O)[C@H]1O2,False,C13H17N5O5,323.123,23
CC(O)Nc1nc2nc3c1ncn3[C@@H]1O[C@H](CO)[C@@H](O)[C@]1(C)O2,False,C13H17N5O5,323.123,23
CC(O)Nc1nc2nc3c1ncn3[C@@H]1O[C@H](CO)[C@](C)(O)[C@H]1O2,False,C13H17N5O5,323.123,23
CC(O)Nc1nc2nc3c1ncn3[C@@H]1O[C@@](C)(CO)[C@@H](O)[C@H]1O2,False,C13H17N5O5,323.123,23
CC(O)Nc1nc2nc3c1ncn3[C@@H]1O[C@H](C(C)O)[C@@H](O)[C@H]1O2,False,C13H17N5O5,323.123,23
CC(O)(CO)Nc1nc2nc3c1ncn3[C@@H]1OC[C@@H](O2)[C@H]1O,False,C12H15N5O5,309.1073,22
CC(O)Nc1nc2nc3c1nc(CO)n3[C@@H]1OC[C@@H](O2)[C@H]1O,False,C12H15N5O5,309.1073,22
CC(O)Nc1nc2nc3c1ncn3[C@@H]1OC[C@@H](O2)[C@@]1(O)CO,False,C12H15N5O5,309.1073,22
CC(O)Nc1nc2nc3c1ncn3[C@@H]1OC[C@](CO)(O2)[C@H]1O,False,C12H15N5O5,309.1073,22
OCCC(O)Nc1nc2nc3c1ncn3[C@@H]1OC[C@@H](O2)[C@H]1O,False,C12H15N5O5,309.1073,22
O=CNc1nc2nc3c1ncn3[C@@H]1O[C@H](CO)[C@@H](O2)[C@H]1O,False,C11H11N5O5,293.076,21
CCNc1nc2nc3c1ncn3[C@@H]1O[C@H](C=O)[C@@H](O2)[C@H]1O,False,C12H13N5O4,291.0968,21
COC(C)Nc1nc2nc3c1ncn3[C@@H]1O[C@H](CO)[C@@H](O2)[C@H]1O,False,C13H17N5O5,323.123,23
CC(O)N(C)c1nc2nc3c1ncn3[C@@H]1O[C@H](CO)[C@@H](O2)[C@H]1O,False,C13H17N5O5,323.123,23
CC(C)(O)Nc1nc2nc3c1ncn3[C@@H]1O[C@H](CO)[C@@H](O2)[C@H]1O,False,C13H17N5O5,323.123,23
CCC(O)Nc1nc2nc3c1ncn3[C@@H]1O[C@H](CO)[C@@H](O2)[C@H]1O,False,C13H17N5O5,323.123,23
CC(=O)N(c1nc2nc3c1ncn3[C@@H]1O[C@H](CO)[C@@H](O2)[C@H]1O)C(C)O,False,C14H17N5O6,351.1179,25
CC(=O)OC(C)Nc1nc2nc3c1ncn3[C@@H]1O[C@H](CO)[C@@H](O2)[C@H]1O,False,C14H17N5O6,351.1179,25
CC(=O)OC[C@H]1O[C@@H]2[C@H](O)[C@@H]1Oc1nc(NC(C)O)c3ncn2c3n1,False,C14H17N5O6,351.1179,25
CC(=O)O[C@@H]1[C@@H]2Oc3nc(NC(C)O)c4ncn(c4n3)[C@@H]1O[C@@H]2CO,False,C14H17N5O6,351.1179,25
CC(Cl)Nc1nc2nc3c1ncn3[C@@H]1O[C@H](CO)[C@@H](O2)[C@H]1O,False,C12H14ClN5O4,327.0734,22
CC(O)N(C(N)=O)c1nc2nc3c1ncn3[C@@H]1O[C@H](CO)[C@@H](O2)[C@H]1O,False,C13H16N6O6,352.1131,25
CC(O)(O)Nc1nc2nc3c1ncn3[C@@H]1O[C@H](CO)[C@@H](O2)[C@H]1O,False,C12H15N5O6,325.1022,23
OCC(O)Nc1nc2nc3c1ncn3[C@@H]1O[C@H](CO)[C@@H](O2)[C@H]1O,False,C12H15N5O6,325.1022,23
CCNc1nc2nc3c1ncn3[C@@H]1O[C@H](CO)[C@@H](O2)[C@H]1O,False,C12H15N5O4,293.1124,21
CC(O)Nc1nc2nc3c1ncn3[C@@H]1O[C@H](C)[C@@H](O2)[C@H]1O,False,C12H15N5O4,293.1124,21
CC(O)Nc1nc2nc3c1ncn3[C@@H]1O[C@H](C(=O)O)[C@@H](O2)[C@H]1O,False,C12H13N5O6,323.0866,23
CC(O)OC(C)Nc1nc2nc3c1ncn3[C@@H]1O[C@H](CO)[C@@H](O2)[C@H]1O,False,C14H19N5O6,353.1335,25
OCNc1nc2nc3c1ncn3[C@@H]1O[C@H](CO)[C@@H](O2)[C@H]1O,False,C11H13N5O5,295.0917,21
Cc1nc2c(NC(C)O)nc3nc2n1[C@@H]1O[C@H](CO)[C@@H](O3)[C@H]1O,False,C13H17N5O5,323.123,23
CC(O)Nc1nc2nc3c1ncn3[C@@]1(C)O[C@H](CO)[C@@H](O2)[C@H]1O,False,C13H17N5O5,323.123,23
CC(O)Nc1nc2nc3c1ncn3[C@@H]1O[C@H](CO)[C@@H](O2)[C@]1(C)O,False,C13H17N5O5,323.123,23
CC(O)Nc1nc2nc3c1ncn3[C@@H]1O[C@H](CO)[C@](C)(O2)[C@H]1O,False,C13H17N5O5,323.123,23
CC(O)Nc1nc2nc3c1ncn3[C@@H]1O[C@@](C)(CO)[C@@H](O2)[C@H]1O,False,C13H17N5O5,323.123,23
CC(O)Nc1nc2nc3c1ncn3[C@@H]1O[C@H](C(C)O)[C@@H](O2)[C@H]1O,False,C13H17N5O5,323.123,23
O=CNc1nc2nc3c1ncn3[C@@H]1O[C@H](CO2)[C@@H](O)[C@H]1O,False,C11H11N5O5,293.076,21
Nc1nc2nc3c1ncn3[C@@H]1O[C@H](CO2)[C@@H](O)[C@H]1O,False,C10H11N5O4,265.0811,19
CC(=O)Nc1nc2nc3c1ncn3[C@@H]1O[C@H](CO2)[C@@H](O)[C@H]1O,False,C12H13N5O5,307.0917,22
COC(C)Nc1nc2nc3c1ncn3[C@@H]1O[C@H](CO2)[C@@H](O)[C@H]1O,False,C13H17N5O5,323.123,23
CC(O)N(C)c1nc2nc3c1ncn3[C@@H]1O[C@H](CO2)[C@@H](O)[C@H]1O,False,C13H17N5O5,323.123,23
CC(C)(O)Nc1nc2nc3c1ncn3[C@@H]1O[C@H](CO2)[C@@H](O)[C@H]1O,False,C13H17N5O5,323.123,23
CCC(O)Nc1nc2nc3c1ncn3[C@@H]1O[C@H](CO2)[C@@H](O)[C@H]1O,False,C13H17N5O5,323.123,23
CC(=O)N(c1nc2nc3c1ncn3[C@@H]1O[C@H](CO2)[C@@H](O)[C@H]1O)C(C)O,False,C14H17N5O6,351.1179,25
CC(=O)OC(C)Nc1nc2nc3c1ncn3[C@@H]1O[C@H](CO2)[C@@H](O)[C@H]1O,False,C14H17N5O6,351.1179,25
CC(=O)O[C@@H]1[C@H](O)[C@H]2COc3nc(NC(C)O)c4ncn(c4n3)[C@@H]1O2,False,C14H17N5O6,351.1179,25
CC(=O)O[C@H]1[C@@H](O)[C@H]2O[C@@H]1COc1nc(NC(C)O)c3ncn2c3n1,False,C14H17N5O6,351.1179,25
CC(Cl)Nc1nc2nc3c1ncn3[C@@H]1O[C@H](CO2)[C@@H](O)[C@H]1O,False,C12H14ClN5O4,327.0734,22
CC(O)N(C(N)=O)c1nc2nc3c1ncn3[C@@H]1O[C@H](CO2)[C@@H](O)[C@H]1O,False,C13H16N6O6,352.1131,25
CC(O)(O)Nc1nc2nc3c1ncn3[C@@H]1O[C@H](CO2)[C@@H](O)[C@H]1O,False,C12H15N5O6,325.1022,23
OCC(O)Nc1nc2nc3c1ncn3[C@@H]1O[C@H](CO2)[C@@H](O)[C@H]1O,False,C12H15N5O6,325.1022,23
CCNc1nc2nc3c1ncn3[C@@H]1O[C@H](CO2)[C@@H](O)[C@H]1O,False,C12H15N5O4,293.1124,21
CC(O)OC(C)Nc1nc2nc3c1ncn3[C@@H]1O[C@H](CO2)[C@@H](O)[C@H]1O,False,C14H19N5O6,353.1335,25
OCNc1nc2nc3c1ncn3[C@@H]1O[C@H](CO2)[C@@H](O)[C@H]1O,False,C11H13N5O5,295.0917,21
Cc1nc2c(NC(C)O)nc3nc2n1[C@@H]1O[C@H](CO3)[C@@H](O)[C@H]1O,False,C13H17N5O5,323.123,23
CC(O)Nc1nc2nc3c1ncn3[C@@]1(C)O[C@H](CO2)[C@@H](O)[C@H]1O,False,C13H17N5O5,323.123,23
CC(O)Nc1nc2nc3c1ncn3[C@@H]1O[C@H](CO2)[C@@H](O)[C@]1(C)O,False,C13H17N5O5,323.123,23
CC(O)Nc1nc2nc3c1ncn3[C@@H]1O[C@H](CO2)[C@](C)(O)[C@H]1O,False,C13H17N5O5,323.123,23
CC(O)Nc1nc2nc3c1ncn3[C@@H]1O[C@@](C)(CO2)[C@@H](O)[C@H]1O,False,C13H17N5O5,323.123,23
CC(O)Nc1nc2nc3c1ncn3[C@@H]1O[C@H](C(C)O2)[C@@H](O)[C@H]1O,False,C13H17N5O5,323.123,23
CC(O)(CO)Nc1ncnc2c1nc1n2[C@@H]2OC[C@@H](O)[C@H]2O1,False,C12H15N5O5,309.1073,22
CC(O)Nc1ncnc2c1nc1n2[C@@H]2OC[C@@H](O)[C@]2(CO)O1,False,C12H15N5O5,309.1073,22
CC(O)Nc1nc(CO)nc2c1nc1n2[C@@H]2OC[C@@H](O)[C@H]2O1,False,C12H15N5O5,309.1073,22
CC(O)Nc1ncnc2c1nc1n2[C@@H]2OC[C@@](O)(CO)[C@H]2O1,False,C12H15N5O5,309.1073,22
OCCC(O)Nc1ncnc2c1nc1n2[C@@H]2OC[C@@H](O)[C@H]2O1,False,C12H15N5O5,309.1073,22
O=CNc1ncnc2c1nc1n2[C@@H]2O[C@H](CO)[C@@H](O)[C@H]2O1,False,C11H11N5O5,293.076,21
CCNc1ncnc2c1nc1n2[C@@H]2O[C@H](C=O)[C@@H](O)[C@H]2O1,False,C12H13N5O4,291.0968,21
COC(C)Nc1ncnc2c1nc1n2[C@@H]2O[C@H](CO)[C@@H](O)[C@H]2O1,False,C13H17N5O5,323.123,23
CC(O)N(C)c1ncnc2c1nc1n2[C@@H]2O[C@H](CO)[C@@H](O)[C@H]2O1,False,C13H17N5O5,323.123,23
CC(C)(O)Nc1ncnc2c1nc1n2[C@@H]2O[C@H](CO)[C@@H](O)[C@H]2O1,False,C13H17N5O5,323.123,23
CCC(O)Nc1ncnc2c1nc1n2[C@@H]2O[C@H](CO)[C@@H](O)[C@H]2O1,False,C13H17N5O5,323.123,23
CC(=O)N(c1ncnc2c1nc1n2[C@@H]2O[C@H](CO)[C@@H](O)[C@H]2O1)C(C)O,False,C14H17N5O6,351.1179,25
CC(=O)OC(C)Nc1ncnc2c1nc1n2[C@@H]2O[C@H](CO)[C@@H](O)[C@H]2O1,False,C14H17N5O6,351.1179,25
CC(=O)OC[C@H]1O[C@@H]2[C@H](Oc3nc4c(NC(C)O)ncnc4n32)[C@@H]1O,False,C14H17N5O6,351.1179,25
CC(=O)O[C@H]1[C@H]2Oc3nc4c(NC(C)O)ncnc4n3[C@@H]2O[C@@H]1CO,False,C14H17N5O6,351.1179,25
CC(Cl)Nc1ncnc2c1nc1n2[C@@H]2O[C@H](CO)[C@@H](O)[C@H]2O1,False,C12H14ClN5O4,327.0734,22
CC(O)N(C(N)=O)c1ncnc2c1nc1n2[C@@H]2O[C@H](CO)[C@@H](O)[C@H]2O1,False,C13H16N6O6,352.1131,25
CC(O)(O)Nc1ncnc2c1nc1n2[C@@H]2O[C@H](CO)[C@@H](O)[C@H]2O1,False,C12H15N5O6,325.1022,23
OCC(O)Nc1ncnc2c1nc1n2[C@@H]2O[C@H](CO)[C@@H](O)[C@H]2O1,False,C12H15N5O6,325.1022,23
CCNc1ncnc2c1nc1n2[C@@H]2O[C@H](CO)[C@@H](O)[C@H]2O1,False,C12H15N5O4,293.1124,21
CC(O)Nc1ncnc2c1nc1n2[C@@H]2O[C@H](C)[C@@H](O)[C@H]2O1,False,C12H15N5O4,293.1124,21
CC(O)Nc1ncnc2c1nc1n2[C@@H]2O[C@H](C(=O)O)[C@@H](O)[C@H]2O1,False,C12H13N5O6,323.0866,23
CC(O)OC(C)Nc1ncnc2c1nc1n2[C@@H]2O[C@H](CO)[C@@H](O)[C@H]2O1,False,C14H19N5O6,353.1335,25
OCNc1ncnc2c1nc1n2[C@@H]2O[C@H](CO)[C@@H](O)[C@H]2O1,False,C11H13N5O5,295.0917,21
CC(O)Nc1ncnc2c1nc1n2[C@@]2(C)O[C@H](CO)[C@@H](O)[C@H]2O1,False,C13H17N5O5,323.123,23
CC(O)Nc1ncnc2c1nc1n2[C@@H]2O[C@H](CO)[C@@H](O)[C@]2(C)O1,False,C13H17N5O5,323.123,23
Cc1nc(NC(C)O)c2nc3n(c2n1)[C@@H]1O[C@H](CO)[C@@H](O)[C@H]1O3,False,C13H17N5O5,323.123,23
CC(O)Nc1ncnc2c1nc1n2[C@@H]2O[C@H](CO)[C@](C)(O)[C@H]2O1,False,C13H17N5O5,323.123,23
CC(O)Nc1ncnc2c1nc1n2[C@@H]2O[C@@](C)(CO)[C@@H](O)[C@H]2O1,False,C13H17N5O5,323.123,23
CC(O)Nc1ncnc2c1nc1n2[C@@H]2O[C@H](C(C)O)[C@@H](O)[C@H]2O1,False,C13H17N5O5,323.123,23
CC(O)(CO)Nc1ncnc2c1nc1n2[C@@H]2OC[C@@H](O1)[C@H]2O,False,C12H15N5O5,309.1073,22
CC(O)Nc1ncnc2c1nc1n2[C@@H]2OC[C@@H](O1)[C@@]2(O)CO,False,C12H15N5O5,309.1073,22
CC(O)Nc1nc(CO)nc2c1nc1n2[C@@H]2OC[C@@H](O1)[C@H]2O,False,C12H15N5O5,309.1073,22
CC(O)Nc1ncnc2c1nc1n2[C@@H]2OC[C@](CO)(O1)[C@H]2O,False,C12H15N5O5,309.1073,22
OCCC(O)Nc1ncnc2c1nc1n2[C@@H]2OC[C@@H](O1)[C@H]2O,False,C12H15N5O5,309.1073,22
O=CNc1ncnc2c1nc1n2[C@@H]2O[C@H](CO)[C@@H](O1)[C@H]2O,False,C11H11N5O5,293.076,21
CCNc1ncnc2c1nc1n2[C@@H]2O[C@H](C=O)[C@@H](O1)[C@H]2O,False,C12H13N5O4,291.0968,21
COC(C)Nc1ncnc2c1nc1n2[C@@H]2O[C@H](CO)[C@@H](O1)[C@H]2O,False,C13H17N5O5,323.123,23
CC(O)N(C)c1ncnc2c1nc1n2[C@@H]2O[C@H](CO)[C@@H](O1)[C@H]2O,False,C13H17N5O5,323.123,23
CC(C)(O)Nc1ncnc2c1nc1n2[C@@H]2O[C@H](CO)[C@@H](O1)[C@H]2O,False,C13H17N5O5,323.123,23
CCC(O)Nc1ncnc2c1nc1n2[C@@H]2O[C@H](CO)[C@@H](O1)[C@H]2O,False,C13H17N5O5,323.123,23
CC(=O)N(c1ncnc2c1nc1n2[C@@H]2O[C@H](CO)[C@@H](O1)[C@H]2O)C(C)O,False,C14H17N5O6,351.1179,25
CC(=O)OC(C)Nc1ncnc2c1nc1n2[C@@H]2O[C@H](CO)[C@@H](O1)[C@H]2O,False,C14H17N5O6,351.1179,25
CC(=O)OC[C@H]1O[C@@H]2[C@H](O)[C@@H]1Oc1nc3c(NC(C)O)ncnc3n12,False,C14H17N5O6,351.1179,25
CC(=O)O[C@@H]1[C@@H]2Oc3nc4c(NC(C)O)ncnc4n3[C@@H]1O[C@@H]2CO,False,C14H17N5O6,351.1179,25
CC(Cl)Nc1ncnc2c1nc1n2[C@@H]2O[C@H](CO)[C@@H](O1)[C@H]2O,False,C12H14ClN5O4,327.0734,22
CC(O)N(C(N)=O)c1ncnc2c1nc1n2[C@@H]2O[C@H](CO)[C@@H](O1)[C@H]2O,False,C13H16N6O6,352.1131,25
CC(O)(O)Nc1ncnc2c1nc1n2[C@@H]2O[C@H](CO)[C@@H](O1)[C@H]2O,False,C12H15N5O6,325.1022,23
OCC(O)Nc1ncnc2c1nc1n2[C@@H]2O[C@H](CO)[C@@H](O1)[C@H]2O,False,C12H15N5O6,325.1022,23
CCNc1ncnc2c1nc1n2[C@@H]2O[C@H](CO)[C@@H](O1)[C@H]2O,False,C12H15N5O4,293.1124,21
CC(O)Nc1ncnc2c1nc1n2[C@@H]2O[C@H](C)[C@@H](O1)[C@H]2O,False,C12H15N5O4,293.1124,21
CC(O)Nc1ncnc2c1nc1n2[C@@H]2O[C@H](C(=O)O)[C@@H](O1)[C@H]2O,False,C12H13N5O6,323.0866,23
CC(O)OC(C)Nc1ncnc2c1nc1n2[C@@H]2O[C@H](CO)[C@@H](O1)[C@H]2O,False,C14H19N5O6,353.1335,25
OCNc1ncnc2c1nc1n2[C@@H]2O[C@H](CO)[C@@H](O1)[C@H]2O,False,C11H13N5O5,295.0917,21
CC(O)Nc1ncnc2c1nc1n2[C@@]2(C)O[C@H](CO)[C@@H](O1)[C@H]2O,False,C13H17N5O5,323.123,23
CC(O)Nc1ncnc2c1nc1n2[C@@H]2O[C@H](CO)[C@@H](O1)[C@]2(C)O,False,C13H17N5O5,323.123,23
Cc1nc(NC(C)O)c2nc3n(c2n1)[C@@H]1O[C@H](CO)[C@@H](O3)[C@H]1O,False,C13H17N5O5,323.123,23
CC(O)Nc1ncnc2c1nc1n2[C@@H]2O[C@H](CO)[C@](C)(O1)[C@H]2O,False,C13H17N5O5,323.123,23
CC(O)Nc1ncnc2c1nc1n2[C@@H]2O[C@@](C)(CO)[C@@H](O1)[C@H]2O,False,C13H17N5O5,323.123,23
CC(O)Nc1ncnc2c1nc1n2[C@@H]2O[C@H](C(C)O)[C@@H](O1)[C@H]2O,False,C13H17N5O5,323.123,23
O=CNc1ncnc2c1nc1n2[C@@H]2O[C@H](CO1)[C@@H](O)[C@H]2O,False,C11H11N5O5,293.076,21
Nc1ncnc2c1nc1n2[C@@H]2O[C@H](CO1)[C@@H](O)[C@H]2O,False,C10H11N5O4,265.0811,19
CC(=O)Nc1ncnc2c1nc1n2[C@@H]2O[C@H](CO1)[C@@H](O)[C@H]2O,False,C12H13N5O5,307.0917,22
COC(C)Nc1ncnc2c1nc1n2[C@@H]2O[C@H](CO1)[C@@H](O)[C@H]2O,False,C13H17N5O5,323.123,23
CC(O)N(C)c1ncnc2c1nc1n2[C@@H]2O[C@H](CO1)[C@@H](O)[C@H]2O,False,C13H17N5O5,323.123,23
CC(C)(O)Nc1ncnc2c1nc1n2[C@@H]2O[C@H](CO1)[C@@H](O)[C@H]2O,False,C13H17N5O5,323.123,23
CCC(O)Nc1ncnc2c1nc1n2[C@@H]2O[C@H](CO1)[C@@H](O)[C@H]2O,False,C13H17N5O5,323.123,23
CC(=O)N(c1ncnc2c1nc1n2[C@@H]2O[C@H](CO1)[C@@H](O)[C@H]2O)C(C)O,False,C14H17N5O6,351.1179,25
CC(=O)OC(C)Nc1ncnc2c1nc1n2[C@@H]2O[C@H](CO1)[C@@H](O)[C@H]2O,False,C14H17N5O6,351.1179,25
CC(=O)O[C@@H]1[C@H](O)[C@H]2COc3nc4c(NC(C)O)ncnc4n3[C@@H]1O2,False,C14H17N5O6,351.1179,25
CC(=O)O[C@H]1[C@@H](O)[C@H]2O[C@@H]1COc1nc3c(NC(C)O)ncnc3n12,False,C14H17N5O6,351.1179,25
CC(Cl)Nc1ncnc2c1nc1n2[C@@H]2O[C@H](CO1)[C@@H](O)[C@H]2O,False,C12H14ClN5O4,327.0734,22
CC(O)N(C(N)=O)c1ncnc2c1nc1n2[C@@H]2O[C@H](CO1)[C@@H](O)[C@H]2O,False,C13H16N6O6,352.1131,25
CC(O)(O)Nc1ncnc2c1nc1n2[C@@H]2O[C@H](CO1)[C@@H](O)[C@H]2O,False,C12H15N5O6,325.1022,23
OCC(O)Nc1ncnc2c1nc1n2[C@@H]2O[C@H](CO1)[C@@H](O)[C@H]2O,False,C12H15N5O6,325.1022,23
CCNc1ncnc2c1nc1n2[C@@H]2O[C@H](CO1)[C@@H](O)[C@H]2O,False,C12H15N5O4,293.1124,21
CC(O)OC(C)Nc1ncnc2c1nc1n2[C@@H]2O[C@H](CO1)[C@@H](O)[C@H]2O,False,C14H19N5O6,353.1335,25
OCNc1ncnc2c1nc1n2[C@@H]2O[C@H](CO1)[C@@H](O)[C@H]2O,False,C11H13N5O5,295.0917,21
CC(O)Nc1ncnc2c1nc1n2[C@@]2(C)O[C@H](CO1)[C@@H](O)[C@H]2O,False,C13H17N5O5,323.123,23
CC(O)Nc1ncnc2c1nc1n2[C@@H]2O[C@H](CO1)[C@@H](O)[C@]2(C)O,False,C13H17N5O5,323.123,23
Cc1nc(NC(C)O)c2nc3n(c2n1)[C@@H]1O[C@H](CO3)[C@@H](O)[C@H]1O,False,C13H17N5O5,323.123,23
CC(O)Nc1ncnc2c1nc1n2[C@@H]2O[C@H](CO1)[C@](C)(O)[C@H]2O,False,C13H17N5O5,323.123,23
CC(O)Nc1ncnc2c1nc1n2[C@@H]2O[C@@](C)(CO1)[C@@H](O)[C@H]2O,False,C13H17N5O5,323.123,23
CC(O)Nc1ncnc2c1nc1n2[C@@H]2O[C@H](C(C)O1)[C@@H](O)[C@H]2O,False,C13H17N5O5,323.123,23
CC(O)(CO)Nc1ncnc2c1ncn2[C@@]12OC[C@@H](O)[C@H]1O2,False,C12H15N5O5,309.1073,22
CC(O)Nc1ncnc2c1ncn2[C@@]12OC[C@@H](O)[C@]1(CO)O2,False,C12H15N5O5,309.1073,22
CC(O)Nc1ncnc2c1nc(CO)n2[C@@]12OC[C@@H](O)[C@H]1O2,False,C12H15N5O5,309.1073,22
CC(O)Nc1ncnc2c1ncn2[C@@]12OC[C@@](O)(CO)[C@H]1O2,False,C12H15N5O5,309.1073,22
CC(O)Nc1nc(CO)nc2c1ncn2[C@@]12OC[C@@H](O)[C@H]1O2,False,C12H15N5O5,309.1073,22
OCCC(O)Nc1ncnc2c1ncn2[C@@]12OC[C@@H](O)[C@H]1O2,False,C12H15N5O5,309.1073,22
O=CNc1ncnc2c1ncn2[C@]12O[C@@H]1[C@H](O)[C@@H](CO)O2,False,C11H11N5O5,293.076,21
CCNc1ncnc2c1ncn2[C@]12O[C@@H]1[C@H](O)[C@@H](C=O)O2,False,C12H13N5O4,291.0968,21
COC(C)Nc1ncnc2c1ncn2[C@]12O[C@@H]1[C@H](O)[C@@H](CO)O2,False,C13H17N5O5,323.123,23
CC(O)N(C)c1ncnc2c1ncn2[C@]12O[C@@H]1[C@H](O)[C@@H](CO)O2,False,C13H17N5O5,323.123,23
CC(C)(O)Nc1ncnc2c1ncn2[C@]12O[C@@H]1[C@H](O)[C@@H](CO)O2,False,C13H17N5O5,323.123,23
CCC(O)Nc1ncnc2c1ncn2[C@]12O[C@@H]1[C@H](O)[C@@H](CO)O2,False,C13H17N5O5,323.123,23
CC(=O)N(c1ncnc2c1ncn2[C@]12O[C@@H]1[C@H](O)[C@@H](CO)O2)C(C)O,False,C14H17N5O6,351.1179,25
CC(=O)OC(C)Nc1ncnc2c1ncn2[C@]12O[C@@H]1[C@H](O)[C@@H](CO)O2,False,C14H17N5O6,351.1179,25
CC(=O)OC[C@H]1O[C@@]2(n3cnc4c(NC(C)O)ncnc43)O[C@@H]2[C@@H]1O,False,C14H17N5O6,351.1179,25
CC(=O)O[C@H]1[C@H]2O[C@]2(n2cnc3c(NC(C)O)ncnc32)O[C@@H]1CO,False,C14H17N5O6,351.1179,25
CC(Cl)Nc1ncnc2c1ncn2[C@]12O[C@@H]1[C@H](O)[C@@H](CO)O2,False,C12H14ClN5O4,327.0734,22
CC(O)N(C(N)=O)c1ncnc2c1ncn2[C@]12O[C@@H]1[C@H](O)[C@@H](CO)O2,False,C13H16N6O6,352.1131,25
CC(O)(O)Nc1ncnc2c1ncn2[C@]12O[C@@H]1[C@H](O)[C@@H](CO)O2,False,C12H15N5O6,325.1022,23
OCC(O)Nc1ncnc2c1ncn2[C@]12O[C@@H]1[C@H](O)[C@@H](CO)O2,False,C12H15N5O6,325.1022,23
CC(O)Nc1ncnc2c1ncn2[C@@]1(O)O[C@H](CO)[C@@H](O)[C@H]1O,False,C12H17N5O6,327.1179,23
CCNc1ncnc2c1ncn2[C@]12O[C@@H]1[C@H](O)[C@@H](CO)O2,False,C12H15N5O4,293.1124,21
CC(O)Nc1ncnc2c1ncn2[C@]12O[C@@H]1[C@H](O)[C@@H](C)O2,False,C12H15N5O4,293.1124,21
CC(O)Nc1ncnc2c1ncn2[C@@]12O[C@H](C(=O)O)[C@@H](O)[C@H]1O2,False,C12H13N5O6,323.0866,23
CC(O)OC(C)Nc1ncnc2c1ncn2[C@]12O[C@@H]1[C@H](O)[C@@H](CO)O2,False,C14H19N5O6,353.1335,25
OCNc1ncnc2c1ncn2[C@]12O[C@@H]1[C@H](O)[C@@H](CO)O2,False,C11H13N5O5,295.0917,21
CC(O)Nc1ncnc2c1ncn2[C@@]12O[C@H](CO)[C@@H](O)[C@]1(C)O2,False,C13H17N5O5,323.123,23
Cc1nc2c(NC(C)O)ncnc2n1[C@]12O[C@@H]1[C@H](O)[C@@H](CO)O2,False,C13H17N5O5,323.123,23
CC(O)Nc1ncnc2c1ncn2[C@]12O[C@@H]1[C@@](C)(O)[C@@H](CO)O2,False,C13H17N5O5,323.123,23
CC(O)Nc1ncnc2c1ncn2[C@]12O[C@@H]1[C@H](O)[C@](C)(CO)O2,False,C13H17N5O5,323.123,23
CC(O)Nc1ncnc2c1ncn2[C@@]12O[C@H](C(C)O)[C@@H](O)[C@H]1O2,False,C13H17N5O5,323.123,23
Cc1nc(NC(C)O)c2ncn([C@]34O[C@@H]3[C@H](O)[C@@H](CO)O4)c2n1,False,C13H17N5O5,323.123,23
CC(O)(CO)Nc1ncnc2c1ncn2[C@]12OC[C@@H](O1)[C@H]2O,False,C12H15N5O5,309.1073,22
CC(O)Nc1ncnc2c1ncn2[C@]12OC[C@@H](O1)[C@@]2(O)CO,False,C12H15N5O5,309.1073,22
CC(O)Nc1ncnc2c1nc(CO)n2[C@]12OC[C@@H](O1)[C@H]2O,False,C12H15N5O5,309.1073,22
CC(O)Nc1ncnc2c1ncn2[C@]12OC[C@](CO)(O1)[C@H]2O,False,C12H15N5O5,309.1073,22
CC(O)Nc1nc(CO)nc2c1ncn2[C@]12OC[C@@H](O1)[C@H]2O,False,C12H15N5O5,309.1073,22
OCCC(O)Nc1ncnc2c1ncn2[C@]12OC[C@@H](O1)[C@H]2O,False,C12H15N5O5,309.1073,22
O=CNc1ncnc2c1ncn2[C@]12O[C@@H]([C@H]1O)[C@@H](CO)O2,False,C11H11N5O5,293.076,21
CCNc1ncnc2c1ncn2[C@]12O[C@@H]([C@H]1O)[C@@H](C=O)O2,False,C12H13N5O4,291.0968,21
COC(C)Nc1ncnc2c1ncn2[C@]12O[C@@H]([C@H]1O)[C@@H](CO)O2,False,C13H17N5O5,323.123,23
CC(O)N(C)c1ncnc2c1ncn2[C@]12O[C@@H]([C@H]1O)[C@@H](CO)O2,False,C13H17N5O5,323.123,23
CC(C)(O)Nc1ncnc2c1ncn2[C@]12O[C@@H]([C@H]1O)[C@@H](CO)O2,False,C13H17N5O5,323.123,23
CCC(O)Nc1ncnc2c1ncn2[C@]12O[C@@H]([C@H]1O)[C@@H](CO)O2,False,C13H17N5O5,323.123,23
CC(=O)N(c1ncnc2c1ncn2[C@]12O[C@@H]([C@H]1O)[C@@H](CO)O2)C(C)O,False,C14H17N5O6,351.1179,25
CC(=O)OC(C)Nc1ncnc2c1ncn2[C@]12O[C@@H]([C@H]1O)[C@@H](CO)O2,False,C14H17N5O6,351.1179,25
CC(=O)OC[C@H]1O[C@@]2(n3cnc4c(NC(C)O)ncnc43)O[C@H]1[C@H]2O,False,C14H17N5O6,351.1179,25
CC(=O)O[C@@H]1[C@@H]2O[C@]1(n1cnc3c(NC(C)O)ncnc31)O[C@@H]2CO,False,C14H17N5O6,351.1179,25
CC(Cl)Nc1ncnc2c1ncn2[C@]12O[C@@H]([C@H]1O)[C@@H](CO)O2,False,C12H14ClN5O4,327.0734,22
CC(O)N(C(N)=O)c1ncnc2c1ncn2[C@]12O[C@@H]([C@H]1O)[C@@H](CO)O2,False,C13H16N6O6,352.1131,25
CC(O)(O)Nc1ncnc2c1ncn2[C@]12O[C@@H]([C@H]1O)[C@@H](CO)O2,False,C12H15N5O6,325.1022,23
OCC(O)Nc1ncnc2c1ncn2[C@]12O[C@@H]([C@H]1O)[C@@H](CO)O2,False,C12H15N5O6,325.1022,23
CCNc1ncnc2c1ncn2[C@]12O[C@@H]([C@H]1O)[C@@H](CO)O2,False,C12H15N5O4,293.1124,21
CC(O)Nc1ncnc2c1ncn2[C@]12O[C@@H]([C@H]1O)[C@@H](C)O2,False,C12H15N5O4,293.1124,21
CC(O)Nc1ncnc2c1ncn2[C@@]12O[C@H]([C@@H](C(=O)O)O1)[C@H]2O,False,C12H13N5O6,323.0866,23
CC(O)OC(C)Nc1ncnc2c1ncn2[C@]12O[C@@H]([C@H]1O)[C@@H](CO)O2,False,C14H19N5O6,353.1335,25
OCNc1ncnc2c1ncn2[C@]12O[C@@H]([C@H]1O)[C@@H](CO)O2,False,C11H13N5O5,295.0917,21
CC(O)Nc1ncnc2c1ncn2[C@@]12O[C@H]([C@@H](CO)O1)[C@]2(C)O,False,C13H17N5O5,323.123,23
Cc1nc2c(NC(C)O)ncnc2n1[C@]12O[C@@H]([C@H]1O)[C@@H](CO)O2,False,C13H17N5O5,323.123,23
CC(O)Nc1ncnc2c1ncn2[C@]12O[C@H](CO)[C@](C)(O1)[C@H]2O,False,C13H17N5O5,323.123,23
CC(O)Nc1ncnc2c1ncn2[C@]12O[C@@H]([C@H]1O)[C@](C)(CO)O2,False,C13H17N5O5,323.123,23
CC(O)Nc1ncnc2c1ncn2[C@@]12O[C@H]([C@@H](C(C)O)O1)[C@H]2O,False,C13H17N5O5,323.123,23
Cc1nc(NC(C)O)c2ncn([C@]34O[C@@H]([C@H]3O)[C@@H](CO)O4)c2n1,False,C13H17N5O5,323.123,23
O=CNc1ncnc2c1ncn2[C@@]12OC[C@@H](O1)[C@@H](O)[C@H]2O,False,C11H11N5O5,293.076,21
Nc1ncnc2c1ncn2[C@@]12OC[C@@H](O1)[C@@H](O)[C@H]2O,False,C10H11N5O4,265.0811,19
CC(=O)Nc1ncnc2c1ncn2[C@@]12OC[C@@H](O1)[C@@H](O)[C@H]2O,False,C12H13N5O5,307.0917,22
COC(C)Nc1ncnc2c1ncn2[C@@]12OC[C@@H](O1)[C@@H](O)[C@H]2O,False,C13H17N5O5,323.123,23
CC(O)N(C)c1ncnc2c1ncn2[C@@]12OC[C@@H](O1)[C@@H](O)[C@H]2O,False,C13H17N5O5,323.123,23
CC(C)(O)Nc1ncnc2c1ncn2[C@@]12OC[C@@H](O1)[C@@H](O)[C@H]2O,False,C13H17N5O5,323.123,23
CCC(O)Nc1ncnc2c1ncn2[C@@]12OC[C@@H](O1)[C@@H](O)[C@H]2O,False,C13H17N5O5,323.123,23
CC(=O)N(c1ncnc2c1ncn2[C@@]12OC[C@@H](O1)[C@@H](O)[C@H]2O)C(C)O,False,C14H17N5O6,351.1179,25
CC(=O)OC(C)Nc1ncnc2c1ncn2[C@@]12OC[C@@H](O1)[C@@H](O)[C@H]2O,False,C14H17N5O6,351.1179,25
CC(=O)O[C@@H]1[C@H](O)[C@H]2CO[C@]1(n1cnc3c(NC(C)O)ncnc31)O2,False,C14H17N5O6,351.1179,25
CC(=O)O[C@H]1[C@@H](O)[C@]2(n3cnc4c(NC(C)O)ncnc43)OC[C@H]1O2,False,C14H17N5O6,351.1179,25
CC(Cl)Nc1ncnc2c1ncn2[C@@]12OC[C@@H](O1)[C@@H](O)[C@H]2O,False,C12H14ClN5O4,327.0734,22
CC(O)N(C(N)=O)c1ncnc2c1ncn2[C@@]12OC[C@@H](O1)[C@@H](O)[C@H]2O,False,C13H16N6O6,352.1131,25
CC(O)(O)Nc1ncnc2c1ncn2[C@@]12OC[C@@H](O1)[C@@H](O)[C@H]2O,False,C12H15N5O6,325.1022,23
OCC(O)Nc1ncnc2c1ncn2[C@@]12OC[C@@H](O1)[C@@H](O)[C@H]2O,False,C12H15N5O6,325.1022,23
CCNc1ncnc2c1ncn2[C@@]12OC[C@@H](O1)[C@@H](O)[C@H]2O,False,C12H15N5O4,293.1124,21
CC(O)OC(C)Nc1ncnc2c1ncn2[C@@]12OC[C@@H](O1)[C@@H](O)[C@H]2O,False,C14H19N5O6,353.1335,25
OCNc1ncnc2c1ncn2[C@@]12OC[C@@H](O1)[C@@H](O)[C@H]2O,False,C11H13N5O5,295.0917,21
CC(O)Nc1ncnc2c1ncn2[C@@]12OC[C@@H](O1)[C@@H](O)[C@]2(C)O,False,C13H17N5O5,323.123,23
Cc1nc2c(NC(C)O)ncnc2n1[C@@]12OC[C@@H](O1)[C@@H](O)[C@H]2O,False,C13H17N5O5,323.123,23
CC(O)Nc1ncnc2c1ncn2[C@@]12OC[C@@H](O1)[C@](C)(O)[C@H]2O,False,C13H17N5O5,323.123,23
CC(O)Nc1ncnc2c1ncn2[C@@]12OC[C@](C)(O1)[C@@H](O)[C@H]2O,False,C13H17N5O5,323.123,23
CC(O)Nc1ncnc2c1ncn2[C@@]12OC(C)[C@@H](O1)[C@@H](O)[C@H]2O,False,C13H17N5O5,323.123,23
Cc1nc(NC(C)O)c2ncn([C@@]34OC[C@@H](O3)[C@@H](O)[C@H]4O)c2n1,False,C13H17N5O5,323.123,23
CC(O)(CO)Nc1ncnc2c1ncn2[C@@H]1OC[C@H]2O[C@]21O,False,C12H15N5O5,309.1073,22
CC(O)Nc1ncnc2c1ncn2[C@@H]1OC[C@]2(CO)O[C@@]12O,False,C12H15N5O5,309.1073,22
CC(O)Nc1ncnc2c1nc(CO)n2[C@@H]1OC[C@H]2O[C@]21O,False,C12H15N5O5,309.1073,22
CC(O)Nc1nc(CO)nc2c1ncn2[C@@H]1OC[C@H]2O[C@]21O,False,C12H15N5O5,309.1073,22
OCCC(O)Nc1ncnc2c1ncn2[C@@H]1OC[C@H]2O[C@]21O,False,C12H15N5O5,309.1073,22
O=CNc1ncnc2c1ncn2[C@@H]1O[C@H](CO)[C@H]2O[C@]21O,False,C11H11N5O5,293.076,21
CCNc1ncnc2c1ncn2[C@@H]1O[C@H](C=O)[C@H]2O[C@]21O,False,C12H13N5O4,291.0968,21
COC(C)Nc1ncnc2c1ncn2[C@@H]1O[C@H](CO)[C@H]2O[C@]21O,False,C13H17N5O5,323.123,23
CC(O)N(C)c1ncnc2c1ncn2[C@@H]1O[C@H](CO)[C@H]2O[C@]21O,False,C13H17N5O5,323.123,23
CC(C)(O)Nc1ncnc2c1ncn2[C@@H]1O[C@H](CO)[C@H]2O[C@]21O,False,C13H17N5O5,323.123,23
CCC(O)Nc1ncnc2c1ncn2[C@@H]1O[C@H](CO)[C@H]2O[C@]21O,False,C13H17N5O5,323.123,23
CC(=O)N(c1ncnc2c1ncn2[C@@H]1O[C@H](CO)[C@H]2O[C@]21O)C(C)O,False,C14H17N5O6,351.1179,25
CC(=O)OC(C)Nc1ncnc2c1ncn2[C@@H]1O[C@H](CO)[C@H]2O[C@]21O,False,C14H17N5O6,351.1179,25
CC(=O)OC[C@H]1O[C@@H](n2cnc3c(NC(C)O)ncnc32)[C@]2(O)O[C@H]12,False,C14H17N5O6,351.1179,25
CC(=O)O[C@@]12O[C@@H]1[C@@H](CO)O[C@H]2n1cnc2c(NC(C)O)ncnc21,False,C14H17N5O6,351.1179,25
CC(Cl)Nc1ncnc2c1ncn2[C@@H]1O[C@H](CO)[C@H]2O[C@]21O,False,C12H14ClN5O4,327.0734,22
CC(O)N(C(N)=O)c1ncnc2c1ncn2[C@@H]1O[C@H](CO)[C@H]2O[C@]21O,False,C13H16N6O6,352.1131,25
CC(O)(O)Nc1ncnc2c1ncn2[C@@H]1O[C@H](CO)[C@H]2O[C@]21O,False,C12H15N5O6,325.1022,23
OCC(O)Nc1ncnc2c1ncn2[C@@H]1O[C@H](CO)[C@H]2O[C@]21O,False,C12H15N5O6,325.1022,23
CC(O)Nc1ncnc2c1ncn2[C@@H]1O[C@H](CO)[C@@H](O)C1(O)O,False,C12H17N5O6,327.1179,23
CCNc1ncnc2c1ncn2[C@@H]1O[C@H](CO)[C@H]2O[C@]21O,False,C12H15N5O4,293.1124,21
CC(O)Nc1ncnc2c1ncn2[C@@H]1O[C@H](C)[C@H]2O[C@]21O,False,C12H15N5O4,293.1124,21
CC(O)Nc1ncnc2c1ncn2[C@@H]1O[C@H](C(=O)O)[C@H]2O[C@]21O,False,C12H13N5O6,323.0866,23
CC(O)OC(C)Nc1ncnc2c1ncn2[C@@H]1O[C@H](CO)[C@H]2O[C@]21O,False,C14H19N5O6,353.1335,25
OCNc1ncnc2c1ncn2[C@@H]1O[C@H](CO)[C@H]2O[C@]21O,False,C11H13N5O5,295.0917,21
CC(O)Nc1ncnc2c1ncn2[C@@]1(C)O[C@H](CO)[C@H]2O[C@]21O,False,C13H17N5O5,323.123,23
CC(O)Nc1ncnc2c1ncn2[C@@H]1O[C@H](CO)[C@]2(C)O[C@@]12O,False,C13H17N5O5,323.123,23
CC(O)Nc1ncnc2c1ncn2[C@@H]1O[C@@](C)(CO)[C@H]2O[C@@]12O,False,C13H17N5O5,323.123,23
Cc1nc2c(NC(C)O)ncnc2n1[C@@H]1O[C@H](CO)[C@H]2O[C@]21O,False,C13H17N5O5,323.123,23
CC(O)Nc1ncnc2c1ncn2[C@@H]1O[C@H](C(C)O)[C@H]2O[C@]21O,False,C13H17N5O5,323.123,23
Cc1nc(NC(C)O)c2ncn([C@@H]3O[C@H](CO)[C@H]4O[C@]43O)c2n1,False,C13H17N5O5,323.123,23
O=CNc1ncnc2c1ncn2[C@@H]1O[C@@H]2CO[C@]1(O)[C@@H]2O,False,C11H11N5O5,293.076,21
Nc1ncnc2c1ncn2[C@@H]1O[C@@H]2CO[C@]1(O)[C@@H]2O,False,C10H11N5O4,265.0811,19
CC(=O)Nc1ncnc2c1ncn2[C@@H]1O[C@@H]2CO[C@]1(O)[C@@H]2O,False,C12H13N5O5,307.0917,22
COC(C)Nc1ncnc2c1ncn2[C@@H]1O[C@@H]2CO[C@]1(O)[C@@H]2O,False,C13H17N5O5,323.123,23
CC(O)N(C)c1ncnc2c1ncn2[C@@H]1O[C@@H]2CO[C@]1(O)[C@@H]2O,False,C13H17N5O5,323.123,23
CC(C)(O)Nc1ncnc2c1ncn2[C@@H]1O[C@@H]2CO[C@]1(O)[C@@H]2O,False,C13H17N5O5,323.123,23
CCC(O)Nc1ncnc2c1ncn2[C@@H]1O[C@@H]2CO[C@]1(O)[C@@H]2O,False,C13H17N5O5,323.123,23
CC(=O)N(c1ncnc2c1ncn2[C@@H]1O[C@@H]2CO[C@]1(O)[C@@H]2O)C(C)O,False,C14H17N5O6,351.1179,25
CC(=O)OC(C)Nc1ncnc2c1ncn2[C@@H]1O[C@@H]2CO[C@]1(O)[C@@H]2O,False,C14H17N5O6,351.1179,25
CC(=O)O[C@]12OC[C@@H](O[C@H]1n1cnc3c(NC(C)O)ncnc31)[C@H]2O,False,C14H17N5O6,351.1179,25
CC(=O)O[C@@H]1[C@H]2CO[C@@]1(O)[C@H](n1cnc3c(NC(C)O)ncnc31)O2,False,C14H17N5O6,351.1179,25
CC(Cl)Nc1ncnc2c1ncn2[C@@H]1O[C@@H]2CO[C@]1(O)[C@@H]2O,False,C12H14ClN5O4,327.0734,22
CC(O)N(C(N)=O)c1ncnc2c1ncn2[C@@H]1O[C@@H]2CO[C@]1(O)[C@@H]2O,False,C13H16N6O6,352.1131,25
CC(O)(O)Nc1ncnc2c1ncn2[C@@H]1O[C@@H]2CO[C@]1(O)[C@@H]2O,False,C12H15N5O6,325.1022,23
OCC(O)Nc1ncnc2c1ncn2[C@@H]1O[C@@H]2CO[C@]1(O)[C@@H]2O,False,C12H15N5O6,325.1022,23
CCNc1ncnc2c1ncn2[C@@H]1O[C@@H]2CO[C@]1(O)[C@@H]2O,False,C12H15N5O4,293.1124,21
CC(O)OC(C)Nc1ncnc2c1ncn2[C@@H]1O[C@@H]2CO[C@]1(O)[C@@H]2O,False,C14H19N5O6,353.1335,25
OCNc1ncnc2c1ncn2[C@@H]1O[C@@H]2CO[C@]1(O)[C@@H]2O,False,C11H13N5O5,295.0917,21
CC(O)Nc1ncnc2c1ncn2[C@@]1(C)O[C@@H]2CO[C@]1(O)[C@@H]2O,False,C13H17N5O5,323.123,23
CC(O)Nc1ncnc2c1ncn2[C@@H]1O[C@@H]2CO[C@]1(O)[C@@]2(C)O,False,C13H17N5O5,323.123,23
CC(O)Nc1ncnc2c1ncn2[C@@H]1O[C@@]2(C)CO[C@]1(O)[C@@H]2O,False,C13H17N5O5,323.123,23
Cc1nc2c(NC(C)O)ncnc2n1[C@@H]1O[C@@H]2CO[C@]1(O)[C@@H]2O,False,C13H17N5O5,323.123,23
CC(O)Nc1ncnc2c1ncn2[C@@H]1O[C@@H]2C(C)O[C@]1(O)[C@@H]2O,False,C13H17N5O5,323.123,23
Cc1nc(NC(C)O)c2ncn([C@@H]3O[C@@H]4CO[C@]3(O)[C@@H]4O)c2n1,False,C13H17N5O5,323.123,23
CC(O)(CO)Nc1ncnc2c1ncn2[C@@H]1OC[C@@]2(O)O[C@@H]12,False,C12H15N5O5,309.1073,22
CC(O)Nc1ncnc2c1ncn2[C@@H]1OC[C@@]2(O)O[C@]12CO,False,C12H15N5O5,309.1073,22
CC(O)Nc1ncnc2c1nc(CO)n2[C@@H]1OC[C@@]2(O)O[C@@H]12,False,C12H15N5O5,309.1073,22
CC(O)Nc1nc(CO)nc2c1ncn2[C@@H]1OC[C@@]2(O)O[C@@H]12,False,C12H15N5O5,309.1073,22
OCCC(O)Nc1ncnc2c1ncn2[C@@H]1OC[C@@]2(O)O[C@@H]12,False,C12H15N5O5,309.1073,22
O=CNc1ncnc2c1ncn2[C@@H]1O[C@H](CO)[C@@]2(O)O[C@@H]12,False,C11H11N5O5,293.076,21
CCNc1ncnc2c1ncn2[C@@H]1O[C@H](C=O)[C@@]2(O)O[C@@H]12,False,C12H13N5O4,291.0968,21
COC(C)Nc1ncnc2c1ncn2[C@@H]1O[C@H](CO)[C@@]2(O)O[C@@H]12,False,C13H17N5O5,323.123,23
CC(O)N(C)c1ncnc2c1ncn2[C@@H]1O[C@H](CO)[C@@]2(O)O[C@@H]12,False,C13H17N5O5,323.123,23
CC(C)(O)Nc1ncnc2c1ncn2[C@@H]1O[C@H](CO)[C@@]2(O)O[C@@H]12,False,C13H17N5O5,323.123,23
CCC(O)Nc1ncnc2c1ncn2[C@@H]1O[C@H](CO)[C@@]2(O)O[C@@H]12,False,C13H17N5O5,323.123,23
CC(=O)N(c1ncnc2c1ncn2[C@@H]1O[C@H](CO)[C@@]2(O)O[C@@H]12)C(C)O,False,C14H17N5O6,351.1179,25
CC(=O)OC(C)Nc1ncnc2c1ncn2[C@@H]1O[C@H](CO)[C@@]2(O)O[C@@H]12,False,C14H17N5O6,351.1179,25
CC(=O)OC[C@H]1O[C@@H](n2cnc3c(NC(C)O)ncnc32)[C@@H]2O[C@]12O,False,C14H17N5O6,351.1179,25
CC(=O)O[C@]12O[C@H]1[C@H](n1cnc3c(NC(C)O)ncnc31)O[C@@H]2CO,False,C14H17N5O6,351.1179,25
CC(Cl)Nc1ncnc2c1ncn2[C@@H]1O[C@H](CO)[C@@]2(O)O[C@@H]12,False,C12H14ClN5O4,327.0734,22
CC(O)N(C(N)=O)c1ncnc2c1ncn2[C@@H]1O[C@H](CO)[C@@]2(O)O[C@@H]12,False,C13H16N6O6,352.1131,25
CC(O)(O)Nc1ncnc2c1ncn2[C@@H]1O[C@H](CO)[C@@]2(O)O[C@@H]12,False,C12H15N5O6,325.1022,23
OCC(O)Nc1ncnc2c1ncn2[C@@H]1O[C@H](CO)[C@@]2(O)O[C@@H]12,False,C12H15N5O6,325.1022,23
CC(O)Nc1ncnc2c1ncn2[C@@H]1O[C@H](CO)C(O)(O)[C@H]1O,False,C12H17N5O6,327.1179,23
CCNc1ncnc2c1ncn2[C@@H]1O[C@H](CO)[C@@]2(O)O[C@@H]12,False,C12H15N5O4,293.1124,21
CC(O)Nc1ncnc2c1ncn2[C@@H]1O[C@H](C)[C@@]2(O)O[C@@H]12,False,C12H15N5O4,293.1124,21
CC(O)Nc1ncnc2c1ncn2[C@@H]1O[C@H](C(=O)O)[C@@]2(O)O[C@@H]12,False,C12H13N5O6,323.0866,23
CC(O)OC(C)Nc1ncnc2c1ncn2[C@@H]1O[C@H](CO)[C@@]2(O)O[C@@H]12,False,C14H19N5O6,353.1335,25
OCNc1ncnc2c1ncn2[C@@H]1O[C@H](CO)[C@@]2(O)O[C@@H]12,False,C11H13N5O5,295.0917,21
CC(O)Nc1ncnc2c1ncn2[C@@H]1O[C@H](CO)[C@@]2(O)O[C@]12C,False,C13H17N5O5,323.123,23
CC(O)Nc1ncnc2c1ncn2[C@@H]1O[C@@](C)(CO)[C@@]2(O)O[C@@H]12,False,C13H17N5O5,323.123,23
CC(O)Nc1ncnc2c1ncn2[C@@]1(C)O[C@H](CO)[C@@]2(O)O[C@H]21,False,C13H17N5O5,323.123,23
CC(O)Nc1ncnc2c1ncn2[C@@H]1O[C@H](C(C)O)[C@@]2(O)O[C@@H]12,False,C13H17N5O5,323.123,23
Cc1nc2c(NC(C)O)ncnc2n1[C@@H]1O[C@H](CO)[C@@]2(O)O[C@@H]12,False,C13H17N5O5,323.123,23
Cc1nc(NC(C)O)c2ncn([C@@H]3O[C@H](CO)[C@@]4(O)O[C@@H]34)c2n1,False,C13H17N5O5,323.123,23
O=CNc1ncnc2c1ncn2[C@@H]1O[C@@H]2CO[C@@]2(O)[C@H]1O,False,C11H11N5O5,293.076,21
Nc1ncnc2c1ncn2[C@@H]1O[C@@H]2CO[C@@]2(O)[C@H]1O,False,C10H11N5O4,265.0811,19
CC(=O)Nc1ncnc2c1ncn2[C@@H]1O[C@@H]2CO[C@@]2(O)[C@H]1O,False,C12H13N5O5,307.0917,22
COC(C)Nc1ncnc2c1ncn2[C@@H]1O[C@@H]2CO[C@@]2(O)[C@H]1O,False,C13H17N5O5,323.123,23
CC(O)N(C)c1ncnc2c1ncn2[C@@H]1O[C@@H]2CO[C@@]2(O)[C@H]1O,False,C13H17N5O5,323.123,23
CC(C)(O)Nc1ncnc2c1ncn2[C@@H]1O[C@@H]2CO[C@@]2(O)[C@H]1O,False,C13H17N5O5,323.123,23
CCC(O)Nc1ncnc2c1ncn2[C@@H]1O[C@@H]2CO[C@@]2(O)[C@H]1O,False,C13H17N5O5,323.123,23
CC(=O)N(c1ncnc2c1ncn2[C@@H]1O[C@@H]2CO[C@@]2(O)[C@H]1O)C(C)O,False,C14H17N5O6,351.1179,25
CC(=O)OC(C)Nc1ncnc2c1ncn2[C@@H]1O[C@@H]2CO[C@@]2(O)[C@H]1O,False,C14H17N5O6,351.1179,25
CC(=O)O[C@@]12OC[C@H]1O[C@@H](n1cnc3c(NC(C)O)ncnc31)[C@@H]2O,False,C14H17N5O6,351.1179,25
CC(=O)O[C@H]1[C@H](n2cnc3c(NC(C)O)ncnc32)O[C@@H]2CO[C@]21O,False,C14H17N5O6,351.1179,25
CC(Cl)Nc1ncnc2c1ncn2[C@@H]1O[C@@H]2CO[C@@]2(O)[C@H]1O,False,C12H14ClN5O4,327.0734,22
CC(O)N(C(N)=O)c1ncnc2c1ncn2[C@@H]1O[C@@H]2CO[C@@]2(O)[C@H]1O,False,C13H16N6O6,352.1131,25
CC(O)(O)Nc1ncnc2c1ncn2[C@@H]1O[C@@H]2CO[C@@]2(O)[C@H]1O,False,C12H15N5O6,325.1022,23
OCC(O)Nc1ncnc2c1ncn2[C@@H]1O[C@@H]2CO[C@@]2(O)[C@H]1O,False,C12H15N5O6,325.1022,23
CCNc1ncnc2c1ncn2[C@@H]1O[C@@H]2CO[C@@]2(O)[C@H]1O,False,C12H15N5O4,293.1124,21
CC(O)OC(C)Nc1ncnc2c1ncn2[C@@H]1O[C@@H]2CO[C@@]2(O)[C@H]1O,False,C14H19N5O6,353.1335,25
OCNc1ncnc2c1ncn2[C@@H]1O[C@@H]2CO[C@@]2(O)[C@H]1O,False,C11H13N5O5,295.0917,21
CC(O)Nc1ncnc2c1ncn2[C@@H]1O[C@@H]2CO[C@@]2(O)[C@]1(C)O,False,C13H17N5O5,323.123,23
CC(O)Nc1ncnc2c1ncn2[C@@H]1O[C@@]2(C)CO[C@@]2(O)[C@H]1O,False,C13H17N5O5,323.123,23
CC(O)Nc1ncnc2c1ncn2[C@@]1(C)O[C@@H]2CO[C@@]2(O)[C@H]1O,False,C13H17N5O5,323.123,23
CC(O)Nc1ncnc2c1ncn2[C@@H]1O[C@@H]2C(C)O[C@@]2(O)[C@H]1O,False,C13H17N5O5,323.123,23
Cc1nc2c(NC(C)O)ncnc2n1[C@@H]1O[C@@H]2CO[C@@]2(O)[C@H]1O,False,C13H17N5O5,323.123,23
Cc1nc(NC(C)O)c2ncn([C@@H]3O[C@@H]4CO[C@@]4(O)[C@H]3O)c2n1,False,C13H17N5O5,323.123,23
CC(O)(CO)Nc1ncnc2c1ncn2[C@@H]1O[C@@H]2O[C@@H]1[C@@H]2O,False,C12H15N5O5,309.1073,22
CC(O)Nc1ncnc2c1ncn2[C@@H]1O[C@@H]2O[C@@H]1[C@]2(O)CO,False,C12H15N5O5,309.1073,22
CC(O)Nc1ncnc2c1ncn2[C@@]1(CO)O[C@@H]2O[C@@H]1[C@@H]2O,False,C12H15N5O5,309.1073,22
CC(O)Nc1ncnc2c1ncn2[C@@H]1O[C@@H]2O[C@@]1(CO)[C@@H]2O,False,C12H15N5O5,309.1073,22
CC(O)Nc1ncnc2c1nc(CO)n2[C@@H]1O[C@@H]2O[C@@H]1[C@@H]2O,False,C12H15N5O5,309.1073,22
CC(O)Nc1nc(CO)nc2c1ncn2[C@@H]1O[C@@H]2O[C@@H]1[C@@H]2O,False,C12H15N5O5,309.1073,22
OCCC(O)Nc1ncnc2c1ncn2[C@@H]1O[C@@H]2O[C@@H]1[C@@H]2O,False,C12H15N5O5,309.1073,22
O=CNc1ncnc2c1ncn2[C@@H]1O[C@]2(CO)O[C@@H]1[C@@H]2O,False,C11H11N5O5,293.076,21
CCNc1ncnc2c1ncn2[C@@H]1O[C@]2(C=O)O[C@@H]1[C@@H]2O,False,C12H13N5O4,291.0968,21
COC(C)Nc1ncnc2c1ncn2[C@@H]1O[C@]2(CO)O[C@@H]1[C@@H]2O,False,C13H17N5O5,323.123,23
CC(O)N(C)c1ncnc2c1ncn2[C@@H]1O[C@]2(CO)O[C@@H]1[C@@H]2O,False,C13H17N5O5,323.123,23
CC(C)(O)Nc1ncnc2c1ncn2[C@@H]1O[C@]2(CO)O[C@@H]1[C@@H]2O,False,C13H17N5O5,323.123,23
CCC(O)Nc1ncnc2c1ncn2[C@@H]1O[C@]2(CO)O[C@@H]1[C@@H]2O,False,C13H17N5O5,323.123,23
CC(=O)N(c1ncnc2c1ncn2[C@@H]1O[C@]2(CO)O[C@@H]1[C@@H]2O)C(C)O,False,C14H17N5O6,351.1179,25
CC(=O)OC(C)Nc1ncnc2c1ncn2[C@@H]1O[C@]2(CO)O[C@@H]1[C@@H]2O,False,C14H17N5O6,351.1179,25
CC(=O)OC[C@]12O[C@@H]([C@H](n3cnc4c(NC(C)O)ncnc43)O1)[C@@H]2O,False,C14H17N5O6,351.1179,25
CC(=O)O[C@H]1[C@H]2O[C@@]1(CO)O[C@H]2n1cnc2c(NC(C)O)ncnc21,False,C14H17N5O6,351.1179,25
CC(Cl)Nc1ncnc2c1ncn2[C@@H]1O[C@]2(CO)O[C@@H]1[C@@H]2O,False,C12H14ClN5O4,327.0734,22
CC(O)N(C(N)=O)c1ncnc2c1ncn2[C@@H]1O[C@]2(CO)O[C@@H]1[C@@H]2O,False,C13H16N6O6,352.1131,25
CC(O)(O)Nc1ncnc2c1ncn2[C@@H]1O[C@]2(CO)O[C@@H]1[C@@H]2O,False,C12H15N5O6,325.1022,23
OCC(O)Nc1ncnc2c1ncn2[C@@H]1O[C@]2(CO)O[C@@H]1[C@@H]2O,False,C12H15N5O6,325.1022,23
CCNc1ncnc2c1ncn2[C@@H]1O[C@]2(CO)O[C@@H]1[C@@H]2O,False,C12H15N5O4,293.1124,21
CC(O)Nc1ncnc2c1ncn2[C@@H]1O[C@]2(C)O[C@@H]1[C@@H]2O,False,C12H15N5O4,293.1124,21
CC(O)Nc1ncnc2c1ncn2[C@@H]1O[C@]2(C(=O)O)O[C@@H]1[C@@H]2O,False,C12H13N5O6,323.0866,23
CC(O)OC(C)Nc1ncnc2c1ncn2[C@@H]1O[C@]2(CO)O[C@@H]1[C@@H]2O,False,C14H19N5O6,353.1335,25
OCNc1ncnc2c1ncn2[C@@H]1O[C@]2(CO)O[C@@H]1[C@@H]2O,False,C11H13N5O5,295.0917,21
CC(O)Nc1ncnc2c1ncn2[C@@H]1O[C@]2(CO)O[C@@H]1[C@@]2(C)O,False,C13H17N5O5,323.123,23
CC(O)Nc1ncnc2c1ncn2[C@@H]1O[C@]2(C(C)O)O[C@@H]1[C@@H]2O,False,C13H17N5O5,323.123,23
CC(O)Nc1ncnc2c1ncn2[C@@]1(C)O[C@]2(CO)O[C@@H]1[C@@H]2O,False,C13H17N5O5,323.123,23
CC(O)Nc1ncnc2c1ncn2[C@@H]1O[C@]2(CO)O[C@@]1(C)[C@@H]2O,False,C13H17N5O5,323.123,23
Cc1nc2c(NC(C)O)ncnc2n1[C@@H]1O[C@]2(CO)O[C@@H]1[C@@H]2O,False,C13H17N5O5,323.123,23
Cc1nc(NC(C)O)c2ncn([C@@H]3O[C@]4(CO)O[C@@H]3[C@@H]4O)c2n1,False,C13H17N5O5,323.123,23
CC(O)(CO)Nc1ncnc2c1ncn2[C@@H]1O[C@@H]2O[C@H]2[C@H]1O,False,C12H15N5O5,309.1073,22
CC(O)Nc1ncnc2c1ncn2[C@@H]1O[C@@H]2O[C@]2(CO)[C@H]1O,False,C12H15N5O5,309.1073,22
CC(O)Nc1ncnc2c1ncn2[C@@]1(CO)O[C@@H]2O[C@H]2[C@H]1O,False,C12H15N5O5,309.1073,22
CC(O)Nc1ncnc2c1ncn2[C@@H]1O[C@@H]2O[C@H]2[C@@]1(O)CO,False,C12H15N5O5,309.1073,22
CC(O)Nc1ncnc2c1nc(CO)n2[C@@H]1O[C@@H]2O[C@H]2[C@H]1O,False,C12H15N5O5,309.1073,22
CC(O)Nc1nc(CO)nc2c1ncn2[C@@H]1O[C@@H]2O[C@H]2[C@H]1O,False,C12H15N5O5,309.1073,22
OCCC(O)Nc1ncnc2c1ncn2[C@@H]1O[C@@H]2O[C@H]2[C@H]1O,False,C12H15N5O5,309.1073,22
O=CNc1ncnc2c1ncn2[C@@H]1O[C@]2(CO)O[C@H]2[C@H]1O,False,C11H11N5O5,293.076,21
CCNc1ncnc2c1ncn2[C@@H]1O[C@]2(C=O)O[C@H]2[C@H]1O,False,C12H13N5O4,291.0968,21
COC(C)Nc1ncnc2c1ncn2[C@@H]1O[C@]2(CO)O[C@H]2[C@H]1O,False,C13H17N5O5,323.123,23
CC(O)N(C)c1ncnc2c1ncn2[C@@H]1O[C@]2(CO)O[C@H]2[C@H]1O,False,C13H17N5O5,323.123,23
CC(C)(O)Nc1ncnc2c1ncn2[C@@H]1O[C@]2(CO)O[C@H]2[C@H]1O,False,C13H17N5O5,323.123,23
CCC(O)Nc1ncnc2c1ncn2[C@@H]1O[C@]2(CO)O[C@H]2[C@H]1O,False,C13H17N5O5,323.123,23
CC(=O)N(c1ncnc2c1ncn2[C@@H]1O[C@]2(CO)O[C@H]2[C@H]1O)C(C)O,False,C14H17N5O6,351.1179,25
CC(=O)OC(C)Nc1ncnc2c1ncn2[C@@H]1O[C@]2(CO)O[C@H]2[C@H]1O,False,C14H17N5O6,351.1179,25
CC(=O)OC[C@]12O[C@@H](n3cnc4c(NC(C)O)ncnc43)[C@H](O)[C@@H]1O2,False,C14H17N5O6,351.1179,25
CC(=O)O[C@H]1[C@H](n2cnc3c(NC(C)O)ncnc32)O[C@]2(CO)O[C@@H]12,False,C14H17N5O6,351.1179,25
CC(Cl)Nc1ncnc2c1ncn2[C@@H]1O[C@]2(CO)O[C@H]2[C@H]1O,False,C12H14ClN5O4,327.0734,22
CC(O)N(C(N)=O)c1ncnc2c1ncn2[C@@H]1O[C@]2(CO)O[C@H]2[C@H]1O,False,C13H16N6O6,352.1131,25
CC(O)(O)Nc1ncnc2c1ncn2[C@@H]1O[C@]2(CO)O[C@H]2[C@H]1O,False,C12H15N5O6,325.1022,23
OCC(O)Nc1ncnc2c1ncn2[C@@H]1O[C@]2(CO)O[C@H]2[C@H]1O,False,C12H15N5O6,325.1022,23
CC(O)Nc1ncnc2c1ncn2[C@@H]1O[C@@](O)(CO)[C@@H](O)[C@H]1O,False,C12H17N5O6,327.1179,23
CCNc1ncnc2c1ncn2[C@@H]1O[C@]2(CO)O[C@H]2[C@H]1O,False,C12H15N5O4,293.1124,21
CC(O)Nc1ncnc2c1ncn2[C@@H]1O[C@]2(C)O[C@H]2[C@H]1O,False,C12H15N5O4,293.1124,21
CC(O)Nc1ncnc2c1ncn2[C@@H]1OC(CO)=C[C@H]1O,False,C12H15N5O4,293.1124,21
CC(O)Nc1ncnc2c1ncn2[C@@H]1O[C@]2(C(=O)O)O[C@H]2[C@H]1O,False,C12H13N5O6,323.0866,23
CC(O)OC(C)Nc1ncnc2c1ncn2[C@@H]1O[C@]2(CO)O[C@H]2[C@H]1O,False,C14H19N5O6,353.1335,25
OCNc1ncnc2c1ncn2[C@@H]1O[C@]2(CO)O[C@H]2[C@H]1O,False,C11H13N5O5,295.0917,21
CC(O)Nc1ncnc2c1ncn2[C@@H]1O[C@]2(CO)O[C@]2(C)[C@H]1O,False,C13H17N5O5,323.123,23
CC(O)Nc1ncnc2c1ncn2[C@@H]1O[C@]2(C(C)O)O[C@H]2[C@H]1O,False,C13H17N5O5,323.123,23
CC(O)Nc1ncnc2c1ncn2[C@@]1(C)O[C@]2(CO)O[C@H]2[C@H]1O,False,C13H17N5O5,323.123,23
CC(O)Nc1ncnc2c1ncn2[C@@H]1O[C@]2(CO)O[C@H]2[C@]1(C)O,False,C13H17N5O5,323.123,23
Cc1nc2c(NC(C)O)ncnc2n1[C@@H]1O[C@]2(CO)O[C@H]2[C@H]1O,False,C13H17N5O5,323.123,23
Cc1nc(NC(C)O)c2ncn([C@@H]3O[C@]4(CO)O[C@H]4[C@H]3O)c2n1,False,C13H17N5O5,323.123,23
O=CNc1ncnc2c1ncn2[C@@H]1O[C@@]2(CO2)[C@@H](O)[C@H]1O,False,C11H11N5O5,293.076,21
Nc1ncnc2c1ncn2[C@@H]1O[C@@]2(CO2)[C@@H](O)[C@H]1O,False,C10H11N5O4,265.0811,19
CC(=O)Nc1ncnc2c1ncn2[C@@H]1O[C@@]2(CO2)[C@@H](O)[C@H]1O,False,C12H13N5O5,307.0917,22
COC(C)Nc1ncnc2c1ncn2[C@@H]1O[C@@]2(CO2)[C@@H](O)[C@H]1O,False,C13H17N5O5,323.123,23
CC(O)N(C)c1ncnc2c1ncn2[C@@H]1O[C@@]2(CO2)[C@@H](O)[C@H]1O,False,C13H17N5O5,323.123,23
CC(C)(O)Nc1ncnc2c1ncn2[C@@H]1O[C@@]2(CO2)[C@@H](O)[C@H]1O,False,C13H17N5O5,323.123,23
CCC(O)Nc1ncnc2c1ncn2[C@@H]1O[C@@]2(CO2)[C@@H](O)[C@H]1O,False,C13H17N5O5,323.123,23
CC(=O)N(c1ncnc2c1ncn2[C@@H]1O[C@@]2(CO2)[C@@H](O)[C@H]1O)C(C)O,False,C14H17N5O6,351.1179,25
CC(=O)OC(C)Nc1ncnc2c1ncn2[C@@H]1O[C@@]2(CO2)[C@@H](O)[C@H]1O,False,C14H17N5O6,351.1179,25
CC(=O)O[C@H]1[C@@H](O)[C@H](n2cnc3c(NC(C)O)ncnc32)O[C@@]12CO2,False,C14H17N5O6,351.1179,25
CC(=O)O[C@H]1[C@H](n2cnc3c(NC(C)O)ncnc32)O[C@@]2(CO2)[C@H]1O,False,C14H17N5O6,351.1179,25
CC(Cl)Nc1ncnc2c1ncn2[C@@H]1O[C@@]2(CO2)[C@@H](O)[C@H]1O,False,C12H14ClN5O4,327.0734,22
CC(O)N(C(N)=O)c1ncnc2c1ncn2[C@@H]1O[C@@]2(CO2)[C@@H](O)[C@H]1O,False,C13H16N6O6,352.1131,25
CC(O)(O)Nc1ncnc2c1ncn2[C@@H]1O[C@@]2(CO2)[C@@H](O)[C@H]1O,False,C12H15N5O6,325.1022,23
OCC(O)Nc1ncnc2c1ncn2[C@@H]1O[C@@]2(CO2)[C@@H](O)[C@H]1O,False,C12H15N5O6,325.1022,23
CCNc1ncnc2c1ncn2[C@@H]1O[C@@]2(CO2)[C@@H](O)[C@H]1O,False,C12H15N5O4,293.1124,21
CC(O)OC(C)Nc1ncnc2c1ncn2[C@@H]1O[C@@]2(CO2)[C@@H](O)[C@H]1O,False,C14H19N5O6,353.1335,25
OCNc1ncnc2c1ncn2[C@@H]1O[C@@]2(CO2)[C@@H](O)[C@H]1O,False,C11H13N5O5,295.0917,21
CC(O)Nc1ncnc2c1ncn2[C@@H]1O[C@@]2(CO2)[C@](C)(O)[C@H]1O,False,C13H17N5O5,323.123,23
CC(O)Nc1ncnc2c1ncn2[C@@H]1O[C@]2(OC2C)[C@@H](O)[C@H]1O,False,C13H17N5O5,323.123,23
CC(O)Nc1ncnc2c1ncn2[C@@]1(C)O[C@@]2(CO2)[C@@H](O)[C@H]1O,False,C13H17N5O5,323.123,23
CC(O)Nc1ncnc2c1ncn2[C@@H]1O[C@@]2(CO2)[C@@H](O)[C@]1(C)O,False,C13H17N5O5,323.123,23
Cc1nc2c(NC(C)O)ncnc2n1[C@@H]1O[C@@]2(CO2)[C@@H](O)[C@H]1O,False,C13H17N5O5,323.123,23
Cc1nc(NC(C)O)c2ncn([C@@H]3O[C@@]4(CO4)[C@@H](O)[C@H]3O)c2n1,False,C13H17N5O5,323.123,23
O=CNc1ncnc2c1ncn2[C@@H]1O[C@@H]2C(O)O[C@@H]1[C@@H]2O,False,C11H11N5O5,293.076,21
CCNc1ncnc2c1ncn2[C@@H]1O[C@@H]2C(=O)O[C@@H]1[C@@H]2O,False,C12H13N5O4,291.0968,21
Nc1ncnc2c1ncn2[C@@H]1O[C@@H]2C(O)O[C@@H]1[C@@H]2O,False,C10H11N5O4,265.0811,19
CC(=O)Nc1ncnc2c1ncn2[C@@H]1O[C@@H]2C(O)O[C@@H]1[C@@H]2O,False,C12H13N5O5,307.0917,22
COC(C)Nc1ncnc2c1ncn2[C@@H]1O[C@@H]2C(O)O[C@@H]1[C@@H]2O,False,C13H17N5O5,323.123,23
CC(O)N(C)c1ncnc2c1ncn2[C@@H]1O[C@@H]2C(O)O[C@@H]1[C@@H]2O,False,C13H17N5O5,323.123,23
CC(C)(O)Nc1ncnc2c1ncn2[C@@H]1O[C@@H]2C(O)O[C@@H]1[C@@H]2O,False,C13H17N5O5,323.123,23
CCC(O)Nc1ncnc2c1ncn2[C@@H]1O[C@@H]2C(O)O[C@@H]1[C@@H]2O,False,C13H17N5O5,323.123,23
CC(=O)N(c1ncnc2c1ncn2[C@@H]1O[C@@H]2C(O)O[C@@H]1[C@@H]2O)C(C)O,False,C14H17N5O6,351.1179,25
CC(=O)OC(C)Nc1ncnc2c1ncn2[C@@H]1O[C@@H]2C(O)O[C@@H]1[C@@H]2O,False,C14H17N5O6,351.1179,25
CC(=O)OC1O[C@@H]2[C@H](O)[C@@H]1O[C@H]2n1cnc2c(NC(C)O)ncnc21,False,C14H17N5O6,351.1179,25
CC(=O)O[C@H]1[C@H]2OC(O)[C@H]1O[C@H]2n1cnc2c(NC(C)O)ncnc21,False,C14H17N5O6,351.1179,25
CC(Cl)Nc1ncnc2c1ncn2[C@@H]1O[C@@H]2C(O)O[C@@H]1[C@@H]2O,False,C12H14ClN5O4,327.0734,22
CC(O)N(C(N)=O)c1ncnc2c1ncn2[C@@H]1O[C@@H]2C(O)O[C@@H]1[C@@H]2O,False,C13H16N6O6,352.1131,25
CC(O)(O)Nc1ncnc2c1ncn2[C@@H]1O[C@@H]2C(O)O[C@@H]1[C@@H]2O,False,C12H15N5O6,325.1022,23
OCC(O)Nc1ncnc2c1ncn2[C@@H]1O[C@@H]2C(O)O[C@@H]1[C@@H]2O,False,C12H15N5O6,325.1022,23
CCNc1ncnc2c1ncn2[C@@H]1O[C@@H]2C(O)O[C@@H]1[C@@H]2O,False,C12H15N5O4,293.1124,21
CC(O)OC(C)Nc1ncnc2c1ncn2[C@@H]1O[C@@H]2C(O)O[C@@H]1[C@@H]2O,False,C14H19N5O6,353.1335,25
OCNc1ncnc2c1ncn2[C@@H]1O[C@@H]2C(O)O[C@@H]1[C@@H]2O,False,C11H13N5O5,295.0917,21
CC(O)Nc1ncnc2c1ncn2[C@@H]1O[C@H]2[C@@H](O)[C@H]1OC2(C)O,False,C13H17N5O5,323.123,23
CC(O)Nc1ncnc2c1ncn2[C@@H]1O[C@@]2(C)C(O)O[C@@H]1[C@@H]2O,False,C13H17N5O5,323.123,23
CC(O)Nc1ncnc2c1ncn2[C@@H]1O[C@@H]2C(O)O[C@@H]1[C@@]2(C)O,False,C13H17N5O5,323.123,23
CC(O)Nc1ncnc2c1ncn2[C@@]1(C)O[C@@H]2C(O)O[C@@H]1[C@@H]2O,False,C13H17N5O5,323.123,23
CC(O)Nc1ncnc2c1ncn2[C@@H]1O[C@@H]2C(O)O[C@@]1(C)[C@@H]2O,False,C13H17N5O5,323.123,23
Cc1nc2c(NC(C)O)ncnc2n1[C@@H]1O[C@@H]2C(O)O[C@@H]1[C@@H]2O,False,C13H17N5O5,323.123,23
Cc1nc(NC(C)O)c2ncn([C@@H]3O[C@@H]4C(O)O[C@@H]3[C@@H]4O)c2n1,False,C13H17N5O5,323.123,23
O=CNc1ncnc2c1ncn2[C@@H]1O[C@@H]2C(O)O[C@H]2[C@H]1O,False,C11H11N5O5,293.076,21
CCNc1ncnc2c1ncn2[C@@H]1O[C@@H]2C(=O)O[C@H]2[C@H]1O,False,C12H13N5O4,291.0968,21
Nc1ncnc2c1ncn2[C@@H]1O[C@@H]2C(O)O[C@H]2[C@H]1O,False,C10H11N5O4,265.0811,19
CC(=O)Nc1ncnc2c1ncn2[C@@H]1O[C@@H]2C(O)O[C@H]2[C@H]1O,False,C12H13N5O5,307.0917,22
COC(C)Nc1ncnc2c1ncn2[C@@H]1O[C@@H]2C(O)O[C@H]2[C@H]1O,False,C13H17N5O5,323.123,23
CC(O)N(C)c1ncnc2c1ncn2[C@@H]1O[C@@H]2C(O)O[C@H]2[C@H]1O,False,C13H17N5O5,323.123,23
CC(C)(O)Nc1ncnc2c1ncn2[C@@H]1O[C@@H]2C(O)O[C@H]2[C@H]1O,False,C13H17N5O5,323.123,23
CCC(O)Nc1ncnc2c1ncn2[C@@H]1O[C@@H]2C(O)O[C@H]2[C@H]1O,False,C13H17N5O5,323.123,23
CC(=O)N(c1ncnc2c1ncn2[C@@H]1O[C@@H]2C(O)O[C@H]2[C@H]1O)C(C)O,False,C14H17N5O6,351.1179,25
CC(=O)OC(C)Nc1ncnc2c1ncn2[C@@H]1O[C@@H]2C(O)O[C@H]2[C@H]1O,False,C14H17N5O6,351.1179,25
CC(=O)OC1O[C@H]2[C@@H](O)[C@H](n3cnc4c(NC(C)O)ncnc43)O[C@H]12,False,C14H17N5O6,351.1179,25
CC(=O)O[C@@H]1[C@@H]2OC(O)[C@H]2O[C@H]1n1cnc2c(NC(C)O)ncnc21,False,C14H17N5O6,351.1179,25
CC(Cl)Nc1ncnc2c1ncn2[C@@H]1O[C@@H]2C(O)O[C@H]2[C@H]1O,False,C12H14ClN5O4,327.0734,22
CC(O)N(C(N)=O)c1ncnc2c1ncn2[C@@H]1O[C@@H]2C(O)O[C@H]2[C@H]1O,False,C13H16N6O6,352.1131,25
CC(O)(O)Nc1ncnc2c1ncn2[C@@H]1O[C@@H]2C(O)O[C@H]2[C@H]1O,False,C12H15N5O6,325.1022,23
OCC(O)Nc1ncnc2c1ncn2[C@@H]1O[C@@H]2C(O)O[C@H]2[C@H]1O,False,C12H15N5O6,325.1022,23
CCNc1ncnc2c1ncn2[C@@H]1O[C@@H]2C(O)O[C@H]2[C@H]1O,False,C12H15N5O4,293.1124,21
CC(O)OC(C)Nc1ncnc2c1ncn2[C@@H]1O[C@@H]2C(O)O[C@H]2[C@H]1O,False,C14H19N5O6,353.1335,25
OCNc1ncnc2c1ncn2[C@@H]1O[C@@H]2C(O)O[C@H]2[C@H]1O,False,C11H13N5O5,295.0917,21
CC(O)Nc1ncnc2c1ncn2[C@@H]1O[C@H]2[C@@H](OC2(C)O)[C@H]1O,False,C13H17N5O5,323.123,23
CC(O)Nc1ncnc2c1ncn2[C@@H]1O[C@@]2(C)C(O)O[C@H]2[C@H]1O,False,C13H17N5O5,323.123,23
CC(O)Nc1ncnc2c1ncn2[C@@H]1O[C@@H]2C(O)O[C@]2(C)[C@H]1O,False,C13H17N5O5,323.123,23
CC(O)Nc1ncnc2c1ncn2[C@@]1(C)O[C@@H]2C(O)O[C@H]2[C@H]1O,False,C13H17N5O5,323.123,23
CC(O)Nc1ncnc2c1ncn2[C@@H]1O[C@@H]2C(O)O[C@H]2[C@]1(C)O,False,C13H17N5O5,323.123,23
Cc1nc2c(NC(C)O)ncnc2n1[C@@H]1O[C@@H]2C(O)O[C@H]2[C@H]1O,False,C13H17N5O5,323.123,23
Cc1nc(NC(C)O)c2ncn([C@@H]3O[C@@H]4C(O)O[C@H]4[C@H]3O)c2n1,False,C13H17N5O5,323.123,23
Cc1nc(NCO)c2ncn([C@@H]3O[C@H](CO)[C@@H](O)[C@H]3O)c2n1,False,C12H17N5O5,311.123,22
Cc1nc2c(NCO)ncnc2n1[C@@H]1O[C@H](CO)[C@@H](O)[C@H]1O,False,C12H17N5O5,311.123,22
C[C@]1(n2cnc3c(NCO)ncnc32)O[C@H](CO)[C@@H](O)[C@H]1O,False,C12H17N5O5,311.123,22
C[C@]1(O)[C@H](O)[C@@H](CO)O[C@H]1n1cnc2c(NCO)ncnc21,False,C12H17N5O5,311.123,22
C[C@]1(O)[C@@H](CO)O[C@@H](n2cnc3c(NCO)ncnc32)[C@@H]1O,False,C12H17N5O5,311.123,22
C[C@@]1(CO)O[C@@H](n2cnc3c(NCO)ncnc32)[C@H](O)[C@@H]1O,False,C12H17N5O5,311.123,22
CC(O)[C@H]1O[C@@H](n2cnc3c(NCO)ncnc32)[C@H](O)[C@@H]1O,False,C12H17N5O5,311.123,22
CCNc1ncnc2c1ncn2[C@@H]1O[C@H](C=O)[C@@H](O)[C@H]1O,False,C12H15N5O4,293.1124,21
COC(C)Nc1ncnc2c1ncn2[C@@H]1O[C@H](CO)[C@@H](O)[C@H]1O,False,C13H19N5O5,325.1386,23
CC(O)N(C)c1ncnc2c1ncn2[C@@H]1O[C@H](CO)[C@@H](O)[C@H]1O,False,C13H19N5O5,325.1386,23
CC(C)(O)Nc1ncnc2c1ncn2[C@@H]1O[C@H](CO)[C@@H](O)[C@H]1O,False,C13H19N5O5,325.1386,23
CCC(O)Nc1ncnc2c1ncn2[C@@H]1O[C@H](CO)[C@@H](O)[C@H]1O,False,C13H19N5O5,325.1386,23
CC(=O)N(c1ncnc2c1ncn2[C@@H]1O[C@H](CO)[C@@H](O)[C@H]1O)C(C)O,False,C14H19N5O6,353.1335,25
CC(=O)OC(C)Nc1ncnc2c1ncn2[C@@H]1O[C@H](CO)[C@@H](O)[C@H]1O,False,C14H19N5O6,353.1335,25
CC(=O)OC[C@H]1O[C@@H](n2cnc3c(NC(C)O)ncnc32)[C@H](O)[C@@H]1O,False,C14H19N5O6,353.1335,25
CC(=O)O[C@@H]1[C@H](O)[C@@H](CO)O[C@H]1n1cnc2c(NC(C)O)ncnc21,False,C14H19N5O6,353.1335,25
CC(=O)O[C@H]1[C@@H](O)[C@H](n2cnc3c(NC(C)O)ncnc32)O[C@@H]1CO,False,C14H19N5O6,353.1335,25
CC(Cl)Nc1ncnc2c1ncn2[C@@H]1O[C@H](CO)[C@@H](O)[C@H]1O,False,C12H16ClN5O4,329.0891,22
CC(O)N(C(N)=O)c1ncnc2c1ncn2[C@@H]1O[C@H](CO)[C@@H](O)[C@H]1O,False,C13H18N6O6,354.1288,25
CC(O)(O)Nc1ncnc2c1ncn2[C@@H]1O[C@H](CO)[C@@H](O)[C@H]1O,False,C12H17N5O6,327.1179,23
CCNc1ncnc2c1ncn2[C@@H]1O[C@H](CO)[C@@H](O)[C@H]1O,False,C12H17N5O4,295.1281,21
CC(O)Nc1ncnc2c1ncn2[C@@H]1O[C@H](C)[C@@H](O)[C@H]1O,False,C12H17N5O4,295.1281,21
CC(O)OC(C)Nc1ncnc2c1ncn2[C@@H]1O[C@H](CO)[C@@H](O)[C@H]1O,False,C14H21N5O6,355.1492,25
OCNc1ncnc2c1ncn2[C@@H]1O[C@H](CO)[C@@H](O)[C@H]1O,False,C11H15N5O5,297.1073,21
Cc1nc(NC(C)O)c2ncn([C@@H]3O[C@H](CO)[C@@H](O)[C@H]3O)c2n1,False,C13H19N5O5,325.1386,23
Cc1nc2c(NC(C)O)ncnc2n1[C@@H]1O[C@H](CO)[C@@H](O)[C@H]1O,False,C13H19N5O5,325.1386,23
CC(O)Nc1ncnc2c1ncn2[C@@]1(C)O[C@H](CO)[C@@H](O)[C@H]1O,False,C13H19N5O5,325.1386,23
CC(O)Nc1ncnc2c1ncn2[C@@H]1O[C@H](CO)[C@@H](O)[C@]1(C)O,False,C13H19N5O5,325.1386,23
CC(O)Nc1ncnc2c1ncn2[C@@H]1O[C@H](CO)[C@](C)(O)[C@H]1O,False,C13H19N5O5,325.1386,23
CC(O)Nc1ncnc2c1ncn2[C@@H]1O[C@@](C)(CO)[C@@H](O)[C@H]1O,False,C13H19N5O5,325.1386,23
CC(O)Nc1ncnc2c1ncn2[C@@H]1O[C@H](C(C)O)[C@@H](O)[C@H]1O,False,C13H19N5O5,325.1386,23
CCN(C=O)c1ncnc2c1ncn2[C@@H]1O[C@H](CO)[C@@H](O)[C@H]1O,False,C13H17N5O5,323.123,23
CC(O)N1CO[C@@H]2[C@H](O)[C@@H](CO)O[C@H]2n2cnc3c1ncnc32,False,C13H17N5O5,323.123,23
CC(O)N1CO[C@H]2[C@@H](O)[C@@H](O[C@@H]2CO)n2cnc3c1ncnc32,False,C13H17N5O5,323.123,23
CC(O)N1COC[C@H]2O[C@H]([C@H](O)[C@@H]2O)n2cnc3c1ncnc32,False,C13H17N5O5,323.123,23
CN1c2ncnc3c2ncn3[C@@H]2O[C@H](CO)[C@@H](O)[C@H]2OCC1O,False,C13H17N5O5,323.123,23
CN1c2ncnc3c2ncn3[C@@H]2O[C@H](CO)[C@@H](OCC1O)[C@H]2O,False,C13H17N5O5,323.123,23
CN1c2ncnc3c2ncn3[C@@H]2O[C@H](COCC1O)[C@@H](O)[C@H]2O,False,C13H17N5O5,323.123,23
CCC(=O)N(C)c1ncnc2c1ncn2[C@@H]1O[C@H](CO)[C@@H](O)[C@H]1O,False,C14H19N5O5,337.1386,24
CNc1ncnc2c1ncn2[C@@H]1O[C@H](CO)[C@@H](O)[C@H]1O,False,C11H15N5O4,281.1124,20
CC(=O)OC[C@H]1O[C@@H](n2cnc3c(N(C)C(C)=O)ncnc32)[C@H](O)[C@@H]1O,False,C15H19N5O6,365.1335,26
CC(=O)O[C@@H]1[C@H](O)[C@@H](CO)O[C@H]1n1cnc2c(N(C)C(C)=O)ncnc21,False,C15H19N5O6,365.1335,26
CC(=O)O[C@H]1[C@@H](O)[C@H](n2cnc3c(N(C)C(C)=O)ncnc32)O[C@@H]1CO,False,C15H19N5O6,365.1335,26
CN(c1ncnc2c1ncn2[C@@H]1O[C@H](CO)[C@@H](O)[C@H]1O)C(C)(O)C#N,False,C14H18N6O5,350.1339,25
CC(N)N(C)c1ncnc2c1ncn2[C@@H]1O[C@H](CO)[C@@H](O)[C@H]1O,False,C13H20N6O4,324.1546,23
CN(C(=O)CO)c1ncnc2c1ncn2[C@@H]1O[C@H](CO)[C@@H](O)[C@H]1O,False,C13H17N5O6,339.1179,24
COC(=O)N(C)c1ncnc2c1ncn2[C@@H]1O[C@H](CO)[C@@H](O)[C@H]1O,False,C13H17N5O6,339.1179,24
CN(c1ncnc2c1ncn2[C@@H]1O[C@H](CO)[C@@H](O)[C@H]1O)C(O)CO,False,C13H19N5O6,341.1335,24
CC(=O)N(C)c1ncnc2c1ncn2[C@@H]1O[C@H](C)[C@@H](O)[C@H]1O,False,C13H17N5O4,307.1281,22
CC(=O)N(C)c1ncnc2c1ncn2[C@@H]1O[C@H](C(=O)O)[C@@H](O)[C@H]1O,False,C13H15N5O6,337.1022,24
CN(C=O)c1ncnc2c1ncn2[C@@H]1O[C@H](CO)[C@@H](O)[C@H]1O,False,C12H15N5O5,309.1073,22
CCN(C(C)=O)c1ncnc2c1ncn2[C@@H]1O[C@H](CO)[C@@H](O)[C@H]1O,False,C14H19N5O5,337.1386,24
CC(=O)N(C)c1nc(C)nc2c1ncn2[C@@H]1O[C@H](CO)[C@@H](O)[C@H]1O,False,C14H19N5O5,337.1386,24
CC(=O)N(C)c1ncnc2c1nc(C)n2[C@@H]1O[C@H](CO)[C@@H](O)[C@H]1O,False,C14H19N5O5,337.1386,24
CC(=O)N(C)c1ncnc2c1ncn2[C@@]1(C)O[C@H](CO)[C@@H](O)[C@H]1O,False,C14H19N5O5,337.1386,24
CC(=O)N(C)c1ncnc2c1ncn2[C@@H]1O[C@H](CO)[C@@H](O)[C@]1(C)O,False,C14H19N5O5,337.1386,24
CC(=O)N(C)c1ncnc2c1ncn2[C@@H]1O[C@H](CO)[C@](C)(O)[C@H]1O,False,C14H19N5O5,337.1386,24
CC(=O)N(C)c1ncnc2c1ncn2[C@@H]1O[C@@](C)(CO)[C@@H](O)[C@H]1O,False,C14H19N5O5,337.1386,24
CC(=O)N(C)c1ncnc2c1ncn2[C@@H]1O[C@H](C(C)O)[C@@H](O)[C@H]1O,False,C14H19N5O5,337.1386,24
CCc1nc(NC=O)c2ncn([C@@H]3O[C@H](CO)[C@@H](O)[C@H]3O)c2n1,False,C13H17N5O5,323.123,23
CCc1nc2c(NC=O)ncnc2n1[C@@H]1O[C@H](CO)[C@@H](O)[C@H]1O,False,C13H17N5O5,323.123,23
CC[C@]1(n2cnc3c(NC=O)ncnc32)O[C@H](CO)[C@@H](O)[C@H]1O,False,C13H17N5O5,323.123,23
CC[C@]1(O)[C@H](O)[C@@H](CO)O[C@H]1n1cnc2c(NC=O)ncnc21,False,C13H17N5O5,323.123,23
CC[C@]1(O)[C@@H](CO)O[C@@H](n2cnc3c(NC=O)ncnc32)[C@@H]1O,False,C13H17N5O5,323.123,23
CC[C@@]1(CO)O[C@@H](n2cnc3c(NC=O)ncnc32)[C@H](O)[C@@H]1O,False,C13H17N5O5,323.123,23
CCC1(O)Nc2ncnc3c2ncn3[C@@H]2O[C@H](CO1)[C@@H](O)[C@H]2O,False,C13H17N5O5,323.123,23
CC1O[C@@H]2[C@H](O)[C@@H](CO)O[C@H]2n2cnc3c(ncnc32)NC1O,False,C13H17N5O5,323.123,23
CC1O[C@H]2[C@@H](O)[C@@H](O[C@@H]2CO)n2cnc3c(ncnc32)NC1O,False,C13H17N5O5,323.123,23
CC1OC[C@H]2O[C@H]([C@H](O)[C@@H]2O)n2cnc3c(ncnc32)NC1O,False,C13H17N5O5,323.123,23
OC[C@H]1O[C@@H]2[C@H](OCCC(O)Nc3ncnc4c3ncn42)[C@@H]1O,False,C13H17N5O5,323.123,23
OC[C@H]1O[C@@H]2[C@H](O)[C@@H]1OCCC(O)Nc1ncnc3c1ncn32,False,C13H17N5O5,323.123,23
OC1CCOC[C@H]2O[C@H]([C@H](O)[C@@H]2O)n2cnc3c(ncnc32)N1,False,C13H17N5O5,323.123,23
C=CC(=O)Nc1ncnc2c1ncn2[C@@H]1O[C@H](CO)[C@@H](O)[C@H]1O,False,C13H15N5O5,321.1073,23
CC(C)C(=O)Nc1ncnc2c1ncn2[C@@H]1O[C@H](CO)[C@@H](O)[C@H]1O,False,C14H19N5O5,337.1386,24
CCCC(=O)Nc1ncnc2c1ncn2[C@@H]1O[C@H](CO)[C@@H](O)[C@H]1O,False,C14H19N5O5,337.1386,24
CCC(=O)O,False,C3H6O2,74.0368,5
CCC(=O)N(C(C)=O)c1ncnc2c1ncn2[C@@H]1O[C@H](CO)[C@@H](O)[C@H]1O,False,C15H19N5O6,365.1335,26
CCC(=O)Nc1ncnc2c1ncn2[C@@H]1O[C@H](COC(C)=O)[C@@H](O)[C@H]1O,False,C15H19N5O6,365.1335,26
CCC(=O)Nc1ncnc2c1ncn2[C@@H]1O[C@H](CO)[C@@H](O)[C@H]1OC(C)=O,False,C15H19N5O6,365.1335,26
CCC(=O)Nc1ncnc2c1ncn2[C@@H]1O[C@H](CO)[C@@H](OC(C)=O)[C@H]1O,False,C15H19N5O6,365.1335,26
CCC(O)(C#N)Nc1ncnc2c1ncn2[C@@H]1O[C@H](CO)[C@@H](O)[C@H]1O,False,C14H18N6O5,350.1339,25
CCC(N)Nc1ncnc2c1ncn2[C@@H]1O[C@H](CO)[C@@H](O)[C@H]1O,False,C13H20N6O4,324.1546,23
CCC(=O)N(C(N)=O)c1ncnc2c1ncn2[C@@H]1O[C@H](CO)[C@@H](O)[C@H]1O,False,C14H18N6O6,366.1288,26
CC(O)C(=O)Nc1ncnc2c1ncn2[C@@H]1O[C@H](CO)[C@@H](O)[C@H]1O,False,C13H17N5O6,339.1179,24
O=C(CCO)Nc1ncnc2c1ncn2[C@@H]1O[C@H](CO)[C@@H](O)[C@H]1O,False,C13H17N5O6,339.1179,24
CCOC(=O)Nc1ncnc2c1ncn2[C@@H]1O[C@H](CO)[C@@H](O)[C@H]1O,False,C13H17N5O6,339.1179,24
CCC(=O)OP(=O)(O)O,False,C3H7O5P,154.0031,9
CC(O)C(O)Nc1ncnc2c1ncn2[C@@H]1O[C@H](CO)[C@@H](O)[C@H]1O,False,C13H19N5O6,341.1335,24
OCCC(O)Nc1ncnc2c1ncn2[C@@H]1O[C@H](CO)[C@@H](O)[C@H]1O,False,C13H19N5O6,341.1335,24
CC,False,C2H6,30.047,2
O=C(O)Nc1ncnc2c1ncn2[C@@H]1O[C@H](CO)[C@@H](O)[C@H]1O,False,C11H13N5O6,311.0866,22
CCC(=O)Nc1ncnc2c1ncn2[C@@H]1O[C@H](C)[C@@H](O)[C@H]1O,False,C13H17N5O4,307.1281,22
CCC(=O)Nc1ncnc2c1ncn2[C@@H]1O[C@H](C(=O)O)[C@@H](O)[C@H]1O,False,C13H15N5O6,337.1022,24
CCC(C)C(=O)Nc1ncnc2c1ncn2[C@@H]1O[C@H](CO)[C@@H](O)[C@H]1O,False,C15H21N5O5,351.1543,25
CCCCC(=O)Nc1ncnc2c1ncn2[C@@H]1O[C@H](CO)[C@@H](O)[C@H]1O,False,C15H21N5O5,351.1543,25
CCC(=O)Nc1nc(C)nc2c1ncn2[C@@H]1O[C@H](CO)[C@@H](O)[C@H]1O,False,C14H19N5O5,337.1386,24
CCC(=O)Nc1nc(CC)nc2c1ncn2[C@@H]1O[C@H](CO)[C@@H](O)[C@H]1O,False,C15H21N5O5,351.1543,25
CCC(=O)Nc1ncnc2c1nc(C)n2[C@@H]1O[C@H](CO)[C@@H](O)[C@H]1O,False,C14H19N5O5,337.1386,24
CCC(=O)Nc1ncnc2c1nc(CC)n2[C@@H]1O[C@H](CO)[C@@H](O)[C@H]1O,False,C15H21N5O5,351.1543,25
CCC(=O)Nc1ncnc2c1ncn2[C@@]1(C)O[C@H](CO)[C@@H](O)[C@H]1O,False,C14H19N5O5,337.1386,24
CCC(=O)Nc1ncnc2c1ncn2[C@@]1(CC)O[C@H](CO)[C@@H](O)[C@H]1O,False,C15H21N5O5,351.1543,25
CCC(=O)Nc1ncnc2c1ncn2[C@@H]1O[C@H](CO)[C@@H](O)[C@]1(C)O,False,C14H19N5O5,337.1386,24
CCC(=O)Nc1ncnc2c1ncn2[C@@H]1O[C@H](CO)[C@@H](O)[C@@]1(O)CC,False,C15H21N5O5,351.1543,25
CCC(=O)Nc1ncnc2c1ncn2[C@@H]1O[C@H](CO)[C@](C)(O)[C@H]1O,False,C14H19N5O5,337.1386,24
CCC(=O)Nc1ncnc2c1ncn2[C@@H]1O[C@H](CO)[C@@](O)(CC)[C@H]1O,False,C15H21N5O5,351.1543,25
CCC(=O)Nc1ncnc2c1ncn2[C@@H]1O[C@@](C)(CO)[C@@H](O)[C@H]1O,False,C14H19N5O5,337.1386,24
CCC(=O)Nc1ncnc2c1ncn2[C@@H]1O[C@@](CC)(CO)[C@@H](O)[C@H]1O,False,C15H21N5O5,351.1543,25
CCC(=O)Nc1ncnc2c1ncn2[C@@H]1O[C@H](C(C)O)[C@@H](O)[C@H]1O,False,C14H19N5O5,337.1386,24
CCC(=O)Nc1ncnc2c1ncn2[C@@H]1O[C@H](C(O)CC)[C@@H](O)[C@H]1O,False,C15H21N5O5,351.1543,25
OC1CO1,False,C2H4O2,60.0211,4
CC(O)O,False,C2H6O2,62.0368,4
CCO,False,C2H6O,46.0419,3
CC(=O)OS(=O)(=O)O,False,C2H4O5S,139.9779,8
CC(=O)OC(C)=O,False,C4H6O3,102.0317,7
O=C(O)CC(=O)O,False,C3H4O4,104.011,7
CC(O)(O)C#N,False,C3H5NO2,87.032,6
CC(=O)Cl,False,C2H3ClO,77.9872,4
CC(N)=O,False,C2H5NO,59.0371,4
CC#N,False,C2H3N,41.0265,3
CC(N)O,False,C2H7NO,61.0528,4
O=C(O)CO,False,C2H4O3,76.016,5
COC(=O)O,False,C2H4O3,76.016,5
OCC(O)O,False,C2H6O3,78.0317,5
CC(O)(O)CC(=O)O,False,C4H8O4,120.0423,8
CC(=O)CC(=O)O,False,C4H6O3,102.0317,7
CC1(O)CC(O)(O)O1,False,C4H8O4,120.0423,8
CC(=O)OC(C)O,False,C4H8O3,104.0473,7
CCC(=O)N(C=O)c1ncnc2c1ncn2[C@@H]1O[C@H](CO)[C@@H](O)[C@H]1O,False,C14H17N5O6,351.1179,25
CC(=O)N1c2ncnc3c2ncn3[C@@H]2O[C@H](CO)[C@@H](O)[C@H]2OCC1O,False,C14H17N5O6,351.1179,25
CC(O)N1C(=O)CO[C@@H]2[C@H](O)[C@@H](CO)O[C@H]2n2cnc3c1ncnc32,False,C14H17N5O6,351.1179,25
CC(=O)N1c2ncnc3c2ncn3[C@@H]2O[C@H](CO)[C@@H](OCC1O)[C@H]2O,False,C14H17N5O6,351.1179,25
CC(O)N1C(=O)CO[C@H]2[C@@H](O)[C@@H](O[C@@H]2CO)n2cnc3c1ncnc32,False,C14H17N5O6,351.1179,25
CC(=O)N1c2ncnc3c2ncn3[C@@H]2O[C@H](COCC1O)[C@@H](O)[C@H]2O,False,C14H17N5O6,351.1179,25
CC(O)N1C(=O)COC[C@H]2O[C@H]([C@H](O)[C@@H]2O)n2cnc3c1ncnc32,False,C14H17N5O6,351.1179,25
CC(=O)N(c1ncnc2c1ncn2[C@@H]1O[C@H](CO)[C@@H](O)[C@H]1O)C(C)(O)C#N,False,C15H18N6O6,378.1288,27
CC(=O)N(c1ncnc2c1ncn2[C@@H]1O[C@H](CO)[C@@H](O)[C@H]1O)C(C)N,False,C14H20N6O5,352.1495,25
CC(=O)N(C(C)=O)c1ncnc2c1ncn2[C@@H]1O[C@H](C)[C@@H](O)[C@H]1O,False,C14H17N5O5,335.123,24
CC(=O)N(C=O)c1ncnc2c1ncn2[C@@H]1O[C@H](CO)[C@@H](O)[C@H]1O,False,C13H15N5O6,337.1022,24
CC(=O)N(C(C)=O)c1nc(C)nc2c1ncn2[C@@H]1O[C@H](CO)[C@@H](O)[C@H]1O,False,C15H19N5O6,365.1335,26
CC(=O)N(C(C)=O)c1ncnc2c1nc(C)n2[C@@H]1O[C@H](CO)[C@@H](O)[C@H]1O,False,C15H19N5O6,365.1335,26
CC(=O)N(C(C)=O)c1ncnc2c1ncn2[C@@]1(C)O[C@H](CO)[C@@H](O)[C@H]1O,False,C15H19N5O6,365.1335,26
CC(=O)N(C(C)=O)c1ncnc2c1ncn2[C@@H]1O[C@H](CO)[C@@H](O)[C@]1(C)O,False,C15H19N5O6,365.1335,26
CC(=O)N(C(C)=O)c1ncnc2c1ncn2[C@@H]1O[C@H](CO)[C@](C)(O)[C@H]1O,False,C15H19N5O6,365.1335,26
CC(=O)N(C(C)=O)c1ncnc2c1ncn2[C@@H]1O[C@@](C)(CO)[C@@H](O)[C@H]1O,False,C15H19N5O6,365.1335,26
CC(=O)N(C(C)=O)c1ncnc2c1ncn2[C@@H]1O[C@H](C(C)O)[C@@H](O)[C@H]1O,False,C15H19N5O6,365.1335,26
CCC(=O)OC[C@H]1O[C@@H](n2cnc3c(NC=O)ncnc32)[C@H](O)[C@@H]1O,False,C14H17N5O6,351.1179,25
CC(=O)Nc1ncnc2c1ncn2[C@@H]1O[C@H](C(C)OC=O)[C@@H](O)[C@H]1O,False,C14H17N5O6,351.1179,25
CC(=O)Nc1ncnc2c1ncn2[C@@H]1O[C@@](C)(COC=O)[C@@H](O)[C@H]1O,False,C14H17N5O6,351.1179,25
CC(=O)Nc1ncnc2c1ncn2[C@@H]1O[C@H](COC=O)[C@](C)(O)[C@H]1O,False,C14H17N5O6,351.1179,25
CC(=O)Nc1ncnc2c1ncn2[C@@]1(C)O[C@H](COC=O)[C@@H](O)[C@H]1O,False,C14H17N5O6,351.1179,25
CC(=O)Nc1ncnc2c1ncn2[C@@H]1O[C@H](COC=O)[C@@H](O)[C@]1(C)O,False,C14H17N5O6,351.1179,25
CC(=O)Nc1ncnc2c1nc(C)n2[C@@H]1O[C@H](COC=O)[C@@H](O)[C@H]1O,False,C14H17N5O6,351.1179,25
CC(=O)Nc1nc(C)nc2c1ncn2[C@@H]1O[C@H](COC=O)[C@@H](O)[C@H]1O,False,C14H17N5O6,351.1179,25
CCC(=O)Nc1ncnc2c1ncn2[C@@H]1O[C@H](COC=O)[C@@H](O)[C@H]1O,False,C14H17N5O6,351.1179,25
CC(=O)Nc1ncnc2c1ncn2[C@@H]1O[C@@H]2COC(O)CO[C@H]2[C@H]1O,False,C14H17N5O6,351.1179,25
CC(O)Nc1ncnc2c1ncn2[C@@H]1O[C@@H]2COC(=O)CO[C@H]2[C@H]1O,False,C14H17N5O6,351.1179,25
CC(=O)Nc1ncnc2c1ncn2[C@@H]1O[C@@H]2COC(O)CO[C@@H]1[C@@H]2O,False,C14H17N5O6,351.1179,25
CC(O)Nc1ncnc2c1ncn2[C@@H]1O[C@@H]2COC(=O)CO[C@@H]1[C@@H]2O,False,C14H17N5O6,351.1179,25
CC(=O)Nc1ncnc2c1ncn2[C@@H]1O[C@@H]2C(OC(C)O)O[C@H]2[C@H]1O,False,C14H17N5O6,351.1179,25
CC(=O)Nc1ncnc2c1ncn2[C@@H]1O[C@@H]2C(OC(C)O)O[C@@H]1[C@@H]2O,False,C14H17N5O6,351.1179,25
CC(=O)Nc1ncnc2c1ncn2[C@@H]1O[C@]2(COC(C)O)O[C@H]2[C@H]1O,False,C14H17N5O6,351.1179,25
CC(=O)Nc1ncnc2c1ncn2[C@@H]1O[C@]2(COC(C)O)O[C@@H]1[C@@H]2O,False,C14H17N5O6,351.1179,25
CC(=O)Nc1ncnc2c1ncn2[C@@H]1O[C@H](COC(C)O)[C@@]2(O)O[C@@H]12,False,C14H17N5O6,351.1179,25
CC(=O)Nc1ncnc2c1ncn2[C@]12O[C@@H]([C@H]1O)[C@@H](COC(C)O)O2,False,C14H17N5O6,351.1179,25
CC(=O)Nc1ncnc2c1ncn2[C@]12O[C@@H]1[C@H](O)[C@@H](COC(C)O)O2,False,C14H17N5O6,351.1179,25
CC(=O)Nc1ncnc2c1ncn2[C@@H]1O[C@H](COC(C)O)[C@H]2O[C@]21O,False,C14H17N5O6,351.1179,25
CC(=O)Nc1ncnc2c1nc1n2[C@@H]2O[C@H](COC(C)O)[C@@H](O1)[C@H]2O,False,C14H17N5O6,351.1179,25
CC(=O)Nc1ncnc2c1nc1n2[C@@H]2O[C@H](COC(C)O)[C@@H](O)[C@H]2O1,False,C14H17N5O6,351.1179,25
CC(=O)Nc1nc2nc3c1ncn3[C@@H]1O[C@H](COC(C)O)[C@@H](O2)[C@H]1O,False,C14H17N5O6,351.1179,25
CC(=O)Nc1nc2nc3c1ncn3[C@@H]1O[C@H](COC(C)O)[C@@H](O)[C@H]1O2,False,C14H17N5O6,351.1179,25
CC(O)OC[C@H]1O[C@@H]2[C@H](O)[C@@H]1OCC(=O)Nc1ncnc3c1ncn32,False,C14H17N5O6,351.1179,25
CC(O)OC[C@H]1O[C@@H]2[C@H](OCC(=O)Nc3ncnc4c3ncn42)[C@@H]1O,False,C14H17N5O6,351.1179,25
CC(=O)Nc1ncnc2c1ncn2[C@@H]1O[C@H](COC(C)O)[C@@H](O)[C@H]1O,False,C14H19N5O6,353.1335,25
CCC(=O)OC[C@H]1O[C@@H](n2cnc3c(NC(C)=O)ncnc32)[C@H](O)[C@@H]1O,False,C15H19N5O6,365.1335,26
CC(=O)Nc1ncnc2c1ncn2[C@@H]1O[C@H](COC(C)(O)C#N)[C@@H](O)[C@H]1O,False,C15H18N6O6,378.1288,27
CC(=O)OC[C@H]1O[C@@H](n2cnc3c(NC(C)(O)C#N)ncnc32)[C@H](O)[C@@H]1O,False,C15H18N6O6,378.1288,27
CC(=O)Nc1ncnc2c1ncn2[C@@H]1O[C@H](COC(C)N)[C@@H](O)[C@H]1O,False,C14H20N6O5,352.1495,25
CC(=O)OC[C@H]1O[C@@H](n2cnc3c(NC(C)N)ncnc32)[C@H](O)[C@@H]1O,False,C14H20N6O5,352.1495,25
CC(=O)C[C@H]1O[C@@H](n2cnc3c(NC(C)=O)ncnc32)[C@H](O)[C@@H]1O,False,C14H17N5O5,335.123,24
CC(=O)OC[C@H]1O[C@@H](n2cnc3c(NC=O)ncnc32)[C@H](O)[C@@H]1O,False,C13H15N5O6,337.1022,24
CC(=O)Nc1ncnc2c1ncn2[C@@H]1O[C@H](C(C)OC(C)=O)[C@@H](O)[C@H]1O,False,C15H19N5O6,365.1335,26
CC(=O)Nc1ncnc2c1ncn2[C@@H]1O[C@@](C)(COC(C)=O)[C@@H](O)[C@H]1O,False,C15H19N5O6,365.1335,26
CC(=O)Nc1ncnc2c1ncn2[C@@H]1O[C@H](COC(C)=O)[C@](C)(O)[C@H]1O,False,C15H19N5O6,365.1335,26
CC(=O)Nc1ncnc2c1ncn2[C@@]1(C)O[C@H](COC(C)=O)[C@@H](O)[C@H]1O,False,C15H19N5O6,365.1335,26
CC(=O)Nc1ncnc2c1ncn2[C@@H]1O[C@H](COC(C)=O)[C@@H](O)[C@]1(C)O,False,C15H19N5O6,365.1335,26
CC(=O)Nc1ncnc2c1nc(C)n2[C@@H]1O[C@H](COC(C)=O)[C@@H](O)[C@H]1O,False,C15H19N5O6,365.1335,26
CC(=O)Nc1nc(C)nc2c1ncn2[C@@H]1O[C@H](COC(C)=O)[C@@H](O)[C@H]1O,False,C15H19N5O6,365.1335,26
CCC(=O)O[C@@H]1[C@H](O)[C@@H](CO)O[C@H]1n1cnc2c(NC=O)ncnc21,False,C14H17N5O6,351.1179,25
CC(=O)Nc1ncnc2c1ncn2[C@@H]1O[C@H](CO)[C@@H](O)[C@]1(C)OC=O,False,C14H17N5O6,351.1179,25
CC(=O)Nc1ncnc2c1ncn2[C@@]1(C)O[C@H](CO)[C@@H](O)[C@H]1OC=O,False,C14H17N5O6,351.1179,25
CC(=O)Nc1ncnc2c1ncn2[C@@H]1O[C@H](CO)[C@](C)(O)[C@H]1OC=O,False,C14H17N5O6,351.1179,25
CC(=O)Nc1ncnc2c1ncn2[C@@H]1O[C@@](C)(CO)[C@@H](O)[C@H]1OC=O,False,C14H17N5O6,351.1179,25
CC(=O)Nc1ncnc2c1nc(C)n2[C@@H]1O[C@H](CO)[C@@H](O)[C@H]1OC=O,False,C14H17N5O6,351.1179,25
CC(=O)Nc1ncnc2c1ncn2[C@@H]1O[C@H](C(C)O)[C@@H](O)[C@H]1OC=O,False,C14H17N5O6,351.1179,25
CC(=O)Nc1nc(C)nc2c1ncn2[C@@H]1O[C@H](CO)[C@@H](O)[C@H]1OC=O,False,C14H17N5O6,351.1179,25
CCC(=O)Nc1ncnc2c1ncn2[C@@H]1O[C@H](CO)[C@@H](O)[C@H]1OC=O,False,C14H17N5O6,351.1179,25
CC(=O)Nc1ncnc2c1ncn2[C@@H]1O[C@H](CO)[C@H]2OCC(O)O[C@H]21,False,C14H17N5O6,351.1179,25
CC(O)Nc1ncnc2c1ncn2[C@@H]1O[C@H](CO)[C@H]2OCC(=O)O[C@H]21,False,C14H17N5O6,351.1179,25
CC(=O)Nc1ncnc2c1ncn2[C@@H]1O[C@@H]2COCC(O)O[C@@H]1[C@@H]2O,False,C14H17N5O6,351.1179,25
CC(O)Nc1ncnc2c1ncn2[C@@H]1O[C@@H]2COCC(=O)O[C@@H]1[C@@H]2O,False,C14H17N5O6,351.1179,25
CC(=O)Nc1ncnc2c1ncn2[C@@H]1O[C@H](CO)[C@H]2O[C@]21OC(C)O,False,C14H17N5O6,351.1179,25
CC(=O)Nc1ncnc2c1ncn2[C@@H]1O[C@@H]2CO[C@]1(OC(C)O)[C@@H]2O,False,C14H17N5O6,351.1179,25
CC(=O)Nc1ncnc2c1ncn2[C@]12O[C@@H]([C@H]1OC(C)O)[C@@H](CO)O2,False,C14H17N5O6,351.1179,25
CC(=O)Nc1ncnc2c1ncn2[C@@]12OC[C@@H](O1)[C@@H](O)[C@H]2OC(C)O,False,C14H17N5O6,351.1179,25
CC(=O)Nc1ncnc2c1ncn2[C@@H]1O[C@@H]2CO[C@@]2(O)[C@H]1OC(C)O,False,C14H17N5O6,351.1179,25
CC(=O)Nc1ncnc2c1ncn2[C@@H]1O[C@]2(CO)O[C@H]2[C@H]1OC(C)O,False,C14H17N5O6,351.1179,25
CC(=O)Nc1ncnc2c1ncn2[C@@H]1O[C@@]2(CO2)[C@@H](O)[C@H]1OC(C)O,False,C14H17N5O6,351.1179,25
CC(=O)Nc1ncnc2c1nc1n2[C@@H]2O[C@H](CO)[C@@H](O1)[C@H]2OC(C)O,False,C14H17N5O6,351.1179,25
CC(=O)Nc1ncnc2c1nc1n2[C@@H]2O[C@H](CO1)[C@@H](O)[C@H]2OC(C)O,False,C14H17N5O6,351.1179,25
CC(=O)Nc1ncnc2c1ncn2[C@@H]1O[C@@H]2C(O)O[C@H]2[C@H]1OC(C)O,False,C14H17N5O6,351.1179,25
CC(=O)Nc1nc2nc3c1ncn3[C@@H]1O[C@H](CO)[C@@H](O2)[C@H]1OC(C)O,False,C14H17N5O6,351.1179,25
CC(=O)Nc1nc2nc3c1ncn3[C@@H]1O[C@H](CO2)[C@@H](O)[C@H]1OC(C)O,False,C14H17N5O6,351.1179,25
CC(O)O[C@@H]1[C@@H]2OCC(=O)Nc3ncnc4c3ncn4[C@@H]1O[C@@H]2CO,False,C14H17N5O6,351.1179,25
CC(O)O[C@@H]1[C@H](O)[C@H]2COCC(=O)Nc3ncnc4c3ncn4[C@@H]1O2,False,C14H17N5O6,351.1179,25
CC(=O)Nc1ncnc2c1ncn2[C@@H]1O[C@H](CO)[C@@H](O)[C@H]1OC(C)O,False,C14H19N5O6,353.1335,25
CCC(=O)O[C@@H]1[C@H](O)[C@@H](CO)O[C@H]1n1cnc2c(NC(C)=O)ncnc21,False,C15H19N5O6,365.1335,26
CC(=O)Nc1ncnc2c1ncn2[C@@H]1O[C@H](CO)[C@@H](O)[C@H]1OC(C)(O)C#N,False,C15H18N6O6,378.1288,27
CC(=O)O[C@@H]1[C@H](O)[C@@H](CO)O[C@H]1n1cnc2c(NC(C)(O)C#N)ncnc21,False,C15H18N6O6,378.1288,27
CC(=O)Nc1ncnc2c1ncn2[C@@H]1O[C@H](CO)[C@@H](O)[C@H]1OC(C)N,False,C14H20N6O5,352.1495,25
CC(=O)O[C@@H]1[C@H](O)[C@@H](CO)O[C@H]1n1cnc2c(NC(C)N)ncnc21,False,C14H20N6O5,352.1495,25
CC(=O)Nc1ncnc2c1ncn2[C@@H]1O[C@H](C)[C@@H](O)[C@H]1OC(C)=O,False,C14H17N5O5,335.123,24
CC(=O)Nc1ncnc2c1ncn2[C@@H]1O[C@H](CO)[C@@H](O)[C@H]1C(C)=O,False,C14H17N5O5,335.123,24
CC(=O)O[C@@H]1[C@H](O)[C@@H](CO)O[C@H]1n1cnc2c(NC=O)ncnc21,False,C13H15N5O6,337.1022,24
CC(=O)Nc1ncnc2c1ncn2[C@@H]1O[C@H](CO)[C@@H](O)[C@]1(C)OC(C)=O,False,C15H19N5O6,365.1335,26
CC(=O)Nc1ncnc2c1ncn2[C@@]1(C)O[C@H](CO)[C@@H](O)[C@H]1OC(C)=O,False,C15H19N5O6,365.1335,26
CC(=O)Nc1ncnc2c1ncn2[C@@H]1O[C@H](CO)[C@](C)(O)[C@H]1OC(C)=O,False,C15H19N5O6,365.1335,26
CC(=O)Nc1ncnc2c1ncn2[C@@H]1O[C@@](C)(CO)[C@@H](O)[C@H]1OC(C)=O,False,C15H19N5O6,365.1335,26
CC(=O)Nc1ncnc2c1nc(C)n2[C@@H]1O[C@H](CO)[C@@H](O)[C@H]1OC(C)=O,False,C15H19N5O6,365.1335,26
CC(=O)Nc1ncnc2c1ncn2[C@@H]1O[C@H](C(C)O)[C@@H](O)[C@H]1OC(C)=O,False,C15H19N5O6,365.1335,26
CC(=O)Nc1nc(C)nc2c1ncn2[C@@H]1O[C@H](CO)[C@@H](O)[C@H]1OC(C)=O,False,C15H19N5O6,365.1335,26
CCC(=O)O[C@H]1[C@@H](O)[C@H](n2cnc3c(NC=O)ncnc32)O[C@@H]1CO,False,C14H17N5O6,351.1179,25
CC(=O)Nc1ncnc2c1ncn2[C@@H]1O[C@H](CO)[C@](C)(OC=O)[C@H]1O,False,C14H17N5O6,351.1179,25
CC(=O)Nc1ncnc2c1ncn2[C@@H]1O[C@H](CO)[C@@H](OC=O)[C@]1(C)O,False,C14H17N5O6,351.1179,25
CC(=O)Nc1ncnc2c1ncn2[C@@H]1O[C@@](C)(CO)[C@@H](OC=O)[C@H]1O,False,C14H17N5O6,351.1179,25
CC(=O)Nc1ncnc2c1ncn2[C@@]1(C)O[C@H](CO)[C@@H](OC=O)[C@H]1O,False,C14H17N5O6,351.1179,25
CC(=O)Nc1ncnc2c1ncn2[C@@H]1O[C@H](C(C)O)[C@@H](OC=O)[C@H]1O,False,C14H17N5O6,351.1179,25
CC(=O)Nc1ncnc2c1nc(C)n2[C@@H]1O[C@H](CO)[C@@H](OC=O)[C@H]1O,False,C14H17N5O6,351.1179,25
CC(=O)Nc1nc(C)nc2c1ncn2[C@@H]1O[C@H](CO)[C@@H](OC=O)[C@H]1O,False,C14H17N5O6,351.1179,25
CCC(=O)Nc1ncnc2c1ncn2[C@@H]1O[C@H](CO)[C@@H](OC=O)[C@H]1O,False,C14H17N5O6,351.1179,25
CC(=O)Nc1ncnc2c1ncn2[C@@H]1O[C@H](CO)[C@H]2OC(O)CO[C@H]21,False,C14H17N5O6,351.1179,25
CC(O)Nc1ncnc2c1ncn2[C@@H]1O[C@H](CO)[C@H]2OC(=O)CO[C@H]21,False,C14H17N5O6,351.1179,25
CC(=O)Nc1ncnc2c1ncn2[C@@H]1O[C@@H]2COCC(O)O[C@H]2[C@H]1O,False,C14H17N5O6,351.1179,25
CC(O)Nc1ncnc2c1ncn2[C@@H]1O[C@@H]2COCC(=O)O[C@H]2[C@H]1O,False,C14H17N5O6,351.1179,25
CC(=O)Nc1ncnc2c1ncn2[C@@H]1O[C@H](CO)[C@@]2(OC(C)O)O[C@@H]12,False,C14H17N5O6,351.1179,25
CC(=O)Nc1ncnc2c1ncn2[C@@H]1O[C@@H]2CO[C@@]2(OC(C)O)[C@H]1O,False,C14H17N5O6,351.1179,25
CC(=O)Nc1ncnc2c1ncn2[C@@H]1O[C@@H]2CO[C@]1(O)[C@@H]2OC(C)O,False,C14H17N5O6,351.1179,25
CC(=O)Nc1ncnc2c1ncn2[C@@H]1O[C@]2(CO)O[C@@H]1[C@@H]2OC(C)O,False,C14H17N5O6,351.1179,25
CC(=O)Nc1ncnc2c1ncn2[C@@H]1O[C@@]2(CO2)[C@@H](OC(C)O)[C@H]1O,False,C14H17N5O6,351.1179,25
CC(=O)Nc1ncnc2c1ncn2[C@]12O[C@@H]1[C@H](OC(C)O)[C@@H](CO)O2,False,C14H17N5O6,351.1179,25
CC(=O)Nc1ncnc2c1ncn2[C@@]12OC[C@@H](O1)[C@@H](OC(C)O)[C@H]2O,False,C14H17N5O6,351.1179,25
CC(=O)Nc1ncnc2c1ncn2[C@@H]1O[C@@H]2C(O)O[C@@H]1[C@@H]2OC(C)O,False,C14H17N5O6,351.1179,25
CC(=O)Nc1ncnc2c1nc1n2[C@@H]2O[C@H](CO)[C@@H](OC(C)O)[C@H]2O1,False,C14H17N5O6,351.1179,25
CC(=O)Nc1ncnc2c1nc1n2[C@@H]2O[C@H](CO1)[C@@H](OC(C)O)[C@H]2O,False,C14H17N5O6,351.1179,25
CC(=O)Nc1nc2nc3c1ncn3[C@@H]1O[C@H](CO)[C@@H](OC(C)O)[C@H]1O2,False,C14H17N5O6,351.1179,25
CC(=O)Nc1nc2nc3c1ncn3[C@@H]1O[C@H](CO2)[C@@H](OC(C)O)[C@H]1O,False,C14H17N5O6,351.1179,25
CC(O)O[C@H]1[C@H]2OCC(=O)Nc3ncnc4c3ncn4[C@@H]2O[C@@H]1CO,False,C14H17N5O6,351.1179,25
CC(O)O[C@H]1[C@@H](O)[C@H]2O[C@@H]1COCC(=O)Nc1ncnc3c1ncn32,False,C14H17N5O6,351.1179,25
CC(=O)Nc1ncnc2c1ncn2[C@@H]1O[C@H](CO)[C@@H](OC(C)O)[C@H]1O,False,C14H19N5O6,353.1335,25
CCC(=O)O[C@H]1[C@@H](O)[C@H](n2cnc3c(NC(C)=O)ncnc32)O[C@@H]1CO,False,C15H19N5O6,365.1335,26
CC(=O)Nc1ncnc2c1ncn2[C@@H]1O[C@H](CO)[C@@H](OC(C)(O)C#N)[C@H]1O,False,C15H18N6O6,378.1288,27
CC(=O)O[C@H]1[C@@H](O)[C@H](n2cnc3c(NC(C)(O)C#N)ncnc32)O[C@@H]1CO,False,C15H18N6O6,378.1288,27
CC(=O)Nc1ncnc2c1ncn2[C@@H]1O[C@H](CO)[C@@H](OC(C)N)[C@H]1O,False,C14H20N6O5,352.1495,25
CC(=O)O[C@H]1[C@@H](O)[C@H](n2cnc3c(NC(C)N)ncnc32)O[C@@H]1CO,False,C14H20N6O5,352.1495,25
CC(=O)Nc1ncnc2c1ncn2[C@@H]1O[C@H](C)[C@@H](OC(C)=O)[C@H]1O,False,C14H17N5O5,335.123,24
CC(=O)Nc1ncnc2c1ncn2[C@@H]1O[C@H](CO)[C@@H](C(C)=O)[C@H]1O,False,C14H17N5O5,335.123,24
CC(=O)O[C@H]1[C@@H](O)[C@H](n2cnc3c(NC=O)ncnc32)O[C@@H]1CO,False,C13H15N5O6,337.1022,24
CC(=O)Nc1ncnc2c1ncn2[C@@H]1O[C@H](CO)[C@](C)(OC(C)=O)[C@H]1O,False,C15H19N5O6,365.1335,26
CC(=O)Nc1ncnc2c1ncn2[C@@H]1O[C@H](CO)[C@@H](OC(C)=O)[C@]1(C)O,False,C15H19N5O6,365.1335,26
CC(=O)Nc1ncnc2c1ncn2[C@@H]1O[C@@](C)(CO)[C@@H](OC(C)=O)[C@H]1O,False,C15H19N5O6,365.1335,26
CC(=O)Nc1ncnc2c1ncn2[C@@]1(C)O[C@H](CO)[C@@H](OC(C)=O)[C@H]1O,False,C15H19N5O6,365.1335,26
CC(=O)Nc1ncnc2c1ncn2[C@@H]1O[C@H](C(C)O)[C@@H](OC(C)=O)[C@H]1O,False,C15H19N5O6,365.1335,26
CC(=O)Nc1ncnc2c1nc(C)n2[C@@H]1O[C@H](CO)[C@@H](OC(C)=O)[C@H]1O,False,C15H19N5O6,365.1335,26
CC(=O)Nc1nc(C)nc2c1ncn2[C@@H]1O[C@H](CO)[C@@H](OC(C)=O)[C@H]1O,False,C15H19N5O6,365.1335,26
N#CCC(O)Nc1ncnc2c1ncn2[C@@H]1O[C@H](CO)[C@@H](O)[C@H]1O,False,C13H16N6O5,336.1182,24
CC(O)Nc1nc(C#N)nc2c1ncn2[C@@H]1O[C@H](CO)[C@@H](O)[C@H]1O,False,C13H16N6O5,336.1182,24
Cc1nc(NC(O)C#N)c2ncn([C@@H]3O[C@H](CO)[C@@H](O)[C@H]3O)c2n1,False,C13H16N6O5,336.1182,24
CC(O)Nc1ncnc2c1nc(C#N)n2[C@@H]1O[C@H](CO)[C@@H](O)[C@H]1O,False,C13H16N6O5,336.1182,24
Cc1nc2c(NC(O)C#N)ncnc2n1[C@@H]1O[C@H](CO)[C@@H](O)[C@H]1O,False,C13H16N6O5,336.1182,24
CC(O)Nc1ncnc2c1ncn2[C@@]1(C#N)O[C@H](CO)[C@@H](O)[C@H]1O,False,C13H16N6O5,336.1182,24
C[C@]1(n2cnc3c(NC(O)C#N)ncnc32)O[C@H](CO)[C@@H](O)[C@H]1O,False,C13H16N6O5,336.1182,24
CC(O)Nc1ncnc2c1ncn2[C@@H]1O[C@H](CO)[C@@H](O)[C@@]1(O)C#N,False,C13H16N6O5,336.1182,24
C[C@]1(O)[C@H](O)[C@@H](CO)O[C@H]1n1cnc2c(NC(O)C#N)ncnc21,False,C13H16N6O5,336.1182,24
CC(O)Nc1ncnc2c1ncn2[C@@H]1O[C@H](CO)[C@@](O)(C#N)[C@H]1O,False,C13H16N6O5,336.1182,24
C[C@]1(O)[C@@H](CO)O[C@@H](n2cnc3c(NC(O)C#N)ncnc32)[C@@H]1O,False,C13H16N6O5,336.1182,24
CC(O)Nc1ncnc2c1ncn2[C@@H]1O[C@@](C#N)(CO)[C@@H](O)[C@H]1O,False,C13H16N6O5,336.1182,24
C[C@@]1(CO)O[C@@H](n2cnc3c(NC(O)C#N)ncnc32)[C@H](O)[C@@H]1O,False,C13H16N6O5,336.1182,24
CC(O)Nc1ncnc2c1ncn2[C@@H]1O[C@H](C(O)C#N)[C@@H](O)[C@H]1O,False,C13H16N6O5,336.1182,24
CC(O)[C@H]1O[C@@H](n2cnc3c(NC(O)C#N)ncnc32)[C@H](O)[C@@H]1O,False,C13H16N6O5,336.1182,24
N#CC(=O)Nc1ncnc2c1ncn2[C@@H]1O[C@H](CO)[C@@H](O)[C@H]1O,False,C12H12N6O5,320.0869,23
CC(C#N)Nc1ncnc2c1ncn2[C@@H]1O[C@H](C=O)[C@@H](O)[C@H]1O,False,C13H14N6O4,318.1077,23
CC(=O)C#N,False,C3H3NO,69.0215,5
COC(C)(C#N)Nc1ncnc2c1ncn2[C@@H]1O[C@H](CO)[C@@H](O)[C@H]1O,False,C14H18N6O5,350.1339,25
CC(=O)OC(C)(C#N)Nc1ncnc2c1ncn2[C@@H]1O[C@H](CO)[C@@H](O)[C@H]1O,False,C15H18N6O6,378.1288,27
CC(Cl)(C#N)Nc1ncnc2c1ncn2[C@@H]1O[C@H](CO)[C@@H](O)[C@H]1O,False,C13H15ClN6O4,354.0843,24
CC(O)(C#N)N(C(N)=O)c1ncnc2c1ncn2[C@@H]1O[C@H](CO)[C@@H](O)[C@H]1O,False,C14H17N7O6,379.124,27
N#CC(O)(CO)Nc1ncnc2c1ncn2[C@@H]1O[C@H](CO)[C@@H](O)[C@H]1O,False,C13H16N6O6,352.1131,25
CC(O)(Nc1ncnc2c1ncn2[C@@H]1O[C@H](CO)[C@@H](O)[C@H]1O)C(N)=O,False,C13H18N6O6,354.1288,25
CC(O)(C=NO)Nc1ncnc2c1ncn2[C@@H]1O[C@H](CO)[C@@H](O)[C@H]1O,False,C13H18N6O6,354.1288,25
CC(C#N)Nc1ncnc2c1ncn2[C@@H]1O[C@H](CO)[C@@H](O)[C@H]1O,False,C13H16N6O4,320.1233,23
C[C@H]1O[C@@H](n2cnc3c(NC(C)(O)C#N)ncnc32)[C@H](O)[C@@H]1O,False,C13H16N6O4,320.1233,23
CC(O)(C#N)Nc1ncnc2c1ncn2[C@@H]1O[C@H](C(=O)O)[C@@H](O)[C@H]1O,False,C13H14N6O6,350.0975,25
N#CCC(O)(C#N)Nc1ncnc2c1ncn2[C@@H]1O[C@H](CO)[C@@H](O)[C@H]1O,False,C14H15N7O5,361.1135,26
N#CC(O)Nc1ncnc2c1ncn2[C@@H]1O[C@H](CO)[C@@H](O)[C@H]1O,False,C12H14N6O5,322.1026,23
CC(O)(C#N)Nc1nc(C#N)nc2c1ncn2[C@@H]1O[C@H](CO)[C@@H](O)[C@H]1O,False,C14H15N7O5,361.1135,26
Cc1nc(NC(C)(O)C#N)c2ncn([C@@H]3O[C@H](CO)[C@@H](O)[C@H]3O)c2n1,False,C14H18N6O5,350.1339,25
CC(O)(C#N)Nc1ncnc2c1nc(C#N)n2[C@@H]1O[C@H](CO)[C@@H](O)[C@H]1O,False,C14H15N7O5,361.1135,26
Cc1nc2c(NC(C)(O)C#N)ncnc2n1[C@@H]1O[C@H](CO)[C@@H](O)[C@H]1O,False,C14H18N6O5,350.1339,25
CC(O)(C#N)Nc1ncnc2c1ncn2[C@@]1(C#N)O[C@H](CO)[C@@H](O)[C@H]1O,False,C14H15N7O5,361.1135,26
CC(O)(C#N)Nc1ncnc2c1ncn2[C@@]1(C)O[C@H](CO)[C@@H](O)[C@H]1O,False,C14H18N6O5,350.1339,25
CC(O)(C#N)Nc1ncnc2c1ncn2[C@@H]1O[C@H](CO)[C@@H](O)[C@@]1(O)C#N,False,C14H15N7O5,361.1135,26
CC(O)(C#N)Nc1ncnc2c1ncn2[C@@H]1O[C@H](CO)[C@@H](O)[C@]1(C)O,False,C14H18N6O5,350.1339,25
CC(O)(C#N)Nc1ncnc2c1ncn2[C@@H]1O[C@H](CO)[C@@](O)(C#N)[C@H]1O,False,C14H15N7O5,361.1135,26
CC(O)(C#N)Nc1ncnc2c1ncn2[C@@H]1O[C@H](CO)[C@](C)(O)[C@H]1O,False,C14H18N6O5,350.1339,25
CC(O)(C#N)Nc1ncnc2c1ncn2[C@@H]1O[C@@](C#N)(CO)[C@@H](O)[C@H]1O,False,C14H15N7O5,361.1135,26
CC(O)(C#N)Nc1ncnc2c1ncn2[C@@H]1O[C@@](C)(CO)[C@@H](O)[C@H]1O,False,C14H18N6O5,350.1339,25
CC(O)(C#N)Nc1ncnc2c1ncn2[C@@H]1O[C@H](C(O)C#N)[C@@H](O)[C@H]1O,False,C14H15N7O5,361.1135,26
CC(O)[C@H]1O[C@@H](n2cnc3c(NC(C)(O)C#N)ncnc32)[C@H](O)[C@@H]1O,False,C14H18N6O5,350.1339,25
Cc1nc(NCN)c2ncn([C@@H]3O[C@H](CO)[C@@H](O)[C@H]3O)c2n1,False,C12H18N6O4,310.139,22
Cc1nc2c(NCN)ncnc2n1[C@@H]1O[C@H](CO)[C@@H](O)[C@H]1O,False,C12H18N6O4,310.139,22
C[C@]1(n2cnc3c(NCN)ncnc32)O[C@H](CO)[C@@H](O)[C@H]1O,False,C12H18N6O4,310.139,22
C[C@]1(O)[C@H](O)[C@@H](CO)O[C@H]1n1cnc2c(NCN)ncnc21,False,C12H18N6O4,310.139,22
C[C@]1(O)[C@@H](CO)O[C@@H](n2cnc3c(NCN)ncnc32)[C@@H]1O,False,C12H18N6O4,310.139,22
C[C@@]1(CO)O[C@@H](n2cnc3c(NCN)ncnc32)[C@H](O)[C@@H]1O,False,C12H18N6O4,310.139,22
CC(O)[C@H]1O[C@@H](n2cnc3c(NCN)ncnc32)[C@H](O)[C@@H]1O,False,C12H18N6O4,310.139,22
CNC(C)Nc1ncnc2c1ncn2[C@@H]1O[C@H](CO)[C@@H](O)[C@H]1O,False,C13H20N6O4,324.1546,23
CC(C)(N)Nc1ncnc2c1ncn2[C@@H]1O[C@H](CO)[C@@H](O)[C@H]1O,False,C13H20N6O4,324.1546,23
CC(=O)NC(C)Nc1ncnc2c1ncn2[C@@H]1O[C@H](CO)[C@@H](O)[C@H]1O,False,C14H20N6O5,352.1495,25
CC(N)(Nc1ncnc2c1ncn2[C@@H]1O[C@H](CO)[C@@H](O)[C@H]1O)C(=O)O,False,C13H18N6O6,354.1288,25
NC(CC(=O)O)Nc1ncnc2c1ncn2[C@@H]1O[C@H](CO)[C@@H](O)[C@H]1O,False,C13H18N6O6,354.1288,25
CC(NC(N)=O)Nc1ncnc2c1ncn2[C@@H]1O[C@H](CO)[C@@H](O)[C@H]1O,False,C13H19N7O5,353.1448,25
CC(N)N(C(N)=O)c1ncnc2c1ncn2[C@@H]1O[C@H](CO)[C@@H](O)[C@H]1O,False,C13H19N7O5,353.1448,25
CC(N)(O)Nc1ncnc2c1ncn2[C@@H]1O[C@H](CO)[C@@H](O)[C@H]1O,False,C12H18N6O5,326.1339,23
NC(CO)Nc1ncnc2c1ncn2[C@@H]1O[C@H](CO)[C@@H](O)[C@H]1O,False,C12H18N6O5,326.1339,23
CC(N)Nc1ncnc2c1ncn2[C@@H]1O[C@H](C)[C@@H](O)[C@H]1O,False,C12H18N6O3,294.144,21
CC(N)Nc1ncnc2c1ncn2[C@@H]1O[C@H](C(=O)O)[C@@H](O)[C@H]1O,False,C12H16N6O5,324.1182,23
NCNc1ncnc2c1ncn2[C@@H]1O[C@H](CO)[C@@H](O)[C@H]1O,False,C11H16N6O4,296.1233,21
Cc1nc(NC(C)N)c2ncn([C@@H]3O[C@H](CO)[C@@H](O)[C@H]3O)c2n1,False,C13H20N6O4,324.1546,23
Cc1nc2c(NC(C)N)ncnc2n1[C@@H]1O[C@H](CO)[C@@H](O)[C@H]1O,False,C13H20N6O4,324.1546,23
CC(N)Nc1ncnc2c1ncn2[C@@]1(C)O[C@H](CO)[C@@H](O)[C@H]1O,False,C13H20N6O4,324.1546,23
CC(N)Nc1ncnc2c1ncn2[C@@H]1O[C@H](CO)[C@@H](O)[C@]1(C)O,False,C13H20N6O4,324.1546,23
CC(N)Nc1ncnc2c1ncn2[C@@H]1O[C@H](CO)[C@](C)(O)[C@H]1O,False,C13H20N6O4,324.1546,23
CC(N)Nc1ncnc2c1ncn2[C@@H]1O[C@@](C)(CO)[C@@H](O)[C@H]1O,False,C13H20N6O4,324.1546,23
CC(N)Nc1ncnc2c1ncn2[C@@H]1O[C@H](C(C)O)[C@@H](O)[C@H]1O,False,C13H20N6O4,324.1546,23
Cc1nc(N(C=O)C(N)=O)c2ncn([C@@H]3O[C@H](CO)[C@@H](O)[C@H]3O)c2n1,False,C13H16N6O6,352.1131,25
Cc1nc2c(N(C=O)C(N)=O)ncnc2n1[C@@H]1O[C@H](CO)[C@@H](O)[C@H]1O,False,C13H16N6O6,352.1131,25
C[C@]1(n2cnc3c(N(C=O)C(N)=O)ncnc32)O[C@H](CO)[C@@H](O)[C@H]1O,False,C13H16N6O6,352.1131,25
C[C@]1(O)[C@H](O)[C@@H](CO)O[C@H]1n1cnc2c(N(C=O)C(N)=O)ncnc21,False,C13H16N6O6,352.1131,25
C[C@]1(O)[C@@H](CO)O[C@@H](n2cnc3c(N(C=O)C(N)=O)ncnc32)[C@@H]1O,False,C13H16N6O6,352.1131,25
C[C@@]1(CO)O[C@@H](n2cnc3c(N(C=O)C(N)=O)ncnc32)[C@H](O)[C@@H]1O,False,C13H16N6O6,352.1131,25
CC(O)[C@H]1O[C@@H](n2cnc3c(N(C=O)C(N)=O)ncnc32)[C@H](O)[C@@H]1O,False,C13H16N6O6,352.1131,25
CC1=NC(=O)N1c1ncnc2c1ncn2[C@@H]1O[C@H](CO)[C@@H](O)[C@H]1O,False,C13H14N6O5,334.1026,24
NC(O)N1C(=O)CO[C@@H]2[C@H](O)[C@@H](CO)O[C@H]2n2cnc3c1ncnc32,False,C13H16N6O6,352.1131,25
NC(=O)N1c2ncnc3c2ncn3[C@@H]2O[C@H](CO)[C@@H](O)[C@H]2OCC1O,False,C13H16N6O6,352.1131,25
NC(O)N1C(=O)CO[C@H]2[C@@H](O)[C@@H](O[C@@H]2CO)n2cnc3c1ncnc32,False,C13H16N6O6,352.1131,25
NC(=O)N1c2ncnc3c2ncn3[C@@H]2O[C@H](CO)[C@@H](OCC1O)[C@H]2O,False,C13H16N6O6,352.1131,25
NC(O)N1C(=O)COC[C@H]2O[C@H]([C@H](O)[C@@H]2O)n2cnc3c1ncnc32,False,C13H16N6O6,352.1131,25
NC(=O)N1c2ncnc3c2ncn3[C@@H]2O[C@H](COCC1O)[C@@H](O)[C@H]2O,False,C13H16N6O6,352.1131,25
CC(=O)N(c1nc2nc3c1ncn3[C@@H]1O[C@H](CO)[C@@H](O)[C@H]1O2)C(N)O,False,C13H16N6O6,352.1131,25
CC(=O)N(c1nc2nc3c1ncn3[C@@H]1O[C@H](CO)[C@@H](O2)[C@H]1O)C(N)O,False,C13H16N6O6,352.1131,25
CC(=O)N(c1nc2nc3c1ncn3[C@@H]1O[C@H](CO2)[C@@H](O)[C@H]1O)C(N)O,False,C13H16N6O6,352.1131,25
CC(=O)N(c1ncnc2c1nc1n2[C@@H]2O[C@H](CO)[C@@H](O)[C@H]2O1)C(N)O,False,C13H16N6O6,352.1131,25
CC(=O)N(c1ncnc2c1nc1n2[C@@H]2O[C@H](CO)[C@@H](O1)[C@H]2O)C(N)O,False,C13H16N6O6,352.1131,25
CC(=O)N(c1ncnc2c1nc1n2[C@@H]2O[C@H](CO1)[C@@H](O)[C@H]2O)C(N)O,False,C13H16N6O6,352.1131,25
CC(=O)N(c1ncnc2c1ncn2[C@]12O[C@@H]1[C@H](O)[C@@H](CO)O2)C(N)O,False,C13H16N6O6,352.1131,25
CC(=O)N(c1ncnc2c1ncn2[C@]12O[C@@H]([C@H]1O)[C@@H](CO)O2)C(N)O,False,C13H16N6O6,352.1131,25
CC(=O)N(c1ncnc2c1ncn2[C@@]12OC[C@@H](O1)[C@@H](O)[C@H]2O)C(N)O,False,C13H16N6O6,352.1131,25
CC(=O)N(c1ncnc2c1ncn2[C@@H]1O[C@H](CO)[C@H]2O[C@]21O)C(N)O,False,C13H16N6O6,352.1131,25
CC(=O)N(c1ncnc2c1ncn2[C@@H]1O[C@@H]2CO[C@]1(O)[C@@H]2O)C(N)O,False,C13H16N6O6,352.1131,25
CC(=O)N(c1ncnc2c1ncn2[C@@H]1O[C@H](CO)[C@@]2(O)O[C@@H]12)C(N)O,False,C13H16N6O6,352.1131,25
CC(=O)N(c1ncnc2c1ncn2[C@@H]1O[C@@H]2CO[C@@]2(O)[C@H]1O)C(N)O,False,C13H16N6O6,352.1131,25
CC(=O)N(c1ncnc2c1ncn2[C@@H]1O[C@]2(CO)O[C@@H]1[C@@H]2O)C(N)O,False,C13H16N6O6,352.1131,25
CC(=O)N(c1ncnc2c1ncn2[C@@H]1O[C@]2(CO)O[C@H]2[C@H]1O)C(N)O,False,C13H16N6O6,352.1131,25
CC(=O)N(c1ncnc2c1ncn2[C@@H]1O[C@@]2(CO2)[C@@H](O)[C@H]1O)C(N)O,False,C13H16N6O6,352.1131,25
CC(=O)N(c1ncnc2c1ncn2[C@@H]1O[C@@H]2C(O)O[C@@H]1[C@@H]2O)C(N)O,False,C13H16N6O6,352.1131,25
CC(=O)N(c1ncnc2c1ncn2[C@@H]1O[C@@H]2C(O)O[C@H]2[C@H]1O)C(N)O,False,C13H16N6O6,352.1131,25
CNC(=O)N(C(C)=O)c1ncnc2c1ncn2[C@@H]1O[C@H](CO)[C@@H](O)[C@H]1O,False,C14H18N6O6,366.1288,26
NC(=O)Nc1ncnc2c1ncn2[C@@H]1O[C@H](CO)[C@@H](O)[C@H]1O,False,C11H14N6O5,310.1026,22
NC(=O)OP(=O)(O)O,False,CH4NO5P,140.9827,8
NC(=O)O,False,CH3NO2,61.0164,4
CC(=O)N(C(N)=O)c1ncnc2c1ncn2[C@@H]1O[C@H](C)[C@@H](O)[C@H]1O,False,C13H16N6O5,336.1182,24
NC(=O)N(C=O)c1ncnc2c1ncn2[C@@H]1O[C@H](CO)[C@@H](O)[C@H]1O,False,C12H14N6O6,338.0975,24
CC(=O)N(C(N)=O)c1nc(C)nc2c1ncn2[C@@H]1O[C@H](CO)[C@@H](O)[C@H]1O,False,C14H18N6O6,366.1288,26
CC(=O)N(C(N)=O)c1ncnc2c1nc(C)n2[C@@H]1O[C@H](CO)[C@@H](O)[C@H]1O,False,C14H18N6O6,366.1288,26
CC(=O)N(C(N)=O)c1ncnc2c1ncn2[C@@]1(C)O[C@H](CO)[C@@H](O)[C@H]1O,False,C14H18N6O6,366.1288,26
CC(=O)N(C(N)=O)c1ncnc2c1ncn2[C@@H]1O[C@H](CO)[C@@H](O)[C@]1(C)O,False,C14H18N6O6,366.1288,26
CC(=O)N(C(N)=O)c1ncnc2c1ncn2[C@@H]1O[C@H](CO)[C@](C)(O)[C@H]1O,False,C14H18N6O6,366.1288,26
CC(=O)N(C(N)=O)c1ncnc2c1ncn2[C@@H]1O[C@@](C)(CO)[C@@H](O)[C@H]1O,False,C14H18N6O6,366.1288,26
CC(=O)N(C(N)=O)c1ncnc2c1ncn2[C@@H]1O[C@H](C(C)O)[C@@H](O)[C@H]1O,False,C14H18N6O6,366.1288,26
O=CNc1nc(CO)nc2c1ncn2[C@@H]1O[C@H](CO)[C@@H](O)[C@H]1O,False,C12H15N5O6,325.1022,23
O=CNc1ncnc2c1nc(CO)n2[C@@H]1O[C@H](CO)[C@@H](O)[C@H]1O,False,C12H15N5O6,325.1022,23
O=CNc1ncnc2c1ncn2[C@@H]1O[C@H](CO)[C@@H](O)[C@@]1(O)CO,False,C12H15N5O6,325.1022,23
O=CNc1ncnc2c1ncn2[C@@H]1O[C@H](CO)[C@@](O)(CO)[C@H]1O,False,C12H15N5O6,325.1022,23
O=CNc1ncnc2c1ncn2[C@@H]1OC(CO)(CO)[C@@H](O)[C@H]1O,False,C12H15N5O6,325.1022,23
OC[C@H]1O[C@@H]2[C@H](OC(O)C(O)Nc3ncnc4c3ncn42)[C@@H]1O,False,C12H15N5O6,325.1022,23
OC[C@H]1O[C@@H]2[C@H](O)[C@@H]1OC(O)C(O)Nc1ncnc3c1ncn32,False,C12H15N5O6,325.1022,23
OC1Nc2ncnc3c2ncn3[C@@H]2O[C@H](COC1O)[C@@H](O)[C@H]2O,False,C12H15N5O6,325.1022,23
OC[C@H]1O[C@@H](n2cnc3c4nc(nc32)OCC(O)N4)[C@H](O)[C@@H]1O,False,C12H15N5O6,325.1022,23
OC[C@H]1O[C@@H](n2c3nc4c(ncnc42)NC(O)CO3)[C@H](O)[C@@H]1O,False,C12H15N5O6,325.1022,23
OC[C@H]1O[C@@]2(OCC(O)Nc3ncnc4c3ncn42)[C@H](O)[C@@H]1O,False,C12H15N5O6,325.1022,23
OC[C@H]1O[C@H]2n3cnc4c(ncnc43)NC(O)CO[C@]2(O)[C@@H]1O,False,C12H15N5O6,325.1022,23
OC[C@H]1O[C@@H]2[C@H](O)[C@]1(O)OCC(O)Nc1ncnc3c1ncn32,False,C12H15N5O6,325.1022,23
OC[C@]12OCC(O)Nc3ncnc4c3ncn4[C@H](O1)[C@H](O)[C@@H]2O,False,C12H15N5O6,325.1022,23
OC1COC(O)[C@H]2O[C@H]([C@H](O)[C@@H]2O)n2cnc3c(ncnc32)N1,False,C12H15N5O6,325.1022,23
O=C(O)CNc1ncnc2c1ncn2[C@@H]1O[C@H](CO)[C@@H](O)[C@H]1O,False,C12H15N5O6,325.1022,23
O=CC(=O)Nc1ncnc2c1ncn2[C@@H]1O[C@H](CO)[C@@H](O)[C@H]1O,False,C12H13N5O6,323.0866,23
COCC(=O)Nc1ncnc2c1ncn2[C@@H]1O[C@H](CO)[C@@H](O)[C@H]1O,False,C13H17N5O6,339.1179,24
O=C(CCl)Nc1ncnc2c1ncn2[C@@H]1O[C@H](CO)[C@@H](O)[C@H]1O,False,C12H14ClN5O5,343.0683,23
O=C(CO)OP(=O)(O)O,False,C2H5O6P,155.9824,9
C[C@H]1O[C@@H](n2cnc3c(NC(=O)CO)ncnc32)[C@H](O)[C@@H]1O,False,C12H15N5O5,309.1073,22
OC[C@H]1O[C@@H]2[C@H](OCOC(O)Nc3ncnc4c3ncn42)[C@@H]1O,False,C12H15N5O6,325.1022,23
OC[C@H]1O[C@@H]2[C@H](O)[C@@H]1OCOC(O)Nc1ncnc3c1ncn32,False,C12H15N5O6,325.1022,23
OC1Nc2ncnc3c2ncn3[C@@H]2O[C@H](COCO1)[C@@H](O)[C@H]2O,False,C12H15N5O6,325.1022,23
COC(O)Nc1nc2nc3c1ncn3[C@@H]1O[C@H](CO)[C@@H](O)[C@H]1O2,False,C12H15N5O6,325.1022,23
COC(O)Nc1nc2nc3c1ncn3[C@@H]1O[C@H](CO)[C@@H](O2)[C@H]1O,False,C12H15N5O6,325.1022,23
COC(O)Nc1nc2nc3c1ncn3[C@@H]1O[C@H](CO2)[C@@H](O)[C@H]1O,False,C12H15N5O6,325.1022,23
COC(O)Nc1ncnc2c1nc1n2[C@@H]2O[C@H](CO)[C@@H](O)[C@H]2O1,False,C12H15N5O6,325.1022,23
COC(O)Nc1ncnc2c1nc1n2[C@@H]2O[C@H](CO)[C@@H](O1)[C@H]2O,False,C12H15N5O6,325.1022,23
COC(O)Nc1ncnc2c1nc1n2[C@@H]2O[C@H](CO1)[C@@H](O)[C@H]2O,False,C12H15N5O6,325.1022,23
COC(O)Nc1ncnc2c1ncn2[C@]12O[C@@H]1[C@H](O)[C@@H](CO)O2,False,C12H15N5O6,325.1022,23
COC(O)Nc1ncnc2c1ncn2[C@]12O[C@@H]([C@H]1O)[C@@H](CO)O2,False,C12H15N5O6,325.1022,23
COC(O)Nc1ncnc2c1ncn2[C@@]12OC[C@@H](O1)[C@@H](O)[C@H]2O,False,C12H15N5O6,325.1022,23
COC(O)Nc1ncnc2c1ncn2[C@@H]1O[C@H](CO)[C@H]2O[C@]21O,False,C12H15N5O6,325.1022,23
COC(O)Nc1ncnc2c1ncn2[C@@H]1O[C@@H]2CO[C@]1(O)[C@@H]2O,False,C12H15N5O6,325.1022,23
COC(O)Nc1ncnc2c1ncn2[C@@H]1O[C@H](CO)[C@@]2(O)O[C@@H]12,False,C12H15N5O6,325.1022,23
COC(O)Nc1ncnc2c1ncn2[C@@H]1O[C@@H]2CO[C@@]2(O)[C@H]1O,False,C12H15N5O6,325.1022,23
COC(O)Nc1ncnc2c1ncn2[C@@H]1O[C@]2(CO)O[C@@H]1[C@@H]2O,False,C12H15N5O6,325.1022,23
COC(O)Nc1ncnc2c1ncn2[C@@H]1O[C@]2(CO)O[C@H]2[C@H]1O,False,C12H15N5O6,325.1022,23
COC(O)Nc1ncnc2c1ncn2[C@@H]1O[C@@]2(CO2)[C@@H](O)[C@H]1O,False,C12H15N5O6,325.1022,23
COC(O)Nc1ncnc2c1ncn2[C@@H]1O[C@@H]2C(O)O[C@@H]1[C@@H]2O,False,C12H15N5O6,325.1022,23
COC(O)Nc1ncnc2c1ncn2[C@@H]1O[C@@H]2C(O)O[C@H]2[C@H]1O,False,C12H15N5O6,325.1022,23
COCNc1ncnc2c1ncn2[C@@H]1O[C@H](CO)[C@@H](O)[C@H]1O,False,C12H17N5O5,311.123,22
COC(=O)OP(=O)(O)O,False,C2H5O6P,155.9824,9
COC(=O)Nc1ncnc2c1ncn2[C@@H]1O[C@H](C)[C@@H](O)[C@H]1O,False,C12H15N5O5,309.1073,22
O=P1(O)OCC(O)O1,False,C2H5O5P,139.9875,8
CC(O)OP(=O)(O)O,False,C2H7O5P,142.0031,8
CCOP(=O)(O)O,False,C2H7O4P,126.0082,7
CC(O)(C#N)OP(=O)(O)O,False,C3H6NO5P,166.9984,10
CC(N)OP(=O)(O)O,False,C2H8NO4P,141.0191,8
O=P(O)(O)OC(O)CO,False,C2H7O6P,157.998,9
CC(=O)OP(=O)(O)OC(C)=O,False,C4H7O6P,181.998,11
OCNc1nc(CO)nc2c1ncn2[C@@H]1O[C@H](CO)[C@@H](O)[C@H]1O,False,C12H17N5O6,327.1179,23
OCNc1ncnc2c1nc(CO)n2[C@@H]1O[C@H](CO)[C@@H](O)[C@H]1O,False,C12H17N5O6,327.1179,23
OCNc1ncnc2c1ncn2[C@@H]1O[C@H](CO)[C@@H](O)[C@@]1(O)CO,False,C12H17N5O6,327.1179,23
OCNc1ncnc2c1ncn2[C@@H]1O[C@H](CO)[C@@](O)(CO)[C@H]1O,False,C12H17N5O6,327.1179,23
OCNc1ncnc2c1ncn2[C@@H]1OC(CO)(CO)[C@@H](O)[C@H]1O,False,C12H17N5O6,327.1179,23
O=CCNc1ncnc2c1ncn2[C@@H]1O[C@H](CO)[C@@H](O)[C@H]1O,False,C12H15N5O5,309.1073,22
O=C[C@H]1O[C@@H](n2cnc3c(NCCO)ncnc32)[C@H](O)[C@@H]1O,False,C12H15N5O5,309.1073,22
O=CCO,False,C2H4O2,60.0211,4
O=CC(O)Nc1ncnc2c1ncn2[C@@H]1O[C@H](CO)[C@@H](O)[C@H]1O,False,C12H15N5O6,325.1022,23
COCC(O)Nc1ncnc2c1ncn2[C@@H]1O[C@H](CO)[C@@H](O)[C@H]1O,False,C13H19N5O6,341.1335,24
COC(CO)Nc1ncnc2c1ncn2[C@@H]1O[C@H](CO)[C@@H](O)[C@H]1O,False,C13H19N5O6,341.1335,24
CC(O)(CO)Nc1ncnc2c1ncn2[C@@H]1O[C@H](CO)[C@@H](O)[C@H]1O,False,C13H19N5O6,341.1335,24
OC[C@H]1O[C@@H](n2cnc3c(NC(O)CCl)ncnc32)[C@H](O)[C@@H]1O,False,C12H16ClN5O5,345.084,23
OCC(Cl)Nc1ncnc2c1ncn2[C@@H]1O[C@H](CO)[C@@H](O)[C@H]1O,False,C12H16ClN5O5,345.084,23
OCCNc1ncnc2c1ncn2[C@@H]1O[C@H](CO)[C@@H](O)[C@H]1O,False,C12H17N5O5,311.123,22
C[C@H]1O[C@@H](n2cnc3c(NC(O)CO)ncnc32)[C@H](O)[C@@H]1O,False,C12H17N5O5,311.123,22
CC(O)Nc1ncnc2c1ncn2[C@@H]1O[C@@H]2CO[C@H]2[C@H]1O,False,C12H15N5O4,293.1124,21
CC(O)Nc1ncnc2c1ncn2[C@@H]1O[C@@H]2CO[C@@H]1[C@@H]2O,False,C12H15N5O4,293.1124,21
C[C@H]1O[C@@H](n2cnc3c(NC(=O)CC(=O)O)ncnc32)[C@H](O)[C@@H]1O,False,C13H15N5O6,337.1022,24
C[C@H]1O[C@@H](n2cnc3c(NC=O)ncnc32)[C@H](O)[C@@H]1O,False,C11H13N5O4,279.0968,20
CC[C@H]1O[C@@H](n2cnc3c(NC(C)=O)ncnc32)[C@H](O)[C@@H]1O,False,C13H17N5O4,307.1281,22
CC(=O)Nc1ncnc2c1ncn2[C@@H]1OC(C)(C)[C@@H](O)[C@H]1O,False,C13H17N5O4,307.1281,22
CC(=O)Nc1ncnc2c1ncn2[C@@H]1O[C@H](C)[C@](C)(O)[C@H]1O,False,C13H17N5O4,307.1281,22
CC(=O)Nc1ncnc2c1ncn2[C@@]1(C)O[C@H](C)[C@@H](O)[C@H]1O,False,C13H17N5O4,307.1281,22
CC(=O)Nc1ncnc2c1ncn2[C@@H]1O[C@H](C)[C@@H](O)[C@]1(C)O,False,C13H17N5O4,307.1281,22
CC(=O)Nc1ncnc2c1nc(C)n2[C@@H]1O[C@H](C)[C@@H](O)[C@H]1O,False,C13H17N5O4,307.1281,22
CC(=O)Nc1nc(C)nc2c1ncn2[C@@H]1O[C@H](C)[C@@H](O)[C@H]1O,False,C13H17N5O4,307.1281,22
CC(=O)Nc1ncnc2c1ncn2[C@@H]1OC[C@@H](O)[C@H]1O,False,C11H13N5O4,279.0968,20
CC(=O)Nc1ncnc2c1ncn2[C@@H]1O[C@]2(OC2O)[C@@H](O)[C@H]1O,False,C12H13N5O6,323.0866,23
CC(O)Nc1ncnc2c1ncn2[C@@H]1O[C@]2(OC2=O)[C@@H](O)[C@H]1O,False,C12H13N5O6,323.0866,23
CC(=O)Nc1ncnc2c1ncn2[C@@H]1O[C@]2(C(O)O)O[C@H]2[C@H]1O,False,C12H13N5O6,323.0866,23
CC(=O)Nc1ncnc2c1ncn2[C@@H]1O[C@]2(C(O)O)O[C@@H]1[C@@H]2O,False,C12H13N5O6,323.0866,23
CC(=O)Nc1ncnc2c1ncn2[C@@H]1O[C@@H]2C(O)O[C@@]2(O)[C@H]1O,False,C12H13N5O6,323.0866,23
CC(O)Nc1ncnc2c1ncn2[C@@H]1O[C@@H]2C(=O)O[C@@]2(O)[C@H]1O,False,C12H13N5O6,323.0866,23
CC(=O)Nc1ncnc2c1ncn2[C@@H]1O[C@H](C(O)O)[C@@]2(O)O[C@@H]12,False,C12H13N5O6,323.0866,23
CC(=O)Nc1ncnc2c1ncn2[C@@]12OC(O)[C@@H](O1)[C@@H](O)[C@H]2O,False,C12H13N5O6,323.0866,23
CC(O)Nc1ncnc2c1ncn2[C@@]12OC(=O)[C@@H](O1)[C@@H](O)[C@H]2O,False,C12H13N5O6,323.0866,23
CC(=O)Nc1ncnc2c1ncn2[C@@]12O[C@H]([C@@H](C(O)O)O1)[C@H]2O,False,C12H13N5O6,323.0866,23
CC(=O)Nc1ncnc2c1ncn2[C@@]12O[C@H](C(O)O)[C@@H](O)[C@H]1O2,False,C12H13N5O6,323.0866,23
CC(=O)Nc1ncnc2c1ncn2[C@@H]1O[C@@H]2C(O)O[C@]1(O)[C@@H]2O,False,C12H13N5O6,323.0866,23
CC(O)Nc1ncnc2c1ncn2[C@@H]1O[C@@H]2C(=O)O[C@]1(O)[C@@H]2O,False,C12H13N5O6,323.0866,23
CC(=O)Nc1ncnc2c1ncn2[C@@H]1O[C@H](C(O)O)[C@H]2O[C@]21O,False,C12H13N5O6,323.0866,23
CC(=O)Nc1ncnc2c1nc1n2[C@@H]2O[C@H](C(O)O1)[C@@H](O)[C@H]2O,False,C12H13N5O6,323.0866,23
CC(O)Nc1ncnc2c1nc1n2[C@@H]2O[C@H](C(=O)O1)[C@@H](O)[C@H]2O,False,C12H13N5O6,323.0866,23
CC(=O)Nc1ncnc2c1nc1n2[C@@H]2O[C@H](C(O)O)[C@@H](O1)[C@H]2O,False,C12H13N5O6,323.0866,23
CC(=O)Nc1ncnc2c1nc1n2[C@@H]2O[C@H](C(O)O)[C@@H](O)[C@H]2O1,False,C12H13N5O6,323.0866,23
CC(=O)Nc1nc2nc3c1ncn3[C@@H]1O[C@H](C(O)O2)[C@@H](O)[C@H]1O,False,C12H13N5O6,323.0866,23
CC(O)Nc1nc2nc3c1ncn3[C@@H]1O[C@H](C(=O)O2)[C@@H](O)[C@H]1O,False,C12H13N5O6,323.0866,23
CC(=O)Nc1nc2nc3c1ncn3[C@@H]1O[C@H](C(O)O)[C@@H](O2)[C@H]1O,False,C12H13N5O6,323.0866,23
CC(=O)Nc1nc2nc3c1ncn3[C@@H]1O[C@H](C(O)O)[C@@H](O)[C@H]1O2,False,C12H13N5O6,323.0866,23
O=C1COC(O)[C@H]2O[C@H]([C@H](O)[C@@H]2O)n2cnc3c(ncnc32)N1,False,C12H13N5O6,323.0866,23
O=C1OCC(O)Nc2ncnc3c2ncn3[C@@H]2O[C@H]1[C@@H](O)[C@H]2O,False,C12H13N5O6,323.0866,23
O=C1CO[C@H]2[C@@H](O)[C@@H](O[C@@H]2C(O)O)n2cnc3c(ncnc32)N1,False,C12H13N5O6,323.0866,23
O=C1CO[C@@H]2[C@H](O)[C@@H](C(O)O)O[C@H]2n2cnc3c(ncnc32)N1,False,C12H13N5O6,323.0866,23
C[C@H]1O[C@@H](n2cnc3c(NC(=O)C(=O)O)ncnc32)[C@H](O)[C@@H]1O,False,C12H13N5O6,323.0866,23
CC(=O)Nc1ncnc2c1ncn2[C@@H]1O[C@H](C(O)O)[C@@H](O)[C@H]1O,False,C12H15N5O6,325.1022,23
CC(=O)Nc1ncnc2c1ncn2[C@@H]1O[C@H](C(O)(O)C#N)[C@@H](O)[C@H]1O,False,C13H14N6O6,350.0975,25
CC(=O)Nc1ncnc2c1ncn2[C@@H]1O[C@H](C(N)=O)[C@@H](O)[C@H]1O,False,C12H14N6O5,322.1026,23
O=CNc1ncnc2c1ncn2[C@@H]1O[C@H](C(=O)O)[C@@H](O)[C@H]1O,False,C11H11N5O6,309.0709,22
CC(=O)Nc1ncnc2c1ncn2[C@@H]1O[C@@](C)(C(=O)O)[C@@H](O)[C@H]1O,False,C13H15N5O6,337.1022,24
CC(=O)Nc1ncnc2c1ncn2[C@@H]1O[C@H](C(=O)O)[C@](C)(O)[C@H]1O,False,C13H15N5O6,337.1022,24
CC(=O)Nc1ncnc2c1ncn2[C@@]1(C)O[C@H](C(=O)O)[C@@H](O)[C@H]1O,False,C13H15N5O6,337.1022,24
CC(=O)Nc1ncnc2c1ncn2[C@@H]1O[C@H](C(=O)O)[C@@H](O)[C@]1(C)O,False,C13H15N5O6,337.1022,24
CC(=O)Nc1ncnc2c1nc(C)n2[C@@H]1O[C@H](C(=O)O)[C@@H](O)[C@H]1O,False,C13H15N5O6,337.1022,24
CC(=O)Nc1nc(C)nc2c1ncn2[C@@H]1O[C@H](C(=O)O)[C@@H](O)[C@H]1O,False,C13H15N5O6,337.1022,24
O=CNc1ncnc2c1ncn2[C@@H]1O[C@H](CO)[C@@H](O)[C@H]1OC=O,False,C12H13N5O6,323.0866,23
O=CNc1ncnc2c1ncn2[C@@H]1O[C@H](CO)[C@@H](OC=O)[C@H]1O,False,C12H13N5O6,323.0866,23
Cc1nc(NC=O)c2nc(C)n([C@@H]3O[C@H](CO)[C@@H](O)[C@H]3O)c2n1,False,C13H17N5O5,323.123,23
Cc1nc(NC=O)c2ncn([C@@]3(C)O[C@H](CO)[C@@H](O)[C@H]3O)c2n1,False,C13H17N5O5,323.123,23
Cc1nc(NC=O)c2ncn([C@@H]3O[C@H](CO)[C@@H](O)[C@]3(C)O)c2n1,False,C13H17N5O5,323.123,23
Cc1nc(NC=O)c2ncn([C@@H]3O[C@H](CO)[C@](C)(O)[C@H]3O)c2n1,False,C13H17N5O5,323.123,23
Cc1nc(NC=O)c2ncn([C@@H]3O[C@@](C)(CO)[C@@H](O)[C@H]3O)c2n1,False,C13H17N5O5,323.123,23
CC(O)Nc1nc2nc3c1ncn3[C@@H]1O[C@H](CO)[C@@H](O)[C@H]1OC2,False,C13H17N5O5,323.123,23
CC(O)Nc1nc2nc3c1ncn3[C@@H]1O[C@H](CO)[C@@H](OC2)[C@H]1O,False,C13H17N5O5,323.123,23
CC(O)Nc1nc2nc3c1ncn3[C@@H]1O[C@H](COC2)[C@@H](O)[C@H]1O,False,C13H17N5O5,323.123,23
Cc1nc2c3ncn(c3n1)[C@@H]1O[C@H](CO)[C@@H](O)[C@H]1OCC(O)N2,False,C13H17N5O5,323.123,23
Cc1nc2c3ncn(c3n1)[C@@H]1O[C@H](CO)[C@@H](OCC(O)N2)[C@H]1O,False,C13H17N5O5,323.123,23
Cc1nc2c3ncn(c3n1)[C@@H]1O[C@H](COCC(O)N2)[C@@H](O)[C@H]1O,False,C13H17N5O5,323.123,23
Cc1nc(NC(=O)CO)c2ncn([C@@H]3O[C@H](CO)[C@@H](O)[C@H]3O)c2n1,False,C13H17N5O6,339.1179,24
COC(=O)Nc1nc(C)nc2c1ncn2[C@@H]1O[C@H](CO)[C@@H](O)[C@H]1O,False,C13H17N5O6,339.1179,24
Cc1nc(NC(O)CO)c2ncn([C@@H]3O[C@H](CO)[C@@H](O)[C@H]3O)c2n1,False,C13H19N5O6,341.1335,24
CCc1nc(NC(C)=O)c2ncn([C@@H]3O[C@H](CO)[C@@H](O)[C@H]3O)c2n1,False,C14H19N5O5,337.1386,24
CC(=O)Nc1nc(C)nc2c1nc(C)n2[C@@H]1O[C@H](CO)[C@@H](O)[C@H]1O,False,C14H19N5O5,337.1386,24
CC(=O)Nc1nc(C)nc2c1ncn2[C@@]1(C)O[C@H](CO)[C@@H](O)[C@H]1O,False,C14H19N5O5,337.1386,24
CC(=O)Nc1nc(C)nc2c1ncn2[C@@H]1O[C@H](CO)[C@@H](O)[C@]1(C)O,False,C14H19N5O5,337.1386,24
CC(=O)Nc1nc(C)nc2c1ncn2[C@@H]1O[C@H](CO)[C@](C)(O)[C@H]1O,False,C14H19N5O5,337.1386,24
CC(=O)Nc1nc(C)nc2c1ncn2[C@@H]1O[C@@](C)(CO)[C@@H](O)[C@H]1O,False,C14H19N5O5,337.1386,24
CC(=O)Nc1nc(C)nc2c1ncn2[C@@H]1O[C@H](C(C)O)[C@@H](O)[C@H]1O,False,C14H19N5O5,337.1386,24
Cc1nc2c(NC=O)ncnc2n1[C@@]1(C)O[C@H](CO)[C@@H](O)[C@H]1O,False,C13H17N5O5,323.123,23
Cc1nc2c(NC=O)ncnc2n1[C@@H]1O[C@H](CO)[C@@H](O)[C@]1(C)O,False,C13H17N5O5,323.123,23
Cc1nc2c(NC=O)ncnc2n1[C@@H]1O[C@H](CO)[C@](C)(O)[C@H]1O,False,C13H17N5O5,323.123,23
Cc1nc2c(NC=O)ncnc2n1[C@@H]1O[C@@](C)(CO)[C@@H](O)[C@H]1O,False,C13H17N5O5,323.123,23
CC(O)Nc1ncnc2c1nc1n2[C@@H]2O[C@H](CO)[C@@H](O)[C@H]2OC1,False,C13H17N5O5,323.123,23
CC(O)Nc1ncnc2c1nc1n2[C@@H]2O[C@H](CO)[C@@H](OC1)[C@H]2O,False,C13H17N5O5,323.123,23
CC(O)Nc1ncnc2c1nc1n2[C@@H]2O[C@H](COC1)[C@@H](O)[C@H]2O,False,C13H17N5O5,323.123,23
Cc1nc2c3ncnc2n1[C@@H]1O[C@H](CO)[C@@H](O)[C@H]1OCC(O)N3,False,C13H17N5O5,323.123,23
Cc1nc2c3ncnc2n1[C@@H]1O[C@H](CO)[C@@H](OCC(O)N3)[C@H]1O,False,C13H17N5O5,323.123,23
Cc1nc2c3ncnc2n1[C@@H]1O[C@H](COCC(O)N3)[C@@H](O)[C@H]1O,False,C13H17N5O5,323.123,23
Cc1nc2c(NC(=O)CO)ncnc2n1[C@@H]1O[C@H](CO)[C@@H](O)[C@H]1O,False,C13H17N5O6,339.1179,24
COC(=O)Nc1ncnc2c1nc(C)n2[C@@H]1O[C@H](CO)[C@@H](O)[C@H]1O,False,C13H17N5O6,339.1179,24
Cc1nc2c(NC(O)CO)ncnc2n1[C@@H]1O[C@H](CO)[C@@H](O)[C@H]1O,False,C13H19N5O6,341.1335,24
CCc1nc2c(NC(C)=O)ncnc2n1[C@@H]1O[C@H](CO)[C@@H](O)[C@H]1O,False,C14H19N5O5,337.1386,24
CC(=O)Nc1ncnc2c1nc(C)n2[C@@]1(C)O[C@H](CO)[C@@H](O)[C@H]1O,False,C14H19N5O5,337.1386,24
CC(=O)Nc1ncnc2c1nc(C)n2[C@@H]1O[C@H](CO)[C@@H](O)[C@]1(C)O,False,C14H19N5O5,337.1386,24
CC(=O)Nc1ncnc2c1nc(C)n2[C@@H]1O[C@H](CO)[C@](C)(O)[C@H]1O,False,C14H19N5O5,337.1386,24
CC(=O)Nc1ncnc2c1nc(C)n2[C@@H]1O[C@@](C)(CO)[C@@H](O)[C@H]1O,False,C14H19N5O5,337.1386,24
CC(=O)Nc1ncnc2c1nc(C)n2[C@@H]1O[C@H](C(C)O)[C@@H](O)[C@H]1O,False,C14H19N5O5,337.1386,24
C[C@]1(O)[C@H](O)[C@@H](CO)O[C@]1(C)n1cnc2c(NC=O)ncnc21,False,C13H17N5O5,323.123,23
C[C@@]1(O)[C@@H](O)[C@@](C)(n2cnc3c(NC=O)ncnc32)O[C@@H]1CO,False,C13H17N5O5,323.123,23
C[C@]1(n2cnc3c(NC=O)ncnc32)O[C@@](C)(CO)[C@@H](O)[C@H]1O,False,C13H17N5O5,323.123,23
CC(O)Nc1ncnc2c1ncn2[C@]12CO[C@@H]1[C@H](O)[C@@H](CO)O2,False,C13H17N5O5,323.123,23
CC(O)Nc1ncnc2c1ncn2[C@]12CO[C@@H]([C@H]1O)[C@@H](CO)O2,False,C13H17N5O5,323.123,23
CC(O)Nc1ncnc2c1ncn2[C@@]12COC[C@@H](O1)[C@@H](O)[C@H]2O,False,C13H17N5O5,323.123,23
C[C@]12O[C@H](CO)[C@@H](O)[C@H]1OCC(O)Nc1ncnc3c1ncn32,False,C13H17N5O5,323.123,23
C[C@@]12O[C@H](CO)[C@@H](OCC(O)Nc3ncnc4c3ncn41)[C@H]2O,False,C13H17N5O5,323.123,23
C[C@@]12O[C@H](COCC(O)Nc3ncnc4c3ncn41)[C@@H](O)[C@H]2O,False,C13H17N5O5,323.123,23
C[C@]1(n2cnc3c(NC(=O)CO)ncnc32)O[C@H](CO)[C@@H](O)[C@H]1O,False,C13H17N5O6,339.1179,24
COC(=O)Nc1ncnc2c1ncn2[C@@]1(C)O[C@H](CO)[C@@H](O)[C@H]1O,False,C13H17N5O6,339.1179,24
C[C@]1(n2cnc3c(NC(O)CO)ncnc32)O[C@H](CO)[C@@H](O)[C@H]1O,False,C13H19N5O6,341.1335,24
CC[C@]1(n2cnc3c(NC(C)=O)ncnc32)O[C@H](CO)[C@@H](O)[C@H]1O,False,C14H19N5O5,337.1386,24
CC(=O)Nc1ncnc2c1ncn2[C@@]1(C)O[C@H](CO)[C@@H](O)[C@]1(C)O,False,C14H19N5O5,337.1386,24
CC(=O)Nc1ncnc2c1ncn2[C@@]1(C)O[C@H](CO)[C@](C)(O)[C@H]1O,False,C14H19N5O5,337.1386,24
CC(=O)Nc1ncnc2c1ncn2[C@@]1(C)O[C@@](C)(CO)[C@@H](O)[C@H]1O,False,C14H19N5O5,337.1386,24
CC(=O)Nc1ncnc2c1ncn2[C@@]1(C)O[C@H](C(C)O)[C@@H](O)[C@H]1O,False,C14H19N5O5,337.1386,24
C[C@]1(O)[C@@H](CO)O[C@@H](n2cnc3c(NC=O)ncnc32)[C@@]1(C)O,False,C13H17N5O5,323.123,23
C[C@@]1(O)[C@H](n2cnc3c(NC=O)ncnc32)O[C@@](C)(CO)[C@H]1O,False,C13H17N5O5,323.123,23
CC(O)Nc1ncnc2c1ncn2[C@@H]1O[C@H](CO)[C@@H](O)[C@@]12CO2,False,C13H17N5O5,323.123,23
CC(O)Nc1ncnc2c1ncn2[C@@H]1O[C@H](CO)[C@H]2OC[C@]21O,False,C13H17N5O5,323.123,23
CC(O)Nc1ncnc2c1ncn2[C@@H]1O[C@@H]2COC[C@]1(O)[C@@H]2O,False,C13H17N5O5,323.123,23
C[C@@]12OCC(O)Nc3ncnc4c3ncn4[C@@H]1O[C@H](CO)[C@H]2O,False,C13H17N5O5,323.123,23
C[C@]1(O)[C@@H]2OCC(O)Nc3ncnc4c3ncn4[C@@H]1O[C@@H]2CO,False,C13H17N5O5,323.123,23
C[C@]1(O)[C@H](O)[C@H]2COCC(O)Nc3ncnc4c3ncn4[C@@H]1O2,False,C13H17N5O5,323.123,23
C[C@]1(O)[C@H](O)[C@@H](CO)O[C@H]1n1cnc2c(NC(=O)CO)ncnc21,False,C13H17N5O6,339.1179,24
COC(=O)Nc1ncnc2c1ncn2[C@@H]1O[C@H](CO)[C@@H](O)[C@]1(C)O,False,C13H17N5O6,339.1179,24
C[C@]1(O)[C@H](O)[C@@H](CO)O[C@H]1n1cnc2c(NC(O)CO)ncnc21,False,C13H19N5O6,341.1335,24
CC[C@]1(O)[C@H](O)[C@@H](CO)O[C@H]1n1cnc2c(NC(C)=O)ncnc21,False,C14H19N5O5,337.1386,24
CC(=O)Nc1ncnc2c1ncn2[C@@H]1O[C@H](CO)[C@](C)(O)[C@]1(C)O,False,C14H19N5O5,337.1386,24
CC(=O)Nc1ncnc2c1ncn2[C@@H]1O[C@@](C)(CO)[C@@H](O)[C@]1(C)O,False,C14H19N5O5,337.1386,24
CC(=O)Nc1ncnc2c1ncn2[C@@H]1O[C@H](C(C)O)[C@@H](O)[C@]1(C)O,False,C14H19N5O5,337.1386,24
C[C@@]1(CO)O[C@@H](n2cnc3c(NC=O)ncnc32)[C@H](O)[C@@]1(C)O,False,C13H17N5O5,323.123,23
CC(O)Nc1ncnc2c1ncn2[C@@H]1O[C@H](CO)[C@@]2(CO2)[C@H]1O,False,C13H17N5O5,323.123,23
CC(O)Nc1ncnc2c1ncn2[C@@H]1O[C@H](CO)[C@@]2(O)CO[C@@H]12,False,C13H17N5O5,323.123,23
CC(O)Nc1ncnc2c1ncn2[C@@H]1O[C@@H]2COC[C@@]2(O)[C@H]1O,False,C13H17N5O5,323.123,23
C[C@]12OCC(O)Nc3ncnc4c3ncn4[C@H](O[C@@H]1CO)[C@@H]2O,False,C13H17N5O5,323.123,23
C[C@]1(O)[C@@H](CO)O[C@@H]2[C@@H]1OCC(O)Nc1ncnc3c1ncn32,False,C13H17N5O5,323.123,23
C[C@]1(O)[C@H]2COCC(O)Nc3ncnc4c3ncn4[C@H](O2)[C@@H]1O,False,C13H17N5O5,323.123,23
C[C@]1(O)[C@@H](CO)O[C@@H](n2cnc3c(NC(=O)CO)ncnc32)[C@@H]1O,False,C13H17N5O6,339.1179,24
COC(=O)Nc1ncnc2c1ncn2[C@@H]1O[C@H](CO)[C@](C)(O)[C@H]1O,False,C13H17N5O6,339.1179,24
C[C@]1(O)[C@@H](CO)O[C@@H](n2cnc3c(NC(O)CO)ncnc32)[C@@H]1O,False,C13H19N5O6,341.1335,24
CC[C@]1(O)[C@@H](CO)O[C@@H](n2cnc3c(NC(C)=O)ncnc32)[C@@H]1O,False,C14H19N5O5,337.1386,24
CC(=O)Nc1ncnc2c1ncn2[C@@H]1O[C@@](C)(CO)[C@](C)(O)[C@H]1O,False,C14H19N5O5,337.1386,24
CC(=O)Nc1ncnc2c1ncn2[C@@H]1O[C@H](C(C)O)[C@](C)(O)[C@H]1O,False,C14H19N5O5,337.1386,24
CC(=O)Nc1ncnc2c1ncn2[C@@]1(CO)O[C@H](C)[C@@H](O)[C@H]1O,False,C13H17N5O5,323.123,23
CC(O)Nc1ncnc2c1ncn2[C@@H]1O[C@]2(CO)CO[C@H]2[C@H]1O,False,C13H17N5O5,323.123,23
CC(O)Nc1ncnc2c1ncn2[C@@H]1OC2(COC2)[C@@H](O)[C@H]1O,False,C13H17N5O5,323.123,23
CC(O)Nc1ncnc2c1ncn2[C@@H]1O[C@]2(CO)CO[C@@H]1[C@@H]2O,False,C13H17N5O5,323.123,23
C[C@@]1(CO)O[C@@H]2[C@H](O)[C@@H]1OCC(O)Nc1ncnc3c1ncn32,False,C13H17N5O5,323.123,23
C[C@@]12COCC(O)Nc3ncnc4c3ncn4[C@H](O1)[C@H](O)[C@@H]2O,False,C13H17N5O5,323.123,23
C[C@@]1(CO)O[C@@H]2[C@H](OCC(O)Nc3ncnc4c3ncn42)[C@@H]1O,False,C13H17N5O5,323.123,23
C[C@@]1(CO)O[C@@H](n2cnc3c(NC(=O)CO)ncnc32)[C@H](O)[C@@H]1O,False,C13H17N5O6,339.1179,24
COC(=O)Nc1ncnc2c1ncn2[C@@H]1O[C@@](C)(CO)[C@@H](O)[C@H]1O,False,C13H17N5O6,339.1179,24
C[C@@]1(CO)O[C@@H](n2cnc3c(NC(O)CO)ncnc32)[C@H](O)[C@@H]1O,False,C13H19N5O6,341.1335,24
CC[C@@]1(CO)O[C@@H](n2cnc3c(NC(C)=O)ncnc32)[C@H](O)[C@@H]1O,False,C14H19N5O5,337.1386,24
CC(=O)Nc1ncnc2c1ncn2[C@@H]1O[C@@](C)(C(C)O)[C@@H](O)[C@H]1O,False,C14H19N5O5,337.1386,24
CC(O)Nc1ncnc2c1ncn2[C@@H]1O[C@H](C2CO2)[C@@H](O)[C@H]1O,False,C13H17N5O5,323.123,23
CC(O)Nc1ncnc2c1ncn2[C@@H]1O[C@@H]2C(O)CO[C@H]2[C@H]1O,False,C13H17N5O5,323.123,23
CC(O)Nc1ncnc2c1ncn2[C@@H]1O[C@@H]2C(O)CO[C@@H]1[C@@H]2O,False,C13H17N5O5,323.123,23
CC1OCC(O)Nc2ncnc3c2ncn3[C@@H]2O[C@H]1[C@@H](O)[C@H]2O,False,C13H17N5O5,323.123,23
CC(O)[C@H]1O[C@@H]2[C@H](O)[C@@H]1OCC(O)Nc1ncnc3c1ncn32,False,C13H17N5O5,323.123,23
CC(O)[C@H]1O[C@@H]2[C@H](OCC(O)Nc3ncnc4c3ncn42)[C@@H]1O,False,C13H17N5O5,323.123,23
CC(=O)Nc1ncnc2c1ncn2[C@@H]1O[C@H](C(C)(C)O)[C@@H](O)[C@H]1O,False,C14H19N5O5,337.1386,24
CCC(O)[C@H]1O[C@@H](n2cnc3c(NC(C)=O)ncnc32)[C@H](O)[C@@H]1O,False,C14H19N5O5,337.1386,24
CC(=O)Nc1ncnc2c1ncn2[C@@H]1O[C@H](C(C)Cl)[C@@H](O)[C@H]1O,False,C13H16ClN5O4,341.0891,23
CC(=O)Nc1ncnc2c1ncn2[C@@H]1O[C@H](C(C)(O)O)[C@@H](O)[C@H]1O,False,C13H17N5O6,339.1179,24
CC(=O)Nc1ncnc2c1ncn2[C@@H]1O[C@H](C(O)CO)[C@@H](O)[C@H]1O,False,C13H17N5O6,339.1179,24
CC(O)[C@H]1O[C@@H](n2cnc3c(NC(=O)CO)ncnc32)[C@H](O)[C@@H]1O,False,C13H17N5O6,339.1179,24
COC(=O)Nc1ncnc2c1ncn2[C@@H]1O[C@H](C(C)O)[C@@H](O)[C@H]1O,False,C13H17N5O6,339.1179,24
CC(O)Nc1ncnc2c1ncn2[C@@H]1O[C@H](C(C)(O)O)[C@@H](O)[C@H]1O,False,C13H19N5O6,341.1335,24
CC(O)Nc1ncnc2c1ncn2[C@@H]1O[C@H](C(O)CO)[C@@H](O)[C@H]1O,False,C13H19N5O6,341.1335,24
CC(O)[C@H]1O[C@@H](n2cnc3c(NC(O)CO)ncnc32)[C@H](O)[C@@H]1O,False,C13H19N5O6,341.1335,24
CC(O)[C@H]1O[C@@H](n2cnc3c(NC(C)(C)O)ncnc32)[C@H](O)[C@@H]1O,False,C14H21N5O5,339.1543,24
CC1OC=Nc2ncnc3c2ncn3[C@@H]2O[C@H]1[C@@H](O)[C@H]2O,False,C12H13N5O4,291.0968,21
CC1(OCO)O[C@H]2[C@@H](O)[C@H](n3cnc4c(N)ncnc43)O[C@@H]21,False,C12H15N5O5,309.1073,22
CC1(OCO)O[C@@H]2[C@H](O)[C@@H]1O[C@H]2n1cnc2c(N)ncnc21,False,C12H15N5O5,309.1073,22
Nc1ncnc2c1ncn2[C@@H]1O[C@@H]2C(OCO)CO[C@H]2[C@H]1O,False,C12H15N5O5,309.1073,22
Nc1ncnc2c1ncn2[C@@H]1O[C@@H]2C(OCO)CO[C@@H]1[C@@H]2O,False,C12H15N5O5,309.1073,22
CC(OCO)[C@]12O[C@@H](n3cnc4c(N)ncnc43)[C@H](O)[C@@H]1O2,False,C12H15N5O5,309.1073,22
CC(OCO)[C@]12O[C@@H]([C@H](n3cnc4c(N)ncnc43)O1)[C@@H]2O,False,C12H15N5O5,309.1073,22
CC(OCO)[C@H]1O[C@@H](n2cnc3c(N)ncnc32)[C@@H]2O[C@]12O,False,C12H15N5O5,309.1073,22
CC(OCO)[C@H]1O[C@@H](n2cnc3c(N)ncnc32)[C@]2(O)O[C@H]12,False,C12H15N5O5,309.1073,22
CC(OCO)[C@H]1O[C@@]2(n3cnc4c(N)ncnc43)O[C@H]1[C@H]2O,False,C12H15N5O5,309.1073,22
CC(OCO)[C@H]1O[C@@]2(n3cnc4c(N)ncnc43)O[C@@H]2[C@@H]1O,False,C12H15N5O5,309.1073,22
CC(OCO)[C@H]1O[C@@H]2[C@H](O)[C@@H]1Oc1nc3c(N)ncnc3n12,False,C12H15N5O5,309.1073,22
CC(OCO)[C@H]1O[C@@H]2[C@H](Oc3nc4c(N)ncnc4n32)[C@@H]1O,False,C12H15N5O5,309.1073,22
CC(OCO)[C@H]1O[C@@H]2[C@H](O)[C@@H]1Oc1nc(N)c3ncn2c3n1,False,C12H15N5O5,309.1073,22
CC(OCO)[C@H]1O[C@@H]2[C@H](Oc3nc(N)c4ncn2c4n3)[C@@H]1O,False,C12H15N5O5,309.1073,22
COC(C)[C@H]1O[C@@H](n2cnc3c(N)ncnc32)[C@H](O)[C@@H]1O,False,C12H17N5O4,295.1281,21
CC(C)(OC=O)[C@H]1O[C@@H](n2cnc3c(N)ncnc32)[C@H](O)[C@@H]1O,False,C13H17N5O5,323.123,23
CCC(OC=O)[C@H]1O[C@@H](n2cnc3c(N)ncnc32)[C@H](O)[C@@H]1O,False,C13H17N5O5,323.123,23
CC(=O)O[C@H]1[C@@H](O)[C@H](n2cnc3c(N)ncnc32)O[C@@H]1C(C)OC=O,False,C14H17N5O6,351.1179,25
CC(=O)O[C@@H]1[C@H](O)[C@@H](C(C)OC=O)O[C@H]1n1cnc2c(N)ncnc21,False,C14H17N5O6,351.1179,25
CC(O)(OC=O)[C@H]1O[C@@H](n2cnc3c(N)ncnc32)[C@H](O)[C@@H]1O,False,C12H15N5O6,325.1022,23
Nc1ncnc2c1ncn2[C@@H]1O[C@H](C(CO)OC=O)[C@@H](O)[C@H]1O,False,C12H15N5O6,325.1022,23
CC(=O)[C@H]1O[C@@H](n2cnc3c(N)ncnc32)[C@H](O)[C@@H]1O,False,C11H13N5O4,279.0968,20
CC(O)(OCO)[C@H]1O[C@@H](n2cnc3c(N)ncnc32)[C@H](O)[C@@H]1O,False,C12H17N5O6,327.1179,23
Nc1ncnc2c1ncn2[C@@H]1O[C@H](C(CO)OCO)[C@@H](O)[C@H]1O,False,C12H17N5O6,327.1179,23
CC(OC=O)[C@H]1O[C@@H](n2cnc3c(N)ncnc32)[C@H](O)[C@@H]1OC=O,False,C13H15N5O6,337.1022,24
CC(OC=O)[C@H]1O[C@@H](n2cnc3c(N)ncnc32)[C@H](OC=O)[C@@H]1O,False,C13H15N5O6,337.1022,24
CC(OC=O)[C@H]1O[C@@H](n2cnc3c(NC=O)ncnc32)[C@H](O)[C@@H]1O,False,C13H15N5O6,337.1022,24
CC(OC=O)[C@]1(C)O[C@@H](n2cnc3c(N)ncnc32)[C@H](O)[C@@H]1O,False,C13H17N5O5,323.123,23
CC(OC=O)[C@H]1O[C@@H](n2cnc3c(N)ncnc32)[C@H](O)[C@@]1(C)O,False,C13H17N5O5,323.123,23
CC(OC=O)[C@H]1O[C@@H](n2cnc3c(N)ncnc32)[C@@](C)(O)[C@@H]1O,False,C13H17N5O5,323.123,23
CC(OC=O)[C@H]1O[C@](C)(n2cnc3c(N)ncnc32)[C@H](O)[C@@H]1O,False,C13H17N5O5,323.123,23
Cc1nc2c(N)ncnc2n1[C@@H]1O[C@H](C(C)OC=O)[C@@H](O)[C@H]1O,False,C13H17N5O5,323.123,23
Cc1nc(N)c2ncn([C@@H]3O[C@H](C(C)OC=O)[C@@H](O)[C@H]3O)c2n1,False,C13H17N5O5,323.123,23
C[C@H]1O[C@](COC=O)(n2cnc3c(N)ncnc32)[C@H](O)[C@@H]1O,False,C12H15N5O5,309.1073,22
C[C@@]12COC=Nc3ncnc4c3ncn4[C@H](O1)[C@H](O)[C@@H]2O,False,C12H13N5O4,291.0968,21
Nc1ncnc2c1ncn2[C@@H]1O[C@]2(COCO)CO[C@H]2[C@H]1O,False,C12H15N5O5,309.1073,22
Nc1ncnc2c1ncn2[C@@H]1O[C@]2(COCO)CO[C@@H]1[C@@H]2O,False,C12H15N5O5,309.1073,22
C[C@@]12O[C@@H](n3cnc4c(N)ncnc43)[C@H](O)[C@@H]1OC2OCO,False,C12H15N5O5,309.1073,22
C[C@]12O[C@@H](n3cnc4c(N)ncnc43)[C@H](OC1OCO)[C@@H]2O,False,C12H15N5O5,309.1073,22
C[C@@]1(COCO)O[C@@H](n2cnc3c(N)ncnc32)[C@@H]2O[C@@]21O,False,C12H15N5O5,309.1073,22
C[C@@]1(COCO)O[C@@H](n2cnc3c(N)ncnc32)[C@]2(O)O[C@@H]21,False,C12H15N5O5,309.1073,22
C[C@@]1(COCO)O[C@@]2(n3cnc4c(N)ncnc43)O[C@H]1[C@H]2O,False,C12H15N5O5,309.1073,22
C[C@@]1(COCO)O[C@@]2(n3cnc4c(N)ncnc43)O[C@@H]2[C@@H]1O,False,C12H15N5O5,309.1073,22
C[C@@]1(COCO)O[C@@H]2[C@H](O)[C@@H]1Oc1nc3c(N)ncnc3n12,False,C12H15N5O5,309.1073,22
C[C@@]1(COCO)O[C@@H]2[C@H](Oc3nc4c(N)ncnc4n32)[C@@H]1O,False,C12H15N5O5,309.1073,22
C[C@@]1(COCO)O[C@@H]2[C@H](O)[C@@H]1Oc1nc(N)c3ncn2c3n1,False,C12H15N5O5,309.1073,22
C[C@@]1(COCO)O[C@@H]2[C@H](Oc3nc(N)c4ncn2c4n3)[C@@H]1O,False,C12H15N5O5,309.1073,22
COC[C@]1(C)O[C@@H](n2cnc3c(N)ncnc32)[C@H](O)[C@@H]1O,False,C12H17N5O4,295.1281,21
CC(=O)O[C@H]1[C@@H](O)[C@H](n2cnc3c(N)ncnc32)O[C@@]1(C)COC=O,False,C14H17N5O6,351.1179,25
CC(=O)O[C@H]1[C@H](n2cnc3c(N)ncnc32)O[C@@](C)(COC=O)[C@H]1O,False,C14H17N5O6,351.1179,25
C[C@@]1(C=O)O[C@@H](n2cnc3c(N)ncnc32)[C@H](O)[C@@H]1O,False,C11H13N5O4,279.0968,20
C[C@@]1(C(=O)OC=O)O[C@@H](n2cnc3c(N)ncnc32)[C@H](O)[C@@H]1O,False,C12H13N5O6,323.0866,23
C[C@@]1(COC=O)O[C@@H](n2cnc3c(N)ncnc32)[C@H](O)[C@@H]1OC=O,False,C13H15N5O6,337.1022,24
C[C@@]1(COC=O)O[C@@H](n2cnc3c(N)ncnc32)[C@H](OC=O)[C@@H]1O,False,C13H15N5O6,337.1022,24
C[C@]1(O)[C@H]2COC=Nc3ncnc4c3ncn4[C@H](O2)[C@@H]1O,False,C12H13N5O4,291.0968,21
Nc1ncnc2c1ncn2[C@@H]1O[C@H](COCO)[C@@]2(CO2)[C@H]1O,False,C12H15N5O5,309.1073,22
Nc1ncnc2c1ncn2[C@@H]1O[C@H](COCO)[C@@]2(O)CO[C@@H]12,False,C12H15N5O5,309.1073,22
C[C@]12O[C@@]1(COCO)O[C@@H](n1cnc3c(N)ncnc31)[C@@H]2O,False,C12H15N5O5,309.1073,22
C[C@@]1(O)[C@H]2O[C@@]1(COCO)O[C@H]2n1cnc2c(N)ncnc21,False,C12H15N5O5,309.1073,22
C[C@@]12O[C@@]1(O)[C@H](n1cnc3c(N)ncnc31)O[C@@H]2COCO,False,C12H15N5O5,309.1073,22
C[C@]12OC(OCO)[C@H]1O[C@@H](n1cnc3c(N)ncnc31)[C@@H]2O,False,C12H15N5O5,309.1073,22
C[C@]1(O)[C@@H]2O[C@@H](n3cnc4c(N)ncnc43)[C@@H]1OC2OCO,False,C12H15N5O5,309.1073,22
C[C@]12O[C@](n3cnc4c(N)ncnc43)(O[C@@H]1COCO)[C@@H]2O,False,C12H15N5O5,309.1073,22
C[C@@]1(O)[C@H]2O[C@]2(n2cnc3c(N)ncnc32)O[C@@H]1COCO,False,C12H15N5O5,309.1073,22
C[C@]12Oc3nc4c(N)ncnc4n3[C@H](O[C@@H]1COCO)[C@@H]2O,False,C12H15N5O5,309.1073,22
C[C@]1(O)[C@@H](COCO)O[C@@H]2[C@@H]1Oc1nc3c(N)ncnc3n12,False,C12H15N5O5,309.1073,22
C[C@]12Oc3nc(N)c4ncn(c4n3)[C@H](O[C@@H]1COCO)[C@@H]2O,False,C12H15N5O5,309.1073,22
C[C@]1(O)[C@@H](COCO)O[C@@H]2[C@@H]1Oc1nc(N)c3ncn2c3n1,False,C12H15N5O5,309.1073,22
COC[C@H]1O[C@@H](n2cnc3c(N)ncnc32)[C@H](O)[C@@]1(C)O,False,C12H17N5O4,295.1281,21
CC(=O)O[C@@]1(C)[C@@H](COC=O)O[C@@H](n2cnc3c(N)ncnc32)[C@@H]1O,False,C14H17N5O6,351.1179,25
CC(=O)O[C@H]1[C@H](n2cnc3c(N)ncnc32)O[C@H](COC=O)[C@]1(C)O,False,C14H17N5O6,351.1179,25
C[C@]1(O)[C@@H](C=O)O[C@@H](n2cnc3c(N)ncnc32)[C@@H]1O,False,C11H13N5O4,279.0968,20
C[C@]1(O)[C@@H](C(=O)OC=O)O[C@@H](n2cnc3c(N)ncnc32)[C@@H]1O,False,C12H13N5O6,323.0866,23
C[C@]1(OC=O)[C@@H](COC=O)O[C@@H](n2cnc3c(N)ncnc32)[C@@H]1O,False,C13H15N5O6,337.1022,24
C[C@]1(O)[C@@H](COC=O)O[C@@H](n2cnc3c(N)ncnc32)[C@@H]1OC=O,False,C13H15N5O6,337.1022,24
C[C@]1(O)[C@H](O)[C@H]2COC=Nc3ncnc4c3ncn4[C@@H]1O2,False,C12H13N5O4,291.0968,21
Nc1ncnc2c1ncn2[C@@H]1O[C@H](COCO)[C@@H](O)[C@@]12CO2,False,C12H15N5O5,309.1073,22
Nc1ncnc2c1ncn2[C@@H]1O[C@H](COCO)[C@H]2OC[C@]21O,False,C12H15N5O5,309.1073,22
C[C@]12O[C@]1(O)[C@@H](COCO)O[C@H]2n1cnc2c(N)ncnc21,False,C12H15N5O5,309.1073,22
C[C@@]12O[C@]1(n1cnc3c(N)ncnc31)O[C@H](COCO)[C@H]2O,False,C12H15N5O5,309.1073,22
C[C@]1(O)[C@@H]2O[C@]1(n1cnc3c(N)ncnc31)O[C@@H]2COCO,False,C12H15N5O5,309.1073,22
C[C@@]12O[C@@](COCO)(O[C@H]1n1cnc3c(N)ncnc31)[C@H]2O,False,C12H15N5O5,309.1073,22
C[C@]1(O)[C@@H]2O[C@@]2(COCO)O[C@H]1n1cnc2c(N)ncnc21,False,C12H15N5O5,309.1073,22
C[C@@]12OC(OCO)[C@@H](O[C@H]1n1cnc3c(N)ncnc31)[C@H]2O,False,C12H15N5O5,309.1073,22
C[C@]1(O)[C@@H]2OC(OCO)[C@H]2O[C@H]1n1cnc2c(N)ncnc21,False,C12H15N5O5,309.1073,22
C[C@@]12Oc3nc4c(N)ncnc4n3[C@@H]1O[C@H](COCO)[C@H]2O,False,C12H15N5O5,309.1073,22
C[C@]1(O)[C@@H]2Oc3nc4c(N)ncnc4n3[C@@H]1O[C@@H]2COCO,False,C12H15N5O5,309.1073,22
C[C@@]12Oc3nc(N)c4ncn(c4n3)[C@@H]1O[C@H](COCO)[C@H]2O,False,C12H15N5O5,309.1073,22
C[C@]1(O)[C@@H]2Oc3nc(N)c4ncn(c4n3)[C@@H]1O[C@@H]2COCO,False,C12H15N5O5,309.1073,22
COC[C@H]1O[C@@H](n2cnc3c(N)ncnc32)[C@@](C)(O)[C@@H]1O,False,C12H17N5O4,295.1281,21
CC(=O)O[C@@]1(C)[C@H](O)[C@@H](COC=O)O[C@H]1n1cnc2c(N)ncnc21,False,C14H17N5O6,351.1179,25
CC(=O)O[C@@H]1[C@@H](COC=O)O[C@@H](n2cnc3c(N)ncnc32)[C@@]1(C)O,False,C14H17N5O6,351.1179,25
C[C@]1(O)[C@H](O)[C@@H](C=O)O[C@H]1n1cnc2c(N)ncnc21,False,C11H13N5O4,279.0968,20
C[C@]1(O)[C@H](O)[C@@H](C(=O)OC=O)O[C@H]1n1cnc2c(N)ncnc21,False,C12H13N5O6,323.0866,23
C[C@]1(OC=O)[C@H](O)[C@@H](COC=O)O[C@H]1n1cnc2c(N)ncnc21,False,C13H15N5O6,337.1022,24
C[C@]1(O)[C@H](OC=O)[C@@H](COC=O)O[C@H]1n1cnc2c(N)ncnc21,False,C13H15N5O6,337.1022,24
C[C@@]12O[C@H](COC=Nc3ncnc4c3ncn41)[C@@H](O)[C@H]2O,False,C12H13N5O4,291.0968,21
Nc1ncnc2c1ncn2[C@]12CO[C@@H]1[C@H](O)[C@@H](COCO)O2,False,C12H15N5O5,309.1073,22
Nc1ncnc2c1ncn2[C@]12CO[C@@H]([C@H]1O)[C@@H](COCO)O2,False,C12H15N5O5,309.1073,22
C[C@]1(n2cnc3c(N)ncnc32)O[C@H](COCO)[C@H]2O[C@]21O,False,C12H15N5O5,309.1073,22
C[C@]1(n2cnc3c(N)ncnc32)O[C@]2(COCO)O[C@@H]1[C@@H]2O,False,C12H15N5O5,309.1073,22
C[C@]1(n2cnc3c(N)ncnc32)O[C@]2(COCO)O[C@H]2[C@H]1O,False,C12H15N5O5,309.1073,22
C[C@]1(n2cnc3c(N)ncnc32)O[C@H](COCO)[C@@]2(O)O[C@H]21,False,C12H15N5O5,309.1073,22
C[C@]12O[C@H](COCO)[C@@H](O)[C@H]1Oc1nc3c(N)ncnc3n12,False,C12H15N5O5,309.1073,22
C[C@@]12O[C@H](COCO)[C@@H](Oc3nc4c(N)ncnc4n31)[C@H]2O,False,C12H15N5O5,309.1073,22
C[C@]1(n2cnc3c(N)ncnc32)O[C@@H]2C(OCO)O[C@@H]1[C@@H]2O,False,C12H15N5O5,309.1073,22
C[C@]1(n2cnc3c(N)ncnc32)O[C@@H]2C(OCO)O[C@H]2[C@H]1O,False,C12H15N5O5,309.1073,22
C[C@]12O[C@H](COCO)[C@@H](O)[C@H]1Oc1nc(N)c3ncn2c3n1,False,C12H15N5O5,309.1073,22
C[C@@]12O[C@H](COCO)[C@@H](Oc3nc(N)c4ncn1c4n3)[C@H]2O,False,C12H15N5O5,309.1073,22
COC[C@H]1O[C@](C)(n2cnc3c(N)ncnc32)[C@H](O)[C@@H]1O,False,C12H17N5O4,295.1281,21
CC(=O)O[C@@H]1[C@H](O)[C@@H](COC=O)O[C@]1(C)n1cnc2c(N)ncnc21,False,C14H17N5O6,351.1179,25
CC(=O)O[C@H]1[C@@H](O)[C@@](C)(n2cnc3c(N)ncnc32)O[C@@H]1COC=O,False,C14H17N5O6,351.1179,25
C[C@]1(n2cnc3c(N)ncnc32)O[C@H](C=O)[C@@H](O)[C@H]1O,False,C11H13N5O4,279.0968,20
C[C@]1(n2cnc3c(N)ncnc32)O[C@H](C(=O)OC=O)[C@@H](O)[C@H]1O,False,C12H13N5O6,323.0866,23
C[C@]1(n2cnc3c(N)ncnc32)O[C@H](COC=O)[C@@H](O)[C@H]1OC=O,False,C13H15N5O6,337.1022,24
C[C@]1(n2cnc3c(N)ncnc32)O[C@H](COC=O)[C@@H](OC=O)[C@H]1O,False,C13H15N5O6,337.1022,24
Cc1nc2c3ncnc2n1[C@@H]1O[C@H](COC=N3)[C@@H](O)[C@H]1O,False,C12H13N5O4,291.0968,21
Nc1ncnc2c1nc1n2[C@@H]2O[C@H](COCO)[C@@H](O)[C@H]2OC1,False,C12H15N5O5,309.1073,22
Nc1ncnc2c1nc1n2[C@@H]2O[C@H](COCO)[C@@H](OC1)[C@H]2O,False,C12H15N5O5,309.1073,22
Cc1nc2c(N)ncnc2n1[C@]12O[C@@H]1[C@H](O)[C@@H](COCO)O2,False,C12H15N5O5,309.1073,22
Cc1nc2c(N)ncnc2n1[C@]12O[C@@H]([C@H]1O)[C@@H](COCO)O2,False,C12H15N5O5,309.1073,22
Cc1nc2c(N)ncnc2n1[C@@H]1O[C@H](COCO)[C@H]2O[C@]21O,False,C12H15N5O5,309.1073,22
Cc1nc2c(N)ncnc2n1[C@@H]1O[C@]2(COCO)O[C@@H]1[C@@H]2O,False,C12H15N5O5,309.1073,22
Cc1nc2c(N)ncnc2n1[C@@H]1O[C@]2(COCO)O[C@H]2[C@H]1O,False,C12H15N5O5,309.1073,22
Cc1nc2c(N)ncnc2n1[C@@H]1O[C@H](COCO)[C@@]2(O)O[C@@H]12,False,C12H15N5O5,309.1073,22
Cc1nc2c(N)nc3nc2n1[C@@H]1O[C@H](COCO)[C@@H](O)[C@H]1O3,False,C12H15N5O5,309.1073,22
Cc1nc2c(N)nc3nc2n1[C@@H]1O[C@H](COCO)[C@@H](O3)[C@H]1O,False,C12H15N5O5,309.1073,22
Cc1nc2c(N)ncnc2n1[C@@H]1O[C@@H]2C(OCO)O[C@@H]1[C@@H]2O,False,C12H15N5O5,309.1073,22
Cc1nc2c(N)ncnc2n1[C@@H]1O[C@@H]2C(OCO)O[C@H]2[C@H]1O,False,C12H15N5O5,309.1073,22
COC[C@H]1O[C@@H](n2c(C)nc3c(N)ncnc32)[C@H](O)[C@@H]1O,False,C12H17N5O4,295.1281,21
CC(=O)O[C@@H]1[C@H](O)[C@@H](COC=O)O[C@H]1n1c(C)nc2c(N)ncnc21,False,C14H17N5O6,351.1179,25
CC(=O)O[C@H]1[C@@H](O)[C@H](n2c(C)nc3c(N)ncnc32)O[C@@H]1COC=O,False,C14H17N5O6,351.1179,25
Cc1nc2c(N)ncnc2n1[C@@H]1O[C@H](C=O)[C@@H](O)[C@H]1O,False,C11H13N5O4,279.0968,20
Cc1nc2c(N)ncnc2n1[C@@H]1O[C@H](C(=O)OC=O)[C@@H](O)[C@H]1O,False,C12H13N5O6,323.0866,23
Cc1nc2c(N)ncnc2n1[C@@H]1O[C@H](COC=O)[C@@H](O)[C@H]1OC=O,False,C13H15N5O6,337.1022,24
Cc1nc2c(N)ncnc2n1[C@@H]1O[C@H](COC=O)[C@@H](OC=O)[C@H]1O,False,C13H15N5O6,337.1022,24
Cc1nc2c3ncn(c3n1)[C@@H]1O[C@H](COC=N2)[C@@H](O)[C@H]1O,False,C12H13N5O4,291.0968,21
Nc1nc2nc3c1ncn3[C@@H]1O[C@H](COCO)[C@@H](O)[C@H]1OC2,False,C12H15N5O5,309.1073,22
Nc1nc2nc3c1ncn3[C@@H]1O[C@H](COCO)[C@@H](OC2)[C@H]1O,False,C12H15N5O5,309.1073,22
Cc1nc(N)c2ncn([C@]34O[C@@H]3[C@H](O)[C@@H](COCO)O4)c2n1,False,C12H15N5O5,309.1073,22
Cc1nc(N)c2ncn([C@]34O[C@@H]([C@H]3O)[C@@H](COCO)O4)c2n1,False,C12H15N5O5,309.1073,22
Cc1nc(N)c2nc3n(c2n1)[C@@H]1O[C@H](COCO)[C@@H](O)[C@H]1O3,False,C12H15N5O5,309.1073,22
Cc1nc(N)c2nc3n(c2n1)[C@@H]1O[C@H](COCO)[C@@H](O3)[C@H]1O,False,C12H15N5O5,309.1073,22
Cc1nc(N)c2ncn([C@@H]3O[C@H](COCO)[C@H]4O[C@]43O)c2n1,False,C12H15N5O5,309.1073,22
Cc1nc(N)c2ncn([C@@H]3O[C@]4(COCO)O[C@@H]3[C@@H]4O)c2n1,False,C12H15N5O5,309.1073,22
Cc1nc(N)c2ncn([C@@H]3O[C@]4(COCO)O[C@H]4[C@H]3O)c2n1,False,C12H15N5O5,309.1073,22
Cc1nc(N)c2ncn([C@@H]3O[C@H](COCO)[C@@]4(O)O[C@@H]34)c2n1,False,C12H15N5O5,309.1073,22
Cc1nc(N)c2ncn([C@@H]3O[C@@H]4C(OCO)O[C@@H]3[C@@H]4O)c2n1,False,C12H15N5O5,309.1073,22
Cc1nc(N)c2ncn([C@@H]3O[C@@H]4C(OCO)O[C@H]4[C@H]3O)c2n1,False,C12H15N5O5,309.1073,22
COC[C@H]1O[C@@H](n2cnc3c(N)nc(C)nc32)[C@H](O)[C@@H]1O,False,C12H17N5O4,295.1281,21
CC(=O)O[C@@H]1[C@H](O)[C@@H](COC=O)O[C@H]1n1cnc2c(N)nc(C)nc21,False,C14H17N5O6,351.1179,25
CC(=O)O[C@H]1[C@@H](O)[C@H](n2cnc3c(N)nc(C)nc32)O[C@@H]1COC=O,False,C14H17N5O6,351.1179,25
Cc1nc(N)c2ncn([C@@H]3O[C@H](C=O)[C@@H](O)[C@H]3O)c2n1,False,C11H13N5O4,279.0968,20
Cc1nc(N)c2ncn([C@@H]3O[C@H](C(=O)OC=O)[C@@H](O)[C@H]3O)c2n1,False,C12H13N5O6,323.0866,23
Cc1nc(N)c2ncn([C@@H]3O[C@H](COC=O)[C@@H](O)[C@H]3OC=O)c2n1,False,C13H15N5O6,337.1022,24
Cc1nc(N)c2ncn([C@@H]3O[C@H](COC=O)[C@@H](OC=O)[C@H]3O)c2n1,False,C13H15N5O6,337.1022,24
CC(=O)O[C@@H]1[C@H](O)[C@H]2COC(C)=Nc3ncnc4c3ncn4[C@@H]1O2,False,C14H15N5O5,333.1073,24
CC(=O)O[C@H]1[C@@H](O)[C@H]2O[C@@H]1COC(C)=Nc1ncnc3c1ncn32,False,C14H15N5O5,333.1073,24
COC1CO[C@H]2[C@@H](O)[C@H](n3cnc4c(N)ncnc43)O[C@@H]2CO1,False,C13H17N5O5,323.123,23
CC(=O)OC1CO[C@H]2[C@@H](O)[C@H](n3cnc4c(N)ncnc43)O[C@@H]2CO1,False,C14H17N5O6,351.1179,25
CC(=O)O[C@@H]1[C@@H]2OCC(O)OC[C@H]2O[C@H]1n1cnc2c(N)ncnc21,False,C14H17N5O6,351.1179,25
COC1CO[C@@H]2[C@H](O)[C@@H](CO1)O[C@H]2n1cnc2c(N)ncnc21,False,C13H17N5O5,323.123,23
CC(=O)OC1CO[C@@H]2[C@H](O)[C@@H](CO1)O[C@H]2n1cnc2c(N)ncnc21,False,C14H17N5O6,351.1179,25
CC(=O)O[C@H]1[C@H]2OCC(O)OC[C@H]1O[C@H]2n1cnc2c(N)ncnc21,False,C14H17N5O6,351.1179,25
Nc1ncnc2c1ncn2[C@@H]1O[C@@H]2C(OC=O)O[C@H]2[C@H]1O,False,C11H11N5O5,293.076,21
CC(=O)OC1O[C@H]2[C@@H](O)[C@H](n3cnc4c(N)ncnc43)O[C@H]12,False,C12H13N5O5,307.0917,22
COC(C)OC1O[C@H]2[C@@H](O)[C@H](n3cnc4c(N)ncnc43)O[C@H]12,False,C13H17N5O5,323.123,23
CC(C)(O)OC1O[C@H]2[C@@H](O)[C@H](n3cnc4c(N)ncnc43)O[C@H]12,False,C13H17N5O5,323.123,23
CCC(O)OC1O[C@H]2[C@@H](O)[C@H](n3cnc4c(N)ncnc43)O[C@H]12,False,C13H17N5O5,323.123,23
CC(=O)OC(C)OC1O[C@H]2[C@@H](O)[C@H](n3cnc4c(N)ncnc43)O[C@H]12,False,C14H17N5O6,351.1179,25
CC(=O)O[C@@H]1[C@@H]2OC(OC(C)O)[C@H]2O[C@H]1n1cnc2c(N)ncnc21,False,C14H17N5O6,351.1179,25
CC(Cl)OC1O[C@H]2[C@@H](O)[C@H](n3cnc4c(N)ncnc43)O[C@H]12,False,C12H14ClN5O4,327.0734,22
CC(O)(O)OC1O[C@H]2[C@@H](O)[C@H](n3cnc4c(N)ncnc43)O[C@H]12,False,C12H15N5O6,325.1022,23
Nc1ncnc2c1ncn2[C@@H]1O[C@@H]2C(OC(O)CO)O[C@H]2[C@H]1O,False,C12H15N5O6,325.1022,23
Nc1ncnc2c1ncn2[C@@H]1O[C@@H]2C(=O)O[C@H]2[C@H]1O,False,C10H9N5O4,263.0655,19
CCOC1O[C@H]2[C@@H](O)[C@H](n3cnc4c(N)ncnc43)O[C@H]12,False,C12H15N5O4,293.1124,21
CC(O)OC1O[C@H]2[C@@H](OC(C)O)[C@H](n3cnc4c(N)ncnc43)O[C@H]12,False,C14H19N5O6,353.1335,25
CC(O)OC(C)OC1O[C@H]2[C@@H](O)[C@H](n3cnc4c(N)ncnc43)O[C@H]12,False,C14H19N5O6,353.1335,25
CC(O)OC1(C)O[C@H]2[C@@H](O)[C@H](n3cnc4c(N)ncnc43)O[C@@H]21,False,C13H17N5O5,323.123,23
CC(O)OC1O[C@H]2[C@@H](O)[C@H](n3cnc4c(N)ncnc43)O[C@@]12C,False,C13H17N5O5,323.123,23
CC(O)OC1O[C@@]2(C)[C@@H]1O[C@@H](n1cnc3c(N)ncnc31)[C@@H]2O,False,C13H17N5O5,323.123,23
CC(O)OC1O[C@@H]2[C@@H]1O[C@@H](n1cnc3c(N)ncnc31)[C@@]2(C)O,False,C13H17N5O5,323.123,23
CC(O)OC1O[C@@H]2[C@@H]1O[C@](C)(n1cnc3c(N)ncnc31)[C@@H]2O,False,C13H17N5O5,323.123,23
Cc1nc2c(N)ncnc2n1[C@@H]1O[C@@H]2C(OC(C)O)O[C@H]2[C@H]1O,False,C13H17N5O5,323.123,23
Cc1nc(N)c2ncn([C@@H]3O[C@@H]4C(OC(C)O)O[C@H]4[C@H]3O)c2n1,False,C13H17N5O5,323.123,23
Nc1ncnc2c1ncn2[C@@H]1O[C@@H]2C(OC=O)O[C@@H]1[C@@H]2O,False,C11H11N5O5,293.076,21
CC(=O)OC1O[C@@H]2[C@H](O)[C@@H]1O[C@H]2n1cnc2c(N)ncnc21,False,C12H13N5O5,307.0917,22
COC(C)OC1O[C@@H]2[C@H](O)[C@@H]1O[C@H]2n1cnc2c(N)ncnc21,False,C13H17N5O5,323.123,23
CC(C)(O)OC1O[C@@H]2[C@H](O)[C@@H]1O[C@H]2n1cnc2c(N)ncnc21,False,C13H17N5O5,323.123,23
CCC(O)OC1O[C@@H]2[C@H](O)[C@@H]1O[C@H]2n1cnc2c(N)ncnc21,False,C13H17N5O5,323.123,23
CC(=O)OC(C)OC1O[C@@H]2[C@H](O)[C@@H]1O[C@H]2n1cnc2c(N)ncnc21,False,C14H17N5O6,351.1179,25
CC(=O)O[C@H]1[C@H]2OC(OC(C)O)[C@H]1O[C@H]2n1cnc2c(N)ncnc21,False,C14H17N5O6,351.1179,25
CC(Cl)OC1O[C@@H]2[C@H](O)[C@@H]1O[C@H]2n1cnc2c(N)ncnc21,False,C12H14ClN5O4,327.0734,22
CC(O)(O)OC1O[C@@H]2[C@H](O)[C@@H]1O[C@H]2n1cnc2c(N)ncnc21,False,C12H15N5O6,325.1022,23
Nc1ncnc2c1ncn2[C@@H]1O[C@@H]2C(OC(O)CO)O[C@@H]1[C@@H]2O,False,C12H15N5O6,325.1022,23
Nc1ncnc2c1ncn2[C@@H]1O[C@@H]2C(=O)O[C@@H]1[C@@H]2O,False,C10H9N5O4,263.0655,19
CCOC1O[C@@H]2[C@H](O)[C@@H]1O[C@H]2n1cnc2c(N)ncnc21,False,C12H15N5O4,293.1124,21
CC(O)OC1O[C@@H]2[C@H](OC(C)O)[C@@H]1O[C@H]2n1cnc2c(N)ncnc21,False,C14H19N5O6,353.1335,25
CC(O)OC(C)OC1O[C@@H]2[C@H](O)[C@@H]1O[C@H]2n1cnc2c(N)ncnc21,False,C14H19N5O6,353.1335,25
CC(O)OC1(C)O[C@@H]2[C@H](O)[C@@H]1O[C@H]2n1cnc2c(N)ncnc21,False,C13H17N5O5,323.123,23
CC(O)OC1O[C@H]2[C@H](n3cnc4c(N)ncnc43)O[C@]1(C)[C@H]2O,False,C13H17N5O5,323.123,23
CC(O)OC1O[C@H]2[C@H](n3cnc4c(N)ncnc43)O[C@H]1[C@]2(C)O,False,C13H17N5O5,323.123,23
CC(O)OC1O[C@@]2(C)[C@H](O)[C@@H]1O[C@H]2n1cnc2c(N)ncnc21,False,C13H17N5O5,323.123,23
CC(O)OC1O[C@@H]2[C@H](O)[C@@H]1O[C@]2(C)n1cnc2c(N)ncnc21,False,C13H17N5O5,323.123,23
Cc1nc2c(N)ncnc2n1[C@@H]1O[C@@H]2C(OC(C)O)O[C@@H]1[C@@H]2O,False,C13H17N5O5,323.123,23
Cc1nc(N)c2ncn([C@@H]3O[C@@H]4C(OC(C)O)O[C@@H]3[C@@H]4O)c2n1,False,C13H17N5O5,323.123,23
CC(O)OC[C@]12O[C@H]1O[C@@H](n1cnc3c(N)ncnc31)[C@@H]2O,False,C12H15N5O5,309.1073,22
CC(O)OC[C@]1(O)[C@@H]2O[C@H]2O[C@H]1n1cnc2c(N)ncnc21,False,C12H15N5O5,309.1073,22
CC(O)OC[C@]1(n2cnc3c(N)ncnc32)O[C@@H]2O[C@H]2[C@H]1O,False,C12H15N5O5,309.1073,22
CC(O)OCc1nc2c(N)ncnc2n1[C@@H]1O[C@@H]2O[C@H]2[C@H]1O,False,C12H15N5O5,309.1073,22
CC(O)OCc1nc(N)c2ncn([C@@H]3O[C@@H]4O[C@H]4[C@H]3O)c2n1,False,C12H15N5O5,309.1073,22
Nc1ncnc2c1ncn2[C@@H]1O[C@]2(COC=O)O[C@H]2[C@H]1O,False,C11H11N5O5,293.076,21
COC(C)OC[C@]12O[C@@H](n3cnc4c(N)ncnc43)[C@H](O)[C@@H]1O2,False,C13H17N5O5,323.123,23
CC(C)(O)OC[C@]12O[C@@H](n3cnc4c(N)ncnc43)[C@H](O)[C@@H]1O2,False,C13H17N5O5,323.123,23
CCC(O)OC[C@]12O[C@@H](n3cnc4c(N)ncnc43)[C@H](O)[C@@H]1O2,False,C13H17N5O5,323.123,23
CC(=O)OC(C)OC[C@]12O[C@@H](n3cnc4c(N)ncnc43)[C@H](O)[C@@H]1O2,False,C14H17N5O6,351.1179,25
CC(=O)O[C@H]1[C@H](n2cnc3c(N)ncnc32)O[C@]2(COC(C)O)O[C@@H]12,False,C14H17N5O6,351.1179,25
CC(Cl)OC[C@]12O[C@@H](n3cnc4c(N)ncnc43)[C@H](O)[C@@H]1O2,False,C12H14ClN5O4,327.0734,22
CC(O)(O)OC[C@]12O[C@@H](n3cnc4c(N)ncnc43)[C@H](O)[C@@H]1O2,False,C12H15N5O6,325.1022,23
Nc1ncnc2c1ncn2[C@@H]1O[C@]2(COC(O)CO)O[C@H]2[C@H]1O,False,C12H15N5O6,325.1022,23
CC(O)OC[C@]1(O)O[C@@H](n2cnc3c(N)ncnc32)[C@H](O)[C@@H]1O,False,C12H17N5O6,327.1179,23
CCOC[C@]12O[C@@H](n3cnc4c(N)ncnc43)[C@H](O)[C@@H]1O2,False,C12H15N5O4,293.1124,21
CC(O)OCC1=C[C@@H](O)[C@H](n2cnc3c(N)ncnc32)O1,False,C12H15N5O4,293.1124,21
CC(O)OC(=O)[C@]12O[C@@H](n3cnc4c(N)ncnc43)[C@H](O)[C@@H]1O2,False,C12H13N5O6,323.0866,23
CC(O)OC[C@]12O[C@@H](n3cnc4c(N)ncnc43)[C@H](OC(C)O)[C@@H]1O2,False,C14H19N5O6,353.1335,25
CC(O)OC(C)OC[C@]12O[C@@H](n3cnc4c(N)ncnc43)[C@H](O)[C@@H]1O2,False,C14H19N5O6,353.1335,25
CC(O)OC(C)[C@]12O[C@@H](n3cnc4c(N)ncnc43)[C@H](O)[C@@H]1O2,False,C13H17N5O5,323.123,23
CC(O)OC[C@]12O[C@@H](n3cnc4c(N)ncnc43)[C@H](O)[C@@]1(C)O2,False,C13H17N5O5,323.123,23
CC(O)OC[C@@]12O[C@H]1[C@](C)(O)[C@H](n1cnc3c(N)ncnc31)O2,False,C13H17N5O5,323.123,23
CC(O)OC[C@@]12O[C@H]1[C@@H](O)[C@@](C)(n1cnc3c(N)ncnc31)O2,False,C13H17N5O5,323.123,23
Cc1nc2c(N)ncnc2n1[C@@H]1O[C@]2(COC(C)O)O[C@H]2[C@H]1O,False,C13H17N5O5,323.123,23
Cc1nc(N)c2ncn([C@@H]3O[C@]4(COC(C)O)O[C@H]4[C@H]3O)c2n1,False,C13H17N5O5,323.123,23
CC(O)OC[C@]1(O)[C@@H]2O[C@@H](n3cnc4c(N)ncnc43)[C@@H]1O2,False,C12H15N5O5,309.1073,22
CC(O)OC[C@@]12O[C@@H](O[C@H]1n1cnc3c(N)ncnc31)[C@H]2O,False,C12H15N5O5,309.1073,22
CC(O)OC[C@]1(n2cnc3c(N)ncnc32)O[C@@H]2O[C@@H]1[C@@H]2O,False,C12H15N5O5,309.1073,22
CC(O)OCc1nc2c(N)ncnc2n1[C@@H]1O[C@@H]2O[C@@H]1[C@@H]2O,False,C12H15N5O5,309.1073,22
CC(O)OCc1nc(N)c2ncn([C@@H]3O[C@@H]4O[C@@H]3[C@@H]4O)c2n1,False,C12H15N5O5,309.1073,22
Nc1ncnc2c1ncn2[C@@H]1O[C@]2(COC=O)O[C@@H]1[C@@H]2O,False,C11H11N5O5,293.076,21
COC(C)OC[C@]12O[C@@H]([C@H](n3cnc4c(N)ncnc43)O1)[C@@H]2O,False,C13H17N5O5,323.123,23
CC(C)(O)OC[C@]12O[C@@H]([C@H](n3cnc4c(N)ncnc43)O1)[C@@H]2O,False,C13H17N5O5,323.123,23
CCC(O)OC[C@]12O[C@@H]([C@H](n3cnc4c(N)ncnc43)O1)[C@@H]2O,False,C13H17N5O5,323.123,23
CC(=O)OC(C)OC[C@]12O[C@@H]([C@H](n3cnc4c(N)ncnc43)O1)[C@@H]2O,False,C14H17N5O6,351.1179,25
CC(=O)O[C@H]1[C@H]2O[C@@]1(COC(C)O)O[C@H]2n1cnc2c(N)ncnc21,False,C14H17N5O6,351.1179,25
CC(Cl)OC[C@]12O[C@@H]([C@H](n3cnc4c(N)ncnc43)O1)[C@@H]2O,False,C12H14ClN5O4,327.0734,22
CC(O)(O)OC[C@]12O[C@@H]([C@H](n3cnc4c(N)ncnc43)O1)[C@@H]2O,False,C12H15N5O6,325.1022,23
Nc1ncnc2c1ncn2[C@@H]1O[C@]2(COC(O)CO)O[C@@H]1[C@@H]2O,False,C12H15N5O6,325.1022,23
CCOC[C@]12O[C@@H]([C@H](n3cnc4c(N)ncnc43)O1)[C@@H]2O,False,C12H15N5O4,293.1124,21
CC(O)OC(=O)[C@]12O[C@@H]([C@H](n3cnc4c(N)ncnc43)O1)[C@@H]2O,False,C12H13N5O6,323.0866,23
CC(O)OC[C@]12O[C@@H]([C@H](n3cnc4c(N)ncnc43)O1)[C@@H]2OC(C)O,False,C14H19N5O6,353.1335,25
CC(O)OC(C)OC[C@]12O[C@@H]([C@H](n3cnc4c(N)ncnc43)O1)[C@@H]2O,False,C14H19N5O6,353.1335,25
CC(O)OC(C)[C@]12O[C@@H]([C@H](n3cnc4c(N)ncnc43)O1)[C@@H]2O,False,C13H17N5O5,323.123,23
CC(O)OC[C@@]12O[C@@H](n3cnc4c(N)ncnc43)[C@H](O1)[C@@]2(C)O,False,C13H17N5O5,323.123,23
CC(O)OC[C@@]12O[C@@H](n3cnc4c(N)ncnc43)[C@@](C)(O1)[C@@H]2O,False,C13H17N5O5,323.123,23
CC(O)OC[C@@]12O[C@H]([C@@H]1O)[C@@](C)(n1cnc3c(N)ncnc31)O2,False,C13H17N5O5,323.123,23
Cc1nc2c(N)ncnc2n1[C@@H]1O[C@]2(COC(C)O)O[C@@H]1[C@@H]2O,False,C13H17N5O5,323.123,23
Cc1nc(N)c2ncn([C@@H]3O[C@]4(COC(C)O)O[C@@H]3[C@@H]4O)c2n1,False,C13H17N5O5,323.123,23
CC(O)OC[C@]12O[C@]1(O)CO[C@H]2n1cnc2c(N)ncnc21,False,C12H15N5O5,309.1073,22
CC(O)OCc1nc2c(N)ncnc2n1[C@@H]1OC[C@@]2(O)O[C@@H]12,False,C12H15N5O5,309.1073,22
CC(O)OCc1nc(N)c2ncn([C@@H]3OC[C@@]4(O)O[C@@H]34)c2n1,False,C12H15N5O5,309.1073,22
Nc1ncnc2c1ncn2[C@@H]1O[C@H](COC=O)[C@@]2(O)O[C@@H]12,False,C11H11N5O5,293.076,21
COC(C)OC[C@H]1O[C@@H](n2cnc3c(N)ncnc32)[C@@H]2O[C@]12O,False,C13H17N5O5,323.123,23
CC(C)(O)OC[C@H]1O[C@@H](n2cnc3c(N)ncnc32)[C@@H]2O[C@]12O,False,C13H17N5O5,323.123,23
CCC(O)OC[C@H]1O[C@@H](n2cnc3c(N)ncnc32)[C@@H]2O[C@]12O,False,C13H17N5O5,323.123,23
CC(=O)OC(C)OC[C@H]1O[C@@H](n2cnc3c(N)ncnc32)[C@@H]2O[C@]12O,False,C14H17N5O6,351.1179,25
CC(=O)O[C@]12O[C@H]1[C@H](n1cnc3c(N)ncnc31)O[C@@H]2COC(C)O,False,C14H17N5O6,351.1179,25
CC(Cl)OC[C@H]1O[C@@H](n2cnc3c(N)ncnc32)[C@@H]2O[C@]12O,False,C12H14ClN5O4,327.0734,22
CC(O)(O)OC[C@H]1O[C@@H](n2cnc3c(N)ncnc32)[C@@H]2O[C@]12O,False,C12H15N5O6,325.1022,23
Nc1ncnc2c1ncn2[C@@H]1O[C@H](COC(O)CO)[C@@]2(O)O[C@@H]12,False,C12H15N5O6,325.1022,23
CC(O)OC[C@H]1O[C@@H](n2cnc3c(N)ncnc32)[C@H](O)C1(O)O,False,C12H17N5O6,327.1179,23
CCOC[C@H]1O[C@@H](n2cnc3c(N)ncnc32)[C@@H]2O[C@]12O,False,C12H15N5O4,293.1124,21
CC(O)OC(=O)[C@H]1O[C@@H](n2cnc3c(N)ncnc32)[C@@H]2O[C@]12O,False,C12H13N5O6,323.0866,23
CC(O)OC[C@H]1O[C@@H](n2cnc3c(N)ncnc32)[C@@H]2O[C@]12OC(C)O,False,C14H19N5O6,353.1335,25
CC(O)OC(C)OC[C@H]1O[C@@H](n2cnc3c(N)ncnc32)[C@@H]2O[C@]12O,False,C14H19N5O6,353.1335,25
CC(O)OC[C@]1(C)O[C@@H](n2cnc3c(N)ncnc32)[C@@H]2O[C@@]21O,False,C13H17N5O5,323.123,23
CC(O)OC[C@H]1O[C@@H](n2cnc3c(N)ncnc32)[C@@]2(C)O[C@]12O,False,C13H17N5O5,323.123,23
CC(O)OC(C)[C@H]1O[C@@H](n2cnc3c(N)ncnc32)[C@@H]2O[C@]12O,False,C13H17N5O5,323.123,23
CC(O)OC[C@H]1O[C@](C)(n2cnc3c(N)ncnc32)[C@@H]2O[C@@]21O,False,C13H17N5O5,323.123,23
Cc1nc2c(N)ncnc2n1[C@@H]1O[C@H](COC(C)O)[C@@]2(O)O[C@@H]12,False,C13H17N5O5,323.123,23
Cc1nc(N)c2ncn([C@@H]3O[C@H](COC(C)O)[C@@]4(O)O[C@@H]34)c2n1,False,C13H17N5O5,323.123,23
CC(O)OC[C@]12CO[C@@H](n3cnc4c(N)ncnc43)[C@]1(O)O2,False,C12H15N5O5,309.1073,22
CC(O)OCc1nc2c(N)ncnc2n1[C@@H]1OC[C@H]2O[C@]21O,False,C12H15N5O5,309.1073,22
CC(O)OCc1nc(N)c2ncn([C@@H]3OC[C@H]4O[C@]43O)c2n1,False,C12H15N5O5,309.1073,22
Nc1ncnc2c1ncn2[C@@H]1O[C@H](COC=O)[C@H]2O[C@]21O,False,C11H11N5O5,293.076,21
COC(C)OC[C@H]1O[C@@H](n2cnc3c(N)ncnc32)[C@]2(O)O[C@H]12,False,C13H17N5O5,323.123,23
CC(C)(O)OC[C@H]1O[C@@H](n2cnc3c(N)ncnc32)[C@]2(O)O[C@H]12,False,C13H17N5O5,323.123,23
CCC(O)OC[C@H]1O[C@@H](n2cnc3c(N)ncnc32)[C@]2(O)O[C@H]12,False,C13H17N5O5,323.123,23
CC(=O)OC(C)OC[C@H]1O[C@@H](n2cnc3c(N)ncnc32)[C@]2(O)O[C@H]12,False,C14H17N5O6,351.1179,25
CC(=O)O[C@@]12O[C@@H]1[C@@H](COC(C)O)O[C@H]2n1cnc2c(N)ncnc21,False,C14H17N5O6,351.1179,25
CC(Cl)OC[C@H]1O[C@@H](n2cnc3c(N)ncnc32)[C@]2(O)O[C@H]12,False,C12H14ClN5O4,327.0734,22
CC(O)(O)OC[C@H]1O[C@@H](n2cnc3c(N)ncnc32)[C@]2(O)O[C@H]12,False,C12H15N5O6,325.1022,23
Nc1ncnc2c1ncn2[C@@H]1O[C@H](COC(O)CO)[C@H]2O[C@]21O,False,C12H15N5O6,325.1022,23
CC(O)OC[C@H]1O[C@@H](n2cnc3c(N)ncnc32)C(O)(O)[C@@H]1O,False,C12H17N5O6,327.1179,23
CCOC[C@H]1O[C@@H](n2cnc3c(N)ncnc32)[C@]2(O)O[C@H]12,False,C12H15N5O4,293.1124,21
CC(O)OC(=O)[C@H]1O[C@@H](n2cnc3c(N)ncnc32)[C@]2(O)O[C@H]12,False,C12H13N5O6,323.0866,23
CC(O)OC[C@H]1O[C@@H](n2cnc3c(N)ncnc32)[C@]2(OC(C)O)O[C@H]12,False,C14H19N5O6,353.1335,25
CC(O)OC(C)OC[C@H]1O[C@@H](n2cnc3c(N)ncnc32)[C@]2(O)O[C@H]12,False,C14H19N5O6,353.1335,25
CC(O)OC[C@H]1O[C@@H](n2cnc3c(N)ncnc32)[C@]2(O)O[C@@]12C,False,C13H17N5O5,323.123,23
CC(O)OC[C@H]1O[C@](C)(n2cnc3c(N)ncnc32)[C@]2(O)O[C@H]12,False,C13H17N5O5,323.123,23
CC(O)OC[C@]1(C)O[C@@H](n2cnc3c(N)ncnc32)[C@]2(O)O[C@@H]21,False,C13H17N5O5,323.123,23
CC(O)OC(C)[C@H]1O[C@@H](n2cnc3c(N)ncnc32)[C@]2(O)O[C@H]12,False,C13H17N5O5,323.123,23
Cc1nc2c(N)ncnc2n1[C@@H]1O[C@H](COC(C)O)[C@H]2O[C@]21O,False,C13H17N5O5,323.123,23
Cc1nc(N)c2ncn([C@@H]3O[C@H](COC(C)O)[C@H]4O[C@]43O)c2n1,False,C13H17N5O5,323.123,23
CC(O)OC[C@]1(O)[C@H]2CO[C@@]1(n1cnc3c(N)ncnc31)O2,False,C12H15N5O5,309.1073,22
CC(O)OC[C@@]12CO[C@@](n3cnc4c(N)ncnc43)(O1)[C@@H]2O,False,C12H15N5O5,309.1073,22
CC(O)OCc1nc2c(N)ncnc2n1[C@]12OC[C@@H](O1)[C@H]2O,False,C12H15N5O5,309.1073,22
CC(O)OCc1nc(N)c2ncn([C@]34OC[C@@H](O3)[C@H]4O)c2n1,False,C12H15N5O5,309.1073,22
Nc1ncnc2c1ncn2[C@]12O[C@@H]([C@H]1O)[C@@H](COC=O)O2,False,C11H11N5O5,293.076,21
COC(C)OC[C@H]1O[C@@]2(n3cnc4c(N)ncnc43)O[C@H]1[C@H]2O,False,C13H17N5O5,323.123,23
CC(C)(O)OC[C@H]1O[C@@]2(n3cnc4c(N)ncnc43)O[C@H]1[C@H]2O,False,C13H17N5O5,323.123,23
CCC(O)OC[C@H]1O[C@@]2(n3cnc4c(N)ncnc43)O[C@H]1[C@H]2O,False,C13H17N5O5,323.123,23
CC(=O)OC(C)OC[C@H]1O[C@@]2(n3cnc4c(N)ncnc43)O[C@H]1[C@H]2O,False,C14H17N5O6,351.1179,25
CC(=O)O[C@@H]1[C@@H]2O[C@]1(n1cnc3c(N)ncnc31)O[C@@H]2COC(C)O,False,C14H17N5O6,351.1179,25
CC(Cl)OC[C@H]1O[C@@]2(n3cnc4c(N)ncnc43)O[C@H]1[C@H]2O,False,C12H14ClN5O4,327.0734,22
CC(O)(O)OC[C@H]1O[C@@]2(n3cnc4c(N)ncnc43)O[C@H]1[C@H]2O,False,C12H15N5O6,325.1022,23
Nc1ncnc2c1ncn2[C@]12O[C@@H]([C@H]1O)[C@@H](COC(O)CO)O2,False,C12H15N5O6,325.1022,23
CCOC[C@H]1O[C@@]2(n3cnc4c(N)ncnc43)O[C@H]1[C@H]2O,False,C12H15N5O4,293.1124,21
CC(O)OC(=O)[C@H]1O[C@@]2(n3cnc4c(N)ncnc43)O[C@H]1[C@H]2O,False,C12H13N5O6,323.0866,23
CC(O)OC[C@H]1O[C@@]2(n3cnc4c(N)ncnc43)O[C@H]1[C@H]2OC(C)O,False,C14H19N5O6,353.1335,25
CC(O)OC(C)OC[C@H]1O[C@@]2(n3cnc4c(N)ncnc43)O[C@H]1[C@H]2O,False,C14H19N5O6,353.1335,25
CC(O)OC[C@H]1O[C@@]2(n3cnc4c(N)ncnc43)O[C@H]1[C@]2(C)O,False,C13H17N5O5,323.123,23
CC(O)OC[C@]1(C)O[C@@]2(n3cnc4c(N)ncnc43)O[C@H]1[C@H]2O,False,C13H17N5O5,323.123,23
CC(O)OC[C@H]1O[C@@]2(n3cnc4c(N)ncnc43)O[C@]1(C)[C@H]2O,False,C13H17N5O5,323.123,23
Cc1nc2c(N)ncnc2n1[C@]12O[C@@H]([C@H]1O)[C@@H](COC(C)O)O2,False,C13H17N5O5,323.123,23
CC(O)OC(C)[C@H]1O[C@@]2(n3cnc4c(N)ncnc43)O[C@H]1[C@H]2O,False,C13H17N5O5,323.123,23
Cc1nc(N)c2ncn([C@]34O[C@@H]([C@H]3O)[C@@H](COC(C)O)O4)c2n1,False,C13H17N5O5,323.123,23
CC(O)OC[C@@]12O[C@]1(n1cnc3c(N)ncnc31)OC[C@H]2O,False,C12H15N5O5,309.1073,22
CC(O)OC[C@]1(O)CO[C@@]2(n3cnc4c(N)ncnc43)O[C@H]12,False,C12H15N5O5,309.1073,22
CC(O)OCc1nc2c(N)ncnc2n1[C@@]12OC[C@@H](O)[C@H]1O2,False,C12H15N5O5,309.1073,22
CC(O)OCc1nc(N)c2ncn([C@@]34OC[C@@H](O)[C@H]3O4)c2n1,False,C12H15N5O5,309.1073,22
Nc1ncnc2c1ncn2[C@]12O[C@@H]1[C@H](O)[C@@H](COC=O)O2,False,C11H11N5O5,293.076,21
COC(C)OC[C@H]1O[C@@]2(n3cnc4c(N)ncnc43)O[C@@H]2[C@@H]1O,False,C13H17N5O5,323.123,23
CC(C)(O)OC[C@H]1O[C@@]2(n3cnc4c(N)ncnc43)O[C@@H]2[C@@H]1O,False,C13H17N5O5,323.123,23
CCC(O)OC[C@H]1O[C@@]2(n3cnc4c(N)ncnc43)O[C@@H]2[C@@H]1O,False,C13H17N5O5,323.123,23
CC(=O)OC(C)OC[C@H]1O[C@@]2(n3cnc4c(N)ncnc43)O[C@@H]2[C@@H]1O,False,C14H17N5O6,351.1179,25
CC(=O)O[C@H]1[C@H]2O[C@]2(n2cnc3c(N)ncnc32)O[C@@H]1COC(C)O,False,C14H17N5O6,351.1179,25
CC(Cl)OC[C@H]1O[C@@]2(n3cnc4c(N)ncnc43)O[C@@H]2[C@@H]1O,False,C12H14ClN5O4,327.0734,22
CC(O)(O)OC[C@H]1O[C@@]2(n3cnc4c(N)ncnc43)O[C@@H]2[C@@H]1O,False,C12H15N5O6,325.1022,23
Nc1ncnc2c1ncn2[C@]12O[C@@H]1[C@H](O)[C@@H](COC(O)CO)O2,False,C12H15N5O6,325.1022,23
CC(O)OC[C@H]1O[C@](O)(n2cnc3c(N)ncnc32)[C@H](O)[C@@H]1O,False,C12H17N5O6,327.1179,23
CCOC[C@H]1O[C@@]2(n3cnc4c(N)ncnc43)O[C@@H]2[C@@H]1O,False,C12H15N5O4,293.1124,21
CC(O)OC(=O)[C@H]1O[C@@]2(n3cnc4c(N)ncnc43)O[C@@H]2[C@@H]1O,False,C12H13N5O6,323.0866,23
CC(O)OC[C@H]1O[C@@]2(n3cnc4c(N)ncnc43)O[C@@H]2[C@@H]1OC(C)O,False,C14H19N5O6,353.1335,25
CC(O)OC(C)OC[C@H]1O[C@@]2(n3cnc4c(N)ncnc43)O[C@@H]2[C@@H]1O,False,C14H19N5O6,353.1335,25
CC(O)OC[C@H]1O[C@@]2(n3cnc4c(N)ncnc43)O[C@@]2(C)[C@@H]1O,False,C13H17N5O5,323.123,23
CC(O)OC[C@]1(C)O[C@@]2(n3cnc4c(N)ncnc43)O[C@@H]2[C@@H]1O,False,C13H17N5O5,323.123,23
CC(O)OC[C@H]1O[C@@]2(n3cnc4c(N)ncnc43)O[C@@H]2[C@@]1(C)O,False,C13H17N5O5,323.123,23
Cc1nc2c(N)ncnc2n1[C@]12O[C@@H]1[C@H](O)[C@@H](COC(C)O)O2,False,C13H17N5O5,323.123,23
CC(O)OC(C)[C@H]1O[C@@]2(n3cnc4c(N)ncnc43)O[C@@H]2[C@@H]1O,False,C13H17N5O5,323.123,23
Cc1nc(N)c2ncn([C@]34O[C@@H]3[C@H](O)[C@@H](COC(C)O)O4)c2n1,False,C13H17N5O5,323.123,23
CC(O)OC[C@]1(O)[C@H]2CO[C@H]1n1c(nc3c(N)ncnc31)O2,False,C12H15N5O5,309.1073,22
CC(O)OC[C@]12CO[C@H]([C@@H]1O)n1c(nc3c(N)ncnc31)O2,False,C12H15N5O5,309.1073,22
CC(O)OCc1nc(N)c2nc3n(c2n1)[C@@H]1OC[C@@H](O3)[C@H]1O,False,C12H15N5O5,309.1073,22
Nc1ncnc2c1nc1n2[C@@H]2O[C@H](COC=O)[C@@H](O1)[C@H]2O,False,C11H11N5O5,293.076,21
COC(C)OC[C@H]1O[C@@H]2[C@H](O)[C@@H]1Oc1nc3c(N)ncnc3n12,False,C13H17N5O5,323.123,23
CC(C)(O)OC[C@H]1O[C@@H]2[C@H](O)[C@@H]1Oc1nc3c(N)ncnc3n12,False,C13H17N5O5,323.123,23
CCC(O)OC[C@H]1O[C@@H]2[C@H](O)[C@@H]1Oc1nc3c(N)ncnc3n12,False,C13H17N5O5,323.123,23
CC(=O)OC(C)OC[C@H]1O[C@@H]2[C@H](O)[C@@H]1Oc1nc3c(N)ncnc3n12,False,C14H17N5O6,351.1179,25
CC(=O)O[C@@H]1[C@@H]2Oc3nc4c(N)ncnc4n3[C@@H]1O[C@@H]2COC(C)O,False,C14H17N5O6,351.1179,25
CC(Cl)OC[C@H]1O[C@@H]2[C@H](O)[C@@H]1Oc1nc3c(N)ncnc3n12,False,C12H14ClN5O4,327.0734,22
CC(O)(O)OC[C@H]1O[C@@H]2[C@H](O)[C@@H]1Oc1nc3c(N)ncnc3n12,False,C12H15N5O6,325.1022,23
Nc1ncnc2c1nc1n2[C@@H]2O[C@H](COC(O)CO)[C@@H](O1)[C@H]2O,False,C12H15N5O6,325.1022,23
CCOC[C@H]1O[C@@H]2[C@H](O)[C@@H]1Oc1nc3c(N)ncnc3n12,False,C12H15N5O4,293.1124,21
CC(O)OC(=O)[C@H]1O[C@@H]2[C@H](O)[C@@H]1Oc1nc3c(N)ncnc3n12,False,C12H13N5O6,323.0866,23
CC(O)OC[C@H]1O[C@@H]2[C@H](OC(C)O)[C@@H]1Oc1nc3c(N)ncnc3n12,False,C14H19N5O6,353.1335,25
CC(O)OC(C)OC[C@H]1O[C@@H]2[C@H](O)[C@@H]1Oc1nc3c(N)ncnc3n12,False,C14H19N5O6,353.1335,25
CC(O)OC[C@H]1O[C@@]2(C)[C@H](O)[C@@H]1Oc1nc3c(N)ncnc3n12,False,C13H17N5O5,323.123,23
CC(O)OC[C@H]1O[C@H]2n3c(nc4c(N)ncnc43)O[C@H]1[C@]2(C)O,False,C13H17N5O5,323.123,23
CC(O)OC[C@]1(C)O[C@@H]2[C@H](O)[C@@H]1Oc1nc3c(N)ncnc3n12,False,C13H17N5O5,323.123,23
CC(O)OC[C@H]1O[C@@H]2[C@H](O)[C@@]1(C)Oc1nc3c(N)ncnc3n12,False,C13H17N5O5,323.123,23
Cc1nc(N)c2nc3n(c2n1)[C@@H]1O[C@H](COC(C)O)[C@@H](O3)[C@H]1O,False,C13H17N5O5,323.123,23
CC(O)OC(C)[C@H]1O[C@@H]2[C@H](O)[C@@H]1Oc1nc3c(N)ncnc3n12,False,C13H17N5O5,323.123,23
CC(O)OC[C@@]12Oc3nc4c(N)ncnc4n3[C@@H]1OC[C@H]2O,False,C12H15N5O5,309.1073,22
CC(O)OC[C@]1(O)CO[C@@H]2[C@@H]1Oc1nc3c(N)ncnc3n12,False,C12H15N5O5,309.1073,22
CC(O)OCc1nc(N)c2nc3n(c2n1)[C@@H]1OC[C@@H](O)[C@H]1O3,False,C12H15N5O5,309.1073,22
Nc1ncnc2c1nc1n2[C@@H]2O[C@H](COC=O)[C@@H](O)[C@H]2O1,False,C11H11N5O5,293.076,21
COC(C)OC[C@H]1O[C@@H]2[C@H](Oc3nc4c(N)ncnc4n32)[C@@H]1O,False,C13H17N5O5,323.123,23
CC(C)(O)OC[C@H]1O[C@@H]2[C@H](Oc3nc4c(N)ncnc4n32)[C@@H]1O,False,C13H17N5O5,323.123,23
CCC(O)OC[C@H]1O[C@@H]2[C@H](Oc3nc4c(N)ncnc4n32)[C@@H]1O,False,C13H17N5O5,323.123,23
CC(=O)OC(C)OC[C@H]1O[C@@H]2[C@H](Oc3nc4c(N)ncnc4n32)[C@@H]1O,False,C14H17N5O6,351.1179,25
CC(=O)O[C@H]1[C@H]2Oc3nc4c(N)ncnc4n3[C@@H]2O[C@@H]1COC(C)O,False,C14H17N5O6,351.1179,25
CC(Cl)OC[C@H]1O[C@@H]2[C@H](Oc3nc4c(N)ncnc4n32)[C@@H]1O,False,C12H14ClN5O4,327.0734,22
CC(O)(O)OC[C@H]1O[C@@H]2[C@H](Oc3nc4c(N)ncnc4n32)[C@@H]1O,False,C12H15N5O6,325.1022,23
Nc1ncnc2c1nc1n2[C@@H]2O[C@H](COC(O)CO)[C@@H](O)[C@H]2O1,False,C12H15N5O6,325.1022,23
CCOC[C@H]1O[C@@H]2[C@H](Oc3nc4c(N)ncnc4n32)[C@@H]1O,False,C12H15N5O4,293.1124,21
CC(O)OC(=O)[C@H]1O[C@@H]2[C@H](Oc3nc4c(N)ncnc4n32)[C@@H]1O,False,C12H13N5O6,323.0866,23
CC(O)OC[C@H]1O[C@@H]2[C@H](Oc3nc4c(N)ncnc4n32)[C@@H]1OC(C)O,False,C14H19N5O6,353.1335,25
CC(O)OC(C)OC[C@H]1O[C@@H]2[C@H](Oc3nc4c(N)ncnc4n32)[C@@H]1O,False,C14H19N5O6,353.1335,25
CC(O)OC[C@H]1O[C@@]2(C)[C@H](Oc3nc4c(N)ncnc4n32)[C@@H]1O,False,C13H17N5O5,323.123,23
CC(O)OC[C@H]1O[C@H]2n3c(nc4c(N)ncnc43)O[C@@]2(C)[C@@H]1O,False,C13H17N5O5,323.123,23
CC(O)OC[C@]1(C)O[C@@H]2[C@H](Oc3nc4c(N)ncnc4n32)[C@@H]1O,False,C13H17N5O5,323.123,23
CC(O)OC[C@H]1O[C@@H]2[C@H](Oc3nc4c(N)ncnc4n32)[C@@]1(C)O,False,C13H17N5O5,323.123,23
Cc1nc(N)c2nc3n(c2n1)[C@@H]1O[C@H](COC(C)O)[C@@H](O)[C@H]1O3,False,C13H17N5O5,323.123,23
CC(O)OC(C)[C@H]1O[C@@H]2[C@H](Oc3nc4c(N)ncnc4n32)[C@@H]1O,False,C13H17N5O5,323.123,23
CC(O)OCc1nc2c(N)nc3nc2n1[C@@H]1OC[C@@H](O3)[C@H]1O,False,C12H15N5O5,309.1073,22
CC(O)OC[C@]1(O)[C@H]2CO[C@H]1n1cnc3c(N)nc(nc31)O2,False,C12H15N5O5,309.1073,22
CC(O)OC[C@]12CO[C@H]([C@@H]1O)n1cnc3c(N)nc(nc31)O2,False,C12H15N5O5,309.1073,22
Nc1nc2nc3c1ncn3[C@@H]1O[C@H](COC=O)[C@@H](O2)[C@H]1O,False,C11H11N5O5,293.076,21
COC(C)OC[C@H]1O[C@@H]2[C@H](O)[C@@H]1Oc1nc(N)c3ncn2c3n1,False,C13H17N5O5,323.123,23
CC(C)(O)OC[C@H]1O[C@@H]2[C@H](O)[C@@H]1Oc1nc(N)c3ncn2c3n1,False,C13H17N5O5,323.123,23
CCC(O)OC[C@H]1O[C@@H]2[C@H](O)[C@@H]1Oc1nc(N)c3ncn2c3n1,False,C13H17N5O5,323.123,23
CC(=O)OC(C)OC[C@H]1O[C@@H]2[C@H](O)[C@@H]1Oc1nc(N)c3ncn2c3n1,False,C14H17N5O6,351.1179,25
CC(=O)O[C@@H]1[C@@H]2Oc3nc(N)c4ncn(c4n3)[C@@H]1O[C@@H]2COC(C)O,False,C14H17N5O6,351.1179,25
CC(Cl)OC[C@H]1O[C@@H]2[C@H](O)[C@@H]1Oc1nc(N)c3ncn2c3n1,False,C12H14ClN5O4,327.0734,22
CC(O)(O)OC[C@H]1O[C@@H]2[C@H](O)[C@@H]1Oc1nc(N)c3ncn2c3n1,False,C12H15N5O6,325.1022,23
Nc1nc2nc3c1ncn3[C@@H]1O[C@H](COC(O)CO)[C@@H](O2)[C@H]1O,False,C12H15N5O6,325.1022,23
CCOC[C@H]1O[C@@H]2[C@H](O)[C@@H]1Oc1nc(N)c3ncn2c3n1,False,C12H15N5O4,293.1124,21
CC(O)OC(=O)[C@H]1O[C@@H]2[C@H](O)[C@@H]1Oc1nc(N)c3ncn2c3n1,False,C12H13N5O6,323.0866,23
CC(O)OC[C@H]1O[C@@H]2[C@H](OC(C)O)[C@@H]1Oc1nc(N)c3ncn2c3n1,False,C14H19N5O6,353.1335,25
CC(O)OC(C)OC[C@H]1O[C@@H]2[C@H](O)[C@@H]1Oc1nc(N)c3ncn2c3n1,False,C14H19N5O6,353.1335,25
CC(O)OC[C@H]1O[C@@]2(C)[C@H](O)[C@@H]1Oc1nc(N)c3ncn2c3n1,False,C13H17N5O5,323.123,23
Cc1nc2c(N)nc3nc2n1[C@@H]1O[C@H](COC(C)O)[C@@H](O3)[C@H]1O,False,C13H17N5O5,323.123,23
CC(O)OC[C@H]1O[C@H]2n3cnc4c(N)nc(nc43)O[C@H]1[C@]2(C)O,False,C13H17N5O5,323.123,23
CC(O)OC[C@]1(C)O[C@@H]2[C@H](O)[C@@H]1Oc1nc(N)c3ncn2c3n1,False,C13H17N5O5,323.123,23
CC(O)OC[C@H]1O[C@@H]2[C@H](O)[C@@]1(C)Oc1nc(N)c3ncn2c3n1,False,C13H17N5O5,323.123,23
CC(O)OC(C)[C@H]1O[C@@H]2[C@H](O)[C@@H]1Oc1nc(N)c3ncn2c3n1,False,C13H17N5O5,323.123,23
CC(O)OCc1nc2c(N)nc3nc2n1[C@@H]1OC[C@@H](O)[C@H]1O3,False,C12H15N5O5,309.1073,22
CC(O)OC[C@@]12Oc3nc(N)c4ncn(c4n3)[C@@H]1OC[C@H]2O,False,C12H15N5O5,309.1073,22
CC(O)OC[C@]1(O)CO[C@@H]2[C@@H]1Oc1nc(N)c3ncn2c3n1,False,C12H15N5O5,309.1073,22
Nc1nc2nc3c1ncn3[C@@H]1O[C@H](COC=O)[C@@H](O)[C@H]1O2,False,C11H11N5O5,293.076,21
COC(C)OC[C@H]1O[C@@H]2[C@H](Oc3nc(N)c4ncn2c4n3)[C@@H]1O,False,C13H17N5O5,323.123,23
CC(C)(O)OC[C@H]1O[C@@H]2[C@H](Oc3nc(N)c4ncn2c4n3)[C@@H]1O,False,C13H17N5O5,323.123,23
CCC(O)OC[C@H]1O[C@@H]2[C@H](Oc3nc(N)c4ncn2c4n3)[C@@H]1O,False,C13H17N5O5,323.123,23
CC(=O)OC(C)OC[C@H]1O[C@@H]2[C@H](Oc3nc(N)c4ncn2c4n3)[C@@H]1O,False,C14H17N5O6,351.1179,25
CC(=O)O[C@H]1[C@H]2Oc3nc(N)c4ncn(c4n3)[C@@H]2O[C@@H]1COC(C)O,False,C14H17N5O6,351.1179,25
CC(Cl)OC[C@H]1O[C@@H]2[C@H](Oc3nc(N)c4ncn2c4n3)[C@@H]1O,False,C12H14ClN5O4,327.0734,22
CC(O)(O)OC[C@H]1O[C@@H]2[C@H](Oc3nc(N)c4ncn2c4n3)[C@@H]1O,False,C12H15N5O6,325.1022,23
Nc1nc2nc3c1ncn3[C@@H]1O[C@H](COC(O)CO)[C@@H](O)[C@H]1O2,False,C12H15N5O6,325.1022,23
CCOC[C@H]1O[C@@H]2[C@H](Oc3nc(N)c4ncn2c4n3)[C@@H]1O,False,C12H15N5O4,293.1124,21
CC(O)OC(=O)[C@H]1O[C@@H]2[C@H](Oc3nc(N)c4ncn2c4n3)[C@@H]1O,False,C12H13N5O6,323.0866,23
CC(O)OC[C@H]1O[C@@H]2[C@H](Oc3nc(N)c4ncn2c4n3)[C@@H]1OC(C)O,False,C14H19N5O6,353.1335,25
CC(O)OC(C)OC[C@H]1O[C@@H]2[C@H](Oc3nc(N)c4ncn2c4n3)[C@@H]1O,False,C14H19N5O6,353.1335,25
CC(O)OC[C@H]1O[C@@]2(C)[C@H](Oc3nc(N)c4ncn2c4n3)[C@@H]1O,False,C13H17N5O5,323.123,23
Cc1nc2c(N)nc3nc2n1[C@@H]1O[C@H](COC(C)O)[C@@H](O)[C@H]1O3,False,C13H17N5O5,323.123,23
CC(O)OC[C@H]1O[C@H]2n3cnc4c(N)nc(nc43)O[C@@]2(C)[C@@H]1O,False,C13H17N5O5,323.123,23
CC(O)OC[C@]1(C)O[C@@H]2[C@H](Oc3nc(N)c4ncn2c4n3)[C@@H]1O,False,C13H17N5O5,323.123,23
CC(O)OC[C@H]1O[C@@H]2[C@H](Oc3nc(N)c4ncn2c4n3)[C@@]1(C)O,False,C13H17N5O5,323.123,23
CC(O)OC(C)[C@H]1O[C@@H]2[C@H](Oc3nc(N)c4ncn2c4n3)[C@@H]1O,False,C13H17N5O5,323.123,23
CC(OCO)[C@H]1O[C@@H](n2cnc3c(N)ncnc32)[C@H](O)[C@@H]1O,False,C12H17N5O5,311.123,22
C[C@@]1(COCO)O[C@@H](n2cnc3c(N)ncnc32)[C@H](O)[C@@H]1O,False,C12H17N5O5,311.123,22
C[C@]1(O)[C@@H](COCO)O[C@@H](n2cnc3c(N)ncnc32)[C@@H]1O,False,C12H17N5O5,311.123,22
C[C@]1(O)[C@H](O)[C@@H](COCO)O[C@H]1n1cnc2c(N)ncnc21,False,C12H17N5O5,311.123,22
C[C@]1(n2cnc3c(N)ncnc32)O[C@H](COCO)[C@@H](O)[C@H]1O,False,C12H17N5O5,311.123,22
Cc1nc2c(N)ncnc2n1[C@@H]1O[C@H](COCO)[C@@H](O)[C@H]1O,False,C12H17N5O5,311.123,22
Cc1nc(N)c2ncn([C@@H]3O[C@H](COCO)[C@@H](O)[C@H]3O)c2n1,False,C12H17N5O5,311.123,22
COC(C)OC[C@H]1O[C@@H](n2cnc3c(N)ncnc32)[C@H](O)[C@@H]1O,False,C13H19N5O5,325.1386,23
CC(C)(O)OC[C@H]1O[C@@H](n2cnc3c(N)ncnc32)[C@H](O)[C@@H]1O,False,C13H19N5O5,325.1386,23
CCC(O)OC[C@H]1O[C@@H](n2cnc3c(N)ncnc32)[C@H](O)[C@@H]1O,False,C13H19N5O5,325.1386,23
CC(=O)OC(C)OC[C@H]1O[C@@H](n2cnc3c(N)ncnc32)[C@H](O)[C@@H]1O,False,C14H19N5O6,353.1335,25
CC(=O)O[C@H]1[C@@H](O)[C@H](n2cnc3c(N)ncnc32)O[C@@H]1COC(C)O,False,C14H19N5O6,353.1335,25
CC(=O)O[C@@H]1[C@H](O)[C@@H](COC(C)O)O[C@H]1n1cnc2c(N)ncnc21,False,C14H19N5O6,353.1335,25
CC(Cl)OC[C@H]1O[C@@H](n2cnc3c(N)ncnc32)[C@H](O)[C@@H]1O,False,C12H16ClN5O4,329.0891,22
CC(O)(O)OC[C@H]1O[C@@H](n2cnc3c(N)ncnc32)[C@H](O)[C@@H]1O,False,C12H17N5O6,327.1179,23
CC(O)OC(=O)[C@H]1O[C@@H](n2cnc3c(N)ncnc32)[C@H](O)[C@@H]1O,False,C12H15N5O6,325.1022,23
CC(O)OC[C@H]1O[C@@H](n2cnc3c(N)ncnc32)[C@H](O)[C@@H]1OC(C)O,False,C14H21N5O6,355.1492,25
CC(O)OC[C@H]1O[C@@H](n2cnc3c(N)ncnc32)[C@H](OC(C)O)[C@@H]1O,False,C14H21N5O6,355.1492,25
CC(O)OC(C)OC[C@H]1O[C@@H](n2cnc3c(N)ncnc32)[C@H](O)[C@@H]1O,False,C14H21N5O6,355.1492,25
Nc1ncnc2c1ncn2[C@@H]1O[C@H](COCO)[C@@H](O)[C@H]1O,False,C11H15N5O5,297.1073,21
CC(O)OC(C)[C@H]1O[C@@H](n2cnc3c(N)ncnc32)[C@H](O)[C@@H]1O,False,C13H19N5O5,325.1386,23
CC(O)OC[C@]1(C)O[C@@H](n2cnc3c(N)ncnc32)[C@H](O)[C@@H]1O,False,C13H19N5O5,325.1386,23
CC(O)OC[C@H]1O[C@@H](n2cnc3c(N)ncnc32)[C@H](O)[C@@]1(C)O,False,C13H19N5O5,325.1386,23
CC(O)OC[C@H]1O[C@@H](n2cnc3c(N)ncnc32)[C@@](C)(O)[C@@H]1O,False,C13H19N5O5,325.1386,23
CC(O)OC[C@H]1O[C@](C)(n2cnc3c(N)ncnc32)[C@H](O)[C@@H]1O,False,C13H19N5O5,325.1386,23
Cc1nc2c(N)ncnc2n1[C@@H]1O[C@H](COC(C)O)[C@@H](O)[C@H]1O,False,C13H19N5O5,325.1386,23
Cc1nc(N)c2ncn([C@@H]3O[C@H](COC(C)O)[C@@H](O)[C@H]3O)c2n1,False,C13H19N5O5,325.1386,23
CC(C)OC[C@H]1O[C@@H](n2cnc3c(N)ncnc32)[C@H](O)[C@@H]1O,False,C13H19N5O4,309.1437,22
CCCOC[C@H]1O[C@@H](n2cnc3c(N)ncnc32)[C@H](O)[C@@H]1O,False,C13H19N5O4,309.1437,22
CC(OC[C@H]1O[C@@H](n2cnc3c(N)ncnc32)[C@H](O)[C@@H]1O)C(=O)O,False,C13H17N5O6,339.1179,24
Nc1ncnc2c1ncn2[C@@H]1O[C@H](COCCC(=O)O)[C@@H](O)[C@H]1O,False,C13H17N5O6,339.1179,24
Nc1ncnc2c1ncn2[C@@H]1O[C@H](COCCO)[C@@H](O)[C@H]1O,False,C12H17N5O5,311.123,22
CCOC(=O)[C@H]1O[C@@H](n2cnc3c(N)ncnc32)[C@H](O)[C@@H]1O,False,C12H15N5O5,309.1073,22
CCOC[C@H]1O[C@@H](n2cnc3c(N)ncnc32)[C@H](O)[C@@H]1OCC,False,C14H21N5O4,323.1594,23
CCOC[C@H]1O[C@@H](n2cnc3c(N)ncnc32)[C@H](OCC)[C@@H]1O,False,C14H21N5O4,323.1594,23
CCOC(C)[C@H]1O[C@@H](n2cnc3c(N)ncnc32)[C@H](O)[C@@H]1O,False,C13H19N5O4,309.1437,22
CCOC[C@]1(C)O[C@@H](n2cnc3c(N)ncnc32)[C@H](O)[C@@H]1O,False,C13H19N5O4,309.1437,22
CCOC[C@H]1O[C@@H](n2cnc3c(N)ncnc32)[C@H](O)[C@@]1(C)O,False,C13H19N5O4,309.1437,22
CCOC[C@H]1O[C@@H](n2cnc3c(N)ncnc32)[C@@](C)(O)[C@@H]1O,False,C13H19N5O4,309.1437,22
CCOC[C@H]1O[C@](C)(n2cnc3c(N)ncnc32)[C@H](O)[C@@H]1O,False,C13H19N5O4,309.1437,22
CCOC[C@H]1O[C@@H](n2c(C)nc3c(N)ncnc32)[C@H](O)[C@@H]1O,False,C13H19N5O4,309.1437,22
CCOC[C@H]1O[C@@H](n2cnc3c(N)nc(C)nc32)[C@H](O)[C@@H]1O,False,C13H19N5O4,309.1437,22
CC[C@@]1(COC=O)O[C@@H](n2cnc3c(N)ncnc32)[C@H](O)[C@@H]1O,False,C13H17N5O5,323.123,23
CC[C@]1(O)[C@@H](COC=O)O[C@@H](n2cnc3c(N)ncnc32)[C@@H]1O,False,C13H17N5O5,323.123,23
CC[C@]1(O)[C@H](O)[C@@H](COC=O)O[C@H]1n1cnc2c(N)ncnc21,False,C13H17N5O5,323.123,23
CC[C@]1(n2cnc3c(N)ncnc32)O[C@H](COC=O)[C@@H](O)[C@H]1O,False,C13H17N5O5,323.123,23
CCc1nc2c(N)ncnc2n1[C@@H]1O[C@H](COC=O)[C@@H](O)[C@H]1O,False,C13H17N5O5,323.123,23
CCc1nc(N)c2ncn([C@@H]3O[C@H](COC=O)[C@@H](O)[C@H]3O)c2n1,False,C13H17N5O5,323.123,23
CCC1=Nc2ncnc3c2ncn3[C@@H]2O[C@H](CO1)[C@@H](O)[C@H]2O,False,C13H15N5O4,305.1124,22
CC1O[C@H]2[C@@H](O)[C@H](n3cnc4c(N)ncnc43)O[C@@H]2COC1O,False,C13H17N5O5,323.123,23
CC1O[C@@H]2[C@H](O)[C@@H](COC1O)O[C@H]2n1cnc2c(N)ncnc21,False,C13H17N5O5,323.123,23
Nc1ncnc2c1ncn2[C@@H]1O[C@@H]2COC(O)CCO[C@H]2[C@H]1O,False,C13H17N5O5,323.123,23
Nc1ncnc2c1ncn2[C@@H]1O[C@@H]2COC(O)CCO[C@@H]1[C@@H]2O,False,C13H17N5O5,323.123,23
C=CC(=O)OC[C@H]1O[C@@H](n2cnc3c(N)ncnc32)[C@H](O)[C@@H]1O,False,C13H15N5O5,321.1073,23
CC(C)C(=O)OC[C@H]1O[C@@H](n2cnc3c(N)ncnc32)[C@H](O)[C@@H]1O,False,C14H19N5O5,337.1386,24
CCCC(=O)OC[C@H]1O[C@@H](n2cnc3c(N)ncnc32)[C@H](O)[C@@H]1O,False,C14H19N5O5,337.1386,24
CCC(=O)OC[C@H]1O[C@@H](n2cnc3c(N)ncnc32)[C@H](O)[C@@H]1OC(C)=O,False,C15H19N5O6,365.1335,26
CCC(=O)OC[C@H]1O[C@@H](n2cnc3c(N)ncnc32)[C@H](OC(C)=O)[C@@H]1O,False,C15H19N5O6,365.1335,26
CCC(O)(C#N)OC[C@H]1O[C@@H](n2cnc3c(N)ncnc32)[C@H](O)[C@@H]1O,False,C14H18N6O5,350.1339,25
CCC(N)OC[C@H]1O[C@@H](n2cnc3c(N)ncnc32)[C@H](O)[C@@H]1O,False,C13H20N6O4,324.1546,23
CC(O)C(=O)OC[C@H]1O[C@@H](n2cnc3c(N)ncnc32)[C@H](O)[C@@H]1O,False,C13H17N5O6,339.1179,24
Nc1ncnc2c1ncn2[C@@H]1O[C@H](COC(=O)CCO)[C@@H](O)[C@H]1O,False,C13H17N5O6,339.1179,24
CCOC(=O)OC[C@H]1O[C@@H](n2cnc3c(N)ncnc32)[C@H](O)[C@@H]1O,False,C13H17N5O6,339.1179,24
CC(O)C(O)OC[C@H]1O[C@@H](n2cnc3c(N)ncnc32)[C@H](O)[C@@H]1O,False,C13H19N5O6,341.1335,24
Nc1ncnc2c1ncn2[C@@H]1O[C@H](COC(O)CCO)[C@@H](O)[C@H]1O,False,C13H19N5O6,341.1335,24
Nc1ncnc2c1ncn2[C@@H]1O[C@H](COC(=O)O)[C@@H](O)[C@H]1O,False,C11H13N5O6,311.0866,22
CCC(=O)C[C@H]1O[C@@H](n2cnc3c(N)ncnc32)[C@H](O)[C@@H]1O,False,C13H17N5O4,307.1281,22
CCC(=O)OC(=O)[C@H]1O[C@@H](n2cnc3c(N)ncnc32)[C@H](O)[C@@H]1O,False,C13H15N5O6,337.1022,24
CCCCC(=O)OC[C@H]1O[C@@H](n2cnc3c(N)ncnc32)[C@H](O)[C@@H]1O,False,C15H21N5O5,351.1543,25
CCC(C)C(=O)OC[C@H]1O[C@@H](n2cnc3c(N)ncnc32)[C@H](O)[C@@H]1O,False,C15H21N5O5,351.1543,25
CCC(=O)OC(C)[C@H]1O[C@@H](n2cnc3c(N)ncnc32)[C@H](O)[C@@H]1O,False,C14H19N5O5,337.1386,24
CCC(=O)OC(CC)[C@H]1O[C@@H](n2cnc3c(N)ncnc32)[C@H](O)[C@@H]1O,False,C15H21N5O5,351.1543,25
CCC(=O)OC[C@]1(C)O[C@@H](n2cnc3c(N)ncnc32)[C@H](O)[C@@H]1O,False,C14H19N5O5,337.1386,24
CCC(=O)OC[C@]1(CC)O[C@@H](n2cnc3c(N)ncnc32)[C@H](O)[C@@H]1O,False,C15H21N5O5,351.1543,25
CCC(=O)OC[C@H]1O[C@@H](n2cnc3c(N)ncnc32)[C@H](O)[C@@]1(C)O,False,C14H19N5O5,337.1386,24
CCC(=O)OC[C@H]1O[C@@H](n2cnc3c(N)ncnc32)[C@H](O)[C@]1(O)CC,False,C15H21N5O5,351.1543,25
CCC(=O)OC[C@H]1O[C@@H](n2cnc3c(N)ncnc32)[C@@](C)(O)[C@@H]1O,False,C14H19N5O5,337.1386,24
CCC(=O)OC[C@H]1O[C@@H](n2cnc3c(N)ncnc32)[C@](O)(CC)[C@@H]1O,False,C15H21N5O5,351.1543,25
CCC(=O)OC[C@H]1O[C@](C)(n2cnc3c(N)ncnc32)[C@H](O)[C@@H]1O,False,C14H19N5O5,337.1386,24
CCC(=O)OC[C@H]1O[C@](CC)(n2cnc3c(N)ncnc32)[C@H](O)[C@@H]1O,False,C15H21N5O5,351.1543,25
CCC(=O)OC[C@H]1O[C@@H](n2c(C)nc3c(N)ncnc32)[C@H](O)[C@@H]1O,False,C14H19N5O5,337.1386,24
CCC(=O)OC[C@H]1O[C@@H](n2c(CC)nc3c(N)ncnc32)[C@H](O)[C@@H]1O,False,C15H21N5O5,351.1543,25
CCC(=O)OC[C@H]1O[C@@H](n2cnc3c(N)nc(C)nc32)[C@H](O)[C@@H]1O,False,C14H19N5O5,337.1386,24
CCC(=O)OC[C@H]1O[C@@H](n2cnc3c(N)nc(CC)nc32)[C@H](O)[C@@H]1O,False,C15H21N5O5,351.1543,25
CCC(=O)O[C@H]1[C@@H](O)[C@H](n2cnc3c(N)ncnc32)O[C@@H]1COC=O,False,C14H17N5O6,351.1179,25
CC(=O)OC[C@H]1O[C@@H](n2cnc3c(N)ncnc32)[C@H](O)[C@@]1(C)OC=O,False,C14H17N5O6,351.1179,25
CC(=O)OC[C@]1(C)O[C@@H](n2cnc3c(N)ncnc32)[C@H](O)[C@@H]1OC=O,False,C14H17N5O6,351.1179,25
CC(=O)OC[C@H]1O[C@@H](n2cnc3c(N)ncnc32)[C@@](C)(O)[C@@H]1OC=O,False,C14H17N5O6,351.1179,25
CC(=O)OC(C)[C@H]1O[C@@H](n2cnc3c(N)ncnc32)[C@H](O)[C@@H]1OC=O,False,C14H17N5O6,351.1179,25
CC(=O)OC[C@H]1O[C@](C)(n2cnc3c(N)ncnc32)[C@H](O)[C@@H]1OC=O,False,C14H17N5O6,351.1179,25
CC(=O)OC[C@H]1O[C@@H](n2c(C)nc3c(N)ncnc32)[C@H](O)[C@@H]1OC=O,False,C14H17N5O6,351.1179,25
CCC(=O)OC[C@H]1O[C@@H](n2cnc3c(N)ncnc32)[C@H](O)[C@@H]1OC=O,False,C14H17N5O6,351.1179,25
CC(=O)OC[C@H]1O[C@@H](n2cnc3c(N)nc(C)nc32)[C@H](O)[C@@H]1OC=O,False,C14H17N5O6,351.1179,25
CC(=O)OC[C@H]1O[C@@H]2[C@H](O)[C@@H]1OC(C)=Nc1ncnc3c1ncn32,False,C14H15N5O5,333.1073,24
CC(=O)OC[C@H]1O[C@@H](n2cnc3c(N)ncnc32)[C@@H]2OCC(O)O[C@@H]21,False,C14H17N5O6,351.1179,25
CC(O)OC[C@H]1O[C@@H](n2cnc3c(N)ncnc32)[C@@H]2OCC(=O)O[C@@H]21,False,C14H17N5O6,351.1179,25
CC(=O)OC[C@H]1O[C@@H](n2cnc3c(N)ncnc32)[C@@H]2O[C@]12OC(C)O,False,C14H17N5O6,351.1179,25
CC(=O)OC[C@]12O[C@@H]([C@H](n3cnc4c(N)ncnc43)O1)[C@@H]2OC(C)O,False,C14H17N5O6,351.1179,25
CC(=O)OC1O[C@@H]2[C@H](OC(C)O)[C@@H]1O[C@H]2n1cnc2c(N)ncnc21,False,C14H17N5O6,351.1179,25
CC(=O)OC[C@H]1O[C@@]2(n3cnc4c(N)ncnc43)O[C@@H]2[C@@H]1OC(C)O,False,C14H17N5O6,351.1179,25
CC(=O)OC[C@H]1O[C@@H]2[C@H](Oc3nc4c(N)ncnc4n32)[C@@H]1OC(C)O,False,C14H17N5O6,351.1179,25
CC(O)O[C@H]1[C@H]2OCC(=O)OC[C@H]1O[C@H]2n1cnc2c(N)ncnc21,False,C14H17N5O6,351.1179,25
CC(=O)OC[C@H]1O[C@@H]2[C@H](Oc3nc(N)c4ncn2c4n3)[C@@H]1OC(C)O,False,C14H17N5O6,351.1179,25
CC(=O)OC[C@H]1O[C@@H](n2cnc3c(N)ncnc32)[C@H](O)[C@@H]1OC(C)O,False,C14H19N5O6,353.1335,25
CCC(=O)O[C@H]1[C@@H](O)[C@H](n2cnc3c(N)ncnc32)O[C@@H]1COC(C)=O,False,C15H19N5O6,365.1335,26
CC(=O)OC[C@H]1O[C@@H](n2cnc3c(N)ncnc32)[C@H](O)[C@@H]1OC(C)(O)C#N,False,C15H18N6O6,378.1288,27
CC(=O)O[C@H]1[C@@H](O)[C@H](n2cnc3c(N)ncnc32)O[C@@H]1COC(C)(O)C#N,False,C15H18N6O6,378.1288,27
CC(=O)OC[C@H]1O[C@@H](n2cnc3c(N)ncnc32)[C@H](O)[C@@H]1OC(C)N,False,C14H20N6O5,352.1495,25
CC(=O)O[C@H]1[C@@H](O)[C@H](n2cnc3c(N)ncnc32)O[C@@H]1COC(C)N,False,C14H20N6O5,352.1495,25
CC(=O)OC[C@H]1O[C@@H](n2cnc3c(N)ncnc32)[C@H](O)[C@@H]1C(C)=O,False,C14H17N5O5,335.123,24
CC(=O)C[C@H]1O[C@@H](n2cnc3c(N)ncnc32)[C@H](O)[C@@H]1OC(C)=O,False,C14H17N5O5,335.123,24
CC(=O)OC[C@H]1O[C@@H](n2cnc3c(N)ncnc32)[C@H](O)[C@@]1(C)OC(C)=O,False,C15H19N5O6,365.1335,26
CC(=O)OC[C@]1(C)O[C@@H](n2cnc3c(N)ncnc32)[C@H](O)[C@@H]1OC(C)=O,False,C15H19N5O6,365.1335,26
CC(=O)OC[C@H]1O[C@@H](n2cnc3c(N)ncnc32)[C@@](C)(O)[C@@H]1OC(C)=O,False,C15H19N5O6,365.1335,26
CC(=O)OC(C)[C@H]1O[C@@H](n2cnc3c(N)ncnc32)[C@H](O)[C@@H]1OC(C)=O,False,C15H19N5O6,365.1335,26
CC(=O)OC[C@H]1O[C@](C)(n2cnc3c(N)ncnc32)[C@H](O)[C@@H]1OC(C)=O,False,C15H19N5O6,365.1335,26
CC(=O)OC[C@H]1O[C@@H](n2c(C)nc3c(N)ncnc32)[C@H](O)[C@@H]1OC(C)=O,False,C15H19N5O6,365.1335,26
CC(=O)OC[C@H]1O[C@@H](n2cnc3c(N)nc(C)nc32)[C@H](O)[C@@H]1OC(C)=O,False,C15H19N5O6,365.1335,26
CCC(=O)O[C@@H]1[C@H](O)[C@@H](COC=O)O[C@H]1n1cnc2c(N)ncnc21,False,C14H17N5O6,351.1179,25
CC(=O)OC[C@H]1O[C@@H](n2cnc3c(N)ncnc32)[C@@](C)(OC=O)[C@@H]1O,False,C14H17N5O6,351.1179,25
CC(=O)OC[C@H]1O[C@@H](n2cnc3c(N)ncnc32)[C@H](OC=O)[C@@]1(C)O,False,C14H17N5O6,351.1179,25
CC(=O)OC[C@H]1O[C@](C)(n2cnc3c(N)ncnc32)[C@H](OC=O)[C@@H]1O,False,C14H17N5O6,351.1179,25
CC(=O)OC[C@]1(C)O[C@@H](n2cnc3c(N)ncnc32)[C@H](OC=O)[C@@H]1O,False,C14H17N5O6,351.1179,25
CC(=O)OC(C)[C@H]1O[C@@H](n2cnc3c(N)ncnc32)[C@H](OC=O)[C@@H]1O,False,C14H17N5O6,351.1179,25
CC(=O)OC[C@H]1O[C@@H](n2c(C)nc3c(N)ncnc32)[C@H](OC=O)[C@@H]1O,False,C14H17N5O6,351.1179,25
CC(=O)OC[C@H]1O[C@@H](n2cnc3c(N)nc(C)nc32)[C@H](OC=O)[C@@H]1O,False,C14H17N5O6,351.1179,25
CCC(=O)OC[C@H]1O[C@@H](n2cnc3c(N)ncnc32)[C@H](OC=O)[C@@H]1O,False,C14H17N5O6,351.1179,25
CC(=O)OC[C@H]1O[C@@H]2[C@H](OC(C)=Nc3ncnc4c3ncn42)[C@@H]1O,False,C14H15N5O5,333.1073,24
CC(=O)OC[C@H]1O[C@@H](n2cnc3c(N)ncnc32)[C@@H]2OC(O)CO[C@@H]21,False,C14H17N5O6,351.1179,25
CC(O)OC[C@H]1O[C@@H](n2cnc3c(N)ncnc32)[C@@H]2OC(=O)CO[C@@H]21,False,C14H17N5O6,351.1179,25
CC(=O)OC[C@H]1O[C@@H](n2cnc3c(N)ncnc32)[C@]2(OC(C)O)O[C@H]12,False,C14H17N5O6,351.1179,25
CC(=O)OC[C@H]1O[C@@]2(n3cnc4c(N)ncnc43)O[C@H]1[C@H]2OC(C)O,False,C14H17N5O6,351.1179,25
CC(=O)OC[C@]12O[C@@H](n3cnc4c(N)ncnc43)[C@H](OC(C)O)[C@@H]1O2,False,C14H17N5O6,351.1179,25
CC(=O)OC1O[C@H]2[C@@H](OC(C)O)[C@H](n3cnc4c(N)ncnc43)O[C@H]12,False,C14H17N5O6,351.1179,25
CC(=O)OC[C@H]1O[C@@H]2[C@H](OC(C)O)[C@@H]1Oc1nc3c(N)ncnc3n12,False,C14H17N5O6,351.1179,25
CC(=O)OC[C@H]1O[C@@H]2[C@H](OC(C)O)[C@@H]1Oc1nc(N)c3ncn2c3n1,False,C14H17N5O6,351.1179,25
CC(O)O[C@@H]1[C@@H]2OCC(=O)OC[C@H]2O[C@H]1n1cnc2c(N)ncnc21,False,C14H17N5O6,351.1179,25
CC(=O)OC[C@H]1O[C@@H](n2cnc3c(N)ncnc32)[C@H](OC(C)O)[C@@H]1O,False,C14H19N5O6,353.1335,25
CCC(=O)O[C@@H]1[C@H](O)[C@@H](COC(C)=O)O[C@H]1n1cnc2c(N)ncnc21,False,C15H19N5O6,365.1335,26
CC(=O)OC[C@H]1O[C@@H](n2cnc3c(N)ncnc32)[C@H](OC(C)(O)C#N)[C@@H]1O,False,C15H18N6O6,378.1288,27
CC(=O)O[C@@H]1[C@H](O)[C@@H](COC(C)(O)C#N)O[C@H]1n1cnc2c(N)ncnc21,False,C15H18N6O6,378.1288,27
CC(=O)OC[C@H]1O[C@@H](n2cnc3c(N)ncnc32)[C@H](OC(C)N)[C@@H]1O,False,C14H20N6O5,352.1495,25
CC(=O)O[C@@H]1[C@H](O)[C@@H](COC(C)N)O[C@H]1n1cnc2c(N)ncnc21,False,C14H20N6O5,352.1495,25
CC(=O)OC[C@H]1O[C@@H](n2cnc3c(N)ncnc32)[C@H](C(C)=O)[C@@H]1O,False,C14H17N5O5,335.123,24
CC(=O)C[C@H]1O[C@@H](n2cnc3c(N)ncnc32)[C@H](OC(C)=O)[C@@H]1O,False,C14H17N5O5,335.123,24
CC(=O)OC[C@H]1O[C@@H](n2cnc3c(N)ncnc32)[C@@](C)(OC(C)=O)[C@@H]1O,False,C15H19N5O6,365.1335,26
CC(=O)OC[C@H]1O[C@@H](n2cnc3c(N)ncnc32)[C@H](OC(C)=O)[C@@]1(C)O,False,C15H19N5O6,365.1335,26
CC(=O)OC[C@H]1O[C@](C)(n2cnc3c(N)ncnc32)[C@H](OC(C)=O)[C@@H]1O,False,C15H19N5O6,365.1335,26
CC(=O)OC[C@]1(C)O[C@@H](n2cnc3c(N)ncnc32)[C@H](OC(C)=O)[C@@H]1O,False,C15H19N5O6,365.1335,26
CC(=O)OC(C)[C@H]1O[C@@H](n2cnc3c(N)ncnc32)[C@H](OC(C)=O)[C@@H]1O,False,C15H19N5O6,365.1335,26
CC(=O)OC[C@H]1O[C@@H](n2c(C)nc3c(N)ncnc32)[C@H](OC(C)=O)[C@@H]1O,False,C15H19N5O6,365.1335,26
CC(=O)OC[C@H]1O[C@@H](n2cnc3c(N)nc(C)nc32)[C@H](OC(C)=O)[C@@H]1O,False,C15H19N5O6,365.1335,26
N#CCC(O)OC[C@H]1O[C@@H](n2cnc3c(N)ncnc32)[C@H](O)[C@@H]1O,False,C13H16N6O5,336.1182,24
CC(O)OC(C#N)[C@H]1O[C@@H](n2cnc3c(N)ncnc32)[C@H](O)[C@@H]1O,False,C13H16N6O5,336.1182,24
CC(OC(O)C#N)[C@H]1O[C@@H](n2cnc3c(N)ncnc32)[C@H](O)[C@@H]1O,False,C13H16N6O5,336.1182,24
CC(O)OC[C@]1(C#N)O[C@@H](n2cnc3c(N)ncnc32)[C@H](O)[C@@H]1O,False,C13H16N6O5,336.1182,24
C[C@@]1(COC(O)C#N)O[C@@H](n2cnc3c(N)ncnc32)[C@H](O)[C@@H]1O,False,C13H16N6O5,336.1182,24
CC(O)OC[C@H]1O[C@@H](n2cnc3c(N)ncnc32)[C@H](O)[C@]1(O)C#N,False,C13H16N6O5,336.1182,24
C[C@]1(O)[C@@H](COC(O)C#N)O[C@@H](n2cnc3c(N)ncnc32)[C@@H]1O,False,C13H16N6O5,336.1182,24
CC(O)OC[C@H]1O[C@@H](n2cnc3c(N)ncnc32)[C@](O)(C#N)[C@@H]1O,False,C13H16N6O5,336.1182,24
C[C@]1(O)[C@H](O)[C@@H](COC(O)C#N)O[C@H]1n1cnc2c(N)ncnc21,False,C13H16N6O5,336.1182,24
CC(O)OC[C@H]1O[C@](C#N)(n2cnc3c(N)ncnc32)[C@H](O)[C@@H]1O,False,C13H16N6O5,336.1182,24
C[C@]1(n2cnc3c(N)ncnc32)O[C@H](COC(O)C#N)[C@@H](O)[C@H]1O,False,C13H16N6O5,336.1182,24
CC(O)OC[C@H]1O[C@@H](n2c(C#N)nc3c(N)ncnc32)[C@H](O)[C@@H]1O,False,C13H16N6O5,336.1182,24
Cc1nc2c(N)ncnc2n1[C@@H]1O[C@H](COC(O)C#N)[C@@H](O)[C@H]1O,False,C13H16N6O5,336.1182,24
CC(O)OC[C@H]1O[C@@H](n2cnc3c(N)nc(C#N)nc32)[C@H](O)[C@@H]1O,False,C13H16N6O5,336.1182,24
Cc1nc(N)c2ncn([C@@H]3O[C@H](COC(O)C#N)[C@@H](O)[C@H]3O)c2n1,False,C13H16N6O5,336.1182,24
N#CC(=O)OC[C@H]1O[C@@H](n2cnc3c(N)ncnc32)[C@H](O)[C@@H]1O,False,C12H12N6O5,320.0869,23
COC(C)(C#N)OC[C@H]1O[C@@H](n2cnc3c(N)ncnc32)[C@H](O)[C@@H]1O,False,C14H18N6O5,350.1339,25
CC(=O)OC(C)(C#N)OC[C@H]1O[C@@H](n2cnc3c(N)ncnc32)[C@H](O)[C@@H]1O,False,C15H18N6O6,378.1288,27
CC(Cl)(C#N)OC[C@H]1O[C@@H](n2cnc3c(N)ncnc32)[C@H](O)[C@@H]1O,False,C13H15ClN6O4,354.0843,24
N#CC(O)(CO)OC[C@H]1O[C@@H](n2cnc3c(N)ncnc32)[C@H](O)[C@@H]1O,False,C13H16N6O6,352.1131,25
CC(O)(OC[C@H]1O[C@@H](n2cnc3c(N)ncnc32)[C@H](O)[C@@H]1O)C(N)=O,False,C13H18N6O6,354.1288,25
CC(O)(C=NO)OC[C@H]1O[C@@H](n2cnc3c(N)ncnc32)[C@H](O)[C@@H]1O,False,C13H18N6O6,354.1288,25
CC(C#N)OC[C@H]1O[C@@H](n2cnc3c(N)ncnc32)[C@H](O)[C@@H]1O,False,C13H16N6O4,320.1233,23
CC(O)(C#N)OC(=O)[C@H]1O[C@@H](n2cnc3c(N)ncnc32)[C@H](O)[C@@H]1O,False,C13H14N6O6,350.0975,25
N#CCC(O)(C#N)OC[C@H]1O[C@@H](n2cnc3c(N)ncnc32)[C@H](O)[C@@H]1O,False,C14H15N7O5,361.1135,26
N#CC(O)OC[C@H]1O[C@@H](n2cnc3c(N)ncnc32)[C@H](O)[C@@H]1O,False,C12H14N6O5,322.1026,23
CC(O)(C#N)OC(C#N)[C@H]1O[C@@H](n2cnc3c(N)ncnc32)[C@H](O)[C@@H]1O,False,C14H15N7O5,361.1135,26
CC(OC(C)(O)C#N)[C@H]1O[C@@H](n2cnc3c(N)ncnc32)[C@H](O)[C@@H]1O,False,C14H18N6O5,350.1339,25
CC(O)(C#N)OC[C@]1(C#N)O[C@@H](n2cnc3c(N)ncnc32)[C@H](O)[C@@H]1O,False,C14H15N7O5,361.1135,26
CC(O)(C#N)OC[C@]1(C)O[C@@H](n2cnc3c(N)ncnc32)[C@H](O)[C@@H]1O,False,C14H18N6O5,350.1339,25
CC(O)(C#N)OC[C@H]1O[C@@H](n2cnc3c(N)ncnc32)[C@H](O)[C@]1(O)C#N,False,C14H15N7O5,361.1135,26
CC(O)(C#N)OC[C@H]1O[C@@H](n2cnc3c(N)ncnc32)[C@H](O)[C@@]1(C)O,False,C14H18N6O5,350.1339,25
CC(O)(C#N)OC[C@H]1O[C@@H](n2cnc3c(N)ncnc32)[C@](O)(C#N)[C@@H]1O,False,C14H15N7O5,361.1135,26
CC(O)(C#N)OC[C@H]1O[C@@H](n2cnc3c(N)ncnc32)[C@@](C)(O)[C@@H]1O,False,C14H18N6O5,350.1339,25
CC(O)(C#N)OC[C@H]1O[C@](C#N)(n2cnc3c(N)ncnc32)[C@H](O)[C@@H]1O,False,C14H15N7O5,361.1135,26
CC(O)(C#N)OC[C@H]1O[C@](C)(n2cnc3c(N)ncnc32)[C@H](O)[C@@H]1O,False,C14H18N6O5,350.1339,25
CC(O)(C#N)OC[C@H]1O[C@@H](n2c(C#N)nc3c(N)ncnc32)[C@H](O)[C@@H]1O,False,C14H15N7O5,361.1135,26
Cc1nc2c(N)ncnc2n1[C@@H]1O[C@H](COC(C)(O)C#N)[C@@H](O)[C@H]1O,False,C14H18N6O5,350.1339,25
CC(O)(C#N)OC[C@H]1O[C@@H](n2cnc3c(N)nc(C#N)nc32)[C@H](O)[C@@H]1O,False,C14H15N7O5,361.1135,26
Cc1nc(N)c2ncn([C@@H]3O[C@H](COC(C)(O)C#N)[C@@H](O)[C@H]3O)c2n1,False,C14H18N6O5,350.1339,25
CC(OCN)[C@H]1O[C@@H](n2cnc3c(N)ncnc32)[C@H](O)[C@@H]1O,False,C12H18N6O4,310.139,22
C[C@@]1(COCN)O[C@@H](n2cnc3c(N)ncnc32)[C@H](O)[C@@H]1O,False,C12H18N6O4,310.139,22
C[C@]1(O)[C@@H](COCN)O[C@@H](n2cnc3c(N)ncnc32)[C@@H]1O,False,C12H18N6O4,310.139,22
C[C@]1(O)[C@H](O)[C@@H](COCN)O[C@H]1n1cnc2c(N)ncnc21,False,C12H18N6O4,310.139,22
C[C@]1(n2cnc3c(N)ncnc32)O[C@H](COCN)[C@@H](O)[C@H]1O,False,C12H18N6O4,310.139,22
Cc1nc2c(N)ncnc2n1[C@@H]1O[C@H](COCN)[C@@H](O)[C@H]1O,False,C12H18N6O4,310.139,22
Cc1nc(N)c2ncn([C@@H]3O[C@H](COCN)[C@@H](O)[C@H]3O)c2n1,False,C12H18N6O4,310.139,22
CC1Nc2ncnc3c2ncn3[C@@H]2O[C@H](CO1)[C@@H](O)[C@H]2O,False,C12H15N5O4,293.1124,21
CNC(C)OC[C@H]1O[C@@H](n2cnc3c(N)ncnc32)[C@H](O)[C@@H]1O,False,C13H20N6O4,324.1546,23
CC(C)(N)OC[C@H]1O[C@@H](n2cnc3c(N)ncnc32)[C@H](O)[C@@H]1O,False,C13H20N6O4,324.1546,23
CC(=O)NC(C)OC[C@H]1O[C@@H](n2cnc3c(N)ncnc32)[C@H](O)[C@@H]1O,False,C14H20N6O5,352.1495,25
CC(N)(OC[C@H]1O[C@@H](n2cnc3c(N)ncnc32)[C@H](O)[C@@H]1O)C(=O)O,False,C13H18N6O6,354.1288,25
Nc1ncnc2c1ncn2[C@@H]1O[C@H](COC(N)CC(=O)O)[C@@H](O)[C@H]1O,False,C13H18N6O6,354.1288,25
CC(NC(N)=O)OC[C@H]1O[C@@H](n2cnc3c(N)ncnc32)[C@H](O)[C@@H]1O,False,C13H19N7O5,353.1448,25
CC(N)(O)OC[C@H]1O[C@@H](n2cnc3c(N)ncnc32)[C@H](O)[C@@H]1O,False,C12H18N6O5,326.1339,23
Nc1ncnc2c1ncn2[C@@H]1O[C@H](COC(N)CO)[C@@H](O)[C@H]1O,False,C12H18N6O5,326.1339,23
CC(N)OC(=O)[C@H]1O[C@@H](n2cnc3c(N)ncnc32)[C@H](O)[C@@H]1O,False,C12H16N6O5,324.1182,23
CC(N)OC[C@H]1O[C@@H](n2cnc3c(N)ncnc32)[C@H](O)[C@@H]1OC(C)N,False,C14H23N7O4,353.1812,25
CC(N)OC[C@H]1O[C@@H](n2cnc3c(N)ncnc32)[C@H](OC(C)N)[C@@H]1O,False,C14H23N7O4,353.1812,25
CC(N)NC(C)OC[C@H]1O[C@@H](n2cnc3c(N)ncnc32)[C@H](O)[C@@H]1O,False,C14H23N7O4,353.1812,25
NCOC[C@H]1O[C@@H](n2cnc3c(N)ncnc32)[C@H](O)[C@@H]1O,False,C11H16N6O4,296.1233,21
CC(N)OC(C)[C@H]1O[C@@H](n2cnc3c(N)ncnc32)[C@H](O)[C@@H]1O,False,C13H20N6O4,324.1546,23
CC(N)OC[C@]1(C)O[C@@H](n2cnc3c(N)ncnc32)[C@H](O)[C@@H]1O,False,C13H20N6O4,324.1546,23
CC(N)OC[C@H]1O[C@@H](n2cnc3c(N)ncnc32)[C@H](O)[C@@]1(C)O,False,C13H20N6O4,324.1546,23
CC(N)OC[C@H]1O[C@@H](n2cnc3c(N)ncnc32)[C@@](C)(O)[C@@H]1O,False,C13H20N6O4,324.1546,23
CC(N)OC[C@H]1O[C@](C)(n2cnc3c(N)ncnc32)[C@H](O)[C@@H]1O,False,C13H20N6O4,324.1546,23
Cc1nc2c(N)ncnc2n1[C@@H]1O[C@H](COC(C)N)[C@@H](O)[C@H]1O,False,C13H20N6O4,324.1546,23
Cc1nc(N)c2ncn([C@@H]3O[C@H](COC(C)N)[C@@H](O)[C@H]3O)c2n1,False,C13H20N6O4,324.1546,23
Nc1ncnc2c1ncn2[C@@H]1O[C@@](CO)(COC=O)[C@@H](O)[C@H]1O,False,C12H15N5O6,325.1022,23
Nc1ncnc2c1ncn2[C@@H]1O[C@H](COC=O)[C@@](O)(CO)[C@H]1O,False,C12H15N5O6,325.1022,23
Nc1ncnc2c1ncn2[C@@H]1O[C@H](COC=O)[C@@H](O)[C@@]1(O)CO,False,C12H15N5O6,325.1022,23
Nc1ncnc2c1nc(CO)n2[C@@H]1O[C@H](COC=O)[C@@H](O)[C@H]1O,False,C12H15N5O6,325.1022,23
Nc1nc(CO)nc2c1ncn2[C@@H]1O[C@H](COC=O)[C@@H](O)[C@H]1O,False,C12H15N5O6,325.1022,23
OCC1=Nc2ncnc3c2ncn3[C@@H]2O[C@H](CO1)[C@@H](O)[C@H]2O,False,C12H13N5O5,307.0917,22
Nc1ncnc2c1ncn2[C@@H]1O[C@@H]2COC(O)C(O)O[C@H]2[C@H]1O,False,C12H15N5O6,325.1022,23
Nc1ncnc2c1ncn2[C@@H]1O[C@@H]2COC(O)C(O)O[C@@H]1[C@@H]2O,False,C12H15N5O6,325.1022,23
Nc1ncnc2c1ncn2[C@@H]1O[C@H](C2OCC(O)O2)[C@@H](O)[C@H]1O,False,C12H15N5O6,325.1022,23
Nc1ncnc2c1ncn2[C@@H]1O[C@@]2(COC(O)CO2)[C@@H](O)[C@H]1O,False,C12H15N5O6,325.1022,23
Nc1ncnc2c1ncn2[C@@H]1O[C@@H]2COC(O)CO[C@@]2(O)[C@H]1O,False,C12H15N5O6,325.1022,23
Nc1ncnc2c1ncn2[C@@H]1O[C@@H]2COC(O)CO[C@]1(O)[C@@H]2O,False,C12H15N5O6,325.1022,23
Nc1ncnc2c1ncn2[C@@]12OCC(O)OC[C@@H](O1)[C@@H](O)[C@H]2O,False,C12H15N5O6,325.1022,23
Nc1ncnc2c1nc1n2[C@@H]2O[C@H](COC(O)CO1)[C@@H](O)[C@H]2O,False,C12H15N5O6,325.1022,23
Nc1nc2nc3c1ncn3[C@@H]1O[C@H](COC(O)CO2)[C@@H](O)[C@H]1O,False,C12H15N5O6,325.1022,23
Nc1ncnc2c1ncn2[C@@H]1O[C@H](COC(=O)C=O)[C@@H](O)[C@H]1O,False,C12H13N5O6,323.0866,23
COCC(=O)OC[C@H]1O[C@@H](n2cnc3c(N)ncnc32)[C@H](O)[C@@H]1O,False,C13H17N5O6,339.1179,24
Nc1ncnc2c1ncn2[C@@H]1O[C@H](COC(=O)CCl)[C@@H](O)[C@H]1O,False,C12H14ClN5O5,343.0683,23
Nc1ncnc2c1ncn2[C@@H]1O[C@H](CC(=O)CO)[C@@H](O)[C@H]1O,False,C12H15N5O5,309.1073,22
COC1=Nc2ncnc3c2ncn3[C@@H]2O[C@H](CO1)[C@@H](O)[C@H]2O,False,C12H13N5O5,307.0917,22
Nc1ncnc2c1ncn2[C@@H]1O[C@@H]2COC(O)OCO[C@H]2[C@H]1O,False,C12H15N5O6,325.1022,23
Nc1ncnc2c1ncn2[C@@H]1O[C@@H]2COC(O)OCO[C@@H]1[C@@H]2O,False,C12H15N5O6,325.1022,23
COC(O)OC1O[C@H]2[C@@H](O)[C@H](n3cnc4c(N)ncnc43)O[C@H]12,False,C12H15N5O6,325.1022,23
COC(O)OC1O[C@@H]2[C@H](O)[C@@H]1O[C@H]2n1cnc2c(N)ncnc21,False,C12H15N5O6,325.1022,23
COC(O)OC[C@]12O[C@@H](n3cnc4c(N)ncnc43)[C@H](O)[C@@H]1O2,False,C12H15N5O6,325.1022,23
COC(O)OC[C@]12O[C@@H]([C@H](n3cnc4c(N)ncnc43)O1)[C@@H]2O,False,C12H15N5O6,325.1022,23
COC(O)OC[C@H]1O[C@@H](n2cnc3c(N)ncnc32)[C@@H]2O[C@]12O,False,C12H15N5O6,325.1022,23
COC(O)OC[C@H]1O[C@@H](n2cnc3c(N)ncnc32)[C@]2(O)O[C@H]12,False,C12H15N5O6,325.1022,23
COC(O)OC[C@H]1O[C@@]2(n3cnc4c(N)ncnc43)O[C@H]1[C@H]2O,False,C12H15N5O6,325.1022,23
COC(O)OC[C@H]1O[C@@]2(n3cnc4c(N)ncnc43)O[C@@H]2[C@@H]1O,False,C12H15N5O6,325.1022,23
COC(O)OC[C@H]1O[C@@H]2[C@H](O)[C@@H]1Oc1nc3c(N)ncnc3n12,False,C12H15N5O6,325.1022,23
COC(O)OC[C@H]1O[C@@H]2[C@H](Oc3nc4c(N)ncnc4n32)[C@@H]1O,False,C12H15N5O6,325.1022,23
COC(O)OC[C@H]1O[C@@H]2[C@H](O)[C@@H]1Oc1nc(N)c3ncn2c3n1,False,C12H15N5O6,325.1022,23
COC(O)OC[C@H]1O[C@@H]2[C@H](Oc3nc(N)c4ncn2c4n3)[C@@H]1O,False,C12H15N5O6,325.1022,23
COCOC[C@H]1O[C@@H](n2cnc3c(N)ncnc32)[C@H](O)[C@@H]1O,False,C12H17N5O5,311.123,22
Nc1ncnc2c1ncn2[C@@H]1O[C@@](CO)(COCO)[C@@H](O)[C@H]1O,False,C12H17N5O6,327.1179,23
Nc1ncnc2c1ncn2[C@@H]1O[C@H](COCO)[C@@](O)(CO)[C@H]1O,False,C12H17N5O6,327.1179,23
Nc1ncnc2c1ncn2[C@@H]1O[C@H](COCO)[C@@H](O)[C@@]1(O)CO,False,C12H17N5O6,327.1179,23
Nc1ncnc2c1nc(CO)n2[C@@H]1O[C@H](COCO)[C@@H](O)[C@H]1O,False,C12H17N5O6,327.1179,23
Nc1nc(CO)nc2c1ncn2[C@@H]1O[C@H](COCO)[C@@H](O)[C@H]1O,False,C12H17N5O6,327.1179,23
Nc1ncnc2c1ncn2[C@@H]1O[C@H](COCC=O)[C@@H](O)[C@H]1O,False,C12H15N5O5,309.1073,22
Nc1ncnc2c1ncn2[C@@H]1O[C@H](COC(O)C=O)[C@@H](O)[C@H]1O,False,C12H15N5O6,325.1022,23
COCC(O)OC[C@H]1O[C@@H](n2cnc3c(N)ncnc32)[C@H](O)[C@@H]1O,False,C13H19N5O6,341.1335,24
COC(CO)OC[C@H]1O[C@@H](n2cnc3c(N)ncnc32)[C@H](O)[C@@H]1O,False,C13H19N5O6,341.1335,24
CC(O)(CO)OC[C@H]1O[C@@H](n2cnc3c(N)ncnc32)[C@H](O)[C@@H]1O,False,C13H19N5O6,341.1335,24
Nc1ncnc2c1ncn2[C@@H]1O[C@H](COC(O)CCl)[C@@H](O)[C@H]1O,False,C12H16ClN5O5,345.084,23
Nc1ncnc2c1ncn2[C@@H]1O[C@H](COC(Cl)CO)[C@@H](O)[C@H]1O,False,C12H16ClN5O5,345.084,23
CC(C=O)[C@H]1O[C@@H](n2cnc3c(N)ncnc32)[C@H](O)[C@@H]1O,False,C12H15N5O4,293.1124,21
Nc1ncnc2c1ncn2[C@@H]1O[C@H](CCC=O)[C@@H](O)[C@H]1O,False,C12H15N5O4,293.1124,21
C[C@@]1(CC=O)O[C@@H](n2cnc3c(N)ncnc32)[C@H](O)[C@@H]1O,False,C12H15N5O4,293.1124,21
CC(=O)[C@@]1(C)O[C@@H](n2cnc3c(N)ncnc32)[C@H](O)[C@@H]1O,False,C12H15N5O4,293.1124,21
C[C@]1(O)[C@@H](CC=O)O[C@@H](n2cnc3c(N)ncnc32)[C@@H]1O,False,C12H15N5O4,293.1124,21
CC(=O)[C@]1(O)[C@@H](C)O[C@@H](n2cnc3c(N)ncnc32)[C@@H]1O,False,C12H15N5O4,293.1124,21
CC(=O)C[C@]1(O)CO[C@@H](n2cnc3c(N)ncnc32)[C@@H]1O,False,C12H15N5O4,293.1124,21
C[C@]1(O)[C@H](O)[C@@H](CC=O)O[C@H]1n1cnc2c(N)ncnc21,False,C12H15N5O4,293.1124,21
CC(=O)[C@]1(O)[C@H](O)[C@@H](C)O[C@H]1n1cnc2c(N)ncnc21,False,C12H15N5O4,293.1124,21
CC(=O)C[C@]1(O)[C@H](O)CO[C@H]1n1cnc2c(N)ncnc21,False,C12H15N5O4,293.1124,21
C[C@]1(n2cnc3c(N)ncnc32)O[C@H](CC=O)[C@@H](O)[C@H]1O,False,C12H15N5O4,293.1124,21
CC(=O)[C@]1(n2cnc3c(N)ncnc32)O[C@H](C)[C@@H](O)[C@H]1O,False,C12H15N5O4,293.1124,21
Cc1nc2c(N)ncnc2n1[C@@H]1O[C@H](CC=O)[C@@H](O)[C@H]1O,False,C12H15N5O4,293.1124,21
CC(=O)c1nc2c(N)ncnc2n1[C@@H]1O[C@H](C)[C@@H](O)[C@H]1O,False,C12H15N5O4,293.1124,21
CC(=O)Cc1nc2c(N)ncnc2n1[C@@H]1OC[C@@H](O)[C@H]1O,False,C12H15N5O4,293.1124,21
Cc1nc(N)c2ncn([C@@H]3O[C@H](CC=O)[C@@H](O)[C@H]3O)c2n1,False,C12H15N5O4,293.1124,21
CC(=O)c1nc(N)c2ncn([C@@H]3O[C@H](C)[C@@H](O)[C@H]3O)c2n1,False,C12H15N5O4,293.1124,21
CC(=O)Cc1nc(N)c2ncn([C@@H]3OC[C@@H](O)[C@H]3O)c2n1,False,C12H15N5O4,293.1124,21
CC1=Nc2ncnc3c2ncn3[C@@H]2O[C@H](C1)[C@@H](O)[C@H]2O,False,C12H13N5O3,275.1018,20
CC(O)C1O[C@H]2[C@@H](O)[C@H](n3cnc4c(N)ncnc43)O[C@H]12,False,C12H15N5O4,293.1124,21
CC(O)C1O[C@@H]2[C@H](O)[C@@H]1O[C@H]2n1cnc2c(N)ncnc21,False,C12H15N5O4,293.1124,21
Nc1ncnc2c1ncn2[C@@H]1O[C@@H]2CC(O)CO[C@H]2[C@H]1O,False,C12H15N5O4,293.1124,21
Nc1ncnc2c1ncn2[C@@H]1O[C@@H]2CC(O)CO[C@@H]1[C@@H]2O,False,C12H15N5O4,293.1124,21
CC(O)C[C@]12O[C@@H](n3cnc4c(N)ncnc43)[C@H](O)[C@@H]1O2,False,C12H15N5O4,293.1124,21
CC(O)C[C@]12O[C@@H]([C@H](n3cnc4c(N)ncnc43)O1)[C@@H]2O,False,C12H15N5O4,293.1124,21
CC(O)C[C@H]1O[C@@H](n2cnc3c(N)ncnc32)[C@@H]2O[C@]12O,False,C12H15N5O4,293.1124,21
CC(O)C[C@H]1O[C@@H](n2cnc3c(N)ncnc32)[C@]2(O)O[C@H]12,False,C12H15N5O4,293.1124,21
CC(O)C[C@H]1O[C@@]2(n3cnc4c(N)ncnc43)O[C@H]1[C@H]2O,False,C12H15N5O4,293.1124,21
CC(O)C[C@H]1O[C@@]2(n3cnc4c(N)ncnc43)O[C@@H]2[C@@H]1O,False,C12H15N5O4,293.1124,21
CC(O)C[C@H]1O[C@@H]2[C@H](O)[C@@H]1Oc1nc3c(N)ncnc3n12,False,C12H15N5O4,293.1124,21
CC(O)C[C@H]1O[C@@H]2[C@H](Oc3nc4c(N)ncnc4n32)[C@@H]1O,False,C12H15N5O4,293.1124,21
CC(O)C[C@H]1O[C@@H]2[C@H](O)[C@@H]1Oc1nc(N)c3ncn2c3n1,False,C12H15N5O4,293.1124,21
CC(O)C[C@H]1O[C@@H]2[C@H](Oc3nc(N)c4ncn2c4n3)[C@@H]1O,False,C12H15N5O4,293.1124,21
CC(O)C[C@H]1O[C@@H](n2cnc3c(N)ncnc32)[C@H](O)[C@@H]1O,False,C12H17N5O4,295.1281,21
CC(=O)C(C)[C@H]1O[C@@H](n2cnc3c(N)ncnc32)[C@H](O)[C@@H]1O,False,C13H17N5O4,307.1281,22
CC(=O)C(C(=O)O)[C@H]1O[C@@H](n2cnc3c(N)ncnc32)[C@H](O)[C@@H]1O,False,C13H15N5O6,337.1022,24
Nc1ncnc2c1ncn2[C@@H]1O[C@H](CC(=O)CC(=O)O)[C@@H](O)[C@H]1O,False,C13H15N5O6,337.1022,24
CC(O)(C#N)C[C@H]1O[C@@H](n2cnc3c(N)ncnc32)[C@H](O)[C@@H]1O,False,C13H16N6O4,320.1233,23
CC(N)C[C@H]1O[C@@H](n2cnc3c(N)ncnc32)[C@H](O)[C@@H]1O,False,C12H18N6O3,294.144,21
CC(=O)C(O)[C@H]1O[C@@H](n2cnc3c(N)ncnc32)[C@H](O)[C@@H]1O,False,C12H15N5O5,309.1073,22
COC(=O)C[C@H]1O[C@@H](n2cnc3c(N)ncnc32)[C@H](O)[C@@H]1O,False,C12H15N5O5,309.1073,22
CC(O)C(O)[C@H]1O[C@@H](n2cnc3c(N)ncnc32)[C@H](O)[C@@H]1O,False,C12H17N5O5,311.123,22
Nc1ncnc2c1ncn2[C@@H]1O[C@H](CC(O)CO)[C@@H](O)[C@H]1O,False,C12H17N5O5,311.123,22
Nc1ncnc2c1ncn2[C@@H]1O[C@H](CC=O)[C@@H](O)[C@H]1O,False,C11H13N5O4,279.0968,20
CC(=O)C(C(C)=O)[C@H]1O[C@@H](n2cnc3c(N)ncnc32)[C@H](O)[C@@H]1O,False,C14H17N5O5,335.123,24
CC(=O)CC(=O)C[C@H]1O[C@@H](n2cnc3c(N)ncnc32)[C@H](O)[C@@H]1O,False,C14H17N5O5,335.123,24
CC(=O)C[C@]1(C)O[C@@H](n2cnc3c(N)ncnc32)[C@H](O)[C@@H]1O,False,C13H17N5O4,307.1281,22
CC(=O)C[C@]1(C(C)=O)O[C@@H](n2cnc3c(N)ncnc32)[C@H](O)[C@@H]1O,False,C14H17N5O5,335.123,24
CC(=O)C[C@H]1O[C@@H](n2cnc3c(N)ncnc32)[C@H](O)[C@@]1(C)O,False,C13H17N5O4,307.1281,22
CC(=O)C[C@H]1O[C@@H](n2cnc3c(N)ncnc32)[C@H](O)[C@]1(O)C(C)=O,False,C14H17N5O5,335.123,24
CC(=O)C[C@H]1O[C@@H](n2cnc3c(N)ncnc32)[C@@](C)(O)[C@@H]1O,False,C13H17N5O4,307.1281,22
CC(=O)C[C@H]1O[C@@H](n2cnc3c(N)ncnc32)[C@](O)(C(C)=O)[C@@H]1O,False,C14H17N5O5,335.123,24
CC(=O)C[C@H]1O[C@](C)(n2cnc3c(N)ncnc32)[C@H](O)[C@@H]1O,False,C13H17N5O4,307.1281,22
CC(=O)C[C@H]1O[C@](C(C)=O)(n2cnc3c(N)ncnc32)[C@H](O)[C@@H]1O,False,C14H17N5O5,335.123,24
CC(=O)C[C@H]1O[C@@H](n2c(C)nc3c(N)ncnc32)[C@H](O)[C@@H]1O,False,C13H17N5O4,307.1281,22
CC(=O)C[C@H]1O[C@@H](n2c(C(C)=O)nc3c(N)ncnc32)[C@H](O)[C@@H]1O,False,C14H17N5O5,335.123,24
CC(=O)C[C@H]1O[C@@H](n2cnc3c(N)nc(C)nc32)[C@H](O)[C@@H]1O,False,C13H17N5O4,307.1281,22
CC(=O)C[C@H]1O[C@@H](n2cnc3c(N)nc(C(C)=O)nc32)[C@H](O)[C@@H]1O,False,C14H17N5O5,335.123,24
Nc1ncnc2c1ncn2[C@@H]1O[C@H](CC(=O)OC=O)[C@@H](O)[C@H]1O,False,C12H13N5O6,323.0866,23
CC(=O)OC1=Nc2ncnc3c2ncn3[C@@H]2O[C@H]1[C@@H](O)[C@H]2O,False,C12H11N5O5,305.076,22
CC1=Nc2ncnc3c2ncn3[C@@H]2O[C@H](C(=O)O1)[C@@H](O)[C@H]2O,False,C12H11N5O5,305.076,22
CC(=O)OC(O)[C@]12O[C@@H](n3cnc4c(N)ncnc43)[C@H](O)[C@@H]1O2,False,C12H13N5O6,323.0866,23
CC(=O)OC(O)[C@]12O[C@@H]([C@H](n3cnc4c(N)ncnc43)O1)[C@@H]2O,False,C12H13N5O6,323.0866,23
CC(=O)OC(O)[C@H]1O[C@@H](n2cnc3c(N)ncnc32)[C@@H]2O[C@]12O,False,C12H13N5O6,323.0866,23
Nc1ncnc2c1ncn2[C@@H]1O[C@@H]2C(O)OC(=O)CO[C@H]2[C@H]1O,False,C12H13N5O6,323.0866,23
Nc1ncnc2c1ncn2[C@@H]1O[C@@H]2C(=O)OC(O)CO[C@H]2[C@H]1O,False,C12H13N5O6,323.0866,23
Nc1ncnc2c1ncn2[C@@H]1O[C@@H]2C(O)OC(=O)CO[C@@H]1[C@@H]2O,False,C12H13N5O6,323.0866,23
Nc1ncnc2c1ncn2[C@@H]1O[C@@H]2C(=O)OC(O)CO[C@@H]1[C@@H]2O,False,C12H13N5O6,323.0866,23
CC(=O)OC(O)[C@H]1O[C@@H](n2cnc3c(N)ncnc32)[C@]2(O)O[C@H]12,False,C12H13N5O6,323.0866,23
CC(=O)OC(O)[C@H]1O[C@@]2(n3cnc4c(N)ncnc43)O[C@H]1[C@H]2O,False,C12H13N5O6,323.0866,23
CC(=O)OC(O)[C@H]1O[C@@]2(n3cnc4c(N)ncnc43)O[C@@H]2[C@@H]1O,False,C12H13N5O6,323.0866,23
CC(=O)OC(O)[C@H]1O[C@@H]2[C@H](O)[C@@H]1Oc1nc3c(N)ncnc3n12,False,C12H13N5O6,323.0866,23
CC(=O)OC(O)[C@H]1O[C@@H]2[C@H](Oc3nc4c(N)ncnc4n32)[C@@H]1O,False,C12H13N5O6,323.0866,23
CC(=O)OC(O)[C@H]1O[C@@H]2[C@H](O)[C@@H]1Oc1nc(N)c3ncn2c3n1,False,C12H13N5O6,323.0866,23
CC(=O)OC(O)[C@H]1O[C@@H]2[C@H](Oc3nc(N)c4ncn2c4n3)[C@@H]1O,False,C12H13N5O6,323.0866,23
CC(=O)OC(O)[C@H]1O[C@@H](n2cnc3c(N)ncnc32)[C@H](O)[C@@H]1O,False,C12H15N5O6,325.1022,23
CC(=O)OC(O)(C#N)[C@H]1O[C@@H](n2cnc3c(N)ncnc32)[C@H](O)[C@@H]1O,False,C13H14N6O6,350.0975,25
CC(=O)C(=O)[C@H]1O[C@@H](n2cnc3c(N)ncnc32)[C@H](O)[C@@H]1O,False,C12H13N5O5,307.0917,22
CC(=O)OC(=O)[C@]1(C)O[C@@H](n2cnc3c(N)ncnc32)[C@H](O)[C@@H]1O,False,C13H15N5O6,337.1022,24
CC(=O)OC(=O)[C@H]1O[C@@H](n2cnc3c(N)ncnc32)[C@H](O)[C@@]1(C)O,False,C13H15N5O6,337.1022,24
CC(=O)OC(=O)[C@H]1O[C@@H](n2cnc3c(N)ncnc32)[C@@](C)(O)[C@@H]1O,False,C13H15N5O6,337.1022,24
CC(=O)OC(=O)[C@H]1O[C@](C)(n2cnc3c(N)ncnc32)[C@H](O)[C@@H]1O,False,C13H15N5O6,337.1022,24
CC(=O)OC(=O)[C@H]1O[C@@H](n2c(C)nc3c(N)ncnc32)[C@H](O)[C@@H]1O,False,C13H15N5O6,337.1022,24
CC(=O)OC(=O)[C@H]1O[C@@H](n2cnc3c(N)nc(C)nc32)[C@H](O)[C@@H]1O,False,C13H15N5O6,337.1022,24
CC1=Nc2ncnc3c2ncn3[C@@H]2O[C@H](C(C)O1)[C@@H](O)[C@H]2O,False,C13H15N5O4,305.1124,22
CC(O)OC1CO[C@H]2[C@@H](O)[C@H](n3cnc4c(N)ncnc43)O[C@H]12,False,C13H17N5O5,323.123,23
CC(O)OC1CO[C@@H]2[C@H](O)[C@@H]1O[C@H]2n1cnc2c(N)ncnc21,False,C13H17N5O5,323.123,23
CC1OC(O)CO[C@H]2[C@@H](O)[C@H](n3cnc4c(N)ncnc43)O[C@H]12,False,C13H17N5O5,323.123,23
CC1OC(O)CO[C@@H]2[C@H](O)[C@@H]1O[C@H]2n1cnc2c(N)ncnc21,False,C13H17N5O5,323.123,23
CC(=O)OC(C)(C)[C@H]1O[C@@H](n2cnc3c(N)ncnc32)[C@H](O)[C@@H]1O,False,C14H19N5O5,337.1386,24
CCC(OC(C)=O)[C@H]1O[C@@H](n2cnc3c(N)ncnc32)[C@H](O)[C@@H]1O,False,C14H19N5O5,337.1386,24
CC(=O)OC(C)(O)[C@H]1O[C@@H](n2cnc3c(N)ncnc32)[C@H](O)[C@@H]1O,False,C13H17N5O6,339.1179,24
CC(=O)OC(CO)[C@H]1O[C@@H](n2cnc3c(N)ncnc32)[C@H](O)[C@@H]1O,False,C13H17N5O6,339.1179,24
CC(OC(=O)CO)[C@H]1O[C@@H](n2cnc3c(N)ncnc32)[C@H](O)[C@@H]1O,False,C13H17N5O6,339.1179,24
COC(=O)OC(C)[C@H]1O[C@@H](n2cnc3c(N)ncnc32)[C@H](O)[C@@H]1O,False,C13H17N5O6,339.1179,24
CC(O)OC(C)(O)[C@H]1O[C@@H](n2cnc3c(N)ncnc32)[C@H](O)[C@@H]1O,False,C13H19N5O6,341.1335,24
CC(O)OC(CO)[C@H]1O[C@@H](n2cnc3c(N)ncnc32)[C@H](O)[C@@H]1O,False,C13H19N5O6,341.1335,24
CC(OC(O)CO)[C@H]1O[C@@H](n2cnc3c(N)ncnc32)[C@H](O)[C@@H]1O,False,C13H19N5O6,341.1335,24
CC(=O)OC(C)[C@]1(C)O[C@@H](n2cnc3c(N)ncnc32)[C@H](O)[C@@H]1O,False,C14H19N5O5,337.1386,24
CC(=O)OC(C)[C@H]1O[C@@H](n2cnc3c(N)ncnc32)[C@H](O)[C@@]1(C)O,False,C14H19N5O5,337.1386,24
CC(=O)OC(C)[C@H]1O[C@@H](n2cnc3c(N)ncnc32)[C@@](C)(O)[C@@H]1O,False,C14H19N5O5,337.1386,24
CC(=O)OC(C)[C@H]1O[C@](C)(n2cnc3c(N)ncnc32)[C@H](O)[C@@H]1O,False,C14H19N5O5,337.1386,24
CC(=O)OC(C)[C@H]1O[C@@H](n2c(C)nc3c(N)ncnc32)[C@H](O)[C@@H]1O,False,C14H19N5O5,337.1386,24
CC(=O)OC(C)[C@H]1O[C@@H](n2cnc3c(N)nc(C)nc32)[C@H](O)[C@@H]1O,False,C14H19N5O5,337.1386,24
CC(=O)OC[C@]1(n2cnc3c(N)ncnc32)O[C@H](C)[C@@H](O)[C@H]1O,False,C13H17N5O5,323.123,23
C[C@@]1(COC=O)O[C@@H](n2cnc3c(N)ncnc32)[C@H](O)[C@@]1(C)O,False,C13H17N5O5,323.123,23
C[C@@]1(O)[C@H](n2cnc3c(N)ncnc32)O[C@@](C)(COC=O)[C@H]1O,False,C13H17N5O5,323.123,23
C[C@]1(n2cnc3c(N)ncnc32)O[C@@](C)(COC=O)[C@@H](O)[C@H]1O,False,C13H17N5O5,323.123,23
Cc1nc2c(N)ncnc2n1[C@@H]1O[C@@](C)(COC=O)[C@@H](O)[C@H]1O,False,C13H17N5O5,323.123,23
Cc1nc(N)c2ncn([C@@H]3O[C@@](C)(COC=O)[C@@H](O)[C@H]3O)c2n1,False,C13H17N5O5,323.123,23
CC1=Nc2ncnc3c2ncn3[C@@H]2O[C@@](C)(CO1)[C@@H](O)[C@H]2O,False,C13H15N5O4,305.1124,22
CC(O)OC[C@@]12CO[C@H]1[C@@H](O)[C@H](n1cnc3c(N)ncnc31)O2,False,C13H17N5O5,323.123,23
CC(O)OC[C@]12CO[C@@H]([C@H](n3cnc4c(N)ncnc43)O1)[C@@H]2O,False,C13H17N5O5,323.123,23
C[C@]12COC(O)CO[C@H]1[C@@H](O)[C@H](n1cnc3c(N)ncnc31)O2,False,C13H17N5O5,323.123,23
C[C@@]12COC(O)CO[C@@H]([C@H](n3cnc4c(N)ncnc43)O1)[C@@H]2O,False,C13H17N5O5,323.123,23
C[C@@]1(COC(=O)CO)O[C@@H](n2cnc3c(N)ncnc32)[C@H](O)[C@@H]1O,False,C13H17N5O6,339.1179,24
COC(=O)OC[C@]1(C)O[C@@H](n2cnc3c(N)ncnc32)[C@H](O)[C@@H]1O,False,C13H17N5O6,339.1179,24
C[C@@]1(COC(O)CO)O[C@@H](n2cnc3c(N)ncnc32)[C@H](O)[C@@H]1O,False,C13H19N5O6,341.1335,24
CC[C@@]1(COC(C)=O)O[C@@H](n2cnc3c(N)ncnc32)[C@H](O)[C@@H]1O,False,C14H19N5O5,337.1386,24
CC(=O)OC[C@]1(C)O[C@@H](n2cnc3c(N)ncnc32)[C@H](O)[C@@]1(C)O,False,C14H19N5O5,337.1386,24
CC(=O)OC[C@]1(C)O[C@@H](n2cnc3c(N)ncnc32)[C@@](C)(O)[C@@H]1O,False,C14H19N5O5,337.1386,24
CC(=O)OC[C@]1(C)O[C@](C)(n2cnc3c(N)ncnc32)[C@H](O)[C@@H]1O,False,C14H19N5O5,337.1386,24
CC(=O)OC[C@]1(C)O[C@@H](n2c(C)nc3c(N)ncnc32)[C@H](O)[C@@H]1O,False,C14H19N5O5,337.1386,24
CC(=O)OC[C@]1(C)O[C@@H](n2cnc3c(N)nc(C)nc32)[C@H](O)[C@@H]1O,False,C14H19N5O5,337.1386,24
C[C@]1(O)[C@@H](COC=O)O[C@@H](n2cnc3c(N)ncnc32)[C@@]1(C)O,False,C13H17N5O5,323.123,23
C[C@@]1(O)[C@@H](O)[C@@](C)(n2cnc3c(N)ncnc32)O[C@@H]1COC=O,False,C13H17N5O5,323.123,23
Cc1nc2c(N)ncnc2n1[C@@H]1O[C@H](COC=O)[C@](C)(O)[C@H]1O,False,C13H17N5O5,323.123,23
Cc1nc(N)c2ncn([C@@H]3O[C@H](COC=O)[C@](C)(O)[C@H]3O)c2n1,False,C13H17N5O5,323.123,23
CC1=Nc2ncnc3c2ncn3[C@@H]2O[C@H](CO1)[C@](C)(O)[C@H]2O,False,C13H15N5O4,305.1124,22
CC(O)OC[C@H]1O[C@@H](n2cnc3c(N)ncnc32)[C@H](O)[C@]12CO2,False,C13H17N5O5,323.123,23
CC(O)OC[C@H]1O[C@@H](n2cnc3c(N)ncnc32)[C@@H]2OC[C@]12O,False,C13H17N5O5,323.123,23
C[C@]12OCC(O)OC[C@H]1O[C@@H](n1cnc3c(N)ncnc31)[C@@H]2O,False,C13H17N5O5,323.123,23
C[C@]1(O)[C@H]2COC(O)CO[C@H]1[C@H](n1cnc3c(N)ncnc31)O2,False,C13H17N5O5,323.123,23
C[C@]1(O)[C@@H](COC(=O)CO)O[C@@H](n2cnc3c(N)ncnc32)[C@@H]1O,False,C13H17N5O6,339.1179,24
COC(=O)OC[C@H]1O[C@@H](n2cnc3c(N)ncnc32)[C@H](O)[C@@]1(C)O,False,C13H17N5O6,339.1179,24
C[C@]1(O)[C@@H](COC(O)CO)O[C@@H](n2cnc3c(N)ncnc32)[C@@H]1O,False,C13H19N5O6,341.1335,24
CC[C@]1(O)[C@@H](COC(C)=O)O[C@@H](n2cnc3c(N)ncnc32)[C@@H]1O,False,C14H19N5O5,337.1386,24
CC(=O)OC[C@H]1O[C@@H](n2cnc3c(N)ncnc32)[C@@](C)(O)[C@@]1(C)O,False,C14H19N5O5,337.1386,24
CC(=O)OC[C@H]1O[C@](C)(n2cnc3c(N)ncnc32)[C@H](O)[C@@]1(C)O,False,C14H19N5O5,337.1386,24
CC(=O)OC[C@H]1O[C@@H](n2c(C)nc3c(N)ncnc32)[C@H](O)[C@@]1(C)O,False,C14H19N5O5,337.1386,24
CC(=O)OC[C@H]1O[C@@H](n2cnc3c(N)nc(C)nc32)[C@H](O)[C@@]1(C)O,False,C14H19N5O5,337.1386,24
C[C@]1(O)[C@H](O)[C@@H](COC=O)O[C@]1(C)n1cnc2c(N)ncnc21,False,C13H17N5O5,323.123,23
Cc1nc2c(N)ncnc2n1[C@@H]1O[C@H](COC=O)[C@@H](O)[C@]1(C)O,False,C13H17N5O5,323.123,23
Cc1nc(N)c2ncn([C@@H]3O[C@H](COC=O)[C@@H](O)[C@]3(C)O)c2n1,False,C13H17N5O5,323.123,23
CC1=Nc2ncnc3c2ncn3[C@@H]2O[C@H](CO1)[C@@H](O)[C@]2(C)O,False,C13H15N5O4,305.1124,22
CC(O)OC[C@H]1O[C@@H](n2cnc3c(N)ncnc32)[C@]2(CO2)[C@@H]1O,False,C13H17N5O5,323.123,23
CC(O)OC[C@H]1O[C@@H](n2cnc3c(N)ncnc32)[C@]2(O)CO[C@H]12,False,C13H17N5O5,323.123,23
C[C@@]12OCC(O)OC[C@@H](O[C@H]1n1cnc3c(N)ncnc31)[C@H]2O,False,C13H17N5O5,323.123,23
C[C@]1(O)[C@@H]2OCC(O)OC[C@H]2O[C@H]1n1cnc2c(N)ncnc21,False,C13H17N5O5,323.123,23
C[C@]1(O)[C@H](O)[C@@H](COC(=O)CO)O[C@H]1n1cnc2c(N)ncnc21,False,C13H17N5O6,339.1179,24
COC(=O)OC[C@H]1O[C@@H](n2cnc3c(N)ncnc32)[C@@](C)(O)[C@@H]1O,False,C13H17N5O6,339.1179,24
C[C@]1(O)[C@H](O)[C@@H](COC(O)CO)O[C@H]1n1cnc2c(N)ncnc21,False,C13H19N5O6,341.1335,24
CC[C@]1(O)[C@H](O)[C@@H](COC(C)=O)O[C@H]1n1cnc2c(N)ncnc21,False,C14H19N5O5,337.1386,24
CC(=O)OC[C@H]1O[C@](C)(n2cnc3c(N)ncnc32)[C@@](C)(O)[C@@H]1O,False,C14H19N5O5,337.1386,24
CC(=O)OC[C@H]1O[C@@H](n2c(C)nc3c(N)ncnc32)[C@@](C)(O)[C@@H]1O,False,C14H19N5O5,337.1386,24
CC(=O)OC[C@H]1O[C@@H](n2cnc3c(N)nc(C)nc32)[C@@](C)(O)[C@@H]1O,False,C14H19N5O5,337.1386,24
Cc1nc2c(N)ncnc2n1[C@@]1(C)O[C@H](COC=O)[C@@H](O)[C@H]1O,False,C13H17N5O5,323.123,23
Cc1nc(N)c2ncn([C@@]3(C)O[C@H](COC=O)[C@@H](O)[C@H]3O)c2n1,False,C13H17N5O5,323.123,23
CC1=Nc2ncnc3c2ncn3[C@@]2(C)O[C@H](CO1)[C@@H](O)[C@H]2O,False,C13H15N5O4,305.1124,22
CC(O)OC[C@H]1O[C@@]2(n3cnc4c(N)ncnc43)CO[C@@H]2[C@@H]1O,False,C13H17N5O5,323.123,23
CC(O)OC[C@H]1O[C@@]2(n3cnc4c(N)ncnc43)CO[C@H]1[C@H]2O,False,C13H17N5O5,323.123,23
C[C@]1(n2cnc3c(N)ncnc32)O[C@@H]2COC(O)CO[C@@H]1[C@@H]2O,False,C13H17N5O5,323.123,23
C[C@]1(n2cnc3c(N)ncnc32)O[C@@H]2COC(O)CO[C@H]2[C@H]1O,False,C13H17N5O5,323.123,23
C[C@]1(n2cnc3c(N)ncnc32)O[C@H](COC(=O)CO)[C@@H](O)[C@H]1O,False,C13H17N5O6,339.1179,24
COC(=O)OC[C@H]1O[C@](C)(n2cnc3c(N)ncnc32)[C@H](O)[C@@H]1O,False,C13H17N5O6,339.1179,24
C[C@]1(n2cnc3c(N)ncnc32)O[C@H](COC(O)CO)[C@@H](O)[C@H]1O,False,C13H19N5O6,341.1335,24
CC[C@]1(n2cnc3c(N)ncnc32)O[C@H](COC(C)=O)[C@@H](O)[C@H]1O,False,C14H19N5O5,337.1386,24
CC(=O)OC[C@H]1O[C@](C)(n2c(C)nc3c(N)ncnc32)[C@H](O)[C@@H]1O,False,C14H19N5O5,337.1386,24
CC(=O)OC[C@H]1O[C@](C)(n2cnc3c(N)nc(C)nc32)[C@H](O)[C@@H]1O,False,C14H19N5O5,337.1386,24
Cc1nc(N)c2nc(C)n([C@@H]3O[C@H](COC=O)[C@@H](O)[C@H]3O)c2n1,False,C13H17N5O5,323.123,23
CC1=Nc2ncnc3c2nc(C)n3[C@@H]2O[C@H](CO1)[C@@H](O)[C@H]2O,False,C13H15N5O4,305.1124,22
CC(O)OC[C@H]1O[C@@H]2[C@H](OCc3nc4c(N)ncnc4n32)[C@@H]1O,False,C13H17N5O5,323.123,23
CC(O)OC[C@H]1O[C@@H]2[C@H](O)[C@@H]1OCc1nc3c(N)ncnc3n12,False,C13H17N5O5,323.123,23
Cc1nc2c(N)ncnc2n1[C@@H]1O[C@@H]2COC(O)CO[C@@H]1[C@@H]2O,False,C13H17N5O5,323.123,23
Cc1nc2c(N)ncnc2n1[C@@H]1O[C@@H]2COC(O)CO[C@H]2[C@H]1O,False,C13H17N5O5,323.123,23
Cc1nc2c(N)ncnc2n1[C@@H]1O[C@H](COC(=O)CO)[C@@H](O)[C@H]1O,False,C13H17N5O6,339.1179,24
COC(=O)OC[C@H]1O[C@@H](n2c(C)nc3c(N)ncnc32)[C@H](O)[C@@H]1O,False,C13H17N5O6,339.1179,24
Cc1nc2c(N)ncnc2n1[C@@H]1O[C@H](COC(O)CO)[C@@H](O)[C@H]1O,False,C13H19N5O6,341.1335,24
CCc1nc2c(N)ncnc2n1[C@@H]1O[C@H](COC(C)=O)[C@@H](O)[C@H]1O,False,C14H19N5O5,337.1386,24
CC(=O)OC[C@H]1O[C@@H](n2c(C)nc3c(N)nc(C)nc32)[C@H](O)[C@@H]1O,False,C14H19N5O5,337.1386,24
CC1=Nc2nc(C)nc3c2ncn3[C@@H]2O[C@H](CO1)[C@@H](O)[C@H]2O,False,C13H15N5O4,305.1124,22
CC(O)OC[C@H]1O[C@@H]2[C@H](OCc3nc(N)c4ncn2c4n3)[C@@H]1O,False,C13H17N5O5,323.123,23
CC(O)OC[C@H]1O[C@@H]2[C@H](O)[C@@H]1OCc1nc(N)c3ncn2c3n1,False,C13H17N5O5,323.123,23
Cc1nc(N)c2ncn([C@@H]3O[C@@H]4COC(O)CO[C@@H]3[C@@H]4O)c2n1,False,C13H17N5O5,323.123,23
Cc1nc(N)c2ncn([C@@H]3O[C@@H]4COC(O)CO[C@H]4[C@H]3O)c2n1,False,C13H17N5O5,323.123,23
Cc1nc(N)c2ncn([C@@H]3O[C@H](COC(=O)CO)[C@@H](O)[C@H]3O)c2n1,False,C13H17N5O6,339.1179,24
COC(=O)OC[C@H]1O[C@@H](n2cnc3c(N)nc(C)nc32)[C@H](O)[C@@H]1O,False,C13H17N5O6,339.1179,24
Cc1nc(N)c2ncn([C@@H]3O[C@H](COC(O)CO)[C@@H](O)[C@H]3O)c2n1,False,C13H19N5O6,341.1335,24
CCc1nc(N)c2ncn([C@@H]3O[C@H](COC(C)=O)[C@@H](O)[C@H]3O)c2n1,False,C14H19N5O5,337.1386,24
C[C@]12OC=Nc3ncnc4c3ncn4[C@H](O[C@@H]1CO)[C@@H]2O,False,C12H13N5O4,291.0968,21
Nc1ncnc2c1ncn2[C@@H]1O[C@H](CO)[C@@]2(OCO)CO[C@@H]12,False,C12H15N5O5,309.1073,22
Nc1ncnc2c1ncn2[C@@H]1O[C@@H]2COC[C@@]2(OCO)[C@H]1O,False,C12H15N5O5,309.1073,22
C[C@]1(OCO)[C@H]2CO[C@@]1(O)[C@H](n1cnc3c(N)ncnc31)O2,False,C12H15N5O5,309.1073,22
C[C@@]1(OCO)[C@H]2O[C@@]1(CO)O[C@H]2n1cnc2c(N)ncnc21,False,C12H15N5O5,309.1073,22
C[C@@]1(OCO)[C@@H](O)[C@H](n2cnc3c(N)ncnc32)O[C@@]12CO2,False,C12H15N5O5,309.1073,22
C[C@@]1(OCO)[C@H]2O[C@]2(n2cnc3c(N)ncnc32)O[C@@H]1CO,False,C12H15N5O5,309.1073,22
C[C@@]1(OCO)[C@@H](O)[C@]2(n3cnc4c(N)ncnc43)OC[C@H]1O2,False,C12H15N5O5,309.1073,22
C[C@]1(OCO)[C@@H]2O[C@@H](n3cnc4c(N)ncnc43)[C@@H]1OC2O,False,C12H15N5O5,309.1073,22
C[C@]1(OCO)[C@@H](CO)O[C@@H]2[C@@H]1Oc1nc3c(N)ncnc3n12,False,C12H15N5O5,309.1073,22
C[C@]1(OCO)[C@H]2COc3nc4c(N)ncnc4n3[C@H](O2)[C@@H]1O,False,C12H15N5O5,309.1073,22
C[C@]1(OCO)[C@@H](CO)O[C@@H]2[C@@H]1Oc1nc(N)c3ncn2c3n1,False,C12H15N5O5,309.1073,22
C[C@]1(OCO)[C@H]2COc3nc(N)c4ncn(c4n3)[C@H](O2)[C@@H]1O,False,C12H15N5O5,309.1073,22
CO[C@@]1(C)[C@@H](CO)O[C@@H](n2cnc3c(N)ncnc32)[C@@H]1O,False,C12H17N5O4,295.1281,21
CC(=O)O[C@H]1[C@H](n2cnc3c(N)ncnc32)O[C@H](CO)[C@]1(C)OC=O,False,C14H17N5O6,351.1179,25
C[C@H]1O[C@@H](n2cnc3c(N)ncnc32)[C@H](O)[C@@]1(C)OC=O,False,C12H15N5O4,293.1124,21
C[C@]1(OC=O)[C@@H](C(=O)O)O[C@@H](n2cnc3c(N)ncnc32)[C@@H]1O,False,C12H13N5O6,323.0866,23
C[C@]1(OC=O)[C@@H](CO)O[C@@H](n2cnc3c(N)ncnc32)[C@@H]1OC=O,False,C13H15N5O6,337.1022,24
C[C@]1(O)[C@@H]2OC=Nc3ncnc4c3ncn4[C@@H]1O[C@@H]2CO,False,C12H13N5O4,291.0968,21
Nc1ncnc2c1ncn2[C@@H]1O[C@H](CO)[C@@H](OCO)[C@@]12CO2,False,C12H15N5O5,309.1073,22
Nc1ncnc2c1ncn2[C@@H]1O[C@@H]2COC[C@]1(O)[C@@H]2OCO,False,C12H15N5O5,309.1073,22
C[C@]12O[C@]1(OCO)[C@@H](CO)O[C@H]2n1cnc2c(N)ncnc21,False,C12H15N5O5,309.1073,22
C[C@@]1(O)[C@H](n2cnc3c(N)ncnc32)O[C@@H]2CO[C@]21OCO,False,C12H15N5O5,309.1073,22
C[C@@]12O[C@]1(n1cnc3c(N)ncnc31)O[C@H](CO)[C@H]2OCO,False,C12H15N5O5,309.1073,22
C[C@]1(O)[C@H](OCO)[C@H]2CO[C@]1(n1cnc3c(N)ncnc31)O2,False,C12H15N5O5,309.1073,22
C[C@@]12O[C@@](CO)(O[C@H]1n1cnc3c(N)ncnc31)[C@H]2OCO,False,C12H15N5O5,309.1073,22
C[C@]1(O)[C@H](OCO)[C@]2(CO2)O[C@H]1n1cnc2c(N)ncnc21,False,C12H15N5O5,309.1073,22
C[C@@]12OC(O)[C@@H](O[C@H]1n1cnc3c(N)ncnc31)[C@H]2OCO,False,C12H15N5O5,309.1073,22
C[C@@]12Oc3nc4c(N)ncnc4n3[C@@H]1O[C@H](CO)[C@H]2OCO,False,C12H15N5O5,309.1073,22
C[C@]1(O)[C@H](OCO)[C@H]2COc3nc4c(N)ncnc4n3[C@@H]1O2,False,C12H15N5O5,309.1073,22
C[C@@]12Oc3nc(N)c4ncn(c4n3)[C@@H]1O[C@H](CO)[C@H]2OCO,False,C12H15N5O5,309.1073,22
C[C@]1(O)[C@H](OCO)[C@H]2COc3nc(N)c4ncn(c4n3)[C@@H]1O2,False,C12H15N5O5,309.1073,22
CO[C@@H]1[C@@H](CO)O[C@@H](n2cnc3c(N)ncnc32)[C@@]1(C)O,False,C12H17N5O4,295.1281,21
CC(=O)O[C@@]1(C)[C@H](OC=O)[C@@H](CO)O[C@H]1n1cnc2c(N)ncnc21,False,C14H17N5O6,351.1179,25
C[C@H]1O[C@@H](n2cnc3c(N)ncnc32)[C@@](C)(O)[C@@H]1OC=O,False,C12H15N5O4,293.1124,21
C[C@]1(O)[C@H](OC=O)[C@@H](C(=O)O)O[C@H]1n1cnc2c(N)ncnc21,False,C12H13N5O6,323.0866,23
C[C@]1(OC=O)[C@H](OC=O)[C@@H](CO)O[C@H]1n1cnc2c(N)ncnc21,False,C13H15N5O6,337.1022,24
C[C@H]1O[C@](CO)(n2cnc3c(N)ncnc32)[C@H](O)[C@@H]1OC=O,False,C12H15N5O5,309.1073,22
C[C@@]1(CO)O[C@@H]2[C@H](O)[C@@H]1OC=Nc1ncnc3c1ncn32,False,C12H13N5O4,291.0968,21
Nc1ncnc2c1ncn2[C@@H]1OC2(COC2)[C@@H](OCO)[C@H]1O,False,C12H15N5O5,309.1073,22
Nc1ncnc2c1ncn2[C@@H]1O[C@]2(CO)CO[C@@H]1[C@@H]2OCO,False,C12H15N5O5,309.1073,22
C[C@]12CO[C@@]1(OCO)[C@@H](O)[C@H](n1cnc3c(N)ncnc31)O2,False,C12H15N5O5,309.1073,22
C[C@@]1(CO)O[C@@H](n2cnc3c(N)ncnc32)[C@@H]2O[C@@]21OCO,False,C12H15N5O5,309.1073,22
C[C@]12O[C@@H](n3cnc4c(N)ncnc43)[C@H](OC1O)[C@@H]2OCO,False,C12H15N5O5,309.1073,22
C[C@@]12CO[C@@](O)([C@H](n3cnc4c(N)ncnc43)O1)[C@@H]2OCO,False,C12H15N5O5,309.1073,22
C[C@@]12CO[C@](n3cnc4c(N)ncnc43)(O1)[C@H](O)[C@@H]2OCO,False,C12H15N5O5,309.1073,22
C[C@@]1(CO)O[C@@]2(n3cnc4c(N)ncnc43)O[C@@H]2[C@@H]1OCO,False,C12H15N5O5,309.1073,22
C[C@@]12COc3nc4c(N)ncnc4n3[C@H](O1)[C@H](O)[C@@H]2OCO,False,C12H15N5O5,309.1073,22
C[C@@]1(CO)O[C@@H]2[C@H](Oc3nc4c(N)ncnc4n32)[C@@H]1OCO,False,C12H15N5O5,309.1073,22
C[C@@]12COc3nc(N)c4ncn(c4n3)[C@H](O1)[C@H](O)[C@@H]2OCO,False,C12H15N5O5,309.1073,22
C[C@@]1(CO)O[C@@H]2[C@H](Oc3nc(N)c4ncn2c4n3)[C@@H]1OCO,False,C12H15N5O5,309.1073,22
CO[C@H]1[C@@H](O)[C@H](n2cnc3c(N)ncnc32)O[C@@]1(C)CO,False,C12H17N5O4,295.1281,21
CC(=O)O[C@H]1[C@H](n2cnc3c(N)ncnc32)O[C@@](C)(CO)[C@H]1OC=O,False,C14H17N5O6,351.1179,25
CC1(C)O[C@@H](n2cnc3c(N)ncnc32)[C@H](O)[C@@H]1OC=O,False,C12H15N5O4,293.1124,21
C[C@@]1(C(=O)O)O[C@@H](n2cnc3c(N)ncnc32)[C@H](O)[C@@H]1OC=O,False,C12H13N5O6,323.0866,23
C[C@@]1(CO)O[C@@H](n2cnc3c(N)ncnc32)[C@H](OC=O)[C@@H]1OC=O,False,C13H15N5O6,337.1022,24
C[C@@]12O[C@H](CO)[C@@H](OC=Nc3ncnc4c3ncn41)[C@H]2O,False,C12H13N5O4,291.0968,21
Nc1ncnc2c1ncn2[C@]12CO[C@@H]1[C@H](OCO)[C@@H](CO)O2,False,C12H15N5O5,309.1073,22
Nc1ncnc2c1ncn2[C@@]12COC[C@@H](O1)[C@@H](OCO)[C@H]2O,False,C12H15N5O5,309.1073,22
C[C@]1(n2cnc3c(N)ncnc32)O[C@@H]2CO[C@]1(O)[C@@H]2OCO,False,C12H15N5O5,309.1073,22
C[C@]1(n2cnc3c(N)ncnc32)O[C@H](CO)[C@@]2(OCO)O[C@H]21,False,C12H15N5O5,309.1073,22
C[C@]1(n2cnc3c(N)ncnc32)O[C@@H]2CO[C@@]2(OCO)[C@H]1O,False,C12H15N5O5,309.1073,22
C[C@]12O[C@H](CO)[C@@H](OCO)[C@H]1Oc1nc3c(N)ncnc3n12,False,C12H15N5O5,309.1073,22
C[C@@]12O[C@H](COc3nc4c(N)ncnc4n31)[C@@H](OCO)[C@H]2O,False,C12H15N5O5,309.1073,22
C[C@]1(n2cnc3c(N)ncnc32)O[C@]2(CO)O[C@@H]1[C@@H]2OCO,False,C12H15N5O5,309.1073,22
C[C@]1(n2cnc3c(N)ncnc32)O[C@@]2(CO2)[C@@H](OCO)[C@H]1O,False,C12H15N5O5,309.1073,22
C[C@]1(n2cnc3c(N)ncnc32)O[C@@H]2C(O)O[C@@H]1[C@@H]2OCO,False,C12H15N5O5,309.1073,22
C[C@]12O[C@H](CO)[C@@H](OCO)[C@H]1Oc1nc(N)c3ncn2c3n1,False,C12H15N5O5,309.1073,22
C[C@@]12O[C@H](COc3nc(N)c4ncn1c4n3)[C@@H](OCO)[C@H]2O,False,C12H15N5O5,309.1073,22
CO[C@H]1[C@@H](O)[C@@](C)(n2cnc3c(N)ncnc32)O[C@@H]1CO,False,C12H17N5O4,295.1281,21
CC(=O)O[C@@H]1[C@H](OC=O)[C@@H](CO)O[C@]1(C)n1cnc2c(N)ncnc21,False,C14H17N5O6,351.1179,25
C[C@H]1O[C@](C)(n2cnc3c(N)ncnc32)[C@H](O)[C@@H]1OC=O,False,C12H15N5O4,293.1124,21
C[C@]1(n2cnc3c(N)ncnc32)O[C@H](C(=O)O)[C@@H](OC=O)[C@H]1O,False,C12H13N5O6,323.0866,23
C[C@]1(n2cnc3c(N)ncnc32)O[C@H](CO)[C@@H](OC=O)[C@H]1OC=O,False,C13H15N5O6,337.1022,24
Nc1ncnc2c1ncn2[C@@H]1OC[C@@H](OC=O)[C@H]1O,False,C10H11N5O4,265.0811,19
CC(O)[C@H]1O[C@@H]2[C@H](O)[C@@H]1OC=Nc1ncnc3c1ncn32,False,C12H13N5O4,291.0968,21
CC1(O)O[C@@H]2[C@H](OCO)[C@@H]1O[C@H]2n1cnc2c(N)ncnc21,False,C12H15N5O5,309.1073,22
Nc1ncnc2c1ncn2[C@@H]1O[C@H](C2CO2)[C@@H](OCO)[C@H]1O,False,C12H15N5O5,309.1073,22
Nc1ncnc2c1ncn2[C@@H]1O[C@@H]2C(O)CO[C@@H]1[C@@H]2OCO,False,C12H15N5O5,309.1073,22
CC1O[C@]12O[C@@H](n1cnc3c(N)ncnc31)[C@H](O)[C@@H]2OCO,False,C12H15N5O5,309.1073,22
CC(O)[C@]12O[C@@H]([C@H](n3cnc4c(N)ncnc43)O1)[C@@H]2OCO,False,C12H15N5O5,309.1073,22
CC1O[C@]2(OCO)[C@@H]1O[C@@H](n1cnc3c(N)ncnc31)[C@@H]2O,False,C12H15N5O5,309.1073,22
CC(O)[C@H]1O[C@@H](n2cnc3c(N)ncnc32)[C@@H]2O[C@]12OCO,False,C12H15N5O5,309.1073,22
CC1O[C@]2(O)[C@H](OCO)[C@@H]1O[C@H]2n1cnc2c(N)ncnc21,False,C12H15N5O5,309.1073,22
CC1O[C@]2(n3cnc4c(N)ncnc43)O[C@H]1[C@@H](OCO)[C@H]2O,False,C12H15N5O5,309.1073,22
CC(O)[C@H]1O[C@@]2(n3cnc4c(N)ncnc43)O[C@@H]2[C@@H]1OCO,False,C12H15N5O5,309.1073,22
CC1Oc2nc3c(N)ncnc3n2[C@@H]2O[C@H]1[C@@H](OCO)[C@H]2O,False,C12H15N5O5,309.1073,22
CC(O)[C@H]1O[C@@H]2[C@H](Oc3nc4c(N)ncnc4n32)[C@@H]1OCO,False,C12H15N5O5,309.1073,22
CC1Oc2nc(N)c3ncn(c3n2)[C@@H]2O[C@H]1[C@@H](OCO)[C@H]2O,False,C12H15N5O5,309.1073,22
CC(O)[C@H]1O[C@@H]2[C@H](Oc3nc(N)c4ncn2c4n3)[C@@H]1OCO,False,C12H15N5O5,309.1073,22
CO[C@H]1[C@@H](O)[C@H](n2cnc3c(N)ncnc32)O[C@@H]1C(C)O,False,C12H17N5O4,295.1281,21
CC(C)(O)[C@H]1O[C@@H](n2cnc3c(N)ncnc32)[C@H](O)[C@@H]1OC=O,False,C13H17N5O5,323.123,23
CCC(O)[C@H]1O[C@@H](n2cnc3c(N)ncnc32)[C@H](O)[C@@H]1OC=O,False,C13H17N5O5,323.123,23
CC(=O)O[C@@H]1[C@H](OC=O)[C@@H](C(C)O)O[C@H]1n1cnc2c(N)ncnc21,False,C14H17N5O6,351.1179,25
CC(Cl)[C@H]1O[C@@H](n2cnc3c(N)ncnc32)[C@H](O)[C@@H]1OC=O,False,C12H14ClN5O4,327.0734,22
CC(O)(O)[C@H]1O[C@@H](n2cnc3c(N)ncnc32)[C@H](O)[C@@H]1OC=O,False,C12H15N5O6,325.1022,23
Nc1ncnc2c1ncn2[C@@H]1O[C@H](C(O)CO)[C@@H](OC=O)[C@H]1O,False,C12H15N5O6,325.1022,23
CC(O)(O)[C@H]1O[C@@H](n2cnc3c(N)ncnc32)[C@H](O)[C@@H]1OCO,False,C12H17N5O6,327.1179,23
Nc1ncnc2c1ncn2[C@@H]1O[C@H](C(O)CO)[C@@H](OCO)[C@H]1O,False,C12H17N5O6,327.1179,23
CC[C@H]1O[C@@H](n2cnc3c(N)ncnc32)[C@H](O)[C@@H]1OC=O,False,C12H15N5O4,293.1124,21
CC(O)[C@H]1O[C@@H](n2cnc3c(N)ncnc32)[C@H](OC=O)[C@@H]1OC=O,False,C13H15N5O6,337.1022,24
CC(O)[C@]1(C)O[C@@H](n2cnc3c(N)ncnc32)[C@H](O)[C@@H]1OC=O,False,C13H17N5O5,323.123,23
CC(O)[C@H]1O[C@@H](n2cnc3c(N)ncnc32)[C@H](O)[C@@]1(C)OC=O,False,C13H17N5O5,323.123,23
CC(O)[C@H]1O[C@@H](n2cnc3c(N)ncnc32)[C@@](C)(O)[C@@H]1OC=O,False,C13H17N5O5,323.123,23
CC(O)[C@H]1O[C@](C)(n2cnc3c(N)ncnc32)[C@H](O)[C@@H]1OC=O,False,C13H17N5O5,323.123,23
Cc1nc2c(N)ncnc2n1[C@@H]1O[C@H](C(C)O)[C@@H](OC=O)[C@H]1O,False,C13H17N5O5,323.123,23
Cc1nc(N)c2ncn([C@@H]3O[C@H](C(C)O)[C@@H](OC=O)[C@H]3O)c2n1,False,C13H17N5O5,323.123,23
Cc1nc2c3ncnc2n1[C@@H]1O[C@H](CO)[C@@H](OC=N3)[C@H]1O,False,C12H13N5O4,291.0968,21
Nc1ncnc2c1nc1n2[C@@H]2O[C@H](CO)[C@@H](OCO)[C@H]2OC1,False,C12H15N5O5,309.1073,22
Nc1ncnc2c1nc1n2[C@@H]2O[C@H](COC1)[C@@H](OCO)[C@H]2O,False,C12H15N5O5,309.1073,22
Cc1nc2c(N)ncnc2n1[C@]12O[C@@H]1[C@H](OCO)[C@@H](CO)O2,False,C12H15N5O5,309.1073,22
Cc1nc2c(N)ncnc2n1[C@@]12OC[C@@H](O1)[C@@H](OCO)[C@H]2O,False,C12H15N5O5,309.1073,22
Cc1nc2c(N)ncnc2n1[C@@H]1O[C@@H]2CO[C@]1(O)[C@@H]2OCO,False,C12H15N5O5,309.1073,22
Cc1nc2c(N)ncnc2n1[C@@H]1O[C@H](CO)[C@@]2(OCO)O[C@@H]12,False,C12H15N5O5,309.1073,22
Cc1nc2c(N)ncnc2n1[C@@H]1O[C@@H]2CO[C@@]2(OCO)[C@H]1O,False,C12H15N5O5,309.1073,22
Cc1nc2c(N)ncnc2n1[C@@H]1O[C@]2(CO)O[C@@H]1[C@@H]2OCO,False,C12H15N5O5,309.1073,22
Cc1nc2c(N)ncnc2n1[C@@H]1O[C@@]2(CO2)[C@@H](OCO)[C@H]1O,False,C12H15N5O5,309.1073,22
Cc1nc2c(N)nc3nc2n1[C@@H]1O[C@H](CO)[C@@H](OCO)[C@H]1O3,False,C12H15N5O5,309.1073,22
Cc1nc2c(N)nc3nc2n1[C@@H]1O[C@H](CO3)[C@@H](OCO)[C@H]1O,False,C12H15N5O5,309.1073,22
Cc1nc2c(N)ncnc2n1[C@@H]1O[C@@H]2C(O)O[C@@H]1[C@@H]2OCO,False,C12H15N5O5,309.1073,22
CO[C@H]1[C@@H](O)[C@H](n2c(C)nc3c(N)ncnc32)O[C@@H]1CO,False,C12H17N5O4,295.1281,21
CC(=O)O[C@@H]1[C@H](OC=O)[C@@H](CO)O[C@H]1n1c(C)nc2c(N)ncnc21,False,C14H17N5O6,351.1179,25
Cc1nc2c(N)ncnc2n1[C@@H]1O[C@H](C)[C@@H](OC=O)[C@H]1O,False,C12H15N5O4,293.1124,21
Cc1nc2c(N)ncnc2n1[C@@H]1O[C@H](C(=O)O)[C@@H](OC=O)[C@H]1O,False,C12H13N5O6,323.0866,23
Cc1nc2c(N)ncnc2n1[C@@H]1O[C@H](CO)[C@@H](OC=O)[C@H]1OC=O,False,C13H15N5O6,337.1022,24
Cc1nc2c3ncn(c3n1)[C@@H]1O[C@H](CO)[C@@H](OC=N2)[C@H]1O,False,C12H13N5O4,291.0968,21
Nc1nc2nc3c1ncn3[C@@H]1O[C@H](CO)[C@@H](OCO)[C@H]1OC2,False,C12H15N5O5,309.1073,22
Nc1nc2nc3c1ncn3[C@@H]1O[C@H](COC2)[C@@H](OCO)[C@H]1O,False,C12H15N5O5,309.1073,22
Cc1nc(N)c2ncn([C@]34O[C@@H]3[C@H](OCO)[C@@H](CO)O4)c2n1,False,C12H15N5O5,309.1073,22
Cc1nc(N)c2ncn([C@@]34OC[C@@H](O3)[C@@H](OCO)[C@H]4O)c2n1,False,C12H15N5O5,309.1073,22
Cc1nc(N)c2nc3n(c2n1)[C@@H]1O[C@H](CO)[C@@H](OCO)[C@H]1O3,False,C12H15N5O5,309.1073,22
Cc1nc(N)c2nc3n(c2n1)[C@@H]1O[C@H](CO3)[C@@H](OCO)[C@H]1O,False,C12H15N5O5,309.1073,22
Cc1nc(N)c2ncn([C@@H]3O[C@@H]4CO[C@]3(O)[C@@H]4OCO)c2n1,False,C12H15N5O5,309.1073,22
Cc1nc(N)c2ncn([C@@H]3O[C@H](CO)[C@@]4(OCO)O[C@@H]34)c2n1,False,C12H15N5O5,309.1073,22
Cc1nc(N)c2ncn([C@@H]3O[C@@H]4CO[C@@]4(OCO)[C@H]3O)c2n1,False,C12H15N5O5,309.1073,22
Cc1nc(N)c2ncn([C@@H]3O[C@]4(CO)O[C@@H]3[C@@H]4OCO)c2n1,False,C12H15N5O5,309.1073,22
Cc1nc(N)c2ncn([C@@H]3O[C@@]4(CO4)[C@@H](OCO)[C@H]3O)c2n1,False,C12H15N5O5,309.1073,22
Cc1nc(N)c2ncn([C@@H]3O[C@@H]4C(O)O[C@@H]3[C@@H]4OCO)c2n1,False,C12H15N5O5,309.1073,22
CO[C@H]1[C@@H](O)[C@H](n2cnc3c(N)nc(C)nc32)O[C@@H]1CO,False,C12H17N5O4,295.1281,21
CC(=O)O[C@@H]1[C@H](OC=O)[C@@H](CO)O[C@H]1n1cnc2c(N)nc(C)nc21,False,C14H17N5O6,351.1179,25
Cc1nc(N)c2ncn([C@@H]3O[C@H](C)[C@@H](OC=O)[C@H]3O)c2n1,False,C12H15N5O4,293.1124,21
Cc1nc(N)c2ncn([C@@H]3O[C@H](C(=O)O)[C@@H](OC=O)[C@H]3O)c2n1,False,C12H13N5O6,323.0866,23
Cc1nc(N)c2ncn([C@@H]3O[C@H](CO)[C@@H](OC=O)[C@H]3OC=O)c2n1,False,C13H15N5O6,337.1022,24
CC1=Nc2nc(CO)nc3c2ncn3[C@@H]2OC[C@@H](O1)[C@H]2O,False,C12H13N5O4,291.0968,21
CC1=Nc2ncnc3c2nc(CO)n3[C@@H]2OC[C@@H](O1)[C@H]2O,False,C12H13N5O4,291.0968,21
CC1=Nc2ncnc3c2ncn3[C@@H]2OC[C@@H](O1)[C@@]2(O)CO,False,C12H13N5O4,291.0968,21
CC1=Nc2ncnc3c2ncn3[C@@H]2OC[C@](CO)(O1)[C@H]2O,False,C12H13N5O4,291.0968,21
OCCC1=Nc2ncnc3c2ncn3[C@@H]2OC[C@@H](O1)[C@H]2O,False,C12H13N5O4,291.0968,21
CC(=O)O[C@@H]1[C@@H]2OC(C)=Nc3ncnc4c3ncn4[C@@H]1O[C@@H]2CO,False,C14H15N5O5,333.1073,24
CC1=Nc2ncnc3c2ncn3[C@@H]2O[C@H](C)[C@@H](O1)[C@H]2O,False,C12H13N5O3,275.1018,20
CC1=Nc2ncnc3c2ncn3[C@@H]2O[C@H](C(=O)O)[C@@H](O1)[C@H]2O,False,C12H11N5O5,305.076,22
Nc1ncnc2c1ncn2[C@@H]1OC[C@H]2OC(O)C(CO)O[C@@H]12,False,C12H15N5O5,309.1073,22
Nc1ncnc2c1ncn2[C@@H]1OC[C@H]2OC(O)(CO)CO[C@@H]12,False,C12H15N5O5,309.1073,22
Nc1ncnc2c1ncn2[C@@H]1OC[C@H]2OC(O)CO[C@@]21CO,False,C12H15N5O5,309.1073,22
Nc1ncnc2c1ncn2[C@@H]1OC[C@]2(CO)OC(O)CO[C@@H]12,False,C12H15N5O5,309.1073,22
Nc1ncnc2c1nc(CO)n2[C@@H]1OC[C@H]2OC(O)CO[C@@H]12,False,C12H15N5O5,309.1073,22
Nc1nc(CO)nc2c1ncn2[C@@H]1OC[C@H]2OC(O)CO[C@@H]12,False,C12H15N5O5,309.1073,22
COC1CO[C@@H]2[C@H](O1)[C@@H](CO)O[C@H]2n1cnc2c(N)ncnc21,False,C13H17N5O5,323.123,23
CC(=O)OC1CO[C@@H]2[C@H](O1)[C@@H](CO)O[C@H]2n1cnc2c(N)ncnc21,False,C14H17N5O6,351.1179,25
C[C@H]1O[C@@H](n2cnc3c(N)ncnc32)[C@@H]2OCC(O)O[C@@H]21,False,C12H15N5O4,293.1124,21
Nc1ncnc2c1ncn2[C@@H]1O[C@H](C(=O)O)[C@H]2OC(O)CO[C@H]21,False,C12H13N5O6,323.0866,23
COC1COC[C@H]2O[C@@H](n3cnc4c(N)ncnc43)[C@H](O)[C@@H]2O1,False,C13H17N5O5,323.123,23
CC(=O)OC1COC[C@H]2O[C@@H](n3cnc4c(N)ncnc43)[C@H](O)[C@@H]2O1,False,C14H17N5O6,351.1179,25
CC(=O)O[C@@H]1[C@@H]2OC(O)COC[C@H]2O[C@H]1n1cnc2c(N)ncnc21,False,C14H17N5O6,351.1179,25
CC(O)(CO)O[C@@]12CO[C@@H](n3cnc4c(N)ncnc43)[C@@H]1O2,False,C12H15N5O5,309.1073,22
CC(O)O[C@@]12CO[C@@H](n3cnc4c(N)ncnc43)[C@@]1(CO)O2,False,C12H15N5O5,309.1073,22
CC(O)O[C@@]12CO[C@@H](n3c(CO)nc4c(N)ncnc43)[C@@H]1O2,False,C12H15N5O5,309.1073,22
CC(O)O[C@@]12CO[C@@H](n3cnc4c(N)nc(CO)nc43)[C@@H]1O2,False,C12H15N5O5,309.1073,22
Nc1ncnc2c1ncn2[C@@H]1OC[C@@]2(OC(O)CCO)O[C@@H]12,False,C12H15N5O5,309.1073,22
Nc1ncnc2c1ncn2[C@@H]1O[C@H](CO)[C@@]2(OC=O)O[C@@H]12,False,C11H11N5O5,293.076,21
CCO[C@]12O[C@H]1[C@H](n1cnc3c(N)ncnc31)O[C@@H]2C=O,False,C12H13N5O4,291.0968,21
COC(C)O[C@]12O[C@H]1[C@H](n1cnc3c(N)ncnc31)O[C@@H]2CO,False,C13H17N5O5,323.123,23
CC(C)(O)O[C@]12O[C@H]1[C@H](n1cnc3c(N)ncnc31)O[C@@H]2CO,False,C13H17N5O5,323.123,23
CCC(O)O[C@]12O[C@H]1[C@H](n1cnc3c(N)ncnc31)O[C@@H]2CO,False,C13H17N5O5,323.123,23
CC(=O)OC(C)O[C@]12O[C@H]1[C@H](n1cnc3c(N)ncnc31)O[C@@H]2CO,False,C14H17N5O6,351.1179,25
CC(Cl)O[C@]12O[C@H]1[C@H](n1cnc3c(N)ncnc31)O[C@@H]2CO,False,C12H14ClN5O4,327.0734,22
CC(O)(O)O[C@]12O[C@H]1[C@H](n1cnc3c(N)ncnc31)O[C@@H]2CO,False,C12H15N5O6,325.1022,23
Nc1ncnc2c1ncn2[C@@H]1O[C@H](CO)[C@@]2(OC(O)CO)O[C@@H]12,False,C12H15N5O6,325.1022,23
CC(O)O[C@@]1(O)[C@@H](CO)O[C@@H](n2cnc3c(N)ncnc32)[C@@H]1O,False,C12H17N5O6,327.1179,23
Nc1ncnc2c1ncn2[C@@H]1O[C@@H]2CO[C@]2(O)[C@H]1O,False,C10H11N5O4,265.0811,19
CCO[C@]12O[C@H]1[C@H](n1cnc3c(N)ncnc31)O[C@@H]2CO,False,C12H15N5O4,293.1124,21
CC(O)O[C@]12O[C@H]1[C@H](n1cnc3c(N)ncnc31)O[C@@H]2C,False,C12H15N5O4,293.1124,21
CC(O)O[C@]12O[C@H]1[C@H](n1cnc3c(N)ncnc31)O[C@@H]2C(=O)O,False,C12H13N5O6,323.0866,23
CC(O)OC(C)O[C@]12O[C@H]1[C@H](n1cnc3c(N)ncnc31)O[C@@H]2CO,False,C14H19N5O6,353.1335,25
CC(O)O[C@]12O[C@]1(C)[C@H](n1cnc3c(N)ncnc31)O[C@@H]2CO,False,C13H17N5O5,323.123,23
CC(O)O[C@]12O[C@H]1[C@H](n1cnc3c(N)ncnc31)O[C@@]2(C)CO,False,C13H17N5O5,323.123,23
CC(O)O[C@]12O[C@H]1[C@@](C)(n1cnc3c(N)ncnc31)O[C@@H]2CO,False,C13H17N5O5,323.123,23
CC(O)O[C@]12O[C@H]1[C@H](n1cnc3c(N)ncnc31)O[C@@H]2C(C)O,False,C13H17N5O5,323.123,23
Cc1nc2c(N)ncnc2n1[C@@H]1O[C@H](CO)[C@@]2(OC(C)O)O[C@@H]12,False,C13H17N5O5,323.123,23
Cc1nc(N)c2ncn([C@@H]3O[C@H](CO)[C@@]4(OC(C)O)O[C@@H]34)c2n1,False,C13H17N5O5,323.123,23
Nc1ncnc2c1ncn2[C@@H]1O[C@@H]2CO[C@@]2(OC=O)[C@H]1O,False,C11H11N5O5,293.076,21
CC(=O)O[C@@]12OC[C@H]1O[C@@H](n1cnc3c(N)ncnc31)[C@@H]2O,False,C12H13N5O5,307.0917,22
COC(C)O[C@@]12OC[C@H]1O[C@@H](n1cnc3c(N)ncnc31)[C@@H]2O,False,C13H17N5O5,323.123,23
CC(C)(O)O[C@@]12OC[C@H]1O[C@@H](n1cnc3c(N)ncnc31)[C@@H]2O,False,C13H17N5O5,323.123,23
CCC(O)O[C@@]12OC[C@H]1O[C@@H](n1cnc3c(N)ncnc31)[C@@H]2O,False,C13H17N5O5,323.123,23
CC(=O)OC(C)O[C@@]12OC[C@H]1O[C@@H](n1cnc3c(N)ncnc31)[C@@H]2O,False,C14H17N5O6,351.1179,25
CC(=O)O[C@H]1[C@H](n2cnc3c(N)ncnc32)O[C@@H]2CO[C@]21OC(C)O,False,C14H17N5O6,351.1179,25
CC(Cl)O[C@@]12OC[C@H]1O[C@@H](n1cnc3c(N)ncnc31)[C@@H]2O,False,C12H14ClN5O4,327.0734,22
CC(O)(O)O[C@@]12OC[C@H]1O[C@@H](n1cnc3c(N)ncnc31)[C@@H]2O,False,C12H15N5O6,325.1022,23
Nc1ncnc2c1ncn2[C@@H]1O[C@@H]2CO[C@@]2(OC(O)CO)[C@H]1O,False,C12H15N5O6,325.1022,23
CCO[C@@]12OC[C@H]1O[C@@H](n1cnc3c(N)ncnc31)[C@@H]2O,False,C12H15N5O4,293.1124,21
CC(O)O[C@H]1[C@H](n2cnc3c(N)ncnc32)O[C@@H]2CO[C@]21OC(C)O,False,C14H19N5O6,353.1335,25
CC(O)OC(C)O[C@@]12OC[C@H]1O[C@@H](n1cnc3c(N)ncnc31)[C@@H]2O,False,C14H19N5O6,353.1335,25
CC(O)O[C@@]12OC[C@H]1O[C@@H](n1cnc3c(N)ncnc31)[C@@]2(C)O,False,C13H17N5O5,323.123,23
CC(O)O[C@@]12OC[C@]1(C)O[C@@H](n1cnc3c(N)ncnc31)[C@@H]2O,False,C13H17N5O5,323.123,23
CC(O)O[C@@]12OC[C@H]1O[C@](C)(n1cnc3c(N)ncnc31)[C@@H]2O,False,C13H17N5O5,323.123,23
CC(O)O[C@@]12OC(C)[C@H]1O[C@@H](n1cnc3c(N)ncnc31)[C@@H]2O,False,C13H17N5O5,323.123,23
Cc1nc2c(N)ncnc2n1[C@@H]1O[C@@H]2CO[C@@]2(OC(C)O)[C@H]1O,False,C13H17N5O5,323.123,23
Cc1nc(N)c2ncn([C@@H]3O[C@@H]4CO[C@@]4(OC(C)O)[C@H]3O)c2n1,False,C13H17N5O5,323.123,23
Nc1ncnc2c1ncn2[C@@H]1O[C@@H]2CO[C@]1(O)[C@@H]2OC=O,False,C11H11N5O5,293.076,21
CC(=O)O[C@@H]1[C@H]2CO[C@@]1(O)[C@H](n1cnc3c(N)ncnc31)O2,False,C12H13N5O5,307.0917,22
COC(C)O[C@@H]1[C@H]2CO[C@@]1(O)[C@H](n1cnc3c(N)ncnc31)O2,False,C13H17N5O5,323.123,23
CC(C)(O)O[C@@H]1[C@H]2CO[C@@]1(O)[C@H](n1cnc3c(N)ncnc31)O2,False,C13H17N5O5,323.123,23
CCC(O)O[C@@H]1[C@H]2CO[C@@]1(O)[C@H](n1cnc3c(N)ncnc31)O2,False,C13H17N5O5,323.123,23
CC(=O)OC(C)O[C@@H]1[C@H]2CO[C@@]1(O)[C@H](n1cnc3c(N)ncnc31)O2,False,C14H17N5O6,351.1179,25
CC(=O)O[C@]12OC[C@@H](O[C@H]1n1cnc3c(N)ncnc31)[C@H]2OC(C)O,False,C14H17N5O6,351.1179,25
CC(Cl)O[C@@H]1[C@H]2CO[C@@]1(O)[C@H](n1cnc3c(N)ncnc31)O2,False,C12H14ClN5O4,327.0734,22
CC(O)(O)O[C@@H]1[C@H]2CO[C@@]1(O)[C@H](n1cnc3c(N)ncnc31)O2,False,C12H15N5O6,325.1022,23
Nc1ncnc2c1ncn2[C@@H]1O[C@@H]2CO[C@]1(O)[C@@H]2OC(O)CO,False,C12H15N5O6,325.1022,23
CCO[C@@H]1[C@H]2CO[C@@]1(O)[C@H](n1cnc3c(N)ncnc31)O2,False,C12H15N5O4,293.1124,21
CC(O)O[C@@H]1[C@H]2CO[C@@]1(OC(C)O)[C@H](n1cnc3c(N)ncnc31)O2,False,C14H19N5O6,353.1335,25
CC(O)OC(C)O[C@@H]1[C@H]2CO[C@@]1(O)[C@H](n1cnc3c(N)ncnc31)O2,False,C14H19N5O6,353.1335,25
CC(O)O[C@@]1(C)[C@H]2CO[C@@]1(O)[C@H](n1cnc3c(N)ncnc31)O2,False,C13H17N5O5,323.123,23
CC(O)O[C@@H]1[C@H]2CO[C@@]1(O)[C@@](C)(n1cnc3c(N)ncnc31)O2,False,C13H17N5O5,323.123,23
CC(O)O[C@H]1[C@@]2(O)OC[C@]1(C)O[C@H]2n1cnc2c(N)ncnc21,False,C13H17N5O5,323.123,23
CC(O)O[C@@H]1[C@@H]2O[C@@H](n3cnc4c(N)ncnc43)[C@]1(O)OC2C,False,C13H17N5O5,323.123,23
Cc1nc2c(N)ncnc2n1[C@@H]1O[C@@H]2CO[C@]1(O)[C@@H]2OC(C)O,False,C13H17N5O5,323.123,23
Cc1nc(N)c2ncn([C@@H]3O[C@@H]4CO[C@]3(O)[C@@H]4OC(C)O)c2n1,False,C13H17N5O5,323.123,23
CC(O)(CO)O[C@@H]1[C@H]2O[C@H]1[C@H](n1cnc3c(N)ncnc31)O2,False,C12H15N5O5,309.1073,22
CC(O)O[C@@]1(CO)[C@@H]2O[C@@H](n3cnc4c(N)ncnc43)[C@@H]1O2,False,C12H15N5O5,309.1073,22
CC(O)O[C@@H]1[C@@H]2O[C@@H](n3cnc4c(N)ncnc43)[C@@]1(CO)O2,False,C12H15N5O5,309.1073,22
CC(O)O[C@@H]1[C@H]2O[C@H]1[C@@](CO)(n1cnc3c(N)ncnc31)O2,False,C12H15N5O5,309.1073,22
CC(O)O[C@@H]1[C@H]2O[C@H]1[C@H](n1c(CO)nc3c(N)ncnc31)O2,False,C12H15N5O5,309.1073,22
CC(O)O[C@@H]1[C@H]2O[C@H]1[C@H](n1cnc3c(N)nc(CO)nc31)O2,False,C12H15N5O5,309.1073,22
Nc1ncnc2c1ncn2[C@@H]1O[C@@H]2O[C@@H]1[C@@H]2OC(O)CCO,False,C12H15N5O5,309.1073,22
Nc1ncnc2c1ncn2[C@@H]1O[C@]2(CO)O[C@@H]1[C@@H]2OC=O,False,C11H11N5O5,293.076,21
CCO[C@H]1[C@H]2O[C@@]1(C=O)O[C@H]2n1cnc2c(N)ncnc21,False,C12H13N5O4,291.0968,21
COC(C)O[C@H]1[C@H]2O[C@@]1(CO)O[C@H]2n1cnc2c(N)ncnc21,False,C13H17N5O5,323.123,23
CC(C)(O)O[C@H]1[C@H]2O[C@@]1(CO)O[C@H]2n1cnc2c(N)ncnc21,False,C13H17N5O5,323.123,23
CCC(O)O[C@H]1[C@H]2O[C@@]1(CO)O[C@H]2n1cnc2c(N)ncnc21,False,C13H17N5O5,323.123,23
CC(=O)OC(C)O[C@H]1[C@H]2O[C@@]1(CO)O[C@H]2n1cnc2c(N)ncnc21,False,C14H17N5O6,351.1179,25
CC(Cl)O[C@H]1[C@H]2O[C@@]1(CO)O[C@H]2n1cnc2c(N)ncnc21,False,C12H14ClN5O4,327.0734,22
CC(O)(O)O[C@H]1[C@H]2O[C@@]1(CO)O[C@H]2n1cnc2c(N)ncnc21,False,C12H15N5O6,325.1022,23
Nc1ncnc2c1ncn2[C@@H]1O[C@]2(CO)O[C@@H]1[C@@H]2OC(O)CO,False,C12H15N5O6,325.1022,23
CCO[C@H]1[C@H]2O[C@@]1(CO)O[C@H]2n1cnc2c(N)ncnc21,False,C12H15N5O4,293.1124,21
CC(O)O[C@H]1[C@H]2O[C@@]1(C)O[C@H]2n1cnc2c(N)ncnc21,False,C12H15N5O4,293.1124,21
CC(O)O[C@H]1[C@H]2O[C@@]1(C(=O)O)O[C@H]2n1cnc2c(N)ncnc21,False,C12H13N5O6,323.0866,23
CC(O)OC(C)O[C@H]1[C@H]2O[C@@]1(CO)O[C@H]2n1cnc2c(N)ncnc21,False,C14H19N5O6,353.1335,25
CC(O)O[C@]1(C)[C@H]2O[C@@]1(CO)O[C@H]2n1cnc2c(N)ncnc21,False,C13H17N5O5,323.123,23
CC(O)O[C@H]1[C@H]2O[C@@]1(C(C)O)O[C@H]2n1cnc2c(N)ncnc21,False,C13H17N5O5,323.123,23
CC(O)O[C@@H]1[C@]2(CO)O[C@@H](n3cnc4c(N)ncnc43)[C@@]1(C)O2,False,C13H17N5O5,323.123,23
CC(O)O[C@H]1[C@H]2O[C@@]1(CO)O[C@]2(C)n1cnc2c(N)ncnc21,False,C13H17N5O5,323.123,23
Cc1nc2c(N)ncnc2n1[C@@H]1O[C@]2(CO)O[C@@H]1[C@@H]2OC(C)O,False,C13H17N5O5,323.123,23
Cc1nc(N)c2ncn([C@@H]3O[C@]4(CO)O[C@@H]3[C@@H]4OC(C)O)c2n1,False,C13H17N5O5,323.123,23
Nc1ncnc2c1ncn2[C@@H]1O[C@@]2(CO2)[C@@H](OC=O)[C@H]1O,False,C11H11N5O5,293.076,21
CC(=O)O[C@H]1[C@@H](O)[C@H](n2cnc3c(N)ncnc32)O[C@@]12CO2,False,C12H13N5O5,307.0917,22
COC(C)O[C@H]1[C@@H](O)[C@H](n2cnc3c(N)ncnc32)O[C@@]12CO2,False,C13H17N5O5,323.123,23
CC(C)(O)O[C@H]1[C@@H](O)[C@H](n2cnc3c(N)ncnc32)O[C@@]12CO2,False,C13H17N5O5,323.123,23
CCC(O)O[C@H]1[C@@H](O)[C@H](n2cnc3c(N)ncnc32)O[C@@]12CO2,False,C13H17N5O5,323.123,23
CC(=O)OC(C)O[C@H]1[C@@H](O)[C@H](n2cnc3c(N)ncnc32)O[C@@]12CO2,False,C14H17N5O6,351.1179,25
CC(=O)O[C@H]1[C@H](n2cnc3c(N)ncnc32)O[C@@]2(CO2)[C@H]1OC(C)O,False,C14H17N5O6,351.1179,25
CC(Cl)O[C@H]1[C@@H](O)[C@H](n2cnc3c(N)ncnc32)O[C@@]12CO2,False,C12H14ClN5O4,327.0734,22
CC(O)(O)O[C@H]1[C@@H](O)[C@H](n2cnc3c(N)ncnc32)O[C@@]12CO2,False,C12H15N5O6,325.1022,23
Nc1ncnc2c1ncn2[C@@H]1O[C@@]2(CO2)[C@@H](OC(O)CO)[C@H]1O,False,C12H15N5O6,325.1022,23
CC(O)O[C@H]1[C@@H](O)[C@H](n2cnc3c(N)ncnc32)O[C@@]1(O)CO,False,C12H17N5O6,327.1179,23
CCO[C@H]1[C@@H](O)[C@H](n2cnc3c(N)ncnc32)O[C@@]12CO2,False,C12H15N5O4,293.1124,21
CC(O)O[C@H]1[C@H](n2cnc3c(N)ncnc32)O[C@@]2(CO2)[C@H]1OC(C)O,False,C14H19N5O6,353.1335,25
CC(O)OC(C)O[C@H]1[C@@H](O)[C@H](n2cnc3c(N)ncnc32)O[C@@]12CO2,False,C14H19N5O6,353.1335,25
CC(O)O[C@]1(C)[C@@H](O)[C@H](n2cnc3c(N)ncnc32)O[C@@]12CO2,False,C13H17N5O5,323.123,23
CC(O)O[C@H]1[C@@H](O)[C@H](n2cnc3c(N)ncnc32)O[C@]12OC2C,False,C13H17N5O5,323.123,23
CC(O)O[C@@H]1[C@]2(CO2)O[C@@H](n2cnc3c(N)ncnc32)[C@@]1(C)O,False,C13H17N5O5,323.123,23
CC(O)O[C@H]1[C@@H](O)[C@@](C)(n2cnc3c(N)ncnc32)O[C@@]12CO2,False,C13H17N5O5,323.123,23
Cc1nc2c(N)ncnc2n1[C@@H]1O[C@@]2(CO2)[C@@H](OC(C)O)[C@H]1O,False,C13H17N5O5,323.123,23
Cc1nc(N)c2ncn([C@@H]3O[C@@]4(CO4)[C@@H](OC(C)O)[C@H]3O)c2n1,False,C13H17N5O5,323.123,23
CC(O)(CO)O[C@@H]1CO[C@@]2(n3cnc4c(N)ncnc43)O[C@H]12,False,C12H15N5O5,309.1073,22
CC(O)O[C@@H]1CO[C@@]2(n3cnc4c(N)ncnc43)O[C@@]12CO,False,C12H15N5O5,309.1073,22
CC(O)O[C@@]1(CO)CO[C@@]2(n3cnc4c(N)ncnc43)O[C@H]12,False,C12H15N5O5,309.1073,22
CC(O)O[C@@H]1CO[C@@]2(n3c(CO)nc4c(N)ncnc43)O[C@H]12,False,C12H15N5O5,309.1073,22
CC(O)O[C@@H]1CO[C@@]2(n3cnc4c(N)nc(CO)nc43)O[C@H]12,False,C12H15N5O5,309.1073,22
Nc1ncnc2c1ncn2[C@@]12OC[C@@H](OC(O)CCO)[C@H]1O2,False,C12H15N5O5,309.1073,22
Nc1ncnc2c1ncn2[C@]12O[C@@H]1[C@H](OC=O)[C@@H](CO)O2,False,C11H11N5O5,293.076,21
CCO[C@H]1[C@H]2O[C@]2(n2cnc3c(N)ncnc32)O[C@@H]1C=O,False,C12H13N5O4,291.0968,21
COC(C)O[C@H]1[C@H]2O[C@]2(n2cnc3c(N)ncnc32)O[C@@H]1CO,False,C13H17N5O5,323.123,23
CC(C)(O)O[C@H]1[C@H]2O[C@]2(n2cnc3c(N)ncnc32)O[C@@H]1CO,False,C13H17N5O5,323.123,23
CCC(O)O[C@H]1[C@H]2O[C@]2(n2cnc3c(N)ncnc32)O[C@@H]1CO,False,C13H17N5O5,323.123,23
CC(=O)OC(C)O[C@H]1[C@H]2O[C@]2(n2cnc3c(N)ncnc32)O[C@@H]1CO,False,C14H17N5O6,351.1179,25
CC(Cl)O[C@H]1[C@H]2O[C@]2(n2cnc3c(N)ncnc32)O[C@@H]1CO,False,C12H14ClN5O4,327.0734,22
CC(O)(O)O[C@H]1[C@H]2O[C@]2(n2cnc3c(N)ncnc32)O[C@@H]1CO,False,C12H15N5O6,325.1022,23
Nc1ncnc2c1ncn2[C@]12O[C@@H]1[C@H](OC(O)CO)[C@@H](CO)O2,False,C12H15N5O6,325.1022,23
CC(O)O[C@H]1[C@@H](O)[C@@](O)(n2cnc3c(N)ncnc32)O[C@@H]1CO,False,C12H17N5O6,327.1179,23
CCO[C@H]1[C@H]2O[C@]2(n2cnc3c(N)ncnc32)O[C@@H]1CO,False,C12H15N5O4,293.1124,21
CC(O)O[C@H]1[C@H]2O[C@]2(n2cnc3c(N)ncnc32)O[C@@H]1C,False,C12H15N5O4,293.1124,21
CC(O)O[C@@H]1[C@@H](C(=O)O)O[C@@]2(n3cnc4c(N)ncnc43)O[C@H]12,False,C12H13N5O6,323.0866,23
CC(O)OC(C)O[C@H]1[C@H]2O[C@]2(n2cnc3c(N)ncnc32)O[C@@H]1CO,False,C14H19N5O6,353.1335,25
CC(O)O[C@@H]1[C@@H](CO)O[C@@]2(n3cnc4c(N)ncnc43)O[C@@]12C,False,C13H17N5O5,323.123,23
CC(O)O[C@]1(C)[C@H]2O[C@]2(n2cnc3c(N)ncnc32)O[C@@H]1CO,False,C13H17N5O5,323.123,23
Cc1nc2c(N)ncnc2n1[C@]12O[C@@H]1[C@H](OC(C)O)[C@@H](CO)O2,False,C13H17N5O5,323.123,23
CC(O)O[C@H]1[C@H]2O[C@]2(n2cnc3c(N)ncnc32)O[C@@]1(C)CO,False,C13H17N5O5,323.123,23
CC(O)O[C@@H]1[C@@H](C(C)O)O[C@@]2(n3cnc4c(N)ncnc43)O[C@H]12,False,C13H17N5O5,323.123,23
Cc1nc(N)c2ncn([C@]34O[C@@H]3[C@H](OC(C)O)[C@@H](CO)O4)c2n1,False,C13H17N5O5,323.123,23
Nc1ncnc2c1ncn2[C@@]12OC[C@@H](O1)[C@@H](OC=O)[C@H]2O,False,C11H11N5O5,293.076,21
CC(=O)O[C@H]1[C@@H](O)[C@]2(n3cnc4c(N)ncnc43)OC[C@H]1O2,False,C12H13N5O5,307.0917,22
COC(C)O[C@H]1[C@@H](O)[C@]2(n3cnc4c(N)ncnc43)OC[C@H]1O2,False,C13H17N5O5,323.123,23
CC(C)(O)O[C@H]1[C@@H](O)[C@]2(n3cnc4c(N)ncnc43)OC[C@H]1O2,False,C13H17N5O5,323.123,23
CCC(O)O[C@H]1[C@@H](O)[C@]2(n3cnc4c(N)ncnc43)OC[C@H]1O2,False,C13H17N5O5,323.123,23
CC(=O)OC(C)O[C@H]1[C@@H](O)[C@]2(n3cnc4c(N)ncnc43)OC[C@H]1O2,False,C14H17N5O6,351.1179,25
CC(=O)O[C@@H]1[C@H](OC(C)O)[C@H]2CO[C@]1(n1cnc3c(N)ncnc31)O2,False,C14H17N5O6,351.1179,25
CC(Cl)O[C@H]1[C@@H](O)[C@]2(n3cnc4c(N)ncnc43)OC[C@H]1O2,False,C12H14ClN5O4,327.0734,22
CC(O)(O)O[C@H]1[C@@H](O)[C@]2(n3cnc4c(N)ncnc43)OC[C@H]1O2,False,C12H15N5O6,325.1022,23
Nc1ncnc2c1ncn2[C@@]12OC[C@@H](O1)[C@@H](OC(O)CO)[C@H]2O,False,C12H15N5O6,325.1022,23
CCO[C@H]1[C@@H](O)[C@]2(n3cnc4c(N)ncnc43)OC[C@H]1O2,False,C12H15N5O4,293.1124,21
CC(O)O[C@H]1[C@@H](OC(C)O)[C@]2(n3cnc4c(N)ncnc43)OC[C@H]1O2,False,C14H19N5O6,353.1335,25
CC(O)OC(C)O[C@H]1[C@@H](O)[C@]2(n3cnc4c(N)ncnc43)OC[C@H]1O2,False,C14H19N5O6,353.1335,25
CC(O)O[C@@H]1[C@H]2CO[C@](n3cnc4c(N)ncnc43)(O2)[C@@]1(C)O,False,C13H17N5O5,323.123,23
CC(O)O[C@]1(C)[C@@H](O)[C@]2(n3cnc4c(N)ncnc43)OC[C@H]1O2,False,C13H17N5O5,323.123,23
Cc1nc2c(N)ncnc2n1[C@@]12OC[C@@H](O1)[C@@H](OC(C)O)[C@H]2O,False,C13H17N5O5,323.123,23
CC(O)O[C@H]1[C@@H](O)[C@]2(n3cnc4c(N)ncnc43)OC[C@]1(C)O2,False,C13H17N5O5,323.123,23
CC(O)O[C@@H]1[C@@H]2O[C@@](n3cnc4c(N)ncnc43)(OC2C)[C@@H]1O,False,C13H17N5O5,323.123,23
Cc1nc(N)c2ncn([C@@]34OC[C@@H](O3)[C@@H](OC(C)O)[C@H]4O)c2n1,False,C13H17N5O5,323.123,23
Nc1ncnc2c1ncn2[C@@H]1O[C@@H]2C(O)O[C@@H]1[C@@H]2OC=O,False,C11H11N5O5,293.076,21
CCO[C@H]1[C@H]2OC(=O)[C@H]1O[C@H]2n1cnc2c(N)ncnc21,False,C12H13N5O4,291.0968,21
CC(=O)O[C@H]1[C@H]2OC(O)[C@H]1O[C@H]2n1cnc2c(N)ncnc21,False,C12H13N5O5,307.0917,22
COC(C)O[C@H]1[C@H]2OC(O)[C@H]1O[C@H]2n1cnc2c(N)ncnc21,False,C13H17N5O5,323.123,23
CC(C)(O)O[C@H]1[C@H]2OC(O)[C@H]1O[C@H]2n1cnc2c(N)ncnc21,False,C13H17N5O5,323.123,23
CCC(O)O[C@H]1[C@H]2OC(O)[C@H]1O[C@H]2n1cnc2c(N)ncnc21,False,C13H17N5O5,323.123,23
CC(=O)OC(C)O[C@H]1[C@H]2OC(O)[C@H]1O[C@H]2n1cnc2c(N)ncnc21,False,C14H17N5O6,351.1179,25
CC(Cl)O[C@H]1[C@H]2OC(O)[C@H]1O[C@H]2n1cnc2c(N)ncnc21,False,C12H14ClN5O4,327.0734,22
CC(O)(O)O[C@H]1[C@H]2OC(O)[C@H]1O[C@H]2n1cnc2c(N)ncnc21,False,C12H15N5O6,325.1022,23
Nc1ncnc2c1ncn2[C@@H]1O[C@@H]2C(O)O[C@@H]1[C@@H]2OC(O)CO,False,C12H15N5O6,325.1022,23
CCO[C@H]1[C@H]2OC(O)[C@H]1O[C@H]2n1cnc2c(N)ncnc21,False,C12H15N5O4,293.1124,21
CC(O)OC(C)O[C@H]1[C@H]2OC(O)[C@H]1O[C@H]2n1cnc2c(N)ncnc21,False,C14H19N5O6,353.1335,25
CC(O)O[C@H]1[C@H]2OC(C)(O)[C@H]1O[C@H]2n1cnc2c(N)ncnc21,False,C13H17N5O5,323.123,23
CC(O)O[C@H]1[C@H]2OC(O)[C@]1(C)O[C@H]2n1cnc2c(N)ncnc21,False,C13H17N5O5,323.123,23
CC(O)O[C@@]1(C)[C@@H]2O[C@@H](n3cnc4c(N)ncnc43)[C@@H]1OC2O,False,C13H17N5O5,323.123,23
CC(O)O[C@@H]1[C@@H]2O[C@@H](n3cnc4c(N)ncnc43)[C@@]1(C)OC2O,False,C13H17N5O5,323.123,23
CC(O)O[C@@H]1[C@@H]2O[C@](C)(n3cnc4c(N)ncnc43)[C@@H]1OC2O,False,C13H17N5O5,323.123,23
Cc1nc2c(N)ncnc2n1[C@@H]1O[C@@H]2C(O)O[C@@H]1[C@@H]2OC(C)O,False,C13H17N5O5,323.123,23
Cc1nc(N)c2ncn([C@@H]3O[C@@H]4C(O)O[C@@H]3[C@@H]4OC(C)O)c2n1,False,C13H17N5O5,323.123,23
CC(O)(CO)O[C@@H]1CO[C@@H]2[C@@H]1Oc1nc3c(N)ncnc3n12,False,C12H15N5O5,309.1073,22
CC(O)O[C@@H]1CO[C@H]2n3c(nc4c(N)ncnc43)O[C@@]12CO,False,C12H15N5O5,309.1073,22
CC(O)O[C@@]1(CO)CO[C@@H]2[C@@H]1Oc1nc3c(N)ncnc3n12,False,C12H15N5O5,309.1073,22
CC(O)O[C@@H]1CO[C@@H]2[C@@H]1Oc1nc3c(N)nc(CO)nc3n12,False,C12H15N5O5,309.1073,22
Nc1ncnc2c1nc1n2[C@@H]2OC[C@@H](OC(O)CCO)[C@H]2O1,False,C12H15N5O5,309.1073,22
Nc1ncnc2c1nc1n2[C@@H]2O[C@H](CO)[C@@H](OC=O)[C@H]2O1,False,C11H11N5O5,293.076,21
CCO[C@H]1[C@H]2Oc3nc4c(N)ncnc4n3[C@@H]2O[C@@H]1C=O,False,C12H13N5O4,291.0968,21
COC(C)O[C@H]1[C@H]2Oc3nc4c(N)ncnc4n3[C@@H]2O[C@@H]1CO,False,C13H17N5O5,323.123,23
CC(C)(O)O[C@H]1[C@H]2Oc3nc4c(N)ncnc4n3[C@@H]2O[C@@H]1CO,False,C13H17N5O5,323.123,23
CCC(O)O[C@H]1[C@H]2Oc3nc4c(N)ncnc4n3[C@@H]2O[C@@H]1CO,False,C13H17N5O5,323.123,23
CC(=O)OC(C)O[C@H]1[C@H]2Oc3nc4c(N)ncnc4n3[C@@H]2O[C@@H]1CO,False,C14H17N5O6,351.1179,25
CC(Cl)O[C@H]1[C@H]2Oc3nc4c(N)ncnc4n3[C@@H]2O[C@@H]1CO,False,C12H14ClN5O4,327.0734,22
CC(O)(O)O[C@H]1[C@H]2Oc3nc4c(N)ncnc4n3[C@@H]2O[C@@H]1CO,False,C12H15N5O6,325.1022,23
Nc1ncnc2c1nc1n2[C@@H]2O[C@H](CO)[C@@H](OC(O)CO)[C@H]2O1,False,C12H15N5O6,325.1022,23
CCO[C@H]1[C@H]2Oc3nc4c(N)ncnc4n3[C@@H]2O[C@@H]1CO,False,C12H15N5O4,293.1124,21
CC(O)O[C@H]1[C@H]2Oc3nc4c(N)ncnc4n3[C@@H]2O[C@@H]1C,False,C12H15N5O4,293.1124,21
CC(O)O[C@H]1[C@H]2Oc3nc4c(N)ncnc4n3[C@@H]2O[C@@H]1C(=O)O,False,C12H13N5O6,323.0866,23
CC(O)OC(C)O[C@H]1[C@H]2Oc3nc4c(N)ncnc4n3[C@@H]2O[C@@H]1CO,False,C14H19N5O6,353.1335,25
CC(O)O[C@H]1[C@H]2Oc3nc4c(N)ncnc4n3[C@@]2(C)O[C@@H]1CO,False,C13H17N5O5,323.123,23
CC(O)O[C@@H]1[C@@H](CO)O[C@H]2n3c(nc4c(N)ncnc43)O[C@@]12C,False,C13H17N5O5,323.123,23
CC(O)O[C@@]1(C)[C@@H](CO)O[C@@H]2[C@@H]1Oc1nc3c(N)ncnc3n12,False,C13H17N5O5,323.123,23
CC(O)O[C@H]1[C@H]2Oc3nc4c(N)ncnc4n3[C@@H]2O[C@@]1(C)CO,False,C13H17N5O5,323.123,23
Cc1nc(N)c2nc3n(c2n1)[C@@H]1O[C@H](CO)[C@@H](OC(C)O)[C@H]1O3,False,C13H17N5O5,323.123,23
CC(O)O[C@H]1[C@H]2Oc3nc4c(N)ncnc4n3[C@@H]2O[C@@H]1C(C)O,False,C13H17N5O5,323.123,23
Nc1ncnc2c1nc1n2[C@@H]2O[C@H](CO1)[C@@H](OC=O)[C@H]2O,False,C11H11N5O5,293.076,21
CC(=O)O[C@H]1[C@@H](O)[C@H]2O[C@@H]1COc1nc3c(N)ncnc3n12,False,C12H13N5O5,307.0917,22
COC(C)O[C@H]1[C@@H](O)[C@H]2O[C@@H]1COc1nc3c(N)ncnc3n12,False,C13H17N5O5,323.123,23
CC(C)(O)O[C@H]1[C@@H](O)[C@H]2O[C@@H]1COc1nc3c(N)ncnc3n12,False,C13H17N5O5,323.123,23
CCC(O)O[C@H]1[C@@H](O)[C@H]2O[C@@H]1COc1nc3c(N)ncnc3n12,False,C13H17N5O5,323.123,23
CC(=O)OC(C)O[C@H]1[C@@H](O)[C@H]2O[C@@H]1COc1nc3c(N)ncnc3n12,False,C14H17N5O6,351.1179,25
CC(=O)O[C@@H]1[C@H](OC(C)O)[C@H]2COc3nc4c(N)ncnc4n3[C@@H]1O2,False,C14H17N5O6,351.1179,25
CC(Cl)O[C@H]1[C@@H](O)[C@H]2O[C@@H]1COc1nc3c(N)ncnc3n12,False,C12H14ClN5O4,327.0734,22
CC(O)(O)O[C@H]1[C@@H](O)[C@H]2O[C@@H]1COc1nc3c(N)ncnc3n12,False,C12H15N5O6,325.1022,23
Nc1ncnc2c1nc1n2[C@@H]2O[C@H](CO1)[C@@H](OC(O)CO)[C@H]2O,False,C12H15N5O6,325.1022,23
CCO[C@H]1[C@@H](O)[C@H]2O[C@@H]1COc1nc3c(N)ncnc3n12,False,C12H15N5O4,293.1124,21
CC(O)O[C@@H]1[C@H](OC(C)O)[C@H]2COc3nc4c(N)ncnc4n3[C@@H]1O2,False,C14H19N5O6,353.1335,25
CC(O)OC(C)O[C@H]1[C@@H](O)[C@H]2O[C@@H]1COc1nc3c(N)ncnc3n12,False,C14H19N5O6,353.1335,25
CC(O)O[C@H]1[C@@H](O)[C@]2(C)O[C@@H]1COc1nc3c(N)ncnc3n12,False,C13H17N5O5,323.123,23
CC(O)O[C@@H]1[C@H]2COc3nc4c(N)ncnc4n3[C@H](O2)[C@@]1(C)O,False,C13H17N5O5,323.123,23
CC(O)O[C@@]1(C)[C@H]2COc3nc4c(N)ncnc4n3[C@H](O2)[C@@H]1O,False,C13H17N5O5,323.123,23
CC(O)O[C@H]1[C@@H](O)[C@H]2O[C@@]1(C)COc1nc3c(N)ncnc3n12,False,C13H17N5O5,323.123,23
Cc1nc(N)c2nc3n(c2n1)[C@@H]1O[C@H](CO3)[C@@H](OC(C)O)[C@H]1O,False,C13H17N5O5,323.123,23
CC(O)O[C@H]1[C@@H](O)[C@H]2O[C@@H]1C(C)Oc1nc3c(N)ncnc3n12,False,C13H17N5O5,323.123,23
CC(O)(CO)O[C@@H]1CO[C@@H]2[C@@H]1Oc1nc(N)c3ncn2c3n1,False,C12H15N5O5,309.1073,22
CC(O)O[C@@H]1CO[C@@H]2[C@@H]1Oc1nc(N)c3nc(CO)n2c3n1,False,C12H15N5O5,309.1073,22
CC(O)O[C@@H]1CO[C@H]2n3cnc4c(N)nc(nc43)O[C@@]12CO,False,C12H15N5O5,309.1073,22
CC(O)O[C@@]1(CO)CO[C@@H]2[C@@H]1Oc1nc(N)c3ncn2c3n1,False,C12H15N5O5,309.1073,22
Nc1nc2nc3c1ncn3[C@@H]1OC[C@@H](OC(O)CCO)[C@H]1O2,False,C12H15N5O5,309.1073,22
Nc1nc2nc3c1ncn3[C@@H]1O[C@H](CO)[C@@H](OC=O)[C@H]1O2,False,C11H11N5O5,293.076,21
CCO[C@H]1[C@H]2Oc3nc(N)c4ncn(c4n3)[C@@H]2O[C@@H]1C=O,False,C12H13N5O4,291.0968,21
COC(C)O[C@H]1[C@H]2Oc3nc(N)c4ncn(c4n3)[C@@H]2O[C@@H]1CO,False,C13H17N5O5,323.123,23
CC(C)(O)O[C@H]1[C@H]2Oc3nc(N)c4ncn(c4n3)[C@@H]2O[C@@H]1CO,False,C13H17N5O5,323.123,23
CCC(O)O[C@H]1[C@H]2Oc3nc(N)c4ncn(c4n3)[C@@H]2O[C@@H]1CO,False,C13H17N5O5,323.123,23
CC(=O)OC(C)O[C@H]1[C@H]2Oc3nc(N)c4ncn(c4n3)[C@@H]2O[C@@H]1CO,False,C14H17N5O6,351.1179,25
CC(Cl)O[C@H]1[C@H]2Oc3nc(N)c4ncn(c4n3)[C@@H]2O[C@@H]1CO,False,C12H14ClN5O4,327.0734,22
CC(O)(O)O[C@H]1[C@H]2Oc3nc(N)c4ncn(c4n3)[C@@H]2O[C@@H]1CO,False,C12H15N5O6,325.1022,23
Nc1nc2nc3c1ncn3[C@@H]1O[C@H](CO)[C@@H](OC(O)CO)[C@H]1O2,False,C12H15N5O6,325.1022,23
CCO[C@H]1[C@H]2Oc3nc(N)c4ncn(c4n3)[C@@H]2O[C@@H]1CO,False,C12H15N5O4,293.1124,21
CC(O)O[C@H]1[C@H]2Oc3nc(N)c4ncn(c4n3)[C@@H]2O[C@@H]1C,False,C12H15N5O4,293.1124,21
CC(O)O[C@H]1[C@H]2Oc3nc(N)c4ncn(c4n3)[C@@H]2O[C@@H]1C(=O)O,False,C12H13N5O6,323.0866,23
CC(O)OC(C)O[C@H]1[C@H]2Oc3nc(N)c4ncn(c4n3)[C@@H]2O[C@@H]1CO,False,C14H19N5O6,353.1335,25
CC(O)O[C@H]1[C@H]2Oc3nc(N)c4ncn(c4n3)[C@@]2(C)O[C@@H]1CO,False,C13H17N5O5,323.123,23
Cc1nc2c(N)nc3nc2n1[C@@H]1O[C@H](CO)[C@@H](OC(C)O)[C@H]1O3,False,C13H17N5O5,323.123,23
CC(O)O[C@@H]1[C@@H](CO)O[C@H]2n3cnc4c(N)nc(nc43)O[C@@]12C,False,C13H17N5O5,323.123,23
CC(O)O[C@@]1(C)[C@@H](CO)O[C@@H]2[C@@H]1Oc1nc(N)c3ncn2c3n1,False,C13H17N5O5,323.123,23
CC(O)O[C@H]1[C@H]2Oc3nc(N)c4ncn(c4n3)[C@@H]2O[C@@]1(C)CO,False,C13H17N5O5,323.123,23
CC(O)O[C@H]1[C@H]2Oc3nc(N)c4ncn(c4n3)[C@@H]2O[C@@H]1C(C)O,False,C13H17N5O5,323.123,23
Nc1nc2nc3c1ncn3[C@@H]1O[C@H](CO2)[C@@H](OC=O)[C@H]1O,False,C11H11N5O5,293.076,21
CC(=O)O[C@H]1[C@@H](O)[C@H]2O[C@@H]1COc1nc(N)c3ncn2c3n1,False,C12H13N5O5,307.0917,22
COC(C)O[C@H]1[C@@H](O)[C@H]2O[C@@H]1COc1nc(N)c3ncn2c3n1,False,C13H17N5O5,323.123,23
CC(C)(O)O[C@H]1[C@@H](O)[C@H]2O[C@@H]1COc1nc(N)c3ncn2c3n1,False,C13H17N5O5,323.123,23
CCC(O)O[C@H]1[C@@H](O)[C@H]2O[C@@H]1COc1nc(N)c3ncn2c3n1,False,C13H17N5O5,323.123,23
CC(=O)OC(C)O[C@H]1[C@@H](O)[C@H]2O[C@@H]1COc1nc(N)c3ncn2c3n1,False,C14H17N5O6,351.1179,25
CC(=O)O[C@@H]1[C@H](OC(C)O)[C@H]2COc3nc(N)c4ncn(c4n3)[C@@H]1O2,False,C14H17N5O6,351.1179,25
CC(Cl)O[C@H]1[C@@H](O)[C@H]2O[C@@H]1COc1nc(N)c3ncn2c3n1,False,C12H14ClN5O4,327.0734,22
CC(O)(O)O[C@H]1[C@@H](O)[C@H]2O[C@@H]1COc1nc(N)c3ncn2c3n1,False,C12H15N5O6,325.1022,23
Nc1nc2nc3c1ncn3[C@@H]1O[C@H](CO2)[C@@H](OC(O)CO)[C@H]1O,False,C12H15N5O6,325.1022,23
CCO[C@H]1[C@@H](O)[C@H]2O[C@@H]1COc1nc(N)c3ncn2c3n1,False,C12H15N5O4,293.1124,21
CC(O)O[C@@H]1[C@H](OC(C)O)[C@H]2COc3nc(N)c4ncn(c4n3)[C@@H]1O2,False,C14H19N5O6,353.1335,25
CC(O)OC(C)O[C@H]1[C@@H](O)[C@H]2O[C@@H]1COc1nc(N)c3ncn2c3n1,False,C14H19N5O6,353.1335,25
CC(O)O[C@H]1[C@@H](O)[C@]2(C)O[C@@H]1COc1nc(N)c3ncn2c3n1,False,C13H17N5O5,323.123,23
Cc1nc2c(N)nc3nc2n1[C@@H]1O[C@H](CO3)[C@@H](OC(C)O)[C@H]1O,False,C13H17N5O5,323.123,23
CC(O)O[C@@H]1[C@H]2COc3nc(N)c4ncn(c4n3)[C@H](O2)[C@@]1(C)O,False,C13H17N5O5,323.123,23
CC(O)O[C@@]1(C)[C@H]2COc3nc(N)c4ncn(c4n3)[C@H](O2)[C@@H]1O,False,C13H17N5O5,323.123,23
CC(O)O[C@H]1[C@@H](O)[C@H]2O[C@@]1(C)COc1nc(N)c3ncn2c3n1,False,C13H17N5O5,323.123,23
CC(O)O[C@H]1[C@@H](O)[C@H]2O[C@@H]1C(C)Oc1nc(N)c3ncn2c3n1,False,C13H17N5O5,323.123,23
C[C@]1(OCO)[C@@H](CO)O[C@@H](n2cnc3c(N)ncnc32)[C@@H]1O,False,C12H17N5O5,311.123,22
C[C@]1(O)[C@H](OCO)[C@@H](CO)O[C@H]1n1cnc2c(N)ncnc21,False,C12H17N5O5,311.123,22
C[C@@]1(CO)O[C@@H](n2cnc3c(N)ncnc32)[C@H](O)[C@@H]1OCO,False,C12H17N5O5,311.123,22
C[C@]1(n2cnc3c(N)ncnc32)O[C@H](CO)[C@@H](OCO)[C@H]1O,False,C12H17N5O5,311.123,22
CC(O)[C@H]1O[C@@H](n2cnc3c(N)ncnc32)[C@H](O)[C@@H]1OCO,False,C12H17N5O5,311.123,22
Cc1nc2c(N)ncnc2n1[C@@H]1O[C@H](CO)[C@@H](OCO)[C@H]1O,False,C12H17N5O5,311.123,22
Cc1nc(N)c2ncn([C@@H]3O[C@H](CO)[C@@H](OCO)[C@H]3O)c2n1,False,C12H17N5O5,311.123,22
COC(C)O[C@H]1[C@@H](O)[C@H](n2cnc3c(N)ncnc32)O[C@@H]1CO,False,C13H19N5O5,325.1386,23
CC(C)(O)O[C@H]1[C@@H](O)[C@H](n2cnc3c(N)ncnc32)O[C@@H]1CO,False,C13H19N5O5,325.1386,23
CCC(O)O[C@H]1[C@@H](O)[C@H](n2cnc3c(N)ncnc32)O[C@@H]1CO,False,C13H19N5O5,325.1386,23
CC(=O)OC(C)O[C@H]1[C@@H](O)[C@H](n2cnc3c(N)ncnc32)O[C@@H]1CO,False,C14H19N5O6,353.1335,25
CC(=O)O[C@@H]1[C@H](OC(C)O)[C@@H](CO)O[C@H]1n1cnc2c(N)ncnc21,False,C14H19N5O6,353.1335,25
CC(Cl)O[C@H]1[C@@H](O)[C@H](n2cnc3c(N)ncnc32)O[C@@H]1CO,False,C12H16ClN5O4,329.0891,22
CC(O)(O)O[C@H]1[C@@H](O)[C@H](n2cnc3c(N)ncnc32)O[C@@H]1CO,False,C12H17N5O6,327.1179,23
CC(O)O[C@H]1[C@@H](O)[C@H](n2cnc3c(N)ncnc32)O[C@@H]1C,False,C12H17N5O4,295.1281,21
CC(O)O[C@@H]1[C@H](OC(C)O)[C@@H](CO)O[C@H]1n1cnc2c(N)ncnc21,False,C14H21N5O6,355.1492,25
CC(O)OC(C)O[C@H]1[C@@H](O)[C@H](n2cnc3c(N)ncnc32)O[C@@H]1CO,False,C14H21N5O6,355.1492,25
Nc1ncnc2c1ncn2[C@@H]1O[C@H](CO)[C@@H](OCO)[C@H]1O,False,C11H15N5O5,297.1073,21
CC(O)O[C@@]1(C)[C@@H](CO)O[C@@H](n2cnc3c(N)ncnc32)[C@@H]1O,False,C13H19N5O5,325.1386,23
CC(O)O[C@@H]1[C@@H](CO)O[C@@H](n2cnc3c(N)ncnc32)[C@@]1(C)O,False,C13H19N5O5,325.1386,23
CC(O)O[C@H]1[C@@H](O)[C@H](n2cnc3c(N)ncnc32)O[C@@]1(C)CO,False,C13H19N5O5,325.1386,23
CC(O)O[C@H]1[C@@H](O)[C@@](C)(n2cnc3c(N)ncnc32)O[C@@H]1CO,False,C13H19N5O5,325.1386,23
CC(O)O[C@H]1[C@@H](O)[C@H](n2cnc3c(N)ncnc32)O[C@@H]1C(C)O,False,C13H19N5O5,325.1386,23
Cc1nc2c(N)ncnc2n1[C@@H]1O[C@H](CO)[C@@H](OC(C)O)[C@H]1O,False,C13H19N5O5,325.1386,23
Cc1nc(N)c2ncn([C@@H]3O[C@H](CO)[C@@H](OC(C)O)[C@H]3O)c2n1,False,C13H19N5O5,325.1386,23
CC(C)O[C@H]1[C@@H](O)[C@H](n2cnc3c(N)ncnc32)O[C@@H]1CO,False,C13H19N5O4,309.1437,22
CCCO[C@H]1[C@@H](O)[C@H](n2cnc3c(N)ncnc32)O[C@@H]1CO,False,C13H19N5O4,309.1437,22
CC(O[C@H]1[C@@H](O)[C@H](n2cnc3c(N)ncnc32)O[C@@H]1CO)C(=O)O,False,C13H17N5O6,339.1179,24
Nc1ncnc2c1ncn2[C@@H]1O[C@H](CO)[C@@H](OCCC(=O)O)[C@H]1O,False,C13H17N5O6,339.1179,24
Nc1ncnc2c1ncn2[C@@H]1O[C@H](CO)[C@@H](OCCO)[C@H]1O,False,C12H17N5O5,311.123,22
CCO[C@H]1[C@@H](O)[C@H](n2cnc3c(N)ncnc32)O[C@@H]1C,False,C12H17N5O3,279.1331,20
CCO[C@H]1[C@@H](O)[C@H](n2cnc3c(N)ncnc32)O[C@@H]1C(=O)O,False,C12H15N5O5,309.1073,22
CCO[C@@H]1[C@H](OCC)[C@@H](CO)O[C@H]1n1cnc2c(N)ncnc21,False,C14H21N5O4,323.1594,23
CCO[C@@]1(C)[C@@H](CO)O[C@@H](n2cnc3c(N)ncnc32)[C@@H]1O,False,C13H19N5O4,309.1437,22
CCO[C@@H]1[C@@H](CO)O[C@@H](n2cnc3c(N)ncnc32)[C@@]1(C)O,False,C13H19N5O4,309.1437,22
CCO[C@H]1[C@@H](O)[C@H](n2cnc3c(N)ncnc32)O[C@@]1(C)CO,False,C13H19N5O4,309.1437,22
CCO[C@H]1[C@@H](O)[C@@](C)(n2cnc3c(N)ncnc32)O[C@@H]1CO,False,C13H19N5O4,309.1437,22
CCO[C@H]1[C@@H](O)[C@H](n2cnc3c(N)ncnc32)O[C@@H]1C(C)O,False,C13H19N5O4,309.1437,22
CCO[C@H]1[C@@H](O)[C@H](n2c(C)nc3c(N)ncnc32)O[C@@H]1CO,False,C13H19N5O4,309.1437,22
CCO[C@H]1[C@@H](O)[C@H](n2cnc3c(N)nc(C)nc32)O[C@@H]1CO,False,C13H19N5O4,309.1437,22
CC[C@]1(OC=O)[C@@H](CO)O[C@@H](n2cnc3c(N)ncnc32)[C@@H]1O,False,C13H17N5O5,323.123,23
CC[C@]1(O)[C@H](OC=O)[C@@H](CO)O[C@H]1n1cnc2c(N)ncnc21,False,C13H17N5O5,323.123,23
CC[C@@]1(CO)O[C@@H](n2cnc3c(N)ncnc32)[C@H](O)[C@@H]1OC=O,False,C13H17N5O5,323.123,23
CC[C@]1(n2cnc3c(N)ncnc32)O[C@H](CO)[C@@H](OC=O)[C@H]1O,False,C13H17N5O5,323.123,23
CCc1nc2c(N)ncnc2n1[C@@H]1O[C@H](CO)[C@@H](OC=O)[C@H]1O,False,C13H17N5O5,323.123,23
CCc1nc(N)c2ncn([C@@H]3O[C@H](CO)[C@@H](OC=O)[C@H]3O)c2n1,False,C13H17N5O5,323.123,23
CCC1(O)OC[C@H]2O[C@@H](n3cnc4c(N)ncnc43)[C@H](O)[C@@H]2O1,False,C13H17N5O5,323.123,23
CCC1=Nc2ncnc3c2ncn3[C@@H]2O[C@H](CO)[C@@H](O1)[C@H]2O,False,C13H15N5O4,305.1124,22
CC1O[C@@H]2[C@H](OC1O)[C@@H](CO)O[C@H]2n1cnc2c(N)ncnc21,False,C13H17N5O5,323.123,23
CC1OC[C@H]2O[C@@H](n3cnc4c(N)ncnc43)[C@H](O)[C@@H]2OC1O,False,C13H17N5O5,323.123,23
Nc1ncnc2c1ncn2[C@@H]1O[C@H](CO)[C@H]2OC(O)CCO[C@H]21,False,C13H17N5O5,323.123,23
Nc1ncnc2c1ncn2[C@@H]1O[C@@H]2COCCC(O)O[C@H]2[C@H]1O,False,C13H17N5O5,323.123,23
C=CC(=O)O[C@H]1[C@@H](O)[C@H](n2cnc3c(N)ncnc32)O[C@@H]1CO,False,C13H15N5O5,321.1073,23
CC(C)C(=O)O[C@H]1[C@@H](O)[C@H](n2cnc3c(N)ncnc32)O[C@@H]1CO,False,C14H19N5O5,337.1386,24
CCCC(=O)O[C@H]1[C@@H](O)[C@H](n2cnc3c(N)ncnc32)O[C@@H]1CO,False,C14H19N5O5,337.1386,24
CCC(=O)O[C@H]1[C@@H](OC(C)=O)[C@H](n2cnc3c(N)ncnc32)O[C@@H]1CO,False,C15H19N5O6,365.1335,26
CCC(O)(C#N)O[C@H]1[C@@H](O)[C@H](n2cnc3c(N)ncnc32)O[C@@H]1CO,False,C14H18N6O5,350.1339,25
CCC(N)O[C@H]1[C@@H](O)[C@H](n2cnc3c(N)ncnc32)O[C@@H]1CO,False,C13H20N6O4,324.1546,23
CC(O)C(=O)O[C@H]1[C@@H](O)[C@H](n2cnc3c(N)ncnc32)O[C@@H]1CO,False,C13H17N5O6,339.1179,24
Nc1ncnc2c1ncn2[C@@H]1O[C@H](CO)[C@@H](OC(=O)CCO)[C@H]1O,False,C13H17N5O6,339.1179,24
CCOC(=O)O[C@H]1[C@@H](O)[C@H](n2cnc3c(N)ncnc32)O[C@@H]1CO,False,C13H17N5O6,339.1179,24
CC(O)C(O)O[C@H]1[C@@H](O)[C@H](n2cnc3c(N)ncnc32)O[C@@H]1CO,False,C13H19N5O6,341.1335,24
Nc1ncnc2c1ncn2[C@@H]1O[C@H](CO)[C@@H](OC(O)CCO)[C@H]1O,False,C13H19N5O6,341.1335,24
Nc1ncnc2c1ncn2[C@@H]1O[C@H](CO)[C@@H](OC(=O)O)[C@H]1O,False,C11H13N5O6,311.0866,22
CCC(=O)O[C@H]1[C@@H](O)[C@H](n2cnc3c(N)ncnc32)O[C@@H]1C,False,C13H17N5O4,307.1281,22
CCC(=O)[C@H]1[C@@H](O)[C@H](n2cnc3c(N)ncnc32)O[C@@H]1CO,False,C13H17N5O4,307.1281,22
CCC(=O)O[C@H]1[C@@H](O)[C@H](n2cnc3c(N)ncnc32)O[C@@H]1C(=O)O,False,C13H15N5O6,337.1022,24
CCCCC(=O)O[C@H]1[C@@H](O)[C@H](n2cnc3c(N)ncnc32)O[C@@H]1CO,False,C15H21N5O5,351.1543,25
CCC(C)C(=O)O[C@H]1[C@@H](O)[C@H](n2cnc3c(N)ncnc32)O[C@@H]1CO,False,C15H21N5O5,351.1543,25
CCC(=O)O[C@@]1(C)[C@@H](CO)O[C@@H](n2cnc3c(N)ncnc32)[C@@H]1O,False,C14H19N5O5,337.1386,24
CCC(=O)O[C@@]1(CC)[C@@H](CO)O[C@@H](n2cnc3c(N)ncnc32)[C@@H]1O,False,C15H21N5O5,351.1543,25
CCC(=O)O[C@@H]1[C@@H](CO)O[C@@H](n2cnc3c(N)ncnc32)[C@@]1(C)O,False,C14H19N5O5,337.1386,24
CCC(=O)O[C@@H]1[C@@H](CO)O[C@@H](n2cnc3c(N)ncnc32)[C@]1(O)CC,False,C15H21N5O5,351.1543,25
CCC(=O)O[C@H]1[C@@H](O)[C@H](n2cnc3c(N)ncnc32)O[C@@]1(C)CO,False,C14H19N5O5,337.1386,24
CCC(=O)O[C@H]1[C@@H](O)[C@H](n2cnc3c(N)ncnc32)O[C@@]1(CC)CO,False,C15H21N5O5,351.1543,25
CCC(=O)O[C@H]1[C@@H](O)[C@@](C)(n2cnc3c(N)ncnc32)O[C@@H]1CO,False,C14H19N5O5,337.1386,24
CCC(=O)O[C@H]1[C@@H](O)[C@@](CC)(n2cnc3c(N)ncnc32)O[C@@H]1CO,False,C15H21N5O5,351.1543,25
CCC(=O)O[C@H]1[C@@H](O)[C@H](n2cnc3c(N)ncnc32)O[C@@H]1C(C)O,False,C14H19N5O5,337.1386,24
CCC(=O)O[C@H]1[C@@H](O)[C@H](n2cnc3c(N)ncnc32)O[C@@H]1C(O)CC,False,C15H21N5O5,351.1543,25
CCC(=O)O[C@H]1[C@@H](O)[C@H](n2c(C)nc3c(N)ncnc32)O[C@@H]1CO,False,C14H19N5O5,337.1386,24
CCC(=O)O[C@H]1[C@@H](O)[C@H](n2c(CC)nc3c(N)ncnc32)O[C@@H]1CO,False,C15H21N5O5,351.1543,25
CCC(=O)O[C@H]1[C@@H](O)[C@H](n2cnc3c(N)nc(C)nc32)O[C@@H]1CO,False,C14H19N5O5,337.1386,24
CCC(=O)O[C@H]1[C@@H](O)[C@H](n2cnc3c(N)nc(CC)nc32)O[C@@H]1CO,False,C15H21N5O5,351.1543,25
CCC(=O)O[C@@H]1[C@H](OC=O)[C@@H](CO)O[C@H]1n1cnc2c(N)ncnc21,False,C14H17N5O6,351.1179,25
CC(=O)O[C@@H]1[C@@H](CO)O[C@@H](n2cnc3c(N)ncnc32)[C@@]1(C)OC=O,False,C14H17N5O6,351.1179,25
CC(=O)O[C@@]1(C)[C@@H](CO)O[C@@H](n2cnc3c(N)ncnc32)[C@@H]1OC=O,False,C14H17N5O6,351.1179,25
CC(=O)O[C@H]1[C@@H](OC=O)[C@@](C)(n2cnc3c(N)ncnc32)O[C@@H]1CO,False,C14H17N5O6,351.1179,25
CC(=O)O[C@H]1[C@@H](OC=O)[C@H](n2cnc3c(N)ncnc32)O[C@@]1(C)CO,False,C14H17N5O6,351.1179,25
CC(=O)O[C@H]1[C@@H](OC=O)[C@H](n2cnc3c(N)ncnc32)O[C@@H]1C(C)O,False,C14H17N5O6,351.1179,25
CC(=O)O[C@H]1[C@@H](OC=O)[C@H](n2c(C)nc3c(N)ncnc32)O[C@@H]1CO,False,C14H17N5O6,351.1179,25
CCC(=O)O[C@H]1[C@@H](OC=O)[C@H](n2cnc3c(N)ncnc32)O[C@@H]1CO,False,C14H17N5O6,351.1179,25
CC(=O)O[C@H]1[C@@H](OC=O)[C@H](n2cnc3c(N)nc(C)nc32)O[C@@H]1CO,False,C14H17N5O6,351.1179,25
CC(=O)O[C@H]1[C@H]2OC(C)=Nc3ncnc4c3ncn4[C@@H]2O[C@@H]1CO,False,C14H15N5O5,333.1073,24
CC(=O)O[C@H]1[C@H]2OC(O)COC[C@H]1O[C@H]2n1cnc2c(N)ncnc21,False,C14H17N5O6,351.1179,25
CC(O)O[C@H]1[C@H]2OC(=O)COC[C@H]1O[C@H]2n1cnc2c(N)ncnc21,False,C14H17N5O6,351.1179,25
CC(=O)O[C@@H]1[C@H]2CO[C@@]1(OC(C)O)[C@H](n1cnc3c(N)ncnc31)O2,False,C14H17N5O6,351.1179,25
CC(=O)O[C@@]12OC[C@H]1O[C@@H](n1cnc3c(N)ncnc31)[C@@H]2OC(C)O,False,C14H17N5O6,351.1179,25
CC(=O)O[C@H]1[C@@H](OC(C)O)[C@]2(n3cnc4c(N)ncnc43)OC[C@H]1O2,False,C14H17N5O6,351.1179,25
CC(=O)O[C@H]1[C@@H](OC(C)O)[C@H](n2cnc3c(N)ncnc32)O[C@@]12CO2,False,C14H17N5O6,351.1179,25
CC(=O)O[C@H]1[C@@H](OC(C)O)[C@H]2O[C@@H]1COc1nc3c(N)ncnc3n12,False,C14H17N5O6,351.1179,25
CC(O)O[C@@H]1[C@@H]2OC(=O)COC[C@H]2O[C@H]1n1cnc2c(N)ncnc21,False,C14H17N5O6,351.1179,25
CC(=O)O[C@H]1[C@@H](OC(C)O)[C@H]2O[C@@H]1COc1nc(N)c3ncn2c3n1,False,C14H17N5O6,351.1179,25
CC(=O)O[C@H]1[C@@H](OC(C)O)[C@H](n2cnc3c(N)ncnc32)O[C@@H]1CO,False,C14H19N5O6,353.1335,25
CCC(=O)O[C@@H]1[C@H](OC(C)=O)[C@@H](CO)O[C@H]1n1cnc2c(N)ncnc21,False,C15H19N5O6,365.1335,26
CC(=O)O[C@H]1[C@@H](OC(C)(O)C#N)[C@H](n2cnc3c(N)ncnc32)O[C@@H]1CO,False,C15H18N6O6,378.1288,27
CC(=O)O[C@@H]1[C@H](OC(C)(O)C#N)[C@@H](CO)O[C@H]1n1cnc2c(N)ncnc21,False,C15H18N6O6,378.1288,27
CC(=O)O[C@H]1[C@@H](OC(C)N)[C@H](n2cnc3c(N)ncnc32)O[C@@H]1CO,False,C14H20N6O5,352.1495,25
CC(=O)O[C@@H]1[C@H](OC(C)N)[C@@H](CO)O[C@H]1n1cnc2c(N)ncnc21,False,C14H20N6O5,352.1495,25
CC(=O)O[C@@H]1[C@H](OC(C)=O)[C@@H](C)O[C@H]1n1cnc2c(N)ncnc21,False,C14H17N5O5,335.123,24
CC(=O)O[C@H]1[C@@H](C(C)=O)[C@H](n2cnc3c(N)ncnc32)O[C@@H]1CO,False,C14H17N5O5,335.123,24
CC(=O)O[C@@H]1[C@H](C(C)=O)[C@@H](CO)O[C@H]1n1cnc2c(N)ncnc21,False,C14H17N5O5,335.123,24
CC(=O)O[C@@H]1[C@@H](CO)O[C@@H](n2cnc3c(N)ncnc32)[C@@]1(C)OC(C)=O,False,C15H19N5O6,365.1335,26
CC(=O)O[C@H]1[C@H](n2cnc3c(N)ncnc32)O[C@H](CO)[C@]1(C)OC(C)=O,False,C15H19N5O6,365.1335,26
CC(=O)O[C@H]1[C@@H](OC(C)=O)[C@@](C)(n2cnc3c(N)ncnc32)O[C@@H]1CO,False,C15H19N5O6,365.1335,26
CC(=O)O[C@H]1[C@H](n2cnc3c(N)ncnc32)O[C@@](C)(CO)[C@H]1OC(C)=O,False,C15H19N5O6,365.1335,26
CC(=O)O[C@@H]1[C@H](OC(C)=O)[C@@H](C(C)O)O[C@H]1n1cnc2c(N)ncnc21,False,C15H19N5O6,365.1335,26
CC(=O)O[C@@H]1[C@H](OC(C)=O)[C@@H](CO)O[C@H]1n1c(C)nc2c(N)ncnc21,False,C15H19N5O6,365.1335,26
CC(=O)O[C@@H]1[C@H](OC(C)=O)[C@@H](CO)O[C@H]1n1cnc2c(N)nc(C)nc21,False,C15H19N5O6,365.1335,26
N#CCC(O)O[C@H]1[C@@H](O)[C@H](n2cnc3c(N)ncnc32)O[C@@H]1CO,False,C13H16N6O5,336.1182,24
CC(O)O[C@@]1(C#N)[C@@H](CO)O[C@@H](n2cnc3c(N)ncnc32)[C@@H]1O,False,C13H16N6O5,336.1182,24
C[C@]1(OC(O)C#N)[C@@H](CO)O[C@@H](n2cnc3c(N)ncnc32)[C@@H]1O,False,C13H16N6O5,336.1182,24
CC(O)O[C@@H]1[C@@H](CO)O[C@@H](n2cnc3c(N)ncnc32)[C@]1(O)C#N,False,C13H16N6O5,336.1182,24
C[C@]1(O)[C@H](OC(O)C#N)[C@@H](CO)O[C@H]1n1cnc2c(N)ncnc21,False,C13H16N6O5,336.1182,24
CC(O)O[C@H]1[C@@H](O)[C@H](n2cnc3c(N)ncnc32)O[C@@]1(C#N)CO,False,C13H16N6O5,336.1182,24
C[C@@]1(CO)O[C@@H](n2cnc3c(N)ncnc32)[C@H](O)[C@@H]1OC(O)C#N,False,C13H16N6O5,336.1182,24
CC(O)O[C@H]1[C@@H](O)[C@@](C#N)(n2cnc3c(N)ncnc32)O[C@@H]1CO,False,C13H16N6O5,336.1182,24
C[C@]1(n2cnc3c(N)ncnc32)O[C@H](CO)[C@@H](OC(O)C#N)[C@H]1O,False,C13H16N6O5,336.1182,24
CC(O)O[C@H]1[C@@H](O)[C@H](n2cnc3c(N)ncnc32)O[C@@H]1C(O)C#N,False,C13H16N6O5,336.1182,24
CC(O)[C@H]1O[C@@H](n2cnc3c(N)ncnc32)[C@H](O)[C@@H]1OC(O)C#N,False,C13H16N6O5,336.1182,24
CC(O)O[C@H]1[C@@H](O)[C@H](n2c(C#N)nc3c(N)ncnc32)O[C@@H]1CO,False,C13H16N6O5,336.1182,24
Cc1nc2c(N)ncnc2n1[C@@H]1O[C@H](CO)[C@@H](OC(O)C#N)[C@H]1O,False,C13H16N6O5,336.1182,24
CC(O)O[C@H]1[C@@H](O)[C@H](n2cnc3c(N)nc(C#N)nc32)O[C@@H]1CO,False,C13H16N6O5,336.1182,24
Cc1nc(N)c2ncn([C@@H]3O[C@H](CO)[C@@H](OC(O)C#N)[C@H]3O)c2n1,False,C13H16N6O5,336.1182,24
N#CC(=O)O[C@H]1[C@@H](O)[C@H](n2cnc3c(N)ncnc32)O[C@@H]1CO,False,C12H12N6O5,320.0869,23
CC(C#N)O[C@H]1[C@@H](O)[C@H](n2cnc3c(N)ncnc32)O[C@@H]1C=O,False,C13H14N6O4,318.1077,23
COC(C)(C#N)O[C@H]1[C@@H](O)[C@H](n2cnc3c(N)ncnc32)O[C@@H]1CO,False,C14H18N6O5,350.1339,25
CC(=O)OC(C)(C#N)O[C@H]1[C@@H](O)[C@H](n2cnc3c(N)ncnc32)O[C@@H]1CO,False,C15H18N6O6,378.1288,27
CC(Cl)(C#N)O[C@H]1[C@@H](O)[C@H](n2cnc3c(N)ncnc32)O[C@@H]1CO,False,C13H15ClN6O4,354.0843,24
N#CC(O)(CO)O[C@H]1[C@@H](O)[C@H](n2cnc3c(N)ncnc32)O[C@@H]1CO,False,C13H16N6O6,352.1131,25
CC(O)(O[C@H]1[C@@H](O)[C@H](n2cnc3c(N)ncnc32)O[C@@H]1CO)C(N)=O,False,C13H18N6O6,354.1288,25
CC(O)(C=NO)O[C@H]1[C@@H](O)[C@H](n2cnc3c(N)ncnc32)O[C@@H]1CO,False,C13H18N6O6,354.1288,25
CC(C#N)O[C@H]1[C@@H](O)[C@H](n2cnc3c(N)ncnc32)O[C@@H]1CO,False,C13H16N6O4,320.1233,23
C[C@H]1O[C@@H](n2cnc3c(N)ncnc32)[C@H](O)[C@@H]1OC(C)(O)C#N,False,C13H16N6O4,320.1233,23
CC(O)(C#N)O[C@H]1[C@@H](O)[C@H](n2cnc3c(N)ncnc32)O[C@@H]1C(=O)O,False,C13H14N6O6,350.0975,25
N#CCC(O)(C#N)O[C@H]1[C@@H](O)[C@H](n2cnc3c(N)ncnc32)O[C@@H]1CO,False,C14H15N7O5,361.1135,26
N#CC(O)O[C@H]1[C@@H](O)[C@H](n2cnc3c(N)ncnc32)O[C@@H]1CO,False,C12H14N6O5,322.1026,23
CC(O)(C#N)O[C@@]1(C#N)[C@@H](CO)O[C@@H](n2cnc3c(N)ncnc32)[C@@H]1O,False,C14H15N7O5,361.1135,26
CC(O)(C#N)O[C@@]1(C)[C@@H](CO)O[C@@H](n2cnc3c(N)ncnc32)[C@@H]1O,False,C14H18N6O5,350.1339,25
CC(O)(C#N)O[C@@H]1[C@@H](CO)O[C@@H](n2cnc3c(N)ncnc32)[C@]1(O)C#N,False,C14H15N7O5,361.1135,26
CC(O)(C#N)O[C@@H]1[C@@H](CO)O[C@@H](n2cnc3c(N)ncnc32)[C@@]1(C)O,False,C14H18N6O5,350.1339,25
CC(O)(C#N)O[C@H]1[C@@H](O)[C@H](n2cnc3c(N)ncnc32)O[C@@]1(C#N)CO,False,C14H15N7O5,361.1135,26
CC(O)(C#N)O[C@H]1[C@@H](O)[C@H](n2cnc3c(N)ncnc32)O[C@@]1(C)CO,False,C14H18N6O5,350.1339,25
CC(O)(C#N)O[C@H]1[C@@H](O)[C@@](C#N)(n2cnc3c(N)ncnc32)O[C@@H]1CO,False,C14H15N7O5,361.1135,26
CC(O)(C#N)O[C@H]1[C@@H](O)[C@@](C)(n2cnc3c(N)ncnc32)O[C@@H]1CO,False,C14H18N6O5,350.1339,25
CC(O)(C#N)O[C@H]1[C@@H](O)[C@H](n2cnc3c(N)ncnc32)O[C@@H]1C(O)C#N,False,C14H15N7O5,361.1135,26
CC(O)[C@H]1O[C@@H](n2cnc3c(N)ncnc32)[C@H](O)[C@@H]1OC(C)(O)C#N,False,C14H18N6O5,350.1339,25
CC(O)(C#N)O[C@H]1[C@@H](O)[C@H](n2c(C#N)nc3c(N)ncnc32)O[C@@H]1CO,False,C14H15N7O5,361.1135,26
Cc1nc2c(N)ncnc2n1[C@@H]1O[C@H](CO)[C@@H](OC(C)(O)C#N)[C@H]1O,False,C14H18N6O5,350.1339,25
CC(O)(C#N)O[C@H]1[C@@H](O)[C@H](n2cnc3c(N)nc(C#N)nc32)O[C@@H]1CO,False,C14H15N7O5,361.1135,26
Cc1nc(N)c2ncn([C@@H]3O[C@H](CO)[C@@H](OC(C)(O)C#N)[C@H]3O)c2n1,False,C14H18N6O5,350.1339,25
C[C@]1(OCN)[C@@H](CO)O[C@@H](n2cnc3c(N)ncnc32)[C@@H]1O,False,C12H18N6O4,310.139,22
C[C@]1(O)[C@H](OCN)[C@@H](CO)O[C@H]1n1cnc2c(N)ncnc21,False,C12H18N6O4,310.139,22
C[C@@]1(CO)O[C@@H](n2cnc3c(N)ncnc32)[C@H](O)[C@@H]1OCN,False,C12H18N6O4,310.139,22
C[C@]1(n2cnc3c(N)ncnc32)O[C@H](CO)[C@@H](OCN)[C@H]1O,False,C12H18N6O4,310.139,22
CC(O)[C@H]1O[C@@H](n2cnc3c(N)ncnc32)[C@H](O)[C@@H]1OCN,False,C12H18N6O4,310.139,22
Cc1nc2c(N)ncnc2n1[C@@H]1O[C@H](CO)[C@@H](OCN)[C@H]1O,False,C12H18N6O4,310.139,22
Cc1nc(N)c2ncn([C@@H]3O[C@H](CO)[C@@H](OCN)[C@H]3O)c2n1,False,C12H18N6O4,310.139,22
CC1Nc2ncnc3c2ncn3[C@@H]2O[C@H](CO)[C@@H](O1)[C@H]2O,False,C12H15N5O4,293.1124,21
CNC(C)O[C@H]1[C@@H](O)[C@H](n2cnc3c(N)ncnc32)O[C@@H]1CO,False,C13H20N6O4,324.1546,23
CC(C)(N)O[C@H]1[C@@H](O)[C@H](n2cnc3c(N)ncnc32)O[C@@H]1CO,False,C13H20N6O4,324.1546,23
CC(=O)NC(C)O[C@H]1[C@@H](O)[C@H](n2cnc3c(N)ncnc32)O[C@@H]1CO,False,C14H20N6O5,352.1495,25
CC(N)(O[C@H]1[C@@H](O)[C@H](n2cnc3c(N)ncnc32)O[C@@H]1CO)C(=O)O,False,C13H18N6O6,354.1288,25
Nc1ncnc2c1ncn2[C@@H]1O[C@H](CO)[C@@H](OC(N)CC(=O)O)[C@H]1O,False,C13H18N6O6,354.1288,25
CC(NC(N)=O)O[C@H]1[C@@H](O)[C@H](n2cnc3c(N)ncnc32)O[C@@H]1CO,False,C13H19N7O5,353.1448,25
CC(N)(O)O[C@H]1[C@@H](O)[C@H](n2cnc3c(N)ncnc32)O[C@@H]1CO,False,C12H18N6O5,326.1339,23
Nc1ncnc2c1ncn2[C@@H]1O[C@H](CO)[C@@H](OC(N)CO)[C@H]1O,False,C12H18N6O5,326.1339,23
CC(N)O[C@H]1[C@@H](O)[C@H](n2cnc3c(N)ncnc32)O[C@@H]1C,False,C12H18N6O3,294.144,21
CC(N)O[C@H]1[C@@H](O)[C@H](n2cnc3c(N)ncnc32)O[C@@H]1C(=O)O,False,C12H16N6O5,324.1182,23
CC(N)O[C@@H]1[C@H](OC(C)N)[C@@H](CO)O[C@H]1n1cnc2c(N)ncnc21,False,C14H23N7O4,353.1812,25
CC(N)NC(C)O[C@H]1[C@@H](O)[C@H](n2cnc3c(N)ncnc32)O[C@@H]1CO,False,C14H23N7O4,353.1812,25
NCO[C@H]1[C@@H](O)[C@H](n2cnc3c(N)ncnc32)O[C@@H]1CO,False,C11H16N6O4,296.1233,21
CC(N)O[C@@]1(C)[C@@H](CO)O[C@@H](n2cnc3c(N)ncnc32)[C@@H]1O,False,C13H20N6O4,324.1546,23
CC(N)O[C@@H]1[C@@H](CO)O[C@@H](n2cnc3c(N)ncnc32)[C@@]1(C)O,False,C13H20N6O4,324.1546,23
CC(N)O[C@H]1[C@@H](O)[C@H](n2cnc3c(N)ncnc32)O[C@@]1(C)CO,False,C13H20N6O4,324.1546,23
CC(N)O[C@H]1[C@@H](O)[C@@](C)(n2cnc3c(N)ncnc32)O[C@@H]1CO,False,C13H20N6O4,324.1546,23
CC(N)O[C@H]1[C@@H](O)[C@H](n2cnc3c(N)ncnc32)O[C@@H]1C(C)O,False,C13H20N6O4,324.1546,23
Cc1nc2c(N)ncnc2n1[C@@H]1O[C@H](CO)[C@@H](OC(C)N)[C@H]1O,False,C13H20N6O4,324.1546,23
Cc1nc(N)c2ncn([C@@H]3O[C@H](CO)[C@@H](OC(C)N)[C@H]3O)c2n1,False,C13H20N6O4,324.1546,23
Nc1ncnc2c1ncn2[C@@H]1O[C@H](CO)[C@](CO)(OC=O)[C@H]1O,False,C12H15N5O6,325.1022,23
Nc1ncnc2c1ncn2[C@@H]1O[C@H](CO)[C@@H](OC=O)[C@@]1(O)CO,False,C12H15N5O6,325.1022,23
Nc1ncnc2c1ncn2[C@@H]1OC(CO)(CO)[C@@H](OC=O)[C@H]1O,False,C12H15N5O6,325.1022,23
Nc1ncnc2c1nc(CO)n2[C@@H]1O[C@H](CO)[C@@H](OC=O)[C@H]1O,False,C12H15N5O6,325.1022,23
Nc1nc(CO)nc2c1ncn2[C@@H]1O[C@H](CO)[C@@H](OC=O)[C@H]1O,False,C12H15N5O6,325.1022,23
OCC1=Nc2ncnc3c2ncn3[C@@H]2O[C@H](CO)[C@@H](O1)[C@H]2O,False,C12H13N5O5,307.0917,22
Nc1ncnc2c1ncn2[C@@H]1O[C@H](CO)[C@H]2OC(O)C(O)O[C@H]21,False,C12H15N5O6,325.1022,23
Nc1ncnc2c1ncn2[C@@H]1O[C@H](CO)[C@@]2(OCC(O)O2)[C@H]1O,False,C12H15N5O6,325.1022,23
Nc1ncnc2c1ncn2[C@@H]1O[C@H](CO)[C@H]2OC(O)CO[C@]21O,False,C12H15N5O6,325.1022,23
Nc1ncnc2c1ncn2[C@@H]1O[C@]2(CO)OCC(O)O[C@H]2[C@H]1O,False,C12H15N5O6,325.1022,23
Nc1ncnc2c1ncn2[C@]12OCC(O)O[C@@H]([C@H]1O)[C@@H](CO)O2,False,C12H15N5O6,325.1022,23
Nc1ncnc2c1ncn2[C@@H]1O[C@@H]2C(O)OCC(O)O[C@H]2[C@H]1O,False,C12H15N5O6,325.1022,23
Nc1ncnc2c1nc1n2[C@@H]2O[C@H](CO)[C@@H](OC(O)CO1)[C@H]2O,False,C12H15N5O6,325.1022,23
Nc1nc2nc3c1ncn3[C@@H]1O[C@H](CO)[C@@H](OC(O)CO2)[C@H]1O,False,C12H15N5O6,325.1022,23
Nc1ncnc2c1ncn2[C@@H]1O[C@H](CO)[C@@H](OC(=O)C=O)[C@H]1O,False,C12H13N5O6,323.0866,23
COCC(=O)O[C@H]1[C@@H](O)[C@H](n2cnc3c(N)ncnc32)O[C@@H]1CO,False,C13H17N5O6,339.1179,24
Nc1ncnc2c1ncn2[C@@H]1O[C@H](CO)[C@@H](OC(=O)CCl)[C@H]1O,False,C12H14ClN5O5,343.0683,23
C[C@H]1O[C@@H](n2cnc3c(N)ncnc32)[C@H](O)[C@@H]1OC(=O)CO,False,C12H15N5O5,309.1073,22
Nc1ncnc2c1ncn2[C@@H]1O[C@H](CO)[C@@H](C(=O)CO)[C@H]1O,False,C12H15N5O5,309.1073,22
COC1=Nc2ncnc3c2ncn3[C@@H]2O[C@H](CO)[C@@H](O1)[C@H]2O,False,C12H13N5O5,307.0917,22
Nc1ncnc2c1ncn2[C@@H]1O[C@H](CO)[C@H]2OC(O)OCO[C@H]21,False,C12H15N5O6,325.1022,23
Nc1ncnc2c1ncn2[C@@H]1O[C@@H]2COCOC(O)O[C@H]2[C@H]1O,False,C12H15N5O6,325.1022,23
COC(O)O[C@]12O[C@H]1[C@H](n1cnc3c(N)ncnc31)O[C@@H]2CO,False,C12H15N5O6,325.1022,23
COC(O)O[C@@]12OC[C@H]1O[C@@H](n1cnc3c(N)ncnc31)[C@@H]2O,False,C12H15N5O6,325.1022,23
COC(O)O[C@@H]1[C@H]2CO[C@@]1(O)[C@H](n1cnc3c(N)ncnc31)O2,False,C12H15N5O6,325.1022,23
COC(O)O[C@H]1[C@H]2O[C@@]1(CO)O[C@H]2n1cnc2c(N)ncnc21,False,C12H15N5O6,325.1022,23
COC(O)O[C@H]1[C@@H](O)[C@H](n2cnc3c(N)ncnc32)O[C@@]12CO2,False,C12H15N5O6,325.1022,23
COC(O)O[C@H]1[C@H]2O[C@]2(n2cnc3c(N)ncnc32)O[C@@H]1CO,False,C12H15N5O6,325.1022,23
COC(O)O[C@H]1[C@@H](O)[C@]2(n3cnc4c(N)ncnc43)OC[C@H]1O2,False,C12H15N5O6,325.1022,23
COC(O)O[C@H]1[C@H]2OC(O)[C@H]1O[C@H]2n1cnc2c(N)ncnc21,False,C12H15N5O6,325.1022,23
COC(O)O[C@H]1[C@H]2Oc3nc4c(N)ncnc4n3[C@@H]2O[C@@H]1CO,False,C12H15N5O6,325.1022,23
COC(O)O[C@H]1[C@@H](O)[C@H]2O[C@@H]1COc1nc3c(N)ncnc3n12,False,C12H15N5O6,325.1022,23
COC(O)O[C@H]1[C@H]2Oc3nc(N)c4ncn(c4n3)[C@@H]2O[C@@H]1CO,False,C12H15N5O6,325.1022,23
COC(O)O[C@H]1[C@@H](O)[C@H]2O[C@@H]1COc1nc(N)c3ncn2c3n1,False,C12H15N5O6,325.1022,23
COCO[C@H]1[C@@H](O)[C@H](n2cnc3c(N)ncnc32)O[C@@H]1CO,False,C12H17N5O5,311.123,22
COC(=O)O[C@H]1[C@@H](O)[C@H](n2cnc3c(N)ncnc32)O[C@@H]1C,False,C12H15N5O5,309.1073,22
Nc1ncnc2c1ncn2[C@@H]1O[C@H](CO)[C@](CO)(OCO)[C@H]1O,False,C12H17N5O6,327.1179,23
Nc1ncnc2c1ncn2[C@@H]1O[C@H](CO)[C@@H](OCO)[C@@]1(O)CO,False,C12H17N5O6,327.1179,23
Nc1ncnc2c1ncn2[C@@H]1OC(CO)(CO)[C@@H](OCO)[C@H]1O,False,C12H17N5O6,327.1179,23
Nc1ncnc2c1nc(CO)n2[C@@H]1O[C@H](CO)[C@@H](OCO)[C@H]1O,False,C12H17N5O6,327.1179,23
Nc1nc(CO)nc2c1ncn2[C@@H]1O[C@H](CO)[C@@H](OCO)[C@H]1O,False,C12H17N5O6,327.1179,23
Nc1ncnc2c1ncn2[C@@H]1O[C@H](CO)[C@@H](OCC=O)[C@H]1O,False,C12H15N5O5,309.1073,22
Nc1ncnc2c1ncn2[C@@H]1O[C@H](C=O)[C@@H](OCCO)[C@H]1O,False,C12H15N5O5,309.1073,22
Nc1ncnc2c1ncn2[C@@H]1O[C@H](CO)[C@@H](OC(O)C=O)[C@H]1O,False,C12H15N5O6,325.1022,23
COCC(O)O[C@H]1[C@@H](O)[C@H](n2cnc3c(N)ncnc32)O[C@@H]1CO,False,C13H19N5O6,341.1335,24
COC(CO)O[C@H]1[C@@H](O)[C@H](n2cnc3c(N)ncnc32)O[C@@H]1CO,False,C13H19N5O6,341.1335,24
CC(O)(CO)O[C@H]1[C@@H](O)[C@H](n2cnc3c(N)ncnc32)O[C@@H]1CO,False,C13H19N5O6,341.1335,24
Nc1ncnc2c1ncn2[C@@H]1O[C@H](CO)[C@@H](OC(O)CCl)[C@H]1O,False,C12H16ClN5O5,345.084,23
Nc1ncnc2c1ncn2[C@@H]1O[C@H](CO)[C@@H](OC(Cl)CO)[C@H]1O,False,C12H16ClN5O5,345.084,23
C[C@H]1O[C@@H](n2cnc3c(N)ncnc32)[C@H](O)[C@@H]1OC(O)CO,False,C12H17N5O5,311.123,22
CC(O)O[C@H]1[C@H]2OC[C@H]1O[C@H]2n1cnc2c(N)ncnc21,False,C12H15N5O4,293.1124,21
C[C@H]1O[C@@H](n2cnc3c(N)ncnc32)[C@H](O)[C@@H]1OC(=O)CC(=O)O,False,C13H15N5O6,337.1022,24
CC(=O)[C@H]1[C@@H](O)[C@H](n2cnc3c(N)ncnc32)O[C@@H]1C,False,C12H15N5O3,277.1175,20
CC[C@H]1O[C@@H](n2cnc3c(N)ncnc32)[C@H](O)[C@@H]1OC(C)=O,False,C13H17N5O4,307.1281,22
CC(=O)O[C@H]1[C@@H](O)[C@H](n2cnc3c(N)ncnc32)OC1(C)C,False,C13H17N5O4,307.1281,22
CC(=O)O[C@@]1(C)[C@@H](C)O[C@@H](n2cnc3c(N)ncnc32)[C@@H]1O,False,C13H17N5O4,307.1281,22
CC(=O)O[C@@H]1[C@@H](C)O[C@@H](n2cnc3c(N)ncnc32)[C@@]1(C)O,False,C13H17N5O4,307.1281,22
CC(=O)O[C@H]1[C@@H](O)[C@@](C)(n2cnc3c(N)ncnc32)O[C@@H]1C,False,C13H17N5O4,307.1281,22
CC(=O)O[C@H]1[C@@H](O)[C@H](n2c(C)nc3c(N)ncnc32)O[C@@H]1C,False,C13H17N5O4,307.1281,22
CC(=O)O[C@H]1[C@@H](O)[C@H](n2cnc3c(N)nc(C)nc32)O[C@@H]1C,False,C13H17N5O4,307.1281,22
CC(=O)[C@@]1(CO)CO[C@@H](n2cnc3c(N)ncnc32)[C@@H]1O,False,C12H15N5O4,293.1124,21
Nc1ncnc2c1ncn2[C@@H]1OC[C@@H](C(=O)CCO)[C@H]1O,False,C12H15N5O4,293.1124,21
CC(=O)[C@@H]1CO[C@@H](n2cnc3c(N)ncnc32)[C@]1(O)CO,False,C12H15N5O4,293.1124,21
CC(=O)[C@@H]1CO[C@@H](n2c(CO)nc3c(N)ncnc32)[C@@H]1O,False,C12H15N5O4,293.1124,21
CC(=O)[C@@H]1CO[C@@H](n2cnc3c(N)nc(CO)nc32)[C@@H]1O,False,C12H15N5O4,293.1124,21
C[C@]1(C=O)[C@@H](CO)O[C@@H](n2cnc3c(N)ncnc32)[C@@H]1O,False,C12H15N5O4,293.1124,21
C[C@]1(O)[C@H](C=O)[C@@H](CO)O[C@H]1n1cnc2c(N)ncnc21,False,C12H15N5O4,293.1124,21
CC(=O)[C@]1(O)C[C@@H](CO)O[C@H]1n1cnc2c(N)ncnc21,False,C12H15N5O4,293.1124,21
C[C@@]1(CO)O[C@@H](n2cnc3c(N)ncnc32)[C@H](O)[C@@H]1C=O,False,C12H15N5O4,293.1124,21
CC(=O)[C@]1(CO)C[C@@H](O)[C@H](n2cnc3c(N)ncnc32)O1,False,C12H15N5O4,293.1124,21
C[C@]1(n2cnc3c(N)ncnc32)O[C@H](CO)[C@@H](C=O)[C@H]1O,False,C12H15N5O4,293.1124,21
CC(=O)[C@]1(n2cnc3c(N)ncnc32)O[C@H](CO)C[C@H]1O,False,C12H15N5O4,293.1124,21
CC(O)[C@H]1O[C@@H](n2cnc3c(N)ncnc32)[C@H](O)[C@@H]1C=O,False,C12H15N5O4,293.1124,21
CC(=O)C(O)[C@@H]1C[C@@H](O)[C@H](n2cnc3c(N)ncnc32)O1,False,C12H15N5O4,293.1124,21
Cc1nc2c(N)ncnc2n1[C@@H]1O[C@H](CO)[C@@H](C=O)[C@H]1O,False,C12H15N5O4,293.1124,21
CC(=O)c1nc2c(N)ncnc2n1[C@@H]1O[C@H](CO)C[C@H]1O,False,C12H15N5O4,293.1124,21
Cc1nc(N)c2ncn([C@@H]3O[C@H](CO)[C@@H](C=O)[C@H]3O)c2n1,False,C12H15N5O4,293.1124,21
CC(=O)c1nc(N)c2ncn([C@@H]3O[C@H](CO)C[C@H]3O)c2n1,False,C12H15N5O4,293.1124,21
Nc1ncnc2c1ncn2[C@@H]1O[C@H](CO)[C@@H](CC=O)[C@H]1O,False,C12H15N5O4,293.1124,21
CC1=Nc2ncnc3c2ncn3[C@@H]2O[C@H](CO)[C@@H]1[C@H]2O,False,C12H13N5O3,275.1018,20
CC(O)[C@]12O[C@H]1[C@H](n1cnc3c(N)ncnc31)O[C@@H]2CO,False,C12H15N5O4,293.1124,21
CC(O)[C@@]12OC[C@H]1O[C@@H](n1cnc3c(N)ncnc31)[C@@H]2O,False,C12H15N5O4,293.1124,21
Nc1ncnc2c1ncn2[C@@H]1O[C@H](CO)[C@H]2C(O)CO[C@H]21,False,C12H15N5O4,293.1124,21
Nc1ncnc2c1ncn2[C@@H]1O[C@@H]2COCC(O)[C@H]2[C@H]1O,False,C12H15N5O4,293.1124,21
CC(O)[C@@H]1[C@H]2CO[C@@]1(O)[C@H](n1cnc3c(N)ncnc31)O2,False,C12H15N5O4,293.1124,21
CC(O)[C@H]1[C@H]2O[C@@]1(CO)O[C@H]2n1cnc2c(N)ncnc21,False,C12H15N5O4,293.1124,21
CC(O)[C@H]1[C@@H](O)[C@H](n2cnc3c(N)ncnc32)O[C@@]12CO2,False,C12H15N5O4,293.1124,21
CC(O)[C@H]1[C@H]2O[C@]2(n2cnc3c(N)ncnc32)O[C@@H]1CO,False,C12H15N5O4,293.1124,21
CC(O)[C@H]1[C@@H](O)[C@]2(n3cnc4c(N)ncnc43)OC[C@H]1O2,False,C12H15N5O4,293.1124,21
CC(O)[C@H]1[C@H]2OC(O)[C@H]1O[C@H]2n1cnc2c(N)ncnc21,False,C12H15N5O4,293.1124,21
CC(O)[C@H]1[C@H]2Oc3nc4c(N)ncnc4n3[C@@H]2O[C@@H]1CO,False,C12H15N5O4,293.1124,21
CC(O)[C@H]1[C@@H](O)[C@H]2O[C@@H]1COc1nc3c(N)ncnc3n12,False,C12H15N5O4,293.1124,21
CC(O)[C@H]1[C@H]2Oc3nc(N)c4ncn(c4n3)[C@@H]2O[C@@H]1CO,False,C12H15N5O4,293.1124,21
CC(O)[C@H]1[C@@H](O)[C@H]2O[C@@H]1COc1nc(N)c3ncn2c3n1,False,C12H15N5O4,293.1124,21
CC(O)[C@H]1[C@@H](O)[C@H](n2cnc3c(N)ncnc32)O[C@@H]1CO,False,C12H17N5O4,295.1281,21
Nc1ncnc2c1ncn2[C@@H]1O[C@H](CO)[C@@H](C(=O)CC(=O)O)[C@H]1O,False,C13H15N5O6,337.1022,24
CC(O)(C#N)[C@H]1[C@@H](O)[C@H](n2cnc3c(N)ncnc32)O[C@@H]1CO,False,C13H16N6O4,320.1233,23
CC(N)[C@H]1[C@@H](O)[C@H](n2cnc3c(N)ncnc32)O[C@@H]1CO,False,C12H18N6O3,294.144,21
COC(=O)[C@H]1[C@@H](O)[C@H](n2cnc3c(N)ncnc32)O[C@@H]1CO,False,C12H15N5O5,309.1073,22
Nc1ncnc2c1ncn2[C@@H]1O[C@H](CO)[C@@H](C(O)CO)[C@H]1O,False,C12H17N5O5,311.123,22
CC(=O)[C@H]1[C@@H](O)[C@H](n2cnc3c(N)ncnc32)O[C@@H]1C(=O)O,False,C12H13N5O5,307.0917,22
Nc1ncnc2c1ncn2[C@@H]1O[C@H](CO)[C@@H](C=O)[C@H]1O,False,C11H13N5O4,279.0968,20
CC(=O)[C@@]1(C)[C@@H](CO)O[C@@H](n2cnc3c(N)ncnc32)[C@@H]1O,False,C13H17N5O4,307.1281,22
CC(=O)[C@@H]1[C@@H](CO)O[C@@H](n2cnc3c(N)ncnc32)[C@@]1(C)O,False,C13H17N5O4,307.1281,22
CC(=O)[C@H]1[C@@H](O)[C@H](n2cnc3c(N)ncnc32)O[C@@]1(C)CO,False,C13H17N5O4,307.1281,22
CC(=O)[C@H]1[C@@H](O)[C@@](C)(n2cnc3c(N)ncnc32)O[C@@H]1CO,False,C13H17N5O4,307.1281,22
CC(=O)[C@H]1[C@@H](O)[C@H](n2cnc3c(N)ncnc32)O[C@@H]1C(C)O,False,C13H17N5O4,307.1281,22
CC(=O)[C@H]1[C@@H](O)[C@H](n2c(C)nc3c(N)ncnc32)O[C@@H]1CO,False,C13H17N5O4,307.1281,22
CC(=O)[C@H]1[C@@H](O)[C@H](n2cnc3c(N)nc(C)nc32)O[C@@H]1CO,False,C13H17N5O4,307.1281,22
CC(=O)O[C@@H]1CO[C@@H](n2cnc3c(N)ncnc32)[C@@H]1O,False,C11H13N5O4,279.0968,20
CC(=O)O[C@H]1[C@@H](O)[C@H]2O[C@@H]1C(O)=Nc1ncnc3c1ncn32,False,C12H11N5O5,305.076,22
CC(=O)O[C@H]1[C@@H](O)[C@H](n2cnc3c(N)ncnc32)O[C@]12OC2O,False,C12H13N5O6,323.0866,23
CC(O)O[C@H]1[C@@H](O)[C@H](n2cnc3c(N)ncnc32)O[C@]12OC2=O,False,C12H13N5O6,323.0866,23
CC(=O)O[C@H]1[C@H]2O[C@@]1(C(O)O)O[C@H]2n1cnc2c(N)ncnc21,False,C12H13N5O6,323.0866,23
CC(=O)O[C@@]12OC(O)[C@H]1O[C@@H](n1cnc3c(N)ncnc31)[C@@H]2O,False,C12H13N5O6,323.0866,23
CC(O)O[C@@]12OC(=O)[C@H]1O[C@@H](n1cnc3c(N)ncnc31)[C@@H]2O,False,C12H13N5O6,323.0866,23
CC(=O)O[C@]12O[C@H]1[C@H](n1cnc3c(N)ncnc31)O[C@@H]2C(O)O,False,C12H13N5O6,323.0866,23
CC(=O)O[C@@H]1[C@@H]2O[C@@H](n3cnc4c(N)ncnc43)[C@]1(O)OC2O,False,C12H13N5O6,323.0866,23
CC(O)O[C@@H]1[C@@H]2O[C@@H](n3cnc4c(N)ncnc43)[C@]1(O)OC2=O,False,C12H13N5O6,323.0866,23
CC(=O)O[C@@H]1[C@@H]2O[C@@](n3cnc4c(N)ncnc43)(OC2O)[C@@H]1O,False,C12H13N5O6,323.0866,23
CC(O)O[C@@H]1[C@@H]2O[C@@](n3cnc4c(N)ncnc43)(OC2=O)[C@@H]1O,False,C12H13N5O6,323.0866,23
CC(=O)O[C@@H]1[C@@H](C(O)O)O[C@@]2(n3cnc4c(N)ncnc43)O[C@H]12,False,C12H13N5O6,323.0866,23
Nc1ncnc2c1ncn2[C@@H]1O[C@@H]2C(O)OCC(=O)O[C@H]2[C@H]1O,False,C12H13N5O6,323.0866,23
Nc1ncnc2c1ncn2[C@@H]1O[C@@H]2C(=O)OCC(O)O[C@H]2[C@H]1O,False,C12H13N5O6,323.0866,23
Nc1ncnc2c1ncn2[C@@H]1O[C@H](C(O)O)[C@H]2OC(=O)CO[C@H]21,False,C12H13N5O6,323.0866,23
CC(=O)O[C@H]1[C@@H](O)[C@H]2O[C@@H]1C(O)Oc1nc3c(N)ncnc3n12,False,C12H13N5O6,323.0866,23
CC(O)O[C@H]1[C@@H](O)[C@H]2O[C@@H]1C(=O)Oc1nc3c(N)ncnc3n12,False,C12H13N5O6,323.0866,23
CC(=O)O[C@H]1[C@H]2Oc3nc4c(N)ncnc4n3[C@@H]2O[C@@H]1C(O)O,False,C12H13N5O6,323.0866,23
CC(=O)O[C@H]1[C@@H](O)[C@H]2O[C@@H]1C(O)Oc1nc(N)c3ncn2c3n1,False,C12H13N5O6,323.0866,23
CC(O)O[C@H]1[C@@H](O)[C@H]2O[C@@H]1C(=O)Oc1nc(N)c3ncn2c3n1,False,C12H13N5O6,323.0866,23
CC(=O)O[C@H]1[C@H]2Oc3nc(N)c4ncn(c4n3)[C@@H]2O[C@@H]1C(O)O,False,C12H13N5O6,323.0866,23
C[C@H]1O[C@@H](n2cnc3c(N)ncnc32)[C@H](O)[C@@H]1OC(=O)C(=O)O,False,C12H13N5O6,323.0866,23
CC(=O)O[C@H]1[C@@H](O)[C@H](n2cnc3c(N)ncnc32)O[C@@H]1C(O)O,False,C12H15N5O6,325.1022,23
CC(=O)O[C@H]1[C@@H](O)[C@H](n2cnc3c(N)ncnc32)O[C@@H]1C(O)(O)C#N,False,C13H14N6O6,350.0975,25
CC(=O)O[C@H]1[C@@H](O)[C@H](n2cnc3c(N)ncnc32)O[C@@H]1C(N)=O,False,C12H14N6O5,322.1026,23
CC(=O)O[C@H]1[C@@H](O)[C@H](n2cnc3c(N)ncnc32)O[C@@]1(C)C(=O)O,False,C13H15N5O6,337.1022,24
CC(=O)O[C@@]1(C)[C@@H](C(=O)O)O[C@@H](n2cnc3c(N)ncnc32)[C@@H]1O,False,C13H15N5O6,337.1022,24
CC(=O)O[C@@H]1[C@@H](C(=O)O)O[C@@H](n2cnc3c(N)ncnc32)[C@@]1(C)O,False,C13H15N5O6,337.1022,24
CC(=O)O[C@@H]1[C@@H](C(=O)O)O[C@](C)(n2cnc3c(N)ncnc32)[C@@H]1O,False,C13H15N5O6,337.1022,24
CC(=O)O[C@H]1[C@@H](O)[C@H](n2c(C)nc3c(N)ncnc32)O[C@@H]1C(=O)O,False,C13H15N5O6,337.1022,24
CC(=O)O[C@H]1[C@@H](O)[C@H](n2cnc3c(N)nc(C)nc32)O[C@@H]1C(=O)O,False,C13H15N5O6,337.1022,24
C[C@]1(OC=O)[C@@H](CO)O[C@@H](n2cnc3c(N)ncnc32)[C@@]1(C)O,False,C13H17N5O5,323.123,23
C[C@@]1(CO)O[C@@H](n2cnc3c(N)ncnc32)[C@H](O)[C@@]1(C)OC=O,False,C13H17N5O5,323.123,23
C[C@@]1(OC=O)[C@@H](O)[C@@](C)(n2cnc3c(N)ncnc32)O[C@@H]1CO,False,C13H17N5O5,323.123,23
Cc1nc2c(N)ncnc2n1[C@@H]1O[C@H](CO)[C@](C)(OC=O)[C@H]1O,False,C13H17N5O5,323.123,23
Cc1nc(N)c2ncn([C@@H]3O[C@H](CO)[C@](C)(OC=O)[C@H]3O)c2n1,False,C13H17N5O5,323.123,23
CC1=Nc2ncnc3c2ncn3[C@@H]2O[C@H](CO)[C@](C)(O1)[C@H]2O,False,C13H15N5O4,305.1124,22
CC(O)O[C@]12CO[C@H]1[C@H](n1cnc3c(N)ncnc31)O[C@@H]2CO,False,C13H17N5O5,323.123,23
CC(O)O[C@@]12COC[C@H]1O[C@@H](n1cnc3c(N)ncnc31)[C@@H]2O,False,C13H17N5O5,323.123,23
C[C@@]12OC(O)CO[C@H]1[C@H](n1cnc3c(N)ncnc31)O[C@@H]2CO,False,C13H17N5O5,323.123,23
C[C@]12OC(O)COC[C@H]1O[C@@H](n1cnc3c(N)ncnc31)[C@@H]2O,False,C13H17N5O5,323.123,23
C[C@]1(OC(=O)CO)[C@@H](CO)O[C@@H](n2cnc3c(N)ncnc32)[C@@H]1O,False,C13H17N5O6,339.1179,24
COC(=O)O[C@@]1(C)[C@@H](CO)O[C@@H](n2cnc3c(N)ncnc32)[C@@H]1O,False,C13H17N5O6,339.1179,24
C[C@]1(OC(O)CO)[C@@H](CO)O[C@@H](n2cnc3c(N)ncnc32)[C@@H]1O,False,C13H19N5O6,341.1335,24
CC[C@]1(OC(C)=O)[C@@H](CO)O[C@@H](n2cnc3c(N)ncnc32)[C@@H]1O,False,C14H19N5O5,337.1386,24
CC(=O)O[C@@]1(C)[C@@H](CO)O[C@@H](n2cnc3c(N)ncnc32)[C@@]1(C)O,False,C14H19N5O5,337.1386,24
CC(=O)O[C@]1(C)[C@@H](O)[C@H](n2cnc3c(N)ncnc32)O[C@@]1(C)CO,False,C14H19N5O5,337.1386,24
CC(=O)O[C@]1(C)[C@@H](O)[C@@](C)(n2cnc3c(N)ncnc32)O[C@@H]1CO,False,C14H19N5O5,337.1386,24
CC(=O)O[C@@]1(C)[C@@H](C(C)O)O[C@@H](n2cnc3c(N)ncnc32)[C@@H]1O,False,C14H19N5O5,337.1386,24
CC(=O)O[C@@]1(C)[C@@H](CO)O[C@@H](n2c(C)nc3c(N)ncnc32)[C@@H]1O,False,C14H19N5O5,337.1386,24
CC(=O)O[C@@]1(C)[C@@H](CO)O[C@@H](n2cnc3c(N)nc(C)nc32)[C@@H]1O,False,C14H19N5O5,337.1386,24
C[C@]1(O)[C@H](OC=O)[C@@H](CO)O[C@]1(C)n1cnc2c(N)ncnc21,False,C13H17N5O5,323.123,23
C[C@@]1(O)[C@H](n2cnc3c(N)ncnc32)O[C@@](C)(CO)[C@H]1OC=O,False,C13H17N5O5,323.123,23
Cc1nc2c(N)ncnc2n1[C@@H]1O[C@H](CO)[C@@H](OC=O)[C@]1(C)O,False,C13H17N5O5,323.123,23
Cc1nc(N)c2ncn([C@@H]3O[C@H](CO)[C@@H](OC=O)[C@]3(C)O)c2n1,False,C13H17N5O5,323.123,23
CC1=Nc2ncnc3c2ncn3[C@@H]2O[C@H](CO)[C@@H](O1)[C@]2(C)O,False,C13H15N5O4,305.1124,22
CC(O)O[C@@H]1[C@@H](CO)O[C@@H](n2cnc3c(N)ncnc32)[C@]12CO2,False,C13H17N5O5,323.123,23
CC(O)O[C@@H]1[C@H]2COC[C@@]1(O)[C@H](n1cnc3c(N)ncnc31)O2,False,C13H17N5O5,323.123,23
C[C@]12OCC(O)O[C@@H]1[C@@H](CO)O[C@H]2n1cnc2c(N)ncnc21,False,C13H17N5O5,323.123,23
C[C@]1(O)[C@@H]2OC(O)COC[C@H]2O[C@H]1n1cnc2c(N)ncnc21,False,C13H17N5O5,323.123,23
C[C@]1(O)[C@H](OC(=O)CO)[C@@H](CO)O[C@H]1n1cnc2c(N)ncnc21,False,C13H17N5O6,339.1179,24
COC(=O)O[C@@H]1[C@@H](CO)O[C@@H](n2cnc3c(N)ncnc32)[C@@]1(C)O,False,C13H17N5O6,339.1179,24
C[C@]1(O)[C@H](OC(O)CO)[C@@H](CO)O[C@H]1n1cnc2c(N)ncnc21,False,C13H19N5O6,341.1335,24
CC[C@]1(O)[C@H](OC(C)=O)[C@@H](CO)O[C@H]1n1cnc2c(N)ncnc21,False,C14H19N5O5,337.1386,24
CC(=O)O[C@@H]1[C@@H](CO)O[C@](C)(n2cnc3c(N)ncnc32)[C@@]1(C)O,False,C14H19N5O5,337.1386,24
CC(=O)O[C@H]1[C@](C)(O)[C@H](n2cnc3c(N)ncnc32)O[C@@]1(C)CO,False,C14H19N5O5,337.1386,24
CC(=O)O[C@@H]1[C@@H](C(C)O)O[C@@H](n2cnc3c(N)ncnc32)[C@@]1(C)O,False,C14H19N5O5,337.1386,24
CC(=O)O[C@@H]1[C@@H](CO)O[C@@H](n2c(C)nc3c(N)ncnc32)[C@@]1(C)O,False,C14H19N5O5,337.1386,24
CC(=O)O[C@@H]1[C@@H](CO)O[C@@H](n2cnc3c(N)nc(C)nc32)[C@@]1(C)O,False,C14H19N5O5,337.1386,24
CC(=O)O[C@H]1[C@@H](O)[C@@](CO)(n2cnc3c(N)ncnc32)O[C@@H]1C,False,C13H17N5O5,323.123,23
C[C@]1(n2cnc3c(N)ncnc32)O[C@@](C)(CO)[C@@H](OC=O)[C@H]1O,False,C13H17N5O5,323.123,23
Cc1nc2c(N)ncnc2n1[C@@H]1O[C@@](C)(CO)[C@@H](OC=O)[C@H]1O,False,C13H17N5O5,323.123,23
Cc1nc(N)c2ncn([C@@H]3O[C@@](C)(CO)[C@@H](OC=O)[C@H]3O)c2n1,False,C13H17N5O5,323.123,23
CC1=Nc2ncnc3c2ncn3[C@@H]2O[C@@](C)(CO)[C@@H](O1)[C@H]2O,False,C13H15N5O4,305.1124,22
CC(O)O[C@H]1[C@@H](O)[C@H](n2cnc3c(N)ncnc32)OC12COC2,False,C13H17N5O5,323.123,23
CC(O)O[C@H]1[C@H]2OC[C@@]1(CO)O[C@H]2n1cnc2c(N)ncnc21,False,C13H17N5O5,323.123,23
C[C@]12COCC(O)O[C@H]1[C@@H](O)[C@H](n1cnc3c(N)ncnc31)O2,False,C13H17N5O5,323.123,23
C[C@@]1(CO)O[C@@H](n2cnc3c(N)ncnc32)[C@@H]2OCC(O)O[C@@H]21,False,C13H17N5O5,323.123,23
C[C@@]1(CO)O[C@@H](n2cnc3c(N)ncnc32)[C@H](O)[C@@H]1OC(=O)CO,False,C13H17N5O6,339.1179,24
COC(=O)O[C@H]1[C@@H](O)[C@H](n2cnc3c(N)ncnc32)O[C@@]1(C)CO,False,C13H17N5O6,339.1179,24
C[C@@]1(CO)O[C@@H](n2cnc3c(N)ncnc32)[C@H](O)[C@@H]1OC(O)CO,False,C13H19N5O6,341.1335,24
CC[C@@]1(CO)O[C@@H](n2cnc3c(N)ncnc32)[C@H](O)[C@@H]1OC(C)=O,False,C14H19N5O5,337.1386,24
CC(=O)O[C@H]1[C@@H](O)[C@H](n2cnc3c(N)ncnc32)O[C@@]1(C)C(C)O,False,C14H19N5O5,337.1386,24
CC(=O)O[C@H]1[C@@H](O)[C@@](C)(n2cnc3c(N)ncnc32)O[C@@]1(C)CO,False,C14H19N5O5,337.1386,24
CC(=O)O[C@H]1[C@@H](O)[C@H](n2c(C)nc3c(N)ncnc32)O[C@@]1(C)CO,False,C14H19N5O5,337.1386,24
CC(=O)O[C@H]1[C@@H](O)[C@H](n2cnc3c(N)nc(C)nc32)O[C@@]1(C)CO,False,C14H19N5O5,337.1386,24
Cc1nc2c(N)ncnc2n1[C@@]1(C)O[C@H](CO)[C@@H](OC=O)[C@H]1O,False,C13H17N5O5,323.123,23
Cc1nc(N)c2ncn([C@@]3(C)O[C@H](CO)[C@@H](OC=O)[C@H]3O)c2n1,False,C13H17N5O5,323.123,23
CC1=Nc2ncnc3c2ncn3[C@@]2(C)O[C@H](CO)[C@@H](O1)[C@H]2O,False,C13H15N5O4,305.1124,22
CC(O)O[C@H]1[C@H]2OC[C@]2(n2cnc3c(N)ncnc32)O[C@@H]1CO,False,C13H17N5O5,323.123,23
CC(O)O[C@H]1[C@@H](O)[C@]2(n3cnc4c(N)ncnc43)COC[C@H]1O2,False,C13H17N5O5,323.123,23
C[C@]1(n2cnc3c(N)ncnc32)O[C@H](CO)[C@H]2OC(O)CO[C@H]21,False,C13H17N5O5,323.123,23
C[C@]1(n2cnc3c(N)ncnc32)O[C@@H]2COCC(O)O[C@H]2[C@H]1O,False,C13H17N5O5,323.123,23
C[C@]1(n2cnc3c(N)ncnc32)O[C@H](CO)[C@@H](OC(=O)CO)[C@H]1O,False,C13H17N5O6,339.1179,24
COC(=O)O[C@H]1[C@@H](O)[C@@](C)(n2cnc3c(N)ncnc32)O[C@@H]1CO,False,C13H17N5O6,339.1179,24
C[C@]1(n2cnc3c(N)ncnc32)O[C@H](CO)[C@@H](OC(O)CO)[C@H]1O,False,C13H19N5O6,341.1335,24
CC[C@]1(n2cnc3c(N)ncnc32)O[C@H](CO)[C@@H](OC(C)=O)[C@H]1O,False,C14H19N5O5,337.1386,24
CC(=O)O[C@H]1[C@@H](O)[C@@](C)(n2c(C)nc3c(N)ncnc32)O[C@@H]1CO,False,C14H19N5O5,337.1386,24
CC(=O)O[C@@H]1[C@@H](C(C)O)O[C@](C)(n2cnc3c(N)ncnc32)[C@@H]1O,False,C14H19N5O5,337.1386,24
CC(=O)O[C@H]1[C@@H](O)[C@@](C)(n2cnc3c(N)nc(C)nc32)O[C@@H]1CO,False,C14H19N5O5,337.1386,24
CC1=Nc2ncnc3c2ncn3[C@@H]2O[C@H](C(C)O)[C@@H](O1)[C@H]2O,False,C13H15N5O4,305.1124,22
CC(O)O[C@H]1[C@@H](O)[C@H](n2cnc3c(N)ncnc32)O[C@@H]1C1CO1,False,C13H17N5O5,323.123,23
CC(O)O[C@H]1[C@H]2OCC(O)[C@H]1O[C@H]2n1cnc2c(N)ncnc21,False,C13H17N5O5,323.123,23
CC1OCC(O)O[C@H]2[C@@H](O)[C@H](n3cnc4c(N)ncnc43)O[C@H]12,False,C13H17N5O5,323.123,23
CC(O)[C@H]1O[C@@H](n2cnc3c(N)ncnc32)[C@@H]2OCC(O)O[C@@H]21,False,C13H17N5O5,323.123,23
CC(=O)O[C@H]1[C@@H](O)[C@H](n2cnc3c(N)ncnc32)O[C@@H]1C(C)(C)O,False,C14H19N5O5,337.1386,24
CCC(O)[C@H]1O[C@@H](n2cnc3c(N)ncnc32)[C@H](O)[C@@H]1OC(C)=O,False,C14H19N5O5,337.1386,24
CC(=O)O[C@H]1[C@@H](O)[C@H](n2cnc3c(N)ncnc32)O[C@@H]1C(C)Cl,False,C13H16ClN5O4,341.0891,23
CC(=O)O[C@H]1[C@@H](O)[C@H](n2cnc3c(N)ncnc32)O[C@@H]1C(C)(O)O,False,C13H17N5O6,339.1179,24
CC(=O)O[C@H]1[C@@H](O)[C@H](n2cnc3c(N)ncnc32)O[C@@H]1C(O)CO,False,C13H17N5O6,339.1179,24
CC(O)[C@H]1O[C@@H](n2cnc3c(N)ncnc32)[C@H](O)[C@@H]1OC(=O)CO,False,C13H17N5O6,339.1179,24
COC(=O)O[C@H]1[C@@H](O)[C@H](n2cnc3c(N)ncnc32)O[C@@H]1C(C)O,False,C13H17N5O6,339.1179,24
CC(O)O[C@H]1[C@@H](O)[C@H](n2cnc3c(N)ncnc32)O[C@@H]1C(C)(O)O,False,C13H19N5O6,341.1335,24
CC(O)O[C@H]1[C@@H](O)[C@H](n2cnc3c(N)ncnc32)O[C@@H]1C(O)CO,False,C13H19N5O6,341.1335,24
CC(O)[C@H]1O[C@@H](n2cnc3c(N)ncnc32)[C@H](O)[C@@H]1OC(O)CO,False,C13H19N5O6,341.1335,24
CC(=O)O[C@H]1[C@@H](O)[C@H](n2c(C)nc3c(N)ncnc32)O[C@@H]1C(C)O,False,C14H19N5O5,337.1386,24
CC(=O)O[C@H]1[C@@H](O)[C@H](n2cnc3c(N)nc(C)nc32)O[C@@H]1C(C)O,False,C14H19N5O5,337.1386,24
CC(O)[C@H]1O[C@@H](n2cnc3c(N)ncnc32)[C@H](O)[C@@H]1OC(C)(C)O,False,C14H21N5O5,339.1543,24
Cc1nc(N)c2nc(C)n([C@@H]3O[C@H](CO)[C@@H](OC=O)[C@H]3O)c2n1,False,C13H17N5O5,323.123,23
CC1=Nc2ncnc3c2nc(C)n3[C@@H]2O[C@H](CO)[C@@H](O1)[C@H]2O,False,C13H15N5O4,305.1124,22
CC(O)O[C@H]1[C@H]2OCc3nc4c(N)ncnc4n3[C@@H]2O[C@@H]1CO,False,C13H17N5O5,323.123,23
CC(O)O[C@H]1[C@@H](O)[C@H]2O[C@@H]1COCc1nc3c(N)ncnc3n12,False,C13H17N5O5,323.123,23
Cc1nc2c(N)ncnc2n1[C@@H]1O[C@H](CO)[C@H]2OC(O)CO[C@H]21,False,C13H17N5O5,323.123,23
Cc1nc2c(N)ncnc2n1[C@@H]1O[C@@H]2COCC(O)O[C@H]2[C@H]1O,False,C13H17N5O5,323.123,23
Cc1nc2c(N)ncnc2n1[C@@H]1O[C@H](CO)[C@@H](OC(=O)CO)[C@H]1O,False,C13H17N5O6,339.1179,24
COC(=O)O[C@H]1[C@@H](O)[C@H](n2c(C)nc3c(N)ncnc32)O[C@@H]1CO,False,C13H17N5O6,339.1179,24
Cc1nc2c(N)ncnc2n1[C@@H]1O[C@H](CO)[C@@H](OC(O)CO)[C@H]1O,False,C13H19N5O6,341.1335,24
CCc1nc2c(N)ncnc2n1[C@@H]1O[C@H](CO)[C@@H](OC(C)=O)[C@H]1O,False,C14H19N5O5,337.1386,24
CC(=O)O[C@H]1[C@@H](O)[C@H](n2c(C)nc3c(N)nc(C)nc32)O[C@@H]1CO,False,C14H19N5O5,337.1386,24
CC1=Nc2nc(C)nc3c2ncn3[C@@H]2O[C@H](CO)[C@@H](O1)[C@H]2O,False,C13H15N5O4,305.1124,22
CC(O)O[C@H]1[C@H]2OCc3nc(N)c4ncn(c4n3)[C@@H]2O[C@@H]1CO,False,C13H17N5O5,323.123,23
CC(O)O[C@H]1[C@@H](O)[C@H]2O[C@@H]1COCc1nc(N)c3ncn2c3n1,False,C13H17N5O5,323.123,23
Cc1nc(N)c2ncn([C@@H]3O[C@H](CO)[C@H]4OC(O)CO[C@H]43)c2n1,False,C13H17N5O5,323.123,23
Cc1nc(N)c2ncn([C@@H]3O[C@@H]4COCC(O)O[C@H]4[C@H]3O)c2n1,False,C13H17N5O5,323.123,23
Cc1nc(N)c2ncn([C@@H]3O[C@H](CO)[C@@H](OC(=O)CO)[C@H]3O)c2n1,False,C13H17N5O6,339.1179,24
COC(=O)O[C@H]1[C@@H](O)[C@H](n2cnc3c(N)nc(C)nc32)O[C@@H]1CO,False,C13H17N5O6,339.1179,24
Cc1nc(N)c2ncn([C@@H]3O[C@H](CO)[C@@H](OC(O)CO)[C@H]3O)c2n1,False,C13H19N5O6,341.1335,24
CCc1nc(N)c2ncn([C@@H]3O[C@H](CO)[C@@H](OC(C)=O)[C@H]3O)c2n1,False,C14H19N5O5,337.1386,24
C[C@@]12OC=Nc3ncnc4c3ncn4[C@@H]1O[C@H](CO)[C@H]2O,False,C12H13N5O4,291.0968,21
Nc1ncnc2c1ncn2[C@@H]1O[C@H](CO)[C@H]2OC[C@]21OCO,False,C12H15N5O5,309.1073,22
Nc1ncnc2c1ncn2[C@@H]1O[C@@H]2COC[C@]1(OCO)[C@@H]2O,False,C12H15N5O5,309.1073,22
C[C@]1(OCO)[C@@H]2O[C@]1(n1cnc3c(N)ncnc31)O[C@@H]2CO,False,C12H15N5O5,309.1073,22
C[C@]1(OCO)[C@H](O)[C@H]2CO[C@]1(n1cnc3c(N)ncnc31)O2,False,C12H15N5O5,309.1073,22
C[C@@]1(OCO)[C@H](n2cnc3c(N)ncnc32)O[C@@H]2CO[C@]21O,False,C12H15N5O5,309.1073,22
C[C@]1(OCO)[C@@H]2O[C@@]2(CO)O[C@H]1n1cnc2c(N)ncnc21,False,C12H15N5O5,309.1073,22
C[C@]1(OCO)[C@H](O)[C@]2(CO2)O[C@H]1n1cnc2c(N)ncnc21,False,C12H15N5O5,309.1073,22
C[C@]1(OCO)[C@@H]2Oc3nc4c(N)ncnc4n3[C@@H]1O[C@@H]2CO,False,C12H15N5O5,309.1073,22
C[C@]1(OCO)[C@H](O)[C@H]2COc3nc4c(N)ncnc4n3[C@@H]1O2,False,C12H15N5O5,309.1073,22
C[C@]1(OCO)[C@@H]2OC(O)[C@H]2O[C@H]1n1cnc2c(N)ncnc21,False,C12H15N5O5,309.1073,22
C[C@]1(OCO)[C@@H]2Oc3nc(N)c4ncn(c4n3)[C@@H]1O[C@@H]2CO,False,C12H15N5O5,309.1073,22
C[C@]1(OCO)[C@H](O)[C@H]2COc3nc(N)c4ncn(c4n3)[C@@H]1O2,False,C12H15N5O5,309.1073,22
CO[C@@]1(C)[C@H](O)[C@@H](CO)O[C@H]1n1cnc2c(N)ncnc21,False,C12H17N5O4,295.1281,21
C[C@H]1O[C@@H](n2cnc3c(N)ncnc32)[C@@](C)(OC=O)[C@@H]1O,False,C12H15N5O4,293.1124,21
C[C@]1(OC=O)[C@H](O)[C@@H](C(=O)O)O[C@H]1n1cnc2c(N)ncnc21,False,C12H13N5O6,323.0866,23
C[C@]12O[C@H](CO)[C@@H](O)[C@H]1OC=Nc1ncnc3c1ncn32,False,C12H13N5O4,291.0968,21
Nc1ncnc2c1ncn2[C@]12CO[C@@H]([C@H]1OCO)[C@@H](CO)O2,False,C12H15N5O5,309.1073,22
Nc1ncnc2c1ncn2[C@@]12COC[C@@H](O1)[C@@H](O)[C@H]2OCO,False,C12H15N5O5,309.1073,22
C[C@]1(n2cnc3c(N)ncnc32)O[C@H](CO)[C@H]2O[C@]21OCO,False,C12H15N5O5,309.1073,22
C[C@]1(n2cnc3c(N)ncnc32)O[C@@H]2CO[C@]1(OCO)[C@@H]2O,False,C12H15N5O5,309.1073,22
C[C@]1(n2cnc3c(N)ncnc32)O[C@@H]2CO[C@@]2(O)[C@H]1OCO,False,C12H15N5O5,309.1073,22
C[C@@]12O[C@H](CO)[C@@H](Oc3nc4c(N)ncnc4n31)[C@H]2OCO,False,C12H15N5O5,309.1073,22
C[C@@]12O[C@H](COc3nc4c(N)ncnc4n31)[C@@H](O)[C@H]2OCO,False,C12H15N5O5,309.1073,22
C[C@]1(n2cnc3c(N)ncnc32)O[C@]2(CO)O[C@H]2[C@H]1OCO,False,C12H15N5O5,309.1073,22
C[C@]1(n2cnc3c(N)ncnc32)O[C@@]2(CO2)[C@@H](O)[C@H]1OCO,False,C12H15N5O5,309.1073,22
C[C@]1(n2cnc3c(N)ncnc32)O[C@@H]2C(O)O[C@H]2[C@H]1OCO,False,C12H15N5O5,309.1073,22
C[C@@]12O[C@H](CO)[C@@H](Oc3nc(N)c4ncn1c4n3)[C@H]2OCO,False,C12H15N5O5,309.1073,22
C[C@@]12O[C@H](COc3nc(N)c4ncn1c4n3)[C@@H](O)[C@H]2OCO,False,C12H15N5O5,309.1073,22
CO[C@@H]1[C@H](O)[C@@H](CO)O[C@]1(C)n1cnc2c(N)ncnc21,False,C12H17N5O4,295.1281,21
C[C@H]1O[C@](C)(n2cnc3c(N)ncnc32)[C@H](OC=O)[C@@H]1O,False,C12H15N5O4,293.1124,21
C[C@]1(n2cnc3c(N)ncnc32)O[C@H](C(=O)O)[C@@H](O)[C@H]1OC=O,False,C12H13N5O6,323.0866,23
C[C@]1(O)[C@@H](CO)O[C@@H]2[C@@H]1OC=Nc1ncnc3c1ncn32,False,C12H13N5O4,291.0968,21
Nc1ncnc2c1ncn2[C@@H]1O[C@H](CO)[C@@]2(CO2)[C@H]1OCO,False,C12H15N5O5,309.1073,22
Nc1ncnc2c1ncn2[C@@H]1O[C@@H]2COC[C@@]2(O)[C@H]1OCO,False,C12H15N5O5,309.1073,22
C[C@@]12O[C@@]1(OCO)[C@H](n1cnc3c(N)ncnc31)O[C@@H]2CO,False,C12H15N5O5,309.1073,22
C[C@]1(O)[C@H]2CO[C@@]1(OCO)[C@H](n1cnc3c(N)ncnc31)O2,False,C12H15N5O5,309.1073,22
C[C@]12O[C@@]1(CO)O[C@@H](n1cnc3c(N)ncnc31)[C@@H]2OCO,False,C12H15N5O5,309.1073,22
C[C@@]1(O)[C@@H](OCO)[C@H](n2cnc3c(N)ncnc32)O[C@@]12CO2,False,C12H15N5O5,309.1073,22
C[C@]12O[C@](n3cnc4c(N)ncnc43)(O[C@@H]1CO)[C@@H]2OCO,False,C12H15N5O5,309.1073,22
C[C@@]1(O)[C@@H](OCO)[C@]2(n3cnc4c(N)ncnc43)OC[C@H]1O2,False,C12H15N5O5,309.1073,22
C[C@]12OC(O)[C@H]1O[C@@H](n1cnc3c(N)ncnc31)[C@@H]2OCO,False,C12H15N5O5,309.1073,22
C[C@]12Oc3nc4c(N)ncnc4n3[C@H](O[C@@H]1CO)[C@@H]2OCO,False,C12H15N5O5,309.1073,22
C[C@]1(O)[C@H]2COc3nc4c(N)ncnc4n3[C@H](O2)[C@@H]1OCO,False,C12H15N5O5,309.1073,22
C[C@]12Oc3nc(N)c4ncn(c4n3)[C@H](O[C@@H]1CO)[C@@H]2OCO,False,C12H15N5O5,309.1073,22
C[C@]1(O)[C@H]2COc3nc(N)c4ncn(c4n3)[C@H](O2)[C@@H]1OCO,False,C12H15N5O5,309.1073,22
CO[C@H]1[C@H](n2cnc3c(N)ncnc32)O[C@H](CO)[C@]1(C)O,False,C12H17N5O4,295.1281,21
C[C@H]1O[C@@H](n2cnc3c(N)ncnc32)[C@H](OC=O)[C@@]1(C)O,False,C12H15N5O4,293.1124,21
C[C@]1(O)[C@@H](C(=O)O)O[C@@H](n2cnc3c(N)ncnc32)[C@@H]1OC=O,False,C12H13N5O6,323.0866,23
C[C@H]1O[C@](CO)(n2cnc3c(N)ncnc32)[C@H](OC=O)[C@@H]1O,False,C12H15N5O5,309.1073,22
C[C@@]1(CO)O[C@@H]2[C@H](OC=Nc3ncnc4c3ncn42)[C@@H]1O,False,C12H13N5O4,291.0968,21
Nc1ncnc2c1ncn2[C@@H]1O[C@]2(CO)CO[C@H]2[C@H]1OCO,False,C12H15N5O5,309.1073,22
Nc1ncnc2c1ncn2[C@@H]1OC2(COC2)[C@@H](O)[C@H]1OCO,False,C12H15N5O5,309.1073,22
C[C@]12CO[C@@]1(O)[C@@H](OCO)[C@H](n1cnc3c(N)ncnc31)O2,False,C12H15N5O5,309.1073,22
C[C@@]12O[C@@H](n3cnc4c(N)ncnc43)[C@H](OCO)[C@@H]1OC2O,False,C12H15N5O5,309.1073,22
C[C@@]1(CO)O[C@@H](n2cnc3c(N)ncnc32)[C@]2(OCO)O[C@@H]21,False,C12H15N5O5,309.1073,22
C[C@@]12CO[C@@](OCO)([C@H](n3cnc4c(N)ncnc43)O1)[C@@H]2O,False,C12H15N5O5,309.1073,22
C[C@@]1(CO)O[C@@]2(n3cnc4c(N)ncnc43)O[C@H]1[C@H]2OCO,False,C12H15N5O5,309.1073,22
C[C@@]12CO[C@](n3cnc4c(N)ncnc43)(O1)[C@H](OCO)[C@@H]2O,False,C12H15N5O5,309.1073,22
C[C@@]1(CO)O[C@@H]2[C@H](OCO)[C@@H]1Oc1nc3c(N)ncnc3n12,False,C12H15N5O5,309.1073,22
C[C@@]12COc3nc4c(N)ncnc4n3[C@H](O1)[C@H](OCO)[C@@H]2O,False,C12H15N5O5,309.1073,22
C[C@@]1(CO)O[C@@H]2[C@H](OCO)[C@@H]1Oc1nc(N)c3ncn2c3n1,False,C12H15N5O5,309.1073,22
C[C@@]12COc3nc(N)c4ncn(c4n3)[C@H](O1)[C@H](OCO)[C@@H]2O,False,C12H15N5O5,309.1073,22
CO[C@H]1[C@H](n2cnc3c(N)ncnc32)O[C@@](C)(CO)[C@H]1O,False,C12H17N5O4,295.1281,21
CC1(C)O[C@@H](n2cnc3c(N)ncnc32)[C@H](OC=O)[C@@H]1O,False,C12H15N5O4,293.1124,21
C[C@@]1(C(=O)O)O[C@@H](n2cnc3c(N)ncnc32)[C@H](OC=O)[C@@H]1O,False,C12H13N5O6,323.0866,23
Cc1nc2c3ncnc2n1[C@@H]1O[C@H](CO)[C@@H](O)[C@H]1OC=N3,False,C12H13N5O4,291.0968,21
Nc1ncnc2c1nc1n2[C@@H]2O[C@H](CO)[C@@H](OC1)[C@H]2OCO,False,C12H15N5O5,309.1073,22
Nc1ncnc2c1nc1n2[C@@H]2O[C@H](COC1)[C@@H](O)[C@H]2OCO,False,C12H15N5O5,309.1073,22
Cc1nc2c(N)ncnc2n1[C@]12O[C@@H]([C@H]1OCO)[C@@H](CO)O2,False,C12H15N5O5,309.1073,22
Cc1nc2c(N)ncnc2n1[C@@]12OC[C@@H](O1)[C@@H](O)[C@H]2OCO,False,C12H15N5O5,309.1073,22
Cc1nc2c(N)ncnc2n1[C@@H]1O[C@H](CO)[C@H]2O[C@]21OCO,False,C12H15N5O5,309.1073,22
Cc1nc2c(N)ncnc2n1[C@@H]1O[C@@H]2CO[C@]1(OCO)[C@@H]2O,False,C12H15N5O5,309.1073,22
Cc1nc2c(N)ncnc2n1[C@@H]1O[C@@H]2CO[C@@]2(O)[C@H]1OCO,False,C12H15N5O5,309.1073,22
Cc1nc2c(N)ncnc2n1[C@@H]1O[C@]2(CO)O[C@H]2[C@H]1OCO,False,C12H15N5O5,309.1073,22
Cc1nc2c(N)ncnc2n1[C@@H]1O[C@@]2(CO2)[C@@H](O)[C@H]1OCO,False,C12H15N5O5,309.1073,22
Cc1nc2c(N)nc3nc2n1[C@@H]1O[C@H](CO)[C@@H](O3)[C@H]1OCO,False,C12H15N5O5,309.1073,22
Cc1nc2c(N)nc3nc2n1[C@@H]1O[C@H](CO3)[C@@H](O)[C@H]1OCO,False,C12H15N5O5,309.1073,22
Cc1nc2c(N)ncnc2n1[C@@H]1O[C@@H]2C(O)O[C@H]2[C@H]1OCO,False,C12H15N5O5,309.1073,22
CO[C@@H]1[C@H](O)[C@@H](CO)O[C@H]1n1c(C)nc2c(N)ncnc21,False,C12H17N5O4,295.1281,21
Cc1nc2c(N)ncnc2n1[C@@H]1O[C@H](C)[C@@H](O)[C@H]1OC=O,False,C12H15N5O4,293.1124,21
Cc1nc2c(N)ncnc2n1[C@@H]1O[C@H](C(=O)O)[C@@H](O)[C@H]1OC=O,False,C12H13N5O6,323.0866,23
Nc1ncnc2c1ncn2[C@@H]1OC[C@@H](O)[C@H]1OC=O,False,C10H11N5O4,265.0811,19
CC(O)[C@H]1O[C@@H]2[C@H](OC=Nc3ncnc4c3ncn42)[C@@H]1O,False,C12H13N5O4,291.0968,21
CC1(O)O[C@H]2[C@@H](OCO)[C@H](n3cnc4c(N)ncnc43)O[C@@H]21,False,C12H15N5O5,309.1073,22
Nc1ncnc2c1ncn2[C@@H]1O[C@H](C2CO2)[C@@H](O)[C@H]1OCO,False,C12H15N5O5,309.1073,22
Nc1ncnc2c1ncn2[C@@H]1O[C@@H]2C(O)CO[C@H]2[C@H]1OCO,False,C12H15N5O5,309.1073,22
CC1O[C@]12O[C@@H](n1cnc3c(N)ncnc31)[C@H](OCO)[C@@H]2O,False,C12H15N5O5,309.1073,22
CC(O)[C@]12O[C@@H](n3cnc4c(N)ncnc43)[C@H](OCO)[C@@H]1O2,False,C12H15N5O5,309.1073,22
CC1O[C@]2(O)[C@@H]1O[C@@H](n1cnc3c(N)ncnc31)[C@@H]2OCO,False,C12H15N5O5,309.1073,22
CC1O[C@]2(OCO)[C@H](O)[C@@H]1O[C@H]2n1cnc2c(N)ncnc21,False,C12H15N5O5,309.1073,22
CC(O)[C@H]1O[C@@H](n2cnc3c(N)ncnc32)[C@]2(OCO)O[C@H]12,False,C12H15N5O5,309.1073,22
CC1O[C@]2(n3cnc4c(N)ncnc43)O[C@H]1[C@@H](O)[C@H]2OCO,False,C12H15N5O5,309.1073,22
CC(O)[C@H]1O[C@@]2(n3cnc4c(N)ncnc43)O[C@H]1[C@H]2OCO,False,C12H15N5O5,309.1073,22
CC1Oc2nc3c(N)ncnc3n2[C@@H]2O[C@H]1[C@@H](O)[C@H]2OCO,False,C12H15N5O5,309.1073,22
CC(O)[C@H]1O[C@@H]2[C@H](OCO)[C@@H]1Oc1nc3c(N)ncnc3n12,False,C12H15N5O5,309.1073,22
CC1Oc2nc(N)c3ncn(c3n2)[C@@H]2O[C@H]1[C@@H](O)[C@H]2OCO,False,C12H15N5O5,309.1073,22
CC(O)[C@H]1O[C@@H]2[C@H](OCO)[C@@H]1Oc1nc(N)c3ncn2c3n1,False,C12H15N5O5,309.1073,22
CO[C@@H]1[C@H](O)[C@@H](C(C)O)O[C@H]1n1cnc2c(N)ncnc21,False,C12H17N5O4,295.1281,21
CC(C)(O)[C@H]1O[C@@H](n2cnc3c(N)ncnc32)[C@H](OC=O)[C@@H]1O,False,C13H17N5O5,323.123,23
CCC(O)[C@H]1O[C@@H](n2cnc3c(N)ncnc32)[C@H](OC=O)[C@@H]1O,False,C13H17N5O5,323.123,23
CC(Cl)[C@H]1O[C@@H](n2cnc3c(N)ncnc32)[C@H](OC=O)[C@@H]1O,False,C12H14ClN5O4,327.0734,22
CC(O)(O)[C@H]1O[C@@H](n2cnc3c(N)ncnc32)[C@H](OC=O)[C@@H]1O,False,C12H15N5O6,325.1022,23
Nc1ncnc2c1ncn2[C@@H]1O[C@H](C(O)CO)[C@@H](O)[C@H]1OC=O,False,C12H15N5O6,325.1022,23
CC(O)(O)[C@H]1O[C@@H](n2cnc3c(N)ncnc32)[C@H](OCO)[C@@H]1O,False,C12H17N5O6,327.1179,23
Nc1ncnc2c1ncn2[C@@H]1O[C@H](C(O)CO)[C@@H](O)[C@H]1OCO,False,C12H17N5O6,327.1179,23
CC[C@H]1O[C@@H](n2cnc3c(N)ncnc32)[C@H](OC=O)[C@@H]1O,False,C12H15N5O4,293.1124,21
CC(O)[C@]1(C)O[C@@H](n2cnc3c(N)ncnc32)[C@H](OC=O)[C@@H]1O,False,C13H17N5O5,323.123,23
CC(O)[C@H]1O[C@@H](n2cnc3c(N)ncnc32)[C@H](OC=O)[C@@]1(C)O,False,C13H17N5O5,323.123,23
CC(O)[C@H]1O[C@@H](n2cnc3c(N)ncnc32)[C@@](C)(OC=O)[C@@H]1O,False,C13H17N5O5,323.123,23
CC(O)[C@H]1O[C@](C)(n2cnc3c(N)ncnc32)[C@H](OC=O)[C@@H]1O,False,C13H17N5O5,323.123,23
Cc1nc2c(N)ncnc2n1[C@@H]1O[C@H](C(C)O)[C@@H](O)[C@H]1OC=O,False,C13H17N5O5,323.123,23
Cc1nc(N)c2ncn([C@@H]3O[C@H](C(C)O)[C@@H](O)[C@H]3OC=O)c2n1,False,C13H17N5O5,323.123,23
Cc1nc2c3ncn(c3n1)[C@@H]1O[C@H](CO)[C@@H](O)[C@H]1OC=N2,False,C12H13N5O4,291.0968,21
Nc1nc2nc3c1ncn3[C@@H]1O[C@H](CO)[C@@H](OC2)[C@H]1OCO,False,C12H15N5O5,309.1073,22
Nc1nc2nc3c1ncn3[C@@H]1O[C@H](COC2)[C@@H](O)[C@H]1OCO,False,C12H15N5O5,309.1073,22
Cc1nc(N)c2ncn([C@]34O[C@@H]([C@H]3OCO)[C@@H](CO)O4)c2n1,False,C12H15N5O5,309.1073,22
Cc1nc(N)c2ncn([C@@]34OC[C@@H](O3)[C@@H](O)[C@H]4OCO)c2n1,False,C12H15N5O5,309.1073,22
Cc1nc(N)c2nc3n(c2n1)[C@@H]1O[C@H](CO)[C@@H](O3)[C@H]1OCO,False,C12H15N5O5,309.1073,22
Cc1nc(N)c2nc3n(c2n1)[C@@H]1O[C@H](CO3)[C@@H](O)[C@H]1OCO,False,C12H15N5O5,309.1073,22
Cc1nc(N)c2ncn([C@@H]3O[C@H](CO)[C@H]4O[C@]43OCO)c2n1,False,C12H15N5O5,309.1073,22
Cc1nc(N)c2ncn([C@@H]3O[C@@H]4CO[C@]3(OCO)[C@@H]4O)c2n1,False,C12H15N5O5,309.1073,22
Cc1nc(N)c2ncn([C@@H]3O[C@@H]4CO[C@@]4(O)[C@H]3OCO)c2n1,False,C12H15N5O5,309.1073,22
Cc1nc(N)c2ncn([C@@H]3O[C@]4(CO)O[C@H]4[C@H]3OCO)c2n1,False,C12H15N5O5,309.1073,22
Cc1nc(N)c2ncn([C@@H]3O[C@@]4(CO4)[C@@H](O)[C@H]3OCO)c2n1,False,C12H15N5O5,309.1073,22
Cc1nc(N)c2ncn([C@@H]3O[C@@H]4C(O)O[C@H]4[C@H]3OCO)c2n1,False,C12H15N5O5,309.1073,22
CO[C@@H]1[C@H](O)[C@@H](CO)O[C@H]1n1cnc2c(N)nc(C)nc21,False,C12H17N5O4,295.1281,21
Cc1nc(N)c2ncn([C@@H]3O[C@H](C)[C@@H](O)[C@H]3OC=O)c2n1,False,C12H15N5O4,293.1124,21
Cc1nc(N)c2ncn([C@@H]3O[C@H](C(=O)O)[C@@H](O)[C@H]3OC=O)c2n1,False,C12H13N5O6,323.0866,23
CC1=Nc2nc(CO)nc3c2ncn3[C@@H]2OC[C@@H](O)[C@H]2O1,False,C12H13N5O4,291.0968,21
CC1=Nc2ncnc3c2nc(CO)n3[C@@H]2OC[C@@H](O)[C@H]2O1,False,C12H13N5O4,291.0968,21
CC1=Nc2ncnc3c2ncn3[C@@H]2OC[C@@H](O)[C@]2(CO)O1,False,C12H13N5O4,291.0968,21
CC1=Nc2ncnc3c2ncn3[C@@H]2OC[C@@](O)(CO)[C@H]2O1,False,C12H13N5O4,291.0968,21
OCCC1=Nc2ncnc3c2ncn3[C@@H]2OC[C@@H](O)[C@H]2O1,False,C12H13N5O4,291.0968,21
CC1=Nc2ncnc3c2ncn3[C@@H]2O[C@H](C)[C@@H](O)[C@H]2O1,False,C12H13N5O3,275.1018,20
CC1=Nc2ncnc3c2ncn3[C@@H]2O[C@H](C(=O)O)[C@@H](O)[C@H]2O1,False,C12H11N5O5,305.076,22
Nc1ncnc2c1ncn2[C@@H]1OC[C@H]2OC(CO)C(O)O[C@@H]12,False,C12H15N5O5,309.1073,22
Nc1ncnc2c1ncn2[C@@H]1OC[C@H]2OCC(O)(CO)O[C@@H]12,False,C12H15N5O5,309.1073,22
Nc1ncnc2c1ncn2[C@@H]1OC[C@]2(CO)OCC(O)O[C@@H]12,False,C12H15N5O5,309.1073,22
Nc1ncnc2c1ncn2[C@@H]1OC[C@H]2OCC(O)O[C@@]21CO,False,C12H15N5O5,309.1073,22
Nc1ncnc2c1nc(CO)n2[C@@H]1OC[C@H]2OCC(O)O[C@@H]12,False,C12H15N5O5,309.1073,22
Nc1nc(CO)nc2c1ncn2[C@@H]1OC[C@H]2OCC(O)O[C@@H]12,False,C12H15N5O5,309.1073,22
COC1CO[C@H]2[C@@H](O1)[C@H](n1cnc3c(N)ncnc31)O[C@@H]2CO,False,C13H17N5O5,323.123,23
CC(=O)OC1CO[C@H]2[C@@H](O1)[C@H](n1cnc3c(N)ncnc31)O[C@@H]2CO,False,C14H17N5O6,351.1179,25
C[C@H]1O[C@@H](n2cnc3c(N)ncnc32)[C@@H]2OC(O)CO[C@@H]21,False,C12H15N5O4,293.1124,21
Nc1ncnc2c1ncn2[C@@H]1O[C@H](C(=O)O)[C@H]2OCC(O)O[C@H]21,False,C12H13N5O6,323.0866,23
COC1COC[C@H]2O[C@@H](n3cnc4c(N)ncnc43)[C@H](O1)[C@@H]2O,False,C13H17N5O5,323.123,23
CC(=O)OC1COC[C@H]2O[C@@H](n3cnc4c(N)ncnc43)[C@H](O1)[C@@H]2O,False,C14H17N5O6,351.1179,25
CC(O)(CO)O[C@@]12O[C@@H]1CO[C@H]2n1cnc2c(N)ncnc21,False,C12H15N5O5,309.1073,22
CC(O)O[C@@]12O[C@@]1(CO)CO[C@H]2n1cnc2c(N)ncnc21,False,C12H15N5O5,309.1073,22
CC(O)O[C@@]12O[C@@H]1CO[C@H]2n1c(CO)nc2c(N)ncnc21,False,C12H15N5O5,309.1073,22
CC(O)O[C@@]12O[C@@H]1CO[C@H]2n1cnc2c(N)nc(CO)nc21,False,C12H15N5O5,309.1073,22
Nc1ncnc2c1ncn2[C@@H]1OC[C@H]2O[C@]21OC(O)CCO,False,C12H15N5O5,309.1073,22
Nc1ncnc2c1ncn2[C@@H]1O[C@H](CO)[C@H]2O[C@]21OC=O,False,C11H11N5O5,293.076,21
CCO[C@@]12O[C@@H]1[C@@H](C=O)O[C@H]2n1cnc2c(N)ncnc21,False,C12H13N5O4,291.0968,21
COC(C)O[C@@]12O[C@@H]1[C@@H](CO)O[C@H]2n1cnc2c(N)ncnc21,False,C13H17N5O5,323.123,23
CC(C)(O)O[C@@]12O[C@@H]1[C@@H](CO)O[C@H]2n1cnc2c(N)ncnc21,False,C13H17N5O5,323.123,23
CCC(O)O[C@@]12O[C@@H]1[C@@H](CO)O[C@H]2n1cnc2c(N)ncnc21,False,C13H17N5O5,323.123,23
CC(=O)OC(C)O[C@@]12O[C@@H]1[C@@H](CO)O[C@H]2n1cnc2c(N)ncnc21,False,C14H17N5O6,351.1179,25
CC(Cl)O[C@@]12O[C@@H]1[C@@H](CO)O[C@H]2n1cnc2c(N)ncnc21,False,C12H14ClN5O4,327.0734,22
CC(O)(O)O[C@@]12O[C@@H]1[C@@H](CO)O[C@H]2n1cnc2c(N)ncnc21,False,C12H15N5O6,325.1022,23
Nc1ncnc2c1ncn2[C@@H]1O[C@H](CO)[C@H]2O[C@]21OC(O)CO,False,C12H15N5O6,325.1022,23
CC(O)O[C@@]1(O)[C@H](O)[C@@H](CO)O[C@H]1n1cnc2c(N)ncnc21,False,C12H17N5O6,327.1179,23
Nc1ncnc2c1ncn2[C@@H]1O[C@@H]2CO[C@@]1(O)[C@@H]2O,False,C10H11N5O4,265.0811,19
CCO[C@@]12O[C@@H]1[C@@H](CO)O[C@H]2n1cnc2c(N)ncnc21,False,C12H15N5O4,293.1124,21
CC(O)O[C@@]12O[C@@H]1[C@@H](C)O[C@H]2n1cnc2c(N)ncnc21,False,C12H15N5O4,293.1124,21
CC(O)O[C@@]12O[C@@H]1[C@@H](C(=O)O)O[C@H]2n1cnc2c(N)ncnc21,False,C12H13N5O6,323.0866,23
CC(O)OC(C)O[C@@]12O[C@@H]1[C@@H](CO)O[C@H]2n1cnc2c(N)ncnc21,False,C14H19N5O6,353.1335,25
CC(O)O[C@@]12O[C@@H]1[C@@H](CO)O[C@]2(C)n1cnc2c(N)ncnc21,False,C13H17N5O5,323.123,23
CC(O)O[C@@]12O[C@@]1(C)[C@@H](CO)O[C@H]2n1cnc2c(N)ncnc21,False,C13H17N5O5,323.123,23
CC(O)O[C@@]12O[C@@H]1[C@](C)(CO)O[C@H]2n1cnc2c(N)ncnc21,False,C13H17N5O5,323.123,23
Cc1nc2c(N)ncnc2n1[C@@H]1O[C@H](CO)[C@H]2O[C@]21OC(C)O,False,C13H17N5O5,323.123,23
CC(O)O[C@@]12O[C@@H]1[C@@H](C(C)O)O[C@H]2n1cnc2c(N)ncnc21,False,C13H17N5O5,323.123,23
Cc1nc(N)c2ncn([C@@H]3O[C@H](CO)[C@H]4O[C@]43OC(C)O)c2n1,False,C13H17N5O5,323.123,23
Nc1ncnc2c1ncn2[C@@H]1O[C@@H]2CO[C@]1(OC=O)[C@@H]2O,False,C11H11N5O5,293.076,21
CC(=O)O[C@]12OC[C@@H](O[C@H]1n1cnc3c(N)ncnc31)[C@H]2O,False,C12H13N5O5,307.0917,22
COC(C)O[C@]12OC[C@@H](O[C@H]1n1cnc3c(N)ncnc31)[C@H]2O,False,C13H17N5O5,323.123,23
CC(C)(O)O[C@]12OC[C@@H](O[C@H]1n1cnc3c(N)ncnc31)[C@H]2O,False,C13H17N5O5,323.123,23
CCC(O)O[C@]12OC[C@@H](O[C@H]1n1cnc3c(N)ncnc31)[C@H]2O,False,C13H17N5O5,323.123,23
CC(=O)OC(C)O[C@]12OC[C@@H](O[C@H]1n1cnc3c(N)ncnc31)[C@H]2O,False,C14H17N5O6,351.1179,25
CC(Cl)O[C@]12OC[C@@H](O[C@H]1n1cnc3c(N)ncnc31)[C@H]2O,False,C12H14ClN5O4,327.0734,22
CC(O)(O)O[C@]12OC[C@@H](O[C@H]1n1cnc3c(N)ncnc31)[C@H]2O,False,C12H15N5O6,325.1022,23
Nc1ncnc2c1ncn2[C@@H]1O[C@@H]2CO[C@]1(OC(O)CO)[C@@H]2O,False,C12H15N5O6,325.1022,23
CCO[C@]12OC[C@@H](O[C@H]1n1cnc3c(N)ncnc31)[C@H]2O,False,C12H15N5O4,293.1124,21
CC(O)OC(C)O[C@]12OC[C@@H](O[C@H]1n1cnc3c(N)ncnc31)[C@H]2O,False,C14H19N5O6,353.1335,25
CC(O)O[C@]12OC[C@@H](O[C@]1(C)n1cnc3c(N)ncnc31)[C@H]2O,False,C13H17N5O5,323.123,23
CC(O)O[C@]12OC[C@@H](O[C@H]1n1cnc3c(N)ncnc31)[C@]2(C)O,False,C13H17N5O5,323.123,23
CC(O)O[C@]12OC[C@](C)(O[C@H]1n1cnc3c(N)ncnc31)[C@H]2O,False,C13H17N5O5,323.123,23
Cc1nc2c(N)ncnc2n1[C@@H]1O[C@@H]2CO[C@]1(OC(C)O)[C@@H]2O,False,C13H17N5O5,323.123,23
CC(O)O[C@]12OC(C)[C@@H](O[C@H]1n1cnc3c(N)ncnc31)[C@H]2O,False,C13H17N5O5,323.123,23
Cc1nc(N)c2ncn([C@@H]3O[C@@H]4CO[C@]3(OC(C)O)[C@@H]4O)c2n1,False,C13H17N5O5,323.123,23
CC(O)(CO)O[C@@H]1[C@H]2CO[C@@]1(n1cnc3c(N)ncnc31)O2,False,C12H15N5O5,309.1073,22
CC(O)O[C@@]1(CO)[C@H]2CO[C@@]1(n1cnc3c(N)ncnc31)O2,False,C12H15N5O5,309.1073,22
CC(O)O[C@@H]1[C@]2(CO)CO[C@@]1(n1cnc3c(N)ncnc31)O2,False,C12H15N5O5,309.1073,22
CC(O)O[C@@H]1[C@H]2CO[C@@]1(n1c(CO)nc3c(N)ncnc31)O2,False,C12H15N5O5,309.1073,22
CC(O)O[C@@H]1[C@H]2CO[C@@]1(n1cnc3c(N)nc(CO)nc31)O2,False,C12H15N5O5,309.1073,22
Nc1ncnc2c1ncn2[C@]12OC[C@@H](O1)[C@H]2OC(O)CCO,False,C12H15N5O5,309.1073,22
Nc1ncnc2c1ncn2[C@]12O[C@@H]([C@H]1OC=O)[C@@H](CO)O2,False,C11H11N5O5,293.076,21
CCO[C@@H]1[C@@H]2O[C@]1(n1cnc3c(N)ncnc31)O[C@@H]2C=O,False,C12H13N5O4,291.0968,21
COC(C)O[C@@H]1[C@@H]2O[C@]1(n1cnc3c(N)ncnc31)O[C@@H]2CO,False,C13H17N5O5,323.123,23
CC(C)(O)O[C@@H]1[C@@H]2O[C@]1(n1cnc3c(N)ncnc31)O[C@@H]2CO,False,C13H17N5O5,323.123,23
CCC(O)O[C@@H]1[C@@H]2O[C@]1(n1cnc3c(N)ncnc31)O[C@@H]2CO,False,C13H17N5O5,323.123,23
CC(=O)OC(C)O[C@@H]1[C@@H]2O[C@]1(n1cnc3c(N)ncnc31)O[C@@H]2CO,False,C14H17N5O6,351.1179,25
CC(Cl)O[C@@H]1[C@@H]2O[C@]1(n1cnc3c(N)ncnc31)O[C@@H]2CO,False,C12H14ClN5O4,327.0734,22
CC(O)(O)O[C@@H]1[C@@H]2O[C@]1(n1cnc3c(N)ncnc31)O[C@@H]2CO,False,C12H15N5O6,325.1022,23
Nc1ncnc2c1ncn2[C@]12O[C@@H]([C@H]1OC(O)CO)[C@@H](CO)O2,False,C12H15N5O6,325.1022,23
CCO[C@@H]1[C@@H]2O[C@]1(n1cnc3c(N)ncnc31)O[C@@H]2CO,False,C12H15N5O4,293.1124,21
CC(O)O[C@@H]1[C@@H]2O[C@]1(n1cnc3c(N)ncnc31)O[C@@H]2C,False,C12H15N5O4,293.1124,21
CC(O)O[C@@H]1[C@@H]2O[C@]1(n1cnc3c(N)ncnc31)O[C@@H]2C(=O)O,False,C12H13N5O6,323.0866,23
CC(O)OC(C)O[C@@H]1[C@@H]2O[C@]1(n1cnc3c(N)ncnc31)O[C@@H]2CO,False,C14H19N5O6,353.1335,25
CC(O)O[C@@]1(C)[C@@H]2O[C@]1(n1cnc3c(N)ncnc31)O[C@@H]2CO,False,C13H17N5O5,323.123,23
CC(O)O[C@@H]1[C@@]2(C)O[C@]1(n1cnc3c(N)ncnc31)O[C@@H]2CO,False,C13H17N5O5,323.123,23
Cc1nc2c(N)ncnc2n1[C@]12O[C@@H]([C@H]1OC(C)O)[C@@H](CO)O2,False,C13H17N5O5,323.123,23
CC(O)O[C@@H]1[C@@H]2O[C@]1(n1cnc3c(N)ncnc31)O[C@@]2(C)CO,False,C13H17N5O5,323.123,23
CC(O)O[C@@H]1[C@@H]2O[C@]1(n1cnc3c(N)ncnc31)O[C@@H]2C(C)O,False,C13H17N5O5,323.123,23
Cc1nc(N)c2ncn([C@]34O[C@@H]([C@H]3OC(C)O)[C@@H](CO)O4)c2n1,False,C13H17N5O5,323.123,23
Nc1ncnc2c1ncn2[C@@]12OC[C@@H](O1)[C@@H](O)[C@H]2OC=O,False,C11H11N5O5,293.076,21
CC(=O)O[C@@H]1[C@H](O)[C@H]2CO[C@]1(n1cnc3c(N)ncnc31)O2,False,C12H13N5O5,307.0917,22
COC(C)O[C@@H]1[C@H](O)[C@H]2CO[C@]1(n1cnc3c(N)ncnc31)O2,False,C13H17N5O5,323.123,23
CC(C)(O)O[C@@H]1[C@H](O)[C@H]2CO[C@]1(n1cnc3c(N)ncnc31)O2,False,C13H17N5O5,323.123,23
CCC(O)O[C@@H]1[C@H](O)[C@H]2CO[C@]1(n1cnc3c(N)ncnc31)O2,False,C13H17N5O5,323.123,23
CC(=O)OC(C)O[C@@H]1[C@H](O)[C@H]2CO[C@]1(n1cnc3c(N)ncnc31)O2,False,C14H17N5O6,351.1179,25
CC(Cl)O[C@@H]1[C@H](O)[C@H]2CO[C@]1(n1cnc3c(N)ncnc31)O2,False,C12H14ClN5O4,327.0734,22
CC(O)(O)O[C@@H]1[C@H](O)[C@H]2CO[C@]1(n1cnc3c(N)ncnc31)O2,False,C12H15N5O6,325.1022,23
Nc1ncnc2c1ncn2[C@@]12OC[C@@H](O1)[C@@H](O)[C@H]2OC(O)CO,False,C12H15N5O6,325.1022,23
CCO[C@@H]1[C@H](O)[C@H]2CO[C@]1(n1cnc3c(N)ncnc31)O2,False,C12H15N5O4,293.1124,21
CC(O)OC(C)O[C@@H]1[C@H](O)[C@H]2CO[C@]1(n1cnc3c(N)ncnc31)O2,False,C14H19N5O6,353.1335,25
CC(O)O[C@@]1(C)[C@H](O)[C@H]2CO[C@]1(n1cnc3c(N)ncnc31)O2,False,C13H17N5O5,323.123,23
CC(O)O[C@@H]1[C@@](C)(O)[C@H]2CO[C@]1(n1cnc3c(N)ncnc31)O2,False,C13H17N5O5,323.123,23
Cc1nc2c(N)ncnc2n1[C@@]12OC[C@@H](O1)[C@@H](O)[C@H]2OC(C)O,False,C13H17N5O5,323.123,23
CC(O)O[C@@H]1[C@H](O)[C@]2(C)CO[C@]1(n1cnc3c(N)ncnc31)O2,False,C13H17N5O5,323.123,23
CC(O)O[C@@H]1[C@H](O)[C@@H]2O[C@@]1(n1cnc3c(N)ncnc31)OC2C,False,C13H17N5O5,323.123,23
Cc1nc(N)c2ncn([C@@]34OC[C@@H](O3)[C@@H](O)[C@H]4OC(C)O)c2n1,False,C13H17N5O5,323.123,23
Nc1ncnc2c1ncn2[C@@H]1O[C@@H]2CO[C@@]2(O)[C@H]1OC=O,False,C11H11N5O5,293.076,21
CC(=O)O[C@H]1[C@H](n2cnc3c(N)ncnc32)O[C@@H]2CO[C@]21O,False,C12H13N5O5,307.0917,22
COC(C)O[C@H]1[C@H](n2cnc3c(N)ncnc32)O[C@@H]2CO[C@]21O,False,C13H17N5O5,323.123,23
CC(C)(O)O[C@H]1[C@H](n2cnc3c(N)ncnc32)O[C@@H]2CO[C@]21O,False,C13H17N5O5,323.123,23
CCC(O)O[C@H]1[C@H](n2cnc3c(N)ncnc32)O[C@@H]2CO[C@]21O,False,C13H17N5O5,323.123,23
CC(=O)OC(C)O[C@H]1[C@H](n2cnc3c(N)ncnc32)O[C@@H]2CO[C@]21O,False,C14H17N5O6,351.1179,25
CC(Cl)O[C@H]1[C@H](n2cnc3c(N)ncnc32)O[C@@H]2CO[C@]21O,False,C12H14ClN5O4,327.0734,22
CC(O)(O)O[C@H]1[C@H](n2cnc3c(N)ncnc32)O[C@@H]2CO[C@]21O,False,C12H15N5O6,325.1022,23
Nc1ncnc2c1ncn2[C@@H]1O[C@@H]2CO[C@@]2(O)[C@H]1OC(O)CO,False,C12H15N5O6,325.1022,23
CCO[C@H]1[C@H](n2cnc3c(N)ncnc32)O[C@@H]2CO[C@]21O,False,C12H15N5O4,293.1124,21
CC(O)OC(C)O[C@H]1[C@H](n2cnc3c(N)ncnc32)O[C@@H]2CO[C@]21O,False,C14H19N5O6,353.1335,25
CC(O)O[C@]1(C)[C@H](n2cnc3c(N)ncnc32)O[C@@H]2CO[C@]21O,False,C13H17N5O5,323.123,23
CC(O)O[C@H]1[C@H](n2cnc3c(N)ncnc32)O[C@@]2(C)CO[C@@]12O,False,C13H17N5O5,323.123,23
CC(O)O[C@@H]1[C@]2(O)OC[C@H]2O[C@]1(C)n1cnc2c(N)ncnc21,False,C13H17N5O5,323.123,23
CC(O)O[C@H]1[C@H](n2cnc3c(N)ncnc32)O[C@@H]2C(C)O[C@]21O,False,C13H17N5O5,323.123,23
Cc1nc2c(N)ncnc2n1[C@@H]1O[C@@H]2CO[C@@]2(O)[C@H]1OC(C)O,False,C13H17N5O5,323.123,23
Cc1nc(N)c2ncn([C@@H]3O[C@@H]4CO[C@@]4(O)[C@H]3OC(C)O)c2n1,False,C13H17N5O5,323.123,23
CC(O)(CO)O[C@@H]1[C@@H]2O[C@H]2O[C@H]1n1cnc2c(N)ncnc21,False,C12H15N5O5,309.1073,22
CC(O)O[C@H]1[C@H](n2cnc3c(N)ncnc32)O[C@@H]2O[C@@]21CO,False,C12H15N5O5,309.1073,22
CC(O)O[C@@]1(CO)[C@@H]2O[C@H]2O[C@H]1n1cnc2c(N)ncnc21,False,C12H15N5O5,309.1073,22
CC(O)O[C@@H]1[C@@H]2O[C@H]2O[C@]1(CO)n1cnc2c(N)ncnc21,False,C12H15N5O5,309.1073,22
CC(O)O[C@@H]1[C@@H]2O[C@H]2O[C@H]1n1c(CO)nc2c(N)ncnc21,False,C12H15N5O5,309.1073,22
CC(O)O[C@@H]1[C@@H]2O[C@H]2O[C@H]1n1cnc2c(N)nc(CO)nc21,False,C12H15N5O5,309.1073,22
Nc1ncnc2c1ncn2[C@@H]1O[C@@H]2O[C@H]2[C@H]1OC(O)CCO,False,C12H15N5O5,309.1073,22
Nc1ncnc2c1ncn2[C@@H]1O[C@]2(CO)O[C@H]2[C@H]1OC=O,False,C11H11N5O5,293.076,21
CCO[C@H]1[C@H](n2cnc3c(N)ncnc32)O[C@]2(C=O)O[C@@H]12,False,C12H13N5O4,291.0968,21
COC(C)O[C@H]1[C@H](n2cnc3c(N)ncnc32)O[C@]2(CO)O[C@@H]12,False,C13H17N5O5,323.123,23
CC(C)(O)O[C@H]1[C@H](n2cnc3c(N)ncnc32)O[C@]2(CO)O[C@@H]12,False,C13H17N5O5,323.123,23
CCC(O)O[C@H]1[C@H](n2cnc3c(N)ncnc32)O[C@]2(CO)O[C@@H]12,False,C13H17N5O5,323.123,23
CC(=O)OC(C)O[C@H]1[C@H](n2cnc3c(N)ncnc32)O[C@]2(CO)O[C@@H]12,False,C14H17N5O6,351.1179,25
CC(Cl)O[C@H]1[C@H](n2cnc3c(N)ncnc32)O[C@]2(CO)O[C@@H]12,False,C12H14ClN5O4,327.0734,22
CC(O)(O)O[C@H]1[C@H](n2cnc3c(N)ncnc32)O[C@]2(CO)O[C@@H]12,False,C12H15N5O6,325.1022,23
Nc1ncnc2c1ncn2[C@@H]1O[C@]2(CO)O[C@H]2[C@H]1OC(O)CO,False,C12H15N5O6,325.1022,23
CC(O)O[C@H]1[C@H](n2cnc3c(N)ncnc32)O[C@@](O)(CO)[C@H]1O,False,C12H17N5O6,327.1179,23
CCO[C@H]1[C@H](n2cnc3c(N)ncnc32)O[C@]2(CO)O[C@@H]12,False,C12H15N5O4,293.1124,21
CC(O)O[C@H]1[C@H](n2cnc3c(N)ncnc32)O[C@]2(C)O[C@@H]12,False,C12H15N5O4,293.1124,21
CC(O)O[C@@H]1C=C(CO)O[C@H]1n1cnc2c(N)ncnc21,False,C12H15N5O4,293.1124,21
CC(O)O[C@H]1[C@H](n2cnc3c(N)ncnc32)O[C@]2(C(=O)O)O[C@@H]12,False,C12H13N5O6,323.0866,23
CC(O)OC(C)O[C@H]1[C@H](n2cnc3c(N)ncnc32)O[C@]2(CO)O[C@@H]12,False,C14H19N5O6,353.1335,25
CC(O)O[C@H]1[C@H](n2cnc3c(N)ncnc32)O[C@]2(CO)O[C@]12C,False,C13H17N5O5,323.123,23
CC(O)O[C@H]1[C@H](n2cnc3c(N)ncnc32)O[C@]2(C(C)O)O[C@@H]12,False,C13H17N5O5,323.123,23
CC(O)O[C@@]1(C)[C@@H]2O[C@@]2(CO)O[C@H]1n1cnc2c(N)ncnc21,False,C13H17N5O5,323.123,23
CC(O)O[C@@H]1[C@@H]2O[C@@]2(CO)O[C@]1(C)n1cnc2c(N)ncnc21,False,C13H17N5O5,323.123,23
Cc1nc2c(N)ncnc2n1[C@@H]1O[C@]2(CO)O[C@H]2[C@H]1OC(C)O,False,C13H17N5O5,323.123,23
Cc1nc(N)c2ncn([C@@H]3O[C@]4(CO)O[C@H]4[C@H]3OC(C)O)c2n1,False,C13H17N5O5,323.123,23
Nc1ncnc2c1ncn2[C@@H]1O[C@@]2(CO2)[C@@H](O)[C@H]1OC=O,False,C11H11N5O5,293.076,21
CC(=O)O[C@H]1[C@H](n2cnc3c(N)ncnc32)O[C@@]2(CO2)[C@H]1O,False,C12H13N5O5,307.0917,22
COC(C)O[C@H]1[C@H](n2cnc3c(N)ncnc32)O[C@@]2(CO2)[C@H]1O,False,C13H17N5O5,323.123,23
CC(C)(O)O[C@H]1[C@H](n2cnc3c(N)ncnc32)O[C@@]2(CO2)[C@H]1O,False,C13H17N5O5,323.123,23
CCC(O)O[C@H]1[C@H](n2cnc3c(N)ncnc32)O[C@@]2(CO2)[C@H]1O,False,C13H17N5O5,323.123,23
CC(=O)OC(C)O[C@H]1[C@H](n2cnc3c(N)ncnc32)O[C@@]2(CO2)[C@H]1O,False,C14H17N5O6,351.1179,25
CC(Cl)O[C@H]1[C@H](n2cnc3c(N)ncnc32)O[C@@]2(CO2)[C@H]1O,False,C12H14ClN5O4,327.0734,22
CC(O)(O)O[C@H]1[C@H](n2cnc3c(N)ncnc32)O[C@@]2(CO2)[C@H]1O,False,C12H15N5O6,325.1022,23
Nc1ncnc2c1ncn2[C@@H]1O[C@@]2(CO2)[C@@H](O)[C@H]1OC(O)CO,False,C12H15N5O6,325.1022,23
CCO[C@H]1[C@H](n2cnc3c(N)ncnc32)O[C@@]2(CO2)[C@H]1O,False,C12H15N5O4,293.1124,21
CC(O)OC(C)O[C@H]1[C@H](n2cnc3c(N)ncnc32)O[C@@]2(CO2)[C@H]1O,False,C14H19N5O6,353.1335,25
CC(O)O[C@H]1[C@H](n2cnc3c(N)ncnc32)O[C@@]2(CO2)[C@]1(C)O,False,C13H17N5O5,323.123,23
CC(O)O[C@H]1[C@H](n2cnc3c(N)ncnc32)O[C@]2(OC2C)[C@H]1O,False,C13H17N5O5,323.123,23
CC(O)O[C@@]1(C)[C@H](O)[C@]2(CO2)O[C@H]1n1cnc2c(N)ncnc21,False,C13H17N5O5,323.123,23
CC(O)O[C@@H]1[C@H](O)[C@]2(CO2)O[C@]1(C)n1cnc2c(N)ncnc21,False,C13H17N5O5,323.123,23
Cc1nc2c(N)ncnc2n1[C@@H]1O[C@@]2(CO2)[C@@H](O)[C@H]1OC(C)O,False,C13H17N5O5,323.123,23
Cc1nc(N)c2ncn([C@@H]3O[C@@]4(CO4)[C@@H](O)[C@H]3OC(C)O)c2n1,False,C13H17N5O5,323.123,23
CC(O)(CO)O[C@H]1[C@H]2OC[C@H]1Oc1nc3c(N)ncnc3n12,False,C12H15N5O5,309.1073,22
CC(O)O[C@@]1(CO)[C@H]2CO[C@H]1n1c(nc3c(N)ncnc31)O2,False,C12H15N5O5,309.1073,22
CC(O)O[C@H]1[C@H]2OC[C@]1(CO)Oc1nc3c(N)ncnc3n12,False,C12H15N5O5,309.1073,22
CC(O)O[C@H]1[C@H]2OC[C@H]1Oc1nc3c(N)nc(CO)nc3n12,False,C12H15N5O5,309.1073,22
Nc1ncnc2c1nc1n2[C@@H]2OC[C@@H](O1)[C@H]2OC(O)CCO,False,C12H15N5O5,309.1073,22
Nc1ncnc2c1nc1n2[C@@H]2O[C@H](CO)[C@@H](O1)[C@H]2OC=O,False,C11H11N5O5,293.076,21
CCO[C@@H]1[C@@H]2Oc3nc4c(N)ncnc4n3[C@@H]1O[C@@H]2C=O,False,C12H13N5O4,291.0968,21
COC(C)O[C@@H]1[C@@H]2Oc3nc4c(N)ncnc4n3[C@@H]1O[C@@H]2CO,False,C13H17N5O5,323.123,23
CC(C)(O)O[C@@H]1[C@@H]2Oc3nc4c(N)ncnc4n3[C@@H]1O[C@@H]2CO,False,C13H17N5O5,323.123,23
CCC(O)O[C@@H]1[C@@H]2Oc3nc4c(N)ncnc4n3[C@@H]1O[C@@H]2CO,False,C13H17N5O5,323.123,23
CC(=O)OC(C)O[C@@H]1[C@@H]2Oc3nc4c(N)ncnc4n3[C@@H]1O[C@@H]2CO,False,C14H17N5O6,351.1179,25
CC(Cl)O[C@@H]1[C@@H]2Oc3nc4c(N)ncnc4n3[C@@H]1O[C@@H]2CO,False,C12H14ClN5O4,327.0734,22
CC(O)(O)O[C@@H]1[C@@H]2Oc3nc4c(N)ncnc4n3[C@@H]1O[C@@H]2CO,False,C12H15N5O6,325.1022,23
Nc1ncnc2c1nc1n2[C@@H]2O[C@H](CO)[C@@H](O1)[C@H]2OC(O)CO,False,C12H15N5O6,325.1022,23
CCO[C@@H]1[C@@H]2Oc3nc4c(N)ncnc4n3[C@@H]1O[C@@H]2CO,False,C12H15N5O4,293.1124,21
CC(O)O[C@@H]1[C@@H]2Oc3nc4c(N)ncnc4n3[C@@H]1O[C@@H]2C,False,C12H15N5O4,293.1124,21
CC(O)O[C@@H]1[C@@H]2Oc3nc4c(N)ncnc4n3[C@@H]1O[C@@H]2C(=O)O,False,C12H13N5O6,323.0866,23
CC(O)OC(C)O[C@@H]1[C@@H]2Oc3nc4c(N)ncnc4n3[C@@H]1O[C@@H]2CO,False,C14H19N5O6,353.1335,25
CC(O)O[C@@H]1[C@@H]2Oc3nc4c(N)ncnc4n3[C@@]1(C)O[C@@H]2CO,False,C13H17N5O5,323.123,23
CC(O)O[C@@]1(C)[C@@H]2Oc3nc4c(N)ncnc4n3[C@@H]1O[C@@H]2CO,False,C13H17N5O5,323.123,23
CC(O)O[C@H]1[C@H]2O[C@H](CO)[C@]1(C)Oc1nc3c(N)ncnc3n12,False,C13H17N5O5,323.123,23
CC(O)O[C@H]1[C@H]2O[C@@](C)(CO)[C@H]1Oc1nc3c(N)ncnc3n12,False,C13H17N5O5,323.123,23
Cc1nc(N)c2nc3n(c2n1)[C@@H]1O[C@H](CO)[C@@H](O3)[C@H]1OC(C)O,False,C13H17N5O5,323.123,23
CC(O)O[C@@H]1[C@@H]2Oc3nc4c(N)ncnc4n3[C@@H]1O[C@@H]2C(C)O,False,C13H17N5O5,323.123,23
Nc1ncnc2c1nc1n2[C@@H]2O[C@H](CO1)[C@@H](O)[C@H]2OC=O,False,C11H11N5O5,293.076,21
CC(=O)O[C@@H]1[C@H](O)[C@H]2COc3nc4c(N)ncnc4n3[C@@H]1O2,False,C12H13N5O5,307.0917,22
COC(C)O[C@@H]1[C@H](O)[C@H]2COc3nc4c(N)ncnc4n3[C@@H]1O2,False,C13H17N5O5,323.123,23
CC(C)(O)O[C@@H]1[C@H](O)[C@H]2COc3nc4c(N)ncnc4n3[C@@H]1O2,False,C13H17N5O5,323.123,23
CCC(O)O[C@@H]1[C@H](O)[C@H]2COc3nc4c(N)ncnc4n3[C@@H]1O2,False,C13H17N5O5,323.123,23
CC(=O)OC(C)O[C@@H]1[C@H](O)[C@H]2COc3nc4c(N)ncnc4n3[C@@H]1O2,False,C14H17N5O6,351.1179,25
CC(Cl)O[C@@H]1[C@H](O)[C@H]2COc3nc4c(N)ncnc4n3[C@@H]1O2,False,C12H14ClN5O4,327.0734,22
CC(O)(O)O[C@@H]1[C@H](O)[C@H]2COc3nc4c(N)ncnc4n3[C@@H]1O2,False,C12H15N5O6,325.1022,23
Nc1ncnc2c1nc1n2[C@@H]2O[C@H](CO1)[C@@H](O)[C@H]2OC(O)CO,False,C12H15N5O6,325.1022,23
CCO[C@@H]1[C@H](O)[C@H]2COc3nc4c(N)ncnc4n3[C@@H]1O2,False,C12H15N5O4,293.1124,21
CC(O)OC(C)O[C@@H]1[C@H](O)[C@H]2COc3nc4c(N)ncnc4n3[C@@H]1O2,False,C14H19N5O6,353.1335,25
CC(O)O[C@@H]1[C@H](O)[C@H]2COc3nc4c(N)ncnc4n3[C@@]1(C)O2,False,C13H17N5O5,323.123,23
CC(O)O[C@@]1(C)[C@H](O)[C@H]2COc3nc4c(N)ncnc4n3[C@@H]1O2,False,C13H17N5O5,323.123,23
CC(O)O[C@H]1[C@H]2O[C@H](COc3nc4c(N)ncnc4n32)[C@]1(C)O,False,C13H17N5O5,323.123,23
CC(O)O[C@H]1[C@H]2O[C@@](C)(COc3nc4c(N)ncnc4n32)[C@H]1O,False,C13H17N5O5,323.123,23
Cc1nc(N)c2nc3n(c2n1)[C@@H]1O[C@H](CO3)[C@@H](O)[C@H]1OC(C)O,False,C13H17N5O5,323.123,23
CC(O)O[C@@H]1[C@H](O)[C@@H]2O[C@H]1n1c(nc3c(N)ncnc31)OC2C,False,C13H17N5O5,323.123,23
Nc1ncnc2c1ncn2[C@@H]1O[C@@H]2C(O)O[C@H]2[C@H]1OC=O,False,C11H11N5O5,293.076,21
CCO[C@@H]1[C@@H]2OC(=O)[C@H]2O[C@H]1n1cnc2c(N)ncnc21,False,C12H13N5O4,291.0968,21
CC(=O)O[C@@H]1[C@@H]2OC(O)[C@H]2O[C@H]1n1cnc2c(N)ncnc21,False,C12H13N5O5,307.0917,22
COC(C)O[C@@H]1[C@@H]2OC(O)[C@H]2O[C@H]1n1cnc2c(N)ncnc21,False,C13H17N5O5,323.123,23
CC(C)(O)O[C@@H]1[C@@H]2OC(O)[C@H]2O[C@H]1n1cnc2c(N)ncnc21,False,C13H17N5O5,323.123,23
CCC(O)O[C@@H]1[C@@H]2OC(O)[C@H]2O[C@H]1n1cnc2c(N)ncnc21,False,C13H17N5O5,323.123,23
CC(=O)OC(C)O[C@@H]1[C@@H]2OC(O)[C@H]2O[C@H]1n1cnc2c(N)ncnc21,False,C14H17N5O6,351.1179,25
CC(Cl)O[C@@H]1[C@@H]2OC(O)[C@H]2O[C@H]1n1cnc2c(N)ncnc21,False,C12H14ClN5O4,327.0734,22
CC(O)(O)O[C@@H]1[C@@H]2OC(O)[C@H]2O[C@H]1n1cnc2c(N)ncnc21,False,C12H15N5O6,325.1022,23
Nc1ncnc2c1ncn2[C@@H]1O[C@@H]2C(O)O[C@H]2[C@H]1OC(O)CO,False,C12H15N5O6,325.1022,23
CCO[C@@H]1[C@@H]2OC(O)[C@H]2O[C@H]1n1cnc2c(N)ncnc21,False,C12H15N5O4,293.1124,21
CC(O)OC(C)O[C@@H]1[C@@H]2OC(O)[C@H]2O[C@H]1n1cnc2c(N)ncnc21,False,C14H19N5O6,353.1335,25
CC(O)O[C@@H]1[C@@H]2OC(C)(O)[C@H]2O[C@H]1n1cnc2c(N)ncnc21,False,C13H17N5O5,323.123,23
CC(O)O[C@H]1[C@H](n2cnc3c(N)ncnc32)O[C@@]2(C)C(O)O[C@@H]12,False,C13H17N5O5,323.123,23
CC(O)O[C@H]1[C@H](n2cnc3c(N)ncnc32)O[C@@H]2C(O)O[C@@]21C,False,C13H17N5O5,323.123,23
CC(O)O[C@@]1(C)[C@@H]2OC(O)[C@H]2O[C@H]1n1cnc2c(N)ncnc21,False,C13H17N5O5,323.123,23
CC(O)O[C@@H]1[C@@H]2OC(O)[C@H]2O[C@]1(C)n1cnc2c(N)ncnc21,False,C13H17N5O5,323.123,23
Cc1nc2c(N)ncnc2n1[C@@H]1O[C@@H]2C(O)O[C@H]2[C@H]1OC(C)O,False,C13H17N5O5,323.123,23
Cc1nc(N)c2ncn([C@@H]3O[C@@H]4C(O)O[C@H]4[C@H]3OC(C)O)c2n1,False,C13H17N5O5,323.123,23
CC(O)(CO)O[C@H]1[C@H]2OC[C@H]1Oc1nc(N)c3ncn2c3n1,False,C12H15N5O5,309.1073,22
CC(O)O[C@H]1[C@H]2OC[C@H]1Oc1nc(N)c3nc(CO)n2c3n1,False,C12H15N5O5,309.1073,22
CC(O)O[C@@]1(CO)[C@H]2CO[C@H]1n1cnc3c(N)nc(nc31)O2,False,C12H15N5O5,309.1073,22
CC(O)O[C@H]1[C@H]2OC[C@]1(CO)Oc1nc(N)c3ncn2c3n1,False,C12H15N5O5,309.1073,22
Nc1nc2nc3c1ncn3[C@@H]1OC[C@@H](O2)[C@H]1OC(O)CCO,False,C12H15N5O5,309.1073,22
Nc1nc2nc3c1ncn3[C@@H]1O[C@H](CO)[C@@H](O2)[C@H]1OC=O,False,C11H11N5O5,293.076,21
CCO[C@@H]1[C@@H]2Oc3nc(N)c4ncn(c4n3)[C@@H]1O[C@@H]2C=O,False,C12H13N5O4,291.0968,21
COC(C)O[C@@H]1[C@@H]2Oc3nc(N)c4ncn(c4n3)[C@@H]1O[C@@H]2CO,False,C13H17N5O5,323.123,23
CC(C)(O)O[C@@H]1[C@@H]2Oc3nc(N)c4ncn(c4n3)[C@@H]1O[C@@H]2CO,False,C13H17N5O5,323.123,23
CCC(O)O[C@@H]1[C@@H]2Oc3nc(N)c4ncn(c4n3)[C@@H]1O[C@@H]2CO,False,C13H17N5O5,323.123,23
CC(=O)OC(C)O[C@@H]1[C@@H]2Oc3nc(N)c4ncn(c4n3)[C@@H]1O[C@@H]2CO,False,C14H17N5O6,351.1179,25
CC(Cl)O[C@@H]1[C@@H]2Oc3nc(N)c4ncn(c4n3)[C@@H]1O[C@@H]2CO,False,C12H14ClN5O4,327.0734,22
CC(O)(O)O[C@@H]1[C@@H]2Oc3nc(N)c4ncn(c4n3)[C@@H]1O[C@@H]2CO,False,C12H15N5O6,325.1022,23
Nc1nc2nc3c1ncn3[C@@H]1O[C@H](CO)[C@@H](O2)[C@H]1OC(O)CO,False,C12H15N5O6,325.1022,23
CCO[C@@H]1[C@@H]2Oc3nc(N)c4ncn(c4n3)[C@@H]1O[C@@H]2CO,False,C12H15N5O4,293.1124,21
CC(O)O[C@@H]1[C@@H]2Oc3nc(N)c4ncn(c4n3)[C@@H]1O[C@@H]2C,False,C12H15N5O4,293.1124,21
CC(O)O[C@@H]1[C@@H]2Oc3nc(N)c4ncn(c4n3)[C@@H]1O[C@@H]2C(=O)O,False,C12H13N5O6,323.0866,23
CC(O)OC(C)O[C@@H]1[C@@H]2Oc3nc(N)c4ncn(c4n3)[C@@H]1O[C@@H]2CO,False,C14H19N5O6,353.1335,25
CC(O)O[C@@H]1[C@@H]2Oc3nc(N)c4ncn(c4n3)[C@@]1(C)O[C@@H]2CO,False,C13H17N5O5,323.123,23
Cc1nc2c(N)nc3nc2n1[C@@H]1O[C@H](CO)[C@@H](O3)[C@H]1OC(C)O,False,C13H17N5O5,323.123,23
CC(O)O[C@@]1(C)[C@@H]2Oc3nc(N)c4ncn(c4n3)[C@@H]1O[C@@H]2CO,False,C13H17N5O5,323.123,23
CC(O)O[C@H]1[C@H]2O[C@H](CO)[C@]1(C)Oc1nc(N)c3ncn2c3n1,False,C13H17N5O5,323.123,23
CC(O)O[C@H]1[C@H]2O[C@@](C)(CO)[C@H]1Oc1nc(N)c3ncn2c3n1,False,C13H17N5O5,323.123,23
CC(O)O[C@@H]1[C@@H]2Oc3nc(N)c4ncn(c4n3)[C@@H]1O[C@@H]2C(C)O,False,C13H17N5O5,323.123,23
Nc1nc2nc3c1ncn3[C@@H]1O[C@H](CO2)[C@@H](O)[C@H]1OC=O,False,C11H11N5O5,293.076,21
CC(=O)O[C@@H]1[C@H](O)[C@H]2COc3nc(N)c4ncn(c4n3)[C@@H]1O2,False,C12H13N5O5,307.0917,22
COC(C)O[C@@H]1[C@H](O)[C@H]2COc3nc(N)c4ncn(c4n3)[C@@H]1O2,False,C13H17N5O5,323.123,23
CC(C)(O)O[C@@H]1[C@H](O)[C@H]2COc3nc(N)c4ncn(c4n3)[C@@H]1O2,False,C13H17N5O5,323.123,23
CCC(O)O[C@@H]1[C@H](O)[C@H]2COc3nc(N)c4ncn(c4n3)[C@@H]1O2,False,C13H17N5O5,323.123,23
CC(=O)OC(C)O[C@@H]1[C@H](O)[C@H]2COc3nc(N)c4ncn(c4n3)[C@@H]1O2,False,C14H17N5O6,351.1179,25
CC(Cl)O[C@@H]1[C@H](O)[C@H]2COc3nc(N)c4ncn(c4n3)[C@@H]1O2,False,C12H14ClN5O4,327.0734,22
CC(O)(O)O[C@@H]1[C@H](O)[C@H]2COc3nc(N)c4ncn(c4n3)[C@@H]1O2,False,C12H15N5O6,325.1022,23
Nc1nc2nc3c1ncn3[C@@H]1O[C@H](CO2)[C@@H](O)[C@H]1OC(O)CO,False,C12H15N5O6,325.1022,23
CCO[C@@H]1[C@H](O)[C@H]2COc3nc(N)c4ncn(c4n3)[C@@H]1O2,False,C12H15N5O4,293.1124,21
CC(O)OC(C)O[C@@H]1[C@H](O)[C@H]2COc3nc(N)c4ncn(c4n3)[C@@H]1O2,False,C14H19N5O6,353.1335,25
CC(O)O[C@@H]1[C@H](O)[C@H]2COc3nc(N)c4ncn(c4n3)[C@@]1(C)O2,False,C13H17N5O5,323.123,23
Cc1nc2c(N)nc3nc2n1[C@@H]1O[C@H](CO3)[C@@H](O)[C@H]1OC(C)O,False,C13H17N5O5,323.123,23
CC(O)O[C@@]1(C)[C@H](O)[C@H]2COc3nc(N)c4ncn(c4n3)[C@@H]1O2,False,C13H17N5O5,323.123,23
CC(O)O[C@H]1[C@H]2O[C@H](COc3nc(N)c4ncn2c4n3)[C@]1(C)O,False,C13H17N5O5,323.123,23
CC(O)O[C@H]1[C@H]2O[C@@](C)(COc3nc(N)c4ncn2c4n3)[C@H]1O,False,C13H17N5O5,323.123,23
CC(O)O[C@@H]1[C@H](O)[C@@H]2O[C@H]1n1cnc3c(N)nc(nc31)OC2C,False,C13H17N5O5,323.123,23
C[C@]1(OCO)[C@H](O)[C@@H](CO)O[C@H]1n1cnc2c(N)ncnc21,False,C12H17N5O5,311.123,22
C[C@]1(n2cnc3c(N)ncnc32)O[C@H](CO)[C@@H](O)[C@H]1OCO,False,C12H17N5O5,311.123,22
C[C@]1(O)[C@@H](CO)O[C@@H](n2cnc3c(N)ncnc32)[C@@H]1OCO,False,C12H17N5O5,311.123,22
C[C@@]1(CO)O[C@@H](n2cnc3c(N)ncnc32)[C@H](OCO)[C@@H]1O,False,C12H17N5O5,311.123,22
Cc1nc2c(N)ncnc2n1[C@@H]1O[C@H](CO)[C@@H](O)[C@H]1OCO,False,C12H17N5O5,311.123,22
CC(O)[C@H]1O[C@@H](n2cnc3c(N)ncnc32)[C@H](OCO)[C@@H]1O,False,C12H17N5O5,311.123,22
Cc1nc(N)c2ncn([C@@H]3O[C@H](CO)[C@@H](O)[C@H]3OCO)c2n1,False,C12H17N5O5,311.123,22
COC(C)O[C@@H]1[C@H](O)[C@@H](CO)O[C@H]1n1cnc2c(N)ncnc21,False,C13H19N5O5,325.1386,23
CC(C)(O)O[C@@H]1[C@H](O)[C@@H](CO)O[C@H]1n1cnc2c(N)ncnc21,False,C13H19N5O5,325.1386,23
CCC(O)O[C@@H]1[C@H](O)[C@@H](CO)O[C@H]1n1cnc2c(N)ncnc21,False,C13H19N5O5,325.1386,23
CC(=O)OC(C)O[C@@H]1[C@H](O)[C@@H](CO)O[C@H]1n1cnc2c(N)ncnc21,False,C14H19N5O6,353.1335,25
CC(Cl)O[C@@H]1[C@H](O)[C@@H](CO)O[C@H]1n1cnc2c(N)ncnc21,False,C12H16ClN5O4,329.0891,22
CC(O)(O)O[C@@H]1[C@H](O)[C@@H](CO)O[C@H]1n1cnc2c(N)ncnc21,False,C12H17N5O6,327.1179,23
CC(O)O[C@@H]1[C@H](O)[C@@H](C)O[C@H]1n1cnc2c(N)ncnc21,False,C12H17N5O4,295.1281,21
CC(O)OC(C)O[C@@H]1[C@H](O)[C@@H](CO)O[C@H]1n1cnc2c(N)ncnc21,False,C14H21N5O6,355.1492,25
Nc1ncnc2c1ncn2[C@@H]1O[C@H](CO)[C@@H](O)[C@H]1OCO,False,C11H15N5O5,297.1073,21
CC(O)O[C@@]1(C)[C@H](O)[C@@H](CO)O[C@H]1n1cnc2c(N)ncnc21,False,C13H19N5O5,325.1386,23
CC(O)O[C@@H]1[C@H](O)[C@@H](CO)O[C@]1(C)n1cnc2c(N)ncnc21,False,C13H19N5O5,325.1386,23
CC(O)O[C@H]1[C@H](n2cnc3c(N)ncnc32)O[C@H](CO)[C@]1(C)O,False,C13H19N5O5,325.1386,23
CC(O)O[C@H]1[C@H](n2cnc3c(N)ncnc32)O[C@@](C)(CO)[C@H]1O,False,C13H19N5O5,325.1386,23
Cc1nc2c(N)ncnc2n1[C@@H]1O[C@H](CO)[C@@H](O)[C@H]1OC(C)O,False,C13H19N5O5,325.1386,23
CC(O)O[C@@H]1[C@H](O)[C@@H](C(C)O)O[C@H]1n1cnc2c(N)ncnc21,False,C13H19N5O5,325.1386,23
Cc1nc(N)c2ncn([C@@H]3O[C@H](CO)[C@@H](O)[C@H]3OC(C)O)c2n1,False,C13H19N5O5,325.1386,23
CC(C)O[C@@H]1[C@H](O)[C@@H](CO)O[C@H]1n1cnc2c(N)ncnc21,False,C13H19N5O4,309.1437,22
CCCO[C@@H]1[C@H](O)[C@@H](CO)O[C@H]1n1cnc2c(N)ncnc21,False,C13H19N5O4,309.1437,22
CC(O[C@@H]1[C@H](O)[C@@H](CO)O[C@H]1n1cnc2c(N)ncnc21)C(=O)O,False,C13H17N5O6,339.1179,24
Nc1ncnc2c1ncn2[C@@H]1O[C@H](CO)[C@@H](O)[C@H]1OCCC(=O)O,False,C13H17N5O6,339.1179,24
Nc1ncnc2c1ncn2[C@@H]1O[C@H](CO)[C@@H](O)[C@H]1OCCO,False,C12H17N5O5,311.123,22
CCO[C@@H]1[C@H](O)[C@@H](C)O[C@H]1n1cnc2c(N)ncnc21,False,C12H17N5O3,279.1331,20
CCO[C@@H]1[C@H](O)[C@@H](C(=O)O)O[C@H]1n1cnc2c(N)ncnc21,False,C12H15N5O5,309.1073,22
CCO[C@@]1(C)[C@H](O)[C@@H](CO)O[C@H]1n1cnc2c(N)ncnc21,False,C13H19N5O4,309.1437,22
CCO[C@@H]1[C@H](O)[C@@H](CO)O[C@]1(C)n1cnc2c(N)ncnc21,False,C13H19N5O4,309.1437,22
CCO[C@H]1[C@H](n2cnc3c(N)ncnc32)O[C@H](CO)[C@]1(C)O,False,C13H19N5O4,309.1437,22
CCO[C@H]1[C@H](n2cnc3c(N)ncnc32)O[C@@](C)(CO)[C@H]1O,False,C13H19N5O4,309.1437,22
CCO[C@@H]1[C@H](O)[C@@H](CO)O[C@H]1n1c(C)nc2c(N)ncnc21,False,C13H19N5O4,309.1437,22
CCO[C@@H]1[C@H](O)[C@@H](C(C)O)O[C@H]1n1cnc2c(N)ncnc21,False,C13H19N5O4,309.1437,22
CCO[C@@H]1[C@H](O)[C@@H](CO)O[C@H]1n1cnc2c(N)nc(C)nc21,False,C13H19N5O4,309.1437,22
CC[C@]1(OC=O)[C@H](O)[C@@H](CO)O[C@H]1n1cnc2c(N)ncnc21,False,C13H17N5O5,323.123,23
CC[C@]1(n2cnc3c(N)ncnc32)O[C@H](CO)[C@@H](O)[C@H]1OC=O,False,C13H17N5O5,323.123,23
CC[C@]1(O)[C@@H](CO)O[C@@H](n2cnc3c(N)ncnc32)[C@@H]1OC=O,False,C13H17N5O5,323.123,23
CC[C@@]1(CO)O[C@@H](n2cnc3c(N)ncnc32)[C@H](OC=O)[C@@H]1O,False,C13H17N5O5,323.123,23
CCc1nc2c(N)ncnc2n1[C@@H]1O[C@H](CO)[C@@H](O)[C@H]1OC=O,False,C13H17N5O5,323.123,23
CCc1nc(N)c2ncn([C@@H]3O[C@H](CO)[C@@H](O)[C@H]3OC=O)c2n1,False,C13H17N5O5,323.123,23
CCC1(O)OC[C@H]2O[C@@H](n3cnc4c(N)ncnc43)[C@H](O1)[C@@H]2O,False,C13H17N5O5,323.123,23
CCC1=Nc2ncnc3c2ncn3[C@@H]2O[C@H](CO)[C@@H](O)[C@H]2O1,False,C13H15N5O4,305.1124,22
CC1O[C@H]2[C@@H](OC1O)[C@H](n1cnc3c(N)ncnc31)O[C@@H]2CO,False,C13H17N5O5,323.123,23
CC1OC[C@H]2O[C@@H](n3cnc4c(N)ncnc43)[C@H](OC1O)[C@@H]2O,False,C13H17N5O5,323.123,23
Nc1ncnc2c1ncn2[C@@H]1O[C@H](CO)[C@H]2OCCC(O)O[C@H]21,False,C13H17N5O5,323.123,23
Nc1ncnc2c1ncn2[C@@H]1O[C@@H]2COCCC(O)O[C@@H]1[C@@H]2O,False,C13H17N5O5,323.123,23
C=CC(=O)O[C@@H]1[C@H](O)[C@@H](CO)O[C@H]1n1cnc2c(N)ncnc21,False,C13H15N5O5,321.1073,23
CC(C)C(=O)O[C@@H]1[C@H](O)[C@@H](CO)O[C@H]1n1cnc2c(N)ncnc21,False,C14H19N5O5,337.1386,24
CCCC(=O)O[C@@H]1[C@H](O)[C@@H](CO)O[C@H]1n1cnc2c(N)ncnc21,False,C14H19N5O5,337.1386,24
CCC(O)(C#N)O[C@@H]1[C@H](O)[C@@H](CO)O[C@H]1n1cnc2c(N)ncnc21,False,C14H18N6O5,350.1339,25
CCC(N)O[C@@H]1[C@H](O)[C@@H](CO)O[C@H]1n1cnc2c(N)ncnc21,False,C13H20N6O4,324.1546,23
CC(O)C(=O)O[C@@H]1[C@H](O)[C@@H](CO)O[C@H]1n1cnc2c(N)ncnc21,False,C13H17N5O6,339.1179,24
Nc1ncnc2c1ncn2[C@@H]1O[C@H](CO)[C@@H](O)[C@H]1OC(=O)CCO,False,C13H17N5O6,339.1179,24
CCOC(=O)O[C@@H]1[C@H](O)[C@@H](CO)O[C@H]1n1cnc2c(N)ncnc21,False,C13H17N5O6,339.1179,24
CC(O)C(O)O[C@@H]1[C@H](O)[C@@H](CO)O[C@H]1n1cnc2c(N)ncnc21,False,C13H19N5O6,341.1335,24
Nc1ncnc2c1ncn2[C@@H]1O[C@H](CO)[C@@H](O)[C@H]1OC(O)CCO,False,C13H19N5O6,341.1335,24
Nc1ncnc2c1ncn2[C@@H]1O[C@H](CO)[C@@H](O)[C@H]1OC(=O)O,False,C11H13N5O6,311.0866,22
CCC(=O)O[C@@H]1[C@H](O)[C@@H](C)O[C@H]1n1cnc2c(N)ncnc21,False,C13H17N5O4,307.1281,22
CCC(=O)[C@@H]1[C@H](O)[C@@H](CO)O[C@H]1n1cnc2c(N)ncnc21,False,C13H17N5O4,307.1281,22
CCC(=O)O[C@@H]1[C@H](O)[C@@H](C(=O)O)O[C@H]1n1cnc2c(N)ncnc21,False,C13H15N5O6,337.1022,24
CCCCC(=O)O[C@@H]1[C@H](O)[C@@H](CO)O[C@H]1n1cnc2c(N)ncnc21,False,C15H21N5O5,351.1543,25
CCC(C)C(=O)O[C@@H]1[C@H](O)[C@@H](CO)O[C@H]1n1cnc2c(N)ncnc21,False,C15H21N5O5,351.1543,25
CCC(=O)O[C@@]1(C)[C@H](O)[C@@H](CO)O[C@H]1n1cnc2c(N)ncnc21,False,C14H19N5O5,337.1386,24
CCC(=O)O[C@@]1(CC)[C@H](O)[C@@H](CO)O[C@H]1n1cnc2c(N)ncnc21,False,C15H21N5O5,351.1543,25
CCC(=O)O[C@@H]1[C@H](O)[C@@H](CO)O[C@]1(C)n1cnc2c(N)ncnc21,False,C14H19N5O5,337.1386,24
CCC(=O)O[C@@H]1[C@H](O)[C@@H](CO)O[C@]1(CC)n1cnc2c(N)ncnc21,False,C15H21N5O5,351.1543,25
CCC(=O)O[C@H]1[C@H](n2cnc3c(N)ncnc32)O[C@H](CO)[C@]1(C)O,False,C14H19N5O5,337.1386,24
CCC(=O)O[C@H]1[C@H](n2cnc3c(N)ncnc32)O[C@H](CO)[C@@]1(O)CC,False,C15H21N5O5,351.1543,25
CCC(=O)O[C@H]1[C@H](n2cnc3c(N)ncnc32)O[C@@](C)(CO)[C@H]1O,False,C14H19N5O5,337.1386,24
CCC(=O)O[C@H]1[C@H](n2cnc3c(N)ncnc32)O[C@@](CC)(CO)[C@H]1O,False,C15H21N5O5,351.1543,25
CCC(=O)O[C@@H]1[C@H](O)[C@@H](CO)O[C@H]1n1c(C)nc2c(N)ncnc21,False,C14H19N5O5,337.1386,24
CCC(=O)O[C@@H]1[C@H](O)[C@@H](CO)O[C@H]1n1c(CC)nc2c(N)ncnc21,False,C15H21N5O5,351.1543,25
CCC(=O)O[C@@H]1[C@H](O)[C@@H](C(C)O)O[C@H]1n1cnc2c(N)ncnc21,False,C14H19N5O5,337.1386,24
CCC(=O)O[C@@H]1[C@H](O)[C@@H](C(O)CC)O[C@H]1n1cnc2c(N)ncnc21,False,C15H21N5O5,351.1543,25
CCC(=O)O[C@@H]1[C@H](O)[C@@H](CO)O[C@H]1n1cnc2c(N)nc(C)nc21,False,C14H19N5O5,337.1386,24
CCC(=O)O[C@@H]1[C@H](O)[C@@H](CO)O[C@H]1n1cnc2c(N)nc(CC)nc21,False,C15H21N5O5,351.1543,25
N#CCC(O)O[C@@H]1[C@H](O)[C@@H](CO)O[C@H]1n1cnc2c(N)ncnc21,False,C13H16N6O5,336.1182,24
CC(O)O[C@@]1(C#N)[C@H](O)[C@@H](CO)O[C@H]1n1cnc2c(N)ncnc21,False,C13H16N6O5,336.1182,24
C[C@]1(OC(O)C#N)[C@H](O)[C@@H](CO)O[C@H]1n1cnc2c(N)ncnc21,False,C13H16N6O5,336.1182,24
CC(O)O[C@@H]1[C@H](O)[C@@H](CO)O[C@]1(C#N)n1cnc2c(N)ncnc21,False,C13H16N6O5,336.1182,24
C[C@]1(n2cnc3c(N)ncnc32)O[C@H](CO)[C@@H](O)[C@H]1OC(O)C#N,False,C13H16N6O5,336.1182,24
CC(O)O[C@H]1[C@H](n2cnc3c(N)ncnc32)O[C@H](CO)[C@@]1(O)C#N,False,C13H16N6O5,336.1182,24
C[C@]1(O)[C@@H](CO)O[C@@H](n2cnc3c(N)ncnc32)[C@@H]1OC(O)C#N,False,C13H16N6O5,336.1182,24
CC(O)O[C@H]1[C@H](n2cnc3c(N)ncnc32)O[C@@](C#N)(CO)[C@H]1O,False,C13H16N6O5,336.1182,24
C[C@@]1(CO)O[C@@H](n2cnc3c(N)ncnc32)[C@H](OC(O)C#N)[C@@H]1O,False,C13H16N6O5,336.1182,24
CC(O)O[C@@H]1[C@H](O)[C@@H](CO)O[C@H]1n1c(C#N)nc2c(N)ncnc21,False,C13H16N6O5,336.1182,24
Cc1nc2c(N)ncnc2n1[C@@H]1O[C@H](CO)[C@@H](O)[C@H]1OC(O)C#N,False,C13H16N6O5,336.1182,24
CC(O)O[C@@H]1[C@H](O)[C@@H](C(O)C#N)O[C@H]1n1cnc2c(N)ncnc21,False,C13H16N6O5,336.1182,24
CC(O)[C@H]1O[C@@H](n2cnc3c(N)ncnc32)[C@H](OC(O)C#N)[C@@H]1O,False,C13H16N6O5,336.1182,24
CC(O)O[C@@H]1[C@H](O)[C@@H](CO)O[C@H]1n1cnc2c(N)nc(C#N)nc21,False,C13H16N6O5,336.1182,24
Cc1nc(N)c2ncn([C@@H]3O[C@H](CO)[C@@H](O)[C@H]3OC(O)C#N)c2n1,False,C13H16N6O5,336.1182,24
N#CC(=O)O[C@@H]1[C@H](O)[C@@H](CO)O[C@H]1n1cnc2c(N)ncnc21,False,C12H12N6O5,320.0869,23
CC(C#N)O[C@@H]1[C@H](O)[C@@H](C=O)O[C@H]1n1cnc2c(N)ncnc21,False,C13H14N6O4,318.1077,23
COC(C)(C#N)O[C@@H]1[C@H](O)[C@@H](CO)O[C@H]1n1cnc2c(N)ncnc21,False,C14H18N6O5,350.1339,25
CC(=O)OC(C)(C#N)O[C@@H]1[C@H](O)[C@@H](CO)O[C@H]1n1cnc2c(N)ncnc21,False,C15H18N6O6,378.1288,27
CC(Cl)(C#N)O[C@@H]1[C@H](O)[C@@H](CO)O[C@H]1n1cnc2c(N)ncnc21,False,C13H15ClN6O4,354.0843,24
N#CC(O)(CO)O[C@@H]1[C@H](O)[C@@H](CO)O[C@H]1n1cnc2c(N)ncnc21,False,C13H16N6O6,352.1131,25
CC(O)(O[C@@H]1[C@H](O)[C@@H](CO)O[C@H]1n1cnc2c(N)ncnc21)C(N)=O,False,C13H18N6O6,354.1288,25
CC(O)(C=NO)O[C@@H]1[C@H](O)[C@@H](CO)O[C@H]1n1cnc2c(N)ncnc21,False,C13H18N6O6,354.1288,25
CC(C#N)O[C@@H]1[C@H](O)[C@@H](CO)O[C@H]1n1cnc2c(N)ncnc21,False,C13H16N6O4,320.1233,23
C[C@H]1O[C@@H](n2cnc3c(N)ncnc32)[C@H](OC(C)(O)C#N)[C@@H]1O,False,C13H16N6O4,320.1233,23
CC(O)(C#N)O[C@@H]1[C@H](O)[C@@H](C(=O)O)O[C@H]1n1cnc2c(N)ncnc21,False,C13H14N6O6,350.0975,25
N#CCC(O)(C#N)O[C@@H]1[C@H](O)[C@@H](CO)O[C@H]1n1cnc2c(N)ncnc21,False,C14H15N7O5,361.1135,26
N#CC(O)O[C@@H]1[C@H](O)[C@@H](CO)O[C@H]1n1cnc2c(N)ncnc21,False,C12H14N6O5,322.1026,23
CC(O)(C#N)O[C@@]1(C#N)[C@H](O)[C@@H](CO)O[C@H]1n1cnc2c(N)ncnc21,False,C14H15N7O5,361.1135,26
CC(O)(C#N)O[C@@]1(C)[C@H](O)[C@@H](CO)O[C@H]1n1cnc2c(N)ncnc21,False,C14H18N6O5,350.1339,25
CC(O)(C#N)O[C@@H]1[C@H](O)[C@@H](CO)O[C@]1(C#N)n1cnc2c(N)ncnc21,False,C14H15N7O5,361.1135,26
CC(O)(C#N)O[C@@H]1[C@H](O)[C@@H](CO)O[C@]1(C)n1cnc2c(N)ncnc21,False,C14H18N6O5,350.1339,25
CC(O)(C#N)O[C@H]1[C@H](n2cnc3c(N)ncnc32)O[C@H](CO)[C@@]1(O)C#N,False,C14H15N7O5,361.1135,26
CC(O)(C#N)O[C@H]1[C@H](n2cnc3c(N)ncnc32)O[C@H](CO)[C@]1(C)O,False,C14H18N6O5,350.1339,25
CC(O)(C#N)O[C@H]1[C@H](n2cnc3c(N)ncnc32)O[C@@](C#N)(CO)[C@H]1O,False,C14H15N7O5,361.1135,26
CC(O)(C#N)O[C@H]1[C@H](n2cnc3c(N)ncnc32)O[C@@](C)(CO)[C@H]1O,False,C14H18N6O5,350.1339,25
CC(O)(C#N)O[C@@H]1[C@H](O)[C@@H](CO)O[C@H]1n1c(C#N)nc2c(N)ncnc21,False,C14H15N7O5,361.1135,26
Cc1nc2c(N)ncnc2n1[C@@H]1O[C@H](CO)[C@@H](O)[C@H]1OC(C)(O)C#N,False,C14H18N6O5,350.1339,25
CC(O)(C#N)O[C@@H]1[C@H](O)[C@@H](C(O)C#N)O[C@H]1n1cnc2c(N)ncnc21,False,C14H15N7O5,361.1135,26
CC(O)[C@H]1O[C@@H](n2cnc3c(N)ncnc32)[C@H](OC(C)(O)C#N)[C@@H]1O,False,C14H18N6O5,350.1339,25
CC(O)(C#N)O[C@@H]1[C@H](O)[C@@H](CO)O[C@H]1n1cnc2c(N)nc(C#N)nc21,False,C14H15N7O5,361.1135,26
Cc1nc(N)c2ncn([C@@H]3O[C@H](CO)[C@@H](O)[C@H]3OC(C)(O)C#N)c2n1,False,C14H18N6O5,350.1339,25
C[C@]1(OCN)[C@H](O)[C@@H](CO)O[C@H]1n1cnc2c(N)ncnc21,False,C12H18N6O4,310.139,22
C[C@]1(n2cnc3c(N)ncnc32)O[C@H](CO)[C@@H](O)[C@H]1OCN,False,C12H18N6O4,310.139,22
C[C@]1(O)[C@@H](CO)O[C@@H](n2cnc3c(N)ncnc32)[C@@H]1OCN,False,C12H18N6O4,310.139,22
C[C@@]1(CO)O[C@@H](n2cnc3c(N)ncnc32)[C@H](OCN)[C@@H]1O,False,C12H18N6O4,310.139,22
Cc1nc2c(N)ncnc2n1[C@@H]1O[C@H](CO)[C@@H](O)[C@H]1OCN,False,C12H18N6O4,310.139,22
CC(O)[C@H]1O[C@@H](n2cnc3c(N)ncnc32)[C@H](OCN)[C@@H]1O,False,C12H18N6O4,310.139,22
Cc1nc(N)c2ncn([C@@H]3O[C@H](CO)[C@@H](O)[C@H]3OCN)c2n1,False,C12H18N6O4,310.139,22
CC1Nc2ncnc3c2ncn3[C@@H]2O[C@H](CO)[C@@H](O)[C@H]2O1,False,C12H15N5O4,293.1124,21
CNC(C)O[C@@H]1[C@H](O)[C@@H](CO)O[C@H]1n1cnc2c(N)ncnc21,False,C13H20N6O4,324.1546,23
CC(C)(N)O[C@@H]1[C@H](O)[C@@H](CO)O[C@H]1n1cnc2c(N)ncnc21,False,C13H20N6O4,324.1546,23
CC(=O)NC(C)O[C@@H]1[C@H](O)[C@@H](CO)O[C@H]1n1cnc2c(N)ncnc21,False,C14H20N6O5,352.1495,25
CC(N)(O[C@@H]1[C@H](O)[C@@H](CO)O[C@H]1n1cnc2c(N)ncnc21)C(=O)O,False,C13H18N6O6,354.1288,25
Nc1ncnc2c1ncn2[C@@H]1O[C@H](CO)[C@@H](O)[C@H]1OC(N)CC(=O)O,False,C13H18N6O6,354.1288,25
CC(NC(N)=O)O[C@@H]1[C@H](O)[C@@H](CO)O[C@H]1n1cnc2c(N)ncnc21,False,C13H19N7O5,353.1448,25
CC(N)(O)O[C@@H]1[C@H](O)[C@@H](CO)O[C@H]1n1cnc2c(N)ncnc21,False,C12H18N6O5,326.1339,23
Nc1ncnc2c1ncn2[C@@H]1O[C@H](CO)[C@@H](O)[C@H]1OC(N)CO,False,C12H18N6O5,326.1339,23
CC(N)O[C@@H]1[C@H](O)[C@@H](C)O[C@H]1n1cnc2c(N)ncnc21,False,C12H18N6O3,294.144,21
CC(N)O[C@@H]1[C@H](O)[C@@H](C(=O)O)O[C@H]1n1cnc2c(N)ncnc21,False,C12H16N6O5,324.1182,23
CC(N)NC(C)O[C@@H]1[C@H](O)[C@@H](CO)O[C@H]1n1cnc2c(N)ncnc21,False,C14H23N7O4,353.1812,25
NCO[C@@H]1[C@H](O)[C@@H](CO)O[C@H]1n1cnc2c(N)ncnc21,False,C11H16N6O4,296.1233,21
CC(N)O[C@@]1(C)[C@H](O)[C@@H](CO)O[C@H]1n1cnc2c(N)ncnc21,False,C13H20N6O4,324.1546,23
CC(N)O[C@@H]1[C@H](O)[C@@H](CO)O[C@]1(C)n1cnc2c(N)ncnc21,False,C13H20N6O4,324.1546,23
CC(N)O[C@H]1[C@H](n2cnc3c(N)ncnc32)O[C@H](CO)[C@]1(C)O,False,C13H20N6O4,324.1546,23
CC(N)O[C@H]1[C@H](n2cnc3c(N)ncnc32)O[C@@](C)(CO)[C@H]1O,False,C13H20N6O4,324.1546,23
Cc1nc2c(N)ncnc2n1[C@@H]1O[C@H](CO)[C@@H](O)[C@H]1OC(C)N,False,C13H20N6O4,324.1546,23
CC(N)O[C@@H]1[C@H](O)[C@@H](C(C)O)O[C@H]1n1cnc2c(N)ncnc21,False,C13H20N6O4,324.1546,23
Cc1nc(N)c2ncn([C@@H]3O[C@H](CO)[C@@H](O)[C@H]3OC(C)N)c2n1,False,C13H20N6O4,324.1546,23
Nc1ncnc2c1ncn2[C@@H]1O[C@H](CO)[C@@H](O)[C@]1(CO)OC=O,False,C12H15N5O6,325.1022,23
Nc1ncnc2c1ncn2[C@@H]1O[C@H](CO)[C@@](O)(CO)[C@H]1OC=O,False,C12H15N5O6,325.1022,23
Nc1ncnc2c1ncn2[C@@H]1OC(CO)(CO)[C@@H](O)[C@H]1OC=O,False,C12H15N5O6,325.1022,23
Nc1ncnc2c1nc(CO)n2[C@@H]1O[C@H](CO)[C@@H](O)[C@H]1OC=O,False,C12H15N5O6,325.1022,23
Nc1nc(CO)nc2c1ncn2[C@@H]1O[C@H](CO)[C@@H](O)[C@H]1OC=O,False,C12H15N5O6,325.1022,23
OCC1=Nc2ncnc3c2ncn3[C@@H]2O[C@H](CO)[C@@H](O)[C@H]2O1,False,C12H13N5O5,307.0917,22
Nc1ncnc2c1ncn2[C@@H]1O[C@H](CO)[C@@H](O)[C@@]12OCC(O)O2,False,C12H15N5O6,325.1022,23
Nc1ncnc2c1ncn2[C@]12OCC(O)O[C@@H]1[C@H](O)[C@@H](CO)O2,False,C12H15N5O6,325.1022,23
Nc1ncnc2c1ncn2[C@@H]1O[C@H](CO)[C@@]2(O)OCC(O)O[C@@H]12,False,C12H15N5O6,325.1022,23
Nc1ncnc2c1ncn2[C@@H]1O[C@]2(CO)OCC(O)O[C@@H]1[C@@H]2O,False,C12H15N5O6,325.1022,23
Nc1ncnc2c1nc1n2[C@@H]2O[C@H](CO)[C@@H](O)[C@H]2OC(O)CO1,False,C12H15N5O6,325.1022,23
Nc1ncnc2c1ncn2[C@@H]1O[C@@H]2C(O)OCC(O)O[C@@H]1[C@@H]2O,False,C12H15N5O6,325.1022,23
Nc1nc2nc3c1ncn3[C@@H]1O[C@H](CO)[C@@H](O)[C@H]1OC(O)CO2,False,C12H15N5O6,325.1022,23
Nc1ncnc2c1ncn2[C@@H]1O[C@H](CO)[C@@H](O)[C@H]1OC(=O)C=O,False,C12H13N5O6,323.0866,23
COCC(=O)O[C@@H]1[C@H](O)[C@@H](CO)O[C@H]1n1cnc2c(N)ncnc21,False,C13H17N5O6,339.1179,24
Nc1ncnc2c1ncn2[C@@H]1O[C@H](CO)[C@@H](O)[C@H]1OC(=O)CCl,False,C12H14ClN5O5,343.0683,23
C[C@H]1O[C@@H](n2cnc3c(N)ncnc32)[C@H](OC(=O)CO)[C@@H]1O,False,C12H15N5O5,309.1073,22
Nc1ncnc2c1ncn2[C@@H]1O[C@H](CO)[C@@H](O)[C@H]1C(=O)CO,False,C12H15N5O5,309.1073,22
COC1=Nc2ncnc3c2ncn3[C@@H]2O[C@H](CO)[C@@H](O)[C@H]2O1,False,C12H13N5O5,307.0917,22
Nc1ncnc2c1ncn2[C@@H]1O[C@H](CO)[C@H]2OCOC(O)O[C@H]21,False,C12H15N5O6,325.1022,23
Nc1ncnc2c1ncn2[C@@H]1O[C@@H]2COCOC(O)O[C@@H]1[C@@H]2O,False,C12H15N5O6,325.1022,23
COC(O)O[C@@]12O[C@@H]1[C@@H](CO)O[C@H]2n1cnc2c(N)ncnc21,False,C12H15N5O6,325.1022,23
COC(O)O[C@]12OC[C@@H](O[C@H]1n1cnc3c(N)ncnc31)[C@H]2O,False,C12H15N5O6,325.1022,23
COC(O)O[C@@H]1[C@@H]2O[C@]1(n1cnc3c(N)ncnc31)O[C@@H]2CO,False,C12H15N5O6,325.1022,23
COC(O)O[C@@H]1[C@H](O)[C@H]2CO[C@]1(n1cnc3c(N)ncnc31)O2,False,C12H15N5O6,325.1022,23
COC(O)O[C@H]1[C@H](n2cnc3c(N)ncnc32)O[C@@H]2CO[C@]21O,False,C12H15N5O6,325.1022,23
COC(O)O[C@H]1[C@H](n2cnc3c(N)ncnc32)O[C@]2(CO)O[C@@H]12,False,C12H15N5O6,325.1022,23
COC(O)O[C@H]1[C@H](n2cnc3c(N)ncnc32)O[C@@]2(CO2)[C@H]1O,False,C12H15N5O6,325.1022,23
COC(O)O[C@@H]1[C@@H]2Oc3nc4c(N)ncnc4n3[C@@H]1O[C@@H]2CO,False,C12H15N5O6,325.1022,23
COC(O)O[C@@H]1[C@H](O)[C@H]2COc3nc4c(N)ncnc4n3[C@@H]1O2,False,C12H15N5O6,325.1022,23
COC(O)O[C@@H]1[C@@H]2OC(O)[C@H]2O[C@H]1n1cnc2c(N)ncnc21,False,C12H15N5O6,325.1022,23
COC(O)O[C@@H]1[C@@H]2Oc3nc(N)c4ncn(c4n3)[C@@H]1O[C@@H]2CO,False,C12H15N5O6,325.1022,23
COC(O)O[C@@H]1[C@H](O)[C@H]2COc3nc(N)c4ncn(c4n3)[C@@H]1O2,False,C12H15N5O6,325.1022,23
COCO[C@@H]1[C@H](O)[C@@H](CO)O[C@H]1n1cnc2c(N)ncnc21,False,C12H17N5O5,311.123,22
COC(=O)O[C@@H]1[C@H](O)[C@@H](C)O[C@H]1n1cnc2c(N)ncnc21,False,C12H15N5O5,309.1073,22
Nc1ncnc2c1ncn2[C@@H]1O[C@H](CO)[C@@H](O)[C@]1(CO)OCO,False,C12H17N5O6,327.1179,23
Nc1ncnc2c1ncn2[C@@H]1O[C@H](CO)[C@@](O)(CO)[C@H]1OCO,False,C12H17N5O6,327.1179,23
Nc1ncnc2c1ncn2[C@@H]1OC(CO)(CO)[C@@H](O)[C@H]1OCO,False,C12H17N5O6,327.1179,23
Nc1ncnc2c1nc(CO)n2[C@@H]1O[C@H](CO)[C@@H](O)[C@H]1OCO,False,C12H17N5O6,327.1179,23
Nc1nc(CO)nc2c1ncn2[C@@H]1O[C@H](CO)[C@@H](O)[C@H]1OCO,False,C12H17N5O6,327.1179,23
Nc1ncnc2c1ncn2[C@@H]1O[C@H](CO)[C@@H](O)[C@H]1OCC=O,False,C12H15N5O5,309.1073,22
Nc1ncnc2c1ncn2[C@@H]1O[C@H](C=O)[C@@H](O)[C@H]1OCCO,False,C12H15N5O5,309.1073,22
Nc1ncnc2c1ncn2[C@@H]1O[C@H](CO)[C@@H](O)[C@H]1OC(O)C=O,False,C12H15N5O6,325.1022,23
COCC(O)O[C@@H]1[C@H](O)[C@@H](CO)O[C@H]1n1cnc2c(N)ncnc21,False,C13H19N5O6,341.1335,24
COC(CO)O[C@@H]1[C@H](O)[C@@H](CO)O[C@H]1n1cnc2c(N)ncnc21,False,C13H19N5O6,341.1335,24
CC(O)(CO)O[C@@H]1[C@H](O)[C@@H](CO)O[C@H]1n1cnc2c(N)ncnc21,False,C13H19N5O6,341.1335,24
Nc1ncnc2c1ncn2[C@@H]1O[C@H](CO)[C@@H](O)[C@H]1OC(O)CCl,False,C12H16ClN5O5,345.084,23
Nc1ncnc2c1ncn2[C@@H]1O[C@H](CO)[C@@H](O)[C@H]1OC(Cl)CO,False,C12H16ClN5O5,345.084,23
C[C@H]1O[C@@H](n2cnc3c(N)ncnc32)[C@H](OC(O)CO)[C@@H]1O,False,C12H17N5O5,311.123,22
CC(O)O[C@@H]1[C@@H]2OC[C@H]2O[C@H]1n1cnc2c(N)ncnc21,False,C12H15N5O4,293.1124,21
C[C@H]1O[C@@H](n2cnc3c(N)ncnc32)[C@H](OC(=O)CC(=O)O)[C@@H]1O,False,C13H15N5O6,337.1022,24
CC(=O)[C@@H]1[C@H](O)[C@@H](C)O[C@H]1n1cnc2c(N)ncnc21,False,C12H15N5O3,277.1175,20
CC[C@H]1O[C@@H](n2cnc3c(N)ncnc32)[C@H](OC(C)=O)[C@@H]1O,False,C13H17N5O4,307.1281,22
CC(=O)O[C@H]1[C@H](n2cnc3c(N)ncnc32)OC(C)(C)[C@H]1O,False,C13H17N5O4,307.1281,22
CC(=O)O[C@H]1[C@H](n2cnc3c(N)ncnc32)O[C@H](C)[C@]1(C)O,False,C13H17N5O4,307.1281,22
CC(=O)O[C@@]1(C)[C@H](O)[C@@H](C)O[C@H]1n1cnc2c(N)ncnc21,False,C13H17N5O4,307.1281,22
CC(=O)O[C@@H]1[C@H](O)[C@@H](C)O[C@]1(C)n1cnc2c(N)ncnc21,False,C13H17N5O4,307.1281,22
CC(=O)O[C@@H]1[C@H](O)[C@@H](C)O[C@H]1n1c(C)nc2c(N)ncnc21,False,C13H17N5O4,307.1281,22
CC(=O)O[C@@H]1[C@H](O)[C@@H](C)O[C@H]1n1cnc2c(N)nc(C)nc21,False,C13H17N5O4,307.1281,22
CC(=O)[C@@]1(CO)[C@H](O)CO[C@H]1n1cnc2c(N)ncnc21,False,C12H15N5O4,293.1124,21
Nc1ncnc2c1ncn2[C@@H]1OC[C@@H](O)[C@H]1C(=O)CCO,False,C12H15N5O4,293.1124,21
CC(=O)[C@H]1[C@H](n2cnc3c(N)ncnc32)OC[C@@]1(O)CO,False,C12H15N5O4,293.1124,21
CC(=O)[C@@H]1[C@H](O)CO[C@H]1n1c(CO)nc2c(N)ncnc21,False,C12H15N5O4,293.1124,21
CC(=O)[C@@H]1[C@H](O)CO[C@H]1n1cnc2c(N)nc(CO)nc21,False,C12H15N5O4,293.1124,21
C[C@]1(C=O)[C@H](O)[C@@H](CO)O[C@H]1n1cnc2c(N)ncnc21,False,C12H15N5O4,293.1124,21
C[C@]1(n2cnc3c(N)ncnc32)O[C@H](CO)[C@@H](O)[C@H]1C=O,False,C12H15N5O4,293.1124,21
CC(=O)[C@@]1(n2cnc3c(N)ncnc32)C[C@H](O)[C@@H](CO)O1,False,C12H15N5O4,293.1124,21
C[C@]1(O)[C@@H](CO)O[C@@H](n2cnc3c(N)ncnc32)[C@@H]1C=O,False,C12H15N5O4,293.1124,21
CC(=O)[C@@]1(O)C[C@H](n2cnc3c(N)ncnc32)O[C@@H]1CO,False,C12H15N5O4,293.1124,21
C[C@@]1(CO)O[C@@H](n2cnc3c(N)ncnc32)[C@H](C=O)[C@@H]1O,False,C12H15N5O4,293.1124,21
CC(=O)[C@@]1(CO)O[C@@H](n2cnc3c(N)ncnc32)C[C@@H]1O,False,C12H15N5O4,293.1124,21
Cc1nc2c(N)ncnc2n1[C@@H]1O[C@H](CO)[C@@H](O)[C@H]1C=O,False,C12H15N5O4,293.1124,21
CC(=O)c1nc2c(N)ncnc2n1[C@H]1C[C@H](O)[C@@H](CO)O1,False,C12H15N5O4,293.1124,21
CC(O)[C@H]1O[C@@H](n2cnc3c(N)ncnc32)[C@H](C=O)[C@@H]1O,False,C12H15N5O4,293.1124,21
CC(=O)C(O)[C@H]1O[C@@H](n2cnc3c(N)ncnc32)C[C@@H]1O,False,C12H15N5O4,293.1124,21
Cc1nc(N)c2ncn([C@@H]3O[C@H](CO)[C@@H](O)[C@H]3C=O)c2n1,False,C12H15N5O4,293.1124,21
CC(=O)c1nc(N)c2ncn([C@H]3C[C@H](O)[C@@H](CO)O3)c2n1,False,C12H15N5O4,293.1124,21
Nc1ncnc2c1ncn2[C@@H]1O[C@H](CO)[C@@H](O)[C@H]1CC=O,False,C12H15N5O4,293.1124,21
CC1=Nc2ncnc3c2ncn3[C@@H]2O[C@H](CO)[C@@H](O)[C@@H]12,False,C12H13N5O3,275.1018,20
CC(O)[C@@]12O[C@@H]1[C@@H](CO)O[C@H]2n1cnc2c(N)ncnc21,False,C12H15N5O4,293.1124,21
CC(O)[C@]12OC[C@@H](O[C@H]1n1cnc3c(N)ncnc31)[C@H]2O,False,C12H15N5O4,293.1124,21
Nc1ncnc2c1ncn2[C@@H]1O[C@H](CO)[C@H]2OCC(O)[C@H]21,False,C12H15N5O4,293.1124,21
Nc1ncnc2c1ncn2[C@@H]1O[C@@H]2COCC(O)[C@@H]1[C@@H]2O,False,C12H15N5O4,293.1124,21
CC(O)[C@@H]1[C@@H]2O[C@]1(n1cnc3c(N)ncnc31)O[C@@H]2CO,False,C12H15N5O4,293.1124,21
CC(O)[C@@H]1[C@H](O)[C@H]2CO[C@]1(n1cnc3c(N)ncnc31)O2,False,C12H15N5O4,293.1124,21
CC(O)[C@H]1[C@H](n2cnc3c(N)ncnc32)O[C@@H]2CO[C@]21O,False,C12H15N5O4,293.1124,21
CC(O)[C@H]1[C@H](n2cnc3c(N)ncnc32)O[C@]2(CO)O[C@@H]12,False,C12H15N5O4,293.1124,21
CC(O)[C@H]1[C@H](n2cnc3c(N)ncnc32)O[C@@]2(CO2)[C@H]1O,False,C12H15N5O4,293.1124,21
CC(O)[C@@H]1[C@@H]2Oc3nc4c(N)ncnc4n3[C@@H]1O[C@@H]2CO,False,C12H15N5O4,293.1124,21
CC(O)[C@@H]1[C@H](O)[C@H]2COc3nc4c(N)ncnc4n3[C@@H]1O2,False,C12H15N5O4,293.1124,21
CC(O)[C@@H]1[C@@H]2OC(O)[C@H]2O[C@H]1n1cnc2c(N)ncnc21,False,C12H15N5O4,293.1124,21
CC(O)[C@@H]1[C@@H]2Oc3nc(N)c4ncn(c4n3)[C@@H]1O[C@@H]2CO,False,C12H15N5O4,293.1124,21
CC(O)[C@@H]1[C@H](O)[C@H]2COc3nc(N)c4ncn(c4n3)[C@@H]1O2,False,C12H15N5O4,293.1124,21
CC(O)[C@@H]1[C@H](O)[C@@H](CO)O[C@H]1n1cnc2c(N)ncnc21,False,C12H17N5O4,295.1281,21
Nc1ncnc2c1ncn2[C@@H]1O[C@H](CO)[C@@H](O)[C@H]1C(=O)CC(=O)O,False,C13H15N5O6,337.1022,24
CC(O)(C#N)[C@@H]1[C@H](O)[C@@H](CO)O[C@H]1n1cnc2c(N)ncnc21,False,C13H16N6O4,320.1233,23
CC(N)[C@@H]1[C@H](O)[C@@H](CO)O[C@H]1n1cnc2c(N)ncnc21,False,C12H18N6O3,294.144,21
COC(=O)[C@@H]1[C@H](O)[C@@H](CO)O[C@H]1n1cnc2c(N)ncnc21,False,C12H15N5O5,309.1073,22
Nc1ncnc2c1ncn2[C@@H]1O[C@H](CO)[C@@H](O)[C@H]1C(O)CO,False,C12H17N5O5,311.123,22
CC(=O)[C@@H]1[C@H](O)[C@@H](C(=O)O)O[C@H]1n1cnc2c(N)ncnc21,False,C12H13N5O5,307.0917,22
Nc1ncnc2c1ncn2[C@@H]1O[C@H](CO)[C@@H](O)[C@H]1C=O,False,C11H13N5O4,279.0968,20
CC(=O)[C@@]1(C)[C@H](O)[C@@H](CO)O[C@H]1n1cnc2c(N)ncnc21,False,C13H17N5O4,307.1281,22
CC(=O)[C@@H]1[C@H](O)[C@@H](CO)O[C@]1(C)n1cnc2c(N)ncnc21,False,C13H17N5O4,307.1281,22
CC(=O)[C@H]1[C@H](n2cnc3c(N)ncnc32)O[C@H](CO)[C@]1(C)O,False,C13H17N5O4,307.1281,22
CC(=O)[C@H]1[C@H](n2cnc3c(N)ncnc32)O[C@@](C)(CO)[C@H]1O,False,C13H17N5O4,307.1281,22
CC(=O)[C@@H]1[C@H](O)[C@@H](CO)O[C@H]1n1c(C)nc2c(N)ncnc21,False,C13H17N5O4,307.1281,22
CC(=O)[C@@H]1[C@H](O)[C@@H](C(C)O)O[C@H]1n1cnc2c(N)ncnc21,False,C13H17N5O4,307.1281,22
CC(=O)[C@@H]1[C@H](O)[C@@H](CO)O[C@H]1n1cnc2c(N)nc(C)nc21,False,C13H17N5O4,307.1281,22
CC(=O)O[C@@H]1[C@H](O)CO[C@H]1n1cnc2c(N)ncnc21,False,C11H13N5O4,279.0968,20
CC(=O)O[C@@H]1[C@H](O)[C@@H]2O[C@H]1n1cnc3c(ncnc31)N=C2O,False,C12H11N5O5,305.076,22
CC(=O)O[C@H]1[C@H](n2cnc3c(N)ncnc32)O[C@]2(OC2O)[C@H]1O,False,C12H13N5O6,323.0866,23
CC(O)O[C@H]1[C@H](n2cnc3c(N)ncnc32)O[C@]2(OC2=O)[C@H]1O,False,C12H13N5O6,323.0866,23
CC(=O)O[C@H]1[C@H](n2cnc3c(N)ncnc32)O[C@]2(C(O)O)O[C@@H]12,False,C12H13N5O6,323.0866,23
CC(=O)O[C@H]1[C@H](n2cnc3c(N)ncnc32)O[C@@H]2C(O)O[C@]21O,False,C12H13N5O6,323.0866,23
CC(O)O[C@H]1[C@H](n2cnc3c(N)ncnc32)O[C@@H]2C(=O)O[C@]21O,False,C12H13N5O6,323.0866,23
CC(=O)O[C@]12OC(O)[C@@H](O[C@H]1n1cnc3c(N)ncnc31)[C@H]2O,False,C12H13N5O6,323.0866,23
CC(O)O[C@]12OC(=O)[C@@H](O[C@H]1n1cnc3c(N)ncnc31)[C@H]2O,False,C12H13N5O6,323.0866,23
CC(=O)O[C@@]12O[C@@H]1[C@@H](C(O)O)O[C@H]2n1cnc2c(N)ncnc21,False,C12H13N5O6,323.0866,23
CC(=O)O[C@@H]1[C@H](O)[C@@H]2O[C@@]1(n1cnc3c(N)ncnc31)OC2O,False,C12H13N5O6,323.0866,23
CC(O)O[C@@H]1[C@H](O)[C@@H]2O[C@@]1(n1cnc3c(N)ncnc31)OC2=O,False,C12H13N5O6,323.0866,23
CC(=O)O[C@@H]1[C@@H]2O[C@]1(n1cnc3c(N)ncnc31)O[C@@H]2C(O)O,False,C12H13N5O6,323.0866,23
CC(=O)O[C@@H]1[C@H](O)[C@@H]2O[C@H]1n1c(nc3c(N)ncnc31)OC2O,False,C12H13N5O6,323.0866,23
CC(O)O[C@@H]1[C@H](O)[C@@H]2O[C@H]1n1c(nc3c(N)ncnc31)OC2=O,False,C12H13N5O6,323.0866,23
CC(=O)O[C@@H]1[C@@H]2Oc3nc4c(N)ncnc4n3[C@@H]1O[C@@H]2C(O)O,False,C12H13N5O6,323.0866,23
Nc1ncnc2c1ncn2[C@@H]1O[C@@H]2C(O)OCC(=O)O[C@@H]1[C@@H]2O,False,C12H13N5O6,323.0866,23
Nc1ncnc2c1ncn2[C@@H]1O[C@@H]2C(=O)OCC(O)O[C@@H]1[C@@H]2O,False,C12H13N5O6,323.0866,23
Nc1ncnc2c1ncn2[C@@H]1O[C@H](C(O)O)[C@H]2OCC(=O)O[C@H]21,False,C12H13N5O6,323.0866,23
CC(=O)O[C@@H]1[C@H](O)[C@@H]2O[C@H]1n1cnc3c(N)nc(nc31)OC2O,False,C12H13N5O6,323.0866,23
CC(O)O[C@@H]1[C@H](O)[C@@H]2O[C@H]1n1cnc3c(N)nc(nc31)OC2=O,False,C12H13N5O6,323.0866,23
CC(=O)O[C@@H]1[C@@H]2Oc3nc(N)c4ncn(c4n3)[C@@H]1O[C@@H]2C(O)O,False,C12H13N5O6,323.0866,23
C[C@H]1O[C@@H](n2cnc3c(N)ncnc32)[C@H](OC(=O)C(=O)O)[C@@H]1O,False,C12H13N5O6,323.0866,23
CC(=O)O[C@@H]1[C@H](O)[C@@H](C(O)O)O[C@H]1n1cnc2c(N)ncnc21,False,C12H15N5O6,325.1022,23
CC(=O)O[C@@H]1[C@H](O)[C@@H](C(O)(O)C#N)O[C@H]1n1cnc2c(N)ncnc21,False,C13H14N6O6,350.0975,25
CC(=O)O[C@@H]1[C@H](O)[C@@H](C(N)=O)O[C@H]1n1cnc2c(N)ncnc21,False,C12H14N6O5,322.1026,23
CC(=O)O[C@H]1[C@H](n2cnc3c(N)ncnc32)O[C@@](C)(C(=O)O)[C@H]1O,False,C13H15N5O6,337.1022,24
CC(=O)O[C@H]1[C@H](n2cnc3c(N)ncnc32)O[C@H](C(=O)O)[C@]1(C)O,False,C13H15N5O6,337.1022,24
CC(=O)O[C@@]1(C)[C@H](O)[C@@H](C(=O)O)O[C@H]1n1cnc2c(N)ncnc21,False,C13H15N5O6,337.1022,24
CC(=O)O[C@@H]1[C@H](O)[C@@H](C(=O)O)O[C@]1(C)n1cnc2c(N)ncnc21,False,C13H15N5O6,337.1022,24
CC(=O)O[C@@H]1[C@H](O)[C@@H](C(=O)O)O[C@H]1n1c(C)nc2c(N)ncnc21,False,C13H15N5O6,337.1022,24
CC(=O)O[C@@H]1[C@H](O)[C@@H](C(=O)O)O[C@H]1n1cnc2c(N)nc(C)nc21,False,C13H15N5O6,337.1022,24
C[C@]1(OC=O)[C@H](O)[C@@H](CO)O[C@]1(C)n1cnc2c(N)ncnc21,False,C13H17N5O5,323.123,23
C[C@]1(O)[C@@H](CO)O[C@@H](n2cnc3c(N)ncnc32)[C@@]1(C)OC=O,False,C13H17N5O5,323.123,23
C[C@@]1(OC=O)[C@H](n2cnc3c(N)ncnc32)O[C@@](C)(CO)[C@H]1O,False,C13H17N5O5,323.123,23
Cc1nc2c(N)ncnc2n1[C@@H]1O[C@H](CO)[C@@H](O)[C@]1(C)OC=O,False,C13H17N5O5,323.123,23
Cc1nc(N)c2ncn([C@@H]3O[C@H](CO)[C@@H](O)[C@]3(C)OC=O)c2n1,False,C13H17N5O5,323.123,23
CC1=Nc2ncnc3c2ncn3[C@@H]2O[C@H](CO)[C@@H](O)[C@]2(C)O1,False,C13H15N5O4,305.1124,22
CC(O)O[C@@]12CO[C@@H]1[C@@H](CO)O[C@H]2n1cnc2c(N)ncnc21,False,C13H17N5O5,323.123,23
CC(O)O[C@]12COC[C@@H](O[C@H]1n1cnc3c(N)ncnc31)[C@H]2O,False,C13H17N5O5,323.123,23
C[C@]12OC(O)CO[C@@H]1[C@@H](CO)O[C@H]2n1cnc2c(N)ncnc21,False,C13H17N5O5,323.123,23
C[C@@]12OC(O)COC[C@@H](O[C@H]1n1cnc3c(N)ncnc31)[C@H]2O,False,C13H17N5O5,323.123,23
C[C@]1(OC(=O)CO)[C@H](O)[C@@H](CO)O[C@H]1n1cnc2c(N)ncnc21,False,C13H17N5O6,339.1179,24
COC(=O)O[C@@]1(C)[C@H](O)[C@@H](CO)O[C@H]1n1cnc2c(N)ncnc21,False,C13H17N5O6,339.1179,24
C[C@]1(OC(O)CO)[C@H](O)[C@@H](CO)O[C@H]1n1cnc2c(N)ncnc21,False,C13H19N5O6,341.1335,24
CC[C@]1(OC(C)=O)[C@H](O)[C@@H](CO)O[C@H]1n1cnc2c(N)ncnc21,False,C14H19N5O5,337.1386,24
CC(=O)O[C@@]1(C)[C@H](O)[C@@H](CO)O[C@]1(C)n1cnc2c(N)ncnc21,False,C14H19N5O5,337.1386,24
CC(=O)O[C@]1(C)[C@H](n2cnc3c(N)ncnc32)O[C@H](CO)[C@]1(C)O,False,C14H19N5O5,337.1386,24
CC(=O)O[C@]1(C)[C@H](n2cnc3c(N)ncnc32)O[C@@](C)(CO)[C@H]1O,False,C14H19N5O5,337.1386,24
CC(=O)O[C@@]1(C)[C@H](O)[C@@H](CO)O[C@H]1n1c(C)nc2c(N)ncnc21,False,C14H19N5O5,337.1386,24
CC(=O)O[C@@]1(C)[C@H](O)[C@@H](C(C)O)O[C@H]1n1cnc2c(N)ncnc21,False,C14H19N5O5,337.1386,24
CC(=O)O[C@@]1(C)[C@H](O)[C@@H](CO)O[C@H]1n1cnc2c(N)nc(C)nc21,False,C14H19N5O5,337.1386,24
C[C@@]1(O)[C@@H](OC=O)[C@@](C)(n2cnc3c(N)ncnc32)O[C@@H]1CO,False,C13H17N5O5,323.123,23
Cc1nc2c(N)ncnc2n1[C@@]1(C)O[C@H](CO)[C@@H](O)[C@H]1OC=O,False,C13H17N5O5,323.123,23
C[C@]1(n2cnc3c(N)ncnc32)O[C@@](C)(CO)[C@@H](O)[C@H]1OC=O,False,C13H17N5O5,323.123,23
Cc1nc(N)c2ncn([C@@]3(C)O[C@H](CO)[C@@H](O)[C@H]3OC=O)c2n1,False,C13H17N5O5,323.123,23
CC1=Nc2ncnc3c2ncn3[C@@]2(C)O[C@H](CO)[C@@H](O)[C@H]2O1,False,C13H15N5O4,305.1124,22
CC(O)O[C@@H]1[C@@H]2OC[C@]1(n1cnc3c(N)ncnc31)O[C@@H]2CO,False,C13H17N5O5,323.123,23
CC(O)O[C@@H]1[C@H](O)[C@H]2COC[C@]1(n1cnc3c(N)ncnc31)O2,False,C13H17N5O5,323.123,23
C[C@]1(n2cnc3c(N)ncnc32)O[C@H](CO)[C@H]2OCC(O)O[C@H]21,False,C13H17N5O5,323.123,23
C[C@]1(n2cnc3c(N)ncnc32)O[C@@H]2COCC(O)O[C@@H]1[C@@H]2O,False,C13H17N5O5,323.123,23
C[C@]1(n2cnc3c(N)ncnc32)O[C@H](CO)[C@@H](O)[C@H]1OC(=O)CO,False,C13H17N5O6,339.1179,24
COC(=O)O[C@@H]1[C@H](O)[C@@H](CO)O[C@]1(C)n1cnc2c(N)ncnc21,False,C13H17N5O6,339.1179,24
C[C@]1(n2cnc3c(N)ncnc32)O[C@H](CO)[C@@H](O)[C@H]1OC(O)CO,False,C13H19N5O6,341.1335,24
CC[C@]1(n2cnc3c(N)ncnc32)O[C@H](CO)[C@@H](O)[C@H]1OC(C)=O,False,C14H19N5O5,337.1386,24
CC(=O)O[C@@H]1[C@@](C)(O)[C@@H](CO)O[C@]1(C)n1cnc2c(N)ncnc21,False,C14H19N5O5,337.1386,24
CC(=O)O[C@@H]1[C@H](O)[C@@H](CO)O[C@]1(C)n1c(C)nc2c(N)ncnc21,False,C14H19N5O5,337.1386,24
CC(=O)O[C@@H]1[C@H](O)[C@](C)(CO)O[C@]1(C)n1cnc2c(N)ncnc21,False,C14H19N5O5,337.1386,24
CC(=O)O[C@@H]1[C@H](O)[C@@H](C(C)O)O[C@]1(C)n1cnc2c(N)ncnc21,False,C14H19N5O5,337.1386,24
CC(=O)O[C@@H]1[C@H](O)[C@@H](CO)O[C@]1(C)n1cnc2c(N)nc(C)nc21,False,C14H19N5O5,337.1386,24
C[C@@]1(CO)O[C@@H](n2cnc3c(N)ncnc32)[C@H](OC=O)[C@@]1(C)O,False,C13H17N5O5,323.123,23
Cc1nc2c(N)ncnc2n1[C@@H]1O[C@H](CO)[C@](C)(O)[C@H]1OC=O,False,C13H17N5O5,323.123,23
Cc1nc(N)c2ncn([C@@H]3O[C@H](CO)[C@](C)(O)[C@H]3OC=O)c2n1,False,C13H17N5O5,323.123,23
CC1=Nc2ncnc3c2ncn3[C@@H]2O[C@H](CO)[C@](C)(O)[C@H]2O1,False,C13H15N5O4,305.1124,22
CC(O)O[C@H]1[C@H](n2cnc3c(N)ncnc32)O[C@H](CO)[C@@]12CO2,False,C13H17N5O5,323.123,23
CC(O)O[C@H]1[C@H](n2cnc3c(N)ncnc32)O[C@@H]2COC[C@]21O,False,C13H17N5O5,323.123,23
C[C@@]12OCC(O)O[C@H]1[C@H](n1cnc3c(N)ncnc31)O[C@@H]2CO,False,C13H17N5O5,323.123,23
C[C@]1(O)[C@H]2COCC(O)O[C@H]1[C@H](n1cnc3c(N)ncnc31)O2,False,C13H17N5O5,323.123,23
C[C@]1(O)[C@@H](CO)O[C@@H](n2cnc3c(N)ncnc32)[C@@H]1OC(=O)CO,False,C13H17N5O6,339.1179,24
COC(=O)O[C@H]1[C@H](n2cnc3c(N)ncnc32)O[C@H](CO)[C@]1(C)O,False,C13H17N5O6,339.1179,24
C[C@]1(O)[C@@H](CO)O[C@@H](n2cnc3c(N)ncnc32)[C@@H]1OC(O)CO,False,C13H19N5O6,341.1335,24
CC[C@]1(O)[C@@H](CO)O[C@@H](n2cnc3c(N)ncnc32)[C@@H]1OC(C)=O,False,C14H19N5O5,337.1386,24
CC(=O)O[C@H]1[C@H](n2cnc3c(N)ncnc32)O[C@@](C)(CO)[C@]1(C)O,False,C14H19N5O5,337.1386,24
CC(=O)O[C@H]1[C@H](n2cnc3c(N)ncnc32)O[C@H](C(C)O)[C@]1(C)O,False,C14H19N5O5,337.1386,24
CC(=O)O[C@H]1[C@H](n2c(C)nc3c(N)ncnc32)O[C@H](CO)[C@]1(C)O,False,C14H19N5O5,337.1386,24
CC(=O)O[C@H]1[C@H](n2cnc3c(N)nc(C)nc32)O[C@H](CO)[C@]1(C)O,False,C14H19N5O5,337.1386,24
CC(=O)O[C@@H]1[C@H](O)[C@@H](C)O[C@]1(CO)n1cnc2c(N)ncnc21,False,C13H17N5O5,323.123,23
Cc1nc2c(N)ncnc2n1[C@@H]1O[C@@](C)(CO)[C@@H](O)[C@H]1OC=O,False,C13H17N5O5,323.123,23
Cc1nc(N)c2ncn([C@@H]3O[C@@](C)(CO)[C@@H](O)[C@H]3OC=O)c2n1,False,C13H17N5O5,323.123,23
CC1=Nc2ncnc3c2ncn3[C@@H]2O[C@@](C)(CO)[C@@H](O)[C@H]2O1,False,C13H15N5O4,305.1124,22
CC(O)O[C@H]1[C@H](n2cnc3c(N)ncnc32)O[C@]2(CO)CO[C@@H]12,False,C13H17N5O5,323.123,23
CC(O)O[C@H]1[C@H](n2cnc3c(N)ncnc32)OC2(COC2)[C@H]1O,False,C13H17N5O5,323.123,23
C[C@@]1(CO)O[C@@H](n2cnc3c(N)ncnc32)[C@@H]2OC(O)CO[C@@H]21,False,C13H17N5O5,323.123,23
C[C@@]12COCC(O)O[C@@H]([C@H](n3cnc4c(N)ncnc43)O1)[C@@H]2O,False,C13H17N5O5,323.123,23
C[C@@]1(CO)O[C@@H](n2cnc3c(N)ncnc32)[C@H](OC(=O)CO)[C@@H]1O,False,C13H17N5O6,339.1179,24
COC(=O)O[C@H]1[C@H](n2cnc3c(N)ncnc32)O[C@@](C)(CO)[C@H]1O,False,C13H17N5O6,339.1179,24
C[C@@]1(CO)O[C@@H](n2cnc3c(N)ncnc32)[C@H](OC(O)CO)[C@@H]1O,False,C13H19N5O6,341.1335,24
CC[C@@]1(CO)O[C@@H](n2cnc3c(N)ncnc32)[C@H](OC(C)=O)[C@@H]1O,False,C14H19N5O5,337.1386,24
CC(=O)O[C@H]1[C@H](n2cnc3c(N)ncnc32)O[C@@](C)(C(C)O)[C@H]1O,False,C14H19N5O5,337.1386,24
CC(=O)O[C@H]1[C@H](n2c(C)nc3c(N)ncnc32)O[C@@](C)(CO)[C@H]1O,False,C14H19N5O5,337.1386,24
CC(=O)O[C@H]1[C@H](n2cnc3c(N)nc(C)nc32)O[C@@](C)(CO)[C@H]1O,False,C14H19N5O5,337.1386,24
Cc1nc(N)c2nc(C)n([C@@H]3O[C@H](CO)[C@@H](O)[C@H]3OC=O)c2n1,False,C13H17N5O5,323.123,23
CC1=Nc2ncnc3c2nc(C)n3[C@@H]2O[C@H](CO)[C@@H](O)[C@H]2O1,False,C13H15N5O4,305.1124,22
CC(O)O[C@@H]1[C@@H]2OCc3nc4c(N)ncnc4n3[C@@H]1O[C@@H]2CO,False,C13H17N5O5,323.123,23
CC(O)O[C@@H]1[C@H](O)[C@H]2COCc3nc4c(N)ncnc4n3[C@@H]1O2,False,C13H17N5O5,323.123,23
Cc1nc2c(N)ncnc2n1[C@@H]1O[C@H](CO)[C@H]2OCC(O)O[C@H]21,False,C13H17N5O5,323.123,23
Cc1nc2c(N)ncnc2n1[C@@H]1O[C@@H]2COCC(O)O[C@@H]1[C@@H]2O,False,C13H17N5O5,323.123,23
Cc1nc2c(N)ncnc2n1[C@@H]1O[C@H](CO)[C@@H](O)[C@H]1OC(=O)CO,False,C13H17N5O6,339.1179,24
COC(=O)O[C@@H]1[C@H](O)[C@@H](CO)O[C@H]1n1c(C)nc2c(N)ncnc21,False,C13H17N5O6,339.1179,24
Cc1nc2c(N)ncnc2n1[C@@H]1O[C@H](CO)[C@@H](O)[C@H]1OC(O)CO,False,C13H19N5O6,341.1335,24
CCc1nc2c(N)ncnc2n1[C@@H]1O[C@H](CO)[C@@H](O)[C@H]1OC(C)=O,False,C14H19N5O5,337.1386,24
CC(=O)O[C@@H]1[C@H](O)[C@@H](CO)O[C@H]1n1c(C)nc2c(N)nc(C)nc21,False,C14H19N5O5,337.1386,24
CC(=O)O[C@@H]1[C@H](O)[C@@H](C(C)O)O[C@H]1n1c(C)nc2c(N)ncnc21,False,C14H19N5O5,337.1386,24
CC1=Nc2ncnc3c2ncn3[C@@H]2O[C@H](C(C)O)[C@@H](O)[C@H]2O1,False,C13H15N5O4,305.1124,22
CC(O)O[C@@H]1[C@H](O)[C@@H](C2CO2)O[C@H]1n1cnc2c(N)ncnc21,False,C13H17N5O5,323.123,23
CC(O)O[C@@H]1[C@@H]2OCC(O)[C@H]2O[C@H]1n1cnc2c(N)ncnc21,False,C13H17N5O5,323.123,23
CC1OCC(O)O[C@@H]2[C@H](O)[C@@H]1O[C@H]2n1cnc2c(N)ncnc21,False,C13H17N5O5,323.123,23
CC(O)[C@H]1O[C@@H](n2cnc3c(N)ncnc32)[C@@H]2OC(O)CO[C@@H]21,False,C13H17N5O5,323.123,23
CC(=O)O[C@@H]1[C@H](O)[C@@H](C(C)(C)O)O[C@H]1n1cnc2c(N)ncnc21,False,C14H19N5O5,337.1386,24
CCC(O)[C@H]1O[C@@H](n2cnc3c(N)ncnc32)[C@H](OC(C)=O)[C@@H]1O,False,C14H19N5O5,337.1386,24
CC(=O)O[C@@H]1[C@H](O)[C@@H](C(C)Cl)O[C@H]1n1cnc2c(N)ncnc21,False,C13H16ClN5O4,341.0891,23
CC(=O)O[C@@H]1[C@H](O)[C@@H](C(C)(O)O)O[C@H]1n1cnc2c(N)ncnc21,False,C13H17N5O6,339.1179,24
CC(=O)O[C@@H]1[C@H](O)[C@@H](C(O)CO)O[C@H]1n1cnc2c(N)ncnc21,False,C13H17N5O6,339.1179,24
CC(O)[C@H]1O[C@@H](n2cnc3c(N)ncnc32)[C@H](OC(=O)CO)[C@@H]1O,False,C13H17N5O6,339.1179,24
COC(=O)O[C@@H]1[C@H](O)[C@@H](C(C)O)O[C@H]1n1cnc2c(N)ncnc21,False,C13H17N5O6,339.1179,24
CC(O)O[C@@H]1[C@H](O)[C@@H](C(C)(O)O)O[C@H]1n1cnc2c(N)ncnc21,False,C13H19N5O6,341.1335,24
CC(O)O[C@@H]1[C@H](O)[C@@H](C(O)CO)O[C@H]1n1cnc2c(N)ncnc21,False,C13H19N5O6,341.1335,24
CC(O)[C@H]1O[C@@H](n2cnc3c(N)ncnc32)[C@H](OC(O)CO)[C@@H]1O,False,C13H19N5O6,341.1335,24
CC(=O)O[C@@H]1[C@H](O)[C@@H](C(C)O)O[C@H]1n1cnc2c(N)nc(C)nc21,False,C14H19N5O5,337.1386,24
CC(O)[C@H]1O[C@@H](n2cnc3c(N)ncnc32)[C@H](OC(C)(C)O)[C@@H]1O,False,C14H21N5O5,339.1543,24
CC1=Nc2nc(C)nc3c2ncn3[C@@H]2O[C@H](CO)[C@@H](O)[C@H]2O1,False,C13H15N5O4,305.1124,22
CC(O)O[C@@H]1[C@@H]2OCc3nc(N)c4ncn(c4n3)[C@@H]1O[C@@H]2CO,False,C13H17N5O5,323.123,23
CC(O)O[C@@H]1[C@H](O)[C@H]2COCc3nc(N)c4ncn(c4n3)[C@@H]1O2,False,C13H17N5O5,323.123,23
Cc1nc(N)c2ncn([C@@H]3O[C@H](CO)[C@H]4OCC(O)O[C@H]43)c2n1,False,C13H17N5O5,323.123,23
Cc1nc(N)c2ncn([C@@H]3O[C@@H]4COCC(O)O[C@@H]3[C@@H]4O)c2n1,False,C13H17N5O5,323.123,23
Cc1nc(N)c2ncn([C@@H]3O[C@H](CO)[C@@H](O)[C@H]3OC(=O)CO)c2n1,False,C13H17N5O6,339.1179,24
COC(=O)O[C@@H]1[C@H](O)[C@@H](CO)O[C@H]1n1cnc2c(N)nc(C)nc21,False,C13H17N5O6,339.1179,24
Cc1nc(N)c2ncn([C@@H]3O[C@H](CO)[C@@H](O)[C@H]3OC(O)CO)c2n1,False,C13H19N5O6,341.1335,24
CCc1nc(N)c2ncn([C@@H]3O[C@H](CO)[C@@H](O)[C@H]3OC(C)=O)c2n1,False,C14H19N5O5,337.1386,24
Nc1ncnc2c1ncn2[C@@H]1OC[C@@H](OP(=O)(O)O)[C@H]1O,False,C9H12N5O6P,317.0525,21
Nc1ncnc2c1ncn2[C@@H]1OC[C@@H](O)[C@H]1OP(=O)(O)O,False,C9H12N5O6P,317.0525,21
Nc1ncnc2c1ncn2[C@@H]1OC[C@@H](OS(=O)(=O)O)[C@H]1O,False,C9H11N5O6S,317.043,21
Nc1ncnc2c1ncn2[C@@H]1OC[C@@H](O)[C@H]1OS(=O)(=O)O,False,C9H11N5O6S,317.043,21
COC1O[C@]12O[C@@H](n1cnc3c(N)ncnc31)[C@H](O)[C@@H]2O,False,C11H13N5O5,295.0917,21
CC(=O)OC1O[C@]12O[C@@H](n1cnc3c(N)ncnc31)[C@H](O)[C@@H]2O,False,C12H13N5O6,323.0866,23
Nc1ncnc2c1ncn2[C@@H]1O[C@@](O)(C(O)O)[C@@H](O)[C@H]1O,False,C10H13N5O6,299.0866,21
Nc1ncnc2c1ncn2[C@@H]1O[C@@H]2O[C@]2(C(O)O)[C@H]1O,False,C10H11N5O5,281.076,20
Nc1ncnc2c1ncn2[C@@H]1O[C@@H]2O[C@H]2[C@@]1(O)C(O)O,False,C10H11N5O5,281.076,20
Nc1ncnc2c1ncn2[C@@]1(C(O)O)O[C@@H]2O[C@H]2[C@H]1O,False,C10H11N5O5,281.076,20
Nc1ncnc2c1nc(C(O)O)n2[C@@H]1O[C@@H]2O[C@H]2[C@H]1O,False,C10H11N5O5,281.076,20
Nc1nc(C(O)O)nc2c1ncn2[C@@H]1O[C@@H]2O[C@H]2[C@H]1O,False,C10H11N5O5,281.076,20
Nc1ncnc2c1ncn2[C@@H]1OC(C(O)O)=C[C@H]1O,False,C10H11N5O4,265.0811,19
Nc1ncnc2c1ncn2[C@@H]1O[C@@H]2O[C@@H]1[C@]2(O)C(O)O,False,C10H11N5O5,281.076,20
Nc1ncnc2c1ncn2[C@@H]1O[C@@H]2O[C@@]1(C(O)O)[C@@H]2O,False,C10H11N5O5,281.076,20
Nc1ncnc2c1ncn2[C@@]1(C(O)O)O[C@@H]2O[C@@H]1[C@@H]2O,False,C10H11N5O5,281.076,20
Nc1ncnc2c1nc(C(O)O)n2[C@@H]1O[C@@H]2O[C@@H]1[C@@H]2O,False,C10H11N5O5,281.076,20
Nc1nc(C(O)O)nc2c1ncn2[C@@H]1O[C@@H]2O[C@@H]1[C@@H]2O,False,C10H11N5O5,281.076,20
COC1O[C@]2(O)[C@@H]1O[C@@H](n1cnc3c(N)ncnc31)[C@@H]2O,False,C11H13N5O5,295.0917,21
CC(=O)OC1O[C@]2(O)[C@@H]1O[C@@H](n1cnc3c(N)ncnc31)[C@@H]2O,False,C12H13N5O6,323.0866,23
Nc1ncnc2c1ncn2[C@@H]1OC[C@@]2(O)O[C@]12C(O)O,False,C10H11N5O5,281.076,20
Nc1ncnc2c1nc(C(O)O)n2[C@@H]1OC[C@@]2(O)O[C@@H]12,False,C10H11N5O5,281.076,20
Nc1nc(C(O)O)nc2c1ncn2[C@@H]1OC[C@@]2(O)O[C@@H]12,False,C10H11N5O5,281.076,20
Nc1ncnc2c1ncn2[C@@H]1O[C@H](C(O)O)C(O)(O)[C@H]1O,False,C10H13N5O6,299.0866,21
COC1O[C@]2(O)[C@H](O)[C@@H]1O[C@H]2n1cnc2c(N)ncnc21,False,C11H13N5O5,295.0917,21
CC(=O)OC1O[C@]2(O)[C@H](O)[C@@H]1O[C@H]2n1cnc2c(N)ncnc21,False,C12H13N5O6,323.0866,23
Nc1ncnc2c1ncn2[C@@H]1OC[C@]2(C(O)O)O[C@@]12O,False,C10H11N5O5,281.076,20
Nc1ncnc2c1nc(C(O)O)n2[C@@H]1OC[C@H]2O[C@]21O,False,C10H11N5O5,281.076,20
Nc1nc(C(O)O)nc2c1ncn2[C@@H]1OC[C@H]2O[C@]21O,False,C10H11N5O5,281.076,20
Nc1ncnc2c1ncn2[C@@H]1O[C@H](C(O)O)[C@@H](O)C1(O)O,False,C10H13N5O6,299.0866,21
Nc1ncnc2c1ncn2[C@@]1(O)O[C@H](C=O)[C@@H](O)[C@H]1O,False,C10H11N5O5,281.076,20
COC1O[C@]2(n3cnc4c(N)ncnc43)O[C@H]1[C@@H](O)[C@H]2O,False,C11H13N5O5,295.0917,21
Nc1ncnc2c1ncn2[C@@]12OC(=O)[C@@H](O1)[C@@H](O)[C@H]2O,False,C10H9N5O5,279.0604,20
CC(=O)OC1O[C@]2(n3cnc4c(N)ncnc43)O[C@H]1[C@@H](O)[C@H]2O,False,C12H13N5O6,323.0866,23
Nc1ncnc2c1ncn2[C@@]12OC(F)[C@@H](O1)[C@@H](O)[C@H]2O,False,C10H10FN5O4,283.0717,20
Nc1ncnc2c1ncn2[C@]12OC[C@@H](O1)[C@@]2(O)C(O)O,False,C10H11N5O5,281.076,20
Nc1ncnc2c1ncn2[C@]12OC[C@](C(O)O)(O1)[C@H]2O,False,C10H11N5O5,281.076,20
Nc1ncnc2c1nc(C(O)O)n2[C@]12OC[C@@H](O1)[C@H]2O,False,C10H11N5O5,281.076,20
Nc1nc(C(O)O)nc2c1ncn2[C@]12OC[C@@H](O1)[C@H]2O,False,C10H11N5O5,281.076,20
Nc1ncnc2c1ncn2[C@@]12OC[C@@H](O)[C@]1(C(O)O)O2,False,C10H11N5O5,281.076,20
Nc1ncnc2c1ncn2[C@@]12OC[C@@](O)(C(O)O)[C@H]1O2,False,C10H11N5O5,281.076,20
Nc1ncnc2c1nc(C(O)O)n2[C@@]12OC[C@@H](O)[C@H]1O2,False,C10H11N5O5,281.076,20
Nc1nc(C(O)O)nc2c1ncn2[C@@]12OC[C@@H](O)[C@H]1O2,False,C10H11N5O5,281.076,20
Nc1ncnc2c1ncn2[C@@]1(O)O[C@H](C(O)O)[C@@H](O)[C@H]1O,False,C10H13N5O6,299.0866,21
COC1Oc2nc3c(N)ncnc3n2[C@@H]2O[C@H]1[C@@H](O)[C@H]2O,False,C11H13N5O5,295.0917,21
CC(=O)OC1Oc2nc3c(N)ncnc3n2[C@@H]2O[C@H]1[C@@H](O)[C@H]2O,False,C12H13N5O6,323.0866,23
Nc1ncnc2c1nc1n2[C@@H]2OC[C@@H](O1)[C@@]2(O)C(O)O,False,C10H11N5O5,281.076,20
Nc1ncnc2c1nc1n2[C@@H]2OC[C@](C(O)O)(O1)[C@H]2O,False,C10H11N5O5,281.076,20
Nc1nc(C(O)O)nc2c1nc1n2[C@@H]2OC[C@@H](O1)[C@H]2O,False,C10H11N5O5,281.076,20
Nc1ncnc2c1nc1n2[C@@H]2OC[C@@H](O)[C@]2(C(O)O)O1,False,C10H11N5O5,281.076,20
Nc1ncnc2c1nc1n2[C@@H]2OC[C@@](O)(C(O)O)[C@H]2O1,False,C10H11N5O5,281.076,20
Nc1nc(C(O)O)nc2c1nc1n2[C@@H]2OC[C@@H](O)[C@H]2O1,False,C10H11N5O5,281.076,20
COC1Oc2nc(N)c3ncn(c3n2)[C@@H]2O[C@H]1[C@@H](O)[C@H]2O,False,C11H13N5O5,295.0917,21
CC(=O)OC1Oc2nc(N)c3ncn(c3n2)[C@@H]2O[C@H]1[C@@H](O)[C@H]2O,False,C12H13N5O6,323.0866,23
Nc1nc2nc3c1nc(C(O)O)n3[C@@H]1OC[C@@H](O2)[C@H]1O,False,C10H11N5O5,281.076,20
Nc1nc2nc3c1ncn3[C@@H]1OC[C@@H](O2)[C@@]1(O)C(O)O,False,C10H11N5O5,281.076,20
Nc1nc2nc3c1ncn3[C@@H]1OC[C@](C(O)O)(O2)[C@H]1O,False,C10H11N5O5,281.076,20
Nc1nc2nc3c1nc(C(O)O)n3[C@@H]1OC[C@@H](O)[C@H]1O2,False,C10H11N5O5,281.076,20
Nc1nc2nc3c1ncn3[C@@H]1OC[C@@H](O)[C@]1(C(O)O)O2,False,C10H11N5O5,281.076,20
Nc1nc2nc3c1ncn3[C@@H]1OC[C@@](O)(C(O)O)[C@H]1O2,False,C10H11N5O5,281.076,20
N#C[C@@]1(C(O)O)O[C@@H](n2cnc3c(N)ncnc32)[C@H](O)[C@@H]1O,False,C11H12N6O5,308.0869,22
N#C[C@]1(O)[C@@H](C(O)O)O[C@@H](n2cnc3c(N)ncnc32)[C@@H]1O,False,C11H12N6O5,308.0869,22
N#C[C@]1(O)[C@H](O)[C@@H](C(O)O)O[C@H]1n1cnc2c(N)ncnc21,False,C11H12N6O5,308.0869,22
N#C[C@]1(n2cnc3c(N)ncnc32)O[C@H](C(O)O)[C@@H](O)[C@H]1O,False,C11H12N6O5,308.0869,22
N#Cc1nc2c(N)ncnc2n1[C@@H]1O[C@H](C(O)O)[C@@H](O)[C@H]1O,False,C11H12N6O5,308.0869,22
N#Cc1nc(N)c2ncn([C@@H]3O[C@H](C(O)O)[C@@H](O)[C@H]3O)c2n1,False,C11H12N6O5,308.0869,22
N#CC(=O)O,False,C2HNO2,71.0007,5
N#CC(O)(Cl)[C@H]1O[C@@H](n2cnc3c(N)ncnc32)[C@H](O)[C@@H]1O,False,C11H11ClN6O4,326.053,22
NC(=O)C(O)(O)[C@H]1O[C@@H](n2cnc3c(N)ncnc32)[C@H](O)[C@@H]1O,False,C11H14N6O6,326.0975,23
Nc1ncnc2c1ncn2[C@@H]1O[C@H](C(O)(O)C=NO)[C@@H](O)[C@H]1O,False,C11H14N6O6,326.0975,23
N#CC(O)(O)[C@]1(C#N)O[C@@H](n2cnc3c(N)ncnc32)[C@H](O)[C@@H]1O,False,C12H11N7O5,333.0822,24
N#CC(O)(O)[C@H]1O[C@@H](n2cnc3c(N)ncnc32)[C@H](O)[C@]1(O)C#N,False,C12H11N7O5,333.0822,24
N#CC(O)(O)[C@H]1O[C@@H](n2cnc3c(N)ncnc32)[C@](O)(C#N)[C@@H]1O,False,C12H11N7O5,333.0822,24
N#CC(O)(O)[C@H]1O[C@](C#N)(n2cnc3c(N)ncnc32)[C@H](O)[C@@H]1O,False,C12H11N7O5,333.0822,24
N#Cc1nc2c(N)ncnc2n1[C@@H]1O[C@H](C(O)(O)C#N)[C@@H](O)[C@H]1O,False,C12H11N7O5,333.0822,24
N#Cc1nc(N)c2ncn([C@@H]3O[C@H](C(O)(O)C#N)[C@@H](O)[C@H]3O)c2n1,False,C12H11N7O5,333.0822,24
NC1=Nc2ncnc3c2ncn3[C@@H]2O[C@H]1[C@@H](O)[C@H]2O,False,C10H10N6O3,262.0814,19
Nc1ncnc2c1ncn2[C@@H]1O[C@]2(C(N)O)O[C@H]2[C@H]1O,False,C10H12N6O4,280.092,20
Nc1ncnc2c1ncn2[C@@H]1O[C@]2(C(N)O)O[C@@H]1[C@@H]2O,False,C10H12N6O4,280.092,20
Nc1ncnc2c1ncn2[C@@H]1O[C@H](C(N)O)[C@@]2(O)O[C@@H]12,False,C10H12N6O4,280.092,20
Nc1ncnc2c1ncn2[C@@H]1O[C@H](C(N)O)[C@H]2O[C@]21O,False,C10H12N6O4,280.092,20
Nc1ncnc2c1ncn2[C@@]12O[C@H]([C@@H](C(N)O)O1)[C@H]2O,False,C10H12N6O4,280.092,20
Nc1ncnc2c1ncn2[C@@]12O[C@H](C(N)O)[C@@H](O)[C@H]1O2,False,C10H12N6O4,280.092,20
Nc1ncnc2c1nc1n2[C@@H]2O[C@H](C(N)O)[C@@H](O1)[C@H]2O,False,C10H12N6O4,280.092,20
Nc1ncnc2c1nc1n2[C@@H]2O[C@H](C(N)O)[C@@H](O)[C@H]2O1,False,C10H12N6O4,280.092,20
Nc1nc2nc3c1ncn3[C@@H]1O[C@H](C(N)O)[C@@H](O2)[C@H]1O,False,C10H12N6O4,280.092,20
Nc1nc2nc3c1ncn3[C@@H]1O[C@H](C(N)O)[C@@H](O)[C@H]1O2,False,C10H12N6O4,280.092,20
O=C1Nc2ncnc3c2ncn3[C@@H]2O[C@H]1[C@@H](O)[C@H]2O,False,C10H9N5O4,263.0655,19
Nc1ncnc2c1ncn2[C@@H]1O[C@H](C(N)O)[C@@H](O)[C@H]1O,False,C10H14N6O4,282.1077,20
CNC(=O)[C@H]1O[C@@H](n2cnc3c(N)ncnc32)[C@H](O)[C@@H]1O,False,C11H14N6O4,294.1077,21
N#CC(N)(O)[C@H]1O[C@@H](n2cnc3c(N)ncnc32)[C@H](O)[C@@H]1O,False,C11H13N7O4,307.1029,22
