SMILES,Is_Starter,SourceDirectories
C1=NC(=C2C(=N1)N(C=N2)[C@H]3[C@@H]([C@@H]([C@H](O3)CO)O)O)N,True,AdenosineOnly
Nc1ncnc2c1ncn2[C@@H]1O[C@H](COP(=O)(O)OP(=O)(O)OP(=O)(O)O)[C@@H](O)[C@H]1O,False,AdenosineOnly
Nc1ncnc2c1ncn2[C@@H]1O[C@H](COP(=O)(O)O)[C@@H](O)[C@H]1O,False,AdenosineOnly
Cc1cc2nc3c(=O)[nH]c(=O)nc-3n(C[C@H](O)[C@H](O)[C@H](O)COP(=O)(O)OP(=O)(O)OC[C@H]3O[C@@H](n4cnc5c(N)ncnc54)[C@H](O)[C@@H]3O)c2cc1C,False,AdenosineOnly
Cc1cc2c(cc1C)N(C[C@H](O)[C@H](O)[C@H](O)COP(=O)(O)OP(=O)(O)OC[C@H]1O[C@@H](n3cnc4c(N)ncnc43)[C@H](O)[C@@H]1O)c1[nH]c(=O)[nH]c(=O)c1N2,False,AdenosineOnly
Nc1ncnc2c1ncn2[C@@H]1O[C@H](COP(=O)(O)OP(=O)(O)O)[C@@H](O)[C@H]1O,False,AdenosineOnly
NC(=O)c1ccc[n+]([C@@H]2O[C@H](COP(=O)(O)OP(=O)(O)OC[C@H]3O[C@@H](n4cnc5c(N)ncnc54)[C@H](OP(=O)(O)O)[C@@H]3O)[C@@H](O)[C@H]2O)c1,False,AdenosineOnly
NC(=O)C1=CN([C@@H]2O[C@H](COP(=O)(O)OP(=O)(O)OC[C@H]3O[C@@H](n4cnc5c(N)ncnc54)[C@H](OP(=O)(O)O)[C@@H]3O)[C@@H](O)[C@H]2O)C=CC1,False,AdenosineOnly
Nc1ncnc2c1ncn2[C@@H]1O[C@H](COP(=O)(O)OS(=O)(=O)O)[C@@H](OP(=O)(O)O)[C@H]1O,False,AdenosineOnly
Nc1ncnc2c1ncn2[C@@H]1O[C@H](COP(=O)(O)O)[C@@H](OP(=O)(O)O)[C@H]1O,False,AdenosineOnly
C[S+](CC[C@H](N)C(=O)O)C[C@H]1O[C@@H](n2cnc3c(N)ncnc32)[C@H](O)[C@@H]1O,False,AdenosineOnly
Nc1ncnc2c1ncn2[C@@H]1O[C@H](CSCC[C@H](N)C(=O)O)[C@@H](O)[C@H]1O,False,AdenosineOnly
O=c1ccn([C@@H]2O[C@H](COP(=O)(O)OP(=O)(O)O[C@H]3O[C@H](CO)[C@@H](O)[C@H](O)[C@H]3O)[C@@H](O)[C@H]2O)c(=O)[nH]1,False,AdenosineOnly
O=c1ccn([C@@H]2O[C@H](COP(=O)(O)OP(=O)(O)O)[C@@H](O)[C@H]2O)c(=O)[nH]1,False,AdenosineOnly
*c1c(*)c(O)c(*)c(*)c1O,False,AdenosineOnly
*C1=C(*)C(=O)C(*)=C(*)C1=O,False,AdenosineOnly
CC(C)=CCOP(=O)(O)OP(=O)(O)O,False,AdenosineOnly
*C(=O)CC[C@H](NC(=O)c1ccc(N(C=O)C[C@H]2CNc3nc(N)[nH]c(=O)c3N2)cc1)C(=O)O,False,AdenosineOnly
*C(=O)CC[C@H](NC(=O)c1ccc(NC[C@H]2CNc3nc(N)[nH]c(=O)c3N2)cc1)C(=O)O,False,AdenosineOnly
[O]C1=C(O)C(=O)O[C@@H]1[C@@H](O)CO,False,AdenosineOnly
O=C1O[C@H]([C@@H](O)CO)C(O)=C1O,False,AdenosineOnly
*C(=O)[C@H](C)OP(=O)(O)OC[C@@H](O)[C@@H](O)[C@@H](O)Cn1c2nc(=O)[nH]c(=O)c-2cc2ccc(O)cc21,False,AdenosineOnly
*C(=O)[C@H](C)OP(=O)(O)OC[C@@H](O)[C@@H](O)[C@@H](O)CN1c2cc(O)ccc2Cc2c1[nH]c(=O)[nH]c2=O,False,AdenosineOnly
CC(=O)SCCNC(=O)CCNC(=O)[C@H](O)C(C)(C)COP(=O)(O)OP(=O)(O)OC[C@H]1O[C@@H](n2cnc3c(N)ncnc32)[C@H](O)[C@@H]1OP(=O)(O)O,False,AdenosineOnly
C#[O+],False,AdenosineOnly
CC(C)(COP(=O)(O)OP(=O)(O)OC[C@H]1O[C@@H](n2cnc3c(N)ncnc32)[C@H](O)[C@@H]1OP(=O)(O)O)[C@@H](O)C(=O)NCCC(=O)NCCS,False,AdenosineOnly
F,False,AdenosineOnly
Nc1ncnc2c1ncn2[C@@H]1O[C@H](CO)[C@@H](O)[C@H]1O,False,AdenosineOnly
Nc1ncnc2c1ncn2[C@@]1(CO)OC[C@@H](O)[C@H]1O,False,AdenosineOnly
Nc1ncnc2c1ncn2[C@@H]1O[C@H](C=O)[C@@H](O)[C@H]1O,False,AdenosineOnly
COC[C@H]1O[C@@H](n2cnc3c(N)ncnc32)[C@H](O)[C@@H]1O,False,AdenosineOnly
CO[C@H]1[C@@H](O)[C@H](n2cnc3c(N)ncnc32)O[C@@H]1CO,False,AdenosineOnly
CO[C@@H]1[C@H](O)[C@@H](CO)O[C@H]1n1cnc2c(N)ncnc21,False,AdenosineOnly
CC(=O)Nc1ncnc2c1ncn2[C@@H]1O[C@H](CO)[C@@H](O)[C@H]1O,False,AdenosineOnly
CC(=O)OC[C@H]1O[C@@H](n2cnc3c(N)ncnc32)[C@H](O)[C@@H]1O,False,AdenosineOnly
CC(=O)O[C@H]1[C@@H](O)[C@H](n2cnc3c(N)ncnc32)O[C@@H]1CO,False,AdenosineOnly
CC(=O)O[C@@H]1[C@H](O)[C@@H](CO)O[C@H]1n1cnc2c(N)ncnc21,False,AdenosineOnly
C[C@H]1O[C@@H](n2cnc3c(N)ncnc32)[C@H](O)[C@@H]1O,False,AdenosineOnly
Nc1ncnc2c1ncn2[C@@H]1O[C@H](C(=O)O)[C@@H](O)[C@H]1O,False,AdenosineOnly
Nc1ncnc2c1ncn2[C@@H]1OC(CO)[C@@H](O)[C@H]1O,False,AdenosineOnly
Nc1ncnc2c1ncn2[C@@]1(C=O)OC[C@@H](O)[C@H]1O,False,AdenosineOnly
COC[C@]1(n2cnc3c(N)ncnc32)OC[C@@H](O)[C@H]1O,False,AdenosineOnly
CO[C@@H]1[C@H](O)CO[C@]1(CO)n1cnc2c(N)ncnc21,False,AdenosineOnly
CO[C@@H]1CO[C@](CO)(n2cnc3c(N)ncnc32)[C@@H]1O,False,AdenosineOnly
CC(=O)Nc1ncnc2c1ncn2[C@@]1(CO)OC[C@@H](O)[C@H]1O,False,AdenosineOnly
CC(=O)OC[C@]1(n2cnc3c(N)ncnc32)OC[C@@H](O)[C@H]1O,False,AdenosineOnly
CC(=O)O[C@@H]1[C@H](O)CO[C@]1(CO)n1cnc2c(N)ncnc21,False,AdenosineOnly
CC(=O)O[C@@H]1CO[C@](CO)(n2cnc3c(N)ncnc32)[C@@H]1O,False,AdenosineOnly
C[C@]1(n2cnc3c(N)ncnc32)OC[C@@H](O)[C@H]1O,False,AdenosineOnly
Nc1ncnc2c1ncn2[C@@]1(C(=O)O)OC[C@@H](O)[C@H]1O,False,AdenosineOnly
O[C@@H]1[C@H](O)[C@H]2C=Nc3ncnc4c3ncn4[C@@H]1O2,False,AdenosineOnly
Nc1ncnc2c1ncn2[C@@H]1O[C@]2(CO)O[C@H]2[C@H]1O,False,AdenosineOnly
Nc1ncnc2c1ncn2[C@@H]1O[C@]2(CO)O[C@@H]1[C@@H]2O,False,AdenosineOnly
Nc1ncnc2c1ncn2[C@@H]1O[C@H](CO)[C@@]2(O)O[C@@H]12,False,AdenosineOnly
Nc1ncnc2c1ncn2[C@@H]1O[C@H](CO)[C@H]2O[C@]21O,False,AdenosineOnly
Nc1ncnc2c1ncn2[C@]12O[C@@H]([C@H]1O)[C@@H](CO)O2,False,AdenosineOnly
Nc1ncnc2c1ncn2[C@]12O[C@@H]1[C@H](O)[C@@H](CO)O2,False,AdenosineOnly
Nc1ncnc2c1nc1n2[C@@H]2O[C@H](CO)[C@@H](O1)[C@H]2O,False,AdenosineOnly
Nc1ncnc2c1nc1n2[C@@H]2O[C@H](CO)[C@@H](O)[C@H]2O1,False,AdenosineOnly
Nc1nc2nc3c1ncn3[C@@H]1O[C@H](CO)[C@@H](O2)[C@H]1O,False,AdenosineOnly
Nc1nc2nc3c1ncn3[C@@H]1O[C@H](CO)[C@@H](O)[C@H]1O2,False,AdenosineOnly
CO[C@H]1[C@@H](O)[C@H](n2cnc3c(N)ncnc32)O[C@@H]1C=O,False,AdenosineOnly
CO[C@@H]1[C@H](O)[C@@H](C=O)O[C@H]1n1cnc2c(N)ncnc21,False,AdenosineOnly
CC(=O)Nc1ncnc2c1ncn2[C@@H]1O[C@H](C=O)[C@@H](O)[C@H]1O,False,AdenosineOnly
CC(=O)O[C@H]1[C@@H](O)[C@H](n2cnc3c(N)ncnc32)O[C@@H]1C=O,False,AdenosineOnly
CC(=O)O[C@@H]1[C@H](O)[C@@H](C=O)O[C@H]1n1cnc2c(N)ncnc21,False,AdenosineOnly
N#CC(O)[C@H]1O[C@@H](n2cnc3c(N)ncnc32)[C@H](O)[C@@H]1O,False,AdenosineOnly
COC[C@H]1O[C@@H](n2cnc3c(N)ncnc32)[C@H](O)[C@@H]1OC,False,AdenosineOnly
COC[C@H]1O[C@@H](n2cnc3c(N)ncnc32)[C@H](OC)[C@@H]1O,False,AdenosineOnly
COC[C@H]1O[C@@H](n2cnc3c(NC(C)=O)ncnc32)[C@H](O)[C@@H]1O,False,AdenosineOnly
COC[C@H]1O[C@@H](n2cnc3c(N)ncnc32)[C@H](O)[C@@H]1OC(C)=O,False,AdenosineOnly
COC[C@H]1O[C@@H](n2cnc3c(N)ncnc32)[C@H](OC(C)=O)[C@@H]1O,False,AdenosineOnly
Nc1ncnc2c1ncn2[C@@H]1O[C@H](COC=O)[C@@H](O)[C@H]1O,False,AdenosineOnly
COC(=O)[C@H]1O[C@@H](n2cnc3c(N)ncnc32)[C@H](O)[C@@H]1O,False,AdenosineOnly
CO[C@@H]1[C@H](OC)[C@@H](CO)O[C@H]1n1cnc2c(N)ncnc21,False,AdenosineOnly
CO[C@H]1[C@@H](O)[C@H](n2cnc3c(NC(C)=O)ncnc32)O[C@@H]1CO,False,AdenosineOnly
CO[C@H]1[C@@H](O)[C@H](n2cnc3c(N)ncnc32)O[C@@H]1COC(C)=O,False,AdenosineOnly
CO[C@H]1[C@@H](OC(C)=O)[C@H](n2cnc3c(N)ncnc32)O[C@@H]1CO,False,AdenosineOnly
CO[C@H]1[C@@H](O)[C@H](n2cnc3c(N)ncnc32)O[C@@H]1C,False,AdenosineOnly
Nc1ncnc2c1ncn2[C@@H]1O[C@H](CO)[C@@H](OC=O)[C@H]1O,False,AdenosineOnly
CO[C@H]1[C@@H](O)[C@H](n2cnc3c(N)ncnc32)O[C@@H]1C(=O)O,False,AdenosineOnly
CO[C@@H]1[C@H](O)[C@@H](CO)O[C@H]1n1cnc2c(NC(C)=O)ncnc21,False,AdenosineOnly
CO[C@@H]1[C@H](O)[C@@H](COC(C)=O)O[C@H]1n1cnc2c(N)ncnc21,False,AdenosineOnly
CO[C@@H]1[C@H](OC(C)=O)[C@@H](CO)O[C@H]1n1cnc2c(N)ncnc21,False,AdenosineOnly
CO[C@@H]1[C@H](O)[C@@H](C)O[C@H]1n1cnc2c(N)ncnc21,False,AdenosineOnly
Nc1ncnc2c1ncn2[C@@H]1O[C@H](CO)[C@@H](O)[C@H]1OC=O,False,AdenosineOnly
CO[C@@H]1[C@H](O)[C@@H](C(=O)O)O[C@H]1n1cnc2c(N)ncnc21,False,AdenosineOnly
Cc1nc(NC=O)c2ncn([C@@H]3O[C@H](CO)[C@@H](O)[C@H]3O)c2n1,False,AdenosineOnly
Cc1nc2c(NC=O)ncnc2n1[C@@H]1O[C@H](CO)[C@@H](O)[C@H]1O,False,AdenosineOnly
C[C@]1(n2cnc3c(NC=O)ncnc32)O[C@H](CO)[C@@H](O)[C@H]1O,False,AdenosineOnly
C[C@]1(O)[C@H](O)[C@@H](CO)O[C@H]1n1cnc2c(NC=O)ncnc21,False,AdenosineOnly
C[C@]1(O)[C@@H](CO)O[C@@H](n2cnc3c(NC=O)ncnc32)[C@@H]1O,False,AdenosineOnly
C[C@@]1(CO)O[C@@H](n2cnc3c(NC=O)ncnc32)[C@H](O)[C@@H]1O,False,AdenosineOnly
CC(O)[C@H]1O[C@@H](n2cnc3c(NC=O)ncnc32)[C@H](O)[C@@H]1O,False,AdenosineOnly
OC[C@H]1O[C@@H]2[C@H](OCC(O)Nc3ncnc4c3ncn42)[C@@H]1O,False,AdenosineOnly
OC[C@H]1O[C@@H]2[C@H](O)[C@@H]1OCC(O)Nc1ncnc3c1ncn32,False,AdenosineOnly
OC1COC[C@H]2O[C@H]([C@H](O)[C@@H]2O)n2cnc3c(ncnc32)N1,False,AdenosineOnly
CC(O)Nc1nc2nc3c1ncn3[C@@H]1O[C@H](CO)[C@@H](O)[C@H]1O2,False,AdenosineOnly
CC(O)Nc1nc2nc3c1ncn3[C@@H]1O[C@H](CO)[C@@H](O2)[C@H]1O,False,AdenosineOnly
CC(O)Nc1nc2nc3c1ncn3[C@@H]1O[C@H](CO2)[C@@H](O)[C@H]1O,False,AdenosineOnly
CC(O)Nc1ncnc2c1nc1n2[C@@H]2O[C@H](CO)[C@@H](O)[C@H]2O1,False,AdenosineOnly
CC(O)Nc1ncnc2c1nc1n2[C@@H]2O[C@H](CO)[C@@H](O1)[C@H]2O,False,AdenosineOnly
CC(O)Nc1ncnc2c1nc1n2[C@@H]2O[C@H](CO1)[C@@H](O)[C@H]2O,False,AdenosineOnly
CC(O)Nc1ncnc2c1ncn2[C@]12O[C@@H]1[C@H](O)[C@@H](CO)O2,False,AdenosineOnly
CC(O)Nc1ncnc2c1ncn2[C@]12O[C@@H]([C@H]1O)[C@@H](CO)O2,False,AdenosineOnly
CC(O)Nc1ncnc2c1ncn2[C@@]12OC[C@@H](O1)[C@@H](O)[C@H]2O,False,AdenosineOnly
CC(O)Nc1ncnc2c1ncn2[C@@H]1O[C@H](CO)[C@H]2O[C@]21O,False,AdenosineOnly
CC(O)Nc1ncnc2c1ncn2[C@@H]1O[C@@H]2CO[C@]1(O)[C@@H]2O,False,AdenosineOnly
CC(O)Nc1ncnc2c1ncn2[C@@H]1O[C@H](CO)[C@@]2(O)O[C@@H]12,False,AdenosineOnly
CC(O)Nc1ncnc2c1ncn2[C@@H]1O[C@@H]2CO[C@@]2(O)[C@H]1O,False,AdenosineOnly
CC(O)Nc1ncnc2c1ncn2[C@@H]1O[C@]2(CO)O[C@@H]1[C@@H]2O,False,AdenosineOnly
CC(O)Nc1ncnc2c1ncn2[C@@H]1O[C@]2(CO)O[C@H]2[C@H]1O,False,AdenosineOnly
CC(O)Nc1ncnc2c1ncn2[C@@H]1O[C@@]2(CO2)[C@@H](O)[C@H]1O,False,AdenosineOnly
CC(O)Nc1ncnc2c1ncn2[C@@H]1O[C@@H]2C(O)O[C@@H]1[C@@H]2O,False,AdenosineOnly
CC(O)Nc1ncnc2c1ncn2[C@@H]1O[C@@H]2C(O)O[C@H]2[C@H]1O,False,AdenosineOnly
CC(O)Nc1ncnc2c1ncn2[C@@H]1O[C@H](CO)[C@@H](O)[C@H]1O,False,AdenosineOnly
CC(=O)N(C)c1ncnc2c1ncn2[C@@H]1O[C@H](CO)[C@@H](O)[C@H]1O,False,AdenosineOnly
CCC(=O)Nc1ncnc2c1ncn2[C@@H]1O[C@H](CO)[C@@H](O)[C@H]1O,False,AdenosineOnly
CC(=O)N(C(C)=O)c1ncnc2c1ncn2[C@@H]1O[C@H](CO)[C@@H](O)[C@H]1O,False,AdenosineOnly
CC(=O)Nc1ncnc2c1ncn2[C@@H]1O[C@H](COC(C)=O)[C@@H](O)[C@H]1O,False,AdenosineOnly
CC(=O)Nc1ncnc2c1ncn2[C@@H]1O[C@H](CO)[C@@H](O)[C@H]1OC(C)=O,False,AdenosineOnly
CC(=O)Nc1ncnc2c1ncn2[C@@H]1O[C@H](CO)[C@@H](OC(C)=O)[C@H]1O,False,AdenosineOnly
CC(O)(C#N)Nc1ncnc2c1ncn2[C@@H]1O[C@H](CO)[C@@H](O)[C@H]1O,False,AdenosineOnly
CC(N)Nc1ncnc2c1ncn2[C@@H]1O[C@H](CO)[C@@H](O)[C@H]1O,False,AdenosineOnly
CC(=O)N(C(N)=O)c1ncnc2c1ncn2[C@@H]1O[C@H](CO)[C@@H](O)[C@H]1O,False,AdenosineOnly
O=C(CO)Nc1ncnc2c1ncn2[C@@H]1O[C@H](CO)[C@@H](O)[C@H]1O,False,AdenosineOnly
COC(=O)Nc1ncnc2c1ncn2[C@@H]1O[C@H](CO)[C@@H](O)[C@H]1O,False,AdenosineOnly
CC(=O)OP(=O)(O)O,False,AdenosineOnly
OCC(O)Nc1ncnc2c1ncn2[C@@H]1O[C@H](CO)[C@@H](O)[C@H]1O,False,AdenosineOnly
CC(=O)Nc1ncnc2c1ncn2[C@@H]1O[C@H](C)[C@@H](O)[C@H]1O,False,AdenosineOnly
CC(=O)Nc1ncnc2c1ncn2[C@@H]1O[C@H](C(=O)O)[C@@H](O)[C@H]1O,False,AdenosineOnly
O=CNc1ncnc2c1ncn2[C@@H]1O[C@H](CO)[C@@H](O)[C@H]1O,False,AdenosineOnly
CC(=O)Nc1nc(C)nc2c1ncn2[C@@H]1O[C@H](CO)[C@@H](O)[C@H]1O,False,AdenosineOnly
CC(=O)Nc1ncnc2c1nc(C)n2[C@@H]1O[C@H](CO)[C@@H](O)[C@H]1O,False,AdenosineOnly
CC(=O)Nc1ncnc2c1ncn2[C@@]1(C)O[C@H](CO)[C@@H](O)[C@H]1O,False,AdenosineOnly
CC(=O)Nc1ncnc2c1ncn2[C@@H]1O[C@H](CO)[C@@H](O)[C@]1(C)O,False,AdenosineOnly
CC(=O)Nc1ncnc2c1ncn2[C@@H]1O[C@H](CO)[C@](C)(O)[C@H]1O,False,AdenosineOnly
CC(=O)Nc1ncnc2c1ncn2[C@@H]1O[C@@](C)(CO)[C@@H](O)[C@H]1O,False,AdenosineOnly
CC(=O)Nc1ncnc2c1ncn2[C@@H]1O[C@H](C(C)O)[C@@H](O)[C@H]1O,False,AdenosineOnly
CC(OC=O)[C@H]1O[C@@H](n2cnc3c(N)ncnc32)[C@H](O)[C@@H]1O,False,AdenosineOnly
C[C@@]1(COC=O)O[C@@H](n2cnc3c(N)ncnc32)[C@H](O)[C@@H]1O,False,AdenosineOnly
C[C@]1(O)[C@@H](COC=O)O[C@@H](n2cnc3c(N)ncnc32)[C@@H]1O,False,AdenosineOnly
C[C@]1(O)[C@H](O)[C@@H](COC=O)O[C@H]1n1cnc2c(N)ncnc21,False,AdenosineOnly
C[C@]1(n2cnc3c(N)ncnc32)O[C@H](COC=O)[C@@H](O)[C@H]1O,False,AdenosineOnly
Cc1nc2c(N)ncnc2n1[C@@H]1O[C@H](COC=O)[C@@H](O)[C@H]1O,False,AdenosineOnly
Cc1nc(N)c2ncn([C@@H]3O[C@H](COC=O)[C@@H](O)[C@H]3O)c2n1,False,AdenosineOnly
CC1=Nc2ncnc3c2ncn3[C@@H]2O[C@H](CO1)[C@@H](O)[C@H]2O,False,AdenosineOnly
Nc1ncnc2c1ncn2[C@@H]1O[C@@H]2COC(O)CO[C@H]2[C@H]1O,False,AdenosineOnly
Nc1ncnc2c1ncn2[C@@H]1O[C@@H]2COC(O)CO[C@@H]1[C@@H]2O,False,AdenosineOnly
CC(O)OC1O[C@H]2[C@@H](O)[C@H](n3cnc4c(N)ncnc43)O[C@H]12,False,AdenosineOnly
CC(O)OC1O[C@@H]2[C@H](O)[C@@H]1O[C@H]2n1cnc2c(N)ncnc21,False,AdenosineOnly
CC(O)OC[C@]12O[C@@H](n3cnc4c(N)ncnc43)[C@H](O)[C@@H]1O2,False,AdenosineOnly
CC(O)OC[C@]12O[C@@H]([C@H](n3cnc4c(N)ncnc43)O1)[C@@H]2O,False,AdenosineOnly
CC(O)OC[C@H]1O[C@@H](n2cnc3c(N)ncnc32)[C@@H]2O[C@]12O,False,AdenosineOnly
CC(O)OC[C@H]1O[C@@H](n2cnc3c(N)ncnc32)[C@]2(O)O[C@H]12,False,AdenosineOnly
CC(O)OC[C@H]1O[C@@]2(n3cnc4c(N)ncnc43)O[C@H]1[C@H]2O,False,AdenosineOnly
CC(O)OC[C@H]1O[C@@]2(n3cnc4c(N)ncnc43)O[C@@H]2[C@@H]1O,False,AdenosineOnly
CC(O)OC[C@H]1O[C@@H]2[C@H](O)[C@@H]1Oc1nc3c(N)ncnc3n12,False,AdenosineOnly
CC(O)OC[C@H]1O[C@@H]2[C@H](Oc3nc4c(N)ncnc4n32)[C@@H]1O,False,AdenosineOnly
CC(O)OC[C@H]1O[C@@H]2[C@H](O)[C@@H]1Oc1nc(N)c3ncn2c3n1,False,AdenosineOnly
CC(O)OC[C@H]1O[C@@H]2[C@H](Oc3nc(N)c4ncn2c4n3)[C@@H]1O,False,AdenosineOnly
CC(O)OC[C@H]1O[C@@H](n2cnc3c(N)ncnc32)[C@H](O)[C@@H]1O,False,AdenosineOnly
CCOC[C@H]1O[C@@H](n2cnc3c(N)ncnc32)[C@H](O)[C@@H]1O,False,AdenosineOnly
CCC(=O)OC[C@H]1O[C@@H](n2cnc3c(N)ncnc32)[C@H](O)[C@@H]1O,False,AdenosineOnly
CC(=O)OC[C@H]1O[C@@H](n2cnc3c(N)ncnc32)[C@H](O)[C@@H]1OC(C)=O,False,AdenosineOnly
CC(=O)OC[C@H]1O[C@@H](n2cnc3c(N)ncnc32)[C@H](OC(C)=O)[C@@H]1O,False,AdenosineOnly
CC(O)(C#N)OC[C@H]1O[C@@H](n2cnc3c(N)ncnc32)[C@H](O)[C@@H]1O,False,AdenosineOnly
CC(N)OC[C@H]1O[C@@H](n2cnc3c(N)ncnc32)[C@H](O)[C@@H]1O,False,AdenosineOnly
Nc1ncnc2c1ncn2[C@@H]1O[C@H](COC(=O)CO)[C@@H](O)[C@H]1O,False,AdenosineOnly
COC(=O)OC[C@H]1O[C@@H](n2cnc3c(N)ncnc32)[C@H](O)[C@@H]1O,False,AdenosineOnly
Nc1ncnc2c1ncn2[C@@H]1O[C@H](COC(O)CO)[C@@H](O)[C@H]1O,False,AdenosineOnly
CC(=O)C[C@H]1O[C@@H](n2cnc3c(N)ncnc32)[C@H](O)[C@@H]1O,False,AdenosineOnly
CC(=O)OC(=O)[C@H]1O[C@@H](n2cnc3c(N)ncnc32)[C@H](O)[C@@H]1O,False,AdenosineOnly
CC(=O)OC(C)[C@H]1O[C@@H](n2cnc3c(N)ncnc32)[C@H](O)[C@@H]1O,False,AdenosineOnly
CC(=O)OC[C@]1(C)O[C@@H](n2cnc3c(N)ncnc32)[C@H](O)[C@@H]1O,False,AdenosineOnly
CC(=O)OC[C@H]1O[C@@H](n2cnc3c(N)ncnc32)[C@H](O)[C@@]1(C)O,False,AdenosineOnly
CC(=O)OC[C@H]1O[C@@H](n2cnc3c(N)ncnc32)[C@@](C)(O)[C@@H]1O,False,AdenosineOnly
CC(=O)OC[C@H]1O[C@](C)(n2cnc3c(N)ncnc32)[C@H](O)[C@@H]1O,False,AdenosineOnly
CC(=O)OC[C@H]1O[C@@H](n2c(C)nc3c(N)ncnc32)[C@H](O)[C@@H]1O,False,AdenosineOnly
CC(=O)OC[C@H]1O[C@@H](n2cnc3c(N)nc(C)nc32)[C@H](O)[C@@H]1O,False,AdenosineOnly
C[C@]1(OC=O)[C@@H](CO)O[C@@H](n2cnc3c(N)ncnc32)[C@@H]1O,False,AdenosineOnly
C[C@]1(O)[C@H](OC=O)[C@@H](CO)O[C@H]1n1cnc2c(N)ncnc21,False,AdenosineOnly
C[C@@]1(CO)O[C@@H](n2cnc3c(N)ncnc32)[C@H](O)[C@@H]1OC=O,False,AdenosineOnly
C[C@]1(n2cnc3c(N)ncnc32)O[C@H](CO)[C@@H](OC=O)[C@H]1O,False,AdenosineOnly
CC(O)[C@H]1O[C@@H](n2cnc3c(N)ncnc32)[C@H](O)[C@@H]1OC=O,False,AdenosineOnly
Cc1nc2c(N)ncnc2n1[C@@H]1O[C@H](CO)[C@@H](OC=O)[C@H]1O,False,AdenosineOnly
Cc1nc(N)c2ncn([C@@H]3O[C@H](CO)[C@@H](OC=O)[C@H]3O)c2n1,False,AdenosineOnly
CC1=Nc2ncnc3c2ncn3[C@@H]2O[C@H](CO)[C@@H](O1)[C@H]2O,False,AdenosineOnly
Nc1ncnc2c1ncn2[C@@H]1O[C@H](CO)[C@H]2OC(O)CO[C@H]21,False,AdenosineOnly
Nc1ncnc2c1ncn2[C@@H]1O[C@@H]2COCC(O)O[C@H]2[C@H]1O,False,AdenosineOnly
CC(O)O[C@]12O[C@H]1[C@H](n1cnc3c(N)ncnc31)O[C@@H]2CO,False,AdenosineOnly
CC(O)O[C@@]12OC[C@H]1O[C@@H](n1cnc3c(N)ncnc31)[C@@H]2O,False,AdenosineOnly
CC(O)O[C@@H]1[C@H]2CO[C@@]1(O)[C@H](n1cnc3c(N)ncnc31)O2,False,AdenosineOnly
CC(O)O[C@H]1[C@H]2O[C@@]1(CO)O[C@H]2n1cnc2c(N)ncnc21,False,AdenosineOnly
CC(O)O[C@H]1[C@@H](O)[C@H](n2cnc3c(N)ncnc32)O[C@@]12CO2,False,AdenosineOnly
CC(O)O[C@H]1[C@H]2O[C@]2(n2cnc3c(N)ncnc32)O[C@@H]1CO,False,AdenosineOnly
CC(O)O[C@H]1[C@@H](O)[C@]2(n3cnc4c(N)ncnc43)OC[C@H]1O2,False,AdenosineOnly
CC(O)O[C@H]1[C@H]2OC(O)[C@H]1O[C@H]2n1cnc2c(N)ncnc21,False,AdenosineOnly
CC(O)O[C@H]1[C@H]2Oc3nc4c(N)ncnc4n3[C@@H]2O[C@@H]1CO,False,AdenosineOnly
CC(O)O[C@H]1[C@@H](O)[C@H]2O[C@@H]1COc1nc3c(N)ncnc3n12,False,AdenosineOnly
CC(O)O[C@H]1[C@H]2Oc3nc(N)c4ncn(c4n3)[C@@H]2O[C@@H]1CO,False,AdenosineOnly
CC(O)O[C@H]1[C@@H](O)[C@H]2O[C@@H]1COc1nc(N)c3ncn2c3n1,False,AdenosineOnly
CC(O)O[C@H]1[C@@H](O)[C@H](n2cnc3c(N)ncnc32)O[C@@H]1CO,False,AdenosineOnly
CCO[C@H]1[C@@H](O)[C@H](n2cnc3c(N)ncnc32)O[C@@H]1CO,False,AdenosineOnly
CCC(=O)O[C@H]1[C@@H](O)[C@H](n2cnc3c(N)ncnc32)O[C@@H]1CO,False,AdenosineOnly
CC(=O)O[C@@H]1[C@H](OC(C)=O)[C@@H](CO)O[C@H]1n1cnc2c(N)ncnc21,False,AdenosineOnly
CC(O)(C#N)O[C@H]1[C@@H](O)[C@H](n2cnc3c(N)ncnc32)O[C@@H]1CO,False,AdenosineOnly
CC(N)O[C@H]1[C@@H](O)[C@H](n2cnc3c(N)ncnc32)O[C@@H]1CO,False,AdenosineOnly
Nc1ncnc2c1ncn2[C@@H]1O[C@H](CO)[C@@H](OC(=O)CO)[C@H]1O,False,AdenosineOnly
COC(=O)O[C@H]1[C@@H](O)[C@H](n2cnc3c(N)ncnc32)O[C@@H]1CO,False,AdenosineOnly
Nc1ncnc2c1ncn2[C@@H]1O[C@H](CO)[C@@H](OC(O)CO)[C@H]1O,False,AdenosineOnly
CC(=O)O[C@H]1[C@@H](O)[C@H](n2cnc3c(N)ncnc32)O[C@@H]1C,False,AdenosineOnly
CC(=O)[C@H]1[C@@H](O)[C@H](n2cnc3c(N)ncnc32)O[C@@H]1CO,False,AdenosineOnly
CC(=O)O[C@H]1[C@@H](O)[C@H](n2cnc3c(N)ncnc32)O[C@@H]1C(=O)O,False,AdenosineOnly
CC(=O)O[C@@]1(C)[C@@H](CO)O[C@@H](n2cnc3c(N)ncnc32)[C@@H]1O,False,AdenosineOnly
CC(=O)O[C@@H]1[C@@H](CO)O[C@@H](n2cnc3c(N)ncnc32)[C@@]1(C)O,False,AdenosineOnly
CC(=O)O[C@H]1[C@@H](O)[C@H](n2cnc3c(N)ncnc32)O[C@@]1(C)CO,False,AdenosineOnly
CC(=O)O[C@H]1[C@@H](O)[C@@](C)(n2cnc3c(N)ncnc32)O[C@@H]1CO,False,AdenosineOnly
CC(=O)O[C@H]1[C@@H](O)[C@H](n2cnc3c(N)ncnc32)O[C@@H]1C(C)O,False,AdenosineOnly
CC(=O)O[C@H]1[C@@H](O)[C@H](n2c(C)nc3c(N)ncnc32)O[C@@H]1CO,False,AdenosineOnly
CC(=O)O[C@H]1[C@@H](O)[C@H](n2cnc3c(N)nc(C)nc32)O[C@@H]1CO,False,AdenosineOnly
C[C@]1(OC=O)[C@H](O)[C@@H](CO)O[C@H]1n1cnc2c(N)ncnc21,False,AdenosineOnly
C[C@]1(n2cnc3c(N)ncnc32)O[C@H](CO)[C@@H](O)[C@H]1OC=O,False,AdenosineOnly
C[C@]1(O)[C@@H](CO)O[C@@H](n2cnc3c(N)ncnc32)[C@@H]1OC=O,False,AdenosineOnly
C[C@@]1(CO)O[C@@H](n2cnc3c(N)ncnc32)[C@H](OC=O)[C@@H]1O,False,AdenosineOnly
Cc1nc2c(N)ncnc2n1[C@@H]1O[C@H](CO)[C@@H](O)[C@H]1OC=O,False,AdenosineOnly
CC(O)[C@H]1O[C@@H](n2cnc3c(N)ncnc32)[C@H](OC=O)[C@@H]1O,False,AdenosineOnly
Cc1nc(N)c2ncn([C@@H]3O[C@H](CO)[C@@H](O)[C@H]3OC=O)c2n1,False,AdenosineOnly
CC1=Nc2ncnc3c2ncn3[C@@H]2O[C@H](CO)[C@@H](O)[C@H]2O1,False,AdenosineOnly
Nc1ncnc2c1ncn2[C@@H]1O[C@H](CO)[C@H]2OCC(O)O[C@H]21,False,AdenosineOnly
Nc1ncnc2c1ncn2[C@@H]1O[C@@H]2COCC(O)O[C@@H]1[C@@H]2O,False,AdenosineOnly
CC(O)O[C@@]12O[C@@H]1[C@@H](CO)O[C@H]2n1cnc2c(N)ncnc21,False,AdenosineOnly
CC(O)O[C@]12OC[C@@H](O[C@H]1n1cnc3c(N)ncnc31)[C@H]2O,False,AdenosineOnly
CC(O)O[C@@H]1[C@@H]2O[C@]1(n1cnc3c(N)ncnc31)O[C@@H]2CO,False,AdenosineOnly
CC(O)O[C@@H]1[C@H](O)[C@H]2CO[C@]1(n1cnc3c(N)ncnc31)O2,False,AdenosineOnly
CC(O)O[C@H]1[C@H](n2cnc3c(N)ncnc32)O[C@@H]2CO[C@]21O,False,AdenosineOnly
CC(O)O[C@H]1[C@H](n2cnc3c(N)ncnc32)O[C@]2(CO)O[C@@H]12,False,AdenosineOnly
CC(O)O[C@H]1[C@H](n2cnc3c(N)ncnc32)O[C@@]2(CO2)[C@H]1O,False,AdenosineOnly
CC(O)O[C@@H]1[C@@H]2Oc3nc4c(N)ncnc4n3[C@@H]1O[C@@H]2CO,False,AdenosineOnly
CC(O)O[C@@H]1[C@H](O)[C@H]2COc3nc4c(N)ncnc4n3[C@@H]1O2,False,AdenosineOnly
CC(O)O[C@@H]1[C@@H]2OC(O)[C@H]2O[C@H]1n1cnc2c(N)ncnc21,False,AdenosineOnly
CC(O)O[C@@H]1[C@@H]2Oc3nc(N)c4ncn(c4n3)[C@@H]1O[C@@H]2CO,False,AdenosineOnly
CC(O)O[C@@H]1[C@H](O)[C@H]2COc3nc(N)c4ncn(c4n3)[C@@H]1O2,False,AdenosineOnly
CC(O)O[C@@H]1[C@H](O)[C@@H](CO)O[C@H]1n1cnc2c(N)ncnc21,False,AdenosineOnly
CCO[C@@H]1[C@H](O)[C@@H](CO)O[C@H]1n1cnc2c(N)ncnc21,False,AdenosineOnly
CCC(=O)O[C@@H]1[C@H](O)[C@@H](CO)O[C@H]1n1cnc2c(N)ncnc21,False,AdenosineOnly
CC(O)(C#N)O[C@@H]1[C@H](O)[C@@H](CO)O[C@H]1n1cnc2c(N)ncnc21,False,AdenosineOnly
CC(N)O[C@@H]1[C@H](O)[C@@H](CO)O[C@H]1n1cnc2c(N)ncnc21,False,AdenosineOnly
Nc1ncnc2c1ncn2[C@@H]1O[C@H](CO)[C@@H](O)[C@H]1OC(=O)CO,False,AdenosineOnly
COC(=O)O[C@@H]1[C@H](O)[C@@H](CO)O[C@H]1n1cnc2c(N)ncnc21,False,AdenosineOnly
Nc1ncnc2c1ncn2[C@@H]1O[C@H](CO)[C@@H](O)[C@H]1OC(O)CO,False,AdenosineOnly
CC(=O)O[C@@H]1[C@H](O)[C@@H](C)O[C@H]1n1cnc2c(N)ncnc21,False,AdenosineOnly
CC(=O)[C@@H]1[C@H](O)[C@@H](CO)O[C@H]1n1cnc2c(N)ncnc21,False,AdenosineOnly
CC(=O)O[C@@H]1[C@H](O)[C@@H](C(=O)O)O[C@H]1n1cnc2c(N)ncnc21,False,AdenosineOnly
CC(=O)O[C@@]1(C)[C@H](O)[C@@H](CO)O[C@H]1n1cnc2c(N)ncnc21,False,AdenosineOnly
CC(=O)O[C@@H]1[C@H](O)[C@@H](CO)O[C@]1(C)n1cnc2c(N)ncnc21,False,AdenosineOnly
CC(=O)O[C@H]1[C@H](n2cnc3c(N)ncnc32)O[C@H](CO)[C@]1(C)O,False,AdenosineOnly
CC(=O)O[C@H]1[C@H](n2cnc3c(N)ncnc32)O[C@@](C)(CO)[C@H]1O,False,AdenosineOnly
CC(=O)O[C@@H]1[C@H](O)[C@@H](CO)O[C@H]1n1c(C)nc2c(N)ncnc21,False,AdenosineOnly
CC(=O)O[C@@H]1[C@H](O)[C@@H](C(C)O)O[C@H]1n1cnc2c(N)ncnc21,False,AdenosineOnly
CC(=O)O[C@@H]1[C@H](O)[C@@H](CO)O[C@H]1n1cnc2c(N)nc(C)nc21,False,AdenosineOnly
C[C@H]1O[C@@H](n2cnc3c(N)ncnc32)[C@H](O)[C@@H]1OP(=O)(O)O,False,AdenosineOnly
C[C@H]1O[C@@H](n2cnc3c(N)ncnc32)[C@H](OP(=O)(O)O)[C@@H]1O,False,AdenosineOnly
C[C@H]1O[C@@H](n2cnc3c(N)ncnc32)[C@H](O)[C@@H]1OS(=O)(=O)O,False,AdenosineOnly
C[C@H]1O[C@@H](n2cnc3c(N)ncnc32)[C@H](OS(=O)(=O)O)[C@@H]1O,False,AdenosineOnly
Nc1ncnc2c1ncn2[C@@H]1OC[C@@H](O)[C@H]1O,False,AdenosineOnly
OC1=Nc2ncnc3c2ncn3[C@@H]2O[C@H]1[C@@H](O)[C@H]2O,False,AdenosineOnly
Nc1ncnc2c1ncn2[C@@H]1O[C@]2(OC2O)[C@@H](O)[C@H]1O,False,AdenosineOnly
Nc1ncnc2c1ncn2[C@@H]1O[C@]2(C(O)O)O[C@H]2[C@H]1O,False,AdenosineOnly
Nc1ncnc2c1ncn2[C@@H]1O[C@]2(C(O)O)O[C@@H]1[C@@H]2O,False,AdenosineOnly
Nc1ncnc2c1ncn2[C@@H]1O[C@@H]2C(O)O[C@@]2(O)[C@H]1O,False,AdenosineOnly
Nc1ncnc2c1ncn2[C@@H]1O[C@H](C(O)O)[C@@]2(O)O[C@@H]12,False,AdenosineOnly
Nc1ncnc2c1ncn2[C@@H]1O[C@@H]2C(O)O[C@]1(O)[C@@H]2O,False,AdenosineOnly
Nc1ncnc2c1ncn2[C@@H]1O[C@H](C(O)O)[C@H]2O[C@]21O,False,AdenosineOnly
Nc1ncnc2c1ncn2[C@@]12OC(O)[C@@H](O1)[C@@H](O)[C@H]2O,False,AdenosineOnly
Nc1ncnc2c1ncn2[C@@]12O[C@H]([C@@H](C(O)O)O1)[C@H]2O,False,AdenosineOnly
Nc1ncnc2c1ncn2[C@@]12O[C@H](C(O)O)[C@@H](O)[C@H]1O2,False,AdenosineOnly
Nc1ncnc2c1nc1n2[C@@H]2O[C@H](C(O)O1)[C@@H](O)[C@H]2O,False,AdenosineOnly
Nc1ncnc2c1nc1n2[C@@H]2O[C@H](C(O)O)[C@@H](O1)[C@H]2O,False,AdenosineOnly
Nc1ncnc2c1nc1n2[C@@H]2O[C@H](C(O)O)[C@@H](O)[C@H]2O1,False,AdenosineOnly
Nc1nc2nc3c1ncn3[C@@H]1O[C@H](C(O)O2)[C@@H](O)[C@H]1O,False,AdenosineOnly
Nc1nc2nc3c1ncn3[C@@H]1O[C@H](C(O)O)[C@@H](O2)[C@H]1O,False,AdenosineOnly
Nc1nc2nc3c1ncn3[C@@H]1O[C@H](C(O)O)[C@@H](O)[C@H]1O2,False,AdenosineOnly
Nc1ncnc2c1ncn2[C@@H]1O[C@H](C(O)O)[C@@H](O)[C@H]1O,False,AdenosineOnly
N#CC(O)(O)[C@H]1O[C@@H](n2cnc3c(N)ncnc32)[C@H](O)[C@@H]1O,False,AdenosineOnly
NC(=O)[C@H]1O[C@@H](n2cnc3c(N)ncnc32)[C@H](O)[C@@H]1O,False,AdenosineOnly
Nc1ncnc2c1ncn2[C@@H]1OC(C=O)[C@@H](O)[C@H]1O,False,AdenosineOnly
COCC1O[C@@H](n2cnc3c(N)ncnc32)[C@H](O)[C@@H]1O,False,AdenosineOnly
CO[C@@H]1C(CO)O[C@@H](n2cnc3c(N)ncnc32)[C@@H]1O,False,AdenosineOnly
CO[C@@H]1[C@H](O)C(CO)O[C@H]1n1cnc2c(N)ncnc21,False,AdenosineOnly
CC(=O)Nc1ncnc2c1ncn2[C@@H]1OC(CO)[C@@H](O)[C@H]1O,False,AdenosineOnly
CC(=O)OCC1O[C@@H](n2cnc3c(N)ncnc32)[C@H](O)[C@@H]1O,False,AdenosineOnly
CC(=O)O[C@@H]1C(CO)O[C@@H](n2cnc3c(N)ncnc32)[C@@H]1O,False,AdenosineOnly
CC(=O)O[C@@H]1[C@H](O)C(CO)O[C@H]1n1cnc2c(N)ncnc21,False,AdenosineOnly
CC1O[C@@H](n2cnc3c(N)ncnc32)[C@H](O)[C@@H]1O,False,AdenosineOnly
Nc1ncnc2c1ncn2[C@@H]1OC(C(=O)O)[C@@H](O)[C@H]1O,False,AdenosineOnly
O[C@@H]1CO[C@@]2(C=Nc3ncnc4c3ncn42)[C@@H]1O,False,AdenosineOnly
Nc1ncnc2c1ncn2[C@@]1(CO)OC[C@H]2O[C@]21O,False,AdenosineOnly
Nc1ncnc2c1nc1n2[C@@]2(CO)OC[C@@H](O)[C@H]2O1,False,AdenosineOnly
Nc1ncnc2c1nc1n2[C@@]2(CO)OC[C@@H](O1)[C@H]2O,False,AdenosineOnly
Nc1ncnc2c1ncn2[C@@]1(CO)OC[C@@]2(O)O[C@H]21,False,AdenosineOnly
Nc1ncnc2c1ncn2[C@@]1(CO)OC2O[C@@H]1[C@@H]2O,False,AdenosineOnly
Nc1ncnc2c1ncn2[C@@]1(CO)OC2O[C@H]2[C@H]1O,False,AdenosineOnly
Nc1nc2nc3c1ncn3[C@@]1(CO)OC[C@@H](O)[C@H]1O2,False,AdenosineOnly
Nc1nc2nc3c1ncn3[C@@]1(CO)OC[C@@H](O2)[C@H]1O,False,AdenosineOnly
CO[C@@H]1[C@H](O)CO[C@]1(C=O)n1cnc2c(N)ncnc21,False,AdenosineOnly
CO[C@@H]1CO[C@](C=O)(n2cnc3c(N)ncnc32)[C@@H]1O,False,AdenosineOnly
CC(=O)Nc1ncnc2c1ncn2[C@@]1(C=O)OC[C@@H](O)[C@H]1O,False,AdenosineOnly
CC(=O)O[C@@H]1[C@H](O)CO[C@]1(C=O)n1cnc2c(N)ncnc21,False,AdenosineOnly
CC(=O)O[C@@H]1CO[C@](C=O)(n2cnc3c(N)ncnc32)[C@@H]1O,False,AdenosineOnly
N#CC(O)[C@]1(n2cnc3c(N)ncnc32)OC[C@@H](O)[C@H]1O,False,AdenosineOnly
COC[C@]1(n2cnc3c(N)ncnc32)OC[C@@H](O)[C@H]1OC,False,AdenosineOnly
COC[C@]1(n2cnc3c(N)ncnc32)OC[C@@H](OC)[C@H]1O,False,AdenosineOnly
COC[C@]1(n2cnc3c(NC(C)=O)ncnc32)OC[C@@H](O)[C@H]1O,False,AdenosineOnly
COC[C@]1(n2cnc3c(N)ncnc32)OC[C@@H](O)[C@H]1OC(C)=O,False,AdenosineOnly
COC[C@]1(n2cnc3c(N)ncnc32)OC[C@@H](OC(C)=O)[C@H]1O,False,AdenosineOnly
Nc1ncnc2c1ncn2[C@@]1(COC=O)OC[C@@H](O)[C@H]1O,False,AdenosineOnly
COC(=O)[C@]1(n2cnc3c(N)ncnc32)OC[C@@H](O)[C@H]1O,False,AdenosineOnly
CO[C@@H]1[C@H](O)C(CO)O[C@@H]1n1cnc2c(N)ncnc21,False,AdenosineOnly
CO[C@@H]1[C@H](OC)CO[C@]1(CO)n1cnc2c(N)ncnc21,False,AdenosineOnly
CO[C@@H]1[C@H](O)CO[C@]1(CO)n1cnc2c(NC(C)=O)ncnc21,False,AdenosineOnly
CO[C@@H]1[C@H](O)CO[C@]1(COC(C)=O)n1cnc2c(N)ncnc21,False,AdenosineOnly
CO[C@@H]1[C@H](OC(C)=O)CO[C@]1(CO)n1cnc2c(N)ncnc21,False,AdenosineOnly
CO[C@@H]1[C@H](O)CO[C@]1(C)n1cnc2c(N)ncnc21,False,AdenosineOnly
Nc1ncnc2c1ncn2[C@@]1(CO)OC[C@@H](O)[C@H]1OC=O,False,AdenosineOnly
CO[C@@H]1[C@H](O)CO[C@]1(C(=O)O)n1cnc2c(N)ncnc21,False,AdenosineOnly
CO[C@@H]1C(CO)O[C@H](n2cnc3c(N)ncnc32)[C@@H]1O,False,AdenosineOnly
CO[C@@H]1CO[C@](CO)(n2cnc3c(NC(C)=O)ncnc32)[C@@H]1O,False,AdenosineOnly
CO[C@@H]1CO[C@](COC(C)=O)(n2cnc3c(N)ncnc32)[C@@H]1O,False,AdenosineOnly
CO[C@@H]1CO[C@](CO)(n2cnc3c(N)ncnc32)[C@@H]1OC(C)=O,False,AdenosineOnly
CO[C@@H]1CO[C@](C)(n2cnc3c(N)ncnc32)[C@@H]1O,False,AdenosineOnly
Nc1ncnc2c1ncn2[C@@]1(CO)OC[C@@H](OC=O)[C@H]1O,False,AdenosineOnly
CO[C@@H]1CO[C@](C(=O)O)(n2cnc3c(N)ncnc32)[C@@H]1O,False,AdenosineOnly
CC(=O)Nc1ncnc2c1ncn2[C@H]1OC(CO)[C@@H](O)[C@H]1O,False,AdenosineOnly
Cc1nc(NC=O)c2ncn([C@@]3(CO)OC[C@@H](O)[C@H]3O)c2n1,False,AdenosineOnly
Cc1nc2c(NC=O)ncnc2n1[C@@]1(CO)OC[C@@H](O)[C@H]1O,False,AdenosineOnly
CC(O)[C@]1(n2cnc3c(NC=O)ncnc32)OC[C@@H](O)[C@H]1O,False,AdenosineOnly
C[C@]1(O)[C@H](O)CO[C@]1(CO)n1cnc2c(NC=O)ncnc21,False,AdenosineOnly
C[C@]1(O)CO[C@](CO)(n2cnc3c(NC=O)ncnc32)[C@@H]1O,False,AdenosineOnly
CC1O[C@](CO)(n2cnc3c(NC=O)ncnc32)[C@H](O)[C@@H]1O,False,AdenosineOnly
OC1COC[C@@]2(OC[C@@H](O)[C@H]2O)n2cnc3c(ncnc32)N1,False,AdenosineOnly
OC[C@]12OC[C@@H](O)[C@H]1OCC(O)Nc1ncnc3c1ncn32,False,AdenosineOnly
OC[C@@]12OC[C@@H](OCC(O)Nc3ncnc4c3ncn41)[C@H]2O,False,AdenosineOnly
CC(O)Nc1nc2nc3c1ncn3[C@@]1(CO2)OC[C@@H](O)[C@H]1O,False,AdenosineOnly
CC(O)Nc1nc2nc3c1ncn3[C@@]1(CO)OC[C@@H](O)[C@H]1O2,False,AdenosineOnly
CC(O)Nc1nc2nc3c1ncn3[C@@]1(CO)OC[C@@H](O2)[C@H]1O,False,AdenosineOnly
CC(O)Nc1ncnc2c1nc1n2[C@@]2(CO1)OC[C@@H](O)[C@H]2O,False,AdenosineOnly
CC(O)Nc1ncnc2c1nc1n2[C@@]2(CO)OC[C@@H](O)[C@H]2O1,False,AdenosineOnly
CC(O)Nc1ncnc2c1nc1n2[C@@]2(CO)OC[C@@H](O1)[C@H]2O,False,AdenosineOnly
CC(O)Nc1ncnc2c1ncn2[C@@]12OC[C@@H](O)[C@H]1OC2O,False,AdenosineOnly
CC(O)Nc1ncnc2c1ncn2[C@]12OC[C@@H](OC1O)[C@H]2O,False,AdenosineOnly
CC(O)Nc1ncnc2c1ncn2[C@]12CO[C@]1(O)[C@H](O)CO2,False,AdenosineOnly
CC(O)Nc1ncnc2c1ncn2[C@@]1(CO)OC[C@H]2O[C@]21O,False,AdenosineOnly
CC(O)Nc1ncnc2c1ncn2[C@@]12CO[C@](O)(CO1)[C@H]2O,False,AdenosineOnly
CC(O)Nc1ncnc2c1ncn2[C@@]1(CO)OC[C@@]2(O)O[C@H]21,False,AdenosineOnly
CC(O)Nc1ncnc2c1ncn2[C@@]12COC(O1)[C@@H](O)[C@H]2O,False,AdenosineOnly
CC(O)Nc1ncnc2c1ncn2[C@@]1(CO)OC2O[C@@H]1[C@@H]2O,False,AdenosineOnly
CC(O)Nc1ncnc2c1ncn2[C@@]1(CO)OC2O[C@H]2[C@H]1O,False,AdenosineOnly
CC(O)Nc1ncnc2c1ncn2[C@@]1(CO)OC[C@@H](O)[C@H]1O,False,AdenosineOnly
CC(=O)N(C)c1ncnc2c1ncn2[C@@]1(CO)OC[C@@H](O)[C@H]1O,False,AdenosineOnly
CCC(=O)Nc1ncnc2c1ncn2[C@@]1(CO)OC[C@@H](O)[C@H]1O,False,AdenosineOnly
CC(=O)N(C(C)=O)c1ncnc2c1ncn2[C@@]1(CO)OC[C@@H](O)[C@H]1O,False,AdenosineOnly
CC(=O)Nc1ncnc2c1ncn2[C@@]1(COC(C)=O)OC[C@@H](O)[C@H]1O,False,AdenosineOnly
CC(=O)Nc1ncnc2c1ncn2[C@@]1(CO)OC[C@@H](O)[C@H]1OC(C)=O,False,AdenosineOnly
CC(=O)Nc1ncnc2c1ncn2[C@@]1(CO)OC[C@@H](OC(C)=O)[C@H]1O,False,AdenosineOnly
CC(O)(C#N)Nc1ncnc2c1ncn2[C@@]1(CO)OC[C@@H](O)[C@H]1O,False,AdenosineOnly
CC(N)Nc1ncnc2c1ncn2[C@@]1(CO)OC[C@@H](O)[C@H]1O,False,AdenosineOnly
CC(=O)N(C(N)=O)c1ncnc2c1ncn2[C@@]1(CO)OC[C@@H](O)[C@H]1O,False,AdenosineOnly
O=C(CO)Nc1ncnc2c1ncn2[C@@]1(CO)OC[C@@H](O)[C@H]1O,False,AdenosineOnly
COC(=O)Nc1ncnc2c1ncn2[C@@]1(CO)OC[C@@H](O)[C@H]1O,False,AdenosineOnly
OCC(O)Nc1ncnc2c1ncn2[C@@]1(CO)OC[C@@H](O)[C@H]1O,False,AdenosineOnly
CC(=O)Nc1ncnc2c1ncn2[C@@]1(C)OC[C@@H](O)[C@H]1O,False,AdenosineOnly
CC(=O)Nc1ncnc2c1ncn2[C@@]1(C(=O)O)OC[C@@H](O)[C@H]1O,False,AdenosineOnly
O=CNc1ncnc2c1ncn2[C@@]1(CO)OC[C@@H](O)[C@H]1O,False,AdenosineOnly
CC(=O)Nc1nc(C)nc2c1ncn2[C@@]1(CO)OC[C@@H](O)[C@H]1O,False,AdenosineOnly
CC(=O)Nc1ncnc2c1nc(C)n2[C@@]1(CO)OC[C@@H](O)[C@H]1O,False,AdenosineOnly
CC(=O)Nc1ncnc2c1ncn2[C@@]1(C(C)O)OC[C@@H](O)[C@H]1O,False,AdenosineOnly
CC(=O)Nc1ncnc2c1ncn2[C@@]1(CO)OC[C@@H](O)[C@]1(C)O,False,AdenosineOnly
CC(=O)Nc1ncnc2c1ncn2[C@@]1(CO)OC[C@](C)(O)[C@H]1O,False,AdenosineOnly
CC(=O)Nc1ncnc2c1ncn2[C@@]1(CO)OC(C)[C@@H](O)[C@H]1O,False,AdenosineOnly
CC(OC=O)[C@]1(n2cnc3c(N)ncnc32)OC[C@@H](O)[C@H]1O,False,AdenosineOnly
C[C@]1(O)[C@H](O)CO[C@]1(COC=O)n1cnc2c(N)ncnc21,False,AdenosineOnly
Cc1nc2c(N)ncnc2n1[C@@]1(COC=O)OC[C@@H](O)[C@H]1O,False,AdenosineOnly
C[C@]1(O)CO[C@](COC=O)(n2cnc3c(N)ncnc32)[C@@H]1O,False,AdenosineOnly
CC1O[C@](COC=O)(n2cnc3c(N)ncnc32)[C@H](O)[C@@H]1O,False,AdenosineOnly
Cc1nc(N)c2ncn([C@@]3(COC=O)OC[C@@H](O)[C@H]3O)c2n1,False,AdenosineOnly
CC1=Nc2ncnc3c2ncn3[C@@]2(CO1)OC[C@@H](O)[C@H]2O,False,AdenosineOnly
Nc1ncnc2c1ncn2[C@]12COC(O)CO[C@@H]1[C@H](O)CO2,False,AdenosineOnly
Nc1ncnc2c1ncn2[C@@]12COC(O)CO[C@H](CO1)[C@H]2O,False,AdenosineOnly
CC(O)OC1O[C@@H]2[C@H](O)CO[C@@]12n1cnc2c(N)ncnc21,False,AdenosineOnly
CC(O)OC1O[C@@H]2CO[C@]1(n1cnc3c(N)ncnc31)[C@@H]2O,False,AdenosineOnly
CC(O)OC[C@]1(n2cnc3c(N)ncnc32)OC[C@H]2O[C@]21O,False,AdenosineOnly
CC(O)OC[C@]12OC[C@@H](O)[C@H]1Oc1nc3c(N)ncnc3n12,False,AdenosineOnly
CC(O)OC[C@@]12OC[C@@H](Oc3nc4c(N)ncnc4n31)[C@H]2O,False,AdenosineOnly
CC(O)OC[C@]1(n2cnc3c(N)ncnc32)OC[C@@]2(O)O[C@H]21,False,AdenosineOnly
CC(O)OC[C@]1(n2cnc3c(N)ncnc32)OC2O[C@@H]1[C@@H]2O,False,AdenosineOnly
CC(O)OC[C@]1(n2cnc3c(N)ncnc32)OC2O[C@H]2[C@H]1O,False,AdenosineOnly
CC(O)OC[C@]12OC[C@@H](O)[C@H]1Oc1nc(N)c3ncn2c3n1,False,AdenosineOnly
CC(O)OC[C@@]12OC[C@@H](Oc3nc(N)c4ncn1c4n3)[C@H]2O,False,AdenosineOnly
CC(O)OC[C@]1(n2cnc3c(N)ncnc32)OC[C@@H](O)[C@H]1O,False,AdenosineOnly
CCOC[C@]1(n2cnc3c(N)ncnc32)OC[C@@H](O)[C@H]1O,False,AdenosineOnly
CCC(=O)OC[C@]1(n2cnc3c(N)ncnc32)OC[C@@H](O)[C@H]1O,False,AdenosineOnly
CC(=O)OC[C@]1(n2cnc3c(N)ncnc32)OC[C@@H](O)[C@H]1OC(C)=O,False,AdenosineOnly
CC(=O)OC[C@]1(n2cnc3c(N)ncnc32)OC[C@@H](OC(C)=O)[C@H]1O,False,AdenosineOnly
CC(O)(C#N)OC[C@]1(n2cnc3c(N)ncnc32)OC[C@@H](O)[C@H]1O,False,AdenosineOnly
CC(N)OC[C@]1(n2cnc3c(N)ncnc32)OC[C@@H](O)[C@H]1O,False,AdenosineOnly
Nc1ncnc2c1ncn2[C@@]1(COC(=O)CO)OC[C@@H](O)[C@H]1O,False,AdenosineOnly
COC(=O)OC[C@]1(n2cnc3c(N)ncnc32)OC[C@@H](O)[C@H]1O,False,AdenosineOnly
Nc1ncnc2c1ncn2[C@@]1(COC(O)CO)OC[C@@H](O)[C@H]1O,False,AdenosineOnly
CC(=O)C[C@]1(n2cnc3c(N)ncnc32)OC[C@@H](O)[C@H]1O,False,AdenosineOnly
CC(=O)OC(=O)[C@]1(n2cnc3c(N)ncnc32)OC[C@@H](O)[C@H]1O,False,AdenosineOnly
CC(=O)OC(C)[C@]1(n2cnc3c(N)ncnc32)OC[C@@H](O)[C@H]1O,False,AdenosineOnly
CC(=O)OC[C@]1(n2cnc3c(N)ncnc32)OC[C@@H](O)[C@]1(C)O,False,AdenosineOnly
CC(=O)OC[C@]1(n2c(C)nc3c(N)ncnc32)OC[C@@H](O)[C@H]1O,False,AdenosineOnly
CC(=O)OC[C@]1(n2cnc3c(N)ncnc32)OC[C@](C)(O)[C@H]1O,False,AdenosineOnly
CC(=O)OC[C@]1(n2cnc3c(N)ncnc32)OC(C)[C@@H](O)[C@H]1O,False,AdenosineOnly
CC(=O)OC[C@]1(n2cnc3c(N)nc(C)nc32)OC[C@@H](O)[C@H]1O,False,AdenosineOnly
CC(=O)O[C@@H]1[C@H](O)C(CO)O[C@@H]1n1cnc2c(N)ncnc21,False,AdenosineOnly
C[C@]1(OC=O)[C@H](O)CO[C@]1(CO)n1cnc2c(N)ncnc21,False,AdenosineOnly
C[C@]1(O)CO[C@](CO)(n2cnc3c(N)ncnc32)[C@@H]1OC=O,False,AdenosineOnly
CC(O)[C@]1(n2cnc3c(N)ncnc32)OC[C@@H](O)[C@H]1OC=O,False,AdenosineOnly
CC1O[C@](CO)(n2cnc3c(N)ncnc32)[C@H](OC=O)[C@@H]1O,False,AdenosineOnly
Cc1nc2c(N)ncnc2n1[C@@]1(CO)OC[C@@H](O)[C@H]1OC=O,False,AdenosineOnly
Cc1nc(N)c2ncn([C@@]3(CO)OC[C@@H](O)[C@H]3OC=O)c2n1,False,AdenosineOnly
CC1=Nc2ncnc3c2ncn3[C@@]2(CO)OC[C@@H](O)[C@H]2O1,False,AdenosineOnly
Nc1ncnc2c1ncn2[C@@]1(CO)OC[C@H]2OCC(O)O[C@H]21,False,AdenosineOnly
Nc1ncnc2c1ncn2[C@]12COCC(O)O[C@@H]1[C@H](O)CO2,False,AdenosineOnly
CC(O)O[C@@]12O[C@@H]1CO[C@]2(CO)n1cnc2c(N)ncnc21,False,AdenosineOnly
CC(O)O[C@]12OC[C@]1(n1cnc3c(N)ncnc31)OC[C@H]2O,False,AdenosineOnly
CC(O)O[C@@H]1[C@@]2(O)CO[C@@]1(n1cnc3c(N)ncnc31)CO2,False,AdenosineOnly
CC(O)O[C@@H]1[C@H]2CO[C@@]1(n1cnc3c(N)ncnc31)C(O)O2,False,AdenosineOnly
CC(O)O[C@@H]1[C@@H]2OC2O[C@]1(CO)n1cnc2c(N)ncnc21,False,AdenosineOnly
CC(O)O[C@@H]1[C@H](O)C2OC[C@]1(n1cnc3c(N)ncnc31)O2,False,AdenosineOnly
CC(O)O[C@@H]1[C@H]2CO[C@]1(CO)n1c(nc3c(N)ncnc31)O2,False,AdenosineOnly
CC(O)O[C@@H]1[C@H](O)CO[C@@]12COc1nc3c(N)ncnc3n12,False,AdenosineOnly
CC(O)O[C@@H]1[C@H]2CO[C@]1(CO)n1cnc3c(N)nc(nc31)O2,False,AdenosineOnly
CC(O)O[C@@H]1[C@H](O)CO[C@@]12COc1nc(N)c3ncn2c3n1,False,AdenosineOnly
CC(O)O[C@@H]1[C@H](O)CO[C@]1(CO)n1cnc2c(N)ncnc21,False,AdenosineOnly
CCO[C@@H]1[C@H](O)CO[C@]1(CO)n1cnc2c(N)ncnc21,False,AdenosineOnly
CCC(=O)O[C@@H]1[C@H](O)CO[C@]1(CO)n1cnc2c(N)ncnc21,False,AdenosineOnly
CC(=O)O[C@@H]1[C@H](OC(C)=O)CO[C@]1(CO)n1cnc2c(N)ncnc21,False,AdenosineOnly
CC(O)(C#N)O[C@@H]1[C@H](O)CO[C@]1(CO)n1cnc2c(N)ncnc21,False,AdenosineOnly
CC(N)O[C@@H]1[C@H](O)CO[C@]1(CO)n1cnc2c(N)ncnc21,False,AdenosineOnly
Nc1ncnc2c1ncn2[C@@]1(CO)OC[C@@H](O)[C@H]1OC(=O)CO,False,AdenosineOnly
COC(=O)O[C@@H]1[C@H](O)CO[C@]1(CO)n1cnc2c(N)ncnc21,False,AdenosineOnly
Nc1ncnc2c1ncn2[C@@]1(CO)OC[C@@H](O)[C@H]1OC(O)CO,False,AdenosineOnly
CC(=O)O[C@@H]1[C@H](O)CO[C@]1(C)n1cnc2c(N)ncnc21,False,AdenosineOnly
CC(=O)[C@@H]1[C@H](O)CO[C@]1(CO)n1cnc2c(N)ncnc21,False,AdenosineOnly
CC(=O)O[C@@H]1[C@H](O)CO[C@]1(C(=O)O)n1cnc2c(N)ncnc21,False,AdenosineOnly
CC(=O)O[C@@]1(C)[C@H](O)CO[C@]1(CO)n1cnc2c(N)ncnc21,False,AdenosineOnly
CC(=O)O[C@@H]1[C@@](C)(O)CO[C@]1(CO)n1cnc2c(N)ncnc21,False,AdenosineOnly
CC(=O)O[C@@H]1[C@H](O)CO[C@]1(C(C)O)n1cnc2c(N)ncnc21,False,AdenosineOnly
CC(=O)O[C@@H]1[C@H](O)C(C)O[C@]1(CO)n1cnc2c(N)ncnc21,False,AdenosineOnly
CC(=O)O[C@@H]1[C@H](O)CO[C@]1(CO)n1c(C)nc2c(N)ncnc21,False,AdenosineOnly
CC(=O)O[C@@H]1[C@H](O)CO[C@]1(CO)n1cnc2c(N)nc(C)nc21,False,AdenosineOnly
CC(=O)O[C@@H]1C(CO)O[C@H](n2cnc3c(N)ncnc32)[C@@H]1O,False,AdenosineOnly
C[C@]1(OC=O)CO[C@](CO)(n2cnc3c(N)ncnc32)[C@@H]1O,False,AdenosineOnly
C[C@]1(O)[C@H](OC=O)CO[C@]1(CO)n1cnc2c(N)ncnc21,False,AdenosineOnly
CC1O[C@](CO)(n2cnc3c(N)ncnc32)[C@H](O)[C@@H]1OC=O,False,AdenosineOnly
CC(O)[C@]1(n2cnc3c(N)ncnc32)OC[C@@H](OC=O)[C@H]1O,False,AdenosineOnly
Cc1nc2c(N)ncnc2n1[C@@]1(CO)OC[C@@H](OC=O)[C@H]1O,False,AdenosineOnly
Cc1nc(N)c2ncn([C@@]3(CO)OC[C@@H](OC=O)[C@H]3O)c2n1,False,AdenosineOnly
CC1=Nc2ncnc3c2ncn3[C@@]2(CO)OC[C@@H](O1)[C@H]2O,False,AdenosineOnly
Nc1ncnc2c1ncn2[C@@]1(CO)OC[C@H]2OC(O)CO[C@H]21,False,AdenosineOnly
Nc1ncnc2c1ncn2[C@@]12COCC(O)O[C@H](CO1)[C@H]2O,False,AdenosineOnly
CC(O)O[C@@]12CO[C@](CO)(n3cnc4c(N)ncnc43)[C@@H]1O2,False,AdenosineOnly
CC(O)O[C@]12CO[C@@](n3cnc4c(N)ncnc43)(CO1)[C@@H]2O,False,AdenosineOnly
CC(O)O[C@@H]1CO[C@@]2(n3cnc4c(N)ncnc43)CO[C@]12O,False,AdenosineOnly
CC(O)O[C@@H]1C2O[C@H]1[C@@](CO)(n1cnc3c(N)ncnc31)O2,False,AdenosineOnly
CC(O)O[C@@H]1C2OC[C@](n3cnc4c(N)ncnc43)(O2)[C@@H]1O,False,AdenosineOnly
CC(O)O[C@@H]1CO[C@@]2(n3cnc4c(N)ncnc43)C(O)O[C@H]12,False,AdenosineOnly
CC(O)O[C@@H]1CO[C@@]2(CO)[C@@H]1Oc1nc3c(N)ncnc3n12,False,AdenosineOnly
CC(O)O[C@@H]1CO[C@@]2(COc3nc4c(N)ncnc4n32)[C@@H]1O,False,AdenosineOnly
CC(O)O[C@@H]1CO[C@@]2(CO)[C@@H]1Oc1nc(N)c3ncn2c3n1,False,AdenosineOnly
CC(O)O[C@@H]1CO[C@@]2(COc3nc(N)c4ncn2c4n3)[C@@H]1O,False,AdenosineOnly
CC(O)O[C@@H]1CO[C@](CO)(n2cnc3c(N)ncnc32)[C@@H]1O,False,AdenosineOnly
CCO[C@@H]1CO[C@](CO)(n2cnc3c(N)ncnc32)[C@@H]1O,False,AdenosineOnly
CCC(=O)O[C@@H]1CO[C@](CO)(n2cnc3c(N)ncnc32)[C@@H]1O,False,AdenosineOnly
CC(O)(C#N)O[C@@H]1CO[C@](CO)(n2cnc3c(N)ncnc32)[C@@H]1O,False,AdenosineOnly
CC(N)O[C@@H]1CO[C@](CO)(n2cnc3c(N)ncnc32)[C@@H]1O,False,AdenosineOnly
Nc1ncnc2c1ncn2[C@@]1(CO)OC[C@@H](OC(=O)CO)[C@H]1O,False,AdenosineOnly
COC(=O)O[C@@H]1CO[C@](CO)(n2cnc3c(N)ncnc32)[C@@H]1O,False,AdenosineOnly
Nc1ncnc2c1ncn2[C@@]1(CO)OC[C@@H](OC(O)CO)[C@H]1O,False,AdenosineOnly
CC(=O)O[C@@H]1CO[C@](C)(n2cnc3c(N)ncnc32)[C@@H]1O,False,AdenosineOnly
CC(=O)[C@@H]1CO[C@](CO)(n2cnc3c(N)ncnc32)[C@@H]1O,False,AdenosineOnly
CC(=O)O[C@@H]1CO[C@](C(=O)O)(n2cnc3c(N)ncnc32)[C@@H]1O,False,AdenosineOnly
CC(=O)O[C@@]1(C)CO[C@](CO)(n2cnc3c(N)ncnc32)[C@@H]1O,False,AdenosineOnly
CC(=O)O[C@@H]1CO[C@](CO)(n2cnc3c(N)ncnc32)[C@@]1(C)O,False,AdenosineOnly
CC(=O)O[C@@H]1C(C)O[C@](CO)(n2cnc3c(N)ncnc32)[C@@H]1O,False,AdenosineOnly
CC(=O)O[C@@H]1CO[C@](C(C)O)(n2cnc3c(N)ncnc32)[C@@H]1O,False,AdenosineOnly
CC(=O)O[C@@H]1CO[C@](CO)(n2c(C)nc3c(N)ncnc32)[C@@H]1O,False,AdenosineOnly
CC(=O)O[C@@H]1CO[C@](CO)(n2cnc3c(N)nc(C)nc32)[C@@H]1O,False,AdenosineOnly
C[C@]1(n2cnc3c(N)ncnc32)OC[C@@H](O)[C@H]1OP(=O)(O)O,False,AdenosineOnly
C[C@]1(n2cnc3c(N)ncnc32)OC[C@@H](OP(=O)(O)O)[C@H]1O,False,AdenosineOnly
C[C@]1(n2cnc3c(N)ncnc32)OC[C@@H](O)[C@H]1OS(=O)(=O)O,False,AdenosineOnly
C[C@]1(n2cnc3c(N)ncnc32)OC[C@@H](OS(=O)(=O)O)[C@H]1O,False,AdenosineOnly
OC1=Nc2ncnc3c2ncn3[C@]12OC[C@@H](O)[C@H]2O,False,AdenosineOnly
Nc1ncnc2c1ncn2[C@@]12OC[C@@H](O)[C@@]1(O)OC2O,False,AdenosineOnly
Nc1ncnc2c1ncn2[C@@]1(C(O)O)OC[C@H]2O[C@]21O,False,AdenosineOnly
Nc1ncnc2c1nc1n2[C@]2(OC[C@@H](O)[C@H]2O)C(O)O1,False,AdenosineOnly
Nc1ncnc2c1nc1n2[C@@]2(C(O)O)OC[C@@H](O)[C@H]2O1,False,AdenosineOnly
Nc1ncnc2c1nc1n2[C@@]2(C(O)O)OC[C@@H](O1)[C@H]2O,False,AdenosineOnly
Nc1ncnc2c1ncn2[C@]12OC[C@@](O)(OC1O)[C@H]2O,False,AdenosineOnly
Nc1ncnc2c1ncn2[C@@]1(C(O)O)OC[C@@]2(O)O[C@H]21,False,AdenosineOnly
Nc1ncnc2c1ncn2[C@]12OC(OC1O)[C@@H](O)[C@H]2O,False,AdenosineOnly
Nc1ncnc2c1ncn2[C@@]1(C(O)O)OC2O[C@@H]1[C@@H]2O,False,AdenosineOnly
Nc1ncnc2c1ncn2[C@@]1(C(O)O)OC2O[C@H]2[C@H]1O,False,AdenosineOnly
Nc1nc2nc3c1ncn3[C@]1(OC[C@@H](O)[C@H]1O)C(O)O2,False,AdenosineOnly
Nc1nc2nc3c1ncn3[C@@]1(C(O)O)OC[C@@H](O)[C@H]1O2,False,AdenosineOnly
Nc1nc2nc3c1ncn3[C@@]1(C(O)O)OC[C@@H](O2)[C@H]1O,False,AdenosineOnly
Nc1ncnc2c1ncn2[C@@]1(C(O)O)OC[C@@H](O)[C@H]1O,False,AdenosineOnly
N#CC(O)(O)[C@]1(n2cnc3c(N)ncnc32)OC[C@@H](O)[C@H]1O,False,AdenosineOnly
NC(=O)[C@]1(n2cnc3c(N)ncnc32)OC[C@@H](O)[C@H]1O,False,AdenosineOnly
O=P(O)(O)O[C@@H]1[C@H](O)[C@H]2C=Nc3ncnc4c3ncn4[C@@H]1O2,False,AdenosineOnly
O=P(O)(O)O[C@H]1[C@@H](O)[C@H]2O[C@@H]1C=Nc1ncnc3c1ncn32,False,AdenosineOnly
O=S(=O)(O)O[C@@H]1[C@H](O)[C@H]2C=Nc3ncnc4c3ncn4[C@@H]1O2,False,AdenosineOnly
O=S(=O)(O)O[C@H]1[C@@H](O)[C@H]2O[C@@H]1C=Nc1ncnc3c1ncn32,False,AdenosineOnly
CO[C@@H]1[C@H](O)[C@H]2C=Nc3ncnc4c3ncn4[C@@H]1O2,False,AdenosineOnly
CO[C@H]1[C@@H](O)[C@H]2O[C@@H]1C=Nc1ncnc3c1ncn32,False,AdenosineOnly
CC(=O)O[C@@H]1[C@H](O)[C@H]2C=Nc3ncnc4c3ncn4[C@@H]1O2,False,AdenosineOnly
CC(=O)O[C@H]1[C@@H](O)[C@H]2O[C@@H]1C=Nc1ncnc3c1ncn32,False,AdenosineOnly
Nc1ncnc2c1ncn2[C@@H]1O[C@@H]2O[C@]2(CO)[C@H]1O,False,AdenosineOnly
Nc1ncnc2c1ncn2[C@@H]1O[C@@H]2O[C@H]2[C@@]1(O)CO,False,AdenosineOnly
Nc1ncnc2c1ncn2[C@@]1(CO)O[C@@H]2O[C@H]2[C@H]1O,False,AdenosineOnly
Nc1ncnc2c1nc(CO)n2[C@@H]1O[C@@H]2O[C@H]2[C@H]1O,False,AdenosineOnly
Nc1nc(CO)nc2c1ncn2[C@@H]1O[C@@H]2O[C@H]2[C@H]1O,False,AdenosineOnly
Nc1ncnc2c1ncn2[C@@H]1O[C@]2(C=O)O[C@H]2[C@H]1O,False,AdenosineOnly
COC[C@]12O[C@@H](n3cnc4c(N)ncnc43)[C@H](O)[C@@H]1O2,False,AdenosineOnly
CO[C@H]1[C@H](n2cnc3c(N)ncnc32)O[C@]2(CO)O[C@@H]12,False,AdenosineOnly
CC(=O)Nc1ncnc2c1ncn2[C@@H]1O[C@]2(CO)O[C@H]2[C@H]1O,False,AdenosineOnly
CC(=O)OC[C@]12O[C@@H](n3cnc4c(N)ncnc43)[C@H](O)[C@@H]1O2,False,AdenosineOnly
CC(=O)O[C@H]1[C@H](n2cnc3c(N)ncnc32)O[C@]2(CO)O[C@@H]12,False,AdenosineOnly
Nc1ncnc2c1ncn2[C@@H]1O[C@@](O)(CO)[C@@H](O)[C@H]1O,False,AdenosineOnly
C[C@]12O[C@@H](n3cnc4c(N)ncnc43)[C@H](O)[C@@H]1O2,False,AdenosineOnly
Nc1ncnc2c1ncn2[C@@H]1OC(CO)=C[C@H]1O,False,AdenosineOnly
Nc1ncnc2c1ncn2[C@@H]1O[C@]2(C(=O)O)O[C@H]2[C@H]1O,False,AdenosineOnly
Nc1ncnc2c1ncn2[C@@H]1O[C@@H]2O[C@@H]1[C@]2(O)CO,False,AdenosineOnly
Nc1ncnc2c1ncn2[C@@H]1O[C@@H]2O[C@@]1(CO)[C@@H]2O,False,AdenosineOnly
Nc1ncnc2c1ncn2[C@@]1(CO)O[C@@H]2O[C@@H]1[C@@H]2O,False,AdenosineOnly
Nc1ncnc2c1nc(CO)n2[C@@H]1O[C@@H]2O[C@@H]1[C@@H]2O,False,AdenosineOnly
Nc1nc(CO)nc2c1ncn2[C@@H]1O[C@@H]2O[C@@H]1[C@@H]2O,False,AdenosineOnly
Nc1ncnc2c1ncn2[C@@H]1O[C@]2(C=O)O[C@@H]1[C@@H]2O,False,AdenosineOnly
COC[C@]12O[C@@H]([C@H](n3cnc4c(N)ncnc43)O1)[C@@H]2O,False,AdenosineOnly
CO[C@H]1[C@H]2O[C@@]1(CO)O[C@H]2n1cnc2c(N)ncnc21,False,AdenosineOnly
CC(=O)Nc1ncnc2c1ncn2[C@@H]1O[C@]2(CO)O[C@@H]1[C@@H]2O,False,AdenosineOnly
CC(=O)OC[C@]12O[C@@H]([C@H](n3cnc4c(N)ncnc43)O1)[C@@H]2O,False,AdenosineOnly
CC(=O)O[C@H]1[C@H]2O[C@@]1(CO)O[C@H]2n1cnc2c(N)ncnc21,False,AdenosineOnly
C[C@]12O[C@@H]([C@H](n3cnc4c(N)ncnc43)O1)[C@@H]2O,False,AdenosineOnly
Nc1ncnc2c1ncn2[C@@H]1O[C@]2(C(=O)O)O[C@@H]1[C@@H]2O,False,AdenosineOnly
Nc1ncnc2c1ncn2[C@@H]1OC[C@@]2(O)O[C@]12CO,False,AdenosineOnly
Nc1ncnc2c1nc(CO)n2[C@@H]1OC[C@@]2(O)O[C@@H]12,False,AdenosineOnly
Nc1nc(CO)nc2c1ncn2[C@@H]1OC[C@@]2(O)O[C@@H]12,False,AdenosineOnly
Nc1ncnc2c1ncn2[C@@H]1O[C@H](C=O)[C@@]2(O)O[C@@H]12,False,AdenosineOnly
COC[C@H]1O[C@@H](n2cnc3c(N)ncnc32)[C@@H]2O[C@]12O,False,AdenosineOnly
CO[C@]12O[C@H]1[C@H](n1cnc3c(N)ncnc31)O[C@@H]2CO,False,AdenosineOnly
CC(=O)Nc1ncnc2c1ncn2[C@@H]1O[C@H](CO)[C@@]2(O)O[C@@H]12,False,AdenosineOnly
CC(=O)OC[C@H]1O[C@@H](n2cnc3c(N)ncnc32)[C@@H]2O[C@]12O,False,AdenosineOnly
CC(=O)O[C@]12O[C@H]1[C@H](n1cnc3c(N)ncnc31)O[C@@H]2CO,False,AdenosineOnly
Nc1ncnc2c1ncn2[C@@H]1O[C@H](CO)C(O)(O)[C@H]1O,False,AdenosineOnly
C[C@H]1O[C@@H](n2cnc3c(N)ncnc32)[C@@H]2O[C@]12O,False,AdenosineOnly
Nc1ncnc2c1ncn2[C@@H]1O[C@H](C(=O)O)[C@@]2(O)O[C@@H]12,False,AdenosineOnly
Nc1ncnc2c1ncn2[C@@H]1OC[C@]2(CO)O[C@@]12O,False,AdenosineOnly
Nc1ncnc2c1nc(CO)n2[C@@H]1OC[C@H]2O[C@]21O,False,AdenosineOnly
Nc1nc(CO)nc2c1ncn2[C@@H]1OC[C@H]2O[C@]21O,False,AdenosineOnly
Nc1ncnc2c1ncn2[C@@H]1O[C@H](C=O)[C@H]2O[C@]21O,False,AdenosineOnly
COC[C@H]1O[C@@H](n2cnc3c(N)ncnc32)[C@]2(O)O[C@H]12,False,AdenosineOnly
CO[C@@]12O[C@@H]1[C@@H](CO)O[C@H]2n1cnc2c(N)ncnc21,False,AdenosineOnly
CC(=O)Nc1ncnc2c1ncn2[C@@H]1O[C@H](CO)[C@H]2O[C@]21O,False,AdenosineOnly
CC(=O)OC[C@H]1O[C@@H](n2cnc3c(N)ncnc32)[C@]2(O)O[C@H]12,False,AdenosineOnly
CC(=O)O[C@@]12O[C@@H]1[C@@H](CO)O[C@H]2n1cnc2c(N)ncnc21,False,AdenosineOnly
Nc1ncnc2c1ncn2[C@@H]1O[C@H](CO)[C@@H](O)C1(O)O,False,AdenosineOnly
C[C@H]1O[C@@H](n2cnc3c(N)ncnc32)[C@]2(O)O[C@H]12,False,AdenosineOnly
Nc1ncnc2c1ncn2[C@@H]1O[C@H](C(=O)O)[C@H]2O[C@]21O,False,AdenosineOnly
Nc1ncnc2c1ncn2[C@]12OC[C@@H](O1)[C@@]2(O)CO,False,AdenosineOnly
Nc1ncnc2c1ncn2[C@]12OC[C@](CO)(O1)[C@H]2O,False,AdenosineOnly
Nc1ncnc2c1nc(CO)n2[C@]12OC[C@@H](O1)[C@H]2O,False,AdenosineOnly
Nc1nc(CO)nc2c1ncn2[C@]12OC[C@@H](O1)[C@H]2O,False,AdenosineOnly
Nc1ncnc2c1ncn2[C@]12O[C@@H]([C@H]1O)[C@@H](C=O)O2,False,AdenosineOnly
COC[C@H]1O[C@@]2(n3cnc4c(N)ncnc43)O[C@H]1[C@H]2O,False,AdenosineOnly
CO[C@@H]1[C@@H]2O[C@]1(n1cnc3c(N)ncnc31)O[C@@H]2CO,False,AdenosineOnly
CC(=O)Nc1ncnc2c1ncn2[C@]12O[C@@H]([C@H]1O)[C@@H](CO)O2,False,AdenosineOnly
CC(=O)OC[C@H]1O[C@@]2(n3cnc4c(N)ncnc43)O[C@H]1[C@H]2O,False,AdenosineOnly
CC(=O)O[C@@H]1[C@@H]2O[C@]1(n1cnc3c(N)ncnc31)O[C@@H]2CO,False,AdenosineOnly
C[C@H]1O[C@@]2(n3cnc4c(N)ncnc43)O[C@H]1[C@H]2O,False,AdenosineOnly
Nc1ncnc2c1ncn2[C@@]12O[C@H]([C@@H](C(=O)O)O1)[C@H]2O,False,AdenosineOnly
Nc1ncnc2c1ncn2[C@@]12OC[C@@H](O)[C@]1(CO)O2,False,AdenosineOnly
Nc1ncnc2c1ncn2[C@@]12OC[C@@](O)(CO)[C@H]1O2,False,AdenosineOnly
Nc1ncnc2c1nc(CO)n2[C@@]12OC[C@@H](O)[C@H]1O2,False,AdenosineOnly
Nc1nc(CO)nc2c1ncn2[C@@]12OC[C@@H](O)[C@H]1O2,False,AdenosineOnly
Nc1ncnc2c1ncn2[C@]12O[C@@H]1[C@H](O)[C@@H](C=O)O2,False,AdenosineOnly
COC[C@H]1O[C@@]2(n3cnc4c(N)ncnc43)O[C@@H]2[C@@H]1O,False,AdenosineOnly
CO[C@H]1[C@H]2O[C@]2(n2cnc3c(N)ncnc32)O[C@@H]1CO,False,AdenosineOnly
CC(=O)Nc1ncnc2c1ncn2[C@]12O[C@@H]1[C@H](O)[C@@H](CO)O2,False,AdenosineOnly
CC(=O)OC[C@H]1O[C@@]2(n3cnc4c(N)ncnc43)O[C@@H]2[C@@H]1O,False,AdenosineOnly
CC(=O)O[C@H]1[C@H]2O[C@]2(n2cnc3c(N)ncnc32)O[C@@H]1CO,False,AdenosineOnly
Nc1ncnc2c1ncn2[C@@]1(O)O[C@H](CO)[C@@H](O)[C@H]1O,False,AdenosineOnly
C[C@H]1O[C@@]2(n3cnc4c(N)ncnc43)O[C@@H]2[C@@H]1O,False,AdenosineOnly
Nc1ncnc2c1ncn2[C@@]12O[C@H](C(=O)O)[C@@H](O)[C@H]1O2,False,AdenosineOnly
Nc1ncnc2c1nc1n2[C@@H]2OC[C@@H](O1)[C@@]2(O)CO,False,AdenosineOnly
Nc1ncnc2c1nc1n2[C@@H]2OC[C@](CO)(O1)[C@H]2O,False,AdenosineOnly
Nc1nc(CO)nc2c1nc1n2[C@@H]2OC[C@@H](O1)[C@H]2O,False,AdenosineOnly
Nc1ncnc2c1nc1n2[C@@H]2O[C@H](C=O)[C@@H](O1)[C@H]2O,False,AdenosineOnly
COC[C@H]1O[C@@H]2[C@H](O)[C@@H]1Oc1nc3c(N)ncnc3n12,False,AdenosineOnly
CO[C@@H]1[C@@H]2Oc3nc4c(N)ncnc4n3[C@@H]1O[C@@H]2CO,False,AdenosineOnly
CC(=O)Nc1ncnc2c1nc1n2[C@@H]2O[C@H](CO)[C@@H](O1)[C@H]2O,False,AdenosineOnly
CC(=O)OC[C@H]1O[C@@H]2[C@H](O)[C@@H]1Oc1nc3c(N)ncnc3n12,False,AdenosineOnly
CC(=O)O[C@@H]1[C@@H]2Oc3nc4c(N)ncnc4n3[C@@H]1O[C@@H]2CO,False,AdenosineOnly
C[C@H]1O[C@@H]2[C@H](O)[C@@H]1Oc1nc3c(N)ncnc3n12,False,AdenosineOnly
Nc1ncnc2c1nc1n2[C@@H]2O[C@H](C(=O)O)[C@@H](O1)[C@H]2O,False,AdenosineOnly
Nc1ncnc2c1nc1n2[C@@H]2OC[C@@H](O)[C@]2(CO)O1,False,AdenosineOnly
Nc1ncnc2c1nc1n2[C@@H]2OC[C@@](O)(CO)[C@H]2O1,False,AdenosineOnly
Nc1nc(CO)nc2c1nc1n2[C@@H]2OC[C@@H](O)[C@H]2O1,False,AdenosineOnly
Nc1ncnc2c1nc1n2[C@@H]2O[C@H](C=O)[C@@H](O)[C@H]2O1,False,AdenosineOnly
COC[C@H]1O[C@@H]2[C@H](Oc3nc4c(N)ncnc4n32)[C@@H]1O,False,AdenosineOnly
CO[C@H]1[C@H]2Oc3nc4c(N)ncnc4n3[C@@H]2O[C@@H]1CO,False,AdenosineOnly
CC(=O)Nc1ncnc2c1nc1n2[C@@H]2O[C@H](CO)[C@@H](O)[C@H]2O1,False,AdenosineOnly
CC(=O)OC[C@H]1O[C@@H]2[C@H](Oc3nc4c(N)ncnc4n32)[C@@H]1O,False,AdenosineOnly
CC(=O)O[C@H]1[C@H]2Oc3nc4c(N)ncnc4n3[C@@H]2O[C@@H]1CO,False,AdenosineOnly
C[C@H]1O[C@@H]2[C@H](Oc3nc4c(N)ncnc4n32)[C@@H]1O,False,AdenosineOnly
Nc1ncnc2c1nc1n2[C@@H]2O[C@H](C(=O)O)[C@@H](O)[C@H]2O1,False,AdenosineOnly
Nc1nc2nc3c1nc(CO)n3[C@@H]1OC[C@@H](O2)[C@H]1O,False,AdenosineOnly
Nc1nc2nc3c1ncn3[C@@H]1OC[C@@H](O2)[C@@]1(O)CO,False,AdenosineOnly
Nc1nc2nc3c1ncn3[C@@H]1OC[C@](CO)(O2)[C@H]1O,False,AdenosineOnly
Nc1nc2nc3c1ncn3[C@@H]1O[C@H](C=O)[C@@H](O2)[C@H]1O,False,AdenosineOnly
COC[C@H]1O[C@@H]2[C@H](O)[C@@H]1Oc1nc(N)c3ncn2c3n1,False,AdenosineOnly
CO[C@@H]1[C@@H]2Oc3nc(N)c4ncn(c4n3)[C@@H]1O[C@@H]2CO,False,AdenosineOnly
CC(=O)Nc1nc2nc3c1ncn3[C@@H]1O[C@H](CO)[C@@H](O2)[C@H]1O,False,AdenosineOnly
CC(=O)OC[C@H]1O[C@@H]2[C@H](O)[C@@H]1Oc1nc(N)c3ncn2c3n1,False,AdenosineOnly
CC(=O)O[C@@H]1[C@@H]2Oc3nc(N)c4ncn(c4n3)[C@@H]1O[C@@H]2CO,False,AdenosineOnly
C[C@H]1O[C@@H]2[C@H](O)[C@@H]1Oc1nc(N)c3ncn2c3n1,False,AdenosineOnly
Nc1nc2nc3c1ncn3[C@@H]1O[C@H](C(=O)O)[C@@H](O2)[C@H]1O,False,AdenosineOnly
Nc1nc2nc3c1nc(CO)n3[C@@H]1OC[C@@H](O)[C@H]1O2,False,AdenosineOnly
Nc1nc2nc3c1ncn3[C@@H]1OC[C@@H](O)[C@]1(CO)O2,False,AdenosineOnly
Nc1nc2nc3c1ncn3[C@@H]1OC[C@@](O)(CO)[C@H]1O2,False,AdenosineOnly
Nc1nc2nc3c1ncn3[C@@H]1O[C@H](C=O)[C@@H](O)[C@H]1O2,False,AdenosineOnly
COC[C@H]1O[C@@H]2[C@H](Oc3nc(N)c4ncn2c4n3)[C@@H]1O,False,AdenosineOnly
CO[C@H]1[C@H]2Oc3nc(N)c4ncn(c4n3)[C@@H]2O[C@@H]1CO,False,AdenosineOnly
CC(=O)Nc1nc2nc3c1ncn3[C@@H]1O[C@H](CO)[C@@H](O)[C@H]1O2,False,AdenosineOnly
CC(=O)OC[C@H]1O[C@@H]2[C@H](Oc3nc(N)c4ncn2c4n3)[C@@H]1O,False,AdenosineOnly
CC(=O)O[C@H]1[C@H]2Oc3nc(N)c4ncn(c4n3)[C@@H]2O[C@@H]1CO,False,AdenosineOnly
C[C@H]1O[C@@H]2[C@H](Oc3nc(N)c4ncn2c4n3)[C@@H]1O,False,AdenosineOnly
Nc1nc2nc3c1ncn3[C@@H]1O[C@H](C(=O)O)[C@@H](O)[C@H]1O2,False,AdenosineOnly
Nc1ncnc2c1ncn2[C@@H]1O[C@H](CO)[C@H]2OCO[C@H]21,False,AdenosineOnly
CO[C@@H]1[C@H](OC)[C@@H](C=O)O[C@H]1n1cnc2c(N)ncnc21,False,AdenosineOnly
CO[C@H]1[C@@H](O)[C@H](n2cnc3c(NC(C)=O)ncnc32)O[C@@H]1C=O,False,AdenosineOnly
CO[C@H]1[C@@H](OC(C)=O)[C@H](n2cnc3c(N)ncnc32)O[C@@H]1C=O,False,AdenosineOnly
CO[C@H]1[C@@H](O)[C@H](n2cnc3c(N)ncnc32)O[C@@H]1C(O)C#N,False,AdenosineOnly
Nc1ncnc2c1ncn2[C@@H]1O[C@H](C=O)[C@@H](OC=O)[C@H]1O,False,AdenosineOnly
CO[C@@H]1[C@H](O)[C@@H](C=O)O[C@H]1n1cnc2c(NC(C)=O)ncnc21,False,AdenosineOnly
CO[C@@H]1[C@H](OC(C)=O)[C@@H](C=O)O[C@H]1n1cnc2c(N)ncnc21,False,AdenosineOnly
CO[C@@H]1[C@H](O)[C@@H](C(O)C#N)O[C@H]1n1cnc2c(N)ncnc21,False,AdenosineOnly
Nc1ncnc2c1ncn2[C@@H]1O[C@H](C=O)[C@@H](O)[C@H]1OC=O,False,AdenosineOnly
Cc1nc(NC=O)c2ncn([C@@H]3O[C@H](C=O)[C@@H](O)[C@H]3O)c2n1,False,AdenosineOnly
Cc1nc2c(NC=O)ncnc2n1[C@@H]1O[C@H](C=O)[C@@H](O)[C@H]1O,False,AdenosineOnly
C[C@]1(n2cnc3c(NC=O)ncnc32)O[C@H](C=O)[C@@H](O)[C@H]1O,False,AdenosineOnly
C[C@]1(O)[C@H](O)[C@@H](C=O)O[C@H]1n1cnc2c(NC=O)ncnc21,False,AdenosineOnly
C[C@@]1(C=O)O[C@@H](n2cnc3c(NC=O)ncnc32)[C@H](O)[C@@H]1O,False,AdenosineOnly
C[C@]1(O)[C@@H](C=O)O[C@@H](n2cnc3c(NC=O)ncnc32)[C@@H]1O,False,AdenosineOnly
CC(=O)[C@H]1O[C@@H](n2cnc3c(NC=O)ncnc32)[C@H](O)[C@@H]1O,False,AdenosineOnly
O=C[C@H]1O[C@@H]2[C@H](OCC(O)Nc3ncnc4c3ncn42)[C@@H]1O,False,AdenosineOnly
O=C1CO[C@@H]2[C@H](O)[C@@H](CO)O[C@H]2n2cnc3c(ncnc32)N1,False,AdenosineOnly
O=C[C@H]1O[C@@H]2[C@H](O)[C@@H]1OCC(O)Nc1ncnc3c1ncn32,False,AdenosineOnly
O=C1CO[C@H]2[C@@H](O)[C@@H](O[C@@H]2CO)n2cnc3c(ncnc32)N1,False,AdenosineOnly
CC(O)Nc1nc2nc3c1ncn3[C@@H]1O[C@H](C=O)[C@@H](O)[C@H]1O2,False,AdenosineOnly
CC(O)Nc1nc2nc3c1ncn3[C@@H]1O[C@H](C=O)[C@@H](O2)[C@H]1O,False,AdenosineOnly
CC(O)Nc1ncnc2c1nc1n2[C@@H]2O[C@H](C=O)[C@@H](O)[C@H]2O1,False,AdenosineOnly
CC(O)Nc1ncnc2c1nc1n2[C@@H]2O[C@H](C=O)[C@@H](O1)[C@H]2O,False,AdenosineOnly
CC(O)Nc1ncnc2c1ncn2[C@]12O[C@@H]1[C@H](O)[C@@H](C=O)O2,False,AdenosineOnly
CC(O)Nc1ncnc2c1ncn2[C@]12O[C@@H]([C@H]1O)[C@@H](C=O)O2,False,AdenosineOnly
CC(O)Nc1ncnc2c1ncn2[C@@H]1O[C@H](C=O)[C@H]2O[C@]21O,False,AdenosineOnly
CC(O)Nc1ncnc2c1ncn2[C@@H]1O[C@]2(C=O)O[C@@H]1[C@@H]2O,False,AdenosineOnly
CC(O)Nc1ncnc2c1ncn2[C@@H]1O[C@]2(C=O)O[C@H]2[C@H]1O,False,AdenosineOnly
CC(O)Nc1ncnc2c1ncn2[C@@H]1O[C@H](C=O)[C@@]2(O)O[C@@H]12,False,AdenosineOnly
CC(O)Nc1ncnc2c1ncn2[C@@H]1O[C@@H]2C(=O)O[C@@H]1[C@@H]2O,False,AdenosineOnly
CC(O)Nc1ncnc2c1ncn2[C@@H]1O[C@@H]2C(=O)O[C@H]2[C@H]1O,False,AdenosineOnly
CC(O)Nc1ncnc2c1ncn2[C@@H]1O[C@H](C=O)[C@@H](O)[C@H]1O,False,AdenosineOnly
CC(=O)N(C)c1ncnc2c1ncn2[C@@H]1O[C@H](C=O)[C@@H](O)[C@H]1O,False,AdenosineOnly
CCC(=O)Nc1ncnc2c1ncn2[C@@H]1O[C@H](C=O)[C@@H](O)[C@H]1O,False,AdenosineOnly
CC(=O)N(C(C)=O)c1ncnc2c1ncn2[C@@H]1O[C@H](C=O)[C@@H](O)[C@H]1O,False,AdenosineOnly
CC(=O)Nc1ncnc2c1ncn2[C@@H]1O[C@H](C=O)[C@@H](O)[C@H]1OC(C)=O,False,AdenosineOnly
CC(=O)Nc1ncnc2c1ncn2[C@@H]1O[C@H](C=O)[C@@H](OC(C)=O)[C@H]1O,False,AdenosineOnly
CC(=O)Nc1ncnc2c1ncn2[C@@H]1O[C@H](C(O)C#N)[C@@H](O)[C@H]1O,False,AdenosineOnly
CC(O)(C#N)Nc1ncnc2c1ncn2[C@@H]1O[C@H](C=O)[C@@H](O)[C@H]1O,False,AdenosineOnly
CC(N)Nc1ncnc2c1ncn2[C@@H]1O[C@H](C=O)[C@@H](O)[C@H]1O,False,AdenosineOnly
CC(=O)N(C(N)=O)c1ncnc2c1ncn2[C@@H]1O[C@H](C=O)[C@@H](O)[C@H]1O,False,AdenosineOnly
O=C[C@H]1O[C@@H](n2cnc3c(NC(=O)CO)ncnc32)[C@H](O)[C@@H]1O,False,AdenosineOnly
COC(=O)Nc1ncnc2c1ncn2[C@@H]1O[C@H](C=O)[C@@H](O)[C@H]1O,False,AdenosineOnly
CC(O)Nc1ncnc2c1ncn2[C@@H]1O[C@H](C(=O)O)[C@@H](O)[C@H]1O,False,AdenosineOnly
O=C[C@H]1O[C@@H](n2cnc3c(NC(O)CO)ncnc32)[C@H](O)[C@@H]1O,False,AdenosineOnly
O=CNc1ncnc2c1ncn2[C@@H]1O[C@H](C=O)[C@@H](O)[C@H]1O,False,AdenosineOnly
CC(=O)Nc1nc(C)nc2c1ncn2[C@@H]1O[C@H](C=O)[C@@H](O)[C@H]1O,False,AdenosineOnly
CC(=O)Nc1ncnc2c1nc(C)n2[C@@H]1O[C@H](C=O)[C@@H](O)[C@H]1O,False,AdenosineOnly
CC(=O)Nc1ncnc2c1ncn2[C@@]1(C)O[C@H](C=O)[C@@H](O)[C@H]1O,False,AdenosineOnly
CC(=O)Nc1ncnc2c1ncn2[C@@H]1O[C@H](C=O)[C@@H](O)[C@]1(C)O,False,AdenosineOnly
CC(=O)Nc1ncnc2c1ncn2[C@@H]1O[C@@](C)(C=O)[C@@H](O)[C@H]1O,False,AdenosineOnly
CC(=O)Nc1ncnc2c1ncn2[C@@H]1O[C@H](C=O)[C@](C)(O)[C@H]1O,False,AdenosineOnly
CC(=O)Nc1ncnc2c1ncn2[C@@H]1O[C@H](C(C)=O)[C@@H](O)[C@H]1O,False,AdenosineOnly
C[C@]1(OC=O)[C@@H](C=O)O[C@@H](n2cnc3c(N)ncnc32)[C@@H]1O,False,AdenosineOnly
C[C@@]1(C=O)O[C@@H](n2cnc3c(N)ncnc32)[C@H](O)[C@@H]1OC=O,False,AdenosineOnly
C[C@]1(O)[C@H](OC=O)[C@@H](C=O)O[C@H]1n1cnc2c(N)ncnc21,False,AdenosineOnly
CC(=O)[C@H]1O[C@@H](n2cnc3c(N)ncnc32)[C@H](O)[C@@H]1OC=O,False,AdenosineOnly
C[C@]1(n2cnc3c(N)ncnc32)O[C@H](C=O)[C@@H](OC=O)[C@H]1O,False,AdenosineOnly
Cc1nc2c(N)ncnc2n1[C@@H]1O[C@H](C=O)[C@@H](OC=O)[C@H]1O,False,AdenosineOnly
Cc1nc(N)c2ncn([C@@H]3O[C@H](C=O)[C@@H](OC=O)[C@H]3O)c2n1,False,AdenosineOnly
CC1=Nc2ncnc3c2ncn3[C@@H]2O[C@H](C=O)[C@@H](O1)[C@H]2O,False,AdenosineOnly
Nc1ncnc2c1ncn2[C@@H]1O[C@H](C=O)[C@H]2OC(O)CO[C@H]21,False,AdenosineOnly
Nc1ncnc2c1ncn2[C@@H]1O[C@H](CO)[C@H]2OC(=O)CO[C@H]21,False,AdenosineOnly
CC(O)O[C@]12O[C@H]1[C@H](n1cnc3c(N)ncnc31)O[C@@H]2C=O,False,AdenosineOnly
CC(O)O[C@H]1[C@H]2O[C@@]1(C=O)O[C@H]2n1cnc2c(N)ncnc21,False,AdenosineOnly
CC(O)O[C@H]1[C@H]2OC(=O)[C@H]1O[C@H]2n1cnc2c(N)ncnc21,False,AdenosineOnly
CC(O)O[C@H]1[C@H]2O[C@]2(n2cnc3c(N)ncnc32)O[C@@H]1C=O,False,AdenosineOnly
CC(O)O[C@H]1[C@H]2Oc3nc4c(N)ncnc4n3[C@@H]2O[C@@H]1C=O,False,AdenosineOnly
CC(O)O[C@H]1[C@H]2Oc3nc(N)c4ncn(c4n3)[C@@H]2O[C@@H]1C=O,False,AdenosineOnly
CC(O)O[C@H]1[C@@H](O)[C@H](n2cnc3c(N)ncnc32)O[C@@H]1C=O,False,AdenosineOnly
CCO[C@H]1[C@@H](O)[C@H](n2cnc3c(N)ncnc32)O[C@@H]1C=O,False,AdenosineOnly
CCC(=O)O[C@H]1[C@@H](O)[C@H](n2cnc3c(N)ncnc32)O[C@@H]1C=O,False,AdenosineOnly
CC(=O)O[C@@H]1[C@H](OC(C)=O)[C@@H](C=O)O[C@H]1n1cnc2c(N)ncnc21,False,AdenosineOnly
CC(=O)O[C@H]1[C@@H](O)[C@H](n2cnc3c(N)ncnc32)O[C@@H]1C(O)C#N,False,AdenosineOnly
CC(O)(C#N)O[C@H]1[C@@H](O)[C@H](n2cnc3c(N)ncnc32)O[C@@H]1C=O,False,AdenosineOnly
CC(N)O[C@H]1[C@@H](O)[C@H](n2cnc3c(N)ncnc32)O[C@@H]1C=O,False,AdenosineOnly
Nc1ncnc2c1ncn2[C@@H]1O[C@H](C=O)[C@@H](OC(=O)CO)[C@H]1O,False,AdenosineOnly
COC(=O)O[C@H]1[C@@H](O)[C@H](n2cnc3c(N)ncnc32)O[C@@H]1C=O,False,AdenosineOnly
CC(O)O[C@H]1[C@@H](O)[C@H](n2cnc3c(N)ncnc32)O[C@@H]1C(=O)O,False,AdenosineOnly
Nc1ncnc2c1ncn2[C@@H]1O[C@H](C=O)[C@@H](OC(O)CO)[C@H]1O,False,AdenosineOnly
CC(=O)[C@H]1[C@@H](O)[C@H](n2cnc3c(N)ncnc32)O[C@@H]1C=O,False,AdenosineOnly
CC(=O)O[C@@]1(C)[C@@H](C=O)O[C@@H](n2cnc3c(N)ncnc32)[C@@H]1O,False,AdenosineOnly
CC(=O)O[C@H]1[C@@H](O)[C@H](n2cnc3c(N)ncnc32)O[C@@]1(C)C=O,False,AdenosineOnly
CC(=O)O[C@@H]1[C@@H](C=O)O[C@@H](n2cnc3c(N)ncnc32)[C@@]1(C)O,False,AdenosineOnly
CC(=O)O[C@H]1[C@@H](O)[C@H](n2cnc3c(N)ncnc32)O[C@@H]1C(C)=O,False,AdenosineOnly
CC(=O)O[C@H]1[C@@H](O)[C@@](C)(n2cnc3c(N)ncnc32)O[C@@H]1C=O,False,AdenosineOnly
CC(=O)O[C@H]1[C@@H](O)[C@H](n2c(C)nc3c(N)ncnc32)O[C@@H]1C=O,False,AdenosineOnly
CC(=O)O[C@H]1[C@@H](O)[C@H](n2cnc3c(N)nc(C)nc32)O[C@@H]1C=O,False,AdenosineOnly
C[C@]1(OC=O)[C@H](O)[C@@H](C=O)O[C@H]1n1cnc2c(N)ncnc21,False,AdenosineOnly
C[C@]1(O)[C@@H](C=O)O[C@@H](n2cnc3c(N)ncnc32)[C@@H]1OC=O,False,AdenosineOnly
C[C@]1(n2cnc3c(N)ncnc32)O[C@H](C=O)[C@@H](O)[C@H]1OC=O,False,AdenosineOnly
C[C@@]1(C=O)O[C@@H](n2cnc3c(N)ncnc32)[C@H](OC=O)[C@@H]1O,False,AdenosineOnly
CC(=O)[C@H]1O[C@@H](n2cnc3c(N)ncnc32)[C@H](OC=O)[C@@H]1O,False,AdenosineOnly
Cc1nc2c(N)ncnc2n1[C@@H]1O[C@H](C=O)[C@@H](O)[C@H]1OC=O,False,AdenosineOnly
Cc1nc(N)c2ncn([C@@H]3O[C@H](C=O)[C@@H](O)[C@H]3OC=O)c2n1,False,AdenosineOnly
CC1=Nc2ncnc3c2ncn3[C@@H]2O[C@H](C=O)[C@@H](O)[C@H]2O1,False,AdenosineOnly
Nc1ncnc2c1ncn2[C@@H]1O[C@H](C=O)[C@H]2OCC(O)O[C@H]21,False,AdenosineOnly
Nc1ncnc2c1ncn2[C@@H]1O[C@H](CO)[C@H]2OCC(=O)O[C@H]21,False,AdenosineOnly
CC(O)O[C@@]12O[C@@H]1[C@@H](C=O)O[C@H]2n1cnc2c(N)ncnc21,False,AdenosineOnly
CC(O)O[C@@H]1[C@@H]2O[C@]1(n1cnc3c(N)ncnc31)O[C@@H]2C=O,False,AdenosineOnly
CC(O)O[C@H]1[C@H](n2cnc3c(N)ncnc32)O[C@]2(C=O)O[C@@H]12,False,AdenosineOnly
CC(O)O[C@@H]1[C@@H]2OC(=O)[C@H]2O[C@H]1n1cnc2c(N)ncnc21,False,AdenosineOnly
CC(O)O[C@@H]1[C@@H]2Oc3nc4c(N)ncnc4n3[C@@H]1O[C@@H]2C=O,False,AdenosineOnly
CC(O)O[C@@H]1[C@@H]2Oc3nc(N)c4ncn(c4n3)[C@@H]1O[C@@H]2C=O,False,AdenosineOnly
CC(O)O[C@@H]1[C@H](O)[C@@H](C=O)O[C@H]1n1cnc2c(N)ncnc21,False,AdenosineOnly
CCO[C@@H]1[C@H](O)[C@@H](C=O)O[C@H]1n1cnc2c(N)ncnc21,False,AdenosineOnly
CCC(=O)O[C@@H]1[C@H](O)[C@@H](C=O)O[C@H]1n1cnc2c(N)ncnc21,False,AdenosineOnly
CC(=O)O[C@@H]1[C@H](O)[C@@H](C(O)C#N)O[C@H]1n1cnc2c(N)ncnc21,False,AdenosineOnly
CC(O)(C#N)O[C@@H]1[C@H](O)[C@@H](C=O)O[C@H]1n1cnc2c(N)ncnc21,False,AdenosineOnly
CC(N)O[C@@H]1[C@H](O)[C@@H](C=O)O[C@H]1n1cnc2c(N)ncnc21,False,AdenosineOnly
Nc1ncnc2c1ncn2[C@@H]1O[C@H](C=O)[C@@H](O)[C@H]1OC(=O)CO,False,AdenosineOnly
COC(=O)O[C@@H]1[C@H](O)[C@@H](C=O)O[C@H]1n1cnc2c(N)ncnc21,False,AdenosineOnly
CC(O)O[C@@H]1[C@H](O)[C@@H](C(=O)O)O[C@H]1n1cnc2c(N)ncnc21,False,AdenosineOnly
Nc1ncnc2c1ncn2[C@@H]1O[C@H](C=O)[C@@H](O)[C@H]1OC(O)CO,False,AdenosineOnly
CC(=O)[C@@H]1[C@H](O)[C@@H](C=O)O[C@H]1n1cnc2c(N)ncnc21,False,AdenosineOnly
CC(=O)O[C@@]1(C)[C@H](O)[C@@H](C=O)O[C@H]1n1cnc2c(N)ncnc21,False,AdenosineOnly
CC(=O)O[C@H]1[C@H](n2cnc3c(N)ncnc32)O[C@H](C=O)[C@]1(C)O,False,AdenosineOnly
CC(=O)O[C@@H]1[C@H](O)[C@@H](C=O)O[C@]1(C)n1cnc2c(N)ncnc21,False,AdenosineOnly
CC(=O)O[C@H]1[C@H](n2cnc3c(N)ncnc32)O[C@@](C)(C=O)[C@H]1O,False,AdenosineOnly
CC(=O)O[C@@H]1[C@H](O)[C@@H](C(C)=O)O[C@H]1n1cnc2c(N)ncnc21,False,AdenosineOnly
CC(=O)O[C@@H]1[C@H](O)[C@@H](C=O)O[C@H]1n1c(C)nc2c(N)ncnc21,False,AdenosineOnly
CC(=O)O[C@@H]1[C@H](O)[C@@H](C=O)O[C@H]1n1cnc2c(N)nc(C)nc21,False,AdenosineOnly
N#C[C@@]1(CO)O[C@@H](n2cnc3c(N)ncnc32)[C@H](O)[C@@H]1O,False,AdenosineOnly
N#C[C@]1(O)[C@@H](CO)O[C@@H](n2cnc3c(N)ncnc32)[C@@H]1O,False,AdenosineOnly
N#C[C@]1(O)[C@H](O)[C@@H](CO)O[C@H]1n1cnc2c(N)ncnc21,False,AdenosineOnly
N#C[C@]1(n2cnc3c(N)ncnc32)O[C@H](CO)[C@@H](O)[C@H]1O,False,AdenosineOnly
N#Cc1nc2c(N)ncnc2n1[C@@H]1O[C@H](CO)[C@@H](O)[C@H]1O,False,AdenosineOnly
N#Cc1nc(N)c2ncn([C@@H]3O[C@H](CO)[C@@H](O)[C@H]3O)c2n1,False,AdenosineOnly
N#CC=O,False,AdenosineOnly
N#CC(=O)[C@H]1O[C@@H](n2cnc3c(N)ncnc32)[C@H](O)[C@@H]1O,False,AdenosineOnly
COC(C#N)[C@H]1O[C@@H](n2cnc3c(N)ncnc32)[C@H](O)[C@@H]1O,False,AdenosineOnly
CC(O)(C#N)[C@H]1O[C@@H](n2cnc3c(N)ncnc32)[C@H](O)[C@@H]1O,False,AdenosineOnly
CC(=O)OC(C#N)[C@H]1O[C@@H](n2cnc3c(N)ncnc32)[C@H](O)[C@@H]1O,False,AdenosineOnly
N#CC(O)(C(=O)O)[C@H]1O[C@@H](n2cnc3c(N)ncnc32)[C@H](O)[C@@H]1O,False,AdenosineOnly
N#CC(Cl)[C@H]1O[C@@H](n2cnc3c(N)ncnc32)[C@H](O)[C@@H]1O,False,AdenosineOnly
NC(=O)C(O)[C@H]1O[C@@H](n2cnc3c(N)ncnc32)[C@H](O)[C@@H]1O,False,AdenosineOnly
Nc1ncnc2c1ncn2[C@@H]1O[C@H](C(O)C=NO)[C@@H](O)[C@H]1O,False,AdenosineOnly
N#CC[C@H]1O[C@@H](n2cnc3c(N)ncnc32)[C@H](O)[C@@H]1O,False,AdenosineOnly
Nc1ncnc2c1ncn2[C@@H]1O[C@H](C(O)C(=O)O)[C@@H](O)[C@H]1O,False,AdenosineOnly
N#CC(O)(C#N)[C@H]1O[C@@H](n2cnc3c(N)ncnc32)[C@H](O)[C@@H]1O,False,AdenosineOnly
N#CC(O)[C@]1(C#N)O[C@@H](n2cnc3c(N)ncnc32)[C@H](O)[C@@H]1O,False,AdenosineOnly
N#CC(O)[C@H]1O[C@@H](n2cnc3c(N)ncnc32)[C@H](O)[C@]1(O)C#N,False,AdenosineOnly
N#CC(O)[C@H]1O[C@@H](n2cnc3c(N)ncnc32)[C@](O)(C#N)[C@@H]1O,False,AdenosineOnly
N#CC(O)[C@H]1O[C@](C#N)(n2cnc3c(N)ncnc32)[C@H](O)[C@@H]1O,False,AdenosineOnly
N#Cc1nc2c(N)ncnc2n1[C@@H]1O[C@H](C(O)C#N)[C@@H](O)[C@H]1O,False,AdenosineOnly
N#Cc1nc(N)c2ncn([C@@H]3O[C@H](C(O)C#N)[C@@H](O)[C@H]3O)c2n1,False,AdenosineOnly
COC[C@H]1O[C@@H](n2cnc3c(N)ncnc32)[C@H](OC)[C@@H]1OC,False,AdenosineOnly
COC[C@H]1O[C@@H](n2cnc3c(NC(C)=O)ncnc32)[C@H](O)[C@@H]1OC,False,AdenosineOnly
COC[C@H]1O[C@@H](n2cnc3c(N)ncnc32)[C@H](OC(C)=O)[C@@H]1OC,False,AdenosineOnly
COC[C@H]1O[C@@H](n2cnc3c(N)ncnc32)[C@H](O)[C@@H]1OC=O,False,AdenosineOnly
COC(=O)[C@H]1O[C@@H](n2cnc3c(N)ncnc32)[C@H](O)[C@@H]1OC,False,AdenosineOnly
CO[C@H]1[C@@H](O)[C@H](n2cnc3c(N)ncnc32)O[C@@H]1COC=O,False,AdenosineOnly
COC[C@H]1O[C@@H](n2cnc3c(NC(C)=O)ncnc32)[C@H](OC)[C@@H]1O,False,AdenosineOnly
COC[C@H]1O[C@@H](n2cnc3c(N)ncnc32)[C@H](OC)[C@@H]1OC(C)=O,False,AdenosineOnly
COC[C@H]1O[C@@H](n2cnc3c(N)ncnc32)[C@H](OC=O)[C@@H]1O,False,AdenosineOnly
COC(=O)[C@H]1O[C@@H](n2cnc3c(N)ncnc32)[C@H](OC)[C@@H]1O,False,AdenosineOnly
CO[C@@H]1[C@H](O)[C@@H](COC=O)O[C@H]1n1cnc2c(N)ncnc21,False,AdenosineOnly
COC[C@H]1O[C@@H](n2cnc3c(NC=O)nc(C)nc32)[C@H](O)[C@@H]1O,False,AdenosineOnly
COC[C@H]1O[C@@H](n2c(C)nc3c(NC=O)ncnc32)[C@H](O)[C@@H]1O,False,AdenosineOnly
COC[C@H]1O[C@](C)(n2cnc3c(NC=O)ncnc32)[C@H](O)[C@@H]1O,False,AdenosineOnly
COC[C@H]1O[C@@H](n2cnc3c(NC=O)ncnc32)[C@@](C)(O)[C@@H]1O,False,AdenosineOnly
COC[C@]1(C)O[C@@H](n2cnc3c(NC=O)ncnc32)[C@H](O)[C@@H]1O,False,AdenosineOnly
COC[C@H]1O[C@@H](n2cnc3c(NC=O)ncnc32)[C@H](O)[C@@]1(C)O,False,AdenosineOnly
COC(C)[C@H]1O[C@@H](n2cnc3c(NC=O)ncnc32)[C@H](O)[C@@H]1O,False,AdenosineOnly
CCOC[C@H]1O[C@@H](n2cnc3c(NC=O)ncnc32)[C@H](O)[C@@H]1O,False,AdenosineOnly
COC[C@H]1O[C@@H]2[C@H](OCC(O)Nc3ncnc4c3ncn42)[C@@H]1O,False,AdenosineOnly
COC[C@H]1O[C@@H]2[C@H](O)[C@@H]1OCC(O)Nc1ncnc3c1ncn32,False,AdenosineOnly
COC[C@H]1O[C@@H]2[C@H](Oc3nc(NC(C)O)c4ncn2c4n3)[C@@H]1O,False,AdenosineOnly
COC[C@H]1O[C@@H]2[C@H](O)[C@@H]1Oc1nc(NC(C)O)c3ncn2c3n1,False,AdenosineOnly
COC[C@H]1O[C@@H]2[C@H](Oc3nc4c(NC(C)O)ncnc4n32)[C@@H]1O,False,AdenosineOnly
COC[C@H]1O[C@@H]2[C@H](O)[C@@H]1Oc1nc3c(NC(C)O)ncnc3n12,False,AdenosineOnly
COC[C@H]1O[C@@]2(n3cnc4c(NC(C)O)ncnc43)O[C@@H]2[C@@H]1O,False,AdenosineOnly
COC[C@H]1O[C@@]2(n3cnc4c(NC(C)O)ncnc43)O[C@H]1[C@H]2O,False,AdenosineOnly
COC[C@H]1O[C@@H](n2cnc3c(NC(C)O)ncnc32)[C@]2(O)O[C@H]12,False,AdenosineOnly
COC[C@]12O[C@@H]([C@H](n3cnc4c(NC(C)O)ncnc43)O1)[C@@H]2O,False,AdenosineOnly
COC[C@]12O[C@@H](n3cnc4c(NC(C)O)ncnc43)[C@H](O)[C@@H]1O2,False,AdenosineOnly
COC[C@H]1O[C@@H](n2cnc3c(NC(C)O)ncnc32)[C@@H]2O[C@]12O,False,AdenosineOnly
COC1O[C@@H]2[C@H](O)[C@@H]1O[C@H]2n1cnc2c(NC(C)O)ncnc21,False,AdenosineOnly
COC1O[C@H]2[C@@H](O)[C@H](n3cnc4c(NC(C)O)ncnc43)O[C@H]12,False,AdenosineOnly
CC(O)Nc1ncnc2c1ncn2[C@@H]1O[C@@H]2COCO[C@@H]1[C@@H]2O,False,AdenosineOnly
CC(O)Nc1ncnc2c1ncn2[C@@H]1O[C@@H]2COCO[C@H]2[C@H]1O,False,AdenosineOnly
COC[C@H]1O[C@@H](n2cnc3c(NC(C)O)ncnc32)[C@H](O)[C@@H]1O,False,AdenosineOnly
COC[C@H]1O[C@@H](n2cnc3c(N(C)C(C)=O)ncnc32)[C@H](O)[C@@H]1O,False,AdenosineOnly
CCC(=O)Nc1ncnc2c1ncn2[C@@H]1O[C@H](COC)[C@@H](O)[C@H]1O,False,AdenosineOnly
COC[C@H]1O[C@@H](n2cnc3c(N(C(C)=O)C(C)=O)ncnc32)[C@H](O)[C@@H]1O,False,AdenosineOnly
COC[C@H]1O[C@@H](n2cnc3c(NC(C)=O)ncnc32)[C@H](OC(C)=O)[C@@H]1O,False,AdenosineOnly
COC[C@H]1O[C@@H](n2cnc3c(NC(C)=O)ncnc32)[C@H](O)[C@@H]1OC(C)=O,False,AdenosineOnly
COC[C@H]1O[C@@H](n2cnc3c(NC(C)(O)C#N)ncnc32)[C@H](O)[C@@H]1O,False,AdenosineOnly
COC[C@H]1O[C@@H](n2cnc3c(NC(C)N)ncnc32)[C@H](O)[C@@H]1O,False,AdenosineOnly
COC[C@H]1O[C@@H](n2cnc3c(N(C(C)=O)C(N)=O)ncnc32)[C@H](O)[C@@H]1O,False,AdenosineOnly
COC[C@H]1O[C@@H](n2cnc3c(NC(=O)CO)ncnc32)[C@H](O)[C@@H]1O,False,AdenosineOnly
COC[C@H]1O[C@@H](n2cnc3c(NC(=O)OC)ncnc32)[C@H](O)[C@@H]1O,False,AdenosineOnly
COC[C@H]1O[C@@H](n2cnc3c(NC(O)CO)ncnc32)[C@H](O)[C@@H]1O,False,AdenosineOnly
COC(=O)[C@H]1O[C@@H](n2cnc3c(NC(C)=O)ncnc32)[C@H](O)[C@@H]1O,False,AdenosineOnly
CC(=O)Nc1ncnc2c1ncn2[C@@H]1O[C@H](COC=O)[C@@H](O)[C@H]1O,False,AdenosineOnly
COC[C@H]1O[C@@H](n2cnc3c(NC=O)ncnc32)[C@H](O)[C@@H]1O,False,AdenosineOnly
COC[C@H]1O[C@@H](n2cnc3c(NC(C)=O)nc(C)nc32)[C@H](O)[C@@H]1O,False,AdenosineOnly
COC[C@H]1O[C@@H](n2c(C)nc3c(NC(C)=O)ncnc32)[C@H](O)[C@@H]1O,False,AdenosineOnly
COC[C@H]1O[C@](C)(n2cnc3c(NC(C)=O)ncnc32)[C@H](O)[C@@H]1O,False,AdenosineOnly
COC[C@H]1O[C@@H](n2cnc3c(NC(C)=O)ncnc32)[C@@](C)(O)[C@@H]1O,False,AdenosineOnly
COC[C@]1(C)O[C@@H](n2cnc3c(NC(C)=O)ncnc32)[C@H](O)[C@@H]1O,False,AdenosineOnly
COC[C@H]1O[C@@H](n2cnc3c(NC(C)=O)ncnc32)[C@H](O)[C@@]1(C)O,False,AdenosineOnly
COC(C)[C@H]1O[C@@H](n2cnc3c(NC(C)=O)ncnc32)[C@H](O)[C@@H]1O,False,AdenosineOnly
CCOC[C@H]1O[C@@H](n2cnc3c(NC(C)=O)ncnc32)[C@H](O)[C@@H]1O,False,AdenosineOnly
COC[C@H]1O[C@@H](n2cnc3c(N)ncnc32)[C@H](O)[C@@]1(C)OC=O,False,AdenosineOnly
COC[C@]1(C)O[C@@H](n2cnc3c(N)ncnc32)[C@H](O)[C@@H]1OC=O,False,AdenosineOnly
COC[C@H]1O[C@@H](n2cnc3c(N)ncnc32)[C@@](C)(O)[C@@H]1OC=O,False,AdenosineOnly
COC(C)[C@H]1O[C@@H](n2cnc3c(N)ncnc32)[C@H](O)[C@@H]1OC=O,False,AdenosineOnly
COC[C@H]1O[C@](C)(n2cnc3c(N)ncnc32)[C@H](O)[C@@H]1OC=O,False,AdenosineOnly
CCOC[C@H]1O[C@@H](n2cnc3c(N)ncnc32)[C@H](O)[C@@H]1OC=O,False,AdenosineOnly
COC[C@H]1O[C@@H](n2c(C)nc3c(N)ncnc32)[C@H](O)[C@@H]1OC=O,False,AdenosineOnly
COC[C@H]1O[C@@H](n2cnc3c(N)nc(C)nc32)[C@H](O)[C@@H]1OC=O,False,AdenosineOnly
COC[C@H]1O[C@@H]2[C@H](O)[C@@H]1OC(C)=Nc1ncnc3c1ncn32,False,AdenosineOnly
COC[C@H]1O[C@@H](n2cnc3c(N)ncnc32)[C@@H]2OCC(O)O[C@@H]21,False,AdenosineOnly
COC[C@H]1O[C@@H](n2cnc3c(N)ncnc32)[C@@H]2O[C@]12OC(C)O,False,AdenosineOnly
COC[C@]12O[C@@H]([C@H](n3cnc4c(N)ncnc43)O1)[C@@H]2OC(C)O,False,AdenosineOnly
COC1O[C@@H]2[C@H](OC(C)O)[C@@H]1O[C@H]2n1cnc2c(N)ncnc21,False,AdenosineOnly
COC[C@H]1O[C@@]2(n3cnc4c(N)ncnc43)O[C@@H]2[C@@H]1OC(C)O,False,AdenosineOnly
CC(O)O[C@H]1[C@H]2OCOC[C@H]1O[C@H]2n1cnc2c(N)ncnc21,False,AdenosineOnly
COC[C@H]1O[C@@H]2[C@H](Oc3nc4c(N)ncnc4n32)[C@@H]1OC(C)O,False,AdenosineOnly
COC[C@H]1O[C@@H]2[C@H](Oc3nc(N)c4ncn2c4n3)[C@@H]1OC(C)O,False,AdenosineOnly
COC[C@H]1O[C@@H](n2cnc3c(N)ncnc32)[C@H](O)[C@@H]1OC(C)O,False,AdenosineOnly
CCO[C@H]1[C@@H](O)[C@H](n2cnc3c(N)ncnc32)O[C@@H]1COC,False,AdenosineOnly
CCC(=O)O[C@H]1[C@@H](O)[C@H](n2cnc3c(N)ncnc32)O[C@@H]1COC,False,AdenosineOnly
COC[C@H]1O[C@@H](n2cnc3c(N)ncnc32)[C@H](OC(C)=O)[C@@H]1OC(C)=O,False,AdenosineOnly
COC[C@H]1O[C@@H](n2cnc3c(N)ncnc32)[C@H](O)[C@@H]1OC(C)(O)C#N,False,AdenosineOnly
COC[C@H]1O[C@@H](n2cnc3c(N)ncnc32)[C@H](O)[C@@H]1OC(C)N,False,AdenosineOnly
COC[C@H]1O[C@@H](n2cnc3c(N)ncnc32)[C@H](O)[C@@H]1OC(=O)CO,False,AdenosineOnly
COC[C@H]1O[C@@H](n2cnc3c(N)ncnc32)[C@H](O)[C@@H]1OC(=O)OC,False,AdenosineOnly
COC[C@H]1O[C@@H](n2cnc3c(N)ncnc32)[C@H](O)[C@@H]1OC(O)CO,False,AdenosineOnly
COC[C@H]1O[C@@H](n2cnc3c(N)ncnc32)[C@H](O)[C@@H]1C(C)=O,False,AdenosineOnly
COC(=O)[C@H]1O[C@@H](n2cnc3c(N)ncnc32)[C@H](O)[C@@H]1OC(C)=O,False,AdenosineOnly
CC(=O)O[C@H]1[C@@H](O)[C@H](n2cnc3c(N)ncnc32)O[C@@H]1COC=O,False,AdenosineOnly
COC[C@H]1O[C@@H](n2cnc3c(N)ncnc32)[C@H](O)[C@@]1(C)OC(C)=O,False,AdenosineOnly
COC[C@]1(C)O[C@@H](n2cnc3c(N)ncnc32)[C@H](O)[C@@H]1OC(C)=O,False,AdenosineOnly
COC[C@H]1O[C@@H](n2cnc3c(N)ncnc32)[C@@](C)(O)[C@@H]1OC(C)=O,False,AdenosineOnly
COC(C)[C@H]1O[C@@H](n2cnc3c(N)ncnc32)[C@H](O)[C@@H]1OC(C)=O,False,AdenosineOnly
COC[C@H]1O[C@](C)(n2cnc3c(N)ncnc32)[C@H](O)[C@@H]1OC(C)=O,False,AdenosineOnly
CCOC[C@H]1O[C@@H](n2cnc3c(N)ncnc32)[C@H](O)[C@@H]1OC(C)=O,False,AdenosineOnly
COC[C@H]1O[C@@H](n2c(C)nc3c(N)ncnc32)[C@H](O)[C@@H]1OC(C)=O,False,AdenosineOnly
COC[C@H]1O[C@@H](n2cnc3c(N)nc(C)nc32)[C@H](O)[C@@H]1OC(C)=O,False,AdenosineOnly
COC[C@H]1O[C@@H](n2cnc3c(N)ncnc32)[C@@](C)(OC=O)[C@@H]1O,False,AdenosineOnly
COC[C@H]1O[C@@H](n2cnc3c(N)ncnc32)[C@H](OC=O)[C@@]1(C)O,False,AdenosineOnly
COC[C@H]1O[C@](C)(n2cnc3c(N)ncnc32)[C@H](OC=O)[C@@H]1O,False,AdenosineOnly
COC[C@]1(C)O[C@@H](n2cnc3c(N)ncnc32)[C@H](OC=O)[C@@H]1O,False,AdenosineOnly
COC(C)[C@H]1O[C@@H](n2cnc3c(N)ncnc32)[C@H](OC=O)[C@@H]1O,False,AdenosineOnly
COC[C@H]1O[C@@H](n2c(C)nc3c(N)ncnc32)[C@H](OC=O)[C@@H]1O,False,AdenosineOnly
CCOC[C@H]1O[C@@H](n2cnc3c(N)ncnc32)[C@H](OC=O)[C@@H]1O,False,AdenosineOnly
COC[C@H]1O[C@@H](n2cnc3c(N)nc(C)nc32)[C@H](OC=O)[C@@H]1O,False,AdenosineOnly
COC[C@H]1O[C@@H]2[C@H](OC(C)=Nc3ncnc4c3ncn42)[C@@H]1O,False,AdenosineOnly
COC[C@H]1O[C@@H](n2cnc3c(N)ncnc32)[C@@H]2OC(O)CO[C@@H]21,False,AdenosineOnly
COC[C@H]1O[C@@H](n2cnc3c(N)ncnc32)[C@]2(OC(C)O)O[C@H]12,False,AdenosineOnly
COC[C@H]1O[C@@]2(n3cnc4c(N)ncnc43)O[C@H]1[C@H]2OC(C)O,False,AdenosineOnly
COC[C@]12O[C@@H](n3cnc4c(N)ncnc43)[C@H](OC(C)O)[C@@H]1O2,False,AdenosineOnly
COC1O[C@H]2[C@@H](OC(C)O)[C@H](n3cnc4c(N)ncnc43)O[C@H]12,False,AdenosineOnly
COC[C@H]1O[C@@H]2[C@H](OC(C)O)[C@@H]1Oc1nc3c(N)ncnc3n12,False,AdenosineOnly
CC(O)O[C@@H]1[C@@H]2OCOC[C@H]2O[C@H]1n1cnc2c(N)ncnc21,False,AdenosineOnly
COC[C@H]1O[C@@H]2[C@H](OC(C)O)[C@@H]1Oc1nc(N)c3ncn2c3n1,False,AdenosineOnly
COC[C@H]1O[C@@H](n2cnc3c(N)ncnc32)[C@H](OC(C)O)[C@@H]1O,False,AdenosineOnly
CCO[C@@H]1[C@H](O)[C@@H](COC)O[C@H]1n1cnc2c(N)ncnc21,False,AdenosineOnly
CCC(=O)O[C@@H]1[C@H](O)[C@@H](COC)O[C@H]1n1cnc2c(N)ncnc21,False,AdenosineOnly
COC[C@H]1O[C@@H](n2cnc3c(N)ncnc32)[C@H](OC(C)(O)C#N)[C@@H]1O,False,AdenosineOnly
COC[C@H]1O[C@@H](n2cnc3c(N)ncnc32)[C@H](OC(C)N)[C@@H]1O,False,AdenosineOnly
COC[C@H]1O[C@@H](n2cnc3c(N)ncnc32)[C@H](OC(=O)CO)[C@@H]1O,False,AdenosineOnly
COC[C@H]1O[C@@H](n2cnc3c(N)ncnc32)[C@H](OC(=O)OC)[C@@H]1O,False,AdenosineOnly
COC[C@H]1O[C@@H](n2cnc3c(N)ncnc32)[C@H](OC(O)CO)[C@@H]1O,False,AdenosineOnly
COC[C@H]1O[C@@H](n2cnc3c(N)ncnc32)[C@H](C(C)=O)[C@@H]1O,False,AdenosineOnly
COC(=O)[C@H]1O[C@@H](n2cnc3c(N)ncnc32)[C@H](OC(C)=O)[C@@H]1O,False,AdenosineOnly
CC(=O)O[C@@H]1[C@H](O)[C@@H](COC=O)O[C@H]1n1cnc2c(N)ncnc21,False,AdenosineOnly
COC[C@H]1O[C@@H](n2cnc3c(N)ncnc32)[C@@](C)(OC(C)=O)[C@@H]1O,False,AdenosineOnly
COC[C@H]1O[C@@H](n2cnc3c(N)ncnc32)[C@H](OC(C)=O)[C@@]1(C)O,False,AdenosineOnly
COC[C@H]1O[C@](C)(n2cnc3c(N)ncnc32)[C@H](OC(C)=O)[C@@H]1O,False,AdenosineOnly
COC[C@]1(C)O[C@@H](n2cnc3c(N)ncnc32)[C@H](OC(C)=O)[C@@H]1O,False,AdenosineOnly
COC(C)[C@H]1O[C@@H](n2cnc3c(N)ncnc32)[C@H](OC(C)=O)[C@@H]1O,False,AdenosineOnly
COC[C@H]1O[C@@H](n2c(C)nc3c(N)ncnc32)[C@H](OC(C)=O)[C@@H]1O,False,AdenosineOnly
CCOC[C@H]1O[C@@H](n2cnc3c(N)ncnc32)[C@H](OC(C)=O)[C@@H]1O,False,AdenosineOnly
COC[C@H]1O[C@@H](n2cnc3c(N)nc(C)nc32)[C@H](OC(C)=O)[C@@H]1O,False,AdenosineOnly
COS(=O)(=O)O,False,AdenosineOnly
COC,False,AdenosineOnly
CO[C@H]1O[C@H](CO)[C@@H](O)[C@H](O)[C@H]1O,False,AdenosineOnly
COC(C)=O,False,AdenosineOnly
COP(=O)(O)O,False,AdenosineOnly
O=CO,False,AdenosineOnly
O[C@@H]1[C@H](O)[C@H]2COC=Nc3ncnc4c3ncn4[C@@H]1O2,False,AdenosineOnly
Nc1ncnc2c1ncn2[C@@H]1O[C@@H]2C(OCO)O[C@H]2[C@H]1O,False,AdenosineOnly
Nc1ncnc2c1ncn2[C@@H]1O[C@@H]2C(OCO)O[C@@H]1[C@@H]2O,False,AdenosineOnly
Nc1ncnc2c1ncn2[C@@H]1O[C@]2(COCO)O[C@H]2[C@H]1O,False,AdenosineOnly
Nc1ncnc2c1ncn2[C@@H]1O[C@]2(COCO)O[C@@H]1[C@@H]2O,False,AdenosineOnly
Nc1ncnc2c1ncn2[C@@H]1O[C@H](COCO)[C@@]2(O)O[C@@H]12,False,AdenosineOnly
Nc1ncnc2c1ncn2[C@@H]1O[C@H](COCO)[C@H]2O[C@]21O,False,AdenosineOnly
Nc1ncnc2c1ncn2[C@]12O[C@@H]([C@H]1O)[C@@H](COCO)O2,False,AdenosineOnly
Nc1ncnc2c1ncn2[C@]12O[C@@H]1[C@H](O)[C@@H](COCO)O2,False,AdenosineOnly
Nc1ncnc2c1nc1n2[C@@H]2O[C@H](COCO)[C@@H](O1)[C@H]2O,False,AdenosineOnly
Nc1ncnc2c1nc1n2[C@@H]2O[C@H](COCO)[C@@H](O)[C@H]2O1,False,AdenosineOnly
Nc1nc2nc3c1ncn3[C@@H]1O[C@H](COCO)[C@@H](O2)[C@H]1O,False,AdenosineOnly
Nc1nc2nc3c1ncn3[C@@H]1O[C@H](COCO)[C@@H](O)[C@H]1O2,False,AdenosineOnly
Nc1ncnc2c1ncn2[C@@H]1O[C@H](C(=O)OC=O)[C@@H](O)[C@H]1O,False,AdenosineOnly
Nc1ncnc2c1ncn2[C@@H]1O[C@H](COC=O)[C@@H](OC=O)[C@H]1O,False,AdenosineOnly
Nc1ncnc2c1ncn2[C@@H]1O[C@H](COC=O)[C@@H](O)[C@H]1OC=O,False,AdenosineOnly
O=CNc1ncnc2c1ncn2[C@@H]1O[C@H](COC=O)[C@@H](O)[C@H]1O,False,AdenosineOnly
COC1=Nc2ncnc3c2ncn3[C@@H]2O[C@H]1[C@@H](O)[C@H]2O,False,AdenosineOnly
COC(O)[C@]12O[C@@H](n3cnc4c(N)ncnc43)[C@H](O)[C@@H]1O2,False,AdenosineOnly
COC(O)[C@]12O[C@@H]([C@H](n3cnc4c(N)ncnc43)O1)[C@@H]2O,False,AdenosineOnly
Nc1ncnc2c1ncn2[C@@H]1O[C@@H]2C(O)OCO[C@H]2[C@H]1O,False,AdenosineOnly
Nc1ncnc2c1ncn2[C@@H]1O[C@@H]2C(O)OCO[C@@H]1[C@@H]2O,False,AdenosineOnly
COC(O)[C@H]1O[C@@H](n2cnc3c(N)ncnc32)[C@@H]2O[C@]12O,False,AdenosineOnly
COC(O)[C@H]1O[C@@H](n2cnc3c(N)ncnc32)[C@]2(O)O[C@H]12,False,AdenosineOnly
COC(O)[C@H]1O[C@@]2(n3cnc4c(N)ncnc43)O[C@H]1[C@H]2O,False,AdenosineOnly
COC(O)[C@H]1O[C@@]2(n3cnc4c(N)ncnc43)O[C@@H]2[C@@H]1O,False,AdenosineOnly
COC(O)[C@H]1O[C@@H]2[C@H](O)[C@@H]1Oc1nc3c(N)ncnc3n12,False,AdenosineOnly
COC(O)[C@H]1O[C@@H]2[C@H](Oc3nc4c(N)ncnc4n32)[C@@H]1O,False,AdenosineOnly
COC(O)[C@H]1O[C@@H]2[C@H](O)[C@@H]1Oc1nc(N)c3ncn2c3n1,False,AdenosineOnly
COC(O)[C@H]1O[C@@H]2[C@H](Oc3nc(N)c4ncn2c4n3)[C@@H]1O,False,AdenosineOnly
COC(O)[C@H]1O[C@@H](n2cnc3c(N)ncnc32)[C@H](O)[C@@H]1O,False,AdenosineOnly
COC(O)(C#N)[C@H]1O[C@@H](n2cnc3c(N)ncnc32)[C@H](O)[C@@H]1O,False,AdenosineOnly
CO[C@@H]1[C@H](OC)[C@@H](CO)O[C@H]1n1cnc2c(NC(C)=O)ncnc21,False,AdenosineOnly
CO[C@@H]1[C@H](OC)[C@@H](COC(C)=O)O[C@H]1n1cnc2c(N)ncnc21,False,AdenosineOnly
CO[C@@H]1[C@H](OC)[C@@H](C)O[C@H]1n1cnc2c(N)ncnc21,False,AdenosineOnly
CO[C@H]1[C@@H](OC=O)[C@H](n2cnc3c(N)ncnc32)O[C@@H]1CO,False,AdenosineOnly
CO[C@@H]1[C@H](OC=O)[C@@H](CO)O[C@H]1n1cnc2c(N)ncnc21,False,AdenosineOnly
CO[C@@H]1[C@H](OC)[C@@H](C(=O)O)O[C@H]1n1cnc2c(N)ncnc21,False,AdenosineOnly
CO[C@H]1[C@@H](O)[C@H](n2cnc3c(NC=O)nc(C)nc32)O[C@@H]1CO,False,AdenosineOnly
CO[C@H]1[C@@H](O)[C@H](n2c(C)nc3c(NC=O)ncnc32)O[C@@H]1CO,False,AdenosineOnly
CO[C@H]1[C@@H](O)[C@@](C)(n2cnc3c(NC=O)ncnc32)O[C@@H]1CO,False,AdenosineOnly
CO[C@@H]1[C@@H](CO)O[C@@H](n2cnc3c(NC=O)ncnc32)[C@@]1(C)O,False,AdenosineOnly
CO[C@@]1(C)[C@@H](CO)O[C@@H](n2cnc3c(NC=O)ncnc32)[C@@H]1O,False,AdenosineOnly
CO[C@H]1[C@@H](O)[C@H](n2cnc3c(NC=O)ncnc32)O[C@@]1(C)CO,False,AdenosineOnly
CO[C@H]1[C@@H](O)[C@H](n2cnc3c(NC=O)ncnc32)O[C@@H]1C(C)O,False,AdenosineOnly
CCO[C@H]1[C@@H](O)[C@H](n2cnc3c(NC=O)ncnc32)O[C@@H]1CO,False,AdenosineOnly
CO[C@H]1[C@H]2OCC(O)Nc3ncnc4c3ncn4[C@@H]2O[C@@H]1CO,False,AdenosineOnly
CO[C@H]1[C@@H](O)[C@H]2O[C@@H]1COCC(O)Nc1ncnc3c1ncn32,False,AdenosineOnly
CO[C@H]1[C@H]2Oc3nc(NC(C)O)c4ncn(c4n3)[C@@H]2O[C@@H]1CO,False,AdenosineOnly
CO[C@H]1[C@@H](O)[C@H]2O[C@@H]1COc1nc(NC(C)O)c3ncn2c3n1,False,AdenosineOnly
CO[C@H]1[C@H]2Oc3nc4c(NC(C)O)ncnc4n3[C@@H]2O[C@@H]1CO,False,AdenosineOnly
CO[C@H]1[C@@H](O)[C@H]2O[C@@H]1COc1nc3c(NC(C)O)ncnc3n12,False,AdenosineOnly
CO[C@H]1[C@H]2O[C@]2(n2cnc3c(NC(C)O)ncnc32)O[C@@H]1CO,False,AdenosineOnly
CO[C@H]1[C@@H](O)[C@]2(n3cnc4c(NC(C)O)ncnc43)OC[C@H]1O2,False,AdenosineOnly
CO[C@@H]1[C@H]2CO[C@@]1(O)[C@H](n1cnc3c(NC(C)O)ncnc31)O2,False,AdenosineOnly
CO[C@]12O[C@H]1[C@H](n1cnc3c(NC(C)O)ncnc31)O[C@@H]2CO,False,AdenosineOnly
CO[C@@]12OC[C@H]1O[C@@H](n1cnc3c(NC(C)O)ncnc31)[C@@H]2O,False,AdenosineOnly
CO[C@H]1[C@H]2O[C@@]1(CO)O[C@H]2n1cnc2c(NC(C)O)ncnc21,False,AdenosineOnly
CO[C@H]1[C@@H](O)[C@H](n2cnc3c(NC(C)O)ncnc32)O[C@@]12CO2,False,AdenosineOnly
CO[C@H]1[C@H]2OC(O)[C@H]1O[C@H]2n1cnc2c(NC(C)O)ncnc21,False,AdenosineOnly
CC(O)Nc1ncnc2c1ncn2[C@@H]1O[C@H](CO)[C@H]2OCO[C@H]21,False,AdenosineOnly
CO[C@H]1[C@@H](O)[C@H](n2cnc3c(NC(C)O)ncnc32)O[C@@H]1CO,False,AdenosineOnly
CO[C@H]1[C@@H](O)[C@H](n2cnc3c(N(C)C(C)=O)ncnc32)O[C@@H]1CO,False,AdenosineOnly
CCC(=O)Nc1ncnc2c1ncn2[C@@H]1O[C@H](CO)[C@@H](OC)[C@H]1O,False,AdenosineOnly
CO[C@H]1[C@@H](O)[C@H](n2cnc3c(N(C(C)=O)C(C)=O)ncnc32)O[C@@H]1CO,False,AdenosineOnly
CO[C@H]1[C@@H](O)[C@H](n2cnc3c(NC(C)=O)ncnc32)O[C@@H]1COC(C)=O,False,AdenosineOnly
CO[C@H]1[C@@H](OC(C)=O)[C@H](n2cnc3c(NC(C)=O)ncnc32)O[C@@H]1CO,False,AdenosineOnly
CO[C@H]1[C@@H](O)[C@H](n2cnc3c(NC(C)(O)C#N)ncnc32)O[C@@H]1CO,False,AdenosineOnly
CO[C@H]1[C@@H](O)[C@H](n2cnc3c(NC(C)N)ncnc32)O[C@@H]1CO,False,AdenosineOnly
CO[C@H]1[C@@H](O)[C@H](n2cnc3c(N(C(C)=O)C(N)=O)ncnc32)O[C@@H]1CO,False,AdenosineOnly
CO[C@H]1[C@@H](O)[C@H](n2cnc3c(NC(=O)CO)ncnc32)O[C@@H]1CO,False,AdenosineOnly
COC(=O)Nc1ncnc2c1ncn2[C@@H]1O[C@H](CO)[C@@H](OC)[C@H]1O,False,AdenosineOnly
CO[C@H]1[C@@H](O)[C@H](n2cnc3c(NC(O)CO)ncnc32)O[C@@H]1CO,False,AdenosineOnly
CO[C@H]1[C@@H](O)[C@H](n2cnc3c(NC(C)=O)ncnc32)O[C@@H]1C,False,AdenosineOnly
CO[C@H]1[C@@H](O)[C@H](n2cnc3c(NC(C)=O)ncnc32)O[C@@H]1C(=O)O,False,AdenosineOnly
CC(=O)Nc1ncnc2c1ncn2[C@@H]1O[C@H](CO)[C@@H](OC=O)[C@H]1O,False,AdenosineOnly
CO[C@H]1[C@@H](O)[C@H](n2cnc3c(NC=O)ncnc32)O[C@@H]1CO,False,AdenosineOnly
CO[C@H]1[C@@H](O)[C@H](n2cnc3c(NC(C)=O)nc(C)nc32)O[C@@H]1CO,False,AdenosineOnly
CO[C@H]1[C@@H](O)[C@H](n2c(C)nc3c(NC(C)=O)ncnc32)O[C@@H]1CO,False,AdenosineOnly
CO[C@H]1[C@@H](O)[C@@](C)(n2cnc3c(NC(C)=O)ncnc32)O[C@@H]1CO,False,AdenosineOnly
CO[C@@H]1[C@@H](CO)O[C@@H](n2cnc3c(NC(C)=O)ncnc32)[C@@]1(C)O,False,AdenosineOnly
CO[C@@]1(C)[C@@H](CO)O[C@@H](n2cnc3c(NC(C)=O)ncnc32)[C@@H]1O,False,AdenosineOnly
CO[C@H]1[C@@H](O)[C@H](n2cnc3c(NC(C)=O)ncnc32)O[C@@]1(C)CO,False,AdenosineOnly
CO[C@H]1[C@@H](O)[C@H](n2cnc3c(NC(C)=O)ncnc32)O[C@@H]1C(C)O,False,AdenosineOnly
CCO[C@H]1[C@@H](O)[C@H](n2cnc3c(NC(C)=O)ncnc32)O[C@@H]1CO,False,AdenosineOnly
CO[C@H]1[C@@H](O)[C@H](n2cnc3c(N)ncnc32)O[C@@H]1C(C)OC=O,False,AdenosineOnly
CO[C@H]1[C@@H](O)[C@H](n2cnc3c(N)ncnc32)O[C@@]1(C)COC=O,False,AdenosineOnly
CO[C@@]1(C)[C@@H](COC=O)O[C@@H](n2cnc3c(N)ncnc32)[C@@H]1O,False,AdenosineOnly
CO[C@@H]1[C@@H](COC=O)O[C@@H](n2cnc3c(N)ncnc32)[C@@]1(C)O,False,AdenosineOnly
CO[C@H]1[C@@H](O)[C@@](C)(n2cnc3c(N)ncnc32)O[C@@H]1COC=O,False,AdenosineOnly
CCO[C@H]1[C@@H](O)[C@H](n2cnc3c(N)ncnc32)O[C@@H]1COC=O,False,AdenosineOnly
CO[C@H]1[C@@H](O)[C@H](n2c(C)nc3c(N)ncnc32)O[C@@H]1COC=O,False,AdenosineOnly
CO[C@H]1[C@@H](O)[C@H](n2cnc3c(N)nc(C)nc32)O[C@@H]1COC=O,False,AdenosineOnly
CO[C@H]1[C@@H](O)[C@H]2O[C@@H]1COC(C)=Nc1ncnc3c1ncn32,False,AdenosineOnly
CO[C@H]1[C@H]2OCC(O)OC[C@H]1O[C@H]2n1cnc2c(N)ncnc21,False,AdenosineOnly
CO[C@H]1[C@H]2OC(OC(C)O)[C@H]1O[C@H]2n1cnc2c(N)ncnc21,False,AdenosineOnly
CO[C@H]1[C@H]2O[C@@]1(COC(C)O)O[C@H]2n1cnc2c(N)ncnc21,False,AdenosineOnly
CO[C@]12O[C@H]1[C@H](n1cnc3c(N)ncnc31)O[C@@H]2COC(C)O,False,AdenosineOnly
CO[C@H]1[C@H]2O[C@]2(n2cnc3c(N)ncnc32)O[C@@H]1COC(C)O,False,AdenosineOnly
CC(O)OC[C@H]1O[C@@H](n2cnc3c(N)ncnc32)[C@@H]2OCO[C@@H]21,False,AdenosineOnly
CO[C@H]1[C@H]2Oc3nc4c(N)ncnc4n3[C@@H]2O[C@@H]1COC(C)O,False,AdenosineOnly
CO[C@H]1[C@H]2Oc3nc(N)c4ncn(c4n3)[C@@H]2O[C@@H]1COC(C)O,False,AdenosineOnly
CO[C@H]1[C@@H](O)[C@H](n2cnc3c(N)ncnc32)O[C@@H]1COC(C)O,False,AdenosineOnly
CCOC[C@H]1O[C@@H](n2cnc3c(N)ncnc32)[C@H](O)[C@@H]1OC,False,AdenosineOnly
CCC(=O)OC[C@H]1O[C@@H](n2cnc3c(N)ncnc32)[C@H](O)[C@@H]1OC,False,AdenosineOnly
CO[C@H]1[C@@H](OC(C)=O)[C@H](n2cnc3c(N)ncnc32)O[C@@H]1COC(C)=O,False,AdenosineOnly
CO[C@H]1[C@@H](O)[C@H](n2cnc3c(N)ncnc32)O[C@@H]1COC(C)(O)C#N,False,AdenosineOnly
CO[C@H]1[C@@H](O)[C@H](n2cnc3c(N)ncnc32)O[C@@H]1COC(C)N,False,AdenosineOnly
CO[C@H]1[C@@H](O)[C@H](n2cnc3c(N)ncnc32)O[C@@H]1COC(=O)CO,False,AdenosineOnly
COC(=O)OC[C@H]1O[C@@H](n2cnc3c(N)ncnc32)[C@H](O)[C@@H]1OC,False,AdenosineOnly
CO[C@H]1[C@@H](O)[C@H](n2cnc3c(N)ncnc32)O[C@@H]1COC(O)CO,False,AdenosineOnly
CO[C@H]1[C@@H](O)[C@H](n2cnc3c(N)ncnc32)O[C@@H]1CC(C)=O,False,AdenosineOnly
CO[C@H]1[C@@H](O)[C@H](n2cnc3c(N)ncnc32)O[C@@H]1C(=O)OC(C)=O,False,AdenosineOnly
CC(=O)OC[C@H]1O[C@@H](n2cnc3c(N)ncnc32)[C@H](O)[C@@H]1OC=O,False,AdenosineOnly
CO[C@H]1[C@@H](O)[C@H](n2cnc3c(N)ncnc32)O[C@@H]1C(C)OC(C)=O,False,AdenosineOnly
CO[C@H]1[C@@H](O)[C@H](n2cnc3c(N)ncnc32)O[C@@]1(C)COC(C)=O,False,AdenosineOnly
CO[C@@]1(C)[C@@H](COC(C)=O)O[C@@H](n2cnc3c(N)ncnc32)[C@@H]1O,False,AdenosineOnly
CO[C@@H]1[C@@H](COC(C)=O)O[C@@H](n2cnc3c(N)ncnc32)[C@@]1(C)O,False,AdenosineOnly
CO[C@H]1[C@@H](O)[C@@](C)(n2cnc3c(N)ncnc32)O[C@@H]1COC(C)=O,False,AdenosineOnly
CCO[C@H]1[C@@H](O)[C@H](n2cnc3c(N)ncnc32)O[C@@H]1COC(C)=O,False,AdenosineOnly
CO[C@H]1[C@@H](O)[C@H](n2c(C)nc3c(N)ncnc32)O[C@@H]1COC(C)=O,False,AdenosineOnly
CO[C@H]1[C@@H](O)[C@H](n2cnc3c(N)nc(C)nc32)O[C@@H]1COC(C)=O,False,AdenosineOnly
CO[C@@H]1[C@@H](CO)O[C@@H](n2cnc3c(N)ncnc32)[C@@]1(C)OC=O,False,AdenosineOnly
CO[C@@]1(C)[C@@H](CO)O[C@@H](n2cnc3c(N)ncnc32)[C@@H]1OC=O,False,AdenosineOnly
CO[C@H]1[C@@H](OC=O)[C@@](C)(n2cnc3c(N)ncnc32)O[C@@H]1CO,False,AdenosineOnly
CO[C@H]1[C@@H](OC=O)[C@H](n2cnc3c(N)ncnc32)O[C@@]1(C)CO,False,AdenosineOnly
CCO[C@H]1[C@@H](OC=O)[C@H](n2cnc3c(N)ncnc32)O[C@@H]1CO,False,AdenosineOnly
CO[C@H]1[C@@H](OC=O)[C@H](n2cnc3c(N)ncnc32)O[C@@H]1C(C)O,False,AdenosineOnly
CO[C@H]1[C@@H](OC=O)[C@H](n2c(C)nc3c(N)ncnc32)O[C@@H]1CO,False,AdenosineOnly
CO[C@H]1[C@@H](OC=O)[C@H](n2cnc3c(N)nc(C)nc32)O[C@@H]1CO,False,AdenosineOnly
CO[C@H]1[C@H]2OC(C)=Nc3ncnc4c3ncn4[C@@H]2O[C@@H]1CO,False,AdenosineOnly
CO[C@H]1[C@H]2OC(O)COC[C@H]1O[C@H]2n1cnc2c(N)ncnc21,False,AdenosineOnly
CO[C@@H]1[C@H]2CO[C@@]1(OC(C)O)[C@H](n1cnc3c(N)ncnc31)O2,False,AdenosineOnly
CO[C@@]12OC[C@H]1O[C@@H](n1cnc3c(N)ncnc31)[C@@H]2OC(C)O,False,AdenosineOnly
CO[C@H]1[C@@H](OC(C)O)[C@]2(n3cnc4c(N)ncnc43)OC[C@H]1O2,False,AdenosineOnly
CO[C@H]1[C@@H](OC(C)O)[C@H](n2cnc3c(N)ncnc32)O[C@@]12CO2,False,AdenosineOnly
CO[C@H]1[C@@H](OC(C)O)[C@H]2O[C@@H]1COc1nc3c(N)ncnc3n12,False,AdenosineOnly
CO[C@H]1[C@@H](OC(C)O)[C@H]2O[C@@H]1COc1nc(N)c3ncn2c3n1,False,AdenosineOnly
CO[C@H]1[C@@H](OC(C)O)[C@H](n2cnc3c(N)ncnc32)O[C@@H]1CO,False,AdenosineOnly
CCO[C@@H]1[C@H](OC)[C@@H](CO)O[C@H]1n1cnc2c(N)ncnc21,False,AdenosineOnly
CCC(=O)O[C@@H]1[C@H](OC)[C@@H](CO)O[C@H]1n1cnc2c(N)ncnc21,False,AdenosineOnly
CO[C@H]1[C@@H](OC(C)(O)C#N)[C@H](n2cnc3c(N)ncnc32)O[C@@H]1CO,False,AdenosineOnly
CO[C@H]1[C@@H](OC(C)N)[C@H](n2cnc3c(N)ncnc32)O[C@@H]1CO,False,AdenosineOnly
CO[C@H]1[C@@H](OC(=O)CO)[C@H](n2cnc3c(N)ncnc32)O[C@@H]1CO,False,AdenosineOnly
COC(=O)O[C@@H]1[C@H](OC)[C@@H](CO)O[C@H]1n1cnc2c(N)ncnc21,False,AdenosineOnly
CO[C@H]1[C@@H](OC(O)CO)[C@H](n2cnc3c(N)ncnc32)O[C@@H]1CO,False,AdenosineOnly
CO[C@H]1[C@@H](OC(C)=O)[C@H](n2cnc3c(N)ncnc32)O[C@@H]1C,False,AdenosineOnly
CO[C@H]1[C@@H](C(C)=O)[C@H](n2cnc3c(N)ncnc32)O[C@@H]1CO,False,AdenosineOnly
CC(=O)O[C@@H]1[C@H](OC=O)[C@@H](CO)O[C@H]1n1cnc2c(N)ncnc21,False,AdenosineOnly
CO[C@H]1[C@@H](OC(C)=O)[C@H](n2cnc3c(N)ncnc32)O[C@@H]1C(=O)O,False,AdenosineOnly
CO[C@@H]1[C@@H](CO)O[C@@H](n2cnc3c(N)ncnc32)[C@@]1(C)OC(C)=O,False,AdenosineOnly
CO[C@@]1(C)[C@@H](CO)O[C@@H](n2cnc3c(N)ncnc32)[C@@H]1OC(C)=O,False,AdenosineOnly
CO[C@H]1[C@@H](OC(C)=O)[C@@](C)(n2cnc3c(N)ncnc32)O[C@@H]1CO,False,AdenosineOnly
CO[C@H]1[C@@H](OC(C)=O)[C@H](n2cnc3c(N)ncnc32)O[C@@]1(C)CO,False,AdenosineOnly
CCO[C@H]1[C@@H](OC(C)=O)[C@H](n2cnc3c(N)ncnc32)O[C@@H]1CO,False,AdenosineOnly
CO[C@H]1[C@@H](OC(C)=O)[C@H](n2cnc3c(N)ncnc32)O[C@@H]1C(C)O,False,AdenosineOnly
CO[C@H]1[C@@H](OC(C)=O)[C@H](n2c(C)nc3c(N)ncnc32)O[C@@H]1CO,False,AdenosineOnly
CO[C@H]1[C@@H](OC(C)=O)[C@H](n2cnc3c(N)nc(C)nc32)O[C@@H]1CO,False,AdenosineOnly
CO[C@H]1[C@@H](OP(=O)(O)O)[C@H](n2cnc3c(N)ncnc32)O[C@@H]1C,False,AdenosineOnly
CO[C@H]1[C@@H](OS(=O)(=O)O)[C@H](n2cnc3c(N)ncnc32)O[C@@H]1C,False,AdenosineOnly
C[C@H]1O[C@@H](n2cnc3c(N)ncnc32)[C@H](O)[C@@H]1OC=O,False,AdenosineOnly
OC[C@H]1O[C@@H]2[C@H](O)[C@@H]1OC=Nc1ncnc3c1ncn32,False,AdenosineOnly
Nc1ncnc2c1ncn2[C@@H]1O[C@H](CO)[C@@]2(OCO)O[C@@H]12,False,AdenosineOnly
Nc1ncnc2c1ncn2[C@@H]1O[C@@H]2CO[C@@]2(OCO)[C@H]1O,False,AdenosineOnly
Nc1ncnc2c1ncn2[C@@H]1O[C@@H]2CO[C@]1(O)[C@@H]2OCO,False,AdenosineOnly
Nc1ncnc2c1ncn2[C@@H]1O[C@]2(CO)O[C@@H]1[C@@H]2OCO,False,AdenosineOnly
Nc1ncnc2c1ncn2[C@@H]1O[C@@]2(CO2)[C@@H](OCO)[C@H]1O,False,AdenosineOnly
Nc1ncnc2c1ncn2[C@]12O[C@@H]1[C@H](OCO)[C@@H](CO)O2,False,AdenosineOnly
Nc1ncnc2c1ncn2[C@@]12OC[C@@H](O1)[C@@H](OCO)[C@H]2O,False,AdenosineOnly
Nc1ncnc2c1ncn2[C@@H]1O[C@@H]2C(O)O[C@@H]1[C@@H]2OCO,False,AdenosineOnly
Nc1ncnc2c1nc1n2[C@@H]2O[C@H](CO)[C@@H](OCO)[C@H]2O1,False,AdenosineOnly
Nc1ncnc2c1nc1n2[C@@H]2O[C@H](CO1)[C@@H](OCO)[C@H]2O,False,AdenosineOnly
Nc1nc2nc3c1ncn3[C@@H]1O[C@H](CO)[C@@H](OCO)[C@H]1O2,False,AdenosineOnly
Nc1nc2nc3c1ncn3[C@@H]1O[C@H](CO2)[C@@H](OCO)[C@H]1O,False,AdenosineOnly
Nc1ncnc2c1ncn2[C@@H]1O[C@H](C(=O)O)[C@@H](OC=O)[C@H]1O,False,AdenosineOnly
Nc1ncnc2c1ncn2[C@@H]1O[C@H](CO)[C@@H](OC=O)[C@H]1OC=O,False,AdenosineOnly
CO[C@@H]1CO[C@@H](n2cnc3c(N)ncnc32)[C@@H]1O,False,AdenosineOnly
CO[C@H]1[C@@H](O)[C@H]2O[C@@H]1C(O)=Nc1ncnc3c1ncn32,False,AdenosineOnly
CO[C@H]1[C@@H](O)[C@H](n2cnc3c(N)ncnc32)O[C@]12OC2O,False,AdenosineOnly
CO[C@H]1[C@H]2O[C@@]1(C(O)O)O[C@H]2n1cnc2c(N)ncnc21,False,AdenosineOnly
CO[C@@]12OC(O)[C@H]1O[C@@H](n1cnc3c(N)ncnc31)[C@@H]2O,False,AdenosineOnly
CO[C@]12O[C@H]1[C@H](n1cnc3c(N)ncnc31)O[C@@H]2C(O)O,False,AdenosineOnly
CO[C@@H]1[C@@H]2O[C@@H](n3cnc4c(N)ncnc43)[C@]1(O)OC2O,False,AdenosineOnly
CO[C@@H]1[C@@H]2O[C@@](n3cnc4c(N)ncnc43)(OC2O)[C@@H]1O,False,AdenosineOnly
CO[C@@H]1[C@@H](C(O)O)O[C@@]2(n3cnc4c(N)ncnc43)O[C@H]12,False,AdenosineOnly
Nc1ncnc2c1ncn2[C@@H]1O[C@H](C(O)O)[C@H]2OCO[C@H]21,False,AdenosineOnly
CO[C@H]1[C@@H](O)[C@H]2O[C@@H]1C(O)Oc1nc3c(N)ncnc3n12,False,AdenosineOnly
CO[C@H]1[C@H]2Oc3nc4c(N)ncnc4n3[C@@H]2O[C@@H]1C(O)O,False,AdenosineOnly
CO[C@H]1[C@@H](O)[C@H]2O[C@@H]1C(O)Oc1nc(N)c3ncn2c3n1,False,AdenosineOnly
CO[C@H]1[C@H]2Oc3nc(N)c4ncn(c4n3)[C@@H]2O[C@@H]1C(O)O,False,AdenosineOnly
CO[C@H]1[C@@H](O)[C@H](n2cnc3c(N)ncnc32)O[C@@H]1C(O)O,False,AdenosineOnly
CO[C@H]1[C@@H](O)[C@H](n2cnc3c(N)ncnc32)O[C@@H]1C(O)(O)C#N,False,AdenosineOnly
CO[C@H]1[C@@H](O)[C@H](n2cnc3c(N)ncnc32)O[C@@H]1C(N)=O,False,AdenosineOnly
CO[C@@H]1[C@H](O)[C@@H](CO)O[C@H]1n1cnc2c(NC=O)nc(C)nc21,False,AdenosineOnly
CO[C@@H]1[C@H](O)[C@@H](CO)O[C@H]1n1c(C)nc2c(NC=O)ncnc21,False,AdenosineOnly
CO[C@@H]1[C@H](O)[C@@H](CO)O[C@]1(C)n1cnc2c(NC=O)ncnc21,False,AdenosineOnly
CO[C@@]1(C)[C@H](O)[C@@H](CO)O[C@H]1n1cnc2c(NC=O)ncnc21,False,AdenosineOnly
CO[C@H]1[C@H](n2cnc3c(NC=O)ncnc32)O[C@H](CO)[C@]1(C)O,False,AdenosineOnly
CO[C@H]1[C@H](n2cnc3c(NC=O)ncnc32)O[C@@](C)(CO)[C@H]1O,False,AdenosineOnly
CCO[C@@H]1[C@H](O)[C@@H](CO)O[C@H]1n1cnc2c(NC=O)ncnc21,False,AdenosineOnly
CO[C@@H]1[C@H](O)[C@@H](C(C)O)O[C@H]1n1cnc2c(NC=O)ncnc21,False,AdenosineOnly
CO[C@@H]1[C@@H]2OCC(O)Nc3ncnc4c3ncn4[C@@H]1O[C@@H]2CO,False,AdenosineOnly
CO[C@@H]1[C@H](O)[C@H]2COCC(O)Nc3ncnc4c3ncn4[C@@H]1O2,False,AdenosineOnly
CO[C@@H]1[C@@H]2Oc3nc(NC(C)O)c4ncn(c4n3)[C@@H]1O[C@@H]2CO,False,AdenosineOnly
CO[C@@H]1[C@H](O)[C@H]2COc3nc(NC(C)O)c4ncn(c4n3)[C@@H]1O2,False,AdenosineOnly
CO[C@@H]1[C@@H]2Oc3nc4c(NC(C)O)ncnc4n3[C@@H]1O[C@@H]2CO,False,AdenosineOnly
CO[C@@H]1[C@H](O)[C@H]2COc3nc4c(NC(C)O)ncnc4n3[C@@H]1O2,False,AdenosineOnly
CO[C@@H]1[C@@H]2O[C@]1(n1cnc3c(NC(C)O)ncnc31)O[C@@H]2CO,False,AdenosineOnly
CO[C@@H]1[C@H](O)[C@H]2CO[C@]1(n1cnc3c(NC(C)O)ncnc31)O2,False,AdenosineOnly
CO[C@@]12O[C@@H]1[C@@H](CO)O[C@H]2n1cnc2c(NC(C)O)ncnc21,False,AdenosineOnly
CO[C@]12OC[C@@H](O[C@H]1n1cnc3c(NC(C)O)ncnc31)[C@H]2O,False,AdenosineOnly
CO[C@H]1[C@H](n2cnc3c(NC(C)O)ncnc32)O[C@@H]2CO[C@]21O,False,AdenosineOnly
CO[C@H]1[C@H](n2cnc3c(NC(C)O)ncnc32)O[C@]2(CO)O[C@@H]12,False,AdenosineOnly
CO[C@H]1[C@H](n2cnc3c(NC(C)O)ncnc32)O[C@@]2(CO2)[C@H]1O,False,AdenosineOnly
CO[C@@H]1[C@@H]2OC(O)[C@H]2O[C@H]1n1cnc2c(NC(C)O)ncnc21,False,AdenosineOnly
CO[C@@H]1[C@H](O)[C@@H](CO)O[C@H]1n1cnc2c(NC(C)O)ncnc21,False,AdenosineOnly
CO[C@@H]1[C@H](O)[C@@H](CO)O[C@H]1n1cnc2c(N(C)C(C)=O)ncnc21,False,AdenosineOnly
CCC(=O)Nc1ncnc2c1ncn2[C@@H]1O[C@H](CO)[C@@H](O)[C@H]1OC,False,AdenosineOnly
CO[C@@H]1[C@H](O)[C@@H](CO)O[C@H]1n1cnc2c(N(C(C)=O)C(C)=O)ncnc21,False,AdenosineOnly
CO[C@@H]1[C@H](O)[C@@H](COC(C)=O)O[C@H]1n1cnc2c(NC(C)=O)ncnc21,False,AdenosineOnly
CO[C@@H]1[C@H](OC(C)=O)[C@@H](CO)O[C@H]1n1cnc2c(NC(C)=O)ncnc21,False,AdenosineOnly
CO[C@@H]1[C@H](O)[C@@H](CO)O[C@H]1n1cnc2c(NC(C)(O)C#N)ncnc21,False,AdenosineOnly
CO[C@@H]1[C@H](O)[C@@H](CO)O[C@H]1n1cnc2c(NC(C)N)ncnc21,False,AdenosineOnly
CO[C@@H]1[C@H](O)[C@@H](CO)O[C@H]1n1cnc2c(N(C(C)=O)C(N)=O)ncnc21,False,AdenosineOnly
CO[C@@H]1[C@H](O)[C@@H](CO)O[C@H]1n1cnc2c(NC(=O)CO)ncnc21,False,AdenosineOnly
COC(=O)Nc1ncnc2c1ncn2[C@@H]1O[C@H](CO)[C@@H](O)[C@H]1OC,False,AdenosineOnly
CO[C@@H]1[C@H](O)[C@@H](CO)O[C@H]1n1cnc2c(NC(O)CO)ncnc21,False,AdenosineOnly
CO[C@@H]1[C@H](O)[C@@H](C)O[C@H]1n1cnc2c(NC(C)=O)ncnc21,False,AdenosineOnly
CC(=O)Nc1ncnc2c1ncn2[C@@H]1O[C@H](CO)[C@@H](O)[C@H]1OC=O,False,AdenosineOnly
CO[C@@H]1[C@H](O)[C@@H](C(=O)O)O[C@H]1n1cnc2c(NC(C)=O)ncnc21,False,AdenosineOnly
CO[C@@H]1[C@H](O)[C@@H](CO)O[C@H]1n1cnc2c(NC=O)ncnc21,False,AdenosineOnly
CO[C@@H]1[C@H](O)[C@@H](CO)O[C@H]1n1cnc2c(NC(C)=O)nc(C)nc21,False,AdenosineOnly
CO[C@@H]1[C@H](O)[C@@H](CO)O[C@H]1n1c(C)nc2c(NC(C)=O)ncnc21,False,AdenosineOnly
CO[C@@H]1[C@H](O)[C@@H](CO)O[C@]1(C)n1cnc2c(NC(C)=O)ncnc21,False,AdenosineOnly
CO[C@@]1(C)[C@H](O)[C@@H](CO)O[C@H]1n1cnc2c(NC(C)=O)ncnc21,False,AdenosineOnly
CO[C@H]1[C@H](n2cnc3c(NC(C)=O)ncnc32)O[C@H](CO)[C@]1(C)O,False,AdenosineOnly
CO[C@H]1[C@H](n2cnc3c(NC(C)=O)ncnc32)O[C@@](C)(CO)[C@H]1O,False,AdenosineOnly
CCO[C@@H]1[C@H](O)[C@@H](CO)O[C@H]1n1cnc2c(NC(C)=O)ncnc21,False,AdenosineOnly
CO[C@@H]1[C@H](O)[C@@H](C(C)O)O[C@H]1n1cnc2c(NC(C)=O)ncnc21,False,AdenosineOnly
CO[C@@H]1[C@H](O)[C@@H](C(C)OC=O)O[C@H]1n1cnc2c(N)ncnc21,False,AdenosineOnly
CO[C@H]1[C@H](n2cnc3c(N)ncnc32)O[C@@](C)(COC=O)[C@H]1O,False,AdenosineOnly
CO[C@H]1[C@H](n2cnc3c(N)ncnc32)O[C@H](COC=O)[C@]1(C)O,False,AdenosineOnly
CO[C@@]1(C)[C@H](O)[C@@H](COC=O)O[C@H]1n1cnc2c(N)ncnc21,False,AdenosineOnly
CO[C@@H]1[C@H](O)[C@@H](COC=O)O[C@]1(C)n1cnc2c(N)ncnc21,False,AdenosineOnly
CCO[C@@H]1[C@H](O)[C@@H](COC=O)O[C@H]1n1cnc2c(N)ncnc21,False,AdenosineOnly
CO[C@@H]1[C@H](O)[C@@H](COC=O)O[C@H]1n1c(C)nc2c(N)ncnc21,False,AdenosineOnly
CO[C@@H]1[C@H](O)[C@@H](COC=O)O[C@H]1n1cnc2c(N)nc(C)nc21,False,AdenosineOnly
CO[C@@H]1[C@H](O)[C@H]2COC(C)=Nc3ncnc4c3ncn4[C@@H]1O2,False,AdenosineOnly
CO[C@@H]1[C@@H]2OCC(O)OC[C@H]2O[C@H]1n1cnc2c(N)ncnc21,False,AdenosineOnly
CO[C@@H]1[C@@H]2OC(OC(C)O)[C@H]2O[C@H]1n1cnc2c(N)ncnc21,False,AdenosineOnly
CO[C@H]1[C@H](n2cnc3c(N)ncnc32)O[C@]2(COC(C)O)O[C@@H]12,False,AdenosineOnly
CO[C@@]12O[C@@H]1[C@@H](COC(C)O)O[C@H]2n1cnc2c(N)ncnc21,False,AdenosineOnly
CO[C@@H]1[C@@H]2O[C@]1(n1cnc3c(N)ncnc31)O[C@@H]2COC(C)O,False,AdenosineOnly
CO[C@@H]1[C@@H]2Oc3nc4c(N)ncnc4n3[C@@H]1O[C@@H]2COC(C)O,False,AdenosineOnly
CO[C@@H]1[C@@H]2Oc3nc(N)c4ncn(c4n3)[C@@H]1O[C@@H]2COC(C)O,False,AdenosineOnly
CO[C@@H]1[C@H](O)[C@@H](COC(C)O)O[C@H]1n1cnc2c(N)ncnc21,False,AdenosineOnly
CCOC[C@H]1O[C@@H](n2cnc3c(N)ncnc32)[C@H](OC)[C@@H]1O,False,AdenosineOnly
CCC(=O)OC[C@H]1O[C@@H](n2cnc3c(N)ncnc32)[C@H](OC)[C@@H]1O,False,AdenosineOnly
CO[C@@H]1[C@H](OC(C)=O)[C@@H](COC(C)=O)O[C@H]1n1cnc2c(N)ncnc21,False,AdenosineOnly
CO[C@@H]1[C@H](O)[C@@H](COC(C)(O)C#N)O[C@H]1n1cnc2c(N)ncnc21,False,AdenosineOnly
CO[C@@H]1[C@H](O)[C@@H](COC(C)N)O[C@H]1n1cnc2c(N)ncnc21,False,AdenosineOnly
CO[C@@H]1[C@H](O)[C@@H](COC(=O)CO)O[C@H]1n1cnc2c(N)ncnc21,False,AdenosineOnly
COC(=O)OC[C@H]1O[C@@H](n2cnc3c(N)ncnc32)[C@H](OC)[C@@H]1O,False,AdenosineOnly
CO[C@@H]1[C@H](O)[C@@H](COC(O)CO)O[C@H]1n1cnc2c(N)ncnc21,False,AdenosineOnly
CO[C@@H]1[C@H](O)[C@@H](CC(C)=O)O[C@H]1n1cnc2c(N)ncnc21,False,AdenosineOnly
CO[C@@H]1[C@H](O)[C@@H](C(=O)OC(C)=O)O[C@H]1n1cnc2c(N)ncnc21,False,AdenosineOnly
CC(=O)OC[C@H]1O[C@@H](n2cnc3c(N)ncnc32)[C@H](OC=O)[C@@H]1O,False,AdenosineOnly
CO[C@@H]1[C@H](O)[C@@H](C(C)OC(C)=O)O[C@H]1n1cnc2c(N)ncnc21,False,AdenosineOnly
CO[C@H]1[C@H](n2cnc3c(N)ncnc32)O[C@@](C)(COC(C)=O)[C@H]1O,False,AdenosineOnly
CO[C@H]1[C@H](n2cnc3c(N)ncnc32)O[C@H](COC(C)=O)[C@]1(C)O,False,AdenosineOnly
CO[C@@]1(C)[C@H](O)[C@@H](COC(C)=O)O[C@H]1n1cnc2c(N)ncnc21,False,AdenosineOnly
CO[C@@H]1[C@H](O)[C@@H](COC(C)=O)O[C@]1(C)n1cnc2c(N)ncnc21,False,AdenosineOnly
CCO[C@@H]1[C@H](O)[C@@H](COC(C)=O)O[C@H]1n1cnc2c(N)ncnc21,False,AdenosineOnly
CO[C@@H]1[C@H](O)[C@@H](COC(C)=O)O[C@H]1n1c(C)nc2c(N)ncnc21,False,AdenosineOnly
CO[C@@H]1[C@H](O)[C@@H](COC(C)=O)O[C@H]1n1cnc2c(N)nc(C)nc21,False,AdenosineOnly
CO[C@H]1[C@H](n2cnc3c(N)ncnc32)O[C@H](CO)[C@]1(C)OC=O,False,AdenosineOnly
CO[C@@]1(C)[C@H](OC=O)[C@@H](CO)O[C@H]1n1cnc2c(N)ncnc21,False,AdenosineOnly
CO[C@H]1[C@H](n2cnc3c(N)ncnc32)O[C@@](C)(CO)[C@H]1OC=O,False,AdenosineOnly
CO[C@@H]1[C@H](OC=O)[C@@H](CO)O[C@]1(C)n1cnc2c(N)ncnc21,False,AdenosineOnly
CO[C@@H]1[C@H](OC=O)[C@@H](C(C)O)O[C@H]1n1cnc2c(N)ncnc21,False,AdenosineOnly
CCO[C@@H]1[C@H](OC=O)[C@@H](CO)O[C@H]1n1cnc2c(N)ncnc21,False,AdenosineOnly
CO[C@@H]1[C@H](OC=O)[C@@H](CO)O[C@H]1n1c(C)nc2c(N)ncnc21,False,AdenosineOnly
CO[C@@H]1[C@H](OC=O)[C@@H](CO)O[C@H]1n1cnc2c(N)nc(C)nc21,False,AdenosineOnly
CO[C@@H]1[C@@H]2OC(C)=Nc3ncnc4c3ncn4[C@@H]1O[C@@H]2CO,False,AdenosineOnly
CO[C@@H]1[C@@H]2OC(O)COC[C@H]2O[C@H]1n1cnc2c(N)ncnc21,False,AdenosineOnly
CO[C@H]1[C@H](n2cnc3c(N)ncnc32)O[C@@H]2CO[C@]21OC(C)O,False,AdenosineOnly
CO[C@]12OC[C@@H](O[C@H]1n1cnc3c(N)ncnc31)[C@H]2OC(C)O,False,AdenosineOnly
CO[C@H]1[C@H](n2cnc3c(N)ncnc32)O[C@@]2(CO2)[C@H]1OC(C)O,False,AdenosineOnly
CO[C@@H]1[C@H](OC(C)O)[C@H]2CO[C@]1(n1cnc3c(N)ncnc31)O2,False,AdenosineOnly
CO[C@@H]1[C@H](OC(C)O)[C@H]2COc3nc4c(N)ncnc4n3[C@@H]1O2,False,AdenosineOnly
CO[C@@H]1[C@H](OC(C)O)[C@H]2COc3nc(N)c4ncn(c4n3)[C@@H]1O2,False,AdenosineOnly
CO[C@@H]1[C@H](OC(C)O)[C@@H](CO)O[C@H]1n1cnc2c(N)ncnc21,False,AdenosineOnly
CCO[C@H]1[C@@H](OC)[C@H](n2cnc3c(N)ncnc32)O[C@@H]1CO,False,AdenosineOnly
CCC(=O)O[C@H]1[C@@H](OC)[C@H](n2cnc3c(N)ncnc32)O[C@@H]1CO,False,AdenosineOnly
CO[C@@H]1[C@H](OC(C)(O)C#N)[C@@H](CO)O[C@H]1n1cnc2c(N)ncnc21,False,AdenosineOnly
CO[C@@H]1[C@H](OC(C)N)[C@@H](CO)O[C@H]1n1cnc2c(N)ncnc21,False,AdenosineOnly
CO[C@@H]1[C@H](OC(=O)CO)[C@@H](CO)O[C@H]1n1cnc2c(N)ncnc21,False,AdenosineOnly
COC(=O)O[C@H]1[C@@H](OC)[C@H](n2cnc3c(N)ncnc32)O[C@@H]1CO,False,AdenosineOnly
CO[C@@H]1[C@H](OC(O)CO)[C@@H](CO)O[C@H]1n1cnc2c(N)ncnc21,False,AdenosineOnly
CO[C@@H]1[C@H](OC(C)=O)[C@@H](C)O[C@H]1n1cnc2c(N)ncnc21,False,AdenosineOnly
CO[C@@H]1[C@H](C(C)=O)[C@@H](CO)O[C@H]1n1cnc2c(N)ncnc21,False,AdenosineOnly
CO[C@@H]1[C@H](OC(C)=O)[C@@H](C(=O)O)O[C@H]1n1cnc2c(N)ncnc21,False,AdenosineOnly
CC(=O)O[C@H]1[C@@H](OC=O)[C@H](n2cnc3c(N)ncnc32)O[C@@H]1CO,False,AdenosineOnly
CO[C@H]1[C@H](n2cnc3c(N)ncnc32)O[C@H](CO)[C@]1(C)OC(C)=O,False,AdenosineOnly
CO[C@@]1(C)[C@H](OC(C)=O)[C@@H](CO)O[C@H]1n1cnc2c(N)ncnc21,False,AdenosineOnly
CO[C@H]1[C@H](n2cnc3c(N)ncnc32)O[C@@](C)(CO)[C@H]1OC(C)=O,False,AdenosineOnly
CO[C@@H]1[C@H](OC(C)=O)[C@@H](CO)O[C@]1(C)n1cnc2c(N)ncnc21,False,AdenosineOnly
CO[C@@H]1[C@H](OC(C)=O)[C@@H](C(C)O)O[C@H]1n1cnc2c(N)ncnc21,False,AdenosineOnly
CCO[C@@H]1[C@H](OC(C)=O)[C@@H](CO)O[C@H]1n1cnc2c(N)ncnc21,False,AdenosineOnly
CO[C@@H]1[C@H](OC(C)=O)[C@@H](CO)O[C@H]1n1c(C)nc2c(N)ncnc21,False,AdenosineOnly
CO[C@@H]1[C@H](OC(C)=O)[C@@H](CO)O[C@H]1n1cnc2c(N)nc(C)nc21,False,AdenosineOnly
CO[C@@H]1[C@H](OP(=O)(O)O)[C@@H](C)O[C@H]1n1cnc2c(N)ncnc21,False,AdenosineOnly
CO[C@@H]1[C@H](OS(=O)(=O)O)[C@@H](C)O[C@H]1n1cnc2c(N)ncnc21,False,AdenosineOnly
C[C@H]1O[C@@H](n2cnc3c(N)ncnc32)[C@H](OC=O)[C@@H]1O,False,AdenosineOnly
OC[C@H]1O[C@@H]2[C@H](OC=Nc3ncnc4c3ncn42)[C@@H]1O,False,AdenosineOnly
Nc1ncnc2c1ncn2[C@@H]1O[C@H](CO)[C@H]2O[C@]21OCO,False,AdenosineOnly
Nc1ncnc2c1ncn2[C@@H]1O[C@@H]2CO[C@]1(OCO)[C@@H]2O,False,AdenosineOnly
Nc1ncnc2c1ncn2[C@]12O[C@@H]([C@H]1OCO)[C@@H](CO)O2,False,AdenosineOnly
Nc1ncnc2c1ncn2[C@@]12OC[C@@H](O1)[C@@H](O)[C@H]2OCO,False,AdenosineOnly
Nc1ncnc2c1ncn2[C@@H]1O[C@@H]2CO[C@@]2(O)[C@H]1OCO,False,AdenosineOnly
Nc1ncnc2c1ncn2[C@@H]1O[C@]2(CO)O[C@H]2[C@H]1OCO,False,AdenosineOnly
Nc1ncnc2c1ncn2[C@@H]1O[C@@]2(CO2)[C@@H](O)[C@H]1OCO,False,AdenosineOnly
Nc1ncnc2c1nc1n2[C@@H]2O[C@H](CO)[C@@H](O1)[C@H]2OCO,False,AdenosineOnly
Nc1ncnc2c1nc1n2[C@@H]2O[C@H](CO1)[C@@H](O)[C@H]2OCO,False,AdenosineOnly
Nc1ncnc2c1ncn2[C@@H]1O[C@@H]2C(O)O[C@H]2[C@H]1OCO,False,AdenosineOnly
Nc1nc2nc3c1ncn3[C@@H]1O[C@H](CO)[C@@H](O2)[C@H]1OCO,False,AdenosineOnly
Nc1nc2nc3c1ncn3[C@@H]1O[C@H](CO2)[C@@H](O)[C@H]1OCO,False,AdenosineOnly
Nc1ncnc2c1ncn2[C@@H]1O[C@H](C(=O)O)[C@@H](O)[C@H]1OC=O,False,AdenosineOnly
CO[C@@H]1[C@H](O)CO[C@H]1n1cnc2c(N)ncnc21,False,AdenosineOnly
CO[C@@H]1[C@H](O)[C@@H]2O[C@H]1n1cnc3c(ncnc31)N=C2O,False,AdenosineOnly
CO[C@H]1[C@H](n2cnc3c(N)ncnc32)O[C@]2(OC2O)[C@H]1O,False,AdenosineOnly
CO[C@H]1[C@H](n2cnc3c(N)ncnc32)O[C@]2(C(O)O)O[C@@H]12,False,AdenosineOnly
CO[C@H]1[C@H](n2cnc3c(N)ncnc32)O[C@@H]2C(O)O[C@]21O,False,AdenosineOnly
CO[C@]12OC(O)[C@@H](O[C@H]1n1cnc3c(N)ncnc31)[C@H]2O,False,AdenosineOnly
CO[C@@]12O[C@@H]1[C@@H](C(O)O)O[C@H]2n1cnc2c(N)ncnc21,False,AdenosineOnly
CO[C@@H]1[C@H](O)[C@@H]2O[C@@]1(n1cnc3c(N)ncnc31)OC2O,False,AdenosineOnly
CO[C@@H]1[C@@H]2O[C@]1(n1cnc3c(N)ncnc31)O[C@@H]2C(O)O,False,AdenosineOnly
CO[C@@H]1[C@H](O)[C@@H]2O[C@H]1n1c(nc3c(N)ncnc31)OC2O,False,AdenosineOnly
CO[C@@H]1[C@@H]2Oc3nc4c(N)ncnc4n3[C@@H]1O[C@@H]2C(O)O,False,AdenosineOnly
CO[C@@H]1[C@H](O)[C@@H]2O[C@H]1n1cnc3c(N)nc(nc31)OC2O,False,AdenosineOnly
CO[C@@H]1[C@@H]2Oc3nc(N)c4ncn(c4n3)[C@@H]1O[C@@H]2C(O)O,False,AdenosineOnly
CO[C@@H]1[C@H](O)[C@@H](C(O)O)O[C@H]1n1cnc2c(N)ncnc21,False,AdenosineOnly
CO[C@@H]1[C@H](O)[C@@H](C(O)(O)C#N)O[C@H]1n1cnc2c(N)ncnc21,False,AdenosineOnly
CO[C@@H]1[C@H](O)[C@@H](C(N)=O)O[C@H]1n1cnc2c(N)ncnc21,False,AdenosineOnly
OCNc1nc2nc3c1ncn3[C@@H]1O[C@H](CO)[C@@H](O)[C@H]1OC2,False,AdenosineOnly
OCNc1nc2nc3c1ncn3[C@@H]1O[C@H](CO)[C@@H](OC2)[C@H]1O,False,AdenosineOnly
OCNc1nc2nc3c1ncn3[C@@H]1O[C@H](COC2)[C@@H](O)[C@H]1O,False,AdenosineOnly
Cc1nc(NCO)c2nc3n(c2n1)[C@@H]1O[C@H](CO)[C@@H](O)[C@H]1O3,False,AdenosineOnly
Cc1nc(NCO)c2nc3n(c2n1)[C@@H]1O[C@H](CO)[C@@H](O3)[C@H]1O,False,AdenosineOnly
Cc1nc(NCO)c2nc3n(c2n1)[C@@H]1O[C@H](CO3)[C@@H](O)[C@H]1O,False,AdenosineOnly
Cc1nc(NCO)c2ncn([C@]34O[C@@H]3[C@H](O)[C@@H](CO)O4)c2n1,False,AdenosineOnly
Cc1nc(NCO)c2ncn([C@]34O[C@@H]([C@H]3O)[C@@H](CO)O4)c2n1,False,AdenosineOnly
Cc1nc(NCO)c2ncn([C@@]34OC[C@@H](O3)[C@@H](O)[C@H]4O)c2n1,False,AdenosineOnly
Cc1nc(NCO)c2ncn([C@@H]3O[C@H](CO)[C@H]4O[C@]43O)c2n1,False,AdenosineOnly
Cc1nc(NCO)c2ncn([C@@H]3O[C@@H]4CO[C@]3(O)[C@@H]4O)c2n1,False,AdenosineOnly
Cc1nc(NCO)c2ncn([C@@H]3O[C@H](CO)[C@@]4(O)O[C@@H]34)c2n1,False,AdenosineOnly
Cc1nc(NCO)c2ncn([C@@H]3O[C@@H]4CO[C@@]4(O)[C@H]3O)c2n1,False,AdenosineOnly
Cc1nc(NCO)c2ncn([C@@H]3O[C@]4(CO)O[C@@H]3[C@@H]4O)c2n1,False,AdenosineOnly
Cc1nc(NCO)c2ncn([C@@H]3O[C@]4(CO)O[C@H]4[C@H]3O)c2n1,False,AdenosineOnly
Cc1nc(NCO)c2ncn([C@@H]3O[C@@]4(CO4)[C@@H](O)[C@H]3O)c2n1,False,AdenosineOnly
Cc1nc(NCO)c2ncn([C@@H]3O[C@@H]4C(O)O[C@@H]3[C@@H]4O)c2n1,False,AdenosineOnly
Cc1nc(NCO)c2ncn([C@@H]3O[C@@H]4C(O)O[C@H]4[C@H]3O)c2n1,False,AdenosineOnly
Cc1nc(N(C)C=O)c2ncn([C@@H]3O[C@H](CO)[C@@H](O)[C@H]3O)c2n1,False,AdenosineOnly
CC(=O)N(C=O)c1nc(C)nc2c1ncn2[C@@H]1O[C@H](CO)[C@@H](O)[C@H]1O,False,AdenosineOnly
CC(=O)OC[C@H]1O[C@@H](n2cnc3c(NC=O)nc(C)nc32)[C@H](O)[C@@H]1O,False,AdenosineOnly
CC(=O)O[C@@H]1[C@H](O)[C@@H](CO)O[C@H]1n1cnc2c(NC=O)nc(C)nc21,False,AdenosineOnly
CC(=O)O[C@H]1[C@@H](O)[C@H](n2cnc3c(NC=O)nc(C)nc32)O[C@@H]1CO,False,AdenosineOnly
O=COP(=O)(O)O,False,AdenosineOnly
Cc1nc(N)c2ncn([C@@H]3O[C@H](CO)[C@@H](O)[C@H]3O)c2n1,False,AdenosineOnly
Cc1nc(NC=O)c2ncn([C@@H]3O[C@H](C)[C@@H](O)[C@H]3O)c2n1,False,AdenosineOnly
Cc1nc(NC=O)c2ncn([C@@H]3O[C@H](C(=O)O)[C@@H](O)[C@H]3O)c2n1,False,AdenosineOnly
Cc1nc(NC=O)c2ncn([C@@H]3O[C@H](COC=O)[C@@H](O)[C@H]3O)c2n1,False,AdenosineOnly
Cc1nc(NC=O)c2ncn([C@@H]3O[C@H](CO)[C@@H](O)[C@H]3OC=O)c2n1,False,AdenosineOnly
Cc1nc(NC=O)c2ncn([C@@H]3O[C@H](CO)[C@@H](OC=O)[C@H]3O)c2n1,False,AdenosineOnly
OCNc1ncnc2c1nc1n2[C@@H]2O[C@H](CO)[C@@H](O)[C@H]2OC1,False,AdenosineOnly
OCNc1ncnc2c1nc1n2[C@@H]2O[C@H](CO)[C@@H](OC1)[C@H]2O,False,AdenosineOnly
OCNc1ncnc2c1nc1n2[C@@H]2O[C@H](COC1)[C@@H](O)[C@H]2O,False,AdenosineOnly
Cc1nc2c(NCO)ncnc2n1[C@]12O[C@@H]1[C@H](O)[C@@H](CO)O2,False,AdenosineOnly
Cc1nc2c(NCO)ncnc2n1[C@]12O[C@@H]([C@H]1O)[C@@H](CO)O2,False,AdenosineOnly
Cc1nc2c(NCO)ncnc2n1[C@@]12OC[C@@H](O1)[C@@H](O)[C@H]2O,False,AdenosineOnly
Cc1nc2c(NCO)ncnc2n1[C@@H]1O[C@H](CO)[C@H]2O[C@]21O,False,AdenosineOnly
Cc1nc2c(NCO)ncnc2n1[C@@H]1O[C@@H]2CO[C@]1(O)[C@@H]2O,False,AdenosineOnly
Cc1nc2c(NCO)nc3nc2n1[C@@H]1O[C@H](CO)[C@@H](O)[C@H]1O3,False,AdenosineOnly
Cc1nc2c(NCO)nc3nc2n1[C@@H]1O[C@H](CO)[C@@H](O3)[C@H]1O,False,AdenosineOnly
Cc1nc2c(NCO)nc3nc2n1[C@@H]1O[C@H](CO3)[C@@H](O)[C@H]1O,False,AdenosineOnly
Cc1nc2c(NCO)ncnc2n1[C@@H]1O[C@H](CO)[C@@]2(O)O[C@@H]12,False,AdenosineOnly
Cc1nc2c(NCO)ncnc2n1[C@@H]1O[C@@H]2CO[C@@]2(O)[C@H]1O,False,AdenosineOnly
Cc1nc2c(NCO)ncnc2n1[C@@H]1O[C@]2(CO)O[C@@H]1[C@@H]2O,False,AdenosineOnly
Cc1nc2c(NCO)ncnc2n1[C@@H]1O[C@]2(CO)O[C@H]2[C@H]1O,False,AdenosineOnly
Cc1nc2c(NCO)ncnc2n1[C@@H]1O[C@@]2(CO2)[C@@H](O)[C@H]1O,False,AdenosineOnly
Cc1nc2c(NCO)ncnc2n1[C@@H]1O[C@@H]2C(O)O[C@@H]1[C@@H]2O,False,AdenosineOnly
Cc1nc2c(NCO)ncnc2n1[C@@H]1O[C@@H]2C(O)O[C@H]2[C@H]1O,False,AdenosineOnly
Cc1nc2c(N(C)C=O)ncnc2n1[C@@H]1O[C@H](CO)[C@@H](O)[C@H]1O,False,AdenosineOnly
CC(=O)N(C=O)c1ncnc2c1nc(C)n2[C@@H]1O[C@H](CO)[C@@H](O)[C@H]1O,False,AdenosineOnly
CC(=O)OC[C@H]1O[C@@H](n2c(C)nc3c(NC=O)ncnc32)[C@H](O)[C@@H]1O,False,AdenosineOnly
CC(=O)O[C@@H]1[C@H](O)[C@@H](CO)O[C@H]1n1c(C)nc2c(NC=O)ncnc21,False,AdenosineOnly
CC(=O)O[C@H]1[C@@H](O)[C@H](n2c(C)nc3c(NC=O)ncnc32)O[C@@H]1CO,False,AdenosineOnly
Cc1nc2c(N)ncnc2n1[C@@H]1O[C@H](CO)[C@@H](O)[C@H]1O,False,AdenosineOnly
Cc1nc2c(NC=O)ncnc2n1[C@@H]1O[C@H](C)[C@@H](O)[C@H]1O,False,AdenosineOnly
Cc1nc2c(NC=O)ncnc2n1[C@@H]1O[C@H](C(=O)O)[C@@H](O)[C@H]1O,False,AdenosineOnly
Cc1nc2c(NC=O)ncnc2n1[C@@H]1O[C@H](COC=O)[C@@H](O)[C@H]1O,False,AdenosineOnly
Cc1nc2c(NC=O)ncnc2n1[C@@H]1O[C@H](CO)[C@@H](O)[C@H]1OC=O,False,AdenosineOnly
Cc1nc2c(NC=O)ncnc2n1[C@@H]1O[C@H](CO)[C@@H](OC=O)[C@H]1O,False,AdenosineOnly
OCNc1ncnc2c1ncn2[C@]12CO[C@@H]1[C@H](O)[C@@H](CO)O2,False,AdenosineOnly
OCNc1ncnc2c1ncn2[C@]12CO[C@@H]([C@H]1O)[C@@H](CO)O2,False,AdenosineOnly
OCNc1ncnc2c1ncn2[C@@]12COC[C@@H](O1)[C@@H](O)[C@H]2O,False,AdenosineOnly
C[C@]1(n2cnc3c(NCO)ncnc32)O[C@H](CO)[C@H]2O[C@]21O,False,AdenosineOnly
C[C@]1(n2cnc3c(NCO)ncnc32)O[C@@H]2CO[C@]1(O)[C@@H]2O,False,AdenosineOnly
C[C@]12O[C@H](CO)[C@@H](O)[C@H]1Oc1nc3c(NCO)ncnc3n12,False,AdenosineOnly
C[C@@]12O[C@H](CO)[C@@H](Oc3nc4c(NCO)ncnc4n31)[C@H]2O,False,AdenosineOnly
C[C@@]12O[C@H](COc3nc4c(NCO)ncnc4n31)[C@@H](O)[C@H]2O,False,AdenosineOnly
C[C@]1(n2cnc3c(NCO)ncnc32)O[C@H](CO)[C@@]2(O)O[C@H]21,False,AdenosineOnly
C[C@]1(n2cnc3c(NCO)ncnc32)O[C@@H]2CO[C@@]2(O)[C@H]1O,False,AdenosineOnly
C[C@]1(n2cnc3c(NCO)ncnc32)O[C@]2(CO)O[C@@H]1[C@@H]2O,False,AdenosineOnly
C[C@]1(n2cnc3c(NCO)ncnc32)O[C@]2(CO)O[C@H]2[C@H]1O,False,AdenosineOnly
C[C@]1(n2cnc3c(NCO)ncnc32)O[C@@]2(CO2)[C@@H](O)[C@H]1O,False,AdenosineOnly
C[C@]1(n2cnc3c(NCO)ncnc32)O[C@@H]2C(O)O[C@@H]1[C@@H]2O,False,AdenosineOnly
C[C@]1(n2cnc3c(NCO)ncnc32)O[C@@H]2C(O)O[C@H]2[C@H]1O,False,AdenosineOnly
C[C@]12O[C@H](CO)[C@@H](O)[C@H]1Oc1nc(NCO)c3ncn2c3n1,False,AdenosineOnly
C[C@@]12O[C@H](CO)[C@@H](Oc3nc(NCO)c4ncn1c4n3)[C@H]2O,False,AdenosineOnly
C[C@@]12O[C@H](COc3nc(NCO)c4ncn1c4n3)[C@@H](O)[C@H]2O,False,AdenosineOnly
CN(C=O)c1ncnc2c1ncn2[C@@]1(C)O[C@H](CO)[C@@H](O)[C@H]1O,False,AdenosineOnly
CC(=O)N(C=O)c1ncnc2c1ncn2[C@@]1(C)O[C@H](CO)[C@@H](O)[C@H]1O,False,AdenosineOnly
CC(=O)OC[C@H]1O[C@](C)(n2cnc3c(NC=O)ncnc32)[C@H](O)[C@@H]1O,False,AdenosineOnly
CC(=O)O[C@@H]1[C@H](O)[C@@H](CO)O[C@]1(C)n1cnc2c(NC=O)ncnc21,False,AdenosineOnly
CC(=O)O[C@H]1[C@@H](O)[C@@](C)(n2cnc3c(NC=O)ncnc32)O[C@@H]1CO,False,AdenosineOnly
C[C@]1(n2cnc3c(N)ncnc32)O[C@H](CO)[C@@H](O)[C@H]1O,False,AdenosineOnly
C[C@H]1O[C@](C)(n2cnc3c(NC=O)ncnc32)[C@H](O)[C@@H]1O,False,AdenosineOnly
C[C@]1(n2cnc3c(NC=O)ncnc32)O[C@H](C(=O)O)[C@@H](O)[C@H]1O,False,AdenosineOnly
C[C@]1(n2cnc3c(NC=O)ncnc32)O[C@H](COC=O)[C@@H](O)[C@H]1O,False,AdenosineOnly
C[C@]1(n2cnc3c(NC=O)ncnc32)O[C@H](CO)[C@@H](O)[C@H]1OC=O,False,AdenosineOnly
C[C@]1(n2cnc3c(NC=O)ncnc32)O[C@H](CO)[C@@H](OC=O)[C@H]1O,False,AdenosineOnly
OCNc1ncnc2c1ncn2[C@@H]1O[C@H](CO)[C@@H](O)[C@@]12CO2,False,AdenosineOnly
OCNc1ncnc2c1ncn2[C@@H]1O[C@H](CO)[C@H]2OC[C@]21O,False,AdenosineOnly
OCNc1ncnc2c1ncn2[C@@H]1O[C@@H]2COC[C@]1(O)[C@@H]2O,False,AdenosineOnly
C[C@@]12O[C@]1(n1cnc3c(NCO)ncnc31)O[C@H](CO)[C@H]2O,False,AdenosineOnly
C[C@]1(O)[C@@H]2O[C@]1(n1cnc3c(NCO)ncnc31)O[C@@H]2CO,False,AdenosineOnly
C[C@]1(O)[C@H](O)[C@H]2CO[C@]1(n1cnc3c(NCO)ncnc31)O2,False,AdenosineOnly
C[C@]12O[C@]1(O)[C@@H](CO)O[C@H]2n1cnc2c(NCO)ncnc21,False,AdenosineOnly
C[C@@]1(O)[C@H](n2cnc3c(NCO)ncnc32)O[C@@H]2CO[C@]21O,False,AdenosineOnly
C[C@@]12O[C@@](CO)(O[C@H]1n1cnc3c(NCO)ncnc31)[C@H]2O,False,AdenosineOnly
C[C@]1(O)[C@@H]2O[C@@]2(CO)O[C@H]1n1cnc2c(NCO)ncnc21,False,AdenosineOnly
C[C@]1(O)[C@H](O)[C@]2(CO2)O[C@H]1n1cnc2c(NCO)ncnc21,False,AdenosineOnly
C[C@@]12Oc3nc4c(NCO)ncnc4n3[C@@H]1O[C@H](CO)[C@H]2O,False,AdenosineOnly
C[C@]1(O)[C@@H]2Oc3nc4c(NCO)ncnc4n3[C@@H]1O[C@@H]2CO,False,AdenosineOnly
C[C@]1(O)[C@H](O)[C@H]2COc3nc4c(NCO)ncnc4n3[C@@H]1O2,False,AdenosineOnly
C[C@@]12OC(O)[C@@H](O[C@H]1n1cnc3c(NCO)ncnc31)[C@H]2O,False,AdenosineOnly
C[C@]1(O)[C@@H]2OC(O)[C@H]2O[C@H]1n1cnc2c(NCO)ncnc21,False,AdenosineOnly
C[C@@]12Oc3nc(NCO)c4ncn(c4n3)[C@@H]1O[C@H](CO)[C@H]2O,False,AdenosineOnly
C[C@]1(O)[C@@H]2Oc3nc(NCO)c4ncn(c4n3)[C@@H]1O[C@@H]2CO,False,AdenosineOnly
C[C@]1(O)[C@H](O)[C@H]2COc3nc(NCO)c4ncn(c4n3)[C@@H]1O2,False,AdenosineOnly
CN(C=O)c1ncnc2c1ncn2[C@@H]1O[C@H](CO)[C@@H](O)[C@]1(C)O,False,AdenosineOnly
CC(=O)N(C=O)c1ncnc2c1ncn2[C@@H]1O[C@H](CO)[C@@H](O)[C@]1(C)O,False,AdenosineOnly
CC(=O)OC[C@H]1O[C@@H](n2cnc3c(NC=O)ncnc32)[C@@](C)(O)[C@@H]1O,False,AdenosineOnly
CC(=O)O[C@@]1(C)[C@H](O)[C@@H](CO)O[C@H]1n1cnc2c(NC=O)ncnc21,False,AdenosineOnly
CC(=O)O[C@@H]1[C@@H](CO)O[C@@H](n2cnc3c(NC=O)ncnc32)[C@@]1(C)O,False,AdenosineOnly
C[C@]1(O)[C@H](O)[C@@H](CO)O[C@H]1n1cnc2c(N)ncnc21,False,AdenosineOnly
C[C@H]1O[C@@H](n2cnc3c(NC=O)ncnc32)[C@@](C)(O)[C@@H]1O,False,AdenosineOnly
C[C@]1(O)[C@H](O)[C@@H](C(=O)O)O[C@H]1n1cnc2c(NC=O)ncnc21,False,AdenosineOnly
C[C@]1(O)[C@H](O)[C@@H](COC=O)O[C@H]1n1cnc2c(NC=O)ncnc21,False,AdenosineOnly
C[C@]1(OC=O)[C@H](O)[C@@H](CO)O[C@H]1n1cnc2c(NC=O)ncnc21,False,AdenosineOnly
C[C@]1(O)[C@H](OC=O)[C@@H](CO)O[C@H]1n1cnc2c(NC=O)ncnc21,False,AdenosineOnly
OCNc1ncnc2c1ncn2[C@@H]1O[C@H](CO)[C@@]2(CO2)[C@H]1O,False,AdenosineOnly
OCNc1ncnc2c1ncn2[C@@H]1O[C@H](CO)[C@@]2(O)CO[C@@H]12,False,AdenosineOnly
OCNc1ncnc2c1ncn2[C@@H]1O[C@@H]2COC[C@@]2(O)[C@H]1O,False,AdenosineOnly
C[C@@]12O[C@@]1(O)[C@H](n1cnc3c(NCO)ncnc31)O[C@@H]2CO,False,AdenosineOnly
C[C@]1(O)[C@H]2CO[C@@]1(O)[C@H](n1cnc3c(NCO)ncnc31)O2,False,AdenosineOnly
C[C@]12O[C@@]1(CO)O[C@@H](n1cnc3c(NCO)ncnc31)[C@@H]2O,False,AdenosineOnly
C[C@@]1(O)[C@H]2O[C@@]1(CO)O[C@H]2n1cnc2c(NCO)ncnc21,False,AdenosineOnly
C[C@@]1(O)[C@@H](O)[C@H](n2cnc3c(NCO)ncnc32)O[C@@]12CO2,False,AdenosineOnly
C[C@]12O[C@](n3cnc4c(NCO)ncnc43)(O[C@@H]1CO)[C@@H]2O,False,AdenosineOnly
C[C@@]1(O)[C@H]2O[C@]2(n2cnc3c(NCO)ncnc32)O[C@@H]1CO,False,AdenosineOnly
C[C@@]1(O)[C@@H](O)[C@]2(n3cnc4c(NCO)ncnc43)OC[C@H]1O2,False,AdenosineOnly
C[C@]12OC(O)[C@H]1O[C@@H](n1cnc3c(NCO)ncnc31)[C@@H]2O,False,AdenosineOnly
C[C@]1(O)[C@@H]2O[C@@H](n3cnc4c(NCO)ncnc43)[C@@H]1OC2O,False,AdenosineOnly
C[C@]12Oc3nc4c(NCO)ncnc4n3[C@H](O[C@@H]1CO)[C@@H]2O,False,AdenosineOnly
C[C@]1(O)[C@@H](CO)O[C@@H]2[C@@H]1Oc1nc3c(NCO)ncnc3n12,False,AdenosineOnly
C[C@]1(O)[C@H]2COc3nc4c(NCO)ncnc4n3[C@H](O2)[C@@H]1O,False,AdenosineOnly
C[C@]12Oc3nc(NCO)c4ncn(c4n3)[C@H](O[C@@H]1CO)[C@@H]2O,False,AdenosineOnly
C[C@]1(O)[C@@H](CO)O[C@@H]2[C@@H]1Oc1nc(NCO)c3ncn2c3n1,False,AdenosineOnly
C[C@]1(O)[C@H]2COc3nc(NCO)c4ncn(c4n3)[C@H](O2)[C@@H]1O,False,AdenosineOnly
CN(C=O)c1ncnc2c1ncn2[C@@H]1O[C@H](CO)[C@](C)(O)[C@H]1O,False,AdenosineOnly
CC(=O)N(C=O)c1ncnc2c1ncn2[C@@H]1O[C@H](CO)[C@](C)(O)[C@H]1O,False,AdenosineOnly
CC(=O)OC[C@H]1O[C@@H](n2cnc3c(NC=O)ncnc32)[C@H](O)[C@@]1(C)O,False,AdenosineOnly
CC(=O)O[C@@]1(C)[C@@H](CO)O[C@@H](n2cnc3c(NC=O)ncnc32)[C@@H]1O,False,AdenosineOnly
CC(=O)O[C@H]1[C@H](n2cnc3c(NC=O)ncnc32)O[C@H](CO)[C@]1(C)O,False,AdenosineOnly
C[C@]1(O)[C@@H](CO)O[C@@H](n2cnc3c(N)ncnc32)[C@@H]1O,False,AdenosineOnly
C[C@H]1O[C@@H](n2cnc3c(NC=O)ncnc32)[C@H](O)[C@@]1(C)O,False,AdenosineOnly
C[C@]1(O)[C@@H](C(=O)O)O[C@@H](n2cnc3c(NC=O)ncnc32)[C@@H]1O,False,AdenosineOnly
C[C@]1(O)[C@@H](COC=O)O[C@@H](n2cnc3c(NC=O)ncnc32)[C@@H]1O,False,AdenosineOnly
C[C@]1(OC=O)[C@@H](CO)O[C@@H](n2cnc3c(NC=O)ncnc32)[C@@H]1O,False,AdenosineOnly
C[C@]1(O)[C@@H](CO)O[C@@H](n2cnc3c(NC=O)ncnc32)[C@@H]1OC=O,False,AdenosineOnly
C[C@H]1O[C@](CO)(n2cnc3c(NC=O)ncnc32)[C@H](O)[C@@H]1O,False,AdenosineOnly
OCNc1ncnc2c1ncn2[C@@H]1O[C@]2(CO)CO[C@H]2[C@H]1O,False,AdenosineOnly
OCNc1ncnc2c1ncn2[C@@H]1OC2(COC2)[C@@H](O)[C@H]1O,False,AdenosineOnly
OCNc1ncnc2c1ncn2[C@@H]1O[C@]2(CO)CO[C@@H]1[C@@H]2O,False,AdenosineOnly
C[C@]12CO[C@@]1(O)[C@@H](O)[C@H](n1cnc3c(NCO)ncnc31)O2,False,AdenosineOnly
C[C@@]1(CO)O[C@@H](n2cnc3c(NCO)ncnc32)[C@@H]2O[C@@]21O,False,AdenosineOnly
C[C@@]12O[C@@H](n3cnc4c(NCO)ncnc43)[C@H](O)[C@@H]1OC2O,False,AdenosineOnly
C[C@]12O[C@@H](n3cnc4c(NCO)ncnc43)[C@H](OC1O)[C@@H]2O,False,AdenosineOnly
C[C@@]1(CO)O[C@@]2(n3cnc4c(NCO)ncnc43)O[C@H]1[C@H]2O,False,AdenosineOnly
C[C@@]12CO[C@](n3cnc4c(NCO)ncnc43)(O1)[C@H](O)[C@@H]2O,False,AdenosineOnly
C[C@@]1(CO)O[C@@]2(n3cnc4c(NCO)ncnc43)O[C@@H]2[C@@H]1O,False,AdenosineOnly
C[C@@]1(CO)O[C@@H](n2cnc3c(NCO)ncnc32)[C@]2(O)O[C@@H]21,False,AdenosineOnly
C[C@@]12CO[C@@](O)([C@H](n3cnc4c(NCO)ncnc43)O1)[C@@H]2O,False,AdenosineOnly
C[C@@]1(CO)O[C@@H]2[C@H](O)[C@@H]1Oc1nc3c(NCO)ncnc3n12,False,AdenosineOnly
C[C@@]12COc3nc4c(NCO)ncnc4n3[C@H](O1)[C@H](O)[C@@H]2O,False,AdenosineOnly
C[C@@]1(CO)O[C@@H]2[C@H](Oc3nc4c(NCO)ncnc4n32)[C@@H]1O,False,AdenosineOnly
C[C@@]1(CO)O[C@@H]2[C@H](O)[C@@H]1Oc1nc(NCO)c3ncn2c3n1,False,AdenosineOnly
C[C@@]12COc3nc(NCO)c4ncn(c4n3)[C@H](O1)[C@H](O)[C@@H]2O,False,AdenosineOnly
C[C@@]1(CO)O[C@@H]2[C@H](Oc3nc(NCO)c4ncn2c4n3)[C@@H]1O,False,AdenosineOnly
CN(C=O)c1ncnc2c1ncn2[C@@H]1O[C@@](C)(CO)[C@@H](O)[C@H]1O,False,AdenosineOnly
CC(=O)N(C=O)c1ncnc2c1ncn2[C@@H]1O[C@@](C)(CO)[C@@H](O)[C@H]1O,False,AdenosineOnly
CC(=O)OC[C@]1(C)O[C@@H](n2cnc3c(NC=O)ncnc32)[C@H](O)[C@@H]1O,False,AdenosineOnly
CC(=O)O[C@H]1[C@@H](O)[C@H](n2cnc3c(NC=O)ncnc32)O[C@@]1(C)CO,False,AdenosineOnly
CC(=O)O[C@H]1[C@H](n2cnc3c(NC=O)ncnc32)O[C@@](C)(CO)[C@H]1O,False,AdenosineOnly
C[C@@]1(CO)O[C@@H](n2cnc3c(N)ncnc32)[C@H](O)[C@@H]1O,False,AdenosineOnly
CC1(C)O[C@@H](n2cnc3c(NC=O)ncnc32)[C@H](O)[C@@H]1O,False,AdenosineOnly
C[C@@]1(C(=O)O)O[C@@H](n2cnc3c(NC=O)ncnc32)[C@H](O)[C@@H]1O,False,AdenosineOnly
C[C@@]1(COC=O)O[C@@H](n2cnc3c(NC=O)ncnc32)[C@H](O)[C@@H]1O,False,AdenosineOnly
C[C@@]1(CO)O[C@@H](n2cnc3c(NC=O)ncnc32)[C@H](O)[C@@H]1OC=O,False,AdenosineOnly
C[C@@]1(CO)O[C@@H](n2cnc3c(NC=O)ncnc32)[C@H](OC=O)[C@@H]1O,False,AdenosineOnly
O=CNc1ncnc2c1ncn2[C@@H]1OC[C@@H](O)[C@H]1O,False,AdenosineOnly
CC1(O)O[C@H]2[C@@H](O)[C@H](n3cnc4c(NCO)ncnc43)O[C@@H]21,False,AdenosineOnly
CC1(O)O[C@@H]2[C@H](O)[C@@H]1O[C@H]2n1cnc2c(NCO)ncnc21,False,AdenosineOnly
OCNc1ncnc2c1ncn2[C@@H]1O[C@H](C2CO2)[C@@H](O)[C@H]1O,False,AdenosineOnly
OCNc1ncnc2c1ncn2[C@@H]1O[C@@H]2C(O)CO[C@H]2[C@H]1O,False,AdenosineOnly
OCNc1ncnc2c1ncn2[C@@H]1O[C@@H]2C(O)CO[C@@H]1[C@@H]2O,False,AdenosineOnly
CC1O[C@]12O[C@@H](n1cnc3c(NCO)ncnc31)[C@H](O)[C@@H]2O,False,AdenosineOnly
CC(O)[C@]12O[C@@H](n3cnc4c(NCO)ncnc43)[C@H](O)[C@@H]1O2,False,AdenosineOnly
CC(O)[C@]12O[C@@H]([C@H](n3cnc4c(NCO)ncnc43)O1)[C@@H]2O,False,AdenosineOnly
CC1O[C@]2(O)[C@@H]1O[C@@H](n1cnc3c(NCO)ncnc31)[C@@H]2O,False,AdenosineOnly
CC(O)[C@H]1O[C@@H](n2cnc3c(NCO)ncnc32)[C@@H]2O[C@]12O,False,AdenosineOnly
CC1O[C@]2(n3cnc4c(NCO)ncnc43)O[C@H]1[C@@H](O)[C@H]2O,False,AdenosineOnly
CC(O)[C@H]1O[C@@]2(n3cnc4c(NCO)ncnc43)O[C@H]1[C@H]2O,False,AdenosineOnly
CC(O)[C@H]1O[C@@]2(n3cnc4c(NCO)ncnc43)O[C@@H]2[C@@H]1O,False,AdenosineOnly
CC1O[C@]2(O)[C@H](O)[C@@H]1O[C@H]2n1cnc2c(NCO)ncnc21,False,AdenosineOnly
CC(O)[C@H]1O[C@@H](n2cnc3c(NCO)ncnc32)[C@]2(O)O[C@H]12,False,AdenosineOnly
CC1Oc2nc3c(NCO)ncnc3n2[C@@H]2O[C@H]1[C@@H](O)[C@H]2O,False,AdenosineOnly
CC(O)[C@H]1O[C@@H]2[C@H](O)[C@@H]1Oc1nc3c(NCO)ncnc3n12,False,AdenosineOnly
CC(O)[C@H]1O[C@@H]2[C@H](Oc3nc4c(NCO)ncnc4n32)[C@@H]1O,False,AdenosineOnly
CC1Oc2nc(NCO)c3ncn(c3n2)[C@@H]2O[C@H]1[C@@H](O)[C@H]2O,False,AdenosineOnly
CC(O)[C@H]1O[C@@H]2[C@H](O)[C@@H]1Oc1nc(NCO)c3ncn2c3n1,False,AdenosineOnly
CC(O)[C@H]1O[C@@H]2[C@H](Oc3nc(NCO)c4ncn2c4n3)[C@@H]1O,False,AdenosineOnly
CC(O)[C@H]1O[C@@H](n2cnc3c(N(C)C=O)ncnc32)[C@H](O)[C@@H]1O,False,AdenosineOnly
CC(C)(O)[C@H]1O[C@@H](n2cnc3c(NC=O)ncnc32)[C@H](O)[C@@H]1O,False,AdenosineOnly
CCC(O)[C@H]1O[C@@H](n2cnc3c(NC=O)ncnc32)[C@H](O)[C@@H]1O,False,AdenosineOnly
CC(=O)N(C=O)c1ncnc2c1ncn2[C@@H]1O[C@H](C(C)O)[C@@H](O)[C@H]1O,False,AdenosineOnly
CC(=O)OC(C)[C@H]1O[C@@H](n2cnc3c(NC=O)ncnc32)[C@H](O)[C@@H]1O,False,AdenosineOnly
CC(=O)O[C@H]1[C@@H](O)[C@H](n2cnc3c(NC=O)ncnc32)O[C@@H]1C(C)O,False,AdenosineOnly
CC(=O)O[C@@H]1[C@H](O)[C@@H](C(C)O)O[C@H]1n1cnc2c(NC=O)ncnc21,False,AdenosineOnly
CC(Cl)[C@H]1O[C@@H](n2cnc3c(NC=O)ncnc32)[C@H](O)[C@@H]1O,False,AdenosineOnly
CC(O)(O)[C@H]1O[C@@H](n2cnc3c(NC=O)ncnc32)[C@H](O)[C@@H]1O,False,AdenosineOnly
O=CNc1ncnc2c1ncn2[C@@H]1O[C@H](C(O)CO)[C@@H](O)[C@H]1O,False,AdenosineOnly
CC(O)[C@H]1O[C@@H](n2cnc3c(N)ncnc32)[C@H](O)[C@@H]1O,False,AdenosineOnly
CC(O)(O)[C@H]1O[C@@H](n2cnc3c(NCO)ncnc32)[C@H](O)[C@@H]1O,False,AdenosineOnly
OCNc1ncnc2c1ncn2[C@@H]1O[C@H](C(O)CO)[C@@H](O)[C@H]1O,False,AdenosineOnly
CC[C@H]1O[C@@H](n2cnc3c(NC=O)ncnc32)[C@H](O)[C@@H]1O,False,AdenosineOnly
CC(O)[C@H]1O[C@@H](n2cnc3c(NC=O)ncnc32)[C@H](O)[C@@H]1OC=O,False,AdenosineOnly
CC(O)[C@H]1O[C@@H](n2cnc3c(NC=O)ncnc32)[C@H](OC=O)[C@@H]1O,False,AdenosineOnly
CC(O)[C@]1(C)O[C@@H](n2cnc3c(NC=O)ncnc32)[C@H](O)[C@@H]1O,False,AdenosineOnly
CC(O)[C@H]1O[C@@H](n2cnc3c(NC=O)ncnc32)[C@H](O)[C@@]1(C)O,False,AdenosineOnly
CC(O)[C@H]1O[C@](C)(n2cnc3c(NC=O)ncnc32)[C@H](O)[C@@H]1O,False,AdenosineOnly
CC(O)[C@H]1O[C@@H](n2cnc3c(NC=O)ncnc32)[C@@](C)(O)[C@@H]1O,False,AdenosineOnly
Cc1nc2c(NC=O)ncnc2n1[C@@H]1O[C@H](C(C)O)[C@@H](O)[C@H]1O,False,AdenosineOnly
Cc1nc(NC=O)c2ncn([C@@H]3O[C@H](C(C)O)[C@@H](O)[C@H]3O)c2n1,False,AdenosineOnly
OCC1O[C@@H]2[C@H](O)CO[C@H]2n2cnc3c(ncnc32)NC1O,False,AdenosineOnly
OCC1(O)CO[C@@H]2[C@H](O)CO[C@H]2n2cnc3c(ncnc32)N1,False,AdenosineOnly
OC[C@@]12OCC(O)Nc3ncnc4c3ncn4[C@@H]1OC[C@H]2O,False,AdenosineOnly
OC[C@]1(O)CO[C@@H]2[C@@H]1OCC(O)Nc1ncnc3c1ncn32,False,AdenosineOnly
OCc1nc2c3ncnc2n1[C@@H]1OC[C@@H](O)[C@H]1OCC(O)N3,False,AdenosineOnly
OCc1nc2c3ncn(c3n1)[C@@H]1OC[C@@H](O)[C@H]1OCC(O)N2,False,AdenosineOnly
COC1CO[C@@H]2[C@H](O)[C@@H](CO)O[C@H]2n2cnc3c(ncnc32)N1,False,AdenosineOnly
CC(=O)OC[C@H]1O[C@@H]2[C@H](OCC(O)Nc3ncnc4c3ncn42)[C@@H]1O,False,AdenosineOnly
CC(=O)OC1CO[C@@H]2[C@H](O)[C@@H](CO)O[C@H]2n2cnc3c(ncnc32)N1,False,AdenosineOnly
CC(=O)O[C@H]1[C@H]2OCC(O)Nc3ncnc4c3ncn4[C@@H]2O[C@@H]1CO,False,AdenosineOnly
C[C@H]1O[C@@H]2[C@H](OCC(O)Nc3ncnc4c3ncn42)[C@@H]1O,False,AdenosineOnly
O=C(O)[C@H]1O[C@@H]2[C@H](OCC(O)Nc3ncnc4c3ncn42)[C@@H]1O,False,AdenosineOnly
OCC1O[C@@H]2CO[C@H]([C@@H]2O)n2cnc3c(ncnc32)NC1O,False,AdenosineOnly
OCC1(O)CO[C@@H]2CO[C@H]([C@@H]2O)n2cnc3c(ncnc32)N1,False,AdenosineOnly
OC[C@]12CO[C@H]([C@@H]1O)n1cnc3c(ncnc31)NC(O)CO2,False,AdenosineOnly
OC[C@]1(O)[C@H]2CO[C@H]1n1cnc3c(ncnc31)NC(O)CO2,False,AdenosineOnly
OCc1nc2c3ncnc2n1[C@@H]1OC[C@@H](OCC(O)N3)[C@H]1O,False,AdenosineOnly
OCc1nc2c3ncn(c3n1)[C@@H]1OC[C@@H](OCC(O)N2)[C@H]1O,False,AdenosineOnly
COC1CO[C@H]2[C@@H](O)[C@@H](O[C@@H]2CO)n2cnc3c(ncnc32)N1,False,AdenosineOnly
CC(=O)OC[C@H]1O[C@@H]2[C@H](O)[C@@H]1OCC(O)Nc1ncnc3c1ncn32,False,AdenosineOnly
CC(=O)OC1CO[C@H]2[C@@H](O)[C@@H](O[C@@H]2CO)n2cnc3c(ncnc32)N1,False,AdenosineOnly
CC(=O)O[C@@H]1[C@@H]2OCC(O)Nc3ncnc4c3ncn4[C@@H]1O[C@@H]2CO,False,AdenosineOnly
C[C@H]1O[C@@H]2[C@H](O)[C@@H]1OCC(O)Nc1ncnc3c1ncn32,False,AdenosineOnly
O=C(O)[C@H]1O[C@@H]2[C@H](O)[C@@H]1OCC(O)Nc1ncnc3c1ncn32,False,AdenosineOnly
COC1COC[C@H]2O[C@H]([C@H](O)[C@@H]2O)n2cnc3c(ncnc32)N1,False,AdenosineOnly
CC(=O)OC1COC[C@H]2O[C@H]([C@H](O)[C@@H]2O)n2cnc3c(ncnc32)N1,False,AdenosineOnly
CC(=O)O[C@H]1[C@@H](O)[C@H]2O[C@@H]1COCC(O)Nc1ncnc3c1ncn32,False,AdenosineOnly
CC(=O)O[C@@H]1[C@H](O)[C@H]2COCC(O)Nc3ncnc4c3ncn4[C@@H]1O2,False,AdenosineOnly
CC(O)(CO)Nc1nc2nc3c1ncn3[C@@H]1OC[C@@H](O)[C@H]1O2,False,AdenosineOnly
CC(O)Nc1nc2nc3c1nc(CO)n3[C@@H]1OC[C@@H](O)[C@H]1O2,False,AdenosineOnly
CC(O)Nc1nc2nc3c1ncn3[C@@H]1OC[C@@H](O)[C@]1(CO)O2,False,AdenosineOnly
CC(O)Nc1nc2nc3c1ncn3[C@@H]1OC[C@@](O)(CO)[C@H]1O2,False,AdenosineOnly
OCCC(O)Nc1nc2nc3c1ncn3[C@@H]1OC[C@@H](O)[C@H]1O2,False,AdenosineOnly
O=CNc1nc2nc3c1ncn3[C@@H]1O[C@H](CO)[C@@H](O)[C@H]1O2,False,AdenosineOnly
CCNc1nc2nc3c1ncn3[C@@H]1O[C@H](C=O)[C@@H](O)[C@H]1O2,False,AdenosineOnly
COC(C)Nc1nc2nc3c1ncn3[C@@H]1O[C@H](CO)[C@@H](O)[C@H]1O2,False,AdenosineOnly
CC(O)N(C)c1nc2nc3c1ncn3[C@@H]1O[C@H](CO)[C@@H](O)[C@H]1O2,False,AdenosineOnly
CC(C)(O)Nc1nc2nc3c1ncn3[C@@H]1O[C@H](CO)[C@@H](O)[C@H]1O2,False,AdenosineOnly
CCC(O)Nc1nc2nc3c1ncn3[C@@H]1O[C@H](CO)[C@@H](O)[C@H]1O2,False,AdenosineOnly
CC(=O)N(c1nc2nc3c1ncn3[C@@H]1O[C@H](CO)[C@@H](O)[C@H]1O2)C(C)O,False,AdenosineOnly
CC(=O)OC(C)Nc1nc2nc3c1ncn3[C@@H]1O[C@H](CO)[C@@H](O)[C@H]1O2,False,AdenosineOnly
CC(=O)OC[C@H]1O[C@@H]2[C@H](Oc3nc(NC(C)O)c4ncn2c4n3)[C@@H]1O,False,AdenosineOnly
CC(=O)O[C@H]1[C@H]2Oc3nc(NC(C)O)c4ncn(c4n3)[C@@H]2O[C@@H]1CO,False,AdenosineOnly
CC(Cl)Nc1nc2nc3c1ncn3[C@@H]1O[C@H](CO)[C@@H](O)[C@H]1O2,False,AdenosineOnly
CC(O)N(C(N)=O)c1nc2nc3c1ncn3[C@@H]1O[C@H](CO)[C@@H](O)[C@H]1O2,False,AdenosineOnly
CC(O)(O)Nc1nc2nc3c1ncn3[C@@H]1O[C@H](CO)[C@@H](O)[C@H]1O2,False,AdenosineOnly
OCC(O)Nc1nc2nc3c1ncn3[C@@H]1O[C@H](CO)[C@@H](O)[C@H]1O2,False,AdenosineOnly
CCNc1nc2nc3c1ncn3[C@@H]1O[C@H](CO)[C@@H](O)[C@H]1O2,False,AdenosineOnly
CC(O)Nc1nc2nc3c1ncn3[C@@H]1O[C@H](C)[C@@H](O)[C@H]1O2,False,AdenosineOnly
CC(O)Nc1nc2nc3c1ncn3[C@@H]1O[C@H](C(=O)O)[C@@H](O)[C@H]1O2,False,AdenosineOnly
CC(O)OC(C)Nc1nc2nc3c1ncn3[C@@H]1O[C@H](CO)[C@@H](O)[C@H]1O2,False,AdenosineOnly
OCNc1nc2nc3c1ncn3[C@@H]1O[C@H](CO)[C@@H](O)[C@H]1O2,False,AdenosineOnly
Cc1nc2c(NC(C)O)nc3nc2n1[C@@H]1O[C@H](CO)[C@@H](O)[C@H]1O3,False,AdenosineOnly
CC(O)Nc1nc2nc3c1ncn3[C@@]1(C)O[C@H](CO)[C@@H](O)[C@H]1O2,False,AdenosineOnly
CC(O)Nc1nc2nc3c1ncn3[C@@H]1O[C@H](CO)[C@@H](O)[C@]1(C)O2,False,AdenosineOnly
CC(O)Nc1nc2nc3c1ncn3[C@@H]1O[C@H](CO)[C@](C)(O)[C@H]1O2,False,AdenosineOnly
CC(O)Nc1nc2nc3c1ncn3[C@@H]1O[C@@](C)(CO)[C@@H](O)[C@H]1O2,False,AdenosineOnly
CC(O)Nc1nc2nc3c1ncn3[C@@H]1O[C@H](C(C)O)[C@@H](O)[C@H]1O2,False,AdenosineOnly
CC(O)(CO)Nc1nc2nc3c1ncn3[C@@H]1OC[C@@H](O2)[C@H]1O,False,AdenosineOnly
CC(O)Nc1nc2nc3c1nc(CO)n3[C@@H]1OC[C@@H](O2)[C@H]1O,False,AdenosineOnly
CC(O)Nc1nc2nc3c1ncn3[C@@H]1OC[C@@H](O2)[C@@]1(O)CO,False,AdenosineOnly
CC(O)Nc1nc2nc3c1ncn3[C@@H]1OC[C@](CO)(O2)[C@H]1O,False,AdenosineOnly
OCCC(O)Nc1nc2nc3c1ncn3[C@@H]1OC[C@@H](O2)[C@H]1O,False,AdenosineOnly
O=CNc1nc2nc3c1ncn3[C@@H]1O[C@H](CO)[C@@H](O2)[C@H]1O,False,AdenosineOnly
CCNc1nc2nc3c1ncn3[C@@H]1O[C@H](C=O)[C@@H](O2)[C@H]1O,False,AdenosineOnly
COC(C)Nc1nc2nc3c1ncn3[C@@H]1O[C@H](CO)[C@@H](O2)[C@H]1O,False,AdenosineOnly
CC(O)N(C)c1nc2nc3c1ncn3[C@@H]1O[C@H](CO)[C@@H](O2)[C@H]1O,False,AdenosineOnly
CC(C)(O)Nc1nc2nc3c1ncn3[C@@H]1O[C@H](CO)[C@@H](O2)[C@H]1O,False,AdenosineOnly
CCC(O)Nc1nc2nc3c1ncn3[C@@H]1O[C@H](CO)[C@@H](O2)[C@H]1O,False,AdenosineOnly
CC(=O)N(c1nc2nc3c1ncn3[C@@H]1O[C@H](CO)[C@@H](O2)[C@H]1O)C(C)O,False,AdenosineOnly
CC(=O)OC(C)Nc1nc2nc3c1ncn3[C@@H]1O[C@H](CO)[C@@H](O2)[C@H]1O,False,AdenosineOnly
CC(=O)OC[C@H]1O[C@@H]2[C@H](O)[C@@H]1Oc1nc(NC(C)O)c3ncn2c3n1,False,AdenosineOnly
CC(=O)O[C@@H]1[C@@H]2Oc3nc(NC(C)O)c4ncn(c4n3)[C@@H]1O[C@@H]2CO,False,AdenosineOnly
CC(Cl)Nc1nc2nc3c1ncn3[C@@H]1O[C@H](CO)[C@@H](O2)[C@H]1O,False,AdenosineOnly
CC(O)N(C(N)=O)c1nc2nc3c1ncn3[C@@H]1O[C@H](CO)[C@@H](O2)[C@H]1O,False,AdenosineOnly
CC(O)(O)Nc1nc2nc3c1ncn3[C@@H]1O[C@H](CO)[C@@H](O2)[C@H]1O,False,AdenosineOnly
OCC(O)Nc1nc2nc3c1ncn3[C@@H]1O[C@H](CO)[C@@H](O2)[C@H]1O,False,AdenosineOnly
CCNc1nc2nc3c1ncn3[C@@H]1O[C@H](CO)[C@@H](O2)[C@H]1O,False,AdenosineOnly
CC(O)Nc1nc2nc3c1ncn3[C@@H]1O[C@H](C)[C@@H](O2)[C@H]1O,False,AdenosineOnly
CC(O)Nc1nc2nc3c1ncn3[C@@H]1O[C@H](C(=O)O)[C@@H](O2)[C@H]1O,False,AdenosineOnly
CC(O)OC(C)Nc1nc2nc3c1ncn3[C@@H]1O[C@H](CO)[C@@H](O2)[C@H]1O,False,AdenosineOnly
OCNc1nc2nc3c1ncn3[C@@H]1O[C@H](CO)[C@@H](O2)[C@H]1O,False,AdenosineOnly
Cc1nc2c(NC(C)O)nc3nc2n1[C@@H]1O[C@H](CO)[C@@H](O3)[C@H]1O,False,AdenosineOnly
CC(O)Nc1nc2nc3c1ncn3[C@@]1(C)O[C@H](CO)[C@@H](O2)[C@H]1O,False,AdenosineOnly
CC(O)Nc1nc2nc3c1ncn3[C@@H]1O[C@H](CO)[C@@H](O2)[C@]1(C)O,False,AdenosineOnly
CC(O)Nc1nc2nc3c1ncn3[C@@H]1O[C@H](CO)[C@](C)(O2)[C@H]1O,False,AdenosineOnly
CC(O)Nc1nc2nc3c1ncn3[C@@H]1O[C@@](C)(CO)[C@@H](O2)[C@H]1O,False,AdenosineOnly
CC(O)Nc1nc2nc3c1ncn3[C@@H]1O[C@H](C(C)O)[C@@H](O2)[C@H]1O,False,AdenosineOnly
O=CNc1nc2nc3c1ncn3[C@@H]1O[C@H](CO2)[C@@H](O)[C@H]1O,False,AdenosineOnly
Nc1nc2nc3c1ncn3[C@@H]1O[C@H](CO2)[C@@H](O)[C@H]1O,False,AdenosineOnly
CC(=O)Nc1nc2nc3c1ncn3[C@@H]1O[C@H](CO2)[C@@H](O)[C@H]1O,False,AdenosineOnly
COC(C)Nc1nc2nc3c1ncn3[C@@H]1O[C@H](CO2)[C@@H](O)[C@H]1O,False,AdenosineOnly
CC(O)N(C)c1nc2nc3c1ncn3[C@@H]1O[C@H](CO2)[C@@H](O)[C@H]1O,False,AdenosineOnly
CC(C)(O)Nc1nc2nc3c1ncn3[C@@H]1O[C@H](CO2)[C@@H](O)[C@H]1O,False,AdenosineOnly
CCC(O)Nc1nc2nc3c1ncn3[C@@H]1O[C@H](CO2)[C@@H](O)[C@H]1O,False,AdenosineOnly
CC(=O)N(c1nc2nc3c1ncn3[C@@H]1O[C@H](CO2)[C@@H](O)[C@H]1O)C(C)O,False,AdenosineOnly
CC(=O)OC(C)Nc1nc2nc3c1ncn3[C@@H]1O[C@H](CO2)[C@@H](O)[C@H]1O,False,AdenosineOnly
CC(=O)O[C@@H]1[C@H](O)[C@H]2COc3nc(NC(C)O)c4ncn(c4n3)[C@@H]1O2,False,AdenosineOnly
CC(=O)O[C@H]1[C@@H](O)[C@H]2O[C@@H]1COc1nc(NC(C)O)c3ncn2c3n1,False,AdenosineOnly
CC(Cl)Nc1nc2nc3c1ncn3[C@@H]1O[C@H](CO2)[C@@H](O)[C@H]1O,False,AdenosineOnly
CC(O)N(C(N)=O)c1nc2nc3c1ncn3[C@@H]1O[C@H](CO2)[C@@H](O)[C@H]1O,False,AdenosineOnly
CC(O)(O)Nc1nc2nc3c1ncn3[C@@H]1O[C@H](CO2)[C@@H](O)[C@H]1O,False,AdenosineOnly
OCC(O)Nc1nc2nc3c1ncn3[C@@H]1O[C@H](CO2)[C@@H](O)[C@H]1O,False,AdenosineOnly
CCNc1nc2nc3c1ncn3[C@@H]1O[C@H](CO2)[C@@H](O)[C@H]1O,False,AdenosineOnly
CC(O)OC(C)Nc1nc2nc3c1ncn3[C@@H]1O[C@H](CO2)[C@@H](O)[C@H]1O,False,AdenosineOnly
OCNc1nc2nc3c1ncn3[C@@H]1O[C@H](CO2)[C@@H](O)[C@H]1O,False,AdenosineOnly
Cc1nc2c(NC(C)O)nc3nc2n1[C@@H]1O[C@H](CO3)[C@@H](O)[C@H]1O,False,AdenosineOnly
CC(O)Nc1nc2nc3c1ncn3[C@@]1(C)O[C@H](CO2)[C@@H](O)[C@H]1O,False,AdenosineOnly
CC(O)Nc1nc2nc3c1ncn3[C@@H]1O[C@H](CO2)[C@@H](O)[C@]1(C)O,False,AdenosineOnly
CC(O)Nc1nc2nc3c1ncn3[C@@H]1O[C@H](CO2)[C@](C)(O)[C@H]1O,False,AdenosineOnly
CC(O)Nc1nc2nc3c1ncn3[C@@H]1O[C@@](C)(CO2)[C@@H](O)[C@H]1O,False,AdenosineOnly
CC(O)Nc1nc2nc3c1ncn3[C@@H]1O[C@H](C(C)O2)[C@@H](O)[C@H]1O,False,AdenosineOnly
CC(O)(CO)Nc1ncnc2c1nc1n2[C@@H]2OC[C@@H](O)[C@H]2O1,False,AdenosineOnly
CC(O)Nc1ncnc2c1nc1n2[C@@H]2OC[C@@H](O)[C@]2(CO)O1,False,AdenosineOnly
CC(O)Nc1nc(CO)nc2c1nc1n2[C@@H]2OC[C@@H](O)[C@H]2O1,False,AdenosineOnly
CC(O)Nc1ncnc2c1nc1n2[C@@H]2OC[C@@](O)(CO)[C@H]2O1,False,AdenosineOnly
OCCC(O)Nc1ncnc2c1nc1n2[C@@H]2OC[C@@H](O)[C@H]2O1,False,AdenosineOnly
O=CNc1ncnc2c1nc1n2[C@@H]2O[C@H](CO)[C@@H](O)[C@H]2O1,False,AdenosineOnly
CCNc1ncnc2c1nc1n2[C@@H]2O[C@H](C=O)[C@@H](O)[C@H]2O1,False,AdenosineOnly
COC(C)Nc1ncnc2c1nc1n2[C@@H]2O[C@H](CO)[C@@H](O)[C@H]2O1,False,AdenosineOnly
CC(O)N(C)c1ncnc2c1nc1n2[C@@H]2O[C@H](CO)[C@@H](O)[C@H]2O1,False,AdenosineOnly
CC(C)(O)Nc1ncnc2c1nc1n2[C@@H]2O[C@H](CO)[C@@H](O)[C@H]2O1,False,AdenosineOnly
CCC(O)Nc1ncnc2c1nc1n2[C@@H]2O[C@H](CO)[C@@H](O)[C@H]2O1,False,AdenosineOnly
CC(=O)N(c1ncnc2c1nc1n2[C@@H]2O[C@H](CO)[C@@H](O)[C@H]2O1)C(C)O,False,AdenosineOnly
CC(=O)OC(C)Nc1ncnc2c1nc1n2[C@@H]2O[C@H](CO)[C@@H](O)[C@H]2O1,False,AdenosineOnly
CC(=O)OC[C@H]1O[C@@H]2[C@H](Oc3nc4c(NC(C)O)ncnc4n32)[C@@H]1O,False,AdenosineOnly
CC(=O)O[C@H]1[C@H]2Oc3nc4c(NC(C)O)ncnc4n3[C@@H]2O[C@@H]1CO,False,AdenosineOnly
CC(Cl)Nc1ncnc2c1nc1n2[C@@H]2O[C@H](CO)[C@@H](O)[C@H]2O1,False,AdenosineOnly
CC(O)N(C(N)=O)c1ncnc2c1nc1n2[C@@H]2O[C@H](CO)[C@@H](O)[C@H]2O1,False,AdenosineOnly
CC(O)(O)Nc1ncnc2c1nc1n2[C@@H]2O[C@H](CO)[C@@H](O)[C@H]2O1,False,AdenosineOnly
OCC(O)Nc1ncnc2c1nc1n2[C@@H]2O[C@H](CO)[C@@H](O)[C@H]2O1,False,AdenosineOnly
CCNc1ncnc2c1nc1n2[C@@H]2O[C@H](CO)[C@@H](O)[C@H]2O1,False,AdenosineOnly
CC(O)Nc1ncnc2c1nc1n2[C@@H]2O[C@H](C)[C@@H](O)[C@H]2O1,False,AdenosineOnly
CC(O)Nc1ncnc2c1nc1n2[C@@H]2O[C@H](C(=O)O)[C@@H](O)[C@H]2O1,False,AdenosineOnly
CC(O)OC(C)Nc1ncnc2c1nc1n2[C@@H]2O[C@H](CO)[C@@H](O)[C@H]2O1,False,AdenosineOnly
OCNc1ncnc2c1nc1n2[C@@H]2O[C@H](CO)[C@@H](O)[C@H]2O1,False,AdenosineOnly
CC(O)Nc1ncnc2c1nc1n2[C@@]2(C)O[C@H](CO)[C@@H](O)[C@H]2O1,False,AdenosineOnly
CC(O)Nc1ncnc2c1nc1n2[C@@H]2O[C@H](CO)[C@@H](O)[C@]2(C)O1,False,AdenosineOnly
Cc1nc(NC(C)O)c2nc3n(c2n1)[C@@H]1O[C@H](CO)[C@@H](O)[C@H]1O3,False,AdenosineOnly
CC(O)Nc1ncnc2c1nc1n2[C@@H]2O[C@H](CO)[C@](C)(O)[C@H]2O1,False,AdenosineOnly
CC(O)Nc1ncnc2c1nc1n2[C@@H]2O[C@@](C)(CO)[C@@H](O)[C@H]2O1,False,AdenosineOnly
CC(O)Nc1ncnc2c1nc1n2[C@@H]2O[C@H](C(C)O)[C@@H](O)[C@H]2O1,False,AdenosineOnly
CC(O)(CO)Nc1ncnc2c1nc1n2[C@@H]2OC[C@@H](O1)[C@H]2O,False,AdenosineOnly
CC(O)Nc1ncnc2c1nc1n2[C@@H]2OC[C@@H](O1)[C@@]2(O)CO,False,AdenosineOnly
CC(O)Nc1nc(CO)nc2c1nc1n2[C@@H]2OC[C@@H](O1)[C@H]2O,False,AdenosineOnly
CC(O)Nc1ncnc2c1nc1n2[C@@H]2OC[C@](CO)(O1)[C@H]2O,False,AdenosineOnly
OCCC(O)Nc1ncnc2c1nc1n2[C@@H]2OC[C@@H](O1)[C@H]2O,False,AdenosineOnly
O=CNc1ncnc2c1nc1n2[C@@H]2O[C@H](CO)[C@@H](O1)[C@H]2O,False,AdenosineOnly
CCNc1ncnc2c1nc1n2[C@@H]2O[C@H](C=O)[C@@H](O1)[C@H]2O,False,AdenosineOnly
COC(C)Nc1ncnc2c1nc1n2[C@@H]2O[C@H](CO)[C@@H](O1)[C@H]2O,False,AdenosineOnly
CC(O)N(C)c1ncnc2c1nc1n2[C@@H]2O[C@H](CO)[C@@H](O1)[C@H]2O,False,AdenosineOnly
CC(C)(O)Nc1ncnc2c1nc1n2[C@@H]2O[C@H](CO)[C@@H](O1)[C@H]2O,False,AdenosineOnly
CCC(O)Nc1ncnc2c1nc1n2[C@@H]2O[C@H](CO)[C@@H](O1)[C@H]2O,False,AdenosineOnly
CC(=O)N(c1ncnc2c1nc1n2[C@@H]2O[C@H](CO)[C@@H](O1)[C@H]2O)C(C)O,False,AdenosineOnly
CC(=O)OC(C)Nc1ncnc2c1nc1n2[C@@H]2O[C@H](CO)[C@@H](O1)[C@H]2O,False,AdenosineOnly
CC(=O)OC[C@H]1O[C@@H]2[C@H](O)[C@@H]1Oc1nc3c(NC(C)O)ncnc3n12,False,AdenosineOnly
CC(=O)O[C@@H]1[C@@H]2Oc3nc4c(NC(C)O)ncnc4n3[C@@H]1O[C@@H]2CO,False,AdenosineOnly
CC(Cl)Nc1ncnc2c1nc1n2[C@@H]2O[C@H](CO)[C@@H](O1)[C@H]2O,False,AdenosineOnly
CC(O)N(C(N)=O)c1ncnc2c1nc1n2[C@@H]2O[C@H](CO)[C@@H](O1)[C@H]2O,False,AdenosineOnly
CC(O)(O)Nc1ncnc2c1nc1n2[C@@H]2O[C@H](CO)[C@@H](O1)[C@H]2O,False,AdenosineOnly
OCC(O)Nc1ncnc2c1nc1n2[C@@H]2O[C@H](CO)[C@@H](O1)[C@H]2O,False,AdenosineOnly
CCNc1ncnc2c1nc1n2[C@@H]2O[C@H](CO)[C@@H](O1)[C@H]2O,False,AdenosineOnly
CC(O)Nc1ncnc2c1nc1n2[C@@H]2O[C@H](C)[C@@H](O1)[C@H]2O,False,AdenosineOnly
CC(O)Nc1ncnc2c1nc1n2[C@@H]2O[C@H](C(=O)O)[C@@H](O1)[C@H]2O,False,AdenosineOnly
CC(O)OC(C)Nc1ncnc2c1nc1n2[C@@H]2O[C@H](CO)[C@@H](O1)[C@H]2O,False,AdenosineOnly
OCNc1ncnc2c1nc1n2[C@@H]2O[C@H](CO)[C@@H](O1)[C@H]2O,False,AdenosineOnly
CC(O)Nc1ncnc2c1nc1n2[C@@]2(C)O[C@H](CO)[C@@H](O1)[C@H]2O,False,AdenosineOnly
CC(O)Nc1ncnc2c1nc1n2[C@@H]2O[C@H](CO)[C@@H](O1)[C@]2(C)O,False,AdenosineOnly
Cc1nc(NC(C)O)c2nc3n(c2n1)[C@@H]1O[C@H](CO)[C@@H](O3)[C@H]1O,False,AdenosineOnly
CC(O)Nc1ncnc2c1nc1n2[C@@H]2O[C@H](CO)[C@](C)(O1)[C@H]2O,False,AdenosineOnly
CC(O)Nc1ncnc2c1nc1n2[C@@H]2O[C@@](C)(CO)[C@@H](O1)[C@H]2O,False,AdenosineOnly
CC(O)Nc1ncnc2c1nc1n2[C@@H]2O[C@H](C(C)O)[C@@H](O1)[C@H]2O,False,AdenosineOnly
O=CNc1ncnc2c1nc1n2[C@@H]2O[C@H](CO1)[C@@H](O)[C@H]2O,False,AdenosineOnly
Nc1ncnc2c1nc1n2[C@@H]2O[C@H](CO1)[C@@H](O)[C@H]2O,False,AdenosineOnly
CC(=O)Nc1ncnc2c1nc1n2[C@@H]2O[C@H](CO1)[C@@H](O)[C@H]2O,False,AdenosineOnly
COC(C)Nc1ncnc2c1nc1n2[C@@H]2O[C@H](CO1)[C@@H](O)[C@H]2O,False,AdenosineOnly
CC(O)N(C)c1ncnc2c1nc1n2[C@@H]2O[C@H](CO1)[C@@H](O)[C@H]2O,False,AdenosineOnly
CC(C)(O)Nc1ncnc2c1nc1n2[C@@H]2O[C@H](CO1)[C@@H](O)[C@H]2O,False,AdenosineOnly
CCC(O)Nc1ncnc2c1nc1n2[C@@H]2O[C@H](CO1)[C@@H](O)[C@H]2O,False,AdenosineOnly
CC(=O)N(c1ncnc2c1nc1n2[C@@H]2O[C@H](CO1)[C@@H](O)[C@H]2O)C(C)O,False,AdenosineOnly
CC(=O)OC(C)Nc1ncnc2c1nc1n2[C@@H]2O[C@H](CO1)[C@@H](O)[C@H]2O,False,AdenosineOnly
CC(=O)O[C@@H]1[C@H](O)[C@H]2COc3nc4c(NC(C)O)ncnc4n3[C@@H]1O2,False,AdenosineOnly
CC(=O)O[C@H]1[C@@H](O)[C@H]2O[C@@H]1COc1nc3c(NC(C)O)ncnc3n12,False,AdenosineOnly
CC(Cl)Nc1ncnc2c1nc1n2[C@@H]2O[C@H](CO1)[C@@H](O)[C@H]2O,False,AdenosineOnly
CC(O)N(C(N)=O)c1ncnc2c1nc1n2[C@@H]2O[C@H](CO1)[C@@H](O)[C@H]2O,False,AdenosineOnly
CC(O)(O)Nc1ncnc2c1nc1n2[C@@H]2O[C@H](CO1)[C@@H](O)[C@H]2O,False,AdenosineOnly
OCC(O)Nc1ncnc2c1nc1n2[C@@H]2O[C@H](CO1)[C@@H](O)[C@H]2O,False,AdenosineOnly
CCNc1ncnc2c1nc1n2[C@@H]2O[C@H](CO1)[C@@H](O)[C@H]2O,False,AdenosineOnly
CC(O)OC(C)Nc1ncnc2c1nc1n2[C@@H]2O[C@H](CO1)[C@@H](O)[C@H]2O,False,AdenosineOnly
OCNc1ncnc2c1nc1n2[C@@H]2O[C@H](CO1)[C@@H](O)[C@H]2O,False,AdenosineOnly
CC(O)Nc1ncnc2c1nc1n2[C@@]2(C)O[C@H](CO1)[C@@H](O)[C@H]2O,False,AdenosineOnly
CC(O)Nc1ncnc2c1nc1n2[C@@H]2O[C@H](CO1)[C@@H](O)[C@]2(C)O,False,AdenosineOnly
Cc1nc(NC(C)O)c2nc3n(c2n1)[C@@H]1O[C@H](CO3)[C@@H](O)[C@H]1O,False,AdenosineOnly
CC(O)Nc1ncnc2c1nc1n2[C@@H]2O[C@H](CO1)[C@](C)(O)[C@H]2O,False,AdenosineOnly
CC(O)Nc1ncnc2c1nc1n2[C@@H]2O[C@@](C)(CO1)[C@@H](O)[C@H]2O,False,AdenosineOnly
CC(O)Nc1ncnc2c1nc1n2[C@@H]2O[C@H](C(C)O1)[C@@H](O)[C@H]2O,False,AdenosineOnly
CC(O)(CO)Nc1ncnc2c1ncn2[C@@]12OC[C@@H](O)[C@H]1O2,False,AdenosineOnly
CC(O)Nc1ncnc2c1ncn2[C@@]12OC[C@@H](O)[C@]1(CO)O2,False,AdenosineOnly
CC(O)Nc1ncnc2c1nc(CO)n2[C@@]12OC[C@@H](O)[C@H]1O2,False,AdenosineOnly
CC(O)Nc1ncnc2c1ncn2[C@@]12OC[C@@](O)(CO)[C@H]1O2,False,AdenosineOnly
CC(O)Nc1nc(CO)nc2c1ncn2[C@@]12OC[C@@H](O)[C@H]1O2,False,AdenosineOnly
OCCC(O)Nc1ncnc2c1ncn2[C@@]12OC[C@@H](O)[C@H]1O2,False,AdenosineOnly
O=CNc1ncnc2c1ncn2[C@]12O[C@@H]1[C@H](O)[C@@H](CO)O2,False,AdenosineOnly
CCNc1ncnc2c1ncn2[C@]12O[C@@H]1[C@H](O)[C@@H](C=O)O2,False,AdenosineOnly
COC(C)Nc1ncnc2c1ncn2[C@]12O[C@@H]1[C@H](O)[C@@H](CO)O2,False,AdenosineOnly
CC(O)N(C)c1ncnc2c1ncn2[C@]12O[C@@H]1[C@H](O)[C@@H](CO)O2,False,AdenosineOnly
CC(C)(O)Nc1ncnc2c1ncn2[C@]12O[C@@H]1[C@H](O)[C@@H](CO)O2,False,AdenosineOnly
CCC(O)Nc1ncnc2c1ncn2[C@]12O[C@@H]1[C@H](O)[C@@H](CO)O2,False,AdenosineOnly
CC(=O)N(c1ncnc2c1ncn2[C@]12O[C@@H]1[C@H](O)[C@@H](CO)O2)C(C)O,False,AdenosineOnly
CC(=O)OC(C)Nc1ncnc2c1ncn2[C@]12O[C@@H]1[C@H](O)[C@@H](CO)O2,False,AdenosineOnly
CC(=O)OC[C@H]1O[C@@]2(n3cnc4c(NC(C)O)ncnc43)O[C@@H]2[C@@H]1O,False,AdenosineOnly
CC(=O)O[C@H]1[C@H]2O[C@]2(n2cnc3c(NC(C)O)ncnc32)O[C@@H]1CO,False,AdenosineOnly
CC(Cl)Nc1ncnc2c1ncn2[C@]12O[C@@H]1[C@H](O)[C@@H](CO)O2,False,AdenosineOnly
CC(O)N(C(N)=O)c1ncnc2c1ncn2[C@]12O[C@@H]1[C@H](O)[C@@H](CO)O2,False,AdenosineOnly
CC(O)(O)Nc1ncnc2c1ncn2[C@]12O[C@@H]1[C@H](O)[C@@H](CO)O2,False,AdenosineOnly
OCC(O)Nc1ncnc2c1ncn2[C@]12O[C@@H]1[C@H](O)[C@@H](CO)O2,False,AdenosineOnly
CC(O)Nc1ncnc2c1ncn2[C@@]1(O)O[C@H](CO)[C@@H](O)[C@H]1O,False,AdenosineOnly
CCNc1ncnc2c1ncn2[C@]12O[C@@H]1[C@H](O)[C@@H](CO)O2,False,AdenosineOnly
CC(O)Nc1ncnc2c1ncn2[C@]12O[C@@H]1[C@H](O)[C@@H](C)O2,False,AdenosineOnly
CC(O)Nc1ncnc2c1ncn2[C@@]12O[C@H](C(=O)O)[C@@H](O)[C@H]1O2,False,AdenosineOnly
CC(O)OC(C)Nc1ncnc2c1ncn2[C@]12O[C@@H]1[C@H](O)[C@@H](CO)O2,False,AdenosineOnly
OCNc1ncnc2c1ncn2[C@]12O[C@@H]1[C@H](O)[C@@H](CO)O2,False,AdenosineOnly
CC(O)Nc1ncnc2c1ncn2[C@@]12O[C@H](CO)[C@@H](O)[C@]1(C)O2,False,AdenosineOnly
Cc1nc2c(NC(C)O)ncnc2n1[C@]12O[C@@H]1[C@H](O)[C@@H](CO)O2,False,AdenosineOnly
CC(O)Nc1ncnc2c1ncn2[C@]12O[C@@H]1[C@@](C)(O)[C@@H](CO)O2,False,AdenosineOnly
CC(O)Nc1ncnc2c1ncn2[C@]12O[C@@H]1[C@H](O)[C@](C)(CO)O2,False,AdenosineOnly
CC(O)Nc1ncnc2c1ncn2[C@@]12O[C@H](C(C)O)[C@@H](O)[C@H]1O2,False,AdenosineOnly
Cc1nc(NC(C)O)c2ncn([C@]34O[C@@H]3[C@H](O)[C@@H](CO)O4)c2n1,False,AdenosineOnly
CC(O)(CO)Nc1ncnc2c1ncn2[C@]12OC[C@@H](O1)[C@H]2O,False,AdenosineOnly
CC(O)Nc1ncnc2c1ncn2[C@]12OC[C@@H](O1)[C@@]2(O)CO,False,AdenosineOnly
CC(O)Nc1ncnc2c1nc(CO)n2[C@]12OC[C@@H](O1)[C@H]2O,False,AdenosineOnly
CC(O)Nc1ncnc2c1ncn2[C@]12OC[C@](CO)(O1)[C@H]2O,False,AdenosineOnly
CC(O)Nc1nc(CO)nc2c1ncn2[C@]12OC[C@@H](O1)[C@H]2O,False,AdenosineOnly
OCCC(O)Nc1ncnc2c1ncn2[C@]12OC[C@@H](O1)[C@H]2O,False,AdenosineOnly
O=CNc1ncnc2c1ncn2[C@]12O[C@@H]([C@H]1O)[C@@H](CO)O2,False,AdenosineOnly
CCNc1ncnc2c1ncn2[C@]12O[C@@H]([C@H]1O)[C@@H](C=O)O2,False,AdenosineOnly
COC(C)Nc1ncnc2c1ncn2[C@]12O[C@@H]([C@H]1O)[C@@H](CO)O2,False,AdenosineOnly
CC(O)N(C)c1ncnc2c1ncn2[C@]12O[C@@H]([C@H]1O)[C@@H](CO)O2,False,AdenosineOnly
CC(C)(O)Nc1ncnc2c1ncn2[C@]12O[C@@H]([C@H]1O)[C@@H](CO)O2,False,AdenosineOnly
CCC(O)Nc1ncnc2c1ncn2[C@]12O[C@@H]([C@H]1O)[C@@H](CO)O2,False,AdenosineOnly
CC(=O)N(c1ncnc2c1ncn2[C@]12O[C@@H]([C@H]1O)[C@@H](CO)O2)C(C)O,False,AdenosineOnly
CC(=O)OC(C)Nc1ncnc2c1ncn2[C@]12O[C@@H]([C@H]1O)[C@@H](CO)O2,False,AdenosineOnly
CC(=O)OC[C@H]1O[C@@]2(n3cnc4c(NC(C)O)ncnc43)O[C@H]1[C@H]2O,False,AdenosineOnly
CC(=O)O[C@@H]1[C@@H]2O[C@]1(n1cnc3c(NC(C)O)ncnc31)O[C@@H]2CO,False,AdenosineOnly
CC(Cl)Nc1ncnc2c1ncn2[C@]12O[C@@H]([C@H]1O)[C@@H](CO)O2,False,AdenosineOnly
CC(O)N(C(N)=O)c1ncnc2c1ncn2[C@]12O[C@@H]([C@H]1O)[C@@H](CO)O2,False,AdenosineOnly
CC(O)(O)Nc1ncnc2c1ncn2[C@]12O[C@@H]([C@H]1O)[C@@H](CO)O2,False,AdenosineOnly
OCC(O)Nc1ncnc2c1ncn2[C@]12O[C@@H]([C@H]1O)[C@@H](CO)O2,False,AdenosineOnly
CCNc1ncnc2c1ncn2[C@]12O[C@@H]([C@H]1O)[C@@H](CO)O2,False,AdenosineOnly
CC(O)Nc1ncnc2c1ncn2[C@]12O[C@@H]([C@H]1O)[C@@H](C)O2,False,AdenosineOnly
CC(O)Nc1ncnc2c1ncn2[C@@]12O[C@H]([C@@H](C(=O)O)O1)[C@H]2O,False,AdenosineOnly
CC(O)OC(C)Nc1ncnc2c1ncn2[C@]12O[C@@H]([C@H]1O)[C@@H](CO)O2,False,AdenosineOnly
OCNc1ncnc2c1ncn2[C@]12O[C@@H]([C@H]1O)[C@@H](CO)O2,False,AdenosineOnly
CC(O)Nc1ncnc2c1ncn2[C@@]12O[C@H]([C@@H](CO)O1)[C@]2(C)O,False,AdenosineOnly
Cc1nc2c(NC(C)O)ncnc2n1[C@]12O[C@@H]([C@H]1O)[C@@H](CO)O2,False,AdenosineOnly
CC(O)Nc1ncnc2c1ncn2[C@]12O[C@H](CO)[C@](C)(O1)[C@H]2O,False,AdenosineOnly
CC(O)Nc1ncnc2c1ncn2[C@]12O[C@@H]([C@H]1O)[C@](C)(CO)O2,False,AdenosineOnly
CC(O)Nc1ncnc2c1ncn2[C@@]12O[C@H]([C@@H](C(C)O)O1)[C@H]2O,False,AdenosineOnly
Cc1nc(NC(C)O)c2ncn([C@]34O[C@@H]([C@H]3O)[C@@H](CO)O4)c2n1,False,AdenosineOnly
O=CNc1ncnc2c1ncn2[C@@]12OC[C@@H](O1)[C@@H](O)[C@H]2O,False,AdenosineOnly
Nc1ncnc2c1ncn2[C@@]12OC[C@@H](O1)[C@@H](O)[C@H]2O,False,AdenosineOnly
CC(=O)Nc1ncnc2c1ncn2[C@@]12OC[C@@H](O1)[C@@H](O)[C@H]2O,False,AdenosineOnly
COC(C)Nc1ncnc2c1ncn2[C@@]12OC[C@@H](O1)[C@@H](O)[C@H]2O,False,AdenosineOnly
CC(O)N(C)c1ncnc2c1ncn2[C@@]12OC[C@@H](O1)[C@@H](O)[C@H]2O,False,AdenosineOnly
CC(C)(O)Nc1ncnc2c1ncn2[C@@]12OC[C@@H](O1)[C@@H](O)[C@H]2O,False,AdenosineOnly
CCC(O)Nc1ncnc2c1ncn2[C@@]12OC[C@@H](O1)[C@@H](O)[C@H]2O,False,AdenosineOnly
CC(=O)N(c1ncnc2c1ncn2[C@@]12OC[C@@H](O1)[C@@H](O)[C@H]2O)C(C)O,False,AdenosineOnly
CC(=O)OC(C)Nc1ncnc2c1ncn2[C@@]12OC[C@@H](O1)[C@@H](O)[C@H]2O,False,AdenosineOnly
CC(=O)O[C@@H]1[C@H](O)[C@H]2CO[C@]1(n1cnc3c(NC(C)O)ncnc31)O2,False,AdenosineOnly
CC(=O)O[C@H]1[C@@H](O)[C@]2(n3cnc4c(NC(C)O)ncnc43)OC[C@H]1O2,False,AdenosineOnly
CC(Cl)Nc1ncnc2c1ncn2[C@@]12OC[C@@H](O1)[C@@H](O)[C@H]2O,False,AdenosineOnly
CC(O)N(C(N)=O)c1ncnc2c1ncn2[C@@]12OC[C@@H](O1)[C@@H](O)[C@H]2O,False,AdenosineOnly
CC(O)(O)Nc1ncnc2c1ncn2[C@@]12OC[C@@H](O1)[C@@H](O)[C@H]2O,False,AdenosineOnly
OCC(O)Nc1ncnc2c1ncn2[C@@]12OC[C@@H](O1)[C@@H](O)[C@H]2O,False,AdenosineOnly
CCNc1ncnc2c1ncn2[C@@]12OC[C@@H](O1)[C@@H](O)[C@H]2O,False,AdenosineOnly
CC(O)OC(C)Nc1ncnc2c1ncn2[C@@]12OC[C@@H](O1)[C@@H](O)[C@H]2O,False,AdenosineOnly
OCNc1ncnc2c1ncn2[C@@]12OC[C@@H](O1)[C@@H](O)[C@H]2O,False,AdenosineOnly
CC(O)Nc1ncnc2c1ncn2[C@@]12OC[C@@H](O1)[C@@H](O)[C@]2(C)O,False,AdenosineOnly
Cc1nc2c(NC(C)O)ncnc2n1[C@@]12OC[C@@H](O1)[C@@H](O)[C@H]2O,False,AdenosineOnly
CC(O)Nc1ncnc2c1ncn2[C@@]12OC[C@@H](O1)[C@](C)(O)[C@H]2O,False,AdenosineOnly
CC(O)Nc1ncnc2c1ncn2[C@@]12OC[C@](C)(O1)[C@@H](O)[C@H]2O,False,AdenosineOnly
CC(O)Nc1ncnc2c1ncn2[C@@]12OC(C)[C@@H](O1)[C@@H](O)[C@H]2O,False,AdenosineOnly
Cc1nc(NC(C)O)c2ncn([C@@]34OC[C@@H](O3)[C@@H](O)[C@H]4O)c2n1,False,AdenosineOnly
CC(O)(CO)Nc1ncnc2c1ncn2[C@@H]1OC[C@H]2O[C@]21O,False,AdenosineOnly
CC(O)Nc1ncnc2c1ncn2[C@@H]1OC[C@]2(CO)O[C@@]12O,False,AdenosineOnly
CC(O)Nc1ncnc2c1nc(CO)n2[C@@H]1OC[C@H]2O[C@]21O,False,AdenosineOnly
CC(O)Nc1nc(CO)nc2c1ncn2[C@@H]1OC[C@H]2O[C@]21O,False,AdenosineOnly
OCCC(O)Nc1ncnc2c1ncn2[C@@H]1OC[C@H]2O[C@]21O,False,AdenosineOnly
O=CNc1ncnc2c1ncn2[C@@H]1O[C@H](CO)[C@H]2O[C@]21O,False,AdenosineOnly
CCNc1ncnc2c1ncn2[C@@H]1O[C@H](C=O)[C@H]2O[C@]21O,False,AdenosineOnly
COC(C)Nc1ncnc2c1ncn2[C@@H]1O[C@H](CO)[C@H]2O[C@]21O,False,AdenosineOnly
CC(O)N(C)c1ncnc2c1ncn2[C@@H]1O[C@H](CO)[C@H]2O[C@]21O,False,AdenosineOnly
CC(C)(O)Nc1ncnc2c1ncn2[C@@H]1O[C@H](CO)[C@H]2O[C@]21O,False,AdenosineOnly
CCC(O)Nc1ncnc2c1ncn2[C@@H]1O[C@H](CO)[C@H]2O[C@]21O,False,AdenosineOnly
CC(=O)N(c1ncnc2c1ncn2[C@@H]1O[C@H](CO)[C@H]2O[C@]21O)C(C)O,False,AdenosineOnly
CC(=O)OC(C)Nc1ncnc2c1ncn2[C@@H]1O[C@H](CO)[C@H]2O[C@]21O,False,AdenosineOnly
CC(=O)OC[C@H]1O[C@@H](n2cnc3c(NC(C)O)ncnc32)[C@]2(O)O[C@H]12,False,AdenosineOnly
CC(=O)O[C@@]12O[C@@H]1[C@@H](CO)O[C@H]2n1cnc2c(NC(C)O)ncnc21,False,AdenosineOnly
CC(Cl)Nc1ncnc2c1ncn2[C@@H]1O[C@H](CO)[C@H]2O[C@]21O,False,AdenosineOnly
CC(O)N(C(N)=O)c1ncnc2c1ncn2[C@@H]1O[C@H](CO)[C@H]2O[C@]21O,False,AdenosineOnly
CC(O)(O)Nc1ncnc2c1ncn2[C@@H]1O[C@H](CO)[C@H]2O[C@]21O,False,AdenosineOnly
OCC(O)Nc1ncnc2c1ncn2[C@@H]1O[C@H](CO)[C@H]2O[C@]21O,False,AdenosineOnly
CC(O)Nc1ncnc2c1ncn2[C@@H]1O[C@H](CO)[C@@H](O)C1(O)O,False,AdenosineOnly
CCNc1ncnc2c1ncn2[C@@H]1O[C@H](CO)[C@H]2O[C@]21O,False,AdenosineOnly
CC(O)Nc1ncnc2c1ncn2[C@@H]1O[C@H](C)[C@H]2O[C@]21O,False,AdenosineOnly
CC(O)Nc1ncnc2c1ncn2[C@@H]1O[C@H](C(=O)O)[C@H]2O[C@]21O,False,AdenosineOnly
CC(O)OC(C)Nc1ncnc2c1ncn2[C@@H]1O[C@H](CO)[C@H]2O[C@]21O,False,AdenosineOnly
OCNc1ncnc2c1ncn2[C@@H]1O[C@H](CO)[C@H]2O[C@]21O,False,AdenosineOnly
CC(O)Nc1ncnc2c1ncn2[C@@]1(C)O[C@H](CO)[C@H]2O[C@]21O,False,AdenosineOnly
CC(O)Nc1ncnc2c1ncn2[C@@H]1O[C@H](CO)[C@]2(C)O[C@@]12O,False,AdenosineOnly
CC(O)Nc1ncnc2c1ncn2[C@@H]1O[C@@](C)(CO)[C@H]2O[C@@]12O,False,AdenosineOnly
Cc1nc2c(NC(C)O)ncnc2n1[C@@H]1O[C@H](CO)[C@H]2O[C@]21O,False,AdenosineOnly
CC(O)Nc1ncnc2c1ncn2[C@@H]1O[C@H](C(C)O)[C@H]2O[C@]21O,False,AdenosineOnly
Cc1nc(NC(C)O)c2ncn([C@@H]3O[C@H](CO)[C@H]4O[C@]43O)c2n1,False,AdenosineOnly
O=CNc1ncnc2c1ncn2[C@@H]1O[C@@H]2CO[C@]1(O)[C@@H]2O,False,AdenosineOnly
Nc1ncnc2c1ncn2[C@@H]1O[C@@H]2CO[C@]1(O)[C@@H]2O,False,AdenosineOnly
CC(=O)Nc1ncnc2c1ncn2[C@@H]1O[C@@H]2CO[C@]1(O)[C@@H]2O,False,AdenosineOnly
COC(C)Nc1ncnc2c1ncn2[C@@H]1O[C@@H]2CO[C@]1(O)[C@@H]2O,False,AdenosineOnly
CC(O)N(C)c1ncnc2c1ncn2[C@@H]1O[C@@H]2CO[C@]1(O)[C@@H]2O,False,AdenosineOnly
CC(C)(O)Nc1ncnc2c1ncn2[C@@H]1O[C@@H]2CO[C@]1(O)[C@@H]2O,False,AdenosineOnly
CCC(O)Nc1ncnc2c1ncn2[C@@H]1O[C@@H]2CO[C@]1(O)[C@@H]2O,False,AdenosineOnly
CC(=O)N(c1ncnc2c1ncn2[C@@H]1O[C@@H]2CO[C@]1(O)[C@@H]2O)C(C)O,False,AdenosineOnly
CC(=O)OC(C)Nc1ncnc2c1ncn2[C@@H]1O[C@@H]2CO[C@]1(O)[C@@H]2O,False,AdenosineOnly
CC(=O)O[C@]12OC[C@@H](O[C@H]1n1cnc3c(NC(C)O)ncnc31)[C@H]2O,False,AdenosineOnly
CC(=O)O[C@@H]1[C@H]2CO[C@@]1(O)[C@H](n1cnc3c(NC(C)O)ncnc31)O2,False,AdenosineOnly
CC(Cl)Nc1ncnc2c1ncn2[C@@H]1O[C@@H]2CO[C@]1(O)[C@@H]2O,False,AdenosineOnly
CC(O)N(C(N)=O)c1ncnc2c1ncn2[C@@H]1O[C@@H]2CO[C@]1(O)[C@@H]2O,False,AdenosineOnly
CC(O)(O)Nc1ncnc2c1ncn2[C@@H]1O[C@@H]2CO[C@]1(O)[C@@H]2O,False,AdenosineOnly
OCC(O)Nc1ncnc2c1ncn2[C@@H]1O[C@@H]2CO[C@]1(O)[C@@H]2O,False,AdenosineOnly
CCNc1ncnc2c1ncn2[C@@H]1O[C@@H]2CO[C@]1(O)[C@@H]2O,False,AdenosineOnly
CC(O)OC(C)Nc1ncnc2c1ncn2[C@@H]1O[C@@H]2CO[C@]1(O)[C@@H]2O,False,AdenosineOnly
OCNc1ncnc2c1ncn2[C@@H]1O[C@@H]2CO[C@]1(O)[C@@H]2O,False,AdenosineOnly
CC(O)Nc1ncnc2c1ncn2[C@@]1(C)O[C@@H]2CO[C@]1(O)[C@@H]2O,False,AdenosineOnly
CC(O)Nc1ncnc2c1ncn2[C@@H]1O[C@@H]2CO[C@]1(O)[C@@]2(C)O,False,AdenosineOnly
CC(O)Nc1ncnc2c1ncn2[C@@H]1O[C@@]2(C)CO[C@]1(O)[C@@H]2O,False,AdenosineOnly
Cc1nc2c(NC(C)O)ncnc2n1[C@@H]1O[C@@H]2CO[C@]1(O)[C@@H]2O,False,AdenosineOnly
CC(O)Nc1ncnc2c1ncn2[C@@H]1O[C@@H]2C(C)O[C@]1(O)[C@@H]2O,False,AdenosineOnly
Cc1nc(NC(C)O)c2ncn([C@@H]3O[C@@H]4CO[C@]3(O)[C@@H]4O)c2n1,False,AdenosineOnly
CC(O)(CO)Nc1ncnc2c1ncn2[C@@H]1OC[C@@]2(O)O[C@@H]12,False,AdenosineOnly
CC(O)Nc1ncnc2c1ncn2[C@@H]1OC[C@@]2(O)O[C@]12CO,False,AdenosineOnly
CC(O)Nc1ncnc2c1nc(CO)n2[C@@H]1OC[C@@]2(O)O[C@@H]12,False,AdenosineOnly
CC(O)Nc1nc(CO)nc2c1ncn2[C@@H]1OC[C@@]2(O)O[C@@H]12,False,AdenosineOnly
OCCC(O)Nc1ncnc2c1ncn2[C@@H]1OC[C@@]2(O)O[C@@H]12,False,AdenosineOnly
O=CNc1ncnc2c1ncn2[C@@H]1O[C@H](CO)[C@@]2(O)O[C@@H]12,False,AdenosineOnly
CCNc1ncnc2c1ncn2[C@@H]1O[C@H](C=O)[C@@]2(O)O[C@@H]12,False,AdenosineOnly
COC(C)Nc1ncnc2c1ncn2[C@@H]1O[C@H](CO)[C@@]2(O)O[C@@H]12,False,AdenosineOnly
CC(O)N(C)c1ncnc2c1ncn2[C@@H]1O[C@H](CO)[C@@]2(O)O[C@@H]12,False,AdenosineOnly
CC(C)(O)Nc1ncnc2c1ncn2[C@@H]1O[C@H](CO)[C@@]2(O)O[C@@H]12,False,AdenosineOnly
CCC(O)Nc1ncnc2c1ncn2[C@@H]1O[C@H](CO)[C@@]2(O)O[C@@H]12,False,AdenosineOnly
CC(=O)N(c1ncnc2c1ncn2[C@@H]1O[C@H](CO)[C@@]2(O)O[C@@H]12)C(C)O,False,AdenosineOnly
CC(=O)OC(C)Nc1ncnc2c1ncn2[C@@H]1O[C@H](CO)[C@@]2(O)O[C@@H]12,False,AdenosineOnly
CC(=O)OC[C@H]1O[C@@H](n2cnc3c(NC(C)O)ncnc32)[C@@H]2O[C@]12O,False,AdenosineOnly
CC(=O)O[C@]12O[C@H]1[C@H](n1cnc3c(NC(C)O)ncnc31)O[C@@H]2CO,False,AdenosineOnly
CC(Cl)Nc1ncnc2c1ncn2[C@@H]1O[C@H](CO)[C@@]2(O)O[C@@H]12,False,AdenosineOnly
CC(O)N(C(N)=O)c1ncnc2c1ncn2[C@@H]1O[C@H](CO)[C@@]2(O)O[C@@H]12,False,AdenosineOnly
CC(O)(O)Nc1ncnc2c1ncn2[C@@H]1O[C@H](CO)[C@@]2(O)O[C@@H]12,False,AdenosineOnly
OCC(O)Nc1ncnc2c1ncn2[C@@H]1O[C@H](CO)[C@@]2(O)O[C@@H]12,False,AdenosineOnly
CC(O)Nc1ncnc2c1ncn2[C@@H]1O[C@H](CO)C(O)(O)[C@H]1O,False,AdenosineOnly
CCNc1ncnc2c1ncn2[C@@H]1O[C@H](CO)[C@@]2(O)O[C@@H]12,False,AdenosineOnly
CC(O)Nc1ncnc2c1ncn2[C@@H]1O[C@H](C)[C@@]2(O)O[C@@H]12,False,AdenosineOnly
CC(O)Nc1ncnc2c1ncn2[C@@H]1O[C@H](C(=O)O)[C@@]2(O)O[C@@H]12,False,AdenosineOnly
CC(O)OC(C)Nc1ncnc2c1ncn2[C@@H]1O[C@H](CO)[C@@]2(O)O[C@@H]12,False,AdenosineOnly
OCNc1ncnc2c1ncn2[C@@H]1O[C@H](CO)[C@@]2(O)O[C@@H]12,False,AdenosineOnly
CC(O)Nc1ncnc2c1ncn2[C@@H]1O[C@H](CO)[C@@]2(O)O[C@]12C,False,AdenosineOnly
CC(O)Nc1ncnc2c1ncn2[C@@H]1O[C@@](C)(CO)[C@@]2(O)O[C@@H]12,False,AdenosineOnly
CC(O)Nc1ncnc2c1ncn2[C@@]1(C)O[C@H](CO)[C@@]2(O)O[C@H]21,False,AdenosineOnly
CC(O)Nc1ncnc2c1ncn2[C@@H]1O[C@H](C(C)O)[C@@]2(O)O[C@@H]12,False,AdenosineOnly
Cc1nc2c(NC(C)O)ncnc2n1[C@@H]1O[C@H](CO)[C@@]2(O)O[C@@H]12,False,AdenosineOnly
Cc1nc(NC(C)O)c2ncn([C@@H]3O[C@H](CO)[C@@]4(O)O[C@@H]34)c2n1,False,AdenosineOnly
O=CNc1ncnc2c1ncn2[C@@H]1O[C@@H]2CO[C@@]2(O)[C@H]1O,False,AdenosineOnly
Nc1ncnc2c1ncn2[C@@H]1O[C@@H]2CO[C@@]2(O)[C@H]1O,False,AdenosineOnly
CC(=O)Nc1ncnc2c1ncn2[C@@H]1O[C@@H]2CO[C@@]2(O)[C@H]1O,False,AdenosineOnly
COC(C)Nc1ncnc2c1ncn2[C@@H]1O[C@@H]2CO[C@@]2(O)[C@H]1O,False,AdenosineOnly
CC(O)N(C)c1ncnc2c1ncn2[C@@H]1O[C@@H]2CO[C@@]2(O)[C@H]1O,False,AdenosineOnly
CC(C)(O)Nc1ncnc2c1ncn2[C@@H]1O[C@@H]2CO[C@@]2(O)[C@H]1O,False,AdenosineOnly
CCC(O)Nc1ncnc2c1ncn2[C@@H]1O[C@@H]2CO[C@@]2(O)[C@H]1O,False,AdenosineOnly
CC(=O)N(c1ncnc2c1ncn2[C@@H]1O[C@@H]2CO[C@@]2(O)[C@H]1O)C(C)O,False,AdenosineOnly
CC(=O)OC(C)Nc1ncnc2c1ncn2[C@@H]1O[C@@H]2CO[C@@]2(O)[C@H]1O,False,AdenosineOnly
CC(=O)O[C@@]12OC[C@H]1O[C@@H](n1cnc3c(NC(C)O)ncnc31)[C@@H]2O,False,AdenosineOnly
CC(=O)O[C@H]1[C@H](n2cnc3c(NC(C)O)ncnc32)O[C@@H]2CO[C@]21O,False,AdenosineOnly
CC(Cl)Nc1ncnc2c1ncn2[C@@H]1O[C@@H]2CO[C@@]2(O)[C@H]1O,False,AdenosineOnly
CC(O)N(C(N)=O)c1ncnc2c1ncn2[C@@H]1O[C@@H]2CO[C@@]2(O)[C@H]1O,False,AdenosineOnly
CC(O)(O)Nc1ncnc2c1ncn2[C@@H]1O[C@@H]2CO[C@@]2(O)[C@H]1O,False,AdenosineOnly
OCC(O)Nc1ncnc2c1ncn2[C@@H]1O[C@@H]2CO[C@@]2(O)[C@H]1O,False,AdenosineOnly
CCNc1ncnc2c1ncn2[C@@H]1O[C@@H]2CO[C@@]2(O)[C@H]1O,False,AdenosineOnly
CC(O)OC(C)Nc1ncnc2c1ncn2[C@@H]1O[C@@H]2CO[C@@]2(O)[C@H]1O,False,AdenosineOnly
OCNc1ncnc2c1ncn2[C@@H]1O[C@@H]2CO[C@@]2(O)[C@H]1O,False,AdenosineOnly
CC(O)Nc1ncnc2c1ncn2[C@@H]1O[C@@H]2CO[C@@]2(O)[C@]1(C)O,False,AdenosineOnly
CC(O)Nc1ncnc2c1ncn2[C@@H]1O[C@@]2(C)CO[C@@]2(O)[C@H]1O,False,AdenosineOnly
CC(O)Nc1ncnc2c1ncn2[C@@]1(C)O[C@@H]2CO[C@@]2(O)[C@H]1O,False,AdenosineOnly
CC(O)Nc1ncnc2c1ncn2[C@@H]1O[C@@H]2C(C)O[C@@]2(O)[C@H]1O,False,AdenosineOnly
Cc1nc2c(NC(C)O)ncnc2n1[C@@H]1O[C@@H]2CO[C@@]2(O)[C@H]1O,False,AdenosineOnly
Cc1nc(NC(C)O)c2ncn([C@@H]3O[C@@H]4CO[C@@]4(O)[C@H]3O)c2n1,False,AdenosineOnly
CC(O)(CO)Nc1ncnc2c1ncn2[C@@H]1O[C@@H]2O[C@@H]1[C@@H]2O,False,AdenosineOnly
CC(O)Nc1ncnc2c1ncn2[C@@H]1O[C@@H]2O[C@@H]1[C@]2(O)CO,False,AdenosineOnly
CC(O)Nc1ncnc2c1ncn2[C@@]1(CO)O[C@@H]2O[C@@H]1[C@@H]2O,False,AdenosineOnly
CC(O)Nc1ncnc2c1ncn2[C@@H]1O[C@@H]2O[C@@]1(CO)[C@@H]2O,False,AdenosineOnly
CC(O)Nc1ncnc2c1nc(CO)n2[C@@H]1O[C@@H]2O[C@@H]1[C@@H]2O,False,AdenosineOnly
CC(O)Nc1nc(CO)nc2c1ncn2[C@@H]1O[C@@H]2O[C@@H]1[C@@H]2O,False,AdenosineOnly
OCCC(O)Nc1ncnc2c1ncn2[C@@H]1O[C@@H]2O[C@@H]1[C@@H]2O,False,AdenosineOnly
O=CNc1ncnc2c1ncn2[C@@H]1O[C@]2(CO)O[C@@H]1[C@@H]2O,False,AdenosineOnly
CCNc1ncnc2c1ncn2[C@@H]1O[C@]2(C=O)O[C@@H]1[C@@H]2O,False,AdenosineOnly
COC(C)Nc1ncnc2c1ncn2[C@@H]1O[C@]2(CO)O[C@@H]1[C@@H]2O,False,AdenosineOnly
CC(O)N(C)c1ncnc2c1ncn2[C@@H]1O[C@]2(CO)O[C@@H]1[C@@H]2O,False,AdenosineOnly
CC(C)(O)Nc1ncnc2c1ncn2[C@@H]1O[C@]2(CO)O[C@@H]1[C@@H]2O,False,AdenosineOnly
CCC(O)Nc1ncnc2c1ncn2[C@@H]1O[C@]2(CO)O[C@@H]1[C@@H]2O,False,AdenosineOnly
CC(=O)N(c1ncnc2c1ncn2[C@@H]1O[C@]2(CO)O[C@@H]1[C@@H]2O)C(C)O,False,AdenosineOnly
CC(=O)OC(C)Nc1ncnc2c1ncn2[C@@H]1O[C@]2(CO)O[C@@H]1[C@@H]2O,False,AdenosineOnly
CC(=O)OC[C@]12O[C@@H]([C@H](n3cnc4c(NC(C)O)ncnc43)O1)[C@@H]2O,False,AdenosineOnly
CC(=O)O[C@H]1[C@H]2O[C@@]1(CO)O[C@H]2n1cnc2c(NC(C)O)ncnc21,False,AdenosineOnly
CC(Cl)Nc1ncnc2c1ncn2[C@@H]1O[C@]2(CO)O[C@@H]1[C@@H]2O,False,AdenosineOnly
CC(O)N(C(N)=O)c1ncnc2c1ncn2[C@@H]1O[C@]2(CO)O[C@@H]1[C@@H]2O,False,AdenosineOnly
CC(O)(O)Nc1ncnc2c1ncn2[C@@H]1O[C@]2(CO)O[C@@H]1[C@@H]2O,False,AdenosineOnly
OCC(O)Nc1ncnc2c1ncn2[C@@H]1O[C@]2(CO)O[C@@H]1[C@@H]2O,False,AdenosineOnly
CCNc1ncnc2c1ncn2[C@@H]1O[C@]2(CO)O[C@@H]1[C@@H]2O,False,AdenosineOnly
CC(O)Nc1ncnc2c1ncn2[C@@H]1O[C@]2(C)O[C@@H]1[C@@H]2O,False,AdenosineOnly
CC(O)Nc1ncnc2c1ncn2[C@@H]1O[C@]2(C(=O)O)O[C@@H]1[C@@H]2O,False,AdenosineOnly
CC(O)OC(C)Nc1ncnc2c1ncn2[C@@H]1O[C@]2(CO)O[C@@H]1[C@@H]2O,False,AdenosineOnly
OCNc1ncnc2c1ncn2[C@@H]1O[C@]2(CO)O[C@@H]1[C@@H]2O,False,AdenosineOnly
CC(O)Nc1ncnc2c1ncn2[C@@H]1O[C@]2(CO)O[C@@H]1[C@@]2(C)O,False,AdenosineOnly
CC(O)Nc1ncnc2c1ncn2[C@@H]1O[C@]2(C(C)O)O[C@@H]1[C@@H]2O,False,AdenosineOnly
CC(O)Nc1ncnc2c1ncn2[C@@]1(C)O[C@]2(CO)O[C@@H]1[C@@H]2O,False,AdenosineOnly
CC(O)Nc1ncnc2c1ncn2[C@@H]1O[C@]2(CO)O[C@@]1(C)[C@@H]2O,False,AdenosineOnly
Cc1nc2c(NC(C)O)ncnc2n1[C@@H]1O[C@]2(CO)O[C@@H]1[C@@H]2O,False,AdenosineOnly
Cc1nc(NC(C)O)c2ncn([C@@H]3O[C@]4(CO)O[C@@H]3[C@@H]4O)c2n1,False,AdenosineOnly
CC(O)(CO)Nc1ncnc2c1ncn2[C@@H]1O[C@@H]2O[C@H]2[C@H]1O,False,AdenosineOnly
CC(O)Nc1ncnc2c1ncn2[C@@H]1O[C@@H]2O[C@]2(CO)[C@H]1O,False,AdenosineOnly
CC(O)Nc1ncnc2c1ncn2[C@@]1(CO)O[C@@H]2O[C@H]2[C@H]1O,False,AdenosineOnly
CC(O)Nc1ncnc2c1ncn2[C@@H]1O[C@@H]2O[C@H]2[C@@]1(O)CO,False,AdenosineOnly
CC(O)Nc1ncnc2c1nc(CO)n2[C@@H]1O[C@@H]2O[C@H]2[C@H]1O,False,AdenosineOnly
CC(O)Nc1nc(CO)nc2c1ncn2[C@@H]1O[C@@H]2O[C@H]2[C@H]1O,False,AdenosineOnly
OCCC(O)Nc1ncnc2c1ncn2[C@@H]1O[C@@H]2O[C@H]2[C@H]1O,False,AdenosineOnly
O=CNc1ncnc2c1ncn2[C@@H]1O[C@]2(CO)O[C@H]2[C@H]1O,False,AdenosineOnly
CCNc1ncnc2c1ncn2[C@@H]1O[C@]2(C=O)O[C@H]2[C@H]1O,False,AdenosineOnly
COC(C)Nc1ncnc2c1ncn2[C@@H]1O[C@]2(CO)O[C@H]2[C@H]1O,False,AdenosineOnly
CC(O)N(C)c1ncnc2c1ncn2[C@@H]1O[C@]2(CO)O[C@H]2[C@H]1O,False,AdenosineOnly
CC(C)(O)Nc1ncnc2c1ncn2[C@@H]1O[C@]2(CO)O[C@H]2[C@H]1O,False,AdenosineOnly
CCC(O)Nc1ncnc2c1ncn2[C@@H]1O[C@]2(CO)O[C@H]2[C@H]1O,False,AdenosineOnly
CC(=O)N(c1ncnc2c1ncn2[C@@H]1O[C@]2(CO)O[C@H]2[C@H]1O)C(C)O,False,AdenosineOnly
CC(=O)OC(C)Nc1ncnc2c1ncn2[C@@H]1O[C@]2(CO)O[C@H]2[C@H]1O,False,AdenosineOnly
CC(=O)OC[C@]12O[C@@H](n3cnc4c(NC(C)O)ncnc43)[C@H](O)[C@@H]1O2,False,AdenosineOnly
CC(=O)O[C@H]1[C@H](n2cnc3c(NC(C)O)ncnc32)O[C@]2(CO)O[C@@H]12,False,AdenosineOnly
CC(Cl)Nc1ncnc2c1ncn2[C@@H]1O[C@]2(CO)O[C@H]2[C@H]1O,False,AdenosineOnly
CC(O)N(C(N)=O)c1ncnc2c1ncn2[C@@H]1O[C@]2(CO)O[C@H]2[C@H]1O,False,AdenosineOnly
CC(O)(O)Nc1ncnc2c1ncn2[C@@H]1O[C@]2(CO)O[C@H]2[C@H]1O,False,AdenosineOnly
OCC(O)Nc1ncnc2c1ncn2[C@@H]1O[C@]2(CO)O[C@H]2[C@H]1O,False,AdenosineOnly
CC(O)Nc1ncnc2c1ncn2[C@@H]1O[C@@](O)(CO)[C@@H](O)[C@H]1O,False,AdenosineOnly
CCNc1ncnc2c1ncn2[C@@H]1O[C@]2(CO)O[C@H]2[C@H]1O,False,AdenosineOnly
CC(O)Nc1ncnc2c1ncn2[C@@H]1O[C@]2(C)O[C@H]2[C@H]1O,False,AdenosineOnly
CC(O)Nc1ncnc2c1ncn2[C@@H]1OC(CO)=C[C@H]1O,False,AdenosineOnly
CC(O)Nc1ncnc2c1ncn2[C@@H]1O[C@]2(C(=O)O)O[C@H]2[C@H]1O,False,AdenosineOnly
CC(O)OC(C)Nc1ncnc2c1ncn2[C@@H]1O[C@]2(CO)O[C@H]2[C@H]1O,False,AdenosineOnly
OCNc1ncnc2c1ncn2[C@@H]1O[C@]2(CO)O[C@H]2[C@H]1O,False,AdenosineOnly
CC(O)Nc1ncnc2c1ncn2[C@@H]1O[C@]2(CO)O[C@]2(C)[C@H]1O,False,AdenosineOnly
CC(O)Nc1ncnc2c1ncn2[C@@H]1O[C@]2(C(C)O)O[C@H]2[C@H]1O,False,AdenosineOnly
CC(O)Nc1ncnc2c1ncn2[C@@]1(C)O[C@]2(CO)O[C@H]2[C@H]1O,False,AdenosineOnly
CC(O)Nc1ncnc2c1ncn2[C@@H]1O[C@]2(CO)O[C@H]2[C@]1(C)O,False,AdenosineOnly
Cc1nc2c(NC(C)O)ncnc2n1[C@@H]1O[C@]2(CO)O[C@H]2[C@H]1O,False,AdenosineOnly
Cc1nc(NC(C)O)c2ncn([C@@H]3O[C@]4(CO)O[C@H]4[C@H]3O)c2n1,False,AdenosineOnly
O=CNc1ncnc2c1ncn2[C@@H]1O[C@@]2(CO2)[C@@H](O)[C@H]1O,False,AdenosineOnly
Nc1ncnc2c1ncn2[C@@H]1O[C@@]2(CO2)[C@@H](O)[C@H]1O,False,AdenosineOnly
CC(=O)Nc1ncnc2c1ncn2[C@@H]1O[C@@]2(CO2)[C@@H](O)[C@H]1O,False,AdenosineOnly
COC(C)Nc1ncnc2c1ncn2[C@@H]1O[C@@]2(CO2)[C@@H](O)[C@H]1O,False,AdenosineOnly
CC(O)N(C)c1ncnc2c1ncn2[C@@H]1O[C@@]2(CO2)[C@@H](O)[C@H]1O,False,AdenosineOnly
CC(C)(O)Nc1ncnc2c1ncn2[C@@H]1O[C@@]2(CO2)[C@@H](O)[C@H]1O,False,AdenosineOnly
CCC(O)Nc1ncnc2c1ncn2[C@@H]1O[C@@]2(CO2)[C@@H](O)[C@H]1O,False,AdenosineOnly
CC(=O)N(c1ncnc2c1ncn2[C@@H]1O[C@@]2(CO2)[C@@H](O)[C@H]1O)C(C)O,False,AdenosineOnly
CC(=O)OC(C)Nc1ncnc2c1ncn2[C@@H]1O[C@@]2(CO2)[C@@H](O)[C@H]1O,False,AdenosineOnly
CC(=O)O[C@H]1[C@@H](O)[C@H](n2cnc3c(NC(C)O)ncnc32)O[C@@]12CO2,False,AdenosineOnly
CC(=O)O[C@H]1[C@H](n2cnc3c(NC(C)O)ncnc32)O[C@@]2(CO2)[C@H]1O,False,AdenosineOnly
CC(Cl)Nc1ncnc2c1ncn2[C@@H]1O[C@@]2(CO2)[C@@H](O)[C@H]1O,False,AdenosineOnly
CC(O)N(C(N)=O)c1ncnc2c1ncn2[C@@H]1O[C@@]2(CO2)[C@@H](O)[C@H]1O,False,AdenosineOnly
CC(O)(O)Nc1ncnc2c1ncn2[C@@H]1O[C@@]2(CO2)[C@@H](O)[C@H]1O,False,AdenosineOnly
OCC(O)Nc1ncnc2c1ncn2[C@@H]1O[C@@]2(CO2)[C@@H](O)[C@H]1O,False,AdenosineOnly
CCNc1ncnc2c1ncn2[C@@H]1O[C@@]2(CO2)[C@@H](O)[C@H]1O,False,AdenosineOnly
CC(O)OC(C)Nc1ncnc2c1ncn2[C@@H]1O[C@@]2(CO2)[C@@H](O)[C@H]1O,False,AdenosineOnly
OCNc1ncnc2c1ncn2[C@@H]1O[C@@]2(CO2)[C@@H](O)[C@H]1O,False,AdenosineOnly
CC(O)Nc1ncnc2c1ncn2[C@@H]1O[C@@]2(CO2)[C@](C)(O)[C@H]1O,False,AdenosineOnly
CC(O)Nc1ncnc2c1ncn2[C@@H]1O[C@]2(OC2C)[C@@H](O)[C@H]1O,False,AdenosineOnly
CC(O)Nc1ncnc2c1ncn2[C@@]1(C)O[C@@]2(CO2)[C@@H](O)[C@H]1O,False,AdenosineOnly
CC(O)Nc1ncnc2c1ncn2[C@@H]1O[C@@]2(CO2)[C@@H](O)[C@]1(C)O,False,AdenosineOnly
Cc1nc2c(NC(C)O)ncnc2n1[C@@H]1O[C@@]2(CO2)[C@@H](O)[C@H]1O,False,AdenosineOnly
Cc1nc(NC(C)O)c2ncn([C@@H]3O[C@@]4(CO4)[C@@H](O)[C@H]3O)c2n1,False,AdenosineOnly
O=CNc1ncnc2c1ncn2[C@@H]1O[C@@H]2C(O)O[C@@H]1[C@@H]2O,False,AdenosineOnly
CCNc1ncnc2c1ncn2[C@@H]1O[C@@H]2C(=O)O[C@@H]1[C@@H]2O,False,AdenosineOnly
Nc1ncnc2c1ncn2[C@@H]1O[C@@H]2C(O)O[C@@H]1[C@@H]2O,False,AdenosineOnly
CC(=O)Nc1ncnc2c1ncn2[C@@H]1O[C@@H]2C(O)O[C@@H]1[C@@H]2O,False,AdenosineOnly
COC(C)Nc1ncnc2c1ncn2[C@@H]1O[C@@H]2C(O)O[C@@H]1[C@@H]2O,False,AdenosineOnly
CC(O)N(C)c1ncnc2c1ncn2[C@@H]1O[C@@H]2C(O)O[C@@H]1[C@@H]2O,False,AdenosineOnly
CC(C)(O)Nc1ncnc2c1ncn2[C@@H]1O[C@@H]2C(O)O[C@@H]1[C@@H]2O,False,AdenosineOnly
CCC(O)Nc1ncnc2c1ncn2[C@@H]1O[C@@H]2C(O)O[C@@H]1[C@@H]2O,False,AdenosineOnly
CC(=O)N(c1ncnc2c1ncn2[C@@H]1O[C@@H]2C(O)O[C@@H]1[C@@H]2O)C(C)O,False,AdenosineOnly
CC(=O)OC(C)Nc1ncnc2c1ncn2[C@@H]1O[C@@H]2C(O)O[C@@H]1[C@@H]2O,False,AdenosineOnly
CC(=O)OC1O[C@@H]2[C@H](O)[C@@H]1O[C@H]2n1cnc2c(NC(C)O)ncnc21,False,AdenosineOnly
CC(=O)O[C@H]1[C@H]2OC(O)[C@H]1O[C@H]2n1cnc2c(NC(C)O)ncnc21,False,AdenosineOnly
CC(Cl)Nc1ncnc2c1ncn2[C@@H]1O[C@@H]2C(O)O[C@@H]1[C@@H]2O,False,AdenosineOnly
CC(O)N(C(N)=O)c1ncnc2c1ncn2[C@@H]1O[C@@H]2C(O)O[C@@H]1[C@@H]2O,False,AdenosineOnly
CC(O)(O)Nc1ncnc2c1ncn2[C@@H]1O[C@@H]2C(O)O[C@@H]1[C@@H]2O,False,AdenosineOnly
OCC(O)Nc1ncnc2c1ncn2[C@@H]1O[C@@H]2C(O)O[C@@H]1[C@@H]2O,False,AdenosineOnly
CCNc1ncnc2c1ncn2[C@@H]1O[C@@H]2C(O)O[C@@H]1[C@@H]2O,False,AdenosineOnly
CC(O)OC(C)Nc1ncnc2c1ncn2[C@@H]1O[C@@H]2C(O)O[C@@H]1[C@@H]2O,False,AdenosineOnly
OCNc1ncnc2c1ncn2[C@@H]1O[C@@H]2C(O)O[C@@H]1[C@@H]2O,False,AdenosineOnly
CC(O)Nc1ncnc2c1ncn2[C@@H]1O[C@H]2[C@@H](O)[C@H]1OC2(C)O,False,AdenosineOnly
CC(O)Nc1ncnc2c1ncn2[C@@H]1O[C@@]2(C)C(O)O[C@@H]1[C@@H]2O,False,AdenosineOnly
CC(O)Nc1ncnc2c1ncn2[C@@H]1O[C@@H]2C(O)O[C@@H]1[C@@]2(C)O,False,AdenosineOnly
CC(O)Nc1ncnc2c1ncn2[C@@]1(C)O[C@@H]2C(O)O[C@@H]1[C@@H]2O,False,AdenosineOnly
CC(O)Nc1ncnc2c1ncn2[C@@H]1O[C@@H]2C(O)O[C@@]1(C)[C@@H]2O,False,AdenosineOnly
Cc1nc2c(NC(C)O)ncnc2n1[C@@H]1O[C@@H]2C(O)O[C@@H]1[C@@H]2O,False,AdenosineOnly
Cc1nc(NC(C)O)c2ncn([C@@H]3O[C@@H]4C(O)O[C@@H]3[C@@H]4O)c2n1,False,AdenosineOnly
O=CNc1ncnc2c1ncn2[C@@H]1O[C@@H]2C(O)O[C@H]2[C@H]1O,False,AdenosineOnly
CCNc1ncnc2c1ncn2[C@@H]1O[C@@H]2C(=O)O[C@H]2[C@H]1O,False,AdenosineOnly
Nc1ncnc2c1ncn2[C@@H]1O[C@@H]2C(O)O[C@H]2[C@H]1O,False,AdenosineOnly
CC(=O)Nc1ncnc2c1ncn2[C@@H]1O[C@@H]2C(O)O[C@H]2[C@H]1O,False,AdenosineOnly
COC(C)Nc1ncnc2c1ncn2[C@@H]1O[C@@H]2C(O)O[C@H]2[C@H]1O,False,AdenosineOnly
CC(O)N(C)c1ncnc2c1ncn2[C@@H]1O[C@@H]2C(O)O[C@H]2[C@H]1O,False,AdenosineOnly
CC(C)(O)Nc1ncnc2c1ncn2[C@@H]1O[C@@H]2C(O)O[C@H]2[C@H]1O,False,AdenosineOnly
CCC(O)Nc1ncnc2c1ncn2[C@@H]1O[C@@H]2C(O)O[C@H]2[C@H]1O,False,AdenosineOnly
CC(=O)N(c1ncnc2c1ncn2[C@@H]1O[C@@H]2C(O)O[C@H]2[C@H]1O)C(C)O,False,AdenosineOnly
CC(=O)OC(C)Nc1ncnc2c1ncn2[C@@H]1O[C@@H]2C(O)O[C@H]2[C@H]1O,False,AdenosineOnly
CC(=O)OC1O[C@H]2[C@@H](O)[C@H](n3cnc4c(NC(C)O)ncnc43)O[C@H]12,False,AdenosineOnly
CC(=O)O[C@@H]1[C@@H]2OC(O)[C@H]2O[C@H]1n1cnc2c(NC(C)O)ncnc21,False,AdenosineOnly
CC(Cl)Nc1ncnc2c1ncn2[C@@H]1O[C@@H]2C(O)O[C@H]2[C@H]1O,False,AdenosineOnly
CC(O)N(C(N)=O)c1ncnc2c1ncn2[C@@H]1O[C@@H]2C(O)O[C@H]2[C@H]1O,False,AdenosineOnly
CC(O)(O)Nc1ncnc2c1ncn2[C@@H]1O[C@@H]2C(O)O[C@H]2[C@H]1O,False,AdenosineOnly
OCC(O)Nc1ncnc2c1ncn2[C@@H]1O[C@@H]2C(O)O[C@H]2[C@H]1O,False,AdenosineOnly
CCNc1ncnc2c1ncn2[C@@H]1O[C@@H]2C(O)O[C@H]2[C@H]1O,False,AdenosineOnly
CC(O)OC(C)Nc1ncnc2c1ncn2[C@@H]1O[C@@H]2C(O)O[C@H]2[C@H]1O,False,AdenosineOnly
OCNc1ncnc2c1ncn2[C@@H]1O[C@@H]2C(O)O[C@H]2[C@H]1O,False,AdenosineOnly
CC(O)Nc1ncnc2c1ncn2[C@@H]1O[C@H]2[C@@H](OC2(C)O)[C@H]1O,False,AdenosineOnly
CC(O)Nc1ncnc2c1ncn2[C@@H]1O[C@@]2(C)C(O)O[C@H]2[C@H]1O,False,AdenosineOnly
CC(O)Nc1ncnc2c1ncn2[C@@H]1O[C@@H]2C(O)O[C@]2(C)[C@H]1O,False,AdenosineOnly
CC(O)Nc1ncnc2c1ncn2[C@@]1(C)O[C@@H]2C(O)O[C@H]2[C@H]1O,False,AdenosineOnly
CC(O)Nc1ncnc2c1ncn2[C@@H]1O[C@@H]2C(O)O[C@H]2[C@]1(C)O,False,AdenosineOnly
Cc1nc2c(NC(C)O)ncnc2n1[C@@H]1O[C@@H]2C(O)O[C@H]2[C@H]1O,False,AdenosineOnly
Cc1nc(NC(C)O)c2ncn([C@@H]3O[C@@H]4C(O)O[C@H]4[C@H]3O)c2n1,False,AdenosineOnly
Cc1nc(NCO)c2ncn([C@@H]3O[C@H](CO)[C@@H](O)[C@H]3O)c2n1,False,AdenosineOnly
Cc1nc2c(NCO)ncnc2n1[C@@H]1O[C@H](CO)[C@@H](O)[C@H]1O,False,AdenosineOnly
C[C@]1(n2cnc3c(NCO)ncnc32)O[C@H](CO)[C@@H](O)[C@H]1O,False,AdenosineOnly
C[C@]1(O)[C@H](O)[C@@H](CO)O[C@H]1n1cnc2c(NCO)ncnc21,False,AdenosineOnly
C[C@]1(O)[C@@H](CO)O[C@@H](n2cnc3c(NCO)ncnc32)[C@@H]1O,False,AdenosineOnly
C[C@@]1(CO)O[C@@H](n2cnc3c(NCO)ncnc32)[C@H](O)[C@@H]1O,False,AdenosineOnly
CC(O)[C@H]1O[C@@H](n2cnc3c(NCO)ncnc32)[C@H](O)[C@@H]1O,False,AdenosineOnly
CCNc1ncnc2c1ncn2[C@@H]1O[C@H](C=O)[C@@H](O)[C@H]1O,False,AdenosineOnly
COC(C)Nc1ncnc2c1ncn2[C@@H]1O[C@H](CO)[C@@H](O)[C@H]1O,False,AdenosineOnly
CC(O)N(C)c1ncnc2c1ncn2[C@@H]1O[C@H](CO)[C@@H](O)[C@H]1O,False,AdenosineOnly
CC(C)(O)Nc1ncnc2c1ncn2[C@@H]1O[C@H](CO)[C@@H](O)[C@H]1O,False,AdenosineOnly
CCC(O)Nc1ncnc2c1ncn2[C@@H]1O[C@H](CO)[C@@H](O)[C@H]1O,False,AdenosineOnly
CC(=O)N(c1ncnc2c1ncn2[C@@H]1O[C@H](CO)[C@@H](O)[C@H]1O)C(C)O,False,AdenosineOnly
CC(=O)OC(C)Nc1ncnc2c1ncn2[C@@H]1O[C@H](CO)[C@@H](O)[C@H]1O,False,AdenosineOnly
CC(=O)OC[C@H]1O[C@@H](n2cnc3c(NC(C)O)ncnc32)[C@H](O)[C@@H]1O,False,AdenosineOnly
CC(=O)O[C@@H]1[C@H](O)[C@@H](CO)O[C@H]1n1cnc2c(NC(C)O)ncnc21,False,AdenosineOnly
CC(=O)O[C@H]1[C@@H](O)[C@H](n2cnc3c(NC(C)O)ncnc32)O[C@@H]1CO,False,AdenosineOnly
CC(Cl)Nc1ncnc2c1ncn2[C@@H]1O[C@H](CO)[C@@H](O)[C@H]1O,False,AdenosineOnly
CC(O)N(C(N)=O)c1ncnc2c1ncn2[C@@H]1O[C@H](CO)[C@@H](O)[C@H]1O,False,AdenosineOnly
CC(O)(O)Nc1ncnc2c1ncn2[C@@H]1O[C@H](CO)[C@@H](O)[C@H]1O,False,AdenosineOnly
CCNc1ncnc2c1ncn2[C@@H]1O[C@H](CO)[C@@H](O)[C@H]1O,False,AdenosineOnly
CC(O)Nc1ncnc2c1ncn2[C@@H]1O[C@H](C)[C@@H](O)[C@H]1O,False,AdenosineOnly
CC(O)OC(C)Nc1ncnc2c1ncn2[C@@H]1O[C@H](CO)[C@@H](O)[C@H]1O,False,AdenosineOnly
OCNc1ncnc2c1ncn2[C@@H]1O[C@H](CO)[C@@H](O)[C@H]1O,False,AdenosineOnly
Cc1nc(NC(C)O)c2ncn([C@@H]3O[C@H](CO)[C@@H](O)[C@H]3O)c2n1,False,AdenosineOnly
Cc1nc2c(NC(C)O)ncnc2n1[C@@H]1O[C@H](CO)[C@@H](O)[C@H]1O,False,AdenosineOnly
CC(O)Nc1ncnc2c1ncn2[C@@]1(C)O[C@H](CO)[C@@H](O)[C@H]1O,False,AdenosineOnly
CC(O)Nc1ncnc2c1ncn2[C@@H]1O[C@H](CO)[C@@H](O)[C@]1(C)O,False,AdenosineOnly
CC(O)Nc1ncnc2c1ncn2[C@@H]1O[C@H](CO)[C@](C)(O)[C@H]1O,False,AdenosineOnly
CC(O)Nc1ncnc2c1ncn2[C@@H]1O[C@@](C)(CO)[C@@H](O)[C@H]1O,False,AdenosineOnly
CC(O)Nc1ncnc2c1ncn2[C@@H]1O[C@H](C(C)O)[C@@H](O)[C@H]1O,False,AdenosineOnly
CCN(C=O)c1ncnc2c1ncn2[C@@H]1O[C@H](CO)[C@@H](O)[C@H]1O,False,AdenosineOnly
CC(O)N1CO[C@@H]2[C@H](O)[C@@H](CO)O[C@H]2n2cnc3c1ncnc32,False,AdenosineOnly
CC(O)N1CO[C@H]2[C@@H](O)[C@@H](O[C@@H]2CO)n2cnc3c1ncnc32,False,AdenosineOnly
CC(O)N1COC[C@H]2O[C@H]([C@H](O)[C@@H]2O)n2cnc3c1ncnc32,False,AdenosineOnly
CN1c2ncnc3c2ncn3[C@@H]2O[C@H](CO)[C@@H](O)[C@H]2OCC1O,False,AdenosineOnly
CN1c2ncnc3c2ncn3[C@@H]2O[C@H](CO)[C@@H](OCC1O)[C@H]2O,False,AdenosineOnly
CN1c2ncnc3c2ncn3[C@@H]2O[C@H](COCC1O)[C@@H](O)[C@H]2O,False,AdenosineOnly
CCC(=O)N(C)c1ncnc2c1ncn2[C@@H]1O[C@H](CO)[C@@H](O)[C@H]1O,False,AdenosineOnly
CNc1ncnc2c1ncn2[C@@H]1O[C@H](CO)[C@@H](O)[C@H]1O,False,AdenosineOnly
CC(=O)OC[C@H]1O[C@@H](n2cnc3c(N(C)C(C)=O)ncnc32)[C@H](O)[C@@H]1O,False,AdenosineOnly
CC(=O)O[C@@H]1[C@H](O)[C@@H](CO)O[C@H]1n1cnc2c(N(C)C(C)=O)ncnc21,False,AdenosineOnly
CC(=O)O[C@H]1[C@@H](O)[C@H](n2cnc3c(N(C)C(C)=O)ncnc32)O[C@@H]1CO,False,AdenosineOnly
CN(c1ncnc2c1ncn2[C@@H]1O[C@H](CO)[C@@H](O)[C@H]1O)C(C)(O)C#N,False,AdenosineOnly
CC(N)N(C)c1ncnc2c1ncn2[C@@H]1O[C@H](CO)[C@@H](O)[C@H]1O,False,AdenosineOnly
CN(C(=O)CO)c1ncnc2c1ncn2[C@@H]1O[C@H](CO)[C@@H](O)[C@H]1O,False,AdenosineOnly
COC(=O)N(C)c1ncnc2c1ncn2[C@@H]1O[C@H](CO)[C@@H](O)[C@H]1O,False,AdenosineOnly
CN(c1ncnc2c1ncn2[C@@H]1O[C@H](CO)[C@@H](O)[C@H]1O)C(O)CO,False,AdenosineOnly
CC(=O)N(C)c1ncnc2c1ncn2[C@@H]1O[C@H](C)[C@@H](O)[C@H]1O,False,AdenosineOnly
CC(=O)N(C)c1ncnc2c1ncn2[C@@H]1O[C@H](C(=O)O)[C@@H](O)[C@H]1O,False,AdenosineOnly
CN(C=O)c1ncnc2c1ncn2[C@@H]1O[C@H](CO)[C@@H](O)[C@H]1O,False,AdenosineOnly
CCN(C(C)=O)c1ncnc2c1ncn2[C@@H]1O[C@H](CO)[C@@H](O)[C@H]1O,False,AdenosineOnly
CC(=O)N(C)c1nc(C)nc2c1ncn2[C@@H]1O[C@H](CO)[C@@H](O)[C@H]1O,False,AdenosineOnly
CC(=O)N(C)c1ncnc2c1nc(C)n2[C@@H]1O[C@H](CO)[C@@H](O)[C@H]1O,False,AdenosineOnly
CC(=O)N(C)c1ncnc2c1ncn2[C@@]1(C)O[C@H](CO)[C@@H](O)[C@H]1O,False,AdenosineOnly
CC(=O)N(C)c1ncnc2c1ncn2[C@@H]1O[C@H](CO)[C@@H](O)[C@]1(C)O,False,AdenosineOnly
CC(=O)N(C)c1ncnc2c1ncn2[C@@H]1O[C@H](CO)[C@](C)(O)[C@H]1O,False,AdenosineOnly
CC(=O)N(C)c1ncnc2c1ncn2[C@@H]1O[C@@](C)(CO)[C@@H](O)[C@H]1O,False,AdenosineOnly
CC(=O)N(C)c1ncnc2c1ncn2[C@@H]1O[C@H](C(C)O)[C@@H](O)[C@H]1O,False,AdenosineOnly
CCc1nc(NC=O)c2ncn([C@@H]3O[C@H](CO)[C@@H](O)[C@H]3O)c2n1,False,AdenosineOnly
CCc1nc2c(NC=O)ncnc2n1[C@@H]1O[C@H](CO)[C@@H](O)[C@H]1O,False,AdenosineOnly
CC[C@]1(n2cnc3c(NC=O)ncnc32)O[C@H](CO)[C@@H](O)[C@H]1O,False,AdenosineOnly
CC[C@]1(O)[C@H](O)[C@@H](CO)O[C@H]1n1cnc2c(NC=O)ncnc21,False,AdenosineOnly
CC[C@]1(O)[C@@H](CO)O[C@@H](n2cnc3c(NC=O)ncnc32)[C@@H]1O,False,AdenosineOnly
CC[C@@]1(CO)O[C@@H](n2cnc3c(NC=O)ncnc32)[C@H](O)[C@@H]1O,False,AdenosineOnly
CCC1(O)Nc2ncnc3c2ncn3[C@@H]2O[C@H](CO1)[C@@H](O)[C@H]2O,False,AdenosineOnly
CC1O[C@@H]2[C@H](O)[C@@H](CO)O[C@H]2n2cnc3c(ncnc32)NC1O,False,AdenosineOnly
CC1O[C@H]2[C@@H](O)[C@@H](O[C@@H]2CO)n2cnc3c(ncnc32)NC1O,False,AdenosineOnly
CC1OC[C@H]2O[C@H]([C@H](O)[C@@H]2O)n2cnc3c(ncnc32)NC1O,False,AdenosineOnly
OC[C@H]1O[C@@H]2[C@H](OCCC(O)Nc3ncnc4c3ncn42)[C@@H]1O,False,AdenosineOnly
OC[C@H]1O[C@@H]2[C@H](O)[C@@H]1OCCC(O)Nc1ncnc3c1ncn32,False,AdenosineOnly
OC1CCOC[C@H]2O[C@H]([C@H](O)[C@@H]2O)n2cnc3c(ncnc32)N1,False,AdenosineOnly
C=CC(=O)Nc1ncnc2c1ncn2[C@@H]1O[C@H](CO)[C@@H](O)[C@H]1O,False,AdenosineOnly
CC(C)C(=O)Nc1ncnc2c1ncn2[C@@H]1O[C@H](CO)[C@@H](O)[C@H]1O,False,AdenosineOnly
CCCC(=O)Nc1ncnc2c1ncn2[C@@H]1O[C@H](CO)[C@@H](O)[C@H]1O,False,AdenosineOnly
CCC(=O)N(C(C)=O)c1ncnc2c1ncn2[C@@H]1O[C@H](CO)[C@@H](O)[C@H]1O,False,AdenosineOnly
CCC(=O)Nc1ncnc2c1ncn2[C@@H]1O[C@H](COC(C)=O)[C@@H](O)[C@H]1O,False,AdenosineOnly
CCC(=O)Nc1ncnc2c1ncn2[C@@H]1O[C@H](CO)[C@@H](O)[C@H]1OC(C)=O,False,AdenosineOnly
CCC(=O)Nc1ncnc2c1ncn2[C@@H]1O[C@H](CO)[C@@H](OC(C)=O)[C@H]1O,False,AdenosineOnly
CCC(O)(C#N)Nc1ncnc2c1ncn2[C@@H]1O[C@H](CO)[C@@H](O)[C@H]1O,False,AdenosineOnly
CCC(N)Nc1ncnc2c1ncn2[C@@H]1O[C@H](CO)[C@@H](O)[C@H]1O,False,AdenosineOnly
CCC(=O)N(C(N)=O)c1ncnc2c1ncn2[C@@H]1O[C@H](CO)[C@@H](O)[C@H]1O,False,AdenosineOnly
CC(O)C(=O)Nc1ncnc2c1ncn2[C@@H]1O[C@H](CO)[C@@H](O)[C@H]1O,False,AdenosineOnly
O=C(CCO)Nc1ncnc2c1ncn2[C@@H]1O[C@H](CO)[C@@H](O)[C@H]1O,False,AdenosineOnly
CCOC(=O)Nc1ncnc2c1ncn2[C@@H]1O[C@H](CO)[C@@H](O)[C@H]1O,False,AdenosineOnly
CCC(=O)OP(=O)(O)O,False,AdenosineOnly
CC(O)C(O)Nc1ncnc2c1ncn2[C@@H]1O[C@H](CO)[C@@H](O)[C@H]1O,False,AdenosineOnly
OCCC(O)Nc1ncnc2c1ncn2[C@@H]1O[C@H](CO)[C@@H](O)[C@H]1O,False,AdenosineOnly
O=C(O)Nc1ncnc2c1ncn2[C@@H]1O[C@H](CO)[C@@H](O)[C@H]1O,False,AdenosineOnly
CCC(=O)Nc1ncnc2c1ncn2[C@@H]1O[C@H](C)[C@@H](O)[C@H]1O,False,AdenosineOnly
CCC(=O)Nc1ncnc2c1ncn2[C@@H]1O[C@H](C(=O)O)[C@@H](O)[C@H]1O,False,AdenosineOnly
CCC(C)C(=O)Nc1ncnc2c1ncn2[C@@H]1O[C@H](CO)[C@@H](O)[C@H]1O,False,AdenosineOnly
CCCCC(=O)Nc1ncnc2c1ncn2[C@@H]1O[C@H](CO)[C@@H](O)[C@H]1O,False,AdenosineOnly
CCC(=O)Nc1nc(C)nc2c1ncn2[C@@H]1O[C@H](CO)[C@@H](O)[C@H]1O,False,AdenosineOnly
CCC(=O)Nc1nc(CC)nc2c1ncn2[C@@H]1O[C@H](CO)[C@@H](O)[C@H]1O,False,AdenosineOnly
CCC(=O)Nc1ncnc2c1nc(C)n2[C@@H]1O[C@H](CO)[C@@H](O)[C@H]1O,False,AdenosineOnly
CCC(=O)Nc1ncnc2c1nc(CC)n2[C@@H]1O[C@H](CO)[C@@H](O)[C@H]1O,False,AdenosineOnly
CCC(=O)Nc1ncnc2c1ncn2[C@@]1(C)O[C@H](CO)[C@@H](O)[C@H]1O,False,AdenosineOnly
CCC(=O)Nc1ncnc2c1ncn2[C@@]1(CC)O[C@H](CO)[C@@H](O)[C@H]1O,False,AdenosineOnly
CCC(=O)Nc1ncnc2c1ncn2[C@@H]1O[C@H](CO)[C@@H](O)[C@]1(C)O,False,AdenosineOnly
CCC(=O)Nc1ncnc2c1ncn2[C@@H]1O[C@H](CO)[C@@H](O)[C@@]1(O)CC,False,AdenosineOnly
CCC(=O)Nc1ncnc2c1ncn2[C@@H]1O[C@H](CO)[C@](C)(O)[C@H]1O,False,AdenosineOnly
CCC(=O)Nc1ncnc2c1ncn2[C@@H]1O[C@H](CO)[C@@](O)(CC)[C@H]1O,False,AdenosineOnly
CCC(=O)Nc1ncnc2c1ncn2[C@@H]1O[C@@](C)(CO)[C@@H](O)[C@H]1O,False,AdenosineOnly
CCC(=O)Nc1ncnc2c1ncn2[C@@H]1O[C@@](CC)(CO)[C@@H](O)[C@H]1O,False,AdenosineOnly
CCC(=O)Nc1ncnc2c1ncn2[C@@H]1O[C@H](C(C)O)[C@@H](O)[C@H]1O,False,AdenosineOnly
CCC(=O)Nc1ncnc2c1ncn2[C@@H]1O[C@H](C(O)CC)[C@@H](O)[C@H]1O,False,AdenosineOnly
OC1CO1,False,AdenosineOnly
CC(O)O,False,AdenosineOnly
CCO,False,AdenosineOnly
CC(=O)OS(=O)(=O)O,False,AdenosineOnly
CC(=O)OC(C)=O,False,AdenosineOnly
O=C(O)CC(=O)O,False,AdenosineOnly
CC(O)(O)C#N,False,AdenosineOnly
CC(=O)Cl,False,AdenosineOnly
CC(N)=O,False,AdenosineOnly
CC#N,False,AdenosineOnly
CC(N)O,False,AdenosineOnly
O=C(O)CO,False,AdenosineOnly
COC(=O)O,False,AdenosineOnly
OCC(O)O,False,AdenosineOnly
CC(O)(O)CC(=O)O,False,AdenosineOnly
CC(=O)CC(=O)O,False,AdenosineOnly
CC1(O)CC(O)(O)O1,False,AdenosineOnly
CC(=O)OC(C)O,False,AdenosineOnly
CCC(=O)N(C=O)c1ncnc2c1ncn2[C@@H]1O[C@H](CO)[C@@H](O)[C@H]1O,False,AdenosineOnly
CC(=O)N1c2ncnc3c2ncn3[C@@H]2O[C@H](CO)[C@@H](O)[C@H]2OCC1O,False,AdenosineOnly
CC(O)N1C(=O)CO[C@@H]2[C@H](O)[C@@H](CO)O[C@H]2n2cnc3c1ncnc32,False,AdenosineOnly
CC(=O)N1c2ncnc3c2ncn3[C@@H]2O[C@H](CO)[C@@H](OCC1O)[C@H]2O,False,AdenosineOnly
CC(O)N1C(=O)CO[C@H]2[C@@H](O)[C@@H](O[C@@H]2CO)n2cnc3c1ncnc32,False,AdenosineOnly
CC(=O)N1c2ncnc3c2ncn3[C@@H]2O[C@H](COCC1O)[C@@H](O)[C@H]2O,False,AdenosineOnly
CC(O)N1C(=O)COC[C@H]2O[C@H]([C@H](O)[C@@H]2O)n2cnc3c1ncnc32,False,AdenosineOnly
CC(=O)N(c1ncnc2c1ncn2[C@@H]1O[C@H](CO)[C@@H](O)[C@H]1O)C(C)(O)C#N,False,AdenosineOnly
CC(=O)N(c1ncnc2c1ncn2[C@@H]1O[C@H](CO)[C@@H](O)[C@H]1O)C(C)N,False,AdenosineOnly
CC(=O)N(C(C)=O)c1ncnc2c1ncn2[C@@H]1O[C@H](C)[C@@H](O)[C@H]1O,False,AdenosineOnly
CC(=O)N(C=O)c1ncnc2c1ncn2[C@@H]1O[C@H](CO)[C@@H](O)[C@H]1O,False,AdenosineOnly
CC(=O)N(C(C)=O)c1nc(C)nc2c1ncn2[C@@H]1O[C@H](CO)[C@@H](O)[C@H]1O,False,AdenosineOnly
CC(=O)N(C(C)=O)c1ncnc2c1nc(C)n2[C@@H]1O[C@H](CO)[C@@H](O)[C@H]1O,False,AdenosineOnly
CC(=O)N(C(C)=O)c1ncnc2c1ncn2[C@@]1(C)O[C@H](CO)[C@@H](O)[C@H]1O,False,AdenosineOnly
CC(=O)N(C(C)=O)c1ncnc2c1ncn2[C@@H]1O[C@H](CO)[C@@H](O)[C@]1(C)O,False,AdenosineOnly
CC(=O)N(C(C)=O)c1ncnc2c1ncn2[C@@H]1O[C@H](CO)[C@](C)(O)[C@H]1O,False,AdenosineOnly
CC(=O)N(C(C)=O)c1ncnc2c1ncn2[C@@H]1O[C@@](C)(CO)[C@@H](O)[C@H]1O,False,AdenosineOnly
CC(=O)N(C(C)=O)c1ncnc2c1ncn2[C@@H]1O[C@H](C(C)O)[C@@H](O)[C@H]1O,False,AdenosineOnly
CCC(=O)OC[C@H]1O[C@@H](n2cnc3c(NC=O)ncnc32)[C@H](O)[C@@H]1O,False,AdenosineOnly
CC(=O)Nc1ncnc2c1ncn2[C@@H]1O[C@H](C(C)OC=O)[C@@H](O)[C@H]1O,False,AdenosineOnly
CC(=O)Nc1ncnc2c1ncn2[C@@H]1O[C@@](C)(COC=O)[C@@H](O)[C@H]1O,False,AdenosineOnly
CC(=O)Nc1ncnc2c1ncn2[C@@H]1O[C@H](COC=O)[C@](C)(O)[C@H]1O,False,AdenosineOnly
CC(=O)Nc1ncnc2c1ncn2[C@@]1(C)O[C@H](COC=O)[C@@H](O)[C@H]1O,False,AdenosineOnly
CC(=O)Nc1ncnc2c1ncn2[C@@H]1O[C@H](COC=O)[C@@H](O)[C@]1(C)O,False,AdenosineOnly
CC(=O)Nc1ncnc2c1nc(C)n2[C@@H]1O[C@H](COC=O)[C@@H](O)[C@H]1O,False,AdenosineOnly
CC(=O)Nc1nc(C)nc2c1ncn2[C@@H]1O[C@H](COC=O)[C@@H](O)[C@H]1O,False,AdenosineOnly
CCC(=O)Nc1ncnc2c1ncn2[C@@H]1O[C@H](COC=O)[C@@H](O)[C@H]1O,False,AdenosineOnly
CC(=O)Nc1ncnc2c1ncn2[C@@H]1O[C@@H]2COC(O)CO[C@H]2[C@H]1O,False,AdenosineOnly
CC(O)Nc1ncnc2c1ncn2[C@@H]1O[C@@H]2COC(=O)CO[C@H]2[C@H]1O,False,AdenosineOnly
CC(=O)Nc1ncnc2c1ncn2[C@@H]1O[C@@H]2COC(O)CO[C@@H]1[C@@H]2O,False,AdenosineOnly
CC(O)Nc1ncnc2c1ncn2[C@@H]1O[C@@H]2COC(=O)CO[C@@H]1[C@@H]2O,False,AdenosineOnly
CC(=O)Nc1ncnc2c1ncn2[C@@H]1O[C@@H]2C(OC(C)O)O[C@H]2[C@H]1O,False,AdenosineOnly
CC(=O)Nc1ncnc2c1ncn2[C@@H]1O[C@@H]2C(OC(C)O)O[C@@H]1[C@@H]2O,False,AdenosineOnly
CC(=O)Nc1ncnc2c1ncn2[C@@H]1O[C@]2(COC(C)O)O[C@H]2[C@H]1O,False,AdenosineOnly
CC(=O)Nc1ncnc2c1ncn2[C@@H]1O[C@]2(COC(C)O)O[C@@H]1[C@@H]2O,False,AdenosineOnly
CC(=O)Nc1ncnc2c1ncn2[C@@H]1O[C@H](COC(C)O)[C@@]2(O)O[C@@H]12,False,AdenosineOnly
CC(=O)Nc1ncnc2c1ncn2[C@]12O[C@@H]([C@H]1O)[C@@H](COC(C)O)O2,False,AdenosineOnly
CC(=O)Nc1ncnc2c1ncn2[C@]12O[C@@H]1[C@H](O)[C@@H](COC(C)O)O2,False,AdenosineOnly
CC(=O)Nc1ncnc2c1ncn2[C@@H]1O[C@H](COC(C)O)[C@H]2O[C@]21O,False,AdenosineOnly
CC(=O)Nc1ncnc2c1nc1n2[C@@H]2O[C@H](COC(C)O)[C@@H](O1)[C@H]2O,False,AdenosineOnly
CC(=O)Nc1ncnc2c1nc1n2[C@@H]2O[C@H](COC(C)O)[C@@H](O)[C@H]2O1,False,AdenosineOnly
CC(=O)Nc1nc2nc3c1ncn3[C@@H]1O[C@H](COC(C)O)[C@@H](O2)[C@H]1O,False,AdenosineOnly
CC(=O)Nc1nc2nc3c1ncn3[C@@H]1O[C@H](COC(C)O)[C@@H](O)[C@H]1O2,False,AdenosineOnly
CC(O)OC[C@H]1O[C@@H]2[C@H](O)[C@@H]1OCC(=O)Nc1ncnc3c1ncn32,False,AdenosineOnly
CC(O)OC[C@H]1O[C@@H]2[C@H](OCC(=O)Nc3ncnc4c3ncn42)[C@@H]1O,False,AdenosineOnly
CC(=O)Nc1ncnc2c1ncn2[C@@H]1O[C@H](COC(C)O)[C@@H](O)[C@H]1O,False,AdenosineOnly
CCC(=O)OC[C@H]1O[C@@H](n2cnc3c(NC(C)=O)ncnc32)[C@H](O)[C@@H]1O,False,AdenosineOnly
CC(=O)Nc1ncnc2c1ncn2[C@@H]1O[C@H](COC(C)(O)C#N)[C@@H](O)[C@H]1O,False,AdenosineOnly
CC(=O)OC[C@H]1O[C@@H](n2cnc3c(NC(C)(O)C#N)ncnc32)[C@H](O)[C@@H]1O,False,AdenosineOnly
CC(=O)Nc1ncnc2c1ncn2[C@@H]1O[C@H](COC(C)N)[C@@H](O)[C@H]1O,False,AdenosineOnly
CC(=O)OC[C@H]1O[C@@H](n2cnc3c(NC(C)N)ncnc32)[C@H](O)[C@@H]1O,False,AdenosineOnly
CC(=O)C[C@H]1O[C@@H](n2cnc3c(NC(C)=O)ncnc32)[C@H](O)[C@@H]1O,False,AdenosineOnly
CC(=O)OC[C@H]1O[C@@H](n2cnc3c(NC=O)ncnc32)[C@H](O)[C@@H]1O,False,AdenosineOnly
CC(=O)Nc1ncnc2c1ncn2[C@@H]1O[C@H](C(C)OC(C)=O)[C@@H](O)[C@H]1O,False,AdenosineOnly
CC(=O)Nc1ncnc2c1ncn2[C@@H]1O[C@@](C)(COC(C)=O)[C@@H](O)[C@H]1O,False,AdenosineOnly
CC(=O)Nc1ncnc2c1ncn2[C@@H]1O[C@H](COC(C)=O)[C@](C)(O)[C@H]1O,False,AdenosineOnly
CC(=O)Nc1ncnc2c1ncn2[C@@]1(C)O[C@H](COC(C)=O)[C@@H](O)[C@H]1O,False,AdenosineOnly
CC(=O)Nc1ncnc2c1ncn2[C@@H]1O[C@H](COC(C)=O)[C@@H](O)[C@]1(C)O,False,AdenosineOnly
CC(=O)Nc1ncnc2c1nc(C)n2[C@@H]1O[C@H](COC(C)=O)[C@@H](O)[C@H]1O,False,AdenosineOnly
CC(=O)Nc1nc(C)nc2c1ncn2[C@@H]1O[C@H](COC(C)=O)[C@@H](O)[C@H]1O,False,AdenosineOnly
CCC(=O)O[C@@H]1[C@H](O)[C@@H](CO)O[C@H]1n1cnc2c(NC=O)ncnc21,False,AdenosineOnly
CC(=O)Nc1ncnc2c1ncn2[C@@H]1O[C@H](CO)[C@@H](O)[C@]1(C)OC=O,False,AdenosineOnly
CC(=O)Nc1ncnc2c1ncn2[C@@]1(C)O[C@H](CO)[C@@H](O)[C@H]1OC=O,False,AdenosineOnly
CC(=O)Nc1ncnc2c1ncn2[C@@H]1O[C@H](CO)[C@](C)(O)[C@H]1OC=O,False,AdenosineOnly
CC(=O)Nc1ncnc2c1ncn2[C@@H]1O[C@@](C)(CO)[C@@H](O)[C@H]1OC=O,False,AdenosineOnly
CC(=O)Nc1ncnc2c1nc(C)n2[C@@H]1O[C@H](CO)[C@@H](O)[C@H]1OC=O,False,AdenosineOnly
CC(=O)Nc1ncnc2c1ncn2[C@@H]1O[C@H](C(C)O)[C@@H](O)[C@H]1OC=O,False,AdenosineOnly
CC(=O)Nc1nc(C)nc2c1ncn2[C@@H]1O[C@H](CO)[C@@H](O)[C@H]1OC=O,False,AdenosineOnly
CCC(=O)Nc1ncnc2c1ncn2[C@@H]1O[C@H](CO)[C@@H](O)[C@H]1OC=O,False,AdenosineOnly
CC(=O)Nc1ncnc2c1ncn2[C@@H]1O[C@H](CO)[C@H]2OCC(O)O[C@H]21,False,AdenosineOnly
CC(O)Nc1ncnc2c1ncn2[C@@H]1O[C@H](CO)[C@H]2OCC(=O)O[C@H]21,False,AdenosineOnly
CC(=O)Nc1ncnc2c1ncn2[C@@H]1O[C@@H]2COCC(O)O[C@@H]1[C@@H]2O,False,AdenosineOnly
CC(O)Nc1ncnc2c1ncn2[C@@H]1O[C@@H]2COCC(=O)O[C@@H]1[C@@H]2O,False,AdenosineOnly
CC(=O)Nc1ncnc2c1ncn2[C@@H]1O[C@H](CO)[C@H]2O[C@]21OC(C)O,False,AdenosineOnly
CC(=O)Nc1ncnc2c1ncn2[C@@H]1O[C@@H]2CO[C@]1(OC(C)O)[C@@H]2O,False,AdenosineOnly
CC(=O)Nc1ncnc2c1ncn2[C@]12O[C@@H]([C@H]1OC(C)O)[C@@H](CO)O2,False,AdenosineOnly
CC(=O)Nc1ncnc2c1ncn2[C@@]12OC[C@@H](O1)[C@@H](O)[C@H]2OC(C)O,False,AdenosineOnly
CC(=O)Nc1ncnc2c1ncn2[C@@H]1O[C@@H]2CO[C@@]2(O)[C@H]1OC(C)O,False,AdenosineOnly
CC(=O)Nc1ncnc2c1ncn2[C@@H]1O[C@]2(CO)O[C@H]2[C@H]1OC(C)O,False,AdenosineOnly
CC(=O)Nc1ncnc2c1ncn2[C@@H]1O[C@@]2(CO2)[C@@H](O)[C@H]1OC(C)O,False,AdenosineOnly
CC(=O)Nc1ncnc2c1nc1n2[C@@H]2O[C@H](CO)[C@@H](O1)[C@H]2OC(C)O,False,AdenosineOnly
CC(=O)Nc1ncnc2c1nc1n2[C@@H]2O[C@H](CO1)[C@@H](O)[C@H]2OC(C)O,False,AdenosineOnly
CC(=O)Nc1ncnc2c1ncn2[C@@H]1O[C@@H]2C(O)O[C@H]2[C@H]1OC(C)O,False,AdenosineOnly
CC(=O)Nc1nc2nc3c1ncn3[C@@H]1O[C@H](CO)[C@@H](O2)[C@H]1OC(C)O,False,AdenosineOnly
CC(=O)Nc1nc2nc3c1ncn3[C@@H]1O[C@H](CO2)[C@@H](O)[C@H]1OC(C)O,False,AdenosineOnly
CC(O)O[C@@H]1[C@@H]2OCC(=O)Nc3ncnc4c3ncn4[C@@H]1O[C@@H]2CO,False,AdenosineOnly
CC(O)O[C@@H]1[C@H](O)[C@H]2COCC(=O)Nc3ncnc4c3ncn4[C@@H]1O2,False,AdenosineOnly
CC(=O)Nc1ncnc2c1ncn2[C@@H]1O[C@H](CO)[C@@H](O)[C@H]1OC(C)O,False,AdenosineOnly
CCC(=O)O[C@@H]1[C@H](O)[C@@H](CO)O[C@H]1n1cnc2c(NC(C)=O)ncnc21,False,AdenosineOnly
CC(=O)Nc1ncnc2c1ncn2[C@@H]1O[C@H](CO)[C@@H](O)[C@H]1OC(C)(O)C#N,False,AdenosineOnly
CC(=O)O[C@@H]1[C@H](O)[C@@H](CO)O[C@H]1n1cnc2c(NC(C)(O)C#N)ncnc21,False,AdenosineOnly
CC(=O)Nc1ncnc2c1ncn2[C@@H]1O[C@H](CO)[C@@H](O)[C@H]1OC(C)N,False,AdenosineOnly
CC(=O)O[C@@H]1[C@H](O)[C@@H](CO)O[C@H]1n1cnc2c(NC(C)N)ncnc21,False,AdenosineOnly
CC(=O)Nc1ncnc2c1ncn2[C@@H]1O[C@H](C)[C@@H](O)[C@H]1OC(C)=O,False,AdenosineOnly
CC(=O)Nc1ncnc2c1ncn2[C@@H]1O[C@H](CO)[C@@H](O)[C@H]1C(C)=O,False,AdenosineOnly
CC(=O)O[C@@H]1[C@H](O)[C@@H](CO)O[C@H]1n1cnc2c(NC=O)ncnc21,False,AdenosineOnly
CC(=O)Nc1ncnc2c1ncn2[C@@H]1O[C@H](CO)[C@@H](O)[C@]1(C)OC(C)=O,False,AdenosineOnly
CC(=O)Nc1ncnc2c1ncn2[C@@]1(C)O[C@H](CO)[C@@H](O)[C@H]1OC(C)=O,False,AdenosineOnly
CC(=O)Nc1ncnc2c1ncn2[C@@H]1O[C@H](CO)[C@](C)(O)[C@H]1OC(C)=O,False,AdenosineOnly
CC(=O)Nc1ncnc2c1ncn2[C@@H]1O[C@@](C)(CO)[C@@H](O)[C@H]1OC(C)=O,False,AdenosineOnly
CC(=O)Nc1ncnc2c1nc(C)n2[C@@H]1O[C@H](CO)[C@@H](O)[C@H]1OC(C)=O,False,AdenosineOnly
CC(=O)Nc1ncnc2c1ncn2[C@@H]1O[C@H](C(C)O)[C@@H](O)[C@H]1OC(C)=O,False,AdenosineOnly
CC(=O)Nc1nc(C)nc2c1ncn2[C@@H]1O[C@H](CO)[C@@H](O)[C@H]1OC(C)=O,False,AdenosineOnly
CCC(=O)O[C@H]1[C@@H](O)[C@H](n2cnc3c(NC=O)ncnc32)O[C@@H]1CO,False,AdenosineOnly
CC(=O)Nc1ncnc2c1ncn2[C@@H]1O[C@H](CO)[C@](C)(OC=O)[C@H]1O,False,AdenosineOnly
CC(=O)Nc1ncnc2c1ncn2[C@@H]1O[C@H](CO)[C@@H](OC=O)[C@]1(C)O,False,AdenosineOnly
CC(=O)Nc1ncnc2c1ncn2[C@@H]1O[C@@](C)(CO)[C@@H](OC=O)[C@H]1O,False,AdenosineOnly
CC(=O)Nc1ncnc2c1ncn2[C@@]1(C)O[C@H](CO)[C@@H](OC=O)[C@H]1O,False,AdenosineOnly
CC(=O)Nc1ncnc2c1ncn2[C@@H]1O[C@H](C(C)O)[C@@H](OC=O)[C@H]1O,False,AdenosineOnly
CC(=O)Nc1ncnc2c1nc(C)n2[C@@H]1O[C@H](CO)[C@@H](OC=O)[C@H]1O,False,AdenosineOnly
CC(=O)Nc1nc(C)nc2c1ncn2[C@@H]1O[C@H](CO)[C@@H](OC=O)[C@H]1O,False,AdenosineOnly
CCC(=O)Nc1ncnc2c1ncn2[C@@H]1O[C@H](CO)[C@@H](OC=O)[C@H]1O,False,AdenosineOnly
CC(=O)Nc1ncnc2c1ncn2[C@@H]1O[C@H](CO)[C@H]2OC(O)CO[C@H]21,False,AdenosineOnly
CC(O)Nc1ncnc2c1ncn2[C@@H]1O[C@H](CO)[C@H]2OC(=O)CO[C@H]21,False,AdenosineOnly
CC(=O)Nc1ncnc2c1ncn2[C@@H]1O[C@@H]2COCC(O)O[C@H]2[C@H]1O,False,AdenosineOnly
CC(O)Nc1ncnc2c1ncn2[C@@H]1O[C@@H]2COCC(=O)O[C@H]2[C@H]1O,False,AdenosineOnly
CC(=O)Nc1ncnc2c1ncn2[C@@H]1O[C@H](CO)[C@@]2(OC(C)O)O[C@@H]12,False,AdenosineOnly
CC(=O)Nc1ncnc2c1ncn2[C@@H]1O[C@@H]2CO[C@@]2(OC(C)O)[C@H]1O,False,AdenosineOnly
CC(=O)Nc1ncnc2c1ncn2[C@@H]1O[C@@H]2CO[C@]1(O)[C@@H]2OC(C)O,False,AdenosineOnly
CC(=O)Nc1ncnc2c1ncn2[C@@H]1O[C@]2(CO)O[C@@H]1[C@@H]2OC(C)O,False,AdenosineOnly
CC(=O)Nc1ncnc2c1ncn2[C@@H]1O[C@@]2(CO2)[C@@H](OC(C)O)[C@H]1O,False,AdenosineOnly
CC(=O)Nc1ncnc2c1ncn2[C@]12O[C@@H]1[C@H](OC(C)O)[C@@H](CO)O2,False,AdenosineOnly
CC(=O)Nc1ncnc2c1ncn2[C@@]12OC[C@@H](O1)[C@@H](OC(C)O)[C@H]2O,False,AdenosineOnly
CC(=O)Nc1ncnc2c1ncn2[C@@H]1O[C@@H]2C(O)O[C@@H]1[C@@H]2OC(C)O,False,AdenosineOnly
CC(=O)Nc1ncnc2c1nc1n2[C@@H]2O[C@H](CO)[C@@H](OC(C)O)[C@H]2O1,False,AdenosineOnly
CC(=O)Nc1ncnc2c1nc1n2[C@@H]2O[C@H](CO1)[C@@H](OC(C)O)[C@H]2O,False,AdenosineOnly
CC(=O)Nc1nc2nc3c1ncn3[C@@H]1O[C@H](CO)[C@@H](OC(C)O)[C@H]1O2,False,AdenosineOnly
CC(=O)Nc1nc2nc3c1ncn3[C@@H]1O[C@H](CO2)[C@@H](OC(C)O)[C@H]1O,False,AdenosineOnly
CC(O)O[C@H]1[C@H]2OCC(=O)Nc3ncnc4c3ncn4[C@@H]2O[C@@H]1CO,False,AdenosineOnly
CC(O)O[C@H]1[C@@H](O)[C@H]2O[C@@H]1COCC(=O)Nc1ncnc3c1ncn32,False,AdenosineOnly
CC(=O)Nc1ncnc2c1ncn2[C@@H]1O[C@H](CO)[C@@H](OC(C)O)[C@H]1O,False,AdenosineOnly
CCC(=O)O[C@H]1[C@@H](O)[C@H](n2cnc3c(NC(C)=O)ncnc32)O[C@@H]1CO,False,AdenosineOnly
CC(=O)Nc1ncnc2c1ncn2[C@@H]1O[C@H](CO)[C@@H](OC(C)(O)C#N)[C@H]1O,False,AdenosineOnly
CC(=O)O[C@H]1[C@@H](O)[C@H](n2cnc3c(NC(C)(O)C#N)ncnc32)O[C@@H]1CO,False,AdenosineOnly
CC(=O)Nc1ncnc2c1ncn2[C@@H]1O[C@H](CO)[C@@H](OC(C)N)[C@H]1O,False,AdenosineOnly
CC(=O)O[C@H]1[C@@H](O)[C@H](n2cnc3c(NC(C)N)ncnc32)O[C@@H]1CO,False,AdenosineOnly
CC(=O)Nc1ncnc2c1ncn2[C@@H]1O[C@H](C)[C@@H](OC(C)=O)[C@H]1O,False,AdenosineOnly
CC(=O)Nc1ncnc2c1ncn2[C@@H]1O[C@H](CO)[C@@H](C(C)=O)[C@H]1O,False,AdenosineOnly
CC(=O)O[C@H]1[C@@H](O)[C@H](n2cnc3c(NC=O)ncnc32)O[C@@H]1CO,False,AdenosineOnly
CC(=O)Nc1ncnc2c1ncn2[C@@H]1O[C@H](CO)[C@](C)(OC(C)=O)[C@H]1O,False,AdenosineOnly
CC(=O)Nc1ncnc2c1ncn2[C@@H]1O[C@H](CO)[C@@H](OC(C)=O)[C@]1(C)O,False,AdenosineOnly
CC(=O)Nc1ncnc2c1ncn2[C@@H]1O[C@@](C)(CO)[C@@H](OC(C)=O)[C@H]1O,False,AdenosineOnly
CC(=O)Nc1ncnc2c1ncn2[C@@]1(C)O[C@H](CO)[C@@H](OC(C)=O)[C@H]1O,False,AdenosineOnly
CC(=O)Nc1ncnc2c1ncn2[C@@H]1O[C@H](C(C)O)[C@@H](OC(C)=O)[C@H]1O,False,AdenosineOnly
CC(=O)Nc1ncnc2c1nc(C)n2[C@@H]1O[C@H](CO)[C@@H](OC(C)=O)[C@H]1O,False,AdenosineOnly
CC(=O)Nc1nc(C)nc2c1ncn2[C@@H]1O[C@H](CO)[C@@H](OC(C)=O)[C@H]1O,False,AdenosineOnly
N#CCC(O)Nc1ncnc2c1ncn2[C@@H]1O[C@H](CO)[C@@H](O)[C@H]1O,False,AdenosineOnly
CC(O)Nc1nc(C#N)nc2c1ncn2[C@@H]1O[C@H](CO)[C@@H](O)[C@H]1O,False,AdenosineOnly
Cc1nc(NC(O)C#N)c2ncn([C@@H]3O[C@H](CO)[C@@H](O)[C@H]3O)c2n1,False,AdenosineOnly
CC(O)Nc1ncnc2c1nc(C#N)n2[C@@H]1O[C@H](CO)[C@@H](O)[C@H]1O,False,AdenosineOnly
Cc1nc2c(NC(O)C#N)ncnc2n1[C@@H]1O[C@H](CO)[C@@H](O)[C@H]1O,False,AdenosineOnly
CC(O)Nc1ncnc2c1ncn2[C@@]1(C#N)O[C@H](CO)[C@@H](O)[C@H]1O,False,AdenosineOnly
C[C@]1(n2cnc3c(NC(O)C#N)ncnc32)O[C@H](CO)[C@@H](O)[C@H]1O,False,AdenosineOnly
CC(O)Nc1ncnc2c1ncn2[C@@H]1O[C@H](CO)[C@@H](O)[C@@]1(O)C#N,False,AdenosineOnly
C[C@]1(O)[C@H](O)[C@@H](CO)O[C@H]1n1cnc2c(NC(O)C#N)ncnc21,False,AdenosineOnly
CC(O)Nc1ncnc2c1ncn2[C@@H]1O[C@H](CO)[C@@](O)(C#N)[C@H]1O,False,AdenosineOnly
C[C@]1(O)[C@@H](CO)O[C@@H](n2cnc3c(NC(O)C#N)ncnc32)[C@@H]1O,False,AdenosineOnly
CC(O)Nc1ncnc2c1ncn2[C@@H]1O[C@@](C#N)(CO)[C@@H](O)[C@H]1O,False,AdenosineOnly
C[C@@]1(CO)O[C@@H](n2cnc3c(NC(O)C#N)ncnc32)[C@H](O)[C@@H]1O,False,AdenosineOnly
CC(O)Nc1ncnc2c1ncn2[C@@H]1O[C@H](C(O)C#N)[C@@H](O)[C@H]1O,False,AdenosineOnly
CC(O)[C@H]1O[C@@H](n2cnc3c(NC(O)C#N)ncnc32)[C@H](O)[C@@H]1O,False,AdenosineOnly
N#CC(=O)Nc1ncnc2c1ncn2[C@@H]1O[C@H](CO)[C@@H](O)[C@H]1O,False,AdenosineOnly
CC(C#N)Nc1ncnc2c1ncn2[C@@H]1O[C@H](C=O)[C@@H](O)[C@H]1O,False,AdenosineOnly
CC(=O)C#N,False,AdenosineOnly
COC(C)(C#N)Nc1ncnc2c1ncn2[C@@H]1O[C@H](CO)[C@@H](O)[C@H]1O,False,AdenosineOnly
CC(=O)OC(C)(C#N)Nc1ncnc2c1ncn2[C@@H]1O[C@H](CO)[C@@H](O)[C@H]1O,False,AdenosineOnly
CC(Cl)(C#N)Nc1ncnc2c1ncn2[C@@H]1O[C@H](CO)[C@@H](O)[C@H]1O,False,AdenosineOnly
CC(O)(C#N)N(C(N)=O)c1ncnc2c1ncn2[C@@H]1O[C@H](CO)[C@@H](O)[C@H]1O,False,AdenosineOnly
N#CC(O)(CO)Nc1ncnc2c1ncn2[C@@H]1O[C@H](CO)[C@@H](O)[C@H]1O,False,AdenosineOnly
CC(O)(Nc1ncnc2c1ncn2[C@@H]1O[C@H](CO)[C@@H](O)[C@H]1O)C(N)=O,False,AdenosineOnly
CC(O)(C=NO)Nc1ncnc2c1ncn2[C@@H]1O[C@H](CO)[C@@H](O)[C@H]1O,False,AdenosineOnly
CC(C#N)Nc1ncnc2c1ncn2[C@@H]1O[C@H](CO)[C@@H](O)[C@H]1O,False,AdenosineOnly
C[C@H]1O[C@@H](n2cnc3c(NC(C)(O)C#N)ncnc32)[C@H](O)[C@@H]1O,False,AdenosineOnly
CC(O)(C#N)Nc1ncnc2c1ncn2[C@@H]1O[C@H](C(=O)O)[C@@H](O)[C@H]1O,False,AdenosineOnly
N#CCC(O)(C#N)Nc1ncnc2c1ncn2[C@@H]1O[C@H](CO)[C@@H](O)[C@H]1O,False,AdenosineOnly
N#CC(O)Nc1ncnc2c1ncn2[C@@H]1O[C@H](CO)[C@@H](O)[C@H]1O,False,AdenosineOnly
CC(O)(C#N)Nc1nc(C#N)nc2c1ncn2[C@@H]1O[C@H](CO)[C@@H](O)[C@H]1O,False,AdenosineOnly
Cc1nc(NC(C)(O)C#N)c2ncn([C@@H]3O[C@H](CO)[C@@H](O)[C@H]3O)c2n1,False,AdenosineOnly
CC(O)(C#N)Nc1ncnc2c1nc(C#N)n2[C@@H]1O[C@H](CO)[C@@H](O)[C@H]1O,False,AdenosineOnly
Cc1nc2c(NC(C)(O)C#N)ncnc2n1[C@@H]1O[C@H](CO)[C@@H](O)[C@H]1O,False,AdenosineOnly
CC(O)(C#N)Nc1ncnc2c1ncn2[C@@]1(C#N)O[C@H](CO)[C@@H](O)[C@H]1O,False,AdenosineOnly
CC(O)(C#N)Nc1ncnc2c1ncn2[C@@]1(C)O[C@H](CO)[C@@H](O)[C@H]1O,False,AdenosineOnly
CC(O)(C#N)Nc1ncnc2c1ncn2[C@@H]1O[C@H](CO)[C@@H](O)[C@@]1(O)C#N,False,AdenosineOnly
CC(O)(C#N)Nc1ncnc2c1ncn2[C@@H]1O[C@H](CO)[C@@H](O)[C@]1(C)O,False,AdenosineOnly
CC(O)(C#N)Nc1ncnc2c1ncn2[C@@H]1O[C@H](CO)[C@@](O)(C#N)[C@H]1O,False,AdenosineOnly
CC(O)(C#N)Nc1ncnc2c1ncn2[C@@H]1O[C@H](CO)[C@](C)(O)[C@H]1O,False,AdenosineOnly
CC(O)(C#N)Nc1ncnc2c1ncn2[C@@H]1O[C@@](C#N)(CO)[C@@H](O)[C@H]1O,False,AdenosineOnly
CC(O)(C#N)Nc1ncnc2c1ncn2[C@@H]1O[C@@](C)(CO)[C@@H](O)[C@H]1O,False,AdenosineOnly
CC(O)(C#N)Nc1ncnc2c1ncn2[C@@H]1O[C@H](C(O)C#N)[C@@H](O)[C@H]1O,False,AdenosineOnly
CC(O)[C@H]1O[C@@H](n2cnc3c(NC(C)(O)C#N)ncnc32)[C@H](O)[C@@H]1O,False,AdenosineOnly
Cc1nc(NCN)c2ncn([C@@H]3O[C@H](CO)[C@@H](O)[C@H]3O)c2n1,False,AdenosineOnly
Cc1nc2c(NCN)ncnc2n1[C@@H]1O[C@H](CO)[C@@H](O)[C@H]1O,False,AdenosineOnly
C[C@]1(n2cnc3c(NCN)ncnc32)O[C@H](CO)[C@@H](O)[C@H]1O,False,AdenosineOnly
C[C@]1(O)[C@H](O)[C@@H](CO)O[C@H]1n1cnc2c(NCN)ncnc21,False,AdenosineOnly
C[C@]1(O)[C@@H](CO)O[C@@H](n2cnc3c(NCN)ncnc32)[C@@H]1O,False,AdenosineOnly
C[C@@]1(CO)O[C@@H](n2cnc3c(NCN)ncnc32)[C@H](O)[C@@H]1O,False,AdenosineOnly
CC(O)[C@H]1O[C@@H](n2cnc3c(NCN)ncnc32)[C@H](O)[C@@H]1O,False,AdenosineOnly
CNC(C)Nc1ncnc2c1ncn2[C@@H]1O[C@H](CO)[C@@H](O)[C@H]1O,False,AdenosineOnly
CC(C)(N)Nc1ncnc2c1ncn2[C@@H]1O[C@H](CO)[C@@H](O)[C@H]1O,False,AdenosineOnly
CC(=O)NC(C)Nc1ncnc2c1ncn2[C@@H]1O[C@H](CO)[C@@H](O)[C@H]1O,False,AdenosineOnly
CC(N)(Nc1ncnc2c1ncn2[C@@H]1O[C@H](CO)[C@@H](O)[C@H]1O)C(=O)O,False,AdenosineOnly
NC(CC(=O)O)Nc1ncnc2c1ncn2[C@@H]1O[C@H](CO)[C@@H](O)[C@H]1O,False,AdenosineOnly
CC(NC(N)=O)Nc1ncnc2c1ncn2[C@@H]1O[C@H](CO)[C@@H](O)[C@H]1O,False,AdenosineOnly
CC(N)N(C(N)=O)c1ncnc2c1ncn2[C@@H]1O[C@H](CO)[C@@H](O)[C@H]1O,False,AdenosineOnly
CC(N)(O)Nc1ncnc2c1ncn2[C@@H]1O[C@H](CO)[C@@H](O)[C@H]1O,False,AdenosineOnly
NC(CO)Nc1ncnc2c1ncn2[C@@H]1O[C@H](CO)[C@@H](O)[C@H]1O,False,AdenosineOnly
CC(N)Nc1ncnc2c1ncn2[C@@H]1O[C@H](C)[C@@H](O)[C@H]1O,False,AdenosineOnly
CC(N)Nc1ncnc2c1ncn2[C@@H]1O[C@H](C(=O)O)[C@@H](O)[C@H]1O,False,AdenosineOnly
NCNc1ncnc2c1ncn2[C@@H]1O[C@H](CO)[C@@H](O)[C@H]1O,False,AdenosineOnly
Cc1nc(NC(C)N)c2ncn([C@@H]3O[C@H](CO)[C@@H](O)[C@H]3O)c2n1,False,AdenosineOnly
Cc1nc2c(NC(C)N)ncnc2n1[C@@H]1O[C@H](CO)[C@@H](O)[C@H]1O,False,AdenosineOnly
CC(N)Nc1ncnc2c1ncn2[C@@]1(C)O[C@H](CO)[C@@H](O)[C@H]1O,False,AdenosineOnly
CC(N)Nc1ncnc2c1ncn2[C@@H]1O[C@H](CO)[C@@H](O)[C@]1(C)O,False,AdenosineOnly
CC(N)Nc1ncnc2c1ncn2[C@@H]1O[C@H](CO)[C@](C)(O)[C@H]1O,False,AdenosineOnly
CC(N)Nc1ncnc2c1ncn2[C@@H]1O[C@@](C)(CO)[C@@H](O)[C@H]1O,False,AdenosineOnly
CC(N)Nc1ncnc2c1ncn2[C@@H]1O[C@H](C(C)O)[C@@H](O)[C@H]1O,False,AdenosineOnly
Cc1nc(N(C=O)C(N)=O)c2ncn([C@@H]3O[C@H](CO)[C@@H](O)[C@H]3O)c2n1,False,AdenosineOnly
Cc1nc2c(N(C=O)C(N)=O)ncnc2n1[C@@H]1O[C@H](CO)[C@@H](O)[C@H]1O,False,AdenosineOnly
C[C@]1(n2cnc3c(N(C=O)C(N)=O)ncnc32)O[C@H](CO)[C@@H](O)[C@H]1O,False,AdenosineOnly
C[C@]1(O)[C@H](O)[C@@H](CO)O[C@H]1n1cnc2c(N(C=O)C(N)=O)ncnc21,False,AdenosineOnly
C[C@]1(O)[C@@H](CO)O[C@@H](n2cnc3c(N(C=O)C(N)=O)ncnc32)[C@@H]1O,False,AdenosineOnly
C[C@@]1(CO)O[C@@H](n2cnc3c(N(C=O)C(N)=O)ncnc32)[C@H](O)[C@@H]1O,False,AdenosineOnly
CC(O)[C@H]1O[C@@H](n2cnc3c(N(C=O)C(N)=O)ncnc32)[C@H](O)[C@@H]1O,False,AdenosineOnly
CC1=NC(=O)N1c1ncnc2c1ncn2[C@@H]1O[C@H](CO)[C@@H](O)[C@H]1O,False,AdenosineOnly
NC(O)N1C(=O)CO[C@@H]2[C@H](O)[C@@H](CO)O[C@H]2n2cnc3c1ncnc32,False,AdenosineOnly
NC(=O)N1c2ncnc3c2ncn3[C@@H]2O[C@H](CO)[C@@H](O)[C@H]2OCC1O,False,AdenosineOnly
NC(O)N1C(=O)CO[C@H]2[C@@H](O)[C@@H](O[C@@H]2CO)n2cnc3c1ncnc32,False,AdenosineOnly
NC(=O)N1c2ncnc3c2ncn3[C@@H]2O[C@H](CO)[C@@H](OCC1O)[C@H]2O,False,AdenosineOnly
NC(O)N1C(=O)COC[C@H]2O[C@H]([C@H](O)[C@@H]2O)n2cnc3c1ncnc32,False,AdenosineOnly
NC(=O)N1c2ncnc3c2ncn3[C@@H]2O[C@H](COCC1O)[C@@H](O)[C@H]2O,False,AdenosineOnly
CC(=O)N(c1nc2nc3c1ncn3[C@@H]1O[C@H](CO)[C@@H](O)[C@H]1O2)C(N)O,False,AdenosineOnly
CC(=O)N(c1nc2nc3c1ncn3[C@@H]1O[C@H](CO)[C@@H](O2)[C@H]1O)C(N)O,False,AdenosineOnly
CC(=O)N(c1nc2nc3c1ncn3[C@@H]1O[C@H](CO2)[C@@H](O)[C@H]1O)C(N)O,False,AdenosineOnly
CC(=O)N(c1ncnc2c1nc1n2[C@@H]2O[C@H](CO)[C@@H](O)[C@H]2O1)C(N)O,False,AdenosineOnly
CC(=O)N(c1ncnc2c1nc1n2[C@@H]2O[C@H](CO)[C@@H](O1)[C@H]2O)C(N)O,False,AdenosineOnly
CC(=O)N(c1ncnc2c1nc1n2[C@@H]2O[C@H](CO1)[C@@H](O)[C@H]2O)C(N)O,False,AdenosineOnly
CC(=O)N(c1ncnc2c1ncn2[C@]12O[C@@H]1[C@H](O)[C@@H](CO)O2)C(N)O,False,AdenosineOnly
CC(=O)N(c1ncnc2c1ncn2[C@]12O[C@@H]([C@H]1O)[C@@H](CO)O2)C(N)O,False,AdenosineOnly
CC(=O)N(c1ncnc2c1ncn2[C@@]12OC[C@@H](O1)[C@@H](O)[C@H]2O)C(N)O,False,AdenosineOnly
CC(=O)N(c1ncnc2c1ncn2[C@@H]1O[C@H](CO)[C@H]2O[C@]21O)C(N)O,False,AdenosineOnly
CC(=O)N(c1ncnc2c1ncn2[C@@H]1O[C@@H]2CO[C@]1(O)[C@@H]2O)C(N)O,False,AdenosineOnly
CC(=O)N(c1ncnc2c1ncn2[C@@H]1O[C@H](CO)[C@@]2(O)O[C@@H]12)C(N)O,False,AdenosineOnly
CC(=O)N(c1ncnc2c1ncn2[C@@H]1O[C@@H]2CO[C@@]2(O)[C@H]1O)C(N)O,False,AdenosineOnly
CC(=O)N(c1ncnc2c1ncn2[C@@H]1O[C@]2(CO)O[C@@H]1[C@@H]2O)C(N)O,False,AdenosineOnly
CC(=O)N(c1ncnc2c1ncn2[C@@H]1O[C@]2(CO)O[C@H]2[C@H]1O)C(N)O,False,AdenosineOnly
CC(=O)N(c1ncnc2c1ncn2[C@@H]1O[C@@]2(CO2)[C@@H](O)[C@H]1O)C(N)O,False,AdenosineOnly
CC(=O)N(c1ncnc2c1ncn2[C@@H]1O[C@@H]2C(O)O[C@@H]1[C@@H]2O)C(N)O,False,AdenosineOnly
CC(=O)N(c1ncnc2c1ncn2[C@@H]1O[C@@H]2C(O)O[C@H]2[C@H]1O)C(N)O,False,AdenosineOnly
CNC(=O)N(C(C)=O)c1ncnc2c1ncn2[C@@H]1O[C@H](CO)[C@@H](O)[C@H]1O,False,AdenosineOnly
NC(=O)Nc1ncnc2c1ncn2[C@@H]1O[C@H](CO)[C@@H](O)[C@H]1O,False,AdenosineOnly
NC(=O)OP(=O)(O)O,False,AdenosineOnly
NC(=O)O,False,AdenosineOnly
CC(=O)N(C(N)=O)c1ncnc2c1ncn2[C@@H]1O[C@H](C)[C@@H](O)[C@H]1O,False,AdenosineOnly
NC(=O)N(C=O)c1ncnc2c1ncn2[C@@H]1O[C@H](CO)[C@@H](O)[C@H]1O,False,AdenosineOnly
CC(=O)N(C(N)=O)c1nc(C)nc2c1ncn2[C@@H]1O[C@H](CO)[C@@H](O)[C@H]1O,False,AdenosineOnly
CC(=O)N(C(N)=O)c1ncnc2c1nc(C)n2[C@@H]1O[C@H](CO)[C@@H](O)[C@H]1O,False,AdenosineOnly
CC(=O)N(C(N)=O)c1ncnc2c1ncn2[C@@]1(C)O[C@H](CO)[C@@H](O)[C@H]1O,False,AdenosineOnly
CC(=O)N(C(N)=O)c1ncnc2c1ncn2[C@@H]1O[C@H](CO)[C@@H](O)[C@]1(C)O,False,AdenosineOnly
CC(=O)N(C(N)=O)c1ncnc2c1ncn2[C@@H]1O[C@H](CO)[C@](C)(O)[C@H]1O,False,AdenosineOnly
CC(=O)N(C(N)=O)c1ncnc2c1ncn2[C@@H]1O[C@@](C)(CO)[C@@H](O)[C@H]1O,False,AdenosineOnly
CC(=O)N(C(N)=O)c1ncnc2c1ncn2[C@@H]1O[C@H](C(C)O)[C@@H](O)[C@H]1O,False,AdenosineOnly
O=CNc1nc(CO)nc2c1ncn2[C@@H]1O[C@H](CO)[C@@H](O)[C@H]1O,False,AdenosineOnly
O=CNc1ncnc2c1nc(CO)n2[C@@H]1O[C@H](CO)[C@@H](O)[C@H]1O,False,AdenosineOnly
O=CNc1ncnc2c1ncn2[C@@H]1O[C@H](CO)[C@@H](O)[C@@]1(O)CO,False,AdenosineOnly
O=CNc1ncnc2c1ncn2[C@@H]1O[C@H](CO)[C@@](O)(CO)[C@H]1O,False,AdenosineOnly
O=CNc1ncnc2c1ncn2[C@@H]1OC(CO)(CO)[C@@H](O)[C@H]1O,False,AdenosineOnly
OC[C@H]1O[C@@H]2[C@H](OC(O)C(O)Nc3ncnc4c3ncn42)[C@@H]1O,False,AdenosineOnly
OC[C@H]1O[C@@H]2[C@H](O)[C@@H]1OC(O)C(O)Nc1ncnc3c1ncn32,False,AdenosineOnly
OC1Nc2ncnc3c2ncn3[C@@H]2O[C@H](COC1O)[C@@H](O)[C@H]2O,False,AdenosineOnly
OC[C@H]1O[C@@H](n2cnc3c4nc(nc32)OCC(O)N4)[C@H](O)[C@@H]1O,False,AdenosineOnly
OC[C@H]1O[C@@H](n2c3nc4c(ncnc42)NC(O)CO3)[C@H](O)[C@@H]1O,False,AdenosineOnly
OC[C@H]1O[C@@]2(OCC(O)Nc3ncnc4c3ncn42)[C@H](O)[C@@H]1O,False,AdenosineOnly
OC[C@H]1O[C@H]2n3cnc4c(ncnc43)NC(O)CO[C@]2(O)[C@@H]1O,False,AdenosineOnly
OC[C@H]1O[C@@H]2[C@H](O)[C@]1(O)OCC(O)Nc1ncnc3c1ncn32,False,AdenosineOnly
OC[C@]12OCC(O)Nc3ncnc4c3ncn4[C@H](O1)[C@H](O)[C@@H]2O,False,AdenosineOnly
OC1COC(O)[C@H]2O[C@H]([C@H](O)[C@@H]2O)n2cnc3c(ncnc32)N1,False,AdenosineOnly
O=C(O)CNc1ncnc2c1ncn2[C@@H]1O[C@H](CO)[C@@H](O)[C@H]1O,False,AdenosineOnly
O=CC(=O)Nc1ncnc2c1ncn2[C@@H]1O[C@H](CO)[C@@H](O)[C@H]1O,False,AdenosineOnly
COCC(=O)Nc1ncnc2c1ncn2[C@@H]1O[C@H](CO)[C@@H](O)[C@H]1O,False,AdenosineOnly
O=C(CCl)Nc1ncnc2c1ncn2[C@@H]1O[C@H](CO)[C@@H](O)[C@H]1O,False,AdenosineOnly
O=C(CO)OP(=O)(O)O,False,AdenosineOnly
C[C@H]1O[C@@H](n2cnc3c(NC(=O)CO)ncnc32)[C@H](O)[C@@H]1O,False,AdenosineOnly
OC[C@H]1O[C@@H]2[C@H](OCOC(O)Nc3ncnc4c3ncn42)[C@@H]1O,False,AdenosineOnly
OC[C@H]1O[C@@H]2[C@H](O)[C@@H]1OCOC(O)Nc1ncnc3c1ncn32,False,AdenosineOnly
OC1Nc2ncnc3c2ncn3[C@@H]2O[C@H](COCO1)[C@@H](O)[C@H]2O,False,AdenosineOnly
COC(O)Nc1nc2nc3c1ncn3[C@@H]1O[C@H](CO)[C@@H](O)[C@H]1O2,False,AdenosineOnly
COC(O)Nc1nc2nc3c1ncn3[C@@H]1O[C@H](CO)[C@@H](O2)[C@H]1O,False,AdenosineOnly
COC(O)Nc1nc2nc3c1ncn3[C@@H]1O[C@H](CO2)[C@@H](O)[C@H]1O,False,AdenosineOnly
COC(O)Nc1ncnc2c1nc1n2[C@@H]2O[C@H](CO)[C@@H](O)[C@H]2O1,False,AdenosineOnly
COC(O)Nc1ncnc2c1nc1n2[C@@H]2O[C@H](CO)[C@@H](O1)[C@H]2O,False,AdenosineOnly
COC(O)Nc1ncnc2c1nc1n2[C@@H]2O[C@H](CO1)[C@@H](O)[C@H]2O,False,AdenosineOnly
COC(O)Nc1ncnc2c1ncn2[C@]12O[C@@H]1[C@H](O)[C@@H](CO)O2,False,AdenosineOnly
COC(O)Nc1ncnc2c1ncn2[C@]12O[C@@H]([C@H]1O)[C@@H](CO)O2,False,AdenosineOnly
COC(O)Nc1ncnc2c1ncn2[C@@]12OC[C@@H](O1)[C@@H](O)[C@H]2O,False,AdenosineOnly
COC(O)Nc1ncnc2c1ncn2[C@@H]1O[C@H](CO)[C@H]2O[C@]21O,False,AdenosineOnly
COC(O)Nc1ncnc2c1ncn2[C@@H]1O[C@@H]2CO[C@]1(O)[C@@H]2O,False,AdenosineOnly
COC(O)Nc1ncnc2c1ncn2[C@@H]1O[C@H](CO)[C@@]2(O)O[C@@H]12,False,AdenosineOnly
COC(O)Nc1ncnc2c1ncn2[C@@H]1O[C@@H]2CO[C@@]2(O)[C@H]1O,False,AdenosineOnly
COC(O)Nc1ncnc2c1ncn2[C@@H]1O[C@]2(CO)O[C@@H]1[C@@H]2O,False,AdenosineOnly
COC(O)Nc1ncnc2c1ncn2[C@@H]1O[C@]2(CO)O[C@H]2[C@H]1O,False,AdenosineOnly
COC(O)Nc1ncnc2c1ncn2[C@@H]1O[C@@]2(CO2)[C@@H](O)[C@H]1O,False,AdenosineOnly
COC(O)Nc1ncnc2c1ncn2[C@@H]1O[C@@H]2C(O)O[C@@H]1[C@@H]2O,False,AdenosineOnly
COC(O)Nc1ncnc2c1ncn2[C@@H]1O[C@@H]2C(O)O[C@H]2[C@H]1O,False,AdenosineOnly
COCNc1ncnc2c1ncn2[C@@H]1O[C@H](CO)[C@@H](O)[C@H]1O,False,AdenosineOnly
COC(=O)OP(=O)(O)O,False,AdenosineOnly
COC(=O)Nc1ncnc2c1ncn2[C@@H]1O[C@H](C)[C@@H](O)[C@H]1O,False,AdenosineOnly
O=P1(O)OCC(O)O1,False,AdenosineOnly
CC(O)OP(=O)(O)O,False,AdenosineOnly
CCOP(=O)(O)O,False,AdenosineOnly
CC(O)(C#N)OP(=O)(O)O,False,AdenosineOnly
CC(N)OP(=O)(O)O,False,AdenosineOnly
O=P(O)(O)OC(O)CO,False,AdenosineOnly
CC(=O)OP(=O)(O)OC(C)=O,False,AdenosineOnly
OCNc1nc(CO)nc2c1ncn2[C@@H]1O[C@H](CO)[C@@H](O)[C@H]1O,False,AdenosineOnly
OCNc1ncnc2c1nc(CO)n2[C@@H]1O[C@H](CO)[C@@H](O)[C@H]1O,False,AdenosineOnly
OCNc1ncnc2c1ncn2[C@@H]1O[C@H](CO)[C@@H](O)[C@@]1(O)CO,False,AdenosineOnly
OCNc1ncnc2c1ncn2[C@@H]1O[C@H](CO)[C@@](O)(CO)[C@H]1O,False,AdenosineOnly
OCNc1ncnc2c1ncn2[C@@H]1OC(CO)(CO)[C@@H](O)[C@H]1O,False,AdenosineOnly
O=CCNc1ncnc2c1ncn2[C@@H]1O[C@H](CO)[C@@H](O)[C@H]1O,False,AdenosineOnly
O=C[C@H]1O[C@@H](n2cnc3c(NCCO)ncnc32)[C@H](O)[C@@H]1O,False,AdenosineOnly
O=CCO,False,AdenosineOnly
O=CC(O)Nc1ncnc2c1ncn2[C@@H]1O[C@H](CO)[C@@H](O)[C@H]1O,False,AdenosineOnly
COCC(O)Nc1ncnc2c1ncn2[C@@H]1O[C@H](CO)[C@@H](O)[C@H]1O,False,AdenosineOnly
COC(CO)Nc1ncnc2c1ncn2[C@@H]1O[C@H](CO)[C@@H](O)[C@H]1O,False,AdenosineOnly
CC(O)(CO)Nc1ncnc2c1ncn2[C@@H]1O[C@H](CO)[C@@H](O)[C@H]1O,False,AdenosineOnly
OC[C@H]1O[C@@H](n2cnc3c(NC(O)CCl)ncnc32)[C@H](O)[C@@H]1O,False,AdenosineOnly
OCC(Cl)Nc1ncnc2c1ncn2[C@@H]1O[C@H](CO)[C@@H](O)[C@H]1O,False,AdenosineOnly
OCCNc1ncnc2c1ncn2[C@@H]1O[C@H](CO)[C@@H](O)[C@H]1O,False,AdenosineOnly
C[C@H]1O[C@@H](n2cnc3c(NC(O)CO)ncnc32)[C@H](O)[C@@H]1O,False,AdenosineOnly
CC(O)Nc1ncnc2c1ncn2[C@@H]1O[C@@H]2CO[C@H]2[C@H]1O,False,AdenosineOnly
CC(O)Nc1ncnc2c1ncn2[C@@H]1O[C@@H]2CO[C@@H]1[C@@H]2O,False,AdenosineOnly
C[C@H]1O[C@@H](n2cnc3c(NC(=O)CC(=O)O)ncnc32)[C@H](O)[C@@H]1O,False,AdenosineOnly
C[C@H]1O[C@@H](n2cnc3c(NC=O)ncnc32)[C@H](O)[C@@H]1O,False,AdenosineOnly
CC[C@H]1O[C@@H](n2cnc3c(NC(C)=O)ncnc32)[C@H](O)[C@@H]1O,False,AdenosineOnly
CC(=O)Nc1ncnc2c1ncn2[C@@H]1OC(C)(C)[C@@H](O)[C@H]1O,False,AdenosineOnly
CC(=O)Nc1ncnc2c1ncn2[C@@H]1O[C@H](C)[C@](C)(O)[C@H]1O,False,AdenosineOnly
CC(=O)Nc1ncnc2c1ncn2[C@@]1(C)O[C@H](C)[C@@H](O)[C@H]1O,False,AdenosineOnly
CC(=O)Nc1ncnc2c1ncn2[C@@H]1O[C@H](C)[C@@H](O)[C@]1(C)O,False,AdenosineOnly
CC(=O)Nc1ncnc2c1nc(C)n2[C@@H]1O[C@H](C)[C@@H](O)[C@H]1O,False,AdenosineOnly
CC(=O)Nc1nc(C)nc2c1ncn2[C@@H]1O[C@H](C)[C@@H](O)[C@H]1O,False,AdenosineOnly
CC(=O)Nc1ncnc2c1ncn2[C@@H]1OC[C@@H](O)[C@H]1O,False,AdenosineOnly
CC(=O)Nc1ncnc2c1ncn2[C@@H]1O[C@]2(OC2O)[C@@H](O)[C@H]1O,False,AdenosineOnly
CC(O)Nc1ncnc2c1ncn2[C@@H]1O[C@]2(OC2=O)[C@@H](O)[C@H]1O,False,AdenosineOnly
CC(=O)Nc1ncnc2c1ncn2[C@@H]1O[C@]2(C(O)O)O[C@H]2[C@H]1O,False,AdenosineOnly
CC(=O)Nc1ncnc2c1ncn2[C@@H]1O[C@]2(C(O)O)O[C@@H]1[C@@H]2O,False,AdenosineOnly
CC(=O)Nc1ncnc2c1ncn2[C@@H]1O[C@@H]2C(O)O[C@@]2(O)[C@H]1O,False,AdenosineOnly
CC(O)Nc1ncnc2c1ncn2[C@@H]1O[C@@H]2C(=O)O[C@@]2(O)[C@H]1O,False,AdenosineOnly
CC(=O)Nc1ncnc2c1ncn2[C@@H]1O[C@H](C(O)O)[C@@]2(O)O[C@@H]12,False,AdenosineOnly
CC(=O)Nc1ncnc2c1ncn2[C@@]12OC(O)[C@@H](O1)[C@@H](O)[C@H]2O,False,AdenosineOnly
CC(O)Nc1ncnc2c1ncn2[C@@]12OC(=O)[C@@H](O1)[C@@H](O)[C@H]2O,False,AdenosineOnly
CC(=O)Nc1ncnc2c1ncn2[C@@]12O[C@H]([C@@H](C(O)O)O1)[C@H]2O,False,AdenosineOnly
CC(=O)Nc1ncnc2c1ncn2[C@@]12O[C@H](C(O)O)[C@@H](O)[C@H]1O2,False,AdenosineOnly
CC(=O)Nc1ncnc2c1ncn2[C@@H]1O[C@@H]2C(O)O[C@]1(O)[C@@H]2O,False,AdenosineOnly
CC(O)Nc1ncnc2c1ncn2[C@@H]1O[C@@H]2C(=O)O[C@]1(O)[C@@H]2O,False,AdenosineOnly
CC(=O)Nc1ncnc2c1ncn2[C@@H]1O[C@H](C(O)O)[C@H]2O[C@]21O,False,AdenosineOnly
CC(=O)Nc1ncnc2c1nc1n2[C@@H]2O[C@H](C(O)O1)[C@@H](O)[C@H]2O,False,AdenosineOnly
CC(O)Nc1ncnc2c1nc1n2[C@@H]2O[C@H](C(=O)O1)[C@@H](O)[C@H]2O,False,AdenosineOnly
CC(=O)Nc1ncnc2c1nc1n2[C@@H]2O[C@H](C(O)O)[C@@H](O1)[C@H]2O,False,AdenosineOnly
CC(=O)Nc1ncnc2c1nc1n2[C@@H]2O[C@H](C(O)O)[C@@H](O)[C@H]2O1,False,AdenosineOnly
CC(=O)Nc1nc2nc3c1ncn3[C@@H]1O[C@H](C(O)O2)[C@@H](O)[C@H]1O,False,AdenosineOnly
CC(O)Nc1nc2nc3c1ncn3[C@@H]1O[C@H](C(=O)O2)[C@@H](O)[C@H]1O,False,AdenosineOnly
CC(=O)Nc1nc2nc3c1ncn3[C@@H]1O[C@H](C(O)O)[C@@H](O2)[C@H]1O,False,AdenosineOnly
CC(=O)Nc1nc2nc3c1ncn3[C@@H]1O[C@H](C(O)O)[C@@H](O)[C@H]1O2,False,AdenosineOnly
O=C1COC(O)[C@H]2O[C@H]([C@H](O)[C@@H]2O)n2cnc3c(ncnc32)N1,False,AdenosineOnly
O=C1OCC(O)Nc2ncnc3c2ncn3[C@@H]2O[C@H]1[C@@H](O)[C@H]2O,False,AdenosineOnly
O=C1CO[C@H]2[C@@H](O)[C@@H](O[C@@H]2C(O)O)n2cnc3c(ncnc32)N1,False,AdenosineOnly
O=C1CO[C@@H]2[C@H](O)[C@@H](C(O)O)O[C@H]2n2cnc3c(ncnc32)N1,False,AdenosineOnly
C[C@H]1O[C@@H](n2cnc3c(NC(=O)C(=O)O)ncnc32)[C@H](O)[C@@H]1O,False,AdenosineOnly
CC(=O)Nc1ncnc2c1ncn2[C@@H]1O[C@H](C(O)O)[C@@H](O)[C@H]1O,False,AdenosineOnly
CC(=O)Nc1ncnc2c1ncn2[C@@H]1O[C@H](C(O)(O)C#N)[C@@H](O)[C@H]1O,False,AdenosineOnly
CC(=O)Nc1ncnc2c1ncn2[C@@H]1O[C@H](C(N)=O)[C@@H](O)[C@H]1O,False,AdenosineOnly
O=CNc1ncnc2c1ncn2[C@@H]1O[C@H](C(=O)O)[C@@H](O)[C@H]1O,False,AdenosineOnly
CC(=O)Nc1ncnc2c1ncn2[C@@H]1O[C@@](C)(C(=O)O)[C@@H](O)[C@H]1O,False,AdenosineOnly
CC(=O)Nc1ncnc2c1ncn2[C@@H]1O[C@H](C(=O)O)[C@](C)(O)[C@H]1O,False,AdenosineOnly
CC(=O)Nc1ncnc2c1ncn2[C@@]1(C)O[C@H](C(=O)O)[C@@H](O)[C@H]1O,False,AdenosineOnly
CC(=O)Nc1ncnc2c1ncn2[C@@H]1O[C@H](C(=O)O)[C@@H](O)[C@]1(C)O,False,AdenosineOnly
CC(=O)Nc1ncnc2c1nc(C)n2[C@@H]1O[C@H](C(=O)O)[C@@H](O)[C@H]1O,False,AdenosineOnly
CC(=O)Nc1nc(C)nc2c1ncn2[C@@H]1O[C@H](C(=O)O)[C@@H](O)[C@H]1O,False,AdenosineOnly
O=CNc1ncnc2c1ncn2[C@@H]1O[C@H](CO)[C@@H](O)[C@H]1OC=O,False,AdenosineOnly
O=CNc1ncnc2c1ncn2[C@@H]1O[C@H](CO)[C@@H](OC=O)[C@H]1O,False,AdenosineOnly
Cc1nc(NC=O)c2nc(C)n([C@@H]3O[C@H](CO)[C@@H](O)[C@H]3O)c2n1,False,AdenosineOnly
Cc1nc(NC=O)c2ncn([C@@]3(C)O[C@H](CO)[C@@H](O)[C@H]3O)c2n1,False,AdenosineOnly
Cc1nc(NC=O)c2ncn([C@@H]3O[C@H](CO)[C@@H](O)[C@]3(C)O)c2n1,False,AdenosineOnly
Cc1nc(NC=O)c2ncn([C@@H]3O[C@H](CO)[C@](C)(O)[C@H]3O)c2n1,False,AdenosineOnly
Cc1nc(NC=O)c2ncn([C@@H]3O[C@@](C)(CO)[C@@H](O)[C@H]3O)c2n1,False,AdenosineOnly
CC(O)Nc1nc2nc3c1ncn3[C@@H]1O[C@H](CO)[C@@H](O)[C@H]1OC2,False,AdenosineOnly
CC(O)Nc1nc2nc3c1ncn3[C@@H]1O[C@H](CO)[C@@H](OC2)[C@H]1O,False,AdenosineOnly
CC(O)Nc1nc2nc3c1ncn3[C@@H]1O[C@H](COC2)[C@@H](O)[C@H]1O,False,AdenosineOnly
Cc1nc2c3ncn(c3n1)[C@@H]1O[C@H](CO)[C@@H](O)[C@H]1OCC(O)N2,False,AdenosineOnly
Cc1nc2c3ncn(c3n1)[C@@H]1O[C@H](CO)[C@@H](OCC(O)N2)[C@H]1O,False,AdenosineOnly
Cc1nc2c3ncn(c3n1)[C@@H]1O[C@H](COCC(O)N2)[C@@H](O)[C@H]1O,False,AdenosineOnly
Cc1nc(NC(=O)CO)c2ncn([C@@H]3O[C@H](CO)[C@@H](O)[C@H]3O)c2n1,False,AdenosineOnly
COC(=O)Nc1nc(C)nc2c1ncn2[C@@H]1O[C@H](CO)[C@@H](O)[C@H]1O,False,AdenosineOnly
Cc1nc(NC(O)CO)c2ncn([C@@H]3O[C@H](CO)[C@@H](O)[C@H]3O)c2n1,False,AdenosineOnly
CCc1nc(NC(C)=O)c2ncn([C@@H]3O[C@H](CO)[C@@H](O)[C@H]3O)c2n1,False,AdenosineOnly
CC(=O)Nc1nc(C)nc2c1nc(C)n2[C@@H]1O[C@H](CO)[C@@H](O)[C@H]1O,False,AdenosineOnly
CC(=O)Nc1nc(C)nc2c1ncn2[C@@]1(C)O[C@H](CO)[C@@H](O)[C@H]1O,False,AdenosineOnly
CC(=O)Nc1nc(C)nc2c1ncn2[C@@H]1O[C@H](CO)[C@@H](O)[C@]1(C)O,False,AdenosineOnly
CC(=O)Nc1nc(C)nc2c1ncn2[C@@H]1O[C@H](CO)[C@](C)(O)[C@H]1O,False,AdenosineOnly
CC(=O)Nc1nc(C)nc2c1ncn2[C@@H]1O[C@@](C)(CO)[C@@H](O)[C@H]1O,False,AdenosineOnly
CC(=O)Nc1nc(C)nc2c1ncn2[C@@H]1O[C@H](C(C)O)[C@@H](O)[C@H]1O,False,AdenosineOnly
Cc1nc2c(NC=O)ncnc2n1[C@@]1(C)O[C@H](CO)[C@@H](O)[C@H]1O,False,AdenosineOnly
Cc1nc2c(NC=O)ncnc2n1[C@@H]1O[C@H](CO)[C@@H](O)[C@]1(C)O,False,AdenosineOnly
Cc1nc2c(NC=O)ncnc2n1[C@@H]1O[C@H](CO)[C@](C)(O)[C@H]1O,False,AdenosineOnly
Cc1nc2c(NC=O)ncnc2n1[C@@H]1O[C@@](C)(CO)[C@@H](O)[C@H]1O,False,AdenosineOnly
CC(O)Nc1ncnc2c1nc1n2[C@@H]2O[C@H](CO)[C@@H](O)[C@H]2OC1,False,AdenosineOnly
CC(O)Nc1ncnc2c1nc1n2[C@@H]2O[C@H](CO)[C@@H](OC1)[C@H]2O,False,AdenosineOnly
CC(O)Nc1ncnc2c1nc1n2[C@@H]2O[C@H](COC1)[C@@H](O)[C@H]2O,False,AdenosineOnly
Cc1nc2c3ncnc2n1[C@@H]1O[C@H](CO)[C@@H](O)[C@H]1OCC(O)N3,False,AdenosineOnly
Cc1nc2c3ncnc2n1[C@@H]1O[C@H](CO)[C@@H](OCC(O)N3)[C@H]1O,False,AdenosineOnly
Cc1nc2c3ncnc2n1[C@@H]1O[C@H](COCC(O)N3)[C@@H](O)[C@H]1O,False,AdenosineOnly
Cc1nc2c(NC(=O)CO)ncnc2n1[C@@H]1O[C@H](CO)[C@@H](O)[C@H]1O,False,AdenosineOnly
COC(=O)Nc1ncnc2c1nc(C)n2[C@@H]1O[C@H](CO)[C@@H](O)[C@H]1O,False,AdenosineOnly
Cc1nc2c(NC(O)CO)ncnc2n1[C@@H]1O[C@H](CO)[C@@H](O)[C@H]1O,False,AdenosineOnly
CCc1nc2c(NC(C)=O)ncnc2n1[C@@H]1O[C@H](CO)[C@@H](O)[C@H]1O,False,AdenosineOnly
CC(=O)Nc1ncnc2c1nc(C)n2[C@@]1(C)O[C@H](CO)[C@@H](O)[C@H]1O,False,AdenosineOnly
CC(=O)Nc1ncnc2c1nc(C)n2[C@@H]1O[C@H](CO)[C@@H](O)[C@]1(C)O,False,AdenosineOnly
CC(=O)Nc1ncnc2c1nc(C)n2[C@@H]1O[C@H](CO)[C@](C)(O)[C@H]1O,False,AdenosineOnly
CC(=O)Nc1ncnc2c1nc(C)n2[C@@H]1O[C@@](C)(CO)[C@@H](O)[C@H]1O,False,AdenosineOnly
CC(=O)Nc1ncnc2c1nc(C)n2[C@@H]1O[C@H](C(C)O)[C@@H](O)[C@H]1O,False,AdenosineOnly
C[C@]1(O)[C@H](O)[C@@H](CO)O[C@]1(C)n1cnc2c(NC=O)ncnc21,False,AdenosineOnly
C[C@@]1(O)[C@@H](O)[C@@](C)(n2cnc3c(NC=O)ncnc32)O[C@@H]1CO,False,AdenosineOnly
C[C@]1(n2cnc3c(NC=O)ncnc32)O[C@@](C)(CO)[C@@H](O)[C@H]1O,False,AdenosineOnly
CC(O)Nc1ncnc2c1ncn2[C@]12CO[C@@H]1[C@H](O)[C@@H](CO)O2,False,AdenosineOnly
CC(O)Nc1ncnc2c1ncn2[C@]12CO[C@@H]([C@H]1O)[C@@H](CO)O2,False,AdenosineOnly
CC(O)Nc1ncnc2c1ncn2[C@@]12COC[C@@H](O1)[C@@H](O)[C@H]2O,False,AdenosineOnly
C[C@]12O[C@H](CO)[C@@H](O)[C@H]1OCC(O)Nc1ncnc3c1ncn32,False,AdenosineOnly
C[C@@]12O[C@H](CO)[C@@H](OCC(O)Nc3ncnc4c3ncn41)[C@H]2O,False,AdenosineOnly
C[C@@]12O[C@H](COCC(O)Nc3ncnc4c3ncn41)[C@@H](O)[C@H]2O,False,AdenosineOnly
C[C@]1(n2cnc3c(NC(=O)CO)ncnc32)O[C@H](CO)[C@@H](O)[C@H]1O,False,AdenosineOnly
COC(=O)Nc1ncnc2c1ncn2[C@@]1(C)O[C@H](CO)[C@@H](O)[C@H]1O,False,AdenosineOnly
C[C@]1(n2cnc3c(NC(O)CO)ncnc32)O[C@H](CO)[C@@H](O)[C@H]1O,False,AdenosineOnly
CC[C@]1(n2cnc3c(NC(C)=O)ncnc32)O[C@H](CO)[C@@H](O)[C@H]1O,False,AdenosineOnly
CC(=O)Nc1ncnc2c1ncn2[C@@]1(C)O[C@H](CO)[C@@H](O)[C@]1(C)O,False,AdenosineOnly
CC(=O)Nc1ncnc2c1ncn2[C@@]1(C)O[C@H](CO)[C@](C)(O)[C@H]1O,False,AdenosineOnly
CC(=O)Nc1ncnc2c1ncn2[C@@]1(C)O[C@@](C)(CO)[C@@H](O)[C@H]1O,False,AdenosineOnly
CC(=O)Nc1ncnc2c1ncn2[C@@]1(C)O[C@H](C(C)O)[C@@H](O)[C@H]1O,False,AdenosineOnly
C[C@]1(O)[C@@H](CO)O[C@@H](n2cnc3c(NC=O)ncnc32)[C@@]1(C)O,False,AdenosineOnly
C[C@@]1(O)[C@H](n2cnc3c(NC=O)ncnc32)O[C@@](C)(CO)[C@H]1O,False,AdenosineOnly
CC(O)Nc1ncnc2c1ncn2[C@@H]1O[C@H](CO)[C@@H](O)[C@@]12CO2,False,AdenosineOnly
CC(O)Nc1ncnc2c1ncn2[C@@H]1O[C@H](CO)[C@H]2OC[C@]21O,False,AdenosineOnly
CC(O)Nc1ncnc2c1ncn2[C@@H]1O[C@@H]2COC[C@]1(O)[C@@H]2O,False,AdenosineOnly
C[C@@]12OCC(O)Nc3ncnc4c3ncn4[C@@H]1O[C@H](CO)[C@H]2O,False,AdenosineOnly
C[C@]1(O)[C@@H]2OCC(O)Nc3ncnc4c3ncn4[C@@H]1O[C@@H]2CO,False,AdenosineOnly
C[C@]1(O)[C@H](O)[C@H]2COCC(O)Nc3ncnc4c3ncn4[C@@H]1O2,False,AdenosineOnly
C[C@]1(O)[C@H](O)[C@@H](CO)O[C@H]1n1cnc2c(NC(=O)CO)ncnc21,False,AdenosineOnly
COC(=O)Nc1ncnc2c1ncn2[C@@H]1O[C@H](CO)[C@@H](O)[C@]1(C)O,False,AdenosineOnly
C[C@]1(O)[C@H](O)[C@@H](CO)O[C@H]1n1cnc2c(NC(O)CO)ncnc21,False,AdenosineOnly
CC[C@]1(O)[C@H](O)[C@@H](CO)O[C@H]1n1cnc2c(NC(C)=O)ncnc21,False,AdenosineOnly
CC(=O)Nc1ncnc2c1ncn2[C@@H]1O[C@H](CO)[C@](C)(O)[C@]1(C)O,False,AdenosineOnly
CC(=O)Nc1ncnc2c1ncn2[C@@H]1O[C@@](C)(CO)[C@@H](O)[C@]1(C)O,False,AdenosineOnly
CC(=O)Nc1ncnc2c1ncn2[C@@H]1O[C@H](C(C)O)[C@@H](O)[C@]1(C)O,False,AdenosineOnly
C[C@@]1(CO)O[C@@H](n2cnc3c(NC=O)ncnc32)[C@H](O)[C@@]1(C)O,False,AdenosineOnly
CC(O)Nc1ncnc2c1ncn2[C@@H]1O[C@H](CO)[C@@]2(CO2)[C@H]1O,False,AdenosineOnly
CC(O)Nc1ncnc2c1ncn2[C@@H]1O[C@H](CO)[C@@]2(O)CO[C@@H]12,False,AdenosineOnly
CC(O)Nc1ncnc2c1ncn2[C@@H]1O[C@@H]2COC[C@@]2(O)[C@H]1O,False,AdenosineOnly
C[C@]12OCC(O)Nc3ncnc4c3ncn4[C@H](O[C@@H]1CO)[C@@H]2O,False,AdenosineOnly
C[C@]1(O)[C@@H](CO)O[C@@H]2[C@@H]1OCC(O)Nc1ncnc3c1ncn32,False,AdenosineOnly
C[C@]1(O)[C@H]2COCC(O)Nc3ncnc4c3ncn4[C@H](O2)[C@@H]1O,False,AdenosineOnly
C[C@]1(O)[C@@H](CO)O[C@@H](n2cnc3c(NC(=O)CO)ncnc32)[C@@H]1O,False,AdenosineOnly
COC(=O)Nc1ncnc2c1ncn2[C@@H]1O[C@H](CO)[C@](C)(O)[C@H]1O,False,AdenosineOnly
C[C@]1(O)[C@@H](CO)O[C@@H](n2cnc3c(NC(O)CO)ncnc32)[C@@H]1O,False,AdenosineOnly
CC[C@]1(O)[C@@H](CO)O[C@@H](n2cnc3c(NC(C)=O)ncnc32)[C@@H]1O,False,AdenosineOnly
CC(=O)Nc1ncnc2c1ncn2[C@@H]1O[C@@](C)(CO)[C@](C)(O)[C@H]1O,False,AdenosineOnly
CC(=O)Nc1ncnc2c1ncn2[C@@H]1O[C@H](C(C)O)[C@](C)(O)[C@H]1O,False,AdenosineOnly
CC(=O)Nc1ncnc2c1ncn2[C@@]1(CO)O[C@H](C)[C@@H](O)[C@H]1O,False,AdenosineOnly
CC(O)Nc1ncnc2c1ncn2[C@@H]1O[C@]2(CO)CO[C@H]2[C@H]1O,False,AdenosineOnly
CC(O)Nc1ncnc2c1ncn2[C@@H]1OC2(COC2)[C@@H](O)[C@H]1O,False,AdenosineOnly
CC(O)Nc1ncnc2c1ncn2[C@@H]1O[C@]2(CO)CO[C@@H]1[C@@H]2O,False,AdenosineOnly
C[C@@]1(CO)O[C@@H]2[C@H](O)[C@@H]1OCC(O)Nc1ncnc3c1ncn32,False,AdenosineOnly
C[C@@]12COCC(O)Nc3ncnc4c3ncn4[C@H](O1)[C@H](O)[C@@H]2O,False,AdenosineOnly
C[C@@]1(CO)O[C@@H]2[C@H](OCC(O)Nc3ncnc4c3ncn42)[C@@H]1O,False,AdenosineOnly
C[C@@]1(CO)O[C@@H](n2cnc3c(NC(=O)CO)ncnc32)[C@H](O)[C@@H]1O,False,AdenosineOnly
COC(=O)Nc1ncnc2c1ncn2[C@@H]1O[C@@](C)(CO)[C@@H](O)[C@H]1O,False,AdenosineOnly
C[C@@]1(CO)O[C@@H](n2cnc3c(NC(O)CO)ncnc32)[C@H](O)[C@@H]1O,False,AdenosineOnly
CC[C@@]1(CO)O[C@@H](n2cnc3c(NC(C)=O)ncnc32)[C@H](O)[C@@H]1O,False,AdenosineOnly
CC(=O)Nc1ncnc2c1ncn2[C@@H]1O[C@@](C)(C(C)O)[C@@H](O)[C@H]1O,False,AdenosineOnly
CC(O)Nc1ncnc2c1ncn2[C@@H]1O[C@H](C2CO2)[C@@H](O)[C@H]1O,False,AdenosineOnly
CC(O)Nc1ncnc2c1ncn2[C@@H]1O[C@@H]2C(O)CO[C@H]2[C@H]1O,False,AdenosineOnly
CC(O)Nc1ncnc2c1ncn2[C@@H]1O[C@@H]2C(O)CO[C@@H]1[C@@H]2O,False,AdenosineOnly
CC1OCC(O)Nc2ncnc3c2ncn3[C@@H]2O[C@H]1[C@@H](O)[C@H]2O,False,AdenosineOnly
CC(O)[C@H]1O[C@@H]2[C@H](O)[C@@H]1OCC(O)Nc1ncnc3c1ncn32,False,AdenosineOnly
CC(O)[C@H]1O[C@@H]2[C@H](OCC(O)Nc3ncnc4c3ncn42)[C@@H]1O,False,AdenosineOnly
CC(=O)Nc1ncnc2c1ncn2[C@@H]1O[C@H](C(C)(C)O)[C@@H](O)[C@H]1O,False,AdenosineOnly
CCC(O)[C@H]1O[C@@H](n2cnc3c(NC(C)=O)ncnc32)[C@H](O)[C@@H]1O,False,AdenosineOnly
CC(=O)Nc1ncnc2c1ncn2[C@@H]1O[C@H](C(C)Cl)[C@@H](O)[C@H]1O,False,AdenosineOnly
CC(=O)Nc1ncnc2c1ncn2[C@@H]1O[C@H](C(C)(O)O)[C@@H](O)[C@H]1O,False,AdenosineOnly
CC(=O)Nc1ncnc2c1ncn2[C@@H]1O[C@H](C(O)CO)[C@@H](O)[C@H]1O,False,AdenosineOnly
CC(O)[C@H]1O[C@@H](n2cnc3c(NC(=O)CO)ncnc32)[C@H](O)[C@@H]1O,False,AdenosineOnly
COC(=O)Nc1ncnc2c1ncn2[C@@H]1O[C@H](C(C)O)[C@@H](O)[C@H]1O,False,AdenosineOnly
CC(O)Nc1ncnc2c1ncn2[C@@H]1O[C@H](C(C)(O)O)[C@@H](O)[C@H]1O,False,AdenosineOnly
CC(O)Nc1ncnc2c1ncn2[C@@H]1O[C@H](C(O)CO)[C@@H](O)[C@H]1O,False,AdenosineOnly
CC(O)[C@H]1O[C@@H](n2cnc3c(NC(O)CO)ncnc32)[C@H](O)[C@@H]1O,False,AdenosineOnly
CC(O)[C@H]1O[C@@H](n2cnc3c(NC(C)(C)O)ncnc32)[C@H](O)[C@@H]1O,False,AdenosineOnly
CC1OC=Nc2ncnc3c2ncn3[C@@H]2O[C@H]1[C@@H](O)[C@H]2O,False,AdenosineOnly
CC1(OCO)O[C@H]2[C@@H](O)[C@H](n3cnc4c(N)ncnc43)O[C@@H]21,False,AdenosineOnly
CC1(OCO)O[C@@H]2[C@H](O)[C@@H]1O[C@H]2n1cnc2c(N)ncnc21,False,AdenosineOnly
Nc1ncnc2c1ncn2[C@@H]1O[C@@H]2C(OCO)CO[C@H]2[C@H]1O,False,AdenosineOnly
Nc1ncnc2c1ncn2[C@@H]1O[C@@H]2C(OCO)CO[C@@H]1[C@@H]2O,False,AdenosineOnly
CC(OCO)[C@]12O[C@@H](n3cnc4c(N)ncnc43)[C@H](O)[C@@H]1O2,False,AdenosineOnly
CC(OCO)[C@]12O[C@@H]([C@H](n3cnc4c(N)ncnc43)O1)[C@@H]2O,False,AdenosineOnly
CC(OCO)[C@H]1O[C@@H](n2cnc3c(N)ncnc32)[C@@H]2O[C@]12O,False,AdenosineOnly
CC(OCO)[C@H]1O[C@@H](n2cnc3c(N)ncnc32)[C@]2(O)O[C@H]12,False,AdenosineOnly
CC(OCO)[C@H]1O[C@@]2(n3cnc4c(N)ncnc43)O[C@H]1[C@H]2O,False,AdenosineOnly
CC(OCO)[C@H]1O[C@@]2(n3cnc4c(N)ncnc43)O[C@@H]2[C@@H]1O,False,AdenosineOnly
CC(OCO)[C@H]1O[C@@H]2[C@H](O)[C@@H]1Oc1nc3c(N)ncnc3n12,False,AdenosineOnly
CC(OCO)[C@H]1O[C@@H]2[C@H](Oc3nc4c(N)ncnc4n32)[C@@H]1O,False,AdenosineOnly
CC(OCO)[C@H]1O[C@@H]2[C@H](O)[C@@H]1Oc1nc(N)c3ncn2c3n1,False,AdenosineOnly
CC(OCO)[C@H]1O[C@@H]2[C@H](Oc3nc(N)c4ncn2c4n3)[C@@H]1O,False,AdenosineOnly
COC(C)[C@H]1O[C@@H](n2cnc3c(N)ncnc32)[C@H](O)[C@@H]1O,False,AdenosineOnly
CC(C)(OC=O)[C@H]1O[C@@H](n2cnc3c(N)ncnc32)[C@H](O)[C@@H]1O,False,AdenosineOnly
CCC(OC=O)[C@H]1O[C@@H](n2cnc3c(N)ncnc32)[C@H](O)[C@@H]1O,False,AdenosineOnly
CC(=O)O[C@H]1[C@@H](O)[C@H](n2cnc3c(N)ncnc32)O[C@@H]1C(C)OC=O,False,AdenosineOnly
CC(=O)O[C@@H]1[C@H](O)[C@@H](C(C)OC=O)O[C@H]1n1cnc2c(N)ncnc21,False,AdenosineOnly
CC(O)(OC=O)[C@H]1O[C@@H](n2cnc3c(N)ncnc32)[C@H](O)[C@@H]1O,False,AdenosineOnly
Nc1ncnc2c1ncn2[C@@H]1O[C@H](C(CO)OC=O)[C@@H](O)[C@H]1O,False,AdenosineOnly
CC(=O)[C@H]1O[C@@H](n2cnc3c(N)ncnc32)[C@H](O)[C@@H]1O,False,AdenosineOnly
CC(O)(OCO)[C@H]1O[C@@H](n2cnc3c(N)ncnc32)[C@H](O)[C@@H]1O,False,AdenosineOnly
Nc1ncnc2c1ncn2[C@@H]1O[C@H](C(CO)OCO)[C@@H](O)[C@H]1O,False,AdenosineOnly
CC(OC=O)[C@H]1O[C@@H](n2cnc3c(N)ncnc32)[C@H](O)[C@@H]1OC=O,False,AdenosineOnly
CC(OC=O)[C@H]1O[C@@H](n2cnc3c(N)ncnc32)[C@H](OC=O)[C@@H]1O,False,AdenosineOnly
CC(OC=O)[C@H]1O[C@@H](n2cnc3c(NC=O)ncnc32)[C@H](O)[C@@H]1O,False,AdenosineOnly
CC(OC=O)[C@]1(C)O[C@@H](n2cnc3c(N)ncnc32)[C@H](O)[C@@H]1O,False,AdenosineOnly
CC(OC=O)[C@H]1O[C@@H](n2cnc3c(N)ncnc32)[C@H](O)[C@@]1(C)O,False,AdenosineOnly
CC(OC=O)[C@H]1O[C@@H](n2cnc3c(N)ncnc32)[C@@](C)(O)[C@@H]1O,False,AdenosineOnly
CC(OC=O)[C@H]1O[C@](C)(n2cnc3c(N)ncnc32)[C@H](O)[C@@H]1O,False,AdenosineOnly
Cc1nc2c(N)ncnc2n1[C@@H]1O[C@H](C(C)OC=O)[C@@H](O)[C@H]1O,False,AdenosineOnly
Cc1nc(N)c2ncn([C@@H]3O[C@H](C(C)OC=O)[C@@H](O)[C@H]3O)c2n1,False,AdenosineOnly
C[C@H]1O[C@](COC=O)(n2cnc3c(N)ncnc32)[C@H](O)[C@@H]1O,False,AdenosineOnly
C[C@@]12COC=Nc3ncnc4c3ncn4[C@H](O1)[C@H](O)[C@@H]2O,False,AdenosineOnly
Nc1ncnc2c1ncn2[C@@H]1O[C@]2(COCO)CO[C@H]2[C@H]1O,False,AdenosineOnly
Nc1ncnc2c1ncn2[C@@H]1O[C@]2(COCO)CO[C@@H]1[C@@H]2O,False,AdenosineOnly
C[C@@]12O[C@@H](n3cnc4c(N)ncnc43)[C@H](O)[C@@H]1OC2OCO,False,AdenosineOnly
C[C@]12O[C@@H](n3cnc4c(N)ncnc43)[C@H](OC1OCO)[C@@H]2O,False,AdenosineOnly
C[C@@]1(COCO)O[C@@H](n2cnc3c(N)ncnc32)[C@@H]2O[C@@]21O,False,AdenosineOnly
C[C@@]1(COCO)O[C@@H](n2cnc3c(N)ncnc32)[C@]2(O)O[C@@H]21,False,AdenosineOnly
C[C@@]1(COCO)O[C@@]2(n3cnc4c(N)ncnc43)O[C@H]1[C@H]2O,False,AdenosineOnly
C[C@@]1(COCO)O[C@@]2(n3cnc4c(N)ncnc43)O[C@@H]2[C@@H]1O,False,AdenosineOnly
C[C@@]1(COCO)O[C@@H]2[C@H](O)[C@@H]1Oc1nc3c(N)ncnc3n12,False,AdenosineOnly
C[C@@]1(COCO)O[C@@H]2[C@H](Oc3nc4c(N)ncnc4n32)[C@@H]1O,False,AdenosineOnly
C[C@@]1(COCO)O[C@@H]2[C@H](O)[C@@H]1Oc1nc(N)c3ncn2c3n1,False,AdenosineOnly
C[C@@]1(COCO)O[C@@H]2[C@H](Oc3nc(N)c4ncn2c4n3)[C@@H]1O,False,AdenosineOnly
COC[C@]1(C)O[C@@H](n2cnc3c(N)ncnc32)[C@H](O)[C@@H]1O,False,AdenosineOnly
CC(=O)O[C@H]1[C@@H](O)[C@H](n2cnc3c(N)ncnc32)O[C@@]1(C)COC=O,False,AdenosineOnly
CC(=O)O[C@H]1[C@H](n2cnc3c(N)ncnc32)O[C@@](C)(COC=O)[C@H]1O,False,AdenosineOnly
C[C@@]1(C=O)O[C@@H](n2cnc3c(N)ncnc32)[C@H](O)[C@@H]1O,False,AdenosineOnly
C[C@@]1(C(=O)OC=O)O[C@@H](n2cnc3c(N)ncnc32)[C@H](O)[C@@H]1O,False,AdenosineOnly
C[C@@]1(COC=O)O[C@@H](n2cnc3c(N)ncnc32)[C@H](O)[C@@H]1OC=O,False,AdenosineOnly
C[C@@]1(COC=O)O[C@@H](n2cnc3c(N)ncnc32)[C@H](OC=O)[C@@H]1O,False,AdenosineOnly
C[C@]1(O)[C@H]2COC=Nc3ncnc4c3ncn4[C@H](O2)[C@@H]1O,False,AdenosineOnly
Nc1ncnc2c1ncn2[C@@H]1O[C@H](COCO)[C@@]2(CO2)[C@H]1O,False,AdenosineOnly
Nc1ncnc2c1ncn2[C@@H]1O[C@H](COCO)[C@@]2(O)CO[C@@H]12,False,AdenosineOnly
C[C@]12O[C@@]1(COCO)O[C@@H](n1cnc3c(N)ncnc31)[C@@H]2O,False,AdenosineOnly
C[C@@]1(O)[C@H]2O[C@@]1(COCO)O[C@H]2n1cnc2c(N)ncnc21,False,AdenosineOnly
C[C@@]12O[C@@]1(O)[C@H](n1cnc3c(N)ncnc31)O[C@@H]2COCO,False,AdenosineOnly
C[C@]12OC(OCO)[C@H]1O[C@@H](n1cnc3c(N)ncnc31)[C@@H]2O,False,AdenosineOnly
C[C@]1(O)[C@@H]2O[C@@H](n3cnc4c(N)ncnc43)[C@@H]1OC2OCO,False,AdenosineOnly
C[C@]12O[C@](n3cnc4c(N)ncnc43)(O[C@@H]1COCO)[C@@H]2O,False,AdenosineOnly
C[C@@]1(O)[C@H]2O[C@]2(n2cnc3c(N)ncnc32)O[C@@H]1COCO,False,AdenosineOnly
C[C@]12Oc3nc4c(N)ncnc4n3[C@H](O[C@@H]1COCO)[C@@H]2O,False,AdenosineOnly
C[C@]1(O)[C@@H](COCO)O[C@@H]2[C@@H]1Oc1nc3c(N)ncnc3n12,False,AdenosineOnly
C[C@]12Oc3nc(N)c4ncn(c4n3)[C@H](O[C@@H]1COCO)[C@@H]2O,False,AdenosineOnly
C[C@]1(O)[C@@H](COCO)O[C@@H]2[C@@H]1Oc1nc(N)c3ncn2c3n1,False,AdenosineOnly
COC[C@H]1O[C@@H](n2cnc3c(N)ncnc32)[C@H](O)[C@@]1(C)O,False,AdenosineOnly
CC(=O)O[C@@]1(C)[C@@H](COC=O)O[C@@H](n2cnc3c(N)ncnc32)[C@@H]1O,False,AdenosineOnly
CC(=O)O[C@H]1[C@H](n2cnc3c(N)ncnc32)O[C@H](COC=O)[C@]1(C)O,False,AdenosineOnly
C[C@]1(O)[C@@H](C=O)O[C@@H](n2cnc3c(N)ncnc32)[C@@H]1O,False,AdenosineOnly
C[C@]1(O)[C@@H](C(=O)OC=O)O[C@@H](n2cnc3c(N)ncnc32)[C@@H]1O,False,AdenosineOnly
C[C@]1(OC=O)[C@@H](COC=O)O[C@@H](n2cnc3c(N)ncnc32)[C@@H]1O,False,AdenosineOnly
C[C@]1(O)[C@@H](COC=O)O[C@@H](n2cnc3c(N)ncnc32)[C@@H]1OC=O,False,AdenosineOnly
C[C@]1(O)[C@H](O)[C@H]2COC=Nc3ncnc4c3ncn4[C@@H]1O2,False,AdenosineOnly
Nc1ncnc2c1ncn2[C@@H]1O[C@H](COCO)[C@@H](O)[C@@]12CO2,False,AdenosineOnly
Nc1ncnc2c1ncn2[C@@H]1O[C@H](COCO)[C@H]2OC[C@]21O,False,AdenosineOnly
C[C@]12O[C@]1(O)[C@@H](COCO)O[C@H]2n1cnc2c(N)ncnc21,False,AdenosineOnly
C[C@@]12O[C@]1(n1cnc3c(N)ncnc31)O[C@H](COCO)[C@H]2O,False,AdenosineOnly
C[C@]1(O)[C@@H]2O[C@]1(n1cnc3c(N)ncnc31)O[C@@H]2COCO,False,AdenosineOnly
C[C@@]12O[C@@](COCO)(O[C@H]1n1cnc3c(N)ncnc31)[C@H]2O,False,AdenosineOnly
C[C@]1(O)[C@@H]2O[C@@]2(COCO)O[C@H]1n1cnc2c(N)ncnc21,False,AdenosineOnly
C[C@@]12OC(OCO)[C@@H](O[C@H]1n1cnc3c(N)ncnc31)[C@H]2O,False,AdenosineOnly
C[C@]1(O)[C@@H]2OC(OCO)[C@H]2O[C@H]1n1cnc2c(N)ncnc21,False,AdenosineOnly
C[C@@]12Oc3nc4c(N)ncnc4n3[C@@H]1O[C@H](COCO)[C@H]2O,False,AdenosineOnly
C[C@]1(O)[C@@H]2Oc3nc4c(N)ncnc4n3[C@@H]1O[C@@H]2COCO,False,AdenosineOnly
C[C@@]12Oc3nc(N)c4ncn(c4n3)[C@@H]1O[C@H](COCO)[C@H]2O,False,AdenosineOnly
C[C@]1(O)[C@@H]2Oc3nc(N)c4ncn(c4n3)[C@@H]1O[C@@H]2COCO,False,AdenosineOnly
COC[C@H]1O[C@@H](n2cnc3c(N)ncnc32)[C@@](C)(O)[C@@H]1O,False,AdenosineOnly
CC(=O)O[C@@]1(C)[C@H](O)[C@@H](COC=O)O[C@H]1n1cnc2c(N)ncnc21,False,AdenosineOnly
CC(=O)O[C@@H]1[C@@H](COC=O)O[C@@H](n2cnc3c(N)ncnc32)[C@@]1(C)O,False,AdenosineOnly
C[C@]1(O)[C@H](O)[C@@H](C=O)O[C@H]1n1cnc2c(N)ncnc21,False,AdenosineOnly
C[C@]1(O)[C@H](O)[C@@H](C(=O)OC=O)O[C@H]1n1cnc2c(N)ncnc21,False,AdenosineOnly
C[C@]1(OC=O)[C@H](O)[C@@H](COC=O)O[C@H]1n1cnc2c(N)ncnc21,False,AdenosineOnly
C[C@]1(O)[C@H](OC=O)[C@@H](COC=O)O[C@H]1n1cnc2c(N)ncnc21,False,AdenosineOnly
C[C@@]12O[C@H](COC=Nc3ncnc4c3ncn41)[C@@H](O)[C@H]2O,False,AdenosineOnly
Nc1ncnc2c1ncn2[C@]12CO[C@@H]1[C@H](O)[C@@H](COCO)O2,False,AdenosineOnly
Nc1ncnc2c1ncn2[C@]12CO[C@@H]([C@H]1O)[C@@H](COCO)O2,False,AdenosineOnly
C[C@]1(n2cnc3c(N)ncnc32)O[C@H](COCO)[C@H]2O[C@]21O,False,AdenosineOnly
C[C@]1(n2cnc3c(N)ncnc32)O[C@]2(COCO)O[C@@H]1[C@@H]2O,False,AdenosineOnly
C[C@]1(n2cnc3c(N)ncnc32)O[C@]2(COCO)O[C@H]2[C@H]1O,False,AdenosineOnly
C[C@]1(n2cnc3c(N)ncnc32)O[C@H](COCO)[C@@]2(O)O[C@H]21,False,AdenosineOnly
C[C@]12O[C@H](COCO)[C@@H](O)[C@H]1Oc1nc3c(N)ncnc3n12,False,AdenosineOnly
C[C@@]12O[C@H](COCO)[C@@H](Oc3nc4c(N)ncnc4n31)[C@H]2O,False,AdenosineOnly
C[C@]1(n2cnc3c(N)ncnc32)O[C@@H]2C(OCO)O[C@@H]1[C@@H]2O,False,AdenosineOnly
C[C@]1(n2cnc3c(N)ncnc32)O[C@@H]2C(OCO)O[C@H]2[C@H]1O,False,AdenosineOnly
C[C@]12O[C@H](COCO)[C@@H](O)[C@H]1Oc1nc(N)c3ncn2c3n1,False,AdenosineOnly
C[C@@]12O[C@H](COCO)[C@@H](Oc3nc(N)c4ncn1c4n3)[C@H]2O,False,AdenosineOnly
COC[C@H]1O[C@](C)(n2cnc3c(N)ncnc32)[C@H](O)[C@@H]1O,False,AdenosineOnly
CC(=O)O[C@@H]1[C@H](O)[C@@H](COC=O)O[C@]1(C)n1cnc2c(N)ncnc21,False,AdenosineOnly
CC(=O)O[C@H]1[C@@H](O)[C@@](C)(n2cnc3c(N)ncnc32)O[C@@H]1COC=O,False,AdenosineOnly
C[C@]1(n2cnc3c(N)ncnc32)O[C@H](C=O)[C@@H](O)[C@H]1O,False,AdenosineOnly
C[C@]1(n2cnc3c(N)ncnc32)O[C@H](C(=O)OC=O)[C@@H](O)[C@H]1O,False,AdenosineOnly
C[C@]1(n2cnc3c(N)ncnc32)O[C@H](COC=O)[C@@H](O)[C@H]1OC=O,False,AdenosineOnly
C[C@]1(n2cnc3c(N)ncnc32)O[C@H](COC=O)[C@@H](OC=O)[C@H]1O,False,AdenosineOnly
Cc1nc2c3ncnc2n1[C@@H]1O[C@H](COC=N3)[C@@H](O)[C@H]1O,False,AdenosineOnly
Nc1ncnc2c1nc1n2[C@@H]2O[C@H](COCO)[C@@H](O)[C@H]2OC1,False,AdenosineOnly
Nc1ncnc2c1nc1n2[C@@H]2O[C@H](COCO)[C@@H](OC1)[C@H]2O,False,AdenosineOnly
Cc1nc2c(N)ncnc2n1[C@]12O[C@@H]1[C@H](O)[C@@H](COCO)O2,False,AdenosineOnly
Cc1nc2c(N)ncnc2n1[C@]12O[C@@H]([C@H]1O)[C@@H](COCO)O2,False,AdenosineOnly
Cc1nc2c(N)ncnc2n1[C@@H]1O[C@H](COCO)[C@H]2O[C@]21O,False,AdenosineOnly
Cc1nc2c(N)ncnc2n1[C@@H]1O[C@]2(COCO)O[C@@H]1[C@@H]2O,False,AdenosineOnly
Cc1nc2c(N)ncnc2n1[C@@H]1O[C@]2(COCO)O[C@H]2[C@H]1O,False,AdenosineOnly
Cc1nc2c(N)ncnc2n1[C@@H]1O[C@H](COCO)[C@@]2(O)O[C@@H]12,False,AdenosineOnly
Cc1nc2c(N)nc3nc2n1[C@@H]1O[C@H](COCO)[C@@H](O)[C@H]1O3,False,AdenosineOnly
Cc1nc2c(N)nc3nc2n1[C@@H]1O[C@H](COCO)[C@@H](O3)[C@H]1O,False,AdenosineOnly
Cc1nc2c(N)ncnc2n1[C@@H]1O[C@@H]2C(OCO)O[C@@H]1[C@@H]2O,False,AdenosineOnly
Cc1nc2c(N)ncnc2n1[C@@H]1O[C@@H]2C(OCO)O[C@H]2[C@H]1O,False,AdenosineOnly
COC[C@H]1O[C@@H](n2c(C)nc3c(N)ncnc32)[C@H](O)[C@@H]1O,False,AdenosineOnly
CC(=O)O[C@@H]1[C@H](O)[C@@H](COC=O)O[C@H]1n1c(C)nc2c(N)ncnc21,False,AdenosineOnly
CC(=O)O[C@H]1[C@@H](O)[C@H](n2c(C)nc3c(N)ncnc32)O[C@@H]1COC=O,False,AdenosineOnly
Cc1nc2c(N)ncnc2n1[C@@H]1O[C@H](C=O)[C@@H](O)[C@H]1O,False,AdenosineOnly
Cc1nc2c(N)ncnc2n1[C@@H]1O[C@H](C(=O)OC=O)[C@@H](O)[C@H]1O,False,AdenosineOnly
Cc1nc2c(N)ncnc2n1[C@@H]1O[C@H](COC=O)[C@@H](O)[C@H]1OC=O,False,AdenosineOnly
Cc1nc2c(N)ncnc2n1[C@@H]1O[C@H](COC=O)[C@@H](OC=O)[C@H]1O,False,AdenosineOnly
Cc1nc2c3ncn(c3n1)[C@@H]1O[C@H](COC=N2)[C@@H](O)[C@H]1O,False,AdenosineOnly
Nc1nc2nc3c1ncn3[C@@H]1O[C@H](COCO)[C@@H](O)[C@H]1OC2,False,AdenosineOnly
Nc1nc2nc3c1ncn3[C@@H]1O[C@H](COCO)[C@@H](OC2)[C@H]1O,False,AdenosineOnly
Cc1nc(N)c2ncn([C@]34O[C@@H]3[C@H](O)[C@@H](COCO)O4)c2n1,False,AdenosineOnly
Cc1nc(N)c2ncn([C@]34O[C@@H]([C@H]3O)[C@@H](COCO)O4)c2n1,False,AdenosineOnly
Cc1nc(N)c2nc3n(c2n1)[C@@H]1O[C@H](COCO)[C@@H](O)[C@H]1O3,False,AdenosineOnly
Cc1nc(N)c2nc3n(c2n1)[C@@H]1O[C@H](COCO)[C@@H](O3)[C@H]1O,False,AdenosineOnly
Cc1nc(N)c2ncn([C@@H]3O[C@H](COCO)[C@H]4O[C@]43O)c2n1,False,AdenosineOnly
Cc1nc(N)c2ncn([C@@H]3O[C@]4(COCO)O[C@@H]3[C@@H]4O)c2n1,False,AdenosineOnly
Cc1nc(N)c2ncn([C@@H]3O[C@]4(COCO)O[C@H]4[C@H]3O)c2n1,False,AdenosineOnly
Cc1nc(N)c2ncn([C@@H]3O[C@H](COCO)[C@@]4(O)O[C@@H]34)c2n1,False,AdenosineOnly
Cc1nc(N)c2ncn([C@@H]3O[C@@H]4C(OCO)O[C@@H]3[C@@H]4O)c2n1,False,AdenosineOnly
Cc1nc(N)c2ncn([C@@H]3O[C@@H]4C(OCO)O[C@H]4[C@H]3O)c2n1,False,AdenosineOnly
COC[C@H]1O[C@@H](n2cnc3c(N)nc(C)nc32)[C@H](O)[C@@H]1O,False,AdenosineOnly
CC(=O)O[C@@H]1[C@H](O)[C@@H](COC=O)O[C@H]1n1cnc2c(N)nc(C)nc21,False,AdenosineOnly
CC(=O)O[C@H]1[C@@H](O)[C@H](n2cnc3c(N)nc(C)nc32)O[C@@H]1COC=O,False,AdenosineOnly
Cc1nc(N)c2ncn([C@@H]3O[C@H](C=O)[C@@H](O)[C@H]3O)c2n1,False,AdenosineOnly
Cc1nc(N)c2ncn([C@@H]3O[C@H](C(=O)OC=O)[C@@H](O)[C@H]3O)c2n1,False,AdenosineOnly
Cc1nc(N)c2ncn([C@@H]3O[C@H](COC=O)[C@@H](O)[C@H]3OC=O)c2n1,False,AdenosineOnly
Cc1nc(N)c2ncn([C@@H]3O[C@H](COC=O)[C@@H](OC=O)[C@H]3O)c2n1,False,AdenosineOnly
CC(=O)O[C@@H]1[C@H](O)[C@H]2COC(C)=Nc3ncnc4c3ncn4[C@@H]1O2,False,AdenosineOnly
CC(=O)O[C@H]1[C@@H](O)[C@H]2O[C@@H]1COC(C)=Nc1ncnc3c1ncn32,False,AdenosineOnly
COC1CO[C@H]2[C@@H](O)[C@H](n3cnc4c(N)ncnc43)O[C@@H]2CO1,False,AdenosineOnly
CC(=O)OC1CO[C@H]2[C@@H](O)[C@H](n3cnc4c(N)ncnc43)O[C@@H]2CO1,False,AdenosineOnly
CC(=O)O[C@@H]1[C@@H]2OCC(O)OC[C@H]2O[C@H]1n1cnc2c(N)ncnc21,False,AdenosineOnly
COC1CO[C@@H]2[C@H](O)[C@@H](CO1)O[C@H]2n1cnc2c(N)ncnc21,False,AdenosineOnly
CC(=O)OC1CO[C@@H]2[C@H](O)[C@@H](CO1)O[C@H]2n1cnc2c(N)ncnc21,False,AdenosineOnly
CC(=O)O[C@H]1[C@H]2OCC(O)OC[C@H]1O[C@H]2n1cnc2c(N)ncnc21,False,AdenosineOnly
Nc1ncnc2c1ncn2[C@@H]1O[C@@H]2C(OC=O)O[C@H]2[C@H]1O,False,AdenosineOnly
CC(=O)OC1O[C@H]2[C@@H](O)[C@H](n3cnc4c(N)ncnc43)O[C@H]12,False,AdenosineOnly
COC(C)OC1O[C@H]2[C@@H](O)[C@H](n3cnc4c(N)ncnc43)O[C@H]12,False,AdenosineOnly
CC(C)(O)OC1O[C@H]2[C@@H](O)[C@H](n3cnc4c(N)ncnc43)O[C@H]12,False,AdenosineOnly
CCC(O)OC1O[C@H]2[C@@H](O)[C@H](n3cnc4c(N)ncnc43)O[C@H]12,False,AdenosineOnly
CC(=O)OC(C)OC1O[C@H]2[C@@H](O)[C@H](n3cnc4c(N)ncnc43)O[C@H]12,False,AdenosineOnly
CC(=O)O[C@@H]1[C@@H]2OC(OC(C)O)[C@H]2O[C@H]1n1cnc2c(N)ncnc21,False,AdenosineOnly
CC(Cl)OC1O[C@H]2[C@@H](O)[C@H](n3cnc4c(N)ncnc43)O[C@H]12,False,AdenosineOnly
CC(O)(O)OC1O[C@H]2[C@@H](O)[C@H](n3cnc4c(N)ncnc43)O[C@H]12,False,AdenosineOnly
Nc1ncnc2c1ncn2[C@@H]1O[C@@H]2C(OC(O)CO)O[C@H]2[C@H]1O,False,AdenosineOnly
Nc1ncnc2c1ncn2[C@@H]1O[C@@H]2C(=O)O[C@H]2[C@H]1O,False,AdenosineOnly
CCOC1O[C@H]2[C@@H](O)[C@H](n3cnc4c(N)ncnc43)O[C@H]12,False,AdenosineOnly
CC(O)OC1O[C@H]2[C@@H](OC(C)O)[C@H](n3cnc4c(N)ncnc43)O[C@H]12,False,AdenosineOnly
CC(O)OC(C)OC1O[C@H]2[C@@H](O)[C@H](n3cnc4c(N)ncnc43)O[C@H]12,False,AdenosineOnly
CC(O)OC1(C)O[C@H]2[C@@H](O)[C@H](n3cnc4c(N)ncnc43)O[C@@H]21,False,AdenosineOnly
CC(O)OC1O[C@H]2[C@@H](O)[C@H](n3cnc4c(N)ncnc43)O[C@@]12C,False,AdenosineOnly
CC(O)OC1O[C@@]2(C)[C@@H]1O[C@@H](n1cnc3c(N)ncnc31)[C@@H]2O,False,AdenosineOnly
CC(O)OC1O[C@@H]2[C@@H]1O[C@@H](n1cnc3c(N)ncnc31)[C@@]2(C)O,False,AdenosineOnly
CC(O)OC1O[C@@H]2[C@@H]1O[C@](C)(n1cnc3c(N)ncnc31)[C@@H]2O,False,AdenosineOnly
Cc1nc2c(N)ncnc2n1[C@@H]1O[C@@H]2C(OC(C)O)O[C@H]2[C@H]1O,False,AdenosineOnly
Cc1nc(N)c2ncn([C@@H]3O[C@@H]4C(OC(C)O)O[C@H]4[C@H]3O)c2n1,False,AdenosineOnly
Nc1ncnc2c1ncn2[C@@H]1O[C@@H]2C(OC=O)O[C@@H]1[C@@H]2O,False,AdenosineOnly
CC(=O)OC1O[C@@H]2[C@H](O)[C@@H]1O[C@H]2n1cnc2c(N)ncnc21,False,AdenosineOnly
COC(C)OC1O[C@@H]2[C@H](O)[C@@H]1O[C@H]2n1cnc2c(N)ncnc21,False,AdenosineOnly
CC(C)(O)OC1O[C@@H]2[C@H](O)[C@@H]1O[C@H]2n1cnc2c(N)ncnc21,False,AdenosineOnly
CCC(O)OC1O[C@@H]2[C@H](O)[C@@H]1O[C@H]2n1cnc2c(N)ncnc21,False,AdenosineOnly
CC(=O)OC(C)OC1O[C@@H]2[C@H](O)[C@@H]1O[C@H]2n1cnc2c(N)ncnc21,False,AdenosineOnly
CC(=O)O[C@H]1[C@H]2OC(OC(C)O)[C@H]1O[C@H]2n1cnc2c(N)ncnc21,False,AdenosineOnly
CC(Cl)OC1O[C@@H]2[C@H](O)[C@@H]1O[C@H]2n1cnc2c(N)ncnc21,False,AdenosineOnly
CC(O)(O)OC1O[C@@H]2[C@H](O)[C@@H]1O[C@H]2n1cnc2c(N)ncnc21,False,AdenosineOnly
Nc1ncnc2c1ncn2[C@@H]1O[C@@H]2C(OC(O)CO)O[C@@H]1[C@@H]2O,False,AdenosineOnly
Nc1ncnc2c1ncn2[C@@H]1O[C@@H]2C(=O)O[C@@H]1[C@@H]2O,False,AdenosineOnly
CCOC1O[C@@H]2[C@H](O)[C@@H]1O[C@H]2n1cnc2c(N)ncnc21,False,AdenosineOnly
CC(O)OC1O[C@@H]2[C@H](OC(C)O)[C@@H]1O[C@H]2n1cnc2c(N)ncnc21,False,AdenosineOnly
CC(O)OC(C)OC1O[C@@H]2[C@H](O)[C@@H]1O[C@H]2n1cnc2c(N)ncnc21,False,AdenosineOnly
CC(O)OC1(C)O[C@@H]2[C@H](O)[C@@H]1O[C@H]2n1cnc2c(N)ncnc21,False,AdenosineOnly
CC(O)OC1O[C@H]2[C@H](n3cnc4c(N)ncnc43)O[C@]1(C)[C@H]2O,False,AdenosineOnly
CC(O)OC1O[C@H]2[C@H](n3cnc4c(N)ncnc43)O[C@H]1[C@]2(C)O,False,AdenosineOnly
CC(O)OC1O[C@@]2(C)[C@H](O)[C@@H]1O[C@H]2n1cnc2c(N)ncnc21,False,AdenosineOnly
CC(O)OC1O[C@@H]2[C@H](O)[C@@H]1O[C@]2(C)n1cnc2c(N)ncnc21,False,AdenosineOnly
Cc1nc2c(N)ncnc2n1[C@@H]1O[C@@H]2C(OC(C)O)O[C@@H]1[C@@H]2O,False,AdenosineOnly
Cc1nc(N)c2ncn([C@@H]3O[C@@H]4C(OC(C)O)O[C@@H]3[C@@H]4O)c2n1,False,AdenosineOnly
CC(O)OC[C@]12O[C@H]1O[C@@H](n1cnc3c(N)ncnc31)[C@@H]2O,False,AdenosineOnly
CC(O)OC[C@]1(O)[C@@H]2O[C@H]2O[C@H]1n1cnc2c(N)ncnc21,False,AdenosineOnly
CC(O)OC[C@]1(n2cnc3c(N)ncnc32)O[C@@H]2O[C@H]2[C@H]1O,False,AdenosineOnly
CC(O)OCc1nc2c(N)ncnc2n1[C@@H]1O[C@@H]2O[C@H]2[C@H]1O,False,AdenosineOnly
CC(O)OCc1nc(N)c2ncn([C@@H]3O[C@@H]4O[C@H]4[C@H]3O)c2n1,False,AdenosineOnly
Nc1ncnc2c1ncn2[C@@H]1O[C@]2(COC=O)O[C@H]2[C@H]1O,False,AdenosineOnly
COC(C)OC[C@]12O[C@@H](n3cnc4c(N)ncnc43)[C@H](O)[C@@H]1O2,False,AdenosineOnly
CC(C)(O)OC[C@]12O[C@@H](n3cnc4c(N)ncnc43)[C@H](O)[C@@H]1O2,False,AdenosineOnly
CCC(O)OC[C@]12O[C@@H](n3cnc4c(N)ncnc43)[C@H](O)[C@@H]1O2,False,AdenosineOnly
CC(=O)OC(C)OC[C@]12O[C@@H](n3cnc4c(N)ncnc43)[C@H](O)[C@@H]1O2,False,AdenosineOnly
CC(=O)O[C@H]1[C@H](n2cnc3c(N)ncnc32)O[C@]2(COC(C)O)O[C@@H]12,False,AdenosineOnly
CC(Cl)OC[C@]12O[C@@H](n3cnc4c(N)ncnc43)[C@H](O)[C@@H]1O2,False,AdenosineOnly
CC(O)(O)OC[C@]12O[C@@H](n3cnc4c(N)ncnc43)[C@H](O)[C@@H]1O2,False,AdenosineOnly
Nc1ncnc2c1ncn2[C@@H]1O[C@]2(COC(O)CO)O[C@H]2[C@H]1O,False,AdenosineOnly
CC(O)OC[C@]1(O)O[C@@H](n2cnc3c(N)ncnc32)[C@H](O)[C@@H]1O,False,AdenosineOnly
CCOC[C@]12O[C@@H](n3cnc4c(N)ncnc43)[C@H](O)[C@@H]1O2,False,AdenosineOnly
CC(O)OCC1=C[C@@H](O)[C@H](n2cnc3c(N)ncnc32)O1,False,AdenosineOnly
CC(O)OC(=O)[C@]12O[C@@H](n3cnc4c(N)ncnc43)[C@H](O)[C@@H]1O2,False,AdenosineOnly
CC(O)OC[C@]12O[C@@H](n3cnc4c(N)ncnc43)[C@H](OC(C)O)[C@@H]1O2,False,AdenosineOnly
CC(O)OC(C)OC[C@]12O[C@@H](n3cnc4c(N)ncnc43)[C@H](O)[C@@H]1O2,False,AdenosineOnly
CC(O)OC(C)[C@]12O[C@@H](n3cnc4c(N)ncnc43)[C@H](O)[C@@H]1O2,False,AdenosineOnly
CC(O)OC[C@]12O[C@@H](n3cnc4c(N)ncnc43)[C@H](O)[C@@]1(C)O2,False,AdenosineOnly
CC(O)OC[C@@]12O[C@H]1[C@](C)(O)[C@H](n1cnc3c(N)ncnc31)O2,False,AdenosineOnly
CC(O)OC[C@@]12O[C@H]1[C@@H](O)[C@@](C)(n1cnc3c(N)ncnc31)O2,False,AdenosineOnly
Cc1nc2c(N)ncnc2n1[C@@H]1O[C@]2(COC(C)O)O[C@H]2[C@H]1O,False,AdenosineOnly
Cc1nc(N)c2ncn([C@@H]3O[C@]4(COC(C)O)O[C@H]4[C@H]3O)c2n1,False,AdenosineOnly
CC(O)OC[C@]1(O)[C@@H]2O[C@@H](n3cnc4c(N)ncnc43)[C@@H]1O2,False,AdenosineOnly
CC(O)OC[C@@]12O[C@@H](O[C@H]1n1cnc3c(N)ncnc31)[C@H]2O,False,AdenosineOnly
CC(O)OC[C@]1(n2cnc3c(N)ncnc32)O[C@@H]2O[C@@H]1[C@@H]2O,False,AdenosineOnly
CC(O)OCc1nc2c(N)ncnc2n1[C@@H]1O[C@@H]2O[C@@H]1[C@@H]2O,False,AdenosineOnly
CC(O)OCc1nc(N)c2ncn([C@@H]3O[C@@H]4O[C@@H]3[C@@H]4O)c2n1,False,AdenosineOnly
Nc1ncnc2c1ncn2[C@@H]1O[C@]2(COC=O)O[C@@H]1[C@@H]2O,False,AdenosineOnly
COC(C)OC[C@]12O[C@@H]([C@H](n3cnc4c(N)ncnc43)O1)[C@@H]2O,False,AdenosineOnly
CC(C)(O)OC[C@]12O[C@@H]([C@H](n3cnc4c(N)ncnc43)O1)[C@@H]2O,False,AdenosineOnly
CCC(O)OC[C@]12O[C@@H]([C@H](n3cnc4c(N)ncnc43)O1)[C@@H]2O,False,AdenosineOnly
CC(=O)OC(C)OC[C@]12O[C@@H]([C@H](n3cnc4c(N)ncnc43)O1)[C@@H]2O,False,AdenosineOnly
CC(=O)O[C@H]1[C@H]2O[C@@]1(COC(C)O)O[C@H]2n1cnc2c(N)ncnc21,False,AdenosineOnly
CC(Cl)OC[C@]12O[C@@H]([C@H](n3cnc4c(N)ncnc43)O1)[C@@H]2O,False,AdenosineOnly
CC(O)(O)OC[C@]12O[C@@H]([C@H](n3cnc4c(N)ncnc43)O1)[C@@H]2O,False,AdenosineOnly
Nc1ncnc2c1ncn2[C@@H]1O[C@]2(COC(O)CO)O[C@@H]1[C@@H]2O,False,AdenosineOnly
CCOC[C@]12O[C@@H]([C@H](n3cnc4c(N)ncnc43)O1)[C@@H]2O,False,AdenosineOnly
CC(O)OC(=O)[C@]12O[C@@H]([C@H](n3cnc4c(N)ncnc43)O1)[C@@H]2O,False,AdenosineOnly
CC(O)OC[C@]12O[C@@H]([C@H](n3cnc4c(N)ncnc43)O1)[C@@H]2OC(C)O,False,AdenosineOnly
CC(O)OC(C)OC[C@]12O[C@@H]([C@H](n3cnc4c(N)ncnc43)O1)[C@@H]2O,False,AdenosineOnly
CC(O)OC(C)[C@]12O[C@@H]([C@H](n3cnc4c(N)ncnc43)O1)[C@@H]2O,False,AdenosineOnly
CC(O)OC[C@@]12O[C@@H](n3cnc4c(N)ncnc43)[C@H](O1)[C@@]2(C)O,False,AdenosineOnly
CC(O)OC[C@@]12O[C@@H](n3cnc4c(N)ncnc43)[C@@](C)(O1)[C@@H]2O,False,AdenosineOnly
CC(O)OC[C@@]12O[C@H]([C@@H]1O)[C@@](C)(n1cnc3c(N)ncnc31)O2,False,AdenosineOnly
Cc1nc2c(N)ncnc2n1[C@@H]1O[C@]2(COC(C)O)O[C@@H]1[C@@H]2O,False,AdenosineOnly
Cc1nc(N)c2ncn([C@@H]3O[C@]4(COC(C)O)O[C@@H]3[C@@H]4O)c2n1,False,AdenosineOnly
CC(O)OC[C@]12O[C@]1(O)CO[C@H]2n1cnc2c(N)ncnc21,False,AdenosineOnly
CC(O)OCc1nc2c(N)ncnc2n1[C@@H]1OC[C@@]2(O)O[C@@H]12,False,AdenosineOnly
CC(O)OCc1nc(N)c2ncn([C@@H]3OC[C@@]4(O)O[C@@H]34)c2n1,False,AdenosineOnly
Nc1ncnc2c1ncn2[C@@H]1O[C@H](COC=O)[C@@]2(O)O[C@@H]12,False,AdenosineOnly
COC(C)OC[C@H]1O[C@@H](n2cnc3c(N)ncnc32)[C@@H]2O[C@]12O,False,AdenosineOnly
CC(C)(O)OC[C@H]1O[C@@H](n2cnc3c(N)ncnc32)[C@@H]2O[C@]12O,False,AdenosineOnly
CCC(O)OC[C@H]1O[C@@H](n2cnc3c(N)ncnc32)[C@@H]2O[C@]12O,False,AdenosineOnly
CC(=O)OC(C)OC[C@H]1O[C@@H](n2cnc3c(N)ncnc32)[C@@H]2O[C@]12O,False,AdenosineOnly
CC(=O)O[C@]12O[C@H]1[C@H](n1cnc3c(N)ncnc31)O[C@@H]2COC(C)O,False,AdenosineOnly
CC(Cl)OC[C@H]1O[C@@H](n2cnc3c(N)ncnc32)[C@@H]2O[C@]12O,False,AdenosineOnly
CC(O)(O)OC[C@H]1O[C@@H](n2cnc3c(N)ncnc32)[C@@H]2O[C@]12O,False,AdenosineOnly
Nc1ncnc2c1ncn2[C@@H]1O[C@H](COC(O)CO)[C@@]2(O)O[C@@H]12,False,AdenosineOnly
CC(O)OC[C@H]1O[C@@H](n2cnc3c(N)ncnc32)[C@H](O)C1(O)O,False,AdenosineOnly
CCOC[C@H]1O[C@@H](n2cnc3c(N)ncnc32)[C@@H]2O[C@]12O,False,AdenosineOnly
CC(O)OC(=O)[C@H]1O[C@@H](n2cnc3c(N)ncnc32)[C@@H]2O[C@]12O,False,AdenosineOnly
CC(O)OC[C@H]1O[C@@H](n2cnc3c(N)ncnc32)[C@@H]2O[C@]12OC(C)O,False,AdenosineOnly
CC(O)OC(C)OC[C@H]1O[C@@H](n2cnc3c(N)ncnc32)[C@@H]2O[C@]12O,False,AdenosineOnly
CC(O)OC[C@]1(C)O[C@@H](n2cnc3c(N)ncnc32)[C@@H]2O[C@@]21O,False,AdenosineOnly
CC(O)OC[C@H]1O[C@@H](n2cnc3c(N)ncnc32)[C@@]2(C)O[C@]12O,False,AdenosineOnly
CC(O)OC(C)[C@H]1O[C@@H](n2cnc3c(N)ncnc32)[C@@H]2O[C@]12O,False,AdenosineOnly
CC(O)OC[C@H]1O[C@](C)(n2cnc3c(N)ncnc32)[C@@H]2O[C@@]21O,False,AdenosineOnly
Cc1nc2c(N)ncnc2n1[C@@H]1O[C@H](COC(C)O)[C@@]2(O)O[C@@H]12,False,AdenosineOnly
Cc1nc(N)c2ncn([C@@H]3O[C@H](COC(C)O)[C@@]4(O)O[C@@H]34)c2n1,False,AdenosineOnly
CC(O)OC[C@]12CO[C@@H](n3cnc4c(N)ncnc43)[C@]1(O)O2,False,AdenosineOnly
CC(O)OCc1nc2c(N)ncnc2n1[C@@H]1OC[C@H]2O[C@]21O,False,AdenosineOnly
CC(O)OCc1nc(N)c2ncn([C@@H]3OC[C@H]4O[C@]43O)c2n1,False,AdenosineOnly
Nc1ncnc2c1ncn2[C@@H]1O[C@H](COC=O)[C@H]2O[C@]21O,False,AdenosineOnly
COC(C)OC[C@H]1O[C@@H](n2cnc3c(N)ncnc32)[C@]2(O)O[C@H]12,False,AdenosineOnly
CC(C)(O)OC[C@H]1O[C@@H](n2cnc3c(N)ncnc32)[C@]2(O)O[C@H]12,False,AdenosineOnly
CCC(O)OC[C@H]1O[C@@H](n2cnc3c(N)ncnc32)[C@]2(O)O[C@H]12,False,AdenosineOnly
CC(=O)OC(C)OC[C@H]1O[C@@H](n2cnc3c(N)ncnc32)[C@]2(O)O[C@H]12,False,AdenosineOnly
CC(=O)O[C@@]12O[C@@H]1[C@@H](COC(C)O)O[C@H]2n1cnc2c(N)ncnc21,False,AdenosineOnly
CC(Cl)OC[C@H]1O[C@@H](n2cnc3c(N)ncnc32)[C@]2(O)O[C@H]12,False,AdenosineOnly
CC(O)(O)OC[C@H]1O[C@@H](n2cnc3c(N)ncnc32)[C@]2(O)O[C@H]12,False,AdenosineOnly
Nc1ncnc2c1ncn2[C@@H]1O[C@H](COC(O)CO)[C@H]2O[C@]21O,False,AdenosineOnly
CC(O)OC[C@H]1O[C@@H](n2cnc3c(N)ncnc32)C(O)(O)[C@@H]1O,False,AdenosineOnly
CCOC[C@H]1O[C@@H](n2cnc3c(N)ncnc32)[C@]2(O)O[C@H]12,False,AdenosineOnly
CC(O)OC(=O)[C@H]1O[C@@H](n2cnc3c(N)ncnc32)[C@]2(O)O[C@H]12,False,AdenosineOnly
CC(O)OC[C@H]1O[C@@H](n2cnc3c(N)ncnc32)[C@]2(OC(C)O)O[C@H]12,False,AdenosineOnly
CC(O)OC(C)OC[C@H]1O[C@@H](n2cnc3c(N)ncnc32)[C@]2(O)O[C@H]12,False,AdenosineOnly
CC(O)OC[C@H]1O[C@@H](n2cnc3c(N)ncnc32)[C@]2(O)O[C@@]12C,False,AdenosineOnly
CC(O)OC[C@H]1O[C@](C)(n2cnc3c(N)ncnc32)[C@]2(O)O[C@H]12,False,AdenosineOnly
CC(O)OC[C@]1(C)O[C@@H](n2cnc3c(N)ncnc32)[C@]2(O)O[C@@H]21,False,AdenosineOnly
CC(O)OC(C)[C@H]1O[C@@H](n2cnc3c(N)ncnc32)[C@]2(O)O[C@H]12,False,AdenosineOnly
Cc1nc2c(N)ncnc2n1[C@@H]1O[C@H](COC(C)O)[C@H]2O[C@]21O,False,AdenosineOnly
Cc1nc(N)c2ncn([C@@H]3O[C@H](COC(C)O)[C@H]4O[C@]43O)c2n1,False,AdenosineOnly
CC(O)OC[C@]1(O)[C@H]2CO[C@@]1(n1cnc3c(N)ncnc31)O2,False,AdenosineOnly
CC(O)OC[C@@]12CO[C@@](n3cnc4c(N)ncnc43)(O1)[C@@H]2O,False,AdenosineOnly
CC(O)OCc1nc2c(N)ncnc2n1[C@]12OC[C@@H](O1)[C@H]2O,False,AdenosineOnly
CC(O)OCc1nc(N)c2ncn([C@]34OC[C@@H](O3)[C@H]4O)c2n1,False,AdenosineOnly
Nc1ncnc2c1ncn2[C@]12O[C@@H]([C@H]1O)[C@@H](COC=O)O2,False,AdenosineOnly
COC(C)OC[C@H]1O[C@@]2(n3cnc4c(N)ncnc43)O[C@H]1[C@H]2O,False,AdenosineOnly
CC(C)(O)OC[C@H]1O[C@@]2(n3cnc4c(N)ncnc43)O[C@H]1[C@H]2O,False,AdenosineOnly
CCC(O)OC[C@H]1O[C@@]2(n3cnc4c(N)ncnc43)O[C@H]1[C@H]2O,False,AdenosineOnly
CC(=O)OC(C)OC[C@H]1O[C@@]2(n3cnc4c(N)ncnc43)O[C@H]1[C@H]2O,False,AdenosineOnly
CC(=O)O[C@@H]1[C@@H]2O[C@]1(n1cnc3c(N)ncnc31)O[C@@H]2COC(C)O,False,AdenosineOnly
CC(Cl)OC[C@H]1O[C@@]2(n3cnc4c(N)ncnc43)O[C@H]1[C@H]2O,False,AdenosineOnly
CC(O)(O)OC[C@H]1O[C@@]2(n3cnc4c(N)ncnc43)O[C@H]1[C@H]2O,False,AdenosineOnly
Nc1ncnc2c1ncn2[C@]12O[C@@H]([C@H]1O)[C@@H](COC(O)CO)O2,False,AdenosineOnly
CCOC[C@H]1O[C@@]2(n3cnc4c(N)ncnc43)O[C@H]1[C@H]2O,False,AdenosineOnly
CC(O)OC(=O)[C@H]1O[C@@]2(n3cnc4c(N)ncnc43)O[C@H]1[C@H]2O,False,AdenosineOnly
CC(O)OC[C@H]1O[C@@]2(n3cnc4c(N)ncnc43)O[C@H]1[C@H]2OC(C)O,False,AdenosineOnly
CC(O)OC(C)OC[C@H]1O[C@@]2(n3cnc4c(N)ncnc43)O[C@H]1[C@H]2O,False,AdenosineOnly
CC(O)OC[C@H]1O[C@@]2(n3cnc4c(N)ncnc43)O[C@H]1[C@]2(C)O,False,AdenosineOnly
CC(O)OC[C@]1(C)O[C@@]2(n3cnc4c(N)ncnc43)O[C@H]1[C@H]2O,False,AdenosineOnly
CC(O)OC[C@H]1O[C@@]2(n3cnc4c(N)ncnc43)O[C@]1(C)[C@H]2O,False,AdenosineOnly
Cc1nc2c(N)ncnc2n1[C@]12O[C@@H]([C@H]1O)[C@@H](COC(C)O)O2,False,AdenosineOnly
CC(O)OC(C)[C@H]1O[C@@]2(n3cnc4c(N)ncnc43)O[C@H]1[C@H]2O,False,AdenosineOnly
Cc1nc(N)c2ncn([C@]34O[C@@H]([C@H]3O)[C@@H](COC(C)O)O4)c2n1,False,AdenosineOnly
CC(O)OC[C@@]12O[C@]1(n1cnc3c(N)ncnc31)OC[C@H]2O,False,AdenosineOnly
CC(O)OC[C@]1(O)CO[C@@]2(n3cnc4c(N)ncnc43)O[C@H]12,False,AdenosineOnly
CC(O)OCc1nc2c(N)ncnc2n1[C@@]12OC[C@@H](O)[C@H]1O2,False,AdenosineOnly
CC(O)OCc1nc(N)c2ncn([C@@]34OC[C@@H](O)[C@H]3O4)c2n1,False,AdenosineOnly
Nc1ncnc2c1ncn2[C@]12O[C@@H]1[C@H](O)[C@@H](COC=O)O2,False,AdenosineOnly
COC(C)OC[C@H]1O[C@@]2(n3cnc4c(N)ncnc43)O[C@@H]2[C@@H]1O,False,AdenosineOnly
CC(C)(O)OC[C@H]1O[C@@]2(n3cnc4c(N)ncnc43)O[C@@H]2[C@@H]1O,False,AdenosineOnly
CCC(O)OC[C@H]1O[C@@]2(n3cnc4c(N)ncnc43)O[C@@H]2[C@@H]1O,False,AdenosineOnly
CC(=O)OC(C)OC[C@H]1O[C@@]2(n3cnc4c(N)ncnc43)O[C@@H]2[C@@H]1O,False,AdenosineOnly
CC(=O)O[C@H]1[C@H]2O[C@]2(n2cnc3c(N)ncnc32)O[C@@H]1COC(C)O,False,AdenosineOnly
CC(Cl)OC[C@H]1O[C@@]2(n3cnc4c(N)ncnc43)O[C@@H]2[C@@H]1O,False,AdenosineOnly
CC(O)(O)OC[C@H]1O[C@@]2(n3cnc4c(N)ncnc43)O[C@@H]2[C@@H]1O,False,AdenosineOnly
Nc1ncnc2c1ncn2[C@]12O[C@@H]1[C@H](O)[C@@H](COC(O)CO)O2,False,AdenosineOnly
CC(O)OC[C@H]1O[C@](O)(n2cnc3c(N)ncnc32)[C@H](O)[C@@H]1O,False,AdenosineOnly
CCOC[C@H]1O[C@@]2(n3cnc4c(N)ncnc43)O[C@@H]2[C@@H]1O,False,AdenosineOnly
CC(O)OC(=O)[C@H]1O[C@@]2(n3cnc4c(N)ncnc43)O[C@@H]2[C@@H]1O,False,AdenosineOnly
CC(O)OC[C@H]1O[C@@]2(n3cnc4c(N)ncnc43)O[C@@H]2[C@@H]1OC(C)O,False,AdenosineOnly
CC(O)OC(C)OC[C@H]1O[C@@]2(n3cnc4c(N)ncnc43)O[C@@H]2[C@@H]1O,False,AdenosineOnly
CC(O)OC[C@H]1O[C@@]2(n3cnc4c(N)ncnc43)O[C@@]2(C)[C@@H]1O,False,AdenosineOnly
CC(O)OC[C@]1(C)O[C@@]2(n3cnc4c(N)ncnc43)O[C@@H]2[C@@H]1O,False,AdenosineOnly
CC(O)OC[C@H]1O[C@@]2(n3cnc4c(N)ncnc43)O[C@@H]2[C@@]1(C)O,False,AdenosineOnly
Cc1nc2c(N)ncnc2n1[C@]12O[C@@H]1[C@H](O)[C@@H](COC(C)O)O2,False,AdenosineOnly
CC(O)OC(C)[C@H]1O[C@@]2(n3cnc4c(N)ncnc43)O[C@@H]2[C@@H]1O,False,AdenosineOnly
Cc1nc(N)c2ncn([C@]34O[C@@H]3[C@H](O)[C@@H](COC(C)O)O4)c2n1,False,AdenosineOnly
CC(O)OC[C@]1(O)[C@H]2CO[C@H]1n1c(nc3c(N)ncnc31)O2,False,AdenosineOnly
CC(O)OC[C@]12CO[C@H]([C@@H]1O)n1c(nc3c(N)ncnc31)O2,False,AdenosineOnly
CC(O)OCc1nc(N)c2nc3n(c2n1)[C@@H]1OC[C@@H](O3)[C@H]1O,False,AdenosineOnly
Nc1ncnc2c1nc1n2[C@@H]2O[C@H](COC=O)[C@@H](O1)[C@H]2O,False,AdenosineOnly
COC(C)OC[C@H]1O[C@@H]2[C@H](O)[C@@H]1Oc1nc3c(N)ncnc3n12,False,AdenosineOnly
CC(C)(O)OC[C@H]1O[C@@H]2[C@H](O)[C@@H]1Oc1nc3c(N)ncnc3n12,False,AdenosineOnly
CCC(O)OC[C@H]1O[C@@H]2[C@H](O)[C@@H]1Oc1nc3c(N)ncnc3n12,False,AdenosineOnly
CC(=O)OC(C)OC[C@H]1O[C@@H]2[C@H](O)[C@@H]1Oc1nc3c(N)ncnc3n12,False,AdenosineOnly
CC(=O)O[C@@H]1[C@@H]2Oc3nc4c(N)ncnc4n3[C@@H]1O[C@@H]2COC(C)O,False,AdenosineOnly
CC(Cl)OC[C@H]1O[C@@H]2[C@H](O)[C@@H]1Oc1nc3c(N)ncnc3n12,False,AdenosineOnly
CC(O)(O)OC[C@H]1O[C@@H]2[C@H](O)[C@@H]1Oc1nc3c(N)ncnc3n12,False,AdenosineOnly
Nc1ncnc2c1nc1n2[C@@H]2O[C@H](COC(O)CO)[C@@H](O1)[C@H]2O,False,AdenosineOnly
CCOC[C@H]1O[C@@H]2[C@H](O)[C@@H]1Oc1nc3c(N)ncnc3n12,False,AdenosineOnly
CC(O)OC(=O)[C@H]1O[C@@H]2[C@H](O)[C@@H]1Oc1nc3c(N)ncnc3n12,False,AdenosineOnly
CC(O)OC[C@H]1O[C@@H]2[C@H](OC(C)O)[C@@H]1Oc1nc3c(N)ncnc3n12,False,AdenosineOnly
CC(O)OC(C)OC[C@H]1O[C@@H]2[C@H](O)[C@@H]1Oc1nc3c(N)ncnc3n12,False,AdenosineOnly
CC(O)OC[C@H]1O[C@@]2(C)[C@H](O)[C@@H]1Oc1nc3c(N)ncnc3n12,False,AdenosineOnly
CC(O)OC[C@H]1O[C@H]2n3c(nc4c(N)ncnc43)O[C@H]1[C@]2(C)O,False,AdenosineOnly
CC(O)OC[C@]1(C)O[C@@H]2[C@H](O)[C@@H]1Oc1nc3c(N)ncnc3n12,False,AdenosineOnly
CC(O)OC[C@H]1O[C@@H]2[C@H](O)[C@@]1(C)Oc1nc3c(N)ncnc3n12,False,AdenosineOnly
Cc1nc(N)c2nc3n(c2n1)[C@@H]1O[C@H](COC(C)O)[C@@H](O3)[C@H]1O,False,AdenosineOnly
CC(O)OC(C)[C@H]1O[C@@H]2[C@H](O)[C@@H]1Oc1nc3c(N)ncnc3n12,False,AdenosineOnly
CC(O)OC[C@@]12Oc3nc4c(N)ncnc4n3[C@@H]1OC[C@H]2O,False,AdenosineOnly
CC(O)OC[C@]1(O)CO[C@@H]2[C@@H]1Oc1nc3c(N)ncnc3n12,False,AdenosineOnly
CC(O)OCc1nc(N)c2nc3n(c2n1)[C@@H]1OC[C@@H](O)[C@H]1O3,False,AdenosineOnly
Nc1ncnc2c1nc1n2[C@@H]2O[C@H](COC=O)[C@@H](O)[C@H]2O1,False,AdenosineOnly
COC(C)OC[C@H]1O[C@@H]2[C@H](Oc3nc4c(N)ncnc4n32)[C@@H]1O,False,AdenosineOnly
CC(C)(O)OC[C@H]1O[C@@H]2[C@H](Oc3nc4c(N)ncnc4n32)[C@@H]1O,False,AdenosineOnly
CCC(O)OC[C@H]1O[C@@H]2[C@H](Oc3nc4c(N)ncnc4n32)[C@@H]1O,False,AdenosineOnly
CC(=O)OC(C)OC[C@H]1O[C@@H]2[C@H](Oc3nc4c(N)ncnc4n32)[C@@H]1O,False,AdenosineOnly
CC(=O)O[C@H]1[C@H]2Oc3nc4c(N)ncnc4n3[C@@H]2O[C@@H]1COC(C)O,False,AdenosineOnly
CC(Cl)OC[C@H]1O[C@@H]2[C@H](Oc3nc4c(N)ncnc4n32)[C@@H]1O,False,AdenosineOnly
CC(O)(O)OC[C@H]1O[C@@H]2[C@H](Oc3nc4c(N)ncnc4n32)[C@@H]1O,False,AdenosineOnly
Nc1ncnc2c1nc1n2[C@@H]2O[C@H](COC(O)CO)[C@@H](O)[C@H]2O1,False,AdenosineOnly
CCOC[C@H]1O[C@@H]2[C@H](Oc3nc4c(N)ncnc4n32)[C@@H]1O,False,AdenosineOnly
CC(O)OC(=O)[C@H]1O[C@@H]2[C@H](Oc3nc4c(N)ncnc4n32)[C@@H]1O,False,AdenosineOnly
CC(O)OC[C@H]1O[C@@H]2[C@H](Oc3nc4c(N)ncnc4n32)[C@@H]1OC(C)O,False,AdenosineOnly
CC(O)OC(C)OC[C@H]1O[C@@H]2[C@H](Oc3nc4c(N)ncnc4n32)[C@@H]1O,False,AdenosineOnly
CC(O)OC[C@H]1O[C@@]2(C)[C@H](Oc3nc4c(N)ncnc4n32)[C@@H]1O,False,AdenosineOnly
CC(O)OC[C@H]1O[C@H]2n3c(nc4c(N)ncnc43)O[C@@]2(C)[C@@H]1O,False,AdenosineOnly
CC(O)OC[C@]1(C)O[C@@H]2[C@H](Oc3nc4c(N)ncnc4n32)[C@@H]1O,False,AdenosineOnly
CC(O)OC[C@H]1O[C@@H]2[C@H](Oc3nc4c(N)ncnc4n32)[C@@]1(C)O,False,AdenosineOnly
Cc1nc(N)c2nc3n(c2n1)[C@@H]1O[C@H](COC(C)O)[C@@H](O)[C@H]1O3,False,AdenosineOnly
CC(O)OC(C)[C@H]1O[C@@H]2[C@H](Oc3nc4c(N)ncnc4n32)[C@@H]1O,False,AdenosineOnly
CC(O)OCc1nc2c(N)nc3nc2n1[C@@H]1OC[C@@H](O3)[C@H]1O,False,AdenosineOnly
CC(O)OC[C@]1(O)[C@H]2CO[C@H]1n1cnc3c(N)nc(nc31)O2,False,AdenosineOnly
CC(O)OC[C@]12CO[C@H]([C@@H]1O)n1cnc3c(N)nc(nc31)O2,False,AdenosineOnly
Nc1nc2nc3c1ncn3[C@@H]1O[C@H](COC=O)[C@@H](O2)[C@H]1O,False,AdenosineOnly
COC(C)OC[C@H]1O[C@@H]2[C@H](O)[C@@H]1Oc1nc(N)c3ncn2c3n1,False,AdenosineOnly
CC(C)(O)OC[C@H]1O[C@@H]2[C@H](O)[C@@H]1Oc1nc(N)c3ncn2c3n1,False,AdenosineOnly
CCC(O)OC[C@H]1O[C@@H]2[C@H](O)[C@@H]1Oc1nc(N)c3ncn2c3n1,False,AdenosineOnly
CC(=O)OC(C)OC[C@H]1O[C@@H]2[C@H](O)[C@@H]1Oc1nc(N)c3ncn2c3n1,False,AdenosineOnly
CC(=O)O[C@@H]1[C@@H]2Oc3nc(N)c4ncn(c4n3)[C@@H]1O[C@@H]2COC(C)O,False,AdenosineOnly
CC(Cl)OC[C@H]1O[C@@H]2[C@H](O)[C@@H]1Oc1nc(N)c3ncn2c3n1,False,AdenosineOnly
CC(O)(O)OC[C@H]1O[C@@H]2[C@H](O)[C@@H]1Oc1nc(N)c3ncn2c3n1,False,AdenosineOnly
Nc1nc2nc3c1ncn3[C@@H]1O[C@H](COC(O)CO)[C@@H](O2)[C@H]1O,False,AdenosineOnly
CCOC[C@H]1O[C@@H]2[C@H](O)[C@@H]1Oc1nc(N)c3ncn2c3n1,False,AdenosineOnly
CC(O)OC(=O)[C@H]1O[C@@H]2[C@H](O)[C@@H]1Oc1nc(N)c3ncn2c3n1,False,AdenosineOnly
CC(O)OC[C@H]1O[C@@H]2[C@H](OC(C)O)[C@@H]1Oc1nc(N)c3ncn2c3n1,False,AdenosineOnly
CC(O)OC(C)OC[C@H]1O[C@@H]2[C@H](O)[C@@H]1Oc1nc(N)c3ncn2c3n1,False,AdenosineOnly
CC(O)OC[C@H]1O[C@@]2(C)[C@H](O)[C@@H]1Oc1nc(N)c3ncn2c3n1,False,AdenosineOnly
Cc1nc2c(N)nc3nc2n1[C@@H]1O[C@H](COC(C)O)[C@@H](O3)[C@H]1O,False,AdenosineOnly
CC(O)OC[C@H]1O[C@H]2n3cnc4c(N)nc(nc43)O[C@H]1[C@]2(C)O,False,AdenosineOnly
CC(O)OC[C@]1(C)O[C@@H]2[C@H](O)[C@@H]1Oc1nc(N)c3ncn2c3n1,False,AdenosineOnly
CC(O)OC[C@H]1O[C@@H]2[C@H](O)[C@@]1(C)Oc1nc(N)c3ncn2c3n1,False,AdenosineOnly
CC(O)OC(C)[C@H]1O[C@@H]2[C@H](O)[C@@H]1Oc1nc(N)c3ncn2c3n1,False,AdenosineOnly
CC(O)OCc1nc2c(N)nc3nc2n1[C@@H]1OC[C@@H](O)[C@H]1O3,False,AdenosineOnly
CC(O)OC[C@@]12Oc3nc(N)c4ncn(c4n3)[C@@H]1OC[C@H]2O,False,AdenosineOnly
CC(O)OC[C@]1(O)CO[C@@H]2[C@@H]1Oc1nc(N)c3ncn2c3n1,False,AdenosineOnly
Nc1nc2nc3c1ncn3[C@@H]1O[C@H](COC=O)[C@@H](O)[C@H]1O2,False,AdenosineOnly
COC(C)OC[C@H]1O[C@@H]2[C@H](Oc3nc(N)c4ncn2c4n3)[C@@H]1O,False,AdenosineOnly
CC(C)(O)OC[C@H]1O[C@@H]2[C@H](Oc3nc(N)c4ncn2c4n3)[C@@H]1O,False,AdenosineOnly
CCC(O)OC[C@H]1O[C@@H]2[C@H](Oc3nc(N)c4ncn2c4n3)[C@@H]1O,False,AdenosineOnly
CC(=O)OC(C)OC[C@H]1O[C@@H]2[C@H](Oc3nc(N)c4ncn2c4n3)[C@@H]1O,False,AdenosineOnly
CC(=O)O[C@H]1[C@H]2Oc3nc(N)c4ncn(c4n3)[C@@H]2O[C@@H]1COC(C)O,False,AdenosineOnly
CC(Cl)OC[C@H]1O[C@@H]2[C@H](Oc3nc(N)c4ncn2c4n3)[C@@H]1O,False,AdenosineOnly
CC(O)(O)OC[C@H]1O[C@@H]2[C@H](Oc3nc(N)c4ncn2c4n3)[C@@H]1O,False,AdenosineOnly
Nc1nc2nc3c1ncn3[C@@H]1O[C@H](COC(O)CO)[C@@H](O)[C@H]1O2,False,AdenosineOnly
CCOC[C@H]1O[C@@H]2[C@H](Oc3nc(N)c4ncn2c4n3)[C@@H]1O,False,AdenosineOnly
CC(O)OC(=O)[C@H]1O[C@@H]2[C@H](Oc3nc(N)c4ncn2c4n3)[C@@H]1O,False,AdenosineOnly
CC(O)OC[C@H]1O[C@@H]2[C@H](Oc3nc(N)c4ncn2c4n3)[C@@H]1OC(C)O,False,AdenosineOnly
CC(O)OC(C)OC[C@H]1O[C@@H]2[C@H](Oc3nc(N)c4ncn2c4n3)[C@@H]1O,False,AdenosineOnly
CC(O)OC[C@H]1O[C@@]2(C)[C@H](Oc3nc(N)c4ncn2c4n3)[C@@H]1O,False,AdenosineOnly
Cc1nc2c(N)nc3nc2n1[C@@H]1O[C@H](COC(C)O)[C@@H](O)[C@H]1O3,False,AdenosineOnly
CC(O)OC[C@H]1O[C@H]2n3cnc4c(N)nc(nc43)O[C@@]2(C)[C@@H]1O,False,AdenosineOnly
CC(O)OC[C@]1(C)O[C@@H]2[C@H](Oc3nc(N)c4ncn2c4n3)[C@@H]1O,False,AdenosineOnly
CC(O)OC[C@H]1O[C@@H]2[C@H](Oc3nc(N)c4ncn2c4n3)[C@@]1(C)O,False,AdenosineOnly
CC(O)OC(C)[C@H]1O[C@@H]2[C@H](Oc3nc(N)c4ncn2c4n3)[C@@H]1O,False,AdenosineOnly
CC(OCO)[C@H]1O[C@@H](n2cnc3c(N)ncnc32)[C@H](O)[C@@H]1O,False,AdenosineOnly
C[C@@]1(COCO)O[C@@H](n2cnc3c(N)ncnc32)[C@H](O)[C@@H]1O,False,AdenosineOnly
C[C@]1(O)[C@@H](COCO)O[C@@H](n2cnc3c(N)ncnc32)[C@@H]1O,False,AdenosineOnly
C[C@]1(O)[C@H](O)[C@@H](COCO)O[C@H]1n1cnc2c(N)ncnc21,False,AdenosineOnly
C[C@]1(n2cnc3c(N)ncnc32)O[C@H](COCO)[C@@H](O)[C@H]1O,False,AdenosineOnly
Cc1nc2c(N)ncnc2n1[C@@H]1O[C@H](COCO)[C@@H](O)[C@H]1O,False,AdenosineOnly
Cc1nc(N)c2ncn([C@@H]3O[C@H](COCO)[C@@H](O)[C@H]3O)c2n1,False,AdenosineOnly
COC(C)OC[C@H]1O[C@@H](n2cnc3c(N)ncnc32)[C@H](O)[C@@H]1O,False,AdenosineOnly
CC(C)(O)OC[C@H]1O[C@@H](n2cnc3c(N)ncnc32)[C@H](O)[C@@H]1O,False,AdenosineOnly
CCC(O)OC[C@H]1O[C@@H](n2cnc3c(N)ncnc32)[C@H](O)[C@@H]1O,False,AdenosineOnly
CC(=O)OC(C)OC[C@H]1O[C@@H](n2cnc3c(N)ncnc32)[C@H](O)[C@@H]1O,False,AdenosineOnly
CC(=O)O[C@H]1[C@@H](O)[C@H](n2cnc3c(N)ncnc32)O[C@@H]1COC(C)O,False,AdenosineOnly
CC(=O)O[C@@H]1[C@H](O)[C@@H](COC(C)O)O[C@H]1n1cnc2c(N)ncnc21,False,AdenosineOnly
CC(Cl)OC[C@H]1O[C@@H](n2cnc3c(N)ncnc32)[C@H](O)[C@@H]1O,False,AdenosineOnly
CC(O)(O)OC[C@H]1O[C@@H](n2cnc3c(N)ncnc32)[C@H](O)[C@@H]1O,False,AdenosineOnly
CC(O)OC(=O)[C@H]1O[C@@H](n2cnc3c(N)ncnc32)[C@H](O)[C@@H]1O,False,AdenosineOnly
CC(O)OC[C@H]1O[C@@H](n2cnc3c(N)ncnc32)[C@H](O)[C@@H]1OC(C)O,False,AdenosineOnly
CC(O)OC[C@H]1O[C@@H](n2cnc3c(N)ncnc32)[C@H](OC(C)O)[C@@H]1O,False,AdenosineOnly
CC(O)OC(C)OC[C@H]1O[C@@H](n2cnc3c(N)ncnc32)[C@H](O)[C@@H]1O,False,AdenosineOnly
Nc1ncnc2c1ncn2[C@@H]1O[C@H](COCO)[C@@H](O)[C@H]1O,False,AdenosineOnly
CC(O)OC(C)[C@H]1O[C@@H](n2cnc3c(N)ncnc32)[C@H](O)[C@@H]1O,False,AdenosineOnly
CC(O)OC[C@]1(C)O[C@@H](n2cnc3c(N)ncnc32)[C@H](O)[C@@H]1O,False,AdenosineOnly
CC(O)OC[C@H]1O[C@@H](n2cnc3c(N)ncnc32)[C@H](O)[C@@]1(C)O,False,AdenosineOnly
CC(O)OC[C@H]1O[C@@H](n2cnc3c(N)ncnc32)[C@@](C)(O)[C@@H]1O,False,AdenosineOnly
CC(O)OC[C@H]1O[C@](C)(n2cnc3c(N)ncnc32)[C@H](O)[C@@H]1O,False,AdenosineOnly
Cc1nc2c(N)ncnc2n1[C@@H]1O[C@H](COC(C)O)[C@@H](O)[C@H]1O,False,AdenosineOnly
Cc1nc(N)c2ncn([C@@H]3O[C@H](COC(C)O)[C@@H](O)[C@H]3O)c2n1,False,AdenosineOnly
CC(C)OC[C@H]1O[C@@H](n2cnc3c(N)ncnc32)[C@H](O)[C@@H]1O,False,AdenosineOnly
CCCOC[C@H]1O[C@@H](n2cnc3c(N)ncnc32)[C@H](O)[C@@H]1O,False,AdenosineOnly
CC(OC[C@H]1O[C@@H](n2cnc3c(N)ncnc32)[C@H](O)[C@@H]1O)C(=O)O,False,AdenosineOnly
Nc1ncnc2c1ncn2[C@@H]1O[C@H](COCCC(=O)O)[C@@H](O)[C@H]1O,False,AdenosineOnly
Nc1ncnc2c1ncn2[C@@H]1O[C@H](COCCO)[C@@H](O)[C@H]1O,False,AdenosineOnly
CCOC(=O)[C@H]1O[C@@H](n2cnc3c(N)ncnc32)[C@H](O)[C@@H]1O,False,AdenosineOnly
CCOC[C@H]1O[C@@H](n2cnc3c(N)ncnc32)[C@H](O)[C@@H]1OCC,False,AdenosineOnly
CCOC[C@H]1O[C@@H](n2cnc3c(N)ncnc32)[C@H](OCC)[C@@H]1O,False,AdenosineOnly
CCOC(C)[C@H]1O[C@@H](n2cnc3c(N)ncnc32)[C@H](O)[C@@H]1O,False,AdenosineOnly
CCOC[C@]1(C)O[C@@H](n2cnc3c(N)ncnc32)[C@H](O)[C@@H]1O,False,AdenosineOnly
CCOC[C@H]1O[C@@H](n2cnc3c(N)ncnc32)[C@H](O)[C@@]1(C)O,False,AdenosineOnly
CCOC[C@H]1O[C@@H](n2cnc3c(N)ncnc32)[C@@](C)(O)[C@@H]1O,False,AdenosineOnly
CCOC[C@H]1O[C@](C)(n2cnc3c(N)ncnc32)[C@H](O)[C@@H]1O,False,AdenosineOnly
CCOC[C@H]1O[C@@H](n2c(C)nc3c(N)ncnc32)[C@H](O)[C@@H]1O,False,AdenosineOnly
CCOC[C@H]1O[C@@H](n2cnc3c(N)nc(C)nc32)[C@H](O)[C@@H]1O,False,AdenosineOnly
CC[C@@]1(COC=O)O[C@@H](n2cnc3c(N)ncnc32)[C@H](O)[C@@H]1O,False,AdenosineOnly
CC[C@]1(O)[C@@H](COC=O)O[C@@H](n2cnc3c(N)ncnc32)[C@@H]1O,False,AdenosineOnly
CC[C@]1(O)[C@H](O)[C@@H](COC=O)O[C@H]1n1cnc2c(N)ncnc21,False,AdenosineOnly
CC[C@]1(n2cnc3c(N)ncnc32)O[C@H](COC=O)[C@@H](O)[C@H]1O,False,AdenosineOnly
CCc1nc2c(N)ncnc2n1[C@@H]1O[C@H](COC=O)[C@@H](O)[C@H]1O,False,AdenosineOnly
CCc1nc(N)c2ncn([C@@H]3O[C@H](COC=O)[C@@H](O)[C@H]3O)c2n1,False,AdenosineOnly
CCC1=Nc2ncnc3c2ncn3[C@@H]2O[C@H](CO1)[C@@H](O)[C@H]2O,False,AdenosineOnly
CC1O[C@H]2[C@@H](O)[C@H](n3cnc4c(N)ncnc43)O[C@@H]2COC1O,False,AdenosineOnly
CC1O[C@@H]2[C@H](O)[C@@H](COC1O)O[C@H]2n1cnc2c(N)ncnc21,False,AdenosineOnly
Nc1ncnc2c1ncn2[C@@H]1O[C@@H]2COC(O)CCO[C@H]2[C@H]1O,False,AdenosineOnly
Nc1ncnc2c1ncn2[C@@H]1O[C@@H]2COC(O)CCO[C@@H]1[C@@H]2O,False,AdenosineOnly
C=CC(=O)OC[C@H]1O[C@@H](n2cnc3c(N)ncnc32)[C@H](O)[C@@H]1O,False,AdenosineOnly
CC(C)C(=O)OC[C@H]1O[C@@H](n2cnc3c(N)ncnc32)[C@H](O)[C@@H]1O,False,AdenosineOnly
CCCC(=O)OC[C@H]1O[C@@H](n2cnc3c(N)ncnc32)[C@H](O)[C@@H]1O,False,AdenosineOnly
CCC(=O)OC[C@H]1O[C@@H](n2cnc3c(N)ncnc32)[C@H](O)[C@@H]1OC(C)=O,False,AdenosineOnly
CCC(=O)OC[C@H]1O[C@@H](n2cnc3c(N)ncnc32)[C@H](OC(C)=O)[C@@H]1O,False,AdenosineOnly
CCC(O)(C#N)OC[C@H]1O[C@@H](n2cnc3c(N)ncnc32)[C@H](O)[C@@H]1O,False,AdenosineOnly
CCC(N)OC[C@H]1O[C@@H](n2cnc3c(N)ncnc32)[C@H](O)[C@@H]1O,False,AdenosineOnly
CC(O)C(=O)OC[C@H]1O[C@@H](n2cnc3c(N)ncnc32)[C@H](O)[C@@H]1O,False,AdenosineOnly
Nc1ncnc2c1ncn2[C@@H]1O[C@H](COC(=O)CCO)[C@@H](O)[C@H]1O,False,AdenosineOnly
CCOC(=O)OC[C@H]1O[C@@H](n2cnc3c(N)ncnc32)[C@H](O)[C@@H]1O,False,AdenosineOnly
CC(O)C(O)OC[C@H]1O[C@@H](n2cnc3c(N)ncnc32)[C@H](O)[C@@H]1O,False,AdenosineOnly
Nc1ncnc2c1ncn2[C@@H]1O[C@H](COC(O)CCO)[C@@H](O)[C@H]1O,False,AdenosineOnly
Nc1ncnc2c1ncn2[C@@H]1O[C@H](COC(=O)O)[C@@H](O)[C@H]1O,False,AdenosineOnly
CCC(=O)C[C@H]1O[C@@H](n2cnc3c(N)ncnc32)[C@H](O)[C@@H]1O,False,AdenosineOnly
CCC(=O)OC(=O)[C@H]1O[C@@H](n2cnc3c(N)ncnc32)[C@H](O)[C@@H]1O,False,AdenosineOnly
CCCCC(=O)OC[C@H]1O[C@@H](n2cnc3c(N)ncnc32)[C@H](O)[C@@H]1O,False,AdenosineOnly
CCC(C)C(=O)OC[C@H]1O[C@@H](n2cnc3c(N)ncnc32)[C@H](O)[C@@H]1O,False,AdenosineOnly
CCC(=O)OC(C)[C@H]1O[C@@H](n2cnc3c(N)ncnc32)[C@H](O)[C@@H]1O,False,AdenosineOnly
CCC(=O)OC(CC)[C@H]1O[C@@H](n2cnc3c(N)ncnc32)[C@H](O)[C@@H]1O,False,AdenosineOnly
CCC(=O)OC[C@]1(C)O[C@@H](n2cnc3c(N)ncnc32)[C@H](O)[C@@H]1O,False,AdenosineOnly
CCC(=O)OC[C@]1(CC)O[C@@H](n2cnc3c(N)ncnc32)[C@H](O)[C@@H]1O,False,AdenosineOnly
CCC(=O)OC[C@H]1O[C@@H](n2cnc3c(N)ncnc32)[C@H](O)[C@@]1(C)O,False,AdenosineOnly
CCC(=O)OC[C@H]1O[C@@H](n2cnc3c(N)ncnc32)[C@H](O)[C@]1(O)CC,False,AdenosineOnly
CCC(=O)OC[C@H]1O[C@@H](n2cnc3c(N)ncnc32)[C@@](C)(O)[C@@H]1O,False,AdenosineOnly
CCC(=O)OC[C@H]1O[C@@H](n2cnc3c(N)ncnc32)[C@](O)(CC)[C@@H]1O,False,AdenosineOnly
CCC(=O)OC[C@H]1O[C@](C)(n2cnc3c(N)ncnc32)[C@H](O)[C@@H]1O,False,AdenosineOnly
CCC(=O)OC[C@H]1O[C@](CC)(n2cnc3c(N)ncnc32)[C@H](O)[C@@H]1O,False,AdenosineOnly
CCC(=O)OC[C@H]1O[C@@H](n2c(C)nc3c(N)ncnc32)[C@H](O)[C@@H]1O,False,AdenosineOnly
CCC(=O)OC[C@H]1O[C@@H](n2c(CC)nc3c(N)ncnc32)[C@H](O)[C@@H]1O,False,AdenosineOnly
CCC(=O)OC[C@H]1O[C@@H](n2cnc3c(N)nc(C)nc32)[C@H](O)[C@@H]1O,False,AdenosineOnly
CCC(=O)OC[C@H]1O[C@@H](n2cnc3c(N)nc(CC)nc32)[C@H](O)[C@@H]1O,False,AdenosineOnly
CCC(=O)O[C@H]1[C@@H](O)[C@H](n2cnc3c(N)ncnc32)O[C@@H]1COC=O,False,AdenosineOnly
CC(=O)OC[C@H]1O[C@@H](n2cnc3c(N)ncnc32)[C@H](O)[C@@]1(C)OC=O,False,AdenosineOnly
CC(=O)OC[C@]1(C)O[C@@H](n2cnc3c(N)ncnc32)[C@H](O)[C@@H]1OC=O,False,AdenosineOnly
CC(=O)OC[C@H]1O[C@@H](n2cnc3c(N)ncnc32)[C@@](C)(O)[C@@H]1OC=O,False,AdenosineOnly
CC(=O)OC(C)[C@H]1O[C@@H](n2cnc3c(N)ncnc32)[C@H](O)[C@@H]1OC=O,False,AdenosineOnly
CC(=O)OC[C@H]1O[C@](C)(n2cnc3c(N)ncnc32)[C@H](O)[C@@H]1OC=O,False,AdenosineOnly
CC(=O)OC[C@H]1O[C@@H](n2c(C)nc3c(N)ncnc32)[C@H](O)[C@@H]1OC=O,False,AdenosineOnly
CCC(=O)OC[C@H]1O[C@@H](n2cnc3c(N)ncnc32)[C@H](O)[C@@H]1OC=O,False,AdenosineOnly
CC(=O)OC[C@H]1O[C@@H](n2cnc3c(N)nc(C)nc32)[C@H](O)[C@@H]1OC=O,False,AdenosineOnly
CC(=O)OC[C@H]1O[C@@H]2[C@H](O)[C@@H]1OC(C)=Nc1ncnc3c1ncn32,False,AdenosineOnly
CC(=O)OC[C@H]1O[C@@H](n2cnc3c(N)ncnc32)[C@@H]2OCC(O)O[C@@H]21,False,AdenosineOnly
CC(O)OC[C@H]1O[C@@H](n2cnc3c(N)ncnc32)[C@@H]2OCC(=O)O[C@@H]21,False,AdenosineOnly
CC(=O)OC[C@H]1O[C@@H](n2cnc3c(N)ncnc32)[C@@H]2O[C@]12OC(C)O,False,AdenosineOnly
CC(=O)OC[C@]12O[C@@H]([C@H](n3cnc4c(N)ncnc43)O1)[C@@H]2OC(C)O,False,AdenosineOnly
CC(=O)OC1O[C@@H]2[C@H](OC(C)O)[C@@H]1O[C@H]2n1cnc2c(N)ncnc21,False,AdenosineOnly
CC(=O)OC[C@H]1O[C@@]2(n3cnc4c(N)ncnc43)O[C@@H]2[C@@H]1OC(C)O,False,AdenosineOnly
CC(=O)OC[C@H]1O[C@@H]2[C@H](Oc3nc4c(N)ncnc4n32)[C@@H]1OC(C)O,False,AdenosineOnly
CC(O)O[C@H]1[C@H]2OCC(=O)OC[C@H]1O[C@H]2n1cnc2c(N)ncnc21,False,AdenosineOnly
CC(=O)OC[C@H]1O[C@@H]2[C@H](Oc3nc(N)c4ncn2c4n3)[C@@H]1OC(C)O,False,AdenosineOnly
CC(=O)OC[C@H]1O[C@@H](n2cnc3c(N)ncnc32)[C@H](O)[C@@H]1OC(C)O,False,AdenosineOnly
CCC(=O)O[C@H]1[C@@H](O)[C@H](n2cnc3c(N)ncnc32)O[C@@H]1COC(C)=O,False,AdenosineOnly
CC(=O)OC[C@H]1O[C@@H](n2cnc3c(N)ncnc32)[C@H](O)[C@@H]1OC(C)(O)C#N,False,AdenosineOnly
CC(=O)O[C@H]1[C@@H](O)[C@H](n2cnc3c(N)ncnc32)O[C@@H]1COC(C)(O)C#N,False,AdenosineOnly
CC(=O)OC[C@H]1O[C@@H](n2cnc3c(N)ncnc32)[C@H](O)[C@@H]1OC(C)N,False,AdenosineOnly
CC(=O)O[C@H]1[C@@H](O)[C@H](n2cnc3c(N)ncnc32)O[C@@H]1COC(C)N,False,AdenosineOnly
CC(=O)OC[C@H]1O[C@@H](n2cnc3c(N)ncnc32)[C@H](O)[C@@H]1C(C)=O,False,AdenosineOnly
CC(=O)C[C@H]1O[C@@H](n2cnc3c(N)ncnc32)[C@H](O)[C@@H]1OC(C)=O,False,AdenosineOnly
CC(=O)OC[C@H]1O[C@@H](n2cnc3c(N)ncnc32)[C@H](O)[C@@]1(C)OC(C)=O,False,AdenosineOnly
CC(=O)OC[C@]1(C)O[C@@H](n2cnc3c(N)ncnc32)[C@H](O)[C@@H]1OC(C)=O,False,AdenosineOnly
CC(=O)OC[C@H]1O[C@@H](n2cnc3c(N)ncnc32)[C@@](C)(O)[C@@H]1OC(C)=O,False,AdenosineOnly
CC(=O)OC(C)[C@H]1O[C@@H](n2cnc3c(N)ncnc32)[C@H](O)[C@@H]1OC(C)=O,False,AdenosineOnly
CC(=O)OC[C@H]1O[C@](C)(n2cnc3c(N)ncnc32)[C@H](O)[C@@H]1OC(C)=O,False,AdenosineOnly
CC(=O)OC[C@H]1O[C@@H](n2c(C)nc3c(N)ncnc32)[C@H](O)[C@@H]1OC(C)=O,False,AdenosineOnly
CC(=O)OC[C@H]1O[C@@H](n2cnc3c(N)nc(C)nc32)[C@H](O)[C@@H]1OC(C)=O,False,AdenosineOnly
CCC(=O)O[C@@H]1[C@H](O)[C@@H](COC=O)O[C@H]1n1cnc2c(N)ncnc21,False,AdenosineOnly
CC(=O)OC[C@H]1O[C@@H](n2cnc3c(N)ncnc32)[C@@](C)(OC=O)[C@@H]1O,False,AdenosineOnly
CC(=O)OC[C@H]1O[C@@H](n2cnc3c(N)ncnc32)[C@H](OC=O)[C@@]1(C)O,False,AdenosineOnly
CC(=O)OC[C@H]1O[C@](C)(n2cnc3c(N)ncnc32)[C@H](OC=O)[C@@H]1O,False,AdenosineOnly
CC(=O)OC[C@]1(C)O[C@@H](n2cnc3c(N)ncnc32)[C@H](OC=O)[C@@H]1O,False,AdenosineOnly
CC(=O)OC(C)[C@H]1O[C@@H](n2cnc3c(N)ncnc32)[C@H](OC=O)[C@@H]1O,False,AdenosineOnly
CC(=O)OC[C@H]1O[C@@H](n2c(C)nc3c(N)ncnc32)[C@H](OC=O)[C@@H]1O,False,AdenosineOnly
CC(=O)OC[C@H]1O[C@@H](n2cnc3c(N)nc(C)nc32)[C@H](OC=O)[C@@H]1O,False,AdenosineOnly
CCC(=O)OC[C@H]1O[C@@H](n2cnc3c(N)ncnc32)[C@H](OC=O)[C@@H]1O,False,AdenosineOnly
CC(=O)OC[C@H]1O[C@@H]2[C@H](OC(C)=Nc3ncnc4c3ncn42)[C@@H]1O,False,AdenosineOnly
CC(=O)OC[C@H]1O[C@@H](n2cnc3c(N)ncnc32)[C@@H]2OC(O)CO[C@@H]21,False,AdenosineOnly
CC(O)OC[C@H]1O[C@@H](n2cnc3c(N)ncnc32)[C@@H]2OC(=O)CO[C@@H]21,False,AdenosineOnly
CC(=O)OC[C@H]1O[C@@H](n2cnc3c(N)ncnc32)[C@]2(OC(C)O)O[C@H]12,False,AdenosineOnly
CC(=O)OC[C@H]1O[C@@]2(n3cnc4c(N)ncnc43)O[C@H]1[C@H]2OC(C)O,False,AdenosineOnly
CC(=O)OC[C@]12O[C@@H](n3cnc4c(N)ncnc43)[C@H](OC(C)O)[C@@H]1O2,False,AdenosineOnly
CC(=O)OC1O[C@H]2[C@@H](OC(C)O)[C@H](n3cnc4c(N)ncnc43)O[C@H]12,False,AdenosineOnly
CC(=O)OC[C@H]1O[C@@H]2[C@H](OC(C)O)[C@@H]1Oc1nc3c(N)ncnc3n12,False,AdenosineOnly
CC(=O)OC[C@H]1O[C@@H]2[C@H](OC(C)O)[C@@H]1Oc1nc(N)c3ncn2c3n1,False,AdenosineOnly
CC(O)O[C@@H]1[C@@H]2OCC(=O)OC[C@H]2O[C@H]1n1cnc2c(N)ncnc21,False,AdenosineOnly
CC(=O)OC[C@H]1O[C@@H](n2cnc3c(N)ncnc32)[C@H](OC(C)O)[C@@H]1O,False,AdenosineOnly
CCC(=O)O[C@@H]1[C@H](O)[C@@H](COC(C)=O)O[C@H]1n1cnc2c(N)ncnc21,False,AdenosineOnly
CC(=O)OC[C@H]1O[C@@H](n2cnc3c(N)ncnc32)[C@H](OC(C)(O)C#N)[C@@H]1O,False,AdenosineOnly
CC(=O)O[C@@H]1[C@H](O)[C@@H](COC(C)(O)C#N)O[C@H]1n1cnc2c(N)ncnc21,False,AdenosineOnly
CC(=O)OC[C@H]1O[C@@H](n2cnc3c(N)ncnc32)[C@H](OC(C)N)[C@@H]1O,False,AdenosineOnly
CC(=O)O[C@@H]1[C@H](O)[C@@H](COC(C)N)O[C@H]1n1cnc2c(N)ncnc21,False,AdenosineOnly
CC(=O)OC[C@H]1O[C@@H](n2cnc3c(N)ncnc32)[C@H](C(C)=O)[C@@H]1O,False,AdenosineOnly
CC(=O)C[C@H]1O[C@@H](n2cnc3c(N)ncnc32)[C@H](OC(C)=O)[C@@H]1O,False,AdenosineOnly
CC(=O)OC[C@H]1O[C@@H](n2cnc3c(N)ncnc32)[C@@](C)(OC(C)=O)[C@@H]1O,False,AdenosineOnly
CC(=O)OC[C@H]1O[C@@H](n2cnc3c(N)ncnc32)[C@H](OC(C)=O)[C@@]1(C)O,False,AdenosineOnly
CC(=O)OC[C@H]1O[C@](C)(n2cnc3c(N)ncnc32)[C@H](OC(C)=O)[C@@H]1O,False,AdenosineOnly
CC(=O)OC[C@]1(C)O[C@@H](n2cnc3c(N)ncnc32)[C@H](OC(C)=O)[C@@H]1O,False,AdenosineOnly
CC(=O)OC(C)[C@H]1O[C@@H](n2cnc3c(N)ncnc32)[C@H](OC(C)=O)[C@@H]1O,False,AdenosineOnly
CC(=O)OC[C@H]1O[C@@H](n2c(C)nc3c(N)ncnc32)[C@H](OC(C)=O)[C@@H]1O,False,AdenosineOnly
CC(=O)OC[C@H]1O[C@@H](n2cnc3c(N)nc(C)nc32)[C@H](OC(C)=O)[C@@H]1O,False,AdenosineOnly
N#CCC(O)OC[C@H]1O[C@@H](n2cnc3c(N)ncnc32)[C@H](O)[C@@H]1O,False,AdenosineOnly
CC(O)OC(C#N)[C@H]1O[C@@H](n2cnc3c(N)ncnc32)[C@H](O)[C@@H]1O,False,AdenosineOnly
CC(OC(O)C#N)[C@H]1O[C@@H](n2cnc3c(N)ncnc32)[C@H](O)[C@@H]1O,False,AdenosineOnly
CC(O)OC[C@]1(C#N)O[C@@H](n2cnc3c(N)ncnc32)[C@H](O)[C@@H]1O,False,AdenosineOnly
C[C@@]1(COC(O)C#N)O[C@@H](n2cnc3c(N)ncnc32)[C@H](O)[C@@H]1O,False,AdenosineOnly
CC(O)OC[C@H]1O[C@@H](n2cnc3c(N)ncnc32)[C@H](O)[C@]1(O)C#N,False,AdenosineOnly
C[C@]1(O)[C@@H](COC(O)C#N)O[C@@H](n2cnc3c(N)ncnc32)[C@@H]1O,False,AdenosineOnly
CC(O)OC[C@H]1O[C@@H](n2cnc3c(N)ncnc32)[C@](O)(C#N)[C@@H]1O,False,AdenosineOnly
C[C@]1(O)[C@H](O)[C@@H](COC(O)C#N)O[C@H]1n1cnc2c(N)ncnc21,False,AdenosineOnly
CC(O)OC[C@H]1O[C@](C#N)(n2cnc3c(N)ncnc32)[C@H](O)[C@@H]1O,False,AdenosineOnly
C[C@]1(n2cnc3c(N)ncnc32)O[C@H](COC(O)C#N)[C@@H](O)[C@H]1O,False,AdenosineOnly
CC(O)OC[C@H]1O[C@@H](n2c(C#N)nc3c(N)ncnc32)[C@H](O)[C@@H]1O,False,AdenosineOnly
Cc1nc2c(N)ncnc2n1[C@@H]1O[C@H](COC(O)C#N)[C@@H](O)[C@H]1O,False,AdenosineOnly
CC(O)OC[C@H]1O[C@@H](n2cnc3c(N)nc(C#N)nc32)[C@H](O)[C@@H]1O,False,AdenosineOnly
Cc1nc(N)c2ncn([C@@H]3O[C@H](COC(O)C#N)[C@@H](O)[C@H]3O)c2n1,False,AdenosineOnly
N#CC(=O)OC[C@H]1O[C@@H](n2cnc3c(N)ncnc32)[C@H](O)[C@@H]1O,False,AdenosineOnly
COC(C)(C#N)OC[C@H]1O[C@@H](n2cnc3c(N)ncnc32)[C@H](O)[C@@H]1O,False,AdenosineOnly
CC(=O)OC(C)(C#N)OC[C@H]1O[C@@H](n2cnc3c(N)ncnc32)[C@H](O)[C@@H]1O,False,AdenosineOnly
CC(Cl)(C#N)OC[C@H]1O[C@@H](n2cnc3c(N)ncnc32)[C@H](O)[C@@H]1O,False,AdenosineOnly
N#CC(O)(CO)OC[C@H]1O[C@@H](n2cnc3c(N)ncnc32)[C@H](O)[C@@H]1O,False,AdenosineOnly
CC(O)(OC[C@H]1O[C@@H](n2cnc3c(N)ncnc32)[C@H](O)[C@@H]1O)C(N)=O,False,AdenosineOnly
CC(O)(C=NO)OC[C@H]1O[C@@H](n2cnc3c(N)ncnc32)[C@H](O)[C@@H]1O,False,AdenosineOnly
CC(C#N)OC[C@H]1O[C@@H](n2cnc3c(N)ncnc32)[C@H](O)[C@@H]1O,False,AdenosineOnly
CC(O)(C#N)OC(=O)[C@H]1O[C@@H](n2cnc3c(N)ncnc32)[C@H](O)[C@@H]1O,False,AdenosineOnly
N#CCC(O)(C#N)OC[C@H]1O[C@@H](n2cnc3c(N)ncnc32)[C@H](O)[C@@H]1O,False,AdenosineOnly
N#CC(O)OC[C@H]1O[C@@H](n2cnc3c(N)ncnc32)[C@H](O)[C@@H]1O,False,AdenosineOnly
CC(O)(C#N)OC(C#N)[C@H]1O[C@@H](n2cnc3c(N)ncnc32)[C@H](O)[C@@H]1O,False,AdenosineOnly
CC(OC(C)(O)C#N)[C@H]1O[C@@H](n2cnc3c(N)ncnc32)[C@H](O)[C@@H]1O,False,AdenosineOnly
CC(O)(C#N)OC[C@]1(C#N)O[C@@H](n2cnc3c(N)ncnc32)[C@H](O)[C@@H]1O,False,AdenosineOnly
CC(O)(C#N)OC[C@]1(C)O[C@@H](n2cnc3c(N)ncnc32)[C@H](O)[C@@H]1O,False,AdenosineOnly
CC(O)(C#N)OC[C@H]1O[C@@H](n2cnc3c(N)ncnc32)[C@H](O)[C@]1(O)C#N,False,AdenosineOnly
CC(O)(C#N)OC[C@H]1O[C@@H](n2cnc3c(N)ncnc32)[C@H](O)[C@@]1(C)O,False,AdenosineOnly
CC(O)(C#N)OC[C@H]1O[C@@H](n2cnc3c(N)ncnc32)[C@](O)(C#N)[C@@H]1O,False,AdenosineOnly
CC(O)(C#N)OC[C@H]1O[C@@H](n2cnc3c(N)ncnc32)[C@@](C)(O)[C@@H]1O,False,AdenosineOnly
CC(O)(C#N)OC[C@H]1O[C@](C#N)(n2cnc3c(N)ncnc32)[C@H](O)[C@@H]1O,False,AdenosineOnly
CC(O)(C#N)OC[C@H]1O[C@](C)(n2cnc3c(N)ncnc32)[C@H](O)[C@@H]1O,False,AdenosineOnly
CC(O)(C#N)OC[C@H]1O[C@@H](n2c(C#N)nc3c(N)ncnc32)[C@H](O)[C@@H]1O,False,AdenosineOnly
Cc1nc2c(N)ncnc2n1[C@@H]1O[C@H](COC(C)(O)C#N)[C@@H](O)[C@H]1O,False,AdenosineOnly
CC(O)(C#N)OC[C@H]1O[C@@H](n2cnc3c(N)nc(C#N)nc32)[C@H](O)[C@@H]1O,False,AdenosineOnly
Cc1nc(N)c2ncn([C@@H]3O[C@H](COC(C)(O)C#N)[C@@H](O)[C@H]3O)c2n1,False,AdenosineOnly
CC(OCN)[C@H]1O[C@@H](n2cnc3c(N)ncnc32)[C@H](O)[C@@H]1O,False,AdenosineOnly
C[C@@]1(COCN)O[C@@H](n2cnc3c(N)ncnc32)[C@H](O)[C@@H]1O,False,AdenosineOnly
C[C@]1(O)[C@@H](COCN)O[C@@H](n2cnc3c(N)ncnc32)[C@@H]1O,False,AdenosineOnly
C[C@]1(O)[C@H](O)[C@@H](COCN)O[C@H]1n1cnc2c(N)ncnc21,False,AdenosineOnly
C[C@]1(n2cnc3c(N)ncnc32)O[C@H](COCN)[C@@H](O)[C@H]1O,False,AdenosineOnly
Cc1nc2c(N)ncnc2n1[C@@H]1O[C@H](COCN)[C@@H](O)[C@H]1O,False,AdenosineOnly
Cc1nc(N)c2ncn([C@@H]3O[C@H](COCN)[C@@H](O)[C@H]3O)c2n1,False,AdenosineOnly
CC1Nc2ncnc3c2ncn3[C@@H]2O[C@H](CO1)[C@@H](O)[C@H]2O,False,AdenosineOnly
CNC(C)OC[C@H]1O[C@@H](n2cnc3c(N)ncnc32)[C@H](O)[C@@H]1O,False,AdenosineOnly
CC(C)(N)OC[C@H]1O[C@@H](n2cnc3c(N)ncnc32)[C@H](O)[C@@H]1O,False,AdenosineOnly
CC(=O)NC(C)OC[C@H]1O[C@@H](n2cnc3c(N)ncnc32)[C@H](O)[C@@H]1O,False,AdenosineOnly
CC(N)(OC[C@H]1O[C@@H](n2cnc3c(N)ncnc32)[C@H](O)[C@@H]1O)C(=O)O,False,AdenosineOnly
Nc1ncnc2c1ncn2[C@@H]1O[C@H](COC(N)CC(=O)O)[C@@H](O)[C@H]1O,False,AdenosineOnly
CC(NC(N)=O)OC[C@H]1O[C@@H](n2cnc3c(N)ncnc32)[C@H](O)[C@@H]1O,False,AdenosineOnly
CC(N)(O)OC[C@H]1O[C@@H](n2cnc3c(N)ncnc32)[C@H](O)[C@@H]1O,False,AdenosineOnly
Nc1ncnc2c1ncn2[C@@H]1O[C@H](COC(N)CO)[C@@H](O)[C@H]1O,False,AdenosineOnly
CC(N)OC(=O)[C@H]1O[C@@H](n2cnc3c(N)ncnc32)[C@H](O)[C@@H]1O,False,AdenosineOnly
CC(N)OC[C@H]1O[C@@H](n2cnc3c(N)ncnc32)[C@H](O)[C@@H]1OC(C)N,False,AdenosineOnly
CC(N)OC[C@H]1O[C@@H](n2cnc3c(N)ncnc32)[C@H](OC(C)N)[C@@H]1O,False,AdenosineOnly
CC(N)NC(C)OC[C@H]1O[C@@H](n2cnc3c(N)ncnc32)[C@H](O)[C@@H]1O,False,AdenosineOnly
NCOC[C@H]1O[C@@H](n2cnc3c(N)ncnc32)[C@H](O)[C@@H]1O,False,AdenosineOnly
CC(N)OC(C)[C@H]1O[C@@H](n2cnc3c(N)ncnc32)[C@H](O)[C@@H]1O,False,AdenosineOnly
CC(N)OC[C@]1(C)O[C@@H](n2cnc3c(N)ncnc32)[C@H](O)[C@@H]1O,False,AdenosineOnly
CC(N)OC[C@H]1O[C@@H](n2cnc3c(N)ncnc32)[C@H](O)[C@@]1(C)O,False,AdenosineOnly
CC(N)OC[C@H]1O[C@@H](n2cnc3c(N)ncnc32)[C@@](C)(O)[C@@H]1O,False,AdenosineOnly
CC(N)OC[C@H]1O[C@](C)(n2cnc3c(N)ncnc32)[C@H](O)[C@@H]1O,False,AdenosineOnly
Cc1nc2c(N)ncnc2n1[C@@H]1O[C@H](COC(C)N)[C@@H](O)[C@H]1O,False,AdenosineOnly
Cc1nc(N)c2ncn([C@@H]3O[C@H](COC(C)N)[C@@H](O)[C@H]3O)c2n1,False,AdenosineOnly
Nc1ncnc2c1ncn2[C@@H]1O[C@@](CO)(COC=O)[C@@H](O)[C@H]1O,False,AdenosineOnly
Nc1ncnc2c1ncn2[C@@H]1O[C@H](COC=O)[C@@](O)(CO)[C@H]1O,False,AdenosineOnly
Nc1ncnc2c1ncn2[C@@H]1O[C@H](COC=O)[C@@H](O)[C@@]1(O)CO,False,AdenosineOnly
Nc1ncnc2c1nc(CO)n2[C@@H]1O[C@H](COC=O)[C@@H](O)[C@H]1O,False,AdenosineOnly
Nc1nc(CO)nc2c1ncn2[C@@H]1O[C@H](COC=O)[C@@H](O)[C@H]1O,False,AdenosineOnly
OCC1=Nc2ncnc3c2ncn3[C@@H]2O[C@H](CO1)[C@@H](O)[C@H]2O,False,AdenosineOnly
Nc1ncnc2c1ncn2[C@@H]1O[C@@H]2COC(O)C(O)O[C@H]2[C@H]1O,False,AdenosineOnly
Nc1ncnc2c1ncn2[C@@H]1O[C@@H]2COC(O)C(O)O[C@@H]1[C@@H]2O,False,AdenosineOnly
Nc1ncnc2c1ncn2[C@@H]1O[C@H](C2OCC(O)O2)[C@@H](O)[C@H]1O,False,AdenosineOnly
Nc1ncnc2c1ncn2[C@@H]1O[C@@]2(COC(O)CO2)[C@@H](O)[C@H]1O,False,AdenosineOnly
Nc1ncnc2c1ncn2[C@@H]1O[C@@H]2COC(O)CO[C@@]2(O)[C@H]1O,False,AdenosineOnly
Nc1ncnc2c1ncn2[C@@H]1O[C@@H]2COC(O)CO[C@]1(O)[C@@H]2O,False,AdenosineOnly
Nc1ncnc2c1ncn2[C@@]12OCC(O)OC[C@@H](O1)[C@@H](O)[C@H]2O,False,AdenosineOnly
Nc1ncnc2c1nc1n2[C@@H]2O[C@H](COC(O)CO1)[C@@H](O)[C@H]2O,False,AdenosineOnly
Nc1nc2nc3c1ncn3[C@@H]1O[C@H](COC(O)CO2)[C@@H](O)[C@H]1O,False,AdenosineOnly
Nc1ncnc2c1ncn2[C@@H]1O[C@H](COC(=O)C=O)[C@@H](O)[C@H]1O,False,AdenosineOnly
COCC(=O)OC[C@H]1O[C@@H](n2cnc3c(N)ncnc32)[C@H](O)[C@@H]1O,False,AdenosineOnly
Nc1ncnc2c1ncn2[C@@H]1O[C@H](COC(=O)CCl)[C@@H](O)[C@H]1O,False,AdenosineOnly
Nc1ncnc2c1ncn2[C@@H]1O[C@H](CC(=O)CO)[C@@H](O)[C@H]1O,False,AdenosineOnly
COC1=Nc2ncnc3c2ncn3[C@@H]2O[C@H](CO1)[C@@H](O)[C@H]2O,False,AdenosineOnly
Nc1ncnc2c1ncn2[C@@H]1O[C@@H]2COC(O)OCO[C@H]2[C@H]1O,False,AdenosineOnly
Nc1ncnc2c1ncn2[C@@H]1O[C@@H]2COC(O)OCO[C@@H]1[C@@H]2O,False,AdenosineOnly
COC(O)OC1O[C@H]2[C@@H](O)[C@H](n3cnc4c(N)ncnc43)O[C@H]12,False,AdenosineOnly
COC(O)OC1O[C@@H]2[C@H](O)[C@@H]1O[C@H]2n1cnc2c(N)ncnc21,False,AdenosineOnly
COC(O)OC[C@]12O[C@@H](n3cnc4c(N)ncnc43)[C@H](O)[C@@H]1O2,False,AdenosineOnly
COC(O)OC[C@]12O[C@@H]([C@H](n3cnc4c(N)ncnc43)O1)[C@@H]2O,False,AdenosineOnly
COC(O)OC[C@H]1O[C@@H](n2cnc3c(N)ncnc32)[C@@H]2O[C@]12O,False,AdenosineOnly
COC(O)OC[C@H]1O[C@@H](n2cnc3c(N)ncnc32)[C@]2(O)O[C@H]12,False,AdenosineOnly
COC(O)OC[C@H]1O[C@@]2(n3cnc4c(N)ncnc43)O[C@H]1[C@H]2O,False,AdenosineOnly
COC(O)OC[C@H]1O[C@@]2(n3cnc4c(N)ncnc43)O[C@@H]2[C@@H]1O,False,AdenosineOnly
COC(O)OC[C@H]1O[C@@H]2[C@H](O)[C@@H]1Oc1nc3c(N)ncnc3n12,False,AdenosineOnly
COC(O)OC[C@H]1O[C@@H]2[C@H](Oc3nc4c(N)ncnc4n32)[C@@H]1O,False,AdenosineOnly
COC(O)OC[C@H]1O[C@@H]2[C@H](O)[C@@H]1Oc1nc(N)c3ncn2c3n1,False,AdenosineOnly
COC(O)OC[C@H]1O[C@@H]2[C@H](Oc3nc(N)c4ncn2c4n3)[C@@H]1O,False,AdenosineOnly
COCOC[C@H]1O[C@@H](n2cnc3c(N)ncnc32)[C@H](O)[C@@H]1O,False,AdenosineOnly
Nc1ncnc2c1ncn2[C@@H]1O[C@@](CO)(COCO)[C@@H](O)[C@H]1O,False,AdenosineOnly
Nc1ncnc2c1ncn2[C@@H]1O[C@H](COCO)[C@@](O)(CO)[C@H]1O,False,AdenosineOnly
Nc1ncnc2c1ncn2[C@@H]1O[C@H](COCO)[C@@H](O)[C@@]1(O)CO,False,AdenosineOnly
Nc1ncnc2c1nc(CO)n2[C@@H]1O[C@H](COCO)[C@@H](O)[C@H]1O,False,AdenosineOnly
Nc1nc(CO)nc2c1ncn2[C@@H]1O[C@H](COCO)[C@@H](O)[C@H]1O,False,AdenosineOnly
Nc1ncnc2c1ncn2[C@@H]1O[C@H](COCC=O)[C@@H](O)[C@H]1O,False,AdenosineOnly
Nc1ncnc2c1ncn2[C@@H]1O[C@H](COC(O)C=O)[C@@H](O)[C@H]1O,False,AdenosineOnly
COCC(O)OC[C@H]1O[C@@H](n2cnc3c(N)ncnc32)[C@H](O)[C@@H]1O,False,AdenosineOnly
COC(CO)OC[C@H]1O[C@@H](n2cnc3c(N)ncnc32)[C@H](O)[C@@H]1O,False,AdenosineOnly
CC(O)(CO)OC[C@H]1O[C@@H](n2cnc3c(N)ncnc32)[C@H](O)[C@@H]1O,False,AdenosineOnly
Nc1ncnc2c1ncn2[C@@H]1O[C@H](COC(O)CCl)[C@@H](O)[C@H]1O,False,AdenosineOnly
Nc1ncnc2c1ncn2[C@@H]1O[C@H](COC(Cl)CO)[C@@H](O)[C@H]1O,False,AdenosineOnly
CC(C=O)[C@H]1O[C@@H](n2cnc3c(N)ncnc32)[C@H](O)[C@@H]1O,False,AdenosineOnly
Nc1ncnc2c1ncn2[C@@H]1O[C@H](CCC=O)[C@@H](O)[C@H]1O,False,AdenosineOnly
C[C@@]1(CC=O)O[C@@H](n2cnc3c(N)ncnc32)[C@H](O)[C@@H]1O,False,AdenosineOnly
CC(=O)[C@@]1(C)O[C@@H](n2cnc3c(N)ncnc32)[C@H](O)[C@@H]1O,False,AdenosineOnly
C[C@]1(O)[C@@H](CC=O)O[C@@H](n2cnc3c(N)ncnc32)[C@@H]1O,False,AdenosineOnly
CC(=O)[C@]1(O)[C@@H](C)O[C@@H](n2cnc3c(N)ncnc32)[C@@H]1O,False,AdenosineOnly
CC(=O)C[C@]1(O)CO[C@@H](n2cnc3c(N)ncnc32)[C@@H]1O,False,AdenosineOnly
C[C@]1(O)[C@H](O)[C@@H](CC=O)O[C@H]1n1cnc2c(N)ncnc21,False,AdenosineOnly
CC(=O)[C@]1(O)[C@H](O)[C@@H](C)O[C@H]1n1cnc2c(N)ncnc21,False,AdenosineOnly
CC(=O)C[C@]1(O)[C@H](O)CO[C@H]1n1cnc2c(N)ncnc21,False,AdenosineOnly
C[C@]1(n2cnc3c(N)ncnc32)O[C@H](CC=O)[C@@H](O)[C@H]1O,False,AdenosineOnly
CC(=O)[C@]1(n2cnc3c(N)ncnc32)O[C@H](C)[C@@H](O)[C@H]1O,False,AdenosineOnly
Cc1nc2c(N)ncnc2n1[C@@H]1O[C@H](CC=O)[C@@H](O)[C@H]1O,False,AdenosineOnly
CC(=O)c1nc2c(N)ncnc2n1[C@@H]1O[C@H](C)[C@@H](O)[C@H]1O,False,AdenosineOnly
CC(=O)Cc1nc2c(N)ncnc2n1[C@@H]1OC[C@@H](O)[C@H]1O,False,AdenosineOnly
Cc1nc(N)c2ncn([C@@H]3O[C@H](CC=O)[C@@H](O)[C@H]3O)c2n1,False,AdenosineOnly
CC(=O)c1nc(N)c2ncn([C@@H]3O[C@H](C)[C@@H](O)[C@H]3O)c2n1,False,AdenosineOnly
CC(=O)Cc1nc(N)c2ncn([C@@H]3OC[C@@H](O)[C@H]3O)c2n1,False,AdenosineOnly
CC1=Nc2ncnc3c2ncn3[C@@H]2O[C@H](C1)[C@@H](O)[C@H]2O,False,AdenosineOnly
CC(O)C1O[C@H]2[C@@H](O)[C@H](n3cnc4c(N)ncnc43)O[C@H]12,False,AdenosineOnly
CC(O)C1O[C@@H]2[C@H](O)[C@@H]1O[C@H]2n1cnc2c(N)ncnc21,False,AdenosineOnly
Nc1ncnc2c1ncn2[C@@H]1O[C@@H]2CC(O)CO[C@H]2[C@H]1O,False,AdenosineOnly
Nc1ncnc2c1ncn2[C@@H]1O[C@@H]2CC(O)CO[C@@H]1[C@@H]2O,False,AdenosineOnly
CC(O)C[C@]12O[C@@H](n3cnc4c(N)ncnc43)[C@H](O)[C@@H]1O2,False,AdenosineOnly
CC(O)C[C@]12O[C@@H]([C@H](n3cnc4c(N)ncnc43)O1)[C@@H]2O,False,AdenosineOnly
CC(O)C[C@H]1O[C@@H](n2cnc3c(N)ncnc32)[C@@H]2O[C@]12O,False,AdenosineOnly
CC(O)C[C@H]1O[C@@H](n2cnc3c(N)ncnc32)[C@]2(O)O[C@H]12,False,AdenosineOnly
CC(O)C[C@H]1O[C@@]2(n3cnc4c(N)ncnc43)O[C@H]1[C@H]2O,False,AdenosineOnly
CC(O)C[C@H]1O[C@@]2(n3cnc4c(N)ncnc43)O[C@@H]2[C@@H]1O,False,AdenosineOnly
CC(O)C[C@H]1O[C@@H]2[C@H](O)[C@@H]1Oc1nc3c(N)ncnc3n12,False,AdenosineOnly
CC(O)C[C@H]1O[C@@H]2[C@H](Oc3nc4c(N)ncnc4n32)[C@@H]1O,False,AdenosineOnly
CC(O)C[C@H]1O[C@@H]2[C@H](O)[C@@H]1Oc1nc(N)c3ncn2c3n1,False,AdenosineOnly
CC(O)C[C@H]1O[C@@H]2[C@H](Oc3nc(N)c4ncn2c4n3)[C@@H]1O,False,AdenosineOnly
CC(O)C[C@H]1O[C@@H](n2cnc3c(N)ncnc32)[C@H](O)[C@@H]1O,False,AdenosineOnly
CC(=O)C(C)[C@H]1O[C@@H](n2cnc3c(N)ncnc32)[C@H](O)[C@@H]1O,False,AdenosineOnly
CC(=O)C(C(=O)O)[C@H]1O[C@@H](n2cnc3c(N)ncnc32)[C@H](O)[C@@H]1O,False,AdenosineOnly
Nc1ncnc2c1ncn2[C@@H]1O[C@H](CC(=O)CC(=O)O)[C@@H](O)[C@H]1O,False,AdenosineOnly
CC(O)(C#N)C[C@H]1O[C@@H](n2cnc3c(N)ncnc32)[C@H](O)[C@@H]1O,False,AdenosineOnly
CC(N)C[C@H]1O[C@@H](n2cnc3c(N)ncnc32)[C@H](O)[C@@H]1O,False,AdenosineOnly
CC(=O)C(O)[C@H]1O[C@@H](n2cnc3c(N)ncnc32)[C@H](O)[C@@H]1O,False,AdenosineOnly
COC(=O)C[C@H]1O[C@@H](n2cnc3c(N)ncnc32)[C@H](O)[C@@H]1O,False,AdenosineOnly
CC(O)C(O)[C@H]1O[C@@H](n2cnc3c(N)ncnc32)[C@H](O)[C@@H]1O,False,AdenosineOnly
Nc1ncnc2c1ncn2[C@@H]1O[C@H](CC(O)CO)[C@@H](O)[C@H]1O,False,AdenosineOnly
Nc1ncnc2c1ncn2[C@@H]1O[C@H](CC=O)[C@@H](O)[C@H]1O,False,AdenosineOnly
CC(=O)C(C(C)=O)[C@H]1O[C@@H](n2cnc3c(N)ncnc32)[C@H](O)[C@@H]1O,False,AdenosineOnly
CC(=O)CC(=O)C[C@H]1O[C@@H](n2cnc3c(N)ncnc32)[C@H](O)[C@@H]1O,False,AdenosineOnly
CC(=O)C[C@]1(C)O[C@@H](n2cnc3c(N)ncnc32)[C@H](O)[C@@H]1O,False,AdenosineOnly
CC(=O)C[C@]1(C(C)=O)O[C@@H](n2cnc3c(N)ncnc32)[C@H](O)[C@@H]1O,False,AdenosineOnly
CC(=O)C[C@H]1O[C@@H](n2cnc3c(N)ncnc32)[C@H](O)[C@@]1(C)O,False,AdenosineOnly
CC(=O)C[C@H]1O[C@@H](n2cnc3c(N)ncnc32)[C@H](O)[C@]1(O)C(C)=O,False,AdenosineOnly
CC(=O)C[C@H]1O[C@@H](n2cnc3c(N)ncnc32)[C@@](C)(O)[C@@H]1O,False,AdenosineOnly
CC(=O)C[C@H]1O[C@@H](n2cnc3c(N)ncnc32)[C@](O)(C(C)=O)[C@@H]1O,False,AdenosineOnly
CC(=O)C[C@H]1O[C@](C)(n2cnc3c(N)ncnc32)[C@H](O)[C@@H]1O,False,AdenosineOnly
CC(=O)C[C@H]1O[C@](C(C)=O)(n2cnc3c(N)ncnc32)[C@H](O)[C@@H]1O,False,AdenosineOnly
CC(=O)C[C@H]1O[C@@H](n2c(C)nc3c(N)ncnc32)[C@H](O)[C@@H]1O,False,AdenosineOnly
CC(=O)C[C@H]1O[C@@H](n2c(C(C)=O)nc3c(N)ncnc32)[C@H](O)[C@@H]1O,False,AdenosineOnly
CC(=O)C[C@H]1O[C@@H](n2cnc3c(N)nc(C)nc32)[C@H](O)[C@@H]1O,False,AdenosineOnly
CC(=O)C[C@H]1O[C@@H](n2cnc3c(N)nc(C(C)=O)nc32)[C@H](O)[C@@H]1O,False,AdenosineOnly
Nc1ncnc2c1ncn2[C@@H]1O[C@H](CC(=O)OC=O)[C@@H](O)[C@H]1O,False,AdenosineOnly
CC(=O)OC1=Nc2ncnc3c2ncn3[C@@H]2O[C@H]1[C@@H](O)[C@H]2O,False,AdenosineOnly
CC1=Nc2ncnc3c2ncn3[C@@H]2O[C@H](C(=O)O1)[C@@H](O)[C@H]2O,False,AdenosineOnly
CC(=O)OC(O)[C@]12O[C@@H](n3cnc4c(N)ncnc43)[C@H](O)[C@@H]1O2,False,AdenosineOnly
CC(=O)OC(O)[C@]12O[C@@H]([C@H](n3cnc4c(N)ncnc43)O1)[C@@H]2O,False,AdenosineOnly
CC(=O)OC(O)[C@H]1O[C@@H](n2cnc3c(N)ncnc32)[C@@H]2O[C@]12O,False,AdenosineOnly
Nc1ncnc2c1ncn2[C@@H]1O[C@@H]2C(O)OC(=O)CO[C@H]2[C@H]1O,False,AdenosineOnly
Nc1ncnc2c1ncn2[C@@H]1O[C@@H]2C(=O)OC(O)CO[C@H]2[C@H]1O,False,AdenosineOnly
Nc1ncnc2c1ncn2[C@@H]1O[C@@H]2C(O)OC(=O)CO[C@@H]1[C@@H]2O,False,AdenosineOnly
Nc1ncnc2c1ncn2[C@@H]1O[C@@H]2C(=O)OC(O)CO[C@@H]1[C@@H]2O,False,AdenosineOnly
CC(=O)OC(O)[C@H]1O[C@@H](n2cnc3c(N)ncnc32)[C@]2(O)O[C@H]12,False,AdenosineOnly
CC(=O)OC(O)[C@H]1O[C@@]2(n3cnc4c(N)ncnc43)O[C@H]1[C@H]2O,False,AdenosineOnly
CC(=O)OC(O)[C@H]1O[C@@]2(n3cnc4c(N)ncnc43)O[C@@H]2[C@@H]1O,False,AdenosineOnly
CC(=O)OC(O)[C@H]1O[C@@H]2[C@H](O)[C@@H]1Oc1nc3c(N)ncnc3n12,False,AdenosineOnly
CC(=O)OC(O)[C@H]1O[C@@H]2[C@H](Oc3nc4c(N)ncnc4n32)[C@@H]1O,False,AdenosineOnly
CC(=O)OC(O)[C@H]1O[C@@H]2[C@H](O)[C@@H]1Oc1nc(N)c3ncn2c3n1,False,AdenosineOnly
CC(=O)OC(O)[C@H]1O[C@@H]2[C@H](Oc3nc(N)c4ncn2c4n3)[C@@H]1O,False,AdenosineOnly
CC(=O)OC(O)[C@H]1O[C@@H](n2cnc3c(N)ncnc32)[C@H](O)[C@@H]1O,False,AdenosineOnly
CC(=O)OC(O)(C#N)[C@H]1O[C@@H](n2cnc3c(N)ncnc32)[C@H](O)[C@@H]1O,False,AdenosineOnly
CC(=O)C(=O)[C@H]1O[C@@H](n2cnc3c(N)ncnc32)[C@H](O)[C@@H]1O,False,AdenosineOnly
CC(=O)OC(=O)[C@]1(C)O[C@@H](n2cnc3c(N)ncnc32)[C@H](O)[C@@H]1O,False,AdenosineOnly
CC(=O)OC(=O)[C@H]1O[C@@H](n2cnc3c(N)ncnc32)[C@H](O)[C@@]1(C)O,False,AdenosineOnly
CC(=O)OC(=O)[C@H]1O[C@@H](n2cnc3c(N)ncnc32)[C@@](C)(O)[C@@H]1O,False,AdenosineOnly
CC(=O)OC(=O)[C@H]1O[C@](C)(n2cnc3c(N)ncnc32)[C@H](O)[C@@H]1O,False,AdenosineOnly
CC(=O)OC(=O)[C@H]1O[C@@H](n2c(C)nc3c(N)ncnc32)[C@H](O)[C@@H]1O,False,AdenosineOnly
CC(=O)OC(=O)[C@H]1O[C@@H](n2cnc3c(N)nc(C)nc32)[C@H](O)[C@@H]1O,False,AdenosineOnly
CC1=Nc2ncnc3c2ncn3[C@@H]2O[C@H](C(C)O1)[C@@H](O)[C@H]2O,False,AdenosineOnly
CC(O)OC1CO[C@H]2[C@@H](O)[C@H](n3cnc4c(N)ncnc43)O[C@H]12,False,AdenosineOnly
CC(O)OC1CO[C@@H]2[C@H](O)[C@@H]1O[C@H]2n1cnc2c(N)ncnc21,False,AdenosineOnly
CC1OC(O)CO[C@H]2[C@@H](O)[C@H](n3cnc4c(N)ncnc43)O[C@H]12,False,AdenosineOnly
CC1OC(O)CO[C@@H]2[C@H](O)[C@@H]1O[C@H]2n1cnc2c(N)ncnc21,False,AdenosineOnly
CC(=O)OC(C)(C)[C@H]1O[C@@H](n2cnc3c(N)ncnc32)[C@H](O)[C@@H]1O,False,AdenosineOnly
CCC(OC(C)=O)[C@H]1O[C@@H](n2cnc3c(N)ncnc32)[C@H](O)[C@@H]1O,False,AdenosineOnly
CC(=O)OC(C)(O)[C@H]1O[C@@H](n2cnc3c(N)ncnc32)[C@H](O)[C@@H]1O,False,AdenosineOnly
CC(=O)OC(CO)[C@H]1O[C@@H](n2cnc3c(N)ncnc32)[C@H](O)[C@@H]1O,False,AdenosineOnly
CC(OC(=O)CO)[C@H]1O[C@@H](n2cnc3c(N)ncnc32)[C@H](O)[C@@H]1O,False,AdenosineOnly
COC(=O)OC(C)[C@H]1O[C@@H](n2cnc3c(N)ncnc32)[C@H](O)[C@@H]1O,False,AdenosineOnly
CC(O)OC(C)(O)[C@H]1O[C@@H](n2cnc3c(N)ncnc32)[C@H](O)[C@@H]1O,False,AdenosineOnly
CC(O)OC(CO)[C@H]1O[C@@H](n2cnc3c(N)ncnc32)[C@H](O)[C@@H]1O,False,AdenosineOnly
CC(OC(O)CO)[C@H]1O[C@@H](n2cnc3c(N)ncnc32)[C@H](O)[C@@H]1O,False,AdenosineOnly
CC(=O)OC(C)[C@]1(C)O[C@@H](n2cnc3c(N)ncnc32)[C@H](O)[C@@H]1O,False,AdenosineOnly
CC(=O)OC(C)[C@H]1O[C@@H](n2cnc3c(N)ncnc32)[C@H](O)[C@@]1(C)O,False,AdenosineOnly
CC(=O)OC(C)[C@H]1O[C@@H](n2cnc3c(N)ncnc32)[C@@](C)(O)[C@@H]1O,False,AdenosineOnly
CC(=O)OC(C)[C@H]1O[C@](C)(n2cnc3c(N)ncnc32)[C@H](O)[C@@H]1O,False,AdenosineOnly
CC(=O)OC(C)[C@H]1O[C@@H](n2c(C)nc3c(N)ncnc32)[C@H](O)[C@@H]1O,False,AdenosineOnly
CC(=O)OC(C)[C@H]1O[C@@H](n2cnc3c(N)nc(C)nc32)[C@H](O)[C@@H]1O,False,AdenosineOnly
CC(=O)OC[C@]1(n2cnc3c(N)ncnc32)O[C@H](C)[C@@H](O)[C@H]1O,False,AdenosineOnly
C[C@@]1(COC=O)O[C@@H](n2cnc3c(N)ncnc32)[C@H](O)[C@@]1(C)O,False,AdenosineOnly
C[C@@]1(O)[C@H](n2cnc3c(N)ncnc32)O[C@@](C)(COC=O)[C@H]1O,False,AdenosineOnly
C[C@]1(n2cnc3c(N)ncnc32)O[C@@](C)(COC=O)[C@@H](O)[C@H]1O,False,AdenosineOnly
Cc1nc2c(N)ncnc2n1[C@@H]1O[C@@](C)(COC=O)[C@@H](O)[C@H]1O,False,AdenosineOnly
Cc1nc(N)c2ncn([C@@H]3O[C@@](C)(COC=O)[C@@H](O)[C@H]3O)c2n1,False,AdenosineOnly
CC1=Nc2ncnc3c2ncn3[C@@H]2O[C@@](C)(CO1)[C@@H](O)[C@H]2O,False,AdenosineOnly
CC(O)OC[C@@]12CO[C@H]1[C@@H](O)[C@H](n1cnc3c(N)ncnc31)O2,False,AdenosineOnly
CC(O)OC[C@]12CO[C@@H]([C@H](n3cnc4c(N)ncnc43)O1)[C@@H]2O,False,AdenosineOnly
C[C@]12COC(O)CO[C@H]1[C@@H](O)[C@H](n1cnc3c(N)ncnc31)O2,False,AdenosineOnly
C[C@@]12COC(O)CO[C@@H]([C@H](n3cnc4c(N)ncnc43)O1)[C@@H]2O,False,AdenosineOnly
C[C@@]1(COC(=O)CO)O[C@@H](n2cnc3c(N)ncnc32)[C@H](O)[C@@H]1O,False,AdenosineOnly
COC(=O)OC[C@]1(C)O[C@@H](n2cnc3c(N)ncnc32)[C@H](O)[C@@H]1O,False,AdenosineOnly
C[C@@]1(COC(O)CO)O[C@@H](n2cnc3c(N)ncnc32)[C@H](O)[C@@H]1O,False,AdenosineOnly
CC[C@@]1(COC(C)=O)O[C@@H](n2cnc3c(N)ncnc32)[C@H](O)[C@@H]1O,False,AdenosineOnly
CC(=O)OC[C@]1(C)O[C@@H](n2cnc3c(N)ncnc32)[C@H](O)[C@@]1(C)O,False,AdenosineOnly
CC(=O)OC[C@]1(C)O[C@@H](n2cnc3c(N)ncnc32)[C@@](C)(O)[C@@H]1O,False,AdenosineOnly
CC(=O)OC[C@]1(C)O[C@](C)(n2cnc3c(N)ncnc32)[C@H](O)[C@@H]1O,False,AdenosineOnly
CC(=O)OC[C@]1(C)O[C@@H](n2c(C)nc3c(N)ncnc32)[C@H](O)[C@@H]1O,False,AdenosineOnly
CC(=O)OC[C@]1(C)O[C@@H](n2cnc3c(N)nc(C)nc32)[C@H](O)[C@@H]1O,False,AdenosineOnly
C[C@]1(O)[C@@H](COC=O)O[C@@H](n2cnc3c(N)ncnc32)[C@@]1(C)O,False,AdenosineOnly
C[C@@]1(O)[C@@H](O)[C@@](C)(n2cnc3c(N)ncnc32)O[C@@H]1COC=O,False,AdenosineOnly
Cc1nc2c(N)ncnc2n1[C@@H]1O[C@H](COC=O)[C@](C)(O)[C@H]1O,False,AdenosineOnly
Cc1nc(N)c2ncn([C@@H]3O[C@H](COC=O)[C@](C)(O)[C@H]3O)c2n1,False,AdenosineOnly
CC1=Nc2ncnc3c2ncn3[C@@H]2O[C@H](CO1)[C@](C)(O)[C@H]2O,False,AdenosineOnly
CC(O)OC[C@H]1O[C@@H](n2cnc3c(N)ncnc32)[C@H](O)[C@]12CO2,False,AdenosineOnly
CC(O)OC[C@H]1O[C@@H](n2cnc3c(N)ncnc32)[C@@H]2OC[C@]12O,False,AdenosineOnly
C[C@]12OCC(O)OC[C@H]1O[C@@H](n1cnc3c(N)ncnc31)[C@@H]2O,False,AdenosineOnly
C[C@]1(O)[C@H]2COC(O)CO[C@H]1[C@H](n1cnc3c(N)ncnc31)O2,False,AdenosineOnly
C[C@]1(O)[C@@H](COC(=O)CO)O[C@@H](n2cnc3c(N)ncnc32)[C@@H]1O,False,AdenosineOnly
COC(=O)OC[C@H]1O[C@@H](n2cnc3c(N)ncnc32)[C@H](O)[C@@]1(C)O,False,AdenosineOnly
C[C@]1(O)[C@@H](COC(O)CO)O[C@@H](n2cnc3c(N)ncnc32)[C@@H]1O,False,AdenosineOnly
CC[C@]1(O)[C@@H](COC(C)=O)O[C@@H](n2cnc3c(N)ncnc32)[C@@H]1O,False,AdenosineOnly
CC(=O)OC[C@H]1O[C@@H](n2cnc3c(N)ncnc32)[C@@](C)(O)[C@@]1(C)O,False,AdenosineOnly
CC(=O)OC[C@H]1O[C@](C)(n2cnc3c(N)ncnc32)[C@H](O)[C@@]1(C)O,False,AdenosineOnly
CC(=O)OC[C@H]1O[C@@H](n2c(C)nc3c(N)ncnc32)[C@H](O)[C@@]1(C)O,False,AdenosineOnly
CC(=O)OC[C@H]1O[C@@H](n2cnc3c(N)nc(C)nc32)[C@H](O)[C@@]1(C)O,False,AdenosineOnly
C[C@]1(O)[C@H](O)[C@@H](COC=O)O[C@]1(C)n1cnc2c(N)ncnc21,False,AdenosineOnly
Cc1nc2c(N)ncnc2n1[C@@H]1O[C@H](COC=O)[C@@H](O)[C@]1(C)O,False,AdenosineOnly
Cc1nc(N)c2ncn([C@@H]3O[C@H](COC=O)[C@@H](O)[C@]3(C)O)c2n1,False,AdenosineOnly
CC1=Nc2ncnc3c2ncn3[C@@H]2O[C@H](CO1)[C@@H](O)[C@]2(C)O,False,AdenosineOnly
CC(O)OC[C@H]1O[C@@H](n2cnc3c(N)ncnc32)[C@]2(CO2)[C@@H]1O,False,AdenosineOnly
CC(O)OC[C@H]1O[C@@H](n2cnc3c(N)ncnc32)[C@]2(O)CO[C@H]12,False,AdenosineOnly
C[C@@]12OCC(O)OC[C@@H](O[C@H]1n1cnc3c(N)ncnc31)[C@H]2O,False,AdenosineOnly
C[C@]1(O)[C@@H]2OCC(O)OC[C@H]2O[C@H]1n1cnc2c(N)ncnc21,False,AdenosineOnly
C[C@]1(O)[C@H](O)[C@@H](COC(=O)CO)O[C@H]1n1cnc2c(N)ncnc21,False,AdenosineOnly
COC(=O)OC[C@H]1O[C@@H](n2cnc3c(N)ncnc32)[C@@](C)(O)[C@@H]1O,False,AdenosineOnly
C[C@]1(O)[C@H](O)[C@@H](COC(O)CO)O[C@H]1n1cnc2c(N)ncnc21,False,AdenosineOnly
CC[C@]1(O)[C@H](O)[C@@H](COC(C)=O)O[C@H]1n1cnc2c(N)ncnc21,False,AdenosineOnly
CC(=O)OC[C@H]1O[C@](C)(n2cnc3c(N)ncnc32)[C@@](C)(O)[C@@H]1O,False,AdenosineOnly
CC(=O)OC[C@H]1O[C@@H](n2c(C)nc3c(N)ncnc32)[C@@](C)(O)[C@@H]1O,False,AdenosineOnly
CC(=O)OC[C@H]1O[C@@H](n2cnc3c(N)nc(C)nc32)[C@@](C)(O)[C@@H]1O,False,AdenosineOnly
Cc1nc2c(N)ncnc2n1[C@@]1(C)O[C@H](COC=O)[C@@H](O)[C@H]1O,False,AdenosineOnly
Cc1nc(N)c2ncn([C@@]3(C)O[C@H](COC=O)[C@@H](O)[C@H]3O)c2n1,False,AdenosineOnly
CC1=Nc2ncnc3c2ncn3[C@@]2(C)O[C@H](CO1)[C@@H](O)[C@H]2O,False,AdenosineOnly
CC(O)OC[C@H]1O[C@@]2(n3cnc4c(N)ncnc43)CO[C@@H]2[C@@H]1O,False,AdenosineOnly
CC(O)OC[C@H]1O[C@@]2(n3cnc4c(N)ncnc43)CO[C@H]1[C@H]2O,False,AdenosineOnly
C[C@]1(n2cnc3c(N)ncnc32)O[C@@H]2COC(O)CO[C@@H]1[C@@H]2O,False,AdenosineOnly
C[C@]1(n2cnc3c(N)ncnc32)O[C@@H]2COC(O)CO[C@H]2[C@H]1O,False,AdenosineOnly
C[C@]1(n2cnc3c(N)ncnc32)O[C@H](COC(=O)CO)[C@@H](O)[C@H]1O,False,AdenosineOnly
COC(=O)OC[C@H]1O[C@](C)(n2cnc3c(N)ncnc32)[C@H](O)[C@@H]1O,False,AdenosineOnly
C[C@]1(n2cnc3c(N)ncnc32)O[C@H](COC(O)CO)[C@@H](O)[C@H]1O,False,AdenosineOnly
CC[C@]1(n2cnc3c(N)ncnc32)O[C@H](COC(C)=O)[C@@H](O)[C@H]1O,False,AdenosineOnly
CC(=O)OC[C@H]1O[C@](C)(n2c(C)nc3c(N)ncnc32)[C@H](O)[C@@H]1O,False,AdenosineOnly
CC(=O)OC[C@H]1O[C@](C)(n2cnc3c(N)nc(C)nc32)[C@H](O)[C@@H]1O,False,AdenosineOnly
Cc1nc(N)c2nc(C)n([C@@H]3O[C@H](COC=O)[C@@H](O)[C@H]3O)c2n1,False,AdenosineOnly
CC1=Nc2ncnc3c2nc(C)n3[C@@H]2O[C@H](CO1)[C@@H](O)[C@H]2O,False,AdenosineOnly
CC(O)OC[C@H]1O[C@@H]2[C@H](OCc3nc4c(N)ncnc4n32)[C@@H]1O,False,AdenosineOnly
CC(O)OC[C@H]1O[C@@H]2[C@H](O)[C@@H]1OCc1nc3c(N)ncnc3n12,False,AdenosineOnly
Cc1nc2c(N)ncnc2n1[C@@H]1O[C@@H]2COC(O)CO[C@@H]1[C@@H]2O,False,AdenosineOnly
Cc1nc2c(N)ncnc2n1[C@@H]1O[C@@H]2COC(O)CO[C@H]2[C@H]1O,False,AdenosineOnly
Cc1nc2c(N)ncnc2n1[C@@H]1O[C@H](COC(=O)CO)[C@@H](O)[C@H]1O,False,AdenosineOnly
COC(=O)OC[C@H]1O[C@@H](n2c(C)nc3c(N)ncnc32)[C@H](O)[C@@H]1O,False,AdenosineOnly
Cc1nc2c(N)ncnc2n1[C@@H]1O[C@H](COC(O)CO)[C@@H](O)[C@H]1O,False,AdenosineOnly
CCc1nc2c(N)ncnc2n1[C@@H]1O[C@H](COC(C)=O)[C@@H](O)[C@H]1O,False,AdenosineOnly
CC(=O)OC[C@H]1O[C@@H](n2c(C)nc3c(N)nc(C)nc32)[C@H](O)[C@@H]1O,False,AdenosineOnly
CC1=Nc2nc(C)nc3c2ncn3[C@@H]2O[C@H](CO1)[C@@H](O)[C@H]2O,False,AdenosineOnly
CC(O)OC[C@H]1O[C@@H]2[C@H](OCc3nc(N)c4ncn2c4n3)[C@@H]1O,False,AdenosineOnly
CC(O)OC[C@H]1O[C@@H]2[C@H](O)[C@@H]1OCc1nc(N)c3ncn2c3n1,False,AdenosineOnly
Cc1nc(N)c2ncn([C@@H]3O[C@@H]4COC(O)CO[C@@H]3[C@@H]4O)c2n1,False,AdenosineOnly
Cc1nc(N)c2ncn([C@@H]3O[C@@H]4COC(O)CO[C@H]4[C@H]3O)c2n1,False,AdenosineOnly
Cc1nc(N)c2ncn([C@@H]3O[C@H](COC(=O)CO)[C@@H](O)[C@H]3O)c2n1,False,AdenosineOnly
COC(=O)OC[C@H]1O[C@@H](n2cnc3c(N)nc(C)nc32)[C@H](O)[C@@H]1O,False,AdenosineOnly
Cc1nc(N)c2ncn([C@@H]3O[C@H](COC(O)CO)[C@@H](O)[C@H]3O)c2n1,False,AdenosineOnly
CCc1nc(N)c2ncn([C@@H]3O[C@H](COC(C)=O)[C@@H](O)[C@H]3O)c2n1,False,AdenosineOnly
C[C@]12OC=Nc3ncnc4c3ncn4[C@H](O[C@@H]1CO)[C@@H]2O,False,AdenosineOnly
Nc1ncnc2c1ncn2[C@@H]1O[C@H](CO)[C@@]2(OCO)CO[C@@H]12,False,AdenosineOnly
Nc1ncnc2c1ncn2[C@@H]1O[C@@H]2COC[C@@]2(OCO)[C@H]1O,False,AdenosineOnly
C[C@]1(OCO)[C@H]2CO[C@@]1(O)[C@H](n1cnc3c(N)ncnc31)O2,False,AdenosineOnly
C[C@@]1(OCO)[C@H]2O[C@@]1(CO)O[C@H]2n1cnc2c(N)ncnc21,False,AdenosineOnly
C[C@@]1(OCO)[C@@H](O)[C@H](n2cnc3c(N)ncnc32)O[C@@]12CO2,False,AdenosineOnly
C[C@@]1(OCO)[C@H]2O[C@]2(n2cnc3c(N)ncnc32)O[C@@H]1CO,False,AdenosineOnly
C[C@@]1(OCO)[C@@H](O)[C@]2(n3cnc4c(N)ncnc43)OC[C@H]1O2,False,AdenosineOnly
C[C@]1(OCO)[C@@H]2O[C@@H](n3cnc4c(N)ncnc43)[C@@H]1OC2O,False,AdenosineOnly
C[C@]1(OCO)[C@@H](CO)O[C@@H]2[C@@H]1Oc1nc3c(N)ncnc3n12,False,AdenosineOnly
C[C@]1(OCO)[C@H]2COc3nc4c(N)ncnc4n3[C@H](O2)[C@@H]1O,False,AdenosineOnly
C[C@]1(OCO)[C@@H](CO)O[C@@H]2[C@@H]1Oc1nc(N)c3ncn2c3n1,False,AdenosineOnly
C[C@]1(OCO)[C@H]2COc3nc(N)c4ncn(c4n3)[C@H](O2)[C@@H]1O,False,AdenosineOnly
CO[C@@]1(C)[C@@H](CO)O[C@@H](n2cnc3c(N)ncnc32)[C@@H]1O,False,AdenosineOnly
CC(=O)O[C@H]1[C@H](n2cnc3c(N)ncnc32)O[C@H](CO)[C@]1(C)OC=O,False,AdenosineOnly
C[C@H]1O[C@@H](n2cnc3c(N)ncnc32)[C@H](O)[C@@]1(C)OC=O,False,AdenosineOnly
C[C@]1(OC=O)[C@@H](C(=O)O)O[C@@H](n2cnc3c(N)ncnc32)[C@@H]1O,False,AdenosineOnly
C[C@]1(OC=O)[C@@H](CO)O[C@@H](n2cnc3c(N)ncnc32)[C@@H]1OC=O,False,AdenosineOnly
C[C@]1(O)[C@@H]2OC=Nc3ncnc4c3ncn4[C@@H]1O[C@@H]2CO,False,AdenosineOnly
Nc1ncnc2c1ncn2[C@@H]1O[C@H](CO)[C@@H](OCO)[C@@]12CO2,False,AdenosineOnly
Nc1ncnc2c1ncn2[C@@H]1O[C@@H]2COC[C@]1(O)[C@@H]2OCO,False,AdenosineOnly
C[C@]12O[C@]1(OCO)[C@@H](CO)O[C@H]2n1cnc2c(N)ncnc21,False,AdenosineOnly
C[C@@]1(O)[C@H](n2cnc3c(N)ncnc32)O[C@@H]2CO[C@]21OCO,False,AdenosineOnly
C[C@@]12O[C@]1(n1cnc3c(N)ncnc31)O[C@H](CO)[C@H]2OCO,False,AdenosineOnly
C[C@]1(O)[C@H](OCO)[C@H]2CO[C@]1(n1cnc3c(N)ncnc31)O2,False,AdenosineOnly
C[C@@]12O[C@@](CO)(O[C@H]1n1cnc3c(N)ncnc31)[C@H]2OCO,False,AdenosineOnly
C[C@]1(O)[C@H](OCO)[C@]2(CO2)O[C@H]1n1cnc2c(N)ncnc21,False,AdenosineOnly
C[C@@]12OC(O)[C@@H](O[C@H]1n1cnc3c(N)ncnc31)[C@H]2OCO,False,AdenosineOnly
C[C@@]12Oc3nc4c(N)ncnc4n3[C@@H]1O[C@H](CO)[C@H]2OCO,False,AdenosineOnly
C[C@]1(O)[C@H](OCO)[C@H]2COc3nc4c(N)ncnc4n3[C@@H]1O2,False,AdenosineOnly
C[C@@]12Oc3nc(N)c4ncn(c4n3)[C@@H]1O[C@H](CO)[C@H]2OCO,False,AdenosineOnly
C[C@]1(O)[C@H](OCO)[C@H]2COc3nc(N)c4ncn(c4n3)[C@@H]1O2,False,AdenosineOnly
CO[C@@H]1[C@@H](CO)O[C@@H](n2cnc3c(N)ncnc32)[C@@]1(C)O,False,AdenosineOnly
CC(=O)O[C@@]1(C)[C@H](OC=O)[C@@H](CO)O[C@H]1n1cnc2c(N)ncnc21,False,AdenosineOnly
C[C@H]1O[C@@H](n2cnc3c(N)ncnc32)[C@@](C)(O)[C@@H]1OC=O,False,AdenosineOnly
C[C@]1(O)[C@H](OC=O)[C@@H](C(=O)O)O[C@H]1n1cnc2c(N)ncnc21,False,AdenosineOnly
C[C@]1(OC=O)[C@H](OC=O)[C@@H](CO)O[C@H]1n1cnc2c(N)ncnc21,False,AdenosineOnly
C[C@H]1O[C@](CO)(n2cnc3c(N)ncnc32)[C@H](O)[C@@H]1OC=O,False,AdenosineOnly
C[C@@]1(CO)O[C@@H]2[C@H](O)[C@@H]1OC=Nc1ncnc3c1ncn32,False,AdenosineOnly
Nc1ncnc2c1ncn2[C@@H]1OC2(COC2)[C@@H](OCO)[C@H]1O,False,AdenosineOnly
Nc1ncnc2c1ncn2[C@@H]1O[C@]2(CO)CO[C@@H]1[C@@H]2OCO,False,AdenosineOnly
C[C@]12CO[C@@]1(OCO)[C@@H](O)[C@H](n1cnc3c(N)ncnc31)O2,False,AdenosineOnly
C[C@@]1(CO)O[C@@H](n2cnc3c(N)ncnc32)[C@@H]2O[C@@]21OCO,False,AdenosineOnly
C[C@]12O[C@@H](n3cnc4c(N)ncnc43)[C@H](OC1O)[C@@H]2OCO,False,AdenosineOnly
C[C@@]12CO[C@@](O)([C@H](n3cnc4c(N)ncnc43)O1)[C@@H]2OCO,False,AdenosineOnly
C[C@@]12CO[C@](n3cnc4c(N)ncnc43)(O1)[C@H](O)[C@@H]2OCO,False,AdenosineOnly
C[C@@]1(CO)O[C@@]2(n3cnc4c(N)ncnc43)O[C@@H]2[C@@H]1OCO,False,AdenosineOnly
C[C@@]12COc3nc4c(N)ncnc4n3[C@H](O1)[C@H](O)[C@@H]2OCO,False,AdenosineOnly
C[C@@]1(CO)O[C@@H]2[C@H](Oc3nc4c(N)ncnc4n32)[C@@H]1OCO,False,AdenosineOnly
C[C@@]12COc3nc(N)c4ncn(c4n3)[C@H](O1)[C@H](O)[C@@H]2OCO,False,AdenosineOnly
C[C@@]1(CO)O[C@@H]2[C@H](Oc3nc(N)c4ncn2c4n3)[C@@H]1OCO,False,AdenosineOnly
CO[C@H]1[C@@H](O)[C@H](n2cnc3c(N)ncnc32)O[C@@]1(C)CO,False,AdenosineOnly
CC(=O)O[C@H]1[C@H](n2cnc3c(N)ncnc32)O[C@@](C)(CO)[C@H]1OC=O,False,AdenosineOnly
CC1(C)O[C@@H](n2cnc3c(N)ncnc32)[C@H](O)[C@@H]1OC=O,False,AdenosineOnly
C[C@@]1(C(=O)O)O[C@@H](n2cnc3c(N)ncnc32)[C@H](O)[C@@H]1OC=O,False,AdenosineOnly
C[C@@]1(CO)O[C@@H](n2cnc3c(N)ncnc32)[C@H](OC=O)[C@@H]1OC=O,False,AdenosineOnly
C[C@@]12O[C@H](CO)[C@@H](OC=Nc3ncnc4c3ncn41)[C@H]2O,False,AdenosineOnly
Nc1ncnc2c1ncn2[C@]12CO[C@@H]1[C@H](OCO)[C@@H](CO)O2,False,AdenosineOnly
Nc1ncnc2c1ncn2[C@@]12COC[C@@H](O1)[C@@H](OCO)[C@H]2O,False,AdenosineOnly
C[C@]1(n2cnc3c(N)ncnc32)O[C@@H]2CO[C@]1(O)[C@@H]2OCO,False,AdenosineOnly
C[C@]1(n2cnc3c(N)ncnc32)O[C@H](CO)[C@@]2(OCO)O[C@H]21,False,AdenosineOnly
C[C@]1(n2cnc3c(N)ncnc32)O[C@@H]2CO[C@@]2(OCO)[C@H]1O,False,AdenosineOnly
C[C@]12O[C@H](CO)[C@@H](OCO)[C@H]1Oc1nc3c(N)ncnc3n12,False,AdenosineOnly
C[C@@]12O[C@H](COc3nc4c(N)ncnc4n31)[C@@H](OCO)[C@H]2O,False,AdenosineOnly
C[C@]1(n2cnc3c(N)ncnc32)O[C@]2(CO)O[C@@H]1[C@@H]2OCO,False,AdenosineOnly
C[C@]1(n2cnc3c(N)ncnc32)O[C@@]2(CO2)[C@@H](OCO)[C@H]1O,False,AdenosineOnly
C[C@]1(n2cnc3c(N)ncnc32)O[C@@H]2C(O)O[C@@H]1[C@@H]2OCO,False,AdenosineOnly
C[C@]12O[C@H](CO)[C@@H](OCO)[C@H]1Oc1nc(N)c3ncn2c3n1,False,AdenosineOnly
C[C@@]12O[C@H](COc3nc(N)c4ncn1c4n3)[C@@H](OCO)[C@H]2O,False,AdenosineOnly
CO[C@H]1[C@@H](O)[C@@](C)(n2cnc3c(N)ncnc32)O[C@@H]1CO,False,AdenosineOnly
CC(=O)O[C@@H]1[C@H](OC=O)[C@@H](CO)O[C@]1(C)n1cnc2c(N)ncnc21,False,AdenosineOnly
C[C@H]1O[C@](C)(n2cnc3c(N)ncnc32)[C@H](O)[C@@H]1OC=O,False,AdenosineOnly
C[C@]1(n2cnc3c(N)ncnc32)O[C@H](C(=O)O)[C@@H](OC=O)[C@H]1O,False,AdenosineOnly
C[C@]1(n2cnc3c(N)ncnc32)O[C@H](CO)[C@@H](OC=O)[C@H]1OC=O,False,AdenosineOnly
Nc1ncnc2c1ncn2[C@@H]1OC[C@@H](OC=O)[C@H]1O,False,AdenosineOnly
CC(O)[C@H]1O[C@@H]2[C@H](O)[C@@H]1OC=Nc1ncnc3c1ncn32,False,AdenosineOnly
CC1(O)O[C@@H]2[C@H](OCO)[C@@H]1O[C@H]2n1cnc2c(N)ncnc21,False,AdenosineOnly
Nc1ncnc2c1ncn2[C@@H]1O[C@H](C2CO2)[C@@H](OCO)[C@H]1O,False,AdenosineOnly
Nc1ncnc2c1ncn2[C@@H]1O[C@@H]2C(O)CO[C@@H]1[C@@H]2OCO,False,AdenosineOnly
CC1O[C@]12O[C@@H](n1cnc3c(N)ncnc31)[C@H](O)[C@@H]2OCO,False,AdenosineOnly
CC(O)[C@]12O[C@@H]([C@H](n3cnc4c(N)ncnc43)O1)[C@@H]2OCO,False,AdenosineOnly
CC1O[C@]2(OCO)[C@@H]1O[C@@H](n1cnc3c(N)ncnc31)[C@@H]2O,False,AdenosineOnly
CC(O)[C@H]1O[C@@H](n2cnc3c(N)ncnc32)[C@@H]2O[C@]12OCO,False,AdenosineOnly
CC1O[C@]2(O)[C@H](OCO)[C@@H]1O[C@H]2n1cnc2c(N)ncnc21,False,AdenosineOnly
CC1O[C@]2(n3cnc4c(N)ncnc43)O[C@H]1[C@@H](OCO)[C@H]2O,False,AdenosineOnly
CC(O)[C@H]1O[C@@]2(n3cnc4c(N)ncnc43)O[C@@H]2[C@@H]1OCO,False,AdenosineOnly
CC1Oc2nc3c(N)ncnc3n2[C@@H]2O[C@H]1[C@@H](OCO)[C@H]2O,False,AdenosineOnly
CC(O)[C@H]1O[C@@H]2[C@H](Oc3nc4c(N)ncnc4n32)[C@@H]1OCO,False,AdenosineOnly
CC1Oc2nc(N)c3ncn(c3n2)[C@@H]2O[C@H]1[C@@H](OCO)[C@H]2O,False,AdenosineOnly
CC(O)[C@H]1O[C@@H]2[C@H](Oc3nc(N)c4ncn2c4n3)[C@@H]1OCO,False,AdenosineOnly
CO[C@H]1[C@@H](O)[C@H](n2cnc3c(N)ncnc32)O[C@@H]1C(C)O,False,AdenosineOnly
CC(C)(O)[C@H]1O[C@@H](n2cnc3c(N)ncnc32)[C@H](O)[C@@H]1OC=O,False,AdenosineOnly
CCC(O)[C@H]1O[C@@H](n2cnc3c(N)ncnc32)[C@H](O)[C@@H]1OC=O,False,AdenosineOnly
CC(=O)O[C@@H]1[C@H](OC=O)[C@@H](C(C)O)O[C@H]1n1cnc2c(N)ncnc21,False,AdenosineOnly
CC(Cl)[C@H]1O[C@@H](n2cnc3c(N)ncnc32)[C@H](O)[C@@H]1OC=O,False,AdenosineOnly
CC(O)(O)[C@H]1O[C@@H](n2cnc3c(N)ncnc32)[C@H](O)[C@@H]1OC=O,False,AdenosineOnly
Nc1ncnc2c1ncn2[C@@H]1O[C@H](C(O)CO)[C@@H](OC=O)[C@H]1O,False,AdenosineOnly
CC(O)(O)[C@H]1O[C@@H](n2cnc3c(N)ncnc32)[C@H](O)[C@@H]1OCO,False,AdenosineOnly
Nc1ncnc2c1ncn2[C@@H]1O[C@H](C(O)CO)[C@@H](OCO)[C@H]1O,False,AdenosineOnly
CC[C@H]1O[C@@H](n2cnc3c(N)ncnc32)[C@H](O)[C@@H]1OC=O,False,AdenosineOnly
CC(O)[C@H]1O[C@@H](n2cnc3c(N)ncnc32)[C@H](OC=O)[C@@H]1OC=O,False,AdenosineOnly
CC(O)[C@]1(C)O[C@@H](n2cnc3c(N)ncnc32)[C@H](O)[C@@H]1OC=O,False,AdenosineOnly
CC(O)[C@H]1O[C@@H](n2cnc3c(N)ncnc32)[C@H](O)[C@@]1(C)OC=O,False,AdenosineOnly
CC(O)[C@H]1O[C@@H](n2cnc3c(N)ncnc32)[C@@](C)(O)[C@@H]1OC=O,False,AdenosineOnly
CC(O)[C@H]1O[C@](C)(n2cnc3c(N)ncnc32)[C@H](O)[C@@H]1OC=O,False,AdenosineOnly
Cc1nc2c(N)ncnc2n1[C@@H]1O[C@H](C(C)O)[C@@H](OC=O)[C@H]1O,False,AdenosineOnly
Cc1nc(N)c2ncn([C@@H]3O[C@H](C(C)O)[C@@H](OC=O)[C@H]3O)c2n1,False,AdenosineOnly
Cc1nc2c3ncnc2n1[C@@H]1O[C@H](CO)[C@@H](OC=N3)[C@H]1O,False,AdenosineOnly
Nc1ncnc2c1nc1n2[C@@H]2O[C@H](CO)[C@@H](OCO)[C@H]2OC1,False,AdenosineOnly
Nc1ncnc2c1nc1n2[C@@H]2O[C@H](COC1)[C@@H](OCO)[C@H]2O,False,AdenosineOnly
Cc1nc2c(N)ncnc2n1[C@]12O[C@@H]1[C@H](OCO)[C@@H](CO)O2,False,AdenosineOnly
Cc1nc2c(N)ncnc2n1[C@@]12OC[C@@H](O1)[C@@H](OCO)[C@H]2O,False,AdenosineOnly
Cc1nc2c(N)ncnc2n1[C@@H]1O[C@@H]2CO[C@]1(O)[C@@H]2OCO,False,AdenosineOnly
Cc1nc2c(N)ncnc2n1[C@@H]1O[C@H](CO)[C@@]2(OCO)O[C@@H]12,False,AdenosineOnly
Cc1nc2c(N)ncnc2n1[C@@H]1O[C@@H]2CO[C@@]2(OCO)[C@H]1O,False,AdenosineOnly
Cc1nc2c(N)ncnc2n1[C@@H]1O[C@]2(CO)O[C@@H]1[C@@H]2OCO,False,AdenosineOnly
Cc1nc2c(N)ncnc2n1[C@@H]1O[C@@]2(CO2)[C@@H](OCO)[C@H]1O,False,AdenosineOnly
Cc1nc2c(N)nc3nc2n1[C@@H]1O[C@H](CO)[C@@H](OCO)[C@H]1O3,False,AdenosineOnly
Cc1nc2c(N)nc3nc2n1[C@@H]1O[C@H](CO3)[C@@H](OCO)[C@H]1O,False,AdenosineOnly
Cc1nc2c(N)ncnc2n1[C@@H]1O[C@@H]2C(O)O[C@@H]1[C@@H]2OCO,False,AdenosineOnly
CO[C@H]1[C@@H](O)[C@H](n2c(C)nc3c(N)ncnc32)O[C@@H]1CO,False,AdenosineOnly
CC(=O)O[C@@H]1[C@H](OC=O)[C@@H](CO)O[C@H]1n1c(C)nc2c(N)ncnc21,False,AdenosineOnly
Cc1nc2c(N)ncnc2n1[C@@H]1O[C@H](C)[C@@H](OC=O)[C@H]1O,False,AdenosineOnly
Cc1nc2c(N)ncnc2n1[C@@H]1O[C@H](C(=O)O)[C@@H](OC=O)[C@H]1O,False,AdenosineOnly
Cc1nc2c(N)ncnc2n1[C@@H]1O[C@H](CO)[C@@H](OC=O)[C@H]1OC=O,False,AdenosineOnly
Cc1nc2c3ncn(c3n1)[C@@H]1O[C@H](CO)[C@@H](OC=N2)[C@H]1O,False,AdenosineOnly
Nc1nc2nc3c1ncn3[C@@H]1O[C@H](CO)[C@@H](OCO)[C@H]1OC2,False,AdenosineOnly
Nc1nc2nc3c1ncn3[C@@H]1O[C@H](COC2)[C@@H](OCO)[C@H]1O,False,AdenosineOnly
Cc1nc(N)c2ncn([C@]34O[C@@H]3[C@H](OCO)[C@@H](CO)O4)c2n1,False,AdenosineOnly
Cc1nc(N)c2ncn([C@@]34OC[C@@H](O3)[C@@H](OCO)[C@H]4O)c2n1,False,AdenosineOnly
Cc1nc(N)c2nc3n(c2n1)[C@@H]1O[C@H](CO)[C@@H](OCO)[C@H]1O3,False,AdenosineOnly
Cc1nc(N)c2nc3n(c2n1)[C@@H]1O[C@H](CO3)[C@@H](OCO)[C@H]1O,False,AdenosineOnly
Cc1nc(N)c2ncn([C@@H]3O[C@@H]4CO[C@]3(O)[C@@H]4OCO)c2n1,False,AdenosineOnly
Cc1nc(N)c2ncn([C@@H]3O[C@H](CO)[C@@]4(OCO)O[C@@H]34)c2n1,False,AdenosineOnly
Cc1nc(N)c2ncn([C@@H]3O[C@@H]4CO[C@@]4(OCO)[C@H]3O)c2n1,False,AdenosineOnly
Cc1nc(N)c2ncn([C@@H]3O[C@]4(CO)O[C@@H]3[C@@H]4OCO)c2n1,False,AdenosineOnly
Cc1nc(N)c2ncn([C@@H]3O[C@@]4(CO4)[C@@H](OCO)[C@H]3O)c2n1,False,AdenosineOnly
Cc1nc(N)c2ncn([C@@H]3O[C@@H]4C(O)O[C@@H]3[C@@H]4OCO)c2n1,False,AdenosineOnly
CO[C@H]1[C@@H](O)[C@H](n2cnc3c(N)nc(C)nc32)O[C@@H]1CO,False,AdenosineOnly
CC(=O)O[C@@H]1[C@H](OC=O)[C@@H](CO)O[C@H]1n1cnc2c(N)nc(C)nc21,False,AdenosineOnly
Cc1nc(N)c2ncn([C@@H]3O[C@H](C)[C@@H](OC=O)[C@H]3O)c2n1,False,AdenosineOnly
Cc1nc(N)c2ncn([C@@H]3O[C@H](C(=O)O)[C@@H](OC=O)[C@H]3O)c2n1,False,AdenosineOnly
Cc1nc(N)c2ncn([C@@H]3O[C@H](CO)[C@@H](OC=O)[C@H]3OC=O)c2n1,False,AdenosineOnly
CC1=Nc2nc(CO)nc3c2ncn3[C@@H]2OC[C@@H](O1)[C@H]2O,False,AdenosineOnly
CC1=Nc2ncnc3c2nc(CO)n3[C@@H]2OC[C@@H](O1)[C@H]2O,False,AdenosineOnly
CC1=Nc2ncnc3c2ncn3[C@@H]2OC[C@@H](O1)[C@@]2(O)CO,False,AdenosineOnly
CC1=Nc2ncnc3c2ncn3[C@@H]2OC[C@](CO)(O1)[C@H]2O,False,AdenosineOnly
OCCC1=Nc2ncnc3c2ncn3[C@@H]2OC[C@@H](O1)[C@H]2O,False,AdenosineOnly
CC(=O)O[C@@H]1[C@@H]2OC(C)=Nc3ncnc4c3ncn4[C@@H]1O[C@@H]2CO,False,AdenosineOnly
CC1=Nc2ncnc3c2ncn3[C@@H]2O[C@H](C)[C@@H](O1)[C@H]2O,False,AdenosineOnly
CC1=Nc2ncnc3c2ncn3[C@@H]2O[C@H](C(=O)O)[C@@H](O1)[C@H]2O,False,AdenosineOnly
Nc1ncnc2c1ncn2[C@@H]1OC[C@H]2OC(O)C(CO)O[C@@H]12,False,AdenosineOnly
Nc1ncnc2c1ncn2[C@@H]1OC[C@H]2OC(O)(CO)CO[C@@H]12,False,AdenosineOnly
Nc1ncnc2c1ncn2[C@@H]1OC[C@H]2OC(O)CO[C@@]21CO,False,AdenosineOnly
Nc1ncnc2c1ncn2[C@@H]1OC[C@]2(CO)OC(O)CO[C@@H]12,False,AdenosineOnly
Nc1ncnc2c1nc(CO)n2[C@@H]1OC[C@H]2OC(O)CO[C@@H]12,False,AdenosineOnly
Nc1nc(CO)nc2c1ncn2[C@@H]1OC[C@H]2OC(O)CO[C@@H]12,False,AdenosineOnly
COC1CO[C@@H]2[C@H](O1)[C@@H](CO)O[C@H]2n1cnc2c(N)ncnc21,False,AdenosineOnly
CC(=O)OC1CO[C@@H]2[C@H](O1)[C@@H](CO)O[C@H]2n1cnc2c(N)ncnc21,False,AdenosineOnly
C[C@H]1O[C@@H](n2cnc3c(N)ncnc32)[C@@H]2OCC(O)O[C@@H]21,False,AdenosineOnly
Nc1ncnc2c1ncn2[C@@H]1O[C@H](C(=O)O)[C@H]2OC(O)CO[C@H]21,False,AdenosineOnly
COC1COC[C@H]2O[C@@H](n3cnc4c(N)ncnc43)[C@H](O)[C@@H]2O1,False,AdenosineOnly
CC(=O)OC1COC[C@H]2O[C@@H](n3cnc4c(N)ncnc43)[C@H](O)[C@@H]2O1,False,AdenosineOnly
CC(=O)O[C@@H]1[C@@H]2OC(O)COC[C@H]2O[C@H]1n1cnc2c(N)ncnc21,False,AdenosineOnly
CC(O)(CO)O[C@@]12CO[C@@H](n3cnc4c(N)ncnc43)[C@@H]1O2,False,AdenosineOnly
CC(O)O[C@@]12CO[C@@H](n3cnc4c(N)ncnc43)[C@@]1(CO)O2,False,AdenosineOnly
CC(O)O[C@@]12CO[C@@H](n3c(CO)nc4c(N)ncnc43)[C@@H]1O2,False,AdenosineOnly
CC(O)O[C@@]12CO[C@@H](n3cnc4c(N)nc(CO)nc43)[C@@H]1O2,False,AdenosineOnly
Nc1ncnc2c1ncn2[C@@H]1OC[C@@]2(OC(O)CCO)O[C@@H]12,False,AdenosineOnly
Nc1ncnc2c1ncn2[C@@H]1O[C@H](CO)[C@@]2(OC=O)O[C@@H]12,False,AdenosineOnly
CCO[C@]12O[C@H]1[C@H](n1cnc3c(N)ncnc31)O[C@@H]2C=O,False,AdenosineOnly
COC(C)O[C@]12O[C@H]1[C@H](n1cnc3c(N)ncnc31)O[C@@H]2CO,False,AdenosineOnly
CC(C)(O)O[C@]12O[C@H]1[C@H](n1cnc3c(N)ncnc31)O[C@@H]2CO,False,AdenosineOnly
CCC(O)O[C@]12O[C@H]1[C@H](n1cnc3c(N)ncnc31)O[C@@H]2CO,False,AdenosineOnly
CC(=O)OC(C)O[C@]12O[C@H]1[C@H](n1cnc3c(N)ncnc31)O[C@@H]2CO,False,AdenosineOnly
CC(Cl)O[C@]12O[C@H]1[C@H](n1cnc3c(N)ncnc31)O[C@@H]2CO,False,AdenosineOnly
CC(O)(O)O[C@]12O[C@H]1[C@H](n1cnc3c(N)ncnc31)O[C@@H]2CO,False,AdenosineOnly
Nc1ncnc2c1ncn2[C@@H]1O[C@H](CO)[C@@]2(OC(O)CO)O[C@@H]12,False,AdenosineOnly
CC(O)O[C@@]1(O)[C@@H](CO)O[C@@H](n2cnc3c(N)ncnc32)[C@@H]1O,False,AdenosineOnly
Nc1ncnc2c1ncn2[C@@H]1O[C@@H]2CO[C@]2(O)[C@H]1O,False,AdenosineOnly
CCO[C@]12O[C@H]1[C@H](n1cnc3c(N)ncnc31)O[C@@H]2CO,False,AdenosineOnly
CC(O)O[C@]12O[C@H]1[C@H](n1cnc3c(N)ncnc31)O[C@@H]2C,False,AdenosineOnly
CC(O)O[C@]12O[C@H]1[C@H](n1cnc3c(N)ncnc31)O[C@@H]2C(=O)O,False,AdenosineOnly
CC(O)OC(C)O[C@]12O[C@H]1[C@H](n1cnc3c(N)ncnc31)O[C@@H]2CO,False,AdenosineOnly
CC(O)O[C@]12O[C@]1(C)[C@H](n1cnc3c(N)ncnc31)O[C@@H]2CO,False,AdenosineOnly
CC(O)O[C@]12O[C@H]1[C@H](n1cnc3c(N)ncnc31)O[C@@]2(C)CO,False,AdenosineOnly
CC(O)O[C@]12O[C@H]1[C@@](C)(n1cnc3c(N)ncnc31)O[C@@H]2CO,False,AdenosineOnly
CC(O)O[C@]12O[C@H]1[C@H](n1cnc3c(N)ncnc31)O[C@@H]2C(C)O,False,AdenosineOnly
Cc1nc2c(N)ncnc2n1[C@@H]1O[C@H](CO)[C@@]2(OC(C)O)O[C@@H]12,False,AdenosineOnly
Cc1nc(N)c2ncn([C@@H]3O[C@H](CO)[C@@]4(OC(C)O)O[C@@H]34)c2n1,False,AdenosineOnly
Nc1ncnc2c1ncn2[C@@H]1O[C@@H]2CO[C@@]2(OC=O)[C@H]1O,False,AdenosineOnly
CC(=O)O[C@@]12OC[C@H]1O[C@@H](n1cnc3c(N)ncnc31)[C@@H]2O,False,AdenosineOnly
COC(C)O[C@@]12OC[C@H]1O[C@@H](n1cnc3c(N)ncnc31)[C@@H]2O,False,AdenosineOnly
CC(C)(O)O[C@@]12OC[C@H]1O[C@@H](n1cnc3c(N)ncnc31)[C@@H]2O,False,AdenosineOnly
CCC(O)O[C@@]12OC[C@H]1O[C@@H](n1cnc3c(N)ncnc31)[C@@H]2O,False,AdenosineOnly
CC(=O)OC(C)O[C@@]12OC[C@H]1O[C@@H](n1cnc3c(N)ncnc31)[C@@H]2O,False,AdenosineOnly
CC(=O)O[C@H]1[C@H](n2cnc3c(N)ncnc32)O[C@@H]2CO[C@]21OC(C)O,False,AdenosineOnly
CC(Cl)O[C@@]12OC[C@H]1O[C@@H](n1cnc3c(N)ncnc31)[C@@H]2O,False,AdenosineOnly
CC(O)(O)O[C@@]12OC[C@H]1O[C@@H](n1cnc3c(N)ncnc31)[C@@H]2O,False,AdenosineOnly
Nc1ncnc2c1ncn2[C@@H]1O[C@@H]2CO[C@@]2(OC(O)CO)[C@H]1O,False,AdenosineOnly
CCO[C@@]12OC[C@H]1O[C@@H](n1cnc3c(N)ncnc31)[C@@H]2O,False,AdenosineOnly
CC(O)O[C@H]1[C@H](n2cnc3c(N)ncnc32)O[C@@H]2CO[C@]21OC(C)O,False,AdenosineOnly
CC(O)OC(C)O[C@@]12OC[C@H]1O[C@@H](n1cnc3c(N)ncnc31)[C@@H]2O,False,AdenosineOnly
CC(O)O[C@@]12OC[C@H]1O[C@@H](n1cnc3c(N)ncnc31)[C@@]2(C)O,False,AdenosineOnly
CC(O)O[C@@]12OC[C@]1(C)O[C@@H](n1cnc3c(N)ncnc31)[C@@H]2O,False,AdenosineOnly
CC(O)O[C@@]12OC[C@H]1O[C@](C)(n1cnc3c(N)ncnc31)[C@@H]2O,False,AdenosineOnly
CC(O)O[C@@]12OC(C)[C@H]1O[C@@H](n1cnc3c(N)ncnc31)[C@@H]2O,False,AdenosineOnly
Cc1nc2c(N)ncnc2n1[C@@H]1O[C@@H]2CO[C@@]2(OC(C)O)[C@H]1O,False,AdenosineOnly
Cc1nc(N)c2ncn([C@@H]3O[C@@H]4CO[C@@]4(OC(C)O)[C@H]3O)c2n1,False,AdenosineOnly
Nc1ncnc2c1ncn2[C@@H]1O[C@@H]2CO[C@]1(O)[C@@H]2OC=O,False,AdenosineOnly
CC(=O)O[C@@H]1[C@H]2CO[C@@]1(O)[C@H](n1cnc3c(N)ncnc31)O2,False,AdenosineOnly
COC(C)O[C@@H]1[C@H]2CO[C@@]1(O)[C@H](n1cnc3c(N)ncnc31)O2,False,AdenosineOnly
CC(C)(O)O[C@@H]1[C@H]2CO[C@@]1(O)[C@H](n1cnc3c(N)ncnc31)O2,False,AdenosineOnly
CCC(O)O[C@@H]1[C@H]2CO[C@@]1(O)[C@H](n1cnc3c(N)ncnc31)O2,False,AdenosineOnly
CC(=O)OC(C)O[C@@H]1[C@H]2CO[C@@]1(O)[C@H](n1cnc3c(N)ncnc31)O2,False,AdenosineOnly
CC(=O)O[C@]12OC[C@@H](O[C@H]1n1cnc3c(N)ncnc31)[C@H]2OC(C)O,False,AdenosineOnly
CC(Cl)O[C@@H]1[C@H]2CO[C@@]1(O)[C@H](n1cnc3c(N)ncnc31)O2,False,AdenosineOnly
CC(O)(O)O[C@@H]1[C@H]2CO[C@@]1(O)[C@H](n1cnc3c(N)ncnc31)O2,False,AdenosineOnly
Nc1ncnc2c1ncn2[C@@H]1O[C@@H]2CO[C@]1(O)[C@@H]2OC(O)CO,False,AdenosineOnly
CCO[C@@H]1[C@H]2CO[C@@]1(O)[C@H](n1cnc3c(N)ncnc31)O2,False,AdenosineOnly
CC(O)O[C@@H]1[C@H]2CO[C@@]1(OC(C)O)[C@H](n1cnc3c(N)ncnc31)O2,False,AdenosineOnly
CC(O)OC(C)O[C@@H]1[C@H]2CO[C@@]1(O)[C@H](n1cnc3c(N)ncnc31)O2,False,AdenosineOnly
CC(O)O[C@@]1(C)[C@H]2CO[C@@]1(O)[C@H](n1cnc3c(N)ncnc31)O2,False,AdenosineOnly
CC(O)O[C@@H]1[C@H]2CO[C@@]1(O)[C@@](C)(n1cnc3c(N)ncnc31)O2,False,AdenosineOnly
CC(O)O[C@H]1[C@@]2(O)OC[C@]1(C)O[C@H]2n1cnc2c(N)ncnc21,False,AdenosineOnly
CC(O)O[C@@H]1[C@@H]2O[C@@H](n3cnc4c(N)ncnc43)[C@]1(O)OC2C,False,AdenosineOnly
Cc1nc2c(N)ncnc2n1[C@@H]1O[C@@H]2CO[C@]1(O)[C@@H]2OC(C)O,False,AdenosineOnly
Cc1nc(N)c2ncn([C@@H]3O[C@@H]4CO[C@]3(O)[C@@H]4OC(C)O)c2n1,False,AdenosineOnly
CC(O)(CO)O[C@@H]1[C@H]2O[C@H]1[C@H](n1cnc3c(N)ncnc31)O2,False,AdenosineOnly
CC(O)O[C@@]1(CO)[C@@H]2O[C@@H](n3cnc4c(N)ncnc43)[C@@H]1O2,False,AdenosineOnly
CC(O)O[C@@H]1[C@@H]2O[C@@H](n3cnc4c(N)ncnc43)[C@@]1(CO)O2,False,AdenosineOnly
CC(O)O[C@@H]1[C@H]2O[C@H]1[C@@](CO)(n1cnc3c(N)ncnc31)O2,False,AdenosineOnly
CC(O)O[C@@H]1[C@H]2O[C@H]1[C@H](n1c(CO)nc3c(N)ncnc31)O2,False,AdenosineOnly
CC(O)O[C@@H]1[C@H]2O[C@H]1[C@H](n1cnc3c(N)nc(CO)nc31)O2,False,AdenosineOnly
Nc1ncnc2c1ncn2[C@@H]1O[C@@H]2O[C@@H]1[C@@H]2OC(O)CCO,False,AdenosineOnly
Nc1ncnc2c1ncn2[C@@H]1O[C@]2(CO)O[C@@H]1[C@@H]2OC=O,False,AdenosineOnly
CCO[C@H]1[C@H]2O[C@@]1(C=O)O[C@H]2n1cnc2c(N)ncnc21,False,AdenosineOnly
COC(C)O[C@H]1[C@H]2O[C@@]1(CO)O[C@H]2n1cnc2c(N)ncnc21,False,AdenosineOnly
CC(C)(O)O[C@H]1[C@H]2O[C@@]1(CO)O[C@H]2n1cnc2c(N)ncnc21,False,AdenosineOnly
CCC(O)O[C@H]1[C@H]2O[C@@]1(CO)O[C@H]2n1cnc2c(N)ncnc21,False,AdenosineOnly
CC(=O)OC(C)O[C@H]1[C@H]2O[C@@]1(CO)O[C@H]2n1cnc2c(N)ncnc21,False,AdenosineOnly
CC(Cl)O[C@H]1[C@H]2O[C@@]1(CO)O[C@H]2n1cnc2c(N)ncnc21,False,AdenosineOnly
CC(O)(O)O[C@H]1[C@H]2O[C@@]1(CO)O[C@H]2n1cnc2c(N)ncnc21,False,AdenosineOnly
Nc1ncnc2c1ncn2[C@@H]1O[C@]2(CO)O[C@@H]1[C@@H]2OC(O)CO,False,AdenosineOnly
CCO[C@H]1[C@H]2O[C@@]1(CO)O[C@H]2n1cnc2c(N)ncnc21,False,AdenosineOnly
CC(O)O[C@H]1[C@H]2O[C@@]1(C)O[C@H]2n1cnc2c(N)ncnc21,False,AdenosineOnly
CC(O)O[C@H]1[C@H]2O[C@@]1(C(=O)O)O[C@H]2n1cnc2c(N)ncnc21,False,AdenosineOnly
CC(O)OC(C)O[C@H]1[C@H]2O[C@@]1(CO)O[C@H]2n1cnc2c(N)ncnc21,False,AdenosineOnly
CC(O)O[C@]1(C)[C@H]2O[C@@]1(CO)O[C@H]2n1cnc2c(N)ncnc21,False,AdenosineOnly
CC(O)O[C@H]1[C@H]2O[C@@]1(C(C)O)O[C@H]2n1cnc2c(N)ncnc21,False,AdenosineOnly
CC(O)O[C@@H]1[C@]2(CO)O[C@@H](n3cnc4c(N)ncnc43)[C@@]1(C)O2,False,AdenosineOnly
CC(O)O[C@H]1[C@H]2O[C@@]1(CO)O[C@]2(C)n1cnc2c(N)ncnc21,False,AdenosineOnly
Cc1nc2c(N)ncnc2n1[C@@H]1O[C@]2(CO)O[C@@H]1[C@@H]2OC(C)O,False,AdenosineOnly
Cc1nc(N)c2ncn([C@@H]3O[C@]4(CO)O[C@@H]3[C@@H]4OC(C)O)c2n1,False,AdenosineOnly
Nc1ncnc2c1ncn2[C@@H]1O[C@@]2(CO2)[C@@H](OC=O)[C@H]1O,False,AdenosineOnly
CC(=O)O[C@H]1[C@@H](O)[C@H](n2cnc3c(N)ncnc32)O[C@@]12CO2,False,AdenosineOnly
COC(C)O[C@H]1[C@@H](O)[C@H](n2cnc3c(N)ncnc32)O[C@@]12CO2,False,AdenosineOnly
CC(C)(O)O[C@H]1[C@@H](O)[C@H](n2cnc3c(N)ncnc32)O[C@@]12CO2,False,AdenosineOnly
CCC(O)O[C@H]1[C@@H](O)[C@H](n2cnc3c(N)ncnc32)O[C@@]12CO2,False,AdenosineOnly
CC(=O)OC(C)O[C@H]1[C@@H](O)[C@H](n2cnc3c(N)ncnc32)O[C@@]12CO2,False,AdenosineOnly
CC(=O)O[C@H]1[C@H](n2cnc3c(N)ncnc32)O[C@@]2(CO2)[C@H]1OC(C)O,False,AdenosineOnly
CC(Cl)O[C@H]1[C@@H](O)[C@H](n2cnc3c(N)ncnc32)O[C@@]12CO2,False,AdenosineOnly
CC(O)(O)O[C@H]1[C@@H](O)[C@H](n2cnc3c(N)ncnc32)O[C@@]12CO2,False,AdenosineOnly
Nc1ncnc2c1ncn2[C@@H]1O[C@@]2(CO2)[C@@H](OC(O)CO)[C@H]1O,False,AdenosineOnly
CC(O)O[C@H]1[C@@H](O)[C@H](n2cnc3c(N)ncnc32)O[C@@]1(O)CO,False,AdenosineOnly
CCO[C@H]1[C@@H](O)[C@H](n2cnc3c(N)ncnc32)O[C@@]12CO2,False,AdenosineOnly
CC(O)O[C@H]1[C@H](n2cnc3c(N)ncnc32)O[C@@]2(CO2)[C@H]1OC(C)O,False,AdenosineOnly
CC(O)OC(C)O[C@H]1[C@@H](O)[C@H](n2cnc3c(N)ncnc32)O[C@@]12CO2,False,AdenosineOnly
CC(O)O[C@]1(C)[C@@H](O)[C@H](n2cnc3c(N)ncnc32)O[C@@]12CO2,False,AdenosineOnly
CC(O)O[C@H]1[C@@H](O)[C@H](n2cnc3c(N)ncnc32)O[C@]12OC2C,False,AdenosineOnly
CC(O)O[C@@H]1[C@]2(CO2)O[C@@H](n2cnc3c(N)ncnc32)[C@@]1(C)O,False,AdenosineOnly
CC(O)O[C@H]1[C@@H](O)[C@@](C)(n2cnc3c(N)ncnc32)O[C@@]12CO2,False,AdenosineOnly
Cc1nc2c(N)ncnc2n1[C@@H]1O[C@@]2(CO2)[C@@H](OC(C)O)[C@H]1O,False,AdenosineOnly
Cc1nc(N)c2ncn([C@@H]3O[C@@]4(CO4)[C@@H](OC(C)O)[C@H]3O)c2n1,False,AdenosineOnly
CC(O)(CO)O[C@@H]1CO[C@@]2(n3cnc4c(N)ncnc43)O[C@H]12,False,AdenosineOnly
CC(O)O[C@@H]1CO[C@@]2(n3cnc4c(N)ncnc43)O[C@@]12CO,False,AdenosineOnly
CC(O)O[C@@]1(CO)CO[C@@]2(n3cnc4c(N)ncnc43)O[C@H]12,False,AdenosineOnly
CC(O)O[C@@H]1CO[C@@]2(n3c(CO)nc4c(N)ncnc43)O[C@H]12,False,AdenosineOnly
CC(O)O[C@@H]1CO[C@@]2(n3cnc4c(N)nc(CO)nc43)O[C@H]12,False,AdenosineOnly
Nc1ncnc2c1ncn2[C@@]12OC[C@@H](OC(O)CCO)[C@H]1O2,False,AdenosineOnly
Nc1ncnc2c1ncn2[C@]12O[C@@H]1[C@H](OC=O)[C@@H](CO)O2,False,AdenosineOnly
CCO[C@H]1[C@H]2O[C@]2(n2cnc3c(N)ncnc32)O[C@@H]1C=O,False,AdenosineOnly
COC(C)O[C@H]1[C@H]2O[C@]2(n2cnc3c(N)ncnc32)O[C@@H]1CO,False,AdenosineOnly
CC(C)(O)O[C@H]1[C@H]2O[C@]2(n2cnc3c(N)ncnc32)O[C@@H]1CO,False,AdenosineOnly
CCC(O)O[C@H]1[C@H]2O[C@]2(n2cnc3c(N)ncnc32)O[C@@H]1CO,False,AdenosineOnly
CC(=O)OC(C)O[C@H]1[C@H]2O[C@]2(n2cnc3c(N)ncnc32)O[C@@H]1CO,False,AdenosineOnly
CC(Cl)O[C@H]1[C@H]2O[C@]2(n2cnc3c(N)ncnc32)O[C@@H]1CO,False,AdenosineOnly
CC(O)(O)O[C@H]1[C@H]2O[C@]2(n2cnc3c(N)ncnc32)O[C@@H]1CO,False,AdenosineOnly
Nc1ncnc2c1ncn2[C@]12O[C@@H]1[C@H](OC(O)CO)[C@@H](CO)O2,False,AdenosineOnly
CC(O)O[C@H]1[C@@H](O)[C@@](O)(n2cnc3c(N)ncnc32)O[C@@H]1CO,False,AdenosineOnly
CCO[C@H]1[C@H]2O[C@]2(n2cnc3c(N)ncnc32)O[C@@H]1CO,False,AdenosineOnly
CC(O)O[C@H]1[C@H]2O[C@]2(n2cnc3c(N)ncnc32)O[C@@H]1C,False,AdenosineOnly
CC(O)O[C@@H]1[C@@H](C(=O)O)O[C@@]2(n3cnc4c(N)ncnc43)O[C@H]12,False,AdenosineOnly
CC(O)OC(C)O[C@H]1[C@H]2O[C@]2(n2cnc3c(N)ncnc32)O[C@@H]1CO,False,AdenosineOnly
CC(O)O[C@@H]1[C@@H](CO)O[C@@]2(n3cnc4c(N)ncnc43)O[C@@]12C,False,AdenosineOnly
CC(O)O[C@]1(C)[C@H]2O[C@]2(n2cnc3c(N)ncnc32)O[C@@H]1CO,False,AdenosineOnly
Cc1nc2c(N)ncnc2n1[C@]12O[C@@H]1[C@H](OC(C)O)[C@@H](CO)O2,False,AdenosineOnly
CC(O)O[C@H]1[C@H]2O[C@]2(n2cnc3c(N)ncnc32)O[C@@]1(C)CO,False,AdenosineOnly
CC(O)O[C@@H]1[C@@H](C(C)O)O[C@@]2(n3cnc4c(N)ncnc43)O[C@H]12,False,AdenosineOnly
Cc1nc(N)c2ncn([C@]34O[C@@H]3[C@H](OC(C)O)[C@@H](CO)O4)c2n1,False,AdenosineOnly
Nc1ncnc2c1ncn2[C@@]12OC[C@@H](O1)[C@@H](OC=O)[C@H]2O,False,AdenosineOnly
CC(=O)O[C@H]1[C@@H](O)[C@]2(n3cnc4c(N)ncnc43)OC[C@H]1O2,False,AdenosineOnly
COC(C)O[C@H]1[C@@H](O)[C@]2(n3cnc4c(N)ncnc43)OC[C@H]1O2,False,AdenosineOnly
CC(C)(O)O[C@H]1[C@@H](O)[C@]2(n3cnc4c(N)ncnc43)OC[C@H]1O2,False,AdenosineOnly
CCC(O)O[C@H]1[C@@H](O)[C@]2(n3cnc4c(N)ncnc43)OC[C@H]1O2,False,AdenosineOnly
CC(=O)OC(C)O[C@H]1[C@@H](O)[C@]2(n3cnc4c(N)ncnc43)OC[C@H]1O2,False,AdenosineOnly
CC(=O)O[C@@H]1[C@H](OC(C)O)[C@H]2CO[C@]1(n1cnc3c(N)ncnc31)O2,False,AdenosineOnly
CC(Cl)O[C@H]1[C@@H](O)[C@]2(n3cnc4c(N)ncnc43)OC[C@H]1O2,False,AdenosineOnly
CC(O)(O)O[C@H]1[C@@H](O)[C@]2(n3cnc4c(N)ncnc43)OC[C@H]1O2,False,AdenosineOnly
Nc1ncnc2c1ncn2[C@@]12OC[C@@H](O1)[C@@H](OC(O)CO)[C@H]2O,False,AdenosineOnly
CCO[C@H]1[C@@H](O)[C@]2(n3cnc4c(N)ncnc43)OC[C@H]1O2,False,AdenosineOnly
CC(O)O[C@H]1[C@@H](OC(C)O)[C@]2(n3cnc4c(N)ncnc43)OC[C@H]1O2,False,AdenosineOnly
CC(O)OC(C)O[C@H]1[C@@H](O)[C@]2(n3cnc4c(N)ncnc43)OC[C@H]1O2,False,AdenosineOnly
CC(O)O[C@@H]1[C@H]2CO[C@](n3cnc4c(N)ncnc43)(O2)[C@@]1(C)O,False,AdenosineOnly
CC(O)O[C@]1(C)[C@@H](O)[C@]2(n3cnc4c(N)ncnc43)OC[C@H]1O2,False,AdenosineOnly
Cc1nc2c(N)ncnc2n1[C@@]12OC[C@@H](O1)[C@@H](OC(C)O)[C@H]2O,False,AdenosineOnly
CC(O)O[C@H]1[C@@H](O)[C@]2(n3cnc4c(N)ncnc43)OC[C@]1(C)O2,False,AdenosineOnly
CC(O)O[C@@H]1[C@@H]2O[C@@](n3cnc4c(N)ncnc43)(OC2C)[C@@H]1O,False,AdenosineOnly
Cc1nc(N)c2ncn([C@@]34OC[C@@H](O3)[C@@H](OC(C)O)[C@H]4O)c2n1,False,AdenosineOnly
Nc1ncnc2c1ncn2[C@@H]1O[C@@H]2C(O)O[C@@H]1[C@@H]2OC=O,False,AdenosineOnly
CCO[C@H]1[C@H]2OC(=O)[C@H]1O[C@H]2n1cnc2c(N)ncnc21,False,AdenosineOnly
CC(=O)O[C@H]1[C@H]2OC(O)[C@H]1O[C@H]2n1cnc2c(N)ncnc21,False,AdenosineOnly
COC(C)O[C@H]1[C@H]2OC(O)[C@H]1O[C@H]2n1cnc2c(N)ncnc21,False,AdenosineOnly
CC(C)(O)O[C@H]1[C@H]2OC(O)[C@H]1O[C@H]2n1cnc2c(N)ncnc21,False,AdenosineOnly
CCC(O)O[C@H]1[C@H]2OC(O)[C@H]1O[C@H]2n1cnc2c(N)ncnc21,False,AdenosineOnly
CC(=O)OC(C)O[C@H]1[C@H]2OC(O)[C@H]1O[C@H]2n1cnc2c(N)ncnc21,False,AdenosineOnly
CC(Cl)O[C@H]1[C@H]2OC(O)[C@H]1O[C@H]2n1cnc2c(N)ncnc21,False,AdenosineOnly
CC(O)(O)O[C@H]1[C@H]2OC(O)[C@H]1O[C@H]2n1cnc2c(N)ncnc21,False,AdenosineOnly
Nc1ncnc2c1ncn2[C@@H]1O[C@@H]2C(O)O[C@@H]1[C@@H]2OC(O)CO,False,AdenosineOnly
CCO[C@H]1[C@H]2OC(O)[C@H]1O[C@H]2n1cnc2c(N)ncnc21,False,AdenosineOnly
CC(O)OC(C)O[C@H]1[C@H]2OC(O)[C@H]1O[C@H]2n1cnc2c(N)ncnc21,False,AdenosineOnly
CC(O)O[C@H]1[C@H]2OC(C)(O)[C@H]1O[C@H]2n1cnc2c(N)ncnc21,False,AdenosineOnly
CC(O)O[C@H]1[C@H]2OC(O)[C@]1(C)O[C@H]2n1cnc2c(N)ncnc21,False,AdenosineOnly
CC(O)O[C@@]1(C)[C@@H]2O[C@@H](n3cnc4c(N)ncnc43)[C@@H]1OC2O,False,AdenosineOnly
CC(O)O[C@@H]1[C@@H]2O[C@@H](n3cnc4c(N)ncnc43)[C@@]1(C)OC2O,False,AdenosineOnly
CC(O)O[C@@H]1[C@@H]2O[C@](C)(n3cnc4c(N)ncnc43)[C@@H]1OC2O,False,AdenosineOnly
Cc1nc2c(N)ncnc2n1[C@@H]1O[C@@H]2C(O)O[C@@H]1[C@@H]2OC(C)O,False,AdenosineOnly
Cc1nc(N)c2ncn([C@@H]3O[C@@H]4C(O)O[C@@H]3[C@@H]4OC(C)O)c2n1,False,AdenosineOnly
CC(O)(CO)O[C@@H]1CO[C@@H]2[C@@H]1Oc1nc3c(N)ncnc3n12,False,AdenosineOnly
CC(O)O[C@@H]1CO[C@H]2n3c(nc4c(N)ncnc43)O[C@@]12CO,False,AdenosineOnly
CC(O)O[C@@]1(CO)CO[C@@H]2[C@@H]1Oc1nc3c(N)ncnc3n12,False,AdenosineOnly
CC(O)O[C@@H]1CO[C@@H]2[C@@H]1Oc1nc3c(N)nc(CO)nc3n12,False,AdenosineOnly
Nc1ncnc2c1nc1n2[C@@H]2OC[C@@H](OC(O)CCO)[C@H]2O1,False,AdenosineOnly
Nc1ncnc2c1nc1n2[C@@H]2O[C@H](CO)[C@@H](OC=O)[C@H]2O1,False,AdenosineOnly
CCO[C@H]1[C@H]2Oc3nc4c(N)ncnc4n3[C@@H]2O[C@@H]1C=O,False,AdenosineOnly
COC(C)O[C@H]1[C@H]2Oc3nc4c(N)ncnc4n3[C@@H]2O[C@@H]1CO,False,AdenosineOnly
CC(C)(O)O[C@H]1[C@H]2Oc3nc4c(N)ncnc4n3[C@@H]2O[C@@H]1CO,False,AdenosineOnly
CCC(O)O[C@H]1[C@H]2Oc3nc4c(N)ncnc4n3[C@@H]2O[C@@H]1CO,False,AdenosineOnly
CC(=O)OC(C)O[C@H]1[C@H]2Oc3nc4c(N)ncnc4n3[C@@H]2O[C@@H]1CO,False,AdenosineOnly
CC(Cl)O[C@H]1[C@H]2Oc3nc4c(N)ncnc4n3[C@@H]2O[C@@H]1CO,False,AdenosineOnly
CC(O)(O)O[C@H]1[C@H]2Oc3nc4c(N)ncnc4n3[C@@H]2O[C@@H]1CO,False,AdenosineOnly
Nc1ncnc2c1nc1n2[C@@H]2O[C@H](CO)[C@@H](OC(O)CO)[C@H]2O1,False,AdenosineOnly
CCO[C@H]1[C@H]2Oc3nc4c(N)ncnc4n3[C@@H]2O[C@@H]1CO,False,AdenosineOnly
CC(O)O[C@H]1[C@H]2Oc3nc4c(N)ncnc4n3[C@@H]2O[C@@H]1C,False,AdenosineOnly
CC(O)O[C@H]1[C@H]2Oc3nc4c(N)ncnc4n3[C@@H]2O[C@@H]1C(=O)O,False,AdenosineOnly
CC(O)OC(C)O[C@H]1[C@H]2Oc3nc4c(N)ncnc4n3[C@@H]2O[C@@H]1CO,False,AdenosineOnly
CC(O)O[C@H]1[C@H]2Oc3nc4c(N)ncnc4n3[C@@]2(C)O[C@@H]1CO,False,AdenosineOnly
CC(O)O[C@@H]1[C@@H](CO)O[C@H]2n3c(nc4c(N)ncnc43)O[C@@]12C,False,AdenosineOnly
CC(O)O[C@@]1(C)[C@@H](CO)O[C@@H]2[C@@H]1Oc1nc3c(N)ncnc3n12,False,AdenosineOnly
CC(O)O[C@H]1[C@H]2Oc3nc4c(N)ncnc4n3[C@@H]2O[C@@]1(C)CO,False,AdenosineOnly
Cc1nc(N)c2nc3n(c2n1)[C@@H]1O[C@H](CO)[C@@H](OC(C)O)[C@H]1O3,False,AdenosineOnly
CC(O)O[C@H]1[C@H]2Oc3nc4c(N)ncnc4n3[C@@H]2O[C@@H]1C(C)O,False,AdenosineOnly
Nc1ncnc2c1nc1n2[C@@H]2O[C@H](CO1)[C@@H](OC=O)[C@H]2O,False,AdenosineOnly
CC(=O)O[C@H]1[C@@H](O)[C@H]2O[C@@H]1COc1nc3c(N)ncnc3n12,False,AdenosineOnly
COC(C)O[C@H]1[C@@H](O)[C@H]2O[C@@H]1COc1nc3c(N)ncnc3n12,False,AdenosineOnly
CC(C)(O)O[C@H]1[C@@H](O)[C@H]2O[C@@H]1COc1nc3c(N)ncnc3n12,False,AdenosineOnly
CCC(O)O[C@H]1[C@@H](O)[C@H]2O[C@@H]1COc1nc3c(N)ncnc3n12,False,AdenosineOnly
CC(=O)OC(C)O[C@H]1[C@@H](O)[C@H]2O[C@@H]1COc1nc3c(N)ncnc3n12,False,AdenosineOnly
CC(=O)O[C@@H]1[C@H](OC(C)O)[C@H]2COc3nc4c(N)ncnc4n3[C@@H]1O2,False,AdenosineOnly
CC(Cl)O[C@H]1[C@@H](O)[C@H]2O[C@@H]1COc1nc3c(N)ncnc3n12,False,AdenosineOnly
CC(O)(O)O[C@H]1[C@@H](O)[C@H]2O[C@@H]1COc1nc3c(N)ncnc3n12,False,AdenosineOnly
Nc1ncnc2c1nc1n2[C@@H]2O[C@H](CO1)[C@@H](OC(O)CO)[C@H]2O,False,AdenosineOnly
CCO[C@H]1[C@@H](O)[C@H]2O[C@@H]1COc1nc3c(N)ncnc3n12,False,AdenosineOnly
CC(O)O[C@@H]1[C@H](OC(C)O)[C@H]2COc3nc4c(N)ncnc4n3[C@@H]1O2,False,AdenosineOnly
CC(O)OC(C)O[C@H]1[C@@H](O)[C@H]2O[C@@H]1COc1nc3c(N)ncnc3n12,False,AdenosineOnly
CC(O)O[C@H]1[C@@H](O)[C@]2(C)O[C@@H]1COc1nc3c(N)ncnc3n12,False,AdenosineOnly
CC(O)O[C@@H]1[C@H]2COc3nc4c(N)ncnc4n3[C@H](O2)[C@@]1(C)O,False,AdenosineOnly
CC(O)O[C@@]1(C)[C@H]2COc3nc4c(N)ncnc4n3[C@H](O2)[C@@H]1O,False,AdenosineOnly
CC(O)O[C@H]1[C@@H](O)[C@H]2O[C@@]1(C)COc1nc3c(N)ncnc3n12,False,AdenosineOnly
Cc1nc(N)c2nc3n(c2n1)[C@@H]1O[C@H](CO3)[C@@H](OC(C)O)[C@H]1O,False,AdenosineOnly
CC(O)O[C@H]1[C@@H](O)[C@H]2O[C@@H]1C(C)Oc1nc3c(N)ncnc3n12,False,AdenosineOnly
CC(O)(CO)O[C@@H]1CO[C@@H]2[C@@H]1Oc1nc(N)c3ncn2c3n1,False,AdenosineOnly
CC(O)O[C@@H]1CO[C@@H]2[C@@H]1Oc1nc(N)c3nc(CO)n2c3n1,False,AdenosineOnly
CC(O)O[C@@H]1CO[C@H]2n3cnc4c(N)nc(nc43)O[C@@]12CO,False,AdenosineOnly
CC(O)O[C@@]1(CO)CO[C@@H]2[C@@H]1Oc1nc(N)c3ncn2c3n1,False,AdenosineOnly
Nc1nc2nc3c1ncn3[C@@H]1OC[C@@H](OC(O)CCO)[C@H]1O2,False,AdenosineOnly
Nc1nc2nc3c1ncn3[C@@H]1O[C@H](CO)[C@@H](OC=O)[C@H]1O2,False,AdenosineOnly
CCO[C@H]1[C@H]2Oc3nc(N)c4ncn(c4n3)[C@@H]2O[C@@H]1C=O,False,AdenosineOnly
COC(C)O[C@H]1[C@H]2Oc3nc(N)c4ncn(c4n3)[C@@H]2O[C@@H]1CO,False,AdenosineOnly
CC(C)(O)O[C@H]1[C@H]2Oc3nc(N)c4ncn(c4n3)[C@@H]2O[C@@H]1CO,False,AdenosineOnly
CCC(O)O[C@H]1[C@H]2Oc3nc(N)c4ncn(c4n3)[C@@H]2O[C@@H]1CO,False,AdenosineOnly
CC(=O)OC(C)O[C@H]1[C@H]2Oc3nc(N)c4ncn(c4n3)[C@@H]2O[C@@H]1CO,False,AdenosineOnly
CC(Cl)O[C@H]1[C@H]2Oc3nc(N)c4ncn(c4n3)[C@@H]2O[C@@H]1CO,False,AdenosineOnly
CC(O)(O)O[C@H]1[C@H]2Oc3nc(N)c4ncn(c4n3)[C@@H]2O[C@@H]1CO,False,AdenosineOnly
Nc1nc2nc3c1ncn3[C@@H]1O[C@H](CO)[C@@H](OC(O)CO)[C@H]1O2,False,AdenosineOnly
CCO[C@H]1[C@H]2Oc3nc(N)c4ncn(c4n3)[C@@H]2O[C@@H]1CO,False,AdenosineOnly
CC(O)O[C@H]1[C@H]2Oc3nc(N)c4ncn(c4n3)[C@@H]2O[C@@H]1C,False,AdenosineOnly
CC(O)O[C@H]1[C@H]2Oc3nc(N)c4ncn(c4n3)[C@@H]2O[C@@H]1C(=O)O,False,AdenosineOnly
CC(O)OC(C)O[C@H]1[C@H]2Oc3nc(N)c4ncn(c4n3)[C@@H]2O[C@@H]1CO,False,AdenosineOnly
CC(O)O[C@H]1[C@H]2Oc3nc(N)c4ncn(c4n3)[C@@]2(C)O[C@@H]1CO,False,AdenosineOnly
Cc1nc2c(N)nc3nc2n1[C@@H]1O[C@H](CO)[C@@H](OC(C)O)[C@H]1O3,False,AdenosineOnly
CC(O)O[C@@H]1[C@@H](CO)O[C@H]2n3cnc4c(N)nc(nc43)O[C@@]12C,False,AdenosineOnly
CC(O)O[C@@]1(C)[C@@H](CO)O[C@@H]2[C@@H]1Oc1nc(N)c3ncn2c3n1,False,AdenosineOnly
CC(O)O[C@H]1[C@H]2Oc3nc(N)c4ncn(c4n3)[C@@H]2O[C@@]1(C)CO,False,AdenosineOnly
CC(O)O[C@H]1[C@H]2Oc3nc(N)c4ncn(c4n3)[C@@H]2O[C@@H]1C(C)O,False,AdenosineOnly
Nc1nc2nc3c1ncn3[C@@H]1O[C@H](CO2)[C@@H](OC=O)[C@H]1O,False,AdenosineOnly
CC(=O)O[C@H]1[C@@H](O)[C@H]2O[C@@H]1COc1nc(N)c3ncn2c3n1,False,AdenosineOnly
COC(C)O[C@H]1[C@@H](O)[C@H]2O[C@@H]1COc1nc(N)c3ncn2c3n1,False,AdenosineOnly
CC(C)(O)O[C@H]1[C@@H](O)[C@H]2O[C@@H]1COc1nc(N)c3ncn2c3n1,False,AdenosineOnly
CCC(O)O[C@H]1[C@@H](O)[C@H]2O[C@@H]1COc1nc(N)c3ncn2c3n1,False,AdenosineOnly
CC(=O)OC(C)O[C@H]1[C@@H](O)[C@H]2O[C@@H]1COc1nc(N)c3ncn2c3n1,False,AdenosineOnly
CC(=O)O[C@@H]1[C@H](OC(C)O)[C@H]2COc3nc(N)c4ncn(c4n3)[C@@H]1O2,False,AdenosineOnly
CC(Cl)O[C@H]1[C@@H](O)[C@H]2O[C@@H]1COc1nc(N)c3ncn2c3n1,False,AdenosineOnly
CC(O)(O)O[C@H]1[C@@H](O)[C@H]2O[C@@H]1COc1nc(N)c3ncn2c3n1,False,AdenosineOnly
Nc1nc2nc3c1ncn3[C@@H]1O[C@H](CO2)[C@@H](OC(O)CO)[C@H]1O,False,AdenosineOnly
CCO[C@H]1[C@@H](O)[C@H]2O[C@@H]1COc1nc(N)c3ncn2c3n1,False,AdenosineOnly
CC(O)O[C@@H]1[C@H](OC(C)O)[C@H]2COc3nc(N)c4ncn(c4n3)[C@@H]1O2,False,AdenosineOnly
CC(O)OC(C)O[C@H]1[C@@H](O)[C@H]2O[C@@H]1COc1nc(N)c3ncn2c3n1,False,AdenosineOnly
CC(O)O[C@H]1[C@@H](O)[C@]2(C)O[C@@H]1COc1nc(N)c3ncn2c3n1,False,AdenosineOnly
Cc1nc2c(N)nc3nc2n1[C@@H]1O[C@H](CO3)[C@@H](OC(C)O)[C@H]1O,False,AdenosineOnly
CC(O)O[C@@H]1[C@H]2COc3nc(N)c4ncn(c4n3)[C@H](O2)[C@@]1(C)O,False,AdenosineOnly
CC(O)O[C@@]1(C)[C@H]2COc3nc(N)c4ncn(c4n3)[C@H](O2)[C@@H]1O,False,AdenosineOnly
CC(O)O[C@H]1[C@@H](O)[C@H]2O[C@@]1(C)COc1nc(N)c3ncn2c3n1,False,AdenosineOnly
CC(O)O[C@H]1[C@@H](O)[C@H]2O[C@@H]1C(C)Oc1nc(N)c3ncn2c3n1,False,AdenosineOnly
C[C@]1(OCO)[C@@H](CO)O[C@@H](n2cnc3c(N)ncnc32)[C@@H]1O,False,AdenosineOnly
C[C@]1(O)[C@H](OCO)[C@@H](CO)O[C@H]1n1cnc2c(N)ncnc21,False,AdenosineOnly
C[C@@]1(CO)O[C@@H](n2cnc3c(N)ncnc32)[C@H](O)[C@@H]1OCO,False,AdenosineOnly
C[C@]1(n2cnc3c(N)ncnc32)O[C@H](CO)[C@@H](OCO)[C@H]1O,False,AdenosineOnly
CC(O)[C@H]1O[C@@H](n2cnc3c(N)ncnc32)[C@H](O)[C@@H]1OCO,False,AdenosineOnly
Cc1nc2c(N)ncnc2n1[C@@H]1O[C@H](CO)[C@@H](OCO)[C@H]1O,False,AdenosineOnly
Cc1nc(N)c2ncn([C@@H]3O[C@H](CO)[C@@H](OCO)[C@H]3O)c2n1,False,AdenosineOnly
COC(C)O[C@H]1[C@@H](O)[C@H](n2cnc3c(N)ncnc32)O[C@@H]1CO,False,AdenosineOnly
CC(C)(O)O[C@H]1[C@@H](O)[C@H](n2cnc3c(N)ncnc32)O[C@@H]1CO,False,AdenosineOnly
CCC(O)O[C@H]1[C@@H](O)[C@H](n2cnc3c(N)ncnc32)O[C@@H]1CO,False,AdenosineOnly
CC(=O)OC(C)O[C@H]1[C@@H](O)[C@H](n2cnc3c(N)ncnc32)O[C@@H]1CO,False,AdenosineOnly
CC(=O)O[C@@H]1[C@H](OC(C)O)[C@@H](CO)O[C@H]1n1cnc2c(N)ncnc21,False,AdenosineOnly
CC(Cl)O[C@H]1[C@@H](O)[C@H](n2cnc3c(N)ncnc32)O[C@@H]1CO,False,AdenosineOnly
CC(O)(O)O[C@H]1[C@@H](O)[C@H](n2cnc3c(N)ncnc32)O[C@@H]1CO,False,AdenosineOnly
CC(O)O[C@H]1[C@@H](O)[C@H](n2cnc3c(N)ncnc32)O[C@@H]1C,False,AdenosineOnly
CC(O)O[C@@H]1[C@H](OC(C)O)[C@@H](CO)O[C@H]1n1cnc2c(N)ncnc21,False,AdenosineOnly
CC(O)OC(C)O[C@H]1[C@@H](O)[C@H](n2cnc3c(N)ncnc32)O[C@@H]1CO,False,AdenosineOnly
Nc1ncnc2c1ncn2[C@@H]1O[C@H](CO)[C@@H](OCO)[C@H]1O,False,AdenosineOnly
CC(O)O[C@@]1(C)[C@@H](CO)O[C@@H](n2cnc3c(N)ncnc32)[C@@H]1O,False,AdenosineOnly
CC(O)O[C@@H]1[C@@H](CO)O[C@@H](n2cnc3c(N)ncnc32)[C@@]1(C)O,False,AdenosineOnly
CC(O)O[C@H]1[C@@H](O)[C@H](n2cnc3c(N)ncnc32)O[C@@]1(C)CO,False,AdenosineOnly
CC(O)O[C@H]1[C@@H](O)[C@@](C)(n2cnc3c(N)ncnc32)O[C@@H]1CO,False,AdenosineOnly
CC(O)O[C@H]1[C@@H](O)[C@H](n2cnc3c(N)ncnc32)O[C@@H]1C(C)O,False,AdenosineOnly
Cc1nc2c(N)ncnc2n1[C@@H]1O[C@H](CO)[C@@H](OC(C)O)[C@H]1O,False,AdenosineOnly
Cc1nc(N)c2ncn([C@@H]3O[C@H](CO)[C@@H](OC(C)O)[C@H]3O)c2n1,False,AdenosineOnly
CC(C)O[C@H]1[C@@H](O)[C@H](n2cnc3c(N)ncnc32)O[C@@H]1CO,False,AdenosineOnly
CCCO[C@H]1[C@@H](O)[C@H](n2cnc3c(N)ncnc32)O[C@@H]1CO,False,AdenosineOnly
CC(O[C@H]1[C@@H](O)[C@H](n2cnc3c(N)ncnc32)O[C@@H]1CO)C(=O)O,False,AdenosineOnly
Nc1ncnc2c1ncn2[C@@H]1O[C@H](CO)[C@@H](OCCC(=O)O)[C@H]1O,False,AdenosineOnly
Nc1ncnc2c1ncn2[C@@H]1O[C@H](CO)[C@@H](OCCO)[C@H]1O,False,AdenosineOnly
CCO[C@H]1[C@@H](O)[C@H](n2cnc3c(N)ncnc32)O[C@@H]1C,False,AdenosineOnly
CCO[C@H]1[C@@H](O)[C@H](n2cnc3c(N)ncnc32)O[C@@H]1C(=O)O,False,AdenosineOnly
CCO[C@@H]1[C@H](OCC)[C@@H](CO)O[C@H]1n1cnc2c(N)ncnc21,False,AdenosineOnly
CCO[C@@]1(C)[C@@H](CO)O[C@@H](n2cnc3c(N)ncnc32)[C@@H]1O,False,AdenosineOnly
CCO[C@@H]1[C@@H](CO)O[C@@H](n2cnc3c(N)ncnc32)[C@@]1(C)O,False,AdenosineOnly
CCO[C@H]1[C@@H](O)[C@H](n2cnc3c(N)ncnc32)O[C@@]1(C)CO,False,AdenosineOnly
CCO[C@H]1[C@@H](O)[C@@](C)(n2cnc3c(N)ncnc32)O[C@@H]1CO,False,AdenosineOnly
CCO[C@H]1[C@@H](O)[C@H](n2cnc3c(N)ncnc32)O[C@@H]1C(C)O,False,AdenosineOnly
CCO[C@H]1[C@@H](O)[C@H](n2c(C)nc3c(N)ncnc32)O[C@@H]1CO,False,AdenosineOnly
CCO[C@H]1[C@@H](O)[C@H](n2cnc3c(N)nc(C)nc32)O[C@@H]1CO,False,AdenosineOnly
CC[C@]1(OC=O)[C@@H](CO)O[C@@H](n2cnc3c(N)ncnc32)[C@@H]1O,False,AdenosineOnly
CC[C@]1(O)[C@H](OC=O)[C@@H](CO)O[C@H]1n1cnc2c(N)ncnc21,False,AdenosineOnly
CC[C@@]1(CO)O[C@@H](n2cnc3c(N)ncnc32)[C@H](O)[C@@H]1OC=O,False,AdenosineOnly
CC[C@]1(n2cnc3c(N)ncnc32)O[C@H](CO)[C@@H](OC=O)[C@H]1O,False,AdenosineOnly
CCc1nc2c(N)ncnc2n1[C@@H]1O[C@H](CO)[C@@H](OC=O)[C@H]1O,False,AdenosineOnly
CCc1nc(N)c2ncn([C@@H]3O[C@H](CO)[C@@H](OC=O)[C@H]3O)c2n1,False,AdenosineOnly
CCC1(O)OC[C@H]2O[C@@H](n3cnc4c(N)ncnc43)[C@H](O)[C@@H]2O1,False,AdenosineOnly
CCC1=Nc2ncnc3c2ncn3[C@@H]2O[C@H](CO)[C@@H](O1)[C@H]2O,False,AdenosineOnly
CC1O[C@@H]2[C@H](OC1O)[C@@H](CO)O[C@H]2n1cnc2c(N)ncnc21,False,AdenosineOnly
CC1OC[C@H]2O[C@@H](n3cnc4c(N)ncnc43)[C@H](O)[C@@H]2OC1O,False,AdenosineOnly
Nc1ncnc2c1ncn2[C@@H]1O[C@H](CO)[C@H]2OC(O)CCO[C@H]21,False,AdenosineOnly
Nc1ncnc2c1ncn2[C@@H]1O[C@@H]2COCCC(O)O[C@H]2[C@H]1O,False,AdenosineOnly
C=CC(=O)O[C@H]1[C@@H](O)[C@H](n2cnc3c(N)ncnc32)O[C@@H]1CO,False,AdenosineOnly
CC(C)C(=O)O[C@H]1[C@@H](O)[C@H](n2cnc3c(N)ncnc32)O[C@@H]1CO,False,AdenosineOnly
CCCC(=O)O[C@H]1[C@@H](O)[C@H](n2cnc3c(N)ncnc32)O[C@@H]1CO,False,AdenosineOnly
CCC(=O)O[C@H]1[C@@H](OC(C)=O)[C@H](n2cnc3c(N)ncnc32)O[C@@H]1CO,False,AdenosineOnly
CCC(O)(C#N)O[C@H]1[C@@H](O)[C@H](n2cnc3c(N)ncnc32)O[C@@H]1CO,False,AdenosineOnly
CCC(N)O[C@H]1[C@@H](O)[C@H](n2cnc3c(N)ncnc32)O[C@@H]1CO,False,AdenosineOnly
CC(O)C(=O)O[C@H]1[C@@H](O)[C@H](n2cnc3c(N)ncnc32)O[C@@H]1CO,False,AdenosineOnly
Nc1ncnc2c1ncn2[C@@H]1O[C@H](CO)[C@@H](OC(=O)CCO)[C@H]1O,False,AdenosineOnly
CCOC(=O)O[C@H]1[C@@H](O)[C@H](n2cnc3c(N)ncnc32)O[C@@H]1CO,False,AdenosineOnly
CC(O)C(O)O[C@H]1[C@@H](O)[C@H](n2cnc3c(N)ncnc32)O[C@@H]1CO,False,AdenosineOnly
Nc1ncnc2c1ncn2[C@@H]1O[C@H](CO)[C@@H](OC(O)CCO)[C@H]1O,False,AdenosineOnly
Nc1ncnc2c1ncn2[C@@H]1O[C@H](CO)[C@@H](OC(=O)O)[C@H]1O,False,AdenosineOnly
CCC(=O)O[C@H]1[C@@H](O)[C@H](n2cnc3c(N)ncnc32)O[C@@H]1C,False,AdenosineOnly
CCC(=O)[C@H]1[C@@H](O)[C@H](n2cnc3c(N)ncnc32)O[C@@H]1CO,False,AdenosineOnly
CCC(=O)O[C@H]1[C@@H](O)[C@H](n2cnc3c(N)ncnc32)O[C@@H]1C(=O)O,False,AdenosineOnly
CCCCC(=O)O[C@H]1[C@@H](O)[C@H](n2cnc3c(N)ncnc32)O[C@@H]1CO,False,AdenosineOnly
CCC(C)C(=O)O[C@H]1[C@@H](O)[C@H](n2cnc3c(N)ncnc32)O[C@@H]1CO,False,AdenosineOnly
CCC(=O)O[C@@]1(C)[C@@H](CO)O[C@@H](n2cnc3c(N)ncnc32)[C@@H]1O,False,AdenosineOnly
CCC(=O)O[C@@]1(CC)[C@@H](CO)O[C@@H](n2cnc3c(N)ncnc32)[C@@H]1O,False,AdenosineOnly
CCC(=O)O[C@@H]1[C@@H](CO)O[C@@H](n2cnc3c(N)ncnc32)[C@@]1(C)O,False,AdenosineOnly
CCC(=O)O[C@@H]1[C@@H](CO)O[C@@H](n2cnc3c(N)ncnc32)[C@]1(O)CC,False,AdenosineOnly
CCC(=O)O[C@H]1[C@@H](O)[C@H](n2cnc3c(N)ncnc32)O[C@@]1(C)CO,False,AdenosineOnly
CCC(=O)O[C@H]1[C@@H](O)[C@H](n2cnc3c(N)ncnc32)O[C@@]1(CC)CO,False,AdenosineOnly
CCC(=O)O[C@H]1[C@@H](O)[C@@](C)(n2cnc3c(N)ncnc32)O[C@@H]1CO,False,AdenosineOnly
CCC(=O)O[C@H]1[C@@H](O)[C@@](CC)(n2cnc3c(N)ncnc32)O[C@@H]1CO,False,AdenosineOnly
CCC(=O)O[C@H]1[C@@H](O)[C@H](n2cnc3c(N)ncnc32)O[C@@H]1C(C)O,False,AdenosineOnly
CCC(=O)O[C@H]1[C@@H](O)[C@H](n2cnc3c(N)ncnc32)O[C@@H]1C(O)CC,False,AdenosineOnly
CCC(=O)O[C@H]1[C@@H](O)[C@H](n2c(C)nc3c(N)ncnc32)O[C@@H]1CO,False,AdenosineOnly
CCC(=O)O[C@H]1[C@@H](O)[C@H](n2c(CC)nc3c(N)ncnc32)O[C@@H]1CO,False,AdenosineOnly
CCC(=O)O[C@H]1[C@@H](O)[C@H](n2cnc3c(N)nc(C)nc32)O[C@@H]1CO,False,AdenosineOnly
CCC(=O)O[C@H]1[C@@H](O)[C@H](n2cnc3c(N)nc(CC)nc32)O[C@@H]1CO,False,AdenosineOnly
CCC(=O)O[C@@H]1[C@H](OC=O)[C@@H](CO)O[C@H]1n1cnc2c(N)ncnc21,False,AdenosineOnly
CC(=O)O[C@@H]1[C@@H](CO)O[C@@H](n2cnc3c(N)ncnc32)[C@@]1(C)OC=O,False,AdenosineOnly
CC(=O)O[C@@]1(C)[C@@H](CO)O[C@@H](n2cnc3c(N)ncnc32)[C@@H]1OC=O,False,AdenosineOnly
CC(=O)O[C@H]1[C@@H](OC=O)[C@@](C)(n2cnc3c(N)ncnc32)O[C@@H]1CO,False,AdenosineOnly
CC(=O)O[C@H]1[C@@H](OC=O)[C@H](n2cnc3c(N)ncnc32)O[C@@]1(C)CO,False,AdenosineOnly
CC(=O)O[C@H]1[C@@H](OC=O)[C@H](n2cnc3c(N)ncnc32)O[C@@H]1C(C)O,False,AdenosineOnly
CC(=O)O[C@H]1[C@@H](OC=O)[C@H](n2c(C)nc3c(N)ncnc32)O[C@@H]1CO,False,AdenosineOnly
CCC(=O)O[C@H]1[C@@H](OC=O)[C@H](n2cnc3c(N)ncnc32)O[C@@H]1CO,False,AdenosineOnly
CC(=O)O[C@H]1[C@@H](OC=O)[C@H](n2cnc3c(N)nc(C)nc32)O[C@@H]1CO,False,AdenosineOnly
CC(=O)O[C@H]1[C@H]2OC(C)=Nc3ncnc4c3ncn4[C@@H]2O[C@@H]1CO,False,AdenosineOnly
CC(=O)O[C@H]1[C@H]2OC(O)COC[C@H]1O[C@H]2n1cnc2c(N)ncnc21,False,AdenosineOnly
CC(O)O[C@H]1[C@H]2OC(=O)COC[C@H]1O[C@H]2n1cnc2c(N)ncnc21,False,AdenosineOnly
CC(=O)O[C@@H]1[C@H]2CO[C@@]1(OC(C)O)[C@H](n1cnc3c(N)ncnc31)O2,False,AdenosineOnly
CC(=O)O[C@@]12OC[C@H]1O[C@@H](n1cnc3c(N)ncnc31)[C@@H]2OC(C)O,False,AdenosineOnly
CC(=O)O[C@H]1[C@@H](OC(C)O)[C@]2(n3cnc4c(N)ncnc43)OC[C@H]1O2,False,AdenosineOnly
CC(=O)O[C@H]1[C@@H](OC(C)O)[C@H](n2cnc3c(N)ncnc32)O[C@@]12CO2,False,AdenosineOnly
CC(=O)O[C@H]1[C@@H](OC(C)O)[C@H]2O[C@@H]1COc1nc3c(N)ncnc3n12,False,AdenosineOnly
CC(O)O[C@@H]1[C@@H]2OC(=O)COC[C@H]2O[C@H]1n1cnc2c(N)ncnc21,False,AdenosineOnly
CC(=O)O[C@H]1[C@@H](OC(C)O)[C@H]2O[C@@H]1COc1nc(N)c3ncn2c3n1,False,AdenosineOnly
CC(=O)O[C@H]1[C@@H](OC(C)O)[C@H](n2cnc3c(N)ncnc32)O[C@@H]1CO,False,AdenosineOnly
CCC(=O)O[C@@H]1[C@H](OC(C)=O)[C@@H](CO)O[C@H]1n1cnc2c(N)ncnc21,False,AdenosineOnly
CC(=O)O[C@H]1[C@@H](OC(C)(O)C#N)[C@H](n2cnc3c(N)ncnc32)O[C@@H]1CO,False,AdenosineOnly
CC(=O)O[C@@H]1[C@H](OC(C)(O)C#N)[C@@H](CO)O[C@H]1n1cnc2c(N)ncnc21,False,AdenosineOnly
CC(=O)O[C@H]1[C@@H](OC(C)N)[C@H](n2cnc3c(N)ncnc32)O[C@@H]1CO,False,AdenosineOnly
CC(=O)O[C@@H]1[C@H](OC(C)N)[C@@H](CO)O[C@H]1n1cnc2c(N)ncnc21,False,AdenosineOnly
CC(=O)O[C@@H]1[C@H](OC(C)=O)[C@@H](C)O[C@H]1n1cnc2c(N)ncnc21,False,AdenosineOnly
CC(=O)O[C@H]1[C@@H](C(C)=O)[C@H](n2cnc3c(N)ncnc32)O[C@@H]1CO,False,AdenosineOnly
CC(=O)O[C@@H]1[C@H](C(C)=O)[C@@H](CO)O[C@H]1n1cnc2c(N)ncnc21,False,AdenosineOnly
CC(=O)O[C@@H]1[C@@H](CO)O[C@@H](n2cnc3c(N)ncnc32)[C@@]1(C)OC(C)=O,False,AdenosineOnly
CC(=O)O[C@H]1[C@H](n2cnc3c(N)ncnc32)O[C@H](CO)[C@]1(C)OC(C)=O,False,AdenosineOnly
CC(=O)O[C@H]1[C@@H](OC(C)=O)[C@@](C)(n2cnc3c(N)ncnc32)O[C@@H]1CO,False,AdenosineOnly
CC(=O)O[C@H]1[C@H](n2cnc3c(N)ncnc32)O[C@@](C)(CO)[C@H]1OC(C)=O,False,AdenosineOnly
CC(=O)O[C@@H]1[C@H](OC(C)=O)[C@@H](C(C)O)O[C@H]1n1cnc2c(N)ncnc21,False,AdenosineOnly
CC(=O)O[C@@H]1[C@H](OC(C)=O)[C@@H](CO)O[C@H]1n1c(C)nc2c(N)ncnc21,False,AdenosineOnly
CC(=O)O[C@@H]1[C@H](OC(C)=O)[C@@H](CO)O[C@H]1n1cnc2c(N)nc(C)nc21,False,AdenosineOnly
N#CCC(O)O[C@H]1[C@@H](O)[C@H](n2cnc3c(N)ncnc32)O[C@@H]1CO,False,AdenosineOnly
CC(O)O[C@@]1(C#N)[C@@H](CO)O[C@@H](n2cnc3c(N)ncnc32)[C@@H]1O,False,AdenosineOnly
C[C@]1(OC(O)C#N)[C@@H](CO)O[C@@H](n2cnc3c(N)ncnc32)[C@@H]1O,False,AdenosineOnly
CC(O)O[C@@H]1[C@@H](CO)O[C@@H](n2cnc3c(N)ncnc32)[C@]1(O)C#N,False,AdenosineOnly
C[C@]1(O)[C@H](OC(O)C#N)[C@@H](CO)O[C@H]1n1cnc2c(N)ncnc21,False,AdenosineOnly
CC(O)O[C@H]1[C@@H](O)[C@H](n2cnc3c(N)ncnc32)O[C@@]1(C#N)CO,False,AdenosineOnly
C[C@@]1(CO)O[C@@H](n2cnc3c(N)ncnc32)[C@H](O)[C@@H]1OC(O)C#N,False,AdenosineOnly
CC(O)O[C@H]1[C@@H](O)[C@@](C#N)(n2cnc3c(N)ncnc32)O[C@@H]1CO,False,AdenosineOnly
C[C@]1(n2cnc3c(N)ncnc32)O[C@H](CO)[C@@H](OC(O)C#N)[C@H]1O,False,AdenosineOnly
CC(O)O[C@H]1[C@@H](O)[C@H](n2cnc3c(N)ncnc32)O[C@@H]1C(O)C#N,False,AdenosineOnly
CC(O)[C@H]1O[C@@H](n2cnc3c(N)ncnc32)[C@H](O)[C@@H]1OC(O)C#N,False,AdenosineOnly
CC(O)O[C@H]1[C@@H](O)[C@H](n2c(C#N)nc3c(N)ncnc32)O[C@@H]1CO,False,AdenosineOnly
Cc1nc2c(N)ncnc2n1[C@@H]1O[C@H](CO)[C@@H](OC(O)C#N)[C@H]1O,False,AdenosineOnly
CC(O)O[C@H]1[C@@H](O)[C@H](n2cnc3c(N)nc(C#N)nc32)O[C@@H]1CO,False,AdenosineOnly
Cc1nc(N)c2ncn([C@@H]3O[C@H](CO)[C@@H](OC(O)C#N)[C@H]3O)c2n1,False,AdenosineOnly
N#CC(=O)O[C@H]1[C@@H](O)[C@H](n2cnc3c(N)ncnc32)O[C@@H]1CO,False,AdenosineOnly
CC(C#N)O[C@H]1[C@@H](O)[C@H](n2cnc3c(N)ncnc32)O[C@@H]1C=O,False,AdenosineOnly
COC(C)(C#N)O[C@H]1[C@@H](O)[C@H](n2cnc3c(N)ncnc32)O[C@@H]1CO,False,AdenosineOnly
CC(=O)OC(C)(C#N)O[C@H]1[C@@H](O)[C@H](n2cnc3c(N)ncnc32)O[C@@H]1CO,False,AdenosineOnly
CC(Cl)(C#N)O[C@H]1[C@@H](O)[C@H](n2cnc3c(N)ncnc32)O[C@@H]1CO,False,AdenosineOnly
N#CC(O)(CO)O[C@H]1[C@@H](O)[C@H](n2cnc3c(N)ncnc32)O[C@@H]1CO,False,AdenosineOnly
CC(O)(O[C@H]1[C@@H](O)[C@H](n2cnc3c(N)ncnc32)O[C@@H]1CO)C(N)=O,False,AdenosineOnly
CC(O)(C=NO)O[C@H]1[C@@H](O)[C@H](n2cnc3c(N)ncnc32)O[C@@H]1CO,False,AdenosineOnly
CC(C#N)O[C@H]1[C@@H](O)[C@H](n2cnc3c(N)ncnc32)O[C@@H]1CO,False,AdenosineOnly
C[C@H]1O[C@@H](n2cnc3c(N)ncnc32)[C@H](O)[C@@H]1OC(C)(O)C#N,False,AdenosineOnly
CC(O)(C#N)O[C@H]1[C@@H](O)[C@H](n2cnc3c(N)ncnc32)O[C@@H]1C(=O)O,False,AdenosineOnly
N#CCC(O)(C#N)O[C@H]1[C@@H](O)[C@H](n2cnc3c(N)ncnc32)O[C@@H]1CO,False,AdenosineOnly
N#CC(O)O[C@H]1[C@@H](O)[C@H](n2cnc3c(N)ncnc32)O[C@@H]1CO,False,AdenosineOnly
CC(O)(C#N)O[C@@]1(C#N)[C@@H](CO)O[C@@H](n2cnc3c(N)ncnc32)[C@@H]1O,False,AdenosineOnly
CC(O)(C#N)O[C@@]1(C)[C@@H](CO)O[C@@H](n2cnc3c(N)ncnc32)[C@@H]1O,False,AdenosineOnly
CC(O)(C#N)O[C@@H]1[C@@H](CO)O[C@@H](n2cnc3c(N)ncnc32)[C@]1(O)C#N,False,AdenosineOnly
CC(O)(C#N)O[C@@H]1[C@@H](CO)O[C@@H](n2cnc3c(N)ncnc32)[C@@]1(C)O,False,AdenosineOnly
CC(O)(C#N)O[C@H]1[C@@H](O)[C@H](n2cnc3c(N)ncnc32)O[C@@]1(C#N)CO,False,AdenosineOnly
CC(O)(C#N)O[C@H]1[C@@H](O)[C@H](n2cnc3c(N)ncnc32)O[C@@]1(C)CO,False,AdenosineOnly
CC(O)(C#N)O[C@H]1[C@@H](O)[C@@](C#N)(n2cnc3c(N)ncnc32)O[C@@H]1CO,False,AdenosineOnly
CC(O)(C#N)O[C@H]1[C@@H](O)[C@@](C)(n2cnc3c(N)ncnc32)O[C@@H]1CO,False,AdenosineOnly
CC(O)(C#N)O[C@H]1[C@@H](O)[C@H](n2cnc3c(N)ncnc32)O[C@@H]1C(O)C#N,False,AdenosineOnly
CC(O)[C@H]1O[C@@H](n2cnc3c(N)ncnc32)[C@H](O)[C@@H]1OC(C)(O)C#N,False,AdenosineOnly
CC(O)(C#N)O[C@H]1[C@@H](O)[C@H](n2c(C#N)nc3c(N)ncnc32)O[C@@H]1CO,False,AdenosineOnly
Cc1nc2c(N)ncnc2n1[C@@H]1O[C@H](CO)[C@@H](OC(C)(O)C#N)[C@H]1O,False,AdenosineOnly
CC(O)(C#N)O[C@H]1[C@@H](O)[C@H](n2cnc3c(N)nc(C#N)nc32)O[C@@H]1CO,False,AdenosineOnly
Cc1nc(N)c2ncn([C@@H]3O[C@H](CO)[C@@H](OC(C)(O)C#N)[C@H]3O)c2n1,False,AdenosineOnly
C[C@]1(OCN)[C@@H](CO)O[C@@H](n2cnc3c(N)ncnc32)[C@@H]1O,False,AdenosineOnly
C[C@]1(O)[C@H](OCN)[C@@H](CO)O[C@H]1n1cnc2c(N)ncnc21,False,AdenosineOnly
C[C@@]1(CO)O[C@@H](n2cnc3c(N)ncnc32)[C@H](O)[C@@H]1OCN,False,AdenosineOnly
C[C@]1(n2cnc3c(N)ncnc32)O[C@H](CO)[C@@H](OCN)[C@H]1O,False,AdenosineOnly
CC(O)[C@H]1O[C@@H](n2cnc3c(N)ncnc32)[C@H](O)[C@@H]1OCN,False,AdenosineOnly
Cc1nc2c(N)ncnc2n1[C@@H]1O[C@H](CO)[C@@H](OCN)[C@H]1O,False,AdenosineOnly
Cc1nc(N)c2ncn([C@@H]3O[C@H](CO)[C@@H](OCN)[C@H]3O)c2n1,False,AdenosineOnly
CC1Nc2ncnc3c2ncn3[C@@H]2O[C@H](CO)[C@@H](O1)[C@H]2O,False,AdenosineOnly
CNC(C)O[C@H]1[C@@H](O)[C@H](n2cnc3c(N)ncnc32)O[C@@H]1CO,False,AdenosineOnly
CC(C)(N)O[C@H]1[C@@H](O)[C@H](n2cnc3c(N)ncnc32)O[C@@H]1CO,False,AdenosineOnly
CC(=O)NC(C)O[C@H]1[C@@H](O)[C@H](n2cnc3c(N)ncnc32)O[C@@H]1CO,False,AdenosineOnly
CC(N)(O[C@H]1[C@@H](O)[C@H](n2cnc3c(N)ncnc32)O[C@@H]1CO)C(=O)O,False,AdenosineOnly
Nc1ncnc2c1ncn2[C@@H]1O[C@H](CO)[C@@H](OC(N)CC(=O)O)[C@H]1O,False,AdenosineOnly
CC(NC(N)=O)O[C@H]1[C@@H](O)[C@H](n2cnc3c(N)ncnc32)O[C@@H]1CO,False,AdenosineOnly
CC(N)(O)O[C@H]1[C@@H](O)[C@H](n2cnc3c(N)ncnc32)O[C@@H]1CO,False,AdenosineOnly
Nc1ncnc2c1ncn2[C@@H]1O[C@H](CO)[C@@H](OC(N)CO)[C@H]1O,False,AdenosineOnly
CC(N)O[C@H]1[C@@H](O)[C@H](n2cnc3c(N)ncnc32)O[C@@H]1C,False,AdenosineOnly
CC(N)O[C@H]1[C@@H](O)[C@H](n2cnc3c(N)ncnc32)O[C@@H]1C(=O)O,False,AdenosineOnly
CC(N)O[C@@H]1[C@H](OC(C)N)[C@@H](CO)O[C@H]1n1cnc2c(N)ncnc21,False,AdenosineOnly
CC(N)NC(C)O[C@H]1[C@@H](O)[C@H](n2cnc3c(N)ncnc32)O[C@@H]1CO,False,AdenosineOnly
NCO[C@H]1[C@@H](O)[C@H](n2cnc3c(N)ncnc32)O[C@@H]1CO,False,AdenosineOnly
CC(N)O[C@@]1(C)[C@@H](CO)O[C@@H](n2cnc3c(N)ncnc32)[C@@H]1O,False,AdenosineOnly
CC(N)O[C@@H]1[C@@H](CO)O[C@@H](n2cnc3c(N)ncnc32)[C@@]1(C)O,False,AdenosineOnly
CC(N)O[C@H]1[C@@H](O)[C@H](n2cnc3c(N)ncnc32)O[C@@]1(C)CO,False,AdenosineOnly
CC(N)O[C@H]1[C@@H](O)[C@@](C)(n2cnc3c(N)ncnc32)O[C@@H]1CO,False,AdenosineOnly
CC(N)O[C@H]1[C@@H](O)[C@H](n2cnc3c(N)ncnc32)O[C@@H]1C(C)O,False,AdenosineOnly
Cc1nc2c(N)ncnc2n1[C@@H]1O[C@H](CO)[C@@H](OC(C)N)[C@H]1O,False,AdenosineOnly
Cc1nc(N)c2ncn([C@@H]3O[C@H](CO)[C@@H](OC(C)N)[C@H]3O)c2n1,False,AdenosineOnly
Nc1ncnc2c1ncn2[C@@H]1O[C@H](CO)[C@](CO)(OC=O)[C@H]1O,False,AdenosineOnly
Nc1ncnc2c1ncn2[C@@H]1O[C@H](CO)[C@@H](OC=O)[C@@]1(O)CO,False,AdenosineOnly
Nc1ncnc2c1ncn2[C@@H]1OC(CO)(CO)[C@@H](OC=O)[C@H]1O,False,AdenosineOnly
Nc1ncnc2c1nc(CO)n2[C@@H]1O[C@H](CO)[C@@H](OC=O)[C@H]1O,False,AdenosineOnly
Nc1nc(CO)nc2c1ncn2[C@@H]1O[C@H](CO)[C@@H](OC=O)[C@H]1O,False,AdenosineOnly
OCC1=Nc2ncnc3c2ncn3[C@@H]2O[C@H](CO)[C@@H](O1)[C@H]2O,False,AdenosineOnly
Nc1ncnc2c1ncn2[C@@H]1O[C@H](CO)[C@H]2OC(O)C(O)O[C@H]21,False,AdenosineOnly
Nc1ncnc2c1ncn2[C@@H]1O[C@H](CO)[C@@]2(OCC(O)O2)[C@H]1O,False,AdenosineOnly
Nc1ncnc2c1ncn2[C@@H]1O[C@H](CO)[C@H]2OC(O)CO[C@]21O,False,AdenosineOnly
Nc1ncnc2c1ncn2[C@@H]1O[C@]2(CO)OCC(O)O[C@H]2[C@H]1O,False,AdenosineOnly
Nc1ncnc2c1ncn2[C@]12OCC(O)O[C@@H]([C@H]1O)[C@@H](CO)O2,False,AdenosineOnly
Nc1ncnc2c1ncn2[C@@H]1O[C@@H]2C(O)OCC(O)O[C@H]2[C@H]1O,False,AdenosineOnly
Nc1ncnc2c1nc1n2[C@@H]2O[C@H](CO)[C@@H](OC(O)CO1)[C@H]2O,False,AdenosineOnly
Nc1nc2nc3c1ncn3[C@@H]1O[C@H](CO)[C@@H](OC(O)CO2)[C@H]1O,False,AdenosineOnly
Nc1ncnc2c1ncn2[C@@H]1O[C@H](CO)[C@@H](OC(=O)C=O)[C@H]1O,False,AdenosineOnly
COCC(=O)O[C@H]1[C@@H](O)[C@H](n2cnc3c(N)ncnc32)O[C@@H]1CO,False,AdenosineOnly
Nc1ncnc2c1ncn2[C@@H]1O[C@H](CO)[C@@H](OC(=O)CCl)[C@H]1O,False,AdenosineOnly
C[C@H]1O[C@@H](n2cnc3c(N)ncnc32)[C@H](O)[C@@H]1OC(=O)CO,False,AdenosineOnly
Nc1ncnc2c1ncn2[C@@H]1O[C@H](CO)[C@@H](C(=O)CO)[C@H]1O,False,AdenosineOnly
COC1=Nc2ncnc3c2ncn3[C@@H]2O[C@H](CO)[C@@H](O1)[C@H]2O,False,AdenosineOnly
Nc1ncnc2c1ncn2[C@@H]1O[C@H](CO)[C@H]2OC(O)OCO[C@H]21,False,AdenosineOnly
Nc1ncnc2c1ncn2[C@@H]1O[C@@H]2COCOC(O)O[C@H]2[C@H]1O,False,AdenosineOnly
COC(O)O[C@]12O[C@H]1[C@H](n1cnc3c(N)ncnc31)O[C@@H]2CO,False,AdenosineOnly
COC(O)O[C@@]12OC[C@H]1O[C@@H](n1cnc3c(N)ncnc31)[C@@H]2O,False,AdenosineOnly
COC(O)O[C@@H]1[C@H]2CO[C@@]1(O)[C@H](n1cnc3c(N)ncnc31)O2,False,AdenosineOnly
COC(O)O[C@H]1[C@H]2O[C@@]1(CO)O[C@H]2n1cnc2c(N)ncnc21,False,AdenosineOnly
COC(O)O[C@H]1[C@@H](O)[C@H](n2cnc3c(N)ncnc32)O[C@@]12CO2,False,AdenosineOnly
COC(O)O[C@H]1[C@H]2O[C@]2(n2cnc3c(N)ncnc32)O[C@@H]1CO,False,AdenosineOnly
COC(O)O[C@H]1[C@@H](O)[C@]2(n3cnc4c(N)ncnc43)OC[C@H]1O2,False,AdenosineOnly
COC(O)O[C@H]1[C@H]2OC(O)[C@H]1O[C@H]2n1cnc2c(N)ncnc21,False,AdenosineOnly
COC(O)O[C@H]1[C@H]2Oc3nc4c(N)ncnc4n3[C@@H]2O[C@@H]1CO,False,AdenosineOnly
COC(O)O[C@H]1[C@@H](O)[C@H]2O[C@@H]1COc1nc3c(N)ncnc3n12,False,AdenosineOnly
COC(O)O[C@H]1[C@H]2Oc3nc(N)c4ncn(c4n3)[C@@H]2O[C@@H]1CO,False,AdenosineOnly
COC(O)O[C@H]1[C@@H](O)[C@H]2O[C@@H]1COc1nc(N)c3ncn2c3n1,False,AdenosineOnly
COCO[C@H]1[C@@H](O)[C@H](n2cnc3c(N)ncnc32)O[C@@H]1CO,False,AdenosineOnly
COC(=O)O[C@H]1[C@@H](O)[C@H](n2cnc3c(N)ncnc32)O[C@@H]1C,False,AdenosineOnly
Nc1ncnc2c1ncn2[C@@H]1O[C@H](CO)[C@](CO)(OCO)[C@H]1O,False,AdenosineOnly
Nc1ncnc2c1ncn2[C@@H]1O[C@H](CO)[C@@H](OCO)[C@@]1(O)CO,False,AdenosineOnly
Nc1ncnc2c1ncn2[C@@H]1OC(CO)(CO)[C@@H](OCO)[C@H]1O,False,AdenosineOnly
Nc1ncnc2c1nc(CO)n2[C@@H]1O[C@H](CO)[C@@H](OCO)[C@H]1O,False,AdenosineOnly
Nc1nc(CO)nc2c1ncn2[C@@H]1O[C@H](CO)[C@@H](OCO)[C@H]1O,False,AdenosineOnly
Nc1ncnc2c1ncn2[C@@H]1O[C@H](CO)[C@@H](OCC=O)[C@H]1O,False,AdenosineOnly
Nc1ncnc2c1ncn2[C@@H]1O[C@H](C=O)[C@@H](OCCO)[C@H]1O,False,AdenosineOnly
Nc1ncnc2c1ncn2[C@@H]1O[C@H](CO)[C@@H](OC(O)C=O)[C@H]1O,False,AdenosineOnly
COCC(O)O[C@H]1[C@@H](O)[C@H](n2cnc3c(N)ncnc32)O[C@@H]1CO,False,AdenosineOnly
COC(CO)O[C@H]1[C@@H](O)[C@H](n2cnc3c(N)ncnc32)O[C@@H]1CO,False,AdenosineOnly
CC(O)(CO)O[C@H]1[C@@H](O)[C@H](n2cnc3c(N)ncnc32)O[C@@H]1CO,False,AdenosineOnly
Nc1ncnc2c1ncn2[C@@H]1O[C@H](CO)[C@@H](OC(O)CCl)[C@H]1O,False,AdenosineOnly
Nc1ncnc2c1ncn2[C@@H]1O[C@H](CO)[C@@H](OC(Cl)CO)[C@H]1O,False,AdenosineOnly
C[C@H]1O[C@@H](n2cnc3c(N)ncnc32)[C@H](O)[C@@H]1OC(O)CO,False,AdenosineOnly
CC(O)O[C@H]1[C@H]2OC[C@H]1O[C@H]2n1cnc2c(N)ncnc21,False,AdenosineOnly
C[C@H]1O[C@@H](n2cnc3c(N)ncnc32)[C@H](O)[C@@H]1OC(=O)CC(=O)O,False,AdenosineOnly
CC(=O)[C@H]1[C@@H](O)[C@H](n2cnc3c(N)ncnc32)O[C@@H]1C,False,AdenosineOnly
CC[C@H]1O[C@@H](n2cnc3c(N)ncnc32)[C@H](O)[C@@H]1OC(C)=O,False,AdenosineOnly
CC(=O)O[C@H]1[C@@H](O)[C@H](n2cnc3c(N)ncnc32)OC1(C)C,False,AdenosineOnly
CC(=O)O[C@@]1(C)[C@@H](C)O[C@@H](n2cnc3c(N)ncnc32)[C@@H]1O,False,AdenosineOnly
CC(=O)O[C@@H]1[C@@H](C)O[C@@H](n2cnc3c(N)ncnc32)[C@@]1(C)O,False,AdenosineOnly
CC(=O)O[C@H]1[C@@H](O)[C@@](C)(n2cnc3c(N)ncnc32)O[C@@H]1C,False,AdenosineOnly
CC(=O)O[C@H]1[C@@H](O)[C@H](n2c(C)nc3c(N)ncnc32)O[C@@H]1C,False,AdenosineOnly
CC(=O)O[C@H]1[C@@H](O)[C@H](n2cnc3c(N)nc(C)nc32)O[C@@H]1C,False,AdenosineOnly
CC(=O)[C@@]1(CO)CO[C@@H](n2cnc3c(N)ncnc32)[C@@H]1O,False,AdenosineOnly
Nc1ncnc2c1ncn2[C@@H]1OC[C@@H](C(=O)CCO)[C@H]1O,False,AdenosineOnly
CC(=O)[C@@H]1CO[C@@H](n2cnc3c(N)ncnc32)[C@]1(O)CO,False,AdenosineOnly
CC(=O)[C@@H]1CO[C@@H](n2c(CO)nc3c(N)ncnc32)[C@@H]1O,False,AdenosineOnly
CC(=O)[C@@H]1CO[C@@H](n2cnc3c(N)nc(CO)nc32)[C@@H]1O,False,AdenosineOnly
C[C@]1(C=O)[C@@H](CO)O[C@@H](n2cnc3c(N)ncnc32)[C@@H]1O,False,AdenosineOnly
C[C@]1(O)[C@H](C=O)[C@@H](CO)O[C@H]1n1cnc2c(N)ncnc21,False,AdenosineOnly
CC(=O)[C@]1(O)C[C@@H](CO)O[C@H]1n1cnc2c(N)ncnc21,False,AdenosineOnly
C[C@@]1(CO)O[C@@H](n2cnc3c(N)ncnc32)[C@H](O)[C@@H]1C=O,False,AdenosineOnly
CC(=O)[C@]1(CO)C[C@@H](O)[C@H](n2cnc3c(N)ncnc32)O1,False,AdenosineOnly
C[C@]1(n2cnc3c(N)ncnc32)O[C@H](CO)[C@@H](C=O)[C@H]1O,False,AdenosineOnly
CC(=O)[C@]1(n2cnc3c(N)ncnc32)O[C@H](CO)C[C@H]1O,False,AdenosineOnly
CC(O)[C@H]1O[C@@H](n2cnc3c(N)ncnc32)[C@H](O)[C@@H]1C=O,False,AdenosineOnly
CC(=O)C(O)[C@@H]1C[C@@H](O)[C@H](n2cnc3c(N)ncnc32)O1,False,AdenosineOnly
Cc1nc2c(N)ncnc2n1[C@@H]1O[C@H](CO)[C@@H](C=O)[C@H]1O,False,AdenosineOnly
CC(=O)c1nc2c(N)ncnc2n1[C@@H]1O[C@H](CO)C[C@H]1O,False,AdenosineOnly
Cc1nc(N)c2ncn([C@@H]3O[C@H](CO)[C@@H](C=O)[C@H]3O)c2n1,False,AdenosineOnly
CC(=O)c1nc(N)c2ncn([C@@H]3O[C@H](CO)C[C@H]3O)c2n1,False,AdenosineOnly
Nc1ncnc2c1ncn2[C@@H]1O[C@H](CO)[C@@H](CC=O)[C@H]1O,False,AdenosineOnly
CC1=Nc2ncnc3c2ncn3[C@@H]2O[C@H](CO)[C@@H]1[C@H]2O,False,AdenosineOnly
CC(O)[C@]12O[C@H]1[C@H](n1cnc3c(N)ncnc31)O[C@@H]2CO,False,AdenosineOnly
CC(O)[C@@]12OC[C@H]1O[C@@H](n1cnc3c(N)ncnc31)[C@@H]2O,False,AdenosineOnly
Nc1ncnc2c1ncn2[C@@H]1O[C@H](CO)[C@H]2C(O)CO[C@H]21,False,AdenosineOnly
Nc1ncnc2c1ncn2[C@@H]1O[C@@H]2COCC(O)[C@H]2[C@H]1O,False,AdenosineOnly
CC(O)[C@@H]1[C@H]2CO[C@@]1(O)[C@H](n1cnc3c(N)ncnc31)O2,False,AdenosineOnly
CC(O)[C@H]1[C@H]2O[C@@]1(CO)O[C@H]2n1cnc2c(N)ncnc21,False,AdenosineOnly
CC(O)[C@H]1[C@@H](O)[C@H](n2cnc3c(N)ncnc32)O[C@@]12CO2,False,AdenosineOnly
CC(O)[C@H]1[C@H]2O[C@]2(n2cnc3c(N)ncnc32)O[C@@H]1CO,False,AdenosineOnly
CC(O)[C@H]1[C@@H](O)[C@]2(n3cnc4c(N)ncnc43)OC[C@H]1O2,False,AdenosineOnly
CC(O)[C@H]1[C@H]2OC(O)[C@H]1O[C@H]2n1cnc2c(N)ncnc21,False,AdenosineOnly
CC(O)[C@H]1[C@H]2Oc3nc4c(N)ncnc4n3[C@@H]2O[C@@H]1CO,False,AdenosineOnly
CC(O)[C@H]1[C@@H](O)[C@H]2O[C@@H]1COc1nc3c(N)ncnc3n12,False,AdenosineOnly
CC(O)[C@H]1[C@H]2Oc3nc(N)c4ncn(c4n3)[C@@H]2O[C@@H]1CO,False,AdenosineOnly
CC(O)[C@H]1[C@@H](O)[C@H]2O[C@@H]1COc1nc(N)c3ncn2c3n1,False,AdenosineOnly
CC(O)[C@H]1[C@@H](O)[C@H](n2cnc3c(N)ncnc32)O[C@@H]1CO,False,AdenosineOnly
Nc1ncnc2c1ncn2[C@@H]1O[C@H](CO)[C@@H](C(=O)CC(=O)O)[C@H]1O,False,AdenosineOnly
CC(O)(C#N)[C@H]1[C@@H](O)[C@H](n2cnc3c(N)ncnc32)O[C@@H]1CO,False,AdenosineOnly
CC(N)[C@H]1[C@@H](O)[C@H](n2cnc3c(N)ncnc32)O[C@@H]1CO,False,AdenosineOnly
COC(=O)[C@H]1[C@@H](O)[C@H](n2cnc3c(N)ncnc32)O[C@@H]1CO,False,AdenosineOnly
Nc1ncnc2c1ncn2[C@@H]1O[C@H](CO)[C@@H](C(O)CO)[C@H]1O,False,AdenosineOnly
CC(=O)[C@H]1[C@@H](O)[C@H](n2cnc3c(N)ncnc32)O[C@@H]1C(=O)O,False,AdenosineOnly
Nc1ncnc2c1ncn2[C@@H]1O[C@H](CO)[C@@H](C=O)[C@H]1O,False,AdenosineOnly
CC(=O)[C@@]1(C)[C@@H](CO)O[C@@H](n2cnc3c(N)ncnc32)[C@@H]1O,False,AdenosineOnly
CC(=O)[C@@H]1[C@@H](CO)O[C@@H](n2cnc3c(N)ncnc32)[C@@]1(C)O,False,AdenosineOnly
CC(=O)[C@H]1[C@@H](O)[C@H](n2cnc3c(N)ncnc32)O[C@@]1(C)CO,False,AdenosineOnly
CC(=O)[C@H]1[C@@H](O)[C@@](C)(n2cnc3c(N)ncnc32)O[C@@H]1CO,False,AdenosineOnly
CC(=O)[C@H]1[C@@H](O)[C@H](n2cnc3c(N)ncnc32)O[C@@H]1C(C)O,False,AdenosineOnly
CC(=O)[C@H]1[C@@H](O)[C@H](n2c(C)nc3c(N)ncnc32)O[C@@H]1CO,False,AdenosineOnly
CC(=O)[C@H]1[C@@H](O)[C@H](n2cnc3c(N)nc(C)nc32)O[C@@H]1CO,False,AdenosineOnly
CC(=O)O[C@@H]1CO[C@@H](n2cnc3c(N)ncnc32)[C@@H]1O,False,AdenosineOnly
CC(=O)O[C@H]1[C@@H](O)[C@H]2O[C@@H]1C(O)=Nc1ncnc3c1ncn32,False,AdenosineOnly
CC(=O)O[C@H]1[C@@H](O)[C@H](n2cnc3c(N)ncnc32)O[C@]12OC2O,False,AdenosineOnly
CC(O)O[C@H]1[C@@H](O)[C@H](n2cnc3c(N)ncnc32)O[C@]12OC2=O,False,AdenosineOnly
CC(=O)O[C@H]1[C@H]2O[C@@]1(C(O)O)O[C@H]2n1cnc2c(N)ncnc21,False,AdenosineOnly
CC(=O)O[C@@]12OC(O)[C@H]1O[C@@H](n1cnc3c(N)ncnc31)[C@@H]2O,False,AdenosineOnly
CC(O)O[C@@]12OC(=O)[C@H]1O[C@@H](n1cnc3c(N)ncnc31)[C@@H]2O,False,AdenosineOnly
CC(=O)O[C@]12O[C@H]1[C@H](n1cnc3c(N)ncnc31)O[C@@H]2C(O)O,False,AdenosineOnly
CC(=O)O[C@@H]1[C@@H]2O[C@@H](n3cnc4c(N)ncnc43)[C@]1(O)OC2O,False,AdenosineOnly
CC(O)O[C@@H]1[C@@H]2O[C@@H](n3cnc4c(N)ncnc43)[C@]1(O)OC2=O,False,AdenosineOnly
CC(=O)O[C@@H]1[C@@H]2O[C@@](n3cnc4c(N)ncnc43)(OC2O)[C@@H]1O,False,AdenosineOnly
CC(O)O[C@@H]1[C@@H]2O[C@@](n3cnc4c(N)ncnc43)(OC2=O)[C@@H]1O,False,AdenosineOnly
CC(=O)O[C@@H]1[C@@H](C(O)O)O[C@@]2(n3cnc4c(N)ncnc43)O[C@H]12,False,AdenosineOnly
Nc1ncnc2c1ncn2[C@@H]1O[C@@H]2C(O)OCC(=O)O[C@H]2[C@H]1O,False,AdenosineOnly
Nc1ncnc2c1ncn2[C@@H]1O[C@@H]2C(=O)OCC(O)O[C@H]2[C@H]1O,False,AdenosineOnly
Nc1ncnc2c1ncn2[C@@H]1O[C@H](C(O)O)[C@H]2OC(=O)CO[C@H]21,False,AdenosineOnly
CC(=O)O[C@H]1[C@@H](O)[C@H]2O[C@@H]1C(O)Oc1nc3c(N)ncnc3n12,False,AdenosineOnly
CC(O)O[C@H]1[C@@H](O)[C@H]2O[C@@H]1C(=O)Oc1nc3c(N)ncnc3n12,False,AdenosineOnly
CC(=O)O[C@H]1[C@H]2Oc3nc4c(N)ncnc4n3[C@@H]2O[C@@H]1C(O)O,False,AdenosineOnly
CC(=O)O[C@H]1[C@@H](O)[C@H]2O[C@@H]1C(O)Oc1nc(N)c3ncn2c3n1,False,AdenosineOnly
CC(O)O[C@H]1[C@@H](O)[C@H]2O[C@@H]1C(=O)Oc1nc(N)c3ncn2c3n1,False,AdenosineOnly
CC(=O)O[C@H]1[C@H]2Oc3nc(N)c4ncn(c4n3)[C@@H]2O[C@@H]1C(O)O,False,AdenosineOnly
C[C@H]1O[C@@H](n2cnc3c(N)ncnc32)[C@H](O)[C@@H]1OC(=O)C(=O)O,False,AdenosineOnly
CC(=O)O[C@H]1[C@@H](O)[C@H](n2cnc3c(N)ncnc32)O[C@@H]1C(O)O,False,AdenosineOnly
CC(=O)O[C@H]1[C@@H](O)[C@H](n2cnc3c(N)ncnc32)O[C@@H]1C(O)(O)C#N,False,AdenosineOnly
CC(=O)O[C@H]1[C@@H](O)[C@H](n2cnc3c(N)ncnc32)O[C@@H]1C(N)=O,False,AdenosineOnly
CC(=O)O[C@H]1[C@@H](O)[C@H](n2cnc3c(N)ncnc32)O[C@@]1(C)C(=O)O,False,AdenosineOnly
CC(=O)O[C@@]1(C)[C@@H](C(=O)O)O[C@@H](n2cnc3c(N)ncnc32)[C@@H]1O,False,AdenosineOnly
CC(=O)O[C@@H]1[C@@H](C(=O)O)O[C@@H](n2cnc3c(N)ncnc32)[C@@]1(C)O,False,AdenosineOnly
CC(=O)O[C@@H]1[C@@H](C(=O)O)O[C@](C)(n2cnc3c(N)ncnc32)[C@@H]1O,False,AdenosineOnly
CC(=O)O[C@H]1[C@@H](O)[C@H](n2c(C)nc3c(N)ncnc32)O[C@@H]1C(=O)O,False,AdenosineOnly
CC(=O)O[C@H]1[C@@H](O)[C@H](n2cnc3c(N)nc(C)nc32)O[C@@H]1C(=O)O,False,AdenosineOnly
C[C@]1(OC=O)[C@@H](CO)O[C@@H](n2cnc3c(N)ncnc32)[C@@]1(C)O,False,AdenosineOnly
C[C@@]1(CO)O[C@@H](n2cnc3c(N)ncnc32)[C@H](O)[C@@]1(C)OC=O,False,AdenosineOnly
C[C@@]1(OC=O)[C@@H](O)[C@@](C)(n2cnc3c(N)ncnc32)O[C@@H]1CO,False,AdenosineOnly
Cc1nc2c(N)ncnc2n1[C@@H]1O[C@H](CO)[C@](C)(OC=O)[C@H]1O,False,AdenosineOnly
Cc1nc(N)c2ncn([C@@H]3O[C@H](CO)[C@](C)(OC=O)[C@H]3O)c2n1,False,AdenosineOnly
CC1=Nc2ncnc3c2ncn3[C@@H]2O[C@H](CO)[C@](C)(O1)[C@H]2O,False,AdenosineOnly
CC(O)O[C@]12CO[C@H]1[C@H](n1cnc3c(N)ncnc31)O[C@@H]2CO,False,AdenosineOnly
CC(O)O[C@@]12COC[C@H]1O[C@@H](n1cnc3c(N)ncnc31)[C@@H]2O,False,AdenosineOnly
C[C@@]12OC(O)CO[C@H]1[C@H](n1cnc3c(N)ncnc31)O[C@@H]2CO,False,AdenosineOnly
C[C@]12OC(O)COC[C@H]1O[C@@H](n1cnc3c(N)ncnc31)[C@@H]2O,False,AdenosineOnly
C[C@]1(OC(=O)CO)[C@@H](CO)O[C@@H](n2cnc3c(N)ncnc32)[C@@H]1O,False,AdenosineOnly
COC(=O)O[C@@]1(C)[C@@H](CO)O[C@@H](n2cnc3c(N)ncnc32)[C@@H]1O,False,AdenosineOnly
C[C@]1(OC(O)CO)[C@@H](CO)O[C@@H](n2cnc3c(N)ncnc32)[C@@H]1O,False,AdenosineOnly
CC[C@]1(OC(C)=O)[C@@H](CO)O[C@@H](n2cnc3c(N)ncnc32)[C@@H]1O,False,AdenosineOnly
CC(=O)O[C@@]1(C)[C@@H](CO)O[C@@H](n2cnc3c(N)ncnc32)[C@@]1(C)O,False,AdenosineOnly
CC(=O)O[C@]1(C)[C@@H](O)[C@H](n2cnc3c(N)ncnc32)O[C@@]1(C)CO,False,AdenosineOnly
CC(=O)O[C@]1(C)[C@@H](O)[C@@](C)(n2cnc3c(N)ncnc32)O[C@@H]1CO,False,AdenosineOnly
CC(=O)O[C@@]1(C)[C@@H](C(C)O)O[C@@H](n2cnc3c(N)ncnc32)[C@@H]1O,False,AdenosineOnly
CC(=O)O[C@@]1(C)[C@@H](CO)O[C@@H](n2c(C)nc3c(N)ncnc32)[C@@H]1O,False,AdenosineOnly
CC(=O)O[C@@]1(C)[C@@H](CO)O[C@@H](n2cnc3c(N)nc(C)nc32)[C@@H]1O,False,AdenosineOnly
C[C@]1(O)[C@H](OC=O)[C@@H](CO)O[C@]1(C)n1cnc2c(N)ncnc21,False,AdenosineOnly
C[C@@]1(O)[C@H](n2cnc3c(N)ncnc32)O[C@@](C)(CO)[C@H]1OC=O,False,AdenosineOnly
Cc1nc2c(N)ncnc2n1[C@@H]1O[C@H](CO)[C@@H](OC=O)[C@]1(C)O,False,AdenosineOnly
Cc1nc(N)c2ncn([C@@H]3O[C@H](CO)[C@@H](OC=O)[C@]3(C)O)c2n1,False,AdenosineOnly
CC1=Nc2ncnc3c2ncn3[C@@H]2O[C@H](CO)[C@@H](O1)[C@]2(C)O,False,AdenosineOnly
CC(O)O[C@@H]1[C@@H](CO)O[C@@H](n2cnc3c(N)ncnc32)[C@]12CO2,False,AdenosineOnly
CC(O)O[C@@H]1[C@H]2COC[C@@]1(O)[C@H](n1cnc3c(N)ncnc31)O2,False,AdenosineOnly
C[C@]12OCC(O)O[C@@H]1[C@@H](CO)O[C@H]2n1cnc2c(N)ncnc21,False,AdenosineOnly
C[C@]1(O)[C@@H]2OC(O)COC[C@H]2O[C@H]1n1cnc2c(N)ncnc21,False,AdenosineOnly
C[C@]1(O)[C@H](OC(=O)CO)[C@@H](CO)O[C@H]1n1cnc2c(N)ncnc21,False,AdenosineOnly
COC(=O)O[C@@H]1[C@@H](CO)O[C@@H](n2cnc3c(N)ncnc32)[C@@]1(C)O,False,AdenosineOnly
C[C@]1(O)[C@H](OC(O)CO)[C@@H](CO)O[C@H]1n1cnc2c(N)ncnc21,False,AdenosineOnly
CC[C@]1(O)[C@H](OC(C)=O)[C@@H](CO)O[C@H]1n1cnc2c(N)ncnc21,False,AdenosineOnly
CC(=O)O[C@@H]1[C@@H](CO)O[C@](C)(n2cnc3c(N)ncnc32)[C@@]1(C)O,False,AdenosineOnly
CC(=O)O[C@H]1[C@](C)(O)[C@H](n2cnc3c(N)ncnc32)O[C@@]1(C)CO,False,AdenosineOnly
CC(=O)O[C@@H]1[C@@H](C(C)O)O[C@@H](n2cnc3c(N)ncnc32)[C@@]1(C)O,False,AdenosineOnly
CC(=O)O[C@@H]1[C@@H](CO)O[C@@H](n2c(C)nc3c(N)ncnc32)[C@@]1(C)O,False,AdenosineOnly
CC(=O)O[C@@H]1[C@@H](CO)O[C@@H](n2cnc3c(N)nc(C)nc32)[C@@]1(C)O,False,AdenosineOnly
CC(=O)O[C@H]1[C@@H](O)[C@@](CO)(n2cnc3c(N)ncnc32)O[C@@H]1C,False,AdenosineOnly
C[C@]1(n2cnc3c(N)ncnc32)O[C@@](C)(CO)[C@@H](OC=O)[C@H]1O,False,AdenosineOnly
Cc1nc2c(N)ncnc2n1[C@@H]1O[C@@](C)(CO)[C@@H](OC=O)[C@H]1O,False,AdenosineOnly
Cc1nc(N)c2ncn([C@@H]3O[C@@](C)(CO)[C@@H](OC=O)[C@H]3O)c2n1,False,AdenosineOnly
CC1=Nc2ncnc3c2ncn3[C@@H]2O[C@@](C)(CO)[C@@H](O1)[C@H]2O,False,AdenosineOnly
CC(O)O[C@H]1[C@@H](O)[C@H](n2cnc3c(N)ncnc32)OC12COC2,False,AdenosineOnly
CC(O)O[C@H]1[C@H]2OC[C@@]1(CO)O[C@H]2n1cnc2c(N)ncnc21,False,AdenosineOnly
C[C@]12COCC(O)O[C@H]1[C@@H](O)[C@H](n1cnc3c(N)ncnc31)O2,False,AdenosineOnly
C[C@@]1(CO)O[C@@H](n2cnc3c(N)ncnc32)[C@@H]2OCC(O)O[C@@H]21,False,AdenosineOnly
C[C@@]1(CO)O[C@@H](n2cnc3c(N)ncnc32)[C@H](O)[C@@H]1OC(=O)CO,False,AdenosineOnly
COC(=O)O[C@H]1[C@@H](O)[C@H](n2cnc3c(N)ncnc32)O[C@@]1(C)CO,False,AdenosineOnly
C[C@@]1(CO)O[C@@H](n2cnc3c(N)ncnc32)[C@H](O)[C@@H]1OC(O)CO,False,AdenosineOnly
CC[C@@]1(CO)O[C@@H](n2cnc3c(N)ncnc32)[C@H](O)[C@@H]1OC(C)=O,False,AdenosineOnly
CC(=O)O[C@H]1[C@@H](O)[C@H](n2cnc3c(N)ncnc32)O[C@@]1(C)C(C)O,False,AdenosineOnly
CC(=O)O[C@H]1[C@@H](O)[C@@](C)(n2cnc3c(N)ncnc32)O[C@@]1(C)CO,False,AdenosineOnly
CC(=O)O[C@H]1[C@@H](O)[C@H](n2c(C)nc3c(N)ncnc32)O[C@@]1(C)CO,False,AdenosineOnly
CC(=O)O[C@H]1[C@@H](O)[C@H](n2cnc3c(N)nc(C)nc32)O[C@@]1(C)CO,False,AdenosineOnly
Cc1nc2c(N)ncnc2n1[C@@]1(C)O[C@H](CO)[C@@H](OC=O)[C@H]1O,False,AdenosineOnly
Cc1nc(N)c2ncn([C@@]3(C)O[C@H](CO)[C@@H](OC=O)[C@H]3O)c2n1,False,AdenosineOnly
CC1=Nc2ncnc3c2ncn3[C@@]2(C)O[C@H](CO)[C@@H](O1)[C@H]2O,False,AdenosineOnly
CC(O)O[C@H]1[C@H]2OC[C@]2(n2cnc3c(N)ncnc32)O[C@@H]1CO,False,AdenosineOnly
CC(O)O[C@H]1[C@@H](O)[C@]2(n3cnc4c(N)ncnc43)COC[C@H]1O2,False,AdenosineOnly
C[C@]1(n2cnc3c(N)ncnc32)O[C@H](CO)[C@H]2OC(O)CO[C@H]21,False,AdenosineOnly
C[C@]1(n2cnc3c(N)ncnc32)O[C@@H]2COCC(O)O[C@H]2[C@H]1O,False,AdenosineOnly
C[C@]1(n2cnc3c(N)ncnc32)O[C@H](CO)[C@@H](OC(=O)CO)[C@H]1O,False,AdenosineOnly
COC(=O)O[C@H]1[C@@H](O)[C@@](C)(n2cnc3c(N)ncnc32)O[C@@H]1CO,False,AdenosineOnly
C[C@]1(n2cnc3c(N)ncnc32)O[C@H](CO)[C@@H](OC(O)CO)[C@H]1O,False,AdenosineOnly
CC[C@]1(n2cnc3c(N)ncnc32)O[C@H](CO)[C@@H](OC(C)=O)[C@H]1O,False,AdenosineOnly
CC(=O)O[C@H]1[C@@H](O)[C@@](C)(n2c(C)nc3c(N)ncnc32)O[C@@H]1CO,False,AdenosineOnly
CC(=O)O[C@@H]1[C@@H](C(C)O)O[C@](C)(n2cnc3c(N)ncnc32)[C@@H]1O,False,AdenosineOnly
CC(=O)O[C@H]1[C@@H](O)[C@@](C)(n2cnc3c(N)nc(C)nc32)O[C@@H]1CO,False,AdenosineOnly
CC1=Nc2ncnc3c2ncn3[C@@H]2O[C@H](C(C)O)[C@@H](O1)[C@H]2O,False,AdenosineOnly
CC(O)O[C@H]1[C@@H](O)[C@H](n2cnc3c(N)ncnc32)O[C@@H]1C1CO1,False,AdenosineOnly
CC(O)O[C@H]1[C@H]2OCC(O)[C@H]1O[C@H]2n1cnc2c(N)ncnc21,False,AdenosineOnly
CC1OCC(O)O[C@H]2[C@@H](O)[C@H](n3cnc4c(N)ncnc43)O[C@H]12,False,AdenosineOnly
CC(O)[C@H]1O[C@@H](n2cnc3c(N)ncnc32)[C@@H]2OCC(O)O[C@@H]21,False,AdenosineOnly
CC(=O)O[C@H]1[C@@H](O)[C@H](n2cnc3c(N)ncnc32)O[C@@H]1C(C)(C)O,False,AdenosineOnly
CCC(O)[C@H]1O[C@@H](n2cnc3c(N)ncnc32)[C@H](O)[C@@H]1OC(C)=O,False,AdenosineOnly
CC(=O)O[C@H]1[C@@H](O)[C@H](n2cnc3c(N)ncnc32)O[C@@H]1C(C)Cl,False,AdenosineOnly
CC(=O)O[C@H]1[C@@H](O)[C@H](n2cnc3c(N)ncnc32)O[C@@H]1C(C)(O)O,False,AdenosineOnly
CC(=O)O[C@H]1[C@@H](O)[C@H](n2cnc3c(N)ncnc32)O[C@@H]1C(O)CO,False,AdenosineOnly
CC(O)[C@H]1O[C@@H](n2cnc3c(N)ncnc32)[C@H](O)[C@@H]1OC(=O)CO,False,AdenosineOnly
COC(=O)O[C@H]1[C@@H](O)[C@H](n2cnc3c(N)ncnc32)O[C@@H]1C(C)O,False,AdenosineOnly
CC(O)O[C@H]1[C@@H](O)[C@H](n2cnc3c(N)ncnc32)O[C@@H]1C(C)(O)O,False,AdenosineOnly
CC(O)O[C@H]1[C@@H](O)[C@H](n2cnc3c(N)ncnc32)O[C@@H]1C(O)CO,False,AdenosineOnly
CC(O)[C@H]1O[C@@H](n2cnc3c(N)ncnc32)[C@H](O)[C@@H]1OC(O)CO,False,AdenosineOnly
CC(=O)O[C@H]1[C@@H](O)[C@H](n2c(C)nc3c(N)ncnc32)O[C@@H]1C(C)O,False,AdenosineOnly
CC(=O)O[C@H]1[C@@H](O)[C@H](n2cnc3c(N)nc(C)nc32)O[C@@H]1C(C)O,False,AdenosineOnly
CC(O)[C@H]1O[C@@H](n2cnc3c(N)ncnc32)[C@H](O)[C@@H]1OC(C)(C)O,False,AdenosineOnly
Cc1nc(N)c2nc(C)n([C@@H]3O[C@H](CO)[C@@H](OC=O)[C@H]3O)c2n1,False,AdenosineOnly
CC1=Nc2ncnc3c2nc(C)n3[C@@H]2O[C@H](CO)[C@@H](O1)[C@H]2O,False,AdenosineOnly
CC(O)O[C@H]1[C@H]2OCc3nc4c(N)ncnc4n3[C@@H]2O[C@@H]1CO,False,AdenosineOnly
CC(O)O[C@H]1[C@@H](O)[C@H]2O[C@@H]1COCc1nc3c(N)ncnc3n12,False,AdenosineOnly
Cc1nc2c(N)ncnc2n1[C@@H]1O[C@H](CO)[C@H]2OC(O)CO[C@H]21,False,AdenosineOnly
Cc1nc2c(N)ncnc2n1[C@@H]1O[C@@H]2COCC(O)O[C@H]2[C@H]1O,False,AdenosineOnly
Cc1nc2c(N)ncnc2n1[C@@H]1O[C@H](CO)[C@@H](OC(=O)CO)[C@H]1O,False,AdenosineOnly
COC(=O)O[C@H]1[C@@H](O)[C@H](n2c(C)nc3c(N)ncnc32)O[C@@H]1CO,False,AdenosineOnly
Cc1nc2c(N)ncnc2n1[C@@H]1O[C@H](CO)[C@@H](OC(O)CO)[C@H]1O,False,AdenosineOnly
CCc1nc2c(N)ncnc2n1[C@@H]1O[C@H](CO)[C@@H](OC(C)=O)[C@H]1O,False,AdenosineOnly
CC(=O)O[C@H]1[C@@H](O)[C@H](n2c(C)nc3c(N)nc(C)nc32)O[C@@H]1CO,False,AdenosineOnly
CC1=Nc2nc(C)nc3c2ncn3[C@@H]2O[C@H](CO)[C@@H](O1)[C@H]2O,False,AdenosineOnly
CC(O)O[C@H]1[C@H]2OCc3nc(N)c4ncn(c4n3)[C@@H]2O[C@@H]1CO,False,AdenosineOnly
CC(O)O[C@H]1[C@@H](O)[C@H]2O[C@@H]1COCc1nc(N)c3ncn2c3n1,False,AdenosineOnly
Cc1nc(N)c2ncn([C@@H]3O[C@H](CO)[C@H]4OC(O)CO[C@H]43)c2n1,False,AdenosineOnly
Cc1nc(N)c2ncn([C@@H]3O[C@@H]4COCC(O)O[C@H]4[C@H]3O)c2n1,False,AdenosineOnly
Cc1nc(N)c2ncn([C@@H]3O[C@H](CO)[C@@H](OC(=O)CO)[C@H]3O)c2n1,False,AdenosineOnly
COC(=O)O[C@H]1[C@@H](O)[C@H](n2cnc3c(N)nc(C)nc32)O[C@@H]1CO,False,AdenosineOnly
Cc1nc(N)c2ncn([C@@H]3O[C@H](CO)[C@@H](OC(O)CO)[C@H]3O)c2n1,False,AdenosineOnly
CCc1nc(N)c2ncn([C@@H]3O[C@H](CO)[C@@H](OC(C)=O)[C@H]3O)c2n1,False,AdenosineOnly
C[C@@]12OC=Nc3ncnc4c3ncn4[C@@H]1O[C@H](CO)[C@H]2O,False,AdenosineOnly
Nc1ncnc2c1ncn2[C@@H]1O[C@H](CO)[C@H]2OC[C@]21OCO,False,AdenosineOnly
Nc1ncnc2c1ncn2[C@@H]1O[C@@H]2COC[C@]1(OCO)[C@@H]2O,False,AdenosineOnly
C[C@]1(OCO)[C@@H]2O[C@]1(n1cnc3c(N)ncnc31)O[C@@H]2CO,False,AdenosineOnly
C[C@]1(OCO)[C@H](O)[C@H]2CO[C@]1(n1cnc3c(N)ncnc31)O2,False,AdenosineOnly
C[C@@]1(OCO)[C@H](n2cnc3c(N)ncnc32)O[C@@H]2CO[C@]21O,False,AdenosineOnly
C[C@]1(OCO)[C@@H]2O[C@@]2(CO)O[C@H]1n1cnc2c(N)ncnc21,False,AdenosineOnly
C[C@]1(OCO)[C@H](O)[C@]2(CO2)O[C@H]1n1cnc2c(N)ncnc21,False,AdenosineOnly
C[C@]1(OCO)[C@@H]2Oc3nc4c(N)ncnc4n3[C@@H]1O[C@@H]2CO,False,AdenosineOnly
C[C@]1(OCO)[C@H](O)[C@H]2COc3nc4c(N)ncnc4n3[C@@H]1O2,False,AdenosineOnly
C[C@]1(OCO)[C@@H]2OC(O)[C@H]2O[C@H]1n1cnc2c(N)ncnc21,False,AdenosineOnly
C[C@]1(OCO)[C@@H]2Oc3nc(N)c4ncn(c4n3)[C@@H]1O[C@@H]2CO,False,AdenosineOnly
C[C@]1(OCO)[C@H](O)[C@H]2COc3nc(N)c4ncn(c4n3)[C@@H]1O2,False,AdenosineOnly
CO[C@@]1(C)[C@H](O)[C@@H](CO)O[C@H]1n1cnc2c(N)ncnc21,False,AdenosineOnly
C[C@H]1O[C@@H](n2cnc3c(N)ncnc32)[C@@](C)(OC=O)[C@@H]1O,False,AdenosineOnly
C[C@]1(OC=O)[C@H](O)[C@@H](C(=O)O)O[C@H]1n1cnc2c(N)ncnc21,False,AdenosineOnly
C[C@]12O[C@H](CO)[C@@H](O)[C@H]1OC=Nc1ncnc3c1ncn32,False,AdenosineOnly
Nc1ncnc2c1ncn2[C@]12CO[C@@H]([C@H]1OCO)[C@@H](CO)O2,False,AdenosineOnly
Nc1ncnc2c1ncn2[C@@]12COC[C@@H](O1)[C@@H](O)[C@H]2OCO,False,AdenosineOnly
C[C@]1(n2cnc3c(N)ncnc32)O[C@H](CO)[C@H]2O[C@]21OCO,False,AdenosineOnly
C[C@]1(n2cnc3c(N)ncnc32)O[C@@H]2CO[C@]1(OCO)[C@@H]2O,False,AdenosineOnly
C[C@]1(n2cnc3c(N)ncnc32)O[C@@H]2CO[C@@]2(O)[C@H]1OCO,False,AdenosineOnly
C[C@@]12O[C@H](CO)[C@@H](Oc3nc4c(N)ncnc4n31)[C@H]2OCO,False,AdenosineOnly
C[C@@]12O[C@H](COc3nc4c(N)ncnc4n31)[C@@H](O)[C@H]2OCO,False,AdenosineOnly
C[C@]1(n2cnc3c(N)ncnc32)O[C@]2(CO)O[C@H]2[C@H]1OCO,False,AdenosineOnly
C[C@]1(n2cnc3c(N)ncnc32)O[C@@]2(CO2)[C@@H](O)[C@H]1OCO,False,AdenosineOnly
C[C@]1(n2cnc3c(N)ncnc32)O[C@@H]2C(O)O[C@H]2[C@H]1OCO,False,AdenosineOnly
C[C@@]12O[C@H](CO)[C@@H](Oc3nc(N)c4ncn1c4n3)[C@H]2OCO,False,AdenosineOnly
C[C@@]12O[C@H](COc3nc(N)c4ncn1c4n3)[C@@H](O)[C@H]2OCO,False,AdenosineOnly
CO[C@@H]1[C@H](O)[C@@H](CO)O[C@]1(C)n1cnc2c(N)ncnc21,False,AdenosineOnly
C[C@H]1O[C@](C)(n2cnc3c(N)ncnc32)[C@H](OC=O)[C@@H]1O,False,AdenosineOnly
C[C@]1(n2cnc3c(N)ncnc32)O[C@H](C(=O)O)[C@@H](O)[C@H]1OC=O,False,AdenosineOnly
C[C@]1(O)[C@@H](CO)O[C@@H]2[C@@H]1OC=Nc1ncnc3c1ncn32,False,AdenosineOnly
Nc1ncnc2c1ncn2[C@@H]1O[C@H](CO)[C@@]2(CO2)[C@H]1OCO,False,AdenosineOnly
Nc1ncnc2c1ncn2[C@@H]1O[C@@H]2COC[C@@]2(O)[C@H]1OCO,False,AdenosineOnly
C[C@@]12O[C@@]1(OCO)[C@H](n1cnc3c(N)ncnc31)O[C@@H]2CO,False,AdenosineOnly
C[C@]1(O)[C@H]2CO[C@@]1(OCO)[C@H](n1cnc3c(N)ncnc31)O2,False,AdenosineOnly
C[C@]12O[C@@]1(CO)O[C@@H](n1cnc3c(N)ncnc31)[C@@H]2OCO,False,AdenosineOnly
C[C@@]1(O)[C@@H](OCO)[C@H](n2cnc3c(N)ncnc32)O[C@@]12CO2,False,AdenosineOnly
C[C@]12O[C@](n3cnc4c(N)ncnc43)(O[C@@H]1CO)[C@@H]2OCO,False,AdenosineOnly
C[C@@]1(O)[C@@H](OCO)[C@]2(n3cnc4c(N)ncnc43)OC[C@H]1O2,False,AdenosineOnly
C[C@]12OC(O)[C@H]1O[C@@H](n1cnc3c(N)ncnc31)[C@@H]2OCO,False,AdenosineOnly
C[C@]12Oc3nc4c(N)ncnc4n3[C@H](O[C@@H]1CO)[C@@H]2OCO,False,AdenosineOnly
C[C@]1(O)[C@H]2COc3nc4c(N)ncnc4n3[C@H](O2)[C@@H]1OCO,False,AdenosineOnly
C[C@]12Oc3nc(N)c4ncn(c4n3)[C@H](O[C@@H]1CO)[C@@H]2OCO,False,AdenosineOnly
C[C@]1(O)[C@H]2COc3nc(N)c4ncn(c4n3)[C@H](O2)[C@@H]1OCO,False,AdenosineOnly
CO[C@H]1[C@H](n2cnc3c(N)ncnc32)O[C@H](CO)[C@]1(C)O,False,AdenosineOnly
C[C@H]1O[C@@H](n2cnc3c(N)ncnc32)[C@H](OC=O)[C@@]1(C)O,False,AdenosineOnly
C[C@]1(O)[C@@H](C(=O)O)O[C@@H](n2cnc3c(N)ncnc32)[C@@H]1OC=O,False,AdenosineOnly
C[C@H]1O[C@](CO)(n2cnc3c(N)ncnc32)[C@H](OC=O)[C@@H]1O,False,AdenosineOnly
C[C@@]1(CO)O[C@@H]2[C@H](OC=Nc3ncnc4c3ncn42)[C@@H]1O,False,AdenosineOnly
Nc1ncnc2c1ncn2[C@@H]1O[C@]2(CO)CO[C@H]2[C@H]1OCO,False,AdenosineOnly
Nc1ncnc2c1ncn2[C@@H]1OC2(COC2)[C@@H](O)[C@H]1OCO,False,AdenosineOnly
C[C@]12CO[C@@]1(O)[C@@H](OCO)[C@H](n1cnc3c(N)ncnc31)O2,False,AdenosineOnly
C[C@@]12O[C@@H](n3cnc4c(N)ncnc43)[C@H](OCO)[C@@H]1OC2O,False,AdenosineOnly
C[C@@]1(CO)O[C@@H](n2cnc3c(N)ncnc32)[C@]2(OCO)O[C@@H]21,False,AdenosineOnly
C[C@@]12CO[C@@](OCO)([C@H](n3cnc4c(N)ncnc43)O1)[C@@H]2O,False,AdenosineOnly
C[C@@]1(CO)O[C@@]2(n3cnc4c(N)ncnc43)O[C@H]1[C@H]2OCO,False,AdenosineOnly
C[C@@]12CO[C@](n3cnc4c(N)ncnc43)(O1)[C@H](OCO)[C@@H]2O,False,AdenosineOnly
C[C@@]1(CO)O[C@@H]2[C@H](OCO)[C@@H]1Oc1nc3c(N)ncnc3n12,False,AdenosineOnly
C[C@@]12COc3nc4c(N)ncnc4n3[C@H](O1)[C@H](OCO)[C@@H]2O,False,AdenosineOnly
C[C@@]1(CO)O[C@@H]2[C@H](OCO)[C@@H]1Oc1nc(N)c3ncn2c3n1,False,AdenosineOnly
C[C@@]12COc3nc(N)c4ncn(c4n3)[C@H](O1)[C@H](OCO)[C@@H]2O,False,AdenosineOnly
CO[C@H]1[C@H](n2cnc3c(N)ncnc32)O[C@@](C)(CO)[C@H]1O,False,AdenosineOnly
CC1(C)O[C@@H](n2cnc3c(N)ncnc32)[C@H](OC=O)[C@@H]1O,False,AdenosineOnly
C[C@@]1(C(=O)O)O[C@@H](n2cnc3c(N)ncnc32)[C@H](OC=O)[C@@H]1O,False,AdenosineOnly
Cc1nc2c3ncnc2n1[C@@H]1O[C@H](CO)[C@@H](O)[C@H]1OC=N3,False,AdenosineOnly
Nc1ncnc2c1nc1n2[C@@H]2O[C@H](CO)[C@@H](OC1)[C@H]2OCO,False,AdenosineOnly
Nc1ncnc2c1nc1n2[C@@H]2O[C@H](COC1)[C@@H](O)[C@H]2OCO,False,AdenosineOnly
Cc1nc2c(N)ncnc2n1[C@]12O[C@@H]([C@H]1OCO)[C@@H](CO)O2,False,AdenosineOnly
Cc1nc2c(N)ncnc2n1[C@@]12OC[C@@H](O1)[C@@H](O)[C@H]2OCO,False,AdenosineOnly
Cc1nc2c(N)ncnc2n1[C@@H]1O[C@H](CO)[C@H]2O[C@]21OCO,False,AdenosineOnly
Cc1nc2c(N)ncnc2n1[C@@H]1O[C@@H]2CO[C@]1(OCO)[C@@H]2O,False,AdenosineOnly
Cc1nc2c(N)ncnc2n1[C@@H]1O[C@@H]2CO[C@@]2(O)[C@H]1OCO,False,AdenosineOnly
Cc1nc2c(N)ncnc2n1[C@@H]1O[C@]2(CO)O[C@H]2[C@H]1OCO,False,AdenosineOnly
Cc1nc2c(N)ncnc2n1[C@@H]1O[C@@]2(CO2)[C@@H](O)[C@H]1OCO,False,AdenosineOnly
Cc1nc2c(N)nc3nc2n1[C@@H]1O[C@H](CO)[C@@H](O3)[C@H]1OCO,False,AdenosineOnly
Cc1nc2c(N)nc3nc2n1[C@@H]1O[C@H](CO3)[C@@H](O)[C@H]1OCO,False,AdenosineOnly
Cc1nc2c(N)ncnc2n1[C@@H]1O[C@@H]2C(O)O[C@H]2[C@H]1OCO,False,AdenosineOnly
CO[C@@H]1[C@H](O)[C@@H](CO)O[C@H]1n1c(C)nc2c(N)ncnc21,False,AdenosineOnly
Cc1nc2c(N)ncnc2n1[C@@H]1O[C@H](C)[C@@H](O)[C@H]1OC=O,False,AdenosineOnly
Cc1nc2c(N)ncnc2n1[C@@H]1O[C@H](C(=O)O)[C@@H](O)[C@H]1OC=O,False,AdenosineOnly
Nc1ncnc2c1ncn2[C@@H]1OC[C@@H](O)[C@H]1OC=O,False,AdenosineOnly
CC(O)[C@H]1O[C@@H]2[C@H](OC=Nc3ncnc4c3ncn42)[C@@H]1O,False,AdenosineOnly
CC1(O)O[C@H]2[C@@H](OCO)[C@H](n3cnc4c(N)ncnc43)O[C@@H]21,False,AdenosineOnly
Nc1ncnc2c1ncn2[C@@H]1O[C@H](C2CO2)[C@@H](O)[C@H]1OCO,False,AdenosineOnly
Nc1ncnc2c1ncn2[C@@H]1O[C@@H]2C(O)CO[C@H]2[C@H]1OCO,False,AdenosineOnly
CC1O[C@]12O[C@@H](n1cnc3c(N)ncnc31)[C@H](OCO)[C@@H]2O,False,AdenosineOnly
CC(O)[C@]12O[C@@H](n3cnc4c(N)ncnc43)[C@H](OCO)[C@@H]1O2,False,AdenosineOnly
CC1O[C@]2(O)[C@@H]1O[C@@H](n1cnc3c(N)ncnc31)[C@@H]2OCO,False,AdenosineOnly
CC1O[C@]2(OCO)[C@H](O)[C@@H]1O[C@H]2n1cnc2c(N)ncnc21,False,AdenosineOnly
CC(O)[C@H]1O[C@@H](n2cnc3c(N)ncnc32)[C@]2(OCO)O[C@H]12,False,AdenosineOnly
CC1O[C@]2(n3cnc4c(N)ncnc43)O[C@H]1[C@@H](O)[C@H]2OCO,False,AdenosineOnly
CC(O)[C@H]1O[C@@]2(n3cnc4c(N)ncnc43)O[C@H]1[C@H]2OCO,False,AdenosineOnly
CC1Oc2nc3c(N)ncnc3n2[C@@H]2O[C@H]1[C@@H](O)[C@H]2OCO,False,AdenosineOnly
CC(O)[C@H]1O[C@@H]2[C@H](OCO)[C@@H]1Oc1nc3c(N)ncnc3n12,False,AdenosineOnly
CC1Oc2nc(N)c3ncn(c3n2)[C@@H]2O[C@H]1[C@@H](O)[C@H]2OCO,False,AdenosineOnly
CC(O)[C@H]1O[C@@H]2[C@H](OCO)[C@@H]1Oc1nc(N)c3ncn2c3n1,False,AdenosineOnly
CO[C@@H]1[C@H](O)[C@@H](C(C)O)O[C@H]1n1cnc2c(N)ncnc21,False,AdenosineOnly
CC(C)(O)[C@H]1O[C@@H](n2cnc3c(N)ncnc32)[C@H](OC=O)[C@@H]1O,False,AdenosineOnly
CCC(O)[C@H]1O[C@@H](n2cnc3c(N)ncnc32)[C@H](OC=O)[C@@H]1O,False,AdenosineOnly
CC(Cl)[C@H]1O[C@@H](n2cnc3c(N)ncnc32)[C@H](OC=O)[C@@H]1O,False,AdenosineOnly
CC(O)(O)[C@H]1O[C@@H](n2cnc3c(N)ncnc32)[C@H](OC=O)[C@@H]1O,False,AdenosineOnly
Nc1ncnc2c1ncn2[C@@H]1O[C@H](C(O)CO)[C@@H](O)[C@H]1OC=O,False,AdenosineOnly
CC(O)(O)[C@H]1O[C@@H](n2cnc3c(N)ncnc32)[C@H](OCO)[C@@H]1O,False,AdenosineOnly
Nc1ncnc2c1ncn2[C@@H]1O[C@H](C(O)CO)[C@@H](O)[C@H]1OCO,False,AdenosineOnly
CC[C@H]1O[C@@H](n2cnc3c(N)ncnc32)[C@H](OC=O)[C@@H]1O,False,AdenosineOnly
CC(O)[C@]1(C)O[C@@H](n2cnc3c(N)ncnc32)[C@H](OC=O)[C@@H]1O,False,AdenosineOnly
CC(O)[C@H]1O[C@@H](n2cnc3c(N)ncnc32)[C@H](OC=O)[C@@]1(C)O,False,AdenosineOnly
CC(O)[C@H]1O[C@@H](n2cnc3c(N)ncnc32)[C@@](C)(OC=O)[C@@H]1O,False,AdenosineOnly
CC(O)[C@H]1O[C@](C)(n2cnc3c(N)ncnc32)[C@H](OC=O)[C@@H]1O,False,AdenosineOnly
Cc1nc2c(N)ncnc2n1[C@@H]1O[C@H](C(C)O)[C@@H](O)[C@H]1OC=O,False,AdenosineOnly
Cc1nc(N)c2ncn([C@@H]3O[C@H](C(C)O)[C@@H](O)[C@H]3OC=O)c2n1,False,AdenosineOnly
Cc1nc2c3ncn(c3n1)[C@@H]1O[C@H](CO)[C@@H](O)[C@H]1OC=N2,False,AdenosineOnly
Nc1nc2nc3c1ncn3[C@@H]1O[C@H](CO)[C@@H](OC2)[C@H]1OCO,False,AdenosineOnly
Nc1nc2nc3c1ncn3[C@@H]1O[C@H](COC2)[C@@H](O)[C@H]1OCO,False,AdenosineOnly
Cc1nc(N)c2ncn([C@]34O[C@@H]([C@H]3OCO)[C@@H](CO)O4)c2n1,False,AdenosineOnly
Cc1nc(N)c2ncn([C@@]34OC[C@@H](O3)[C@@H](O)[C@H]4OCO)c2n1,False,AdenosineOnly
Cc1nc(N)c2nc3n(c2n1)[C@@H]1O[C@H](CO)[C@@H](O3)[C@H]1OCO,False,AdenosineOnly
Cc1nc(N)c2nc3n(c2n1)[C@@H]1O[C@H](CO3)[C@@H](O)[C@H]1OCO,False,AdenosineOnly
Cc1nc(N)c2ncn([C@@H]3O[C@H](CO)[C@H]4O[C@]43OCO)c2n1,False,AdenosineOnly
Cc1nc(N)c2ncn([C@@H]3O[C@@H]4CO[C@]3(OCO)[C@@H]4O)c2n1,False,AdenosineOnly
Cc1nc(N)c2ncn([C@@H]3O[C@@H]4CO[C@@]4(O)[C@H]3OCO)c2n1,False,AdenosineOnly
Cc1nc(N)c2ncn([C@@H]3O[C@]4(CO)O[C@H]4[C@H]3OCO)c2n1,False,AdenosineOnly
Cc1nc(N)c2ncn([C@@H]3O[C@@]4(CO4)[C@@H](O)[C@H]3OCO)c2n1,False,AdenosineOnly
Cc1nc(N)c2ncn([C@@H]3O[C@@H]4C(O)O[C@H]4[C@H]3OCO)c2n1,False,AdenosineOnly
CO[C@@H]1[C@H](O)[C@@H](CO)O[C@H]1n1cnc2c(N)nc(C)nc21,False,AdenosineOnly
Cc1nc(N)c2ncn([C@@H]3O[C@H](C)[C@@H](O)[C@H]3OC=O)c2n1,False,AdenosineOnly
Cc1nc(N)c2ncn([C@@H]3O[C@H](C(=O)O)[C@@H](O)[C@H]3OC=O)c2n1,False,AdenosineOnly
CC1=Nc2nc(CO)nc3c2ncn3[C@@H]2OC[C@@H](O)[C@H]2O1,False,AdenosineOnly
CC1=Nc2ncnc3c2nc(CO)n3[C@@H]2OC[C@@H](O)[C@H]2O1,False,AdenosineOnly
CC1=Nc2ncnc3c2ncn3[C@@H]2OC[C@@H](O)[C@]2(CO)O1,False,AdenosineOnly
CC1=Nc2ncnc3c2ncn3[C@@H]2OC[C@@](O)(CO)[C@H]2O1,False,AdenosineOnly
OCCC1=Nc2ncnc3c2ncn3[C@@H]2OC[C@@H](O)[C@H]2O1,False,AdenosineOnly
CC1=Nc2ncnc3c2ncn3[C@@H]2O[C@H](C)[C@@H](O)[C@H]2O1,False,AdenosineOnly
CC1=Nc2ncnc3c2ncn3[C@@H]2O[C@H](C(=O)O)[C@@H](O)[C@H]2O1,False,AdenosineOnly
Nc1ncnc2c1ncn2[C@@H]1OC[C@H]2OC(CO)C(O)O[C@@H]12,False,AdenosineOnly
Nc1ncnc2c1ncn2[C@@H]1OC[C@H]2OCC(O)(CO)O[C@@H]12,False,AdenosineOnly
Nc1ncnc2c1ncn2[C@@H]1OC[C@]2(CO)OCC(O)O[C@@H]12,False,AdenosineOnly
Nc1ncnc2c1ncn2[C@@H]1OC[C@H]2OCC(O)O[C@@]21CO,False,AdenosineOnly
Nc1ncnc2c1nc(CO)n2[C@@H]1OC[C@H]2OCC(O)O[C@@H]12,False,AdenosineOnly
Nc1nc(CO)nc2c1ncn2[C@@H]1OC[C@H]2OCC(O)O[C@@H]12,False,AdenosineOnly
COC1CO[C@H]2[C@@H](O1)[C@H](n1cnc3c(N)ncnc31)O[C@@H]2CO,False,AdenosineOnly
CC(=O)OC1CO[C@H]2[C@@H](O1)[C@H](n1cnc3c(N)ncnc31)O[C@@H]2CO,False,AdenosineOnly
C[C@H]1O[C@@H](n2cnc3c(N)ncnc32)[C@@H]2OC(O)CO[C@@H]21,False,AdenosineOnly
Nc1ncnc2c1ncn2[C@@H]1O[C@H](C(=O)O)[C@H]2OCC(O)O[C@H]21,False,AdenosineOnly
COC1COC[C@H]2O[C@@H](n3cnc4c(N)ncnc43)[C@H](O1)[C@@H]2O,False,AdenosineOnly
CC(=O)OC1COC[C@H]2O[C@@H](n3cnc4c(N)ncnc43)[C@H](O1)[C@@H]2O,False,AdenosineOnly
CC(O)(CO)O[C@@]12O[C@@H]1CO[C@H]2n1cnc2c(N)ncnc21,False,AdenosineOnly
CC(O)O[C@@]12O[C@@]1(CO)CO[C@H]2n1cnc2c(N)ncnc21,False,AdenosineOnly
CC(O)O[C@@]12O[C@@H]1CO[C@H]2n1c(CO)nc2c(N)ncnc21,False,AdenosineOnly
CC(O)O[C@@]12O[C@@H]1CO[C@H]2n1cnc2c(N)nc(CO)nc21,False,AdenosineOnly
Nc1ncnc2c1ncn2[C@@H]1OC[C@H]2O[C@]21OC(O)CCO,False,AdenosineOnly
Nc1ncnc2c1ncn2[C@@H]1O[C@H](CO)[C@H]2O[C@]21OC=O,False,AdenosineOnly
CCO[C@@]12O[C@@H]1[C@@H](C=O)O[C@H]2n1cnc2c(N)ncnc21,False,AdenosineOnly
COC(C)O[C@@]12O[C@@H]1[C@@H](CO)O[C@H]2n1cnc2c(N)ncnc21,False,AdenosineOnly
CC(C)(O)O[C@@]12O[C@@H]1[C@@H](CO)O[C@H]2n1cnc2c(N)ncnc21,False,AdenosineOnly
CCC(O)O[C@@]12O[C@@H]1[C@@H](CO)O[C@H]2n1cnc2c(N)ncnc21,False,AdenosineOnly
CC(=O)OC(C)O[C@@]12O[C@@H]1[C@@H](CO)O[C@H]2n1cnc2c(N)ncnc21,False,AdenosineOnly
CC(Cl)O[C@@]12O[C@@H]1[C@@H](CO)O[C@H]2n1cnc2c(N)ncnc21,False,AdenosineOnly
CC(O)(O)O[C@@]12O[C@@H]1[C@@H](CO)O[C@H]2n1cnc2c(N)ncnc21,False,AdenosineOnly
Nc1ncnc2c1ncn2[C@@H]1O[C@H](CO)[C@H]2O[C@]21OC(O)CO,False,AdenosineOnly
CC(O)O[C@@]1(O)[C@H](O)[C@@H](CO)O[C@H]1n1cnc2c(N)ncnc21,False,AdenosineOnly
Nc1ncnc2c1ncn2[C@@H]1O[C@@H]2CO[C@@]1(O)[C@@H]2O,False,AdenosineOnly
CCO[C@@]12O[C@@H]1[C@@H](CO)O[C@H]2n1cnc2c(N)ncnc21,False,AdenosineOnly
CC(O)O[C@@]12O[C@@H]1[C@@H](C)O[C@H]2n1cnc2c(N)ncnc21,False,AdenosineOnly
CC(O)O[C@@]12O[C@@H]1[C@@H](C(=O)O)O[C@H]2n1cnc2c(N)ncnc21,False,AdenosineOnly
CC(O)OC(C)O[C@@]12O[C@@H]1[C@@H](CO)O[C@H]2n1cnc2c(N)ncnc21,False,AdenosineOnly
CC(O)O[C@@]12O[C@@H]1[C@@H](CO)O[C@]2(C)n1cnc2c(N)ncnc21,False,AdenosineOnly
CC(O)O[C@@]12O[C@@]1(C)[C@@H](CO)O[C@H]2n1cnc2c(N)ncnc21,False,AdenosineOnly
CC(O)O[C@@]12O[C@@H]1[C@](C)(CO)O[C@H]2n1cnc2c(N)ncnc21,False,AdenosineOnly
Cc1nc2c(N)ncnc2n1[C@@H]1O[C@H](CO)[C@H]2O[C@]21OC(C)O,False,AdenosineOnly
CC(O)O[C@@]12O[C@@H]1[C@@H](C(C)O)O[C@H]2n1cnc2c(N)ncnc21,False,AdenosineOnly
Cc1nc(N)c2ncn([C@@H]3O[C@H](CO)[C@H]4O[C@]43OC(C)O)c2n1,False,AdenosineOnly
Nc1ncnc2c1ncn2[C@@H]1O[C@@H]2CO[C@]1(OC=O)[C@@H]2O,False,AdenosineOnly
CC(=O)O[C@]12OC[C@@H](O[C@H]1n1cnc3c(N)ncnc31)[C@H]2O,False,AdenosineOnly
COC(C)O[C@]12OC[C@@H](O[C@H]1n1cnc3c(N)ncnc31)[C@H]2O,False,AdenosineOnly
CC(C)(O)O[C@]12OC[C@@H](O[C@H]1n1cnc3c(N)ncnc31)[C@H]2O,False,AdenosineOnly
CCC(O)O[C@]12OC[C@@H](O[C@H]1n1cnc3c(N)ncnc31)[C@H]2O,False,AdenosineOnly
CC(=O)OC(C)O[C@]12OC[C@@H](O[C@H]1n1cnc3c(N)ncnc31)[C@H]2O,False,AdenosineOnly
CC(Cl)O[C@]12OC[C@@H](O[C@H]1n1cnc3c(N)ncnc31)[C@H]2O,False,AdenosineOnly
CC(O)(O)O[C@]12OC[C@@H](O[C@H]1n1cnc3c(N)ncnc31)[C@H]2O,False,AdenosineOnly
Nc1ncnc2c1ncn2[C@@H]1O[C@@H]2CO[C@]1(OC(O)CO)[C@@H]2O,False,AdenosineOnly
CCO[C@]12OC[C@@H](O[C@H]1n1cnc3c(N)ncnc31)[C@H]2O,False,AdenosineOnly
CC(O)OC(C)O[C@]12OC[C@@H](O[C@H]1n1cnc3c(N)ncnc31)[C@H]2O,False,AdenosineOnly
CC(O)O[C@]12OC[C@@H](O[C@]1(C)n1cnc3c(N)ncnc31)[C@H]2O,False,AdenosineOnly
CC(O)O[C@]12OC[C@@H](O[C@H]1n1cnc3c(N)ncnc31)[C@]2(C)O,False,AdenosineOnly
CC(O)O[C@]12OC[C@](C)(O[C@H]1n1cnc3c(N)ncnc31)[C@H]2O,False,AdenosineOnly
Cc1nc2c(N)ncnc2n1[C@@H]1O[C@@H]2CO[C@]1(OC(C)O)[C@@H]2O,False,AdenosineOnly
CC(O)O[C@]12OC(C)[C@@H](O[C@H]1n1cnc3c(N)ncnc31)[C@H]2O,False,AdenosineOnly
Cc1nc(N)c2ncn([C@@H]3O[C@@H]4CO[C@]3(OC(C)O)[C@@H]4O)c2n1,False,AdenosineOnly
CC(O)(CO)O[C@@H]1[C@H]2CO[C@@]1(n1cnc3c(N)ncnc31)O2,False,AdenosineOnly
CC(O)O[C@@]1(CO)[C@H]2CO[C@@]1(n1cnc3c(N)ncnc31)O2,False,AdenosineOnly
CC(O)O[C@@H]1[C@]2(CO)CO[C@@]1(n1cnc3c(N)ncnc31)O2,False,AdenosineOnly
CC(O)O[C@@H]1[C@H]2CO[C@@]1(n1c(CO)nc3c(N)ncnc31)O2,False,AdenosineOnly
CC(O)O[C@@H]1[C@H]2CO[C@@]1(n1cnc3c(N)nc(CO)nc31)O2,False,AdenosineOnly
Nc1ncnc2c1ncn2[C@]12OC[C@@H](O1)[C@H]2OC(O)CCO,False,AdenosineOnly
Nc1ncnc2c1ncn2[C@]12O[C@@H]([C@H]1OC=O)[C@@H](CO)O2,False,AdenosineOnly
CCO[C@@H]1[C@@H]2O[C@]1(n1cnc3c(N)ncnc31)O[C@@H]2C=O,False,AdenosineOnly
COC(C)O[C@@H]1[C@@H]2O[C@]1(n1cnc3c(N)ncnc31)O[C@@H]2CO,False,AdenosineOnly
CC(C)(O)O[C@@H]1[C@@H]2O[C@]1(n1cnc3c(N)ncnc31)O[C@@H]2CO,False,AdenosineOnly
CCC(O)O[C@@H]1[C@@H]2O[C@]1(n1cnc3c(N)ncnc31)O[C@@H]2CO,False,AdenosineOnly
CC(=O)OC(C)O[C@@H]1[C@@H]2O[C@]1(n1cnc3c(N)ncnc31)O[C@@H]2CO,False,AdenosineOnly
CC(Cl)O[C@@H]1[C@@H]2O[C@]1(n1cnc3c(N)ncnc31)O[C@@H]2CO,False,AdenosineOnly
CC(O)(O)O[C@@H]1[C@@H]2O[C@]1(n1cnc3c(N)ncnc31)O[C@@H]2CO,False,AdenosineOnly
Nc1ncnc2c1ncn2[C@]12O[C@@H]([C@H]1OC(O)CO)[C@@H](CO)O2,False,AdenosineOnly
CCO[C@@H]1[C@@H]2O[C@]1(n1cnc3c(N)ncnc31)O[C@@H]2CO,False,AdenosineOnly
CC(O)O[C@@H]1[C@@H]2O[C@]1(n1cnc3c(N)ncnc31)O[C@@H]2C,False,AdenosineOnly
CC(O)O[C@@H]1[C@@H]2O[C@]1(n1cnc3c(N)ncnc31)O[C@@H]2C(=O)O,False,AdenosineOnly
CC(O)OC(C)O[C@@H]1[C@@H]2O[C@]1(n1cnc3c(N)ncnc31)O[C@@H]2CO,False,AdenosineOnly
CC(O)O[C@@]1(C)[C@@H]2O[C@]1(n1cnc3c(N)ncnc31)O[C@@H]2CO,False,AdenosineOnly
CC(O)O[C@@H]1[C@@]2(C)O[C@]1(n1cnc3c(N)ncnc31)O[C@@H]2CO,False,AdenosineOnly
Cc1nc2c(N)ncnc2n1[C@]12O[C@@H]([C@H]1OC(C)O)[C@@H](CO)O2,False,AdenosineOnly
CC(O)O[C@@H]1[C@@H]2O[C@]1(n1cnc3c(N)ncnc31)O[C@@]2(C)CO,False,AdenosineOnly
CC(O)O[C@@H]1[C@@H]2O[C@]1(n1cnc3c(N)ncnc31)O[C@@H]2C(C)O,False,AdenosineOnly
Cc1nc(N)c2ncn([C@]34O[C@@H]([C@H]3OC(C)O)[C@@H](CO)O4)c2n1,False,AdenosineOnly
Nc1ncnc2c1ncn2[C@@]12OC[C@@H](O1)[C@@H](O)[C@H]2OC=O,False,AdenosineOnly
CC(=O)O[C@@H]1[C@H](O)[C@H]2CO[C@]1(n1cnc3c(N)ncnc31)O2,False,AdenosineOnly
COC(C)O[C@@H]1[C@H](O)[C@H]2CO[C@]1(n1cnc3c(N)ncnc31)O2,False,AdenosineOnly
CC(C)(O)O[C@@H]1[C@H](O)[C@H]2CO[C@]1(n1cnc3c(N)ncnc31)O2,False,AdenosineOnly
CCC(O)O[C@@H]1[C@H](O)[C@H]2CO[C@]1(n1cnc3c(N)ncnc31)O2,False,AdenosineOnly
CC(=O)OC(C)O[C@@H]1[C@H](O)[C@H]2CO[C@]1(n1cnc3c(N)ncnc31)O2,False,AdenosineOnly
CC(Cl)O[C@@H]1[C@H](O)[C@H]2CO[C@]1(n1cnc3c(N)ncnc31)O2,False,AdenosineOnly
CC(O)(O)O[C@@H]1[C@H](O)[C@H]2CO[C@]1(n1cnc3c(N)ncnc31)O2,False,AdenosineOnly
Nc1ncnc2c1ncn2[C@@]12OC[C@@H](O1)[C@@H](O)[C@H]2OC(O)CO,False,AdenosineOnly
CCO[C@@H]1[C@H](O)[C@H]2CO[C@]1(n1cnc3c(N)ncnc31)O2,False,AdenosineOnly
CC(O)OC(C)O[C@@H]1[C@H](O)[C@H]2CO[C@]1(n1cnc3c(N)ncnc31)O2,False,AdenosineOnly
CC(O)O[C@@]1(C)[C@H](O)[C@H]2CO[C@]1(n1cnc3c(N)ncnc31)O2,False,AdenosineOnly
CC(O)O[C@@H]1[C@@](C)(O)[C@H]2CO[C@]1(n1cnc3c(N)ncnc31)O2,False,AdenosineOnly
Cc1nc2c(N)ncnc2n1[C@@]12OC[C@@H](O1)[C@@H](O)[C@H]2OC(C)O,False,AdenosineOnly
CC(O)O[C@@H]1[C@H](O)[C@]2(C)CO[C@]1(n1cnc3c(N)ncnc31)O2,False,AdenosineOnly
CC(O)O[C@@H]1[C@H](O)[C@@H]2O[C@@]1(n1cnc3c(N)ncnc31)OC2C,False,AdenosineOnly
Cc1nc(N)c2ncn([C@@]34OC[C@@H](O3)[C@@H](O)[C@H]4OC(C)O)c2n1,False,AdenosineOnly
Nc1ncnc2c1ncn2[C@@H]1O[C@@H]2CO[C@@]2(O)[C@H]1OC=O,False,AdenosineOnly
CC(=O)O[C@H]1[C@H](n2cnc3c(N)ncnc32)O[C@@H]2CO[C@]21O,False,AdenosineOnly
COC(C)O[C@H]1[C@H](n2cnc3c(N)ncnc32)O[C@@H]2CO[C@]21O,False,AdenosineOnly
CC(C)(O)O[C@H]1[C@H](n2cnc3c(N)ncnc32)O[C@@H]2CO[C@]21O,False,AdenosineOnly
CCC(O)O[C@H]1[C@H](n2cnc3c(N)ncnc32)O[C@@H]2CO[C@]21O,False,AdenosineOnly
CC(=O)OC(C)O[C@H]1[C@H](n2cnc3c(N)ncnc32)O[C@@H]2CO[C@]21O,False,AdenosineOnly
CC(Cl)O[C@H]1[C@H](n2cnc3c(N)ncnc32)O[C@@H]2CO[C@]21O,False,AdenosineOnly
CC(O)(O)O[C@H]1[C@H](n2cnc3c(N)ncnc32)O[C@@H]2CO[C@]21O,False,AdenosineOnly
Nc1ncnc2c1ncn2[C@@H]1O[C@@H]2CO[C@@]2(O)[C@H]1OC(O)CO,False,AdenosineOnly
CCO[C@H]1[C@H](n2cnc3c(N)ncnc32)O[C@@H]2CO[C@]21O,False,AdenosineOnly
CC(O)OC(C)O[C@H]1[C@H](n2cnc3c(N)ncnc32)O[C@@H]2CO[C@]21O,False,AdenosineOnly
CC(O)O[C@]1(C)[C@H](n2cnc3c(N)ncnc32)O[C@@H]2CO[C@]21O,False,AdenosineOnly
CC(O)O[C@H]1[C@H](n2cnc3c(N)ncnc32)O[C@@]2(C)CO[C@@]12O,False,AdenosineOnly
CC(O)O[C@@H]1[C@]2(O)OC[C@H]2O[C@]1(C)n1cnc2c(N)ncnc21,False,AdenosineOnly
CC(O)O[C@H]1[C@H](n2cnc3c(N)ncnc32)O[C@@H]2C(C)O[C@]21O,False,AdenosineOnly
Cc1nc2c(N)ncnc2n1[C@@H]1O[C@@H]2CO[C@@]2(O)[C@H]1OC(C)O,False,AdenosineOnly
Cc1nc(N)c2ncn([C@@H]3O[C@@H]4CO[C@@]4(O)[C@H]3OC(C)O)c2n1,False,AdenosineOnly
CC(O)(CO)O[C@@H]1[C@@H]2O[C@H]2O[C@H]1n1cnc2c(N)ncnc21,False,AdenosineOnly
CC(O)O[C@H]1[C@H](n2cnc3c(N)ncnc32)O[C@@H]2O[C@@]21CO,False,AdenosineOnly
CC(O)O[C@@]1(CO)[C@@H]2O[C@H]2O[C@H]1n1cnc2c(N)ncnc21,False,AdenosineOnly
CC(O)O[C@@H]1[C@@H]2O[C@H]2O[C@]1(CO)n1cnc2c(N)ncnc21,False,AdenosineOnly
CC(O)O[C@@H]1[C@@H]2O[C@H]2O[C@H]1n1c(CO)nc2c(N)ncnc21,False,AdenosineOnly
CC(O)O[C@@H]1[C@@H]2O[C@H]2O[C@H]1n1cnc2c(N)nc(CO)nc21,False,AdenosineOnly
Nc1ncnc2c1ncn2[C@@H]1O[C@@H]2O[C@H]2[C@H]1OC(O)CCO,False,AdenosineOnly
Nc1ncnc2c1ncn2[C@@H]1O[C@]2(CO)O[C@H]2[C@H]1OC=O,False,AdenosineOnly
CCO[C@H]1[C@H](n2cnc3c(N)ncnc32)O[C@]2(C=O)O[C@@H]12,False,AdenosineOnly
COC(C)O[C@H]1[C@H](n2cnc3c(N)ncnc32)O[C@]2(CO)O[C@@H]12,False,AdenosineOnly
CC(C)(O)O[C@H]1[C@H](n2cnc3c(N)ncnc32)O[C@]2(CO)O[C@@H]12,False,AdenosineOnly
CCC(O)O[C@H]1[C@H](n2cnc3c(N)ncnc32)O[C@]2(CO)O[C@@H]12,False,AdenosineOnly
CC(=O)OC(C)O[C@H]1[C@H](n2cnc3c(N)ncnc32)O[C@]2(CO)O[C@@H]12,False,AdenosineOnly
CC(Cl)O[C@H]1[C@H](n2cnc3c(N)ncnc32)O[C@]2(CO)O[C@@H]12,False,AdenosineOnly
CC(O)(O)O[C@H]1[C@H](n2cnc3c(N)ncnc32)O[C@]2(CO)O[C@@H]12,False,AdenosineOnly
Nc1ncnc2c1ncn2[C@@H]1O[C@]2(CO)O[C@H]2[C@H]1OC(O)CO,False,AdenosineOnly
CC(O)O[C@H]1[C@H](n2cnc3c(N)ncnc32)O[C@@](O)(CO)[C@H]1O,False,AdenosineOnly
CCO[C@H]1[C@H](n2cnc3c(N)ncnc32)O[C@]2(CO)O[C@@H]12,False,AdenosineOnly
CC(O)O[C@H]1[C@H](n2cnc3c(N)ncnc32)O[C@]2(C)O[C@@H]12,False,AdenosineOnly
CC(O)O[C@@H]1C=C(CO)O[C@H]1n1cnc2c(N)ncnc21,False,AdenosineOnly
CC(O)O[C@H]1[C@H](n2cnc3c(N)ncnc32)O[C@]2(C(=O)O)O[C@@H]12,False,AdenosineOnly
CC(O)OC(C)O[C@H]1[C@H](n2cnc3c(N)ncnc32)O[C@]2(CO)O[C@@H]12,False,AdenosineOnly
CC(O)O[C@H]1[C@H](n2cnc3c(N)ncnc32)O[C@]2(CO)O[C@]12C,False,AdenosineOnly
CC(O)O[C@H]1[C@H](n2cnc3c(N)ncnc32)O[C@]2(C(C)O)O[C@@H]12,False,AdenosineOnly
CC(O)O[C@@]1(C)[C@@H]2O[C@@]2(CO)O[C@H]1n1cnc2c(N)ncnc21,False,AdenosineOnly
CC(O)O[C@@H]1[C@@H]2O[C@@]2(CO)O[C@]1(C)n1cnc2c(N)ncnc21,False,AdenosineOnly
Cc1nc2c(N)ncnc2n1[C@@H]1O[C@]2(CO)O[C@H]2[C@H]1OC(C)O,False,AdenosineOnly
Cc1nc(N)c2ncn([C@@H]3O[C@]4(CO)O[C@H]4[C@H]3OC(C)O)c2n1,False,AdenosineOnly
Nc1ncnc2c1ncn2[C@@H]1O[C@@]2(CO2)[C@@H](O)[C@H]1OC=O,False,AdenosineOnly
CC(=O)O[C@H]1[C@H](n2cnc3c(N)ncnc32)O[C@@]2(CO2)[C@H]1O,False,AdenosineOnly
COC(C)O[C@H]1[C@H](n2cnc3c(N)ncnc32)O[C@@]2(CO2)[C@H]1O,False,AdenosineOnly
CC(C)(O)O[C@H]1[C@H](n2cnc3c(N)ncnc32)O[C@@]2(CO2)[C@H]1O,False,AdenosineOnly
CCC(O)O[C@H]1[C@H](n2cnc3c(N)ncnc32)O[C@@]2(CO2)[C@H]1O,False,AdenosineOnly
CC(=O)OC(C)O[C@H]1[C@H](n2cnc3c(N)ncnc32)O[C@@]2(CO2)[C@H]1O,False,AdenosineOnly
CC(Cl)O[C@H]1[C@H](n2cnc3c(N)ncnc32)O[C@@]2(CO2)[C@H]1O,False,AdenosineOnly
CC(O)(O)O[C@H]1[C@H](n2cnc3c(N)ncnc32)O[C@@]2(CO2)[C@H]1O,False,AdenosineOnly
Nc1ncnc2c1ncn2[C@@H]1O[C@@]2(CO2)[C@@H](O)[C@H]1OC(O)CO,False,AdenosineOnly
CCO[C@H]1[C@H](n2cnc3c(N)ncnc32)O[C@@]2(CO2)[C@H]1O,False,AdenosineOnly
CC(O)OC(C)O[C@H]1[C@H](n2cnc3c(N)ncnc32)O[C@@]2(CO2)[C@H]1O,False,AdenosineOnly
CC(O)O[C@H]1[C@H](n2cnc3c(N)ncnc32)O[C@@]2(CO2)[C@]1(C)O,False,AdenosineOnly
CC(O)O[C@H]1[C@H](n2cnc3c(N)ncnc32)O[C@]2(OC2C)[C@H]1O,False,AdenosineOnly
CC(O)O[C@@]1(C)[C@H](O)[C@]2(CO2)O[C@H]1n1cnc2c(N)ncnc21,False,AdenosineOnly
CC(O)O[C@@H]1[C@H](O)[C@]2(CO2)O[C@]1(C)n1cnc2c(N)ncnc21,False,AdenosineOnly
Cc1nc2c(N)ncnc2n1[C@@H]1O[C@@]2(CO2)[C@@H](O)[C@H]1OC(C)O,False,AdenosineOnly
Cc1nc(N)c2ncn([C@@H]3O[C@@]4(CO4)[C@@H](O)[C@H]3OC(C)O)c2n1,False,AdenosineOnly
CC(O)(CO)O[C@H]1[C@H]2OC[C@H]1Oc1nc3c(N)ncnc3n12,False,AdenosineOnly
CC(O)O[C@@]1(CO)[C@H]2CO[C@H]1n1c(nc3c(N)ncnc31)O2,False,AdenosineOnly
CC(O)O[C@H]1[C@H]2OC[C@]1(CO)Oc1nc3c(N)ncnc3n12,False,AdenosineOnly
CC(O)O[C@H]1[C@H]2OC[C@H]1Oc1nc3c(N)nc(CO)nc3n12,False,AdenosineOnly
Nc1ncnc2c1nc1n2[C@@H]2OC[C@@H](O1)[C@H]2OC(O)CCO,False,AdenosineOnly
Nc1ncnc2c1nc1n2[C@@H]2O[C@H](CO)[C@@H](O1)[C@H]2OC=O,False,AdenosineOnly
CCO[C@@H]1[C@@H]2Oc3nc4c(N)ncnc4n3[C@@H]1O[C@@H]2C=O,False,AdenosineOnly
COC(C)O[C@@H]1[C@@H]2Oc3nc4c(N)ncnc4n3[C@@H]1O[C@@H]2CO,False,AdenosineOnly
CC(C)(O)O[C@@H]1[C@@H]2Oc3nc4c(N)ncnc4n3[C@@H]1O[C@@H]2CO,False,AdenosineOnly
CCC(O)O[C@@H]1[C@@H]2Oc3nc4c(N)ncnc4n3[C@@H]1O[C@@H]2CO,False,AdenosineOnly
CC(=O)OC(C)O[C@@H]1[C@@H]2Oc3nc4c(N)ncnc4n3[C@@H]1O[C@@H]2CO,False,AdenosineOnly
CC(Cl)O[C@@H]1[C@@H]2Oc3nc4c(N)ncnc4n3[C@@H]1O[C@@H]2CO,False,AdenosineOnly
CC(O)(O)O[C@@H]1[C@@H]2Oc3nc4c(N)ncnc4n3[C@@H]1O[C@@H]2CO,False,AdenosineOnly
Nc1ncnc2c1nc1n2[C@@H]2O[C@H](CO)[C@@H](O1)[C@H]2OC(O)CO,False,AdenosineOnly
CCO[C@@H]1[C@@H]2Oc3nc4c(N)ncnc4n3[C@@H]1O[C@@H]2CO,False,AdenosineOnly
CC(O)O[C@@H]1[C@@H]2Oc3nc4c(N)ncnc4n3[C@@H]1O[C@@H]2C,False,AdenosineOnly
CC(O)O[C@@H]1[C@@H]2Oc3nc4c(N)ncnc4n3[C@@H]1O[C@@H]2C(=O)O,False,AdenosineOnly
CC(O)OC(C)O[C@@H]1[C@@H]2Oc3nc4c(N)ncnc4n3[C@@H]1O[C@@H]2CO,False,AdenosineOnly
CC(O)O[C@@H]1[C@@H]2Oc3nc4c(N)ncnc4n3[C@@]1(C)O[C@@H]2CO,False,AdenosineOnly
CC(O)O[C@@]1(C)[C@@H]2Oc3nc4c(N)ncnc4n3[C@@H]1O[C@@H]2CO,False,AdenosineOnly
CC(O)O[C@H]1[C@H]2O[C@H](CO)[C@]1(C)Oc1nc3c(N)ncnc3n12,False,AdenosineOnly
CC(O)O[C@H]1[C@H]2O[C@@](C)(CO)[C@H]1Oc1nc3c(N)ncnc3n12,False,AdenosineOnly
Cc1nc(N)c2nc3n(c2n1)[C@@H]1O[C@H](CO)[C@@H](O3)[C@H]1OC(C)O,False,AdenosineOnly
CC(O)O[C@@H]1[C@@H]2Oc3nc4c(N)ncnc4n3[C@@H]1O[C@@H]2C(C)O,False,AdenosineOnly
Nc1ncnc2c1nc1n2[C@@H]2O[C@H](CO1)[C@@H](O)[C@H]2OC=O,False,AdenosineOnly
CC(=O)O[C@@H]1[C@H](O)[C@H]2COc3nc4c(N)ncnc4n3[C@@H]1O2,False,AdenosineOnly
COC(C)O[C@@H]1[C@H](O)[C@H]2COc3nc4c(N)ncnc4n3[C@@H]1O2,False,AdenosineOnly
CC(C)(O)O[C@@H]1[C@H](O)[C@H]2COc3nc4c(N)ncnc4n3[C@@H]1O2,False,AdenosineOnly
CCC(O)O[C@@H]1[C@H](O)[C@H]2COc3nc4c(N)ncnc4n3[C@@H]1O2,False,AdenosineOnly
CC(=O)OC(C)O[C@@H]1[C@H](O)[C@H]2COc3nc4c(N)ncnc4n3[C@@H]1O2,False,AdenosineOnly
CC(Cl)O[C@@H]1[C@H](O)[C@H]2COc3nc4c(N)ncnc4n3[C@@H]1O2,False,AdenosineOnly
CC(O)(O)O[C@@H]1[C@H](O)[C@H]2COc3nc4c(N)ncnc4n3[C@@H]1O2,False,AdenosineOnly
Nc1ncnc2c1nc1n2[C@@H]2O[C@H](CO1)[C@@H](O)[C@H]2OC(O)CO,False,AdenosineOnly
CCO[C@@H]1[C@H](O)[C@H]2COc3nc4c(N)ncnc4n3[C@@H]1O2,False,AdenosineOnly
CC(O)OC(C)O[C@@H]1[C@H](O)[C@H]2COc3nc4c(N)ncnc4n3[C@@H]1O2,False,AdenosineOnly
CC(O)O[C@@H]1[C@H](O)[C@H]2COc3nc4c(N)ncnc4n3[C@@]1(C)O2,False,AdenosineOnly
CC(O)O[C@@]1(C)[C@H](O)[C@H]2COc3nc4c(N)ncnc4n3[C@@H]1O2,False,AdenosineOnly
CC(O)O[C@H]1[C@H]2O[C@H](COc3nc4c(N)ncnc4n32)[C@]1(C)O,False,AdenosineOnly
CC(O)O[C@H]1[C@H]2O[C@@](C)(COc3nc4c(N)ncnc4n32)[C@H]1O,False,AdenosineOnly
Cc1nc(N)c2nc3n(c2n1)[C@@H]1O[C@H](CO3)[C@@H](O)[C@H]1OC(C)O,False,AdenosineOnly
CC(O)O[C@@H]1[C@H](O)[C@@H]2O[C@H]1n1c(nc3c(N)ncnc31)OC2C,False,AdenosineOnly
Nc1ncnc2c1ncn2[C@@H]1O[C@@H]2C(O)O[C@H]2[C@H]1OC=O,False,AdenosineOnly
CCO[C@@H]1[C@@H]2OC(=O)[C@H]2O[C@H]1n1cnc2c(N)ncnc21,False,AdenosineOnly
CC(=O)O[C@@H]1[C@@H]2OC(O)[C@H]2O[C@H]1n1cnc2c(N)ncnc21,False,AdenosineOnly
COC(C)O[C@@H]1[C@@H]2OC(O)[C@H]2O[C@H]1n1cnc2c(N)ncnc21,False,AdenosineOnly
CC(C)(O)O[C@@H]1[C@@H]2OC(O)[C@H]2O[C@H]1n1cnc2c(N)ncnc21,False,AdenosineOnly
CCC(O)O[C@@H]1[C@@H]2OC(O)[C@H]2O[C@H]1n1cnc2c(N)ncnc21,False,AdenosineOnly
CC(=O)OC(C)O[C@@H]1[C@@H]2OC(O)[C@H]2O[C@H]1n1cnc2c(N)ncnc21,False,AdenosineOnly
CC(Cl)O[C@@H]1[C@@H]2OC(O)[C@H]2O[C@H]1n1cnc2c(N)ncnc21,False,AdenosineOnly
CC(O)(O)O[C@@H]1[C@@H]2OC(O)[C@H]2O[C@H]1n1cnc2c(N)ncnc21,False,AdenosineOnly
Nc1ncnc2c1ncn2[C@@H]1O[C@@H]2C(O)O[C@H]2[C@H]1OC(O)CO,False,AdenosineOnly
CCO[C@@H]1[C@@H]2OC(O)[C@H]2O[C@H]1n1cnc2c(N)ncnc21,False,AdenosineOnly
CC(O)OC(C)O[C@@H]1[C@@H]2OC(O)[C@H]2O[C@H]1n1cnc2c(N)ncnc21,False,AdenosineOnly
CC(O)O[C@@H]1[C@@H]2OC(C)(O)[C@H]2O[C@H]1n1cnc2c(N)ncnc21,False,AdenosineOnly
CC(O)O[C@H]1[C@H](n2cnc3c(N)ncnc32)O[C@@]2(C)C(O)O[C@@H]12,False,AdenosineOnly
CC(O)O[C@H]1[C@H](n2cnc3c(N)ncnc32)O[C@@H]2C(O)O[C@@]21C,False,AdenosineOnly
CC(O)O[C@@]1(C)[C@@H]2OC(O)[C@H]2O[C@H]1n1cnc2c(N)ncnc21,False,AdenosineOnly
CC(O)O[C@@H]1[C@@H]2OC(O)[C@H]2O[C@]1(C)n1cnc2c(N)ncnc21,False,AdenosineOnly
Cc1nc2c(N)ncnc2n1[C@@H]1O[C@@H]2C(O)O[C@H]2[C@H]1OC(C)O,False,AdenosineOnly
Cc1nc(N)c2ncn([C@@H]3O[C@@H]4C(O)O[C@H]4[C@H]3OC(C)O)c2n1,False,AdenosineOnly
CC(O)(CO)O[C@H]1[C@H]2OC[C@H]1Oc1nc(N)c3ncn2c3n1,False,AdenosineOnly
CC(O)O[C@H]1[C@H]2OC[C@H]1Oc1nc(N)c3nc(CO)n2c3n1,False,AdenosineOnly
CC(O)O[C@@]1(CO)[C@H]2CO[C@H]1n1cnc3c(N)nc(nc31)O2,False,AdenosineOnly
CC(O)O[C@H]1[C@H]2OC[C@]1(CO)Oc1nc(N)c3ncn2c3n1,False,AdenosineOnly
Nc1nc2nc3c1ncn3[C@@H]1OC[C@@H](O2)[C@H]1OC(O)CCO,False,AdenosineOnly
Nc1nc2nc3c1ncn3[C@@H]1O[C@H](CO)[C@@H](O2)[C@H]1OC=O,False,AdenosineOnly
CCO[C@@H]1[C@@H]2Oc3nc(N)c4ncn(c4n3)[C@@H]1O[C@@H]2C=O,False,AdenosineOnly
COC(C)O[C@@H]1[C@@H]2Oc3nc(N)c4ncn(c4n3)[C@@H]1O[C@@H]2CO,False,AdenosineOnly
CC(C)(O)O[C@@H]1[C@@H]2Oc3nc(N)c4ncn(c4n3)[C@@H]1O[C@@H]2CO,False,AdenosineOnly
CCC(O)O[C@@H]1[C@@H]2Oc3nc(N)c4ncn(c4n3)[C@@H]1O[C@@H]2CO,False,AdenosineOnly
CC(=O)OC(C)O[C@@H]1[C@@H]2Oc3nc(N)c4ncn(c4n3)[C@@H]1O[C@@H]2CO,False,AdenosineOnly
CC(Cl)O[C@@H]1[C@@H]2Oc3nc(N)c4ncn(c4n3)[C@@H]1O[C@@H]2CO,False,AdenosineOnly
CC(O)(O)O[C@@H]1[C@@H]2Oc3nc(N)c4ncn(c4n3)[C@@H]1O[C@@H]2CO,False,AdenosineOnly
Nc1nc2nc3c1ncn3[C@@H]1O[C@H](CO)[C@@H](O2)[C@H]1OC(O)CO,False,AdenosineOnly
CCO[C@@H]1[C@@H]2Oc3nc(N)c4ncn(c4n3)[C@@H]1O[C@@H]2CO,False,AdenosineOnly
CC(O)O[C@@H]1[C@@H]2Oc3nc(N)c4ncn(c4n3)[C@@H]1O[C@@H]2C,False,AdenosineOnly
CC(O)O[C@@H]1[C@@H]2Oc3nc(N)c4ncn(c4n3)[C@@H]1O[C@@H]2C(=O)O,False,AdenosineOnly
CC(O)OC(C)O[C@@H]1[C@@H]2Oc3nc(N)c4ncn(c4n3)[C@@H]1O[C@@H]2CO,False,AdenosineOnly
CC(O)O[C@@H]1[C@@H]2Oc3nc(N)c4ncn(c4n3)[C@@]1(C)O[C@@H]2CO,False,AdenosineOnly
Cc1nc2c(N)nc3nc2n1[C@@H]1O[C@H](CO)[C@@H](O3)[C@H]1OC(C)O,False,AdenosineOnly
CC(O)O[C@@]1(C)[C@@H]2Oc3nc(N)c4ncn(c4n3)[C@@H]1O[C@@H]2CO,False,AdenosineOnly
CC(O)O[C@H]1[C@H]2O[C@H](CO)[C@]1(C)Oc1nc(N)c3ncn2c3n1,False,AdenosineOnly
CC(O)O[C@H]1[C@H]2O[C@@](C)(CO)[C@H]1Oc1nc(N)c3ncn2c3n1,False,AdenosineOnly
CC(O)O[C@@H]1[C@@H]2Oc3nc(N)c4ncn(c4n3)[C@@H]1O[C@@H]2C(C)O,False,AdenosineOnly
Nc1nc2nc3c1ncn3[C@@H]1O[C@H](CO2)[C@@H](O)[C@H]1OC=O,False,AdenosineOnly
CC(=O)O[C@@H]1[C@H](O)[C@H]2COc3nc(N)c4ncn(c4n3)[C@@H]1O2,False,AdenosineOnly
COC(C)O[C@@H]1[C@H](O)[C@H]2COc3nc(N)c4ncn(c4n3)[C@@H]1O2,False,AdenosineOnly
CC(C)(O)O[C@@H]1[C@H](O)[C@H]2COc3nc(N)c4ncn(c4n3)[C@@H]1O2,False,AdenosineOnly
CCC(O)O[C@@H]1[C@H](O)[C@H]2COc3nc(N)c4ncn(c4n3)[C@@H]1O2,False,AdenosineOnly
CC(=O)OC(C)O[C@@H]1[C@H](O)[C@H]2COc3nc(N)c4ncn(c4n3)[C@@H]1O2,False,AdenosineOnly
CC(Cl)O[C@@H]1[C@H](O)[C@H]2COc3nc(N)c4ncn(c4n3)[C@@H]1O2,False,AdenosineOnly
CC(O)(O)O[C@@H]1[C@H](O)[C@H]2COc3nc(N)c4ncn(c4n3)[C@@H]1O2,False,AdenosineOnly
Nc1nc2nc3c1ncn3[C@@H]1O[C@H](CO2)[C@@H](O)[C@H]1OC(O)CO,False,AdenosineOnly
CCO[C@@H]1[C@H](O)[C@H]2COc3nc(N)c4ncn(c4n3)[C@@H]1O2,False,AdenosineOnly
CC(O)OC(C)O[C@@H]1[C@H](O)[C@H]2COc3nc(N)c4ncn(c4n3)[C@@H]1O2,False,AdenosineOnly
CC(O)O[C@@H]1[C@H](O)[C@H]2COc3nc(N)c4ncn(c4n3)[C@@]1(C)O2,False,AdenosineOnly
Cc1nc2c(N)nc3nc2n1[C@@H]1O[C@H](CO3)[C@@H](O)[C@H]1OC(C)O,False,AdenosineOnly
CC(O)O[C@@]1(C)[C@H](O)[C@H]2COc3nc(N)c4ncn(c4n3)[C@@H]1O2,False,AdenosineOnly
CC(O)O[C@H]1[C@H]2O[C@H](COc3nc(N)c4ncn2c4n3)[C@]1(C)O,False,AdenosineOnly
CC(O)O[C@H]1[C@H]2O[C@@](C)(COc3nc(N)c4ncn2c4n3)[C@H]1O,False,AdenosineOnly
CC(O)O[C@@H]1[C@H](O)[C@@H]2O[C@H]1n1cnc3c(N)nc(nc31)OC2C,False,AdenosineOnly
C[C@]1(OCO)[C@H](O)[C@@H](CO)O[C@H]1n1cnc2c(N)ncnc21,False,AdenosineOnly
C[C@]1(n2cnc3c(N)ncnc32)O[C@H](CO)[C@@H](O)[C@H]1OCO,False,AdenosineOnly
C[C@]1(O)[C@@H](CO)O[C@@H](n2cnc3c(N)ncnc32)[C@@H]1OCO,False,AdenosineOnly
C[C@@]1(CO)O[C@@H](n2cnc3c(N)ncnc32)[C@H](OCO)[C@@H]1O,False,AdenosineOnly
Cc1nc2c(N)ncnc2n1[C@@H]1O[C@H](CO)[C@@H](O)[C@H]1OCO,False,AdenosineOnly
CC(O)[C@H]1O[C@@H](n2cnc3c(N)ncnc32)[C@H](OCO)[C@@H]1O,False,AdenosineOnly
Cc1nc(N)c2ncn([C@@H]3O[C@H](CO)[C@@H](O)[C@H]3OCO)c2n1,False,AdenosineOnly
COC(C)O[C@@H]1[C@H](O)[C@@H](CO)O[C@H]1n1cnc2c(N)ncnc21,False,AdenosineOnly
CC(C)(O)O[C@@H]1[C@H](O)[C@@H](CO)O[C@H]1n1cnc2c(N)ncnc21,False,AdenosineOnly
CCC(O)O[C@@H]1[C@H](O)[C@@H](CO)O[C@H]1n1cnc2c(N)ncnc21,False,AdenosineOnly
CC(=O)OC(C)O[C@@H]1[C@H](O)[C@@H](CO)O[C@H]1n1cnc2c(N)ncnc21,False,AdenosineOnly
CC(Cl)O[C@@H]1[C@H](O)[C@@H](CO)O[C@H]1n1cnc2c(N)ncnc21,False,AdenosineOnly
CC(O)(O)O[C@@H]1[C@H](O)[C@@H](CO)O[C@H]1n1cnc2c(N)ncnc21,False,AdenosineOnly
CC(O)O[C@@H]1[C@H](O)[C@@H](C)O[C@H]1n1cnc2c(N)ncnc21,False,AdenosineOnly
CC(O)OC(C)O[C@@H]1[C@H](O)[C@@H](CO)O[C@H]1n1cnc2c(N)ncnc21,False,AdenosineOnly
Nc1ncnc2c1ncn2[C@@H]1O[C@H](CO)[C@@H](O)[C@H]1OCO,False,AdenosineOnly
CC(O)O[C@@]1(C)[C@H](O)[C@@H](CO)O[C@H]1n1cnc2c(N)ncnc21,False,AdenosineOnly
CC(O)O[C@@H]1[C@H](O)[C@@H](CO)O[C@]1(C)n1cnc2c(N)ncnc21,False,AdenosineOnly
CC(O)O[C@H]1[C@H](n2cnc3c(N)ncnc32)O[C@H](CO)[C@]1(C)O,False,AdenosineOnly
CC(O)O[C@H]1[C@H](n2cnc3c(N)ncnc32)O[C@@](C)(CO)[C@H]1O,False,AdenosineOnly
Cc1nc2c(N)ncnc2n1[C@@H]1O[C@H](CO)[C@@H](O)[C@H]1OC(C)O,False,AdenosineOnly
CC(O)O[C@@H]1[C@H](O)[C@@H](C(C)O)O[C@H]1n1cnc2c(N)ncnc21,False,AdenosineOnly
Cc1nc(N)c2ncn([C@@H]3O[C@H](CO)[C@@H](O)[C@H]3OC(C)O)c2n1,False,AdenosineOnly
CC(C)O[C@@H]1[C@H](O)[C@@H](CO)O[C@H]1n1cnc2c(N)ncnc21,False,AdenosineOnly
CCCO[C@@H]1[C@H](O)[C@@H](CO)O[C@H]1n1cnc2c(N)ncnc21,False,AdenosineOnly
CC(O[C@@H]1[C@H](O)[C@@H](CO)O[C@H]1n1cnc2c(N)ncnc21)C(=O)O,False,AdenosineOnly
Nc1ncnc2c1ncn2[C@@H]1O[C@H](CO)[C@@H](O)[C@H]1OCCC(=O)O,False,AdenosineOnly
Nc1ncnc2c1ncn2[C@@H]1O[C@H](CO)[C@@H](O)[C@H]1OCCO,False,AdenosineOnly
CCO[C@@H]1[C@H](O)[C@@H](C)O[C@H]1n1cnc2c(N)ncnc21,False,AdenosineOnly
CCO[C@@H]1[C@H](O)[C@@H](C(=O)O)O[C@H]1n1cnc2c(N)ncnc21,False,AdenosineOnly
CCO[C@@]1(C)[C@H](O)[C@@H](CO)O[C@H]1n1cnc2c(N)ncnc21,False,AdenosineOnly
CCO[C@@H]1[C@H](O)[C@@H](CO)O[C@]1(C)n1cnc2c(N)ncnc21,False,AdenosineOnly
CCO[C@H]1[C@H](n2cnc3c(N)ncnc32)O[C@H](CO)[C@]1(C)O,False,AdenosineOnly
CCO[C@H]1[C@H](n2cnc3c(N)ncnc32)O[C@@](C)(CO)[C@H]1O,False,AdenosineOnly
CCO[C@@H]1[C@H](O)[C@@H](CO)O[C@H]1n1c(C)nc2c(N)ncnc21,False,AdenosineOnly
CCO[C@@H]1[C@H](O)[C@@H](C(C)O)O[C@H]1n1cnc2c(N)ncnc21,False,AdenosineOnly
CCO[C@@H]1[C@H](O)[C@@H](CO)O[C@H]1n1cnc2c(N)nc(C)nc21,False,AdenosineOnly
CC[C@]1(OC=O)[C@H](O)[C@@H](CO)O[C@H]1n1cnc2c(N)ncnc21,False,AdenosineOnly
CC[C@]1(n2cnc3c(N)ncnc32)O[C@H](CO)[C@@H](O)[C@H]1OC=O,False,AdenosineOnly
CC[C@]1(O)[C@@H](CO)O[C@@H](n2cnc3c(N)ncnc32)[C@@H]1OC=O,False,AdenosineOnly
CC[C@@]1(CO)O[C@@H](n2cnc3c(N)ncnc32)[C@H](OC=O)[C@@H]1O,False,AdenosineOnly
CCc1nc2c(N)ncnc2n1[C@@H]1O[C@H](CO)[C@@H](O)[C@H]1OC=O,False,AdenosineOnly
CCc1nc(N)c2ncn([C@@H]3O[C@H](CO)[C@@H](O)[C@H]3OC=O)c2n1,False,AdenosineOnly
CCC1(O)OC[C@H]2O[C@@H](n3cnc4c(N)ncnc43)[C@H](O1)[C@@H]2O,False,AdenosineOnly
CCC1=Nc2ncnc3c2ncn3[C@@H]2O[C@H](CO)[C@@H](O)[C@H]2O1,False,AdenosineOnly
CC1O[C@H]2[C@@H](OC1O)[C@H](n1cnc3c(N)ncnc31)O[C@@H]2CO,False,AdenosineOnly
CC1OC[C@H]2O[C@@H](n3cnc4c(N)ncnc43)[C@H](OC1O)[C@@H]2O,False,AdenosineOnly
Nc1ncnc2c1ncn2[C@@H]1O[C@H](CO)[C@H]2OCCC(O)O[C@H]21,False,AdenosineOnly
Nc1ncnc2c1ncn2[C@@H]1O[C@@H]2COCCC(O)O[C@@H]1[C@@H]2O,False,AdenosineOnly
C=CC(=O)O[C@@H]1[C@H](O)[C@@H](CO)O[C@H]1n1cnc2c(N)ncnc21,False,AdenosineOnly
CC(C)C(=O)O[C@@H]1[C@H](O)[C@@H](CO)O[C@H]1n1cnc2c(N)ncnc21,False,AdenosineOnly
CCCC(=O)O[C@@H]1[C@H](O)[C@@H](CO)O[C@H]1n1cnc2c(N)ncnc21,False,AdenosineOnly
CCC(O)(C#N)O[C@@H]1[C@H](O)[C@@H](CO)O[C@H]1n1cnc2c(N)ncnc21,False,AdenosineOnly
CCC(N)O[C@@H]1[C@H](O)[C@@H](CO)O[C@H]1n1cnc2c(N)ncnc21,False,AdenosineOnly
CC(O)C(=O)O[C@@H]1[C@H](O)[C@@H](CO)O[C@H]1n1cnc2c(N)ncnc21,False,AdenosineOnly
Nc1ncnc2c1ncn2[C@@H]1O[C@H](CO)[C@@H](O)[C@H]1OC(=O)CCO,False,AdenosineOnly
CCOC(=O)O[C@@H]1[C@H](O)[C@@H](CO)O[C@H]1n1cnc2c(N)ncnc21,False,AdenosineOnly
CC(O)C(O)O[C@@H]1[C@H](O)[C@@H](CO)O[C@H]1n1cnc2c(N)ncnc21,False,AdenosineOnly
Nc1ncnc2c1ncn2[C@@H]1O[C@H](CO)[C@@H](O)[C@H]1OC(O)CCO,False,AdenosineOnly
Nc1ncnc2c1ncn2[C@@H]1O[C@H](CO)[C@@H](O)[C@H]1OC(=O)O,False,AdenosineOnly
CCC(=O)O[C@@H]1[C@H](O)[C@@H](C)O[C@H]1n1cnc2c(N)ncnc21,False,AdenosineOnly
CCC(=O)[C@@H]1[C@H](O)[C@@H](CO)O[C@H]1n1cnc2c(N)ncnc21,False,AdenosineOnly
CCC(=O)O[C@@H]1[C@H](O)[C@@H](C(=O)O)O[C@H]1n1cnc2c(N)ncnc21,False,AdenosineOnly
CCCCC(=O)O[C@@H]1[C@H](O)[C@@H](CO)O[C@H]1n1cnc2c(N)ncnc21,False,AdenosineOnly
CCC(C)C(=O)O[C@@H]1[C@H](O)[C@@H](CO)O[C@H]1n1cnc2c(N)ncnc21,False,AdenosineOnly
CCC(=O)O[C@@]1(C)[C@H](O)[C@@H](CO)O[C@H]1n1cnc2c(N)ncnc21,False,AdenosineOnly
CCC(=O)O[C@@]1(CC)[C@H](O)[C@@H](CO)O[C@H]1n1cnc2c(N)ncnc21,False,AdenosineOnly
CCC(=O)O[C@@H]1[C@H](O)[C@@H](CO)O[C@]1(C)n1cnc2c(N)ncnc21,False,AdenosineOnly
CCC(=O)O[C@@H]1[C@H](O)[C@@H](CO)O[C@]1(CC)n1cnc2c(N)ncnc21,False,AdenosineOnly
CCC(=O)O[C@H]1[C@H](n2cnc3c(N)ncnc32)O[C@H](CO)[C@]1(C)O,False,AdenosineOnly
CCC(=O)O[C@H]1[C@H](n2cnc3c(N)ncnc32)O[C@H](CO)[C@@]1(O)CC,False,AdenosineOnly
CCC(=O)O[C@H]1[C@H](n2cnc3c(N)ncnc32)O[C@@](C)(CO)[C@H]1O,False,AdenosineOnly
CCC(=O)O[C@H]1[C@H](n2cnc3c(N)ncnc32)O[C@@](CC)(CO)[C@H]1O,False,AdenosineOnly
CCC(=O)O[C@@H]1[C@H](O)[C@@H](CO)O[C@H]1n1c(C)nc2c(N)ncnc21,False,AdenosineOnly
CCC(=O)O[C@@H]1[C@H](O)[C@@H](CO)O[C@H]1n1c(CC)nc2c(N)ncnc21,False,AdenosineOnly
CCC(=O)O[C@@H]1[C@H](O)[C@@H](C(C)O)O[C@H]1n1cnc2c(N)ncnc21,False,AdenosineOnly
CCC(=O)O[C@@H]1[C@H](O)[C@@H](C(O)CC)O[C@H]1n1cnc2c(N)ncnc21,False,AdenosineOnly
CCC(=O)O[C@@H]1[C@H](O)[C@@H](CO)O[C@H]1n1cnc2c(N)nc(C)nc21,False,AdenosineOnly
CCC(=O)O[C@@H]1[C@H](O)[C@@H](CO)O[C@H]1n1cnc2c(N)nc(CC)nc21,False,AdenosineOnly
N#CCC(O)O[C@@H]1[C@H](O)[C@@H](CO)O[C@H]1n1cnc2c(N)ncnc21,False,AdenosineOnly
CC(O)O[C@@]1(C#N)[C@H](O)[C@@H](CO)O[C@H]1n1cnc2c(N)ncnc21,False,AdenosineOnly
C[C@]1(OC(O)C#N)[C@H](O)[C@@H](CO)O[C@H]1n1cnc2c(N)ncnc21,False,AdenosineOnly
CC(O)O[C@@H]1[C@H](O)[C@@H](CO)O[C@]1(C#N)n1cnc2c(N)ncnc21,False,AdenosineOnly
C[C@]1(n2cnc3c(N)ncnc32)O[C@H](CO)[C@@H](O)[C@H]1OC(O)C#N,False,AdenosineOnly
CC(O)O[C@H]1[C@H](n2cnc3c(N)ncnc32)O[C@H](CO)[C@@]1(O)C#N,False,AdenosineOnly
C[C@]1(O)[C@@H](CO)O[C@@H](n2cnc3c(N)ncnc32)[C@@H]1OC(O)C#N,False,AdenosineOnly
CC(O)O[C@H]1[C@H](n2cnc3c(N)ncnc32)O[C@@](C#N)(CO)[C@H]1O,False,AdenosineOnly
C[C@@]1(CO)O[C@@H](n2cnc3c(N)ncnc32)[C@H](OC(O)C#N)[C@@H]1O,False,AdenosineOnly
CC(O)O[C@@H]1[C@H](O)[C@@H](CO)O[C@H]1n1c(C#N)nc2c(N)ncnc21,False,AdenosineOnly
Cc1nc2c(N)ncnc2n1[C@@H]1O[C@H](CO)[C@@H](O)[C@H]1OC(O)C#N,False,AdenosineOnly
CC(O)O[C@@H]1[C@H](O)[C@@H](C(O)C#N)O[C@H]1n1cnc2c(N)ncnc21,False,AdenosineOnly
CC(O)[C@H]1O[C@@H](n2cnc3c(N)ncnc32)[C@H](OC(O)C#N)[C@@H]1O,False,AdenosineOnly
CC(O)O[C@@H]1[C@H](O)[C@@H](CO)O[C@H]1n1cnc2c(N)nc(C#N)nc21,False,AdenosineOnly
Cc1nc(N)c2ncn([C@@H]3O[C@H](CO)[C@@H](O)[C@H]3OC(O)C#N)c2n1,False,AdenosineOnly
N#CC(=O)O[C@@H]1[C@H](O)[C@@H](CO)O[C@H]1n1cnc2c(N)ncnc21,False,AdenosineOnly
CC(C#N)O[C@@H]1[C@H](O)[C@@H](C=O)O[C@H]1n1cnc2c(N)ncnc21,False,AdenosineOnly
COC(C)(C#N)O[C@@H]1[C@H](O)[C@@H](CO)O[C@H]1n1cnc2c(N)ncnc21,False,AdenosineOnly
CC(=O)OC(C)(C#N)O[C@@H]1[C@H](O)[C@@H](CO)O[C@H]1n1cnc2c(N)ncnc21,False,AdenosineOnly
CC(Cl)(C#N)O[C@@H]1[C@H](O)[C@@H](CO)O[C@H]1n1cnc2c(N)ncnc21,False,AdenosineOnly
N#CC(O)(CO)O[C@@H]1[C@H](O)[C@@H](CO)O[C@H]1n1cnc2c(N)ncnc21,False,AdenosineOnly
CC(O)(O[C@@H]1[C@H](O)[C@@H](CO)O[C@H]1n1cnc2c(N)ncnc21)C(N)=O,False,AdenosineOnly
CC(O)(C=NO)O[C@@H]1[C@H](O)[C@@H](CO)O[C@H]1n1cnc2c(N)ncnc21,False,AdenosineOnly
CC(C#N)O[C@@H]1[C@H](O)[C@@H](CO)O[C@H]1n1cnc2c(N)ncnc21,False,AdenosineOnly
C[C@H]1O[C@@H](n2cnc3c(N)ncnc32)[C@H](OC(C)(O)C#N)[C@@H]1O,False,AdenosineOnly
CC(O)(C#N)O[C@@H]1[C@H](O)[C@@H](C(=O)O)O[C@H]1n1cnc2c(N)ncnc21,False,AdenosineOnly
N#CCC(O)(C#N)O[C@@H]1[C@H](O)[C@@H](CO)O[C@H]1n1cnc2c(N)ncnc21,False,AdenosineOnly
N#CC(O)O[C@@H]1[C@H](O)[C@@H](CO)O[C@H]1n1cnc2c(N)ncnc21,False,AdenosineOnly
CC(O)(C#N)O[C@@]1(C#N)[C@H](O)[C@@H](CO)O[C@H]1n1cnc2c(N)ncnc21,False,AdenosineOnly
CC(O)(C#N)O[C@@]1(C)[C@H](O)[C@@H](CO)O[C@H]1n1cnc2c(N)ncnc21,False,AdenosineOnly
CC(O)(C#N)O[C@@H]1[C@H](O)[C@@H](CO)O[C@]1(C#N)n1cnc2c(N)ncnc21,False,AdenosineOnly
CC(O)(C#N)O[C@@H]1[C@H](O)[C@@H](CO)O[C@]1(C)n1cnc2c(N)ncnc21,False,AdenosineOnly
CC(O)(C#N)O[C@H]1[C@H](n2cnc3c(N)ncnc32)O[C@H](CO)[C@@]1(O)C#N,False,AdenosineOnly
CC(O)(C#N)O[C@H]1[C@H](n2cnc3c(N)ncnc32)O[C@H](CO)[C@]1(C)O,False,AdenosineOnly
CC(O)(C#N)O[C@H]1[C@H](n2cnc3c(N)ncnc32)O[C@@](C#N)(CO)[C@H]1O,False,AdenosineOnly
CC(O)(C#N)O[C@H]1[C@H](n2cnc3c(N)ncnc32)O[C@@](C)(CO)[C@H]1O,False,AdenosineOnly
CC(O)(C#N)O[C@@H]1[C@H](O)[C@@H](CO)O[C@H]1n1c(C#N)nc2c(N)ncnc21,False,AdenosineOnly
Cc1nc2c(N)ncnc2n1[C@@H]1O[C@H](CO)[C@@H](O)[C@H]1OC(C)(O)C#N,False,AdenosineOnly
CC(O)(C#N)O[C@@H]1[C@H](O)[C@@H](C(O)C#N)O[C@H]1n1cnc2c(N)ncnc21,False,AdenosineOnly
CC(O)[C@H]1O[C@@H](n2cnc3c(N)ncnc32)[C@H](OC(C)(O)C#N)[C@@H]1O,False,AdenosineOnly
CC(O)(C#N)O[C@@H]1[C@H](O)[C@@H](CO)O[C@H]1n1cnc2c(N)nc(C#N)nc21,False,AdenosineOnly
Cc1nc(N)c2ncn([C@@H]3O[C@H](CO)[C@@H](O)[C@H]3OC(C)(O)C#N)c2n1,False,AdenosineOnly
C[C@]1(OCN)[C@H](O)[C@@H](CO)O[C@H]1n1cnc2c(N)ncnc21,False,AdenosineOnly
C[C@]1(n2cnc3c(N)ncnc32)O[C@H](CO)[C@@H](O)[C@H]1OCN,False,AdenosineOnly
C[C@]1(O)[C@@H](CO)O[C@@H](n2cnc3c(N)ncnc32)[C@@H]1OCN,False,AdenosineOnly
C[C@@]1(CO)O[C@@H](n2cnc3c(N)ncnc32)[C@H](OCN)[C@@H]1O,False,AdenosineOnly
Cc1nc2c(N)ncnc2n1[C@@H]1O[C@H](CO)[C@@H](O)[C@H]1OCN,False,AdenosineOnly
CC(O)[C@H]1O[C@@H](n2cnc3c(N)ncnc32)[C@H](OCN)[C@@H]1O,False,AdenosineOnly
Cc1nc(N)c2ncn([C@@H]3O[C@H](CO)[C@@H](O)[C@H]3OCN)c2n1,False,AdenosineOnly
CC1Nc2ncnc3c2ncn3[C@@H]2O[C@H](CO)[C@@H](O)[C@H]2O1,False,AdenosineOnly
CNC(C)O[C@@H]1[C@H](O)[C@@H](CO)O[C@H]1n1cnc2c(N)ncnc21,False,AdenosineOnly
CC(C)(N)O[C@@H]1[C@H](O)[C@@H](CO)O[C@H]1n1cnc2c(N)ncnc21,False,AdenosineOnly
CC(=O)NC(C)O[C@@H]1[C@H](O)[C@@H](CO)O[C@H]1n1cnc2c(N)ncnc21,False,AdenosineOnly
CC(N)(O[C@@H]1[C@H](O)[C@@H](CO)O[C@H]1n1cnc2c(N)ncnc21)C(=O)O,False,AdenosineOnly
Nc1ncnc2c1ncn2[C@@H]1O[C@H](CO)[C@@H](O)[C@H]1OC(N)CC(=O)O,False,AdenosineOnly
CC(NC(N)=O)O[C@@H]1[C@H](O)[C@@H](CO)O[C@H]1n1cnc2c(N)ncnc21,False,AdenosineOnly
CC(N)(O)O[C@@H]1[C@H](O)[C@@H](CO)O[C@H]1n1cnc2c(N)ncnc21,False,AdenosineOnly
Nc1ncnc2c1ncn2[C@@H]1O[C@H](CO)[C@@H](O)[C@H]1OC(N)CO,False,AdenosineOnly
CC(N)O[C@@H]1[C@H](O)[C@@H](C)O[C@H]1n1cnc2c(N)ncnc21,False,AdenosineOnly
CC(N)O[C@@H]1[C@H](O)[C@@H](C(=O)O)O[C@H]1n1cnc2c(N)ncnc21,False,AdenosineOnly
CC(N)NC(C)O[C@@H]1[C@H](O)[C@@H](CO)O[C@H]1n1cnc2c(N)ncnc21,False,AdenosineOnly
NCO[C@@H]1[C@H](O)[C@@H](CO)O[C@H]1n1cnc2c(N)ncnc21,False,AdenosineOnly
CC(N)O[C@@]1(C)[C@H](O)[C@@H](CO)O[C@H]1n1cnc2c(N)ncnc21,False,AdenosineOnly
CC(N)O[C@@H]1[C@H](O)[C@@H](CO)O[C@]1(C)n1cnc2c(N)ncnc21,False,AdenosineOnly
CC(N)O[C@H]1[C@H](n2cnc3c(N)ncnc32)O[C@H](CO)[C@]1(C)O,False,AdenosineOnly
CC(N)O[C@H]1[C@H](n2cnc3c(N)ncnc32)O[C@@](C)(CO)[C@H]1O,False,AdenosineOnly
Cc1nc2c(N)ncnc2n1[C@@H]1O[C@H](CO)[C@@H](O)[C@H]1OC(C)N,False,AdenosineOnly
CC(N)O[C@@H]1[C@H](O)[C@@H](C(C)O)O[C@H]1n1cnc2c(N)ncnc21,False,AdenosineOnly
Cc1nc(N)c2ncn([C@@H]3O[C@H](CO)[C@@H](O)[C@H]3OC(C)N)c2n1,False,AdenosineOnly
Nc1ncnc2c1ncn2[C@@H]1O[C@H](CO)[C@@H](O)[C@]1(CO)OC=O,False,AdenosineOnly
Nc1ncnc2c1ncn2[C@@H]1O[C@H](CO)[C@@](O)(CO)[C@H]1OC=O,False,AdenosineOnly
Nc1ncnc2c1ncn2[C@@H]1OC(CO)(CO)[C@@H](O)[C@H]1OC=O,False,AdenosineOnly
Nc1ncnc2c1nc(CO)n2[C@@H]1O[C@H](CO)[C@@H](O)[C@H]1OC=O,False,AdenosineOnly
Nc1nc(CO)nc2c1ncn2[C@@H]1O[C@H](CO)[C@@H](O)[C@H]1OC=O,False,AdenosineOnly
OCC1=Nc2ncnc3c2ncn3[C@@H]2O[C@H](CO)[C@@H](O)[C@H]2O1,False,AdenosineOnly
Nc1ncnc2c1ncn2[C@@H]1O[C@H](CO)[C@@H](O)[C@@]12OCC(O)O2,False,AdenosineOnly
Nc1ncnc2c1ncn2[C@]12OCC(O)O[C@@H]1[C@H](O)[C@@H](CO)O2,False,AdenosineOnly
Nc1ncnc2c1ncn2[C@@H]1O[C@H](CO)[C@@]2(O)OCC(O)O[C@@H]12,False,AdenosineOnly
Nc1ncnc2c1ncn2[C@@H]1O[C@]2(CO)OCC(O)O[C@@H]1[C@@H]2O,False,AdenosineOnly
Nc1ncnc2c1nc1n2[C@@H]2O[C@H](CO)[C@@H](O)[C@H]2OC(O)CO1,False,AdenosineOnly
Nc1ncnc2c1ncn2[C@@H]1O[C@@H]2C(O)OCC(O)O[C@@H]1[C@@H]2O,False,AdenosineOnly
Nc1nc2nc3c1ncn3[C@@H]1O[C@H](CO)[C@@H](O)[C@H]1OC(O)CO2,False,AdenosineOnly
Nc1ncnc2c1ncn2[C@@H]1O[C@H](CO)[C@@H](O)[C@H]1OC(=O)C=O,False,AdenosineOnly
COCC(=O)O[C@@H]1[C@H](O)[C@@H](CO)O[C@H]1n1cnc2c(N)ncnc21,False,AdenosineOnly
Nc1ncnc2c1ncn2[C@@H]1O[C@H](CO)[C@@H](O)[C@H]1OC(=O)CCl,False,AdenosineOnly
C[C@H]1O[C@@H](n2cnc3c(N)ncnc32)[C@H](OC(=O)CO)[C@@H]1O,False,AdenosineOnly
Nc1ncnc2c1ncn2[C@@H]1O[C@H](CO)[C@@H](O)[C@H]1C(=O)CO,False,AdenosineOnly
COC1=Nc2ncnc3c2ncn3[C@@H]2O[C@H](CO)[C@@H](O)[C@H]2O1,False,AdenosineOnly
Nc1ncnc2c1ncn2[C@@H]1O[C@H](CO)[C@H]2OCOC(O)O[C@H]21,False,AdenosineOnly
Nc1ncnc2c1ncn2[C@@H]1O[C@@H]2COCOC(O)O[C@@H]1[C@@H]2O,False,AdenosineOnly
COC(O)O[C@@]12O[C@@H]1[C@@H](CO)O[C@H]2n1cnc2c(N)ncnc21,False,AdenosineOnly
COC(O)O[C@]12OC[C@@H](O[C@H]1n1cnc3c(N)ncnc31)[C@H]2O,False,AdenosineOnly
COC(O)O[C@@H]1[C@@H]2O[C@]1(n1cnc3c(N)ncnc31)O[C@@H]2CO,False,AdenosineOnly
COC(O)O[C@@H]1[C@H](O)[C@H]2CO[C@]1(n1cnc3c(N)ncnc31)O2,False,AdenosineOnly
COC(O)O[C@H]1[C@H](n2cnc3c(N)ncnc32)O[C@@H]2CO[C@]21O,False,AdenosineOnly
COC(O)O[C@H]1[C@H](n2cnc3c(N)ncnc32)O[C@]2(CO)O[C@@H]12,False,AdenosineOnly
COC(O)O[C@H]1[C@H](n2cnc3c(N)ncnc32)O[C@@]2(CO2)[C@H]1O,False,AdenosineOnly
COC(O)O[C@@H]1[C@@H]2Oc3nc4c(N)ncnc4n3[C@@H]1O[C@@H]2CO,False,AdenosineOnly
COC(O)O[C@@H]1[C@H](O)[C@H]2COc3nc4c(N)ncnc4n3[C@@H]1O2,False,AdenosineOnly
COC(O)O[C@@H]1[C@@H]2OC(O)[C@H]2O[C@H]1n1cnc2c(N)ncnc21,False,AdenosineOnly
COC(O)O[C@@H]1[C@@H]2Oc3nc(N)c4ncn(c4n3)[C@@H]1O[C@@H]2CO,False,AdenosineOnly
COC(O)O[C@@H]1[C@H](O)[C@H]2COc3nc(N)c4ncn(c4n3)[C@@H]1O2,False,AdenosineOnly
COCO[C@@H]1[C@H](O)[C@@H](CO)O[C@H]1n1cnc2c(N)ncnc21,False,AdenosineOnly
COC(=O)O[C@@H]1[C@H](O)[C@@H](C)O[C@H]1n1cnc2c(N)ncnc21,False,AdenosineOnly
Nc1ncnc2c1ncn2[C@@H]1O[C@H](CO)[C@@H](O)[C@]1(CO)OCO,False,AdenosineOnly
Nc1ncnc2c1ncn2[C@@H]1O[C@H](CO)[C@@](O)(CO)[C@H]1OCO,False,AdenosineOnly
Nc1ncnc2c1ncn2[C@@H]1OC(CO)(CO)[C@@H](O)[C@H]1OCO,False,AdenosineOnly
Nc1ncnc2c1nc(CO)n2[C@@H]1O[C@H](CO)[C@@H](O)[C@H]1OCO,False,AdenosineOnly
Nc1nc(CO)nc2c1ncn2[C@@H]1O[C@H](CO)[C@@H](O)[C@H]1OCO,False,AdenosineOnly
Nc1ncnc2c1ncn2[C@@H]1O[C@H](CO)[C@@H](O)[C@H]1OCC=O,False,AdenosineOnly
Nc1ncnc2c1ncn2[C@@H]1O[C@H](C=O)[C@@H](O)[C@H]1OCCO,False,AdenosineOnly
Nc1ncnc2c1ncn2[C@@H]1O[C@H](CO)[C@@H](O)[C@H]1OC(O)C=O,False,AdenosineOnly
COCC(O)O[C@@H]1[C@H](O)[C@@H](CO)O[C@H]1n1cnc2c(N)ncnc21,False,AdenosineOnly
COC(CO)O[C@@H]1[C@H](O)[C@@H](CO)O[C@H]1n1cnc2c(N)ncnc21,False,AdenosineOnly
CC(O)(CO)O[C@@H]1[C@H](O)[C@@H](CO)O[C@H]1n1cnc2c(N)ncnc21,False,AdenosineOnly
Nc1ncnc2c1ncn2[C@@H]1O[C@H](CO)[C@@H](O)[C@H]1OC(O)CCl,False,AdenosineOnly
Nc1ncnc2c1ncn2[C@@H]1O[C@H](CO)[C@@H](O)[C@H]1OC(Cl)CO,False,AdenosineOnly
C[C@H]1O[C@@H](n2cnc3c(N)ncnc32)[C@H](OC(O)CO)[C@@H]1O,False,AdenosineOnly
CC(O)O[C@@H]1[C@@H]2OC[C@H]2O[C@H]1n1cnc2c(N)ncnc21,False,AdenosineOnly
C[C@H]1O[C@@H](n2cnc3c(N)ncnc32)[C@H](OC(=O)CC(=O)O)[C@@H]1O,False,AdenosineOnly
CC(=O)[C@@H]1[C@H](O)[C@@H](C)O[C@H]1n1cnc2c(N)ncnc21,False,AdenosineOnly
CC[C@H]1O[C@@H](n2cnc3c(N)ncnc32)[C@H](OC(C)=O)[C@@H]1O,False,AdenosineOnly
CC(=O)O[C@H]1[C@H](n2cnc3c(N)ncnc32)OC(C)(C)[C@H]1O,False,AdenosineOnly
CC(=O)O[C@H]1[C@H](n2cnc3c(N)ncnc32)O[C@H](C)[C@]1(C)O,False,AdenosineOnly
CC(=O)O[C@@]1(C)[C@H](O)[C@@H](C)O[C@H]1n1cnc2c(N)ncnc21,False,AdenosineOnly
CC(=O)O[C@@H]1[C@H](O)[C@@H](C)O[C@]1(C)n1cnc2c(N)ncnc21,False,AdenosineOnly
CC(=O)O[C@@H]1[C@H](O)[C@@H](C)O[C@H]1n1c(C)nc2c(N)ncnc21,False,AdenosineOnly
CC(=O)O[C@@H]1[C@H](O)[C@@H](C)O[C@H]1n1cnc2c(N)nc(C)nc21,False,AdenosineOnly
CC(=O)[C@@]1(CO)[C@H](O)CO[C@H]1n1cnc2c(N)ncnc21,False,AdenosineOnly
Nc1ncnc2c1ncn2[C@@H]1OC[C@@H](O)[C@H]1C(=O)CCO,False,AdenosineOnly
CC(=O)[C@H]1[C@H](n2cnc3c(N)ncnc32)OC[C@@]1(O)CO,False,AdenosineOnly
CC(=O)[C@@H]1[C@H](O)CO[C@H]1n1c(CO)nc2c(N)ncnc21,False,AdenosineOnly
CC(=O)[C@@H]1[C@H](O)CO[C@H]1n1cnc2c(N)nc(CO)nc21,False,AdenosineOnly
C[C@]1(C=O)[C@H](O)[C@@H](CO)O[C@H]1n1cnc2c(N)ncnc21,False,AdenosineOnly
C[C@]1(n2cnc3c(N)ncnc32)O[C@H](CO)[C@@H](O)[C@H]1C=O,False,AdenosineOnly
CC(=O)[C@@]1(n2cnc3c(N)ncnc32)C[C@H](O)[C@@H](CO)O1,False,AdenosineOnly
C[C@]1(O)[C@@H](CO)O[C@@H](n2cnc3c(N)ncnc32)[C@@H]1C=O,False,AdenosineOnly
CC(=O)[C@@]1(O)C[C@H](n2cnc3c(N)ncnc32)O[C@@H]1CO,False,AdenosineOnly
C[C@@]1(CO)O[C@@H](n2cnc3c(N)ncnc32)[C@H](C=O)[C@@H]1O,False,AdenosineOnly
CC(=O)[C@@]1(CO)O[C@@H](n2cnc3c(N)ncnc32)C[C@@H]1O,False,AdenosineOnly
Cc1nc2c(N)ncnc2n1[C@@H]1O[C@H](CO)[C@@H](O)[C@H]1C=O,False,AdenosineOnly
CC(=O)c1nc2c(N)ncnc2n1[C@H]1C[C@H](O)[C@@H](CO)O1,False,AdenosineOnly
CC(O)[C@H]1O[C@@H](n2cnc3c(N)ncnc32)[C@H](C=O)[C@@H]1O,False,AdenosineOnly
CC(=O)C(O)[C@H]1O[C@@H](n2cnc3c(N)ncnc32)C[C@@H]1O,False,AdenosineOnly
Cc1nc(N)c2ncn([C@@H]3O[C@H](CO)[C@@H](O)[C@H]3C=O)c2n1,False,AdenosineOnly
CC(=O)c1nc(N)c2ncn([C@H]3C[C@H](O)[C@@H](CO)O3)c2n1,False,AdenosineOnly
Nc1ncnc2c1ncn2[C@@H]1O[C@H](CO)[C@@H](O)[C@H]1CC=O,False,AdenosineOnly
CC1=Nc2ncnc3c2ncn3[C@@H]2O[C@H](CO)[C@@H](O)[C@@H]12,False,AdenosineOnly
CC(O)[C@@]12O[C@@H]1[C@@H](CO)O[C@H]2n1cnc2c(N)ncnc21,False,AdenosineOnly
CC(O)[C@]12OC[C@@H](O[C@H]1n1cnc3c(N)ncnc31)[C@H]2O,False,AdenosineOnly
Nc1ncnc2c1ncn2[C@@H]1O[C@H](CO)[C@H]2OCC(O)[C@H]21,False,AdenosineOnly
Nc1ncnc2c1ncn2[C@@H]1O[C@@H]2COCC(O)[C@@H]1[C@@H]2O,False,AdenosineOnly
CC(O)[C@@H]1[C@@H]2O[C@]1(n1cnc3c(N)ncnc31)O[C@@H]2CO,False,AdenosineOnly
CC(O)[C@@H]1[C@H](O)[C@H]2CO[C@]1(n1cnc3c(N)ncnc31)O2,False,AdenosineOnly
CC(O)[C@H]1[C@H](n2cnc3c(N)ncnc32)O[C@@H]2CO[C@]21O,False,AdenosineOnly
CC(O)[C@H]1[C@H](n2cnc3c(N)ncnc32)O[C@]2(CO)O[C@@H]12,False,AdenosineOnly
CC(O)[C@H]1[C@H](n2cnc3c(N)ncnc32)O[C@@]2(CO2)[C@H]1O,False,AdenosineOnly
CC(O)[C@@H]1[C@@H]2Oc3nc4c(N)ncnc4n3[C@@H]1O[C@@H]2CO,False,AdenosineOnly
CC(O)[C@@H]1[C@H](O)[C@H]2COc3nc4c(N)ncnc4n3[C@@H]1O2,False,AdenosineOnly
CC(O)[C@@H]1[C@@H]2OC(O)[C@H]2O[C@H]1n1cnc2c(N)ncnc21,False,AdenosineOnly
CC(O)[C@@H]1[C@@H]2Oc3nc(N)c4ncn(c4n3)[C@@H]1O[C@@H]2CO,False,AdenosineOnly
CC(O)[C@@H]1[C@H](O)[C@H]2COc3nc(N)c4ncn(c4n3)[C@@H]1O2,False,AdenosineOnly
CC(O)[C@@H]1[C@H](O)[C@@H](CO)O[C@H]1n1cnc2c(N)ncnc21,False,AdenosineOnly
Nc1ncnc2c1ncn2[C@@H]1O[C@H](CO)[C@@H](O)[C@H]1C(=O)CC(=O)O,False,AdenosineOnly
CC(O)(C#N)[C@@H]1[C@H](O)[C@@H](CO)O[C@H]1n1cnc2c(N)ncnc21,False,AdenosineOnly
CC(N)[C@@H]1[C@H](O)[C@@H](CO)O[C@H]1n1cnc2c(N)ncnc21,False,AdenosineOnly
COC(=O)[C@@H]1[C@H](O)[C@@H](CO)O[C@H]1n1cnc2c(N)ncnc21,False,AdenosineOnly
Nc1ncnc2c1ncn2[C@@H]1O[C@H](CO)[C@@H](O)[C@H]1C(O)CO,False,AdenosineOnly
CC(=O)[C@@H]1[C@H](O)[C@@H](C(=O)O)O[C@H]1n1cnc2c(N)ncnc21,False,AdenosineOnly
Nc1ncnc2c1ncn2[C@@H]1O[C@H](CO)[C@@H](O)[C@H]1C=O,False,AdenosineOnly
CC(=O)[C@@]1(C)[C@H](O)[C@@H](CO)O[C@H]1n1cnc2c(N)ncnc21,False,AdenosineOnly
CC(=O)[C@@H]1[C@H](O)[C@@H](CO)O[C@]1(C)n1cnc2c(N)ncnc21,False,AdenosineOnly
CC(=O)[C@H]1[C@H](n2cnc3c(N)ncnc32)O[C@H](CO)[C@]1(C)O,False,AdenosineOnly
CC(=O)[C@H]1[C@H](n2cnc3c(N)ncnc32)O[C@@](C)(CO)[C@H]1O,False,AdenosineOnly
CC(=O)[C@@H]1[C@H](O)[C@@H](CO)O[C@H]1n1c(C)nc2c(N)ncnc21,False,AdenosineOnly
CC(=O)[C@@H]1[C@H](O)[C@@H](C(C)O)O[C@H]1n1cnc2c(N)ncnc21,False,AdenosineOnly
CC(=O)[C@@H]1[C@H](O)[C@@H](CO)O[C@H]1n1cnc2c(N)nc(C)nc21,False,AdenosineOnly
CC(=O)O[C@@H]1[C@H](O)CO[C@H]1n1cnc2c(N)ncnc21,False,AdenosineOnly
CC(=O)O[C@@H]1[C@H](O)[C@@H]2O[C@H]1n1cnc3c(ncnc31)N=C2O,False,AdenosineOnly
CC(=O)O[C@H]1[C@H](n2cnc3c(N)ncnc32)O[C@]2(OC2O)[C@H]1O,False,AdenosineOnly
CC(O)O[C@H]1[C@H](n2cnc3c(N)ncnc32)O[C@]2(OC2=O)[C@H]1O,False,AdenosineOnly
CC(=O)O[C@H]1[C@H](n2cnc3c(N)ncnc32)O[C@]2(C(O)O)O[C@@H]12,False,AdenosineOnly
CC(=O)O[C@H]1[C@H](n2cnc3c(N)ncnc32)O[C@@H]2C(O)O[C@]21O,False,AdenosineOnly
CC(O)O[C@H]1[C@H](n2cnc3c(N)ncnc32)O[C@@H]2C(=O)O[C@]21O,False,AdenosineOnly
CC(=O)O[C@]12OC(O)[C@@H](O[C@H]1n1cnc3c(N)ncnc31)[C@H]2O,False,AdenosineOnly
CC(O)O[C@]12OC(=O)[C@@H](O[C@H]1n1cnc3c(N)ncnc31)[C@H]2O,False,AdenosineOnly
CC(=O)O[C@@]12O[C@@H]1[C@@H](C(O)O)O[C@H]2n1cnc2c(N)ncnc21,False,AdenosineOnly
CC(=O)O[C@@H]1[C@H](O)[C@@H]2O[C@@]1(n1cnc3c(N)ncnc31)OC2O,False,AdenosineOnly
CC(O)O[C@@H]1[C@H](O)[C@@H]2O[C@@]1(n1cnc3c(N)ncnc31)OC2=O,False,AdenosineOnly
CC(=O)O[C@@H]1[C@@H]2O[C@]1(n1cnc3c(N)ncnc31)O[C@@H]2C(O)O,False,AdenosineOnly
CC(=O)O[C@@H]1[C@H](O)[C@@H]2O[C@H]1n1c(nc3c(N)ncnc31)OC2O,False,AdenosineOnly
CC(O)O[C@@H]1[C@H](O)[C@@H]2O[C@H]1n1c(nc3c(N)ncnc31)OC2=O,False,AdenosineOnly
CC(=O)O[C@@H]1[C@@H]2Oc3nc4c(N)ncnc4n3[C@@H]1O[C@@H]2C(O)O,False,AdenosineOnly
Nc1ncnc2c1ncn2[C@@H]1O[C@@H]2C(O)OCC(=O)O[C@@H]1[C@@H]2O,False,AdenosineOnly
Nc1ncnc2c1ncn2[C@@H]1O[C@@H]2C(=O)OCC(O)O[C@@H]1[C@@H]2O,False,AdenosineOnly
Nc1ncnc2c1ncn2[C@@H]1O[C@H](C(O)O)[C@H]2OCC(=O)O[C@H]21,False,AdenosineOnly
CC(=O)O[C@@H]1[C@H](O)[C@@H]2O[C@H]1n1cnc3c(N)nc(nc31)OC2O,False,AdenosineOnly
CC(O)O[C@@H]1[C@H](O)[C@@H]2O[C@H]1n1cnc3c(N)nc(nc31)OC2=O,False,AdenosineOnly
CC(=O)O[C@@H]1[C@@H]2Oc3nc(N)c4ncn(c4n3)[C@@H]1O[C@@H]2C(O)O,False,AdenosineOnly
C[C@H]1O[C@@H](n2cnc3c(N)ncnc32)[C@H](OC(=O)C(=O)O)[C@@H]1O,False,AdenosineOnly
CC(=O)O[C@@H]1[C@H](O)[C@@H](C(O)O)O[C@H]1n1cnc2c(N)ncnc21,False,AdenosineOnly
CC(=O)O[C@@H]1[C@H](O)[C@@H](C(O)(O)C#N)O[C@H]1n1cnc2c(N)ncnc21,False,AdenosineOnly
CC(=O)O[C@@H]1[C@H](O)[C@@H](C(N)=O)O[C@H]1n1cnc2c(N)ncnc21,False,AdenosineOnly
CC(=O)O[C@H]1[C@H](n2cnc3c(N)ncnc32)O[C@@](C)(C(=O)O)[C@H]1O,False,AdenosineOnly
CC(=O)O[C@H]1[C@H](n2cnc3c(N)ncnc32)O[C@H](C(=O)O)[C@]1(C)O,False,AdenosineOnly
CC(=O)O[C@@]1(C)[C@H](O)[C@@H](C(=O)O)O[C@H]1n1cnc2c(N)ncnc21,False,AdenosineOnly
CC(=O)O[C@@H]1[C@H](O)[C@@H](C(=O)O)O[C@]1(C)n1cnc2c(N)ncnc21,False,AdenosineOnly
CC(=O)O[C@@H]1[C@H](O)[C@@H](C(=O)O)O[C@H]1n1c(C)nc2c(N)ncnc21,False,AdenosineOnly
CC(=O)O[C@@H]1[C@H](O)[C@@H](C(=O)O)O[C@H]1n1cnc2c(N)nc(C)nc21,False,AdenosineOnly
C[C@]1(OC=O)[C@H](O)[C@@H](CO)O[C@]1(C)n1cnc2c(N)ncnc21,False,AdenosineOnly
C[C@]1(O)[C@@H](CO)O[C@@H](n2cnc3c(N)ncnc32)[C@@]1(C)OC=O,False,AdenosineOnly
C[C@@]1(OC=O)[C@H](n2cnc3c(N)ncnc32)O[C@@](C)(CO)[C@H]1O,False,AdenosineOnly
Cc1nc2c(N)ncnc2n1[C@@H]1O[C@H](CO)[C@@H](O)[C@]1(C)OC=O,False,AdenosineOnly
Cc1nc(N)c2ncn([C@@H]3O[C@H](CO)[C@@H](O)[C@]3(C)OC=O)c2n1,False,AdenosineOnly
CC1=Nc2ncnc3c2ncn3[C@@H]2O[C@H](CO)[C@@H](O)[C@]2(C)O1,False,AdenosineOnly
CC(O)O[C@@]12CO[C@@H]1[C@@H](CO)O[C@H]2n1cnc2c(N)ncnc21,False,AdenosineOnly
CC(O)O[C@]12COC[C@@H](O[C@H]1n1cnc3c(N)ncnc31)[C@H]2O,False,AdenosineOnly
C[C@]12OC(O)CO[C@@H]1[C@@H](CO)O[C@H]2n1cnc2c(N)ncnc21,False,AdenosineOnly
C[C@@]12OC(O)COC[C@@H](O[C@H]1n1cnc3c(N)ncnc31)[C@H]2O,False,AdenosineOnly
C[C@]1(OC(=O)CO)[C@H](O)[C@@H](CO)O[C@H]1n1cnc2c(N)ncnc21,False,AdenosineOnly
COC(=O)O[C@@]1(C)[C@H](O)[C@@H](CO)O[C@H]1n1cnc2c(N)ncnc21,False,AdenosineOnly
C[C@]1(OC(O)CO)[C@H](O)[C@@H](CO)O[C@H]1n1cnc2c(N)ncnc21,False,AdenosineOnly
CC[C@]1(OC(C)=O)[C@H](O)[C@@H](CO)O[C@H]1n1cnc2c(N)ncnc21,False,AdenosineOnly
CC(=O)O[C@@]1(C)[C@H](O)[C@@H](CO)O[C@]1(C)n1cnc2c(N)ncnc21,False,AdenosineOnly
CC(=O)O[C@]1(C)[C@H](n2cnc3c(N)ncnc32)O[C@H](CO)[C@]1(C)O,False,AdenosineOnly
CC(=O)O[C@]1(C)[C@H](n2cnc3c(N)ncnc32)O[C@@](C)(CO)[C@H]1O,False,AdenosineOnly
CC(=O)O[C@@]1(C)[C@H](O)[C@@H](CO)O[C@H]1n1c(C)nc2c(N)ncnc21,False,AdenosineOnly
CC(=O)O[C@@]1(C)[C@H](O)[C@@H](C(C)O)O[C@H]1n1cnc2c(N)ncnc21,False,AdenosineOnly
CC(=O)O[C@@]1(C)[C@H](O)[C@@H](CO)O[C@H]1n1cnc2c(N)nc(C)nc21,False,AdenosineOnly
C[C@@]1(O)[C@@H](OC=O)[C@@](C)(n2cnc3c(N)ncnc32)O[C@@H]1CO,False,AdenosineOnly
Cc1nc2c(N)ncnc2n1[C@@]1(C)O[C@H](CO)[C@@H](O)[C@H]1OC=O,False,AdenosineOnly
C[C@]1(n2cnc3c(N)ncnc32)O[C@@](C)(CO)[C@@H](O)[C@H]1OC=O,False,AdenosineOnly
Cc1nc(N)c2ncn([C@@]3(C)O[C@H](CO)[C@@H](O)[C@H]3OC=O)c2n1,False,AdenosineOnly
CC1=Nc2ncnc3c2ncn3[C@@]2(C)O[C@H](CO)[C@@H](O)[C@H]2O1,False,AdenosineOnly
CC(O)O[C@@H]1[C@@H]2OC[C@]1(n1cnc3c(N)ncnc31)O[C@@H]2CO,False,AdenosineOnly
CC(O)O[C@@H]1[C@H](O)[C@H]2COC[C@]1(n1cnc3c(N)ncnc31)O2,False,AdenosineOnly
C[C@]1(n2cnc3c(N)ncnc32)O[C@H](CO)[C@H]2OCC(O)O[C@H]21,False,AdenosineOnly
C[C@]1(n2cnc3c(N)ncnc32)O[C@@H]2COCC(O)O[C@@H]1[C@@H]2O,False,AdenosineOnly
C[C@]1(n2cnc3c(N)ncnc32)O[C@H](CO)[C@@H](O)[C@H]1OC(=O)CO,False,AdenosineOnly
COC(=O)O[C@@H]1[C@H](O)[C@@H](CO)O[C@]1(C)n1cnc2c(N)ncnc21,False,AdenosineOnly
C[C@]1(n2cnc3c(N)ncnc32)O[C@H](CO)[C@@H](O)[C@H]1OC(O)CO,False,AdenosineOnly
CC[C@]1(n2cnc3c(N)ncnc32)O[C@H](CO)[C@@H](O)[C@H]1OC(C)=O,False,AdenosineOnly
CC(=O)O[C@@H]1[C@@](C)(O)[C@@H](CO)O[C@]1(C)n1cnc2c(N)ncnc21,False,AdenosineOnly
CC(=O)O[C@@H]1[C@H](O)[C@@H](CO)O[C@]1(C)n1c(C)nc2c(N)ncnc21,False,AdenosineOnly
CC(=O)O[C@@H]1[C@H](O)[C@](C)(CO)O[C@]1(C)n1cnc2c(N)ncnc21,False,AdenosineOnly
CC(=O)O[C@@H]1[C@H](O)[C@@H](C(C)O)O[C@]1(C)n1cnc2c(N)ncnc21,False,AdenosineOnly
CC(=O)O[C@@H]1[C@H](O)[C@@H](CO)O[C@]1(C)n1cnc2c(N)nc(C)nc21,False,AdenosineOnly
C[C@@]1(CO)O[C@@H](n2cnc3c(N)ncnc32)[C@H](OC=O)[C@@]1(C)O,False,AdenosineOnly
Cc1nc2c(N)ncnc2n1[C@@H]1O[C@H](CO)[C@](C)(O)[C@H]1OC=O,False,AdenosineOnly
Cc1nc(N)c2ncn([C@@H]3O[C@H](CO)[C@](C)(O)[C@H]3OC=O)c2n1,False,AdenosineOnly
CC1=Nc2ncnc3c2ncn3[C@@H]2O[C@H](CO)[C@](C)(O)[C@H]2O1,False,AdenosineOnly
CC(O)O[C@H]1[C@H](n2cnc3c(N)ncnc32)O[C@H](CO)[C@@]12CO2,False,AdenosineOnly
CC(O)O[C@H]1[C@H](n2cnc3c(N)ncnc32)O[C@@H]2COC[C@]21O,False,AdenosineOnly
C[C@@]12OCC(O)O[C@H]1[C@H](n1cnc3c(N)ncnc31)O[C@@H]2CO,False,AdenosineOnly
C[C@]1(O)[C@H]2COCC(O)O[C@H]1[C@H](n1cnc3c(N)ncnc31)O2,False,AdenosineOnly
C[C@]1(O)[C@@H](CO)O[C@@H](n2cnc3c(N)ncnc32)[C@@H]1OC(=O)CO,False,AdenosineOnly
COC(=O)O[C@H]1[C@H](n2cnc3c(N)ncnc32)O[C@H](CO)[C@]1(C)O,False,AdenosineOnly
C[C@]1(O)[C@@H](CO)O[C@@H](n2cnc3c(N)ncnc32)[C@@H]1OC(O)CO,False,AdenosineOnly
CC[C@]1(O)[C@@H](CO)O[C@@H](n2cnc3c(N)ncnc32)[C@@H]1OC(C)=O,False,AdenosineOnly
CC(=O)O[C@H]1[C@H](n2cnc3c(N)ncnc32)O[C@@](C)(CO)[C@]1(C)O,False,AdenosineOnly
CC(=O)O[C@H]1[C@H](n2cnc3c(N)ncnc32)O[C@H](C(C)O)[C@]1(C)O,False,AdenosineOnly
CC(=O)O[C@H]1[C@H](n2c(C)nc3c(N)ncnc32)O[C@H](CO)[C@]1(C)O,False,AdenosineOnly
CC(=O)O[C@H]1[C@H](n2cnc3c(N)nc(C)nc32)O[C@H](CO)[C@]1(C)O,False,AdenosineOnly
CC(=O)O[C@@H]1[C@H](O)[C@@H](C)O[C@]1(CO)n1cnc2c(N)ncnc21,False,AdenosineOnly
Cc1nc2c(N)ncnc2n1[C@@H]1O[C@@](C)(CO)[C@@H](O)[C@H]1OC=O,False,AdenosineOnly
Cc1nc(N)c2ncn([C@@H]3O[C@@](C)(CO)[C@@H](O)[C@H]3OC=O)c2n1,False,AdenosineOnly
CC1=Nc2ncnc3c2ncn3[C@@H]2O[C@@](C)(CO)[C@@H](O)[C@H]2O1,False,AdenosineOnly
CC(O)O[C@H]1[C@H](n2cnc3c(N)ncnc32)O[C@]2(CO)CO[C@@H]12,False,AdenosineOnly
CC(O)O[C@H]1[C@H](n2cnc3c(N)ncnc32)OC2(COC2)[C@H]1O,False,AdenosineOnly
C[C@@]1(CO)O[C@@H](n2cnc3c(N)ncnc32)[C@@H]2OC(O)CO[C@@H]21,False,AdenosineOnly
C[C@@]12COCC(O)O[C@@H]([C@H](n3cnc4c(N)ncnc43)O1)[C@@H]2O,False,AdenosineOnly
C[C@@]1(CO)O[C@@H](n2cnc3c(N)ncnc32)[C@H](OC(=O)CO)[C@@H]1O,False,AdenosineOnly
COC(=O)O[C@H]1[C@H](n2cnc3c(N)ncnc32)O[C@@](C)(CO)[C@H]1O,False,AdenosineOnly
C[C@@]1(CO)O[C@@H](n2cnc3c(N)ncnc32)[C@H](OC(O)CO)[C@@H]1O,False,AdenosineOnly
CC[C@@]1(CO)O[C@@H](n2cnc3c(N)ncnc32)[C@H](OC(C)=O)[C@@H]1O,False,AdenosineOnly
CC(=O)O[C@H]1[C@H](n2cnc3c(N)ncnc32)O[C@@](C)(C(C)O)[C@H]1O,False,AdenosineOnly
CC(=O)O[C@H]1[C@H](n2c(C)nc3c(N)ncnc32)O[C@@](C)(CO)[C@H]1O,False,AdenosineOnly
CC(=O)O[C@H]1[C@H](n2cnc3c(N)nc(C)nc32)O[C@@](C)(CO)[C@H]1O,False,AdenosineOnly
Cc1nc(N)c2nc(C)n([C@@H]3O[C@H](CO)[C@@H](O)[C@H]3OC=O)c2n1,False,AdenosineOnly
CC1=Nc2ncnc3c2nc(C)n3[C@@H]2O[C@H](CO)[C@@H](O)[C@H]2O1,False,AdenosineOnly
CC(O)O[C@@H]1[C@@H]2OCc3nc4c(N)ncnc4n3[C@@H]1O[C@@H]2CO,False,AdenosineOnly
CC(O)O[C@@H]1[C@H](O)[C@H]2COCc3nc4c(N)ncnc4n3[C@@H]1O2,False,AdenosineOnly
Cc1nc2c(N)ncnc2n1[C@@H]1O[C@H](CO)[C@H]2OCC(O)O[C@H]21,False,AdenosineOnly
Cc1nc2c(N)ncnc2n1[C@@H]1O[C@@H]2COCC(O)O[C@@H]1[C@@H]2O,False,AdenosineOnly
Cc1nc2c(N)ncnc2n1[C@@H]1O[C@H](CO)[C@@H](O)[C@H]1OC(=O)CO,False,AdenosineOnly
COC(=O)O[C@@H]1[C@H](O)[C@@H](CO)O[C@H]1n1c(C)nc2c(N)ncnc21,False,AdenosineOnly
Cc1nc2c(N)ncnc2n1[C@@H]1O[C@H](CO)[C@@H](O)[C@H]1OC(O)CO,False,AdenosineOnly
CCc1nc2c(N)ncnc2n1[C@@H]1O[C@H](CO)[C@@H](O)[C@H]1OC(C)=O,False,AdenosineOnly
CC(=O)O[C@@H]1[C@H](O)[C@@H](CO)O[C@H]1n1c(C)nc2c(N)nc(C)nc21,False,AdenosineOnly
CC(=O)O[C@@H]1[C@H](O)[C@@H](C(C)O)O[C@H]1n1c(C)nc2c(N)ncnc21,False,AdenosineOnly
CC1=Nc2ncnc3c2ncn3[C@@H]2O[C@H](C(C)O)[C@@H](O)[C@H]2O1,False,AdenosineOnly
CC(O)O[C@@H]1[C@H](O)[C@@H](C2CO2)O[C@H]1n1cnc2c(N)ncnc21,False,AdenosineOnly
CC(O)O[C@@H]1[C@@H]2OCC(O)[C@H]2O[C@H]1n1cnc2c(N)ncnc21,False,AdenosineOnly
CC1OCC(O)O[C@@H]2[C@H](O)[C@@H]1O[C@H]2n1cnc2c(N)ncnc21,False,AdenosineOnly
CC(O)[C@H]1O[C@@H](n2cnc3c(N)ncnc32)[C@@H]2OC(O)CO[C@@H]21,False,AdenosineOnly
CC(=O)O[C@@H]1[C@H](O)[C@@H](C(C)(C)O)O[C@H]1n1cnc2c(N)ncnc21,False,AdenosineOnly
CCC(O)[C@H]1O[C@@H](n2cnc3c(N)ncnc32)[C@H](OC(C)=O)[C@@H]1O,False,AdenosineOnly
CC(=O)O[C@@H]1[C@H](O)[C@@H](C(C)Cl)O[C@H]1n1cnc2c(N)ncnc21,False,AdenosineOnly
CC(=O)O[C@@H]1[C@H](O)[C@@H](C(C)(O)O)O[C@H]1n1cnc2c(N)ncnc21,False,AdenosineOnly
CC(=O)O[C@@H]1[C@H](O)[C@@H](C(O)CO)O[C@H]1n1cnc2c(N)ncnc21,False,AdenosineOnly
CC(O)[C@H]1O[C@@H](n2cnc3c(N)ncnc32)[C@H](OC(=O)CO)[C@@H]1O,False,AdenosineOnly
COC(=O)O[C@@H]1[C@H](O)[C@@H](C(C)O)O[C@H]1n1cnc2c(N)ncnc21,False,AdenosineOnly
CC(O)O[C@@H]1[C@H](O)[C@@H](C(C)(O)O)O[C@H]1n1cnc2c(N)ncnc21,False,AdenosineOnly
CC(O)O[C@@H]1[C@H](O)[C@@H](C(O)CO)O[C@H]1n1cnc2c(N)ncnc21,False,AdenosineOnly
CC(O)[C@H]1O[C@@H](n2cnc3c(N)ncnc32)[C@H](OC(O)CO)[C@@H]1O,False,AdenosineOnly
CC(=O)O[C@@H]1[C@H](O)[C@@H](C(C)O)O[C@H]1n1cnc2c(N)nc(C)nc21,False,AdenosineOnly
CC(O)[C@H]1O[C@@H](n2cnc3c(N)ncnc32)[C@H](OC(C)(C)O)[C@@H]1O,False,AdenosineOnly
CC1=Nc2nc(C)nc3c2ncn3[C@@H]2O[C@H](CO)[C@@H](O)[C@H]2O1,False,AdenosineOnly
CC(O)O[C@@H]1[C@@H]2OCc3nc(N)c4ncn(c4n3)[C@@H]1O[C@@H]2CO,False,AdenosineOnly
CC(O)O[C@@H]1[C@H](O)[C@H]2COCc3nc(N)c4ncn(c4n3)[C@@H]1O2,False,AdenosineOnly
Cc1nc(N)c2ncn([C@@H]3O[C@H](CO)[C@H]4OCC(O)O[C@H]43)c2n1,False,AdenosineOnly
Cc1nc(N)c2ncn([C@@H]3O[C@@H]4COCC(O)O[C@@H]3[C@@H]4O)c2n1,False,AdenosineOnly
Cc1nc(N)c2ncn([C@@H]3O[C@H](CO)[C@@H](O)[C@H]3OC(=O)CO)c2n1,False,AdenosineOnly
COC(=O)O[C@@H]1[C@H](O)[C@@H](CO)O[C@H]1n1cnc2c(N)nc(C)nc21,False,AdenosineOnly
Cc1nc(N)c2ncn([C@@H]3O[C@H](CO)[C@@H](O)[C@H]3OC(O)CO)c2n1,False,AdenosineOnly
CCc1nc(N)c2ncn([C@@H]3O[C@H](CO)[C@@H](O)[C@H]3OC(C)=O)c2n1,False,AdenosineOnly
Nc1ncnc2c1ncn2[C@@H]1OC[C@@H](OP(=O)(O)O)[C@H]1O,False,AdenosineOnly
Nc1ncnc2c1ncn2[C@@H]1OC[C@@H](O)[C@H]1OP(=O)(O)O,False,AdenosineOnly
Nc1ncnc2c1ncn2[C@@H]1OC[C@@H](OS(=O)(=O)O)[C@H]1O,False,AdenosineOnly
Nc1ncnc2c1ncn2[C@@H]1OC[C@@H](O)[C@H]1OS(=O)(=O)O,False,AdenosineOnly
COC1O[C@]12O[C@@H](n1cnc3c(N)ncnc31)[C@H](O)[C@@H]2O,False,AdenosineOnly
CC(=O)OC1O[C@]12O[C@@H](n1cnc3c(N)ncnc31)[C@H](O)[C@@H]2O,False,AdenosineOnly
Nc1ncnc2c1ncn2[C@@H]1O[C@@](O)(C(O)O)[C@@H](O)[C@H]1O,False,AdenosineOnly
Nc1ncnc2c1ncn2[C@@H]1O[C@@H]2O[C@]2(C(O)O)[C@H]1O,False,AdenosineOnly
Nc1ncnc2c1ncn2[C@@H]1O[C@@H]2O[C@H]2[C@@]1(O)C(O)O,False,AdenosineOnly
Nc1ncnc2c1ncn2[C@@]1(C(O)O)O[C@@H]2O[C@H]2[C@H]1O,False,AdenosineOnly
Nc1ncnc2c1nc(C(O)O)n2[C@@H]1O[C@@H]2O[C@H]2[C@H]1O,False,AdenosineOnly
Nc1nc(C(O)O)nc2c1ncn2[C@@H]1O[C@@H]2O[C@H]2[C@H]1O,False,AdenosineOnly
Nc1ncnc2c1ncn2[C@@H]1OC(C(O)O)=C[C@H]1O,False,AdenosineOnly
Nc1ncnc2c1ncn2[C@@H]1O[C@@H]2O[C@@H]1[C@]2(O)C(O)O,False,AdenosineOnly
Nc1ncnc2c1ncn2[C@@H]1O[C@@H]2O[C@@]1(C(O)O)[C@@H]2O,False,AdenosineOnly
Nc1ncnc2c1ncn2[C@@]1(C(O)O)O[C@@H]2O[C@@H]1[C@@H]2O,False,AdenosineOnly
Nc1ncnc2c1nc(C(O)O)n2[C@@H]1O[C@@H]2O[C@@H]1[C@@H]2O,False,AdenosineOnly
Nc1nc(C(O)O)nc2c1ncn2[C@@H]1O[C@@H]2O[C@@H]1[C@@H]2O,False,AdenosineOnly
COC1O[C@]2(O)[C@@H]1O[C@@H](n1cnc3c(N)ncnc31)[C@@H]2O,False,AdenosineOnly
CC(=O)OC1O[C@]2(O)[C@@H]1O[C@@H](n1cnc3c(N)ncnc31)[C@@H]2O,False,AdenosineOnly
Nc1ncnc2c1ncn2[C@@H]1OC[C@@]2(O)O[C@]12C(O)O,False,AdenosineOnly
Nc1ncnc2c1nc(C(O)O)n2[C@@H]1OC[C@@]2(O)O[C@@H]12,False,AdenosineOnly
Nc1nc(C(O)O)nc2c1ncn2[C@@H]1OC[C@@]2(O)O[C@@H]12,False,AdenosineOnly
Nc1ncnc2c1ncn2[C@@H]1O[C@H](C(O)O)C(O)(O)[C@H]1O,False,AdenosineOnly
COC1O[C@]2(O)[C@H](O)[C@@H]1O[C@H]2n1cnc2c(N)ncnc21,False,AdenosineOnly
CC(=O)OC1O[C@]2(O)[C@H](O)[C@@H]1O[C@H]2n1cnc2c(N)ncnc21,False,AdenosineOnly
Nc1ncnc2c1ncn2[C@@H]1OC[C@]2(C(O)O)O[C@@]12O,False,AdenosineOnly
Nc1ncnc2c1nc(C(O)O)n2[C@@H]1OC[C@H]2O[C@]21O,False,AdenosineOnly
Nc1nc(C(O)O)nc2c1ncn2[C@@H]1OC[C@H]2O[C@]21O,False,AdenosineOnly
Nc1ncnc2c1ncn2[C@@H]1O[C@H](C(O)O)[C@@H](O)C1(O)O,False,AdenosineOnly
Nc1ncnc2c1ncn2[C@@]1(O)O[C@H](C=O)[C@@H](O)[C@H]1O,False,AdenosineOnly
COC1O[C@]2(n3cnc4c(N)ncnc43)O[C@H]1[C@@H](O)[C@H]2O,False,AdenosineOnly
Nc1ncnc2c1ncn2[C@@]12OC(=O)[C@@H](O1)[C@@H](O)[C@H]2O,False,AdenosineOnly
CC(=O)OC1O[C@]2(n3cnc4c(N)ncnc43)O[C@H]1[C@@H](O)[C@H]2O,False,AdenosineOnly
Nc1ncnc2c1ncn2[C@@]12OC(F)[C@@H](O1)[C@@H](O)[C@H]2O,False,AdenosineOnly
Nc1ncnc2c1ncn2[C@]12OC[C@@H](O1)[C@@]2(O)C(O)O,False,AdenosineOnly
Nc1ncnc2c1ncn2[C@]12OC[C@](C(O)O)(O1)[C@H]2O,False,AdenosineOnly
Nc1ncnc2c1nc(C(O)O)n2[C@]12OC[C@@H](O1)[C@H]2O,False,AdenosineOnly
Nc1nc(C(O)O)nc2c1ncn2[C@]12OC[C@@H](O1)[C@H]2O,False,AdenosineOnly
Nc1ncnc2c1ncn2[C@@]12OC[C@@H](O)[C@]1(C(O)O)O2,False,AdenosineOnly
Nc1ncnc2c1ncn2[C@@]12OC[C@@](O)(C(O)O)[C@H]1O2,False,AdenosineOnly
Nc1ncnc2c1nc(C(O)O)n2[C@@]12OC[C@@H](O)[C@H]1O2,False,AdenosineOnly
Nc1nc(C(O)O)nc2c1ncn2[C@@]12OC[C@@H](O)[C@H]1O2,False,AdenosineOnly
Nc1ncnc2c1ncn2[C@@]1(O)O[C@H](C(O)O)[C@@H](O)[C@H]1O,False,AdenosineOnly
COC1Oc2nc3c(N)ncnc3n2[C@@H]2O[C@H]1[C@@H](O)[C@H]2O,False,AdenosineOnly
CC(=O)OC1Oc2nc3c(N)ncnc3n2[C@@H]2O[C@H]1[C@@H](O)[C@H]2O,False,AdenosineOnly
Nc1ncnc2c1nc1n2[C@@H]2OC[C@@H](O1)[C@@]2(O)C(O)O,False,AdenosineOnly
Nc1ncnc2c1nc1n2[C@@H]2OC[C@](C(O)O)(O1)[C@H]2O,False,AdenosineOnly
Nc1nc(C(O)O)nc2c1nc1n2[C@@H]2OC[C@@H](O1)[C@H]2O,False,AdenosineOnly
Nc1ncnc2c1nc1n2[C@@H]2OC[C@@H](O)[C@]2(C(O)O)O1,False,AdenosineOnly
Nc1ncnc2c1nc1n2[C@@H]2OC[C@@](O)(C(O)O)[C@H]2O1,False,AdenosineOnly
Nc1nc(C(O)O)nc2c1nc1n2[C@@H]2OC[C@@H](O)[C@H]2O1,False,AdenosineOnly
COC1Oc2nc(N)c3ncn(c3n2)[C@@H]2O[C@H]1[C@@H](O)[C@H]2O,False,AdenosineOnly
CC(=O)OC1Oc2nc(N)c3ncn(c3n2)[C@@H]2O[C@H]1[C@@H](O)[C@H]2O,False,AdenosineOnly
Nc1nc2nc3c1nc(C(O)O)n3[C@@H]1OC[C@@H](O2)[C@H]1O,False,AdenosineOnly
Nc1nc2nc3c1ncn3[C@@H]1OC[C@@H](O2)[C@@]1(O)C(O)O,False,AdenosineOnly
Nc1nc2nc3c1ncn3[C@@H]1OC[C@](C(O)O)(O2)[C@H]1O,False,AdenosineOnly
Nc1nc2nc3c1nc(C(O)O)n3[C@@H]1OC[C@@H](O)[C@H]1O2,False,AdenosineOnly
Nc1nc2nc3c1ncn3[C@@H]1OC[C@@H](O)[C@]1(C(O)O)O2,False,AdenosineOnly
Nc1nc2nc3c1ncn3[C@@H]1OC[C@@](O)(C(O)O)[C@H]1O2,False,AdenosineOnly
N#C[C@@]1(C(O)O)O[C@@H](n2cnc3c(N)ncnc32)[C@H](O)[C@@H]1O,False,AdenosineOnly
N#C[C@]1(O)[C@@H](C(O)O)O[C@@H](n2cnc3c(N)ncnc32)[C@@H]1O,False,AdenosineOnly
N#C[C@]1(O)[C@H](O)[C@@H](C(O)O)O[C@H]1n1cnc2c(N)ncnc21,False,AdenosineOnly
N#C[C@]1(n2cnc3c(N)ncnc32)O[C@H](C(O)O)[C@@H](O)[C@H]1O,False,AdenosineOnly
N#Cc1nc2c(N)ncnc2n1[C@@H]1O[C@H](C(O)O)[C@@H](O)[C@H]1O,False,AdenosineOnly
N#Cc1nc(N)c2ncn([C@@H]3O[C@H](C(O)O)[C@@H](O)[C@H]3O)c2n1,False,AdenosineOnly
N#CC(=O)O,False,AdenosineOnly
N#CC(O)(Cl)[C@H]1O[C@@H](n2cnc3c(N)ncnc32)[C@H](O)[C@@H]1O,False,AdenosineOnly
NC(=O)C(O)(O)[C@H]1O[C@@H](n2cnc3c(N)ncnc32)[C@H](O)[C@@H]1O,False,AdenosineOnly
Nc1ncnc2c1ncn2[C@@H]1O[C@H](C(O)(O)C=NO)[C@@H](O)[C@H]1O,False,AdenosineOnly
N#CC(O)(O)[C@]1(C#N)O[C@@H](n2cnc3c(N)ncnc32)[C@H](O)[C@@H]1O,False,AdenosineOnly
N#CC(O)(O)[C@H]1O[C@@H](n2cnc3c(N)ncnc32)[C@H](O)[C@]1(O)C#N,False,AdenosineOnly
N#CC(O)(O)[C@H]1O[C@@H](n2cnc3c(N)ncnc32)[C@](O)(C#N)[C@@H]1O,False,AdenosineOnly
N#CC(O)(O)[C@H]1O[C@](C#N)(n2cnc3c(N)ncnc32)[C@H](O)[C@@H]1O,False,AdenosineOnly
N#Cc1nc2c(N)ncnc2n1[C@@H]1O[C@H](C(O)(O)C#N)[C@@H](O)[C@H]1O,False,AdenosineOnly
N#Cc1nc(N)c2ncn([C@@H]3O[C@H](C(O)(O)C#N)[C@@H](O)[C@H]3O)c2n1,False,AdenosineOnly
NC1=Nc2ncnc3c2ncn3[C@@H]2O[C@H]1[C@@H](O)[C@H]2O,False,AdenosineOnly
Nc1ncnc2c1ncn2[C@@H]1O[C@]2(C(N)O)O[C@H]2[C@H]1O,False,AdenosineOnly
Nc1ncnc2c1ncn2[C@@H]1O[C@]2(C(N)O)O[C@@H]1[C@@H]2O,False,AdenosineOnly
Nc1ncnc2c1ncn2[C@@H]1O[C@H](C(N)O)[C@@]2(O)O[C@@H]12,False,AdenosineOnly
Nc1ncnc2c1ncn2[C@@H]1O[C@H](C(N)O)[C@H]2O[C@]21O,False,AdenosineOnly
Nc1ncnc2c1ncn2[C@@]12O[C@H]([C@@H](C(N)O)O1)[C@H]2O,False,AdenosineOnly
Nc1ncnc2c1ncn2[C@@]12O[C@H](C(N)O)[C@@H](O)[C@H]1O2,False,AdenosineOnly
Nc1ncnc2c1nc1n2[C@@H]2O[C@H](C(N)O)[C@@H](O1)[C@H]2O,False,AdenosineOnly
Nc1ncnc2c1nc1n2[C@@H]2O[C@H](C(N)O)[C@@H](O)[C@H]2O1,False,AdenosineOnly
Nc1nc2nc3c1ncn3[C@@H]1O[C@H](C(N)O)[C@@H](O2)[C@H]1O,False,AdenosineOnly
Nc1nc2nc3c1ncn3[C@@H]1O[C@H](C(N)O)[C@@H](O)[C@H]1O2,False,AdenosineOnly
O=C1Nc2ncnc3c2ncn3[C@@H]2O[C@H]1[C@@H](O)[C@H]2O,False,AdenosineOnly
Nc1ncnc2c1ncn2[C@@H]1O[C@H](C(N)O)[C@@H](O)[C@H]1O,False,AdenosineOnly
CNC(=O)[C@H]1O[C@@H](n2cnc3c(N)ncnc32)[C@H](O)[C@@H]1O,False,AdenosineOnly
N#CC(N)(O)[C@H]1O[C@@H](n2cnc3c(N)ncnc32)[C@H](O)[C@@H]1O,False,AdenosineOnly
