SMILES,Is_Starter,SourceDirectories
C1=C(/C(=C\C=O)/OC1=O)N,True,BasidalinOnly_gen3
Nc1ncnc2c1ncn2[C@@H]1O[C@H](COP(=O)(O)OP(=O)(O)OP(=O)(O)O)[C@@H](O)[C@H]1O,False,BasidalinOnly_gen3
Nc1ncnc2c1ncn2[C@@H]1O[C@H](COP(=O)(O)O)[C@@H](O)[C@H]1O,False,BasidalinOnly_gen3
Cc1cc2nc3c(=O)[nH]c(=O)nc-3n(C[C@H](O)[C@H](O)[C@H](O)COP(=O)(O)OP(=O)(O)OC[C@H]3O[C@@H](n4cnc5c(N)ncnc54)[C@H](O)[C@@H]3O)c2cc1C,False,BasidalinOnly_gen3
Cc1cc2c(cc1C)N(C[C@H](O)[C@H](O)[C@H](O)COP(=O)(O)OP(=O)(O)OC[C@H]1O[C@@H](n3cnc4c(N)ncnc43)[C@H](O)[C@@H]1O)c1[nH]c(=O)[nH]c(=O)c1N2,False,BasidalinOnly_gen3
Nc1ncnc2c1ncn2[C@@H]1O[C@H](COP(=O)(O)OP(=O)(O)O)[C@@H](O)[C@H]1O,False,BasidalinOnly_gen3
NC(=O)c1ccc[n+]([C@@H]2O[C@H](COP(=O)(O)OP(=O)(O)OC[C@H]3O[C@@H](n4cnc5c(N)ncnc54)[C@H](OP(=O)(O)O)[C@@H]3O)[C@@H](O)[C@H]2O)c1,False,BasidalinOnly_gen3
NC(=O)C1=CN([C@@H]2O[C@H](COP(=O)(O)OP(=O)(O)OC[C@H]3O[C@@H](n4cnc5c(N)ncnc54)[C@H](OP(=O)(O)O)[C@@H]3O)[C@@H](O)[C@H]2O)C=CC1,False,BasidalinOnly_gen3
Nc1ncnc2c1ncn2[C@@H]1O[C@H](COP(=O)(O)OS(=O)(=O)O)[C@@H](OP(=O)(O)O)[C@H]1O,False,BasidalinOnly_gen3
Nc1ncnc2c1ncn2[C@@H]1O[C@H](COP(=O)(O)O)[C@@H](OP(=O)(O)O)[C@H]1O,False,BasidalinOnly_gen3
C[S+](CC[C@H](N)C(=O)O)C[C@H]1O[C@@H](n2cnc3c(N)ncnc32)[C@H](O)[C@@H]1O,False,BasidalinOnly_gen3
Nc1ncnc2c1ncn2[C@@H]1O[C@H](CSCC[C@H](N)C(=O)O)[C@@H](O)[C@H]1O,False,BasidalinOnly_gen3
O=c1ccn([C@@H]2O[C@H](COP(=O)(O)OP(=O)(O)O[C@H]3O[C@H](CO)[C@@H](O)[C@H](O)[C@H]3O)[C@@H](O)[C@H]2O)c(=O)[nH]1,False,BasidalinOnly_gen3
O=c1ccn([C@@H]2O[C@H](COP(=O)(O)OP(=O)(O)O)[C@@H](O)[C@H]2O)c(=O)[nH]1,False,BasidalinOnly_gen3
*c1c(*)c(O)c(*)c(*)c1O,False,BasidalinOnly_gen3
*C1=C(*)C(=O)C(*)=C(*)C1=O,False,BasidalinOnly_gen3
CC(C)=CCOP(=O)(O)OP(=O)(O)O,False,BasidalinOnly_gen3
*C(=O)CC[C@H](NC(=O)c1ccc(N(C=O)C[C@H]2CNc3nc(N)[nH]c(=O)c3N2)cc1)C(=O)O,False,BasidalinOnly_gen3
*C(=O)CC[C@H](NC(=O)c1ccc(NC[C@H]2CNc3nc(N)[nH]c(=O)c3N2)cc1)C(=O)O,False,BasidalinOnly_gen3
[O]C1=C(O)C(=O)O[C@@H]1[C@@H](O)CO,False,BasidalinOnly_gen3
O=C1O[C@H]([C@@H](O)CO)C(O)=C1O,False,BasidalinOnly_gen3
*C(=O)[C@H](C)OP(=O)(O)OC[C@@H](O)[C@@H](O)[C@@H](O)Cn1c2nc(=O)[nH]c(=O)c-2cc2ccc(O)cc21,False,BasidalinOnly_gen3
*C(=O)[C@H](C)OP(=O)(O)OC[C@@H](O)[C@@H](O)[C@@H](O)CN1c2cc(O)ccc2Cc2c1[nH]c(=O)[nH]c2=O,False,BasidalinOnly_gen3
CC(=O)SCCNC(=O)CCNC(=O)[C@H](O)C(C)(C)COP(=O)(O)OP(=O)(O)OC[C@H]1O[C@@H](n2cnc3c(N)ncnc32)[C@H](O)[C@@H]1OP(=O)(O)O,False,BasidalinOnly_gen3
C#[O+],False,BasidalinOnly_gen3
CC(C)(COP(=O)(O)OP(=O)(O)OC[C@H]1O[C@@H](n2cnc3c(N)ncnc32)[C@H](O)[C@@H]1OP(=O)(O)O)[C@@H](O)C(=O)NCCC(=O)NCCS,False,BasidalinOnly_gen3
F,False,BasidalinOnly_gen3
NC1=CC(=O)O/C1=C/C=O,False,BasidalinOnly_gen3
C=C1OC(=O)C(C=O)=C1N,False,BasidalinOnly_gen3
O=C1C=C2N=CC=C2O1,False,BasidalinOnly_gen3
O=C/C=c1/oc2cc1n2,False,BasidalinOnly_gen3
NC1=CC(=O)OC1=C=C=O,False,BasidalinOnly_gen3
NC1=CC(=O)O/C1=C/CO,False,BasidalinOnly_gen3
NC1=CC(=O)OC1CC=O,False,BasidalinOnly_gen3
C/C(C=O)=C1\OC(=O)C=C1N,False,BasidalinOnly_gen3
CC(=O)/C=C1/OC(=O)C=C1N,False,BasidalinOnly_gen3
CC(=O)NC1=CC(=O)O/C1=C/C=O,False,BasidalinOnly_gen3
N#CC(O)/C=C1/OC(=O)C=C1N,False,BasidalinOnly_gen3
NC1=CC(=O)OC1(N)CC=O,False,BasidalinOnly_gen3
NC/C=C1/OC(=O)C=C1N,False,BasidalinOnly_gen3
NC1=CC(=O)O/C1=C(\O)C=O,False,BasidalinOnly_gen3
NC1=CC(=O)O/C1=C/C(=O)O,False,BasidalinOnly_gen3
NC1=CC(=O)OC12OC2C=O,False,BasidalinOnly_gen3
NC1=CC(=O)OC1=COC=O,False,BasidalinOnly_gen3
NC1=CC(=O)OC1(O)CC=O,False,BasidalinOnly_gen3
NC1=CC(O)O/C1=C/C(=O)O,False,BasidalinOnly_gen3
NC1=CC(=O)O/C1=C(\O)CO,False,BasidalinOnly_gen3
NC1=CC(O)O/C1=C(\O)C=O,False,BasidalinOnly_gen3
NC(=CC(=O)O)C(=O)CC=O,False,BasidalinOnly_gen3
C=C1OC(=O)C=C1N,False,BasidalinOnly_gen3
NC1=C(C=O)C(=O)O/C1=C/C=O,False,BasidalinOnly_gen3
NC1=CC(=O)OC1=C(C=O)C=O,False,BasidalinOnly_gen3
NC1=CC(=O)O/C1=C/C(=O)C=O,False,BasidalinOnly_gen3
C=C1OC(=O)C2=C1N=C2,False,BasidalinOnly_gen3
C=c1oc2nc1c2C=O,False,BasidalinOnly_gen3
C=C1OC(=O)C(CO)=C1N,False,BasidalinOnly_gen3
C=C1OC(=O)C(C=O)=C1NC(C)=O,False,BasidalinOnly_gen3
C=C1OC(=O)C(C(O)C#N)=C1N,False,BasidalinOnly_gen3
C=C1OC(O)C(C(=O)O)=C1N,False,BasidalinOnly_gen3
CC(=O)C(N)=C(C=O)C(=O)O,False,BasidalinOnly_gen3
O=C(O)C=C1N=CCC1=O,False,BasidalinOnly_gen3
O=C=C=c1oc2cc1n2,False,BasidalinOnly_gen3
OC/C=c1/oc2cc1n2,False,BasidalinOnly_gen3
C/C(C=O)=c1\oc2cc1n2,False,BasidalinOnly_gen3
CC(=O)/C=c1/oc2cc1n2,False,BasidalinOnly_gen3
O=C(O)C(=O)/C=c1/oc2cc1n2,False,BasidalinOnly_gen3
O=C/C(C(=O)O)=c1/oc2cc1n2,False,BasidalinOnly_gen3
N#CC(O)/C=c1/oc2cc1n2,False,BasidalinOnly_gen3
NC1(CC=O)OC2=CC1=N2,False,BasidalinOnly_gen3
NC/C=c1/oc2cc1n2,False,BasidalinOnly_gen3
O=C/C(O)=c1/oc2cc1n2,False,BasidalinOnly_gen3
O=C(O)/C=c1/oc2cc1n2,False,BasidalinOnly_gen3
O=CC1OC12OC1=CC2=N1,False,BasidalinOnly_gen3
O=COC=c1oc2cc1n2,False,BasidalinOnly_gen3
O=CCC1(O)OC2=CC1=N2,False,BasidalinOnly_gen3
OC/C(O)=c1/oc2cc1n2,False,BasidalinOnly_gen3
C=c1oc2cc1n2,False,BasidalinOnly_gen3
O=C/C=c1/oc2nc1c2C=O,False,BasidalinOnly_gen3
O=CC(C=O)=c1oc2cc1n2,False,BasidalinOnly_gen3
O=CC(=O)/C=c1/oc2cc1n2,False,BasidalinOnly_gen3
O=C1C=C2N=C=C=C2O1,False,BasidalinOnly_gen3
CC(=O)NC1=CC(=O)OC1=C=C=O,False,BasidalinOnly_gen3
NC(=CC(=O)O)C(=O)C=C=O,False,BasidalinOnly_gen3
COC/C=C1/OC(=O)C=C1N,False,BasidalinOnly_gen3
CC(O)/C=C1/OC(=O)C=C1N,False,BasidalinOnly_gen3
C/C(CO)=C1\OC(=O)C=C1N,False,BasidalinOnly_gen3
CC(=O)NC1=CC(=O)O/C1=C/CO,False,BasidalinOnly_gen3
CC(=O)OC/C=C1/OC(=O)C=C1N,False,BasidalinOnly_gen3
NC1=CC(=O)O/C1=C/CCl,False,BasidalinOnly_gen3
NC1=CC(=O)O/C1=C/C(O)O,False,BasidalinOnly_gen3
NC1=CC(=O)OC12OC2CO,False,BasidalinOnly_gen3
NC1=CC(=O)OC1(O)CCO,False,BasidalinOnly_gen3
NC1=CC(O)O/C1=C/C(O)O,False,BasidalinOnly_gen3
NC1=CC(O)O/C1=C(\O)CO,False,BasidalinOnly_gen3
NC(=CC(=O)O)C(=O)CCO,False,BasidalinOnly_gen3
C/C=C1/OC(=O)C=C1N,False,BasidalinOnly_gen3
NC1=CC(=O)O/C1=C/C(O)CO,False,BasidalinOnly_gen3
NC1=CC(=O)OC1=C(CO)CO,False,BasidalinOnly_gen3
NC1=C(CO)C(=O)O/C1=C/CO,False,BasidalinOnly_gen3
CC1(C=O)OC(=O)C=C1N,False,BasidalinOnly_gen3
NC1=C(CC=O)C(=O)OC1,False,BasidalinOnly_gen3
CC1OC(=O)C(C=O)=C1N,False,BasidalinOnly_gen3
O=CCC1OC2=NC1=C2,False,BasidalinOnly_gen3
O=C1C=C2N=CCC2O1,False,BasidalinOnly_gen3
NC1=CC(=O)OC1=CC=O,False,BasidalinOnly_gen3
NC1=CC(=O)OC1C=C=O,False,BasidalinOnly_gen3
NC1=CC(=O)OC1CCO,False,BasidalinOnly_gen3
CC(C=O)C1OC(=O)C=C1N,False,BasidalinOnly_gen3
CC(=O)CC1OC(=O)C=C1N,False,BasidalinOnly_gen3
CC(=O)NC1=CC(=O)OC1CC=O,False,BasidalinOnly_gen3
N#CC(O)CC1OC(=O)C=C1N,False,BasidalinOnly_gen3
NCCC1OC(=O)C=C1N,False,BasidalinOnly_gen3
NC1=CC(=O)OC1C(O)C=O,False,BasidalinOnly_gen3
NC1=CC(=O)OC1CC(=O)O,False,BasidalinOnly_gen3
NC1=CC(=O)OC1COC=O,False,BasidalinOnly_gen3
NC1=CC(O)OC1CC(=O)O,False,BasidalinOnly_gen3
NC1=CC(O)OC1C(O)C=O,False,BasidalinOnly_gen3
NC1=CC(=O)OC1C(O)CO,False,BasidalinOnly_gen3
CC1OC(=O)C=C1N,False,BasidalinOnly_gen3
NC1=CC(=O)OC1(C=O)CC=O,False,BasidalinOnly_gen3
NC1=CC(=O)OC1C(C=O)C=O,False,BasidalinOnly_gen3
NC1=C(C=O)C(=O)OC1CC=O,False,BasidalinOnly_gen3
NC1=CC(=O)OC1CC(=O)C=O,False,BasidalinOnly_gen3
NC1=CC(=O)OC1=CCC=O,False,BasidalinOnly_gen3
CC1=C(N)/C(=C\C=O)OC1=O,False,BasidalinOnly_gen3
CC=C1OC(=O)C(C=O)=C1N,False,BasidalinOnly_gen3
CC1=C2OC(=O)C=C2N=C1,False,BasidalinOnly_gen3
CC/C(C=O)=C1\OC(=O)C=C1N,False,BasidalinOnly_gen3
CC(=O)/C(C)=C1/OC(=O)C=C1N,False,BasidalinOnly_gen3
CC(=O)NC1=CC(=O)O/C1=C(\C)C=O,False,BasidalinOnly_gen3
C/C(=C1\OC(=O)C=C1N)C(O)C#N,False,BasidalinOnly_gen3
CC(C=O)C1(N)OC(=O)C=C1N,False,BasidalinOnly_gen3
C/C(CN)=C1\OC(=O)C=C1N,False,BasidalinOnly_gen3
NC1=CC(=O)O/C1=C(/C=O)CO,False,BasidalinOnly_gen3
C/C(C(=O)O)=C1\OC(=O)C=C1N,False,BasidalinOnly_gen3
CC1(C=O)OC12OC(=O)C=C2N,False,BasidalinOnly_gen3
CC(OC=O)=C1OC(=O)C=C1N,False,BasidalinOnly_gen3
CC(C=O)C1(O)OC(=O)C=C1N,False,BasidalinOnly_gen3
C/C(C(=O)O)=C1\OC(O)C=C1N,False,BasidalinOnly_gen3
NC1=CC(O)O/C1=C(/C=O)CO,False,BasidalinOnly_gen3
C/C=C1\OC(=O)C=C1N,False,BasidalinOnly_gen3
O=CO,False,BasidalinOnly_gen3
CC(C=O)C(=O)C(N)=CC(=O)O,False,BasidalinOnly_gen3
NC1=CC(=O)O/C1=C(/C=O)CC=O,False,BasidalinOnly_gen3
C/C(C(=O)C=O)=C1\OC(=O)C=C1N,False,BasidalinOnly_gen3
CC1=C(N)/C(=C(/C)C=O)OC1=O,False,BasidalinOnly_gen3
C/C(C=O)=C1\OC(=O)C(C=O)=C1N,False,BasidalinOnly_gen3
C=C1OC(=O)C(C(C)=O)=C1N,False,BasidalinOnly_gen3
CC1=NC2=CC(=O)OC2=C1,False,BasidalinOnly_gen3
CCC(=O)/C=C1/OC(=O)C=C1N,False,BasidalinOnly_gen3
CC(=O)/C=C1/OC(=O)C=C1NC(C)=O,False,BasidalinOnly_gen3
CC(O)(C#N)/C=C1/OC(=O)C=C1N,False,BasidalinOnly_gen3
CC(=O)CC1(N)OC(=O)C=C1N,False,BasidalinOnly_gen3
CC(N)/C=C1/OC(=O)C=C1N,False,BasidalinOnly_gen3
NC1=CC(=O)O/C1=C/C(=O)CO,False,BasidalinOnly_gen3
CC(=O)/C(O)=C1/OC(=O)C=C1N,False,BasidalinOnly_gen3
CC(=O)C1OC12OC(=O)C=C2N,False,BasidalinOnly_gen3
COC(=O)/C=C1/OC(=O)C=C1N,False,BasidalinOnly_gen3
CC(=O)OC=C1OC(=O)C=C1N,False,BasidalinOnly_gen3
CC(=O)CC1(O)OC(=O)C=C1N,False,BasidalinOnly_gen3
NC1=CC(O)O/C1=C/C(=O)CO,False,BasidalinOnly_gen3
CC(O)/C(O)=C1/OC(=O)C=C1N,False,BasidalinOnly_gen3
CC(=O)/C(O)=C1/OC(O)C=C1N,False,BasidalinOnly_gen3
CC(=O)CC(=O)C(N)=CC(=O)O,False,BasidalinOnly_gen3
CC(=O)CC(=O)/C=C1/OC(=O)C=C1N,False,BasidalinOnly_gen3
CC(=O)C(C(C)=O)=C1OC(=O)C=C1N,False,BasidalinOnly_gen3
CC(=O)/C=C1/OC(=O)C(C)=C1N,False,BasidalinOnly_gen3
CC(=O)/C=C1/OC(=O)C(C(C)=O)=C1N,False,BasidalinOnly_gen3
C=C1OC(=O)C=C1NC(=O)CC=O,False,BasidalinOnly_gen3
CC1=C(NC=O)/C(=C\C=O)OC1=O,False,BasidalinOnly_gen3
C/C(C=O)=C1\OC(=O)C=C1NC=O,False,BasidalinOnly_gen3
CC(=O)/C=C1/OC(=O)C=C1NC=O,False,BasidalinOnly_gen3
CC(O)NC1=CC(=O)O/C1=C/C=O,False,BasidalinOnly_gen3
CC(=O)N(C)C1=CC(=O)O/C1=C/C=O,False,BasidalinOnly_gen3
CCC(=O)NC1=CC(=O)O/C1=C/C=O,False,BasidalinOnly_gen3
CC(O)(C#N)NC1=CC(=O)O/C1=C/C=O,False,BasidalinOnly_gen3
CC(=O)NC1=CC(=O)O/C1=C/C(O)C#N,False,BasidalinOnly_gen3
CC(=O)NC1=CC(=O)OC1(N)CC=O,False,BasidalinOnly_gen3
CC(N)NC1=CC(=O)O/C1=C/C=O,False,BasidalinOnly_gen3
CC(=O)NC1=CC(=O)O/C1=C/CN,False,BasidalinOnly_gen3
O=C/C=C1/OC(=O)C=C1NC=O,False,BasidalinOnly_gen3
CC(=O)NC1=C(C)C(=O)O/C1=C/C=O,False,BasidalinOnly_gen3
N#C/C(CO)=C1\OC(=O)C=C1N,False,BasidalinOnly_gen3
N#CC1=C(N)/C(=C\CO)OC1=O,False,BasidalinOnly_gen3
N#CC=O,False,BasidalinOnly_gen3
N#CC(=O)/C=C1/OC(=O)C=C1N,False,BasidalinOnly_gen3
COC(C#N)/C=C1/OC(=O)C=C1N,False,BasidalinOnly_gen3
CC(=O)OC(C#N)/C=C1/OC(=O)C=C1N,False,BasidalinOnly_gen3
N#CC(Cl)/C=C1/OC(=O)C=C1N,False,BasidalinOnly_gen3
N#CC(O)(O)/C=C1/OC(=O)C=C1N,False,BasidalinOnly_gen3
N#CC(O)/C(O)=C1/OC(=O)C=C1N,False,BasidalinOnly_gen3
N#CC(O)C1OC12OC(=O)C=C2N,False,BasidalinOnly_gen3
N#CC(O)CC1(O)OC(=O)C=C1N,False,BasidalinOnly_gen3
N#CC(O)(O)/C=C1/OC(O)C=C1N,False,BasidalinOnly_gen3
N#CC(O)/C(O)=C1/OC(O)C=C1N,False,BasidalinOnly_gen3
N#CC(O)CC(=O)C(N)=CC(=O)O,False,BasidalinOnly_gen3
NC(=O)C(O)/C=C1/OC(=O)C=C1N,False,BasidalinOnly_gen3
NC1=CC(=O)O/C1=C/C(O)C=NO,False,BasidalinOnly_gen3
N#CC/C=C1/OC(=O)C=C1N,False,BasidalinOnly_gen3
CC1(N)OC(=O)C(C=O)=C1N,False,BasidalinOnly_gen3
NC1=C(CC=O)C(=O)OC1N,False,BasidalinOnly_gen3
NC1=CC(=O)OC12CC=N2,False,BasidalinOnly_gen3
NC1=CC2=NC1(CC=O)O2,False,BasidalinOnly_gen3
NC12CC=NC1=CC(=O)O2,False,BasidalinOnly_gen3
NC1(CC=O)OC2=NC1=C2,False,BasidalinOnly_gen3
NC1=CC(=O)OC1(N)C=C=O,False,BasidalinOnly_gen3
NC1=CC(=O)OC1(N)CCO,False,BasidalinOnly_gen3
CC(=O)NC1(CC=O)OC(=O)C=C1N,False,BasidalinOnly_gen3
NC1=CC(=O)OC1(N)C(O)C=O,False,BasidalinOnly_gen3
NC1=CC(=O)OC1(N)CC(=O)O,False,BasidalinOnly_gen3
NC1=CC(=O)OC1(N)COC=O,False,BasidalinOnly_gen3
NC1=CC(O)OC1(N)CC(=O)O,False,BasidalinOnly_gen3
NC1=CC(=O)OC1(N)C(O)CO,False,BasidalinOnly_gen3
NC1=CC(O)OC1(N)C(O)C=O,False,BasidalinOnly_gen3
CC1(N)OC(=O)C=C1N,False,BasidalinOnly_gen3
NC1=CC(=O)OC1(N)C(C=O)C=O,False,BasidalinOnly_gen3
NC1=CC(=O)OC1(N)CC(=O)C=O,False,BasidalinOnly_gen3
NC1=C(C=O)C(=O)OC1(N)CC=O,False,BasidalinOnly_gen3
C=C1OC(=O)C(CN)=C1N,False,BasidalinOnly_gen3
Nc1cc2oc1=CCN=2,False,BasidalinOnly_gen3
O=C1C=C2NCC=C2O1,False,BasidalinOnly_gen3
CNC/C=C1/OC(=O)C=C1N,False,BasidalinOnly_gen3
CC(=O)NC/C=C1/OC(=O)C=C1N,False,BasidalinOnly_gen3
NC1=CC(=O)O/C1=C/C(N)C(=O)O,False,BasidalinOnly_gen3
NC/C(C(=O)O)=C1/OC(=O)C=C1N,False,BasidalinOnly_gen3
NC1=CC(=O)O/C1=C/C(N)O,False,BasidalinOnly_gen3
NC/C(O)=C1/OC(=O)C=C1N,False,BasidalinOnly_gen3
NCC1OC12OC(=O)C=C2N,False,BasidalinOnly_gen3
NCCC1(O)OC(=O)C=C1N,False,BasidalinOnly_gen3
NC1=CC(O)O/C1=C/C(N)O,False,BasidalinOnly_gen3
NC/C(O)=C1/OC(O)C=C1N,False,BasidalinOnly_gen3
NCCC(=O)C(N)=CC(=O)O,False,BasidalinOnly_gen3
NC1=C(C=O)C(=O)O/C1=C\O,False,BasidalinOnly_gen3
NC1=CC(=O)OC1=C=O,False,BasidalinOnly_gen3
O=C1C=C2N=CC(O)=C2O1,False,BasidalinOnly_gen3
Nc1c2oc(CO)c1OC2=O,False,BasidalinOnly_gen3
CO/C(C=O)=C1\OC(=O)C=C1N,False,BasidalinOnly_gen3
NC1=CC(=O)O/C1=C(\Cl)C=O,False,BasidalinOnly_gen3
C=C1OC(=O)C(C(=O)O)=C1N,False,BasidalinOnly_gen3
Nc1cc2oc1cc2O,False,BasidalinOnly_gen3
O=C1C=C2N=C(O)C=C2O1,False,BasidalinOnly_gen3
NC1=CC(=O)O/C1=C1\OC1O,False,BasidalinOnly_gen3
NC1=C2OC(O)C=C1OC2=O,False,BasidalinOnly_gen3
NC1=CC(=O)O/C1=C/C(=O)Cl,False,BasidalinOnly_gen3
NC(=O)/C=C1/OC(=O)C=C1N,False,BasidalinOnly_gen3
N#C/C=C1/OC(=O)C=C1N,False,BasidalinOnly_gen3
O=C1C=C2N=CC3OC23O1,False,BasidalinOnly_gen3
O=CC1OC12OC1=NC2=C1,False,BasidalinOnly_gen3
O=c1cc2ncocc-2o1,False,BasidalinOnly_gen3
COC=C1OC(=O)C=C1N,False,BasidalinOnly_gen3
NC1=CC(=O)OC1=CO,False,BasidalinOnly_gen3
CC1(O)OC(=O)C(C=O)=C1N,False,BasidalinOnly_gen3
NC1=C(CC=O)C(=O)OC1O,False,BasidalinOnly_gen3
NC1=CC(=O)OC1=O,False,BasidalinOnly_gen3
O=C1C=C2N=CCC2(O)O1,False,BasidalinOnly_gen3
O=CCC1(O)OC2=NC1=C2,False,BasidalinOnly_gen3
NC1=C2OC1(CCO)OC2=O,False,BasidalinOnly_gen3
NC1=CC(=O)OC1(O)C=C=O,False,BasidalinOnly_gen3
COC1(CC=O)OC(=O)C=C1N,False,BasidalinOnly_gen3
C=C1OC(O)C=C1N,False,BasidalinOnly_gen3
C=C1OC(O)(C(=O)O)C=C1N,False,BasidalinOnly_gen3
OC1=NC2=CC(O)OC2=C1,False,BasidalinOnly_gen3
NC1=CC2(O)OC1=CC(O)O2,False,BasidalinOnly_gen3
NC1=CC(O)O/C1=C1\OC1O,False,BasidalinOnly_gen3
NC1=CC2OC1=C(C(O)O)O2,False,BasidalinOnly_gen3
NC1=C2OC(O)C=C1OC2O,False,BasidalinOnly_gen3
NC1=C2OC2O/C1=C/C(O)O,False,BasidalinOnly_gen3
NC1=CC(O)O/C1=C/C=O,False,BasidalinOnly_gen3
NC1=CC(O)O/C1=C/CO,False,BasidalinOnly_gen3
COC(=O)/C=C1/OC(O)C=C1N,False,BasidalinOnly_gen3
COC1C=C(N)/C(=C\C(=O)O)O1,False,BasidalinOnly_gen3
NC1=CC(O)O/C1=C/C(=O)Cl,False,BasidalinOnly_gen3
NC(=O)/C=C1/OC(O)C=C1N,False,BasidalinOnly_gen3
N#C/C=C1/OC(O)C=C1N,False,BasidalinOnly_gen3
NC1=CC(O)OC1=C=O,False,BasidalinOnly_gen3
NC1=C(CO)C(=O)O/C1=C\O,False,BasidalinOnly_gen3
NC1=CC(=O)O/C1=C\O,False,BasidalinOnly_gen3
CO/C(CO)=C1\OC(=O)C=C1N,False,BasidalinOnly_gen3
COC/C(O)=C1/OC(=O)C=C1N,False,BasidalinOnly_gen3
NC1=CC(=O)O/C1=C(\Cl)CO,False,BasidalinOnly_gen3
NC1=CC(=O)O/C1=C(\O)CCl,False,BasidalinOnly_gen3
C/C(O)=C1/OC(=O)C=C1N,False,BasidalinOnly_gen3
NC1=CC(O)(C=O)O/C1=C\O,False,BasidalinOnly_gen3
NC1=C(C=O)C(O)O/C1=C\O,False,BasidalinOnly_gen3
OC1=C2OC(O)C=C2N=C1,False,BasidalinOnly_gen3
NC1=CC2(O)OC(CO)=C1O2,False,BasidalinOnly_gen3
Nc1c2oc(CO)c1OC2O,False,BasidalinOnly_gen3
NC1=C2OC2O/C1=C(\O)CO,False,BasidalinOnly_gen3
CO/C(C=O)=C1\OC(O)C=C1N,False,BasidalinOnly_gen3
COC1C=C(N)/C(=C(/O)C=O)O1,False,BasidalinOnly_gen3
NC1=CC(O)O/C1=C(\Cl)C=O,False,BasidalinOnly_gen3
C=C(N)C(=O)CC=O,False,BasidalinOnly_gen3
C=C(N)C(=O)C(C=O)C(=O)O,False,BasidalinOnly_gen3
C=C(N)C(=O)CC(=O)C(=O)O,False,BasidalinOnly_gen3
NC(=CC(=O)O)C(C=O)C=O,False,BasidalinOnly_gen3
NC(C=O)=C(CC=O)C(=O)O,False,BasidalinOnly_gen3
NC=C(C(=O)O)C(=O)CC=O,False,BasidalinOnly_gen3
CC(=O)C(=O)C(N)=CC(=O)O,False,BasidalinOnly_gen3
NC1=CC(=O)OC(O)CC1=O,False,BasidalinOnly_gen3
Nc1cc(=O)occc1=O,False,BasidalinOnly_gen3
O=CCC(=O)C1=CC(O)=N1,False,BasidalinOnly_gen3
O=CCC1=NC1=CC(=O)O,False,BasidalinOnly_gen3
NC1=CC(O)OC(C=O)C1=O,False,BasidalinOnly_gen3
NC1=CC(=O)OC(C=O)C1O,False,BasidalinOnly_gen3
NC1=CC(=O)OC(CO)C1=O,False,BasidalinOnly_gen3
NC(C(=O)CC=O)=C1OC1O,False,BasidalinOnly_gen3
NC(=C1OC1=O)C(O)CC=O,False,BasidalinOnly_gen3
NC(C(=O)CCO)=C1OC1=O,False,BasidalinOnly_gen3
NC1=CC(O)OC(=O)CC1=O,False,BasidalinOnly_gen3
NC1=CC(=O)OC(=O)CC1O,False,BasidalinOnly_gen3
Nc1cc(O)ccc1O,False,BasidalinOnly_gen3
O=CCC1=[NH+]C1=CC(=O)O,False,BasidalinOnly_gen3
O=C(O)C=C1[NH+]=CCC1=O,False,BasidalinOnly_gen3
NC(=CC(O)O)C(=O)CC=O,False,BasidalinOnly_gen3
NC(=CC(=O)O)C(O)CC=O,False,BasidalinOnly_gen3
NC(=CC=O)C(=O)CC=O,False,BasidalinOnly_gen3
NC(CC(=O)O)C(=O)CC=O,False,BasidalinOnly_gen3
NC(=CCO)C(=O)CC=O,False,BasidalinOnly_gen3
COC(=O)C=C(N)C(=O)CC=O,False,BasidalinOnly_gen3
CNC(=CC(=O)O)C(=O)CC=O,False,BasidalinOnly_gen3
CC(C(=O)O)=C(N)C(=O)CC=O,False,BasidalinOnly_gen3
N#CC(O)(O)C=C(N)C(=O)CC=O,False,BasidalinOnly_gen3
N#CC(O)(CC=O)C(N)=CC(=O)O,False,BasidalinOnly_gen3
NC(=CC(=O)Cl)C(=O)CC=O,False,BasidalinOnly_gen3
NC(=O)C=C(N)C(=O)CC=O,False,BasidalinOnly_gen3
N#CC=C(N)C(=O)CC=O,False,BasidalinOnly_gen3
NC(N)(CC(=O)O)C(=O)CC=O,False,BasidalinOnly_gen3
NC(C(=O)O)C(N)C(=O)CC=O,False,BasidalinOnly_gen3
NC(=CC(N)O)C(=O)CC=O,False,BasidalinOnly_gen3
NC(=CC(=O)O)C(N)CC=O,False,BasidalinOnly_gen3
NC(=C=O)C(=O)CC=O,False,BasidalinOnly_gen3
NC(=CC(=O)O)C(=O)O,False,BasidalinOnly_gen3
CC(=O)C(N)=CC(=O)O,False,BasidalinOnly_gen3
C=C1OC(=O)C=C1NC(C)=O,False,BasidalinOnly_gen3
C=C1OC(=O)C(C(=O)C=O)=C1N,False,BasidalinOnly_gen3
O=C/C=C1/OC(=O)C2=C1N=C2,False,BasidalinOnly_gen3
O=CC1=C2N=CC=C2OC1=O,False,BasidalinOnly_gen3
NC1=C(C=O)C(=O)OC1=C=C=O,False,BasidalinOnly_gen3
NC1=C(C=O)C(=O)O/C1=C/CO,False,BasidalinOnly_gen3
NC1=C(CO)C(=O)O/C1=C/C=O,False,BasidalinOnly_gen3
CC(=O)/C=C1/OC(=O)C(C=O)=C1N,False,BasidalinOnly_gen3
N#CC(O)C1=C(N)/C(=C\C=O)OC1=O,False,BasidalinOnly_gen3
N#CC(O)/C=C1/OC(=O)C(C=O)=C1N,False,BasidalinOnly_gen3
NC/C=C1/OC(=O)C(C=O)=C1N,False,BasidalinOnly_gen3
NC1=CC(=O)OC1=CC(=O)C=O,False,BasidalinOnly_gen3
NC1=C(C=O)C(=O)OC1=CC=O,False,BasidalinOnly_gen3
O=CC1=C2OC(=O)C=C2N=C1,False,BasidalinOnly_gen3
NC1=CC(=O)OC1=C(C=O)CO,False,BasidalinOnly_gen3
CC(=O)C(C=O)=C1OC(=O)C=C1N,False,BasidalinOnly_gen3
N#CC(O)C(C=O)=C1OC(=O)C=C1N,False,BasidalinOnly_gen3
NCC(C=O)=C1OC(=O)C=C1N,False,BasidalinOnly_gen3
O=CC1=NC2=CC(=O)OC2=C1,False,BasidalinOnly_gen3
O=C1C=NC2=CC(=O)OC2=C1,False,BasidalinOnly_gen3
NC1=CC(=O)O/C1=C/C(O)C=O,False,BasidalinOnly_gen3
CC(=O)C(=O)/C=C1/OC(=O)C=C1N,False,BasidalinOnly_gen3
N#CC(O)(C=O)/C=C1/OC(=O)C=C1N,False,BasidalinOnly_gen3
N#CC(O)C(=O)/C=C1/OC(=O)C=C1N,False,BasidalinOnly_gen3
NC1=CC(=O)O/C1=C/C(N)C=O,False,BasidalinOnly_gen3
NCC(=O)/C=C1/OC(=O)C=C1N,False,BasidalinOnly_gen3
CC(=O)C1=C(C(=O)O)C=N1,False,BasidalinOnly_gen3
C=c1oc2nc1c2CO,False,BasidalinOnly_gen3
C=c1oc2nc1c2C(O)C#N,False,BasidalinOnly_gen3
NC1=CC(=O)OC1=CCO,False,BasidalinOnly_gen3
C=C1OC(=O)C(COC)=C1N,False,BasidalinOnly_gen3
C=C1OC(=O)C(CO)=C1NC(C)=O,False,BasidalinOnly_gen3
C=C1OC(=O)C(COC(C)=O)=C1N,False,BasidalinOnly_gen3
CC(=O)C(N)=C(CO)C(=O)O,False,BasidalinOnly_gen3
C=C1OC(=O)C(C)=C1N,False,BasidalinOnly_gen3
C=C1OC(=O)C(C(C)=O)=C1NC=O,False,BasidalinOnly_gen3
CC=C1OC(=O)C(C=O)=C1NC=O,False,BasidalinOnly_gen3
C=C1OC(=O)C(C=O)=C1NC(C)O,False,BasidalinOnly_gen3
C=C1OC(=O)C(C=O)=C1N(C)C(C)=O,False,BasidalinOnly_gen3
C=C1OC(=O)C(C=O)=C1NC(=O)CC,False,BasidalinOnly_gen3
C=C1OC(=O)C(C(O)C#N)=C1NC(C)=O,False,BasidalinOnly_gen3
C=C1OC(=O)C(C=O)=C1NC(C)(O)C#N,False,BasidalinOnly_gen3
C=C1OC(=O)C(C=O)=C1NC(C)N,False,BasidalinOnly_gen3
C=C1OC(=O)C(C=O)=C1NC=O,False,BasidalinOnly_gen3
C=C1OC(=O)C(C(C)=O)=C1NC(C)=O,False,BasidalinOnly_gen3
CC=C1OC(=O)C(C=O)=C1NC(C)=O,False,BasidalinOnly_gen3
N#CC(O)C=C1OC(=O)C=C1N,False,BasidalinOnly_gen3
N#CC=C1OC(=O)C(CO)=C1N,False,BasidalinOnly_gen3
C=C1OC(=O)C(C(=O)C#N)=C1N,False,BasidalinOnly_gen3
C=C1OC(=O)C(C(C#N)OC)=C1N,False,BasidalinOnly_gen3
C=C1OC(=O)C(C(C)(O)C#N)=C1N,False,BasidalinOnly_gen3
C=C1OC(=O)C(C(C#N)OC(C)=O)=C1N,False,BasidalinOnly_gen3
C=C1OC(=O)C(C(Cl)C#N)=C1N,False,BasidalinOnly_gen3
C=C1OC(=O)C(C(O)(O)C#N)=C1N,False,BasidalinOnly_gen3
C=C1OC(O)C(C(O)(O)C#N)=C1N,False,BasidalinOnly_gen3
CC(=O)C(N)=C(C(=O)O)C(O)C#N,False,BasidalinOnly_gen3
C=C1OC(=O)C(C(O)C(N)=O)=C1N,False,BasidalinOnly_gen3
C=C1OC(=O)C(C(O)C=NO)=C1N,False,BasidalinOnly_gen3
C=C1OC(=O)C(CC#N)=C1N,False,BasidalinOnly_gen3
NC1=CC(O)OC1=CC(=O)O,False,BasidalinOnly_gen3
C=C1OC(O)C2=C1N=C2O,False,BasidalinOnly_gen3
C=C1OC2(O)OC(O)C2=C1N,False,BasidalinOnly_gen3
NC1=C2C(O)OC=C1OC2O,False,BasidalinOnly_gen3
NC1=C(C(O)O)C2OC=C1O2,False,BasidalinOnly_gen3
C=C1OC(O)C(C(O)O)=C1N,False,BasidalinOnly_gen3
C=C1OC(O)C(C=O)=C1N,False,BasidalinOnly_gen3
C=C1OC(O)C(CO)=C1N,False,BasidalinOnly_gen3
C=C1OC(O)C(C(=O)OC)=C1N,False,BasidalinOnly_gen3
C=C1OC(OC)C(C(=O)O)=C1N,False,BasidalinOnly_gen3
C=C1OC(O)C(C(N)=O)=C1N,False,BasidalinOnly_gen3
CC(=O)C(N)=CC=O,False,BasidalinOnly_gen3
NC(=CC=O)C(=O)CC(=O)O,False,BasidalinOnly_gen3
CC(=O)C(N)=CC(=O)C(=O)O,False,BasidalinOnly_gen3
NC(CC=O)=C(C=O)C(=O)O,False,BasidalinOnly_gen3
CC(=O)C(C(=O)O)=C(N)C=O,False,BasidalinOnly_gen3
CC(=O)C(=O)C(=CN)C(=O)O,False,BasidalinOnly_gen3
CC(=O)C(N)C(=C=O)C(=O)O,False,BasidalinOnly_gen3
CC(=O)C(N)=C1C(=O)OC1O,False,BasidalinOnly_gen3
CC(=O)C1=C(C=O)C(O)=N1,False,BasidalinOnly_gen3
CC1=NC1=C(C=O)C(=O)O,False,BasidalinOnly_gen3
NC1=C(C=O)C(O)OCC1=O,False,BasidalinOnly_gen3
NC1=C(C=O)C(=O)OCC1O,False,BasidalinOnly_gen3
NC1=C(CO)C(=O)OCC1=O,False,BasidalinOnly_gen3
CC(O)C(N)=C1C(=O)OC1=O,False,BasidalinOnly_gen3
NC1=C(C=O)C(=O)CC1=O,False,BasidalinOnly_gen3
CC(=O)C(N)=C1C(=O)C1=O,False,BasidalinOnly_gen3
CC(=O)C1=C(C=O)C(O)=[NH+]1,False,BasidalinOnly_gen3
CC(=O)C1=C(C(=O)O)C=[NH+]1,False,BasidalinOnly_gen3
CC(C=O)=C(N)C(=O)C(=O)O,False,BasidalinOnly_gen3
CC(=O)C(N)=C(C=O)C(O)O,False,BasidalinOnly_gen3
CC(O)C(N)=C(C=O)C(=O)O,False,BasidalinOnly_gen3
CC(=O)C(N)=C(C=O)C=O,False,BasidalinOnly_gen3
CC(=O)C(N)C(C=O)C(=O)O,False,BasidalinOnly_gen3
CC(=O)C(N)=C(C=O)CO,False,BasidalinOnly_gen3
COC(=O)C(C=O)=C(N)C(C)=O,False,BasidalinOnly_gen3
CNC(C(C)=O)=C(C=O)C(=O)O,False,BasidalinOnly_gen3
CCC(=O)C(N)=C(C=O)C(=O)O,False,BasidalinOnly_gen3
CC(=O)C(N)=C(C(C)=O)C(=O)O,False,BasidalinOnly_gen3
CC(=O)C(N)=C(C=O)C(O)(O)C#N,False,BasidalinOnly_gen3
CC(O)(C#N)C(N)=C(C=O)C(=O)O,False,BasidalinOnly_gen3
CC(=O)C(N)=C(C=O)C(=O)Cl,False,BasidalinOnly_gen3
CC(=O)C(N)=C(C=O)C(N)=O,False,BasidalinOnly_gen3
CC(=O)C(N)=C(C#N)C=O,False,BasidalinOnly_gen3
CC(=O)C(N)(N)C(C=O)C(=O)O,False,BasidalinOnly_gen3
CC(=O)C(N)C(N)(C=O)C(=O)O,False,BasidalinOnly_gen3
CC(=O)C(N)=C(C=O)C(N)O,False,BasidalinOnly_gen3
CC(N)C(N)=C(C=O)C(=O)O,False,BasidalinOnly_gen3
CC(=O)C(N)=C(CN)C(=O)O,False,BasidalinOnly_gen3
NC(C=O)=C(C=O)C(=O)O,False,BasidalinOnly_gen3
C=C1N=CCC1=O,False,BasidalinOnly_gen3
C=C1N=CC(C(=O)O)C1=O,False,BasidalinOnly_gen3
C=C1N=C(C(=O)O)CC1=O,False,BasidalinOnly_gen3
O=C1C2=CC(O)OC1C=N2,False,BasidalinOnly_gen3
O=C1CC=NC1=C1OC1O,False,BasidalinOnly_gen3
O=C1CC2=NC1=CC(O)O2,False,BasidalinOnly_gen3
O=C1CC=NC1=CC(O)O,False,BasidalinOnly_gen3
O=CC=C1N=CCC1=O,False,BasidalinOnly_gen3
O=C(O)CC1N=CCC1=O,False,BasidalinOnly_gen3
O=C1CC=NC1=CCO,False,BasidalinOnly_gen3
COC(=O)C=C1N=CCC1=O,False,BasidalinOnly_gen3
CC(C(=O)O)=C1N=CCC1=O,False,BasidalinOnly_gen3
CC(=O)OC(=O)C=C1N=CCC1=O,False,BasidalinOnly_gen3
N#CC(O)(O)C=C1N=CCC1=O,False,BasidalinOnly_gen3
O=C(Cl)C=C1N=CCC1=O,False,BasidalinOnly_gen3
NC(=O)C=C1N=CCC1=O,False,BasidalinOnly_gen3
N#CC=C1N=CCC1=O,False,BasidalinOnly_gen3
NC1(CC(=O)O)N=CCC1=O,False,BasidalinOnly_gen3
NC(O)C=C1N=CCC1=O,False,BasidalinOnly_gen3
O=C=C1N=CCC1=O,False,BasidalinOnly_gen3
O=C(O)C(O)=C1N=CCC1=O,False,BasidalinOnly_gen3
O=C(O)C1OC12N=CCC2=O,False,BasidalinOnly_gen3
O=C(O)OC=C1N=CCC1=O,False,BasidalinOnly_gen3
O=C(O)C(O)C1N=CCC1=O,False,BasidalinOnly_gen3
O=C(O)CC1(O)N=CCC1=O,False,BasidalinOnly_gen3
O=C1CC=NC1=C(O)C(O)O,False,BasidalinOnly_gen3
O=C(O)C(O)=C1N=CCC1O,False,BasidalinOnly_gen3
COC/C=c1/oc2cc1n2,False,BasidalinOnly_gen3
CC(O)/C=c1/oc2cc1n2,False,BasidalinOnly_gen3
C/C(CO)=c1\oc2cc1n2,False,BasidalinOnly_gen3
CC(=O)OC/C=c1/oc2cc1n2,False,BasidalinOnly_gen3
O=C(O)C(O)/C=c1/oc2cc1n2,False,BasidalinOnly_gen3
O=C(O)/C(CO)=c1\oc2cc1n2,False,BasidalinOnly_gen3
ClC/C=c1/oc2cc1n2,False,BasidalinOnly_gen3
OC(O)/C=c1/oc2cc1n2,False,BasidalinOnly_gen3
OCC1OC12OC1=CC2=N1,False,BasidalinOnly_gen3
OCCC1(O)OC2=CC1=N2,False,BasidalinOnly_gen3
C/C=c1/oc2cc1n2,False,BasidalinOnly_gen3
OCC(O)/C=c1/oc2cc1n2,False,BasidalinOnly_gen3
OCC(CO)=c1oc2cc1n2,False,BasidalinOnly_gen3
OC/C=c1/oc2nc1c2CO,False,BasidalinOnly_gen3
O=CCC=c1oc2cc1n2,False,BasidalinOnly_gen3
Cc1c2nc1/c(=C\C=O)o2,False,BasidalinOnly_gen3
CC=c1oc2nc1c2C=O,False,BasidalinOnly_gen3
CC/C(C=O)=c1\oc2cc1n2,False,BasidalinOnly_gen3
CC(=O)/C(C)=c1/oc2cc1n2,False,BasidalinOnly_gen3
O=C/C(CC(=O)O)=c1/oc2cc1n2,False,BasidalinOnly_gen3
C/C(C(=O)C(=O)O)=c1\oc2cc1n2,False,BasidalinOnly_gen3
C/C(=c1\oc2cc1n2)C(O)C#N,False,BasidalinOnly_gen3
CC(C=O)C1(N)OC2=CC1=N2,False,BasidalinOnly_gen3
C/C(CN)=c1\oc2cc1n2,False,BasidalinOnly_gen3
O=C/C(CO)=c1/oc2cc1n2,False,BasidalinOnly_gen3
C/C(C(=O)O)=c1\oc2cc1n2,False,BasidalinOnly_gen3
CC1(C=O)OC12OC1=CC2=N1,False,BasidalinOnly_gen3
CC(OC=O)=c1oc2cc1n2,False,BasidalinOnly_gen3
CC(C=O)C1(O)OC2=CC1=N2,False,BasidalinOnly_gen3
C/C=c1\oc2cc1n2,False,BasidalinOnly_gen3
O=CC/C(C=O)=c1\oc2cc1n2,False,BasidalinOnly_gen3
C/C(C(=O)C=O)=c1\oc2cc1n2,False,BasidalinOnly_gen3
C/C(C=O)=c1\oc2nc1c2C,False,BasidalinOnly_gen3
C/C(C=O)=c1\oc2nc1c2C=O,False,BasidalinOnly_gen3
C=c1oc2nc1c2C(C)=O,False,BasidalinOnly_gen3
CCC(=O)/C=c1/oc2cc1n2,False,BasidalinOnly_gen3
O=C(O)CC(=O)/C=c1/oc2cc1n2,False,BasidalinOnly_gen3
CC(=O)/C(C(=O)O)=c1/oc2cc1n2,False,BasidalinOnly_gen3
CC(O)(C#N)/C=c1/oc2cc1n2,False,BasidalinOnly_gen3
CC(=O)CC1(N)OC2=CC1=N2,False,BasidalinOnly_gen3
CC(N)/C=c1/oc2cc1n2,False,BasidalinOnly_gen3
O=C(/C=c1/oc2cc1n2)CO,False,BasidalinOnly_gen3
CC(=O)/C(O)=c1/oc2cc1n2,False,BasidalinOnly_gen3
CC(=O)C1OC12OC1=CC2=N1,False,BasidalinOnly_gen3
COC(=O)/C=c1/oc2cc1n2,False,BasidalinOnly_gen3
CC(=O)OC=c1oc2cc1n2,False,BasidalinOnly_gen3
CC(=O)CC1(O)OC2=CC1=N2,False,BasidalinOnly_gen3
CC(O)/C(O)=c1/oc2cc1n2,False,BasidalinOnly_gen3
CC(=O)CC(=O)/C=c1/oc2cc1n2,False,BasidalinOnly_gen3
CC(=O)C(C(C)=O)=c1oc2cc1n2,False,BasidalinOnly_gen3
CC(=O)/C=c1/oc2nc1c2C,False,BasidalinOnly_gen3
CC(=O)/C=c1/oc2nc1c2C(C)=O,False,BasidalinOnly_gen3
C=c1oc2nc1c2C(=O)C(=O)O,False,BasidalinOnly_gen3
O=C/C=c1/oc2nc1c2C(=O)O,False,BasidalinOnly_gen3
O=C1OC1=C=c1oc2cc1n2,False,BasidalinOnly_gen3
O=C1O/C(=c2\oc3cc2n3)C1O,False,BasidalinOnly_gen3
O=C1/C(=c2/oc3cc2n3)OC1O,False,BasidalinOnly_gen3
O=C1Oc2c3nc2c(o3)=CC1O,False,BasidalinOnly_gen3
O=C1C=c2oc3nc2c3OC1O,False,BasidalinOnly_gen3
O=C1C(=O)C1=c1oc2cc1n2,False,BasidalinOnly_gen3
O=C(/C=c1/oc2cc1n2)C(O)O,False,BasidalinOnly_gen3
COC(=O)C(=O)/C=c1/oc2cc1n2,False,BasidalinOnly_gen3
N#CC(O)(/C=c1/oc2cc1n2)C(=O)O,False,BasidalinOnly_gen3
N#CC(O)(O)C(=O)/C=c1/oc2cc1n2,False,BasidalinOnly_gen3
O=C(Cl)C(=O)/C=c1/oc2cc1n2,False,BasidalinOnly_gen3
NC(=O)C(=O)/C=c1/oc2cc1n2,False,BasidalinOnly_gen3
N=C(/C=c1/oc2cc1n2)C(=O)O,False,BasidalinOnly_gen3
N#CC(=O)/C=c1/oc2cc1n2,False,BasidalinOnly_gen3
NC1(CC(=O)C(=O)O)OC2=CC1=N2,False,BasidalinOnly_gen3
NC(C(=O)O)/C(O)=c1/oc2cc1n2,False,BasidalinOnly_gen3
NC(=C=c1oc2cc1n2)C(=O)O,False,BasidalinOnly_gen3
NC(/C=c1/oc2cc1n2)C(=O)O,False,BasidalinOnly_gen3
NC(O)C(=O)/C=c1/oc2cc1n2,False,BasidalinOnly_gen3
NC(C(=O)O)/C(Cl)=c1/oc2cc1n2,False,BasidalinOnly_gen3
NC(/C=c1/oc2nc1c2Cl)C(=O)O,False,BasidalinOnly_gen3
O=Cc1c2nc1/c(=C/C(=O)O)o2,False,BasidalinOnly_gen3
O=C(O)C(=O)C=c1oc2cc1n2,False,BasidalinOnly_gen3
O=CC=c1oc2nc1c2C(=O)O,False,BasidalinOnly_gen3
O=C1OC(O)/C1=c1/oc2cc1n2,False,BasidalinOnly_gen3
O=C1OC(O)/C1=c1\oc2cc1n2,False,BasidalinOnly_gen3
O=CC1=c2oc3nc2c3OC1O,False,BasidalinOnly_gen3
O=c1oc2c3nc2c(o3)c1CO,False,BasidalinOnly_gen3
O=C/C(=c1/oc2cc1n2)C(O)O,False,BasidalinOnly_gen3
COC(=O)/C(C=O)=c1\oc2cc1n2,False,BasidalinOnly_gen3
N#CC(O)(O)/C(C=O)=c1\oc2cc1n2,False,BasidalinOnly_gen3
N#CC(O)/C(C(=O)O)=c1/oc2cc1n2,False,BasidalinOnly_gen3
O=C/C(C(=O)Cl)=c1/oc2cc1n2,False,BasidalinOnly_gen3
NC(=O)/C(C=O)=c1\oc2cc1n2,False,BasidalinOnly_gen3
N#C/C(C=O)=c1\oc2cc1n2,False,BasidalinOnly_gen3
NC1(C(C=O)C(=O)O)OC2=CC1=N2,False,BasidalinOnly_gen3
NC(O)/C(C=O)=c1\oc2cc1n2,False,BasidalinOnly_gen3
NC/C(C(=O)O)=c1/oc2cc1n2,False,BasidalinOnly_gen3
O=C(O)/C=c1\oc2cc1n2,False,BasidalinOnly_gen3
N#C/C(CO)=c1\oc2cc1n2,False,BasidalinOnly_gen3
N#Cc1c2nc1/c(=C\CO)o2,False,BasidalinOnly_gen3
COC(C#N)/C=c1/oc2cc1n2,False,BasidalinOnly_gen3
CC(=O)OC(C#N)/C=c1/oc2cc1n2,False,BasidalinOnly_gen3
N#CC(Cl)/C=c1/oc2cc1n2,False,BasidalinOnly_gen3
N#CC(O)(O)/C=c1/oc2cc1n2,False,BasidalinOnly_gen3
N#CC(O)/C(O)=c1/oc2cc1n2,False,BasidalinOnly_gen3
N#CC(O)C1OC12OC1=CC2=N1,False,BasidalinOnly_gen3
N#CC(O)CC1(O)OC2=CC1=N2,False,BasidalinOnly_gen3
NC(=O)C(O)/C=c1/oc2cc1n2,False,BasidalinOnly_gen3
ON=CC(O)/C=c1/oc2cc1n2,False,BasidalinOnly_gen3
N#CC/C=c1/oc2cc1n2,False,BasidalinOnly_gen3
CC1(N)OC2=C(C=O)C1=N2,False,BasidalinOnly_gen3
NC1OC2=C(CC=O)C1=N2,False,BasidalinOnly_gen3
C1=NC2(C1)OC1=CC2=N1,False,BasidalinOnly_gen3
NC1(C=C=O)OC2=CC1=N2,False,BasidalinOnly_gen3
NC1(CCO)OC2=CC1=N2,False,BasidalinOnly_gen3
CC(=O)NC1(CC=O)OC2=CC1=N2,False,BasidalinOnly_gen3
NC1(C(O)C=O)OC2=CC1=N2,False,BasidalinOnly_gen3
NC1(CC(=O)O)OC2=CC1=N2,False,BasidalinOnly_gen3
NC1(COC=O)OC2=CC1=N2,False,BasidalinOnly_gen3
NC1(C(O)CO)OC2=CC1=N2,False,BasidalinOnly_gen3
CC1(N)OC2=CC1=N2,False,BasidalinOnly_gen3
NC1(C(C=O)C=O)OC2=CC1=N2,False,BasidalinOnly_gen3
NC1(CC(=O)C=O)OC2=CC1=N2,False,BasidalinOnly_gen3
NC1(CC=O)OC2=C(C=O)C1=N2,False,BasidalinOnly_gen3
C=c1oc2nc1c2CN,False,BasidalinOnly_gen3
CNC/C=c1/oc2cc1n2,False,BasidalinOnly_gen3
CC(=O)NC/C=c1/oc2cc1n2,False,BasidalinOnly_gen3
NC(O)/C=c1/oc2cc1n2,False,BasidalinOnly_gen3
NC/C(O)=c1/oc2cc1n2,False,BasidalinOnly_gen3
NCC1OC12OC1=CC2=N1,False,BasidalinOnly_gen3
NCCC1(O)OC2=CC1=N2,False,BasidalinOnly_gen3
O=Cc1c2nc1/c(=C/O)o2,False,BasidalinOnly_gen3
O=C=c1oc2cc1n2,False,BasidalinOnly_gen3
OCc1oc2c3nc2c1o3,False,BasidalinOnly_gen3
CO/C(C=O)=c1\oc2cc1n2,False,BasidalinOnly_gen3
CC(=O)O/C(C=O)=c1\oc2cc1n2,False,BasidalinOnly_gen3
O=C/C(Cl)=c1/oc2cc1n2,False,BasidalinOnly_gen3
O=C(O)/C(O)=c1/oc2cc1n2,False,BasidalinOnly_gen3
O=CC1(O)OC12OC1=CC2=N1,False,BasidalinOnly_gen3
O=CO/C(O)=c1/oc2cc1n2,False,BasidalinOnly_gen3
O=CC(O)C1(O)OC2=CC1=N2,False,BasidalinOnly_gen3
O/C=c1\oc2cc1n2,False,BasidalinOnly_gen3
O=CC(=O)/C(O)=c1/oc2cc1n2,False,BasidalinOnly_gen3
O=C/C(O)=c1/oc2nc1c2C=O,False,BasidalinOnly_gen3
O=CC(O)/C(O)=c1/oc2cc1n2,False,BasidalinOnly_gen3
C=c1oc2nc1c2C(=O)O,False,BasidalinOnly_gen3
OC1O/C1=c1\oc2cc1n2,False,BasidalinOnly_gen3
OC1C=c2oc3nc2c3O1,False,BasidalinOnly_gen3
CC(=O)OC(=O)/C=c1/oc2cc1n2,False,BasidalinOnly_gen3
O=C(Cl)/C=c1/oc2cc1n2,False,BasidalinOnly_gen3
NC(=O)/C=c1/oc2cc1n2,False,BasidalinOnly_gen3
N#C/C=c1/oc2cc1n2,False,BasidalinOnly_gen3
O=C(O)C1OC12OC1=CC2=N1,False,BasidalinOnly_gen3
O=C(O)OC=c1oc2cc1n2,False,BasidalinOnly_gen3
O=C(O)CC1(O)OC2=CC1=N2,False,BasidalinOnly_gen3
O/C(=c1\oc2cc1n2)C(O)O,False,BasidalinOnly_gen3
O=CC=c1oc2cc1n2,False,BasidalinOnly_gen3
COC=c1oc2cc1n2,False,BasidalinOnly_gen3
OC=c1oc2cc1n2,False,BasidalinOnly_gen3
CC1(O)OC2=C(C=O)C1=N2,False,BasidalinOnly_gen3
O=CCC1=C2N=C1C(O)O2,False,BasidalinOnly_gen3
O=C1OC2=CC1=N2,False,BasidalinOnly_gen3
OCCC12OC3=C(O1)C2=N3,False,BasidalinOnly_gen3
O=C=CC1(O)OC2=CC1=N2,False,BasidalinOnly_gen3
COC1(CC=O)OC2=CC1=N2,False,BasidalinOnly_gen3
CC(=O)OC1(CC=O)OC2=CC1=N2,False,BasidalinOnly_gen3
O=COCC1(O)OC2=CC1=N2,False,BasidalinOnly_gen3
OCC(O)C1(O)OC2=CC1=N2,False,BasidalinOnly_gen3
CC1(O)OC2=CC1=N2,False,BasidalinOnly_gen3
O=CC(C=O)C1(O)OC2=CC1=N2,False,BasidalinOnly_gen3
O=CC(=O)CC1(O)OC2=CC1=N2,False,BasidalinOnly_gen3
O=CCC1(O)OC2=C(C=O)C1=N2,False,BasidalinOnly_gen3
O/C=c1\oc2nc1c2CO,False,BasidalinOnly_gen3
CO/C(CO)=c1\oc2cc1n2,False,BasidalinOnly_gen3
COC/C(O)=c1/oc2cc1n2,False,BasidalinOnly_gen3
CC(=O)O/C(CO)=c1\oc2cc1n2,False,BasidalinOnly_gen3
CC(=O)OC/C(O)=c1/oc2cc1n2,False,BasidalinOnly_gen3
OC/C(Cl)=c1/oc2cc1n2,False,BasidalinOnly_gen3
O/C(CCl)=c1\oc2cc1n2,False,BasidalinOnly_gen3
OCC1(O)OC12OC1=CC2=N1,False,BasidalinOnly_gen3
C/C(O)=c1/oc2cc1n2,False,BasidalinOnly_gen3
OCC(O)/C(O)=c1/oc2cc1n2,False,BasidalinOnly_gen3
OC/C(O)=c1/oc2nc1c2CO,False,BasidalinOnly_gen3
C=c1oc2nc1c2C(=O)C=O,False,BasidalinOnly_gen3
O=C=C=c1oc2nc1c2C=O,False,BasidalinOnly_gen3
O=Cc1c2nc1/c(=C\CO)o2,False,BasidalinOnly_gen3
O=C/C=c1/oc2nc1c2CO,False,BasidalinOnly_gen3
CC(=O)/C=c1/oc2nc1c2C=O,False,BasidalinOnly_gen3
N#CC(O)c1c2nc1/c(=C\C=O)o2,False,BasidalinOnly_gen3
N#CC(O)/C=c1/oc2nc1c2C=O,False,BasidalinOnly_gen3
NC1(CC=O)OC2=NC1=C2C=O,False,BasidalinOnly_gen3
NC/C=c1/oc2nc1c2C=O,False,BasidalinOnly_gen3
O=Cc1c2nc1/c(=C\C(=O)O)o2,False,BasidalinOnly_gen3
O=CC1=C2N=C1OC21OC1C=O,False,BasidalinOnly_gen3
O=COC=c1oc2nc1c2C=O,False,BasidalinOnly_gen3
O=CCC1(O)OC2=NC1=C2C=O,False,BasidalinOnly_gen3
O=C(O)c1c2nc1/c(=C\CO)o2,False,BasidalinOnly_gen3
O=C(O)/C=c1/oc2nc1c2CO,False,BasidalinOnly_gen3
O=C/C(O)=c1/oc2nc1c2CO,False,BasidalinOnly_gen3
O=Cc1c2nc1/c(=C(/O)CO)o2,False,BasidalinOnly_gen3
O=C/C=c1/oc2nc1c2C(=O)C=O,False,BasidalinOnly_gen3
O=CC(C=O)=c1oc2nc1c2C=O,False,BasidalinOnly_gen3
O=CC(=O)/C=c1/oc2nc1c2C=O,False,BasidalinOnly_gen3
O=CC(=O)C=c1oc2cc1n2,False,BasidalinOnly_gen3
O=CC=c1oc2nc1c2C=O,False,BasidalinOnly_gen3
O=CC(CO)=c1oc2cc1n2,False,BasidalinOnly_gen3
CC(=O)C(C=O)=c1oc2cc1n2,False,BasidalinOnly_gen3
N#CC(O)C(C=O)=c1oc2cc1n2,False,BasidalinOnly_gen3
NCC(C=O)=c1oc2cc1n2,False,BasidalinOnly_gen3
O=CC(C(=O)O)=c1oc2cc1n2,False,BasidalinOnly_gen3
O=CC1(C=O)OC12OC1=CC2=N1,False,BasidalinOnly_gen3
O=COC(C=O)=c1oc2cc1n2,False,BasidalinOnly_gen3
O=C(O)C(CO)=c1oc2cc1n2,False,BasidalinOnly_gen3
O=CC(=O)C(C=O)=c1oc2cc1n2,False,BasidalinOnly_gen3
O=CC(O)/C=c1/oc2cc1n2,False,BasidalinOnly_gen3
CC(=O)C(=O)/C=c1/oc2cc1n2,False,BasidalinOnly_gen3
N#CC(O)(C=O)/C=c1/oc2cc1n2,False,BasidalinOnly_gen3
N#CC(O)C(=O)/C=c1/oc2cc1n2,False,BasidalinOnly_gen3
NC(C=O)/C=c1/oc2cc1n2,False,BasidalinOnly_gen3
NCC(=O)/C=c1/oc2cc1n2,False,BasidalinOnly_gen3
O=CC(=O)C1OC12OC1=CC2=N1,False,BasidalinOnly_gen3
O=COC(=O)/C=c1/oc2cc1n2,False,BasidalinOnly_gen3
O=CC(=O)OC=c1oc2cc1n2,False,BasidalinOnly_gen3
O=C(CO)/C(O)=c1/oc2cc1n2,False,BasidalinOnly_gen3
O=CC(=O)C(=O)/C=c1/oc2cc1n2,False,BasidalinOnly_gen3
O=CC(=O)/C(C=O)=c1/oc2cc1n2,False,BasidalinOnly_gen3
O=C(O)C=C1N=C=CC1=O,False,BasidalinOnly_gen3
CC1=C(NC=O)C(=C=C=O)OC1=O,False,BasidalinOnly_gen3
CC(O)NC1=CC(=O)OC1=C=C=O,False,BasidalinOnly_gen3
CC(=O)N(C)C1=CC(=O)OC1=C=C=O,False,BasidalinOnly_gen3
CCC(=O)NC1=CC(=O)OC1=C=C=O,False,BasidalinOnly_gen3
CC(O)(C#N)NC1=CC(=O)OC1=C=C=O,False,BasidalinOnly_gen3
CC(N)NC1=CC(=O)OC1=C=C=O,False,BasidalinOnly_gen3
O=C=C=C1OC(=O)C=C1NC=O,False,BasidalinOnly_gen3
CC(=O)NC1=C(C)C(=O)OC1=C=C=O,False,BasidalinOnly_gen3
C=C(N)C(=O)C=C=O,False,BasidalinOnly_gen3
C=C(N)C(=O)C(=C=O)C(=O)O,False,BasidalinOnly_gen3
NC(=CC(=O)O)C(=C=O)C=O,False,BasidalinOnly_gen3
NC(C=O)=C(C=C=O)C(=O)O,False,BasidalinOnly_gen3
NC=C(C(=O)O)C(=O)C=C=O,False,BasidalinOnly_gen3
O=C=CC(=O)C1=CC(O)=N1,False,BasidalinOnly_gen3
O=C=CC1=NC1=CC(=O)O,False,BasidalinOnly_gen3
NC1=CC(O)OC(=C=O)C1=O,False,BasidalinOnly_gen3
NC1=CC(=O)OC(=C=O)C1O,False,BasidalinOnly_gen3
NC1=CC(=O)OC(=CO)C1=O,False,BasidalinOnly_gen3
NC(C(=O)C=C=O)=C1OC1O,False,BasidalinOnly_gen3
NC(=C1OC1=O)C(O)C=C=O,False,BasidalinOnly_gen3
NC(C(=O)C=CO)=C1OC1=O,False,BasidalinOnly_gen3
NC(=CC(O)O)C(=O)C=C=O,False,BasidalinOnly_gen3
NC(=CC(=O)O)C(O)C=C=O,False,BasidalinOnly_gen3
NC(=CC=O)C(=O)C=C=O,False,BasidalinOnly_gen3
NC(CC(=O)O)C(=O)C=C=O,False,BasidalinOnly_gen3
NC(=CCO)C(=O)C=C=O,False,BasidalinOnly_gen3
COC(=O)C=C(N)C(=O)C=C=O,False,BasidalinOnly_gen3
CNC(=CC(=O)O)C(=O)C=C=O,False,BasidalinOnly_gen3
CC(=C=O)C(=O)C(N)=CC(=O)O,False,BasidalinOnly_gen3
CC(C(=O)O)=C(N)C(=O)C=C=O,False,BasidalinOnly_gen3
N#CC(O)(O)C=C(N)C(=O)C=C=O,False,BasidalinOnly_gen3
N#CC(O)(C=C=O)C(N)=CC(=O)O,False,BasidalinOnly_gen3
NC(=CC(=O)Cl)C(=O)C=C=O,False,BasidalinOnly_gen3
NC(=O)C=C(N)C(=O)C=C=O,False,BasidalinOnly_gen3
N#CC=C(N)C(=O)C=C=O,False,BasidalinOnly_gen3
NC(=O)CC(=O)C(N)=CC(=O)O,False,BasidalinOnly_gen3
NC(N)(CC(=O)O)C(=O)C=C=O,False,BasidalinOnly_gen3
NC(C(=O)O)C(N)C(=O)C=C=O,False,BasidalinOnly_gen3
NC(=CC(N)O)C(=O)C=C=O,False,BasidalinOnly_gen3
NC(=CC(=O)O)C(N)C=C=O,False,BasidalinOnly_gen3
NC(=C=O)C(=O)C=C=O,False,BasidalinOnly_gen3
COCC=C1OC(=O)C=C1N,False,BasidalinOnly_gen3
COC(C)/C=C1/OC(=O)C=C1N,False,BasidalinOnly_gen3
COC/C(C)=C1/OC(=O)C=C1N,False,BasidalinOnly_gen3
COC/C=C1/OC(=O)C=C1NC(C)=O,False,BasidalinOnly_gen3
COC(O)/C=C1/OC(=O)C=C1N,False,BasidalinOnly_gen3
COCC1OC12OC(=O)C=C2N,False,BasidalinOnly_gen3
COCCC1(O)OC(=O)C=C1N,False,BasidalinOnly_gen3
COC(O)/C=C1/OC(O)C=C1N,False,BasidalinOnly_gen3
COC/C(O)=C1/OC(O)C=C1N,False,BasidalinOnly_gen3
COCCC(=O)C(N)=CC(=O)O,False,BasidalinOnly_gen3
NC1=CC(=O)O/C1=C/COC=O,False,BasidalinOnly_gen3
COCCOC/C=C1/OC(=O)C=C1N,False,BasidalinOnly_gen3
COCC(/C=C1/OC(=O)C=C1N)OC,False,BasidalinOnly_gen3
COCC(COC)=C1OC(=O)C=C1N,False,BasidalinOnly_gen3
COC/C=C1/OC(=O)C(COC)=C1N,False,BasidalinOnly_gen3
C=C1OC(=O)C(C(C)O)=C1N,False,BasidalinOnly_gen3
NC1=CC(=O)OC1=CCCO,False,BasidalinOnly_gen3
CC1=C(N)/C(=C\CO)OC1=O,False,BasidalinOnly_gen3
CC(O)CC1OC(=O)C=C1N,False,BasidalinOnly_gen3
CC(C)(O)/C=C1/OC(=O)C=C1N,False,BasidalinOnly_gen3
CCC(O)/C=C1/OC(=O)C=C1N,False,BasidalinOnly_gen3
C/C(=C1\OC(=O)C=C1N)C(C)O,False,BasidalinOnly_gen3
CC(=O)NC1=CC(=O)O/C1=C/C(C)O,False,BasidalinOnly_gen3
CC(=O)OC(C)/C=C1/OC(=O)C=C1N,False,BasidalinOnly_gen3
CC(Cl)/C=C1/OC(=O)C=C1N,False,BasidalinOnly_gen3
CC(O)(O)/C=C1/OC(=O)C=C1N,False,BasidalinOnly_gen3
CC(O)C1OC12OC(=O)C=C2N,False,BasidalinOnly_gen3
CC(O)CC1(O)OC(=O)C=C1N,False,BasidalinOnly_gen3
CC(O)(O)/C=C1/OC(O)C=C1N,False,BasidalinOnly_gen3
NC1=CC(O)O/C1=C/C(O)CO,False,BasidalinOnly_gen3
CC(O)/C(O)=C1/OC(O)C=C1N,False,BasidalinOnly_gen3
CC(O)CC(=O)C(N)=CC(=O)O,False,BasidalinOnly_gen3
CC/C=C1/OC(=O)C=C1N,False,BasidalinOnly_gen3
CC(O)C(C)(O)/C=C1/OC(=O)C=C1N,False,BasidalinOnly_gen3
CC(O)CC(O)/C=C1/OC(=O)C=C1N,False,BasidalinOnly_gen3
CC(O)C(=C1OC(=O)C=C1N)C(C)O,False,BasidalinOnly_gen3
CC1=C(N)/C(=C\C(C)O)OC1=O,False,BasidalinOnly_gen3
CC(O)/C=C1/OC(=O)C(C(C)O)=C1N,False,BasidalinOnly_gen3
CC=C1OC(=O)C(CO)=C1N,False,BasidalinOnly_gen3
CC(C)=C1OC(=O)C=C1N,False,BasidalinOnly_gen3
CC(CO)C1OC(=O)C=C1N,False,BasidalinOnly_gen3
CC/C(CO)=C1\OC(=O)C=C1N,False,BasidalinOnly_gen3
CC(=O)NC1=CC(=O)O/C1=C(\C)CO,False,BasidalinOnly_gen3
CC(=O)OC/C(C)=C1/OC(=O)C=C1N,False,BasidalinOnly_gen3
C/C(CCl)=C1\OC(=O)C=C1N,False,BasidalinOnly_gen3
C/C(=C1\OC(=O)C=C1N)C(O)O,False,BasidalinOnly_gen3
CC1(CO)OC12OC(=O)C=C2N,False,BasidalinOnly_gen3
CC(CO)C1(O)OC(=O)C=C1N,False,BasidalinOnly_gen3
NC1=CC(O)OC1=C(CO)CO,False,BasidalinOnly_gen3
C/C(=C1\OC(O)C=C1N)C(O)O,False,BasidalinOnly_gen3
CC(CO)C(=O)C(N)=CC(=O)O,False,BasidalinOnly_gen3
NC1=CC(=O)O/C1=C(/CO)CCO,False,BasidalinOnly_gen3
C/C(=C1\OC(=O)C=C1N)C(O)CO,False,BasidalinOnly_gen3
CC1=C(N)/C(=C(/C)CO)OC1=O,False,BasidalinOnly_gen3
C/C(CO)=C1\OC(=O)C(CO)=C1N,False,BasidalinOnly_gen3
C=C1OC(=O)C=C1NC(=O)CCO,False,BasidalinOnly_gen3
CC1=C(NC=O)/C(=C\CO)OC1=O,False,BasidalinOnly_gen3
C/C(CO)=C1\OC(=O)C=C1NC=O,False,BasidalinOnly_gen3
CC(O)/C=C1/OC(=O)C=C1NC=O,False,BasidalinOnly_gen3
O=C1C=C2NC(O)COC/C=C\2O1,False,BasidalinOnly_gen3
CC(O)NC1=C2OCC=C1OC2=O,False,BasidalinOnly_gen3
CC(O)NC1=CC(=O)O/C1=C1/CO1,False,BasidalinOnly_gen3
CC(O)NC1=CC(=O)O/C1=C/CO,False,BasidalinOnly_gen3
CC(=O)N(C)C1=CC(=O)O/C1=C/CO,False,BasidalinOnly_gen3
CCC(=O)NC1=CC(=O)O/C1=C/CO,False,BasidalinOnly_gen3
CC(O)(C#N)NC1=CC(=O)O/C1=C/CO,False,BasidalinOnly_gen3
CC(=O)NC1=CC(=O)O/C1=C/CCl,False,BasidalinOnly_gen3
CC(N)NC1=CC(=O)O/C1=C/CO,False,BasidalinOnly_gen3
C/C=C1/OC(=O)C=C1NC(C)=O,False,BasidalinOnly_gen3
O=CNC1=CC(=O)O/C1=C/CO,False,BasidalinOnly_gen3
CC(=O)NC1=C(C)C(=O)O/C1=C/CO,False,BasidalinOnly_gen3
COC(=O)CC=C1OC(=O)C=C1N,False,BasidalinOnly_gen3
CC(/C=C1/OC(=O)C=C1N)OC=O,False,BasidalinOnly_gen3
C/C(COC=O)=C1\OC(=O)C=C1N,False,BasidalinOnly_gen3
CC1=C(N)/C(=C\COC=O)OC1=O,False,BasidalinOnly_gen3
CC1=NC2=CC(=O)OC2=CCO1,False,BasidalinOnly_gen3
CC(O)OC/C=C1/OC(=O)C=C1N,False,BasidalinOnly_gen3
CCOC/C=C1/OC(=O)C=C1N,False,BasidalinOnly_gen3
CCC(=O)OC/C=C1/OC(=O)C=C1N,False,BasidalinOnly_gen3
CC(O)(C#N)OC/C=C1/OC(=O)C=C1N,False,BasidalinOnly_gen3
CC(N)OC/C=C1/OC(=O)C=C1N,False,BasidalinOnly_gen3
CC(=O)C/C=C1/OC(=O)C=C1N,False,BasidalinOnly_gen3
CC(=O)OC/C=C1/OC(=O)C(C)=C1N,False,BasidalinOnly_gen3
C=C1OC(=O)C(CCl)=C1N,False,BasidalinOnly_gen3
NC1=CC(=O)O/C1=C/C(Cl)C(=O)O,False,BasidalinOnly_gen3
NC1=CC(=O)O/C1=C(/CCl)C(=O)O,False,BasidalinOnly_gen3
NC1=CC(=O)O/C1=C/C(O)Cl,False,BasidalinOnly_gen3
NC1=CC(=O)OC12OC2CCl,False,BasidalinOnly_gen3
NC1=CC(=O)OC1(O)CCCl,False,BasidalinOnly_gen3
NC1=CC(O)O/C1=C/C(O)Cl,False,BasidalinOnly_gen3
NC1=CC(O)O/C1=C(\O)CCl,False,BasidalinOnly_gen3
NC(=CC(=O)O)C(=O)CCCl,False,BasidalinOnly_gen3
NC1=CC(=O)O/C1=C/C(Cl)CCl,False,BasidalinOnly_gen3
NC1=CC(=O)OC1=C(CCl)CCl,False,BasidalinOnly_gen3
NC1=C(CCl)C(=O)O/C1=C/CCl,False,BasidalinOnly_gen3
C=C1OC(=O)C(C(O)O)=C1N,False,BasidalinOnly_gen3
NC1=C(CO)C(=O)OC12CO2,False,BasidalinOnly_gen3
OCC1OC12OC1=NC2=C1,False,BasidalinOnly_gen3
CC1OC12OC(=O)C=C2N,False,BasidalinOnly_gen3
CC1(O)OC(=O)C(CO)=C1N,False,BasidalinOnly_gen3
NC1=C(CCO)C(=O)OC1O,False,BasidalinOnly_gen3
CC1(O)OC(=O)C=C1N,False,BasidalinOnly_gen3
OCCC1(O)OC2=NC1=C2,False,BasidalinOnly_gen3
COC1(CCO)OC(=O)C=C1N,False,BasidalinOnly_gen3
CCC1(O)OC(=O)C=C1N,False,BasidalinOnly_gen3
C=C1OC(O)(C(O)O)C=C1N,False,BasidalinOnly_gen3
COC1C=C(N)/C(=C\C(O)O)O1,False,BasidalinOnly_gen3
NC1=CC(O)(CO)O/C1=C\O,False,BasidalinOnly_gen3
NC1=C(CO)C(O)O/C1=C\O,False,BasidalinOnly_gen3
NC1=CC(O)O/C1=C\O,False,BasidalinOnly_gen3
CO/C(CO)=C1\OC(O)C=C1N,False,BasidalinOnly_gen3
COC1C=C(N)/C(=C(/O)CO)O1,False,BasidalinOnly_gen3
NC1=CC(O)O/C1=C(\Cl)CO,False,BasidalinOnly_gen3
C/C(O)=C1/OC(O)C=C1N,False,BasidalinOnly_gen3
C=C(N)C(=O)CCO,False,BasidalinOnly_gen3
C=C(N)C(=O)C(CO)C(=O)O,False,BasidalinOnly_gen3
C=C(N)C(=O)CC(O)C(=O)O,False,BasidalinOnly_gen3
NC(=CC(=O)O)C(C=O)CO,False,BasidalinOnly_gen3
NC(C=O)=C(CCO)C(=O)O,False,BasidalinOnly_gen3
NC=C(C(=O)O)C(=O)CCO,False,BasidalinOnly_gen3
CC(O)C(=O)C(N)=CC(=O)O,False,BasidalinOnly_gen3
NC(=CC(=O)O)C1(O)CCO1,False,BasidalinOnly_gen3
O=C(CCO)C1=CC(O)=N1,False,BasidalinOnly_gen3
O=C(O)C=C1N=C1CCO,False,BasidalinOnly_gen3
NC1=CC(O)OC(CO)C1=O,False,BasidalinOnly_gen3
NC1=CC(=O)OC(CO)C1O,False,BasidalinOnly_gen3
NC(=CC(O)O)C(=O)C1CO1,False,BasidalinOnly_gen3
NC(=CC(=O)O)C(O)C1CO1,False,BasidalinOnly_gen3
NC(C(=O)CCO)=C1OC1O,False,BasidalinOnly_gen3
NC(=C1OC1=O)C(O)CCO,False,BasidalinOnly_gen3
NC1=C(C(O)O)OCCC1=O,False,BasidalinOnly_gen3
NC1=C(C(=O)O)OCCC1O,False,BasidalinOnly_gen3
NC1=CC(O)OC(O)CC1=O,False,BasidalinOnly_gen3
NC1=CC(=O)OC(O)CC1O,False,BasidalinOnly_gen3
O=C(O)C=C1[NH+]=C1CCO,False,BasidalinOnly_gen3
NC(=CC(=O)O)C(=O)C=CO,False,BasidalinOnly_gen3
NC(=CC(=O)O)C(O)CCO,False,BasidalinOnly_gen3
NC(=CC(O)O)C(=O)CCO,False,BasidalinOnly_gen3
NC(=CC=O)C(=O)CCO,False,BasidalinOnly_gen3
CCC(=O)C(N)=CC(=O)O,False,BasidalinOnly_gen3
NC(CC(=O)O)C(=O)CCO,False,BasidalinOnly_gen3
NC(=CCO)C(=O)CCO,False,BasidalinOnly_gen3
COC(=O)C=C(N)C(=O)CCO,False,BasidalinOnly_gen3
CNC(=CC(=O)O)C(=O)CCO,False,BasidalinOnly_gen3
CC(C(=O)O)=C(N)C(=O)CCO,False,BasidalinOnly_gen3
N#CC(O)(O)C=C(N)C(=O)CCO,False,BasidalinOnly_gen3
N#CC(O)(CCO)C(N)=CC(=O)O,False,BasidalinOnly_gen3
NC(=CC(=O)Cl)C(=O)CCO,False,BasidalinOnly_gen3
NC(=O)C=C(N)C(=O)CCO,False,BasidalinOnly_gen3
N#CC=C(N)C(=O)CCO,False,BasidalinOnly_gen3
NC(N)(CC(=O)O)C(=O)CCO,False,BasidalinOnly_gen3
NC(C(=O)O)C(N)C(=O)CCO,False,BasidalinOnly_gen3
NC(=CC(N)O)C(=O)CCO,False,BasidalinOnly_gen3
NC(=CC(=O)O)C(N)CCO,False,BasidalinOnly_gen3
NC(=C=O)C(=O)CCO,False,BasidalinOnly_gen3
CCO,False,BasidalinOnly_gen3
NC1=CC(=O)O/C1=C/CC(=O)O,False,BasidalinOnly_gen3
C/C(C(=O)O)=C1/OC(=O)C=C1N,False,BasidalinOnly_gen3
C/C=C1/OC(=O)C(C)=C1N,False,BasidalinOnly_gen3
C=C1OC(=O)C(C(O)CO)=C1N,False,BasidalinOnly_gen3
NC1=CC(=O)OC1=CC(O)CO,False,BasidalinOnly_gen3
O=CCO,False,BasidalinOnly_gen3
NC1=CC(=O)O/C1=C/CC=O,False,BasidalinOnly_gen3
NC1=CC(=O)OC1CC(O)CO,False,BasidalinOnly_gen3
COC(/C=C1/OC(=O)C=C1N)CO,False,BasidalinOnly_gen3
COCC(O)/C=C1/OC(=O)C=C1N,False,BasidalinOnly_gen3
CC(O)(/C=C1/OC(=O)C=C1N)CO,False,BasidalinOnly_gen3
CC(O)C(O)/C=C1/OC(=O)C=C1N,False,BasidalinOnly_gen3
NC1=CC(=O)O/C1=C/C(Cl)CO,False,BasidalinOnly_gen3
NC1=CC(=O)O/C1=C/C(O)CCl,False,BasidalinOnly_gen3
NC1=CC(=O)O/C1=C/CCO,False,BasidalinOnly_gen3
NC1=C(CO)C(=O)OC1=CCO,False,BasidalinOnly_gen3
CC(C=O)=C1OC(=O)C=C1N,False,BasidalinOnly_gen3
CC(CO)=C1OC(=O)C=C1N,False,BasidalinOnly_gen3
NC1=CC(=O)OC1C(CO)CO,False,BasidalinOnly_gen3
COCC(CO)=C1OC(=O)C=C1N,False,BasidalinOnly_gen3
CC(O)C(CO)=C1OC(=O)C=C1N,False,BasidalinOnly_gen3
NC1=CC(=O)OC1=C(CO)CCl,False,BasidalinOnly_gen3
C/C=C1/OC(=O)C(C=O)=C1N,False,BasidalinOnly_gen3
COC/C=C1/OC(=O)C(CO)=C1N,False,BasidalinOnly_gen3
COCC1=C(N)/C(=C\CO)OC1=O,False,BasidalinOnly_gen3
CC(O)/C=C1/OC(=O)C(CO)=C1N,False,BasidalinOnly_gen3
NC1=C(CO)C(=O)O/C1=C/CCl,False,BasidalinOnly_gen3
C/C=C1/OC(=O)C(CO)=C1N,False,BasidalinOnly_gen3
CC12C=NC1=CC(=O)O2,False,BasidalinOnly_gen3
CC1(C=O)OC2=NC1=C2,False,BasidalinOnly_gen3
CC1(CO)OC(=O)C=C1N,False,BasidalinOnly_gen3
CC(=O)NC1=CC(=O)OC1(C)C=O,False,BasidalinOnly_gen3
CC1(C(O)C#N)OC(=O)C=C1N,False,BasidalinOnly_gen3
CC1(C(=O)O)OC(O)C=C1N,False,BasidalinOnly_gen3
CC1=C(N)C(C=O)OC1=O,False,BasidalinOnly_gen3
O=CCC1=C2COC1=N2,False,BasidalinOnly_gen3
O=C1OCC2=C1CC=N2,False,BasidalinOnly_gen3
NC1=C(C=C=O)C(=O)OC1,False,BasidalinOnly_gen3
NC1=C(CCO)C(=O)OC1,False,BasidalinOnly_gen3
CC(C=O)C1=C(N)COC1=O,False,BasidalinOnly_gen3
CC(=O)CC1=C(N)COC1=O,False,BasidalinOnly_gen3
CC(=O)NC1=C(CC=O)C(=O)OC1,False,BasidalinOnly_gen3
N#CC(O)CC1=C(N)COC1=O,False,BasidalinOnly_gen3
NCCC1=C(N)COC1=O,False,BasidalinOnly_gen3
NC1=C(C(O)C=O)C(=O)OC1,False,BasidalinOnly_gen3
NC1=C(CC(=O)O)C(=O)OC1,False,BasidalinOnly_gen3
NC1=C(COC=O)C(=O)OC1,False,BasidalinOnly_gen3
NC1=C(CC(=O)O)C(O)OC1,False,BasidalinOnly_gen3
NC1=C(C(O)C=O)C(O)OC1,False,BasidalinOnly_gen3
NC1=C(C(O)CO)C(=O)OC1,False,BasidalinOnly_gen3
CC1=C(N)COC1=O,False,BasidalinOnly_gen3
NC1=C(CC=O)C(=O)OC1C=O,False,BasidalinOnly_gen3
NC1=C(C(C=O)C=O)C(=O)OC1,False,BasidalinOnly_gen3
NC1=C(CC(=O)C=O)C(=O)OC1,False,BasidalinOnly_gen3
CC1OC(=O)C2=C1N=C2,False,BasidalinOnly_gen3
CC1OC2=NC1=C2C=O,False,BasidalinOnly_gen3
CC1OC(=O)C(CO)=C1N,False,BasidalinOnly_gen3
CC(=O)NC1=C(C=O)C(=O)OC1C,False,BasidalinOnly_gen3
CC1OC(=O)C(C(O)C#N)=C1N,False,BasidalinOnly_gen3
CC1OC(O)C(C(=O)O)=C1N,False,BasidalinOnly_gen3
O=C=CC1OC2=NC1=C2,False,BasidalinOnly_gen3
OCCC1OC2=NC1=C2,False,BasidalinOnly_gen3
CC(C=O)C1OC2=NC1=C2,False,BasidalinOnly_gen3
CC(=O)CC1OC2=NC1=C2,False,BasidalinOnly_gen3
O=C(O)C(=O)CC1OC2=NC1=C2,False,BasidalinOnly_gen3
O=CC(C(=O)O)C1OC2=NC1=C2,False,BasidalinOnly_gen3
N#CC(O)CC1OC2=NC1=C2,False,BasidalinOnly_gen3
NCCC1OC2=NC1=C2,False,BasidalinOnly_gen3
O=CC(O)C1OC2=NC1=C2,False,BasidalinOnly_gen3
O=C(O)CC1OC2=NC1=C2,False,BasidalinOnly_gen3
O=COCC1OC2=NC1=C2,False,BasidalinOnly_gen3
OCC(O)C1OC2=NC1=C2,False,BasidalinOnly_gen3
CC1OC2=NC1=C2,False,BasidalinOnly_gen3
O=CCC1(C=O)OC2=NC1=C2,False,BasidalinOnly_gen3
O=CCC1OC2=NC1=C2C=O,False,BasidalinOnly_gen3
O=CC(C=O)C1OC2=NC1=C2,False,BasidalinOnly_gen3
O=CC(=O)CC1OC2=NC1=C2,False,BasidalinOnly_gen3
CC(=O)C=C1OC(=O)C=C1N,False,BasidalinOnly_gen3
CC(=O)NC1=CC(=O)OC1=CC=O,False,BasidalinOnly_gen3
NCC=C1OC(=O)C=C1N,False,BasidalinOnly_gen3
NC1=CC(=O)OC1=C(O)C=O,False,BasidalinOnly_gen3
NC1=CC(=O)OC1=CC(=O)O,False,BasidalinOnly_gen3
NC1=CC(O)OC1=C(O)C=O,False,BasidalinOnly_gen3
NC1=CC(=O)OC1=C(O)CO,False,BasidalinOnly_gen3
O=C1C=C2N=C=CC2O1,False,BasidalinOnly_gen3
CC(=O)NC1=CC(=O)OC1C=C=O,False,BasidalinOnly_gen3
COCCC1OC(=O)C=C1N,False,BasidalinOnly_gen3
CC(=O)NC1=CC(=O)OC1CCO,False,BasidalinOnly_gen3
CC(=O)OCCC1OC(=O)C=C1N,False,BasidalinOnly_gen3
NC1=CC(=O)OC1CCCl,False,BasidalinOnly_gen3
NC1=CC(=O)OC1CC(O)O,False,BasidalinOnly_gen3
NC1=CC(O)OC1CC(O)O,False,BasidalinOnly_gen3
NC1=CC(O)OC1C(O)CO,False,BasidalinOnly_gen3
CCC1OC(=O)C=C1N,False,BasidalinOnly_gen3
NC1=CC(=O)OC1(CO)CCO,False,BasidalinOnly_gen3
NC1=C(CO)C(=O)OC1CCO,False,BasidalinOnly_gen3
NC1=CC(=O)OC1CCC=O,False,BasidalinOnly_gen3
CC1(CC=O)OC(=O)C=C1N,False,BasidalinOnly_gen3
CCC1(C=O)OC(=O)C=C1N,False,BasidalinOnly_gen3
CC1=C(N)C(CC=O)OC1=O,False,BasidalinOnly_gen3
CCC1OC(=O)C(C=O)=C1N,False,BasidalinOnly_gen3
CC1C=NC2=CC(=O)OC21,False,BasidalinOnly_gen3
C=C(C=O)C1OC(=O)C=C1N,False,BasidalinOnly_gen3
CC(=C=O)C1OC(=O)C=C1N,False,BasidalinOnly_gen3
CC(C)(C=O)C1OC(=O)C=C1N,False,BasidalinOnly_gen3
CCC(C=O)C1OC(=O)C=C1N,False,BasidalinOnly_gen3
CC(=O)C(C)C1OC(=O)C=C1N,False,BasidalinOnly_gen3
CC(=O)NC1=CC(=O)OC1C(C)C=O,False,BasidalinOnly_gen3
CC(C(O)C#N)C1OC(=O)C=C1N,False,BasidalinOnly_gen3
CC(CN)C1OC(=O)C=C1N,False,BasidalinOnly_gen3
CC(O)(C=O)C1OC(=O)C=C1N,False,BasidalinOnly_gen3
NC1=CC(=O)OC1C(C=O)CO,False,BasidalinOnly_gen3
CC(C(=O)O)C1OC(=O)C=C1N,False,BasidalinOnly_gen3
CC(OC=O)C1OC(=O)C=C1N,False,BasidalinOnly_gen3
CC(C(=O)O)C1OC(O)C=C1N,False,BasidalinOnly_gen3
CC(O)(CO)C1OC(=O)C=C1N,False,BasidalinOnly_gen3
CC(O)(C=O)C1OC(O)C=C1N,False,BasidalinOnly_gen3
NC1=CC(O)OC1C(C=O)CO,False,BasidalinOnly_gen3
CC(C=O)(C=O)C1OC(=O)C=C1N,False,BasidalinOnly_gen3
NC1=CC(=O)OC1C(C=O)CC=O,False,BasidalinOnly_gen3
CC(C=O)C1(C)OC(=O)C=C1N,False,BasidalinOnly_gen3
CC(C=O)C1(C=O)OC(=O)C=C1N,False,BasidalinOnly_gen3
CC(C(=O)C=O)C1OC(=O)C=C1N,False,BasidalinOnly_gen3
CC1=C(N)C(C(C)C=O)OC1=O,False,BasidalinOnly_gen3
CC(C=O)C1OC(=O)C(C=O)=C1N,False,BasidalinOnly_gen3
CC(=O)C1(C)OC(=O)C=C1N,False,BasidalinOnly_gen3
CC(=O)C1=C(N)C(C)OC1=O,False,BasidalinOnly_gen3
CC1=NC2=CC(=O)OC2C1,False,BasidalinOnly_gen3
CCC(=O)CC1OC(=O)C=C1N,False,BasidalinOnly_gen3
CC(=O)CC1OC(=O)C=C1NC(C)=O,False,BasidalinOnly_gen3
CC(O)(C#N)CC1OC(=O)C=C1N,False,BasidalinOnly_gen3
CC(N)CC1OC(=O)C=C1N,False,BasidalinOnly_gen3
NC1=CC(=O)OC1CC(=O)CO,False,BasidalinOnly_gen3
CC(=O)C(O)C1OC(=O)C=C1N,False,BasidalinOnly_gen3
COC(=O)CC1OC(=O)C=C1N,False,BasidalinOnly_gen3
CC(=O)OCC1OC(=O)C=C1N,False,BasidalinOnly_gen3
NC1=CC(O)OC1CC(=O)CO,False,BasidalinOnly_gen3
CC(O)C(O)C1OC(=O)C=C1N,False,BasidalinOnly_gen3
CC(=O)C(O)C1OC(O)C=C1N,False,BasidalinOnly_gen3
CC(=O)CC(=O)CC1OC(=O)C=C1N,False,BasidalinOnly_gen3
CC(=O)C(C(C)=O)C1OC(=O)C=C1N,False,BasidalinOnly_gen3
CC(=O)CC1(C)OC(=O)C=C1N,False,BasidalinOnly_gen3
CC(=O)CC1(C(C)=O)OC(=O)C=C1N,False,BasidalinOnly_gen3
CC(=O)CC1OC(=O)C(C)=C1N,False,BasidalinOnly_gen3
CC(=O)CC1OC(=O)C(C(C)=O)=C1N,False,BasidalinOnly_gen3
O=CCCC(=O)NC1=CC(=O)OC1,False,BasidalinOnly_gen3
CC1OC(=O)C=C1NC(=O)CC=O,False,BasidalinOnly_gen3
CC1(CC=O)OC(=O)C=C1NC=O,False,BasidalinOnly_gen3
CC1=C(NC=O)C(CC=O)OC1=O,False,BasidalinOnly_gen3
CC(C=O)C1OC(=O)C=C1NC=O,False,BasidalinOnly_gen3
CC(=O)CC1OC(=O)C=C1NC=O,False,BasidalinOnly_gen3
CC(O)NC1=CC(=O)OC1CC=O,False,BasidalinOnly_gen3
CC(=O)N(C)C1=CC(=O)OC1CC=O,False,BasidalinOnly_gen3
CCC(=O)NC1=CC(=O)OC1CC=O,False,BasidalinOnly_gen3
CC(O)(C#N)NC1=CC(=O)OC1CC=O,False,BasidalinOnly_gen3
CC(=O)NC1=CC(=O)OC1CC(O)C#N,False,BasidalinOnly_gen3
CC(N)NC1=CC(=O)OC1CC=O,False,BasidalinOnly_gen3
CC(=O)NC1=CC(=O)OC1CCN,False,BasidalinOnly_gen3
O=CCC1OC(=O)C=C1NC=O,False,BasidalinOnly_gen3
CC(=O)NC1=CC(=O)OC1(C)CC=O,False,BasidalinOnly_gen3
CC(=O)NC1=C(C)C(=O)OC1CC=O,False,BasidalinOnly_gen3
N#CC(CO)C1OC(=O)C=C1N,False,BasidalinOnly_gen3
N#CC1(CCO)OC(=O)C=C1N,False,BasidalinOnly_gen3
N#CC1=C(N)C(CCO)OC1=O,False,BasidalinOnly_gen3
N#CC(=O)CC1OC(=O)C=C1N,False,BasidalinOnly_gen3
COC(C#N)CC1OC(=O)C=C1N,False,BasidalinOnly_gen3
CC(=O)OC(C#N)CC1OC(=O)C=C1N,False,BasidalinOnly_gen3
N#CC(Cl)CC1OC(=O)C=C1N,False,BasidalinOnly_gen3
N#CC(O)(O)CC1OC(=O)C=C1N,False,BasidalinOnly_gen3
N#CC(O)C(O)C1OC(=O)C=C1N,False,BasidalinOnly_gen3
N#CC(O)(O)CC1OC(O)C=C1N,False,BasidalinOnly_gen3
N#CC(O)C(O)C1OC(O)C=C1N,False,BasidalinOnly_gen3
NC(=O)C(O)CC1OC(=O)C=C1N,False,BasidalinOnly_gen3
NC1=CC(=O)OC1CC(O)C=NO,False,BasidalinOnly_gen3
N#CCCC1OC(=O)C=C1N,False,BasidalinOnly_gen3
CC1(CN)OC(=O)C=C1N,False,BasidalinOnly_gen3
CC1OC(=O)C(CN)=C1N,False,BasidalinOnly_gen3
NC1=CC2=NCCC1O2,False,BasidalinOnly_gen3
O=C1C=C2NCCC2O1,False,BasidalinOnly_gen3
CNCCC1OC(=O)C=C1N,False,BasidalinOnly_gen3
CC(=O)NCCC1OC(=O)C=C1N,False,BasidalinOnly_gen3
NC1=CC(=O)OC1CC(N)C(=O)O,False,BasidalinOnly_gen3
NCC(C(=O)O)C1OC(=O)C=C1N,False,BasidalinOnly_gen3
NC1=CC(=O)OC1CC(N)O,False,BasidalinOnly_gen3
NCC(O)C1OC(=O)C=C1N,False,BasidalinOnly_gen3
NC1=CC(O)OC1CC(N)O,False,BasidalinOnly_gen3
NCC(O)C1OC(O)C=C1N,False,BasidalinOnly_gen3
NC1=CC(=O)OC1(C=O)CO,False,BasidalinOnly_gen3
NC1=C(C=O)C(=O)OC1CO,False,BasidalinOnly_gen3
NC1=CC(=O)OC1,False,BasidalinOnly_gen3
O=CC=O,False,BasidalinOnly_gen3
NC1=CC(=O)OC1C=O,False,BasidalinOnly_gen3
O=C1C=C2N=CC(O)C2O1,False,BasidalinOnly_gen3
NC1=C2OC(CO)C1OC2=O,False,BasidalinOnly_gen3
NC1=CC(=O)OC1C(=O)C=O,False,BasidalinOnly_gen3
NC1=CC(=O)OC1C(O)=C=O,False,BasidalinOnly_gen3
COC(C=O)C1OC(=O)C=C1N,False,BasidalinOnly_gen3
NC1=CC(=O)OC1C(Cl)C=O,False,BasidalinOnly_gen3
CC1(C(=O)O)OC(=O)C=C1N,False,BasidalinOnly_gen3
CC1OC(=O)C(C(=O)O)=C1N,False,BasidalinOnly_gen3
NC(C=CC(=O)O)=CC(=O)O,False,BasidalinOnly_gen3
O=C1C=C2N=C(O)CC2O1,False,BasidalinOnly_gen3
NC1=CC(=O)OC1C1OC1O,False,BasidalinOnly_gen3
NC1=CC(=O)OC12CC(O)O2,False,BasidalinOnly_gen3
NC1=C2OC(O)CC1OC2=O,False,BasidalinOnly_gen3
NC1=CC(=O)OC1CC(=O)Cl,False,BasidalinOnly_gen3
NC(=O)CC1OC(=O)C=C1N,False,BasidalinOnly_gen3
N#CCC1OC(=O)C=C1N,False,BasidalinOnly_gen3
O=C1C=C2N=COCC2O1,False,BasidalinOnly_gen3
COCC1OC(=O)C=C1N,False,BasidalinOnly_gen3
NC1=CC(=O)OC1CO,False,BasidalinOnly_gen3
CC1OC(O)C=C1N,False,BasidalinOnly_gen3
CC1OC(O)(C(=O)O)C=C1N,False,BasidalinOnly_gen3
NC1=CC(O)(CC(=O)O)OC1,False,BasidalinOnly_gen3
OC1=NC2=CC(O)OC2C1,False,BasidalinOnly_gen3
NC1=CC2(O)OC(O)CC1O2,False,BasidalinOnly_gen3
NC1=CC(O)OC1C1OC1O,False,BasidalinOnly_gen3
NC1=CC2OC1C(C(O)O)O2,False,BasidalinOnly_gen3
NC1=CC(O)OC12CC(O)O2,False,BasidalinOnly_gen3
NC1=CC2OC1(CC(O)O)O2,False,BasidalinOnly_gen3
NC1=C2OC(O)CC1OC2O,False,BasidalinOnly_gen3
NC1=C2OC2OC1CC(O)O,False,BasidalinOnly_gen3
NC1=CC(O)OC1CC=O,False,BasidalinOnly_gen3
NC1=CC(O)OC1CCO,False,BasidalinOnly_gen3
COC(=O)CC1OC(O)C=C1N,False,BasidalinOnly_gen3
COC1C=C(N)C(CC(=O)O)O1,False,BasidalinOnly_gen3
NC1=CC(O)OC1CC(=O)Cl,False,BasidalinOnly_gen3
NC(=O)CC1OC(O)C=C1N,False,BasidalinOnly_gen3
N#CCC1OC(O)C=C1N,False,BasidalinOnly_gen3
NC1=CC(O)OC1C=O,False,BasidalinOnly_gen3
NC1=CC(O)(C(O)C=O)OC1,False,BasidalinOnly_gen3
NC1=CC(O)(C=O)OC1CO,False,BasidalinOnly_gen3
NC1=CC(O)OC1(C=O)CO,False,BasidalinOnly_gen3
NC1=C(C=O)C(O)OC1CO,False,BasidalinOnly_gen3
NC1=CC(O)OC1,False,BasidalinOnly_gen3
OC1C=C2N=CC(O)C2O1,False,BasidalinOnly_gen3
NC1=CC2OC1C(O)(CO)O2,False,BasidalinOnly_gen3
NC1=CC2(O)OC(CO)C1O2,False,BasidalinOnly_gen3
NC1=CC(O)OC12OC2CO,False,BasidalinOnly_gen3
NC1=CC2OC1(C(O)CO)O2,False,BasidalinOnly_gen3
NC1=C2OC(CO)C1OC2O,False,BasidalinOnly_gen3
NC1=C2OC2OC1C(O)CO,False,BasidalinOnly_gen3
NC1=CC(O)OC1C(=O)C=O,False,BasidalinOnly_gen3
NC1=CC(O)OC1C(O)=C=O,False,BasidalinOnly_gen3
COC(C=O)C1OC(O)C=C1N,False,BasidalinOnly_gen3
COC1C=C(N)C(C(O)C=O)O1,False,BasidalinOnly_gen3
NC1=CC(O)OC1C(Cl)C=O,False,BasidalinOnly_gen3
NC1=CC(=O)OC1(CO)CO,False,BasidalinOnly_gen3
NC1=C(CO)C(=O)OC1CO,False,BasidalinOnly_gen3
CC(=O)C1OC(=O)C=C1N,False,BasidalinOnly_gen3
NC1=CC(=O)OC1C(=O)CO,False,BasidalinOnly_gen3
COC(CO)C1OC(=O)C=C1N,False,BasidalinOnly_gen3
COCC(O)C1OC(=O)C=C1N,False,BasidalinOnly_gen3
NC1=CC(=O)OC1C(Cl)CO,False,BasidalinOnly_gen3
NC1=CC(=O)OC1C(O)CCl,False,BasidalinOnly_gen3
CC(O)C1OC(=O)C=C1N,False,BasidalinOnly_gen3
CC(=O)NC1=CC(=O)OC1C,False,BasidalinOnly_gen3
NC1=CC(=O)OC1C(=O)CC=O,False,BasidalinOnly_gen3
CC1(C(=O)C=O)OC(=O)C=C1N,False,BasidalinOnly_gen3
CC1(C=O)OC(=O)C(C=O)=C1N,False,BasidalinOnly_gen3
O=CCC12C=NC1=CC(=O)O2,False,BasidalinOnly_gen3
O=CC12CC=NC1=CC(=O)O2,False,BasidalinOnly_gen3
NC1=CC(=O)OC1(C=O)C=C=O,False,BasidalinOnly_gen3
NC1=CC(=O)OC1(C=O)CCO,False,BasidalinOnly_gen3
NC1=CC(=O)OC1(CO)CC=O,False,BasidalinOnly_gen3
CC(=O)CC1(C=O)OC(=O)C=C1N,False,BasidalinOnly_gen3
N#CC(O)C1(CC=O)OC(=O)C=C1N,False,BasidalinOnly_gen3
N#CC(O)CC1(C=O)OC(=O)C=C1N,False,BasidalinOnly_gen3
NCCC1(C=O)OC(=O)C=C1N,False,BasidalinOnly_gen3
O=CC1C=NC2=CC(=O)OC21,False,BasidalinOnly_gen3
NC1=CC(=O)OC1C(=C=O)C=O,False,BasidalinOnly_gen3
CC(=O)C(C=O)C1OC(=O)C=C1N,False,BasidalinOnly_gen3
N#CC(O)C(C=O)C1OC(=O)C=C1N,False,BasidalinOnly_gen3
NCC(C=O)C1OC(=O)C=C1N,False,BasidalinOnly_gen3
NC1=C(C(=O)CC=O)C(=O)OC1,False,BasidalinOnly_gen3
CC1OC(=O)C(C(=O)C=O)=C1N,False,BasidalinOnly_gen3
O=CCC1OC(=O)C2=C1N=C2,False,BasidalinOnly_gen3
O=CC1=C2N=CCC2OC1=O,False,BasidalinOnly_gen3
NC1=C(C=O)C(=O)OC1C=C=O,False,BasidalinOnly_gen3
NC1=C(C=O)C(=O)OC1CCO,False,BasidalinOnly_gen3
NC1=C(CO)C(=O)OC1CC=O,False,BasidalinOnly_gen3
CC(=O)CC1OC(=O)C(C=O)=C1N,False,BasidalinOnly_gen3
N#CC(O)C1=C(N)C(CC=O)OC1=O,False,BasidalinOnly_gen3
N#CC(O)CC1OC(=O)C(C=O)=C1N,False,BasidalinOnly_gen3
NCCC1OC(=O)C(C=O)=C1N,False,BasidalinOnly_gen3
O=CC1=NC2=CC(=O)OC2C1,False,BasidalinOnly_gen3
O=C1C=NC2=CC(=O)OC2C1,False,BasidalinOnly_gen3
NC1=CC(=O)OC1CC(O)C=O,False,BasidalinOnly_gen3
CC(=O)C(=O)CC1OC(=O)C=C1N,False,BasidalinOnly_gen3
N#CC(O)(C=O)CC1OC(=O)C=C1N,False,BasidalinOnly_gen3
N#CC(O)C(=O)CC1OC(=O)C=C1N,False,BasidalinOnly_gen3
NC1=CC(=O)OC1CC(N)C=O,False,BasidalinOnly_gen3
NCC(=O)CC1OC(=O)C=C1N,False,BasidalinOnly_gen3
C=C1OC(=O)C(CC=O)=C1N,False,BasidalinOnly_gen3
O=C1C=C2N=CCC=C2O1,False,BasidalinOnly_gen3
NC1=CC(=O)OC1=C=CC=O,False,BasidalinOnly_gen3
NC1=CC(=O)OC1=CC=C=O,False,BasidalinOnly_gen3
CC(CC=O)=C1OC(=O)C=C1N,False,BasidalinOnly_gen3
CC(C=O)C=C1OC(=O)C=C1N,False,BasidalinOnly_gen3
CC(=O)CC=C1OC(=O)C=C1N,False,BasidalinOnly_gen3
CC(=O)NC1=CC(=O)OC1=CCC=O,False,BasidalinOnly_gen3
N#CC(O)CC=C1OC(=O)C=C1N,False,BasidalinOnly_gen3
NCCC=C1OC(=O)C=C1N,False,BasidalinOnly_gen3
NC1=CC(=O)OC1=C(O)CC=O,False,BasidalinOnly_gen3
NC1=CC(=O)OC1=CC(O)C=O,False,BasidalinOnly_gen3
NC1=CC(=O)OC1=CCC(=O)O,False,BasidalinOnly_gen3
NC1=CC(=O)OC12OC2CC=O,False,BasidalinOnly_gen3
NC1=CC(=O)OC1=CCOC=O,False,BasidalinOnly_gen3
NC1=CC(=O)OC1(O)CCC=O,False,BasidalinOnly_gen3
NC1=CC(O)OC1=CCC(=O)O,False,BasidalinOnly_gen3
NC1=CC(=O)OC1=C(O)CCO,False,BasidalinOnly_gen3
NC1=CC(O)OC1=C(O)CC=O,False,BasidalinOnly_gen3
NC1=CC(O)OC1=CC(O)C=O,False,BasidalinOnly_gen3
CC=C1OC(=O)C=C1N,False,BasidalinOnly_gen3
NC(=CC(=O)O)C(=O)CCC=O,False,BasidalinOnly_gen3
NC1=CC(=O)OC1=C(CC=O)CC=O,False,BasidalinOnly_gen3
NC1=CC(=O)OC1=C(C=O)CC=O,False,BasidalinOnly_gen3
NC1=CC(=O)OC1=CC(C=O)CC=O,False,BasidalinOnly_gen3
NC1=CC(=O)OC1=CC(C=O)C=O,False,BasidalinOnly_gen3
NC1=CC(=O)OC1=CCC(=O)CC=O,False,BasidalinOnly_gen3
NC1=CC(=O)OC1=CCC(=O)C=O,False,BasidalinOnly_gen3
NC1=C(CC=O)C(=O)OC1=CCC=O,False,BasidalinOnly_gen3
NC1=C(C=O)C(=O)OC1=CCC=O,False,BasidalinOnly_gen3
CC1=C2N=CC=C2OC1=O,False,BasidalinOnly_gen3
CC1=C(N)C(=C=C=O)OC1=O,False,BasidalinOnly_gen3
CC1=C(N)/C(=C\C(O)C#N)OC1=O,False,BasidalinOnly_gen3
CC1=C(N)C(N)(CC=O)OC1=O,False,BasidalinOnly_gen3
CC1=C(N)/C(=C\CN)OC1=O,False,BasidalinOnly_gen3
CC1=C(N)/C(=C(/O)C=O)OC1=O,False,BasidalinOnly_gen3
CC1=C(N)/C(=C\C(=O)O)OC1=O,False,BasidalinOnly_gen3
CC1=C(N)C2(OC1=O)OC2C=O,False,BasidalinOnly_gen3
CC1=C(N)C(=COC=O)OC1=O,False,BasidalinOnly_gen3
CC1=C(N)C(O)(CC=O)OC1=O,False,BasidalinOnly_gen3
CC1=C(N)/C(=C\C(=O)O)OC1O,False,BasidalinOnly_gen3
CC1=C(N)/C(=C(/O)C=O)OC1O,False,BasidalinOnly_gen3
CC1=C(N)/C(=C(/O)CO)OC1=O,False,BasidalinOnly_gen3
CC1=C(N)C(=C(C=O)C=O)OC1=O,False,BasidalinOnly_gen3
NC1=C(CC=O)C(=O)O/C1=C/C=O,False,BasidalinOnly_gen3
CC1=C(N)/C(=C\C(=O)C=O)OC1=O,False,BasidalinOnly_gen3
CC=C1OC(=O)C2=C1N=C2,False,BasidalinOnly_gen3
CC(C)=C1OC(=O)C(C=O)=C1N,False,BasidalinOnly_gen3
CCC=C1OC(=O)C(C=O)=C1N,False,BasidalinOnly_gen3
CC=C1OC(=O)C(C(O)C#N)=C1N,False,BasidalinOnly_gen3
CC(O)=C1OC(=O)C(C=O)=C1N,False,BasidalinOnly_gen3
NC1=C(C=O)C(=O)OC1=CCO,False,BasidalinOnly_gen3
CC1OC12OC(=O)C(C=O)=C2N,False,BasidalinOnly_gen3
CCC1(O)OC(=O)C(C=O)=C1N,False,BasidalinOnly_gen3
CC=C1OC(O)C(C(=O)O)=C1N,False,BasidalinOnly_gen3
CC(O)=C1OC(=O)C(CO)=C1N,False,BasidalinOnly_gen3
CC(O)=C1OC(O)C(C=O)=C1N,False,BasidalinOnly_gen3
NC1=C(C=O)C(O)OC1=CCO,False,BasidalinOnly_gen3
CC=C1OC(=O)C(C(C)=O)=C1N,False,BasidalinOnly_gen3
CC1C=NC(=CC(=O)O)C1=O,False,BasidalinOnly_gen3
NC1=CC(=O)OC1=CCCC=O,False,BasidalinOnly_gen3
CCC1=C(N)/C(=C\C=O)OC1=O,False,BasidalinOnly_gen3
CCC1=C2OC(=O)C=C2N=C1,False,BasidalinOnly_gen3
CC(C)/C(C=O)=C1\OC(=O)C=C1N,False,BasidalinOnly_gen3
CCC/C(C=O)=C1\OC(=O)C=C1N,False,BasidalinOnly_gen3
CC/C(C(C)=O)=C1\OC(=O)C=C1N,False,BasidalinOnly_gen3
CC/C(=C1\OC(=O)C=C1N)C(O)C#N,False,BasidalinOnly_gen3
CCC(C=O)C1(N)OC(=O)C=C1N,False,BasidalinOnly_gen3
CC/C(CN)=C1\OC(=O)C=C1N,False,BasidalinOnly_gen3
CC(O)/C(C=O)=C1\OC(=O)C=C1N,False,BasidalinOnly_gen3
NC1=CC(=O)O/C1=C(/C=O)CCO,False,BasidalinOnly_gen3
CC/C(C(=O)O)=C1\OC(=O)C=C1N,False,BasidalinOnly_gen3
CCC1(C=O)OC12OC(=O)C=C2N,False,BasidalinOnly_gen3
CCC(OC=O)=C1OC(=O)C=C1N,False,BasidalinOnly_gen3
CCC(C=O)C1(O)OC(=O)C=C1N,False,BasidalinOnly_gen3
CC/C(C(=O)O)=C1\OC(O)C=C1N,False,BasidalinOnly_gen3
CC(O)/C(CO)=C1\OC(=O)C=C1N,False,BasidalinOnly_gen3
CC(O)/C(C=O)=C1\OC(O)C=C1N,False,BasidalinOnly_gen3
NC1=CC(O)O/C1=C(/C=O)CCO,False,BasidalinOnly_gen3
CC/C=C1\OC(=O)C=C1N,False,BasidalinOnly_gen3
CCC(C=O)C(=O)C(N)=CC(=O)O,False,BasidalinOnly_gen3
CC(C=O)/C(C=O)=C1\OC(=O)C=C1N,False,BasidalinOnly_gen3
NC1=CC(=O)O/C1=C(/C=O)CCC=O,False,BasidalinOnly_gen3
CC/C(C(=O)C=O)=C1\OC(=O)C=C1N,False,BasidalinOnly_gen3
CC/C(C=O)=C1\OC(=O)C(C)=C1N,False,BasidalinOnly_gen3
CC/C(C=O)=C1\OC(=O)C(C=O)=C1N,False,BasidalinOnly_gen3
CC1=NC2=CC(=O)OC2=C1C,False,BasidalinOnly_gen3
CCC(=O)/C(C)=C1/OC(=O)C=C1N,False,BasidalinOnly_gen3
C/C(=C1\OC(=O)C=C1N)C(C)(O)C#N,False,BasidalinOnly_gen3
CC(=O)C(C)C1(N)OC(=O)C=C1N,False,BasidalinOnly_gen3
C/C(=C1\OC(=O)C=C1N)C(C)N,False,BasidalinOnly_gen3
C/C(C(=O)CO)=C1\OC(=O)C=C1N,False,BasidalinOnly_gen3
CC(=O)/C(CO)=C1/OC(=O)C=C1N,False,BasidalinOnly_gen3
CC(=O)C1(C)OC12OC(=O)C=C2N,False,BasidalinOnly_gen3
COC(=O)/C(C)=C1/OC(=O)C=C1N,False,BasidalinOnly_gen3
CC(=O)OC(C)=C1OC(=O)C=C1N,False,BasidalinOnly_gen3
CC(=O)C(C)C1(O)OC(=O)C=C1N,False,BasidalinOnly_gen3
C/C(C(=O)CO)=C1\OC(O)C=C1N,False,BasidalinOnly_gen3
CC(O)/C(CO)=C1/OC(=O)C=C1N,False,BasidalinOnly_gen3
CC(=O)/C(CO)=C1/OC(O)C=C1N,False,BasidalinOnly_gen3
CC(=O)C(C)C(=O)C(N)=CC(=O)O,False,BasidalinOnly_gen3
CC(=O)/C(C)=C1/OC(=O)C(C)=C1N,False,BasidalinOnly_gen3
CC=C1OC(=O)C=C1NC(=O)CC=O,False,BasidalinOnly_gen3
CC1=C(NC=O)/C(=C(/C)C=O)OC1=O,False,BasidalinOnly_gen3
CC/C(C=O)=C1\OC(=O)C=C1NC=O,False,BasidalinOnly_gen3
CC(=O)/C(C)=C1/OC(=O)C=C1NC=O,False,BasidalinOnly_gen3
CC(=O)[N+]1=CC(C)=C2OC(=O)C=C21,False,BasidalinOnly_gen3
C/C(C=O)=C1\OC(=O)C=C1NC(C)O,False,BasidalinOnly_gen3
CC(=O)NC1=CC(=O)OC1(N)C(C)C=O,False,BasidalinOnly_gen3
C/C(C=O)=C1\OC(=O)C=C1NC(C)N,False,BasidalinOnly_gen3
CC(=O)NC1=CC(=O)O/C1=C(\C)CN,False,BasidalinOnly_gen3
C/C=C1\OC(=O)C=C1NC(C)=O,False,BasidalinOnly_gen3
N#CC/C(CO)=C1\OC(=O)C=C1N,False,BasidalinOnly_gen3
C/C(CO)=C1\OC(=O)C(C#N)=C1N,False,BasidalinOnly_gen3
C/C(C(=O)C#N)=C1\OC(=O)C=C1N,False,BasidalinOnly_gen3
C/C(CC#N)=C1\OC(=O)C=C1N,False,BasidalinOnly_gen3
COC(C#N)/C(C)=C1/OC(=O)C=C1N,False,BasidalinOnly_gen3
C/C(=C1\OC(=O)C=C1N)C(Cl)C#N,False,BasidalinOnly_gen3
C/C(=C1\OC(=O)C=C1N)C(O)(O)C#N,False,BasidalinOnly_gen3
N#CC(O)/C(CO)=C1/OC(=O)C=C1N,False,BasidalinOnly_gen3
CC1(C(O)C#N)OC12OC(=O)C=C2N,False,BasidalinOnly_gen3
CC(C(O)C#N)C1(O)OC(=O)C=C1N,False,BasidalinOnly_gen3
C/C(=C1\OC(O)C=C1N)C(O)(O)C#N,False,BasidalinOnly_gen3
N#CC(O)/C(CO)=C1/OC(O)C=C1N,False,BasidalinOnly_gen3
CC(C(=O)C(N)=CC(=O)O)C(O)C#N,False,BasidalinOnly_gen3
C/C(=C1\OC(=O)C=C1N)C(O)C(N)=O,False,BasidalinOnly_gen3
C/C(=C1\OC(=O)C=C1N)C(O)C=NO,False,BasidalinOnly_gen3
CC1=C(N)/C(=C(/C)C(O)C#N)OC1=O,False,BasidalinOnly_gen3
NC1=CC(=O)OC1(N)CCC=O,False,BasidalinOnly_gen3
CCC1(N)OC(=O)C(C=O)=C1N,False,BasidalinOnly_gen3
CC(C=O)C1=C(N)C(N)OC1=O,False,BasidalinOnly_gen3
CC1C=NC12OC(=O)C=C2N,False,BasidalinOnly_gen3
CC(C=O)C12N=C(C=C1N)O2,False,BasidalinOnly_gen3
CC1C=NC2=CC(=O)OC21N,False,BasidalinOnly_gen3
CC(C=O)C1(N)OC2=NC1=C2,False,BasidalinOnly_gen3
C=C(C=O)C1(N)OC(=O)C=C1N,False,BasidalinOnly_gen3
CC(=C=O)C1(N)OC(=O)C=C1N,False,BasidalinOnly_gen3
CC(CO)C1(N)OC(=O)C=C1N,False,BasidalinOnly_gen3
CC(C)(C=O)C1(N)OC(=O)C=C1N,False,BasidalinOnly_gen3
CC(=O)NC1(C(C)C=O)OC(=O)C=C1N,False,BasidalinOnly_gen3
CC(O)(C=O)C1(N)OC(=O)C=C1N,False,BasidalinOnly_gen3
NC1=CC(=O)OC1(N)C(C=O)CO,False,BasidalinOnly_gen3
CC(C(=O)O)C1(N)OC(=O)C=C1N,False,BasidalinOnly_gen3
CC(OC=O)C1(N)OC(=O)C=C1N,False,BasidalinOnly_gen3
CC(C(=O)O)C1(N)OC(O)C=C1N,False,BasidalinOnly_gen3
CC(O)(CO)C1(N)OC(=O)C=C1N,False,BasidalinOnly_gen3
CC(O)(C=O)C1(N)OC(O)C=C1N,False,BasidalinOnly_gen3
NC1=CC(=O)OC1(N)C(CO)CO,False,BasidalinOnly_gen3
NC1=CC(O)OC1(N)C(C=O)CO,False,BasidalinOnly_gen3
CCC1(N)OC(=O)C=C1N,False,BasidalinOnly_gen3
CC(C=O)(C=O)C1(N)OC(=O)C=C1N,False,BasidalinOnly_gen3
NC1=CC(=O)OC1(N)C(C=O)CC=O,False,BasidalinOnly_gen3
CC(C(=O)C=O)C1(N)OC(=O)C=C1N,False,BasidalinOnly_gen3
CC1=C(N)C(N)(C(C)C=O)OC1=O,False,BasidalinOnly_gen3
CC(C=O)C1(N)OC(=O)C(C=O)=C1N,False,BasidalinOnly_gen3
CC=C1OC(=O)C(CN)=C1N,False,BasidalinOnly_gen3
CC1=c2oc(cc2N)=NC1,False,BasidalinOnly_gen3
CC1=C2OC(=O)C=C2NC1,False,BasidalinOnly_gen3
CNC/C(C)=C1/OC(=O)C=C1N,False,BasidalinOnly_gen3
CC(=O)NC/C(C)=C1/OC(=O)C=C1N,False,BasidalinOnly_gen3
C/C(=C1\OC(=O)C=C1N)C(N)C(=O)O,False,BasidalinOnly_gen3
NC/C(CC(=O)O)=C1/OC(=O)C=C1N,False,BasidalinOnly_gen3
C/C(=C1\OC(=O)C=C1N)C(N)O,False,BasidalinOnly_gen3
NC/C(CO)=C1/OC(=O)C=C1N,False,BasidalinOnly_gen3
CC1(CN)OC12OC(=O)C=C2N,False,BasidalinOnly_gen3
CC(CN)C1(O)OC(=O)C=C1N,False,BasidalinOnly_gen3
C/C(=C1\OC(O)C=C1N)C(N)O,False,BasidalinOnly_gen3
NC/C(CO)=C1/OC(O)C=C1N,False,BasidalinOnly_gen3
CC(CN)C(=O)C(N)=CC(=O)O,False,BasidalinOnly_gen3
CC1=C(N)/C(=C(/C)CN)OC1=O,False,BasidalinOnly_gen3
NC1=CC(=O)O/C1=C1\COC1O,False,BasidalinOnly_gen3
O=C1C=C2N=CC(CO)=C2O1,False,BasidalinOnly_gen3
NC1=C2OCC(CO)=C1OC2=O,False,BasidalinOnly_gen3
COC/C(C=O)=C1\OC(=O)C=C1N,False,BasidalinOnly_gen3
NC1=CC(=O)O/C1=C(/C=O)CCl,False,BasidalinOnly_gen3
NC1=CC(=O)O/C1=C\CO,False,BasidalinOnly_gen3
CC=C1OC(=O)C(C(=O)O)=C1N,False,BasidalinOnly_gen3
Cc1c(O)c2cc(N)c1o2,False,BasidalinOnly_gen3
CC1=C2OC(=O)C=C2N=C1O,False,BasidalinOnly_gen3
CC1=C2OC(=O)C(=C2N)OC1O,False,BasidalinOnly_gen3
NC1=CC(=O)O/C1=C1\CC1=O,False,BasidalinOnly_gen3
C/C(C(=O)Cl)=C1\OC(=O)C=C1N,False,BasidalinOnly_gen3
C/C(C(N)=O)=C1\OC(=O)C=C1N,False,BasidalinOnly_gen3
C/C(C#N)=C1\OC(=O)C=C1N,False,BasidalinOnly_gen3
CC1=C(N)/C(=C(/C)C(=O)O)OC1=O,False,BasidalinOnly_gen3
CC12C=NC3=CC(=O)OC31O2,False,BasidalinOnly_gen3
CC1(C=O)OC12OC1=NC2=C1,False,BasidalinOnly_gen3
Cc1ocnc2cc(=O)oc1-2,False,BasidalinOnly_gen3
COC(C)=C1OC(=O)C=C1N,False,BasidalinOnly_gen3
CC(O)=C1OC(=O)C=C1N,False,BasidalinOnly_gen3
CC(OC=O)=C1OC(=O)C(C)=C1N,False,BasidalinOnly_gen3
CC(C=O)C1=C(N)C(O)OC1=O,False,BasidalinOnly_gen3
CCC=O,False,BasidalinOnly_gen3
CC1C=NC2=CC(=O)OC21O,False,BasidalinOnly_gen3
CC(C=O)C1(O)OC2=NC1=C2,False,BasidalinOnly_gen3
NC1=CC(=O)OC12OCC2CO,False,BasidalinOnly_gen3
CC(CO)C12OC(=O)C(=C1N)O2,False,BasidalinOnly_gen3
C=C(C=O)C1(O)OC(=O)C=C1N,False,BasidalinOnly_gen3
CC(=C=O)C1(O)OC(=O)C=C1N,False,BasidalinOnly_gen3
COC1(C(C)C=O)OC(=O)C=C1N,False,BasidalinOnly_gen3
CC(C)(C=O)C1(O)OC(=O)C=C1N,False,BasidalinOnly_gen3
CC1=C(N)C(O)(C(C)C=O)OC1=O,False,BasidalinOnly_gen3
C/C=C1\OC(O)C=C1N,False,BasidalinOnly_gen3
CC1(O)C=C(N)/C(=C\C(=O)O)O1,False,BasidalinOnly_gen3
CC=C1OC(O)(C(=O)O)C=C1N,False,BasidalinOnly_gen3
CC1=C2OC(O)C=C2N=C1O,False,BasidalinOnly_gen3
CC1=C2OC(O)(C=C2N)OC1O,False,BasidalinOnly_gen3
NC1=CC(O)O/C1=C1\COC1O,False,BasidalinOnly_gen3
NC1=CC2OCC(C(O)O)=C1O2,False,BasidalinOnly_gen3
CC1=C2OC(O)C(=C2N)OC1O,False,BasidalinOnly_gen3
C/C(=C1\OC2OC2=C1N)C(O)O,False,BasidalinOnly_gen3
NC1=CC(O)O/C1=C1\CC1=O,False,BasidalinOnly_gen3
C/C(C(=O)O)=C1/OC(O)C=C1N,False,BasidalinOnly_gen3
C/C(C=O)=C1\OC(O)C=C1N,False,BasidalinOnly_gen3
C/C(CO)=C1\OC(O)C=C1N,False,BasidalinOnly_gen3
COC(=O)/C(C)=C1/OC(O)C=C1N,False,BasidalinOnly_gen3
COC1C=C(N)/C(=C(/C)C(=O)O)O1,False,BasidalinOnly_gen3
C/C(C(=O)Cl)=C1\OC(O)C=C1N,False,BasidalinOnly_gen3
C/C(C(N)=O)=C1\OC(O)C=C1N,False,BasidalinOnly_gen3
C/C(C#N)=C1\OC(O)C=C1N,False,BasidalinOnly_gen3
C/C(C(=O)O)=C1\OC(C)(O)C=C1N,False,BasidalinOnly_gen3
CC1=C(N)/C(=C(/C)C(=O)O)OC1O,False,BasidalinOnly_gen3
NC1=CC(O)(CO)O/C1=C/C=O,False,BasidalinOnly_gen3
NC1=C(CO)C(O)O/C1=C/C=O,False,BasidalinOnly_gen3
NC1=CC(O)(C=O)OC1=CCO,False,BasidalinOnly_gen3
OCC1=C2OC(O)C=C2N=C1,False,BasidalinOnly_gen3
NC1=CC2OC1=C(CO)C(O)O2,False,BasidalinOnly_gen3
NC1=CC2(O)OCC(CO)=C1O2,False,BasidalinOnly_gen3
NC1=C2OCC(CO)=C1OC2O,False,BasidalinOnly_gen3
NC1=C2OC2OC1=C(CO)CO,False,BasidalinOnly_gen3
NC1=CC(O)OC1=C(C=O)C=O,False,BasidalinOnly_gen3
COC/C(C=O)=C1\OC(O)C=C1N,False,BasidalinOnly_gen3
COC1C=C(N)/C(=C(\C=O)CO)O1,False,BasidalinOnly_gen3
NC1=CC(O)O/C1=C(/C=O)CCl,False,BasidalinOnly_gen3
NC1=CC(O)O/C1=C\CO,False,BasidalinOnly_gen3
NC1=CC(=O)O/C1=C\CC(=O)O,False,BasidalinOnly_gen3
C/C(O)=C1\OC(=O)C=C1N,False,BasidalinOnly_gen3
C/C(O)=C1\OC(O)C=C1N,False,BasidalinOnly_gen3
C/C=C1\OC(=O)C(C)=C1N,False,BasidalinOnly_gen3
COC=O,False,BasidalinOnly_gen3
CC(=O)OC=O,False,BasidalinOnly_gen3
NC=O,False,BasidalinOnly_gen3
O=CC(=O)O,False,BasidalinOnly_gen3
C=C(N)C(=O)C(C)C=O,False,BasidalinOnly_gen3
C=C(N)C(=O)C(C)(C=O)C(=O)O,False,BasidalinOnly_gen3
C=C(N)C(=O)C(C=O)CC(=O)O,False,BasidalinOnly_gen3
C=C(N)C(=O)C(C)C(=O)C(=O)O,False,BasidalinOnly_gen3
CC(C=O)(C=O)C(N)=CC(=O)O,False,BasidalinOnly_gen3
CC(C=O)C(C(=O)O)=C(N)C=O,False,BasidalinOnly_gen3
CC(C=O)C(=O)C(=CN)C(=O)O,False,BasidalinOnly_gen3
NC(=CC(=O)O)CC(C=O)C=O,False,BasidalinOnly_gen3
CCC(=O)C(=O)C(N)=CC(=O)O,False,BasidalinOnly_gen3
CC1C(=O)C(N)=CC(=O)OC1O,False,BasidalinOnly_gen3
Cc1coc(=O)cc(N)c1=O,False,BasidalinOnly_gen3
CC(C=O)C(=O)C1=CC(O)=N1,False,BasidalinOnly_gen3
CC(C=O)C1=NC1=CC(=O)O,False,BasidalinOnly_gen3
CC1(C=O)OC(O)C=C(N)C1=O,False,BasidalinOnly_gen3
CC1(C=O)OC(=O)C=C(N)C1O,False,BasidalinOnly_gen3
CC1(CO)OC(=O)C=C(N)C1=O,False,BasidalinOnly_gen3
CC(C=O)C(=O)C(N)=C1OC1O,False,BasidalinOnly_gen3
CC(C=O)C(O)C(N)=C1OC1=O,False,BasidalinOnly_gen3
CC(CO)C(=O)C(N)=C1OC1=O,False,BasidalinOnly_gen3
NC1=CC(O)OCC(C=O)C1=O,False,BasidalinOnly_gen3
NC1=CC(=O)OCC(C=O)C1O,False,BasidalinOnly_gen3
NC1=CC(=O)OCC(CO)C1=O,False,BasidalinOnly_gen3
CC1C(=O)OC(O)C=C(N)C1=O,False,BasidalinOnly_gen3
CC1C(=O)OC(=O)C=C(N)C1O,False,BasidalinOnly_gen3
Cc1cc(O)cc(N)c1O,False,BasidalinOnly_gen3
CC(C=O)C1=[NH+]C1=CC(=O)O,False,BasidalinOnly_gen3
CC1C=[NH+]C(=CC(=O)O)C1=O,False,BasidalinOnly_gen3
CC=C(N)C(=O)C(C=O)C(=O)O,False,BasidalinOnly_gen3
C=C(C=O)C(=O)C(N)=CC(=O)O,False,BasidalinOnly_gen3
CC(C=O)C(=O)C(N)=CC(O)O,False,BasidalinOnly_gen3
CC(C=O)C(O)C(N)=CC(=O)O,False,BasidalinOnly_gen3
CC(C=O)C(=O)C(N)=CC=O,False,BasidalinOnly_gen3
CC(C=O)C(=O)C(N)CC(=O)O,False,BasidalinOnly_gen3
CC(C=O)C(=O)C(N)=CCO,False,BasidalinOnly_gen3
COC(=O)C=C(N)C(=O)C(C)C=O,False,BasidalinOnly_gen3
CNC(=CC(=O)O)C(=O)C(C)C=O,False,BasidalinOnly_gen3
CC(C)(C=O)C(=O)C(N)=CC(=O)O,False,BasidalinOnly_gen3
CC(C(=O)O)=C(N)C(=O)C(C)C=O,False,BasidalinOnly_gen3
CC(C=O)C(=O)C(N)=CC(O)(O)C#N,False,BasidalinOnly_gen3
CC(C=O)C(O)(C#N)C(N)=CC(=O)O,False,BasidalinOnly_gen3
CC(C=O)C(=O)C(N)=CC(=O)Cl,False,BasidalinOnly_gen3
CC(C=O)C(=O)C(N)=CC(N)=O,False,BasidalinOnly_gen3
CC(C=O)C(=O)C(N)=CC#N,False,BasidalinOnly_gen3
CC(C=O)C(=O)C(N)(N)CC(=O)O,False,BasidalinOnly_gen3
CC(C=O)C(=O)C(N)C(N)C(=O)O,False,BasidalinOnly_gen3
CC(C=O)C(=O)C(N)=CC(N)O,False,BasidalinOnly_gen3
CC(C=O)C(N)C(N)=CC(=O)O,False,BasidalinOnly_gen3
CC(C=O)C(=O)C(N)=C=O,False,BasidalinOnly_gen3
CC(=O)/C(C=O)=C1\OC(=O)C=C1N,False,BasidalinOnly_gen3
NC1=CC(=O)O/C1=C/C(=O)CC=O,False,BasidalinOnly_gen3
O=CC1=C2OC(=O)C=C2N=CC1,False,BasidalinOnly_gen3
O=CCC1=C2OC(=O)C=C2N=C1,False,BasidalinOnly_gen3
NC1=CC(=O)O/C1=C(/CO)CC=O,False,BasidalinOnly_gen3
CC(=O)C/C(C=O)=C1\OC(=O)C=C1N,False,BasidalinOnly_gen3
CC(=O)/C(CC=O)=C1/OC(=O)C=C1N,False,BasidalinOnly_gen3
N#CC(O)C/C(C=O)=C1\OC(=O)C=C1N,False,BasidalinOnly_gen3
N#CC(O)/C(CC=O)=C1/OC(=O)C=C1N,False,BasidalinOnly_gen3
NCC/C(C=O)=C1\OC(=O)C=C1N,False,BasidalinOnly_gen3
NC/C(CC=O)=C1/OC(=O)C=C1N,False,BasidalinOnly_gen3
NC1=CC(=O)O/C1=C\CC=O,False,BasidalinOnly_gen3
CC(C(=O)C=O)=C1OC(=O)C=C1N,False,BasidalinOnly_gen3
CC=C1OC(=O)C(C(=O)C=O)=C1N,False,BasidalinOnly_gen3
CC1=C2OC(=O)C=C2N=C1C=O,False,BasidalinOnly_gen3
CC1=C2OC(=O)C=C2N=CC1=O,False,BasidalinOnly_gen3
C/C(=C1\OC(=O)C=C1N)C(O)C=O,False,BasidalinOnly_gen3
CC(=O)C(=O)/C(C)=C1/OC(=O)C=C1N,False,BasidalinOnly_gen3
C/C(C(=O)C(O)C#N)=C1\OC(=O)C=C1N,False,BasidalinOnly_gen3
C/C(=C1\OC(=O)C=C1N)C(O)(C#N)C=O,False,BasidalinOnly_gen3
C/C(=C1\OC(=O)C=C1N)C(N)C=O,False,BasidalinOnly_gen3
C/C(C(=O)CN)=C1\OC(=O)C=C1N,False,BasidalinOnly_gen3
CC1=C(N)/C(=C(/C)C(=O)C=O)OC1=O,False,BasidalinOnly_gen3
CC=C1OC(=O)C(CC=O)=C1N,False,BasidalinOnly_gen3
CC1=C(N)C(=CCC=O)OC1=O,False,BasidalinOnly_gen3
CC1=C2OC(=O)C(C)=C2N=C1,False,BasidalinOnly_gen3
CC1=C(N)/C(=C(\C=O)CO)OC1=O,False,BasidalinOnly_gen3
CC1=C(N)C2(OC1=O)OC2(C)C=O,False,BasidalinOnly_gen3
CC1=C(N)/C(=C(\C=O)CO)OC1O,False,BasidalinOnly_gen3
CC1=C(N)C(=C(CO)CO)OC1=O,False,BasidalinOnly_gen3
CCC1=C(N)/C(=C(/C)C=O)OC1=O,False,BasidalinOnly_gen3
C/C(C=O)=C1\OC(=O)C(CC=O)=C1N,False,BasidalinOnly_gen3
CC1=C(N)/C(=C(\C=O)CC=O)OC1=O,False,BasidalinOnly_gen3
CC(=O)C1=C(N)/C(=C\C=O)OC1=O,False,BasidalinOnly_gen3
C/C(C=O)=C1\OC(=O)C2=C1N=C2,False,BasidalinOnly_gen3
CC1=C2OC(=O)C(C=O)=C2N=C1,False,BasidalinOnly_gen3
C/C(CO)=C1\OC(=O)C(C=O)=C1N,False,BasidalinOnly_gen3
C/C(C=O)=C1\OC(=O)C(CO)=C1N,False,BasidalinOnly_gen3
CC(=O)/C(C)=C1/OC(=O)C(C=O)=C1N,False,BasidalinOnly_gen3
C/C(C=O)=C1\OC(=O)C(C(O)C#N)=C1N,False,BasidalinOnly_gen3
C/C(=C1\OC(=O)C(C=O)=C1N)C(O)C#N,False,BasidalinOnly_gen3
C/C(CN)=C1\OC(=O)C(C=O)=C1N,False,BasidalinOnly_gen3
C/C=C1\OC(=O)C(C=O)=C1N,False,BasidalinOnly_gen3
CC(=O)C1=C(N)/C(=C(/C)C=O)OC1=O,False,BasidalinOnly_gen3
C=C1OC(=O)C2=C1N=C2C,False,BasidalinOnly_gen3
C=C1OC(=O)C(C(=O)CC)=C1N,False,BasidalinOnly_gen3
C=C1OC(=O)C(C(C)N)=C1N,False,BasidalinOnly_gen3
C=C1OC(=O)C(C(=O)CO)=C1N,False,BasidalinOnly_gen3
C=C1OC(=O)C(OC(C)=O)=C1N,False,BasidalinOnly_gen3
C=C1OC(=O)C(C(=O)OC)=C1N,False,BasidalinOnly_gen3
C=C1OC(O)C(C(=O)CO)=C1N,False,BasidalinOnly_gen3
CC1=NC(=CC(=O)O)C(=O)C1,False,BasidalinOnly_gen3
CCC1=NC2=CC(=O)OC2=C1,False,BasidalinOnly_gen3
C=CC(=O)/C=C1/OC(=O)C=C1N,False,BasidalinOnly_gen3
CC(C)C(=O)/C=C1/OC(=O)C=C1N,False,BasidalinOnly_gen3
CCCC(=O)/C=C1/OC(=O)C=C1N,False,BasidalinOnly_gen3
CCC(O)(C#N)/C=C1/OC(=O)C=C1N,False,BasidalinOnly_gen3
CCC(=O)CC1(N)OC(=O)C=C1N,False,BasidalinOnly_gen3
CCC(N)/C=C1/OC(=O)C=C1N,False,BasidalinOnly_gen3
CC(O)C(=O)/C=C1/OC(=O)C=C1N,False,BasidalinOnly_gen3
NC1=CC(=O)O/C1=C/C(=O)CCO,False,BasidalinOnly_gen3
CCC(=O)/C(O)=C1/OC(=O)C=C1N,False,BasidalinOnly_gen3
CCC(=O)C1OC12OC(=O)C=C2N,False,BasidalinOnly_gen3
CCOC(=O)/C=C1/OC(=O)C=C1N,False,BasidalinOnly_gen3
CCC(=O)OC=C1OC(=O)C=C1N,False,BasidalinOnly_gen3
CCC(=O)CC1(O)OC(=O)C=C1N,False,BasidalinOnly_gen3
CC(O)C(=O)/C=C1/OC(O)C=C1N,False,BasidalinOnly_gen3
NC1=CC(=O)O/C1=C/C(O)CCO,False,BasidalinOnly_gen3
NC1=CC(O)O/C1=C/C(=O)CCO,False,BasidalinOnly_gen3
CCC(O)/C(O)=C1/OC(=O)C=C1N,False,BasidalinOnly_gen3
CCC(=O)/C(O)=C1/OC(O)C=C1N,False,BasidalinOnly_gen3
CCC(=O)CC(=O)C(N)=CC(=O)O,False,BasidalinOnly_gen3
CCC(=O)/C=C1/OC(=O)C(C)=C1N,False,BasidalinOnly_gen3
C=C1OC(=O)C=C1NC(=O)CC(C)=O,False,BasidalinOnly_gen3
CC(=O)/C=C1/OC(=O)C(C)=C1NC=O,False,BasidalinOnly_gen3
CCC(=O)/C=C1/OC(=O)C=C1NC=O,False,BasidalinOnly_gen3
CC(=O)/C=C1/OC(=O)C=C1NC(C)O,False,BasidalinOnly_gen3
CC(=O)CC1(N)OC(=O)C=C1NC(C)=O,False,BasidalinOnly_gen3
CC(=O)/C=C1/OC(=O)C=C1NC(C)N,False,BasidalinOnly_gen3
CC(=O)NC1=CC(=O)O/C1=C/C(C)N,False,BasidalinOnly_gen3
N#CCC(O)/C=C1/OC(=O)C=C1N,False,BasidalinOnly_gen3
CC(O)/C(C#N)=C1/OC(=O)C=C1N,False,BasidalinOnly_gen3
CC(O)/C=C1/OC(=O)C(C#N)=C1N,False,BasidalinOnly_gen3
CC(=O)C#N,False,BasidalinOnly_gen3
COC(C)(C#N)/C=C1/OC(=O)C=C1N,False,BasidalinOnly_gen3
CC(Cl)(C#N)/C=C1/OC(=O)C=C1N,False,BasidalinOnly_gen3
N#CC(O)(/C=C1/OC(=O)C=C1N)CO,False,BasidalinOnly_gen3
CC(O)(C#N)/C(O)=C1/OC(=O)C=C1N,False,BasidalinOnly_gen3
CC(O)(C#N)C1OC12OC(=O)C=C2N,False,BasidalinOnly_gen3
CC(O)(C#N)CC1(O)OC(=O)C=C1N,False,BasidalinOnly_gen3
N#CC(O)(/C=C1/OC(O)C=C1N)CO,False,BasidalinOnly_gen3
CC(O)(C#N)/C(O)=C1/OC(O)C=C1N,False,BasidalinOnly_gen3
CC(O)(C#N)CC(=O)C(N)=CC(=O)O,False,BasidalinOnly_gen3
CC(O)(/C=C1/OC(=O)C=C1N)C(N)=O,False,BasidalinOnly_gen3
CC(O)(C=NO)/C=C1/OC(=O)C=C1N,False,BasidalinOnly_gen3
CC(C#N)/C=C1/OC(=O)C=C1N,False,BasidalinOnly_gen3
CC1=C(N)/C(=C\C(C)(O)C#N)OC1=O,False,BasidalinOnly_gen3
CC(=O)C1=C(N)C(C)(N)OC1=O,False,BasidalinOnly_gen3
CC(=O)CC1=C(N)C(N)OC1=O,False,BasidalinOnly_gen3
CC1=NC2(C1)OC(=O)C=C2N,False,BasidalinOnly_gen3
CC(=O)CC12N=C(C=C1N)O2,False,BasidalinOnly_gen3
CC1=NC2=CC(=O)OC2(N)C1,False,BasidalinOnly_gen3
CC(=O)CC1(N)OC2=NC1=C2,False,BasidalinOnly_gen3
CC(O)CC1(N)OC(=O)C=C1N,False,BasidalinOnly_gen3
CC(=O)CC1(NC(C)=O)OC(=O)C=C1N,False,BasidalinOnly_gen3
CC(=O)C(O)C1(N)OC(=O)C=C1N,False,BasidalinOnly_gen3
NC1=CC(=O)OC1(N)CC(=O)CO,False,BasidalinOnly_gen3
CC(=O)OCC1(N)OC(=O)C=C1N,False,BasidalinOnly_gen3
COC(=O)CC1(N)OC(=O)C=C1N,False,BasidalinOnly_gen3
CC(O)C(O)C1(N)OC(=O)C=C1N,False,BasidalinOnly_gen3
CC(=O)C(O)C1(N)OC(O)C=C1N,False,BasidalinOnly_gen3
NC1=CC(=O)OC1(N)CC(O)CO,False,BasidalinOnly_gen3
NC1=CC(O)OC1(N)CC(=O)CO,False,BasidalinOnly_gen3
CC(=O)C(C(C)=O)C1(N)OC(=O)C=C1N,False,BasidalinOnly_gen3
CC(=O)CC(=O)CC1(N)OC(=O)C=C1N,False,BasidalinOnly_gen3
CC(=O)CC1(N)OC(=O)C(C(C)=O)=C1N,False,BasidalinOnly_gen3
CC(=O)CC1(N)OC(=O)C(C)=C1N,False,BasidalinOnly_gen3
CC1C=c2oc(cc2N)=N1,False,BasidalinOnly_gen3
CC1C=C2OC(=O)C=C2N1,False,BasidalinOnly_gen3
CNC(C)/C=C1/OC(=O)C=C1N,False,BasidalinOnly_gen3
CC(C)(N)/C=C1/OC(=O)C=C1N,False,BasidalinOnly_gen3
CC(=O)NC(C)/C=C1/OC(=O)C=C1N,False,BasidalinOnly_gen3
NC1=CC(=O)O/C1=C/C(N)CC(=O)O,False,BasidalinOnly_gen3
CC(N)/C(C(=O)O)=C1/OC(=O)C=C1N,False,BasidalinOnly_gen3
CC(N)(/C=C1/OC(=O)C=C1N)C(=O)O,False,BasidalinOnly_gen3
CC(N)(O)/C=C1/OC(=O)C=C1N,False,BasidalinOnly_gen3
NC1=CC(=O)O/C1=C/C(N)CO,False,BasidalinOnly_gen3
CC(N)/C(O)=C1/OC(=O)C=C1N,False,BasidalinOnly_gen3
CC(N)C1OC12OC(=O)C=C2N,False,BasidalinOnly_gen3
CC(N)CC1(O)OC(=O)C=C1N,False,BasidalinOnly_gen3
CC(N)(O)/C=C1/OC(O)C=C1N,False,BasidalinOnly_gen3
NC1=CC(O)O/C1=C/C(N)CO,False,BasidalinOnly_gen3
CC(N)/C(O)=C1/OC(O)C=C1N,False,BasidalinOnly_gen3
CC(N)CC(=O)C(N)=CC(=O)O,False,BasidalinOnly_gen3
CC1=C(N)/C(=C\C(C)N)OC1=O,False,BasidalinOnly_gen3
O=C1C=C2N=C(CO)C=C2O1,False,BasidalinOnly_gen3
NC1=CC(=O)O/C1=C1\OCC1O,False,BasidalinOnly_gen3
NC1=C2OCC(O)C=C1OC2=O,False,BasidalinOnly_gen3
COCC(=O)/C=C1/OC(=O)C=C1N,False,BasidalinOnly_gen3
NC1=CC(=O)O/C1=C/C(=O)CCl,False,BasidalinOnly_gen3
NC1=CC(=O)O/C1=C(\O)CC=O,False,BasidalinOnly_gen3
CC(=O)C1=C(N)/C(=C/O)OC1=O,False,BasidalinOnly_gen3
CC1=NC2=CC(=O)OC2=C1O,False,BasidalinOnly_gen3
CC(O)c1oc2c(N)c1OC2=O,False,BasidalinOnly_gen3
CO/C(C(C)=O)=C1\OC(=O)C=C1N,False,BasidalinOnly_gen3
CC(=O)/C(Cl)=C1/OC(=O)C=C1N,False,BasidalinOnly_gen3
CC(=O)/C(O)=C1/OC(=O)C(C)=C1N,False,BasidalinOnly_gen3
CC(=O)C1=C(N)C2(CO2)OC1=O,False,BasidalinOnly_gen3
CC1=NC2=CC(=O)OC23OC13,False,BasidalinOnly_gen3
CC(=O)C1OC12OC1=NC2=C1,False,BasidalinOnly_gen3
CC(=O)C1OC12OC(=O)C(C)=C2N,False,BasidalinOnly_gen3
COc1cc2oc1cc2N,False,BasidalinOnly_gen3
COC1=NC2=CC(=O)OC2=C1,False,BasidalinOnly_gen3
COC(O)(C#N)/C=C1/OC(=O)C=C1N,False,BasidalinOnly_gen3
COC(N)/C=C1/OC(=O)C=C1N,False,BasidalinOnly_gen3
Cc1nc2cc(=O)oc-2co1,False,BasidalinOnly_gen3
CC(O)OC=C1OC(=O)C=C1N,False,BasidalinOnly_gen3
CCOC=C1OC(=O)C=C1N,False,BasidalinOnly_gen3
CC(O)(C#N)OC=C1OC(=O)C=C1N,False,BasidalinOnly_gen3
CC(N)OC=C1OC(=O)C=C1N,False,BasidalinOnly_gen3
CC(=O)OC=C1OC(=O)C(C)=C1N,False,BasidalinOnly_gen3
CC(=O)C1=C(N)C(C)(O)OC1=O,False,BasidalinOnly_gen3
CC(=O)CC1=C(N)C(O)OC1=O,False,BasidalinOnly_gen3
CC(C)=O,False,BasidalinOnly_gen3
CC1=NC2=CC(=O)OC2(O)C1,False,BasidalinOnly_gen3
CC(=O)CC1(O)OC2=NC1=C2,False,BasidalinOnly_gen3
NC1=CC(=O)OC12CC(O)CO2,False,BasidalinOnly_gen3
CC(O)CC12OC(=O)C(=C1N)O2,False,BasidalinOnly_gen3
COC1(CC(C)=O)OC(=O)C=C1N,False,BasidalinOnly_gen3
CC(=O)CC1(O)OC(=O)C(C)=C1N,False,BasidalinOnly_gen3
C=C1OC(O)(C(=O)CO)C=C1N,False,BasidalinOnly_gen3
OCC1=NC2=CC(O)OC2=C1,False,BasidalinOnly_gen3
NC1=CC2OC1=CC(O)C(O)O2,False,BasidalinOnly_gen3
NC1=CC2(O)OCC(O)C=C1O2,False,BasidalinOnly_gen3
NC1=CC(O)O/C1=C1\OCC1O,False,BasidalinOnly_gen3
NC1=CC2OC1=C(C(O)CO)O2,False,BasidalinOnly_gen3
NC1=C2OCC(O)C=C1OC2O,False,BasidalinOnly_gen3
NC1=C2OC2O/C1=C/C(O)CO,False,BasidalinOnly_gen3
NC1=CC(O)O/C1=C/C(=O)C=O,False,BasidalinOnly_gen3
CC(=O)/C=C1/OC(O)C=C1N,False,BasidalinOnly_gen3
COCC(=O)/C=C1/OC(O)C=C1N,False,BasidalinOnly_gen3
COC1C=C(N)/C(=C\C(=O)CO)O1,False,BasidalinOnly_gen3
NC1=CC(O)O/C1=C/C(=O)CCl,False,BasidalinOnly_gen3
CC(O)C1=C(N)/C(=C/O)OC1=O,False,BasidalinOnly_gen3
NC1=CC(=O)O/C1=C(\O)CCO,False,BasidalinOnly_gen3
CO/C(=C1\OC(=O)C=C1N)C(C)O,False,BasidalinOnly_gen3
COC(C)/C(O)=C1/OC(=O)C=C1N,False,BasidalinOnly_gen3
CC(C)(O)/C(O)=C1/OC(=O)C=C1N,False,BasidalinOnly_gen3
CC(O)/C(Cl)=C1/OC(=O)C=C1N,False,BasidalinOnly_gen3
CC(Cl)/C(O)=C1/OC(=O)C=C1N,False,BasidalinOnly_gen3
CC/C(O)=C1/OC(=O)C=C1N,False,BasidalinOnly_gen3
CC1=C(N)/C(=C(/O)C(C)O)OC1=O,False,BasidalinOnly_gen3
NC1=CC(O)O/C1=C(\O)CC=O,False,BasidalinOnly_gen3
CC(=O)C1(O)C=C(N)/C(=C/O)O1,False,BasidalinOnly_gen3
CC1(O)C=C(N)/C(=C(/O)C=O)O1,False,BasidalinOnly_gen3
CC(=O)C1=C(N)/C(=C/O)OC1O,False,BasidalinOnly_gen3
CC1=NC2=CC(O)OC2=C1O,False,BasidalinOnly_gen3
CC(O)C1=C2OC(O)(C=C2N)O1,False,BasidalinOnly_gen3
NC1=CC2OCC(O)C(O)=C1O2,False,BasidalinOnly_gen3
CC(O)c1oc2c(N)c1OC2O,False,BasidalinOnly_gen3
CC(O)/C(O)=C1/OC2OC2=C1N,False,BasidalinOnly_gen3
CO/C(C(C)=O)=C1\OC(O)C=C1N,False,BasidalinOnly_gen3
COC1C=C(N)/C(=C(/O)C(C)=O)O1,False,BasidalinOnly_gen3
CC(=O)/C(Cl)=C1/OC(O)C=C1N,False,BasidalinOnly_gen3
CC(=O)/C(O)=C1/OC(C)(O)C=C1N,False,BasidalinOnly_gen3
CC(=O)/C(O)=C1/OC(O)C(C)=C1N,False,BasidalinOnly_gen3
C=C(N)C(=O)CC(C)=O,False,BasidalinOnly_gen3
C=C(N)C(=O)C(C(C)=O)C(=O)O,False,BasidalinOnly_gen3
C=C(N)C(=O)CC(=O)CC(=O)O,False,BasidalinOnly_gen3
CC(=O)C(C=O)C(N)=CC(=O)O,False,BasidalinOnly_gen3
CC(=O)CC(C(=O)O)=C(N)C=O,False,BasidalinOnly_gen3
CC(=O)CC(=O)C(=CN)C(=O)O,False,BasidalinOnly_gen3
NC(=CC(=O)O)CC(=O)CC=O,False,BasidalinOnly_gen3
CC1(O)CC(=O)C(N)=CC(=O)O1,False,BasidalinOnly_gen3
Cc1cc(=O)c(N)cc(=O)o1,False,BasidalinOnly_gen3
C=C1CC(=O)C(N)=CC(=O)O1,False,BasidalinOnly_gen3
CC(=O)CC(=O)C1=CC(O)=N1,False,BasidalinOnly_gen3
CC(=O)CC1=NC1=CC(=O)O,False,BasidalinOnly_gen3
CC(=O)C1OC(O)C=C(N)C1=O,False,BasidalinOnly_gen3
CC(=O)C1OC(=O)C=C(N)C1O,False,BasidalinOnly_gen3
CC(O)C1OC(=O)C=C(N)C1=O,False,BasidalinOnly_gen3
CC(=O)CC(=O)C(N)=C1OC1O,False,BasidalinOnly_gen3
CC(=O)CC(O)C(N)=C1OC1=O,False,BasidalinOnly_gen3
CC(O)CC(=O)C(N)=C1OC1=O,False,BasidalinOnly_gen3
NC1=CC(O)OCC(=O)CC1=O,False,BasidalinOnly_gen3
NC1=CC(=O)OCC(=O)CC1O,False,BasidalinOnly_gen3
NC1=CC(=O)OCC(O)CC1=O,False,BasidalinOnly_gen3
Cc1cc(O)c(N)cc1O,False,BasidalinOnly_gen3
CC(=O)CC1=[NH+]C1=CC(=O)O,False,BasidalinOnly_gen3
CC1=[NH+]C(=CC(=O)O)C(=O)C1,False,BasidalinOnly_gen3
CC=C(N)C(=O)CC(=O)C(=O)O,False,BasidalinOnly_gen3
CC(=O)CC(O)C(N)=CC(=O)O,False,BasidalinOnly_gen3
CC(=O)CC(=O)C(N)=CC(O)O,False,BasidalinOnly_gen3
CC(=O)CC(=O)C(N)=CC=O,False,BasidalinOnly_gen3
CC(=O)CC(=O)C(N)CC(=O)O,False,BasidalinOnly_gen3
CC(=O)CC(=O)C(N)=CCO,False,BasidalinOnly_gen3
COC(=O)C=C(N)C(=O)CC(C)=O,False,BasidalinOnly_gen3
CNC(=CC(=O)O)C(=O)CC(C)=O,False,BasidalinOnly_gen3
CC(=O)CC(=O)C(N)=C(C)C(=O)O,False,BasidalinOnly_gen3
CC(=O)CC(O)(C#N)C(N)=CC(=O)O,False,BasidalinOnly_gen3
CC(=O)CC(=O)C(N)=CC(O)(O)C#N,False,BasidalinOnly_gen3
CC(=O)CC(=O)C(N)=CC(=O)Cl,False,BasidalinOnly_gen3
CC(=O)CC(=O)C(N)=CC(N)=O,False,BasidalinOnly_gen3
CC(=O)CC(=O)C(N)=CC#N,False,BasidalinOnly_gen3
CC(=O)CC(=O)C(N)(N)CC(=O)O,False,BasidalinOnly_gen3
CC(=O)CC(=O)C(N)C(N)C(=O)O,False,BasidalinOnly_gen3
CC(=O)CC(=O)C(N)=CC(N)O,False,BasidalinOnly_gen3
CC(=O)CC(N)C(N)=CC(=O)O,False,BasidalinOnly_gen3
CC(=O)CC(=O)C(N)=C=O,False,BasidalinOnly_gen3
CC(C=O)C(=O)/C=C1/OC(=O)C=C1N,False,BasidalinOnly_gen3
CC(=O)C(C=O)C=C1OC(=O)C=C1N,False,BasidalinOnly_gen3
C/C(C(=O)CC=O)=C1\OC(=O)C=C1N,False,BasidalinOnly_gen3
CC1=C(N)/C(=C\C(=O)CC=O)OC1=O,False,BasidalinOnly_gen3
CC(=O)CC1=C(N)/C(=C\C=O)OC1=O,False,BasidalinOnly_gen3
C=C1OC(=O)C(C(=O)CC(C)=O)=C1N,False,BasidalinOnly_gen3
NC1=CC(=O)O/C1=C/C(=O)CCC=O,False,BasidalinOnly_gen3
CC1=NC2=CC(=O)OC2=CC(=O)C1,False,BasidalinOnly_gen3
CC(=O)CC1=NC2=CC(=O)OC2=C1,False,BasidalinOnly_gen3
CC(O)CC(=O)/C=C1/OC(=O)C=C1N,False,BasidalinOnly_gen3
CC(=O)CC(O)/C=C1/OC(=O)C=C1N,False,BasidalinOnly_gen3
CC(N)CC(=O)/C=C1/OC(=O)C=C1N,False,BasidalinOnly_gen3
CC(=O)CC(N)/C=C1/OC(=O)C=C1N,False,BasidalinOnly_gen3
CC(=O)CC(=O)C=C1OC(=O)C=C1N,False,BasidalinOnly_gen3
CCC(=O)C(C=O)=C1OC(=O)C=C1N,False,BasidalinOnly_gen3
CC(=O)C(CC=O)=C1OC(=O)C=C1N,False,BasidalinOnly_gen3
CC(=O)C=C1OC(=O)C(C(C)=O)=C1N,False,BasidalinOnly_gen3
CC(=O)C(C=O)=C1OC(=O)C(C)=C1N,False,BasidalinOnly_gen3
CC(=O)C1=C2OC(=O)C=C2N=C1C,False,BasidalinOnly_gen3
CC(=O)C(=C1OC(=O)C=C1N)C(C)O,False,BasidalinOnly_gen3
CC(=O)C(=C1OC(=O)C=C1N)C(C)N,False,BasidalinOnly_gen3
C=C1OC(=O)C(CC(C)=O)=C1N,False,BasidalinOnly_gen3
CC1=NC2=C(C)C(=O)OC2=C1,False,BasidalinOnly_gen3
CC1=C(N)/C(=C\C(=O)CO)OC1=O,False,BasidalinOnly_gen3
COC(=O)/C=C1/OC(=O)C(C)=C1N,False,BasidalinOnly_gen3
CC1=C(N)/C(=C\C(=O)CO)OC1O,False,BasidalinOnly_gen3
CC1=C(N)/C(=C\C(O)CO)OC1=O,False,BasidalinOnly_gen3
CCC1=C(N)/C(=C\C(C)=O)OC1=O,False,BasidalinOnly_gen3
CCC(=O)/C=C1/OC(=O)C(C=O)=C1N,False,BasidalinOnly_gen3
CC(=O)C1=C(N)C(=CCC=O)OC1=O,False,BasidalinOnly_gen3
CCC(=O)C1=C(N)/C(=C\C=O)OC1=O,False,BasidalinOnly_gen3
CC(=O)/C=C1/OC(=O)C(CC=O)=C1N,False,BasidalinOnly_gen3
CC(=O)/C=C1/OC(=O)C2=C1N=C2C,False,BasidalinOnly_gen3
CC(=O)C1=C2N=C(C)C=C2OC1=O,False,BasidalinOnly_gen3
CC(=O)/C=C1/OC(=O)C(C(C)O)=C1N,False,BasidalinOnly_gen3
CC(=O)C1=C(N)/C(=C\C(C)O)OC1=O,False,BasidalinOnly_gen3
CC(=O)/C=C1/OC(=O)C(C(C)N)=C1N,False,BasidalinOnly_gen3
CC(=O)C1=C(N)/C(=C\C(C)N)OC1=O,False,BasidalinOnly_gen3
O=CCC=C1OC(=O)C=C1NC=O,False,BasidalinOnly_gen3
C=C1OC(=O)C=C1NC(=O)C(C)=O,False,BasidalinOnly_gen3
C=C1OC(=O)C(CC=O)=C1NC=O,False,BasidalinOnly_gen3
C=C1OC(=O)C=C1[N+]1=CCC1=O,False,BasidalinOnly_gen3
C=C1OC(=O)C=C1NC(=O)C=C=O,False,BasidalinOnly_gen3
C=C1OC(=O)C=C1NC(O)CC=O,False,BasidalinOnly_gen3
C=C1OC(=O)C=C1N(C)C(=O)CC=O,False,BasidalinOnly_gen3
C=C1OC(=O)C=C1NC(=O)C(C)C=O,False,BasidalinOnly_gen3
O=CCC(=O)O,False,BasidalinOnly_gen3
C=C1OC(=O)C=C1NC(=O)CC(O)C#N,False,BasidalinOnly_gen3
C=C1OC(=O)C=C1NC(O)(C#N)CC=O,False,BasidalinOnly_gen3
C=C1OC(=O)C=C1NC(=O)CCN,False,BasidalinOnly_gen3
C=C1OC(=O)C=C1NC(N)CC=O,False,BasidalinOnly_gen3
C=C1OC(=O)C=C1NC(=O)O,False,BasidalinOnly_gen3
C=C1OC(=O)C(C)=C1NC(=O)C=O,False,BasidalinOnly_gen3
CC1=C(N(C)C=O)/C(=C\C=O)OC1=O,False,BasidalinOnly_gen3
CC1=C(NC=O)/C(=C\C(O)C#N)OC1=O,False,BasidalinOnly_gen3
CC1=C(NC=O)C(N)(CC=O)OC1=O,False,BasidalinOnly_gen3
CC1=C(NC=O)/C(=C\CN)OC1=O,False,BasidalinOnly_gen3
CC=C1OC(=O)C=C1NC(=O)C=O,False,BasidalinOnly_gen3
CC1=C2OC(=O)C=C2[N+](C=O)=C1,False,BasidalinOnly_gen3
C/C(C=O)=C1\OC(=O)C=C1N(C)C=O,False,BasidalinOnly_gen3
C/C(=C1\OC(=O)C=C1NC=O)C(O)C#N,False,BasidalinOnly_gen3
CC(C=O)C1(N)OC(=O)C=C1NC=O,False,BasidalinOnly_gen3
C/C(CN)=C1\OC(=O)C=C1NC=O,False,BasidalinOnly_gen3
C/C=C1\OC(=O)C=C1NC=O,False,BasidalinOnly_gen3
CC(=O)/C=C1/OC(=O)C=C1N(C)C=O,False,BasidalinOnly_gen3
CC(O)(C#N)/C=C1/OC(=O)C=C1NC=O,False,BasidalinOnly_gen3
CC(=O)CC1(N)OC(=O)C=C1NC=O,False,BasidalinOnly_gen3
CC(N)/C=C1/OC(=O)C=C1NC=O,False,BasidalinOnly_gen3
C=C1OC(=O)C=C1NC(C)(O)C=O,False,BasidalinOnly_gen3
CC1=C(NCO)/C(=C\C=O)OC1=O,False,BasidalinOnly_gen3
C/C(C=O)=C1\OC(=O)C=C1NCO,False,BasidalinOnly_gen3
CC(=O)/C=C1/OC(=O)C=C1NCO,False,BasidalinOnly_gen3
O=C1C=C(NC2CO2)/C(=C\CO)O1,False,BasidalinOnly_gen3
CC1NC2=C(O1)C(=O)O/C2=C/CO,False,BasidalinOnly_gen3
CC1NC2=CC(=O)OC2=C(CO)O1,False,BasidalinOnly_gen3
COC(C)NC1=CC(=O)O/C1=C/C=O,False,BasidalinOnly_gen3
CC(O)N(C)C1=CC(=O)O/C1=C/C=O,False,BasidalinOnly_gen3
CC(C)(O)NC1=CC(=O)O/C1=C/C=O,False,BasidalinOnly_gen3
CCC(O)NC1=CC(=O)O/C1=C/C=O,False,BasidalinOnly_gen3
CC(O)NC1=CC(=O)O/C1=C/C(O)C#N,False,BasidalinOnly_gen3
CC(Cl)NC1=CC(=O)O/C1=C/C=O,False,BasidalinOnly_gen3
CC(O)NC1=CC(=O)OC1(N)CC=O,False,BasidalinOnly_gen3
CC(O)NC1=CC(=O)O/C1=C/CN,False,BasidalinOnly_gen3
CCNC1=CC(=O)O/C1=C/C=O,False,BasidalinOnly_gen3
O=C/C=C1/OC(=O)C=C1NCO,False,BasidalinOnly_gen3
CC1=C(NC(C)O)/C(=C\C=O)OC1=O,False,BasidalinOnly_gen3
CC(O)/C=C1/OC(=O)C=C1NC(C)O,False,BasidalinOnly_gen3
CCN(C=O)C1=CC(=O)O/C1=C/C=O,False,BasidalinOnly_gen3
C=C1OC(=O)C=C1N(CC=O)C(C)=O,False,BasidalinOnly_gen3
CNC1=CC(=O)O/C1=C/C=O,False,BasidalinOnly_gen3
CC(=O)N(C)C1=CC(=O)OC1(N)CC=O,False,BasidalinOnly_gen3
CC(N)N(C)C1=CC(=O)O/C1=C/C=O,False,BasidalinOnly_gen3
CC(=O)N(C)C1=CC(=O)O/C1=C/CN,False,BasidalinOnly_gen3
C=C1OC(=O)C=C1NC(=O)CCC=O,False,BasidalinOnly_gen3
CCC1=C(NC=O)/C(=C\C=O)OC1=O,False,BasidalinOnly_gen3
C=CC(=O)NC1=CC(=O)O/C1=C/C=O,False,BasidalinOnly_gen3
CCC(=O)NC1=CC(=O)OC1(N)CC=O,False,BasidalinOnly_gen3
CCC(N)NC1=CC(=O)O/C1=C/C=O,False,BasidalinOnly_gen3
CCC(=O)NC1=CC(=O)O/C1=C/CN,False,BasidalinOnly_gen3
OC1CO1,False,BasidalinOnly_gen3
CC(O)O,False,BasidalinOnly_gen3
COC(C)=O,False,BasidalinOnly_gen3
CC(=O)OC(C)=O,False,BasidalinOnly_gen3
O=C(O)CC(=O)O,False,BasidalinOnly_gen3
CC(O)(O)C#N,False,BasidalinOnly_gen3
CC(=O)Cl,False,BasidalinOnly_gen3
CC(N)=O,False,BasidalinOnly_gen3
CC#N,False,BasidalinOnly_gen3
CC(N)O,False,BasidalinOnly_gen3
O=C(O)CO,False,BasidalinOnly_gen3
COC(=O)O,False,BasidalinOnly_gen3
OCC(O)O,False,BasidalinOnly_gen3
CC(O)(O)CC(=O)O,False,BasidalinOnly_gen3
CC(=O)CC(=O)O,False,BasidalinOnly_gen3
CC1(O)CC(O)(O)O1,False,BasidalinOnly_gen3
CC(=O)OC(C)O,False,BasidalinOnly_gen3
N#CCC(O)NC1=CC(=O)O/C1=C/C=O,False,BasidalinOnly_gen3
CC(O)NC1=C(C#N)C(=O)O/C1=C/C=O,False,BasidalinOnly_gen3
CC1=C(NC(O)C#N)/C(=C\C=O)OC1=O,False,BasidalinOnly_gen3
CC(O)NC1=CC(=O)O/C1=C(\C#N)C=O,False,BasidalinOnly_gen3
C/C(C=O)=C1\OC(=O)C=C1NC(O)C#N,False,BasidalinOnly_gen3
CC(O)NC1=CC(=O)O/C1=C/C(=O)C#N,False,BasidalinOnly_gen3
CC(=O)/C=C1/OC(=O)C=C1NC(O)C#N,False,BasidalinOnly_gen3
N#CC(=O)NC1=CC(=O)O/C1=C/C=O,False,BasidalinOnly_gen3
N#CC1(NC2=CC(=O)O/C2=C/CO)CO1,False,BasidalinOnly_gen3
CC1(C#N)NC2=C(O1)C(=O)O/C2=C/CO,False,BasidalinOnly_gen3
CC1(C#N)NC2=CC(=O)OC2=C(CO)O1,False,BasidalinOnly_gen3
CC(Cl)(C#N)NC1=CC(=O)O/C1=C/C=O,False,BasidalinOnly_gen3
CC(C#N)NC1=CC(=O)O/C1=C/C=O,False,BasidalinOnly_gen3
CC(=O)NC1=CC(=O)O/C1=C(\C#N)CO,False,BasidalinOnly_gen3
CC(=O)NC1=C(C#N)C(=O)O/C1=C/CO,False,BasidalinOnly_gen3
N#CCC(=O)NC1=CC(=O)O/C1=C/CO,False,BasidalinOnly_gen3
CC(O)NC1=CC(=O)O/C1=C1\OC1C#N,False,BasidalinOnly_gen3
CC(O)NC1=C2OC(C#N)C=C1OC2=O,False,BasidalinOnly_gen3
N#CC1/C=C2/OC(=O)C=C2NC(O)CO1,False,BasidalinOnly_gen3
CC(=O)NC1=CC(=O)O/C1=C/C(=O)C#N,False,BasidalinOnly_gen3
CC(=O)NC1=CC(=O)O/C1=C/C(Cl)C#N,False,BasidalinOnly_gen3
CC(=O)NC1=CC(=O)O/C1=C/CC#N,False,BasidalinOnly_gen3
CC(=O)NC1=C(C=O)C(=O)OC1(C)N,False,BasidalinOnly_gen3
CC(=O)NC1=C(CC=O)C(=O)OC1N,False,BasidalinOnly_gen3
CC1(N)OC(=O)C=C1NC(=O)CC=O,False,BasidalinOnly_gen3
NC1OC(=O)C=C1NC(=O)CCC=O,False,BasidalinOnly_gen3
CC(=O)NC1=CC(=O)OC12CC=N2,False,BasidalinOnly_gen3
CC(=O)NC1=CC2=NC1(CC=O)O2,False,BasidalinOnly_gen3
CC1=NC2(CC=O)OC(=O)C=C2N1,False,BasidalinOnly_gen3
CC(=O)N1C2=CC(=O)OC21CC=O,False,BasidalinOnly_gen3
CC(=O)NC1=CC(=O)OC1(N)C=C=O,False,BasidalinOnly_gen3
CC(=O)NC1=CC(=O)OC1(N)CCO,False,BasidalinOnly_gen3
NC1(CC=O)OC(=O)C=C1NC=O,False,BasidalinOnly_gen3
CC(=O)NC1=C(C)C(=O)OC1(N)CC=O,False,BasidalinOnly_gen3
C=C1OC(=O)C=C1NC(C)(N)C=O,False,BasidalinOnly_gen3
CC1=C(NCN)/C(=C\C=O)OC1=O,False,BasidalinOnly_gen3
C/C(C=O)=C1\OC(=O)C=C1NCN,False,BasidalinOnly_gen3
CC(=O)/C=C1/OC(=O)C=C1NCN,False,BasidalinOnly_gen3
CC1N=c2cc(/c(=C\C=O)o2)N1,False,BasidalinOnly_gen3
CC1N=CC=C2OC(=O)C=C2N1,False,BasidalinOnly_gen3
CNC(C)NC1=CC(=O)O/C1=C/C=O,False,BasidalinOnly_gen3
CC(C)(N)NC1=CC(=O)O/C1=C/C=O,False,BasidalinOnly_gen3
CC(N)(O)NC1=CC(=O)O/C1=C/C=O,False,BasidalinOnly_gen3
NC(CO)NC1=CC(=O)O/C1=C/C=O,False,BasidalinOnly_gen3
CC(N)NC1=CC(=O)O/C1=C(\O)C=O,False,BasidalinOnly_gen3
CC(N)NC1=CC(=O)O/C1=C/C(=O)O,False,BasidalinOnly_gen3
CC(N)NC1=CC(=O)OC12OC2C=O,False,BasidalinOnly_gen3
CC(N)NC1=CC(=O)OC1=COC=O,False,BasidalinOnly_gen3
CC(N)NC1=CC(=O)OC1(O)CC=O,False,BasidalinOnly_gen3
CC(N)NC1=CC(O)O/C1=C/C(=O)O,False,BasidalinOnly_gen3
CC(N)(O)NC1=CC(O)O/C1=C/C=O,False,BasidalinOnly_gen3
CC(N)(O)NC1=CC(=O)O/C1=C/CO,False,BasidalinOnly_gen3
NC(CO)NC1=CC(O)O/C1=C/C=O,False,BasidalinOnly_gen3
NC(CO)NC1=CC(=O)O/C1=C/CO,False,BasidalinOnly_gen3
CC(N)NC1=CC(O)O/C1=C(\O)C=O,False,BasidalinOnly_gen3
CC(N)NC1=CC(=O)O/C1=C(\O)CO,False,BasidalinOnly_gen3
CC(N)NC(=CC(=O)O)C(=O)CC=O,False,BasidalinOnly_gen3
NCNC1=CC(=O)O/C1=C/C=O,False,BasidalinOnly_gen3
C=C1OC(=O)C=C1NC(C)N,False,BasidalinOnly_gen3
CC(N)(C=O)NC1=CC(=O)O/C1=C/C=O,False,BasidalinOnly_gen3
NC(CC=O)NC1=CC(=O)O/C1=C/C=O,False,BasidalinOnly_gen3
CC1=C(NC(C)N)/C(=C\C=O)OC1=O,False,BasidalinOnly_gen3
CC(N)NC1=C(C=O)C(=O)O/C1=C/C=O,False,BasidalinOnly_gen3
CC(N)NC1=CC(=O)OC1=C(C=O)C=O,False,BasidalinOnly_gen3
CC(N)NC1=CC(=O)O/C1=C/C(=O)C=O,False,BasidalinOnly_gen3
C=C1OC(=O)C(CN)=C1NC(C)=O,False,BasidalinOnly_gen3
CC(=O)Nc1cc2oc1=CCN=2,False,BasidalinOnly_gen3
CC1=NCC=C2OC(=O)C=C2N1,False,BasidalinOnly_gen3
CC(=O)N1CC=C2OC(=O)C=C21,False,BasidalinOnly_gen3
CNC/C=C1/OC(=O)C=C1NC(C)=O,False,BasidalinOnly_gen3
CC(=O)NC1=CC(=O)O/C1=C/C(N)O,False,BasidalinOnly_gen3
CC(=O)NC1=CC(=O)O/C1=C(\O)CN,False,BasidalinOnly_gen3
NC/C=C1/OC(=O)C=C1NC(=O)CO,False,BasidalinOnly_gen3
CC(=O)NC1=CC(=O)OC12OC2CN,False,BasidalinOnly_gen3
COC(=O)NC1=CC(=O)O/C1=C/CN,False,BasidalinOnly_gen3
CC(=O)NC1=CC(=O)OC1(O)CCN,False,BasidalinOnly_gen3
CC(=O)NC1=CC(O)O/C1=C/C(N)O,False,BasidalinOnly_gen3
CC(O)NC1=CC(=O)O/C1=C/C(N)O,False,BasidalinOnly_gen3
CC(=O)NC1=CC(O)O/C1=C(\O)CN,False,BasidalinOnly_gen3
CC(O)NC1=CC(=O)O/C1=C(\O)CN,False,BasidalinOnly_gen3
NC/C=C1/OC(O)C=C1NC(=O)CO,False,BasidalinOnly_gen3
NC/C=C1/OC(=O)C=C1NC(O)CO,False,BasidalinOnly_gen3
CC(=O)NC(=CC(=O)O)C(=O)CCN,False,BasidalinOnly_gen3
NC/C=C1/OC(=O)C=C1NC=O,False,BasidalinOnly_gen3
CC(=O)NC1=C(C)C(=O)O/C1=C/CN,False,BasidalinOnly_gen3
C=C1OC(=O)C=C1NC(=O)C=O,False,BasidalinOnly_gen3
CN(C=O)C1=CC(=O)O/C1=C/C=O,False,BasidalinOnly_gen3
N#CC(O)/C=C1/OC(=O)C=C1NC=O,False,BasidalinOnly_gen3
C=C1OC(=O)C(CC=O)=C1NC(C)=O,False,BasidalinOnly_gen3
C=C1OC(=O)C(C)=C1NC(=O)CC=O,False,BasidalinOnly_gen3
N#C/C=C1\OC(=O)C=C1N,False,BasidalinOnly_gen3
N#C/C(C=O)=C1\OC(=O)C=C1N,False,BasidalinOnly_gen3
C/C(C#N)=C1/OC(=O)C=C1N,False,BasidalinOnly_gen3
COC/C(C#N)=C1/OC(=O)C=C1N,False,BasidalinOnly_gen3
CC(=O)OC/C(C#N)=C1/OC(=O)C=C1N,False,BasidalinOnly_gen3
N#C/C(CCl)=C1\OC(=O)C=C1N,False,BasidalinOnly_gen3
N#C/C(=C1\OC(=O)C=C1N)C(O)O,False,BasidalinOnly_gen3
N#CC1(CO)OC12OC(=O)C=C2N,False,BasidalinOnly_gen3
N#CC(CO)C1(O)OC(=O)C=C1N,False,BasidalinOnly_gen3
N#C/C(=C1\OC(O)C=C1N)C(O)O,False,BasidalinOnly_gen3
N#CC(CO)C(=O)C(N)=CC(=O)O,False,BasidalinOnly_gen3
NC(=O)/C(CO)=C1\OC(=O)C=C1N,False,BasidalinOnly_gen3
NC1=CC(=O)O/C1=C(\C=NO)CO,False,BasidalinOnly_gen3
N#C/C(C(=O)O)=C1\OC(=O)C=C1N,False,BasidalinOnly_gen3
N#C/C(=C1\OC(=O)C=C1N)C(O)CO,False,BasidalinOnly_gen3
N#C/C(CO)=C1\OC(=O)C(CO)=C1N,False,BasidalinOnly_gen3
C=C1OC(=O)C(C#N)=C1N,False,BasidalinOnly_gen3
N#CC1=C(N)/C(=C\C=O)OC1=O,False,BasidalinOnly_gen3
COC/C=C1/OC(=O)C(C#N)=C1N,False,BasidalinOnly_gen3
CC(=O)OC/C=C1/OC(=O)C(C#N)=C1N,False,BasidalinOnly_gen3
N#CC1=C(N)/C(=C\CCl)OC1=O,False,BasidalinOnly_gen3
N#CC1=C(N)/C(=C\C(O)O)OC1=O,False,BasidalinOnly_gen3
N#CC1=C(N)/C(=C(/O)CO)OC1=O,False,BasidalinOnly_gen3
N#CC1=C(N)C2(OC1=O)OC2CO,False,BasidalinOnly_gen3
N#CC1=C(N)C(O)(CCO)OC1=O,False,BasidalinOnly_gen3
N#CC1=C(N)/C(=C\C(O)O)OC1O,False,BasidalinOnly_gen3
N#CC1=C(N)/C(=C(/O)CO)OC1O,False,BasidalinOnly_gen3
N#CC(C(=O)O)=C(N)C(=O)CCO,False,BasidalinOnly_gen3
C/C=C1/OC(=O)C(C#N)=C1N,False,BasidalinOnly_gen3
N#CC1=C(N)/C(=C\C(=O)O)OC1=O,False,BasidalinOnly_gen3
N#CC1=C(N)/C(=C\C(O)CO)OC1=O,False,BasidalinOnly_gen3
N#CC1=C(N)C(=C(CO)CO)OC1=O,False,BasidalinOnly_gen3
N#CCO,False,BasidalinOnly_gen3
N#CC(=O)C(=O)O,False,BasidalinOnly_gen3
N#CC(O)C#N,False,BasidalinOnly_gen3
N#CCN,False,BasidalinOnly_gen3
N#CC(=O)O,False,BasidalinOnly_gen3
N#COC=O,False,BasidalinOnly_gen3
NC(=O)C=O,False,BasidalinOnly_gen3
O=CC=NO,False,BasidalinOnly_gen3
N#CC(=O)C(O)C#N,False,BasidalinOnly_gen3
N#CC(=O)C#N,False,BasidalinOnly_gen3
N#CC1=NC2=CC(=O)OC2=C1,False,BasidalinOnly_gen3
N#CC(=O)/C(O)=C1/OC(=O)C=C1N,False,BasidalinOnly_gen3
N#CC(=O)C1OC12OC(=O)C=C2N,False,BasidalinOnly_gen3
N#COC(=O)/C=C1/OC(=O)C=C1N,False,BasidalinOnly_gen3
N#CC(=O)OC=C1OC(=O)C=C1N,False,BasidalinOnly_gen3
N#CC(=O)CC1(O)OC(=O)C=C1N,False,BasidalinOnly_gen3
N#CC(=O)/C(O)=C1/OC(O)C=C1N,False,BasidalinOnly_gen3
N#CC(=O)CC(=O)C(N)=CC(=O)O,False,BasidalinOnly_gen3
NC(=O)C(=O)/C=C1/OC(=O)C=C1N,False,BasidalinOnly_gen3
NC1=CC(=O)O/C1=C/C(=O)C=NO,False,BasidalinOnly_gen3
N#CCOC/C=C1/OC(=O)C=C1N,False,BasidalinOnly_gen3
N#CCOCC=C1OC(=O)C=C1N,False,BasidalinOnly_gen3
COC(C#N)/C(O)=C1/OC(=O)C=C1N,False,BasidalinOnly_gen3
COC(C#N)C1OC12OC(=O)C=C2N,False,BasidalinOnly_gen3
COC(C#N)CC1(O)OC(=O)C=C1N,False,BasidalinOnly_gen3
COC(O)(C#N)/C=C1/OC(O)C=C1N,False,BasidalinOnly_gen3
COC(C#N)/C(O)=C1/OC(O)C=C1N,False,BasidalinOnly_gen3
COC(C#N)CC(=O)C(N)=CC(=O)O,False,BasidalinOnly_gen3
COC(/C=C1/OC(=O)C=C1N)C(N)=O,False,BasidalinOnly_gen3
COC(C=NO)/C=C1/OC(=O)C=C1N,False,BasidalinOnly_gen3
N#CC(/C=C1/OC(=O)C=C1N)OC=O,False,BasidalinOnly_gen3
COC(C#N)(/C=C1/OC(=O)C=C1N)OC,False,BasidalinOnly_gen3
N#CCC(=O)OC/C=C1/OC(=O)C=C1N,False,BasidalinOnly_gen3
N#CCOC(=O)CC=C1OC(=O)C=C1N,False,BasidalinOnly_gen3
CC(C#N)(/C=C1/OC(=O)C=C1N)OC=O,False,BasidalinOnly_gen3
C/C(=C1\OC(=O)C=C1N)C(C#N)OC=O,False,BasidalinOnly_gen3
CC1=C(N)/C(=C\C(C#N)OC=O)OC1=O,False,BasidalinOnly_gen3
CC1=NC2=CC(=O)OC2=CC(C#N)O1,False,BasidalinOnly_gen3
CC(O)OC(C#N)/C=C1/OC(=O)C=C1N,False,BasidalinOnly_gen3
CCOC(C#N)/C=C1/OC(=O)C=C1N,False,BasidalinOnly_gen3
CC(=O)C(C#N)/C=C1/OC(=O)C=C1N,False,BasidalinOnly_gen3
N#CC(Cl)/C(C(=O)O)=C1/OC(=O)C=C1N,False,BasidalinOnly_gen3
N#CC(Cl)(/C=C1/OC(=O)C=C1N)C(=O)O,False,BasidalinOnly_gen3
N#CC(O)(Cl)/C=C1/OC(=O)C=C1N,False,BasidalinOnly_gen3
N#CC(Cl)/C(O)=C1/OC(=O)C=C1N,False,BasidalinOnly_gen3
N#CC(Cl)C1OC12OC(=O)C=C2N,False,BasidalinOnly_gen3
N#CC(Cl)CC1(O)OC(=O)C=C1N,False,BasidalinOnly_gen3
N#CC(O)(Cl)/C=C1/OC(O)C=C1N,False,BasidalinOnly_gen3
N#CC(Cl)/C(O)=C1/OC(O)C=C1N,False,BasidalinOnly_gen3
N#CC(Cl)CC(=O)C(N)=CC(=O)O,False,BasidalinOnly_gen3
NC(=O)C(Cl)/C=C1/OC(=O)C=C1N,False,BasidalinOnly_gen3
NC1=CC(=O)O/C1=C/C(Cl)C=NO,False,BasidalinOnly_gen3
N#CC(O)C1=C(N)/C(=C/O)OC1=O,False,BasidalinOnly_gen3
CO/C(=C1\OC(=O)C=C1N)C(O)C#N,False,BasidalinOnly_gen3
N#CC(O)/C(Cl)=C1/OC(=O)C=C1N,False,BasidalinOnly_gen3
N#CC/C(O)=C1/OC(=O)C=C1N,False,BasidalinOnly_gen3
N#CC(O)C1=C(N)C2(CO2)OC1=O,False,BasidalinOnly_gen3
NC1=CC(=O)OC12CO2,False,BasidalinOnly_gen3
N#CC(O)C1OC12OC1=NC2=C1,False,BasidalinOnly_gen3
N#CCC1OC12OC(=O)C=C2N,False,BasidalinOnly_gen3
CC1(O)OC(=O)C(C(O)C#N)=C1N,False,BasidalinOnly_gen3
N#CC(O)CC1=C(N)C(O)OC1=O,False,BasidalinOnly_gen3
N#CC(O)CC1(O)OC2=NC1=C2,False,BasidalinOnly_gen3
COC1(CC(O)C#N)OC(=O)C=C1N,False,BasidalinOnly_gen3
N#CCCC1(O)OC(=O)C=C1N,False,BasidalinOnly_gen3
C=C1OC(O)(C(O)(O)C#N)C=C1N,False,BasidalinOnly_gen3
N#CC1(O)C=C(N)/C(=C\C(O)O)O1,False,BasidalinOnly_gen3
COC1C=C(N)/C(=C\C(O)(O)C#N)O1,False,BasidalinOnly_gen3
N#CC(O)/C=C1/OC(O)C=C1N,False,BasidalinOnly_gen3
N#CC(O)C1(O)C=C(N)/C(=C/O)O1,False,BasidalinOnly_gen3
N#CC(O)C1=C(N)/C(=C/O)OC1O,False,BasidalinOnly_gen3
N#CC1(O)C=C(N)/C(=C(/O)CO)O1,False,BasidalinOnly_gen3
N#CC(=O)/C=C1/OC(O)C=C1N,False,BasidalinOnly_gen3
CO/C(=C1\OC(O)C=C1N)C(O)C#N,False,BasidalinOnly_gen3
COC1C=C(N)/C(=C(/O)C(O)C#N)O1,False,BasidalinOnly_gen3
N#CC(O)/C(Cl)=C1/OC(O)C=C1N,False,BasidalinOnly_gen3
N#CC/C(O)=C1/OC(O)C=C1N,False,BasidalinOnly_gen3
C=C(N)C(=O)CC(O)C#N,False,BasidalinOnly_gen3
C=C(N)C(=O)C(C(=O)O)C(O)C#N,False,BasidalinOnly_gen3
C=C(N)C(=O)CC(O)(C#N)C(=O)O,False,BasidalinOnly_gen3
N#CC(O)C(C=O)C(N)=CC(=O)O,False,BasidalinOnly_gen3
N#CC(O)CC(C(=O)O)=C(N)C=O,False,BasidalinOnly_gen3
N#CC(O)CC(=O)C(=CN)C(=O)O,False,BasidalinOnly_gen3
CC(O)(C#N)C(=O)C(N)=CC(=O)O,False,BasidalinOnly_gen3
N#CC1CC(O)(C(N)=CC(=O)O)O1,False,BasidalinOnly_gen3
N#CC(=O)CC(=O)C(N)=CC=O,False,BasidalinOnly_gen3
N#CC(O)CC(=O)C1=CC(O)=N1,False,BasidalinOnly_gen3
N#CC(O)CC1=NC1=CC(=O)O,False,BasidalinOnly_gen3
N#CC(O)C1OC(O)C=C(N)C1=O,False,BasidalinOnly_gen3
N#CC(O)C1OC(=O)C=C(N)C1O,False,BasidalinOnly_gen3
N#CC1OC1C(=O)C(N)=CC(O)O,False,BasidalinOnly_gen3
N#CC1OC1C(O)C(N)=CC(=O)O,False,BasidalinOnly_gen3
N#CC(O)CC(=O)C(N)=C1OC1O,False,BasidalinOnly_gen3
N#CC(O)CC(O)C(N)=C1OC1=O,False,BasidalinOnly_gen3
N#CC1CC(=O)C(N)=C(C(O)O)O1,False,BasidalinOnly_gen3
N#CC1CC(O)C(N)=C(C(=O)O)O1,False,BasidalinOnly_gen3
N#CC1(O)CC(=O)C(N)=CC(O)O1,False,BasidalinOnly_gen3
N#CC1(O)CC(O)C(N)=CC(=O)O1,False,BasidalinOnly_gen3
N#CC(O)CC1=[NH+]C1=CC(=O)O,False,BasidalinOnly_gen3
N#CC(O)=CC(=O)C(N)=CC(=O)O,False,BasidalinOnly_gen3
N#CC(O)CC(O)C(N)=CC(=O)O,False,BasidalinOnly_gen3
N#CC(O)CC(=O)C(N)=CC(O)O,False,BasidalinOnly_gen3
N#CC(O)CC(=O)C(N)=CC=O,False,BasidalinOnly_gen3
N#CCCC(=O)C(N)=CC(=O)O,False,BasidalinOnly_gen3
N#CC(O)CC(=O)C(N)CC(=O)O,False,BasidalinOnly_gen3
N#CC(O)CC(=O)C(N)=CCO,False,BasidalinOnly_gen3
COC(=O)C=C(N)C(=O)CC(O)C#N,False,BasidalinOnly_gen3
CNC(=CC(=O)O)C(=O)CC(O)C#N,False,BasidalinOnly_gen3
CC(C(=O)O)=C(N)C(=O)CC(O)C#N,False,BasidalinOnly_gen3
N#CC(O)CC(=O)C(N)=CC(=O)Cl,False,BasidalinOnly_gen3
N#CC(O)CC(=O)C(N)=C=O,False,BasidalinOnly_gen3
CC(O)C#N,False,BasidalinOnly_gen3
NC(=O)C1=C(N)/C(=C\CO)OC1=O,False,BasidalinOnly_gen3
NC1=CC(=O)O/C1=C/C1OC1(N)O,False,BasidalinOnly_gen3
Nc1cc2oc1=CC(O)C(=O)N=2,False,BasidalinOnly_gen3
NC1=NC2=CC(=O)OC2=CC1O,False,BasidalinOnly_gen3
NC1=CC(=O)O/C1=C1\OC1C(N)O,False,BasidalinOnly_gen3
NC1=C2OC(C(N)O)C=C1OC2=O,False,BasidalinOnly_gen3
O=C1C=C2NC(=O)C(O)C=C2O1,False,BasidalinOnly_gen3
NC(=O)C(O)=C=C1OC(=O)C=C1N,False,BasidalinOnly_gen3
NC1=CC(=O)O/C1=C/C(O)C(N)O,False,BasidalinOnly_gen3
CNC(=O)C(O)/C=C1/OC(=O)C=C1N,False,BasidalinOnly_gen3
NC(=O)C(=O)O,False,BasidalinOnly_gen3
NC(=O)O,False,BasidalinOnly_gen3
NC(=O)C/C=C1/OC(=O)C=C1N,False,BasidalinOnly_gen3
NC1=CC(=O)OC1=CC(CO)=NO,False,BasidalinOnly_gen3
NC1=C(C=NO)C(=O)O/C1=C/CO,False,BasidalinOnly_gen3
C=NO,False,BasidalinOnly_gen3
CC(=NO)C(O)/C=C1/OC(=O)C=C1N,False,BasidalinOnly_gen3
NC1=CC(=O)O/C1=C/CC=NO,False,BasidalinOnly_gen3
N#CC/C(C(=O)O)=C1/OC(=O)C=C1N,False,BasidalinOnly_gen3
N#CC(/C=C1/OC(=O)C=C1N)C(=O)O,False,BasidalinOnly_gen3
CC1(N)OC(=O)C2=C1N=C2,False,BasidalinOnly_gen3
CC1(N)OC2=NC1=C2C=O,False,BasidalinOnly_gen3
CC12N=CC(=C1N)C(=O)O2,False,BasidalinOnly_gen3
CC12N=C(O1)C(C=O)=C2N,False,BasidalinOnly_gen3
CC1(N)OC(=O)C(CO)=C1N,False,BasidalinOnly_gen3
CC(=O)NC1(C)OC(=O)C(C=O)=C1N,False,BasidalinOnly_gen3
CC1(N)OC(O)C(C(=O)O)=C1N,False,BasidalinOnly_gen3
CC1=C(N)C(N)(C=O)OC1=O,False,BasidalinOnly_gen3
NC1OC2=NC1=C2CC=O,False,BasidalinOnly_gen3
NC1OC(=O)C2=C1N=CC2,False,BasidalinOnly_gen3
NC1=C(CC=O)C2=NC1O2,False,BasidalinOnly_gen3
NC1=C2CC=NC1OC2=O,False,BasidalinOnly_gen3
NC1=C(C=C=O)C(=O)OC1N,False,BasidalinOnly_gen3
NC1=C(CCO)C(=O)OC1N,False,BasidalinOnly_gen3
CC(=O)NC1OC(=O)C(CC=O)=C1N,False,BasidalinOnly_gen3
NC1=C(C(O)C=O)C(=O)OC1N,False,BasidalinOnly_gen3
NC1=C(CC(=O)O)C(=O)OC1N,False,BasidalinOnly_gen3
NC1=C(COC=O)C(=O)OC1N,False,BasidalinOnly_gen3
NC1=C(CC(=O)O)C(O)OC1N,False,BasidalinOnly_gen3
NC1=C(C(O)C=O)C(O)OC1N,False,BasidalinOnly_gen3
NC1=C(C(O)CO)C(=O)OC1N,False,BasidalinOnly_gen3
CC1=C(N)C(N)OC1=O,False,BasidalinOnly_gen3
NC1=C(CC=O)C(=O)OC1(N)C=O,False,BasidalinOnly_gen3
NC1=C(C(C=O)C=O)C(=O)OC1N,False,BasidalinOnly_gen3
NC1=C(CC(=O)C=O)C(=O)OC1N,False,BasidalinOnly_gen3
C1=NC2(C1)OC1=NC2=C1,False,BasidalinOnly_gen3
C1=NC2=CC3=NC2(C1)O3,False,BasidalinOnly_gen3
NC1=CC2=NC1(C=C=O)O2,False,BasidalinOnly_gen3
NC1=CC2=NC1(CCO)O2,False,BasidalinOnly_gen3
NC1=CC2=NC1(CC(=O)C(=O)O)O2,False,BasidalinOnly_gen3
NC1=CC2=NC1(C(C=O)C(=O)O)O2,False,BasidalinOnly_gen3
NC1=CC2=NC1(C(O)C=O)O2,False,BasidalinOnly_gen3
NC1=CC2=NC1(CC(=O)O)O2,False,BasidalinOnly_gen3
NC1=CC2=NC1(COC=O)O2,False,BasidalinOnly_gen3
NC1=CC2=NC1(C(O)CO)O2,False,BasidalinOnly_gen3
CC12N=C(C=C1N)O2,False,BasidalinOnly_gen3
NC1=CC2=NC1(C(C=O)C=O)O2,False,BasidalinOnly_gen3
NC1=CC2=NC1(CC(=O)C=O)O2,False,BasidalinOnly_gen3
NC1=C(C=O)C2=NC1(CC=O)O2,False,BasidalinOnly_gen3
CC(=O)NC12CC=NC1=CC(=O)O2,False,BasidalinOnly_gen3
NC1(C=C=O)OC2=NC1=C2,False,BasidalinOnly_gen3
NC1(CCO)OC2=NC1=C2,False,BasidalinOnly_gen3
CC(=O)NC1(CC=O)OC2=NC1=C2,False,BasidalinOnly_gen3
NC1(CC(=O)C(=O)O)OC2=NC1=C2,False,BasidalinOnly_gen3
NC1(C(C=O)C(=O)O)OC2=NC1=C2,False,BasidalinOnly_gen3
NC1(C(O)C=O)OC2=NC1=C2,False,BasidalinOnly_gen3
NC1(CC(=O)O)OC2=NC1=C2,False,BasidalinOnly_gen3
NC1(COC=O)OC2=NC1=C2,False,BasidalinOnly_gen3
NC1(C(O)CO)OC2=NC1=C2,False,BasidalinOnly_gen3
CC1(N)OC2=NC1=C2,False,BasidalinOnly_gen3
NC1(C(C=O)C=O)OC2=NC1=C2,False,BasidalinOnly_gen3
NC1(CC(=O)C=O)OC2=NC1=C2,False,BasidalinOnly_gen3
NC1=CC(=O)OC12C=C=N2,False,BasidalinOnly_gen3
NC12C=C=NC1=CC(=O)O2,False,BasidalinOnly_gen3
CC(=O)NC1(C=C=O)OC(=O)C=C1N,False,BasidalinOnly_gen3
COCCC1(N)OC(=O)C=C1N,False,BasidalinOnly_gen3
CC(=O)NC1(CCO)OC(=O)C=C1N,False,BasidalinOnly_gen3
CC(=O)OCCC1(N)OC(=O)C=C1N,False,BasidalinOnly_gen3
NC1=CC(=O)OC1(N)CCCl,False,BasidalinOnly_gen3
NC1=CC(=O)OC1(N)CC(O)O,False,BasidalinOnly_gen3
NC1=CC(O)OC1(N)CC(O)O,False,BasidalinOnly_gen3
NC1=CC(O)OC1(N)C(O)CO,False,BasidalinOnly_gen3
NC1=C(CO)C(=O)OC1(N)CCO,False,BasidalinOnly_gen3
NC1=CC(=O)OC1NC(=O)CCC=O,False,BasidalinOnly_gen3
CC1(NC(=O)CC=O)OC(=O)C=C1N,False,BasidalinOnly_gen3
CC(C=O)C1(NC=O)OC(=O)C=C1N,False,BasidalinOnly_gen3
CC(=O)CC1(NC=O)OC(=O)C=C1N,False,BasidalinOnly_gen3
CC1=C(N)C(CC=O)(NC=O)OC1=O,False,BasidalinOnly_gen3
CC1=NC2=CC(=O)OC2(CC=O)N1,False,BasidalinOnly_gen3
CC(O)NC1(CC=O)OC(=O)C=C1N,False,BasidalinOnly_gen3
CC(=O)N(C)C1(CC=O)OC(=O)C=C1N,False,BasidalinOnly_gen3
CCC(=O)NC1(CC=O)OC(=O)C=C1N,False,BasidalinOnly_gen3
NC1=CC(=O)OC1(CC=O)NC=O,False,BasidalinOnly_gen3
CC(=O)NC1(CC=O)OC(=O)C(C)=C1N,False,BasidalinOnly_gen3
NC1=C(C=O)C(=O)OC1(N)CO,False,BasidalinOnly_gen3
NC1=CC(=O)OC1N,False,BasidalinOnly_gen3
NC1=CC(=O)OC1(N)C=O,False,BasidalinOnly_gen3
NC1=CC(=O)OC12N=CC2O,False,BasidalinOnly_gen3
NC12OC(=O)C=C1N=CC2O,False,BasidalinOnly_gen3
NC1=C2OC(CO)C1(N)OC2=O,False,BasidalinOnly_gen3
NC1=CC(=O)OC1(N)C(=O)C=O,False,BasidalinOnly_gen3
NC1=CC(=O)OC1(N)C(O)=C=O,False,BasidalinOnly_gen3
COC(C=O)C1(N)OC(=O)C=C1N,False,BasidalinOnly_gen3
NC1=CC(=O)OC1(N)C(Cl)C=O,False,BasidalinOnly_gen3
CC1(N)OC(=O)C(C(=O)O)=C1N,False,BasidalinOnly_gen3
NC(=CC(=O)O)C(N)=CC(=O)O,False,BasidalinOnly_gen3
NC1=CC(=O)OC12CC(O)=N2,False,BasidalinOnly_gen3
NC12CC(O)=NC1=CC(=O)O2,False,BasidalinOnly_gen3
NC1=CC(=O)OC1(N)C1OC1O,False,BasidalinOnly_gen3
NC1=C2OC(O)CC1(N)OC2=O,False,BasidalinOnly_gen3
NC1=CC(=O)OC1C(N)C(=O)O,False,BasidalinOnly_gen3
NC1=CC(=O)OC1(N)CC(=O)Cl,False,BasidalinOnly_gen3
NC1=CC(=O)OC12COC=N2,False,BasidalinOnly_gen3
NC12COC=NC1=CC(=O)O2,False,BasidalinOnly_gen3
COCC1(N)OC(=O)C=C1N,False,BasidalinOnly_gen3
NC1=CC(=O)OC1(N)CO,False,BasidalinOnly_gen3
CC1(N)OC(O)C=C1N,False,BasidalinOnly_gen3
CC1(N)OC(O)(C(=O)O)C=C1N,False,BasidalinOnly_gen3
NC1=CC(O)(CC(=O)O)OC1N,False,BasidalinOnly_gen3
NC1=CC(O)OC12CC(O)=N2,False,BasidalinOnly_gen3
NC12CC(O)=NC1=CC(O)O2,False,BasidalinOnly_gen3
NC1=CC2(O)OC(O)CC1(N)O2,False,BasidalinOnly_gen3
NC1=CC(O)OC1(N)C1OC1O,False,BasidalinOnly_gen3
NC1=CC2OC(C(O)O)C1(N)O2,False,BasidalinOnly_gen3
NC1=C2OC(O)CC1(N)OC2O,False,BasidalinOnly_gen3
NC1=C2OC2OC1(N)CC(O)O,False,BasidalinOnly_gen3
NC1=CC(O)OC1C(N)C(=O)O,False,BasidalinOnly_gen3
NC1=CC(O)OC1(N)CC=O,False,BasidalinOnly_gen3
NC1=CC(O)OC1(N)CCO,False,BasidalinOnly_gen3
COC(=O)CC1(N)OC(O)C=C1N,False,BasidalinOnly_gen3
COC1C=C(N)C(N)(CC(=O)O)O1,False,BasidalinOnly_gen3
NC1=CC(O)OC1(N)CC(=O)Cl,False,BasidalinOnly_gen3
NC1=CC(O)OC1(N)C=O,False,BasidalinOnly_gen3
NC1=C(CO)C(=O)OC1(N)CO,False,BasidalinOnly_gen3
CC(=O)C1(N)OC(=O)C=C1N,False,BasidalinOnly_gen3
NC1=CC(=O)OC1(N)C(=O)CO,False,BasidalinOnly_gen3
COC(CO)C1(N)OC(=O)C=C1N,False,BasidalinOnly_gen3
COCC(O)C1(N)OC(=O)C=C1N,False,BasidalinOnly_gen3
NC1=CC(=O)OC1(N)C(Cl)CO,False,BasidalinOnly_gen3
NC1=CC(=O)OC1(N)C(O)CCl,False,BasidalinOnly_gen3
CC(O)C1(N)OC(=O)C=C1N,False,BasidalinOnly_gen3
NC1=CC(O)(C(O)C=O)OC1N,False,BasidalinOnly_gen3
NC1=CC(O)(C=O)OC1(N)CO,False,BasidalinOnly_gen3
NC1=C(C=O)C(O)OC1(N)CO,False,BasidalinOnly_gen3
NC1=CC(O)OC1N,False,BasidalinOnly_gen3
NC1=CC(O)OC12N=CC2O,False,BasidalinOnly_gen3
NC12OC(O)C=C1N=CC2O,False,BasidalinOnly_gen3
NC1=CC2OC(O)(CO)C1(N)O2,False,BasidalinOnly_gen3
NC1=CC2(O)OC(CO)C1(N)O2,False,BasidalinOnly_gen3
NC1=C2OC(CO)C1(N)OC2O,False,BasidalinOnly_gen3
NC1=C2OC2OC1(N)C(O)CO,False,BasidalinOnly_gen3
NC1=CC(O)OC1(N)C(=O)C=O,False,BasidalinOnly_gen3
NC1=CC(O)OC1(N)C(O)=C=O,False,BasidalinOnly_gen3
COC(C=O)C1(N)OC(O)C=C1N,False,BasidalinOnly_gen3
COC1C=C(N)C(N)(C(O)C=O)O1,False,BasidalinOnly_gen3
NC1=CC(O)OC1(N)C(Cl)C=O,False,BasidalinOnly_gen3
CC(=O)NC1(C)OC(=O)C=C1N,False,BasidalinOnly_gen3
CC(=O)NC1=CC(=O)OC1(C)N,False,BasidalinOnly_gen3
NC1=CC(=O)OC12N=CC2C=O,False,BasidalinOnly_gen3
NC12OC(=O)C=C1N=CC2C=O,False,BasidalinOnly_gen3
NC1=CC(=O)OC1(N)C(=C=O)C=O,False,BasidalinOnly_gen3
CC(=O)C(C=O)C1(N)OC(=O)C=C1N,False,BasidalinOnly_gen3
CC1(N)OC(=O)C(C(=O)C=O)=C1N,False,BasidalinOnly_gen3
NC1=CC(=O)OC12CC(C=O)=N2,False,BasidalinOnly_gen3
NC1=CC(=O)OC12CC(=O)C=N2,False,BasidalinOnly_gen3
NC12CC(C=O)=NC1=CC(=O)O2,False,BasidalinOnly_gen3
NC12CC(=O)C=NC1=CC(=O)O2,False,BasidalinOnly_gen3
NC1=CC(=O)OC1(N)CC(O)C=O,False,BasidalinOnly_gen3
CC(=O)C(=O)CC1(N)OC(=O)C=C1N,False,BasidalinOnly_gen3
NC1=C(C(=O)CC=O)C(=O)OC1N,False,BasidalinOnly_gen3
NC1(CC=O)OC(=O)C2=C1N=C2,False,BasidalinOnly_gen3
NC12CC=NC1=C(C=O)C(=O)O2,False,BasidalinOnly_gen3
NC1=C2C=NC1(CC=O)OC2=O,False,BasidalinOnly_gen3
NC1=C(C=O)C(=O)OC12CC=N2,False,BasidalinOnly_gen3
NC1=C(C=O)C(=O)OC1(N)C=C=O,False,BasidalinOnly_gen3
NC1=C(C=O)C(=O)OC1(N)CCO,False,BasidalinOnly_gen3
NC1=C(CO)C(=O)OC1(N)CC=O,False,BasidalinOnly_gen3
CC(=O)CC1(N)OC(=O)C(C=O)=C1N,False,BasidalinOnly_gen3
C=c1oc2c(c1N)CN=2,False,BasidalinOnly_gen3
C=C1OC(=O)C2=C1NC2,False,BasidalinOnly_gen3
C=C1OC(=O)C(CNC)=C1N,False,BasidalinOnly_gen3
O=C(O)C=C1NCCC1=O,False,BasidalinOnly_gen3
CNCC=C1OC(=O)C=C1N,False,BasidalinOnly_gen3
CN1CC=C2OC(=O)C=C21,False,BasidalinOnly_gen3
CN(C)C/C=C1/OC(=O)C=C1N,False,BasidalinOnly_gen3
CC(=O)N(C)C/C=C1/OC(=O)C=C1N,False,BasidalinOnly_gen3
CNC(/C=C1/OC(=O)C=C1N)C(=O)O,False,BasidalinOnly_gen3
CNC/C(C(=O)O)=C1/OC(=O)C=C1N,False,BasidalinOnly_gen3
CNC(O)/C=C1/OC(=O)C=C1N,False,BasidalinOnly_gen3
CNC/C(O)=C1/OC(=O)C=C1N,False,BasidalinOnly_gen3
CNCC1OC12OC(=O)C=C2N,False,BasidalinOnly_gen3
CNCCC1(O)OC(=O)C=C1N,False,BasidalinOnly_gen3
CNC(O)/C=C1/OC(O)C=C1N,False,BasidalinOnly_gen3
CNC/C(O)=C1/OC(O)C=C1N,False,BasidalinOnly_gen3
CNCCC(=O)C(N)=CC(=O)O,False,BasidalinOnly_gen3
CN,False,BasidalinOnly_gen3
CNC(=O)CC=C1OC(=O)C=C1N,False,BasidalinOnly_gen3
CC(/C=C1/OC(=O)C=C1N)NC=O,False,BasidalinOnly_gen3
C/C(CNC=O)=C1\OC(=O)C=C1N,False,BasidalinOnly_gen3
CC1=C(N)/C(=C\CNC=O)OC1=O,False,BasidalinOnly_gen3
C=C1OC(=O)C(CNC(C)=O)=C1N,False,BasidalinOnly_gen3
CC1=NC2=CC(=O)OC2=CCN1,False,BasidalinOnly_gen3
CC(O)NC/C=C1/OC(=O)C=C1N,False,BasidalinOnly_gen3
CCC(=O)NC/C=C1/OC(=O)C=C1N,False,BasidalinOnly_gen3
NC1=CC(=O)O/C1=C/CNC(=O)CO,False,BasidalinOnly_gen3
CC(=O)NC(O)/C=C1/OC(=O)C=C1N,False,BasidalinOnly_gen3
CC(=O)NC/C(O)=C1/OC(=O)C=C1N,False,BasidalinOnly_gen3
CC(=O)NCC1OC12OC(=O)C=C2N,False,BasidalinOnly_gen3
COC(=O)NC/C=C1/OC(=O)C=C1N,False,BasidalinOnly_gen3
CC(=O)NCCC1(O)OC(=O)C=C1N,False,BasidalinOnly_gen3
NC1=CC(=O)O/C1=C/CNC(O)CO,False,BasidalinOnly_gen3
NC1=CC(O)O/C1=C/CNC(=O)CO,False,BasidalinOnly_gen3
CC(O)NC(O)/C=C1/OC(=O)C=C1N,False,BasidalinOnly_gen3
CC(=O)NC(O)/C=C1/OC(O)C=C1N,False,BasidalinOnly_gen3
CC(O)NC/C(O)=C1/OC(=O)C=C1N,False,BasidalinOnly_gen3
CC(=O)NC/C(O)=C1/OC(O)C=C1N,False,BasidalinOnly_gen3
CC(=O)NCCC(=O)C(N)=CC(=O)O,False,BasidalinOnly_gen3
NC1=CC(=O)O/C1=C/CNC=O,False,BasidalinOnly_gen3
CC(=O)NC/C=C1/OC(=O)C(C)=C1N,False,BasidalinOnly_gen3
NC(=C=O)/C=C1/OC(=O)C=C1N,False,BasidalinOnly_gen3
C=C1OC(=O)C(C(N)C(=O)O)=C1N,False,BasidalinOnly_gen3
NC/C=C1/OC(=O)C(C(=O)O)=C1N,False,BasidalinOnly_gen3
NC1=CC(=O)O/C1=C/C1N=C1O,False,BasidalinOnly_gen3
Nc1cc2oc1=CC(C(=O)O)N=2,False,BasidalinOnly_gen3
NC1C=C2OC(=O)C=C2N=C1O,False,BasidalinOnly_gen3
NC1=CC(=O)O/C1=C/C1(N)OC1O,False,BasidalinOnly_gen3
NC1=CC(=O)O/C1=C1\OC(O)C1N,False,BasidalinOnly_gen3
NC1=C2OC(O)C(N)C=C1OC2=O,False,BasidalinOnly_gen3
NC1=CC(=O)O/C1=C(\N)CC(=O)O,False,BasidalinOnly_gen3
NC1=CC(=O)OC1=C=CC(=O)O,False,BasidalinOnly_gen3
NC1=CC(=O)O/C1=C1\C(=O)C1N,False,BasidalinOnly_gen3
NC1=CC(=O)O/C1=C/C1[NH+]=C1O,False,BasidalinOnly_gen3
O=C1C=C2NC(C(=O)O)C=C2O1,False,BasidalinOnly_gen3
NC(=C=C1OC(=O)C=C1N)C(=O)O,False,BasidalinOnly_gen3
NC1=CC(=O)O/C1=C/C(N)C(O)O,False,BasidalinOnly_gen3
COC(=O)C(N)/C=C1/OC(=O)C=C1N,False,BasidalinOnly_gen3
NC1=CC(=O)O/C1=C/C(N)C(=O)Cl,False,BasidalinOnly_gen3
N=C(/C=C1/OC(=O)C=C1N)C(=O)O,False,BasidalinOnly_gen3
NCC1=C(N)/C(=C/C(=O)O)OC1=O,False,BasidalinOnly_gen3
NC1=CC(=O)OC1=CC(N)C(=O)O,False,BasidalinOnly_gen3
NCC=C1OC(=O)C(C(=O)O)=C1N,False,BasidalinOnly_gen3
NCc1c(O)c2cc(N)c1o2,False,BasidalinOnly_gen3
NC1=CC(=O)O/C1=C1/CN=C1O,False,BasidalinOnly_gen3
Nc1cc2oc1=C(C(=O)O)CN=2,False,BasidalinOnly_gen3
NCC1=C2OC(=O)C=C2N=C1O,False,BasidalinOnly_gen3
NC1=CC(=O)O/C1=C1/C(N)OC1O,False,BasidalinOnly_gen3
NCC1=C2OC(=O)C(=C2N)OC1O,False,BasidalinOnly_gen3
NC1=CC(=O)O/C1=C1/C[NH+]=C1O,False,BasidalinOnly_gen3
O=C1C=C2NCC(C(=O)O)=C2O1,False,BasidalinOnly_gen3
NC/C(=C1/OC(=O)C=C1N)C(O)O,False,BasidalinOnly_gen3
NC/C(C=O)=C1/OC(=O)C=C1N,False,BasidalinOnly_gen3
COC(=O)/C(CN)=C1\OC(=O)C=C1N,False,BasidalinOnly_gen3
NC/C(C(=O)Cl)=C1/OC(=O)C=C1N,False,BasidalinOnly_gen3
C=C1OC(=O)C(C(N)O)=C1N,False,BasidalinOnly_gen3
Nc1cc2oc1=CC(O)N=2,False,BasidalinOnly_gen3
O=C1C=C2NC(O)C=C2O1,False,BasidalinOnly_gen3
CC(=O)OC(N)/C=C1/OC(=O)C=C1N,False,BasidalinOnly_gen3
NC1=CC(=O)O/C1=C/C(N)Cl,False,BasidalinOnly_gen3
NC1=CC(=O)O/C1=C/C(N)(O)O,False,BasidalinOnly_gen3
NC1=CC(=O)O/C1=C(\O)C(N)O,False,BasidalinOnly_gen3
NC1=CC(=O)OC12OC2C(N)O,False,BasidalinOnly_gen3
NC1=CC(=O)OC1(O)CC(N)O,False,BasidalinOnly_gen3
NC1=CC(O)O/C1=C/C(N)(O)O,False,BasidalinOnly_gen3
NC1=CC(O)O/C1=C(\O)C(N)O,False,BasidalinOnly_gen3
NC(=CC(=O)O)C(=O)CC(N)O,False,BasidalinOnly_gen3
NCC1=C(N)/C(=C/O)OC1=O,False,BasidalinOnly_gen3
Nc1cc2oc1=C(O)CN=2,False,BasidalinOnly_gen3
O=C1C=C2NCC(O)=C2O1,False,BasidalinOnly_gen3
CO/C(CN)=C1\OC(=O)C=C1N,False,BasidalinOnly_gen3
CC(=O)O/C(CN)=C1\OC(=O)C=C1N,False,BasidalinOnly_gen3
NC/C(Cl)=C1/OC(=O)C=C1N,False,BasidalinOnly_gen3
NCC1(O)OC12OC(=O)C=C2N,False,BasidalinOnly_gen3
NCC(O)C1(O)OC(=O)C=C1N,False,BasidalinOnly_gen3
NCC(O)C(=O)C(N)=CC(=O)O,False,BasidalinOnly_gen3
NC1=CC2=NCC3OC13O2,False,BasidalinOnly_gen3
NCC1OC12OC1=NC2=C1,False,BasidalinOnly_gen3
O=C1C=C2NCC3OC23O1,False,BasidalinOnly_gen3
CC1(O)OC(=O)C(CN)=C1N,False,BasidalinOnly_gen3
NCCC1=C(N)C(O)OC1=O,False,BasidalinOnly_gen3
NC1=CC2=NCCC1(O)O2,False,BasidalinOnly_gen3
NCCC1(O)OC2=NC1=C2,False,BasidalinOnly_gen3
O=C1C=C2NCCC2(O)O1,False,BasidalinOnly_gen3
COC1(CCN)OC(=O)C=C1N,False,BasidalinOnly_gen3
CC(=O)OC1(CCN)OC(=O)C=C1N,False,BasidalinOnly_gen3
NCC(O)C1(O)OC(O)C=C1N,False,BasidalinOnly_gen3
NC1=CC(O)OC1(O)CC(N)O,False,BasidalinOnly_gen3
C=C1OC(O)(C(N)O)C=C1N,False,BasidalinOnly_gen3
C=C1OC(O)C(C(N)O)=C1N,False,BasidalinOnly_gen3
OC1C=C2OC(O)C=C2N1,False,BasidalinOnly_gen3
COC(N)/C=C1/OC(O)C=C1N,False,BasidalinOnly_gen3
COC1C=C(N)/C(=C\C(N)O)O1,False,BasidalinOnly_gen3
CC(=O)OC(N)/C=C1/OC(O)C=C1N,False,BasidalinOnly_gen3
CC(=O)OC1C=C(N)/C(=C\C(N)O)O1,False,BasidalinOnly_gen3
NC1=CC(O)O/C1=C/C(N)Cl,False,BasidalinOnly_gen3
NC1=CC(O)OC12OC2C(N)O,False,BasidalinOnly_gen3
NC/C=C1/OC(O)C=C1N,False,BasidalinOnly_gen3
NCC1(O)C=C(N)/C(=C/O)O1,False,BasidalinOnly_gen3
NCC1=C(N)/C(=C/O)OC1O,False,BasidalinOnly_gen3
OC1=C2OC(O)C=C2NC1,False,BasidalinOnly_gen3
CO/C(CN)=C1\OC(O)C=C1N,False,BasidalinOnly_gen3
COC1C=C(N)/C(=C(/O)CN)O1,False,BasidalinOnly_gen3
CC(=O)O/C(CN)=C1\OC(O)C=C1N,False,BasidalinOnly_gen3
CC(=O)OC1C=C(N)/C(=C(/O)CN)O1,False,BasidalinOnly_gen3
NC/C(Cl)=C1/OC(O)C=C1N,False,BasidalinOnly_gen3
NCC1(O)OC12OC(O)C=C2N,False,BasidalinOnly_gen3
C=C(N)C(=O)CCN,False,BasidalinOnly_gen3
C=C(N)C(=O)C(CN)C(=O)O,False,BasidalinOnly_gen3
C=C(N)C(=O)CC(N)C(=O)O,False,BasidalinOnly_gen3
NCC(C=O)C(N)=CC(=O)O,False,BasidalinOnly_gen3
NCCC(C(=O)O)=C(N)C=O,False,BasidalinOnly_gen3
NC=C(C(=O)O)C(=O)CCN,False,BasidalinOnly_gen3
CC(N)C(=O)C(N)=CC(=O)O,False,BasidalinOnly_gen3
NCCC(=O)C1=CC(O)=N1,False,BasidalinOnly_gen3
NCCC1=NC1=CC(=O)O,False,BasidalinOnly_gen3
NC1=CC(O)=NCCC1=O,False,BasidalinOnly_gen3
NC(=CC(=O)O)C1=NCC1,False,BasidalinOnly_gen3
NCC1OC(O)C=C(N)C1=O,False,BasidalinOnly_gen3
NCC1OC(=O)C=C(N)C1O,False,BasidalinOnly_gen3
NCCC(=O)C(N)=C1OC1O,False,BasidalinOnly_gen3
NCCC(O)C(N)=C1OC1=O,False,BasidalinOnly_gen3
NC1=CC(O)OC(N)CC1=O,False,BasidalinOnly_gen3
NC1=CC(=O)OC(N)CC1O,False,BasidalinOnly_gen3
NCCC1=[NH+]C1=CC(=O)O,False,BasidalinOnly_gen3
NC(=CC(=O)O)C1=[NH+]CC1,False,BasidalinOnly_gen3
NC=CC(=O)C(N)=CC(=O)O,False,BasidalinOnly_gen3
NCCC(=O)C(N)=CC(O)O,False,BasidalinOnly_gen3
NCCC(O)C(N)=CC(=O)O,False,BasidalinOnly_gen3
NCCC(=O)C(N)=CC=O,False,BasidalinOnly_gen3
NCCC(=O)C(N)CC(=O)O,False,BasidalinOnly_gen3
NCCC(=O)C(N)=CCO,False,BasidalinOnly_gen3
COC(=O)C=C(N)C(=O)CCN,False,BasidalinOnly_gen3
CNC(=CC(=O)O)C(=O)CCN,False,BasidalinOnly_gen3
CC(C(=O)O)=C(N)C(=O)CCN,False,BasidalinOnly_gen3
CC(=O)OC(=O)C=C(N)C(=O)CCN,False,BasidalinOnly_gen3
NCCC(=O)C(N)=CC(=O)Cl,False,BasidalinOnly_gen3
NCCC(=O)C(N)=C=O,False,BasidalinOnly_gen3
NCCC(=O)C(N)=C(O)C(=O)O,False,BasidalinOnly_gen3
NCCC(=O)C1(N)OC1C(=O)O,False,BasidalinOnly_gen3
NCCC(=O)C(N)=COC(=O)O,False,BasidalinOnly_gen3
NCCOC(=O)C(N)=CC(=O)O,False,BasidalinOnly_gen3
NCCC(=O)OC(N)=CC(=O)O,False,BasidalinOnly_gen3
NCCC(=O)C(N)C(O)C(=O)O,False,BasidalinOnly_gen3
NCCC(=O)C(N)(O)CC(=O)O,False,BasidalinOnly_gen3
NCCC(=O)C(O)=CC(=O)O,False,BasidalinOnly_gen3
NCC(O)C(=O)C(N)=CC(O)O,False,BasidalinOnly_gen3
NCC(O)C(O)C(N)=CC(=O)O,False,BasidalinOnly_gen3
NCCC(=O)C(N)=C(O)C(O)O,False,BasidalinOnly_gen3
NCCC(O)C(N)=C(O)C(=O)O,False,BasidalinOnly_gen3
NC(=CC(O)O)C(=O)CC(N)O,False,BasidalinOnly_gen3
NC(=CC(=O)O)C(O)CC(N)O,False,BasidalinOnly_gen3
CCN,False,BasidalinOnly_gen3
O=C1O/C(=C\O)C2=C1C=N2,False,BasidalinOnly_gen3
CO/C=C1\OC(=O)C(C=O)=C1N,False,BasidalinOnly_gen3
O=C1C=C2N=C=C2O1,False,BasidalinOnly_gen3
CC(=O)NC1=CC(=O)OC1=C=O,False,BasidalinOnly_gen3
NC(=CC(=O)O)C(=O)C=O,False,BasidalinOnly_gen3
COC1=C2OC(=O)C=C2N=C1,False,BasidalinOnly_gen3
CC(=O)OC1=C2OC(=O)C=C2N=C1,False,BasidalinOnly_gen3
O=C(O)C=C1N=CC(O)C1=O,False,BasidalinOnly_gen3
Nc1c2oc(C=O)c1OC2=O,False,BasidalinOnly_gen3
COCc1oc2c(N)c1OC2=O,False,BasidalinOnly_gen3
Cc1oc2c(N)c1OC2=O,False,BasidalinOnly_gen3
NC1=CC(=O)O/C1=C\OCC=O,False,BasidalinOnly_gen3
NC1=C(C=O)C(=O)O/C1=C\Cl,False,BasidalinOnly_gen3
O=C1C=C2N=CC(Cl)=C2O1,False,BasidalinOnly_gen3
CC(=O)NC1=CC(=O)O/C1=C(\Cl)C=O,False,BasidalinOnly_gen3
NC1=CC(=O)O/C1=C(\Cl)C(=O)O,False,BasidalinOnly_gen3
NC1=CC(=O)OC12OC2(Cl)C=O,False,BasidalinOnly_gen3
NC1=CC(=O)O/C1=C(\Cl)OC=O,False,BasidalinOnly_gen3
NC1=CC(=O)OC1(O)C(Cl)C=O,False,BasidalinOnly_gen3
NC1=CC(O)O/C1=C(\Cl)C(=O)O,False,BasidalinOnly_gen3
NC(=CC(=O)O)C(=O)C(Cl)C=O,False,BasidalinOnly_gen3
NC1=CC(=O)O/C1=C\Cl,False,BasidalinOnly_gen3
NC1=CC(=O)O/C1=C(\Cl)C(=O)C=O,False,BasidalinOnly_gen3
NC1=C(C=O)C(=O)O/C1=C(\Cl)C=O,False,BasidalinOnly_gen3
C=C1OC(=O)C2=C1N=C2O,False,BasidalinOnly_gen3
NC1=C2C(=O)OC1=COC2O,False,BasidalinOnly_gen3
C=C1OC(=O)C(C(N)=O)=C1N,False,BasidalinOnly_gen3
CNc1cc2oc1cc2O,False,BasidalinOnly_gen3
CC(=O)Nc1cc2oc1cc2O,False,BasidalinOnly_gen3
CC(=O)Oc1cc2oc1cc2N,False,BasidalinOnly_gen3
Nc1cc2oc1c(C(=O)O)c2O,False,BasidalinOnly_gen3
Nc1c(C(=O)O)c2oc1cc2O,False,BasidalinOnly_gen3
Nc1cc2oc1c(O)c2O,False,BasidalinOnly_gen3
Nc1c(O)c2oc1cc2O,False,BasidalinOnly_gen3
NC1=CC(=C(O)C=O)OC1=O,False,BasidalinOnly_gen3
NC(C=O)=C1C=C(O)C(=O)O1,False,BasidalinOnly_gen3
Nc1cc(C(=O)O)oc1C=O,False,BasidalinOnly_gen3
NC1=CC2(O)OC1=CC2(O)O,False,BasidalinOnly_gen3
Nc1cc2oc1C(O)C2(O)O,False,BasidalinOnly_gen3
NC1=CC2=C(O)C(O)C1(O)O2,False,BasidalinOnly_gen3
NC1(O)C=C2OC1(O)C=C2O,False,BasidalinOnly_gen3
NC1(O)c2cc(O)c(o2)C1O,False,BasidalinOnly_gen3
NC1=C2C=C(O)C(O)(O2)C1O,False,BasidalinOnly_gen3
NC12C=C3OC1(C=C3O)O2,False,BasidalinOnly_gen3
NC12OC1c1oc2cc1O,False,BasidalinOnly_gen3
NC1=C2C=C(O)C3(O2)OC13,False,BasidalinOnly_gen3
NC1=CC23OC1=CC2(O)O3,False,BasidalinOnly_gen3
Nc1cc2oc1C1OC21O,False,BasidalinOnly_gen3
NC1=CC2=C(O)C3OC13O2,False,BasidalinOnly_gen3
Nc1cc2ccc1o2,False,BasidalinOnly_gen3
Nc1cc2oc1cc2C(=O)O,False,BasidalinOnly_gen3
CC(=O)OC1=NC2=CC(=O)OC2=C1,False,BasidalinOnly_gen3
O=C(O)C=C1N=C(O)CC1=O,False,BasidalinOnly_gen3
COC1O/C1=C1\OC(=O)C=C1N,False,BasidalinOnly_gen3
COC1C=C2OC(=O)C(=C2N)O1,False,BasidalinOnly_gen3
C=C1OC(=O)C(C(=O)Cl)=C1N,False,BasidalinOnly_gen3
O=C1C=C2N=C(Cl)C=C2O1,False,BasidalinOnly_gen3
CC(=O)NC1=CC(=O)O/C1=C/C(=O)Cl,False,BasidalinOnly_gen3
NC1=CC(=O)O/C1=C(\O)C(=O)Cl,False,BasidalinOnly_gen3
NC1=CC(=O)OC12OC2C(=O)Cl,False,BasidalinOnly_gen3
NC1=CC(=O)OC1=COC(=O)Cl,False,BasidalinOnly_gen3
NC1=CC(=O)OC1(O)CC(=O)Cl,False,BasidalinOnly_gen3
NC1=CC(=O)O/C1=C(\O)C(O)Cl,False,BasidalinOnly_gen3
NC1=CC(O)O/C1=C(\O)C(=O)Cl,False,BasidalinOnly_gen3
NC(=CC(=O)O)C(=O)CC(=O)Cl,False,BasidalinOnly_gen3
NC1=CC(=O)OC1=C(C(=O)Cl)C(=O)Cl,False,BasidalinOnly_gen3
NC1=C(C(=O)Cl)C(=O)O/C1=C/C(=O)Cl,False,BasidalinOnly_gen3
Nc1cc2nc(=O)cc1o2,False,BasidalinOnly_gen3
NC1=NC2=CC(=O)OC2=C1,False,BasidalinOnly_gen3
O=C1C=C2OC(=O)C=C2N1,False,BasidalinOnly_gen3
CNC(=O)/C=C1/OC(=O)C=C1N,False,BasidalinOnly_gen3
CC(=O)NC(=O)/C=C1/OC(=O)C=C1N,False,BasidalinOnly_gen3
CC(=O)NC1=CC(=O)O/C1=C/C(N)=O,False,BasidalinOnly_gen3
NC(=O)/C(O)=C1/OC(=O)C=C1N,False,BasidalinOnly_gen3
NC(=O)C1OC12OC(=O)C=C2N,False,BasidalinOnly_gen3
NC(=O)OC=C1OC(=O)C=C1N,False,BasidalinOnly_gen3
NC(=O)CC1(O)OC(=O)C=C1N,False,BasidalinOnly_gen3
NC(=O)/C(O)=C1/OC(O)C=C1N,False,BasidalinOnly_gen3
CC(=O)NC1=CC(=O)O/C1=C/C#N,False,BasidalinOnly_gen3
N#C/C(C(=O)O)=C1/OC(=O)C=C1N,False,BasidalinOnly_gen3
N#C/C(O)=C1/OC(=O)C=C1N,False,BasidalinOnly_gen3
N#CC1OC12OC(=O)C=C2N,False,BasidalinOnly_gen3
N#CCC1(O)OC(=O)C=C1N,False,BasidalinOnly_gen3
N#C/C(O)=C1/OC(O)C=C1N,False,BasidalinOnly_gen3
N#CCC(=O)C(N)=CC(=O)O,False,BasidalinOnly_gen3
NC1=CC(=O)O/C1=C/C=NO,False,BasidalinOnly_gen3
O=C1C=C2N=CC(O)C2(O)O1,False,BasidalinOnly_gen3
O=CC(O)C1(O)OC2=NC1=C2,False,BasidalinOnly_gen3
COC=C1OC(=O)C=C1NC(C)=O,False,BasidalinOnly_gen3
COCC(=O)C(N)=CC(=O)O,False,BasidalinOnly_gen3
CC(=O)NC1=CC(=O)OC1=CO,False,BasidalinOnly_gen3
NC(=CC(=O)O)C(=O)CO,False,BasidalinOnly_gen3
CC1(O)OC(=O)C2=C1N=C2,False,BasidalinOnly_gen3
CC1(O)OC2=NC1=C2C=O,False,BasidalinOnly_gen3
COC1(C)OC(=O)C(C=O)=C1N,False,BasidalinOnly_gen3
CC1=C(N)C(O)(C=O)OC1=O,False,BasidalinOnly_gen3
O=CCC1=C2N=C1OC2O,False,BasidalinOnly_gen3
O=C1OC(O)C2=C1CC=N2,False,BasidalinOnly_gen3
NC1=C2C(=O)OC1OC2CO,False,BasidalinOnly_gen3
NC1=C(C=C=O)C(=O)OC1O,False,BasidalinOnly_gen3
COC1OC(=O)C(CC=O)=C1N,False,BasidalinOnly_gen3
C=C=O,False,BasidalinOnly_gen3
CC(=O)C(=O)O,False,BasidalinOnly_gen3
OCCO,False,BasidalinOnly_gen3
CC(O)CC=O,False,BasidalinOnly_gen3
CC(=O)C(C)O,False,BasidalinOnly_gen3
O=CCC=O,False,BasidalinOnly_gen3
CC(=O)C=O,False,BasidalinOnly_gen3
O=c1cc2nc-2o1,False,BasidalinOnly_gen3
O=C1OC2=NC1=C2,False,BasidalinOnly_gen3
CC(=O)NC1=CC(=O)OC1=O,False,BasidalinOnly_gen3
COC12CC=NC1=CC(=O)O2,False,BasidalinOnly_gen3
CC(=O)OC12CC=NC1=CC(=O)O2,False,BasidalinOnly_gen3
OCCC12OC3=NC1=C3O2,False,BasidalinOnly_gen3
O=C=CC1(O)OC2=NC1=C2,False,BasidalinOnly_gen3
COC1(CC=O)OC2=NC1=C2,False,BasidalinOnly_gen3
CC(=O)OC1(CC=O)OC2=NC1=C2,False,BasidalinOnly_gen3
O=C(O)CC1(O)OC2=NC1=C2,False,BasidalinOnly_gen3
O=COCC1(O)OC2=NC1=C2,False,BasidalinOnly_gen3
OCC(O)C1(O)OC2=NC1=C2,False,BasidalinOnly_gen3
CC1(O)OC2=NC1=C2,False,BasidalinOnly_gen3
O=CC(C=O)C1(O)OC2=NC1=C2,False,BasidalinOnly_gen3
O=CC(=O)CC1(O)OC2=NC1=C2,False,BasidalinOnly_gen3
CC12OC(=O)C(=C1N)O2,False,BasidalinOnly_gen3
NC1=C2OC1(CC=O)OC2=O,False,BasidalinOnly_gen3
COCCC12OC(=O)C(=C1N)O2,False,BasidalinOnly_gen3
NC1=C2OC1(CCCl)OC2=O,False,BasidalinOnly_gen3
CCC12OC(=O)C(=C1N)O2,False,BasidalinOnly_gen3
O=C1C=C2N=C=CC2(O)O1,False,BasidalinOnly_gen3
NC1=CC(=O)OC12OC2=CO,False,BasidalinOnly_gen3
NC1=C2OC1(C=CO)OC2=O,False,BasidalinOnly_gen3
COC1(C=C=O)OC(=O)C=C1N,False,BasidalinOnly_gen3
NC1=CC(=O)OC1OCCC=O,False,BasidalinOnly_gen3
CC1(OCC=O)OC(=O)C=C1N,False,BasidalinOnly_gen3
C=C1OC(OC)C=C1N,False,BasidalinOnly_gen3
C=C1OC(O)C=C1NC(C)=O,False,BasidalinOnly_gen3
C=C1OC(OC(C)=O)C=C1N,False,BasidalinOnly_gen3
C=C1OC2(O)C=C1N=C2O,False,BasidalinOnly_gen3
NC1=CC2(C(O)O)OC=C1O2,False,BasidalinOnly_gen3
NC1=CC2(O)OC1=COC2O,False,BasidalinOnly_gen3
C=C1OC2(C(O)O)OC2=C1N,False,BasidalinOnly_gen3
C=C1OC2(O)C(=C1N)OC2O,False,BasidalinOnly_gen3
C=C1OC(O)(C=O)C=C1N,False,BasidalinOnly_gen3
C=C1OC(O)(CO)C=C1N,False,BasidalinOnly_gen3
C=C1OC(O)(C(=O)OC)C=C1N,False,BasidalinOnly_gen3
C=C1OC(OC)(C(=O)O)C=C1N,False,BasidalinOnly_gen3
C=C1OC(O)(C(N)=O)C=C1N,False,BasidalinOnly_gen3
COC1C=C2N=C(O)C=C2O1,False,BasidalinOnly_gen3
COC1=NC2=CC(O)OC2=C1,False,BasidalinOnly_gen3
CC(=O)OC1C=C2N=C(O)C=C2O1,False,BasidalinOnly_gen3
CC(=O)OC1=NC2=CC(O)OC2=C1,False,BasidalinOnly_gen3
COC1C=C2OC(O)(C=C2N)O1,False,BasidalinOnly_gen3
COC12C=C(N)C(=CC(O)O1)O2,False,BasidalinOnly_gen3
COC1O/C1=C1\OC(O)C=C1N,False,BasidalinOnly_gen3
COC1C=C(N)/C(=C2/OC2O)O1,False,BasidalinOnly_gen3
NC1=CC2OC(C(=O)O)=C1O2,False,BasidalinOnly_gen3
COC(O)C1=C2OC(C=C2N)O1,False,BasidalinOnly_gen3
NC1=CC2OC(CO)=C1O2,False,BasidalinOnly_gen3
COC1C=C2OC(O)C(=C2N)O1,False,BasidalinOnly_gen3
COC1OC2=CC(O)OC1=C2N,False,BasidalinOnly_gen3
C=C1OC2OC2=C1N,False,BasidalinOnly_gen3
NC1=C2OC2O/C1=C/C(=O)O,False,BasidalinOnly_gen3
COC(O)/C=C1/OC2OC2=C1N,False,BasidalinOnly_gen3
CC(O)(O)/C=C1/OC2OC2=C1N,False,BasidalinOnly_gen3
NC1=C2OC2O/C1=C/C(O)Cl,False,BasidalinOnly_gen3
NC1=C2OC2O/C1=C/CO,False,BasidalinOnly_gen3
OC1C=C2N=CC=C2O1,False,BasidalinOnly_gen3
NC1=CC(O)OC1=C=C=O,False,BasidalinOnly_gen3
COC1C=C(N)/C(=C\C=O)O1,False,BasidalinOnly_gen3
CC(=O)NC1=CC(O)O/C1=C/C=O,False,BasidalinOnly_gen3
CC(=O)OC1C=C(N)/C(=C\C=O)O1,False,BasidalinOnly_gen3
NC1=CC(O)OC12OC2C=O,False,BasidalinOnly_gen3
NC1=CC(O)OC1=COC=O,False,BasidalinOnly_gen3
NC1=CC(O)OC1(O)CC=O,False,BasidalinOnly_gen3
NC1=C(C=O)C(O)O/C1=C/C=O,False,BasidalinOnly_gen3
NC1=CC(O)(C=O)O/C1=C/C=O,False,BasidalinOnly_gen3
COC/C=C1/OC(O)C=C1N,False,BasidalinOnly_gen3
COC1C=C(N)/C(=C\CO)O1,False,BasidalinOnly_gen3
CC(O)/C=C1/OC(O)C=C1N,False,BasidalinOnly_gen3
CC(=O)NC1=CC(O)O/C1=C/CO,False,BasidalinOnly_gen3
CC(=O)OC/C=C1/OC(O)C=C1N,False,BasidalinOnly_gen3
CC(=O)OC1C=C(N)/C(=C\CO)O1,False,BasidalinOnly_gen3
NC1=CC(O)O/C1=C/CCl,False,BasidalinOnly_gen3
NC1=CC(O)OC1(O)CCO,False,BasidalinOnly_gen3
C/C=C1/OC(O)C=C1N,False,BasidalinOnly_gen3
NC1=C(CO)C(O)O/C1=C/CO,False,BasidalinOnly_gen3
NC1=CC(O)(CO)O/C1=C/CO,False,BasidalinOnly_gen3
NC1=CC(O)OC1=CCOC=O,False,BasidalinOnly_gen3
NC1=CC2OCOC(O)/C=C\1O2,False,BasidalinOnly_gen3
COC(=O)/C=C1/OC(OC)C=C1N,False,BasidalinOnly_gen3
C=C1OC(OCC(=O)O)C=C1N,False,BasidalinOnly_gen3
COC1C=C(N)/C(=C\C(=O)Cl)O1,False,BasidalinOnly_gen3
COC1C=C(N)/C(=C\C(N)=O)O1,False,BasidalinOnly_gen3
COC1C=C(N)/C(=C\C#N)O1,False,BasidalinOnly_gen3
COC1C=C(N)C(=C=O)O1,False,BasidalinOnly_gen3
NC1=CC(O)OC(=O)C=C1O,False,BasidalinOnly_gen3
C=C1OC(O)C(C(=O)Cl)=C1N,False,BasidalinOnly_gen3
C=C1OC(O)(C(=O)Cl)C=C1N,False,BasidalinOnly_gen3
OC1C=C2N=C(Cl)C=C2O1,False,BasidalinOnly_gen3
NC1=CC2OC1=C(C(O)Cl)O2,False,BasidalinOnly_gen3
CC(=O)NC1=CC(O)O/C1=C/C(=O)Cl,False,BasidalinOnly_gen3
CC(=O)OC1C=C(N)/C(=C\C(=O)Cl)O1,False,BasidalinOnly_gen3
NC1=CC(O)OC12OC2C(=O)Cl,False,BasidalinOnly_gen3
NC1=CC(O)OC1=COC(=O)Cl,False,BasidalinOnly_gen3
NC1=CC(O)OC1(O)CC(=O)Cl,False,BasidalinOnly_gen3
NC1=CC(O)O/C1=C(\O)C(O)Cl,False,BasidalinOnly_gen3
NC1=CC(O)OC1=C(C(=O)Cl)C(=O)Cl,False,BasidalinOnly_gen3
NC1=C(C(=O)Cl)C(O)O/C1=C/C(=O)Cl,False,BasidalinOnly_gen3
NC1=CC(O)(C(=O)Cl)O/C1=C/C(=O)Cl,False,BasidalinOnly_gen3
NC1=NC2=CC(O)OC2=C1,False,BasidalinOnly_gen3
NC1=CC2OC1=C(C(N)O)O2,False,BasidalinOnly_gen3
NC1=C2OC2O/C1=C/C(N)O,False,BasidalinOnly_gen3
O=C1C=C2OC(O)C=C2N1,False,BasidalinOnly_gen3
CNC(=O)/C=C1/OC(O)C=C1N,False,BasidalinOnly_gen3
CC(=O)NC(=O)/C=C1/OC(O)C=C1N,False,BasidalinOnly_gen3
CC(=O)NC1=CC(O)O/C1=C/C(N)=O,False,BasidalinOnly_gen3
CC(=O)OC1C=C(N)/C(=C\C(N)=O)O1,False,BasidalinOnly_gen3
NC(=O)C1OC12OC(O)C=C2N,False,BasidalinOnly_gen3
NC(=O)OC=C1OC(O)C=C1N,False,BasidalinOnly_gen3
NC(=O)CC1(O)OC(O)C=C1N,False,BasidalinOnly_gen3
C=C1OC(O)C(C#N)=C1N,False,BasidalinOnly_gen3
C=C1OC(O)(C#N)C=C1N,False,BasidalinOnly_gen3
CC(=O)NC1=CC(O)O/C1=C/C#N,False,BasidalinOnly_gen3
CC(=O)OC1C=C(N)/C(=C\C#N)O1,False,BasidalinOnly_gen3
N#C/C(C(=O)O)=C1/OC(O)C=C1N,False,BasidalinOnly_gen3
N#CC1OC12OC(O)C=C2N,False,BasidalinOnly_gen3
N#CCC1(O)OC(O)C=C1N,False,BasidalinOnly_gen3
NC1=CC(O)O/C1=C/C=NO,False,BasidalinOnly_gen3
OC1C=C2N=C=C2O1,False,BasidalinOnly_gen3
NC1=C2OC2OC1=CO,False,BasidalinOnly_gen3
CC(=O)NC1=CC(O)OC1=C=O,False,BasidalinOnly_gen3
CC(=O)OC1C=C(N)C(=C=O)O1,False,BasidalinOnly_gen3
CO/C=C1\OC(=O)C(CO)=C1N,False,BasidalinOnly_gen3
COCC1=C(N)/C(=C/O)OC1=O,False,BasidalinOnly_gen3
CC1=C(N)/C(=C/O)OC1=O,False,BasidalinOnly_gen3
CO/C=C1\OC(=O)C=C1N,False,BasidalinOnly_gen3
CC(=O)NC1=CC(=O)O/C1=C\O,False,BasidalinOnly_gen3
CC(=O)O/C=C1\OC(=O)C=C1N,False,BasidalinOnly_gen3
COS(=O)(=O)O,False,BasidalinOnly_gen3
COC,False,BasidalinOnly_gen3
COP(=O)(O)O,False,BasidalinOnly_gen3
NC1=CC(=O)O/C1=C\OCCO,False,BasidalinOnly_gen3
COC/C(OC)=C1/OC(=O)C=C1N,False,BasidalinOnly_gen3
CO/C(CCl)=C1\OC(=O)C=C1N,False,BasidalinOnly_gen3
CO/C(C)=C1\OC(=O)C=C1N,False,BasidalinOnly_gen3
COC/C(Cl)=C1/OC(=O)C=C1N,False,BasidalinOnly_gen3
NC1=C(CO)C(=O)O/C1=C\Cl,False,BasidalinOnly_gen3
CC(=O)NC1=CC(=O)O/C1=C(\Cl)CO,False,BasidalinOnly_gen3
CC(=O)OC/C(Cl)=C1/OC(=O)C=C1N,False,BasidalinOnly_gen3
NC1=CC(=O)O/C1=C(\Cl)CCl,False,BasidalinOnly_gen3
NC1=CC(=O)O/C1=C(\Cl)C(O)O,False,BasidalinOnly_gen3
NC1=CC(=O)OC12OC2(Cl)CO,False,BasidalinOnly_gen3
NC1=CC(=O)OC1(O)C(Cl)CO,False,BasidalinOnly_gen3
NC1=CC(O)O/C1=C(\Cl)C(O)O,False,BasidalinOnly_gen3
NC(=CC(=O)O)C(=O)C(Cl)CO,False,BasidalinOnly_gen3
C/C(Cl)=C1/OC(=O)C=C1N,False,BasidalinOnly_gen3
NC1=CC(=O)O/C1=C(\Cl)C(O)CO,False,BasidalinOnly_gen3
NC1=C(CO)C(=O)O/C1=C(\Cl)CO,False,BasidalinOnly_gen3
NC1=C(CCl)C(=O)O/C1=C\O,False,BasidalinOnly_gen3
CCl,False,BasidalinOnly_gen3
CC(=O)NC1=CC(=O)O/C1=C(\O)CCl,False,BasidalinOnly_gen3
CC(=O)O/C(CCl)=C1\OC(=O)C=C1N,False,BasidalinOnly_gen3
NC1=CC(=O)OC12OC2(O)CCl,False,BasidalinOnly_gen3
NC1=CC(=O)OC1(O)C(O)CCl,False,BasidalinOnly_gen3
NC(=CC(=O)O)C(=O)C(O)CCl,False,BasidalinOnly_gen3
NC1=CC(=O)O/C1=C(\O)C(Cl)CCl,False,BasidalinOnly_gen3
NC1=C(CCl)C(=O)O/C1=C(\O)CCl,False,BasidalinOnly_gen3
CC(=O)NC1=CC(=O)O/C1=C(/C)O,False,BasidalinOnly_gen3
CC(=O)O/C(C)=C1\OC(=O)C=C1N,False,BasidalinOnly_gen3
CC1(O)OC12OC(=O)C=C2N,False,BasidalinOnly_gen3
CC(O)C1(O)OC(=O)C=C1N,False,BasidalinOnly_gen3
CC1=C(N)/C(=C(\C)O)OC1=O,False,BasidalinOnly_gen3
O/C=C1\OC2(O)C=NC1=C2,False,BasidalinOnly_gen3
NC1=CC2(CO)OC(O)=C1O2,False,BasidalinOnly_gen3
NC1=C2OC2(CO)O/C1=C\O,False,BasidalinOnly_gen3
Nc1c2coc1C(O)(CO)O2,False,BasidalinOnly_gen3
CO/C=C1\OC(O)(C=O)C=C1N,False,BasidalinOnly_gen3
COC1(C=O)C=C(N)/C(=C/O)O1,False,BasidalinOnly_gen3
O/C=C1\OC(O)C2=C1N=C2,False,BasidalinOnly_gen3
NC1=C(CO)C2OC(O)=C1O2,False,BasidalinOnly_gen3
NC1=C(CO)C2(O)OC=C1O2,False,BasidalinOnly_gen3
CO/C=C1\OC(O)C(C=O)=C1N,False,BasidalinOnly_gen3
COC1O/C(=C\O)C(N)=C1C=O,False,BasidalinOnly_gen3
COC1=C2OC(O)C=C2N=C1,False,BasidalinOnly_gen3
COC1C=C2N=CC(O)=C2O1,False,BasidalinOnly_gen3
CC(=O)OC1=C2OC(O)C=C2N=C1,False,BasidalinOnly_gen3
CC(=O)OC1C=C2N=CC(O)=C2O1,False,BasidalinOnly_gen3
NC1=CC2(O)OC(C=O)=C1O2,False,BasidalinOnly_gen3
COCC1=C2OC(O)(C=C2N)O1,False,BasidalinOnly_gen3
COC12C=C(N)C(=C(CO)O1)O2,False,BasidalinOnly_gen3
CC1=C2OC(O)(C=C2N)O1,False,BasidalinOnly_gen3
Nc1c2oc(C=O)c1OC2O,False,BasidalinOnly_gen3
COCc1oc2c(N)c1OC2O,False,BasidalinOnly_gen3
COC1Oc2c(CO)oc1c2N,False,BasidalinOnly_gen3
Cc1oc2c(N)c1OC2O,False,BasidalinOnly_gen3
NC1=C2OC2OC1=C=O,False,BasidalinOnly_gen3
NC1=C2OC2O/C1=C\O,False,BasidalinOnly_gen3
NC1=C2OC2O/C1=C/C=O,False,BasidalinOnly_gen3
NC1=C2OC2O/C1=C(\O)C=O,False,BasidalinOnly_gen3
COC/C(O)=C1/OC2OC2=C1N,False,BasidalinOnly_gen3
CO/C(CO)=C1\OC2OC2=C1N,False,BasidalinOnly_gen3
NC1=C2OC2O/C1=C(\O)CCl,False,BasidalinOnly_gen3
NC1=C2OC2O/C1=C(\Cl)CO,False,BasidalinOnly_gen3
C/C(O)=C1/OC2OC2=C1N,False,BasidalinOnly_gen3
NC1=CC(O)O/C1=C\OCC=O,False,BasidalinOnly_gen3
NC1=CC2OCOC(CO)=C1O2,False,BasidalinOnly_gen3
CO/C(C=O)=C1\OC(OC)C=C1N,False,BasidalinOnly_gen3
NC1=CC(OCC=O)O/C1=C\O,False,BasidalinOnly_gen3
COC1C=C(N)/C(=C(/Cl)C=O)O1,False,BasidalinOnly_gen3
NC1=CC(O)OC(C=O)=C1O,False,BasidalinOnly_gen3
NC1=C(C=O)C(O)O/C1=C\Cl,False,BasidalinOnly_gen3
NC1=CC(O)(C=O)O/C1=C\Cl,False,BasidalinOnly_gen3
OC1C=C2N=CC(Cl)=C2O1,False,BasidalinOnly_gen3
CC(=O)NC1=CC(O)O/C1=C(\Cl)C=O,False,BasidalinOnly_gen3
CC(=O)OC1C=C(N)/C(=C(/Cl)C=O)O1,False,BasidalinOnly_gen3
NC1=CC(O)OC12OC2(Cl)C=O,False,BasidalinOnly_gen3
NC1=CC(O)O/C1=C(\Cl)OC=O,False,BasidalinOnly_gen3
NC1=CC(O)OC1(O)C(Cl)C=O,False,BasidalinOnly_gen3
NC1=CC(O)O/C1=C\Cl,False,BasidalinOnly_gen3
NC1=CC(O)O/C1=C(\Cl)C(=O)C=O,False,BasidalinOnly_gen3
NC1=C(C=O)C(O)O/C1=C(\Cl)C=O,False,BasidalinOnly_gen3
NC1=CC(O)(C=O)O/C1=C(\Cl)C=O,False,BasidalinOnly_gen3
NC=CC(=O)CC=O,False,BasidalinOnly_gen3
NC(C=O)=CCC=O,False,BasidalinOnly_gen3
C=C(N)C(C=O)C=O,False,BasidalinOnly_gen3
C=C(N)C(=O)C(C)=O,False,BasidalinOnly_gen3
C=C1N=C1CC=O,False,BasidalinOnly_gen3
C=C1[NH+]=C1CC=O,False,BasidalinOnly_gen3
C=C1[NH+]=CCC1=O,False,BasidalinOnly_gen3
C=C(N)C(O)CC=O,False,BasidalinOnly_gen3
CC(N)C(=O)CC=O,False,BasidalinOnly_gen3
C=C(NC)C(=O)CC=O,False,BasidalinOnly_gen3
C=C(NC(C)=O)C(=O)CC=O,False,BasidalinOnly_gen3
C=C(N)C(O)(C#N)CC=O,False,BasidalinOnly_gen3
NCC(N)C(=O)CC=O,False,BasidalinOnly_gen3
C=C(N)C(N)CC=O,False,BasidalinOnly_gen3
C=C(NC(N)=O)C(=O)CC=O,False,BasidalinOnly_gen3
C=C(N)C(=O)C(O)C=O,False,BasidalinOnly_gen3
C=C(N)C(=O)CC(=O)O,False,BasidalinOnly_gen3
NC1(C(=O)CC=O)CO1,False,BasidalinOnly_gen3
C=C(N)OC(=O)CC=O,False,BasidalinOnly_gen3
C=C(N)C(=O)OCC=O,False,BasidalinOnly_gen3
C=C(N)C(=O)COC=O,False,BasidalinOnly_gen3
NC(CO)C(=O)CC=O,False,BasidalinOnly_gen3
C=C(O)C(=O)CC=O,False,BasidalinOnly_gen3
C=C(N)C(O)CC(=O)O,False,BasidalinOnly_gen3
C=C(N)C(O)C(O)C=O,False,BasidalinOnly_gen3
C=C(N)C(=O)C(O)CO,False,BasidalinOnly_gen3
C=C(N)C(=O)O,False,BasidalinOnly_gen3
C=C(N)C(C)=O,False,BasidalinOnly_gen3
C=CN,False,BasidalinOnly_gen3
NC(=CC(=O)CC=O)C(=O)CC=O,False,BasidalinOnly_gen3
C=C(N)C=C(N)C(=O)CC=O,False,BasidalinOnly_gen3
C=C(N)C=O,False,BasidalinOnly_gen3
NC(=CCC=O)C(=O)CC=O,False,BasidalinOnly_gen3
C=C(N)C(=O)C=C(N)C(=O)CC=O,False,BasidalinOnly_gen3
C=C(N)C(=O)CC=C(N)C(=O)CC=O,False,BasidalinOnly_gen3
C=C(N)C(=O)C(C=O)C(=O)CC=O,False,BasidalinOnly_gen3
C=C(N)C(=O)C(C=O)C(=C)N,False,BasidalinOnly_gen3
C=C(N)C(=O)C(C=O)CC=O,False,BasidalinOnly_gen3
C=C(N)C(=O)C(C=O)C(=O)C(=C)N,False,BasidalinOnly_gen3
C=C(N)C(=O)C(C=O)C=O,False,BasidalinOnly_gen3
C=C(N)C(=O)CC(C=O)C(=O)C(=C)N,False,BasidalinOnly_gen3
C=C(N)C(=O)CC(=O)C(=O)CC=O,False,BasidalinOnly_gen3
C=C(N)C(=O)CC(=O)C(=C)N,False,BasidalinOnly_gen3
C=C(N)C(=O)CC(=O)CC=O,False,BasidalinOnly_gen3
C=C(N)C(=O)CC(=O)C(=O)C(=C)N,False,BasidalinOnly_gen3
C=C(N)C(=O)CC(=O)C=O,False,BasidalinOnly_gen3
C=C(N)C(=O)CC(=O)CC(=O)C(=C)N,False,BasidalinOnly_gen3
NC(C=O)=CC(C=O)C(=O)O,False,BasidalinOnly_gen3
C=C(N)C(C=O)(C=O)C(=O)O,False,BasidalinOnly_gen3
NC=CC(=O)C(C=O)C(=O)O,False,BasidalinOnly_gen3
C=C(N)C(=O)C(=O)CC(=O)O,False,BasidalinOnly_gen3
C=C(N)C1(O)OC(=O)C1C=O,False,BasidalinOnly_gen3
C=C(N)C(=O)C1C(=O)OC1O,False,BasidalinOnly_gen3
C=C(N)C1=C(C=O)C(=O)O1,False,BasidalinOnly_gen3
C=C(N)C(=O)C1=COC1=O,False,BasidalinOnly_gen3
C=C1N=C(O)C(C=O)C1=O,False,BasidalinOnly_gen3
C=C1N=C1C(C=O)C(=O)O,False,BasidalinOnly_gen3
NC1=COC(O)C(C=O)C1=O,False,BasidalinOnly_gen3
NC1=COC(=O)C(C=O)C1O,False,BasidalinOnly_gen3
NC1=COC(=O)C(CO)C1=O,False,BasidalinOnly_gen3
C=C(N)C(=O)C1(C=O)OC1O,False,BasidalinOnly_gen3
C=C(N)C(O)C1(C=O)OC1=O,False,BasidalinOnly_gen3
C=C(N)C(=O)C1(CO)OC1=O,False,BasidalinOnly_gen3
C=C(N)C(O)C1C(=O)OC1=O,False,BasidalinOnly_gen3
C=C(N)C(=O)C1C(=O)C1=O,False,BasidalinOnly_gen3
C=C1[NH+]=C(O)C(C=O)C1=O,False,BasidalinOnly_gen3
C=C1[NH+]=C1C(C=O)C(=O)O,False,BasidalinOnly_gen3
C=C1[NH+]=CC(C(=O)O)C1=O,False,BasidalinOnly_gen3
C=C(N)C(O)C(C=O)C(=O)O,False,BasidalinOnly_gen3
C=C(N)C(=O)C(C=O)C(O)O,False,BasidalinOnly_gen3
CC(N)C(=O)C(C=O)C(=O)O,False,BasidalinOnly_gen3
C=C(N)C(O)(CC=O)C(=O)O,False,BasidalinOnly_gen3
C=C(N)C(O)(C=O)CC(=O)O,False,BasidalinOnly_gen3
C=C(N)C(=O)C(C=O)CO,False,BasidalinOnly_gen3
C=C(N)C(=O)C(C=O)C(=O)OC,False,BasidalinOnly_gen3
C=C(NC)C(=O)C(C=O)C(=O)O,False,BasidalinOnly_gen3
C=C(N)C(=O)C(C=O)C(O)(O)C#N,False,BasidalinOnly_gen3
C=C(N)C(O)(C#N)C(C=O)C(=O)O,False,BasidalinOnly_gen3
C=C(N)C(=O)C(C=O)C(=O)Cl,False,BasidalinOnly_gen3
C=C(N)C(=O)C(C=O)C(N)=O,False,BasidalinOnly_gen3
C=C(N)C(=O)C(C#N)C=O,False,BasidalinOnly_gen3
NCC(N)C(=O)C(C=O)C(=O)O,False,BasidalinOnly_gen3
C=C(N)C(=O)C(C=O)C(N)O,False,BasidalinOnly_gen3
C=C(N)C(N)C(C=O)C(=O)O,False,BasidalinOnly_gen3
C=C(N)C(=O)C(=O)C=O,False,BasidalinOnly_gen3
O=CC(C=O)C(=O)O,False,BasidalinOnly_gen3
C=C(N)C(=O)C(C(=O)O)C(=O)C(=C)N,False,BasidalinOnly_gen3
C=C(N)C=C(N)C(=O)C(C=O)C(=O)O,False,BasidalinOnly_gen3
C=C(N)C(=O)C(C=O)(C(=C)N)C(=O)O,False,BasidalinOnly_gen3
NC(C=O)=CCC(=O)C(=O)O,False,BasidalinOnly_gen3
NC=CC(=O)CC(=O)C(=O)O,False,BasidalinOnly_gen3
C=C(N)C(C=O)C(=O)C(=O)O,False,BasidalinOnly_gen3
C=C(N)C(=O)CC1(O)OC1=O,False,BasidalinOnly_gen3
C=C(N)C1(O)CC(=O)C(=O)O1,False,BasidalinOnly_gen3
C=C(N)C(=O)C=C1OC1=O,False,BasidalinOnly_gen3
C=C(N)C1=CC(=O)C(=O)O1,False,BasidalinOnly_gen3
C=C1N=C(O)C(=O)CC1=O,False,BasidalinOnly_gen3
C=C1N=C1CC(=O)C(=O)O,False,BasidalinOnly_gen3
NC1=COC(=O)C(O)CC1=O,False,BasidalinOnly_gen3
NC1=COC(O)C(=O)CC1=O,False,BasidalinOnly_gen3
NC1=COC(=O)C(=O)CC1O,False,BasidalinOnly_gen3
C=C(N)C(=O)C1OC(=O)C1O,False,BasidalinOnly_gen3
C=C(N)C(=O)C1OC(O)C1=O,False,BasidalinOnly_gen3
C=C(N)C(O)C1OC(=O)C1=O,False,BasidalinOnly_gen3
C=C1[NH+]=C(C(=O)O)CC1=O,False,BasidalinOnly_gen3
C=C1[NH+]=C(O)C(=O)CC1=O,False,BasidalinOnly_gen3
C=C1[NH+]=C1CC(=O)C(=O)O,False,BasidalinOnly_gen3
C=C(N)C(O)CC(=O)C(=O)O,False,BasidalinOnly_gen3
C=C(N)C(=O)CC(=O)C(O)O,False,BasidalinOnly_gen3
CC(N)C(=O)CC(=O)C(=O)O,False,BasidalinOnly_gen3
C=C(N)C(=O)CC(=O)CO,False,BasidalinOnly_gen3
C=C(N)C(=O)CC(=O)C(=O)OC,False,BasidalinOnly_gen3
C=C(NC)C(=O)CC(=O)C(=O)O,False,BasidalinOnly_gen3
C=C(N)C(=O)CC(=O)C(O)(O)C#N,False,BasidalinOnly_gen3
C=C(N)C(O)(C#N)CC(=O)C(=O)O,False,BasidalinOnly_gen3
C=C(N)C(=O)CC(=O)C(=O)Cl,False,BasidalinOnly_gen3
C=C(N)C(=O)CC(=O)C(N)=O,False,BasidalinOnly_gen3
C=C(N)C(=O)CC(=N)C(=O)O,False,BasidalinOnly_gen3
C=C(N)C(=O)CC(=O)C#N,False,BasidalinOnly_gen3
NCC(N)C(=O)CC(=O)C(=O)O,False,BasidalinOnly_gen3
C=C(N)C(=O)C(O)C(N)C(=O)O,False,BasidalinOnly_gen3
C=C(N)C(=O)C=C(N)C(=O)O,False,BasidalinOnly_gen3
C=C(N)C(=O)CC(=O)C(N)O,False,BasidalinOnly_gen3
C=C(N)C(N)CC(=O)C(=O)O,False,BasidalinOnly_gen3
NC(=CCl)C(=O)CC(N)C(=O)O,False,BasidalinOnly_gen3
C=C(N)C(=O)C(Cl)C(N)C(=O)O,False,BasidalinOnly_gen3
O=C(O)C(=O)O,False,BasidalinOnly_gen3
O=CCC(=O)C(=O)O,False,BasidalinOnly_gen3
C=C(N)C(=O)C(C(=C)N)C(=O)C(=O)O,False,BasidalinOnly_gen3
C=C(N)C=C(N)C(=O)CC(=O)C(=O)O,False,BasidalinOnly_gen3
NC(=CC(=O)O)CC(=O)C=O,False,BasidalinOnly_gen3
NC=C(C(=O)O)C(C=O)C=O,False,BasidalinOnly_gen3
NC(CC(=O)O)=C(C=O)C=O,False,BasidalinOnly_gen3
NC1=CC(=O)OC(O)C1C=O,False,BasidalinOnly_gen3
Nc1cc(=O)occ1C=O,False,BasidalinOnly_gen3
O=CC1C=NC1=CC(=O)O,False,BasidalinOnly_gen3
O=CC(C=O)C1=CC(O)=N1,False,BasidalinOnly_gen3
NC1=CC(=O)OC(=O)C1CO,False,BasidalinOnly_gen3
NC1=CC(O)OC(=O)C1C=O,False,BasidalinOnly_gen3
NC1=CC(O)OC1(C=O)C=O,False,BasidalinOnly_gen3
NC(=C1OC1=O)C(C=O)CO,False,BasidalinOnly_gen3
NC(=C1OC1O)C(C=O)C=O,False,BasidalinOnly_gen3
O=CC1C=[NH+]C1=CC(=O)O,False,BasidalinOnly_gen3
NC(=CC(O)O)C(C=O)C=O,False,BasidalinOnly_gen3
NC(=CC=O)C(C=O)C=O,False,BasidalinOnly_gen3
NC(CC(=O)O)C(C=O)C=O,False,BasidalinOnly_gen3
NC(=CCO)C(C=O)C=O,False,BasidalinOnly_gen3
COC(=O)C=C(N)C(C=O)C=O,False,BasidalinOnly_gen3
CNC(=CC(=O)O)C(C=O)C=O,False,BasidalinOnly_gen3
CC(C(=O)O)=C(N)C(C=O)C=O,False,BasidalinOnly_gen3
N#CC(O)(O)C=C(N)C(C=O)C=O,False,BasidalinOnly_gen3
NC(=CC(=O)Cl)C(C=O)C=O,False,BasidalinOnly_gen3
NC(=O)C=C(N)C(C=O)C=O,False,BasidalinOnly_gen3
N#CC=C(N)C(C=O)C=O,False,BasidalinOnly_gen3
NC(N)(CC(=O)O)C(C=O)C=O,False,BasidalinOnly_gen3
NC(=CC(N)O)C(C=O)C=O,False,BasidalinOnly_gen3
NC(=C=O)C(C=O)C=O,False,BasidalinOnly_gen3
NC(=CC(=O)O)CC=O,False,BasidalinOnly_gen3
CC(C(=O)O)=C(N)C(=O)C=O,False,BasidalinOnly_gen3
NC(=CCC=O)C(=O)C(=O)O,False,BasidalinOnly_gen3
NC=C(CC(=O)C=O)C(=O)O,False,BasidalinOnly_gen3
NC(=C=O)C(CC=O)C(=O)O,False,BasidalinOnly_gen3
NC(C=O)C(=CC=O)C(=O)O,False,BasidalinOnly_gen3
NC(C=O)=C1CC(O)OC1=O,False,BasidalinOnly_gen3
NC(C=O)=C1C=COC1=O,False,BasidalinOnly_gen3
O=CCC(C(=O)O)=C1C=N1,False,BasidalinOnly_gen3
O=CCC1=C(C=O)N=C1O,False,BasidalinOnly_gen3
O=CC1=C(C(=O)O)CC=N1,False,BasidalinOnly_gen3
NC1=C(CC=O)C(O)OC1=O,False,BasidalinOnly_gen3
NC1=C(CCO)C(=O)OC1=O,False,BasidalinOnly_gen3
NC(CO)=C1C(=O)OC1C=O,False,BasidalinOnly_gen3
NC(C=O)=C1C(O)OC1C=O,False,BasidalinOnly_gen3
NC(C=O)=C1C(=O)OC1CO,False,BasidalinOnly_gen3
NC(CO)=C1CC(=O)OC1=O,False,BasidalinOnly_gen3
NC(C=O)=C1CC(=O)OC1O,False,BasidalinOnly_gen3
Nc1c(CC=O)c(=O)c1=O,False,BasidalinOnly_gen3
NC(C=O)=C1C(=O)C1C=O,False,BasidalinOnly_gen3
NC(C=O)=C1CC(=O)C1=O,False,BasidalinOnly_gen3
O=CCC1=C(C=O)[NH+]=C1O,False,BasidalinOnly_gen3
O=CC1=C(C(=O)O)CC=[NH+]1,False,BasidalinOnly_gen3
NC(C=O)=C(CC=O)C(O)O,False,BasidalinOnly_gen3
NC(CO)=C(CC=O)C(=O)O,False,BasidalinOnly_gen3
NC(C=O)=C(C=O)CC=O,False,BasidalinOnly_gen3
NC(C=O)C(CC=O)C(=O)O,False,BasidalinOnly_gen3
NC(C=O)=C(CO)CC=O,False,BasidalinOnly_gen3
COC(=O)C(CC=O)=C(N)C=O,False,BasidalinOnly_gen3
CNC(C=O)=C(CC=O)C(=O)O,False,BasidalinOnly_gen3
CC(=O)C(N)=C(CC=O)C(=O)O,False,BasidalinOnly_gen3
N#CC(O)(O)C(CC=O)=C(N)C=O,False,BasidalinOnly_gen3
N#CC(O)C(N)=C(CC=O)C(=O)O,False,BasidalinOnly_gen3
NC(C=O)=C(CC=O)C(=O)Cl,False,BasidalinOnly_gen3
NC(=O)C(CC=O)=C(N)C=O,False,BasidalinOnly_gen3
N#CC(CC=O)=C(N)C=O,False,BasidalinOnly_gen3
NC(N)(C=O)C(CC=O)C(=O)O,False,BasidalinOnly_gen3
NC(C=O)C(N)(CC=O)C(=O)O,False,BasidalinOnly_gen3
NCC(N)=C(CC=O)C(=O)O,False,BasidalinOnly_gen3
NC(C=O)=C(CC=O)C(N)O,False,BasidalinOnly_gen3
CC(C(=O)O)=C(N)C=O,False,BasidalinOnly_gen3
NC(=CC(=O)CC=O)C(=O)O,False,BasidalinOnly_gen3
NC=C1C(=O)OC1(O)CC=O,False,BasidalinOnly_gen3
NC=C1C(=O)CC(O)OC1=O,False,BasidalinOnly_gen3
NC=C1C(=O)OC1=CC=O,False,BasidalinOnly_gen3
NC=C1C(=O)C=COC1=O,False,BasidalinOnly_gen3
O=CCC1=NC=C1C(=O)O,False,BasidalinOnly_gen3
O=CCC(=O)C1=CN=C1O,False,BasidalinOnly_gen3
O=C(O)C1=CN=CCC1=O,False,BasidalinOnly_gen3
NC1=C(C(O)CC=O)C(=O)O1,False,BasidalinOnly_gen3
NC1=C(C(=O)CC=O)C(O)O1,False,BasidalinOnly_gen3
NC1=C(C(=O)CCO)C(=O)O1,False,BasidalinOnly_gen3
NC=C1C(=O)OC(C=O)C1O,False,BasidalinOnly_gen3
NC=C1C(=O)C(C=O)OC1O,False,BasidalinOnly_gen3
NC=C1C(=O)OC(CO)C1=O,False,BasidalinOnly_gen3
NC=C1C(=O)OC(=O)CC1O,False,BasidalinOnly_gen3
NC=C1C(=O)CC(=O)OC1O,False,BasidalinOnly_gen3
NC=C1C(=O)C(C=O)C1=O,False,BasidalinOnly_gen3
NC=C1C(=O)CC(=O)C1=O,False,BasidalinOnly_gen3
O=CCC1=[NH+]C=C1C(=O)O,False,BasidalinOnly_gen3
O=CCC(=O)C1=C[NH+]=C1O,False,BasidalinOnly_gen3
O=C(O)C1=C[NH+]=CCC1=O,False,BasidalinOnly_gen3
NC=C(C(=O)O)C(O)CC=O,False,BasidalinOnly_gen3
NC=C(C(=O)CC=O)C(O)O,False,BasidalinOnly_gen3
NC=C(C=O)C(=O)CC=O,False,BasidalinOnly_gen3
NCC(C(=O)O)C(=O)CC=O,False,BasidalinOnly_gen3
NC=CC(O)(CC=O)C(=O)O,False,BasidalinOnly_gen3
NC=C(CO)C(=O)CC=O,False,BasidalinOnly_gen3
COC(=O)C(=CN)C(=O)CC=O,False,BasidalinOnly_gen3
CNC=C(C(=O)O)C(=O)CC=O,False,BasidalinOnly_gen3
N#CC(O)(O)C(=CN)C(=O)CC=O,False,BasidalinOnly_gen3
N#CC(O)(CC=O)C(=CN)C(=O)O,False,BasidalinOnly_gen3
NC=C(C(=O)Cl)C(=O)CC=O,False,BasidalinOnly_gen3
NC=C(C(N)=O)C(=O)CC=O,False,BasidalinOnly_gen3
N#CC(=CN)C(=O)CC=O,False,BasidalinOnly_gen3
NC(N)C(C(=O)O)C(=O)CC=O,False,BasidalinOnly_gen3
NC=C(C(=O)O)C(N)CC=O,False,BasidalinOnly_gen3
NC=C(C(=O)CC=O)C(N)O,False,BasidalinOnly_gen3
NC=CC(=O)O,False,BasidalinOnly_gen3
NC=C(C(=O)O)C(=O)O,False,BasidalinOnly_gen3
CC(=O)C(=CN)C(=O)O,False,BasidalinOnly_gen3
CC1(O)OC(=O)C=C(N)C1=O,False,BasidalinOnly_gen3
CC(=O)C1(O)OC(=O)C=C1N,False,BasidalinOnly_gen3
C=C1OC(=O)C=C(N)C1=O,False,BasidalinOnly_gen3
CC1=NC(=CC(=O)O)C1=O,False,BasidalinOnly_gen3
CC(=O)C1=NC1=CC(=O)O,False,BasidalinOnly_gen3
CC(=O)C(=O)C1=CC(O)=N1,False,BasidalinOnly_gen3
NC1=CC(=O)OCC(O)C1=O,False,BasidalinOnly_gen3
NC1=CC(=O)OCC(=O)C1O,False,BasidalinOnly_gen3
NC1=CC(O)OCC(=O)C1=O,False,BasidalinOnly_gen3
CC(O)C(=O)C(N)=C1OC1=O,False,BasidalinOnly_gen3
CC(=O)C(O)C(N)=C1OC1=O,False,BasidalinOnly_gen3
CC(=O)C(=O)C(N)=C1OC1O,False,BasidalinOnly_gen3
CC1=[NH+]C(=CC(=O)O)C1=O,False,BasidalinOnly_gen3
CC(=O)C1=[NH+]C1=CC(=O)O,False,BasidalinOnly_gen3
CC=C(N)C(=O)C(=O)C(=O)O,False,BasidalinOnly_gen3
CC(=O)C(O)C(N)=CC(=O)O,False,BasidalinOnly_gen3
CC(=O)C(=O)C(N)=CC(O)O,False,BasidalinOnly_gen3
CC(=O)C(=O)C(N)=CC=O,False,BasidalinOnly_gen3
CC(=O)C(=O)C(N)CC(=O)O,False,BasidalinOnly_gen3
CC(=O)C(=O)C(N)=CCO,False,BasidalinOnly_gen3
COC(=O)C=C(N)C(=O)C(C)=O,False,BasidalinOnly_gen3
CNC(=CC(=O)O)C(=O)C(C)=O,False,BasidalinOnly_gen3
CC(=O)C(=O)C(N)=C(C)C(=O)O,False,BasidalinOnly_gen3
NC(C=O)=CC(=O)O,False,BasidalinOnly_gen3
CC(=O)C(O)(C#N)C(N)=CC(=O)O,False,BasidalinOnly_gen3
CC(=O)C(=O)C(N)=CC(O)(O)C#N,False,BasidalinOnly_gen3
CC(=O)C(=O)C(N)=CC(=O)Cl,False,BasidalinOnly_gen3
CC(=O)C(=O)C(N)=CC(N)=O,False,BasidalinOnly_gen3
CC(=O)C(=O)C(N)=CC#N,False,BasidalinOnly_gen3
CC(=O)C(=O)C(N)C(N)C(=O)O,False,BasidalinOnly_gen3
CC(=O)C(=O)C(N)(N)CC(=O)O,False,BasidalinOnly_gen3
CC(=O)C(N)C(N)=CC(=O)O,False,BasidalinOnly_gen3
CC(=O)C(=O)C(N)=CC(N)O,False,BasidalinOnly_gen3
CC(=O)C(=O)C(N)=C=O,False,BasidalinOnly_gen3
O=C1CC(O)OC2=NC1=C2,False,BasidalinOnly_gen3
O=C1C=C2N=C2CC(O)O1,False,BasidalinOnly_gen3
COC1CC(=O)C(N)=CC(=O)O1,False,BasidalinOnly_gen3
O=C1C=COC2=NC1=C2,False,BasidalinOnly_gen3
O=C1C=C2N=C2C=CO1,False,BasidalinOnly_gen3
CC(=O)Nc1cc(=O)occc1=O,False,BasidalinOnly_gen3
O=CCC(O)c1nc2oc1-2,False,BasidalinOnly_gen3
O=C(CCO)c1nc2oc1-2,False,BasidalinOnly_gen3
O=CC1OC2=NC(=C2)C1O,False,BasidalinOnly_gen3
O=C1C2=CC(=N2)OC1CO,False,BasidalinOnly_gen3
O=C1CC(O)C2=CC(=N2)O1,False,BasidalinOnly_gen3
O=CCC(O)C1=CC(O)=N1,False,BasidalinOnly_gen3
COC1=NC(C(=O)CC=O)=C1,False,BasidalinOnly_gen3
CC(=O)OC1=NC(C(=O)CC=O)=C1,False,BasidalinOnly_gen3
N#CC(O)(CC=O)C1=CC(O)=N1,False,BasidalinOnly_gen3
NC(CC=O)C1=CC(O)=N1,False,BasidalinOnly_gen3
O=CC(O)C(=O)C1=CC(O)=N1,False,BasidalinOnly_gen3
O=C(O)CC(=O)C1=CC(O)=N1,False,BasidalinOnly_gen3
O=CCC(=O)OC1=CC(O)=N1,False,BasidalinOnly_gen3
O=CCOC(=O)C1=CC(O)=N1,False,BasidalinOnly_gen3
O=COCC(=O)C1=CC(O)=N1,False,BasidalinOnly_gen3
O=C(O)CC(O)C1=CC(O)=N1,False,BasidalinOnly_gen3
O=CC(O)C(O)C1=CC(O)=N1,False,BasidalinOnly_gen3
O=C(C1=CC(O)=N1)C(O)CO,False,BasidalinOnly_gen3
O=C(O)C1=CC(O)=N1,False,BasidalinOnly_gen3
CC(=O)C1=CC(O)=N1,False,BasidalinOnly_gen3
O=CCC(=O)C1=C(C2=CC(O)=N2)C(O)=N1,False,BasidalinOnly_gen3
O=CC1=CC(O)=N1,False,BasidalinOnly_gen3
O=CCC(=O)C1=C(CC=O)C(O)=N1,False,BasidalinOnly_gen3
O=CCC(=O)C1=C(C=O)C(O)=N1,False,BasidalinOnly_gen3
O=CC(C(=O)C1=CC(O)=N1)C1=CC(O)=N1,False,BasidalinOnly_gen3
O=CCC(C=O)C(=O)C1=CC(O)=N1,False,BasidalinOnly_gen3
O=CC(C=O)C(=O)C1=CC(O)=N1,False,BasidalinOnly_gen3
O=C(CC(=O)C1=CC(O)=N1)C1=CC(O)=N1,False,BasidalinOnly_gen3
O=CCC(=O)CC(=O)C1=CC(O)=N1,False,BasidalinOnly_gen3
O=CC(=O)CC(=O)C1=CC(O)=N1,False,BasidalinOnly_gen3
O=CCC1=NC1=C1OC1O,False,BasidalinOnly_gen3
O=C1OC1=C1N=C1CCO,False,BasidalinOnly_gen3
O=CC1OC(O)C=C2N=C21,False,BasidalinOnly_gen3
O=C1C=C2N=C2C(CO)O1,False,BasidalinOnly_gen3
O=C1CC2=NC2=CC(O)O1,False,BasidalinOnly_gen3
O=CCC1=NC1=CC(O)O,False,BasidalinOnly_gen3
O=CC=C1N=C1CC=O,False,BasidalinOnly_gen3
O=CCC1=NC1CC(=O)O,False,BasidalinOnly_gen3
O=CCC1=NC1=CCO,False,BasidalinOnly_gen3
COC(=O)C=C1N=C1CC=O,False,BasidalinOnly_gen3
CC(C(=O)O)=C1N=C1CC=O,False,BasidalinOnly_gen3
CC(=O)OC(=O)C=C1N=C1CC=O,False,BasidalinOnly_gen3
N#CC(O)(O)C=C1N=C1CC=O,False,BasidalinOnly_gen3
O=CCC1=NC1=CC(=O)Cl,False,BasidalinOnly_gen3
NC(=O)C=C1N=C1CC=O,False,BasidalinOnly_gen3
N#CC=C1N=C1CC=O,False,BasidalinOnly_gen3
NC1(CC(=O)O)N=C1CC=O,False,BasidalinOnly_gen3
NC(O)C=C1N=C1CC=O,False,BasidalinOnly_gen3
O=C=C1N=C1CC=O,False,BasidalinOnly_gen3
O=CCC1=NC1=C(O)C(=O)O,False,BasidalinOnly_gen3
O=CC(O)C1=NC1=CC(=O)O,False,BasidalinOnly_gen3
O=C(O)C=C1N=C1CC(=O)O,False,BasidalinOnly_gen3
O=CCC1=NC12OC2C(=O)O,False,BasidalinOnly_gen3
O=CCC1=NC1=COC(=O)O,False,BasidalinOnly_gen3
O=COCC1=NC1=CC(=O)O,False,BasidalinOnly_gen3
O=CCC1=NC1C(O)C(=O)O,False,BasidalinOnly_gen3
O=CCC1=NC1(O)CC(=O)O,False,BasidalinOnly_gen3
O=C(O)CC1=NC1=CC(O)O,False,BasidalinOnly_gen3
O=CCC1=NC1=C(O)C(O)O,False,BasidalinOnly_gen3
O=C(O)C(O)=C1N=C1CCO,False,BasidalinOnly_gen3
O=CC(O)C1=NC1=CC(O)O,False,BasidalinOnly_gen3
O=C(O)C=C1N=C1C(O)CO,False,BasidalinOnly_gen3
CC1=NC1=CC(=O)O,False,BasidalinOnly_gen3
O=CCC1=NC1=C(C=O)C(=O)O,False,BasidalinOnly_gen3
O=CC(C=O)C1=NC1=CC(=O)O,False,BasidalinOnly_gen3
O=CC(=O)CC1=NC1=CC(=O)O,False,BasidalinOnly_gen3
NC1=CC2OC(CO)(O2)C1=O,False,BasidalinOnly_gen3
NC1=C2OC2OC(CO)C1=O,False,BasidalinOnly_gen3
COC1C=C(N)C(=O)C(C=O)O1,False,BasidalinOnly_gen3
O=C1C=C2N=CC(O1)C2O,False,BasidalinOnly_gen3
NC1=CC(=O)OC2(CO)OC12,False,BasidalinOnly_gen3
NC1=C2OC1C(CO)OC2=O,False,BasidalinOnly_gen3
COC1C(N)=CC(=O)OC1C=O,False,BasidalinOnly_gen3
NC1=CC(=O)OC(C=O)C1=O,False,BasidalinOnly_gen3
COCC1OC(=O)C=C(N)C1=O,False,BasidalinOnly_gen3
CC1OC(=O)C=C(N)C1=O,False,BasidalinOnly_gen3
NC=C1OC1(O)C(=O)CC=O,False,BasidalinOnly_gen3
NC(C=O)=C1OC1(O)CC=O,False,BasidalinOnly_gen3
CC(=O)C(N)=C1OC1(O)C=O,False,BasidalinOnly_gen3
NC1=C2OC2OC(C=O)C1O,False,BasidalinOnly_gen3
NC1=C2OC2OC(=O)CC1O,False,BasidalinOnly_gen3
O=CCC1=[NH+]C1=C1OC1O,False,BasidalinOnly_gen3
O=C1CC=[NH+]C1=C1OC1O,False,BasidalinOnly_gen3
NC(=C1OC1O)C(O)CC=O,False,BasidalinOnly_gen3
NC(C(=O)CC=O)C1OC1O,False,BasidalinOnly_gen3
COC1OC1=C(N)C(=O)CC=O,False,BasidalinOnly_gen3
CNC(C(=O)CC=O)=C1OC1O,False,BasidalinOnly_gen3
N#CC(O)(CC=O)C(N)=C1OC1O,False,BasidalinOnly_gen3
NC(C(=O)CC=O)C1(N)OC1O,False,BasidalinOnly_gen3
NC(=C1OC1O)C(N)CC=O,False,BasidalinOnly_gen3
NC(C(=O)O)=C1OC1O,False,BasidalinOnly_gen3
CC(=O)C(N)=C1OC1O,False,BasidalinOnly_gen3
NC(C(=O)CC=O)=C1OC1=O,False,BasidalinOnly_gen3
CC(O)(C=O)C(N)=C1OC1=O,False,BasidalinOnly_gen3
NC(C=O)=C1OC1=O,False,BasidalinOnly_gen3
NC=C1OC1=O,False,BasidalinOnly_gen3
NC(=C1OC1=O)C1CC(O)O1,False,BasidalinOnly_gen3
O=C1OC1=C1N=CCC1O,False,BasidalinOnly_gen3
NC(=C1OC1=O)C1OC1CO,False,BasidalinOnly_gen3
O=C1OC1=C1[NH+]=CCC1O,False,BasidalinOnly_gen3
NC(C(O)=CC=O)=C1OC1=O,False,BasidalinOnly_gen3
NC(CCC=O)=C1OC1=O,False,BasidalinOnly_gen3
NC(C(O)CC=O)C1OC1=O,False,BasidalinOnly_gen3
COC(CC=O)C(N)=C1OC1=O,False,BasidalinOnly_gen3
CNC(=C1OC1=O)C(O)CC=O,False,BasidalinOnly_gen3
CC(O)(CC=O)C(N)=C1OC1=O,False,BasidalinOnly_gen3
NC(=C1OC1=O)C(Cl)CC=O,False,BasidalinOnly_gen3
CC(O)C(N)=C1OC1=O,False,BasidalinOnly_gen3
CC(=O)C(N)=C1OC1=O,False,BasidalinOnly_gen3
NC(=C1OC1=O)C1(O)CCO1,False,BasidalinOnly_gen3
NC(=C1OC1=O)C(O)C1CO1,False,BasidalinOnly_gen3
O=C1OC1=C1[NH+]=C1CCO,False,BasidalinOnly_gen3
CCC(=O)C(N)=C1OC1=O,False,BasidalinOnly_gen3
NC(C(=O)CCO)C1OC1=O,False,BasidalinOnly_gen3
COCCC(=O)C(N)=C1OC1=O,False,BasidalinOnly_gen3
CNC(C(=O)CCO)=C1OC1=O,False,BasidalinOnly_gen3
N#CC(O)(CCO)C(N)=C1OC1=O,False,BasidalinOnly_gen3
NC(C(=O)CCCl)=C1OC1=O,False,BasidalinOnly_gen3
NC(C(=O)CCO)C1(N)OC1=O,False,BasidalinOnly_gen3
NC(=C1OC1=O)C(N)CCO,False,BasidalinOnly_gen3
NC(C(=O)O)=C1OC1=O,False,BasidalinOnly_gen3
COC1C=C(N)C(=O)CC(=O)O1,False,BasidalinOnly_gen3
O=c1cc2nc(o1)CC2O,False,BasidalinOnly_gen3
COC1CC(=O)OC(=O)C=C1N,False,BasidalinOnly_gen3
NC1=CC(=O)C=CC1=O,False,BasidalinOnly_gen3
COc1ccc(O)cc1N,False,BasidalinOnly_gen3
COc1ccc(O)c(N)c1,False,BasidalinOnly_gen3
CNc1cc(O)ccc1O,False,BasidalinOnly_gen3
CC(=O)Nc1cc(O)ccc1O,False,BasidalinOnly_gen3
CC(=O)Oc1ccc(O)cc1N,False,BasidalinOnly_gen3
CC(=O)Oc1ccc(O)c(N)c1,False,BasidalinOnly_gen3
Nc1c(O)ccc(O)c1C(=O)O,False,BasidalinOnly_gen3
Nc1cc(O)c(C(=O)O)cc1O,False,BasidalinOnly_gen3
Nc1cc(O)cc(C(=O)O)c1O,False,BasidalinOnly_gen3
Nc1c(O)ccc(O)c1O,False,BasidalinOnly_gen3
Nc1cc(O)c(O)cc1O,False,BasidalinOnly_gen3
Nc1cc(O)cc(O)c1O,False,BasidalinOnly_gen3
NC(=O)C(O)=CC=C(O)C=O,False,BasidalinOnly_gen3
NC(C=C(O)C=O)=C(O)C=O,False,BasidalinOnly_gen3
NC(=CC(O)=CC=O)C(=O)O,False,BasidalinOnly_gen3
NC(=O)C=C(O)C=CC(=O)O,False,BasidalinOnly_gen3
NC(=CC(=O)O)C(O)=CC=O,False,BasidalinOnly_gen3
NC(C=O)=C(O)C=CC(=O)O,False,BasidalinOnly_gen3
NC1=CC(O)=CC(O)C1(O)O,False,BasidalinOnly_gen3
NC1(O)C=C(O)C=CC1(O)O,False,BasidalinOnly_gen3
NC1(O)C(O)=CC=C(O)C1O,False,BasidalinOnly_gen3
NC1=C(O)C=CC(O)(O)C1O,False,BasidalinOnly_gen3
NC1=CC(O)(O)C(O)C=C1O,False,BasidalinOnly_gen3
NC1=C(O)C(O)C(O)C(O)=C1,False,BasidalinOnly_gen3
NC1=C(O)C=CC2(O)OC12,False,BasidalinOnly_gen3
NC1=CC2(O)OC2C=C1O,False,BasidalinOnly_gen3
NC1=C(O)C2OC2C(O)=C1,False,BasidalinOnly_gen3
NC1=CC(O)=CC2OC12O,False,BasidalinOnly_gen3
NC12C=C(O)C=CC1(O)O2,False,BasidalinOnly_gen3
NC12OC1C(O)=CC=C2O,False,BasidalinOnly_gen3
Nc1cccc(O)c1,False,BasidalinOnly_gen3
Nc1ccccc1O,False,BasidalinOnly_gen3
Nc1cc(O)ccc1C(=O)O,False,BasidalinOnly_gen3
Nc1cc(C(=O)O)ccc1O,False,BasidalinOnly_gen3
O=CCC(C(=O)O)=C1C=[NH+]1,False,BasidalinOnly_gen3
CC1=[NH+]C1=C(C=O)C(=O)O,False,BasidalinOnly_gen3
O=C1C=C2[NH+]=C2C=CO1,False,BasidalinOnly_gen3
O=CC1OC(O)C=C2[NH+]=C21,False,BasidalinOnly_gen3
O=C1C=C2[NH+]=C2C(CO)O1,False,BasidalinOnly_gen3
O=C1CC2=[NH+]C2=CC(O)O1,False,BasidalinOnly_gen3
O=C=CC1=[NH+]C1=CC(=O)O,False,BasidalinOnly_gen3
O=CCC1=[NH+]C1=CC(O)O,False,BasidalinOnly_gen3
O=CC=C1[NH+]=C1CC=O,False,BasidalinOnly_gen3
O=CCC1=[NH+]C1CC(=O)O,False,BasidalinOnly_gen3
O=CCC1=[NH+]C1=CCO,False,BasidalinOnly_gen3
COC(=O)C=C1[NH+]=C1CC=O,False,BasidalinOnly_gen3
CC(C(=O)O)=C1[NH+]=C1CC=O,False,BasidalinOnly_gen3
CC(=O)OC(=O)C=C1[NH+]=C1CC=O,False,BasidalinOnly_gen3
N#CC(O)(O)C=C1[NH+]=C1CC=O,False,BasidalinOnly_gen3
O=CCC1=[NH+]C1=CC(=O)Cl,False,BasidalinOnly_gen3
NC(=O)C=C1[NH+]=C1CC=O,False,BasidalinOnly_gen3
N#CC=C1[NH+]=C1CC=O,False,BasidalinOnly_gen3
NC1(CC(=O)O)[NH+]=C1CC=O,False,BasidalinOnly_gen3
NC(O)C=C1[NH+]=C1CC=O,False,BasidalinOnly_gen3
O=C=C1[NH+]=C1CC=O,False,BasidalinOnly_gen3
O=CCC1=[NH+]C1=C(O)C(=O)O,False,BasidalinOnly_gen3
O=CC(O)C1=[NH+]C1=CC(=O)O,False,BasidalinOnly_gen3
O=C(O)C=C1[NH+]=C1CC(=O)O,False,BasidalinOnly_gen3
O=CCC1=[NH+]C12OC2C(=O)O,False,BasidalinOnly_gen3
O=CCC1=[NH+]C1=COC(=O)O,False,BasidalinOnly_gen3
O=COCC1=[NH+]C1=CC(=O)O,False,BasidalinOnly_gen3
O=CCC1=[NH+]C1C(O)C(=O)O,False,BasidalinOnly_gen3
O=CCC1=[NH+]C1(O)CC(=O)O,False,BasidalinOnly_gen3
O=C(O)CC1=[NH+]C1=CC(O)O,False,BasidalinOnly_gen3
O=CCC1=[NH+]C1=C(O)C(O)O,False,BasidalinOnly_gen3
O=C(O)C(O)=C1[NH+]=C1CCO,False,BasidalinOnly_gen3
O=CC(O)C1=[NH+]C1=CC(O)O,False,BasidalinOnly_gen3
O=C(O)C=C1[NH+]=C1C(O)CO,False,BasidalinOnly_gen3
CC1=[NH+]C1=CC(=O)O,False,BasidalinOnly_gen3
O=CCC1=[NH+]C1=C(C=O)C(=O)O,False,BasidalinOnly_gen3
O=CC(C=O)C1=[NH+]C1=CC(=O)O,False,BasidalinOnly_gen3
O=CC(=O)CC1=[NH+]C1=CC(=O)O,False,BasidalinOnly_gen3
O=C1CC2=[NH+]C1=CC(O)O2,False,BasidalinOnly_gen3
O=C1C2=CC(O)OC1C=[NH+]2,False,BasidalinOnly_gen3
O=C1CC=[NH+]C1=CC(O)O,False,BasidalinOnly_gen3
O=CC=C1[NH+]=CCC1=O,False,BasidalinOnly_gen3
O=C(O)CC1[NH+]=CCC1=O,False,BasidalinOnly_gen3
O=C1CC=[NH+]C1=CCO,False,BasidalinOnly_gen3
COC(=O)C=C1[NH+]=CCC1=O,False,BasidalinOnly_gen3
CC(C(=O)O)=C1[NH+]=CCC1=O,False,BasidalinOnly_gen3
CC(=O)OC(=O)C=C1[NH+]=CCC1=O,False,BasidalinOnly_gen3
N#CC(O)(O)C=C1[NH+]=CCC1=O,False,BasidalinOnly_gen3
O=C(Cl)C=C1[NH+]=CCC1=O,False,BasidalinOnly_gen3
NC(=O)C=C1[NH+]=CCC1=O,False,BasidalinOnly_gen3
N#CC=C1[NH+]=CCC1=O,False,BasidalinOnly_gen3
NC1(CC(=O)O)[NH+]=CCC1=O,False,BasidalinOnly_gen3
NC(O)C=C1[NH+]=CCC1=O,False,BasidalinOnly_gen3
O=C=C1[NH+]=CCC1=O,False,BasidalinOnly_gen3
O=C(O)C(O)=C1[NH+]=CCC1=O,False,BasidalinOnly_gen3
O=C(O)C1OC12[NH+]=CCC2=O,False,BasidalinOnly_gen3
O=C(O)OC=C1[NH+]=CCC1=O,False,BasidalinOnly_gen3
O=C(O)C(O)C1[NH+]=CCC1=O,False,BasidalinOnly_gen3
O=C(O)CC1(O)[NH+]=CCC1=O,False,BasidalinOnly_gen3
O=C(O)C(O)=C1[NH+]=CCC1O,False,BasidalinOnly_gen3
O=C1CC=[NH+]C1=C(O)C(O)O,False,BasidalinOnly_gen3
NC=CC(O)(O)C(=O)CC=O,False,BasidalinOnly_gen3
NC(C=O)=CC(O)(O)CC=O,False,BasidalinOnly_gen3
CC(=O)C(N)=CC(O)(O)C=O,False,BasidalinOnly_gen3
NC(C=C(O)O)C(=O)CC=O,False,BasidalinOnly_gen3
NC1=CC(O)OC(C=O)C1O,False,BasidalinOnly_gen3
NC1=CC(O)OC(=O)CC1O,False,BasidalinOnly_gen3
NC(=CC(O)O)C(O)CC=O,False,BasidalinOnly_gen3
NC(CC(O)O)C(=O)CC=O,False,BasidalinOnly_gen3
COC(O)C=C(N)C(=O)CC=O,False,BasidalinOnly_gen3
CNC(=CC(O)O)C(=O)CC=O,False,BasidalinOnly_gen3
CC(O)(O)C=C(N)C(=O)CC=O,False,BasidalinOnly_gen3
CC(=C(N)C(=O)CC=O)C(O)O,False,BasidalinOnly_gen3
N#CC(O)(CC=O)C(N)=CC(O)O,False,BasidalinOnly_gen3
NC(=CC(O)Cl)C(=O)CC=O,False,BasidalinOnly_gen3
NC(C(=O)CC=O)C(N)C(O)O,False,BasidalinOnly_gen3
NC(=CC(O)O)C(N)CC=O,False,BasidalinOnly_gen3
NC(=CC(O)O)C(=O)O,False,BasidalinOnly_gen3
CC(=O)C(N)=CC(O)O,False,BasidalinOnly_gen3
CC(O)(C=O)C(N)=CC(=O)O,False,BasidalinOnly_gen3
NC(CC(=O)O)=C(O)CC=O,False,BasidalinOnly_gen3
NC(=CC(=O)O)C1CC(O)O1,False,BasidalinOnly_gen3
NC1=CC(=O)OC=CC1O,False,BasidalinOnly_gen3
O=C(O)C=C1N=CCC1O,False,BasidalinOnly_gen3
NC(=CC(=O)O)C1OC1CO,False,BasidalinOnly_gen3
NC(=CC(O)O)C1OC1C=O,False,BasidalinOnly_gen3
NC(=CC(O)O)C1CC(=O)O1,False,BasidalinOnly_gen3
NC1=C(C(=O)O)OC1CCO,False,BasidalinOnly_gen3
NC1=C(C(O)O)OC1CC=O,False,BasidalinOnly_gen3
O=C(O)C=C1[NH+]=CCC1O,False,BasidalinOnly_gen3
NC(=CC=O)C(O)CC=O,False,BasidalinOnly_gen3
NC(=CC(=O)O)CCC=O,False,BasidalinOnly_gen3
NC(CC(=O)O)C(O)CC=O,False,BasidalinOnly_gen3
NC(=CCO)C(O)CC=O,False,BasidalinOnly_gen3
COC(=O)C=C(N)C(O)CC=O,False,BasidalinOnly_gen3
COC(CC=O)C(N)=CC(=O)O,False,BasidalinOnly_gen3
CNC(=CC(=O)O)C(O)CC=O,False,BasidalinOnly_gen3
CC(O)(CC=O)C(N)=CC(=O)O,False,BasidalinOnly_gen3
CC(C(=O)O)=C(N)C(O)CC=O,False,BasidalinOnly_gen3
N#CC(O)(O)C=C(N)C(O)CC=O,False,BasidalinOnly_gen3
NC(=CC(=O)O)C(Cl)CC=O,False,BasidalinOnly_gen3
NC(=CC(=O)Cl)C(O)CC=O,False,BasidalinOnly_gen3
NC(=O)C=C(N)C(O)CC=O,False,BasidalinOnly_gen3
N#CC=C(N)C(O)CC=O,False,BasidalinOnly_gen3
NC(N)(CC(=O)O)C(O)CC=O,False,BasidalinOnly_gen3
NC(=CC(N)O)C(O)CC=O,False,BasidalinOnly_gen3
NC(=C=O)C(O)CC=O,False,BasidalinOnly_gen3
CC(O)C(N)=CC(=O)O,False,BasidalinOnly_gen3
NC=CC(=O)C(=O)CC=O,False,BasidalinOnly_gen3
NC(C=O)=CC(=O)CC=O,False,BasidalinOnly_gen3
CC(=O)C(N)=CC(=O)C=O,False,BasidalinOnly_gen3
NC(C=C=O)C(=O)CC=O,False,BasidalinOnly_gen3
O=CCC(=O)C1=CC=N1,False,BasidalinOnly_gen3
NC(=C=C=O)C(=O)CC=O,False,BasidalinOnly_gen3
NC(CC=O)C(=O)CC=O,False,BasidalinOnly_gen3
CNC(=CC=O)C(=O)CC=O,False,BasidalinOnly_gen3
CC(=O)C=C(N)C(=O)CC=O,False,BasidalinOnly_gen3
CC(C=O)=C(N)C(=O)CC=O,False,BasidalinOnly_gen3
CC(=O)NC(=CC=O)C(=O)CC=O,False,BasidalinOnly_gen3
N#CC(O)C=C(N)C(=O)CC=O,False,BasidalinOnly_gen3
N#CC(O)(CC=O)C(N)=CC=O,False,BasidalinOnly_gen3
NC(N)(CC=O)C(=O)CC=O,False,BasidalinOnly_gen3
NC(C=O)C(N)C(=O)CC=O,False,BasidalinOnly_gen3
NCC=C(N)C(=O)CC=O,False,BasidalinOnly_gen3
NC(=CC=O)C(N)CC=O,False,BasidalinOnly_gen3
NC(=O)NC(=CC=O)C(=O)CC=O,False,BasidalinOnly_gen3
NC(C(=O)CC=O)=C(O)C=O,False,BasidalinOnly_gen3
NC(=CC=O)C(=O)C(O)C=O,False,BasidalinOnly_gen3
NC1(C(=O)CC=O)OC1C=O,False,BasidalinOnly_gen3
NC(=COC=O)C(=O)CC=O,False,BasidalinOnly_gen3
NC(=CC=O)OC(=O)CC=O,False,BasidalinOnly_gen3
NC(=CC=O)C(=O)OCC=O,False,BasidalinOnly_gen3
NC(=CC=O)C(=O)COC=O,False,BasidalinOnly_gen3
NC(O)(CC=O)C(=O)CC=O,False,BasidalinOnly_gen3
NC(C(=O)CC=O)C(O)C=O,False,BasidalinOnly_gen3
O=CC=C(O)C(=O)CC=O,False,BasidalinOnly_gen3
NC(=CCO)C(=O)CC(=O)O,False,BasidalinOnly_gen3
NC(=CC=O)C(O)CC(=O)O,False,BasidalinOnly_gen3
NC(C(=O)CC=O)=C(O)CO,False,BasidalinOnly_gen3
NC(=C(O)C=O)C(O)CC=O,False,BasidalinOnly_gen3
NC(C(=O)CCO)=C(O)C=O,False,BasidalinOnly_gen3
NC(=CCO)C(=O)C(O)C=O,False,BasidalinOnly_gen3
NC(=CC=O)C(O)C(O)C=O,False,BasidalinOnly_gen3
NC(=CC=O)C(=O)C(O)CO,False,BasidalinOnly_gen3
NC(=CC=O)C(=O)O,False,BasidalinOnly_gen3
NC(=CC(=O)C=O)C(=O)CC=O,False,BasidalinOnly_gen3
NC(=CC=O)C(=O)C=C(N)C(=O)CC=O,False,BasidalinOnly_gen3
NC(C=O)=CC=O,False,BasidalinOnly_gen3
NC(C(=O)CC=O)=C(C=O)C=O,False,BasidalinOnly_gen3
NC(=CC=O)C(C=O)=C(N)C(=O)CC=O,False,BasidalinOnly_gen3
NC(C(=O)CC=O)=C(C=O)CC=O,False,BasidalinOnly_gen3
NC(=CC=O)C(=O)C(C=O)C=O,False,BasidalinOnly_gen3
NC(=CC=O)C(=O)C(C=O)C(N)=CC=O,False,BasidalinOnly_gen3
NC(=CC=O)C(=O)C(C=O)CC=O,False,BasidalinOnly_gen3
NC(=CC=O)C(=O)CC(=O)C=O,False,BasidalinOnly_gen3
NC(=CC=O)C(=O)CC(=O)C(N)=CC=O,False,BasidalinOnly_gen3
NC(=CC=O)C(=O)CC(=O)CC=O,False,BasidalinOnly_gen3
NCC(=O)C(C=O)CC(=O)O,False,BasidalinOnly_gen3
NCC(=O)CC(=O)CC(=O)O,False,BasidalinOnly_gen3
CC(N)(C(=O)O)C(=O)CC=O,False,BasidalinOnly_gen3
NC(C=O)(CC=O)CC(=O)O,False,BasidalinOnly_gen3
CC(=O)C(N)(C=O)CC(=O)O,False,BasidalinOnly_gen3
NC1CC(=O)OC1(O)CC=O,False,BasidalinOnly_gen3
NC1CC(=O)OC(O)CC1=O,False,BasidalinOnly_gen3
NC1=C(CC=O)OC(=O)C1,False,BasidalinOnly_gen3
NC1CC(=O)OC1=CC=O,False,BasidalinOnly_gen3
NC1CC(=O)OC=CC1=O,False,BasidalinOnly_gen3
O=CCC(=O)C1CC(O)=N1,False,BasidalinOnly_gen3
NC1(C(O)CC=O)CC(=O)O1,False,BasidalinOnly_gen3
NC1(C(=O)CCO)CC(=O)O1,False,BasidalinOnly_gen3
NC1(C(=O)CC=O)CC(O)O1,False,BasidalinOnly_gen3
NC1CC(=O)OC(C=O)C1O,False,BasidalinOnly_gen3
NC1CC(=O)OC(CO)C1=O,False,BasidalinOnly_gen3
NC1CC(O)OC(C=O)C1=O,False,BasidalinOnly_gen3
NC1CC(=O)OC(=O)CC1O,False,BasidalinOnly_gen3
NC1CC(O)OC(=O)CC1=O,False,BasidalinOnly_gen3
NC(CC(=O)CC=O)C(=O)O,False,BasidalinOnly_gen3
NC1(C(=O)CC=O)CC1=O,False,BasidalinOnly_gen3
NC1CC(=O)C(C=O)C1=O,False,BasidalinOnly_gen3
NC1CC(=O)C(=O)CC1=O,False,BasidalinOnly_gen3
O=CCC(=O)C1CC(O)=[NH+]1,False,BasidalinOnly_gen3
NC(CCO)C(=O)CC=O,False,BasidalinOnly_gen3
COC(=O)CC(N)C(=O)CC=O,False,BasidalinOnly_gen3
CNC(CC(=O)O)C(=O)CC=O,False,BasidalinOnly_gen3
CC(N)(CC(=O)O)C(=O)CC=O,False,BasidalinOnly_gen3
CC(C(=O)O)C(N)C(=O)CC=O,False,BasidalinOnly_gen3
N#CC(O)(CC=O)C(N)CC(=O)O,False,BasidalinOnly_gen3
N#CC(O)(O)CC(N)C(=O)CC=O,False,BasidalinOnly_gen3
NC(CC(=O)Cl)C(=O)CC=O,False,BasidalinOnly_gen3
NC(=O)CC(N)C(=O)CC=O,False,BasidalinOnly_gen3
N#CCC(N)C(=O)CC=O,False,BasidalinOnly_gen3
NC(CC=O)C(N)CC(=O)O,False,BasidalinOnly_gen3
NC(O)CC(N)C(=O)CC=O,False,BasidalinOnly_gen3
NC(C=O)C(=O)CC=O,False,BasidalinOnly_gen3
NCCC(=O)O,False,BasidalinOnly_gen3
NC(CC(=O)O)C(=O)O,False,BasidalinOnly_gen3
CC(=O)C(N)CC(=O)O,False,BasidalinOnly_gen3
NC=CC(O)C(=O)CC=O,False,BasidalinOnly_gen3
NC(C=O)=CC(O)CC=O,False,BasidalinOnly_gen3
CC(=O)C(N)=CC(O)C=O,False,BasidalinOnly_gen3
NC(C=CO)C(=O)CC=O,False,BasidalinOnly_gen3
NC1=CCOC1(O)CC=O,False,BasidalinOnly_gen3
NC1=CCOC(O)CC1=O,False,BasidalinOnly_gen3
NC(=C1CO1)C(O)CC=O,False,BasidalinOnly_gen3
NC(C(=O)CCO)=C1CO1,False,BasidalinOnly_gen3
NC1=CCOC(C=O)C1O,False,BasidalinOnly_gen3
NC1=CCOC(CO)C1=O,False,BasidalinOnly_gen3
NC1=CCOC(=O)CC1O,False,BasidalinOnly_gen3
COCC=C(N)C(=O)CC=O,False,BasidalinOnly_gen3
CNC(=CCO)C(=O)CC=O,False,BasidalinOnly_gen3
CC(O)C=C(N)C(=O)CC=O,False,BasidalinOnly_gen3
CC(CO)=C(N)C(=O)CC=O,False,BasidalinOnly_gen3
CC(=O)NC(=CCO)C(=O)CC=O,False,BasidalinOnly_gen3
CC(=O)OCC=C(N)C(=O)CC=O,False,BasidalinOnly_gen3
N#CC(O)(CC=O)C(N)=CCO,False,BasidalinOnly_gen3
NC(=CCCl)C(=O)CC=O,False,BasidalinOnly_gen3
NC(CO)C(N)C(=O)CC=O,False,BasidalinOnly_gen3
NC(=CCO)C(N)CC=O,False,BasidalinOnly_gen3
NC(=O)NC(=CCO)C(=O)CC=O,False,BasidalinOnly_gen3
NC1(C(=O)CC=O)OC1CO,False,BasidalinOnly_gen3
NC(=CCO)OC(=O)CC=O,False,BasidalinOnly_gen3
NC(=CCO)C(=O)OCC=O,False,BasidalinOnly_gen3
NC(=CCO)C(=O)COC=O,False,BasidalinOnly_gen3
NC(O)(CCO)C(=O)CC=O,False,BasidalinOnly_gen3
NC(C(=O)CC=O)C(O)CO,False,BasidalinOnly_gen3
O=CCC(=O)C(O)=CCO,False,BasidalinOnly_gen3
NC(=CCO)C(O)CC(=O)O,False,BasidalinOnly_gen3
NC(=C(O)CO)C(O)CC=O,False,BasidalinOnly_gen3
NC(C(=O)CCO)=C(O)CO,False,BasidalinOnly_gen3
NC(=CCO)C(O)C(O)C=O,False,BasidalinOnly_gen3
NC(=CCO)C(=O)C(O)CO,False,BasidalinOnly_gen3
NC(=CCO)C(=O)O,False,BasidalinOnly_gen3
CC(=O)C(N)=CCO,False,BasidalinOnly_gen3
CC=C(N)C(=O)CC=O,False,BasidalinOnly_gen3
NC(=CC(O)CO)C(=O)CC=O,False,BasidalinOnly_gen3
NC(=CC(O)C(N)=CCO)C(=O)CC=O,False,BasidalinOnly_gen3
NC(C=O)=CCO,False,BasidalinOnly_gen3
NC(=CC(O)CC=O)C(=O)CC=O,False,BasidalinOnly_gen3
NC(=CC(O)C=O)C(=O)CC=O,False,BasidalinOnly_gen3
NC(C(=O)CC=O)=C(CO)CO,False,BasidalinOnly_gen3
NC(=CCO)C(CO)=C(N)C(=O)CC=O,False,BasidalinOnly_gen3
NC(C(=O)CC=O)=C(CO)CC=O,False,BasidalinOnly_gen3
NC(C(=O)CC=O)=C(C=O)CO,False,BasidalinOnly_gen3
NC(=CCO)C(=O)C(C=O)CO,False,BasidalinOnly_gen3
NC(=CCO)C(=O)C(C=O)C(N)=CCO,False,BasidalinOnly_gen3
NC(=CCO)C(=O)C(C=O)CC=O,False,BasidalinOnly_gen3
NC(=CCO)C(=O)C(C=O)C=O,False,BasidalinOnly_gen3
NC(=CCO)C(=O)CC(=O)CO,False,BasidalinOnly_gen3
NC(=CCO)C(=O)CC(=O)C(N)=CCO,False,BasidalinOnly_gen3
NC(=CCO)C(=O)CC(=O)CC=O,False,BasidalinOnly_gen3
NC(=CCO)C(=O)CC(=O)C=O,False,BasidalinOnly_gen3
NC(=CCOC=O)C(=O)CC=O,False,BasidalinOnly_gen3
NC=CC(=O)OCC(=O)CC=O,False,BasidalinOnly_gen3
NC(C=O)=CC(=O)OCCC=O,False,BasidalinOnly_gen3
CC(=O)C(N)=CC(=O)OCC=O,False,BasidalinOnly_gen3
CNC(=CC(=O)OC)C(=O)CC=O,False,BasidalinOnly_gen3
COC(=O)C(C)=C(N)C(=O)CC=O,False,BasidalinOnly_gen3
COC(O)(C#N)C=C(N)C(=O)CC=O,False,BasidalinOnly_gen3
COC(=O)C=C(N)C(O)(C#N)CC=O,False,BasidalinOnly_gen3
COC(=O)CC(N)(N)C(=O)CC=O,False,BasidalinOnly_gen3
COC(=O)C(N)C(N)C(=O)CC=O,False,BasidalinOnly_gen3
COC(N)C=C(N)C(=O)CC=O,False,BasidalinOnly_gen3
COC(=O)C=C(N)C(N)CC=O,False,BasidalinOnly_gen3
COC(=O)C=C(N)C(=O)O,False,BasidalinOnly_gen3
COC(=O)C=C(N)C(C)=O,False,BasidalinOnly_gen3
C=C(NCC(=O)O)C(=O)CC=O,False,BasidalinOnly_gen3
O=CCC(=O)CNC=CC(=O)O,False,BasidalinOnly_gen3
O=CCCNC(C=O)=CC(=O)O,False,BasidalinOnly_gen3
CC(=O)C(=CC(=O)O)NCC=O,False,BasidalinOnly_gen3
CNC1=CC(=O)OC1(O)CC=O,False,BasidalinOnly_gen3
CNC1=CC(=O)OC(O)CC1=O,False,BasidalinOnly_gen3
CNC1=CC(=O)OC1=CC=O,False,BasidalinOnly_gen3
CNc1cc(=O)occc1=O,False,BasidalinOnly_gen3
O=CCC(O)C1=CC(=O)OCN1,False,BasidalinOnly_gen3
O=CCC(=O)C1=CC(O)OCN1,False,BasidalinOnly_gen3
O=C1C=C(C(=O)CCO)NCO1,False,BasidalinOnly_gen3
CNC1=CC(=O)OC(C=O)C1O,False,BasidalinOnly_gen3
CNC1=CC(O)OC(C=O)C1=O,False,BasidalinOnly_gen3
CNC1=CC(=O)OC(CO)C1=O,False,BasidalinOnly_gen3
CNC1=CC(=O)OC(=O)CC1O,False,BasidalinOnly_gen3
CNC1=CC(O)OC(=O)CC1=O,False,BasidalinOnly_gen3
C[N+]1=C(CC=O)C1=CC(=O)O,False,BasidalinOnly_gen3
C[N+]1=CCC(=O)C1=CC(=O)O,False,BasidalinOnly_gen3
CN(C)C(=CC(=O)O)C(=O)CC=O,False,BasidalinOnly_gen3
CNC(C(=O)CC=O)=C(C)C(=O)O,False,BasidalinOnly_gen3
CNC(=CC(=O)O)C(O)(C#N)CC=O,False,BasidalinOnly_gen3
CNC(=CC(O)(O)C#N)C(=O)CC=O,False,BasidalinOnly_gen3
CNC(=CC(=O)Cl)C(=O)CC=O,False,BasidalinOnly_gen3
CNC(=CC(N)=O)C(=O)CC=O,False,BasidalinOnly_gen3
CNC(=CC#N)C(=O)CC=O,False,BasidalinOnly_gen3
CNC(C(=O)CC=O)C(N)C(=O)O,False,BasidalinOnly_gen3
CNC(N)(CC(=O)O)C(=O)CC=O,False,BasidalinOnly_gen3
CNC(=CC(=O)O)C(N)CC=O,False,BasidalinOnly_gen3
CNC(=CC(N)O)C(=O)CC=O,False,BasidalinOnly_gen3
CNC(=C=O)C(=O)CC=O,False,BasidalinOnly_gen3
CNC(=CC(=O)O)C(=O)O,False,BasidalinOnly_gen3
CNC(=CC(=O)O)C(C)=O,False,BasidalinOnly_gen3
NC(=CCC(=O)O)C(=O)CC=O,False,BasidalinOnly_gen3
NC=C(CC(=O)CC=O)C(=O)O,False,BasidalinOnly_gen3
NC(C=O)=C(CCC=O)C(=O)O,False,BasidalinOnly_gen3
C=C(C(=O)O)C(N)C(=O)CC=O,False,BasidalinOnly_gen3
CC1=C(N)C(=O)CC(O)OC1=O,False,BasidalinOnly_gen3
CC1=C(N)C(=CC=O)OC1=O,False,BasidalinOnly_gen3
Cc1c(N)c(=O)ccoc1=O,False,BasidalinOnly_gen3
CC1=C(C(=O)CC=O)N=C1O,False,BasidalinOnly_gen3
NC(C(=O)CC=O)=C1COC1O,False,BasidalinOnly_gen3
NC(=C1COC1=O)C(O)CC=O,False,BasidalinOnly_gen3
NC(C(=O)CCO)=C1COC1=O,False,BasidalinOnly_gen3
CC1=C(N)C(=O)C(C=O)OC1O,False,BasidalinOnly_gen3
CC1=C(N)C(O)C(C=O)OC1=O,False,BasidalinOnly_gen3
CC1=C(N)C(=O)C(CO)OC1=O,False,BasidalinOnly_gen3
CC1=C(N)C(=O)CC(=O)OC1O,False,BasidalinOnly_gen3
CC1=C(N)C(O)CC(=O)OC1=O,False,BasidalinOnly_gen3
NC(C(=O)CC=O)=C1CC1=O,False,BasidalinOnly_gen3
CC1=C(N)C(=O)C(C=O)C1=O,False,BasidalinOnly_gen3
CC1=C(N)C(=O)CC(=O)C1=O,False,BasidalinOnly_gen3
Cc1c(O)ccc(O)c1N,False,BasidalinOnly_gen3
CC1=C(C(=O)CC=O)[NH+]=C1O,False,BasidalinOnly_gen3
CCC(C(=O)O)=C(N)C(=O)CC=O,False,BasidalinOnly_gen3
CC(=C(N)C(=O)CC=O)C(O)(O)C#N,False,BasidalinOnly_gen3
CC(C(=O)O)=C(N)C(O)(C#N)CC=O,False,BasidalinOnly_gen3
CC(C(=O)Cl)=C(N)C(=O)CC=O,False,BasidalinOnly_gen3
CC(C(N)=O)=C(N)C(=O)CC=O,False,BasidalinOnly_gen3
CC(C#N)=C(N)C(=O)CC=O,False,BasidalinOnly_gen3
CC(C(=O)O)C(N)(N)C(=O)CC=O,False,BasidalinOnly_gen3
CC(N)(C(=O)O)C(N)C(=O)CC=O,False,BasidalinOnly_gen3
CC(=C(N)C(=O)CC=O)C(N)O,False,BasidalinOnly_gen3
CC(C(=O)O)=C(N)C(N)CC=O,False,BasidalinOnly_gen3
CC(C(=O)O)=C(N)C(=O)O,False,BasidalinOnly_gen3
CC(=O)C(N)=C(C)C(=O)O,False,BasidalinOnly_gen3
N#CC(=C(N)C(=O)CC=O)C(O)O,False,BasidalinOnly_gen3
N#CC(C=O)C(=O)C(N)=CC(O)O,False,BasidalinOnly_gen3
N#CC(=O)CC(=O)C(N)=CC(O)O,False,BasidalinOnly_gen3
N#CC1(O)C=C(N)C(O)(CC=O)O1,False,BasidalinOnly_gen3
N#CC1(O)C=C(N)C(=O)CC(O)O1,False,BasidalinOnly_gen3
N#CC1(O)OC1=C(N)C(O)CC=O,False,BasidalinOnly_gen3
N#CC1(O)OC1=C(N)C(=O)CCO,False,BasidalinOnly_gen3
N#CC1(O)C=C(N)C(O)C(C=O)O1,False,BasidalinOnly_gen3
N#CC1(O)C=C(N)C(=O)C(CO)O1,False,BasidalinOnly_gen3
N#CC1(O)C=C(N)C(O)CC(=O)O1,False,BasidalinOnly_gen3
N#CC(O)(Cl)C=C(N)C(=O)CC=O,False,BasidalinOnly_gen3
N#CC(O)(O)C=C(N)C(=O)O,False,BasidalinOnly_gen3
CC(=O)C(N)=CC(O)(O)C#N,False,BasidalinOnly_gen3
N#CC(C=O)C(O)C(N)=CC(=O)O,False,BasidalinOnly_gen3
N#CC(=O)CC(O)C(N)=CC(=O)O,False,BasidalinOnly_gen3
N#CC(C(=O)O)=C(N)C(O)CC=O,False,BasidalinOnly_gen3
N#CC(=O)C(N)=CC(=O)O,False,BasidalinOnly_gen3
N#CC(=O)CC=O,False,BasidalinOnly_gen3
N#CC1(C(N)=CC(=O)O)CC(O)O1,False,BasidalinOnly_gen3
N#CC1(O)CC(O)OC(=O)C=C1N,False,BasidalinOnly_gen3
N#CC1(O)C=COC(=O)C=C1N,False,BasidalinOnly_gen3
N#CC1(O)CC=NC1=CC(=O)O,False,BasidalinOnly_gen3
N#CC1(C(N)=CC(=O)O)OC1CO,False,BasidalinOnly_gen3
N#CC1(C(N)=CC(O)O)OC1C=O,False,BasidalinOnly_gen3
N#CC1(O)C(N)=CC(=O)OC1CO,False,BasidalinOnly_gen3
N#CC1(O)C(N)=CC(O)OC1C=O,False,BasidalinOnly_gen3
N#CC1(C(N)=CC(O)O)CC(=O)O1,False,BasidalinOnly_gen3
N#CC1(O)CC(=O)OC(O)C=C1N,False,BasidalinOnly_gen3
N#CC1(CCO)OC(C(=O)O)=C1N,False,BasidalinOnly_gen3
N#CC1(CC=O)OC(C(O)O)=C1N,False,BasidalinOnly_gen3
N#CC1(O)CC=[NH+]C1=CC(=O)O,False,BasidalinOnly_gen3
N#CC(CC=O)C(N)=CC(=O)O,False,BasidalinOnly_gen3
COC(C#N)(CC=O)C(N)=CC(=O)O,False,BasidalinOnly_gen3
N#CC(Cl)(CC=O)C(N)=CC(=O)O,False,BasidalinOnly_gen3
N#CC(O)(CC=O)C(N)=CC(=O)Cl,False,BasidalinOnly_gen3
N#CC(O)(CC=O)C(N)=C=O,False,BasidalinOnly_gen3
CC(O)(C#N)C(N)=CC(=O)O,False,BasidalinOnly_gen3
O=CCC(=O)C1=CC(Cl)=N1,False,BasidalinOnly_gen3
CC(=O)NC(=CC(=O)Cl)C(=O)CC=O,False,BasidalinOnly_gen3
NC(N)(CC(=O)Cl)C(=O)CC=O,False,BasidalinOnly_gen3
NC(C(=O)Cl)C(N)C(=O)CC=O,False,BasidalinOnly_gen3
NC(=CC(N)Cl)C(=O)CC=O,False,BasidalinOnly_gen3
NC(=CC(=O)Cl)C(N)CC=O,False,BasidalinOnly_gen3
NC(=O)NC(=CC(=O)Cl)C(=O)CC=O,False,BasidalinOnly_gen3
NC(C(=O)CC=O)=C(O)C(=O)Cl,False,BasidalinOnly_gen3
NC(=CC(=O)Cl)C(=O)C(O)C=O,False,BasidalinOnly_gen3
NC(=CC(=O)Cl)C(=O)CC(=O)O,False,BasidalinOnly_gen3
NC1(C(=O)CC=O)OC1C(=O)Cl,False,BasidalinOnly_gen3
NC(=COC(=O)Cl)C(=O)CC=O,False,BasidalinOnly_gen3
NC(=CC(=O)Cl)OC(=O)CC=O,False,BasidalinOnly_gen3
NC(=CC(=O)Cl)C(=O)OCC=O,False,BasidalinOnly_gen3
NC(=CC(=O)Cl)C(=O)COC=O,False,BasidalinOnly_gen3
NC(O)(CC(=O)Cl)C(=O)CC=O,False,BasidalinOnly_gen3
NC(C(=O)CC=O)C(O)C(=O)Cl,False,BasidalinOnly_gen3
O=CCC(=O)C(O)=CC(=O)Cl,False,BasidalinOnly_gen3
NC(=CC(O)Cl)C(=O)CC(=O)O,False,BasidalinOnly_gen3
NC(=CC(=O)Cl)C(O)CC(=O)O,False,BasidalinOnly_gen3
NC(C(=O)CC=O)=C(O)C(O)Cl,False,BasidalinOnly_gen3
NC(=C(O)C(=O)Cl)C(O)CC=O,False,BasidalinOnly_gen3
NC(C(=O)CCO)=C(O)C(=O)Cl,False,BasidalinOnly_gen3
NC(=CC(O)Cl)C(=O)C(O)C=O,False,BasidalinOnly_gen3
NC(=CC(=O)Cl)C(O)C(O)C=O,False,BasidalinOnly_gen3
NC(=CC(=O)Cl)C(=O)C(O)CO,False,BasidalinOnly_gen3
NC(=CC(=O)Cl)C(=O)O,False,BasidalinOnly_gen3
CC(=O)C(N)=CC(=O)Cl,False,BasidalinOnly_gen3
NC(C(=O)CC=O)=C(C(=O)Cl)C(=O)Cl,False,BasidalinOnly_gen3
NC(=CC(=O)Cl)C(C(=O)Cl)=C(N)C(=O)CC=O,False,BasidalinOnly_gen3
NC(C=O)=CC(=O)Cl,False,BasidalinOnly_gen3
NC(C(=O)CC=O)=C(CC=O)C(=O)Cl,False,BasidalinOnly_gen3
NC(C(=O)CC=O)=C(C=O)C(=O)Cl,False,BasidalinOnly_gen3
NC(=CC(=O)Cl)C(=O)C(C=O)C(=O)Cl,False,BasidalinOnly_gen3
NC(=CC(=O)Cl)C(=O)C(C=O)C(N)=CC(=O)Cl,False,BasidalinOnly_gen3
NC(=CC(=O)Cl)C(=O)C(C=O)CC=O,False,BasidalinOnly_gen3
NC(=CC(=O)Cl)C(=O)C(C=O)C=O,False,BasidalinOnly_gen3
NC(=CC(=O)Cl)C(=O)CC(=O)C(=O)Cl,False,BasidalinOnly_gen3
NC(=CC(=O)Cl)C(=O)CC(=O)C(N)=CC(=O)Cl,False,BasidalinOnly_gen3
NC(=CC(=O)Cl)C(=O)CC(=O)CC=O,False,BasidalinOnly_gen3
NC(=CC(=O)Cl)C(=O)CC(=O)C=O,False,BasidalinOnly_gen3
NC1=CC(=O)N=C1CC=O,False,BasidalinOnly_gen3
NC1=CC(=O)N=CCC1=O,False,BasidalinOnly_gen3
NC1=NC(C(=O)CC=O)=C1,False,BasidalinOnly_gen3
NC1=CC(=O)[NH+]=C1CC=O,False,BasidalinOnly_gen3
NC1=CC(=O)[NH+]=CCC1=O,False,BasidalinOnly_gen3
O=CCC(=O)C1=CC(=O)N1,False,BasidalinOnly_gen3
CNC(=O)C=C(N)C(=O)CC=O,False,BasidalinOnly_gen3
CC(=O)NC(=CC(N)=O)C(=O)CC=O,False,BasidalinOnly_gen3
CC(=O)NC(=O)C=C(N)C(=O)CC=O,False,BasidalinOnly_gen3
NC(=O)C(O)=C(N)C(=O)CC=O,False,BasidalinOnly_gen3
NC(=O)C=C(N)C(=O)C(O)C=O,False,BasidalinOnly_gen3
NC(=O)C=C(N)C(=O)CC(=O)O,False,BasidalinOnly_gen3
NC(=O)C1OC1(N)C(=O)CC=O,False,BasidalinOnly_gen3
NC(=O)OC=C(N)C(=O)CC=O,False,BasidalinOnly_gen3
NC(=O)C=C(N)OC(=O)CC=O,False,BasidalinOnly_gen3
NC(=O)C=C(N)C(=O)OCC=O,False,BasidalinOnly_gen3
NC(=O)C=C(N)C(=O)COC=O,False,BasidalinOnly_gen3
NC(=O)CC(N)(O)C(=O)CC=O,False,BasidalinOnly_gen3
NC(=O)C(O)C(N)C(=O)CC=O,False,BasidalinOnly_gen3
NC(=O)C=C(O)C(=O)CC=O,False,BasidalinOnly_gen3
NC(=CC(N)O)C(=O)CC(=O)O,False,BasidalinOnly_gen3
NC(=O)C=C(N)C(O)CC(=O)O,False,BasidalinOnly_gen3
NC(C(=O)CC=O)=C(O)C(N)O,False,BasidalinOnly_gen3
NC(=O)C(O)=C(N)C(O)CC=O,False,BasidalinOnly_gen3
NC(=O)C(O)=C(N)C(=O)CCO,False,BasidalinOnly_gen3
NC(=CC(N)O)C(=O)C(O)C=O,False,BasidalinOnly_gen3
NC(=O)C=C(N)C(O)C(O)C=O,False,BasidalinOnly_gen3
NC(=O)C=C(N)C(=O)C(O)CO,False,BasidalinOnly_gen3
NC(=O)C=C(N)C(=O)O,False,BasidalinOnly_gen3
CC(=O)C(N)=CC(N)=O,False,BasidalinOnly_gen3
NC(=O)C=C(N)C=O,False,BasidalinOnly_gen3
NC(=O)C(CC=O)=C(N)C(=O)CC=O,False,BasidalinOnly_gen3
NC(=O)C(C=O)=C(N)C(=O)CC=O,False,BasidalinOnly_gen3
NC(=O)C=C(N)C(=O)C(C=O)CC=O,False,BasidalinOnly_gen3
NC(=O)C=C(N)C(=O)C(C=O)C=O,False,BasidalinOnly_gen3
NC(=O)C=C(N)C(=O)CC(=O)CC=O,False,BasidalinOnly_gen3
NC(=O)C=C(N)C(=O)CC(=O)C=O,False,BasidalinOnly_gen3
CC(=O)NC(=CC#N)C(=O)CC=O,False,BasidalinOnly_gen3
N#CC=C(N)C(=O)C(C=O)C(=O)O,False,BasidalinOnly_gen3
N#CC=C(N)C(=O)CC(=O)C(=O)O,False,BasidalinOnly_gen3
N#CC(C(=O)O)=C(N)C(=O)CC=O,False,BasidalinOnly_gen3
N#CC(O)=C(N)C(=O)CC=O,False,BasidalinOnly_gen3
N#CC=C(N)C(=O)C(O)C=O,False,BasidalinOnly_gen3
N#CC=C(N)C(=O)CC(=O)O,False,BasidalinOnly_gen3
N#CC1OC1(N)C(=O)CC=O,False,BasidalinOnly_gen3
N#CC=C(N)OC(=O)CC=O,False,BasidalinOnly_gen3
N#CC=C(N)C(=O)OCC=O,False,BasidalinOnly_gen3
N#CC=C(N)C(=O)COC=O,False,BasidalinOnly_gen3
N#CCC(N)(O)C(=O)CC=O,False,BasidalinOnly_gen3
N#CC(O)C(N)C(=O)CC=O,False,BasidalinOnly_gen3
N#CC=C(O)C(=O)CC=O,False,BasidalinOnly_gen3
N#CC=C(N)C(O)CC(=O)O,False,BasidalinOnly_gen3
N#CC(O)=C(N)C(O)CC=O,False,BasidalinOnly_gen3
N#CC(O)=C(N)C(=O)CCO,False,BasidalinOnly_gen3
N#CC=C(N)C(O)C(O)C=O,False,BasidalinOnly_gen3
N#CC=C(N)C(=O)C(O)CO,False,BasidalinOnly_gen3
N#CC=C(N)C(=O)O,False,BasidalinOnly_gen3
CC(=O)C(N)=CC#N,False,BasidalinOnly_gen3
NC(=CC=NO)C(=O)CC=O,False,BasidalinOnly_gen3
N#CC=CN,False,BasidalinOnly_gen3
N#CC(C(=O)CC=O)=C(N)C(=O)CC=O,False,BasidalinOnly_gen3
N#CC=C(N)C=O,False,BasidalinOnly_gen3
N#CC(CC=O)=C(N)C(=O)CC=O,False,BasidalinOnly_gen3
N#CC(C=O)=C(N)C(=O)CC=O,False,BasidalinOnly_gen3
N#CC=C(N)C(=O)C(C=O)C(=O)CC=O,False,BasidalinOnly_gen3
N#CC=C(N)C(=O)C(C=O)CC=O,False,BasidalinOnly_gen3
N#CC=C(N)C(=O)C(C=O)C=O,False,BasidalinOnly_gen3
N#CC=C(N)C(=O)CC(=O)C(=O)CC=O,False,BasidalinOnly_gen3
N#CC=C(N)C(=O)CC(=O)CC=O,False,BasidalinOnly_gen3
N#CC=C(N)C(=O)CC(=O)C=O,False,BasidalinOnly_gen3
CC(N)(N)C(=O)CC=O,False,BasidalinOnly_gen3
NC(N)C(=O)C(C=O)CC(=O)O,False,BasidalinOnly_gen3
NC(N)C(=O)CC(=O)CC(=O)O,False,BasidalinOnly_gen3
CC(N)(N)C(=O)C(C=O)C(=O)O,False,BasidalinOnly_gen3
CC(N)(N)C(=O)CC(=O)C(=O)O,False,BasidalinOnly_gen3
NC1(N)CC(=O)OC1(O)CC=O,False,BasidalinOnly_gen3
NC1(N)CC(=O)OC(O)CC1=O,False,BasidalinOnly_gen3
NC1(N)CC(=O)OC1=CC=O,False,BasidalinOnly_gen3
NC1(N)CC(=O)OC=CC1=O,False,BasidalinOnly_gen3
NC1(C(=O)CC=O)CC(O)=N1,False,BasidalinOnly_gen3
NC(N)(C(=O)CC=O)C1OC1O,False,BasidalinOnly_gen3
NC(N)(C(O)CC=O)C1OC1=O,False,BasidalinOnly_gen3
NC(N)(C(=O)CCO)C1OC1=O,False,BasidalinOnly_gen3
NC1(N)CC(O)OC(C=O)C1=O,False,BasidalinOnly_gen3
NC1(N)CC(=O)OC(C=O)C1O,False,BasidalinOnly_gen3
NC1(N)CC(=O)OC(CO)C1=O,False,BasidalinOnly_gen3
NC1(N)CC(O)OC(=O)CC1=O,False,BasidalinOnly_gen3
NC1(N)CC(=O)OC(=O)CC1O,False,BasidalinOnly_gen3
NC1(N)CC(=O)C(C=O)C1=O,False,BasidalinOnly_gen3
NC1(N)CC(=O)C(=O)CC1=O,False,BasidalinOnly_gen3
NC1(C(=O)CC=O)CC(O)=[NH+]1,False,BasidalinOnly_gen3
NC(N)(CC(O)O)C(=O)CC=O,False,BasidalinOnly_gen3
NC(N)(CCO)C(=O)CC=O,False,BasidalinOnly_gen3
NC(N)(C=O)C(=O)CC=O,False,BasidalinOnly_gen3
NC(N)CC(=O)O,False,BasidalinOnly_gen3
NC(N)(CC(=O)O)C(=O)O,False,BasidalinOnly_gen3
CC(=O)C(N)(N)CC(=O)O,False,BasidalinOnly_gen3
NC(=C=O)C(N)C(=O)CC=O,False,BasidalinOnly_gen3
NCC(N)(C(=O)O)C(=O)CC=O,False,BasidalinOnly_gen3
NCC(=O)C(C=O)C(N)C(=O)O,False,BasidalinOnly_gen3
NCC(=O)CC(=O)C(N)C(=O)O,False,BasidalinOnly_gen3
NC(C(=O)O)C(N)C(C=O)C=O,False,BasidalinOnly_gen3
NC(C(=O)O)C(N)(C=O)CC=O,False,BasidalinOnly_gen3
CC(=O)C(N)(C=O)C(N)C(=O)O,False,BasidalinOnly_gen3
NC1C(=O)OC(O)(CC=O)C1N,False,BasidalinOnly_gen3
NC1C(=O)CC(O)OC(=O)C1N,False,BasidalinOnly_gen3
NC1=C(CC=O)OC(=O)C1N,False,BasidalinOnly_gen3
NC1C(=O)OC(=CC=O)C1N,False,BasidalinOnly_gen3
NC1C(=O)C=COC(=O)C1N,False,BasidalinOnly_gen3
NC1C(CC=O)=NC1C(=O)O,False,BasidalinOnly_gen3
NC1C(=O)CC=NC1C(=O)O,False,BasidalinOnly_gen3
NC(C(=O)CC=O)C1N=C1O,False,BasidalinOnly_gen3
NC(C(=O)O)C1N=C1CC=O,False,BasidalinOnly_gen3
NC(C(=O)O)C1N=CCC1=O,False,BasidalinOnly_gen3
NC1C(O)=NC1C(=O)CC=O,False,BasidalinOnly_gen3
NC1C(=O)OC1(N)C(O)CC=O,False,BasidalinOnly_gen3
NC1C(=O)OC1(N)C(=O)CCO,False,BasidalinOnly_gen3
NC1C(O)OC1(N)C(=O)CC=O,False,BasidalinOnly_gen3
NC(C(O)CC=O)C1(N)OC1=O,False,BasidalinOnly_gen3
NC1C(=O)OC(C=O)C(O)C1N,False,BasidalinOnly_gen3
NC1C(=O)OC(CO)C(=O)C1N,False,BasidalinOnly_gen3
NC1C(=O)C(C=O)OC(O)C1N,False,BasidalinOnly_gen3
NC1C(=O)OC(=O)CC(O)C1N,False,BasidalinOnly_gen3
NC1C(=O)CC(=O)OC(O)C1N,False,BasidalinOnly_gen3
NC(N)(CC(=O)CC=O)C(=O)O,False,BasidalinOnly_gen3
NC1C(=O)C1(N)C(=O)CC=O,False,BasidalinOnly_gen3
NC1C(=O)C(C=O)C(=O)C1N,False,BasidalinOnly_gen3
NC1C(=O)CC(=O)C(=O)C1N,False,BasidalinOnly_gen3
NC1C(CC=O)=[NH+]C1C(=O)O,False,BasidalinOnly_gen3
NC1C(=O)CC=[NH+]C1C(=O)O,False,BasidalinOnly_gen3
NC(C(=O)CC=O)C1[NH+]=C1O,False,BasidalinOnly_gen3
NC(C(=O)O)C1[NH+]=C1CC=O,False,BasidalinOnly_gen3
NC(C(=O)O)C1[NH+]=CCC1=O,False,BasidalinOnly_gen3
NC1C(O)=[NH+]C1C(=O)CC=O,False,BasidalinOnly_gen3
NC(C(=O)C=O)C(=O)CC=O,False,BasidalinOnly_gen3
O=CCC(=O)C1NC1C(=O)O,False,BasidalinOnly_gen3
NC(CC=O)C(=O)C(N)C(=O)O,False,BasidalinOnly_gen3
NC(C(=O)O)=C(N)C(=O)CC=O,False,BasidalinOnly_gen3
NC(C(=O)O)C(N)C(O)CC=O,False,BasidalinOnly_gen3
CNC(C(=O)O)C(N)C(=O)CC=O,False,BasidalinOnly_gen3
CC(N)(C(=O)CC=O)C(N)C(=O)O,False,BasidalinOnly_gen3
NC(=O)C(N)C(=O)CC=O,False,BasidalinOnly_gen3
N=C(C(=O)O)C(N)C(=O)CC=O,False,BasidalinOnly_gen3
NCC(N)C(=O)O,False,BasidalinOnly_gen3
NC(C(=O)O)C(N)C(=O)O,False,BasidalinOnly_gen3
CC(=O)C(N)C(N)C(=O)O,False,BasidalinOnly_gen3
NC=CC(N)(O)C(=O)CC=O,False,BasidalinOnly_gen3
NC(C=O)=CC(N)(O)CC=O,False,BasidalinOnly_gen3
CC(=O)C(N)=CC(N)(O)C=O,False,BasidalinOnly_gen3
NC(O)=CC(N)C(=O)CC=O,False,BasidalinOnly_gen3
NC1=CC(N)OC1(O)CC=O,False,BasidalinOnly_gen3
NC1=CC(N)OC(O)CC1=O,False,BasidalinOnly_gen3
NC1=CC(O)N=C1CC=O,False,BasidalinOnly_gen3
NC1=CC(O)N=CCC1=O,False,BasidalinOnly_gen3
NC(=C1OC1N)C(O)CC=O,False,BasidalinOnly_gen3
NC(C(=O)CCO)=C1OC1N,False,BasidalinOnly_gen3
NC1=CC(N)OC(C=O)C1O,False,BasidalinOnly_gen3
NC1=CC(N)OC(CO)C1=O,False,BasidalinOnly_gen3
NC1=CC(N)OC(=O)CC1O,False,BasidalinOnly_gen3
NC1=CC(O)[NH+]=C1CC=O,False,BasidalinOnly_gen3
NC1=CC(O)[NH+]=CCC1=O,False,BasidalinOnly_gen3
O=CCC(=O)C1=CC(O)N1,False,BasidalinOnly_gen3
CNC(O)C=C(N)C(=O)CC=O,False,BasidalinOnly_gen3
CC(N)(O)C=C(N)C(=O)CC=O,False,BasidalinOnly_gen3
CC(=O)NC(=CC(N)O)C(=O)CC=O,False,BasidalinOnly_gen3
CC(=O)NC(O)C=C(N)C(=O)CC=O,False,BasidalinOnly_gen3
CC(=O)OC(N)C=C(N)C(=O)CC=O,False,BasidalinOnly_gen3
NC(=CC(N)(O)O)C(=O)CC=O,False,BasidalinOnly_gen3
NC(O)C1OC1(N)C(=O)CC=O,False,BasidalinOnly_gen3
NC(=CC(N)O)OC(=O)CC=O,False,BasidalinOnly_gen3
NC(=CC(N)O)C(=O)OCC=O,False,BasidalinOnly_gen3
NC(=CC(N)O)C(=O)COC=O,False,BasidalinOnly_gen3
NC(O)CC(N)(O)C(=O)CC=O,False,BasidalinOnly_gen3
NC(O)C(O)C(N)C(=O)CC=O,False,BasidalinOnly_gen3
NC(O)C=C(O)C(=O)CC=O,False,BasidalinOnly_gen3
NC(=CC(N)O)C(O)CC(=O)O,False,BasidalinOnly_gen3
NC(=CC(N)(O)O)C(O)CC=O,False,BasidalinOnly_gen3
NC(=CC(N)(O)O)C(=O)CCO,False,BasidalinOnly_gen3
NC(=C(O)C(N)O)C(O)CC=O,False,BasidalinOnly_gen3
NC(C(=O)CCO)=C(O)C(N)O,False,BasidalinOnly_gen3
NC(=CC(N)O)C(O)C(O)C=O,False,BasidalinOnly_gen3
NC(=CC(N)O)C(=O)C(O)CO,False,BasidalinOnly_gen3
NC(=CC(N)O)C(=O)O,False,BasidalinOnly_gen3
CC(=O)C(N)=CC(N)O,False,BasidalinOnly_gen3
NC(C=O)=CC(N)O,False,BasidalinOnly_gen3
NC(=CC(N)(O)CC=O)C(=O)CC=O,False,BasidalinOnly_gen3
NC(=CC(N)(O)C=O)C(=O)CC=O,False,BasidalinOnly_gen3
NC(C(=O)CC=O)=C(CC=O)C(N)O,False,BasidalinOnly_gen3
NC(C(=O)CC=O)=C(C=O)C(N)O,False,BasidalinOnly_gen3
NC(=CC(N)O)C(=O)C(C=O)CC=O,False,BasidalinOnly_gen3
NC(=CC(N)O)C(=O)C(C=O)C=O,False,BasidalinOnly_gen3
NC(=CC(N)O)C(=O)CC(=O)CC=O,False,BasidalinOnly_gen3
NC(=CC(N)O)C(=O)CC(=O)C=O,False,BasidalinOnly_gen3
C=C(N)C(N)(CC=O)C(=O)O,False,BasidalinOnly_gen3
CC(N)(C=O)C(N)=CC(=O)O,False,BasidalinOnly_gen3
NC(CC=O)=C(N)CC(=O)O,False,BasidalinOnly_gen3
NC1=CC(=O)OC(O)CC1N,False,BasidalinOnly_gen3
NC1=CC(=O)OC=CC1N,False,BasidalinOnly_gen3
NC(=CC(=O)O)C1CC=N1,False,BasidalinOnly_gen3
NC1=CC(O)=NC1CC=O,False,BasidalinOnly_gen3
NC1CC=NC1=CC(=O)O,False,BasidalinOnly_gen3
NC1=CC(=O)OC(CO)C1N,False,BasidalinOnly_gen3
NC1=CC(O)OC(C=O)C1N,False,BasidalinOnly_gen3
NC1=CC(O)OC(=O)CC1N,False,BasidalinOnly_gen3
NC(=CC(=O)O)C1CC=[NH+]1,False,BasidalinOnly_gen3
NC1CC=[NH+]C1=CC(=O)O,False,BasidalinOnly_gen3
O=CCC1NC1=CC(=O)O,False,BasidalinOnly_gen3
NC(=CC=O)C(N)=CC(=O)O,False,BasidalinOnly_gen3
CNC(CC=O)C(N)=CC(=O)O,False,BasidalinOnly_gen3
CC(N)(CC=O)C(N)=CC(=O)O,False,BasidalinOnly_gen3
CC(=O)NC(CC=O)C(N)=CC(=O)O,False,BasidalinOnly_gen3
CC(=O)NC(=CC(=O)O)C(N)CC=O,False,BasidalinOnly_gen3
CC(=O)OC(=O)C=C(N)C(N)CC=O,False,BasidalinOnly_gen3
NC(=C=O)C(N)CC=O,False,BasidalinOnly_gen3
NC(=CC(=O)O)C(N)(O)CC=O,False,BasidalinOnly_gen3
NC(=CC(=O)O)C(N)C(O)C=O,False,BasidalinOnly_gen3
NC(=CC(=O)O)C(N)CC(=O)O,False,BasidalinOnly_gen3
NC(=C(O)C(=O)O)C(N)CC=O,False,BasidalinOnly_gen3
NC(CC=O)C1(N)OC1C(=O)O,False,BasidalinOnly_gen3
NC(=CC(=O)O)C(N)COC=O,False,BasidalinOnly_gen3
NC(=COC(=O)O)C(N)CC=O,False,BasidalinOnly_gen3
NC(CC=O)C(N)C(O)C(=O)O,False,BasidalinOnly_gen3
NC(CC=O)C(N)(O)CC(=O)O,False,BasidalinOnly_gen3
NC(CC=O)C(O)=CC(=O)O,False,BasidalinOnly_gen3
NC(=CC(O)O)C(N)CC(=O)O,False,BasidalinOnly_gen3
NC(=CC(=O)O)C(N)(O)CCO,False,BasidalinOnly_gen3
NC(=CC(O)O)C(N)(O)CC=O,False,BasidalinOnly_gen3
NC(=CC(=O)O)C(N)C(O)CO,False,BasidalinOnly_gen3
NC(=CC(O)O)C(N)C(O)C=O,False,BasidalinOnly_gen3
NC(=C(O)C(=O)O)C(N)CCO,False,BasidalinOnly_gen3
NC(=C(O)C(O)O)C(N)CC=O,False,BasidalinOnly_gen3
CC(N)C(N)=CC(=O)O,False,BasidalinOnly_gen3
NCC(N)=CC(=O)O,False,BasidalinOnly_gen3
NC(=CC(=O)O)C(N)(CC=O)CC=O,False,BasidalinOnly_gen3
NC(=CC(=O)O)C(N)(C=O)CC=O,False,BasidalinOnly_gen3
NC(=CC(=O)O)C(N)C(C=O)CC=O,False,BasidalinOnly_gen3
NC(=CC(=O)O)C(N)C(C=O)C=O,False,BasidalinOnly_gen3
NC(=CC(=O)O)C(N)CC(=O)CC=O,False,BasidalinOnly_gen3
NC(=CC(=O)O)C(N)CC(=O)C=O,False,BasidalinOnly_gen3
NC(=C(CC=O)C(=O)O)C(N)CC=O,False,BasidalinOnly_gen3
NC(=C(C=O)C(=O)O)C(N)CC=O,False,BasidalinOnly_gen3
O=CCC(=O)C1=C=N1,False,BasidalinOnly_gen3
CC(=O)NC(=C=O)C(=O)CC=O,False,BasidalinOnly_gen3
NC(=O)NC(=C=O)C(=O)CC=O,False,BasidalinOnly_gen3
NC(=C=O)C(=O)C(O)C=O,False,BasidalinOnly_gen3
NC(=C=O)C(=O)CC(=O)O,False,BasidalinOnly_gen3
NC1(C(=O)CC=O)OC1=O,False,BasidalinOnly_gen3
NC(=C=O)OC(=O)CC=O,False,BasidalinOnly_gen3
NC(=C=O)C(=O)OCC=O,False,BasidalinOnly_gen3
NC(=C=O)C(=O)COC=O,False,BasidalinOnly_gen3
NC(C(=O)O)C(=O)CC=O,False,BasidalinOnly_gen3
O=C=C(O)C(=O)CC=O,False,BasidalinOnly_gen3
NC(=CO)C(=O)CC(=O)O,False,BasidalinOnly_gen3
NC(=C=O)C(O)CC(=O)O,False,BasidalinOnly_gen3
NC(=CO)C(=O)C(O)C=O,False,BasidalinOnly_gen3
NC(=C=O)C(O)C(O)C=O,False,BasidalinOnly_gen3
NC(=C=O)C(=O)C(O)CO,False,BasidalinOnly_gen3
NC(=C=O)C(=O)O,False,BasidalinOnly_gen3
CC(=O)C(N)=C=O,False,BasidalinOnly_gen3
NC(=C=O)C(=O)C(C=O)C(N)=C=O,False,BasidalinOnly_gen3
NC(=C=O)C=O,False,BasidalinOnly_gen3
NC(=C=O)C(=O)C(C=O)CC=O,False,BasidalinOnly_gen3
NC(=C=O)C(=O)C(C=O)C=O,False,BasidalinOnly_gen3
NC(=C=O)C(=O)CC(=O)C(N)=C=O,False,BasidalinOnly_gen3
NC(=C=O)C(=O)CC(=O)CC=O,False,BasidalinOnly_gen3
NC(=C=O)C(=O)CC(=O)C=O,False,BasidalinOnly_gen3
NC1=C=C(O)OC1=O,False,BasidalinOnly_gen3
O=C(O)C=C1N=C1O,False,BasidalinOnly_gen3
NC1=C(C(=O)O)OC1O,False,BasidalinOnly_gen3
NC1=C(C(O)O)OC1=O,False,BasidalinOnly_gen3
NC(=C1OC1=O)C(O)O,False,BasidalinOnly_gen3
N=C(CC(=O)O)C(=O)O,False,BasidalinOnly_gen3
NC(=CC(=O)O)C(O)O,False,BasidalinOnly_gen3
NC(=CC(=O)O)CO,False,BasidalinOnly_gen3
COC(=O)C(N)=CC(=O)O,False,BasidalinOnly_gen3
N#CC(O)(O)C(N)=CC(=O)O,False,BasidalinOnly_gen3
NC(=CC(=O)O)C(=O)Cl,False,BasidalinOnly_gen3
NC(=O)C(N)=CC(=O)O,False,BasidalinOnly_gen3
N#CC(N)=CC(=O)O,False,BasidalinOnly_gen3
NC(=CC(=O)O)C(N)O,False,BasidalinOnly_gen3
NC1=CC(=O)OCC1O,False,BasidalinOnly_gen3
NC1=CC(O)OCC1=O,False,BasidalinOnly_gen3
CC=C(N)C(=O)C(=O)O,False,BasidalinOnly_gen3
CC(=O)NC(=CC(=O)O)C(C)=O,False,BasidalinOnly_gen3
CC(=O)OC(=O)C=C(N)C(C)=O,False,BasidalinOnly_gen3
CC(=O)C(=CC(=O)O)NC(N)=O,False,BasidalinOnly_gen3
CC(=O)C(N)=C(O)C(=O)O,False,BasidalinOnly_gen3
CC(=O)C1(N)OC1C(=O)O,False,BasidalinOnly_gen3
CC(=O)OC(N)=CC(=O)O,False,BasidalinOnly_gen3
CC(=O)C(N)=COC(=O)O,False,BasidalinOnly_gen3
CC(=O)C(N)C(O)C(=O)O,False,BasidalinOnly_gen3
CC(=O)C(N)(O)CC(=O)O,False,BasidalinOnly_gen3
CC(=O)C(O)=CC(=O)O,False,BasidalinOnly_gen3
NC(=CC(=O)O)C(O)CO,False,BasidalinOnly_gen3
NC(=CC(O)O)C(=O)CO,False,BasidalinOnly_gen3
CC(O)C(N)=C(O)C(=O)O,False,BasidalinOnly_gen3
CC(=O)C(N)=C(O)C(O)O,False,BasidalinOnly_gen3
CC(=O)C(N)=CCC(=O)C(N)=CC(=O)O,False,BasidalinOnly_gen3
CC(=O)C(N)=CC(C(=O)O)=C(N)C(C)=O,False,BasidalinOnly_gen3
C=C1OC(=O)C(C)=C1NC=O,False,BasidalinOnly_gen3
CC=C1OC(=O)C=C1NC=O,False,BasidalinOnly_gen3
C=C1OC(=O)C=C1NC(C)O,False,BasidalinOnly_gen3
C=C1OC(=O)C=C1N(C)C(C)=O,False,BasidalinOnly_gen3
C=C1OC(=O)C=C1NC(=O)CC,False,BasidalinOnly_gen3
C=C1OC(=O)C=C1N(C(C)=O)C(C)=O,False,BasidalinOnly_gen3
C=C1OC(=O)C=C1NC(C)(O)C#N,False,BasidalinOnly_gen3
C=C1OC(=O)C=C1N(C(C)=O)C(N)=O,False,BasidalinOnly_gen3
C=C1OC(=O)C=C1NC(=O)CO,False,BasidalinOnly_gen3
C=C1OC(=O)C=C1NC(=O)OC,False,BasidalinOnly_gen3
C=C1OC(=O)C=C1NC(O)CO,False,BasidalinOnly_gen3
C=C1OC(O)C=C1NC(=O)CO,False,BasidalinOnly_gen3
C=C1OC(=O)C=C1NC=O,False,BasidalinOnly_gen3
C=C1OC(=O)C(C)=C1NC(C)=O,False,BasidalinOnly_gen3
CC=C1OC(=O)C=C1NC(C)=O,False,BasidalinOnly_gen3
C=C1OC(=O)C2=C1N=C2C=O,False,BasidalinOnly_gen3
C=C1OC(=O)C2=C1N=CC2=O,False,BasidalinOnly_gen3
C=C1OC(=O)C(C(O)C=O)=C1N,False,BasidalinOnly_gen3
C=C1OC(=O)C(C(=O)C(C)=O)=C1N,False,BasidalinOnly_gen3
C=C1OC(=O)C(C(O)(C#N)C=O)=C1N,False,BasidalinOnly_gen3
C=C1OC(=O)C(C(=O)C(O)C#N)=C1N,False,BasidalinOnly_gen3
C=C1OC(=O)C(C(N)C=O)=C1N,False,BasidalinOnly_gen3
C=C1OC(=O)C(C(=O)CN)=C1N,False,BasidalinOnly_gen3
O=C=C=C1OC(=O)C2=C1N=C2,False,BasidalinOnly_gen3
O=C1O/C(=C/CO)C2=C1C=N2,False,BasidalinOnly_gen3
CC(=O)/C=C1/OC(=O)C2=C1N=C2,False,BasidalinOnly_gen3
N#CC(O)/C=C1/OC(=O)C2=C1N=C2,False,BasidalinOnly_gen3
NC/C=C1/OC(=O)C2=C1N=C2,False,BasidalinOnly_gen3
O=C/C(O)=C1/OC(=O)C2=C1N=C2,False,BasidalinOnly_gen3
O=C(O)/C=C1/OC(=O)C2=C1N=C2,False,BasidalinOnly_gen3
O=CC1OC12OC(=O)C1=C2N=C1,False,BasidalinOnly_gen3
O=COC=C1OC(=O)C2=C1N=C2,False,BasidalinOnly_gen3
O=CCC1(O)OC(=O)C2=C1N=C2,False,BasidalinOnly_gen3
O=C(O)/C=C1/OC(O)C2=C1N=C2,False,BasidalinOnly_gen3
O=C/C(O)=C1/OC(O)C2=C1N=C2,False,BasidalinOnly_gen3
O=C1O/C(=C(\O)CO)C2=C1C=N2,False,BasidalinOnly_gen3
O=CCC(=O)C1=C(C(=O)O)C=N1,False,BasidalinOnly_gen3
O=C/C=C1/OC(=O)C2=C1N=C2C=O,False,BasidalinOnly_gen3
O=CC(C=O)=C1OC(=O)C2=C1N=C2,False,BasidalinOnly_gen3
O=CC(=O)/C=C1/OC(=O)C2=C1N=C2,False,BasidalinOnly_gen3
O=C1OC2=CC=NC2=C1CO,False,BasidalinOnly_gen3
N#CC(O)C1=C2N=CC=C2OC1=O,False,BasidalinOnly_gen3
O=C(O)C1=C2N=CC=C2OC1O,False,BasidalinOnly_gen3
O=CC(C(=O)O)=C1N=CCC1=O,False,BasidalinOnly_gen3
O=CC1=C2N=C=C=C2OC1=O,False,BasidalinOnly_gen3
NC1=C(CO)C(=O)OC1=C=C=O,False,BasidalinOnly_gen3
N#CC(O)C1=C(N)C(=C=C=O)OC1=O,False,BasidalinOnly_gen3
NC1=C(CO)C(=O)O/C1=C1/CO1,False,BasidalinOnly_gen3
COC/C=C1/OC(=O)C(C=O)=C1N,False,BasidalinOnly_gen3
CC(O)/C=C1/OC(=O)C(C=O)=C1N,False,BasidalinOnly_gen3
N#CC(O)C1=C(N)/C(=C\CO)OC1=O,False,BasidalinOnly_gen3
NC1=C(C=O)C(=O)O/C1=C/CCl,False,BasidalinOnly_gen3
NC1=C2COC(CO)=C1OC2=O,False,BasidalinOnly_gen3
COCC1=C(N)/C(=C\C=O)OC1=O,False,BasidalinOnly_gen3
CC(=O)/C=C1/OC(=O)C(CO)=C1N,False,BasidalinOnly_gen3
N#CC(O)/C=C1/OC(=O)C(CO)=C1N,False,BasidalinOnly_gen3
NC/C=C1/OC(=O)C(CO)=C1N,False,BasidalinOnly_gen3
CC1=NC2=C(C=O)C(=O)OC2=C1,False,BasidalinOnly_gen3
CC(=O)/C=C1/OC(=O)C(C(O)C#N)=C1N,False,BasidalinOnly_gen3
CC(O)(C#N)/C=C1/OC(=O)C(C=O)=C1N,False,BasidalinOnly_gen3
CC(N)/C=C1/OC(=O)C(C=O)=C1N,False,BasidalinOnly_gen3
N#CC(O)/C(C=O)=C1\OC(=O)C=C1N,False,BasidalinOnly_gen3
N#C/C(C=O)=C1\OC(=O)C(CO)=C1N,False,BasidalinOnly_gen3
N#CC(=O)/C=C1/OC(=O)C(CO)=C1N,False,BasidalinOnly_gen3
N#CC1OC(CO)=C2OC(=O)C1=C2N,False,BasidalinOnly_gen3
N#CC(=O)C1=C(N)/C(=C\C=O)OC1=O,False,BasidalinOnly_gen3
COC(C#N)C1=C(N)/C(=C\C=O)OC1=O,False,BasidalinOnly_gen3
CC(O)(C#N)C1=C(N)/C(=C\C=O)OC1=O,False,BasidalinOnly_gen3
N#CC(Cl)C1=C(N)/C(=C\C=O)OC1=O,False,BasidalinOnly_gen3
N#CCC1=C(N)/C(=C\C=O)OC1=O,False,BasidalinOnly_gen3
N#C/C(CO)=C1\OC(=O)C(C=O)=C1N,False,BasidalinOnly_gen3
N#CC(=O)C1=C(N)/C(=C\CO)OC1=O,False,BasidalinOnly_gen3
N#CC1O/C1=C1\OC(=O)C(CO)=C1N,False,BasidalinOnly_gen3
N#CC(=O)/C=C1/OC(=O)C(C=O)=C1N,False,BasidalinOnly_gen3
COC(C#N)/C=C1/OC(=O)C(C=O)=C1N,False,BasidalinOnly_gen3
N#CC(Cl)/C=C1/OC(=O)C(C=O)=C1N,False,BasidalinOnly_gen3
N#CC/C=C1/OC(=O)C(C=O)=C1N,False,BasidalinOnly_gen3
Nc1c(C=O)c2oc1=CCN=2,False,BasidalinOnly_gen3
NC1=C2C=NCC=C1OC2=O,False,BasidalinOnly_gen3
O=CC1=C2NCC=C2OC1=O,False,BasidalinOnly_gen3
CNC/C=C1/OC(=O)C(C=O)=C1N,False,BasidalinOnly_gen3
CC(=O)NC/C=C1/OC(=O)C(C=O)=C1N,False,BasidalinOnly_gen3
CC(=O)NC1=C(C=O)C(=O)O/C1=C/CN,False,BasidalinOnly_gen3
NC1=C(C=O)C(=O)O/C1=C/C(N)O,False,BasidalinOnly_gen3
NC/C(O)=C1/OC(=O)C(C=O)=C1N,False,BasidalinOnly_gen3
NCC1OC12OC(=O)C(C=O)=C2N,False,BasidalinOnly_gen3
NCCC1(O)OC(=O)C(C=O)=C1N,False,BasidalinOnly_gen3
NC/C=C1/OC(O)C(C(=O)O)=C1N,False,BasidalinOnly_gen3
NC1=C(C=O)C(O)O/C1=C/C(N)O,False,BasidalinOnly_gen3
NC1=C(CO)C(=O)O/C1=C/C(N)O,False,BasidalinOnly_gen3
NC/C(O)=C1/OC(O)C(C=O)=C1N,False,BasidalinOnly_gen3
NC/C(O)=C1/OC(=O)C(CO)=C1N,False,BasidalinOnly_gen3
NCCC(=O)C(N)=C(C=O)C(=O)O,False,BasidalinOnly_gen3
NC1=CC(=O)OC1=CC(=O)CO,False,BasidalinOnly_gen3
CC(=O)C(=O)C=C1OC(=O)C=C1N,False,BasidalinOnly_gen3
N#CC(O)(C=O)C=C1OC(=O)C=C1N,False,BasidalinOnly_gen3
N#CC(O)C(=O)C=C1OC(=O)C=C1N,False,BasidalinOnly_gen3
NC1=CC(=O)OC1=CC(N)C=O,False,BasidalinOnly_gen3
NCC(=O)C=C1OC(=O)C=C1N,False,BasidalinOnly_gen3
O=CC=C1OC(=O)C2=C1N=C2,False,BasidalinOnly_gen3
NC1=C(CO)C(=O)OC1=CC=O,False,BasidalinOnly_gen3
CC(C=O)=C1OC(=O)C(C=O)=C1N,False,BasidalinOnly_gen3
CC(=O)C=C1OC(=O)C(C=O)=C1N,False,BasidalinOnly_gen3
N#CC(O)C1=C(N)C(=CC=O)OC1=O,False,BasidalinOnly_gen3
N#CC(O)C=C1OC(=O)C(C=O)=C1N,False,BasidalinOnly_gen3
NCC=C1OC(=O)C(C=O)=C1N,False,BasidalinOnly_gen3
N#CC(O)C1=C2OC(=O)C=C2N=C1,False,BasidalinOnly_gen3
O=C(O)C1=C2OC(O)C=C2N=C1,False,BasidalinOnly_gen3
O=CC1C=NC(=CC(=O)O)C1=O,False,BasidalinOnly_gen3
NC1=CC(=O)OC1=C1COC1O,False,BasidalinOnly_gen3
COCC(C=O)=C1OC(=O)C=C1N,False,BasidalinOnly_gen3
CC(O)C(C=O)=C1OC(=O)C=C1N,False,BasidalinOnly_gen3
CC(=O)C(CO)=C1OC(=O)C=C1N,False,BasidalinOnly_gen3
N#CC(O)C(CO)=C1OC(=O)C=C1N,False,BasidalinOnly_gen3
NC1=CC(=O)OC1=C(C=O)CCl,False,BasidalinOnly_gen3
NCC(CO)=C1OC(=O)C=C1N,False,BasidalinOnly_gen3
NC1=CC(=O)OC1=CC(=O)CC=O,False,BasidalinOnly_gen3
CC(=O)C1=C(N)C(=CC=O)OC1=O,False,BasidalinOnly_gen3
CC1=NC2=CC(=O)OC2=C1C=O,False,BasidalinOnly_gen3
CC(=O)C1=C2OC(=O)C=C2N=C1,False,BasidalinOnly_gen3
CC(=O)C(=C1OC(=O)C=C1N)C(O)C#N,False,BasidalinOnly_gen3
CC(O)(C#N)C(C=O)=C1OC(=O)C=C1N,False,BasidalinOnly_gen3
CC(N)C(C=O)=C1OC(=O)C=C1N,False,BasidalinOnly_gen3
CC(=O)C(CN)=C1OC(=O)C=C1N,False,BasidalinOnly_gen3
N#CC(=O)C(CO)=C1OC(=O)C=C1N,False,BasidalinOnly_gen3
N#CC1=C(N)C(=C(C=O)CO)OC1=O,False,BasidalinOnly_gen3
N#CC1OC(O)C1=C1OC(=O)C=C1N,False,BasidalinOnly_gen3
N#CC1OC2=C(N)C(=C1CO)OC2=O,False,BasidalinOnly_gen3
N#CC(=O)C(C=O)=C1OC(=O)C=C1N,False,BasidalinOnly_gen3
N#CCC(C=O)=C1OC(=O)C=C1N,False,BasidalinOnly_gen3
COC(C#N)C(C=O)=C1OC(=O)C=C1N,False,BasidalinOnly_gen3
N#CC(Cl)C(C=O)=C1OC(=O)C=C1N,False,BasidalinOnly_gen3
NCC1=C(N)C(=CC=O)OC1=O,False,BasidalinOnly_gen3
NC1=CC(=O)OC1=C1C=NC1,False,BasidalinOnly_gen3
Nc1cc2oc1=C(C=O)CN=2,False,BasidalinOnly_gen3
NCC1=C2OC(=O)C=C2N=C1,False,BasidalinOnly_gen3
NC1=CC(=O)OC1=C1C=[NH+]C1,False,BasidalinOnly_gen3
O=CC1=C2OC(=O)C=C2NC1,False,BasidalinOnly_gen3
CNCC(C=O)=C1OC(=O)C=C1N,False,BasidalinOnly_gen3
CC(=O)NCC(C=O)=C1OC(=O)C=C1N,False,BasidalinOnly_gen3
CC(=O)NC1=CC(=O)OC1=C(C=O)CN,False,BasidalinOnly_gen3
NC1=CC(=O)OC1=C(C=O)C(N)O,False,BasidalinOnly_gen3
NCC(C(=O)O)=C1OC(=O)C=C1N,False,BasidalinOnly_gen3
NCC1(C=O)OC12OC(=O)C=C2N,False,BasidalinOnly_gen3
NCC(OC=O)=C1OC(=O)C=C1N,False,BasidalinOnly_gen3
NCC(C=O)C1(O)OC(=O)C=C1N,False,BasidalinOnly_gen3
NCC(C(=O)O)=C1OC(O)C=C1N,False,BasidalinOnly_gen3
NC1=CC(=O)OC1=C(CO)C(N)O,False,BasidalinOnly_gen3
NC1=CC(O)OC1=C(C=O)C(N)O,False,BasidalinOnly_gen3
NCC(C=O)C(=O)C(N)=CC(=O)O,False,BasidalinOnly_gen3
NC1=CC(=O)OC1=C(C=O)C(N)C=O,False,BasidalinOnly_gen3
NCC(C(=O)C=O)=C1OC(=O)C=C1N,False,BasidalinOnly_gen3
NCC(C=O)=C1OC(=O)C(C=O)=C1N,False,BasidalinOnly_gen3
N#CC(O)C1=NC2=CC(=O)OC2=C1,False,BasidalinOnly_gen3
O=C(O)C1=NC2=CC(O)OC2=C1,False,BasidalinOnly_gen3
O=CC1=NC(=CC(=O)O)C(=O)C1,False,BasidalinOnly_gen3
O=C(O)C=C1N=CC(=O)CC1=O,False,BasidalinOnly_gen3
NC1=CC(=O)O/C1=C(\C=O)CO,False,BasidalinOnly_gen3
NC1=CC(=O)O/C1=C/C1OC1O,False,BasidalinOnly_gen3
O=C1C=C2N=CC(O)C=C2O1,False,BasidalinOnly_gen3
NC1=CC(=O)O/C1=C1\OC1CO,False,BasidalinOnly_gen3
NC1=C2OC(CO)C=C1OC2=O,False,BasidalinOnly_gen3
NC1=CC(=O)O/C1=C/C(O)=C=O,False,BasidalinOnly_gen3
NC1=CC(=O)OC1=C=C(O)C=O,False,BasidalinOnly_gen3
COC(C=O)/C=C1/OC(=O)C=C1N,False,BasidalinOnly_gen3
CC(O)(C=O)/C=C1/OC(=O)C=C1N,False,BasidalinOnly_gen3
CC(=O)C(O)/C=C1/OC(=O)C=C1N,False,BasidalinOnly_gen3
N#CC(O)C(O)/C=C1/OC(=O)C=C1N,False,BasidalinOnly_gen3
NC1=CC(=O)O/C1=C/C(Cl)C=O,False,BasidalinOnly_gen3
NCC(O)/C=C1/OC(=O)C=C1N,False,BasidalinOnly_gen3
CC1=NC2=CC(=O)OC2=CC1=O,False,BasidalinOnly_gen3
CC(=O)C1=NC2=CC(=O)OC2=C1,False,BasidalinOnly_gen3
CCC(=O)C(=O)/C=C1/OC(=O)C=C1N,False,BasidalinOnly_gen3
CC(O)(C#N)C(=O)/C=C1/OC(=O)C=C1N,False,BasidalinOnly_gen3
CC(=O)C(O)(C#N)/C=C1/OC(=O)C=C1N,False,BasidalinOnly_gen3
CC(N)C(=O)/C=C1/OC(=O)C=C1N,False,BasidalinOnly_gen3
CC(=O)C(N)/C=C1/OC(=O)C=C1N,False,BasidalinOnly_gen3
CC(=O)C(=O)/C=C1/OC(=O)C(C)=C1N,False,BasidalinOnly_gen3
N#CC(=O)C(O)/C=C1/OC(=O)C=C1N,False,BasidalinOnly_gen3
N#C/C(=C1\OC(=O)C=C1N)C(O)C=O,False,BasidalinOnly_gen3
N#CC(O)/C(C=O)=C1/OC(=O)C=C1N,False,BasidalinOnly_gen3
N#CC1=C(N)/C(=C\C(O)C=O)OC1=O,False,BasidalinOnly_gen3
N#CC1(/C=C2/OC(=O)C=C2N)OC1O,False,BasidalinOnly_gen3
N#CC1(O)C=NC2=CC(=O)OC2=C1,False,BasidalinOnly_gen3
N#CC1(CO)O/C1=C1\OC(=O)C=C1N,False,BasidalinOnly_gen3
N#CC1(CO)C=C2OC(=O)C(=C2N)O1,False,BasidalinOnly_gen3
COC(C#N)(C=O)/C=C1/OC(=O)C=C1N,False,BasidalinOnly_gen3
N#CC(Cl)(C=O)/C=C1/OC(=O)C=C1N,False,BasidalinOnly_gen3
N#CC(C=O)/C=C1/OC(=O)C=C1N,False,BasidalinOnly_gen3
N#C/C(C(=O)CO)=C1\OC(=O)C=C1N,False,BasidalinOnly_gen3
N#CC1=C(N)/C(=C\C(=O)CO)OC1=O,False,BasidalinOnly_gen3
N#CC1OC1(O)/C=C1/OC(=O)C=C1N,False,BasidalinOnly_gen3
N#CC1O/C(=C2\OC(=O)C=C2N)C1O,False,BasidalinOnly_gen3
N#CC1OC2=C(N)C(=CC1O)OC2=O,False,BasidalinOnly_gen3
N#CC(=O)C(=O)/C=C1/OC(=O)C=C1N,False,BasidalinOnly_gen3
N#CCC(=O)/C=C1/OC(=O)C=C1N,False,BasidalinOnly_gen3
COC(C#N)C(=O)/C=C1/OC(=O)C=C1N,False,BasidalinOnly_gen3
N#CC(Cl)C(=O)/C=C1/OC(=O)C=C1N,False,BasidalinOnly_gen3
NC1=CC(=O)O/C1=C/C1C=N1,False,BasidalinOnly_gen3
Nc1cc2oc1=CC(C=O)N=2,False,BasidalinOnly_gen3
NC1C=NC2=CC(=O)OC2=C1,False,BasidalinOnly_gen3
NC1=CC(=O)O/C1=C/C1C=[NH+]1,False,BasidalinOnly_gen3
O=CC1C=C2OC(=O)C=C2N1,False,BasidalinOnly_gen3
NC(=C=C1OC(=O)C=C1N)C=O,False,BasidalinOnly_gen3
CNC(C=O)/C=C1/OC(=O)C=C1N,False,BasidalinOnly_gen3
CC(N)(C=O)/C=C1/OC(=O)C=C1N,False,BasidalinOnly_gen3
CC(=O)NC(C=O)/C=C1/OC(=O)C=C1N,False,BasidalinOnly_gen3
CC(=O)NC1=CC(=O)O/C1=C/C(N)C=O,False,BasidalinOnly_gen3
NC1=CC(=O)O/C1=C/C(N)(O)C=O,False,BasidalinOnly_gen3
NC1=CC(=O)O/C1=C(\O)C(N)C=O,False,BasidalinOnly_gen3
NC1=CC(=O)OC12OC2C(N)C=O,False,BasidalinOnly_gen3
NC1=CC(=O)O/C1=C/C(N)OC=O,False,BasidalinOnly_gen3
NC1=CC(=O)OC1(O)CC(N)C=O,False,BasidalinOnly_gen3
NC1=CC(O)O/C1=C/C(N)C(=O)O,False,BasidalinOnly_gen3
NC1=CC(=O)O/C1=C/C(N)(O)CO,False,BasidalinOnly_gen3
NC1=CC(O)O/C1=C/C(N)(O)C=O,False,BasidalinOnly_gen3
NC1=CC(=O)O/C1=C(\O)C(N)CO,False,BasidalinOnly_gen3
NC1=CC(O)O/C1=C(\O)C(N)C=O,False,BasidalinOnly_gen3
NC(=CC(=O)O)C(=O)CC(N)C=O,False,BasidalinOnly_gen3
NC1=CC(=O)O/C1=C/C(N)(C=O)C=O,False,BasidalinOnly_gen3
NC1=CC(=O)O/C1=C/C(N)C(=O)C=O,False,BasidalinOnly_gen3
NC1=CC(=O)O/C1=C(\C=O)C(N)C=O,False,BasidalinOnly_gen3
NC1=C(C=O)C(=O)O/C1=C/C(N)C=O,False,BasidalinOnly_gen3
NC/C(C=O)=C1\OC(=O)C=C1N,False,BasidalinOnly_gen3
NCC1=C(N)/C(=C\C=O)OC1=O,False,BasidalinOnly_gen3
NC1=CC(=O)O/C1=C/C1=NC1,False,BasidalinOnly_gen3
Nc1cc2oc1=CC(=O)CN=2,False,BasidalinOnly_gen3
NCC1=NC2=CC(=O)OC2=C1,False,BasidalinOnly_gen3
O=C1C=C2OC(=O)C=C2NC1,False,BasidalinOnly_gen3
CNCC(=O)/C=C1/OC(=O)C=C1N,False,BasidalinOnly_gen3
CC(=O)NCC(=O)/C=C1/OC(=O)C=C1N,False,BasidalinOnly_gen3
CC(=O)NC1=CC(=O)O/C1=C/C(=O)CN,False,BasidalinOnly_gen3
NC1=CC(=O)O/C1=C/C(=O)C(N)O,False,BasidalinOnly_gen3
NCC(=O)/C(O)=C1/OC(=O)C=C1N,False,BasidalinOnly_gen3
NCC(=O)C1OC12OC(=O)C=C2N,False,BasidalinOnly_gen3
NCOC(=O)/C=C1/OC(=O)C=C1N,False,BasidalinOnly_gen3
NCC(=O)OC=C1OC(=O)C=C1N,False,BasidalinOnly_gen3
NCC(=O)CC1(O)OC(=O)C=C1N,False,BasidalinOnly_gen3
NC1=CC(O)O/C1=C/C(=O)C(N)O,False,BasidalinOnly_gen3
NCC(O)/C(O)=C1/OC(=O)C=C1N,False,BasidalinOnly_gen3
NCC(=O)/C(O)=C1/OC(O)C=C1N,False,BasidalinOnly_gen3
NCC(=O)CC(=O)C(N)=CC(=O)O,False,BasidalinOnly_gen3
