#ID	Name	SMILES
2agpg181	2-Acyl-sn-glycero-3-phosphoglycerol (n-C18:1)	CCCCCCC=CCCCCCCCCCC(=O)OCC(O)COP(=O)([O-])OCC(O)CO
2ahbut	(S)-2-Aceto-2-hydroxybutanoate	CC[C@](O)(C(C)=O)C(=O)[O-]
2amsa	2-Aminomalonate semialdehyde	[NH3+][C@@H](C=O)C(=O)[O-]
2aobut	L-2-Amino-3-oxobutanoate	CC(=O)[C@H]([NH3+])C(=O)[O-]
2cpr5p	1-(2-Carboxyphenylamino)-1-deoxy-D-ribulose 5-phosphate	O=C([O-])c1ccccc1NCC(=O)[C@H](O)[C@H](O)COP(=O)([O-])[O-]
2dda7p	2-Dehydro-3-deoxy-D-arabino-heptonate 7-phosphate	O=C([O-])C(=O)C[C@@H](O)[C@H](O)[C@H](O)COP(=O)([O-])[O-]
2ddg6p	2-Dehydro-3-deoxy-D-gluconate 6-phosphate	O=C([O-])C(=O)C[C@H](O)[C@H](O)COP(=O)([O-])[O-]
2ddglcn	2-Dehydro-3-deoxy-D-gluconate	O=C([O-])C(=O)C[C@H](O)[C@H](O)CO
2dh3dgal6p	2-Dehydro-3-deoxy-D-galactonate 6-phosphate	O=C([O-])C(=O)C[C@@H](O)[C@H](O)COP(=O)([O-])[O-]
2dh3dgal	2-Dehydro-3-deoxy-D-galactonate	O=C([O-])C(=O)C[C@@H](O)[C@H](O)CO
2dhglcn	2-Dehydro-D-gluconate	O=C([O-])C(=O)[C@@H](O)[C@H](O)[C@H](O)CO
12dgr181	1,2-Diacyl-sn-glycerol (dioctadec-11-enoyl, n-C18:1)	CCCCCCC=CCCCCCCCCCC(=O)OCC(CO)OC(=O)CCCCCCCCCC=CCCCCCC
10fthf	10-Formyltetrahydrofolate	Nc1nc2c(c(=O)[nH]1)N[C@@H](CN(C=O)c1ccc(C(=O)N[C@@H](CCC(=O)[O-])C(=O)[O-])cc1)CN2
12dgr120	1,2-Diacyl-sn-glycerol (didodecanoyl, n-C12:0)	CCCCCCCCCCCC(=O)OCC(CO)OC(=O)CCCCCCCCCCC
2dhp	2-Dehydropantoate	CC(C)(CO)C(=O)C(=O)[O-]
2dmmq8	2-Demethylmenaquinone 8	CC(C)=CCC/C(C)=C/CC/C(C)=C/CC/C(C)=C/CC/C(C)=C/CC/C(C)=C/CC/C(C)=C/CC/C(C)=C/CC1=CC(=O)c2ccccc2C1=O
2dmmql8	2-Demethylmenaquinol 8	CC(C)=CCC/C(C)=C/CC/C(C)=C/CC/C(C)=C/CC/C(C)=C/CC/C(C)=C/CC/C(C)=C/CC/C(C)=C/Cc1cc(O)c2ccccc2c1O
2dr1p	2-Deoxy-D-ribose 1-phosphate	O=P([O-])([O-])O[C@@H]1C[C@H](O)[C@@H](CO)O1
12dgr140	1,2-Diacyl-sn-glycerol (ditetradecanoyl, n-C14:0)	CCCCCCCCCCCCCC(=O)OCC(CO)OC(=O)CCCCCCCCCCCCC
2dr5p	2-Deoxy-D-ribose 5-phosphate	O=P([O-])([O-])OC[C@H]1OC(O)C[C@@H]1O
12dgr141	1,2-Diacyl-sn-glycerol (ditetradec-7-enoyl, n-C14:1)	CCCCCCC=CCCCCCC(=O)OCC(CO)OC(=O)CCCCCC=CCCCCCC
2h3oppan	2-Hydroxy-3-oxopropanoate	O=CC(O)C(=O)[O-]
12ppd__S	(S)-Propane-1,2-diol	C[C@H](O)CO
12dgr160	1,2-Diacyl-sn-glycerol (dihexadecanoyl, n-C16:0)	CCCCCCCCCCCCCCCC(=O)OC[C@H](CO)OC(=O)CCCCCCCCCCCCCCC
13dpg	3-Phospho-D-glyceroyl phosphate	O=C(OP(=O)([O-])[O-])[C@H](O)COP(=O)([O-])[O-]
12dgr161	1,2-Diacyl-sn-glycerol (dihexadec-9-enoyl, n-C16:1)	CCCCCCC=CCCCCCCCC(=O)OCC(CO)OC(=O)CCCCCCCC=CCCCCCC
14glucan	1,4-alpha-D-glucan	OCC1OC(OC2C(CO)OC(OC3C(CO)OC(OC4C(CO)OC(OC5C(CO)OC(OC6C(CO)OC(O)C(O)C6O)C(O)C5O)C(O)C4O)C(O)C3O)C(O)C2O)C(O)C(O)C1O
2ippm	2-Isopropylmaleate	CC(C)C(=CC(=O)[O-])C(=O)[O-]
12dgr180	1,2-Diacyl-sn-glycerol (dioctadecanoyl, n-C18:0)	CCCCCCCCCCCCCCCCCC(=O)OCC(CO)OC(=O)CCCCCCCCCCCCCCCCC
2kmb	2-keto-4-methylthiobutyrate	CSCCC(=O)C(=O)[O-]
2mahmp	2-Methyl-4-amino-5-hydroxymethylpyrimidine diphosphate	Cc1ncc(COP(=O)([O-])OP(=O)([O-])[O-])c(N)n1
15dap	1,5-Diaminopentane	[NH3+]CCCCC[NH3+]
2mcacn	Cis-2-Methylaconitate	C/C(C(=O)[O-])=C(\CC(=O)[O-])C(=O)[O-]
2mcit	2-Methylcitrate	CC(C(=O)[O-])C(O)(CC(=O)[O-])C(=O)[O-]
2me4p	2-C-methyl-D-erythritol 4-phosphate	C[C@](O)(CO)[C@H](O)COP(=O)([O-])[O-]
2mecdp	2-C-methyl-D-erythritol 2,4-cyclodiphosphate	C[C@@]1(CO)OP(=O)([O-])OP(=O)([O-])OC[C@H]1O
1agpe120	1-Acyl-sn-glycero-3-phosphoethanolamine (n-C12:0)	CCCCCCCCCCCC(=O)OC[C@@H](O)COP(=O)(O)OCCN
2obut	2-Oxobutanoate	CCC(=O)C(=O)[O-]
1agpe140	1-Acyl-sn-glycero-3-phosphoethanolamine (n-C14:0)	CCCCCCCCCCCCCC(=O)OC[C@@H](O)COP(=O)([O-])OCC[NH3+]
1agpe141	1-Acyl-sn-glycero-3-phosphoethanolamine (n-C14:1)	C=CCCCCCCCCCCCC(=O)OCC(O)COP(=O)([O-])OCC[NH3+]
1agpe160	1-Acyl-sn-glycero-3-phosphoethanolamine (n-C16:0)	CCCCCCCCCCCCCCCC(=O)OC[C@@H](O)COP(=O)([O-])OCC[NH3+]
1agpe161	1-Acyl-sn-glycero-3-phosphoethanolamine (n-C16:1)	CCCCCCCCC=CCCCCCC(=O)OC[C@@H](O)COP(=O)([O-])OCC[NH3+]
3hoctaACP	(R)-3-Hydroxyoctadecanoyl-[acyl-carrier protein]	*OP(=O)([O-])OCC(C)(C)C(O)C(=O)NCCC(=O)NCCSC(=O)CC(O)CCCCCCCCCCCCCCC
3hodcoa	(S)-3-Hydroxyoctadecanoyl-CoA	CCCCCCCCCCCCCCC[C@H](O)CC(=O)SCCNC(=O)CCNC(=O)[C@H](O)C(C)(C)COP(=O)([O-])OP(=O)([O-])OC[C@H]1O[C@@H](n2cnc3c(N)ncnc32)[C@H](O)[C@@H]1OP(=O)([O-])[O-]
1agpe180	1-Acyl-sn-glycero-3-phosphoethanolamine (n-C18:0)	CCCCCCCCCCCCCCCCCC(=O)OC[C@@H](O)COP(=O)([O-])OCC[NH3+]
1agpe181	1-Acyl-sn-glycero-3-phosphoethanolamine (n-C18:1)	CCCCCCCC/C=C/CCCCCCCC(=O)OCC(O)COP(=O)(O)OCCN
1agpg120	1-Acyl-sn-glycero-3-phosphoglycerol (n-C12:0)	CCCCCCCCCCCC(=O)OC[C@@H](O)COP(=O)(O)OC[C@@H](O)CO
3hpalmACP	R-3-hydroxypalmitoyl-[acyl-carrier protein]	*OP(=O)([O-])OCC(C)(C)C(O)C(=O)NCCC(=O)NCCSC(=O)CC(O)CCCCCCCCCCCCC
2ohph	2-Octaprenyl-6-hydroxyphenol	CC(C)=CCCC(C)=CCCC(C)=CCCC(C)=CCCC(C)=CCCC(C)=CCCC(C)=CCCC(C)=CCc1cccc(O)c1O
3hpppn	3-(3-hydroxy-phenyl)propionate	O=C([O-])CCc1cccc(O)c1
1agpg140	1-Acyl-sn-glycero-3-phosphoglycerol (n-C14:0)	CCCCCCCCCCCCCC(=O)OC[C@@H](O)COP(=O)([O-])OC[C@@H](O)CO
1agpg141	1-Acyl-sn-glycero-3-phosphoglycerol (n-C14:1)	C=CCCCCCCCCCCCC(=O)OCC(O)COP(=O)([O-])OCC(O)CO
1agpg160	1-Acyl-sn-glycero-3-phosphoglycerol (n-C16:0)	CCCCCCCCCCCCCCCC(=O)OC[C@@H](O)COP(=O)([O-])OC[C@@H](O)CO
1agpg161	1-Acyl-sn-glycero-3-phosphoglycerol (n-C16:1)	CCCCCC/C=C\CCCCCCCC(=O)OC[C@@H](O)COP(=O)(O)OC[C@@H](O)CO
2ombzl	2-Octaprenyl-6-methoxy-1,4-benzoquinol	COc1cc(O)cc(CC=C(C)CCC=C(C)CCC=C(C)CCC=C(C)CCC=C(C)CCC=C(C)CCC=C(C)CCC=C(C)C)c1O
3htdcoa	(S)-3-Hydroxytetradecanoyl-CoA	CCCCCCCCCCC[C@H](O)CC(=O)SCCNC(=O)CCNC(=O)[C@H](O)C(C)(C)COP(=O)([O-])OP(=O)([O-])OC[C@H]1O[C@@H](n2cnc3c(N)ncnc32)[C@H](O)[C@@H]1OP(=O)([O-])[O-]
1agpg180	1-Acyl-sn-glycero-3-phosphoglycerol (n-C18:0)	CCCCCCCCCCCCCCCCCC(=O)OC[C@@H](O)COP(=O)([O-])OC[C@@H](O)CO
1agpg181	1-Acyl-sn-glycero-3-phosphoglycerol (n-C18:1)	CCCCCCCC/C=C/CCCCCCCC(=O)OCC(O)COP(=O)([O-])OCC(O)CO
2omhmbl	2-Octaprenyl-3-methyl-5-hydroxy-6-methoxy-1,4-benzoquinol	COc1c(O)c(O)c(C)c(CC=C(C)CCC=C(C)CCC=C(C)CCC=C(C)CCC=C(C)CCC=C(C)CCC=C(C)CCC=C(C)C)c1O
1ddecg3p	1-dodecanoyl-sn-glycerol 3-phosphate	CCCCCCCCCCCC(=O)OC[C@@H](O)COP(=O)([O-])[O-]
3ig3p	C'-(3-Indolyl)-glycerol 3-phosphate	O=P([O-])([O-])OC[C@@H](O)[C@@H](O)c1c[nH]c2ccccc12
3mob	3-Methyl-2-oxobutanoate	CC(C)C(=O)C(=O)[O-]
2ommbl	2-Octaprenyl-3-methyl-6-methoxy- 1,4-benzoquinol	COc1cc(O)c(C)c(CC=C(C)CCC=C(C)CCC=C(C)CCC=C(C)CCC=C(C)CCC=C(C)CCC=C(C)CCC=C(C)C)c1O
3mop	(S)-3-Methyl-2-oxopentanoate	CCC(C)C(=O)C(=O)[O-]
2omph	2-Octaprenyl-6-methoxyphenol	COc1cccc(CC=C(C)CCC=C(C)CCC=C(C)CCC=C(C)CCC=C(C)CCC=C(C)CCC=C(C)CCC=C(C)C)c1O
3ocddec5eACP	3-oxo-cis-dodec-5-enoyl-[acyl-carrier protein]	*OP(=O)([O-])OCC(C)(C)C(O)C(=O)NCCC(=O)NCCSC(=O)CC(=O)CC=CCCCCCC
2oph	2-Octaprenylphenol	CC(C)=CCCC(C)=CCCC(C)=CCCC(C)=CCCC(C)=CCCC(C)=CCCC(C)=CCCC(C)=CCc1ccccc1O
1hdecg3p	1-hexadecanoyl-sn-glycerol 3-phosphate	CCCCCCCCCCCCCCCC(=O)OC[C@@H](O)COP(=O)([O-])[O-]
2p4c2me	2-phospho-4-(cytidine 5'-diphospho)-2-C-methyl-D-erythritol	C[C@@](CO)(OP(=O)([O-])[O-])[C@H](O)COP(=O)([O-])OP(=O)([O-])OC[C@H]1O[C@@H](n2ccc(N)nc2=O)[C@H](O)[C@@H]1O
1odec11eg3p	1-octadec-11-enoyl-sn-glycerol 3-phosphate	CCCCCC/C=C/CCCCCCCCCC(=O)OC[C@@H](O)COP(=O)([O-])[O-]
2pg	D-Glycerate 2-phosphate	O=C([O-])[C@@H](CO)OP(=O)([O-])[O-]
1odecg3p	1-octadecanoyl-sn-glycerol 3-phosphate	CCCCCCCCCCCCCCCCCC(=O)OC[C@@H](O)COP(=O)([O-])[O-]
3ocmrs7eACP	3-oxo-cis-myristol-7-eoyl-[acyl-carrier protein]	*OP(=O)([O-])OCC(C)(C)C(O)C(=O)NCCC(=O)NCCSC(=O)CC(=O)CCCC=CCCCCCC
3ocpalm9eACP	3-oxo-cis-palm-9-eoyl-[acyl-carrier protein]	*OP(=O)([O-])OCC(C)(C)C(O)C(=O)NCCC(=O)NCCSC(=O)CC(=O)CCCCCCCCCCCC=C
1pyr5c	1-Pyrroline-5-carboxylate	O=C([O-])[C@@H]1CCC=N1
2pglyc	2-Phosphoglycolate	O=C([O-])COP(=O)([O-])[O-]
1tdec7eg3p	1-tetradec-7-enoyl-sn-glycerol 3-phosphate	CCCCCC/C=C\CCCCCC(=O)OC[C@@H](O)COP(=O)([O-])[O-]
3odcoa	3-Oxodecanoyl-CoA	CCCCCCCC(=O)CC(=O)SCCNC(=O)CCNC(=O)[C@H](O)C(C)(C)COP(=O)([O-])OP(=O)([O-])OC[C@H]1O[C@@H](n2cnc3c(N)ncnc32)[C@H](O)[C@@H]1OP(=O)([O-])[O-]
2shchc	2-Succinyl-6-hydroxy-2,4-cyclohexadiene-1-carboxylate	O=C(O)CCC(=O)C1=CC=CC(O)C1C(=O)O
3oddcoa	3-Oxododecanoyl-CoA	CCCCCCCCCC(=O)CC(=O)SCCNC(=O)CCNC(=O)[C@H](O)C(C)(C)COP(=O)([O-])OP(=O)([O-])OC[C@H]1O[C@@H](n2cnc3c(N)ncnc32)[C@H](O)[C@@H]1OP(=O)([O-])[O-]
1tdecg3p	1-tetradecanoyl-sn-glycerol 3-phosphate	CCCCCCCCCCCCCC(=O)OC[C@@H](O)COP(=O)([O-])[O-]
3oddecACP	3-Oxododecanoyl-[acyl-carrier protein]	*OP(=O)([O-])OCC(C)(C)C(O)C(=O)NCCC(=O)NCCSC(=O)CC(=O)CCCCCCCCC
3ohcoa	3-Oxohexanoyl-CoA	CCCC(=O)CC(=O)SCCNC(=O)CCNC(=O)[C@H](O)C(C)(C)COP(=O)([O-])OP(=O)([O-])OC[C@H]1O[C@@H](n2cnc3c(N)ncnc32)[C@H](O)[C@@H]1OP(=O)([O-])[O-]
3ohdcoa	3-Oxohexadecanoyl-CoA	CCCCCCCCCCCCCC(=O)CC(=O)SCCNC(=O)CCNC(=O)[C@H](O)C(C)(C)COP(=O)([O-])OP(=O)([O-])OC[C@H]1O[C@@H](n2cnc3c(N)ncnc32)[C@H](O)[C@@H]1OP(=O)([O-])[O-]
3ohexACP	3-Oxohexanoyl-[acyl-carrier protein]	*OP(=O)([O-])OCC(C)(C)C(O)C(=O)NCCC(=O)NCCSC(=O)CC(=O)CCC
23camp	2',3'-Cyclic AMP	Nc1ncnc2c1ncn2[C@@H]1O[C@H](CO)[C@H]2OP(=O)([O-])O[C@H]21
2tpr3dpcoa	2'-(5''-triphosphoribosyl)-3'-dephospho-CoA	CC(C)(COP(=O)([O-])OP(=O)([O-])OC[C@H]1O[C@@H](n2cnc3c(N)ncnc32)[C@H](O[C@H]2O[C@H](COP(=O)([O-])OP(=O)([O-])OP(=O)([O-])[O-])[C@@H](O)[C@H]2O)[C@@H]1O)[C@@H](O)C(=O)NCCC(=O)NCCS
34dhpac	3,4-Dihydroxyphenylacetaldehyde	O=CCc1ccc(O)c(O)c1
3oocoa	3-Oxooctanoyl-CoA	CCCCCC(=O)CC(=O)SCCNC(=O)CCNC(=O)[C@H](O)C(C)(C)COP(=O)([O-])OP(=O)([O-])OC[C@H]1O[C@@H](n2cnc3c(N)ncnc32)[C@H](O)[C@@H]1OP(=O)([O-])[O-]
23ccmp	2',3'-Cyclic CMP	Nc1ccn([C@@H]2O[C@H](CO)[C@H]3OP(=O)([O-])O[C@H]32)c(=O)n1
3ooctACP	3-Oxooctanoyl-[acyl-carrier protein]	*OP(=O)([O-])OCC(C)(C)C(O)C(=O)NCCC(=O)NCCSC(=O)CC(=O)CCCCC
3ooctdACP	3-Oxooctadecanoyl-[acyl-carrier protein]	*OP(=O)([O-])OCC(C)(C)C(O)C(=O)NCCC(=O)NCCSC(=O)CC(=O)CCCCCCCCCCCCCCC
23cgmp	2',3'-Cyclic GMP	Nc1nc2c(ncn2[C@@H]2O[C@H](CO)[C@H]3OP(=O)([O-])O[C@H]32)c(=O)[nH]1
34hpp	3-(4-Hydroxyphenyl)pyruvate	O=C([O-])C(=O)Cc1ccc(O)cc1
3ohodcoa	3-Oxooctadecanoyl-CoA	CCCCCCCCCCCCCCCC(=O)CC(=O)SCCNC(=O)CCNC(=O)[C@H](O)C(C)(C)COP(=O)([O-])OP(=O)([O-])OC[C@H]1O[C@@H](n2cnc3c(N)ncnc32)[C@H](O)[C@@H]1OP(=O)([O-])[O-]
3amp	3  AMP C10H12N5O7P	Nc1ncnc2c1ncn2[C@@H]1O[C@H](CO)[C@@H](OP(=O)([O-])[O-])[C@H]1O
3opalmACP	3-Oxohexadecanoyl-[acyl-carrier protein]	*OP(=O)([O-])OCC(C)(C)C(O)C(=O)NCCC(=O)NCCSC(=O)CC(=O)CCCCCCCCCCCCC
23cump	2',3'-Cyclic UMP	O=c1ccn([C@@H]2O[C@H](CO)[C@H]3OP(=O)([O-])O[C@H]32)c(=O)[nH]1
3ophb	3-Octaprenyl-4-hydroxybenzoate	CC(C)=CCCC(C)=CCCC(C)=CCCC(C)=CCCC(C)=CCCC(C)=CCCC(C)=CCCC(C)=CCc1cc(C(=O)[O-])ccc1O
3otdcoa	3-Oxotetradecanoyl-CoA	CCCCCCCCCCCC(=O)CC(=O)SCCNC(=O)CCNC(=O)[C@H](O)C(C)(C)COP(=O)([O-])OP(=O)([O-])OC[C@H]1O[C@@H](n2cnc3c(N)ncnc32)[C@H](O)[C@@H]1OP(=O)([O-])[O-]
3c2hmp	3-Carboxy-2-hydroxy-4-methylpentanoate	CC(C)[C@H](C(=O)[O-])[C@@H](O)C(=O)[O-]
23dappa	2,3-diaminopropionate	NCC(N)C(=O)O
3pg	3-Phospho-D-glycerate	O=C([O-])[C@H](O)COP(=O)([O-])[O-]
3c3hmp	3-Carboxy-3-hydroxy-4-methylpentanoate	CC(C)[C@@](O)(CC(=O)[O-])C(=O)[O-]
3php	3-Phosphohydroxypyruvate	O=C([O-])C(=O)COP(=O)([O-])[O-]
3psme	5-O-(1-Carboxyvinyl)-3-phosphoshikimate	C=C(O[C@@H]1CC(C(=O)[O-])=C[C@@H](OP(=O)([O-])[O-])[C@H]1O)C(=O)[O-]
3c4mop	3-Carboxy-4-methyl-2-oxopentanoate	CC(C)[C@H](C(=O)[O-])C(=O)C(=O)[O-]
23ddhb	2,3-Dihydro-2,3-dihydroxybenzoate	O=C(O)C1=CC=CC(O)C1O
3sala	3-Sulfino-L-alanine	[NH3+][C@@H](CS(=O)[O-])C(=O)[O-]
3cmp	3  CMP C9H12N3O8P	Nc1ccn([C@@H]2O[C@H](CO)[C@@H](OP(=O)([O-])[O-])[C@H]2O)c(=O)n1
23dhb	2,3-Dihydroxybenzoate	O=C([O-])c1cccc(O)c1O
23dhba	(2,3-Dihydroxybenzoyl)adenylate	Nc1ncnc2c1ncn2[C@@H]1O[C@H](COP(=O)([O-])OC(=O)c2cccc(O)c2O)[C@@H](O)[C@H]1O
3ump	3  UMP C9H11N2O9P	O=c1ccn([C@@H]2O[C@H](CO)[C@@H](OP(=O)([O-])[O-])[C@H]2O)c(=O)[nH]1
4abut	4-Aminobutanoate	[NH3+]CCCC(=O)[O-]
23dhbzs	2,3-dihydroxybenzoylserine	O=C(N[C@@H](CO)C(=O)[O-])c1cccc(O)c1O
23dhdp	2,3-Dihydrodipicolinate	O=C([O-])C1=N[C@H](C(=O)[O-])CC=C1
23dhmb	(R)-2,3-Dihydroxy-3-methylbutanoate	CC(C)(O)[C@@H](O)C(=O)[O-]
3dhguln	3-Dehydro-L-gulonate	O=C([O-])[C@@H](O)C(=O)[C@H](O)[C@@H](O)CO
23dhmp	(R)-2,3-Dihydroxy-3-methylpentanoate	CC[C@@](C)(O)[C@@H](O)C(=O)[O-]
4abutn	4-Aminobutanal	[NH3+]CCCC=O
3dhgulnp	3-keto-L-gulonate-6-phosphate	O=C([O-])[C@@H](O)C(=O)[C@H](O)[C@@H](O)COP(=O)([O-])[O-]
4abz	4-Aminobenzoate	Nc1ccc(C(=O)[O-])cc1
3dhq	3-Dehydroquinate	O=C1C[C@@](O)(C(=O)[O-])C[C@@H](O)[C@@H]1O
4adcho	4-amino-4-deoxychorismate	C=C(O[C@@H]1C=C(C(=O)[O-])C=C[C@H]1[NH3+])C(=O)[O-]
23doguln	2,3-Dioxo-L-gulonate	O=C([O-])C(=O)C(=O)[C@H](O)[C@@H](O)CO
3dhsk	3-Dehydroshikimate	O=C([O-])C1=CC(=O)[C@@H](O)[C@H](O)C1
25aics	(S)-2-[5-Amino-1-(5-phospho-D-ribosyl)imidazole-4-carboxamido]succinate	Nc1c(C(=O)N[C@@H](CC(=O)[O-])C(=O)[O-])ncn1[C@@H]1O[C@H](COP(=O)([O-])[O-])[C@@H](O)[C@H]1O
4ahmmp	4-Amino-5-hydroxymethyl-2-methylpyrimidine	Cc1ncc(CO)c(N)n1
4ampm	4-Amino-2-methyl-5-phosphomethylpyrimidine	Cc1ncc(COP(=O)([O-])[O-])c(N)n1
3gmp	Guanosine 3  phosphate C10H12N5O8P	Nc1nc2c(ncn2[C@@H]2O[C@H](CO)[C@@H](OP(=O)([O-])[O-])[C@H]2O)c(=O)[nH]1
4c2me	4-(cytidine 5'-diphospho)-2-C-methyl-D-erythritol	C[C@](O)(CO)[C@H](O)COP(=O)([O-])OP(=O)([O-])OC[C@H]1O[C@@H](n2ccc(N)nc2=O)[C@H](O)[C@@H]1O
4h2opntn	4-Hydroxy-2-oxopentanoate	CC(O)CC(=O)C(=O)O
25dkglcn	2,5-diketo-D-gluconate	O=C([O-])C(=O)[C@@H](O)[C@H](O)C(=O)CO
25drapp	2,5-Diamino-6-(ribosylamino)-4-(3H)-pyrimidinone 5'-phosphate	Nc1nc(O)c(N)c(N[C@@H]2O[C@H](COP(=O)([O-])[O-])[C@@H](O)[C@H]2O)n1
3haACP	(3R)-3-Hydroxyacyl-[acyl-carrier protein]	*OP(=O)([O-])OCC(C)(C)C(O)C(=O)NCCC(=O)NCCSC(=O)CC(C)O
26dap_LL	LL-2,6-Diaminoheptanedioate	[NH3+][C@@H](CCC[C@H]([NH3+])C(=O)[O-])C(=O)[O-]
3hbcoa	(S)-3-Hydroxybutanoyl-CoA	C[C@H](O)CC(=O)SCCNC(=O)CCNC(=O)[C@H](O)C(C)(C)COP(=O)([O-])OP(=O)([O-])OC[C@H]1O[C@@H](n2cnc3c(N)ncnc32)[C@H](O)[C@@H]1OP(=O)([O-])[O-]
26dap__M	Meso-2,6-Diaminoheptanedioate	[NH3+][C@H](CCC[C@H]([NH3+])C(=O)[O-])C(=O)[O-]
3hcddec5eACP	(R)-3-hydroxy-cis-dodec-5-enoyl-[acyl-carrier protein]	*OP(=O)([O-])OCC(C)(C)C(O)C(=O)NCCC(=O)NCCSC(=O)CC(O)CC=CCCCCCC
4hba	4-Hydroxy-benzyl alcohol	OCc1ccc(O)cc1
3hcinnm	3-hydroxycinnamic acid	O=C([O-])/C=C/c1cccc(O)c1
4hbz	4-Hydroxybenzoate	O=C([O-])c1ccc(O)cc1
2agpe120	2-Acyl-sn-glycero-3-phosphoethanolamine (n-C12:0)	CCCCCCCCCCCC(=O)O[C@H](CO)COP(=O)([O-])OCC[NH3+]
4hoxpacd	4-Hydroxyphenylacetaldehyde	O=CCc1ccc(O)cc1
4hthr	4-Hydroxy-L-threonine	[NH3+][C@H](C(=O)[O-])[C@H](O)CO
4mhetz	4-Methyl-5-(2-hydroxyethyl)-thiazole	Cc1ncsc1CCO
2agpe140	2-Acyl-sn-glycero-3-phosphoethanolamine (n-C14:0)	CCCCCCCCCCCCCC(=O)O[C@H](CO)COP(=O)(O)OCCN
3hcpalm9eACP	(R)-3-hydroxy-cis-palm-9-eoyl-[acyl-carrier protein]	*OP(=O)([O-])OCC(C)(C)C(O)C(=O)NCCC(=O)NCCSC(=O)CC(O)CCCCCC=CCCCCCC
4mop	4-Methyl-2-oxopentanoate	CC(C)CC(=O)C(=O)[O-]
3hcvac11eACP	(R)-3-hydroxy-cis-vacc-11-enoyl-[acyl-carrier protein]	*OP(=O)([O-])OCC(C)(C)C(O)C(=O)NCCC(=O)NCCSC(=O)CC(O)CCCCCCCC=CCCCCCC
4mpetz	4-Methyl-5-(2-phosphoethyl)-thiazole	Cc1ncsc1CCOP(=O)([O-])[O-]
2agpe141	2-Acyl-sn-glycero-3-phosphoethanolamine (n-C14:1)	CCCCCCC=CCCCCCC(=O)OCC(O)COP(=O)([O-])OCC[NH3+]
3hdcoa	(S)-3-Hydroxydecanoyl-CoA	CCCCCCC[C@H](O)CC(=O)SCCNC(=O)CCNC(=O)[C@H](O)C(C)(C)COP(=O)([O-])OP(=O)([O-])OC[C@H]1O[C@@H](n2cnc3c(N)ncnc32)[C@H](O)[C@@H]1OP(=O)([O-])[O-]
2agpe160	2-Acyl-sn-glycero-3-phosphoethanolamine (n-C16:0)	CCCCCCCCCCCCCCCC(=O)O[C@H](CO)COP(=O)(O)OCCN
4pasp	4-Phospho-L-aspartate	[NH3+][C@@H](CC(=O)OP(=O)([O-])[O-])C(=O)[O-]
3hddcoa	(S)-3-Hydroxydodecanoyl-CoA	CCCCCCCCC[C@H](O)CC(=O)SCCNC(=O)CCNC(=O)[C@H](O)C(C)(C)COP(=O)([O-])OP(=O)([O-])OC[C@H]1O[C@@H](n2cnc3c(N)ncnc32)[C@H](O)[C@@H]1OP(=O)([O-])[O-]
4per	4-Phospho-D-erythronate	O=C([O-])[C@H](O)[C@H](O)COP(=O)([O-])[O-]
4ppan	D-4'-Phosphopantothenate	CC(C)(COP(=O)([O-])[O-])[C@@H](O)C(=O)NCCC(=O)[O-]
3hddecACP	(R)-3-Hydroxydodecanoyl-[acyl-carrier protein]	*OP(=O)([O-])OCC(C)(C)C(O)C(=O)NCCC(=O)NCCSC(=O)CC(O)CCCCCCCCC
4ppcys	N-((R)-4-Phosphopantothenoyl)-L-cysteine	CC(C)(COP(=O)([O-])[O-])[C@@H](O)C(=O)NCCC(=O)N[C@@H](CS)C(=O)[O-]
4r5au	4-(1-D-Ribitylamino)-5-aminouracil	Nc1c(NC[C@H](O)[C@H](O)[C@H](O)CO)[nH]c(=O)[nH]c1=O
2agpe180	2-Acyl-sn-glycero-3-phosphoethanolamine (n-C18:0)	CCCCCCCCCCCCCCCCCC(=O)O[C@H](CO)COP(=O)([O-])OCC[NH3+]
3hhcoa	(S)-3-Hydroxyhexanoyl-CoA	CCC[C@H](O)CC(=O)SCCNC(=O)CCNC(=O)[C@H](O)C(C)(C)COP(=O)([O-])OP(=O)([O-])OC[C@H]1O[C@@H](n2cnc3c(N)ncnc32)[C@H](O)[C@@H]1OP(=O)([O-])[O-]
5aizc	5-amino-1-(5-phospho-D-ribosyl)imidazole-4-carboxylate	Nc1c(C(=O)[O-])[nH+]cn1[C@@H]1O[C@H](COP(=O)([O-])[O-])[C@@H](O)[C@H]1O
3hhdcoa	(S)-3-Hydroxyhexadecanoyl-CoA	CCCCCCCCCCCCC[C@H](O)CC(=O)SCCNC(=O)CCNC(=O)[C@H](O)C(C)(C)COP(=O)([O-])OP(=O)([O-])OC[C@H]1O[C@@H](n2cnc3c(N)ncnc32)[C@H](O)[C@@H]1OP(=O)([O-])[O-]
5aop	5-Amino-4-oxopentanoate	[NH3+]CC(=O)CCC(=O)[O-]
5aprbu	5-Amino-6-(5'-phosphoribitylamino)uracil	Nc1c(NC[C@H](O)[C@H](O)[C@H](O)COP(=O)([O-])[O-])[nH]c(=O)[nH]c1=O
2agpe181	2-Acyl-sn-glycero-3-phosphoethanolamine (n-C18:1)	CCCCCCC=CCCCCCCCCCC(=O)OCC(O)COP(=O)([O-])OCC[NH3+]
3hhexACP	(R)-3-Hydroxyhexanoyl-[acyl-carrier protein]	*OP(=O)([O-])OCC(C)(C)C(O)C(=O)NCCC(=O)NCCSC(=O)CC(O)CCC
5apru	5-Amino-6-(5'-phosphoribosylamino)uracil	Nc1c(N[C@@H]2O[C@H](COP(=O)([O-])[O-])[C@@H](O)[C@H]2O)[nH]c(=O)[nH]c1=O
3hmrsACP	(R)-3-Hydroxytetradecanoyl-[acyl-carrier protein]	*SC(=O)C[C@H](O)CCCCCCCCCCC
3hocoa	(S)-3-Hydroxyoctanoyl-CoA	CCCCC[C@H](O)CC(=O)SCCNC(=O)CCNC(=O)[C@H](O)C(C)(C)COP(=O)([O-])OP(=O)([O-])OC[C@H]1O[C@@H](n2cnc3c(N)ncnc32)[C@H](O)[C@@H]1OP(=O)([O-])[O-]
5caiz	5-phosphoribosyl-5-carboxyaminoimidazole	O=C([O-])Nc1cncn1[C@@H]1O[C@H](COP(=O)([O-])[O-])[C@@H](O)[C@H]1O
3hoctACP	(R)-3-Hydroxyoctanoyl-[acyl-carrier protein]	*OP(=O)([O-])OCC(C)(C)C(O)C(=O)NCCC(=O)NCCSC(=O)CC(O)CCCCC
5dglcn	5-Dehydro-D-gluconate	O=C(CO)[C@@H](O)[C@H](O)[C@@H](O)C(=O)[O-]
2agpg140	2-Acyl-sn-glycero-3-phosphoglycerol (n-C14:0)	CCCCCCCCCCCCCC(=O)O[C@H](CO)COP(=O)([O-])OC[C@@H](O)CO
aacoa	Acetoacetyl-CoA	CC(=O)CC(=O)SCCNC(=O)CCNC(=O)[C@H](O)C(C)(C)COP(=O)([O-])OP(=O)([O-])OC[C@H]1O[C@@H](n2cnc3c(N)ncnc32)[C@H](O)[C@@H]1OP(=O)([O-])[O-]
5dh4dglc	5-Dehydro-4-deoxy-D-glucarate	O=C([O-])C(=O)C[C@H](O)[C@@H](O)C(=O)[O-]
5drib	5'-deoxyribose	C[C@H]1O[C@@H](O)C(O)[C@@H]1O
2agpg141	2-Acyl-sn-glycero-3-phosphoglycerol (n-C14:1)	CCCCCCC=CCCCCCC(=O)OCC(O)COP(=O)([O-])OCC(O)CO
2agpg160	2-Acyl-sn-glycero-3-phosphoglycerol (n-C16:0)	CCCCCCCCCCCCCCCC(=O)O[C@H](CO)COP(=O)([O-])OC[C@@H](O)CO
aact	Aminoacetone	CC(=O)C[NH3+]
5mdr1p	5-Methylthio-5-deoxy-D-ribose 1-phosphate	CSC[C@H]1O[C@H](OP(=O)([O-])[O-])[C@H](O)[C@@H]1O
5mdru1p	5-Methylthio-5-deoxy-D-ribulose 1-phosphate	CSC[C@@H](O)[C@@H](O)C(=O)COP(=O)([O-])[O-]
acACP	Acetyl-ACP	*SC(C)=O
5mta	5-Methylthioadenosine	CSC[C@H]1O[C@@H](n2cnc3c(N)ncnc32)[C@H](O)[C@@H]1O
ac	Acetate	CC(=O)[O-]
5mthf	5-Methyltetrahydrofolate	CN1c2c(nc(N)[nH]c2=O)NC[C@@H]1CNc1ccc(C(=O)N[C@@H](CCC(=O)[O-])C(=O)[O-])cc1
5mtr	5-Methylthio-D-ribose	CSC[C@H]1OC(O)[C@H](O)[C@@H]1O
5prdmbz	N1-(5-Phospho-alpha-D-ribosyl)-5,6-dimethylbenzimidazole	Cc1cc2ncn([C@H]3O[C@H](COP(=O)([O-])[O-])[C@@H](O)[C@H]3O)c2cc1C
6hmhpt	6-hydroxymethyl dihydropterin	Nc1nc2c(c(=O)[nH]1)N=C(CO)CN2
acac	Acetoacetate	CC(=O)CC(=O)[O-]
6hmhptpp	6-hydroxymethyl-dihydropterin pyrophosphate	Nc1nc2c(c(=O)[nH]1)N=C(COP(=O)([O-])OP(=O)([O-])[O-])CN2
alac__S	(S)-2-Acetolactate	CC(=O)[C@](C)(O)C(=O)[O-]
alatrna	L-Alanyl-tRNA(Ala)	*CC1OC(n2cnc3c(N)ncnc32)C(OC(=O)C(C)[NH3+])C1O
6pgc	6-Phospho-D-gluconate	O=C([O-])[C@H](O)[C@@H](O)[C@H](O)[C@H](O)COP(=O)([O-])[O-]
6pgl	6-phospho-D-glucono-1,5-lactone	O=C1O[C@H](COP(=O)([O-])[O-])[C@@H](O)[C@H](O)[C@H]1O
all6p	D-Allose 6-phosphate	O=C[C@H](O)[C@H](O)[C@H](O)[C@H](O)COP(=O)([O-])[O-]
acald	Acetaldehyde	CC=O
all__D	D-Allose	O=C[C@H](O)[C@H](O)[C@H](O)[C@H](O)CO
8aonn	8-Amino-7-oxononanoate	C[C@H]([NH3+])C(=O)CCCCCC(=O)[O-]
ACP	Acyl carrier protein	[H]*([H])([H])[SH2+]
LalaDgluMdapDala	L-alanine-D-glutamate-meso-2,6-diaminoheptanedioate-D-alanine	CC([NH3+])C(=O)NC(CCCC(NC(=O)CCC(NC(=O)C(C)[NH3+])C(=O)[O-])C(=O)[O-])C(=O)[O-]
acanth	N-Acetylanthranilate	CC(=O)Nc1ccccc1C(=O)[O-]
alltn	Allantoin	NC(=O)NC1NC(=O)NC1=O
accoa	Acetyl-CoA	CC(=O)SCCNC(=O)CCNC(=O)[C@H](O)C(C)(C)COP(=O)([O-])OP(=O)([O-])OC[C@H]1O[C@@H](n2cnc3c(N)ncnc32)[C@H](O)[C@@H]1OP(=O)([O-])[O-]
acetol	Acetol cytosol	CC(=O)CO
LalaDgluMdap	L-alanine-D-glutamate-meso-2,6-diaminoheptanedioate	C[C@H](N)C(=O)N[C@H](CCC(=O)N[C@@H](CCC[C@@H](N)C(=O)O)C(=O)O)C(=O)O
acg5p	N-Acetyl-L-glutamyl 5-phosphate	CC(=O)N[C@@H](CCC(=O)OP(=O)([O-])[O-])C(=O)[O-]
alltt	Allantoate	NC(=O)NC(NC(N)=O)C(=O)[O-]
allul6p	Allulose 6-phosphate	O=C(CO)[C@H](O)[C@H](O)[C@H](O)COP(=O)([O-])[O-]
acg5sa	N-Acetyl-L-glutamate 5-semialdehyde	CC(=O)N[C@@H](CCC=O)C(=O)[O-]
alpp	Applipoprotein	*SCC(N)C(*)=O
LalaDglu	L-alanine-D-glutamate	C[C@H]([NH3+])C(=O)N[C@H](CCC(=O)[O-])C(=O)[O-]
acgal1p	N-Acetyl-D-galactosamine 1-phosphate	CC(=O)N[C@H]1[C@@H](OP(=O)([O-])[O-])O[C@H](CO)[C@H](O)[C@@H]1O
LalaLglu	L-alanine-L-glutamate	C[C@H]([NH3+])C(=O)N[C@@H](CCC(=O)[O-])C(=O)[O-]
N1aspmd	N1-Acetylspermidine	CC(=O)NCCC[NH2+]CCCC[NH3+]
altrn	D-Altronate	O=C([O-])[C@@H](O)[C@H](O)[C@H](O)[C@H](O)CO
amet	S-Adenosyl-L-methionine	C[S+](CC[C@H]([NH3+])C(=O)[O-])C[C@H]1O[C@@H](n2cnc3c(N)ncnc32)[C@H](O)[C@@H]1O
Nmtrp	N-Methyltryptophan	CNC(Cc1c[nH]c2ccccc12)C(=O)O
acgal	N-Acetyl-D-galactosamine	CC(=O)N[C@H]1C(O)O[C@H](CO)[C@H](O)[C@@H]1O
Sfglutth	S-Formylglutathione	[NH3+][C@@H](CCC(=O)N[C@@H](CSC=O)C(=O)NCC(=O)[O-])C(=O)[O-]
ametam	S-Adenosylmethioninamine	C[S+](CCC[NH3+])C[C@H]1O[C@@H](n2cnc3c(N)ncnc32)[C@H](O)[C@@H]1O
amob	S-Adenosyl-4-methylthio-2-oxobutanoate	C[S](CCC(=O)C(=O)[O-])CC1OC(n2cnc3c(N)ncnc32)C(O)C1O
aacald	Aminoacetaldehyde	[NH3+]CC=O
amp	AMP C10H12N5O7P	Nc1ncnc2c1ncn2[C@@H]1O[C@H](COP(=O)([O-])[O-])[C@@H](O)[C@H]1O
acgam1p	N-Acetyl-D-glucosamine 1-phosphate	CC(=O)N[C@H]1[C@@H](OP(=O)([O-])[O-])O[C@H](CO)[C@@H](O)[C@@H]1O
anhgm3p	N-Acetyl-D-glucosamine(anhydrous)N-Acetylmuramyl-tripeptide	CC(=O)NC1=COC(CO)C(OC2OC(CO)C(O)C(O)C2NC(C)=O)C1OC(C)C(=O)NC(C)C(=O)NC(CCC(=O)[O-])C(=O)NC(CCCC([NH3+])C(=O)[O-])C(=O)[O-]
ca2	Calcium	[Ca+2]
acgam6p	N-Acetyl-D-glucosamine 6-phosphate	CC(=O)N[C@@H]1[C@@H](O)[C@H](O)[C@@H](COP(=O)([O-])[O-])O[C@H]1O
acgam	N-Acetyl-D-glucosamine	CC(=O)N[C@H]1C(O)O[C@H](CO)[C@@H](O)[C@@H]1O
anhgm4p	N-Acetyl-D-glucosamine(anhydrous)N-Acetylmuramyl-tetrapeptide	CC(=O)NC1=COC(CO)C(OC2OC(CO)C(O)C(O)C2NC(C)=O)C1OC(C)C(=O)NC(C)C(=O)NC(CCC(=O)[O-])C(=O)NC(CCCC([NH3+])C(=O)[O-])C(=O)NC(C)C(=O)[O-]
camp	CAMP C10H11N5O6P	Nc1ncnc2c1ncn2[C@@H]1O[C@@H]2COP(=O)([O-])O[C@H]2[C@H]1O
anhgm	N-Acetyl-D-glucosamine(anhydrous)N-Acetylmuramic acid	CC(=O)NC1=COC(CO)C(OC2OC(CO)C(O)C(O)C2NC(C)=O)C1OC(C)C(=O)[O-]
cbasp	N-Carbamoyl-L-aspartate	NC(=O)N[C@@H](CC(=O)[O-])C(=O)[O-]
cbi	Cobinamide	CC1=C2N3C(=C(CCC(N)=O)[C@]2(C)CC(N)=O)C=C2[N+]4=C(C(C)=C5N6[C@H]([C@H](CC(N)=O)[C@@]5(C)CCC(=O)NC[C@@H](C)O)[C@]5(C)[N+](=C1[C@@H](CCC(N)=O)[C@]5(C)CC(N)=O)[Co-3]364)[C@@H](CCC(N)=O)C2(C)C
acglc__D	6-Acetyl-D-glucose	CC(=O)OC[C@H]1O[C@@H](O)[C@H](O)[C@@H](O)[C@@H]1O
acglu	N-Acetyl-L-glutamate	CC(=O)N[C@@H](CCC(=O)[O-])C(=O)[O-]
acmalt	Acetyl-maltose	CC(=O)OC1O[C@H](CO)[C@@H](O[C@H]2O[C@H](CO)[C@@H](O)[C@H](O)[C@H]2O)[C@H](O)[C@H]1O
cbl1	Cob(I)alamin	CC1=C2N3C(=C(CCC(N)=O)[C@]2(C)CC(N)=O)C=C2[N+]4=C(C(C)=C5N6[C@@H]7[C@H](CC(N)=O)[C@@]5(C)CCC(=O)NC[C@@H](C)OP(=O)([O-])O[C@H]5[C@@H](O)[C@H](O[C@@H]5CO)[n+]5cn(c8cc(C)c(C)cc85)[Co-4]364[N+]3=C1[C@@H](CCC(N)=O)[C@](C)(CC(N)=O)[C@]73C)[C@@H](CCC(N)=O)C2(C)C
anhm3p	1,6-anhydrous-N-Acetylmuramyl-tripeptide	CC(=O)NC1=COC(CO)C(O)C1OC(C)C(=O)NC(C)C(=O)NC(CCC(=O)[O-])C(=O)NC(CCCC([NH3+])C(=O)[O-])C(=O)[O-]
anhm4p	1,6-anhydrous-N-Acetylmuramyl-tetrapeptide	CC(=O)NC1=COC(CO)C(O)C1OC(C)C(=O)NC(C)C(=O)NC(CCC(=O)[O-])C(=O)NC(CCCC([NH3+])C(=O)[O-])C(=O)NC(C)C(=O)[O-]
acmana	N-Acetyl-D-mannosamine	CC(=O)N[C@@H]1C(O)O[C@H](CO)[C@@H](O)[C@@H]1O
anhm	1,6-anhydrous-N-Acetylmuramate	CC(=O)NC1=COC(CO)C(O)C1OC(C)C(=O)[O-]
cbp	Carbamoyl phosphate	NC(=O)OP(=O)([O-])[O-]
anth	Anthranilate	Nc1ccccc1C(=O)[O-]
cd2	Cadmium	[Cd+2]
ap4a	P1,P4-Bis(5'-adenosyl) tetraphosphate	Nc1ncnc2c1ncn2[C@@H]1O[C@H](COP(=O)([O-])OP(=O)([O-])OP(=O)([O-])OP(=O)([O-])OC[C@H]2O[C@@H](n3cnc4c(N)ncnc43)[C@H](O)[C@@H]2O)[C@@H](O)[C@H]1O
acmanap	N-Acetyl-D-mannosamine 6-phosphate	CC(=O)N[C@@H]1C(O)O[C@H](COP(=O)(O)O)[C@@H](O)[C@@H]1O
cddec5eACP	Cis-dodec-5-enoyl-[acyl-carrier protein] (n-C12:1)	*OP(=O)([O-])OCC(C)(C)C(O)C(=O)NCCC(=O)NCCSC(=O)CCCC=CCCCCCC
acmum6p	N-acetylmuramate 6-phosphate	CC(=O)NC1C(O)OC(COP(=O)([O-])O)C(O)C1OC(C)C(=O)[O-]
cdec3eACP	Cis-dec-3-enoyl-[acyl-carrier protein] (n-C10:1)	*OP(=O)([O-])OCC(C)(C)C(O)C(=O)NCCC(=O)NCCSC(=O)CC=CCCCCCC
ap5a	P1,P5-Bis(5'-adenosyl) pentaphosphate	Nc1ncnc2c1ncn2[C@@H]1O[C@H](COP(=O)([O-])OP(=O)([O-])OP(=O)([O-])OP(=O)([O-])OP(=O)([O-])OC[C@H]2O[C@@H](n3cnc4c(N)ncnc43)[C@H](O)[C@@H]2O)[C@@H](O)[C@H]1O
acmum	N-Acetylmuramate	CC(=O)NC1C(O)OC(CO)C(O)C1OC(C)C(=O)O
apg120	Acyl phosphatidylglycerol (n-C12:0)	CCCCCCCCCCCC(=O)OCC(O)COP(=O)([O-])OCC(COC(=O)CCCCCCCCCCC)OC(=O)CCCCCCCCCCC
cdp	CDP C9H12N3O11P2	Nc1ccn([C@@H]2O[C@H](COP(=O)([O-])OP(=O)([O-])[O-])[C@@H](O)[C@H]2O)c(=O)n1
cdpdddecg	CDP-1,2-didodecanoylglycerol	CCCCCCCCCCCC(=O)OCC(COP(=O)([O-])OP(=O)([O-])OCC1OC(n2ccc(N)nc2=O)C(O)C1O)OC(=O)CCCCCCCCCCC
cdpdhdec9eg	CDP-1,2-dihexadec-9-enoylglycerol	CCCCCCC=CCCCCCCCC(=O)OCC(COP(=O)([O-])OP(=O)([O-])OCC1OC(n2ccc(N)nc2=O)C(O)C1O)OC(=O)CCCCCCCC=CCCCCCC
apg140	Acyl phosphatidylglycerol (n-C14:0)	CCCCCCCCCCCCCC(=O)OCC(O)COP(=O)([O-])OCC(COC(=O)CCCCCCCCCCCCC)OC(=O)CCCCCCCCCCCCC
acnam	N-Acetylneuraminate	CC(=O)N[C@H]1[C@H]([C@H](O)[C@H](O)CO)O[C@](O)(C(=O)[O-])C[C@@H]1O
apg141	Acyl phosphatidylglycerol (n-C14:1)	CCCCCCC=CCCCCCC(=O)OCC(O)COP(=O)([O-])OCC(COC(=O)CCCCCC=CCCCCCC)OC(=O)CCCCCC=CCCCCCC
cdpdhdecg	CDP-1,2-dihexadecanoylglycerol	CCCCCCCCCCCCCCCC(=O)OC[C@H](COP(=O)([O-])OP(=O)([O-])OC[C@H]1O[C@@H](n2ccc(N)nc2=O)[C@H](O)[C@@H]1O)OC(=O)CCCCCCCCCCCCCCC
cdpdodec11eg	CDP-1,2-dioctadec-11-enoylglycerol	CCCCCCC=CCCCCCCCCCC(=O)OCC(COP(=O)([O-])OP(=O)([O-])OCC1OC(n2ccc(N)nc2=O)C(O)C1O)OC(=O)CCCCCCCCCC=CCCCCCC
apg160	Acyl phosphatidylglycerol (n-C16:0)	CCCCCCCCCCCCCCCC(=O)OCC(O)COP(=O)([O-])OCC(COC(=O)CCCCCCCCCCCCCCC)OC(=O)CCCCCCCCCCCCCCC
apg161	Acyl phosphatidylglycerol (n-C16:1)	CCCCCCC=CCCCCCCCC(=O)OCC(O)COP(=O)([O-])OCC(COC(=O)CCCCCCCC=CCCCCCC)OC(=O)CCCCCCCC=CCCCCCC
cdpdodecg	CDP-1,2-dioctadecanoylglycerol	CCCCCCCCCCCCCCCCCC(=O)OCC(COP(=O)([O-])OP(=O)([O-])OCC1OC(n2ccc(N)nc2=O)C(O)C1O)OC(=O)CCCCCCCCCCCCCCCCC
acolipa	4-Amino-4-deoxy-L-arabinose modified core oligosaccharide lipid A	CCCCCCCCCCCCCC(=O)OC(CCCCCCCCCCC)CC(=O)OC1C(NC(=O)CC(CCCCCCCCCCC)OC(=O)CCCCCCCCCCC)C(OCC2OC(OP(=O)([O-])O)C(NC(=O)CC(O)CCCCCCCCCCC)C(OC(=O)CC(O)CCCCCCCCCCC)C2O)OC(COC2(C(=O)[O-])CC(OC3(C(=O)[O-])CC(OC4(C(=O)[O-])CC(O)C(O)C(C(O)CO)O4)C(OC4OC(C)C(O)C(O)C4O)C(C(O)CO)O3)C(OC3OC(C(O)CO)C(OP(=O)([O-])O)C(OC4OC(C(O)COC5OC(C(O)CO)C(O)C(O)C5O)C(OP(=O)([O-])O)C(OC5OC(COC6OC(CO)C(O)C(O)C6O)C(O)C(OC6OC(CO)C(O)C(O)C6OC6OC(COC7OC(C(O)CO)C(O)C(O)C7O)C(O)C(O)C6O)C5O)C4O)C3O)C(C(O)CO)O2)C1OP(=O)([O-])OC1OCC([NH3+])C(O)C1O
cdpdtdec7eg	CDP-1,2-ditetradec-7-enoylglycerol	CCCCCCC=CCCCCCC(=O)OCC(COP(=O)([O-])OP(=O)([O-])OCC1OC(n2ccc(N)nc2=O)C(O)C1O)OC(=O)CCCCCC=CCCCCCC
apg180	Acyl phosphatidylglycerol (n-C18:0)	CCCCCCCCCCCCCCCCCC(=O)OCC(O)COP(=O)([O-])OCC(COC(=O)CCCCCCCCCCCCCCCCC)OC(=O)CCCCCCCCCCCCCCCCC
apg181	Acyl phosphatidylglycerol (n-C18:1)	CCCCCCC=CCCCCCCCCCC(=O)OCC(O)COP(=O)([O-])OCC(COC(=O)CCCCCCCCCC=CCCCCCC)OC(=O)CCCCCCCCCC=CCCCCCC
cdpdtdecg	CDP-1,2-ditetradecanoylglycerol	CCCCCCCCCCCCCC(=O)OCC(COP(=O)([O-])OP(=O)([O-])OCC1OC(n2ccc(N)nc2=O)C(O)C1O)OC(=O)CCCCCCCCCCCCC
acon_C	Cis-Aconitate	O=C([O-])/C=C(/CC(=O)[O-])C(=O)[O-]
cechddd	Cis-3-(3-carboxyethyl)-3,5-cyclohexadiene-1,2-diol	O=C([O-])CCC1=CC=CC(O)C1O
acon_T	Trans-Aconitate	O=C([O-])/C=C(\CC(=O)[O-])C(=O)[O-]
aps	Adenosine 5'-phosphosulfate	Nc1ncnc2c1ncn2[C@@H]1O[C@H](COP(=O)([O-])OS(=O)(=O)[O-])[C@@H](O)[C@H]1O
cenchddd	Cis-3-(3-carboxyethenyl)-3,5-cyclohexadiene-1,2-diol	O=C([O-])C=CC1=CC=CC(O)C1O
aconm	E-3-carboxy-2-pentenedioate 6-methyl ester	COC(=O)C(=CC(=O)[O-])CC(=O)[O-]
cgly	Cys Gly C5H10N2O3S	[NH3+][C@@H](CS)C(=O)NCC(=O)[O-]
ara5p	D-Arabinose 5-phosphate	O=C[C@@H](O)[C@H](O)[C@H](O)COP(=O)([O-])[O-]
acorn	N2-Acetyl-L-ornithine	CC(=O)N[C@@H](CCC[NH3+])C(=O)[O-]
arab__L	L-Arabinose	O=C[C@H](O)[C@@H](O)[C@@H](O)CO
acser	O-Acetyl-L-serine	CC(=O)OC[C@H]([NH3+])C(=O)[O-]
chol	Choline C5H14NO	C[N+](C)(C)CCO
aragund	O-acetyl-rhamanosyl-N-acetylglucosamyl-undecaprenyl diphosphate	CC(=O)NC1C(OP(=O)([O-])OP(=O)([O-])OCC=C(C)CCC=C(C)CCC=C(C)CCC=C(C)CCC=C(C)CCC=C(C)CCC=C(C)CCC=C(C)CCC=C(C)CCC=C(C)CCC=C(C)C)OC(CO)C(O)C1OC1OC(C)C(O)C(O)C1OC(C)=O
actACP	Acetoacetyl-ACP	*SC(=O)CC(C)=O
arbt6p	Arbutin 6-phosphate	O=P([O-])([O-])OC[C@H]1O[C@@H](Oc2ccc(O)cc2)[C@H](O)[C@@H](O)[C@@H]1O
chor	Chorismate	C=C(O[C@@H]1C=C(C(=O)[O-])C=C[C@H]1O)C(=O)[O-]
actp	Acetyl phosphate	CC(=O)OP(=O)([O-])[O-]
cinnm	Trans-Cinnamate	O=C([O-])C=Cc1ccccc1
arbtn_fe3	Aerobactin	CC(=O)N(O)CCCCC(NC(=O)CC(O)(CC(=O)NC(CCCCN(O)C(C)=O)C(=O)[O-])C(=O)[O-])C(=O)[O-].[Fe+2]
ade	Adenine	Nc1ncnc2[nH]cnc12
cit	Citrate	O=C([O-])CC(O)(CC(=O)[O-])C(=O)[O-]
arbtn	Aerobactin minus Fe3	CC(=O)N(O)CCCC[C@H](NC(=O)CC(O)(CC(=O)N[C@@H](CCCCN(O)C(C)=O)C(=O)[O-])C(=O)[O-])C(=O)[O-]
adn	Adenosine	Nc1ncnc2c1ncn2[C@@H]1O[C@H](CO)[C@@H](O)[C@H]1O
citr__L	L-Citrulline	NC(=O)NCCC[C@H]([NH3+])C(=O)[O-]
arg__L	L-Arginine	NC(=[NH2+])NCCC[C@H]([NH3+])C(=O)[O-]
ckdo	CMP-3-deoxy-D-manno-octulosonate	Nc1ccn(C2OC(COP(=O)([O-])OC3(C(=O)[O-])CC(O)C(O)C(C(O)CO)O3)C(O)C2O)c(=O)n1
cl	Chloride	[Cl-]
adocbi	Adenosyl cobinamide	CC1=C2N3[C@H]([C@H](CC(N)=O)[C@@]2(C)CCC(=O)NC[C@@H](C)O)[C@]2(C)[N+]4=C(C(C)=C5[N+]6=C(C=C7[N+](=C1[C@@H](CCC(N)=O)C7(C)C)[Co-2]364C[C@H]1O[C@@H](n3cnc4c(N)ncnc43)[C@H](O)[C@@H]1O)[C@@H](CCC(N)=O)[C@]5(C)CC(N)=O)[C@@H](CCC(N)=O)[C@]2(C)CC(N)=O
adocbip	Adenosyl cobinamide phosphate	CC1=C2N3[C@H]([C@H](CC(N)=O)[C@@]2(C)CCC(=O)NC[C@@H](C)OP(=O)([O-])[O-])[C@]2(C)[N+]4=C(C(C)=C5[N+]6=C(C=C7[N+](=C1[C@@H](CCC(N)=O)C7(C)C)[Co-2]364C[C@H]1O[C@@H](n3cnc4c(N)ncnc43)[C@H](O)[C@@H]1O)[C@@H](CCC(N)=O)[C@]5(C)CC(N)=O)[C@@H](CCC(N)=O)[C@]2(C)CC(N)=O
clpn120	Cardiolipin (tetradodecanoyl, n-C12:0)	CCCCCCCCCCCC(=O)OCC(COP(=O)([O-])OCC(O)COP(=O)([O-])OCC(COC(=O)CCCCCCCCCCC)OC(=O)CCCCCCCCCCC)OC(=O)CCCCCCCCCCC
argsuc	N(omega)-(L-Arginino)succinate	N/C(=N\CCC[C@H](N)C(=O)O)N[C@@H](CC(=O)O)C(=O)O
adocbl	Adenosylcobalamin	CC1=C2N3[C@@H]4[C@H](CC(N)=O)[C@@]2(C)CCC(=O)NC[C@@H](C)OP(=O)([O-])O[C@H]2[C@@H](O)[C@H](O[C@@H]2CO)n2c[n+](c5cc(C)c(C)cc52)[Co-3]325(C[C@H]3O[C@@H](n6cnc7c(N)ncnc76)[C@H](O)[C@@H]3O)[N+]3=C1[C@@H](CCC(N)=O)C(C)(C)C3=CC1=[N+]2C(=C(C)C2=[N+]5[C@]4(C)[C@@](C)(CC(N)=O)[C@@H]2CCC(N)=O)[C@@](C)(CC(N)=O)[C@@H]1CCC(N)=O
argtrna	L-Arginyl-tRNA(Arg)	*CC1OC(n2cnc3c(N)ncnc32)C(OC(=O)C([NH3+])CCCNC(N)=[NH2+])C1O
clpn140	Cardiolipin (tetratetradecanoyl, n-C14:0)	CCCCCCCCCCCCCC(=O)OCC(COP(=O)([O-])OCC(O)COP(=O)([O-])OCC(COC(=O)CCCCCCCCCCCCC)OC(=O)CCCCCCCCCCCCC)OC(=O)CCCCCCCCCCCCC
clpn141	Cardiolipin (tetratetradec-7-enoyl, n-C14:1)	CCCCCCC=CCCCCCC(=O)OCC(COP(=O)([O-])OCC(O)COP(=O)([O-])OCC(COC(=O)CCCCCC=CCCCCCC)OC(=O)CCCCCC=CCCCCCC)OC(=O)CCCCCC=CCCCCCC
ascb6p	L-ascorbate-6-phosphate	O=C1OC(C(O)COP(=O)([O-])O)C([O-])=C1O
ascb__L	L-Ascorbate	O=C1O[C@H]([C@@H](O)CO)C([O-])=C1O
clpn160	Cardiolipin (tetrahexadecanoyl, n-C16:0)	CCCCCCCCCCCCCCCC(=O)OCC(COP(=O)([O-])OCC(O)COP(=O)([O-])OCC(COC(=O)CCCCCCCCCCCCCCC)OC(=O)CCCCCCCCCCCCCCC)OC(=O)CCCCCCCCCCCCCCC
adp	ADP C10H12N5O10P2	Nc1ncnc2c1ncn2[C@@H]1O[C@H](COP(=O)([O-])OP(=O)([O-])[O-])[C@@H](O)[C@H]1O
clpn161	Cardiolipin (tetrahexadec-9-enoyl, n-C16:1)	CCCCCCC=CCCCCCCCC(=O)OCC(COP(=O)([O-])OCC(O)COP(=O)([O-])OCC(COC(=O)CCCCCCCC=CCCCCCC)OC(=O)CCCCCCCC=CCCCCCC)OC(=O)CCCCCCCC=CCCCCCC
asn__L	L-Asparagine	NC(=O)C[C@H]([NH3+])C(=O)[O-]
clpn180	Cardiolipin (tetraoctadecanoyl, n-C18:0)	CCCCCCCCCCCCCCCCCC(=O)OCC(COP(=O)([O-])OCC(O)COP(=O)([O-])OCC(COC(=O)CCCCCCCCCCCCCCCCC)OC(=O)CCCCCCCCCCCCCCCCC)OC(=O)CCCCCCCCCCCCCCCCC
clpn181	Cardiolipin (tetraoctadec-11-enoyl, n-C18:1)	CCCCCCC=CCCCCCCCCCC(=O)OCC(COP(=O)([O-])OCC(O)COP(=O)([O-])OCC(COC(=O)CCCCCCCCCC=CCCCCCC)OC(=O)CCCCCCCCCC=CCCCCCC)OC(=O)CCCCCCCCCC=CCCCCCC
adpglc	ADPglucose C16H23N5O15P2	Nc1ncnc2c1ncn2[C@@H]1O[C@H](COP(=O)([O-])OP(=O)([O-])O[C@H]2O[C@H](CO)[C@@H](O)[C@H](O)[C@H]2O)[C@@H](O)[C@H]1O
cmp	CMP C9H12N3O8P	Nc1ccn([C@@H]2O[C@H](COP(=O)([O-])[O-])[C@@H](O)[C@H]2O)c(=O)n1
asntrna	L-Asparaginyl-tRNA(Asn)	*CC1OC(n2cnc3c(N)ncnc32)C(OC(=O)C([NH3+])CC(N)=O)C1O
adphep_DD	ADP-D-glycero-D-manno-heptose	Nc1ncnc2c1ncn2[C@@H]1O[C@H](COP(=O)([O-])OP(=O)([O-])O[C@@H]2O[C@H]([C@H](O)CO)[C@@H](O)[C@H](O)[C@@H]2O)[C@@H](O)[C@H]1O
aso3	Arsenite	O[As](O)O
adphep_LD	ADP-L-glycero-D-manno-heptose	Nc1ncnc2c1ncn2[C@@H]1O[C@H](COP(=O)([O-])OP(=O)([O-])O[C@@H]2O[C@H]([C@@H](O)CO)[C@@H](O)[C@H](O)[C@@H]2O)[C@@H](O)[C@H]1O
co2	CO2 CO2	O=C=O
adprib	ADPribose C15H21N5O14P2	Nc1ncnc2c1ncn2[C@@H]1O[C@H](COP(=O)(O)OP(=O)(O)OC[C@H]2O[C@@H](O)[C@H](O)[C@@H]2O)[C@@H](O)[C@H]1O
ag	Silver	[Ag+]
aso4	Arsenate	O=[As]([O-])([O-])O
coa	Coenzyme A	CC(C)(COP(=O)([O-])OP(=O)([O-])OC[C@H]1O[C@@H](n2cnc3c(N)ncnc32)[C@H](O)[C@@H]1OP(=O)([O-])[O-])[C@@H](O)C(=O)NCCC(=O)NCCS
asp__L	L-Aspartate	[NH3+][C@@H](CC(=O)[O-])C(=O)[O-]
agdpcbi	Adenosine-GDP-cobinamide	CC1=C2N3[C@H]([C@H](CC(N)=O)[C@@]2(C)CCC(=O)NC[C@@H](C)OP(=O)([O-])OP(=O)([O-])OC[C@H]2O[C@@H](n4cnc5c(=O)[nH]c(N)nc54)[C@H](O)[C@@H]2O)[C@]2(C)[N+]4=C(C(C)=C5[N+]6=C(C=C7[N+](=C1[C@@H](CCC(N)=O)C7(C)C)[Co-2]364C[C@H]1O[C@@H](n3cnc4c(N)ncnc43)[C@H](O)[C@@H]1O)[C@@H](CCC(N)=O)[C@]5(C)CC(N)=O)[C@@H](CCC(N)=O)[C@]2(C)CC(N)=O
cobalt2	Co2+	[Co+2]
agm	Agmatine	NC(=[NH2+])NCCCC[NH3+]
aspsa	L-Aspartate 4-semialdehyde	[NH3+][C@@H](CC=O)C(=O)[O-]
asptrna	L-Aspartyl-tRNA(Asp)	*CC1OC(n2cnc3c(N)ncnc32)C(OC(=O)C([NH3+])CC(=O)[O-])C1O
colipa	Core oligosaccharide lipid A	CCCCCCCCCCCCCC(=O)OC(CCCCCCCCCCC)CC(=O)OC1C(NC(=O)CC(CCCCCCCCCCC)OC(=O)CCCCCCCCCCC)C(OCC2OC(OP(=O)([O-])O)C(NC(=O)CC(O)CCCCCCCCCCC)C(OC(=O)CC(O)CCCCCCCCCCC)C2O)OC(COC2(C(=O)[O-])CC(OC3(C(=O)[O-])CC(OC4(C(=O)[O-])CC(O)C(O)C(C(O)CO)O4)C(OC4OC(C)C(O)C(O)C4O)C(C(O)CO)O3)C(OC3OC(C(O)CO)C(OP(=O)([O-])O)C(OC4OC(C(O)COC5OC(C(O)CO)C(O)C(O)C5O)C(OP(=O)([O-])O)C(OC5OC(COC6OC(CO)C(O)C(O)C6O)C(O)C(OC6OC(CO)C(O)C(O)C6OC6OC(COC7OC(C(O)CO)C(O)C(O)C7O)C(O)C(O)C6O)C5O)C4O)C3O)C(C(O)CO)O2)C1OP(=O)([O-])O
athr__L	L-Allo-threonine	C[C@H](O)[C@H]([NH3+])C(=O)[O-]
ahcys	S-Adenosyl-L-homocysteine	Nc1ncnc2c1ncn2[C@@H]1O[C@H](CSCC[C@H]([NH3+])C(=O)[O-])[C@@H](O)[C@H]1O
atp	ATP C10H12N5O13P3	Nc1ncnc2c1ncn2[C@@H]1O[C@H](COP(=O)([O-])OP(=O)([O-])OP(=O)([O-])[O-])[C@@H](O)[C@H]1O
ahdt	2-Amino-4-hydroxy-6-(erythro-1,2,3-trihydroxypropyl)dihydropteridine triphosphate	Nc1nc2c(c(=O)[nH]1)N=C([C@H](O)[C@H](O)COP(=O)([O-])OP(=O)([O-])OP(=O)([O-])[O-])CN2
cpe160	Cyclopropane phosphatidylethanolamine (dihexadec-9,10-cyclo-anoyl, n-C16:0 cyclo)	CCCCCCC1CC1CCCCCCCC(=O)N(CCOP(=O)([O-])OCC(O)CO)C(=O)CCCCCCCC1CC1CCCCCC
b2coa	Crotonoyl-CoA	C/C=C/C(=O)SCCNC(=O)CCNC(=O)[C@H](O)C(C)(C)COP(=O)([O-])OP(=O)([O-])OC[C@H]1O[C@@H](n2cnc3c(N)ncnc32)[C@H](O)[C@@H]1OP(=O)([O-])[O-]
aicar	5-Amino-1-(5-Phospho-D-ribosyl)imidazole-4-carboxamide	NC(=O)c1ncn([C@@H]2O[C@H](COP(=O)([O-])[O-])[C@@H](O)[C@H]2O)c1N
bbtcoa	Gamma-butyrobetainyl-CoA	CC(C)(COP(=O)([O-])OP(=O)([O-])OC[C@H]1O[C@@H](n2cnc3c(N)ncnc32)[C@H](O)[C@@H]1OP(=O)([O-])[O-])[C@@H](O)C(=O)NCCC(=O)NCCSC(=O)CCC[N+](C)(C)C
cpe180	Cyclopropane phosphatidylethanolamine (dioctadec-11,12-cyclo-anoyl, n-C18:0 cyclo)	CCCCCCC1CC1CCCCCCCCCC(=O)N(CCOP(=O)([O-])OCC(O)CO)C(=O)CCCCCCCCCC1CC1CCCCCC
cpg160	Cyclopropane phosphatidylglycerol (dihexadec-9,10-cyclo-anoyl, n-C16:0 cyclo)	CCCCCCC1CC1CCCCCCCC(=O)OCC(COP(=O)([O-])OCC(O)CO)OC(=O)CCCCCCCC1CC1CCCCCC
air	5-amino-1-(5-phospho-D-ribosyl)imidazole	Nc1c[nH+]cn1[C@@H]1O[C@H](COP(=O)([O-])[O-])[C@@H](O)[C@H]1O
cpg180	Cyclopropane phosphatidylglycerol (dioctadec-11,12-cyclo-anoyl, n-C18:0 cyclo)	CCCCCCC1CC1CCCCCCCCCC(=O)OCC(COP(=O)([O-])OCC(O)CO)OC(=O)CCCCCCCCCC1CC1CCCCCC
betald	Betaine aldehyde	C[N+](C)(C)CC=O
akg	2-Oxoglutarate	O=C([O-])CCC(=O)C(=O)[O-]
bglycogen	Branching glycogen	OCC1OC(OCC2OC(OC3C(CO)OC(O)C(O)C3O)C(O)C(O)C2OC2OC(CO)C(O)C(O)C2O)C(O)C(O)C1O
cpgn_un	Coprogen unloaded (no Fe(III))	CC(=O)N[C@@H](CCCN(O)C(=O)/C=C(\C)CCO)C(=O)OCC/C(C)=C/C(=O)N(O)CCC[C@@H]1NC(=O)[C@H](CCCN(O)C(=O)/C=C(\C)CCO)NC1=O
btal	Butanal C4H8O	CCCC=O
btcoa	Butanoyl-CoA	CCCC(=O)SCCNC(=O)CCNC(=O)[C@H](O)C(C)(C)COP(=O)([O-])OP(=O)([O-])OC[C@H]1O[C@@H](n2cnc3c(N)ncnc32)[C@H](O)[C@@H]1OP(=O)([O-])[O-]
ala_B	Beta-Alanine	[NH3+]CCC(=O)[O-]
cpgn	Coprogen	CC(=O)N[C@@H](CCCN([O-])C(=O)/C=C(\C)CCO)C(=O)OCC/C(C)=C/C(=O)N([O-])CCC[C@@H]1NC(=O)[C@H](CCCN([O-])C(=O)/C=C(\C)CCO)NC1=O.[Fe+3]
btn	Biotin	O=C([O-])CCCC[C@@H]1SC[C@@H]2NC(=O)N[C@@H]21
btnso	D-biotin d-sulfoxide	O=C([O-])CCCC[C@H]1[C@H]2NC(=O)N[C@H]2CS1=O
but2eACP	But-2-enoyl-[acyl-carrier protein]	*OP(=O)([O-])OCC(C)(C)C(O)C(=O)NCCC(=O)NCCSC(=O)C=CC
ala__D	D-Alanine	C[C@@H]([NH3+])C(=O)[O-]
butACP	Butyryl-ACP (n-C4:0ACP)	*OP(=O)([O-])OCC(C)(C)C(O)C(=O)NCCC(=O)NCCSC(=O)CCC
cpppg3	Coproporphyrinogen III	Cc1c2[nH]c(c1CCC(=O)[O-])Cc1[nH]c(c(CCC(=O)[O-])c1C)Cc1[nH]c(c(CCC(=O)[O-])c1C)Cc1[nH]c(c(C)c1CCC(=O)[O-])C2
but	Butyrate (n-C4:0)	CCCC(=O)[O-]
crnDcoa	D-carnitinyl-CoA	CC(C)(COP(=O)([O-])OP(=O)([O-])OC[C@H]1O[C@@H](n2cnc3c(N)ncnc32)[C@H](O)[C@@H]1OP(=O)([O-])[O-])[C@@H](O)C(=O)NCCC(=O)NCCSC(=O)C[C@H](O)C[N+](C)(C)C
ala__L	L-Alanine	C[C@H]([NH3+])C(=O)[O-]
butso3	Butanesulfonate	CCCCS(=O)(=O)[O-]
crn	L-Carnitine	C[N+](C)(C)C[C@H](O)CC(=O)[O-]
alaala	D-Alanyl-D-alanine	C[C@@H]([NH3+])C(=O)N[C@H](C)C(=O)[O-]
crncoa	L-Carnitinyl-CoA	CC(C)(COP(=O)([O-])OP(=O)([O-])OC[C@H]1O[C@@H](n2cnc3c(N)ncnc32)[C@H](O)[C@@H]1OP(=O)([O-])[O-])[C@@H](O)C(=O)NCCC(=O)NCCSC(=O)C[C@@H](O)C[N+](C)(C)C
csn	Cytosine	Nc1cc[nH]c(=O)n1
dopa	Dopamine	[NH3+]CCc1ccc(O)c(O)c1
cu	Cu+	[Cu+]
dpcoa	Dephospho-CoA	CC(C)(COP(=O)([O-])OP(=O)([O-])OC[C@H]1O[C@@H](n2cnc3c(N)ncnc32)[C@H](O)[C@@H]1O)[C@@H](O)C(=O)NCCC(=O)NCCS
dsbaox	Periplasmic protein disulfide isomerase I (oxidized)	[H]*([H])([H])[H]
ctbtcoa	Crotonobetainyl-CoA	CC(C)(COP(=O)([O-])OP(=O)([O-])OC[C@H]1O[C@@H](n2cnc3c(N)ncnc32)[C@H](O)[C@@H]1OP(=O)([O-])[O-])[C@@H](O)C(=O)NCCC(=O)NCCSC(=O)/C=C/C[N+](C)(C)C
cyan	Hydrogen cyanide	C
ctp	CTP C9H12N3O14P3	Nc1ccn([C@@H]2O[C@H](COP(=O)([O-])OP(=O)([O-])OP(=O)([O-])[O-])[C@@H](O)[C@H]2O)c(=O)n1
cynt	Cyanate	N
cu2	Copper	[Cu+2]
cys__D	D-Cysteine	[NH3+][C@H](CS)C(=O)[O-]
cys__L	L-Cysteine	[NH3+][C@@H](CS)C(=O)[O-]
dscl	Dihydrosirohydrochlorin	CC1(CC(=O)[O-])C2=Cc3[nH]c(c(CCC(=O)[O-])c3CC(=O)[O-])Cc3[nH]c(c(CC(=O)[O-])c3CCC(=O)[O-])C=C3[NH+]=C(C=C(N2)C1CCC(=O)[O-])C(C)(CC(=O)[O-])C3CCC(=O)[O-]
feoxam_un	Ferroxamine minus Fe(3)	CC(=O)N(O)CCCCCNC(=O)CCC(=O)N(O)CCCCCNC(=O)CCC(=O)N(O)CCCCCN
dtbt	Dethiobiotin	C[C@@H]1NC(=O)N[C@@H]1CCCCCC(=O)[O-]
dtdp4aaddg	DTDP-4-acetamido-4,6-dideoxy-D-galactose	CC(=O)N[C@@H]1[C@H](O)[C@@H](O)[C@@H](OP(=O)([O-])OP(=O)([O-])OC[C@H]2O[C@@H](n3cc(C)c(=O)[nH]c3=O)C[C@@H]2O)O[C@@H]1C
cyst__L	L-Cystathionine	[NH3+][C@@H](CCSC[C@H]([NH3+])C(=O)[O-])C(=O)[O-]
dtdp4addg	DTDP-4-amino-4,6-dideoxy-D-galactose	Cc1cn(C2CC(O)C(COP(=O)([O-])OP(=O)([O-])OC3OC(C)C([NH3+])C(O)C3O)O2)c(=O)[nH]c1=O
feoxam	Generic ferrioxamine-Fe-III	CC(=O)N1CCCCCNC(=O)CCC(=O)N2CCCCCNC(=O)CCC(=O)N(CCCCCN)O[Fe](O1)O2
cystrna	L-Cysteinyl-tRNA(Cys)	*CC1OC(n2cnc3c(N)ncnc32)C(OC(=O)C(N)CS)C1O
cytd	Cytidine	Nc1ccn([C@@H]2O[C@H](CO)[C@@H](O)[C@H]2O)c(=O)n1
dtdp4d6dg	DTDP-4-dehydro-6-deoxy-D-glucose	Cc1cn([C@H]2C[C@H](O)[C@@H](COP(=O)([O-])OP(=O)([O-])O[C@H]3O[C@H](C)C(=O)[C@H](O)[C@H]3O)O2)c(=O)[nH]c1=O
dtdp4d6dm	DTDP-4-dehydro-6-deoxy-L-mannose	Cc1cn([C@H]2C[C@H](O)[C@@H](COP(=O)([O-])OP(=O)([O-])O[C@H]3O[C@@H](C)C(=O)[C@@H](O)[C@H]3O)O2)c(=O)[nH]c1=O
fgam	N2-Formyl-N1-(5-phospho-D-ribosyl)glycinamide	O=CNCC(=O)N[C@@H]1O[C@H](COP(=O)([O-])[O-])[C@@H](O)[C@H]1O
dtdp	DTDP C10H13N2O11P2	Cc1cn([C@H]2C[C@H](O)[C@@H](COP(=O)([O-])OP(=O)([O-])[O-])O2)c(=O)[nH]c1=O
dad_2	Deoxyadenosine	Nc1ncnc2c1ncn2[C@H]1C[C@H](O)[C@@H](CO)O1
dtdpglu	DTDPglucose	Cc1cn([C@H]2C[C@H](O)[C@@H](COP(=O)([O-])OP(=O)([O-])O[C@H]3O[C@H](CO)[C@@H](O)[C@H](O)[C@H]3O)O2)c(=O)[nH]c1=O
dtdprmn	DTDP-L-rhamnose	Cc1cn([C@H]2C[C@H](O)[C@@H](COP(=O)([O-])OP(=O)([O-])O[C@H]3O[C@@H](C)[C@H](O)[C@@H](O)[C@H]3O)O2)c(=O)[nH]c1=O
dad_5	5'-Deoxyadenosine	C[C@H]1O[C@@H](n2cnc3c(N)ncnc32)[C@H](O)[C@@H]1O
fmettrna	N-Formylmethionyl-tRNA	*CC1OC(n2cnc3c(N)ncnc32)C(OC(=O)C(CCSC)NC=O)C1O
dtmp	DTMP C10H13N2O8P	Cc1cn([C@H]2C[C@H](O)[C@@H](COP(=O)([O-])[O-])O2)c(=O)[nH]c1=O
fmn	FMN C17H19N4O9P	Cc1cc2nc3c(=O)[nH]c(=O)nc-3n(C[C@H](O)[C@H](O)[C@H](O)COP(=O)(O)O)c2cc1C
dadp	DADP C10H12N5O9P2	Nc1ncnc2c1ncn2[C@H]1C[C@H](O)[C@@H](COP(=O)([O-])OP(=O)([O-])[O-])O1
damp	DAMP C10H12N5O6P	Nc1ncnc2c1ncn2[C@H]1C[C@H](O)[C@@H](COP(=O)([O-])[O-])O1
fmnh2	Reduced FMN	Cc1cc2c(cc1C)N(C[C@H](O)[C@H](O)[C@H](O)COP(=O)([O-])[O-])c1[nH]c(=O)[nH]c(=O)c1N2
for	Formate	O=C[O-]
dttp	DTTP C10H13N2O14P3	Cc1cn([C@H]2C[C@H](O)[C@@H](COP(=O)([O-])OP(=O)([O-])OP(=O)([O-])[O-])O2)c(=O)[nH]c1=O
dudp	DUDP C9H11N2O11P2	O=c1ccn([C@H]2C[C@H](O)[C@@H](COP(=O)([O-])OP(=O)([O-])[O-])O2)c(=O)[nH]1
fpram	2-(Formamido)-N1-(5-phospho-D-ribosyl)acetamidine	[NH2+]=C(CNC=O)N[C@@H]1O[C@H](COP(=O)([O-])[O-])[C@@H](O)[C@H]1O
dann	7,8-Diaminononanoate	C[C@H]([NH3+])[C@H]([NH3+])CCCCCC(=O)[O-]
dump	DUMP C9H11N2O8P	O=c1ccn([C@H]2C[C@H](O)[C@@H](COP(=O)([O-])[O-])O2)c(=O)[nH]1
datp	DATP C10H12N5O12P3	Nc1ncnc2c1ncn2[C@H]1C[C@H](O)[C@@H](COP(=O)([O-])OP(=O)([O-])OP(=O)([O-])[O-])O1
fprica	5-Formamido-1-(5-phospho-D-ribosyl)imidazole-4-carboxamide	NC(=O)c1ncn([C@@H]2O[C@H](COP(=O)([O-])[O-])[C@@H](O)[C@H]2O)c1NC=O
frdp	Farnesyl diphosphate	CC(C)=CCCC(C)=CCCC(C)=CCOP(=O)(O)OP(=O)(O)O
db4p	3,4-dihydroxy-2-butanone 4-phosphate	CC(=O)C(O)COP(=O)(O)O
dc2coa	Trans-Dec-2-enoyl-CoA	CCCCCCC/C=C/C(=O)SCCNC(=O)CCNC(=O)[C@H](O)C(C)(C)COP(=O)([O-])OP(=O)([O-])OC[C@H]1O[C@@H](n2cnc3c(N)ncnc32)[C@H](O)[C@@H]1OP(=O)([O-])[O-]
fru	D-Fructose	OC[C@H]1O[C@](O)(CO)[C@@H](O)[C@@H]1O
duri	Deoxyuridine	O=c1ccn([C@H]2C[C@H](O)[C@@H](CO)O2)c(=O)[nH]1
dca	Decanoate (n-C10:0)	CCCCCCCCCC(=O)[O-]
frulys	Fructoselysine	[NH3+][C@@H](CCCC[NH2+]CC(=O)[C@@H](O)[C@H](O)[C@H](O)CO)C(=O)[O-]
dutp	DUTP C9H11N2O14P3	O=c1ccn([C@H]2C[C@H](O)[C@@H](COP(=O)([O-])OP(=O)([O-])OP(=O)([O-])[O-])O2)c(=O)[nH]1
dxyl5p	1-deoxy-D-xylulose 5-phosphate	CC(=O)[C@@H](O)[C@H](O)COP(=O)([O-])[O-]
frulysp	Fructoselysine Phosphate	[NH3+]C(CCCC[NH2+]C1OC(COP(=O)([O-])O)C(O)C(O)C1O)C(=O)[O-]
dcacoa	Decanoyl-CoA (n-C10:0CoA)	CCCCCCCCCC(=O)SCCNC(=O)CCNC(=O)[C@H](O)C(C)(C)COP(=O)([O-])OP(=O)([O-])OC[C@H]1O[C@@H](n2cnc3c(N)ncnc32)[C@H](O)[C@@H]1OP(=O)([O-])[O-]
dxyl	1-deoxy-D-xylulose	CC1(O)OCC(O)C1O
dcamp	N6-(1,2-Dicarboxyethyl)-AMP	O=C(O)C[C@H](Nc1ncnc2c1ncn2[C@@H]1O[C@H](COP(=O)(O)O)[C@@H](O)[C@H]1O)C(=O)O
fruur	D-Fructuronate	O=C(O)[C@H]1O[C@](O)(CO)[C@@H](O)[C@@H]1O
e4p	D-Erythrose 4-phosphate	O=C[C@H](O)[C@H](O)COP(=O)([O-])[O-]
dcdp	DCDP C9H12N3O10P2	Nc1ccn([C@H]2C[C@H](O)[C@@H](COP(=O)([O-])OP(=O)([O-])[O-])O2)c(=O)n1
eca2und	(enterobacterial common antigen)x2 undecaprenyl-diphosphate	CC(=O)NC1C(C)OC(OC2C(C(=O)[O-])OC(OC3C(CO)OC(OC4C(O)C(OC5C(C(=O)[O-])OC(OC6C(CO)OC(OP(=O)([O-])OP(=O)([O-])OCC=C(C)CCC=C(C)CCC=C(C)CCC=C(C)CCC=C(C)CCC=C(C)CCC=C(C)CCC=C(C)CCC=C(C)CCC=C(C)CCC=C(C)C)C(NC(C)=O)C6O)C(NC(C)=O)C5O)OC(C)C4NC(C)=O)C(NC(C)=O)C3O)C(NC(C)=O)C2O)C(O)C1O
dcmp	DCMP C9H12N3O7P	Nc1ccn([C@H]2C[C@H](O)[C@@H](COP(=O)([O-])[O-])O2)c(=O)n1
eca3und	(enterobacterial common antigen)x3 undecaprenyl-diphosphate	CC(=O)NC1C(C)OC(OC2C(C(=O)[O-])OC(OC3C(CO)OC(OC4C(O)C(OC5C(C(=O)[O-])OC(OC6C(CO)OC(OC7C(O)C(OC8C(C(=O)[O-])OC(OC9C(CO)OC(OP(=O)([O-])OP(=O)([O-])OCC=C(C)CCC=C(C)CCC=C(C)CCC=C(C)CCC=C(C)CCC=C(C)CCC=C(C)CCC=C(C)CCC=C(C)CCC=C(C)CCC=C(C)C)C(NC(C)=O)C9O)C(NC(C)=O)C8O)OC(C)C7NC(C)=O)C(NC(C)=O)C6O)C(NC(C)=O)C5O)OC(C)C4NC(C)=O)C(NC(C)=O)C3O)C(NC(C)=O)C2O)C(O)C1O
fuc__L	L-Fucose	C[C@@H]1O[C@@H](O)[C@@H](O)[C@H](O)[C@@H]1O
eca4colipa	(enterobacterial common antigen)x4 core oligosaccharide lipid A	CCCCCCCCCCCCCC(=O)OC(CCCCCCCCCCC)CC(=O)OC1C(NC(=O)CC(CCCCCCCCCCC)OC(=O)CCCCCCCCCCC)C(OCC2OC(OP(=O)([O-])O)C(NC(=O)CC(O)CCCCCCCCCCC)C(OC(=O)CC(O)CCCCCCCCCCC)C2O)OC(COC2(C(=O)[O-])CC(OC3(C(=O)[O-])CC(OC4(C(=O)[O-])CC(O)C(O)C(C(O)CO)O4)C(OC4OC(C)C(O)C(O)C4O)C(C(O)CO)O3)C(OC3OC(C(O)CO)C(OP(=O)([O-])O)C(OC4OC(C(O)COC5OC(C(O)CO)C(O)C(O)C5O)C(OP(=O)([O-])O)C(OC5OC(COC6OC(CO)C(O)C(O)C6O)C(O)C(OC6OC(CO)C(O)C(O)C6OC6OC(COC7OC(C(O)COC8OC(CO)C(OC9OC(C(=O)[O-])C(OC%10OC(C)C(NC(C)=O)C(OC%11OC(CO)C(OC%12OC(C(=O)[O-])C(OC%13OC(C)C(NC(C)=O)C(OC%14OC(CO)C(OC%15OC(C(=O)[O-])C(OC%16OC(C)C(NC(C)=O)C(OC%17OC(CO)C(OC%18OC(C(=O)[O-])C(OC%19OC(C)C(NC(C)=O)C(O)C%19O)C(O)C%18NC(C)=O)C(O)C%17NC(C)=O)C%16O)C(O)C%15NC(C)=O)C(O)C%14NC(C)=O)C%13O)C(O)C%12NC(C)=O)C(O)C%11NC(C)=O)C%10O)C(O)C9NC(C)=O)C(O)C8NC(C)=O)C(O)C(O)C7O)C(O)C(O)C6O)C5O)C4O)C3O)C(C(O)CO)O2)C1OP(=O)([O-])O
dctp	DCTP C9H12N3O13P3	Nc1ccn([C@H]2C[C@H](O)[C@@H](COP(=O)([O-])OP(=O)([O-])OP(=O)([O-])[O-])O2)c(=O)n1
eca4und	(enterobacterial common antigen)x4 undecaprenyl-diphosphate	CC(=O)NC1C(C)OC(OC2C(C(=O)[O-])OC(OC3C(CO)OC(OC4C(O)C(OC5C(C(=O)[O-])OC(OC6C(CO)OC(OC7C(O)C(OC8C(C(=O)[O-])OC(OC9C(CO)OC(OC%10C(O)C(OC%11C(C(=O)[O-])OC(OC%12C(CO)OC(OP(=O)([O-])OP(=O)([O-])OCC=C(C)CCC=C(C)CCC=C(C)CCC=C(C)CCC=C(C)CCC=C(C)CCC=C(C)CCC=C(C)CCC=C(C)CCC=C(C)CCC=C(C)C)C(NC(C)=O)C%12O)C(NC(C)=O)C%11O)OC(C)C%10NC(C)=O)C(NC(C)=O)C9O)C(NC(C)=O)C8O)OC(C)C7NC(C)=O)C(NC(C)=O)C6O)C(NC(C)=O)C5O)OC(C)C4NC(C)=O)C(NC(C)=O)C3O)C(NC(C)=O)C2O)C(O)C1O
dcyt	Deoxycytidine	Nc1ccn([C@H]2C[C@H](O)[C@@H](CO)O2)c(=O)n1
fum	Fumarate	O=C([O-])/C=C/C(=O)[O-]
eig3p	D-erythro-1-(Imidazol-4-yl)glycerol 3-phosphate	O=P([O-])([O-])OC[C@@H](O)[C@@H](O)c1c[nH]cn1
g1p	D-Glucose 1-phosphate	O=P([O-])([O-])OC1O[C@H](CO)[C@@H](O)[C@H](O)[C@H]1O
dd2coa	Trans-Dodec-2-enoyl-CoA	CCCCCCCCC/C=C/C(=O)SCCNC(=O)CCNC(=O)[C@H](O)C(C)(C)COP(=O)([O-])OP(=O)([O-])OC[C@H]1O[C@@H](n2cnc3c(N)ncnc32)[C@H](O)[C@@H]1OP(=O)([O-])[O-]
enlipa	Phosphoethanolamine KDO(2)-lipid (A)	CCCCCCCCCCCCCC(=O)OC(CCCCCCCCCCC)CC(=O)OC1C(NC(=O)CC(CCCCCCCCCCC)OC(=O)CCCCCCCCCCC)C(OCC2OC(OP(=O)([O-])O)C(NC(=O)CC(O)CCCCCCCCCCC)C(OC(=O)CC(O)CCCCCCCCCCC)C2O)OC(COC2(C(=O)[O-])CC(OC3(C(=O)[O-])CC(O)C(O)C(C(CO)OP(=O)([O-])OCC[NH3+])O3)C(O)C(C(O)CO)O2)C1OP(=O)([O-])O
ddcaACP	Dodecanoyl-ACP (n-C12:0ACP)	*SC(=O)CCCCCCCCCCC
ddca	Dodecanoate (n-C12:0)	CCCCCCCCCCCC(=O)[O-]
g3p	Glyceraldehyde 3-phosphate	O=CC(O)COP(=O)(O)O
enter	Enterochelin	O=C(N[C@H]1COC(=O)[C@@H](NC(=O)c2cccc(O)c2O)COC(=O)[C@@H](NC(=O)c2cccc(O)c2O)COC1=O)c1cccc(O)c1[O-]
g3pc	Sn-Glycero-3-phosphocholine	C[N+](C)(C)CCOP(=O)([O-])OC[C@H](O)CO
ddcacoa	Dodecanoyl-CoA (n-C12:0CoA)	CCCCCCCCCCCC(=O)SCCNC(=O)CCNC(=O)[C@H](O)C(C)(C)COP(=O)([O-])OP(=O)([O-])OC[C@H]1O[C@@H](n2cnc3c(N)ncnc32)[C@H](O)[C@@H]1OP(=O)([O-])[O-]
dgdp	DGDP C10H12N5O10P2	Nc1nc2c(ncn2[C@H]2C[C@H](O)[C@@H](COP(=O)([O-])OP(=O)([O-])[O-])O2)c(=O)[nH]1
etha	Ethanolamine	[NH3+]CCO
g3pe	Sn-Glycero-3-phosphoethanolamine	NCCOP(=O)(O)OCC(O)CO
dgmp	DGMP C10H12N5O7P	Nc1nc2c(ncn2[C@H]2C[C@H](O)[C@@H](COP(=O)([O-])[O-])O2)c(=O)[nH]1
g3pg	Glycerophosphoglycerol	O=P([O-])(OCC(O)CO)OC[C@H](O)CO
ethso3	Ethanesulfonate	CCS(=O)(=O)[O-]
dgsn	Deoxyguanosine	Nc1nc2c(ncn2[C@H]2C[C@H](O)[C@@H](CO)O2)c(=O)[nH]1
dgtp	DGTP C10H12N5O13P3	Nc1nc2c(ncn2[C@H]2C[C@H](O)[C@@H](COP(=O)([O-])OP(=O)([O-])OP(=O)([O-])[O-])O2)c(=O)[nH]1
g3pi	Sn-Glycero-3-phospho-1-inositol	O=P([O-])(OC[C@H](O)CO)O[C@@H]1[C@H](O)[C@H](O)[C@@H](O)[C@H](O)[C@H]1O
etoh	Ethanol	CCO
dha	Dihydroxyacetone	O=C(CO)CO
g3ps	Glycerophosphoserine	[NH3+]C(COP(=O)([O-])OCC(O)CO)C(=O)[O-]
f1p	D-Fructose 1-phosphate	O=P([O-])([O-])OC[C@@]1(O)O[C@H](CO)[C@@H](O)[C@@H]1O
dhap	Dihydroxyacetone phosphate	O=C(CO)COP(=O)([O-])[O-]
f6p	D-Fructose 6-phosphate	O=P([O-])([O-])OC[C@H]1O[C@](O)(CO)[C@@H](O)[C@@H]1O
g6p	D-Glucose 6-phosphate	O=P([O-])([O-])OC[C@H]1OC(O)[C@H](O)[C@@H](O)[C@@H]1O
dhcinnm	2,3-dihydroxicinnamic acid	O=C(O)C=Cc1ccc(O)c(O)c1
dhf	7,8-Dihydrofolate	Nc1nc2c(c(=O)[nH]1)N=C(CNc1ccc(C(=O)N[C@@H](CCC(=O)[O-])C(=O)[O-])cc1)CN2
dhmptp	Dihydromonapterin-triphosphate	Nc1nc2c(c(=O)[nH]1)N=C([C@H](O)[C@@H](O)COP(=O)([O-])OP(=O)([O-])OP(=O)([O-])[O-])CN2
fad	Flavin adenine dinucleotide oxidized	Cc1cc2nc3c(=O)[nH]c(=O)nc-3n(C[C@H](O)[C@H](O)[C@H](O)COP(=O)(O)OP(=O)(O)OC[C@H]3O[C@@H](n4cnc5c(N)ncnc54)[C@H](O)[C@@H]3O)c2cc1C
dhna	1,4-Dihydroxy-2-naphthoate	O=C([O-])c1cc(O)c2ccccc2c1O
gagicolipa	Galactosyl-glucosyl-inner core oligosaccharide lipid A	CCCCCCCCCCCCCC(=O)OC(CCCCCCCCCCC)CC(=O)OC1C(NC(=O)CC(CCCCCCCCCCC)OC(=O)CCCCCCCCCCC)C(OCC2OC(OP(=O)([O-])O)C(NC(=O)CC(O)CCCCCCCCCCC)C(OC(=O)CC(O)CCCCCCCCCCC)C2O)OC(COC2(C(=O)[O-])CC(OC3(C(=O)[O-])CC(OC4(C(=O)[O-])CC(O)C(O)C(C(O)CO)O4)C(OC4OC(C)C(O)C(O)C4O)C(C(O)CO)O3)C(OC3OC(C(O)CO)C(OP(=O)([O-])O)C(OC4OC(C(O)COC5OC(C(O)CO)C(O)C(O)C5O)C(OP(=O)([O-])O)C(OC5OC(COC6OC(CO)C(O)C(O)C6O)C(O)C(O)C5O)C4O)C3O)C(C(O)CO)O2)C1OP(=O)([O-])O
fadh2	Flavin adenine dinucleotide reduced	Cc1cc2c(cc1C)N(C[C@H](O)[C@H](O)[C@H](O)COP(=O)([O-])OP(=O)([O-])OC[C@H]1O[C@@H](n3cnc4c(N)ncnc43)[C@H](O)[C@@H]1O)c1[nH]c(=O)[nH]c(=O)c1N2
gal1p	Alpha-D-Galactose 1-phosphate	O=P([O-])([O-])O[C@H]1O[C@H](CO)[C@H](O)[C@H](O)[C@H]1O
dhnpt	Dihydroneopterin	Nc1nc2c(c(=O)[nH]1)N=C(C(O)C(O)CO)CN2
fald	Formaldehyde	C=O
dhor__S	(S)-Dihydroorotate	O=C1C[C@@H](C(=O)[O-])NC(=O)N1
dhpmp	Dihydroneopterin monophosphate	Nc1nc2c(c(=O)[nH]1)N=C(C(O)C(O)COP(=O)([O-])O)CN2
dhpppn	3-(2,3-Dihydroxyphenyl)propanoate	O=C([O-])CCc1cccc(O)c1O
gal_bD	Beta D-Galactose	OC[C@H]1O[C@@H](O)[C@H](O)[C@@H](O)[C@H]1O
dhpt	Dihydropteroate	Nc1nc2c(c(=O)[nH]1)N=C(CNc1ccc(C(=O)[O-])cc1)CN2
fc1p	L-Fuculose 1-phosphate	C[C@H](O)[C@@H](O)[C@@H](O)C(=O)COP(=O)([O-])[O-]
dhptd	4,5-dihydroxy-2,3-pentanedione	CC(=O)C(=O)[C@@H](O)CO
gal	D-Galactose	OC[C@H]1O[C@H](O)[C@H](O)[C@@H](O)[C@H]1O
fcl__L	L-fuculose	C[C@H](O)[C@@H](O)[C@@H](O)C(=O)CO
didp	DIDP; 2'-deoxyinosine-5'-diphosphate(3-)	O=c1[nH]cnc2c1ncn2[C@H]1C[C@H](O)[C@@H](COP(=O)([O-])OP(=O)([O-])[O-])O1
fdp	D-Fructose 1,6-bisphosphate	O=P([O-])([O-])OC[C@H]1O[C@](O)(COP(=O)([O-])[O-])[C@@H](O)[C@@H]1O
dimp	DIMP C10H12N4O7P	O=c1[nH]cnc2c1ncn2[C@H]1C[C@H](O)[C@@H](COP(=O)([O-])[O-])O1
galct__D	D-Galactarate	O=C([O-])[C@@H](O)[C@H](O)[C@H](O)[C@@H](O)C(=O)[O-]
fe2	Fe2+ mitochondria	[Fe+2]
galctn__D	D-Galactonate	O=C([O-])[C@H](O)[C@@H](O)[C@@H](O)[C@H](O)CO
din	Deoxyinosine	O=c1[nH]cnc2c1ncn2[C@H]1C[C@H](O)[C@@H](CO)O1
fe3	Iron (Fe3+)	[Fe+3]
galctn__L	L-Galactonate	O=C([O-])[C@@H](O)[C@H](O)[C@H](O)[C@@H](O)CO
ditp	DITP(4-)	O=c1[nH]cnc2c1ncn2[C@H]1C[C@H](O)[C@@H](COP(=O)([O-])OP(=O)([O-])OP(=O)([O-])[O-])O1
fe3dcit	Fe(III)dicitrate	OC1CC2(O)CC(O)O[Fe]34(O1)(OC(O)CC(O)(CC(O)O3)C(O)O4)OC2O
galt1p	Galactitol 1-phosphate	O=P([O-])([O-])OC[C@H](O)[C@@H](O)[C@@H](O)[C@H](O)CO
galt	Galactitol	OC[C@@H](O)[C@H](O)[C@H](O)[C@@H](O)CO
dkmpp	2,3-diketo-5-methylthio-1-phosphopentane	CSCCC(=O)C(=O)COP(=O)([O-])[O-]
dmbzid	5,6-Dimethylbenzimidazole	Cc1cc2nc[nH]c2cc1C
galur	D-Galacturonate	O=C[C@H](O)[C@@H](O)[C@@H](O)[C@H](O)C(=O)[O-]
fe3dhbzs	Ferric 2,3-dihydroxybenzoylserine	O=C(NC(CO)C(=O)[O-])c1cccc(O)c1O.[Fe+2]
dmlz	6,7-Dimethyl-8-(1-D-ribityl)lumazine	Cc1nc2c(=O)[nH]c(=O)nc-2n(CC(O)C(O)C(O)CO)c1C
dmpp	Dimethylallyl diphosphate	CC(C)=CCOP(=O)([O-])OP(=O)([O-])[O-]
dms	Dimethyl sulfide	CSC
gam1p	D-Glucosamine 1-phosphate	[NH3+]C1C(OP(=O)([O-])O)OC(CO)C(O)C1O
fe3hox_un	Fe(III)hydoxamate, unloaded	CCC(O)NOOC(CC)NOOC(CC)NO
gam6p	D-Glucosamine 6-phosphate	[NH3+][C@@H]1[C@@H](O)[C@H](O)[C@@H](COP(=O)([O-])[O-])O[C@@H]1O
dmso	Dimethyl sulfoxide	CS(C)=O
gam	D-Glucosamine	N[C@@H]1[C@@H](O)[C@H](O)[C@@H](CO)O[C@H]1O
fe3hox	Fe(III)hydroxamate	CCC(O)NOOC(CC)NOOC(CC)NO.[Fe+2]
gar	N1-(5-Phospho-D-ribosyl)glycinamide	[NH3+]CC(=O)N[C@@H]1O[C@H](COP(=O)([O-])[O-])[C@@H](O)[C@H]1O
dnad	Deamino-NAD+	Nc1ncnc2c1ncn2[C@@H]1O[C@H](COP(=O)([O-])OP(=O)([O-])OC[C@H]2O[C@@H]([n+]3cccc(C(=O)[O-])c3)[C@H](O)[C@@H]2O)[C@@H](O)[C@H]1O
garagund	Glucosyl-O-acetyl-rhamanosyl-N-acetylglucosamyl-undecaprenyl diphosphate	CC(=O)NC1C(OP(=O)([O-])OP(=O)([O-])OCC=C(C)CCC=C(C)CCC=C(C)CCC=C(C)CCC=C(C)CCC=C(C)CCC=C(C)CCC=C(C)CCC=C(C)CCC=C(C)CCC=C(C)C)OC(CO)C(O)C1OC1OC(C)C(O)C(OC2OC(CO)C(O)C(O)C2O)C1OC(C)=O
fecrm_un	Ferrichrome minus Fe(III)	CC(=O)N(O)CCC[C@@H]1NC(=O)CNC(=O)CNC(=O)CNC(=O)[C@H](CCCN(O)C(C)=O)NC(=O)[C@H](CCCN(O)C(C)=O)NC1=O
gcald	Glycolaldehyde	O=CCO
gdp	GDP C10H12N5O11P2	Nc1nc2c(ncn2[C@@H]2O[C@H](COP(=O)([O-])OP(=O)([O-])[O-])[C@@H](O)[C@H]2O)c(=O)[nH]1
fecrm	Ferrichrome	CC1=[O+][Fe-3]2345ON1CCC[C@@H]1NC(=O)CNC(=O)CNC(=O)CNC(=O)[C@H](CCCN(O2)C(C)=[O+]3)NC(=O)[C@H](CCCN(O4)C(C)=[O+]5)NC1=O
gdpddman	GDP-4-dehydro-6-deoxy-D-mannose	C[C@H]1O[C@H](OP(=O)([O-])OP(=O)([O-])OC[C@H]2O[C@@H](n3cnc4c(=O)[nH]c(N)nc43)[C@H](O)[C@@H]2O)[C@@H](O)[C@@H](O)C1=O
feenter	Fe-enterobactin	O=C1N[C@H]2COC(=O)[C@@H]3COC(=O)[C@H](COC2=O)NC(=O)c2cccc4c2O[Fe-3]25(Oc6cccc1c6O2)(Oc1cccc(c1O5)C(=O)N3)O4
gdpfuc	GDP-L-fucose	C[C@@H]1OC(OP(=O)(O)OP(=O)(O)OC[C@H]2O[C@@H](n3cnc4c(=O)[nH]c(N)nc43)[C@H](O)[C@@H]2O)[C@@H](O)[C@H](O)[C@@H]1O
gdpmann	GDP-D-mannose	Nc1nc2c(ncn2[C@@H]2O[C@H](COP(=O)([O-])OP(=O)([O-])O[C@H]3O[C@H](CO)[C@@H](O)[C@H](O)[C@@H]3O)[C@@H](O)[C@H]2O)c(=O)[nH]1
gdpofuc	GDP-4-oxo-L-fucose	C[C@@H]1O[C@H](OP(=O)(O)OP(=O)(O)OC[C@H]2O[C@@H](n3cnc4c(=O)[nH]c(N)nc43)[C@H](O)[C@@H]2O)[C@@H](O)[C@H](O)C1=O
h2	Hydrogen	[H][H]
gdptp	Guanosine 3'-diphosphate 5'-triphosphate	Nc1nc2c(ncn2[C@@H]2O[C@H](COP(=O)([O-])OP(=O)([O-])OP(=O)([O-])[O-])[C@@H](OP(=O)([O-])OP(=O)([O-])O)[C@H]2O)c(=O)[nH]1
gfgaragund	Galactofuranosyl-glucosyl-O-acetyl-rhamanosyl-N-acetylglucosamyl-undecaprenyl diphosphate	CC(=O)NC1C(OP(=O)([O-])OP(=O)([O-])OCC=C(C)CCC=C(C)CCC=C(C)CCC=C(C)CCC=C(C)CCC=C(C)CCC=C(C)CCC=C(C)CCC=C(C)CCC=C(C)CCC=C(C)C)OC(CO)C(O)C1OC1OC(C)C(O)C(OC2OC(COC3OC(C(O)CO)C(O)C3O)C(O)C(O)C2O)C1OC(C)=O
h2mb4p	1-hydroxy-2-methyl-2-(E)-butenyl 4-diphosphate	CC(=CCOP(=O)([O-])OP(=O)([O-])O)CO
k	Potassium	[K+]
h2o2	Hydrogen peroxide	OO
gg4abut	Gamma-glutamyl-gamma aminobutyric acid	[NH3+][C@@H](CCC(=O)NCCCC(=O)[O-])C(=O)[O-]
ggagicolipa	Glucosyl-galactosyl-glucosyl-inner core oligosaccharide lipid A	CCCCCCCCCCCCCC(=O)OC(CCCCCCCCCCC)CC(=O)OC1C(NC(=O)CC(CCCCCCCCCCC)OC(=O)CCCCCCCCCCC)C(OCC2OC(OP(=O)([O-])O)C(NC(=O)CC(O)CCCCCCCCCCC)C(OC(=O)CC(O)CCCCCCCCCCC)C2O)OC(COC2(C(=O)[O-])CC(OC3(C(=O)[O-])CC(OC4(C(=O)[O-])CC(O)C(O)C(C(O)CO)O4)C(OC4OC(C)C(O)C(O)C4O)C(C(O)CO)O3)C(OC3OC(C(O)CO)C(OP(=O)([O-])O)C(OC4OC(C(O)COC5OC(C(O)CO)C(O)C(O)C5O)C(OP(=O)([O-])O)C(OC5OC(COC6OC(CO)C(O)C(O)C6O)C(O)C(OC6OC(CO)C(O)C(O)C6O)C5O)C4O)C3O)C(C(O)CO)O2)C1OP(=O)([O-])O
ggbutal	Gamma-glutamyl-gamma-butyraldehyde	[NH3+][C@@H](CCC(=O)NCCCC=O)C(=O)[O-]
gggagicolipa	Glucosyl-glucosyl-galactosyl-glucosyl-inner core oligosaccharide lipid A	CCCCCCCCCCCCCC(=O)OC(CCCCCCCCCCC)CC(=O)OC1C(NC(=O)CC(CCCCCCCCCCC)OC(=O)CCCCCCCCCCC)C(OCC2OC(OP(=O)([O-])O)C(NC(=O)CC(O)CCCCCCCCCCC)C(OC(=O)CC(O)CCCCCCCCCCC)C2O)OC(COC2(C(=O)[O-])CC(OC3(C(=O)[O-])CC(OC4(C(=O)[O-])CC(O)C(O)C(C(O)CO)O4)C(OC4OC(C)C(O)C(O)C4O)C(C(O)CO)O3)C(OC3OC(C(O)CO)C(OP(=O)([O-])O)C(OC4OC(C(O)COC5OC(C(O)CO)C(O)C(O)C5O)C(OP(=O)([O-])O)C(OC5OC(COC6OC(CO)C(O)C(O)C6O)C(O)C(OC6OC(CO)C(O)C(O)C6OC6OC(CO)C(O)C(O)C6O)C5O)C4O)C3O)C(C(O)CO)O2)C1OP(=O)([O-])O
h2o	H2O H2O	O
ggptrc	Gamma-glutamyl-putrescine	[NH3+]CCCCNC(=O)CC[C@H]([NH3+])C(=O)[O-]
kdo2lipid4	KDO(2)-lipid IV(A)	CCCCCCCCCCC[C@@H](O)CC(=O)N[C@H]1[C@H](OC[C@H]2O[C@H](OP(=O)([O-])[O-])[C@H](NC(=O)C[C@H](O)CCCCCCCCCCC)[C@@H](OC(=O)C[C@H](O)CCCCCCCCCCC)[C@@H]2O)O[C@H](CO[C@]2(C(=O)[O-])C[C@@H](O[C@]3(C(=O)[O-])C[C@@H](O)[C@@H](O)[C@@H]([C@H](O)CO)O3)[C@@H](O)[C@@H]([C@H](O)CO)O2)[C@@H](OP(=O)([O-])[O-])[C@@H]1OC(=O)C[C@H](O)CCCCCCCCCCC
gicolipa	Glucosyl-inner core oligosaccharide lipid A	CCCCCCCCCCCCCC(=O)OC(CCCCCCCCCCC)CC(=O)OC1C(NC(=O)CC(CCCCCCCCCCC)OC(=O)CCCCCCCCCCC)C(OCC2OC(OP(=O)([O-])O)C(NC(=O)CC(O)CCCCCCCCCCC)C(OC(=O)CC(O)CCCCCCCCCCC)C2O)OC(COC2(C(=O)[O-])CC(OC3(C(=O)[O-])CC(OC4(C(=O)[O-])CC(O)C(O)C(C(O)CO)O4)C(OC4OC(C)C(O)C(O)C4O)C(C(O)CO)O3)C(OC3OC(C(O)CO)C(OP(=O)([O-])O)C(OC4OC(C(O)COC5OC(C(O)CO)C(O)C(O)C5O)C(OP(=O)([O-])O)C(OC5OC(CO)C(O)C(O)C5O)C4O)C3O)C(C(O)CO)O2)C1OP(=O)([O-])O
h2s	Hydrogen sulfide	[SH-]
glc__D	D-Glucose	OC[C@H]1OC(O)[C@H](O)[C@@H](O)[C@@H]1O
kdo2lipid4p	KDO(2)-lipid IV(A) with palmitoleoyl	CCCCCCC=CCCCCCCCC(=O)OC(CCCCCCCCCCC)CC(=O)NC1C(OCC2OC(OP(=O)([O-])O)C(NC(=O)CC(O)CCCCCCCCCCC)C(OC(=O)CC(O)CCCCCCCCCCC)C2O)OC(COC2(C(=O)[O-])CC(OC3(C(=O)[O-])CC(O)C(O)C(C(O)CO)O3)C(O)C(C(O)CO)O2)C(OP(=O)([O-])O)C1OC(=O)CC(O)CCCCCCCCCCC
h	H+	[H+]
kdo8p	3-Deoxy-D-manno-octulosonate 8-phosphate	O=C([O-])[C@@]1(O)C[C@@H](O)[C@@H](O)[C@@H]([C@H](O)COP(=O)([O-])[O-])O1
glcn	D-Gluconate	O=C([O-])[C@H](O)[C@@H](O)[C@H](O)[C@H](O)CO
kdo	3-Deoxy-D-manno-2-octulosonate	O=C([O-])C(=O)C[C@@H](O)[C@@H](O)[C@H](O)[C@H](O)CO
kdolipid4	KDO-lipid IV(A)	CCCCCCCCCCC[C@@H](O)CC(=O)N[C@H]1[C@H](OC[C@H]2O[C@H](OP(=O)([O-])[O-])[C@H](NC(=O)C[C@H](O)CCCCCCCCCCC)[C@@H](OC(=O)C[C@H](O)CCCCCCCCCCC)[C@@H]2O)O[C@H](CO[C@]2(C(=O)[O-])C[C@@H](O)[C@@H](O)[C@@H]([C@H](O)CO)O2)[C@@H](OP(=O)([O-])[O-])[C@@H]1OC(=O)C[C@H](O)CCCCCCCCCCC
glcr	D-Glucarate	O=C([O-])[C@@H](O)[C@@H](O)[C@H](O)[C@@H](O)C(=O)[O-]
hacolipa	Hepta-acylated core oligosaccharide lipid A (E. coli)	CCCCCCCCCCCCCCCC(=O)O[C@H](CCCCCCCCCCC)CC(=O)N[C@H]1[C@@H](OP(=O)([O-])[O-])O[C@H](CO[C@@H]2O[C@H](CO[C@]3(C(=O)[O-])C[C@@H](O[C@]4(C(=O)[O-])C[C@@H](O[C@]5(C(=O)[O-])C[C@@H](O)[C@@H](O[C@@H]6O[C@@H](C)[C@H](O)[C@@H](O)[C@H]6O)[C@@H]([C@H](O)CO)O5)[C@@H](O)[C@@H]([C@H](O)CO)O4)[C@@H](O[C@H]4O[C@H]([C@H](O)CO)[C@@H](OP(=O)([O-])[O-])[C@H](O[C@@H]5O[C@H]([C@H](O)CO[C@H]6O[C@H]([C@@H](O)CO)[C@@H](O)[C@H](O)[C@@H]6O)[C@@H](OP(=O)([O-])[O-])[C@H](O[C@@H]6O[C@H](CO[C@@H]7O[C@H](CO)[C@H](O)[C@H](O)[C@H]7O)[C@@H](O)[C@H](O[C@@H]7O[C@H](CO)[C@@H](O)[C@H](O)[C@H]7O[C@@H]7O[C@H](CO[C@H]8OC([C@@H](O)CO)[C@@H](O)[C@H](O)[C@@H]8O)[C@@H](O)[C@H](O)[C@H]7O)[C@H]6O)[C@@H]5O)[C@@H]4O)[C@@H]([C@H](O)CO)O3)[C@@H](OP(=O)([O-])[O-])[C@H](OC(=O)C[C@@H](CCCCCCCCCCC)OC(=O)CCCCCCCCCCCCC)[C@H]2NC(=O)C[C@@H](CCCCCCCCCCC)OC(=O)CCCCCCCCCCC)[C@@H](O)[C@@H]1OC(=O)C[C@H](O)CCCCCCCCCCC
kphphhlipa	Kdo-phospho-heptosyl-phospho-heptosyl-heptosyl-kdo2-lipidA	CCCCCCCCCCCCCC(=O)O[C@H](CCCCCCCCCCC)CC(=O)O[C@@H]1[C@@H](NC(=O)C[C@@H](CCCCCCCCCCC)OC(=O)CCCCCCCCCCC)[C@H](OC[C@H]2O[C@H](OP(=O)([O-])[O-])[C@H](NC(=O)C[C@H](O)CCCCCCCCCCC)[C@@H](OC(=O)C[C@H](O)CCCCCCCCCCC)[C@@H]2O)O[C@H](CO[C@]2(C(=O)[O-])C[C@@H](O[C@]3(C(=O)[O-])C[C@@H](O[C@]4(C(=O)[O-])C[C@@H](O)[C@@H](O)[C@@H]([C@H](O)CO)O4)[C@@H](O)[C@@H]([C@H](O)CO)O3)[C@@H](O[C@H]3O[C@H]([C@H](O)CO)[C@@H](OP(=O)([O-])[O-])[C@H](O[C@@H]4O[C@H]([C@H](O)CO[C@H]5O[C@H]([C@@H](O)CO)[C@@H](O)[C@H](O)[C@@H]5O)[C@@H](OP(=O)([O-])[O-])[C@H](O)[C@@H]4O)[C@@H]3O)[C@@H]([C@H](O)CO)O2)[C@H]1OP(=O)([O-])[O-]
halipa	Hepta-acylated KDO(2)-lipid (A)	CCCCCCCCCCCCCCCC(=O)OC(CCCCCCCCCCC)CC(=O)NC1C(OP(=O)([O-])O)OC(COC2OC(COC3(C(=O)[O-])CC(OC4(C(=O)[O-])CC(O)C(O)C(C(O)CO)O4)C(O)C(C(O)CO)O3)C(OP(=O)([O-])O)C(OC(=O)CC(CCCCCCCCCCC)OC(=O)CCCCCCCCCCCCC)C2NC(=O)CC(CCCCCCCCCCC)OC(=O)CCCCCCCCCCC)C(O)C1OC(=O)CC(O)CCCCCCCCCCC
hco3	Bicarbonate	O=C([O-])O
lac__D	D-Lactate	C[C@@H](O)C(=O)[O-]
glcur1p	D-Glucuronate 1-phosphate	O=C([O-])[C@H]1O[C@H](OP(=O)([O-])[O-])[C@H](O)[C@@H](O)[C@@H]1O
hcys__L	L-Homocysteine	[NH3+][C@@H](CCS)C(=O)[O-]
hdca	Hexadecanoate (n-C16:0)	CCCCCCCCCCCCCCCC(=O)[O-]
glcur	D-Glucuronate	O=C([O-])[C@H]1OC(O)[C@H](O)[C@@H](O)[C@@H]1O
lac__L	L-Lactate	C[C@H](O)C(=O)[O-]
hdcea	Hexadecenoate (n-C16:1)	CCCCCC/C=C\CCCCCCCC(=O)[O-]
gln__L	L-Glutamine	NC(=O)CC[C@H]([NH3+])C(=O)[O-]
lald__D	D-Lactaldehyde	C[C@@H](O)C=O
glntrna	L-Glutaminyl-tRNA(Gln)	*CC1OC(n2cnc3c(N)ncnc32)C(OC(=O)C([NH3+])CCC(N)=O)C1O
hdcoa	Hexadecenoyl-CoA (n-C16:1CoA)	CCCCCC/C=C\CCCCCCCC(=O)SCCNC(=O)CCNC(=O)[C@H](O)C(C)(C)COP(=O)([O-])OP(=O)([O-])OC[C@H]1O[C@@H](n2cnc3c(N)ncnc32)[C@H](O)[C@@H]1OP(=O)([O-])[O-]
lald__L	L-Lactaldehyde	C[C@H](O)C=O
hdd2coa	Trans-Hexadec-2-enoyl-CoA	CCCCCCCCCCCCC/C=C/C(=O)SCCNC(=O)CCNC(=O)[C@H](O)C(C)(C)COP(=O)([O-])OP(=O)([O-])OC[C@H]1O[C@@H](n2cnc3c(N)ncnc32)[C@H](O)[C@@H]1OP(=O)([O-])[O-]
glu1sa	L-Glutamate 1-semialdehyde	[NH3+][C@H](C=O)CCC(=O)[O-]
lcts	Lactose C12H22O11	OC[C@H]1O[C@@H](O[C@H]2[C@H](O)[C@@H](O)C(O)O[C@@H]2CO)[C@H](O)[C@@H](O)[C@H]1O
glu5p	L-Glutamate 5-phosphate	[NH3+][C@@H](CCC(=O)OP(=O)([O-])[O-])C(=O)[O-]
hdeACP	Cis-hexadec-9-enoyl-[acyl-carrier protein] (n-C16:1)	*OP(=O)([O-])OCC(C)(C)C(O)C(=O)NCCC(=O)NCCSC(=O)CCCCCCCC=CCCCCCC
hemeO	Heme O C49H56FeN4O5	C=CC1=C(C)C2=[N+]3C1=Cc1c(C)c(CCC(=O)[O-])c4n1[Fe-2]31n3c(c(C)c([C@@H](O)CC/C=C(\C)CC/C=C(\C)CCC=C(C)C)c3=C2)=CC2=[N+]1C(=C4)C(CCC(=O)[O-])=C2C
glu5sa	L-Glutamate 5-semialdehyde	[NH3+][C@@H](CCC=O)C(=O)[O-]
glu__D	D-Glutamate	[NH3+][C@H](CCC(=O)[O-])C(=O)[O-]
glu__L	L-Glutamate	[NH3+][C@@H](CCC(=O)[O-])C(=O)[O-]
hexACP	Hexanoyl-ACP (n-C6:0ACP)	*SC(=O)CCCCC
hg2	Mercury  charged 2  Hg	[Hg+2]
leu__L	L-Leucine	CC(C)C[C@H]([NH3+])C(=O)[O-]
hhlipa	Heptosyl-heptosyl-kdo2-lipidA	CCCCCCCCCCCCCC(=O)OC(CCCCCCCCCCC)CC(=O)OC1C(NC(=O)CC(CCCCCCCCCCC)OC(=O)CCCCCCCCCCC)C(OCC2OC(OP(=O)([O-])O)C(NC(=O)CC(O)CCCCCCCCCCC)C(OC(=O)CC(O)CCCCCCCCCCC)C2O)OC(COC2(C(=O)[O-])CC(OC3(C(=O)[O-])CC(O)C(O)C(C(O)CO)O3)C(OC3OC(C(O)CO)C(O)C(OC4OC(C(O)CO)C(O)C(O)C4O)C3O)C(C(O)CO)O2)C1OP(=O)([O-])O
glucys	Gamma-L-Glutamyl-L-cysteine	[NH3+][C@@H](CCC(=O)N[C@@H](CS)C(=O)[O-])C(=O)[O-]
leutrna	L-Leucyl-tRNA(Leu)	*CC1OC(n2cnc3c(N)ncnc32)C(OC(=O)C([NH3+])CC(C)C)C1O
glutrna	L-Glutamyl-tRNA(Glu)	*CC1OC(n2cnc3c(N)ncnc32)C(OC(=O)C([NH3+])CCC(=O)[O-])C1O
his__L	L-Histidine	[NH3+][C@@H](Cc1c[nH]cn1)C(=O)[O-]
lgt__S	(R)-S-Lactoylglutathione	C[C@@H](O)C(=O)SC[C@H](NC(=O)CC[C@H]([NH3+])C(=O)[O-])C(=O)NCC(=O)[O-]
glx	Glyoxylate	O=CC(=O)[O-]
lipa	KDO(2)-lipid (A)	CCCCCCCCCCCCCC(=O)O[C@H](CCCCCCCCCCC)CC(=O)O[C@@H]1[C@@H](NC(=O)C[C@@H](CCCCCCCCCCC)OC(=O)CCCCCCCCCCC)[C@H](OC[C@H]2O[C@H](OP(=O)([O-])[O-])[C@H](NC(=O)C[C@H](O)CCCCCCCCCCC)[C@@H](OC(=O)C[C@H](O)CCCCCCCCCCC)[C@@H]2O)O[C@H](CO[C@]2(C(=O)[O-])C[C@@H](O[C@]3(C(=O)[O-])C[C@@H](O)[C@@H](O)[C@@H]([C@H](O)CO)O3)[C@@H](O)[C@@H]([C@H](O)CO)O2)[C@H]1OP(=O)([O-])[O-]
gly	Glycine	[NH3+]CC(=O)[O-]
lipa_cold	Cold adapted KDO(2)-lipid (A)	CCCCCCC=CCCCCCCCC(=O)OC(CCCCCCCCCCC)CC(=O)NC1C(OCC2OC(OP(=O)([O-])O)C(NC(=O)CC(O)CCCCCCCCCCC)C(OC(=O)CC(O)CCCCCCCCCCC)C2O)OC(COC2(C(=O)[O-])CC(OC3(C(=O)[O-])CC(O)C(O)C(C(O)CO)O3)C(O)C(C(O)CO)O2)C(OP(=O)([O-])O)C1OC(=O)CC(CCCCCCCCCCC)OC(=O)CCCCCCCCCCCCC
hisp	L-Histidinol phosphate	[NH3+][C@H](COP(=O)([O-])[O-])Cc1c[nH]cn1
glyald	D-Glyceraldehyde	O=C[C@H](O)CO
histd	L-Histidinol	[NH3+][C@H](CO)Cc1c[nH]cn1
histrna	L-Histidyl-tRNA(His)	*CC1OC(n2cnc3c(N)ncnc32)C(OC(=O)C(N)Cc2cnc[nH]2)C1O
hkndd	2-Hydroxy-6-oxonona-2,4-diene-1,9-dioate	O=C(O)CCC(=O)C=CC=C(O)C(=O)O
hkntd	2-hydroxy-6-ketononatrienedioate	O=C(O)C=CC(=O)C=CC=C(O)C(=O)O
hlipa	Heptosyl-kdo2-lipidA	CCCCCCCCCCCCCC(=O)O[C@H](CCCCCCCCCCC)CC(=O)O[C@@H]1[C@@H](NC(=O)C[C@@H](CCCCCCCCCCC)OC(=O)CCCCCCCCCCC)[C@H](OC[C@H]2O[C@H](OP(=O)([O-])[O-])[C@H](NC(=O)C[C@H](O)CCCCCCCCCCC)[C@@H](OC(=O)C[C@H](O)CCCCCCCCCCC)[C@@H]2O)O[C@H](CO[C@]2(C(=O)[O-])C[C@@H](O[C@]3(C(=O)[O-])C[C@@H](O)[C@@H](O)[C@@H]([C@H](O)CO)O3)[C@@H](O[C@H]3O[C@H]([C@@H](O)CO)[C@@H](O)[C@H](O)[C@@H]3O)[C@@H]([C@H](O)CO)O2)[C@H]1OP(=O)([O-])[O-]
glyb	Glycine betaine	C[N+](C)(C)CC(=O)[O-]
lipidA	2,3,2'3'-Tetrakis(beta-hydroxymyristoyl)-D-glucosaminyl-1,6-beta-D-glucosamine 1,4'-bisphosphate	CCCCCCCCCCC[C@@H](O)CC(=O)N[C@H]1[C@H](OC[C@H]2O[C@H](OP(=O)([O-])[O-])[C@H](NC(=O)C[C@H](O)CCCCCCCCCCC)[C@@H](OC(=O)C[C@H](O)CCCCCCCCCCC)[C@@H]2O)O[C@H](CO)[C@@H](OP(=O)([O-])[O-])[C@@H]1OC(=O)C[C@H](O)CCCCCCCCCCC
hmbil	Hydroxymethylbilane	O=C([O-])CCc1c[nH]c(Cc2[nH]c(Cc3[nH]c(Cc4[nH]c(CO)c(CC(=O)[O-])c4CCC(=O)[O-])c(CC(=O)[O-])c3CCC(=O)[O-])c(CC(=O)[O-])c2CCC(=O)[O-])c1CC(=O)[O-]
lipidAds	Lipid A Disaccharide	CCCCCCCCCCC[C@@H](O)CC(=O)N[C@H]1[C@H](OC[C@H]2O[C@H](OP(=O)([O-])[O-])[C@H](NC(=O)C[C@H](O)CCCCCCCCCCC)[C@@H](OC(=O)C[C@H](O)CCCCCCCCCCC)[C@@H]2O)O[C@H](CO)[C@@H](O)[C@@H]1OC(=O)C[C@H](O)CCCCCCCCCCC
hmfurn	4-hydroxy-5-methyl-3(2H)-furanone	CC1=C(O)C(=O)CO1
glyc2p	Glycerol 2-phosphate	O=P([O-])([O-])OC(CO)CO
hmgth	Hydroxymethylglutathione	[NH3+][C@@H](CCC(=O)N[C@@H](CSCO)C(=O)NCC(=O)[O-])C(=O)[O-]
lpp	Lipoprotein	*SCC(NC(=O)CCCCCCCCCCCCCCC)C(*)=O
hom__L	L-Homoserine	[NH3+][C@@H](CCO)C(=O)[O-]
lys__L	L-Lysine	[NH3+]CCCC[C@H]([NH3+])C(=O)[O-]
glyc3p	Glycerol 3-phosphate	O=P([O-])([O-])OC[C@H](O)CO
hphhlipa	Heptosyl-phospho-heptosyl-heptosyl-kdo2-lipidA	CCCCCCCCCCCCCC(=O)O[C@H](CCCCCCCCCCC)CC(=O)O[C@@H]1[C@@H](NC(=O)C[C@@H](CCCCCCCCCCC)OC(=O)CCCCCCCCCCC)[C@H](OC[C@H]2O[C@H](OP(=O)([O-])[O-])[C@H](NC(=O)C[C@H](O)CCCCCCCCCCC)[C@@H](OC(=O)C[C@H](O)CCCCCCCCCCC)[C@@H]2O)O[C@H](CO[C@]2(C(=O)[O-])C[C@@H](O[C@]3(C(=O)[O-])C[C@@H](O)[C@@H](O)[C@@H]([C@H](O)CO)O3)[C@@H](O[C@H]3O[C@H]([C@@H](O)CO)[C@@H](O)[C@H](O[C@@H]4O[C@H]([C@H](O)CO[C@H]5O[C@H]([C@@H](O)CO)[C@@H](O)[C@H](O)[C@@H]5O)[C@@H](OP(=O)([O-])[O-])[C@H](O)[C@@H]4O)[C@@H]3O)[C@@H]([C@H](O)CO)O2)[C@H]1OP(=O)([O-])[O-]
hpyr	Hydroxypyruvate	O=C([O-])C(=O)CO
glyc__R	(R)-Glycerate	O=C([O-])[C@H](O)CO
lystrna	L-Lysine-tRNA (Lys)	*CC1OC(n2cnc3c(N)ncnc32)C(OC(=O)C([NH3+])CCCC[NH3+])C1O
hqn	Hydroquinone	Oc1ccc(O)cc1
hx2coa	Trans-Hex-2-enoyl-CoA	CCC/C=C/C(=O)SCCNC(=O)CCNC(=O)[C@H](O)C(C)(C)COP(=O)([O-])OP(=O)([O-])OC[C@H]1O[C@@H](n2cnc3c(N)ncnc32)[C@H](O)[C@@H]1OP(=O)([O-])[O-]
lyx__L	L-Lyxose	O[C@@H]1[C@H](O)[C@@H](O)CO[C@@H]1O
hxa	Hexanoate (n-C6:0)	CCCCCC(=O)[O-]
glyc	Glycerol	OCC(O)CO
malACP	Malonyl-[acyl-carrier protein]	*SC(=O)CC(=O)O
glyclt	Glycolate C2H3O3	O=C([O-])CO
hxan	Hypoxanthine	O=c1[nH]cnc2nc[nH]c12
mal__D	D-Malate	O=C([O-])C[C@@H](O)C(=O)[O-]
glycogen	Glycogen C6H10O5	OCC1OC(OC2C(CO)OC(OC3C(CO)OC(OC4C(CO)OC(O)C(O)C4O)C(O)C3O)C(O)C2O)C(O)C(O)C1O
hxcoa	Hexanoyl-CoA (n-C6:0CoA)	CCCCCC(=O)SCCNC(=O)CCNC(=O)[C@H](O)C(C)(C)COP(=O)([O-])OP(=O)([O-])OC[C@H]1O[C@@H](n2cnc3c(N)ncnc32)[C@H](O)[C@@H]1OP(=O)([O-])[O-]
iasp	Iminoaspartate	[H]/N=C(/CC(=O)[O-])C(=O)[O-]
ichor	Isochorismate	C=C(O[C@H]1C=CC=C(C(=O)[O-])[C@@H]1O)C(=O)[O-]
glytrna	Glycyl-tRNA(Gly)	*CC1OC(n2cnc3c(N)ncnc32)C(OC(=O)CN)C1O
gmhep17bp	D-Glycero-D-manno-heptose 1,7-bisphosphate	O=P([O-])([O-])OC[C@@H](O)[C@H]1O[C@@H](OP(=O)([O-])[O-])[C@@H](O)[C@@H](O)[C@@H]1O
gmhep1p	D-Glycero-D-manno-heptose 1-phosphate	O=P([O-])(O)OC1OC(C(O)CO)C(O)C(O)C1O
icit	Isocitrate	O=C([O-])CC(C(=O)[O-])C(O)C(=O)[O-]
mal__L	L-Malate	O=C([O-])C[C@H](O)C(=O)[O-]
icolipa	Inner core oligosaccharide lipid A (E coli)	CCCCCCCCCCCCCC(=O)OC(CCCCCCCCCCC)CC(=O)OC1C(NC(=O)CC(CCCCCCCCCCC)OC(=O)CCCCCCCCCCC)C(OCC2OC(OP(=O)([O-])O)C(NC(=O)CC(O)CCCCCCCCCCC)C(OC(=O)CC(O)CCCCCCCCCCC)C2O)OC(COC2(C(=O)[O-])CC(OC3(C(=O)[O-])CC(OC4(C(=O)[O-])CC(O)C(O)C(C(O)CO)O4)C(OC4OC(C)C(O)C(O)C4O)C(C(O)CO)O3)C(OC3OC(C(O)CO)C(OP(=O)([O-])O)C(OC4OC(C(O)COC5OC(C(O)CO)C(O)C(O)C5O)C(OP(=O)([O-])O)C(O)C4O)C3O)C(C(O)CO)O2)C1OP(=O)([O-])O
gmhep7p	D-Glycero-D-manno-heptose 7-phosphate	O=P(O)(O)OC[C@@H](O)[C@H]1OC(O)[C@@H](O)[C@@H](O)[C@@H]1O
gmp	GMP C10H12N5O8P	Nc1nc2c(ncn2[C@@H]2O[C@H](COP(=O)([O-])[O-])[C@@H](O)[C@H]2O)c(=O)[nH]1
idon__L	L-Idonate	O=C([O-])[C@H](O)[C@@H](O)[C@H](O)[C@@H](O)CO
malcoa	Malonyl CoA C24H33N7O19P3S	CC(C)(COP(=O)([O-])OP(=O)([O-])OC[C@H]1O[C@@H](n2cnc3c(N)ncnc32)[C@H](O)[C@@H]1OP(=O)([O-])[O-])[C@@H](O)C(=O)NCCC(=O)NCCSC(=O)CC(=O)[O-]
malt6p	Maltose 6'-phosphate	O=P([O-])([O-])OC[C@H]1O[C@H](O[C@H]2[C@H](O)[C@@H](O)[C@@H](O)O[C@@H]2CO)[C@H](O)[C@@H](O)[C@@H]1O
idp	IDP C10H11N4O11P2	O=c1[nH]cnc2c1ncn2[C@@H]1O[C@H](COP(=O)([O-])OP(=O)([O-])[O-])[C@@H](O)[C@H]1O
gp4g	P1,P4-Bis(5'-guanosyl) tetraphosphate	Nc1nc2c(ncn2[C@@H]2O[C@H](COP(=O)([O-])OP(=O)([O-])OP(=O)([O-])OP(=O)([O-])OC[C@H]3O[C@@H](n4cnc5c(=O)[nH]c(N)nc54)[C@H](O)[C@@H]3O)[C@@H](O)[C@H]2O)c(=O)[nH]1
ile__L	L-Isoleucine	CC[C@H](C)[C@H]([NH3+])C(=O)[O-]
grdp	Geranyl diphosphate	CC(C)=CCC/C(C)=C/COP(=O)([O-])OP(=O)([O-])[O-]
malt	Maltose C12H22O11	OC[C@H]1O[C@H](O[C@H]2[C@H](O)[C@@H](O)C(O)O[C@@H]2CO)[C@H](O)[C@@H](O)[C@@H]1O
grxox	Glutaredoxin (oxidized)	*C(=O)C1CSSCC(*)C(=O)N1
grxrd	Glutaredoxin (reduced)	*C(=O)C(CS)NC(=O)C(*)CS
gsn	Guanosine	Nc1nc2c(ncn2[C@@H]2O[C@H](CO)[C@@H](O)[C@H]2O)c(=O)[nH]1
iletrna	L-Isoleucyl-tRNA(Ile)	*CC1OC(n2cnc3c(N)ncnc32)C(OC(=O)C([NH3+])C(C)CC)C1O
malthp	Maltoheptaose	OC[C@H]1O[C@H](O[C@H]2[C@H](O)[C@@H](O)[C@@H](O[C@H]3[C@H](O)[C@@H](O)[C@@H](O[C@H]4[C@H](O)[C@@H](O)[C@@H](O[C@H]5[C@H](O)[C@@H](O)[C@@H](O[C@H]6[C@H](O)[C@@H](O)[C@@H](O[C@H]7[C@H](O)[C@@H](O)[C@@H](O)O[C@@H]7CO)O[C@@H]6CO)O[C@@H]5CO)O[C@@H]4CO)O[C@@H]3CO)O[C@@H]2CO)[C@H](O)[C@@H](O)[C@@H]1O
imacp	3-(Imidazol-4-yl)-2-oxopropyl phosphate	O=C(COP(=O)([O-])[O-])Cc1c[nH]cn1
imp	IMP C10H11N4O8P	O=c1[nH]cnc2c1ncn2[C@@H]1O[C@H](COP(=O)([O-])[O-])[C@@H](O)[C@H]1O
malthx	Maltohexaose	OC[C@H]1O[C@H](O[C@H]2[C@H](O)[C@@H](O)[C@@H](O[C@H]3[C@H](O)[C@@H](O)[C@@H](O[C@H]4[C@H](O)[C@@H](O)[C@@H](O[C@H]5[C@H](O)[C@@H](O)[C@@H](O[C@H]6[C@H](O)[C@@H](O)[C@@H](O)O[C@@H]6CO)O[C@@H]5CO)O[C@@H]4CO)O[C@@H]3CO)O[C@@H]2CO)[C@H](O)[C@@H](O)[C@@H]1O
gthox	Oxidized glutathione	[NH3+][C@@H](CCC(=O)N[C@@H](CSSC[C@H](NC(=O)CC[C@H]([NH3+])C(=O)[O-])C(=O)NCC(=O)[O-])C(=O)NCC(=O)[O-])C(=O)[O-]
indole	Indole	c1ccc2[nH]ccc2c1
maltpt	Maltopentaose	OC[C@H]1O[C@H](O[C@H]2[C@H](O)[C@@H](O)[C@@H](O[C@H]3[C@H](O)[C@@H](O)[C@@H](O[C@H]4[C@H](O)[C@@H](O)[C@@H](O[C@H]5[C@H](O)[C@@H](O)[C@@H](O)O[C@@H]5CO)O[C@@H]4CO)O[C@@H]3CO)O[C@@H]2CO)[C@H](O)[C@@H](O)[C@@H]1O
gthrd	Reduced glutathione	[NH3+][C@@H](CCC(=O)N[C@@H](CS)C(=O)NCC(=O)[O-])C(=O)[O-]
inost	Myo-Inositol	O[C@H]1[C@H](O)[C@@H](O)[C@H](O)[C@@H](O)[C@H]1O
malttr	Maltotriose C18H32O16	OC[C@H]1O[C@H](O[C@H]2[C@H](O)[C@@H](O)[C@@H](O[C@H]3[C@H](O)[C@@H](O)[C@@H](O)O[C@@H]3CO)O[C@@H]2CO)[C@H](O)[C@@H](O)[C@@H]1O
gtp	GTP C10H12N5O14P3	Nc1nc2c(ncn2[C@@H]2O[C@H](COP(=O)([O-])OP(=O)([O-])OP(=O)([O-])[O-])[C@@H](O)[C@H]2O)c(=O)[nH]1
ins	Inosine	OC[C@H]1O[C@@H](n2cnc3c(O)ncnc32)[C@H](O)[C@@H]1O
maltttr	Maltotetraose	OC[C@H]1O[C@H](O[C@H]2[C@H](O)[C@@H](O)[C@@H](O[C@H]3[C@H](O)[C@@H](O)[C@@H](O[C@H]4[C@H](O)[C@@H](O)[C@@H](O)O[C@@H]4CO)O[C@@H]3CO)O[C@@H]2CO)[C@H](O)[C@@H](O)[C@@H]1O
gtspmd	Glutathionylspermidine	[NH3+]CCCC[NH2+]CCCNC(=O)CNC(=O)[C@H](CS)NC(=O)CC[C@H]([NH3+])C(=O)[O-]
ipdp	Isopentenyl diphosphate	C=C(C)CCOP(=O)([O-])OP(=O)([O-])[O-]
isetac	Isethionic acid	O=S(=O)([O-])CCO
gua	Guanine	Nc1nc2[nH]cnc2c(=O)[nH]1
man1p	D-Mannose 1-phosphate	O=P([O-])([O-])O[C@H]1O[C@H](CO)[C@@H](O)[C@H](O)[C@@H]1O
man6p	D-Mannose 6-phosphate	O=P([O-])([O-])OC[C@H]1O[C@H](O)[C@@H](O)[C@@H](O)[C@@H]1O
itp	ITP C10H11N4O14P3	O=c1[nH]cnc2c1ncn2[C@@H]1O[C@H](COP(=O)([O-])OP(=O)([O-])OP(=O)([O-])[O-])[C@@H](O)[C@H]1O
man6pglyc	2(alpha-D-Mannosyl-6-phosphate)-D-glycerate	O=C([O-])C(CO)OC1OC(COP(=O)([O-])O)C(O)C(O)C1O
man	D-Mannose	OC[C@H]1OC(O)[C@@H](O)[C@@H](O)[C@@H]1O
metsox_R__L	L-methionine-R-sulfoxide	C[S@@](=O)CC[C@H]([NH3+])C(=O)[O-]
metsox_S__L	L-Methionine Sulfoxide	C[S@](=O)CC[C@H]([NH3+])C(=O)[O-]
o2	O2 O2	O=O
mana	D-Mannonate	O=C([O-])[C@@H](O)[C@@H](O)[C@H](O)[C@H](O)CO
o2s	Superoxide anion	[O][O-]
manglyc	2(alpha-D-Mannosyl)-D-glycerate	O=C([O-])C(CO)OC1OC(CO)C(O)C(O)C1O
mettrna	L-Methionyl-tRNA (Met)	*CC1OC(n2cnc3c(N)ncnc32)C(OC(=O)C([NH3+])CCSC)C1O
mg2	Magnesium	[Mg+2]
melib	Melibiose C12H22O11	OCC1OC(OCC2OC(O)C(O)C(O)C2O)C(O)C(O)C1O
oaa	Oxaloacetate	O=C([O-])CC(=O)C(=O)[O-]
mi1p__D	1D-myo-Inositol 1-phosphate	O=P([O-])([O-])O[C@@H]1[C@H](O)[C@H](O)[C@@H](O)[C@H](O)[C@H]1O
micit	Methylisocitrate	C[C@](O)(C(=O)[O-])[C@H](CC(=O)[O-])C(=O)[O-]
oc2coa	Trans-Oct-2-enoyl-CoA	CCCCC/C=C/C(=O)SCCNC(=O)CCNC(=O)[C@H](O)C(C)(C)COP(=O)([O-])OP(=O)([O-])OC[C@H]1O[C@@H](n2cnc3c(N)ncnc32)[C@H](O)[C@@H]1OP(=O)([O-])[O-]
ocACP	Octanoyl-ACP (n-C8:0ACP)	*OP(=O)([O-])OCC(C)(C)C(O)C(=O)NCCC(=O)NCCSC(=O)CCCCCCC
occoa	Octanoyl-CoA (n-C8:0CoA)	CCCCCCCC(=O)SCCNC(=O)CCNC(=O)[C@H](O)C(C)(C)COP(=O)([O-])OP(=O)([O-])OC[C@H]1O[C@@H](n2cnc3c(N)ncnc32)[C@H](O)[C@@H]1OP(=O)([O-])[O-]
ocdcaACP	Octadecanoyl-ACP (n-C18:0ACP)	*OP(=O)([O-])OCC(C)(C)C(O)C(=O)NCCC(=O)NCCSC(=O)CCCCCCCCCCCCCCCCC
minohp	Myo-Inositol hexakisphosphate	O=P([O-])([O-])O[C@H]1[C@H](OP(=O)([O-])[O-])[C@@H](OP(=O)([O-])[O-])[C@H](OP(=O)([O-])[O-])[C@@H](OP(=O)([O-])[O-])[C@H]1OP(=O)([O-])[O-]
mercppyr	Mercaptopyruvate	O=C([O-])C(=O)CS
ocdca	Octadecanoate (n-C18:0)	CCCCCCCCCCCCCCCCCC(=O)[O-]
met__D	D-Methionine	CSCC[C@@H]([NH3+])C(=O)[O-]
mlthf	5,10-Methylenetetrahydrofolate	Nc1nc2c(c(=O)[nH]1)N1CN(c3ccc(C(=O)N[C@@H](CCC(=O)[O-])C(=O)[O-])cc3)C[C@H]1CN2
ocdcea	Octadecenoate (n-C18:1)	CCCCCCCC/C=C\CCCCCCCC(=O)[O-]
mmcoa__R	(R)-Methylmalonyl-CoA	C[C@H](C(=O)[O-])C(=O)SCCNC(=O)CCNC(=O)[C@H](O)C(C)(C)COP(=O)([O-])OP(=O)([O-])OC[C@H]1O[C@@H](n2cnc3c(N)ncnc32)[C@H](O)[C@@H]1OP(=O)([O-])[O-]
mmcoa__S	(S)-Methylmalonyl-CoA	C[C@@H](C(=O)[O-])C(=O)SCCNC(=O)CCNC(=O)[C@H](O)C(C)(C)COP(=O)([O-])OP(=O)([O-])OC[C@H]1O[C@@H](n2cnc3c(N)ncnc32)[C@H](O)[C@@H]1OP(=O)([O-])[O-]
mmet	S-Methyl-L-methionine	C[S](C)CCC([NH3+])C(=O)[O-]
met__L	L-Methionine	CSCC[C@H]([NH3+])C(=O)[O-]
octa	Octanoate (n-C8:0)	CCCCCCCC(=O)[O-]
mn2	Manganese	[Mn+2]
methf	5,10-Methenyltetrahydrofolate	Nc1nc2c(c(=O)[nH]1)[N+]1=CN(c3ccc(C(=O)N[C@@H](CCC(=O)[O-])C(=O)[O-])cc3)C[C@H]1CN2
octdp	All-trans-Octaprenyl diphosphate	CC(C)=CCCC(C)=CCCC(C)=CCCC(C)=CCCC(C)=CCCC(C)=CCCC(C)=CCCC(C)=CCOP(=O)(O)OP(=O)(O)O
octeACP	Cis-octadec-11-enoyl-[acyl-carrier protein] (n-C18:1)	*OP(=O)([O-])OCC(C)(C)C(O)C(=O)NCCC(=O)NCCSC(=O)CCCCCCCCCCCCCCCC=C
od2coa	Trans-Octadec-2-enoyl-CoA	CCCCCCCCCCCCCCC/C=C/C(=O)SCCNC(=O)CCNC(=O)[C@H](O)C(C)(C)COP(=O)([O-])OP(=O)([O-])OC[C@H]1O[C@@H](n2cnc3c(N)ncnc32)[C@H](O)[C@@H]1OP(=O)([O-])[O-]
mnl1p	D-Mannitol 1-phosphate	O=P([O-])([O-])OC[C@@H](O)[C@@H](O)[C@H](O)[C@H](O)CO
pgp141	Phosphatidylglycerophosphate (ditetradec-7-enoyl, n-C14:1)	CCCCCCC=CCCCCCC(=O)OCC(COP(=O)([O-])OCC(O)COP(=O)([O-])O)OC(=O)CCCCCC=CCCCCCC
mnl	D-Mannitol	OC[C@@H](O)[C@@H](O)[C@H](O)[C@H](O)CO
mobd	Molybdate	O=[Mo](=O)([O-])[O-]
odecoa	Octadecenoyl-CoA (n-C18:1CoA)	CCCCCCCC/C=C\CCCCCCCC(=O)SCCNC(=O)CCNC(=O)[C@H](O)C(C)(C)COP(=O)([O-])OP(=O)([O-])OC[C@H]1O[C@@H](n2cnc3c(N)ncnc32)[C@H](O)[C@@H]1OP(=O)([O-])[O-]
ohpb	2-Oxo-3-hydroxy-4-phosphobutanoate	O=C([O-])C(=O)[C@H](O)COP(=O)([O-])[O-]
op4en	2-Oxopent-4-enoate	C=CC=C(O)C(=O)O
pgp160	Phosphatidylglycerophosphate (dihexadecanoyl, n-C16:0)	CCCCCCCCCCCCCCCC(=O)OCC(COP(=O)([O-])OCC(O)COP(=O)([O-])O)OC(=O)CCCCCCCCCCCCCCC
orn	Ornithine	[NH3+]CCC[C@H]([NH3+])C(=O)[O-]
pgp161	Phosphatidylglycerophosphate (dihexadec-9-enoyl, n-C16:1)	CCCCCCC=CCCCCCCCC(=O)OCC(COP(=O)([O-])OCC(O)COP(=O)([O-])O)OC(=O)CCCCCCCC=CCCCCCC
mql8	Menaquinol 8	CC(C)=CCCC(C)=CCCC(C)=CCCC(C)=CCCC(C)=CCCC(C)=CCCC(C)=CCCC(C)=CCc1c(C)c(O)c2ccccc2c1O
mqn8	Menaquinone 8	CC(C)=CCCC(C)=CCCC(C)=CCCC(C)=CCCC(C)=CCCC(C)=CCCC(C)=CCCC(C)=CCC1=C(C)C(=O)c2ccccc2C1=O
orot5p	Orotidine 5'-phosphate	O=C([O-])c1cc(=O)[nH]c(=O)n1[C@@H]1O[C@H](COP(=O)([O-])[O-])[C@@H](O)[C@H]1O
pgp180	Phosphatidylglycerophosphate (dioctadecanoyl, n-C18:0)	CCCCCCCCCCCCCCCCCC(=O)OCC(COP(=O)([O-])OCC(O)COP(=O)([O-])O)OC(=O)CCCCCCCCCCCCCCCCC
orot	Orotate C5H3N2O4	O=C([O-])c1cc(=O)[nH]c(=O)[nH]1
mso3	Methanesulfonate	CS(=O)(=O)[O-]
pgp181	Phosphatidylglycerophosphate (dioctadec-11-enoyl, n-C18:1)	CCCCCCC=CCCCCCCCCCC(=O)OCC(COP(=O)([O-])OCC(O)COP(=O)([O-])O)OC(=O)CCCCCCCCCC=CCCCCCC
oxam	Oxamate	NC(=O)C(=O)[O-]
mthgxl	Methylglyoxal	CC(=O)C=O
murein3p3p	Two linked disacharide tripeptide murein units (uncrosslinked, middle of chain)	CC(=O)NC1=COC(CO)C(OC2OC(CO)C(OC3OC(CO)C(OC4OC(CO)C(O)C(O)C4NC(C)=O)C(OC(C)C(=O)NC(C)C(=O)NC(CCC(=O)[O-])C(=O)NC(CCCC([NH3+])C(=O)[O-])C(=O)[O-])C3NC(C)=O)C(O)C2NC(C)=O)C1OC(C)C(=O)NC(C)C(=O)NC(CCC(=O)[O-])C(=O)NC(CCCC([NH3+])C(=O)[O-])C(=O)[O-]
oxur	Oxalureate	NC(=O)NC(=O)C(=O)[O-]
phaccoa	Phenylacetyl-CoA	CC(C)(COP(=O)([O-])OP(=O)([O-])OC[C@H]1O[C@@H](n2cnc3c(N)ncnc32)[C@H](O)[C@@H]1OP(=O)([O-])[O-])[C@@H](O)C(=O)NCCC(=O)NCCSC(=O)Cc1ccccc1
pa120	1,2-didodecanoyl-sn-glycerol 3-phosphate	CCCCCCCCCCCC(=O)OCC(COP(=O)([O-])O)OC(=O)CCCCCCCCCCC
murein3px3p	Two disacharide linked murein units, tripeptide crosslinked tripeptide (A2pm->A2pm) (middle of chain)	CC(=O)NC1=COC(CO)C2OC3OC(CO)C(OC4OC(CO)C(OC5OC(CO)C(O)C(O)C5NC(C)=O)C(OC(C)C(=O)NC(C)C(=O)NC(CCC(=O)O)C(=O)NC(CCCC(N)C(=O)O)C(=O)NC(C(=O)O)CCCC(C(=O)O)NC(=O)C(CCC(=O)O)NC(=O)C(C)NC(=O)C(C)OC12)C4NC(C)=O)C(O)C3NC(C)=O
phe__L	L-Phenylalanine	[NH3+][C@@H](Cc1ccccc1)C(=O)[O-]
murein3px4p	Two disacharide linked murein units, tripeptide crosslinked tetrapeptide (A2pm->D-ala) (middle of chain)	*O[C@@H]1O[C@H](CO)[C@@H](O[C@@H]2O[C@H](CO)[C@@H](O*)[C@H](O)[C@H]2NC(C)=O)[C@H](O[C@H](C)C(=O)N[C@@H](C)C(=O)N[C@H](CCC(=O)N[C@@H](CCC[C@@H](NC(=O)[C@@H](C)NC(=O)[C@H](CCC[C@@H]([NH3+])C(=O)[O-])NC(=O)CC[C@@H](NC(=O)[C@H](C)NC(=O)[C@@H](C)O[C@@H]2[C@@H](NC(C)=O)[C@H](O*)O[C@H](CO)[C@H]2O[C@@H]2O[C@H](CO)[C@@H](O*)[C@H](O)[C@H]2NC(C)=O)C(=O)[O-])C(=O)[O-])C(=O)[O-])C(=O)[O-])[C@H]1NC(C)=O
pa140	1,2-ditetradecanoyl-sn-glycerol 3-phosphate	CCCCCCCCCCCCCC(=O)OCC(COP(=O)(O)O)OC(=O)CCCCCCCCCCCCC
murein4p3p	Two linked disacharide tetrapeptide and tripeptide murein units (uncrosslinked, middle of chain)	CC(=O)NC1=COC(CO)C(OC2OC(CO)C(OC3OC(CO)C(OC4OC(CO)C(O)C(O)C4NC(C)=O)C(OC(C)C(=O)NC(C)C(=O)NC(CCC(=O)[O-])C(=O)NC(CCCC([NH3+])C(=O)[O-])C(=O)[O-])C3NC(C)=O)C(O)C2NC(C)=O)C1OC(C)C(=O)NC(C)C(=O)NC(CCC(=O)[O-])C(=O)NC(CCCC([NH3+])C(=O)[O-])C(=O)NC(C)C(=O)[O-]
murein4p4p	Two linked disacharide tetrapeptide murein units (uncrosslinked, middle of chain)	CC(=O)NC1=COC(CO)C(OC2OC(CO)C(OC3OC(CO)C(OC4OC(CO)C(O)C(O)C4NC(C)=O)C(OC(C)C(=O)NC(C)C(=O)NC(CCC(=O)[O-])C(=O)NC(CCCC([NH3+])C(=O)[O-])C(=O)NC(C)C(=O)[O-])C3NC(C)=O)C(O)C2NC(C)=O)C1OC(C)C(=O)NC(C)C(=O)NC(CCC(=O)[O-])C(=O)NC(CCCC([NH3+])C(=O)[O-])C(=O)NC(C)C(=O)[O-]
pa141	1,2-ditetradec-7-enoyl-sn-glycerol 3-phosphate	CCCCCCC=CCCCCCC(=O)OCC(COP(=O)([O-])O)OC(=O)CCCCCC=CCCCCCC
pheme	Protoheme C34H30FeN4O4	C=CC1=C(C)C2=Cc3c(C=C)c(C)c4n3[Fe-2]35n6c(c(C)c(CCC(=O)[O-])c6=CC6=[N+]3C(=C4)C(C)=C6CCC(=O)[O-])=CC1=[N+]25
murein4px4p4p	Three disacharide linked murein units (tetrapeptide crosslinked tetrapeptide (A2pm->D-ala), one uncrosslinked tetrapaptide) (middle of chain)	CC(=O)NC1=COC(CO)C2OC3OC(CO)C(OC4OC(CO)C(OC5OC(CO)C(OC6OC(CO)C(OC7OC(CO)C(O)C(O)C7NC(C)=O)C(OC(C)C(=O)NC(C)C(=O)NC(CCC(=O)[O-])C(=O)NC(CCCC([NH3+])C(=O)[O-])C(=O)NC(C)C(=O)[O-])C6NC(C)=O)C(O)C5NC(C)=O)C(OC(C)C(=O)NC(C)C(=O)NC(CCC(=O)[O-])C(=O)NC(CCCC([NH3+])C(=O)[O-])C(=O)NC(C)C(=O)NC(C(=O)[O-])CCCC(C(=O)NC(C)C(=O)[O-])NC(=O)C(CCC(=O)[O-])NC(=O)C(C)NC(=O)C(C)OC12)C4NC(C)=O)C(O)C3NC(C)=O
murein4px4p	Two disacharide linked murein units, tetrapeptide corsslinked tetrapeptide (A2pm->D-ala) (middle of chain)	CC(=O)NC1=COC(CO)C2OC3OC(CO)C(OC4OC(CO)C(OC5OC(CO)C(O)C(O)C5NC(C)=O)C(OC(C)C(=O)NC(C)C(=O)NC(CCC(=O)[O-])C(=O)NC(CCCC(N)C(=O)[O-])C(=O)NC(C)C(=O)NC(C(=O)[O-])CCCC(C(=O)NC(C)C(=O)[O-])NC(=O)C(CCC(=O)[O-])NC(=O)C(C)NC(=O)C(C)OC12)C4NC(C)=O)C(O)C3NC(C)=O
pa160	1,2-dihexadecanoyl-sn-glycerol 3-phosphate	CCCCCCCCCCCCCCCC(=O)OC[C@H](COP(=O)([O-])[O-])OC(=O)CCCCCCCCCCCCCCC
murein4px4px4p	Three disacharide linked murein units (tetrapeptide crosslinked tetrapeptide (A2pm->D-ala) & tetrapeptide corsslinked tetrapeptide (A2pm->D-ala)) (middle of chain)	CC(=O)NC1=COC(CO)C2OC3OC(CO)C(OC4OC(CO)C5OC6OC(CO)C(OC7OC(CO)C(OC8OC(CO)C(O)C(O)C8NC(C)=O)C(OC(C)C(=O)NC(C)C(=O)NC(CCC(=O)[O-])C(=O)NC(CCCC([NH3+])C(=O)[O-])C(=O)NC(C)C(=O)NC(C(=O)[O-])CCCC(NC(=O)C(CCC(=O)[O-])NC(=O)C(C)NC(=O)C(C)OC5C4NC(C)=O)C(=O)NC(C)C(=O)NC(C(=O)[O-])CCCC(C(=O)NC(C)C(=O)[O-])NC(=O)C(CCC(=O)[O-])NC(=O)C(C)NC(=O)C(C)OC12)C7NC(C)=O)C(O)C6NC(C)=O)C(O)C3NC(C)=O
murein5p3p	Two linked disacharide pentapeptide and tripeptide murein units (uncrosslinked, middle of chain)	CC(=O)NC1=COC(CO)C(OC2OC(CO)C(OC3OC(CO)C(OC4OC(CO)C(O)C(O)C4NC(C)=O)C(OC(C)C(=O)NC(C)C(=O)NC(CCC(=O)[O-])C(=O)NC(CCCC([NH3+])C(=O)[O-])C(=O)[O-])C3NC(C)=O)C(O)C2NC(C)=O)C1OC(C)C(=O)NC(C)C(=O)NC(CCC(=O)[O-])C(=O)NC(CCCC([NH3+])C(=O)[O-])C(=O)NC(C)C(=O)NC(C)C(=O)[O-]
pa161	1,2-dihexadec-9-enoyl-sn-glycerol 3-phosphate	CCCCCCC=CCCCCCCCC(=O)OCC(COP(=O)([O-])O)OC(=O)CCCCCCCC=CCCCCCC
phetrna	L-Phenylalanyl-tRNA(Phe)	*CC1OC(n2cnc3c(N)ncnc32)C(OC(=O)C(N)Cc2ccccc2)C1O
pa180	1,2-dioctadecanoyl-sn-glycerol 3-phosphate	CCCCCCCCCCCCCCCCCC(=O)OCC(COP(=O)(O)O)OC(=O)CCCCCCCCCCCCCCCCC
murein5p4p	Two linked disacharide pentapeptide and tetrapeptide murein units (uncrosslinked, middle of chain)	CC(=O)NC1=COC(CO)C(OC2OC(CO)C(OC3OC(CO)C(OC4OC(CO)C(O)C(O)C4NC(C)=O)C(OC(C)C(=O)NC(C)C(=O)NC(CCC(=O)[O-])C(=O)NC(CCCC([NH3+])C(=O)[O-])C(=O)NC(C)C(=O)[O-])C3NC(C)=O)C(O)C2NC(C)=O)C1OC(C)C(=O)NC(C)C(=O)NC(CCC(=O)[O-])C(=O)NC(CCCC([NH3+])C(=O)[O-])C(=O)NC(C)C(=O)NC(C)C(=O)[O-]
murein5p5p5p	Three linked disacharide pentapeptide murein units (uncrosslinked, middle of chain)	CC(=O)NC1=COC(CO)C(OC2OC(CO)C(OC3OC(CO)C(OC4OC(CO)C(OC5OC(CO)C(OC6OC(CO)C(O)C(O)C6NC(C)=O)C(OC(C)C(=O)NC(C)C(=O)NC(CCC(=O)[O-])C(=O)NC(CCCC([NH3+])C(=O)[O-])C(=O)NC(C)C(=O)NC(C)C(=O)[O-])C5NC(C)=O)C(O)C4NC(C)=O)C(OC(C)C(=O)NC(C)C(=O)NC(CCC(=O)[O-])C(=O)NC(CCCC([NH3+])C(=O)[O-])C(=O)NC(C)C(=O)NC(C)C(=O)[O-])C3NC(C)=O)C(O)C2NC(C)=O)C1OC(C)C(=O)NC(C)C(=O)NC(CCC(=O)[O-])C(=O)NC(CCCC([NH3+])C(=O)[O-])C(=O)NC(C)C(=O)NC(C)C(=O)[O-]
phhlipa	Phospho-heptosyl-heptosyl-kdo2-lipidA	CCCCCCCCCCCCCC(=O)O[C@H](CCCCCCCCCCC)CC(=O)O[C@@H]1[C@@H](NC(=O)C[C@@H](CCCCCCCCCCC)OC(=O)CCCCCCCCCCC)[C@H](OC[C@H]2O[C@H](OP(=O)([O-])[O-])[C@H](NC(=O)C[C@H](O)CCCCCCCCCCC)[C@@H](OC(=O)C[C@H](O)CCCCCCCCCCC)[C@@H]2O)O[C@H](CO[C@]2(C(=O)[O-])C[C@@H](O[C@]3(C(=O)[O-])C[C@@H](O)[C@@H](O)[C@@H]([C@H](O)CO)O3)[C@@H](O[C@H]3O[C@H]([C@@H](O)CO)[C@@H](O)[C@H](O[C@@H]4O[C@H]([C@H](O)CO)[C@@H](OP(=O)([O-])[O-])[C@H](O)[C@@H]4O)[C@@H]3O)[C@@H]([C@H](O)CO)O2)[C@H]1OP(=O)([O-])[O-]
murein5p5p	Two linked disacharide pentapeptide murein units (uncrosslinked, middle of chain)	CC(=O)NC1=COC(CO)C(OC2OC(CO)C(OC3OC(CO)C(OC4OC(CO)C(O)C(O)C4NC(C)=O)C(OC(C)C(=O)NC(C)C(=O)NC(CCC(=O)[O-])C(=O)NC(CCCC([NH3+])C(=O)[O-])C(=O)NC(C)C(=O)NC(C)C(=O)[O-])C3NC(C)=O)C(O)C2NC(C)=O)C1OC(C)C(=O)NC(C)C(=O)NC(CCC(=O)[O-])C(=O)NC(CCCC([NH3+])C(=O)[O-])C(=O)NC(C)C(=O)NC(C)C(=O)[O-]
pa181	1,2-dioctadec-11-enoyl-sn-glycerol 3-phosphate	CCCCCCC=CCCCCCCCCCC(=O)OCC(COP(=O)([O-])O)OC(=O)CCCCCCCCCC=CCCCCCC
phom	O-Phospho-L-homoserine	[NH3+][C@@H](CCOP(=O)([O-])[O-])C(=O)[O-]
murein5px3p	Two disacharide linked murein units, pentapeptide corsslinked tripeptide (A2pm->A2pm) (middle of chain)	CC(=O)NC1=COC(CO)C2OC3OC(CO)C(OC4OC(CO)C(OC5OC(CO)C(O)C(O)C5NC(C)=O)C(OC(C)C(=O)NC(C)C(=O)NC(CCC(=O)[O-])C(=O)NC(CCCC([NH3+])C(=O)[O-])C(=O)NC(C(=O)[O-])CCCC(C(=O)NC(C)C(=O)NC(C)C(=O)[O-])NC(=O)C(CCC(=O)[O-])NC(=O)C(C)NC(=O)C(C)OC12)C4NC(C)=O)C(O)C3NC(C)=O
phphhlipa	Phospho-heptosyl-phospho-heptosyl-heptosyl-kdo2-lipidA	CCCCCCCCCCCCCC(=O)O[C@H](CCCCCCCCCCC)CC(=O)O[C@@H]1[C@@H](NC(=O)C[C@@H](CCCCCCCCCCC)OC(=O)CCCCCCCCCCC)[C@H](OC[C@H]2O[C@H](OP(=O)([O-])[O-])[C@H](NC(=O)C[C@H](O)CCCCCCCCCCC)[C@@H](OC(=O)C[C@H](O)CCCCCCCCCCC)[C@@H]2O)O[C@H](CO[C@]2(C(=O)[O-])C[C@@H](O[C@]3(C(=O)[O-])C[C@@H](O)[C@@H](O)[C@@H]([C@H](O)CO)O3)[C@@H](O[C@H]3O[C@H]([C@@H](O)CO)[C@@H](OP(=O)([O-])[O-])[C@H](O[C@@H]4O[C@H]([C@H](O)CO[C@H]5O[C@H]([C@@H](O)CO)[C@@H](O)[C@H](O)[C@@H]5O)[C@@H](OP(=O)([O-])[O-])[C@H](O)[C@@H]4O)[C@@H]3O)[C@@H]([C@H](O)CO)O2)[C@H]1OP(=O)([O-])[O-]
murein5px4p	Two disacharide linked murein units, pentapeptide crosslinked tetrapeptide (A2pm->D-ala) (middle of chain)	CC(=O)NC1=COC(CO)C2OC3OC(CO)C(OC4OC(CO)C(OC5OC(CO)C(O)C(O)C5NC(C)=O)C(OC(C)C(=O)NC(C)C(=O)NC(CCC(=O)O)C(=O)NC(CCCC(N)C(=O)O)C(=O)NC(C)C(=O)NC(C(=O)O)CCCC(C(=O)NC(C)C(=O)NC(C)C(=O)O)NC(=O)C(CCC(=O)O)NC(=O)C(C)NC(=O)C(C)OC12)C4NC(C)=O)C(O)C3NC(C)=O
pac	Phenylacetic acid	O=C([O-])Cc1ccccc1
phpyr	Phenylpyruvate	O=C([O-])C(=O)Cc1ccccc1
pacald	Phenylacetaldehyde	O=CCc1ccccc1
murein5px4px4p	Three disacharide linked murein units (pentapeptide crosslinked tetrapeptide (A2pm->D-ala) tetrapeptide corsslinked tetrapeptide (A2pm->D-ala)) (middle of chain)	CC(=O)NC1=COC(CO)C2OC3OC(CO)C(OC4OC(CO)C5OC6OC(CO)C(OC7OC(CO)C(OC8OC(CO)C(O)C(O)C8NC(C)=O)C(OC(C)C(=O)NC(C)C(=O)NC(CCC(=O)O)C(=O)NC(CCCC(N)C(=O)O)C(=O)NC(C)C(=O)NC(C(=O)O)CCCC(NC(=O)C(CCC(=O)O)NC(=O)C(C)NC(=O)C(C)OC5C4NC(C)=O)C(=O)NC(C)C(=O)NC(C(=O)O)CCCC(C(=O)NC(C)C(=O)NC(C)C(=O)O)NC(=O)C(CCC(=O)O)NC(=O)C(C)NC(=O)C(C)OC12)C7NC(C)=O)C(O)C6NC(C)=O)C(O)C3NC(C)=O
phthr	O-Phospho-4-hydroxy-L-threonine	[NH3+][C@H](C(=O)[O-])[C@H](O)COP(=O)([O-])[O-]
myrsACP	Myristoyl-ACP (n-C14:0ACP)	*SC(=O)CCCCCCCCCCCCC
pi	Phosphate	O=P([O-])([O-])O
palmACP	Palmitoyl-ACP (n-C16:0ACP)	*SC(=O)CCCCCCCCCCCCCCC
pan4p	Pantetheine 4'-phosphate	CC(C)(COP(=O)([O-])[O-])[C@@H](O)C(=O)NCCC(=O)NCCS
pant__R	(R)-Pantoate	CC(C)(CO)[C@@H](O)C(=O)[O-]
n8aspmd	N8-Acetylspermidine	CC(=O)NCCCC[NH2+]CCC[NH3+]
pmcoa	Pimeloyl-CoA	CC(C)(COP(=O)([O-])OP(=O)([O-])OC[C@H]1O[C@@H](n2cnc3c(N)ncnc32)[C@H](O)[C@@H]1OP(=O)([O-])[O-])[C@@H](O)C(=O)NCCC(=O)NCCSC(=O)CCCCCC(=O)[O-]
na1	Sodium	[Na+]
pap	Adenosine 3',5'-bisphosphate	Nc1ncnc2c1ncn2[C@@H]1O[C@H](COP(=O)([O-])[O-])[C@@H](OP(=O)([O-])[O-])[C@H]1O
pmtcoa	Palmitoyl-CoA (n-C16:0CoA)	CCCCCCCCCCCCCCCC(=O)SCCNC(=O)CCNC(=O)[C@H](O)C(C)(C)COP(=O)([O-])OP(=O)([O-])OC[C@H]1O[C@@H](n2cnc3c(N)ncnc32)[C@H](O)[C@@H]1OP(=O)([O-])[O-]
paps	3'-Phosphoadenylyl sulfate	Nc1ncnc2c1ncn2[C@@H]1O[C@H](COP(=O)([O-])OS(=O)(=O)[O-])[C@@H](OP(=O)([O-])[O-])[C@H]1O
pnto__R	(R)-Pantothenate	CC(C)(CO)[C@@H](O)C(=O)NCCC(=O)[O-]
pdx5p	Pyridoxine 5'-phosphate	Cc1ncc(COP(=O)([O-])[O-])c(CO)c1O
pe120	Phosphatidylethanolamine (didodecanoyl, n-C12:0)	CCCCCCCCCCCC(=O)OCC(COP(=O)(O)OCCN)OC(=O)CCCCCCCCCCC
nac	Nicotinate	O=C([O-])c1cccnc1
ppa	Propionate (n-C3:0)	CCC(=O)[O-]
pe140	Phosphatidylethanolamine (ditetradecanoyl, n-C14:0)	CCCCCCCCCCCCCC(=O)OCC(COP(=O)([O-])OCC[NH3+])OC(=O)CCCCCCCCCCCCC
nad	Nicotinamide adenine dinucleotide	NC(=O)c1ccc[n+]([C@@H]2O[C@H](COP(=O)([O-])OP(=O)([O-])OC[C@H]3O[C@@H](n4cnc5c(N)ncnc54)[C@H](O)[C@@H]3O)[C@@H](O)[C@H]2O)c1
pe141	Phosphatidylethanolamine (ditetradec-7-enoyl, n-C14:1)	CCCCCCC=CCCCCCC(=O)OCC(COP(=O)([O-])OCC[NH3+])OC(=O)CCCCCC=CCCCCCC
nadh	Nicotinamide adenine dinucleotide - reduced	NC(=O)C1=CN([C@@H]2O[C@H](COP(=O)([O-])OP(=O)([O-])OC[C@H]3O[C@@H](n4cnc5c(N)ncnc54)[C@H](O)[C@@H]3O)[C@@H](O)[C@H]2O)C=CC1
ppal	Propanal	CCC=O
nadp	Nicotinamide adenine dinucleotide phosphate	NC(=O)c1ccc[n+]([C@@H]2O[C@H](COP(=O)([O-])OP(=O)([O-])OC[C@H]3O[C@@H](n4cnc5c(N)ncnc54)[C@H](OP(=O)([O-])[O-])[C@@H]3O)[C@@H](O)[C@H]2O)c1
nadph	Nicotinamide adenine dinucleotide phosphate - reduced	NC(=O)C1=CN([C@@H]2O[C@H](COP(=O)([O-])OP(=O)([O-])OC[C@H]3O[C@@H](n4cnc5c(N)ncnc54)[C@H](OP(=O)([O-])[O-])[C@@H]3O)[C@@H](O)[C@H]2O)C=CC1
pe160	Phosphatidylethanolamine (dihexadecanoyl, n-C16:0)	CCCCCCCCCCCCCCCC(=O)OC[C@H](COP(=O)([O-])OCC[NH3+])OC(=O)CCCCCCCCCCCCCCC
ncam	Nicotinamide	NC(=O)c1cccnc1
nh4	Ammonium	[NH4+]
ppap	Propanoyl phosphate	CCC(=O)OP(=O)([O-])[O-]
pe161	Phosphatidylethanolamine (dihexadec-9enoyl, n-C16:1)	CCCCCCC=CCCCCCCCC(=O)OCC(COP(=O)([O-])OCC[NH3+])OC(=O)CCCCCCCC=CCCCCCC
ppbng	Porphobilinogen	[NH3+]Cc1[nH]cc(CCC(=O)[O-])c1CC(=O)[O-]
pe180	Phosphatidylethanolamine (dioctadecanoyl, n-C18:0)	CCCCCCCCCCCCCCCCCC(=O)OCC(COP(=O)(O)OCCN)OC(=O)CCCCCCCCCCCCCCCCC
ppcoa	Propanoyl-CoA	CCC(=O)SCCNC(=O)CCNC(=O)[C@H](O)C(C)(C)COP(=O)([O-])OP(=O)([O-])OC[C@H]1O[C@@H](n2cnc3c(N)ncnc32)[C@H](O)[C@@H]1OP(=O)([O-])[O-]
ni2	Nickel	[Ni+2]
ppgpp	Guanosine 3',5'-bis(diphosphate)	Nc1nc2c(ncn2[C@@H]2O[C@H](COP(=O)([O-])OP(=O)([O-])O)[C@@H](OP(=O)([O-])OP(=O)([O-])[O-])[C@H]2O)c(=O)[nH]1
pe181	Phosphatidylethanolamine (dioctadec-11-enoyl, n-C18:1)	CCCCCCC=CCCCCCCCCCC(=O)OCC(COP(=O)([O-])OCC[NH3+])OC(=O)CCCCCCCCCC=CCCCCCC
pphn	Prephenate	O=C([O-])C(=O)C[C@]1(C(=O)[O-])C=C[C@@H](O)C=C1
nicrnt	Nicotinate D-ribonucleotide	O=C([O-])c1ccc[n+]([C@@H]2O[C@H](COP(=O)([O-])[O-])[C@@H](O)[C@H]2O)c1
ppi	Diphosphate	O=P([O-])([O-])OP(=O)([O-])O
peamn	Phenethylamine	[NH3+]CCc1ccccc1
ppp9	Protoporphyrin	C=CC1=C(C)c2cc3[nH]c(cc4nc(cc5[nH]c(cc1n2)c(C)c5CCC(=O)[O-])C(CCC(=O)[O-])=C4C)c(C)c3C=C
nmn	NMN C11H14N2O8P	NC(=O)c1ccc[n+]([C@@H]2O[C@H](COP(=O)([O-])[O-])[C@@H](O)[C@H]2O)c1
pep	Phosphoenolpyruvate	C=C(OP(=O)([O-])[O-])C(=O)[O-]
pg120	Phosphatidylglycerol (didodecanoyl, n-C12:0)	CCCCCCCCCCCC(=O)OCC(COP(=O)(O)OCC(O)CO)OC(=O)CCCCCCCCCCC
pppg9	Protoporphyrinogen IX	C=Cc1c2[nH]c(c1C)Cc1[nH]c(c(CCC(=O)[O-])c1C)Cc1[nH]c(c(C)c1CCC(=O)[O-])Cc1[nH]c(c(C)c1C=C)C2
no2	Nitrite	O=N[O-]
pppi	Inorganic triphosphate	O=P([O-])([O-])OP(=O)([O-])OP(=O)([O-])[O-]
pg140	Phosphatidylglycerol (ditetradecanoyl, n-C14:0)	CCCCCCCCCCCCCC(=O)OCC(COP(=O)([O-])OCC(O)CO)OC(=O)CCCCCCCCCCCCC
pppn	Phenylpropanoate	O=C([O-])CCc1ccccc1
pg141	Phosphatidylglycerol (ditetradec-7-enoyl, n-C14:1)	CCCCCCC=CCCCCCC(=O)OCC(COP(=O)([O-])OCC(O)CO)OC(=O)CCCCCC=CCCCCCC
no3	Nitrate	O=[N+]([O-])[O-]
pg160	Phosphatidylglycerol (dihexadecanoyl, n-C16:0)	CCCCCCCCCCCCCCCC(=O)OCC(COP(=O)(O)OCC(O)CO)OC(=O)CCCCCCCCCCCCCCC
ppt	Phosphonate	O=[PH]([O-])[O-]
pg161	Phosphatidylglycerol (dihexadec-9-enoyl, n-C16:1)	CCCCCCC=CCCCCCCCC(=O)OCC(COP(=O)([O-])OCC(O)CO)OC(=O)CCCCCCCC=CCCCCCC
no	Nitric oxide	[N]=O
pram	5-Phospho-beta-D-ribosylamine	[NH3+][C@@H]1O[C@H](COP(=O)([O-])[O-])[C@@H](O)[C@H]1O
pran	N-(5-Phospho-D-ribosyl)anthranilate	O=C([O-])c1ccccc1N[C@@H]1O[C@H](COP(=O)([O-])[O-])[C@@H](O)[C@H]1O
pg180	Phosphatidylglycerol (dioctadecanoyl, n-C18:0)	CCCCCCCCCCCCCCCCCC(=O)OCC(COP(=O)(O)OCC(O)CO)OC(=O)CCCCCCCCCCCCCCCCC
prbamp	1-(5-Phosphoribosyl)-AMP	Nc1c2ncn(C3OC(COP(=O)([O-])O)C(O)C3O)c2nc[n+]1C1OC(COP(=O)([O-])O)C(O)C1O
o16a2und	(O16 antigen)x2 undecaprenyl diphosphate	CC(=O)NC1C(OC2C(OCC3OC(OC4C(O)C(C)OC(OC5C(O)C(COC6OC(CO)C(O)C(O)C6O)OC(OP(=O)([O-])OP(=O)([O-])OCC=C(C)CCC=C(C)CCC=C(C)CCC=C(C)CCC=C(C)CCC=C(C)CCC=C(C)CCC=C(C)CCC=C(C)CCC=C(C)CCC=C(C)C)C5NC(C)=O)C4OC(C)=O)C(O)C(O)C3O)OC(C(O)CO)C2O)OC(COC2OC(CO)C(O)C(O)C2O)C(O)C1OC1OC(C)C(O)C(OC2OC(COC3OC(C(O)CO)C(O)C3O)C(O)C(O)C2O)C1OC(C)=O
prbatp	1-(5-Phosphoribosyl)-ATP	Nc1c2ncn(C3OC(COP(=O)([O-])OP(=O)([O-])OP(=O)([O-])O)C(O)C3O)c2nc[n+]1C1OC(COP(=O)([O-])O)C(O)C1O
o16a3und	(O16 antigen)x3 undecaprenyl diphosphate	CC(=O)NC1C(OC2C(OCC3OC(OC4C(O)C(C)OC(OC5C(O)C(COC6OC(CO)C(O)C(O)C6O)OC(OC6C(OCC7OC(OC8C(O)C(C)OC(OC9C(O)C(COC%10OC(CO)C(O)C(O)C%10O)OC(OP(=O)([O-])OP(=O)([O-])OCC=C(C)CCC=C(C)CCC=C(C)CCC=C(C)CCC=C(C)CCC=C(C)CCC=C(C)CCC=C(C)CCC=C(C)CCC=C(C)CCC=C(C)C)C9NC(C)=O)C8OC(C)=O)C(O)C(O)C7O)OC(C(O)CO)C6O)C5NC(C)=O)C4OC(C)=O)C(O)C(O)C3O)OC(C(O)CO)C2O)OC(COC2OC(CO)C(O)C(O)C2O)C(O)C1OC1OC(C)C(O)C(OC2OC(COC3OC(C(O)CO)C(O)C3O)C(O)C(O)C2O)C1OC(C)=O
pg181	Phosphatidylglycerol (dioctadec-11-enoyl, n-C18:1)	CCCCCCC=CCCCCCCCCCC(=O)OCC(COP(=O)([O-])OCC(O)CO)OC(=O)CCCCCCCCCC=CCCCCCC
prfp	1-(5-Phosphoribosyl)-5-[(5-phosphoribosylamino)methylideneamino]imidazole-4-carboxamide	NC(=O)c1ncn([C@@H]2O[C@H](COP(=O)([O-])[O-])[C@@H](O)[C@H]2O)c1/N=C/N[C@@H]1O[C@H](COP(=O)([O-])[O-])[C@@H](O)[C@H]1O
pgp120	Phosphatidylglycerophosphate (didodecanoyl, n-C12:0)	CCCCCCCCCCCC(=O)OCC(COP(=O)([O-])OCC(O)COP(=O)([O-])O)OC(=O)CCCCCCCCCCC
prlp	5-[(5-phospho-1-deoxyribulos-1-ylamino)methylideneamino]-1-(5-phosphoribosyl)imidazole-4-carboxamide	NC(=O)c1ncn([C@@H]2O[C@H](COP(=O)([O-])[O-])[C@@H](O)[C@H]2O)c1NC=NCC(=O)[C@H](O)[C@H](O)COP(=O)([O-])[O-]
pro__L	L-Proline	O=C([O-])[C@@H]1CCC[NH2+]1
pgp140	Phosphatidylglycerophosphate (ditetradecanoyl, n-C14:0)	CCCCCCCCCCCCCC(=O)OCC(COP(=O)([O-])OCC(O)COP(=O)([O-])O)OC(=O)CCCCCCCCCCCCC
o16a4und	(O16 antigen)x4 undecaprenyl diphosphate	CC(=O)NC1C(OC2C(OCC3OC(OC4C(O)C(C)OC(OC5C(O)C(COC6OC(CO)C(O)C(O)C6O)OC(OC6C(OCC7OC(OC8C(O)C(C)OC(OC9C(O)C(COC%10OC(CO)C(O)C(O)C%10O)OC(OC%10C(OCC%11OC(OC%12C(O)C(C)OC(OC%13C(O)C(COC%14OC(CO)C(O)C(O)C%14O)OC(OP(=O)([O-])OP(=O)([O-])OCC=C(C)CCC=C(C)CCC=C(C)CCC=C(C)CCC=C(C)CCC=C(C)CCC=C(C)CCC=C(C)CCC=C(C)CCC=C(C)CCC=C(C)C)C%13NC(C)=O)C%12OC(C)=O)C(O)C(O)C%11O)OC(C(O)CO)C%10O)C9NC(C)=O)C8OC(C)=O)C(O)C(O)C7O)OC(C(O)CO)C6O)C5NC(C)=O)C4OC(C)=O)C(O)C(O)C3O)OC(C(O)CO)C2O)OC(COC2OC(CO)C(O)C(O)C2O)C(O)C1OC1OC(C)C(O)C(OC2OC(COC3OC(C(O)CO)C(O)C3O)C(O)C(O)C2O)C1OC(C)=O
o16aund	O16 antigen undecaprenyl diphosphate	CC(=O)NC1C(OP(=O)([O-])OP(=O)([O-])OCC=C(C)CCC=C(C)CCC=C(C)CCC=C(C)CCC=C(C)CCC=C(C)CCC=C(C)CCC=C(C)CCC=C(C)CCC=C(C)CCC=C(C)C)OC(COC2OC(CO)C(O)C(O)C2O)C(O)C1OC1OC(C)C(O)C(OC2OC(COC3OC(C(O)CO)C(O)C3O)C(O)C(O)C2O)C1OC(C)=O
progly	L-Prolinylglycine	O=C([O-])CNC(=O)[C@@H]1CCC[NH2+]1
r1p	Alpha-D-Ribose 1-phosphate	O=P([O-])([O-])O[C@H]1O[C@H](CO)[C@@H](O)[C@H]1O
r5p	Alpha-D-Ribose 5-phosphate	O=P(O)(O)OC[C@H]1O[C@H](O)[C@H](O)[C@@H]1O
protrna	L-Prolyl-tRNA(Pro)	*CC1OC(n2cnc3c(N)ncnc32)C(OC(=O)C2CCC[NH2+]2)C1O
prpp	5-Phospho-alpha-D-ribose 1-diphosphate	O=P([O-])([O-])OC[C@H]1O[C@H](OP(=O)([O-])OP(=O)([O-])[O-])[C@H](O)[C@@H]1O
ps120	Phosphatidylserine (didodecanoyl, n-C12:0)	CCCCCCCCCCCC(=O)OCC(COP(=O)([O-])OCCNC(=O)[O-])OC(=O)CCCCCCCCCCC
ragund	Rhamanosyl-N-acetylglucosamyl-undecaprenyl diphosphate	CC(=O)NC1C(OP(=O)([O-])OP(=O)([O-])OCC=C(C)CCC=C(C)CCC=C(C)CCC=C(C)CCC=C(C)CCC=C(C)CCC=C(C)CCC=C(C)CCC=C(C)CCC=C(C)CCC=C(C)C)OC(CO)C(O)C1OC1OC(C)C(O)C(O)C1O
ps140	Phosphatidylserine (ditetradecanoyl, n-C14:0)	CCCCCCCCCCCCCC(=O)OCC(COP(=O)([O-])OCCNC(=O)[O-])OC(=O)CCCCCCCCCCCCC
td2coa	Trans-Tetradec-2-enoyl-CoA	CCCCCCCCCCC/C=C/C(=O)SCCNC(=O)CCNC(=O)[C@H](O)C(C)(C)COP(=O)([O-])OP(=O)([O-])OC[C@H]1O[C@@H](n2cnc3c(N)ncnc32)[C@H](O)[C@@H]1OP(=O)([O-])[O-]
rbflvrd	Reduced riboflavin	Cc1cc2c(cc1C)N(C[C@H](O)[C@H](O)[C@H](O)CO)C1=NC(=O)NC(=O)C1N2
ps141	Phosphatidylserine (ditetradec-7-enoyl, n-C14:1)	CCCCCCC=CCCCCCC(=O)OCC(COP(=O)([O-])OCCNC(=O)[O-])OC(=O)CCCCCC=CCCCCCC
rdmbzi	N1-(alpha-D-ribosyl)-5,6-dimethylbenzimidazole	Cc1cc2ncn([C@H]3O[C@H](CO)[C@@H](O)[C@H]3O)c2cc1C
tdcoa	Tetradecanoyl-CoA (n-C14:0CoA)	CCCCCCCCCCCCCC(=O)SCCNC(=O)CCNC(=O)[C@H](O)C(C)(C)COP(=O)([O-])OP(=O)([O-])OC[C@H]1O[C@@H](n2cnc3c(N)ncnc32)[C@H](O)[C@@H]1OP(=O)([O-])[O-]
ps160	Phosphatidylserine (dihexadecanoyl, n-C16:0)	CCCCCCCCCCCCCCCC(=O)OCC(COP(=O)([O-])OCCNC(=O)[O-])OC(=O)CCCCCCCCCCCCCCC
tddec2eACP	Trans-Dodec-2-enoyl-[acyl-carrier protein]	*SC(=O)/C=C/CCCCCCCCC
rhcys	S-Ribosyl-L-homocysteine	[NH3+]C(CCSC1OC(CO)C(O)C1O)C(=O)[O-]
ps161	Phosphatidylserine (dihexadec-9-enoyl, n-C16:1)	CCCCCCC=CCCCCCCCC(=O)OCC(COP(=O)([O-])OCCNC(=O)[O-])OC(=O)CCCCCCCC=CCCCCCC
rib__D	D-Ribose	OC[C@H]1OC(O)[C@H](O)[C@@H]1O
tdeACP	Cis-tetradec-7-enoyl-[acyl-carrier protein] (n-C14:1)	*SC(=O)CCCCCCC/C=C/CCCC
ps180	Phosphatidylserine (dioctadecanoyl, n-C18:0)	CCCCCCCCCCCCCCCCCC(=O)OCC(COP(=O)([O-])OCCNC(=O)[O-])OC(=O)CCCCCCCCCCCCCCCCC
tdec2eACP	Trans-Dec-2-enoyl-[acyl-carrier protein]	*OP(=O)([O-])OCC(C)(C)C(O)C(=O)NCCC(=O)NCCSC(=O)C=CCCCCCCC
ps181	Phosphatidylserine (dioctadec-11-enoyl, n-C18:1)	CCCCCCC=CCCCCCCCCCC(=O)OCC(COP(=O)([O-])OCCNC(=O)[O-])OC(=O)CCCCCCCCCC=CCCCCCC
tdecoa	Tetradecenoyl-CoA (n-C14:1CoA)	CCCCCCC=CCCCCCC(=O)SCCNC(=O)CCNC(=O)[C@H](O)C(C)(C)COP(=O)([O-])OP(=O)([O-])OC[C@H]1O[C@@H](n2cnc3c(N)ncnc32)[C@H](O)[C@@H]1OP(=O)([O-])[O-]
psclys	Psicoselysine	[NH3+][C@@H](CCCC[NH2+]CC(=O)[C@H](O)[C@H](O)[C@H](O)CO)C(=O)[O-]
thdp	2,3,4,5-Tetrahydrodipicolinate	O=C([O-])C1=N[C@H](C(=O)[O-])CCC1
ribflv	Riboflavin C17H20N4O6	Cc1cc2nc3c(=O)[n-]c(=O)nc-3n(C[C@H](O)[C@H](O)[C@H](O)CO)c2cc1C
rml1p	L-Rhamnulose 1-phosphate	C[C@H](O)[C@H](O)[C@@H](O)C(=O)COP(=O)([O-])[O-]
thex2eACP	Trans-Hex-2-enoyl-[acyl-carrier protein]	*OP(=O)([O-])OCC(C)(C)C(O)C(=O)NCCC(=O)NCCSC(=O)/C=C/CCC
thf	5,6,7,8-Tetrahydrofolate	Nc1nc2c(c(=O)[nH]1)N[C@@H](CNc1ccc(C(=O)N[C@@H](CCC(=O)[O-])C(=O)[O-])cc1)CN2
thm	Thiamin	Cc1ncc(C[n+]2csc(CCO)c2C)c(N)n1
rml	L-Rhamnulose	C[C@H](O)[C@H](O)[C@@H](O)C(=O)CO
rmn	L-Rhamnose	CC1OC(O)C(O)C(O)C1O
pser__L	O-Phospho-L-serine	[NH3+][C@@H](COP(=O)([O-])[O-])C(=O)[O-]
ru5p__D	D-Ribulose 5-phosphate	O=C(CO)[C@H](O)[C@H](O)COP(=O)([O-])[O-]
ru5p__L	L-Ribulose 5-phosphate	O=C(CO)[C@@H](O)[C@@H](O)COP(=O)([O-])[O-]
thmmp	Thiamin monophosphate	Cc1ncc(C[n+]2csc(CCOP(=O)([O-])[O-])c2C)c(N)n1
thmpp	Thiamine diphosphate	Cc1ncc(C[n+]2csc(CCOP(=O)([O-])OP(=O)([O-])[O-])c2C)c(N)n1
s7p	Sedoheptulose 7-phosphate	O=C(CO)[C@@H](O)[C@H](O)[C@H](O)[C@H](O)COP(=O)([O-])[O-]
ptrc	Putrescine	[NH3+]CCCC[NH3+]
s	Sulfur	S
sarcs	Sarcosine C3H7NO2	C[NH2+]CC(=O)[O-]
thr__L	L-Threonine	C[C@@H](O)[C@H]([NH3+])C(=O)[O-]
sbt6p	D-Sorbitol 6-phosphate	O=P([O-])([O-])OC[C@@H](O)[C@@H](O)[C@H](O)[C@@H](O)CO
pyam5p	Pyridoxamine 5'-phosphate	Cc1ncc(COP(=O)([O-])[O-])c(C[NH3+])c1O
sbt__D	D-Sorbitol	OC[C@@H](O)[C@@H](O)[C@H](O)[C@@H](O)CO
pydam	Pyridoxamine	Cc1ncc(CO)c(C[NH3+])c1O
thrp	L-Threonine O-3-phosphate	C[C@@H](OP(=O)([O-])[O-])[C@H]([NH3+])C(=O)[O-]
pydx5p	Pyridoxal 5'-phosphate	Cc1ncc(COP(=O)([O-])[O-])c(C=O)c1O
sbzcoa	O-Succinylbenzoyl-CoA	CC(C)(COP(=O)([O-])OP(=O)([O-])OC[C@H]1O[C@@H](n2cnc3c(N)ncnc32)[C@H](O)[C@@H]1OP(=O)([O-])[O-])[C@@H](O)C(=O)NCCC(=O)NCCSC(=O)CCC(=O)c1ccccc1C(=O)[O-]
pydx	Pyridoxal	Cc1ncc(CO)c(C=O)c1O
thrtrna	L-Threonyl-tRNA(Thr)	*CC1OC(n2cnc3c(N)ncnc32)C(OC(=O)C(N)C(C)O)C1O
scl	Sirohydrochlorin	C[C@@]1(CC(=O)[O-])c2cc3[nH]c(cc4nc(cc5[nH]c(cc(n2)[C@H]1CCC(=O)[O-])[C@@](C)(CC(=O)[O-])[C@@H]5CCC(=O)[O-])C(CC(=O)[O-])=C4CCC(=O)[O-])c(CCC(=O)[O-])c3CC(=O)[O-]
pydxn	Pyridoxine	Cc1ncc(CO)c(CO)c1O
sectrna	L-Selenocysteinyl-tRNA(Sec)	*[C@@H]1O[C@H](COP(=O)(O)O[C@H]2[C@@H](O)[C@H](*)O[C@@H]2COP(=O)(O)O[C@H]2[C@@H](O)[C@H](*)O[C@@H]2CO)[C@@H](OC(=O)[C@@H](N)C[SeH])[C@H]1O
seln	Selenide	[SeH-]
pyr	Pyruvate	CC(=O)C(=O)[O-]
selnp	Selenophosphate	[O-]P([O-])([O-])=[Se]
thym	Thymine C5H6N2O2	Cc1c[nH]c(=O)[nH]c1=O
ser__D	D-Serine	[NH3+][C@H](CO)C(=O)[O-]
thymd	Thymidine C10H14N2O5	Cc1cn([C@H]2C[C@H](O)[C@@H](CO)O2)c(=O)[nH]c1=O
q8	Ubiquinone-8	COC1=C(OC)C(=O)C(C/C=C(\C)CC/C=C(\C)CC/C=C(\C)CC/C=C(\C)CC/C=C(\C)CC/C=C(\C)CC/C=C(\C)CCC=C(C)C)=C(C)C1=O
q8h2	Ubiquinol-8	COc1c(O)c(C)c(C/C=C(\C)CC/C=C(\C)CC/C=C(\C)CC/C=C(\C)CC/C=C(\C)CC/C=C(\C)CC/C=C(\C)CCC=C(C)C)c(O)c1OC
ser__L	L-Serine	[NH3+][C@@H](CO)C(=O)[O-]
quln	Quinolinate	O=C([O-])c1cccnc1C(=O)[O-]
tma	Trimethylamine	C[NH+](C)C
r15bp	D-Ribose 1,5-bisphosphate	O=P([O-])([O-])OC[C@H]1O[C@H](OP(=O)([O-])[O-])[C@H](O)[C@@H]1O
seramp	L-seryl-AMP	Nc1ncnc2c1ncn2[C@@H]1O[C@H](COP(=O)([O-])OC(=O)[C@@H](N)CO)[C@@H](O)[C@H]1O
uLa4n	Undecaprenyl phosphate-4-amino-4-deoxy-L-arabinose	CC(C)=CCCC(C)=CCCC(C)=CCCC(C)=CCCC(C)=CCCC(C)=CCCC(C)=CCCC(C)=CCCC(C)=CCCC(C)=CCCC(C)=CCOP(=O)([O-])OC1OCC([NH3+])C(O)C1O
tmao	Trimethylamine N-oxide	C[N+](C)(C)[O-]
sertrna_sec	L-Seryl-tRNA(Sec)	*[C@@H]1O[C@H](COP(=O)([O-])O[C@H]2[C@@H](O)[C@H](*)O[C@@H]2COP(=O)([O-])O[C@H]2[C@@H](O)[C@H](*)O[C@@H]2CO)[C@@H](OC(=O)[C@@H](N)CO)[C@H]1O
sertrna	L-Seryl-tRNA(Ser)	*CC1OC(n2cnc3c(N)ncnc32)C(OC(=O)C(N)CO)C1O
sheme	Siroheme C42H36FeN4O16	C[C@@]1(CC(=O)[O-])C2=CC3=[N+]4C(=Cc5c(CCC(=O)[O-])c(CC(=O)[O-])c6n5[Fe-2]45N2C(=CC2=[N+]5C(=C6)[C@@H](CCC(=O)[O-])[C@]2(C)CC(=O)[O-])[C@H]1CCC(=O)[O-])C(CCC(=O)[O-])=C3CC(=O)[O-]
skm5p	Shikimate 5-phosphate	O=C([O-])C1=C[C@@H](OP(=O)([O-])[O-])[C@@H](O)[C@H](O)C1
uaagmda	Undecaprenyl-diphospho-N-acetylmuramoyl-(N-acetylglucosamine)-L-ala-D-glu-meso-2,6-diaminopimeloyl-D-ala-D-ala	CC(=O)NC1C(OC2C(CO)OC(OP(=O)([O-])OP(=O)([O-])OCC=C(C)CCC=C(C)CCC=C(C)CCC=C(C)CCC=C(C)CCC=C(C)CCC=C(C)CCC=C(C)CCC=C(C)CCC=C(C)CCC=C(C)C)C(NC(C)=O)C2OC(C)C(=O)NC(C)C(=O)NC(CCC(=O)[O-])C(=O)NC(CCCC([NH3+])C(=O)[O-])C(=O)NC(C)C(=O)NC(C)C(=O)[O-])OC(CO)C(O)C1O
tmrs2eACP	Trans-Tetradec-2-enoyl-[acyl-carrier protein]	*OP(=O)([O-])OCC(C)(C)C(O)C(=O)NCCC(=O)NCCSC(=O)C=CCCCCCCCCCCC
skm	Shikimate	O=C([O-])C1=C[C@@H](O)[C@@H](O)[C@H](O)C1
toct2eACP	Trans-Oct-2-enoyl-[acyl-carrier protein]	*OP(=O)([O-])OCC(C)(C)C(O)C(=O)NCCC(=O)NCCSC(=O)C=CCCCCC
uaccg	UDP-N-acetyl-3-O-(1-carboxyvinyl)-D-glucosamine	C=C(O[C@H]1[C@H](O)[C@@H](CO)O[C@H](OP(=O)([O-])OP(=O)([O-])OC[C@H]2O[C@@H](n3ccc(=O)[nH]c3=O)[C@H](O)[C@@H]2O)[C@@H]1NC(C)=O)C(=O)[O-]
toctd2eACP	Trans-octadec-2-enoyl-[acyl-carrier protein]	*SC(=O)/C=C/CCCCCCCCCCCCCCC
uacgam	UDP-N-acetyl-D-glucosamine	CC(=O)N[C@H]1[C@@H](OP(=O)([O-])OP(=O)([O-])OC[C@H]2O[C@@H](n3ccc(=O)[nH]c3=O)[C@H](O)[C@@H]2O)O[C@H](CO)[C@@H](O)[C@@H]1O
sl26da	N-Succinyl-LL-2,6-diaminoheptanedioate	[NH3+][C@@H](CCC[C@H](NC(=O)CCC(=O)[O-])C(=O)[O-])C(=O)[O-]
tpalm2eACP	Trans-Hexadec-2-enoyl-[acyl-carrier protein]	*SC(=O)/C=C/CCCCCCCCCCCCC
trdox	Oxidized thioredoxin	*N[C@@H](CSSC[C@H](N*)C(*)=O)C(*)=O
sl2a6o	N-Succinyl-2-L-amino-6-oxoheptanedioate	O=C([O-])CCC(=O)N[C@@H](CCCC(=O)C(=O)[O-])C(=O)[O-]
so2	Sulfur dioxide	O=S=O
trdrd	Reduced thioredoxin	*N[C@@H](CS)C(=O)N[C@@H](*)C(=O)N[C@@H](*)C(=O)N[C@@H](CS)C(*)=O
uacmam	UDP-N-acetyl-D-mannosamine	CC(=O)N[C@@H]1[C@@H](OP(=O)([O-])OP(=O)([O-])OC[C@H]2O[C@@H](n3ccc(=O)[nH]c3=O)[C@H](O)[C@@H]2O)O[C@H](CO)[C@@H](O)[C@@H]1O
tre6p	Alpha,alpha'-Trehalose 6-phosphate	O=P([O-])([O-])OC[C@H]1O[C@H](O[C@H]2O[C@H](CO)[C@@H](O)[C@H](O)[C@H]2O)[C@H](O)[C@@H](O)[C@@H]1O
uacmamu	UDP-N-acetyl-D-mannosaminouronate	CC(=O)N[C@@H]1[C@@H](OP(=O)([O-])OP(=O)([O-])OC[C@H]2O[C@@H](n3ccc(=O)[nH]c3=O)[C@H](O)[C@@H]2O)O[C@H](C(=O)[O-])[C@@H](O)[C@@H]1O
tre	Trehalose	OC[C@H]1O[C@H](O[C@H]2O[C@H](CO)[C@@H](O)[C@H](O)[C@H]2O)[C@H](O)[C@@H](O)[C@@H]1O
uagmda	Undecaprenyl-diphospho-N-acetylmuramoyl-L-alanyl-D-glutamyl-meso-2,6-diaminopimeloyl-D-alanyl-D-alanine	CC(=O)NC1C(OP(=O)([O-])OP(=O)([O-])OCC=C(C)CCC=C(C)CCC=C(C)CCC=C(C)CCC=C(C)CCC=C(C)CCC=C(C)CCC=C(C)CCC=C(C)CCC=C(C)CCC=C(C)C)OC(CO)C(O)C1OC(C)C(=O)NC(C)C(=O)NC(CCC(=O)[O-])C(=O)NC(CCCC([NH3+])C(=O)[O-])C(=O)NC(C)C(=O)NC(C)C(=O)[O-]
so3	Sulfite	O=S([O-])[O-]
uama	UDP-N-acetylmuramoyl-L-alanine	CC(=O)N[C@H]1[C@@H](OP(=O)([O-])OP(=O)([O-])OC[C@H]2O[C@@H](n3ccc(=O)[nH]c3=O)[C@H](O)[C@@H]2O)O[C@H](CO)[C@@H](O)[C@@H]1O[C@H](C)C(=O)N[C@@H](C)C(=O)[O-]
uamag	UDP-N-acetylmuramoyl-L-alanyl-D-glutamate	CC(=O)N[C@H]1[C@@H](OP(=O)([O-])OP(=O)([O-])OC[C@H]2O[C@@H](n3ccc(=O)[nH]c3=O)[C@H](O)[C@@H]2O)O[C@H](CO)[C@@H](O)[C@@H]1O[C@H](C)C(=O)N[C@@H](C)C(=O)N[C@H](CCC(=O)[O-])C(=O)[O-]
trnaala	TRNA(Ala)	*OP(=O)([O-])OC[C@H]1O[C@@H](n2ccc(N)nc2=O)[C@H](O)[C@@H]1OP(=O)([O-])OC[C@H]1O[C@@H](n2ccc(N)nc2=O)[C@H](O)[C@@H]1OP(=O)([O-])OC[C@H]1O[C@@H](n2cnc3c(N)ncnc32)[C@H](O)[C@@H]1O
so4	Sulfate	O=S(=O)([O-])[O-]
uamr	UDP-N-acetylmuramate	CC(=O)N[C@H]1[C@@H](OP(=O)([O-])OP(=O)([O-])OC[C@H]2O[C@@H](n3ccc(=O)[nH]c3=O)[C@H](O)[C@@H]2O)O[C@H](CO)[C@@H](O)[C@@H]1O[C@H](C)C(=O)[O-]
udcpdp	Undecaprenyl diphosphate	CC(C)=CCCC(C)=CCCC(C)=CCCC(C)=CCCC(C)=CCCC(C)=CCCC(C)=CCCC(C)=CCCC(C)=CCCC(C)=CCCC(C)=CCOP(=O)(O)OP(=O)(O)O
spmd	Spermidine	[NH3+]CCCC[NH2+]CCC[NH3+]
udcpp	Undecaprenyl phosphate	CC(C)=CCCC(C)=CCCC(C)=CCCC(C)=CCCC(C)=CCCC(C)=CCCC(C)=CCCC(C)=CCCC(C)=CCCC(C)=CCCC(C)=CCOP(=O)([O-])O
stcoa	Stearoyl-CoA (n-C18:0CoA)	CCCCCCCCCCCCCCCCCC(=O)SCCNC(=O)CCNC(=O)[C@H](O)C(C)(C)COP(=O)([O-])OP(=O)([O-])OC[C@H]1O[C@@H](n2cnc3c(N)ncnc32)[C@H](O)[C@@H]1OP(=O)([O-])[O-]
suc6p	Sucrose 6-phosphate	O=P([O-])([O-])OC[C@H]1O[C@@](CO)(O[C@H]2O[C@H](CO)[C@@H](O)[C@H](O)[C@H]2O)[C@@H](O)[C@@H]1O
udpLa4fn	Uridine 5''-diphospho-{beta}-4-deoxy-4-formamido-L-arabinose	[NH3+]C1(C=O)COC(OP(=O)([O-])OP(=O)([O-])OCC2OC(n3ccc(=O)[nH]c3=O)C(O)C2O)C(O)C1O
sucarg	N2-Succinyl-L-arginine	NC(=[NH2+])NCCC[C@H](NC(=O)CCC(=O)[O-])C(=O)[O-]
udpLa4n	Uridine 5''-diphospho-{beta}-4-deoxy-4-amino-L-arabinose	[NH3+][C@H]1CO[C@H](OP(=O)([O-])OP(=O)([O-])OC[C@H]2O[C@@H](n3ccc(=O)[nH]c3=O)[C@H](O)[C@@H]2O)[C@H](O)[C@H]1O
sucbz	O-Succinylbenzoate	O=C([O-])CCC(=O)c1ccccc1C(=O)[O-]
udpLa4o	UDP-4-keto-pyranose	O=C1CO[C@H](OP(=O)([O-])OP(=O)([O-])OC[C@H]2O[C@@H](n3ccc(=O)[nH]c3=O)[C@H](O)[C@@H]2O)[C@H](O)[C@H]1O
succ	Succinate	O=C([O-])CCC(=O)[O-]
udp	UDP C9H11N2O12P2	O=c1ccn([C@@H]2O[C@H](COP(=O)([O-])OP(=O)([O-])[O-])[C@@H](O)[C@H]2O)c(=O)[nH]1
udpacgal	UDP-N-acetyl-D-galactosamine	CC(=O)N[C@H]1[C@@H](OP(=O)([O-])OP(=O)([O-])OC[C@H]2O[C@@H](n3ccc(=O)[nH]c3=O)[C@H](O)[C@@H]2O)O[C@H](CO)[C@H](O)[C@@H]1O
succoa	Succinyl-CoA	CC(C)(COP(=O)([O-])OP(=O)([O-])OC[C@H]1O[C@@H](n2cnc3c(N)ncnc32)[C@H](O)[C@@H]1OP(=O)([O-])[O-])[C@@H](O)C(=O)NCCC(=O)NCCSC(=O)CCC(=O)[O-]
sucglu	N2-Succinyl-L-glutamate	O=C([O-])CCC(=O)N[C@@H](CCC(=O)[O-])C(=O)[O-]
udpg	UDPglucose	O=c1ccn([C@@H]2O[C@H](COP(=O)([O-])OP(=O)([O-])O[C@H]3O[C@H](CO)[C@@H](O)[C@H](O)[C@H]3O)[C@@H](O)[C@H]2O)c(=O)[nH]1
sucgsa	N2-Succinyl-L-glutamate 5-semialdehyde	O=CCC[C@H](NC(=O)CCC(=O)[O-])C(=O)[O-]
suchms	O-Succinyl-L-homoserine	[NH3+][C@@H](CCOC(=O)CCC(=O)[O-])C(=O)[O-]
trnasecys	TRNA(SeCys)	*CC1OC(n2cnc3c(N)ncnc32)C(O)C1O
sucorn	N2-Succinyl-L-ornithine	[NH3+]CCC[C@H](NC(=O)CCC(=O)[O-])C(=O)[O-]
sucr	Sucrose C12H22O11	OC[C@H]1O[C@@](CO)(O[C@H]2O[C@H](CO)[C@@H](O)[C@H](O)[C@H]2O)[C@@H](O)[C@@H]1O
udpgal	UDPgalactose	O=c1ccn([C@@H]2O[C@H](COP(=O)([O-])OP(=O)([O-])O[C@H]3O[C@H](CO)[C@H](O)[C@H](O)[C@H]3O)[C@@H](O)[C@H]2O)c(=O)[nH]1
sucsal	Succinic semialdehyde	O=CCCC(=O)[O-]
sulfac	Sulfoacetate	O=C([O-])CS(=O)(=O)[O-]
trp__L	L-Tryptophan	[NH3+][C@@H](Cc1c[nH]c2ccccc12)C(=O)[O-]
udpgalfur	UDP-D-galacto-1,4-furanose	O=c1ccn([C@@H]2O[C@H](COP(=O)([O-])OP(=O)([O-])O[C@H]3O[C@@H]([C@H](O)CO)[C@H](O)[C@H]3O)[C@@H](O)[C@H]2O)c(=O)[nH]1
udpglcur	UDP-D-glucuronate	O=C([O-])[C@H]1O[C@H](OP(=O)([O-])OP(=O)([O-])OC[C@H]2O[C@@H](n3ccc(=O)[nH]c3=O)[C@H](O)[C@@H]2O)[C@H](O)[C@@H](O)[C@@H]1O
t3c5ddeceACP	Trans-3-cis-5-dodecenoyl-[acyl-carrier protein]	*OP(=O)([O-])OCC(C)(C)C(O)C(=O)NCCC(=O)NCCSC(=O)CC=C/C=C/CCCCCC
trptrna	L-Tryptophanyl-tRNA(Trp)	*CC1OC(n2cnc3c(N)ncnc32)C(OC(=O)C(N)Cc2c[nH]c3ccccc23)C1O
tsul	Thiosulfate	O=S(=O)([O-])S
t3c7mrseACP	Trans-3-cis-7-myristoleoyl-[acyl-carrier protein]	*OP(=O)([O-])OCC(C)(C)C(O)C(=O)NCCC(=O)NCCSC(=O)CC=CCCC=CCCCCCC
ugmd	UDP-N-acetylmuramoyl-L-alanyl-D-gamma-glutamyl-meso-2,6-diaminopimelate	CC(=O)N[C@H]1[C@@H](OP(=O)([O-])OP(=O)([O-])OC[C@H]2O[C@@H](n3ccc(=O)[nH]c3=O)[C@H](O)[C@@H]2O)O[C@H](CO)[C@@H](O)[C@@H]1O[C@H](C)C(=O)N[C@@H](C)C(=O)N[C@H](CCC(=O)N[C@@H](CCC[C@@H]([NH3+])C(=O)[O-])C(=O)[O-])C(=O)[O-]
tag6p__D	D-Tagatose 6-phosphate	O=P([O-])([O-])OC[C@]1(O)OC[C@@H](O)[C@H](O)[C@@H]1O
ugmda	UDP-N-acetylmuramoyl-L-alanyl-D-glutamyl-meso-2,6-diaminopimeloyl-D-alanyl-D-alanine	CC(=O)N[C@H]1[C@@H](OP(=O)([O-])OP(=O)([O-])OC[C@H]2O[C@@H](n3ccc(=O)[nH]c3=O)[C@H](O)[C@@H]2O)O[C@H](CO)[C@@H](O)[C@@H]1O[C@H](C)C(=O)N[C@@H](C)C(=O)N[C@H](CCC(=O)N[C@@H](CCC[C@@H]([NH3+])C(=O)[O-])C(=O)N[C@H](C)C(=O)N[C@H](C)C(=O)[O-])C(=O)[O-]
tagdp__D	D-Tagatose 1,6-biphosphate	O=P([O-])([O-])OC[C@H]1OC(O)(COP(=O)([O-])[O-])[C@@H](O)[C@H]1O
um4p	UDP-N-acetylmuramoyl-L-alanyl-D-gamma-glutamyl-meso-2,6-diaminopimelate-D-alanine	CC(=O)NC1C(OP(=O)([O-])OP(=O)([O-])OCC2OC(n3ccc(=O)[nH]c3=O)C(O)C2O)OC(CO)C(O)C1OC(C)C(=O)NC(C)C(=O)NC(CCC(=O)NC(CCCC(NC(=O)C(C)[NH3+])C(=O)[O-])C(=O)[O-])C(=O)[O-]
ttdca	Tetradecanoate (n-C14:0)	CCCCCCCCCCCCCC(=O)[O-]
tagur	D-Tagaturonate	O=C(O)[C@H]1OC(O)(CO)[C@@H](O)[C@H]1O
ump	UMP C9H11N2O9P	O=c1ccn([C@@H]2O[C@H](COP(=O)([O-])[O-])[C@@H](O)[C@H]2O)c(=O)[nH]1
tartr__L	L-tartrate	O=C([O-])[C@H](O)[C@@H](O)C(=O)[O-]
ttdcea	Tetradecenoate (n-C14:1)	CCCC/C=C/CCCCCCCC(=O)O
unaga	Undecaprenyl diphospho N-acetyl-glucosamine	CC(=O)NC1C(OP(=O)([O-])OP(=O)([O-])OCC=C(C)CCC=C(C)CCC=C(C)CCC=C(C)CCC=C(C)CCC=C(C)CCC=C(C)CCC=C(C)CCC=C(C)CCC=C(C)CCC=C(C)C)OC(CO)C(O)C1O
taur	Taurine C2H7NO3S	[NH3+]CCS(=O)(=O)[O-]
unagamu	Undecaprenyl-diphospho-N-acetylglucosamine-N-acetylmannosaminuronate	CC(=O)NC1C(OC2C(CO)OC(OP(=O)([O-])OP(=O)([O-])OCC=C(C)CCC=C(C)CCC=C(C)CCC=C(C)CCC=C(C)CCC=C(C)CCC=C(C)CCC=C(C)CCC=C(C)CCC=C(C)CCC=C(C)C)C(NC(C)=O)C2O)OC(C(=O)[O-])C(O)C1O
tungs	Tungstate	O=[W](=O)([O-])[O-]
unagamuf	Undecaprenyl-diphospho N-acetylglucosamine-N-acetylmannosaminuronate-N-acetamido-4,6-dideoxy-D-galactose	CC(=O)NC1C(C)OC(OC2C(C(=O)[O-])OC(OC3C(CO)OC(OP(=O)([O-])OP(=O)([O-])OCC=C(C)CCC=C(C)CCC=C(C)CCC=C(C)CCC=C(C)CCC=C(C)CCC=C(C)CCC=C(C)CCC=C(C)CCC=C(C)CCC=C(C)C)C(NC(C)=O)C3O)C(NC(C)=O)C2O)C(O)C1O
uppg3	Uroporphyrinogen III	O=C([O-])CCc1c2[nH]c(c1CC(=O)[O-])Cc1[nH]c(c(CC(=O)[O-])c1CCC(=O)[O-])Cc1[nH]c(c(CC(=O)[O-])c1CCC(=O)[O-])Cc1[nH]c(c(CCC(=O)[O-])c1CC(=O)[O-])C2
tym	Tyramine	[NH3+]CCc1ccc(O)cc1
ura	Uracil	O=c1cc[nH]c(=O)[nH]1
tyr__L	L-Tyrosine	[NH3+][C@@H](Cc1ccc(O)cc1)C(=O)[O-]
tyrp	Phosphotyrosine	[NH3+]C(Cc1ccc(OP(=O)([O-])[O-])cc1)C(=O)[O-]
urate	Urate C5H4N4O3	O=c1[nH]c(=O)c2[nH]c(=O)[nH]c2[nH]1
tyrtrna	L-Tyrosyl-tRNA(Tyr)	*CC1OC(n2cnc3c(N)ncnc32)C(OC(=O)C(N)Cc2ccc(O)cc2)C1O
urdglyc	(-)-Ureidoglycolate	NC(=O)N[C@@H](O)C(=O)[O-]
u23ga	UDP-2,3-bis(3-hydroxytetradecanoyl)glucosamine	CCCCCCCCCCCC(O)CC(=O)NC1C(OP(=O)([O-])OP(=O)([O-])OCC2OC(n3ccc(=O)[nH]c3=O)C(O)C2O)OC(CO)C(O)C1OC(=O)CC(O)CCCCCCCCCCC
urea	Urea CH4N2O	NC(N)=O
u3aga	UDP-3-O-(3-hydroxytetradecanoyl)-N-acetylglucosamine	CCCCCCCCCCCC(O)CC(=O)OC1C(O)C(CO)OC(OP(=O)([O-])OP(=O)([O-])OCC2OC(n3ccc(=O)[nH]c3=O)C(O)C2O)C1NC(C)=O
u3hga	UDP-3-O-(3-hydroxytetradecanoyl)-D-glucosamine	CCCCCCCCCCC[C@@H](O)CC(=O)O[C@@H]1[C@@H]([NH3+])[C@@H](OP(=O)([O-])OP(=O)([O-])OC[C@H]2O[C@@H](n3ccc(=O)[nH]c3=O)[C@H](O)[C@@H]2O)O[C@H](CO)[C@H]1O
uLa4fn	Undecaprenyl phosphate-4-amino-4-formyl-L-arabinose	CC(C)=CCCC(C)=CCCC(C)=CCCC(C)=CCCC(C)=CCCC(C)=CCCC(C)=CCCC(C)=CCCC(C)=CCCC(C)=CCCC(C)=CCOP(=O)([O-])OC1OCC(N)(C=O)C(O)C1O
uri	Uridine	O=c1ccn([C@@H]2O[C@H](CO)[C@@H](O)[C@H]2O)c(=O)[nH]1
utp	UTP C9H11N2O15P3	O=c1ccn([C@@H]2O[C@H](COP(=O)([O-])OP(=O)([O-])OP(=O)([O-])[O-])[C@@H](O)[C@H]2O)c(=O)[nH]1
val__L	L-Valine	CC(C)[C@H]([NH3+])C(=O)[O-]
valtrna	L-Valyl-tRNA(Val)	*CC1OC(n2cnc3c(N)ncnc32)C(OC(=O)C([NH3+])C(C)C)C1O
xan	Xanthine	O=c1[nH]c(=O)c2nc[nH]c2[nH]1
xdp	XDP	O=c1[nH]c(=O)c2ncn([C@@H]3O[C@H](COP(=O)([O-])OP(=O)([O-])[O-])[C@@H](O)[C@H]3O)c2[nH]1
xmp	Xanthosine 5'-phosphate	O=c1[nH]c(=O)c2ncn([C@@H]3O[C@H](COP(=O)([O-])[O-])[C@@H](O)[C@H]3O)c2[nH]1
xtp	XTP	O=c1[nH]c(=O)c2ncn([C@@H]3O[C@H](COP(=O)([O-])OP(=O)([O-])OP(=O)([O-])[O-])[C@@H](O)[C@H]3O)c2[nH]1
xtsn	Xanthosine	O=c1[nH]c(=O)c2ncn([C@@H]3O[C@H](CO)[C@@H](O)[C@H]3O)c2[nH]1
xu5p__D	D-Xylulose 5-phosphate	O=C(CO)[C@@H](O)[C@H](O)COP(=O)([O-])[O-]
xu5p__L	L-Xylulose 5-phosphate	O=C(CO)[C@H](O)[C@@H](O)COP(=O)([O-])[O-]
xyl__D	D-Xylose	OC1OC[C@@H](O)[C@H](O)[C@H]1O
xylu__D	D-Xylulose	O=C(CO)[C@@H](O)[C@H](O)CO
xylu__L	L-Xylulose	O=C(CO)[C@H](O)[C@@H](O)CO
zn2	Zinc	[Zn+2]
13dampp	1 3 Diaminopropane C3H12N2	[NH3+]CCC[NH3+]
3mb2coa	3-Methylbut-2-enoyl-CoA	CC(C)=CC(=O)SCCNC(=O)CCNC(=O)[C@H](O)C(C)(C)COP(=O)([O-])OP(=O)([O-])OC[C@H]1O[C@@H](n2cnc3c(N)ncnc32)[C@H](O)[C@@H]1OP(=O)([O-])[O-]
3mbzalc	3-methylbenzyl alcohol	Cc1cccc(CO)c1
3mbzald	3-Methylbenzaldehyde	Cc1cccc(C=O)c1
2mp2coa	2-Methylprop-2-enoyl-CoA	C=C(C)C(=O)SCCNC(=O)CCNC(=O)[C@H](O)C(C)(C)COP(=O)([O-])OP(=O)([O-])OC[C@H]1O[C@@H](n2cnc3c(N)ncnc32)[C@H](O)[C@@H]1OP(=O)([O-])[O-]
3mcat	3-Methylcatechol	Cc1cccc(O)c1O
3mgcoa	3-Methylglutaconyl-CoA	C/C(=C\C(=O)SCCNC(=O)CCNC(=O)[C@H](O)C(C)(C)COP(=O)([O-])OP(=O)([O-])OC[C@H]1O[C@@H](n2cnc3c(N)ncnc32)[C@H](O)[C@@H]1OP(=O)([O-])[O-])CC(=O)[O-]
2oxoadp	2 Oxoadipate C6H6O5	O=C([O-])CCCC(=O)C(=O)[O-]
34dhbald	3,4-dihydroxybenzaldehyde	O=Cc1ccc(O)c(O)c1
34dhbz	3,4-Dihydroxybenzoate	O=C([O-])c1ccc(O)c(O)c1
34dhcinm	3,4-Dihydroxy-trans-cinnamate	O=C([O-])/C=C/c1ccc(O)c(O)c1
1p2cbxl	1-Pyrroline-2-carboxylate	O=C([O-])C1=[NH+]CCC1
34dhphe	3,4-Dihydroxy-L-phenylalanine	[NH3+][C@@H](Cc1ccc(O)c(O)c1)C(=O)[O-]
1pipdn2c	Delta1-Piperideine-2-carboxylate	O=C([O-])C1=[NH+]CCCC1
35cgmp	3',5'-Cyclic GMP	Nc1nc2c(ncn2[C@@H]2O[C@@H]3COP(=O)([O-])O[C@H]3[C@H]2O)c(=O)[nH]1
24dab	L-2,4-Diaminobutanoate	[NH3+]CC[C@H]([NH3+])C(=O)[O-]
3aib	L-3-Amino-isobutanoate	C[C@@H](C[NH3+])C(=O)[O-]
25dop	2 5 Dioxopentanoate C5H5O4	O=CCCC(=O)C(=O)[O-]
3oxdhscoa	3-oxo-5,6-dehydrosuberyl-CoA	CC(C)(COP(=O)([O-])OP(=O)([O-])OC[C@H]1O[C@@H](n2cnc3c(N)ncnc32)[C@H](O)[C@@H]1OP(=O)([O-])[O-])[C@@H](O)C(=O)NCCC(=O)NCCSC(=O)CC(=O)CC=CCC(=O)[O-]
3oxoadp	3-Oxoadipate	O=C([O-])CCC(=O)CC(=O)[O-]
3hbcoa__R	(R)-3-Hydroxybutyryl-CoA	C[C@@H](O)CC(=O)SCCNC(=O)CCNC(=O)[C@H](O)C(C)(C)COP(=O)([O-])OP(=O)([O-])OC[C@H]1O[C@@H](n2cnc3c(N)ncnc32)[C@H](O)[C@@H]1OP(=O)([O-])[O-]
3padsel	3'-Phosphoadenylylselenate	Nc1ncnc2c1ncn2[C@@H]1O[C@H](COP(=O)(O)O[Se](=O)(=O)O)[C@@H](OP(=O)(O)O)[C@H]1O
3uib	3-Ureidoisobutyrate	C[C@H](CNC(N)=O)C(=O)O
2ameph	2-Aminoethylphosphonate	[NH3+]CCP(=O)([O-])O
coucoa	P coumaroyl CoA C30H38N7O18P3S1	CC(C)(COP(=O)([O-])OP(=O)([O-])OC[C@H]1O[C@@H](n2cnc3c(N)ncnc32)[C@H](O)[C@@H]1OP(=O)([O-])[O-])[C@@H](O)C(=O)NCCC(=O)NCCSC(=O)/C=C/c1ccc(O)cc1
4fe4s	[4Fe-4S] iron-sulfur cluster	[SH]12[Fe]3[SH]4[Fe]1[SH]1[Fe+]2[SH]3[Fe+]41
4fumacac	4 Fumarylacetoacetate C8H6O6	O=C([O-])/C=C/C(=O)CC(=O)CC(=O)[O-]
4gudbutn	4 Guanidinobutanoate C5H11N3O2	NC(=[NH2+])NCCCC(=O)[O-]
3hibutcoa	(S)-3-Hydroxyisobutyryl-CoA	C[C@@H](CO)C(=O)SCCNC(=O)CCNC(=O)[C@H](O)C(C)(C)COP(=O)([O-])OP(=O)([O-])OC[C@H]1O[C@@H](n2cnc3c(N)ncnc32)[C@H](O)[C@@H]1OP(=O)([O-])[O-]
3hmbcoa	(S)-3-Hydroxy-2-methylbutyryl-CoA	C[C@H](O)[C@H](C)C(=O)SCCNC(=O)CCNC(=O)[C@H](O)C(C)(C)COP(=O)([O-])OP(=O)([O-])OC[C@H]1O[C@@H](n2cnc3c(N)ncnc32)[C@H](O)[C@@H]1OP(=O)([O-])[O-]
3hmp	3-Hydroxy-2-methylpropanoate	C[C@@H](CO)C(=O)[O-]
4hbald	4-Hydroxybenzaldehyde	O=Cc1ccc(O)cc1
2fe2s	[2Fe-2S] iron-sulfur cluster	S1[Fe+]S[Fe+]1
4hpro_LT	Trans 4 Hydroxy L proline C5H9NO3	O=C([O-])[C@@H]1C[C@@H](O)C[NH2+]1
2maacoa	2-Methyl-3-acetoacetyl-CoA	CC(=O)C(C)C(=O)SCCNC(=O)CCNC(=O)[C@H](O)C(C)(C)COP(=O)([O-])OP(=O)([O-])OC[C@H]1O[C@@H](n2cnc3c(N)ncnc32)[C@H](O)[C@@H]1OP(=O)([O-])[O-]
2mb2coa	Trans-2-Methylbut-2-enoyl-CoA	C/C=C(\C)C(=O)SCCNC(=O)CCNC(=O)[C@H](O)C(C)(C)COP(=O)([O-])OP(=O)([O-])OC[C@H]1O[C@@H](n2cnc3c(N)ncnc32)[C@H](O)[C@@H]1OP(=O)([O-])[O-]
2mbcoa	2-Methylbutanoyl-CoA	CC[C@H](C)C(=O)SCCNC(=O)CCNC(=O)[C@H](O)C(C)(C)COP(=O)([O-])OP(=O)([O-])OC[C@H]1O[C@@H](n2cnc3c(N)ncnc32)[C@H](O)[C@@H]1OP(=O)([O-])[O-]
4izp	4-Imidazolone-5-propanoate	O=C([O-])CC[c-]1[nH]c[nH+]c1=O
4mbzalc	4-methylbenzyl alcohol	Cc1ccc(CO)cc1
4mbzald	P-methylbenzaldehyde	Cc1ccc(C=O)cc1
4mcat	4-Methylcatechol	Cc1ccc(O)c(O)c1
4mlacac	4 Maleylacetoacetate C8H6O6	O=C([O-])/C=C\C(=O)CC(=O)CC(=O)[O-]
R_3hpt	 3 Hydroxypentanoic acid	CC[C@@H](O)CC(=O)[O-]
Largn	L-Arogenate	[NH3+][C@@H](CC1(C(=O)[O-])C=CC(O)C=C1)C(=O)[O-]
56dthm	5,6-Dihydrothymine	CC1CNC(=O)NC1=O
56dura	5,6-dihydrouracil	O=C1CCNC(=O)N1
Lpipecol	L-pipecolic acid; piperidine-2-carboxylic acid	O=C([O-])[C@@H]1CCCC[NH2+]1
5a2opntn	5-Amino-2-oxopentanoate	[NH3+]CCCC(=O)C(=O)[O-]
Ncbmpts	N-Carbamoylputrescine	NC(=O)NCCCC[NH3+]
5apentam	5-Aminopentanamide	NC(=O)CCCC[NH3+]
Nforglu	N-Formyl-L-glutamate	O=CN[C@@H](CCC(=O)[O-])C(=O)[O-]
5aptn	5-Aminopentanoate	[NH3+]CCCCC(=O)[O-]
T4hcinnm	Trans 4 Hydroxycinnamate C9H7O3	O=C([O-])/C=C/c1ccc(O)cc1
5fthf	5-Formyltetrahydrofolate	Nc1nc2c(c(=O)[nH]1)N(C=O)[C@@H](CNc1ccc(C(=O)N[C@@H](CCC(=O)[O-])C(=O)[O-])cc1)CN2
5mcsn	5-Methylcytosine	Cc1c[nH]c(=O)nc1N
5odhf2a	5-Oxo-4,5-dihydrofuran-2-acetate	O=C([O-])CC1=CCC(=O)O1
5oxpro	5-Oxoproline	O=C1CC[C@@H](C(=O)[O-])N1
6a2ohxnt	6-Amino-2-oxohexanoate	[NH3+]CCCCC(=O)C(=O)[O-]
R_3hddcoa	(R)-3-Hydroxydodecanoyl-CoA	CCCCCCCCC[C@@H](O)CC(=O)SCCNC(=O)CCNC(=O)[C@H](O)C(C)(C)COP(=O)([O-])OP(=O)([O-])OC[C@H]1O[C@@H](n2cnc3c(N)ncnc32)[C@H](O)[C@@H]1OP(=O)([O-])[O-]
6hnac	6-Hydroxynicotinate	O=C([O-])c1ccc(O)nc1
6p2dhglcn	6-Phospho-2-dehydro-D-gluconate	O=C([O-])C(=O)[C@@H](O)[C@H](O)[C@H](O)COP(=O)([O-])[O-]
R_3hmrscoa	(R)-3-hydroxytetradecanoyl-coa	CCCCCCCCCCC[C@@H](O)CC(=O)SCCNC(=O)CCNC(=O)[C@H](O)C(C)(C)COP(=O)([O-])OP(=O)([O-])OC[C@H]1O[C@@H](n2cnc3c(N)ncnc32)[C@H](O)[C@@H]1OP(=O)([O-])[O-]
actn__R	 R  Acetoin C4H8O2	CC(=O)[C@@H](C)O
ad	Acetamide	CC(N)=O
adcobdam	Adenosyl cobyrinate diamide	C/C1=C2/N([Co+]C[C@H]3O[C@@H](n4cnc5c(N)ncnc54)[C@H](O)[C@@H]3O)[C@H]([C@H](CC(=O)[O-])[C@@]2(C)CCC(=O)[O-])[C@]2(C)N=C(/C(C)=C3\N=C(/C=C4\N=C1[C@@H](CCC(=O)[O-])C4(C)C)[C@@H](CCC(=O)[O-])[C@]3(C)CC(N)=O)[C@@H](CCC(=O)[O-])[C@]2(C)CC(N)=O
adcobhex	Adenosyl-cobyric acid	CC1=C2N3[C@H]([C@H](CC(N)=O)[C@@]2(C)CCC(=O)[O-])[C@]2(C)[N+]4=C(C(C)=C5[N+]6=C(C=C7[N+](=C1[C@@H](CCC(N)=O)C7(C)C)[Co-2]364C[C@H]1O[C@@H](n3cnc4c(N)ncnc43)[C@H](O)[C@@H]1O)[C@@H](CCC(N)=O)[C@]5(C)CC(N)=O)[C@@H](CCC(N)=O)[C@]2(C)CC(N)=O
CCbuttc	Cis,cis-Butadiene-1,2,4-tricarboxylate	O=C([O-])/C=C\C(=C/C(=O)[O-])C(=O)[O-]
L2aadp6sa	L 2 Aminoadipate 6 semialdehyde C6H11NO3	[NH3+][C@@H](CCCC=O)C(=O)[O-]
L2aadp	L 2 Aminoadipate C6H10NO4	[NH3+][C@@H](CCCC(=O)[O-])C(=O)[O-]
adsel	Adenylylselenate	Nc1ncnc2c1ncn2[C@@H]1O[C@H](COP(=O)(O)O[Se](=O)(=O)O)[C@@H](O)[C@H]1O
cellb	Cellobiose	OC[C@H]1O[C@@H](O[C@H]2[C@H](O)[C@@H](O)C(O)O[C@@H]2CO)[C@H](O)[C@@H](O)[C@@H]1O
balamd	Beta Alaninamide	NC(=O)CC[NH3+]
ch4s	Methanethiol CH4S	CS
alltn__R	    Allantoin	NC(=O)N[C@@H]1NC(=O)NC1=O
bhb	(R)-3-Hydroxybutanoate	C[C@@H](O)CC(=O)[O-]
biliverd	Biliverdin cytosol	C=CC1=C(C)/C(=C/C2=N/C(=C\c3[nH]c(/C=C4\NC(=O)C(C)=C4C=C)c(C)c3CCC(=O)[O-])C(CCC(=O)[O-])=C2C)NC1=O
btamp	Biotinyl 5  AMP C20H27N7O9PS	Nc1ncnc2c1ncn2[C@@H]1O[C@H](COP(=O)([O-])OC(=O)CCCC[C@@H]2SC[C@@H]3NC(=O)N[C@@H]32)[C@@H](O)[C@H]1O
btd_RR	 R R  2 3 Butanediol C4H10O2	C[C@@H](O)[C@@H](C)O
apc	Ampicillin	CC1(C)S[C@@H]2[C@H](NC(=O)[C@H](N)c3ccccc3)C(=O)N2[C@H]1C(=O)O
appl	1-Aminopropan-2-ol	CC(O)CN
applp	D-1-Aminopropan-2-ol O-phosphate	C[C@H](C[NH3+])OP(=O)([O-])[O-]
cm	Chloramphenicol	O=C(N[C@H](CO)[C@H](O)c1ccc([N+](=O)[O-])cc1)C(Cl)Cl
bz	Benzoate	O=C([O-])c1ccccc1
arg__D	D-Arginine	NC(=[NH2+])NCCC[C@@H]([NH3+])C(=O)[O-]
bzal	Benzaldehyde	O=Cc1ccccc1
bzalc	Benzyl alcohol	OCc1ccccc1
caffcoa	Caffeoyl-CoA	CC(C)(COP(=O)(O)OP(=O)(O)OC[C@H]1O[C@@H](n2cnc3c(N)ncnc32)[C@H](O)[C@@H]1OP(=O)(O)O)[C@@H](O)C(=O)NCCC(=O)NCCSC(=O)C=Cc1ccc(O)c(O)c1
co	Carbon monoxide	[C-]
cala	N-Carbamoyl-beta-alanine	NC(=O)NCCC(=O)[O-]
carn	L-Carnosine	[NH3+]CCC(=O)N[C@@H](Cc1c[nH]cn1)C(=O)[O-]
confrl	Coniferol	COc1cc(/C=C/CO)ccc1O
catechol	Catechol	Oc1ccccc1O
conialdh	Coniferyl aldehyde	COc1cc(/C=C/C=O)ccc1O
cph4	6-carboxy-5,6,7,8-tetrahydropterin	Nc1nc2c(c(=O)[nH]1)NC(C(=O)[O-])CN2
cpmp	Cyclic pyranopterin monophosphate	Nc1nc2c(c(=O)[nH]1)N[C@H]1C(=O)C3OP(=O)([O-])OCC3O[C@H]1N2
creat	Creatine cytosol	CN(CC(=O)[O-])C(N)=[NH2+]
cdg	7-deaza-7-carboxyguanine	Nc1nc2[nH]cc(C(=O)[O-])c2c(=O)[nH]1
cro4	Chromate	O=[Cr](=O)([O-])[O-]
crtn	Creatinine	CN1CC(=O)NC1=N
fer	Ferulate	COc1cc(/C=C/C(=O)[O-])ccc1O
ferulcoa	Feruloyl-CoA	COc1cc(C=CC(=O)SCCNC(=O)CCNC(=O)[C@H](O)C(C)(C)COP(=O)(O)OP(=O)(O)OC[C@H]2O[C@@H](n3cnc4c(N)ncnc43)[C@H](O)[C@@H]2OP(=O)(O)O)ccc1O
dec4coa	4 cis decenoyl CoA	CCCCC/C=C\CCC(=O)SCCNC(=O)CCNC(=O)[C@H](O)C(C)(C)COP(=O)(O)OP(=O)(O)OC[C@H]1O[C@@H](n2cnc3c(N)ncnc32)[C@H](O)[C@@H]1OP(=O)(O)O
focytc	Ferrocytochrome c C42H53FeN8O6S2	C=Cc1c(C)c2n3c1C=C1C(C)=C(C)C4=[N+]1[Fe]31n3c(c(C)c(CCC(=O)O)c3=CC3=[N+]1C(=C2)C(C)=C3CCC(=O)O)=C4
forglu	N-Formimidoyl-L-glutamate	[NH2+]=CN[C@@H](CCC(=O)[O-])C(=O)[O-]
ecto__L	L Ectoine	CC1=[NH+][C@H](C(=O)[O-])CCN1
g6p_B	Beta D glucose 6 phosphate C6H11O9P	O=P([O-])([O-])OC[C@H]1O[C@@H](O)[C@H](O)[C@@H](O)[C@@H]1O
ga	Gallic acid	O=C([O-])c1cc(O)c(O)c(O)c1
dh4mchc	Cis-1,2-Dihydroxy-4-methylcyclohexa-3,5-diene-1-carboxylate	CC1=C[C@H](O)[C@@](O)(C(=O)[O-])C=C1
dhlam	Dihydrolipoamide C8H17NOS2	NC(=O)CCCC[C@@H](S)CCS
dhpyr	2,5-Dihydroxypyridine	Oc1ccc(O)nc1
gdbtal	4-Guanidinobutanal	NC(=[NH2+])NCCCC=O
dmgly	N,N-Dimethylglycine	C[NH+](C)CC(=O)[O-]
glutar	Glutarate	O=C([O-])CCCC(=O)[O-]
glutcoa	Glutaryl-CoA mitochondria	CC(C)(COP(=O)([O-])OP(=O)([O-])OC[C@H]1O[C@@H](n2cnc3c(N)ncnc32)[C@H](O)[C@@H]1OP(=O)([O-])[O-])[C@@H](O)C(=O)NCCC(=O)NCCSC(=O)CCCC(=O)[O-]
ind3ac	Indole 3 acetate C10H8NO2	O=C([O-])Cc1c[nH]c2ccccc12
glygly	Glycylglycine C4H8N2O3	[NH3+]CC(=O)NCC(=O)[O-]
ivcoa	Isovaleryl-CoA	CC(C)CC(=O)SCCNC(=O)CCNC(=O)[C@H](O)C(C)(C)COP(=O)([O-])OP(=O)([O-])OC[C@H]1O[C@@H](n2cnc3c(N)ncnc32)[C@H](O)[C@@H]1OP(=O)([O-])[O-]
glyphe	Glycylphenylalanine	NCC(=O)NC(Cc1ccccc1)C(=O)O
leuleu	Leucylleucine	CC(C)CC(N)C(=O)NC(CC(C)C)C(=O)O
gudac	Guanidinoacetate	NC(=[NH2+])NCC(=O)[O-]
lnlc	Linoleic acid (all cis C18:2) n-6	CCCCC/C=C\C/C=C\CCCCCCCC(=O)[O-]
lnlccoa	Linoleic coenzyme A	CCCCC/C=C\C/C=C\CCCCCCCC(=O)SCCNC(=O)CCNC(=O)[C@H](O)C(C)(C)COP(=O)([O-])OP(=O)([O-])OC[C@H]1O[C@@H](n2cnc3c(N)ncnc32)[C@H](O)[C@@H]1OP(=O)([O-])[O-]
lpam	Lipoamide C8H15NOS2	NC(=O)CCCC[C@@H]1CCSS1
malcoame	Malonyl-CoA methyl ester	COC(=O)CC(=O)SCCNC(=O)CCNC(=O)C(O)C(C)(C)COP(=O)([O-])OP(=O)([O-])OC[C@H]1O[C@@H](n2cnc3c(N)ncnc32)[C@H](O)[C@@H]1OP(=O)([O-])[O-]
male	Maleate	O=C([O-])/C=C\C(=O)[O-]
malm	Maleamate	NC(=O)/C=C\C(=O)[O-]
mcbtt	Mycobactin T	*CCCCCCCCCC/C=C/C(=O)N(O)CCCCC(NC(=O)C1COC(c2ccccc2O)=N1)C(=O)OCCC(=O)NC1CCCCN(O)C1=O
m_tol	M-toluate	Cc1cccc(C(=O)[O-])c1
meoh	Methanol	CO
m_xyl	M-Xylene	Cc1cccc(C)c1
hgentis	Homogentisate C8H7O4	O=C([O-])Cc1cc(O)ccc1O
mmtsa	(S)-Methylmalonate semialdehyde	C[C@@H](C=O)C(=O)[O-]
5hiu	5-Hydroxyisourate	O=C1N=C2NC(=O)N[C@@]2(O)C(=O)N1
hmccm	2-Hydroxy-5-methyl-cis,cis-muconate	C/C(=C/C=C(/O)C(=O)O)C(=O)O
moco	Molybdenum cofactor	Nc1nc2c(c(=O)[nH]1)N[C@H]1C3=C(S[Mo-](=O)(=O)([O-])S3)[C@@H](COP(=O)([O-])[O-])O[C@H]1N2
hmccms	2-Hydroxy-5-methyl-cis,cis-muconic semialdehyde	C/C(C=O)=C/C=C(/O)C(=O)O
hmgcoa	Hydroxymethylglutaryl CoA C27H39N7O20P3S	CC(C)(COP(=O)([O-])OP(=O)([O-])OC[C@H]1O[C@@H](n2cnc3c(N)ncnc32)[C@H](O)[C@@H]1OP(=O)([O-])[O-])[C@@H](O)C(=O)NCCC(=O)NCCSC(=O)C[C@@](C)(O)CC(=O)[O-]
mpt	Molybdopterin	Nc1nc2c(c(=O)[nH]1)N[C@H]1C(S)=C([S-])[C@@H](COP(=O)([O-])[O-])O[C@H]1N2
mptamp	Adenylated molybdopterin	Nc1nc2c(c(=O)[nH]1)N[C@H]1C(S)=C([S-])[C@@H](COP(=O)([O-])OP(=O)([O-])OC[C@H]3O[C@@H](n4cnc5c(N)ncnc54)[C@H](O)[C@@H]3O)O[C@H]1N2
msa	Malonate semialdehyde	O=CCC(=O)[O-]
nona	Nonanoate C9H17O2	CCCCCCCCC(=O)[O-]
ibcoa	Isobutyryl-CoA	CC(C)C(=O)SCCNC(=O)CCNC(=O)[C@H](O)C(C)(C)COP(=O)([O-])OP(=O)([O-])OC[C@H]1O[C@@H](n2cnc3c(N)ncnc32)[C@H](O)[C@@H]1OP(=O)([O-])[O-]
id3acald	Indole 3 acetaldehyde C10H9NO	O=CCc1c[nH]c2ccccc12
nfmalm	N-Formyl maleamic acid	O=CNC(=O)/C=C\C(=O)[O-]
pb2	Pb2	[Pb+2]
5houdic	5-Hydroxy-2-oxo-4-ureido-2,5-dihydro-1H-imidazole-5-carboxylate	NC(=O)NC1=NC(=O)N[C@@]1(O)C(=O)[O-]
orn__D	D-Ornithine	[NH3+]CCC[C@@H]([NH3+])C(=O)[O-]
oxa	Oxalate	O=C([O-])C(=O)[O-]
oxadpcoa	3-Oxoadipyl-CoA	CC(C)(COP(=O)([O-])OP(=O)([O-])OC[C@H]1O[C@@H](n2cnc3c(N)ncnc32)[C@H](O)[C@@H]1OP(=O)([O-])[O-])[C@@H](O)C(=O)NCCC(=O)NCCSC(=O)CC(=O)CCC(=O)[O-]
pentso3	Pentanesulfonate	CCCCCS(=O)(=O)[O-]
5g2oxpt	2-Oxoarginine	NC(=[NH2+])NCCCC(=O)C(=O)[O-]
oxptn	5-Oxopentanoate	O=CCCCC(=O)[O-]
pprdn	Piperideine	C1=[NH+]CCCC1
p_tol	P-toluate	Cc1ccc(C(=O)[O-])cc1
p_xyl	P-methyltoluene	Cc1ccc(C)cc1
pqq	Pyrroloquinoline-quinone	O=C([O-])c1cc(C(=O)[O-])c2c(n1)C(=O)C(=O)c1cc(C(=O)[O-])[nH]c1-2
pqqh2	Reduced pyrroloquinoline-quinone	O=C([O-])c1cc(C(=O)[O-])c2c(n1)c([O-])c(O)c1cc(C(=O)[O-])[nH]c12
pre6b	Precorrin 6B	C[C@@]1(CC(=O)[O-])C2=NC(=C1CCC(=O)[O-])C[C@]1(C)[NH2+]/C(=C\C3=N[C@H]([C@H](CC(=O)[O-])[C@@]3(C)CCC(=O)[O-])[C@]3(C)[NH2+]/C(=C\2)[C@@H](CCC(=O)[O-])[C@]3(C)CC(=O)[O-])C(CCC(=O)[O-])=C1CC(=O)[O-]
preq1	7-aminomethyl-7-deazaguanine	Nc1nc2[nH]cc(C[NH3+])c2c(=O)[nH]1
pro__D	D-Proline	O=C([O-])[C@H]1CCC[NH2+]1
slnt	Selenite	O=[Se]([O-])[O-]
pta	Pentanoate	CCCCC(=O)[O-]
trypta	Tryptamine cytosol	[NH3+]CCc1c[nH]c2ccccc12
quin	Quinate	O=C([O-])[C@]1(O)C[C@@H](O)[C@@H](O)[C@H](O)C1
ttrcyc	Tetracycline	C[NH+](C)[C@@H]1C([O-])=C(C(N)=O)C(=O)[C@@]2(O)C(O)=C3C(=O)c4c(O)cccc4[C@@](C)(O)[C@H]3C[C@@H]12
rephaccoa	Ring 1,2-epoxyphenylacetyl-CoA	CC(C)(COP(=O)([O-])OP(=O)([O-])OC[C@H]1O[C@@H](n2cnc3c(N)ncnc32)[C@H](O)[C@@H]1OP(=O)([O-])[O-])[C@@H](O)C(=O)NCCC(=O)NCCSC(=O)CC12C=CC=CC1O2
thp2c	2,3,4,5-Tetrahydropyridine-2-carboxylate	O=C([O-])[C@@H]1CCCC=N1
tnt	2 4 6 Trinitrotoluene	Cc1c([N+](=O)[O-])cc([N+](=O)[O-])cc1[N+](=O)[O-]
seasmet	Se-Adenosylselenomethionine	C[Se+](CC[C@H]([NH3+])C(=O)[O-])C[C@H]1O[C@@H](n2cnc3c(N)ncnc32)[C@H](O)[C@@H]1O
sel	Selenate	O=[Se](=O)([O-])[O-]
tol	Toluene	Cc1ccccc1
selmeth	Selenomethionine	C[Se]CC[C@H]([NH3+])C(=O)[O-]
urcan	Urocanate C6H5N2O2	O=C([O-])C=Cc1c[nH]cn1
vacc	Vaccenic acid	CCCCCCC=CCCCCCCCCCC(=O)O
mercpeth	Mercaptoethanol	OCCS
thcur	Tetrahydrocurcumin	COc1cc(CCC(=O)CC(=O)CCc2ccc(O)c(OC)c2)ccc1O
cur	Curcumin	COc1cc(/C=C/C(=O)CC(=O)/C=C/c2ccc(O)c(OC)c2)ccc1O
13ppd	1,3-Propanediol	OCCCO
cholp	Choline phosphate C5H13NO4P	C[N+](C)(C)CCOP(=O)([O-])[O-]
ethamp	Ethanolamine phosphate C2H7NO4P	[NH3+]CCOP(=O)([O-])[O-]
vacccoa	Vaccenyl coenzyme A	CCCCCC/C=C\CCCCCCCCCC(=O)SCCN=C(O)CCN=C(O)C(O)C(C)(C)COP(=O)(O)OP(=O)(O)OC[C@H]1O[C@@H](n2cnc3c(N)ncnc32)[C@H](O)[C@@H]1OP(=O)(O)O
vanln	Vanillin	COc1cc(C=O)ccc1O
vanlt	Vanillate	COc1cc(C(=O)[O-])ccc1O
S2hglut	(S)-2-Hydroxyglutarate	O=C([O-])CC[C@H](O)C(=O)[O-]
4hptn	4 Hydroxypentanoate	CC(O)CCC(=O)O
