SMILES,Is_Starter,MolFormula,MolWeight,NumHeavyAtoms
C1=NC2=C(N1[C@H]3[C@@H]([C@@H]([C@H](O3)CO)O)O)N=C(NC2=O)N,True,C10H13N5O5,283.0917,20
Nc1ncnc2c1ncn2[C@@H]1O[C@H](COP(=O)(O)OP(=O)(O)OP(=O)(O)O)[C@@H](O)[C@H]1O,False,C10H16N5O13P3,506.9957,31
Nc1ncnc2c1ncn2[C@@H]1O[C@H](COP(=O)(O)O)[C@@H](O)[C@H]1O,False,C10H14N5O7P,347.0631,23
Cc1cc2nc3c(=O)[nH]c(=O)nc-3n(C[C@H](O)[C@H](O)[C@H](O)COP(=O)(O)OP(=O)(O)OC[C@H]3O[C@@H](n4cnc5c(N)ncnc54)[C@H](O)[C@@H]3O)c2cc1C,False,C27H33N9O15P2,785.1571,53
Cc1cc2c(cc1C)N(C[C@H](O)[C@H](O)[C@H](O)COP(=O)(O)OP(=O)(O)OC[C@H]1O[C@@H](n3cnc4c(N)ncnc43)[C@H](O)[C@@H]1O)c1[nH]c(=O)[nH]c(=O)c1N2,False,C27H35N9O15P2,787.1728,53
Nc1ncnc2c1ncn2[C@@H]1O[C@H](COP(=O)(O)OP(=O)(O)O)[C@@H](O)[C@H]1O,False,C10H15N5O10P2,427.0294,27
NC(=O)c1ccc[n+]([C@@H]2O[C@H](COP(=O)(O)OP(=O)(O)OC[C@H]3O[C@@H](n4cnc5c(N)ncnc54)[C@H](OP(=O)(O)O)[C@@H]3O)[C@@H](O)[C@H]2O)c1,False,C21H29N7O17P3+,744.0827,48
NC(=O)C1=CN([C@@H]2O[C@H](COP(=O)(O)OP(=O)(O)OC[C@H]3O[C@@H](n4cnc5c(N)ncnc54)[C@H](OP(=O)(O)O)[C@@H]3O)[C@@H](O)[C@H]2O)C=CC1,False,C21H30N7O17P3,745.0911,48
Nc1ncnc2c1ncn2[C@@H]1O[C@H](COP(=O)(O)OS(=O)(=O)O)[C@@H](OP(=O)(O)O)[C@H]1O,False,C10H15N5O13P2S,506.9862,31
Nc1ncnc2c1ncn2[C@@H]1O[C@H](COP(=O)(O)O)[C@@H](OP(=O)(O)O)[C@H]1O,False,C10H15N5O10P2,427.0294,27
C[S+](CC[C@H](N)C(=O)O)C[C@H]1O[C@@H](n2cnc3c(N)ncnc32)[C@H](O)[C@@H]1O,False,C15H23N6O5S+,399.1445,27
Nc1ncnc2c1ncn2[C@@H]1O[C@H](CSCC[C@H](N)C(=O)O)[C@@H](O)[C@H]1O,False,C14H20N6O5S,384.1216,26
O=c1ccn([C@@H]2O[C@H](COP(=O)(O)OP(=O)(O)O[C@H]3O[C@H](CO)[C@@H](O)[C@H](O)[C@H]3O)[C@@H](O)[C@H]2O)c(=O)[nH]1,False,C15H24N2O17P2,566.055,36
O=c1ccn([C@@H]2O[C@H](COP(=O)(O)OP(=O)(O)O)[C@@H](O)[C@H]2O)c(=O)[nH]1,False,C9H14N2O12P2,404.0022,25
*c1c(*)c(O)c(*)c(*)c1O,False,C6H2*4O2,106.0055,8
*C1=C(*)C(=O)C(*)=C(*)C1=O,False,C6*4O2,103.9898,8
CC(C)=CCOP(=O)(O)OP(=O)(O)O,False,C5H12O7P2,246.0058,14
O=P(O)(O)OP(=O)(O)O,False,H4O7P2,177.9432,9
*C(=O)CC[C@H](NC(=O)c1ccc(N(C=O)C[C@H]2CNc3nc(N)[nH]c(=O)c3N2)cc1)C(=O)O,False,C20H22*N7O6,456.1632,33
*C(=O)CC[C@H](NC(=O)c1ccc(NC[C@H]2CNc3nc(N)[nH]c(=O)c3N2)cc1)C(=O)O,False,C19H22*N7O5,428.1682,31
[O]C1=C(O)C(=O)O[C@@H]1[C@@H](O)CO,False,C6H7O6,175.0243,12
O=C1O[C@H]([C@@H](O)CO)C(O)=C1O,False,C6H8O6,176.0321,12
*C(=O)[C@H](C)OP(=O)(O)OC[C@@H](O)[C@@H](O)[C@@H](O)Cn1c2nc(=O)[nH]c(=O)c-2cc2ccc(O)cc21,False,C19H21*N3O11P,498.0914,34
*C(=O)[C@H](C)OP(=O)(O)OC[C@@H](O)[C@@H](O)[C@@H](O)CN1c2cc(O)ccc2Cc2c1[nH]c(=O)[nH]c2=O,False,C19H23*N3O11P,500.107,34
CC(=O)SCCNC(=O)CCNC(=O)[C@H](O)C(C)(C)COP(=O)(O)OP(=O)(O)OC[C@H]1O[C@@H](n2cnc3c(N)ncnc32)[C@H](O)[C@@H]1OP(=O)(O)O,False,C23H38N7O17P3S,809.1258,51
C#[O+],False,CHO+,29.0022,2
O=C=O,False,CO2,43.9898,3
O=C(O)O,False,CH2O3,62.0004,4
CC(C)(COP(=O)(O)OP(=O)(O)OC[C@H]1O[C@@H](n2cnc3c(N)ncnc32)[C@H](O)[C@@H]1OP(=O)(O)O)[C@@H](O)C(=O)NCCC(=O)NCCS,False,C21H36N7O16P3S,767.1152,48
[H+],False,H+,1.0073,0
OO,False,H2O2,34.0055,2
Br,False,HBr,79.9262,1
C#N,False,CHN,27.0109,2
Cl,False,HCl,35.9767,1
F,False,HF,20.0062,1
I,False,HI,127.9123,1
N,False,H3N,17.0265,1
O=O,False,O2,31.9898,2
O=P(O)(O)O,False,H3O4P,97.9769,5
O=S(=O)(O)O,False,H2O4S,97.9674,5
O=S(O)O,False,H2O3S,81.9725,4
O,False,H2O,18.0106,1
Nc1nc2c(ncn2[C@@H]2O[C@H](CO)[C@@H](O)[C@H]2O)c(=O)[nH]1,False,C10H13N5O5,283.0917,20
Nc1nc2c(ncn2[C@@]2(CO)OC[C@@H](O)[C@H]2O)c(=O)[nH]1,False,C10H13N5O5,283.0917,20
OC[C@H]1O[C@@H](n2cnc3c4nc(nc32)[nH]4)[C@H](O)[C@@H]1O,False,C10H11N5O4,265.0811,19
Nc1nc2c(ncn2[C@@H]2O[C@H](COP(=O)(O)O)[C@@H](O)[C@H]2O)c(=O)[nH]1,False,C10H14N5O8P,363.058,24
Nc1nc2c(ncn2[C@@H]2O[C@H](CO)[C@@H](OP(=O)(O)O)[C@H]2O)c(=O)[nH]1,False,C10H14N5O8P,363.058,24
Nc1nc2c(ncn2[C@@H]2O[C@H](CO)[C@@H](O)[C@H]2OP(=O)(O)O)c(=O)[nH]1,False,C10H14N5O8P,363.058,24
Nc1nc2c(ncn2[C@@H]2O[C@H](C=O)[C@@H](O)[C@H]2O)c(=O)[nH]1,False,C10H11N5O5,281.076,20
Nc1nc2c(ncn2[C@@H]2O[C@H](CO)[C@@H](OS(=O)(=O)O)[C@H]2O)c(=O)[nH]1,False,C10H13N5O8S,363.0485,24
Nc1nc2c(ncn2[C@@H]2O[C@H](CO)[C@@H](O)[C@H]2OS(=O)(=O)O)c(=O)[nH]1,False,C10H13N5O8S,363.0485,24
Nc1nc2c(ncn2[C@@H]2O[C@H](COS(=O)(=O)O)[C@@H](O)[C@H]2O)c(=O)[nH]1,False,C10H13N5O8S,363.0485,24
COC[C@H]1O[C@@H](n2cnc3c(=O)[nH]c(N)nc32)[C@H](O)[C@@H]1O,False,C11H15N5O5,297.1073,21
CO[C@H]1[C@@H](O)[C@H](n2cnc3c(=O)[nH]c(N)nc32)O[C@@H]1CO,False,C11H15N5O5,297.1073,21
CO[C@@H]1[C@H](O)[C@@H](CO)O[C@H]1n1cnc2c(=O)[nH]c(N)nc21,False,C11H15N5O5,297.1073,21
C[n+]1cn([C@@H]2O[C@H](CO)[C@@H](O)[C@H]2O)c2nc(N)[nH]c(=O)c21,False,C11H16N5O5+,298.1146,21
CC(=O)Nc1nc2c(ncn2[C@@H]2O[C@H](CO)[C@@H](O)[C@H]2O)c(=O)[nH]1,False,C12H15N5O6,325.1022,23
CC(=O)OC[C@H]1O[C@@H](n2cnc3c(=O)[nH]c(N)nc32)[C@H](O)[C@@H]1O,False,C12H15N5O6,325.1022,23
CC(=O)O[C@H]1[C@@H](O)[C@H](n2cnc3c(=O)[nH]c(N)nc32)O[C@@H]1CO,False,C12H15N5O6,325.1022,23
CC(=O)O[C@@H]1[C@H](O)[C@@H](CO)O[C@H]1n1cnc2c(=O)[nH]c(N)nc21,False,C12H15N5O6,325.1022,23
C[C@H]1O[C@@H](n2cnc3c(=O)[nH]c(N)nc32)[C@H](O)[C@@H]1O,False,C10H13N5O4,267.0968,19
Nc1nc2c(ncn2[C@@H]2O[C@H](C(=O)O)[C@@H](O)[C@H]2O)c(=O)[nH]1,False,C10H11N5O6,297.0709,21
Nc1nc2c(ncn2[C@@H]2OC(CO)[C@@H](O)[C@H]2O)c(=O)[nH]1,False,C10H13N5O5,283.0917,20
OC[C@]1(n2cnc3c4nc(nc32)[nH]4)OC[C@@H](O)[C@H]1O,False,C10H11N5O4,265.0811,19
Nc1nc2c(ncn2[C@@]2(COP(=O)(O)O)OC[C@@H](O)[C@H]2O)c(=O)[nH]1,False,C10H14N5O8P,363.058,24
Nc1nc2c(ncn2[C@@]2(CO)OC[C@@H](O)[C@H]2OP(=O)(O)O)c(=O)[nH]1,False,C10H14N5O8P,363.058,24
Nc1nc2c(ncn2[C@@]2(CO)OC[C@@H](OP(=O)(O)O)[C@H]2O)c(=O)[nH]1,False,C10H14N5O8P,363.058,24
Nc1nc2c(ncn2[C@@]2(C=O)OC[C@@H](O)[C@H]2O)c(=O)[nH]1,False,C10H11N5O5,281.076,20
Nc1nc2c(ncn2[C@@]2(CO)OC[C@@H](O)[C@H]2OS(=O)(=O)O)c(=O)[nH]1,False,C10H13N5O8S,363.0485,24
Nc1nc2c(ncn2[C@@]2(CO)OC[C@@H](OS(=O)(=O)O)[C@H]2O)c(=O)[nH]1,False,C10H13N5O8S,363.0485,24
Nc1nc2c(ncn2[C@@]2(COS(=O)(=O)O)OC[C@@H](O)[C@H]2O)c(=O)[nH]1,False,C10H13N5O8S,363.0485,24
COC[C@]1(n2cnc3c(=O)[nH]c(N)nc32)OC[C@@H](O)[C@H]1O,False,C11H15N5O5,297.1073,21
CO[C@@H]1[C@H](O)CO[C@]1(CO)n1cnc2c(=O)[nH]c(N)nc21,False,C11H15N5O5,297.1073,21
CO[C@@H]1CO[C@](CO)(n2cnc3c(=O)[nH]c(N)nc32)[C@@H]1O,False,C11H15N5O5,297.1073,21
CC(=O)Nc1nc2c(ncn2[C@@]2(CO)OC[C@@H](O)[C@H]2O)c(=O)[nH]1,False,C12H15N5O6,325.1022,23
CC(=O)OC[C@]1(n2cnc3c(=O)[nH]c(N)nc32)OC[C@@H](O)[C@H]1O,False,C12H15N5O6,325.1022,23
CC(=O)O[C@@H]1[C@H](O)CO[C@]1(CO)n1cnc2c(=O)[nH]c(N)nc21,False,C12H15N5O6,325.1022,23
CC(=O)O[C@@H]1CO[C@](CO)(n2cnc3c(=O)[nH]c(N)nc32)[C@@H]1O,False,C12H15N5O6,325.1022,23
C[C@]1(n2cnc3c(=O)[nH]c(N)nc32)OC[C@@H](O)[C@H]1O,False,C10H13N5O4,267.0968,19
Nc1nc2c(ncn2[C@@]2(C(=O)O)OC[C@@H](O)[C@H]2O)c(=O)[nH]1,False,C10H11N5O6,297.0709,21
O=P(O)(O)OC[C@H]1O[C@@H](n2cnc3c4nc(nc32)[nH]4)[C@H](O)[C@@H]1O,False,C10H12N5O7P,345.0474,23
O=P(O)(O)O[C@@H]1[C@H](O)[C@@H](CO)O[C@H]1n1cnc2c3nc(nc21)[nH]3,False,C10H12N5O7P,345.0474,23
O=P(O)(O)O[C@H]1[C@@H](O)[C@H](n2cnc3c4nc(nc32)[nH]4)O[C@@H]1CO,False,C10H12N5O7P,345.0474,23
O=C[C@H]1O[C@@H](n2cnc3c4nc(nc32)[nH]4)[C@H](O)[C@@H]1O,False,C10H9N5O4,263.0655,19
O=S(=O)(O)O[C@@H]1[C@H](O)[C@@H](CO)O[C@H]1n1cnc2c3nc(nc21)[nH]3,False,C10H11N5O7S,345.0379,23
O=S(=O)(O)O[C@H]1[C@@H](O)[C@H](n2cnc3c4nc(nc32)[nH]4)O[C@@H]1CO,False,C10H11N5O7S,345.0379,23
O=S(=O)(O)OC[C@H]1O[C@@H](n2cnc3c4nc(nc32)[nH]4)[C@H](O)[C@@H]1O,False,C10H11N5O7S,345.0379,23
COC[C@H]1O[C@@H](n2cnc3c4nc(nc32)[nH]4)[C@H](O)[C@@H]1O,False,C11H13N5O4,279.0968,20
CO[C@@H]1[C@H](O)[C@@H](CO)O[C@H]1n1cnc2c3nc(nc21)[nH]3,False,C11H13N5O4,279.0968,20
CO[C@H]1[C@@H](O)[C@H](n2cnc3c4nc(nc32)[nH]4)O[C@@H]1CO,False,C11H13N5O4,279.0968,20
CC(=O)OC[C@H]1O[C@@H](n2cnc3c4nc(nc32)[nH]4)[C@H](O)[C@@H]1O,False,C12H13N5O5,307.0917,22
CC(=O)O[C@@H]1[C@H](O)[C@@H](CO)O[C@H]1n1cnc2c3nc(nc21)[nH]3,False,C12H13N5O5,307.0917,22
CC(=O)O[C@H]1[C@@H](O)[C@H](n2cnc3c4nc(nc32)[nH]4)O[C@@H]1CO,False,C12H13N5O5,307.0917,22
C[C@H]1O[C@@H](n2cnc3c4nc(nc32)[nH]4)[C@H](O)[C@@H]1O,False,C10H11N5O3,249.0862,18
O=C(O)[C@H]1O[C@@H](n2cnc3c4nc(nc32)[nH]4)[C@H](O)[C@@H]1O,False,C10H9N5O5,279.0604,20
Nc1nc2c(ncn2[C@@H]2OC[C@@](O)(COP(=O)(O)O)[C@H]2O)c(=O)[nH]1,False,C10H14N5O8P,363.058,24
Nc1nc2c(ncn2[C@@H]2OC[C@@H](O)[C@@]2(O)COP(=O)(O)O)c(=O)[nH]1,False,C10H14N5O8P,363.058,24
Nc1nc2c(nc(COP(=O)(O)O)n2[C@@H]2OC[C@@H](O)[C@H]2O)c(=O)[nH]1,False,C10H14N5O8P,363.058,24
Nc1nc2c(ncn2[C@@H]2O[C@@H]3COP(=O)(O)O[C@H]3[C@H]2O)c(=O)[nH]1,False,C10H12N5O7P,345.0474,23
Nc1nc2c(ncn2[C@@H]2O[C@@H]3COP(=O)(O)O[C@@H]2[C@@H]3O)c(=O)[nH]1,False,C10H12N5O7P,345.0474,23
CO[C@H]1[C@@H](O)[C@H](n2cnc3c(=O)[nH]c(N)nc32)O[C@@H]1COP(=O)(O)O,False,C11H16N5O8P,377.0736,25
CO[C@@H]1[C@H](O)[C@@H](COP(=O)(O)O)O[C@H]1n1cnc2c(=O)[nH]c(N)nc21,False,C11H16N5O8P,377.0736,25
C[n+]1cn([C@@H]2O[C@H](COP(=O)(O)O)[C@@H](O)[C@H]2O)c2nc(N)[nH]c(=O)c21,False,C11H17N5O8P+,378.0809,25
Nc1nc2c(ncn2[C@@H]2O[C@H](CO)[C@H]3OP(=O)(O)O[C@H]32)c(=O)[nH]1,False,C10H12N5O7P,345.0474,23
Nc1nc2c(ncn2[C@@H]2O[C@H](C=O)[C@@H](OP(=O)(O)O)[C@H]2O)c(=O)[nH]1,False,C10H12N5O8P,361.0423,24
COC[C@H]1O[C@@H](n2cnc3c(=O)[nH]c(N)nc32)[C@H](O)[C@@H]1OP(=O)(O)O,False,C11H16N5O8P,377.0736,25
CO[C@@H]1[C@H](OP(=O)(O)O)[C@@H](CO)O[C@H]1n1cnc2c(=O)[nH]c(N)nc21,False,C11H16N5O8P,377.0736,25
C[n+]1cn([C@@H]2O[C@H](CO)[C@@H](OP(=O)(O)O)[C@H]2O)c2nc(N)[nH]c(=O)c21,False,C11H17N5O8P+,378.0809,25
C[C@H]1O[C@@H](n2cnc3c(=O)[nH]c(N)nc32)[C@H](O)[C@@H]1OP(=O)(O)O,False,C10H14N5O7P,347.0631,23
Nc1nc2c(ncn2[C@@H]2O[C@H](C=O)[C@@H](O)[C@H]2OP(=O)(O)O)c(=O)[nH]1,False,C10H12N5O8P,361.0423,24
COC[C@H]1O[C@@H](n2cnc3c(=O)[nH]c(N)nc32)[C@H](OP(=O)(O)O)[C@@H]1O,False,C11H16N5O8P,377.0736,25
CO[C@H]1[C@@H](OP(=O)(O)O)[C@H](n2cnc3c(=O)[nH]c(N)nc32)O[C@@H]1CO,False,C11H16N5O8P,377.0736,25
C[n+]1cn([C@@H]2O[C@H](CO)[C@@H](O)[C@H]2OP(=O)(O)O)c2nc(N)[nH]c(=O)c21,False,C11H17N5O8P+,378.0809,25
C[C@H]1O[C@@H](n2cnc3c(=O)[nH]c(N)nc32)[C@H](OP(=O)(O)O)[C@@H]1O,False,C10H14N5O7P,347.0631,23
O=c1[nH]c2nc3c1ncn3[C@@H]1O[C@H](C=N2)[C@@H](O)[C@H]1O,False,C10H9N5O4,263.0655,19
Nc1nc2c(ncn2[C@@H]2O[C@]3(CO)O[C@H]3[C@H]2O)c(=O)[nH]1,False,C10H11N5O5,281.076,20
Nc1nc2c(ncn2[C@@H]2O[C@]3(CO)O[C@@H]2[C@@H]3O)c(=O)[nH]1,False,C10H11N5O5,281.076,20
Nc1nc2c(ncn2[C@@H]2O[C@H](CO)[C@@]3(O)O[C@@H]23)c(=O)[nH]1,False,C10H11N5O5,281.076,20
Nc1nc2c(ncn2[C@@H]2O[C@H](CO)[C@H]3O[C@]32O)c(=O)[nH]1,False,C10H11N5O5,281.076,20
Nc1nc2c(ncn2[C@]23O[C@@H]([C@H]2O)[C@@H](CO)O3)c(=O)[nH]1,False,C10H11N5O5,281.076,20
Nc1nc2c(ncn2[C@]23O[C@@H]2[C@H](O)[C@@H](CO)O3)c(=O)[nH]1,False,C10H11N5O5,281.076,20
Nc1nc2c(nc3n2[C@@H]2O[C@H](CO)[C@@H](O3)[C@H]2O)c(=O)[nH]1,False,C10H11N5O5,281.076,20
Nc1nc2c(nc3n2[C@@H]2O[C@H](CO)[C@@H](O)[C@H]2O3)c(=O)[nH]1,False,C10H11N5O5,281.076,20
Nc1nc2c(ncn2[C@@H]2O[C@H](C=O)[C@@H](OS(=O)(=O)O)[C@H]2O)c(=O)[nH]1,False,C10H11N5O8S,361.0328,24
Nc1nc2c(ncn2[C@@H]2O[C@H](C=O)[C@@H](O)[C@H]2OS(=O)(=O)O)c(=O)[nH]1,False,C10H11N5O8S,361.0328,24
CO[C@H]1[C@@H](O)[C@H](n2cnc3c(=O)[nH]c(N)nc32)O[C@@H]1C=O,False,C11H13N5O5,295.0917,21
CO[C@@H]1[C@H](O)[C@@H](C=O)O[C@H]1n1cnc2c(=O)[nH]c(N)nc21,False,C11H13N5O5,295.0917,21
CC(=O)Nc1nc2c(ncn2[C@@H]2O[C@H](C=O)[C@@H](O)[C@H]2O)c(=O)[nH]1,False,C12H13N5O6,323.0866,23
CC(=O)O[C@H]1[C@@H](O)[C@H](n2cnc3c(=O)[nH]c(N)nc32)O[C@@H]1C=O,False,C12H13N5O6,323.0866,23
CC(=O)O[C@@H]1[C@H](O)[C@@H](C=O)O[C@H]1n1cnc2c(=O)[nH]c(N)nc21,False,C12H13N5O6,323.0866,23
N#CC(O)[C@H]1O[C@@H](n2cnc3c(=O)[nH]c(N)nc32)[C@H](O)[C@@H]1O,False,C11H12N6O5,308.0869,22
COC[C@H]1O[C@@H](n2cnc3c(=O)[nH]c(N)nc32)[C@H](O)[C@@H]1OS(=O)(=O)O,False,C11H15N5O8S,377.0641,25
CO[C@@H]1[C@H](OS(=O)(=O)O)[C@@H](CO)O[C@H]1n1cnc2c(=O)[nH]c(N)nc21,False,C11H15N5O8S,377.0641,25
C[n+]1cn([C@@H]2O[C@H](CO)[C@@H](OS(=O)(=O)O)[C@H]2O)c2nc(N)[nH]c(=O)c21,False,C11H16N5O8S+,378.0714,25
C[C@H]1O[C@@H](n2cnc3c(=O)[nH]c(N)nc32)[C@H](O)[C@@H]1OS(=O)(=O)O,False,C10H13N5O7S,347.0536,23
COC[C@H]1O[C@@H](n2cnc3c(=O)[nH]c(N)nc32)[C@H](OS(=O)(=O)O)[C@@H]1O,False,C11H15N5O8S,377.0641,25
CO[C@H]1[C@@H](OS(=O)(=O)O)[C@H](n2cnc3c(=O)[nH]c(N)nc32)O[C@@H]1CO,False,C11H15N5O8S,377.0641,25
C[n+]1cn([C@@H]2O[C@H](CO)[C@@H](O)[C@H]2OS(=O)(=O)O)c2nc(N)[nH]c(=O)c21,False,C11H16N5O8S+,378.0714,25
C[C@H]1O[C@@H](n2cnc3c(=O)[nH]c(N)nc32)[C@H](OS(=O)(=O)O)[C@@H]1O,False,C10H13N5O7S,347.0536,23
CO[C@H]1[C@@H](O)[C@H](n2cnc3c(=O)[nH]c(N)nc32)O[C@@H]1COS(=O)(=O)O,False,C11H15N5O8S,377.0641,25
CO[C@@H]1[C@H](O)[C@@H](COS(=O)(=O)O)O[C@H]1n1cnc2c(=O)[nH]c(N)nc21,False,C11H15N5O8S,377.0641,25
C[n+]1cn([C@@H]2O[C@H](COS(=O)(=O)O)[C@@H](O)[C@H]2O)c2nc(N)[nH]c(=O)c21,False,C11H16N5O8S+,378.0714,25
COC[C@H]1O[C@@H](n2cnc3c(=O)[nH]c(N)nc32)[C@H](O)[C@@H]1OC,False,C12H17N5O5,311.123,22
COC[C@H]1O[C@@H](n2cnc3c(=O)[nH]c(N)nc32)[C@H](OC)[C@@H]1O,False,C12H17N5O5,311.123,22
COC[C@H]1O[C@@H](n2c[n+](C)c3c(=O)[nH]c(N)nc32)[C@H](O)[C@@H]1O,False,C12H18N5O5+,312.1302,22
COC[C@H]1O[C@@H](n2cnc3c(=O)[nH]c(NC(C)=O)nc32)[C@H](O)[C@@H]1O,False,C13H17N5O6,339.1179,24
COC[C@H]1O[C@@H](n2cnc3c(=O)[nH]c(N)nc32)[C@H](O)[C@@H]1OC(C)=O,False,C13H17N5O6,339.1179,24
COC[C@H]1O[C@@H](n2cnc3c(=O)[nH]c(N)nc32)[C@H](OC(C)=O)[C@@H]1O,False,C13H17N5O6,339.1179,24
C=O,False,CH2O,30.0106,2
CO,False,CH4O,32.0262,2
Nc1nc2c(ncn2[C@@H]2O[C@H](COC=O)[C@@H](O)[C@H]2O)c(=O)[nH]1,False,C11H13N5O6,311.0866,22
COC(=O)[C@H]1O[C@@H](n2cnc3c(=O)[nH]c(N)nc32)[C@H](O)[C@@H]1O,False,C11H13N5O6,311.0866,22
CO[C@@H]1[C@H](OC)[C@@H](CO)O[C@H]1n1cnc2c(=O)[nH]c(N)nc21,False,C12H17N5O5,311.123,22
CO[C@H]1[C@@H](O)[C@H](n2c[n+](C)c3c(=O)[nH]c(N)nc32)O[C@@H]1CO,False,C12H18N5O5+,312.1302,22
CO[C@H]1[C@@H](O)[C@H](n2cnc3c(=O)[nH]c(NC(C)=O)nc32)O[C@@H]1CO,False,C13H17N5O6,339.1179,24
CO[C@H]1[C@@H](O)[C@H](n2cnc3c(=O)[nH]c(N)nc32)O[C@@H]1COC(C)=O,False,C13H17N5O6,339.1179,24
CO[C@H]1[C@@H](OC(C)=O)[C@H](n2cnc3c(=O)[nH]c(N)nc32)O[C@@H]1CO,False,C13H17N5O6,339.1179,24
CO[C@H]1[C@@H](O)[C@H](n2cnc3c(=O)[nH]c(N)nc32)O[C@@H]1C,False,C11H15N5O4,281.1124,20
Nc1nc2c(ncn2[C@@H]2O[C@H](CO)[C@@H](OC=O)[C@H]2O)c(=O)[nH]1,False,C11H13N5O6,311.0866,22
CO[C@H]1[C@@H](O)[C@H](n2cnc3c(=O)[nH]c(N)nc32)O[C@@H]1C(=O)O,False,C11H13N5O6,311.0866,22
CO[C@@H]1[C@H](O)[C@@H](CO)O[C@H]1n1c[n+](C)c2c(=O)[nH]c(N)nc21,False,C12H18N5O5+,312.1302,22
CO[C@@H]1[C@H](O)[C@@H](CO)O[C@H]1n1cnc2c(=O)[nH]c(NC(C)=O)nc21,False,C13H17N5O6,339.1179,24
CO[C@@H]1[C@H](O)[C@@H](COC(C)=O)O[C@H]1n1cnc2c(=O)[nH]c(N)nc21,False,C13H17N5O6,339.1179,24
CO[C@@H]1[C@H](OC(C)=O)[C@@H](CO)O[C@H]1n1cnc2c(=O)[nH]c(N)nc21,False,C13H17N5O6,339.1179,24
CO[C@@H]1[C@H](O)[C@@H](C)O[C@H]1n1cnc2c(=O)[nH]c(N)nc21,False,C11H15N5O4,281.1124,20
Nc1nc2c(ncn2[C@@H]2O[C@H](CO)[C@@H](O)[C@H]2OC=O)c(=O)[nH]1,False,C11H13N5O6,311.0866,22
CO[C@@H]1[C@H](O)[C@@H](C(=O)O)O[C@H]1n1cnc2c(=O)[nH]c(N)nc21,False,C11H13N5O6,311.0866,22
C[n+]1cn([C@@]2(CO)OC[C@@H](O)[C@H]2O)c2nc(N)[nH]c(=O)c21,False,C11H16N5O5+,298.1146,21
C[n+]1cn([C@@H]2O[C@H](CO)[C@@H](O)[C@H]2O)c2nc3nc([nH]3)c21,False,C11H14N5O4+,280.104,20
C[n+]1cn([C@@H]2O[C@H](C=O)[C@@H](O)[C@H]2O)c2nc(N)[nH]c(=O)c21,False,C11H14N5O5+,296.0989,21
CC(=O)Nc1nc2c(c(=O)[nH]1)[n+](C)cn2[C@@H]1O[C@H](CO)[C@@H](O)[C@H]1O,False,C13H18N5O6+,340.1252,24
CC(=O)OC[C@H]1O[C@@H](n2c[n+](C)c3c(=O)[nH]c(N)nc32)[C@H](O)[C@@H]1O,False,C13H18N5O6+,340.1252,24
CC(=O)O[C@@H]1[C@H](O)[C@@H](CO)O[C@H]1n1c[n+](C)c2c(=O)[nH]c(N)nc21,False,C13H18N5O6+,340.1252,24
CC(=O)O[C@H]1[C@@H](O)[C@H](n2c[n+](C)c3c(=O)[nH]c(N)nc32)O[C@@H]1CO,False,C13H18N5O6+,340.1252,24
C[C@H]1O[C@@H](n2c[n+](C)c3c(=O)[nH]c(N)nc32)[C@H](O)[C@@H]1O,False,C11H16N5O4+,282.1197,20
C[n+]1cn([C@@H]2O[C@H](C(=O)O)[C@@H](O)[C@H]2O)c2nc(N)[nH]c(=O)c21,False,C11H14N5O6+,312.0939,22
Cn1c(N)nc2c(c1=O)[n+](C)cn2[C@@H]1O[C@H](CO)[C@@H](O)[C@H]1O,False,C12H18N5O5+,312.1302,22
Nc1nc2c([nH+]cn2[C@@H]2O[C@H](CO)[C@@H](O)[C@H]2O)c(=O)[nH]1,False,C10H14N5O5+,284.0989,20
CNc1nc2c(c(=O)[nH]1)[n+](C)cn2[C@@H]1O[C@H](CO)[C@@H](O)[C@H]1O,False,C12H18N5O5+,312.1302,22
C[C@]1(n2cnc3c(=O)[nH]c(NC=O)nc32)O[C@H](CO)[C@@H](O)[C@H]1O,False,C12H15N5O6,325.1022,23
Cc1nc2c(=O)[nH]c(NC=O)nc2n1[C@@H]1O[C@H](CO)[C@@H](O)[C@H]1O,False,C12H15N5O6,325.1022,23
C[C@]1(O)[C@H](O)[C@@H](CO)O[C@H]1n1cnc2c(=O)[nH]c(NC=O)nc21,False,C12H15N5O6,325.1022,23
C[C@]1(O)[C@@H](CO)O[C@@H](n2cnc3c(=O)[nH]c(NC=O)nc32)[C@@H]1O,False,C12H15N5O6,325.1022,23
C[C@@]1(CO)O[C@@H](n2cnc3c(=O)[nH]c(NC=O)nc32)[C@H](O)[C@@H]1O,False,C12H15N5O6,325.1022,23
CC(O)[C@H]1O[C@@H](n2cnc3c(=O)[nH]c(NC=O)nc32)[C@H](O)[C@@H]1O,False,C12H15N5O6,325.1022,23
O=c1[nH]c2nc3c1ncn3[C@@H]1O[C@H](CO)[C@@H](O)[C@H]1OCC(O)N2,False,C12H15N5O6,325.1022,23
O=c1[nH]c2nc3c1ncn3[C@@H]1O[C@H](CO)[C@@H](OCC(O)N2)[C@H]1O,False,C12H15N5O6,325.1022,23
O=c1[nH]c2nc3c1ncn3[C@@H]1O[C@H](COCC(O)N2)[C@@H](O)[C@H]1O,False,C12H15N5O6,325.1022,23
CC(O)Nc1nc2c(ncn2[C@]23O[C@@H]2[C@H](O)[C@@H](CO)O3)c(=O)[nH]1,False,C12H15N5O6,325.1022,23
CC(O)Nc1nc2c(ncn2[C@]23O[C@@H]([C@H]2O)[C@@H](CO)O3)c(=O)[nH]1,False,C12H15N5O6,325.1022,23
CC(O)Nc1nc2c(ncn2[C@@]23OC[C@@H](O2)[C@@H](O)[C@H]3O)c(=O)[nH]1,False,C12H15N5O6,325.1022,23
CC(O)Nc1nc2c(nc3n2[C@@H]2O[C@H](CO)[C@@H](O)[C@H]2O3)c(=O)[nH]1,False,C12H15N5O6,325.1022,23
CC(O)Nc1nc2c(nc3n2[C@@H]2O[C@H](CO)[C@@H](O3)[C@H]2O)c(=O)[nH]1,False,C12H15N5O6,325.1022,23
CC(O)Nc1nc2c(nc3n2[C@@H]2O[C@H](CO3)[C@@H](O)[C@H]2O)c(=O)[nH]1,False,C12H15N5O6,325.1022,23
CC(O)Nc1nc2c(ncn2[C@@H]2O[C@H](CO)[C@H]3O[C@]32O)c(=O)[nH]1,False,C12H15N5O6,325.1022,23
CC(O)Nc1nc2c(ncn2[C@@H]2O[C@@H]3CO[C@]2(O)[C@@H]3O)c(=O)[nH]1,False,C12H15N5O6,325.1022,23
CC(O)Nc1nc2c(ncn2[C@@H]2O[C@H](CO)[C@@]3(O)O[C@@H]23)c(=O)[nH]1,False,C12H15N5O6,325.1022,23
CC(O)Nc1nc2c(ncn2[C@@H]2O[C@@H]3CO[C@@]3(O)[C@H]2O)c(=O)[nH]1,False,C12H15N5O6,325.1022,23
CC(O)Nc1nc2c(ncn2[C@@H]2O[C@]3(CO)O[C@@H]2[C@@H]3O)c(=O)[nH]1,False,C12H15N5O6,325.1022,23
CC(O)Nc1nc2c(ncn2[C@@H]2O[C@]3(CO)O[C@H]3[C@H]2O)c(=O)[nH]1,False,C12H15N5O6,325.1022,23
CC(O)Nc1nc2c(ncn2[C@@H]2O[C@@]3(CO3)[C@@H](O)[C@H]2O)c(=O)[nH]1,False,C12H15N5O6,325.1022,23
CC(O)Nc1nc2c(ncn2[C@@H]2O[C@@H]3C(O)O[C@@H]2[C@@H]3O)c(=O)[nH]1,False,C12H15N5O6,325.1022,23
CC(O)Nc1nc2c(ncn2[C@@H]2O[C@@H]3C(O)O[C@H]3[C@H]2O)c(=O)[nH]1,False,C12H15N5O6,325.1022,23
CC(O)Nc1nc2c(ncn2[C@@H]2O[C@H](CO)[C@@H](O)[C@H]2O)c(=O)[nH]1,False,C12H17N5O6,327.1179,23
CC(=O)N(C)c1nc2c(ncn2[C@@H]2O[C@H](CO)[C@@H](O)[C@H]2O)c(=O)[nH]1,False,C13H17N5O6,339.1179,24
CCC(=O)Nc1nc2c(ncn2[C@@H]2O[C@H](CO)[C@@H](O)[C@H]2O)c(=O)[nH]1,False,C13H17N5O6,339.1179,24
CC(=O)O,False,C2H4O2,60.0211,4
CC(=O)N(C(C)=O)c1nc2c(ncn2[C@@H]2O[C@H](CO)[C@@H](O)[C@H]2O)c(=O)[nH]1,False,C14H17N5O7,367.1128,26
CC(=O)Nc1nc2c(ncn2[C@@H]2O[C@H](COC(C)=O)[C@@H](O)[C@H]2O)c(=O)[nH]1,False,C14H17N5O7,367.1128,26
CC(=O)Nc1nc2c(ncn2[C@@H]2O[C@H](CO)[C@@H](O)[C@H]2OC(C)=O)c(=O)[nH]1,False,C14H17N5O7,367.1128,26
CC(=O)Nc1nc2c(ncn2[C@@H]2O[C@H](CO)[C@@H](OC(C)=O)[C@H]2O)c(=O)[nH]1,False,C14H17N5O7,367.1128,26
O=C(O)CC(=O)Nc1nc2c(ncn2[C@@H]2O[C@H](CO)[C@@H](O)[C@H]2O)c(=O)[nH]1,False,C13H15N5O8,369.0921,26
CC(O)(C#N)Nc1nc2c(ncn2[C@@H]2O[C@H](CO)[C@@H](O)[C@H]2O)c(=O)[nH]1,False,C13H16N6O6,352.1131,25
CC(N)Nc1nc2c(ncn2[C@@H]2O[C@H](CO)[C@@H](O)[C@H]2O)c(=O)[nH]1,False,C12H18N6O5,326.1339,23
CC(=O)N(C(N)=O)c1nc2c(ncn2[C@@H]2O[C@H](CO)[C@@H](O)[C@H]2O)c(=O)[nH]1,False,C13H16N6O7,368.108,26
O=C(CO)Nc1nc2c(ncn2[C@@H]2O[C@H](CO)[C@@H](O)[C@H]2O)c(=O)[nH]1,False,C12H15N5O7,341.0971,24
COC(=O)Nc1nc2c(ncn2[C@@H]2O[C@H](CO)[C@@H](O)[C@H]2O)c(=O)[nH]1,False,C12H15N5O7,341.0971,24
CC(=O)OP(=O)(O)O,False,C2H5O5P,139.9875,8
O=c1[nH]c(NC(O)CO)nc2c1ncn2[C@@H]1O[C@H](CO)[C@@H](O)[C@H]1O,False,C12H17N5O7,343.1128,24
CC(=O)Nc1nc2c(ncn2[C@@H]2O[C@H](C)[C@@H](O)[C@H]2O)c(=O)[nH]1,False,C12H15N5O5,309.1073,22
CC(=O)Nc1nc2c(ncn2[C@@H]2O[C@H](C(=O)O)[C@@H](O)[C@H]2O)c(=O)[nH]1,False,C12H13N5O7,339.0815,24
O=CNc1nc2c(ncn2[C@@H]2O[C@H](CO)[C@@H](O)[C@H]2O)c(=O)[nH]1,False,C11H13N5O6,311.0866,22
CC(=O)Nc1nc2c(ncn2[C@@]2(C)O[C@H](CO)[C@@H](O)[C@H]2O)c(=O)[nH]1,False,C13H17N5O6,339.1179,24
CC(=O)Nc1nc2c(nc(C)n2[C@@H]2O[C@H](CO)[C@@H](O)[C@H]2O)c(=O)[nH]1,False,C13H17N5O6,339.1179,24
CC(=O)Nc1nc2c(ncn2[C@@H]2O[C@H](CO)[C@@H](O)[C@]2(C)O)c(=O)[nH]1,False,C13H17N5O6,339.1179,24
CC(=O)Nc1nc2c(ncn2[C@@H]2O[C@H](CO)[C@](C)(O)[C@H]2O)c(=O)[nH]1,False,C13H17N5O6,339.1179,24
CC(=O)Nc1nc2c(ncn2[C@@H]2O[C@@](C)(CO)[C@@H](O)[C@H]2O)c(=O)[nH]1,False,C13H17N5O6,339.1179,24
CC(=O)Nc1nc2c(ncn2[C@@H]2O[C@H](C(C)O)[C@@H](O)[C@H]2O)c(=O)[nH]1,False,C13H17N5O6,339.1179,24
CC(OC=O)[C@H]1O[C@@H](n2cnc3c(=O)[nH]c(N)nc32)[C@H](O)[C@@H]1O,False,C12H15N5O6,325.1022,23
C[C@@]1(COC=O)O[C@@H](n2cnc3c(=O)[nH]c(N)nc32)[C@H](O)[C@@H]1O,False,C12H15N5O6,325.1022,23
C[C@]1(O)[C@@H](COC=O)O[C@@H](n2cnc3c(=O)[nH]c(N)nc32)[C@@H]1O,False,C12H15N5O6,325.1022,23
C[C@]1(O)[C@H](O)[C@@H](COC=O)O[C@H]1n1cnc2c(=O)[nH]c(N)nc21,False,C12H15N5O6,325.1022,23
C[C@]1(n2cnc3c(=O)[nH]c(N)nc32)O[C@H](COC=O)[C@@H](O)[C@H]1O,False,C12H15N5O6,325.1022,23
Cc1nc2c(=O)[nH]c(N)nc2n1[C@@H]1O[C@H](COC=O)[C@@H](O)[C@H]1O,False,C12H15N5O6,325.1022,23
CC1=Nc2nc3c(ncn3[C@@H]3O[C@H](CO1)[C@@H](O)[C@H]3O)c(=O)[nH]2,False,C12H13N5O5,307.0917,22
Nc1nc2c(ncn2[C@@H]2O[C@@H]3COC(O)CO[C@H]3[C@H]2O)c(=O)[nH]1,False,C12H15N5O6,325.1022,23
Nc1nc2c(ncn2[C@@H]2O[C@@H]3COC(O)CO[C@@H]2[C@@H]3O)c(=O)[nH]1,False,C12H15N5O6,325.1022,23
CC(O)OC1O[C@H]2[C@@H](O)[C@H](n3cnc4c(=O)[nH]c(N)nc43)O[C@H]12,False,C12H15N5O6,325.1022,23
CC(O)OC1O[C@@H]2[C@H](O)[C@@H]1O[C@H]2n1cnc2c(=O)[nH]c(N)nc21,False,C12H15N5O6,325.1022,23
CC(O)OC[C@]12O[C@@H](n3cnc4c(=O)[nH]c(N)nc43)[C@H](O)[C@@H]1O2,False,C12H15N5O6,325.1022,23
CC(O)OC[C@]12O[C@@H]([C@H](n3cnc4c(=O)[nH]c(N)nc43)O1)[C@@H]2O,False,C12H15N5O6,325.1022,23
CC(O)OC[C@H]1O[C@@H](n2cnc3c(=O)[nH]c(N)nc32)[C@@H]2O[C@]12O,False,C12H15N5O6,325.1022,23
CC(O)OC[C@H]1O[C@@H](n2cnc3c(=O)[nH]c(N)nc32)[C@]2(O)O[C@H]12,False,C12H15N5O6,325.1022,23
CC(O)OC[C@H]1O[C@@]2(n3cnc4c(=O)[nH]c(N)nc43)O[C@H]1[C@H]2O,False,C12H15N5O6,325.1022,23
CC(O)OC[C@H]1O[C@@]2(n3cnc4c(=O)[nH]c(N)nc43)O[C@@H]2[C@@H]1O,False,C12H15N5O6,325.1022,23
CC(O)OC[C@H]1O[C@@H]2[C@H](O)[C@@H]1Oc1nc3c(=O)[nH]c(N)nc3n12,False,C12H15N5O6,325.1022,23
CC(O)OC[C@H]1O[C@@H]2[C@H](Oc3nc4c(=O)[nH]c(N)nc4n32)[C@@H]1O,False,C12H15N5O6,325.1022,23
CC(O)OC[C@H]1O[C@@H](n2cnc3c(=O)[nH]c(N)nc32)[C@H](O)[C@@H]1O,False,C12H17N5O6,327.1179,23
CCOC[C@H]1O[C@@H](n2cnc3c(=O)[nH]c(N)nc32)[C@H](O)[C@@H]1O,False,C12H17N5O5,311.123,22
CCC(=O)OC[C@H]1O[C@@H](n2cnc3c(=O)[nH]c(N)nc32)[C@H](O)[C@@H]1O,False,C13H17N5O6,339.1179,24
CC(=O)OC[C@H]1O[C@@H](n2cnc3c(=O)[nH]c(N)nc32)[C@H](O)[C@@H]1OC(C)=O,False,C14H17N5O7,367.1128,26
CC(=O)OC[C@H]1O[C@@H](n2cnc3c(=O)[nH]c(N)nc32)[C@H](OC(C)=O)[C@@H]1O,False,C14H17N5O7,367.1128,26
Nc1nc2c(ncn2[C@@H]2O[C@H](COC(=O)CC(=O)O)[C@@H](O)[C@H]2O)c(=O)[nH]1,False,C13H15N5O8,369.0921,26
CC(O)(C#N)OC[C@H]1O[C@@H](n2cnc3c(=O)[nH]c(N)nc32)[C@H](O)[C@@H]1O,False,C13H16N6O6,352.1131,25
CC(N)OC[C@H]1O[C@@H](n2cnc3c(=O)[nH]c(N)nc32)[C@H](O)[C@@H]1O,False,C12H18N6O5,326.1339,23
Nc1nc2c(ncn2[C@@H]2O[C@H](COC(=O)CO)[C@@H](O)[C@H]2O)c(=O)[nH]1,False,C12H15N5O7,341.0971,24
COC(=O)OC[C@H]1O[C@@H](n2cnc3c(=O)[nH]c(N)nc32)[C@H](O)[C@@H]1O,False,C12H15N5O7,341.0971,24
Nc1nc2c(ncn2[C@@H]2O[C@H](COC(O)CO)[C@@H](O)[C@H]2O)c(=O)[nH]1,False,C12H17N5O7,343.1128,24
CC(=O)C[C@H]1O[C@@H](n2cnc3c(=O)[nH]c(N)nc32)[C@H](O)[C@@H]1O,False,C12H15N5O5,309.1073,22
CC(=O)OC(=O)[C@H]1O[C@@H](n2cnc3c(=O)[nH]c(N)nc32)[C@H](O)[C@@H]1O,False,C12H13N5O7,339.0815,24
CC(=O)OC[C@H]1O[C@@H](n2cnc3c(=O)n(C(C)=O)c(N)nc32)[C@H](O)[C@@H]1O,False,C14H17N5O7,367.1128,26
CC(=O)OC(C)[C@H]1O[C@@H](n2cnc3c(=O)[nH]c(N)nc32)[C@H](O)[C@@H]1O,False,C13H17N5O6,339.1179,24
CC(=O)OC[C@]1(C)O[C@@H](n2cnc3c(=O)[nH]c(N)nc32)[C@H](O)[C@@H]1O,False,C13H17N5O6,339.1179,24
CC(=O)OC[C@H]1O[C@@H](n2cnc3c(=O)[nH]c(N)nc32)[C@H](O)[C@@]1(C)O,False,C13H17N5O6,339.1179,24
CC(=O)OC[C@H]1O[C@@H](n2cnc3c(=O)[nH]c(N)nc32)[C@@](C)(O)[C@@H]1O,False,C13H17N5O6,339.1179,24
CC(=O)OC[C@H]1O[C@](C)(n2cnc3c(=O)[nH]c(N)nc32)[C@H](O)[C@@H]1O,False,C13H17N5O6,339.1179,24
CC(=O)OC[C@H]1O[C@@H](n2c(C)nc3c(=O)[nH]c(N)nc32)[C@H](O)[C@@H]1O,False,C13H17N5O6,339.1179,24
C[C@]1(OC=O)[C@@H](CO)O[C@@H](n2cnc3c(=O)[nH]c(N)nc32)[C@@H]1O,False,C12H15N5O6,325.1022,23
C[C@]1(O)[C@H](OC=O)[C@@H](CO)O[C@H]1n1cnc2c(=O)[nH]c(N)nc21,False,C12H15N5O6,325.1022,23
C[C@@]1(CO)O[C@@H](n2cnc3c(=O)[nH]c(N)nc32)[C@H](O)[C@@H]1OC=O,False,C12H15N5O6,325.1022,23
C[C@]1(n2cnc3c(=O)[nH]c(N)nc32)O[C@H](CO)[C@@H](OC=O)[C@H]1O,False,C12H15N5O6,325.1022,23
CC(O)[C@H]1O[C@@H](n2cnc3c(=O)[nH]c(N)nc32)[C@H](O)[C@@H]1OC=O,False,C12H15N5O6,325.1022,23
Cc1nc2c(=O)[nH]c(N)nc2n1[C@@H]1O[C@H](CO)[C@@H](OC=O)[C@H]1O,False,C12H15N5O6,325.1022,23
CC1=Nc2nc3c(ncn3[C@@H]3O[C@H](CO)[C@@H](O1)[C@H]3O)c(=O)[nH]2,False,C12H13N5O5,307.0917,22
Nc1nc2c(ncn2[C@@H]2O[C@H](CO)[C@H]3OC(O)CO[C@H]32)c(=O)[nH]1,False,C12H15N5O6,325.1022,23
Nc1nc2c(ncn2[C@@H]2O[C@@H]3COCC(O)O[C@H]3[C@H]2O)c(=O)[nH]1,False,C12H15N5O6,325.1022,23
CC(O)O[C@]12O[C@H]1[C@H](n1cnc3c(=O)[nH]c(N)nc31)O[C@@H]2CO,False,C12H15N5O6,325.1022,23
CC(O)O[C@@]12OC[C@H]1O[C@@H](n1cnc3c(=O)[nH]c(N)nc31)[C@@H]2O,False,C12H15N5O6,325.1022,23
CC(O)O[C@@H]1[C@H]2CO[C@@]1(O)[C@H](n1cnc3c(=O)[nH]c(N)nc31)O2,False,C12H15N5O6,325.1022,23
CC(O)O[C@H]1[C@H]2O[C@@]1(CO)O[C@H]2n1cnc2c(=O)[nH]c(N)nc21,False,C12H15N5O6,325.1022,23
CC(O)O[C@H]1[C@@H](O)[C@H](n2cnc3c(=O)[nH]c(N)nc32)O[C@@]12CO2,False,C12H15N5O6,325.1022,23
CC(O)O[C@H]1[C@H]2O[C@]2(n2cnc3c(=O)[nH]c(N)nc32)O[C@@H]1CO,False,C12H15N5O6,325.1022,23
CC(O)O[C@H]1[C@@H](O)[C@]2(n3cnc4c(=O)[nH]c(N)nc43)OC[C@H]1O2,False,C12H15N5O6,325.1022,23
CC(O)O[C@H]1[C@H]2OC(O)[C@H]1O[C@H]2n1cnc2c(=O)[nH]c(N)nc21,False,C12H15N5O6,325.1022,23
CC(O)O[C@H]1[C@H]2Oc3nc4c(=O)[nH]c(N)nc4n3[C@@H]2O[C@@H]1CO,False,C12H15N5O6,325.1022,23
CC(O)O[C@H]1[C@@H](O)[C@H]2O[C@@H]1COc1nc3c(=O)[nH]c(N)nc3n12,False,C12H15N5O6,325.1022,23
CC(O)O[C@H]1[C@@H](O)[C@H](n2cnc3c(=O)[nH]c(N)nc32)O[C@@H]1CO,False,C12H17N5O6,327.1179,23
CCO[C@H]1[C@@H](O)[C@H](n2cnc3c(=O)[nH]c(N)nc32)O[C@@H]1CO,False,C12H17N5O5,311.123,22
CCC(=O)O[C@H]1[C@@H](O)[C@H](n2cnc3c(=O)[nH]c(N)nc32)O[C@@H]1CO,False,C13H17N5O6,339.1179,24
CC(=O)O[C@@H]1[C@H](OC(C)=O)[C@@H](CO)O[C@H]1n1cnc2c(=O)[nH]c(N)nc21,False,C14H17N5O7,367.1128,26
Nc1nc2c(ncn2[C@@H]2O[C@H](CO)[C@@H](OC(=O)CC(=O)O)[C@H]2O)c(=O)[nH]1,False,C13H15N5O8,369.0921,26
CC(O)(C#N)O[C@H]1[C@@H](O)[C@H](n2cnc3c(=O)[nH]c(N)nc32)O[C@@H]1CO,False,C13H16N6O6,352.1131,25
CC(N)O[C@H]1[C@@H](O)[C@H](n2cnc3c(=O)[nH]c(N)nc32)O[C@@H]1CO,False,C12H18N6O5,326.1339,23
Nc1nc2c(ncn2[C@@H]2O[C@H](CO)[C@@H](OC(=O)CO)[C@H]2O)c(=O)[nH]1,False,C12H15N5O7,341.0971,24
COC(=O)O[C@H]1[C@@H](O)[C@H](n2cnc3c(=O)[nH]c(N)nc32)O[C@@H]1CO,False,C12H15N5O7,341.0971,24
Nc1nc2c(ncn2[C@@H]2O[C@H](CO)[C@@H](OC(O)CO)[C@H]2O)c(=O)[nH]1,False,C12H17N5O7,343.1128,24
CC(=O)O[C@H]1[C@@H](O)[C@H](n2cnc3c(=O)[nH]c(N)nc32)O[C@@H]1C,False,C12H15N5O5,309.1073,22
CC(=O)[C@H]1[C@@H](O)[C@H](n2cnc3c(=O)[nH]c(N)nc32)O[C@@H]1CO,False,C12H15N5O5,309.1073,22
CC(=O)O[C@H]1[C@@H](O)[C@H](n2cnc3c(=O)[nH]c(N)nc32)O[C@@H]1C(=O)O,False,C12H13N5O7,339.0815,24
CC(=O)O[C@H]1[C@@H](O)[C@H](n2cnc3c(=O)n(C(C)=O)c(N)nc32)O[C@@H]1CO,False,C14H17N5O7,367.1128,26
CC(=O)O[C@@]1(C)[C@@H](CO)O[C@@H](n2cnc3c(=O)[nH]c(N)nc32)[C@@H]1O,False,C13H17N5O6,339.1179,24
CC(=O)O[C@@H]1[C@@H](CO)O[C@@H](n2cnc3c(=O)[nH]c(N)nc32)[C@@]1(C)O,False,C13H17N5O6,339.1179,24
CC(=O)O[C@H]1[C@@H](O)[C@H](n2cnc3c(=O)[nH]c(N)nc32)O[C@@]1(C)CO,False,C13H17N5O6,339.1179,24
CC(=O)O[C@H]1[C@@H](O)[C@@](C)(n2cnc3c(=O)[nH]c(N)nc32)O[C@@H]1CO,False,C13H17N5O6,339.1179,24
CC(=O)O[C@H]1[C@@H](O)[C@H](n2cnc3c(=O)[nH]c(N)nc32)O[C@@H]1C(C)O,False,C13H17N5O6,339.1179,24
CC(=O)O[C@H]1[C@@H](O)[C@H](n2c(C)nc3c(=O)[nH]c(N)nc32)O[C@@H]1CO,False,C13H17N5O6,339.1179,24
C[C@]1(OC=O)[C@H](O)[C@@H](CO)O[C@H]1n1cnc2c(=O)[nH]c(N)nc21,False,C12H15N5O6,325.1022,23
C[C@]1(n2cnc3c(=O)[nH]c(N)nc32)O[C@H](CO)[C@@H](O)[C@H]1OC=O,False,C12H15N5O6,325.1022,23
C[C@]1(O)[C@@H](CO)O[C@@H](n2cnc3c(=O)[nH]c(N)nc32)[C@@H]1OC=O,False,C12H15N5O6,325.1022,23
C[C@@]1(CO)O[C@@H](n2cnc3c(=O)[nH]c(N)nc32)[C@H](OC=O)[C@@H]1O,False,C12H15N5O6,325.1022,23
Cc1nc2c(=O)[nH]c(N)nc2n1[C@@H]1O[C@H](CO)[C@@H](O)[C@H]1OC=O,False,C12H15N5O6,325.1022,23
CC(O)[C@H]1O[C@@H](n2cnc3c(=O)[nH]c(N)nc32)[C@H](OC=O)[C@@H]1O,False,C12H15N5O6,325.1022,23
CC1=Nc2nc3c(ncn3[C@@H]3O[C@H](CO)[C@@H](O)[C@H]3O1)c(=O)[nH]2,False,C12H13N5O5,307.0917,22
Nc1nc2c(ncn2[C@@H]2O[C@H](CO)[C@H]3OCC(O)O[C@H]32)c(=O)[nH]1,False,C12H15N5O6,325.1022,23
Nc1nc2c(ncn2[C@@H]2O[C@@H]3COCC(O)O[C@@H]2[C@@H]3O)c(=O)[nH]1,False,C12H15N5O6,325.1022,23
CC(O)O[C@@]12O[C@@H]1[C@@H](CO)O[C@H]2n1cnc2c(=O)[nH]c(N)nc21,False,C12H15N5O6,325.1022,23
CC(O)O[C@]12OC[C@@H](O[C@H]1n1cnc3c(=O)[nH]c(N)nc31)[C@H]2O,False,C12H15N5O6,325.1022,23
CC(O)O[C@@H]1[C@@H]2O[C@]1(n1cnc3c(=O)[nH]c(N)nc31)O[C@@H]2CO,False,C12H15N5O6,325.1022,23
CC(O)O[C@@H]1[C@H](O)[C@H]2CO[C@]1(n1cnc3c(=O)[nH]c(N)nc31)O2,False,C12H15N5O6,325.1022,23
CC(O)O[C@H]1[C@H](n2cnc3c(=O)[nH]c(N)nc32)O[C@@H]2CO[C@]21O,False,C12H15N5O6,325.1022,23
CC(O)O[C@H]1[C@H](n2cnc3c(=O)[nH]c(N)nc32)O[C@]2(CO)O[C@@H]12,False,C12H15N5O6,325.1022,23
CC(O)O[C@H]1[C@H](n2cnc3c(=O)[nH]c(N)nc32)O[C@@]2(CO2)[C@H]1O,False,C12H15N5O6,325.1022,23
CC(O)O[C@@H]1[C@@H]2Oc3nc4c(=O)[nH]c(N)nc4n3[C@@H]1O[C@@H]2CO,False,C12H15N5O6,325.1022,23
CC(O)O[C@@H]1[C@H](O)[C@H]2COc3nc4c(=O)[nH]c(N)nc4n3[C@@H]1O2,False,C12H15N5O6,325.1022,23
CC(O)O[C@@H]1[C@@H]2OC(O)[C@H]2O[C@H]1n1cnc2c(=O)[nH]c(N)nc21,False,C12H15N5O6,325.1022,23
CC(O)O[C@@H]1[C@H](O)[C@@H](CO)O[C@H]1n1cnc2c(=O)[nH]c(N)nc21,False,C12H17N5O6,327.1179,23
CCO[C@@H]1[C@H](O)[C@@H](CO)O[C@H]1n1cnc2c(=O)[nH]c(N)nc21,False,C12H17N5O5,311.123,22
CCC(=O)O[C@@H]1[C@H](O)[C@@H](CO)O[C@H]1n1cnc2c(=O)[nH]c(N)nc21,False,C13H17N5O6,339.1179,24
Nc1nc2c(ncn2[C@@H]2O[C@H](CO)[C@@H](O)[C@H]2OC(=O)CC(=O)O)c(=O)[nH]1,False,C13H15N5O8,369.0921,26
CC(O)(C#N)O[C@@H]1[C@H](O)[C@@H](CO)O[C@H]1n1cnc2c(=O)[nH]c(N)nc21,False,C13H16N6O6,352.1131,25
CC(N)O[C@@H]1[C@H](O)[C@@H](CO)O[C@H]1n1cnc2c(=O)[nH]c(N)nc21,False,C12H18N6O5,326.1339,23
Nc1nc2c(ncn2[C@@H]2O[C@H](CO)[C@@H](O)[C@H]2OC(=O)CO)c(=O)[nH]1,False,C12H15N5O7,341.0971,24
COC(=O)O[C@@H]1[C@H](O)[C@@H](CO)O[C@H]1n1cnc2c(=O)[nH]c(N)nc21,False,C12H15N5O7,341.0971,24
Nc1nc2c(ncn2[C@@H]2O[C@H](CO)[C@@H](O)[C@H]2OC(O)CO)c(=O)[nH]1,False,C12H17N5O7,343.1128,24
CC(=O)O[C@@H]1[C@H](O)[C@@H](C)O[C@H]1n1cnc2c(=O)[nH]c(N)nc21,False,C12H15N5O5,309.1073,22
CC(=O)[C@@H]1[C@H](O)[C@@H](CO)O[C@H]1n1cnc2c(=O)[nH]c(N)nc21,False,C12H15N5O5,309.1073,22
CC(=O)O[C@@H]1[C@H](O)[C@@H](C(=O)O)O[C@H]1n1cnc2c(=O)[nH]c(N)nc21,False,C12H13N5O7,339.0815,24
CC(=O)O[C@@H]1[C@H](O)[C@@H](CO)O[C@H]1n1cnc2c(=O)n(C(C)=O)c(N)nc21,False,C14H17N5O7,367.1128,26
CC(=O)O[C@@]1(C)[C@H](O)[C@@H](CO)O[C@H]1n1cnc2c(=O)[nH]c(N)nc21,False,C13H17N5O6,339.1179,24
CC(=O)O[C@@H]1[C@H](O)[C@@H](CO)O[C@]1(C)n1cnc2c(=O)[nH]c(N)nc21,False,C13H17N5O6,339.1179,24
CC(=O)O[C@H]1[C@H](n2cnc3c(=O)[nH]c(N)nc32)O[C@H](CO)[C@]1(C)O,False,C13H17N5O6,339.1179,24
CC(=O)O[C@H]1[C@H](n2cnc3c(=O)[nH]c(N)nc32)O[C@@](C)(CO)[C@H]1O,False,C13H17N5O6,339.1179,24
CC(=O)O[C@@H]1[C@H](O)[C@@H](CO)O[C@H]1n1c(C)nc2c(=O)[nH]c(N)nc21,False,C13H17N5O6,339.1179,24
CC(=O)O[C@@H]1[C@H](O)[C@@H](C(C)O)O[C@H]1n1cnc2c(=O)[nH]c(N)nc21,False,C13H17N5O6,339.1179,24
Nc1nc2c(ncn2[C@@H]2OC[C@@H](O)[C@H]2O)c(=O)[nH]1,False,C9H11N5O4,253.0811,18
O=c1[nH]c2nc3c1ncn3[C@@H]1O[C@H](C(O)=N2)[C@@H](O)[C@H]1O,False,C10H9N5O5,279.0604,20
Nc1nc2c(ncn2[C@@H]2O[C@]3(OC3O)[C@@H](O)[C@H]2O)c(=O)[nH]1,False,C10H11N5O6,297.0709,21
Nc1nc2c(ncn2[C@@H]2O[C@]3(C(O)O)O[C@H]3[C@H]2O)c(=O)[nH]1,False,C10H11N5O6,297.0709,21
Nc1nc2c(ncn2[C@@H]2O[C@]3(C(O)O)O[C@@H]2[C@@H]3O)c(=O)[nH]1,False,C10H11N5O6,297.0709,21
Nc1nc2c(ncn2[C@@H]2O[C@@H]3C(O)O[C@@]3(O)[C@H]2O)c(=O)[nH]1,False,C10H11N5O6,297.0709,21
Nc1nc2c(ncn2[C@@H]2O[C@H](C(O)O)[C@@]3(O)O[C@@H]23)c(=O)[nH]1,False,C10H11N5O6,297.0709,21
Nc1nc2c(ncn2[C@@H]2O[C@@H]3C(O)O[C@]2(O)[C@@H]3O)c(=O)[nH]1,False,C10H11N5O6,297.0709,21
Nc1nc2c(ncn2[C@@H]2O[C@H](C(O)O)[C@H]3O[C@]32O)c(=O)[nH]1,False,C10H11N5O6,297.0709,21
Nc1nc2c(ncn2[C@@]23OC(O)[C@@H](O2)[C@@H](O)[C@H]3O)c(=O)[nH]1,False,C10H11N5O6,297.0709,21
Nc1nc2c(ncn2[C@@]23O[C@H]([C@@H](C(O)O)O2)[C@H]3O)c(=O)[nH]1,False,C10H11N5O6,297.0709,21
Nc1nc2c(ncn2[C@@]23O[C@H](C(O)O)[C@@H](O)[C@H]2O3)c(=O)[nH]1,False,C10H11N5O6,297.0709,21
Nc1nc2c(nc3n2[C@@H]2O[C@H](C(O)O3)[C@@H](O)[C@H]2O)c(=O)[nH]1,False,C10H11N5O6,297.0709,21
Nc1nc2c(nc3n2[C@@H]2O[C@H](C(O)O)[C@@H](O3)[C@H]2O)c(=O)[nH]1,False,C10H11N5O6,297.0709,21
Nc1nc2c(nc3n2[C@@H]2O[C@H](C(O)O)[C@@H](O)[C@H]2O3)c(=O)[nH]1,False,C10H11N5O6,297.0709,21
Nc1nc2c(ncn2[C@@H]2O[C@H](C(O)O)[C@@H](O)[C@H]2O)c(=O)[nH]1,False,C10H13N5O6,299.0866,21
N#CC(O)(O)[C@H]1O[C@@H](n2cnc3c(=O)[nH]c(N)nc32)[C@H](O)[C@@H]1O,False,C11H12N6O6,324.0818,23
NC(=O)[C@H]1O[C@@H](n2cnc3c(=O)[nH]c(N)nc32)[C@H](O)[C@@H]1O,False,C10H12N6O5,296.0869,21
OCC1O[C@@H](n2cnc3c4nc(nc32)[nH]4)[C@H](O)[C@@H]1O,False,C10H11N5O4,265.0811,19
Nc1nc2c(ncn2[C@@H]2OC(COP(=O)(O)O)[C@@H](O)[C@H]2O)c(=O)[nH]1,False,C10H14N5O8P,363.058,24
Nc1nc2c(ncn2[C@@H]2OC(CO)[C@@H](OP(=O)(O)O)[C@H]2O)c(=O)[nH]1,False,C10H14N5O8P,363.058,24
Nc1nc2c(ncn2[C@@H]2OC(CO)[C@@H](O)[C@H]2OP(=O)(O)O)c(=O)[nH]1,False,C10H14N5O8P,363.058,24
Nc1nc2c(ncn2[C@@H]2OC(C=O)[C@@H](O)[C@H]2O)c(=O)[nH]1,False,C10H11N5O5,281.076,20
Nc1nc2c(ncn2[C@@H]2OC(CO)[C@@H](OS(=O)(=O)O)[C@H]2O)c(=O)[nH]1,False,C10H13N5O8S,363.0485,24
Nc1nc2c(ncn2[C@@H]2OC(CO)[C@@H](O)[C@H]2OS(=O)(=O)O)c(=O)[nH]1,False,C10H13N5O8S,363.0485,24
Nc1nc2c(ncn2[C@@H]2OC(COS(=O)(=O)O)[C@@H](O)[C@H]2O)c(=O)[nH]1,False,C10H13N5O8S,363.0485,24
COCC1O[C@@H](n2cnc3c(=O)[nH]c(N)nc32)[C@H](O)[C@@H]1O,False,C11H15N5O5,297.1073,21
CO[C@@H]1C(CO)O[C@@H](n2cnc3c(=O)[nH]c(N)nc32)[C@@H]1O,False,C11H15N5O5,297.1073,21
CO[C@@H]1[C@H](O)C(CO)O[C@H]1n1cnc2c(=O)[nH]c(N)nc21,False,C11H15N5O5,297.1073,21
C[n+]1cn([C@@H]2OC(CO)[C@@H](O)[C@H]2O)c2nc(N)[nH]c(=O)c21,False,C11H16N5O5+,298.1146,21
CC(=O)Nc1nc2c(ncn2[C@@H]2OC(CO)[C@@H](O)[C@H]2O)c(=O)[nH]1,False,C12H15N5O6,325.1022,23
CC(=O)OCC1O[C@@H](n2cnc3c(=O)[nH]c(N)nc32)[C@H](O)[C@@H]1O,False,C12H15N5O6,325.1022,23
CC(=O)O[C@@H]1C(CO)O[C@@H](n2cnc3c(=O)[nH]c(N)nc32)[C@@H]1O,False,C12H15N5O6,325.1022,23
CC(=O)O[C@@H]1[C@H](O)C(CO)O[C@H]1n1cnc2c(=O)[nH]c(N)nc21,False,C12H15N5O6,325.1022,23
CC1O[C@@H](n2cnc3c(=O)[nH]c(N)nc32)[C@H](O)[C@@H]1O,False,C10H13N5O4,267.0968,19
Nc1nc2c(ncn2[C@@H]2OC(C(=O)O)[C@@H](O)[C@H]2O)c(=O)[nH]1,False,C10H11N5O6,297.0709,21
OCC1O[C@H](n2cnc3c4nc(nc32)[nH]4)[C@H](O)[C@@H]1O,False,C10H11N5O4,265.0811,19
O=P(O)(O)OC[C@]1(n2cnc3c4nc(nc32)[nH]4)OC[C@@H](O)[C@H]1O,False,C10H12N5O7P,345.0474,23
O=P(O)(O)O[C@@H]1[C@H](O)CO[C@]1(CO)n1cnc2c3nc(nc21)[nH]3,False,C10H12N5O7P,345.0474,23
O=P(O)(O)O[C@@H]1CO[C@](CO)(n2cnc3c4nc(nc32)[nH]4)[C@@H]1O,False,C10H12N5O7P,345.0474,23
O=C[C@]1(n2cnc3c4nc(nc32)[nH]4)OC[C@@H](O)[C@H]1O,False,C10H9N5O4,263.0655,19
O=S(=O)(O)O[C@@H]1[C@H](O)CO[C@]1(CO)n1cnc2c3nc(nc21)[nH]3,False,C10H11N5O7S,345.0379,23
O=S(=O)(O)O[C@@H]1CO[C@](CO)(n2cnc3c4nc(nc32)[nH]4)[C@@H]1O,False,C10H11N5O7S,345.0379,23
O=S(=O)(O)OC[C@]1(n2cnc3c4nc(nc32)[nH]4)OC[C@@H](O)[C@H]1O,False,C10H11N5O7S,345.0379,23
COC[C@]1(n2cnc3c4nc(nc32)[nH]4)OC[C@@H](O)[C@H]1O,False,C11H13N5O4,279.0968,20
CO[C@@H]1[C@H](O)CO[C@]1(CO)n1cnc2c3nc(nc21)[nH]3,False,C11H13N5O4,279.0968,20
CO[C@@H]1CO[C@](CO)(n2cnc3c4nc(nc32)[nH]4)[C@@H]1O,False,C11H13N5O4,279.0968,20
CC(=O)OC[C@]1(n2cnc3c4nc(nc32)[nH]4)OC[C@@H](O)[C@H]1O,False,C12H13N5O5,307.0917,22
CC(=O)O[C@@H]1[C@H](O)CO[C@]1(CO)n1cnc2c3nc(nc21)[nH]3,False,C12H13N5O5,307.0917,22
CC(=O)O[C@@H]1CO[C@](CO)(n2cnc3c4nc(nc32)[nH]4)[C@@H]1O,False,C12H13N5O5,307.0917,22
C[C@]1(n2cnc3c4nc(nc32)[nH]4)OC[C@@H](O)[C@H]1O,False,C10H11N5O3,249.0862,18
O=C(O)[C@]1(n2cnc3c4nc(nc32)[nH]4)OC[C@@H](O)[C@H]1O,False,C10H9N5O5,279.0604,20
Nc1nc2c(ncn2[C@@]23COP(=O)(O)O[C@H](CO2)[C@H]3O)c(=O)[nH]1,False,C10H12N5O7P,345.0474,23
CO[C@@H]1[C@H](O)CO[C@]1(COP(=O)(O)O)n1cnc2c(=O)[nH]c(N)nc21,False,C11H16N5O8P,377.0736,25
CO[C@@H]1CO[C@](COP(=O)(O)O)(n2cnc3c(=O)[nH]c(N)nc32)[C@@H]1O,False,C11H16N5O8P,377.0736,25
Nc1nc2c(ncn2[C@H]2OC(CO)[C@@H](O)[C@H]2OP(=O)(O)O)c(=O)[nH]1,False,C10H14N5O8P,363.058,24
Nc1nc2c(ncn2[C@@]2(C=O)OC[C@@H](O)[C@H]2OP(=O)(O)O)c(=O)[nH]1,False,C10H12N5O8P,361.0423,24
COC[C@]1(n2cnc3c(=O)[nH]c(N)nc32)OC[C@@H](O)[C@H]1OP(=O)(O)O,False,C11H16N5O8P,377.0736,25
CO[C@@H]1CO[C@](CO)(n2cnc3c(=O)[nH]c(N)nc32)[C@@H]1OP(=O)(O)O,False,C11H16N5O8P,377.0736,25
C[C@]1(n2cnc3c(=O)[nH]c(N)nc32)OC[C@@H](O)[C@H]1OP(=O)(O)O,False,C10H14N5O7P,347.0631,23
Nc1nc2c(ncn2[C@H]2OC(CO)[C@@H](OP(=O)(O)O)[C@H]2O)c(=O)[nH]1,False,C10H14N5O8P,363.058,24
Nc1nc2c(ncn2[C@@]2(C=O)OC[C@@H](OP(=O)(O)O)[C@H]2O)c(=O)[nH]1,False,C10H12N5O8P,361.0423,24
COC[C@]1(n2cnc3c(=O)[nH]c(N)nc32)OC[C@@H](OP(=O)(O)O)[C@H]1O,False,C11H16N5O8P,377.0736,25
CO[C@@H]1[C@H](OP(=O)(O)O)CO[C@]1(CO)n1cnc2c(=O)[nH]c(N)nc21,False,C11H16N5O8P,377.0736,25
C[C@]1(n2cnc3c(=O)[nH]c(N)nc32)OC[C@@H](OP(=O)(O)O)[C@H]1O,False,C10H14N5O7P,347.0631,23
O=c1[nH]c2nc3c1ncn3[C@@]1(C=N2)OC[C@@H](O)[C@H]1O,False,C10H9N5O4,263.0655,19
Nc1nc2c(ncn2[C@@]2(CO)OC[C@H]3O[C@]32O)c(=O)[nH]1,False,C10H11N5O5,281.076,20
Nc1nc2c(nc3n2[C@@]2(CO)OC[C@@H](O)[C@H]2O3)c(=O)[nH]1,False,C10H11N5O5,281.076,20
Nc1nc2c(nc3n2[C@@]2(CO)OC[C@@H](O3)[C@H]2O)c(=O)[nH]1,False,C10H11N5O5,281.076,20
Nc1nc2c(ncn2[C@@]2(CO)OC[C@@]3(O)O[C@H]32)c(=O)[nH]1,False,C10H11N5O5,281.076,20
Nc1nc2c(ncn2[C@@]2(CO)OC3O[C@@H]2[C@@H]3O)c(=O)[nH]1,False,C10H11N5O5,281.076,20
Nc1nc2c(ncn2[C@@]2(CO)OC3O[C@H]3[C@H]2O)c(=O)[nH]1,False,C10H11N5O5,281.076,20
Nc1nc2c(ncn2[C@@]2(C=O)OC[C@@H](O)[C@H]2OS(=O)(=O)O)c(=O)[nH]1,False,C10H11N5O8S,361.0328,24
Nc1nc2c(ncn2[C@@]2(C=O)OC[C@@H](OS(=O)(=O)O)[C@H]2O)c(=O)[nH]1,False,C10H11N5O8S,361.0328,24
CO[C@@H]1[C@H](O)CO[C@]1(C=O)n1cnc2c(=O)[nH]c(N)nc21,False,C11H13N5O5,295.0917,21
CO[C@@H]1CO[C@](C=O)(n2cnc3c(=O)[nH]c(N)nc32)[C@@H]1O,False,C11H13N5O5,295.0917,21
CC(=O)Nc1nc2c(ncn2[C@@]2(C=O)OC[C@@H](O)[C@H]2O)c(=O)[nH]1,False,C12H13N5O6,323.0866,23
CC(=O)O[C@@H]1[C@H](O)CO[C@]1(C=O)n1cnc2c(=O)[nH]c(N)nc21,False,C12H13N5O6,323.0866,23
CC(=O)O[C@@H]1CO[C@](C=O)(n2cnc3c(=O)[nH]c(N)nc32)[C@@H]1O,False,C12H13N5O6,323.0866,23
N#CC(O)[C@]1(n2cnc3c(=O)[nH]c(N)nc32)OC[C@@H](O)[C@H]1O,False,C11H12N6O5,308.0869,22
Nc1nc2c(ncn2[C@H]2OC(CO)[C@@H](O)[C@H]2OS(=O)(=O)O)c(=O)[nH]1,False,C10H13N5O8S,363.0485,24
COC[C@]1(n2cnc3c(=O)[nH]c(N)nc32)OC[C@@H](O)[C@H]1OS(=O)(=O)O,False,C11H15N5O8S,377.0641,25
CO[C@@H]1CO[C@](CO)(n2cnc3c(=O)[nH]c(N)nc32)[C@@H]1OS(=O)(=O)O,False,C11H15N5O8S,377.0641,25
C[C@]1(n2cnc3c(=O)[nH]c(N)nc32)OC[C@@H](O)[C@H]1OS(=O)(=O)O,False,C10H13N5O7S,347.0536,23
Nc1nc2c(ncn2[C@H]2OC(CO)[C@@H](OS(=O)(=O)O)[C@H]2O)c(=O)[nH]1,False,C10H13N5O8S,363.0485,24
COC[C@]1(n2cnc3c(=O)[nH]c(N)nc32)OC[C@@H](OS(=O)(=O)O)[C@H]1O,False,C11H15N5O8S,377.0641,25
CO[C@@H]1[C@H](OS(=O)(=O)O)CO[C@]1(CO)n1cnc2c(=O)[nH]c(N)nc21,False,C11H15N5O8S,377.0641,25
C[C@]1(n2cnc3c(=O)[nH]c(N)nc32)OC[C@@H](OS(=O)(=O)O)[C@H]1O,False,C10H13N5O7S,347.0536,23
CO[C@@H]1[C@H](O)CO[C@]1(COS(=O)(=O)O)n1cnc2c(=O)[nH]c(N)nc21,False,C11H15N5O8S,377.0641,25
CO[C@@H]1CO[C@](COS(=O)(=O)O)(n2cnc3c(=O)[nH]c(N)nc32)[C@@H]1O,False,C11H15N5O8S,377.0641,25
COC[C@]1(n2cnc3c(=O)[nH]c(N)nc32)OC[C@@H](O)[C@H]1OC,False,C12H17N5O5,311.123,22
COC[C@]1(n2cnc3c(=O)[nH]c(N)nc32)OC[C@@H](OC)[C@H]1O,False,C12H17N5O5,311.123,22
COC[C@]1(n2cnc3c(=O)[nH]c(NC(C)=O)nc32)OC[C@@H](O)[C@H]1O,False,C13H17N5O6,339.1179,24
COC[C@]1(n2cnc3c(=O)[nH]c(N)nc32)OC[C@@H](O)[C@H]1OC(C)=O,False,C13H17N5O6,339.1179,24
COC[C@]1(n2cnc3c(=O)[nH]c(N)nc32)OC[C@@H](OC(C)=O)[C@H]1O,False,C13H17N5O6,339.1179,24
Nc1nc2c(ncn2[C@@]2(COC=O)OC[C@@H](O)[C@H]2O)c(=O)[nH]1,False,C11H13N5O6,311.0866,22
COC(=O)[C@]1(n2cnc3c(=O)[nH]c(N)nc32)OC[C@@H](O)[C@H]1O,False,C11H13N5O6,311.0866,22
CO[C@@H]1[C@H](O)C(CO)O[C@@H]1n1cnc2c(=O)[nH]c(N)nc21,False,C11H15N5O5,297.1073,21
CO[C@@H]1[C@H](OC)CO[C@]1(CO)n1cnc2c(=O)[nH]c(N)nc21,False,C12H17N5O5,311.123,22
CO[C@@H]1[C@H](O)CO[C@]1(CO)n1cnc2c(=O)[nH]c(NC(C)=O)nc21,False,C13H17N5O6,339.1179,24
CO[C@@H]1[C@H](O)CO[C@]1(COC(C)=O)n1cnc2c(=O)[nH]c(N)nc21,False,C13H17N5O6,339.1179,24
CO[C@@H]1[C@H](OC(C)=O)CO[C@]1(CO)n1cnc2c(=O)[nH]c(N)nc21,False,C13H17N5O6,339.1179,24
CO[C@@H]1[C@H](O)CO[C@]1(C)n1cnc2c(=O)[nH]c(N)nc21,False,C11H15N5O4,281.1124,20
Nc1nc2c(ncn2[C@@]2(CO)OC[C@@H](O)[C@H]2OC=O)c(=O)[nH]1,False,C11H13N5O6,311.0866,22
CO[C@@H]1[C@H](O)CO[C@]1(C(=O)O)n1cnc2c(=O)[nH]c(N)nc21,False,C11H13N5O6,311.0866,22
CO[C@@H]1C(CO)O[C@H](n2cnc3c(=O)[nH]c(N)nc32)[C@@H]1O,False,C11H15N5O5,297.1073,21
CO[C@@H]1CO[C@](CO)(n2cnc3c(=O)[nH]c(NC(C)=O)nc32)[C@@H]1O,False,C13H17N5O6,339.1179,24
CO[C@@H]1CO[C@](COC(C)=O)(n2cnc3c(=O)[nH]c(N)nc32)[C@@H]1O,False,C13H17N5O6,339.1179,24
CO[C@@H]1CO[C@](CO)(n2cnc3c(=O)[nH]c(N)nc32)[C@@H]1OC(C)=O,False,C13H17N5O6,339.1179,24
CO[C@@H]1CO[C@](C)(n2cnc3c(=O)[nH]c(N)nc32)[C@@H]1O,False,C11H15N5O4,281.1124,20
Nc1nc2c(ncn2[C@@]2(CO)OC[C@@H](OC=O)[C@H]2O)c(=O)[nH]1,False,C11H13N5O6,311.0866,22
CO[C@@H]1CO[C@](C(=O)O)(n2cnc3c(=O)[nH]c(N)nc32)[C@@H]1O,False,C11H13N5O6,311.0866,22
CC(=O)Nc1nc2c(ncn2[C@H]2OC(CO)[C@@H](O)[C@H]2O)c(=O)[nH]1,False,C12H15N5O6,325.1022,23
Cc1nc2c(=O)[nH]c(NC=O)nc2n1[C@@]1(CO)OC[C@@H](O)[C@H]1O,False,C12H15N5O6,325.1022,23
CC(O)[C@]1(n2cnc3c(=O)[nH]c(NC=O)nc32)OC[C@@H](O)[C@H]1O,False,C12H15N5O6,325.1022,23
C[C@]1(O)[C@H](O)CO[C@]1(CO)n1cnc2c(=O)[nH]c(NC=O)nc21,False,C12H15N5O6,325.1022,23
C[C@]1(O)CO[C@](CO)(n2cnc3c(=O)[nH]c(NC=O)nc32)[C@@H]1O,False,C12H15N5O6,325.1022,23
CC1O[C@](CO)(n2cnc3c(=O)[nH]c(NC=O)nc32)[C@H](O)[C@@H]1O,False,C12H15N5O6,325.1022,23
O=c1[nH]c2nc3c1ncn3[C@@]1(COCC(O)N2)OC[C@@H](O)[C@H]1O,False,C12H15N5O6,325.1022,23
O=c1[nH]c2nc3c1ncn3[C@@]1(CO)OC[C@@H](O)[C@H]1OCC(O)N2,False,C12H15N5O6,325.1022,23
O=c1[nH]c2nc3c1ncn3[C@@]1(CO)OC[C@@H](OCC(O)N2)[C@H]1O,False,C12H15N5O6,325.1022,23
CC(O)Nc1nc2c(nc3n2[C@@]2(CO3)OC[C@@H](O)[C@H]2O)c(=O)[nH]1,False,C12H15N5O6,325.1022,23
CC(O)Nc1nc2c(nc3n2[C@@]2(CO)OC[C@@H](O)[C@H]2O3)c(=O)[nH]1,False,C12H15N5O6,325.1022,23
CC(O)Nc1nc2c(nc3n2[C@@]2(CO)OC[C@@H](O3)[C@H]2O)c(=O)[nH]1,False,C12H15N5O6,325.1022,23
CC(O)Nc1nc2c(ncn2[C@@]23OC[C@@H](O)[C@H]2OC3O)c(=O)[nH]1,False,C12H15N5O6,325.1022,23
CC(O)Nc1nc2c(ncn2[C@]23OC[C@@H](OC2O)[C@H]3O)c(=O)[nH]1,False,C12H15N5O6,325.1022,23
CC(O)Nc1nc2c(ncn2[C@]23CO[C@]2(O)[C@H](O)CO3)c(=O)[nH]1,False,C12H15N5O6,325.1022,23
CC(O)Nc1nc2c(ncn2[C@@]2(CO)OC[C@H]3O[C@]32O)c(=O)[nH]1,False,C12H15N5O6,325.1022,23
CC(O)Nc1nc2c(ncn2[C@@]23CO[C@](O)(CO2)[C@H]3O)c(=O)[nH]1,False,C12H15N5O6,325.1022,23
CC(O)Nc1nc2c(ncn2[C@@]2(CO)OC[C@@]3(O)O[C@H]32)c(=O)[nH]1,False,C12H15N5O6,325.1022,23
CC(O)Nc1nc2c(ncn2[C@@]23COC(O2)[C@@H](O)[C@H]3O)c(=O)[nH]1,False,C12H15N5O6,325.1022,23
CC(O)Nc1nc2c(ncn2[C@@]2(CO)OC3O[C@@H]2[C@@H]3O)c(=O)[nH]1,False,C12H15N5O6,325.1022,23
CC(O)Nc1nc2c(ncn2[C@@]2(CO)OC3O[C@H]3[C@H]2O)c(=O)[nH]1,False,C12H15N5O6,325.1022,23
CC(O)Nc1nc2c(ncn2[C@@]2(CO)OC[C@@H](O)[C@H]2O)c(=O)[nH]1,False,C12H17N5O6,327.1179,23
CC(=O)N(C)c1nc2c(ncn2[C@@]2(CO)OC[C@@H](O)[C@H]2O)c(=O)[nH]1,False,C13H17N5O6,339.1179,24
CCC(=O)Nc1nc2c(ncn2[C@@]2(CO)OC[C@@H](O)[C@H]2O)c(=O)[nH]1,False,C13H17N5O6,339.1179,24
CC(=O)N(C(C)=O)c1nc2c(ncn2[C@@]2(CO)OC[C@@H](O)[C@H]2O)c(=O)[nH]1,False,C14H17N5O7,367.1128,26
CC(=O)Nc1nc2c(ncn2[C@@]2(COC(C)=O)OC[C@@H](O)[C@H]2O)c(=O)[nH]1,False,C14H17N5O7,367.1128,26
CC(=O)Nc1nc2c(ncn2[C@@]2(CO)OC[C@@H](O)[C@H]2OC(C)=O)c(=O)[nH]1,False,C14H17N5O7,367.1128,26
CC(=O)Nc1nc2c(ncn2[C@@]2(CO)OC[C@@H](OC(C)=O)[C@H]2O)c(=O)[nH]1,False,C14H17N5O7,367.1128,26
O=C(O)CC(=O)Nc1nc2c(ncn2[C@@]2(CO)OC[C@@H](O)[C@H]2O)c(=O)[nH]1,False,C13H15N5O8,369.0921,26
CC(O)(C#N)Nc1nc2c(ncn2[C@@]2(CO)OC[C@@H](O)[C@H]2O)c(=O)[nH]1,False,C13H16N6O6,352.1131,25
CC(N)Nc1nc2c(ncn2[C@@]2(CO)OC[C@@H](O)[C@H]2O)c(=O)[nH]1,False,C12H18N6O5,326.1339,23
CC(=O)N(C(N)=O)c1nc2c(ncn2[C@@]2(CO)OC[C@@H](O)[C@H]2O)c(=O)[nH]1,False,C13H16N6O7,368.108,26
O=C(CO)Nc1nc2c(ncn2[C@@]2(CO)OC[C@@H](O)[C@H]2O)c(=O)[nH]1,False,C12H15N5O7,341.0971,24
COC(=O)Nc1nc2c(ncn2[C@@]2(CO)OC[C@@H](O)[C@H]2O)c(=O)[nH]1,False,C12H15N5O7,341.0971,24
O=c1[nH]c(NC(O)CO)nc2c1ncn2[C@@]1(CO)OC[C@@H](O)[C@H]1O,False,C12H17N5O7,343.1128,24
CC(=O)Nc1nc2c(ncn2[C@@]2(C)OC[C@@H](O)[C@H]2O)c(=O)[nH]1,False,C12H15N5O5,309.1073,22
CC(=O)Nc1nc2c(ncn2[C@@]2(C(=O)O)OC[C@@H](O)[C@H]2O)c(=O)[nH]1,False,C12H13N5O7,339.0815,24
O=CNc1nc2c(ncn2[C@@]2(CO)OC[C@@H](O)[C@H]2O)c(=O)[nH]1,False,C11H13N5O6,311.0866,22
CC(=O)Nc1nc2c(nc(C)n2[C@@]2(CO)OC[C@@H](O)[C@H]2O)c(=O)[nH]1,False,C13H17N5O6,339.1179,24
CC(=O)Nc1nc2c(ncn2[C@@]2(C(C)O)OC[C@@H](O)[C@H]2O)c(=O)[nH]1,False,C13H17N5O6,339.1179,24
CC(=O)Nc1nc2c(ncn2[C@@]2(CO)OC[C@@H](O)[C@]2(C)O)c(=O)[nH]1,False,C13H17N5O6,339.1179,24
CC(=O)Nc1nc2c(ncn2[C@@]2(CO)OC[C@](C)(O)[C@H]2O)c(=O)[nH]1,False,C13H17N5O6,339.1179,24
CC(=O)Nc1nc2c(ncn2[C@@]2(CO)OC(C)[C@@H](O)[C@H]2O)c(=O)[nH]1,False,C13H17N5O6,339.1179,24
CC(OC=O)[C@]1(n2cnc3c(=O)[nH]c(N)nc32)OC[C@@H](O)[C@H]1O,False,C12H15N5O6,325.1022,23
C[C@]1(O)[C@H](O)CO[C@]1(COC=O)n1cnc2c(=O)[nH]c(N)nc21,False,C12H15N5O6,325.1022,23
Cc1nc2c(=O)[nH]c(N)nc2n1[C@@]1(COC=O)OC[C@@H](O)[C@H]1O,False,C12H15N5O6,325.1022,23
C[C@]1(O)CO[C@](COC=O)(n2cnc3c(=O)[nH]c(N)nc32)[C@@H]1O,False,C12H15N5O6,325.1022,23
CC1O[C@](COC=O)(n2cnc3c(=O)[nH]c(N)nc32)[C@H](O)[C@@H]1O,False,C12H15N5O6,325.1022,23
CC1=Nc2nc3c(ncn3[C@@]3(CO1)OC[C@@H](O)[C@H]3O)c(=O)[nH]2,False,C12H13N5O5,307.0917,22
Nc1nc2c(ncn2[C@]23COC(O)CO[C@@H]2[C@H](O)CO3)c(=O)[nH]1,False,C12H15N5O6,325.1022,23
Nc1nc2c(ncn2[C@@]23COC(O)CO[C@H](CO2)[C@H]3O)c(=O)[nH]1,False,C12H15N5O6,325.1022,23
CC(O)OC1O[C@@H]2[C@H](O)CO[C@@]12n1cnc2c(=O)[nH]c(N)nc21,False,C12H15N5O6,325.1022,23
CC(O)OC1O[C@@H]2CO[C@]1(n1cnc3c(=O)[nH]c(N)nc31)[C@@H]2O,False,C12H15N5O6,325.1022,23
CC(O)OC[C@]1(n2cnc3c(=O)[nH]c(N)nc32)OC[C@H]2O[C@]21O,False,C12H15N5O6,325.1022,23
CC(O)OC[C@]12OC[C@@H](O)[C@H]1Oc1nc3c(=O)[nH]c(N)nc3n12,False,C12H15N5O6,325.1022,23
CC(O)OC[C@@]12OC[C@@H](Oc3nc4c(=O)[nH]c(N)nc4n31)[C@H]2O,False,C12H15N5O6,325.1022,23
CC(O)OC[C@]1(n2cnc3c(=O)[nH]c(N)nc32)OC[C@@]2(O)O[C@H]21,False,C12H15N5O6,325.1022,23
CC(O)OC[C@]1(n2cnc3c(=O)[nH]c(N)nc32)OC2O[C@@H]1[C@@H]2O,False,C12H15N5O6,325.1022,23
CC(O)OC[C@]1(n2cnc3c(=O)[nH]c(N)nc32)OC2O[C@H]2[C@H]1O,False,C12H15N5O6,325.1022,23
CC(O)OC[C@]1(n2cnc3c(=O)[nH]c(N)nc32)OC[C@@H](O)[C@H]1O,False,C12H17N5O6,327.1179,23
CCOC[C@]1(n2cnc3c(=O)[nH]c(N)nc32)OC[C@@H](O)[C@H]1O,False,C12H17N5O5,311.123,22
CCC(=O)OC[C@]1(n2cnc3c(=O)[nH]c(N)nc32)OC[C@@H](O)[C@H]1O,False,C13H17N5O6,339.1179,24
CC(=O)OC[C@]1(n2cnc3c(=O)[nH]c(N)nc32)OC[C@@H](O)[C@H]1OC(C)=O,False,C14H17N5O7,367.1128,26
CC(=O)OC[C@]1(n2cnc3c(=O)[nH]c(N)nc32)OC[C@@H](OC(C)=O)[C@H]1O,False,C14H17N5O7,367.1128,26
Nc1nc2c(ncn2[C@@]2(COC(=O)CC(=O)O)OC[C@@H](O)[C@H]2O)c(=O)[nH]1,False,C13H15N5O8,369.0921,26
CC(O)(C#N)OC[C@]1(n2cnc3c(=O)[nH]c(N)nc32)OC[C@@H](O)[C@H]1O,False,C13H16N6O6,352.1131,25
CC(N)OC[C@]1(n2cnc3c(=O)[nH]c(N)nc32)OC[C@@H](O)[C@H]1O,False,C12H18N6O5,326.1339,23
Nc1nc2c(ncn2[C@@]2(COC(=O)CO)OC[C@@H](O)[C@H]2O)c(=O)[nH]1,False,C12H15N5O7,341.0971,24
COC(=O)OC[C@]1(n2cnc3c(=O)[nH]c(N)nc32)OC[C@@H](O)[C@H]1O,False,C12H15N5O7,341.0971,24
Nc1nc2c(ncn2[C@@]2(COC(O)CO)OC[C@@H](O)[C@H]2O)c(=O)[nH]1,False,C12H17N5O7,343.1128,24
CC(=O)C[C@]1(n2cnc3c(=O)[nH]c(N)nc32)OC[C@@H](O)[C@H]1O,False,C12H15N5O5,309.1073,22
CC(=O)OC(=O)[C@]1(n2cnc3c(=O)[nH]c(N)nc32)OC[C@@H](O)[C@H]1O,False,C12H13N5O7,339.0815,24
CC(=O)OC[C@]1(n2cnc3c(=O)n(C(C)=O)c(N)nc32)OC[C@@H](O)[C@H]1O,False,C14H17N5O7,367.1128,26
CC(=O)OC(C)[C@]1(n2cnc3c(=O)[nH]c(N)nc32)OC[C@@H](O)[C@H]1O,False,C13H17N5O6,339.1179,24
CC(=O)OC[C@]1(n2cnc3c(=O)[nH]c(N)nc32)OC[C@@H](O)[C@]1(C)O,False,C13H17N5O6,339.1179,24
CC(=O)OC[C@]1(n2c(C)nc3c(=O)[nH]c(N)nc32)OC[C@@H](O)[C@H]1O,False,C13H17N5O6,339.1179,24
CC(=O)OC[C@]1(n2cnc3c(=O)[nH]c(N)nc32)OC[C@](C)(O)[C@H]1O,False,C13H17N5O6,339.1179,24
CC(=O)OC[C@]1(n2cnc3c(=O)[nH]c(N)nc32)OC(C)[C@@H](O)[C@H]1O,False,C13H17N5O6,339.1179,24
CC(=O)O[C@@H]1[C@H](O)C(CO)O[C@@H]1n1cnc2c(=O)[nH]c(N)nc21,False,C12H15N5O6,325.1022,23
C[C@]1(OC=O)[C@H](O)CO[C@]1(CO)n1cnc2c(=O)[nH]c(N)nc21,False,C12H15N5O6,325.1022,23
C[C@]1(O)CO[C@](CO)(n2cnc3c(=O)[nH]c(N)nc32)[C@@H]1OC=O,False,C12H15N5O6,325.1022,23
CC(O)[C@]1(n2cnc3c(=O)[nH]c(N)nc32)OC[C@@H](O)[C@H]1OC=O,False,C12H15N5O6,325.1022,23
CC1O[C@](CO)(n2cnc3c(=O)[nH]c(N)nc32)[C@H](OC=O)[C@@H]1O,False,C12H15N5O6,325.1022,23
Cc1nc2c(=O)[nH]c(N)nc2n1[C@@]1(CO)OC[C@@H](O)[C@H]1OC=O,False,C12H15N5O6,325.1022,23
CC1=Nc2nc3c(ncn3[C@@]3(CO)OC[C@@H](O)[C@H]3O1)c(=O)[nH]2,False,C12H13N5O5,307.0917,22
Nc1nc2c(ncn2[C@@]2(CO)OC[C@H]3OCC(O)O[C@H]32)c(=O)[nH]1,False,C12H15N5O6,325.1022,23
Nc1nc2c(ncn2[C@]23COCC(O)O[C@@H]2[C@H](O)CO3)c(=O)[nH]1,False,C12H15N5O6,325.1022,23
CC(O)O[C@@]12O[C@@H]1CO[C@]2(CO)n1cnc2c(=O)[nH]c(N)nc21,False,C12H15N5O6,325.1022,23
CC(O)O[C@]12OC[C@]1(n1cnc3c(=O)[nH]c(N)nc31)OC[C@H]2O,False,C12H15N5O6,325.1022,23
CC(O)O[C@@H]1[C@@]2(O)CO[C@@]1(n1cnc3c(=O)[nH]c(N)nc31)CO2,False,C12H15N5O6,325.1022,23
CC(O)O[C@@H]1[C@H]2CO[C@@]1(n1cnc3c(=O)[nH]c(N)nc31)C(O)O2,False,C12H15N5O6,325.1022,23
CC(O)O[C@@H]1[C@@H]2OC2O[C@]1(CO)n1cnc2c(=O)[nH]c(N)nc21,False,C12H15N5O6,325.1022,23
CC(O)O[C@@H]1[C@H](O)C2OC[C@]1(n1cnc3c(=O)[nH]c(N)nc31)O2,False,C12H15N5O6,325.1022,23
CC(O)O[C@@H]1[C@H]2CO[C@]1(CO)n1c(nc3c(=O)[nH]c(N)nc31)O2,False,C12H15N5O6,325.1022,23
CC(O)O[C@@H]1[C@H](O)CO[C@@]12COc1nc3c(=O)[nH]c(N)nc3n12,False,C12H15N5O6,325.1022,23
CC(O)O[C@@H]1[C@H](O)CO[C@]1(CO)n1cnc2c(=O)[nH]c(N)nc21,False,C12H17N5O6,327.1179,23
CCO[C@@H]1[C@H](O)CO[C@]1(CO)n1cnc2c(=O)[nH]c(N)nc21,False,C12H17N5O5,311.123,22
CCC(=O)O[C@@H]1[C@H](O)CO[C@]1(CO)n1cnc2c(=O)[nH]c(N)nc21,False,C13H17N5O6,339.1179,24
CC(=O)O[C@@H]1[C@H](OC(C)=O)CO[C@]1(CO)n1cnc2c(=O)[nH]c(N)nc21,False,C14H17N5O7,367.1128,26
Nc1nc2c(ncn2[C@@]2(CO)OC[C@@H](O)[C@H]2OC(=O)CC(=O)O)c(=O)[nH]1,False,C13H15N5O8,369.0921,26
CC(O)(C#N)O[C@@H]1[C@H](O)CO[C@]1(CO)n1cnc2c(=O)[nH]c(N)nc21,False,C13H16N6O6,352.1131,25
CC(N)O[C@@H]1[C@H](O)CO[C@]1(CO)n1cnc2c(=O)[nH]c(N)nc21,False,C12H18N6O5,326.1339,23
Nc1nc2c(ncn2[C@@]2(CO)OC[C@@H](O)[C@H]2OC(=O)CO)c(=O)[nH]1,False,C12H15N5O7,341.0971,24
COC(=O)O[C@@H]1[C@H](O)CO[C@]1(CO)n1cnc2c(=O)[nH]c(N)nc21,False,C12H15N5O7,341.0971,24
Nc1nc2c(ncn2[C@@]2(CO)OC[C@@H](O)[C@H]2OC(O)CO)c(=O)[nH]1,False,C12H17N5O7,343.1128,24
CC(=O)O[C@@H]1[C@H](O)CO[C@]1(C)n1cnc2c(=O)[nH]c(N)nc21,False,C12H15N5O5,309.1073,22
CC(=O)[C@@H]1[C@H](O)CO[C@]1(CO)n1cnc2c(=O)[nH]c(N)nc21,False,C12H15N5O5,309.1073,22
CC(=O)O[C@@H]1[C@H](O)CO[C@]1(C(=O)O)n1cnc2c(=O)[nH]c(N)nc21,False,C12H13N5O7,339.0815,24
CC(=O)O[C@@H]1[C@H](O)CO[C@]1(CO)n1cnc2c(=O)n(C(C)=O)c(N)nc21,False,C14H17N5O7,367.1128,26
CC(=O)O[C@@]1(C)[C@H](O)CO[C@]1(CO)n1cnc2c(=O)[nH]c(N)nc21,False,C13H17N5O6,339.1179,24
CC(=O)O[C@@H]1[C@@](C)(O)CO[C@]1(CO)n1cnc2c(=O)[nH]c(N)nc21,False,C13H17N5O6,339.1179,24
CC(=O)O[C@@H]1[C@H](O)CO[C@]1(C(C)O)n1cnc2c(=O)[nH]c(N)nc21,False,C13H17N5O6,339.1179,24
CC(=O)O[C@@H]1[C@H](O)C(C)O[C@]1(CO)n1cnc2c(=O)[nH]c(N)nc21,False,C13H17N5O6,339.1179,24
CC(=O)O[C@@H]1[C@H](O)CO[C@]1(CO)n1c(C)nc2c(=O)[nH]c(N)nc21,False,C13H17N5O6,339.1179,24
CC(=O)O[C@@H]1C(CO)O[C@H](n2cnc3c(=O)[nH]c(N)nc32)[C@@H]1O,False,C12H15N5O6,325.1022,23
C[C@]1(OC=O)CO[C@](CO)(n2cnc3c(=O)[nH]c(N)nc32)[C@@H]1O,False,C12H15N5O6,325.1022,23
C[C@]1(O)[C@H](OC=O)CO[C@]1(CO)n1cnc2c(=O)[nH]c(N)nc21,False,C12H15N5O6,325.1022,23
CC1O[C@](CO)(n2cnc3c(=O)[nH]c(N)nc32)[C@H](O)[C@@H]1OC=O,False,C12H15N5O6,325.1022,23
CC(O)[C@]1(n2cnc3c(=O)[nH]c(N)nc32)OC[C@@H](OC=O)[C@H]1O,False,C12H15N5O6,325.1022,23
Cc1nc2c(=O)[nH]c(N)nc2n1[C@@]1(CO)OC[C@@H](OC=O)[C@H]1O,False,C12H15N5O6,325.1022,23
CC1=Nc2nc3c(ncn3[C@@]3(CO)OC[C@@H](O1)[C@H]3O)c(=O)[nH]2,False,C12H13N5O5,307.0917,22
Nc1nc2c(ncn2[C@@]2(CO)OC[C@H]3OC(O)CO[C@H]32)c(=O)[nH]1,False,C12H15N5O6,325.1022,23
Nc1nc2c(ncn2[C@@]23COCC(O)O[C@H](CO2)[C@H]3O)c(=O)[nH]1,False,C12H15N5O6,325.1022,23
CC(O)O[C@@]12CO[C@](CO)(n3cnc4c(=O)[nH]c(N)nc43)[C@@H]1O2,False,C12H15N5O6,325.1022,23
CC(O)O[C@]12CO[C@@](n3cnc4c(=O)[nH]c(N)nc43)(CO1)[C@@H]2O,False,C12H15N5O6,325.1022,23
CC(O)O[C@@H]1CO[C@@]2(n3cnc4c(=O)[nH]c(N)nc43)CO[C@]12O,False,C12H15N5O6,325.1022,23
CC(O)O[C@@H]1C2O[C@H]1[C@@](CO)(n1cnc3c(=O)[nH]c(N)nc31)O2,False,C12H15N5O6,325.1022,23
CC(O)O[C@@H]1C2OC[C@](n3cnc4c(=O)[nH]c(N)nc43)(O2)[C@@H]1O,False,C12H15N5O6,325.1022,23
CC(O)O[C@@H]1CO[C@@]2(n3cnc4c(=O)[nH]c(N)nc43)C(O)O[C@H]12,False,C12H15N5O6,325.1022,23
CC(O)O[C@@H]1CO[C@@]2(CO)[C@@H]1Oc1nc3c(=O)[nH]c(N)nc3n12,False,C12H15N5O6,325.1022,23
CC(O)O[C@@H]1CO[C@@]2(COc3nc4c(=O)[nH]c(N)nc4n32)[C@@H]1O,False,C12H15N5O6,325.1022,23
CC(O)O[C@@H]1CO[C@](CO)(n2cnc3c(=O)[nH]c(N)nc32)[C@@H]1O,False,C12H17N5O6,327.1179,23
CCO[C@@H]1CO[C@](CO)(n2cnc3c(=O)[nH]c(N)nc32)[C@@H]1O,False,C12H17N5O5,311.123,22
CCC(=O)O[C@@H]1CO[C@](CO)(n2cnc3c(=O)[nH]c(N)nc32)[C@@H]1O,False,C13H17N5O6,339.1179,24
Nc1nc2c(ncn2[C@@]2(CO)OC[C@@H](OC(=O)CC(=O)O)[C@H]2O)c(=O)[nH]1,False,C13H15N5O8,369.0921,26
CC(O)(C#N)O[C@@H]1CO[C@](CO)(n2cnc3c(=O)[nH]c(N)nc32)[C@@H]1O,False,C13H16N6O6,352.1131,25
CC(N)O[C@@H]1CO[C@](CO)(n2cnc3c(=O)[nH]c(N)nc32)[C@@H]1O,False,C12H18N6O5,326.1339,23
Nc1nc2c(ncn2[C@@]2(CO)OC[C@@H](OC(=O)CO)[C@H]2O)c(=O)[nH]1,False,C12H15N5O7,341.0971,24
COC(=O)O[C@@H]1CO[C@](CO)(n2cnc3c(=O)[nH]c(N)nc32)[C@@H]1O,False,C12H15N5O7,341.0971,24
Nc1nc2c(ncn2[C@@]2(CO)OC[C@@H](OC(O)CO)[C@H]2O)c(=O)[nH]1,False,C12H17N5O7,343.1128,24
CC(=O)O[C@@H]1CO[C@](C)(n2cnc3c(=O)[nH]c(N)nc32)[C@@H]1O,False,C12H15N5O5,309.1073,22
CC(=O)[C@@H]1CO[C@](CO)(n2cnc3c(=O)[nH]c(N)nc32)[C@@H]1O,False,C12H15N5O5,309.1073,22
CC(=O)O[C@@H]1CO[C@](C(=O)O)(n2cnc3c(=O)[nH]c(N)nc32)[C@@H]1O,False,C12H13N5O7,339.0815,24
CC(=O)O[C@@H]1CO[C@](CO)(n2cnc3c(=O)n(C(C)=O)c(N)nc32)[C@@H]1O,False,C14H17N5O7,367.1128,26
CC(=O)O[C@@]1(C)CO[C@](CO)(n2cnc3c(=O)[nH]c(N)nc32)[C@@H]1O,False,C13H17N5O6,339.1179,24
CC(=O)O[C@@H]1CO[C@](CO)(n2cnc3c(=O)[nH]c(N)nc32)[C@@]1(C)O,False,C13H17N5O6,339.1179,24
CC(=O)O[C@@H]1C(C)O[C@](CO)(n2cnc3c(=O)[nH]c(N)nc32)[C@@H]1O,False,C13H17N5O6,339.1179,24
CC(=O)O[C@@H]1CO[C@](C(C)O)(n2cnc3c(=O)[nH]c(N)nc32)[C@@H]1O,False,C13H17N5O6,339.1179,24
CC(=O)O[C@@H]1CO[C@](CO)(n2c(C)nc3c(=O)[nH]c(N)nc32)[C@@H]1O,False,C13H17N5O6,339.1179,24
O=c1[nH]c2nc3c1ncn3[C@]1(OC[C@@H](O)[C@H]1O)C(O)=N2,False,C10H9N5O5,279.0604,20
Nc1nc2c(ncn2[C@@]23OC[C@@H](O)[C@@]2(O)OC3O)c(=O)[nH]1,False,C10H11N5O6,297.0709,21
Nc1nc2c(ncn2[C@@]2(C(O)O)OC[C@H]3O[C@]32O)c(=O)[nH]1,False,C10H11N5O6,297.0709,21
Nc1nc2c(nc3n2[C@]2(OC[C@@H](O)[C@H]2O)C(O)O3)c(=O)[nH]1,False,C10H11N5O6,297.0709,21
Nc1nc2c(nc3n2[C@@]2(C(O)O)OC[C@@H](O)[C@H]2O3)c(=O)[nH]1,False,C10H11N5O6,297.0709,21
Nc1nc2c(nc3n2[C@@]2(C(O)O)OC[C@@H](O3)[C@H]2O)c(=O)[nH]1,False,C10H11N5O6,297.0709,21
Nc1nc2c(ncn2[C@]23OC[C@@](O)(OC2O)[C@H]3O)c(=O)[nH]1,False,C10H11N5O6,297.0709,21
Nc1nc2c(ncn2[C@@]2(C(O)O)OC[C@@]3(O)O[C@H]32)c(=O)[nH]1,False,C10H11N5O6,297.0709,21
Nc1nc2c(ncn2[C@]23OC(OC2O)[C@@H](O)[C@H]3O)c(=O)[nH]1,False,C10H11N5O6,297.0709,21
Nc1nc2c(ncn2[C@@]2(C(O)O)OC3O[C@@H]2[C@@H]3O)c(=O)[nH]1,False,C10H11N5O6,297.0709,21
Nc1nc2c(ncn2[C@@]2(C(O)O)OC3O[C@H]3[C@H]2O)c(=O)[nH]1,False,C10H11N5O6,297.0709,21
Nc1nc2c(ncn2[C@@]2(C(O)O)OC[C@@H](O)[C@H]2O)c(=O)[nH]1,False,C10H13N5O6,299.0866,21
N#CC(O)(O)[C@]1(n2cnc3c(=O)[nH]c(N)nc32)OC[C@@H](O)[C@H]1O,False,C11H12N6O6,324.0818,23
NC(=O)[C@]1(n2cnc3c(=O)[nH]c(N)nc32)OC[C@@H](O)[C@H]1O,False,C10H12N6O5,296.0869,21
O=P(O)(O)OC[C@]1(O)CO[C@@H](n2cnc3c4nc(nc32)[nH]4)[C@@H]1O,False,C10H12N5O7P,345.0474,23
O=P(O)(O)OC[C@]1(O)[C@H](O)CO[C@H]1n1cnc2c3nc(nc21)[nH]3,False,C10H12N5O7P,345.0474,23
O=P(O)(O)OCc1nc2c3nc(nc2n1[C@@H]1OC[C@@H](O)[C@H]1O)[nH]3,False,C10H12N5O7P,345.0474,23
O=P1(O)OC[C@H]2O[C@@H](n3cnc4c5nc(nc43)[nH]5)[C@H](O)[C@@H]2O1,False,C10H10N5O6P,327.0369,22
O=P1(O)OC[C@H]2O[C@@H](n3cnc4c5nc(nc43)[nH]5)[C@H](O1)[C@@H]2O,False,C10H10N5O6P,327.0369,22
CO[C@H]1[C@@H](O)[C@H](n2cnc3c4nc(nc32)[nH]4)O[C@@H]1COP(=O)(O)O,False,C11H14N5O7P,359.0631,24
CO[C@@H]1[C@H](O)[C@@H](COP(=O)(O)O)O[C@H]1n1cnc2c3nc(nc21)[nH]3,False,C11H14N5O7P,359.0631,24
CC(=O)O[C@H]1[C@@H](O)[C@H](n2cnc3c4nc(nc32)[nH]4)O[C@@H]1COP(=O)(O)O,False,C12H14N5O8P,387.058,26
CC(=O)O[C@@H]1[C@H](O)[C@@H](COP(=O)(O)O)O[C@H]1n1cnc2c3nc(nc21)[nH]3,False,C12H14N5O8P,387.058,26
O=C(OP(=O)(O)O)[C@H]1O[C@@H](n2cnc3c4nc(nc32)[nH]4)[C@H](O)[C@@H]1O,False,C10H10N5O8P,359.0267,24
O=P1(O)O[C@@H]2[C@H](O1)[C@@H](CO)O[C@H]2n1cnc2c3nc(nc21)[nH]3,False,C10H10N5O6P,327.0369,22
O=C[C@H]1O[C@@H](n2cnc3c4nc(nc32)[nH]4)[C@H](OP(=O)(O)O)[C@@H]1O,False,C10H10N5O7P,343.0318,23
COC[C@H]1O[C@@H](n2cnc3c4nc(nc32)[nH]4)[C@H](OP(=O)(O)O)[C@@H]1O,False,C11H14N5O7P,359.0631,24
CO[C@H]1[C@@H](OP(=O)(O)O)[C@H](n2cnc3c4nc(nc32)[nH]4)O[C@@H]1CO,False,C11H14N5O7P,359.0631,24
CC(=O)OC[C@H]1O[C@@H](n2cnc3c4nc(nc32)[nH]4)[C@H](OP(=O)(O)O)[C@@H]1O,False,C12H14N5O8P,387.058,26
CC(=O)O[C@H]1[C@@H](OP(=O)(O)O)[C@H](n2cnc3c4nc(nc32)[nH]4)O[C@@H]1CO,False,C12H14N5O8P,387.058,26
C[C@H]1O[C@@H](n2cnc3c4nc(nc32)[nH]4)[C@H](OP(=O)(O)O)[C@@H]1O,False,C10H12N5O6P,329.0525,22
O=C(O)[C@H]1O[C@@H](n2cnc3c4nc(nc32)[nH]4)[C@H](OP(=O)(O)O)[C@@H]1O,False,C10H10N5O8P,359.0267,24
O=C[C@H]1O[C@@H](n2cnc3c4nc(nc32)[nH]4)[C@H](O)[C@@H]1OP(=O)(O)O,False,C10H10N5O7P,343.0318,23
COC[C@H]1O[C@@H](n2cnc3c4nc(nc32)[nH]4)[C@H](O)[C@@H]1OP(=O)(O)O,False,C11H14N5O7P,359.0631,24
CO[C@@H]1[C@H](OP(=O)(O)O)[C@@H](CO)O[C@H]1n1cnc2c3nc(nc21)[nH]3,False,C11H14N5O7P,359.0631,24
CC(=O)OC[C@H]1O[C@@H](n2cnc3c4nc(nc32)[nH]4)[C@H](O)[C@@H]1OP(=O)(O)O,False,C12H14N5O8P,387.058,26
CC(=O)O[C@@H]1[C@H](OP(=O)(O)O)[C@@H](CO)O[C@H]1n1cnc2c3nc(nc21)[nH]3,False,C12H14N5O8P,387.058,26
C[C@H]1O[C@@H](n2cnc3c4nc(nc32)[nH]4)[C@H](O)[C@@H]1OP(=O)(O)O,False,C10H12N5O6P,329.0525,22
O=C(O)[C@H]1O[C@@H](n2cnc3c4nc(nc32)[nH]4)[C@H](O)[C@@H]1OP(=O)(O)O,False,C10H10N5O8P,359.0267,24
OC[C@]12O[C@@H](n3cnc4c5nc(nc43)[nH]5)[C@H](O)[C@@H]1O2,False,C10H9N5O4,263.0655,19
OC[C@]12O[C@@H]([C@H](n3cnc4c5nc(nc43)[nH]5)O1)[C@@H]2O,False,C10H9N5O4,263.0655,19
OC[C@H]1O[C@@H](n2cnc3c4nc(nc32)[nH]4)[C@@H]2O[C@]12O,False,C10H9N5O4,263.0655,19
OC[C@H]1O[C@@]2(n3cnc4c5nc(nc43)[nH]5)O[C@H]1[C@H]2O,False,C10H9N5O4,263.0655,19
OC[C@H]1O[C@@]2(n3cnc4c5nc(nc43)[nH]5)O[C@@H]2[C@@H]1O,False,C10H9N5O4,263.0655,19
OC[C@H]1O[C@@H](n2cnc3c4nc(nc32)[nH]4)[C@]2(O)O[C@H]12,False,C10H9N5O4,263.0655,19
OC[C@H]1O[C@@H]2[C@H](O)[C@@H]1Oc1nc3c4nc(nc3n12)[nH]4,False,C10H9N5O4,263.0655,19
OC[C@H]1O[C@@H]2[C@H](Oc3nc4c5nc(nc4n32)[nH]5)[C@@H]1O,False,C10H9N5O4,263.0655,19
O=C[C@H]1O[C@@H](n2cnc3c4nc(nc32)[nH]4)[C@H](O)[C@@H]1OS(=O)(=O)O,False,C10H9N5O7S,343.0223,23
O=C[C@H]1O[C@@H](n2cnc3c4nc(nc32)[nH]4)[C@H](OS(=O)(=O)O)[C@@H]1O,False,C10H9N5O7S,343.0223,23
CO[C@H]1[C@@H](O)[C@H](n2cnc3c4nc(nc32)[nH]4)O[C@@H]1C=O,False,C11H11N5O4,277.0811,20
CO[C@@H]1[C@H](O)[C@@H](C=O)O[C@H]1n1cnc2c3nc(nc21)[nH]3,False,C11H11N5O4,277.0811,20
CC(=O)O[C@H]1[C@@H](O)[C@H](n2cnc3c4nc(nc32)[nH]4)O[C@@H]1C=O,False,C12H11N5O5,305.076,22
CC(=O)O[C@@H]1[C@H](O)[C@@H](C=O)O[C@H]1n1cnc2c3nc(nc21)[nH]3,False,C12H11N5O5,305.076,22
N#CC(O)[C@H]1O[C@@H](n2cnc3c4nc(nc32)[nH]4)[C@H](O)[C@@H]1O,False,C11H10N6O4,290.0764,21
COC[C@H]1O[C@@H](n2cnc3c4nc(nc32)[nH]4)[C@H](OS(=O)(=O)O)[C@@H]1O,False,C11H13N5O7S,359.0536,24
CO[C@H]1[C@@H](OS(=O)(=O)O)[C@H](n2cnc3c4nc(nc32)[nH]4)O[C@@H]1CO,False,C11H13N5O7S,359.0536,24
CC(=O)OC[C@H]1O[C@@H](n2cnc3c4nc(nc32)[nH]4)[C@H](OS(=O)(=O)O)[C@@H]1O,False,C12H13N5O8S,387.0485,26
CC(=O)O[C@H]1[C@@H](OS(=O)(=O)O)[C@H](n2cnc3c4nc(nc32)[nH]4)O[C@@H]1CO,False,C12H13N5O8S,387.0485,26
C[C@H]1O[C@@H](n2cnc3c4nc(nc32)[nH]4)[C@H](OS(=O)(=O)O)[C@@H]1O,False,C10H11N5O6S,329.043,22
O=C(O)[C@H]1O[C@@H](n2cnc3c4nc(nc32)[nH]4)[C@H](OS(=O)(=O)O)[C@@H]1O,False,C10H9N5O8S,359.0172,24
COC[C@H]1O[C@@H](n2cnc3c4nc(nc32)[nH]4)[C@H](O)[C@@H]1OS(=O)(=O)O,False,C11H13N5O7S,359.0536,24
CO[C@@H]1[C@H](OS(=O)(=O)O)[C@@H](CO)O[C@H]1n1cnc2c3nc(nc21)[nH]3,False,C11H13N5O7S,359.0536,24
CC(=O)OC[C@H]1O[C@@H](n2cnc3c4nc(nc32)[nH]4)[C@H](O)[C@@H]1OS(=O)(=O)O,False,C12H13N5O8S,387.0485,26
CC(=O)O[C@@H]1[C@H](OS(=O)(=O)O)[C@@H](CO)O[C@H]1n1cnc2c3nc(nc21)[nH]3,False,C12H13N5O8S,387.0485,26
C[C@H]1O[C@@H](n2cnc3c4nc(nc32)[nH]4)[C@H](O)[C@@H]1OS(=O)(=O)O,False,C10H11N5O6S,329.043,22
O=C(O)[C@H]1O[C@@H](n2cnc3c4nc(nc32)[nH]4)[C@H](O)[C@@H]1OS(=O)(=O)O,False,C10H9N5O8S,359.0172,24
CO[C@H]1[C@@H](O)[C@H](n2cnc3c4nc(nc32)[nH]4)O[C@@H]1COS(=O)(=O)O,False,C11H13N5O7S,359.0536,24
CO[C@@H]1[C@H](O)[C@@H](COS(=O)(=O)O)O[C@H]1n1cnc2c3nc(nc21)[nH]3,False,C11H13N5O7S,359.0536,24
CC(=O)O[C@H]1[C@@H](O)[C@H](n2cnc3c4nc(nc32)[nH]4)O[C@@H]1COS(=O)(=O)O,False,C12H13N5O8S,387.0485,26
CC(=O)O[C@@H]1[C@H](O)[C@@H](COS(=O)(=O)O)O[C@H]1n1cnc2c3nc(nc21)[nH]3,False,C12H13N5O8S,387.0485,26
O=C(OS(=O)(=O)O)[C@H]1O[C@@H](n2cnc3c4nc(nc32)[nH]4)[C@H](O)[C@@H]1O,False,C10H9N5O8S,359.0172,24
COC[C@H]1O[C@@H](n2cnc3c4nc(nc32)[nH]4)[C@H](O)[C@@H]1OC,False,C12H15N5O4,293.1124,21
COC[C@H]1O[C@@H](n2cnc3c4nc(nc32)[nH]4)[C@H](OC)[C@@H]1O,False,C12H15N5O4,293.1124,21
COC[C@H]1O[C@@H](n2cnc3c4nc(nc32)[nH]4)[C@H](O)[C@@H]1OC(C)=O,False,C13H15N5O5,321.1073,23
COC[C@H]1O[C@@H](n2cnc3c4nc(nc32)[nH]4)[C@H](OC(C)=O)[C@@H]1O,False,C13H15N5O5,321.1073,23
O=COC[C@H]1O[C@@H](n2cnc3c4nc(nc32)[nH]4)[C@H](O)[C@@H]1O,False,C11H11N5O5,293.076,21
COC(=O)[C@H]1O[C@@H](n2cnc3c4nc(nc32)[nH]4)[C@H](O)[C@@H]1O,False,C11H11N5O5,293.076,21
CO[C@@H]1[C@H](OC)[C@@H](CO)O[C@H]1n1cnc2c3nc(nc21)[nH]3,False,C12H15N5O4,293.1124,21
CO[C@@H]1[C@H](O)[C@@H](COC(C)=O)O[C@H]1n1cnc2c3nc(nc21)[nH]3,False,C13H15N5O5,321.1073,23
CO[C@@H]1[C@H](OC(C)=O)[C@@H](CO)O[C@H]1n1cnc2c3nc(nc21)[nH]3,False,C13H15N5O5,321.1073,23
CO[C@@H]1[C@H](O)[C@@H](C)O[C@H]1n1cnc2c3nc(nc21)[nH]3,False,C11H13N5O3,263.1018,19
O=CO[C@@H]1[C@H](O)[C@@H](CO)O[C@H]1n1cnc2c3nc(nc21)[nH]3,False,C11H11N5O5,293.076,21
CO[C@@H]1[C@H](O)[C@@H](C(=O)O)O[C@H]1n1cnc2c3nc(nc21)[nH]3,False,C11H11N5O5,293.076,21
CO[C@H]1[C@@H](O)[C@H](n2cnc3c4nc(nc32)[nH]4)O[C@@H]1COC(C)=O,False,C13H15N5O5,321.1073,23
CO[C@H]1[C@@H](OC(C)=O)[C@H](n2cnc3c4nc(nc32)[nH]4)O[C@@H]1CO,False,C13H15N5O5,321.1073,23
CO[C@H]1[C@@H](O)[C@H](n2cnc3c4nc(nc32)[nH]4)O[C@@H]1C,False,C11H13N5O3,263.1018,19
O=CO[C@H]1[C@@H](O)[C@H](n2cnc3c4nc(nc32)[nH]4)O[C@@H]1CO,False,C11H11N5O5,293.076,21
CO[C@H]1[C@@H](O)[C@H](n2cnc3c4nc(nc32)[nH]4)O[C@@H]1C(=O)O,False,C11H11N5O5,293.076,21
CC(OC=O)[C@H]1O[C@@H](n2cnc3c4nc(nc32)[nH]4)[C@H](O)[C@@H]1O,False,C12H13N5O5,307.0917,22
C[C@@]1(COC=O)O[C@@H](n2cnc3c4nc(nc32)[nH]4)[C@H](O)[C@@H]1O,False,C12H13N5O5,307.0917,22
C[C@]1(O)[C@@H](COC=O)O[C@@H](n2cnc3c4nc(nc32)[nH]4)[C@@H]1O,False,C12H13N5O5,307.0917,22
C[C@]1(n2cnc3c4nc(nc32)[nH]4)O[C@H](COC=O)[C@@H](O)[C@H]1O,False,C12H13N5O5,307.0917,22
C[C@]1(O)[C@H](O)[C@@H](COC=O)O[C@H]1n1cnc2c3nc(nc21)[nH]3,False,C12H13N5O5,307.0917,22
Cc1nc2c3nc(nc2n1[C@@H]1O[C@H](COC=O)[C@@H](O)[C@H]1O)[nH]3,False,C12H13N5O5,307.0917,22
OC1CO[C@H]2[C@@H](O)[C@H](n3cnc4c5nc(nc43)[nH]5)O[C@@H]2CO1,False,C12H13N5O5,307.0917,22
OC1CO[C@@H]2[C@H](O)[C@@H](CO1)O[C@H]2n1cnc2c3nc(nc21)[nH]3,False,C12H13N5O5,307.0917,22
CC(O)OC1O[C@H]2[C@@H](O)[C@H](n3cnc4c5nc(nc43)[nH]5)O[C@H]12,False,C12H13N5O5,307.0917,22
CC(O)OC1O[C@@H]2[C@H](O)[C@@H]1O[C@H]2n1cnc2c3nc(nc21)[nH]3,False,C12H13N5O5,307.0917,22
CC(O)OC[C@]12O[C@@H](n3cnc4c5nc(nc43)[nH]5)[C@H](O)[C@@H]1O2,False,C12H13N5O5,307.0917,22
CC(O)OC[C@]12O[C@@H]([C@H](n3cnc4c5nc(nc43)[nH]5)O1)[C@@H]2O,False,C12H13N5O5,307.0917,22
CC(O)OC[C@H]1O[C@@H](n2cnc3c4nc(nc32)[nH]4)[C@@H]2O[C@]12O,False,C12H13N5O5,307.0917,22
CC(O)OC[C@H]1O[C@@]2(n3cnc4c5nc(nc43)[nH]5)O[C@H]1[C@H]2O,False,C12H13N5O5,307.0917,22
CC(O)OC[C@H]1O[C@@]2(n3cnc4c5nc(nc43)[nH]5)O[C@@H]2[C@@H]1O,False,C12H13N5O5,307.0917,22
CC(O)OC[C@H]1O[C@@H](n2cnc3c4nc(nc32)[nH]4)[C@]2(O)O[C@H]12,False,C12H13N5O5,307.0917,22
CC(O)OC[C@H]1O[C@@H]2[C@H](O)[C@@H]1Oc1nc3c4nc(nc3n12)[nH]4,False,C12H13N5O5,307.0917,22
CC(O)OC[C@H]1O[C@@H]2[C@H](Oc3nc4c5nc(nc4n32)[nH]5)[C@@H]1O,False,C12H13N5O5,307.0917,22
CC(O)OC[C@H]1O[C@@H](n2cnc3c4nc(nc32)[nH]4)[C@H](O)[C@@H]1O,False,C12H15N5O5,309.1073,22
CCOC[C@H]1O[C@@H](n2cnc3c4nc(nc32)[nH]4)[C@H](O)[C@@H]1O,False,C12H15N5O4,293.1124,21
CCC(=O)OC[C@H]1O[C@@H](n2cnc3c4nc(nc32)[nH]4)[C@H](O)[C@@H]1O,False,C13H15N5O5,321.1073,23
CC(=O)OC[C@H]1O[C@@H](n2cnc3c4nc(nc32)[nH]4)[C@H](O)[C@@H]1OC(C)=O,False,C14H15N5O6,349.1022,25
CC(=O)OC[C@H]1O[C@@H](n2cnc3c4nc(nc32)[nH]4)[C@H](OC(C)=O)[C@@H]1O,False,C14H15N5O6,349.1022,25
O=C(O)CC(=O)OC[C@H]1O[C@@H](n2cnc3c4nc(nc32)[nH]4)[C@H](O)[C@@H]1O,False,C13H13N5O7,351.0815,25
CC(O)(C#N)OC[C@H]1O[C@@H](n2cnc3c4nc(nc32)[nH]4)[C@H](O)[C@@H]1O,False,C13H14N6O5,334.1026,24
CC(N)OC[C@H]1O[C@@H](n2cnc3c4nc(nc32)[nH]4)[C@H](O)[C@@H]1O,False,C12H16N6O4,308.1233,22
O=C(CO)OC[C@H]1O[C@@H](n2cnc3c4nc(nc32)[nH]4)[C@H](O)[C@@H]1O,False,C12H13N5O6,323.0866,23
COC(=O)OC[C@H]1O[C@@H](n2cnc3c4nc(nc32)[nH]4)[C@H](O)[C@@H]1O,False,C12H13N5O6,323.0866,23
OCC(O)OC[C@H]1O[C@@H](n2cnc3c4nc(nc32)[nH]4)[C@H](O)[C@@H]1O,False,C12H15N5O6,325.1022,23
CC(=O)C[C@H]1O[C@@H](n2cnc3c4nc(nc32)[nH]4)[C@H](O)[C@@H]1O,False,C12H13N5O4,291.0968,21
CC(=O)OC(=O)[C@H]1O[C@@H](n2cnc3c4nc(nc32)[nH]4)[C@H](O)[C@@H]1O,False,C12H11N5O6,321.0709,23
CC(=O)OC[C@H]1O[C@@H](n2cnc3c2nc2nc3n2C(C)=O)[C@H](O)[C@@H]1O,False,C14H15N5O6,349.1022,25
CC(=O)OC(C)[C@H]1O[C@@H](n2cnc3c4nc(nc32)[nH]4)[C@H](O)[C@@H]1O,False,C13H15N5O5,321.1073,23
CC(=O)OC[C@]1(C)O[C@@H](n2cnc3c4nc(nc32)[nH]4)[C@H](O)[C@@H]1O,False,C13H15N5O5,321.1073,23
CC(=O)OC[C@H]1O[C@@H](n2cnc3c4nc(nc32)[nH]4)[C@H](O)[C@@]1(C)O,False,C13H15N5O5,321.1073,23
CC(=O)OC[C@H]1O[C@](C)(n2cnc3c4nc(nc32)[nH]4)[C@H](O)[C@@H]1O,False,C13H15N5O5,321.1073,23
CC(=O)OC[C@H]1O[C@@H](n2cnc3c4nc(nc32)[nH]4)[C@@](C)(O)[C@@H]1O,False,C13H15N5O5,321.1073,23
CC(=O)OC[C@H]1O[C@@H](n2c(C)nc3c4nc(nc32)[nH]4)[C@H](O)[C@@H]1O,False,C13H15N5O5,321.1073,23
C[C@]1(OC=O)[C@H](O)[C@@H](CO)O[C@H]1n1cnc2c3nc(nc21)[nH]3,False,C12H13N5O5,307.0917,22
C[C@]1(n2cnc3c4nc(nc32)[nH]4)O[C@H](CO)[C@@H](O)[C@H]1OC=O,False,C12H13N5O5,307.0917,22
C[C@]1(O)[C@@H](CO)O[C@@H](n2cnc3c4nc(nc32)[nH]4)[C@@H]1OC=O,False,C12H13N5O5,307.0917,22
C[C@@]1(CO)O[C@@H](n2cnc3c4nc(nc32)[nH]4)[C@H](OC=O)[C@@H]1O,False,C12H13N5O5,307.0917,22
Cc1nc2c3nc(nc2n1[C@@H]1O[C@H](CO)[C@@H](O)[C@H]1OC=O)[nH]3,False,C12H13N5O5,307.0917,22
CC(O)[C@H]1O[C@@H](n2cnc3c4nc(nc32)[nH]4)[C@H](OC=O)[C@@H]1O,False,C12H13N5O5,307.0917,22
OC[C@H]1O[C@@H](n2cnc3c4nc(nc32)[nH]4)[C@@H]2OC(O)CO[C@@H]21,False,C12H13N5O5,307.0917,22
OC1COC[C@H]2O[C@@H](n3cnc4c5nc(nc43)[nH]5)[C@H](O1)[C@@H]2O,False,C12H13N5O5,307.0917,22
CC(O)O[C@@]12O[C@@H]1[C@@H](CO)O[C@H]2n1cnc2c3nc(nc21)[nH]3,False,C12H13N5O5,307.0917,22
CC(O)O[C@]12OC[C@@H](O[C@H]1n1cnc3c4nc(nc31)[nH]4)[C@H]2O,False,C12H13N5O5,307.0917,22
CC(O)O[C@@H]1[C@@H]2O[C@]1(n1cnc3c4nc(nc31)[nH]4)O[C@@H]2CO,False,C12H13N5O5,307.0917,22
CC(O)O[C@@H]1[C@H](O)[C@H]2CO[C@]1(n1cnc3c4nc(nc31)[nH]4)O2,False,C12H13N5O5,307.0917,22
CC(O)O[C@H]1[C@H](n2cnc3c4nc(nc32)[nH]4)O[C@@H]2CO[C@]21O,False,C12H13N5O5,307.0917,22
CC(O)O[C@H]1[C@H](n2cnc3c4nc(nc32)[nH]4)O[C@]2(CO)O[C@@H]12,False,C12H13N5O5,307.0917,22
CC(O)O[C@H]1[C@H](n2cnc3c4nc(nc32)[nH]4)O[C@@]2(CO2)[C@H]1O,False,C12H13N5O5,307.0917,22
CC(O)O[C@@H]1[C@@H]2Oc3nc4c5nc(nc4n3[C@@H]1O[C@@H]2CO)[nH]5,False,C12H13N5O5,307.0917,22
CC(O)O[C@@H]1[C@H](O)[C@H]2COc3nc4c5nc(nc4n3[C@@H]1O2)[nH]5,False,C12H13N5O5,307.0917,22
CC(O)O[C@@H]1[C@@H]2OC(O)[C@H]2O[C@H]1n1cnc2c3nc(nc21)[nH]3,False,C12H13N5O5,307.0917,22
CC(O)O[C@@H]1[C@H](O)[C@@H](CO)O[C@H]1n1cnc2c3nc(nc21)[nH]3,False,C12H15N5O5,309.1073,22
CCO[C@@H]1[C@H](O)[C@@H](CO)O[C@H]1n1cnc2c3nc(nc21)[nH]3,False,C12H15N5O4,293.1124,21
CCC(=O)O[C@@H]1[C@H](O)[C@@H](CO)O[C@H]1n1cnc2c3nc(nc21)[nH]3,False,C13H15N5O5,321.1073,23
CC(=O)O[C@@H]1[C@H](OC(C)=O)[C@@H](CO)O[C@H]1n1cnc2c3nc(nc21)[nH]3,False,C14H15N5O6,349.1022,25
O=C(O)CC(=O)O[C@@H]1[C@H](O)[C@@H](CO)O[C@H]1n1cnc2c3nc(nc21)[nH]3,False,C13H13N5O7,351.0815,25
CC(O)(C#N)O[C@@H]1[C@H](O)[C@@H](CO)O[C@H]1n1cnc2c3nc(nc21)[nH]3,False,C13H14N6O5,334.1026,24
CC(N)O[C@@H]1[C@H](O)[C@@H](CO)O[C@H]1n1cnc2c3nc(nc21)[nH]3,False,C12H16N6O4,308.1233,22
O=C(CO)O[C@@H]1[C@H](O)[C@@H](CO)O[C@H]1n1cnc2c3nc(nc21)[nH]3,False,C12H13N5O6,323.0866,23
COC(=O)O[C@@H]1[C@H](O)[C@@H](CO)O[C@H]1n1cnc2c3nc(nc21)[nH]3,False,C12H13N5O6,323.0866,23
OCC(O)O[C@@H]1[C@H](O)[C@@H](CO)O[C@H]1n1cnc2c3nc(nc21)[nH]3,False,C12H15N5O6,325.1022,23
CC(=O)O[C@@H]1[C@H](O)[C@@H](C)O[C@H]1n1cnc2c3nc(nc21)[nH]3,False,C12H13N5O4,291.0968,21
CC(=O)[C@@H]1[C@H](O)[C@@H](CO)O[C@H]1n1cnc2c3nc(nc21)[nH]3,False,C12H13N5O4,291.0968,21
CC(=O)O[C@@H]1[C@H](O)[C@@H](C(=O)O)O[C@H]1n1cnc2c3nc(nc21)[nH]3,False,C12H11N5O6,321.0709,23
CC(=O)O[C@@H]1[C@H](O)[C@@H](CO)O[C@H]1n1cnc2c1nc1nc2n1C(C)=O,False,C14H15N5O6,349.1022,25
CC(=O)O[C@@]1(C)[C@H](O)[C@@H](CO)O[C@H]1n1cnc2c3nc(nc21)[nH]3,False,C13H15N5O5,321.1073,23
CC(=O)O[C@@H]1[C@H](O)[C@@H](CO)O[C@]1(C)n1cnc2c3nc(nc21)[nH]3,False,C13H15N5O5,321.1073,23
CC(=O)O[C@H]1[C@H](n2cnc3c4nc(nc32)[nH]4)O[C@H](CO)[C@]1(C)O,False,C13H15N5O5,321.1073,23
CC(=O)O[C@H]1[C@H](n2cnc3c4nc(nc32)[nH]4)O[C@@](C)(CO)[C@H]1O,False,C13H15N5O5,321.1073,23
CC(=O)O[C@@H]1[C@H](O)[C@@H](CO)O[C@H]1n1c(C)nc2c3nc(nc21)[nH]3,False,C13H15N5O5,321.1073,23
CC(=O)O[C@@H]1[C@H](O)[C@@H](C(C)O)O[C@H]1n1cnc2c3nc(nc21)[nH]3,False,C13H15N5O5,321.1073,23
C[C@]1(OC=O)[C@@H](CO)O[C@@H](n2cnc3c4nc(nc32)[nH]4)[C@@H]1O,False,C12H13N5O5,307.0917,22
C[C@]1(O)[C@H](OC=O)[C@@H](CO)O[C@H]1n1cnc2c3nc(nc21)[nH]3,False,C12H13N5O5,307.0917,22
C[C@@]1(CO)O[C@@H](n2cnc3c4nc(nc32)[nH]4)[C@H](O)[C@@H]1OC=O,False,C12H13N5O5,307.0917,22
C[C@]1(n2cnc3c4nc(nc32)[nH]4)O[C@H](CO)[C@@H](OC=O)[C@H]1O,False,C12H13N5O5,307.0917,22
CC(O)[C@H]1O[C@@H](n2cnc3c4nc(nc32)[nH]4)[C@H](O)[C@@H]1OC=O,False,C12H13N5O5,307.0917,22
Cc1nc2c3nc(nc2n1[C@@H]1O[C@H](CO)[C@@H](OC=O)[C@H]1O)[nH]3,False,C12H13N5O5,307.0917,22
OC[C@H]1O[C@@H](n2cnc3c4nc(nc32)[nH]4)[C@@H]2OCC(O)O[C@@H]21,False,C12H13N5O5,307.0917,22
OC1COC[C@H]2O[C@@H](n3cnc4c5nc(nc43)[nH]5)[C@H](O)[C@@H]2O1,False,C12H13N5O5,307.0917,22
CC(O)O[C@]12O[C@H]1[C@H](n1cnc3c4nc(nc31)[nH]4)O[C@@H]2CO,False,C12H13N5O5,307.0917,22
CC(O)O[C@@]12OC[C@H]1O[C@@H](n1cnc3c4nc(nc31)[nH]4)[C@@H]2O,False,C12H13N5O5,307.0917,22
CC(O)O[C@@H]1[C@H]2CO[C@@]1(O)[C@H](n1cnc3c4nc(nc31)[nH]4)O2,False,C12H13N5O5,307.0917,22
CC(O)O[C@H]1[C@H]2O[C@@]1(CO)O[C@H]2n1cnc2c3nc(nc21)[nH]3,False,C12H13N5O5,307.0917,22
CC(O)O[C@H]1[C@@H](O)[C@H](n2cnc3c4nc(nc32)[nH]4)O[C@@]12CO2,False,C12H13N5O5,307.0917,22
CC(O)O[C@H]1[C@H]2O[C@]2(n2cnc3c4nc(nc32)[nH]4)O[C@@H]1CO,False,C12H13N5O5,307.0917,22
CC(O)O[C@H]1[C@@H](O)[C@]2(n3cnc4c5nc(nc43)[nH]5)OC[C@H]1O2,False,C12H13N5O5,307.0917,22
CC(O)O[C@H]1[C@H]2OC(O)[C@H]1O[C@H]2n1cnc2c3nc(nc21)[nH]3,False,C12H13N5O5,307.0917,22
CC(O)O[C@H]1[C@H]2Oc3nc4c5nc(nc4n3[C@@H]2O[C@@H]1CO)[nH]5,False,C12H13N5O5,307.0917,22
CC(O)O[C@H]1[C@@H](O)[C@H]2O[C@@H]1COc1nc3c4nc(nc3n12)[nH]4,False,C12H13N5O5,307.0917,22
CC(O)O[C@H]1[C@@H](O)[C@H](n2cnc3c4nc(nc32)[nH]4)O[C@@H]1CO,False,C12H15N5O5,309.1073,22
CCO[C@H]1[C@@H](O)[C@H](n2cnc3c4nc(nc32)[nH]4)O[C@@H]1CO,False,C12H15N5O4,293.1124,21
CCC(=O)O[C@H]1[C@@H](O)[C@H](n2cnc3c4nc(nc32)[nH]4)O[C@@H]1CO,False,C13H15N5O5,321.1073,23
O=C(O)CC(=O)O[C@H]1[C@@H](O)[C@H](n2cnc3c4nc(nc32)[nH]4)O[C@@H]1CO,False,C13H13N5O7,351.0815,25
CC(O)(C#N)O[C@H]1[C@@H](O)[C@H](n2cnc3c4nc(nc32)[nH]4)O[C@@H]1CO,False,C13H14N6O5,334.1026,24
CC(N)O[C@H]1[C@@H](O)[C@H](n2cnc3c4nc(nc32)[nH]4)O[C@@H]1CO,False,C12H16N6O4,308.1233,22
O=C(CO)O[C@H]1[C@@H](O)[C@H](n2cnc3c4nc(nc32)[nH]4)O[C@@H]1CO,False,C12H13N5O6,323.0866,23
COC(=O)O[C@H]1[C@@H](O)[C@H](n2cnc3c4nc(nc32)[nH]4)O[C@@H]1CO,False,C12H13N5O6,323.0866,23
OCC(O)O[C@H]1[C@@H](O)[C@H](n2cnc3c4nc(nc32)[nH]4)O[C@@H]1CO,False,C12H15N5O6,325.1022,23
CC(=O)O[C@H]1[C@@H](O)[C@H](n2cnc3c4nc(nc32)[nH]4)O[C@@H]1C,False,C12H13N5O4,291.0968,21
CC(=O)[C@H]1[C@@H](O)[C@H](n2cnc3c4nc(nc32)[nH]4)O[C@@H]1CO,False,C12H13N5O4,291.0968,21
CC(=O)O[C@H]1[C@@H](O)[C@H](n2cnc3c4nc(nc32)[nH]4)O[C@@H]1C(=O)O,False,C12H11N5O6,321.0709,23
CC(=O)O[C@H]1[C@@H](O)[C@H](n2cnc3c2nc2nc3n2C(C)=O)O[C@@H]1CO,False,C14H15N5O6,349.1022,25
CC(=O)O[C@@]1(C)[C@@H](CO)O[C@@H](n2cnc3c4nc(nc32)[nH]4)[C@@H]1O,False,C13H15N5O5,321.1073,23
CC(=O)O[C@@H]1[C@@H](CO)O[C@@H](n2cnc3c4nc(nc32)[nH]4)[C@@]1(C)O,False,C13H15N5O5,321.1073,23
CC(=O)O[C@H]1[C@@H](O)[C@H](n2cnc3c4nc(nc32)[nH]4)O[C@@]1(C)CO,False,C13H15N5O5,321.1073,23
CC(=O)O[C@H]1[C@@H](O)[C@@](C)(n2cnc3c4nc(nc32)[nH]4)O[C@@H]1CO,False,C13H15N5O5,321.1073,23
CC(=O)O[C@H]1[C@@H](O)[C@H](n2cnc3c4nc(nc32)[nH]4)O[C@@H]1C(C)O,False,C13H15N5O5,321.1073,23
CC(=O)O[C@H]1[C@@H](O)[C@H](n2c(C)nc3c4nc(nc32)[nH]4)O[C@@H]1CO,False,C13H15N5O5,321.1073,23
O[C@@H]1[C@H](O)CO[C@H]1n1cnc2c3nc(nc21)[nH]3,False,C9H9N5O3,235.0705,17
OC1O[C@]12O[C@@H](n1cnc3c4nc(nc31)[nH]4)[C@H](O)[C@@H]2O,False,C10H9N5O5,279.0604,20
OC(O)[C@]12O[C@@H](n3cnc4c5nc(nc43)[nH]5)[C@H](O)[C@@H]1O2,False,C10H9N5O5,279.0604,20
OC(O)[C@]12O[C@@H]([C@H](n3cnc4c5nc(nc43)[nH]5)O1)[C@@H]2O,False,C10H9N5O5,279.0604,20
OC1O[C@]2(O)[C@@H]1O[C@@H](n1cnc3c4nc(nc31)[nH]4)[C@@H]2O,False,C10H9N5O5,279.0604,20
OC(O)[C@H]1O[C@@H](n2cnc3c4nc(nc32)[nH]4)[C@@H]2O[C@]12O,False,C10H9N5O5,279.0604,20
OC1O[C@]2(n3cnc4c5nc(nc43)[nH]5)O[C@H]1[C@@H](O)[C@H]2O,False,C10H9N5O5,279.0604,20
OC(O)[C@H]1O[C@@]2(n3cnc4c5nc(nc43)[nH]5)O[C@H]1[C@H]2O,False,C10H9N5O5,279.0604,20
OC(O)[C@H]1O[C@@]2(n3cnc4c5nc(nc43)[nH]5)O[C@@H]2[C@@H]1O,False,C10H9N5O5,279.0604,20
OC1O[C@]2(O)[C@H](O)[C@@H]1O[C@H]2n1cnc2c3nc(nc21)[nH]3,False,C10H9N5O5,279.0604,20
OC(O)[C@H]1O[C@@H](n2cnc3c4nc(nc32)[nH]4)[C@]2(O)O[C@H]12,False,C10H9N5O5,279.0604,20
OC1Oc2nc3c4nc(nc3n2[C@@H]2O[C@H]1[C@@H](O)[C@H]2O)[nH]4,False,C10H9N5O5,279.0604,20
OC(O)[C@H]1O[C@@H]2[C@H](O)[C@@H]1Oc1nc3c4nc(nc3n12)[nH]4,False,C10H9N5O5,279.0604,20
OC(O)[C@H]1O[C@@H]2[C@H](Oc3nc4c5nc(nc4n32)[nH]5)[C@@H]1O,False,C10H9N5O5,279.0604,20
OC(O)[C@H]1O[C@@H](n2cnc3c4nc(nc32)[nH]4)[C@H](O)[C@@H]1O,False,C10H11N5O5,281.076,20
N#CC(O)(O)[C@H]1O[C@@H](n2cnc3c4nc(nc32)[nH]4)[C@H](O)[C@@H]1O,False,C11H10N6O5,306.0713,22
NC(=O)[C@H]1O[C@@H](n2cnc3c4nc(nc32)[nH]4)[C@H](O)[C@@H]1O,False,C10H10N6O4,278.0764,20
Nc1nc2c(ncn2[C@@H]2OC[C@@](O)(CO)[C@H]2O)c(=O)[nH]1,False,C10H13N5O5,283.0917,20
CO[C@@]1(COP(=O)(O)O)CO[C@@H](n2cnc3c(=O)[nH]c(N)nc32)[C@@H]1O,False,C11H16N5O8P,377.0736,25
CO[C@H]1[C@H](n2cnc3c(=O)[nH]c(N)nc32)OC[C@@]1(O)COP(=O)(O)O,False,C11H16N5O8P,377.0736,25
Nc1nc2c(ncn2[C@@H]2OC[C@@H](O)[C@@]2(O)CO)c(=O)[nH]1,False,C10H13N5O5,283.0917,20
CO[C@@]1(COP(=O)(O)O)[C@H](O)CO[C@H]1n1cnc2c(=O)[nH]c(N)nc21,False,C11H16N5O8P,377.0736,25
CO[C@@H]1CO[C@@H](n2cnc3c(=O)[nH]c(N)nc32)[C@]1(O)COP(=O)(O)O,False,C11H16N5O8P,377.0736,25
Nc1nc2c(nc(CO)n2[C@@H]2OC[C@@H](O)[C@H]2O)c(=O)[nH]1,False,C10H13N5O5,283.0917,20
CO[C@@H]1[C@H](O)CO[C@H]1n1c(COP(=O)(O)O)nc2c(=O)[nH]c(N)nc21,False,C11H16N5O8P,377.0736,25
CO[C@@H]1CO[C@@H](n2c(COP(=O)(O)O)nc3c(=O)[nH]c(N)nc32)[C@@H]1O,False,C11H16N5O8P,377.0736,25
CO[C@@H]1[C@@H]2OP(=O)(O)OC[C@H]2O[C@H]1n1cnc2c(=O)[nH]c(N)nc21,False,C11H14N5O7P,359.0631,24
CC(=O)Nc1nc2c(ncn2[C@@H]2O[C@@H]3COP(=O)(O)O[C@H]3[C@H]2O)c(=O)[nH]1,False,C12H14N5O8P,387.058,26
CC(=O)O[C@@H]1[C@@H]2OP(=O)(O)OC[C@H]2O[C@H]1n1cnc2c(=O)[nH]c(N)nc21,False,C12H14N5O8P,387.058,26
CO[C@H]1[C@H]2OP(=O)(O)OC[C@H]1O[C@H]2n1cnc2c(=O)[nH]c(N)nc21,False,C11H14N5O7P,359.0631,24
CC(=O)Nc1nc2c(ncn2[C@@H]2O[C@@H]3COP(=O)(O)O[C@@H]2[C@@H]3O)c(=O)[nH]1,False,C12H14N5O8P,387.058,26
CC(=O)O[C@H]1[C@H]2OP(=O)(O)OC[C@H]1O[C@H]2n1cnc2c(=O)[nH]c(N)nc21,False,C12H14N5O8P,387.058,26
Nc1nc2c(ncn2[C@@H]2OC[C@@H](OCCOP(=O)(O)O)[C@H]2O)c(=O)[nH]1,False,C11H16N5O8P,377.0736,25
CO[C@@H]1[C@H](OC)[C@@H](COP(=O)(O)O)O[C@H]1n1cnc2c(=O)[nH]c(N)nc21,False,C12H18N5O8P,391.0893,26
CO[C@H]1[C@@H](O)[C@H](n2c[n+](C)c3c(=O)[nH]c(N)nc32)O[C@@H]1COP(=O)(O)O,False,C12H19N5O8P+,392.0966,26
Nc1nc2c(ncn2[C@@H]2OC[C@@H](O)[C@H]2OCCOP(=O)(O)O)c(=O)[nH]1,False,C11H16N5O8P,377.0736,25
CO[C@@H]1[C@H](O)[C@@H](COP(=O)(O)O)O[C@H]1n1c[n+](C)c2c(=O)[nH]c(N)nc21,False,C12H19N5O8P+,392.0966,26
C[n+]1cn([C@@]2(COP(=O)(O)O)OC[C@@H](O)[C@H]2O)c2nc(N)[nH]c(=O)c21,False,C11H17N5O8P+,378.0809,25
Nc1nc2c(c(=O)[nH]1)[n+](CCOP(=O)(O)O)cn2[C@@H]1OC[C@@H](O)[C@H]1O,False,C11H17N5O8P+,378.0809,25
C[n+]1c(COP(=O)(O)O)n([C@@H]2OC[C@@H](O)[C@H]2O)c2nc(N)[nH]c(=O)c21,False,C11H17N5O8P+,378.0809,25
C[n+]1cn([C@@H]2OC[C@@H](O)[C@@]2(O)COP(=O)(O)O)c2nc(N)[nH]c(=O)c21,False,C11H17N5O8P+,378.0809,25
C[n+]1cn([C@@H]2OC[C@@](O)(COP(=O)(O)O)[C@H]2O)c2nc(N)[nH]c(=O)c21,False,C11H17N5O8P+,378.0809,25
C[n+]1cn([C@@H]2O[C@@H]3COP(=O)(O)O[C@H]3[C@H]2O)c2nc(N)[nH]c(=O)c21,False,C11H15N5O7P+,360.0704,24
C[n+]1cn([C@@H]2O[C@@H]3COP(=O)(O)O[C@@H]2[C@@H]3O)c2nc(N)[nH]c(=O)c21,False,C11H15N5O7P+,360.0704,24
C[n+]1cn([C@@H]2O[C@H](COP(=O)(O)O)[C@@H](O)[C@H]2O)c2nc3nc([nH]3)c21,False,C11H15N5O7P+,360.0704,24
Cn1c(N)nc2c(c1=O)[n+](C)cn2[C@@H]1O[C@H](COP(=O)(O)O)[C@@H](O)[C@H]1O,False,C12H19N5O8P+,392.0966,26
Nc1nc2c([nH+]cn2[C@@H]2O[C@H](COP(=O)(O)O)[C@@H](O)[C@H]2O)c(=O)[nH]1,False,C10H15N5O8P+,364.0653,24
CNc1nc2c(c(=O)[nH]1)[n+](C)cn2[C@@H]1O[C@H](COP(=O)(O)O)[C@@H](O)[C@H]1O,False,C12H19N5O8P+,392.0966,26
Nc1nc2c(ncn2[C@@H]2OC[C@H]3OP(=O)(O)O[C@@]32CO)c(=O)[nH]1,False,C10H12N5O7P,345.0474,23
Nc1nc2c(ncn2[C@@H]2OC[C@]3(CO)OP(=O)(O)O[C@@H]23)c(=O)[nH]1,False,C10H12N5O7P,345.0474,23
Nc1nc2c(ncn2[C@@]2(CO)OC[C@H]3OP(=O)(O)O[C@H]32)c(=O)[nH]1,False,C10H12N5O7P,345.0474,23
Nc1nc2c(nc(CO)n2[C@@H]2OC[C@H]3OP(=O)(O)O[C@@H]23)c(=O)[nH]1,False,C10H12N5O7P,345.0474,23
Nc1nc2c(ncn2[C@@H]2O[C@H](C=O)[C@H]3OP(=O)(O)O[C@H]32)c(=O)[nH]1,False,C10H10N5O7P,343.0318,23
COC[C@H]1O[C@@H](n2cnc3c(=O)[nH]c(N)nc32)[C@@H]2OP(=O)(O)O[C@@H]21,False,C11H14N5O7P,359.0631,24
CC(=O)Nc1nc2c(ncn2[C@@H]2O[C@H](CO)[C@H]3OP(=O)(O)O[C@H]32)c(=O)[nH]1,False,C12H14N5O8P,387.058,26
CC(=O)OC[C@H]1O[C@@H](n2cnc3c(=O)[nH]c(N)nc32)[C@@H]2OP(=O)(O)O[C@@H]21,False,C12H14N5O8P,387.058,26
C[C@H]1O[C@@H](n2cnc3c(=O)[nH]c(N)nc32)[C@@H]2OP(=O)(O)O[C@@H]21,False,C10H12N5O6P,329.0525,22
Nc1nc2c(ncn2[C@@H]2O[C@H](C(=O)O)[C@H]3OP(=O)(O)O[C@H]32)c(=O)[nH]1,False,C10H10N5O8P,359.0267,24
O=c1[nH]c2nc3c1ncn3[C@@H]1O[C@H](C=N2)[C@@H](OP(=O)(O)O)[C@H]1O,False,C10H10N5O7P,343.0318,23
Nc1nc2c(ncn2[C@@H]2O[C@]3(CO)O[C@@H]2[C@@H]3OP(=O)(O)O)c(=O)[nH]1,False,C10H12N5O8P,361.0423,24
Nc1nc2c(ncn2[C@@H]2O[C@]3(CO)OP(=O)(O)O[C@H]3[C@H]2O)c(=O)[nH]1,False,C10H12N5O8P,361.0423,24
Nc1nc2c(ncn2[C@@H]2O[C@H](CO)[C@@]3(OP(=O)(O)O)O[C@@H]23)c(=O)[nH]1,False,C10H12N5O8P,361.0423,24
Nc1nc2c(ncn2[C@@H]2O[C@H](CO)C3(OP(=O)(O)O3)[C@H]2O)c(=O)[nH]1,False,C10H12N5O8P,361.0423,24
Nc1nc2c(ncn2[C@@H]2O[C@H](CO)[C@H]3OP(=O)(O)O[C@]32O)c(=O)[nH]1,False,C10H12N5O8P,361.0423,24
Nc1nc2c(ncn2[C@]23O[C@@H]2[C@H](OP(=O)(O)O)[C@@H](CO)O3)c(=O)[nH]1,False,C10H12N5O8P,361.0423,24
Nc1nc2c(ncn2[C@]23O[C@H](CO)[C@@H](OP(=O)(O)O2)[C@H]3O)c(=O)[nH]1,False,C10H12N5O8P,361.0423,24
Nc1nc2c(nc3n2[C@@H]2O[C@H](CO)[C@@H](OP(=O)(O)O)[C@H]2O3)c(=O)[nH]1,False,C10H12N5O8P,361.0423,24
Nc1nc2c(nc3n2[C@@H]2O[C@H](CO)[C@@H](OP(=O)(O)O3)[C@H]2O)c(=O)[nH]1,False,C10H12N5O8P,361.0423,24
CO[C@@H]1[C@H](OP(=O)(O)O)[C@@H](C=O)O[C@H]1n1cnc2c(=O)[nH]c(N)nc21,False,C11H14N5O8P,375.058,25
N#CC(O)[C@H]1O[C@@H](n2cnc3c(=O)[nH]c(N)nc32)[C@H](O)[C@@H]1OP(=O)(O)O,False,C11H13N6O8P,388.0532,26
COC[C@H]1O[C@@H](n2cnc3c(=O)[nH]c(N)nc32)[C@H](OC)[C@@H]1OP(=O)(O)O,False,C12H18N5O8P,391.0893,26
COC[C@H]1O[C@@H](n2c[n+](C)c3c(=O)[nH]c(N)nc32)[C@H](O)[C@@H]1OP(=O)(O)O,False,C12H19N5O8P+,392.0966,26
CO[C@@H]1[C@H](OP(=O)(O)O)[C@@H](CO)O[C@H]1n1c[n+](C)c2c(=O)[nH]c(N)nc21,False,C12H19N5O8P+,392.0966,26
CO[C@@H]1[C@H](OP(=O)(O)O)[C@@H](C)O[C@H]1n1cnc2c(=O)[nH]c(N)nc21,False,C11H16N5O7P,361.0787,24
C[n+]1cn([C@@]2(CO)OC[C@@H](OP(=O)(O)O)[C@H]2O)c2nc(N)[nH]c(=O)c21,False,C11H17N5O8P+,378.0809,25
C[n+]1cn([C@@H]2O[C@H](CO)[C@H]3OP(=O)(O)O[C@H]32)c2nc(N)[nH]c(=O)c21,False,C11H15N5O7P+,360.0704,24
C[n+]1cn([C@@H]2O[C@H](CO)[C@@H](OP(=O)(O)O)[C@H]2O)c2nc3nc([nH]3)c21,False,C11H15N5O7P+,360.0704,24
C[n+]1cn([C@@H]2O[C@H](C=O)[C@@H](OP(=O)(O)O)[C@H]2O)c2nc(N)[nH]c(=O)c21,False,C11H15N5O8P+,376.0653,25
C[C@H]1O[C@@H](n2c[n+](C)c3c(=O)[nH]c(N)nc32)[C@H](O)[C@@H]1OP(=O)(O)O,False,C11H17N5O7P+,362.086,24
Cn1c(N)nc2c(c1=O)[n+](C)cn2[C@@H]1O[C@H](CO)[C@@H](OP(=O)(O)O)[C@H]1O,False,C12H19N5O8P+,392.0966,26
Nc1nc2c([nH+]cn2[C@@H]2O[C@H](CO)[C@@H](OP(=O)(O)O)[C@H]2O)c(=O)[nH]1,False,C10H15N5O8P+,364.0653,24
CNc1nc2c(c(=O)[nH]1)[n+](C)cn2[C@@H]1O[C@H](CO)[C@@H](OP(=O)(O)O)[C@H]1O,False,C12H19N5O8P+,392.0966,26
CC(=O)Nc1nc2c(ncn2[C@@H]2O[C@H](C)[C@@H](OP(=O)(O)O)[C@H]2O)c(=O)[nH]1,False,C12H16N5O8P,389.0736,26
CC(=O)O[C@@H]1[C@H](OP(=O)(O)O)[C@@H](C)O[C@H]1n1cnc2c(=O)[nH]c(N)nc21,False,C12H16N5O8P,389.0736,26
O=c1[nH]c2nc3c1ncn3[C@@H]1O[C@H](C=N2)[C@@H](O)[C@H]1OP(=O)(O)O,False,C10H10N5O7P,343.0318,23
Nc1nc2c(ncn2[C@@H]2O[C@]3(CO)O[C@H]3[C@H]2OP(=O)(O)O)c(=O)[nH]1,False,C10H12N5O8P,361.0423,24
Nc1nc2c(ncn2[C@@H]2O[C@]3(CO)OP(=O)(O)O[C@@H]2[C@@H]3O)c(=O)[nH]1,False,C10H12N5O8P,361.0423,24
Nc1nc2c(ncn2[C@@H]2O[C@H](CO)[C@@]3(O)OP(=O)(O)O[C@@H]23)c(=O)[nH]1,False,C10H12N5O8P,361.0423,24
Nc1nc2c(ncn2[C@@H]2O[C@H](CO)[C@H]3O[C@]32OP(=O)(O)O)c(=O)[nH]1,False,C10H12N5O8P,361.0423,24
Nc1nc2c(ncn2[C@@H]2O[C@H](CO)[C@@H](O)C23OP(=O)(O)O3)c(=O)[nH]1,False,C10H12N5O8P,361.0423,24
Nc1nc2c(ncn2[C@]23O[C@@H]([C@H]2OP(=O)(O)O)[C@@H](CO)O3)c(=O)[nH]1,False,C10H12N5O8P,361.0423,24
Nc1nc2c(ncn2[C@@]23O[C@H](CO)[C@@H](O)[C@H]2OP(=O)(O)O3)c(=O)[nH]1,False,C10H12N5O8P,361.0423,24
Nc1nc2c(nc3n2[C@@H]2O[C@H](CO)[C@@H](O3)[C@H]2OP(=O)(O)O)c(=O)[nH]1,False,C10H12N5O8P,361.0423,24
Nc1nc2c(nc3n2[C@@H]2O[C@H](CO)[C@@H](O)[C@H]2OP(=O)(O)O3)c(=O)[nH]1,False,C10H12N5O8P,361.0423,24
CO[C@H]1[C@@H](OP(=O)(O)O)[C@H](n2cnc3c(=O)[nH]c(N)nc32)O[C@@H]1C=O,False,C11H14N5O8P,375.058,25
N#CC(O)[C@H]1O[C@@H](n2cnc3c(=O)[nH]c(N)nc32)[C@H](OP(=O)(O)O)[C@@H]1O,False,C11H13N6O8P,388.0532,26
COC[C@H]1O[C@@H](n2cnc3c(=O)[nH]c(N)nc32)[C@H](OP(=O)(O)O)[C@@H]1OC,False,C12H18N5O8P,391.0893,26
COC[C@H]1O[C@@H](n2c[n+](C)c3c(=O)[nH]c(N)nc32)[C@H](OP(=O)(O)O)[C@@H]1O,False,C12H19N5O8P+,392.0966,26
CO[C@H]1[C@@H](OP(=O)(O)O)[C@H](n2c[n+](C)c3c(=O)[nH]c(N)nc32)O[C@@H]1CO,False,C12H19N5O8P+,392.0966,26
CO[C@H]1[C@@H](OP(=O)(O)O)[C@H](n2cnc3c(=O)[nH]c(N)nc32)O[C@@H]1C,False,C11H16N5O7P,361.0787,24
C[n+]1cn([C@@]2(CO)OC[C@@H](O)[C@H]2OP(=O)(O)O)c2nc(N)[nH]c(=O)c21,False,C11H17N5O8P+,378.0809,25
C[n+]1cn([C@@H]2O[C@H](CO)[C@@H](O)[C@H]2OP(=O)(O)O)c2nc3nc([nH]3)c21,False,C11H15N5O7P+,360.0704,24
C[n+]1cn([C@@H]2O[C@H](C=O)[C@@H](O)[C@H]2OP(=O)(O)O)c2nc(N)[nH]c(=O)c21,False,C11H15N5O8P+,376.0653,25
C[C@H]1O[C@@H](n2c[n+](C)c3c(=O)[nH]c(N)nc32)[C@H](OP(=O)(O)O)[C@@H]1O,False,C11H17N5O7P+,362.086,24
Cn1c(N)nc2c(c1=O)[n+](C)cn2[C@@H]1O[C@H](CO)[C@@H](O)[C@H]1OP(=O)(O)O,False,C12H19N5O8P+,392.0966,26
Nc1nc2c([nH+]cn2[C@@H]2O[C@H](CO)[C@@H](O)[C@H]2OP(=O)(O)O)c(=O)[nH]1,False,C10H15N5O8P+,364.0653,24
CNc1nc2c(c(=O)[nH]1)[n+](C)cn2[C@@H]1O[C@H](CO)[C@@H](O)[C@H]1OP(=O)(O)O,False,C12H19N5O8P+,392.0966,26
CC(=O)Nc1nc2c(ncn2[C@@H]2O[C@H](C)[C@@H](O)[C@H]2OP(=O)(O)O)c(=O)[nH]1,False,C12H16N5O8P,389.0736,26
CC(=O)O[C@H]1[C@@H](OP(=O)(O)O)[C@H](n2cnc3c(=O)[nH]c(N)nc32)O[C@@H]1C,False,C12H16N5O8P,389.0736,26
O=c1[nH]c2nc3c1ncn3[C@@H]1O[C@H](C=N2)[C@@H](O)[C@H]1OS(=O)(=O)O,False,C10H9N5O7S,343.0223,23
O=c1[nH]c2nc3c1ncn3[C@@H]1O[C@H](C=N2)[C@@H](OS(=O)(=O)O)[C@H]1O,False,C10H9N5O7S,343.0223,23
CO[C@@H]1[C@H](O)[C@H]2C=Nc3nc4c(ncn4[C@@H]1O2)c(=O)[nH]3,False,C11H11N5O4,277.0811,20
CO[C@H]1[C@@H](O)[C@H]2O[C@@H]1C=Nc1nc3c(ncn32)c(=O)[nH]1,False,C11H11N5O4,277.0811,20
CC(=O)O[C@@H]1[C@H](O)[C@H]2C=Nc3nc4c(ncn4[C@@H]1O2)c(=O)[nH]3,False,C12H11N5O5,305.076,22
CC(=O)O[C@H]1[C@@H](O)[C@H]2O[C@@H]1C=Nc1nc3c(ncn32)c(=O)[nH]1,False,C12H11N5O5,305.076,22
Nc1nc2c(ncn2[C@@H]2O[C@@H]3O[C@]3(CO)[C@H]2O)c(=O)[nH]1,False,C10H11N5O5,281.076,20
Nc1nc2c(ncn2[C@@H]2O[C@@H]3O[C@H]3[C@@]2(O)CO)c(=O)[nH]1,False,C10H11N5O5,281.076,20
Nc1nc2c(ncn2[C@@]2(CO)O[C@@H]3O[C@H]3[C@H]2O)c(=O)[nH]1,False,C10H11N5O5,281.076,20
Nc1nc2c(nc(CO)n2[C@@H]2O[C@@H]3O[C@H]3[C@H]2O)c(=O)[nH]1,False,C10H11N5O5,281.076,20
Nc1nc2c(ncn2[C@@H]2O[C@]3(COP(=O)(O)O)O[C@H]3[C@H]2O)c(=O)[nH]1,False,C10H12N5O8P,361.0423,24
Nc1nc2c(ncn2[C@@H]2O[C@]3(C=O)O[C@H]3[C@H]2O)c(=O)[nH]1,False,C10H9N5O5,279.0604,20
Nc1nc2c(ncn2[C@@H]2O[C@]3(CO)O[C@H]3[C@H]2OS(=O)(=O)O)c(=O)[nH]1,False,C10H11N5O8S,361.0328,24
Nc1nc2c(ncn2[C@@H]2O[C@]3(COS(=O)(=O)O)O[C@H]3[C@H]2O)c(=O)[nH]1,False,C10H11N5O8S,361.0328,24
COC[C@]12O[C@@H](n3cnc4c(=O)[nH]c(N)nc43)[C@H](O)[C@@H]1O2,False,C11H13N5O5,295.0917,21
CO[C@H]1[C@H](n2cnc3c(=O)[nH]c(N)nc32)O[C@]2(CO)O[C@@H]12,False,C11H13N5O5,295.0917,21
CC(=O)Nc1nc2c(ncn2[C@@H]2O[C@]3(CO)O[C@H]3[C@H]2O)c(=O)[nH]1,False,C12H13N5O6,323.0866,23
CC(=O)OC[C@]12O[C@@H](n3cnc4c(=O)[nH]c(N)nc43)[C@H](O)[C@@H]1O2,False,C12H13N5O6,323.0866,23
CC(=O)O[C@H]1[C@H](n2cnc3c(=O)[nH]c(N)nc32)O[C@]2(CO)O[C@@H]12,False,C12H13N5O6,323.0866,23
Nc1nc2c(ncn2[C@@H]2O[C@@](O)(CO)[C@@H](O)[C@H]2O)c(=O)[nH]1,False,C10H13N5O6,299.0866,21
C[C@]12O[C@@H](n3cnc4c(=O)[nH]c(N)nc43)[C@H](O)[C@@H]1O2,False,C10H11N5O4,265.0811,19
Nc1nc2c(ncn2[C@@H]2OC(CO)=C[C@H]2O)c(=O)[nH]1,False,C10H11N5O4,265.0811,19
Nc1nc2c(ncn2[C@@H]2O[C@]3(C(=O)O)O[C@H]3[C@H]2O)c(=O)[nH]1,False,C10H9N5O6,295.0553,21
Nc1nc2c(ncn2[C@@H]2O[C@@H]3O[C@@H]2[C@]3(O)CO)c(=O)[nH]1,False,C10H11N5O5,281.076,20
Nc1nc2c(ncn2[C@@H]2O[C@@H]3O[C@@]2(CO)[C@@H]3O)c(=O)[nH]1,False,C10H11N5O5,281.076,20
Nc1nc2c(ncn2[C@@]2(CO)O[C@@H]3O[C@@H]2[C@@H]3O)c(=O)[nH]1,False,C10H11N5O5,281.076,20
Nc1nc2c(nc(CO)n2[C@@H]2O[C@@H]3O[C@@H]2[C@@H]3O)c(=O)[nH]1,False,C10H11N5O5,281.076,20
Nc1nc2c(ncn2[C@@H]2O[C@]3(COP(=O)(O)O)O[C@@H]2[C@@H]3O)c(=O)[nH]1,False,C10H12N5O8P,361.0423,24
Nc1nc2c(ncn2[C@@H]2O[C@]3(C=O)O[C@@H]2[C@@H]3O)c(=O)[nH]1,False,C10H9N5O5,279.0604,20
Nc1nc2c(ncn2[C@@H]2O[C@]3(CO)O[C@@H]2[C@@H]3OS(=O)(=O)O)c(=O)[nH]1,False,C10H11N5O8S,361.0328,24
Nc1nc2c(ncn2[C@@H]2O[C@]3(COS(=O)(=O)O)O[C@@H]2[C@@H]3O)c(=O)[nH]1,False,C10H11N5O8S,361.0328,24
COC[C@]12O[C@@H]([C@H](n3cnc4c(=O)[nH]c(N)nc43)O1)[C@@H]2O,False,C11H13N5O5,295.0917,21
CO[C@H]1[C@H]2O[C@@]1(CO)O[C@H]2n1cnc2c(=O)[nH]c(N)nc21,False,C11H13N5O5,295.0917,21
CC(=O)Nc1nc2c(ncn2[C@@H]2O[C@]3(CO)O[C@@H]2[C@@H]3O)c(=O)[nH]1,False,C12H13N5O6,323.0866,23
CC(=O)OC[C@]12O[C@@H]([C@H](n3cnc4c(=O)[nH]c(N)nc43)O1)[C@@H]2O,False,C12H13N5O6,323.0866,23
CC(=O)O[C@H]1[C@H]2O[C@@]1(CO)O[C@H]2n1cnc2c(=O)[nH]c(N)nc21,False,C12H13N5O6,323.0866,23
C[C@]12O[C@@H]([C@H](n3cnc4c(=O)[nH]c(N)nc43)O1)[C@@H]2O,False,C10H11N5O4,265.0811,19
Nc1nc2c(ncn2[C@@H]2O[C@]3(C(=O)O)O[C@@H]2[C@@H]3O)c(=O)[nH]1,False,C10H9N5O6,295.0553,21
Nc1nc2c(ncn2[C@@H]2OC[C@@]3(O)O[C@]23CO)c(=O)[nH]1,False,C10H11N5O5,281.076,20
Nc1nc2c(nc(CO)n2[C@@H]2OC[C@@]3(O)O[C@@H]23)c(=O)[nH]1,False,C10H11N5O5,281.076,20
Nc1nc2c(ncn2[C@@H]2O[C@H](COP(=O)(O)O)[C@@]3(O)O[C@@H]23)c(=O)[nH]1,False,C10H12N5O8P,361.0423,24
Nc1nc2c(ncn2[C@@H]2O[C@H](C=O)[C@@]3(O)O[C@@H]23)c(=O)[nH]1,False,C10H9N5O5,279.0604,20
Nc1nc2c(ncn2[C@@H]2O[C@H](CO)[C@@]3(OS(=O)(=O)O)O[C@@H]23)c(=O)[nH]1,False,C10H11N5O8S,361.0328,24
Nc1nc2c(ncn2[C@@H]2O[C@H](COS(=O)(=O)O)[C@@]3(O)O[C@@H]23)c(=O)[nH]1,False,C10H11N5O8S,361.0328,24
COC[C@H]1O[C@@H](n2cnc3c(=O)[nH]c(N)nc32)[C@@H]2O[C@]12O,False,C11H13N5O5,295.0917,21
CO[C@]12O[C@H]1[C@H](n1cnc3c(=O)[nH]c(N)nc31)O[C@@H]2CO,False,C11H13N5O5,295.0917,21
CC(=O)Nc1nc2c(ncn2[C@@H]2O[C@H](CO)[C@@]3(O)O[C@@H]23)c(=O)[nH]1,False,C12H13N5O6,323.0866,23
CC(=O)OC[C@H]1O[C@@H](n2cnc3c(=O)[nH]c(N)nc32)[C@@H]2O[C@]12O,False,C12H13N5O6,323.0866,23
CC(=O)O[C@]12O[C@H]1[C@H](n1cnc3c(=O)[nH]c(N)nc31)O[C@@H]2CO,False,C12H13N5O6,323.0866,23
Nc1nc2c(ncn2[C@@H]2O[C@H](CO)C(O)(O)[C@H]2O)c(=O)[nH]1,False,C10H13N5O6,299.0866,21
C[C@H]1O[C@@H](n2cnc3c(=O)[nH]c(N)nc32)[C@@H]2O[C@]12O,False,C10H11N5O4,265.0811,19
Nc1nc2c(ncn2[C@@H]2O[C@H](C(=O)O)[C@@]3(O)O[C@@H]23)c(=O)[nH]1,False,C10H9N5O6,295.0553,21
Nc1nc2c(ncn2[C@@H]2OC[C@]3(CO)O[C@@]23O)c(=O)[nH]1,False,C10H11N5O5,281.076,20
Nc1nc2c(nc(CO)n2[C@@H]2OC[C@H]3O[C@]32O)c(=O)[nH]1,False,C10H11N5O5,281.076,20
Nc1nc2c(ncn2[C@@H]2O[C@H](COP(=O)(O)O)[C@H]3O[C@]32O)c(=O)[nH]1,False,C10H12N5O8P,361.0423,24
Nc1nc2c(ncn2[C@@H]2O[C@H](C=O)[C@H]3O[C@]32O)c(=O)[nH]1,False,C10H9N5O5,279.0604,20
Nc1nc2c(ncn2[C@@H]2O[C@H](CO)[C@H]3O[C@]32OS(=O)(=O)O)c(=O)[nH]1,False,C10H11N5O8S,361.0328,24
Nc1nc2c(ncn2[C@@H]2O[C@H](COS(=O)(=O)O)[C@H]3O[C@]32O)c(=O)[nH]1,False,C10H11N5O8S,361.0328,24
COC[C@H]1O[C@@H](n2cnc3c(=O)[nH]c(N)nc32)[C@]2(O)O[C@H]12,False,C11H13N5O5,295.0917,21
CO[C@@]12O[C@@H]1[C@@H](CO)O[C@H]2n1cnc2c(=O)[nH]c(N)nc21,False,C11H13N5O5,295.0917,21
CC(=O)Nc1nc2c(ncn2[C@@H]2O[C@H](CO)[C@H]3O[C@]32O)c(=O)[nH]1,False,C12H13N5O6,323.0866,23
CC(=O)OC[C@H]1O[C@@H](n2cnc3c(=O)[nH]c(N)nc32)[C@]2(O)O[C@H]12,False,C12H13N5O6,323.0866,23
CC(=O)O[C@@]12O[C@@H]1[C@@H](CO)O[C@H]2n1cnc2c(=O)[nH]c(N)nc21,False,C12H13N5O6,323.0866,23
Nc1nc2c(ncn2[C@@H]2O[C@H](CO)[C@@H](O)C2(O)O)c(=O)[nH]1,False,C10H13N5O6,299.0866,21
C[C@H]1O[C@@H](n2cnc3c(=O)[nH]c(N)nc32)[C@]2(O)O[C@H]12,False,C10H11N5O4,265.0811,19
Nc1nc2c(ncn2[C@@H]2O[C@H](C(=O)O)[C@H]3O[C@]32O)c(=O)[nH]1,False,C10H9N5O6,295.0553,21
Nc1nc2c(ncn2[C@]23OC[C@@H](O2)[C@@]3(O)CO)c(=O)[nH]1,False,C10H11N5O5,281.076,20
Nc1nc2c(ncn2[C@]23OC[C@](CO)(O2)[C@H]3O)c(=O)[nH]1,False,C10H11N5O5,281.076,20
Nc1nc2c(nc(CO)n2[C@]23OC[C@@H](O2)[C@H]3O)c(=O)[nH]1,False,C10H11N5O5,281.076,20
Nc1nc2c(ncn2[C@]23O[C@@H]([C@H]2O)[C@@H](COP(=O)(O)O)O3)c(=O)[nH]1,False,C10H12N5O8P,361.0423,24
Nc1nc2c(ncn2[C@]23O[C@@H]([C@H]2O)[C@@H](C=O)O3)c(=O)[nH]1,False,C10H9N5O5,279.0604,20
Nc1nc2c(ncn2[C@]23O[C@@H]([C@H]2OS(=O)(=O)O)[C@@H](CO)O3)c(=O)[nH]1,False,C10H11N5O8S,361.0328,24
Nc1nc2c(ncn2[C@]23O[C@@H]([C@H]2O)[C@@H](COS(=O)(=O)O)O3)c(=O)[nH]1,False,C10H11N5O8S,361.0328,24
COC[C@H]1O[C@@]2(n3cnc4c(=O)[nH]c(N)nc43)O[C@H]1[C@H]2O,False,C11H13N5O5,295.0917,21
CO[C@@H]1[C@@H]2O[C@]1(n1cnc3c(=O)[nH]c(N)nc31)O[C@@H]2CO,False,C11H13N5O5,295.0917,21
CC(=O)Nc1nc2c(ncn2[C@]23O[C@@H]([C@H]2O)[C@@H](CO)O3)c(=O)[nH]1,False,C12H13N5O6,323.0866,23
CC(=O)OC[C@H]1O[C@@]2(n3cnc4c(=O)[nH]c(N)nc43)O[C@H]1[C@H]2O,False,C12H13N5O6,323.0866,23
CC(=O)O[C@@H]1[C@@H]2O[C@]1(n1cnc3c(=O)[nH]c(N)nc31)O[C@@H]2CO,False,C12H13N5O6,323.0866,23
C[C@H]1O[C@@]2(n3cnc4c(=O)[nH]c(N)nc43)O[C@H]1[C@H]2O,False,C10H11N5O4,265.0811,19
Nc1nc2c(ncn2[C@@]23O[C@H]([C@@H](C(=O)O)O2)[C@H]3O)c(=O)[nH]1,False,C10H9N5O6,295.0553,21
Nc1nc2c(ncn2[C@@]23OC[C@@H](O)[C@]2(CO)O3)c(=O)[nH]1,False,C10H11N5O5,281.076,20
Nc1nc2c(ncn2[C@@]23OC[C@@](O)(CO)[C@H]2O3)c(=O)[nH]1,False,C10H11N5O5,281.076,20
Nc1nc2c(nc(CO)n2[C@@]23OC[C@@H](O)[C@H]2O3)c(=O)[nH]1,False,C10H11N5O5,281.076,20
Nc1nc2c(ncn2[C@]23O[C@@H]2[C@H](O)[C@@H](COP(=O)(O)O)O3)c(=O)[nH]1,False,C10H12N5O8P,361.0423,24
Nc1nc2c(ncn2[C@]23O[C@@H]2[C@H](O)[C@@H](C=O)O3)c(=O)[nH]1,False,C10H9N5O5,279.0604,20
Nc1nc2c(ncn2[C@]23O[C@@H]2[C@H](OS(=O)(=O)O)[C@@H](CO)O3)c(=O)[nH]1,False,C10H11N5O8S,361.0328,24
Nc1nc2c(ncn2[C@]23O[C@@H]2[C@H](O)[C@@H](COS(=O)(=O)O)O3)c(=O)[nH]1,False,C10H11N5O8S,361.0328,24
COC[C@H]1O[C@@]2(n3cnc4c(=O)[nH]c(N)nc43)O[C@@H]2[C@@H]1O,False,C11H13N5O5,295.0917,21
CO[C@H]1[C@H]2O[C@]2(n2cnc3c(=O)[nH]c(N)nc32)O[C@@H]1CO,False,C11H13N5O5,295.0917,21
CC(=O)Nc1nc2c(ncn2[C@]23O[C@@H]2[C@H](O)[C@@H](CO)O3)c(=O)[nH]1,False,C12H13N5O6,323.0866,23
CC(=O)OC[C@H]1O[C@@]2(n3cnc4c(=O)[nH]c(N)nc43)O[C@@H]2[C@@H]1O,False,C12H13N5O6,323.0866,23
CC(=O)O[C@H]1[C@H]2O[C@]2(n2cnc3c(=O)[nH]c(N)nc32)O[C@@H]1CO,False,C12H13N5O6,323.0866,23
Nc1nc2c(ncn2[C@@]2(O)O[C@H](CO)[C@@H](O)[C@H]2O)c(=O)[nH]1,False,C10H13N5O6,299.0866,21
C[C@H]1O[C@@]2(n3cnc4c(=O)[nH]c(N)nc43)O[C@@H]2[C@@H]1O,False,C10H11N5O4,265.0811,19
Nc1nc2c(ncn2[C@@]23O[C@H](C(=O)O)[C@@H](O)[C@H]2O3)c(=O)[nH]1,False,C10H9N5O6,295.0553,21
Nc1nc2c(nc3n2[C@@H]2OC[C@@H](O3)[C@@]2(O)CO)c(=O)[nH]1,False,C10H11N5O5,281.076,20
Nc1nc2c(nc3n2[C@@H]2OC[C@](CO)(O3)[C@H]2O)c(=O)[nH]1,False,C10H11N5O5,281.076,20
Nc1nc2c(nc3n2[C@@H]2O[C@H](C=O)[C@@H](O3)[C@H]2O)c(=O)[nH]1,False,C10H9N5O5,279.0604,20
Nc1nc2c(nc3n2[C@@H]2O[C@H](CO)[C@@H](O3)[C@H]2OS(=O)(=O)O)c(=O)[nH]1,False,C10H11N5O8S,361.0328,24
Nc1nc2c(nc3n2[C@@H]2O[C@H](COS(=O)(=O)O)[C@@H](O3)[C@H]2O)c(=O)[nH]1,False,C10H11N5O8S,361.0328,24
COC[C@H]1O[C@@H]2[C@H](O)[C@@H]1Oc1nc3c(=O)[nH]c(N)nc3n12,False,C11H13N5O5,295.0917,21
CO[C@@H]1[C@@H]2Oc3nc4c(=O)[nH]c(N)nc4n3[C@@H]1O[C@@H]2CO,False,C11H13N5O5,295.0917,21
CC(=O)Nc1nc2c(nc3n2[C@@H]2O[C@H](CO)[C@@H](O3)[C@H]2O)c(=O)[nH]1,False,C12H13N5O6,323.0866,23
CC(=O)OC[C@H]1O[C@@H]2[C@H](O)[C@@H]1Oc1nc3c(=O)[nH]c(N)nc3n12,False,C12H13N5O6,323.0866,23
CC(=O)O[C@@H]1[C@@H]2Oc3nc4c(=O)[nH]c(N)nc4n3[C@@H]1O[C@@H]2CO,False,C12H13N5O6,323.0866,23
Nc1nc2c(nc3n2[C@@H]2O[C@H](COP(=O)(O)O)[C@@H](O3)[C@H]2O)c(=O)[nH]1,False,C10H12N5O8P,361.0423,24
C[C@H]1O[C@@H]2[C@H](O)[C@@H]1Oc1nc3c(=O)[nH]c(N)nc3n12,False,C10H11N5O4,265.0811,19
Nc1nc2c(nc3n2[C@@H]2O[C@H](C(=O)O)[C@@H](O3)[C@H]2O)c(=O)[nH]1,False,C10H9N5O6,295.0553,21
Nc1nc2c(nc3n2[C@@H]2OC[C@@H](O)[C@]2(CO)O3)c(=O)[nH]1,False,C10H11N5O5,281.076,20
Nc1nc2c(nc3n2[C@@H]2OC[C@@](O)(CO)[C@H]2O3)c(=O)[nH]1,False,C10H11N5O5,281.076,20
Nc1nc2c(nc3n2[C@@H]2O[C@H](COP(=O)(O)O)[C@@H](O)[C@H]2O3)c(=O)[nH]1,False,C10H12N5O8P,361.0423,24
Nc1nc2c(nc3n2[C@@H]2O[C@H](C=O)[C@@H](O)[C@H]2O3)c(=O)[nH]1,False,C10H9N5O5,279.0604,20
Nc1nc2c(nc3n2[C@@H]2O[C@H](CO)[C@@H](OS(=O)(=O)O)[C@H]2O3)c(=O)[nH]1,False,C10H11N5O8S,361.0328,24
Nc1nc2c(nc3n2[C@@H]2O[C@H](COS(=O)(=O)O)[C@@H](O)[C@H]2O3)c(=O)[nH]1,False,C10H11N5O8S,361.0328,24
COC[C@H]1O[C@@H]2[C@H](Oc3nc4c(=O)[nH]c(N)nc4n32)[C@@H]1O,False,C11H13N5O5,295.0917,21
CO[C@H]1[C@H]2Oc3nc4c(=O)[nH]c(N)nc4n3[C@@H]2O[C@@H]1CO,False,C11H13N5O5,295.0917,21
CC(=O)Nc1nc2c(nc3n2[C@@H]2O[C@H](CO)[C@@H](O)[C@H]2O3)c(=O)[nH]1,False,C12H13N5O6,323.0866,23
CC(=O)OC[C@H]1O[C@@H]2[C@H](Oc3nc4c(=O)[nH]c(N)nc4n32)[C@@H]1O,False,C12H13N5O6,323.0866,23
CC(=O)O[C@H]1[C@H]2Oc3nc4c(=O)[nH]c(N)nc4n3[C@@H]2O[C@@H]1CO,False,C12H13N5O6,323.0866,23
C[C@H]1O[C@@H]2[C@H](Oc3nc4c(=O)[nH]c(N)nc4n32)[C@@H]1O,False,C10H11N5O4,265.0811,19
Nc1nc2c(nc3n2[C@@H]2O[C@H](C(=O)O)[C@@H](O)[C@H]2O3)c(=O)[nH]1,False,C10H9N5O6,295.0553,21
Nc1nc2c(ncn2[C@@H]2O[C@H](CO)C3(OS(=O)(=O)O3)[C@H]2O)c(=O)[nH]1,False,C10H11N5O8S,361.0328,24
Nc1nc2c(ncn2[C@@H]2O[C@]3(CO)OS(=O)(=O)O[C@H]3[C@H]2O)c(=O)[nH]1,False,C10H11N5O8S,361.0328,24
Nc1nc2c(ncn2[C@@H]2O[C@H](CO)[C@H]3OS(=O)(=O)O[C@]32O)c(=O)[nH]1,False,C10H11N5O8S,361.0328,24
Nc1nc2c(ncn2[C@]23O[C@H](CO)[C@@H](OS(=O)(=O)O2)[C@H]3O)c(=O)[nH]1,False,C10H11N5O8S,361.0328,24
Nc1nc2c(nc3n2[C@@H]2O[C@H](CO)[C@@H](OS(=O)(=O)O3)[C@H]2O)c(=O)[nH]1,False,C10H11N5O8S,361.0328,24
CO[C@@H]1[C@H](OS(=O)(=O)O)[C@@H](C=O)O[C@H]1n1cnc2c(=O)[nH]c(N)nc21,False,C11H13N5O8S,375.0485,25
N#CC(O)[C@H]1O[C@@H](n2cnc3c(=O)[nH]c(N)nc32)[C@H](O)[C@@H]1OS(=O)(=O)O,False,C11H12N6O8S,388.0437,26
Nc1nc2c(ncn2[C@@H]2O[C@H](CO)[C@@H](O)C23OS(=O)(=O)O3)c(=O)[nH]1,False,C10H11N5O8S,361.0328,24
Nc1nc2c(ncn2[C@@H]2O[C@H](CO)[C@@]3(O)OS(=O)(=O)O[C@@H]23)c(=O)[nH]1,False,C10H11N5O8S,361.0328,24
Nc1nc2c(ncn2[C@@]23O[C@H](CO)[C@@H](O)[C@H]2OS(=O)(=O)O3)c(=O)[nH]1,False,C10H11N5O8S,361.0328,24
Nc1nc2c(ncn2[C@@H]2O[C@]3(CO)OS(=O)(=O)O[C@@H]2[C@@H]3O)c(=O)[nH]1,False,C10H11N5O8S,361.0328,24
Nc1nc2c(nc3n2[C@@H]2O[C@H](CO)[C@@H](O)[C@H]2OS(=O)(=O)O3)c(=O)[nH]1,False,C10H11N5O8S,361.0328,24
CO[C@H]1[C@@H](OS(=O)(=O)O)[C@H](n2cnc3c(=O)[nH]c(N)nc32)O[C@@H]1C=O,False,C11H13N5O8S,375.0485,25
N#CC(O)[C@H]1O[C@@H](n2cnc3c(=O)[nH]c(N)nc32)[C@H](OS(=O)(=O)O)[C@@H]1O,False,C11H12N6O8S,388.0437,26
Nc1nc2c(ncn2[C@@H]2O[C@H](CO)[C@H]3OCO[C@H]32)c(=O)[nH]1,False,C11H13N5O5,295.0917,21
CO[C@@H]1[C@H](OC)[C@@H](C=O)O[C@H]1n1cnc2c(=O)[nH]c(N)nc21,False,C12H15N5O5,309.1073,22
CO[C@H]1[C@@H](O)[C@H](n2cnc3c(=O)[nH]c(NC(C)=O)nc32)O[C@@H]1C=O,False,C13H15N5O6,337.1022,24
CO[C@H]1[C@@H](OC(C)=O)[C@H](n2cnc3c(=O)[nH]c(N)nc32)O[C@@H]1C=O,False,C13H15N5O6,337.1022,24
CO[C@H]1[C@@H](O)[C@H](n2cnc3c(=O)[nH]c(N)nc32)O[C@@H]1C(O)C#N,False,C12H14N6O5,322.1026,23
Nc1nc2c(ncn2[C@@H]2O[C@H](C=O)[C@@H](OC=O)[C@H]2O)c(=O)[nH]1,False,C11H11N5O6,309.0709,22
CO[C@@H]1[C@H](O)[C@@H](C=O)O[C@H]1n1cnc2c(=O)[nH]c(NC(C)=O)nc21,False,C13H15N5O6,337.1022,24
CO[C@@H]1[C@H](OC(C)=O)[C@@H](C=O)O[C@H]1n1cnc2c(=O)[nH]c(N)nc21,False,C13H15N5O6,337.1022,24
CO[C@@H]1[C@H](O)[C@@H](C(O)C#N)O[C@H]1n1cnc2c(=O)[nH]c(N)nc21,False,C12H14N6O5,322.1026,23
Nc1nc2c(ncn2[C@@H]2O[C@H](C=O)[C@@H](O)[C@H]2OC=O)c(=O)[nH]1,False,C11H11N5O6,309.0709,22
C[C@]1(n2cnc3c(=O)[nH]c(NC=O)nc32)O[C@H](C=O)[C@@H](O)[C@H]1O,False,C12H13N5O6,323.0866,23
Cc1nc2c(=O)[nH]c(NC=O)nc2n1[C@@H]1O[C@H](C=O)[C@@H](O)[C@H]1O,False,C12H13N5O6,323.0866,23
C[C@]1(O)[C@H](O)[C@@H](C=O)O[C@H]1n1cnc2c(=O)[nH]c(NC=O)nc21,False,C12H13N5O6,323.0866,23
C[C@@]1(C=O)O[C@@H](n2cnc3c(=O)[nH]c(NC=O)nc32)[C@H](O)[C@@H]1O,False,C12H13N5O6,323.0866,23
C[C@]1(O)[C@@H](C=O)O[C@@H](n2cnc3c(=O)[nH]c(NC=O)nc32)[C@@H]1O,False,C12H13N5O6,323.0866,23
CC(=O)[C@H]1O[C@@H](n2cnc3c(=O)[nH]c(NC=O)nc32)[C@H](O)[C@@H]1O,False,C12H13N5O6,323.0866,23
O=C[C@H]1O[C@@H]2[C@H](OCC(O)Nc3nc4c(ncn42)c(=O)[nH]3)[C@@H]1O,False,C12H13N5O6,323.0866,23
O=C1CO[C@@H]2[C@H](O)[C@@H](CO)O[C@H]2n2cnc3c(=O)[nH]c(nc32)N1,False,C12H13N5O6,323.0866,23
O=C[C@H]1O[C@@H]2[C@H](O)[C@@H]1OCC(O)Nc1nc3c(ncn32)c(=O)[nH]1,False,C12H13N5O6,323.0866,23
O=C1CO[C@H]2[C@@H](O)[C@@H](O[C@@H]2CO)n2cnc3c(=O)[nH]c(nc32)N1,False,C12H13N5O6,323.0866,23
CC(O)Nc1nc2c(ncn2[C@]23O[C@@H]2[C@H](O)[C@@H](C=O)O3)c(=O)[nH]1,False,C12H13N5O6,323.0866,23
CC(O)Nc1nc2c(ncn2[C@]23O[C@@H]([C@H]2O)[C@@H](C=O)O3)c(=O)[nH]1,False,C12H13N5O6,323.0866,23
CC(O)Nc1nc2c(nc3n2[C@@H]2O[C@H](C=O)[C@@H](O)[C@H]2O3)c(=O)[nH]1,False,C12H13N5O6,323.0866,23
CC(O)Nc1nc2c(nc3n2[C@@H]2O[C@H](C=O)[C@@H](O3)[C@H]2O)c(=O)[nH]1,False,C12H13N5O6,323.0866,23
CC(O)Nc1nc2c(ncn2[C@@H]2O[C@H](C=O)[C@H]3O[C@]32O)c(=O)[nH]1,False,C12H13N5O6,323.0866,23
CC(O)Nc1nc2c(ncn2[C@@H]2O[C@]3(C=O)O[C@@H]2[C@@H]3O)c(=O)[nH]1,False,C12H13N5O6,323.0866,23
CC(O)Nc1nc2c(ncn2[C@@H]2O[C@]3(C=O)O[C@H]3[C@H]2O)c(=O)[nH]1,False,C12H13N5O6,323.0866,23
CC(O)Nc1nc2c(ncn2[C@@H]2O[C@H](C=O)[C@@]3(O)O[C@@H]23)c(=O)[nH]1,False,C12H13N5O6,323.0866,23
CC(O)Nc1nc2c(ncn2[C@@H]2O[C@@H]3C(=O)O[C@@H]2[C@@H]3O)c(=O)[nH]1,False,C12H13N5O6,323.0866,23
CC(O)Nc1nc2c(ncn2[C@@H]2O[C@@H]3C(=O)O[C@H]3[C@H]2O)c(=O)[nH]1,False,C12H13N5O6,323.0866,23
CC(O)Nc1nc2c(ncn2[C@@H]2O[C@H](C=O)[C@@H](O)[C@H]2O)c(=O)[nH]1,False,C12H15N5O6,325.1022,23
CC(=O)N(C)c1nc2c(ncn2[C@@H]2O[C@H](C=O)[C@@H](O)[C@H]2O)c(=O)[nH]1,False,C13H15N5O6,337.1022,24
CCC(=O)Nc1nc2c(ncn2[C@@H]2O[C@H](C=O)[C@@H](O)[C@H]2O)c(=O)[nH]1,False,C13H15N5O6,337.1022,24
CC(=O)N(C(C)=O)c1nc2c(ncn2[C@@H]2O[C@H](C=O)[C@@H](O)[C@H]2O)c(=O)[nH]1,False,C14H15N5O7,365.0971,26
CC(=O)Nc1nc2c(ncn2[C@@H]2O[C@H](C=O)[C@@H](O)[C@H]2OC(C)=O)c(=O)[nH]1,False,C14H15N5O7,365.0971,26
CC(=O)Nc1nc2c(ncn2[C@@H]2O[C@H](C=O)[C@@H](OC(C)=O)[C@H]2O)c(=O)[nH]1,False,C14H15N5O7,365.0971,26
O=C[C@H]1O[C@@H](n2cnc3c(=O)[nH]c(NC(=O)CC(=O)O)nc32)[C@H](O)[C@@H]1O,False,C13H13N5O8,367.0764,26
CC(=O)Nc1nc2c(ncn2[C@@H]2O[C@H](C(O)C#N)[C@@H](O)[C@H]2O)c(=O)[nH]1,False,C13H14N6O6,350.0975,25
CC(O)(C#N)Nc1nc2c(ncn2[C@@H]2O[C@H](C=O)[C@@H](O)[C@H]2O)c(=O)[nH]1,False,C13H14N6O6,350.0975,25
CC(N)Nc1nc2c(ncn2[C@@H]2O[C@H](C=O)[C@@H](O)[C@H]2O)c(=O)[nH]1,False,C12H16N6O5,324.1182,23
CC(=O)N(C(N)=O)c1nc2c(ncn2[C@@H]2O[C@H](C=O)[C@@H](O)[C@H]2O)c(=O)[nH]1,False,C13H14N6O7,366.0924,26
O=C[C@H]1O[C@@H](n2cnc3c(=O)[nH]c(NC(=O)CO)nc32)[C@H](O)[C@@H]1O,False,C12H13N5O7,339.0815,24
COC(=O)Nc1nc2c(ncn2[C@@H]2O[C@H](C=O)[C@@H](O)[C@H]2O)c(=O)[nH]1,False,C12H13N5O7,339.0815,24
CC(O)Nc1nc2c(ncn2[C@@H]2O[C@H](C(=O)O)[C@@H](O)[C@H]2O)c(=O)[nH]1,False,C12H15N5O7,341.0971,24
O=C[C@H]1O[C@@H](n2cnc3c(=O)[nH]c(NC(O)CO)nc32)[C@H](O)[C@@H]1O,False,C12H15N5O7,341.0971,24
O=CNc1nc2c(ncn2[C@@H]2O[C@H](C=O)[C@@H](O)[C@H]2O)c(=O)[nH]1,False,C11H11N5O6,309.0709,22
CC(=O)Nc1nc2c(ncn2[C@@]2(C)O[C@H](C=O)[C@@H](O)[C@H]2O)c(=O)[nH]1,False,C13H15N5O6,337.1022,24
CC(=O)Nc1nc2c(nc(C)n2[C@@H]2O[C@H](C=O)[C@@H](O)[C@H]2O)c(=O)[nH]1,False,C13H15N5O6,337.1022,24
CC(=O)Nc1nc2c(ncn2[C@@H]2O[C@H](C=O)[C@@H](O)[C@]2(C)O)c(=O)[nH]1,False,C13H15N5O6,337.1022,24
CC(=O)Nc1nc2c(ncn2[C@@H]2O[C@@](C)(C=O)[C@@H](O)[C@H]2O)c(=O)[nH]1,False,C13H15N5O6,337.1022,24
CC(=O)Nc1nc2c(ncn2[C@@H]2O[C@H](C=O)[C@](C)(O)[C@H]2O)c(=O)[nH]1,False,C13H15N5O6,337.1022,24
CC(=O)Nc1nc2c(ncn2[C@@H]2O[C@H](C(C)=O)[C@@H](O)[C@H]2O)c(=O)[nH]1,False,C13H15N5O6,337.1022,24
C[C@]1(OC=O)[C@@H](C=O)O[C@@H](n2cnc3c(=O)[nH]c(N)nc32)[C@@H]1O,False,C12H13N5O6,323.0866,23
C[C@@]1(C=O)O[C@@H](n2cnc3c(=O)[nH]c(N)nc32)[C@H](O)[C@@H]1OC=O,False,C12H13N5O6,323.0866,23
C[C@]1(O)[C@H](OC=O)[C@@H](C=O)O[C@H]1n1cnc2c(=O)[nH]c(N)nc21,False,C12H13N5O6,323.0866,23
CC(=O)[C@H]1O[C@@H](n2cnc3c(=O)[nH]c(N)nc32)[C@H](O)[C@@H]1OC=O,False,C12H13N5O6,323.0866,23
C[C@]1(n2cnc3c(=O)[nH]c(N)nc32)O[C@H](C=O)[C@@H](OC=O)[C@H]1O,False,C12H13N5O6,323.0866,23
Cc1nc2c(=O)[nH]c(N)nc2n1[C@@H]1O[C@H](C=O)[C@@H](OC=O)[C@H]1O,False,C12H13N5O6,323.0866,23
CC1=Nc2nc3c(ncn3[C@@H]3O[C@H](C=O)[C@@H](O1)[C@H]3O)c(=O)[nH]2,False,C12H11N5O5,305.076,22
Nc1nc2c(ncn2[C@@H]2O[C@H](C=O)[C@H]3OC(O)CO[C@H]32)c(=O)[nH]1,False,C12H13N5O6,323.0866,23
Nc1nc2c(ncn2[C@@H]2O[C@H](CO)[C@H]3OC(=O)CO[C@H]32)c(=O)[nH]1,False,C12H13N5O6,323.0866,23
CC(O)O[C@]12O[C@H]1[C@H](n1cnc3c(=O)[nH]c(N)nc31)O[C@@H]2C=O,False,C12H13N5O6,323.0866,23
CC(O)O[C@H]1[C@H]2O[C@@]1(C=O)O[C@H]2n1cnc2c(=O)[nH]c(N)nc21,False,C12H13N5O6,323.0866,23
CC(O)O[C@H]1[C@H]2OC(=O)[C@H]1O[C@H]2n1cnc2c(=O)[nH]c(N)nc21,False,C12H13N5O6,323.0866,23
CC(O)O[C@H]1[C@H]2O[C@]2(n2cnc3c(=O)[nH]c(N)nc32)O[C@@H]1C=O,False,C12H13N5O6,323.0866,23
CC(O)O[C@H]1[C@H]2Oc3nc4c(=O)[nH]c(N)nc4n3[C@@H]2O[C@@H]1C=O,False,C12H13N5O6,323.0866,23
CC(O)O[C@H]1[C@@H](O)[C@H](n2cnc3c(=O)[nH]c(N)nc32)O[C@@H]1C=O,False,C12H15N5O6,325.1022,23
CCO[C@H]1[C@@H](O)[C@H](n2cnc3c(=O)[nH]c(N)nc32)O[C@@H]1C=O,False,C12H15N5O5,309.1073,22
CCC(=O)O[C@H]1[C@@H](O)[C@H](n2cnc3c(=O)[nH]c(N)nc32)O[C@@H]1C=O,False,C13H15N5O6,337.1022,24
CC(=O)O[C@@H]1[C@H](OC(C)=O)[C@@H](C=O)O[C@H]1n1cnc2c(=O)[nH]c(N)nc21,False,C14H15N5O7,365.0971,26
Nc1nc2c(ncn2[C@@H]2O[C@H](C=O)[C@@H](OC(=O)CC(=O)O)[C@H]2O)c(=O)[nH]1,False,C13H13N5O8,367.0764,26
CC(=O)O[C@H]1[C@@H](O)[C@H](n2cnc3c(=O)[nH]c(N)nc32)O[C@@H]1C(O)C#N,False,C13H14N6O6,350.0975,25
CC(O)(C#N)O[C@H]1[C@@H](O)[C@H](n2cnc3c(=O)[nH]c(N)nc32)O[C@@H]1C=O,False,C13H14N6O6,350.0975,25
CC(N)O[C@H]1[C@@H](O)[C@H](n2cnc3c(=O)[nH]c(N)nc32)O[C@@H]1C=O,False,C12H16N6O5,324.1182,23
Nc1nc2c(ncn2[C@@H]2O[C@H](C=O)[C@@H](OC(=O)CO)[C@H]2O)c(=O)[nH]1,False,C12H13N5O7,339.0815,24
COC(=O)O[C@H]1[C@@H](O)[C@H](n2cnc3c(=O)[nH]c(N)nc32)O[C@@H]1C=O,False,C12H13N5O7,339.0815,24
CC(O)O[C@H]1[C@@H](O)[C@H](n2cnc3c(=O)[nH]c(N)nc32)O[C@@H]1C(=O)O,False,C12H15N5O7,341.0971,24
Nc1nc2c(ncn2[C@@H]2O[C@H](C=O)[C@@H](OC(O)CO)[C@H]2O)c(=O)[nH]1,False,C12H15N5O7,341.0971,24
CC(=O)[C@H]1[C@@H](O)[C@H](n2cnc3c(=O)[nH]c(N)nc32)O[C@@H]1C=O,False,C12H13N5O5,307.0917,22
CC(=O)O[C@H]1[C@@H](O)[C@H](n2cnc3c(=O)n(C(C)=O)c(N)nc32)O[C@@H]1C=O,False,C14H15N5O7,365.0971,26
CC(=O)O[C@@]1(C)[C@@H](C=O)O[C@@H](n2cnc3c(=O)[nH]c(N)nc32)[C@@H]1O,False,C13H15N5O6,337.1022,24
CC(=O)O[C@H]1[C@@H](O)[C@H](n2cnc3c(=O)[nH]c(N)nc32)O[C@@]1(C)C=O,False,C13H15N5O6,337.1022,24
CC(=O)O[C@@H]1[C@@H](C=O)O[C@@H](n2cnc3c(=O)[nH]c(N)nc32)[C@@]1(C)O,False,C13H15N5O6,337.1022,24
CC(=O)O[C@H]1[C@@H](O)[C@H](n2cnc3c(=O)[nH]c(N)nc32)O[C@@H]1C(C)=O,False,C13H15N5O6,337.1022,24
CC(=O)O[C@H]1[C@@H](O)[C@@](C)(n2cnc3c(=O)[nH]c(N)nc32)O[C@@H]1C=O,False,C13H15N5O6,337.1022,24
CC(=O)O[C@H]1[C@@H](O)[C@H](n2c(C)nc3c(=O)[nH]c(N)nc32)O[C@@H]1C=O,False,C13H15N5O6,337.1022,24
C[C@]1(OC=O)[C@H](O)[C@@H](C=O)O[C@H]1n1cnc2c(=O)[nH]c(N)nc21,False,C12H13N5O6,323.0866,23
C[C@]1(O)[C@@H](C=O)O[C@@H](n2cnc3c(=O)[nH]c(N)nc32)[C@@H]1OC=O,False,C12H13N5O6,323.0866,23
C[C@]1(n2cnc3c(=O)[nH]c(N)nc32)O[C@H](C=O)[C@@H](O)[C@H]1OC=O,False,C12H13N5O6,323.0866,23
C[C@@]1(C=O)O[C@@H](n2cnc3c(=O)[nH]c(N)nc32)[C@H](OC=O)[C@@H]1O,False,C12H13N5O6,323.0866,23
CC(=O)[C@H]1O[C@@H](n2cnc3c(=O)[nH]c(N)nc32)[C@H](OC=O)[C@@H]1O,False,C12H13N5O6,323.0866,23
Cc1nc2c(=O)[nH]c(N)nc2n1[C@@H]1O[C@H](C=O)[C@@H](O)[C@H]1OC=O,False,C12H13N5O6,323.0866,23
CC1=Nc2nc3c(ncn3[C@@H]3O[C@H](C=O)[C@@H](O)[C@H]3O1)c(=O)[nH]2,False,C12H11N5O5,305.076,22
Nc1nc2c(ncn2[C@@H]2O[C@H](C=O)[C@H]3OCC(O)O[C@H]32)c(=O)[nH]1,False,C12H13N5O6,323.0866,23
Nc1nc2c(ncn2[C@@H]2O[C@H](CO)[C@H]3OCC(=O)O[C@H]32)c(=O)[nH]1,False,C12H13N5O6,323.0866,23
CC(O)O[C@@]12O[C@@H]1[C@@H](C=O)O[C@H]2n1cnc2c(=O)[nH]c(N)nc21,False,C12H13N5O6,323.0866,23
CC(O)O[C@@H]1[C@@H]2O[C@]1(n1cnc3c(=O)[nH]c(N)nc31)O[C@@H]2C=O,False,C12H13N5O6,323.0866,23
CC(O)O[C@H]1[C@H](n2cnc3c(=O)[nH]c(N)nc32)O[C@]2(C=O)O[C@@H]12,False,C12H13N5O6,323.0866,23
CC(O)O[C@@H]1[C@@H]2OC(=O)[C@H]2O[C@H]1n1cnc2c(=O)[nH]c(N)nc21,False,C12H13N5O6,323.0866,23
CC(O)O[C@@H]1[C@@H]2Oc3nc4c(=O)[nH]c(N)nc4n3[C@@H]1O[C@@H]2C=O,False,C12H13N5O6,323.0866,23
CC(O)O[C@@H]1[C@H](O)[C@@H](C=O)O[C@H]1n1cnc2c(=O)[nH]c(N)nc21,False,C12H15N5O6,325.1022,23
CCO[C@@H]1[C@H](O)[C@@H](C=O)O[C@H]1n1cnc2c(=O)[nH]c(N)nc21,False,C12H15N5O5,309.1073,22
CCC(=O)O[C@@H]1[C@H](O)[C@@H](C=O)O[C@H]1n1cnc2c(=O)[nH]c(N)nc21,False,C13H15N5O6,337.1022,24
Nc1nc2c(ncn2[C@@H]2O[C@H](C=O)[C@@H](O)[C@H]2OC(=O)CC(=O)O)c(=O)[nH]1,False,C13H13N5O8,367.0764,26
CC(=O)O[C@@H]1[C@H](O)[C@@H](C(O)C#N)O[C@H]1n1cnc2c(=O)[nH]c(N)nc21,False,C13H14N6O6,350.0975,25
CC(O)(C#N)O[C@@H]1[C@H](O)[C@@H](C=O)O[C@H]1n1cnc2c(=O)[nH]c(N)nc21,False,C13H14N6O6,350.0975,25
CC(N)O[C@@H]1[C@H](O)[C@@H](C=O)O[C@H]1n1cnc2c(=O)[nH]c(N)nc21,False,C12H16N6O5,324.1182,23
Nc1nc2c(ncn2[C@@H]2O[C@H](C=O)[C@@H](O)[C@H]2OC(=O)CO)c(=O)[nH]1,False,C12H13N5O7,339.0815,24
COC(=O)O[C@@H]1[C@H](O)[C@@H](C=O)O[C@H]1n1cnc2c(=O)[nH]c(N)nc21,False,C12H13N5O7,339.0815,24
CC(O)O[C@@H]1[C@H](O)[C@@H](C(=O)O)O[C@H]1n1cnc2c(=O)[nH]c(N)nc21,False,C12H15N5O7,341.0971,24
Nc1nc2c(ncn2[C@@H]2O[C@H](C=O)[C@@H](O)[C@H]2OC(O)CO)c(=O)[nH]1,False,C12H15N5O7,341.0971,24
CC(=O)[C@@H]1[C@H](O)[C@@H](C=O)O[C@H]1n1cnc2c(=O)[nH]c(N)nc21,False,C12H13N5O5,307.0917,22
CC(=O)O[C@@H]1[C@H](O)[C@@H](C=O)O[C@H]1n1cnc2c(=O)n(C(C)=O)c(N)nc21,False,C14H15N5O7,365.0971,26
CC(=O)O[C@@]1(C)[C@H](O)[C@@H](C=O)O[C@H]1n1cnc2c(=O)[nH]c(N)nc21,False,C13H15N5O6,337.1022,24
CC(=O)O[C@H]1[C@H](n2cnc3c(=O)[nH]c(N)nc32)O[C@H](C=O)[C@]1(C)O,False,C13H15N5O6,337.1022,24
CC(=O)O[C@@H]1[C@H](O)[C@@H](C=O)O[C@]1(C)n1cnc2c(=O)[nH]c(N)nc21,False,C13H15N5O6,337.1022,24
CC(=O)O[C@H]1[C@H](n2cnc3c(=O)[nH]c(N)nc32)O[C@@](C)(C=O)[C@H]1O,False,C13H15N5O6,337.1022,24
CC(=O)O[C@@H]1[C@H](O)[C@@H](C(C)=O)O[C@H]1n1cnc2c(=O)[nH]c(N)nc21,False,C13H15N5O6,337.1022,24
CC(=O)O[C@@H]1[C@H](O)[C@@H](C=O)O[C@H]1n1c(C)nc2c(=O)[nH]c(N)nc21,False,C13H15N5O6,337.1022,24
N#C[C@@]1(CO)O[C@@H](n2cnc3c(=O)[nH]c(N)nc32)[C@H](O)[C@@H]1O,False,C11H12N6O5,308.0869,22
N#C[C@]1(O)[C@@H](CO)O[C@@H](n2cnc3c(=O)[nH]c(N)nc32)[C@@H]1O,False,C11H12N6O5,308.0869,22
N#C[C@]1(O)[C@H](O)[C@@H](CO)O[C@H]1n1cnc2c(=O)[nH]c(N)nc21,False,C11H12N6O5,308.0869,22
N#C[C@]1(n2cnc3c(=O)[nH]c(N)nc32)O[C@H](CO)[C@@H](O)[C@H]1O,False,C11H12N6O5,308.0869,22
N#Cc1nc2c(=O)[nH]c(N)nc2n1[C@@H]1O[C@H](CO)[C@@H](O)[C@H]1O,False,C11H12N6O5,308.0869,22
N#CC=O,False,C2HNO,55.0058,4
N#CC(OP(=O)(O)O)[C@H]1O[C@@H](n2cnc3c(=O)[nH]c(N)nc32)[C@H](O)[C@@H]1O,False,C11H13N6O8P,388.0532,26
N#CC(=O)[C@H]1O[C@@H](n2cnc3c(=O)[nH]c(N)nc32)[C@H](O)[C@@H]1O,False,C11H10N6O5,306.0713,22
N#CC(OS(=O)(=O)O)[C@H]1O[C@@H](n2cnc3c(=O)[nH]c(N)nc32)[C@H](O)[C@@H]1O,False,C11H12N6O8S,388.0437,26
COC(C#N)[C@H]1O[C@@H](n2cnc3c(=O)[nH]c(N)nc32)[C@H](O)[C@@H]1O,False,C12H14N6O5,322.1026,23
CC(O)(C#N)[C@H]1O[C@@H](n2cnc3c(=O)[nH]c(N)nc32)[C@H](O)[C@@H]1O,False,C12H14N6O5,322.1026,23
C[n+]1cn([C@@H]2O[C@H](C(O)C#N)[C@@H](O)[C@H]2O)c2nc(N)[nH]c(=O)c21,False,C12H15N6O5+,323.1098,23
CC(=O)OC(C#N)[C@H]1O[C@@H](n2cnc3c(=O)[nH]c(N)nc32)[C@H](O)[C@@H]1O,False,C13H14N6O6,350.0975,25
N#CC(O)(C(=O)O)[C@H]1O[C@@H](n2cnc3c(=O)[nH]c(N)nc32)[C@H](O)[C@@H]1O,False,C12H12N6O7,352.0767,25
N#CC(Cl)[C@H]1O[C@@H](n2cnc3c(=O)[nH]c(N)nc32)[C@H](O)[C@@H]1O,False,C11H11ClN6O4,326.053,22
NC(=O)C(O)[C@H]1O[C@@H](n2cnc3c(=O)[nH]c(N)nc32)[C@H](O)[C@@H]1O,False,C11H14N6O6,326.0975,23
Nc1nc2c(ncn2[C@@H]2O[C@H](C(O)C=NO)[C@@H](O)[C@H]2O)c(=O)[nH]1,False,C11H14N6O6,326.0975,23
N#CC[C@H]1O[C@@H](n2cnc3c(=O)[nH]c(N)nc32)[C@H](O)[C@@H]1O,False,C11H12N6O4,292.092,21
Nc1nc2c(ncn2[C@@H]2O[C@H](C(O)C(=O)O)[C@@H](O)[C@H]2O)c(=O)[nH]1,False,C11H13N5O7,327.0815,23
N#CC(O)(C#N)[C@H]1O[C@@H](n2cnc3c(=O)[nH]c(N)nc32)[C@H](O)[C@@H]1O,False,C12H11N7O5,333.0822,24
N#CC(O)[C@]1(C#N)O[C@@H](n2cnc3c(=O)[nH]c(N)nc32)[C@H](O)[C@@H]1O,False,C12H11N7O5,333.0822,24
N#CC(O)[C@H]1O[C@@H](n2cnc3c(=O)[nH]c(N)nc32)[C@H](O)[C@]1(O)C#N,False,C12H11N7O5,333.0822,24
N#CC(O)[C@H]1O[C@@H](n2cnc3c(=O)[nH]c(N)nc32)[C@](O)(C#N)[C@@H]1O,False,C12H11N7O5,333.0822,24
N#CC(O)[C@H]1O[C@](C#N)(n2cnc3c(=O)[nH]c(N)nc32)[C@H](O)[C@@H]1O,False,C12H11N7O5,333.0822,24
N#Cc1nc2c(=O)[nH]c(N)nc2n1[C@@H]1O[C@H](C(O)C#N)[C@@H](O)[C@H]1O,False,C12H11N7O5,333.0822,24
COC[C@H]1O[C@@H](n2cnc3c(=O)[nH]c(N)nc32)[C@H](OC)[C@@H]1OS(=O)(=O)O,False,C12H17N5O8S,391.0798,26
COC[C@H]1O[C@@H](n2c[n+](C)c3c(=O)[nH]c(N)nc32)[C@H](O)[C@@H]1OS(=O)(=O)O,False,C12H18N5O8S+,392.0871,26
CO[C@@H]1[C@H](OS(=O)(=O)O)[C@@H](CO)O[C@H]1n1c[n+](C)c2c(=O)[nH]c(N)nc21,False,C12H18N5O8S+,392.0871,26
CO[C@@H]1[C@H](OS(=O)(=O)O)[C@@H](C)O[C@H]1n1cnc2c(=O)[nH]c(N)nc21,False,C11H15N5O7S,361.0692,24
C[n+]1cn([C@@]2(CO)OC[C@@H](OS(=O)(=O)O)[C@H]2O)c2nc(N)[nH]c(=O)c21,False,C11H16N5O8S+,378.0714,25
C[n+]1cn([C@@H]2O[C@H](CO)[C@@H](OS(=O)(=O)O)[C@H]2O)c2nc3nc([nH]3)c21,False,C11H14N5O7S+,360.0608,24
C[n+]1cn([C@@H]2O[C@H](C=O)[C@@H](OS(=O)(=O)O)[C@H]2O)c2nc(N)[nH]c(=O)c21,False,C11H14N5O8S+,376.0558,25
C[C@H]1O[C@@H](n2c[n+](C)c3c(=O)[nH]c(N)nc32)[C@H](O)[C@@H]1OS(=O)(=O)O,False,C11H16N5O7S+,362.0765,24
Cn1c(N)nc2c(c1=O)[n+](C)cn2[C@@H]1O[C@H](CO)[C@@H](OS(=O)(=O)O)[C@H]1O,False,C12H18N5O8S+,392.0871,26
Nc1nc2c([nH+]cn2[C@@H]2O[C@H](CO)[C@@H](OS(=O)(=O)O)[C@H]2O)c(=O)[nH]1,False,C10H14N5O8S+,364.0558,24
CNc1nc2c(c(=O)[nH]1)[n+](C)cn2[C@@H]1O[C@H](CO)[C@@H](OS(=O)(=O)O)[C@H]1O,False,C12H18N5O8S+,392.0871,26
CC(=O)Nc1nc2c(ncn2[C@@H]2O[C@H](C)[C@@H](OS(=O)(=O)O)[C@H]2O)c(=O)[nH]1,False,C12H15N5O8S,389.0641,26
CC(=O)O[C@@H]1[C@H](OS(=O)(=O)O)[C@@H](C)O[C@H]1n1cnc2c(=O)[nH]c(N)nc21,False,C12H15N5O8S,389.0641,26
COC[C@H]1O[C@@H](n2cnc3c(=O)[nH]c(N)nc32)[C@H](OS(=O)(=O)O)[C@@H]1OC,False,C12H17N5O8S,391.0798,26
COC[C@H]1O[C@@H](n2c[n+](C)c3c(=O)[nH]c(N)nc32)[C@H](OS(=O)(=O)O)[C@@H]1O,False,C12H18N5O8S+,392.0871,26
CO[C@H]1[C@@H](OS(=O)(=O)O)[C@H](n2c[n+](C)c3c(=O)[nH]c(N)nc32)O[C@@H]1CO,False,C12H18N5O8S+,392.0871,26
CO[C@H]1[C@@H](OS(=O)(=O)O)[C@H](n2cnc3c(=O)[nH]c(N)nc32)O[C@@H]1C,False,C11H15N5O7S,361.0692,24
C[n+]1cn([C@@]2(CO)OC[C@@H](O)[C@H]2OS(=O)(=O)O)c2nc(N)[nH]c(=O)c21,False,C11H16N5O8S+,378.0714,25
C[n+]1cn([C@@H]2O[C@H](CO)[C@@H](O)[C@H]2OS(=O)(=O)O)c2nc3nc([nH]3)c21,False,C11H14N5O7S+,360.0608,24
C[n+]1cn([C@@H]2O[C@H](C=O)[C@@H](O)[C@H]2OS(=O)(=O)O)c2nc(N)[nH]c(=O)c21,False,C11H14N5O8S+,376.0558,25
C[C@H]1O[C@@H](n2c[n+](C)c3c(=O)[nH]c(N)nc32)[C@H](OS(=O)(=O)O)[C@@H]1O,False,C11H16N5O7S+,362.0765,24
Cn1c(N)nc2c(c1=O)[n+](C)cn2[C@@H]1O[C@H](CO)[C@@H](O)[C@H]1OS(=O)(=O)O,False,C12H18N5O8S+,392.0871,26
Nc1nc2c([nH+]cn2[C@@H]2O[C@H](CO)[C@@H](O)[C@H]2OS(=O)(=O)O)c(=O)[nH]1,False,C10H14N5O8S+,364.0558,24
CNc1nc2c(c(=O)[nH]1)[n+](C)cn2[C@@H]1O[C@H](CO)[C@@H](O)[C@H]1OS(=O)(=O)O,False,C12H18N5O8S+,392.0871,26
CC(=O)Nc1nc2c(ncn2[C@@H]2O[C@H](C)[C@@H](O)[C@H]2OS(=O)(=O)O)c(=O)[nH]1,False,C12H15N5O8S,389.0641,26
CC(=O)O[C@H]1[C@@H](OS(=O)(=O)O)[C@H](n2cnc3c(=O)[nH]c(N)nc32)O[C@@H]1C,False,C12H15N5O8S,389.0641,26
CO[C@@H]1[C@H](OC)[C@@H](COS(=O)(=O)O)O[C@H]1n1cnc2c(=O)[nH]c(N)nc21,False,C12H17N5O8S,391.0798,26
CO[C@H]1[C@@H](O)[C@H](n2c[n+](C)c3c(=O)[nH]c(N)nc32)O[C@@H]1COS(=O)(=O)O,False,C12H18N5O8S+,392.0871,26
CO[C@@H]1[C@H](O)[C@@H](COS(=O)(=O)O)O[C@H]1n1c[n+](C)c2c(=O)[nH]c(N)nc21,False,C12H18N5O8S+,392.0871,26
C[n+]1cn([C@@]2(COS(=O)(=O)O)OC[C@@H](O)[C@H]2O)c2nc(N)[nH]c(=O)c21,False,C11H16N5O8S+,378.0714,25
C[n+]1cn([C@@H]2O[C@H](COS(=O)(=O)O)[C@@H](O)[C@H]2O)c2nc3nc([nH]3)c21,False,C11H14N5O7S+,360.0608,24
Cn1c(N)nc2c(c1=O)[n+](C)cn2[C@@H]1O[C@H](COS(=O)(=O)O)[C@@H](O)[C@H]1O,False,C12H18N5O8S+,392.0871,26
Nc1nc2c([nH+]cn2[C@@H]2O[C@H](COS(=O)(=O)O)[C@@H](O)[C@H]2O)c(=O)[nH]1,False,C10H14N5O8S+,364.0558,24
CNc1nc2c(c(=O)[nH]1)[n+](C)cn2[C@@H]1O[C@H](COS(=O)(=O)O)[C@@H](O)[C@H]1O,False,C12H18N5O8S+,392.0871,26
COC[C@H]1O[C@@H](n2cnc3c(=O)[nH]c(N)nc32)[C@H](OC)[C@@H]1OC,False,C13H19N5O5,325.1386,23
COC[C@H]1O[C@@H](n2c[n+](C)c3c(=O)[nH]c(N)nc32)[C@H](O)[C@@H]1OC,False,C13H20N5O5+,326.1459,23
COC[C@H]1O[C@@H](n2cnc3c(=O)[nH]c(NC(C)=O)nc32)[C@H](O)[C@@H]1OC,False,C14H19N5O6,353.1335,25
COC[C@H]1O[C@@H](n2cnc3c(=O)[nH]c(N)nc32)[C@H](OC(C)=O)[C@@H]1OC,False,C14H19N5O6,353.1335,25
COC[C@H]1O[C@@H](n2cnc3c(=O)[nH]c(N)nc32)[C@H](O)[C@@H]1OC=O,False,C12H15N5O6,325.1022,23
COC(=O)[C@H]1O[C@@H](n2cnc3c(=O)[nH]c(N)nc32)[C@H](O)[C@@H]1OC,False,C12H15N5O6,325.1022,23
CO[C@H]1[C@@H](O)[C@H](n2cnc3c(=O)[nH]c(N)nc32)O[C@@H]1COC=O,False,C12H15N5O6,325.1022,23
COC[C@H]1O[C@@H](n2c[n+](C)c3c(=O)[nH]c(N)nc32)[C@H](OC)[C@@H]1O,False,C13H20N5O5+,326.1459,23
COC[C@H]1O[C@@H](n2cnc3c(=O)[nH]c(NC(C)=O)nc32)[C@H](OC)[C@@H]1O,False,C14H19N5O6,353.1335,25
COC[C@H]1O[C@@H](n2cnc3c(=O)[nH]c(N)nc32)[C@H](OC)[C@@H]1OC(C)=O,False,C14H19N5O6,353.1335,25
COC[C@H]1O[C@@H](n2cnc3c(=O)[nH]c(N)nc32)[C@H](OC=O)[C@@H]1O,False,C12H15N5O6,325.1022,23
COC(=O)[C@H]1O[C@@H](n2cnc3c(=O)[nH]c(N)nc32)[C@H](OC)[C@@H]1O,False,C12H15N5O6,325.1022,23
CO[C@@H]1[C@H](O)[C@@H](COC=O)O[C@H]1n1cnc2c(=O)[nH]c(N)nc21,False,C12H15N5O6,325.1022,23
COC[C@]1(n2c[n+](C)c3c(=O)[nH]c(N)nc32)OC[C@@H](O)[C@H]1O,False,C12H18N5O5+,312.1302,22
COC[C@H]1O[C@@H](n2c[n+](C)c3c4nc(nc32)[nH]4)[C@H](O)[C@@H]1O,False,C12H16N5O4+,294.1197,21
COC[C@H]1O[C@@H](n2c[n+](C)c3c(=O)[nH]c(NC(C)=O)nc32)[C@H](O)[C@@H]1O,False,C14H20N5O6+,354.1408,25
COC[C@H]1O[C@@H](n2c[n+](C)c3c(=O)[nH]c(N)nc32)[C@H](OC(C)=O)[C@@H]1O,False,C14H20N5O6+,354.1408,25
COC[C@H]1O[C@@H](n2c[n+](C)c3c(=O)[nH]c(N)nc32)[C@H](O)[C@@H]1OC(C)=O,False,C14H20N5O6+,354.1408,25
COC(=O)[C@H]1O[C@@H](n2c[n+](C)c3c(=O)[nH]c(N)nc32)[C@H](O)[C@@H]1O,False,C12H16N5O6+,326.1095,23
C[n+]1cn([C@@H]2O[C@H](COC=O)[C@@H](O)[C@H]2O)c2nc(N)[nH]c(=O)c21,False,C12H16N5O6+,326.1095,23
COC[C@H]1O[C@@H](n2c[n+](C)c3c(=O)n(C)c(N)nc32)[C@H](O)[C@@H]1O,False,C13H20N5O5+,326.1459,23
COC[C@H]1O[C@@H](n2c[nH+]c3c(=O)[nH]c(N)nc32)[C@H](O)[C@@H]1O,False,C11H16N5O5+,298.1146,21
CNc1nc2c(c(=O)[nH]1)[n+](C)cn2[C@@H]1O[C@H](COC)[C@@H](O)[C@H]1O,False,C13H20N5O5+,326.1459,23
COC[C@H]1O[C@](C)(n2cnc3c(=O)[nH]c(NC=O)nc32)[C@H](O)[C@@H]1O,False,C13H17N5O6,339.1179,24
COC[C@H]1O[C@@H](n2c(C)nc3c(=O)[nH]c(NC=O)nc32)[C@H](O)[C@@H]1O,False,C13H17N5O6,339.1179,24
COC[C@H]1O[C@@H](n2cnc3c(=O)[nH]c(NC=O)nc32)[C@@](C)(O)[C@@H]1O,False,C13H17N5O6,339.1179,24
COC[C@]1(C)O[C@@H](n2cnc3c(=O)[nH]c(NC=O)nc32)[C@H](O)[C@@H]1O,False,C13H17N5O6,339.1179,24
COC[C@H]1O[C@@H](n2cnc3c(=O)[nH]c(NC=O)nc32)[C@H](O)[C@@]1(C)O,False,C13H17N5O6,339.1179,24
COC(C)[C@H]1O[C@@H](n2cnc3c(=O)[nH]c(NC=O)nc32)[C@H](O)[C@@H]1O,False,C13H17N5O6,339.1179,24
CCOC[C@H]1O[C@@H](n2cnc3c(=O)[nH]c(NC=O)nc32)[C@H](O)[C@@H]1O,False,C13H17N5O6,339.1179,24
COC[C@H]1O[C@@H]2[C@H](OCC(O)Nc3nc4c(ncn42)c(=O)[nH]3)[C@@H]1O,False,C13H17N5O6,339.1179,24
COC[C@H]1O[C@@H]2[C@H](O)[C@@H]1OCC(O)Nc1nc3c(ncn32)c(=O)[nH]1,False,C13H17N5O6,339.1179,24
COC[C@H]1O[C@@]2(n3cnc4c(=O)[nH]c(NC(C)O)nc43)O[C@@H]2[C@@H]1O,False,C13H17N5O6,339.1179,24
COC[C@H]1O[C@@]2(n3cnc4c(=O)[nH]c(NC(C)O)nc43)O[C@H]1[C@H]2O,False,C13H17N5O6,339.1179,24
COC[C@H]1O[C@@H]2[C@H](Oc3nc4c(=O)[nH]c(NC(C)O)nc4n32)[C@@H]1O,False,C13H17N5O6,339.1179,24
COC[C@H]1O[C@@H]2[C@H](O)[C@@H]1Oc1nc3c(=O)[nH]c(NC(C)O)nc3n12,False,C13H17N5O6,339.1179,24
COC[C@H]1O[C@@H](n2cnc3c(=O)[nH]c(NC(C)O)nc32)[C@]2(O)O[C@H]12,False,C13H17N5O6,339.1179,24
COC[C@]12O[C@@H]([C@H](n3cnc4c(=O)[nH]c(NC(C)O)nc43)O1)[C@@H]2O,False,C13H17N5O6,339.1179,24
COC[C@]12O[C@@H](n3cnc4c(=O)[nH]c(NC(C)O)nc43)[C@H](O)[C@@H]1O2,False,C13H17N5O6,339.1179,24
COC[C@H]1O[C@@H](n2cnc3c(=O)[nH]c(NC(C)O)nc32)[C@@H]2O[C@]12O,False,C13H17N5O6,339.1179,24
COC1O[C@@H]2[C@H](O)[C@@H]1O[C@H]2n1cnc2c(=O)[nH]c(NC(C)O)nc21,False,C13H17N5O6,339.1179,24
COC1O[C@H]2[C@@H](O)[C@H](n3cnc4c(=O)[nH]c(NC(C)O)nc43)O[C@H]12,False,C13H17N5O6,339.1179,24
CC(O)Nc1nc2c(ncn2[C@@H]2O[C@@H]3COCO[C@@H]2[C@@H]3O)c(=O)[nH]1,False,C13H17N5O6,339.1179,24
CC(O)Nc1nc2c(ncn2[C@@H]2O[C@@H]3COCO[C@H]3[C@H]2O)c(=O)[nH]1,False,C13H17N5O6,339.1179,24
COC[C@H]1O[C@@H](n2cnc3c(=O)[nH]c(NC(C)O)nc32)[C@H](O)[C@@H]1O,False,C13H19N5O6,341.1335,24
COC[C@H]1O[C@@H](n2cnc3c(=O)[nH]c(N(C)C(C)=O)nc32)[C@H](O)[C@@H]1O,False,C14H19N5O6,353.1335,25
CCC(=O)Nc1nc2c(ncn2[C@@H]2O[C@H](COC)[C@@H](O)[C@H]2O)c(=O)[nH]1,False,C14H19N5O6,353.1335,25
COC[C@H]1O[C@@H](n2cnc3c(=O)[nH]c(N(C(C)=O)C(C)=O)nc32)[C@H](O)[C@@H]1O,False,C15H19N5O7,381.1284,27
COC[C@H]1O[C@@H](n2cnc3c(=O)[nH]c(NC(C)=O)nc32)[C@H](OC(C)=O)[C@@H]1O,False,C15H19N5O7,381.1284,27
COC[C@H]1O[C@@H](n2cnc3c(=O)[nH]c(NC(C)=O)nc32)[C@H](O)[C@@H]1OC(C)=O,False,C15H19N5O7,381.1284,27
COC[C@H]1O[C@@H](n2cnc3c(=O)[nH]c(NC(=O)CC(=O)O)nc32)[C@H](O)[C@@H]1O,False,C14H17N5O8,383.1077,27
COC[C@H]1O[C@@H](n2cnc3c(=O)[nH]c(NC(C)(O)C#N)nc32)[C@H](O)[C@@H]1O,False,C14H18N6O6,366.1288,26
COC[C@H]1O[C@@H](n2cnc3c(=O)[nH]c(NC(C)N)nc32)[C@H](O)[C@@H]1O,False,C13H20N6O5,340.1495,24
COC[C@H]1O[C@@H](n2cnc3c(=O)[nH]c(N(C(C)=O)C(N)=O)nc32)[C@H](O)[C@@H]1O,False,C14H18N6O7,382.1237,27
COC[C@H]1O[C@@H](n2cnc3c(=O)[nH]c(NC(=O)CO)nc32)[C@H](O)[C@@H]1O,False,C13H17N5O7,355.1128,25
COC[C@H]1O[C@@H](n2cnc3c(=O)[nH]c(NC(=O)OC)nc32)[C@H](O)[C@@H]1O,False,C13H17N5O7,355.1128,25
COC[C@H]1O[C@@H](n2cnc3c(=O)[nH]c(NC(O)CO)nc32)[C@H](O)[C@@H]1O,False,C13H19N5O7,357.1284,25
COC(=O)[C@H]1O[C@@H](n2cnc3c(=O)[nH]c(NC(C)=O)nc32)[C@H](O)[C@@H]1O,False,C13H15N5O7,353.0971,25
CC(=O)Nc1nc2c(ncn2[C@@H]2O[C@H](COC=O)[C@@H](O)[C@H]2O)c(=O)[nH]1,False,C13H15N5O7,353.0971,25
COC[C@H]1O[C@@H](n2cnc3c(=O)[nH]c(NC=O)nc32)[C@H](O)[C@@H]1O,False,C12H15N5O6,325.1022,23
COC[C@H]1O[C@](C)(n2cnc3c(=O)[nH]c(NC(C)=O)nc32)[C@H](O)[C@@H]1O,False,C14H19N5O6,353.1335,25
COC[C@H]1O[C@@H](n2c(C)nc3c(=O)[nH]c(NC(C)=O)nc32)[C@H](O)[C@@H]1O,False,C14H19N5O6,353.1335,25
COC[C@H]1O[C@@H](n2cnc3c(=O)[nH]c(NC(C)=O)nc32)[C@@](C)(O)[C@@H]1O,False,C14H19N5O6,353.1335,25
COC[C@]1(C)O[C@@H](n2cnc3c(=O)[nH]c(NC(C)=O)nc32)[C@H](O)[C@@H]1O,False,C14H19N5O6,353.1335,25
COC[C@H]1O[C@@H](n2cnc3c(=O)[nH]c(NC(C)=O)nc32)[C@H](O)[C@@]1(C)O,False,C14H19N5O6,353.1335,25
COC(C)[C@H]1O[C@@H](n2cnc3c(=O)[nH]c(NC(C)=O)nc32)[C@H](O)[C@@H]1O,False,C14H19N5O6,353.1335,25
CCOC[C@H]1O[C@@H](n2cnc3c(=O)[nH]c(NC(C)=O)nc32)[C@H](O)[C@@H]1O,False,C14H19N5O6,353.1335,25
COC[C@H]1O[C@@H](n2cnc3c(=O)[nH]c(N)nc32)[C@H](O)[C@@]1(C)OC=O,False,C13H17N5O6,339.1179,24
COC[C@]1(C)O[C@@H](n2cnc3c(=O)[nH]c(N)nc32)[C@H](O)[C@@H]1OC=O,False,C13H17N5O6,339.1179,24
COC[C@H]1O[C@@H](n2cnc3c(=O)[nH]c(N)nc32)[C@@](C)(O)[C@@H]1OC=O,False,C13H17N5O6,339.1179,24
COC(C)[C@H]1O[C@@H](n2cnc3c(=O)[nH]c(N)nc32)[C@H](O)[C@@H]1OC=O,False,C13H17N5O6,339.1179,24
COC[C@H]1O[C@](C)(n2cnc3c(=O)[nH]c(N)nc32)[C@H](O)[C@@H]1OC=O,False,C13H17N5O6,339.1179,24
CCOC[C@H]1O[C@@H](n2cnc3c(=O)[nH]c(N)nc32)[C@H](O)[C@@H]1OC=O,False,C13H17N5O6,339.1179,24
COC[C@H]1O[C@@H](n2c(C)nc3c(=O)[nH]c(N)nc32)[C@H](O)[C@@H]1OC=O,False,C13H17N5O6,339.1179,24
COC[C@H]1O[C@@H]2[C@H](O)[C@@H]1OC(C)=Nc1nc3c(ncn32)c(=O)[nH]1,False,C13H15N5O5,321.1073,23
COC[C@H]1O[C@@H](n2cnc3c(=O)[nH]c(N)nc32)[C@@H]2OCC(O)O[C@@H]21,False,C13H17N5O6,339.1179,24
COC[C@H]1O[C@@H](n2cnc3c(=O)[nH]c(N)nc32)[C@@H]2O[C@]12OC(C)O,False,C13H17N5O6,339.1179,24
COC[C@]12O[C@@H]([C@H](n3cnc4c(=O)[nH]c(N)nc43)O1)[C@@H]2OC(C)O,False,C13H17N5O6,339.1179,24
COC1O[C@@H]2[C@H](OC(C)O)[C@@H]1O[C@H]2n1cnc2c(=O)[nH]c(N)nc21,False,C13H17N5O6,339.1179,24
COC[C@H]1O[C@@]2(n3cnc4c(=O)[nH]c(N)nc43)O[C@@H]2[C@@H]1OC(C)O,False,C13H17N5O6,339.1179,24
CC(O)O[C@H]1[C@H]2OCOC[C@H]1O[C@H]2n1cnc2c(=O)[nH]c(N)nc21,False,C13H17N5O6,339.1179,24
COC[C@H]1O[C@@H]2[C@H](Oc3nc4c(=O)[nH]c(N)nc4n32)[C@@H]1OC(C)O,False,C13H17N5O6,339.1179,24
COC[C@H]1O[C@@H](n2cnc3c(=O)[nH]c(N)nc32)[C@H](O)[C@@H]1OC(C)O,False,C13H19N5O6,341.1335,24
CCO[C@H]1[C@@H](O)[C@H](n2cnc3c(=O)[nH]c(N)nc32)O[C@@H]1COC,False,C13H19N5O5,325.1386,23
CCC(=O)O[C@H]1[C@@H](O)[C@H](n2cnc3c(=O)[nH]c(N)nc32)O[C@@H]1COC,False,C14H19N5O6,353.1335,25
COC[C@H]1O[C@@H](n2cnc3c(=O)[nH]c(N)nc32)[C@H](OC(C)=O)[C@@H]1OC(C)=O,False,C15H19N5O7,381.1284,27
COC[C@H]1O[C@@H](n2cnc3c(=O)[nH]c(N)nc32)[C@H](O)[C@@H]1OC(=O)CC(=O)O,False,C14H17N5O8,383.1077,27
COC[C@H]1O[C@@H](n2cnc3c(=O)[nH]c(N)nc32)[C@H](O)[C@@H]1OC(C)(O)C#N,False,C14H18N6O6,366.1288,26
COC[C@H]1O[C@@H](n2cnc3c(=O)[nH]c(N)nc32)[C@H](O)[C@@H]1OC(C)N,False,C13H20N6O5,340.1495,24
COC[C@H]1O[C@@H](n2cnc3c(=O)[nH]c(N)nc32)[C@H](O)[C@@H]1OC(=O)CO,False,C13H17N5O7,355.1128,25
COC[C@H]1O[C@@H](n2cnc3c(=O)[nH]c(N)nc32)[C@H](O)[C@@H]1OC(=O)OC,False,C13H17N5O7,355.1128,25
COC[C@H]1O[C@@H](n2cnc3c(=O)[nH]c(N)nc32)[C@H](O)[C@@H]1OC(O)CO,False,C13H19N5O7,357.1284,25
COC[C@H]1O[C@@H](n2cnc3c(=O)[nH]c(N)nc32)[C@H](O)[C@@H]1C(C)=O,False,C13H17N5O5,323.123,23
COC(=O)[C@H]1O[C@@H](n2cnc3c(=O)[nH]c(N)nc32)[C@H](O)[C@@H]1OC(C)=O,False,C13H15N5O7,353.0971,25
CC(=O)O[C@H]1[C@@H](O)[C@H](n2cnc3c(=O)[nH]c(N)nc32)O[C@@H]1COC=O,False,C13H15N5O7,353.0971,25
COC[C@H]1O[C@@H](n2cnc3c(=O)n(C(C)=O)c(N)nc32)[C@H](O)[C@@H]1OC(C)=O,False,C15H19N5O7,381.1284,27
COC[C@H]1O[C@@H](n2cnc3c(=O)[nH]c(N)nc32)[C@H](O)[C@@]1(C)OC(C)=O,False,C14H19N5O6,353.1335,25
COC[C@]1(C)O[C@@H](n2cnc3c(=O)[nH]c(N)nc32)[C@H](O)[C@@H]1OC(C)=O,False,C14H19N5O6,353.1335,25
COC[C@H]1O[C@@H](n2cnc3c(=O)[nH]c(N)nc32)[C@@](C)(O)[C@@H]1OC(C)=O,False,C14H19N5O6,353.1335,25
COC(C)[C@H]1O[C@@H](n2cnc3c(=O)[nH]c(N)nc32)[C@H](O)[C@@H]1OC(C)=O,False,C14H19N5O6,353.1335,25
COC[C@H]1O[C@](C)(n2cnc3c(=O)[nH]c(N)nc32)[C@H](O)[C@@H]1OC(C)=O,False,C14H19N5O6,353.1335,25
CCOC[C@H]1O[C@@H](n2cnc3c(=O)[nH]c(N)nc32)[C@H](O)[C@@H]1OC(C)=O,False,C14H19N5O6,353.1335,25
COC[C@H]1O[C@@H](n2c(C)nc3c(=O)[nH]c(N)nc32)[C@H](O)[C@@H]1OC(C)=O,False,C14H19N5O6,353.1335,25
COC[C@H]1O[C@@H](n2cnc3c(=O)[nH]c(N)nc32)[C@@](C)(OC=O)[C@@H]1O,False,C13H17N5O6,339.1179,24
COC[C@H]1O[C@@H](n2cnc3c(=O)[nH]c(N)nc32)[C@H](OC=O)[C@@]1(C)O,False,C13H17N5O6,339.1179,24
COC[C@H]1O[C@](C)(n2cnc3c(=O)[nH]c(N)nc32)[C@H](OC=O)[C@@H]1O,False,C13H17N5O6,339.1179,24
COC[C@]1(C)O[C@@H](n2cnc3c(=O)[nH]c(N)nc32)[C@H](OC=O)[C@@H]1O,False,C13H17N5O6,339.1179,24
COC(C)[C@H]1O[C@@H](n2cnc3c(=O)[nH]c(N)nc32)[C@H](OC=O)[C@@H]1O,False,C13H17N5O6,339.1179,24
COC[C@H]1O[C@@H](n2c(C)nc3c(=O)[nH]c(N)nc32)[C@H](OC=O)[C@@H]1O,False,C13H17N5O6,339.1179,24
CCOC[C@H]1O[C@@H](n2cnc3c(=O)[nH]c(N)nc32)[C@H](OC=O)[C@@H]1O,False,C13H17N5O6,339.1179,24
COC[C@H]1O[C@@H]2[C@H](OC(C)=Nc3nc4c(ncn42)c(=O)[nH]3)[C@@H]1O,False,C13H15N5O5,321.1073,23
COC[C@H]1O[C@@H](n2cnc3c(=O)[nH]c(N)nc32)[C@@H]2OC(O)CO[C@@H]21,False,C13H17N5O6,339.1179,24
COC[C@H]1O[C@@H](n2cnc3c(=O)[nH]c(N)nc32)[C@]2(OC(C)O)O[C@H]12,False,C13H17N5O6,339.1179,24
COC[C@H]1O[C@@]2(n3cnc4c(=O)[nH]c(N)nc43)O[C@H]1[C@H]2OC(C)O,False,C13H17N5O6,339.1179,24
COC[C@]12O[C@@H](n3cnc4c(=O)[nH]c(N)nc43)[C@H](OC(C)O)[C@@H]1O2,False,C13H17N5O6,339.1179,24
COC1O[C@H]2[C@@H](OC(C)O)[C@H](n3cnc4c(=O)[nH]c(N)nc43)O[C@H]12,False,C13H17N5O6,339.1179,24
COC[C@H]1O[C@@H]2[C@H](OC(C)O)[C@@H]1Oc1nc3c(=O)[nH]c(N)nc3n12,False,C13H17N5O6,339.1179,24
CC(O)O[C@@H]1[C@@H]2OCOC[C@H]2O[C@H]1n1cnc2c(=O)[nH]c(N)nc21,False,C13H17N5O6,339.1179,24
COC[C@H]1O[C@@H](n2cnc3c(=O)[nH]c(N)nc32)[C@H](OC(C)O)[C@@H]1O,False,C13H19N5O6,341.1335,24
CCO[C@@H]1[C@H](O)[C@@H](COC)O[C@H]1n1cnc2c(=O)[nH]c(N)nc21,False,C13H19N5O5,325.1386,23
CCC(=O)O[C@@H]1[C@H](O)[C@@H](COC)O[C@H]1n1cnc2c(=O)[nH]c(N)nc21,False,C14H19N5O6,353.1335,25
COC[C@H]1O[C@@H](n2cnc3c(=O)[nH]c(N)nc32)[C@H](OC(=O)CC(=O)O)[C@@H]1O,False,C14H17N5O8,383.1077,27
COC[C@H]1O[C@@H](n2cnc3c(=O)[nH]c(N)nc32)[C@H](OC(C)(O)C#N)[C@@H]1O,False,C14H18N6O6,366.1288,26
COC[C@H]1O[C@@H](n2cnc3c(=O)[nH]c(N)nc32)[C@H](OC(C)N)[C@@H]1O,False,C13H20N6O5,340.1495,24
COC[C@H]1O[C@@H](n2cnc3c(=O)[nH]c(N)nc32)[C@H](OC(=O)CO)[C@@H]1O,False,C13H17N5O7,355.1128,25
COC[C@H]1O[C@@H](n2cnc3c(=O)[nH]c(N)nc32)[C@H](OC(=O)OC)[C@@H]1O,False,C13H17N5O7,355.1128,25
COC[C@H]1O[C@@H](n2cnc3c(=O)[nH]c(N)nc32)[C@H](OC(O)CO)[C@@H]1O,False,C13H19N5O7,357.1284,25
COC[C@H]1O[C@@H](n2cnc3c(=O)[nH]c(N)nc32)[C@H](C(C)=O)[C@@H]1O,False,C13H17N5O5,323.123,23
COC(=O)[C@H]1O[C@@H](n2cnc3c(=O)[nH]c(N)nc32)[C@H](OC(C)=O)[C@@H]1O,False,C13H15N5O7,353.0971,25
CC(=O)O[C@@H]1[C@H](O)[C@@H](COC=O)O[C@H]1n1cnc2c(=O)[nH]c(N)nc21,False,C13H15N5O7,353.0971,25
COC[C@H]1O[C@@H](n2cnc3c(=O)n(C(C)=O)c(N)nc32)[C@H](OC(C)=O)[C@@H]1O,False,C15H19N5O7,381.1284,27
COC[C@H]1O[C@@H](n2cnc3c(=O)[nH]c(N)nc32)[C@@](C)(OC(C)=O)[C@@H]1O,False,C14H19N5O6,353.1335,25
COC[C@H]1O[C@@H](n2cnc3c(=O)[nH]c(N)nc32)[C@H](OC(C)=O)[C@@]1(C)O,False,C14H19N5O6,353.1335,25
COC[C@H]1O[C@](C)(n2cnc3c(=O)[nH]c(N)nc32)[C@H](OC(C)=O)[C@@H]1O,False,C14H19N5O6,353.1335,25
COC[C@]1(C)O[C@@H](n2cnc3c(=O)[nH]c(N)nc32)[C@H](OC(C)=O)[C@@H]1O,False,C14H19N5O6,353.1335,25
COC(C)[C@H]1O[C@@H](n2cnc3c(=O)[nH]c(N)nc32)[C@H](OC(C)=O)[C@@H]1O,False,C14H19N5O6,353.1335,25
COC[C@H]1O[C@@H](n2c(C)nc3c(=O)[nH]c(N)nc32)[C@H](OC(C)=O)[C@@H]1O,False,C14H19N5O6,353.1335,25
CCOC[C@H]1O[C@@H](n2cnc3c(=O)[nH]c(N)nc32)[C@H](OC(C)=O)[C@@H]1O,False,C14H19N5O6,353.1335,25
COS(=O)(=O)O,False,CH4O4S,111.983,6
COC,False,C2H6O,46.0419,3
CO[C@H]1O[C@H](CO)[C@@H](O)[C@H](O)[C@H]1O,False,C7H14O6,194.079,13
COC(C)=O,False,C3H6O2,74.0368,5
COP(=O)(O)O,False,CH5O4P,111.9925,6
O=CO,False,CH2O2,46.0055,3
O=c1[nH]c2nc3c1ncn3[C@@H]1O[C@H](COC=N2)[C@@H](O)[C@H]1O,False,C11H11N5O5,293.076,21
Nc1nc2c(ncn2[C@@H]2O[C@@H]3C(OCO)O[C@H]3[C@H]2O)c(=O)[nH]1,False,C11H13N5O6,311.0866,22
Nc1nc2c(ncn2[C@@H]2O[C@@H]3C(OCO)O[C@@H]2[C@@H]3O)c(=O)[nH]1,False,C11H13N5O6,311.0866,22
Nc1nc2c(ncn2[C@@H]2O[C@]3(COCO)O[C@H]3[C@H]2O)c(=O)[nH]1,False,C11H13N5O6,311.0866,22
Nc1nc2c(ncn2[C@@H]2O[C@]3(COCO)O[C@@H]2[C@@H]3O)c(=O)[nH]1,False,C11H13N5O6,311.0866,22
Nc1nc2c(ncn2[C@@H]2O[C@H](COCO)[C@@]3(O)O[C@@H]23)c(=O)[nH]1,False,C11H13N5O6,311.0866,22
Nc1nc2c(ncn2[C@@H]2O[C@H](COCO)[C@H]3O[C@]32O)c(=O)[nH]1,False,C11H13N5O6,311.0866,22
Nc1nc2c(ncn2[C@]23O[C@@H]([C@H]2O)[C@@H](COCO)O3)c(=O)[nH]1,False,C11H13N5O6,311.0866,22
Nc1nc2c(ncn2[C@]23O[C@@H]2[C@H](O)[C@@H](COCO)O3)c(=O)[nH]1,False,C11H13N5O6,311.0866,22
Nc1nc2c(nc3n2[C@@H]2O[C@H](COCO)[C@@H](O3)[C@H]2O)c(=O)[nH]1,False,C11H13N5O6,311.0866,22
Nc1nc2c(nc3n2[C@@H]2O[C@H](COCO)[C@@H](O)[C@H]2O3)c(=O)[nH]1,False,C11H13N5O6,311.0866,22
Nc1nc2c(ncn2[C@@H]2O[C@H](C(=O)OC=O)[C@@H](O)[C@H]2O)c(=O)[nH]1,False,C11H11N5O7,325.0658,23
Nc1nc2c(ncn2[C@@H]2O[C@H](COC=O)[C@@H](OC=O)[C@H]2O)c(=O)[nH]1,False,C12H13N5O7,339.0815,24
Nc1nc2c(ncn2[C@@H]2O[C@H](COC=O)[C@@H](O)[C@H]2OC=O)c(=O)[nH]1,False,C12H13N5O7,339.0815,24
Nc1nc2c(ncn2[C@@H]2O[C@H](COC=O)[C@@H](O)[C@H]2O)c(=O)n1C=O,False,C12H13N5O7,339.0815,24
O=CNc1nc2c(ncn2[C@@H]2O[C@H](COC=O)[C@@H](O)[C@H]2O)c(=O)[nH]1,False,C12H13N5O7,339.0815,24
COC1=Nc2nc3c(ncn3[C@@H]3O[C@H]1[C@@H](O)[C@H]3O)c(=O)[nH]2,False,C11H11N5O5,293.076,21
COC(O)[C@]12O[C@@H](n3cnc4c(=O)[nH]c(N)nc43)[C@H](O)[C@@H]1O2,False,C11H13N5O6,311.0866,22
COC(O)[C@]12O[C@@H]([C@H](n3cnc4c(=O)[nH]c(N)nc43)O1)[C@@H]2O,False,C11H13N5O6,311.0866,22
Nc1nc2c(ncn2[C@@H]2O[C@@H]3C(O)OCO[C@H]3[C@H]2O)c(=O)[nH]1,False,C11H13N5O6,311.0866,22
Nc1nc2c(ncn2[C@@H]2O[C@@H]3C(O)OCO[C@@H]2[C@@H]3O)c(=O)[nH]1,False,C11H13N5O6,311.0866,22
COC(O)[C@H]1O[C@@H](n2cnc3c(=O)[nH]c(N)nc32)[C@@H]2O[C@]12O,False,C11H13N5O6,311.0866,22
COC(O)[C@H]1O[C@@H](n2cnc3c(=O)[nH]c(N)nc32)[C@]2(O)O[C@H]12,False,C11H13N5O6,311.0866,22
COC(O)[C@H]1O[C@@]2(n3cnc4c(=O)[nH]c(N)nc43)O[C@H]1[C@H]2O,False,C11H13N5O6,311.0866,22
COC(O)[C@H]1O[C@@]2(n3cnc4c(=O)[nH]c(N)nc43)O[C@@H]2[C@@H]1O,False,C11H13N5O6,311.0866,22
COC(O)[C@H]1O[C@@H]2[C@H](O)[C@@H]1Oc1nc3c(=O)[nH]c(N)nc3n12,False,C11H13N5O6,311.0866,22
COC(O)[C@H]1O[C@@H]2[C@H](Oc3nc4c(=O)[nH]c(N)nc4n32)[C@@H]1O,False,C11H13N5O6,311.0866,22
COC(O)[C@H]1O[C@@H](n2cnc3c(=O)[nH]c(N)nc32)[C@H](O)[C@@H]1O,False,C11H15N5O6,313.1022,22
COC(O)(C#N)[C@H]1O[C@@H](n2cnc3c(=O)[nH]c(N)nc32)[C@H](O)[C@@H]1O,False,C12H14N6O6,338.0975,24
CO[C@@H]1[C@H](OC)[C@@H](CO)O[C@H]1n1c[n+](C)c2c(=O)[nH]c(N)nc21,False,C13H20N5O5+,326.1459,23
CO[C@@H]1[C@H](OC)[C@@H](CO)O[C@H]1n1cnc2c(=O)[nH]c(NC(C)=O)nc21,False,C14H19N5O6,353.1335,25
CO[C@@H]1[C@H](OC)[C@@H](COC(C)=O)O[C@H]1n1cnc2c(=O)[nH]c(N)nc21,False,C14H19N5O6,353.1335,25
CO[C@@H]1[C@H](OC)[C@@H](C)O[C@H]1n1cnc2c(=O)[nH]c(N)nc21,False,C12H17N5O4,295.1281,21
CO[C@H]1[C@@H](OC=O)[C@H](n2cnc3c(=O)[nH]c(N)nc32)O[C@@H]1CO,False,C12H15N5O6,325.1022,23
CO[C@@H]1[C@H](OC=O)[C@@H](CO)O[C@H]1n1cnc2c(=O)[nH]c(N)nc21,False,C12H15N5O6,325.1022,23
CO[C@@H]1[C@H](OC)[C@@H](C(=O)O)O[C@H]1n1cnc2c(=O)[nH]c(N)nc21,False,C12H15N5O6,325.1022,23
CO[C@@H]1CO[C@](CO)(n2c[n+](C)c3c(=O)[nH]c(N)nc32)[C@@H]1O,False,C12H18N5O5+,312.1302,22
CO[C@H]1[C@@H](O)[C@H](n2c[n+](C)c3c4nc(nc32)[nH]4)O[C@@H]1CO,False,C12H16N5O4+,294.1197,21
CO[C@H]1[C@@H](O)[C@H](n2c[n+](C)c3c(=O)[nH]c(N)nc32)O[C@@H]1C=O,False,C12H16N5O5+,310.1146,22
CO[C@H]1[C@@H](O)[C@H](n2c[n+](C)c3c(=O)[nH]c(NC(C)=O)nc32)O[C@@H]1CO,False,C14H20N5O6+,354.1408,25
CO[C@H]1[C@@H](O)[C@H](n2c[n+](C)c3c(=O)[nH]c(N)nc32)O[C@@H]1COC(C)=O,False,C14H20N5O6+,354.1408,25
CO[C@H]1[C@@H](OC(C)=O)[C@H](n2c[n+](C)c3c(=O)[nH]c(N)nc32)O[C@@H]1CO,False,C14H20N5O6+,354.1408,25
CO[C@H]1[C@@H](O)[C@H](n2c[n+](C)c3c(=O)[nH]c(N)nc32)O[C@@H]1C,False,C12H18N5O4+,296.1353,21
CO[C@H]1[C@@H](O)[C@H](n2c[n+](C)c3c(=O)[nH]c(N)nc32)O[C@@H]1C(=O)O,False,C12H16N5O6+,326.1095,23
C[n+]1cn([C@@H]2O[C@H](CO)[C@@H](OC=O)[C@H]2O)c2nc(N)[nH]c(=O)c21,False,C12H16N5O6+,326.1095,23
CO[C@H]1[C@@H](O)[C@H](n2c[n+](C)c3c(=O)n(C)c(N)nc32)O[C@@H]1CO,False,C13H20N5O5+,326.1459,23
CO[C@H]1[C@@H](O)[C@H](n2c[nH+]c3c(=O)[nH]c(N)nc32)O[C@@H]1CO,False,C11H16N5O5+,298.1146,21
CNc1nc2c(c(=O)[nH]1)[n+](C)cn2[C@@H]1O[C@H](CO)[C@@H](OC)[C@H]1O,False,C13H20N5O5+,326.1459,23
CO[C@H]1[C@@H](O)[C@@](C)(n2cnc3c(=O)[nH]c(NC=O)nc32)O[C@@H]1CO,False,C13H17N5O6,339.1179,24
CO[C@H]1[C@@H](O)[C@H](n2c(C)nc3c(=O)[nH]c(NC=O)nc32)O[C@@H]1CO,False,C13H17N5O6,339.1179,24
CO[C@@H]1[C@@H](CO)O[C@@H](n2cnc3c(=O)[nH]c(NC=O)nc32)[C@@]1(C)O,False,C13H17N5O6,339.1179,24
CO[C@@]1(C)[C@@H](CO)O[C@@H](n2cnc3c(=O)[nH]c(NC=O)nc32)[C@@H]1O,False,C13H17N5O6,339.1179,24
CO[C@H]1[C@@H](O)[C@H](n2cnc3c(=O)[nH]c(NC=O)nc32)O[C@@]1(C)CO,False,C13H17N5O6,339.1179,24
CO[C@H]1[C@@H](O)[C@H](n2cnc3c(=O)[nH]c(NC=O)nc32)O[C@@H]1C(C)O,False,C13H17N5O6,339.1179,24
CCO[C@H]1[C@@H](O)[C@H](n2cnc3c(=O)[nH]c(NC=O)nc32)O[C@@H]1CO,False,C13H17N5O6,339.1179,24
CO[C@H]1[C@H]2OCC(O)Nc3nc4c(ncn4[C@@H]2O[C@@H]1CO)c(=O)[nH]3,False,C13H17N5O6,339.1179,24
CO[C@H]1[C@@H](O)[C@H]2O[C@@H]1COCC(O)Nc1nc3c(ncn32)c(=O)[nH]1,False,C13H17N5O6,339.1179,24
CO[C@H]1[C@H]2O[C@]2(n2cnc3c(=O)[nH]c(NC(C)O)nc32)O[C@@H]1CO,False,C13H17N5O6,339.1179,24
CO[C@H]1[C@@H](O)[C@]2(n3cnc4c(=O)[nH]c(NC(C)O)nc43)OC[C@H]1O2,False,C13H17N5O6,339.1179,24
CO[C@H]1[C@H]2Oc3nc4c(=O)[nH]c(NC(C)O)nc4n3[C@@H]2O[C@@H]1CO,False,C13H17N5O6,339.1179,24
CO[C@H]1[C@@H](O)[C@H]2O[C@@H]1COc1nc3c(=O)[nH]c(NC(C)O)nc3n12,False,C13H17N5O6,339.1179,24
CO[C@@H]1[C@H]2CO[C@@]1(O)[C@H](n1cnc3c(=O)[nH]c(NC(C)O)nc31)O2,False,C13H17N5O6,339.1179,24
CO[C@]12O[C@H]1[C@H](n1cnc3c(=O)[nH]c(NC(C)O)nc31)O[C@@H]2CO,False,C13H17N5O6,339.1179,24
CO[C@@]12OC[C@H]1O[C@@H](n1cnc3c(=O)[nH]c(NC(C)O)nc31)[C@@H]2O,False,C13H17N5O6,339.1179,24
CO[C@H]1[C@H]2O[C@@]1(CO)O[C@H]2n1cnc2c(=O)[nH]c(NC(C)O)nc21,False,C13H17N5O6,339.1179,24
CO[C@H]1[C@@H](O)[C@H](n2cnc3c(=O)[nH]c(NC(C)O)nc32)O[C@@]12CO2,False,C13H17N5O6,339.1179,24
CO[C@H]1[C@H]2OC(O)[C@H]1O[C@H]2n1cnc2c(=O)[nH]c(NC(C)O)nc21,False,C13H17N5O6,339.1179,24
CC(O)Nc1nc2c(ncn2[C@@H]2O[C@H](CO)[C@H]3OCO[C@H]32)c(=O)[nH]1,False,C13H17N5O6,339.1179,24
CO[C@H]1[C@@H](O)[C@H](n2cnc3c(=O)[nH]c(NC(C)O)nc32)O[C@@H]1CO,False,C13H19N5O6,341.1335,24
CO[C@H]1[C@@H](O)[C@H](n2cnc3c(=O)[nH]c(N(C)C(C)=O)nc32)O[C@@H]1CO,False,C14H19N5O6,353.1335,25
CCC(=O)Nc1nc2c(ncn2[C@@H]2O[C@H](CO)[C@@H](OC)[C@H]2O)c(=O)[nH]1,False,C14H19N5O6,353.1335,25
CO[C@H]1[C@@H](O)[C@H](n2cnc3c(=O)[nH]c(N(C(C)=O)C(C)=O)nc32)O[C@@H]1CO,False,C15H19N5O7,381.1284,27
CO[C@H]1[C@@H](O)[C@H](n2cnc3c(=O)[nH]c(NC(C)=O)nc32)O[C@@H]1COC(C)=O,False,C15H19N5O7,381.1284,27
CO[C@H]1[C@@H](OC(C)=O)[C@H](n2cnc3c(=O)[nH]c(NC(C)=O)nc32)O[C@@H]1CO,False,C15H19N5O7,381.1284,27
CO[C@H]1[C@@H](O)[C@H](n2cnc3c(=O)[nH]c(NC(=O)CC(=O)O)nc32)O[C@@H]1CO,False,C14H17N5O8,383.1077,27
CO[C@H]1[C@@H](O)[C@H](n2cnc3c(=O)[nH]c(NC(C)(O)C#N)nc32)O[C@@H]1CO,False,C14H18N6O6,366.1288,26
CO[C@H]1[C@@H](O)[C@H](n2cnc3c(=O)[nH]c(NC(C)N)nc32)O[C@@H]1CO,False,C13H20N6O5,340.1495,24
CO[C@H]1[C@@H](O)[C@H](n2cnc3c(=O)[nH]c(N(C(C)=O)C(N)=O)nc32)O[C@@H]1CO,False,C14H18N6O7,382.1237,27
CO[C@H]1[C@@H](O)[C@H](n2cnc3c(=O)[nH]c(NC(=O)CO)nc32)O[C@@H]1CO,False,C13H17N5O7,355.1128,25
COC(=O)Nc1nc2c(ncn2[C@@H]2O[C@H](CO)[C@@H](OC)[C@H]2O)c(=O)[nH]1,False,C13H17N5O7,355.1128,25
CO[C@H]1[C@@H](O)[C@H](n2cnc3c(=O)[nH]c(NC(O)CO)nc32)O[C@@H]1CO,False,C13H19N5O7,357.1284,25
CO[C@H]1[C@@H](O)[C@H](n2cnc3c(=O)[nH]c(NC(C)=O)nc32)O[C@@H]1C,False,C13H17N5O5,323.123,23
CO[C@H]1[C@@H](O)[C@H](n2cnc3c(=O)[nH]c(NC(C)=O)nc32)O[C@@H]1C(=O)O,False,C13H15N5O7,353.0971,25
CC(=O)Nc1nc2c(ncn2[C@@H]2O[C@H](CO)[C@@H](OC=O)[C@H]2O)c(=O)[nH]1,False,C13H15N5O7,353.0971,25
CO[C@H]1[C@@H](O)[C@H](n2cnc3c(=O)[nH]c(NC=O)nc32)O[C@@H]1CO,False,C12H15N5O6,325.1022,23
CO[C@H]1[C@@H](O)[C@@](C)(n2cnc3c(=O)[nH]c(NC(C)=O)nc32)O[C@@H]1CO,False,C14H19N5O6,353.1335,25
CO[C@H]1[C@@H](O)[C@H](n2c(C)nc3c(=O)[nH]c(NC(C)=O)nc32)O[C@@H]1CO,False,C14H19N5O6,353.1335,25
CO[C@@H]1[C@@H](CO)O[C@@H](n2cnc3c(=O)[nH]c(NC(C)=O)nc32)[C@@]1(C)O,False,C14H19N5O6,353.1335,25
CO[C@@]1(C)[C@@H](CO)O[C@@H](n2cnc3c(=O)[nH]c(NC(C)=O)nc32)[C@@H]1O,False,C14H19N5O6,353.1335,25
CO[C@H]1[C@@H](O)[C@H](n2cnc3c(=O)[nH]c(NC(C)=O)nc32)O[C@@]1(C)CO,False,C14H19N5O6,353.1335,25
CO[C@H]1[C@@H](O)[C@H](n2cnc3c(=O)[nH]c(NC(C)=O)nc32)O[C@@H]1C(C)O,False,C14H19N5O6,353.1335,25
CCO[C@H]1[C@@H](O)[C@H](n2cnc3c(=O)[nH]c(NC(C)=O)nc32)O[C@@H]1CO,False,C14H19N5O6,353.1335,25
CO[C@H]1[C@@H](O)[C@H](n2cnc3c(=O)[nH]c(N)nc32)O[C@@H]1C(C)OC=O,False,C13H17N5O6,339.1179,24
CO[C@H]1[C@@H](O)[C@H](n2cnc3c(=O)[nH]c(N)nc32)O[C@@]1(C)COC=O,False,C13H17N5O6,339.1179,24
CO[C@@]1(C)[C@@H](COC=O)O[C@@H](n2cnc3c(=O)[nH]c(N)nc32)[C@@H]1O,False,C13H17N5O6,339.1179,24
CO[C@@H]1[C@@H](COC=O)O[C@@H](n2cnc3c(=O)[nH]c(N)nc32)[C@@]1(C)O,False,C13H17N5O6,339.1179,24
CO[C@H]1[C@@H](O)[C@@](C)(n2cnc3c(=O)[nH]c(N)nc32)O[C@@H]1COC=O,False,C13H17N5O6,339.1179,24
CCO[C@H]1[C@@H](O)[C@H](n2cnc3c(=O)[nH]c(N)nc32)O[C@@H]1COC=O,False,C13H17N5O6,339.1179,24
CO[C@H]1[C@@H](O)[C@H](n2c(C)nc3c(=O)[nH]c(N)nc32)O[C@@H]1COC=O,False,C13H17N5O6,339.1179,24
CO[C@H]1[C@@H](O)[C@H]2O[C@@H]1COC(C)=Nc1nc3c(ncn32)c(=O)[nH]1,False,C13H15N5O5,321.1073,23
CO[C@H]1[C@H]2OCC(O)OC[C@H]1O[C@H]2n1cnc2c(=O)[nH]c(N)nc21,False,C13H17N5O6,339.1179,24
CO[C@H]1[C@H]2OC(OC(C)O)[C@H]1O[C@H]2n1cnc2c(=O)[nH]c(N)nc21,False,C13H17N5O6,339.1179,24
CO[C@H]1[C@H]2O[C@@]1(COC(C)O)O[C@H]2n1cnc2c(=O)[nH]c(N)nc21,False,C13H17N5O6,339.1179,24
CO[C@]12O[C@H]1[C@H](n1cnc3c(=O)[nH]c(N)nc31)O[C@@H]2COC(C)O,False,C13H17N5O6,339.1179,24
CO[C@H]1[C@H]2O[C@]2(n2cnc3c(=O)[nH]c(N)nc32)O[C@@H]1COC(C)O,False,C13H17N5O6,339.1179,24
CC(O)OC[C@H]1O[C@@H](n2cnc3c(=O)[nH]c(N)nc32)[C@@H]2OCO[C@@H]21,False,C13H17N5O6,339.1179,24
CO[C@H]1[C@H]2Oc3nc4c(=O)[nH]c(N)nc4n3[C@@H]2O[C@@H]1COC(C)O,False,C13H17N5O6,339.1179,24
CO[C@H]1[C@@H](O)[C@H](n2cnc3c(=O)[nH]c(N)nc32)O[C@@H]1COC(C)O,False,C13H19N5O6,341.1335,24
CCOC[C@H]1O[C@@H](n2cnc3c(=O)[nH]c(N)nc32)[C@H](O)[C@@H]1OC,False,C13H19N5O5,325.1386,23
CCC(=O)OC[C@H]1O[C@@H](n2cnc3c(=O)[nH]c(N)nc32)[C@H](O)[C@@H]1OC,False,C14H19N5O6,353.1335,25
CO[C@H]1[C@@H](OC(C)=O)[C@H](n2cnc3c(=O)[nH]c(N)nc32)O[C@@H]1COC(C)=O,False,C15H19N5O7,381.1284,27
CO[C@H]1[C@@H](O)[C@H](n2cnc3c(=O)[nH]c(N)nc32)O[C@@H]1COC(=O)CC(=O)O,False,C14H17N5O8,383.1077,27
CO[C@H]1[C@@H](O)[C@H](n2cnc3c(=O)[nH]c(N)nc32)O[C@@H]1COC(C)(O)C#N,False,C14H18N6O6,366.1288,26
CO[C@H]1[C@@H](O)[C@H](n2cnc3c(=O)[nH]c(N)nc32)O[C@@H]1COC(C)N,False,C13H20N6O5,340.1495,24
CO[C@H]1[C@@H](O)[C@H](n2cnc3c(=O)[nH]c(N)nc32)O[C@@H]1COC(=O)CO,False,C13H17N5O7,355.1128,25
COC(=O)OC[C@H]1O[C@@H](n2cnc3c(=O)[nH]c(N)nc32)[C@H](O)[C@@H]1OC,False,C13H17N5O7,355.1128,25
CO[C@H]1[C@@H](O)[C@H](n2cnc3c(=O)[nH]c(N)nc32)O[C@@H]1COC(O)CO,False,C13H19N5O7,357.1284,25
CO[C@H]1[C@@H](O)[C@H](n2cnc3c(=O)[nH]c(N)nc32)O[C@@H]1CC(C)=O,False,C13H17N5O5,323.123,23
CO[C@H]1[C@@H](O)[C@H](n2cnc3c(=O)[nH]c(N)nc32)O[C@@H]1C(=O)OC(C)=O,False,C13H15N5O7,353.0971,25
CC(=O)OC[C@H]1O[C@@H](n2cnc3c(=O)[nH]c(N)nc32)[C@H](O)[C@@H]1OC=O,False,C13H15N5O7,353.0971,25
CO[C@H]1[C@@H](O)[C@H](n2cnc3c(=O)n(C(C)=O)c(N)nc32)O[C@@H]1COC(C)=O,False,C15H19N5O7,381.1284,27
CO[C@H]1[C@@H](O)[C@H](n2cnc3c(=O)[nH]c(N)nc32)O[C@@H]1C(C)OC(C)=O,False,C14H19N5O6,353.1335,25
CO[C@H]1[C@@H](O)[C@H](n2cnc3c(=O)[nH]c(N)nc32)O[C@@]1(C)COC(C)=O,False,C14H19N5O6,353.1335,25
CO[C@@]1(C)[C@@H](COC(C)=O)O[C@@H](n2cnc3c(=O)[nH]c(N)nc32)[C@@H]1O,False,C14H19N5O6,353.1335,25
CO[C@@H]1[C@@H](COC(C)=O)O[C@@H](n2cnc3c(=O)[nH]c(N)nc32)[C@@]1(C)O,False,C14H19N5O6,353.1335,25
CO[C@H]1[C@@H](O)[C@@](C)(n2cnc3c(=O)[nH]c(N)nc32)O[C@@H]1COC(C)=O,False,C14H19N5O6,353.1335,25
CCO[C@H]1[C@@H](O)[C@H](n2cnc3c(=O)[nH]c(N)nc32)O[C@@H]1COC(C)=O,False,C14H19N5O6,353.1335,25
CO[C@H]1[C@@H](O)[C@H](n2c(C)nc3c(=O)[nH]c(N)nc32)O[C@@H]1COC(C)=O,False,C14H19N5O6,353.1335,25
CO[C@@H]1[C@@H](CO)O[C@@H](n2cnc3c(=O)[nH]c(N)nc32)[C@@]1(C)OC=O,False,C13H17N5O6,339.1179,24
CO[C@@]1(C)[C@@H](CO)O[C@@H](n2cnc3c(=O)[nH]c(N)nc32)[C@@H]1OC=O,False,C13H17N5O6,339.1179,24
CO[C@H]1[C@@H](OC=O)[C@@](C)(n2cnc3c(=O)[nH]c(N)nc32)O[C@@H]1CO,False,C13H17N5O6,339.1179,24
CO[C@H]1[C@@H](OC=O)[C@H](n2cnc3c(=O)[nH]c(N)nc32)O[C@@]1(C)CO,False,C13H17N5O6,339.1179,24
CCO[C@H]1[C@@H](OC=O)[C@H](n2cnc3c(=O)[nH]c(N)nc32)O[C@@H]1CO,False,C13H17N5O6,339.1179,24
CO[C@H]1[C@@H](OC=O)[C@H](n2cnc3c(=O)[nH]c(N)nc32)O[C@@H]1C(C)O,False,C13H17N5O6,339.1179,24
CO[C@H]1[C@@H](OC=O)[C@H](n2c(C)nc3c(=O)[nH]c(N)nc32)O[C@@H]1CO,False,C13H17N5O6,339.1179,24
CO[C@H]1[C@H]2OC(C)=Nc3nc4c(ncn4[C@@H]2O[C@@H]1CO)c(=O)[nH]3,False,C13H15N5O5,321.1073,23
CO[C@H]1[C@H]2OC(O)COC[C@H]1O[C@H]2n1cnc2c(=O)[nH]c(N)nc21,False,C13H17N5O6,339.1179,24
CO[C@@H]1[C@H]2CO[C@@]1(OC(C)O)[C@H](n1cnc3c(=O)[nH]c(N)nc31)O2,False,C13H17N5O6,339.1179,24
CO[C@@]12OC[C@H]1O[C@@H](n1cnc3c(=O)[nH]c(N)nc31)[C@@H]2OC(C)O,False,C13H17N5O6,339.1179,24
CO[C@H]1[C@@H](OC(C)O)[C@]2(n3cnc4c(=O)[nH]c(N)nc43)OC[C@H]1O2,False,C13H17N5O6,339.1179,24
CO[C@H]1[C@@H](OC(C)O)[C@H](n2cnc3c(=O)[nH]c(N)nc32)O[C@@]12CO2,False,C13H17N5O6,339.1179,24
CO[C@H]1[C@@H](OC(C)O)[C@H]2O[C@@H]1COc1nc3c(=O)[nH]c(N)nc3n12,False,C13H17N5O6,339.1179,24
CO[C@H]1[C@@H](OC(C)O)[C@H](n2cnc3c(=O)[nH]c(N)nc32)O[C@@H]1CO,False,C13H19N5O6,341.1335,24
CCO[C@@H]1[C@H](OC)[C@@H](CO)O[C@H]1n1cnc2c(=O)[nH]c(N)nc21,False,C13H19N5O5,325.1386,23
CCC(=O)O[C@@H]1[C@H](OC)[C@@H](CO)O[C@H]1n1cnc2c(=O)[nH]c(N)nc21,False,C14H19N5O6,353.1335,25
CO[C@H]1[C@@H](OC(=O)CC(=O)O)[C@H](n2cnc3c(=O)[nH]c(N)nc32)O[C@@H]1CO,False,C14H17N5O8,383.1077,27
CO[C@H]1[C@@H](OC(C)(O)C#N)[C@H](n2cnc3c(=O)[nH]c(N)nc32)O[C@@H]1CO,False,C14H18N6O6,366.1288,26
CO[C@H]1[C@@H](OC(C)N)[C@H](n2cnc3c(=O)[nH]c(N)nc32)O[C@@H]1CO,False,C13H20N6O5,340.1495,24
CO[C@H]1[C@@H](OC(=O)CO)[C@H](n2cnc3c(=O)[nH]c(N)nc32)O[C@@H]1CO,False,C13H17N5O7,355.1128,25
COC(=O)O[C@@H]1[C@H](OC)[C@@H](CO)O[C@H]1n1cnc2c(=O)[nH]c(N)nc21,False,C13H17N5O7,355.1128,25
CO[C@H]1[C@@H](OC(O)CO)[C@H](n2cnc3c(=O)[nH]c(N)nc32)O[C@@H]1CO,False,C13H19N5O7,357.1284,25
CO[C@H]1[C@@H](OC(C)=O)[C@H](n2cnc3c(=O)[nH]c(N)nc32)O[C@@H]1C,False,C13H17N5O5,323.123,23
CO[C@H]1[C@@H](C(C)=O)[C@H](n2cnc3c(=O)[nH]c(N)nc32)O[C@@H]1CO,False,C13H17N5O5,323.123,23
CC(=O)O[C@@H]1[C@H](OC=O)[C@@H](CO)O[C@H]1n1cnc2c(=O)[nH]c(N)nc21,False,C13H15N5O7,353.0971,25
CO[C@H]1[C@@H](OC(C)=O)[C@H](n2cnc3c(=O)[nH]c(N)nc32)O[C@@H]1C(=O)O,False,C13H15N5O7,353.0971,25
CO[C@H]1[C@@H](OC(C)=O)[C@H](n2cnc3c(=O)n(C(C)=O)c(N)nc32)O[C@@H]1CO,False,C15H19N5O7,381.1284,27
CO[C@@H]1[C@@H](CO)O[C@@H](n2cnc3c(=O)[nH]c(N)nc32)[C@@]1(C)OC(C)=O,False,C14H19N5O6,353.1335,25
CO[C@@]1(C)[C@@H](CO)O[C@@H](n2cnc3c(=O)[nH]c(N)nc32)[C@@H]1OC(C)=O,False,C14H19N5O6,353.1335,25
CO[C@H]1[C@@H](OC(C)=O)[C@@](C)(n2cnc3c(=O)[nH]c(N)nc32)O[C@@H]1CO,False,C14H19N5O6,353.1335,25
CO[C@H]1[C@@H](OC(C)=O)[C@H](n2cnc3c(=O)[nH]c(N)nc32)O[C@@]1(C)CO,False,C14H19N5O6,353.1335,25
CCO[C@H]1[C@@H](OC(C)=O)[C@H](n2cnc3c(=O)[nH]c(N)nc32)O[C@@H]1CO,False,C14H19N5O6,353.1335,25
CO[C@H]1[C@@H](OC(C)=O)[C@H](n2cnc3c(=O)[nH]c(N)nc32)O[C@@H]1C(C)O,False,C14H19N5O6,353.1335,25
CO[C@H]1[C@@H](OC(C)=O)[C@H](n2c(C)nc3c(=O)[nH]c(N)nc32)O[C@@H]1CO,False,C14H19N5O6,353.1335,25
C[C@H]1O[C@@H](n2cnc3c(=O)[nH]c(N)nc32)[C@H](O)[C@@H]1OC=O,False,C11H13N5O5,295.0917,21
O=c1[nH]c2nc3c1ncn3[C@@H]1O[C@H](CO)[C@@H](OC=N2)[C@H]1O,False,C11H11N5O5,293.076,21
Nc1nc2c(ncn2[C@@H]2O[C@H](CO)[C@@]3(OCO)O[C@@H]23)c(=O)[nH]1,False,C11H13N5O6,311.0866,22
Nc1nc2c(ncn2[C@@H]2O[C@@H]3CO[C@@]3(OCO)[C@H]2O)c(=O)[nH]1,False,C11H13N5O6,311.0866,22
Nc1nc2c(ncn2[C@@H]2O[C@@H]3CO[C@]2(O)[C@@H]3OCO)c(=O)[nH]1,False,C11H13N5O6,311.0866,22
Nc1nc2c(ncn2[C@@H]2O[C@]3(CO)O[C@@H]2[C@@H]3OCO)c(=O)[nH]1,False,C11H13N5O6,311.0866,22
Nc1nc2c(ncn2[C@@H]2O[C@@]3(CO3)[C@@H](OCO)[C@H]2O)c(=O)[nH]1,False,C11H13N5O6,311.0866,22
Nc1nc2c(ncn2[C@]23O[C@@H]2[C@H](OCO)[C@@H](CO)O3)c(=O)[nH]1,False,C11H13N5O6,311.0866,22
Nc1nc2c(ncn2[C@@]23OC[C@@H](O2)[C@@H](OCO)[C@H]3O)c(=O)[nH]1,False,C11H13N5O6,311.0866,22
Nc1nc2c(ncn2[C@@H]2O[C@@H]3C(O)O[C@@H]2[C@@H]3OCO)c(=O)[nH]1,False,C11H13N5O6,311.0866,22
Nc1nc2c(nc3n2[C@@H]2O[C@H](CO)[C@@H](OCO)[C@H]2O3)c(=O)[nH]1,False,C11H13N5O6,311.0866,22
Nc1nc2c(nc3n2[C@@H]2O[C@H](CO3)[C@@H](OCO)[C@H]2O)c(=O)[nH]1,False,C11H13N5O6,311.0866,22
Nc1nc2c(ncn2[C@@H]2O[C@H](C(=O)O)[C@@H](OC=O)[C@H]2O)c(=O)[nH]1,False,C11H11N5O7,325.0658,23
Nc1nc2c(ncn2[C@@H]2O[C@H](CO)[C@@H](OC=O)[C@H]2OC=O)c(=O)[nH]1,False,C12H13N5O7,339.0815,24
CO[C@@H]1CO[C@@H](n2cnc3c(=O)[nH]c(N)nc32)[C@@H]1O,False,C10H13N5O4,267.0968,19
CO[C@H]1[C@@H](O)[C@H]2O[C@@H]1C(O)=Nc1nc3c(ncn32)c(=O)[nH]1,False,C11H11N5O5,293.076,21
CO[C@H]1[C@@H](O)[C@H](n2cnc3c(=O)[nH]c(N)nc32)O[C@]12OC2O,False,C11H13N5O6,311.0866,22
CO[C@H]1[C@H]2O[C@@]1(C(O)O)O[C@H]2n1cnc2c(=O)[nH]c(N)nc21,False,C11H13N5O6,311.0866,22
CO[C@@]12OC(O)[C@H]1O[C@@H](n1cnc3c(=O)[nH]c(N)nc31)[C@@H]2O,False,C11H13N5O6,311.0866,22
CO[C@]12O[C@H]1[C@H](n1cnc3c(=O)[nH]c(N)nc31)O[C@@H]2C(O)O,False,C11H13N5O6,311.0866,22
CO[C@@H]1[C@@H]2O[C@@H](n3cnc4c(=O)[nH]c(N)nc43)[C@]1(O)OC2O,False,C11H13N5O6,311.0866,22
CO[C@@H]1[C@@H]2O[C@@](n3cnc4c(=O)[nH]c(N)nc43)(OC2O)[C@@H]1O,False,C11H13N5O6,311.0866,22
CO[C@@H]1[C@@H](C(O)O)O[C@@]2(n3cnc4c(=O)[nH]c(N)nc43)O[C@H]12,False,C11H13N5O6,311.0866,22
Nc1nc2c(ncn2[C@@H]2O[C@H](C(O)O)[C@H]3OCO[C@H]32)c(=O)[nH]1,False,C11H13N5O6,311.0866,22
CO[C@H]1[C@@H](O)[C@H]2O[C@@H]1C(O)Oc1nc3c(=O)[nH]c(N)nc3n12,False,C11H13N5O6,311.0866,22
CO[C@H]1[C@H]2Oc3nc4c(=O)[nH]c(N)nc4n3[C@@H]2O[C@@H]1C(O)O,False,C11H13N5O6,311.0866,22
CO[C@H]1[C@@H](O)[C@H](n2cnc3c(=O)[nH]c(N)nc32)O[C@@H]1C(O)O,False,C11H15N5O6,313.1022,22
CO[C@H]1[C@@H](O)[C@H](n2cnc3c(=O)[nH]c(N)nc32)O[C@@H]1C(O)(O)C#N,False,C12H14N6O6,338.0975,24
CO[C@H]1[C@@H](O)[C@H](n2cnc3c(=O)[nH]c(N)nc32)O[C@@H]1C(N)=O,False,C11H14N6O5,310.1026,22
CO[C@@H]1[C@H](O)CO[C@]1(CO)n1c[n+](C)c2c(=O)[nH]c(N)nc21,False,C12H18N5O5+,312.1302,22
CO[C@@H]1[C@H](O)[C@@H](CO)O[C@H]1n1c[n+](C)c2c3nc(nc21)[nH]3,False,C12H16N5O4+,294.1197,21
CO[C@@H]1[C@H](O)[C@@H](C=O)O[C@H]1n1c[n+](C)c2c(=O)[nH]c(N)nc21,False,C12H16N5O5+,310.1146,22
CO[C@@H]1[C@H](O)[C@@H](CO)O[C@H]1n1c[n+](C)c2c(=O)[nH]c(NC(C)=O)nc21,False,C14H20N5O6+,354.1408,25
CO[C@@H]1[C@H](O)[C@@H](COC(C)=O)O[C@H]1n1c[n+](C)c2c(=O)[nH]c(N)nc21,False,C14H20N5O6+,354.1408,25
CO[C@@H]1[C@H](OC(C)=O)[C@@H](CO)O[C@H]1n1c[n+](C)c2c(=O)[nH]c(N)nc21,False,C14H20N5O6+,354.1408,25
CO[C@@H]1[C@H](O)[C@@H](C)O[C@H]1n1c[n+](C)c2c(=O)[nH]c(N)nc21,False,C12H18N5O4+,296.1353,21
C[n+]1cn([C@@H]2O[C@H](CO)[C@@H](O)[C@H]2OC=O)c2nc(N)[nH]c(=O)c21,False,C12H16N5O6+,326.1095,23
CO[C@@H]1[C@H](O)[C@@H](C(=O)O)O[C@H]1n1c[n+](C)c2c(=O)[nH]c(N)nc21,False,C12H16N5O6+,326.1095,23
CO[C@@H]1[C@H](O)[C@@H](CO)O[C@H]1n1c[n+](C)c2c(=O)n(C)c(N)nc21,False,C13H20N5O5+,326.1459,23
CO[C@@H]1[C@H](O)[C@@H](CO)O[C@H]1n1c[nH+]c2c(=O)[nH]c(N)nc21,False,C11H16N5O5+,298.1146,21
CNc1nc2c(c(=O)[nH]1)[n+](C)cn2[C@@H]1O[C@H](CO)[C@@H](O)[C@H]1OC,False,C13H20N5O5+,326.1459,23
CO[C@@H]1[C@H](O)[C@@H](CO)O[C@]1(C)n1cnc2c(=O)[nH]c(NC=O)nc21,False,C13H17N5O6,339.1179,24
CO[C@@H]1[C@H](O)[C@@H](CO)O[C@H]1n1c(C)nc2c(=O)[nH]c(NC=O)nc21,False,C13H17N5O6,339.1179,24
CO[C@@]1(C)[C@H](O)[C@@H](CO)O[C@H]1n1cnc2c(=O)[nH]c(NC=O)nc21,False,C13H17N5O6,339.1179,24
CO[C@H]1[C@H](n2cnc3c(=O)[nH]c(NC=O)nc32)O[C@H](CO)[C@]1(C)O,False,C13H17N5O6,339.1179,24
CO[C@H]1[C@H](n2cnc3c(=O)[nH]c(NC=O)nc32)O[C@@](C)(CO)[C@H]1O,False,C13H17N5O6,339.1179,24
CCO[C@@H]1[C@H](O)[C@@H](CO)O[C@H]1n1cnc2c(=O)[nH]c(NC=O)nc21,False,C13H17N5O6,339.1179,24
CO[C@@H]1[C@H](O)[C@@H](C(C)O)O[C@H]1n1cnc2c(=O)[nH]c(NC=O)nc21,False,C13H17N5O6,339.1179,24
CO[C@@H]1[C@@H]2OCC(O)Nc3nc4c(ncn4[C@@H]1O[C@@H]2CO)c(=O)[nH]3,False,C13H17N5O6,339.1179,24
CO[C@@H]1[C@H](O)[C@H]2COCC(O)Nc3nc4c(ncn4[C@@H]1O2)c(=O)[nH]3,False,C13H17N5O6,339.1179,24
CO[C@@H]1[C@@H]2O[C@]1(n1cnc3c(=O)[nH]c(NC(C)O)nc31)O[C@@H]2CO,False,C13H17N5O6,339.1179,24
CO[C@@H]1[C@H](O)[C@H]2CO[C@]1(n1cnc3c(=O)[nH]c(NC(C)O)nc31)O2,False,C13H17N5O6,339.1179,24
CO[C@@H]1[C@@H]2Oc3nc4c(=O)[nH]c(NC(C)O)nc4n3[C@@H]1O[C@@H]2CO,False,C13H17N5O6,339.1179,24
CO[C@@H]1[C@H](O)[C@H]2COc3nc4c(=O)[nH]c(NC(C)O)nc4n3[C@@H]1O2,False,C13H17N5O6,339.1179,24
CO[C@@]12O[C@@H]1[C@@H](CO)O[C@H]2n1cnc2c(=O)[nH]c(NC(C)O)nc21,False,C13H17N5O6,339.1179,24
CO[C@]12OC[C@@H](O[C@H]1n1cnc3c(=O)[nH]c(NC(C)O)nc31)[C@H]2O,False,C13H17N5O6,339.1179,24
CO[C@H]1[C@H](n2cnc3c(=O)[nH]c(NC(C)O)nc32)O[C@@H]2CO[C@]21O,False,C13H17N5O6,339.1179,24
CO[C@H]1[C@H](n2cnc3c(=O)[nH]c(NC(C)O)nc32)O[C@]2(CO)O[C@@H]12,False,C13H17N5O6,339.1179,24
CO[C@H]1[C@H](n2cnc3c(=O)[nH]c(NC(C)O)nc32)O[C@@]2(CO2)[C@H]1O,False,C13H17N5O6,339.1179,24
CO[C@@H]1[C@@H]2OC(O)[C@H]2O[C@H]1n1cnc2c(=O)[nH]c(NC(C)O)nc21,False,C13H17N5O6,339.1179,24
CO[C@@H]1[C@H](O)[C@@H](CO)O[C@H]1n1cnc2c(=O)[nH]c(NC(C)O)nc21,False,C13H19N5O6,341.1335,24
CO[C@@H]1[C@H](O)[C@@H](CO)O[C@H]1n1cnc2c(=O)[nH]c(N(C)C(C)=O)nc21,False,C14H19N5O6,353.1335,25
CCC(=O)Nc1nc2c(ncn2[C@@H]2O[C@H](CO)[C@@H](O)[C@H]2OC)c(=O)[nH]1,False,C14H19N5O6,353.1335,25
CO[C@@H]1[C@H](O)[C@@H](CO)O[C@H]1n1cnc2c(=O)[nH]c(N(C(C)=O)C(C)=O)nc21,False,C15H19N5O7,381.1284,27
CO[C@@H]1[C@H](O)[C@@H](COC(C)=O)O[C@H]1n1cnc2c(=O)[nH]c(NC(C)=O)nc21,False,C15H19N5O7,381.1284,27
CO[C@@H]1[C@H](OC(C)=O)[C@@H](CO)O[C@H]1n1cnc2c(=O)[nH]c(NC(C)=O)nc21,False,C15H19N5O7,381.1284,27
CO[C@@H]1[C@H](O)[C@@H](CO)O[C@H]1n1cnc2c(=O)[nH]c(NC(=O)CC(=O)O)nc21,False,C14H17N5O8,383.1077,27
CO[C@@H]1[C@H](O)[C@@H](CO)O[C@H]1n1cnc2c(=O)[nH]c(NC(C)(O)C#N)nc21,False,C14H18N6O6,366.1288,26
CO[C@@H]1[C@H](O)[C@@H](CO)O[C@H]1n1cnc2c(=O)[nH]c(NC(C)N)nc21,False,C13H20N6O5,340.1495,24
CO[C@@H]1[C@H](O)[C@@H](CO)O[C@H]1n1cnc2c(=O)[nH]c(N(C(C)=O)C(N)=O)nc21,False,C14H18N6O7,382.1237,27
CO[C@@H]1[C@H](O)[C@@H](CO)O[C@H]1n1cnc2c(=O)[nH]c(NC(=O)CO)nc21,False,C13H17N5O7,355.1128,25
COC(=O)Nc1nc2c(ncn2[C@@H]2O[C@H](CO)[C@@H](O)[C@H]2OC)c(=O)[nH]1,False,C13H17N5O7,355.1128,25
CO[C@@H]1[C@H](O)[C@@H](CO)O[C@H]1n1cnc2c(=O)[nH]c(NC(O)CO)nc21,False,C13H19N5O7,357.1284,25
CO[C@@H]1[C@H](O)[C@@H](C)O[C@H]1n1cnc2c(=O)[nH]c(NC(C)=O)nc21,False,C13H17N5O5,323.123,23
CC(=O)Nc1nc2c(ncn2[C@@H]2O[C@H](CO)[C@@H](O)[C@H]2OC=O)c(=O)[nH]1,False,C13H15N5O7,353.0971,25
CO[C@@H]1[C@H](O)[C@@H](C(=O)O)O[C@H]1n1cnc2c(=O)[nH]c(NC(C)=O)nc21,False,C13H15N5O7,353.0971,25
CO[C@@H]1[C@H](O)[C@@H](CO)O[C@H]1n1cnc2c(=O)[nH]c(NC=O)nc21,False,C12H15N5O6,325.1022,23
CO[C@@H]1[C@H](O)[C@@H](CO)O[C@]1(C)n1cnc2c(=O)[nH]c(NC(C)=O)nc21,False,C14H19N5O6,353.1335,25
CO[C@@H]1[C@H](O)[C@@H](CO)O[C@H]1n1c(C)nc2c(=O)[nH]c(NC(C)=O)nc21,False,C14H19N5O6,353.1335,25
CO[C@@]1(C)[C@H](O)[C@@H](CO)O[C@H]1n1cnc2c(=O)[nH]c(NC(C)=O)nc21,False,C14H19N5O6,353.1335,25
CO[C@H]1[C@H](n2cnc3c(=O)[nH]c(NC(C)=O)nc32)O[C@H](CO)[C@]1(C)O,False,C14H19N5O6,353.1335,25
CO[C@H]1[C@H](n2cnc3c(=O)[nH]c(NC(C)=O)nc32)O[C@@](C)(CO)[C@H]1O,False,C14H19N5O6,353.1335,25
CCO[C@@H]1[C@H](O)[C@@H](CO)O[C@H]1n1cnc2c(=O)[nH]c(NC(C)=O)nc21,False,C14H19N5O6,353.1335,25
CO[C@@H]1[C@H](O)[C@@H](C(C)O)O[C@H]1n1cnc2c(=O)[nH]c(NC(C)=O)nc21,False,C14H19N5O6,353.1335,25
CO[C@@H]1[C@H](O)[C@@H](C(C)OC=O)O[C@H]1n1cnc2c(=O)[nH]c(N)nc21,False,C13H17N5O6,339.1179,24
CO[C@H]1[C@H](n2cnc3c(=O)[nH]c(N)nc32)O[C@@](C)(COC=O)[C@H]1O,False,C13H17N5O6,339.1179,24
CO[C@H]1[C@H](n2cnc3c(=O)[nH]c(N)nc32)O[C@H](COC=O)[C@]1(C)O,False,C13H17N5O6,339.1179,24
CO[C@@]1(C)[C@H](O)[C@@H](COC=O)O[C@H]1n1cnc2c(=O)[nH]c(N)nc21,False,C13H17N5O6,339.1179,24
CO[C@@H]1[C@H](O)[C@@H](COC=O)O[C@]1(C)n1cnc2c(=O)[nH]c(N)nc21,False,C13H17N5O6,339.1179,24
CCO[C@@H]1[C@H](O)[C@@H](COC=O)O[C@H]1n1cnc2c(=O)[nH]c(N)nc21,False,C13H17N5O6,339.1179,24
CO[C@@H]1[C@H](O)[C@@H](COC=O)O[C@H]1n1c(C)nc2c(=O)[nH]c(N)nc21,False,C13H17N5O6,339.1179,24
CO[C@@H]1[C@H](O)[C@H]2COC(C)=Nc3nc4c(ncn4[C@@H]1O2)c(=O)[nH]3,False,C13H15N5O5,321.1073,23
CO[C@@H]1[C@@H]2OCC(O)OC[C@H]2O[C@H]1n1cnc2c(=O)[nH]c(N)nc21,False,C13H17N5O6,339.1179,24
CO[C@@H]1[C@@H]2OC(OC(C)O)[C@H]2O[C@H]1n1cnc2c(=O)[nH]c(N)nc21,False,C13H17N5O6,339.1179,24
CO[C@H]1[C@H](n2cnc3c(=O)[nH]c(N)nc32)O[C@]2(COC(C)O)O[C@@H]12,False,C13H17N5O6,339.1179,24
CO[C@@]12O[C@@H]1[C@@H](COC(C)O)O[C@H]2n1cnc2c(=O)[nH]c(N)nc21,False,C13H17N5O6,339.1179,24
CO[C@@H]1[C@@H]2O[C@]1(n1cnc3c(=O)[nH]c(N)nc31)O[C@@H]2COC(C)O,False,C13H17N5O6,339.1179,24
CO[C@@H]1[C@@H]2Oc3nc4c(=O)[nH]c(N)nc4n3[C@@H]1O[C@@H]2COC(C)O,False,C13H17N5O6,339.1179,24
CO[C@@H]1[C@H](O)[C@@H](COC(C)O)O[C@H]1n1cnc2c(=O)[nH]c(N)nc21,False,C13H19N5O6,341.1335,24
CCOC[C@H]1O[C@@H](n2cnc3c(=O)[nH]c(N)nc32)[C@H](OC)[C@@H]1O,False,C13H19N5O5,325.1386,23
CCC(=O)OC[C@H]1O[C@@H](n2cnc3c(=O)[nH]c(N)nc32)[C@H](OC)[C@@H]1O,False,C14H19N5O6,353.1335,25
CO[C@@H]1[C@H](OC(C)=O)[C@@H](COC(C)=O)O[C@H]1n1cnc2c(=O)[nH]c(N)nc21,False,C15H19N5O7,381.1284,27
CO[C@@H]1[C@H](O)[C@@H](COC(=O)CC(=O)O)O[C@H]1n1cnc2c(=O)[nH]c(N)nc21,False,C14H17N5O8,383.1077,27
CO[C@@H]1[C@H](O)[C@@H](COC(C)(O)C#N)O[C@H]1n1cnc2c(=O)[nH]c(N)nc21,False,C14H18N6O6,366.1288,26
CO[C@@H]1[C@H](O)[C@@H](COC(C)N)O[C@H]1n1cnc2c(=O)[nH]c(N)nc21,False,C13H20N6O5,340.1495,24
CO[C@@H]1[C@H](O)[C@@H](COC(=O)CO)O[C@H]1n1cnc2c(=O)[nH]c(N)nc21,False,C13H17N5O7,355.1128,25
COC(=O)OC[C@H]1O[C@@H](n2cnc3c(=O)[nH]c(N)nc32)[C@H](OC)[C@@H]1O,False,C13H17N5O7,355.1128,25
CO[C@@H]1[C@H](O)[C@@H](COC(O)CO)O[C@H]1n1cnc2c(=O)[nH]c(N)nc21,False,C13H19N5O7,357.1284,25
CO[C@@H]1[C@H](O)[C@@H](CC(C)=O)O[C@H]1n1cnc2c(=O)[nH]c(N)nc21,False,C13H17N5O5,323.123,23
CO[C@@H]1[C@H](O)[C@@H](C(=O)OC(C)=O)O[C@H]1n1cnc2c(=O)[nH]c(N)nc21,False,C13H15N5O7,353.0971,25
CC(=O)OC[C@H]1O[C@@H](n2cnc3c(=O)[nH]c(N)nc32)[C@H](OC=O)[C@@H]1O,False,C13H15N5O7,353.0971,25
CO[C@@H]1[C@H](O)[C@@H](COC(C)=O)O[C@H]1n1cnc2c(=O)n(C(C)=O)c(N)nc21,False,C15H19N5O7,381.1284,27
CO[C@@H]1[C@H](O)[C@@H](C(C)OC(C)=O)O[C@H]1n1cnc2c(=O)[nH]c(N)nc21,False,C14H19N5O6,353.1335,25
CO[C@H]1[C@H](n2cnc3c(=O)[nH]c(N)nc32)O[C@@](C)(COC(C)=O)[C@H]1O,False,C14H19N5O6,353.1335,25
CO[C@H]1[C@H](n2cnc3c(=O)[nH]c(N)nc32)O[C@H](COC(C)=O)[C@]1(C)O,False,C14H19N5O6,353.1335,25
CO[C@@]1(C)[C@H](O)[C@@H](COC(C)=O)O[C@H]1n1cnc2c(=O)[nH]c(N)nc21,False,C14H19N5O6,353.1335,25
CO[C@@H]1[C@H](O)[C@@H](COC(C)=O)O[C@]1(C)n1cnc2c(=O)[nH]c(N)nc21,False,C14H19N5O6,353.1335,25
CCO[C@@H]1[C@H](O)[C@@H](COC(C)=O)O[C@H]1n1cnc2c(=O)[nH]c(N)nc21,False,C14H19N5O6,353.1335,25
CO[C@@H]1[C@H](O)[C@@H](COC(C)=O)O[C@H]1n1c(C)nc2c(=O)[nH]c(N)nc21,False,C14H19N5O6,353.1335,25
CO[C@H]1[C@H](n2cnc3c(=O)[nH]c(N)nc32)O[C@H](CO)[C@]1(C)OC=O,False,C13H17N5O6,339.1179,24
CO[C@@]1(C)[C@H](OC=O)[C@@H](CO)O[C@H]1n1cnc2c(=O)[nH]c(N)nc21,False,C13H17N5O6,339.1179,24
CO[C@H]1[C@H](n2cnc3c(=O)[nH]c(N)nc32)O[C@@](C)(CO)[C@H]1OC=O,False,C13H17N5O6,339.1179,24
CO[C@@H]1[C@H](OC=O)[C@@H](CO)O[C@]1(C)n1cnc2c(=O)[nH]c(N)nc21,False,C13H17N5O6,339.1179,24
CO[C@@H]1[C@H](OC=O)[C@@H](C(C)O)O[C@H]1n1cnc2c(=O)[nH]c(N)nc21,False,C13H17N5O6,339.1179,24
CCO[C@@H]1[C@H](OC=O)[C@@H](CO)O[C@H]1n1cnc2c(=O)[nH]c(N)nc21,False,C13H17N5O6,339.1179,24
CO[C@@H]1[C@H](OC=O)[C@@H](CO)O[C@H]1n1c(C)nc2c(=O)[nH]c(N)nc21,False,C13H17N5O6,339.1179,24
CO[C@@H]1[C@@H]2OC(C)=Nc3nc4c(ncn4[C@@H]1O[C@@H]2CO)c(=O)[nH]3,False,C13H15N5O5,321.1073,23
CO[C@@H]1[C@@H]2OC(O)COC[C@H]2O[C@H]1n1cnc2c(=O)[nH]c(N)nc21,False,C13H17N5O6,339.1179,24
CO[C@H]1[C@H](n2cnc3c(=O)[nH]c(N)nc32)O[C@@H]2CO[C@]21OC(C)O,False,C13H17N5O6,339.1179,24
CO[C@]12OC[C@@H](O[C@H]1n1cnc3c(=O)[nH]c(N)nc31)[C@H]2OC(C)O,False,C13H17N5O6,339.1179,24
CO[C@H]1[C@H](n2cnc3c(=O)[nH]c(N)nc32)O[C@@]2(CO2)[C@H]1OC(C)O,False,C13H17N5O6,339.1179,24
CO[C@@H]1[C@H](OC(C)O)[C@H]2CO[C@]1(n1cnc3c(=O)[nH]c(N)nc31)O2,False,C13H17N5O6,339.1179,24
CO[C@@H]1[C@H](OC(C)O)[C@H]2COc3nc4c(=O)[nH]c(N)nc4n3[C@@H]1O2,False,C13H17N5O6,339.1179,24
CO[C@@H]1[C@H](OC(C)O)[C@@H](CO)O[C@H]1n1cnc2c(=O)[nH]c(N)nc21,False,C13H19N5O6,341.1335,24
CCO[C@H]1[C@@H](OC)[C@H](n2cnc3c(=O)[nH]c(N)nc32)O[C@@H]1CO,False,C13H19N5O5,325.1386,23
CCC(=O)O[C@H]1[C@@H](OC)[C@H](n2cnc3c(=O)[nH]c(N)nc32)O[C@@H]1CO,False,C14H19N5O6,353.1335,25
CO[C@@H]1[C@H](OC(=O)CC(=O)O)[C@@H](CO)O[C@H]1n1cnc2c(=O)[nH]c(N)nc21,False,C14H17N5O8,383.1077,27
CO[C@@H]1[C@H](OC(C)(O)C#N)[C@@H](CO)O[C@H]1n1cnc2c(=O)[nH]c(N)nc21,False,C14H18N6O6,366.1288,26
CO[C@@H]1[C@H](OC(C)N)[C@@H](CO)O[C@H]1n1cnc2c(=O)[nH]c(N)nc21,False,C13H20N6O5,340.1495,24
CO[C@@H]1[C@H](OC(=O)CO)[C@@H](CO)O[C@H]1n1cnc2c(=O)[nH]c(N)nc21,False,C13H17N5O7,355.1128,25
COC(=O)O[C@H]1[C@@H](OC)[C@H](n2cnc3c(=O)[nH]c(N)nc32)O[C@@H]1CO,False,C13H17N5O7,355.1128,25
CO[C@@H]1[C@H](OC(O)CO)[C@@H](CO)O[C@H]1n1cnc2c(=O)[nH]c(N)nc21,False,C13H19N5O7,357.1284,25
CO[C@@H]1[C@H](OC(C)=O)[C@@H](C)O[C@H]1n1cnc2c(=O)[nH]c(N)nc21,False,C13H17N5O5,323.123,23
CO[C@@H]1[C@H](C(C)=O)[C@@H](CO)O[C@H]1n1cnc2c(=O)[nH]c(N)nc21,False,C13H17N5O5,323.123,23
CO[C@@H]1[C@H](OC(C)=O)[C@@H](C(=O)O)O[C@H]1n1cnc2c(=O)[nH]c(N)nc21,False,C13H15N5O7,353.0971,25
CC(=O)O[C@H]1[C@@H](OC=O)[C@H](n2cnc3c(=O)[nH]c(N)nc32)O[C@@H]1CO,False,C13H15N5O7,353.0971,25
CO[C@@H]1[C@H](OC(C)=O)[C@@H](CO)O[C@H]1n1cnc2c(=O)n(C(C)=O)c(N)nc21,False,C15H19N5O7,381.1284,27
CO[C@H]1[C@H](n2cnc3c(=O)[nH]c(N)nc32)O[C@H](CO)[C@]1(C)OC(C)=O,False,C14H19N5O6,353.1335,25
CO[C@@]1(C)[C@H](OC(C)=O)[C@@H](CO)O[C@H]1n1cnc2c(=O)[nH]c(N)nc21,False,C14H19N5O6,353.1335,25
CO[C@H]1[C@H](n2cnc3c(=O)[nH]c(N)nc32)O[C@@](C)(CO)[C@H]1OC(C)=O,False,C14H19N5O6,353.1335,25
CO[C@@H]1[C@H](OC(C)=O)[C@@H](CO)O[C@]1(C)n1cnc2c(=O)[nH]c(N)nc21,False,C14H19N5O6,353.1335,25
CO[C@@H]1[C@H](OC(C)=O)[C@@H](C(C)O)O[C@H]1n1cnc2c(=O)[nH]c(N)nc21,False,C14H19N5O6,353.1335,25
CCO[C@@H]1[C@H](OC(C)=O)[C@@H](CO)O[C@H]1n1cnc2c(=O)[nH]c(N)nc21,False,C14H19N5O6,353.1335,25
CO[C@@H]1[C@H](OC(C)=O)[C@@H](CO)O[C@H]1n1c(C)nc2c(=O)[nH]c(N)nc21,False,C14H19N5O6,353.1335,25
C[C@H]1O[C@@H](n2cnc3c(=O)[nH]c(N)nc32)[C@H](OC=O)[C@@H]1O,False,C11H13N5O5,295.0917,21
O=c1[nH]c2nc3c1ncn3[C@@H]1O[C@H](CO)[C@@H](O)[C@H]1OC=N2,False,C11H11N5O5,293.076,21
Nc1nc2c(ncn2[C@@H]2O[C@H](CO)[C@H]3O[C@]32OCO)c(=O)[nH]1,False,C11H13N5O6,311.0866,22
Nc1nc2c(ncn2[C@@H]2O[C@@H]3CO[C@]2(OCO)[C@@H]3O)c(=O)[nH]1,False,C11H13N5O6,311.0866,22
Nc1nc2c(ncn2[C@]23O[C@@H]([C@H]2OCO)[C@@H](CO)O3)c(=O)[nH]1,False,C11H13N5O6,311.0866,22
Nc1nc2c(ncn2[C@@]23OC[C@@H](O2)[C@@H](O)[C@H]3OCO)c(=O)[nH]1,False,C11H13N5O6,311.0866,22
Nc1nc2c(ncn2[C@@H]2O[C@@H]3CO[C@@]3(O)[C@H]2OCO)c(=O)[nH]1,False,C11H13N5O6,311.0866,22
Nc1nc2c(ncn2[C@@H]2O[C@]3(CO)O[C@H]3[C@H]2OCO)c(=O)[nH]1,False,C11H13N5O6,311.0866,22
Nc1nc2c(ncn2[C@@H]2O[C@@]3(CO3)[C@@H](O)[C@H]2OCO)c(=O)[nH]1,False,C11H13N5O6,311.0866,22
Nc1nc2c(nc3n2[C@@H]2O[C@H](CO)[C@@H](O3)[C@H]2OCO)c(=O)[nH]1,False,C11H13N5O6,311.0866,22
Nc1nc2c(nc3n2[C@@H]2O[C@H](CO3)[C@@H](O)[C@H]2OCO)c(=O)[nH]1,False,C11H13N5O6,311.0866,22
Nc1nc2c(ncn2[C@@H]2O[C@@H]3C(O)O[C@H]3[C@H]2OCO)c(=O)[nH]1,False,C11H13N5O6,311.0866,22
Nc1nc2c(ncn2[C@@H]2O[C@H](C(=O)O)[C@@H](O)[C@H]2OC=O)c(=O)[nH]1,False,C11H11N5O7,325.0658,23
CO[C@@H]1[C@H](O)CO[C@H]1n1cnc2c(=O)[nH]c(N)nc21,False,C10H13N5O4,267.0968,19
CO[C@@H]1[C@H](O)[C@@H]2O[C@H]1n1cnc3c(=O)[nH]c(nc31)N=C2O,False,C11H11N5O5,293.076,21
CO[C@H]1[C@H](n2cnc3c(=O)[nH]c(N)nc32)O[C@]2(OC2O)[C@H]1O,False,C11H13N5O6,311.0866,22
CO[C@H]1[C@H](n2cnc3c(=O)[nH]c(N)nc32)O[C@]2(C(O)O)O[C@@H]12,False,C11H13N5O6,311.0866,22
CO[C@H]1[C@H](n2cnc3c(=O)[nH]c(N)nc32)O[C@@H]2C(O)O[C@]21O,False,C11H13N5O6,311.0866,22
CO[C@]12OC(O)[C@@H](O[C@H]1n1cnc3c(=O)[nH]c(N)nc31)[C@H]2O,False,C11H13N5O6,311.0866,22
CO[C@@]12O[C@@H]1[C@@H](C(O)O)O[C@H]2n1cnc2c(=O)[nH]c(N)nc21,False,C11H13N5O6,311.0866,22
CO[C@@H]1[C@H](O)[C@@H]2O[C@@]1(n1cnc3c(=O)[nH]c(N)nc31)OC2O,False,C11H13N5O6,311.0866,22
CO[C@@H]1[C@@H]2O[C@]1(n1cnc3c(=O)[nH]c(N)nc31)O[C@@H]2C(O)O,False,C11H13N5O6,311.0866,22
CO[C@@H]1[C@H](O)[C@@H]2O[C@H]1n1c(nc3c(=O)[nH]c(N)nc31)OC2O,False,C11H13N5O6,311.0866,22
CO[C@@H]1[C@@H]2Oc3nc4c(=O)[nH]c(N)nc4n3[C@@H]1O[C@@H]2C(O)O,False,C11H13N5O6,311.0866,22
CO[C@@H]1[C@H](O)[C@@H](C(O)O)O[C@H]1n1cnc2c(=O)[nH]c(N)nc21,False,C11H15N5O6,313.1022,22
CO[C@@H]1[C@H](O)[C@@H](C(O)(O)C#N)O[C@H]1n1cnc2c(=O)[nH]c(N)nc21,False,C12H14N6O6,338.0975,24
CO[C@@H]1[C@H](O)[C@@H](C(N)=O)O[C@H]1n1cnc2c(=O)[nH]c(N)nc21,False,C11H14N6O5,310.1026,22
C[n+]1cn([C@@]2(CO)OC[C@@H](O)[C@H]2O)c2nc3nc([nH]3)c21,False,C11H14N5O4+,280.104,20
C[n+]1cn([C@@]2(C=O)OC[C@@H](O)[C@H]2O)c2nc(N)[nH]c(=O)c21,False,C11H14N5O5+,296.0989,21
CC(=O)Nc1nc2c(c(=O)[nH]1)[n+](C)cn2[C@@]1(CO)OC[C@@H](O)[C@H]1O,False,C13H18N5O6+,340.1252,24
CC(=O)OC[C@]1(n2c[n+](C)c3c(=O)[nH]c(N)nc32)OC[C@@H](O)[C@H]1O,False,C13H18N5O6+,340.1252,24
CC(=O)O[C@@H]1[C@H](O)CO[C@]1(CO)n1c[n+](C)c2c(=O)[nH]c(N)nc21,False,C13H18N5O6+,340.1252,24
CC(=O)O[C@@H]1CO[C@](CO)(n2c[n+](C)c3c(=O)[nH]c(N)nc32)[C@@H]1O,False,C13H18N5O6+,340.1252,24
C[n+]1cn([C@@]2(C)OC[C@@H](O)[C@H]2O)c2nc(N)[nH]c(=O)c21,False,C11H16N5O4+,282.1197,20
C[n+]1cn([C@@]2(C(=O)O)OC[C@@H](O)[C@H]2O)c2nc(N)[nH]c(=O)c21,False,C11H14N5O6+,312.0939,22
Cn1c(N)nc2c(c1=O)[n+](C)cn2[C@@]1(CO)OC[C@@H](O)[C@H]1O,False,C12H18N5O5+,312.1302,22
Nc1nc2c([nH+]cn2[C@@]2(CO)OC[C@@H](O)[C@H]2O)c(=O)[nH]1,False,C10H14N5O5+,284.0989,20
CNc1nc2c(c(=O)[nH]1)[n+](C)cn2[C@@]1(CO)OC[C@@H](O)[C@H]1O,False,C12H18N5O5+,312.1302,22
C[n+]1cn([C@@H]2O[C@H](C=O)[C@@H](O)[C@H]2O)c2nc3nc([nH]3)c21,False,C11H12N5O4+,278.0884,20
CC(=O)OC[C@H]1O[C@@H](n2c[n+](C)c3c4nc(nc32)[nH]4)[C@H](O)[C@@H]1O,False,C13H16N5O5+,322.1146,23
CC(=O)O[C@@H]1[C@H](O)[C@@H](CO)O[C@H]1n1c[n+](C)c2c3nc(nc21)[nH]3,False,C13H16N5O5+,322.1146,23
CC(=O)O[C@H]1[C@@H](O)[C@H](n2c[n+](C)c3c4nc(nc32)[nH]4)O[C@@H]1CO,False,C13H16N5O5+,322.1146,23
C[C@H]1O[C@@H](n2c[n+](C)c3c4nc(nc32)[nH]4)[C@H](O)[C@@H]1O,False,C11H14N5O3+,264.1091,19
C[n+]1cn([C@@H]2O[C@H](C(=O)O)[C@@H](O)[C@H]2O)c2nc3nc([nH]3)c21,False,C11H12N5O5+,294.0833,21
Cn1c2nc3c(c1n2)[n+](C)cn3[C@@H]1O[C@H](CO)[C@@H](O)[C@H]1O,False,C12H16N5O4+,294.1197,21
OC[C@H]1O[C@@H](n2c[nH+]c3c4nc(nc32)[nH]4)[C@H](O)[C@@H]1O,False,C10H12N5O4+,266.0884,19
C[n+]1cn2c3nc([nH]c(=O)c31)N=C[C@H]1O[C@@H]2[C@H](O)[C@@H]1O,False,C11H12N5O4+,278.0884,20
C[n+]1cn([C@@H]2O[C@]3(CO)O[C@H]3[C@H]2O)c2nc(N)[nH]c(=O)c21,False,C11H14N5O5+,296.0989,21
C[n+]1cn([C@@H]2O[C@]3(CO)O[C@@H]2[C@@H]3O)c2nc(N)[nH]c(=O)c21,False,C11H14N5O5+,296.0989,21
C[n+]1cn([C@@H]2O[C@H](CO)[C@@]3(O)O[C@@H]23)c2nc(N)[nH]c(=O)c21,False,C11H14N5O5+,296.0989,21
C[n+]1cn([C@]23O[C@@H]([C@H]2O)[C@@H](CO)O3)c2nc(N)[nH]c(=O)c21,False,C11H14N5O5+,296.0989,21
C[n+]1cn([C@]23O[C@@H]2[C@H](O)[C@@H](CO)O3)c2nc(N)[nH]c(=O)c21,False,C11H14N5O5+,296.0989,21
C[n+]1cn([C@@H]2O[C@H](CO)[C@H]3O[C@]32O)c2nc(N)[nH]c(=O)c21,False,C11H14N5O5+,296.0989,21
C[n+]1c2n(c3nc(N)[nH]c(=O)c31)[C@@H]1O[C@H](CO)[C@@H](O2)[C@H]1O,False,C11H14N5O5+,296.0989,21
C[n+]1c2n(c3nc(N)[nH]c(=O)c31)[C@@H]1O[C@H](CO)[C@@H](O)[C@H]1O2,False,C11H14N5O5+,296.0989,21
Nc1nc2c(c(=O)[nH]1)[n+]1cn2[C@@H]2O[C@H](CO)[C@@H](OC1)[C@H]2O,False,C11H14N5O5+,296.0989,21
Nc1nc2c(c(=O)[nH]1)[n+]1cn2[C@@H]2O[C@H](CO)[C@@H](O)[C@H]2OC1,False,C11H14N5O5+,296.0989,21
CC(=O)Nc1nc2c(c(=O)[nH]1)[n+](C)cn2[C@@H]1O[C@H](C=O)[C@@H](O)[C@H]1O,False,C13H16N5O6+,338.1095,24
CC(=O)O[C@H]1[C@@H](O)[C@H](n2c[n+](C)c3c(=O)[nH]c(N)nc32)O[C@@H]1C=O,False,C13H16N5O6+,338.1095,24
CC(=O)O[C@@H]1[C@H](O)[C@@H](C=O)O[C@H]1n1c[n+](C)c2c(=O)[nH]c(N)nc21,False,C13H16N5O6+,338.1095,24
Cn1c(N)nc2c(c1=O)[n+](C)cn2[C@@H]1O[C@H](C=O)[C@@H](O)[C@H]1O,False,C12H16N5O5+,310.1146,22
Nc1nc2c([nH+]cn2[C@@H]2O[C@H](C=O)[C@@H](O)[C@H]2O)c(=O)[nH]1,False,C10H12N5O5+,282.0833,20
CNc1nc2c(c(=O)[nH]1)[n+](C)cn2[C@@H]1O[C@H](C=O)[C@@H](O)[C@H]1O,False,C12H16N5O5+,310.1146,22
Cc1n([C@@H]2O[C@H](CO)[C@@H](O)[C@H]2O)c2nc(NC=O)[nH]c(=O)c2[n+]1C,False,C13H18N5O6+,340.1252,24
C[n+]1cn([C@@]2(C)O[C@H](CO)[C@@H](O)[C@H]2O)c2nc(NC=O)[nH]c(=O)c21,False,C13H18N5O6+,340.1252,24
CC[n+]1cn([C@@H]2O[C@H](CO)[C@@H](O)[C@H]2O)c2nc(NC=O)[nH]c(=O)c21,False,C13H18N5O6+,340.1252,24
C[n+]1cn([C@@H]2O[C@H](CO)[C@@H](O)[C@]2(C)O)c2nc(NC=O)[nH]c(=O)c21,False,C13H18N5O6+,340.1252,24
C[n+]1cn([C@@H]2O[C@H](CO)[C@](C)(O)[C@H]2O)c2nc(NC=O)[nH]c(=O)c21,False,C13H18N5O6+,340.1252,24
C[n+]1cn([C@@H]2O[C@@](C)(CO)[C@@H](O)[C@H]2O)c2nc(NC=O)[nH]c(=O)c21,False,C13H18N5O6+,340.1252,24
CC(O)[C@H]1O[C@@H](n2c[n+](C)c3c(=O)[nH]c(NC=O)nc32)[C@H](O)[C@@H]1O,False,C13H18N5O6+,340.1252,24
C[n+]1cn2c3nc([nH]c(=O)c31)NC(O)CO[C@@H]1[C@H](O)[C@@H](CO)O[C@H]12,False,C13H18N5O6+,340.1252,24
C[n+]1cn2c3nc([nH]c(=O)c31)NC(O)CO[C@H]1[C@@H](O)[C@H]2O[C@@H]1CO,False,C13H18N5O6+,340.1252,24
C[n+]1cn2c3nc([nH]c(=O)c31)NC(O)COC[C@H]1O[C@@H]2[C@H](O)[C@@H]1O,False,C13H18N5O6+,340.1252,24
CC(O)Nc1nc2c(c(=O)[nH]1)[n+](C)c1n2[C@@H]2O[C@H](CO)[C@@H](O)[C@H]2O1,False,C13H18N5O6+,340.1252,24
CC(O)Nc1nc2c(c(=O)[nH]1)[n+](C)c1n2[C@@H]2O[C@H](CO)[C@@H](O1)[C@H]2O,False,C13H18N5O6+,340.1252,24
CC(O)Nc1nc2c(c(=O)[nH]1)[n+](C)c1n2[C@@H]2O[C@H](CO1)[C@@H](O)[C@H]2O,False,C13H18N5O6+,340.1252,24
CC(O)Nc1nc2c(c(=O)[nH]1)[n+](C)cn2[C@]12O[C@@H]1[C@H](O)[C@@H](CO)O2,False,C13H18N5O6+,340.1252,24
CC(O)Nc1nc2c(c(=O)[nH]1)[n+](C)cn2[C@]12O[C@@H]([C@H]1O)[C@@H](CO)O2,False,C13H18N5O6+,340.1252,24
CC(O)Nc1nc2c(c(=O)[nH]1)[n+](C)cn2[C@@]12OC[C@@H](O1)[C@@H](O)[C@H]2O,False,C13H18N5O6+,340.1252,24
CC(O)Nc1nc2c(c(=O)[nH]1)[n+]1cn2[C@@H]2O[C@H](CO)[C@@H](O)[C@H]2OC1,False,C13H18N5O6+,340.1252,24
CC(O)Nc1nc2c(c(=O)[nH]1)[n+]1cn2[C@@H]2O[C@H](CO)[C@@H](OC1)[C@H]2O,False,C13H18N5O6+,340.1252,24
CC(O)Nc1nc2c(c(=O)[nH]1)[n+]1cn2[C@@H]2O[C@H](COC1)[C@@H](O)[C@H]2O,False,C13H18N5O6+,340.1252,24
CC(O)Nc1nc2c(c(=O)[nH]1)[n+](C)cn2[C@@H]1O[C@H](CO)[C@H]2O[C@]21O,False,C13H18N5O6+,340.1252,24
CC(O)Nc1nc2c(c(=O)[nH]1)[n+](C)cn2[C@@H]1O[C@@H]2CO[C@]1(O)[C@@H]2O,False,C13H18N5O6+,340.1252,24
CC(O)Nc1nc2c(c(=O)[nH]1)[n+](C)cn2[C@@H]1O[C@H](CO)[C@@]2(O)O[C@@H]12,False,C13H18N5O6+,340.1252,24
CC(O)Nc1nc2c(c(=O)[nH]1)[n+](C)cn2[C@@H]1O[C@@H]2CO[C@@]2(O)[C@H]1O,False,C13H18N5O6+,340.1252,24
CC(O)Nc1nc2c(c(=O)[nH]1)[n+](C)cn2[C@@H]1O[C@]2(CO)O[C@@H]1[C@@H]2O,False,C13H18N5O6+,340.1252,24
CC(O)Nc1nc2c(c(=O)[nH]1)[n+](C)cn2[C@@H]1O[C@]2(CO)O[C@H]2[C@H]1O,False,C13H18N5O6+,340.1252,24
CC(O)Nc1nc2c(c(=O)[nH]1)[n+](C)cn2[C@@H]1O[C@@]2(CO2)[C@@H](O)[C@H]1O,False,C13H18N5O6+,340.1252,24
CC(O)Nc1nc2c(c(=O)[nH]1)[n+](C)cn2[C@@H]1O[C@@H]2C(O)O[C@@H]1[C@@H]2O,False,C13H18N5O6+,340.1252,24
CC(O)Nc1nc2c(c(=O)[nH]1)[n+](C)cn2[C@@H]1O[C@@H]2C(O)O[C@H]2[C@H]1O,False,C13H18N5O6+,340.1252,24
CC(O)Nc1nc2c(c(=O)[nH]1)[n+](C)cn2[C@@H]1O[C@H](CO)[C@@H](O)[C@H]1O,False,C13H20N5O6+,342.1408,24
CC(=O)N(C)c1nc2c(c(=O)[nH]1)[n+](C)cn2[C@@H]1O[C@H](CO)[C@@H](O)[C@H]1O,False,C14H20N5O6+,354.1408,25
CCC(=O)Nc1nc2c(c(=O)[nH]1)[n+](C)cn2[C@@H]1O[C@H](CO)[C@@H](O)[C@H]1O,False,C14H20N5O6+,354.1408,25
CC(=O)N(C(C)=O)c1nc2c(c(=O)[nH]1)[n+](C)cn2[C@@H]1O[C@H](CO)[C@@H](O)[C@H]1O,False,C15H20N5O7+,382.1357,27
CC(=O)Nc1nc2c(c(=O)[nH]1)[n+](C)cn2[C@@H]1O[C@H](COC(C)=O)[C@@H](O)[C@H]1O,False,C15H20N5O7+,382.1357,27
CC(=O)Nc1nc2c(c(=O)[nH]1)[n+](C)cn2[C@@H]1O[C@H](CO)[C@@H](O)[C@H]1OC(C)=O,False,C15H20N5O7+,382.1357,27
CC(=O)Nc1nc2c(c(=O)[nH]1)[n+](C)cn2[C@@H]1O[C@H](CO)[C@@H](OC(C)=O)[C@H]1O,False,C15H20N5O7+,382.1357,27
C[n+]1cn([C@@H]2O[C@H](CO)[C@@H](O)[C@H]2O)c2nc(NC(=O)CC(=O)O)[nH]c(=O)c21,False,C14H18N5O8+,384.115,27
C[n+]1cn([C@@H]2O[C@H](CO)[C@@H](O)[C@H]2O)c2nc(NC(C)(O)C#N)[nH]c(=O)c21,False,C14H19N6O6+,367.1361,26
CC(N)Nc1nc2c(c(=O)[nH]1)[n+](C)cn2[C@@H]1O[C@H](CO)[C@@H](O)[C@H]1O,False,C13H21N6O5+,341.1568,24
CC(=O)N(C(N)=O)c1nc2c(c(=O)[nH]1)[n+](C)cn2[C@@H]1O[C@H](CO)[C@@H](O)[C@H]1O,False,C14H19N6O7+,383.131,27
C[n+]1cn([C@@H]2O[C@H](CO)[C@@H](O)[C@H]2O)c2nc(NC(=O)CO)[nH]c(=O)c21,False,C13H18N5O7+,356.1201,25
COC(=O)Nc1nc2c(c(=O)[nH]1)[n+](C)cn2[C@@H]1O[C@H](CO)[C@@H](O)[C@H]1O,False,C13H18N5O7+,356.1201,25
C[n+]1cn([C@@H]2O[C@H](CO)[C@@H](O)[C@H]2O)c2nc(NC(O)CO)[nH]c(=O)c21,False,C13H20N5O7+,358.1357,25
CC(=O)Nc1nc2c(c(=O)[nH]1)[n+](C)cn2[C@@H]1O[C@H](C)[C@@H](O)[C@H]1O,False,C13H18N5O5+,324.1302,23
CC(=O)Nc1nc2c(c(=O)[nH]1)[n+](C)cn2[C@@H]1O[C@H](C(=O)O)[C@@H](O)[C@H]1O,False,C13H16N5O7+,354.1044,25
CC(=O)Nc1nc2c([nH+]cn2[C@@H]2O[C@H](CO)[C@@H](O)[C@H]2O)c(=O)[nH]1,False,C12H16N5O6+,326.1095,23
CC(=O)Nc1nc2c(c(=O)n1C)[n+](C)cn2[C@@H]1O[C@H](CO)[C@@H](O)[C@H]1O,False,C14H20N5O6+,354.1408,25
C[n+]1cn([C@@H]2O[C@H](CO)[C@@H](O)[C@H]2O)c2nc(NC=O)[nH]c(=O)c21,False,C12H16N5O6+,326.1095,23
CC(=O)Nc1nc2c(c(=O)[nH]1)[n+](C)c(C)n2[C@@H]1O[C@H](CO)[C@@H](O)[C@H]1O,False,C14H20N5O6+,354.1408,25
CC(=O)Nc1nc2c(c(=O)[nH]1)[n+](C)cn2[C@@]1(C)O[C@H](CO)[C@@H](O)[C@H]1O,False,C14H20N5O6+,354.1408,25
CC[n+]1cn([C@@H]2O[C@H](CO)[C@@H](O)[C@H]2O)c2nc(NC(C)=O)[nH]c(=O)c21,False,C14H20N5O6+,354.1408,25
CC(=O)Nc1nc2c(c(=O)[nH]1)[n+](C)cn2[C@@H]1O[C@H](CO)[C@@H](O)[C@]1(C)O,False,C14H20N5O6+,354.1408,25
CC(=O)Nc1nc2c(c(=O)[nH]1)[n+](C)cn2[C@@H]1O[C@H](CO)[C@](C)(O)[C@H]1O,False,C14H20N5O6+,354.1408,25
CC(=O)Nc1nc2c(c(=O)[nH]1)[n+](C)cn2[C@@H]1O[C@@](C)(CO)[C@@H](O)[C@H]1O,False,C14H20N5O6+,354.1408,25
CC(=O)Nc1nc2c(c(=O)[nH]1)[n+](C)cn2[C@@H]1O[C@H](C(C)O)[C@@H](O)[C@H]1O,False,C14H20N5O6+,354.1408,25
CC(OC=O)[C@H]1O[C@@H](n2c[n+](C)c3c(=O)[nH]c(N)nc32)[C@H](O)[C@@H]1O,False,C13H18N5O6+,340.1252,24
C[n+]1cn([C@@H]2O[C@@](C)(COC=O)[C@@H](O)[C@H]2O)c2nc(N)[nH]c(=O)c21,False,C13H18N5O6+,340.1252,24
C[n+]1cn([C@@H]2O[C@H](COC=O)[C@](C)(O)[C@H]2O)c2nc(N)[nH]c(=O)c21,False,C13H18N5O6+,340.1252,24
C[n+]1cn([C@@]2(C)O[C@H](COC=O)[C@@H](O)[C@H]2O)c2nc(N)[nH]c(=O)c21,False,C13H18N5O6+,340.1252,24
C[n+]1cn([C@@H]2O[C@H](COC=O)[C@@H](O)[C@]2(C)O)c2nc(N)[nH]c(=O)c21,False,C13H18N5O6+,340.1252,24
Cc1n([C@@H]2O[C@H](COC=O)[C@@H](O)[C@H]2O)c2nc(N)[nH]c(=O)c2[n+]1C,False,C13H18N5O6+,340.1252,24
CC[n+]1cn([C@@H]2O[C@H](COC=O)[C@@H](O)[C@H]2O)c2nc(N)[nH]c(=O)c21,False,C13H18N5O6+,340.1252,24
CC1=Nc2nc3c(c(=O)[nH]2)[n+](C)cn3[C@@H]2O[C@H](CO1)[C@@H](O)[C@H]2O,False,C13H16N5O5+,322.1146,23
C[n+]1cn([C@@H]2O[C@@H]3COC(O)CO[C@H]3[C@H]2O)c2nc(N)[nH]c(=O)c21,False,C13H18N5O6+,340.1252,24
C[n+]1cn([C@@H]2O[C@@H]3COC(O)CO[C@@H]2[C@@H]3O)c2nc(N)[nH]c(=O)c21,False,C13H18N5O6+,340.1252,24
CC(O)OC1O[C@H]2[C@@H](O)[C@H](n3c[n+](C)c4c(=O)[nH]c(N)nc43)O[C@H]12,False,C13H18N5O6+,340.1252,24
CC(O)OC1O[C@@H]2[C@H](O)[C@@H]1O[C@H]2n1c[n+](C)c2c(=O)[nH]c(N)nc21,False,C13H18N5O6+,340.1252,24
CC(O)OC[C@]12O[C@@H](n3c[n+](C)c4c(=O)[nH]c(N)nc43)[C@H](O)[C@@H]1O2,False,C13H18N5O6+,340.1252,24
CC(O)OC[C@]12O[C@@H]([C@H](n3c[n+](C)c4c(=O)[nH]c(N)nc43)O1)[C@@H]2O,False,C13H18N5O6+,340.1252,24
CC(O)OC[C@H]1O[C@@H](n2c[n+](C)c3c(=O)[nH]c(N)nc32)[C@@H]2O[C@]12O,False,C13H18N5O6+,340.1252,24
CC(O)OC[C@H]1O[C@@]2(n3c[n+](C)c4c(=O)[nH]c(N)nc43)O[C@H]1[C@H]2O,False,C13H18N5O6+,340.1252,24
CC(O)OC[C@H]1O[C@@]2(n3c[n+](C)c4c(=O)[nH]c(N)nc43)O[C@@H]2[C@@H]1O,False,C13H18N5O6+,340.1252,24
CC(O)OC[C@H]1O[C@@H](n2c[n+](C)c3c(=O)[nH]c(N)nc32)[C@]2(O)O[C@H]12,False,C13H18N5O6+,340.1252,24
CC(O)OC[C@H]1O[C@@H]2[C@H](O)[C@@H]1Oc1n2c2nc(N)[nH]c(=O)c2[n+]1C,False,C13H18N5O6+,340.1252,24
CC(O)OC[C@H]1O[C@@H]2[C@H](Oc3n2c2nc(N)[nH]c(=O)c2[n+]3C)[C@@H]1O,False,C13H18N5O6+,340.1252,24
CC(O)OC[C@H]1O[C@@H]2[C@H](O)[C@@H]1OC[n+]1cn2c2nc(N)[nH]c(=O)c21,False,C13H18N5O6+,340.1252,24
CC(O)OC[C@H]1O[C@@H]2[C@H](OC[n+]3cn2c2nc(N)[nH]c(=O)c23)[C@@H]1O,False,C13H18N5O6+,340.1252,24
CC(O)OC[C@H]1O[C@@H](n2c[n+](C)c3c(=O)[nH]c(N)nc32)[C@H](O)[C@@H]1O,False,C13H20N5O6+,342.1408,24
CCOC[C@H]1O[C@@H](n2c[n+](C)c3c(=O)[nH]c(N)nc32)[C@H](O)[C@@H]1O,False,C13H20N5O5+,326.1459,23
CCC(=O)OC[C@H]1O[C@@H](n2c[n+](C)c3c(=O)[nH]c(N)nc32)[C@H](O)[C@@H]1O,False,C14H20N5O6+,354.1408,25
CC(=O)OC[C@H]1O[C@@H](n2c[n+](C)c3c(=O)[nH]c(N)nc32)[C@H](O)[C@@H]1OC(C)=O,False,C15H20N5O7+,382.1357,27
CC(=O)OC[C@H]1O[C@@H](n2c[n+](C)c3c(=O)[nH]c(N)nc32)[C@H](OC(C)=O)[C@@H]1O,False,C15H20N5O7+,382.1357,27
C[n+]1cn([C@@H]2O[C@H](COC(=O)CC(=O)O)[C@@H](O)[C@H]2O)c2nc(N)[nH]c(=O)c21,False,C14H18N5O8+,384.115,27
C[n+]1cn([C@@H]2O[C@H](COC(C)(O)C#N)[C@@H](O)[C@H]2O)c2nc(N)[nH]c(=O)c21,False,C14H19N6O6+,367.1361,26
CC(N)OC[C@H]1O[C@@H](n2c[n+](C)c3c(=O)[nH]c(N)nc32)[C@H](O)[C@@H]1O,False,C13H21N6O5+,341.1568,24
C[n+]1cn([C@@H]2O[C@H](COC(=O)CO)[C@@H](O)[C@H]2O)c2nc(N)[nH]c(=O)c21,False,C13H18N5O7+,356.1201,25
COC(=O)OC[C@H]1O[C@@H](n2c[n+](C)c3c(=O)[nH]c(N)nc32)[C@H](O)[C@@H]1O,False,C13H18N5O7+,356.1201,25
C[n+]1cn([C@@H]2O[C@H](COC(O)CO)[C@@H](O)[C@H]2O)c2nc(N)[nH]c(=O)c21,False,C13H20N5O7+,358.1357,25
CC(=O)C[C@H]1O[C@@H](n2c[n+](C)c3c(=O)[nH]c(N)nc32)[C@H](O)[C@@H]1O,False,C13H18N5O5+,324.1302,23
CC(=O)OC(=O)[C@H]1O[C@@H](n2c[n+](C)c3c(=O)[nH]c(N)nc32)[C@H](O)[C@@H]1O,False,C13H16N5O7+,354.1044,25
CC(=O)OC[C@H]1O[C@@H](n2c[n+](C)c3c(=O)n(C)c(N)nc32)[C@H](O)[C@@H]1O,False,C14H20N5O6+,354.1408,25
CC(=O)OC[C@H]1O[C@@H](n2c[nH+]c3c(=O)[nH]c(N)nc32)[C@H](O)[C@@H]1O,False,C12H16N5O6+,326.1095,23
CNc1nc2c(c(=O)[nH]1)[n+](C)cn2[C@@H]1O[C@H](COC(C)=O)[C@@H](O)[C@H]1O,False,C14H20N5O6+,354.1408,25
CC(=O)OC[C@H]1O[C@@H](n2c[n+](C)c3c(=O)n(C(C)=O)c(N)nc32)[C@H](O)[C@@H]1O,False,C15H20N5O7+,382.1357,27
CC(=O)OC(C)[C@H]1O[C@@H](n2c[n+](C)c3c(=O)[nH]c(N)nc32)[C@H](O)[C@@H]1O,False,C14H20N5O6+,354.1408,25
CC(=O)OC[C@]1(C)O[C@@H](n2c[n+](C)c3c(=O)[nH]c(N)nc32)[C@H](O)[C@@H]1O,False,C14H20N5O6+,354.1408,25
CC(=O)OC[C@H]1O[C@@H](n2c[n+](C)c3c(=O)[nH]c(N)nc32)[C@H](O)[C@@]1(C)O,False,C14H20N5O6+,354.1408,25
CC(=O)OC[C@H]1O[C@](C)(n2c[n+](C)c3c(=O)[nH]c(N)nc32)[C@H](O)[C@@H]1O,False,C14H20N5O6+,354.1408,25
CC(=O)OC[C@H]1O[C@@H](n2c[n+](C)c3c(=O)[nH]c(N)nc32)[C@@](C)(O)[C@@H]1O,False,C14H20N5O6+,354.1408,25
CC(=O)OC[C@H]1O[C@@H](n2c(C)[n+](C)c3c(=O)[nH]c(N)nc32)[C@H](O)[C@@H]1O,False,C14H20N5O6+,354.1408,25
CC[n+]1cn([C@@H]2O[C@H](COC(C)=O)[C@@H](O)[C@H]2O)c2nc(N)[nH]c(=O)c21,False,C14H20N5O6+,354.1408,25
C[n+]1cn([C@@H]2O[C@H](CO)[C@@H](O)[C@]2(C)OC=O)c2nc(N)[nH]c(=O)c21,False,C13H18N5O6+,340.1252,24
C[n+]1cn([C@@]2(C)O[C@H](CO)[C@@H](O)[C@H]2OC=O)c2nc(N)[nH]c(=O)c21,False,C13H18N5O6+,340.1252,24
C[n+]1cn([C@@H]2O[C@H](CO)[C@](C)(O)[C@H]2OC=O)c2nc(N)[nH]c(=O)c21,False,C13H18N5O6+,340.1252,24
C[n+]1cn([C@@H]2O[C@@](C)(CO)[C@@H](O)[C@H]2OC=O)c2nc(N)[nH]c(=O)c21,False,C13H18N5O6+,340.1252,24
Cc1n([C@@H]2O[C@H](CO)[C@@H](O)[C@H]2OC=O)c2nc(N)[nH]c(=O)c2[n+]1C,False,C13H18N5O6+,340.1252,24
CC(O)[C@H]1O[C@@H](n2c[n+](C)c3c(=O)[nH]c(N)nc32)[C@H](OC=O)[C@@H]1O,False,C13H18N5O6+,340.1252,24
CC[n+]1cn([C@@H]2O[C@H](CO)[C@@H](O)[C@H]2OC=O)c2nc(N)[nH]c(=O)c21,False,C13H18N5O6+,340.1252,24
CC1=Nc2nc3c(c(=O)[nH]2)[n+](C)cn3[C@@H]2O[C@H](CO)[C@@H](O)[C@H]2O1,False,C13H16N5O5+,322.1146,23
C[n+]1cn([C@@H]2O[C@H](CO)[C@H]3OCC(O)O[C@H]32)c2nc(N)[nH]c(=O)c21,False,C13H18N5O6+,340.1252,24
C[n+]1cn([C@@H]2O[C@@H]3COCC(O)O[C@@H]2[C@@H]3O)c2nc(N)[nH]c(=O)c21,False,C13H18N5O6+,340.1252,24
CC(O)O[C@@]12O[C@@H]1[C@@H](CO)O[C@H]2n1c[n+](C)c2c(=O)[nH]c(N)nc21,False,C13H18N5O6+,340.1252,24
CC(O)O[C@]12OC[C@@H](O[C@H]1n1c[n+](C)c3c(=O)[nH]c(N)nc31)[C@H]2O,False,C13H18N5O6+,340.1252,24
CC(O)O[C@@H]1[C@@H]2O[C@]1(n1c[n+](C)c3c(=O)[nH]c(N)nc31)O[C@@H]2CO,False,C13H18N5O6+,340.1252,24
CC(O)O[C@@H]1[C@H](O)[C@H]2CO[C@]1(n1c[n+](C)c3c(=O)[nH]c(N)nc31)O2,False,C13H18N5O6+,340.1252,24
CC(O)O[C@H]1[C@H](n2c[n+](C)c3c(=O)[nH]c(N)nc32)O[C@@H]2CO[C@]21O,False,C13H18N5O6+,340.1252,24
CC(O)O[C@H]1[C@H](n2c[n+](C)c3c(=O)[nH]c(N)nc32)O[C@]2(CO)O[C@@H]12,False,C13H18N5O6+,340.1252,24
CC(O)O[C@H]1[C@H](n2c[n+](C)c3c(=O)[nH]c(N)nc32)O[C@@]2(CO2)[C@H]1O,False,C13H18N5O6+,340.1252,24
CC(O)O[C@@H]1[C@@H]2Oc3n(c4nc(N)[nH]c(=O)c4[n+]3C)[C@@H]1O[C@@H]2CO,False,C13H18N5O6+,340.1252,24
CC(O)O[C@@H]1[C@H](O)[C@H]2COc3n(c4nc(N)[nH]c(=O)c4[n+]3C)[C@@H]1O2,False,C13H18N5O6+,340.1252,24
CC(O)O[C@@H]1[C@@H]2OC(O)[C@H]2O[C@H]1n1c[n+](C)c2c(=O)[nH]c(N)nc21,False,C13H18N5O6+,340.1252,24
CC(O)O[C@@H]1[C@@H]2OC[n+]3cn(c4nc(N)[nH]c(=O)c43)[C@@H]1O[C@@H]2CO,False,C13H18N5O6+,340.1252,24
CC(O)O[C@@H]1[C@H](O)[C@H]2COC[n+]3cn(c4nc(N)[nH]c(=O)c43)[C@@H]1O2,False,C13H18N5O6+,340.1252,24
CC(O)O[C@@H]1[C@H](O)[C@@H](CO)O[C@H]1n1c[n+](C)c2c(=O)[nH]c(N)nc21,False,C13H20N5O6+,342.1408,24
CCO[C@@H]1[C@H](O)[C@@H](CO)O[C@H]1n1c[n+](C)c2c(=O)[nH]c(N)nc21,False,C13H20N5O5+,326.1459,23
CCC(=O)O[C@@H]1[C@H](O)[C@@H](CO)O[C@H]1n1c[n+](C)c2c(=O)[nH]c(N)nc21,False,C14H20N5O6+,354.1408,25
CC(=O)O[C@@H]1[C@H](OC(C)=O)[C@@H](CO)O[C@H]1n1c[n+](C)c2c(=O)[nH]c(N)nc21,False,C15H20N5O7+,382.1357,27
C[n+]1cn([C@@H]2O[C@H](CO)[C@@H](O)[C@H]2OC(=O)CC(=O)O)c2nc(N)[nH]c(=O)c21,False,C14H18N5O8+,384.115,27
C[n+]1cn([C@@H]2O[C@H](CO)[C@@H](O)[C@H]2OC(C)(O)C#N)c2nc(N)[nH]c(=O)c21,False,C14H19N6O6+,367.1361,26
CC(N)O[C@@H]1[C@H](O)[C@@H](CO)O[C@H]1n1c[n+](C)c2c(=O)[nH]c(N)nc21,False,C13H21N6O5+,341.1568,24
C[n+]1cn([C@@H]2O[C@H](CO)[C@@H](O)[C@H]2OC(=O)CO)c2nc(N)[nH]c(=O)c21,False,C13H18N5O7+,356.1201,25
COC(=O)O[C@@H]1[C@H](O)[C@@H](CO)O[C@H]1n1c[n+](C)c2c(=O)[nH]c(N)nc21,False,C13H18N5O7+,356.1201,25
C[n+]1cn([C@@H]2O[C@H](CO)[C@@H](O)[C@H]2OC(O)CO)c2nc(N)[nH]c(=O)c21,False,C13H20N5O7+,358.1357,25
CC(=O)O[C@@H]1[C@H](O)[C@@H](C)O[C@H]1n1c[n+](C)c2c(=O)[nH]c(N)nc21,False,C13H18N5O5+,324.1302,23
CC(=O)[C@@H]1[C@H](O)[C@@H](CO)O[C@H]1n1c[n+](C)c2c(=O)[nH]c(N)nc21,False,C13H18N5O5+,324.1302,23
CC(=O)O[C@@H]1[C@H](O)[C@@H](C(=O)O)O[C@H]1n1c[n+](C)c2c(=O)[nH]c(N)nc21,False,C13H16N5O7+,354.1044,25
CC(=O)O[C@@H]1[C@H](O)[C@@H](CO)O[C@H]1n1c[n+](C)c2c(=O)n(C)c(N)nc21,False,C14H20N5O6+,354.1408,25
CC(=O)O[C@@H]1[C@H](O)[C@@H](CO)O[C@H]1n1c[nH+]c2c(=O)[nH]c(N)nc21,False,C12H16N5O6+,326.1095,23
CNc1nc2c(c(=O)[nH]1)[n+](C)cn2[C@@H]1O[C@H](CO)[C@@H](O)[C@H]1OC(C)=O,False,C14H20N5O6+,354.1408,25
CC(=O)O[C@@H]1[C@H](O)[C@@H](CO)O[C@H]1n1c[n+](C)c2c(=O)n(C(C)=O)c(N)nc21,False,C15H20N5O7+,382.1357,27
CC(=O)O[C@@]1(C)[C@H](O)[C@@H](CO)O[C@H]1n1c[n+](C)c2c(=O)[nH]c(N)nc21,False,C14H20N5O6+,354.1408,25
CC(=O)O[C@@H]1[C@H](O)[C@@H](CO)O[C@]1(C)n1c[n+](C)c2c(=O)[nH]c(N)nc21,False,C14H20N5O6+,354.1408,25
CC(=O)O[C@H]1[C@H](n2c[n+](C)c3c(=O)[nH]c(N)nc32)O[C@H](CO)[C@]1(C)O,False,C14H20N5O6+,354.1408,25
CC(=O)O[C@H]1[C@H](n2c[n+](C)c3c(=O)[nH]c(N)nc32)O[C@@](C)(CO)[C@H]1O,False,C14H20N5O6+,354.1408,25
CC(=O)O[C@@H]1[C@H](O)[C@@H](CO)O[C@H]1n1c(C)[n+](C)c2c(=O)[nH]c(N)nc21,False,C14H20N5O6+,354.1408,25
CC(=O)O[C@@H]1[C@H](O)[C@@H](C(C)O)O[C@H]1n1c[n+](C)c2c(=O)[nH]c(N)nc21,False,C14H20N5O6+,354.1408,25
CC[n+]1cn([C@@H]2O[C@H](CO)[C@@H](O)[C@H]2OC(C)=O)c2nc(N)[nH]c(=O)c21,False,C14H20N5O6+,354.1408,25
C[n+]1cn([C@@H]2O[C@H](CO)[C@](C)(OC=O)[C@H]2O)c2nc(N)[nH]c(=O)c21,False,C13H18N5O6+,340.1252,24
C[n+]1cn([C@@H]2O[C@H](CO)[C@@H](OC=O)[C@]2(C)O)c2nc(N)[nH]c(=O)c21,False,C13H18N5O6+,340.1252,24
C[n+]1cn([C@@H]2O[C@@](C)(CO)[C@@H](OC=O)[C@H]2O)c2nc(N)[nH]c(=O)c21,False,C13H18N5O6+,340.1252,24
C[n+]1cn([C@@]2(C)O[C@H](CO)[C@@H](OC=O)[C@H]2O)c2nc(N)[nH]c(=O)c21,False,C13H18N5O6+,340.1252,24
CC(O)[C@H]1O[C@@H](n2c[n+](C)c3c(=O)[nH]c(N)nc32)[C@H](O)[C@@H]1OC=O,False,C13H18N5O6+,340.1252,24
Cc1n([C@@H]2O[C@H](CO)[C@@H](OC=O)[C@H]2O)c2nc(N)[nH]c(=O)c2[n+]1C,False,C13H18N5O6+,340.1252,24
CC[n+]1cn([C@@H]2O[C@H](CO)[C@@H](OC=O)[C@H]2O)c2nc(N)[nH]c(=O)c21,False,C13H18N5O6+,340.1252,24
CC1=Nc2nc3c(c(=O)[nH]2)[n+](C)cn3[C@@H]2O[C@H](CO)[C@@H](O1)[C@H]2O,False,C13H16N5O5+,322.1146,23
C[n+]1cn([C@@H]2O[C@H](CO)[C@H]3OC(O)CO[C@H]32)c2nc(N)[nH]c(=O)c21,False,C13H18N5O6+,340.1252,24
C[n+]1cn([C@@H]2O[C@@H]3COCC(O)O[C@H]3[C@H]2O)c2nc(N)[nH]c(=O)c21,False,C13H18N5O6+,340.1252,24
CC(O)O[C@]12O[C@H]1[C@H](n1c[n+](C)c3c(=O)[nH]c(N)nc31)O[C@@H]2CO,False,C13H18N5O6+,340.1252,24
CC(O)O[C@@]12OC[C@H]1O[C@@H](n1c[n+](C)c3c(=O)[nH]c(N)nc31)[C@@H]2O,False,C13H18N5O6+,340.1252,24
CC(O)O[C@@H]1[C@H]2CO[C@@]1(O)[C@H](n1c[n+](C)c3c(=O)[nH]c(N)nc31)O2,False,C13H18N5O6+,340.1252,24
CC(O)O[C@H]1[C@H]2O[C@@]1(CO)O[C@H]2n1c[n+](C)c2c(=O)[nH]c(N)nc21,False,C13H18N5O6+,340.1252,24
CC(O)O[C@H]1[C@@H](O)[C@H](n2c[n+](C)c3c(=O)[nH]c(N)nc32)O[C@@]12CO2,False,C13H18N5O6+,340.1252,24
CC(O)O[C@H]1[C@H]2O[C@]2(n2c[n+](C)c3c(=O)[nH]c(N)nc32)O[C@@H]1CO,False,C13H18N5O6+,340.1252,24
CC(O)O[C@H]1[C@@H](O)[C@]2(n3c[n+](C)c4c(=O)[nH]c(N)nc43)OC[C@H]1O2,False,C13H18N5O6+,340.1252,24
CC(O)O[C@H]1[C@H]2OC(O)[C@H]1O[C@H]2n1c[n+](C)c2c(=O)[nH]c(N)nc21,False,C13H18N5O6+,340.1252,24
CC(O)O[C@H]1[C@H]2Oc3n(c4nc(N)[nH]c(=O)c4[n+]3C)[C@@H]2O[C@@H]1CO,False,C13H18N5O6+,340.1252,24
CC(O)O[C@H]1[C@@H](O)[C@H]2O[C@@H]1COc1n2c2nc(N)[nH]c(=O)c2[n+]1C,False,C13H18N5O6+,340.1252,24
CC(O)O[C@H]1[C@H]2OC[n+]3cn(c4nc(N)[nH]c(=O)c43)[C@@H]2O[C@@H]1CO,False,C13H18N5O6+,340.1252,24
CC(O)O[C@H]1[C@@H](O)[C@H]2O[C@@H]1COC[n+]1cn2c2nc(N)[nH]c(=O)c21,False,C13H18N5O6+,340.1252,24
CC(O)O[C@H]1[C@@H](O)[C@H](n2c[n+](C)c3c(=O)[nH]c(N)nc32)O[C@@H]1CO,False,C13H20N5O6+,342.1408,24
CCO[C@H]1[C@@H](O)[C@H](n2c[n+](C)c3c(=O)[nH]c(N)nc32)O[C@@H]1CO,False,C13H20N5O5+,326.1459,23
CCC(=O)O[C@H]1[C@@H](O)[C@H](n2c[n+](C)c3c(=O)[nH]c(N)nc32)O[C@@H]1CO,False,C14H20N5O6+,354.1408,25
C[n+]1cn([C@@H]2O[C@H](CO)[C@@H](OC(=O)CC(=O)O)[C@H]2O)c2nc(N)[nH]c(=O)c21,False,C14H18N5O8+,384.115,27
C[n+]1cn([C@@H]2O[C@H](CO)[C@@H](OC(C)(O)C#N)[C@H]2O)c2nc(N)[nH]c(=O)c21,False,C14H19N6O6+,367.1361,26
CC(N)O[C@H]1[C@@H](O)[C@H](n2c[n+](C)c3c(=O)[nH]c(N)nc32)O[C@@H]1CO,False,C13H21N6O5+,341.1568,24
C[n+]1cn([C@@H]2O[C@H](CO)[C@@H](OC(=O)CO)[C@H]2O)c2nc(N)[nH]c(=O)c21,False,C13H18N5O7+,356.1201,25
COC(=O)O[C@H]1[C@@H](O)[C@H](n2c[n+](C)c3c(=O)[nH]c(N)nc32)O[C@@H]1CO,False,C13H18N5O7+,356.1201,25
C[n+]1cn([C@@H]2O[C@H](CO)[C@@H](OC(O)CO)[C@H]2O)c2nc(N)[nH]c(=O)c21,False,C13H20N5O7+,358.1357,25
CC(=O)O[C@H]1[C@@H](O)[C@H](n2c[n+](C)c3c(=O)[nH]c(N)nc32)O[C@@H]1C,False,C13H18N5O5+,324.1302,23
CC(=O)[C@H]1[C@@H](O)[C@H](n2c[n+](C)c3c(=O)[nH]c(N)nc32)O[C@@H]1CO,False,C13H18N5O5+,324.1302,23
CC(=O)O[C@H]1[C@@H](O)[C@H](n2c[n+](C)c3c(=O)[nH]c(N)nc32)O[C@@H]1C(=O)O,False,C13H16N5O7+,354.1044,25
CC(=O)O[C@H]1[C@@H](O)[C@H](n2c[n+](C)c3c(=O)n(C)c(N)nc32)O[C@@H]1CO,False,C14H20N5O6+,354.1408,25
CC(=O)O[C@H]1[C@@H](O)[C@H](n2c[nH+]c3c(=O)[nH]c(N)nc32)O[C@@H]1CO,False,C12H16N5O6+,326.1095,23
CNc1nc2c(c(=O)[nH]1)[n+](C)cn2[C@@H]1O[C@H](CO)[C@@H](OC(C)=O)[C@H]1O,False,C14H20N5O6+,354.1408,25
CC(=O)O[C@H]1[C@@H](O)[C@H](n2c[n+](C)c3c(=O)n(C(C)=O)c(N)nc32)O[C@@H]1CO,False,C15H20N5O7+,382.1357,27
CC(=O)O[C@@]1(C)[C@@H](CO)O[C@@H](n2c[n+](C)c3c(=O)[nH]c(N)nc32)[C@@H]1O,False,C14H20N5O6+,354.1408,25
CC(=O)O[C@@H]1[C@@H](CO)O[C@@H](n2c[n+](C)c3c(=O)[nH]c(N)nc32)[C@@]1(C)O,False,C14H20N5O6+,354.1408,25
CC(=O)O[C@H]1[C@@H](O)[C@H](n2c[n+](C)c3c(=O)[nH]c(N)nc32)O[C@@]1(C)CO,False,C14H20N5O6+,354.1408,25
CC(=O)O[C@H]1[C@@H](O)[C@@](C)(n2c[n+](C)c3c(=O)[nH]c(N)nc32)O[C@@H]1CO,False,C14H20N5O6+,354.1408,25
CC(=O)O[C@H]1[C@@H](O)[C@H](n2c[n+](C)c3c(=O)[nH]c(N)nc32)O[C@@H]1C(C)O,False,C14H20N5O6+,354.1408,25
CC(=O)O[C@H]1[C@@H](O)[C@H](n2c(C)[n+](C)c3c(=O)[nH]c(N)nc32)O[C@@H]1CO,False,C14H20N5O6+,354.1408,25
CC[n+]1cn([C@@H]2O[C@H](CO)[C@@H](OC(C)=O)[C@H]2O)c2nc(N)[nH]c(=O)c21,False,C14H20N5O6+,354.1408,25
C[C@H]1O[C@@H](n2c[n+](C)c3c(=O)n(C)c(N)nc32)[C@H](O)[C@@H]1O,False,C12H18N5O4+,296.1353,21
C[C@H]1O[C@@H](n2c[nH+]c3c(=O)[nH]c(N)nc32)[C@H](O)[C@@H]1O,False,C10H14N5O4+,268.104,19
CNc1nc2c(c(=O)[nH]1)[n+](C)cn2[C@@H]1O[C@H](C)[C@@H](O)[C@H]1O,False,C12H18N5O4+,296.1353,21
C[n+]1cn([C@@H]2OC[C@@H](O)[C@H]2O)c2nc(N)[nH]c(=O)c21,False,C10H14N5O4+,268.104,19
C[n+]1cn2c3nc([nH]c(=O)c31)N=C(O)[C@H]1O[C@@H]2[C@H](O)[C@@H]1O,False,C11H12N5O5+,294.0833,21
C[n+]1cn([C@@H]2O[C@]3(OC3O)[C@@H](O)[C@H]2O)c2nc(N)[nH]c(=O)c21,False,C11H14N5O6+,312.0939,22
C[n+]1cn([C@@H]2O[C@]3(C(O)O)O[C@H]3[C@H]2O)c2nc(N)[nH]c(=O)c21,False,C11H14N5O6+,312.0939,22
C[n+]1cn([C@@H]2O[C@]3(C(O)O)O[C@@H]2[C@@H]3O)c2nc(N)[nH]c(=O)c21,False,C11H14N5O6+,312.0939,22
C[n+]1cn([C@@H]2O[C@@H]3C(O)O[C@@]3(O)[C@H]2O)c2nc(N)[nH]c(=O)c21,False,C11H14N5O6+,312.0939,22
C[n+]1cn([C@@H]2O[C@H](C(O)O)[C@@]3(O)O[C@@H]23)c2nc(N)[nH]c(=O)c21,False,C11H14N5O6+,312.0939,22
C[n+]1cn([C@@]23OC(O)[C@@H](O2)[C@@H](O)[C@H]3O)c2nc(N)[nH]c(=O)c21,False,C11H14N5O6+,312.0939,22
C[n+]1cn([C@@]23O[C@H]([C@@H](C(O)O)O2)[C@H]3O)c2nc(N)[nH]c(=O)c21,False,C11H14N5O6+,312.0939,22
C[n+]1cn([C@@]23O[C@H](C(O)O)[C@@H](O)[C@H]2O3)c2nc(N)[nH]c(=O)c21,False,C11H14N5O6+,312.0939,22
C[n+]1cn([C@@H]2O[C@@H]3C(O)O[C@]2(O)[C@@H]3O)c2nc(N)[nH]c(=O)c21,False,C11H14N5O6+,312.0939,22
C[n+]1cn([C@@H]2O[C@H](C(O)O)[C@H]3O[C@]32O)c2nc(N)[nH]c(=O)c21,False,C11H14N5O6+,312.0939,22
C[n+]1c2n(c3nc(N)[nH]c(=O)c31)[C@@H]1O[C@H](C(O)O2)[C@@H](O)[C@H]1O,False,C11H14N5O6+,312.0939,22
C[n+]1c2n(c3nc(N)[nH]c(=O)c31)[C@@H]1O[C@H](C(O)O)[C@@H](O2)[C@H]1O,False,C11H14N5O6+,312.0939,22
C[n+]1c2n(c3nc(N)[nH]c(=O)c31)[C@@H]1O[C@H](C(O)O)[C@@H](O)[C@H]1O2,False,C11H14N5O6+,312.0939,22
Nc1nc2c(c(=O)[nH]1)[n+]1cn2[C@@H]2O[C@H](C(O)OC1)[C@@H](O)[C@H]2O,False,C11H14N5O6+,312.0939,22
Nc1nc2c(c(=O)[nH]1)[n+]1cn2[C@@H]2O[C@H](C(O)O)[C@@H](OC1)[C@H]2O,False,C11H14N5O6+,312.0939,22
Nc1nc2c(c(=O)[nH]1)[n+]1cn2[C@@H]2O[C@H](C(O)O)[C@@H](O)[C@H]2OC1,False,C11H14N5O6+,312.0939,22
C[n+]1cn([C@@H]2O[C@H](C(O)O)[C@@H](O)[C@H]2O)c2nc(N)[nH]c(=O)c21,False,C11H16N5O6+,314.1095,22
C[n+]1cn([C@@H]2O[C@H](C(O)(O)C#N)[C@@H](O)[C@H]2O)c2nc(N)[nH]c(=O)c21,False,C12H15N6O6+,339.1048,24
C[n+]1cn([C@@H]2O[C@H](C(N)=O)[C@@H](O)[C@H]2O)c2nc(N)[nH]c(=O)c21,False,C11H15N6O5+,311.1098,22
Cn1c(N)nc2c(c1=O)[n+](C)cn2[C@@H]1O[C@H](C(=O)O)[C@@H](O)[C@H]1O,False,C12H16N5O6+,326.1095,23
Nc1nc2c([nH+]cn2[C@@H]2O[C@H](C(=O)O)[C@@H](O)[C@H]2O)c(=O)[nH]1,False,C10H12N5O6+,298.0782,21
CNc1nc2c(c(=O)[nH]1)[n+](C)cn2[C@@H]1O[C@H](C(=O)O)[C@@H](O)[C@H]1O,False,C12H16N5O6+,326.1095,23
Cn1c(N)nc2c(ncn2[C@@H]2O[C@H](CO)[C@@H](O)[C@H]2O)c1=O,False,C11H15N5O5,297.1073,21
CNc1nc2c(c(=O)n1C)[n+](C)cn2[C@@H]1O[C@H](CO)[C@@H](O)[C@H]1O,False,C13H20N5O5+,326.1459,23
Cn1c(N)nc2c([nH+]cn2[C@@H]2O[C@H](CO)[C@@H](O)[C@H]2O)c1=O,False,C11H16N5O5+,298.1146,21
CN(C)c1nc2c(c(=O)[nH]1)[n+](C)cn2[C@@H]1O[C@H](CO)[C@@H](O)[C@H]1O,False,C13H20N5O5+,326.1459,23
CNc1nc2c(ncn2[C@@H]2O[C@H](CO)[C@@H](O)[C@H]2O)c(=O)[nH]1,False,C11H15N5O5,297.1073,21
CNc1nc2c([nH+]cn2[C@@H]2O[C@H](CO)[C@@H](O)[C@H]2O)c(=O)[nH]1,False,C11H16N5O5+,298.1146,21
O=c1[nH]c(NCO)nc2c1ncn2[C@]12CO[C@@H]1[C@H](O)[C@@H](CO)O2,False,C12H15N5O6,325.1022,23
O=c1[nH]c(NCO)nc2c1ncn2[C@]12CO[C@@H]([C@H]1O)[C@@H](CO)O2,False,C12H15N5O6,325.1022,23
O=c1[nH]c(NCO)nc2c1ncn2[C@@]12COC[C@@H](O1)[C@@H](O)[C@H]2O,False,C12H15N5O6,325.1022,23
C[C@]1(n2cnc3c(=O)[nH]c(NCO)nc32)O[C@H](CO)[C@H]2O[C@]21O,False,C12H15N5O6,325.1022,23
C[C@]1(n2cnc3c(=O)[nH]c(NCO)nc32)O[C@@H]2CO[C@]1(O)[C@@H]2O,False,C12H15N5O6,325.1022,23
C[C@]12O[C@H](CO)[C@@H](O)[C@H]1Oc1nc3c(=O)[nH]c(NCO)nc3n12,False,C12H15N5O6,325.1022,23
C[C@@]12O[C@H](CO)[C@@H](Oc3nc4c(=O)[nH]c(NCO)nc4n31)[C@H]2O,False,C12H15N5O6,325.1022,23
C[C@@]12O[C@H](COc3nc4c(=O)[nH]c(NCO)nc4n31)[C@@H](O)[C@H]2O,False,C12H15N5O6,325.1022,23
C[C@]1(n2cnc3c(=O)[nH]c(NCO)nc32)O[C@H](CO)[C@@]2(O)O[C@H]21,False,C12H15N5O6,325.1022,23
C[C@]1(n2cnc3c(=O)[nH]c(NCO)nc32)O[C@@H]2CO[C@@]2(O)[C@H]1O,False,C12H15N5O6,325.1022,23
C[C@]1(n2cnc3c(=O)[nH]c(NCO)nc32)O[C@]2(CO)O[C@@H]1[C@@H]2O,False,C12H15N5O6,325.1022,23
C[C@]1(n2cnc3c(=O)[nH]c(NCO)nc32)O[C@]2(CO)O[C@H]2[C@H]1O,False,C12H15N5O6,325.1022,23
C[C@]1(n2cnc3c(=O)[nH]c(NCO)nc32)O[C@@]2(CO2)[C@@H](O)[C@H]1O,False,C12H15N5O6,325.1022,23
C[C@]1(n2cnc3c(=O)[nH]c(NCO)nc32)O[C@@H]2C(O)O[C@@H]1[C@@H]2O,False,C12H15N5O6,325.1022,23
C[C@]1(n2cnc3c(=O)[nH]c(NCO)nc32)O[C@@H]2C(O)O[C@H]2[C@H]1O,False,C12H15N5O6,325.1022,23
CN(C=O)c1nc2c(ncn2[C@@]2(C)O[C@H](CO)[C@@H](O)[C@H]2O)c(=O)[nH]1,False,C13H17N5O6,339.1179,24
CC(=O)N(C=O)c1nc2c(ncn2[C@@]2(C)O[C@H](CO)[C@@H](O)[C@H]2O)c(=O)[nH]1,False,C14H17N5O7,367.1128,26
CC(=O)OC[C@H]1O[C@](C)(n2cnc3c(=O)[nH]c(NC=O)nc32)[C@H](O)[C@@H]1O,False,C14H17N5O7,367.1128,26
CC(=O)O[C@@H]1[C@H](O)[C@@H](CO)O[C@]1(C)n1cnc2c(=O)[nH]c(NC=O)nc21,False,C14H17N5O7,367.1128,26
CC(=O)O[C@H]1[C@@H](O)[C@@](C)(n2cnc3c(=O)[nH]c(NC=O)nc32)O[C@@H]1CO,False,C14H17N5O7,367.1128,26
O=COP(=O)(O)O,False,CH3O5P,125.9718,7
C[C@]1(n2cnc3c(=O)[nH]c(N)nc32)O[C@H](CO)[C@@H](O)[C@H]1O,False,C11H15N5O5,297.1073,21
C[C@H]1O[C@](C)(n2cnc3c(=O)[nH]c(NC=O)nc32)[C@H](O)[C@@H]1O,False,C12H15N5O5,309.1073,22
C[C@]1(n2cnc3c(=O)[nH]c(NC=O)nc32)O[C@H](C(=O)O)[C@@H](O)[C@H]1O,False,C12H13N5O7,339.0815,24
C[C@]1(n2cnc3c(=O)[nH]c(NC=O)nc32)O[C@H](COC=O)[C@@H](O)[C@H]1O,False,C13H15N5O7,353.0971,25
C[C@]1(n2cnc3c(=O)[nH]c(NC=O)nc32)O[C@H](CO)[C@@H](O)[C@H]1OC=O,False,C13H15N5O7,353.0971,25
C[C@]1(n2cnc3c(=O)[nH]c(NC=O)nc32)O[C@H](CO)[C@@H](OC=O)[C@H]1O,False,C13H15N5O7,353.0971,25
O=c1[nH]c(NCO)nc2c1nc1n2[C@@H]2O[C@H](CO)[C@@H](O)[C@H]2OC1,False,C12H15N5O6,325.1022,23
O=c1[nH]c(NCO)nc2c1nc1n2[C@@H]2O[C@H](CO)[C@@H](OC1)[C@H]2O,False,C12H15N5O6,325.1022,23
O=c1[nH]c(NCO)nc2c1nc1n2[C@@H]2O[C@H](COC1)[C@@H](O)[C@H]2O,False,C12H15N5O6,325.1022,23
Cc1nc2c(=O)[nH]c(NCO)nc2n1[C@]12O[C@@H]1[C@H](O)[C@@H](CO)O2,False,C12H15N5O6,325.1022,23
Cc1nc2c(=O)[nH]c(NCO)nc2n1[C@]12O[C@@H]([C@H]1O)[C@@H](CO)O2,False,C12H15N5O6,325.1022,23
Cc1nc2c(=O)[nH]c(NCO)nc2n1[C@@]12OC[C@@H](O1)[C@@H](O)[C@H]2O,False,C12H15N5O6,325.1022,23
Cc1nc2c(=O)[nH]c(NCO)nc2n1[C@@H]1O[C@H](CO)[C@H]2O[C@]21O,False,C12H15N5O6,325.1022,23
Cc1nc2c(=O)[nH]c(NCO)nc2n1[C@@H]1O[C@@H]2CO[C@]1(O)[C@@H]2O,False,C12H15N5O6,325.1022,23
Cc1nc2c(=O)[nH]c(NCO)nc2n1[C@@H]1O[C@H](CO)[C@@]2(O)O[C@@H]12,False,C12H15N5O6,325.1022,23
Cc1nc2c(=O)[nH]c(NCO)nc2n1[C@@H]1O[C@@H]2CO[C@@]2(O)[C@H]1O,False,C12H15N5O6,325.1022,23
Cc1nc2c(=O)[nH]c(NCO)nc2n1[C@@H]1O[C@]2(CO)O[C@@H]1[C@@H]2O,False,C12H15N5O6,325.1022,23
Cc1nc2c(=O)[nH]c(NCO)nc2n1[C@@H]1O[C@]2(CO)O[C@H]2[C@H]1O,False,C12H15N5O6,325.1022,23
Cc1nc2c(=O)[nH]c(NCO)nc2n1[C@@H]1O[C@@]2(CO2)[C@@H](O)[C@H]1O,False,C12H15N5O6,325.1022,23
Cc1nc2c(=O)[nH]c(NCO)nc2n1[C@@H]1O[C@@H]2C(O)O[C@@H]1[C@@H]2O,False,C12H15N5O6,325.1022,23
Cc1nc2c(=O)[nH]c(NCO)nc2n1[C@@H]1O[C@@H]2C(O)O[C@H]2[C@H]1O,False,C12H15N5O6,325.1022,23
Cc1nc2c(=O)[nH]c(N(C)C=O)nc2n1[C@@H]1O[C@H](CO)[C@@H](O)[C@H]1O,False,C13H17N5O6,339.1179,24
CC(=O)N(C=O)c1nc2c(nc(C)n2[C@@H]2O[C@H](CO)[C@@H](O)[C@H]2O)c(=O)[nH]1,False,C14H17N5O7,367.1128,26
CC(=O)OC[C@H]1O[C@@H](n2c(C)nc3c(=O)[nH]c(NC=O)nc32)[C@H](O)[C@@H]1O,False,C14H17N5O7,367.1128,26
CC(=O)O[C@@H]1[C@H](O)[C@@H](CO)O[C@H]1n1c(C)nc2c(=O)[nH]c(NC=O)nc21,False,C14H17N5O7,367.1128,26
CC(=O)O[C@H]1[C@@H](O)[C@H](n2c(C)nc3c(=O)[nH]c(NC=O)nc32)O[C@@H]1CO,False,C14H17N5O7,367.1128,26
Cc1nc2c(=O)[nH]c(N)nc2n1[C@@H]1O[C@H](CO)[C@@H](O)[C@H]1O,False,C11H15N5O5,297.1073,21
Cc1nc2c(=O)[nH]c(NC=O)nc2n1[C@@H]1O[C@H](C)[C@@H](O)[C@H]1O,False,C12H15N5O5,309.1073,22
Cc1nc2c(=O)[nH]c(NC=O)nc2n1[C@@H]1O[C@H](C(=O)O)[C@@H](O)[C@H]1O,False,C12H13N5O7,339.0815,24
Cc1nc2c(=O)[nH]c(NC=O)nc2n1[C@@H]1O[C@H](COC=O)[C@@H](O)[C@H]1O,False,C13H15N5O7,353.0971,25
Cc1nc2c(=O)[nH]c(NC=O)nc2n1[C@@H]1O[C@H](CO)[C@@H](O)[C@H]1OC=O,False,C13H15N5O7,353.0971,25
Cc1nc2c(=O)[nH]c(NC=O)nc2n1[C@@H]1O[C@H](CO)[C@@H](OC=O)[C@H]1O,False,C13H15N5O7,353.0971,25
O=c1[nH]c(NCO)nc2c1ncn2[C@@H]1O[C@H](CO)[C@@H](O)[C@@]12CO2,False,C12H15N5O6,325.1022,23
O=c1[nH]c(NCO)nc2c1ncn2[C@@H]1O[C@H](CO)[C@H]2OC[C@]21O,False,C12H15N5O6,325.1022,23
O=c1[nH]c(NCO)nc2c1ncn2[C@@H]1O[C@@H]2COC[C@]1(O)[C@@H]2O,False,C12H15N5O6,325.1022,23
C[C@@]12O[C@]1(n1cnc3c(=O)[nH]c(NCO)nc31)O[C@H](CO)[C@H]2O,False,C12H15N5O6,325.1022,23
C[C@]1(O)[C@@H]2O[C@]1(n1cnc3c(=O)[nH]c(NCO)nc31)O[C@@H]2CO,False,C12H15N5O6,325.1022,23
C[C@]1(O)[C@H](O)[C@H]2CO[C@]1(n1cnc3c(=O)[nH]c(NCO)nc31)O2,False,C12H15N5O6,325.1022,23
C[C@]12O[C@]1(O)[C@@H](CO)O[C@H]2n1cnc2c(=O)[nH]c(NCO)nc21,False,C12H15N5O6,325.1022,23
C[C@@]1(O)[C@H](n2cnc3c(=O)[nH]c(NCO)nc32)O[C@@H]2CO[C@]21O,False,C12H15N5O6,325.1022,23
C[C@@]12O[C@@](CO)(O[C@H]1n1cnc3c(=O)[nH]c(NCO)nc31)[C@H]2O,False,C12H15N5O6,325.1022,23
C[C@]1(O)[C@@H]2O[C@@]2(CO)O[C@H]1n1cnc2c(=O)[nH]c(NCO)nc21,False,C12H15N5O6,325.1022,23
C[C@]1(O)[C@H](O)[C@]2(CO2)O[C@H]1n1cnc2c(=O)[nH]c(NCO)nc21,False,C12H15N5O6,325.1022,23
C[C@@]12Oc3nc4c(=O)[nH]c(NCO)nc4n3[C@@H]1O[C@H](CO)[C@H]2O,False,C12H15N5O6,325.1022,23
C[C@]1(O)[C@@H]2Oc3nc4c(=O)[nH]c(NCO)nc4n3[C@@H]1O[C@@H]2CO,False,C12H15N5O6,325.1022,23
C[C@]1(O)[C@H](O)[C@H]2COc3nc4c(=O)[nH]c(NCO)nc4n3[C@@H]1O2,False,C12H15N5O6,325.1022,23
C[C@@]12OC(O)[C@@H](O[C@H]1n1cnc3c(=O)[nH]c(NCO)nc31)[C@H]2O,False,C12H15N5O6,325.1022,23
C[C@]1(O)[C@@H]2OC(O)[C@H]2O[C@H]1n1cnc2c(=O)[nH]c(NCO)nc21,False,C12H15N5O6,325.1022,23
CN(C=O)c1nc2c(ncn2[C@@H]2O[C@H](CO)[C@@H](O)[C@]2(C)O)c(=O)[nH]1,False,C13H17N5O6,339.1179,24
CC(=O)N(C=O)c1nc2c(ncn2[C@@H]2O[C@H](CO)[C@@H](O)[C@]2(C)O)c(=O)[nH]1,False,C14H17N5O7,367.1128,26
CC(=O)OC[C@H]1O[C@@H](n2cnc3c(=O)[nH]c(NC=O)nc32)[C@@](C)(O)[C@@H]1O,False,C14H17N5O7,367.1128,26
CC(=O)O[C@@]1(C)[C@H](O)[C@@H](CO)O[C@H]1n1cnc2c(=O)[nH]c(NC=O)nc21,False,C14H17N5O7,367.1128,26
CC(=O)O[C@@H]1[C@@H](CO)O[C@@H](n2cnc3c(=O)[nH]c(NC=O)nc32)[C@@]1(C)O,False,C14H17N5O7,367.1128,26
C[C@]1(O)[C@H](O)[C@@H](CO)O[C@H]1n1cnc2c(=O)[nH]c(N)nc21,False,C11H15N5O5,297.1073,21
C[C@H]1O[C@@H](n2cnc3c(=O)[nH]c(NC=O)nc32)[C@@](C)(O)[C@@H]1O,False,C12H15N5O5,309.1073,22
C[C@]1(O)[C@H](O)[C@@H](C(=O)O)O[C@H]1n1cnc2c(=O)[nH]c(NC=O)nc21,False,C12H13N5O7,339.0815,24
C[C@]1(O)[C@H](O)[C@@H](COC=O)O[C@H]1n1cnc2c(=O)[nH]c(NC=O)nc21,False,C13H15N5O7,353.0971,25
C[C@]1(OC=O)[C@H](O)[C@@H](CO)O[C@H]1n1cnc2c(=O)[nH]c(NC=O)nc21,False,C13H15N5O7,353.0971,25
C[C@]1(O)[C@H](OC=O)[C@@H](CO)O[C@H]1n1cnc2c(=O)[nH]c(NC=O)nc21,False,C13H15N5O7,353.0971,25
O=c1[nH]c(NCO)nc2c1ncn2[C@@H]1O[C@H](CO)[C@@]2(CO2)[C@H]1O,False,C12H15N5O6,325.1022,23
O=c1[nH]c(NCO)nc2c1ncn2[C@@H]1O[C@H](CO)[C@@]2(O)CO[C@@H]12,False,C12H15N5O6,325.1022,23
O=c1[nH]c(NCO)nc2c1ncn2[C@@H]1O[C@@H]2COC[C@@]2(O)[C@H]1O,False,C12H15N5O6,325.1022,23
C[C@@]12O[C@@]1(O)[C@H](n1cnc3c(=O)[nH]c(NCO)nc31)O[C@@H]2CO,False,C12H15N5O6,325.1022,23
C[C@]1(O)[C@H]2CO[C@@]1(O)[C@H](n1cnc3c(=O)[nH]c(NCO)nc31)O2,False,C12H15N5O6,325.1022,23
C[C@]12O[C@@]1(CO)O[C@@H](n1cnc3c(=O)[nH]c(NCO)nc31)[C@@H]2O,False,C12H15N5O6,325.1022,23
C[C@@]1(O)[C@H]2O[C@@]1(CO)O[C@H]2n1cnc2c(=O)[nH]c(NCO)nc21,False,C12H15N5O6,325.1022,23
C[C@@]1(O)[C@@H](O)[C@H](n2cnc3c(=O)[nH]c(NCO)nc32)O[C@@]12CO2,False,C12H15N5O6,325.1022,23
C[C@]12O[C@](n3cnc4c(=O)[nH]c(NCO)nc43)(O[C@@H]1CO)[C@@H]2O,False,C12H15N5O6,325.1022,23
C[C@@]1(O)[C@H]2O[C@]2(n2cnc3c(=O)[nH]c(NCO)nc32)O[C@@H]1CO,False,C12H15N5O6,325.1022,23
C[C@@]1(O)[C@@H](O)[C@]2(n3cnc4c(=O)[nH]c(NCO)nc43)OC[C@H]1O2,False,C12H15N5O6,325.1022,23
C[C@]12OC(O)[C@H]1O[C@@H](n1cnc3c(=O)[nH]c(NCO)nc31)[C@@H]2O,False,C12H15N5O6,325.1022,23
C[C@]1(O)[C@@H]2O[C@@H](n3cnc4c(=O)[nH]c(NCO)nc43)[C@@H]1OC2O,False,C12H15N5O6,325.1022,23
C[C@]12Oc3nc4c(=O)[nH]c(NCO)nc4n3[C@H](O[C@@H]1CO)[C@@H]2O,False,C12H15N5O6,325.1022,23
C[C@]1(O)[C@@H](CO)O[C@@H]2[C@@H]1Oc1nc3c(=O)[nH]c(NCO)nc3n12,False,C12H15N5O6,325.1022,23
C[C@]1(O)[C@H]2COc3nc4c(=O)[nH]c(NCO)nc4n3[C@H](O2)[C@@H]1O,False,C12H15N5O6,325.1022,23
CN(C=O)c1nc2c(ncn2[C@@H]2O[C@H](CO)[C@](C)(O)[C@H]2O)c(=O)[nH]1,False,C13H17N5O6,339.1179,24
CC(=O)N(C=O)c1nc2c(ncn2[C@@H]2O[C@H](CO)[C@](C)(O)[C@H]2O)c(=O)[nH]1,False,C14H17N5O7,367.1128,26
CC(=O)OC[C@H]1O[C@@H](n2cnc3c(=O)[nH]c(NC=O)nc32)[C@H](O)[C@@]1(C)O,False,C14H17N5O7,367.1128,26
CC(=O)O[C@@]1(C)[C@@H](CO)O[C@@H](n2cnc3c(=O)[nH]c(NC=O)nc32)[C@@H]1O,False,C14H17N5O7,367.1128,26
CC(=O)O[C@H]1[C@H](n2cnc3c(=O)[nH]c(NC=O)nc32)O[C@H](CO)[C@]1(C)O,False,C14H17N5O7,367.1128,26
C[C@]1(O)[C@@H](CO)O[C@@H](n2cnc3c(=O)[nH]c(N)nc32)[C@@H]1O,False,C11H15N5O5,297.1073,21
C[C@H]1O[C@@H](n2cnc3c(=O)[nH]c(NC=O)nc32)[C@H](O)[C@@]1(C)O,False,C12H15N5O5,309.1073,22
C[C@]1(O)[C@@H](C(=O)O)O[C@@H](n2cnc3c(=O)[nH]c(NC=O)nc32)[C@@H]1O,False,C12H13N5O7,339.0815,24
C[C@]1(O)[C@@H](COC=O)O[C@@H](n2cnc3c(=O)[nH]c(NC=O)nc32)[C@@H]1O,False,C13H15N5O7,353.0971,25
C[C@]1(OC=O)[C@@H](CO)O[C@@H](n2cnc3c(=O)[nH]c(NC=O)nc32)[C@@H]1O,False,C13H15N5O7,353.0971,25
C[C@]1(O)[C@@H](CO)O[C@@H](n2cnc3c(=O)[nH]c(NC=O)nc32)[C@@H]1OC=O,False,C13H15N5O7,353.0971,25
C[C@H]1O[C@](CO)(n2cnc3c(=O)[nH]c(NC=O)nc32)[C@H](O)[C@@H]1O,False,C12H15N5O6,325.1022,23
O=c1[nH]c(NCO)nc2c1ncn2[C@@H]1O[C@]2(CO)CO[C@H]2[C@H]1O,False,C12H15N5O6,325.1022,23
O=c1[nH]c(NCO)nc2c1ncn2[C@@H]1OC2(COC2)[C@@H](O)[C@H]1O,False,C12H15N5O6,325.1022,23
O=c1[nH]c(NCO)nc2c1ncn2[C@@H]1O[C@]2(CO)CO[C@@H]1[C@@H]2O,False,C12H15N5O6,325.1022,23
C[C@]12CO[C@@]1(O)[C@@H](O)[C@H](n1cnc3c(=O)[nH]c(NCO)nc31)O2,False,C12H15N5O6,325.1022,23
C[C@@]1(CO)O[C@@H](n2cnc3c(=O)[nH]c(NCO)nc32)[C@@H]2O[C@@]21O,False,C12H15N5O6,325.1022,23
C[C@@]12O[C@@H](n3cnc4c(=O)[nH]c(NCO)nc43)[C@H](O)[C@@H]1OC2O,False,C12H15N5O6,325.1022,23
C[C@]12O[C@@H](n3cnc4c(=O)[nH]c(NCO)nc43)[C@H](OC1O)[C@@H]2O,False,C12H15N5O6,325.1022,23
C[C@@]1(CO)O[C@@]2(n3cnc4c(=O)[nH]c(NCO)nc43)O[C@H]1[C@H]2O,False,C12H15N5O6,325.1022,23
C[C@@]12CO[C@](n3cnc4c(=O)[nH]c(NCO)nc43)(O1)[C@H](O)[C@@H]2O,False,C12H15N5O6,325.1022,23
C[C@@]1(CO)O[C@@]2(n3cnc4c(=O)[nH]c(NCO)nc43)O[C@@H]2[C@@H]1O,False,C12H15N5O6,325.1022,23
C[C@@]1(CO)O[C@@H](n2cnc3c(=O)[nH]c(NCO)nc32)[C@]2(O)O[C@@H]21,False,C12H15N5O6,325.1022,23
C[C@@]12CO[C@@](O)([C@H](n3cnc4c(=O)[nH]c(NCO)nc43)O1)[C@@H]2O,False,C12H15N5O6,325.1022,23
C[C@@]1(CO)O[C@@H]2[C@H](O)[C@@H]1Oc1nc3c(=O)[nH]c(NCO)nc3n12,False,C12H15N5O6,325.1022,23
C[C@@]12COc3nc4c(=O)[nH]c(NCO)nc4n3[C@H](O1)[C@H](O)[C@@H]2O,False,C12H15N5O6,325.1022,23
C[C@@]1(CO)O[C@@H]2[C@H](Oc3nc4c(=O)[nH]c(NCO)nc4n32)[C@@H]1O,False,C12H15N5O6,325.1022,23
CN(C=O)c1nc2c(ncn2[C@@H]2O[C@@](C)(CO)[C@@H](O)[C@H]2O)c(=O)[nH]1,False,C13H17N5O6,339.1179,24
CC(=O)N(C=O)c1nc2c(ncn2[C@@H]2O[C@@](C)(CO)[C@@H](O)[C@H]2O)c(=O)[nH]1,False,C14H17N5O7,367.1128,26
CC(=O)OC[C@]1(C)O[C@@H](n2cnc3c(=O)[nH]c(NC=O)nc32)[C@H](O)[C@@H]1O,False,C14H17N5O7,367.1128,26
CC(=O)O[C@H]1[C@@H](O)[C@H](n2cnc3c(=O)[nH]c(NC=O)nc32)O[C@@]1(C)CO,False,C14H17N5O7,367.1128,26
CC(=O)O[C@H]1[C@H](n2cnc3c(=O)[nH]c(NC=O)nc32)O[C@@](C)(CO)[C@H]1O,False,C14H17N5O7,367.1128,26
C[C@@]1(CO)O[C@@H](n2cnc3c(=O)[nH]c(N)nc32)[C@H](O)[C@@H]1O,False,C11H15N5O5,297.1073,21
CC1(C)O[C@@H](n2cnc3c(=O)[nH]c(NC=O)nc32)[C@H](O)[C@@H]1O,False,C12H15N5O5,309.1073,22
C[C@@]1(C(=O)O)O[C@@H](n2cnc3c(=O)[nH]c(NC=O)nc32)[C@H](O)[C@@H]1O,False,C12H13N5O7,339.0815,24
C[C@@]1(COC=O)O[C@@H](n2cnc3c(=O)[nH]c(NC=O)nc32)[C@H](O)[C@@H]1O,False,C13H15N5O7,353.0971,25
C[C@@]1(CO)O[C@@H](n2cnc3c(=O)[nH]c(NC=O)nc32)[C@H](O)[C@@H]1OC=O,False,C13H15N5O7,353.0971,25
C[C@@]1(CO)O[C@@H](n2cnc3c(=O)[nH]c(NC=O)nc32)[C@H](OC=O)[C@@H]1O,False,C13H15N5O7,353.0971,25
C,False,CH4,16.0313,1
O=CNc1nc2c(ncn2[C@@H]2OC[C@@H](O)[C@H]2O)c(=O)[nH]1,False,C10H11N5O5,281.076,20
CC=O,False,C2H4O,44.0262,3
CC1(O)O[C@H]2[C@@H](O)[C@H](n3cnc4c(=O)[nH]c(NCO)nc43)O[C@@H]21,False,C12H15N5O6,325.1022,23
CC1(O)O[C@@H]2[C@H](O)[C@@H]1O[C@H]2n1cnc2c(=O)[nH]c(NCO)nc21,False,C12H15N5O6,325.1022,23
O=c1[nH]c(NCO)nc2c1ncn2[C@@H]1O[C@H](C2CO2)[C@@H](O)[C@H]1O,False,C12H15N5O6,325.1022,23
O=c1[nH]c(NCO)nc2c1ncn2[C@@H]1O[C@@H]2C(O)CO[C@H]2[C@H]1O,False,C12H15N5O6,325.1022,23
O=c1[nH]c(NCO)nc2c1ncn2[C@@H]1O[C@@H]2C(O)CO[C@@H]1[C@@H]2O,False,C12H15N5O6,325.1022,23
CC1O[C@]12O[C@@H](n1cnc3c(=O)[nH]c(NCO)nc31)[C@H](O)[C@@H]2O,False,C12H15N5O6,325.1022,23
CC(O)[C@]12O[C@@H](n3cnc4c(=O)[nH]c(NCO)nc43)[C@H](O)[C@@H]1O2,False,C12H15N5O6,325.1022,23
CC(O)[C@]12O[C@@H]([C@H](n3cnc4c(=O)[nH]c(NCO)nc43)O1)[C@@H]2O,False,C12H15N5O6,325.1022,23
CC1O[C@]2(O)[C@@H]1O[C@@H](n1cnc3c(=O)[nH]c(NCO)nc31)[C@@H]2O,False,C12H15N5O6,325.1022,23
CC(O)[C@H]1O[C@@H](n2cnc3c(=O)[nH]c(NCO)nc32)[C@@H]2O[C@]12O,False,C12H15N5O6,325.1022,23
CC1O[C@]2(n3cnc4c(=O)[nH]c(NCO)nc43)O[C@H]1[C@@H](O)[C@H]2O,False,C12H15N5O6,325.1022,23
CC(O)[C@H]1O[C@@]2(n3cnc4c(=O)[nH]c(NCO)nc43)O[C@H]1[C@H]2O,False,C12H15N5O6,325.1022,23
CC(O)[C@H]1O[C@@]2(n3cnc4c(=O)[nH]c(NCO)nc43)O[C@@H]2[C@@H]1O,False,C12H15N5O6,325.1022,23
CC1O[C@]2(O)[C@H](O)[C@@H]1O[C@H]2n1cnc2c(=O)[nH]c(NCO)nc21,False,C12H15N5O6,325.1022,23
CC(O)[C@H]1O[C@@H](n2cnc3c(=O)[nH]c(NCO)nc32)[C@]2(O)O[C@H]12,False,C12H15N5O6,325.1022,23
CC1Oc2nc3c(=O)[nH]c(NCO)nc3n2[C@@H]2O[C@H]1[C@@H](O)[C@H]2O,False,C12H15N5O6,325.1022,23
CC(O)[C@H]1O[C@@H]2[C@H](O)[C@@H]1Oc1nc3c(=O)[nH]c(NCO)nc3n12,False,C12H15N5O6,325.1022,23
CC(O)[C@H]1O[C@@H]2[C@H](Oc3nc4c(=O)[nH]c(NCO)nc4n32)[C@@H]1O,False,C12H15N5O6,325.1022,23
CC(O)[C@H]1O[C@@H](n2cnc3c(=O)[nH]c(N(C)C=O)nc32)[C@H](O)[C@@H]1O,False,C13H17N5O6,339.1179,24
CC(C)(O)[C@H]1O[C@@H](n2cnc3c(=O)[nH]c(NC=O)nc32)[C@H](O)[C@@H]1O,False,C13H17N5O6,339.1179,24
CCC(O)[C@H]1O[C@@H](n2cnc3c(=O)[nH]c(NC=O)nc32)[C@H](O)[C@@H]1O,False,C13H17N5O6,339.1179,24
CC(=O)N(C=O)c1nc2c(ncn2[C@@H]2O[C@H](C(C)O)[C@@H](O)[C@H]2O)c(=O)[nH]1,False,C14H17N5O7,367.1128,26
CC(=O)OC(C)[C@H]1O[C@@H](n2cnc3c(=O)[nH]c(NC=O)nc32)[C@H](O)[C@@H]1O,False,C14H17N5O7,367.1128,26
CC(=O)O[C@H]1[C@@H](O)[C@H](n2cnc3c(=O)[nH]c(NC=O)nc32)O[C@@H]1C(C)O,False,C14H17N5O7,367.1128,26
CC(=O)O[C@@H]1[C@H](O)[C@@H](C(C)O)O[C@H]1n1cnc2c(=O)[nH]c(NC=O)nc21,False,C14H17N5O7,367.1128,26
CC(O)(C(=O)O)[C@H]1O[C@@H](n2cnc3c(=O)[nH]c(NC=O)nc32)[C@H](O)[C@@H]1O,False,C13H15N5O8,369.0921,26
O=CNc1nc2c(ncn2[C@@H]2O[C@H](C(O)CC(=O)O)[C@@H](O)[C@H]2O)c(=O)[nH]1,False,C13H15N5O8,369.0921,26
CC(Cl)[C@H]1O[C@@H](n2cnc3c(=O)[nH]c(NC=O)nc32)[C@H](O)[C@@H]1O,False,C12H14ClN5O5,343.0683,23
CC(O)(O)[C@H]1O[C@@H](n2cnc3c(=O)[nH]c(NC=O)nc32)[C@H](O)[C@@H]1O,False,C12H15N5O7,341.0971,24
O=CNc1nc2c(ncn2[C@@H]2O[C@H](C(O)CO)[C@@H](O)[C@H]2O)c(=O)[nH]1,False,C12H15N5O7,341.0971,24
CC(O)[C@H]1O[C@@H](n2cnc3c(=O)[nH]c(N)nc32)[C@H](O)[C@@H]1O,False,C11H15N5O5,297.1073,21
CC(O)(O)[C@H]1O[C@@H](n2cnc3c(=O)[nH]c(NCO)nc32)[C@H](O)[C@@H]1O,False,C12H17N5O7,343.1128,24
O=c1[nH]c(NCO)nc2c1ncn2[C@@H]1O[C@H](C(O)CO)[C@@H](O)[C@H]1O,False,C12H17N5O7,343.1128,24
CC[C@H]1O[C@@H](n2cnc3c(=O)[nH]c(NC=O)nc32)[C@H](O)[C@@H]1O,False,C12H15N5O5,309.1073,22
CC(O)[C@H]1O[C@@H](n2cnc3c(=O)[nH]c(NC=O)nc32)[C@H](O)[C@@H]1OC=O,False,C13H15N5O7,353.0971,25
CC(O)[C@H]1O[C@@H](n2cnc3c(=O)[nH]c(NC=O)nc32)[C@H](OC=O)[C@@H]1O,False,C13H15N5O7,353.0971,25
CC(O)[C@]1(C)O[C@@H](n2cnc3c(=O)[nH]c(NC=O)nc32)[C@H](O)[C@@H]1O,False,C13H17N5O6,339.1179,24
CC(O)[C@H]1O[C@@H](n2cnc3c(=O)[nH]c(NC=O)nc32)[C@H](O)[C@@]1(C)O,False,C13H17N5O6,339.1179,24
CC(O)[C@H]1O[C@](C)(n2cnc3c(=O)[nH]c(NC=O)nc32)[C@H](O)[C@@H]1O,False,C13H17N5O6,339.1179,24
CC(O)[C@H]1O[C@@H](n2cnc3c(=O)[nH]c(NC=O)nc32)[C@@](C)(O)[C@@H]1O,False,C13H17N5O6,339.1179,24
Cc1nc2c(=O)[nH]c(NC=O)nc2n1[C@@H]1O[C@H](C(C)O)[C@@H](O)[C@H]1O,False,C13H17N5O6,339.1179,24
O=c1[nH]c2nc3c1ncn3[C@@H]1OC[C@@H](O)[C@H]1OC(CO)C(O)N2,False,C12H15N5O6,325.1022,23
O=c1[nH]c2nc3c1ncn3[C@@H]1OC[C@@H](O)[C@H]1OCC(O)(CO)N2,False,C12H15N5O6,325.1022,23
O=c1[nH]c2nc3c1ncn3[C@@H]1OC[C@@H](O)[C@]1(CO)OCC(O)N2,False,C12H15N5O6,325.1022,23
O=c1[nH]c2nc3c1ncn3[C@@H]1OC[C@@](O)(CO)[C@H]1OCC(O)N2,False,C12H15N5O6,325.1022,23
O=c1[nH]c2nc3c1nc(CO)n3[C@@H]1OC[C@@H](O)[C@H]1OCC(O)N2,False,C12H15N5O6,325.1022,23
COC1CO[C@@H]2[C@H](O)[C@@H](CO)O[C@H]2n2cnc3c(=O)[nH]c(nc32)N1,False,C13H17N5O6,339.1179,24
CC(=O)OC[C@H]1O[C@@H]2[C@H](OCC(O)Nc3nc4c(ncn42)c(=O)[nH]3)[C@@H]1O,False,C14H17N5O7,367.1128,26
CC(=O)OC1CO[C@@H]2[C@H](O)[C@@H](CO)O[C@H]2n2cnc3c(=O)[nH]c(nc32)N1,False,C14H17N5O7,367.1128,26
CC(=O)O[C@H]1[C@H]2OCC(O)Nc3nc4c(ncn4[C@@H]2O[C@@H]1CO)c(=O)[nH]3,False,C14H17N5O7,367.1128,26
C[C@H]1O[C@@H]2[C@H](OCC(O)Nc3nc4c(ncn42)c(=O)[nH]3)[C@@H]1O,False,C12H15N5O5,309.1073,22
O=C(O)[C@H]1O[C@@H]2[C@H](OCC(O)Nc3nc4c(ncn42)c(=O)[nH]3)[C@@H]1O,False,C12H13N5O7,339.0815,24
O=c1[nH]c2nc3c1ncn3[C@@H]1OC[C@@H](OC(CO)C(O)N2)[C@H]1O,False,C12H15N5O6,325.1022,23
O=c1[nH]c2nc3c1ncn3[C@@H]1OC[C@@H](OCC(O)(CO)N2)[C@H]1O,False,C12H15N5O6,325.1022,23
O=c1[nH]c2nc3c1ncn3[C@@H]1OC[C@](CO)(OCC(O)N2)[C@H]1O,False,C12H15N5O6,325.1022,23
O=c1[nH]c2nc3c1ncn3[C@@H]1OC[C@@H](OCC(O)N2)[C@@]1(O)CO,False,C12H15N5O6,325.1022,23
O=c1[nH]c2nc3c1nc(CO)n3[C@@H]1OC[C@@H](OCC(O)N2)[C@H]1O,False,C12H15N5O6,325.1022,23
COC1CO[C@H]2[C@@H](O)[C@@H](O[C@@H]2CO)n2cnc3c(=O)[nH]c(nc32)N1,False,C13H17N5O6,339.1179,24
CC(=O)OC[C@H]1O[C@@H]2[C@H](O)[C@@H]1OCC(O)Nc1nc3c(ncn32)c(=O)[nH]1,False,C14H17N5O7,367.1128,26
CC(=O)OC1CO[C@H]2[C@@H](O)[C@@H](O[C@@H]2CO)n2cnc3c(=O)[nH]c(nc32)N1,False,C14H17N5O7,367.1128,26
CC(=O)O[C@@H]1[C@@H]2OCC(O)Nc3nc4c(ncn4[C@@H]1O[C@@H]2CO)c(=O)[nH]3,False,C14H17N5O7,367.1128,26
C[C@H]1O[C@@H]2[C@H](O)[C@@H]1OCC(O)Nc1nc3c(ncn32)c(=O)[nH]1,False,C12H15N5O5,309.1073,22
O=C(O)[C@H]1O[C@@H]2[C@H](O)[C@@H]1OCC(O)Nc1nc3c(ncn32)c(=O)[nH]1,False,C12H13N5O7,339.0815,24
COC1COC[C@H]2O[C@H]([C@H](O)[C@@H]2O)n2cnc3c(=O)[nH]c(nc32)N1,False,C13H17N5O6,339.1179,24
CC(=O)OC1COC[C@H]2O[C@H]([C@H](O)[C@@H]2O)n2cnc3c(=O)[nH]c(nc32)N1,False,C14H17N5O7,367.1128,26
CC(=O)O[C@H]1[C@@H](O)[C@H]2O[C@@H]1COCC(O)Nc1nc3c(ncn32)c(=O)[nH]1,False,C14H17N5O7,367.1128,26
CC(=O)O[C@@H]1[C@H](O)[C@H]2COCC(O)Nc3nc4c(ncn4[C@@H]1O2)c(=O)[nH]3,False,C14H17N5O7,367.1128,26
CC(O)(CO)Nc1nc2c(ncn2[C@@]23OC[C@@H](O)[C@H]2O3)c(=O)[nH]1,False,C12H15N5O6,325.1022,23
CC(O)Nc1nc2c(ncn2[C@@]23OC[C@@H](O)[C@]2(CO)O3)c(=O)[nH]1,False,C12H15N5O6,325.1022,23
CC(O)Nc1nc2c(nc(CO)n2[C@@]23OC[C@@H](O)[C@H]2O3)c(=O)[nH]1,False,C12H15N5O6,325.1022,23
CC(O)Nc1nc2c(ncn2[C@@]23OC[C@@](O)(CO)[C@H]2O3)c(=O)[nH]1,False,C12H15N5O6,325.1022,23
O=c1[nH]c(NC(O)CCO)nc2c1ncn2[C@@]12OC[C@@H](O)[C@H]1O2,False,C12H15N5O6,325.1022,23
O=CNc1nc2c(ncn2[C@]23O[C@@H]2[C@H](O)[C@@H](CO)O3)c(=O)[nH]1,False,C11H11N5O6,309.0709,22
CCNc1nc2c(ncn2[C@]23O[C@@H]2[C@H](O)[C@@H](C=O)O3)c(=O)[nH]1,False,C12H13N5O5,307.0917,22
COC(C)Nc1nc2c(ncn2[C@]23O[C@@H]2[C@H](O)[C@@H](CO)O3)c(=O)[nH]1,False,C13H17N5O6,339.1179,24
CC(O)N(C)c1nc2c(ncn2[C@]23O[C@@H]2[C@H](O)[C@@H](CO)O3)c(=O)[nH]1,False,C13H17N5O6,339.1179,24
CC(C)(O)Nc1nc2c(ncn2[C@]23O[C@@H]2[C@H](O)[C@@H](CO)O3)c(=O)[nH]1,False,C13H17N5O6,339.1179,24
CCC(O)Nc1nc2c(ncn2[C@]23O[C@@H]2[C@H](O)[C@@H](CO)O3)c(=O)[nH]1,False,C13H17N5O6,339.1179,24
CC(=O)N(c1nc2c(ncn2[C@]23O[C@@H]2[C@H](O)[C@@H](CO)O3)c(=O)[nH]1)C(C)O,False,C14H17N5O7,367.1128,26
CC(=O)OC(C)Nc1nc2c(ncn2[C@]23O[C@@H]2[C@H](O)[C@@H](CO)O3)c(=O)[nH]1,False,C14H17N5O7,367.1128,26
CC(=O)OC[C@H]1O[C@@]2(n3cnc4c(=O)[nH]c(NC(C)O)nc43)O[C@@H]2[C@@H]1O,False,C14H17N5O7,367.1128,26
CC(=O)O[C@H]1[C@H]2O[C@]2(n2cnc3c(=O)[nH]c(NC(C)O)nc32)O[C@@H]1CO,False,C14H17N5O7,367.1128,26
CC(O)(Nc1nc2c(ncn2[C@]23O[C@@H]2[C@H](O)[C@@H](CO)O3)c(=O)[nH]1)C(=O)O,False,C13H15N5O8,369.0921,26
O=C(O)CC(O)Nc1nc2c(ncn2[C@]23O[C@@H]2[C@H](O)[C@@H](CO)O3)c(=O)[nH]1,False,C13H15N5O8,369.0921,26
CC(Cl)Nc1nc2c(ncn2[C@]23O[C@@H]2[C@H](O)[C@@H](CO)O3)c(=O)[nH]1,False,C12H14ClN5O5,343.0683,23
CC(O)N(C(N)=O)c1nc2c(ncn2[C@]23O[C@@H]2[C@H](O)[C@@H](CO)O3)c(=O)[nH]1,False,C13H16N6O7,368.108,26
CC(O)(O)Nc1nc2c(ncn2[C@]23O[C@@H]2[C@H](O)[C@@H](CO)O3)c(=O)[nH]1,False,C12H15N5O7,341.0971,24
O=c1[nH]c(NC(O)CO)nc2c1ncn2[C@]12O[C@@H]1[C@H](O)[C@@H](CO)O2,False,C12H15N5O7,341.0971,24
CC(O)Nc1nc2c(ncn2[C@@]2(O)O[C@H](CO)[C@@H](O)[C@H]2O)c(=O)[nH]1,False,C12H17N5O7,343.1128,24
CCNc1nc2c(ncn2[C@]23O[C@@H]2[C@H](O)[C@@H](CO)O3)c(=O)[nH]1,False,C12H15N5O5,309.1073,22
CC(O)Nc1nc2c(ncn2[C@]23O[C@@H]2[C@H](O)[C@@H](C)O3)c(=O)[nH]1,False,C12H15N5O5,309.1073,22
CC(O)Nc1nc2c(ncn2[C@@]23O[C@H](C(=O)O)[C@@H](O)[C@H]2O3)c(=O)[nH]1,False,C12H13N5O7,339.0815,24
CC(O)OC(C)Nc1nc2c(ncn2[C@]23O[C@@H]2[C@H](O)[C@@H](CO)O3)c(=O)[nH]1,False,C14H19N5O7,369.1284,26
O=c1[nH]c(NCO)nc2c1ncn2[C@]12O[C@@H]1[C@H](O)[C@@H](CO)O2,False,C11H13N5O6,311.0866,22
CC(O)Nc1nc2c(ncn2[C@@]23O[C@H](CO)[C@@H](O)[C@]2(C)O3)c(=O)[nH]1,False,C13H17N5O6,339.1179,24
Cc1nc2c(=O)[nH]c(NC(C)O)nc2n1[C@]12O[C@@H]1[C@H](O)[C@@H](CO)O2,False,C13H17N5O6,339.1179,24
CC(O)Nc1nc2c(ncn2[C@]23O[C@@H]2[C@@](C)(O)[C@@H](CO)O3)c(=O)[nH]1,False,C13H17N5O6,339.1179,24
CC(O)Nc1nc2c(ncn2[C@]23O[C@@H]2[C@H](O)[C@](C)(CO)O3)c(=O)[nH]1,False,C13H17N5O6,339.1179,24
CC(O)Nc1nc2c(ncn2[C@@]23O[C@H](C(C)O)[C@@H](O)[C@H]2O3)c(=O)[nH]1,False,C13H17N5O6,339.1179,24
CC(O)(CO)Nc1nc2c(ncn2[C@]23OC[C@@H](O2)[C@H]3O)c(=O)[nH]1,False,C12H15N5O6,325.1022,23
CC(O)Nc1nc2c(ncn2[C@]23OC[C@@H](O2)[C@@]3(O)CO)c(=O)[nH]1,False,C12H15N5O6,325.1022,23
CC(O)Nc1nc2c(nc(CO)n2[C@]23OC[C@@H](O2)[C@H]3O)c(=O)[nH]1,False,C12H15N5O6,325.1022,23
CC(O)Nc1nc2c(ncn2[C@]23OC[C@](CO)(O2)[C@H]3O)c(=O)[nH]1,False,C12H15N5O6,325.1022,23
O=c1[nH]c(NC(O)CCO)nc2c1ncn2[C@]12OC[C@@H](O1)[C@H]2O,False,C12H15N5O6,325.1022,23
O=CNc1nc2c(ncn2[C@]23O[C@@H]([C@H]2O)[C@@H](CO)O3)c(=O)[nH]1,False,C11H11N5O6,309.0709,22
CCNc1nc2c(ncn2[C@]23O[C@@H]([C@H]2O)[C@@H](C=O)O3)c(=O)[nH]1,False,C12H13N5O5,307.0917,22
COC(C)Nc1nc2c(ncn2[C@]23O[C@@H]([C@H]2O)[C@@H](CO)O3)c(=O)[nH]1,False,C13H17N5O6,339.1179,24
CC(O)N(C)c1nc2c(ncn2[C@]23O[C@@H]([C@H]2O)[C@@H](CO)O3)c(=O)[nH]1,False,C13H17N5O6,339.1179,24
CC(C)(O)Nc1nc2c(ncn2[C@]23O[C@@H]([C@H]2O)[C@@H](CO)O3)c(=O)[nH]1,False,C13H17N5O6,339.1179,24
CCC(O)Nc1nc2c(ncn2[C@]23O[C@@H]([C@H]2O)[C@@H](CO)O3)c(=O)[nH]1,False,C13H17N5O6,339.1179,24
CC(=O)N(c1nc2c(ncn2[C@]23O[C@@H]([C@H]2O)[C@@H](CO)O3)c(=O)[nH]1)C(C)O,False,C14H17N5O7,367.1128,26
CC(=O)OC(C)Nc1nc2c(ncn2[C@]23O[C@@H]([C@H]2O)[C@@H](CO)O3)c(=O)[nH]1,False,C14H17N5O7,367.1128,26
CC(=O)OC[C@H]1O[C@@]2(n3cnc4c(=O)[nH]c(NC(C)O)nc43)O[C@H]1[C@H]2O,False,C14H17N5O7,367.1128,26
CC(=O)O[C@@H]1[C@@H]2O[C@]1(n1cnc3c(=O)[nH]c(NC(C)O)nc31)O[C@@H]2CO,False,C14H17N5O7,367.1128,26
CC(O)(Nc1nc2c(ncn2[C@]23O[C@@H]([C@H]2O)[C@@H](CO)O3)c(=O)[nH]1)C(=O)O,False,C13H15N5O8,369.0921,26
O=C(O)CC(O)Nc1nc2c(ncn2[C@]23O[C@@H]([C@H]2O)[C@@H](CO)O3)c(=O)[nH]1,False,C13H15N5O8,369.0921,26
CC(Cl)Nc1nc2c(ncn2[C@]23O[C@@H]([C@H]2O)[C@@H](CO)O3)c(=O)[nH]1,False,C12H14ClN5O5,343.0683,23
CC(O)N(C(N)=O)c1nc2c(ncn2[C@]23O[C@@H]([C@H]2O)[C@@H](CO)O3)c(=O)[nH]1,False,C13H16N6O7,368.108,26
CC(O)(O)Nc1nc2c(ncn2[C@]23O[C@@H]([C@H]2O)[C@@H](CO)O3)c(=O)[nH]1,False,C12H15N5O7,341.0971,24
O=c1[nH]c(NC(O)CO)nc2c1ncn2[C@]12O[C@@H]([C@H]1O)[C@@H](CO)O2,False,C12H15N5O7,341.0971,24
CCNc1nc2c(ncn2[C@]23O[C@@H]([C@H]2O)[C@@H](CO)O3)c(=O)[nH]1,False,C12H15N5O5,309.1073,22
CC(O)Nc1nc2c(ncn2[C@]23O[C@@H]([C@H]2O)[C@@H](C)O3)c(=O)[nH]1,False,C12H15N5O5,309.1073,22
CC(O)Nc1nc2c(ncn2[C@@]23O[C@H]([C@@H](C(=O)O)O2)[C@H]3O)c(=O)[nH]1,False,C12H13N5O7,339.0815,24
CC(O)OC(C)Nc1nc2c(ncn2[C@]23O[C@@H]([C@H]2O)[C@@H](CO)O3)c(=O)[nH]1,False,C14H19N5O7,369.1284,26
O=c1[nH]c(NCO)nc2c1ncn2[C@]12O[C@@H]([C@H]1O)[C@@H](CO)O2,False,C11H13N5O6,311.0866,22
CC(O)Nc1nc2c(ncn2[C@@]23O[C@H]([C@@H](CO)O2)[C@]3(C)O)c(=O)[nH]1,False,C13H17N5O6,339.1179,24
Cc1nc2c(=O)[nH]c(NC(C)O)nc2n1[C@]12O[C@@H]([C@H]1O)[C@@H](CO)O2,False,C13H17N5O6,339.1179,24
CC(O)Nc1nc2c(ncn2[C@]23O[C@H](CO)[C@](C)(O2)[C@H]3O)c(=O)[nH]1,False,C13H17N5O6,339.1179,24
CC(O)Nc1nc2c(ncn2[C@]23O[C@@H]([C@H]2O)[C@](C)(CO)O3)c(=O)[nH]1,False,C13H17N5O6,339.1179,24
CC(O)Nc1nc2c(ncn2[C@@]23O[C@H]([C@@H](C(C)O)O2)[C@H]3O)c(=O)[nH]1,False,C13H17N5O6,339.1179,24
O=CNc1nc2c(ncn2[C@@]23OC[C@@H](O2)[C@@H](O)[C@H]3O)c(=O)[nH]1,False,C11H11N5O6,309.0709,22
Nc1nc2c(ncn2[C@@]23OC[C@@H](O2)[C@@H](O)[C@H]3O)c(=O)[nH]1,False,C10H11N5O5,281.076,20
CC(=O)Nc1nc2c(ncn2[C@@]23OC[C@@H](O2)[C@@H](O)[C@H]3O)c(=O)[nH]1,False,C12H13N5O6,323.0866,23
COC(C)Nc1nc2c(ncn2[C@@]23OC[C@@H](O2)[C@@H](O)[C@H]3O)c(=O)[nH]1,False,C13H17N5O6,339.1179,24
CC(O)N(C)c1nc2c(ncn2[C@@]23OC[C@@H](O2)[C@@H](O)[C@H]3O)c(=O)[nH]1,False,C13H17N5O6,339.1179,24
CC(C)(O)Nc1nc2c(ncn2[C@@]23OC[C@@H](O2)[C@@H](O)[C@H]3O)c(=O)[nH]1,False,C13H17N5O6,339.1179,24
CCC(O)Nc1nc2c(ncn2[C@@]23OC[C@@H](O2)[C@@H](O)[C@H]3O)c(=O)[nH]1,False,C13H17N5O6,339.1179,24
CC(=O)N(c1nc2c(ncn2[C@@]23OC[C@@H](O2)[C@@H](O)[C@H]3O)c(=O)[nH]1)C(C)O,False,C14H17N5O7,367.1128,26
CC(=O)OC(C)Nc1nc2c(ncn2[C@@]23OC[C@@H](O2)[C@@H](O)[C@H]3O)c(=O)[nH]1,False,C14H17N5O7,367.1128,26
CC(=O)O[C@@H]1[C@H](O)[C@H]2CO[C@]1(n1cnc3c(=O)[nH]c(NC(C)O)nc31)O2,False,C14H17N5O7,367.1128,26
CC(=O)O[C@H]1[C@@H](O)[C@]2(n3cnc4c(=O)[nH]c(NC(C)O)nc43)OC[C@H]1O2,False,C14H17N5O7,367.1128,26
CC(O)(Nc1nc2c(ncn2[C@@]23OC[C@@H](O2)[C@@H](O)[C@H]3O)c(=O)[nH]1)C(=O)O,False,C13H15N5O8,369.0921,26
O=C(O)CC(O)Nc1nc2c(ncn2[C@@]23OC[C@@H](O2)[C@@H](O)[C@H]3O)c(=O)[nH]1,False,C13H15N5O8,369.0921,26
CC(Cl)Nc1nc2c(ncn2[C@@]23OC[C@@H](O2)[C@@H](O)[C@H]3O)c(=O)[nH]1,False,C12H14ClN5O5,343.0683,23
CC(O)N(C(N)=O)c1nc2c(ncn2[C@@]23OC[C@@H](O2)[C@@H](O)[C@H]3O)c(=O)[nH]1,False,C13H16N6O7,368.108,26
CC(O)(O)Nc1nc2c(ncn2[C@@]23OC[C@@H](O2)[C@@H](O)[C@H]3O)c(=O)[nH]1,False,C12H15N5O7,341.0971,24
O=c1[nH]c(NC(O)CO)nc2c1ncn2[C@@]12OC[C@@H](O1)[C@@H](O)[C@H]2O,False,C12H15N5O7,341.0971,24
CCNc1nc2c(ncn2[C@@]23OC[C@@H](O2)[C@@H](O)[C@H]3O)c(=O)[nH]1,False,C12H15N5O5,309.1073,22
CC(O)OC(C)Nc1nc2c(ncn2[C@@]23OC[C@@H](O2)[C@@H](O)[C@H]3O)c(=O)[nH]1,False,C14H19N5O7,369.1284,26
O=c1[nH]c(NCO)nc2c1ncn2[C@@]12OC[C@@H](O1)[C@@H](O)[C@H]2O,False,C11H13N5O6,311.0866,22
CC(O)Nc1nc2c(ncn2[C@@]23OC[C@@H](O2)[C@@H](O)[C@]3(C)O)c(=O)[nH]1,False,C13H17N5O6,339.1179,24
Cc1nc2c(=O)[nH]c(NC(C)O)nc2n1[C@@]12OC[C@@H](O1)[C@@H](O)[C@H]2O,False,C13H17N5O6,339.1179,24
CC(O)Nc1nc2c(ncn2[C@@]23OC[C@@H](O2)[C@](C)(O)[C@H]3O)c(=O)[nH]1,False,C13H17N5O6,339.1179,24
CC(O)Nc1nc2c(ncn2[C@@]23OC[C@](C)(O2)[C@@H](O)[C@H]3O)c(=O)[nH]1,False,C13H17N5O6,339.1179,24
CC(O)Nc1nc2c(ncn2[C@@]23OC(C)[C@@H](O2)[C@@H](O)[C@H]3O)c(=O)[nH]1,False,C13H17N5O6,339.1179,24
CC(O)(CO)Nc1nc2c(nc3n2[C@@H]2OC[C@@H](O)[C@H]2O3)c(=O)[nH]1,False,C12H15N5O6,325.1022,23
CC(O)Nc1nc2c(nc3n2[C@@H]2OC[C@@H](O)[C@]2(CO)O3)c(=O)[nH]1,False,C12H15N5O6,325.1022,23
CC(O)Nc1nc2c(nc3n2[C@@H]2OC[C@@](O)(CO)[C@H]2O3)c(=O)[nH]1,False,C12H15N5O6,325.1022,23
O=c1[nH]c(NC(O)CCO)nc2c1nc1n2[C@@H]2OC[C@@H](O)[C@H]2O1,False,C12H15N5O6,325.1022,23
O=CNc1nc2c(nc3n2[C@@H]2O[C@H](CO)[C@@H](O)[C@H]2O3)c(=O)[nH]1,False,C11H11N5O6,309.0709,22
CCNc1nc2c(nc3n2[C@@H]2O[C@H](C=O)[C@@H](O)[C@H]2O3)c(=O)[nH]1,False,C12H13N5O5,307.0917,22
COC(C)Nc1nc2c(nc3n2[C@@H]2O[C@H](CO)[C@@H](O)[C@H]2O3)c(=O)[nH]1,False,C13H17N5O6,339.1179,24
CC(O)N(C)c1nc2c(nc3n2[C@@H]2O[C@H](CO)[C@@H](O)[C@H]2O3)c(=O)[nH]1,False,C13H17N5O6,339.1179,24
CC(C)(O)Nc1nc2c(nc3n2[C@@H]2O[C@H](CO)[C@@H](O)[C@H]2O3)c(=O)[nH]1,False,C13H17N5O6,339.1179,24
CCC(O)Nc1nc2c(nc3n2[C@@H]2O[C@H](CO)[C@@H](O)[C@H]2O3)c(=O)[nH]1,False,C13H17N5O6,339.1179,24
CC(=O)N(c1nc2c(nc3n2[C@@H]2O[C@H](CO)[C@@H](O)[C@H]2O3)c(=O)[nH]1)C(C)O,False,C14H17N5O7,367.1128,26
CC(=O)OC(C)Nc1nc2c(nc3n2[C@@H]2O[C@H](CO)[C@@H](O)[C@H]2O3)c(=O)[nH]1,False,C14H17N5O7,367.1128,26
CC(=O)OC[C@H]1O[C@@H]2[C@H](Oc3nc4c(=O)[nH]c(NC(C)O)nc4n32)[C@@H]1O,False,C14H17N5O7,367.1128,26
CC(=O)O[C@H]1[C@H]2Oc3nc4c(=O)[nH]c(NC(C)O)nc4n3[C@@H]2O[C@@H]1CO,False,C14H17N5O7,367.1128,26
CC(O)(Nc1nc2c(nc3n2[C@@H]2O[C@H](CO)[C@@H](O)[C@H]2O3)c(=O)[nH]1)C(=O)O,False,C13H15N5O8,369.0921,26
O=C(O)CC(O)Nc1nc2c(nc3n2[C@@H]2O[C@H](CO)[C@@H](O)[C@H]2O3)c(=O)[nH]1,False,C13H15N5O8,369.0921,26
CC(Cl)Nc1nc2c(nc3n2[C@@H]2O[C@H](CO)[C@@H](O)[C@H]2O3)c(=O)[nH]1,False,C12H14ClN5O5,343.0683,23
CC(O)N(C(N)=O)c1nc2c(nc3n2[C@@H]2O[C@H](CO)[C@@H](O)[C@H]2O3)c(=O)[nH]1,False,C13H16N6O7,368.108,26
CC(O)(O)Nc1nc2c(nc3n2[C@@H]2O[C@H](CO)[C@@H](O)[C@H]2O3)c(=O)[nH]1,False,C12H15N5O7,341.0971,24
O=c1[nH]c(NC(O)CO)nc2c1nc1n2[C@@H]2O[C@H](CO)[C@@H](O)[C@H]2O1,False,C12H15N5O7,341.0971,24
CCNc1nc2c(nc3n2[C@@H]2O[C@H](CO)[C@@H](O)[C@H]2O3)c(=O)[nH]1,False,C12H15N5O5,309.1073,22
CC(O)Nc1nc2c(nc3n2[C@@H]2O[C@H](C)[C@@H](O)[C@H]2O3)c(=O)[nH]1,False,C12H15N5O5,309.1073,22
CC(O)Nc1nc2c(nc3n2[C@@H]2O[C@H](C(=O)O)[C@@H](O)[C@H]2O3)c(=O)[nH]1,False,C12H13N5O7,339.0815,24
CC(O)OC(C)Nc1nc2c(nc3n2[C@@H]2O[C@H](CO)[C@@H](O)[C@H]2O3)c(=O)[nH]1,False,C14H19N5O7,369.1284,26
O=c1[nH]c(NCO)nc2c1nc1n2[C@@H]2O[C@H](CO)[C@@H](O)[C@H]2O1,False,C11H13N5O6,311.0866,22
CC(O)Nc1nc2c(nc3n2[C@@]2(C)O[C@H](CO)[C@@H](O)[C@H]2O3)c(=O)[nH]1,False,C13H17N5O6,339.1179,24
CC(O)Nc1nc2c(nc3n2[C@@H]2O[C@H](CO)[C@@H](O)[C@]2(C)O3)c(=O)[nH]1,False,C13H17N5O6,339.1179,24
CC(O)Nc1nc2c(nc3n2[C@@H]2O[C@H](CO)[C@](C)(O)[C@H]2O3)c(=O)[nH]1,False,C13H17N5O6,339.1179,24
CC(O)Nc1nc2c(nc3n2[C@@H]2O[C@@](C)(CO)[C@@H](O)[C@H]2O3)c(=O)[nH]1,False,C13H17N5O6,339.1179,24
CC(O)Nc1nc2c(nc3n2[C@@H]2O[C@H](C(C)O)[C@@H](O)[C@H]2O3)c(=O)[nH]1,False,C13H17N5O6,339.1179,24
CC(O)(CO)Nc1nc2c(nc3n2[C@@H]2OC[C@@H](O3)[C@H]2O)c(=O)[nH]1,False,C12H15N5O6,325.1022,23
CC(O)Nc1nc2c(nc3n2[C@@H]2OC[C@@H](O3)[C@@]2(O)CO)c(=O)[nH]1,False,C12H15N5O6,325.1022,23
CC(O)Nc1nc2c(nc3n2[C@@H]2OC[C@](CO)(O3)[C@H]2O)c(=O)[nH]1,False,C12H15N5O6,325.1022,23
O=c1[nH]c(NC(O)CCO)nc2c1nc1n2[C@@H]2OC[C@@H](O1)[C@H]2O,False,C12H15N5O6,325.1022,23
O=CNc1nc2c(nc3n2[C@@H]2O[C@H](CO)[C@@H](O3)[C@H]2O)c(=O)[nH]1,False,C11H11N5O6,309.0709,22
CCNc1nc2c(nc3n2[C@@H]2O[C@H](C=O)[C@@H](O3)[C@H]2O)c(=O)[nH]1,False,C12H13N5O5,307.0917,22
COC(C)Nc1nc2c(nc3n2[C@@H]2O[C@H](CO)[C@@H](O3)[C@H]2O)c(=O)[nH]1,False,C13H17N5O6,339.1179,24
CC(O)N(C)c1nc2c(nc3n2[C@@H]2O[C@H](CO)[C@@H](O3)[C@H]2O)c(=O)[nH]1,False,C13H17N5O6,339.1179,24
CC(C)(O)Nc1nc2c(nc3n2[C@@H]2O[C@H](CO)[C@@H](O3)[C@H]2O)c(=O)[nH]1,False,C13H17N5O6,339.1179,24
CCC(O)Nc1nc2c(nc3n2[C@@H]2O[C@H](CO)[C@@H](O3)[C@H]2O)c(=O)[nH]1,False,C13H17N5O6,339.1179,24
CC(=O)N(c1nc2c(nc3n2[C@@H]2O[C@H](CO)[C@@H](O3)[C@H]2O)c(=O)[nH]1)C(C)O,False,C14H17N5O7,367.1128,26
CC(=O)OC(C)Nc1nc2c(nc3n2[C@@H]2O[C@H](CO)[C@@H](O3)[C@H]2O)c(=O)[nH]1,False,C14H17N5O7,367.1128,26
CC(=O)OC[C@H]1O[C@@H]2[C@H](O)[C@@H]1Oc1nc3c(=O)[nH]c(NC(C)O)nc3n12,False,C14H17N5O7,367.1128,26
CC(=O)O[C@@H]1[C@@H]2Oc3nc4c(=O)[nH]c(NC(C)O)nc4n3[C@@H]1O[C@@H]2CO,False,C14H17N5O7,367.1128,26
CC(O)(Nc1nc2c(nc3n2[C@@H]2O[C@H](CO)[C@@H](O3)[C@H]2O)c(=O)[nH]1)C(=O)O,False,C13H15N5O8,369.0921,26
O=C(O)CC(O)Nc1nc2c(nc3n2[C@@H]2O[C@H](CO)[C@@H](O3)[C@H]2O)c(=O)[nH]1,False,C13H15N5O8,369.0921,26
CC(Cl)Nc1nc2c(nc3n2[C@@H]2O[C@H](CO)[C@@H](O3)[C@H]2O)c(=O)[nH]1,False,C12H14ClN5O5,343.0683,23
CC(O)N(C(N)=O)c1nc2c(nc3n2[C@@H]2O[C@H](CO)[C@@H](O3)[C@H]2O)c(=O)[nH]1,False,C13H16N6O7,368.108,26
CC(O)(O)Nc1nc2c(nc3n2[C@@H]2O[C@H](CO)[C@@H](O3)[C@H]2O)c(=O)[nH]1,False,C12H15N5O7,341.0971,24
O=c1[nH]c(NC(O)CO)nc2c1nc1n2[C@@H]2O[C@H](CO)[C@@H](O1)[C@H]2O,False,C12H15N5O7,341.0971,24
CCNc1nc2c(nc3n2[C@@H]2O[C@H](CO)[C@@H](O3)[C@H]2O)c(=O)[nH]1,False,C12H15N5O5,309.1073,22
CC(O)Nc1nc2c(nc3n2[C@@H]2O[C@H](C)[C@@H](O3)[C@H]2O)c(=O)[nH]1,False,C12H15N5O5,309.1073,22
CC(O)Nc1nc2c(nc3n2[C@@H]2O[C@H](C(=O)O)[C@@H](O3)[C@H]2O)c(=O)[nH]1,False,C12H13N5O7,339.0815,24
CC(O)OC(C)Nc1nc2c(nc3n2[C@@H]2O[C@H](CO)[C@@H](O3)[C@H]2O)c(=O)[nH]1,False,C14H19N5O7,369.1284,26
O=c1[nH]c(NCO)nc2c1nc1n2[C@@H]2O[C@H](CO)[C@@H](O1)[C@H]2O,False,C11H13N5O6,311.0866,22
CC(O)Nc1nc2c(nc3n2[C@@]2(C)O[C@H](CO)[C@@H](O3)[C@H]2O)c(=O)[nH]1,False,C13H17N5O6,339.1179,24
CC(O)Nc1nc2c(nc3n2[C@@H]2O[C@H](CO)[C@@H](O3)[C@]2(C)O)c(=O)[nH]1,False,C13H17N5O6,339.1179,24
CC(O)Nc1nc2c(nc3n2[C@@H]2O[C@H](CO)[C@](C)(O3)[C@H]2O)c(=O)[nH]1,False,C13H17N5O6,339.1179,24
CC(O)Nc1nc2c(nc3n2[C@@H]2O[C@@](C)(CO)[C@@H](O3)[C@H]2O)c(=O)[nH]1,False,C13H17N5O6,339.1179,24
CC(O)Nc1nc2c(nc3n2[C@@H]2O[C@H](C(C)O)[C@@H](O3)[C@H]2O)c(=O)[nH]1,False,C13H17N5O6,339.1179,24
O=CNc1nc2c(nc3n2[C@@H]2O[C@H](CO3)[C@@H](O)[C@H]2O)c(=O)[nH]1,False,C11H11N5O6,309.0709,22
Nc1nc2c(nc3n2[C@@H]2O[C@H](CO3)[C@@H](O)[C@H]2O)c(=O)[nH]1,False,C10H11N5O5,281.076,20
CC(=O)Nc1nc2c(nc3n2[C@@H]2O[C@H](CO3)[C@@H](O)[C@H]2O)c(=O)[nH]1,False,C12H13N5O6,323.0866,23
COC(C)Nc1nc2c(nc3n2[C@@H]2O[C@H](CO3)[C@@H](O)[C@H]2O)c(=O)[nH]1,False,C13H17N5O6,339.1179,24
CC(O)N(C)c1nc2c(nc3n2[C@@H]2O[C@H](CO3)[C@@H](O)[C@H]2O)c(=O)[nH]1,False,C13H17N5O6,339.1179,24
CC(C)(O)Nc1nc2c(nc3n2[C@@H]2O[C@H](CO3)[C@@H](O)[C@H]2O)c(=O)[nH]1,False,C13H17N5O6,339.1179,24
CCC(O)Nc1nc2c(nc3n2[C@@H]2O[C@H](CO3)[C@@H](O)[C@H]2O)c(=O)[nH]1,False,C13H17N5O6,339.1179,24
CC(=O)N(c1nc2c(nc3n2[C@@H]2O[C@H](CO3)[C@@H](O)[C@H]2O)c(=O)[nH]1)C(C)O,False,C14H17N5O7,367.1128,26
CC(=O)OC(C)Nc1nc2c(nc3n2[C@@H]2O[C@H](CO3)[C@@H](O)[C@H]2O)c(=O)[nH]1,False,C14H17N5O7,367.1128,26
CC(=O)O[C@@H]1[C@H](O)[C@H]2COc3nc4c(=O)[nH]c(NC(C)O)nc4n3[C@@H]1O2,False,C14H17N5O7,367.1128,26
CC(=O)O[C@H]1[C@@H](O)[C@H]2O[C@@H]1COc1nc3c(=O)[nH]c(NC(C)O)nc3n12,False,C14H17N5O7,367.1128,26
CC(O)(Nc1nc2c(nc3n2[C@@H]2O[C@H](CO3)[C@@H](O)[C@H]2O)c(=O)[nH]1)C(=O)O,False,C13H15N5O8,369.0921,26
O=C(O)CC(O)Nc1nc2c(nc3n2[C@@H]2O[C@H](CO3)[C@@H](O)[C@H]2O)c(=O)[nH]1,False,C13H15N5O8,369.0921,26
CC(Cl)Nc1nc2c(nc3n2[C@@H]2O[C@H](CO3)[C@@H](O)[C@H]2O)c(=O)[nH]1,False,C12H14ClN5O5,343.0683,23
CC(O)N(C(N)=O)c1nc2c(nc3n2[C@@H]2O[C@H](CO3)[C@@H](O)[C@H]2O)c(=O)[nH]1,False,C13H16N6O7,368.108,26
CC(O)(O)Nc1nc2c(nc3n2[C@@H]2O[C@H](CO3)[C@@H](O)[C@H]2O)c(=O)[nH]1,False,C12H15N5O7,341.0971,24
O=c1[nH]c(NC(O)CO)nc2c1nc1n2[C@@H]2O[C@H](CO1)[C@@H](O)[C@H]2O,False,C12H15N5O7,341.0971,24
CCNc1nc2c(nc3n2[C@@H]2O[C@H](CO3)[C@@H](O)[C@H]2O)c(=O)[nH]1,False,C12H15N5O5,309.1073,22
CC(O)OC(C)Nc1nc2c(nc3n2[C@@H]2O[C@H](CO3)[C@@H](O)[C@H]2O)c(=O)[nH]1,False,C14H19N5O7,369.1284,26
O=c1[nH]c(NCO)nc2c1nc1n2[C@@H]2O[C@H](CO1)[C@@H](O)[C@H]2O,False,C11H13N5O6,311.0866,22
CC(O)Nc1nc2c(nc3n2[C@@]2(C)O[C@H](CO3)[C@@H](O)[C@H]2O)c(=O)[nH]1,False,C13H17N5O6,339.1179,24
CC(O)Nc1nc2c(nc3n2[C@@H]2O[C@H](CO3)[C@@H](O)[C@]2(C)O)c(=O)[nH]1,False,C13H17N5O6,339.1179,24
CC(O)Nc1nc2c(nc3n2[C@@H]2O[C@H](CO3)[C@](C)(O)[C@H]2O)c(=O)[nH]1,False,C13H17N5O6,339.1179,24
CC(O)Nc1nc2c(nc3n2[C@@H]2O[C@@](C)(CO3)[C@@H](O)[C@H]2O)c(=O)[nH]1,False,C13H17N5O6,339.1179,24
CC(O)Nc1nc2c(nc3n2[C@@H]2O[C@H](C(C)O3)[C@@H](O)[C@H]2O)c(=O)[nH]1,False,C13H17N5O6,339.1179,24
CC(O)(CO)Nc1nc2c(ncn2[C@@H]2OC[C@H]3O[C@]32O)c(=O)[nH]1,False,C12H15N5O6,325.1022,23
CC(O)Nc1nc2c(ncn2[C@@H]2OC[C@]3(CO)O[C@@]23O)c(=O)[nH]1,False,C12H15N5O6,325.1022,23
CC(O)Nc1nc2c(nc(CO)n2[C@@H]2OC[C@H]3O[C@]32O)c(=O)[nH]1,False,C12H15N5O6,325.1022,23
O=c1[nH]c(NC(O)CCO)nc2c1ncn2[C@@H]1OC[C@H]2O[C@]21O,False,C12H15N5O6,325.1022,23
O=CNc1nc2c(ncn2[C@@H]2O[C@H](CO)[C@H]3O[C@]32O)c(=O)[nH]1,False,C11H11N5O6,309.0709,22
CCNc1nc2c(ncn2[C@@H]2O[C@H](C=O)[C@H]3O[C@]32O)c(=O)[nH]1,False,C12H13N5O5,307.0917,22
COC(C)Nc1nc2c(ncn2[C@@H]2O[C@H](CO)[C@H]3O[C@]32O)c(=O)[nH]1,False,C13H17N5O6,339.1179,24
CC(O)N(C)c1nc2c(ncn2[C@@H]2O[C@H](CO)[C@H]3O[C@]32O)c(=O)[nH]1,False,C13H17N5O6,339.1179,24
CC(C)(O)Nc1nc2c(ncn2[C@@H]2O[C@H](CO)[C@H]3O[C@]32O)c(=O)[nH]1,False,C13H17N5O6,339.1179,24
CCC(O)Nc1nc2c(ncn2[C@@H]2O[C@H](CO)[C@H]3O[C@]32O)c(=O)[nH]1,False,C13H17N5O6,339.1179,24
CC(=O)N(c1nc2c(ncn2[C@@H]2O[C@H](CO)[C@H]3O[C@]32O)c(=O)[nH]1)C(C)O,False,C14H17N5O7,367.1128,26
CC(=O)OC(C)Nc1nc2c(ncn2[C@@H]2O[C@H](CO)[C@H]3O[C@]32O)c(=O)[nH]1,False,C14H17N5O7,367.1128,26
CC(=O)OC[C@H]1O[C@@H](n2cnc3c(=O)[nH]c(NC(C)O)nc32)[C@]2(O)O[C@H]12,False,C14H17N5O7,367.1128,26
CC(=O)O[C@@]12O[C@@H]1[C@@H](CO)O[C@H]2n1cnc2c(=O)[nH]c(NC(C)O)nc21,False,C14H17N5O7,367.1128,26
CC(O)(Nc1nc2c(ncn2[C@@H]2O[C@H](CO)[C@H]3O[C@]32O)c(=O)[nH]1)C(=O)O,False,C13H15N5O8,369.0921,26
O=C(O)CC(O)Nc1nc2c(ncn2[C@@H]2O[C@H](CO)[C@H]3O[C@]32O)c(=O)[nH]1,False,C13H15N5O8,369.0921,26
CC(Cl)Nc1nc2c(ncn2[C@@H]2O[C@H](CO)[C@H]3O[C@]32O)c(=O)[nH]1,False,C12H14ClN5O5,343.0683,23
CC(O)N(C(N)=O)c1nc2c(ncn2[C@@H]2O[C@H](CO)[C@H]3O[C@]32O)c(=O)[nH]1,False,C13H16N6O7,368.108,26
CC(O)(O)Nc1nc2c(ncn2[C@@H]2O[C@H](CO)[C@H]3O[C@]32O)c(=O)[nH]1,False,C12H15N5O7,341.0971,24
O=c1[nH]c(NC(O)CO)nc2c1ncn2[C@@H]1O[C@H](CO)[C@H]2O[C@]21O,False,C12H15N5O7,341.0971,24
CC(O)Nc1nc2c(ncn2[C@@H]2O[C@H](CO)[C@@H](O)C2(O)O)c(=O)[nH]1,False,C12H17N5O7,343.1128,24
CCNc1nc2c(ncn2[C@@H]2O[C@H](CO)[C@H]3O[C@]32O)c(=O)[nH]1,False,C12H15N5O5,309.1073,22
CC(O)Nc1nc2c(ncn2[C@@H]2O[C@H](C)[C@H]3O[C@]32O)c(=O)[nH]1,False,C12H15N5O5,309.1073,22
CC(O)Nc1nc2c(ncn2[C@@H]2O[C@H](C(=O)O)[C@H]3O[C@]32O)c(=O)[nH]1,False,C12H13N5O7,339.0815,24
CC(O)OC(C)Nc1nc2c(ncn2[C@@H]2O[C@H](CO)[C@H]3O[C@]32O)c(=O)[nH]1,False,C14H19N5O7,369.1284,26
O=c1[nH]c(NCO)nc2c1ncn2[C@@H]1O[C@H](CO)[C@H]2O[C@]21O,False,C11H13N5O6,311.0866,22
CC(O)Nc1nc2c(ncn2[C@@]2(C)O[C@H](CO)[C@H]3O[C@]32O)c(=O)[nH]1,False,C13H17N5O6,339.1179,24
CC(O)Nc1nc2c(ncn2[C@@H]2O[C@H](CO)[C@]3(C)O[C@@]23O)c(=O)[nH]1,False,C13H17N5O6,339.1179,24
CC(O)Nc1nc2c(ncn2[C@@H]2O[C@@](C)(CO)[C@H]3O[C@@]23O)c(=O)[nH]1,False,C13H17N5O6,339.1179,24
Cc1nc2c(=O)[nH]c(NC(C)O)nc2n1[C@@H]1O[C@H](CO)[C@H]2O[C@]21O,False,C13H17N5O6,339.1179,24
CC(O)Nc1nc2c(ncn2[C@@H]2O[C@H](C(C)O)[C@H]3O[C@]32O)c(=O)[nH]1,False,C13H17N5O6,339.1179,24
O=CNc1nc2c(ncn2[C@@H]2O[C@@H]3CO[C@]2(O)[C@@H]3O)c(=O)[nH]1,False,C11H11N5O6,309.0709,22
Nc1nc2c(ncn2[C@@H]2O[C@@H]3CO[C@]2(O)[C@@H]3O)c(=O)[nH]1,False,C10H11N5O5,281.076,20
CC(=O)Nc1nc2c(ncn2[C@@H]2O[C@@H]3CO[C@]2(O)[C@@H]3O)c(=O)[nH]1,False,C12H13N5O6,323.0866,23
COC(C)Nc1nc2c(ncn2[C@@H]2O[C@@H]3CO[C@]2(O)[C@@H]3O)c(=O)[nH]1,False,C13H17N5O6,339.1179,24
CC(O)N(C)c1nc2c(ncn2[C@@H]2O[C@@H]3CO[C@]2(O)[C@@H]3O)c(=O)[nH]1,False,C13H17N5O6,339.1179,24
CC(C)(O)Nc1nc2c(ncn2[C@@H]2O[C@@H]3CO[C@]2(O)[C@@H]3O)c(=O)[nH]1,False,C13H17N5O6,339.1179,24
CCC(O)Nc1nc2c(ncn2[C@@H]2O[C@@H]3CO[C@]2(O)[C@@H]3O)c(=O)[nH]1,False,C13H17N5O6,339.1179,24
CC(=O)N(c1nc2c(ncn2[C@@H]2O[C@@H]3CO[C@]2(O)[C@@H]3O)c(=O)[nH]1)C(C)O,False,C14H17N5O7,367.1128,26
CC(=O)OC(C)Nc1nc2c(ncn2[C@@H]2O[C@@H]3CO[C@]2(O)[C@@H]3O)c(=O)[nH]1,False,C14H17N5O7,367.1128,26
CC(=O)O[C@]12OC[C@@H](O[C@H]1n1cnc3c(=O)[nH]c(NC(C)O)nc31)[C@H]2O,False,C14H17N5O7,367.1128,26
CC(=O)O[C@@H]1[C@H]2CO[C@@]1(O)[C@H](n1cnc3c(=O)[nH]c(NC(C)O)nc31)O2,False,C14H17N5O7,367.1128,26
CC(O)(Nc1nc2c(ncn2[C@@H]2O[C@@H]3CO[C@]2(O)[C@@H]3O)c(=O)[nH]1)C(=O)O,False,C13H15N5O8,369.0921,26
O=C(O)CC(O)Nc1nc2c(ncn2[C@@H]2O[C@@H]3CO[C@]2(O)[C@@H]3O)c(=O)[nH]1,False,C13H15N5O8,369.0921,26
CC(Cl)Nc1nc2c(ncn2[C@@H]2O[C@@H]3CO[C@]2(O)[C@@H]3O)c(=O)[nH]1,False,C12H14ClN5O5,343.0683,23
CC(O)N(C(N)=O)c1nc2c(ncn2[C@@H]2O[C@@H]3CO[C@]2(O)[C@@H]3O)c(=O)[nH]1,False,C13H16N6O7,368.108,26
CC(O)(O)Nc1nc2c(ncn2[C@@H]2O[C@@H]3CO[C@]2(O)[C@@H]3O)c(=O)[nH]1,False,C12H15N5O7,341.0971,24
O=c1[nH]c(NC(O)CO)nc2c1ncn2[C@@H]1O[C@@H]2CO[C@]1(O)[C@@H]2O,False,C12H15N5O7,341.0971,24
CCNc1nc2c(ncn2[C@@H]2O[C@@H]3CO[C@]2(O)[C@@H]3O)c(=O)[nH]1,False,C12H15N5O5,309.1073,22
CC(O)OC(C)Nc1nc2c(ncn2[C@@H]2O[C@@H]3CO[C@]2(O)[C@@H]3O)c(=O)[nH]1,False,C14H19N5O7,369.1284,26
O=c1[nH]c(NCO)nc2c1ncn2[C@@H]1O[C@@H]2CO[C@]1(O)[C@@H]2O,False,C11H13N5O6,311.0866,22
CC(O)Nc1nc2c(ncn2[C@@]2(C)O[C@@H]3CO[C@]2(O)[C@@H]3O)c(=O)[nH]1,False,C13H17N5O6,339.1179,24
CC(O)Nc1nc2c(ncn2[C@@H]2O[C@@H]3CO[C@]2(O)[C@@]3(C)O)c(=O)[nH]1,False,C13H17N5O6,339.1179,24
CC(O)Nc1nc2c(ncn2[C@@H]2O[C@@]3(C)CO[C@]2(O)[C@@H]3O)c(=O)[nH]1,False,C13H17N5O6,339.1179,24
Cc1nc2c(=O)[nH]c(NC(C)O)nc2n1[C@@H]1O[C@@H]2CO[C@]1(O)[C@@H]2O,False,C13H17N5O6,339.1179,24
CC(O)Nc1nc2c(ncn2[C@@H]2O[C@@H]3C(C)O[C@]2(O)[C@@H]3O)c(=O)[nH]1,False,C13H17N5O6,339.1179,24
CC(O)(CO)Nc1nc2c(ncn2[C@@H]2OC[C@@]3(O)O[C@@H]23)c(=O)[nH]1,False,C12H15N5O6,325.1022,23
CC(O)Nc1nc2c(ncn2[C@@H]2OC[C@@]3(O)O[C@]23CO)c(=O)[nH]1,False,C12H15N5O6,325.1022,23
CC(O)Nc1nc2c(nc(CO)n2[C@@H]2OC[C@@]3(O)O[C@@H]23)c(=O)[nH]1,False,C12H15N5O6,325.1022,23
O=c1[nH]c(NC(O)CCO)nc2c1ncn2[C@@H]1OC[C@@]2(O)O[C@@H]12,False,C12H15N5O6,325.1022,23
O=CNc1nc2c(ncn2[C@@H]2O[C@H](CO)[C@@]3(O)O[C@@H]23)c(=O)[nH]1,False,C11H11N5O6,309.0709,22
CCNc1nc2c(ncn2[C@@H]2O[C@H](C=O)[C@@]3(O)O[C@@H]23)c(=O)[nH]1,False,C12H13N5O5,307.0917,22
COC(C)Nc1nc2c(ncn2[C@@H]2O[C@H](CO)[C@@]3(O)O[C@@H]23)c(=O)[nH]1,False,C13H17N5O6,339.1179,24
CC(O)N(C)c1nc2c(ncn2[C@@H]2O[C@H](CO)[C@@]3(O)O[C@@H]23)c(=O)[nH]1,False,C13H17N5O6,339.1179,24
CC(C)(O)Nc1nc2c(ncn2[C@@H]2O[C@H](CO)[C@@]3(O)O[C@@H]23)c(=O)[nH]1,False,C13H17N5O6,339.1179,24
CCC(O)Nc1nc2c(ncn2[C@@H]2O[C@H](CO)[C@@]3(O)O[C@@H]23)c(=O)[nH]1,False,C13H17N5O6,339.1179,24
CC(=O)N(c1nc2c(ncn2[C@@H]2O[C@H](CO)[C@@]3(O)O[C@@H]23)c(=O)[nH]1)C(C)O,False,C14H17N5O7,367.1128,26
CC(=O)OC(C)Nc1nc2c(ncn2[C@@H]2O[C@H](CO)[C@@]3(O)O[C@@H]23)c(=O)[nH]1,False,C14H17N5O7,367.1128,26
CC(=O)OC[C@H]1O[C@@H](n2cnc3c(=O)[nH]c(NC(C)O)nc32)[C@@H]2O[C@]12O,False,C14H17N5O7,367.1128,26
CC(=O)O[C@]12O[C@H]1[C@H](n1cnc3c(=O)[nH]c(NC(C)O)nc31)O[C@@H]2CO,False,C14H17N5O7,367.1128,26
CC(O)(Nc1nc2c(ncn2[C@@H]2O[C@H](CO)[C@@]3(O)O[C@@H]23)c(=O)[nH]1)C(=O)O,False,C13H15N5O8,369.0921,26
O=C(O)CC(O)Nc1nc2c(ncn2[C@@H]2O[C@H](CO)[C@@]3(O)O[C@@H]23)c(=O)[nH]1,False,C13H15N5O8,369.0921,26
CC(Cl)Nc1nc2c(ncn2[C@@H]2O[C@H](CO)[C@@]3(O)O[C@@H]23)c(=O)[nH]1,False,C12H14ClN5O5,343.0683,23
CC(O)N(C(N)=O)c1nc2c(ncn2[C@@H]2O[C@H](CO)[C@@]3(O)O[C@@H]23)c(=O)[nH]1,False,C13H16N6O7,368.108,26
CC(O)(O)Nc1nc2c(ncn2[C@@H]2O[C@H](CO)[C@@]3(O)O[C@@H]23)c(=O)[nH]1,False,C12H15N5O7,341.0971,24
O=c1[nH]c(NC(O)CO)nc2c1ncn2[C@@H]1O[C@H](CO)[C@@]2(O)O[C@@H]12,False,C12H15N5O7,341.0971,24
CC(O)Nc1nc2c(ncn2[C@@H]2O[C@H](CO)C(O)(O)[C@H]2O)c(=O)[nH]1,False,C12H17N5O7,343.1128,24
CCNc1nc2c(ncn2[C@@H]2O[C@H](CO)[C@@]3(O)O[C@@H]23)c(=O)[nH]1,False,C12H15N5O5,309.1073,22
CC(O)Nc1nc2c(ncn2[C@@H]2O[C@H](C)[C@@]3(O)O[C@@H]23)c(=O)[nH]1,False,C12H15N5O5,309.1073,22
CC(O)Nc1nc2c(ncn2[C@@H]2O[C@H](C(=O)O)[C@@]3(O)O[C@@H]23)c(=O)[nH]1,False,C12H13N5O7,339.0815,24
CC(O)OC(C)Nc1nc2c(ncn2[C@@H]2O[C@H](CO)[C@@]3(O)O[C@@H]23)c(=O)[nH]1,False,C14H19N5O7,369.1284,26
O=c1[nH]c(NCO)nc2c1ncn2[C@@H]1O[C@H](CO)[C@@]2(O)O[C@@H]12,False,C11H13N5O6,311.0866,22
CC(O)Nc1nc2c(ncn2[C@@H]2O[C@H](CO)[C@@]3(O)O[C@]23C)c(=O)[nH]1,False,C13H17N5O6,339.1179,24
CC(O)Nc1nc2c(ncn2[C@@H]2O[C@@](C)(CO)[C@@]3(O)O[C@@H]23)c(=O)[nH]1,False,C13H17N5O6,339.1179,24
CC(O)Nc1nc2c(ncn2[C@@]2(C)O[C@H](CO)[C@@]3(O)O[C@H]32)c(=O)[nH]1,False,C13H17N5O6,339.1179,24
CC(O)Nc1nc2c(ncn2[C@@H]2O[C@H](C(C)O)[C@@]3(O)O[C@@H]23)c(=O)[nH]1,False,C13H17N5O6,339.1179,24
Cc1nc2c(=O)[nH]c(NC(C)O)nc2n1[C@@H]1O[C@H](CO)[C@@]2(O)O[C@@H]12,False,C13H17N5O6,339.1179,24
O=CNc1nc2c(ncn2[C@@H]2O[C@@H]3CO[C@@]3(O)[C@H]2O)c(=O)[nH]1,False,C11H11N5O6,309.0709,22
Nc1nc2c(ncn2[C@@H]2O[C@@H]3CO[C@@]3(O)[C@H]2O)c(=O)[nH]1,False,C10H11N5O5,281.076,20
CC(=O)Nc1nc2c(ncn2[C@@H]2O[C@@H]3CO[C@@]3(O)[C@H]2O)c(=O)[nH]1,False,C12H13N5O6,323.0866,23
COC(C)Nc1nc2c(ncn2[C@@H]2O[C@@H]3CO[C@@]3(O)[C@H]2O)c(=O)[nH]1,False,C13H17N5O6,339.1179,24
CC(O)N(C)c1nc2c(ncn2[C@@H]2O[C@@H]3CO[C@@]3(O)[C@H]2O)c(=O)[nH]1,False,C13H17N5O6,339.1179,24
CC(C)(O)Nc1nc2c(ncn2[C@@H]2O[C@@H]3CO[C@@]3(O)[C@H]2O)c(=O)[nH]1,False,C13H17N5O6,339.1179,24
CCC(O)Nc1nc2c(ncn2[C@@H]2O[C@@H]3CO[C@@]3(O)[C@H]2O)c(=O)[nH]1,False,C13H17N5O6,339.1179,24
CC(=O)N(c1nc2c(ncn2[C@@H]2O[C@@H]3CO[C@@]3(O)[C@H]2O)c(=O)[nH]1)C(C)O,False,C14H17N5O7,367.1128,26
CC(=O)OC(C)Nc1nc2c(ncn2[C@@H]2O[C@@H]3CO[C@@]3(O)[C@H]2O)c(=O)[nH]1,False,C14H17N5O7,367.1128,26
CC(=O)O[C@@]12OC[C@H]1O[C@@H](n1cnc3c(=O)[nH]c(NC(C)O)nc31)[C@@H]2O,False,C14H17N5O7,367.1128,26
CC(=O)O[C@H]1[C@H](n2cnc3c(=O)[nH]c(NC(C)O)nc32)O[C@@H]2CO[C@]21O,False,C14H17N5O7,367.1128,26
CC(O)(Nc1nc2c(ncn2[C@@H]2O[C@@H]3CO[C@@]3(O)[C@H]2O)c(=O)[nH]1)C(=O)O,False,C13H15N5O8,369.0921,26
O=C(O)CC(O)Nc1nc2c(ncn2[C@@H]2O[C@@H]3CO[C@@]3(O)[C@H]2O)c(=O)[nH]1,False,C13H15N5O8,369.0921,26
CC(Cl)Nc1nc2c(ncn2[C@@H]2O[C@@H]3CO[C@@]3(O)[C@H]2O)c(=O)[nH]1,False,C12H14ClN5O5,343.0683,23
CC(O)N(C(N)=O)c1nc2c(ncn2[C@@H]2O[C@@H]3CO[C@@]3(O)[C@H]2O)c(=O)[nH]1,False,C13H16N6O7,368.108,26
CC(O)(O)Nc1nc2c(ncn2[C@@H]2O[C@@H]3CO[C@@]3(O)[C@H]2O)c(=O)[nH]1,False,C12H15N5O7,341.0971,24
O=c1[nH]c(NC(O)CO)nc2c1ncn2[C@@H]1O[C@@H]2CO[C@@]2(O)[C@H]1O,False,C12H15N5O7,341.0971,24
CCNc1nc2c(ncn2[C@@H]2O[C@@H]3CO[C@@]3(O)[C@H]2O)c(=O)[nH]1,False,C12H15N5O5,309.1073,22
CC(O)OC(C)Nc1nc2c(ncn2[C@@H]2O[C@@H]3CO[C@@]3(O)[C@H]2O)c(=O)[nH]1,False,C14H19N5O7,369.1284,26
O=c1[nH]c(NCO)nc2c1ncn2[C@@H]1O[C@@H]2CO[C@@]2(O)[C@H]1O,False,C11H13N5O6,311.0866,22
CC(O)Nc1nc2c(ncn2[C@@H]2O[C@@H]3CO[C@@]3(O)[C@]2(C)O)c(=O)[nH]1,False,C13H17N5O6,339.1179,24
CC(O)Nc1nc2c(ncn2[C@@H]2O[C@@]3(C)CO[C@@]3(O)[C@H]2O)c(=O)[nH]1,False,C13H17N5O6,339.1179,24
CC(O)Nc1nc2c(ncn2[C@@]2(C)O[C@@H]3CO[C@@]3(O)[C@H]2O)c(=O)[nH]1,False,C13H17N5O6,339.1179,24
CC(O)Nc1nc2c(ncn2[C@@H]2O[C@@H]3C(C)O[C@@]3(O)[C@H]2O)c(=O)[nH]1,False,C13H17N5O6,339.1179,24
Cc1nc2c(=O)[nH]c(NC(C)O)nc2n1[C@@H]1O[C@@H]2CO[C@@]2(O)[C@H]1O,False,C13H17N5O6,339.1179,24
CC(O)(CO)Nc1nc2c(ncn2[C@@H]2O[C@@H]3O[C@@H]2[C@@H]3O)c(=O)[nH]1,False,C12H15N5O6,325.1022,23
CC(O)Nc1nc2c(ncn2[C@@H]2O[C@@H]3O[C@@H]2[C@]3(O)CO)c(=O)[nH]1,False,C12H15N5O6,325.1022,23
CC(O)Nc1nc2c(ncn2[C@@]2(CO)O[C@@H]3O[C@@H]2[C@@H]3O)c(=O)[nH]1,False,C12H15N5O6,325.1022,23
CC(O)Nc1nc2c(ncn2[C@@H]2O[C@@H]3O[C@@]2(CO)[C@@H]3O)c(=O)[nH]1,False,C12H15N5O6,325.1022,23
CC(O)Nc1nc2c(nc(CO)n2[C@@H]2O[C@@H]3O[C@@H]2[C@@H]3O)c(=O)[nH]1,False,C12H15N5O6,325.1022,23
O=c1[nH]c(NC(O)CCO)nc2c1ncn2[C@@H]1O[C@@H]2O[C@@H]1[C@@H]2O,False,C12H15N5O6,325.1022,23
O=CNc1nc2c(ncn2[C@@H]2O[C@]3(CO)O[C@@H]2[C@@H]3O)c(=O)[nH]1,False,C11H11N5O6,309.0709,22
CCNc1nc2c(ncn2[C@@H]2O[C@]3(C=O)O[C@@H]2[C@@H]3O)c(=O)[nH]1,False,C12H13N5O5,307.0917,22
COC(C)Nc1nc2c(ncn2[C@@H]2O[C@]3(CO)O[C@@H]2[C@@H]3O)c(=O)[nH]1,False,C13H17N5O6,339.1179,24
CC(O)N(C)c1nc2c(ncn2[C@@H]2O[C@]3(CO)O[C@@H]2[C@@H]3O)c(=O)[nH]1,False,C13H17N5O6,339.1179,24
CC(C)(O)Nc1nc2c(ncn2[C@@H]2O[C@]3(CO)O[C@@H]2[C@@H]3O)c(=O)[nH]1,False,C13H17N5O6,339.1179,24
CCC(O)Nc1nc2c(ncn2[C@@H]2O[C@]3(CO)O[C@@H]2[C@@H]3O)c(=O)[nH]1,False,C13H17N5O6,339.1179,24
CC(=O)N(c1nc2c(ncn2[C@@H]2O[C@]3(CO)O[C@@H]2[C@@H]3O)c(=O)[nH]1)C(C)O,False,C14H17N5O7,367.1128,26
CC(=O)OC(C)Nc1nc2c(ncn2[C@@H]2O[C@]3(CO)O[C@@H]2[C@@H]3O)c(=O)[nH]1,False,C14H17N5O7,367.1128,26
CC(=O)OC[C@]12O[C@@H]([C@H](n3cnc4c(=O)[nH]c(NC(C)O)nc43)O1)[C@@H]2O,False,C14H17N5O7,367.1128,26
CC(=O)O[C@H]1[C@H]2O[C@@]1(CO)O[C@H]2n1cnc2c(=O)[nH]c(NC(C)O)nc21,False,C14H17N5O7,367.1128,26
CC(O)(Nc1nc2c(ncn2[C@@H]2O[C@]3(CO)O[C@@H]2[C@@H]3O)c(=O)[nH]1)C(=O)O,False,C13H15N5O8,369.0921,26
O=C(O)CC(O)Nc1nc2c(ncn2[C@@H]2O[C@]3(CO)O[C@@H]2[C@@H]3O)c(=O)[nH]1,False,C13H15N5O8,369.0921,26
CC(Cl)Nc1nc2c(ncn2[C@@H]2O[C@]3(CO)O[C@@H]2[C@@H]3O)c(=O)[nH]1,False,C12H14ClN5O5,343.0683,23
CC(O)N(C(N)=O)c1nc2c(ncn2[C@@H]2O[C@]3(CO)O[C@@H]2[C@@H]3O)c(=O)[nH]1,False,C13H16N6O7,368.108,26
CC(O)(O)Nc1nc2c(ncn2[C@@H]2O[C@]3(CO)O[C@@H]2[C@@H]3O)c(=O)[nH]1,False,C12H15N5O7,341.0971,24
O=c1[nH]c(NC(O)CO)nc2c1ncn2[C@@H]1O[C@]2(CO)O[C@@H]1[C@@H]2O,False,C12H15N5O7,341.0971,24
CCNc1nc2c(ncn2[C@@H]2O[C@]3(CO)O[C@@H]2[C@@H]3O)c(=O)[nH]1,False,C12H15N5O5,309.1073,22
CC(O)Nc1nc2c(ncn2[C@@H]2O[C@]3(C)O[C@@H]2[C@@H]3O)c(=O)[nH]1,False,C12H15N5O5,309.1073,22
CC(O)Nc1nc2c(ncn2[C@@H]2O[C@]3(C(=O)O)O[C@@H]2[C@@H]3O)c(=O)[nH]1,False,C12H13N5O7,339.0815,24
CC(O)OC(C)Nc1nc2c(ncn2[C@@H]2O[C@]3(CO)O[C@@H]2[C@@H]3O)c(=O)[nH]1,False,C14H19N5O7,369.1284,26
O=c1[nH]c(NCO)nc2c1ncn2[C@@H]1O[C@]2(CO)O[C@@H]1[C@@H]2O,False,C11H13N5O6,311.0866,22
CC(O)Nc1nc2c(ncn2[C@@H]2O[C@]3(CO)O[C@@H]2[C@@]3(C)O)c(=O)[nH]1,False,C13H17N5O6,339.1179,24
CC(O)Nc1nc2c(ncn2[C@@H]2O[C@]3(C(C)O)O[C@@H]2[C@@H]3O)c(=O)[nH]1,False,C13H17N5O6,339.1179,24
CC(O)Nc1nc2c(ncn2[C@@]2(C)O[C@]3(CO)O[C@@H]2[C@@H]3O)c(=O)[nH]1,False,C13H17N5O6,339.1179,24
CC(O)Nc1nc2c(ncn2[C@@H]2O[C@]3(CO)O[C@@]2(C)[C@@H]3O)c(=O)[nH]1,False,C13H17N5O6,339.1179,24
Cc1nc2c(=O)[nH]c(NC(C)O)nc2n1[C@@H]1O[C@]2(CO)O[C@@H]1[C@@H]2O,False,C13H17N5O6,339.1179,24
CC(O)(CO)Nc1nc2c(ncn2[C@@H]2O[C@@H]3O[C@H]3[C@H]2O)c(=O)[nH]1,False,C12H15N5O6,325.1022,23
CC(O)Nc1nc2c(ncn2[C@@H]2O[C@@H]3O[C@]3(CO)[C@H]2O)c(=O)[nH]1,False,C12H15N5O6,325.1022,23
CC(O)Nc1nc2c(ncn2[C@@]2(CO)O[C@@H]3O[C@H]3[C@H]2O)c(=O)[nH]1,False,C12H15N5O6,325.1022,23
CC(O)Nc1nc2c(ncn2[C@@H]2O[C@@H]3O[C@H]3[C@@]2(O)CO)c(=O)[nH]1,False,C12H15N5O6,325.1022,23
CC(O)Nc1nc2c(nc(CO)n2[C@@H]2O[C@@H]3O[C@H]3[C@H]2O)c(=O)[nH]1,False,C12H15N5O6,325.1022,23
O=c1[nH]c(NC(O)CCO)nc2c1ncn2[C@@H]1O[C@@H]2O[C@H]2[C@H]1O,False,C12H15N5O6,325.1022,23
O=CNc1nc2c(ncn2[C@@H]2O[C@]3(CO)O[C@H]3[C@H]2O)c(=O)[nH]1,False,C11H11N5O6,309.0709,22
CCNc1nc2c(ncn2[C@@H]2O[C@]3(C=O)O[C@H]3[C@H]2O)c(=O)[nH]1,False,C12H13N5O5,307.0917,22
COC(C)Nc1nc2c(ncn2[C@@H]2O[C@]3(CO)O[C@H]3[C@H]2O)c(=O)[nH]1,False,C13H17N5O6,339.1179,24
CC(O)N(C)c1nc2c(ncn2[C@@H]2O[C@]3(CO)O[C@H]3[C@H]2O)c(=O)[nH]1,False,C13H17N5O6,339.1179,24
CC(C)(O)Nc1nc2c(ncn2[C@@H]2O[C@]3(CO)O[C@H]3[C@H]2O)c(=O)[nH]1,False,C13H17N5O6,339.1179,24
CCC(O)Nc1nc2c(ncn2[C@@H]2O[C@]3(CO)O[C@H]3[C@H]2O)c(=O)[nH]1,False,C13H17N5O6,339.1179,24
CC(=O)N(c1nc2c(ncn2[C@@H]2O[C@]3(CO)O[C@H]3[C@H]2O)c(=O)[nH]1)C(C)O,False,C14H17N5O7,367.1128,26
CC(=O)OC(C)Nc1nc2c(ncn2[C@@H]2O[C@]3(CO)O[C@H]3[C@H]2O)c(=O)[nH]1,False,C14H17N5O7,367.1128,26
CC(=O)OC[C@]12O[C@@H](n3cnc4c(=O)[nH]c(NC(C)O)nc43)[C@H](O)[C@@H]1O2,False,C14H17N5O7,367.1128,26
CC(=O)O[C@H]1[C@H](n2cnc3c(=O)[nH]c(NC(C)O)nc32)O[C@]2(CO)O[C@@H]12,False,C14H17N5O7,367.1128,26
CC(O)(Nc1nc2c(ncn2[C@@H]2O[C@]3(CO)O[C@H]3[C@H]2O)c(=O)[nH]1)C(=O)O,False,C13H15N5O8,369.0921,26
O=C(O)CC(O)Nc1nc2c(ncn2[C@@H]2O[C@]3(CO)O[C@H]3[C@H]2O)c(=O)[nH]1,False,C13H15N5O8,369.0921,26
CC(Cl)Nc1nc2c(ncn2[C@@H]2O[C@]3(CO)O[C@H]3[C@H]2O)c(=O)[nH]1,False,C12H14ClN5O5,343.0683,23
CC(O)N(C(N)=O)c1nc2c(ncn2[C@@H]2O[C@]3(CO)O[C@H]3[C@H]2O)c(=O)[nH]1,False,C13H16N6O7,368.108,26
CC(O)(O)Nc1nc2c(ncn2[C@@H]2O[C@]3(CO)O[C@H]3[C@H]2O)c(=O)[nH]1,False,C12H15N5O7,341.0971,24
O=c1[nH]c(NC(O)CO)nc2c1ncn2[C@@H]1O[C@]2(CO)O[C@H]2[C@H]1O,False,C12H15N5O7,341.0971,24
CC(O)Nc1nc2c(ncn2[C@@H]2O[C@@](O)(CO)[C@@H](O)[C@H]2O)c(=O)[nH]1,False,C12H17N5O7,343.1128,24
CCNc1nc2c(ncn2[C@@H]2O[C@]3(CO)O[C@H]3[C@H]2O)c(=O)[nH]1,False,C12H15N5O5,309.1073,22
CC(O)Nc1nc2c(ncn2[C@@H]2O[C@]3(C)O[C@H]3[C@H]2O)c(=O)[nH]1,False,C12H15N5O5,309.1073,22
CC(O)Nc1nc2c(ncn2[C@@H]2OC(CO)=C[C@H]2O)c(=O)[nH]1,False,C12H15N5O5,309.1073,22
CC(O)Nc1nc2c(ncn2[C@@H]2O[C@]3(C(=O)O)O[C@H]3[C@H]2O)c(=O)[nH]1,False,C12H13N5O7,339.0815,24
CC(O)OC(C)Nc1nc2c(ncn2[C@@H]2O[C@]3(CO)O[C@H]3[C@H]2O)c(=O)[nH]1,False,C14H19N5O7,369.1284,26
O=c1[nH]c(NCO)nc2c1ncn2[C@@H]1O[C@]2(CO)O[C@H]2[C@H]1O,False,C11H13N5O6,311.0866,22
CC(O)Nc1nc2c(ncn2[C@@H]2O[C@]3(CO)O[C@]3(C)[C@H]2O)c(=O)[nH]1,False,C13H17N5O6,339.1179,24
CC(O)Nc1nc2c(ncn2[C@@H]2O[C@]3(C(C)O)O[C@H]3[C@H]2O)c(=O)[nH]1,False,C13H17N5O6,339.1179,24
CC(O)Nc1nc2c(ncn2[C@@]2(C)O[C@]3(CO)O[C@H]3[C@H]2O)c(=O)[nH]1,False,C13H17N5O6,339.1179,24
CC(O)Nc1nc2c(ncn2[C@@H]2O[C@]3(CO)O[C@H]3[C@]2(C)O)c(=O)[nH]1,False,C13H17N5O6,339.1179,24
Cc1nc2c(=O)[nH]c(NC(C)O)nc2n1[C@@H]1O[C@]2(CO)O[C@H]2[C@H]1O,False,C13H17N5O6,339.1179,24
O=CNc1nc2c(ncn2[C@@H]2O[C@@]3(CO3)[C@@H](O)[C@H]2O)c(=O)[nH]1,False,C11H11N5O6,309.0709,22
Nc1nc2c(ncn2[C@@H]2O[C@@]3(CO3)[C@@H](O)[C@H]2O)c(=O)[nH]1,False,C10H11N5O5,281.076,20
CC(=O)Nc1nc2c(ncn2[C@@H]2O[C@@]3(CO3)[C@@H](O)[C@H]2O)c(=O)[nH]1,False,C12H13N5O6,323.0866,23
COC(C)Nc1nc2c(ncn2[C@@H]2O[C@@]3(CO3)[C@@H](O)[C@H]2O)c(=O)[nH]1,False,C13H17N5O6,339.1179,24
CC(O)N(C)c1nc2c(ncn2[C@@H]2O[C@@]3(CO3)[C@@H](O)[C@H]2O)c(=O)[nH]1,False,C13H17N5O6,339.1179,24
CC(C)(O)Nc1nc2c(ncn2[C@@H]2O[C@@]3(CO3)[C@@H](O)[C@H]2O)c(=O)[nH]1,False,C13H17N5O6,339.1179,24
CCC(O)Nc1nc2c(ncn2[C@@H]2O[C@@]3(CO3)[C@@H](O)[C@H]2O)c(=O)[nH]1,False,C13H17N5O6,339.1179,24
CC(=O)N(c1nc2c(ncn2[C@@H]2O[C@@]3(CO3)[C@@H](O)[C@H]2O)c(=O)[nH]1)C(C)O,False,C14H17N5O7,367.1128,26
CC(=O)OC(C)Nc1nc2c(ncn2[C@@H]2O[C@@]3(CO3)[C@@H](O)[C@H]2O)c(=O)[nH]1,False,C14H17N5O7,367.1128,26
CC(=O)O[C@H]1[C@@H](O)[C@H](n2cnc3c(=O)[nH]c(NC(C)O)nc32)O[C@@]12CO2,False,C14H17N5O7,367.1128,26
CC(=O)O[C@H]1[C@H](n2cnc3c(=O)[nH]c(NC(C)O)nc32)O[C@@]2(CO2)[C@H]1O,False,C14H17N5O7,367.1128,26
CC(O)(Nc1nc2c(ncn2[C@@H]2O[C@@]3(CO3)[C@@H](O)[C@H]2O)c(=O)[nH]1)C(=O)O,False,C13H15N5O8,369.0921,26
O=C(O)CC(O)Nc1nc2c(ncn2[C@@H]2O[C@@]3(CO3)[C@@H](O)[C@H]2O)c(=O)[nH]1,False,C13H15N5O8,369.0921,26
CC(Cl)Nc1nc2c(ncn2[C@@H]2O[C@@]3(CO3)[C@@H](O)[C@H]2O)c(=O)[nH]1,False,C12H14ClN5O5,343.0683,23
CC(O)N(C(N)=O)c1nc2c(ncn2[C@@H]2O[C@@]3(CO3)[C@@H](O)[C@H]2O)c(=O)[nH]1,False,C13H16N6O7,368.108,26
CC(O)(O)Nc1nc2c(ncn2[C@@H]2O[C@@]3(CO3)[C@@H](O)[C@H]2O)c(=O)[nH]1,False,C12H15N5O7,341.0971,24
O=c1[nH]c(NC(O)CO)nc2c1ncn2[C@@H]1O[C@@]2(CO2)[C@@H](O)[C@H]1O,False,C12H15N5O7,341.0971,24
CCNc1nc2c(ncn2[C@@H]2O[C@@]3(CO3)[C@@H](O)[C@H]2O)c(=O)[nH]1,False,C12H15N5O5,309.1073,22
CC(O)OC(C)Nc1nc2c(ncn2[C@@H]2O[C@@]3(CO3)[C@@H](O)[C@H]2O)c(=O)[nH]1,False,C14H19N5O7,369.1284,26
O=c1[nH]c(NCO)nc2c1ncn2[C@@H]1O[C@@]2(CO2)[C@@H](O)[C@H]1O,False,C11H13N5O6,311.0866,22
CC(O)Nc1nc2c(ncn2[C@@H]2O[C@@]3(CO3)[C@](C)(O)[C@H]2O)c(=O)[nH]1,False,C13H17N5O6,339.1179,24
CC(O)Nc1nc2c(ncn2[C@@H]2O[C@]3(OC3C)[C@@H](O)[C@H]2O)c(=O)[nH]1,False,C13H17N5O6,339.1179,24
CC(O)Nc1nc2c(ncn2[C@@]2(C)O[C@@]3(CO3)[C@@H](O)[C@H]2O)c(=O)[nH]1,False,C13H17N5O6,339.1179,24
CC(O)Nc1nc2c(ncn2[C@@H]2O[C@@]3(CO3)[C@@H](O)[C@]2(C)O)c(=O)[nH]1,False,C13H17N5O6,339.1179,24
Cc1nc2c(=O)[nH]c(NC(C)O)nc2n1[C@@H]1O[C@@]2(CO2)[C@@H](O)[C@H]1O,False,C13H17N5O6,339.1179,24
O=CNc1nc2c(ncn2[C@@H]2O[C@@H]3C(O)O[C@@H]2[C@@H]3O)c(=O)[nH]1,False,C11H11N5O6,309.0709,22
CCNc1nc2c(ncn2[C@@H]2O[C@@H]3C(=O)O[C@@H]2[C@@H]3O)c(=O)[nH]1,False,C12H13N5O5,307.0917,22
Nc1nc2c(ncn2[C@@H]2O[C@@H]3C(O)O[C@@H]2[C@@H]3O)c(=O)[nH]1,False,C10H11N5O5,281.076,20
CC(=O)Nc1nc2c(ncn2[C@@H]2O[C@@H]3C(O)O[C@@H]2[C@@H]3O)c(=O)[nH]1,False,C12H13N5O6,323.0866,23
COC(C)Nc1nc2c(ncn2[C@@H]2O[C@@H]3C(O)O[C@@H]2[C@@H]3O)c(=O)[nH]1,False,C13H17N5O6,339.1179,24
CC(O)N(C)c1nc2c(ncn2[C@@H]2O[C@@H]3C(O)O[C@@H]2[C@@H]3O)c(=O)[nH]1,False,C13H17N5O6,339.1179,24
CC(C)(O)Nc1nc2c(ncn2[C@@H]2O[C@@H]3C(O)O[C@@H]2[C@@H]3O)c(=O)[nH]1,False,C13H17N5O6,339.1179,24
CCC(O)Nc1nc2c(ncn2[C@@H]2O[C@@H]3C(O)O[C@@H]2[C@@H]3O)c(=O)[nH]1,False,C13H17N5O6,339.1179,24
CC(=O)N(c1nc2c(ncn2[C@@H]2O[C@@H]3C(O)O[C@@H]2[C@@H]3O)c(=O)[nH]1)C(C)O,False,C14H17N5O7,367.1128,26
CC(=O)OC(C)Nc1nc2c(ncn2[C@@H]2O[C@@H]3C(O)O[C@@H]2[C@@H]3O)c(=O)[nH]1,False,C14H17N5O7,367.1128,26
CC(=O)OC1O[C@@H]2[C@H](O)[C@@H]1O[C@H]2n1cnc2c(=O)[nH]c(NC(C)O)nc21,False,C14H17N5O7,367.1128,26
CC(=O)O[C@H]1[C@H]2OC(O)[C@H]1O[C@H]2n1cnc2c(=O)[nH]c(NC(C)O)nc21,False,C14H17N5O7,367.1128,26
CC(O)(Nc1nc2c(ncn2[C@@H]2O[C@@H]3C(O)O[C@@H]2[C@@H]3O)c(=O)[nH]1)C(=O)O,False,C13H15N5O8,369.0921,26
O=C(O)CC(O)Nc1nc2c(ncn2[C@@H]2O[C@@H]3C(O)O[C@@H]2[C@@H]3O)c(=O)[nH]1,False,C13H15N5O8,369.0921,26
CC(Cl)Nc1nc2c(ncn2[C@@H]2O[C@@H]3C(O)O[C@@H]2[C@@H]3O)c(=O)[nH]1,False,C12H14ClN5O5,343.0683,23
CC(O)N(C(N)=O)c1nc2c(ncn2[C@@H]2O[C@@H]3C(O)O[C@@H]2[C@@H]3O)c(=O)[nH]1,False,C13H16N6O7,368.108,26
CC(O)(O)Nc1nc2c(ncn2[C@@H]2O[C@@H]3C(O)O[C@@H]2[C@@H]3O)c(=O)[nH]1,False,C12H15N5O7,341.0971,24
O=c1[nH]c(NC(O)CO)nc2c1ncn2[C@@H]1O[C@@H]2C(O)O[C@@H]1[C@@H]2O,False,C12H15N5O7,341.0971,24
CCNc1nc2c(ncn2[C@@H]2O[C@@H]3C(O)O[C@@H]2[C@@H]3O)c(=O)[nH]1,False,C12H15N5O5,309.1073,22
CC(O)OC(C)Nc1nc2c(ncn2[C@@H]2O[C@@H]3C(O)O[C@@H]2[C@@H]3O)c(=O)[nH]1,False,C14H19N5O7,369.1284,26
O=c1[nH]c(NCO)nc2c1ncn2[C@@H]1O[C@@H]2C(O)O[C@@H]1[C@@H]2O,False,C11H13N5O6,311.0866,22
CC(O)Nc1nc2c(ncn2[C@@H]2O[C@H]3[C@@H](O)[C@H]2OC3(C)O)c(=O)[nH]1,False,C13H17N5O6,339.1179,24
CC(O)Nc1nc2c(ncn2[C@@H]2O[C@@]3(C)C(O)O[C@@H]2[C@@H]3O)c(=O)[nH]1,False,C13H17N5O6,339.1179,24
CC(O)Nc1nc2c(ncn2[C@@H]2O[C@@H]3C(O)O[C@@H]2[C@@]3(C)O)c(=O)[nH]1,False,C13H17N5O6,339.1179,24
CC(O)Nc1nc2c(ncn2[C@@]2(C)O[C@@H]3C(O)O[C@@H]2[C@@H]3O)c(=O)[nH]1,False,C13H17N5O6,339.1179,24
CC(O)Nc1nc2c(ncn2[C@@H]2O[C@@H]3C(O)O[C@@]2(C)[C@@H]3O)c(=O)[nH]1,False,C13H17N5O6,339.1179,24
Cc1nc2c(=O)[nH]c(NC(C)O)nc2n1[C@@H]1O[C@@H]2C(O)O[C@@H]1[C@@H]2O,False,C13H17N5O6,339.1179,24
O=CNc1nc2c(ncn2[C@@H]2O[C@@H]3C(O)O[C@H]3[C@H]2O)c(=O)[nH]1,False,C11H11N5O6,309.0709,22
CCNc1nc2c(ncn2[C@@H]2O[C@@H]3C(=O)O[C@H]3[C@H]2O)c(=O)[nH]1,False,C12H13N5O5,307.0917,22
Nc1nc2c(ncn2[C@@H]2O[C@@H]3C(O)O[C@H]3[C@H]2O)c(=O)[nH]1,False,C10H11N5O5,281.076,20
CC(=O)Nc1nc2c(ncn2[C@@H]2O[C@@H]3C(O)O[C@H]3[C@H]2O)c(=O)[nH]1,False,C12H13N5O6,323.0866,23
COC(C)Nc1nc2c(ncn2[C@@H]2O[C@@H]3C(O)O[C@H]3[C@H]2O)c(=O)[nH]1,False,C13H17N5O6,339.1179,24
CC(O)N(C)c1nc2c(ncn2[C@@H]2O[C@@H]3C(O)O[C@H]3[C@H]2O)c(=O)[nH]1,False,C13H17N5O6,339.1179,24
CC(C)(O)Nc1nc2c(ncn2[C@@H]2O[C@@H]3C(O)O[C@H]3[C@H]2O)c(=O)[nH]1,False,C13H17N5O6,339.1179,24
CCC(O)Nc1nc2c(ncn2[C@@H]2O[C@@H]3C(O)O[C@H]3[C@H]2O)c(=O)[nH]1,False,C13H17N5O6,339.1179,24
CC(=O)N(c1nc2c(ncn2[C@@H]2O[C@@H]3C(O)O[C@H]3[C@H]2O)c(=O)[nH]1)C(C)O,False,C14H17N5O7,367.1128,26
CC(=O)OC(C)Nc1nc2c(ncn2[C@@H]2O[C@@H]3C(O)O[C@H]3[C@H]2O)c(=O)[nH]1,False,C14H17N5O7,367.1128,26
CC(=O)OC1O[C@H]2[C@@H](O)[C@H](n3cnc4c(=O)[nH]c(NC(C)O)nc43)O[C@H]12,False,C14H17N5O7,367.1128,26
CC(=O)O[C@@H]1[C@@H]2OC(O)[C@H]2O[C@H]1n1cnc2c(=O)[nH]c(NC(C)O)nc21,False,C14H17N5O7,367.1128,26
CC(O)(Nc1nc2c(ncn2[C@@H]2O[C@@H]3C(O)O[C@H]3[C@H]2O)c(=O)[nH]1)C(=O)O,False,C13H15N5O8,369.0921,26
O=C(O)CC(O)Nc1nc2c(ncn2[C@@H]2O[C@@H]3C(O)O[C@H]3[C@H]2O)c(=O)[nH]1,False,C13H15N5O8,369.0921,26
CC(Cl)Nc1nc2c(ncn2[C@@H]2O[C@@H]3C(O)O[C@H]3[C@H]2O)c(=O)[nH]1,False,C12H14ClN5O5,343.0683,23
CC(O)N(C(N)=O)c1nc2c(ncn2[C@@H]2O[C@@H]3C(O)O[C@H]3[C@H]2O)c(=O)[nH]1,False,C13H16N6O7,368.108,26
CC(O)(O)Nc1nc2c(ncn2[C@@H]2O[C@@H]3C(O)O[C@H]3[C@H]2O)c(=O)[nH]1,False,C12H15N5O7,341.0971,24
O=c1[nH]c(NC(O)CO)nc2c1ncn2[C@@H]1O[C@@H]2C(O)O[C@H]2[C@H]1O,False,C12H15N5O7,341.0971,24
CCNc1nc2c(ncn2[C@@H]2O[C@@H]3C(O)O[C@H]3[C@H]2O)c(=O)[nH]1,False,C12H15N5O5,309.1073,22
CC(O)OC(C)Nc1nc2c(ncn2[C@@H]2O[C@@H]3C(O)O[C@H]3[C@H]2O)c(=O)[nH]1,False,C14H19N5O7,369.1284,26
O=c1[nH]c(NCO)nc2c1ncn2[C@@H]1O[C@@H]2C(O)O[C@H]2[C@H]1O,False,C11H13N5O6,311.0866,22
CC(O)Nc1nc2c(ncn2[C@@H]2O[C@H]3[C@@H](OC3(C)O)[C@H]2O)c(=O)[nH]1,False,C13H17N5O6,339.1179,24
CC(O)Nc1nc2c(ncn2[C@@H]2O[C@@]3(C)C(O)O[C@H]3[C@H]2O)c(=O)[nH]1,False,C13H17N5O6,339.1179,24
CC(O)Nc1nc2c(ncn2[C@@H]2O[C@@H]3C(O)O[C@]3(C)[C@H]2O)c(=O)[nH]1,False,C13H17N5O6,339.1179,24
CC(O)Nc1nc2c(ncn2[C@@]2(C)O[C@@H]3C(O)O[C@H]3[C@H]2O)c(=O)[nH]1,False,C13H17N5O6,339.1179,24
CC(O)Nc1nc2c(ncn2[C@@H]2O[C@@H]3C(O)O[C@H]3[C@]2(C)O)c(=O)[nH]1,False,C13H17N5O6,339.1179,24
Cc1nc2c(=O)[nH]c(NC(C)O)nc2n1[C@@H]1O[C@@H]2C(O)O[C@H]2[C@H]1O,False,C13H17N5O6,339.1179,24
C[C@]1(n2cnc3c(=O)[nH]c(NCO)nc32)O[C@H](CO)[C@@H](O)[C@H]1O,False,C12H17N5O6,327.1179,23
Cc1nc2c(=O)[nH]c(NCO)nc2n1[C@@H]1O[C@H](CO)[C@@H](O)[C@H]1O,False,C12H17N5O6,327.1179,23
C[C@]1(O)[C@H](O)[C@@H](CO)O[C@H]1n1cnc2c(=O)[nH]c(NCO)nc21,False,C12H17N5O6,327.1179,23
C[C@]1(O)[C@@H](CO)O[C@@H](n2cnc3c(=O)[nH]c(NCO)nc32)[C@@H]1O,False,C12H17N5O6,327.1179,23
C[C@@]1(CO)O[C@@H](n2cnc3c(=O)[nH]c(NCO)nc32)[C@H](O)[C@@H]1O,False,C12H17N5O6,327.1179,23
CC(O)[C@H]1O[C@@H](n2cnc3c(=O)[nH]c(NCO)nc32)[C@H](O)[C@@H]1O,False,C12H17N5O6,327.1179,23
CCNc1nc2c(ncn2[C@@H]2O[C@H](C=O)[C@@H](O)[C@H]2O)c(=O)[nH]1,False,C12H15N5O5,309.1073,22
COC(C)Nc1nc2c(ncn2[C@@H]2O[C@H](CO)[C@@H](O)[C@H]2O)c(=O)[nH]1,False,C13H19N5O6,341.1335,24
CC(O)N(C)c1nc2c(ncn2[C@@H]2O[C@H](CO)[C@@H](O)[C@H]2O)c(=O)[nH]1,False,C13H19N5O6,341.1335,24
CC(C)(O)Nc1nc2c(ncn2[C@@H]2O[C@H](CO)[C@@H](O)[C@H]2O)c(=O)[nH]1,False,C13H19N5O6,341.1335,24
CCC(O)Nc1nc2c(ncn2[C@@H]2O[C@H](CO)[C@@H](O)[C@H]2O)c(=O)[nH]1,False,C13H19N5O6,341.1335,24
CC(=O)N(c1nc2c(ncn2[C@@H]2O[C@H](CO)[C@@H](O)[C@H]2O)c(=O)[nH]1)C(C)O,False,C14H19N5O7,369.1284,26
CC(=O)OC(C)Nc1nc2c(ncn2[C@@H]2O[C@H](CO)[C@@H](O)[C@H]2O)c(=O)[nH]1,False,C14H19N5O7,369.1284,26
CC(=O)OC[C@H]1O[C@@H](n2cnc3c(=O)[nH]c(NC(C)O)nc32)[C@H](O)[C@@H]1O,False,C14H19N5O7,369.1284,26
CC(=O)O[C@@H]1[C@H](O)[C@@H](CO)O[C@H]1n1cnc2c(=O)[nH]c(NC(C)O)nc21,False,C14H19N5O7,369.1284,26
CC(=O)O[C@H]1[C@@H](O)[C@H](n2cnc3c(=O)[nH]c(NC(C)O)nc32)O[C@@H]1CO,False,C14H19N5O7,369.1284,26
CC(O)(Nc1nc2c(ncn2[C@@H]2O[C@H](CO)[C@@H](O)[C@H]2O)c(=O)[nH]1)C(=O)O,False,C13H17N5O8,371.1077,26
O=C(O)CC(O)Nc1nc2c(ncn2[C@@H]2O[C@H](CO)[C@@H](O)[C@H]2O)c(=O)[nH]1,False,C13H17N5O8,371.1077,26
CC(Cl)Nc1nc2c(ncn2[C@@H]2O[C@H](CO)[C@@H](O)[C@H]2O)c(=O)[nH]1,False,C12H16ClN5O5,345.084,23
CC(O)N(C(N)=O)c1nc2c(ncn2[C@@H]2O[C@H](CO)[C@@H](O)[C@H]2O)c(=O)[nH]1,False,C13H18N6O7,370.1237,26
CC(O)(O)Nc1nc2c(ncn2[C@@H]2O[C@H](CO)[C@@H](O)[C@H]2O)c(=O)[nH]1,False,C12H17N5O7,343.1128,24
CCNc1nc2c(ncn2[C@@H]2O[C@H](CO)[C@@H](O)[C@H]2O)c(=O)[nH]1,False,C12H17N5O5,311.123,22
CC(O)Nc1nc2c(ncn2[C@@H]2O[C@H](C)[C@@H](O)[C@H]2O)c(=O)[nH]1,False,C12H17N5O5,311.123,22
CC(O)OC(C)Nc1nc2c(ncn2[C@@H]2O[C@H](CO)[C@@H](O)[C@H]2O)c(=O)[nH]1,False,C14H21N5O7,371.1441,26
O=c1[nH]c(NCO)nc2c1ncn2[C@@H]1O[C@H](CO)[C@@H](O)[C@H]1O,False,C11H15N5O6,313.1022,22
CC(O)Nc1nc2c(ncn2[C@@]2(C)O[C@H](CO)[C@@H](O)[C@H]2O)c(=O)[nH]1,False,C13H19N5O6,341.1335,24
Cc1nc2c(=O)[nH]c(NC(C)O)nc2n1[C@@H]1O[C@H](CO)[C@@H](O)[C@H]1O,False,C13H19N5O6,341.1335,24
CC(O)Nc1nc2c(ncn2[C@@H]2O[C@H](CO)[C@@H](O)[C@]2(C)O)c(=O)[nH]1,False,C13H19N5O6,341.1335,24
CC(O)Nc1nc2c(ncn2[C@@H]2O[C@H](CO)[C@](C)(O)[C@H]2O)c(=O)[nH]1,False,C13H19N5O6,341.1335,24
CC(O)Nc1nc2c(ncn2[C@@H]2O[C@@](C)(CO)[C@@H](O)[C@H]2O)c(=O)[nH]1,False,C13H19N5O6,341.1335,24
CC(O)Nc1nc2c(ncn2[C@@H]2O[C@H](C(C)O)[C@@H](O)[C@H]2O)c(=O)[nH]1,False,C13H19N5O6,341.1335,24
CCN(C=O)c1nc2c(ncn2[C@@H]2O[C@H](CO)[C@@H](O)[C@H]2O)c(=O)[nH]1,False,C13H17N5O6,339.1179,24
CC(O)N1CO[C@@H]2[C@H](O)[C@@H](CO)O[C@H]2n2cnc3c(=O)[nH]c1nc32,False,C13H17N5O6,339.1179,24
CC(O)N1CO[C@H]2[C@@H](O)[C@@H](O[C@@H]2CO)n2cnc3c(=O)[nH]c1nc32,False,C13H17N5O6,339.1179,24
CC(O)N1COC[C@H]2O[C@H]([C@H](O)[C@@H]2O)n2cnc3c(=O)[nH]c1nc32,False,C13H17N5O6,339.1179,24
CN1c2nc3c(ncn3[C@@H]3O[C@H](CO)[C@@H](O)[C@H]3OCC1O)c(=O)[nH]2,False,C13H17N5O6,339.1179,24
CN1c2nc3c(ncn3[C@@H]3O[C@H](CO)[C@@H](OCC1O)[C@H]3O)c(=O)[nH]2,False,C13H17N5O6,339.1179,24
CN1c2nc3c(ncn3[C@@H]3O[C@H](COCC1O)[C@@H](O)[C@H]3O)c(=O)[nH]2,False,C13H17N5O6,339.1179,24
CCC(=O)N(C)c1nc2c(ncn2[C@@H]2O[C@H](CO)[C@@H](O)[C@H]2O)c(=O)[nH]1,False,C14H19N5O6,353.1335,25
CC(=O)OC[C@H]1O[C@@H](n2cnc3c(=O)[nH]c(N(C)C(C)=O)nc32)[C@H](O)[C@@H]1O,False,C15H19N5O7,381.1284,27
CC(=O)O[C@@H]1[C@H](O)[C@@H](CO)O[C@H]1n1cnc2c(=O)[nH]c(N(C)C(C)=O)nc21,False,C15H19N5O7,381.1284,27
CC(=O)O[C@H]1[C@@H](O)[C@H](n2cnc3c(=O)[nH]c(N(C)C(C)=O)nc32)O[C@@H]1CO,False,C15H19N5O7,381.1284,27
CN(C(=O)CC(=O)O)c1nc2c(ncn2[C@@H]2O[C@H](CO)[C@@H](O)[C@H]2O)c(=O)[nH]1,False,C14H17N5O8,383.1077,27
CN(c1nc2c(ncn2[C@@H]2O[C@H](CO)[C@@H](O)[C@H]2O)c(=O)[nH]1)C(C)(O)C#N,False,C14H18N6O6,366.1288,26
CC(N)N(C)c1nc2c(ncn2[C@@H]2O[C@H](CO)[C@@H](O)[C@H]2O)c(=O)[nH]1,False,C13H20N6O5,340.1495,24
CN(C(=O)CO)c1nc2c(ncn2[C@@H]2O[C@H](CO)[C@@H](O)[C@H]2O)c(=O)[nH]1,False,C13H17N5O7,355.1128,25
COC(=O)N(C)c1nc2c(ncn2[C@@H]2O[C@H](CO)[C@@H](O)[C@H]2O)c(=O)[nH]1,False,C13H17N5O7,355.1128,25
CN(c1nc2c(ncn2[C@@H]2O[C@H](CO)[C@@H](O)[C@H]2O)c(=O)[nH]1)C(O)CO,False,C13H19N5O7,357.1284,25
CC(=O)N(C)c1nc2c(ncn2[C@@H]2O[C@H](C)[C@@H](O)[C@H]2O)c(=O)[nH]1,False,C13H17N5O5,323.123,23
CC(=O)N(C)c1nc2c(ncn2[C@@H]2O[C@H](C(=O)O)[C@@H](O)[C@H]2O)c(=O)[nH]1,False,C13H15N5O7,353.0971,25
CN(C=O)c1nc2c(ncn2[C@@H]2O[C@H](CO)[C@@H](O)[C@H]2O)c(=O)[nH]1,False,C12H15N5O6,325.1022,23
CCN(C(C)=O)c1nc2c(ncn2[C@@H]2O[C@H](CO)[C@@H](O)[C@H]2O)c(=O)[nH]1,False,C14H19N5O6,353.1335,25
CC(=O)N(C)c1nc2c(ncn2[C@@]2(C)O[C@H](CO)[C@@H](O)[C@H]2O)c(=O)[nH]1,False,C14H19N5O6,353.1335,25
CC(=O)N(C)c1nc2c(nc(C)n2[C@@H]2O[C@H](CO)[C@@H](O)[C@H]2O)c(=O)[nH]1,False,C14H19N5O6,353.1335,25
CC(=O)N(C)c1nc2c(ncn2[C@@H]2O[C@H](CO)[C@@H](O)[C@]2(C)O)c(=O)[nH]1,False,C14H19N5O6,353.1335,25
CC(=O)N(C)c1nc2c(ncn2[C@@H]2O[C@H](CO)[C@](C)(O)[C@H]2O)c(=O)[nH]1,False,C14H19N5O6,353.1335,25
CC(=O)N(C)c1nc2c(ncn2[C@@H]2O[C@@](C)(CO)[C@@H](O)[C@H]2O)c(=O)[nH]1,False,C14H19N5O6,353.1335,25
CC(=O)N(C)c1nc2c(ncn2[C@@H]2O[C@H](C(C)O)[C@@H](O)[C@H]2O)c(=O)[nH]1,False,C14H19N5O6,353.1335,25
CC[C@]1(n2cnc3c(=O)[nH]c(NC=O)nc32)O[C@H](CO)[C@@H](O)[C@H]1O,False,C13H17N5O6,339.1179,24
CCc1nc2c(=O)[nH]c(NC=O)nc2n1[C@@H]1O[C@H](CO)[C@@H](O)[C@H]1O,False,C13H17N5O6,339.1179,24
CC[C@]1(O)[C@H](O)[C@@H](CO)O[C@H]1n1cnc2c(=O)[nH]c(NC=O)nc21,False,C13H17N5O6,339.1179,24
CC[C@]1(O)[C@@H](CO)O[C@@H](n2cnc3c(=O)[nH]c(NC=O)nc32)[C@@H]1O,False,C13H17N5O6,339.1179,24
CC[C@@]1(CO)O[C@@H](n2cnc3c(=O)[nH]c(NC=O)nc32)[C@H](O)[C@@H]1O,False,C13H17N5O6,339.1179,24
CCC1(O)Nc2nc3c(ncn3[C@@H]3O[C@H](CO1)[C@@H](O)[C@H]3O)c(=O)[nH]2,False,C13H17N5O6,339.1179,24
CC1O[C@@H]2[C@H](O)[C@@H](CO)O[C@H]2n2cnc3c(=O)[nH]c(nc32)NC1O,False,C13H17N5O6,339.1179,24
CC1O[C@H]2[C@@H](O)[C@@H](O[C@@H]2CO)n2cnc3c(=O)[nH]c(nc32)NC1O,False,C13H17N5O6,339.1179,24
CC1OC[C@H]2O[C@H]([C@H](O)[C@@H]2O)n2cnc3c(=O)[nH]c(nc32)NC1O,False,C13H17N5O6,339.1179,24
O=c1[nH]c2nc3c1ncn3[C@@H]1O[C@H](CO)[C@@H](O)[C@H]1OCCC(O)N2,False,C13H17N5O6,339.1179,24
O=c1[nH]c2nc3c1ncn3[C@@H]1O[C@H](CO)[C@@H](OCCC(O)N2)[C@H]1O,False,C13H17N5O6,339.1179,24
O=c1[nH]c2nc3c1ncn3[C@@H]1O[C@H](COCCC(O)N2)[C@@H](O)[C@H]1O,False,C13H17N5O6,339.1179,24
C=CC(=O)Nc1nc2c(ncn2[C@@H]2O[C@H](CO)[C@@H](O)[C@H]2O)c(=O)[nH]1,False,C13H15N5O6,337.1022,24
CC(C)C(=O)Nc1nc2c(ncn2[C@@H]2O[C@H](CO)[C@@H](O)[C@H]2O)c(=O)[nH]1,False,C14H19N5O6,353.1335,25
CCCC(=O)Nc1nc2c(ncn2[C@@H]2O[C@H](CO)[C@@H](O)[C@H]2O)c(=O)[nH]1,False,C14H19N5O6,353.1335,25
CCC(=O)O,False,C3H6O2,74.0368,5
CCC(=O)N(C(C)=O)c1nc2c(ncn2[C@@H]2O[C@H](CO)[C@@H](O)[C@H]2O)c(=O)[nH]1,False,C15H19N5O7,381.1284,27
CCC(=O)Nc1nc2c(ncn2[C@@H]2O[C@H](COC(C)=O)[C@@H](O)[C@H]2O)c(=O)[nH]1,False,C15H19N5O7,381.1284,27
CCC(=O)Nc1nc2c(ncn2[C@@H]2O[C@H](CO)[C@@H](O)[C@H]2OC(C)=O)c(=O)[nH]1,False,C15H19N5O7,381.1284,27
CCC(=O)Nc1nc2c(ncn2[C@@H]2O[C@H](CO)[C@@H](OC(C)=O)[C@H]2O)c(=O)[nH]1,False,C15H19N5O7,381.1284,27
O=C(O)CCC(=O)Nc1nc2c(ncn2[C@@H]2O[C@H](CO)[C@@H](O)[C@H]2O)c(=O)[nH]1,False,C14H17N5O8,383.1077,27
CC(C(=O)O)C(=O)Nc1nc2c(ncn2[C@@H]2O[C@H](CO)[C@@H](O)[C@H]2O)c(=O)[nH]1,False,C14H17N5O8,383.1077,27
CCC(O)(C#N)Nc1nc2c(ncn2[C@@H]2O[C@H](CO)[C@@H](O)[C@H]2O)c(=O)[nH]1,False,C14H18N6O6,366.1288,26
CCC(N)Nc1nc2c(ncn2[C@@H]2O[C@H](CO)[C@@H](O)[C@H]2O)c(=O)[nH]1,False,C13H20N6O5,340.1495,24
CCC(=O)N(C(N)=O)c1nc2c(ncn2[C@@H]2O[C@H](CO)[C@@H](O)[C@H]2O)c(=O)[nH]1,False,C14H18N6O7,382.1237,27
CC(O)C(=O)Nc1nc2c(ncn2[C@@H]2O[C@H](CO)[C@@H](O)[C@H]2O)c(=O)[nH]1,False,C13H17N5O7,355.1128,25
O=C(CCO)Nc1nc2c(ncn2[C@@H]2O[C@H](CO)[C@@H](O)[C@H]2O)c(=O)[nH]1,False,C13H17N5O7,355.1128,25
CCOC(=O)Nc1nc2c(ncn2[C@@H]2O[C@H](CO)[C@@H](O)[C@H]2O)c(=O)[nH]1,False,C13H17N5O7,355.1128,25
CCC(=O)OP(=O)(O)O,False,C3H7O5P,154.0031,9
CC(O)C(O)Nc1nc2c(ncn2[C@@H]2O[C@H](CO)[C@@H](O)[C@H]2O)c(=O)[nH]1,False,C13H19N5O7,357.1284,25
O=c1[nH]c(NC(O)CCO)nc2c1ncn2[C@@H]1O[C@H](CO)[C@@H](O)[C@H]1O,False,C13H19N5O7,357.1284,25
CC,False,C2H6,30.047,2
O=C(O)Nc1nc2c(ncn2[C@@H]2O[C@H](CO)[C@@H](O)[C@H]2O)c(=O)[nH]1,False,C11H13N5O7,327.0815,23
CCC(=O)Nc1nc2c(ncn2[C@@H]2O[C@H](C)[C@@H](O)[C@H]2O)c(=O)[nH]1,False,C13H17N5O5,323.123,23
CCC(=O)Nc1nc2c(ncn2[C@@H]2O[C@H](C(=O)O)[C@@H](O)[C@H]2O)c(=O)[nH]1,False,C13H15N5O7,353.0971,25
CCC(C)C(=O)Nc1nc2c(ncn2[C@@H]2O[C@H](CO)[C@@H](O)[C@H]2O)c(=O)[nH]1,False,C15H21N5O6,367.1492,26
CCCCC(=O)Nc1nc2c(ncn2[C@@H]2O[C@H](CO)[C@@H](O)[C@H]2O)c(=O)[nH]1,False,C15H21N5O6,367.1492,26
CCC(=O)Nc1nc2c(ncn2[C@@]2(C)O[C@H](CO)[C@@H](O)[C@H]2O)c(=O)[nH]1,False,C14H19N5O6,353.1335,25
CCC(=O)Nc1nc2c(ncn2[C@@]2(CC)O[C@H](CO)[C@@H](O)[C@H]2O)c(=O)[nH]1,False,C15H21N5O6,367.1492,26
CCC(=O)Nc1nc2c(nc(C)n2[C@@H]2O[C@H](CO)[C@@H](O)[C@H]2O)c(=O)[nH]1,False,C14H19N5O6,353.1335,25
CCC(=O)Nc1nc2c(nc(CC)n2[C@@H]2O[C@H](CO)[C@@H](O)[C@H]2O)c(=O)[nH]1,False,C15H21N5O6,367.1492,26
CCC(=O)Nc1nc2c(ncn2[C@@H]2O[C@H](CO)[C@@H](O)[C@]2(C)O)c(=O)[nH]1,False,C14H19N5O6,353.1335,25
CCC(=O)Nc1nc2c(ncn2[C@@H]2O[C@H](CO)[C@@H](O)[C@@]2(O)CC)c(=O)[nH]1,False,C15H21N5O6,367.1492,26
CCC(=O)Nc1nc2c(ncn2[C@@H]2O[C@H](CO)[C@](C)(O)[C@H]2O)c(=O)[nH]1,False,C14H19N5O6,353.1335,25
CCC(=O)Nc1nc2c(ncn2[C@@H]2O[C@H](CO)[C@@](O)(CC)[C@H]2O)c(=O)[nH]1,False,C15H21N5O6,367.1492,26
CCC(=O)Nc1nc2c(ncn2[C@@H]2O[C@@](C)(CO)[C@@H](O)[C@H]2O)c(=O)[nH]1,False,C14H19N5O6,353.1335,25
CCC(=O)Nc1nc2c(ncn2[C@@H]2O[C@@](CC)(CO)[C@@H](O)[C@H]2O)c(=O)[nH]1,False,C15H21N5O6,367.1492,26
CCC(=O)Nc1nc2c(ncn2[C@@H]2O[C@H](C(C)O)[C@@H](O)[C@H]2O)c(=O)[nH]1,False,C14H19N5O6,353.1335,25
CCC(=O)Nc1nc2c(ncn2[C@@H]2O[C@H](C(O)CC)[C@@H](O)[C@H]2O)c(=O)[nH]1,False,C15H21N5O6,367.1492,26
OC1CO1,False,C2H4O2,60.0211,4
CC(O)O,False,C2H6O2,62.0368,4
CCO,False,C2H6O,46.0419,3
CC(=O)OS(=O)(=O)O,False,C2H4O5S,139.9779,8
CC(=O)O[C@H]1O[C@H](CO)[C@@H](O)[C@H](O)[C@H]1O,False,C8H14O7,222.074,15
CC(=O)OC(C)=O,False,C4H6O3,102.0317,7
O=C(O)CC(=O)O,False,C3H4O4,104.011,7
CC(O)(O)C#N,False,C3H5NO2,87.032,6
CC(=O)Cl,False,C2H3ClO,77.9872,4
CC(N)=O,False,C2H5NO,59.0371,4
CC#N,False,C2H3N,41.0265,3
CC(N)O,False,C2H7NO,61.0528,4
O=C(O)CO,False,C2H4O3,76.016,5
COC(=O)O,False,C2H4O3,76.016,5
OCC(O)O,False,C2H6O3,78.0317,5
CC(O)(O)CC(=O)O,False,C4H8O4,120.0423,8
CC(=O)CC(=O)O,False,C4H6O3,102.0317,7
CC1(O)CC(O)(O)O1,False,C4H8O4,120.0423,8
CC(=O)OC(C)O,False,C4H8O3,104.0473,7
CCC(=O)N(C=O)c1nc2c(ncn2[C@@H]2O[C@H](CO)[C@@H](O)[C@H]2O)c(=O)[nH]1,False,C14H17N5O7,367.1128,26
CC(=O)N1c2nc3c(ncn3[C@@H]3O[C@H](CO)[C@@H](O)[C@H]3OCC1O)c(=O)[nH]2,False,C14H17N5O7,367.1128,26
CC(O)N1C(=O)CO[C@@H]2[C@H](O)[C@@H](CO)O[C@H]2n2cnc3c(=O)[nH]c1nc32,False,C14H17N5O7,367.1128,26
CC(=O)N1c2nc3c(ncn3[C@@H]3O[C@H](CO)[C@@H](OCC1O)[C@H]3O)c(=O)[nH]2,False,C14H17N5O7,367.1128,26
CC(O)N1C(=O)CO[C@H]2[C@@H](O)[C@@H](O[C@@H]2CO)n2cnc3c(=O)[nH]c1nc32,False,C14H17N5O7,367.1128,26
CC(=O)N1c2nc3c(ncn3[C@@H]3O[C@H](COCC1O)[C@@H](O)[C@H]3O)c(=O)[nH]2,False,C14H17N5O7,367.1128,26
CC(O)N1C(=O)COC[C@H]2O[C@H]([C@H](O)[C@@H]2O)n2cnc3c(=O)[nH]c1nc32,False,C14H17N5O7,367.1128,26
CC(=O)N(c1nc2c(ncn2[C@@H]2O[C@H](CO)[C@@H](O)[C@H]2O)c(=O)[nH]1)C(C)(O)C#N,False,C15H18N6O7,394.1237,28
CC(=O)N(c1nc2c(ncn2[C@@H]2O[C@H](CO)[C@@H](O)[C@H]2O)c(=O)[nH]1)C(C)N,False,C14H20N6O6,368.1444,26
CC(=O)N(C(=O)CO)c1nc2c(ncn2[C@@H]2O[C@H](CO)[C@@H](O)[C@H]2O)c(=O)[nH]1,False,C14H17N5O8,383.1077,27
COC(=O)N(C(C)=O)c1nc2c(ncn2[C@@H]2O[C@H](CO)[C@@H](O)[C@H]2O)c(=O)[nH]1,False,C14H17N5O8,383.1077,27
CC(=O)N(c1nc2c(ncn2[C@@H]2O[C@H](CO)[C@@H](O)[C@H]2O)c(=O)[nH]1)C(O)CO,False,C14H19N5O8,385.1234,27
CC(O)N(C(=O)CO)c1nc2c(ncn2[C@@H]2O[C@H](CO)[C@@H](O)[C@H]2O)c(=O)[nH]1,False,C14H19N5O8,385.1234,27
CC(=O)N(C(C)=O)c1nc2c(ncn2[C@@H]2O[C@H](C)[C@@H](O)[C@H]2O)c(=O)[nH]1,False,C14H17N5O6,351.1179,25
CC(=O)N(C(C)=O)c1nc2c(ncn2[C@@H]2O[C@H](C(=O)O)[C@@H](O)[C@H]2O)c(=O)[nH]1,False,C14H15N5O8,381.0921,27
CC(=O)N(C=O)c1nc2c(ncn2[C@@H]2O[C@H](CO)[C@@H](O)[C@H]2O)c(=O)[nH]1,False,C13H15N5O7,353.0971,25
CC(=O)N(C(C)=O)c1nc2c(ncn2[C@@]2(C)O[C@H](CO)[C@@H](O)[C@H]2O)c(=O)[nH]1,False,C15H19N5O7,381.1284,27
CC(=O)N(C(C)=O)c1nc2c(nc(C)n2[C@@H]2O[C@H](CO)[C@@H](O)[C@H]2O)c(=O)[nH]1,False,C15H19N5O7,381.1284,27
CC(=O)N(C(C)=O)c1nc2c(ncn2[C@@H]2O[C@H](CO)[C@@H](O)[C@]2(C)O)c(=O)[nH]1,False,C15H19N5O7,381.1284,27
CC(=O)N(C(C)=O)c1nc2c(ncn2[C@@H]2O[C@H](CO)[C@](C)(O)[C@H]2O)c(=O)[nH]1,False,C15H19N5O7,381.1284,27
CC(=O)N(C(C)=O)c1nc2c(ncn2[C@@H]2O[C@@](C)(CO)[C@@H](O)[C@H]2O)c(=O)[nH]1,False,C15H19N5O7,381.1284,27
CC(=O)N(C(C)=O)c1nc2c(ncn2[C@@H]2O[C@H](C(C)O)[C@@H](O)[C@H]2O)c(=O)[nH]1,False,C15H19N5O7,381.1284,27
CCC(=O)OC[C@H]1O[C@@H](n2cnc3c(=O)[nH]c(NC=O)nc32)[C@H](O)[C@@H]1O,False,C14H17N5O7,367.1128,26
CC(=O)Nc1nc2c(ncn2[C@@H]2O[C@H](C(C)OC=O)[C@@H](O)[C@H]2O)c(=O)[nH]1,False,C14H17N5O7,367.1128,26
CC(=O)Nc1nc2c(ncn2[C@@H]2O[C@@](C)(COC=O)[C@@H](O)[C@H]2O)c(=O)[nH]1,False,C14H17N5O7,367.1128,26
CC(=O)Nc1nc2c(ncn2[C@@H]2O[C@H](COC=O)[C@](C)(O)[C@H]2O)c(=O)[nH]1,False,C14H17N5O7,367.1128,26
CC(=O)Nc1nc2c(ncn2[C@@]2(C)O[C@H](COC=O)[C@@H](O)[C@H]2O)c(=O)[nH]1,False,C14H17N5O7,367.1128,26
CC(=O)Nc1nc2c(ncn2[C@@H]2O[C@H](COC=O)[C@@H](O)[C@]2(C)O)c(=O)[nH]1,False,C14H17N5O7,367.1128,26
CC(=O)Nc1nc2c(nc(C)n2[C@@H]2O[C@H](COC=O)[C@@H](O)[C@H]2O)c(=O)[nH]1,False,C14H17N5O7,367.1128,26
CCC(=O)Nc1nc2c(ncn2[C@@H]2O[C@H](COC=O)[C@@H](O)[C@H]2O)c(=O)[nH]1,False,C14H17N5O7,367.1128,26
CC(=O)Nc1nc2c(ncn2[C@@H]2O[C@@H]3COC(O)CO[C@H]3[C@H]2O)c(=O)[nH]1,False,C14H17N5O7,367.1128,26
CC(O)Nc1nc2c(ncn2[C@@H]2O[C@@H]3COC(=O)CO[C@H]3[C@H]2O)c(=O)[nH]1,False,C14H17N5O7,367.1128,26
CC(=O)Nc1nc2c(ncn2[C@@H]2O[C@@H]3COC(O)CO[C@@H]2[C@@H]3O)c(=O)[nH]1,False,C14H17N5O7,367.1128,26
CC(O)Nc1nc2c(ncn2[C@@H]2O[C@@H]3COC(=O)CO[C@@H]2[C@@H]3O)c(=O)[nH]1,False,C14H17N5O7,367.1128,26
CC(=O)Nc1nc2c(ncn2[C@@H]2O[C@@H]3C(OC(C)O)O[C@H]3[C@H]2O)c(=O)[nH]1,False,C14H17N5O7,367.1128,26
CC(=O)Nc1nc2c(ncn2[C@@H]2O[C@@H]3C(OC(C)O)O[C@@H]2[C@@H]3O)c(=O)[nH]1,False,C14H17N5O7,367.1128,26
CC(=O)Nc1nc2c(ncn2[C@@H]2O[C@]3(COC(C)O)O[C@H]3[C@H]2O)c(=O)[nH]1,False,C14H17N5O7,367.1128,26
CC(=O)Nc1nc2c(ncn2[C@@H]2O[C@]3(COC(C)O)O[C@@H]2[C@@H]3O)c(=O)[nH]1,False,C14H17N5O7,367.1128,26
CC(=O)Nc1nc2c(ncn2[C@@H]2O[C@H](COC(C)O)[C@@]3(O)O[C@@H]23)c(=O)[nH]1,False,C14H17N5O7,367.1128,26
CC(=O)Nc1nc2c(ncn2[C@]23O[C@@H]([C@H]2O)[C@@H](COC(C)O)O3)c(=O)[nH]1,False,C14H17N5O7,367.1128,26
CC(=O)Nc1nc2c(ncn2[C@]23O[C@@H]2[C@H](O)[C@@H](COC(C)O)O3)c(=O)[nH]1,False,C14H17N5O7,367.1128,26
CC(=O)Nc1nc2c(ncn2[C@@H]2O[C@H](COC(C)O)[C@H]3O[C@]32O)c(=O)[nH]1,False,C14H17N5O7,367.1128,26
CC(=O)Nc1nc2c(nc3n2[C@@H]2O[C@H](COC(C)O)[C@@H](O3)[C@H]2O)c(=O)[nH]1,False,C14H17N5O7,367.1128,26
CC(=O)Nc1nc2c(nc3n2[C@@H]2O[C@H](COC(C)O)[C@@H](O)[C@H]2O3)c(=O)[nH]1,False,C14H17N5O7,367.1128,26
CC(O)OC[C@H]1O[C@@H]2[C@H](O)[C@@H]1OCC(=O)Nc1nc3c(ncn32)c(=O)[nH]1,False,C14H17N5O7,367.1128,26
CC(O)OC[C@H]1O[C@@H]2[C@H](OCC(=O)Nc3nc4c(ncn42)c(=O)[nH]3)[C@@H]1O,False,C14H17N5O7,367.1128,26
CC(=O)Nc1nc2c(ncn2[C@@H]2O[C@H](COC(C)O)[C@@H](O)[C@H]2O)c(=O)[nH]1,False,C14H19N5O7,369.1284,26
CCC(=O)OC[C@H]1O[C@@H](n2cnc3c(=O)[nH]c(NC(C)=O)nc32)[C@H](O)[C@@H]1O,False,C15H19N5O7,381.1284,27
CC(=O)Nc1nc2c(ncn2[C@@H]2O[C@H](COC(C)(O)C#N)[C@@H](O)[C@H]2O)c(=O)[nH]1,False,C15H18N6O7,394.1237,28
CC(=O)OC[C@H]1O[C@@H](n2cnc3c(=O)[nH]c(NC(C)(O)C#N)nc32)[C@H](O)[C@@H]1O,False,C15H18N6O7,394.1237,28
CC(=O)Nc1nc2c(ncn2[C@@H]2O[C@H](COC(C)N)[C@@H](O)[C@H]2O)c(=O)[nH]1,False,C14H20N6O6,368.1444,26
CC(=O)OC[C@H]1O[C@@H](n2cnc3c(=O)[nH]c(NC(C)N)nc32)[C@H](O)[C@@H]1O,False,C14H20N6O6,368.1444,26
CC(=O)OC[C@H]1O[C@@H](n2cnc3c(=O)[nH]c(N(C(C)=O)C(N)=O)nc32)[C@H](O)[C@@H]1O,False,C15H18N6O8,410.1186,29
CC(=O)Nc1nc2c(ncn2[C@@H]2O[C@H](COC(=O)CO)[C@@H](O)[C@H]2O)c(=O)[nH]1,False,C14H17N5O8,383.1077,27
CC(=O)OC[C@H]1O[C@@H](n2cnc3c(=O)[nH]c(NC(=O)CO)nc32)[C@H](O)[C@@H]1O,False,C14H17N5O8,383.1077,27
COC(=O)OC[C@H]1O[C@@H](n2cnc3c(=O)[nH]c(NC(C)=O)nc32)[C@H](O)[C@@H]1O,False,C14H17N5O8,383.1077,27
COC(=O)Nc1nc2c(ncn2[C@@H]2O[C@H](COC(C)=O)[C@@H](O)[C@H]2O)c(=O)[nH]1,False,C14H17N5O8,383.1077,27
CC(=O)Nc1nc2c(ncn2[C@@H]2O[C@H](COC(O)CO)[C@@H](O)[C@H]2O)c(=O)[nH]1,False,C14H19N5O8,385.1234,27
CC(O)Nc1nc2c(ncn2[C@@H]2O[C@H](COC(=O)CO)[C@@H](O)[C@H]2O)c(=O)[nH]1,False,C14H19N5O8,385.1234,27
CC(O)OC[C@H]1O[C@@H](n2cnc3c(=O)[nH]c(NC(=O)CO)nc32)[C@H](O)[C@@H]1O,False,C14H19N5O8,385.1234,27
CC(=O)OC[C@H]1O[C@@H](n2cnc3c(=O)[nH]c(NC(O)CO)nc32)[C@H](O)[C@@H]1O,False,C14H19N5O8,385.1234,27
CC(=O)C[C@H]1O[C@@H](n2cnc3c(=O)[nH]c(NC(C)=O)nc32)[C@H](O)[C@@H]1O,False,C14H17N5O6,351.1179,25
CC(=O)Nc1nc2c(ncn2[C@@H]2O[C@H](C(=O)OC(C)=O)[C@@H](O)[C@H]2O)c(=O)[nH]1,False,C14H15N5O8,381.0921,27
CC(=O)OC[C@H]1O[C@@H](n2cnc3c(=O)[nH]c(NC=O)nc32)[C@H](O)[C@@H]1O,False,C13H15N5O7,353.0971,25
CC(=O)Nc1nc2c(ncn2[C@@H]2O[C@H](C(C)OC(C)=O)[C@@H](O)[C@H]2O)c(=O)[nH]1,False,C15H19N5O7,381.1284,27
CC(=O)Nc1nc2c(ncn2[C@@H]2O[C@@](C)(COC(C)=O)[C@@H](O)[C@H]2O)c(=O)[nH]1,False,C15H19N5O7,381.1284,27
CC(=O)Nc1nc2c(ncn2[C@@H]2O[C@H](COC(C)=O)[C@](C)(O)[C@H]2O)c(=O)[nH]1,False,C15H19N5O7,381.1284,27
CC(=O)Nc1nc2c(ncn2[C@@]2(C)O[C@H](COC(C)=O)[C@@H](O)[C@H]2O)c(=O)[nH]1,False,C15H19N5O7,381.1284,27
CC(=O)Nc1nc2c(ncn2[C@@H]2O[C@H](COC(C)=O)[C@@H](O)[C@]2(C)O)c(=O)[nH]1,False,C15H19N5O7,381.1284,27
CC(=O)Nc1nc2c(nc(C)n2[C@@H]2O[C@H](COC(C)=O)[C@@H](O)[C@H]2O)c(=O)[nH]1,False,C15H19N5O7,381.1284,27
CCC(=O)O[C@@H]1[C@H](O)[C@@H](CO)O[C@H]1n1cnc2c(=O)[nH]c(NC=O)nc21,False,C14H17N5O7,367.1128,26
CC(=O)Nc1nc2c(ncn2[C@@H]2O[C@H](CO)[C@@H](O)[C@]2(C)OC=O)c(=O)[nH]1,False,C14H17N5O7,367.1128,26
CC(=O)Nc1nc2c(ncn2[C@@]2(C)O[C@H](CO)[C@@H](O)[C@H]2OC=O)c(=O)[nH]1,False,C14H17N5O7,367.1128,26
CC(=O)Nc1nc2c(ncn2[C@@H]2O[C@H](CO)[C@](C)(O)[C@H]2OC=O)c(=O)[nH]1,False,C14H17N5O7,367.1128,26
CC(=O)Nc1nc2c(ncn2[C@@H]2O[C@@](C)(CO)[C@@H](O)[C@H]2OC=O)c(=O)[nH]1,False,C14H17N5O7,367.1128,26
CC(=O)Nc1nc2c(nc(C)n2[C@@H]2O[C@H](CO)[C@@H](O)[C@H]2OC=O)c(=O)[nH]1,False,C14H17N5O7,367.1128,26
CC(=O)Nc1nc2c(ncn2[C@@H]2O[C@H](C(C)O)[C@@H](O)[C@H]2OC=O)c(=O)[nH]1,False,C14H17N5O7,367.1128,26
CCC(=O)Nc1nc2c(ncn2[C@@H]2O[C@H](CO)[C@@H](O)[C@H]2OC=O)c(=O)[nH]1,False,C14H17N5O7,367.1128,26
CC(=O)Nc1nc2c(ncn2[C@@H]2O[C@H](CO)[C@H]3OCC(O)O[C@H]32)c(=O)[nH]1,False,C14H17N5O7,367.1128,26
CC(O)Nc1nc2c(ncn2[C@@H]2O[C@H](CO)[C@H]3OCC(=O)O[C@H]32)c(=O)[nH]1,False,C14H17N5O7,367.1128,26
CC(=O)Nc1nc2c(ncn2[C@@H]2O[C@@H]3COCC(O)O[C@@H]2[C@@H]3O)c(=O)[nH]1,False,C14H17N5O7,367.1128,26
CC(O)Nc1nc2c(ncn2[C@@H]2O[C@@H]3COCC(=O)O[C@@H]2[C@@H]3O)c(=O)[nH]1,False,C14H17N5O7,367.1128,26
CC(=O)Nc1nc2c(ncn2[C@@H]2O[C@H](CO)[C@H]3O[C@]32OC(C)O)c(=O)[nH]1,False,C14H17N5O7,367.1128,26
CC(=O)Nc1nc2c(ncn2[C@@H]2O[C@@H]3CO[C@]2(OC(C)O)[C@@H]3O)c(=O)[nH]1,False,C14H17N5O7,367.1128,26
CC(=O)Nc1nc2c(ncn2[C@]23O[C@@H]([C@H]2OC(C)O)[C@@H](CO)O3)c(=O)[nH]1,False,C14H17N5O7,367.1128,26
CC(=O)Nc1nc2c(ncn2[C@@]23OC[C@@H](O2)[C@@H](O)[C@H]3OC(C)O)c(=O)[nH]1,False,C14H17N5O7,367.1128,26
CC(=O)Nc1nc2c(ncn2[C@@H]2O[C@@H]3CO[C@@]3(O)[C@H]2OC(C)O)c(=O)[nH]1,False,C14H17N5O7,367.1128,26
CC(=O)Nc1nc2c(ncn2[C@@H]2O[C@]3(CO)O[C@H]3[C@H]2OC(C)O)c(=O)[nH]1,False,C14H17N5O7,367.1128,26
CC(=O)Nc1nc2c(ncn2[C@@H]2O[C@@]3(CO3)[C@@H](O)[C@H]2OC(C)O)c(=O)[nH]1,False,C14H17N5O7,367.1128,26
CC(=O)Nc1nc2c(nc3n2[C@@H]2O[C@H](CO)[C@@H](O3)[C@H]2OC(C)O)c(=O)[nH]1,False,C14H17N5O7,367.1128,26
CC(=O)Nc1nc2c(nc3n2[C@@H]2O[C@H](CO3)[C@@H](O)[C@H]2OC(C)O)c(=O)[nH]1,False,C14H17N5O7,367.1128,26
CC(=O)Nc1nc2c(ncn2[C@@H]2O[C@@H]3C(O)O[C@H]3[C@H]2OC(C)O)c(=O)[nH]1,False,C14H17N5O7,367.1128,26
CC(O)O[C@@H]1[C@@H]2OCC(=O)Nc3nc4c(ncn4[C@@H]1O[C@@H]2CO)c(=O)[nH]3,False,C14H17N5O7,367.1128,26
CC(O)O[C@@H]1[C@H](O)[C@H]2COCC(=O)Nc3nc4c(ncn4[C@@H]1O2)c(=O)[nH]3,False,C14H17N5O7,367.1128,26
CC(=O)Nc1nc2c(ncn2[C@@H]2O[C@H](CO)[C@@H](O)[C@H]2OC(C)O)c(=O)[nH]1,False,C14H19N5O7,369.1284,26
CCC(=O)O[C@@H]1[C@H](O)[C@@H](CO)O[C@H]1n1cnc2c(=O)[nH]c(NC(C)=O)nc21,False,C15H19N5O7,381.1284,27
CC(=O)Nc1nc2c(ncn2[C@@H]2O[C@H](CO)[C@@H](O)[C@H]2OC(C)(O)C#N)c(=O)[nH]1,False,C15H18N6O7,394.1237,28
CC(=O)O[C@@H]1[C@H](O)[C@@H](CO)O[C@H]1n1cnc2c(=O)[nH]c(NC(C)(O)C#N)nc21,False,C15H18N6O7,394.1237,28
CC(=O)Nc1nc2c(ncn2[C@@H]2O[C@H](CO)[C@@H](O)[C@H]2OC(C)N)c(=O)[nH]1,False,C14H20N6O6,368.1444,26
CC(=O)O[C@@H]1[C@H](O)[C@@H](CO)O[C@H]1n1cnc2c(=O)[nH]c(NC(C)N)nc21,False,C14H20N6O6,368.1444,26
CC(=O)O[C@@H]1[C@H](O)[C@@H](CO)O[C@H]1n1cnc2c(=O)[nH]c(N(C(C)=O)C(N)=O)nc21,False,C15H18N6O8,410.1186,29
CC(=O)Nc1nc2c(ncn2[C@@H]2O[C@H](CO)[C@@H](O)[C@H]2OC(=O)CO)c(=O)[nH]1,False,C14H17N5O8,383.1077,27
CC(=O)O[C@@H]1[C@H](O)[C@@H](CO)O[C@H]1n1cnc2c(=O)[nH]c(NC(=O)CO)nc21,False,C14H17N5O8,383.1077,27
COC(=O)O[C@@H]1[C@H](O)[C@@H](CO)O[C@H]1n1cnc2c(=O)[nH]c(NC(C)=O)nc21,False,C14H17N5O8,383.1077,27
COC(=O)Nc1nc2c(ncn2[C@@H]2O[C@H](CO)[C@@H](O)[C@H]2OC(C)=O)c(=O)[nH]1,False,C14H17N5O8,383.1077,27
CC(=O)Nc1nc2c(ncn2[C@@H]2O[C@H](CO)[C@@H](O)[C@H]2OC(O)CO)c(=O)[nH]1,False,C14H19N5O8,385.1234,27
CC(O)Nc1nc2c(ncn2[C@@H]2O[C@H](CO)[C@@H](O)[C@H]2OC(=O)CO)c(=O)[nH]1,False,C14H19N5O8,385.1234,27
CC(O)O[C@@H]1[C@H](O)[C@@H](CO)O[C@H]1n1cnc2c(=O)[nH]c(NC(=O)CO)nc21,False,C14H19N5O8,385.1234,27
CC(=O)O[C@@H]1[C@H](O)[C@@H](CO)O[C@H]1n1cnc2c(=O)[nH]c(NC(O)CO)nc21,False,C14H19N5O8,385.1234,27
CC(=O)Nc1nc2c(ncn2[C@@H]2O[C@H](C)[C@@H](O)[C@H]2OC(C)=O)c(=O)[nH]1,False,C14H17N5O6,351.1179,25
CC(=O)Nc1nc2c(ncn2[C@@H]2O[C@H](CO)[C@@H](O)[C@H]2C(C)=O)c(=O)[nH]1,False,C14H17N5O6,351.1179,25
CC(=O)Nc1nc2c(ncn2[C@@H]2O[C@H](C(=O)O)[C@@H](O)[C@H]2OC(C)=O)c(=O)[nH]1,False,C14H15N5O8,381.0921,27
CC(=O)O[C@@H]1[C@H](O)[C@@H](CO)O[C@H]1n1cnc2c(=O)[nH]c(NC=O)nc21,False,C13H15N5O7,353.0971,25
CC(=O)Nc1nc2c(ncn2[C@@H]2O[C@H](CO)[C@@H](O)[C@]2(C)OC(C)=O)c(=O)[nH]1,False,C15H19N5O7,381.1284,27
CC(=O)Nc1nc2c(ncn2[C@@]2(C)O[C@H](CO)[C@@H](O)[C@H]2OC(C)=O)c(=O)[nH]1,False,C15H19N5O7,381.1284,27
CC(=O)Nc1nc2c(ncn2[C@@H]2O[C@H](CO)[C@](C)(O)[C@H]2OC(C)=O)c(=O)[nH]1,False,C15H19N5O7,381.1284,27
CC(=O)Nc1nc2c(ncn2[C@@H]2O[C@@](C)(CO)[C@@H](O)[C@H]2OC(C)=O)c(=O)[nH]1,False,C15H19N5O7,381.1284,27
CC(=O)Nc1nc2c(nc(C)n2[C@@H]2O[C@H](CO)[C@@H](O)[C@H]2OC(C)=O)c(=O)[nH]1,False,C15H19N5O7,381.1284,27
CC(=O)Nc1nc2c(ncn2[C@@H]2O[C@H](C(C)O)[C@@H](O)[C@H]2OC(C)=O)c(=O)[nH]1,False,C15H19N5O7,381.1284,27
CCC(=O)O[C@H]1[C@@H](O)[C@H](n2cnc3c(=O)[nH]c(NC=O)nc32)O[C@@H]1CO,False,C14H17N5O7,367.1128,26
CC(=O)Nc1nc2c(ncn2[C@@H]2O[C@H](CO)[C@](C)(OC=O)[C@H]2O)c(=O)[nH]1,False,C14H17N5O7,367.1128,26
CC(=O)Nc1nc2c(ncn2[C@@H]2O[C@H](CO)[C@@H](OC=O)[C@]2(C)O)c(=O)[nH]1,False,C14H17N5O7,367.1128,26
CC(=O)Nc1nc2c(ncn2[C@@H]2O[C@@](C)(CO)[C@@H](OC=O)[C@H]2O)c(=O)[nH]1,False,C14H17N5O7,367.1128,26
CC(=O)Nc1nc2c(ncn2[C@@]2(C)O[C@H](CO)[C@@H](OC=O)[C@H]2O)c(=O)[nH]1,False,C14H17N5O7,367.1128,26
CC(=O)Nc1nc2c(ncn2[C@@H]2O[C@H](C(C)O)[C@@H](OC=O)[C@H]2O)c(=O)[nH]1,False,C14H17N5O7,367.1128,26
CC(=O)Nc1nc2c(nc(C)n2[C@@H]2O[C@H](CO)[C@@H](OC=O)[C@H]2O)c(=O)[nH]1,False,C14H17N5O7,367.1128,26
CCC(=O)Nc1nc2c(ncn2[C@@H]2O[C@H](CO)[C@@H](OC=O)[C@H]2O)c(=O)[nH]1,False,C14H17N5O7,367.1128,26
CC(=O)Nc1nc2c(ncn2[C@@H]2O[C@H](CO)[C@H]3OC(O)CO[C@H]32)c(=O)[nH]1,False,C14H17N5O7,367.1128,26
CC(O)Nc1nc2c(ncn2[C@@H]2O[C@H](CO)[C@H]3OC(=O)CO[C@H]32)c(=O)[nH]1,False,C14H17N5O7,367.1128,26
CC(=O)Nc1nc2c(ncn2[C@@H]2O[C@@H]3COCC(O)O[C@H]3[C@H]2O)c(=O)[nH]1,False,C14H17N5O7,367.1128,26
CC(O)Nc1nc2c(ncn2[C@@H]2O[C@@H]3COCC(=O)O[C@H]3[C@H]2O)c(=O)[nH]1,False,C14H17N5O7,367.1128,26
CC(=O)Nc1nc2c(ncn2[C@@H]2O[C@H](CO)[C@@]3(OC(C)O)O[C@@H]23)c(=O)[nH]1,False,C14H17N5O7,367.1128,26
CC(=O)Nc1nc2c(ncn2[C@@H]2O[C@@H]3CO[C@@]3(OC(C)O)[C@H]2O)c(=O)[nH]1,False,C14H17N5O7,367.1128,26
CC(=O)Nc1nc2c(ncn2[C@@H]2O[C@@H]3CO[C@]2(O)[C@@H]3OC(C)O)c(=O)[nH]1,False,C14H17N5O7,367.1128,26
CC(=O)Nc1nc2c(ncn2[C@@H]2O[C@]3(CO)O[C@@H]2[C@@H]3OC(C)O)c(=O)[nH]1,False,C14H17N5O7,367.1128,26
CC(=O)Nc1nc2c(ncn2[C@@H]2O[C@@]3(CO3)[C@@H](OC(C)O)[C@H]2O)c(=O)[nH]1,False,C14H17N5O7,367.1128,26
CC(=O)Nc1nc2c(ncn2[C@]23O[C@@H]2[C@H](OC(C)O)[C@@H](CO)O3)c(=O)[nH]1,False,C14H17N5O7,367.1128,26
CC(=O)Nc1nc2c(ncn2[C@@]23OC[C@@H](O2)[C@@H](OC(C)O)[C@H]3O)c(=O)[nH]1,False,C14H17N5O7,367.1128,26
CC(=O)Nc1nc2c(ncn2[C@@H]2O[C@@H]3C(O)O[C@@H]2[C@@H]3OC(C)O)c(=O)[nH]1,False,C14H17N5O7,367.1128,26
CC(=O)Nc1nc2c(nc3n2[C@@H]2O[C@H](CO)[C@@H](OC(C)O)[C@H]2O3)c(=O)[nH]1,False,C14H17N5O7,367.1128,26
CC(=O)Nc1nc2c(nc3n2[C@@H]2O[C@H](CO3)[C@@H](OC(C)O)[C@H]2O)c(=O)[nH]1,False,C14H17N5O7,367.1128,26
CC(O)O[C@H]1[C@H]2OCC(=O)Nc3nc4c(ncn4[C@@H]2O[C@@H]1CO)c(=O)[nH]3,False,C14H17N5O7,367.1128,26
CC(O)O[C@H]1[C@@H](O)[C@H]2O[C@@H]1COCC(=O)Nc1nc3c(ncn32)c(=O)[nH]1,False,C14H17N5O7,367.1128,26
CC(=O)Nc1nc2c(ncn2[C@@H]2O[C@H](CO)[C@@H](OC(C)O)[C@H]2O)c(=O)[nH]1,False,C14H19N5O7,369.1284,26
CCC(=O)O[C@H]1[C@@H](O)[C@H](n2cnc3c(=O)[nH]c(NC(C)=O)nc32)O[C@@H]1CO,False,C15H19N5O7,381.1284,27
CC(=O)Nc1nc2c(ncn2[C@@H]2O[C@H](CO)[C@@H](OC(C)(O)C#N)[C@H]2O)c(=O)[nH]1,False,C15H18N6O7,394.1237,28
CC(=O)O[C@H]1[C@@H](O)[C@H](n2cnc3c(=O)[nH]c(NC(C)(O)C#N)nc32)O[C@@H]1CO,False,C15H18N6O7,394.1237,28
CC(=O)Nc1nc2c(ncn2[C@@H]2O[C@H](CO)[C@@H](OC(C)N)[C@H]2O)c(=O)[nH]1,False,C14H20N6O6,368.1444,26
CC(=O)O[C@H]1[C@@H](O)[C@H](n2cnc3c(=O)[nH]c(NC(C)N)nc32)O[C@@H]1CO,False,C14H20N6O6,368.1444,26
CC(=O)O[C@H]1[C@@H](O)[C@H](n2cnc3c(=O)[nH]c(N(C(C)=O)C(N)=O)nc32)O[C@@H]1CO,False,C15H18N6O8,410.1186,29
CC(=O)Nc1nc2c(ncn2[C@@H]2O[C@H](CO)[C@@H](OC(=O)CO)[C@H]2O)c(=O)[nH]1,False,C14H17N5O8,383.1077,27
CC(=O)O[C@H]1[C@@H](O)[C@H](n2cnc3c(=O)[nH]c(NC(=O)CO)nc32)O[C@@H]1CO,False,C14H17N5O8,383.1077,27
COC(=O)O[C@H]1[C@@H](O)[C@H](n2cnc3c(=O)[nH]c(NC(C)=O)nc32)O[C@@H]1CO,False,C14H17N5O8,383.1077,27
COC(=O)Nc1nc2c(ncn2[C@@H]2O[C@H](CO)[C@@H](OC(C)=O)[C@H]2O)c(=O)[nH]1,False,C14H17N5O8,383.1077,27
CC(=O)Nc1nc2c(ncn2[C@@H]2O[C@H](CO)[C@@H](OC(O)CO)[C@H]2O)c(=O)[nH]1,False,C14H19N5O8,385.1234,27
CC(O)Nc1nc2c(ncn2[C@@H]2O[C@H](CO)[C@@H](OC(=O)CO)[C@H]2O)c(=O)[nH]1,False,C14H19N5O8,385.1234,27
CC(O)O[C@H]1[C@@H](O)[C@H](n2cnc3c(=O)[nH]c(NC(=O)CO)nc32)O[C@@H]1CO,False,C14H19N5O8,385.1234,27
CC(=O)O[C@H]1[C@@H](O)[C@H](n2cnc3c(=O)[nH]c(NC(O)CO)nc32)O[C@@H]1CO,False,C14H19N5O8,385.1234,27
CC(=O)Nc1nc2c(ncn2[C@@H]2O[C@H](C)[C@@H](OC(C)=O)[C@H]2O)c(=O)[nH]1,False,C14H17N5O6,351.1179,25
CC(=O)Nc1nc2c(ncn2[C@@H]2O[C@H](CO)[C@@H](C(C)=O)[C@H]2O)c(=O)[nH]1,False,C14H17N5O6,351.1179,25
CC(=O)Nc1nc2c(ncn2[C@@H]2O[C@H](C(=O)O)[C@@H](OC(C)=O)[C@H]2O)c(=O)[nH]1,False,C14H15N5O8,381.0921,27
CC(=O)O[C@H]1[C@@H](O)[C@H](n2cnc3c(=O)[nH]c(NC=O)nc32)O[C@@H]1CO,False,C13H15N5O7,353.0971,25
CC(=O)Nc1nc2c(ncn2[C@@H]2O[C@H](CO)[C@](C)(OC(C)=O)[C@H]2O)c(=O)[nH]1,False,C15H19N5O7,381.1284,27
CC(=O)Nc1nc2c(ncn2[C@@H]2O[C@H](CO)[C@@H](OC(C)=O)[C@]2(C)O)c(=O)[nH]1,False,C15H19N5O7,381.1284,27
CC(=O)Nc1nc2c(ncn2[C@@H]2O[C@@](C)(CO)[C@@H](OC(C)=O)[C@H]2O)c(=O)[nH]1,False,C15H19N5O7,381.1284,27
CC(=O)Nc1nc2c(ncn2[C@@]2(C)O[C@H](CO)[C@@H](OC(C)=O)[C@H]2O)c(=O)[nH]1,False,C15H19N5O7,381.1284,27
CC(=O)Nc1nc2c(ncn2[C@@H]2O[C@H](C(C)O)[C@@H](OC(C)=O)[C@H]2O)c(=O)[nH]1,False,C15H19N5O7,381.1284,27
CC(=O)Nc1nc2c(nc(C)n2[C@@H]2O[C@H](CO)[C@@H](OC(C)=O)[C@H]2O)c(=O)[nH]1,False,C15H19N5O7,381.1284,27
O=CNc1nc2c(ncn2[C@@]2(CC(=O)O)O[C@H](CO)[C@@H](O)[C@H]2O)c(=O)[nH]1,False,C13H15N5O8,369.0921,26
O=CNc1nc2c(nc(CC(=O)O)n2[C@@H]2O[C@H](CO)[C@@H](O)[C@H]2O)c(=O)[nH]1,False,C13H15N5O8,369.0921,26
O=CNc1nc2c(ncn2[C@@H]2O[C@H](CO)[C@@H](O)[C@@]2(O)CC(=O)O)c(=O)[nH]1,False,C13H15N5O8,369.0921,26
O=CNc1nc2c(ncn2[C@@H]2O[C@H](CO)[C@@](O)(CC(=O)O)[C@H]2O)c(=O)[nH]1,False,C13H15N5O8,369.0921,26
O=CNc1nc2c(ncn2[C@@H]2O[C@](CO)(CC(=O)O)[C@@H](O)[C@H]2O)c(=O)[nH]1,False,C13H15N5O8,369.0921,26
CC(=O)Nc1nc2c(nc(C(=O)O)n2[C@@H]2O[C@H](CO)[C@@H](O)[C@H]2O)c(=O)[nH]1,False,C13H15N5O8,369.0921,26
CC(=O)Nc1nc2c(ncn2[C@@H]2O[C@H](CO)[C@@H](O)[C@@]2(O)C(=O)O)c(=O)[nH]1,False,C13H15N5O8,369.0921,26
CC(=O)Nc1nc2c(ncn2[C@@H]2O[C@H](CO)[C@@](O)(C(=O)O)[C@H]2O)c(=O)[nH]1,False,C13H15N5O8,369.0921,26
CC(=O)Nc1nc2c(ncn2[C@@H]2O[C@](CO)(C(=O)O)[C@@H](O)[C@H]2O)c(=O)[nH]1,False,C13H15N5O8,369.0921,26
CC(=O)Nc1nc2c(ncn2[C@@H]2O[C@H](C(O)C(=O)O)[C@@H](O)[C@H]2O)c(=O)[nH]1,False,C13H15N5O8,369.0921,26
O=C1CC(O)(Nc2nc3c(ncn3[C@@H]3O[C@H](CO)[C@@H](O)[C@H]3O)c(=O)[nH]2)O1,False,C13H15N5O8,369.0921,26
O=C1CC(O)(O)OC[C@H]2O[C@H]([C@H](O)[C@@H]2O)n2cnc3c(=O)[nH]c(nc32)N1,False,C13H15N5O8,369.0921,26
O=C(O)CC1(O)Nc2nc3c(ncn3[C@@H]3O[C@H](CO1)[C@@H](O)[C@H]3O)c(=O)[nH]2,False,C13H15N5O8,369.0921,26
O=CCC(=O)Nc1nc2c(ncn2[C@@H]2O[C@H](C=O)[C@@H](O)[C@H]2O)c(=O)[nH]1,False,C13H13N5O7,351.0815,25
O=C1CC(=O)N1c1nc2c(ncn2[C@@H]2O[C@H](CO)[C@@H](O)[C@H]2O)c(=O)[nH]1,False,C13H13N5O7,351.0815,25
O=C1C=C(Nc2nc3c(ncn3[C@@H]3O[C@H](CO)[C@@H](O)[C@H]3O)c(=O)[nH]2)O1,False,C13H13N5O7,351.0815,25
O=C(Nc1nc2c(ncn2[C@@H]2O[C@H](CO)[C@@H](O)[C@H]2O)c(=O)[nH]1)C1OC1O,False,C13H15N5O8,369.0921,26
O=C1OC1C(O)Nc1nc2c(ncn2[C@@H]2O[C@H](CO)[C@@H](O)[C@H]2O)c(=O)[nH]1,False,C13H15N5O8,369.0921,26
O=C1Nc2nc3c(ncn3[C@@H]3O[C@H](CO)[C@@H](O)[C@H]3OC1C(O)O)c(=O)[nH]2,False,C13H15N5O8,369.0921,26
O=C(O)C1O[C@@H]2[C@H](O)[C@@H](CO)O[C@H]2n2cnc3c(=O)[nH]c(nc32)NC1O,False,C13H15N5O8,369.0921,26
O=C1Nc2nc3c(ncn3[C@@H]3O[C@H](CO)[C@@H](OC1C(O)O)[C@H]3O)c(=O)[nH]2,False,C13H15N5O8,369.0921,26
O=C(O)C1O[C@H]2[C@@H](O)[C@@H](O[C@@H]2CO)n2cnc3c(=O)[nH]c(nc32)NC1O,False,C13H15N5O8,369.0921,26
O=C1Nc2nc3c(ncn3[C@@H]3O[C@H](COC1C(O)O)[C@@H](O)[C@H]3O)c(=O)[nH]2,False,C13H15N5O8,369.0921,26
O=C(O)C1OC[C@H]2O[C@H]([C@H](O)[C@@H]2O)n2cnc3c(=O)[nH]c(nc32)NC1O,False,C13H15N5O8,369.0921,26
O=C1CC(O)O[C@@]2(O[C@H](CO)[C@@H](O)[C@H]2O)n2cnc3c(=O)[nH]c(nc32)N1,False,C13H15N5O8,369.0921,26
O=C1CC(O)Nc2nc3c(ncn3[C@@]3(O1)O[C@H](CO)[C@@H](O)[C@H]3O)c(=O)[nH]2,False,C13H15N5O8,369.0921,26
O=C(CC(O)O)Nc1nc2c(ncn2[C@]23O[C@@H]2[C@H](O)[C@@H](CO)O3)c(=O)[nH]1,False,C13H15N5O8,369.0921,26
O=C(CC(O)O)Nc1nc2c(ncn2[C@]23O[C@@H]([C@H]2O)[C@@H](CO)O3)c(=O)[nH]1,False,C13H15N5O8,369.0921,26
O=C(CC(O)O)Nc1nc2c(ncn2[C@@]23OC[C@@H](O2)[C@@H](O)[C@H]3O)c(=O)[nH]1,False,C13H15N5O8,369.0921,26
O=C1CC(O)Oc2nc3c(=O)[nH]c(nc3n2[C@@H]2O[C@H](CO)[C@@H](O)[C@H]2O)N1,False,C13H15N5O8,369.0921,26
O=C1CC(O)Nc2nc3c(nc(n3[C@@H]3O[C@H](CO)[C@@H](O)[C@H]3O)O1)c(=O)[nH]2,False,C13H15N5O8,369.0921,26
O=C(CC(O)O)Nc1nc2c(nc3n2[C@@H]2O[C@H](CO)[C@@H](O)[C@H]2O3)c(=O)[nH]1,False,C13H15N5O8,369.0921,26
O=C(CC(O)O)Nc1nc2c(nc3n2[C@@H]2O[C@H](CO)[C@@H](O3)[C@H]2O)c(=O)[nH]1,False,C13H15N5O8,369.0921,26
O=C(CC(O)O)Nc1nc2c(nc3n2[C@@H]2O[C@H](CO3)[C@@H](O)[C@H]2O)c(=O)[nH]1,False,C13H15N5O8,369.0921,26
O=C1CC(O)O[C@]2(O)[C@H](O)[C@@H](CO)O[C@H]2n2cnc3c(=O)[nH]c(nc32)N1,False,C13H15N5O8,369.0921,26
O=C1CC(O)Nc2nc3c(ncn3[C@@H]3O[C@H](CO)[C@@H](O)[C@@]3(O)O1)c(=O)[nH]2,False,C13H15N5O8,369.0921,26
O=C(CC(O)O)Nc1nc2c(ncn2[C@@H]2O[C@H](CO)[C@H]3O[C@]32O)c(=O)[nH]1,False,C13H15N5O8,369.0921,26
O=C(CC(O)O)Nc1nc2c(ncn2[C@@H]2O[C@@H]3CO[C@]2(O)[C@@H]3O)c(=O)[nH]1,False,C13H15N5O8,369.0921,26
O=C1CC(O)O[C@]2(O)[C@@H](CO)O[C@H]([C@@H]2O)n2cnc3c(=O)[nH]c(nc32)N1,False,C13H15N5O8,369.0921,26
O=C1CC(O)Nc2nc3c(ncn3[C@@H]3O[C@H](CO)[C@@](O)(O1)[C@H]3O)c(=O)[nH]2,False,C13H15N5O8,369.0921,26
O=C(CC(O)O)Nc1nc2c(ncn2[C@@H]2O[C@H](CO)[C@@]3(O)O[C@@H]23)c(=O)[nH]1,False,C13H15N5O8,369.0921,26
O=C(CC(O)O)Nc1nc2c(ncn2[C@@H]2O[C@@H]3CO[C@@]3(O)[C@H]2O)c(=O)[nH]1,False,C13H15N5O8,369.0921,26
O=C1CC(O)O[C@@]2(CO)O[C@H]([C@H](O)[C@@H]2O)n2cnc3c(=O)[nH]c(nc32)N1,False,C13H15N5O8,369.0921,26
O=C1CC(O)Nc2nc3c(ncn3[C@@H]3O[C@](CO)(O1)[C@@H](O)[C@H]3O)c(=O)[nH]2,False,C13H15N5O8,369.0921,26
O=C(CC(O)O)Nc1nc2c(ncn2[C@@H]2O[C@]3(CO)O[C@@H]2[C@@H]3O)c(=O)[nH]1,False,C13H15N5O8,369.0921,26
O=C(CC(O)O)Nc1nc2c(ncn2[C@@H]2O[C@]3(CO)O[C@H]3[C@H]2O)c(=O)[nH]1,False,C13H15N5O8,369.0921,26
O=C(CC(O)O)Nc1nc2c(ncn2[C@@H]2O[C@@]3(CO3)[C@@H](O)[C@H]2O)c(=O)[nH]1,False,C13H15N5O8,369.0921,26
O=C1CC(O)OC(O)[C@H]2O[C@H]([C@H](O)[C@@H]2O)n2cnc3c(=O)[nH]c(nc32)N1,False,C13H15N5O8,369.0921,26
O=C1CC(O)Nc2nc3c(ncn3[C@@H]3O[C@H](C(O)O1)[C@@H](O)[C@H]3O)c(=O)[nH]2,False,C13H15N5O8,369.0921,26
O=C(CC(O)O)Nc1nc2c(ncn2[C@@H]2O[C@@H]3C(O)O[C@@H]2[C@@H]3O)c(=O)[nH]1,False,C13H15N5O8,369.0921,26
O=C(CC(O)O)Nc1nc2c(ncn2[C@@H]2O[C@@H]3C(O)O[C@H]3[C@H]2O)c(=O)[nH]1,False,C13H15N5O8,369.0921,26
O=CC(Nc1nc2c(ncn2[C@@H]2O[C@H](CO)[C@@H](O)[C@H]2O)c(=O)[nH]1)C(=O)O,False,C13H15N5O8,369.0921,26
O=C1CC(O)=[N+]1c1nc2c(ncn2[C@@H]2O[C@H](CO)[C@@H](O)[C@H]2O)c(=O)[nH]1,False,C13H14N5O7+,352.0888,25
O=C(CC(O)O)Nc1nc2c(ncn2[C@@H]2O[C@H](CO)[C@@H](O)[C@H]2O)c(=O)[nH]1,False,C13H17N5O8,371.1077,26
O=CCC(=O)Nc1nc2c(ncn2[C@@H]2O[C@H](CO)[C@@H](O)[C@H]2O)c(=O)[nH]1,False,C13H15N5O7,353.0971,25
COC(=O)CC(=O)Nc1nc2c(ncn2[C@@H]2O[C@H](CO)[C@@H](O)[C@H]2O)c(=O)[nH]1,False,C14H17N5O8,383.1077,27
N#CC(O)(O)CC(=O)Nc1nc2c(ncn2[C@@H]2O[C@H](CO)[C@@H](O)[C@H]2O)c(=O)[nH]1,False,C14H16N6O8,396.103,28
N#CC(O)(CC(=O)O)Nc1nc2c(ncn2[C@@H]2O[C@H](CO)[C@@H](O)[C@H]2O)c(=O)[nH]1,False,C14H16N6O8,396.103,28
O=C(Cl)CC(=O)Nc1nc2c(ncn2[C@@H]2O[C@H](CO)[C@@H](O)[C@H]2O)c(=O)[nH]1,False,C13H14ClN5O7,387.0582,26
NC(=O)CC(=O)Nc1nc2c(ncn2[C@@H]2O[C@H](CO)[C@@H](O)[C@H]2O)c(=O)[nH]1,False,C13H16N6O7,368.108,26
N#CCC(=O)Nc1nc2c(ncn2[C@@H]2O[C@H](CO)[C@@H](O)[C@H]2O)c(=O)[nH]1,False,C13H14N6O6,350.0975,25
NC(O)CC(=O)Nc1nc2c(ncn2[C@@H]2O[C@H](CO)[C@@H](O)[C@H]2O)c(=O)[nH]1,False,C13H18N6O7,370.1237,26
NC(CC(=O)O)Nc1nc2c(ncn2[C@@H]2O[C@H](CO)[C@@H](O)[C@H]2O)c(=O)[nH]1,False,C13H18N6O7,370.1237,26
O=CC(=O)Nc1nc2c(ncn2[C@@H]2O[C@H](CO)[C@@H](O)[C@H]2O)c(=O)[nH]1,False,C12H13N5O7,339.0815,24
O=C(O)CC(=O)OP(=O)(O)O,False,C3H5O7P,183.9773,11
C[C@H]1O[C@@H](n2cnc3c(=O)[nH]c(NC(=O)CC(=O)O)nc32)[C@H](O)[C@@H]1O,False,C13H15N5O7,353.0971,25
N#CCC(O)Nc1nc2c(ncn2[C@@H]2O[C@H](CO)[C@@H](O)[C@H]2O)c(=O)[nH]1,False,C13H16N6O6,352.1131,25
CC(O)Nc1nc2c(ncn2[C@@]2(C#N)O[C@H](CO)[C@@H](O)[C@H]2O)c(=O)[nH]1,False,C13H16N6O6,352.1131,25
C[C@]1(n2cnc3c(=O)[nH]c(NC(O)C#N)nc32)O[C@H](CO)[C@@H](O)[C@H]1O,False,C13H16N6O6,352.1131,25
CC(O)Nc1nc2c(nc(C#N)n2[C@@H]2O[C@H](CO)[C@@H](O)[C@H]2O)c(=O)[nH]1,False,C13H16N6O6,352.1131,25
Cc1nc2c(=O)[nH]c(NC(O)C#N)nc2n1[C@@H]1O[C@H](CO)[C@@H](O)[C@H]1O,False,C13H16N6O6,352.1131,25
CC(O)Nc1nc2c(ncn2[C@@H]2O[C@H](CO)[C@@H](O)[C@@]2(O)C#N)c(=O)[nH]1,False,C13H16N6O6,352.1131,25
C[C@]1(O)[C@H](O)[C@@H](CO)O[C@H]1n1cnc2c(=O)[nH]c(NC(O)C#N)nc21,False,C13H16N6O6,352.1131,25
CC(O)Nc1nc2c(ncn2[C@@H]2O[C@H](CO)[C@@](O)(C#N)[C@H]2O)c(=O)[nH]1,False,C13H16N6O6,352.1131,25
C[C@]1(O)[C@@H](CO)O[C@@H](n2cnc3c(=O)[nH]c(NC(O)C#N)nc32)[C@@H]1O,False,C13H16N6O6,352.1131,25
CC(O)Nc1nc2c(ncn2[C@@H]2O[C@@](C#N)(CO)[C@@H](O)[C@H]2O)c(=O)[nH]1,False,C13H16N6O6,352.1131,25
C[C@@]1(CO)O[C@@H](n2cnc3c(=O)[nH]c(NC(O)C#N)nc32)[C@H](O)[C@@H]1O,False,C13H16N6O6,352.1131,25
CC(O)Nc1nc2c(ncn2[C@@H]2O[C@H](C(O)C#N)[C@@H](O)[C@H]2O)c(=O)[nH]1,False,C13H16N6O6,352.1131,25
CC(O)[C@H]1O[C@@H](n2cnc3c(=O)[nH]c(NC(O)C#N)nc32)[C@H](O)[C@@H]1O,False,C13H16N6O6,352.1131,25
N#CC(=O)Nc1nc2c(ncn2[C@@H]2O[C@H](CO)[C@@H](O)[C@H]2O)c(=O)[nH]1,False,C12H12N6O6,336.0818,24
CC(C#N)Nc1nc2c(ncn2[C@@H]2O[C@H](C=O)[C@@H](O)[C@H]2O)c(=O)[nH]1,False,C13H14N6O5,334.1026,24
CC(=O)C#N,False,C3H3NO,69.0215,5
COC(C)(C#N)Nc1nc2c(ncn2[C@@H]2O[C@H](CO)[C@@H](O)[C@H]2O)c(=O)[nH]1,False,C14H18N6O6,366.1288,26
CC(=O)OC(C)(C#N)Nc1nc2c(ncn2[C@@H]2O[C@H](CO)[C@@H](O)[C@H]2O)c(=O)[nH]1,False,C15H18N6O7,394.1237,28
CC(Cl)(C#N)Nc1nc2c(ncn2[C@@H]2O[C@H](CO)[C@@H](O)[C@H]2O)c(=O)[nH]1,False,C13H15ClN6O5,370.0792,25
CC(O)(C#N)N(C(N)=O)c1nc2c(ncn2[C@@H]2O[C@H](CO)[C@@H](O)[C@H]2O)c(=O)[nH]1,False,C14H17N7O7,395.1189,28
N#CC(O)(CO)Nc1nc2c(ncn2[C@@H]2O[C@H](CO)[C@@H](O)[C@H]2O)c(=O)[nH]1,False,C13H16N6O7,368.108,26
CC(O)(Nc1nc2c(ncn2[C@@H]2O[C@H](CO)[C@@H](O)[C@H]2O)c(=O)[nH]1)C(N)=O,False,C13H18N6O7,370.1237,26
CC(O)(C=NO)Nc1nc2c(ncn2[C@@H]2O[C@H](CO)[C@@H](O)[C@H]2O)c(=O)[nH]1,False,C13H18N6O7,370.1237,26
CC(C#N)Nc1nc2c(ncn2[C@@H]2O[C@H](CO)[C@@H](O)[C@H]2O)c(=O)[nH]1,False,C13H16N6O5,336.1182,24
C[C@H]1O[C@@H](n2cnc3c(=O)[nH]c(NC(C)(O)C#N)nc32)[C@H](O)[C@@H]1O,False,C13H16N6O5,336.1182,24
CC(O)(C#N)Nc1nc2c(ncn2[C@@H]2O[C@H](C(=O)O)[C@@H](O)[C@H]2O)c(=O)[nH]1,False,C13H14N6O7,366.0924,26
N#CCC(O)(C#N)Nc1nc2c(ncn2[C@@H]2O[C@H](CO)[C@@H](O)[C@H]2O)c(=O)[nH]1,False,C14H15N7O6,377.1084,27
N#CC(O)Nc1nc2c(ncn2[C@@H]2O[C@H](CO)[C@@H](O)[C@H]2O)c(=O)[nH]1,False,C12H14N6O6,338.0975,24
CC(O)(C#N)Nc1nc2c(ncn2[C@@]2(C#N)O[C@H](CO)[C@@H](O)[C@H]2O)c(=O)[nH]1,False,C14H15N7O6,377.1084,27
CC(O)(C#N)Nc1nc2c(ncn2[C@@]2(C)O[C@H](CO)[C@@H](O)[C@H]2O)c(=O)[nH]1,False,C14H18N6O6,366.1288,26
CC(O)(C#N)Nc1nc2c(nc(C#N)n2[C@@H]2O[C@H](CO)[C@@H](O)[C@H]2O)c(=O)[nH]1,False,C14H15N7O6,377.1084,27
Cc1nc2c(=O)[nH]c(NC(C)(O)C#N)nc2n1[C@@H]1O[C@H](CO)[C@@H](O)[C@H]1O,False,C14H18N6O6,366.1288,26
CC(O)(C#N)Nc1nc2c(ncn2[C@@H]2O[C@H](CO)[C@@H](O)[C@@]2(O)C#N)c(=O)[nH]1,False,C14H15N7O6,377.1084,27
CC(O)(C#N)Nc1nc2c(ncn2[C@@H]2O[C@H](CO)[C@@H](O)[C@]2(C)O)c(=O)[nH]1,False,C14H18N6O6,366.1288,26
CC(O)(C#N)Nc1nc2c(ncn2[C@@H]2O[C@H](CO)[C@@](O)(C#N)[C@H]2O)c(=O)[nH]1,False,C14H15N7O6,377.1084,27
CC(O)(C#N)Nc1nc2c(ncn2[C@@H]2O[C@H](CO)[C@](C)(O)[C@H]2O)c(=O)[nH]1,False,C14H18N6O6,366.1288,26
CC(O)(C#N)Nc1nc2c(ncn2[C@@H]2O[C@@](C#N)(CO)[C@@H](O)[C@H]2O)c(=O)[nH]1,False,C14H15N7O6,377.1084,27
CC(O)(C#N)Nc1nc2c(ncn2[C@@H]2O[C@@](C)(CO)[C@@H](O)[C@H]2O)c(=O)[nH]1,False,C14H18N6O6,366.1288,26
CC(O)(C#N)Nc1nc2c(ncn2[C@@H]2O[C@H](C(O)C#N)[C@@H](O)[C@H]2O)c(=O)[nH]1,False,C14H15N7O6,377.1084,27
CC(O)[C@H]1O[C@@H](n2cnc3c(=O)[nH]c(NC(C)(O)C#N)nc32)[C@H](O)[C@@H]1O,False,C14H18N6O6,366.1288,26
C[C@]1(n2cnc3c(=O)[nH]c(NCN)nc32)O[C@H](CO)[C@@H](O)[C@H]1O,False,C12H18N6O5,326.1339,23
Cc1nc2c(=O)[nH]c(NCN)nc2n1[C@@H]1O[C@H](CO)[C@@H](O)[C@H]1O,False,C12H18N6O5,326.1339,23
C[C@]1(O)[C@H](O)[C@@H](CO)O[C@H]1n1cnc2c(=O)[nH]c(NCN)nc21,False,C12H18N6O5,326.1339,23
C[C@]1(O)[C@@H](CO)O[C@@H](n2cnc3c(=O)[nH]c(NCN)nc32)[C@@H]1O,False,C12H18N6O5,326.1339,23
C[C@@]1(CO)O[C@@H](n2cnc3c(=O)[nH]c(NCN)nc32)[C@H](O)[C@@H]1O,False,C12H18N6O5,326.1339,23
CC(O)[C@H]1O[C@@H](n2cnc3c(=O)[nH]c(NCN)nc32)[C@H](O)[C@@H]1O,False,C12H18N6O5,326.1339,23
CC1N=C2NC(=Nc3c2ncn3[C@@H]2O[C@H](CO)[C@@H](O)[C@H]2O)N1,False,C12H16N6O4,308.1233,22
CC(N)Nc1nc2c(ncn2[C@@H]2O[C@H](COP(=O)(O)O)[C@@H](O)[C@H]2O)c(=O)[nH]1,False,C12H19N6O8P,406.1002,27
CC(N)Nc1nc2c(ncn2[C@@H]2O[C@H](CO)[C@@H](O)[C@H]2OP(=O)(O)O)c(=O)[nH]1,False,C12H19N6O8P,406.1002,27
CC(N)Nc1nc2c(ncn2[C@@H]2O[C@H](CO)[C@@H](OP(=O)(O)O)[C@H]2O)c(=O)[nH]1,False,C12H19N6O8P,406.1002,27
CC(N)Nc1nc2c(ncn2[C@@H]2O[C@H](CO)[C@@H](O)[C@H]2OS(=O)(=O)O)c(=O)[nH]1,False,C12H18N6O8S,406.0907,27
CC(N)Nc1nc2c(ncn2[C@@H]2O[C@H](CO)[C@@H](OS(=O)(=O)O)[C@H]2O)c(=O)[nH]1,False,C12H18N6O8S,406.0907,27
CC(N)Nc1nc2c(ncn2[C@@H]2O[C@H](COS(=O)(=O)O)[C@@H](O)[C@H]2O)c(=O)[nH]1,False,C12H18N6O8S,406.0907,27
CNC(C)Nc1nc2c(ncn2[C@@H]2O[C@H](CO)[C@@H](O)[C@H]2O)c(=O)[nH]1,False,C13H20N6O5,340.1495,24
CC(C)(N)Nc1nc2c(ncn2[C@@H]2O[C@H](CO)[C@@H](O)[C@H]2O)c(=O)[nH]1,False,C13H20N6O5,340.1495,24
CC(=O)NC(C)Nc1nc2c(ncn2[C@@H]2O[C@H](CO)[C@@H](O)[C@H]2O)c(=O)[nH]1,False,C14H20N6O6,368.1444,26
CC(N)(Nc1nc2c(ncn2[C@@H]2O[C@H](CO)[C@@H](O)[C@H]2O)c(=O)[nH]1)C(=O)O,False,C13H18N6O7,370.1237,26
CC(NC(N)=O)Nc1nc2c(ncn2[C@@H]2O[C@H](CO)[C@@H](O)[C@H]2O)c(=O)[nH]1,False,C13H19N7O6,369.1397,26
CC(N)N(C(N)=O)c1nc2c(ncn2[C@@H]2O[C@H](CO)[C@@H](O)[C@H]2O)c(=O)[nH]1,False,C13H19N7O6,369.1397,26
CC(N)(O)Nc1nc2c(ncn2[C@@H]2O[C@H](CO)[C@@H](O)[C@H]2O)c(=O)[nH]1,False,C12H18N6O6,342.1288,24
NC(CO)Nc1nc2c(ncn2[C@@H]2O[C@H](CO)[C@@H](O)[C@H]2O)c(=O)[nH]1,False,C12H18N6O6,342.1288,24
CC(N)Nc1nc2c(ncn2[C@@H]2O[C@H](C)[C@@H](O)[C@H]2O)c(=O)[nH]1,False,C12H18N6O4,310.139,22
CC(N)Nc1nc2c(ncn2[C@@H]2O[C@H](C(=O)O)[C@@H](O)[C@H]2O)c(=O)[nH]1,False,C12H16N6O6,340.1131,24
NCNc1nc2c(ncn2[C@@H]2O[C@H](CO)[C@@H](O)[C@H]2O)c(=O)[nH]1,False,C11H16N6O5,312.1182,22
CC(N)Nc1nc2c(ncn2[C@@]2(C)O[C@H](CO)[C@@H](O)[C@H]2O)c(=O)[nH]1,False,C13H20N6O5,340.1495,24
Cc1nc2c(=O)[nH]c(NC(C)N)nc2n1[C@@H]1O[C@H](CO)[C@@H](O)[C@H]1O,False,C13H20N6O5,340.1495,24
CC(N)Nc1nc2c(ncn2[C@@H]2O[C@H](CO)[C@@H](O)[C@]2(C)O)c(=O)[nH]1,False,C13H20N6O5,340.1495,24
CC(N)Nc1nc2c(ncn2[C@@H]2O[C@H](CO)[C@](C)(O)[C@H]2O)c(=O)[nH]1,False,C13H20N6O5,340.1495,24
CC(N)Nc1nc2c(ncn2[C@@H]2O[C@@](C)(CO)[C@@H](O)[C@H]2O)c(=O)[nH]1,False,C13H20N6O5,340.1495,24
CC(N)Nc1nc2c(ncn2[C@@H]2O[C@H](C(C)O)[C@@H](O)[C@H]2O)c(=O)[nH]1,False,C13H20N6O5,340.1495,24
C[C@]1(n2cnc3c(=O)[nH]c(N(C=O)C(N)=O)nc32)O[C@H](CO)[C@@H](O)[C@H]1O,False,C13H16N6O7,368.108,26
Cc1nc2c(=O)[nH]c(N(C=O)C(N)=O)nc2n1[C@@H]1O[C@H](CO)[C@@H](O)[C@H]1O,False,C13H16N6O7,368.108,26
C[C@]1(O)[C@H](O)[C@@H](CO)O[C@H]1n1cnc2c(=O)[nH]c(N(C=O)C(N)=O)nc21,False,C13H16N6O7,368.108,26
C[C@]1(O)[C@@H](CO)O[C@@H](n2cnc3c(=O)[nH]c(N(C=O)C(N)=O)nc32)[C@@H]1O,False,C13H16N6O7,368.108,26
C[C@@]1(CO)O[C@@H](n2cnc3c(=O)[nH]c(N(C=O)C(N)=O)nc32)[C@H](O)[C@@H]1O,False,C13H16N6O7,368.108,26
CC(O)[C@H]1O[C@@H](n2cnc3c(=O)[nH]c(N(C=O)C(N)=O)nc32)[C@H](O)[C@@H]1O,False,C13H16N6O7,368.108,26
CC1=NC(=O)N1c1nc2c(ncn2[C@@H]2O[C@H](CO)[C@@H](O)[C@H]2O)c(=O)[nH]1,False,C13H14N6O6,350.0975,25
CC(=O)N1C(=O)N=C2NC1=Nc1c2ncn1[C@@H]1O[C@H](CO)[C@@H](O)[C@H]1O,False,C13H14N6O6,350.0975,25
NC(O)N1C(=O)CO[C@@H]2[C@H](O)[C@@H](CO)O[C@H]2n2cnc3c(=O)[nH]c1nc32,False,C13H16N6O7,368.108,26
NC(=O)N1c2nc3c(ncn3[C@@H]3O[C@H](CO)[C@@H](O)[C@H]3OCC1O)c(=O)[nH]2,False,C13H16N6O7,368.108,26
NC(O)N1C(=O)CO[C@H]2[C@@H](O)[C@@H](O[C@@H]2CO)n2cnc3c(=O)[nH]c1nc32,False,C13H16N6O7,368.108,26
NC(=O)N1c2nc3c(ncn3[C@@H]3O[C@H](CO)[C@@H](OCC1O)[C@H]3O)c(=O)[nH]2,False,C13H16N6O7,368.108,26
NC(O)N1C(=O)COC[C@H]2O[C@H]([C@H](O)[C@@H]2O)n2cnc3c(=O)[nH]c1nc32,False,C13H16N6O7,368.108,26
NC(=O)N1c2nc3c(ncn3[C@@H]3O[C@H](COCC1O)[C@@H](O)[C@H]3O)c(=O)[nH]2,False,C13H16N6O7,368.108,26
CC(=O)N(c1nc2c(ncn2[C@]23O[C@@H]2[C@H](O)[C@@H](CO)O3)c(=O)[nH]1)C(N)O,False,C13H16N6O7,368.108,26
CC(=O)N(c1nc2c(ncn2[C@]23O[C@@H]([C@H]2O)[C@@H](CO)O3)c(=O)[nH]1)C(N)O,False,C13H16N6O7,368.108,26
CC(=O)N(c1nc2c(ncn2[C@@]23OC[C@@H](O2)[C@@H](O)[C@H]3O)c(=O)[nH]1)C(N)O,False,C13H16N6O7,368.108,26
CC(=O)N(c1nc2c(nc3n2[C@@H]2O[C@H](CO)[C@@H](O)[C@H]2O3)c(=O)[nH]1)C(N)O,False,C13H16N6O7,368.108,26
CC(=O)N(c1nc2c(nc3n2[C@@H]2O[C@H](CO)[C@@H](O3)[C@H]2O)c(=O)[nH]1)C(N)O,False,C13H16N6O7,368.108,26
CC(=O)N(c1nc2c(nc3n2[C@@H]2O[C@H](CO3)[C@@H](O)[C@H]2O)c(=O)[nH]1)C(N)O,False,C13H16N6O7,368.108,26
CC(=O)N(c1nc2c(ncn2[C@@H]2O[C@H](CO)[C@H]3O[C@]32O)c(=O)[nH]1)C(N)O,False,C13H16N6O7,368.108,26
CC(=O)N(c1nc2c(ncn2[C@@H]2O[C@@H]3CO[C@]2(O)[C@@H]3O)c(=O)[nH]1)C(N)O,False,C13H16N6O7,368.108,26
CC(=O)N(c1nc2c(ncn2[C@@H]2O[C@H](CO)[C@@]3(O)O[C@@H]23)c(=O)[nH]1)C(N)O,False,C13H16N6O7,368.108,26
CC(=O)N(c1nc2c(ncn2[C@@H]2O[C@@H]3CO[C@@]3(O)[C@H]2O)c(=O)[nH]1)C(N)O,False,C13H16N6O7,368.108,26
CC(=O)N(c1nc2c(ncn2[C@@H]2O[C@]3(CO)O[C@@H]2[C@@H]3O)c(=O)[nH]1)C(N)O,False,C13H16N6O7,368.108,26
CC(=O)N(c1nc2c(ncn2[C@@H]2O[C@]3(CO)O[C@H]3[C@H]2O)c(=O)[nH]1)C(N)O,False,C13H16N6O7,368.108,26
CC(=O)N(c1nc2c(ncn2[C@@H]2O[C@@]3(CO3)[C@@H](O)[C@H]2O)c(=O)[nH]1)C(N)O,False,C13H16N6O7,368.108,26
CC(=O)N(c1nc2c(ncn2[C@@H]2O[C@@H]3C(O)O[C@@H]2[C@@H]3O)c(=O)[nH]1)C(N)O,False,C13H16N6O7,368.108,26
CC(=O)N(c1nc2c(ncn2[C@@H]2O[C@@H]3C(O)O[C@H]3[C@H]2O)c(=O)[nH]1)C(N)O,False,C13H16N6O7,368.108,26
CNC(=O)N(C(C)=O)c1nc2c(ncn2[C@@H]2O[C@H](CO)[C@@H](O)[C@H]2O)c(=O)[nH]1,False,C14H18N6O7,382.1237,27
NC(=O)Nc1nc2c(ncn2[C@@H]2O[C@H](CO)[C@@H](O)[C@H]2O)c(=O)[nH]1,False,C11H14N6O6,326.0975,23
NC(=O)N(C(=O)CO)c1nc2c(ncn2[C@@H]2O[C@H](CO)[C@@H](O)[C@H]2O)c(=O)[nH]1,False,C13H16N6O8,384.103,27
COC(=O)N(C(N)=O)c1nc2c(ncn2[C@@H]2O[C@H](CO)[C@@H](O)[C@H]2O)c(=O)[nH]1,False,C13H16N6O8,384.103,27
NC(=O)OP(=O)(O)O,False,CH4NO5P,140.9827,8
NC(=O)O,False,CH3NO2,61.0164,4
CC(=O)N(C(=O)O)c1nc2c(ncn2[C@@H]2O[C@H](CO)[C@@H](O)[C@H]2O)c(=O)[nH]1,False,C13H15N5O8,369.0921,26
NC(O)N(C(=O)CO)c1nc2c(ncn2[C@@H]2O[C@H](CO)[C@@H](O)[C@H]2O)c(=O)[nH]1,False,C13H18N6O8,386.1186,27
NC(=O)N(c1nc2c(ncn2[C@@H]2O[C@H](CO)[C@@H](O)[C@H]2O)c(=O)[nH]1)C(O)CO,False,C13H18N6O8,386.1186,27
CC(=O)N(C(N)=O)c1nc2c(ncn2[C@@H]2O[C@H](C)[C@@H](O)[C@H]2O)c(=O)[nH]1,False,C13H16N6O6,352.1131,25
CC(=O)N(C(N)=O)c1nc2c(ncn2[C@@H]2O[C@H](C(=O)O)[C@@H](O)[C@H]2O)c(=O)[nH]1,False,C13H14N6O8,382.0873,27
CC(=O)N(C(N)=O)c1nc2c(ncn2[C@@H]2O[C@H](COC(N)=O)[C@@H](O)[C@H]2O)c(=O)[nH]1,False,C14H17N7O8,411.1139,29
CC(=O)N(C(N)=O)c1nc2c(ncn2[C@@H]2O[C@H](CO)[C@@H](O)[C@H]2OC(N)=O)c(=O)[nH]1,False,C14H17N7O8,411.1139,29
CC(=O)N(C(N)=O)c1nc2c(ncn2[C@@H]2O[C@H](CO)[C@@H](OC(N)=O)[C@H]2O)c(=O)[nH]1,False,C14H17N7O8,411.1139,29
NC(=O)N(C=O)c1nc2c(ncn2[C@@H]2O[C@H](CO)[C@@H](O)[C@H]2O)c(=O)[nH]1,False,C12H14N6O7,354.0924,25
CC(=O)N(C(N)=O)c1nc2c(ncn2[C@@]2(C)O[C@H](CO)[C@@H](O)[C@H]2O)c(=O)[nH]1,False,C14H18N6O7,382.1237,27
CC(=O)N(C(N)=O)c1nc2c(nc(C)n2[C@@H]2O[C@H](CO)[C@@H](O)[C@H]2O)c(=O)[nH]1,False,C14H18N6O7,382.1237,27
CC(=O)N(C(N)=O)c1nc2c(ncn2[C@@H]2O[C@H](CO)[C@@H](O)[C@]2(C)O)c(=O)[nH]1,False,C14H18N6O7,382.1237,27
CC(=O)N(C(N)=O)c1nc2c(ncn2[C@@H]2O[C@H](CO)[C@](C)(O)[C@H]2O)c(=O)[nH]1,False,C14H18N6O7,382.1237,27
CC(=O)N(C(N)=O)c1nc2c(ncn2[C@@H]2O[C@@](C)(CO)[C@@H](O)[C@H]2O)c(=O)[nH]1,False,C14H18N6O7,382.1237,27
CC(=O)N(C(N)=O)c1nc2c(ncn2[C@@H]2O[C@H](C(C)O)[C@@H](O)[C@H]2O)c(=O)[nH]1,False,C14H18N6O7,382.1237,27
O=CNc1nc2c(nc(CO)n2[C@@H]2O[C@H](CO)[C@@H](O)[C@H]2O)c(=O)[nH]1,False,C12H15N5O7,341.0971,24
O=CNc1nc2c(ncn2[C@@H]2O[C@H](CO)[C@@H](O)[C@@]2(O)CO)c(=O)[nH]1,False,C12H15N5O7,341.0971,24
O=CNc1nc2c(ncn2[C@@H]2O[C@H](CO)[C@@](O)(CO)[C@H]2O)c(=O)[nH]1,False,C12H15N5O7,341.0971,24
O=CNc1nc2c(ncn2[C@@H]2OC(CO)(CO)[C@@H](O)[C@H]2O)c(=O)[nH]1,False,C12H15N5O7,341.0971,24
O=c1[nH]c2nc3c1ncn3[C@@H]1O[C@H](CO)[C@@H](O)[C@H]1OC(O)C(O)N2,False,C12H15N5O7,341.0971,24
O=c1[nH]c2nc3c1ncn3[C@@H]1O[C@H](CO)[C@@H](OC(O)C(O)N2)[C@H]1O,False,C12H15N5O7,341.0971,24
O=c1[nH]c2nc3c1ncn3[C@@H]1O[C@H](COC(O)C(O)N2)[C@@H](O)[C@H]1O,False,C12H15N5O7,341.0971,24
O=c1[nH]c2nc3c1ncn3[C@@]1(OCC(O)N2)O[C@H](CO)[C@@H](O)[C@H]1O,False,C12H15N5O7,341.0971,24
O=c1[nH]c2nc3c1nc(n3[C@@H]1O[C@H](CO)[C@@H](O)[C@H]1O)OCC(O)N2,False,C12H15N5O7,341.0971,24
O=c1[nH]c2nc3c1ncn3[C@@H]1O[C@H](CO)[C@@H](O)[C@@]1(O)OCC(O)N2,False,C12H15N5O7,341.0971,24
O=c1[nH]c2nc3c1ncn3[C@@H]1O[C@H](CO)[C@@](O)(OCC(O)N2)[C@H]1O,False,C12H15N5O7,341.0971,24
O=c1[nH]c2nc3c1ncn3[C@@H]1O[C@](CO)(OCC(O)N2)[C@@H](O)[C@H]1O,False,C12H15N5O7,341.0971,24
O=c1[nH]c2nc3c1ncn3[C@@H]1O[C@H](C(O)OCC(O)N2)[C@@H](O)[C@H]1O,False,C12H15N5O7,341.0971,24
O=C(O)CNc1nc2c(ncn2[C@@H]2O[C@H](CO)[C@@H](O)[C@H]2O)c(=O)[nH]1,False,C12H15N5O7,341.0971,24
COCC(=O)Nc1nc2c(ncn2[C@@H]2O[C@H](CO)[C@@H](O)[C@H]2O)c(=O)[nH]1,False,C13H17N5O7,355.1128,25
CC(=O)OCC(=O)Nc1nc2c(ncn2[C@@H]2O[C@H](CO)[C@@H](O)[C@H]2O)c(=O)[nH]1,False,C14H17N5O8,383.1077,27
O=C(CCl)Nc1nc2c(ncn2[C@@H]2O[C@H](CO)[C@@H](O)[C@H]2O)c(=O)[nH]1,False,C12H14ClN5O6,359.0633,24
O=C(Nc1nc2c(ncn2[C@@H]2O[C@H](CO)[C@@H](O)[C@H]2O)c(=O)[nH]1)C(O)O,False,C12H15N5O8,357.0921,25
O=C(Nc1nc2c(ncn2[C@@H]2O[C@H](CO)[C@@H](O)[C@H]2O)c(=O)[nH]1)OCO,False,C12H15N5O8,357.0921,25
O=C(CO)OP(=O)(O)O,False,C2H5O6P,155.9824,9
O=c1[nH]c(NC(O)C(O)O)nc2c1ncn2[C@@H]1O[C@H](CO)[C@@H](O)[C@H]1O,False,C12H17N5O8,359.1077,25
C[C@H]1O[C@@H](n2cnc3c(=O)[nH]c(NC(=O)CO)nc32)[C@H](O)[C@@H]1O,False,C12H15N5O6,325.1022,23
O=C(O)C(=O)Nc1nc2c(ncn2[C@@H]2O[C@H](CO)[C@@H](O)[C@H]2O)c(=O)[nH]1,False,C12H13N5O8,355.0764,25
O=C(CO)Nc1nc2c(ncn2[C@@H]2O[C@H](C(=O)O)[C@@H](O)[C@H]2O)c(=O)[nH]1,False,C12H13N5O8,355.0764,25
O=C(Nc1nc2c(ncn2[C@@H]2O[C@H](CO)[C@@H](O)[C@H]2O)c(=O)[nH]1)C(O)CO,False,C13H17N5O8,371.1077,26
O=C(CO)Nc1nc2c(ncn2[C@@]2(CO)O[C@H](CO)[C@@H](O)[C@H]2O)c(=O)[nH]1,False,C13H17N5O8,371.1077,26
O=C(CO)Nc1nc2c(nc(CO)n2[C@@H]2O[C@H](CO)[C@@H](O)[C@H]2O)c(=O)[nH]1,False,C13H17N5O8,371.1077,26
O=C(CO)Nc1nc2c(ncn2[C@@H]2O[C@H](CO)[C@@H](O)[C@@]2(O)CO)c(=O)[nH]1,False,C13H17N5O8,371.1077,26
O=C(CO)Nc1nc2c(ncn2[C@@H]2O[C@H](CO)[C@@](O)(CO)[C@H]2O)c(=O)[nH]1,False,C13H17N5O8,371.1077,26
O=C(CO)Nc1nc2c(ncn2[C@@H]2OC(CO)(CO)[C@@H](O)[C@H]2O)c(=O)[nH]1,False,C13H17N5O8,371.1077,26
O=C(CO)Nc1nc2c(ncn2[C@@H]2O[C@H](C(O)CO)[C@@H](O)[C@H]2O)c(=O)[nH]1,False,C13H17N5O8,371.1077,26
O=c1[nH]c2nc3c1ncn3[C@@H]1O[C@H](CO)[C@@H](O)[C@H]1OCOC(O)N2,False,C12H15N5O7,341.0971,24
O=c1[nH]c2nc3c1ncn3[C@@H]1O[C@H](CO)[C@@H](OCOC(O)N2)[C@H]1O,False,C12H15N5O7,341.0971,24
O=c1[nH]c2nc3c1ncn3[C@@H]1O[C@H](COCOC(O)N2)[C@@H](O)[C@H]1O,False,C12H15N5O7,341.0971,24
COC(O)Nc1nc2c(ncn2[C@]23O[C@@H]2[C@H](O)[C@@H](CO)O3)c(=O)[nH]1,False,C12H15N5O7,341.0971,24
COC(O)Nc1nc2c(ncn2[C@]23O[C@@H]([C@H]2O)[C@@H](CO)O3)c(=O)[nH]1,False,C12H15N5O7,341.0971,24
COC(O)Nc1nc2c(ncn2[C@@]23OC[C@@H](O2)[C@@H](O)[C@H]3O)c(=O)[nH]1,False,C12H15N5O7,341.0971,24
COC(O)Nc1nc2c(nc3n2[C@@H]2O[C@H](CO)[C@@H](O)[C@H]2O3)c(=O)[nH]1,False,C12H15N5O7,341.0971,24
COC(O)Nc1nc2c(nc3n2[C@@H]2O[C@H](CO)[C@@H](O3)[C@H]2O)c(=O)[nH]1,False,C12H15N5O7,341.0971,24
COC(O)Nc1nc2c(nc3n2[C@@H]2O[C@H](CO3)[C@@H](O)[C@H]2O)c(=O)[nH]1,False,C12H15N5O7,341.0971,24
COC(O)Nc1nc2c(ncn2[C@@H]2O[C@H](CO)[C@H]3O[C@]32O)c(=O)[nH]1,False,C12H15N5O7,341.0971,24
COC(O)Nc1nc2c(ncn2[C@@H]2O[C@@H]3CO[C@]2(O)[C@@H]3O)c(=O)[nH]1,False,C12H15N5O7,341.0971,24
COC(O)Nc1nc2c(ncn2[C@@H]2O[C@H](CO)[C@@]3(O)O[C@@H]23)c(=O)[nH]1,False,C12H15N5O7,341.0971,24
COC(O)Nc1nc2c(ncn2[C@@H]2O[C@@H]3CO[C@@]3(O)[C@H]2O)c(=O)[nH]1,False,C12H15N5O7,341.0971,24
COC(O)Nc1nc2c(ncn2[C@@H]2O[C@]3(CO)O[C@@H]2[C@@H]3O)c(=O)[nH]1,False,C12H15N5O7,341.0971,24
COC(O)Nc1nc2c(ncn2[C@@H]2O[C@]3(CO)O[C@H]3[C@H]2O)c(=O)[nH]1,False,C12H15N5O7,341.0971,24
COC(O)Nc1nc2c(ncn2[C@@H]2O[C@@]3(CO3)[C@@H](O)[C@H]2O)c(=O)[nH]1,False,C12H15N5O7,341.0971,24
COC(O)Nc1nc2c(ncn2[C@@H]2O[C@@H]3C(O)O[C@@H]2[C@@H]3O)c(=O)[nH]1,False,C12H15N5O7,341.0971,24
COC(O)Nc1nc2c(ncn2[C@@H]2O[C@@H]3C(O)O[C@H]3[C@H]2O)c(=O)[nH]1,False,C12H15N5O7,341.0971,24
COCNc1nc2c(ncn2[C@@H]2O[C@H](CO)[C@@H](O)[C@H]2O)c(=O)[nH]1,False,C12H17N5O6,327.1179,23
COC(=O)OP(=O)(O)O,False,C2H5O6P,155.9824,9
COC(=O)Nc1nc2c(ncn2[C@@H]2O[C@H](C)[C@@H](O)[C@H]2O)c(=O)[nH]1,False,C12H15N5O6,325.1022,23
O=COC(=O)Nc1nc2c(ncn2[C@@H]2O[C@H](CO)[C@@H](O)[C@H]2O)c(=O)[nH]1,False,C12H13N5O8,355.0764,25
COC(=O)Nc1nc2c(ncn2[C@@H]2O[C@H](C(=O)O)[C@@H](O)[C@H]2O)c(=O)[nH]1,False,C12H13N5O8,355.0764,25
O=P1(O)OCC(O)O1,False,C2H5O5P,139.9875,8
CC(O)OP(=O)(O)O,False,C2H7O5P,142.0031,8
CCOP(=O)(O)O,False,C2H7O4P,126.0082,7
CC(O)(C#N)OP(=O)(O)O,False,C3H6NO5P,166.9984,10
CC(N)OP(=O)(O)O,False,C2H8NO4P,141.0191,8
O=P(O)(O)OC(O)CO,False,C2H7O6P,157.998,9
CC(=O)OP(=O)(O)OP(=O)(O)O,False,C2H6O8P2,219.9538,12
CC(=O)OP(=O)(O)OC(C)=O,False,C4H7O6P,181.998,11
O=c1[nH]c(NCO)nc2c1nc(CO)n2[C@@H]1O[C@H](CO)[C@@H](O)[C@H]1O,False,C12H17N5O7,343.1128,24
O=c1[nH]c(NCO)nc2c1ncn2[C@@H]1O[C@H](CO)[C@@H](O)[C@@]1(O)CO,False,C12H17N5O7,343.1128,24
O=c1[nH]c(NCO)nc2c1ncn2[C@@H]1O[C@H](CO)[C@@](O)(CO)[C@H]1O,False,C12H17N5O7,343.1128,24
O=c1[nH]c(NCO)nc2c1ncn2[C@@H]1OC(CO)(CO)[C@@H](O)[C@H]1O,False,C12H17N5O7,343.1128,24
O=CCNc1nc2c(ncn2[C@@H]2O[C@H](CO)[C@@H](O)[C@H]2O)c(=O)[nH]1,False,C12H15N5O6,325.1022,23
O=C[C@H]1O[C@@H](n2cnc3c(=O)[nH]c(NCCO)nc32)[C@H](O)[C@@H]1O,False,C12H15N5O6,325.1022,23
O=CCO,False,C2H4O2,60.0211,4
O=CC(O)Nc1nc2c(ncn2[C@@H]2O[C@H](CO)[C@@H](O)[C@H]2O)c(=O)[nH]1,False,C12H15N5O7,341.0971,24
COCC(O)Nc1nc2c(ncn2[C@@H]2O[C@H](CO)[C@@H](O)[C@H]2O)c(=O)[nH]1,False,C13H19N5O7,357.1284,25
COC(CO)Nc1nc2c(ncn2[C@@H]2O[C@H](CO)[C@@H](O)[C@H]2O)c(=O)[nH]1,False,C13H19N5O7,357.1284,25
CC(O)(CO)Nc1nc2c(ncn2[C@@H]2O[C@H](CO)[C@@H](O)[C@H]2O)c(=O)[nH]1,False,C13H19N5O7,357.1284,25
CC(=O)OCC(O)Nc1nc2c(ncn2[C@@H]2O[C@H](CO)[C@@H](O)[C@H]2O)c(=O)[nH]1,False,C14H19N5O8,385.1234,27
CC(=O)OC(CO)Nc1nc2c(ncn2[C@@H]2O[C@H](CO)[C@@H](O)[C@H]2O)c(=O)[nH]1,False,C14H19N5O8,385.1234,27
O=c1[nH]c(NC(O)CCl)nc2c1ncn2[C@@H]1O[C@H](CO)[C@@H](O)[C@H]1O,False,C12H16ClN5O6,361.0789,24
O=c1[nH]c(NC(Cl)CO)nc2c1ncn2[C@@H]1O[C@H](CO)[C@@H](O)[C@H]1O,False,C12H16ClN5O6,361.0789,24
O=c1[nH]c(NC(O)(O)CO)nc2c1ncn2[C@@H]1O[C@H](CO)[C@@H](O)[C@H]1O,False,C12H17N5O8,359.1077,25
O=c1[nH]c(NCCO)nc2c1ncn2[C@@H]1O[C@H](CO)[C@@H](O)[C@H]1O,False,C12H17N5O6,327.1179,23
C[C@H]1O[C@@H](n2cnc3c(=O)[nH]c(NC(O)CO)nc32)[C@H](O)[C@@H]1O,False,C12H17N5O6,327.1179,23
O=C(O)C(O)Nc1nc2c(ncn2[C@@H]2O[C@H](CO)[C@@H](O)[C@H]2O)c(=O)[nH]1,False,C12H15N5O8,357.0921,25
O=C(O)[C@H]1O[C@@H](n2cnc3c(=O)[nH]c(NC(O)CO)nc32)[C@H](O)[C@@H]1O,False,C12H15N5O8,357.0921,25
O=c1[nH]c(NC(O)C(O)CO)nc2c1ncn2[C@@H]1O[C@H](CO)[C@@H](O)[C@H]1O,False,C13H19N5O8,373.1234,26
O=c1[nH]c(NC(O)(CO)CO)nc2c1ncn2[C@@H]1O[C@H](CO)[C@@H](O)[C@H]1O,False,C13H19N5O8,373.1234,26
O=c1[nH]c(NC(O)CO)nc2c1ncn2[C@@]1(CO)O[C@H](CO)[C@@H](O)[C@H]1O,False,C13H19N5O8,373.1234,26
O=c1[nH]c(NC(O)CO)nc2c1nc(CO)n2[C@@H]1O[C@H](CO)[C@@H](O)[C@H]1O,False,C13H19N5O8,373.1234,26
O=c1[nH]c(NC(O)CO)nc2c1ncn2[C@@H]1O[C@H](CO)[C@@H](O)[C@@]1(O)CO,False,C13H19N5O8,373.1234,26
O=c1[nH]c(NC(O)CO)nc2c1ncn2[C@@H]1O[C@H](CO)[C@@](O)(CO)[C@H]1O,False,C13H19N5O8,373.1234,26
O=c1[nH]c(NC(O)CO)nc2c1ncn2[C@@H]1OC(CO)(CO)[C@@H](O)[C@H]1O,False,C13H19N5O8,373.1234,26
O=c1[nH]c(NC(O)CO)nc2c1ncn2[C@@H]1O[C@H](C(O)CO)[C@@H](O)[C@H]1O,False,C13H19N5O8,373.1234,26
CC(O)Nc1nc2c(ncn2[C@@H]2O[C@@H]3CO[C@H]3[C@H]2O)c(=O)[nH]1,False,C12H15N5O5,309.1073,22
CC(O)Nc1nc2c(ncn2[C@@H]2O[C@@H]3CO[C@@H]2[C@@H]3O)c(=O)[nH]1,False,C12H15N5O5,309.1073,22
C[C@H]1O[C@@H](n2cnc3c(=O)[nH]c(NC=O)nc32)[C@H](O)[C@@H]1O,False,C11H13N5O5,295.0917,21
CC[C@H]1O[C@@H](n2cnc3c(=O)[nH]c(NC(C)=O)nc32)[C@H](O)[C@@H]1O,False,C13H17N5O5,323.123,23
CC(=O)Nc1nc2c(ncn2[C@@H]2OC(C)(C)[C@@H](O)[C@H]2O)c(=O)[nH]1,False,C13H17N5O5,323.123,23
CC(=O)Nc1nc2c(ncn2[C@@H]2O[C@H](C)[C@](C)(O)[C@H]2O)c(=O)[nH]1,False,C13H17N5O5,323.123,23
CC(=O)Nc1nc2c(ncn2[C@@]2(C)O[C@H](C)[C@@H](O)[C@H]2O)c(=O)[nH]1,False,C13H17N5O5,323.123,23
CC(=O)Nc1nc2c(ncn2[C@@H]2O[C@H](C)[C@@H](O)[C@]2(C)O)c(=O)[nH]1,False,C13H17N5O5,323.123,23
CC(=O)Nc1nc2c(nc(C)n2[C@@H]2O[C@H](C)[C@@H](O)[C@H]2O)c(=O)[nH]1,False,C13H17N5O5,323.123,23
CC(=O)Nc1nc2c(ncn2[C@@H]2OC[C@@H](O)[C@H]2O)c(=O)[nH]1,False,C11H13N5O5,295.0917,21
CC(=O)Nc1nc2c(ncn2[C@@H]2O[C@]3(OC3O)[C@@H](O)[C@H]2O)c(=O)[nH]1,False,C12H13N5O7,339.0815,24
CC(O)Nc1nc2c(ncn2[C@@H]2O[C@]3(OC3=O)[C@@H](O)[C@H]2O)c(=O)[nH]1,False,C12H13N5O7,339.0815,24
CC(=O)Nc1nc2c(ncn2[C@@H]2O[C@]3(C(O)O)O[C@H]3[C@H]2O)c(=O)[nH]1,False,C12H13N5O7,339.0815,24
CC(=O)Nc1nc2c(ncn2[C@@H]2O[C@]3(C(O)O)O[C@@H]2[C@@H]3O)c(=O)[nH]1,False,C12H13N5O7,339.0815,24
CC(=O)Nc1nc2c(ncn2[C@@H]2O[C@@H]3C(O)O[C@@]3(O)[C@H]2O)c(=O)[nH]1,False,C12H13N5O7,339.0815,24
CC(O)Nc1nc2c(ncn2[C@@H]2O[C@@H]3C(=O)O[C@@]3(O)[C@H]2O)c(=O)[nH]1,False,C12H13N5O7,339.0815,24
CC(=O)Nc1nc2c(ncn2[C@@H]2O[C@H](C(O)O)[C@@]3(O)O[C@@H]23)c(=O)[nH]1,False,C12H13N5O7,339.0815,24
CC(=O)Nc1nc2c(ncn2[C@@]23OC(O)[C@@H](O2)[C@@H](O)[C@H]3O)c(=O)[nH]1,False,C12H13N5O7,339.0815,24
CC(O)Nc1nc2c(ncn2[C@@]23OC(=O)[C@@H](O2)[C@@H](O)[C@H]3O)c(=O)[nH]1,False,C12H13N5O7,339.0815,24
CC(=O)Nc1nc2c(ncn2[C@@]23O[C@H]([C@@H](C(O)O)O2)[C@H]3O)c(=O)[nH]1,False,C12H13N5O7,339.0815,24
CC(=O)Nc1nc2c(ncn2[C@@]23O[C@H](C(O)O)[C@@H](O)[C@H]2O3)c(=O)[nH]1,False,C12H13N5O7,339.0815,24
CC(=O)Nc1nc2c(ncn2[C@@H]2O[C@@H]3C(O)O[C@]2(O)[C@@H]3O)c(=O)[nH]1,False,C12H13N5O7,339.0815,24
CC(O)Nc1nc2c(ncn2[C@@H]2O[C@@H]3C(=O)O[C@]2(O)[C@@H]3O)c(=O)[nH]1,False,C12H13N5O7,339.0815,24
CC(=O)Nc1nc2c(ncn2[C@@H]2O[C@H](C(O)O)[C@H]3O[C@]32O)c(=O)[nH]1,False,C12H13N5O7,339.0815,24
CC(=O)Nc1nc2c(nc3n2[C@@H]2O[C@H](C(O)O3)[C@@H](O)[C@H]2O)c(=O)[nH]1,False,C12H13N5O7,339.0815,24
CC(O)Nc1nc2c(nc3n2[C@@H]2O[C@H](C(=O)O3)[C@@H](O)[C@H]2O)c(=O)[nH]1,False,C12H13N5O7,339.0815,24
CC(=O)Nc1nc2c(nc3n2[C@@H]2O[C@H](C(O)O)[C@@H](O3)[C@H]2O)c(=O)[nH]1,False,C12H13N5O7,339.0815,24
CC(=O)Nc1nc2c(nc3n2[C@@H]2O[C@H](C(O)O)[C@@H](O)[C@H]2O3)c(=O)[nH]1,False,C12H13N5O7,339.0815,24
O=C1COC(O)[C@H]2O[C@H]([C@H](O)[C@@H]2O)n2cnc3c(=O)[nH]c(nc32)N1,False,C12H13N5O7,339.0815,24
O=C1OCC(O)Nc2nc3c(ncn3[C@@H]3O[C@H]1[C@@H](O)[C@H]3O)c(=O)[nH]2,False,C12H13N5O7,339.0815,24
O=C1CO[C@H]2[C@@H](O)[C@@H](O[C@@H]2C(O)O)n2cnc3c(=O)[nH]c(nc32)N1,False,C12H13N5O7,339.0815,24
O=C1CO[C@@H]2[C@H](O)[C@@H](C(O)O)O[C@H]2n2cnc3c(=O)[nH]c(nc32)N1,False,C12H13N5O7,339.0815,24
C[C@H]1O[C@@H](n2cnc3c(=O)[nH]c(NC(=O)C(=O)O)nc32)[C@H](O)[C@@H]1O,False,C12H13N5O7,339.0815,24
CC(=O)Nc1nc2c(ncn2[C@@H]2O[C@H](C(O)O)[C@@H](O)[C@H]2O)c(=O)[nH]1,False,C12H15N5O7,341.0971,24
CC(=O)Nc1nc2c(ncn2[C@@H]2O[C@H](C(O)(O)C#N)[C@@H](O)[C@H]2O)c(=O)[nH]1,False,C13H14N6O7,366.0924,26
CC(=O)Nc1nc2c(ncn2[C@@H]2O[C@H](C(N)=O)[C@@H](O)[C@H]2O)c(=O)[nH]1,False,C12H14N6O6,338.0975,24
O=C(CO)Nc1nc2c(ncn2[C@@H]2O[C@H](C(O)O)[C@@H](O)[C@H]2O)c(=O)[nH]1,False,C12H15N5O8,357.0921,25
O=CNc1nc2c(ncn2[C@@H]2O[C@H](C(=O)O)[C@@H](O)[C@H]2O)c(=O)[nH]1,False,C11H11N5O7,325.0658,23
CC(=O)Nc1nc2c(ncn2[C@@H]2O[C@@](C)(C(=O)O)[C@@H](O)[C@H]2O)c(=O)[nH]1,False,C13H15N5O7,353.0971,25
CC(=O)Nc1nc2c(ncn2[C@@H]2O[C@H](C(=O)O)[C@](C)(O)[C@H]2O)c(=O)[nH]1,False,C13H15N5O7,353.0971,25
CC(=O)Nc1nc2c(ncn2[C@@]2(C)O[C@H](C(=O)O)[C@@H](O)[C@H]2O)c(=O)[nH]1,False,C13H15N5O7,353.0971,25
CC(=O)Nc1nc2c(ncn2[C@@H]2O[C@H](C(=O)O)[C@@H](O)[C@]2(C)O)c(=O)[nH]1,False,C13H15N5O7,353.0971,25
CC(=O)Nc1nc2c(nc(C)n2[C@@H]2O[C@H](C(=O)O)[C@@H](O)[C@H]2O)c(=O)[nH]1,False,C13H15N5O7,353.0971,25
O=CNc1nc2c(ncn2[C@@H]2O[C@H](CO)[C@@H](O)[C@H]2OC=O)c(=O)[nH]1,False,C12H13N5O7,339.0815,24
O=CNc1nc2c(ncn2[C@@H]2O[C@H](CO)[C@@H](OC=O)[C@H]2O)c(=O)[nH]1,False,C12H13N5O7,339.0815,24
C[C@]1(O)[C@H](O)[C@@H](CO)O[C@]1(C)n1cnc2c(=O)[nH]c(NC=O)nc21,False,C13H17N5O6,339.1179,24
Cc1nc2c(=O)[nH]c(NC=O)nc2n1[C@@]1(C)O[C@H](CO)[C@@H](O)[C@H]1O,False,C13H17N5O6,339.1179,24
C[C@@]1(O)[C@@H](O)[C@@](C)(n2cnc3c(=O)[nH]c(NC=O)nc32)O[C@@H]1CO,False,C13H17N5O6,339.1179,24
C[C@]1(n2cnc3c(=O)[nH]c(NC=O)nc32)O[C@@](C)(CO)[C@@H](O)[C@H]1O,False,C13H17N5O6,339.1179,24
CC(O)Nc1nc2c(ncn2[C@]23CO[C@@H]2[C@H](O)[C@@H](CO)O3)c(=O)[nH]1,False,C13H17N5O6,339.1179,24
CC(O)Nc1nc2c(ncn2[C@]23CO[C@@H]([C@H]2O)[C@@H](CO)O3)c(=O)[nH]1,False,C13H17N5O6,339.1179,24
CC(O)Nc1nc2c(ncn2[C@@]23COC[C@@H](O2)[C@@H](O)[C@H]3O)c(=O)[nH]1,False,C13H17N5O6,339.1179,24
C[C@]12O[C@H](CO)[C@@H](O)[C@H]1OCC(O)Nc1nc3c(ncn32)c(=O)[nH]1,False,C13H17N5O6,339.1179,24
C[C@@]12O[C@H](CO)[C@@H](OCC(O)Nc3nc4c(ncn41)c(=O)[nH]3)[C@H]2O,False,C13H17N5O6,339.1179,24
C[C@@]12O[C@H](COCC(O)Nc3nc4c(ncn41)c(=O)[nH]3)[C@@H](O)[C@H]2O,False,C13H17N5O6,339.1179,24
C[C@]1(n2cnc3c(=O)[nH]c(NC(=O)CC(=O)O)nc32)O[C@H](CO)[C@@H](O)[C@H]1O,False,C14H17N5O8,383.1077,27
C[C@]1(n2cnc3c(=O)[nH]c(NC(=O)CO)nc32)O[C@H](CO)[C@@H](O)[C@H]1O,False,C13H17N5O7,355.1128,25
COC(=O)Nc1nc2c(ncn2[C@@]2(C)O[C@H](CO)[C@@H](O)[C@H]2O)c(=O)[nH]1,False,C13H17N5O7,355.1128,25
C[C@]1(n2cnc3c(=O)[nH]c(NC(O)CO)nc32)O[C@H](CO)[C@@H](O)[C@H]1O,False,C13H19N5O7,357.1284,25
CC[C@]1(n2cnc3c(=O)[nH]c(NC(C)=O)nc32)O[C@H](CO)[C@@H](O)[C@H]1O,False,C14H19N5O6,353.1335,25
CC(=O)Nc1nc2c(ncn2[C@@]2(C)O[C@H](CO)[C@@H](O)[C@]2(C)O)c(=O)[nH]1,False,C14H19N5O6,353.1335,25
CC(=O)Nc1nc2c(nc(C)n2[C@@]2(C)O[C@H](CO)[C@@H](O)[C@H]2O)c(=O)[nH]1,False,C14H19N5O6,353.1335,25
CC(=O)Nc1nc2c(ncn2[C@@]2(C)O[C@H](CO)[C@](C)(O)[C@H]2O)c(=O)[nH]1,False,C14H19N5O6,353.1335,25
CC(=O)Nc1nc2c(ncn2[C@@]2(C)O[C@@](C)(CO)[C@@H](O)[C@H]2O)c(=O)[nH]1,False,C14H19N5O6,353.1335,25
CC(=O)Nc1nc2c(ncn2[C@@]2(C)O[C@H](C(C)O)[C@@H](O)[C@H]2O)c(=O)[nH]1,False,C14H19N5O6,353.1335,25
Cc1nc2c(=O)[nH]c(NC=O)nc2n1[C@@H]1O[C@H](CO)[C@@H](O)[C@]1(C)O,False,C13H17N5O6,339.1179,24
Cc1nc2c(=O)[nH]c(NC=O)nc2n1[C@@H]1O[C@H](CO)[C@](C)(O)[C@H]1O,False,C13H17N5O6,339.1179,24
Cc1nc2c(=O)[nH]c(NC=O)nc2n1[C@@H]1O[C@@](C)(CO)[C@@H](O)[C@H]1O,False,C13H17N5O6,339.1179,24
CC(O)Nc1nc2c(nc3n2[C@@H]2O[C@H](CO)[C@@H](O)[C@H]2OC3)c(=O)[nH]1,False,C13H17N5O6,339.1179,24
CC(O)Nc1nc2c(nc3n2[C@@H]2O[C@H](CO)[C@@H](OC3)[C@H]2O)c(=O)[nH]1,False,C13H17N5O6,339.1179,24
CC(O)Nc1nc2c(nc3n2[C@@H]2O[C@H](COC3)[C@@H](O)[C@H]2O)c(=O)[nH]1,False,C13H17N5O6,339.1179,24
Cc1nc2c(=O)[nH]c3nc2n1[C@@H]1O[C@H](CO)[C@@H](O)[C@H]1OCC(O)N3,False,C13H17N5O6,339.1179,24
Cc1nc2c(=O)[nH]c3nc2n1[C@@H]1O[C@H](CO)[C@@H](OCC(O)N3)[C@H]1O,False,C13H17N5O6,339.1179,24
Cc1nc2c(=O)[nH]c3nc2n1[C@@H]1O[C@H](COCC(O)N3)[C@@H](O)[C@H]1O,False,C13H17N5O6,339.1179,24
Cc1nc2c(=O)[nH]c(NC(=O)CC(=O)O)nc2n1[C@@H]1O[C@H](CO)[C@@H](O)[C@H]1O,False,C14H17N5O8,383.1077,27
Cc1nc2c(=O)[nH]c(NC(=O)CO)nc2n1[C@@H]1O[C@H](CO)[C@@H](O)[C@H]1O,False,C13H17N5O7,355.1128,25
COC(=O)Nc1nc2c(nc(C)n2[C@@H]2O[C@H](CO)[C@@H](O)[C@H]2O)c(=O)[nH]1,False,C13H17N5O7,355.1128,25
Cc1nc2c(=O)[nH]c(NC(O)CO)nc2n1[C@@H]1O[C@H](CO)[C@@H](O)[C@H]1O,False,C13H19N5O7,357.1284,25
CCc1nc2c(=O)[nH]c(NC(C)=O)nc2n1[C@@H]1O[C@H](CO)[C@@H](O)[C@H]1O,False,C14H19N5O6,353.1335,25
CC(=O)Nc1nc2c(nc(C)n2[C@@H]2O[C@H](CO)[C@@H](O)[C@]2(C)O)c(=O)[nH]1,False,C14H19N5O6,353.1335,25
CC(=O)Nc1nc2c(nc(C)n2[C@@H]2O[C@H](CO)[C@](C)(O)[C@H]2O)c(=O)[nH]1,False,C14H19N5O6,353.1335,25
CC(=O)Nc1nc2c(nc(C)n2[C@@H]2O[C@@](C)(CO)[C@@H](O)[C@H]2O)c(=O)[nH]1,False,C14H19N5O6,353.1335,25
CC(=O)Nc1nc2c(nc(C)n2[C@@H]2O[C@H](C(C)O)[C@@H](O)[C@H]2O)c(=O)[nH]1,False,C14H19N5O6,353.1335,25
C[C@]1(O)[C@@H](CO)O[C@@H](n2cnc3c(=O)[nH]c(NC=O)nc32)[C@@]1(C)O,False,C13H17N5O6,339.1179,24
C[C@@]1(O)[C@H](n2cnc3c(=O)[nH]c(NC=O)nc32)O[C@@](C)(CO)[C@H]1O,False,C13H17N5O6,339.1179,24
CC(O)Nc1nc2c(ncn2[C@@H]2O[C@H](CO)[C@@H](O)[C@@]23CO3)c(=O)[nH]1,False,C13H17N5O6,339.1179,24
CC(O)Nc1nc2c(ncn2[C@@H]2O[C@H](CO)[C@H]3OC[C@]32O)c(=O)[nH]1,False,C13H17N5O6,339.1179,24
CC(O)Nc1nc2c(ncn2[C@@H]2O[C@@H]3COC[C@]2(O)[C@@H]3O)c(=O)[nH]1,False,C13H17N5O6,339.1179,24
C[C@@]12OCC(O)Nc3nc4c(ncn4[C@@H]1O[C@H](CO)[C@H]2O)c(=O)[nH]3,False,C13H17N5O6,339.1179,24
C[C@]1(O)[C@@H]2OCC(O)Nc3nc4c(ncn4[C@@H]1O[C@@H]2CO)c(=O)[nH]3,False,C13H17N5O6,339.1179,24
C[C@]1(O)[C@H](O)[C@H]2COCC(O)Nc3nc4c(ncn4[C@@H]1O2)c(=O)[nH]3,False,C13H17N5O6,339.1179,24
C[C@]1(O)[C@H](O)[C@@H](CO)O[C@H]1n1cnc2c(=O)[nH]c(NC(=O)CC(=O)O)nc21,False,C14H17N5O8,383.1077,27
C[C@]1(O)[C@H](O)[C@@H](CO)O[C@H]1n1cnc2c(=O)[nH]c(NC(=O)CO)nc21,False,C13H17N5O7,355.1128,25
COC(=O)Nc1nc2c(ncn2[C@@H]2O[C@H](CO)[C@@H](O)[C@]2(C)O)c(=O)[nH]1,False,C13H17N5O7,355.1128,25
C[C@]1(O)[C@H](O)[C@@H](CO)O[C@H]1n1cnc2c(=O)[nH]c(NC(O)CO)nc21,False,C13H19N5O7,357.1284,25
CC[C@]1(O)[C@H](O)[C@@H](CO)O[C@H]1n1cnc2c(=O)[nH]c(NC(C)=O)nc21,False,C14H19N5O6,353.1335,25
CC(=O)Nc1nc2c(ncn2[C@@H]2O[C@H](CO)[C@](C)(O)[C@]2(C)O)c(=O)[nH]1,False,C14H19N5O6,353.1335,25
CC(=O)Nc1nc2c(ncn2[C@@H]2O[C@@](C)(CO)[C@@H](O)[C@]2(C)O)c(=O)[nH]1,False,C14H19N5O6,353.1335,25
CC(=O)Nc1nc2c(ncn2[C@@H]2O[C@H](C(C)O)[C@@H](O)[C@]2(C)O)c(=O)[nH]1,False,C14H19N5O6,353.1335,25
C[C@@]1(CO)O[C@@H](n2cnc3c(=O)[nH]c(NC=O)nc32)[C@H](O)[C@@]1(C)O,False,C13H17N5O6,339.1179,24
CC(O)Nc1nc2c(ncn2[C@@H]2O[C@H](CO)[C@@]3(CO3)[C@H]2O)c(=O)[nH]1,False,C13H17N5O6,339.1179,24
CC(O)Nc1nc2c(ncn2[C@@H]2O[C@H](CO)[C@@]3(O)CO[C@@H]23)c(=O)[nH]1,False,C13H17N5O6,339.1179,24
CC(O)Nc1nc2c(ncn2[C@@H]2O[C@@H]3COC[C@@]3(O)[C@H]2O)c(=O)[nH]1,False,C13H17N5O6,339.1179,24
C[C@]12OCC(O)Nc3nc4c(ncn4[C@H](O[C@@H]1CO)[C@@H]2O)c(=O)[nH]3,False,C13H17N5O6,339.1179,24
C[C@]1(O)[C@@H](CO)O[C@@H]2[C@@H]1OCC(O)Nc1nc3c(ncn32)c(=O)[nH]1,False,C13H17N5O6,339.1179,24
C[C@]1(O)[C@H]2COCC(O)Nc3nc4c(ncn4[C@H](O2)[C@@H]1O)c(=O)[nH]3,False,C13H17N5O6,339.1179,24
C[C@]1(O)[C@@H](CO)O[C@@H](n2cnc3c(=O)[nH]c(NC(=O)CC(=O)O)nc32)[C@@H]1O,False,C14H17N5O8,383.1077,27
C[C@]1(O)[C@@H](CO)O[C@@H](n2cnc3c(=O)[nH]c(NC(=O)CO)nc32)[C@@H]1O,False,C13H17N5O7,355.1128,25
COC(=O)Nc1nc2c(ncn2[C@@H]2O[C@H](CO)[C@](C)(O)[C@H]2O)c(=O)[nH]1,False,C13H17N5O7,355.1128,25
C[C@]1(O)[C@@H](CO)O[C@@H](n2cnc3c(=O)[nH]c(NC(O)CO)nc32)[C@@H]1O,False,C13H19N5O7,357.1284,25
CC[C@]1(O)[C@@H](CO)O[C@@H](n2cnc3c(=O)[nH]c(NC(C)=O)nc32)[C@@H]1O,False,C14H19N5O6,353.1335,25
CC(=O)Nc1nc2c(ncn2[C@@H]2O[C@@](C)(CO)[C@](C)(O)[C@H]2O)c(=O)[nH]1,False,C14H19N5O6,353.1335,25
CC(=O)Nc1nc2c(ncn2[C@@H]2O[C@H](C(C)O)[C@](C)(O)[C@H]2O)c(=O)[nH]1,False,C14H19N5O6,353.1335,25
CC(=O)Nc1nc2c(ncn2[C@@]2(CO)O[C@H](C)[C@@H](O)[C@H]2O)c(=O)[nH]1,False,C13H17N5O6,339.1179,24
CC(O)Nc1nc2c(ncn2[C@@H]2O[C@]3(CO)CO[C@H]3[C@H]2O)c(=O)[nH]1,False,C13H17N5O6,339.1179,24
CC(O)Nc1nc2c(ncn2[C@@H]2OC3(COC3)[C@@H](O)[C@H]2O)c(=O)[nH]1,False,C13H17N5O6,339.1179,24
CC(O)Nc1nc2c(ncn2[C@@H]2O[C@]3(CO)CO[C@@H]2[C@@H]3O)c(=O)[nH]1,False,C13H17N5O6,339.1179,24
C[C@@]1(CO)O[C@@H]2[C@H](O)[C@@H]1OCC(O)Nc1nc3c(ncn32)c(=O)[nH]1,False,C13H17N5O6,339.1179,24
C[C@@]12COCC(O)Nc3nc4c(ncn4[C@H](O1)[C@H](O)[C@@H]2O)c(=O)[nH]3,False,C13H17N5O6,339.1179,24
C[C@@]1(CO)O[C@@H]2[C@H](OCC(O)Nc3nc4c(ncn42)c(=O)[nH]3)[C@@H]1O,False,C13H17N5O6,339.1179,24
C[C@@]1(CO)O[C@@H](n2cnc3c(=O)[nH]c(NC(=O)CC(=O)O)nc32)[C@H](O)[C@@H]1O,False,C14H17N5O8,383.1077,27
C[C@@]1(CO)O[C@@H](n2cnc3c(=O)[nH]c(NC(=O)CO)nc32)[C@H](O)[C@@H]1O,False,C13H17N5O7,355.1128,25
COC(=O)Nc1nc2c(ncn2[C@@H]2O[C@@](C)(CO)[C@@H](O)[C@H]2O)c(=O)[nH]1,False,C13H17N5O7,355.1128,25
C[C@@]1(CO)O[C@@H](n2cnc3c(=O)[nH]c(NC(O)CO)nc32)[C@H](O)[C@@H]1O,False,C13H19N5O7,357.1284,25
CC[C@@]1(CO)O[C@@H](n2cnc3c(=O)[nH]c(NC(C)=O)nc32)[C@H](O)[C@@H]1O,False,C14H19N5O6,353.1335,25
CC(=O)Nc1nc2c(ncn2[C@@H]2O[C@@](C)(C(C)O)[C@@H](O)[C@H]2O)c(=O)[nH]1,False,C14H19N5O6,353.1335,25
CC(O)Nc1nc2c(ncn2[C@@H]2O[C@H](C3CO3)[C@@H](O)[C@H]2O)c(=O)[nH]1,False,C13H17N5O6,339.1179,24
CC(O)Nc1nc2c(ncn2[C@@H]2O[C@@H]3C(O)CO[C@H]3[C@H]2O)c(=O)[nH]1,False,C13H17N5O6,339.1179,24
CC(O)Nc1nc2c(ncn2[C@@H]2O[C@@H]3C(O)CO[C@@H]2[C@@H]3O)c(=O)[nH]1,False,C13H17N5O6,339.1179,24
CC1OCC(O)Nc2nc3c(ncn3[C@@H]3O[C@H]1[C@@H](O)[C@H]3O)c(=O)[nH]2,False,C13H17N5O6,339.1179,24
CC(O)[C@H]1O[C@@H]2[C@H](O)[C@@H]1OCC(O)Nc1nc3c(ncn32)c(=O)[nH]1,False,C13H17N5O6,339.1179,24
CC(O)[C@H]1O[C@@H]2[C@H](OCC(O)Nc3nc4c(ncn42)c(=O)[nH]3)[C@@H]1O,False,C13H17N5O6,339.1179,24
CC(=O)Nc1nc2c(ncn2[C@@H]2O[C@H](C(C)(C)O)[C@@H](O)[C@H]2O)c(=O)[nH]1,False,C14H19N5O6,353.1335,25
CCC(O)[C@H]1O[C@@H](n2cnc3c(=O)[nH]c(NC(C)=O)nc32)[C@H](O)[C@@H]1O,False,C14H19N5O6,353.1335,25
CC(O)[C@H]1O[C@@H](n2cnc3c(=O)[nH]c(NC(=O)CC(=O)O)nc32)[C@H](O)[C@@H]1O,False,C14H17N5O8,383.1077,27
CC(=O)Nc1nc2c(ncn2[C@@H]2O[C@H](C(C)(O)C(=O)O)[C@@H](O)[C@H]2O)c(=O)[nH]1,False,C14H17N5O8,383.1077,27
CC(=O)Nc1nc2c(ncn2[C@@H]2O[C@H](C(O)CC(=O)O)[C@@H](O)[C@H]2O)c(=O)[nH]1,False,C14H17N5O8,383.1077,27
CC(=O)Nc1nc2c(ncn2[C@@H]2O[C@H](C(C)Cl)[C@@H](O)[C@H]2O)c(=O)[nH]1,False,C13H16ClN5O5,357.084,24
CC(=O)Nc1nc2c(ncn2[C@@H]2O[C@H](C(C)(O)O)[C@@H](O)[C@H]2O)c(=O)[nH]1,False,C13H17N5O7,355.1128,25
CC(=O)Nc1nc2c(ncn2[C@@H]2O[C@H](C(O)CO)[C@@H](O)[C@H]2O)c(=O)[nH]1,False,C13H17N5O7,355.1128,25
CC(O)[C@H]1O[C@@H](n2cnc3c(=O)[nH]c(NC(=O)CO)nc32)[C@H](O)[C@@H]1O,False,C13H17N5O7,355.1128,25
COC(=O)Nc1nc2c(ncn2[C@@H]2O[C@H](C(C)O)[C@@H](O)[C@H]2O)c(=O)[nH]1,False,C13H17N5O7,355.1128,25
CC(O)Nc1nc2c(ncn2[C@@H]2O[C@H](C(C)(O)O)[C@@H](O)[C@H]2O)c(=O)[nH]1,False,C13H19N5O7,357.1284,25
CC(O)Nc1nc2c(ncn2[C@@H]2O[C@H](C(O)CO)[C@@H](O)[C@H]2O)c(=O)[nH]1,False,C13H19N5O7,357.1284,25
CC(O)[C@H]1O[C@@H](n2cnc3c(=O)[nH]c(NC(O)CO)nc32)[C@H](O)[C@@H]1O,False,C13H19N5O7,357.1284,25
CC(O)[C@H]1O[C@@H](n2cnc3c(=O)[nH]c(NC(C)(C)O)nc32)[C@H](O)[C@@H]1O,False,C14H21N5O6,355.1492,25
CC1OC=Nc2nc3c(ncn3[C@@H]3O[C@H]1[C@@H](O)[C@H]3O)c(=O)[nH]2,False,C12H13N5O5,307.0917,22
CC1(OCO)O[C@H]2[C@@H](O)[C@H](n3cnc4c(=O)[nH]c(N)nc43)O[C@@H]21,False,C12H15N5O6,325.1022,23
CC1(OCO)O[C@@H]2[C@H](O)[C@@H]1O[C@H]2n1cnc2c(=O)[nH]c(N)nc21,False,C12H15N5O6,325.1022,23
Nc1nc2c(ncn2[C@@H]2O[C@@H]3C(OCO)CO[C@H]3[C@H]2O)c(=O)[nH]1,False,C12H15N5O6,325.1022,23
Nc1nc2c(ncn2[C@@H]2O[C@@H]3C(OCO)CO[C@@H]2[C@@H]3O)c(=O)[nH]1,False,C12H15N5O6,325.1022,23
CC(OCO)[C@]12O[C@@H](n3cnc4c(=O)[nH]c(N)nc43)[C@H](O)[C@@H]1O2,False,C12H15N5O6,325.1022,23
CC(OCO)[C@]12O[C@@H]([C@H](n3cnc4c(=O)[nH]c(N)nc43)O1)[C@@H]2O,False,C12H15N5O6,325.1022,23
CC(OCO)[C@H]1O[C@@H](n2cnc3c(=O)[nH]c(N)nc32)[C@@H]2O[C@]12O,False,C12H15N5O6,325.1022,23
CC(OCO)[C@H]1O[C@@H](n2cnc3c(=O)[nH]c(N)nc32)[C@]2(O)O[C@H]12,False,C12H15N5O6,325.1022,23
CC(OCO)[C@H]1O[C@@]2(n3cnc4c(=O)[nH]c(N)nc43)O[C@H]1[C@H]2O,False,C12H15N5O6,325.1022,23
CC(OCO)[C@H]1O[C@@]2(n3cnc4c(=O)[nH]c(N)nc43)O[C@@H]2[C@@H]1O,False,C12H15N5O6,325.1022,23
CC(OCO)[C@H]1O[C@@H]2[C@H](O)[C@@H]1Oc1nc3c(=O)[nH]c(N)nc3n12,False,C12H15N5O6,325.1022,23
CC(OCO)[C@H]1O[C@@H]2[C@H](Oc3nc4c(=O)[nH]c(N)nc4n32)[C@@H]1O,False,C12H15N5O6,325.1022,23
COC(C)[C@H]1O[C@@H](n2cnc3c(=O)[nH]c(N)nc32)[C@H](O)[C@@H]1O,False,C12H17N5O5,311.123,22
CC(C)(OC=O)[C@H]1O[C@@H](n2cnc3c(=O)[nH]c(N)nc32)[C@H](O)[C@@H]1O,False,C13H17N5O6,339.1179,24
CCC(OC=O)[C@H]1O[C@@H](n2cnc3c(=O)[nH]c(N)nc32)[C@H](O)[C@@H]1O,False,C13H17N5O6,339.1179,24
CC(=O)O[C@H]1[C@@H](O)[C@H](n2cnc3c(=O)[nH]c(N)nc32)O[C@@H]1C(C)OC=O,False,C14H17N5O7,367.1128,26
CC(=O)O[C@@H]1[C@H](O)[C@@H](C(C)OC=O)O[C@H]1n1cnc2c(=O)[nH]c(N)nc21,False,C14H17N5O7,367.1128,26
CC(OC=O)(C(=O)O)[C@H]1O[C@@H](n2cnc3c(=O)[nH]c(N)nc32)[C@H](O)[C@@H]1O,False,C13H15N5O8,369.0921,26
Nc1nc2c(ncn2[C@@H]2O[C@H](C(CC(=O)O)OC=O)[C@@H](O)[C@H]2O)c(=O)[nH]1,False,C13H15N5O8,369.0921,26
CC(O)(OC=O)[C@H]1O[C@@H](n2cnc3c(=O)[nH]c(N)nc32)[C@H](O)[C@@H]1O,False,C12H15N5O7,341.0971,24
Nc1nc2c(ncn2[C@@H]2O[C@H](C(CO)OC=O)[C@@H](O)[C@H]2O)c(=O)[nH]1,False,C12H15N5O7,341.0971,24
CC(=O)[C@H]1O[C@@H](n2cnc3c(=O)[nH]c(N)nc32)[C@H](O)[C@@H]1O,False,C11H13N5O5,295.0917,21
CC(O)(OCO)[C@H]1O[C@@H](n2cnc3c(=O)[nH]c(N)nc32)[C@H](O)[C@@H]1O,False,C12H17N5O7,343.1128,24
Nc1nc2c(ncn2[C@@H]2O[C@H](C(CO)OCO)[C@@H](O)[C@H]2O)c(=O)[nH]1,False,C12H17N5O7,343.1128,24
CC(OC=O)[C@H]1O[C@@H](n2cnc3c(=O)[nH]c(N)nc32)[C@H](O)[C@@H]1OC=O,False,C13H15N5O7,353.0971,25
CC(OC=O)[C@H]1O[C@@H](n2cnc3c(=O)[nH]c(N)nc32)[C@H](OC=O)[C@@H]1O,False,C13H15N5O7,353.0971,25
CC(OC=O)[C@H]1O[C@@H](n2cnc3c(=O)n(C=O)c(N)nc32)[C@H](O)[C@@H]1O,False,C13H15N5O7,353.0971,25
CC(OC=O)[C@H]1O[C@@H](n2cnc3c(=O)[nH]c(NC=O)nc32)[C@H](O)[C@@H]1O,False,C13H15N5O7,353.0971,25
CC(OC=O)[C@]1(C)O[C@@H](n2cnc3c(=O)[nH]c(N)nc32)[C@H](O)[C@@H]1O,False,C13H17N5O6,339.1179,24
CC(OC=O)[C@H]1O[C@@H](n2cnc3c(=O)[nH]c(N)nc32)[C@H](O)[C@@]1(C)O,False,C13H17N5O6,339.1179,24
CC(OC=O)[C@H]1O[C@@H](n2cnc3c(=O)[nH]c(N)nc32)[C@@](C)(O)[C@@H]1O,False,C13H17N5O6,339.1179,24
CC(OC=O)[C@H]1O[C@](C)(n2cnc3c(=O)[nH]c(N)nc32)[C@H](O)[C@@H]1O,False,C13H17N5O6,339.1179,24
Cc1nc2c(=O)[nH]c(N)nc2n1[C@@H]1O[C@H](C(C)OC=O)[C@@H](O)[C@H]1O,False,C13H17N5O6,339.1179,24
C[C@H]1O[C@](COC=O)(n2cnc3c(=O)[nH]c(N)nc32)[C@H](O)[C@@H]1O,False,C12H15N5O6,325.1022,23
C[C@@]12COC=Nc3nc4c(ncn4[C@H](O1)[C@H](O)[C@@H]2O)c(=O)[nH]3,False,C12H13N5O5,307.0917,22
Nc1nc2c(ncn2[C@@H]2O[C@]3(COCO)CO[C@H]3[C@H]2O)c(=O)[nH]1,False,C12H15N5O6,325.1022,23
Nc1nc2c(ncn2[C@@H]2O[C@]3(COCO)CO[C@@H]2[C@@H]3O)c(=O)[nH]1,False,C12H15N5O6,325.1022,23
C[C@@]12O[C@@H](n3cnc4c(=O)[nH]c(N)nc43)[C@H](O)[C@@H]1OC2OCO,False,C12H15N5O6,325.1022,23
C[C@]12O[C@@H](n3cnc4c(=O)[nH]c(N)nc43)[C@H](OC1OCO)[C@@H]2O,False,C12H15N5O6,325.1022,23
C[C@@]1(COCO)O[C@@H](n2cnc3c(=O)[nH]c(N)nc32)[C@@H]2O[C@@]21O,False,C12H15N5O6,325.1022,23
C[C@@]1(COCO)O[C@@H](n2cnc3c(=O)[nH]c(N)nc32)[C@]2(O)O[C@@H]21,False,C12H15N5O6,325.1022,23
C[C@@]1(COCO)O[C@@]2(n3cnc4c(=O)[nH]c(N)nc43)O[C@H]1[C@H]2O,False,C12H15N5O6,325.1022,23
C[C@@]1(COCO)O[C@@]2(n3cnc4c(=O)[nH]c(N)nc43)O[C@@H]2[C@@H]1O,False,C12H15N5O6,325.1022,23
C[C@@]1(COCO)O[C@@H]2[C@H](O)[C@@H]1Oc1nc3c(=O)[nH]c(N)nc3n12,False,C12H15N5O6,325.1022,23
C[C@@]1(COCO)O[C@@H]2[C@H](Oc3nc4c(=O)[nH]c(N)nc4n32)[C@@H]1O,False,C12H15N5O6,325.1022,23
COC[C@]1(C)O[C@@H](n2cnc3c(=O)[nH]c(N)nc32)[C@H](O)[C@@H]1O,False,C12H17N5O5,311.123,22
CC(=O)O[C@H]1[C@@H](O)[C@H](n2cnc3c(=O)[nH]c(N)nc32)O[C@@]1(C)COC=O,False,C14H17N5O7,367.1128,26
CC(=O)O[C@H]1[C@H](n2cnc3c(=O)[nH]c(N)nc32)O[C@@](C)(COC=O)[C@H]1O,False,C14H17N5O7,367.1128,26
C[C@@]1(C=O)O[C@@H](n2cnc3c(=O)[nH]c(N)nc32)[C@H](O)[C@@H]1O,False,C11H13N5O5,295.0917,21
C[C@@]1(C(=O)OC=O)O[C@@H](n2cnc3c(=O)[nH]c(N)nc32)[C@H](O)[C@@H]1O,False,C12H13N5O7,339.0815,24
C[C@@]1(COC=O)O[C@@H](n2cnc3c(=O)[nH]c(N)nc32)[C@H](O)[C@@H]1OC=O,False,C13H15N5O7,353.0971,25
C[C@@]1(COC=O)O[C@@H](n2cnc3c(=O)[nH]c(N)nc32)[C@H](OC=O)[C@@H]1O,False,C13H15N5O7,353.0971,25
C[C@@]1(COC=O)O[C@@H](n2cnc3c(=O)n(C=O)c(N)nc32)[C@H](O)[C@@H]1O,False,C13H15N5O7,353.0971,25
C[C@]1(O)[C@H]2COC=Nc3nc4c(ncn4[C@H](O2)[C@@H]1O)c(=O)[nH]3,False,C12H13N5O5,307.0917,22
Nc1nc2c(ncn2[C@@H]2O[C@H](COCO)[C@@]3(CO3)[C@H]2O)c(=O)[nH]1,False,C12H15N5O6,325.1022,23
Nc1nc2c(ncn2[C@@H]2O[C@H](COCO)[C@@]3(O)CO[C@@H]23)c(=O)[nH]1,False,C12H15N5O6,325.1022,23
C[C@]12O[C@@]1(COCO)O[C@@H](n1cnc3c(=O)[nH]c(N)nc31)[C@@H]2O,False,C12H15N5O6,325.1022,23
C[C@@]1(O)[C@H]2O[C@@]1(COCO)O[C@H]2n1cnc2c(=O)[nH]c(N)nc21,False,C12H15N5O6,325.1022,23
C[C@@]12O[C@@]1(O)[C@H](n1cnc3c(=O)[nH]c(N)nc31)O[C@@H]2COCO,False,C12H15N5O6,325.1022,23
C[C@]12OC(OCO)[C@H]1O[C@@H](n1cnc3c(=O)[nH]c(N)nc31)[C@@H]2O,False,C12H15N5O6,325.1022,23
C[C@]1(O)[C@@H]2O[C@@H](n3cnc4c(=O)[nH]c(N)nc43)[C@@H]1OC2OCO,False,C12H15N5O6,325.1022,23
C[C@]12O[C@](n3cnc4c(=O)[nH]c(N)nc43)(O[C@@H]1COCO)[C@@H]2O,False,C12H15N5O6,325.1022,23
C[C@@]1(O)[C@H]2O[C@]2(n2cnc3c(=O)[nH]c(N)nc32)O[C@@H]1COCO,False,C12H15N5O6,325.1022,23
C[C@]12Oc3nc4c(=O)[nH]c(N)nc4n3[C@H](O[C@@H]1COCO)[C@@H]2O,False,C12H15N5O6,325.1022,23
C[C@]1(O)[C@@H](COCO)O[C@@H]2[C@@H]1Oc1nc3c(=O)[nH]c(N)nc3n12,False,C12H15N5O6,325.1022,23
COC[C@H]1O[C@@H](n2cnc3c(=O)[nH]c(N)nc32)[C@H](O)[C@@]1(C)O,False,C12H17N5O5,311.123,22
CC(=O)O[C@@]1(C)[C@@H](COC=O)O[C@@H](n2cnc3c(=O)[nH]c(N)nc32)[C@@H]1O,False,C14H17N5O7,367.1128,26
CC(=O)O[C@H]1[C@H](n2cnc3c(=O)[nH]c(N)nc32)O[C@H](COC=O)[C@]1(C)O,False,C14H17N5O7,367.1128,26
C[C@]1(O)[C@@H](C=O)O[C@@H](n2cnc3c(=O)[nH]c(N)nc32)[C@@H]1O,False,C11H13N5O5,295.0917,21
C[C@]1(O)[C@@H](C(=O)OC=O)O[C@@H](n2cnc3c(=O)[nH]c(N)nc32)[C@@H]1O,False,C12H13N5O7,339.0815,24
C[C@]1(OC=O)[C@@H](COC=O)O[C@@H](n2cnc3c(=O)[nH]c(N)nc32)[C@@H]1O,False,C13H15N5O7,353.0971,25
C[C@]1(O)[C@@H](COC=O)O[C@@H](n2cnc3c(=O)[nH]c(N)nc32)[C@@H]1OC=O,False,C13H15N5O7,353.0971,25
C[C@]1(O)[C@@H](COC=O)O[C@@H](n2cnc3c(=O)n(C=O)c(N)nc32)[C@@H]1O,False,C13H15N5O7,353.0971,25
C[C@]1(O)[C@H](O)[C@H]2COC=Nc3nc4c(ncn4[C@@H]1O2)c(=O)[nH]3,False,C12H13N5O5,307.0917,22
Nc1nc2c(ncn2[C@@H]2O[C@H](COCO)[C@@H](O)[C@@]23CO3)c(=O)[nH]1,False,C12H15N5O6,325.1022,23
Nc1nc2c(ncn2[C@@H]2O[C@H](COCO)[C@H]3OC[C@]32O)c(=O)[nH]1,False,C12H15N5O6,325.1022,23
C[C@]12O[C@]1(O)[C@@H](COCO)O[C@H]2n1cnc2c(=O)[nH]c(N)nc21,False,C12H15N5O6,325.1022,23
C[C@@]12O[C@]1(n1cnc3c(=O)[nH]c(N)nc31)O[C@H](COCO)[C@H]2O,False,C12H15N5O6,325.1022,23
C[C@]1(O)[C@@H]2O[C@]1(n1cnc3c(=O)[nH]c(N)nc31)O[C@@H]2COCO,False,C12H15N5O6,325.1022,23
C[C@@]12O[C@@](COCO)(O[C@H]1n1cnc3c(=O)[nH]c(N)nc31)[C@H]2O,False,C12H15N5O6,325.1022,23
C[C@]1(O)[C@@H]2O[C@@]2(COCO)O[C@H]1n1cnc2c(=O)[nH]c(N)nc21,False,C12H15N5O6,325.1022,23
C[C@@]12OC(OCO)[C@@H](O[C@H]1n1cnc3c(=O)[nH]c(N)nc31)[C@H]2O,False,C12H15N5O6,325.1022,23
C[C@]1(O)[C@@H]2OC(OCO)[C@H]2O[C@H]1n1cnc2c(=O)[nH]c(N)nc21,False,C12H15N5O6,325.1022,23
C[C@@]12Oc3nc4c(=O)[nH]c(N)nc4n3[C@@H]1O[C@H](COCO)[C@H]2O,False,C12H15N5O6,325.1022,23
C[C@]1(O)[C@@H]2Oc3nc4c(=O)[nH]c(N)nc4n3[C@@H]1O[C@@H]2COCO,False,C12H15N5O6,325.1022,23
COC[C@H]1O[C@@H](n2cnc3c(=O)[nH]c(N)nc32)[C@@](C)(O)[C@@H]1O,False,C12H17N5O5,311.123,22
CC(=O)O[C@@]1(C)[C@H](O)[C@@H](COC=O)O[C@H]1n1cnc2c(=O)[nH]c(N)nc21,False,C14H17N5O7,367.1128,26
CC(=O)O[C@@H]1[C@@H](COC=O)O[C@@H](n2cnc3c(=O)[nH]c(N)nc32)[C@@]1(C)O,False,C14H17N5O7,367.1128,26
C[C@]1(O)[C@H](O)[C@@H](C=O)O[C@H]1n1cnc2c(=O)[nH]c(N)nc21,False,C11H13N5O5,295.0917,21
C[C@]1(O)[C@H](O)[C@@H](C(=O)OC=O)O[C@H]1n1cnc2c(=O)[nH]c(N)nc21,False,C12H13N5O7,339.0815,24
C[C@]1(OC=O)[C@H](O)[C@@H](COC=O)O[C@H]1n1cnc2c(=O)[nH]c(N)nc21,False,C13H15N5O7,353.0971,25
C[C@]1(O)[C@H](OC=O)[C@@H](COC=O)O[C@H]1n1cnc2c(=O)[nH]c(N)nc21,False,C13H15N5O7,353.0971,25
C[C@]1(O)[C@H](O)[C@@H](COC=O)O[C@H]1n1cnc2c(=O)n(C=O)c(N)nc21,False,C13H15N5O7,353.0971,25
C[C@@]12O[C@H](COC=Nc3nc4c(ncn41)c(=O)[nH]3)[C@@H](O)[C@H]2O,False,C12H13N5O5,307.0917,22
Nc1nc2c(ncn2[C@]23CO[C@@H]2[C@H](O)[C@@H](COCO)O3)c(=O)[nH]1,False,C12H15N5O6,325.1022,23
Nc1nc2c(ncn2[C@]23CO[C@@H]([C@H]2O)[C@@H](COCO)O3)c(=O)[nH]1,False,C12H15N5O6,325.1022,23
C[C@]1(n2cnc3c(=O)[nH]c(N)nc32)O[C@H](COCO)[C@H]2O[C@]21O,False,C12H15N5O6,325.1022,23
C[C@]1(n2cnc3c(=O)[nH]c(N)nc32)O[C@]2(COCO)O[C@@H]1[C@@H]2O,False,C12H15N5O6,325.1022,23
C[C@]1(n2cnc3c(=O)[nH]c(N)nc32)O[C@]2(COCO)O[C@H]2[C@H]1O,False,C12H15N5O6,325.1022,23
C[C@]1(n2cnc3c(=O)[nH]c(N)nc32)O[C@H](COCO)[C@@]2(O)O[C@H]21,False,C12H15N5O6,325.1022,23
C[C@]12O[C@H](COCO)[C@@H](O)[C@H]1Oc1nc3c(=O)[nH]c(N)nc3n12,False,C12H15N5O6,325.1022,23
C[C@@]12O[C@H](COCO)[C@@H](Oc3nc4c(=O)[nH]c(N)nc4n31)[C@H]2O,False,C12H15N5O6,325.1022,23
C[C@]1(n2cnc3c(=O)[nH]c(N)nc32)O[C@@H]2C(OCO)O[C@@H]1[C@@H]2O,False,C12H15N5O6,325.1022,23
C[C@]1(n2cnc3c(=O)[nH]c(N)nc32)O[C@@H]2C(OCO)O[C@H]2[C@H]1O,False,C12H15N5O6,325.1022,23
COC[C@H]1O[C@](C)(n2cnc3c(=O)[nH]c(N)nc32)[C@H](O)[C@@H]1O,False,C12H17N5O5,311.123,22
CC(=O)O[C@@H]1[C@H](O)[C@@H](COC=O)O[C@]1(C)n1cnc2c(=O)[nH]c(N)nc21,False,C14H17N5O7,367.1128,26
CC(=O)O[C@H]1[C@@H](O)[C@@](C)(n2cnc3c(=O)[nH]c(N)nc32)O[C@@H]1COC=O,False,C14H17N5O7,367.1128,26
C[C@]1(n2cnc3c(=O)[nH]c(N)nc32)O[C@H](C=O)[C@@H](O)[C@H]1O,False,C11H13N5O5,295.0917,21
C[C@]1(n2cnc3c(=O)[nH]c(N)nc32)O[C@H](C(=O)OC=O)[C@@H](O)[C@H]1O,False,C12H13N5O7,339.0815,24
C[C@]1(n2cnc3c(=O)[nH]c(N)nc32)O[C@H](COC=O)[C@@H](O)[C@H]1OC=O,False,C13H15N5O7,353.0971,25
C[C@]1(n2cnc3c(=O)[nH]c(N)nc32)O[C@H](COC=O)[C@@H](OC=O)[C@H]1O,False,C13H15N5O7,353.0971,25
C[C@]1(n2cnc3c(=O)n(C=O)c(N)nc32)O[C@H](COC=O)[C@@H](O)[C@H]1O,False,C13H15N5O7,353.0971,25
Cc1nc2c(=O)[nH]c3nc2n1[C@@H]1O[C@H](COC=N3)[C@@H](O)[C@H]1O,False,C12H13N5O5,307.0917,22
Nc1nc2c(nc3n2[C@@H]2O[C@H](COCO)[C@@H](O)[C@H]2OC3)c(=O)[nH]1,False,C12H15N5O6,325.1022,23
Nc1nc2c(nc3n2[C@@H]2O[C@H](COCO)[C@@H](OC3)[C@H]2O)c(=O)[nH]1,False,C12H15N5O6,325.1022,23
Cc1nc2c(=O)[nH]c(N)nc2n1[C@]12O[C@@H]1[C@H](O)[C@@H](COCO)O2,False,C12H15N5O6,325.1022,23
Cc1nc2c(=O)[nH]c(N)nc2n1[C@]12O[C@@H]([C@H]1O)[C@@H](COCO)O2,False,C12H15N5O6,325.1022,23
Cc1nc2c(=O)[nH]c(N)nc2n1[C@@H]1O[C@H](COCO)[C@H]2O[C@]21O,False,C12H15N5O6,325.1022,23
Cc1nc2c(=O)[nH]c(N)nc2n1[C@@H]1O[C@]2(COCO)O[C@@H]1[C@@H]2O,False,C12H15N5O6,325.1022,23
Cc1nc2c(=O)[nH]c(N)nc2n1[C@@H]1O[C@]2(COCO)O[C@H]2[C@H]1O,False,C12H15N5O6,325.1022,23
Cc1nc2c(=O)[nH]c(N)nc2n1[C@@H]1O[C@H](COCO)[C@@]2(O)O[C@@H]12,False,C12H15N5O6,325.1022,23
Cc1nc2c(=O)[nH]c(N)nc2n1[C@@H]1O[C@@H]2C(OCO)O[C@@H]1[C@@H]2O,False,C12H15N5O6,325.1022,23
Cc1nc2c(=O)[nH]c(N)nc2n1[C@@H]1O[C@@H]2C(OCO)O[C@H]2[C@H]1O,False,C12H15N5O6,325.1022,23
COC[C@H]1O[C@@H](n2c(C)nc3c(=O)[nH]c(N)nc32)[C@H](O)[C@@H]1O,False,C12H17N5O5,311.123,22
CC(=O)O[C@@H]1[C@H](O)[C@@H](COC=O)O[C@H]1n1c(C)nc2c(=O)[nH]c(N)nc21,False,C14H17N5O7,367.1128,26
CC(=O)O[C@H]1[C@@H](O)[C@H](n2c(C)nc3c(=O)[nH]c(N)nc32)O[C@@H]1COC=O,False,C14H17N5O7,367.1128,26
Cc1nc2c(=O)[nH]c(N)nc2n1[C@@H]1O[C@H](C=O)[C@@H](O)[C@H]1O,False,C11H13N5O5,295.0917,21
Cc1nc2c(=O)[nH]c(N)nc2n1[C@@H]1O[C@H](C(=O)OC=O)[C@@H](O)[C@H]1O,False,C12H13N5O7,339.0815,24
Cc1nc2c(=O)[nH]c(N)nc2n1[C@@H]1O[C@H](COC=O)[C@@H](O)[C@H]1OC=O,False,C13H15N5O7,353.0971,25
Cc1nc2c(=O)[nH]c(N)nc2n1[C@@H]1O[C@H](COC=O)[C@@H](OC=O)[C@H]1O,False,C13H15N5O7,353.0971,25
Cc1nc2c(=O)n(C=O)c(N)nc2n1[C@@H]1O[C@H](COC=O)[C@@H](O)[C@H]1O,False,C13H15N5O7,353.0971,25
CC1=Nc2nc3c(ncn3[C@@H]3O[C@H](CO1)[C@@H](O)[C@H]3OP(=O)(O)O)c(=O)[nH]2,False,C12H14N5O8P,387.058,26
CC1=Nc2nc3c(ncn3[C@@H]3O[C@H](CO1)[C@@H](OP(=O)(O)O)[C@H]3O)c(=O)[nH]2,False,C12H14N5O8P,387.058,26
CC1=Nc2nc3c(ncn3[C@@H]3O[C@H](CO1)[C@@H](O)[C@H]3OS(=O)(=O)O)c(=O)[nH]2,False,C12H13N5O8S,387.0485,26
CC1=Nc2nc3c(ncn3[C@@H]3O[C@H](CO1)[C@@H](OS(=O)(=O)O)[C@H]3O)c(=O)[nH]2,False,C12H13N5O8S,387.0485,26
CC(=O)O[C@@H]1[C@H](O)[C@H]2COC(C)=Nc3nc4c(ncn4[C@@H]1O2)c(=O)[nH]3,False,C14H15N5O6,349.1022,25
CC(=O)O[C@H]1[C@@H](O)[C@H]2O[C@@H]1COC(C)=Nc1nc3c(ncn32)c(=O)[nH]1,False,C14H15N5O6,349.1022,25
COC1CO[C@H]2[C@@H](O)[C@H](n3cnc4c(=O)[nH]c(N)nc43)O[C@@H]2CO1,False,C13H17N5O6,339.1179,24
CC(=O)OC1CO[C@H]2[C@@H](O)[C@H](n3cnc4c(=O)[nH]c(N)nc43)O[C@@H]2CO1,False,C14H17N5O7,367.1128,26
CC(=O)O[C@@H]1[C@@H]2OCC(O)OC[C@H]2O[C@H]1n1cnc2c(=O)[nH]c(N)nc21,False,C14H17N5O7,367.1128,26
Nc1nc2c(ncn2[C@@H]2O[C@@H]3COC(OC(O)CO)CO[C@H]3[C@H]2O)c(=O)[nH]1,False,C14H19N5O8,385.1234,27
Nc1nc2c(ncn2[C@@H]2O[C@@H]3CO[C@H]3[C@H]2O)c(=O)[nH]1,False,C10H11N5O4,265.0811,19
Nc1nc2c(ncn2[C@@H]2O[C@@H]3COC(O)CO[C@H]3[C@H]2OC(O)CO)c(=O)[nH]1,False,C14H19N5O8,385.1234,27
Nc1nc2c(ncn2[C@@H]2O[C@@H]3COC(OCC(O)O)CO[C@H]3[C@H]2O)c(=O)[nH]1,False,C14H19N5O8,385.1234,27
Nc1nc2c(ncn2[C@@H]2O[C@@H]3COC(O)CO[C@H]3[C@H]2OCC(O)O)c(=O)[nH]1,False,C14H19N5O8,385.1234,27
COC1CO[C@@H]2[C@H](O)[C@@H](CO1)O[C@H]2n1cnc2c(=O)[nH]c(N)nc21,False,C13H17N5O6,339.1179,24
CC(=O)OC1CO[C@@H]2[C@H](O)[C@@H](CO1)O[C@H]2n1cnc2c(=O)[nH]c(N)nc21,False,C14H17N5O7,367.1128,26
CC(=O)O[C@H]1[C@H]2OCC(O)OC[C@H]1O[C@H]2n1cnc2c(=O)[nH]c(N)nc21,False,C14H17N5O7,367.1128,26
Nc1nc2c(ncn2[C@@H]2O[C@@H]3COC(OC(O)CO)CO[C@@H]2[C@@H]3O)c(=O)[nH]1,False,C14H19N5O8,385.1234,27
Nc1nc2c(ncn2[C@@H]2O[C@@H]3CO[C@@H]2[C@@H]3O)c(=O)[nH]1,False,C10H11N5O4,265.0811,19
Nc1nc2c(ncn2[C@@H]2O[C@@H]3COC(O)CO[C@@H]2[C@@H]3OC(O)CO)c(=O)[nH]1,False,C14H19N5O8,385.1234,27
Nc1nc2c(ncn2[C@@H]2O[C@@H]3COC(OCC(O)O)CO[C@@H]2[C@@H]3O)c(=O)[nH]1,False,C14H19N5O8,385.1234,27
Nc1nc2c(ncn2[C@@H]2O[C@@H]3COC(O)CO[C@@H]2[C@@H]3OCC(O)O)c(=O)[nH]1,False,C14H19N5O8,385.1234,27
Nc1nc2c(ncn2[C@@H]2O[C@@H]3C(OC=O)O[C@H]3[C@H]2O)c(=O)[nH]1,False,C11H11N5O6,309.0709,22
CC(=O)OC1O[C@H]2[C@@H](O)[C@H](n3cnc4c(=O)[nH]c(N)nc43)O[C@H]12,False,C12H13N5O6,323.0866,23
COC(C)OC1O[C@H]2[C@@H](O)[C@H](n3cnc4c(=O)[nH]c(N)nc43)O[C@H]12,False,C13H17N5O6,339.1179,24
CC(C)(O)OC1O[C@H]2[C@@H](O)[C@H](n3cnc4c(=O)[nH]c(N)nc43)O[C@H]12,False,C13H17N5O6,339.1179,24
CCC(O)OC1O[C@H]2[C@@H](O)[C@H](n3cnc4c(=O)[nH]c(N)nc43)O[C@H]12,False,C13H17N5O6,339.1179,24
CC(=O)OC(C)OC1O[C@H]2[C@@H](O)[C@H](n3cnc4c(=O)[nH]c(N)nc43)O[C@H]12,False,C14H17N5O7,367.1128,26
CC(=O)O[C@@H]1[C@@H]2OC(OC(C)O)[C@H]2O[C@H]1n1cnc2c(=O)[nH]c(N)nc21,False,C14H17N5O7,367.1128,26
CC(O)(OC1O[C@H]2[C@@H](O)[C@H](n3cnc4c(=O)[nH]c(N)nc43)O[C@H]12)C(=O)O,False,C13H15N5O8,369.0921,26
Nc1nc2c(ncn2[C@@H]2O[C@@H]3C(OC(O)CC(=O)O)O[C@H]3[C@H]2O)c(=O)[nH]1,False,C13H15N5O8,369.0921,26
CC(Cl)OC1O[C@H]2[C@@H](O)[C@H](n3cnc4c(=O)[nH]c(N)nc43)O[C@H]12,False,C12H14ClN5O5,343.0683,23
CC(O)(O)OC1O[C@H]2[C@@H](O)[C@H](n3cnc4c(=O)[nH]c(N)nc43)O[C@H]12,False,C12H15N5O7,341.0971,24
Nc1nc2c(ncn2[C@@H]2O[C@@H]3C(OC(O)CO)O[C@H]3[C@H]2O)c(=O)[nH]1,False,C12H15N5O7,341.0971,24
Nc1nc2c(ncn2[C@@H]2O[C@@H]3C(=O)O[C@H]3[C@H]2O)c(=O)[nH]1,False,C10H9N5O5,279.0604,20
CCOC1O[C@H]2[C@@H](O)[C@H](n3cnc4c(=O)[nH]c(N)nc43)O[C@H]12,False,C12H15N5O5,309.1073,22
CC(O)OC1O[C@H]2[C@@H](OC(C)O)[C@H](n3cnc4c(=O)[nH]c(N)nc43)O[C@H]12,False,C14H19N5O7,369.1284,26
CC(O)OC(C)OC1O[C@H]2[C@@H](O)[C@H](n3cnc4c(=O)[nH]c(N)nc43)O[C@H]12,False,C14H19N5O7,369.1284,26
CC(O)OC1(C)O[C@H]2[C@@H](O)[C@H](n3cnc4c(=O)[nH]c(N)nc43)O[C@@H]21,False,C13H17N5O6,339.1179,24
CC(O)OC1O[C@H]2[C@@H](O)[C@H](n3cnc4c(=O)[nH]c(N)nc43)O[C@@]12C,False,C13H17N5O6,339.1179,24
CC(O)OC1O[C@@]2(C)[C@@H]1O[C@@H](n1cnc3c(=O)[nH]c(N)nc31)[C@@H]2O,False,C13H17N5O6,339.1179,24
CC(O)OC1O[C@@H]2[C@@H]1O[C@@H](n1cnc3c(=O)[nH]c(N)nc31)[C@@]2(C)O,False,C13H17N5O6,339.1179,24
CC(O)OC1O[C@@H]2[C@@H]1O[C@](C)(n1cnc3c(=O)[nH]c(N)nc31)[C@@H]2O,False,C13H17N5O6,339.1179,24
Cc1nc2c(=O)[nH]c(N)nc2n1[C@@H]1O[C@@H]2C(OC(C)O)O[C@H]2[C@H]1O,False,C13H17N5O6,339.1179,24
Nc1nc2c(ncn2[C@@H]2O[C@@H]3C(OC=O)O[C@@H]2[C@@H]3O)c(=O)[nH]1,False,C11H11N5O6,309.0709,22
CC(=O)OC1O[C@@H]2[C@H](O)[C@@H]1O[C@H]2n1cnc2c(=O)[nH]c(N)nc21,False,C12H13N5O6,323.0866,23
COC(C)OC1O[C@@H]2[C@H](O)[C@@H]1O[C@H]2n1cnc2c(=O)[nH]c(N)nc21,False,C13H17N5O6,339.1179,24
CC(C)(O)OC1O[C@@H]2[C@H](O)[C@@H]1O[C@H]2n1cnc2c(=O)[nH]c(N)nc21,False,C13H17N5O6,339.1179,24
CCC(O)OC1O[C@@H]2[C@H](O)[C@@H]1O[C@H]2n1cnc2c(=O)[nH]c(N)nc21,False,C13H17N5O6,339.1179,24
CC(=O)OC(C)OC1O[C@@H]2[C@H](O)[C@@H]1O[C@H]2n1cnc2c(=O)[nH]c(N)nc21,False,C14H17N5O7,367.1128,26
CC(=O)O[C@H]1[C@H]2OC(OC(C)O)[C@H]1O[C@H]2n1cnc2c(=O)[nH]c(N)nc21,False,C14H17N5O7,367.1128,26
CC(O)(OC1O[C@@H]2[C@H](O)[C@@H]1O[C@H]2n1cnc2c(=O)[nH]c(N)nc21)C(=O)O,False,C13H15N5O8,369.0921,26
Nc1nc2c(ncn2[C@@H]2O[C@@H]3C(OC(O)CC(=O)O)O[C@@H]2[C@@H]3O)c(=O)[nH]1,False,C13H15N5O8,369.0921,26
CC(Cl)OC1O[C@@H]2[C@H](O)[C@@H]1O[C@H]2n1cnc2c(=O)[nH]c(N)nc21,False,C12H14ClN5O5,343.0683,23
CC(O)(O)OC1O[C@@H]2[C@H](O)[C@@H]1O[C@H]2n1cnc2c(=O)[nH]c(N)nc21,False,C12H15N5O7,341.0971,24
Nc1nc2c(ncn2[C@@H]2O[C@@H]3C(OC(O)CO)O[C@@H]2[C@@H]3O)c(=O)[nH]1,False,C12H15N5O7,341.0971,24
Nc1nc2c(ncn2[C@@H]2O[C@@H]3C(=O)O[C@@H]2[C@@H]3O)c(=O)[nH]1,False,C10H9N5O5,279.0604,20
CCOC1O[C@@H]2[C@H](O)[C@@H]1O[C@H]2n1cnc2c(=O)[nH]c(N)nc21,False,C12H15N5O5,309.1073,22
CC(O)OC1O[C@@H]2[C@H](OC(C)O)[C@@H]1O[C@H]2n1cnc2c(=O)[nH]c(N)nc21,False,C14H19N5O7,369.1284,26
CC(O)OC(C)OC1O[C@@H]2[C@H](O)[C@@H]1O[C@H]2n1cnc2c(=O)[nH]c(N)nc21,False,C14H19N5O7,369.1284,26
CC(O)OC1(C)O[C@@H]2[C@H](O)[C@@H]1O[C@H]2n1cnc2c(=O)[nH]c(N)nc21,False,C13H17N5O6,339.1179,24
CC(O)OC1O[C@H]2[C@H](n3cnc4c(=O)[nH]c(N)nc43)O[C@]1(C)[C@H]2O,False,C13H17N5O6,339.1179,24
CC(O)OC1O[C@H]2[C@H](n3cnc4c(=O)[nH]c(N)nc43)O[C@H]1[C@]2(C)O,False,C13H17N5O6,339.1179,24
CC(O)OC1O[C@@]2(C)[C@H](O)[C@@H]1O[C@H]2n1cnc2c(=O)[nH]c(N)nc21,False,C13H17N5O6,339.1179,24
CC(O)OC1O[C@@H]2[C@H](O)[C@@H]1O[C@]2(C)n1cnc2c(=O)[nH]c(N)nc21,False,C13H17N5O6,339.1179,24
Cc1nc2c(=O)[nH]c(N)nc2n1[C@@H]1O[C@@H]2C(OC(C)O)O[C@@H]1[C@@H]2O,False,C13H17N5O6,339.1179,24
CC(O)OC[C@]12O[C@H]1O[C@@H](n1cnc3c(=O)[nH]c(N)nc31)[C@@H]2O,False,C12H15N5O6,325.1022,23
CC(O)OC[C@]1(O)[C@@H]2O[C@H]2O[C@H]1n1cnc2c(=O)[nH]c(N)nc21,False,C12H15N5O6,325.1022,23
CC(O)OC[C@]1(n2cnc3c(=O)[nH]c(N)nc32)O[C@@H]2O[C@H]2[C@H]1O,False,C12H15N5O6,325.1022,23
CC(O)OCc1nc2c(=O)[nH]c(N)nc2n1[C@@H]1O[C@@H]2O[C@H]2[C@H]1O,False,C12H15N5O6,325.1022,23
Nc1nc2c(ncn2[C@@H]2O[C@]3(COC=O)O[C@H]3[C@H]2O)c(=O)[nH]1,False,C11H11N5O6,309.0709,22
COC(C)OC[C@]12O[C@@H](n3cnc4c(=O)[nH]c(N)nc43)[C@H](O)[C@@H]1O2,False,C13H17N5O6,339.1179,24
CC(C)(O)OC[C@]12O[C@@H](n3cnc4c(=O)[nH]c(N)nc43)[C@H](O)[C@@H]1O2,False,C13H17N5O6,339.1179,24
CCC(O)OC[C@]12O[C@@H](n3cnc4c(=O)[nH]c(N)nc43)[C@H](O)[C@@H]1O2,False,C13H17N5O6,339.1179,24
CC(=O)OC(C)OC[C@]12O[C@@H](n3cnc4c(=O)[nH]c(N)nc43)[C@H](O)[C@@H]1O2,False,C14H17N5O7,367.1128,26
CC(=O)O[C@H]1[C@H](n2cnc3c(=O)[nH]c(N)nc32)O[C@]2(COC(C)O)O[C@@H]12,False,C14H17N5O7,367.1128,26
CC(O)(OC[C@]12O[C@@H](n3cnc4c(=O)[nH]c(N)nc43)[C@H](O)[C@@H]1O2)C(=O)O,False,C13H15N5O8,369.0921,26
Nc1nc2c(ncn2[C@@H]2O[C@]3(COC(O)CC(=O)O)O[C@H]3[C@H]2O)c(=O)[nH]1,False,C13H15N5O8,369.0921,26
CC(Cl)OC[C@]12O[C@@H](n3cnc4c(=O)[nH]c(N)nc43)[C@H](O)[C@@H]1O2,False,C12H14ClN5O5,343.0683,23
CC(O)(O)OC[C@]12O[C@@H](n3cnc4c(=O)[nH]c(N)nc43)[C@H](O)[C@@H]1O2,False,C12H15N5O7,341.0971,24
Nc1nc2c(ncn2[C@@H]2O[C@]3(COC(O)CO)O[C@H]3[C@H]2O)c(=O)[nH]1,False,C12H15N5O7,341.0971,24
CC(O)OC[C@]1(O)O[C@@H](n2cnc3c(=O)[nH]c(N)nc32)[C@H](O)[C@@H]1O,False,C12H17N5O7,343.1128,24
CCOC[C@]12O[C@@H](n3cnc4c(=O)[nH]c(N)nc43)[C@H](O)[C@@H]1O2,False,C12H15N5O5,309.1073,22
CC(O)OCC1=C[C@@H](O)[C@H](n2cnc3c(=O)[nH]c(N)nc32)O1,False,C12H15N5O5,309.1073,22
CC(O)OC(=O)[C@]12O[C@@H](n3cnc4c(=O)[nH]c(N)nc43)[C@H](O)[C@@H]1O2,False,C12H13N5O7,339.0815,24
CC(O)OC[C@]12O[C@@H](n3cnc4c(=O)[nH]c(N)nc43)[C@H](OC(C)O)[C@@H]1O2,False,C14H19N5O7,369.1284,26
CC(O)OC(C)OC[C@]12O[C@@H](n3cnc4c(=O)[nH]c(N)nc43)[C@H](O)[C@@H]1O2,False,C14H19N5O7,369.1284,26
CC(O)OC(C)[C@]12O[C@@H](n3cnc4c(=O)[nH]c(N)nc43)[C@H](O)[C@@H]1O2,False,C13H17N5O6,339.1179,24
CC(O)OC[C@]12O[C@@H](n3cnc4c(=O)[nH]c(N)nc43)[C@H](O)[C@@]1(C)O2,False,C13H17N5O6,339.1179,24
CC(O)OC[C@@]12O[C@H]1[C@](C)(O)[C@H](n1cnc3c(=O)[nH]c(N)nc31)O2,False,C13H17N5O6,339.1179,24
CC(O)OC[C@@]12O[C@H]1[C@@H](O)[C@@](C)(n1cnc3c(=O)[nH]c(N)nc31)O2,False,C13H17N5O6,339.1179,24
Cc1nc2c(=O)[nH]c(N)nc2n1[C@@H]1O[C@]2(COC(C)O)O[C@H]2[C@H]1O,False,C13H17N5O6,339.1179,24
CC(O)OC[C@]1(O)[C@@H]2O[C@@H](n3cnc4c(=O)[nH]c(N)nc43)[C@@H]1O2,False,C12H15N5O6,325.1022,23
CC(O)OC[C@@]12O[C@@H](O[C@H]1n1cnc3c(=O)[nH]c(N)nc31)[C@H]2O,False,C12H15N5O6,325.1022,23
CC(O)OC[C@]1(n2cnc3c(=O)[nH]c(N)nc32)O[C@@H]2O[C@@H]1[C@@H]2O,False,C12H15N5O6,325.1022,23
CC(O)OCc1nc2c(=O)[nH]c(N)nc2n1[C@@H]1O[C@@H]2O[C@@H]1[C@@H]2O,False,C12H15N5O6,325.1022,23
Nc1nc2c(ncn2[C@@H]2O[C@]3(COC=O)O[C@@H]2[C@@H]3O)c(=O)[nH]1,False,C11H11N5O6,309.0709,22
COC(C)OC[C@]12O[C@@H]([C@H](n3cnc4c(=O)[nH]c(N)nc43)O1)[C@@H]2O,False,C13H17N5O6,339.1179,24
CC(C)(O)OC[C@]12O[C@@H]([C@H](n3cnc4c(=O)[nH]c(N)nc43)O1)[C@@H]2O,False,C13H17N5O6,339.1179,24
CCC(O)OC[C@]12O[C@@H]([C@H](n3cnc4c(=O)[nH]c(N)nc43)O1)[C@@H]2O,False,C13H17N5O6,339.1179,24
CC(=O)OC(C)OC[C@]12O[C@@H]([C@H](n3cnc4c(=O)[nH]c(N)nc43)O1)[C@@H]2O,False,C14H17N5O7,367.1128,26
CC(=O)O[C@H]1[C@H]2O[C@@]1(COC(C)O)O[C@H]2n1cnc2c(=O)[nH]c(N)nc21,False,C14H17N5O7,367.1128,26
CC(O)(OC[C@]12O[C@@H]([C@H](n3cnc4c(=O)[nH]c(N)nc43)O1)[C@@H]2O)C(=O)O,False,C13H15N5O8,369.0921,26
Nc1nc2c(ncn2[C@@H]2O[C@]3(COC(O)CC(=O)O)O[C@@H]2[C@@H]3O)c(=O)[nH]1,False,C13H15N5O8,369.0921,26
CC(Cl)OC[C@]12O[C@@H]([C@H](n3cnc4c(=O)[nH]c(N)nc43)O1)[C@@H]2O,False,C12H14ClN5O5,343.0683,23
CC(O)(O)OC[C@]12O[C@@H]([C@H](n3cnc4c(=O)[nH]c(N)nc43)O1)[C@@H]2O,False,C12H15N5O7,341.0971,24
Nc1nc2c(ncn2[C@@H]2O[C@]3(COC(O)CO)O[C@@H]2[C@@H]3O)c(=O)[nH]1,False,C12H15N5O7,341.0971,24
CCOC[C@]12O[C@@H]([C@H](n3cnc4c(=O)[nH]c(N)nc43)O1)[C@@H]2O,False,C12H15N5O5,309.1073,22
CC(O)OC(=O)[C@]12O[C@@H]([C@H](n3cnc4c(=O)[nH]c(N)nc43)O1)[C@@H]2O,False,C12H13N5O7,339.0815,24
CC(O)OC[C@]12O[C@@H]([C@H](n3cnc4c(=O)[nH]c(N)nc43)O1)[C@@H]2OC(C)O,False,C14H19N5O7,369.1284,26
CC(O)OC(C)OC[C@]12O[C@@H]([C@H](n3cnc4c(=O)[nH]c(N)nc43)O1)[C@@H]2O,False,C14H19N5O7,369.1284,26
CC(O)OC(C)[C@]12O[C@@H]([C@H](n3cnc4c(=O)[nH]c(N)nc43)O1)[C@@H]2O,False,C13H17N5O6,339.1179,24
CC(O)OC[C@@]12O[C@@H](n3cnc4c(=O)[nH]c(N)nc43)[C@H](O1)[C@@]2(C)O,False,C13H17N5O6,339.1179,24
CC(O)OC[C@@]12O[C@@H](n3cnc4c(=O)[nH]c(N)nc43)[C@@](C)(O1)[C@@H]2O,False,C13H17N5O6,339.1179,24
CC(O)OC[C@@]12O[C@H]([C@@H]1O)[C@@](C)(n1cnc3c(=O)[nH]c(N)nc31)O2,False,C13H17N5O6,339.1179,24
Cc1nc2c(=O)[nH]c(N)nc2n1[C@@H]1O[C@]2(COC(C)O)O[C@@H]1[C@@H]2O,False,C13H17N5O6,339.1179,24
CC(O)OC[C@]12O[C@]1(O)CO[C@H]2n1cnc2c(=O)[nH]c(N)nc21,False,C12H15N5O6,325.1022,23
CC(O)OCc1nc2c(=O)[nH]c(N)nc2n1[C@@H]1OC[C@@]2(O)O[C@@H]12,False,C12H15N5O6,325.1022,23
Nc1nc2c(ncn2[C@@H]2O[C@H](COC=O)[C@@]3(O)O[C@@H]23)c(=O)[nH]1,False,C11H11N5O6,309.0709,22
COC(C)OC[C@H]1O[C@@H](n2cnc3c(=O)[nH]c(N)nc32)[C@@H]2O[C@]12O,False,C13H17N5O6,339.1179,24
CC(C)(O)OC[C@H]1O[C@@H](n2cnc3c(=O)[nH]c(N)nc32)[C@@H]2O[C@]12O,False,C13H17N5O6,339.1179,24
CCC(O)OC[C@H]1O[C@@H](n2cnc3c(=O)[nH]c(N)nc32)[C@@H]2O[C@]12O,False,C13H17N5O6,339.1179,24
CC(=O)OC(C)OC[C@H]1O[C@@H](n2cnc3c(=O)[nH]c(N)nc32)[C@@H]2O[C@]12O,False,C14H17N5O7,367.1128,26
CC(=O)O[C@]12O[C@H]1[C@H](n1cnc3c(=O)[nH]c(N)nc31)O[C@@H]2COC(C)O,False,C14H17N5O7,367.1128,26
CC(O)(OC[C@H]1O[C@@H](n2cnc3c(=O)[nH]c(N)nc32)[C@@H]2O[C@]12O)C(=O)O,False,C13H15N5O8,369.0921,26
Nc1nc2c(ncn2[C@@H]2O[C@H](COC(O)CC(=O)O)[C@@]3(O)O[C@@H]23)c(=O)[nH]1,False,C13H15N5O8,369.0921,26
CC(Cl)OC[C@H]1O[C@@H](n2cnc3c(=O)[nH]c(N)nc32)[C@@H]2O[C@]12O,False,C12H14ClN5O5,343.0683,23
CC(O)(O)OC[C@H]1O[C@@H](n2cnc3c(=O)[nH]c(N)nc32)[C@@H]2O[C@]12O,False,C12H15N5O7,341.0971,24
Nc1nc2c(ncn2[C@@H]2O[C@H](COC(O)CO)[C@@]3(O)O[C@@H]23)c(=O)[nH]1,False,C12H15N5O7,341.0971,24
CC(O)OC[C@H]1O[C@@H](n2cnc3c(=O)[nH]c(N)nc32)[C@H](O)C1(O)O,False,C12H17N5O7,343.1128,24
CCOC[C@H]1O[C@@H](n2cnc3c(=O)[nH]c(N)nc32)[C@@H]2O[C@]12O,False,C12H15N5O5,309.1073,22
CC(O)OC(=O)[C@H]1O[C@@H](n2cnc3c(=O)[nH]c(N)nc32)[C@@H]2O[C@]12O,False,C12H13N5O7,339.0815,24
CC(O)OC[C@H]1O[C@@H](n2cnc3c(=O)[nH]c(N)nc32)[C@@H]2O[C@]12OC(C)O,False,C14H19N5O7,369.1284,26
CC(O)OC(C)OC[C@H]1O[C@@H](n2cnc3c(=O)[nH]c(N)nc32)[C@@H]2O[C@]12O,False,C14H19N5O7,369.1284,26
CC(O)OC[C@]1(C)O[C@@H](n2cnc3c(=O)[nH]c(N)nc32)[C@@H]2O[C@@]21O,False,C13H17N5O6,339.1179,24
CC(O)OC[C@H]1O[C@@H](n2cnc3c(=O)[nH]c(N)nc32)[C@@]2(C)O[C@]12O,False,C13H17N5O6,339.1179,24
CC(O)OC(C)[C@H]1O[C@@H](n2cnc3c(=O)[nH]c(N)nc32)[C@@H]2O[C@]12O,False,C13H17N5O6,339.1179,24
CC(O)OC[C@H]1O[C@](C)(n2cnc3c(=O)[nH]c(N)nc32)[C@@H]2O[C@@]21O,False,C13H17N5O6,339.1179,24
Cc1nc2c(=O)[nH]c(N)nc2n1[C@@H]1O[C@H](COC(C)O)[C@@]2(O)O[C@@H]12,False,C13H17N5O6,339.1179,24
CC(O)OC[C@]12CO[C@@H](n3cnc4c(=O)[nH]c(N)nc43)[C@]1(O)O2,False,C12H15N5O6,325.1022,23
CC(O)OCc1nc2c(=O)[nH]c(N)nc2n1[C@@H]1OC[C@H]2O[C@]21O,False,C12H15N5O6,325.1022,23
Nc1nc2c(ncn2[C@@H]2O[C@H](COC=O)[C@H]3O[C@]32O)c(=O)[nH]1,False,C11H11N5O6,309.0709,22
COC(C)OC[C@H]1O[C@@H](n2cnc3c(=O)[nH]c(N)nc32)[C@]2(O)O[C@H]12,False,C13H17N5O6,339.1179,24
CC(C)(O)OC[C@H]1O[C@@H](n2cnc3c(=O)[nH]c(N)nc32)[C@]2(O)O[C@H]12,False,C13H17N5O6,339.1179,24
CCC(O)OC[C@H]1O[C@@H](n2cnc3c(=O)[nH]c(N)nc32)[C@]2(O)O[C@H]12,False,C13H17N5O6,339.1179,24
CC(=O)OC(C)OC[C@H]1O[C@@H](n2cnc3c(=O)[nH]c(N)nc32)[C@]2(O)O[C@H]12,False,C14H17N5O7,367.1128,26
CC(=O)O[C@@]12O[C@@H]1[C@@H](COC(C)O)O[C@H]2n1cnc2c(=O)[nH]c(N)nc21,False,C14H17N5O7,367.1128,26
CC(O)(OC[C@H]1O[C@@H](n2cnc3c(=O)[nH]c(N)nc32)[C@]2(O)O[C@H]12)C(=O)O,False,C13H15N5O8,369.0921,26
Nc1nc2c(ncn2[C@@H]2O[C@H](COC(O)CC(=O)O)[C@H]3O[C@]32O)c(=O)[nH]1,False,C13H15N5O8,369.0921,26
CC(Cl)OC[C@H]1O[C@@H](n2cnc3c(=O)[nH]c(N)nc32)[C@]2(O)O[C@H]12,False,C12H14ClN5O5,343.0683,23
CC(O)(O)OC[C@H]1O[C@@H](n2cnc3c(=O)[nH]c(N)nc32)[C@]2(O)O[C@H]12,False,C12H15N5O7,341.0971,24
Nc1nc2c(ncn2[C@@H]2O[C@H](COC(O)CO)[C@H]3O[C@]32O)c(=O)[nH]1,False,C12H15N5O7,341.0971,24
CC(O)OC[C@H]1O[C@@H](n2cnc3c(=O)[nH]c(N)nc32)C(O)(O)[C@@H]1O,False,C12H17N5O7,343.1128,24
CCOC[C@H]1O[C@@H](n2cnc3c(=O)[nH]c(N)nc32)[C@]2(O)O[C@H]12,False,C12H15N5O5,309.1073,22
CC(O)OC(=O)[C@H]1O[C@@H](n2cnc3c(=O)[nH]c(N)nc32)[C@]2(O)O[C@H]12,False,C12H13N5O7,339.0815,24
CC(O)OC[C@H]1O[C@@H](n2cnc3c(=O)[nH]c(N)nc32)[C@]2(OC(C)O)O[C@H]12,False,C14H19N5O7,369.1284,26
CC(O)OC(C)OC[C@H]1O[C@@H](n2cnc3c(=O)[nH]c(N)nc32)[C@]2(O)O[C@H]12,False,C14H19N5O7,369.1284,26
CC(O)OC[C@H]1O[C@@H](n2cnc3c(=O)[nH]c(N)nc32)[C@]2(O)O[C@@]12C,False,C13H17N5O6,339.1179,24
CC(O)OC[C@H]1O[C@](C)(n2cnc3c(=O)[nH]c(N)nc32)[C@]2(O)O[C@H]12,False,C13H17N5O6,339.1179,24
CC(O)OC[C@]1(C)O[C@@H](n2cnc3c(=O)[nH]c(N)nc32)[C@]2(O)O[C@@H]21,False,C13H17N5O6,339.1179,24
CC(O)OC(C)[C@H]1O[C@@H](n2cnc3c(=O)[nH]c(N)nc32)[C@]2(O)O[C@H]12,False,C13H17N5O6,339.1179,24
Cc1nc2c(=O)[nH]c(N)nc2n1[C@@H]1O[C@H](COC(C)O)[C@H]2O[C@]21O,False,C13H17N5O6,339.1179,24
CC(O)OC[C@]1(O)[C@H]2CO[C@@]1(n1cnc3c(=O)[nH]c(N)nc31)O2,False,C12H15N5O6,325.1022,23
CC(O)OC[C@@]12CO[C@@](n3cnc4c(=O)[nH]c(N)nc43)(O1)[C@@H]2O,False,C12H15N5O6,325.1022,23
CC(O)OCc1nc2c(=O)[nH]c(N)nc2n1[C@]12OC[C@@H](O1)[C@H]2O,False,C12H15N5O6,325.1022,23
Nc1nc2c(ncn2[C@]23O[C@@H]([C@H]2O)[C@@H](COC=O)O3)c(=O)[nH]1,False,C11H11N5O6,309.0709,22
COC(C)OC[C@H]1O[C@@]2(n3cnc4c(=O)[nH]c(N)nc43)O[C@H]1[C@H]2O,False,C13H17N5O6,339.1179,24
CC(C)(O)OC[C@H]1O[C@@]2(n3cnc4c(=O)[nH]c(N)nc43)O[C@H]1[C@H]2O,False,C13H17N5O6,339.1179,24
CCC(O)OC[C@H]1O[C@@]2(n3cnc4c(=O)[nH]c(N)nc43)O[C@H]1[C@H]2O,False,C13H17N5O6,339.1179,24
CC(=O)OC(C)OC[C@H]1O[C@@]2(n3cnc4c(=O)[nH]c(N)nc43)O[C@H]1[C@H]2O,False,C14H17N5O7,367.1128,26
CC(=O)O[C@@H]1[C@@H]2O[C@]1(n1cnc3c(=O)[nH]c(N)nc31)O[C@@H]2COC(C)O,False,C14H17N5O7,367.1128,26
CC(O)(OC[C@H]1O[C@@]2(n3cnc4c(=O)[nH]c(N)nc43)O[C@H]1[C@H]2O)C(=O)O,False,C13H15N5O8,369.0921,26
Nc1nc2c(ncn2[C@]23O[C@@H]([C@H]2O)[C@@H](COC(O)CC(=O)O)O3)c(=O)[nH]1,False,C13H15N5O8,369.0921,26
CC(Cl)OC[C@H]1O[C@@]2(n3cnc4c(=O)[nH]c(N)nc43)O[C@H]1[C@H]2O,False,C12H14ClN5O5,343.0683,23
CC(O)(O)OC[C@H]1O[C@@]2(n3cnc4c(=O)[nH]c(N)nc43)O[C@H]1[C@H]2O,False,C12H15N5O7,341.0971,24
Nc1nc2c(ncn2[C@]23O[C@@H]([C@H]2O)[C@@H](COC(O)CO)O3)c(=O)[nH]1,False,C12H15N5O7,341.0971,24
CCOC[C@H]1O[C@@]2(n3cnc4c(=O)[nH]c(N)nc43)O[C@H]1[C@H]2O,False,C12H15N5O5,309.1073,22
CC(O)OC(=O)[C@H]1O[C@@]2(n3cnc4c(=O)[nH]c(N)nc43)O[C@H]1[C@H]2O,False,C12H13N5O7,339.0815,24
CC(O)OC[C@H]1O[C@@]2(n3cnc4c(=O)[nH]c(N)nc43)O[C@H]1[C@H]2OC(C)O,False,C14H19N5O7,369.1284,26
CC(O)OC(C)OC[C@H]1O[C@@]2(n3cnc4c(=O)[nH]c(N)nc43)O[C@H]1[C@H]2O,False,C14H19N5O7,369.1284,26
CC(O)OC[C@H]1O[C@@]2(n3cnc4c(=O)[nH]c(N)nc43)O[C@H]1[C@]2(C)O,False,C13H17N5O6,339.1179,24
CC(O)OC[C@]1(C)O[C@@]2(n3cnc4c(=O)[nH]c(N)nc43)O[C@H]1[C@H]2O,False,C13H17N5O6,339.1179,24
CC(O)OC[C@H]1O[C@@]2(n3cnc4c(=O)[nH]c(N)nc43)O[C@]1(C)[C@H]2O,False,C13H17N5O6,339.1179,24
Cc1nc2c(=O)[nH]c(N)nc2n1[C@]12O[C@@H]([C@H]1O)[C@@H](COC(C)O)O2,False,C13H17N5O6,339.1179,24
CC(O)OC(C)[C@H]1O[C@@]2(n3cnc4c(=O)[nH]c(N)nc43)O[C@H]1[C@H]2O,False,C13H17N5O6,339.1179,24
CC(O)OC[C@@]12O[C@]1(n1cnc3c(=O)[nH]c(N)nc31)OC[C@H]2O,False,C12H15N5O6,325.1022,23
CC(O)OC[C@]1(O)CO[C@@]2(n3cnc4c(=O)[nH]c(N)nc43)O[C@H]12,False,C12H15N5O6,325.1022,23
CC(O)OCc1nc2c(=O)[nH]c(N)nc2n1[C@@]12OC[C@@H](O)[C@H]1O2,False,C12H15N5O6,325.1022,23
Nc1nc2c(ncn2[C@]23O[C@@H]2[C@H](O)[C@@H](COC=O)O3)c(=O)[nH]1,False,C11H11N5O6,309.0709,22
COC(C)OC[C@H]1O[C@@]2(n3cnc4c(=O)[nH]c(N)nc43)O[C@@H]2[C@@H]1O,False,C13H17N5O6,339.1179,24
CC(C)(O)OC[C@H]1O[C@@]2(n3cnc4c(=O)[nH]c(N)nc43)O[C@@H]2[C@@H]1O,False,C13H17N5O6,339.1179,24
CCC(O)OC[C@H]1O[C@@]2(n3cnc4c(=O)[nH]c(N)nc43)O[C@@H]2[C@@H]1O,False,C13H17N5O6,339.1179,24
CC(=O)OC(C)OC[C@H]1O[C@@]2(n3cnc4c(=O)[nH]c(N)nc43)O[C@@H]2[C@@H]1O,False,C14H17N5O7,367.1128,26
CC(=O)O[C@H]1[C@H]2O[C@]2(n2cnc3c(=O)[nH]c(N)nc32)O[C@@H]1COC(C)O,False,C14H17N5O7,367.1128,26
CC(O)(OC[C@H]1O[C@@]2(n3cnc4c(=O)[nH]c(N)nc43)O[C@@H]2[C@@H]1O)C(=O)O,False,C13H15N5O8,369.0921,26
Nc1nc2c(ncn2[C@]23O[C@@H]2[C@H](O)[C@@H](COC(O)CC(=O)O)O3)c(=O)[nH]1,False,C13H15N5O8,369.0921,26
CC(Cl)OC[C@H]1O[C@@]2(n3cnc4c(=O)[nH]c(N)nc43)O[C@@H]2[C@@H]1O,False,C12H14ClN5O5,343.0683,23
CC(O)(O)OC[C@H]1O[C@@]2(n3cnc4c(=O)[nH]c(N)nc43)O[C@@H]2[C@@H]1O,False,C12H15N5O7,341.0971,24
Nc1nc2c(ncn2[C@]23O[C@@H]2[C@H](O)[C@@H](COC(O)CO)O3)c(=O)[nH]1,False,C12H15N5O7,341.0971,24
CC(O)OC[C@H]1O[C@](O)(n2cnc3c(=O)[nH]c(N)nc32)[C@H](O)[C@@H]1O,False,C12H17N5O7,343.1128,24
CCOC[C@H]1O[C@@]2(n3cnc4c(=O)[nH]c(N)nc43)O[C@@H]2[C@@H]1O,False,C12H15N5O5,309.1073,22
CC(O)OC(=O)[C@H]1O[C@@]2(n3cnc4c(=O)[nH]c(N)nc43)O[C@@H]2[C@@H]1O,False,C12H13N5O7,339.0815,24
CC(O)OC[C@H]1O[C@@]2(n3cnc4c(=O)[nH]c(N)nc43)O[C@@H]2[C@@H]1OC(C)O,False,C14H19N5O7,369.1284,26
CC(O)OC(C)OC[C@H]1O[C@@]2(n3cnc4c(=O)[nH]c(N)nc43)O[C@@H]2[C@@H]1O,False,C14H19N5O7,369.1284,26
CC(O)OC[C@H]1O[C@@]2(n3cnc4c(=O)[nH]c(N)nc43)O[C@@]2(C)[C@@H]1O,False,C13H17N5O6,339.1179,24
CC(O)OC[C@]1(C)O[C@@]2(n3cnc4c(=O)[nH]c(N)nc43)O[C@@H]2[C@@H]1O,False,C13H17N5O6,339.1179,24
CC(O)OC[C@H]1O[C@@]2(n3cnc4c(=O)[nH]c(N)nc43)O[C@@H]2[C@@]1(C)O,False,C13H17N5O6,339.1179,24
Cc1nc2c(=O)[nH]c(N)nc2n1[C@]12O[C@@H]1[C@H](O)[C@@H](COC(C)O)O2,False,C13H17N5O6,339.1179,24
CC(O)OC(C)[C@H]1O[C@@]2(n3cnc4c(=O)[nH]c(N)nc43)O[C@@H]2[C@@H]1O,False,C13H17N5O6,339.1179,24
CC(O)OC[C@]1(O)[C@H]2CO[C@H]1n1c(nc3c(=O)[nH]c(N)nc31)O2,False,C12H15N5O6,325.1022,23
CC(O)OC[C@]12CO[C@H]([C@@H]1O)n1c(nc3c(=O)[nH]c(N)nc31)O2,False,C12H15N5O6,325.1022,23
Nc1nc2c(nc3n2[C@@H]2O[C@H](COC=O)[C@@H](O3)[C@H]2O)c(=O)[nH]1,False,C11H11N5O6,309.0709,22
COC(C)OC[C@H]1O[C@@H]2[C@H](O)[C@@H]1Oc1nc3c(=O)[nH]c(N)nc3n12,False,C13H17N5O6,339.1179,24
CC(C)(O)OC[C@H]1O[C@@H]2[C@H](O)[C@@H]1Oc1nc3c(=O)[nH]c(N)nc3n12,False,C13H17N5O6,339.1179,24
CCC(O)OC[C@H]1O[C@@H]2[C@H](O)[C@@H]1Oc1nc3c(=O)[nH]c(N)nc3n12,False,C13H17N5O6,339.1179,24
CC(=O)OC(C)OC[C@H]1O[C@@H]2[C@H](O)[C@@H]1Oc1nc3c(=O)[nH]c(N)nc3n12,False,C14H17N5O7,367.1128,26
CC(=O)O[C@@H]1[C@@H]2Oc3nc4c(=O)[nH]c(N)nc4n3[C@@H]1O[C@@H]2COC(C)O,False,C14H17N5O7,367.1128,26
CC(O)(OC[C@H]1O[C@@H]2[C@H](O)[C@@H]1Oc1nc3c(=O)[nH]c(N)nc3n12)C(=O)O,False,C13H15N5O8,369.0921,26
Nc1nc2c(nc3n2[C@@H]2O[C@H](COC(O)CC(=O)O)[C@@H](O3)[C@H]2O)c(=O)[nH]1,False,C13H15N5O8,369.0921,26
CC(Cl)OC[C@H]1O[C@@H]2[C@H](O)[C@@H]1Oc1nc3c(=O)[nH]c(N)nc3n12,False,C12H14ClN5O5,343.0683,23
CC(O)(O)OC[C@H]1O[C@@H]2[C@H](O)[C@@H]1Oc1nc3c(=O)[nH]c(N)nc3n12,False,C12H15N5O7,341.0971,24
Nc1nc2c(nc3n2[C@@H]2O[C@H](COC(O)CO)[C@@H](O3)[C@H]2O)c(=O)[nH]1,False,C12H15N5O7,341.0971,24
CCOC[C@H]1O[C@@H]2[C@H](O)[C@@H]1Oc1nc3c(=O)[nH]c(N)nc3n12,False,C12H15N5O5,309.1073,22
CC(O)OC(=O)[C@H]1O[C@@H]2[C@H](O)[C@@H]1Oc1nc3c(=O)[nH]c(N)nc3n12,False,C12H13N5O7,339.0815,24
CC(O)OC[C@H]1O[C@@H]2[C@H](OC(C)O)[C@@H]1Oc1nc3c(=O)[nH]c(N)nc3n12,False,C14H19N5O7,369.1284,26
CC(O)OC(C)OC[C@H]1O[C@@H]2[C@H](O)[C@@H]1Oc1nc3c(=O)[nH]c(N)nc3n12,False,C14H19N5O7,369.1284,26
CC(O)OC[C@H]1O[C@@]2(C)[C@H](O)[C@@H]1Oc1nc3c(=O)[nH]c(N)nc3n12,False,C13H17N5O6,339.1179,24
CC(O)OC[C@H]1O[C@H]2n3c(nc4c(=O)[nH]c(N)nc43)O[C@H]1[C@]2(C)O,False,C13H17N5O6,339.1179,24
CC(O)OC[C@]1(C)O[C@@H]2[C@H](O)[C@@H]1Oc1nc3c(=O)[nH]c(N)nc3n12,False,C13H17N5O6,339.1179,24
CC(O)OC[C@H]1O[C@@H]2[C@H](O)[C@@]1(C)Oc1nc3c(=O)[nH]c(N)nc3n12,False,C13H17N5O6,339.1179,24
CC(O)OC(C)[C@H]1O[C@@H]2[C@H](O)[C@@H]1Oc1nc3c(=O)[nH]c(N)nc3n12,False,C13H17N5O6,339.1179,24
CC(O)OC[C@@]12Oc3nc4c(=O)[nH]c(N)nc4n3[C@@H]1OC[C@H]2O,False,C12H15N5O6,325.1022,23
CC(O)OC[C@]1(O)CO[C@@H]2[C@@H]1Oc1nc3c(=O)[nH]c(N)nc3n12,False,C12H15N5O6,325.1022,23
Nc1nc2c(nc3n2[C@@H]2O[C@H](COC=O)[C@@H](O)[C@H]2O3)c(=O)[nH]1,False,C11H11N5O6,309.0709,22
COC(C)OC[C@H]1O[C@@H]2[C@H](Oc3nc4c(=O)[nH]c(N)nc4n32)[C@@H]1O,False,C13H17N5O6,339.1179,24
CC(C)(O)OC[C@H]1O[C@@H]2[C@H](Oc3nc4c(=O)[nH]c(N)nc4n32)[C@@H]1O,False,C13H17N5O6,339.1179,24
CCC(O)OC[C@H]1O[C@@H]2[C@H](Oc3nc4c(=O)[nH]c(N)nc4n32)[C@@H]1O,False,C13H17N5O6,339.1179,24
CC(=O)OC(C)OC[C@H]1O[C@@H]2[C@H](Oc3nc4c(=O)[nH]c(N)nc4n32)[C@@H]1O,False,C14H17N5O7,367.1128,26
CC(=O)O[C@H]1[C@H]2Oc3nc4c(=O)[nH]c(N)nc4n3[C@@H]2O[C@@H]1COC(C)O,False,C14H17N5O7,367.1128,26
CC(O)(OC[C@H]1O[C@@H]2[C@H](Oc3nc4c(=O)[nH]c(N)nc4n32)[C@@H]1O)C(=O)O,False,C13H15N5O8,369.0921,26
Nc1nc2c(nc3n2[C@@H]2O[C@H](COC(O)CC(=O)O)[C@@H](O)[C@H]2O3)c(=O)[nH]1,False,C13H15N5O8,369.0921,26
CC(Cl)OC[C@H]1O[C@@H]2[C@H](Oc3nc4c(=O)[nH]c(N)nc4n32)[C@@H]1O,False,C12H14ClN5O5,343.0683,23
CC(O)(O)OC[C@H]1O[C@@H]2[C@H](Oc3nc4c(=O)[nH]c(N)nc4n32)[C@@H]1O,False,C12H15N5O7,341.0971,24
Nc1nc2c(nc3n2[C@@H]2O[C@H](COC(O)CO)[C@@H](O)[C@H]2O3)c(=O)[nH]1,False,C12H15N5O7,341.0971,24
CCOC[C@H]1O[C@@H]2[C@H](Oc3nc4c(=O)[nH]c(N)nc4n32)[C@@H]1O,False,C12H15N5O5,309.1073,22
CC(O)OC(=O)[C@H]1O[C@@H]2[C@H](Oc3nc4c(=O)[nH]c(N)nc4n32)[C@@H]1O,False,C12H13N5O7,339.0815,24
CC(O)OC[C@H]1O[C@@H]2[C@H](Oc3nc4c(=O)[nH]c(N)nc4n32)[C@@H]1OC(C)O,False,C14H19N5O7,369.1284,26
CC(O)OC(C)OC[C@H]1O[C@@H]2[C@H](Oc3nc4c(=O)[nH]c(N)nc4n32)[C@@H]1O,False,C14H19N5O7,369.1284,26
CC(O)OC[C@H]1O[C@@]2(C)[C@H](Oc3nc4c(=O)[nH]c(N)nc4n32)[C@@H]1O,False,C13H17N5O6,339.1179,24
CC(O)OC[C@H]1O[C@H]2n3c(nc4c(=O)[nH]c(N)nc43)O[C@@]2(C)[C@@H]1O,False,C13H17N5O6,339.1179,24
CC(O)OC[C@]1(C)O[C@@H]2[C@H](Oc3nc4c(=O)[nH]c(N)nc4n32)[C@@H]1O,False,C13H17N5O6,339.1179,24
CC(O)OC[C@H]1O[C@@H]2[C@H](Oc3nc4c(=O)[nH]c(N)nc4n32)[C@@]1(C)O,False,C13H17N5O6,339.1179,24
CC(O)OC(C)[C@H]1O[C@@H]2[C@H](Oc3nc4c(=O)[nH]c(N)nc4n32)[C@@H]1O,False,C13H17N5O6,339.1179,24
CC(OCO)[C@H]1O[C@@H](n2cnc3c(=O)[nH]c(N)nc32)[C@H](O)[C@@H]1O,False,C12H17N5O6,327.1179,23
C[C@@]1(COCO)O[C@@H](n2cnc3c(=O)[nH]c(N)nc32)[C@H](O)[C@@H]1O,False,C12H17N5O6,327.1179,23
C[C@]1(O)[C@@H](COCO)O[C@@H](n2cnc3c(=O)[nH]c(N)nc32)[C@@H]1O,False,C12H17N5O6,327.1179,23
C[C@]1(O)[C@H](O)[C@@H](COCO)O[C@H]1n1cnc2c(=O)[nH]c(N)nc21,False,C12H17N5O6,327.1179,23
C[C@]1(n2cnc3c(=O)[nH]c(N)nc32)O[C@H](COCO)[C@@H](O)[C@H]1O,False,C12H17N5O6,327.1179,23
Cc1nc2c(=O)[nH]c(N)nc2n1[C@@H]1O[C@H](COCO)[C@@H](O)[C@H]1O,False,C12H17N5O6,327.1179,23
COC(C)OC[C@H]1O[C@@H](n2cnc3c(=O)[nH]c(N)nc32)[C@H](O)[C@@H]1O,False,C13H19N5O6,341.1335,24
CC(C)(O)OC[C@H]1O[C@@H](n2cnc3c(=O)[nH]c(N)nc32)[C@H](O)[C@@H]1O,False,C13H19N5O6,341.1335,24
CCC(O)OC[C@H]1O[C@@H](n2cnc3c(=O)[nH]c(N)nc32)[C@H](O)[C@@H]1O,False,C13H19N5O6,341.1335,24
CC(=O)OC(C)OC[C@H]1O[C@@H](n2cnc3c(=O)[nH]c(N)nc32)[C@H](O)[C@@H]1O,False,C14H19N5O7,369.1284,26
CC(=O)O[C@H]1[C@@H](O)[C@H](n2cnc3c(=O)[nH]c(N)nc32)O[C@@H]1COC(C)O,False,C14H19N5O7,369.1284,26
CC(=O)O[C@@H]1[C@H](O)[C@@H](COC(C)O)O[C@H]1n1cnc2c(=O)[nH]c(N)nc21,False,C14H19N5O7,369.1284,26
CC(O)(OC[C@H]1O[C@@H](n2cnc3c(=O)[nH]c(N)nc32)[C@H](O)[C@@H]1O)C(=O)O,False,C13H17N5O8,371.1077,26
Nc1nc2c(ncn2[C@@H]2O[C@H](COC(O)CC(=O)O)[C@@H](O)[C@H]2O)c(=O)[nH]1,False,C13H17N5O8,371.1077,26
CC(Cl)OC[C@H]1O[C@@H](n2cnc3c(=O)[nH]c(N)nc32)[C@H](O)[C@@H]1O,False,C12H16ClN5O5,345.084,23
CC(O)(O)OC[C@H]1O[C@@H](n2cnc3c(=O)[nH]c(N)nc32)[C@H](O)[C@@H]1O,False,C12H17N5O7,343.1128,24
CC(O)OC(=O)[C@H]1O[C@@H](n2cnc3c(=O)[nH]c(N)nc32)[C@H](O)[C@@H]1O,False,C12H15N5O7,341.0971,24
CC(O)OC[C@H]1O[C@@H](n2cnc3c(=O)[nH]c(N)nc32)[C@H](O)[C@@H]1OC(C)O,False,C14H21N5O7,371.1441,26
CC(O)OC[C@H]1O[C@@H](n2cnc3c(=O)[nH]c(N)nc32)[C@H](OC(C)O)[C@@H]1O,False,C14H21N5O7,371.1441,26
CC(O)OC(C)OC[C@H]1O[C@@H](n2cnc3c(=O)[nH]c(N)nc32)[C@H](O)[C@@H]1O,False,C14H21N5O7,371.1441,26
Nc1nc2c(ncn2[C@@H]2O[C@H](COCO)[C@@H](O)[C@H]2O)c(=O)[nH]1,False,C11H15N5O6,313.1022,22
CC(O)OC(C)[C@H]1O[C@@H](n2cnc3c(=O)[nH]c(N)nc32)[C@H](O)[C@@H]1O,False,C13H19N5O6,341.1335,24
CC(O)OC[C@]1(C)O[C@@H](n2cnc3c(=O)[nH]c(N)nc32)[C@H](O)[C@@H]1O,False,C13H19N5O6,341.1335,24
CC(O)OC[C@H]1O[C@@H](n2cnc3c(=O)[nH]c(N)nc32)[C@H](O)[C@@]1(C)O,False,C13H19N5O6,341.1335,24
CC(O)OC[C@H]1O[C@@H](n2cnc3c(=O)[nH]c(N)nc32)[C@@](C)(O)[C@@H]1O,False,C13H19N5O6,341.1335,24
CC(O)OC[C@H]1O[C@](C)(n2cnc3c(=O)[nH]c(N)nc32)[C@H](O)[C@@H]1O,False,C13H19N5O6,341.1335,24
Cc1nc2c(=O)[nH]c(N)nc2n1[C@@H]1O[C@H](COC(C)O)[C@@H](O)[C@H]1O,False,C13H19N5O6,341.1335,24
CCOC[C@H]1O[C@@H](n2cnc3c(=O)[nH]c(N)nc32)[C@H](O)[C@@H]1OP(=O)(O)O,False,C12H18N5O8P,391.0893,26
CCOC[C@H]1O[C@@H](n2cnc3c(=O)[nH]c(N)nc32)[C@H](OP(=O)(O)O)[C@@H]1O,False,C12H18N5O8P,391.0893,26
CCOC[C@H]1O[C@@H](n2cnc3c(=O)[nH]c(N)nc32)[C@H](O)[C@@H]1OS(=O)(=O)O,False,C12H17N5O8S,391.0798,26
CCOC[C@H]1O[C@@H](n2cnc3c(=O)[nH]c(N)nc32)[C@H](OS(=O)(=O)O)[C@@H]1O,False,C12H17N5O8S,391.0798,26
CC(C)OC[C@H]1O[C@@H](n2cnc3c(=O)[nH]c(N)nc32)[C@H](O)[C@@H]1O,False,C13H19N5O5,325.1386,23
CCCOC[C@H]1O[C@@H](n2cnc3c(=O)[nH]c(N)nc32)[C@H](O)[C@@H]1O,False,C13H19N5O5,325.1386,23
CC(OC[C@H]1O[C@@H](n2cnc3c(=O)[nH]c(N)nc32)[C@H](O)[C@@H]1O)C(=O)O,False,C13H17N5O7,355.1128,25
Nc1nc2c(ncn2[C@@H]2O[C@H](COCCC(=O)O)[C@@H](O)[C@H]2O)c(=O)[nH]1,False,C13H17N5O7,355.1128,25
Nc1nc2c(ncn2[C@@H]2O[C@H](COCCO)[C@@H](O)[C@H]2O)c(=O)[nH]1,False,C12H17N5O6,327.1179,23
CCOC(=O)[C@H]1O[C@@H](n2cnc3c(=O)[nH]c(N)nc32)[C@H](O)[C@@H]1O,False,C12H15N5O6,325.1022,23
CCOC[C@H]1O[C@@H](n2cnc3c(=O)[nH]c(N)nc32)[C@H](O)[C@@H]1OCC,False,C14H21N5O5,339.1543,24
CCOC[C@H]1O[C@@H](n2cnc3c(=O)[nH]c(N)nc32)[C@H](OCC)[C@@H]1O,False,C14H21N5O5,339.1543,24
CCOC(C)[C@H]1O[C@@H](n2cnc3c(=O)[nH]c(N)nc32)[C@H](O)[C@@H]1O,False,C13H19N5O5,325.1386,23
CCOC[C@]1(C)O[C@@H](n2cnc3c(=O)[nH]c(N)nc32)[C@H](O)[C@@H]1O,False,C13H19N5O5,325.1386,23
CCOC[C@H]1O[C@@H](n2cnc3c(=O)[nH]c(N)nc32)[C@H](O)[C@@]1(C)O,False,C13H19N5O5,325.1386,23
CCOC[C@H]1O[C@@H](n2cnc3c(=O)[nH]c(N)nc32)[C@@](C)(O)[C@@H]1O,False,C13H19N5O5,325.1386,23
CCOC[C@H]1O[C@](C)(n2cnc3c(=O)[nH]c(N)nc32)[C@H](O)[C@@H]1O,False,C13H19N5O5,325.1386,23
CCOC[C@H]1O[C@@H](n2c(C)nc3c(=O)[nH]c(N)nc32)[C@H](O)[C@@H]1O,False,C13H19N5O5,325.1386,23
CC[C@@]1(COC=O)O[C@@H](n2cnc3c(=O)[nH]c(N)nc32)[C@H](O)[C@@H]1O,False,C13H17N5O6,339.1179,24
CC[C@]1(O)[C@@H](COC=O)O[C@@H](n2cnc3c(=O)[nH]c(N)nc32)[C@@H]1O,False,C13H17N5O6,339.1179,24
CC[C@]1(O)[C@H](O)[C@@H](COC=O)O[C@H]1n1cnc2c(=O)[nH]c(N)nc21,False,C13H17N5O6,339.1179,24
CC[C@]1(n2cnc3c(=O)[nH]c(N)nc32)O[C@H](COC=O)[C@@H](O)[C@H]1O,False,C13H17N5O6,339.1179,24
CCc1nc2c(=O)[nH]c(N)nc2n1[C@@H]1O[C@H](COC=O)[C@@H](O)[C@H]1O,False,C13H17N5O6,339.1179,24
CCC1=Nc2nc3c(ncn3[C@@H]3O[C@H](CO1)[C@@H](O)[C@H]3O)c(=O)[nH]2,False,C13H15N5O5,321.1073,23
CC1O[C@H]2[C@@H](O)[C@H](n3cnc4c(=O)[nH]c(N)nc43)O[C@@H]2COC1O,False,C13H17N5O6,339.1179,24
CC1O[C@@H]2[C@H](O)[C@@H](COC1O)O[C@H]2n1cnc2c(=O)[nH]c(N)nc21,False,C13H17N5O6,339.1179,24
Nc1nc2c(ncn2[C@@H]2O[C@@H]3COC(O)CCO[C@H]3[C@H]2O)c(=O)[nH]1,False,C13H17N5O6,339.1179,24
Nc1nc2c(ncn2[C@@H]2O[C@@H]3COC(O)CCO[C@@H]2[C@@H]3O)c(=O)[nH]1,False,C13H17N5O6,339.1179,24
C=CC(=O)OC[C@H]1O[C@@H](n2cnc3c(=O)[nH]c(N)nc32)[C@H](O)[C@@H]1O,False,C13H15N5O6,337.1022,24
CC(C)C(=O)OC[C@H]1O[C@@H](n2cnc3c(=O)[nH]c(N)nc32)[C@H](O)[C@@H]1O,False,C14H19N5O6,353.1335,25
CCCC(=O)OC[C@H]1O[C@@H](n2cnc3c(=O)[nH]c(N)nc32)[C@H](O)[C@@H]1O,False,C14H19N5O6,353.1335,25
CCC(=O)OC[C@H]1O[C@@H](n2cnc3c(=O)[nH]c(N)nc32)[C@H](O)[C@@H]1OC(C)=O,False,C15H19N5O7,381.1284,27
CCC(=O)OC[C@H]1O[C@@H](n2cnc3c(=O)[nH]c(N)nc32)[C@H](OC(C)=O)[C@@H]1O,False,C15H19N5O7,381.1284,27
Nc1nc2c(ncn2[C@@H]2O[C@H](COC(=O)CCC(=O)O)[C@@H](O)[C@H]2O)c(=O)[nH]1,False,C14H17N5O8,383.1077,27
CC(C(=O)O)C(=O)OC[C@H]1O[C@@H](n2cnc3c(=O)[nH]c(N)nc32)[C@H](O)[C@@H]1O,False,C14H17N5O8,383.1077,27
CCC(O)(C#N)OC[C@H]1O[C@@H](n2cnc3c(=O)[nH]c(N)nc32)[C@H](O)[C@@H]1O,False,C14H18N6O6,366.1288,26
CCC(N)OC[C@H]1O[C@@H](n2cnc3c(=O)[nH]c(N)nc32)[C@H](O)[C@@H]1O,False,C13H20N6O5,340.1495,24
CC(O)C(=O)OC[C@H]1O[C@@H](n2cnc3c(=O)[nH]c(N)nc32)[C@H](O)[C@@H]1O,False,C13H17N5O7,355.1128,25
Nc1nc2c(ncn2[C@@H]2O[C@H](COC(=O)CCO)[C@@H](O)[C@H]2O)c(=O)[nH]1,False,C13H17N5O7,355.1128,25
CCOC(=O)OC[C@H]1O[C@@H](n2cnc3c(=O)[nH]c(N)nc32)[C@H](O)[C@@H]1O,False,C13H17N5O7,355.1128,25
Nc1nc2c(ncn2[C@@H]2O[C@H](COC(=O)CCS(=O)O)[C@@H](O)[C@H]2O)c(=O)[nH]1,False,C13H17N5O8S,403.0798,27
CC(O)C(O)OC[C@H]1O[C@@H](n2cnc3c(=O)[nH]c(N)nc32)[C@H](O)[C@@H]1O,False,C13H19N5O7,357.1284,25
Nc1nc2c(ncn2[C@@H]2O[C@H](COC(O)CCO)[C@@H](O)[C@H]2O)c(=O)[nH]1,False,C13H19N5O7,357.1284,25
Nc1nc2c(ncn2[C@@H]2O[C@H](COC(=O)O)[C@@H](O)[C@H]2O)c(=O)[nH]1,False,C11H13N5O7,327.0815,23
CCC(=O)C[C@H]1O[C@@H](n2cnc3c(=O)[nH]c(N)nc32)[C@H](O)[C@@H]1O,False,C13H17N5O5,323.123,23
CCC(=O)OC(=O)[C@H]1O[C@@H](n2cnc3c(=O)[nH]c(N)nc32)[C@H](O)[C@@H]1O,False,C13H15N5O7,353.0971,25
CCCCC(=O)OC[C@H]1O[C@@H](n2cnc3c(=O)[nH]c(N)nc32)[C@H](O)[C@@H]1O,False,C15H21N5O6,367.1492,26
CCC(C)C(=O)OC[C@H]1O[C@@H](n2cnc3c(=O)[nH]c(N)nc32)[C@H](O)[C@@H]1O,False,C15H21N5O6,367.1492,26
CCC(=O)OC(C)[C@H]1O[C@@H](n2cnc3c(=O)[nH]c(N)nc32)[C@H](O)[C@@H]1O,False,C14H19N5O6,353.1335,25
CCC(=O)OC(CC)[C@H]1O[C@@H](n2cnc3c(=O)[nH]c(N)nc32)[C@H](O)[C@@H]1O,False,C15H21N5O6,367.1492,26
CCC(=O)OC[C@]1(C)O[C@@H](n2cnc3c(=O)[nH]c(N)nc32)[C@H](O)[C@@H]1O,False,C14H19N5O6,353.1335,25
CCC(=O)OC[C@]1(CC)O[C@@H](n2cnc3c(=O)[nH]c(N)nc32)[C@H](O)[C@@H]1O,False,C15H21N5O6,367.1492,26
CCC(=O)OC[C@H]1O[C@@H](n2cnc3c(=O)[nH]c(N)nc32)[C@H](O)[C@@]1(C)O,False,C14H19N5O6,353.1335,25
CCC(=O)OC[C@H]1O[C@@H](n2cnc3c(=O)[nH]c(N)nc32)[C@H](O)[C@]1(O)CC,False,C15H21N5O6,367.1492,26
CCC(=O)OC[C@H]1O[C@@H](n2cnc3c(=O)[nH]c(N)nc32)[C@@](C)(O)[C@@H]1O,False,C14H19N5O6,353.1335,25
CCC(=O)OC[C@H]1O[C@@H](n2cnc3c(=O)[nH]c(N)nc32)[C@](O)(CC)[C@@H]1O,False,C15H21N5O6,367.1492,26
CCC(=O)OC[C@H]1O[C@](C)(n2cnc3c(=O)[nH]c(N)nc32)[C@H](O)[C@@H]1O,False,C14H19N5O6,353.1335,25
CCC(=O)OC[C@H]1O[C@](CC)(n2cnc3c(=O)[nH]c(N)nc32)[C@H](O)[C@@H]1O,False,C15H21N5O6,367.1492,26
CCC(=O)OC[C@H]1O[C@@H](n2c(C)nc3c(=O)[nH]c(N)nc32)[C@H](O)[C@@H]1O,False,C14H19N5O6,353.1335,25
CCC(=O)OC[C@H]1O[C@@H](n2c(CC)nc3c(=O)[nH]c(N)nc32)[C@H](O)[C@@H]1O,False,C15H21N5O6,367.1492,26
CCC(=O)O[C@H]1[C@@H](O)[C@H](n2cnc3c(=O)[nH]c(N)nc32)O[C@@H]1COC=O,False,C14H17N5O7,367.1128,26
CC(=O)OC[C@H]1O[C@@H](n2cnc3c(=O)[nH]c(N)nc32)[C@H](O)[C@@]1(C)OC=O,False,C14H17N5O7,367.1128,26
CC(=O)OC[C@]1(C)O[C@@H](n2cnc3c(=O)[nH]c(N)nc32)[C@H](O)[C@@H]1OC=O,False,C14H17N5O7,367.1128,26
CC(=O)OC[C@H]1O[C@@H](n2cnc3c(=O)[nH]c(N)nc32)[C@@](C)(O)[C@@H]1OC=O,False,C14H17N5O7,367.1128,26
CC(=O)OC(C)[C@H]1O[C@@H](n2cnc3c(=O)[nH]c(N)nc32)[C@H](O)[C@@H]1OC=O,False,C14H17N5O7,367.1128,26
CC(=O)OC[C@H]1O[C@](C)(n2cnc3c(=O)[nH]c(N)nc32)[C@H](O)[C@@H]1OC=O,False,C14H17N5O7,367.1128,26
CC(=O)OC[C@H]1O[C@@H](n2c(C)nc3c(=O)[nH]c(N)nc32)[C@H](O)[C@@H]1OC=O,False,C14H17N5O7,367.1128,26
CCC(=O)OC[C@H]1O[C@@H](n2cnc3c(=O)[nH]c(N)nc32)[C@H](O)[C@@H]1OC=O,False,C14H17N5O7,367.1128,26
CC(=O)OC[C@H]1O[C@@H]2[C@H](O)[C@@H]1OC(C)=Nc1nc3c(ncn32)c(=O)[nH]1,False,C14H15N5O6,349.1022,25
CC(=O)OC[C@H]1O[C@@H](n2cnc3c(=O)[nH]c(N)nc32)[C@@H]2OCC(O)O[C@@H]21,False,C14H17N5O7,367.1128,26
CC(O)OC[C@H]1O[C@@H](n2cnc3c(=O)[nH]c(N)nc32)[C@@H]2OCC(=O)O[C@@H]21,False,C14H17N5O7,367.1128,26
CC(=O)OC[C@H]1O[C@@H](n2cnc3c(=O)[nH]c(N)nc32)[C@@H]2O[C@]12OC(C)O,False,C14H17N5O7,367.1128,26
CC(=O)OC[C@]12O[C@@H]([C@H](n3cnc4c(=O)[nH]c(N)nc43)O1)[C@@H]2OC(C)O,False,C14H17N5O7,367.1128,26
CC(=O)OC1O[C@@H]2[C@H](OC(C)O)[C@@H]1O[C@H]2n1cnc2c(=O)[nH]c(N)nc21,False,C14H17N5O7,367.1128,26
CC(=O)OC[C@H]1O[C@@]2(n3cnc4c(=O)[nH]c(N)nc43)O[C@@H]2[C@@H]1OC(C)O,False,C14H17N5O7,367.1128,26
CC(=O)OC[C@H]1O[C@@H]2[C@H](Oc3nc4c(=O)[nH]c(N)nc4n32)[C@@H]1OC(C)O,False,C14H17N5O7,367.1128,26
CC(O)O[C@H]1[C@H]2OCC(=O)OC[C@H]1O[C@H]2n1cnc2c(=O)[nH]c(N)nc21,False,C14H17N5O7,367.1128,26
CC(=O)OC[C@H]1O[C@@H](n2cnc3c(=O)[nH]c(N)nc32)[C@H](O)[C@@H]1OC(C)O,False,C14H19N5O7,369.1284,26
CCC(=O)O[C@H]1[C@@H](O)[C@H](n2cnc3c(=O)[nH]c(N)nc32)O[C@@H]1COC(C)=O,False,C15H19N5O7,381.1284,27
CC(=O)OC[C@H]1O[C@@H](n2cnc3c(=O)[nH]c(N)nc32)[C@H](O)[C@@H]1OC(C)(O)C#N,False,C15H18N6O7,394.1237,28
CC(=O)O[C@H]1[C@@H](O)[C@H](n2cnc3c(=O)[nH]c(N)nc32)O[C@@H]1COC(C)(O)C#N,False,C15H18N6O7,394.1237,28
CC(=O)OC[C@H]1O[C@@H](n2cnc3c(=O)[nH]c(N)nc32)[C@H](O)[C@@H]1OC(C)N,False,C14H20N6O6,368.1444,26
CC(=O)O[C@H]1[C@@H](O)[C@H](n2cnc3c(=O)[nH]c(N)nc32)O[C@@H]1COC(C)N,False,C14H20N6O6,368.1444,26
CC(=O)OC[C@H]1O[C@@H](n2cnc3c(=O)[nH]c(N)nc32)[C@H](O)[C@@H]1OC(=O)CO,False,C14H17N5O8,383.1077,27
CC(=O)O[C@H]1[C@@H](O)[C@H](n2cnc3c(=O)[nH]c(N)nc32)O[C@@H]1COC(=O)CO,False,C14H17N5O8,383.1077,27
COC(=O)O[C@H]1[C@@H](O)[C@H](n2cnc3c(=O)[nH]c(N)nc32)O[C@@H]1COC(C)=O,False,C14H17N5O8,383.1077,27
COC(=O)OC[C@H]1O[C@@H](n2cnc3c(=O)[nH]c(N)nc32)[C@H](O)[C@@H]1OC(C)=O,False,C14H17N5O8,383.1077,27
CC(=O)OC[C@H]1O[C@@H](n2cnc3c(=O)[nH]c(N)nc32)[C@H](O)[C@@H]1OC(O)CO,False,C14H19N5O8,385.1234,27
CC(O)OC[C@H]1O[C@@H](n2cnc3c(=O)[nH]c(N)nc32)[C@H](O)[C@@H]1OC(=O)CO,False,C14H19N5O8,385.1234,27
CC(O)O[C@H]1[C@@H](O)[C@H](n2cnc3c(=O)[nH]c(N)nc32)O[C@@H]1COC(=O)CO,False,C14H19N5O8,385.1234,27
CC(=O)O[C@H]1[C@@H](O)[C@H](n2cnc3c(=O)[nH]c(N)nc32)O[C@@H]1COC(O)CO,False,C14H19N5O8,385.1234,27
CC(=O)OC[C@H]1O[C@@H](n2cnc3c(=O)[nH]c(N)nc32)[C@H](O)[C@@H]1C(C)=O,False,C14H17N5O6,351.1179,25
CC(=O)C[C@H]1O[C@@H](n2cnc3c(=O)[nH]c(N)nc32)[C@H](O)[C@@H]1OC(C)=O,False,C14H17N5O6,351.1179,25
CC(=O)OC(=O)[C@H]1O[C@@H](n2cnc3c(=O)[nH]c(N)nc32)[C@H](O)[C@@H]1OC(C)=O,False,C14H15N5O8,381.0921,27
CC(=O)OC[C@H]1O[C@@H](n2cnc3c(=O)[nH]c(N)nc32)[C@H](O)[C@@]1(C)OC(C)=O,False,C15H19N5O7,381.1284,27
CC(=O)OC[C@]1(C)O[C@@H](n2cnc3c(=O)[nH]c(N)nc32)[C@H](O)[C@@H]1OC(C)=O,False,C15H19N5O7,381.1284,27
CC(=O)OC[C@H]1O[C@@H](n2cnc3c(=O)[nH]c(N)nc32)[C@@](C)(O)[C@@H]1OC(C)=O,False,C15H19N5O7,381.1284,27
CC(=O)OC(C)[C@H]1O[C@@H](n2cnc3c(=O)[nH]c(N)nc32)[C@H](O)[C@@H]1OC(C)=O,False,C15H19N5O7,381.1284,27
CC(=O)OC[C@H]1O[C@](C)(n2cnc3c(=O)[nH]c(N)nc32)[C@H](O)[C@@H]1OC(C)=O,False,C15H19N5O7,381.1284,27
CC(=O)OC[C@H]1O[C@@H](n2c(C)nc3c(=O)[nH]c(N)nc32)[C@H](O)[C@@H]1OC(C)=O,False,C15H19N5O7,381.1284,27
CCC(=O)O[C@@H]1[C@H](O)[C@@H](COC=O)O[C@H]1n1cnc2c(=O)[nH]c(N)nc21,False,C14H17N5O7,367.1128,26
CC(=O)OC[C@H]1O[C@@H](n2cnc3c(=O)[nH]c(N)nc32)[C@@](C)(OC=O)[C@@H]1O,False,C14H17N5O7,367.1128,26
CC(=O)OC[C@H]1O[C@@H](n2cnc3c(=O)[nH]c(N)nc32)[C@H](OC=O)[C@@]1(C)O,False,C14H17N5O7,367.1128,26
CC(=O)OC[C@H]1O[C@](C)(n2cnc3c(=O)[nH]c(N)nc32)[C@H](OC=O)[C@@H]1O,False,C14H17N5O7,367.1128,26
CC(=O)OC[C@]1(C)O[C@@H](n2cnc3c(=O)[nH]c(N)nc32)[C@H](OC=O)[C@@H]1O,False,C14H17N5O7,367.1128,26
CC(=O)OC(C)[C@H]1O[C@@H](n2cnc3c(=O)[nH]c(N)nc32)[C@H](OC=O)[C@@H]1O,False,C14H17N5O7,367.1128,26
CC(=O)OC[C@H]1O[C@@H](n2c(C)nc3c(=O)[nH]c(N)nc32)[C@H](OC=O)[C@@H]1O,False,C14H17N5O7,367.1128,26
CCC(=O)OC[C@H]1O[C@@H](n2cnc3c(=O)[nH]c(N)nc32)[C@H](OC=O)[C@@H]1O,False,C14H17N5O7,367.1128,26
CC(=O)OC[C@H]1O[C@@H]2[C@H](OC(C)=Nc3nc4c(ncn42)c(=O)[nH]3)[C@@H]1O,False,C14H15N5O6,349.1022,25
CC(=O)OC[C@H]1O[C@@H](n2cnc3c(=O)[nH]c(N)nc32)[C@@H]2OC(O)CO[C@@H]21,False,C14H17N5O7,367.1128,26
CC(O)OC[C@H]1O[C@@H](n2cnc3c(=O)[nH]c(N)nc32)[C@@H]2OC(=O)CO[C@@H]21,False,C14H17N5O7,367.1128,26
CC(=O)OC[C@H]1O[C@@H](n2cnc3c(=O)[nH]c(N)nc32)[C@]2(OC(C)O)O[C@H]12,False,C14H17N5O7,367.1128,26
CC(=O)OC[C@H]1O[C@@]2(n3cnc4c(=O)[nH]c(N)nc43)O[C@H]1[C@H]2OC(C)O,False,C14H17N5O7,367.1128,26
CC(=O)OC[C@]12O[C@@H](n3cnc4c(=O)[nH]c(N)nc43)[C@H](OC(C)O)[C@@H]1O2,False,C14H17N5O7,367.1128,26
CC(=O)OC1O[C@H]2[C@@H](OC(C)O)[C@H](n3cnc4c(=O)[nH]c(N)nc43)O[C@H]12,False,C14H17N5O7,367.1128,26
CC(=O)OC[C@H]1O[C@@H]2[C@H](OC(C)O)[C@@H]1Oc1nc3c(=O)[nH]c(N)nc3n12,False,C14H17N5O7,367.1128,26
CC(O)O[C@@H]1[C@@H]2OCC(=O)OC[C@H]2O[C@H]1n1cnc2c(=O)[nH]c(N)nc21,False,C14H17N5O7,367.1128,26
CC(=O)OC[C@H]1O[C@@H](n2cnc3c(=O)[nH]c(N)nc32)[C@H](OC(C)O)[C@@H]1O,False,C14H19N5O7,369.1284,26
CCC(=O)O[C@@H]1[C@H](O)[C@@H](COC(C)=O)O[C@H]1n1cnc2c(=O)[nH]c(N)nc21,False,C15H19N5O7,381.1284,27
CC(=O)OC[C@H]1O[C@@H](n2cnc3c(=O)[nH]c(N)nc32)[C@H](OC(C)(O)C#N)[C@@H]1O,False,C15H18N6O7,394.1237,28
CC(=O)O[C@@H]1[C@H](O)[C@@H](COC(C)(O)C#N)O[C@H]1n1cnc2c(=O)[nH]c(N)nc21,False,C15H18N6O7,394.1237,28
CC(=O)OC[C@H]1O[C@@H](n2cnc3c(=O)[nH]c(N)nc32)[C@H](OC(C)N)[C@@H]1O,False,C14H20N6O6,368.1444,26
CC(=O)O[C@@H]1[C@H](O)[C@@H](COC(C)N)O[C@H]1n1cnc2c(=O)[nH]c(N)nc21,False,C14H20N6O6,368.1444,26
CC(=O)OC[C@H]1O[C@@H](n2cnc3c(=O)[nH]c(N)nc32)[C@H](OC(=O)CO)[C@@H]1O,False,C14H17N5O8,383.1077,27
CC(=O)O[C@@H]1[C@H](O)[C@@H](COC(=O)CO)O[C@H]1n1cnc2c(=O)[nH]c(N)nc21,False,C14H17N5O8,383.1077,27
COC(=O)O[C@@H]1[C@H](O)[C@@H](COC(C)=O)O[C@H]1n1cnc2c(=O)[nH]c(N)nc21,False,C14H17N5O8,383.1077,27
COC(=O)OC[C@H]1O[C@@H](n2cnc3c(=O)[nH]c(N)nc32)[C@H](OC(C)=O)[C@@H]1O,False,C14H17N5O8,383.1077,27
CC(=O)OC[C@H]1O[C@@H](n2cnc3c(=O)[nH]c(N)nc32)[C@H](OC(O)CO)[C@@H]1O,False,C14H19N5O8,385.1234,27
CC(O)OC[C@H]1O[C@@H](n2cnc3c(=O)[nH]c(N)nc32)[C@H](OC(=O)CO)[C@@H]1O,False,C14H19N5O8,385.1234,27
CC(O)O[C@@H]1[C@H](O)[C@@H](COC(=O)CO)O[C@H]1n1cnc2c(=O)[nH]c(N)nc21,False,C14H19N5O8,385.1234,27
CC(=O)O[C@@H]1[C@H](O)[C@@H](COC(O)CO)O[C@H]1n1cnc2c(=O)[nH]c(N)nc21,False,C14H19N5O8,385.1234,27
CC(=O)OC[C@H]1O[C@@H](n2cnc3c(=O)[nH]c(N)nc32)[C@H](C(C)=O)[C@@H]1O,False,C14H17N5O6,351.1179,25
CC(=O)C[C@H]1O[C@@H](n2cnc3c(=O)[nH]c(N)nc32)[C@H](OC(C)=O)[C@@H]1O,False,C14H17N5O6,351.1179,25
CC(=O)OC(=O)[C@H]1O[C@@H](n2cnc3c(=O)[nH]c(N)nc32)[C@H](OC(C)=O)[C@@H]1O,False,C14H15N5O8,381.0921,27
CC(=O)OC[C@H]1O[C@@H](n2cnc3c(=O)[nH]c(N)nc32)[C@@](C)(OC(C)=O)[C@@H]1O,False,C15H19N5O7,381.1284,27
CC(=O)OC[C@H]1O[C@@H](n2cnc3c(=O)[nH]c(N)nc32)[C@H](OC(C)=O)[C@@]1(C)O,False,C15H19N5O7,381.1284,27
CC(=O)OC[C@H]1O[C@](C)(n2cnc3c(=O)[nH]c(N)nc32)[C@H](OC(C)=O)[C@@H]1O,False,C15H19N5O7,381.1284,27
CC(=O)OC[C@]1(C)O[C@@H](n2cnc3c(=O)[nH]c(N)nc32)[C@H](OC(C)=O)[C@@H]1O,False,C15H19N5O7,381.1284,27
CC(=O)OC(C)[C@H]1O[C@@H](n2cnc3c(=O)[nH]c(N)nc32)[C@H](OC(C)=O)[C@@H]1O,False,C15H19N5O7,381.1284,27
CC(=O)OC[C@H]1O[C@@H](n2c(C)nc3c(=O)[nH]c(N)nc32)[C@H](OC(C)=O)[C@@H]1O,False,C15H19N5O7,381.1284,27
Nc1nc2c(ncn2[C@@H]2O[C@](COC=O)(CC(=O)O)[C@@H](O)[C@H]2O)c(=O)[nH]1,False,C13H15N5O8,369.0921,26
Nc1nc2c(ncn2[C@@H]2O[C@H](COC=O)[C@@](O)(CC(=O)O)[C@H]2O)c(=O)[nH]1,False,C13H15N5O8,369.0921,26
Nc1nc2c(ncn2[C@@H]2O[C@H](COC=O)[C@@H](O)[C@@]2(O)CC(=O)O)c(=O)[nH]1,False,C13H15N5O8,369.0921,26
Nc1nc2c(ncn2[C@@]2(CC(=O)O)O[C@H](COC=O)[C@@H](O)[C@H]2O)c(=O)[nH]1,False,C13H15N5O8,369.0921,26
Nc1nc2c(nc(CC(=O)O)n2[C@@H]2O[C@H](COC=O)[C@@H](O)[C@H]2O)c(=O)[nH]1,False,C13H15N5O8,369.0921,26
CC(=O)OC(C(=O)O)[C@H]1O[C@@H](n2cnc3c(=O)[nH]c(N)nc32)[C@H](O)[C@@H]1O,False,C13H15N5O8,369.0921,26
CC(=O)OC[C@]1(C(=O)O)O[C@@H](n2cnc3c(=O)[nH]c(N)nc32)[C@H](O)[C@@H]1O,False,C13H15N5O8,369.0921,26
CC(=O)OC[C@H]1O[C@@H](n2cnc3c(=O)[nH]c(N)nc32)[C@H](O)[C@]1(O)C(=O)O,False,C13H15N5O8,369.0921,26
CC(=O)OC[C@H]1O[C@@H](n2cnc3c(=O)[nH]c(N)nc32)[C@](O)(C(=O)O)[C@@H]1O,False,C13H15N5O8,369.0921,26
CC(=O)OC[C@H]1O[C@](C(=O)O)(n2cnc3c(=O)[nH]c(N)nc32)[C@H](O)[C@@H]1O,False,C13H15N5O8,369.0921,26
CC(=O)OC[C@H]1O[C@@H](n2c(C(=O)O)nc3c(=O)[nH]c(N)nc32)[C@H](O)[C@@H]1O,False,C13H15N5O8,369.0921,26
Nc1nc2c(ncn2[C@@H]2O[C@H](COC3(O)CC(=O)O3)[C@@H](O)[C@H]2O)c(=O)[nH]1,False,C13H15N5O8,369.0921,26
Nc1nc2c(ncn2[C@@H]2O[C@H](COC3=CC(=O)O3)[C@@H](O)[C@H]2O)c(=O)[nH]1,False,C13H13N5O7,351.0815,25
O=C1CC(O)=Nc2nc3c(ncn3[C@@H]3O[C@H](CO1)[C@@H](O)[C@H]3O)c(=O)[nH]2,False,C13H13N5O7,351.0815,25
O=C(O)CC1=Nc2nc3c(ncn3[C@@H]3O[C@H](CO1)[C@@H](O)[C@H]3O)c(=O)[nH]2,False,C13H13N5O7,351.0815,25
Nc1nc2c(ncn2[C@@H]2O[C@H](COC(=O)C3OC3O)[C@@H](O)[C@H]2O)c(=O)[nH]1,False,C13H15N5O8,369.0921,26
Nc1nc2c(ncn2[C@@H]2O[C@H](COC(O)C3OC3=O)[C@@H](O)[C@H]2O)c(=O)[nH]1,False,C13H15N5O8,369.0921,26
Nc1nc2c(ncn2[C@@H]2O[C@@H]3COC(=O)C(C(O)O)O[C@H]3[C@H]2O)c(=O)[nH]1,False,C13H15N5O8,369.0921,26
Nc1nc2c(ncn2[C@@H]2O[C@@H]3COC(O)C(C(=O)O)O[C@H]3[C@H]2O)c(=O)[nH]1,False,C13H15N5O8,369.0921,26
Nc1nc2c(ncn2[C@@H]2O[C@@H]3COC(=O)C(C(O)O)O[C@@H]2[C@@H]3O)c(=O)[nH]1,False,C13H15N5O8,369.0921,26
Nc1nc2c(ncn2[C@@H]2O[C@@H]3COC(O)C(C(=O)O)O[C@@H]2[C@@H]3O)c(=O)[nH]1,False,C13H15N5O8,369.0921,26
Nc1nc2c(ncn2[C@@H]2O[C@H](C3OC(=O)CC(O)O3)[C@@H](O)[C@H]2O)c(=O)[nH]1,False,C13H15N5O8,369.0921,26
Nc1nc2c(ncn2[C@@H]2O[C@@H]3C(OC(=O)CC(O)O)O[C@H]3[C@H]2O)c(=O)[nH]1,False,C13H15N5O8,369.0921,26
Nc1nc2c(ncn2[C@@H]2O[C@@H]3C(OC(=O)CC(O)O)O[C@@H]2[C@@H]3O)c(=O)[nH]1,False,C13H15N5O8,369.0921,26
Nc1nc2c(ncn2[C@@H]2O[C@@]3(COC(=O)CC(O)O3)[C@@H](O)[C@H]2O)c(=O)[nH]1,False,C13H15N5O8,369.0921,26
Nc1nc2c(ncn2[C@@H]2O[C@@]3(COC(O)CC(=O)O3)[C@@H](O)[C@H]2O)c(=O)[nH]1,False,C13H15N5O8,369.0921,26
Nc1nc2c(ncn2[C@@H]2O[C@]3(COC(=O)CC(O)O)O[C@H]3[C@H]2O)c(=O)[nH]1,False,C13H15N5O8,369.0921,26
Nc1nc2c(ncn2[C@@H]2O[C@]3(COC(=O)CC(O)O)O[C@@H]2[C@@H]3O)c(=O)[nH]1,False,C13H15N5O8,369.0921,26
Nc1nc2c(ncn2[C@@H]2O[C@@H]3COC(=O)CC(O)O[C@@]3(O)[C@H]2O)c(=O)[nH]1,False,C13H15N5O8,369.0921,26
Nc1nc2c(ncn2[C@@H]2O[C@@H]3COC(O)CC(=O)O[C@@]3(O)[C@H]2O)c(=O)[nH]1,False,C13H15N5O8,369.0921,26
Nc1nc2c(ncn2[C@@H]2O[C@H](COC(=O)CC(O)O)[C@@]3(O)O[C@@H]23)c(=O)[nH]1,False,C13H15N5O8,369.0921,26
Nc1nc2c(ncn2[C@@H]2O[C@@H]3COC(=O)CC(O)O[C@]2(O)[C@@H]3O)c(=O)[nH]1,False,C13H15N5O8,369.0921,26
Nc1nc2c(ncn2[C@@H]2O[C@@H]3COC(O)CC(=O)O[C@]2(O)[C@@H]3O)c(=O)[nH]1,False,C13H15N5O8,369.0921,26
Nc1nc2c(ncn2[C@@H]2O[C@H](COC(=O)CC(O)O)[C@H]3O[C@]32O)c(=O)[nH]1,False,C13H15N5O8,369.0921,26
Nc1nc2c(ncn2[C@@]23OC(O)CC(=O)OC[C@@H](O2)[C@@H](O)[C@H]3O)c(=O)[nH]1,False,C13H15N5O8,369.0921,26
Nc1nc2c(ncn2[C@@]23OC(=O)CC(O)OC[C@@H](O2)[C@@H](O)[C@H]3O)c(=O)[nH]1,False,C13H15N5O8,369.0921,26
Nc1nc2c(ncn2[C@]23O[C@@H]([C@H]2O)[C@@H](COC(=O)CC(O)O)O3)c(=O)[nH]1,False,C13H15N5O8,369.0921,26
Nc1nc2c(ncn2[C@]23O[C@@H]2[C@H](O)[C@@H](COC(=O)CC(O)O)O3)c(=O)[nH]1,False,C13H15N5O8,369.0921,26
Nc1nc2c(nc3n2[C@@H]2O[C@H](COC(=O)CC(O)O3)[C@@H](O)[C@H]2O)c(=O)[nH]1,False,C13H15N5O8,369.0921,26
Nc1nc2c(nc3n2[C@@H]2O[C@H](COC(O)CC(=O)O3)[C@@H](O)[C@H]2O)c(=O)[nH]1,False,C13H15N5O8,369.0921,26
Nc1nc2c(nc3n2[C@@H]2O[C@H](COC(=O)CC(O)O)[C@@H](O3)[C@H]2O)c(=O)[nH]1,False,C13H15N5O8,369.0921,26
Nc1nc2c(nc3n2[C@@H]2O[C@H](COC(=O)CC(O)O)[C@@H](O)[C@H]2O3)c(=O)[nH]1,False,C13H15N5O8,369.0921,26
Nc1nc2c(ncn2[C@@H]2O[C@H](COC(=O)CC(O)O)[C@@H](O)[C@H]2O)c(=O)[nH]1,False,C13H17N5O8,371.1077,26
Nc1nc2c(ncn2[C@@H]2O[C@H](COC(=O)CC=O)[C@@H](O)[C@H]2O)c(=O)[nH]1,False,C13H15N5O7,353.0971,25
COC(=O)CC(=O)OC[C@H]1O[C@@H](n2cnc3c(=O)[nH]c(N)nc32)[C@H](O)[C@@H]1O,False,C14H17N5O8,383.1077,27
N#CC(O)(O)CC(=O)OC[C@H]1O[C@@H](n2cnc3c(=O)[nH]c(N)nc32)[C@H](O)[C@@H]1O,False,C14H16N6O8,396.103,28
N#CC(O)(CC(=O)O)OC[C@H]1O[C@@H](n2cnc3c(=O)[nH]c(N)nc32)[C@H](O)[C@@H]1O,False,C14H16N6O8,396.103,28
Nc1nc2c(ncn2[C@@H]2O[C@H](COC(=O)CC(=O)Cl)[C@@H](O)[C@H]2O)c(=O)[nH]1,False,C13H14ClN5O7,387.0582,26
NC(=O)CC(=O)OC[C@H]1O[C@@H](n2cnc3c(=O)[nH]c(N)nc32)[C@H](O)[C@@H]1O,False,C13H16N6O7,368.108,26
N#CCC(=O)OC[C@H]1O[C@@H](n2cnc3c(=O)[nH]c(N)nc32)[C@H](O)[C@@H]1O,False,C13H14N6O6,350.0975,25
Nc1nc2c(ncn2[C@@H]2O[C@H](COC(=O)CC(N)O)[C@@H](O)[C@H]2O)c(=O)[nH]1,False,C13H18N6O7,370.1237,26
Nc1nc2c(ncn2[C@@H]2O[C@H](COC(N)CC(=O)O)[C@@H](O)[C@H]2O)c(=O)[nH]1,False,C13H18N6O7,370.1237,26
Nc1nc2c(ncn2[C@@H]2O[C@H](COC(=O)C=O)[C@@H](O)[C@H]2O)c(=O)[nH]1,False,C12H13N5O7,339.0815,24
Nc1nc2c(ncn2[C@@H]2O[C@H](CC(=O)CC(=O)O)[C@@H](O)[C@H]2O)c(=O)[nH]1,False,C13H15N5O7,353.0971,25
N#CCC(O)OC[C@H]1O[C@@H](n2cnc3c(=O)[nH]c(N)nc32)[C@H](O)[C@@H]1O,False,C13H16N6O6,352.1131,25
CC(O)OC(C#N)[C@H]1O[C@@H](n2cnc3c(=O)[nH]c(N)nc32)[C@H](O)[C@@H]1O,False,C13H16N6O6,352.1131,25
CC(OC(O)C#N)[C@H]1O[C@@H](n2cnc3c(=O)[nH]c(N)nc32)[C@H](O)[C@@H]1O,False,C13H16N6O6,352.1131,25
CC(O)OC[C@]1(C#N)O[C@@H](n2cnc3c(=O)[nH]c(N)nc32)[C@H](O)[C@@H]1O,False,C13H16N6O6,352.1131,25
C[C@@]1(COC(O)C#N)O[C@@H](n2cnc3c(=O)[nH]c(N)nc32)[C@H](O)[C@@H]1O,False,C13H16N6O6,352.1131,25
CC(O)OC[C@H]1O[C@@H](n2cnc3c(=O)[nH]c(N)nc32)[C@H](O)[C@]1(O)C#N,False,C13H16N6O6,352.1131,25
C[C@]1(O)[C@@H](COC(O)C#N)O[C@@H](n2cnc3c(=O)[nH]c(N)nc32)[C@@H]1O,False,C13H16N6O6,352.1131,25
CC(O)OC[C@H]1O[C@@H](n2cnc3c(=O)[nH]c(N)nc32)[C@](O)(C#N)[C@@H]1O,False,C13H16N6O6,352.1131,25
C[C@]1(O)[C@H](O)[C@@H](COC(O)C#N)O[C@H]1n1cnc2c(=O)[nH]c(N)nc21,False,C13H16N6O6,352.1131,25
CC(O)OC[C@H]1O[C@](C#N)(n2cnc3c(=O)[nH]c(N)nc32)[C@H](O)[C@@H]1O,False,C13H16N6O6,352.1131,25
C[C@]1(n2cnc3c(=O)[nH]c(N)nc32)O[C@H](COC(O)C#N)[C@@H](O)[C@H]1O,False,C13H16N6O6,352.1131,25
CC(O)OC[C@H]1O[C@@H](n2c(C#N)nc3c(=O)[nH]c(N)nc32)[C@H](O)[C@@H]1O,False,C13H16N6O6,352.1131,25
Cc1nc2c(=O)[nH]c(N)nc2n1[C@@H]1O[C@H](COC(O)C#N)[C@@H](O)[C@H]1O,False,C13H16N6O6,352.1131,25
N#CC(=O)OC[C@H]1O[C@@H](n2cnc3c(=O)[nH]c(N)nc32)[C@H](O)[C@@H]1O,False,C12H12N6O6,336.0818,24
COC(C)(C#N)OC[C@H]1O[C@@H](n2cnc3c(=O)[nH]c(N)nc32)[C@H](O)[C@@H]1O,False,C14H18N6O6,366.1288,26
CC(=O)OC(C)(C#N)OC[C@H]1O[C@@H](n2cnc3c(=O)[nH]c(N)nc32)[C@H](O)[C@@H]1O,False,C15H18N6O7,394.1237,28
CC(Cl)(C#N)OC[C@H]1O[C@@H](n2cnc3c(=O)[nH]c(N)nc32)[C@H](O)[C@@H]1O,False,C13H15ClN6O5,370.0792,25
N#CC(O)(CO)OC[C@H]1O[C@@H](n2cnc3c(=O)[nH]c(N)nc32)[C@H](O)[C@@H]1O,False,C13H16N6O7,368.108,26
CC(O)(OC[C@H]1O[C@@H](n2cnc3c(=O)[nH]c(N)nc32)[C@H](O)[C@@H]1O)C(N)=O,False,C13H18N6O7,370.1237,26
CC(O)(C=NO)OC[C@H]1O[C@@H](n2cnc3c(=O)[nH]c(N)nc32)[C@H](O)[C@@H]1O,False,C13H18N6O7,370.1237,26
CC(C#N)OC[C@H]1O[C@@H](n2cnc3c(=O)[nH]c(N)nc32)[C@H](O)[C@@H]1O,False,C13H16N6O5,336.1182,24
CC(O)(C#N)OC(=O)[C@H]1O[C@@H](n2cnc3c(=O)[nH]c(N)nc32)[C@H](O)[C@@H]1O,False,C13H14N6O7,366.0924,26
N#CCC(O)(C#N)OC[C@H]1O[C@@H](n2cnc3c(=O)[nH]c(N)nc32)[C@H](O)[C@@H]1O,False,C14H15N7O6,377.1084,27
N#CC(O)OC[C@H]1O[C@@H](n2cnc3c(=O)[nH]c(N)nc32)[C@H](O)[C@@H]1O,False,C12H14N6O6,338.0975,24
CC(O)(C#N)OC(C#N)[C@H]1O[C@@H](n2cnc3c(=O)[nH]c(N)nc32)[C@H](O)[C@@H]1O,False,C14H15N7O6,377.1084,27
CC(OC(C)(O)C#N)[C@H]1O[C@@H](n2cnc3c(=O)[nH]c(N)nc32)[C@H](O)[C@@H]1O,False,C14H18N6O6,366.1288,26
CC(O)(C#N)OC[C@]1(C#N)O[C@@H](n2cnc3c(=O)[nH]c(N)nc32)[C@H](O)[C@@H]1O,False,C14H15N7O6,377.1084,27
CC(O)(C#N)OC[C@]1(C)O[C@@H](n2cnc3c(=O)[nH]c(N)nc32)[C@H](O)[C@@H]1O,False,C14H18N6O6,366.1288,26
CC(O)(C#N)OC[C@H]1O[C@@H](n2cnc3c(=O)[nH]c(N)nc32)[C@H](O)[C@]1(O)C#N,False,C14H15N7O6,377.1084,27
CC(O)(C#N)OC[C@H]1O[C@@H](n2cnc3c(=O)[nH]c(N)nc32)[C@H](O)[C@@]1(C)O,False,C14H18N6O6,366.1288,26
CC(O)(C#N)OC[C@H]1O[C@@H](n2cnc3c(=O)[nH]c(N)nc32)[C@](O)(C#N)[C@@H]1O,False,C14H15N7O6,377.1084,27
CC(O)(C#N)OC[C@H]1O[C@@H](n2cnc3c(=O)[nH]c(N)nc32)[C@@](C)(O)[C@@H]1O,False,C14H18N6O6,366.1288,26
CC(O)(C#N)OC[C@H]1O[C@](C#N)(n2cnc3c(=O)[nH]c(N)nc32)[C@H](O)[C@@H]1O,False,C14H15N7O6,377.1084,27
CC(O)(C#N)OC[C@H]1O[C@](C)(n2cnc3c(=O)[nH]c(N)nc32)[C@H](O)[C@@H]1O,False,C14H18N6O6,366.1288,26
CC(O)(C#N)OC[C@H]1O[C@@H](n2c(C#N)nc3c(=O)[nH]c(N)nc32)[C@H](O)[C@@H]1O,False,C14H15N7O6,377.1084,27
Cc1nc2c(=O)[nH]c(N)nc2n1[C@@H]1O[C@H](COC(C)(O)C#N)[C@@H](O)[C@H]1O,False,C14H18N6O6,366.1288,26
CC(OCN)[C@H]1O[C@@H](n2cnc3c(=O)[nH]c(N)nc32)[C@H](O)[C@@H]1O,False,C12H18N6O5,326.1339,23
C[C@@]1(COCN)O[C@@H](n2cnc3c(=O)[nH]c(N)nc32)[C@H](O)[C@@H]1O,False,C12H18N6O5,326.1339,23
C[C@]1(O)[C@@H](COCN)O[C@@H](n2cnc3c(=O)[nH]c(N)nc32)[C@@H]1O,False,C12H18N6O5,326.1339,23
C[C@]1(O)[C@H](O)[C@@H](COCN)O[C@H]1n1cnc2c(=O)[nH]c(N)nc21,False,C12H18N6O5,326.1339,23
C[C@]1(n2cnc3c(=O)[nH]c(N)nc32)O[C@H](COCN)[C@@H](O)[C@H]1O,False,C12H18N6O5,326.1339,23
Cc1nc2c(=O)[nH]c(N)nc2n1[C@@H]1O[C@H](COCN)[C@@H](O)[C@H]1O,False,C12H18N6O5,326.1339,23
CC1N=C2NC(N)=Nc3c2ncn3[C@@H]2O[C@H](CO1)[C@@H](O)[C@H]2O,False,C12H16N6O4,308.1233,22
CC1Nc2nc3c(ncn3[C@@H]3O[C@H](CO1)[C@@H](O)[C@H]3O)c(=O)[nH]2,False,C12H15N5O5,309.1073,22
CC(N)OC[C@H]1O[C@@H](n2cnc3c(=O)[nH]c(N)nc32)[C@H](O)[C@@H]1OP(=O)(O)O,False,C12H19N6O8P,406.1002,27
CC(N)OC[C@H]1O[C@@H](n2cnc3c(=O)[nH]c(N)nc32)[C@H](OP(=O)(O)O)[C@@H]1O,False,C12H19N6O8P,406.1002,27
CC(N)OC[C@H]1O[C@@H](n2cnc3c(=O)[nH]c(N)nc32)[C@H](O)[C@@H]1OS(=O)(=O)O,False,C12H18N6O8S,406.0907,27
CC(N)OC[C@H]1O[C@@H](n2cnc3c(=O)[nH]c(N)nc32)[C@H](OS(=O)(=O)O)[C@@H]1O,False,C12H18N6O8S,406.0907,27
CNC(C)OC[C@H]1O[C@@H](n2cnc3c(=O)[nH]c(N)nc32)[C@H](O)[C@@H]1O,False,C13H20N6O5,340.1495,24
CC(C)(N)OC[C@H]1O[C@@H](n2cnc3c(=O)[nH]c(N)nc32)[C@H](O)[C@@H]1O,False,C13H20N6O5,340.1495,24
CC(=O)NC(C)OC[C@H]1O[C@@H](n2cnc3c(=O)[nH]c(N)nc32)[C@H](O)[C@@H]1O,False,C14H20N6O6,368.1444,26
CC(N)(OC[C@H]1O[C@@H](n2cnc3c(=O)[nH]c(N)nc32)[C@H](O)[C@@H]1O)C(=O)O,False,C13H18N6O7,370.1237,26
CC(NC(N)=O)OC[C@H]1O[C@@H](n2cnc3c(=O)[nH]c(N)nc32)[C@H](O)[C@@H]1O,False,C13H19N7O6,369.1397,26
CC(N)(O)OC[C@H]1O[C@@H](n2cnc3c(=O)[nH]c(N)nc32)[C@H](O)[C@@H]1O,False,C12H18N6O6,342.1288,24
Nc1nc2c(ncn2[C@@H]2O[C@H](COC(N)CO)[C@@H](O)[C@H]2O)c(=O)[nH]1,False,C12H18N6O6,342.1288,24
CC(N)OC(=O)[C@H]1O[C@@H](n2cnc3c(=O)[nH]c(N)nc32)[C@H](O)[C@@H]1O,False,C12H16N6O6,340.1131,24
CC(N)OC[C@H]1O[C@@H](n2cnc3c(=O)[nH]c(N)nc32)[C@H](O)[C@@H]1OC(C)N,False,C14H23N7O5,369.1761,26
CC(N)OC[C@H]1O[C@@H](n2cnc3c(=O)[nH]c(N)nc32)[C@H](OC(C)N)[C@@H]1O,False,C14H23N7O5,369.1761,26
CC(N)NC(C)OC[C@H]1O[C@@H](n2cnc3c(=O)[nH]c(N)nc32)[C@H](O)[C@@H]1O,False,C14H23N7O5,369.1761,26
NCOC[C@H]1O[C@@H](n2cnc3c(=O)[nH]c(N)nc32)[C@H](O)[C@@H]1O,False,C11H16N6O5,312.1182,22
CC(N)OC(C)[C@H]1O[C@@H](n2cnc3c(=O)[nH]c(N)nc32)[C@H](O)[C@@H]1O,False,C13H20N6O5,340.1495,24
CC(N)OC[C@]1(C)O[C@@H](n2cnc3c(=O)[nH]c(N)nc32)[C@H](O)[C@@H]1O,False,C13H20N6O5,340.1495,24
CC(N)OC[C@H]1O[C@@H](n2cnc3c(=O)[nH]c(N)nc32)[C@H](O)[C@@]1(C)O,False,C13H20N6O5,340.1495,24
CC(N)OC[C@H]1O[C@@H](n2cnc3c(=O)[nH]c(N)nc32)[C@@](C)(O)[C@@H]1O,False,C13H20N6O5,340.1495,24
CC(N)OC[C@H]1O[C@](C)(n2cnc3c(=O)[nH]c(N)nc32)[C@H](O)[C@@H]1O,False,C13H20N6O5,340.1495,24
Cc1nc2c(=O)[nH]c(N)nc2n1[C@@H]1O[C@H](COC(C)N)[C@@H](O)[C@H]1O,False,C13H20N6O5,340.1495,24
Nc1nc2c(ncn2[C@@H]2O[C@@](CO)(COC=O)[C@@H](O)[C@H]2O)c(=O)[nH]1,False,C12H15N5O7,341.0971,24
Nc1nc2c(ncn2[C@@H]2O[C@H](COC=O)[C@@](O)(CO)[C@H]2O)c(=O)[nH]1,False,C12H15N5O7,341.0971,24
Nc1nc2c(ncn2[C@@H]2O[C@H](COC=O)[C@@H](O)[C@@]2(O)CO)c(=O)[nH]1,False,C12H15N5O7,341.0971,24
Nc1nc2c(nc(CO)n2[C@@H]2O[C@H](COC=O)[C@@H](O)[C@H]2O)c(=O)[nH]1,False,C12H15N5O7,341.0971,24
O=c1[nH]c2nc3c1ncn3[C@@H]1O[C@H](COC(CO)=N2)[C@@H](O)[C@H]1O,False,C12H13N5O6,323.0866,23
Nc1nc2c(ncn2[C@@H]2O[C@@H]3COC(O)C(O)O[C@H]3[C@H]2O)c(=O)[nH]1,False,C12H15N5O7,341.0971,24
Nc1nc2c(ncn2[C@@H]2O[C@@H]3COC(O)C(O)O[C@@H]2[C@@H]3O)c(=O)[nH]1,False,C12H15N5O7,341.0971,24
Nc1nc2c(ncn2[C@@H]2O[C@H](C3OCC(O)O3)[C@@H](O)[C@H]2O)c(=O)[nH]1,False,C12H15N5O7,341.0971,24
Nc1nc2c(ncn2[C@@H]2O[C@@]3(COC(O)CO3)[C@@H](O)[C@H]2O)c(=O)[nH]1,False,C12H15N5O7,341.0971,24
Nc1nc2c(ncn2[C@@H]2O[C@@H]3COC(O)CO[C@@]3(O)[C@H]2O)c(=O)[nH]1,False,C12H15N5O7,341.0971,24
Nc1nc2c(ncn2[C@@H]2O[C@@H]3COC(O)CO[C@]2(O)[C@@H]3O)c(=O)[nH]1,False,C12H15N5O7,341.0971,24
Nc1nc2c(ncn2[C@@]23OCC(O)OC[C@@H](O2)[C@@H](O)[C@H]3O)c(=O)[nH]1,False,C12H15N5O7,341.0971,24
Nc1nc2c(nc3n2[C@@H]2O[C@H](COC(O)CO3)[C@@H](O)[C@H]2O)c(=O)[nH]1,False,C12H15N5O7,341.0971,24
COCC(=O)OC[C@H]1O[C@@H](n2cnc3c(=O)[nH]c(N)nc32)[C@H](O)[C@@H]1O,False,C13H17N5O7,355.1128,25
CC(=O)OCC(=O)OC[C@H]1O[C@@H](n2cnc3c(=O)[nH]c(N)nc32)[C@H](O)[C@@H]1O,False,C14H17N5O8,383.1077,27
Nc1nc2c(ncn2[C@@H]2O[C@H](COC(=O)CCl)[C@@H](O)[C@H]2O)c(=O)[nH]1,False,C12H14ClN5O6,359.0633,24
Nc1nc2c(ncn2[C@@H]2O[C@H](COC(=O)C(O)O)[C@@H](O)[C@H]2O)c(=O)[nH]1,False,C12H15N5O8,357.0921,25
Nc1nc2c(ncn2[C@@H]2O[C@H](COC(=O)OCO)[C@@H](O)[C@H]2O)c(=O)[nH]1,False,C12H15N5O8,357.0921,25
Nc1nc2c(ncn2[C@@H]2O[C@H](COC(O)C(O)O)[C@@H](O)[C@H]2O)c(=O)[nH]1,False,C12H17N5O8,359.1077,25
Nc1nc2c(ncn2[C@@H]2O[C@H](CC(=O)CO)[C@@H](O)[C@H]2O)c(=O)[nH]1,False,C12H15N5O6,325.1022,23
Nc1nc2c(ncn2[C@@H]2O[C@H](COC(=O)C(=O)O)[C@@H](O)[C@H]2O)c(=O)[nH]1,False,C12H13N5O8,355.0764,25
Nc1nc2c(ncn2[C@@H]2O[C@H](C(=O)OC(=O)CO)[C@@H](O)[C@H]2O)c(=O)[nH]1,False,C12H13N5O8,355.0764,25
Nc1nc2c(ncn2[C@@H]2O[C@H](COC(=O)C(O)CO)[C@@H](O)[C@H]2O)c(=O)[nH]1,False,C13H17N5O8,371.1077,26
Nc1nc2c(ncn2[C@@H]2O[C@H](C(CO)OC(=O)CO)[C@@H](O)[C@H]2O)c(=O)[nH]1,False,C13H17N5O8,371.1077,26
Nc1nc2c(ncn2[C@@H]2O[C@@](CO)(COC(=O)CO)[C@@H](O)[C@H]2O)c(=O)[nH]1,False,C13H17N5O8,371.1077,26
Nc1nc2c(ncn2[C@@H]2O[C@H](COC(=O)CO)[C@@](O)(CO)[C@H]2O)c(=O)[nH]1,False,C13H17N5O8,371.1077,26
Nc1nc2c(ncn2[C@@H]2O[C@H](COC(=O)CO)[C@@H](O)[C@@]2(O)CO)c(=O)[nH]1,False,C13H17N5O8,371.1077,26
Nc1nc2c(ncn2[C@@]2(CO)O[C@H](COC(=O)CO)[C@@H](O)[C@H]2O)c(=O)[nH]1,False,C13H17N5O8,371.1077,26
Nc1nc2c(nc(CO)n2[C@@H]2O[C@H](COC(=O)CO)[C@@H](O)[C@H]2O)c(=O)[nH]1,False,C13H17N5O8,371.1077,26
COC1=Nc2nc3c(ncn3[C@@H]3O[C@H](CO1)[C@@H](O)[C@H]3O)c(=O)[nH]2,False,C12H13N5O6,323.0866,23
Nc1nc2c(ncn2[C@@H]2O[C@@H]3COC(O)OCO[C@H]3[C@H]2O)c(=O)[nH]1,False,C12H15N5O7,341.0971,24
Nc1nc2c(ncn2[C@@H]2O[C@@H]3COC(O)OCO[C@@H]2[C@@H]3O)c(=O)[nH]1,False,C12H15N5O7,341.0971,24
COC(O)OC1O[C@H]2[C@@H](O)[C@H](n3cnc4c(=O)[nH]c(N)nc43)O[C@H]12,False,C12H15N5O7,341.0971,24
COC(O)OC1O[C@@H]2[C@H](O)[C@@H]1O[C@H]2n1cnc2c(=O)[nH]c(N)nc21,False,C12H15N5O7,341.0971,24
COC(O)OC[C@]12O[C@@H](n3cnc4c(=O)[nH]c(N)nc43)[C@H](O)[C@@H]1O2,False,C12H15N5O7,341.0971,24
COC(O)OC[C@]12O[C@@H]([C@H](n3cnc4c(=O)[nH]c(N)nc43)O1)[C@@H]2O,False,C12H15N5O7,341.0971,24
COC(O)OC[C@H]1O[C@@H](n2cnc3c(=O)[nH]c(N)nc32)[C@@H]2O[C@]12O,False,C12H15N5O7,341.0971,24
COC(O)OC[C@H]1O[C@@H](n2cnc3c(=O)[nH]c(N)nc32)[C@]2(O)O[C@H]12,False,C12H15N5O7,341.0971,24
COC(O)OC[C@H]1O[C@@]2(n3cnc4c(=O)[nH]c(N)nc43)O[C@H]1[C@H]2O,False,C12H15N5O7,341.0971,24
COC(O)OC[C@H]1O[C@@]2(n3cnc4c(=O)[nH]c(N)nc43)O[C@@H]2[C@@H]1O,False,C12H15N5O7,341.0971,24
COC(O)OC[C@H]1O[C@@H]2[C@H](O)[C@@H]1Oc1nc3c(=O)[nH]c(N)nc3n12,False,C12H15N5O7,341.0971,24
COC(O)OC[C@H]1O[C@@H]2[C@H](Oc3nc4c(=O)[nH]c(N)nc4n32)[C@@H]1O,False,C12H15N5O7,341.0971,24
COCOC[C@H]1O[C@@H](n2cnc3c(=O)[nH]c(N)nc32)[C@H](O)[C@@H]1O,False,C12H17N5O6,327.1179,23
Nc1nc2c(ncn2[C@@H]2O[C@H](COC(=O)OC=O)[C@@H](O)[C@H]2O)c(=O)[nH]1,False,C12H13N5O8,355.0764,25
COC(=O)OC(=O)[C@H]1O[C@@H](n2cnc3c(=O)[nH]c(N)nc32)[C@H](O)[C@@H]1O,False,C12H13N5O8,355.0764,25
Nc1nc2c(ncn2[C@@H]2O[C@@](CO)(COCO)[C@@H](O)[C@H]2O)c(=O)[nH]1,False,C12H17N5O7,343.1128,24
Nc1nc2c(ncn2[C@@H]2O[C@H](COCO)[C@@](O)(CO)[C@H]2O)c(=O)[nH]1,False,C12H17N5O7,343.1128,24
Nc1nc2c(ncn2[C@@H]2O[C@H](COCO)[C@@H](O)[C@@]2(O)CO)c(=O)[nH]1,False,C12H17N5O7,343.1128,24
Nc1nc2c(nc(CO)n2[C@@H]2O[C@H](COCO)[C@@H](O)[C@H]2O)c(=O)[nH]1,False,C12H17N5O7,343.1128,24
Nc1nc2c(ncn2[C@@H]2O[C@H](COCC=O)[C@@H](O)[C@H]2O)c(=O)[nH]1,False,C12H15N5O6,325.1022,23
Nc1nc2c(ncn2[C@@H]2O[C@H](COC(O)C=O)[C@@H](O)[C@H]2O)c(=O)[nH]1,False,C12H15N5O7,341.0971,24
COCC(O)OC[C@H]1O[C@@H](n2cnc3c(=O)[nH]c(N)nc32)[C@H](O)[C@@H]1O,False,C13H19N5O7,357.1284,25
COC(CO)OC[C@H]1O[C@@H](n2cnc3c(=O)[nH]c(N)nc32)[C@H](O)[C@@H]1O,False,C13H19N5O7,357.1284,25
CC(O)(CO)OC[C@H]1O[C@@H](n2cnc3c(=O)[nH]c(N)nc32)[C@H](O)[C@@H]1O,False,C13H19N5O7,357.1284,25
CC(=O)OCC(O)OC[C@H]1O[C@@H](n2cnc3c(=O)[nH]c(N)nc32)[C@H](O)[C@@H]1O,False,C14H19N5O8,385.1234,27
CC(=O)OC(CO)OC[C@H]1O[C@@H](n2cnc3c(=O)[nH]c(N)nc32)[C@H](O)[C@@H]1O,False,C14H19N5O8,385.1234,27
Nc1nc2c(ncn2[C@@H]2O[C@H](COC(O)CCl)[C@@H](O)[C@H]2O)c(=O)[nH]1,False,C12H16ClN5O6,361.0789,24
Nc1nc2c(ncn2[C@@H]2O[C@H](COC(Cl)CO)[C@@H](O)[C@H]2O)c(=O)[nH]1,False,C12H16ClN5O6,361.0789,24
Nc1nc2c(ncn2[C@@H]2O[C@H](COC(O)(O)CO)[C@@H](O)[C@H]2O)c(=O)[nH]1,False,C12H17N5O8,359.1077,25
Nc1nc2c(ncn2[C@@H]2O[C@H](COC(O)C(=O)O)[C@@H](O)[C@H]2O)c(=O)[nH]1,False,C12H15N5O8,357.0921,25
Nc1nc2c(ncn2[C@@H]2O[C@H](C(=O)OC(O)CO)[C@@H](O)[C@H]2O)c(=O)[nH]1,False,C12H15N5O8,357.0921,25
Nc1nc2c(ncn2[C@@H]2O[C@H](COC(O)C(O)CO)[C@@H](O)[C@H]2O)c(=O)[nH]1,False,C13H19N5O8,373.1234,26
Nc1nc2c(ncn2[C@@H]2O[C@H](COC(O)(CO)CO)[C@@H](O)[C@H]2O)c(=O)[nH]1,False,C13H19N5O8,373.1234,26
Nc1nc2c(ncn2[C@@H]2O[C@H](C(CO)OC(O)CO)[C@@H](O)[C@H]2O)c(=O)[nH]1,False,C13H19N5O8,373.1234,26
Nc1nc2c(ncn2[C@@H]2O[C@@](CO)(COC(O)CO)[C@@H](O)[C@H]2O)c(=O)[nH]1,False,C13H19N5O8,373.1234,26
Nc1nc2c(ncn2[C@@H]2O[C@H](COC(O)CO)[C@@](O)(CO)[C@H]2O)c(=O)[nH]1,False,C13H19N5O8,373.1234,26
Nc1nc2c(ncn2[C@@H]2O[C@H](COC(O)CO)[C@@H](O)[C@@]2(O)CO)c(=O)[nH]1,False,C13H19N5O8,373.1234,26
Nc1nc2c(ncn2[C@@]2(CO)O[C@H](COC(O)CO)[C@@H](O)[C@H]2O)c(=O)[nH]1,False,C13H19N5O8,373.1234,26
Nc1nc2c(nc(CO)n2[C@@H]2O[C@H](COC(O)CO)[C@@H](O)[C@H]2O)c(=O)[nH]1,False,C13H19N5O8,373.1234,26
CC(C=O)[C@H]1O[C@@H](n2cnc3c(=O)[nH]c(N)nc32)[C@H](O)[C@@H]1O,False,C12H15N5O5,309.1073,22
Nc1nc2c(ncn2[C@@H]2O[C@H](CCC=O)[C@@H](O)[C@H]2O)c(=O)[nH]1,False,C12H15N5O5,309.1073,22
C[C@@]1(CC=O)O[C@@H](n2cnc3c(=O)[nH]c(N)nc32)[C@H](O)[C@@H]1O,False,C12H15N5O5,309.1073,22
CC(=O)[C@@]1(C)O[C@@H](n2cnc3c(=O)[nH]c(N)nc32)[C@H](O)[C@@H]1O,False,C12H15N5O5,309.1073,22
C[C@]1(O)[C@@H](CC=O)O[C@@H](n2cnc3c(=O)[nH]c(N)nc32)[C@@H]1O,False,C12H15N5O5,309.1073,22
CC(=O)[C@]1(O)[C@@H](C)O[C@@H](n2cnc3c(=O)[nH]c(N)nc32)[C@@H]1O,False,C12H15N5O5,309.1073,22
CC(=O)C[C@]1(O)CO[C@@H](n2cnc3c(=O)[nH]c(N)nc32)[C@@H]1O,False,C12H15N5O5,309.1073,22
C[C@]1(O)[C@H](O)[C@@H](CC=O)O[C@H]1n1cnc2c(=O)[nH]c(N)nc21,False,C12H15N5O5,309.1073,22
CC(=O)[C@]1(O)[C@H](O)[C@@H](C)O[C@H]1n1cnc2c(=O)[nH]c(N)nc21,False,C12H15N5O5,309.1073,22
CC(=O)C[C@]1(O)[C@H](O)CO[C@H]1n1cnc2c(=O)[nH]c(N)nc21,False,C12H15N5O5,309.1073,22
C[C@]1(n2cnc3c(=O)[nH]c(N)nc32)O[C@H](CC=O)[C@@H](O)[C@H]1O,False,C12H15N5O5,309.1073,22
CC(=O)[C@]1(n2cnc3c(=O)[nH]c(N)nc32)O[C@H](C)[C@@H](O)[C@H]1O,False,C12H15N5O5,309.1073,22
Cc1nc2c(=O)[nH]c(N)nc2n1[C@@H]1O[C@H](CC=O)[C@@H](O)[C@H]1O,False,C12H15N5O5,309.1073,22
CC(=O)c1nc2c(=O)[nH]c(N)nc2n1[C@@H]1O[C@H](C)[C@@H](O)[C@H]1O,False,C12H15N5O5,309.1073,22
CC(=O)Cc1nc2c(=O)[nH]c(N)nc2n1[C@@H]1OC[C@@H](O)[C@H]1O,False,C12H15N5O5,309.1073,22
CC1=Nc2nc3c(ncn3[C@@H]3O[C@H](C1)[C@@H](O)[C@H]3O)c(=O)[nH]2,False,C12H13N5O4,291.0968,21
CC(O)C1O[C@H]2[C@@H](O)[C@H](n3cnc4c(=O)[nH]c(N)nc43)O[C@H]12,False,C12H15N5O5,309.1073,22
CC(O)C1O[C@@H]2[C@H](O)[C@@H]1O[C@H]2n1cnc2c(=O)[nH]c(N)nc21,False,C12H15N5O5,309.1073,22
Nc1nc2c(ncn2[C@@H]2O[C@@H]3CC(O)CO[C@H]3[C@H]2O)c(=O)[nH]1,False,C12H15N5O5,309.1073,22
Nc1nc2c(ncn2[C@@H]2O[C@@H]3CC(O)CO[C@@H]2[C@@H]3O)c(=O)[nH]1,False,C12H15N5O5,309.1073,22
CC(O)C[C@]12O[C@@H](n3cnc4c(=O)[nH]c(N)nc43)[C@H](O)[C@@H]1O2,False,C12H15N5O5,309.1073,22
CC(O)C[C@]12O[C@@H]([C@H](n3cnc4c(=O)[nH]c(N)nc43)O1)[C@@H]2O,False,C12H15N5O5,309.1073,22
CC(O)C[C@H]1O[C@@H](n2cnc3c(=O)[nH]c(N)nc32)[C@@H]2O[C@]12O,False,C12H15N5O5,309.1073,22
CC(O)C[C@H]1O[C@@H](n2cnc3c(=O)[nH]c(N)nc32)[C@]2(O)O[C@H]12,False,C12H15N5O5,309.1073,22
CC(O)C[C@H]1O[C@@]2(n3cnc4c(=O)[nH]c(N)nc43)O[C@H]1[C@H]2O,False,C12H15N5O5,309.1073,22
CC(O)C[C@H]1O[C@@]2(n3cnc4c(=O)[nH]c(N)nc43)O[C@@H]2[C@@H]1O,False,C12H15N5O5,309.1073,22
CC(O)C[C@H]1O[C@@H]2[C@H](O)[C@@H]1Oc1nc3c(=O)[nH]c(N)nc3n12,False,C12H15N5O5,309.1073,22
CC(O)C[C@H]1O[C@@H]2[C@H](Oc3nc4c(=O)[nH]c(N)nc4n32)[C@@H]1O,False,C12H15N5O5,309.1073,22
CC(=O)C[C@H]1O[C@@H](n2cnc3c(=O)[nH]c(N)nc32)[C@H](O)[C@@H]1OP(=O)(O)O,False,C12H16N5O8P,389.0736,26
CC(=O)C[C@H]1O[C@@H](n2cnc3c(=O)[nH]c(N)nc32)[C@H](OP(=O)(O)O)[C@@H]1O,False,C12H16N5O8P,389.0736,26
CC(O)C[C@H]1O[C@@H](n2cnc3c(=O)[nH]c(N)nc32)[C@H](O)[C@@H]1O,False,C12H17N5O5,311.123,22
CC(=O)C[C@H]1O[C@@H](n2cnc3c(=O)[nH]c(N)nc32)[C@H](O)[C@@H]1OS(=O)(=O)O,False,C12H15N5O8S,389.0641,26
CC(=O)C[C@H]1O[C@@H](n2cnc3c(=O)[nH]c(N)nc32)[C@H](OS(=O)(=O)O)[C@@H]1O,False,C12H15N5O8S,389.0641,26
CC(=O)C(C)[C@H]1O[C@@H](n2cnc3c(=O)[nH]c(N)nc32)[C@H](O)[C@@H]1O,False,C13H17N5O5,323.123,23
CC(=O)C(C(=O)O)[C@H]1O[C@@H](n2cnc3c(=O)[nH]c(N)nc32)[C@H](O)[C@@H]1O,False,C13H15N5O7,353.0971,25
CC(O)(C#N)C[C@H]1O[C@@H](n2cnc3c(=O)[nH]c(N)nc32)[C@H](O)[C@@H]1O,False,C13H16N6O5,336.1182,24
CC(N)C[C@H]1O[C@@H](n2cnc3c(=O)[nH]c(N)nc32)[C@H](O)[C@@H]1O,False,C12H18N6O4,310.139,22
CC(=O)C(O)[C@H]1O[C@@H](n2cnc3c(=O)[nH]c(N)nc32)[C@H](O)[C@@H]1O,False,C12H15N5O6,325.1022,23
COC(=O)C[C@H]1O[C@@H](n2cnc3c(=O)[nH]c(N)nc32)[C@H](O)[C@@H]1O,False,C12H15N5O6,325.1022,23
CC(O)C(O)[C@H]1O[C@@H](n2cnc3c(=O)[nH]c(N)nc32)[C@H](O)[C@@H]1O,False,C12H17N5O6,327.1179,23
Nc1nc2c(ncn2[C@@H]2O[C@H](CC(O)CO)[C@@H](O)[C@H]2O)c(=O)[nH]1,False,C12H17N5O6,327.1179,23
Nc1nc2c(ncn2[C@@H]2O[C@H](CC=O)[C@@H](O)[C@H]2O)c(=O)[nH]1,False,C11H13N5O5,295.0917,21
CC(=O)C(C(C)=O)[C@H]1O[C@@H](n2cnc3c(=O)[nH]c(N)nc32)[C@H](O)[C@@H]1O,False,C14H17N5O6,351.1179,25
CC(=O)CC(=O)C[C@H]1O[C@@H](n2cnc3c(=O)[nH]c(N)nc32)[C@H](O)[C@@H]1O,False,C14H17N5O6,351.1179,25
CC(=O)C[C@]1(C)O[C@@H](n2cnc3c(=O)[nH]c(N)nc32)[C@H](O)[C@@H]1O,False,C13H17N5O5,323.123,23
CC(=O)C[C@]1(C(C)=O)O[C@@H](n2cnc3c(=O)[nH]c(N)nc32)[C@H](O)[C@@H]1O,False,C14H17N5O6,351.1179,25
CC(=O)C[C@H]1O[C@@H](n2cnc3c(=O)[nH]c(N)nc32)[C@H](O)[C@@]1(C)O,False,C13H17N5O5,323.123,23
CC(=O)C[C@H]1O[C@@H](n2cnc3c(=O)[nH]c(N)nc32)[C@H](O)[C@]1(O)C(C)=O,False,C14H17N5O6,351.1179,25
CC(=O)C[C@H]1O[C@@H](n2cnc3c(=O)[nH]c(N)nc32)[C@@](C)(O)[C@@H]1O,False,C13H17N5O5,323.123,23
CC(=O)C[C@H]1O[C@@H](n2cnc3c(=O)[nH]c(N)nc32)[C@](O)(C(C)=O)[C@@H]1O,False,C14H17N5O6,351.1179,25
CC(=O)C[C@H]1O[C@](C)(n2cnc3c(=O)[nH]c(N)nc32)[C@H](O)[C@@H]1O,False,C13H17N5O5,323.123,23
CC(=O)C[C@H]1O[C@](C(C)=O)(n2cnc3c(=O)[nH]c(N)nc32)[C@H](O)[C@@H]1O,False,C14H17N5O6,351.1179,25
CC(=O)C[C@H]1O[C@@H](n2c(C)nc3c(=O)[nH]c(N)nc32)[C@H](O)[C@@H]1O,False,C13H17N5O5,323.123,23
CC(=O)C[C@H]1O[C@@H](n2c(C(C)=O)nc3c(=O)[nH]c(N)nc32)[C@H](O)[C@@H]1O,False,C14H17N5O6,351.1179,25
Nc1nc2c(ncn2[C@@H]2O[C@H](CC(=O)OC=O)[C@@H](O)[C@H]2O)c(=O)[nH]1,False,C12H13N5O7,339.0815,24
CC(=O)OC1=Nc2nc3c(ncn3[C@@H]3O[C@H]1[C@@H](O)[C@H]3O)c(=O)[nH]2,False,C12H11N5O6,321.0709,23
CC1=Nc2nc3c(ncn3[C@@H]3O[C@H](C(=O)O1)[C@@H](O)[C@H]3O)c(=O)[nH]2,False,C12H11N5O6,321.0709,23
CC(=O)OC(O)[C@]12O[C@@H](n3cnc4c(=O)[nH]c(N)nc43)[C@H](O)[C@@H]1O2,False,C12H13N5O7,339.0815,24
CC(=O)OC(O)[C@]12O[C@@H]([C@H](n3cnc4c(=O)[nH]c(N)nc43)O1)[C@@H]2O,False,C12H13N5O7,339.0815,24
CC(=O)OC(O)[C@H]1O[C@@H](n2cnc3c(=O)[nH]c(N)nc32)[C@@H]2O[C@]12O,False,C12H13N5O7,339.0815,24
Nc1nc2c(ncn2[C@@H]2O[C@@H]3C(O)OC(=O)CO[C@H]3[C@H]2O)c(=O)[nH]1,False,C12H13N5O7,339.0815,24
Nc1nc2c(ncn2[C@@H]2O[C@@H]3C(=O)OC(O)CO[C@H]3[C@H]2O)c(=O)[nH]1,False,C12H13N5O7,339.0815,24
Nc1nc2c(ncn2[C@@H]2O[C@@H]3C(O)OC(=O)CO[C@@H]2[C@@H]3O)c(=O)[nH]1,False,C12H13N5O7,339.0815,24
Nc1nc2c(ncn2[C@@H]2O[C@@H]3C(=O)OC(O)CO[C@@H]2[C@@H]3O)c(=O)[nH]1,False,C12H13N5O7,339.0815,24
CC(=O)OC(O)[C@H]1O[C@@H](n2cnc3c(=O)[nH]c(N)nc32)[C@]2(O)O[C@H]12,False,C12H13N5O7,339.0815,24
CC(=O)OC(O)[C@H]1O[C@@]2(n3cnc4c(=O)[nH]c(N)nc43)O[C@H]1[C@H]2O,False,C12H13N5O7,339.0815,24
CC(=O)OC(O)[C@H]1O[C@@]2(n3cnc4c(=O)[nH]c(N)nc43)O[C@@H]2[C@@H]1O,False,C12H13N5O7,339.0815,24
CC(=O)OC(O)[C@H]1O[C@@H]2[C@H](O)[C@@H]1Oc1nc3c(=O)[nH]c(N)nc3n12,False,C12H13N5O7,339.0815,24
CC(=O)OC(O)[C@H]1O[C@@H]2[C@H](Oc3nc4c(=O)[nH]c(N)nc4n32)[C@@H]1O,False,C12H13N5O7,339.0815,24
CC(=O)OC(O)[C@H]1O[C@@H](n2cnc3c(=O)[nH]c(N)nc32)[C@H](O)[C@@H]1O,False,C12H15N5O7,341.0971,24
CC(=O)OC(O)(C#N)[C@H]1O[C@@H](n2cnc3c(=O)[nH]c(N)nc32)[C@H](O)[C@@H]1O,False,C13H14N6O7,366.0924,26
Nc1nc2c(ncn2[C@@H]2O[C@H](C(O)OC(=O)CO)[C@@H](O)[C@H]2O)c(=O)[nH]1,False,C12H15N5O8,357.0921,25
CC(=O)C(=O)[C@H]1O[C@@H](n2cnc3c(=O)[nH]c(N)nc32)[C@H](O)[C@@H]1O,False,C12H13N5O6,323.0866,23
CC(=O)OC(=O)[C@H]1O[C@@H](n2cnc3c(=O)n(C(C)=O)c(N)nc32)[C@H](O)[C@@H]1O,False,C14H15N5O8,381.0921,27
CC(=O)OC(=O)[C@]1(C)O[C@@H](n2cnc3c(=O)[nH]c(N)nc32)[C@H](O)[C@@H]1O,False,C13H15N5O7,353.0971,25
CC(=O)OC(=O)[C@H]1O[C@@H](n2cnc3c(=O)[nH]c(N)nc32)[C@H](O)[C@@]1(C)O,False,C13H15N5O7,353.0971,25
CC(=O)OC(=O)[C@H]1O[C@@H](n2cnc3c(=O)[nH]c(N)nc32)[C@@](C)(O)[C@@H]1O,False,C13H15N5O7,353.0971,25
CC(=O)OC(=O)[C@H]1O[C@](C)(n2cnc3c(=O)[nH]c(N)nc32)[C@H](O)[C@@H]1O,False,C13H15N5O7,353.0971,25
CC(=O)OC(=O)[C@H]1O[C@@H](n2c(C)nc3c(=O)[nH]c(N)nc32)[C@H](O)[C@@H]1O,False,C13H15N5O7,353.0971,25
CCC(=O)n1c(N)nc2c(ncn2[C@@H]2O[C@H](COC=O)[C@@H](O)[C@H]2O)c1=O,False,C14H17N5O7,367.1128,26
CC(=O)OC[C@H]1O[C@@H](n2c(C)nc3c(=O)n(C=O)c(N)nc32)[C@H](O)[C@@H]1O,False,C14H17N5O7,367.1128,26
CC(=O)n1c(N)nc2c(nc(C)n2[C@@H]2O[C@H](COC=O)[C@@H](O)[C@H]2O)c1=O,False,C14H17N5O7,367.1128,26
CC(=O)OC[C@H]1O[C@](C)(n2cnc3c(=O)n(C=O)c(N)nc32)[C@H](O)[C@@H]1O,False,C14H17N5O7,367.1128,26
CC(=O)n1c(N)nc2c(ncn2[C@@]2(C)O[C@H](COC=O)[C@@H](O)[C@H]2O)c1=O,False,C14H17N5O7,367.1128,26
CC(=O)OC[C@H]1O[C@@H](n2cnc3c(=O)n(C=O)c(N)nc32)[C@@](C)(O)[C@@H]1O,False,C14H17N5O7,367.1128,26
CC(=O)n1c(N)nc2c(ncn2[C@@H]2O[C@H](COC=O)[C@@H](O)[C@]2(C)O)c1=O,False,C14H17N5O7,367.1128,26
CC(=O)OC[C@]1(C)O[C@@H](n2cnc3c(=O)n(C=O)c(N)nc32)[C@H](O)[C@@H]1O,False,C14H17N5O7,367.1128,26
CC(=O)n1c(N)nc2c(ncn2[C@@H]2O[C@@](C)(COC=O)[C@@H](O)[C@H]2O)c1=O,False,C14H17N5O7,367.1128,26
CC(=O)OC[C@H]1O[C@@H](n2cnc3c(=O)n(C=O)c(N)nc32)[C@H](O)[C@@]1(C)O,False,C14H17N5O7,367.1128,26
CC(=O)n1c(N)nc2c(ncn2[C@@H]2O[C@H](COC=O)[C@](C)(O)[C@H]2O)c1=O,False,C14H17N5O7,367.1128,26
CC(=O)OC(C)[C@H]1O[C@@H](n2cnc3c(=O)n(C=O)c(N)nc32)[C@H](O)[C@@H]1O,False,C14H17N5O7,367.1128,26
CC(=O)n1c(N)nc2c(ncn2[C@@H]2O[C@H](C(C)OC=O)[C@@H](O)[C@H]2O)c1=O,False,C14H17N5O7,367.1128,26
CCC(=O)OC[C@H]1O[C@@H](n2cnc3c(=O)n(C=O)c(N)nc32)[C@H](O)[C@@H]1O,False,C14H17N5O7,367.1128,26
CC(=O)OC[C@H]1O[C@@H](n2cnc3c(=O)n4c(nc32)N=C4C)[C@H](O)[C@@H]1O,False,C14H15N5O6,349.1022,25
CC(=O)n1c2nc3c(ncn3[C@@H]3O[C@H](COC(C)=N2)[C@@H](O)[C@H]3O)c1=O,False,C14H15N5O6,349.1022,25
CC(=O)OC[C@H]1O[C@@H]2[C@H](OCC(O)n3c(N)nc4c(ncn42)c3=O)[C@@H]1O,False,C14H17N5O7,367.1128,26
CC(O)OC[C@H]1O[C@@H]2[C@H](OCC(=O)n3c(N)nc4c(ncn42)c3=O)[C@@H]1O,False,C14H17N5O7,367.1128,26
CC(=O)OC[C@H]1O[C@@H]2[C@H](O)[C@@H]1OCC(O)n1c(N)nc3c(ncn32)c1=O,False,C14H17N5O7,367.1128,26
CC(O)OC[C@H]1O[C@@H]2[C@H](O)[C@@H]1OCC(=O)n1c(N)nc3c(ncn32)c1=O,False,C14H17N5O7,367.1128,26
CC(=O)OC[C@H]1O[C@@H]2[C@H](Oc3nc4c(=O)n(C(C)O)c(N)nc4n32)[C@@H]1O,False,C14H17N5O7,367.1128,26
CC(=O)n1c(N)nc2c(nc3n2[C@@H]2O[C@H](COC(C)O)[C@@H](O)[C@H]2O3)c1=O,False,C14H17N5O7,367.1128,26
CC(=O)OC[C@H]1O[C@@H]2[C@H](O)[C@@H]1Oc1nc3c(=O)n(C(C)O)c(N)nc3n12,False,C14H17N5O7,367.1128,26
CC(=O)n1c(N)nc2c(nc3n2[C@@H]2O[C@H](COC(C)O)[C@@H](O3)[C@H]2O)c1=O,False,C14H17N5O7,367.1128,26
CC(=O)OC[C@H]1O[C@@]2(n3cnc4c(=O)n(C(C)O)c(N)nc43)O[C@@H]2[C@@H]1O,False,C14H17N5O7,367.1128,26
CC(=O)n1c(N)nc2c(ncn2[C@]23O[C@@H]2[C@H](O)[C@@H](COC(C)O)O3)c1=O,False,C14H17N5O7,367.1128,26
CC(=O)OC[C@H]1O[C@@]2(n3cnc4c(=O)n(C(C)O)c(N)nc43)O[C@H]1[C@H]2O,False,C14H17N5O7,367.1128,26
CC(=O)n1c(N)nc2c(ncn2[C@]23O[C@@H]([C@H]2O)[C@@H](COC(C)O)O3)c1=O,False,C14H17N5O7,367.1128,26
CC(=O)OC[C@H]1O[C@@H](n2cnc3c(=O)n(C(C)O)c(N)nc32)[C@]2(O)O[C@H]12,False,C14H17N5O7,367.1128,26
CC(=O)n1c(N)nc2c(ncn2[C@@H]2O[C@H](COC(C)O)[C@H]3O[C@]32O)c1=O,False,C14H17N5O7,367.1128,26
CC(=O)OC[C@]12O[C@@H]([C@H](n3cnc4c(=O)n(C(C)O)c(N)nc43)O1)[C@@H]2O,False,C14H17N5O7,367.1128,26
CC(=O)n1c(N)nc2c(ncn2[C@@H]2O[C@]3(COC(C)O)O[C@@H]2[C@@H]3O)c1=O,False,C14H17N5O7,367.1128,26
CC(=O)OC[C@]12O[C@@H](n3cnc4c(=O)n(C(C)O)c(N)nc43)[C@H](O)[C@@H]1O2,False,C14H17N5O7,367.1128,26
CC(=O)n1c(N)nc2c(ncn2[C@@H]2O[C@]3(COC(C)O)O[C@H]3[C@H]2O)c1=O,False,C14H17N5O7,367.1128,26
CC(=O)OC[C@H]1O[C@@H](n2cnc3c(=O)n(C(C)O)c(N)nc32)[C@@H]2O[C@]12O,False,C14H17N5O7,367.1128,26
CC(=O)n1c(N)nc2c(ncn2[C@@H]2O[C@H](COC(C)O)[C@@]3(O)O[C@@H]23)c1=O,False,C14H17N5O7,367.1128,26
CC(=O)OC1O[C@@H]2[C@H](O)[C@@H]1O[C@H]2n1cnc2c(=O)n(C(C)O)c(N)nc21,False,C14H17N5O7,367.1128,26
CC(=O)n1c(N)nc2c(ncn2[C@@H]2O[C@@H]3C(OC(C)O)O[C@@H]2[C@@H]3O)c1=O,False,C14H17N5O7,367.1128,26
CC(=O)OC1O[C@H]2[C@@H](O)[C@H](n3cnc4c(=O)n(C(C)O)c(N)nc43)O[C@H]12,False,C14H17N5O7,367.1128,26
CC(=O)n1c(N)nc2c(ncn2[C@@H]2O[C@@H]3C(OC(C)O)O[C@H]3[C@H]2O)c1=O,False,C14H17N5O7,367.1128,26
CC(O)n1c(N)nc2c(ncn2[C@@H]2O[C@@H]3COC(=O)CO[C@@H]2[C@@H]3O)c1=O,False,C14H17N5O7,367.1128,26
CC(=O)n1c(N)nc2c(ncn2[C@@H]2O[C@@H]3COC(O)CO[C@@H]2[C@@H]3O)c1=O,False,C14H17N5O7,367.1128,26
CC(O)n1c(N)nc2c(ncn2[C@@H]2O[C@@H]3COC(=O)CO[C@H]3[C@H]2O)c1=O,False,C14H17N5O7,367.1128,26
CC(=O)n1c(N)nc2c(ncn2[C@@H]2O[C@@H]3COC(O)CO[C@H]3[C@H]2O)c1=O,False,C14H17N5O7,367.1128,26
CC(=O)OC[C@H]1O[C@@H](n2cnc3c(=O)n(C(C)O)c(N)nc32)[C@H](O)[C@@H]1O,False,C14H19N5O7,369.1284,26
CC(=O)n1c(N)nc2c(ncn2[C@@H]2O[C@H](COC(C)O)[C@@H](O)[C@H]2O)c1=O,False,C14H19N5O7,369.1284,26
CCOC[C@H]1O[C@@H](n2cnc3c(=O)n(C(C)=O)c(N)nc32)[C@H](O)[C@@H]1O,False,C14H19N5O6,353.1335,25
CCC(=O)n1c(N)nc2c(ncn2[C@@H]2O[C@H](COC(C)=O)[C@@H](O)[C@H]2O)c1=O,False,C15H19N5O7,381.1284,27
CCC(=O)OC[C@H]1O[C@@H](n2cnc3c(=O)n(C(C)=O)c(N)nc32)[C@H](O)[C@@H]1O,False,C15H19N5O7,381.1284,27
CC(=O)n1c(N)nc2c(ncn2[C@@H]2O[C@H](CO)[C@@H](O)[C@H]2O)c1=O,False,C12H15N5O6,325.1022,23
CC(=O)OC[C@H]1O[C@@H](n2cnc3c(=O)n(C(C)(O)C#N)c(N)nc32)[C@H](O)[C@@H]1O,False,C15H18N6O7,394.1237,28
CC(=O)n1c(N)nc2c(ncn2[C@@H]2O[C@H](COC(C)(O)C#N)[C@@H](O)[C@H]2O)c1=O,False,C15H18N6O7,394.1237,28
CC(=O)OC[C@H]1O[C@@H](n2cnc3c(=O)n(C(C)N)c(N)nc32)[C@H](O)[C@@H]1O,False,C14H20N6O6,368.1444,26
CC(=O)n1c(N)nc2c(ncn2[C@@H]2O[C@H](COC(C)N)[C@@H](O)[C@H]2O)c1=O,False,C14H20N6O6,368.1444,26
CC(=O)OC[C@H]1O[C@@H](n2cnc3c(=O)n(C(=O)CO)c(N)nc32)[C@H](O)[C@@H]1O,False,C14H17N5O8,383.1077,27
CC(=O)n1c(N)nc2c(ncn2[C@@H]2O[C@H](COC(=O)CO)[C@@H](O)[C@H]2O)c1=O,False,C14H17N5O8,383.1077,27
COC(=O)n1c(N)nc2c(ncn2[C@@H]2O[C@H](COC(C)=O)[C@@H](O)[C@H]2O)c1=O,False,C14H17N5O8,383.1077,27
COC(=O)OC[C@H]1O[C@@H](n2cnc3c(=O)n(C(C)=O)c(N)nc32)[C@H](O)[C@@H]1O,False,C14H17N5O8,383.1077,27
CC(=O)n1c(N)nc2c(ncn2[C@@H]2O[C@H](C=O)[C@@H](O)[C@H]2O)c1=O,False,C12H13N5O6,323.0866,23
CC(=O)OC[C@H]1O[C@@H](n2cnc3c(=O)n(C(O)CO)c(N)nc32)[C@H](O)[C@@H]1O,False,C14H19N5O8,385.1234,27
CC(O)OC[C@H]1O[C@@H](n2cnc3c(=O)n(C(=O)CO)c(N)nc32)[C@H](O)[C@@H]1O,False,C14H19N5O8,385.1234,27
CC(O)n1c(N)nc2c(ncn2[C@@H]2O[C@H](COC(=O)CO)[C@@H](O)[C@H]2O)c1=O,False,C14H19N5O8,385.1234,27
CC(=O)n1c(N)nc2c(ncn2[C@@H]2O[C@H](COC(O)CO)[C@@H](O)[C@H]2O)c1=O,False,C14H19N5O8,385.1234,27
CC(=O)C[C@H]1O[C@@H](n2cnc3c(=O)n(C(C)=O)c(N)nc32)[C@H](O)[C@@H]1O,False,C14H17N5O6,351.1179,25
CC(=O)OC[C@H]1O[C@@H](n2cnc3c(=O)n(C=O)c(N)nc32)[C@H](O)[C@@H]1O,False,C13H15N5O7,353.0971,25
CC(=O)n1c(N)nc2c(ncn2[C@@H]2O[C@H](COC=O)[C@@H](O)[C@H]2O)c1=O,False,C13H15N5O7,353.0971,25
CC(=O)OC[C@H]1O[C@@H](n2c(C)nc3c(=O)n(C(C)=O)c(N)nc32)[C@H](O)[C@@H]1O,False,C15H19N5O7,381.1284,27
CC(=O)OC[C@H]1O[C@](C)(n2cnc3c(=O)n(C(C)=O)c(N)nc32)[C@H](O)[C@@H]1O,False,C15H19N5O7,381.1284,27
CC(=O)OC[C@H]1O[C@@H](n2cnc3c(=O)n(C(C)=O)c(N)nc32)[C@@](C)(O)[C@@H]1O,False,C15H19N5O7,381.1284,27
CC(=O)OC[C@]1(C)O[C@@H](n2cnc3c(=O)n(C(C)=O)c(N)nc32)[C@H](O)[C@@H]1O,False,C15H19N5O7,381.1284,27
CC(=O)OC[C@H]1O[C@@H](n2cnc3c(=O)n(C(C)=O)c(N)nc32)[C@H](O)[C@@]1(C)O,False,C15H19N5O7,381.1284,27
CC(=O)OC(C)[C@H]1O[C@@H](n2cnc3c(=O)n(C(C)=O)c(N)nc32)[C@H](O)[C@@H]1O,False,C15H19N5O7,381.1284,27
CC1=Nc2nc3c(ncn3[C@@H]3O[C@H](C(C)O1)[C@@H](O)[C@H]3O)c(=O)[nH]2,False,C13H15N5O5,321.1073,23
CC(O)OC1CO[C@H]2[C@@H](O)[C@H](n3cnc4c(=O)[nH]c(N)nc43)O[C@H]12,False,C13H17N5O6,339.1179,24
CC(O)OC1CO[C@@H]2[C@H](O)[C@@H]1O[C@H]2n1cnc2c(=O)[nH]c(N)nc21,False,C13H17N5O6,339.1179,24
CC1OC(O)CO[C@H]2[C@@H](O)[C@H](n3cnc4c(=O)[nH]c(N)nc43)O[C@H]12,False,C13H17N5O6,339.1179,24
CC1OC(O)CO[C@@H]2[C@H](O)[C@@H]1O[C@H]2n1cnc2c(=O)[nH]c(N)nc21,False,C13H17N5O6,339.1179,24
CC(=O)OC(C)(C)[C@H]1O[C@@H](n2cnc3c(=O)[nH]c(N)nc32)[C@H](O)[C@@H]1O,False,C14H19N5O6,353.1335,25
CCC(OC(C)=O)[C@H]1O[C@@H](n2cnc3c(=O)[nH]c(N)nc32)[C@H](O)[C@@H]1O,False,C14H19N5O6,353.1335,25
CC(OC(=O)CC(=O)O)[C@H]1O[C@@H](n2cnc3c(=O)[nH]c(N)nc32)[C@H](O)[C@@H]1O,False,C14H17N5O8,383.1077,27
CC(=O)OC(C)(C(=O)O)[C@H]1O[C@@H](n2cnc3c(=O)[nH]c(N)nc32)[C@H](O)[C@@H]1O,False,C14H17N5O8,383.1077,27
CC(=O)OC(CC(=O)O)[C@H]1O[C@@H](n2cnc3c(=O)[nH]c(N)nc32)[C@H](O)[C@@H]1O,False,C14H17N5O8,383.1077,27
CC(=O)OC(C)(O)[C@H]1O[C@@H](n2cnc3c(=O)[nH]c(N)nc32)[C@H](O)[C@@H]1O,False,C13H17N5O7,355.1128,25
CC(=O)OC(CO)[C@H]1O[C@@H](n2cnc3c(=O)[nH]c(N)nc32)[C@H](O)[C@@H]1O,False,C13H17N5O7,355.1128,25
CC(OC(=O)CO)[C@H]1O[C@@H](n2cnc3c(=O)[nH]c(N)nc32)[C@H](O)[C@@H]1O,False,C13H17N5O7,355.1128,25
COC(=O)OC(C)[C@H]1O[C@@H](n2cnc3c(=O)[nH]c(N)nc32)[C@H](O)[C@@H]1O,False,C13H17N5O7,355.1128,25
CC(O)OC(C)(O)[C@H]1O[C@@H](n2cnc3c(=O)[nH]c(N)nc32)[C@H](O)[C@@H]1O,False,C13H19N5O7,357.1284,25
CC(O)OC(CO)[C@H]1O[C@@H](n2cnc3c(=O)[nH]c(N)nc32)[C@H](O)[C@@H]1O,False,C13H19N5O7,357.1284,25
CC(OC(O)CO)[C@H]1O[C@@H](n2cnc3c(=O)[nH]c(N)nc32)[C@H](O)[C@@H]1O,False,C13H19N5O7,357.1284,25
CC(=O)OC(C)[C@]1(C)O[C@@H](n2cnc3c(=O)[nH]c(N)nc32)[C@H](O)[C@@H]1O,False,C14H19N5O6,353.1335,25
CC(=O)OC(C)[C@H]1O[C@@H](n2cnc3c(=O)[nH]c(N)nc32)[C@H](O)[C@@]1(C)O,False,C14H19N5O6,353.1335,25
CC(=O)OC(C)[C@H]1O[C@@H](n2cnc3c(=O)[nH]c(N)nc32)[C@@](C)(O)[C@@H]1O,False,C14H19N5O6,353.1335,25
CC(=O)OC(C)[C@H]1O[C@](C)(n2cnc3c(=O)[nH]c(N)nc32)[C@H](O)[C@@H]1O,False,C14H19N5O6,353.1335,25
CC(=O)OC(C)[C@H]1O[C@@H](n2c(C)nc3c(=O)[nH]c(N)nc32)[C@H](O)[C@@H]1O,False,C14H19N5O6,353.1335,25
CC(=O)OC[C@]1(n2cnc3c(=O)[nH]c(N)nc32)O[C@H](C)[C@@H](O)[C@H]1O,False,C13H17N5O6,339.1179,24
C[C@@]1(COC=O)O[C@@H](n2cnc3c(=O)[nH]c(N)nc32)[C@H](O)[C@@]1(C)O,False,C13H17N5O6,339.1179,24
C[C@@]1(O)[C@H](n2cnc3c(=O)[nH]c(N)nc32)O[C@@](C)(COC=O)[C@H]1O,False,C13H17N5O6,339.1179,24
C[C@]1(n2cnc3c(=O)[nH]c(N)nc32)O[C@@](C)(COC=O)[C@@H](O)[C@H]1O,False,C13H17N5O6,339.1179,24
Cc1nc2c(=O)[nH]c(N)nc2n1[C@@H]1O[C@@](C)(COC=O)[C@@H](O)[C@H]1O,False,C13H17N5O6,339.1179,24
CC1=Nc2nc3c(ncn3[C@@H]3O[C@@](C)(CO1)[C@@H](O)[C@H]3O)c(=O)[nH]2,False,C13H15N5O5,321.1073,23
CC(O)OC[C@@]12CO[C@H]1[C@@H](O)[C@H](n1cnc3c(=O)[nH]c(N)nc31)O2,False,C13H17N5O6,339.1179,24
CC(O)OC[C@]12CO[C@@H]([C@H](n3cnc4c(=O)[nH]c(N)nc43)O1)[C@@H]2O,False,C13H17N5O6,339.1179,24
C[C@]12COC(O)CO[C@H]1[C@@H](O)[C@H](n1cnc3c(=O)[nH]c(N)nc31)O2,False,C13H17N5O6,339.1179,24
C[C@@]12COC(O)CO[C@@H]([C@H](n3cnc4c(=O)[nH]c(N)nc43)O1)[C@@H]2O,False,C13H17N5O6,339.1179,24
C[C@@]1(COC(=O)CC(=O)O)O[C@@H](n2cnc3c(=O)[nH]c(N)nc32)[C@H](O)[C@@H]1O,False,C14H17N5O8,383.1077,27
C[C@@]1(COC(=O)CO)O[C@@H](n2cnc3c(=O)[nH]c(N)nc32)[C@H](O)[C@@H]1O,False,C13H17N5O7,355.1128,25
COC(=O)OC[C@]1(C)O[C@@H](n2cnc3c(=O)[nH]c(N)nc32)[C@H](O)[C@@H]1O,False,C13H17N5O7,355.1128,25
C[C@@]1(COC(O)CO)O[C@@H](n2cnc3c(=O)[nH]c(N)nc32)[C@H](O)[C@@H]1O,False,C13H19N5O7,357.1284,25
CC[C@@]1(COC(C)=O)O[C@@H](n2cnc3c(=O)[nH]c(N)nc32)[C@H](O)[C@@H]1O,False,C14H19N5O6,353.1335,25
CC(=O)OC[C@]1(C)O[C@@H](n2cnc3c(=O)[nH]c(N)nc32)[C@H](O)[C@@]1(C)O,False,C14H19N5O6,353.1335,25
CC(=O)OC[C@]1(C)O[C@@H](n2cnc3c(=O)[nH]c(N)nc32)[C@@](C)(O)[C@@H]1O,False,C14H19N5O6,353.1335,25
CC(=O)OC[C@]1(C)O[C@](C)(n2cnc3c(=O)[nH]c(N)nc32)[C@H](O)[C@@H]1O,False,C14H19N5O6,353.1335,25
CC(=O)OC[C@]1(C)O[C@@H](n2c(C)nc3c(=O)[nH]c(N)nc32)[C@H](O)[C@@H]1O,False,C14H19N5O6,353.1335,25
C[C@]1(O)[C@@H](COC=O)O[C@@H](n2cnc3c(=O)[nH]c(N)nc32)[C@@]1(C)O,False,C13H17N5O6,339.1179,24
C[C@@]1(O)[C@@H](O)[C@@](C)(n2cnc3c(=O)[nH]c(N)nc32)O[C@@H]1COC=O,False,C13H17N5O6,339.1179,24
Cc1nc2c(=O)[nH]c(N)nc2n1[C@@H]1O[C@H](COC=O)[C@](C)(O)[C@H]1O,False,C13H17N5O6,339.1179,24
CC1=Nc2nc3c(ncn3[C@@H]3O[C@H](CO1)[C@](C)(O)[C@H]3O)c(=O)[nH]2,False,C13H15N5O5,321.1073,23
CC(O)OC[C@H]1O[C@@H](n2cnc3c(=O)[nH]c(N)nc32)[C@H](O)[C@]12CO2,False,C13H17N5O6,339.1179,24
CC(O)OC[C@H]1O[C@@H](n2cnc3c(=O)[nH]c(N)nc32)[C@@H]2OC[C@]12O,False,C13H17N5O6,339.1179,24
C[C@]12OCC(O)OC[C@H]1O[C@@H](n1cnc3c(=O)[nH]c(N)nc31)[C@@H]2O,False,C13H17N5O6,339.1179,24
C[C@]1(O)[C@H]2COC(O)CO[C@H]1[C@H](n1cnc3c(=O)[nH]c(N)nc31)O2,False,C13H17N5O6,339.1179,24
C[C@]1(O)[C@@H](COC(=O)CC(=O)O)O[C@@H](n2cnc3c(=O)[nH]c(N)nc32)[C@@H]1O,False,C14H17N5O8,383.1077,27
C[C@]1(O)[C@@H](COC(=O)CO)O[C@@H](n2cnc3c(=O)[nH]c(N)nc32)[C@@H]1O,False,C13H17N5O7,355.1128,25
COC(=O)OC[C@H]1O[C@@H](n2cnc3c(=O)[nH]c(N)nc32)[C@H](O)[C@@]1(C)O,False,C13H17N5O7,355.1128,25
C[C@]1(O)[C@@H](COC(O)CO)O[C@@H](n2cnc3c(=O)[nH]c(N)nc32)[C@@H]1O,False,C13H19N5O7,357.1284,25
CC[C@]1(O)[C@@H](COC(C)=O)O[C@@H](n2cnc3c(=O)[nH]c(N)nc32)[C@@H]1O,False,C14H19N5O6,353.1335,25
CC(=O)OC[C@H]1O[C@@H](n2cnc3c(=O)[nH]c(N)nc32)[C@@](C)(O)[C@@]1(C)O,False,C14H19N5O6,353.1335,25
CC(=O)OC[C@H]1O[C@](C)(n2cnc3c(=O)[nH]c(N)nc32)[C@H](O)[C@@]1(C)O,False,C14H19N5O6,353.1335,25
CC(=O)OC[C@H]1O[C@@H](n2c(C)nc3c(=O)[nH]c(N)nc32)[C@H](O)[C@@]1(C)O,False,C14H19N5O6,353.1335,25
C[C@]1(O)[C@H](O)[C@@H](COC=O)O[C@]1(C)n1cnc2c(=O)[nH]c(N)nc21,False,C13H17N5O6,339.1179,24
Cc1nc2c(=O)[nH]c(N)nc2n1[C@@H]1O[C@H](COC=O)[C@@H](O)[C@]1(C)O,False,C13H17N5O6,339.1179,24
CC1=Nc2nc3c(ncn3[C@@H]3O[C@H](CO1)[C@@H](O)[C@]3(C)O)c(=O)[nH]2,False,C13H15N5O5,321.1073,23
CC(O)OC[C@H]1O[C@@H](n2cnc3c(=O)[nH]c(N)nc32)[C@]2(CO2)[C@@H]1O,False,C13H17N5O6,339.1179,24
CC(O)OC[C@H]1O[C@@H](n2cnc3c(=O)[nH]c(N)nc32)[C@]2(O)CO[C@H]12,False,C13H17N5O6,339.1179,24
C[C@@]12OCC(O)OC[C@@H](O[C@H]1n1cnc3c(=O)[nH]c(N)nc31)[C@H]2O,False,C13H17N5O6,339.1179,24
C[C@]1(O)[C@@H]2OCC(O)OC[C@H]2O[C@H]1n1cnc2c(=O)[nH]c(N)nc21,False,C13H17N5O6,339.1179,24
C[C@]1(O)[C@H](O)[C@@H](COC(=O)CC(=O)O)O[C@H]1n1cnc2c(=O)[nH]c(N)nc21,False,C14H17N5O8,383.1077,27
C[C@]1(O)[C@H](O)[C@@H](COC(=O)CO)O[C@H]1n1cnc2c(=O)[nH]c(N)nc21,False,C13H17N5O7,355.1128,25
COC(=O)OC[C@H]1O[C@@H](n2cnc3c(=O)[nH]c(N)nc32)[C@@](C)(O)[C@@H]1O,False,C13H17N5O7,355.1128,25
C[C@]1(O)[C@H](O)[C@@H](COC(O)CO)O[C@H]1n1cnc2c(=O)[nH]c(N)nc21,False,C13H19N5O7,357.1284,25
CC[C@]1(O)[C@H](O)[C@@H](COC(C)=O)O[C@H]1n1cnc2c(=O)[nH]c(N)nc21,False,C14H19N5O6,353.1335,25
CC(=O)OC[C@H]1O[C@](C)(n2cnc3c(=O)[nH]c(N)nc32)[C@@](C)(O)[C@@H]1O,False,C14H19N5O6,353.1335,25
CC(=O)OC[C@H]1O[C@@H](n2c(C)nc3c(=O)[nH]c(N)nc32)[C@@](C)(O)[C@@H]1O,False,C14H19N5O6,353.1335,25
Cc1nc2c(=O)[nH]c(N)nc2n1[C@@]1(C)O[C@H](COC=O)[C@@H](O)[C@H]1O,False,C13H17N5O6,339.1179,24
CC1=Nc2nc3c(ncn3[C@@]3(C)O[C@H](CO1)[C@@H](O)[C@H]3O)c(=O)[nH]2,False,C13H15N5O5,321.1073,23
CC(O)OC[C@H]1O[C@@]2(n3cnc4c(=O)[nH]c(N)nc43)CO[C@@H]2[C@@H]1O,False,C13H17N5O6,339.1179,24
CC(O)OC[C@H]1O[C@@]2(n3cnc4c(=O)[nH]c(N)nc43)CO[C@H]1[C@H]2O,False,C13H17N5O6,339.1179,24
C[C@]1(n2cnc3c(=O)[nH]c(N)nc32)O[C@@H]2COC(O)CO[C@@H]1[C@@H]2O,False,C13H17N5O6,339.1179,24
C[C@]1(n2cnc3c(=O)[nH]c(N)nc32)O[C@@H]2COC(O)CO[C@H]2[C@H]1O,False,C13H17N5O6,339.1179,24
C[C@]1(n2cnc3c(=O)[nH]c(N)nc32)O[C@H](COC(=O)CC(=O)O)[C@@H](O)[C@H]1O,False,C14H17N5O8,383.1077,27
C[C@]1(n2cnc3c(=O)[nH]c(N)nc32)O[C@H](COC(=O)CO)[C@@H](O)[C@H]1O,False,C13H17N5O7,355.1128,25
COC(=O)OC[C@H]1O[C@](C)(n2cnc3c(=O)[nH]c(N)nc32)[C@H](O)[C@@H]1O,False,C13H17N5O7,355.1128,25
C[C@]1(n2cnc3c(=O)[nH]c(N)nc32)O[C@H](COC(O)CO)[C@@H](O)[C@H]1O,False,C13H19N5O7,357.1284,25
CC[C@]1(n2cnc3c(=O)[nH]c(N)nc32)O[C@H](COC(C)=O)[C@@H](O)[C@H]1O,False,C14H19N5O6,353.1335,25
CC(=O)OC[C@H]1O[C@](C)(n2c(C)nc3c(=O)[nH]c(N)nc32)[C@H](O)[C@@H]1O,False,C14H19N5O6,353.1335,25
CC1=Nc2nc3c(nc(C)n3[C@@H]3O[C@H](CO1)[C@@H](O)[C@H]3O)c(=O)[nH]2,False,C13H15N5O5,321.1073,23
CC(O)OC[C@H]1O[C@@H]2[C@H](OCc3nc4c(=O)[nH]c(N)nc4n32)[C@@H]1O,False,C13H17N5O6,339.1179,24
CC(O)OC[C@H]1O[C@@H]2[C@H](O)[C@@H]1OCc1nc3c(=O)[nH]c(N)nc3n12,False,C13H17N5O6,339.1179,24
Cc1nc2c(=O)[nH]c(N)nc2n1[C@@H]1O[C@@H]2COC(O)CO[C@@H]1[C@@H]2O,False,C13H17N5O6,339.1179,24
Cc1nc2c(=O)[nH]c(N)nc2n1[C@@H]1O[C@@H]2COC(O)CO[C@H]2[C@H]1O,False,C13H17N5O6,339.1179,24
Cc1nc2c(=O)[nH]c(N)nc2n1[C@@H]1O[C@H](COC(=O)CC(=O)O)[C@@H](O)[C@H]1O,False,C14H17N5O8,383.1077,27
Cc1nc2c(=O)[nH]c(N)nc2n1[C@@H]1O[C@H](COC(=O)CO)[C@@H](O)[C@H]1O,False,C13H17N5O7,355.1128,25
COC(=O)OC[C@H]1O[C@@H](n2c(C)nc3c(=O)[nH]c(N)nc32)[C@H](O)[C@@H]1O,False,C13H17N5O7,355.1128,25
Cc1nc2c(=O)[nH]c(N)nc2n1[C@@H]1O[C@H](COC(O)CO)[C@@H](O)[C@H]1O,False,C13H19N5O7,357.1284,25
CCc1nc2c(=O)[nH]c(N)nc2n1[C@@H]1O[C@H](COC(C)=O)[C@@H](O)[C@H]1O,False,C14H19N5O6,353.1335,25
C[C@]12OC=Nc3nc4c(ncn4[C@H](O[C@@H]1CO)[C@@H]2O)c(=O)[nH]3,False,C12H13N5O5,307.0917,22
Nc1nc2c(ncn2[C@@H]2O[C@H](CO)[C@@]3(OCO)CO[C@@H]23)c(=O)[nH]1,False,C12H15N5O6,325.1022,23
Nc1nc2c(ncn2[C@@H]2O[C@@H]3COC[C@@]3(OCO)[C@H]2O)c(=O)[nH]1,False,C12H15N5O6,325.1022,23
C[C@]1(OCO)[C@H]2CO[C@@]1(O)[C@H](n1cnc3c(=O)[nH]c(N)nc31)O2,False,C12H15N5O6,325.1022,23
C[C@@]1(OCO)[C@H]2O[C@@]1(CO)O[C@H]2n1cnc2c(=O)[nH]c(N)nc21,False,C12H15N5O6,325.1022,23
C[C@@]1(OCO)[C@@H](O)[C@H](n2cnc3c(=O)[nH]c(N)nc32)O[C@@]12CO2,False,C12H15N5O6,325.1022,23
C[C@@]1(OCO)[C@H]2O[C@]2(n2cnc3c(=O)[nH]c(N)nc32)O[C@@H]1CO,False,C12H15N5O6,325.1022,23
C[C@@]1(OCO)[C@@H](O)[C@]2(n3cnc4c(=O)[nH]c(N)nc43)OC[C@H]1O2,False,C12H15N5O6,325.1022,23
C[C@]1(OCO)[C@@H]2O[C@@H](n3cnc4c(=O)[nH]c(N)nc43)[C@@H]1OC2O,False,C12H15N5O6,325.1022,23
C[C@]1(OCO)[C@@H](CO)O[C@@H]2[C@@H]1Oc1nc3c(=O)[nH]c(N)nc3n12,False,C12H15N5O6,325.1022,23
C[C@]1(OCO)[C@H]2COc3nc4c(=O)[nH]c(N)nc4n3[C@H](O2)[C@@H]1O,False,C12H15N5O6,325.1022,23
CO[C@@]1(C)[C@@H](CO)O[C@@H](n2cnc3c(=O)[nH]c(N)nc32)[C@@H]1O,False,C12H17N5O5,311.123,22
CC(=O)O[C@H]1[C@H](n2cnc3c(=O)[nH]c(N)nc32)O[C@H](CO)[C@]1(C)OC=O,False,C14H17N5O7,367.1128,26
C[C@H]1O[C@@H](n2cnc3c(=O)[nH]c(N)nc32)[C@H](O)[C@@]1(C)OC=O,False,C12H15N5O5,309.1073,22
C[C@]1(OC=O)[C@@H](C(=O)O)O[C@@H](n2cnc3c(=O)[nH]c(N)nc32)[C@@H]1O,False,C12H13N5O7,339.0815,24
C[C@]1(OC=O)[C@@H](CO)O[C@@H](n2cnc3c(=O)[nH]c(N)nc32)[C@@H]1OC=O,False,C13H15N5O7,353.0971,25
C[C@]1(O)[C@@H]2OC=Nc3nc4c(ncn4[C@@H]1O[C@@H]2CO)c(=O)[nH]3,False,C12H13N5O5,307.0917,22
Nc1nc2c(ncn2[C@@H]2O[C@H](CO)[C@@H](OCO)[C@@]23CO3)c(=O)[nH]1,False,C12H15N5O6,325.1022,23
Nc1nc2c(ncn2[C@@H]2O[C@@H]3COC[C@]2(O)[C@@H]3OCO)c(=O)[nH]1,False,C12H15N5O6,325.1022,23
C[C@]12O[C@]1(OCO)[C@@H](CO)O[C@H]2n1cnc2c(=O)[nH]c(N)nc21,False,C12H15N5O6,325.1022,23
C[C@@]1(O)[C@H](n2cnc3c(=O)[nH]c(N)nc32)O[C@@H]2CO[C@]21OCO,False,C12H15N5O6,325.1022,23
C[C@@]12O[C@]1(n1cnc3c(=O)[nH]c(N)nc31)O[C@H](CO)[C@H]2OCO,False,C12H15N5O6,325.1022,23
C[C@]1(O)[C@H](OCO)[C@H]2CO[C@]1(n1cnc3c(=O)[nH]c(N)nc31)O2,False,C12H15N5O6,325.1022,23
C[C@@]12O[C@@](CO)(O[C@H]1n1cnc3c(=O)[nH]c(N)nc31)[C@H]2OCO,False,C12H15N5O6,325.1022,23
C[C@]1(O)[C@H](OCO)[C@]2(CO2)O[C@H]1n1cnc2c(=O)[nH]c(N)nc21,False,C12H15N5O6,325.1022,23
C[C@@]12OC(O)[C@@H](O[C@H]1n1cnc3c(=O)[nH]c(N)nc31)[C@H]2OCO,False,C12H15N5O6,325.1022,23
C[C@@]12Oc3nc4c(=O)[nH]c(N)nc4n3[C@@H]1O[C@H](CO)[C@H]2OCO,False,C12H15N5O6,325.1022,23
C[C@]1(O)[C@H](OCO)[C@H]2COc3nc4c(=O)[nH]c(N)nc4n3[C@@H]1O2,False,C12H15N5O6,325.1022,23
CO[C@@H]1[C@@H](CO)O[C@@H](n2cnc3c(=O)[nH]c(N)nc32)[C@@]1(C)O,False,C12H17N5O5,311.123,22
CC(=O)O[C@@]1(C)[C@H](OC=O)[C@@H](CO)O[C@H]1n1cnc2c(=O)[nH]c(N)nc21,False,C14H17N5O7,367.1128,26
C[C@H]1O[C@@H](n2cnc3c(=O)[nH]c(N)nc32)[C@@](C)(O)[C@@H]1OC=O,False,C12H15N5O5,309.1073,22
C[C@]1(O)[C@H](OC=O)[C@@H](C(=O)O)O[C@H]1n1cnc2c(=O)[nH]c(N)nc21,False,C12H13N5O7,339.0815,24
C[C@]1(OC=O)[C@H](OC=O)[C@@H](CO)O[C@H]1n1cnc2c(=O)[nH]c(N)nc21,False,C13H15N5O7,353.0971,25
C[C@H]1O[C@](CO)(n2cnc3c(=O)[nH]c(N)nc32)[C@H](O)[C@@H]1OC=O,False,C12H15N5O6,325.1022,23
C[C@@]1(CO)O[C@@H]2[C@H](O)[C@@H]1OC=Nc1nc3c(ncn32)c(=O)[nH]1,False,C12H13N5O5,307.0917,22
Nc1nc2c(ncn2[C@@H]2OC3(COC3)[C@@H](OCO)[C@H]2O)c(=O)[nH]1,False,C12H15N5O6,325.1022,23
Nc1nc2c(ncn2[C@@H]2O[C@]3(CO)CO[C@@H]2[C@@H]3OCO)c(=O)[nH]1,False,C12H15N5O6,325.1022,23
C[C@]12CO[C@@]1(OCO)[C@@H](O)[C@H](n1cnc3c(=O)[nH]c(N)nc31)O2,False,C12H15N5O6,325.1022,23
C[C@@]1(CO)O[C@@H](n2cnc3c(=O)[nH]c(N)nc32)[C@@H]2O[C@@]21OCO,False,C12H15N5O6,325.1022,23
C[C@]12O[C@@H](n3cnc4c(=O)[nH]c(N)nc43)[C@H](OC1O)[C@@H]2OCO,False,C12H15N5O6,325.1022,23
C[C@@]12CO[C@@](O)([C@H](n3cnc4c(=O)[nH]c(N)nc43)O1)[C@@H]2OCO,False,C12H15N5O6,325.1022,23
C[C@@]12CO[C@](n3cnc4c(=O)[nH]c(N)nc43)(O1)[C@H](O)[C@@H]2OCO,False,C12H15N5O6,325.1022,23
C[C@@]1(CO)O[C@@]2(n3cnc4c(=O)[nH]c(N)nc43)O[C@@H]2[C@@H]1OCO,False,C12H15N5O6,325.1022,23
C[C@@]12COc3nc4c(=O)[nH]c(N)nc4n3[C@H](O1)[C@H](O)[C@@H]2OCO,False,C12H15N5O6,325.1022,23
C[C@@]1(CO)O[C@@H]2[C@H](Oc3nc4c(=O)[nH]c(N)nc4n32)[C@@H]1OCO,False,C12H15N5O6,325.1022,23
CO[C@H]1[C@@H](O)[C@H](n2cnc3c(=O)[nH]c(N)nc32)O[C@@]1(C)CO,False,C12H17N5O5,311.123,22
CC(=O)O[C@H]1[C@H](n2cnc3c(=O)[nH]c(N)nc32)O[C@@](C)(CO)[C@H]1OC=O,False,C14H17N5O7,367.1128,26
CC1(C)O[C@@H](n2cnc3c(=O)[nH]c(N)nc32)[C@H](O)[C@@H]1OC=O,False,C12H15N5O5,309.1073,22
C[C@@]1(C(=O)O)O[C@@H](n2cnc3c(=O)[nH]c(N)nc32)[C@H](O)[C@@H]1OC=O,False,C12H13N5O7,339.0815,24
C[C@@]1(CO)O[C@@H](n2cnc3c(=O)[nH]c(N)nc32)[C@H](OC=O)[C@@H]1OC=O,False,C13H15N5O7,353.0971,25
C[C@@]12O[C@H](CO)[C@@H](OC=Nc3nc4c(ncn41)c(=O)[nH]3)[C@H]2O,False,C12H13N5O5,307.0917,22
Nc1nc2c(ncn2[C@]23CO[C@@H]2[C@H](OCO)[C@@H](CO)O3)c(=O)[nH]1,False,C12H15N5O6,325.1022,23
Nc1nc2c(ncn2[C@@]23COC[C@@H](O2)[C@@H](OCO)[C@H]3O)c(=O)[nH]1,False,C12H15N5O6,325.1022,23
C[C@]1(n2cnc3c(=O)[nH]c(N)nc32)O[C@@H]2CO[C@]1(O)[C@@H]2OCO,False,C12H15N5O6,325.1022,23
C[C@]1(n2cnc3c(=O)[nH]c(N)nc32)O[C@H](CO)[C@@]2(OCO)O[C@H]21,False,C12H15N5O6,325.1022,23
C[C@]1(n2cnc3c(=O)[nH]c(N)nc32)O[C@@H]2CO[C@@]2(OCO)[C@H]1O,False,C12H15N5O6,325.1022,23
C[C@]12O[C@H](CO)[C@@H](OCO)[C@H]1Oc1nc3c(=O)[nH]c(N)nc3n12,False,C12H15N5O6,325.1022,23
C[C@@]12O[C@H](COc3nc4c(=O)[nH]c(N)nc4n31)[C@@H](OCO)[C@H]2O,False,C12H15N5O6,325.1022,23
C[C@]1(n2cnc3c(=O)[nH]c(N)nc32)O[C@]2(CO)O[C@@H]1[C@@H]2OCO,False,C12H15N5O6,325.1022,23
C[C@]1(n2cnc3c(=O)[nH]c(N)nc32)O[C@@]2(CO2)[C@@H](OCO)[C@H]1O,False,C12H15N5O6,325.1022,23
C[C@]1(n2cnc3c(=O)[nH]c(N)nc32)O[C@@H]2C(O)O[C@@H]1[C@@H]2OCO,False,C12H15N5O6,325.1022,23
CO[C@H]1[C@@H](O)[C@@](C)(n2cnc3c(=O)[nH]c(N)nc32)O[C@@H]1CO,False,C12H17N5O5,311.123,22
CC(=O)O[C@@H]1[C@H](OC=O)[C@@H](CO)O[C@]1(C)n1cnc2c(=O)[nH]c(N)nc21,False,C14H17N5O7,367.1128,26
C[C@H]1O[C@](C)(n2cnc3c(=O)[nH]c(N)nc32)[C@H](O)[C@@H]1OC=O,False,C12H15N5O5,309.1073,22
C[C@]1(n2cnc3c(=O)[nH]c(N)nc32)O[C@H](C(=O)O)[C@@H](OC=O)[C@H]1O,False,C12H13N5O7,339.0815,24
C[C@]1(n2cnc3c(=O)[nH]c(N)nc32)O[C@H](CO)[C@@H](OC=O)[C@H]1OC=O,False,C13H15N5O7,353.0971,25
Nc1nc2c(ncn2[C@@H]2OC[C@@H](OC=O)[C@H]2O)c(=O)[nH]1,False,C10H11N5O5,281.076,20
CC(O)[C@H]1O[C@@H]2[C@H](O)[C@@H]1OC=Nc1nc3c(ncn32)c(=O)[nH]1,False,C12H13N5O5,307.0917,22
CC1(O)O[C@@H]2[C@H](OCO)[C@@H]1O[C@H]2n1cnc2c(=O)[nH]c(N)nc21,False,C12H15N5O6,325.1022,23
Nc1nc2c(ncn2[C@@H]2O[C@H](C3CO3)[C@@H](OCO)[C@H]2O)c(=O)[nH]1,False,C12H15N5O6,325.1022,23
Nc1nc2c(ncn2[C@@H]2O[C@@H]3C(O)CO[C@@H]2[C@@H]3OCO)c(=O)[nH]1,False,C12H15N5O6,325.1022,23
CC1O[C@]12O[C@@H](n1cnc3c(=O)[nH]c(N)nc31)[C@H](O)[C@@H]2OCO,False,C12H15N5O6,325.1022,23
CC(O)[C@]12O[C@@H]([C@H](n3cnc4c(=O)[nH]c(N)nc43)O1)[C@@H]2OCO,False,C12H15N5O6,325.1022,23
CC1O[C@]2(OCO)[C@@H]1O[C@@H](n1cnc3c(=O)[nH]c(N)nc31)[C@@H]2O,False,C12H15N5O6,325.1022,23
CC(O)[C@H]1O[C@@H](n2cnc3c(=O)[nH]c(N)nc32)[C@@H]2O[C@]12OCO,False,C12H15N5O6,325.1022,23
CC1O[C@]2(O)[C@H](OCO)[C@@H]1O[C@H]2n1cnc2c(=O)[nH]c(N)nc21,False,C12H15N5O6,325.1022,23
CC1O[C@]2(n3cnc4c(=O)[nH]c(N)nc43)O[C@H]1[C@@H](OCO)[C@H]2O,False,C12H15N5O6,325.1022,23
CC(O)[C@H]1O[C@@]2(n3cnc4c(=O)[nH]c(N)nc43)O[C@@H]2[C@@H]1OCO,False,C12H15N5O6,325.1022,23
CC1Oc2nc3c(=O)[nH]c(N)nc3n2[C@@H]2O[C@H]1[C@@H](OCO)[C@H]2O,False,C12H15N5O6,325.1022,23
CC(O)[C@H]1O[C@@H]2[C@H](Oc3nc4c(=O)[nH]c(N)nc4n32)[C@@H]1OCO,False,C12H15N5O6,325.1022,23
CO[C@H]1[C@@H](O)[C@H](n2cnc3c(=O)[nH]c(N)nc32)O[C@@H]1C(C)O,False,C12H17N5O5,311.123,22
CC(C)(O)[C@H]1O[C@@H](n2cnc3c(=O)[nH]c(N)nc32)[C@H](O)[C@@H]1OC=O,False,C13H17N5O6,339.1179,24
CCC(O)[C@H]1O[C@@H](n2cnc3c(=O)[nH]c(N)nc32)[C@H](O)[C@@H]1OC=O,False,C13H17N5O6,339.1179,24
CC(=O)O[C@@H]1[C@H](OC=O)[C@@H](C(C)O)O[C@H]1n1cnc2c(=O)[nH]c(N)nc21,False,C14H17N5O7,367.1128,26
CC(O)(C(=O)O)[C@H]1O[C@@H](n2cnc3c(=O)[nH]c(N)nc32)[C@H](O)[C@@H]1OC=O,False,C13H15N5O8,369.0921,26
Nc1nc2c(ncn2[C@@H]2O[C@H](C(O)CC(=O)O)[C@@H](OC=O)[C@H]2O)c(=O)[nH]1,False,C13H15N5O8,369.0921,26
CC(Cl)[C@H]1O[C@@H](n2cnc3c(=O)[nH]c(N)nc32)[C@H](O)[C@@H]1OC=O,False,C12H14ClN5O5,343.0683,23
CC(O)(O)[C@H]1O[C@@H](n2cnc3c(=O)[nH]c(N)nc32)[C@H](O)[C@@H]1OC=O,False,C12H15N5O7,341.0971,24
Nc1nc2c(ncn2[C@@H]2O[C@H](C(O)CO)[C@@H](OC=O)[C@H]2O)c(=O)[nH]1,False,C12H15N5O7,341.0971,24
CC(O)(O)[C@H]1O[C@@H](n2cnc3c(=O)[nH]c(N)nc32)[C@H](O)[C@@H]1OCO,False,C12H17N5O7,343.1128,24
Nc1nc2c(ncn2[C@@H]2O[C@H](C(O)CO)[C@@H](OCO)[C@H]2O)c(=O)[nH]1,False,C12H17N5O7,343.1128,24
CC[C@H]1O[C@@H](n2cnc3c(=O)[nH]c(N)nc32)[C@H](O)[C@@H]1OC=O,False,C12H15N5O5,309.1073,22
CC(O)[C@H]1O[C@@H](n2cnc3c(=O)[nH]c(N)nc32)[C@H](OC=O)[C@@H]1OC=O,False,C13H15N5O7,353.0971,25
CC(O)[C@]1(C)O[C@@H](n2cnc3c(=O)[nH]c(N)nc32)[C@H](O)[C@@H]1OC=O,False,C13H17N5O6,339.1179,24
CC(O)[C@H]1O[C@@H](n2cnc3c(=O)[nH]c(N)nc32)[C@H](O)[C@@]1(C)OC=O,False,C13H17N5O6,339.1179,24
CC(O)[C@H]1O[C@@H](n2cnc3c(=O)[nH]c(N)nc32)[C@@](C)(O)[C@@H]1OC=O,False,C13H17N5O6,339.1179,24
CC(O)[C@H]1O[C@](C)(n2cnc3c(=O)[nH]c(N)nc32)[C@H](O)[C@@H]1OC=O,False,C13H17N5O6,339.1179,24
Cc1nc2c(=O)[nH]c(N)nc2n1[C@@H]1O[C@H](C(C)O)[C@@H](OC=O)[C@H]1O,False,C13H17N5O6,339.1179,24
Cc1nc2c(=O)[nH]c3nc2n1[C@@H]1O[C@H](CO)[C@@H](OC=N3)[C@H]1O,False,C12H13N5O5,307.0917,22
Nc1nc2c(nc3n2[C@@H]2O[C@H](CO)[C@@H](OCO)[C@H]2OC3)c(=O)[nH]1,False,C12H15N5O6,325.1022,23
Nc1nc2c(nc3n2[C@@H]2O[C@H](COC3)[C@@H](OCO)[C@H]2O)c(=O)[nH]1,False,C12H15N5O6,325.1022,23
Cc1nc2c(=O)[nH]c(N)nc2n1[C@]12O[C@@H]1[C@H](OCO)[C@@H](CO)O2,False,C12H15N5O6,325.1022,23
Cc1nc2c(=O)[nH]c(N)nc2n1[C@@]12OC[C@@H](O1)[C@@H](OCO)[C@H]2O,False,C12H15N5O6,325.1022,23
Cc1nc2c(=O)[nH]c(N)nc2n1[C@@H]1O[C@@H]2CO[C@]1(O)[C@@H]2OCO,False,C12H15N5O6,325.1022,23
Cc1nc2c(=O)[nH]c(N)nc2n1[C@@H]1O[C@H](CO)[C@@]2(OCO)O[C@@H]12,False,C12H15N5O6,325.1022,23
Cc1nc2c(=O)[nH]c(N)nc2n1[C@@H]1O[C@@H]2CO[C@@]2(OCO)[C@H]1O,False,C12H15N5O6,325.1022,23
Cc1nc2c(=O)[nH]c(N)nc2n1[C@@H]1O[C@]2(CO)O[C@@H]1[C@@H]2OCO,False,C12H15N5O6,325.1022,23
Cc1nc2c(=O)[nH]c(N)nc2n1[C@@H]1O[C@@]2(CO2)[C@@H](OCO)[C@H]1O,False,C12H15N5O6,325.1022,23
Cc1nc2c(=O)[nH]c(N)nc2n1[C@@H]1O[C@@H]2C(O)O[C@@H]1[C@@H]2OCO,False,C12H15N5O6,325.1022,23
CO[C@H]1[C@@H](O)[C@H](n2c(C)nc3c(=O)[nH]c(N)nc32)O[C@@H]1CO,False,C12H17N5O5,311.123,22
CC(=O)O[C@@H]1[C@H](OC=O)[C@@H](CO)O[C@H]1n1c(C)nc2c(=O)[nH]c(N)nc21,False,C14H17N5O7,367.1128,26
Cc1nc2c(=O)[nH]c(N)nc2n1[C@@H]1O[C@H](C)[C@@H](OC=O)[C@H]1O,False,C12H15N5O5,309.1073,22
Cc1nc2c(=O)[nH]c(N)nc2n1[C@@H]1O[C@H](C(=O)O)[C@@H](OC=O)[C@H]1O,False,C12H13N5O7,339.0815,24
Cc1nc2c(=O)[nH]c(N)nc2n1[C@@H]1O[C@H](CO)[C@@H](OC=O)[C@H]1OC=O,False,C13H15N5O7,353.0971,25
CC1=Nc2nc3c(nc(CO)n3[C@@H]3OC[C@@H](O1)[C@H]3O)c(=O)[nH]2,False,C12H13N5O5,307.0917,22
CC1=Nc2nc3c(ncn3[C@@H]3OC[C@@H](O1)[C@@]3(O)CO)c(=O)[nH]2,False,C12H13N5O5,307.0917,22
CC1=Nc2nc3c(ncn3[C@@H]3OC[C@](CO)(O1)[C@H]3O)c(=O)[nH]2,False,C12H13N5O5,307.0917,22
O=c1[nH]c2nc3c1ncn3[C@@H]1OC[C@@H](OC(CCO)=N2)[C@H]1O,False,C12H13N5O5,307.0917,22
CC1=Nc2nc3c(ncn3[C@@H]3O[C@H](CO)[C@@H](O1)[C@H]3OP(=O)(O)O)c(=O)[nH]2,False,C12H14N5O8P,387.058,26
CC1=Nc2nc3c(ncn3[C@@H]3O[C@H](CO)[C@@H](O1)[C@H]3OS(=O)(=O)O)c(=O)[nH]2,False,C12H13N5O8S,387.0485,26
CC1=Nc2nc3c(ncn3[C@@H]3O[C@H](COS(=O)(=O)O)[C@@H](O1)[C@H]3O)c(=O)[nH]2,False,C12H13N5O8S,387.0485,26
CC(=O)O[C@@H]1[C@@H]2OC(C)=Nc3nc4c(ncn4[C@@H]1O[C@@H]2CO)c(=O)[nH]3,False,C14H15N5O6,349.1022,25
CC1=Nc2nc3c(ncn3[C@@H]3O[C@H](COP(=O)(O)O)[C@@H](O1)[C@H]3O)c(=O)[nH]2,False,C12H14N5O8P,387.058,26
CC1=Nc2nc3c(ncn3[C@@H]3O[C@H](C)[C@@H](O1)[C@H]3O)c(=O)[nH]2,False,C12H13N5O4,291.0968,21
CC1=Nc2nc3c(ncn3[C@@H]3O[C@H](C(=O)O)[C@@H](O1)[C@H]3O)c(=O)[nH]2,False,C12H11N5O6,321.0709,23
Nc1nc2c(ncn2[C@@H]2OC[C@H]3OC(O)C(CO)O[C@@H]23)c(=O)[nH]1,False,C12H15N5O6,325.1022,23
Nc1nc2c(ncn2[C@@H]2OC[C@H]3OC(O)(CO)CO[C@@H]23)c(=O)[nH]1,False,C12H15N5O6,325.1022,23
Nc1nc2c(ncn2[C@@H]2OC[C@H]3OC(O)CO[C@@]32CO)c(=O)[nH]1,False,C12H15N5O6,325.1022,23
Nc1nc2c(ncn2[C@@H]2OC[C@]3(CO)OC(O)CO[C@@H]23)c(=O)[nH]1,False,C12H15N5O6,325.1022,23
Nc1nc2c(nc(CO)n2[C@@H]2OC[C@H]3OC(O)CO[C@@H]23)c(=O)[nH]1,False,C12H15N5O6,325.1022,23
COC1CO[C@@H]2[C@H](O1)[C@@H](CO)O[C@H]2n1cnc2c(=O)[nH]c(N)nc21,False,C13H17N5O6,339.1179,24
CC(=O)OC1CO[C@@H]2[C@H](O1)[C@@H](CO)O[C@H]2n1cnc2c(=O)[nH]c(N)nc21,False,C14H17N5O7,367.1128,26
C[C@H]1O[C@@H](n2cnc3c(=O)[nH]c(N)nc32)[C@@H]2OCC(O)O[C@@H]21,False,C12H15N5O5,309.1073,22
Nc1nc2c(ncn2[C@@H]2O[C@H](C(=O)O)[C@H]3OC(O)CO[C@H]32)c(=O)[nH]1,False,C12H13N5O7,339.0815,24
Nc1nc2c(ncn2[C@@H]2O[C@H](CO)[C@H]3OC(OC(O)CO)CO[C@H]32)c(=O)[nH]1,False,C14H19N5O8,385.1234,27
Nc1nc2c(ncn2[C@@H]2O[C@H](CO)[C@H]3O[C@H]32)c(=O)[nH]1,False,C10H11N5O4,265.0811,19
Nc1nc2c(ncn2[C@@H]2O[C@H](CO)[C@H]3OC(OCC(O)O)CO[C@H]32)c(=O)[nH]1,False,C14H19N5O8,385.1234,27
COC1COC[C@H]2O[C@@H](n3cnc4c(=O)[nH]c(N)nc43)[C@H](O)[C@@H]2O1,False,C13H17N5O6,339.1179,24
CC(=O)OC1COC[C@H]2O[C@@H](n3cnc4c(=O)[nH]c(N)nc43)[C@H](O)[C@@H]2O1,False,C14H17N5O7,367.1128,26
CC(=O)O[C@@H]1[C@@H]2OC(O)COC[C@H]2O[C@H]1n1cnc2c(=O)[nH]c(N)nc21,False,C14H17N5O7,367.1128,26
Nc1nc2c(ncn2[C@@H]2O[C@@H]3COCC(OC(O)CO)O[C@H]3[C@H]2O)c(=O)[nH]1,False,C14H19N5O8,385.1234,27
Nc1nc2c(ncn2[C@@H]2O[C@@H]3COCC(O)O[C@H]3[C@H]2OC(O)CO)c(=O)[nH]1,False,C14H19N5O8,385.1234,27
Nc1nc2c(ncn2[C@@H]2O[C@@H]3COCC(OCC(O)O)O[C@H]3[C@H]2O)c(=O)[nH]1,False,C14H19N5O8,385.1234,27
Nc1nc2c(ncn2[C@@H]2O[C@@H]3COCC(O)O[C@H]3[C@H]2OCC(O)O)c(=O)[nH]1,False,C14H19N5O8,385.1234,27
CC(O)(CO)O[C@@]12CO[C@@H](n3cnc4c(=O)[nH]c(N)nc43)[C@@H]1O2,False,C12H15N5O6,325.1022,23
CC(O)O[C@@]12CO[C@@H](n3cnc4c(=O)[nH]c(N)nc43)[C@@]1(CO)O2,False,C12H15N5O6,325.1022,23
CC(O)O[C@@]12CO[C@@H](n3c(CO)nc4c(=O)[nH]c(N)nc43)[C@@H]1O2,False,C12H15N5O6,325.1022,23
Nc1nc2c(ncn2[C@@H]2OC[C@@]3(OC(O)CCO)O[C@@H]23)c(=O)[nH]1,False,C12H15N5O6,325.1022,23
Nc1nc2c(ncn2[C@@H]2O[C@H](CO)[C@@]3(OC=O)O[C@@H]23)c(=O)[nH]1,False,C11H11N5O6,309.0709,22
CCO[C@]12O[C@H]1[C@H](n1cnc3c(=O)[nH]c(N)nc31)O[C@@H]2C=O,False,C12H13N5O5,307.0917,22
COC(C)O[C@]12O[C@H]1[C@H](n1cnc3c(=O)[nH]c(N)nc31)O[C@@H]2CO,False,C13H17N5O6,339.1179,24
CC(C)(O)O[C@]12O[C@H]1[C@H](n1cnc3c(=O)[nH]c(N)nc31)O[C@@H]2CO,False,C13H17N5O6,339.1179,24
CCC(O)O[C@]12O[C@H]1[C@H](n1cnc3c(=O)[nH]c(N)nc31)O[C@@H]2CO,False,C13H17N5O6,339.1179,24
CC(=O)OC(C)O[C@]12O[C@H]1[C@H](n1cnc3c(=O)[nH]c(N)nc31)O[C@@H]2CO,False,C14H17N5O7,367.1128,26
CC(O)(O[C@]12O[C@H]1[C@H](n1cnc3c(=O)[nH]c(N)nc31)O[C@@H]2CO)C(=O)O,False,C13H15N5O8,369.0921,26
Nc1nc2c(ncn2[C@@H]2O[C@H](CO)[C@@]3(OC(O)CC(=O)O)O[C@@H]23)c(=O)[nH]1,False,C13H15N5O8,369.0921,26
CC(Cl)O[C@]12O[C@H]1[C@H](n1cnc3c(=O)[nH]c(N)nc31)O[C@@H]2CO,False,C12H14ClN5O5,343.0683,23
CC(O)(O)O[C@]12O[C@H]1[C@H](n1cnc3c(=O)[nH]c(N)nc31)O[C@@H]2CO,False,C12H15N5O7,341.0971,24
Nc1nc2c(ncn2[C@@H]2O[C@H](CO)[C@@]3(OC(O)CO)O[C@@H]23)c(=O)[nH]1,False,C12H15N5O7,341.0971,24
CC(O)O[C@@]1(O)[C@@H](CO)O[C@@H](n2cnc3c(=O)[nH]c(N)nc32)[C@@H]1O,False,C12H17N5O7,343.1128,24
Nc1nc2c(ncn2[C@@H]2O[C@@H]3CO[C@]3(O)[C@H]2O)c(=O)[nH]1,False,C10H11N5O5,281.076,20
CCO[C@]12O[C@H]1[C@H](n1cnc3c(=O)[nH]c(N)nc31)O[C@@H]2CO,False,C12H15N5O5,309.1073,22
CC(O)O[C@]12O[C@H]1[C@H](n1cnc3c(=O)[nH]c(N)nc31)O[C@@H]2C,False,C12H15N5O5,309.1073,22
CC(O)O[C@]12O[C@H]1[C@H](n1cnc3c(=O)[nH]c(N)nc31)O[C@@H]2C(=O)O,False,C12H13N5O7,339.0815,24
CC(O)OC(C)O[C@]12O[C@H]1[C@H](n1cnc3c(=O)[nH]c(N)nc31)O[C@@H]2CO,False,C14H19N5O7,369.1284,26
CC(O)O[C@]12O[C@]1(C)[C@H](n1cnc3c(=O)[nH]c(N)nc31)O[C@@H]2CO,False,C13H17N5O6,339.1179,24
CC(O)O[C@]12O[C@H]1[C@H](n1cnc3c(=O)[nH]c(N)nc31)O[C@@]2(C)CO,False,C13H17N5O6,339.1179,24
CC(O)O[C@]12O[C@H]1[C@@](C)(n1cnc3c(=O)[nH]c(N)nc31)O[C@@H]2CO,False,C13H17N5O6,339.1179,24
CC(O)O[C@]12O[C@H]1[C@H](n1cnc3c(=O)[nH]c(N)nc31)O[C@@H]2C(C)O,False,C13H17N5O6,339.1179,24
Cc1nc2c(=O)[nH]c(N)nc2n1[C@@H]1O[C@H](CO)[C@@]2(OC(C)O)O[C@@H]12,False,C13H17N5O6,339.1179,24
Nc1nc2c(ncn2[C@@H]2O[C@@H]3CO[C@@]3(OC=O)[C@H]2O)c(=O)[nH]1,False,C11H11N5O6,309.0709,22
CC(=O)O[C@@]12OC[C@H]1O[C@@H](n1cnc3c(=O)[nH]c(N)nc31)[C@@H]2O,False,C12H13N5O6,323.0866,23
COC(C)O[C@@]12OC[C@H]1O[C@@H](n1cnc3c(=O)[nH]c(N)nc31)[C@@H]2O,False,C13H17N5O6,339.1179,24
CC(C)(O)O[C@@]12OC[C@H]1O[C@@H](n1cnc3c(=O)[nH]c(N)nc31)[C@@H]2O,False,C13H17N5O6,339.1179,24
CCC(O)O[C@@]12OC[C@H]1O[C@@H](n1cnc3c(=O)[nH]c(N)nc31)[C@@H]2O,False,C13H17N5O6,339.1179,24
CC(=O)OC(C)O[C@@]12OC[C@H]1O[C@@H](n1cnc3c(=O)[nH]c(N)nc31)[C@@H]2O,False,C14H17N5O7,367.1128,26
CC(=O)O[C@H]1[C@H](n2cnc3c(=O)[nH]c(N)nc32)O[C@@H]2CO[C@]21OC(C)O,False,C14H17N5O7,367.1128,26
CC(O)(O[C@@]12OC[C@H]1O[C@@H](n1cnc3c(=O)[nH]c(N)nc31)[C@@H]2O)C(=O)O,False,C13H15N5O8,369.0921,26
Nc1nc2c(ncn2[C@@H]2O[C@@H]3CO[C@@]3(OC(O)CC(=O)O)[C@H]2O)c(=O)[nH]1,False,C13H15N5O8,369.0921,26
CC(Cl)O[C@@]12OC[C@H]1O[C@@H](n1cnc3c(=O)[nH]c(N)nc31)[C@@H]2O,False,C12H14ClN5O5,343.0683,23
CC(O)(O)O[C@@]12OC[C@H]1O[C@@H](n1cnc3c(=O)[nH]c(N)nc31)[C@@H]2O,False,C12H15N5O7,341.0971,24
Nc1nc2c(ncn2[C@@H]2O[C@@H]3CO[C@@]3(OC(O)CO)[C@H]2O)c(=O)[nH]1,False,C12H15N5O7,341.0971,24
CCO[C@@]12OC[C@H]1O[C@@H](n1cnc3c(=O)[nH]c(N)nc31)[C@@H]2O,False,C12H15N5O5,309.1073,22
CC(O)O[C@H]1[C@H](n2cnc3c(=O)[nH]c(N)nc32)O[C@@H]2CO[C@]21OC(C)O,False,C14H19N5O7,369.1284,26
CC(O)OC(C)O[C@@]12OC[C@H]1O[C@@H](n1cnc3c(=O)[nH]c(N)nc31)[C@@H]2O,False,C14H19N5O7,369.1284,26
CC(O)O[C@@]12OC[C@H]1O[C@@H](n1cnc3c(=O)[nH]c(N)nc31)[C@@]2(C)O,False,C13H17N5O6,339.1179,24
CC(O)O[C@@]12OC[C@]1(C)O[C@@H](n1cnc3c(=O)[nH]c(N)nc31)[C@@H]2O,False,C13H17N5O6,339.1179,24
CC(O)O[C@@]12OC[C@H]1O[C@](C)(n1cnc3c(=O)[nH]c(N)nc31)[C@@H]2O,False,C13H17N5O6,339.1179,24
CC(O)O[C@@]12OC(C)[C@H]1O[C@@H](n1cnc3c(=O)[nH]c(N)nc31)[C@@H]2O,False,C13H17N5O6,339.1179,24
Cc1nc2c(=O)[nH]c(N)nc2n1[C@@H]1O[C@@H]2CO[C@@]2(OC(C)O)[C@H]1O,False,C13H17N5O6,339.1179,24
Nc1nc2c(ncn2[C@@H]2O[C@@H]3CO[C@]2(O)[C@@H]3OC=O)c(=O)[nH]1,False,C11H11N5O6,309.0709,22
CC(=O)O[C@@H]1[C@H]2CO[C@@]1(O)[C@H](n1cnc3c(=O)[nH]c(N)nc31)O2,False,C12H13N5O6,323.0866,23
COC(C)O[C@@H]1[C@H]2CO[C@@]1(O)[C@H](n1cnc3c(=O)[nH]c(N)nc31)O2,False,C13H17N5O6,339.1179,24
CC(C)(O)O[C@@H]1[C@H]2CO[C@@]1(O)[C@H](n1cnc3c(=O)[nH]c(N)nc31)O2,False,C13H17N5O6,339.1179,24
CCC(O)O[C@@H]1[C@H]2CO[C@@]1(O)[C@H](n1cnc3c(=O)[nH]c(N)nc31)O2,False,C13H17N5O6,339.1179,24
CC(=O)OC(C)O[C@@H]1[C@H]2CO[C@@]1(O)[C@H](n1cnc3c(=O)[nH]c(N)nc31)O2,False,C14H17N5O7,367.1128,26
CC(=O)O[C@]12OC[C@@H](O[C@H]1n1cnc3c(=O)[nH]c(N)nc31)[C@H]2OC(C)O,False,C14H17N5O7,367.1128,26
CC(O)(O[C@@H]1[C@H]2CO[C@@]1(O)[C@H](n1cnc3c(=O)[nH]c(N)nc31)O2)C(=O)O,False,C13H15N5O8,369.0921,26
Nc1nc2c(ncn2[C@@H]2O[C@@H]3CO[C@]2(O)[C@@H]3OC(O)CC(=O)O)c(=O)[nH]1,False,C13H15N5O8,369.0921,26
CC(Cl)O[C@@H]1[C@H]2CO[C@@]1(O)[C@H](n1cnc3c(=O)[nH]c(N)nc31)O2,False,C12H14ClN5O5,343.0683,23
CC(O)(O)O[C@@H]1[C@H]2CO[C@@]1(O)[C@H](n1cnc3c(=O)[nH]c(N)nc31)O2,False,C12H15N5O7,341.0971,24
Nc1nc2c(ncn2[C@@H]2O[C@@H]3CO[C@]2(O)[C@@H]3OC(O)CO)c(=O)[nH]1,False,C12H15N5O7,341.0971,24
CCO[C@@H]1[C@H]2CO[C@@]1(O)[C@H](n1cnc3c(=O)[nH]c(N)nc31)O2,False,C12H15N5O5,309.1073,22
CC(O)O[C@@H]1[C@H]2CO[C@@]1(OC(C)O)[C@H](n1cnc3c(=O)[nH]c(N)nc31)O2,False,C14H19N5O7,369.1284,26
CC(O)OC(C)O[C@@H]1[C@H]2CO[C@@]1(O)[C@H](n1cnc3c(=O)[nH]c(N)nc31)O2,False,C14H19N5O7,369.1284,26
CC(O)O[C@@]1(C)[C@H]2CO[C@@]1(O)[C@H](n1cnc3c(=O)[nH]c(N)nc31)O2,False,C13H17N5O6,339.1179,24
CC(O)O[C@@H]1[C@H]2CO[C@@]1(O)[C@@](C)(n1cnc3c(=O)[nH]c(N)nc31)O2,False,C13H17N5O6,339.1179,24
CC(O)O[C@H]1[C@@]2(O)OC[C@]1(C)O[C@H]2n1cnc2c(=O)[nH]c(N)nc21,False,C13H17N5O6,339.1179,24
CC(O)O[C@@H]1[C@@H]2O[C@@H](n3cnc4c(=O)[nH]c(N)nc43)[C@]1(O)OC2C,False,C13H17N5O6,339.1179,24
Cc1nc2c(=O)[nH]c(N)nc2n1[C@@H]1O[C@@H]2CO[C@]1(O)[C@@H]2OC(C)O,False,C13H17N5O6,339.1179,24
CC(O)(CO)O[C@@H]1[C@H]2O[C@H]1[C@H](n1cnc3c(=O)[nH]c(N)nc31)O2,False,C12H15N5O6,325.1022,23
CC(O)O[C@@]1(CO)[C@@H]2O[C@@H](n3cnc4c(=O)[nH]c(N)nc43)[C@@H]1O2,False,C12H15N5O6,325.1022,23
CC(O)O[C@@H]1[C@@H]2O[C@@H](n3cnc4c(=O)[nH]c(N)nc43)[C@@]1(CO)O2,False,C12H15N5O6,325.1022,23
CC(O)O[C@@H]1[C@H]2O[C@H]1[C@@](CO)(n1cnc3c(=O)[nH]c(N)nc31)O2,False,C12H15N5O6,325.1022,23
CC(O)O[C@@H]1[C@H]2O[C@H]1[C@H](n1c(CO)nc3c(=O)[nH]c(N)nc31)O2,False,C12H15N5O6,325.1022,23
Nc1nc2c(ncn2[C@@H]2O[C@@H]3O[C@@H]2[C@@H]3OC(O)CCO)c(=O)[nH]1,False,C12H15N5O6,325.1022,23
Nc1nc2c(ncn2[C@@H]2O[C@]3(CO)O[C@@H]2[C@@H]3OC=O)c(=O)[nH]1,False,C11H11N5O6,309.0709,22
CCO[C@H]1[C@H]2O[C@@]1(C=O)O[C@H]2n1cnc2c(=O)[nH]c(N)nc21,False,C12H13N5O5,307.0917,22
COC(C)O[C@H]1[C@H]2O[C@@]1(CO)O[C@H]2n1cnc2c(=O)[nH]c(N)nc21,False,C13H17N5O6,339.1179,24
CC(C)(O)O[C@H]1[C@H]2O[C@@]1(CO)O[C@H]2n1cnc2c(=O)[nH]c(N)nc21,False,C13H17N5O6,339.1179,24
CCC(O)O[C@H]1[C@H]2O[C@@]1(CO)O[C@H]2n1cnc2c(=O)[nH]c(N)nc21,False,C13H17N5O6,339.1179,24
CC(=O)OC(C)O[C@H]1[C@H]2O[C@@]1(CO)O[C@H]2n1cnc2c(=O)[nH]c(N)nc21,False,C14H17N5O7,367.1128,26
CC(O)(O[C@H]1[C@H]2O[C@@]1(CO)O[C@H]2n1cnc2c(=O)[nH]c(N)nc21)C(=O)O,False,C13H15N5O8,369.0921,26
Nc1nc2c(ncn2[C@@H]2O[C@]3(CO)O[C@@H]2[C@@H]3OC(O)CC(=O)O)c(=O)[nH]1,False,C13H15N5O8,369.0921,26
CC(Cl)O[C@H]1[C@H]2O[C@@]1(CO)O[C@H]2n1cnc2c(=O)[nH]c(N)nc21,False,C12H14ClN5O5,343.0683,23
CC(O)(O)O[C@H]1[C@H]2O[C@@]1(CO)O[C@H]2n1cnc2c(=O)[nH]c(N)nc21,False,C12H15N5O7,341.0971,24
Nc1nc2c(ncn2[C@@H]2O[C@]3(CO)O[C@@H]2[C@@H]3OC(O)CO)c(=O)[nH]1,False,C12H15N5O7,341.0971,24
CCO[C@H]1[C@H]2O[C@@]1(CO)O[C@H]2n1cnc2c(=O)[nH]c(N)nc21,False,C12H15N5O5,309.1073,22
CC(O)O[C@H]1[C@H]2O[C@@]1(C)O[C@H]2n1cnc2c(=O)[nH]c(N)nc21,False,C12H15N5O5,309.1073,22
CC(O)O[C@H]1[C@H]2O[C@@]1(C(=O)O)O[C@H]2n1cnc2c(=O)[nH]c(N)nc21,False,C12H13N5O7,339.0815,24
CC(O)OC(C)O[C@H]1[C@H]2O[C@@]1(CO)O[C@H]2n1cnc2c(=O)[nH]c(N)nc21,False,C14H19N5O7,369.1284,26
CC(O)O[C@]1(C)[C@H]2O[C@@]1(CO)O[C@H]2n1cnc2c(=O)[nH]c(N)nc21,False,C13H17N5O6,339.1179,24
CC(O)O[C@H]1[C@H]2O[C@@]1(C(C)O)O[C@H]2n1cnc2c(=O)[nH]c(N)nc21,False,C13H17N5O6,339.1179,24
CC(O)O[C@@H]1[C@]2(CO)O[C@@H](n3cnc4c(=O)[nH]c(N)nc43)[C@@]1(C)O2,False,C13H17N5O6,339.1179,24
CC(O)O[C@H]1[C@H]2O[C@@]1(CO)O[C@]2(C)n1cnc2c(=O)[nH]c(N)nc21,False,C13H17N5O6,339.1179,24
Cc1nc2c(=O)[nH]c(N)nc2n1[C@@H]1O[C@]2(CO)O[C@@H]1[C@@H]2OC(C)O,False,C13H17N5O6,339.1179,24
Nc1nc2c(ncn2[C@@H]2O[C@@]3(CO3)[C@@H](OC=O)[C@H]2O)c(=O)[nH]1,False,C11H11N5O6,309.0709,22
CC(=O)O[C@H]1[C@@H](O)[C@H](n2cnc3c(=O)[nH]c(N)nc32)O[C@@]12CO2,False,C12H13N5O6,323.0866,23
COC(C)O[C@H]1[C@@H](O)[C@H](n2cnc3c(=O)[nH]c(N)nc32)O[C@@]12CO2,False,C13H17N5O6,339.1179,24
CC(C)(O)O[C@H]1[C@@H](O)[C@H](n2cnc3c(=O)[nH]c(N)nc32)O[C@@]12CO2,False,C13H17N5O6,339.1179,24
CCC(O)O[C@H]1[C@@H](O)[C@H](n2cnc3c(=O)[nH]c(N)nc32)O[C@@]12CO2,False,C13H17N5O6,339.1179,24
CC(=O)OC(C)O[C@H]1[C@@H](O)[C@H](n2cnc3c(=O)[nH]c(N)nc32)O[C@@]12CO2,False,C14H17N5O7,367.1128,26
CC(=O)O[C@H]1[C@H](n2cnc3c(=O)[nH]c(N)nc32)O[C@@]2(CO2)[C@H]1OC(C)O,False,C14H17N5O7,367.1128,26
CC(O)(O[C@H]1[C@@H](O)[C@H](n2cnc3c(=O)[nH]c(N)nc32)O[C@@]12CO2)C(=O)O,False,C13H15N5O8,369.0921,26
Nc1nc2c(ncn2[C@@H]2O[C@@]3(CO3)[C@@H](OC(O)CC(=O)O)[C@H]2O)c(=O)[nH]1,False,C13H15N5O8,369.0921,26
CC(Cl)O[C@H]1[C@@H](O)[C@H](n2cnc3c(=O)[nH]c(N)nc32)O[C@@]12CO2,False,C12H14ClN5O5,343.0683,23
CC(O)(O)O[C@H]1[C@@H](O)[C@H](n2cnc3c(=O)[nH]c(N)nc32)O[C@@]12CO2,False,C12H15N5O7,341.0971,24
Nc1nc2c(ncn2[C@@H]2O[C@@]3(CO3)[C@@H](OC(O)CO)[C@H]2O)c(=O)[nH]1,False,C12H15N5O7,341.0971,24
CC(O)O[C@H]1[C@@H](O)[C@H](n2cnc3c(=O)[nH]c(N)nc32)O[C@@]1(O)CO,False,C12H17N5O7,343.1128,24
CCO[C@H]1[C@@H](O)[C@H](n2cnc3c(=O)[nH]c(N)nc32)O[C@@]12CO2,False,C12H15N5O5,309.1073,22
CC(O)O[C@H]1[C@H](n2cnc3c(=O)[nH]c(N)nc32)O[C@@]2(CO2)[C@H]1OC(C)O,False,C14H19N5O7,369.1284,26
CC(O)OC(C)O[C@H]1[C@@H](O)[C@H](n2cnc3c(=O)[nH]c(N)nc32)O[C@@]12CO2,False,C14H19N5O7,369.1284,26
CC(O)O[C@]1(C)[C@@H](O)[C@H](n2cnc3c(=O)[nH]c(N)nc32)O[C@@]12CO2,False,C13H17N5O6,339.1179,24
CC(O)O[C@H]1[C@@H](O)[C@H](n2cnc3c(=O)[nH]c(N)nc32)O[C@]12OC2C,False,C13H17N5O6,339.1179,24
CC(O)O[C@@H]1[C@]2(CO2)O[C@@H](n2cnc3c(=O)[nH]c(N)nc32)[C@@]1(C)O,False,C13H17N5O6,339.1179,24
CC(O)O[C@H]1[C@@H](O)[C@@](C)(n2cnc3c(=O)[nH]c(N)nc32)O[C@@]12CO2,False,C13H17N5O6,339.1179,24
Cc1nc2c(=O)[nH]c(N)nc2n1[C@@H]1O[C@@]2(CO2)[C@@H](OC(C)O)[C@H]1O,False,C13H17N5O6,339.1179,24
CC(O)(CO)O[C@@H]1CO[C@@]2(n3cnc4c(=O)[nH]c(N)nc43)O[C@H]12,False,C12H15N5O6,325.1022,23
CC(O)O[C@@H]1CO[C@@]2(n3cnc4c(=O)[nH]c(N)nc43)O[C@@]12CO,False,C12H15N5O6,325.1022,23
CC(O)O[C@@]1(CO)CO[C@@]2(n3cnc4c(=O)[nH]c(N)nc43)O[C@H]12,False,C12H15N5O6,325.1022,23
CC(O)O[C@@H]1CO[C@@]2(n3c(CO)nc4c(=O)[nH]c(N)nc43)O[C@H]12,False,C12H15N5O6,325.1022,23
Nc1nc2c(ncn2[C@@]23OC[C@@H](OC(O)CCO)[C@H]2O3)c(=O)[nH]1,False,C12H15N5O6,325.1022,23
Nc1nc2c(ncn2[C@]23O[C@@H]2[C@H](OC=O)[C@@H](CO)O3)c(=O)[nH]1,False,C11H11N5O6,309.0709,22
CCO[C@H]1[C@H]2O[C@]2(n2cnc3c(=O)[nH]c(N)nc32)O[C@@H]1C=O,False,C12H13N5O5,307.0917,22
COC(C)O[C@H]1[C@H]2O[C@]2(n2cnc3c(=O)[nH]c(N)nc32)O[C@@H]1CO,False,C13H17N5O6,339.1179,24
CC(C)(O)O[C@H]1[C@H]2O[C@]2(n2cnc3c(=O)[nH]c(N)nc32)O[C@@H]1CO,False,C13H17N5O6,339.1179,24
CCC(O)O[C@H]1[C@H]2O[C@]2(n2cnc3c(=O)[nH]c(N)nc32)O[C@@H]1CO,False,C13H17N5O6,339.1179,24
CC(=O)OC(C)O[C@H]1[C@H]2O[C@]2(n2cnc3c(=O)[nH]c(N)nc32)O[C@@H]1CO,False,C14H17N5O7,367.1128,26
CC(O)(O[C@H]1[C@H]2O[C@]2(n2cnc3c(=O)[nH]c(N)nc32)O[C@@H]1CO)C(=O)O,False,C13H15N5O8,369.0921,26
Nc1nc2c(ncn2[C@]23O[C@@H]2[C@H](OC(O)CC(=O)O)[C@@H](CO)O3)c(=O)[nH]1,False,C13H15N5O8,369.0921,26
CC(Cl)O[C@H]1[C@H]2O[C@]2(n2cnc3c(=O)[nH]c(N)nc32)O[C@@H]1CO,False,C12H14ClN5O5,343.0683,23
CC(O)(O)O[C@H]1[C@H]2O[C@]2(n2cnc3c(=O)[nH]c(N)nc32)O[C@@H]1CO,False,C12H15N5O7,341.0971,24
Nc1nc2c(ncn2[C@]23O[C@@H]2[C@H](OC(O)CO)[C@@H](CO)O3)c(=O)[nH]1,False,C12H15N5O7,341.0971,24
CC(O)O[C@H]1[C@@H](O)[C@@](O)(n2cnc3c(=O)[nH]c(N)nc32)O[C@@H]1CO,False,C12H17N5O7,343.1128,24
CCO[C@H]1[C@H]2O[C@]2(n2cnc3c(=O)[nH]c(N)nc32)O[C@@H]1CO,False,C12H15N5O5,309.1073,22
CC(O)O[C@H]1[C@H]2O[C@]2(n2cnc3c(=O)[nH]c(N)nc32)O[C@@H]1C,False,C12H15N5O5,309.1073,22
CC(O)O[C@@H]1[C@@H](C(=O)O)O[C@@]2(n3cnc4c(=O)[nH]c(N)nc43)O[C@H]12,False,C12H13N5O7,339.0815,24
CC(O)OC(C)O[C@H]1[C@H]2O[C@]2(n2cnc3c(=O)[nH]c(N)nc32)O[C@@H]1CO,False,C14H19N5O7,369.1284,26
CC(O)O[C@@H]1[C@@H](CO)O[C@@]2(n3cnc4c(=O)[nH]c(N)nc43)O[C@@]12C,False,C13H17N5O6,339.1179,24
CC(O)O[C@]1(C)[C@H]2O[C@]2(n2cnc3c(=O)[nH]c(N)nc32)O[C@@H]1CO,False,C13H17N5O6,339.1179,24
Cc1nc2c(=O)[nH]c(N)nc2n1[C@]12O[C@@H]1[C@H](OC(C)O)[C@@H](CO)O2,False,C13H17N5O6,339.1179,24
CC(O)O[C@H]1[C@H]2O[C@]2(n2cnc3c(=O)[nH]c(N)nc32)O[C@@]1(C)CO,False,C13H17N5O6,339.1179,24
CC(O)O[C@@H]1[C@@H](C(C)O)O[C@@]2(n3cnc4c(=O)[nH]c(N)nc43)O[C@H]12,False,C13H17N5O6,339.1179,24
Nc1nc2c(ncn2[C@@]23OC[C@@H](O2)[C@@H](OC=O)[C@H]3O)c(=O)[nH]1,False,C11H11N5O6,309.0709,22
CC(=O)O[C@H]1[C@@H](O)[C@]2(n3cnc4c(=O)[nH]c(N)nc43)OC[C@H]1O2,False,C12H13N5O6,323.0866,23
COC(C)O[C@H]1[C@@H](O)[C@]2(n3cnc4c(=O)[nH]c(N)nc43)OC[C@H]1O2,False,C13H17N5O6,339.1179,24
CC(C)(O)O[C@H]1[C@@H](O)[C@]2(n3cnc4c(=O)[nH]c(N)nc43)OC[C@H]1O2,False,C13H17N5O6,339.1179,24
CCC(O)O[C@H]1[C@@H](O)[C@]2(n3cnc4c(=O)[nH]c(N)nc43)OC[C@H]1O2,False,C13H17N5O6,339.1179,24
CC(=O)OC(C)O[C@H]1[C@@H](O)[C@]2(n3cnc4c(=O)[nH]c(N)nc43)OC[C@H]1O2,False,C14H17N5O7,367.1128,26
CC(=O)O[C@@H]1[C@H](OC(C)O)[C@H]2CO[C@]1(n1cnc3c(=O)[nH]c(N)nc31)O2,False,C14H17N5O7,367.1128,26
CC(O)(O[C@H]1[C@@H](O)[C@]2(n3cnc4c(=O)[nH]c(N)nc43)OC[C@H]1O2)C(=O)O,False,C13H15N5O8,369.0921,26
Nc1nc2c(ncn2[C@@]23OC[C@@H](O2)[C@@H](OC(O)CC(=O)O)[C@H]3O)c(=O)[nH]1,False,C13H15N5O8,369.0921,26
CC(Cl)O[C@H]1[C@@H](O)[C@]2(n3cnc4c(=O)[nH]c(N)nc43)OC[C@H]1O2,False,C12H14ClN5O5,343.0683,23
CC(O)(O)O[C@H]1[C@@H](O)[C@]2(n3cnc4c(=O)[nH]c(N)nc43)OC[C@H]1O2,False,C12H15N5O7,341.0971,24
Nc1nc2c(ncn2[C@@]23OC[C@@H](O2)[C@@H](OC(O)CO)[C@H]3O)c(=O)[nH]1,False,C12H15N5O7,341.0971,24
CCO[C@H]1[C@@H](O)[C@]2(n3cnc4c(=O)[nH]c(N)nc43)OC[C@H]1O2,False,C12H15N5O5,309.1073,22
CC(O)O[C@H]1[C@@H](OC(C)O)[C@]2(n3cnc4c(=O)[nH]c(N)nc43)OC[C@H]1O2,False,C14H19N5O7,369.1284,26
CC(O)OC(C)O[C@H]1[C@@H](O)[C@]2(n3cnc4c(=O)[nH]c(N)nc43)OC[C@H]1O2,False,C14H19N5O7,369.1284,26
CC(O)O[C@@H]1[C@H]2CO[C@](n3cnc4c(=O)[nH]c(N)nc43)(O2)[C@@]1(C)O,False,C13H17N5O6,339.1179,24
CC(O)O[C@]1(C)[C@@H](O)[C@]2(n3cnc4c(=O)[nH]c(N)nc43)OC[C@H]1O2,False,C13H17N5O6,339.1179,24
Cc1nc2c(=O)[nH]c(N)nc2n1[C@@]12OC[C@@H](O1)[C@@H](OC(C)O)[C@H]2O,False,C13H17N5O6,339.1179,24
CC(O)O[C@H]1[C@@H](O)[C@]2(n3cnc4c(=O)[nH]c(N)nc43)OC[C@]1(C)O2,False,C13H17N5O6,339.1179,24
CC(O)O[C@@H]1[C@@H]2O[C@@](n3cnc4c(=O)[nH]c(N)nc43)(OC2C)[C@@H]1O,False,C13H17N5O6,339.1179,24
Nc1nc2c(ncn2[C@@H]2O[C@@H]3C(O)O[C@@H]2[C@@H]3OC=O)c(=O)[nH]1,False,C11H11N5O6,309.0709,22
CCO[C@H]1[C@H]2OC(=O)[C@H]1O[C@H]2n1cnc2c(=O)[nH]c(N)nc21,False,C12H13N5O5,307.0917,22
CC(=O)O[C@H]1[C@H]2OC(O)[C@H]1O[C@H]2n1cnc2c(=O)[nH]c(N)nc21,False,C12H13N5O6,323.0866,23
COC(C)O[C@H]1[C@H]2OC(O)[C@H]1O[C@H]2n1cnc2c(=O)[nH]c(N)nc21,False,C13H17N5O6,339.1179,24
CC(C)(O)O[C@H]1[C@H]2OC(O)[C@H]1O[C@H]2n1cnc2c(=O)[nH]c(N)nc21,False,C13H17N5O6,339.1179,24
CCC(O)O[C@H]1[C@H]2OC(O)[C@H]1O[C@H]2n1cnc2c(=O)[nH]c(N)nc21,False,C13H17N5O6,339.1179,24
CC(=O)OC(C)O[C@H]1[C@H]2OC(O)[C@H]1O[C@H]2n1cnc2c(=O)[nH]c(N)nc21,False,C14H17N5O7,367.1128,26
CC(O)(O[C@H]1[C@H]2OC(O)[C@H]1O[C@H]2n1cnc2c(=O)[nH]c(N)nc21)C(=O)O,False,C13H15N5O8,369.0921,26
Nc1nc2c(ncn2[C@@H]2O[C@@H]3C(O)O[C@@H]2[C@@H]3OC(O)CC(=O)O)c(=O)[nH]1,False,C13H15N5O8,369.0921,26
CC(Cl)O[C@H]1[C@H]2OC(O)[C@H]1O[C@H]2n1cnc2c(=O)[nH]c(N)nc21,False,C12H14ClN5O5,343.0683,23
CC(O)(O)O[C@H]1[C@H]2OC(O)[C@H]1O[C@H]2n1cnc2c(=O)[nH]c(N)nc21,False,C12H15N5O7,341.0971,24
Nc1nc2c(ncn2[C@@H]2O[C@@H]3C(O)O[C@@H]2[C@@H]3OC(O)CO)c(=O)[nH]1,False,C12H15N5O7,341.0971,24
CCO[C@H]1[C@H]2OC(O)[C@H]1O[C@H]2n1cnc2c(=O)[nH]c(N)nc21,False,C12H15N5O5,309.1073,22
CC(O)OC(C)O[C@H]1[C@H]2OC(O)[C@H]1O[C@H]2n1cnc2c(=O)[nH]c(N)nc21,False,C14H19N5O7,369.1284,26
CC(O)O[C@H]1[C@H]2OC(C)(O)[C@H]1O[C@H]2n1cnc2c(=O)[nH]c(N)nc21,False,C13H17N5O6,339.1179,24
CC(O)O[C@H]1[C@H]2OC(O)[C@]1(C)O[C@H]2n1cnc2c(=O)[nH]c(N)nc21,False,C13H17N5O6,339.1179,24
CC(O)O[C@@]1(C)[C@@H]2O[C@@H](n3cnc4c(=O)[nH]c(N)nc43)[C@@H]1OC2O,False,C13H17N5O6,339.1179,24
CC(O)O[C@@H]1[C@@H]2O[C@@H](n3cnc4c(=O)[nH]c(N)nc43)[C@@]1(C)OC2O,False,C13H17N5O6,339.1179,24
CC(O)O[C@@H]1[C@@H]2O[C@](C)(n3cnc4c(=O)[nH]c(N)nc43)[C@@H]1OC2O,False,C13H17N5O6,339.1179,24
Cc1nc2c(=O)[nH]c(N)nc2n1[C@@H]1O[C@@H]2C(O)O[C@@H]1[C@@H]2OC(C)O,False,C13H17N5O6,339.1179,24
CC(O)(CO)O[C@@H]1CO[C@@H]2[C@@H]1Oc1nc3c(=O)[nH]c(N)nc3n12,False,C12H15N5O6,325.1022,23
CC(O)O[C@@H]1CO[C@H]2n3c(nc4c(=O)[nH]c(N)nc43)O[C@@]12CO,False,C12H15N5O6,325.1022,23
CC(O)O[C@@]1(CO)CO[C@@H]2[C@@H]1Oc1nc3c(=O)[nH]c(N)nc3n12,False,C12H15N5O6,325.1022,23
Nc1nc2c(nc3n2[C@@H]2OC[C@@H](OC(O)CCO)[C@H]2O3)c(=O)[nH]1,False,C12H15N5O6,325.1022,23
Nc1nc2c(nc3n2[C@@H]2O[C@H](CO)[C@@H](OC=O)[C@H]2O3)c(=O)[nH]1,False,C11H11N5O6,309.0709,22
CCO[C@H]1[C@H]2Oc3nc4c(=O)[nH]c(N)nc4n3[C@@H]2O[C@@H]1C=O,False,C12H13N5O5,307.0917,22
COC(C)O[C@H]1[C@H]2Oc3nc4c(=O)[nH]c(N)nc4n3[C@@H]2O[C@@H]1CO,False,C13H17N5O6,339.1179,24
CC(C)(O)O[C@H]1[C@H]2Oc3nc4c(=O)[nH]c(N)nc4n3[C@@H]2O[C@@H]1CO,False,C13H17N5O6,339.1179,24
CCC(O)O[C@H]1[C@H]2Oc3nc4c(=O)[nH]c(N)nc4n3[C@@H]2O[C@@H]1CO,False,C13H17N5O6,339.1179,24
CC(=O)OC(C)O[C@H]1[C@H]2Oc3nc4c(=O)[nH]c(N)nc4n3[C@@H]2O[C@@H]1CO,False,C14H17N5O7,367.1128,26
CC(O)(O[C@H]1[C@H]2Oc3nc4c(=O)[nH]c(N)nc4n3[C@@H]2O[C@@H]1CO)C(=O)O,False,C13H15N5O8,369.0921,26
Nc1nc2c(nc3n2[C@@H]2O[C@H](CO)[C@@H](OC(O)CC(=O)O)[C@H]2O3)c(=O)[nH]1,False,C13H15N5O8,369.0921,26
CC(Cl)O[C@H]1[C@H]2Oc3nc4c(=O)[nH]c(N)nc4n3[C@@H]2O[C@@H]1CO,False,C12H14ClN5O5,343.0683,23
CC(O)(O)O[C@H]1[C@H]2Oc3nc4c(=O)[nH]c(N)nc4n3[C@@H]2O[C@@H]1CO,False,C12H15N5O7,341.0971,24
Nc1nc2c(nc3n2[C@@H]2O[C@H](CO)[C@@H](OC(O)CO)[C@H]2O3)c(=O)[nH]1,False,C12H15N5O7,341.0971,24
CCO[C@H]1[C@H]2Oc3nc4c(=O)[nH]c(N)nc4n3[C@@H]2O[C@@H]1CO,False,C12H15N5O5,309.1073,22
CC(O)O[C@H]1[C@H]2Oc3nc4c(=O)[nH]c(N)nc4n3[C@@H]2O[C@@H]1C,False,C12H15N5O5,309.1073,22
CC(O)O[C@H]1[C@H]2Oc3nc4c(=O)[nH]c(N)nc4n3[C@@H]2O[C@@H]1C(=O)O,False,C12H13N5O7,339.0815,24
CC(O)OC(C)O[C@H]1[C@H]2Oc3nc4c(=O)[nH]c(N)nc4n3[C@@H]2O[C@@H]1CO,False,C14H19N5O7,369.1284,26
CC(O)O[C@H]1[C@H]2Oc3nc4c(=O)[nH]c(N)nc4n3[C@@]2(C)O[C@@H]1CO,False,C13H17N5O6,339.1179,24
CC(O)O[C@@H]1[C@@H](CO)O[C@H]2n3c(nc4c(=O)[nH]c(N)nc43)O[C@@]12C,False,C13H17N5O6,339.1179,24
CC(O)O[C@@]1(C)[C@@H](CO)O[C@@H]2[C@@H]1Oc1nc3c(=O)[nH]c(N)nc3n12,False,C13H17N5O6,339.1179,24
CC(O)O[C@H]1[C@H]2Oc3nc4c(=O)[nH]c(N)nc4n3[C@@H]2O[C@@]1(C)CO,False,C13H17N5O6,339.1179,24
CC(O)O[C@H]1[C@H]2Oc3nc4c(=O)[nH]c(N)nc4n3[C@@H]2O[C@@H]1C(C)O,False,C13H17N5O6,339.1179,24
Nc1nc2c(nc3n2[C@@H]2O[C@H](CO3)[C@@H](OC=O)[C@H]2O)c(=O)[nH]1,False,C11H11N5O6,309.0709,22
CC(=O)O[C@H]1[C@@H](O)[C@H]2O[C@@H]1COc1nc3c(=O)[nH]c(N)nc3n12,False,C12H13N5O6,323.0866,23
COC(C)O[C@H]1[C@@H](O)[C@H]2O[C@@H]1COc1nc3c(=O)[nH]c(N)nc3n12,False,C13H17N5O6,339.1179,24
CC(C)(O)O[C@H]1[C@@H](O)[C@H]2O[C@@H]1COc1nc3c(=O)[nH]c(N)nc3n12,False,C13H17N5O6,339.1179,24
CCC(O)O[C@H]1[C@@H](O)[C@H]2O[C@@H]1COc1nc3c(=O)[nH]c(N)nc3n12,False,C13H17N5O6,339.1179,24
CC(=O)OC(C)O[C@H]1[C@@H](O)[C@H]2O[C@@H]1COc1nc3c(=O)[nH]c(N)nc3n12,False,C14H17N5O7,367.1128,26
CC(=O)O[C@@H]1[C@H](OC(C)O)[C@H]2COc3nc4c(=O)[nH]c(N)nc4n3[C@@H]1O2,False,C14H17N5O7,367.1128,26
CC(O)(O[C@H]1[C@@H](O)[C@H]2O[C@@H]1COc1nc3c(=O)[nH]c(N)nc3n12)C(=O)O,False,C13H15N5O8,369.0921,26
Nc1nc2c(nc3n2[C@@H]2O[C@H](CO3)[C@@H](OC(O)CC(=O)O)[C@H]2O)c(=O)[nH]1,False,C13H15N5O8,369.0921,26
CC(Cl)O[C@H]1[C@@H](O)[C@H]2O[C@@H]1COc1nc3c(=O)[nH]c(N)nc3n12,False,C12H14ClN5O5,343.0683,23
CC(O)(O)O[C@H]1[C@@H](O)[C@H]2O[C@@H]1COc1nc3c(=O)[nH]c(N)nc3n12,False,C12H15N5O7,341.0971,24
Nc1nc2c(nc3n2[C@@H]2O[C@H](CO3)[C@@H](OC(O)CO)[C@H]2O)c(=O)[nH]1,False,C12H15N5O7,341.0971,24
CCO[C@H]1[C@@H](O)[C@H]2O[C@@H]1COc1nc3c(=O)[nH]c(N)nc3n12,False,C12H15N5O5,309.1073,22
CC(O)O[C@@H]1[C@H](OC(C)O)[C@H]2COc3nc4c(=O)[nH]c(N)nc4n3[C@@H]1O2,False,C14H19N5O7,369.1284,26
CC(O)OC(C)O[C@H]1[C@@H](O)[C@H]2O[C@@H]1COc1nc3c(=O)[nH]c(N)nc3n12,False,C14H19N5O7,369.1284,26
CC(O)O[C@H]1[C@@H](O)[C@]2(C)O[C@@H]1COc1nc3c(=O)[nH]c(N)nc3n12,False,C13H17N5O6,339.1179,24
CC(O)O[C@@H]1[C@H]2COc3nc4c(=O)[nH]c(N)nc4n3[C@H](O2)[C@@]1(C)O,False,C13H17N5O6,339.1179,24
CC(O)O[C@@]1(C)[C@H]2COc3nc4c(=O)[nH]c(N)nc4n3[C@H](O2)[C@@H]1O,False,C13H17N5O6,339.1179,24
CC(O)O[C@H]1[C@@H](O)[C@H]2O[C@@]1(C)COc1nc3c(=O)[nH]c(N)nc3n12,False,C13H17N5O6,339.1179,24
CC(O)O[C@H]1[C@@H](O)[C@H]2O[C@@H]1C(C)Oc1nc3c(=O)[nH]c(N)nc3n12,False,C13H17N5O6,339.1179,24
C[C@]1(OCO)[C@@H](CO)O[C@@H](n2cnc3c(=O)[nH]c(N)nc32)[C@@H]1O,False,C12H17N5O6,327.1179,23
C[C@]1(O)[C@H](OCO)[C@@H](CO)O[C@H]1n1cnc2c(=O)[nH]c(N)nc21,False,C12H17N5O6,327.1179,23
C[C@@]1(CO)O[C@@H](n2cnc3c(=O)[nH]c(N)nc32)[C@H](O)[C@@H]1OCO,False,C12H17N5O6,327.1179,23
C[C@]1(n2cnc3c(=O)[nH]c(N)nc32)O[C@H](CO)[C@@H](OCO)[C@H]1O,False,C12H17N5O6,327.1179,23
CC(O)[C@H]1O[C@@H](n2cnc3c(=O)[nH]c(N)nc32)[C@H](O)[C@@H]1OCO,False,C12H17N5O6,327.1179,23
Cc1nc2c(=O)[nH]c(N)nc2n1[C@@H]1O[C@H](CO)[C@@H](OCO)[C@H]1O,False,C12H17N5O6,327.1179,23
COC(C)O[C@H]1[C@@H](O)[C@H](n2cnc3c(=O)[nH]c(N)nc32)O[C@@H]1CO,False,C13H19N5O6,341.1335,24
CC(C)(O)O[C@H]1[C@@H](O)[C@H](n2cnc3c(=O)[nH]c(N)nc32)O[C@@H]1CO,False,C13H19N5O6,341.1335,24
CCC(O)O[C@H]1[C@@H](O)[C@H](n2cnc3c(=O)[nH]c(N)nc32)O[C@@H]1CO,False,C13H19N5O6,341.1335,24
CC(=O)OC(C)O[C@H]1[C@@H](O)[C@H](n2cnc3c(=O)[nH]c(N)nc32)O[C@@H]1CO,False,C14H19N5O7,369.1284,26
CC(=O)O[C@@H]1[C@H](OC(C)O)[C@@H](CO)O[C@H]1n1cnc2c(=O)[nH]c(N)nc21,False,C14H19N5O7,369.1284,26
CC(O)(O[C@H]1[C@@H](O)[C@H](n2cnc3c(=O)[nH]c(N)nc32)O[C@@H]1CO)C(=O)O,False,C13H17N5O8,371.1077,26
Nc1nc2c(ncn2[C@@H]2O[C@H](CO)[C@@H](OC(O)CC(=O)O)[C@H]2O)c(=O)[nH]1,False,C13H17N5O8,371.1077,26
CC(Cl)O[C@H]1[C@@H](O)[C@H](n2cnc3c(=O)[nH]c(N)nc32)O[C@@H]1CO,False,C12H16ClN5O5,345.084,23
CC(O)(O)O[C@H]1[C@@H](O)[C@H](n2cnc3c(=O)[nH]c(N)nc32)O[C@@H]1CO,False,C12H17N5O7,343.1128,24
CC(O)O[C@H]1[C@@H](O)[C@H](n2cnc3c(=O)[nH]c(N)nc32)O[C@@H]1C,False,C12H17N5O5,311.123,22
CC(O)O[C@@H]1[C@H](OC(C)O)[C@@H](CO)O[C@H]1n1cnc2c(=O)[nH]c(N)nc21,False,C14H21N5O7,371.1441,26
CC(O)OC(C)O[C@H]1[C@@H](O)[C@H](n2cnc3c(=O)[nH]c(N)nc32)O[C@@H]1CO,False,C14H21N5O7,371.1441,26
Nc1nc2c(ncn2[C@@H]2O[C@H](CO)[C@@H](OCO)[C@H]2O)c(=O)[nH]1,False,C11H15N5O6,313.1022,22
CC(O)O[C@@]1(C)[C@@H](CO)O[C@@H](n2cnc3c(=O)[nH]c(N)nc32)[C@@H]1O,False,C13H19N5O6,341.1335,24
CC(O)O[C@@H]1[C@@H](CO)O[C@@H](n2cnc3c(=O)[nH]c(N)nc32)[C@@]1(C)O,False,C13H19N5O6,341.1335,24
CC(O)O[C@H]1[C@@H](O)[C@H](n2cnc3c(=O)[nH]c(N)nc32)O[C@@]1(C)CO,False,C13H19N5O6,341.1335,24
CC(O)O[C@H]1[C@@H](O)[C@@](C)(n2cnc3c(=O)[nH]c(N)nc32)O[C@@H]1CO,False,C13H19N5O6,341.1335,24
CC(O)O[C@H]1[C@@H](O)[C@H](n2cnc3c(=O)[nH]c(N)nc32)O[C@@H]1C(C)O,False,C13H19N5O6,341.1335,24
Cc1nc2c(=O)[nH]c(N)nc2n1[C@@H]1O[C@H](CO)[C@@H](OC(C)O)[C@H]1O,False,C13H19N5O6,341.1335,24
CCO[C@H]1[C@@H](O)[C@H](n2cnc3c(=O)[nH]c(N)nc32)O[C@@H]1COP(=O)(O)O,False,C12H18N5O8P,391.0893,26
CCO[C@H]1[C@@H](OP(=O)(O)O)[C@H](n2cnc3c(=O)[nH]c(N)nc32)O[C@@H]1CO,False,C12H18N5O8P,391.0893,26
CCO[C@H]1[C@@H](OS(=O)(=O)O)[C@H](n2cnc3c(=O)[nH]c(N)nc32)O[C@@H]1CO,False,C12H17N5O8S,391.0798,26
CCO[C@H]1[C@@H](O)[C@H](n2cnc3c(=O)[nH]c(N)nc32)O[C@@H]1COS(=O)(=O)O,False,C12H17N5O8S,391.0798,26
CC(C)O[C@H]1[C@@H](O)[C@H](n2cnc3c(=O)[nH]c(N)nc32)O[C@@H]1CO,False,C13H19N5O5,325.1386,23
CCCO[C@H]1[C@@H](O)[C@H](n2cnc3c(=O)[nH]c(N)nc32)O[C@@H]1CO,False,C13H19N5O5,325.1386,23
CC(O[C@H]1[C@@H](O)[C@H](n2cnc3c(=O)[nH]c(N)nc32)O[C@@H]1CO)C(=O)O,False,C13H17N5O7,355.1128,25
Nc1nc2c(ncn2[C@@H]2O[C@H](CO)[C@@H](OCCC(=O)O)[C@H]2O)c(=O)[nH]1,False,C13H17N5O7,355.1128,25
Nc1nc2c(ncn2[C@@H]2O[C@H](CO)[C@@H](OCCO)[C@H]2O)c(=O)[nH]1,False,C12H17N5O6,327.1179,23
CCO[C@H]1[C@@H](O)[C@H](n2cnc3c(=O)[nH]c(N)nc32)O[C@@H]1C,False,C12H17N5O4,295.1281,21
CCO[C@H]1[C@@H](O)[C@H](n2cnc3c(=O)[nH]c(N)nc32)O[C@@H]1C(=O)O,False,C12H15N5O6,325.1022,23
CCO[C@@H]1[C@H](OCC)[C@@H](CO)O[C@H]1n1cnc2c(=O)[nH]c(N)nc21,False,C14H21N5O5,339.1543,24
CCO[C@@]1(C)[C@@H](CO)O[C@@H](n2cnc3c(=O)[nH]c(N)nc32)[C@@H]1O,False,C13H19N5O5,325.1386,23
CCO[C@@H]1[C@@H](CO)O[C@@H](n2cnc3c(=O)[nH]c(N)nc32)[C@@]1(C)O,False,C13H19N5O5,325.1386,23
CCO[C@H]1[C@@H](O)[C@H](n2cnc3c(=O)[nH]c(N)nc32)O[C@@]1(C)CO,False,C13H19N5O5,325.1386,23
CCO[C@H]1[C@@H](O)[C@@](C)(n2cnc3c(=O)[nH]c(N)nc32)O[C@@H]1CO,False,C13H19N5O5,325.1386,23
CCO[C@H]1[C@@H](O)[C@H](n2cnc3c(=O)[nH]c(N)nc32)O[C@@H]1C(C)O,False,C13H19N5O5,325.1386,23
CCO[C@H]1[C@@H](O)[C@H](n2c(C)nc3c(=O)[nH]c(N)nc32)O[C@@H]1CO,False,C13H19N5O5,325.1386,23
CC[C@]1(OC=O)[C@@H](CO)O[C@@H](n2cnc3c(=O)[nH]c(N)nc32)[C@@H]1O,False,C13H17N5O6,339.1179,24
CC[C@]1(O)[C@H](OC=O)[C@@H](CO)O[C@H]1n1cnc2c(=O)[nH]c(N)nc21,False,C13H17N5O6,339.1179,24
CC[C@@]1(CO)O[C@@H](n2cnc3c(=O)[nH]c(N)nc32)[C@H](O)[C@@H]1OC=O,False,C13H17N5O6,339.1179,24
CC[C@]1(n2cnc3c(=O)[nH]c(N)nc32)O[C@H](CO)[C@@H](OC=O)[C@H]1O,False,C13H17N5O6,339.1179,24
CCc1nc2c(=O)[nH]c(N)nc2n1[C@@H]1O[C@H](CO)[C@@H](OC=O)[C@H]1O,False,C13H17N5O6,339.1179,24
CCC1(O)OC[C@H]2O[C@@H](n3cnc4c(=O)[nH]c(N)nc43)[C@H](O)[C@@H]2O1,False,C13H17N5O6,339.1179,24
CCC1=Nc2nc3c(ncn3[C@@H]3O[C@H](CO)[C@@H](O1)[C@H]3O)c(=O)[nH]2,False,C13H15N5O5,321.1073,23
CC1O[C@@H]2[C@H](OC1O)[C@@H](CO)O[C@H]2n1cnc2c(=O)[nH]c(N)nc21,False,C13H17N5O6,339.1179,24
CC1OC[C@H]2O[C@@H](n3cnc4c(=O)[nH]c(N)nc43)[C@H](O)[C@@H]2OC1O,False,C13H17N5O6,339.1179,24
Nc1nc2c(ncn2[C@@H]2O[C@H](CO)[C@H]3OC(O)CCO[C@H]32)c(=O)[nH]1,False,C13H17N5O6,339.1179,24
Nc1nc2c(ncn2[C@@H]2O[C@@H]3COCCC(O)O[C@H]3[C@H]2O)c(=O)[nH]1,False,C13H17N5O6,339.1179,24
C=CC(=O)O[C@H]1[C@@H](O)[C@H](n2cnc3c(=O)[nH]c(N)nc32)O[C@@H]1CO,False,C13H15N5O6,337.1022,24
CC(C)C(=O)O[C@H]1[C@@H](O)[C@H](n2cnc3c(=O)[nH]c(N)nc32)O[C@@H]1CO,False,C14H19N5O6,353.1335,25
CCCC(=O)O[C@H]1[C@@H](O)[C@H](n2cnc3c(=O)[nH]c(N)nc32)O[C@@H]1CO,False,C14H19N5O6,353.1335,25
CCC(=O)O[C@H]1[C@@H](OC(C)=O)[C@H](n2cnc3c(=O)[nH]c(N)nc32)O[C@@H]1CO,False,C15H19N5O7,381.1284,27
Nc1nc2c(ncn2[C@@H]2O[C@H](CO)[C@@H](OC(=O)CCC(=O)O)[C@H]2O)c(=O)[nH]1,False,C14H17N5O8,383.1077,27
CC(C(=O)O)C(=O)O[C@H]1[C@@H](O)[C@H](n2cnc3c(=O)[nH]c(N)nc32)O[C@@H]1CO,False,C14H17N5O8,383.1077,27
CCC(O)(C#N)O[C@H]1[C@@H](O)[C@H](n2cnc3c(=O)[nH]c(N)nc32)O[C@@H]1CO,False,C14H18N6O6,366.1288,26
CCC(N)O[C@H]1[C@@H](O)[C@H](n2cnc3c(=O)[nH]c(N)nc32)O[C@@H]1CO,False,C13H20N6O5,340.1495,24
CC(O)C(=O)O[C@H]1[C@@H](O)[C@H](n2cnc3c(=O)[nH]c(N)nc32)O[C@@H]1CO,False,C13H17N5O7,355.1128,25
Nc1nc2c(ncn2[C@@H]2O[C@H](CO)[C@@H](OC(=O)CCO)[C@H]2O)c(=O)[nH]1,False,C13H17N5O7,355.1128,25
CCOC(=O)O[C@H]1[C@@H](O)[C@H](n2cnc3c(=O)[nH]c(N)nc32)O[C@@H]1CO,False,C13H17N5O7,355.1128,25
Nc1nc2c(ncn2[C@@H]2O[C@H](CO)[C@@H](OC(=O)CCS(=O)O)[C@H]2O)c(=O)[nH]1,False,C13H17N5O8S,403.0798,27
CC(O)C(O)O[C@H]1[C@@H](O)[C@H](n2cnc3c(=O)[nH]c(N)nc32)O[C@@H]1CO,False,C13H19N5O7,357.1284,25
Nc1nc2c(ncn2[C@@H]2O[C@H](CO)[C@@H](OC(O)CCO)[C@H]2O)c(=O)[nH]1,False,C13H19N5O7,357.1284,25
Nc1nc2c(ncn2[C@@H]2O[C@H](CO)[C@@H](OC(=O)O)[C@H]2O)c(=O)[nH]1,False,C11H13N5O7,327.0815,23
CCC(=O)O[C@H]1[C@@H](O)[C@H](n2cnc3c(=O)[nH]c(N)nc32)O[C@@H]1C,False,C13H17N5O5,323.123,23
CCC(=O)[C@H]1[C@@H](O)[C@H](n2cnc3c(=O)[nH]c(N)nc32)O[C@@H]1CO,False,C13H17N5O5,323.123,23
CCC(=O)O[C@H]1[C@@H](O)[C@H](n2cnc3c(=O)[nH]c(N)nc32)O[C@@H]1C(=O)O,False,C13H15N5O7,353.0971,25
CCCCC(=O)O[C@H]1[C@@H](O)[C@H](n2cnc3c(=O)[nH]c(N)nc32)O[C@@H]1CO,False,C15H21N5O6,367.1492,26
CCC(C)C(=O)O[C@H]1[C@@H](O)[C@H](n2cnc3c(=O)[nH]c(N)nc32)O[C@@H]1CO,False,C15H21N5O6,367.1492,26
CCC(=O)O[C@@]1(C)[C@@H](CO)O[C@@H](n2cnc3c(=O)[nH]c(N)nc32)[C@@H]1O,False,C14H19N5O6,353.1335,25
CCC(=O)O[C@@]1(CC)[C@@H](CO)O[C@@H](n2cnc3c(=O)[nH]c(N)nc32)[C@@H]1O,False,C15H21N5O6,367.1492,26
CCC(=O)O[C@@H]1[C@@H](CO)O[C@@H](n2cnc3c(=O)[nH]c(N)nc32)[C@@]1(C)O,False,C14H19N5O6,353.1335,25
CCC(=O)O[C@@H]1[C@@H](CO)O[C@@H](n2cnc3c(=O)[nH]c(N)nc32)[C@]1(O)CC,False,C15H21N5O6,367.1492,26
CCC(=O)O[C@H]1[C@@H](O)[C@H](n2cnc3c(=O)[nH]c(N)nc32)O[C@@]1(C)CO,False,C14H19N5O6,353.1335,25
CCC(=O)O[C@H]1[C@@H](O)[C@H](n2cnc3c(=O)[nH]c(N)nc32)O[C@@]1(CC)CO,False,C15H21N5O6,367.1492,26
CCC(=O)O[C@H]1[C@@H](O)[C@@](C)(n2cnc3c(=O)[nH]c(N)nc32)O[C@@H]1CO,False,C14H19N5O6,353.1335,25
CCC(=O)O[C@H]1[C@@H](O)[C@@](CC)(n2cnc3c(=O)[nH]c(N)nc32)O[C@@H]1CO,False,C15H21N5O6,367.1492,26
CCC(=O)O[C@H]1[C@@H](O)[C@H](n2cnc3c(=O)[nH]c(N)nc32)O[C@@H]1C(C)O,False,C14H19N5O6,353.1335,25
CCC(=O)O[C@H]1[C@@H](O)[C@H](n2cnc3c(=O)[nH]c(N)nc32)O[C@@H]1C(O)CC,False,C15H21N5O6,367.1492,26
CCC(=O)O[C@H]1[C@@H](O)[C@H](n2c(C)nc3c(=O)[nH]c(N)nc32)O[C@@H]1CO,False,C14H19N5O6,353.1335,25
CCC(=O)O[C@H]1[C@@H](O)[C@H](n2c(CC)nc3c(=O)[nH]c(N)nc32)O[C@@H]1CO,False,C15H21N5O6,367.1492,26
CCC(=O)O[C@@H]1[C@H](OC=O)[C@@H](CO)O[C@H]1n1cnc2c(=O)[nH]c(N)nc21,False,C14H17N5O7,367.1128,26
CC(=O)O[C@@H]1[C@@H](CO)O[C@@H](n2cnc3c(=O)[nH]c(N)nc32)[C@@]1(C)OC=O,False,C14H17N5O7,367.1128,26
CC(=O)O[C@@]1(C)[C@@H](CO)O[C@@H](n2cnc3c(=O)[nH]c(N)nc32)[C@@H]1OC=O,False,C14H17N5O7,367.1128,26
CC(=O)O[C@H]1[C@@H](OC=O)[C@@](C)(n2cnc3c(=O)[nH]c(N)nc32)O[C@@H]1CO,False,C14H17N5O7,367.1128,26
CC(=O)O[C@H]1[C@@H](OC=O)[C@H](n2cnc3c(=O)[nH]c(N)nc32)O[C@@]1(C)CO,False,C14H17N5O7,367.1128,26
CC(=O)O[C@H]1[C@@H](OC=O)[C@H](n2cnc3c(=O)[nH]c(N)nc32)O[C@@H]1C(C)O,False,C14H17N5O7,367.1128,26
CC(=O)O[C@H]1[C@@H](OC=O)[C@H](n2c(C)nc3c(=O)[nH]c(N)nc32)O[C@@H]1CO,False,C14H17N5O7,367.1128,26
CCC(=O)O[C@H]1[C@@H](OC=O)[C@H](n2cnc3c(=O)[nH]c(N)nc32)O[C@@H]1CO,False,C14H17N5O7,367.1128,26
CC(=O)O[C@H]1[C@H]2OC(C)=Nc3nc4c(ncn4[C@@H]2O[C@@H]1CO)c(=O)[nH]3,False,C14H15N5O6,349.1022,25
CC(=O)O[C@H]1[C@H]2OC(O)COC[C@H]1O[C@H]2n1cnc2c(=O)[nH]c(N)nc21,False,C14H17N5O7,367.1128,26
CC(O)O[C@H]1[C@H]2OC(=O)COC[C@H]1O[C@H]2n1cnc2c(=O)[nH]c(N)nc21,False,C14H17N5O7,367.1128,26
CC(=O)O[C@@H]1[C@H]2CO[C@@]1(OC(C)O)[C@H](n1cnc3c(=O)[nH]c(N)nc31)O2,False,C14H17N5O7,367.1128,26
CC(=O)O[C@@]12OC[C@H]1O[C@@H](n1cnc3c(=O)[nH]c(N)nc31)[C@@H]2OC(C)O,False,C14H17N5O7,367.1128,26
CC(=O)O[C@H]1[C@@H](OC(C)O)[C@]2(n3cnc4c(=O)[nH]c(N)nc43)OC[C@H]1O2,False,C14H17N5O7,367.1128,26
CC(=O)O[C@H]1[C@@H](OC(C)O)[C@H](n2cnc3c(=O)[nH]c(N)nc32)O[C@@]12CO2,False,C14H17N5O7,367.1128,26
CC(=O)O[C@H]1[C@@H](OC(C)O)[C@H]2O[C@@H]1COc1nc3c(=O)[nH]c(N)nc3n12,False,C14H17N5O7,367.1128,26
CC(O)O[C@@H]1[C@@H]2OC(=O)COC[C@H]2O[C@H]1n1cnc2c(=O)[nH]c(N)nc21,False,C14H17N5O7,367.1128,26
CC(=O)O[C@H]1[C@@H](OC(C)O)[C@H](n2cnc3c(=O)[nH]c(N)nc32)O[C@@H]1CO,False,C14H19N5O7,369.1284,26
CCC(=O)O[C@@H]1[C@H](OC(C)=O)[C@@H](CO)O[C@H]1n1cnc2c(=O)[nH]c(N)nc21,False,C15H19N5O7,381.1284,27
CC(=O)O[C@H]1[C@@H](OC(C)(O)C#N)[C@H](n2cnc3c(=O)[nH]c(N)nc32)O[C@@H]1CO,False,C15H18N6O7,394.1237,28
CC(=O)O[C@@H]1[C@H](OC(C)(O)C#N)[C@@H](CO)O[C@H]1n1cnc2c(=O)[nH]c(N)nc21,False,C15H18N6O7,394.1237,28
CC(=O)O[C@H]1[C@@H](OC(C)N)[C@H](n2cnc3c(=O)[nH]c(N)nc32)O[C@@H]1CO,False,C14H20N6O6,368.1444,26
CC(=O)O[C@@H]1[C@H](OC(C)N)[C@@H](CO)O[C@H]1n1cnc2c(=O)[nH]c(N)nc21,False,C14H20N6O6,368.1444,26
CC(=O)O[C@H]1[C@@H](OC(=O)CO)[C@H](n2cnc3c(=O)[nH]c(N)nc32)O[C@@H]1CO,False,C14H17N5O8,383.1077,27
CC(=O)O[C@@H]1[C@H](OC(=O)CO)[C@@H](CO)O[C@H]1n1cnc2c(=O)[nH]c(N)nc21,False,C14H17N5O8,383.1077,27
COC(=O)O[C@@H]1[C@H](OC(C)=O)[C@@H](CO)O[C@H]1n1cnc2c(=O)[nH]c(N)nc21,False,C14H17N5O8,383.1077,27
COC(=O)O[C@H]1[C@@H](OC(C)=O)[C@H](n2cnc3c(=O)[nH]c(N)nc32)O[C@@H]1CO,False,C14H17N5O8,383.1077,27
CC(=O)O[C@H]1[C@@H](OC(O)CO)[C@H](n2cnc3c(=O)[nH]c(N)nc32)O[C@@H]1CO,False,C14H19N5O8,385.1234,27
CC(O)O[C@H]1[C@@H](OC(=O)CO)[C@H](n2cnc3c(=O)[nH]c(N)nc32)O[C@@H]1CO,False,C14H19N5O8,385.1234,27
CC(O)O[C@@H]1[C@H](OC(=O)CO)[C@@H](CO)O[C@H]1n1cnc2c(=O)[nH]c(N)nc21,False,C14H19N5O8,385.1234,27
CC(=O)O[C@@H]1[C@H](OC(O)CO)[C@@H](CO)O[C@H]1n1cnc2c(=O)[nH]c(N)nc21,False,C14H19N5O8,385.1234,27
CC(=O)O[C@@H]1[C@H](OC(C)=O)[C@@H](C)O[C@H]1n1cnc2c(=O)[nH]c(N)nc21,False,C14H17N5O6,351.1179,25
CC(=O)O[C@H]1[C@@H](C(C)=O)[C@H](n2cnc3c(=O)[nH]c(N)nc32)O[C@@H]1CO,False,C14H17N5O6,351.1179,25
CC(=O)O[C@@H]1[C@H](C(C)=O)[C@@H](CO)O[C@H]1n1cnc2c(=O)[nH]c(N)nc21,False,C14H17N5O6,351.1179,25
CC(=O)O[C@@H]1[C@H](OC(C)=O)[C@@H](C(=O)O)O[C@H]1n1cnc2c(=O)[nH]c(N)nc21,False,C14H15N5O8,381.0921,27
CC(=O)O[C@@H]1[C@@H](CO)O[C@@H](n2cnc3c(=O)[nH]c(N)nc32)[C@@]1(C)OC(C)=O,False,C15H19N5O7,381.1284,27
CC(=O)O[C@H]1[C@H](n2cnc3c(=O)[nH]c(N)nc32)O[C@H](CO)[C@]1(C)OC(C)=O,False,C15H19N5O7,381.1284,27
CC(=O)O[C@H]1[C@@H](OC(C)=O)[C@@](C)(n2cnc3c(=O)[nH]c(N)nc32)O[C@@H]1CO,False,C15H19N5O7,381.1284,27
CC(=O)O[C@H]1[C@H](n2cnc3c(=O)[nH]c(N)nc32)O[C@@](C)(CO)[C@H]1OC(C)=O,False,C15H19N5O7,381.1284,27
CC(=O)O[C@@H]1[C@H](OC(C)=O)[C@@H](C(C)O)O[C@H]1n1cnc2c(=O)[nH]c(N)nc21,False,C15H19N5O7,381.1284,27
CC(=O)O[C@@H]1[C@H](OC(C)=O)[C@@H](CO)O[C@H]1n1c(C)nc2c(=O)[nH]c(N)nc21,False,C15H19N5O7,381.1284,27
Nc1nc2c(ncn2[C@@H]2O[C@H](CO)[C@](CC(=O)O)(OC=O)[C@H]2O)c(=O)[nH]1,False,C13H15N5O8,369.0921,26
Nc1nc2c(ncn2[C@@H]2O[C@H](CO)[C@@H](OC=O)[C@@]2(O)CC(=O)O)c(=O)[nH]1,False,C13H15N5O8,369.0921,26
Nc1nc2c(ncn2[C@@H]2O[C@](CO)(CC(=O)O)[C@@H](OC=O)[C@H]2O)c(=O)[nH]1,False,C13H15N5O8,369.0921,26
Nc1nc2c(ncn2[C@@]2(CC(=O)O)O[C@H](CO)[C@@H](OC=O)[C@H]2O)c(=O)[nH]1,False,C13H15N5O8,369.0921,26
Nc1nc2c(nc(CC(=O)O)n2[C@@H]2O[C@H](CO)[C@@H](OC=O)[C@H]2O)c(=O)[nH]1,False,C13H15N5O8,369.0921,26
CC(=O)O[C@@]1(C(=O)O)[C@@H](CO)O[C@@H](n2cnc3c(=O)[nH]c(N)nc32)[C@@H]1O,False,C13H15N5O8,369.0921,26
CC(=O)O[C@@H]1[C@@H](CO)O[C@@H](n2cnc3c(=O)[nH]c(N)nc32)[C@]1(O)C(=O)O,False,C13H15N5O8,369.0921,26
CC(=O)O[C@H]1[C@@H](O)[C@H](n2cnc3c(=O)[nH]c(N)nc32)O[C@]1(CO)C(=O)O,False,C13H15N5O8,369.0921,26
CC(=O)O[C@H]1[C@@H](O)[C@@](C(=O)O)(n2cnc3c(=O)[nH]c(N)nc32)O[C@@H]1CO,False,C13H15N5O8,369.0921,26
CC(=O)O[C@H]1[C@@H](O)[C@H](n2cnc3c(=O)[nH]c(N)nc32)O[C@@H]1C(O)C(=O)O,False,C13H15N5O8,369.0921,26
CC(=O)O[C@H]1[C@@H](O)[C@H](n2c(C(=O)O)nc3c(=O)[nH]c(N)nc32)O[C@@H]1CO,False,C13H15N5O8,369.0921,26
Nc1nc2c(ncn2[C@@H]2O[C@H](CO)[C@@H](OC3(O)CC(=O)O3)[C@H]2O)c(=O)[nH]1,False,C13H15N5O8,369.0921,26
Nc1nc2c(ncn2[C@@H]2O[C@@H]3COC(O)(O)CC(=O)O[C@H]3[C@H]2O)c(=O)[nH]1,False,C13H15N5O8,369.0921,26
Nc1nc2c(ncn2[C@@H]2O[C@@H]3COC(O)(CC(=O)O)O[C@H]3[C@H]2O)c(=O)[nH]1,False,C13H15N5O8,369.0921,26
Nc1nc2c(ncn2[C@@H]2O[C@H](C=O)[C@@H](OC(=O)CC=O)[C@H]2O)c(=O)[nH]1,False,C13H13N5O7,351.0815,25
Nc1nc2c(ncn2[C@@H]2O[C@H](CO)[C@@H](OC3=CC(=O)O3)[C@H]2O)c(=O)[nH]1,False,C13H13N5O7,351.0815,25
O=C1CC(O)=Nc2nc3c(ncn3[C@@H]3O[C@H](CO)[C@@H](O1)[C@H]3O)c(=O)[nH]2,False,C13H13N5O7,351.0815,25
O=C(O)CC1=Nc2nc3c(ncn3[C@@H]3O[C@H](CO)[C@@H](O1)[C@H]3O)c(=O)[nH]2,False,C13H13N5O7,351.0815,25
Nc1nc2c(ncn2[C@@H]2O[C@H](CO)[C@@H](OC(=O)C3OC3O)[C@H]2O)c(=O)[nH]1,False,C13H15N5O8,369.0921,26
Nc1nc2c(ncn2[C@@H]2O[C@H](CO)[C@@H](OC(O)C3OC3=O)[C@H]2O)c(=O)[nH]1,False,C13H15N5O8,369.0921,26
Nc1nc2c(ncn2[C@@H]2O[C@H](CO)[C@H]3OC(=O)C(C(O)O)O[C@H]32)c(=O)[nH]1,False,C13H15N5O8,369.0921,26
Nc1nc2c(ncn2[C@@H]2O[C@H](CO)[C@H]3OC(O)C(C(=O)O)O[C@H]32)c(=O)[nH]1,False,C13H15N5O8,369.0921,26
Nc1nc2c(ncn2[C@@H]2O[C@@H]3COC(C(O)O)C(=O)O[C@H]3[C@H]2O)c(=O)[nH]1,False,C13H15N5O8,369.0921,26
Nc1nc2c(ncn2[C@@H]2O[C@@H]3COC(C(=O)O)C(O)O[C@H]3[C@H]2O)c(=O)[nH]1,False,C13H15N5O8,369.0921,26
Nc1nc2c(ncn2[C@@H]2O[C@H](CO)[C@]3(OC(=O)CC(O)O3)[C@H]2O)c(=O)[nH]1,False,C13H15N5O8,369.0921,26
Nc1nc2c(ncn2[C@@H]2O[C@H](CO)[C@@]3(OC(=O)CC(O)O3)[C@H]2O)c(=O)[nH]1,False,C13H15N5O8,369.0921,26
Nc1nc2c(ncn2[C@@H]2O[C@H](CO)[C@@]3(OC(=O)CC(O)O)O[C@@H]23)c(=O)[nH]1,False,C13H15N5O8,369.0921,26
Nc1nc2c(ncn2[C@@H]2O[C@@H]3CO[C@@]3(OC(=O)CC(O)O)[C@H]2O)c(=O)[nH]1,False,C13H15N5O8,369.0921,26
Nc1nc2c(ncn2[C@@H]2O[C@H](CO)[C@H]3OC(=O)CC(O)O[C@]32O)c(=O)[nH]1,False,C13H15N5O8,369.0921,26
Nc1nc2c(ncn2[C@@H]2O[C@H](CO)[C@H]3OC(O)CC(=O)O[C@]32O)c(=O)[nH]1,False,C13H15N5O8,369.0921,26
Nc1nc2c(ncn2[C@@H]2O[C@@H]3CO[C@]2(O)[C@@H]3OC(=O)CC(O)O)c(=O)[nH]1,False,C13H15N5O8,369.0921,26
Nc1nc2c(ncn2[C@@H]2O[C@]3(CO)OC(O)CC(=O)O[C@H]3[C@H]2O)c(=O)[nH]1,False,C13H15N5O8,369.0921,26
Nc1nc2c(ncn2[C@@H]2O[C@]3(CO)OC(=O)CC(O)O[C@H]3[C@H]2O)c(=O)[nH]1,False,C13H15N5O8,369.0921,26
Nc1nc2c(ncn2[C@@H]2O[C@]3(CO)O[C@@H]2[C@@H]3OC(=O)CC(O)O)c(=O)[nH]1,False,C13H15N5O8,369.0921,26
Nc1nc2c(ncn2[C@@H]2O[C@@]3(CO3)[C@@H](OC(=O)CC(O)O)[C@H]2O)c(=O)[nH]1,False,C13H15N5O8,369.0921,26
Nc1nc2c(ncn2[C@]23OC(O)CC(=O)O[C@@H]([C@H]2O)[C@@H](CO)O3)c(=O)[nH]1,False,C13H15N5O8,369.0921,26
Nc1nc2c(ncn2[C@]23OC(=O)CC(O)O[C@@H]([C@H]2O)[C@@H](CO)O3)c(=O)[nH]1,False,C13H15N5O8,369.0921,26
Nc1nc2c(ncn2[C@]23O[C@@H]2[C@H](OC(=O)CC(O)O)[C@@H](CO)O3)c(=O)[nH]1,False,C13H15N5O8,369.0921,26
Nc1nc2c(ncn2[C@@]23OC[C@@H](O2)[C@@H](OC(=O)CC(O)O)[C@H]3O)c(=O)[nH]1,False,C13H15N5O8,369.0921,26
Nc1nc2c(ncn2[C@@H]2O[C@@H]3C(O)OC(O)CC(=O)O[C@H]3[C@H]2O)c(=O)[nH]1,False,C13H15N5O8,369.0921,26
Nc1nc2c(ncn2[C@@H]2O[C@@H]3C(O)OC(=O)CC(O)O[C@H]3[C@H]2O)c(=O)[nH]1,False,C13H15N5O8,369.0921,26
Nc1nc2c(ncn2[C@@H]2O[C@@H]3C(O)O[C@@H]2[C@@H]3OC(=O)CC(O)O)c(=O)[nH]1,False,C13H15N5O8,369.0921,26
Nc1nc2c(nc3n2[C@@H]2O[C@H](CO)[C@@H](OC(=O)CC(O)O3)[C@H]2O)c(=O)[nH]1,False,C13H15N5O8,369.0921,26
Nc1nc2c(nc3n2[C@@H]2O[C@H](CO)[C@@H](OC(O)CC(=O)O3)[C@H]2O)c(=O)[nH]1,False,C13H15N5O8,369.0921,26
Nc1nc2c(nc3n2[C@@H]2O[C@H](CO)[C@@H](OC(=O)CC(O)O)[C@H]2O3)c(=O)[nH]1,False,C13H15N5O8,369.0921,26
Nc1nc2c(nc3n2[C@@H]2O[C@H](CO3)[C@@H](OC(=O)CC(O)O)[C@H]2O)c(=O)[nH]1,False,C13H15N5O8,369.0921,26
Nc1nc2c(ncn2[C@@H]2O[C@H](CO)[C@@H](OC(=O)CC(O)O)[C@H]2O)c(=O)[nH]1,False,C13H17N5O8,371.1077,26
Nc1nc2c(ncn2[C@@H]2O[C@H](CO)[C@@H](OC(=O)CC=O)[C@H]2O)c(=O)[nH]1,False,C13H15N5O7,353.0971,25
COC(=O)CC(=O)O[C@H]1[C@@H](O)[C@H](n2cnc3c(=O)[nH]c(N)nc32)O[C@@H]1CO,False,C14H17N5O8,383.1077,27
N#CC(O)(O)CC(=O)O[C@H]1[C@@H](O)[C@H](n2cnc3c(=O)[nH]c(N)nc32)O[C@@H]1CO,False,C14H16N6O8,396.103,28
N#CC(O)(CC(=O)O)O[C@H]1[C@@H](O)[C@H](n2cnc3c(=O)[nH]c(N)nc32)O[C@@H]1CO,False,C14H16N6O8,396.103,28
Nc1nc2c(ncn2[C@@H]2O[C@H](CO)[C@@H](OC(=O)CC(=O)Cl)[C@H]2O)c(=O)[nH]1,False,C13H14ClN5O7,387.0582,26
NC(=O)CC(=O)O[C@H]1[C@@H](O)[C@H](n2cnc3c(=O)[nH]c(N)nc32)O[C@@H]1CO,False,C13H16N6O7,368.108,26
N#CCC(=O)O[C@H]1[C@@H](O)[C@H](n2cnc3c(=O)[nH]c(N)nc32)O[C@@H]1CO,False,C13H14N6O6,350.0975,25
Nc1nc2c(ncn2[C@@H]2O[C@H](CO)[C@@H](OC(=O)CC(N)O)[C@H]2O)c(=O)[nH]1,False,C13H18N6O7,370.1237,26
Nc1nc2c(ncn2[C@@H]2O[C@H](CO)[C@@H](OC(N)CC(=O)O)[C@H]2O)c(=O)[nH]1,False,C13H18N6O7,370.1237,26
Nc1nc2c(ncn2[C@@H]2O[C@H](CO)[C@@H](OC(=O)C=O)[C@H]2O)c(=O)[nH]1,False,C12H13N5O7,339.0815,24
C[C@H]1O[C@@H](n2cnc3c(=O)[nH]c(N)nc32)[C@H](O)[C@@H]1OC(=O)CC(=O)O,False,C13H15N5O7,353.0971,25
Nc1nc2c(ncn2[C@@H]2O[C@H](CO)[C@@H](C(=O)CC(=O)O)[C@H]2O)c(=O)[nH]1,False,C13H15N5O7,353.0971,25
N#CCC(O)O[C@H]1[C@@H](O)[C@H](n2cnc3c(=O)[nH]c(N)nc32)O[C@@H]1CO,False,C13H16N6O6,352.1131,25
CC(O)O[C@@]1(C#N)[C@@H](CO)O[C@@H](n2cnc3c(=O)[nH]c(N)nc32)[C@@H]1O,False,C13H16N6O6,352.1131,25
C[C@]1(OC(O)C#N)[C@@H](CO)O[C@@H](n2cnc3c(=O)[nH]c(N)nc32)[C@@H]1O,False,C13H16N6O6,352.1131,25
CC(O)O[C@@H]1[C@@H](CO)O[C@@H](n2cnc3c(=O)[nH]c(N)nc32)[C@]1(O)C#N,False,C13H16N6O6,352.1131,25
C[C@]1(O)[C@H](OC(O)C#N)[C@@H](CO)O[C@H]1n1cnc2c(=O)[nH]c(N)nc21,False,C13H16N6O6,352.1131,25
CC(O)O[C@H]1[C@@H](O)[C@H](n2cnc3c(=O)[nH]c(N)nc32)O[C@@]1(C#N)CO,False,C13H16N6O6,352.1131,25
C[C@@]1(CO)O[C@@H](n2cnc3c(=O)[nH]c(N)nc32)[C@H](O)[C@@H]1OC(O)C#N,False,C13H16N6O6,352.1131,25
CC(O)O[C@H]1[C@@H](O)[C@@](C#N)(n2cnc3c(=O)[nH]c(N)nc32)O[C@@H]1CO,False,C13H16N6O6,352.1131,25
C[C@]1(n2cnc3c(=O)[nH]c(N)nc32)O[C@H](CO)[C@@H](OC(O)C#N)[C@H]1O,False,C13H16N6O6,352.1131,25
CC(O)O[C@H]1[C@@H](O)[C@H](n2cnc3c(=O)[nH]c(N)nc32)O[C@@H]1C(O)C#N,False,C13H16N6O6,352.1131,25
CC(O)[C@H]1O[C@@H](n2cnc3c(=O)[nH]c(N)nc32)[C@H](O)[C@@H]1OC(O)C#N,False,C13H16N6O6,352.1131,25
CC(O)O[C@H]1[C@@H](O)[C@H](n2c(C#N)nc3c(=O)[nH]c(N)nc32)O[C@@H]1CO,False,C13H16N6O6,352.1131,25
Cc1nc2c(=O)[nH]c(N)nc2n1[C@@H]1O[C@H](CO)[C@@H](OC(O)C#N)[C@H]1O,False,C13H16N6O6,352.1131,25
N#CC(=O)O[C@H]1[C@@H](O)[C@H](n2cnc3c(=O)[nH]c(N)nc32)O[C@@H]1CO,False,C12H12N6O6,336.0818,24
CC(C#N)O[C@H]1[C@@H](O)[C@H](n2cnc3c(=O)[nH]c(N)nc32)O[C@@H]1C=O,False,C13H14N6O5,334.1026,24
COC(C)(C#N)O[C@H]1[C@@H](O)[C@H](n2cnc3c(=O)[nH]c(N)nc32)O[C@@H]1CO,False,C14H18N6O6,366.1288,26
CC(=O)OC(C)(C#N)O[C@H]1[C@@H](O)[C@H](n2cnc3c(=O)[nH]c(N)nc32)O[C@@H]1CO,False,C15H18N6O7,394.1237,28
CC(Cl)(C#N)O[C@H]1[C@@H](O)[C@H](n2cnc3c(=O)[nH]c(N)nc32)O[C@@H]1CO,False,C13H15ClN6O5,370.0792,25
N#CC(O)(CO)O[C@H]1[C@@H](O)[C@H](n2cnc3c(=O)[nH]c(N)nc32)O[C@@H]1CO,False,C13H16N6O7,368.108,26
CC(O)(O[C@H]1[C@@H](O)[C@H](n2cnc3c(=O)[nH]c(N)nc32)O[C@@H]1CO)C(N)=O,False,C13H18N6O7,370.1237,26
CC(O)(C=NO)O[C@H]1[C@@H](O)[C@H](n2cnc3c(=O)[nH]c(N)nc32)O[C@@H]1CO,False,C13H18N6O7,370.1237,26
CC(C#N)O[C@H]1[C@@H](O)[C@H](n2cnc3c(=O)[nH]c(N)nc32)O[C@@H]1CO,False,C13H16N6O5,336.1182,24
C[C@H]1O[C@@H](n2cnc3c(=O)[nH]c(N)nc32)[C@H](O)[C@@H]1OC(C)(O)C#N,False,C13H16N6O5,336.1182,24
CC(O)(C#N)O[C@H]1[C@@H](O)[C@H](n2cnc3c(=O)[nH]c(N)nc32)O[C@@H]1C(=O)O,False,C13H14N6O7,366.0924,26
N#CCC(O)(C#N)O[C@H]1[C@@H](O)[C@H](n2cnc3c(=O)[nH]c(N)nc32)O[C@@H]1CO,False,C14H15N7O6,377.1084,27
N#CC(O)O[C@H]1[C@@H](O)[C@H](n2cnc3c(=O)[nH]c(N)nc32)O[C@@H]1CO,False,C12H14N6O6,338.0975,24
CC(O)(C#N)O[C@@]1(C#N)[C@@H](CO)O[C@@H](n2cnc3c(=O)[nH]c(N)nc32)[C@@H]1O,False,C14H15N7O6,377.1084,27
CC(O)(C#N)O[C@@]1(C)[C@@H](CO)O[C@@H](n2cnc3c(=O)[nH]c(N)nc32)[C@@H]1O,False,C14H18N6O6,366.1288,26
CC(O)(C#N)O[C@@H]1[C@@H](CO)O[C@@H](n2cnc3c(=O)[nH]c(N)nc32)[C@]1(O)C#N,False,C14H15N7O6,377.1084,27
CC(O)(C#N)O[C@@H]1[C@@H](CO)O[C@@H](n2cnc3c(=O)[nH]c(N)nc32)[C@@]1(C)O,False,C14H18N6O6,366.1288,26
CC(O)(C#N)O[C@H]1[C@@H](O)[C@H](n2cnc3c(=O)[nH]c(N)nc32)O[C@@]1(C#N)CO,False,C14H15N7O6,377.1084,27
CC(O)(C#N)O[C@H]1[C@@H](O)[C@H](n2cnc3c(=O)[nH]c(N)nc32)O[C@@]1(C)CO,False,C14H18N6O6,366.1288,26
CC(O)(C#N)O[C@H]1[C@@H](O)[C@@](C#N)(n2cnc3c(=O)[nH]c(N)nc32)O[C@@H]1CO,False,C14H15N7O6,377.1084,27
CC(O)(C#N)O[C@H]1[C@@H](O)[C@@](C)(n2cnc3c(=O)[nH]c(N)nc32)O[C@@H]1CO,False,C14H18N6O6,366.1288,26
CC(O)(C#N)O[C@H]1[C@@H](O)[C@H](n2cnc3c(=O)[nH]c(N)nc32)O[C@@H]1C(O)C#N,False,C14H15N7O6,377.1084,27
CC(O)[C@H]1O[C@@H](n2cnc3c(=O)[nH]c(N)nc32)[C@H](O)[C@@H]1OC(C)(O)C#N,False,C14H18N6O6,366.1288,26
CC(O)(C#N)O[C@H]1[C@@H](O)[C@H](n2c(C#N)nc3c(=O)[nH]c(N)nc32)O[C@@H]1CO,False,C14H15N7O6,377.1084,27
Cc1nc2c(=O)[nH]c(N)nc2n1[C@@H]1O[C@H](CO)[C@@H](OC(C)(O)C#N)[C@H]1O,False,C14H18N6O6,366.1288,26
C[C@]1(OCN)[C@@H](CO)O[C@@H](n2cnc3c(=O)[nH]c(N)nc32)[C@@H]1O,False,C12H18N6O5,326.1339,23
C[C@]1(O)[C@H](OCN)[C@@H](CO)O[C@H]1n1cnc2c(=O)[nH]c(N)nc21,False,C12H18N6O5,326.1339,23
C[C@@]1(CO)O[C@@H](n2cnc3c(=O)[nH]c(N)nc32)[C@H](O)[C@@H]1OCN,False,C12H18N6O5,326.1339,23
C[C@]1(n2cnc3c(=O)[nH]c(N)nc32)O[C@H](CO)[C@@H](OCN)[C@H]1O,False,C12H18N6O5,326.1339,23
CC(O)[C@H]1O[C@@H](n2cnc3c(=O)[nH]c(N)nc32)[C@H](O)[C@@H]1OCN,False,C12H18N6O5,326.1339,23
Cc1nc2c(=O)[nH]c(N)nc2n1[C@@H]1O[C@H](CO)[C@@H](OCN)[C@H]1O,False,C12H18N6O5,326.1339,23
CC1N=C2NC(N)=Nc3c2ncn3[C@@H]2O[C@H](CO)[C@@H](O1)[C@H]2O,False,C12H16N6O4,308.1233,22
CC1Nc2nc3c(ncn3[C@@H]3O[C@H](CO)[C@@H](O1)[C@H]3O)c(=O)[nH]2,False,C12H15N5O5,309.1073,22
CC(N)O[C@H]1[C@@H](O)[C@H](n2cnc3c(=O)[nH]c(N)nc32)O[C@@H]1COP(=O)(O)O,False,C12H19N6O8P,406.1002,27
CC(N)O[C@H]1[C@@H](OP(=O)(O)O)[C@H](n2cnc3c(=O)[nH]c(N)nc32)O[C@@H]1CO,False,C12H19N6O8P,406.1002,27
CC(N)O[C@H]1[C@@H](OS(=O)(=O)O)[C@H](n2cnc3c(=O)[nH]c(N)nc32)O[C@@H]1CO,False,C12H18N6O8S,406.0907,27
CC(N)O[C@H]1[C@@H](O)[C@H](n2cnc3c(=O)[nH]c(N)nc32)O[C@@H]1COS(=O)(=O)O,False,C12H18N6O8S,406.0907,27
CNC(C)O[C@H]1[C@@H](O)[C@H](n2cnc3c(=O)[nH]c(N)nc32)O[C@@H]1CO,False,C13H20N6O5,340.1495,24
CC(C)(N)O[C@H]1[C@@H](O)[C@H](n2cnc3c(=O)[nH]c(N)nc32)O[C@@H]1CO,False,C13H20N6O5,340.1495,24
CC(=O)NC(C)O[C@H]1[C@@H](O)[C@H](n2cnc3c(=O)[nH]c(N)nc32)O[C@@H]1CO,False,C14H20N6O6,368.1444,26
CC(N)(O[C@H]1[C@@H](O)[C@H](n2cnc3c(=O)[nH]c(N)nc32)O[C@@H]1CO)C(=O)O,False,C13H18N6O7,370.1237,26
CC(NC(N)=O)O[C@H]1[C@@H](O)[C@H](n2cnc3c(=O)[nH]c(N)nc32)O[C@@H]1CO,False,C13H19N7O6,369.1397,26
CC(N)(O)O[C@H]1[C@@H](O)[C@H](n2cnc3c(=O)[nH]c(N)nc32)O[C@@H]1CO,False,C12H18N6O6,342.1288,24
Nc1nc2c(ncn2[C@@H]2O[C@H](CO)[C@@H](OC(N)CO)[C@H]2O)c(=O)[nH]1,False,C12H18N6O6,342.1288,24
CC(N)O[C@H]1[C@@H](O)[C@H](n2cnc3c(=O)[nH]c(N)nc32)O[C@@H]1C,False,C12H18N6O4,310.139,22
CC(N)O[C@H]1[C@@H](O)[C@H](n2cnc3c(=O)[nH]c(N)nc32)O[C@@H]1C(=O)O,False,C12H16N6O6,340.1131,24
CC(N)O[C@@H]1[C@H](OC(C)N)[C@@H](CO)O[C@H]1n1cnc2c(=O)[nH]c(N)nc21,False,C14H23N7O5,369.1761,26
CC(N)NC(C)O[C@H]1[C@@H](O)[C@H](n2cnc3c(=O)[nH]c(N)nc32)O[C@@H]1CO,False,C14H23N7O5,369.1761,26
NCO[C@H]1[C@@H](O)[C@H](n2cnc3c(=O)[nH]c(N)nc32)O[C@@H]1CO,False,C11H16N6O5,312.1182,22
CC(N)O[C@@]1(C)[C@@H](CO)O[C@@H](n2cnc3c(=O)[nH]c(N)nc32)[C@@H]1O,False,C13H20N6O5,340.1495,24
CC(N)O[C@@H]1[C@@H](CO)O[C@@H](n2cnc3c(=O)[nH]c(N)nc32)[C@@]1(C)O,False,C13H20N6O5,340.1495,24
CC(N)O[C@H]1[C@@H](O)[C@H](n2cnc3c(=O)[nH]c(N)nc32)O[C@@]1(C)CO,False,C13H20N6O5,340.1495,24
CC(N)O[C@H]1[C@@H](O)[C@@](C)(n2cnc3c(=O)[nH]c(N)nc32)O[C@@H]1CO,False,C13H20N6O5,340.1495,24
CC(N)O[C@H]1[C@@H](O)[C@H](n2cnc3c(=O)[nH]c(N)nc32)O[C@@H]1C(C)O,False,C13H20N6O5,340.1495,24
Cc1nc2c(=O)[nH]c(N)nc2n1[C@@H]1O[C@H](CO)[C@@H](OC(C)N)[C@H]1O,False,C13H20N6O5,340.1495,24
Nc1nc2c(ncn2[C@@H]2O[C@H](CO)[C@](CO)(OC=O)[C@H]2O)c(=O)[nH]1,False,C12H15N5O7,341.0971,24
Nc1nc2c(ncn2[C@@H]2O[C@H](CO)[C@@H](OC=O)[C@@]2(O)CO)c(=O)[nH]1,False,C12H15N5O7,341.0971,24
Nc1nc2c(ncn2[C@@H]2OC(CO)(CO)[C@@H](OC=O)[C@H]2O)c(=O)[nH]1,False,C12H15N5O7,341.0971,24
Nc1nc2c(nc(CO)n2[C@@H]2O[C@H](CO)[C@@H](OC=O)[C@H]2O)c(=O)[nH]1,False,C12H15N5O7,341.0971,24
O=c1[nH]c2nc3c1ncn3[C@@H]1O[C@H](CO)[C@@H](OC(CO)=N2)[C@H]1O,False,C12H13N5O6,323.0866,23
Nc1nc2c(ncn2[C@@H]2O[C@H](CO)[C@H]3OC(O)C(O)O[C@H]32)c(=O)[nH]1,False,C12H15N5O7,341.0971,24
Nc1nc2c(ncn2[C@@H]2O[C@H](CO)[C@@]3(OCC(O)O3)[C@H]2O)c(=O)[nH]1,False,C12H15N5O7,341.0971,24
Nc1nc2c(ncn2[C@@H]2O[C@H](CO)[C@H]3OC(O)CO[C@]32O)c(=O)[nH]1,False,C12H15N5O7,341.0971,24
Nc1nc2c(ncn2[C@@H]2O[C@]3(CO)OCC(O)O[C@H]3[C@H]2O)c(=O)[nH]1,False,C12H15N5O7,341.0971,24
Nc1nc2c(ncn2[C@]23OCC(O)O[C@@H]([C@H]2O)[C@@H](CO)O3)c(=O)[nH]1,False,C12H15N5O7,341.0971,24
Nc1nc2c(ncn2[C@@H]2O[C@@H]3C(O)OCC(O)O[C@H]3[C@H]2O)c(=O)[nH]1,False,C12H15N5O7,341.0971,24
Nc1nc2c(nc3n2[C@@H]2O[C@H](CO)[C@@H](OC(O)CO3)[C@H]2O)c(=O)[nH]1,False,C12H15N5O7,341.0971,24
COCC(=O)O[C@H]1[C@@H](O)[C@H](n2cnc3c(=O)[nH]c(N)nc32)O[C@@H]1CO,False,C13H17N5O7,355.1128,25
CC(=O)OCC(=O)O[C@H]1[C@@H](O)[C@H](n2cnc3c(=O)[nH]c(N)nc32)O[C@@H]1CO,False,C14H17N5O8,383.1077,27
Nc1nc2c(ncn2[C@@H]2O[C@H](CO)[C@@H](OC(=O)CCl)[C@H]2O)c(=O)[nH]1,False,C12H14ClN5O6,359.0633,24
Nc1nc2c(ncn2[C@@H]2O[C@H](CO)[C@@H](OC(=O)C(O)O)[C@H]2O)c(=O)[nH]1,False,C12H15N5O8,357.0921,25
Nc1nc2c(ncn2[C@@H]2O[C@H](CO)[C@@H](OC(=O)OCO)[C@H]2O)c(=O)[nH]1,False,C12H15N5O8,357.0921,25
Nc1nc2c(ncn2[C@@H]2O[C@H](CO)[C@@H](OC(O)C(O)O)[C@H]2O)c(=O)[nH]1,False,C12H17N5O8,359.1077,25
C[C@H]1O[C@@H](n2cnc3c(=O)[nH]c(N)nc32)[C@H](O)[C@@H]1OC(=O)CO,False,C12H15N5O6,325.1022,23
Nc1nc2c(ncn2[C@@H]2O[C@H](CO)[C@@H](C(=O)CO)[C@H]2O)c(=O)[nH]1,False,C12H15N5O6,325.1022,23
Nc1nc2c(ncn2[C@@H]2O[C@H](CO)[C@@H](OC(=O)C(=O)O)[C@H]2O)c(=O)[nH]1,False,C12H13N5O8,355.0764,25
Nc1nc2c(ncn2[C@@H]2O[C@H](C(=O)O)[C@@H](OC(=O)CO)[C@H]2O)c(=O)[nH]1,False,C12H13N5O8,355.0764,25
Nc1nc2c(ncn2[C@@H]2O[C@H](CO)[C@@H](OC(=O)C(O)CO)[C@H]2O)c(=O)[nH]1,False,C13H17N5O8,371.1077,26
Nc1nc2c(ncn2[C@@H]2O[C@H](CO)[C@](CO)(OC(=O)CO)[C@H]2O)c(=O)[nH]1,False,C13H17N5O8,371.1077,26
Nc1nc2c(ncn2[C@@H]2O[C@H](CO)[C@@H](OC(=O)CO)[C@@]2(O)CO)c(=O)[nH]1,False,C13H17N5O8,371.1077,26
Nc1nc2c(ncn2[C@@H]2OC(CO)(CO)[C@@H](OC(=O)CO)[C@H]2O)c(=O)[nH]1,False,C13H17N5O8,371.1077,26
Nc1nc2c(ncn2[C@@]2(CO)O[C@H](CO)[C@@H](OC(=O)CO)[C@H]2O)c(=O)[nH]1,False,C13H17N5O8,371.1077,26
Nc1nc2c(ncn2[C@@H]2O[C@H](C(O)CO)[C@@H](OC(=O)CO)[C@H]2O)c(=O)[nH]1,False,C13H17N5O8,371.1077,26
Nc1nc2c(nc(CO)n2[C@@H]2O[C@H](CO)[C@@H](OC(=O)CO)[C@H]2O)c(=O)[nH]1,False,C13H17N5O8,371.1077,26
COC1=Nc2nc3c(ncn3[C@@H]3O[C@H](CO)[C@@H](O1)[C@H]3O)c(=O)[nH]2,False,C12H13N5O6,323.0866,23
Nc1nc2c(ncn2[C@@H]2O[C@H](CO)[C@H]3OC(O)OCO[C@H]32)c(=O)[nH]1,False,C12H15N5O7,341.0971,24
Nc1nc2c(ncn2[C@@H]2O[C@@H]3COCOC(O)O[C@H]3[C@H]2O)c(=O)[nH]1,False,C12H15N5O7,341.0971,24
COC(O)O[C@]12O[C@H]1[C@H](n1cnc3c(=O)[nH]c(N)nc31)O[C@@H]2CO,False,C12H15N5O7,341.0971,24
COC(O)O[C@@]12OC[C@H]1O[C@@H](n1cnc3c(=O)[nH]c(N)nc31)[C@@H]2O,False,C12H15N5O7,341.0971,24
COC(O)O[C@@H]1[C@H]2CO[C@@]1(O)[C@H](n1cnc3c(=O)[nH]c(N)nc31)O2,False,C12H15N5O7,341.0971,24
COC(O)O[C@H]1[C@H]2O[C@@]1(CO)O[C@H]2n1cnc2c(=O)[nH]c(N)nc21,False,C12H15N5O7,341.0971,24
COC(O)O[C@H]1[C@@H](O)[C@H](n2cnc3c(=O)[nH]c(N)nc32)O[C@@]12CO2,False,C12H15N5O7,341.0971,24
COC(O)O[C@H]1[C@H]2O[C@]2(n2cnc3c(=O)[nH]c(N)nc32)O[C@@H]1CO,False,C12H15N5O7,341.0971,24
COC(O)O[C@H]1[C@@H](O)[C@]2(n3cnc4c(=O)[nH]c(N)nc43)OC[C@H]1O2,False,C12H15N5O7,341.0971,24
COC(O)O[C@H]1[C@H]2OC(O)[C@H]1O[C@H]2n1cnc2c(=O)[nH]c(N)nc21,False,C12H15N5O7,341.0971,24
COC(O)O[C@H]1[C@H]2Oc3nc4c(=O)[nH]c(N)nc4n3[C@@H]2O[C@@H]1CO,False,C12H15N5O7,341.0971,24
COC(O)O[C@H]1[C@@H](O)[C@H]2O[C@@H]1COc1nc3c(=O)[nH]c(N)nc3n12,False,C12H15N5O7,341.0971,24
COCO[C@H]1[C@@H](O)[C@H](n2cnc3c(=O)[nH]c(N)nc32)O[C@@H]1CO,False,C12H17N5O6,327.1179,23
COC(=O)O[C@H]1[C@@H](O)[C@H](n2cnc3c(=O)[nH]c(N)nc32)O[C@@H]1C,False,C12H15N5O6,325.1022,23
Nc1nc2c(ncn2[C@@H]2O[C@H](CO)[C@@H](OC(=O)OC=O)[C@H]2O)c(=O)[nH]1,False,C12H13N5O8,355.0764,25
COC(=O)O[C@H]1[C@@H](O)[C@H](n2cnc3c(=O)[nH]c(N)nc32)O[C@@H]1C(=O)O,False,C12H13N5O8,355.0764,25
Nc1nc2c(ncn2[C@@H]2O[C@H](CO)[C@](CO)(OCO)[C@H]2O)c(=O)[nH]1,False,C12H17N5O7,343.1128,24
Nc1nc2c(ncn2[C@@H]2O[C@H](CO)[C@@H](OCO)[C@@]2(O)CO)c(=O)[nH]1,False,C12H17N5O7,343.1128,24
Nc1nc2c(ncn2[C@@H]2OC(CO)(CO)[C@@H](OCO)[C@H]2O)c(=O)[nH]1,False,C12H17N5O7,343.1128,24
Nc1nc2c(nc(CO)n2[C@@H]2O[C@H](CO)[C@@H](OCO)[C@H]2O)c(=O)[nH]1,False,C12H17N5O7,343.1128,24
Nc1nc2c(ncn2[C@@H]2O[C@H](CO)[C@@H](OCC=O)[C@H]2O)c(=O)[nH]1,False,C12H15N5O6,325.1022,23
Nc1nc2c(ncn2[C@@H]2O[C@H](C=O)[C@@H](OCCO)[C@H]2O)c(=O)[nH]1,False,C12H15N5O6,325.1022,23
Nc1nc2c(ncn2[C@@H]2O[C@H](CO)[C@@H](OC(O)C=O)[C@H]2O)c(=O)[nH]1,False,C12H15N5O7,341.0971,24
COCC(O)O[C@H]1[C@@H](O)[C@H](n2cnc3c(=O)[nH]c(N)nc32)O[C@@H]1CO,False,C13H19N5O7,357.1284,25
COC(CO)O[C@H]1[C@@H](O)[C@H](n2cnc3c(=O)[nH]c(N)nc32)O[C@@H]1CO,False,C13H19N5O7,357.1284,25
CC(O)(CO)O[C@H]1[C@@H](O)[C@H](n2cnc3c(=O)[nH]c(N)nc32)O[C@@H]1CO,False,C13H19N5O7,357.1284,25
CC(=O)OCC(O)O[C@H]1[C@@H](O)[C@H](n2cnc3c(=O)[nH]c(N)nc32)O[C@@H]1CO,False,C14H19N5O8,385.1234,27
CC(=O)OC(CO)O[C@H]1[C@@H](O)[C@H](n2cnc3c(=O)[nH]c(N)nc32)O[C@@H]1CO,False,C14H19N5O8,385.1234,27
Nc1nc2c(ncn2[C@@H]2O[C@H](CO)[C@@H](OC(O)CCl)[C@H]2O)c(=O)[nH]1,False,C12H16ClN5O6,361.0789,24
Nc1nc2c(ncn2[C@@H]2O[C@H](CO)[C@@H](OC(Cl)CO)[C@H]2O)c(=O)[nH]1,False,C12H16ClN5O6,361.0789,24
Nc1nc2c(ncn2[C@@H]2O[C@H](CO)[C@@H](OC(O)(O)CO)[C@H]2O)c(=O)[nH]1,False,C12H17N5O8,359.1077,25
C[C@H]1O[C@@H](n2cnc3c(=O)[nH]c(N)nc32)[C@H](O)[C@@H]1OC(O)CO,False,C12H17N5O6,327.1179,23
Nc1nc2c(ncn2[C@@H]2O[C@H](CO)[C@@H](OC(O)C(=O)O)[C@H]2O)c(=O)[nH]1,False,C12H15N5O8,357.0921,25
Nc1nc2c(ncn2[C@@H]2O[C@H](C(=O)O)[C@@H](OC(O)CO)[C@H]2O)c(=O)[nH]1,False,C12H15N5O8,357.0921,25
Nc1nc2c(ncn2[C@@H]2O[C@H](CO)[C@@H](OC(O)C(O)CO)[C@H]2O)c(=O)[nH]1,False,C13H19N5O8,373.1234,26
Nc1nc2c(ncn2[C@@H]2O[C@H](CO)[C@@H](OC(O)(CO)CO)[C@H]2O)c(=O)[nH]1,False,C13H19N5O8,373.1234,26
Nc1nc2c(ncn2[C@@H]2O[C@H](CO)[C@](CO)(OC(O)CO)[C@H]2O)c(=O)[nH]1,False,C13H19N5O8,373.1234,26
Nc1nc2c(ncn2[C@@H]2O[C@H](CO)[C@@H](OC(O)CO)[C@@]2(O)CO)c(=O)[nH]1,False,C13H19N5O8,373.1234,26
Nc1nc2c(ncn2[C@@H]2OC(CO)(CO)[C@@H](OC(O)CO)[C@H]2O)c(=O)[nH]1,False,C13H19N5O8,373.1234,26
Nc1nc2c(ncn2[C@@]2(CO)O[C@H](CO)[C@@H](OC(O)CO)[C@H]2O)c(=O)[nH]1,False,C13H19N5O8,373.1234,26
Nc1nc2c(ncn2[C@@H]2O[C@H](C(O)CO)[C@@H](OC(O)CO)[C@H]2O)c(=O)[nH]1,False,C13H19N5O8,373.1234,26
Nc1nc2c(nc(CO)n2[C@@H]2O[C@H](CO)[C@@H](OC(O)CO)[C@H]2O)c(=O)[nH]1,False,C13H19N5O8,373.1234,26
CC(O)O[C@H]1[C@H]2OC[C@H]1O[C@H]2n1cnc2c(=O)[nH]c(N)nc21,False,C12H15N5O5,309.1073,22
CC(=O)[C@H]1[C@@H](O)[C@H](n2cnc3c(=O)[nH]c(N)nc32)O[C@@H]1C,False,C12H15N5O4,293.1124,21
CC(=O)O[C@H]1[C@@H](O)[C@H](n2cnc3c(=O)n(C(C)=O)c(N)nc32)O[C@@H]1C,False,C14H17N5O6,351.1179,25
CC[C@H]1O[C@@H](n2cnc3c(=O)[nH]c(N)nc32)[C@H](O)[C@@H]1OC(C)=O,False,C13H17N5O5,323.123,23
CC(=O)O[C@H]1[C@@H](O)[C@H](n2cnc3c(=O)[nH]c(N)nc32)OC1(C)C,False,C13H17N5O5,323.123,23
CC(=O)O[C@@]1(C)[C@@H](C)O[C@@H](n2cnc3c(=O)[nH]c(N)nc32)[C@@H]1O,False,C13H17N5O5,323.123,23
CC(=O)O[C@@H]1[C@@H](C)O[C@@H](n2cnc3c(=O)[nH]c(N)nc32)[C@@]1(C)O,False,C13H17N5O5,323.123,23
CC(=O)O[C@H]1[C@@H](O)[C@@](C)(n2cnc3c(=O)[nH]c(N)nc32)O[C@@H]1C,False,C13H17N5O5,323.123,23
CC(=O)O[C@H]1[C@@H](O)[C@H](n2c(C)nc3c(=O)[nH]c(N)nc32)O[C@@H]1C,False,C13H17N5O5,323.123,23
CC(=O)[C@@]1(CO)CO[C@@H](n2cnc3c(=O)[nH]c(N)nc32)[C@@H]1O,False,C12H15N5O5,309.1073,22
Nc1nc2c(ncn2[C@@H]2OC[C@@H](C(=O)CCO)[C@H]2O)c(=O)[nH]1,False,C12H15N5O5,309.1073,22
CC(=O)[C@@H]1CO[C@@H](n2cnc3c(=O)[nH]c(N)nc32)[C@]1(O)CO,False,C12H15N5O5,309.1073,22
CC(=O)[C@@H]1CO[C@@H](n2c(CO)nc3c(=O)[nH]c(N)nc32)[C@@H]1O,False,C12H15N5O5,309.1073,22
C[C@]1(C=O)[C@@H](CO)O[C@@H](n2cnc3c(=O)[nH]c(N)nc32)[C@@H]1O,False,C12H15N5O5,309.1073,22
C[C@]1(O)[C@H](C=O)[C@@H](CO)O[C@H]1n1cnc2c(=O)[nH]c(N)nc21,False,C12H15N5O5,309.1073,22
CC(=O)[C@]1(O)C[C@@H](CO)O[C@H]1n1cnc2c(=O)[nH]c(N)nc21,False,C12H15N5O5,309.1073,22
C[C@@]1(CO)O[C@@H](n2cnc3c(=O)[nH]c(N)nc32)[C@H](O)[C@@H]1C=O,False,C12H15N5O5,309.1073,22
CC(=O)[C@]1(CO)C[C@@H](O)[C@H](n2cnc3c(=O)[nH]c(N)nc32)O1,False,C12H15N5O5,309.1073,22
C[C@]1(n2cnc3c(=O)[nH]c(N)nc32)O[C@H](CO)[C@@H](C=O)[C@H]1O,False,C12H15N5O5,309.1073,22
CC(=O)[C@]1(n2cnc3c(=O)[nH]c(N)nc32)O[C@H](CO)C[C@H]1O,False,C12H15N5O5,309.1073,22
CC(O)[C@H]1O[C@@H](n2cnc3c(=O)[nH]c(N)nc32)[C@H](O)[C@@H]1C=O,False,C12H15N5O5,309.1073,22
CC(=O)C(O)[C@@H]1C[C@@H](O)[C@H](n2cnc3c(=O)[nH]c(N)nc32)O1,False,C12H15N5O5,309.1073,22
Cc1nc2c(=O)[nH]c(N)nc2n1[C@@H]1O[C@H](CO)[C@@H](C=O)[C@H]1O,False,C12H15N5O5,309.1073,22
CC(=O)c1nc2c(=O)[nH]c(N)nc2n1[C@@H]1O[C@H](CO)C[C@H]1O,False,C12H15N5O5,309.1073,22
Nc1nc2c(ncn2[C@@H]2O[C@H](CO)[C@@H](CC=O)[C@H]2O)c(=O)[nH]1,False,C12H15N5O5,309.1073,22
CC1=Nc2nc3c(ncn3[C@@H]3O[C@H](CO)[C@@H]1[C@H]3O)c(=O)[nH]2,False,C12H13N5O4,291.0968,21
CC(O)[C@]12O[C@H]1[C@H](n1cnc3c(=O)[nH]c(N)nc31)O[C@@H]2CO,False,C12H15N5O5,309.1073,22
CC(O)[C@@]12OC[C@H]1O[C@@H](n1cnc3c(=O)[nH]c(N)nc31)[C@@H]2O,False,C12H15N5O5,309.1073,22
Nc1nc2c(ncn2[C@@H]2O[C@H](CO)[C@H]3C(O)CO[C@H]32)c(=O)[nH]1,False,C12H15N5O5,309.1073,22
Nc1nc2c(ncn2[C@@H]2O[C@@H]3COCC(O)[C@H]3[C@H]2O)c(=O)[nH]1,False,C12H15N5O5,309.1073,22
CC(O)[C@@H]1[C@H]2CO[C@@]1(O)[C@H](n1cnc3c(=O)[nH]c(N)nc31)O2,False,C12H15N5O5,309.1073,22
CC(O)[C@H]1[C@H]2O[C@@]1(CO)O[C@H]2n1cnc2c(=O)[nH]c(N)nc21,False,C12H15N5O5,309.1073,22
CC(O)[C@H]1[C@@H](O)[C@H](n2cnc3c(=O)[nH]c(N)nc32)O[C@@]12CO2,False,C12H15N5O5,309.1073,22
CC(O)[C@H]1[C@H]2O[C@]2(n2cnc3c(=O)[nH]c(N)nc32)O[C@@H]1CO,False,C12H15N5O5,309.1073,22
CC(O)[C@H]1[C@@H](O)[C@]2(n3cnc4c(=O)[nH]c(N)nc43)OC[C@H]1O2,False,C12H15N5O5,309.1073,22
CC(O)[C@H]1[C@H]2OC(O)[C@H]1O[C@H]2n1cnc2c(=O)[nH]c(N)nc21,False,C12H15N5O5,309.1073,22
CC(O)[C@H]1[C@H]2Oc3nc4c(=O)[nH]c(N)nc4n3[C@@H]2O[C@@H]1CO,False,C12H15N5O5,309.1073,22
CC(O)[C@H]1[C@@H](O)[C@H]2O[C@@H]1COc1nc3c(=O)[nH]c(N)nc3n12,False,C12H15N5O5,309.1073,22
CC(=O)[C@H]1[C@@H](O)[C@H](n2cnc3c(=O)[nH]c(N)nc32)O[C@@H]1COP(=O)(O)O,False,C12H16N5O8P,389.0736,26
CC(=O)[C@H]1[C@@H](OP(=O)(O)O)[C@H](n2cnc3c(=O)[nH]c(N)nc32)O[C@@H]1CO,False,C12H16N5O8P,389.0736,26
CC(O)[C@H]1[C@@H](O)[C@H](n2cnc3c(=O)[nH]c(N)nc32)O[C@@H]1CO,False,C12H17N5O5,311.123,22
CC(=O)[C@H]1[C@@H](OS(=O)(=O)O)[C@H](n2cnc3c(=O)[nH]c(N)nc32)O[C@@H]1CO,False,C12H15N5O8S,389.0641,26
CC(=O)[C@H]1[C@@H](O)[C@H](n2cnc3c(=O)[nH]c(N)nc32)O[C@@H]1COS(=O)(=O)O,False,C12H15N5O8S,389.0641,26
CC(O)(C#N)[C@H]1[C@@H](O)[C@H](n2cnc3c(=O)[nH]c(N)nc32)O[C@@H]1CO,False,C13H16N6O5,336.1182,24
CC(N)[C@H]1[C@@H](O)[C@H](n2cnc3c(=O)[nH]c(N)nc32)O[C@@H]1CO,False,C12H18N6O4,310.139,22
COC(=O)[C@H]1[C@@H](O)[C@H](n2cnc3c(=O)[nH]c(N)nc32)O[C@@H]1CO,False,C12H15N5O6,325.1022,23
Nc1nc2c(ncn2[C@@H]2O[C@H](CO)[C@@H](C(O)CO)[C@H]2O)c(=O)[nH]1,False,C12H17N5O6,327.1179,23
CC(=O)[C@H]1[C@@H](O)[C@H](n2cnc3c(=O)[nH]c(N)nc32)O[C@@H]1C(=O)O,False,C12H13N5O6,323.0866,23
Nc1nc2c(ncn2[C@@H]2O[C@H](CO)[C@@H](C=O)[C@H]2O)c(=O)[nH]1,False,C11H13N5O5,295.0917,21
CC(=O)[C@@]1(C)[C@@H](CO)O[C@@H](n2cnc3c(=O)[nH]c(N)nc32)[C@@H]1O,False,C13H17N5O5,323.123,23
CC(=O)[C@@H]1[C@@H](CO)O[C@@H](n2cnc3c(=O)[nH]c(N)nc32)[C@@]1(C)O,False,C13H17N5O5,323.123,23
CC(=O)[C@H]1[C@@H](O)[C@H](n2cnc3c(=O)[nH]c(N)nc32)O[C@@]1(C)CO,False,C13H17N5O5,323.123,23
CC(=O)[C@H]1[C@@H](O)[C@@](C)(n2cnc3c(=O)[nH]c(N)nc32)O[C@@H]1CO,False,C13H17N5O5,323.123,23
CC(=O)[C@H]1[C@@H](O)[C@H](n2cnc3c(=O)[nH]c(N)nc32)O[C@@H]1C(C)O,False,C13H17N5O5,323.123,23
CC(=O)[C@H]1[C@@H](O)[C@H](n2c(C)nc3c(=O)[nH]c(N)nc32)O[C@@H]1CO,False,C13H17N5O5,323.123,23
CC(=O)O[C@@H]1CO[C@@H](n2cnc3c(=O)[nH]c(N)nc32)[C@@H]1O,False,C11H13N5O5,295.0917,21
CC(=O)O[C@H]1[C@@H](O)[C@H]2O[C@@H]1C(O)=Nc1nc3c(ncn32)c(=O)[nH]1,False,C12H11N5O6,321.0709,23
CC(=O)O[C@H]1[C@@H](O)[C@H](n2cnc3c(=O)[nH]c(N)nc32)O[C@]12OC2O,False,C12H13N5O7,339.0815,24
CC(O)O[C@H]1[C@@H](O)[C@H](n2cnc3c(=O)[nH]c(N)nc32)O[C@]12OC2=O,False,C12H13N5O7,339.0815,24
CC(=O)O[C@H]1[C@H]2O[C@@]1(C(O)O)O[C@H]2n1cnc2c(=O)[nH]c(N)nc21,False,C12H13N5O7,339.0815,24
CC(=O)O[C@@]12OC(O)[C@H]1O[C@@H](n1cnc3c(=O)[nH]c(N)nc31)[C@@H]2O,False,C12H13N5O7,339.0815,24
CC(O)O[C@@]12OC(=O)[C@H]1O[C@@H](n1cnc3c(=O)[nH]c(N)nc31)[C@@H]2O,False,C12H13N5O7,339.0815,24
CC(=O)O[C@]12O[C@H]1[C@H](n1cnc3c(=O)[nH]c(N)nc31)O[C@@H]2C(O)O,False,C12H13N5O7,339.0815,24
CC(=O)O[C@@H]1[C@@H]2O[C@@H](n3cnc4c(=O)[nH]c(N)nc43)[C@]1(O)OC2O,False,C12H13N5O7,339.0815,24
CC(O)O[C@@H]1[C@@H]2O[C@@H](n3cnc4c(=O)[nH]c(N)nc43)[C@]1(O)OC2=O,False,C12H13N5O7,339.0815,24
CC(=O)O[C@@H]1[C@@H]2O[C@@](n3cnc4c(=O)[nH]c(N)nc43)(OC2O)[C@@H]1O,False,C12H13N5O7,339.0815,24
CC(O)O[C@@H]1[C@@H]2O[C@@](n3cnc4c(=O)[nH]c(N)nc43)(OC2=O)[C@@H]1O,False,C12H13N5O7,339.0815,24
CC(=O)O[C@@H]1[C@@H](C(O)O)O[C@@]2(n3cnc4c(=O)[nH]c(N)nc43)O[C@H]12,False,C12H13N5O7,339.0815,24
Nc1nc2c(ncn2[C@@H]2O[C@@H]3C(O)OCC(=O)O[C@H]3[C@H]2O)c(=O)[nH]1,False,C12H13N5O7,339.0815,24
Nc1nc2c(ncn2[C@@H]2O[C@@H]3C(=O)OCC(O)O[C@H]3[C@H]2O)c(=O)[nH]1,False,C12H13N5O7,339.0815,24
Nc1nc2c(ncn2[C@@H]2O[C@H](C(O)O)[C@H]3OC(=O)CO[C@H]32)c(=O)[nH]1,False,C12H13N5O7,339.0815,24
CC(=O)O[C@H]1[C@@H](O)[C@H]2O[C@@H]1C(O)Oc1nc3c(=O)[nH]c(N)nc3n12,False,C12H13N5O7,339.0815,24
CC(O)O[C@H]1[C@@H](O)[C@H]2O[C@@H]1C(=O)Oc1nc3c(=O)[nH]c(N)nc3n12,False,C12H13N5O7,339.0815,24
CC(=O)O[C@H]1[C@H]2Oc3nc4c(=O)[nH]c(N)nc4n3[C@@H]2O[C@@H]1C(O)O,False,C12H13N5O7,339.0815,24
C[C@H]1O[C@@H](n2cnc3c(=O)[nH]c(N)nc32)[C@H](O)[C@@H]1OC(=O)C(=O)O,False,C12H13N5O7,339.0815,24
CC(=O)O[C@H]1[C@@H](O)[C@H](n2cnc3c(=O)[nH]c(N)nc32)O[C@@H]1C(O)O,False,C12H15N5O7,341.0971,24
CC(=O)O[C@H]1[C@@H](O)[C@H](n2cnc3c(=O)[nH]c(N)nc32)O[C@@H]1C(O)(O)C#N,False,C13H14N6O7,366.0924,26
CC(=O)O[C@H]1[C@@H](O)[C@H](n2cnc3c(=O)[nH]c(N)nc32)O[C@@H]1C(N)=O,False,C12H14N6O6,338.0975,24
Nc1nc2c(ncn2[C@@H]2O[C@H](C(O)O)[C@@H](OC(=O)CO)[C@H]2O)c(=O)[nH]1,False,C12H15N5O8,357.0921,25
CC(=O)O[C@H]1[C@@H](O)[C@H](n2cnc3c(=O)n(C(C)=O)c(N)nc32)O[C@@H]1C(=O)O,False,C14H15N5O8,381.0921,27
CC(=O)O[C@H]1[C@@H](O)[C@H](n2cnc3c(=O)[nH]c(N)nc32)O[C@@]1(C)C(=O)O,False,C13H15N5O7,353.0971,25
CC(=O)O[C@@]1(C)[C@@H](C(=O)O)O[C@@H](n2cnc3c(=O)[nH]c(N)nc32)[C@@H]1O,False,C13H15N5O7,353.0971,25
CC(=O)O[C@@H]1[C@@H](C(=O)O)O[C@@H](n2cnc3c(=O)[nH]c(N)nc32)[C@@]1(C)O,False,C13H15N5O7,353.0971,25
CC(=O)O[C@@H]1[C@@H](C(=O)O)O[C@](C)(n2cnc3c(=O)[nH]c(N)nc32)[C@@H]1O,False,C13H15N5O7,353.0971,25
CC(=O)O[C@H]1[C@@H](O)[C@H](n2c(C)nc3c(=O)[nH]c(N)nc32)O[C@@H]1C(=O)O,False,C13H15N5O7,353.0971,25
CCC(=O)n1c(N)nc2c(ncn2[C@@H]2O[C@H](CO)[C@@H](OC=O)[C@H]2O)c1=O,False,C14H17N5O7,367.1128,26
CC(=O)O[C@H]1[C@@H](O)[C@H](n2c(C)nc3c(=O)n(C=O)c(N)nc32)O[C@@H]1CO,False,C14H17N5O7,367.1128,26
CC(=O)n1c(N)nc2c(nc(C)n2[C@@H]2O[C@H](CO)[C@@H](OC=O)[C@H]2O)c1=O,False,C14H17N5O7,367.1128,26
CC(=O)O[C@H]1[C@@H](O)[C@@](C)(n2cnc3c(=O)n(C=O)c(N)nc32)O[C@@H]1CO,False,C14H17N5O7,367.1128,26
CC(=O)n1c(N)nc2c(ncn2[C@@]2(C)O[C@H](CO)[C@@H](OC=O)[C@H]2O)c1=O,False,C14H17N5O7,367.1128,26
CC(=O)O[C@@H]1[C@@H](CO)O[C@@H](n2cnc3c(=O)n(C=O)c(N)nc32)[C@@]1(C)O,False,C14H17N5O7,367.1128,26
CC(=O)n1c(N)nc2c(ncn2[C@@H]2O[C@H](CO)[C@@H](OC=O)[C@]2(C)O)c1=O,False,C14H17N5O7,367.1128,26
CC(=O)O[C@@]1(C)[C@@H](CO)O[C@@H](n2cnc3c(=O)n(C=O)c(N)nc32)[C@@H]1O,False,C14H17N5O7,367.1128,26
CC(=O)n1c(N)nc2c(ncn2[C@@H]2O[C@H](CO)[C@](C)(OC=O)[C@H]2O)c1=O,False,C14H17N5O7,367.1128,26
CC(=O)O[C@H]1[C@@H](O)[C@H](n2cnc3c(=O)n(C=O)c(N)nc32)O[C@@]1(C)CO,False,C14H17N5O7,367.1128,26
CC(=O)n1c(N)nc2c(ncn2[C@@H]2O[C@@](C)(CO)[C@@H](OC=O)[C@H]2O)c1=O,False,C14H17N5O7,367.1128,26
CC(=O)O[C@H]1[C@@H](O)[C@H](n2cnc3c(=O)n(C=O)c(N)nc32)O[C@@H]1C(C)O,False,C14H17N5O7,367.1128,26
CC(=O)n1c(N)nc2c(ncn2[C@@H]2O[C@H](C(C)O)[C@@H](OC=O)[C@H]2O)c1=O,False,C14H17N5O7,367.1128,26
CCC(=O)O[C@H]1[C@@H](O)[C@H](n2cnc3c(=O)n(C=O)c(N)nc32)O[C@@H]1CO,False,C14H17N5O7,367.1128,26
CC(=O)O[C@H]1[C@@H](O)[C@H](n2cnc3c(=O)n4c(nc32)N=C4C)O[C@@H]1CO,False,C14H15N5O6,349.1022,25
CC(=O)n1c2nc3c(ncn3[C@@H]3O[C@H](CO)[C@@H](OC(C)=N2)[C@H]3O)c1=O,False,C14H15N5O6,349.1022,25
CC(=O)O[C@H]1[C@H]2OCC(O)n3c(N)nc4c(ncn4[C@@H]2O[C@@H]1CO)c3=O,False,C14H17N5O7,367.1128,26
CC(O)O[C@H]1[C@H]2OCC(=O)n3c(N)nc4c(ncn4[C@@H]2O[C@@H]1CO)c3=O,False,C14H17N5O7,367.1128,26
CC(=O)O[C@H]1[C@@H](O)[C@H]2O[C@@H]1COCC(O)n1c(N)nc3c(ncn32)c1=O,False,C14H17N5O7,367.1128,26
CC(O)O[C@H]1[C@@H](O)[C@H]2O[C@@H]1COCC(=O)n1c(N)nc3c(ncn32)c1=O,False,C14H17N5O7,367.1128,26
CC(=O)O[C@H]1[C@H]2Oc3nc4c(=O)n(C(C)O)c(N)nc4n3[C@@H]2O[C@@H]1CO,False,C14H17N5O7,367.1128,26
CC(=O)n1c(N)nc2c(nc3n2[C@@H]2O[C@H](CO)[C@@H](OC(C)O)[C@H]2O3)c1=O,False,C14H17N5O7,367.1128,26
CC(=O)O[C@H]1[C@@H](O)[C@H]2O[C@@H]1COc1nc3c(=O)n(C(C)O)c(N)nc3n12,False,C14H17N5O7,367.1128,26
CC(=O)n1c(N)nc2c(nc3n2[C@@H]2O[C@H](CO3)[C@@H](OC(C)O)[C@H]2O)c1=O,False,C14H17N5O7,367.1128,26
CC(=O)O[C@H]1[C@H]2O[C@]2(n2cnc3c(=O)n(C(C)O)c(N)nc32)O[C@@H]1CO,False,C14H17N5O7,367.1128,26
CC(=O)n1c(N)nc2c(ncn2[C@]23O[C@@H]2[C@H](OC(C)O)[C@@H](CO)O3)c1=O,False,C14H17N5O7,367.1128,26
CC(=O)O[C@H]1[C@@H](O)[C@]2(n3cnc4c(=O)n(C(C)O)c(N)nc43)OC[C@H]1O2,False,C14H17N5O7,367.1128,26
CC(=O)n1c(N)nc2c(ncn2[C@@]23OC[C@@H](O2)[C@@H](OC(C)O)[C@H]3O)c1=O,False,C14H17N5O7,367.1128,26
CC(=O)O[C@@H]1[C@H]2CO[C@@]1(O)[C@H](n1cnc3c(=O)n(C(C)O)c(N)nc31)O2,False,C14H17N5O7,367.1128,26
CC(=O)n1c(N)nc2c(ncn2[C@@H]2O[C@@H]3CO[C@]2(O)[C@@H]3OC(C)O)c1=O,False,C14H17N5O7,367.1128,26
CC(=O)O[C@]12O[C@H]1[C@H](n1cnc3c(=O)n(C(C)O)c(N)nc31)O[C@@H]2CO,False,C14H17N5O7,367.1128,26
CC(=O)n1c(N)nc2c(ncn2[C@@H]2O[C@H](CO)[C@@]3(OC(C)O)O[C@@H]23)c1=O,False,C14H17N5O7,367.1128,26
CC(=O)O[C@@]12OC[C@H]1O[C@@H](n1cnc3c(=O)n(C(C)O)c(N)nc31)[C@@H]2O,False,C14H17N5O7,367.1128,26
CC(=O)n1c(N)nc2c(ncn2[C@@H]2O[C@@H]3CO[C@@]3(OC(C)O)[C@H]2O)c1=O,False,C14H17N5O7,367.1128,26
CC(=O)O[C@H]1[C@H]2O[C@@]1(CO)O[C@H]2n1cnc2c(=O)n(C(C)O)c(N)nc21,False,C14H17N5O7,367.1128,26
CC(=O)n1c(N)nc2c(ncn2[C@@H]2O[C@]3(CO)O[C@@H]2[C@@H]3OC(C)O)c1=O,False,C14H17N5O7,367.1128,26
CC(=O)O[C@H]1[C@@H](O)[C@H](n2cnc3c(=O)n(C(C)O)c(N)nc32)O[C@@]12CO2,False,C14H17N5O7,367.1128,26
CC(=O)n1c(N)nc2c(ncn2[C@@H]2O[C@@]3(CO3)[C@@H](OC(C)O)[C@H]2O)c1=O,False,C14H17N5O7,367.1128,26
CC(=O)O[C@H]1[C@H]2OC(O)[C@H]1O[C@H]2n1cnc2c(=O)n(C(C)O)c(N)nc21,False,C14H17N5O7,367.1128,26
CC(=O)n1c(N)nc2c(ncn2[C@@H]2O[C@@H]3C(O)O[C@@H]2[C@@H]3OC(C)O)c1=O,False,C14H17N5O7,367.1128,26
CC(O)n1c(N)nc2c(ncn2[C@@H]2O[C@H](CO)[C@H]3OC(=O)CO[C@H]32)c1=O,False,C14H17N5O7,367.1128,26
CC(=O)n1c(N)nc2c(ncn2[C@@H]2O[C@H](CO)[C@H]3OC(O)CO[C@H]32)c1=O,False,C14H17N5O7,367.1128,26
CC(O)n1c(N)nc2c(ncn2[C@@H]2O[C@@H]3COCC(=O)O[C@H]3[C@H]2O)c1=O,False,C14H17N5O7,367.1128,26
CC(=O)n1c(N)nc2c(ncn2[C@@H]2O[C@@H]3COCC(O)O[C@H]3[C@H]2O)c1=O,False,C14H17N5O7,367.1128,26
CC(=O)O[C@H]1[C@@H](O)[C@H](n2cnc3c(=O)n(C(C)O)c(N)nc32)O[C@@H]1CO,False,C14H19N5O7,369.1284,26
CC(=O)n1c(N)nc2c(ncn2[C@@H]2O[C@H](CO)[C@@H](OC(C)O)[C@H]2O)c1=O,False,C14H19N5O7,369.1284,26
CCO[C@H]1[C@@H](O)[C@H](n2cnc3c(=O)n(C(C)=O)c(N)nc32)O[C@@H]1CO,False,C14H19N5O6,353.1335,25
CCC(=O)n1c(N)nc2c(ncn2[C@@H]2O[C@H](CO)[C@@H](OC(C)=O)[C@H]2O)c1=O,False,C15H19N5O7,381.1284,27
CCC(=O)O[C@H]1[C@@H](O)[C@H](n2cnc3c(=O)n(C(C)=O)c(N)nc32)O[C@@H]1CO,False,C15H19N5O7,381.1284,27
CC(=O)O[C@H]1[C@@H](O)[C@H](n2cnc3c(=O)n(C(C)(O)C#N)c(N)nc32)O[C@@H]1CO,False,C15H18N6O7,394.1237,28
CC(=O)n1c(N)nc2c(ncn2[C@@H]2O[C@H](CO)[C@@H](OC(C)(O)C#N)[C@H]2O)c1=O,False,C15H18N6O7,394.1237,28
CC(=O)O[C@H]1[C@@H](O)[C@H](n2cnc3c(=O)n(C(C)N)c(N)nc32)O[C@@H]1CO,False,C14H20N6O6,368.1444,26
CC(=O)n1c(N)nc2c(ncn2[C@@H]2O[C@H](CO)[C@@H](OC(C)N)[C@H]2O)c1=O,False,C14H20N6O6,368.1444,26
CC(=O)O[C@H]1[C@@H](O)[C@H](n2cnc3c(=O)n(C(=O)CO)c(N)nc32)O[C@@H]1CO,False,C14H17N5O8,383.1077,27
CC(=O)n1c(N)nc2c(ncn2[C@@H]2O[C@H](CO)[C@@H](OC(=O)CO)[C@H]2O)c1=O,False,C14H17N5O8,383.1077,27
COC(=O)n1c(N)nc2c(ncn2[C@@H]2O[C@H](CO)[C@@H](OC(C)=O)[C@H]2O)c1=O,False,C14H17N5O8,383.1077,27
COC(=O)O[C@H]1[C@@H](O)[C@H](n2cnc3c(=O)n(C(C)=O)c(N)nc32)O[C@@H]1CO,False,C14H17N5O8,383.1077,27
CC(=O)O[C@H]1[C@@H](O)[C@H](n2cnc3c(=O)n(C(O)CO)c(N)nc32)O[C@@H]1CO,False,C14H19N5O8,385.1234,27
CC(O)O[C@H]1[C@@H](O)[C@H](n2cnc3c(=O)n(C(=O)CO)c(N)nc32)O[C@@H]1CO,False,C14H19N5O8,385.1234,27
CC(O)n1c(N)nc2c(ncn2[C@@H]2O[C@H](CO)[C@@H](OC(=O)CO)[C@H]2O)c1=O,False,C14H19N5O8,385.1234,27
CC(=O)n1c(N)nc2c(ncn2[C@@H]2O[C@H](CO)[C@@H](OC(O)CO)[C@H]2O)c1=O,False,C14H19N5O8,385.1234,27
CC(=O)[C@H]1[C@@H](O)[C@H](n2cnc3c(=O)n(C(C)=O)c(N)nc32)O[C@@H]1CO,False,C14H17N5O6,351.1179,25
CC(=O)O[C@H]1[C@@H](O)[C@H](n2cnc3c(=O)n(C=O)c(N)nc32)O[C@@H]1CO,False,C13H15N5O7,353.0971,25
CC(=O)n1c(N)nc2c(ncn2[C@@H]2O[C@H](CO)[C@@H](OC=O)[C@H]2O)c1=O,False,C13H15N5O7,353.0971,25
CC(=O)O[C@H]1[C@@H](O)[C@H](n2c(C)nc3c(=O)n(C(C)=O)c(N)nc32)O[C@@H]1CO,False,C15H19N5O7,381.1284,27
CC(=O)O[C@H]1[C@@H](O)[C@@](C)(n2cnc3c(=O)n(C(C)=O)c(N)nc32)O[C@@H]1CO,False,C15H19N5O7,381.1284,27
CC(=O)O[C@@H]1[C@@H](CO)O[C@@H](n2cnc3c(=O)n(C(C)=O)c(N)nc32)[C@@]1(C)O,False,C15H19N5O7,381.1284,27
CC(=O)O[C@@]1(C)[C@@H](CO)O[C@@H](n2cnc3c(=O)n(C(C)=O)c(N)nc32)[C@@H]1O,False,C15H19N5O7,381.1284,27
CC(=O)O[C@H]1[C@@H](O)[C@H](n2cnc3c(=O)n(C(C)=O)c(N)nc32)O[C@@]1(C)CO,False,C15H19N5O7,381.1284,27
CC(=O)O[C@H]1[C@@H](O)[C@H](n2cnc3c(=O)n(C(C)=O)c(N)nc32)O[C@@H]1C(C)O,False,C15H19N5O7,381.1284,27
C[C@]1(OC=O)[C@@H](CO)O[C@@H](n2cnc3c(=O)[nH]c(N)nc32)[C@@]1(C)O,False,C13H17N5O6,339.1179,24
C[C@@]1(CO)O[C@@H](n2cnc3c(=O)[nH]c(N)nc32)[C@H](O)[C@@]1(C)OC=O,False,C13H17N5O6,339.1179,24
C[C@@]1(OC=O)[C@@H](O)[C@@](C)(n2cnc3c(=O)[nH]c(N)nc32)O[C@@H]1CO,False,C13H17N5O6,339.1179,24
Cc1nc2c(=O)[nH]c(N)nc2n1[C@@H]1O[C@H](CO)[C@](C)(OC=O)[C@H]1O,False,C13H17N5O6,339.1179,24
CC1=Nc2nc3c(ncn3[C@@H]3O[C@H](CO)[C@](C)(O1)[C@H]3O)c(=O)[nH]2,False,C13H15N5O5,321.1073,23
CC(O)O[C@]12CO[C@H]1[C@H](n1cnc3c(=O)[nH]c(N)nc31)O[C@@H]2CO,False,C13H17N5O6,339.1179,24
CC(O)O[C@@]12COC[C@H]1O[C@@H](n1cnc3c(=O)[nH]c(N)nc31)[C@@H]2O,False,C13H17N5O6,339.1179,24
C[C@@]12OC(O)CO[C@H]1[C@H](n1cnc3c(=O)[nH]c(N)nc31)O[C@@H]2CO,False,C13H17N5O6,339.1179,24
C[C@]12OC(O)COC[C@H]1O[C@@H](n1cnc3c(=O)[nH]c(N)nc31)[C@@H]2O,False,C13H17N5O6,339.1179,24
C[C@]1(OC(=O)CC(=O)O)[C@@H](CO)O[C@@H](n2cnc3c(=O)[nH]c(N)nc32)[C@@H]1O,False,C14H17N5O8,383.1077,27
C[C@]1(OC(=O)CO)[C@@H](CO)O[C@@H](n2cnc3c(=O)[nH]c(N)nc32)[C@@H]1O,False,C13H17N5O7,355.1128,25
COC(=O)O[C@@]1(C)[C@@H](CO)O[C@@H](n2cnc3c(=O)[nH]c(N)nc32)[C@@H]1O,False,C13H17N5O7,355.1128,25
C[C@]1(OC(O)CO)[C@@H](CO)O[C@@H](n2cnc3c(=O)[nH]c(N)nc32)[C@@H]1O,False,C13H19N5O7,357.1284,25
CC[C@]1(OC(C)=O)[C@@H](CO)O[C@@H](n2cnc3c(=O)[nH]c(N)nc32)[C@@H]1O,False,C14H19N5O6,353.1335,25
CC(=O)O[C@@]1(C)[C@@H](CO)O[C@@H](n2cnc3c(=O)[nH]c(N)nc32)[C@@]1(C)O,False,C14H19N5O6,353.1335,25
CC(=O)O[C@]1(C)[C@@H](O)[C@H](n2cnc3c(=O)[nH]c(N)nc32)O[C@@]1(C)CO,False,C14H19N5O6,353.1335,25
CC(=O)O[C@]1(C)[C@@H](O)[C@@](C)(n2cnc3c(=O)[nH]c(N)nc32)O[C@@H]1CO,False,C14H19N5O6,353.1335,25
CC(=O)O[C@@]1(C)[C@@H](C(C)O)O[C@@H](n2cnc3c(=O)[nH]c(N)nc32)[C@@H]1O,False,C14H19N5O6,353.1335,25
CC(=O)O[C@@]1(C)[C@@H](CO)O[C@@H](n2c(C)nc3c(=O)[nH]c(N)nc32)[C@@H]1O,False,C14H19N5O6,353.1335,25
C[C@]1(O)[C@H](OC=O)[C@@H](CO)O[C@]1(C)n1cnc2c(=O)[nH]c(N)nc21,False,C13H17N5O6,339.1179,24
C[C@@]1(O)[C@H](n2cnc3c(=O)[nH]c(N)nc32)O[C@@](C)(CO)[C@H]1OC=O,False,C13H17N5O6,339.1179,24
Cc1nc2c(=O)[nH]c(N)nc2n1[C@@H]1O[C@H](CO)[C@@H](OC=O)[C@]1(C)O,False,C13H17N5O6,339.1179,24
CC1=Nc2nc3c(ncn3[C@@H]3O[C@H](CO)[C@@H](O1)[C@]3(C)O)c(=O)[nH]2,False,C13H15N5O5,321.1073,23
CC(O)O[C@@H]1[C@@H](CO)O[C@@H](n2cnc3c(=O)[nH]c(N)nc32)[C@]12CO2,False,C13H17N5O6,339.1179,24
CC(O)O[C@@H]1[C@H]2COC[C@@]1(O)[C@H](n1cnc3c(=O)[nH]c(N)nc31)O2,False,C13H17N5O6,339.1179,24
C[C@]12OCC(O)O[C@@H]1[C@@H](CO)O[C@H]2n1cnc2c(=O)[nH]c(N)nc21,False,C13H17N5O6,339.1179,24
C[C@]1(O)[C@@H]2OC(O)COC[C@H]2O[C@H]1n1cnc2c(=O)[nH]c(N)nc21,False,C13H17N5O6,339.1179,24
C[C@]1(O)[C@H](OC(=O)CC(=O)O)[C@@H](CO)O[C@H]1n1cnc2c(=O)[nH]c(N)nc21,False,C14H17N5O8,383.1077,27
C[C@]1(O)[C@H](OC(=O)CO)[C@@H](CO)O[C@H]1n1cnc2c(=O)[nH]c(N)nc21,False,C13H17N5O7,355.1128,25
COC(=O)O[C@@H]1[C@@H](CO)O[C@@H](n2cnc3c(=O)[nH]c(N)nc32)[C@@]1(C)O,False,C13H17N5O7,355.1128,25
C[C@]1(O)[C@H](OC(O)CO)[C@@H](CO)O[C@H]1n1cnc2c(=O)[nH]c(N)nc21,False,C13H19N5O7,357.1284,25
CC[C@]1(O)[C@H](OC(C)=O)[C@@H](CO)O[C@H]1n1cnc2c(=O)[nH]c(N)nc21,False,C14H19N5O6,353.1335,25
CC(=O)O[C@@H]1[C@@H](CO)O[C@](C)(n2cnc3c(=O)[nH]c(N)nc32)[C@@]1(C)O,False,C14H19N5O6,353.1335,25
CC(=O)O[C@H]1[C@](C)(O)[C@H](n2cnc3c(=O)[nH]c(N)nc32)O[C@@]1(C)CO,False,C14H19N5O6,353.1335,25
CC(=O)O[C@@H]1[C@@H](C(C)O)O[C@@H](n2cnc3c(=O)[nH]c(N)nc32)[C@@]1(C)O,False,C14H19N5O6,353.1335,25
CC(=O)O[C@@H]1[C@@H](CO)O[C@@H](n2c(C)nc3c(=O)[nH]c(N)nc32)[C@@]1(C)O,False,C14H19N5O6,353.1335,25
CC(=O)O[C@H]1[C@@H](O)[C@@](CO)(n2cnc3c(=O)[nH]c(N)nc32)O[C@@H]1C,False,C13H17N5O6,339.1179,24
C[C@]1(n2cnc3c(=O)[nH]c(N)nc32)O[C@@](C)(CO)[C@@H](OC=O)[C@H]1O,False,C13H17N5O6,339.1179,24
Cc1nc2c(=O)[nH]c(N)nc2n1[C@@H]1O[C@@](C)(CO)[C@@H](OC=O)[C@H]1O,False,C13H17N5O6,339.1179,24
CC1=Nc2nc3c(ncn3[C@@H]3O[C@@](C)(CO)[C@@H](O1)[C@H]3O)c(=O)[nH]2,False,C13H15N5O5,321.1073,23
CC(O)O[C@H]1[C@@H](O)[C@H](n2cnc3c(=O)[nH]c(N)nc32)OC12COC2,False,C13H17N5O6,339.1179,24
CC(O)O[C@H]1[C@H]2OC[C@@]1(CO)O[C@H]2n1cnc2c(=O)[nH]c(N)nc21,False,C13H17N5O6,339.1179,24
C[C@]12COCC(O)O[C@H]1[C@@H](O)[C@H](n1cnc3c(=O)[nH]c(N)nc31)O2,False,C13H17N5O6,339.1179,24
C[C@@]1(CO)O[C@@H](n2cnc3c(=O)[nH]c(N)nc32)[C@@H]2OCC(O)O[C@@H]21,False,C13H17N5O6,339.1179,24
C[C@@]1(CO)O[C@@H](n2cnc3c(=O)[nH]c(N)nc32)[C@H](O)[C@@H]1OC(=O)CC(=O)O,False,C14H17N5O8,383.1077,27
C[C@@]1(CO)O[C@@H](n2cnc3c(=O)[nH]c(N)nc32)[C@H](O)[C@@H]1OC(=O)CO,False,C13H17N5O7,355.1128,25
COC(=O)O[C@H]1[C@@H](O)[C@H](n2cnc3c(=O)[nH]c(N)nc32)O[C@@]1(C)CO,False,C13H17N5O7,355.1128,25
C[C@@]1(CO)O[C@@H](n2cnc3c(=O)[nH]c(N)nc32)[C@H](O)[C@@H]1OC(O)CO,False,C13H19N5O7,357.1284,25
CC[C@@]1(CO)O[C@@H](n2cnc3c(=O)[nH]c(N)nc32)[C@H](O)[C@@H]1OC(C)=O,False,C14H19N5O6,353.1335,25
CC(=O)O[C@H]1[C@@H](O)[C@H](n2cnc3c(=O)[nH]c(N)nc32)O[C@@]1(C)C(C)O,False,C14H19N5O6,353.1335,25
CC(=O)O[C@H]1[C@@H](O)[C@@](C)(n2cnc3c(=O)[nH]c(N)nc32)O[C@@]1(C)CO,False,C14H19N5O6,353.1335,25
CC(=O)O[C@H]1[C@@H](O)[C@H](n2c(C)nc3c(=O)[nH]c(N)nc32)O[C@@]1(C)CO,False,C14H19N5O6,353.1335,25
Cc1nc2c(=O)[nH]c(N)nc2n1[C@@]1(C)O[C@H](CO)[C@@H](OC=O)[C@H]1O,False,C13H17N5O6,339.1179,24
CC1=Nc2nc3c(ncn3[C@@]3(C)O[C@H](CO)[C@@H](O1)[C@H]3O)c(=O)[nH]2,False,C13H15N5O5,321.1073,23
CC(O)O[C@H]1[C@H]2OC[C@]2(n2cnc3c(=O)[nH]c(N)nc32)O[C@@H]1CO,False,C13H17N5O6,339.1179,24
CC(O)O[C@H]1[C@@H](O)[C@]2(n3cnc4c(=O)[nH]c(N)nc43)COC[C@H]1O2,False,C13H17N5O6,339.1179,24
C[C@]1(n2cnc3c(=O)[nH]c(N)nc32)O[C@H](CO)[C@H]2OC(O)CO[C@H]21,False,C13H17N5O6,339.1179,24
C[C@]1(n2cnc3c(=O)[nH]c(N)nc32)O[C@@H]2COCC(O)O[C@H]2[C@H]1O,False,C13H17N5O6,339.1179,24
C[C@]1(n2cnc3c(=O)[nH]c(N)nc32)O[C@H](CO)[C@@H](OC(=O)CC(=O)O)[C@H]1O,False,C14H17N5O8,383.1077,27
C[C@]1(n2cnc3c(=O)[nH]c(N)nc32)O[C@H](CO)[C@@H](OC(=O)CO)[C@H]1O,False,C13H17N5O7,355.1128,25
COC(=O)O[C@H]1[C@@H](O)[C@@](C)(n2cnc3c(=O)[nH]c(N)nc32)O[C@@H]1CO,False,C13H17N5O7,355.1128,25
C[C@]1(n2cnc3c(=O)[nH]c(N)nc32)O[C@H](CO)[C@@H](OC(O)CO)[C@H]1O,False,C13H19N5O7,357.1284,25
CC[C@]1(n2cnc3c(=O)[nH]c(N)nc32)O[C@H](CO)[C@@H](OC(C)=O)[C@H]1O,False,C14H19N5O6,353.1335,25
CC(=O)O[C@H]1[C@@H](O)[C@@](C)(n2c(C)nc3c(=O)[nH]c(N)nc32)O[C@@H]1CO,False,C14H19N5O6,353.1335,25
CC(=O)O[C@@H]1[C@@H](C(C)O)O[C@](C)(n2cnc3c(=O)[nH]c(N)nc32)[C@@H]1O,False,C14H19N5O6,353.1335,25
CC1=Nc2nc3c(ncn3[C@@H]3O[C@H](C(C)O)[C@@H](O1)[C@H]3O)c(=O)[nH]2,False,C13H15N5O5,321.1073,23
CC(O)O[C@H]1[C@@H](O)[C@H](n2cnc3c(=O)[nH]c(N)nc32)O[C@@H]1C1CO1,False,C13H17N5O6,339.1179,24
CC(O)O[C@H]1[C@H]2OCC(O)[C@H]1O[C@H]2n1cnc2c(=O)[nH]c(N)nc21,False,C13H17N5O6,339.1179,24
CC1OCC(O)O[C@H]2[C@@H](O)[C@H](n3cnc4c(=O)[nH]c(N)nc43)O[C@H]12,False,C13H17N5O6,339.1179,24
CC(O)[C@H]1O[C@@H](n2cnc3c(=O)[nH]c(N)nc32)[C@@H]2OCC(O)O[C@@H]21,False,C13H17N5O6,339.1179,24
CC(=O)O[C@H]1[C@@H](O)[C@H](n2cnc3c(=O)[nH]c(N)nc32)O[C@@H]1C(C)(C)O,False,C14H19N5O6,353.1335,25
CCC(O)[C@H]1O[C@@H](n2cnc3c(=O)[nH]c(N)nc32)[C@H](O)[C@@H]1OC(C)=O,False,C14H19N5O6,353.1335,25
CC(O)[C@H]1O[C@@H](n2cnc3c(=O)[nH]c(N)nc32)[C@H](O)[C@@H]1OC(=O)CC(=O)O,False,C14H17N5O8,383.1077,27
CC(=O)O[C@H]1[C@@H](O)[C@H](n2cnc3c(=O)[nH]c(N)nc32)O[C@@H]1C(C)(O)C(=O)O,False,C14H17N5O8,383.1077,27
CC(=O)O[C@H]1[C@@H](O)[C@H](n2cnc3c(=O)[nH]c(N)nc32)O[C@@H]1C(O)CC(=O)O,False,C14H17N5O8,383.1077,27
CC(=O)O[C@H]1[C@@H](O)[C@H](n2cnc3c(=O)[nH]c(N)nc32)O[C@@H]1C(C)Cl,False,C13H16ClN5O5,357.084,24
CC(=O)O[C@H]1[C@@H](O)[C@H](n2cnc3c(=O)[nH]c(N)nc32)O[C@@H]1C(C)(O)O,False,C13H17N5O7,355.1128,25
CC(=O)O[C@H]1[C@@H](O)[C@H](n2cnc3c(=O)[nH]c(N)nc32)O[C@@H]1C(O)CO,False,C13H17N5O7,355.1128,25
CC(O)[C@H]1O[C@@H](n2cnc3c(=O)[nH]c(N)nc32)[C@H](O)[C@@H]1OC(=O)CO,False,C13H17N5O7,355.1128,25
COC(=O)O[C@H]1[C@@H](O)[C@H](n2cnc3c(=O)[nH]c(N)nc32)O[C@@H]1C(C)O,False,C13H17N5O7,355.1128,25
CC(O)O[C@H]1[C@@H](O)[C@H](n2cnc3c(=O)[nH]c(N)nc32)O[C@@H]1C(C)(O)O,False,C13H19N5O7,357.1284,25
CC(O)O[C@H]1[C@@H](O)[C@H](n2cnc3c(=O)[nH]c(N)nc32)O[C@@H]1C(O)CO,False,C13H19N5O7,357.1284,25
CC(O)[C@H]1O[C@@H](n2cnc3c(=O)[nH]c(N)nc32)[C@H](O)[C@@H]1OC(O)CO,False,C13H19N5O7,357.1284,25
CC(=O)O[C@H]1[C@@H](O)[C@H](n2c(C)nc3c(=O)[nH]c(N)nc32)O[C@@H]1C(C)O,False,C14H19N5O6,353.1335,25
CC(O)[C@H]1O[C@@H](n2cnc3c(=O)[nH]c(N)nc32)[C@H](O)[C@@H]1OC(C)(C)O,False,C14H21N5O6,355.1492,25
CC1=Nc2nc3c(nc(C)n3[C@@H]3O[C@H](CO)[C@@H](O1)[C@H]3O)c(=O)[nH]2,False,C13H15N5O5,321.1073,23
CC(O)O[C@H]1[C@H]2OCc3nc4c(=O)[nH]c(N)nc4n3[C@@H]2O[C@@H]1CO,False,C13H17N5O6,339.1179,24
CC(O)O[C@H]1[C@@H](O)[C@H]2O[C@@H]1COCc1nc3c(=O)[nH]c(N)nc3n12,False,C13H17N5O6,339.1179,24
Cc1nc2c(=O)[nH]c(N)nc2n1[C@@H]1O[C@H](CO)[C@H]2OC(O)CO[C@H]21,False,C13H17N5O6,339.1179,24
Cc1nc2c(=O)[nH]c(N)nc2n1[C@@H]1O[C@@H]2COCC(O)O[C@H]2[C@H]1O,False,C13H17N5O6,339.1179,24
Cc1nc2c(=O)[nH]c(N)nc2n1[C@@H]1O[C@H](CO)[C@@H](OC(=O)CC(=O)O)[C@H]1O,False,C14H17N5O8,383.1077,27
Cc1nc2c(=O)[nH]c(N)nc2n1[C@@H]1O[C@H](CO)[C@@H](OC(=O)CO)[C@H]1O,False,C13H17N5O7,355.1128,25
COC(=O)O[C@H]1[C@@H](O)[C@H](n2c(C)nc3c(=O)[nH]c(N)nc32)O[C@@H]1CO,False,C13H17N5O7,355.1128,25
Cc1nc2c(=O)[nH]c(N)nc2n1[C@@H]1O[C@H](CO)[C@@H](OC(O)CO)[C@H]1O,False,C13H19N5O7,357.1284,25
CCc1nc2c(=O)[nH]c(N)nc2n1[C@@H]1O[C@H](CO)[C@@H](OC(C)=O)[C@H]1O,False,C14H19N5O6,353.1335,25
C[C@@]12OC=Nc3nc4c(ncn4[C@@H]1O[C@H](CO)[C@H]2O)c(=O)[nH]3,False,C12H13N5O5,307.0917,22
Nc1nc2c(ncn2[C@@H]2O[C@H](CO)[C@H]3OC[C@]32OCO)c(=O)[nH]1,False,C12H15N5O6,325.1022,23
Nc1nc2c(ncn2[C@@H]2O[C@@H]3COC[C@]2(OCO)[C@@H]3O)c(=O)[nH]1,False,C12H15N5O6,325.1022,23
C[C@]1(OCO)[C@@H]2O[C@]1(n1cnc3c(=O)[nH]c(N)nc31)O[C@@H]2CO,False,C12H15N5O6,325.1022,23
C[C@]1(OCO)[C@H](O)[C@H]2CO[C@]1(n1cnc3c(=O)[nH]c(N)nc31)O2,False,C12H15N5O6,325.1022,23
C[C@@]1(OCO)[C@H](n2cnc3c(=O)[nH]c(N)nc32)O[C@@H]2CO[C@]21O,False,C12H15N5O6,325.1022,23
C[C@]1(OCO)[C@@H]2O[C@@]2(CO)O[C@H]1n1cnc2c(=O)[nH]c(N)nc21,False,C12H15N5O6,325.1022,23
C[C@]1(OCO)[C@H](O)[C@]2(CO2)O[C@H]1n1cnc2c(=O)[nH]c(N)nc21,False,C12H15N5O6,325.1022,23
C[C@]1(OCO)[C@@H]2Oc3nc4c(=O)[nH]c(N)nc4n3[C@@H]1O[C@@H]2CO,False,C12H15N5O6,325.1022,23
C[C@]1(OCO)[C@H](O)[C@H]2COc3nc4c(=O)[nH]c(N)nc4n3[C@@H]1O2,False,C12H15N5O6,325.1022,23
C[C@]1(OCO)[C@@H]2OC(O)[C@H]2O[C@H]1n1cnc2c(=O)[nH]c(N)nc21,False,C12H15N5O6,325.1022,23
CO[C@@]1(C)[C@H](O)[C@@H](CO)O[C@H]1n1cnc2c(=O)[nH]c(N)nc21,False,C12H17N5O5,311.123,22
C[C@H]1O[C@@H](n2cnc3c(=O)[nH]c(N)nc32)[C@@](C)(OC=O)[C@@H]1O,False,C12H15N5O5,309.1073,22
C[C@]1(OC=O)[C@H](O)[C@@H](C(=O)O)O[C@H]1n1cnc2c(=O)[nH]c(N)nc21,False,C12H13N5O7,339.0815,24
C[C@]12O[C@H](CO)[C@@H](O)[C@H]1OC=Nc1nc3c(ncn32)c(=O)[nH]1,False,C12H13N5O5,307.0917,22
Nc1nc2c(ncn2[C@]23CO[C@@H]([C@H]2OCO)[C@@H](CO)O3)c(=O)[nH]1,False,C12H15N5O6,325.1022,23
Nc1nc2c(ncn2[C@@]23COC[C@@H](O2)[C@@H](O)[C@H]3OCO)c(=O)[nH]1,False,C12H15N5O6,325.1022,23
C[C@]1(n2cnc3c(=O)[nH]c(N)nc32)O[C@H](CO)[C@H]2O[C@]21OCO,False,C12H15N5O6,325.1022,23
C[C@]1(n2cnc3c(=O)[nH]c(N)nc32)O[C@@H]2CO[C@]1(OCO)[C@@H]2O,False,C12H15N5O6,325.1022,23
C[C@]1(n2cnc3c(=O)[nH]c(N)nc32)O[C@@H]2CO[C@@]2(O)[C@H]1OCO,False,C12H15N5O6,325.1022,23
C[C@@]12O[C@H](CO)[C@@H](Oc3nc4c(=O)[nH]c(N)nc4n31)[C@H]2OCO,False,C12H15N5O6,325.1022,23
C[C@@]12O[C@H](COc3nc4c(=O)[nH]c(N)nc4n31)[C@@H](O)[C@H]2OCO,False,C12H15N5O6,325.1022,23
C[C@]1(n2cnc3c(=O)[nH]c(N)nc32)O[C@]2(CO)O[C@H]2[C@H]1OCO,False,C12H15N5O6,325.1022,23
C[C@]1(n2cnc3c(=O)[nH]c(N)nc32)O[C@@]2(CO2)[C@@H](O)[C@H]1OCO,False,C12H15N5O6,325.1022,23
C[C@]1(n2cnc3c(=O)[nH]c(N)nc32)O[C@@H]2C(O)O[C@H]2[C@H]1OCO,False,C12H15N5O6,325.1022,23
CO[C@@H]1[C@H](O)[C@@H](CO)O[C@]1(C)n1cnc2c(=O)[nH]c(N)nc21,False,C12H17N5O5,311.123,22
C[C@H]1O[C@](C)(n2cnc3c(=O)[nH]c(N)nc32)[C@H](OC=O)[C@@H]1O,False,C12H15N5O5,309.1073,22
C[C@]1(n2cnc3c(=O)[nH]c(N)nc32)O[C@H](C(=O)O)[C@@H](O)[C@H]1OC=O,False,C12H13N5O7,339.0815,24
C[C@]1(O)[C@@H](CO)O[C@@H]2[C@@H]1OC=Nc1nc3c(ncn32)c(=O)[nH]1,False,C12H13N5O5,307.0917,22
Nc1nc2c(ncn2[C@@H]2O[C@H](CO)[C@@]3(CO3)[C@H]2OCO)c(=O)[nH]1,False,C12H15N5O6,325.1022,23
Nc1nc2c(ncn2[C@@H]2O[C@@H]3COC[C@@]3(O)[C@H]2OCO)c(=O)[nH]1,False,C12H15N5O6,325.1022,23
C[C@@]12O[C@@]1(OCO)[C@H](n1cnc3c(=O)[nH]c(N)nc31)O[C@@H]2CO,False,C12H15N5O6,325.1022,23
C[C@]1(O)[C@H]2CO[C@@]1(OCO)[C@H](n1cnc3c(=O)[nH]c(N)nc31)O2,False,C12H15N5O6,325.1022,23
C[C@]12O[C@@]1(CO)O[C@@H](n1cnc3c(=O)[nH]c(N)nc31)[C@@H]2OCO,False,C12H15N5O6,325.1022,23
C[C@@]1(O)[C@@H](OCO)[C@H](n2cnc3c(=O)[nH]c(N)nc32)O[C@@]12CO2,False,C12H15N5O6,325.1022,23
C[C@]12O[C@](n3cnc4c(=O)[nH]c(N)nc43)(O[C@@H]1CO)[C@@H]2OCO,False,C12H15N5O6,325.1022,23
C[C@@]1(O)[C@@H](OCO)[C@]2(n3cnc4c(=O)[nH]c(N)nc43)OC[C@H]1O2,False,C12H15N5O6,325.1022,23
C[C@]12OC(O)[C@H]1O[C@@H](n1cnc3c(=O)[nH]c(N)nc31)[C@@H]2OCO,False,C12H15N5O6,325.1022,23
C[C@]12Oc3nc4c(=O)[nH]c(N)nc4n3[C@H](O[C@@H]1CO)[C@@H]2OCO,False,C12H15N5O6,325.1022,23
C[C@]1(O)[C@H]2COc3nc4c(=O)[nH]c(N)nc4n3[C@H](O2)[C@@H]1OCO,False,C12H15N5O6,325.1022,23
CO[C@H]1[C@H](n2cnc3c(=O)[nH]c(N)nc32)O[C@H](CO)[C@]1(C)O,False,C12H17N5O5,311.123,22
C[C@H]1O[C@@H](n2cnc3c(=O)[nH]c(N)nc32)[C@H](OC=O)[C@@]1(C)O,False,C12H15N5O5,309.1073,22
C[C@]1(O)[C@@H](C(=O)O)O[C@@H](n2cnc3c(=O)[nH]c(N)nc32)[C@@H]1OC=O,False,C12H13N5O7,339.0815,24
C[C@H]1O[C@](CO)(n2cnc3c(=O)[nH]c(N)nc32)[C@H](OC=O)[C@@H]1O,False,C12H15N5O6,325.1022,23
C[C@@]1(CO)O[C@@H]2[C@H](OC=Nc3nc4c(ncn42)c(=O)[nH]3)[C@@H]1O,False,C12H13N5O5,307.0917,22
Nc1nc2c(ncn2[C@@H]2O[C@]3(CO)CO[C@H]3[C@H]2OCO)c(=O)[nH]1,False,C12H15N5O6,325.1022,23
Nc1nc2c(ncn2[C@@H]2OC3(COC3)[C@@H](O)[C@H]2OCO)c(=O)[nH]1,False,C12H15N5O6,325.1022,23
C[C@]12CO[C@@]1(O)[C@@H](OCO)[C@H](n1cnc3c(=O)[nH]c(N)nc31)O2,False,C12H15N5O6,325.1022,23
C[C@@]12O[C@@H](n3cnc4c(=O)[nH]c(N)nc43)[C@H](OCO)[C@@H]1OC2O,False,C12H15N5O6,325.1022,23
C[C@@]1(CO)O[C@@H](n2cnc3c(=O)[nH]c(N)nc32)[C@]2(OCO)O[C@@H]21,False,C12H15N5O6,325.1022,23
C[C@@]12CO[C@@](OCO)([C@H](n3cnc4c(=O)[nH]c(N)nc43)O1)[C@@H]2O,False,C12H15N5O6,325.1022,23
C[C@@]1(CO)O[C@@]2(n3cnc4c(=O)[nH]c(N)nc43)O[C@H]1[C@H]2OCO,False,C12H15N5O6,325.1022,23
C[C@@]12CO[C@](n3cnc4c(=O)[nH]c(N)nc43)(O1)[C@H](OCO)[C@@H]2O,False,C12H15N5O6,325.1022,23
C[C@@]1(CO)O[C@@H]2[C@H](OCO)[C@@H]1Oc1nc3c(=O)[nH]c(N)nc3n12,False,C12H15N5O6,325.1022,23
C[C@@]12COc3nc4c(=O)[nH]c(N)nc4n3[C@H](O1)[C@H](OCO)[C@@H]2O,False,C12H15N5O6,325.1022,23
CO[C@H]1[C@H](n2cnc3c(=O)[nH]c(N)nc32)O[C@@](C)(CO)[C@H]1O,False,C12H17N5O5,311.123,22
CC1(C)O[C@@H](n2cnc3c(=O)[nH]c(N)nc32)[C@H](OC=O)[C@@H]1O,False,C12H15N5O5,309.1073,22
C[C@@]1(C(=O)O)O[C@@H](n2cnc3c(=O)[nH]c(N)nc32)[C@H](OC=O)[C@@H]1O,False,C12H13N5O7,339.0815,24
Cc1nc2c(=O)[nH]c3nc2n1[C@@H]1O[C@H](CO)[C@@H](O)[C@H]1OC=N3,False,C12H13N5O5,307.0917,22
Nc1nc2c(nc3n2[C@@H]2O[C@H](CO)[C@@H](OC3)[C@H]2OCO)c(=O)[nH]1,False,C12H15N5O6,325.1022,23
Nc1nc2c(nc3n2[C@@H]2O[C@H](COC3)[C@@H](O)[C@H]2OCO)c(=O)[nH]1,False,C12H15N5O6,325.1022,23
Cc1nc2c(=O)[nH]c(N)nc2n1[C@]12O[C@@H]([C@H]1OCO)[C@@H](CO)O2,False,C12H15N5O6,325.1022,23
Cc1nc2c(=O)[nH]c(N)nc2n1[C@@]12OC[C@@H](O1)[C@@H](O)[C@H]2OCO,False,C12H15N5O6,325.1022,23
Cc1nc2c(=O)[nH]c(N)nc2n1[C@@H]1O[C@H](CO)[C@H]2O[C@]21OCO,False,C12H15N5O6,325.1022,23
Cc1nc2c(=O)[nH]c(N)nc2n1[C@@H]1O[C@@H]2CO[C@]1(OCO)[C@@H]2O,False,C12H15N5O6,325.1022,23
Cc1nc2c(=O)[nH]c(N)nc2n1[C@@H]1O[C@@H]2CO[C@@]2(O)[C@H]1OCO,False,C12H15N5O6,325.1022,23
Cc1nc2c(=O)[nH]c(N)nc2n1[C@@H]1O[C@]2(CO)O[C@H]2[C@H]1OCO,False,C12H15N5O6,325.1022,23
Cc1nc2c(=O)[nH]c(N)nc2n1[C@@H]1O[C@@]2(CO2)[C@@H](O)[C@H]1OCO,False,C12H15N5O6,325.1022,23
Cc1nc2c(=O)[nH]c(N)nc2n1[C@@H]1O[C@@H]2C(O)O[C@H]2[C@H]1OCO,False,C12H15N5O6,325.1022,23
CO[C@@H]1[C@H](O)[C@@H](CO)O[C@H]1n1c(C)nc2c(=O)[nH]c(N)nc21,False,C12H17N5O5,311.123,22
Cc1nc2c(=O)[nH]c(N)nc2n1[C@@H]1O[C@H](C)[C@@H](O)[C@H]1OC=O,False,C12H15N5O5,309.1073,22
Cc1nc2c(=O)[nH]c(N)nc2n1[C@@H]1O[C@H](C(=O)O)[C@@H](O)[C@H]1OC=O,False,C12H13N5O7,339.0815,24
Nc1nc2c(ncn2[C@@H]2OC[C@@H](O)[C@H]2OC=O)c(=O)[nH]1,False,C10H11N5O5,281.076,20
CC(O)[C@H]1O[C@@H]2[C@H](OC=Nc3nc4c(ncn42)c(=O)[nH]3)[C@@H]1O,False,C12H13N5O5,307.0917,22
CC1(O)O[C@H]2[C@@H](OCO)[C@H](n3cnc4c(=O)[nH]c(N)nc43)O[C@@H]21,False,C12H15N5O6,325.1022,23
Nc1nc2c(ncn2[C@@H]2O[C@H](C3CO3)[C@@H](O)[C@H]2OCO)c(=O)[nH]1,False,C12H15N5O6,325.1022,23
Nc1nc2c(ncn2[C@@H]2O[C@@H]3C(O)CO[C@H]3[C@H]2OCO)c(=O)[nH]1,False,C12H15N5O6,325.1022,23
CC1O[C@]12O[C@@H](n1cnc3c(=O)[nH]c(N)nc31)[C@H](OCO)[C@@H]2O,False,C12H15N5O6,325.1022,23
CC(O)[C@]12O[C@@H](n3cnc4c(=O)[nH]c(N)nc43)[C@H](OCO)[C@@H]1O2,False,C12H15N5O6,325.1022,23
CC1O[C@]2(O)[C@@H]1O[C@@H](n1cnc3c(=O)[nH]c(N)nc31)[C@@H]2OCO,False,C12H15N5O6,325.1022,23
CC1O[C@]2(OCO)[C@H](O)[C@@H]1O[C@H]2n1cnc2c(=O)[nH]c(N)nc21,False,C12H15N5O6,325.1022,23
CC(O)[C@H]1O[C@@H](n2cnc3c(=O)[nH]c(N)nc32)[C@]2(OCO)O[C@H]12,False,C12H15N5O6,325.1022,23
CC1O[C@]2(n3cnc4c(=O)[nH]c(N)nc43)O[C@H]1[C@@H](O)[C@H]2OCO,False,C12H15N5O6,325.1022,23
CC(O)[C@H]1O[C@@]2(n3cnc4c(=O)[nH]c(N)nc43)O[C@H]1[C@H]2OCO,False,C12H15N5O6,325.1022,23
CC1Oc2nc3c(=O)[nH]c(N)nc3n2[C@@H]2O[C@H]1[C@@H](O)[C@H]2OCO,False,C12H15N5O6,325.1022,23
CC(O)[C@H]1O[C@@H]2[C@H](OCO)[C@@H]1Oc1nc3c(=O)[nH]c(N)nc3n12,False,C12H15N5O6,325.1022,23
CO[C@@H]1[C@H](O)[C@@H](C(C)O)O[C@H]1n1cnc2c(=O)[nH]c(N)nc21,False,C12H17N5O5,311.123,22
CC(C)(O)[C@H]1O[C@@H](n2cnc3c(=O)[nH]c(N)nc32)[C@H](OC=O)[C@@H]1O,False,C13H17N5O6,339.1179,24
CCC(O)[C@H]1O[C@@H](n2cnc3c(=O)[nH]c(N)nc32)[C@H](OC=O)[C@@H]1O,False,C13H17N5O6,339.1179,24
CC(O)(C(=O)O)[C@H]1O[C@@H](n2cnc3c(=O)[nH]c(N)nc32)[C@H](OC=O)[C@@H]1O,False,C13H15N5O8,369.0921,26
Nc1nc2c(ncn2[C@@H]2O[C@H](C(O)CC(=O)O)[C@@H](O)[C@H]2OC=O)c(=O)[nH]1,False,C13H15N5O8,369.0921,26
CC(Cl)[C@H]1O[C@@H](n2cnc3c(=O)[nH]c(N)nc32)[C@H](OC=O)[C@@H]1O,False,C12H14ClN5O5,343.0683,23
CC(O)(O)[C@H]1O[C@@H](n2cnc3c(=O)[nH]c(N)nc32)[C@H](OC=O)[C@@H]1O,False,C12H15N5O7,341.0971,24
Nc1nc2c(ncn2[C@@H]2O[C@H](C(O)CO)[C@@H](O)[C@H]2OC=O)c(=O)[nH]1,False,C12H15N5O7,341.0971,24
CC(O)(O)[C@H]1O[C@@H](n2cnc3c(=O)[nH]c(N)nc32)[C@H](OCO)[C@@H]1O,False,C12H17N5O7,343.1128,24
Nc1nc2c(ncn2[C@@H]2O[C@H](C(O)CO)[C@@H](O)[C@H]2OCO)c(=O)[nH]1,False,C12H17N5O7,343.1128,24
CC[C@H]1O[C@@H](n2cnc3c(=O)[nH]c(N)nc32)[C@H](OC=O)[C@@H]1O,False,C12H15N5O5,309.1073,22
CC(O)[C@]1(C)O[C@@H](n2cnc3c(=O)[nH]c(N)nc32)[C@H](OC=O)[C@@H]1O,False,C13H17N5O6,339.1179,24
CC(O)[C@H]1O[C@@H](n2cnc3c(=O)[nH]c(N)nc32)[C@H](OC=O)[C@@]1(C)O,False,C13H17N5O6,339.1179,24
CC(O)[C@H]1O[C@@H](n2cnc3c(=O)[nH]c(N)nc32)[C@@](C)(OC=O)[C@@H]1O,False,C13H17N5O6,339.1179,24
CC(O)[C@H]1O[C@](C)(n2cnc3c(=O)[nH]c(N)nc32)[C@H](OC=O)[C@@H]1O,False,C13H17N5O6,339.1179,24
Cc1nc2c(=O)[nH]c(N)nc2n1[C@@H]1O[C@H](C(C)O)[C@@H](O)[C@H]1OC=O,False,C13H17N5O6,339.1179,24
CC1=Nc2nc3c(nc(CO)n3[C@@H]3OC[C@@H](O)[C@H]3O1)c(=O)[nH]2,False,C12H13N5O5,307.0917,22
CC1=Nc2nc3c(ncn3[C@@H]3OC[C@@H](O)[C@]3(CO)O1)c(=O)[nH]2,False,C12H13N5O5,307.0917,22
CC1=Nc2nc3c(ncn3[C@@H]3OC[C@@](O)(CO)[C@H]3O1)c(=O)[nH]2,False,C12H13N5O5,307.0917,22
O=c1[nH]c2nc3c1ncn3[C@@H]1OC[C@@H](O)[C@H]1OC(CCO)=N2,False,C12H13N5O5,307.0917,22
CC1=Nc2nc3c(ncn3[C@@H]3O[C@H](COP(=O)(O)O)[C@@H](O)[C@H]3O1)c(=O)[nH]2,False,C12H14N5O8P,387.058,26
CC1=Nc2nc3c(ncn3[C@@H]3O[C@H](CO)[C@@H](OP(=O)(O)O)[C@H]3O1)c(=O)[nH]2,False,C12H14N5O8P,387.058,26
CC1=Nc2nc3c(ncn3[C@@H]3O[C@H](CO)[C@@H](OS(=O)(=O)O)[C@H]3O1)c(=O)[nH]2,False,C12H13N5O8S,387.0485,26
CC1=Nc2nc3c(ncn3[C@@H]3O[C@H](COS(=O)(=O)O)[C@@H](O)[C@H]3O1)c(=O)[nH]2,False,C12H13N5O8S,387.0485,26
CC1=Nc2nc3c(ncn3[C@@H]3O[C@H](C)[C@@H](O)[C@H]3O1)c(=O)[nH]2,False,C12H13N5O4,291.0968,21
CC1=Nc2nc3c(ncn3[C@@H]3O[C@H](C(=O)O)[C@@H](O)[C@H]3O1)c(=O)[nH]2,False,C12H11N5O6,321.0709,23
Nc1nc2c(ncn2[C@@H]2OC[C@H]3OC(CO)C(O)O[C@@H]23)c(=O)[nH]1,False,C12H15N5O6,325.1022,23
Nc1nc2c(ncn2[C@@H]2OC[C@H]3OCC(O)(CO)O[C@@H]23)c(=O)[nH]1,False,C12H15N5O6,325.1022,23
Nc1nc2c(ncn2[C@@H]2OC[C@]3(CO)OCC(O)O[C@@H]23)c(=O)[nH]1,False,C12H15N5O6,325.1022,23
Nc1nc2c(ncn2[C@@H]2OC[C@H]3OCC(O)O[C@@]32CO)c(=O)[nH]1,False,C12H15N5O6,325.1022,23
Nc1nc2c(nc(CO)n2[C@@H]2OC[C@H]3OCC(O)O[C@@H]23)c(=O)[nH]1,False,C12H15N5O6,325.1022,23
COC1CO[C@H]2[C@@H](O1)[C@H](n1cnc3c(=O)[nH]c(N)nc31)O[C@@H]2CO,False,C13H17N5O6,339.1179,24
CC(=O)OC1CO[C@H]2[C@@H](O1)[C@H](n1cnc3c(=O)[nH]c(N)nc31)O[C@@H]2CO,False,C14H17N5O7,367.1128,26
C[C@H]1O[C@@H](n2cnc3c(=O)[nH]c(N)nc32)[C@@H]2OC(O)CO[C@@H]21,False,C12H15N5O5,309.1073,22
Nc1nc2c(ncn2[C@@H]2O[C@H](C(=O)O)[C@H]3OCC(O)O[C@H]32)c(=O)[nH]1,False,C12H13N5O7,339.0815,24
Nc1nc2c(ncn2[C@@H]2O[C@H](CO)[C@H]3OCC(OC(O)CO)O[C@H]32)c(=O)[nH]1,False,C14H19N5O8,385.1234,27
Nc1nc2c(ncn2[C@@H]2O[C@H](CO)[C@H]3OCC(OCC(O)O)O[C@H]32)c(=O)[nH]1,False,C14H19N5O8,385.1234,27
COC1COC[C@H]2O[C@@H](n3cnc4c(=O)[nH]c(N)nc43)[C@H](O1)[C@@H]2O,False,C13H17N5O6,339.1179,24
CC(=O)OC1COC[C@H]2O[C@@H](n3cnc4c(=O)[nH]c(N)nc43)[C@H](O1)[C@@H]2O,False,C14H17N5O7,367.1128,26
Nc1nc2c(ncn2[C@@H]2O[C@@H]3COCC(OC(O)CO)O[C@@H]2[C@@H]3O)c(=O)[nH]1,False,C14H19N5O8,385.1234,27
Nc1nc2c(ncn2[C@@H]2O[C@@H]3COCC(O)O[C@@H]2[C@@H]3OC(O)CO)c(=O)[nH]1,False,C14H19N5O8,385.1234,27
Nc1nc2c(ncn2[C@@H]2O[C@@H]3COCC(OCC(O)O)O[C@@H]2[C@@H]3O)c(=O)[nH]1,False,C14H19N5O8,385.1234,27
Nc1nc2c(ncn2[C@@H]2O[C@@H]3COCC(O)O[C@@H]2[C@@H]3OCC(O)O)c(=O)[nH]1,False,C14H19N5O8,385.1234,27
CC(O)(CO)O[C@@]12O[C@@H]1CO[C@H]2n1cnc2c(=O)[nH]c(N)nc21,False,C12H15N5O6,325.1022,23
CC(O)O[C@@]12O[C@@]1(CO)CO[C@H]2n1cnc2c(=O)[nH]c(N)nc21,False,C12H15N5O6,325.1022,23
CC(O)O[C@@]12O[C@@H]1CO[C@H]2n1c(CO)nc2c(=O)[nH]c(N)nc21,False,C12H15N5O6,325.1022,23
Nc1nc2c(ncn2[C@@H]2OC[C@H]3O[C@]32OC(O)CCO)c(=O)[nH]1,False,C12H15N5O6,325.1022,23
Nc1nc2c(ncn2[C@@H]2O[C@H](CO)[C@H]3O[C@]32OC=O)c(=O)[nH]1,False,C11H11N5O6,309.0709,22
CCO[C@@]12O[C@@H]1[C@@H](C=O)O[C@H]2n1cnc2c(=O)[nH]c(N)nc21,False,C12H13N5O5,307.0917,22
COC(C)O[C@@]12O[C@@H]1[C@@H](CO)O[C@H]2n1cnc2c(=O)[nH]c(N)nc21,False,C13H17N5O6,339.1179,24
CC(C)(O)O[C@@]12O[C@@H]1[C@@H](CO)O[C@H]2n1cnc2c(=O)[nH]c(N)nc21,False,C13H17N5O6,339.1179,24
CCC(O)O[C@@]12O[C@@H]1[C@@H](CO)O[C@H]2n1cnc2c(=O)[nH]c(N)nc21,False,C13H17N5O6,339.1179,24
CC(=O)OC(C)O[C@@]12O[C@@H]1[C@@H](CO)O[C@H]2n1cnc2c(=O)[nH]c(N)nc21,False,C14H17N5O7,367.1128,26
CC(O)(O[C@@]12O[C@@H]1[C@@H](CO)O[C@H]2n1cnc2c(=O)[nH]c(N)nc21)C(=O)O,False,C13H15N5O8,369.0921,26
Nc1nc2c(ncn2[C@@H]2O[C@H](CO)[C@H]3O[C@]32OC(O)CC(=O)O)c(=O)[nH]1,False,C13H15N5O8,369.0921,26
CC(Cl)O[C@@]12O[C@@H]1[C@@H](CO)O[C@H]2n1cnc2c(=O)[nH]c(N)nc21,False,C12H14ClN5O5,343.0683,23
CC(O)(O)O[C@@]12O[C@@H]1[C@@H](CO)O[C@H]2n1cnc2c(=O)[nH]c(N)nc21,False,C12H15N5O7,341.0971,24
Nc1nc2c(ncn2[C@@H]2O[C@H](CO)[C@H]3O[C@]32OC(O)CO)c(=O)[nH]1,False,C12H15N5O7,341.0971,24
CC(O)O[C@@]1(O)[C@H](O)[C@@H](CO)O[C@H]1n1cnc2c(=O)[nH]c(N)nc21,False,C12H17N5O7,343.1128,24
Nc1nc2c(ncn2[C@@H]2O[C@@H]3CO[C@@]2(O)[C@@H]3O)c(=O)[nH]1,False,C10H11N5O5,281.076,20
CCO[C@@]12O[C@@H]1[C@@H](CO)O[C@H]2n1cnc2c(=O)[nH]c(N)nc21,False,C12H15N5O5,309.1073,22
CC(O)O[C@@]12O[C@@H]1[C@@H](C)O[C@H]2n1cnc2c(=O)[nH]c(N)nc21,False,C12H15N5O5,309.1073,22
CC(O)O[C@@]12O[C@@H]1[C@@H](C(=O)O)O[C@H]2n1cnc2c(=O)[nH]c(N)nc21,False,C12H13N5O7,339.0815,24
CC(O)OC(C)O[C@@]12O[C@@H]1[C@@H](CO)O[C@H]2n1cnc2c(=O)[nH]c(N)nc21,False,C14H19N5O7,369.1284,26
CC(O)O[C@@]12O[C@@H]1[C@@H](CO)O[C@]2(C)n1cnc2c(=O)[nH]c(N)nc21,False,C13H17N5O6,339.1179,24
CC(O)O[C@@]12O[C@@]1(C)[C@@H](CO)O[C@H]2n1cnc2c(=O)[nH]c(N)nc21,False,C13H17N5O6,339.1179,24
CC(O)O[C@@]12O[C@@H]1[C@](C)(CO)O[C@H]2n1cnc2c(=O)[nH]c(N)nc21,False,C13H17N5O6,339.1179,24
Cc1nc2c(=O)[nH]c(N)nc2n1[C@@H]1O[C@H](CO)[C@H]2O[C@]21OC(C)O,False,C13H17N5O6,339.1179,24
CC(O)O[C@@]12O[C@@H]1[C@@H](C(C)O)O[C@H]2n1cnc2c(=O)[nH]c(N)nc21,False,C13H17N5O6,339.1179,24
Nc1nc2c(ncn2[C@@H]2O[C@@H]3CO[C@]2(OC=O)[C@@H]3O)c(=O)[nH]1,False,C11H11N5O6,309.0709,22
CC(=O)O[C@]12OC[C@@H](O[C@H]1n1cnc3c(=O)[nH]c(N)nc31)[C@H]2O,False,C12H13N5O6,323.0866,23
COC(C)O[C@]12OC[C@@H](O[C@H]1n1cnc3c(=O)[nH]c(N)nc31)[C@H]2O,False,C13H17N5O6,339.1179,24
CC(C)(O)O[C@]12OC[C@@H](O[C@H]1n1cnc3c(=O)[nH]c(N)nc31)[C@H]2O,False,C13H17N5O6,339.1179,24
CCC(O)O[C@]12OC[C@@H](O[C@H]1n1cnc3c(=O)[nH]c(N)nc31)[C@H]2O,False,C13H17N5O6,339.1179,24
CC(=O)OC(C)O[C@]12OC[C@@H](O[C@H]1n1cnc3c(=O)[nH]c(N)nc31)[C@H]2O,False,C14H17N5O7,367.1128,26
CC(O)(O[C@]12OC[C@@H](O[C@H]1n1cnc3c(=O)[nH]c(N)nc31)[C@H]2O)C(=O)O,False,C13H15N5O8,369.0921,26
Nc1nc2c(ncn2[C@@H]2O[C@@H]3CO[C@]2(OC(O)CC(=O)O)[C@@H]3O)c(=O)[nH]1,False,C13H15N5O8,369.0921,26
CC(Cl)O[C@]12OC[C@@H](O[C@H]1n1cnc3c(=O)[nH]c(N)nc31)[C@H]2O,False,C12H14ClN5O5,343.0683,23
CC(O)(O)O[C@]12OC[C@@H](O[C@H]1n1cnc3c(=O)[nH]c(N)nc31)[C@H]2O,False,C12H15N5O7,341.0971,24
Nc1nc2c(ncn2[C@@H]2O[C@@H]3CO[C@]2(OC(O)CO)[C@@H]3O)c(=O)[nH]1,False,C12H15N5O7,341.0971,24
CCO[C@]12OC[C@@H](O[C@H]1n1cnc3c(=O)[nH]c(N)nc31)[C@H]2O,False,C12H15N5O5,309.1073,22
CC(O)OC(C)O[C@]12OC[C@@H](O[C@H]1n1cnc3c(=O)[nH]c(N)nc31)[C@H]2O,False,C14H19N5O7,369.1284,26
CC(O)O[C@]12OC[C@@H](O[C@]1(C)n1cnc3c(=O)[nH]c(N)nc31)[C@H]2O,False,C13H17N5O6,339.1179,24
CC(O)O[C@]12OC[C@@H](O[C@H]1n1cnc3c(=O)[nH]c(N)nc31)[C@]2(C)O,False,C13H17N5O6,339.1179,24
CC(O)O[C@]12OC[C@](C)(O[C@H]1n1cnc3c(=O)[nH]c(N)nc31)[C@H]2O,False,C13H17N5O6,339.1179,24
Cc1nc2c(=O)[nH]c(N)nc2n1[C@@H]1O[C@@H]2CO[C@]1(OC(C)O)[C@@H]2O,False,C13H17N5O6,339.1179,24
CC(O)O[C@]12OC(C)[C@@H](O[C@H]1n1cnc3c(=O)[nH]c(N)nc31)[C@H]2O,False,C13H17N5O6,339.1179,24
CC(O)(CO)O[C@@H]1[C@H]2CO[C@@]1(n1cnc3c(=O)[nH]c(N)nc31)O2,False,C12H15N5O6,325.1022,23
CC(O)O[C@@]1(CO)[C@H]2CO[C@@]1(n1cnc3c(=O)[nH]c(N)nc31)O2,False,C12H15N5O6,325.1022,23
CC(O)O[C@@H]1[C@]2(CO)CO[C@@]1(n1cnc3c(=O)[nH]c(N)nc31)O2,False,C12H15N5O6,325.1022,23
CC(O)O[C@@H]1[C@H]2CO[C@@]1(n1c(CO)nc3c(=O)[nH]c(N)nc31)O2,False,C12H15N5O6,325.1022,23
Nc1nc2c(ncn2[C@]23OC[C@@H](O2)[C@H]3OC(O)CCO)c(=O)[nH]1,False,C12H15N5O6,325.1022,23
Nc1nc2c(ncn2[C@]23O[C@@H]([C@H]2OC=O)[C@@H](CO)O3)c(=O)[nH]1,False,C11H11N5O6,309.0709,22
CCO[C@@H]1[C@@H]2O[C@]1(n1cnc3c(=O)[nH]c(N)nc31)O[C@@H]2C=O,False,C12H13N5O5,307.0917,22
COC(C)O[C@@H]1[C@@H]2O[C@]1(n1cnc3c(=O)[nH]c(N)nc31)O[C@@H]2CO,False,C13H17N5O6,339.1179,24
CC(C)(O)O[C@@H]1[C@@H]2O[C@]1(n1cnc3c(=O)[nH]c(N)nc31)O[C@@H]2CO,False,C13H17N5O6,339.1179,24
CCC(O)O[C@@H]1[C@@H]2O[C@]1(n1cnc3c(=O)[nH]c(N)nc31)O[C@@H]2CO,False,C13H17N5O6,339.1179,24
CC(=O)OC(C)O[C@@H]1[C@@H]2O[C@]1(n1cnc3c(=O)[nH]c(N)nc31)O[C@@H]2CO,False,C14H17N5O7,367.1128,26
CC(O)(O[C@@H]1[C@@H]2O[C@]1(n1cnc3c(=O)[nH]c(N)nc31)O[C@@H]2CO)C(=O)O,False,C13H15N5O8,369.0921,26
Nc1nc2c(ncn2[C@]23O[C@@H]([C@H]2OC(O)CC(=O)O)[C@@H](CO)O3)c(=O)[nH]1,False,C13H15N5O8,369.0921,26
CC(Cl)O[C@@H]1[C@@H]2O[C@]1(n1cnc3c(=O)[nH]c(N)nc31)O[C@@H]2CO,False,C12H14ClN5O5,343.0683,23
CC(O)(O)O[C@@H]1[C@@H]2O[C@]1(n1cnc3c(=O)[nH]c(N)nc31)O[C@@H]2CO,False,C12H15N5O7,341.0971,24
Nc1nc2c(ncn2[C@]23O[C@@H]([C@H]2OC(O)CO)[C@@H](CO)O3)c(=O)[nH]1,False,C12H15N5O7,341.0971,24
CCO[C@@H]1[C@@H]2O[C@]1(n1cnc3c(=O)[nH]c(N)nc31)O[C@@H]2CO,False,C12H15N5O5,309.1073,22
CC(O)O[C@@H]1[C@@H]2O[C@]1(n1cnc3c(=O)[nH]c(N)nc31)O[C@@H]2C,False,C12H15N5O5,309.1073,22
CC(O)O[C@@H]1[C@@H]2O[C@]1(n1cnc3c(=O)[nH]c(N)nc31)O[C@@H]2C(=O)O,False,C12H13N5O7,339.0815,24
CC(O)OC(C)O[C@@H]1[C@@H]2O[C@]1(n1cnc3c(=O)[nH]c(N)nc31)O[C@@H]2CO,False,C14H19N5O7,369.1284,26
CC(O)O[C@@]1(C)[C@@H]2O[C@]1(n1cnc3c(=O)[nH]c(N)nc31)O[C@@H]2CO,False,C13H17N5O6,339.1179,24
CC(O)O[C@@H]1[C@@]2(C)O[C@]1(n1cnc3c(=O)[nH]c(N)nc31)O[C@@H]2CO,False,C13H17N5O6,339.1179,24
Cc1nc2c(=O)[nH]c(N)nc2n1[C@]12O[C@@H]([C@H]1OC(C)O)[C@@H](CO)O2,False,C13H17N5O6,339.1179,24
CC(O)O[C@@H]1[C@@H]2O[C@]1(n1cnc3c(=O)[nH]c(N)nc31)O[C@@]2(C)CO,False,C13H17N5O6,339.1179,24
CC(O)O[C@@H]1[C@@H]2O[C@]1(n1cnc3c(=O)[nH]c(N)nc31)O[C@@H]2C(C)O,False,C13H17N5O6,339.1179,24
Nc1nc2c(ncn2[C@@]23OC[C@@H](O2)[C@@H](O)[C@H]3OC=O)c(=O)[nH]1,False,C11H11N5O6,309.0709,22
CC(=O)O[C@@H]1[C@H](O)[C@H]2CO[C@]1(n1cnc3c(=O)[nH]c(N)nc31)O2,False,C12H13N5O6,323.0866,23
COC(C)O[C@@H]1[C@H](O)[C@H]2CO[C@]1(n1cnc3c(=O)[nH]c(N)nc31)O2,False,C13H17N5O6,339.1179,24
CC(C)(O)O[C@@H]1[C@H](O)[C@H]2CO[C@]1(n1cnc3c(=O)[nH]c(N)nc31)O2,False,C13H17N5O6,339.1179,24
CCC(O)O[C@@H]1[C@H](O)[C@H]2CO[C@]1(n1cnc3c(=O)[nH]c(N)nc31)O2,False,C13H17N5O6,339.1179,24
CC(=O)OC(C)O[C@@H]1[C@H](O)[C@H]2CO[C@]1(n1cnc3c(=O)[nH]c(N)nc31)O2,False,C14H17N5O7,367.1128,26
CC(O)(O[C@@H]1[C@H](O)[C@H]2CO[C@]1(n1cnc3c(=O)[nH]c(N)nc31)O2)C(=O)O,False,C13H15N5O8,369.0921,26
Nc1nc2c(ncn2[C@@]23OC[C@@H](O2)[C@@H](O)[C@H]3OC(O)CC(=O)O)c(=O)[nH]1,False,C13H15N5O8,369.0921,26
CC(Cl)O[C@@H]1[C@H](O)[C@H]2CO[C@]1(n1cnc3c(=O)[nH]c(N)nc31)O2,False,C12H14ClN5O5,343.0683,23
CC(O)(O)O[C@@H]1[C@H](O)[C@H]2CO[C@]1(n1cnc3c(=O)[nH]c(N)nc31)O2,False,C12H15N5O7,341.0971,24
Nc1nc2c(ncn2[C@@]23OC[C@@H](O2)[C@@H](O)[C@H]3OC(O)CO)c(=O)[nH]1,False,C12H15N5O7,341.0971,24
CCO[C@@H]1[C@H](O)[C@H]2CO[C@]1(n1cnc3c(=O)[nH]c(N)nc31)O2,False,C12H15N5O5,309.1073,22
CC(O)OC(C)O[C@@H]1[C@H](O)[C@H]2CO[C@]1(n1cnc3c(=O)[nH]c(N)nc31)O2,False,C14H19N5O7,369.1284,26
CC(O)O[C@@]1(C)[C@H](O)[C@H]2CO[C@]1(n1cnc3c(=O)[nH]c(N)nc31)O2,False,C13H17N5O6,339.1179,24
CC(O)O[C@@H]1[C@@](C)(O)[C@H]2CO[C@]1(n1cnc3c(=O)[nH]c(N)nc31)O2,False,C13H17N5O6,339.1179,24
Cc1nc2c(=O)[nH]c(N)nc2n1[C@@]12OC[C@@H](O1)[C@@H](O)[C@H]2OC(C)O,False,C13H17N5O6,339.1179,24
CC(O)O[C@@H]1[C@H](O)[C@]2(C)CO[C@]1(n1cnc3c(=O)[nH]c(N)nc31)O2,False,C13H17N5O6,339.1179,24
CC(O)O[C@@H]1[C@H](O)[C@@H]2O[C@@]1(n1cnc3c(=O)[nH]c(N)nc31)OC2C,False,C13H17N5O6,339.1179,24
Nc1nc2c(ncn2[C@@H]2O[C@@H]3CO[C@@]3(O)[C@H]2OC=O)c(=O)[nH]1,False,C11H11N5O6,309.0709,22
CC(=O)O[C@H]1[C@H](n2cnc3c(=O)[nH]c(N)nc32)O[C@@H]2CO[C@]21O,False,C12H13N5O6,323.0866,23
COC(C)O[C@H]1[C@H](n2cnc3c(=O)[nH]c(N)nc32)O[C@@H]2CO[C@]21O,False,C13H17N5O6,339.1179,24
CC(C)(O)O[C@H]1[C@H](n2cnc3c(=O)[nH]c(N)nc32)O[C@@H]2CO[C@]21O,False,C13H17N5O6,339.1179,24
CCC(O)O[C@H]1[C@H](n2cnc3c(=O)[nH]c(N)nc32)O[C@@H]2CO[C@]21O,False,C13H17N5O6,339.1179,24
CC(=O)OC(C)O[C@H]1[C@H](n2cnc3c(=O)[nH]c(N)nc32)O[C@@H]2CO[C@]21O,False,C14H17N5O7,367.1128,26
CC(O)(O[C@H]1[C@H](n2cnc3c(=O)[nH]c(N)nc32)O[C@@H]2CO[C@]21O)C(=O)O,False,C13H15N5O8,369.0921,26
Nc1nc2c(ncn2[C@@H]2O[C@@H]3CO[C@@]3(O)[C@H]2OC(O)CC(=O)O)c(=O)[nH]1,False,C13H15N5O8,369.0921,26
CC(Cl)O[C@H]1[C@H](n2cnc3c(=O)[nH]c(N)nc32)O[C@@H]2CO[C@]21O,False,C12H14ClN5O5,343.0683,23
CC(O)(O)O[C@H]1[C@H](n2cnc3c(=O)[nH]c(N)nc32)O[C@@H]2CO[C@]21O,False,C12H15N5O7,341.0971,24
Nc1nc2c(ncn2[C@@H]2O[C@@H]3CO[C@@]3(O)[C@H]2OC(O)CO)c(=O)[nH]1,False,C12H15N5O7,341.0971,24
CCO[C@H]1[C@H](n2cnc3c(=O)[nH]c(N)nc32)O[C@@H]2CO[C@]21O,False,C12H15N5O5,309.1073,22
CC(O)OC(C)O[C@H]1[C@H](n2cnc3c(=O)[nH]c(N)nc32)O[C@@H]2CO[C@]21O,False,C14H19N5O7,369.1284,26
CC(O)O[C@]1(C)[C@H](n2cnc3c(=O)[nH]c(N)nc32)O[C@@H]2CO[C@]21O,False,C13H17N5O6,339.1179,24
CC(O)O[C@H]1[C@H](n2cnc3c(=O)[nH]c(N)nc32)O[C@@]2(C)CO[C@@]12O,False,C13H17N5O6,339.1179,24
CC(O)O[C@@H]1[C@]2(O)OC[C@H]2O[C@]1(C)n1cnc2c(=O)[nH]c(N)nc21,False,C13H17N5O6,339.1179,24
CC(O)O[C@H]1[C@H](n2cnc3c(=O)[nH]c(N)nc32)O[C@@H]2C(C)O[C@]21O,False,C13H17N5O6,339.1179,24
Cc1nc2c(=O)[nH]c(N)nc2n1[C@@H]1O[C@@H]2CO[C@@]2(O)[C@H]1OC(C)O,False,C13H17N5O6,339.1179,24
CC(O)(CO)O[C@@H]1[C@@H]2O[C@H]2O[C@H]1n1cnc2c(=O)[nH]c(N)nc21,False,C12H15N5O6,325.1022,23
CC(O)O[C@H]1[C@H](n2cnc3c(=O)[nH]c(N)nc32)O[C@@H]2O[C@@]21CO,False,C12H15N5O6,325.1022,23
CC(O)O[C@@]1(CO)[C@@H]2O[C@H]2O[C@H]1n1cnc2c(=O)[nH]c(N)nc21,False,C12H15N5O6,325.1022,23
CC(O)O[C@@H]1[C@@H]2O[C@H]2O[C@]1(CO)n1cnc2c(=O)[nH]c(N)nc21,False,C12H15N5O6,325.1022,23
CC(O)O[C@@H]1[C@@H]2O[C@H]2O[C@H]1n1c(CO)nc2c(=O)[nH]c(N)nc21,False,C12H15N5O6,325.1022,23
Nc1nc2c(ncn2[C@@H]2O[C@@H]3O[C@H]3[C@H]2OC(O)CCO)c(=O)[nH]1,False,C12H15N5O6,325.1022,23
Nc1nc2c(ncn2[C@@H]2O[C@]3(CO)O[C@H]3[C@H]2OC=O)c(=O)[nH]1,False,C11H11N5O6,309.0709,22
CCO[C@H]1[C@H](n2cnc3c(=O)[nH]c(N)nc32)O[C@]2(C=O)O[C@@H]12,False,C12H13N5O5,307.0917,22
COC(C)O[C@H]1[C@H](n2cnc3c(=O)[nH]c(N)nc32)O[C@]2(CO)O[C@@H]12,False,C13H17N5O6,339.1179,24
CC(C)(O)O[C@H]1[C@H](n2cnc3c(=O)[nH]c(N)nc32)O[C@]2(CO)O[C@@H]12,False,C13H17N5O6,339.1179,24
CCC(O)O[C@H]1[C@H](n2cnc3c(=O)[nH]c(N)nc32)O[C@]2(CO)O[C@@H]12,False,C13H17N5O6,339.1179,24
CC(=O)OC(C)O[C@H]1[C@H](n2cnc3c(=O)[nH]c(N)nc32)O[C@]2(CO)O[C@@H]12,False,C14H17N5O7,367.1128,26
CC(O)(O[C@H]1[C@H](n2cnc3c(=O)[nH]c(N)nc32)O[C@]2(CO)O[C@@H]12)C(=O)O,False,C13H15N5O8,369.0921,26
Nc1nc2c(ncn2[C@@H]2O[C@]3(CO)O[C@H]3[C@H]2OC(O)CC(=O)O)c(=O)[nH]1,False,C13H15N5O8,369.0921,26
CC(Cl)O[C@H]1[C@H](n2cnc3c(=O)[nH]c(N)nc32)O[C@]2(CO)O[C@@H]12,False,C12H14ClN5O5,343.0683,23
CC(O)(O)O[C@H]1[C@H](n2cnc3c(=O)[nH]c(N)nc32)O[C@]2(CO)O[C@@H]12,False,C12H15N5O7,341.0971,24
Nc1nc2c(ncn2[C@@H]2O[C@]3(CO)O[C@H]3[C@H]2OC(O)CO)c(=O)[nH]1,False,C12H15N5O7,341.0971,24
CC(O)O[C@H]1[C@H](n2cnc3c(=O)[nH]c(N)nc32)O[C@@](O)(CO)[C@H]1O,False,C12H17N5O7,343.1128,24
CCO[C@H]1[C@H](n2cnc3c(=O)[nH]c(N)nc32)O[C@]2(CO)O[C@@H]12,False,C12H15N5O5,309.1073,22
CC(O)O[C@H]1[C@H](n2cnc3c(=O)[nH]c(N)nc32)O[C@]2(C)O[C@@H]12,False,C12H15N5O5,309.1073,22
CC(O)O[C@@H]1C=C(CO)O[C@H]1n1cnc2c(=O)[nH]c(N)nc21,False,C12H15N5O5,309.1073,22
CC(O)O[C@H]1[C@H](n2cnc3c(=O)[nH]c(N)nc32)O[C@]2(C(=O)O)O[C@@H]12,False,C12H13N5O7,339.0815,24
CC(O)OC(C)O[C@H]1[C@H](n2cnc3c(=O)[nH]c(N)nc32)O[C@]2(CO)O[C@@H]12,False,C14H19N5O7,369.1284,26
CC(O)O[C@H]1[C@H](n2cnc3c(=O)[nH]c(N)nc32)O[C@]2(CO)O[C@]12C,False,C13H17N5O6,339.1179,24
CC(O)O[C@H]1[C@H](n2cnc3c(=O)[nH]c(N)nc32)O[C@]2(C(C)O)O[C@@H]12,False,C13H17N5O6,339.1179,24
CC(O)O[C@@]1(C)[C@@H]2O[C@@]2(CO)O[C@H]1n1cnc2c(=O)[nH]c(N)nc21,False,C13H17N5O6,339.1179,24
CC(O)O[C@@H]1[C@@H]2O[C@@]2(CO)O[C@]1(C)n1cnc2c(=O)[nH]c(N)nc21,False,C13H17N5O6,339.1179,24
Cc1nc2c(=O)[nH]c(N)nc2n1[C@@H]1O[C@]2(CO)O[C@H]2[C@H]1OC(C)O,False,C13H17N5O6,339.1179,24
Nc1nc2c(ncn2[C@@H]2O[C@@]3(CO3)[C@@H](O)[C@H]2OC=O)c(=O)[nH]1,False,C11H11N5O6,309.0709,22
CC(=O)O[C@H]1[C@H](n2cnc3c(=O)[nH]c(N)nc32)O[C@@]2(CO2)[C@H]1O,False,C12H13N5O6,323.0866,23
COC(C)O[C@H]1[C@H](n2cnc3c(=O)[nH]c(N)nc32)O[C@@]2(CO2)[C@H]1O,False,C13H17N5O6,339.1179,24
CC(C)(O)O[C@H]1[C@H](n2cnc3c(=O)[nH]c(N)nc32)O[C@@]2(CO2)[C@H]1O,False,C13H17N5O6,339.1179,24
CCC(O)O[C@H]1[C@H](n2cnc3c(=O)[nH]c(N)nc32)O[C@@]2(CO2)[C@H]1O,False,C13H17N5O6,339.1179,24
CC(=O)OC(C)O[C@H]1[C@H](n2cnc3c(=O)[nH]c(N)nc32)O[C@@]2(CO2)[C@H]1O,False,C14H17N5O7,367.1128,26
CC(O)(O[C@H]1[C@H](n2cnc3c(=O)[nH]c(N)nc32)O[C@@]2(CO2)[C@H]1O)C(=O)O,False,C13H15N5O8,369.0921,26
Nc1nc2c(ncn2[C@@H]2O[C@@]3(CO3)[C@@H](O)[C@H]2OC(O)CC(=O)O)c(=O)[nH]1,False,C13H15N5O8,369.0921,26
CC(Cl)O[C@H]1[C@H](n2cnc3c(=O)[nH]c(N)nc32)O[C@@]2(CO2)[C@H]1O,False,C12H14ClN5O5,343.0683,23
CC(O)(O)O[C@H]1[C@H](n2cnc3c(=O)[nH]c(N)nc32)O[C@@]2(CO2)[C@H]1O,False,C12H15N5O7,341.0971,24
Nc1nc2c(ncn2[C@@H]2O[C@@]3(CO3)[C@@H](O)[C@H]2OC(O)CO)c(=O)[nH]1,False,C12H15N5O7,341.0971,24
CCO[C@H]1[C@H](n2cnc3c(=O)[nH]c(N)nc32)O[C@@]2(CO2)[C@H]1O,False,C12H15N5O5,309.1073,22
CC(O)OC(C)O[C@H]1[C@H](n2cnc3c(=O)[nH]c(N)nc32)O[C@@]2(CO2)[C@H]1O,False,C14H19N5O7,369.1284,26
CC(O)O[C@H]1[C@H](n2cnc3c(=O)[nH]c(N)nc32)O[C@@]2(CO2)[C@]1(C)O,False,C13H17N5O6,339.1179,24
CC(O)O[C@H]1[C@H](n2cnc3c(=O)[nH]c(N)nc32)O[C@]2(OC2C)[C@H]1O,False,C13H17N5O6,339.1179,24
CC(O)O[C@@]1(C)[C@H](O)[C@]2(CO2)O[C@H]1n1cnc2c(=O)[nH]c(N)nc21,False,C13H17N5O6,339.1179,24
CC(O)O[C@@H]1[C@H](O)[C@]2(CO2)O[C@]1(C)n1cnc2c(=O)[nH]c(N)nc21,False,C13H17N5O6,339.1179,24
Cc1nc2c(=O)[nH]c(N)nc2n1[C@@H]1O[C@@]2(CO2)[C@@H](O)[C@H]1OC(C)O,False,C13H17N5O6,339.1179,24
CC(O)(CO)O[C@H]1[C@H]2OC[C@H]1Oc1nc3c(=O)[nH]c(N)nc3n12,False,C12H15N5O6,325.1022,23
CC(O)O[C@@]1(CO)[C@H]2CO[C@H]1n1c(nc3c(=O)[nH]c(N)nc31)O2,False,C12H15N5O6,325.1022,23
CC(O)O[C@H]1[C@H]2OC[C@]1(CO)Oc1nc3c(=O)[nH]c(N)nc3n12,False,C12H15N5O6,325.1022,23
Nc1nc2c(nc3n2[C@@H]2OC[C@@H](O3)[C@H]2OC(O)CCO)c(=O)[nH]1,False,C12H15N5O6,325.1022,23
Nc1nc2c(nc3n2[C@@H]2O[C@H](CO)[C@@H](O3)[C@H]2OC=O)c(=O)[nH]1,False,C11H11N5O6,309.0709,22
CCO[C@@H]1[C@@H]2Oc3nc4c(=O)[nH]c(N)nc4n3[C@@H]1O[C@@H]2C=O,False,C12H13N5O5,307.0917,22
COC(C)O[C@@H]1[C@@H]2Oc3nc4c(=O)[nH]c(N)nc4n3[C@@H]1O[C@@H]2CO,False,C13H17N5O6,339.1179,24
CC(C)(O)O[C@@H]1[C@@H]2Oc3nc4c(=O)[nH]c(N)nc4n3[C@@H]1O[C@@H]2CO,False,C13H17N5O6,339.1179,24
CCC(O)O[C@@H]1[C@@H]2Oc3nc4c(=O)[nH]c(N)nc4n3[C@@H]1O[C@@H]2CO,False,C13H17N5O6,339.1179,24
CC(=O)OC(C)O[C@@H]1[C@@H]2Oc3nc4c(=O)[nH]c(N)nc4n3[C@@H]1O[C@@H]2CO,False,C14H17N5O7,367.1128,26
CC(O)(O[C@@H]1[C@@H]2Oc3nc4c(=O)[nH]c(N)nc4n3[C@@H]1O[C@@H]2CO)C(=O)O,False,C13H15N5O8,369.0921,26
Nc1nc2c(nc3n2[C@@H]2O[C@H](CO)[C@@H](O3)[C@H]2OC(O)CC(=O)O)c(=O)[nH]1,False,C13H15N5O8,369.0921,26
CC(Cl)O[C@@H]1[C@@H]2Oc3nc4c(=O)[nH]c(N)nc4n3[C@@H]1O[C@@H]2CO,False,C12H14ClN5O5,343.0683,23
CC(O)(O)O[C@@H]1[C@@H]2Oc3nc4c(=O)[nH]c(N)nc4n3[C@@H]1O[C@@H]2CO,False,C12H15N5O7,341.0971,24
Nc1nc2c(nc3n2[C@@H]2O[C@H](CO)[C@@H](O3)[C@H]2OC(O)CO)c(=O)[nH]1,False,C12H15N5O7,341.0971,24
CCO[C@@H]1[C@@H]2Oc3nc4c(=O)[nH]c(N)nc4n3[C@@H]1O[C@@H]2CO,False,C12H15N5O5,309.1073,22
CC(O)O[C@@H]1[C@@H]2Oc3nc4c(=O)[nH]c(N)nc4n3[C@@H]1O[C@@H]2C,False,C12H15N5O5,309.1073,22
CC(O)O[C@@H]1[C@@H]2Oc3nc4c(=O)[nH]c(N)nc4n3[C@@H]1O[C@@H]2C(=O)O,False,C12H13N5O7,339.0815,24
CC(O)OC(C)O[C@@H]1[C@@H]2Oc3nc4c(=O)[nH]c(N)nc4n3[C@@H]1O[C@@H]2CO,False,C14H19N5O7,369.1284,26
CC(O)O[C@@H]1[C@@H]2Oc3nc4c(=O)[nH]c(N)nc4n3[C@@]1(C)O[C@@H]2CO,False,C13H17N5O6,339.1179,24
CC(O)O[C@@]1(C)[C@@H]2Oc3nc4c(=O)[nH]c(N)nc4n3[C@@H]1O[C@@H]2CO,False,C13H17N5O6,339.1179,24
CC(O)O[C@H]1[C@H]2O[C@H](CO)[C@]1(C)Oc1nc3c(=O)[nH]c(N)nc3n12,False,C13H17N5O6,339.1179,24
CC(O)O[C@H]1[C@H]2O[C@@](C)(CO)[C@H]1Oc1nc3c(=O)[nH]c(N)nc3n12,False,C13H17N5O6,339.1179,24
CC(O)O[C@@H]1[C@@H]2Oc3nc4c(=O)[nH]c(N)nc4n3[C@@H]1O[C@@H]2C(C)O,False,C13H17N5O6,339.1179,24
Nc1nc2c(nc3n2[C@@H]2O[C@H](CO3)[C@@H](O)[C@H]2OC=O)c(=O)[nH]1,False,C11H11N5O6,309.0709,22
CC(=O)O[C@@H]1[C@H](O)[C@H]2COc3nc4c(=O)[nH]c(N)nc4n3[C@@H]1O2,False,C12H13N5O6,323.0866,23
COC(C)O[C@@H]1[C@H](O)[C@H]2COc3nc4c(=O)[nH]c(N)nc4n3[C@@H]1O2,False,C13H17N5O6,339.1179,24
CC(C)(O)O[C@@H]1[C@H](O)[C@H]2COc3nc4c(=O)[nH]c(N)nc4n3[C@@H]1O2,False,C13H17N5O6,339.1179,24
CCC(O)O[C@@H]1[C@H](O)[C@H]2COc3nc4c(=O)[nH]c(N)nc4n3[C@@H]1O2,False,C13H17N5O6,339.1179,24
CC(=O)OC(C)O[C@@H]1[C@H](O)[C@H]2COc3nc4c(=O)[nH]c(N)nc4n3[C@@H]1O2,False,C14H17N5O7,367.1128,26
CC(O)(O[C@@H]1[C@H](O)[C@H]2COc3nc4c(=O)[nH]c(N)nc4n3[C@@H]1O2)C(=O)O,False,C13H15N5O8,369.0921,26
Nc1nc2c(nc3n2[C@@H]2O[C@H](CO3)[C@@H](O)[C@H]2OC(O)CC(=O)O)c(=O)[nH]1,False,C13H15N5O8,369.0921,26
CC(Cl)O[C@@H]1[C@H](O)[C@H]2COc3nc4c(=O)[nH]c(N)nc4n3[C@@H]1O2,False,C12H14ClN5O5,343.0683,23
CC(O)(O)O[C@@H]1[C@H](O)[C@H]2COc3nc4c(=O)[nH]c(N)nc4n3[C@@H]1O2,False,C12H15N5O7,341.0971,24
Nc1nc2c(nc3n2[C@@H]2O[C@H](CO3)[C@@H](O)[C@H]2OC(O)CO)c(=O)[nH]1,False,C12H15N5O7,341.0971,24
CCO[C@@H]1[C@H](O)[C@H]2COc3nc4c(=O)[nH]c(N)nc4n3[C@@H]1O2,False,C12H15N5O5,309.1073,22
CC(O)OC(C)O[C@@H]1[C@H](O)[C@H]2COc3nc4c(=O)[nH]c(N)nc4n3[C@@H]1O2,False,C14H19N5O7,369.1284,26
CC(O)O[C@@H]1[C@H](O)[C@H]2COc3nc4c(=O)[nH]c(N)nc4n3[C@@]1(C)O2,False,C13H17N5O6,339.1179,24
CC(O)O[C@@]1(C)[C@H](O)[C@H]2COc3nc4c(=O)[nH]c(N)nc4n3[C@@H]1O2,False,C13H17N5O6,339.1179,24
CC(O)O[C@H]1[C@H]2O[C@H](COc3nc4c(=O)[nH]c(N)nc4n32)[C@]1(C)O,False,C13H17N5O6,339.1179,24
CC(O)O[C@H]1[C@H]2O[C@@](C)(COc3nc4c(=O)[nH]c(N)nc4n32)[C@H]1O,False,C13H17N5O6,339.1179,24
CC(O)O[C@@H]1[C@H](O)[C@@H]2O[C@H]1n1c(nc3c(=O)[nH]c(N)nc31)OC2C,False,C13H17N5O6,339.1179,24
Nc1nc2c(ncn2[C@@H]2O[C@@H]3C(O)O[C@H]3[C@H]2OC=O)c(=O)[nH]1,False,C11H11N5O6,309.0709,22
CCO[C@@H]1[C@@H]2OC(=O)[C@H]2O[C@H]1n1cnc2c(=O)[nH]c(N)nc21,False,C12H13N5O5,307.0917,22
CC(=O)O[C@@H]1[C@@H]2OC(O)[C@H]2O[C@H]1n1cnc2c(=O)[nH]c(N)nc21,False,C12H13N5O6,323.0866,23
COC(C)O[C@@H]1[C@@H]2OC(O)[C@H]2O[C@H]1n1cnc2c(=O)[nH]c(N)nc21,False,C13H17N5O6,339.1179,24
CC(C)(O)O[C@@H]1[C@@H]2OC(O)[C@H]2O[C@H]1n1cnc2c(=O)[nH]c(N)nc21,False,C13H17N5O6,339.1179,24
CCC(O)O[C@@H]1[C@@H]2OC(O)[C@H]2O[C@H]1n1cnc2c(=O)[nH]c(N)nc21,False,C13H17N5O6,339.1179,24
CC(=O)OC(C)O[C@@H]1[C@@H]2OC(O)[C@H]2O[C@H]1n1cnc2c(=O)[nH]c(N)nc21,False,C14H17N5O7,367.1128,26
CC(O)(O[C@@H]1[C@@H]2OC(O)[C@H]2O[C@H]1n1cnc2c(=O)[nH]c(N)nc21)C(=O)O,False,C13H15N5O8,369.0921,26
Nc1nc2c(ncn2[C@@H]2O[C@@H]3C(O)O[C@H]3[C@H]2OC(O)CC(=O)O)c(=O)[nH]1,False,C13H15N5O8,369.0921,26
CC(Cl)O[C@@H]1[C@@H]2OC(O)[C@H]2O[C@H]1n1cnc2c(=O)[nH]c(N)nc21,False,C12H14ClN5O5,343.0683,23
CC(O)(O)O[C@@H]1[C@@H]2OC(O)[C@H]2O[C@H]1n1cnc2c(=O)[nH]c(N)nc21,False,C12H15N5O7,341.0971,24
Nc1nc2c(ncn2[C@@H]2O[C@@H]3C(O)O[C@H]3[C@H]2OC(O)CO)c(=O)[nH]1,False,C12H15N5O7,341.0971,24
CCO[C@@H]1[C@@H]2OC(O)[C@H]2O[C@H]1n1cnc2c(=O)[nH]c(N)nc21,False,C12H15N5O5,309.1073,22
CC(O)OC(C)O[C@@H]1[C@@H]2OC(O)[C@H]2O[C@H]1n1cnc2c(=O)[nH]c(N)nc21,False,C14H19N5O7,369.1284,26
CC(O)O[C@@H]1[C@@H]2OC(C)(O)[C@H]2O[C@H]1n1cnc2c(=O)[nH]c(N)nc21,False,C13H17N5O6,339.1179,24
CC(O)O[C@H]1[C@H](n2cnc3c(=O)[nH]c(N)nc32)O[C@@]2(C)C(O)O[C@@H]12,False,C13H17N5O6,339.1179,24
CC(O)O[C@H]1[C@H](n2cnc3c(=O)[nH]c(N)nc32)O[C@@H]2C(O)O[C@@]21C,False,C13H17N5O6,339.1179,24
CC(O)O[C@@]1(C)[C@@H]2OC(O)[C@H]2O[C@H]1n1cnc2c(=O)[nH]c(N)nc21,False,C13H17N5O6,339.1179,24
CC(O)O[C@@H]1[C@@H]2OC(O)[C@H]2O[C@]1(C)n1cnc2c(=O)[nH]c(N)nc21,False,C13H17N5O6,339.1179,24
Cc1nc2c(=O)[nH]c(N)nc2n1[C@@H]1O[C@@H]2C(O)O[C@H]2[C@H]1OC(C)O,False,C13H17N5O6,339.1179,24
C[C@]1(OCO)[C@H](O)[C@@H](CO)O[C@H]1n1cnc2c(=O)[nH]c(N)nc21,False,C12H17N5O6,327.1179,23
C[C@]1(n2cnc3c(=O)[nH]c(N)nc32)O[C@H](CO)[C@@H](O)[C@H]1OCO,False,C12H17N5O6,327.1179,23
C[C@]1(O)[C@@H](CO)O[C@@H](n2cnc3c(=O)[nH]c(N)nc32)[C@@H]1OCO,False,C12H17N5O6,327.1179,23
C[C@@]1(CO)O[C@@H](n2cnc3c(=O)[nH]c(N)nc32)[C@H](OCO)[C@@H]1O,False,C12H17N5O6,327.1179,23
Cc1nc2c(=O)[nH]c(N)nc2n1[C@@H]1O[C@H](CO)[C@@H](O)[C@H]1OCO,False,C12H17N5O6,327.1179,23
CC(O)[C@H]1O[C@@H](n2cnc3c(=O)[nH]c(N)nc32)[C@H](OCO)[C@@H]1O,False,C12H17N5O6,327.1179,23
COC(C)O[C@@H]1[C@H](O)[C@@H](CO)O[C@H]1n1cnc2c(=O)[nH]c(N)nc21,False,C13H19N5O6,341.1335,24
CC(C)(O)O[C@@H]1[C@H](O)[C@@H](CO)O[C@H]1n1cnc2c(=O)[nH]c(N)nc21,False,C13H19N5O6,341.1335,24
CCC(O)O[C@@H]1[C@H](O)[C@@H](CO)O[C@H]1n1cnc2c(=O)[nH]c(N)nc21,False,C13H19N5O6,341.1335,24
CC(=O)OC(C)O[C@@H]1[C@H](O)[C@@H](CO)O[C@H]1n1cnc2c(=O)[nH]c(N)nc21,False,C14H19N5O7,369.1284,26
CC(O)(O[C@@H]1[C@H](O)[C@@H](CO)O[C@H]1n1cnc2c(=O)[nH]c(N)nc21)C(=O)O,False,C13H17N5O8,371.1077,26
Nc1nc2c(ncn2[C@@H]2O[C@H](CO)[C@@H](O)[C@H]2OC(O)CC(=O)O)c(=O)[nH]1,False,C13H17N5O8,371.1077,26
CC(Cl)O[C@@H]1[C@H](O)[C@@H](CO)O[C@H]1n1cnc2c(=O)[nH]c(N)nc21,False,C12H16ClN5O5,345.084,23
CC(O)(O)O[C@@H]1[C@H](O)[C@@H](CO)O[C@H]1n1cnc2c(=O)[nH]c(N)nc21,False,C12H17N5O7,343.1128,24
CC(O)O[C@@H]1[C@H](O)[C@@H](C)O[C@H]1n1cnc2c(=O)[nH]c(N)nc21,False,C12H17N5O5,311.123,22
CC(O)OC(C)O[C@@H]1[C@H](O)[C@@H](CO)O[C@H]1n1cnc2c(=O)[nH]c(N)nc21,False,C14H21N5O7,371.1441,26
Nc1nc2c(ncn2[C@@H]2O[C@H](CO)[C@@H](O)[C@H]2OCO)c(=O)[nH]1,False,C11H15N5O6,313.1022,22
CC(O)O[C@@]1(C)[C@H](O)[C@@H](CO)O[C@H]1n1cnc2c(=O)[nH]c(N)nc21,False,C13H19N5O6,341.1335,24
CC(O)O[C@@H]1[C@H](O)[C@@H](CO)O[C@]1(C)n1cnc2c(=O)[nH]c(N)nc21,False,C13H19N5O6,341.1335,24
CC(O)O[C@H]1[C@H](n2cnc3c(=O)[nH]c(N)nc32)O[C@H](CO)[C@]1(C)O,False,C13H19N5O6,341.1335,24
CC(O)O[C@H]1[C@H](n2cnc3c(=O)[nH]c(N)nc32)O[C@@](C)(CO)[C@H]1O,False,C13H19N5O6,341.1335,24
Cc1nc2c(=O)[nH]c(N)nc2n1[C@@H]1O[C@H](CO)[C@@H](O)[C@H]1OC(C)O,False,C13H19N5O6,341.1335,24
CC(O)O[C@@H]1[C@H](O)[C@@H](C(C)O)O[C@H]1n1cnc2c(=O)[nH]c(N)nc21,False,C13H19N5O6,341.1335,24
CCO[C@@H]1[C@H](O)[C@@H](COP(=O)(O)O)O[C@H]1n1cnc2c(=O)[nH]c(N)nc21,False,C12H18N5O8P,391.0893,26
CCO[C@@H]1[C@H](OP(=O)(O)O)[C@@H](CO)O[C@H]1n1cnc2c(=O)[nH]c(N)nc21,False,C12H18N5O8P,391.0893,26
CCO[C@@H]1[C@H](OS(=O)(=O)O)[C@@H](CO)O[C@H]1n1cnc2c(=O)[nH]c(N)nc21,False,C12H17N5O8S,391.0798,26
CCO[C@@H]1[C@H](O)[C@@H](COS(=O)(=O)O)O[C@H]1n1cnc2c(=O)[nH]c(N)nc21,False,C12H17N5O8S,391.0798,26
CC(C)O[C@@H]1[C@H](O)[C@@H](CO)O[C@H]1n1cnc2c(=O)[nH]c(N)nc21,False,C13H19N5O5,325.1386,23
CCCO[C@@H]1[C@H](O)[C@@H](CO)O[C@H]1n1cnc2c(=O)[nH]c(N)nc21,False,C13H19N5O5,325.1386,23
CC(O[C@@H]1[C@H](O)[C@@H](CO)O[C@H]1n1cnc2c(=O)[nH]c(N)nc21)C(=O)O,False,C13H17N5O7,355.1128,25
Nc1nc2c(ncn2[C@@H]2O[C@H](CO)[C@@H](O)[C@H]2OCCC(=O)O)c(=O)[nH]1,False,C13H17N5O7,355.1128,25
Nc1nc2c(ncn2[C@@H]2O[C@H](CO)[C@@H](O)[C@H]2OCCO)c(=O)[nH]1,False,C12H17N5O6,327.1179,23
CCO[C@@H]1[C@H](O)[C@@H](C)O[C@H]1n1cnc2c(=O)[nH]c(N)nc21,False,C12H17N5O4,295.1281,21
CCO[C@@H]1[C@H](O)[C@@H](C(=O)O)O[C@H]1n1cnc2c(=O)[nH]c(N)nc21,False,C12H15N5O6,325.1022,23
CCO[C@@]1(C)[C@H](O)[C@@H](CO)O[C@H]1n1cnc2c(=O)[nH]c(N)nc21,False,C13H19N5O5,325.1386,23
CCO[C@@H]1[C@H](O)[C@@H](CO)O[C@]1(C)n1cnc2c(=O)[nH]c(N)nc21,False,C13H19N5O5,325.1386,23
CCO[C@H]1[C@H](n2cnc3c(=O)[nH]c(N)nc32)O[C@H](CO)[C@]1(C)O,False,C13H19N5O5,325.1386,23
CCO[C@H]1[C@H](n2cnc3c(=O)[nH]c(N)nc32)O[C@@](C)(CO)[C@H]1O,False,C13H19N5O5,325.1386,23
CCO[C@@H]1[C@H](O)[C@@H](CO)O[C@H]1n1c(C)nc2c(=O)[nH]c(N)nc21,False,C13H19N5O5,325.1386,23
CCO[C@@H]1[C@H](O)[C@@H](C(C)O)O[C@H]1n1cnc2c(=O)[nH]c(N)nc21,False,C13H19N5O5,325.1386,23
CC[C@]1(OC=O)[C@H](O)[C@@H](CO)O[C@H]1n1cnc2c(=O)[nH]c(N)nc21,False,C13H17N5O6,339.1179,24
CC[C@]1(n2cnc3c(=O)[nH]c(N)nc32)O[C@H](CO)[C@@H](O)[C@H]1OC=O,False,C13H17N5O6,339.1179,24
CC[C@]1(O)[C@@H](CO)O[C@@H](n2cnc3c(=O)[nH]c(N)nc32)[C@@H]1OC=O,False,C13H17N5O6,339.1179,24
CC[C@@]1(CO)O[C@@H](n2cnc3c(=O)[nH]c(N)nc32)[C@H](OC=O)[C@@H]1O,False,C13H17N5O6,339.1179,24
CCc1nc2c(=O)[nH]c(N)nc2n1[C@@H]1O[C@H](CO)[C@@H](O)[C@H]1OC=O,False,C13H17N5O6,339.1179,24
CCC1(O)OC[C@H]2O[C@@H](n3cnc4c(=O)[nH]c(N)nc43)[C@H](O1)[C@@H]2O,False,C13H17N5O6,339.1179,24
CCC1=Nc2nc3c(ncn3[C@@H]3O[C@H](CO)[C@@H](O)[C@H]3O1)c(=O)[nH]2,False,C13H15N5O5,321.1073,23
CC1O[C@H]2[C@@H](OC1O)[C@H](n1cnc3c(=O)[nH]c(N)nc31)O[C@@H]2CO,False,C13H17N5O6,339.1179,24
CC1OC[C@H]2O[C@@H](n3cnc4c(=O)[nH]c(N)nc43)[C@H](OC1O)[C@@H]2O,False,C13H17N5O6,339.1179,24
Nc1nc2c(ncn2[C@@H]2O[C@H](CO)[C@H]3OCCC(O)O[C@H]32)c(=O)[nH]1,False,C13H17N5O6,339.1179,24
Nc1nc2c(ncn2[C@@H]2O[C@@H]3COCCC(O)O[C@@H]2[C@@H]3O)c(=O)[nH]1,False,C13H17N5O6,339.1179,24
C=CC(=O)O[C@@H]1[C@H](O)[C@@H](CO)O[C@H]1n1cnc2c(=O)[nH]c(N)nc21,False,C13H15N5O6,337.1022,24
CC(C)C(=O)O[C@@H]1[C@H](O)[C@@H](CO)O[C@H]1n1cnc2c(=O)[nH]c(N)nc21,False,C14H19N5O6,353.1335,25
CCCC(=O)O[C@@H]1[C@H](O)[C@@H](CO)O[C@H]1n1cnc2c(=O)[nH]c(N)nc21,False,C14H19N5O6,353.1335,25
Nc1nc2c(ncn2[C@@H]2O[C@H](CO)[C@@H](O)[C@H]2OC(=O)CCC(=O)O)c(=O)[nH]1,False,C14H17N5O8,383.1077,27
CC(C(=O)O)C(=O)O[C@@H]1[C@H](O)[C@@H](CO)O[C@H]1n1cnc2c(=O)[nH]c(N)nc21,False,C14H17N5O8,383.1077,27
CCC(O)(C#N)O[C@@H]1[C@H](O)[C@@H](CO)O[C@H]1n1cnc2c(=O)[nH]c(N)nc21,False,C14H18N6O6,366.1288,26
CCC(N)O[C@@H]1[C@H](O)[C@@H](CO)O[C@H]1n1cnc2c(=O)[nH]c(N)nc21,False,C13H20N6O5,340.1495,24
CC(O)C(=O)O[C@@H]1[C@H](O)[C@@H](CO)O[C@H]1n1cnc2c(=O)[nH]c(N)nc21,False,C13H17N5O7,355.1128,25
Nc1nc2c(ncn2[C@@H]2O[C@H](CO)[C@@H](O)[C@H]2OC(=O)CCO)c(=O)[nH]1,False,C13H17N5O7,355.1128,25
CCOC(=O)O[C@@H]1[C@H](O)[C@@H](CO)O[C@H]1n1cnc2c(=O)[nH]c(N)nc21,False,C13H17N5O7,355.1128,25
Nc1nc2c(ncn2[C@@H]2O[C@H](CO)[C@@H](O)[C@H]2OC(=O)CCS(=O)O)c(=O)[nH]1,False,C13H17N5O8S,403.0798,27
CC(O)C(O)O[C@@H]1[C@H](O)[C@@H](CO)O[C@H]1n1cnc2c(=O)[nH]c(N)nc21,False,C13H19N5O7,357.1284,25
Nc1nc2c(ncn2[C@@H]2O[C@H](CO)[C@@H](O)[C@H]2OC(O)CCO)c(=O)[nH]1,False,C13H19N5O7,357.1284,25
Nc1nc2c(ncn2[C@@H]2O[C@H](CO)[C@@H](O)[C@H]2OC(=O)O)c(=O)[nH]1,False,C11H13N5O7,327.0815,23
CCC(=O)O[C@@H]1[C@H](O)[C@@H](C)O[C@H]1n1cnc2c(=O)[nH]c(N)nc21,False,C13H17N5O5,323.123,23
CCC(=O)[C@@H]1[C@H](O)[C@@H](CO)O[C@H]1n1cnc2c(=O)[nH]c(N)nc21,False,C13H17N5O5,323.123,23
CCC(=O)O[C@@H]1[C@H](O)[C@@H](C(=O)O)O[C@H]1n1cnc2c(=O)[nH]c(N)nc21,False,C13H15N5O7,353.0971,25
CCCCC(=O)O[C@@H]1[C@H](O)[C@@H](CO)O[C@H]1n1cnc2c(=O)[nH]c(N)nc21,False,C15H21N5O6,367.1492,26
CCC(C)C(=O)O[C@@H]1[C@H](O)[C@@H](CO)O[C@H]1n1cnc2c(=O)[nH]c(N)nc21,False,C15H21N5O6,367.1492,26
CCC(=O)O[C@@]1(C)[C@H](O)[C@@H](CO)O[C@H]1n1cnc2c(=O)[nH]c(N)nc21,False,C14H19N5O6,353.1335,25
CCC(=O)O[C@@]1(CC)[C@H](O)[C@@H](CO)O[C@H]1n1cnc2c(=O)[nH]c(N)nc21,False,C15H21N5O6,367.1492,26
CCC(=O)O[C@@H]1[C@H](O)[C@@H](CO)O[C@]1(C)n1cnc2c(=O)[nH]c(N)nc21,False,C14H19N5O6,353.1335,25
CCC(=O)O[C@@H]1[C@H](O)[C@@H](CO)O[C@]1(CC)n1cnc2c(=O)[nH]c(N)nc21,False,C15H21N5O6,367.1492,26
CCC(=O)O[C@H]1[C@H](n2cnc3c(=O)[nH]c(N)nc32)O[C@H](CO)[C@]1(C)O,False,C14H19N5O6,353.1335,25
CCC(=O)O[C@H]1[C@H](n2cnc3c(=O)[nH]c(N)nc32)O[C@H](CO)[C@@]1(O)CC,False,C15H21N5O6,367.1492,26
CCC(=O)O[C@H]1[C@H](n2cnc3c(=O)[nH]c(N)nc32)O[C@@](C)(CO)[C@H]1O,False,C14H19N5O6,353.1335,25
CCC(=O)O[C@H]1[C@H](n2cnc3c(=O)[nH]c(N)nc32)O[C@@](CC)(CO)[C@H]1O,False,C15H21N5O6,367.1492,26
CCC(=O)O[C@@H]1[C@H](O)[C@@H](CO)O[C@H]1n1c(C)nc2c(=O)[nH]c(N)nc21,False,C14H19N5O6,353.1335,25
CCC(=O)O[C@@H]1[C@H](O)[C@@H](CO)O[C@H]1n1c(CC)nc2c(=O)[nH]c(N)nc21,False,C15H21N5O6,367.1492,26
CCC(=O)O[C@@H]1[C@H](O)[C@@H](C(C)O)O[C@H]1n1cnc2c(=O)[nH]c(N)nc21,False,C14H19N5O6,353.1335,25
CCC(=O)O[C@@H]1[C@H](O)[C@@H](C(O)CC)O[C@H]1n1cnc2c(=O)[nH]c(N)nc21,False,C15H21N5O6,367.1492,26
Nc1nc2c(ncn2[C@@H]2O[C@H](CO)[C@@H](O)[C@]2(CC(=O)O)OC=O)c(=O)[nH]1,False,C13H15N5O8,369.0921,26
Nc1nc2c(ncn2[C@@]2(CC(=O)O)O[C@H](CO)[C@@H](O)[C@H]2OC=O)c(=O)[nH]1,False,C13H15N5O8,369.0921,26
Nc1nc2c(ncn2[C@@H]2O[C@H](CO)[C@@](O)(CC(=O)O)[C@H]2OC=O)c(=O)[nH]1,False,C13H15N5O8,369.0921,26
Nc1nc2c(ncn2[C@@H]2O[C@](CO)(CC(=O)O)[C@@H](O)[C@H]2OC=O)c(=O)[nH]1,False,C13H15N5O8,369.0921,26
Nc1nc2c(nc(CC(=O)O)n2[C@@H]2O[C@H](CO)[C@@H](O)[C@H]2OC=O)c(=O)[nH]1,False,C13H15N5O8,369.0921,26
CC(=O)O[C@@]1(C(=O)O)[C@H](O)[C@@H](CO)O[C@H]1n1cnc2c(=O)[nH]c(N)nc21,False,C13H15N5O8,369.0921,26
CC(=O)O[C@@H]1[C@H](O)[C@@H](CO)O[C@]1(C(=O)O)n1cnc2c(=O)[nH]c(N)nc21,False,C13H15N5O8,369.0921,26
CC(=O)O[C@H]1[C@H](n2cnc3c(=O)[nH]c(N)nc32)O[C@H](CO)[C@@]1(O)C(=O)O,False,C13H15N5O8,369.0921,26
CC(=O)O[C@H]1[C@H](n2cnc3c(=O)[nH]c(N)nc32)O[C@](CO)(C(=O)O)[C@H]1O,False,C13H15N5O8,369.0921,26
CC(=O)O[C@@H]1[C@H](O)[C@@H](CO)O[C@H]1n1c(C(=O)O)nc2c(=O)[nH]c(N)nc21,False,C13H15N5O8,369.0921,26
CC(=O)O[C@@H]1[C@H](O)[C@@H](C(O)C(=O)O)O[C@H]1n1cnc2c(=O)[nH]c(N)nc21,False,C13H15N5O8,369.0921,26
Nc1nc2c(ncn2[C@@H]2O[C@H](CO)[C@@H](O)[C@H]2OC2(O)CC(=O)O2)c(=O)[nH]1,False,C13H15N5O8,369.0921,26
Nc1nc2c(ncn2[C@@H]2O[C@@H]3COC(O)(O)CC(=O)O[C@@H]2[C@@H]3O)c(=O)[nH]1,False,C13H15N5O8,369.0921,26
Nc1nc2c(ncn2[C@@H]2O[C@@H]3COC(O)(CC(=O)O)O[C@@H]2[C@@H]3O)c(=O)[nH]1,False,C13H15N5O8,369.0921,26
Nc1nc2c(ncn2[C@@H]2O[C@H](C=O)[C@@H](O)[C@H]2OC(=O)CC=O)c(=O)[nH]1,False,C13H13N5O7,351.0815,25
Nc1nc2c(ncn2[C@@H]2O[C@H](CO)[C@@H](O)[C@H]2OC2=CC(=O)O2)c(=O)[nH]1,False,C13H13N5O7,351.0815,25
O=C1CC(O)=Nc2nc3c(ncn3[C@@H]3O[C@H](CO)[C@@H](O)[C@H]3O1)c(=O)[nH]2,False,C13H13N5O7,351.0815,25
O=C(O)CC1=Nc2nc3c(ncn3[C@@H]3O[C@H](CO)[C@@H](O)[C@H]3O1)c(=O)[nH]2,False,C13H13N5O7,351.0815,25
Nc1nc2c(ncn2[C@@H]2O[C@H](CO)[C@@H](O)[C@H]2OC(=O)C2OC2O)c(=O)[nH]1,False,C13H15N5O8,369.0921,26
Nc1nc2c(ncn2[C@@H]2O[C@H](CO)[C@@H](O)[C@H]2OC(O)C2OC2=O)c(=O)[nH]1,False,C13H15N5O8,369.0921,26
Nc1nc2c(ncn2[C@@H]2O[C@H](CO)[C@H]3OC(C(O)O)C(=O)O[C@H]32)c(=O)[nH]1,False,C13H15N5O8,369.0921,26
Nc1nc2c(ncn2[C@@H]2O[C@H](CO)[C@H]3OC(C(=O)O)C(O)O[C@H]32)c(=O)[nH]1,False,C13H15N5O8,369.0921,26
Nc1nc2c(ncn2[C@@H]2O[C@@H]3COC(C(O)O)C(=O)O[C@@H]2[C@@H]3O)c(=O)[nH]1,False,C13H15N5O8,369.0921,26
Nc1nc2c(ncn2[C@@H]2O[C@@H]3COC(C(=O)O)C(O)O[C@@H]2[C@@H]3O)c(=O)[nH]1,False,C13H15N5O8,369.0921,26
Nc1nc2c(ncn2[C@@H]2O[C@H](CO)[C@@H](O)[C@]23OC(=O)CC(O)O3)c(=O)[nH]1,False,C13H15N5O8,369.0921,26
Nc1nc2c(ncn2[C@@H]2O[C@H](CO)[C@@H](O)[C@@]23OC(=O)CC(O)O3)c(=O)[nH]1,False,C13H15N5O8,369.0921,26
Nc1nc2c(ncn2[C@@H]2O[C@H](CO)[C@H]3O[C@]32OC(=O)CC(O)O)c(=O)[nH]1,False,C13H15N5O8,369.0921,26
Nc1nc2c(ncn2[C@@H]2O[C@@H]3CO[C@]2(OC(=O)CC(O)O)[C@@H]3O)c(=O)[nH]1,False,C13H15N5O8,369.0921,26
Nc1nc2c(ncn2[C@]23OC(O)CC(=O)O[C@@H]2[C@H](O)[C@@H](CO)O3)c(=O)[nH]1,False,C13H15N5O8,369.0921,26
Nc1nc2c(ncn2[C@]23OC(=O)CC(O)O[C@@H]2[C@H](O)[C@@H](CO)O3)c(=O)[nH]1,False,C13H15N5O8,369.0921,26
Nc1nc2c(ncn2[C@]23O[C@@H]([C@H]2OC(=O)CC(O)O)[C@@H](CO)O3)c(=O)[nH]1,False,C13H15N5O8,369.0921,26
Nc1nc2c(ncn2[C@@]23OC[C@@H](O2)[C@@H](O)[C@H]3OC(=O)CC(O)O)c(=O)[nH]1,False,C13H15N5O8,369.0921,26
Nc1nc2c(ncn2[C@@H]2O[C@H](CO)[C@@]3(O)OC(O)CC(=O)O[C@@H]23)c(=O)[nH]1,False,C13H15N5O8,369.0921,26
Nc1nc2c(ncn2[C@@H]2O[C@H](CO)[C@@]3(O)OC(=O)CC(O)O[C@@H]23)c(=O)[nH]1,False,C13H15N5O8,369.0921,26
Nc1nc2c(ncn2[C@@H]2O[C@@H]3CO[C@@]3(O)[C@H]2OC(=O)CC(O)O)c(=O)[nH]1,False,C13H15N5O8,369.0921,26
Nc1nc2c(ncn2[C@@H]2O[C@]3(CO)OC(O)CC(=O)O[C@@H]2[C@@H]3O)c(=O)[nH]1,False,C13H15N5O8,369.0921,26
Nc1nc2c(ncn2[C@@H]2O[C@]3(CO)OC(=O)CC(O)O[C@@H]2[C@@H]3O)c(=O)[nH]1,False,C13H15N5O8,369.0921,26
Nc1nc2c(ncn2[C@@H]2O[C@]3(CO)O[C@H]3[C@H]2OC(=O)CC(O)O)c(=O)[nH]1,False,C13H15N5O8,369.0921,26
Nc1nc2c(ncn2[C@@H]2O[C@@]3(CO3)[C@@H](O)[C@H]2OC(=O)CC(O)O)c(=O)[nH]1,False,C13H15N5O8,369.0921,26
Nc1nc2c(nc3n2[C@@H]2O[C@H](CO)[C@@H](O)[C@H]2OC(=O)CC(O)O3)c(=O)[nH]1,False,C13H15N5O8,369.0921,26
Nc1nc2c(nc3n2[C@@H]2O[C@H](CO)[C@@H](O)[C@H]2OC(O)CC(=O)O3)c(=O)[nH]1,False,C13H15N5O8,369.0921,26
Nc1nc2c(nc3n2[C@@H]2O[C@H](CO)[C@@H](O3)[C@H]2OC(=O)CC(O)O)c(=O)[nH]1,False,C13H15N5O8,369.0921,26
Nc1nc2c(nc3n2[C@@H]2O[C@H](CO3)[C@@H](O)[C@H]2OC(=O)CC(O)O)c(=O)[nH]1,False,C13H15N5O8,369.0921,26
Nc1nc2c(ncn2[C@@H]2O[C@@H]3C(O)OC(O)CC(=O)O[C@@H]2[C@@H]3O)c(=O)[nH]1,False,C13H15N5O8,369.0921,26
Nc1nc2c(ncn2[C@@H]2O[C@@H]3C(O)OC(=O)CC(O)O[C@@H]2[C@@H]3O)c(=O)[nH]1,False,C13H15N5O8,369.0921,26
Nc1nc2c(ncn2[C@@H]2O[C@@H]3C(O)O[C@H]3[C@H]2OC(=O)CC(O)O)c(=O)[nH]1,False,C13H15N5O8,369.0921,26
Nc1nc2c(ncn2[C@@H]2O[C@H](CO)[C@@H](O)[C@H]2OC(=O)CC(O)O)c(=O)[nH]1,False,C13H17N5O8,371.1077,26
Nc1nc2c(ncn2[C@@H]2O[C@H](CO)[C@@H](O)[C@H]2OC(=O)CC=O)c(=O)[nH]1,False,C13H15N5O7,353.0971,25
COC(=O)CC(=O)O[C@@H]1[C@H](O)[C@@H](CO)O[C@H]1n1cnc2c(=O)[nH]c(N)nc21,False,C14H17N5O8,383.1077,27
N#CC(O)(O)CC(=O)O[C@@H]1[C@H](O)[C@@H](CO)O[C@H]1n1cnc2c(=O)[nH]c(N)nc21,False,C14H16N6O8,396.103,28
N#CC(O)(CC(=O)O)O[C@@H]1[C@H](O)[C@@H](CO)O[C@H]1n1cnc2c(=O)[nH]c(N)nc21,False,C14H16N6O8,396.103,28
Nc1nc2c(ncn2[C@@H]2O[C@H](CO)[C@@H](O)[C@H]2OC(=O)CC(=O)Cl)c(=O)[nH]1,False,C13H14ClN5O7,387.0582,26
NC(=O)CC(=O)O[C@@H]1[C@H](O)[C@@H](CO)O[C@H]1n1cnc2c(=O)[nH]c(N)nc21,False,C13H16N6O7,368.108,26
N#CCC(=O)O[C@@H]1[C@H](O)[C@@H](CO)O[C@H]1n1cnc2c(=O)[nH]c(N)nc21,False,C13H14N6O6,350.0975,25
Nc1nc2c(ncn2[C@@H]2O[C@H](CO)[C@@H](O)[C@H]2OC(=O)CC(N)O)c(=O)[nH]1,False,C13H18N6O7,370.1237,26
Nc1nc2c(ncn2[C@@H]2O[C@H](CO)[C@@H](O)[C@H]2OC(N)CC(=O)O)c(=O)[nH]1,False,C13H18N6O7,370.1237,26
Nc1nc2c(ncn2[C@@H]2O[C@H](CO)[C@@H](O)[C@H]2OC(=O)C=O)c(=O)[nH]1,False,C12H13N5O7,339.0815,24
C[C@H]1O[C@@H](n2cnc3c(=O)[nH]c(N)nc32)[C@H](OC(=O)CC(=O)O)[C@@H]1O,False,C13H15N5O7,353.0971,25
Nc1nc2c(ncn2[C@@H]2O[C@H](CO)[C@@H](O)[C@H]2C(=O)CC(=O)O)c(=O)[nH]1,False,C13H15N5O7,353.0971,25
N#CCC(O)O[C@@H]1[C@H](O)[C@@H](CO)O[C@H]1n1cnc2c(=O)[nH]c(N)nc21,False,C13H16N6O6,352.1131,25
CC(O)O[C@@]1(C#N)[C@H](O)[C@@H](CO)O[C@H]1n1cnc2c(=O)[nH]c(N)nc21,False,C13H16N6O6,352.1131,25
C[C@]1(OC(O)C#N)[C@H](O)[C@@H](CO)O[C@H]1n1cnc2c(=O)[nH]c(N)nc21,False,C13H16N6O6,352.1131,25
CC(O)O[C@@H]1[C@H](O)[C@@H](CO)O[C@]1(C#N)n1cnc2c(=O)[nH]c(N)nc21,False,C13H16N6O6,352.1131,25
C[C@]1(n2cnc3c(=O)[nH]c(N)nc32)O[C@H](CO)[C@@H](O)[C@H]1OC(O)C#N,False,C13H16N6O6,352.1131,25
CC(O)O[C@H]1[C@H](n2cnc3c(=O)[nH]c(N)nc32)O[C@H](CO)[C@@]1(O)C#N,False,C13H16N6O6,352.1131,25
C[C@]1(O)[C@@H](CO)O[C@@H](n2cnc3c(=O)[nH]c(N)nc32)[C@@H]1OC(O)C#N,False,C13H16N6O6,352.1131,25
CC(O)O[C@H]1[C@H](n2cnc3c(=O)[nH]c(N)nc32)O[C@@](C#N)(CO)[C@H]1O,False,C13H16N6O6,352.1131,25
C[C@@]1(CO)O[C@@H](n2cnc3c(=O)[nH]c(N)nc32)[C@H](OC(O)C#N)[C@@H]1O,False,C13H16N6O6,352.1131,25
CC(O)O[C@@H]1[C@H](O)[C@@H](CO)O[C@H]1n1c(C#N)nc2c(=O)[nH]c(N)nc21,False,C13H16N6O6,352.1131,25
Cc1nc2c(=O)[nH]c(N)nc2n1[C@@H]1O[C@H](CO)[C@@H](O)[C@H]1OC(O)C#N,False,C13H16N6O6,352.1131,25
CC(O)O[C@@H]1[C@H](O)[C@@H](C(O)C#N)O[C@H]1n1cnc2c(=O)[nH]c(N)nc21,False,C13H16N6O6,352.1131,25
CC(O)[C@H]1O[C@@H](n2cnc3c(=O)[nH]c(N)nc32)[C@H](OC(O)C#N)[C@@H]1O,False,C13H16N6O6,352.1131,25
N#CC(=O)O[C@@H]1[C@H](O)[C@@H](CO)O[C@H]1n1cnc2c(=O)[nH]c(N)nc21,False,C12H12N6O6,336.0818,24
CC(C#N)O[C@@H]1[C@H](O)[C@@H](C=O)O[C@H]1n1cnc2c(=O)[nH]c(N)nc21,False,C13H14N6O5,334.1026,24
COC(C)(C#N)O[C@@H]1[C@H](O)[C@@H](CO)O[C@H]1n1cnc2c(=O)[nH]c(N)nc21,False,C14H18N6O6,366.1288,26
CC(=O)OC(C)(C#N)O[C@@H]1[C@H](O)[C@@H](CO)O[C@H]1n1cnc2c(=O)[nH]c(N)nc21,False,C15H18N6O7,394.1237,28
CC(Cl)(C#N)O[C@@H]1[C@H](O)[C@@H](CO)O[C@H]1n1cnc2c(=O)[nH]c(N)nc21,False,C13H15ClN6O5,370.0792,25
N#CC(O)(CO)O[C@@H]1[C@H](O)[C@@H](CO)O[C@H]1n1cnc2c(=O)[nH]c(N)nc21,False,C13H16N6O7,368.108,26
CC(O)(O[C@@H]1[C@H](O)[C@@H](CO)O[C@H]1n1cnc2c(=O)[nH]c(N)nc21)C(N)=O,False,C13H18N6O7,370.1237,26
CC(O)(C=NO)O[C@@H]1[C@H](O)[C@@H](CO)O[C@H]1n1cnc2c(=O)[nH]c(N)nc21,False,C13H18N6O7,370.1237,26
CC(C#N)O[C@@H]1[C@H](O)[C@@H](CO)O[C@H]1n1cnc2c(=O)[nH]c(N)nc21,False,C13H16N6O5,336.1182,24
C[C@H]1O[C@@H](n2cnc3c(=O)[nH]c(N)nc32)[C@H](OC(C)(O)C#N)[C@@H]1O,False,C13H16N6O5,336.1182,24
CC(O)(C#N)O[C@@H]1[C@H](O)[C@@H](C(=O)O)O[C@H]1n1cnc2c(=O)[nH]c(N)nc21,False,C13H14N6O7,366.0924,26
N#CCC(O)(C#N)O[C@@H]1[C@H](O)[C@@H](CO)O[C@H]1n1cnc2c(=O)[nH]c(N)nc21,False,C14H15N7O6,377.1084,27
N#CC(O)O[C@@H]1[C@H](O)[C@@H](CO)O[C@H]1n1cnc2c(=O)[nH]c(N)nc21,False,C12H14N6O6,338.0975,24
CC(O)(C#N)O[C@@]1(C#N)[C@H](O)[C@@H](CO)O[C@H]1n1cnc2c(=O)[nH]c(N)nc21,False,C14H15N7O6,377.1084,27
CC(O)(C#N)O[C@@]1(C)[C@H](O)[C@@H](CO)O[C@H]1n1cnc2c(=O)[nH]c(N)nc21,False,C14H18N6O6,366.1288,26
CC(O)(C#N)O[C@@H]1[C@H](O)[C@@H](CO)O[C@]1(C#N)n1cnc2c(=O)[nH]c(N)nc21,False,C14H15N7O6,377.1084,27
CC(O)(C#N)O[C@@H]1[C@H](O)[C@@H](CO)O[C@]1(C)n1cnc2c(=O)[nH]c(N)nc21,False,C14H18N6O6,366.1288,26
CC(O)(C#N)O[C@H]1[C@H](n2cnc3c(=O)[nH]c(N)nc32)O[C@H](CO)[C@@]1(O)C#N,False,C14H15N7O6,377.1084,27
CC(O)(C#N)O[C@H]1[C@H](n2cnc3c(=O)[nH]c(N)nc32)O[C@H](CO)[C@]1(C)O,False,C14H18N6O6,366.1288,26
CC(O)(C#N)O[C@H]1[C@H](n2cnc3c(=O)[nH]c(N)nc32)O[C@@](C#N)(CO)[C@H]1O,False,C14H15N7O6,377.1084,27
CC(O)(C#N)O[C@H]1[C@H](n2cnc3c(=O)[nH]c(N)nc32)O[C@@](C)(CO)[C@H]1O,False,C14H18N6O6,366.1288,26
CC(O)(C#N)O[C@@H]1[C@H](O)[C@@H](CO)O[C@H]1n1c(C#N)nc2c(=O)[nH]c(N)nc21,False,C14H15N7O6,377.1084,27
Cc1nc2c(=O)[nH]c(N)nc2n1[C@@H]1O[C@H](CO)[C@@H](O)[C@H]1OC(C)(O)C#N,False,C14H18N6O6,366.1288,26
CC(O)(C#N)O[C@@H]1[C@H](O)[C@@H](C(O)C#N)O[C@H]1n1cnc2c(=O)[nH]c(N)nc21,False,C14H15N7O6,377.1084,27
CC(O)[C@H]1O[C@@H](n2cnc3c(=O)[nH]c(N)nc32)[C@H](OC(C)(O)C#N)[C@@H]1O,False,C14H18N6O6,366.1288,26
C[C@]1(OCN)[C@H](O)[C@@H](CO)O[C@H]1n1cnc2c(=O)[nH]c(N)nc21,False,C12H18N6O5,326.1339,23
C[C@]1(n2cnc3c(=O)[nH]c(N)nc32)O[C@H](CO)[C@@H](O)[C@H]1OCN,False,C12H18N6O5,326.1339,23
C[C@]1(O)[C@@H](CO)O[C@@H](n2cnc3c(=O)[nH]c(N)nc32)[C@@H]1OCN,False,C12H18N6O5,326.1339,23
C[C@@]1(CO)O[C@@H](n2cnc3c(=O)[nH]c(N)nc32)[C@H](OCN)[C@@H]1O,False,C12H18N6O5,326.1339,23
Cc1nc2c(=O)[nH]c(N)nc2n1[C@@H]1O[C@H](CO)[C@@H](O)[C@H]1OCN,False,C12H18N6O5,326.1339,23
CC(O)[C@H]1O[C@@H](n2cnc3c(=O)[nH]c(N)nc32)[C@H](OCN)[C@@H]1O,False,C12H18N6O5,326.1339,23
CC1N=C2NC(N)=Nc3c2ncn3[C@@H]2O[C@H](CO)[C@@H](O)[C@H]2O1,False,C12H16N6O4,308.1233,22
CC1Nc2nc3c(ncn3[C@@H]3O[C@H](CO)[C@@H](O)[C@H]3O1)c(=O)[nH]2,False,C12H15N5O5,309.1073,22
CC(N)O[C@@H]1[C@H](O)[C@@H](COP(=O)(O)O)O[C@H]1n1cnc2c(=O)[nH]c(N)nc21,False,C12H19N6O8P,406.1002,27
CC(N)O[C@@H]1[C@H](OP(=O)(O)O)[C@@H](CO)O[C@H]1n1cnc2c(=O)[nH]c(N)nc21,False,C12H19N6O8P,406.1002,27
CC(N)O[C@@H]1[C@H](OS(=O)(=O)O)[C@@H](CO)O[C@H]1n1cnc2c(=O)[nH]c(N)nc21,False,C12H18N6O8S,406.0907,27
CC(N)O[C@@H]1[C@H](O)[C@@H](COS(=O)(=O)O)O[C@H]1n1cnc2c(=O)[nH]c(N)nc21,False,C12H18N6O8S,406.0907,27
CNC(C)O[C@@H]1[C@H](O)[C@@H](CO)O[C@H]1n1cnc2c(=O)[nH]c(N)nc21,False,C13H20N6O5,340.1495,24
CC(C)(N)O[C@@H]1[C@H](O)[C@@H](CO)O[C@H]1n1cnc2c(=O)[nH]c(N)nc21,False,C13H20N6O5,340.1495,24
CC(=O)NC(C)O[C@@H]1[C@H](O)[C@@H](CO)O[C@H]1n1cnc2c(=O)[nH]c(N)nc21,False,C14H20N6O6,368.1444,26
CC(N)(O[C@@H]1[C@H](O)[C@@H](CO)O[C@H]1n1cnc2c(=O)[nH]c(N)nc21)C(=O)O,False,C13H18N6O7,370.1237,26
CC(NC(N)=O)O[C@@H]1[C@H](O)[C@@H](CO)O[C@H]1n1cnc2c(=O)[nH]c(N)nc21,False,C13H19N7O6,369.1397,26
CC(N)(O)O[C@@H]1[C@H](O)[C@@H](CO)O[C@H]1n1cnc2c(=O)[nH]c(N)nc21,False,C12H18N6O6,342.1288,24
Nc1nc2c(ncn2[C@@H]2O[C@H](CO)[C@@H](O)[C@H]2OC(N)CO)c(=O)[nH]1,False,C12H18N6O6,342.1288,24
CC(N)O[C@@H]1[C@H](O)[C@@H](C)O[C@H]1n1cnc2c(=O)[nH]c(N)nc21,False,C12H18N6O4,310.139,22
CC(N)O[C@@H]1[C@H](O)[C@@H](C(=O)O)O[C@H]1n1cnc2c(=O)[nH]c(N)nc21,False,C12H16N6O6,340.1131,24
CC(N)NC(C)O[C@@H]1[C@H](O)[C@@H](CO)O[C@H]1n1cnc2c(=O)[nH]c(N)nc21,False,C14H23N7O5,369.1761,26
NCO[C@@H]1[C@H](O)[C@@H](CO)O[C@H]1n1cnc2c(=O)[nH]c(N)nc21,False,C11H16N6O5,312.1182,22
CC(N)O[C@@]1(C)[C@H](O)[C@@H](CO)O[C@H]1n1cnc2c(=O)[nH]c(N)nc21,False,C13H20N6O5,340.1495,24
CC(N)O[C@@H]1[C@H](O)[C@@H](CO)O[C@]1(C)n1cnc2c(=O)[nH]c(N)nc21,False,C13H20N6O5,340.1495,24
CC(N)O[C@H]1[C@H](n2cnc3c(=O)[nH]c(N)nc32)O[C@H](CO)[C@]1(C)O,False,C13H20N6O5,340.1495,24
CC(N)O[C@H]1[C@H](n2cnc3c(=O)[nH]c(N)nc32)O[C@@](C)(CO)[C@H]1O,False,C13H20N6O5,340.1495,24
Cc1nc2c(=O)[nH]c(N)nc2n1[C@@H]1O[C@H](CO)[C@@H](O)[C@H]1OC(C)N,False,C13H20N6O5,340.1495,24
CC(N)O[C@@H]1[C@H](O)[C@@H](C(C)O)O[C@H]1n1cnc2c(=O)[nH]c(N)nc21,False,C13H20N6O5,340.1495,24
Nc1nc2c(ncn2[C@@H]2O[C@H](CO)[C@@H](O)[C@]2(CO)OC=O)c(=O)[nH]1,False,C12H15N5O7,341.0971,24
Nc1nc2c(ncn2[C@@H]2O[C@H](CO)[C@@](O)(CO)[C@H]2OC=O)c(=O)[nH]1,False,C12H15N5O7,341.0971,24
Nc1nc2c(ncn2[C@@H]2OC(CO)(CO)[C@@H](O)[C@H]2OC=O)c(=O)[nH]1,False,C12H15N5O7,341.0971,24
Nc1nc2c(nc(CO)n2[C@@H]2O[C@H](CO)[C@@H](O)[C@H]2OC=O)c(=O)[nH]1,False,C12H15N5O7,341.0971,24
O=c1[nH]c2nc3c1ncn3[C@@H]1O[C@H](CO)[C@@H](O)[C@H]1OC(CO)=N2,False,C12H13N5O6,323.0866,23
Nc1nc2c(ncn2[C@@H]2O[C@H](CO)[C@@H](O)[C@@]23OCC(O)O3)c(=O)[nH]1,False,C12H15N5O7,341.0971,24
Nc1nc2c(ncn2[C@]23OCC(O)O[C@@H]2[C@H](O)[C@@H](CO)O3)c(=O)[nH]1,False,C12H15N5O7,341.0971,24
Nc1nc2c(ncn2[C@@H]2O[C@H](CO)[C@@]3(O)OCC(O)O[C@@H]23)c(=O)[nH]1,False,C12H15N5O7,341.0971,24
Nc1nc2c(ncn2[C@@H]2O[C@]3(CO)OCC(O)O[C@@H]2[C@@H]3O)c(=O)[nH]1,False,C12H15N5O7,341.0971,24
Nc1nc2c(nc3n2[C@@H]2O[C@H](CO)[C@@H](O)[C@H]2OC(O)CO3)c(=O)[nH]1,False,C12H15N5O7,341.0971,24
Nc1nc2c(ncn2[C@@H]2O[C@@H]3C(O)OCC(O)O[C@@H]2[C@@H]3O)c(=O)[nH]1,False,C12H15N5O7,341.0971,24
COCC(=O)O[C@@H]1[C@H](O)[C@@H](CO)O[C@H]1n1cnc2c(=O)[nH]c(N)nc21,False,C13H17N5O7,355.1128,25
CC(=O)OCC(=O)O[C@@H]1[C@H](O)[C@@H](CO)O[C@H]1n1cnc2c(=O)[nH]c(N)nc21,False,C14H17N5O8,383.1077,27
Nc1nc2c(ncn2[C@@H]2O[C@H](CO)[C@@H](O)[C@H]2OC(=O)CCl)c(=O)[nH]1,False,C12H14ClN5O6,359.0633,24
Nc1nc2c(ncn2[C@@H]2O[C@H](CO)[C@@H](O)[C@H]2OC(=O)C(O)O)c(=O)[nH]1,False,C12H15N5O8,357.0921,25
Nc1nc2c(ncn2[C@@H]2O[C@H](CO)[C@@H](O)[C@H]2OC(=O)OCO)c(=O)[nH]1,False,C12H15N5O8,357.0921,25
Nc1nc2c(ncn2[C@@H]2O[C@H](CO)[C@@H](O)[C@H]2OC(O)C(O)O)c(=O)[nH]1,False,C12H17N5O8,359.1077,25
C[C@H]1O[C@@H](n2cnc3c(=O)[nH]c(N)nc32)[C@H](OC(=O)CO)[C@@H]1O,False,C12H15N5O6,325.1022,23
Nc1nc2c(ncn2[C@@H]2O[C@H](CO)[C@@H](O)[C@H]2C(=O)CO)c(=O)[nH]1,False,C12H15N5O6,325.1022,23
Nc1nc2c(ncn2[C@@H]2O[C@H](CO)[C@@H](O)[C@H]2OC(=O)C(=O)O)c(=O)[nH]1,False,C12H13N5O8,355.0764,25
Nc1nc2c(ncn2[C@@H]2O[C@H](C(=O)O)[C@@H](O)[C@H]2OC(=O)CO)c(=O)[nH]1,False,C12H13N5O8,355.0764,25
Nc1nc2c(ncn2[C@@H]2O[C@H](CO)[C@@H](O)[C@H]2OC(=O)C(O)CO)c(=O)[nH]1,False,C13H17N5O8,371.1077,26
Nc1nc2c(ncn2[C@@H]2O[C@H](CO)[C@@H](O)[C@]2(CO)OC(=O)CO)c(=O)[nH]1,False,C13H17N5O8,371.1077,26
Nc1nc2c(ncn2[C@@]2(CO)O[C@H](CO)[C@@H](O)[C@H]2OC(=O)CO)c(=O)[nH]1,False,C13H17N5O8,371.1077,26
Nc1nc2c(ncn2[C@@H]2O[C@H](CO)[C@@](O)(CO)[C@H]2OC(=O)CO)c(=O)[nH]1,False,C13H17N5O8,371.1077,26
Nc1nc2c(ncn2[C@@H]2OC(CO)(CO)[C@@H](O)[C@H]2OC(=O)CO)c(=O)[nH]1,False,C13H17N5O8,371.1077,26
Nc1nc2c(nc(CO)n2[C@@H]2O[C@H](CO)[C@@H](O)[C@H]2OC(=O)CO)c(=O)[nH]1,False,C13H17N5O8,371.1077,26
Nc1nc2c(ncn2[C@@H]2O[C@H](C(O)CO)[C@@H](O)[C@H]2OC(=O)CO)c(=O)[nH]1,False,C13H17N5O8,371.1077,26
COC1=Nc2nc3c(ncn3[C@@H]3O[C@H](CO)[C@@H](O)[C@H]3O1)c(=O)[nH]2,False,C12H13N5O6,323.0866,23
Nc1nc2c(ncn2[C@@H]2O[C@H](CO)[C@H]3OCOC(O)O[C@H]32)c(=O)[nH]1,False,C12H15N5O7,341.0971,24
Nc1nc2c(ncn2[C@@H]2O[C@@H]3COCOC(O)O[C@@H]2[C@@H]3O)c(=O)[nH]1,False,C12H15N5O7,341.0971,24
COC(O)O[C@@]12O[C@@H]1[C@@H](CO)O[C@H]2n1cnc2c(=O)[nH]c(N)nc21,False,C12H15N5O7,341.0971,24
COC(O)O[C@]12OC[C@@H](O[C@H]1n1cnc3c(=O)[nH]c(N)nc31)[C@H]2O,False,C12H15N5O7,341.0971,24
COC(O)O[C@@H]1[C@@H]2O[C@]1(n1cnc3c(=O)[nH]c(N)nc31)O[C@@H]2CO,False,C12H15N5O7,341.0971,24
COC(O)O[C@@H]1[C@H](O)[C@H]2CO[C@]1(n1cnc3c(=O)[nH]c(N)nc31)O2,False,C12H15N5O7,341.0971,24
COC(O)O[C@H]1[C@H](n2cnc3c(=O)[nH]c(N)nc32)O[C@@H]2CO[C@]21O,False,C12H15N5O7,341.0971,24
COC(O)O[C@H]1[C@H](n2cnc3c(=O)[nH]c(N)nc32)O[C@]2(CO)O[C@@H]12,False,C12H15N5O7,341.0971,24
COC(O)O[C@H]1[C@H](n2cnc3c(=O)[nH]c(N)nc32)O[C@@]2(CO2)[C@H]1O,False,C12H15N5O7,341.0971,24
COC(O)O[C@@H]1[C@@H]2Oc3nc4c(=O)[nH]c(N)nc4n3[C@@H]1O[C@@H]2CO,False,C12H15N5O7,341.0971,24
COC(O)O[C@@H]1[C@H](O)[C@H]2COc3nc4c(=O)[nH]c(N)nc4n3[C@@H]1O2,False,C12H15N5O7,341.0971,24
COC(O)O[C@@H]1[C@@H]2OC(O)[C@H]2O[C@H]1n1cnc2c(=O)[nH]c(N)nc21,False,C12H15N5O7,341.0971,24
COCO[C@@H]1[C@H](O)[C@@H](CO)O[C@H]1n1cnc2c(=O)[nH]c(N)nc21,False,C12H17N5O6,327.1179,23
COC(=O)O[C@@H]1[C@H](O)[C@@H](C)O[C@H]1n1cnc2c(=O)[nH]c(N)nc21,False,C12H15N5O6,325.1022,23
Nc1nc2c(ncn2[C@@H]2O[C@H](CO)[C@@H](O)[C@H]2OC(=O)OC=O)c(=O)[nH]1,False,C12H13N5O8,355.0764,25
COC(=O)O[C@@H]1[C@H](O)[C@@H](C(=O)O)O[C@H]1n1cnc2c(=O)[nH]c(N)nc21,False,C12H13N5O8,355.0764,25
Nc1nc2c(ncn2[C@@H]2O[C@H](CO)[C@@H](O)[C@]2(CO)OCO)c(=O)[nH]1,False,C12H17N5O7,343.1128,24
Nc1nc2c(ncn2[C@@H]2O[C@H](CO)[C@@](O)(CO)[C@H]2OCO)c(=O)[nH]1,False,C12H17N5O7,343.1128,24
Nc1nc2c(ncn2[C@@H]2OC(CO)(CO)[C@@H](O)[C@H]2OCO)c(=O)[nH]1,False,C12H17N5O7,343.1128,24
Nc1nc2c(nc(CO)n2[C@@H]2O[C@H](CO)[C@@H](O)[C@H]2OCO)c(=O)[nH]1,False,C12H17N5O7,343.1128,24
Nc1nc2c(ncn2[C@@H]2O[C@H](CO)[C@@H](O)[C@H]2OCC=O)c(=O)[nH]1,False,C12H15N5O6,325.1022,23
Nc1nc2c(ncn2[C@@H]2O[C@H](C=O)[C@@H](O)[C@H]2OCCO)c(=O)[nH]1,False,C12H15N5O6,325.1022,23
Nc1nc2c(ncn2[C@@H]2O[C@H](CO)[C@@H](O)[C@H]2OC(O)C=O)c(=O)[nH]1,False,C12H15N5O7,341.0971,24
COCC(O)O[C@@H]1[C@H](O)[C@@H](CO)O[C@H]1n1cnc2c(=O)[nH]c(N)nc21,False,C13H19N5O7,357.1284,25
COC(CO)O[C@@H]1[C@H](O)[C@@H](CO)O[C@H]1n1cnc2c(=O)[nH]c(N)nc21,False,C13H19N5O7,357.1284,25
CC(O)(CO)O[C@@H]1[C@H](O)[C@@H](CO)O[C@H]1n1cnc2c(=O)[nH]c(N)nc21,False,C13H19N5O7,357.1284,25
CC(=O)OCC(O)O[C@@H]1[C@H](O)[C@@H](CO)O[C@H]1n1cnc2c(=O)[nH]c(N)nc21,False,C14H19N5O8,385.1234,27
CC(=O)OC(CO)O[C@@H]1[C@H](O)[C@@H](CO)O[C@H]1n1cnc2c(=O)[nH]c(N)nc21,False,C14H19N5O8,385.1234,27
Nc1nc2c(ncn2[C@@H]2O[C@H](CO)[C@@H](O)[C@H]2OC(O)CCl)c(=O)[nH]1,False,C12H16ClN5O6,361.0789,24
Nc1nc2c(ncn2[C@@H]2O[C@H](CO)[C@@H](O)[C@H]2OC(Cl)CO)c(=O)[nH]1,False,C12H16ClN5O6,361.0789,24
Nc1nc2c(ncn2[C@@H]2O[C@H](CO)[C@@H](O)[C@H]2OC(O)(O)CO)c(=O)[nH]1,False,C12H17N5O8,359.1077,25
C[C@H]1O[C@@H](n2cnc3c(=O)[nH]c(N)nc32)[C@H](OC(O)CO)[C@@H]1O,False,C12H17N5O6,327.1179,23
Nc1nc2c(ncn2[C@@H]2O[C@H](CO)[C@@H](O)[C@H]2OC(O)C(=O)O)c(=O)[nH]1,False,C12H15N5O8,357.0921,25
Nc1nc2c(ncn2[C@@H]2O[C@H](C(=O)O)[C@@H](O)[C@H]2OC(O)CO)c(=O)[nH]1,False,C12H15N5O8,357.0921,25
Nc1nc2c(ncn2[C@@H]2O[C@H](CO)[C@@H](O)[C@H]2OC(O)C(O)CO)c(=O)[nH]1,False,C13H19N5O8,373.1234,26
Nc1nc2c(ncn2[C@@H]2O[C@H](CO)[C@@H](O)[C@H]2OC(O)(CO)CO)c(=O)[nH]1,False,C13H19N5O8,373.1234,26
Nc1nc2c(ncn2[C@@H]2O[C@H](CO)[C@@H](O)[C@]2(CO)OC(O)CO)c(=O)[nH]1,False,C13H19N5O8,373.1234,26
Nc1nc2c(ncn2[C@@]2(CO)O[C@H](CO)[C@@H](O)[C@H]2OC(O)CO)c(=O)[nH]1,False,C13H19N5O8,373.1234,26
Nc1nc2c(ncn2[C@@H]2O[C@H](CO)[C@@](O)(CO)[C@H]2OC(O)CO)c(=O)[nH]1,False,C13H19N5O8,373.1234,26
Nc1nc2c(ncn2[C@@H]2OC(CO)(CO)[C@@H](O)[C@H]2OC(O)CO)c(=O)[nH]1,False,C13H19N5O8,373.1234,26
Nc1nc2c(nc(CO)n2[C@@H]2O[C@H](CO)[C@@H](O)[C@H]2OC(O)CO)c(=O)[nH]1,False,C13H19N5O8,373.1234,26
Nc1nc2c(ncn2[C@@H]2O[C@H](C(O)CO)[C@@H](O)[C@H]2OC(O)CO)c(=O)[nH]1,False,C13H19N5O8,373.1234,26
CC(O)O[C@@H]1[C@@H]2OC[C@H]2O[C@H]1n1cnc2c(=O)[nH]c(N)nc21,False,C12H15N5O5,309.1073,22
CC(=O)[C@@H]1[C@H](O)[C@@H](C)O[C@H]1n1cnc2c(=O)[nH]c(N)nc21,False,C12H15N5O4,293.1124,21
CC(=O)O[C@@H]1[C@H](O)[C@@H](C)O[C@H]1n1cnc2c(=O)n(C(C)=O)c(N)nc21,False,C14H17N5O6,351.1179,25
CC[C@H]1O[C@@H](n2cnc3c(=O)[nH]c(N)nc32)[C@H](OC(C)=O)[C@@H]1O,False,C13H17N5O5,323.123,23
CC(=O)O[C@H]1[C@H](n2cnc3c(=O)[nH]c(N)nc32)OC(C)(C)[C@H]1O,False,C13H17N5O5,323.123,23
CC(=O)O[C@H]1[C@H](n2cnc3c(=O)[nH]c(N)nc32)O[C@H](C)[C@]1(C)O,False,C13H17N5O5,323.123,23
CC(=O)O[C@@]1(C)[C@H](O)[C@@H](C)O[C@H]1n1cnc2c(=O)[nH]c(N)nc21,False,C13H17N5O5,323.123,23
CC(=O)O[C@@H]1[C@H](O)[C@@H](C)O[C@]1(C)n1cnc2c(=O)[nH]c(N)nc21,False,C13H17N5O5,323.123,23
CC(=O)O[C@@H]1[C@H](O)[C@@H](C)O[C@H]1n1c(C)nc2c(=O)[nH]c(N)nc21,False,C13H17N5O5,323.123,23
CC(=O)[C@@]1(CO)[C@H](O)CO[C@H]1n1cnc2c(=O)[nH]c(N)nc21,False,C12H15N5O5,309.1073,22
Nc1nc2c(ncn2[C@@H]2OC[C@@H](O)[C@H]2C(=O)CCO)c(=O)[nH]1,False,C12H15N5O5,309.1073,22
CC(=O)[C@H]1[C@H](n2cnc3c(=O)[nH]c(N)nc32)OC[C@@]1(O)CO,False,C12H15N5O5,309.1073,22
CC(=O)[C@@H]1[C@H](O)CO[C@H]1n1c(CO)nc2c(=O)[nH]c(N)nc21,False,C12H15N5O5,309.1073,22
C[C@]1(C=O)[C@H](O)[C@@H](CO)O[C@H]1n1cnc2c(=O)[nH]c(N)nc21,False,C12H15N5O5,309.1073,22
C[C@]1(n2cnc3c(=O)[nH]c(N)nc32)O[C@H](CO)[C@@H](O)[C@H]1C=O,False,C12H15N5O5,309.1073,22
CC(=O)[C@@]1(n2cnc3c(=O)[nH]c(N)nc32)C[C@H](O)[C@@H](CO)O1,False,C12H15N5O5,309.1073,22
C[C@]1(O)[C@@H](CO)O[C@@H](n2cnc3c(=O)[nH]c(N)nc32)[C@@H]1C=O,False,C12H15N5O5,309.1073,22
CC(=O)[C@@]1(O)C[C@H](n2cnc3c(=O)[nH]c(N)nc32)O[C@@H]1CO,False,C12H15N5O5,309.1073,22
C[C@@]1(CO)O[C@@H](n2cnc3c(=O)[nH]c(N)nc32)[C@H](C=O)[C@@H]1O,False,C12H15N5O5,309.1073,22
CC(=O)[C@@]1(CO)O[C@@H](n2cnc3c(=O)[nH]c(N)nc32)C[C@@H]1O,False,C12H15N5O5,309.1073,22
Cc1nc2c(=O)[nH]c(N)nc2n1[C@@H]1O[C@H](CO)[C@@H](O)[C@H]1C=O,False,C12H15N5O5,309.1073,22
CC(=O)c1nc2c(=O)[nH]c(N)nc2n1[C@H]1C[C@H](O)[C@@H](CO)O1,False,C12H15N5O5,309.1073,22
CC(O)[C@H]1O[C@@H](n2cnc3c(=O)[nH]c(N)nc32)[C@H](C=O)[C@@H]1O,False,C12H15N5O5,309.1073,22
CC(=O)C(O)[C@H]1O[C@@H](n2cnc3c(=O)[nH]c(N)nc32)C[C@@H]1O,False,C12H15N5O5,309.1073,22
Nc1nc2c(ncn2[C@@H]2O[C@H](CO)[C@@H](O)[C@H]2CC=O)c(=O)[nH]1,False,C12H15N5O5,309.1073,22
CC1=Nc2nc3c(ncn3[C@@H]3O[C@H](CO)[C@@H](O)[C@@H]13)c(=O)[nH]2,False,C12H13N5O4,291.0968,21
CC(O)[C@@]12O[C@@H]1[C@@H](CO)O[C@H]2n1cnc2c(=O)[nH]c(N)nc21,False,C12H15N5O5,309.1073,22
CC(O)[C@]12OC[C@@H](O[C@H]1n1cnc3c(=O)[nH]c(N)nc31)[C@H]2O,False,C12H15N5O5,309.1073,22
Nc1nc2c(ncn2[C@@H]2O[C@H](CO)[C@H]3OCC(O)[C@H]32)c(=O)[nH]1,False,C12H15N5O5,309.1073,22
Nc1nc2c(ncn2[C@@H]2O[C@@H]3COCC(O)[C@@H]2[C@@H]3O)c(=O)[nH]1,False,C12H15N5O5,309.1073,22
CC(O)[C@@H]1[C@@H]2O[C@]1(n1cnc3c(=O)[nH]c(N)nc31)O[C@@H]2CO,False,C12H15N5O5,309.1073,22
CC(O)[C@@H]1[C@H](O)[C@H]2CO[C@]1(n1cnc3c(=O)[nH]c(N)nc31)O2,False,C12H15N5O5,309.1073,22
CC(O)[C@H]1[C@H](n2cnc3c(=O)[nH]c(N)nc32)O[C@@H]2CO[C@]21O,False,C12H15N5O5,309.1073,22
CC(O)[C@H]1[C@H](n2cnc3c(=O)[nH]c(N)nc32)O[C@]2(CO)O[C@@H]12,False,C12H15N5O5,309.1073,22
CC(O)[C@H]1[C@H](n2cnc3c(=O)[nH]c(N)nc32)O[C@@]2(CO2)[C@H]1O,False,C12H15N5O5,309.1073,22
CC(O)[C@@H]1[C@@H]2Oc3nc4c(=O)[nH]c(N)nc4n3[C@@H]1O[C@@H]2CO,False,C12H15N5O5,309.1073,22
CC(O)[C@@H]1[C@H](O)[C@H]2COc3nc4c(=O)[nH]c(N)nc4n3[C@@H]1O2,False,C12H15N5O5,309.1073,22
CC(O)[C@@H]1[C@@H]2OC(O)[C@H]2O[C@H]1n1cnc2c(=O)[nH]c(N)nc21,False,C12H15N5O5,309.1073,22
CC(=O)[C@@H]1[C@H](O)[C@@H](COP(=O)(O)O)O[C@H]1n1cnc2c(=O)[nH]c(N)nc21,False,C12H16N5O8P,389.0736,26
CC(=O)[C@@H]1[C@H](OP(=O)(O)O)[C@@H](CO)O[C@H]1n1cnc2c(=O)[nH]c(N)nc21,False,C12H16N5O8P,389.0736,26
CC(O)[C@@H]1[C@H](O)[C@@H](CO)O[C@H]1n1cnc2c(=O)[nH]c(N)nc21,False,C12H17N5O5,311.123,22
CC(=O)[C@@H]1[C@H](OS(=O)(=O)O)[C@@H](CO)O[C@H]1n1cnc2c(=O)[nH]c(N)nc21,False,C12H15N5O8S,389.0641,26
CC(=O)[C@@H]1[C@H](O)[C@@H](COS(=O)(=O)O)O[C@H]1n1cnc2c(=O)[nH]c(N)nc21,False,C12H15N5O8S,389.0641,26
CC(O)(C#N)[C@@H]1[C@H](O)[C@@H](CO)O[C@H]1n1cnc2c(=O)[nH]c(N)nc21,False,C13H16N6O5,336.1182,24
CC(N)[C@@H]1[C@H](O)[C@@H](CO)O[C@H]1n1cnc2c(=O)[nH]c(N)nc21,False,C12H18N6O4,310.139,22
COC(=O)[C@@H]1[C@H](O)[C@@H](CO)O[C@H]1n1cnc2c(=O)[nH]c(N)nc21,False,C12H15N5O6,325.1022,23
Nc1nc2c(ncn2[C@@H]2O[C@H](CO)[C@@H](O)[C@H]2C(O)CO)c(=O)[nH]1,False,C12H17N5O6,327.1179,23
CC(=O)[C@@H]1[C@H](O)[C@@H](C(=O)O)O[C@H]1n1cnc2c(=O)[nH]c(N)nc21,False,C12H13N5O6,323.0866,23
Nc1nc2c(ncn2[C@@H]2O[C@H](CO)[C@@H](O)[C@H]2C=O)c(=O)[nH]1,False,C11H13N5O5,295.0917,21
CC(=O)[C@@]1(C)[C@H](O)[C@@H](CO)O[C@H]1n1cnc2c(=O)[nH]c(N)nc21,False,C13H17N5O5,323.123,23
CC(=O)[C@@H]1[C@H](O)[C@@H](CO)O[C@]1(C)n1cnc2c(=O)[nH]c(N)nc21,False,C13H17N5O5,323.123,23
CC(=O)[C@H]1[C@H](n2cnc3c(=O)[nH]c(N)nc32)O[C@H](CO)[C@]1(C)O,False,C13H17N5O5,323.123,23
CC(=O)[C@H]1[C@H](n2cnc3c(=O)[nH]c(N)nc32)O[C@@](C)(CO)[C@H]1O,False,C13H17N5O5,323.123,23
CC(=O)[C@@H]1[C@H](O)[C@@H](CO)O[C@H]1n1c(C)nc2c(=O)[nH]c(N)nc21,False,C13H17N5O5,323.123,23
CC(=O)[C@@H]1[C@H](O)[C@@H](C(C)O)O[C@H]1n1cnc2c(=O)[nH]c(N)nc21,False,C13H17N5O5,323.123,23
CC(=O)O[C@@H]1[C@H](O)CO[C@H]1n1cnc2c(=O)[nH]c(N)nc21,False,C11H13N5O5,295.0917,21
CC(=O)O[C@@H]1[C@H](O)[C@@H]2O[C@H]1n1cnc3c(=O)[nH]c(nc31)N=C2O,False,C12H11N5O6,321.0709,23
CC(=O)O[C@H]1[C@H](n2cnc3c(=O)[nH]c(N)nc32)O[C@]2(OC2O)[C@H]1O,False,C12H13N5O7,339.0815,24
CC(O)O[C@H]1[C@H](n2cnc3c(=O)[nH]c(N)nc32)O[C@]2(OC2=O)[C@H]1O,False,C12H13N5O7,339.0815,24
CC(=O)O[C@H]1[C@H](n2cnc3c(=O)[nH]c(N)nc32)O[C@]2(C(O)O)O[C@@H]12,False,C12H13N5O7,339.0815,24
CC(=O)O[C@H]1[C@H](n2cnc3c(=O)[nH]c(N)nc32)O[C@@H]2C(O)O[C@]21O,False,C12H13N5O7,339.0815,24
CC(O)O[C@H]1[C@H](n2cnc3c(=O)[nH]c(N)nc32)O[C@@H]2C(=O)O[C@]21O,False,C12H13N5O7,339.0815,24
CC(=O)O[C@]12OC(O)[C@@H](O[C@H]1n1cnc3c(=O)[nH]c(N)nc31)[C@H]2O,False,C12H13N5O7,339.0815,24
CC(O)O[C@]12OC(=O)[C@@H](O[C@H]1n1cnc3c(=O)[nH]c(N)nc31)[C@H]2O,False,C12H13N5O7,339.0815,24
CC(=O)O[C@@]12O[C@@H]1[C@@H](C(O)O)O[C@H]2n1cnc2c(=O)[nH]c(N)nc21,False,C12H13N5O7,339.0815,24
CC(=O)O[C@@H]1[C@H](O)[C@@H]2O[C@@]1(n1cnc3c(=O)[nH]c(N)nc31)OC2O,False,C12H13N5O7,339.0815,24
CC(O)O[C@@H]1[C@H](O)[C@@H]2O[C@@]1(n1cnc3c(=O)[nH]c(N)nc31)OC2=O,False,C12H13N5O7,339.0815,24
CC(=O)O[C@@H]1[C@@H]2O[C@]1(n1cnc3c(=O)[nH]c(N)nc31)O[C@@H]2C(O)O,False,C12H13N5O7,339.0815,24
CC(=O)O[C@@H]1[C@H](O)[C@@H]2O[C@H]1n1c(nc3c(=O)[nH]c(N)nc31)OC2O,False,C12H13N5O7,339.0815,24
CC(O)O[C@@H]1[C@H](O)[C@@H]2O[C@H]1n1c(nc3c(=O)[nH]c(N)nc31)OC2=O,False,C12H13N5O7,339.0815,24
CC(=O)O[C@@H]1[C@@H]2Oc3nc4c(=O)[nH]c(N)nc4n3[C@@H]1O[C@@H]2C(O)O,False,C12H13N5O7,339.0815,24
Nc1nc2c(ncn2[C@@H]2O[C@@H]3C(O)OCC(=O)O[C@@H]2[C@@H]3O)c(=O)[nH]1,False,C12H13N5O7,339.0815,24
Nc1nc2c(ncn2[C@@H]2O[C@@H]3C(=O)OCC(O)O[C@@H]2[C@@H]3O)c(=O)[nH]1,False,C12H13N5O7,339.0815,24
Nc1nc2c(ncn2[C@@H]2O[C@H](C(O)O)[C@H]3OCC(=O)O[C@H]32)c(=O)[nH]1,False,C12H13N5O7,339.0815,24
C[C@H]1O[C@@H](n2cnc3c(=O)[nH]c(N)nc32)[C@H](OC(=O)C(=O)O)[C@@H]1O,False,C12H13N5O7,339.0815,24
CC(=O)O[C@@H]1[C@H](O)[C@@H](C(O)O)O[C@H]1n1cnc2c(=O)[nH]c(N)nc21,False,C12H15N5O7,341.0971,24
CC(=O)O[C@@H]1[C@H](O)[C@@H](C(O)(O)C#N)O[C@H]1n1cnc2c(=O)[nH]c(N)nc21,False,C13H14N6O7,366.0924,26
CC(=O)O[C@@H]1[C@H](O)[C@@H](C(N)=O)O[C@H]1n1cnc2c(=O)[nH]c(N)nc21,False,C12H14N6O6,338.0975,24
Nc1nc2c(ncn2[C@@H]2O[C@H](C(O)O)[C@@H](O)[C@H]2OC(=O)CO)c(=O)[nH]1,False,C12H15N5O8,357.0921,25
CC(=O)O[C@@H]1[C@H](O)[C@@H](C(=O)O)O[C@H]1n1cnc2c(=O)n(C(C)=O)c(N)nc21,False,C14H15N5O8,381.0921,27
CC(=O)O[C@H]1[C@H](n2cnc3c(=O)[nH]c(N)nc32)O[C@@](C)(C(=O)O)[C@H]1O,False,C13H15N5O7,353.0971,25
CC(=O)O[C@H]1[C@H](n2cnc3c(=O)[nH]c(N)nc32)O[C@H](C(=O)O)[C@]1(C)O,False,C13H15N5O7,353.0971,25
CC(=O)O[C@@]1(C)[C@H](O)[C@@H](C(=O)O)O[C@H]1n1cnc2c(=O)[nH]c(N)nc21,False,C13H15N5O7,353.0971,25
CC(=O)O[C@@H]1[C@H](O)[C@@H](C(=O)O)O[C@]1(C)n1cnc2c(=O)[nH]c(N)nc21,False,C13H15N5O7,353.0971,25
CC(=O)O[C@@H]1[C@H](O)[C@@H](C(=O)O)O[C@H]1n1c(C)nc2c(=O)[nH]c(N)nc21,False,C13H15N5O7,353.0971,25
CCC(=O)n1c(N)nc2c(ncn2[C@@H]2O[C@H](CO)[C@@H](O)[C@H]2OC=O)c1=O,False,C14H17N5O7,367.1128,26
CC(=O)O[C@@H]1[C@H](O)[C@@H](CO)O[C@H]1n1c(C)nc2c(=O)n(C=O)c(N)nc21,False,C14H17N5O7,367.1128,26
CC(=O)n1c(N)nc2c(nc(C)n2[C@@H]2O[C@H](CO)[C@@H](O)[C@H]2OC=O)c1=O,False,C14H17N5O7,367.1128,26
CC(=O)O[C@@H]1[C@H](O)[C@@H](CO)O[C@]1(C)n1cnc2c(=O)n(C=O)c(N)nc21,False,C14H17N5O7,367.1128,26
CC(=O)n1c(N)nc2c(ncn2[C@@]2(C)O[C@H](CO)[C@@H](O)[C@H]2OC=O)c1=O,False,C14H17N5O7,367.1128,26
CC(=O)O[C@@]1(C)[C@H](O)[C@@H](CO)O[C@H]1n1cnc2c(=O)n(C=O)c(N)nc21,False,C14H17N5O7,367.1128,26
CC(=O)n1c(N)nc2c(ncn2[C@@H]2O[C@H](CO)[C@@H](O)[C@]2(C)OC=O)c1=O,False,C14H17N5O7,367.1128,26
CC(=O)O[C@H]1[C@H](n2cnc3c(=O)n(C=O)c(N)nc32)O[C@H](CO)[C@]1(C)O,False,C14H17N5O7,367.1128,26
CC(=O)n1c(N)nc2c(ncn2[C@@H]2O[C@H](CO)[C@](C)(O)[C@H]2OC=O)c1=O,False,C14H17N5O7,367.1128,26
CC(=O)O[C@H]1[C@H](n2cnc3c(=O)n(C=O)c(N)nc32)O[C@@](C)(CO)[C@H]1O,False,C14H17N5O7,367.1128,26
CC(=O)n1c(N)nc2c(ncn2[C@@H]2O[C@@](C)(CO)[C@@H](O)[C@H]2OC=O)c1=O,False,C14H17N5O7,367.1128,26
CC(=O)O[C@@H]1[C@H](O)[C@@H](C(C)O)O[C@H]1n1cnc2c(=O)n(C=O)c(N)nc21,False,C14H17N5O7,367.1128,26
CC(=O)n1c(N)nc2c(ncn2[C@@H]2O[C@H](C(C)O)[C@@H](O)[C@H]2OC=O)c1=O,False,C14H17N5O7,367.1128,26
CCC(=O)O[C@@H]1[C@H](O)[C@@H](CO)O[C@H]1n1cnc2c(=O)n(C=O)c(N)nc21,False,C14H17N5O7,367.1128,26
CC(=O)O[C@@H]1[C@H](O)[C@@H](CO)O[C@H]1n1cnc2c(=O)n3c(nc21)N=C3C,False,C14H15N5O6,349.1022,25
CC(=O)n1c2nc3c(ncn3[C@@H]3O[C@H](CO)[C@@H](O)[C@H]3OC(C)=N2)c1=O,False,C14H15N5O6,349.1022,25
CC(=O)O[C@@H]1[C@@H]2OCC(O)n3c(N)nc4c(ncn4[C@@H]1O[C@@H]2CO)c3=O,False,C14H17N5O7,367.1128,26
CC(O)O[C@@H]1[C@@H]2OCC(=O)n3c(N)nc4c(ncn4[C@@H]1O[C@@H]2CO)c3=O,False,C14H17N5O7,367.1128,26
CC(=O)O[C@@H]1[C@H](O)[C@H]2COCC(O)n3c(N)nc4c(ncn4[C@@H]1O2)c3=O,False,C14H17N5O7,367.1128,26
CC(O)O[C@@H]1[C@H](O)[C@H]2COCC(=O)n3c(N)nc4c(ncn4[C@@H]1O2)c3=O,False,C14H17N5O7,367.1128,26
CC(=O)O[C@@H]1[C@@H]2Oc3nc4c(=O)n(C(C)O)c(N)nc4n3[C@@H]1O[C@@H]2CO,False,C14H17N5O7,367.1128,26
CC(=O)n1c(N)nc2c(nc3n2[C@@H]2O[C@H](CO)[C@@H](O3)[C@H]2OC(C)O)c1=O,False,C14H17N5O7,367.1128,26
CC(=O)O[C@@H]1[C@H](O)[C@H]2COc3nc4c(=O)n(C(C)O)c(N)nc4n3[C@@H]1O2,False,C14H17N5O7,367.1128,26
CC(=O)n1c(N)nc2c(nc3n2[C@@H]2O[C@H](CO3)[C@@H](O)[C@H]2OC(C)O)c1=O,False,C14H17N5O7,367.1128,26
CC(=O)O[C@@H]1[C@@H]2O[C@]1(n1cnc3c(=O)n(C(C)O)c(N)nc31)O[C@@H]2CO,False,C14H17N5O7,367.1128,26
CC(=O)n1c(N)nc2c(ncn2[C@]23O[C@@H]([C@H]2OC(C)O)[C@@H](CO)O3)c1=O,False,C14H17N5O7,367.1128,26
CC(=O)O[C@@H]1[C@H](O)[C@H]2CO[C@]1(n1cnc3c(=O)n(C(C)O)c(N)nc31)O2,False,C14H17N5O7,367.1128,26
CC(=O)n1c(N)nc2c(ncn2[C@@]23OC[C@@H](O2)[C@@H](O)[C@H]3OC(C)O)c1=O,False,C14H17N5O7,367.1128,26
CC(=O)O[C@@]12O[C@@H]1[C@@H](CO)O[C@H]2n1cnc2c(=O)n(C(C)O)c(N)nc21,False,C14H17N5O7,367.1128,26
CC(=O)n1c(N)nc2c(ncn2[C@@H]2O[C@H](CO)[C@H]3O[C@]32OC(C)O)c1=O,False,C14H17N5O7,367.1128,26
CC(=O)O[C@]12OC[C@@H](O[C@H]1n1cnc3c(=O)n(C(C)O)c(N)nc31)[C@H]2O,False,C14H17N5O7,367.1128,26
CC(=O)n1c(N)nc2c(ncn2[C@@H]2O[C@@H]3CO[C@]2(OC(C)O)[C@@H]3O)c1=O,False,C14H17N5O7,367.1128,26
CC(=O)O[C@H]1[C@H](n2cnc3c(=O)n(C(C)O)c(N)nc32)O[C@@H]2CO[C@]21O,False,C14H17N5O7,367.1128,26
CC(=O)n1c(N)nc2c(ncn2[C@@H]2O[C@@H]3CO[C@@]3(O)[C@H]2OC(C)O)c1=O,False,C14H17N5O7,367.1128,26
CC(=O)O[C@H]1[C@H](n2cnc3c(=O)n(C(C)O)c(N)nc32)O[C@]2(CO)O[C@@H]12,False,C14H17N5O7,367.1128,26
CC(=O)n1c(N)nc2c(ncn2[C@@H]2O[C@]3(CO)O[C@H]3[C@H]2OC(C)O)c1=O,False,C14H17N5O7,367.1128,26
CC(=O)O[C@H]1[C@H](n2cnc3c(=O)n(C(C)O)c(N)nc32)O[C@@]2(CO2)[C@H]1O,False,C14H17N5O7,367.1128,26
CC(=O)n1c(N)nc2c(ncn2[C@@H]2O[C@@]3(CO3)[C@@H](O)[C@H]2OC(C)O)c1=O,False,C14H17N5O7,367.1128,26
CC(=O)O[C@@H]1[C@@H]2OC(O)[C@H]2O[C@H]1n1cnc2c(=O)n(C(C)O)c(N)nc21,False,C14H17N5O7,367.1128,26
CC(=O)n1c(N)nc2c(ncn2[C@@H]2O[C@@H]3C(O)O[C@H]3[C@H]2OC(C)O)c1=O,False,C14H17N5O7,367.1128,26
CC(O)n1c(N)nc2c(ncn2[C@@H]2O[C@H](CO)[C@H]3OCC(=O)O[C@H]32)c1=O,False,C14H17N5O7,367.1128,26
CC(=O)n1c(N)nc2c(ncn2[C@@H]2O[C@H](CO)[C@H]3OCC(O)O[C@H]32)c1=O,False,C14H17N5O7,367.1128,26
CC(O)n1c(N)nc2c(ncn2[C@@H]2O[C@@H]3COCC(=O)O[C@@H]2[C@@H]3O)c1=O,False,C14H17N5O7,367.1128,26
CC(=O)n1c(N)nc2c(ncn2[C@@H]2O[C@@H]3COCC(O)O[C@@H]2[C@@H]3O)c1=O,False,C14H17N5O7,367.1128,26
CC(=O)O[C@@H]1[C@H](O)[C@@H](CO)O[C@H]1n1cnc2c(=O)n(C(C)O)c(N)nc21,False,C14H19N5O7,369.1284,26
CC(=O)n1c(N)nc2c(ncn2[C@@H]2O[C@H](CO)[C@@H](O)[C@H]2OC(C)O)c1=O,False,C14H19N5O7,369.1284,26
CCO[C@@H]1[C@H](O)[C@@H](CO)O[C@H]1n1cnc2c(=O)n(C(C)=O)c(N)nc21,False,C14H19N5O6,353.1335,25
CCC(=O)n1c(N)nc2c(ncn2[C@@H]2O[C@H](CO)[C@@H](O)[C@H]2OC(C)=O)c1=O,False,C15H19N5O7,381.1284,27
CCC(=O)O[C@@H]1[C@H](O)[C@@H](CO)O[C@H]1n1cnc2c(=O)n(C(C)=O)c(N)nc21,False,C15H19N5O7,381.1284,27
CC(=O)O[C@@H]1[C@H](O)[C@@H](CO)O[C@H]1n1cnc2c(=O)n(C(C)(O)C#N)c(N)nc21,False,C15H18N6O7,394.1237,28
CC(=O)n1c(N)nc2c(ncn2[C@@H]2O[C@H](CO)[C@@H](O)[C@H]2OC(C)(O)C#N)c1=O,False,C15H18N6O7,394.1237,28
CC(=O)O[C@@H]1[C@H](O)[C@@H](CO)O[C@H]1n1cnc2c(=O)n(C(C)N)c(N)nc21,False,C14H20N6O6,368.1444,26
CC(=O)n1c(N)nc2c(ncn2[C@@H]2O[C@H](CO)[C@@H](O)[C@H]2OC(C)N)c1=O,False,C14H20N6O6,368.1444,26
CC(=O)O[C@@H]1[C@H](O)[C@@H](CO)O[C@H]1n1cnc2c(=O)n(C(=O)CO)c(N)nc21,False,C14H17N5O8,383.1077,27
CC(=O)n1c(N)nc2c(ncn2[C@@H]2O[C@H](CO)[C@@H](O)[C@H]2OC(=O)CO)c1=O,False,C14H17N5O8,383.1077,27
COC(=O)n1c(N)nc2c(ncn2[C@@H]2O[C@H](CO)[C@@H](O)[C@H]2OC(C)=O)c1=O,False,C14H17N5O8,383.1077,27
COC(=O)O[C@@H]1[C@H](O)[C@@H](CO)O[C@H]1n1cnc2c(=O)n(C(C)=O)c(N)nc21,False,C14H17N5O8,383.1077,27
CC(=O)O[C@@H]1[C@H](O)[C@@H](CO)O[C@H]1n1cnc2c(=O)n(C(O)CO)c(N)nc21,False,C14H19N5O8,385.1234,27
CC(O)O[C@@H]1[C@H](O)[C@@H](CO)O[C@H]1n1cnc2c(=O)n(C(=O)CO)c(N)nc21,False,C14H19N5O8,385.1234,27
CC(O)n1c(N)nc2c(ncn2[C@@H]2O[C@H](CO)[C@@H](O)[C@H]2OC(=O)CO)c1=O,False,C14H19N5O8,385.1234,27
CC(=O)n1c(N)nc2c(ncn2[C@@H]2O[C@H](CO)[C@@H](O)[C@H]2OC(O)CO)c1=O,False,C14H19N5O8,385.1234,27
CC(=O)[C@@H]1[C@H](O)[C@@H](CO)O[C@H]1n1cnc2c(=O)n(C(C)=O)c(N)nc21,False,C14H17N5O6,351.1179,25
CC(=O)O[C@@H]1[C@H](O)[C@@H](CO)O[C@H]1n1cnc2c(=O)n(C=O)c(N)nc21,False,C13H15N5O7,353.0971,25
CC(=O)n1c(N)nc2c(ncn2[C@@H]2O[C@H](CO)[C@@H](O)[C@H]2OC=O)c1=O,False,C13H15N5O7,353.0971,25
CC(=O)O[C@@H]1[C@H](O)[C@@H](CO)O[C@H]1n1c(C)nc2c(=O)n(C(C)=O)c(N)nc21,False,C15H19N5O7,381.1284,27
CC(=O)O[C@@H]1[C@H](O)[C@@H](CO)O[C@]1(C)n1cnc2c(=O)n(C(C)=O)c(N)nc21,False,C15H19N5O7,381.1284,27
CC(=O)O[C@@]1(C)[C@H](O)[C@@H](CO)O[C@H]1n1cnc2c(=O)n(C(C)=O)c(N)nc21,False,C15H19N5O7,381.1284,27
CC(=O)O[C@H]1[C@H](n2cnc3c(=O)n(C(C)=O)c(N)nc32)O[C@H](CO)[C@]1(C)O,False,C15H19N5O7,381.1284,27
CC(=O)O[C@H]1[C@H](n2cnc3c(=O)n(C(C)=O)c(N)nc32)O[C@@](C)(CO)[C@H]1O,False,C15H19N5O7,381.1284,27
CC(=O)O[C@@H]1[C@H](O)[C@@H](C(C)O)O[C@H]1n1cnc2c(=O)n(C(C)=O)c(N)nc21,False,C15H19N5O7,381.1284,27
C[C@]1(OC=O)[C@H](O)[C@@H](CO)O[C@]1(C)n1cnc2c(=O)[nH]c(N)nc21,False,C13H17N5O6,339.1179,24
C[C@]1(O)[C@@H](CO)O[C@@H](n2cnc3c(=O)[nH]c(N)nc32)[C@@]1(C)OC=O,False,C13H17N5O6,339.1179,24
C[C@@]1(OC=O)[C@H](n2cnc3c(=O)[nH]c(N)nc32)O[C@@](C)(CO)[C@H]1O,False,C13H17N5O6,339.1179,24
Cc1nc2c(=O)[nH]c(N)nc2n1[C@@H]1O[C@H](CO)[C@@H](O)[C@]1(C)OC=O,False,C13H17N5O6,339.1179,24
CC1=Nc2nc3c(ncn3[C@@H]3O[C@H](CO)[C@@H](O)[C@]3(C)O1)c(=O)[nH]2,False,C13H15N5O5,321.1073,23
CC(O)O[C@@]12CO[C@@H]1[C@@H](CO)O[C@H]2n1cnc2c(=O)[nH]c(N)nc21,False,C13H17N5O6,339.1179,24
CC(O)O[C@]12COC[C@@H](O[C@H]1n1cnc3c(=O)[nH]c(N)nc31)[C@H]2O,False,C13H17N5O6,339.1179,24
C[C@]12OC(O)CO[C@@H]1[C@@H](CO)O[C@H]2n1cnc2c(=O)[nH]c(N)nc21,False,C13H17N5O6,339.1179,24
C[C@@]12OC(O)COC[C@@H](O[C@H]1n1cnc3c(=O)[nH]c(N)nc31)[C@H]2O,False,C13H17N5O6,339.1179,24
C[C@]1(OC(=O)CC(=O)O)[C@H](O)[C@@H](CO)O[C@H]1n1cnc2c(=O)[nH]c(N)nc21,False,C14H17N5O8,383.1077,27
C[C@]1(OC(=O)CO)[C@H](O)[C@@H](CO)O[C@H]1n1cnc2c(=O)[nH]c(N)nc21,False,C13H17N5O7,355.1128,25
COC(=O)O[C@@]1(C)[C@H](O)[C@@H](CO)O[C@H]1n1cnc2c(=O)[nH]c(N)nc21,False,C13H17N5O7,355.1128,25
C[C@]1(OC(O)CO)[C@H](O)[C@@H](CO)O[C@H]1n1cnc2c(=O)[nH]c(N)nc21,False,C13H19N5O7,357.1284,25
CC[C@]1(OC(C)=O)[C@H](O)[C@@H](CO)O[C@H]1n1cnc2c(=O)[nH]c(N)nc21,False,C14H19N5O6,353.1335,25
CC(=O)O[C@@]1(C)[C@H](O)[C@@H](CO)O[C@]1(C)n1cnc2c(=O)[nH]c(N)nc21,False,C14H19N5O6,353.1335,25
CC(=O)O[C@]1(C)[C@H](n2cnc3c(=O)[nH]c(N)nc32)O[C@H](CO)[C@]1(C)O,False,C14H19N5O6,353.1335,25
CC(=O)O[C@]1(C)[C@H](n2cnc3c(=O)[nH]c(N)nc32)O[C@@](C)(CO)[C@H]1O,False,C14H19N5O6,353.1335,25
CC(=O)O[C@@]1(C)[C@H](O)[C@@H](CO)O[C@H]1n1c(C)nc2c(=O)[nH]c(N)nc21,False,C14H19N5O6,353.1335,25
CC(=O)O[C@@]1(C)[C@H](O)[C@@H](C(C)O)O[C@H]1n1cnc2c(=O)[nH]c(N)nc21,False,C14H19N5O6,353.1335,25
C[C@@]1(O)[C@@H](OC=O)[C@@](C)(n2cnc3c(=O)[nH]c(N)nc32)O[C@@H]1CO,False,C13H17N5O6,339.1179,24
Cc1nc2c(=O)[nH]c(N)nc2n1[C@@]1(C)O[C@H](CO)[C@@H](O)[C@H]1OC=O,False,C13H17N5O6,339.1179,24
C[C@]1(n2cnc3c(=O)[nH]c(N)nc32)O[C@@](C)(CO)[C@@H](O)[C@H]1OC=O,False,C13H17N5O6,339.1179,24
CC1=Nc2nc3c(ncn3[C@@]3(C)O[C@H](CO)[C@@H](O)[C@H]3O1)c(=O)[nH]2,False,C13H15N5O5,321.1073,23
CC(O)O[C@@H]1[C@@H]2OC[C@]1(n1cnc3c(=O)[nH]c(N)nc31)O[C@@H]2CO,False,C13H17N5O6,339.1179,24
CC(O)O[C@@H]1[C@H](O)[C@H]2COC[C@]1(n1cnc3c(=O)[nH]c(N)nc31)O2,False,C13H17N5O6,339.1179,24
C[C@]1(n2cnc3c(=O)[nH]c(N)nc32)O[C@H](CO)[C@H]2OCC(O)O[C@H]21,False,C13H17N5O6,339.1179,24
C[C@]1(n2cnc3c(=O)[nH]c(N)nc32)O[C@@H]2COCC(O)O[C@@H]1[C@@H]2O,False,C13H17N5O6,339.1179,24
C[C@]1(n2cnc3c(=O)[nH]c(N)nc32)O[C@H](CO)[C@@H](O)[C@H]1OC(=O)CC(=O)O,False,C14H17N5O8,383.1077,27
C[C@]1(n2cnc3c(=O)[nH]c(N)nc32)O[C@H](CO)[C@@H](O)[C@H]1OC(=O)CO,False,C13H17N5O7,355.1128,25
COC(=O)O[C@@H]1[C@H](O)[C@@H](CO)O[C@]1(C)n1cnc2c(=O)[nH]c(N)nc21,False,C13H17N5O7,355.1128,25
C[C@]1(n2cnc3c(=O)[nH]c(N)nc32)O[C@H](CO)[C@@H](O)[C@H]1OC(O)CO,False,C13H19N5O7,357.1284,25
CC[C@]1(n2cnc3c(=O)[nH]c(N)nc32)O[C@H](CO)[C@@H](O)[C@H]1OC(C)=O,False,C14H19N5O6,353.1335,25
CC(=O)O[C@@H]1[C@@](C)(O)[C@@H](CO)O[C@]1(C)n1cnc2c(=O)[nH]c(N)nc21,False,C14H19N5O6,353.1335,25
CC(=O)O[C@@H]1[C@H](O)[C@@H](CO)O[C@]1(C)n1c(C)nc2c(=O)[nH]c(N)nc21,False,C14H19N5O6,353.1335,25
CC(=O)O[C@@H]1[C@H](O)[C@](C)(CO)O[C@]1(C)n1cnc2c(=O)[nH]c(N)nc21,False,C14H19N5O6,353.1335,25
CC(=O)O[C@@H]1[C@H](O)[C@@H](C(C)O)O[C@]1(C)n1cnc2c(=O)[nH]c(N)nc21,False,C14H19N5O6,353.1335,25
C[C@@]1(CO)O[C@@H](n2cnc3c(=O)[nH]c(N)nc32)[C@H](OC=O)[C@@]1(C)O,False,C13H17N5O6,339.1179,24
Cc1nc2c(=O)[nH]c(N)nc2n1[C@@H]1O[C@H](CO)[C@](C)(O)[C@H]1OC=O,False,C13H17N5O6,339.1179,24
CC1=Nc2nc3c(ncn3[C@@H]3O[C@H](CO)[C@](C)(O)[C@H]3O1)c(=O)[nH]2,False,C13H15N5O5,321.1073,23
CC(O)O[C@H]1[C@H](n2cnc3c(=O)[nH]c(N)nc32)O[C@H](CO)[C@@]12CO2,False,C13H17N5O6,339.1179,24
CC(O)O[C@H]1[C@H](n2cnc3c(=O)[nH]c(N)nc32)O[C@@H]2COC[C@]21O,False,C13H17N5O6,339.1179,24
C[C@@]12OCC(O)O[C@H]1[C@H](n1cnc3c(=O)[nH]c(N)nc31)O[C@@H]2CO,False,C13H17N5O6,339.1179,24
C[C@]1(O)[C@H]2COCC(O)O[C@H]1[C@H](n1cnc3c(=O)[nH]c(N)nc31)O2,False,C13H17N5O6,339.1179,24
C[C@]1(O)[C@@H](CO)O[C@@H](n2cnc3c(=O)[nH]c(N)nc32)[C@@H]1OC(=O)CC(=O)O,False,C14H17N5O8,383.1077,27
C[C@]1(O)[C@@H](CO)O[C@@H](n2cnc3c(=O)[nH]c(N)nc32)[C@@H]1OC(=O)CO,False,C13H17N5O7,355.1128,25
COC(=O)O[C@H]1[C@H](n2cnc3c(=O)[nH]c(N)nc32)O[C@H](CO)[C@]1(C)O,False,C13H17N5O7,355.1128,25
C[C@]1(O)[C@@H](CO)O[C@@H](n2cnc3c(=O)[nH]c(N)nc32)[C@@H]1OC(O)CO,False,C13H19N5O7,357.1284,25
CC[C@]1(O)[C@@H](CO)O[C@@H](n2cnc3c(=O)[nH]c(N)nc32)[C@@H]1OC(C)=O,False,C14H19N5O6,353.1335,25
CC(=O)O[C@H]1[C@H](n2cnc3c(=O)[nH]c(N)nc32)O[C@@](C)(CO)[C@]1(C)O,False,C14H19N5O6,353.1335,25
CC(=O)O[C@H]1[C@H](n2cnc3c(=O)[nH]c(N)nc32)O[C@H](C(C)O)[C@]1(C)O,False,C14H19N5O6,353.1335,25
CC(=O)O[C@H]1[C@H](n2c(C)nc3c(=O)[nH]c(N)nc32)O[C@H](CO)[C@]1(C)O,False,C14H19N5O6,353.1335,25
CC(=O)O[C@@H]1[C@H](O)[C@@H](C)O[C@]1(CO)n1cnc2c(=O)[nH]c(N)nc21,False,C13H17N5O6,339.1179,24
Cc1nc2c(=O)[nH]c(N)nc2n1[C@@H]1O[C@@](C)(CO)[C@@H](O)[C@H]1OC=O,False,C13H17N5O6,339.1179,24
CC1=Nc2nc3c(ncn3[C@@H]3O[C@@](C)(CO)[C@@H](O)[C@H]3O1)c(=O)[nH]2,False,C13H15N5O5,321.1073,23
CC(O)O[C@H]1[C@H](n2cnc3c(=O)[nH]c(N)nc32)O[C@]2(CO)CO[C@@H]12,False,C13H17N5O6,339.1179,24
CC(O)O[C@H]1[C@H](n2cnc3c(=O)[nH]c(N)nc32)OC2(COC2)[C@H]1O,False,C13H17N5O6,339.1179,24
C[C@@]1(CO)O[C@@H](n2cnc3c(=O)[nH]c(N)nc32)[C@@H]2OC(O)CO[C@@H]21,False,C13H17N5O6,339.1179,24
C[C@@]12COCC(O)O[C@@H]([C@H](n3cnc4c(=O)[nH]c(N)nc43)O1)[C@@H]2O,False,C13H17N5O6,339.1179,24
C[C@@]1(CO)O[C@@H](n2cnc3c(=O)[nH]c(N)nc32)[C@H](OC(=O)CC(=O)O)[C@@H]1O,False,C14H17N5O8,383.1077,27
C[C@@]1(CO)O[C@@H](n2cnc3c(=O)[nH]c(N)nc32)[C@H](OC(=O)CO)[C@@H]1O,False,C13H17N5O7,355.1128,25
COC(=O)O[C@H]1[C@H](n2cnc3c(=O)[nH]c(N)nc32)O[C@@](C)(CO)[C@H]1O,False,C13H17N5O7,355.1128,25
C[C@@]1(CO)O[C@@H](n2cnc3c(=O)[nH]c(N)nc32)[C@H](OC(O)CO)[C@@H]1O,False,C13H19N5O7,357.1284,25
CC[C@@]1(CO)O[C@@H](n2cnc3c(=O)[nH]c(N)nc32)[C@H](OC(C)=O)[C@@H]1O,False,C14H19N5O6,353.1335,25
CC(=O)O[C@H]1[C@H](n2cnc3c(=O)[nH]c(N)nc32)O[C@@](C)(C(C)O)[C@H]1O,False,C14H19N5O6,353.1335,25
CC(=O)O[C@H]1[C@H](n2c(C)nc3c(=O)[nH]c(N)nc32)O[C@@](C)(CO)[C@H]1O,False,C14H19N5O6,353.1335,25
CC1=Nc2nc3c(nc(C)n3[C@@H]3O[C@H](CO)[C@@H](O)[C@H]3O1)c(=O)[nH]2,False,C13H15N5O5,321.1073,23
CC(O)O[C@@H]1[C@@H]2OCc3nc4c(=O)[nH]c(N)nc4n3[C@@H]1O[C@@H]2CO,False,C13H17N5O6,339.1179,24
CC(O)O[C@@H]1[C@H](O)[C@H]2COCc3nc4c(=O)[nH]c(N)nc4n3[C@@H]1O2,False,C13H17N5O6,339.1179,24
Cc1nc2c(=O)[nH]c(N)nc2n1[C@@H]1O[C@H](CO)[C@H]2OCC(O)O[C@H]21,False,C13H17N5O6,339.1179,24
Cc1nc2c(=O)[nH]c(N)nc2n1[C@@H]1O[C@@H]2COCC(O)O[C@@H]1[C@@H]2O,False,C13H17N5O6,339.1179,24
Cc1nc2c(=O)[nH]c(N)nc2n1[C@@H]1O[C@H](CO)[C@@H](O)[C@H]1OC(=O)CC(=O)O,False,C14H17N5O8,383.1077,27
Cc1nc2c(=O)[nH]c(N)nc2n1[C@@H]1O[C@H](CO)[C@@H](O)[C@H]1OC(=O)CO,False,C13H17N5O7,355.1128,25
COC(=O)O[C@@H]1[C@H](O)[C@@H](CO)O[C@H]1n1c(C)nc2c(=O)[nH]c(N)nc21,False,C13H17N5O7,355.1128,25
Cc1nc2c(=O)[nH]c(N)nc2n1[C@@H]1O[C@H](CO)[C@@H](O)[C@H]1OC(O)CO,False,C13H19N5O7,357.1284,25
CCc1nc2c(=O)[nH]c(N)nc2n1[C@@H]1O[C@H](CO)[C@@H](O)[C@H]1OC(C)=O,False,C14H19N5O6,353.1335,25
CC(=O)O[C@@H]1[C@H](O)[C@@H](C(C)O)O[C@H]1n1c(C)nc2c(=O)[nH]c(N)nc21,False,C14H19N5O6,353.1335,25
CC1=Nc2nc3c(ncn3[C@@H]3O[C@H](C(C)O)[C@@H](O)[C@H]3O1)c(=O)[nH]2,False,C13H15N5O5,321.1073,23
CC(O)O[C@@H]1[C@H](O)[C@@H](C2CO2)O[C@H]1n1cnc2c(=O)[nH]c(N)nc21,False,C13H17N5O6,339.1179,24
CC(O)O[C@@H]1[C@@H]2OCC(O)[C@H]2O[C@H]1n1cnc2c(=O)[nH]c(N)nc21,False,C13H17N5O6,339.1179,24
CC1OCC(O)O[C@@H]2[C@H](O)[C@@H]1O[C@H]2n1cnc2c(=O)[nH]c(N)nc21,False,C13H17N5O6,339.1179,24
CC(O)[C@H]1O[C@@H](n2cnc3c(=O)[nH]c(N)nc32)[C@@H]2OC(O)CO[C@@H]21,False,C13H17N5O6,339.1179,24
CC(=O)O[C@@H]1[C@H](O)[C@@H](C(C)(C)O)O[C@H]1n1cnc2c(=O)[nH]c(N)nc21,False,C14H19N5O6,353.1335,25
CCC(O)[C@H]1O[C@@H](n2cnc3c(=O)[nH]c(N)nc32)[C@H](OC(C)=O)[C@@H]1O,False,C14H19N5O6,353.1335,25
CC(O)[C@H]1O[C@@H](n2cnc3c(=O)[nH]c(N)nc32)[C@H](OC(=O)CC(=O)O)[C@@H]1O,False,C14H17N5O8,383.1077,27
CC(=O)O[C@@H]1[C@H](O)[C@@H](C(C)(O)C(=O)O)O[C@H]1n1cnc2c(=O)[nH]c(N)nc21,False,C14H17N5O8,383.1077,27
CC(=O)O[C@@H]1[C@H](O)[C@@H](C(O)CC(=O)O)O[C@H]1n1cnc2c(=O)[nH]c(N)nc21,False,C14H17N5O8,383.1077,27
CC(=O)O[C@@H]1[C@H](O)[C@@H](C(C)Cl)O[C@H]1n1cnc2c(=O)[nH]c(N)nc21,False,C13H16ClN5O5,357.084,24
CC(=O)O[C@@H]1[C@H](O)[C@@H](C(C)(O)O)O[C@H]1n1cnc2c(=O)[nH]c(N)nc21,False,C13H17N5O7,355.1128,25
CC(=O)O[C@@H]1[C@H](O)[C@@H](C(O)CO)O[C@H]1n1cnc2c(=O)[nH]c(N)nc21,False,C13H17N5O7,355.1128,25
CC(O)[C@H]1O[C@@H](n2cnc3c(=O)[nH]c(N)nc32)[C@H](OC(=O)CO)[C@@H]1O,False,C13H17N5O7,355.1128,25
COC(=O)O[C@@H]1[C@H](O)[C@@H](C(C)O)O[C@H]1n1cnc2c(=O)[nH]c(N)nc21,False,C13H17N5O7,355.1128,25
CC(O)O[C@@H]1[C@H](O)[C@@H](C(C)(O)O)O[C@H]1n1cnc2c(=O)[nH]c(N)nc21,False,C13H19N5O7,357.1284,25
CC(O)O[C@@H]1[C@H](O)[C@@H](C(O)CO)O[C@H]1n1cnc2c(=O)[nH]c(N)nc21,False,C13H19N5O7,357.1284,25
CC(O)[C@H]1O[C@@H](n2cnc3c(=O)[nH]c(N)nc32)[C@H](OC(O)CO)[C@@H]1O,False,C13H19N5O7,357.1284,25
CC(O)[C@H]1O[C@@H](n2cnc3c(=O)[nH]c(N)nc32)[C@H](OC(C)(C)O)[C@@H]1O,False,C14H21N5O6,355.1492,25
Nc1nc2c(ncn2[C@@H]2OC[C@@H](OP(=O)(O)O)[C@H]2O)c(=O)[nH]1,False,C9H12N5O7P,333.0474,22
Nc1nc2c(ncn2[C@@H]2OC[C@@H](O)[C@H]2OP(=O)(O)O)c(=O)[nH]1,False,C9H12N5O7P,333.0474,22
Nc1nc2c(ncn2[C@@H]2OC[C@@H](OS(=O)(=O)O)[C@H]2O)c(=O)[nH]1,False,C9H11N5O7S,333.0379,22
Nc1nc2c(ncn2[C@@H]2OC[C@@H](O)[C@H]2OS(=O)(=O)O)c(=O)[nH]1,False,C9H11N5O7S,333.0379,22
O=c1[nH]c2nc3c1ncn3[C@@H]1O[C@H](C(O)=N2)[C@@H](O)[C@H]1OP(=O)(O)O,False,C10H10N5O8P,359.0267,24
O=c1[nH]c2nc3c1ncn3[C@@H]1O[C@H](C(O)=N2)[C@@H](OP(=O)(O)O)[C@H]1O,False,C10H10N5O8P,359.0267,24
O=c1[nH]c2nc3c1ncn3[C@@H]1O[C@H](C(OP(=O)(O)O)=N2)[C@@H](O)[C@H]1O,False,C10H10N5O8P,359.0267,24
O=c1[nH]c2nc3c1ncn3[C@@H]1O[C@H](C(O)=N2)[C@@H](O)[C@H]1OS(=O)(=O)O,False,C10H9N5O8S,359.0172,24
O=c1[nH]c2nc3c1ncn3[C@@H]1O[C@H](C(O)=N2)[C@@H](OS(=O)(=O)O)[C@H]1O,False,C10H9N5O8S,359.0172,24
O=c1[nH]c2nc3c1ncn3[C@@H]1O[C@H](C(OS(=O)(=O)O)=N2)[C@@H](O)[C@H]1O,False,C10H9N5O8S,359.0172,24
COC1O[C@]12O[C@@H](n1cnc3c(=O)[nH]c(N)nc31)[C@H](O)[C@@H]2O,False,C11H13N5O6,311.0866,22
CC(=O)OC1O[C@]12O[C@@H](n1cnc3c(=O)[nH]c(N)nc31)[C@H](O)[C@@H]2O,False,C12H13N5O7,339.0815,24
Nc1nc2c(ncn2[C@@H]2O[C@@](O)(C(O)O)[C@@H](O)[C@H]2O)c(=O)[nH]1,False,C10H13N5O7,315.0815,22
Nc1nc2c(ncn2[C@@H]2O[C@@H]3O[C@]3(C(O)O)[C@H]2O)c(=O)[nH]1,False,C10H11N5O6,297.0709,21
Nc1nc2c(ncn2[C@@H]2O[C@@H]3O[C@H]3[C@@]2(O)C(O)O)c(=O)[nH]1,False,C10H11N5O6,297.0709,21
Nc1nc2c(ncn2[C@@]2(C(O)O)O[C@@H]3O[C@H]3[C@H]2O)c(=O)[nH]1,False,C10H11N5O6,297.0709,21
Nc1nc2c(nc(C(O)O)n2[C@@H]2O[C@@H]3O[C@H]3[C@H]2O)c(=O)[nH]1,False,C10H11N5O6,297.0709,21
Nc1nc2c(ncn2[C@@H]2OC(C(O)O)=C[C@H]2O)c(=O)[nH]1,False,C10H11N5O5,281.076,20
Nc1nc2c(ncn2[C@@H]2O[C@@H]3O[C@@H]2[C@]3(O)C(O)O)c(=O)[nH]1,False,C10H11N5O6,297.0709,21
Nc1nc2c(ncn2[C@@H]2O[C@@H]3O[C@@]2(C(O)O)[C@@H]3O)c(=O)[nH]1,False,C10H11N5O6,297.0709,21
Nc1nc2c(ncn2[C@@]2(C(O)O)O[C@@H]3O[C@@H]2[C@@H]3O)c(=O)[nH]1,False,C10H11N5O6,297.0709,21
Nc1nc2c(nc(C(O)O)n2[C@@H]2O[C@@H]3O[C@@H]2[C@@H]3O)c(=O)[nH]1,False,C10H11N5O6,297.0709,21
COC1O[C@]2(O)[C@@H]1O[C@@H](n1cnc3c(=O)[nH]c(N)nc31)[C@@H]2O,False,C11H13N5O6,311.0866,22
CC(=O)OC1O[C@]2(O)[C@@H]1O[C@@H](n1cnc3c(=O)[nH]c(N)nc31)[C@@H]2O,False,C12H13N5O7,339.0815,24
Nc1nc2c(ncn2[C@@H]2OC[C@@]3(O)O[C@]23C(O)O)c(=O)[nH]1,False,C10H11N5O6,297.0709,21
Nc1nc2c(nc(C(O)O)n2[C@@H]2OC[C@@]3(O)O[C@@H]23)c(=O)[nH]1,False,C10H11N5O6,297.0709,21
Nc1nc2c(ncn2[C@@H]2O[C@H](C(O)O)C(O)(O)[C@H]2O)c(=O)[nH]1,False,C10H13N5O7,315.0815,22
COC1O[C@]2(O)[C@H](O)[C@@H]1O[C@H]2n1cnc2c(=O)[nH]c(N)nc21,False,C11H13N5O6,311.0866,22
CC(=O)OC1O[C@]2(O)[C@H](O)[C@@H]1O[C@H]2n1cnc2c(=O)[nH]c(N)nc21,False,C12H13N5O7,339.0815,24
Nc1nc2c(ncn2[C@@H]2OC[C@]3(C(O)O)O[C@@]23O)c(=O)[nH]1,False,C10H11N5O6,297.0709,21
Nc1nc2c(nc(C(O)O)n2[C@@H]2OC[C@H]3O[C@]32O)c(=O)[nH]1,False,C10H11N5O6,297.0709,21
Nc1nc2c(ncn2[C@@H]2O[C@H](C(O)O)[C@@H](O)C2(O)O)c(=O)[nH]1,False,C10H13N5O7,315.0815,22
Nc1nc2c(ncn2[C@@]2(O)O[C@H](C=O)[C@@H](O)[C@H]2O)c(=O)[nH]1,False,C10H11N5O6,297.0709,21
COC1O[C@]2(n3cnc4c(=O)[nH]c(N)nc43)O[C@H]1[C@@H](O)[C@H]2O,False,C11H13N5O6,311.0866,22
Nc1nc2c(ncn2[C@@]23OC(=O)[C@@H](O2)[C@@H](O)[C@H]3O)c(=O)[nH]1,False,C10H9N5O6,295.0553,21
CC(=O)OC1O[C@]2(n3cnc4c(=O)[nH]c(N)nc43)O[C@H]1[C@@H](O)[C@H]2O,False,C12H13N5O7,339.0815,24
Nc1nc2c(ncn2[C@@]23OC(F)[C@@H](O2)[C@@H](O)[C@H]3O)c(=O)[nH]1,False,C10H10FN5O5,299.0666,21
Nc1nc2c(ncn2[C@]23OC[C@@H](O2)[C@@]3(O)C(O)O)c(=O)[nH]1,False,C10H11N5O6,297.0709,21
Nc1nc2c(ncn2[C@]23OC[C@](C(O)O)(O2)[C@H]3O)c(=O)[nH]1,False,C10H11N5O6,297.0709,21
Nc1nc2c(nc(C(O)O)n2[C@]23OC[C@@H](O2)[C@H]3O)c(=O)[nH]1,False,C10H11N5O6,297.0709,21
Nc1nc2c(ncn2[C@@]23OC[C@@H](O)[C@]2(C(O)O)O3)c(=O)[nH]1,False,C10H11N5O6,297.0709,21
Nc1nc2c(ncn2[C@@]23OC[C@@](O)(C(O)O)[C@H]2O3)c(=O)[nH]1,False,C10H11N5O6,297.0709,21
Nc1nc2c(nc(C(O)O)n2[C@@]23OC[C@@H](O)[C@H]2O3)c(=O)[nH]1,False,C10H11N5O6,297.0709,21
Nc1nc2c(ncn2[C@@]2(O)O[C@H](C(O)O)[C@@H](O)[C@H]2O)c(=O)[nH]1,False,C10H13N5O7,315.0815,22
COC1Oc2nc3c(=O)[nH]c(N)nc3n2[C@@H]2O[C@H]1[C@@H](O)[C@H]2O,False,C11H13N5O6,311.0866,22
CC(=O)OC1Oc2nc3c(=O)[nH]c(N)nc3n2[C@@H]2O[C@H]1[C@@H](O)[C@H]2O,False,C12H13N5O7,339.0815,24
Nc1nc2c(nc3n2[C@@H]2OC[C@@H](O3)[C@@]2(O)C(O)O)c(=O)[nH]1,False,C10H11N5O6,297.0709,21
Nc1nc2c(nc3n2[C@@H]2OC[C@](C(O)O)(O3)[C@H]2O)c(=O)[nH]1,False,C10H11N5O6,297.0709,21
Nc1nc2c(nc3n2[C@@H]2OC[C@@H](O)[C@]2(C(O)O)O3)c(=O)[nH]1,False,C10H11N5O6,297.0709,21
Nc1nc2c(nc3n2[C@@H]2OC[C@@](O)(C(O)O)[C@H]2O3)c(=O)[nH]1,False,C10H11N5O6,297.0709,21
N#C[C@@]1(C(O)O)O[C@@H](n2cnc3c(=O)[nH]c(N)nc32)[C@H](O)[C@@H]1O,False,C11H12N6O6,324.0818,23
N#C[C@]1(O)[C@@H](C(O)O)O[C@@H](n2cnc3c(=O)[nH]c(N)nc32)[C@@H]1O,False,C11H12N6O6,324.0818,23
N#C[C@]1(O)[C@H](O)[C@@H](C(O)O)O[C@H]1n1cnc2c(=O)[nH]c(N)nc21,False,C11H12N6O6,324.0818,23
N#C[C@]1(n2cnc3c(=O)[nH]c(N)nc32)O[C@H](C(O)O)[C@@H](O)[C@H]1O,False,C11H12N6O6,324.0818,23
N#Cc1nc2c(=O)[nH]c(N)nc2n1[C@@H]1O[C@H](C(O)O)[C@@H](O)[C@H]1O,False,C11H12N6O6,324.0818,23
N#CC(=O)O,False,C2HNO2,71.0007,5
N#CC(O)(Cl)[C@H]1O[C@@H](n2cnc3c(=O)[nH]c(N)nc32)[C@H](O)[C@@H]1O,False,C11H11ClN6O5,342.0479,23
NC(=O)C(O)(O)[C@H]1O[C@@H](n2cnc3c(=O)[nH]c(N)nc32)[C@H](O)[C@@H]1O,False,C11H14N6O7,342.0924,24
Nc1nc2c(ncn2[C@@H]2O[C@H](C(O)(O)C=NO)[C@@H](O)[C@H]2O)c(=O)[nH]1,False,C11H14N6O7,342.0924,24
Nc1nc2c(ncn2[C@@H]2O[C@H](C(O)(O)C(=O)O)[C@@H](O)[C@H]2O)c(=O)[nH]1,False,C11H13N5O8,343.0764,24
N#CC(O)(O)[C@]1(C#N)O[C@@H](n2cnc3c(=O)[nH]c(N)nc32)[C@H](O)[C@@H]1O,False,C12H11N7O6,349.0771,25
N#CC(O)(O)[C@H]1O[C@@H](n2cnc3c(=O)[nH]c(N)nc32)[C@H](O)[C@]1(O)C#N,False,C12H11N7O6,349.0771,25
N#CC(O)(O)[C@H]1O[C@@H](n2cnc3c(=O)[nH]c(N)nc32)[C@](O)(C#N)[C@@H]1O,False,C12H11N7O6,349.0771,25
N#CC(O)(O)[C@H]1O[C@](C#N)(n2cnc3c(=O)[nH]c(N)nc32)[C@H](O)[C@@H]1O,False,C12H11N7O6,349.0771,25
N#Cc1nc2c(=O)[nH]c(N)nc2n1[C@@H]1O[C@H](C(O)(O)C#N)[C@@H](O)[C@H]1O,False,C12H11N7O6,349.0771,25
NC1=Nc2c3ncn2[C@@H]2O[C@H](C(=O)N=C3N1)[C@@H](O)[C@H]2O,False,C10H10N6O4,278.0764,20
NC1=Nc2nc3c(ncn3[C@@H]3O[C@H]1[C@@H](O)[C@H]3O)c(=O)[nH]2,False,C10H10N6O4,278.0764,20
Nc1nc2c(ncn2[C@@H]2O[C@]3(C(N)O)O[C@H]3[C@H]2O)c(=O)[nH]1,False,C10H12N6O5,296.0869,21
Nc1nc2c(ncn2[C@@H]2O[C@]3(C(N)O)O[C@@H]2[C@@H]3O)c(=O)[nH]1,False,C10H12N6O5,296.0869,21
Nc1nc2c(ncn2[C@@H]2O[C@H](C(N)O)[C@@]3(O)O[C@@H]23)c(=O)[nH]1,False,C10H12N6O5,296.0869,21
Nc1nc2c(ncn2[C@@H]2O[C@H](C(N)O)[C@H]3O[C@]32O)c(=O)[nH]1,False,C10H12N6O5,296.0869,21
Nc1nc2c(ncn2[C@@]23O[C@H]([C@@H](C(N)O)O2)[C@H]3O)c(=O)[nH]1,False,C10H12N6O5,296.0869,21
Nc1nc2c(ncn2[C@@]23O[C@H](C(N)O)[C@@H](O)[C@H]2O3)c(=O)[nH]1,False,C10H12N6O5,296.0869,21
Nc1nc2c(nc3n2[C@@H]2O[C@H](C(N)O)[C@@H](O3)[C@H]2O)c(=O)[nH]1,False,C10H12N6O5,296.0869,21
Nc1nc2c(nc3n2[C@@H]2O[C@H](C(N)O)[C@@H](O)[C@H]2O3)c(=O)[nH]1,False,C10H12N6O5,296.0869,21
O=C1Nc2nc3c(ncn3[C@@H]3O[C@H]1[C@@H](O)[C@H]3O)c(=O)[nH]2,False,C10H9N5O5,279.0604,20
NC(=O)[C@H]1O[C@@H](n2cnc3c(=O)[nH]c(N)nc32)[C@H](O)[C@@H]1OP(=O)(O)O,False,C10H13N6O8P,376.0532,25
NC(=O)[C@H]1O[C@@H](n2cnc3c(=O)[nH]c(N)nc32)[C@H](OP(=O)(O)O)[C@@H]1O,False,C10H13N6O8P,376.0532,25
Nc1nc2c(ncn2[C@@H]2O[C@H](C(N)O)[C@@H](O)[C@H]2O)c(=O)[nH]1,False,C10H14N6O5,298.1026,21
NC(=O)[C@H]1O[C@@H](n2cnc3c(=O)[nH]c(N)nc32)[C@H](O)[C@@H]1OS(=O)(=O)O,False,C10H12N6O8S,376.0437,25
NC(=O)[C@H]1O[C@@H](n2cnc3c(=O)[nH]c(N)nc32)[C@H](OS(=O)(=O)O)[C@@H]1O,False,C10H12N6O8S,376.0437,25
CNC(=O)[C@H]1O[C@@H](n2cnc3c(=O)[nH]c(N)nc32)[C@H](O)[C@@H]1O,False,C11H14N6O5,310.1026,22
N#CC(N)(O)[C@H]1O[C@@H](n2cnc3c(=O)[nH]c(N)nc32)[C@H](O)[C@@H]1O,False,C11H13N7O5,323.0978,23
