Loaded 20 targets from BasidalinOnly_DORAnetGenerated_Antibiotic_wARTprediction_top20_SMILESonly.csv
Selected 20 targets for processing
Running with 8 parallel jobs
[START] Bacillus_anthracis_High_pPotency_molecule_pathway5  target=NC(=O)C=C(N)C(=O)C(C=O)C=O
[START] Bacillus_anthracis_High_pPotency_molecule_pathway1  target=NC(=CC=O)C(=O)C(C=O)C(N)=CC=O
[START] Bacillus_anthracis_High_pPotency_molecule_pathway2  target=C=CC(=O)NC1=CC(=O)O/C1=C/C=O
[START] Bacillus_anthracis_High_pPotency_molecule_pathway8  target=NC(C=CC(=O)O)=CC(=O)O
[START] Bacillus_anthracis_High_pPotency_molecule_pathway3  target=NC(=CC=O)C(=O)C(C=O)C=O
[START] Bacillus_anthracis_High_pPotency_molecule_pathway4  target=NC1=CC(O)O/C1=C/C=NO
[START] Bacillus_anthracis_High_pPotency_molecule_pathway7  target=NC(=CC=O)C(C=O)=C(N)C(=O)CC=O
[START] Bacillus_anthracis_High_pPotency_molecule_pathway6  target=Nc1cccc(O)c1
Job name: Bacillus_anthracis_High_pPotency_molecule_pathway8
Job type: enzymatic network expansion forward
Ruleset: JN3604IMT (JN3604IMT_rules.tsv)
Job started on: 2026-03-11 10:38:11.802099
Checking for targets
Target found for NC(C=CC(=O)O)=CC(=O)O
Number of generations: 3
Number of operators loaded: 3571
Number of molecules before expantion (including cofactors): 42
Number of molecules after expantion (including cofactors): 4151
Number of reactions: 8308
Time used for network generation: 756.31 minutes

Job name: Bacillus_anthracis_High_pPotency_molecule_pathway8
Job type: post-processing pretreat networks
Job started on: 2026-03-11 23:14:34.980998
Loading networks, it may take a while if loading large networks from file
Loading network 1 from memory
Number of reations in network 1: 8308
Networks loaded, now generating reaction strings
Reaction strings generation finished
Removing unconnected reactions
Unconnected reactions removed
Total number of reactions after pretreatment: 8256
Time used for network pretreatment: 0.01 minutes

Job name: Bacillus_anthracis_High_pPotency_molecule_pathway8
Job type: pathway search
Job started on: 2026-03-11 23:14:35.315945
Pathway finder started, total number of reactions in network 8256
Searching for pathways.
If it is taking too long, try adjusting pruning parameters
Pathway search finished, removing loops if there's any.
Time used for pathway search: 0.02 minutes
4 pathways found!
6 reactions found in all pathways
Min number of reactions in a pathway: 3
Max number of reactions in a pathway: 3
Pruning parameters for this search:
search_depth: 3
max_num_rxns: 3
min_rxn_atom_economy: 0.3

Job name: Bacillus_anthracis_High_pPotency_molecule_pathway8
Job type: pathway ranking
Job started on: 2026-03-11 23:14:36.749472
Start ranking pathways. Number of pathways after sanitization: 4
Reaction thermodynamics ranking working
Reaction thermodynamics ranking finished
Atom economy ranking working
Min_eco 0.5375950054288816
Max_eco 0.6262619126912842
None_eco 0
Atom_economy ranking finished
Number of steps ranking working
Number of steps ranking finished
By product_number ranking working
You can adjust multi-processing number to speed it up
By product_number ranking finished
min score 6.0
max score 7.0

Pathway ranking finished. Pathway scores:

ranking 1
final score 7.0
Max reaction enthalpy score 0  x  2  =  0
Number of reactions score 1.0  x  4  =  4.0
By-product score 1.0  x  2  =  2.0
Pathway atom economy score 1.0  x  1  =  1.0
Salt score 0  x  0  =  0
Reaxys score 0  x  0  =  0
Cool score 0  x  0  =  0
atom economy 0.6262619126912842
pathway by-product 0
intermediate by-product {None: 0}
N.NC1=C(C=O)C(=O)O/C1=C/C=O>>NC1=C(C=O)C(=O)OC1(N)CC=O
NC(=O)C1=CN([C@@H]2O[C@H](COP(=O)(O)OP(=O)(O)OC[C@H]3O[C@@H](n4cnc5c(N)ncnc54)[C@H](OP(=O)(O)O)[C@@H]3O)[C@@H](O)[C@H]2O)C=CC1.NC1=C(C=O)C(=O)OC1(N)CC=O>>NC(=O)c1ccc[n+]([C@@H]2O[C@H](COP(=O)(O)OP(=O)(O)OC[C@H]3O[C@@H](n4cnc5c(N)ncnc54)[C@H](OP(=O)(O)O)[C@@H]3O)[C@@H](O)[C@H]2O)c1.NC1=C(C=O)C(=O)OC1(N)CCO
NC1=CC(=O)O/C1=C/C=O.NC1=CC(=O)O/C1=C/C=O>>C=C1OC(=O)C=C1N.NC1=C(C=O)C(=O)O/C1=C/C=O
rule0257_1
rule0003_170
rule0126_2
No_Thermo
No_Thermo
No_Thermo

ranking 2
final score 6.6172695895052795
Max reaction enthalpy score 0  x  2  =  0
Number of reactions score 1.0  x  4  =  4.0
By-product score 1.0  x  2  =  2.0
Pathway atom economy score 0.6172695895052797  x  1  =  0.6172695895052797
Salt score 0  x  0  =  0
Reaxys score 0  x  0  =  0
Cool score 0  x  0  =  0
atom economy 0.5923263908774475
pathway by-product 0
intermediate by-product {None: 0}
N.NC1=CC(=O)O/C1=C/C=O>>NC1=CC(=O)OC1(N)CC=O
NC(=O)C1=CN([C@@H]2O[C@H](COP(=O)(O)OP(=O)(O)OC[C@H]3O[C@@H](n4cnc5c(N)ncnc54)[C@H](OP(=O)(O)O)[C@@H]3O)[C@@H](O)[C@H]2O)C=CC1.NC1=C(C=O)C(=O)OC1(N)CC=O>>NC(=O)c1ccc[n+]([C@@H]2O[C@H](COP(=O)(O)OP(=O)(O)OC[C@H]3O[C@@H](n4cnc5c(N)ncnc54)[C@H](OP(=O)(O)O)[C@@H]3O)[C@@H](O)[C@H]2O)c1.NC1=C(C=O)C(=O)OC1(N)CCO
NC1=CC(=O)OC1(N)CC=O.NC1=CC(=O)OC1(N)CC=O>>CC1(N)OC(=O)C=C1N.NC1=C(C=O)C(=O)OC1(N)CC=O
rule0257_1
rule0003_170
rule0126_2
No_Thermo
No_Thermo
No_Thermo

ranking 3
final score 6.313608803115029
Max reaction enthalpy score 0  x  2  =  0
Number of reactions score 1.0  x  4  =  4.0
By-product score 1.0  x  2  =  2.0
Pathway atom economy score 0.3136088031150286  x  1  =  0.3136088031150286
Salt score 0  x  0  =  0
Reaxys score 0  x  0  =  0
Cool score 0  x  0  =  0
atom economy 0.5654017280913549
pathway by-product 0
intermediate by-product {None: 0}
N.NC1=C(C=O)C(=O)O/C1=C/C=O>>NC1=C(C=O)C(=O)OC1(N)CC=O
NC1=C(C=O)C(=O)OC1(N)CC=O.OO>>NC1=C(C=O)C(=O)OC1(N)CCO.O=O
NC1=CC(=O)O/C1=C/C=O.NC1=CC(=O)O/C1=C/C=O>>C=C1OC(=O)C=C1N.NC1=C(C=O)C(=O)O/C1=C/C=O
rule0257_1
rule0078_17
rule0126_2
No_Thermo
No_Thermo
No_Thermo

ranking 4
final score 6.0
Max reaction enthalpy score 0  x  2  =  0
Number of reactions score 1.0  x  4  =  4.0
By-product score 1.0  x  2  =  2.0
Pathway atom economy score 0.0  x  1  =  0.0
Salt score 0  x  0  =  0
Reaxys score 0  x  0  =  0
Cool score 0  x  0  =  0
atom economy 0.5375950054288816
pathway by-product 0
intermediate by-product {None: 0}
N.NC1=CC(=O)O/C1=C/C=O>>NC1=CC(=O)OC1(N)CC=O
NC1=C(C=O)C(=O)OC1(N)CC=O.OO>>NC1=C(C=O)C(=O)OC1(N)CCO.O=O
NC1=CC(=O)OC1(N)CC=O.NC1=CC(=O)OC1(N)CC=O>>CC1(N)OC(=O)C=C1N.NC1=C(C=O)C(=O)OC1(N)CC=O
rule0257_1
rule0078_17
rule0126_2
No_Thermo
No_Thermo
No_Thermo

Time used for pathway ranking: 0.05 minutes

Job name: Bacillus_anthracis_High_pPotency_molecule_pathway8
Job type: pathway visualization
Job started on: 2026-03-11 23:14:39.563328
pygraphviz is NOT installed.
A custom node layout will be used for pathway visualization
Number of pathways:  4
Number of reactions in reaxys:  0
Working on creating pages
You can adjust multi-processing number to speed up PDF generation
page done: 1
page done: 2
page done: 3
page done: 4
Finished with pages, writing to pdf
Time used for pathway visualization: 0.07 minutes

A custom node layout was used for pathway visualization
For a better layout, please install pygraphviz and Graphviz with the following command:
conda install conda-forge::pygraphviz
which should install both packages together

[DONE]  Bacillus_anthracis_High_pPotency_molecule_pathway8  genMols=4152  pathwayTargets=4141  time=45393.76s
[START] Bacillus_anthracis_High_pPotency_molecule_pathway9  target=NC(=CC=O)C(N)=CC(=O)O
Job name: Bacillus_anthracis_High_pPotency_molecule_pathway1
Job type: enzymatic network expansion forward
Ruleset: JN3604IMT (JN3604IMT_rules.tsv)
Job started on: 2026-03-11 10:38:11.802375
Checking for targets
Target found for NC(=CC=O)C(=O)C(C=O)C(N)=CC=O
Number of generations: 3
Number of operators loaded: 3571
Number of molecules before expantion (including cofactors): 42
Number of molecules after expantion (including cofactors): 4151
Number of reactions: 8308
Time used for network generation: 806.61 minutes

Job name: Bacillus_anthracis_High_pPotency_molecule_pathway1
Job type: post-processing pretreat networks
Job started on: 2026-03-12 00:04:53.102274
Loading networks, it may take a while if loading large networks from file
Loading network 1 from memory
Number of reations in network 1: 8308
Networks loaded, now generating reaction strings
Reaction strings generation finished
Removing unconnected reactions
Unconnected reactions removed
Total number of reactions after pretreatment: 8256
Time used for network pretreatment: 0.01 minutes

Job name: Bacillus_anthracis_High_pPotency_molecule_pathway1
Job type: pathway search
Job started on: 2026-03-12 00:04:53.430830
Pathway finder started, total number of reactions in network 8256
Searching for pathways.
If it is taking too long, try adjusting pruning parameters
Pathway search finished, removing loops if there's any.
Time used for pathway search: 0.02 minutes
6 pathways found!
8 reactions found in all pathways
Min number of reactions in a pathway: 3
Max number of reactions in a pathway: 3
Pruning parameters for this search:
search_depth: 3
max_num_rxns: 3
min_rxn_atom_economy: 0.3

Job name: Bacillus_anthracis_High_pPotency_molecule_pathway1
Job type: pathway ranking
Job started on: 2026-03-12 00:04:54.875675
Start ranking pathways. Number of pathways after sanitization: 6
Reaction thermodynamics ranking working
Reaction thermodynamics ranking finished
Atom economy ranking working
Min_eco 0.4519879669357898
Max_eco 1.0
None_eco 0
Atom_economy ranking finished
Number of steps ranking working
Number of steps ranking finished
By product_number ranking working
You can adjust multi-processing number to speed it up
By product_number ranking finished
min score 6.0
max score 7.0

Pathway ranking finished. Pathway scores:

ranking 1
final score 7.0
Max reaction enthalpy score 0  x  2  =  0
Number of reactions score 1.0  x  4  =  4.0
By-product score 1.0  x  2  =  2.0
Pathway atom economy score 1.0  x  1  =  1.0
Salt score 0  x  0  =  0
Reaxys score 0  x  0  =  0
Cool score 0  x  0  =  0
atom economy 1.0
pathway by-product 0
intermediate by-product {None: 0}
CC(C=O)C1OC(=O)C=C1N.C[S+](CC[C@H](N)C(=O)O)C[C@H]1O[C@@H](n2cnc3c(N)ncnc32)[C@H](O)[C@@H]1O>>CC(C)(C=O)C1OC(=O)C=C1N.Nc1ncnc2c1ncn2[C@@H]1O[C@H](CSCC[C@H](N)C(=O)O)[C@@H](O)[C@H]1O
C[S+](CC[C@H](N)C(=O)O)C[C@H]1O[C@@H](n2cnc3c(N)ncnc32)[C@H](O)[C@@H]1O.NC1=CC(=O)OC1CC=O>>CC(C=O)C1OC(=O)C=C1N.Nc1ncnc2c1ncn2[C@@H]1O[C@H](CSCC[C@H](N)C(=O)O)[C@@H](O)[C@H]1O
NC(=O)C1=CN([C@@H]2O[C@H](COP(=O)(O)OP(=O)(O)OC[C@H]3O[C@@H](n4cnc5c(N)ncnc54)[C@H](OP(=O)(O)O)[C@@H]3O)[C@@H](O)[C@H]2O)C=CC1.NC1=CC(=O)O/C1=C/C=O>>NC(=O)c1ccc[n+]([C@@H]2O[C@H](COP(=O)(O)OP(=O)(O)OC[C@H]3O[C@@H](n4cnc5c(N)ncnc54)[C@H](OP(=O)(O)O)[C@@H]3O)[C@@H](O)[C@H]2O)c1.NC1=CC(=O)OC1CC=O
rule0043_12
rule0043_12
rule0027_65
No_Thermo
No_Thermo
No_Thermo

ranking 2
final score 7.0
Max reaction enthalpy score 0  x  2  =  0
Number of reactions score 1.0  x  4  =  4.0
By-product score 1.0  x  2  =  2.0
Pathway atom economy score 1.0  x  1  =  1.0
Salt score 0  x  0  =  0
Reaxys score 0  x  0  =  0
Cool score 0  x  0  =  0
atom economy 1.0
pathway by-product 0
intermediate by-product {None: 0}
C/C(C=O)=C1\OC(=O)C=C1N.NC(=O)C1=CN([C@@H]2O[C@H](COP(=O)(O)OP(=O)(O)OC[C@H]3O[C@@H](n4cnc5c(N)ncnc54)[C@H](OP(=O)(O)O)[C@@H]3O)[C@@H](O)[C@H]2O)C=CC1>>CC(C=O)C1OC(=O)C=C1N.NC(=O)c1ccc[n+]([C@@H]2O[C@H](COP(=O)(O)OP(=O)(O)OC[C@H]3O[C@@H](n4cnc5c(N)ncnc54)[C@H](OP(=O)(O)O)[C@@H]3O)[C@@H](O)[C@H]2O)c1
CC(C=O)C1OC(=O)C=C1N.C[S+](CC[C@H](N)C(=O)O)C[C@H]1O[C@@H](n2cnc3c(N)ncnc32)[C@H](O)[C@@H]1O>>CC(C)(C=O)C1OC(=O)C=C1N.Nc1ncnc2c1ncn2[C@@H]1O[C@H](CSCC[C@H](N)C(=O)O)[C@@H](O)[C@H]1O
C[S+](CC[C@H](N)C(=O)O)C[C@H]1O[C@@H](n2cnc3c(N)ncnc32)[C@H](O)[C@@H]1O.NC1=CC(=O)O/C1=C/C=O>>C/C(C=O)=C1\OC(=O)C=C1N.Nc1ncnc2c1ncn2[C@@H]1O[C@H](CSCC[C@H](N)C(=O)O)[C@@H](O)[C@H]1O
rule0027_63
rule0043_12
rule0043_12
No_Thermo
No_Thermo
No_Thermo

ranking 3
final score 6.709763349721778
Max reaction enthalpy score 0  x  2  =  0
Number of reactions score 1.0  x  4  =  4.0
By-product score 1.0  x  2  =  2.0
Pathway atom economy score 0.7097633497217783  x  1  =  0.7097633497217783
Salt score 0  x  0  =  0
Reaxys score 0  x  0  =  0
Cool score 0  x  0  =  0
atom economy 0.8409468232112856
pathway by-product 0
intermediate by-product {None: 0}
CC(C=O)C1OC(=O)C=C1N.C[S+](CC[C@H](N)C(=O)O)C[C@H]1O[C@@H](n2cnc3c(N)ncnc32)[C@H](O)[C@@H]1O>>CC(C)(C=O)C1OC(=O)C=C1N.Nc1ncnc2c1ncn2[C@@H]1O[C@H](CSCC[C@H](N)C(=O)O)[C@@H](O)[C@H]1O
C[S+](CC[C@H](N)C(=O)O)C[C@H]1O[C@@H](n2cnc3c(N)ncnc32)[C@H](O)[C@@H]1O.NC1=CC(=O)OC1CC=O>>CC(C=O)C1OC(=O)C=C1N.Nc1ncnc2c1ncn2[C@@H]1O[C@H](CSCC[C@H](N)C(=O)O)[C@@H](O)[C@H]1O
NC1=CC(=O)O/C1=C/C=O.OO>>NC1=CC(=O)OC1CC=O.O=O
rule0043_12
rule0043_12
rule0114_4
No_Thermo
No_Thermo
No_Thermo

ranking 4
final score 6.709763349721778
Max reaction enthalpy score 0  x  2  =  0
Number of reactions score 1.0  x  4  =  4.0
By-product score 1.0  x  2  =  2.0
Pathway atom economy score 0.7097633497217783  x  1  =  0.7097633497217783
Salt score 0  x  0  =  0
Reaxys score 0  x  0  =  0
Cool score 0  x  0  =  0
atom economy 0.8409468232112856
pathway by-product 0
intermediate by-product {None: 0}
C/C(C=O)=C1\OC(=O)C=C1N.OO>>CC(C=O)C1OC(=O)C=C1N.O=O
CC(C=O)C1OC(=O)C=C1N.C[S+](CC[C@H](N)C(=O)O)C[C@H]1O[C@@H](n2cnc3c(N)ncnc32)[C@H](O)[C@@H]1O>>CC(C)(C=O)C1OC(=O)C=C1N.Nc1ncnc2c1ncn2[C@@H]1O[C@H](CSCC[C@H](N)C(=O)O)[C@@H](O)[C@H]1O
C[S+](CC[C@H](N)C(=O)O)C[C@H]1O[C@@H](n2cnc3c(N)ncnc32)[C@H](O)[C@@H]1O.NC1=CC(=O)O/C1=C/C=O>>C/C(C=O)=C1\OC(=O)C=C1N.Nc1ncnc2c1ncn2[C@@H]1O[C@H](CSCC[C@H](N)C(=O)O)[C@@H](O)[C@H]1O
rule0114_4
rule0043_12
rule0043_12
No_Thermo
No_Thermo
No_Thermo

ranking 5
final score 6.170098089174377
Max reaction enthalpy score 0  x  2  =  0
Number of reactions score 1.0  x  4  =  4.0
By-product score 1.0  x  2  =  2.0
Pathway atom economy score 0.17009808917437702  x  1  =  0.17009808917437702
Salt score 0  x  0  =  0
Reaxys score 0  x  0  =  0
Cool score 0  x  0  =  0
atom economy 0.5452037666045775
pathway by-product 0
intermediate by-product {None: 0}
C/C(C=O)=C1\OC(=O)C=C1N.NC(=O)C1=CN([C@@H]2O[C@H](COP(=O)(O)OP(=O)(O)OC[C@H]3O[C@@H](n4cnc5c(N)ncnc54)[C@H](OP(=O)(O)O)[C@@H]3O)[C@@H](O)[C@H]2O)C=CC1>>CC(C=O)C1OC(=O)C=C1N.NC(=O)c1ccc[n+]([C@@H]2O[C@H](COP(=O)(O)OP(=O)(O)OC[C@H]3O[C@@H](n4cnc5c(N)ncnc54)[C@H](OP(=O)(O)O)[C@@H]3O)[C@@H](O)[C@H]2O)c1
CC(C=O)C1OC(=O)C=C1N.CC(C=O)C1OC(=O)C=C1N>>CC(C)(C=O)C1OC(=O)C=C1N.NC1=CC(=O)OC1CC=O
C[S+](CC[C@H](N)C(=O)O)C[C@H]1O[C@@H](n2cnc3c(N)ncnc32)[C@H](O)[C@@H]1O.NC1=CC(=O)O/C1=C/C=O>>C/C(C=O)=C1\OC(=O)C=C1N.Nc1ncnc2c1ncn2[C@@H]1O[C@H](CSCC[C@H](N)C(=O)O)[C@@H](O)[C@H]1O
rule0027_63
rule0126_2
rule0043_12
No_Thermo
No_Thermo
No_Thermo

ranking 6
final score 6.0
Max reaction enthalpy score 0  x  2  =  0
Number of reactions score 1.0  x  4  =  4.0
By-product score 1.0  x  2  =  2.0
Pathway atom economy score 0.0  x  1  =  0.0
Salt score 0  x  0  =  0
Reaxys score 0  x  0  =  0
Cool score 0  x  0  =  0
atom economy 0.4519879669357898
pathway by-product 0
intermediate by-product {None: 0}
C/C(C=O)=C1\OC(=O)C=C1N.OO>>CC(C=O)C1OC(=O)C=C1N.O=O
CC(C=O)C1OC(=O)C=C1N.CC(C=O)C1OC(=O)C=C1N>>CC(C)(C=O)C1OC(=O)C=C1N.NC1=CC(=O)OC1CC=O
C[S+](CC[C@H](N)C(=O)O)C[C@H]1O[C@@H](n2cnc3c(N)ncnc32)[C@H](O)[C@@H]1O.NC1=CC(=O)O/C1=C/C=O>>C/C(C=O)=C1\OC(=O)C=C1N.Nc1ncnc2c1ncn2[C@@H]1O[C@H](CSCC[C@H](N)C(=O)O)[C@@H](O)[C@H]1O
rule0114_4
rule0126_2
rule0043_12
No_Thermo
No_Thermo
No_Thermo

Time used for pathway ranking: 0.05 minutes

Job name: Bacillus_anthracis_High_pPotency_molecule_pathway1
Job type: pathway visualization
Job started on: 2026-03-12 00:04:57.700894
pygraphviz is NOT installed.
A custom node layout will be used for pathway visualization
Number of pathways:  6
Number of reactions in reaxys:  0
Working on creating pages
You can adjust multi-processing number to speed up PDF generation
page done: 1
page done: 2
page done: 3
page done: 4
page done: 5
page done: 6
Finished with pages, writing to pdf
Time used for pathway visualization: 0.08 minutes

A custom node layout was used for pathway visualization
For a better layout, please install pygraphviz and Graphviz with the following command:
conda install conda-forge::pygraphviz
which should install both packages together

[DONE]  Bacillus_anthracis_High_pPotency_molecule_pathway1  genMols=4152  pathwayTargets=4141  time=48412.59s
[START] Bacillus_anthracis_High_pPotency_molecule_pathway10  target=NC(=CC=O)C(=O)CC(=O)C(N)=CC=O
Job name: Bacillus_anthracis_High_pPotency_molecule_pathway6
Job type: enzymatic network expansion forward
Ruleset: JN3604IMT (JN3604IMT_rules.tsv)
Job started on: 2026-03-11 10:38:11.802873
Checking for targets
Target found for Nc1cccc(O)c1
Number of generations: 3
Number of operators loaded: 3571
Number of molecules before expantion (including cofactors): 42
Number of molecules after expantion (including cofactors): 4151
Number of reactions: 8308
Time used for network generation: 859.15 minutes

Job name: Bacillus_anthracis_High_pPotency_molecule_pathway6
Job type: post-processing pretreat networks
Job started on: 2026-03-12 00:57:27.879993
Loading networks, it may take a while if loading large networks from file
Loading network 1 from memory
Number of reations in network 1: 8308
Networks loaded, now generating reaction strings
Reaction strings generation finished
Removing unconnected reactions
Unconnected reactions removed
Total number of reactions after pretreatment: 8256
Time used for network pretreatment: 0.01 minutes

Job name: Bacillus_anthracis_High_pPotency_molecule_pathway6
Job type: pathway search
Job started on: 2026-03-12 00:57:28.480605
Pathway finder started, total number of reactions in network 8256
Searching for pathways.
If it is taking too long, try adjusting pruning parameters
Pathway search finished, removing loops if there's any.
Time used for pathway search: 0.04 minutes
1 pathways found!
3 reactions found in all pathways
Min number of reactions in a pathway: 3
Max number of reactions in a pathway: 3
Pruning parameters for this search:
search_depth: 3
max_num_rxns: 3
min_rxn_atom_economy: 0.3

Job name: Bacillus_anthracis_High_pPotency_molecule_pathway6
Job type: pathway ranking
Job started on: 2026-03-12 00:57:30.949097
Start ranking pathways. Number of pathways after sanitization: 1
Reaction thermodynamics ranking working
Reaction thermodynamics ranking finished
Atom economy ranking working
Min_eco 0.7005667719105138
Max_eco 0.7005667719105138
None_eco 0
Atom_economy ranking finished
Number of steps ranking working
Number of steps ranking finished
By product_number ranking working
You can adjust multi-processing number to speed it up
By product_number ranking finished
min score 6.0
max score 6.0

Pathway ranking finished. Pathway scores:

ranking 1
final score 6.0
Max reaction enthalpy score 0  x  2  =  0
Number of reactions score 1.0  x  4  =  4.0
By-product score 1.0  x  2  =  2.0
Pathway atom economy score 0.0  x  1  =  0.0
Salt score 0  x  0  =  0
Reaxys score 0  x  0  =  0
Cool score 0  x  0  =  0
atom economy 0.7005667719105138
pathway by-product 0
intermediate by-product {None: 0}
NC(=C=O)C(=O)CC=O.O>>NC(C(=O)O)C(=O)CC=O
NC(=CC(=O)O)C(=O)CC=O.O=O>>NC(=C=O)C(=O)CC=O.O.O=C=O
NC1=CC(=O)O/C1=C/C=O.O>>NC(=CC(=O)O)C(=O)CC=O
rule0020_19
rule0352_2
rule0189_1
No_Thermo
No_Thermo
No_Thermo

Time used for pathway ranking: 0.06 minutes

Job name: Bacillus_anthracis_High_pPotency_molecule_pathway6
Job type: pathway visualization
Job started on: 2026-03-12 00:57:34.825194
pygraphviz is NOT installed.
A custom node layout will be used for pathway visualization
Number of pathways:  1
Number of reactions in reaxys:  0
Working on creating pages
You can adjust multi-processing number to speed up PDF generation
page done: 1
Finished with pages, writing to pdf
Time used for pathway visualization: 0.04 minutes

A custom node layout was used for pathway visualization
For a better layout, please install pygraphviz and Graphviz with the following command:
conda install conda-forge::pygraphviz
which should install both packages together

[DONE]  Bacillus_anthracis_High_pPotency_molecule_pathway6  genMols=4152  pathwayTargets=4141  time=51567.34s
[START] Bacillus_anthracis_High_pPotency_molecule_pathway11  target=NC1=CC(=O)OC1(N)C(C=O)C=O
Job name: Bacillus_anthracis_High_pPotency_molecule_pathway4
Job type: enzymatic network expansion forward
Ruleset: JN3604IMT (JN3604IMT_rules.tsv)
Job started on: 2026-03-11 10:38:11.802133
Checking for targets
Target found for NC1=CC(O)O/C1=C/C=NO
Number of generations: 3
Number of operators loaded: 3571
Number of molecules before expantion (including cofactors): 42
Number of molecules after expantion (including cofactors): 4151
Number of reactions: 8308
Time used for network generation: 910.87 minutes

Job name: Bacillus_anthracis_High_pPotency_molecule_pathway4
Job type: post-processing pretreat networks
Job started on: 2026-03-12 01:49:08.270556
Loading networks, it may take a while if loading large networks from file
Loading network 1 from memory
Number of reations in network 1: 8308
Networks loaded, now generating reaction strings
Reaction strings generation finished
Removing unconnected reactions
Unconnected reactions removed
Total number of reactions after pretreatment: 8256
Time used for network pretreatment: 0.01 minutes

Job name: Bacillus_anthracis_High_pPotency_molecule_pathway4
Job type: pathway search
Job started on: 2026-03-12 01:49:08.594722
Pathway finder started, total number of reactions in network 8256
Searching for pathways.
If it is taking too long, try adjusting pruning parameters
Pathway search finished, removing loops if there's any.
Time used for pathway search: 0.02 minutes
7 pathways found!
11 reactions found in all pathways
Min number of reactions in a pathway: 2
Max number of reactions in a pathway: 3
Pruning parameters for this search:
search_depth: 3
max_num_rxns: 3
min_rxn_atom_economy: 0.3

Job name: Bacillus_anthracis_High_pPotency_molecule_pathway4
Job type: pathway ranking
Job started on: 2026-03-12 01:49:10.025904
Start ranking pathways. Number of pathways after sanitization: 7
Reaction thermodynamics ranking working
Reaction thermodynamics ranking finished
Atom economy ranking working
Min_eco 0.7207377698594821
Max_eco 0.9069405845464033
None_eco 0
Atom_economy ranking finished
Number of steps ranking working
Number of steps ranking finished
By product_number ranking working
You can adjust multi-processing number to speed it up
By product_number ranking finished
min score 2.0
max score 7.0

Pathway ranking finished. Pathway scores:

ranking 1
final score 7.0
Max reaction enthalpy score 0  x  2  =  0
Number of reactions score 1.0  x  4  =  4.0
By-product score 1.0  x  2  =  2.0
Pathway atom economy score 1.0  x  1  =  1.0
Salt score 0  x  0  =  0
Reaxys score 0  x  0  =  0
Cool score 0  x  0  =  0
atom economy 0.9069405845464033
pathway by-product 0
intermediate by-product {None: 0}
Cl.NC1=CC(=O)O/C1=C(\O)CO>>NC1=CC(=O)O/C1=C(\Cl)CO.O
NC1=CC(=O)O/C1=C/C=O.O>>NC1=CC(=O)O/C1=C(\O)CO
rule0183_6
rule0070_6
No_Thermo
No_Thermo

ranking 2
final score 2.5853237661235
Max reaction enthalpy score 0  x  2  =  0
Number of reactions score 0.0  x  4  =  0.0
By-product score 1.0  x  2  =  2.0
Pathway atom economy score 0.5853237661235  x  1  =  0.5853237661235
Salt score 0  x  0  =  0
Reaxys score 0  x  0  =  0
Cool score 0  x  0  =  0
atom economy 0.829726702614827
pathway by-product 0
intermediate by-product {None: 0}
Cl.NC1=CC(=O)O/C1=C(\O)CO>>NC1=CC(=O)O/C1=C(\Cl)CO.O
NC(=O)C1=CN([C@@H]2O[C@H](COP(=O)(O)OP(=O)(O)OC[C@H]3O[C@@H](n4cnc5c(N)ncnc54)[C@H](OP(=O)(O)O)[C@@H]3O)[C@@H](O)[C@H]2O)C=CC1.NC1=CC(=O)O/C1=C/C=O>>NC(=O)c1ccc[n+]([C@@H]2O[C@H](COP(=O)(O)OP(=O)(O)OC[C@H]3O[C@@H](n4cnc5c(N)ncnc54)[C@H](OP(=O)(O)O)[C@@H]3O)[C@@H](O)[C@H]2O)c1.NC1=CC(=O)O/C1=C/CO
NC(=O)C1=CN([C@@H]2O[C@H](COP(=O)(O)OP(=O)(O)OC[C@H]3O[C@@H](n4cnc5c(N)ncnc54)[C@H](OP(=O)(O)O)[C@@H]3O)[C@@H](O)[C@H]2O)C=CC1.NC1=CC(=O)O/C1=C/CO.O=O>>NC(=O)c1ccc[n+]([C@@H]2O[C@H](COP(=O)(O)OP(=O)(O)OC[C@H]3O[C@@H](n4cnc5c(N)ncnc54)[C@H](OP(=O)(O)O)[C@@H]3O)[C@@H](O)[C@H]2O)c1.NC1=CC(=O)O/C1=C(\O)CO.O
rule0183_6
rule0003_176
rule0004_13
No_Thermo
No_Thermo
No_Thermo

ranking 3
final score 2.5853237661235
Max reaction enthalpy score 0  x  2  =  0
Number of reactions score 0.0  x  4  =  0.0
By-product score 1.0  x  2  =  2.0
Pathway atom economy score 0.5853237661235  x  1  =  0.5853237661235
Salt score 0  x  0  =  0
Reaxys score 0  x  0  =  0
Cool score 0  x  0  =  0
atom economy 0.829726702614827
pathway by-product 0
intermediate by-product {None: 0}
Cl.NC1=CC(=O)O/C1=C(\O)CO>>NC1=CC(=O)O/C1=C(\Cl)CO.O
NC(=O)C1=CN([C@@H]2O[C@H](COP(=O)(O)OP(=O)(O)OC[C@H]3O[C@@H](n4cnc5c(N)ncnc54)[C@H](OP(=O)(O)O)[C@@H]3O)[C@@H](O)[C@H]2O)C=CC1.NC1=CC(=O)O/C1=C(\O)C=O>>NC(=O)c1ccc[n+]([C@@H]2O[C@H](COP(=O)(O)OP(=O)(O)OC[C@H]3O[C@@H](n4cnc5c(N)ncnc54)[C@H](OP(=O)(O)O)[C@@H]3O)[C@@H](O)[C@H]2O)c1.NC1=CC(=O)O/C1=C(\O)CO
NC(=O)C1=CN([C@@H]2O[C@H](COP(=O)(O)OP(=O)(O)OC[C@H]3O[C@@H](n4cnc5c(N)ncnc54)[C@H](OP(=O)(O)O)[C@@H]3O)[C@@H](O)[C@H]2O)C=CC1.NC1=CC(=O)O/C1=C/C=O.O=O>>NC(=O)c1ccc[n+]([C@@H]2O[C@H](COP(=O)(O)OP(=O)(O)OC[C@H]3O[C@@H](n4cnc5c(N)ncnc54)[C@H](OP(=O)(O)O)[C@@H]3O)[C@@H](O)[C@H]2O)c1.NC1=CC(=O)O/C1=C(\O)C=O.O
rule0183_6
rule0003_171
rule0004_13
No_Thermo
No_Thermo
No_Thermo

ranking 4
final score 2.5853237661235
Max reaction enthalpy score 0  x  2  =  0
Number of reactions score 0.0  x  4  =  0.0
By-product score 1.0  x  2  =  2.0
Pathway atom economy score 0.5853237661235  x  1  =  0.5853237661235
Salt score 0  x  0  =  0
Reaxys score 0  x  0  =  0
Cool score 0  x  0  =  0
atom economy 0.829726702614827
pathway by-product 0
intermediate by-product {None: 0}
Cl.NC1=CC(=O)O/C1=C(\O)C=O>>NC1=CC(=O)O/C1=C(\Cl)C=O.O
NC(=O)C1=CN([C@@H]2O[C@H](COP(=O)(O)OP(=O)(O)OC[C@H]3O[C@@H](n4cnc5c(N)ncnc54)[C@H](OP(=O)(O)O)[C@@H]3O)[C@@H](O)[C@H]2O)C=CC1.NC1=CC(=O)O/C1=C(\Cl)C=O>>NC(=O)c1ccc[n+]([C@@H]2O[C@H](COP(=O)(O)OP(=O)(O)OC[C@H]3O[C@@H](n4cnc5c(N)ncnc54)[C@H](OP(=O)(O)O)[C@@H]3O)[C@@H](O)[C@H]2O)c1.NC1=CC(=O)O/C1=C(\Cl)CO
NC(=O)C1=CN([C@@H]2O[C@H](COP(=O)(O)OP(=O)(O)OC[C@H]3O[C@@H](n4cnc5c(N)ncnc54)[C@H](OP(=O)(O)O)[C@@H]3O)[C@@H](O)[C@H]2O)C=CC1.NC1=CC(=O)O/C1=C/C=O.O=O>>NC(=O)c1ccc[n+]([C@@H]2O[C@H](COP(=O)(O)OP(=O)(O)OC[C@H]3O[C@@H](n4cnc5c(N)ncnc54)[C@H](OP(=O)(O)O)[C@@H]3O)[C@@H](O)[C@H]2O)c1.NC1=CC(=O)O/C1=C(\O)C=O.O
rule0183_6
rule0003_176
rule0004_13
No_Thermo
No_Thermo
No_Thermo

ranking 5
final score 2.0
Max reaction enthalpy score 0  x  2  =  0
Number of reactions score 0.0  x  4  =  0.0
By-product score 1.0  x  2  =  2.0
Pathway atom economy score 0.0  x  1  =  0.0
Salt score 0  x  0  =  0
Reaxys score 0  x  0  =  0
Cool score 0  x  0  =  0
atom economy 0.7207377698594821
pathway by-product 0
intermediate by-product {None: 0}
Cl.NC1=CC(=O)O/C1=C(\O)CO>>NC1=CC(=O)O/C1=C(\Cl)CO.O
NC(=O)C1=CN([C@@H]2O[C@H](COP(=O)(O)OP(=O)(O)OC[C@H]3O[C@@H](n4cnc5c(N)ncnc54)[C@H](OP(=O)(O)O)[C@@H]3O)[C@@H](O)[C@H]2O)C=CC1.NC1=CC(=O)O/C1=C/CO.O=O>>NC(=O)c1ccc[n+]([C@@H]2O[C@H](COP(=O)(O)OP(=O)(O)OC[C@H]3O[C@@H](n4cnc5c(N)ncnc54)[C@H](OP(=O)(O)O)[C@@H]3O)[C@@H](O)[C@H]2O)c1.NC1=CC(=O)O/C1=C(\O)CO.O
NC1=CC(=O)O/C1=C/C=O.OO>>NC1=CC(=O)O/C1=C/CO.O=O
rule0183_6
rule0004_13
rule0078_17
No_Thermo
No_Thermo
No_Thermo

ranking 6
final score 2.0
Max reaction enthalpy score 0  x  2  =  0
Number of reactions score 0.0  x  4  =  0.0
By-product score 1.0  x  2  =  2.0
Pathway atom economy score 0.0  x  1  =  0.0
Salt score 0  x  0  =  0
Reaxys score 0  x  0  =  0
Cool score 0  x  0  =  0
atom economy 0.7207377698594821
pathway by-product 0
intermediate by-product {None: 0}
Cl.NC1=CC(=O)O/C1=C(\O)CO>>NC1=CC(=O)O/C1=C(\Cl)CO.O
NC(=O)C1=CN([C@@H]2O[C@H](COP(=O)(O)OP(=O)(O)OC[C@H]3O[C@@H](n4cnc5c(N)ncnc54)[C@H](OP(=O)(O)O)[C@@H]3O)[C@@H](O)[C@H]2O)C=CC1.NC1=CC(=O)O/C1=C/C=O.O=O>>NC(=O)c1ccc[n+]([C@@H]2O[C@H](COP(=O)(O)OP(=O)(O)OC[C@H]3O[C@@H](n4cnc5c(N)ncnc54)[C@H](OP(=O)(O)O)[C@@H]3O)[C@@H](O)[C@H]2O)c1.NC1=CC(=O)O/C1=C(\O)C=O.O
NC1=CC(=O)O/C1=C(\O)C=O.OO>>NC1=CC(=O)O/C1=C(\O)CO.O=O
rule0183_6
rule0004_13
rule0078_15
No_Thermo
No_Thermo
No_Thermo

ranking 7
final score 2.0
Max reaction enthalpy score 0  x  2  =  0
Number of reactions score 0.0  x  4  =  0.0
By-product score 1.0  x  2  =  2.0
Pathway atom economy score 0.0  x  1  =  0.0
Salt score 0  x  0  =  0
Reaxys score 0  x  0  =  0
Cool score 0  x  0  =  0
atom economy 0.7207377698594821
pathway by-product 0
intermediate by-product {None: 0}
Cl.NC1=CC(=O)O/C1=C(\O)C=O>>NC1=CC(=O)O/C1=C(\Cl)C=O.O
NC(=O)C1=CN([C@@H]2O[C@H](COP(=O)(O)OP(=O)(O)OC[C@H]3O[C@@H](n4cnc5c(N)ncnc54)[C@H](OP(=O)(O)O)[C@@H]3O)[C@@H](O)[C@H]2O)C=CC1.NC1=CC(=O)O/C1=C/C=O.O=O>>NC(=O)c1ccc[n+]([C@@H]2O[C@H](COP(=O)(O)OP(=O)(O)OC[C@H]3O[C@@H](n4cnc5c(N)ncnc54)[C@H](OP(=O)(O)O)[C@@H]3O)[C@@H](O)[C@H]2O)c1.NC1=CC(=O)O/C1=C(\O)C=O.O
NC1=CC(=O)O/C1=C(\Cl)C=O.OO>>NC1=CC(=O)O/C1=C(\Cl)CO.O=O
rule0183_6
rule0004_13
rule0078_17
No_Thermo
No_Thermo
No_Thermo

Time used for pathway ranking: 0.05 minutes

Job name: Bacillus_anthracis_High_pPotency_molecule_pathway4
Job type: pathway visualization
Job started on: 2026-03-12 01:49:12.799374
pygraphviz is NOT installed.
A custom node layout will be used for pathway visualization
Number of pathways:  7
Number of reactions in reaxys:  0
Working on creating pages
You can adjust multi-processing number to speed up PDF generation
page done: 1
page done: 2
page done: 3
page done: 4
page done: 5
page done: 6
page done: 7
Finished with pages, writing to pdf
Time used for pathway visualization: 0.07 minutes

A custom node layout was used for pathway visualization
For a better layout, please install pygraphviz and Graphviz with the following command:
conda install conda-forge::pygraphviz
which should install both packages together

[DONE]  Bacillus_anthracis_High_pPotency_molecule_pathway4  genMols=4152  pathwayTargets=4141  time=54667.11s
[START] Bacillus_anthracis_High_pPotency_molecule_pathway12  target=NC(=CC(N)(O)C=O)C(=O)CC=O
Job name: Bacillus_anthracis_High_pPotency_molecule_pathway2
Job type: enzymatic network expansion forward
Ruleset: JN3604IMT (JN3604IMT_rules.tsv)
Job started on: 2026-03-11 10:38:11.801729
Checking for targets
Target found for C=CC(=O)NC1=CC(=O)O/C1=C/C=O
Number of generations: 3
Number of operators loaded: 3571
Number of molecules before expantion (including cofactors): 42
Number of molecules after expantion (including cofactors): 4151
Number of reactions: 8308
Time used for network generation: 931.59 minutes

Job name: Bacillus_anthracis_High_pPotency_molecule_pathway2
Job type: post-processing pretreat networks
Job started on: 2026-03-12 02:09:51.897552
Loading networks, it may take a while if loading large networks from file
Loading network 1 from memory
Number of reations in network 1: 8308
Networks loaded, now generating reaction strings
Reaction strings generation finished
Removing unconnected reactions
Unconnected reactions removed
Total number of reactions after pretreatment: 8256
Time used for network pretreatment: 0.01 minutes

Job name: Bacillus_anthracis_High_pPotency_molecule_pathway2
Job type: pathway search
Job started on: 2026-03-12 02:09:52.218706
Pathway finder started, total number of reactions in network 8256
Searching for pathways.
If it is taking too long, try adjusting pruning parameters
Pathway search finished, removing loops if there's any.
Time used for pathway search: 0.02 minutes
3 pathways found!
7 reactions found in all pathways
Min number of reactions in a pathway: 3
Max number of reactions in a pathway: 3
Pruning parameters for this search:
search_depth: 3
max_num_rxns: 3
min_rxn_atom_economy: 0.3

Job name: Bacillus_anthracis_High_pPotency_molecule_pathway2
Job type: pathway ranking
Job started on: 2026-03-12 02:09:53.649840
Start ranking pathways. Number of pathways after sanitization: 3
Reaction thermodynamics ranking working
Reaction thermodynamics ranking finished
Atom economy ranking working
Min_eco 0.8965582581134156
Max_eco 0.8965582581134156
None_eco 0
Atom_economy ranking finished
Number of steps ranking working
Number of steps ranking finished
By product_number ranking working
You can adjust multi-processing number to speed it up
By product_number ranking finished
min score 6.0
max score 6.0

Pathway ranking finished. Pathway scores:

ranking 1
final score 6.0
Max reaction enthalpy score 0  x  2  =  0
Number of reactions score 1.0  x  4  =  4.0
By-product score 1.0  x  2  =  2.0
Pathway atom economy score 0.0  x  1  =  0.0
Salt score 0  x  0  =  0
Reaxys score 0  x  0  =  0
Cool score 0  x  0  =  0
atom economy 0.8965582581134156
pathway by-product 0
intermediate by-product {None: 0}
N.O=C(O)C=C1N=CCC1=O>>NC1(CC(=O)O)N=CCC1=O
NC1=CC(=O)O/C1=C/C=O>>O.O=C1C=C2N=CC=C2O1
O.O=C1C=C2N=CC=C2O1>>O=C(O)C=C1N=CCC1=O
rule0257_1
rule0146_1
rule0189_1
No_Thermo
No_Thermo
No_Thermo

ranking 2
final score 6.0
Max reaction enthalpy score 0  x  2  =  0
Number of reactions score 1.0  x  4  =  4.0
By-product score 1.0  x  2  =  2.0
Pathway atom economy score 0.0  x  1  =  0.0
Salt score 0  x  0  =  0
Reaxys score 0  x  0  =  0
Cool score 0  x  0  =  0
atom economy 0.8965582581134156
pathway by-product 0
intermediate by-product {None: 0}
N.O=C(O)C=C1N=CCC1=O>>NC1(CC(=O)O)N=CCC1=O
NC(=CC(=O)O)C(=O)CC=O>>O.O=C(O)C=C1N=CCC1=O
NC1=CC(=O)O/C1=C/C=O.O>>NC(=CC(=O)O)C(=O)CC=O
rule0257_1
rule0146_1
rule0189_1
No_Thermo
No_Thermo
No_Thermo

ranking 3
final score 6.0
Max reaction enthalpy score 0  x  2  =  0
Number of reactions score 1.0  x  4  =  4.0
By-product score 1.0  x  2  =  2.0
Pathway atom economy score 0.0  x  1  =  0.0
Salt score 0  x  0  =  0
Reaxys score 0  x  0  =  0
Cool score 0  x  0  =  0
atom economy 0.8965582581134156
pathway by-product 0
intermediate by-product {None: 0}
N.NC(=CC(=O)O)C(=O)CC=O>>NC(N)(CC(=O)O)C(=O)CC=O
NC(N)(CC(=O)O)C(=O)CC=O>>NC1(CC(=O)O)N=CCC1=O.O
NC1=CC(=O)O/C1=C/C=O.O>>NC(=CC(=O)O)C(=O)CC=O
rule0257_1
rule0146_1
rule0189_1
No_Thermo
No_Thermo
No_Thermo

Time used for pathway ranking: 0.06 minutes

Job name: Bacillus_anthracis_High_pPotency_molecule_pathway2
Job type: pathway visualization
Job started on: 2026-03-12 02:09:57.366799
pygraphviz is NOT installed.
A custom node layout will be used for pathway visualization
Number of pathways:  3
Number of reactions in reaxys:  0
Working on creating pages
You can adjust multi-processing number to speed up PDF generation
page done: 1
page done: 2
page done: 3
Finished with pages, writing to pdf
Time used for pathway visualization: 0.06 minutes

A custom node layout was used for pathway visualization
For a better layout, please install pygraphviz and Graphviz with the following command:
conda install conda-forge::pygraphviz
which should install both packages together

[DONE]  Bacillus_anthracis_High_pPotency_molecule_pathway2  genMols=4152  pathwayTargets=4141  time=55910.56s
[START] Bacillus_anthracis_High_pPotency_molecule_pathway13  target=NC=CC(=O)C(N)=CC(=O)O
Job name: Bacillus_anthracis_High_pPotency_molecule_pathway5
Job type: enzymatic network expansion forward
Ruleset: JN3604IMT (JN3604IMT_rules.tsv)
Job started on: 2026-03-11 10:38:11.801837
Checking for targets
Target found for NC(=O)C=C(N)C(=O)C(C=O)C=O
Number of generations: 3
Number of operators loaded: 3571
Number of molecules before expantion (including cofactors): 42
Number of molecules after expantion (including cofactors): 4151
Number of reactions: 8308
Time used for network generation: 935.00 minutes

Job name: Bacillus_anthracis_High_pPotency_molecule_pathway5
Job type: post-processing pretreat networks
Job started on: 2026-03-12 02:13:18.706985
Loading networks, it may take a while if loading large networks from file
Loading network 1 from memory
Number of reations in network 1: 8308
Networks loaded, now generating reaction strings
Reaction strings generation finished
Removing unconnected reactions
Unconnected reactions removed
Total number of reactions after pretreatment: 8256
Time used for network pretreatment: 0.01 minutes

Job name: Bacillus_anthracis_High_pPotency_molecule_pathway5
Job type: pathway search
Job started on: 2026-03-12 02:13:19.278684
Pathway finder started, total number of reactions in network 8256
Searching for pathways.
If it is taking too long, try adjusting pruning parameters
Pathway search finished, removing loops if there's any.
Time used for pathway search: 0.04 minutes
25 pathways found!
20 reactions found in all pathways
Min number of reactions in a pathway: 3
Max number of reactions in a pathway: 3
Pruning parameters for this search:
search_depth: 3
max_num_rxns: 3
min_rxn_atom_economy: 0.3

Job name: Bacillus_anthracis_High_pPotency_molecule_pathway5
Job type: pathway ranking
Job started on: 2026-03-12 02:13:21.738773
Start ranking pathways. Number of pathways after sanitization: 25
Reaction thermodynamics ranking working
Reaction thermodynamics ranking finished
Atom economy ranking working
Min_eco 0.7738656659055456
Max_eco 1.0
None_eco 0
Atom_economy ranking finished
Number of steps ranking working
Number of steps ranking finished
By product_number ranking working
You can adjust multi-processing number to speed it up
By product_number ranking finished
min score 6.0
max score 7.0

Pathway ranking finished. Pathway scores:

ranking 1
final score 7.0
Max reaction enthalpy score 0  x  2  =  0
Number of reactions score 1.0  x  4  =  4.0
By-product score 1.0  x  2  =  2.0
Pathway atom economy score 1.0  x  1  =  1.0
Salt score 0  x  0  =  0
Reaxys score 0  x  0  =  0
Cool score 0  x  0  =  0
atom economy 1.0
pathway by-product 0
intermediate by-product {None: 0}
C[S+](CC[C@H](N)C(=O)O)C[C@H]1O[C@@H](n2cnc3c(N)ncnc32)[C@H](O)[C@@H]1O.NC1=CC(=O)OC1CC(=O)O>>COC(=O)CC1OC(=O)C=C1N.Nc1ncnc2c1ncn2[C@@H]1O[C@H](CSCC[C@H](N)C(=O)O)[C@@H](O)[C@H]1O
NC(=O)C1=CN([C@@H]2O[C@H](COP(=O)(O)OP(=O)(O)OC[C@H]3O[C@@H](n4cnc5c(N)ncnc54)[C@H](OP(=O)(O)O)[C@@H]3O)[C@@H](O)[C@H]2O)C=CC1.NC1=CC(=O)O/C1=C/C=O>>NC(=O)c1ccc[n+]([C@@H]2O[C@H](COP(=O)(O)OP(=O)(O)OC[C@H]3O[C@@H](n4cnc5c(N)ncnc54)[C@H](OP(=O)(O)O)[C@@H]3O)[C@@H](O)[C@H]2O)c1.NC1=CC(=O)OC1CC=O
NC1=CC(=O)OC1CC=O.O.O=O>>NC1=CC(=O)OC1CC(=O)O.OO
rule0011_48
rule0027_65
rule0145_6
No_Thermo
No_Thermo
No_Thermo

ranking 2
final score 7.0
Max reaction enthalpy score 0  x  2  =  0
Number of reactions score 1.0  x  4  =  4.0
By-product score 1.0  x  2  =  2.0
Pathway atom economy score 1.0  x  1  =  1.0
Salt score 0  x  0  =  0
Reaxys score 0  x  0  =  0
Cool score 0  x  0  =  0
atom economy 1.0
pathway by-product 0
intermediate by-product {None: 0}
C[S+](CC[C@H](N)C(=O)O)C[C@H]1O[C@@H](n2cnc3c(N)ncnc32)[C@H](O)[C@@H]1O.NC1=CC(=O)OC1CC(=O)O>>COC(=O)CC1OC(=O)C=C1N.Nc1ncnc2c1ncn2[C@@H]1O[C@H](CSCC[C@H](N)C(=O)O)[C@@H](O)[C@H]1O
NC(=O)C1=CN([C@@H]2O[C@H](COP(=O)(O)OP(=O)(O)OC[C@H]3O[C@@H](n4cnc5c(N)ncnc54)[C@H](OP(=O)(O)O)[C@@H]3O)[C@@H](O)[C@H]2O)C=CC1.NC1=CC(=O)O/C1=C/C=O>>NC(=O)c1ccc[n+]([C@@H]2O[C@H](COP(=O)(O)OP(=O)(O)OC[C@H]3O[C@@H](n4cnc5c(N)ncnc54)[C@H](OP(=O)(O)O)[C@@H]3O)[C@@H](O)[C@H]2O)c1.NC1=CC(=O)OC1CC=O
NC(=O)c1ccc[n+]([C@@H]2O[C@H](COP(=O)(O)OP(=O)(O)OC[C@H]3O[C@@H](n4cnc5c(N)ncnc54)[C@H](OP(=O)(O)O)[C@@H]3O)[C@@H](O)[C@H]2O)c1.NC1=CC(=O)OC1CC=O.O>>NC(=O)C1=CN([C@@H]2O[C@H](COP(=O)(O)OP(=O)(O)OC[C@H]3O[C@@H](n4cnc5c(N)ncnc54)[C@H](OP(=O)(O)O)[C@@H]3O)[C@@H](O)[C@H]2O)C=CC1.NC1=CC(=O)OC1CC(=O)O
rule0011_48
rule0027_65
rule0026_16
No_Thermo
No_Thermo
No_Thermo

ranking 3
final score 7.0
Max reaction enthalpy score 0  x  2  =  0
Number of reactions score 1.0  x  4  =  4.0
By-product score 1.0  x  2  =  2.0
Pathway atom economy score 1.0  x  1  =  1.0
Salt score 0  x  0  =  0
Reaxys score 0  x  0  =  0
Cool score 0  x  0  =  0
atom economy 1.0
pathway by-product 0
intermediate by-product {None: 0}
C[S+](CC[C@H](N)C(=O)O)C[C@H]1O[C@@H](n2cnc3c(N)ncnc32)[C@H](O)[C@@H]1O.NC1=CC(=O)OC1CC(=O)O>>COC(=O)CC1OC(=O)C=C1N.Nc1ncnc2c1ncn2[C@@H]1O[C@H](CSCC[C@H](N)C(=O)O)[C@@H](O)[C@H]1O
NC(=O)C1=CN([C@@H]2O[C@H](COP(=O)(O)OP(=O)(O)OC[C@H]3O[C@@H](n4cnc5c(N)ncnc54)[C@H](OP(=O)(O)O)[C@@H]3O)[C@@H](O)[C@H]2O)C=CC1.NC1=CC(=O)O/C1=C/C(=O)O>>NC(=O)c1ccc[n+]([C@@H]2O[C@H](COP(=O)(O)OP(=O)(O)OC[C@H]3O[C@@H](n4cnc5c(N)ncnc54)[C@H](OP(=O)(O)O)[C@@H]3O)[C@@H](O)[C@H]2O)c1.NC1=CC(=O)OC1CC(=O)O
NC1=CC(=O)O/C1=C/C=O.O.O=O>>NC1=CC(=O)O/C1=C/C(=O)O.OO
rule0011_48
rule0027_65
rule0145_6
No_Thermo
No_Thermo
No_Thermo

ranking 4
final score 7.0
Max reaction enthalpy score 0  x  2  =  0
Number of reactions score 1.0  x  4  =  4.0
By-product score 1.0  x  2  =  2.0
Pathway atom economy score 1.0  x  1  =  1.0
Salt score 0  x  0  =  0
Reaxys score 0  x  0  =  0
Cool score 0  x  0  =  0
atom economy 1.0
pathway by-product 0
intermediate by-product {None: 0}
C[S+](CC[C@H](N)C(=O)O)C[C@H]1O[C@@H](n2cnc3c(N)ncnc32)[C@H](O)[C@@H]1O.NC1=CC(=O)OC1CC(=O)O>>COC(=O)CC1OC(=O)C=C1N.Nc1ncnc2c1ncn2[C@@H]1O[C@H](CSCC[C@H](N)C(=O)O)[C@@H](O)[C@H]1O
NC(=O)C1=CN([C@@H]2O[C@H](COP(=O)(O)OP(=O)(O)OC[C@H]3O[C@@H](n4cnc5c(N)ncnc54)[C@H](OP(=O)(O)O)[C@@H]3O)[C@@H](O)[C@H]2O)C=CC1.NC1=CC(=O)O/C1=C/C(=O)O>>NC(=O)c1ccc[n+]([C@@H]2O[C@H](COP(=O)(O)OP(=O)(O)OC[C@H]3O[C@@H](n4cnc5c(N)ncnc54)[C@H](OP(=O)(O)O)[C@@H]3O)[C@@H](O)[C@H]2O)c1.NC1=CC(=O)OC1CC(=O)O
NC(=O)c1ccc[n+]([C@@H]2O[C@H](COP(=O)(O)OP(=O)(O)OC[C@H]3O[C@@H](n4cnc5c(N)ncnc54)[C@H](OP(=O)(O)O)[C@@H]3O)[C@@H](O)[C@H]2O)c1.NC1=CC(=O)O/C1=C/C=O.O>>NC(=O)C1=CN([C@@H]2O[C@H](COP(=O)(O)OP(=O)(O)OC[C@H]3O[C@@H](n4cnc5c(N)ncnc54)[C@H](OP(=O)(O)O)[C@@H]3O)[C@@H](O)[C@H]2O)C=CC1.NC1=CC(=O)O/C1=C/C(=O)O
rule0011_48
rule0027_65
rule0026_16
No_Thermo
No_Thermo
No_Thermo

ranking 5
final score 7.0
Max reaction enthalpy score 0  x  2  =  0
Number of reactions score 1.0  x  4  =  4.0
By-product score 1.0  x  2  =  2.0
Pathway atom economy score 1.0  x  1  =  1.0
Salt score 0  x  0  =  0
Reaxys score 0  x  0  =  0
Cool score 0  x  0  =  0
atom economy 1.0
pathway by-product 0
intermediate by-product {None: 0}
COC(=O)/C=C1/OC(=O)C=C1N.NC(=O)C1=CN([C@@H]2O[C@H](COP(=O)(O)OP(=O)(O)OC[C@H]3O[C@@H](n4cnc5c(N)ncnc54)[C@H](OP(=O)(O)O)[C@@H]3O)[C@@H](O)[C@H]2O)C=CC1>>COC(=O)CC1OC(=O)C=C1N.NC(=O)c1ccc[n+]([C@@H]2O[C@H](COP(=O)(O)OP(=O)(O)OC[C@H]3O[C@@H](n4cnc5c(N)ncnc54)[C@H](OP(=O)(O)O)[C@@H]3O)[C@@H](O)[C@H]2O)c1
C[S+](CC[C@H](N)C(=O)O)C[C@H]1O[C@@H](n2cnc3c(N)ncnc32)[C@H](O)[C@@H]1O.NC1=CC(=O)O/C1=C/C(=O)O>>COC(=O)/C=C1/OC(=O)C=C1N.Nc1ncnc2c1ncn2[C@@H]1O[C@H](CSCC[C@H](N)C(=O)O)[C@@H](O)[C@H]1O
NC1=CC(=O)O/C1=C/C=O.O.O=O>>NC1=CC(=O)O/C1=C/C(=O)O.OO
rule0027_65
rule0011_48
rule0145_6
No_Thermo
No_Thermo
No_Thermo

ranking 6
final score 7.0
Max reaction enthalpy score 0  x  2  =  0
Number of reactions score 1.0  x  4  =  4.0
By-product score 1.0  x  2  =  2.0
Pathway atom economy score 1.0  x  1  =  1.0
Salt score 0  x  0  =  0
Reaxys score 0  x  0  =  0
Cool score 0  x  0  =  0
atom economy 1.0
pathway by-product 0
intermediate by-product {None: 0}
COC(=O)/C=C1/OC(=O)C=C1N.NC(=O)C1=CN([C@@H]2O[C@H](COP(=O)(O)OP(=O)(O)OC[C@H]3O[C@@H](n4cnc5c(N)ncnc54)[C@H](OP(=O)(O)O)[C@@H]3O)[C@@H](O)[C@H]2O)C=CC1>>COC(=O)CC1OC(=O)C=C1N.NC(=O)c1ccc[n+]([C@@H]2O[C@H](COP(=O)(O)OP(=O)(O)OC[C@H]3O[C@@H](n4cnc5c(N)ncnc54)[C@H](OP(=O)(O)O)[C@@H]3O)[C@@H](O)[C@H]2O)c1
C[S+](CC[C@H](N)C(=O)O)C[C@H]1O[C@@H](n2cnc3c(N)ncnc32)[C@H](O)[C@@H]1O.NC1=CC(=O)O/C1=C/C(=O)O>>COC(=O)/C=C1/OC(=O)C=C1N.Nc1ncnc2c1ncn2[C@@H]1O[C@H](CSCC[C@H](N)C(=O)O)[C@@H](O)[C@H]1O
NC(=O)c1ccc[n+]([C@@H]2O[C@H](COP(=O)(O)OP(=O)(O)OC[C@H]3O[C@@H](n4cnc5c(N)ncnc54)[C@H](OP(=O)(O)O)[C@@H]3O)[C@@H](O)[C@H]2O)c1.NC1=CC(=O)O/C1=C/C=O.O>>NC(=O)C1=CN([C@@H]2O[C@H](COP(=O)(O)OP(=O)(O)OC[C@H]3O[C@@H](n4cnc5c(N)ncnc54)[C@H](OP(=O)(O)O)[C@@H]3O)[C@@H](O)[C@H]2O)C=CC1.NC1=CC(=O)O/C1=C/C(=O)O
rule0027_65
rule0011_48
rule0026_16
No_Thermo
No_Thermo
No_Thermo

ranking 7
final score 6.578863984783359
Max reaction enthalpy score 0  x  2  =  0
Number of reactions score 1.0  x  4  =  4.0
By-product score 1.0  x  2  =  2.0
Pathway atom economy score 0.5788639847833588  x  1  =  0.5788639847833588
Salt score 0  x  0  =  0
Reaxys score 0  x  0  =  0
Cool score 0  x  0  =  0
atom economy 0.9047666876357928
pathway by-product 0
intermediate by-product {None: 0}
C[S+](CC[C@H](N)C(=O)O)C[C@H]1O[C@@H](n2cnc3c(N)ncnc32)[C@H](O)[C@@H]1O.NC1=CC(=O)OC1CC(=O)O>>COC(=O)CC1OC(=O)C=C1N.Nc1ncnc2c1ncn2[C@@H]1O[C@H](CSCC[C@H](N)C(=O)O)[C@@H](O)[C@H]1O
NC(=O)C1=CN([C@@H]2O[C@H](COP(=O)(O)OP(=O)(O)OC[C@H]3O[C@@H](n4cnc5c(N)ncnc54)[C@H](OP(=O)(O)O)[C@@H]3O)[C@@H](O)[C@H]2O)C=CC1.NC1=CC(=O)O/C1=C/C=O>>NC(=O)c1ccc[n+]([C@@H]2O[C@H](COP(=O)(O)OP(=O)(O)OC[C@H]3O[C@@H](n4cnc5c(N)ncnc54)[C@H](OP(=O)(O)O)[C@@H]3O)[C@@H](O)[C@H]2O)c1.NC1=CC(=O)OC1CC=O
NC(=O)C1=CN([C@@H]2O[C@H](COP(=O)(O)OP(=O)(O)OC[C@H]3O[C@@H](n4cnc5c(N)ncnc54)[C@H](OP(=O)(O)O)[C@@H]3O)[C@@H](O)[C@H]2O)C=CC1.NC1=CC(=O)OC1CC=O.O=O>>NC(=O)c1ccc[n+]([C@@H]2O[C@H](COP(=O)(O)OP(=O)(O)OC[C@H]3O[C@@H](n4cnc5c(N)ncnc54)[C@H](OP(=O)(O)O)[C@@H]3O)[C@@H](O)[C@H]2O)c1.NC1=CC(=O)OC1CC(=O)O.O
rule0011_48
rule0027_65
rule0004_13
No_Thermo
No_Thermo
No_Thermo

ranking 8
final score 6.578863984783359
Max reaction enthalpy score 0  x  2  =  0
Number of reactions score 1.0  x  4  =  4.0
By-product score 1.0  x  2  =  2.0
Pathway atom economy score 0.5788639847833588  x  1  =  0.5788639847833588
Salt score 0  x  0  =  0
Reaxys score 0  x  0  =  0
Cool score 0  x  0  =  0
atom economy 0.9047666876357928
pathway by-product 0
intermediate by-product {None: 0}
C[S+](CC[C@H](N)C(=O)O)C[C@H]1O[C@@H](n2cnc3c(N)ncnc32)[C@H](O)[C@@H]1O.NC1=CC(=O)OC1CC(=O)O>>COC(=O)CC1OC(=O)C=C1N.Nc1ncnc2c1ncn2[C@@H]1O[C@H](CSCC[C@H](N)C(=O)O)[C@@H](O)[C@H]1O
NC(=O)C1=CN([C@@H]2O[C@H](COP(=O)(O)OP(=O)(O)OC[C@H]3O[C@@H](n4cnc5c(N)ncnc54)[C@H](OP(=O)(O)O)[C@@H]3O)[C@@H](O)[C@H]2O)C=CC1.NC1=CC(=O)O/C1=C/C(=O)O>>NC(=O)c1ccc[n+]([C@@H]2O[C@H](COP(=O)(O)OP(=O)(O)OC[C@H]3O[C@@H](n4cnc5c(N)ncnc54)[C@H](OP(=O)(O)O)[C@@H]3O)[C@@H](O)[C@H]2O)c1.NC1=CC(=O)OC1CC(=O)O
NC(=O)C1=CN([C@@H]2O[C@H](COP(=O)(O)OP(=O)(O)OC[C@H]3O[C@@H](n4cnc5c(N)ncnc54)[C@H](OP(=O)(O)O)[C@@H]3O)[C@@H](O)[C@H]2O)C=CC1.NC1=CC(=O)O/C1=C/C=O.O=O>>NC(=O)c1ccc[n+]([C@@H]2O[C@H](COP(=O)(O)OP(=O)(O)OC[C@H]3O[C@@H](n4cnc5c(N)ncnc54)[C@H](OP(=O)(O)O)[C@@H]3O)[C@@H](O)[C@H]2O)c1.NC1=CC(=O)O/C1=C/C(=O)O.O
rule0011_48
rule0027_65
rule0004_13
No_Thermo
No_Thermo
No_Thermo

ranking 9
final score 6.578863984783359
Max reaction enthalpy score 0  x  2  =  0
Number of reactions score 1.0  x  4  =  4.0
By-product score 1.0  x  2  =  2.0
Pathway atom economy score 0.5788639847833588  x  1  =  0.5788639847833588
Salt score 0  x  0  =  0
Reaxys score 0  x  0  =  0
Cool score 0  x  0  =  0
atom economy 0.9047666876357928
pathway by-product 0
intermediate by-product {None: 0}
COC(=O)/C=C1/OC(=O)C=C1N.NC(=O)C1=CN([C@@H]2O[C@H](COP(=O)(O)OP(=O)(O)OC[C@H]3O[C@@H](n4cnc5c(N)ncnc54)[C@H](OP(=O)(O)O)[C@@H]3O)[C@@H](O)[C@H]2O)C=CC1>>COC(=O)CC1OC(=O)C=C1N.NC(=O)c1ccc[n+]([C@@H]2O[C@H](COP(=O)(O)OP(=O)(O)OC[C@H]3O[C@@H](n4cnc5c(N)ncnc54)[C@H](OP(=O)(O)O)[C@@H]3O)[C@@H](O)[C@H]2O)c1
C[S+](CC[C@H](N)C(=O)O)C[C@H]1O[C@@H](n2cnc3c(N)ncnc32)[C@H](O)[C@@H]1O.NC1=CC(=O)O/C1=C/C(=O)O>>COC(=O)/C=C1/OC(=O)C=C1N.Nc1ncnc2c1ncn2[C@@H]1O[C@H](CSCC[C@H](N)C(=O)O)[C@@H](O)[C@H]1O
NC(=O)C1=CN([C@@H]2O[C@H](COP(=O)(O)OP(=O)(O)OC[C@H]3O[C@@H](n4cnc5c(N)ncnc54)[C@H](OP(=O)(O)O)[C@@H]3O)[C@@H](O)[C@H]2O)C=CC1.NC1=CC(=O)O/C1=C/C=O.O=O>>NC(=O)c1ccc[n+]([C@@H]2O[C@H](COP(=O)(O)OP(=O)(O)OC[C@H]3O[C@@H](n4cnc5c(N)ncnc54)[C@H](OP(=O)(O)O)[C@@H]3O)[C@@H](O)[C@H]2O)c1.NC1=CC(=O)O/C1=C/C(=O)O.O
rule0027_65
rule0011_48
rule0004_13
No_Thermo
No_Thermo
No_Thermo

ranking 10
final score 6.578863984783359
Max reaction enthalpy score 0  x  2  =  0
Number of reactions score 1.0  x  4  =  4.0
By-product score 1.0  x  2  =  2.0
Pathway atom economy score 0.5788639847833588  x  1  =  0.5788639847833588
Salt score 0  x  0  =  0
Reaxys score 0  x  0  =  0
Cool score 0  x  0  =  0
atom economy 0.9047666876357928
pathway by-product 0
intermediate by-product {None: 0}
CC(=O)CC1OC(=O)C=C1N.NC(=O)C1=CN([C@@H]2O[C@H](COP(=O)(O)OP(=O)(O)OC[C@H]3O[C@@H](n4cnc5c(N)ncnc54)[C@H](OP(=O)(O)O)[C@@H]3O)[C@@H](O)[C@H]2O)C=CC1.O=O>>COC(=O)CC1OC(=O)C=C1N.NC(=O)c1ccc[n+]([C@@H]2O[C@H](COP(=O)(O)OP(=O)(O)OC[C@H]3O[C@@H](n4cnc5c(N)ncnc54)[C@H](OP(=O)(O)O)[C@@H]3O)[C@@H](O)[C@H]2O)c1.O
C[S+](CC[C@H](N)C(=O)O)C[C@H]1O[C@@H](n2cnc3c(N)ncnc32)[C@H](O)[C@@H]1O.NC1=CC(=O)OC1CC=O>>CC(=O)CC1OC(=O)C=C1N.Nc1ncnc2c1ncn2[C@@H]1O[C@H](CSCC[C@H](N)C(=O)O)[C@@H](O)[C@H]1O
NC(=O)C1=CN([C@@H]2O[C@H](COP(=O)(O)OP(=O)(O)OC[C@H]3O[C@@H](n4cnc5c(N)ncnc54)[C@H](OP(=O)(O)O)[C@@H]3O)[C@@H](O)[C@H]2O)C=CC1.NC1=CC(=O)O/C1=C/C=O>>NC(=O)c1ccc[n+]([C@@H]2O[C@H](COP(=O)(O)OP(=O)(O)OC[C@H]3O[C@@H](n4cnc5c(N)ncnc54)[C@H](OP(=O)(O)O)[C@@H]3O)[C@@H](O)[C@H]2O)c1.NC1=CC(=O)OC1CC=O
rule0083_11
rule0043_12
rule0027_65
No_Thermo
No_Thermo
No_Thermo

ranking 11
final score 6.578863984783359
Max reaction enthalpy score 0  x  2  =  0
Number of reactions score 1.0  x  4  =  4.0
By-product score 1.0  x  2  =  2.0
Pathway atom economy score 0.5788639847833588  x  1  =  0.5788639847833588
Salt score 0  x  0  =  0
Reaxys score 0  x  0  =  0
Cool score 0  x  0  =  0
atom economy 0.9047666876357928
pathway by-product 0
intermediate by-product {None: 0}
CC(=O)/C=C1/OC(=O)C=C1N.NC(=O)C1=CN([C@@H]2O[C@H](COP(=O)(O)OP(=O)(O)OC[C@H]3O[C@@H](n4cnc5c(N)ncnc54)[C@H](OP(=O)(O)O)[C@@H]3O)[C@@H](O)[C@H]2O)C=CC1>>CC(=O)CC1OC(=O)C=C1N.NC(=O)c1ccc[n+]([C@@H]2O[C@H](COP(=O)(O)OP(=O)(O)OC[C@H]3O[C@@H](n4cnc5c(N)ncnc54)[C@H](OP(=O)(O)O)[C@@H]3O)[C@@H](O)[C@H]2O)c1
CC(=O)CC1OC(=O)C=C1N.NC(=O)C1=CN([C@@H]2O[C@H](COP(=O)(O)OP(=O)(O)OC[C@H]3O[C@@H](n4cnc5c(N)ncnc54)[C@H](OP(=O)(O)O)[C@@H]3O)[C@@H](O)[C@H]2O)C=CC1.O=O>>COC(=O)CC1OC(=O)C=C1N.NC(=O)c1ccc[n+]([C@@H]2O[C@H](COP(=O)(O)OP(=O)(O)OC[C@H]3O[C@@H](n4cnc5c(N)ncnc54)[C@H](OP(=O)(O)O)[C@@H]3O)[C@@H](O)[C@H]2O)c1.O
C[S+](CC[C@H](N)C(=O)O)C[C@H]1O[C@@H](n2cnc3c(N)ncnc32)[C@H](O)[C@@H]1O.NC1=CC(=O)O/C1=C/C=O>>CC(=O)/C=C1/OC(=O)C=C1N.Nc1ncnc2c1ncn2[C@@H]1O[C@H](CSCC[C@H](N)C(=O)O)[C@@H](O)[C@H]1O
rule0027_65
rule0083_11
rule0043_12
No_Thermo
No_Thermo
No_Thermo

ranking 12
final score 6.578863984783359
Max reaction enthalpy score 0  x  2  =  0
Number of reactions score 1.0  x  4  =  4.0
By-product score 1.0  x  2  =  2.0
Pathway atom economy score 0.5788639847833588  x  1  =  0.5788639847833588
Salt score 0  x  0  =  0
Reaxys score 0  x  0  =  0
Cool score 0  x  0  =  0
atom economy 0.9047666876357928
pathway by-product 0
intermediate by-product {None: 0}
CC(=O)/C=C1/OC(=O)C=C1N.NC(=O)C1=CN([C@@H]2O[C@H](COP(=O)(O)OP(=O)(O)OC[C@H]3O[C@@H](n4cnc5c(N)ncnc54)[C@H](OP(=O)(O)O)[C@@H]3O)[C@@H](O)[C@H]2O)C=CC1>>CC(=O)CC1OC(=O)C=C1N.NC(=O)c1ccc[n+]([C@@H]2O[C@H](COP(=O)(O)OP(=O)(O)OC[C@H]3O[C@@H](n4cnc5c(N)ncnc54)[C@H](OP(=O)(O)O)[C@@H]3O)[C@@H](O)[C@H]2O)c1
CC(=O)CC1OC(=O)C=C1N.NC(=O)C1=CN([C@@H]2O[C@H](COP(=O)(O)OP(=O)(O)OC[C@H]3O[C@@H](n4cnc5c(N)ncnc54)[C@H](OP(=O)(O)O)[C@@H]3O)[C@@H](O)[C@H]2O)C=CC1.O=O>>COC(=O)CC1OC(=O)C=C1N.NC(=O)c1ccc[n+]([C@@H]2O[C@H](COP(=O)(O)OP(=O)(O)OC[C@H]3O[C@@H](n4cnc5c(N)ncnc54)[C@H](OP(=O)(O)O)[C@@H]3O)[C@@H](O)[C@H]2O)c1.O
C[S+](CC[C@H](N)C(=O)O)C[C@H]1O[C@@H](n2cnc3c(N)ncnc32)[C@H](O)[C@@H]1O.NC1=CC(=O)O/C1=C/C=O>>CC(=O)/C=C1/OC(=O)C=C1N.Nc1ncnc2c1ncn2[C@@H]1O[C@H](CSCC[C@H](N)C(=O)O)[C@@H](O)[C@H]1O
rule0027_60
rule0083_11
rule0043_12
No_Thermo
No_Thermo
No_Thermo

ranking 13
final score 6.578863984783359
Max reaction enthalpy score 0  x  2  =  0
Number of reactions score 1.0  x  4  =  4.0
By-product score 1.0  x  2  =  2.0
Pathway atom economy score 0.5788639847833588  x  1  =  0.5788639847833588
Salt score 0  x  0  =  0
Reaxys score 0  x  0  =  0
Cool score 0  x  0  =  0
atom economy 0.9047666876357928
pathway by-product 0
intermediate by-product {None: 0}
CC(=O)/C=C1/OC(=O)C=C1N.NC(=O)C1=CN([C@@H]2O[C@H](COP(=O)(O)OP(=O)(O)OC[C@H]3O[C@@H](n4cnc5c(N)ncnc54)[C@H](OP(=O)(O)O)[C@@H]3O)[C@@H](O)[C@H]2O)C=CC1.O=O>>COC(=O)/C=C1/OC(=O)C=C1N.NC(=O)c1ccc[n+]([C@@H]2O[C@H](COP(=O)(O)OP(=O)(O)OC[C@H]3O[C@@H](n4cnc5c(N)ncnc54)[C@H](OP(=O)(O)O)[C@@H]3O)[C@@H](O)[C@H]2O)c1.O
COC(=O)/C=C1/OC(=O)C=C1N.NC(=O)C1=CN([C@@H]2O[C@H](COP(=O)(O)OP(=O)(O)OC[C@H]3O[C@@H](n4cnc5c(N)ncnc54)[C@H](OP(=O)(O)O)[C@@H]3O)[C@@H](O)[C@H]2O)C=CC1>>COC(=O)CC1OC(=O)C=C1N.NC(=O)c1ccc[n+]([C@@H]2O[C@H](COP(=O)(O)OP(=O)(O)OC[C@H]3O[C@@H](n4cnc5c(N)ncnc54)[C@H](OP(=O)(O)O)[C@@H]3O)[C@@H](O)[C@H]2O)c1
C[S+](CC[C@H](N)C(=O)O)C[C@H]1O[C@@H](n2cnc3c(N)ncnc32)[C@H](O)[C@@H]1O.NC1=CC(=O)O/C1=C/C=O>>CC(=O)/C=C1/OC(=O)C=C1N.Nc1ncnc2c1ncn2[C@@H]1O[C@H](CSCC[C@H](N)C(=O)O)[C@@H](O)[C@H]1O
rule0083_11
rule0027_65
rule0043_12
No_Thermo
No_Thermo
No_Thermo

ranking 14
final score 6.303470522227352
Max reaction enthalpy score 0  x  2  =  0
Number of reactions score 1.0  x  4  =  4.0
By-product score 1.0  x  2  =  2.0
Pathway atom economy score 0.3034705222273519  x  1  =  0.3034705222273519
Salt score 0  x  0  =  0
Reaxys score 0  x  0  =  0
Cool score 0  x  0  =  0
atom economy 0.8424907703667242
pathway by-product 0
intermediate by-product {None: 0}
C[S+](CC[C@H](N)C(=O)O)C[C@H]1O[C@@H](n2cnc3c(N)ncnc32)[C@H](O)[C@@H]1O.NC1=CC(=O)OC1CC(=O)O>>COC(=O)CC1OC(=O)C=C1N.Nc1ncnc2c1ncn2[C@@H]1O[C@H](CSCC[C@H](N)C(=O)O)[C@@H](O)[C@H]1O
NC1=CC(=O)O/C1=C/C=O.OO>>NC1=CC(=O)OC1CC=O.O=O
NC1=CC(=O)OC1CC=O.O.O=O>>NC1=CC(=O)OC1CC(=O)O.OO
rule0011_48
rule0114_4
rule0145_6
No_Thermo
No_Thermo
No_Thermo

ranking 15
final score 6.303470522227352
Max reaction enthalpy score 0  x  2  =  0
Number of reactions score 1.0  x  4  =  4.0
By-product score 1.0  x  2  =  2.0
Pathway atom economy score 0.3034705222273519  x  1  =  0.3034705222273519
Salt score 0  x  0  =  0
Reaxys score 0  x  0  =  0
Cool score 0  x  0  =  0
atom economy 0.8424907703667242
pathway by-product 0
intermediate by-product {None: 0}
C[S+](CC[C@H](N)C(=O)O)C[C@H]1O[C@@H](n2cnc3c(N)ncnc32)[C@H](O)[C@@H]1O.NC1=CC(=O)OC1CC(=O)O>>COC(=O)CC1OC(=O)C=C1N.Nc1ncnc2c1ncn2[C@@H]1O[C@H](CSCC[C@H](N)C(=O)O)[C@@H](O)[C@H]1O
NC1=CC(=O)O/C1=C/C(=O)O.OO>>NC1=CC(=O)OC1CC(=O)O.O=O
NC1=CC(=O)O/C1=C/C=O.O.O=O>>NC1=CC(=O)O/C1=C/C(=O)O.OO
rule0011_48
rule0114_4
rule0145_6
No_Thermo
No_Thermo
No_Thermo

ranking 16
final score 6.303470522227352
Max reaction enthalpy score 0  x  2  =  0
Number of reactions score 1.0  x  4  =  4.0
By-product score 1.0  x  2  =  2.0
Pathway atom economy score 0.3034705222273519  x  1  =  0.3034705222273519
Salt score 0  x  0  =  0
Reaxys score 0  x  0  =  0
Cool score 0  x  0  =  0
atom economy 0.8424907703667242
pathway by-product 0
intermediate by-product {None: 0}
C[S+](CC[C@H](N)C(=O)O)C[C@H]1O[C@@H](n2cnc3c(N)ncnc32)[C@H](O)[C@@H]1O.NC1=CC(=O)OC1CC(=O)O>>COC(=O)CC1OC(=O)C=C1N.Nc1ncnc2c1ncn2[C@@H]1O[C@H](CSCC[C@H](N)C(=O)O)[C@@H](O)[C@H]1O
NC(=O)c1ccc[n+]([C@@H]2O[C@H](COP(=O)(O)OP(=O)(O)OC[C@H]3O[C@@H](n4cnc5c(N)ncnc54)[C@H](OP(=O)(O)O)[C@@H]3O)[C@@H](O)[C@H]2O)c1.NC1=CC(=O)OC1CC=O.O>>NC(=O)C1=CN([C@@H]2O[C@H](COP(=O)(O)OP(=O)(O)OC[C@H]3O[C@@H](n4cnc5c(N)ncnc54)[C@H](OP(=O)(O)O)[C@@H]3O)[C@@H](O)[C@H]2O)C=CC1.NC1=CC(=O)OC1CC(=O)O
NC1=CC(=O)O/C1=C/C=O.OO>>NC1=CC(=O)OC1CC=O.O=O
rule0011_48
rule0026_16
rule0114_4
No_Thermo
No_Thermo
No_Thermo

ranking 17
final score 6.303470522227352
Max reaction enthalpy score 0  x  2  =  0
Number of reactions score 1.0  x  4  =  4.0
By-product score 1.0  x  2  =  2.0
Pathway atom economy score 0.3034705222273519  x  1  =  0.3034705222273519
Salt score 0  x  0  =  0
Reaxys score 0  x  0  =  0
Cool score 0  x  0  =  0
atom economy 0.8424907703667242
pathway by-product 0
intermediate by-product {None: 0}
C[S+](CC[C@H](N)C(=O)O)C[C@H]1O[C@@H](n2cnc3c(N)ncnc32)[C@H](O)[C@@H]1O.NC1=CC(=O)OC1CC(=O)O>>COC(=O)CC1OC(=O)C=C1N.Nc1ncnc2c1ncn2[C@@H]1O[C@H](CSCC[C@H](N)C(=O)O)[C@@H](O)[C@H]1O
NC(=O)c1ccc[n+]([C@@H]2O[C@H](COP(=O)(O)OP(=O)(O)OC[C@H]3O[C@@H](n4cnc5c(N)ncnc54)[C@H](OP(=O)(O)O)[C@@H]3O)[C@@H](O)[C@H]2O)c1.NC1=CC(=O)O/C1=C/C=O.O>>NC(=O)C1=CN([C@@H]2O[C@H](COP(=O)(O)OP(=O)(O)OC[C@H]3O[C@@H](n4cnc5c(N)ncnc54)[C@H](OP(=O)(O)O)[C@@H]3O)[C@@H](O)[C@H]2O)C=CC1.NC1=CC(=O)O/C1=C/C(=O)O
NC1=CC(=O)O/C1=C/C(=O)O.OO>>NC1=CC(=O)OC1CC(=O)O.O=O
rule0011_48
rule0026_16
rule0114_4
No_Thermo
No_Thermo
No_Thermo

ranking 18
final score 6.303470522227352
Max reaction enthalpy score 0  x  2  =  0
Number of reactions score 1.0  x  4  =  4.0
By-product score 1.0  x  2  =  2.0
Pathway atom economy score 0.3034705222273519  x  1  =  0.3034705222273519
Salt score 0  x  0  =  0
Reaxys score 0  x  0  =  0
Cool score 0  x  0  =  0
atom economy 0.8424907703667242
pathway by-product 0
intermediate by-product {None: 0}
COC(=O)/C=C1/OC(=O)C=C1N.OO>>COC(=O)CC1OC(=O)C=C1N.O=O
C[S+](CC[C@H](N)C(=O)O)C[C@H]1O[C@@H](n2cnc3c(N)ncnc32)[C@H](O)[C@@H]1O.NC1=CC(=O)O/C1=C/C(=O)O>>COC(=O)/C=C1/OC(=O)C=C1N.Nc1ncnc2c1ncn2[C@@H]1O[C@H](CSCC[C@H](N)C(=O)O)[C@@H](O)[C@H]1O
NC1=CC(=O)O/C1=C/C=O.O.O=O>>NC1=CC(=O)O/C1=C/C(=O)O.OO
rule0114_4
rule0011_48
rule0145_6
No_Thermo
No_Thermo
No_Thermo

ranking 19
final score 6.303470522227352
Max reaction enthalpy score 0  x  2  =  0
Number of reactions score 1.0  x  4  =  4.0
By-product score 1.0  x  2  =  2.0
Pathway atom economy score 0.3034705222273519  x  1  =  0.3034705222273519
Salt score 0  x  0  =  0
Reaxys score 0  x  0  =  0
Cool score 0  x  0  =  0
atom economy 0.8424907703667242
pathway by-product 0
intermediate by-product {None: 0}
COC(=O)/C=C1/OC(=O)C=C1N.OO>>COC(=O)CC1OC(=O)C=C1N.O=O
C[S+](CC[C@H](N)C(=O)O)C[C@H]1O[C@@H](n2cnc3c(N)ncnc32)[C@H](O)[C@@H]1O.NC1=CC(=O)O/C1=C/C(=O)O>>COC(=O)/C=C1/OC(=O)C=C1N.Nc1ncnc2c1ncn2[C@@H]1O[C@H](CSCC[C@H](N)C(=O)O)[C@@H](O)[C@H]1O
NC(=O)c1ccc[n+]([C@@H]2O[C@H](COP(=O)(O)OP(=O)(O)OC[C@H]3O[C@@H](n4cnc5c(N)ncnc54)[C@H](OP(=O)(O)O)[C@@H]3O)[C@@H](O)[C@H]2O)c1.NC1=CC(=O)O/C1=C/C=O.O>>NC(=O)C1=CN([C@@H]2O[C@H](COP(=O)(O)OP(=O)(O)OC[C@H]3O[C@@H](n4cnc5c(N)ncnc54)[C@H](OP(=O)(O)O)[C@@H]3O)[C@@H](O)[C@H]2O)C=CC1.NC1=CC(=O)O/C1=C/C(=O)O
rule0114_4
rule0011_48
rule0026_16
No_Thermo
No_Thermo
No_Thermo

ranking 20
final score 6.0
Max reaction enthalpy score 0  x  2  =  0
Number of reactions score 1.0  x  4  =  4.0
By-product score 1.0  x  2  =  2.0
Pathway atom economy score 0.0  x  1  =  0.0
Salt score 0  x  0  =  0
Reaxys score 0  x  0  =  0
Cool score 0  x  0  =  0
atom economy 0.7738656659055456
pathway by-product 0
intermediate by-product {None: 0}
C[S+](CC[C@H](N)C(=O)O)C[C@H]1O[C@@H](n2cnc3c(N)ncnc32)[C@H](O)[C@@H]1O.NC1=CC(=O)OC1CC(=O)O>>COC(=O)CC1OC(=O)C=C1N.Nc1ncnc2c1ncn2[C@@H]1O[C@H](CSCC[C@H](N)C(=O)O)[C@@H](O)[C@H]1O
NC(=O)C1=CN([C@@H]2O[C@H](COP(=O)(O)OP(=O)(O)OC[C@H]3O[C@@H](n4cnc5c(N)ncnc54)[C@H](OP(=O)(O)O)[C@@H]3O)[C@@H](O)[C@H]2O)C=CC1.NC1=CC(=O)OC1CC=O.O=O>>NC(=O)c1ccc[n+]([C@@H]2O[C@H](COP(=O)(O)OP(=O)(O)OC[C@H]3O[C@@H](n4cnc5c(N)ncnc54)[C@H](OP(=O)(O)O)[C@@H]3O)[C@@H](O)[C@H]2O)c1.NC1=CC(=O)OC1CC(=O)O.O
NC1=CC(=O)O/C1=C/C=O.OO>>NC1=CC(=O)OC1CC=O.O=O
rule0011_48
rule0004_13
rule0114_4
No_Thermo
No_Thermo
No_Thermo

ranking 21
final score 6.0
Max reaction enthalpy score 0  x  2  =  0
Number of reactions score 1.0  x  4  =  4.0
By-product score 1.0  x  2  =  2.0
Pathway atom economy score 0.0  x  1  =  0.0
Salt score 0  x  0  =  0
Reaxys score 0  x  0  =  0
Cool score 0  x  0  =  0
atom economy 0.7738656659055456
pathway by-product 0
intermediate by-product {None: 0}
C[S+](CC[C@H](N)C(=O)O)C[C@H]1O[C@@H](n2cnc3c(N)ncnc32)[C@H](O)[C@@H]1O.NC1=CC(=O)OC1CC(=O)O>>COC(=O)CC1OC(=O)C=C1N.Nc1ncnc2c1ncn2[C@@H]1O[C@H](CSCC[C@H](N)C(=O)O)[C@@H](O)[C@H]1O
NC(=O)C1=CN([C@@H]2O[C@H](COP(=O)(O)OP(=O)(O)OC[C@H]3O[C@@H](n4cnc5c(N)ncnc54)[C@H](OP(=O)(O)O)[C@@H]3O)[C@@H](O)[C@H]2O)C=CC1.NC1=CC(=O)O/C1=C/C=O.O=O>>NC(=O)c1ccc[n+]([C@@H]2O[C@H](COP(=O)(O)OP(=O)(O)OC[C@H]3O[C@@H](n4cnc5c(N)ncnc54)[C@H](OP(=O)(O)O)[C@@H]3O)[C@@H](O)[C@H]2O)c1.NC1=CC(=O)O/C1=C/C(=O)O.O
NC1=CC(=O)O/C1=C/C(=O)O.OO>>NC1=CC(=O)OC1CC(=O)O.O=O
rule0011_48
rule0004_13
rule0114_4
No_Thermo
No_Thermo
No_Thermo

ranking 22
final score 6.0
Max reaction enthalpy score 0  x  2  =  0
Number of reactions score 1.0  x  4  =  4.0
By-product score 1.0  x  2  =  2.0
Pathway atom economy score 0.0  x  1  =  0.0
Salt score 0  x  0  =  0
Reaxys score 0  x  0  =  0
Cool score 0  x  0  =  0
atom economy 0.7738656659055456
pathway by-product 0
intermediate by-product {None: 0}
COC(=O)/C=C1/OC(=O)C=C1N.OO>>COC(=O)CC1OC(=O)C=C1N.O=O
C[S+](CC[C@H](N)C(=O)O)C[C@H]1O[C@@H](n2cnc3c(N)ncnc32)[C@H](O)[C@@H]1O.NC1=CC(=O)O/C1=C/C(=O)O>>COC(=O)/C=C1/OC(=O)C=C1N.Nc1ncnc2c1ncn2[C@@H]1O[C@H](CSCC[C@H](N)C(=O)O)[C@@H](O)[C@H]1O
NC(=O)C1=CN([C@@H]2O[C@H](COP(=O)(O)OP(=O)(O)OC[C@H]3O[C@@H](n4cnc5c(N)ncnc54)[C@H](OP(=O)(O)O)[C@@H]3O)[C@@H](O)[C@H]2O)C=CC1.NC1=CC(=O)O/C1=C/C=O.O=O>>NC(=O)c1ccc[n+]([C@@H]2O[C@H](COP(=O)(O)OP(=O)(O)OC[C@H]3O[C@@H](n4cnc5c(N)ncnc54)[C@H](OP(=O)(O)O)[C@@H]3O)[C@@H](O)[C@H]2O)c1.NC1=CC(=O)O/C1=C/C(=O)O.O
rule0114_4
rule0011_48
rule0004_13
No_Thermo
No_Thermo
No_Thermo

ranking 23
final score 6.0
Max reaction enthalpy score 0  x  2  =  0
Number of reactions score 1.0  x  4  =  4.0
By-product score 1.0  x  2  =  2.0
Pathway atom economy score 0.0  x  1  =  0.0
Salt score 0  x  0  =  0
Reaxys score 0  x  0  =  0
Cool score 0  x  0  =  0
atom economy 0.7738656659055456
pathway by-product 0
intermediate by-product {None: 0}
CC(=O)CC1OC(=O)C=C1N.NC(=O)C1=CN([C@@H]2O[C@H](COP(=O)(O)OP(=O)(O)OC[C@H]3O[C@@H](n4cnc5c(N)ncnc54)[C@H](OP(=O)(O)O)[C@@H]3O)[C@@H](O)[C@H]2O)C=CC1.O=O>>COC(=O)CC1OC(=O)C=C1N.NC(=O)c1ccc[n+]([C@@H]2O[C@H](COP(=O)(O)OP(=O)(O)OC[C@H]3O[C@@H](n4cnc5c(N)ncnc54)[C@H](OP(=O)(O)O)[C@@H]3O)[C@@H](O)[C@H]2O)c1.O
C[S+](CC[C@H](N)C(=O)O)C[C@H]1O[C@@H](n2cnc3c(N)ncnc32)[C@H](O)[C@@H]1O.NC1=CC(=O)OC1CC=O>>CC(=O)CC1OC(=O)C=C1N.Nc1ncnc2c1ncn2[C@@H]1O[C@H](CSCC[C@H](N)C(=O)O)[C@@H](O)[C@H]1O
NC1=CC(=O)O/C1=C/C=O.OO>>NC1=CC(=O)OC1CC=O.O=O
rule0083_11
rule0043_12
rule0114_4
No_Thermo
No_Thermo
No_Thermo

ranking 24
final score 6.0
Max reaction enthalpy score 0  x  2  =  0
Number of reactions score 1.0  x  4  =  4.0
By-product score 1.0  x  2  =  2.0
Pathway atom economy score 0.0  x  1  =  0.0
Salt score 0  x  0  =  0
Reaxys score 0  x  0  =  0
Cool score 0  x  0  =  0
atom economy 0.7738656659055456
pathway by-product 0
intermediate by-product {None: 0}
CC(=O)/C=C1/OC(=O)C=C1N.OO>>CC(=O)CC1OC(=O)C=C1N.O=O
CC(=O)CC1OC(=O)C=C1N.NC(=O)C1=CN([C@@H]2O[C@H](COP(=O)(O)OP(=O)(O)OC[C@H]3O[C@@H](n4cnc5c(N)ncnc54)[C@H](OP(=O)(O)O)[C@@H]3O)[C@@H](O)[C@H]2O)C=CC1.O=O>>COC(=O)CC1OC(=O)C=C1N.NC(=O)c1ccc[n+]([C@@H]2O[C@H](COP(=O)(O)OP(=O)(O)OC[C@H]3O[C@@H](n4cnc5c(N)ncnc54)[C@H](OP(=O)(O)O)[C@@H]3O)[C@@H](O)[C@H]2O)c1.O
C[S+](CC[C@H](N)C(=O)O)C[C@H]1O[C@@H](n2cnc3c(N)ncnc32)[C@H](O)[C@@H]1O.NC1=CC(=O)O/C1=C/C=O>>CC(=O)/C=C1/OC(=O)C=C1N.Nc1ncnc2c1ncn2[C@@H]1O[C@H](CSCC[C@H](N)C(=O)O)[C@@H](O)[C@H]1O
rule0114_4
rule0083_11
rule0043_12
No_Thermo
No_Thermo
No_Thermo

ranking 25
final score 6.0
Max reaction enthalpy score 0  x  2  =  0
Number of reactions score 1.0  x  4  =  4.0
By-product score 1.0  x  2  =  2.0
Pathway atom economy score 0.0  x  1  =  0.0
Salt score 0  x  0  =  0
Reaxys score 0  x  0  =  0
Cool score 0  x  0  =  0
atom economy 0.7738656659055456
pathway by-product 0
intermediate by-product {None: 0}
CC(=O)/C=C1/OC(=O)C=C1N.NC(=O)C1=CN([C@@H]2O[C@H](COP(=O)(O)OP(=O)(O)OC[C@H]3O[C@@H](n4cnc5c(N)ncnc54)[C@H](OP(=O)(O)O)[C@@H]3O)[C@@H](O)[C@H]2O)C=CC1.O=O>>COC(=O)/C=C1/OC(=O)C=C1N.NC(=O)c1ccc[n+]([C@@H]2O[C@H](COP(=O)(O)OP(=O)(O)OC[C@H]3O[C@@H](n4cnc5c(N)ncnc54)[C@H](OP(=O)(O)O)[C@@H]3O)[C@@H](O)[C@H]2O)c1.O
COC(=O)/C=C1/OC(=O)C=C1N.OO>>COC(=O)CC1OC(=O)C=C1N.O=O
C[S+](CC[C@H](N)C(=O)O)C[C@H]1O[C@@H](n2cnc3c(N)ncnc32)[C@H](O)[C@@H]1O.NC1=CC(=O)O/C1=C/C=O>>CC(=O)/C=C1/OC(=O)C=C1N.Nc1ncnc2c1ncn2[C@@H]1O[C@H](CSCC[C@H](N)C(=O)O)[C@@H](O)[C@H]1O
rule0083_11
rule0114_4
rule0043_12
No_Thermo
No_Thermo
No_Thermo

Time used for pathway ranking: 0.06 minutes

Job name: Bacillus_anthracis_High_pPotency_molecule_pathway5
Job type: pathway visualization
Job started on: 2026-03-12 02:13:25.590751
pygraphviz is NOT installed.
A custom node layout will be used for pathway visualization
Number of pathways:  25
Number of reactions in reaxys:  0
Working on creating pages
You can adjust multi-processing number to speed up PDF generation
page done: 1
page done: 2
page done: 3
page done: 4
page done: 5
page done: 6
page done: 7
page done: 8
page done: 9
page done: 10
page done: 11
page done: 12
page done: 13
page done: 14
page done: 15
page done: 16
page done: 17
page done: 18
page done: 19
page done: 20
page done: 21
page done: 22
page done: 23
page done: 24
page done: 25
Finished with pages, writing to pdf
Time used for pathway visualization: 0.22 minutes

A custom node layout was used for pathway visualization
For a better layout, please install pygraphviz and Graphviz with the following command:
conda install conda-forge::pygraphviz
which should install both packages together

[DONE]  Bacillus_anthracis_High_pPotency_molecule_pathway5  genMols=4152  pathwayTargets=4141  time=56128.76s
[START] Bacillus_anthracis_High_pPotency_molecule_pathway14  target=NCC=C(N)C(=O)CC=O
Job name: Bacillus_anthracis_High_pPotency_molecule_pathway7
Job type: enzymatic network expansion forward
Ruleset: JN3604IMT (JN3604IMT_rules.tsv)
Job started on: 2026-03-11 10:38:11.803069
Checking for targets
Target found for NC(=CC=O)C(C=O)=C(N)C(=O)CC=O
Number of generations: 3
Number of operators loaded: 3571
Number of molecules before expantion (including cofactors): 42
Number of molecules after expantion (including cofactors): 4151
Number of reactions: 8308
Time used for network generation: 1037.98 minutes

Job name: Bacillus_anthracis_High_pPotency_molecule_pathway7
Job type: post-processing pretreat networks
Job started on: 2026-03-12 03:56:16.935418
Loading networks, it may take a while if loading large networks from file
Loading network 1 from memory
Number of reations in network 1: 8308
Networks loaded, now generating reaction strings
Reaction strings generation finished
Removing unconnected reactions
Unconnected reactions removed
Total number of reactions after pretreatment: 8256
Time used for network pretreatment: 0.01 minutes

Job name: Bacillus_anthracis_High_pPotency_molecule_pathway7
Job type: pathway search
Job started on: 2026-03-12 03:56:17.504870
Pathway finder started, total number of reactions in network 8256
Searching for pathways.
If it is taking too long, try adjusting pruning parameters
Pathway search finished, removing loops if there's any.
Time used for pathway search: 0.04 minutes
10 pathways found!
13 reactions found in all pathways
Min number of reactions in a pathway: 2
Max number of reactions in a pathway: 3
Pruning parameters for this search:
search_depth: 3
max_num_rxns: 3
min_rxn_atom_economy: 0.3

Job name: Bacillus_anthracis_High_pPotency_molecule_pathway7
Job type: pathway ranking
Job started on: 2026-03-12 03:56:19.896864
Start ranking pathways. Number of pathways after sanitization: 10
Reaction thermodynamics ranking working
Reaction thermodynamics ranking finished
Atom economy ranking working
Min_eco 0.545798859844453
Max_eco 1.0
None_eco 0
Atom_economy ranking finished
Number of steps ranking working
Number of steps ranking finished
By product_number ranking working
You can adjust multi-processing number to speed it up
By product_number ranking finished
min score 2.0
max score 7.0

Pathway ranking finished. Pathway scores:

ranking 1
final score 7.0
Max reaction enthalpy score 0  x  2  =  0
Number of reactions score 1.0  x  4  =  4.0
By-product score 1.0  x  2  =  2.0
Pathway atom economy score 1.0  x  1  =  1.0
Salt score 0  x  0  =  0
Reaxys score 0  x  0  =  0
Cool score 0  x  0  =  0
atom economy 1.0
pathway by-product 0
intermediate by-product {None: 0}
CC(=O)/C=C1/OC(=O)C=C1N.C[S+](CC[C@H](N)C(=O)O)C[C@H]1O[C@@H](n2cnc3c(N)ncnc32)[C@H](O)[C@@H]1O>>CCC(=O)/C=C1/OC(=O)C=C1N.Nc1ncnc2c1ncn2[C@@H]1O[C@H](CSCC[C@H](N)C(=O)O)[C@@H](O)[C@H]1O
C[S+](CC[C@H](N)C(=O)O)C[C@H]1O[C@@H](n2cnc3c(N)ncnc32)[C@H](O)[C@@H]1O.NC1=CC(=O)O/C1=C/C=O>>CC(=O)/C=C1/OC(=O)C=C1N.Nc1ncnc2c1ncn2[C@@H]1O[C@H](CSCC[C@H](N)C(=O)O)[C@@H](O)[C@H]1O
rule0043_12
rule0043_12
No_Thermo
No_Thermo

ranking 2
final score 6.0
Max reaction enthalpy score 0  x  2  =  0
Number of reactions score 1.0  x  4  =  4.0
By-product score 1.0  x  2  =  2.0
Pathway atom economy score 0.0  x  1  =  0.0
Salt score 0  x  0  =  0
Reaxys score 0  x  0  =  0
Cool score 0  x  0  =  0
atom economy 0.545798859844453
pathway by-product 0
intermediate by-product {None: 0}
CC(=O)/C=C1/OC(=O)C=C1N.CC(=O)/C=C1/OC(=O)C=C1N>>CCC(=O)/C=C1/OC(=O)C=C1N.NC1=CC(=O)O/C1=C/C=O
C[S+](CC[C@H](N)C(=O)O)C[C@H]1O[C@@H](n2cnc3c(N)ncnc32)[C@H](O)[C@@H]1O.NC1=CC(=O)O/C1=C/C=O>>CC(=O)/C=C1/OC(=O)C=C1N.Nc1ncnc2c1ncn2[C@@H]1O[C@H](CSCC[C@H](N)C(=O)O)[C@@H](O)[C@H]1O
rule0126_2
rule0043_12
No_Thermo
No_Thermo

ranking 3
final score 3.0
Max reaction enthalpy score 0  x  2  =  0
Number of reactions score 0.0  x  4  =  0.0
By-product score 1.0  x  2  =  2.0
Pathway atom economy score 1.0  x  1  =  1.0
Salt score 0  x  0  =  0
Reaxys score 0  x  0  =  0
Cool score 0  x  0  =  0
atom economy 1.0
pathway by-product 0
intermediate by-product {None: 0}
CC(=O)/C(C)=C1/OC(=O)C=C1N>>CCC(=O)/C=C1/OC(=O)C=C1N
CC(=O)/C=C1/OC(=O)C=C1N.C[S+](CC[C@H](N)C(=O)O)C[C@H]1O[C@@H](n2cnc3c(N)ncnc32)[C@H](O)[C@@H]1O>>CC(=O)/C(C)=C1/OC(=O)C=C1N.Nc1ncnc2c1ncn2[C@@H]1O[C@H](CSCC[C@H](N)C(=O)O)[C@@H](O)[C@H]1O
C[S+](CC[C@H](N)C(=O)O)C[C@H]1O[C@@H](n2cnc3c(N)ncnc32)[C@H](O)[C@@H]1O.NC1=CC(=O)O/C1=C/C=O>>CC(=O)/C=C1/OC(=O)C=C1N.Nc1ncnc2c1ncn2[C@@H]1O[C@H](CSCC[C@H](N)C(=O)O)[C@@H](O)[C@H]1O
rule0028_51
rule0043_12
rule0043_12
No_Thermo
No_Thermo
No_Thermo

ranking 4
final score 3.0
Max reaction enthalpy score 0  x  2  =  0
Number of reactions score 0.0  x  4  =  0.0
By-product score 1.0  x  2  =  2.0
Pathway atom economy score 1.0  x  1  =  1.0
Salt score 0  x  0  =  0
Reaxys score 0  x  0  =  0
Cool score 0  x  0  =  0
atom economy 1.0
pathway by-product 0
intermediate by-product {None: 0}
C/C(C=O)=C1\OC(=O)C=C1N>>CC(=O)/C=C1/OC(=O)C=C1N
CC(=O)/C=C1/OC(=O)C=C1N.C[S+](CC[C@H](N)C(=O)O)C[C@H]1O[C@@H](n2cnc3c(N)ncnc32)[C@H](O)[C@@H]1O>>CCC(=O)/C=C1/OC(=O)C=C1N.Nc1ncnc2c1ncn2[C@@H]1O[C@H](CSCC[C@H](N)C(=O)O)[C@@H](O)[C@H]1O
C[S+](CC[C@H](N)C(=O)O)C[C@H]1O[C@@H](n2cnc3c(N)ncnc32)[C@H](O)[C@@H]1O.NC1=CC(=O)O/C1=C/C=O>>C/C(C=O)=C1\OC(=O)C=C1N.Nc1ncnc2c1ncn2[C@@H]1O[C@H](CSCC[C@H](N)C(=O)O)[C@@H](O)[C@H]1O
rule0028_51
rule0043_12
rule0043_12
No_Thermo
No_Thermo
No_Thermo

ranking 5
final score 3.0
Max reaction enthalpy score 0  x  2  =  0
Number of reactions score 0.0  x  4  =  0.0
By-product score 1.0  x  2  =  2.0
Pathway atom economy score 1.0  x  1  =  1.0
Salt score 0  x  0  =  0
Reaxys score 0  x  0  =  0
Cool score 0  x  0  =  0
atom economy 1.0
pathway by-product 0
intermediate by-product {None: 0}
C/C(C=O)=C1\OC(=O)C=C1N.C[S+](CC[C@H](N)C(=O)O)C[C@H]1O[C@@H](n2cnc3c(N)ncnc32)[C@H](O)[C@@H]1O>>CC/C(C=O)=C1\OC(=O)C=C1N.Nc1ncnc2c1ncn2[C@@H]1O[C@H](CSCC[C@H](N)C(=O)O)[C@@H](O)[C@H]1O
CC/C(C=O)=C1\OC(=O)C=C1N>>CCC(=O)/C=C1/OC(=O)C=C1N
C[S+](CC[C@H](N)C(=O)O)C[C@H]1O[C@@H](n2cnc3c(N)ncnc32)[C@H](O)[C@@H]1O.NC1=CC(=O)O/C1=C/C=O>>C/C(C=O)=C1\OC(=O)C=C1N.Nc1ncnc2c1ncn2[C@@H]1O[C@H](CSCC[C@H](N)C(=O)O)[C@@H](O)[C@H]1O
rule0043_12
rule0028_51
rule0043_12
No_Thermo
No_Thermo
No_Thermo

ranking 6
final score 3.0
Max reaction enthalpy score 0  x  2  =  0
Number of reactions score 0.0  x  4  =  0.0
By-product score 1.0  x  2  =  2.0
Pathway atom economy score 1.0  x  1  =  1.0
Salt score 0  x  0  =  0
Reaxys score 0  x  0  =  0
Cool score 0  x  0  =  0
atom economy 1.0
pathway by-product 0
intermediate by-product {None: 0}
C/C(C=O)=C1\OC(=O)C=C1N.C[S+](CC[C@H](N)C(=O)O)C[C@H]1O[C@@H](n2cnc3c(N)ncnc32)[C@H](O)[C@@H]1O>>CC(=O)/C(C)=C1/OC(=O)C=C1N.Nc1ncnc2c1ncn2[C@@H]1O[C@H](CSCC[C@H](N)C(=O)O)[C@@H](O)[C@H]1O
CC(=O)/C(C)=C1/OC(=O)C=C1N>>CCC(=O)/C=C1/OC(=O)C=C1N
C[S+](CC[C@H](N)C(=O)O)C[C@H]1O[C@@H](n2cnc3c(N)ncnc32)[C@H](O)[C@@H]1O.NC1=CC(=O)O/C1=C/C=O>>C/C(C=O)=C1\OC(=O)C=C1N.Nc1ncnc2c1ncn2[C@@H]1O[C@H](CSCC[C@H](N)C(=O)O)[C@@H](O)[C@H]1O
rule0043_12
rule0028_51
rule0043_12
No_Thermo
No_Thermo
No_Thermo

ranking 7
final score 2.0
Max reaction enthalpy score 0  x  2  =  0
Number of reactions score 0.0  x  4  =  0.0
By-product score 1.0  x  2  =  2.0
Pathway atom economy score 0.0  x  1  =  0.0
Salt score 0  x  0  =  0
Reaxys score 0  x  0  =  0
Cool score 0  x  0  =  0
atom economy 0.545798859844453
pathway by-product 0
intermediate by-product {None: 0}
CC(=O)/C(C)=C1/OC(=O)C=C1N>>CCC(=O)/C=C1/OC(=O)C=C1N
CC(=O)/C=C1/OC(=O)C=C1N.CC(=O)/C=C1/OC(=O)C=C1N>>CC(=O)/C(C)=C1/OC(=O)C=C1N.NC1=CC(=O)O/C1=C/C=O
C[S+](CC[C@H](N)C(=O)O)C[C@H]1O[C@@H](n2cnc3c(N)ncnc32)[C@H](O)[C@@H]1O.NC1=CC(=O)O/C1=C/C=O>>CC(=O)/C=C1/OC(=O)C=C1N.Nc1ncnc2c1ncn2[C@@H]1O[C@H](CSCC[C@H](N)C(=O)O)[C@@H](O)[C@H]1O
rule0028_51
rule0126_2
rule0043_12
No_Thermo
No_Thermo
No_Thermo

ranking 8
final score 2.0
Max reaction enthalpy score 0  x  2  =  0
Number of reactions score 0.0  x  4  =  0.0
By-product score 1.0  x  2  =  2.0
Pathway atom economy score 0.0  x  1  =  0.0
Salt score 0  x  0  =  0
Reaxys score 0  x  0  =  0
Cool score 0  x  0  =  0
atom economy 0.545798859844453
pathway by-product 0
intermediate by-product {None: 0}
C/C(C=O)=C1\OC(=O)C=C1N>>CC(=O)/C=C1/OC(=O)C=C1N
CC(=O)/C=C1/OC(=O)C=C1N.CC(=O)/C=C1/OC(=O)C=C1N>>CCC(=O)/C=C1/OC(=O)C=C1N.NC1=CC(=O)O/C1=C/C=O
C[S+](CC[C@H](N)C(=O)O)C[C@H]1O[C@@H](n2cnc3c(N)ncnc32)[C@H](O)[C@@H]1O.NC1=CC(=O)O/C1=C/C=O>>C/C(C=O)=C1\OC(=O)C=C1N.Nc1ncnc2c1ncn2[C@@H]1O[C@H](CSCC[C@H](N)C(=O)O)[C@@H](O)[C@H]1O
rule0028_51
rule0126_2
rule0043_12
No_Thermo
No_Thermo
No_Thermo

ranking 9
final score 2.0
Max reaction enthalpy score 0  x  2  =  0
Number of reactions score 0.0  x  4  =  0.0
By-product score 1.0  x  2  =  2.0
Pathway atom economy score 0.0  x  1  =  0.0
Salt score 0  x  0  =  0
Reaxys score 0  x  0  =  0
Cool score 0  x  0  =  0
atom economy 0.545798859844453
pathway by-product 0
intermediate by-product {None: 0}
C/C(C=O)=C1\OC(=O)C=C1N.C/C(C=O)=C1\OC(=O)C=C1N>>CC/C(C=O)=C1\OC(=O)C=C1N.NC1=CC(=O)O/C1=C/C=O
CC/C(C=O)=C1\OC(=O)C=C1N>>CCC(=O)/C=C1/OC(=O)C=C1N
C[S+](CC[C@H](N)C(=O)O)C[C@H]1O[C@@H](n2cnc3c(N)ncnc32)[C@H](O)[C@@H]1O.NC1=CC(=O)O/C1=C/C=O>>C/C(C=O)=C1\OC(=O)C=C1N.Nc1ncnc2c1ncn2[C@@H]1O[C@H](CSCC[C@H](N)C(=O)O)[C@@H](O)[C@H]1O
rule0126_2
rule0028_51
rule0043_12
No_Thermo
No_Thermo
No_Thermo

ranking 10
final score 2.0
Max reaction enthalpy score 0  x  2  =  0
Number of reactions score 0.0  x  4  =  0.0
By-product score 1.0  x  2  =  2.0
Pathway atom economy score 0.0  x  1  =  0.0
Salt score 0  x  0  =  0
Reaxys score 0  x  0  =  0
Cool score 0  x  0  =  0
atom economy 0.545798859844453
pathway by-product 0
intermediate by-product {None: 0}
C/C(C=O)=C1\OC(=O)C=C1N.C/C(C=O)=C1\OC(=O)C=C1N>>CC(=O)/C(C)=C1/OC(=O)C=C1N.NC1=CC(=O)O/C1=C/C=O
CC(=O)/C(C)=C1/OC(=O)C=C1N>>CCC(=O)/C=C1/OC(=O)C=C1N
C[S+](CC[C@H](N)C(=O)O)C[C@H]1O[C@@H](n2cnc3c(N)ncnc32)[C@H](O)[C@@H]1O.NC1=CC(=O)O/C1=C/C=O>>C/C(C=O)=C1\OC(=O)C=C1N.Nc1ncnc2c1ncn2[C@@H]1O[C@H](CSCC[C@H](N)C(=O)O)[C@@H](O)[C@H]1O
rule0126_2
rule0028_51
rule0043_12
No_Thermo
No_Thermo
No_Thermo

Time used for pathway ranking: 0.06 minutes

Job name: Bacillus_anthracis_High_pPotency_molecule_pathway7
Job type: pathway visualization
Job started on: 2026-03-12 03:56:23.701396
pygraphviz is NOT installed.
A custom node layout will be used for pathway visualization
Number of pathways:  10
Number of reactions in reaxys:  0
Working on creating pages
You can adjust multi-processing number to speed up PDF generation
page done: 1
page done: 2
page done: 3
page done: 4
page done: 5
page done: 6
page done: 7
page done: 8
page done: 9
page done: 10
Finished with pages, writing to pdf
Time used for pathway visualization: 0.11 minutes

A custom node layout was used for pathway visualization
For a better layout, please install pygraphviz and Graphviz with the following command:
conda install conda-forge::pygraphviz
which should install both packages together

[DONE]  Bacillus_anthracis_High_pPotency_molecule_pathway7  genMols=4152  pathwayTargets=4141  time=62300.23s
[START] Bacillus_anthracis_High_pPotency_molecule_pathway15  target=NCC(=O)C=C1OC(=O)C=C1N
Job name: Bacillus_anthracis_High_pPotency_molecule_pathway3
Job type: enzymatic network expansion forward
Ruleset: JN3604IMT (JN3604IMT_rules.tsv)
Job started on: 2026-03-11 10:38:11.800761
Checking for targets
Target found for NC(=CC=O)C(=O)C(C=O)C=O
Number of generations: 3
Number of operators loaded: 3571
Number of molecules before expantion (including cofactors): 42
Number of molecules after expantion (including cofactors): 4151
Number of reactions: 8308
Time used for network generation: 1097.87 minutes

Job name: Bacillus_anthracis_High_pPotency_molecule_pathway3
Job type: post-processing pretreat networks
Job started on: 2026-03-12 04:56:10.434864
Loading networks, it may take a while if loading large networks from file
Loading network 1 from memory
Number of reations in network 1: 8308
Networks loaded, now generating reaction strings
Reaction strings generation finished
Removing unconnected reactions
Unconnected reactions removed
Total number of reactions after pretreatment: 8256
Time used for network pretreatment: 0.01 minutes

Job name: Bacillus_anthracis_High_pPotency_molecule_pathway3
Job type: pathway search
Job started on: 2026-03-12 04:56:11.011826
Pathway finder started, total number of reactions in network 8256
Searching for pathways.
If it is taking too long, try adjusting pruning parameters
Pathway search finished, removing loops if there's any.
Time used for pathway search: 0.04 minutes
1 pathways found!
3 reactions found in all pathways
Min number of reactions in a pathway: 3
Max number of reactions in a pathway: 3
Pruning parameters for this search:
search_depth: 3
max_num_rxns: 3
min_rxn_atom_economy: 0.3

Job name: Bacillus_anthracis_High_pPotency_molecule_pathway3
Job type: pathway ranking
Job started on: 2026-03-12 04:56:13.385787
Start ranking pathways. Number of pathways after sanitization: 1
Reaction thermodynamics ranking working
Reaction thermodynamics ranking finished
Atom economy ranking working
Min_eco 0.5896945709326826
Max_eco 0.5896945709326826
None_eco 0
Atom_economy ranking finished
Number of steps ranking working
Number of steps ranking finished
By product_number ranking working
You can adjust multi-processing number to speed it up
By product_number ranking finished
min score 6.0
max score 6.0

Pathway ranking finished. Pathway scores:

ranking 1
final score 6.0
Max reaction enthalpy score 0  x  2  =  0
Number of reactions score 1.0  x  4  =  4.0
By-product score 1.0  x  2  =  2.0
Pathway atom economy score 0.0  x  1  =  0.0
Salt score 0  x  0  =  0
Reaxys score 0  x  0  =  0
Cool score 0  x  0  =  0
atom economy 0.5896945709326826
pathway by-product 0
intermediate by-product {None: 0}
N.NC1=CC(=O)O/C1=C/C=O>>NC1=CC(=O)OC1(N)CC=O
NC1=C(CC=O)C(=O)OC1N.NC1=C(CC=O)C(=O)OC1N>>CC1=C(N)C(N)OC1=O.NC1=C(CC=O)C(=O)OC1(N)C=O
NC1=CC(=O)OC1(N)CC=O>>NC1=C(CC=O)C(=O)OC1N
rule0257_1
rule0126_2
rule0028_51
No_Thermo
No_Thermo
No_Thermo

Time used for pathway ranking: 0.06 minutes

Job name: Bacillus_anthracis_High_pPotency_molecule_pathway3
Job type: pathway visualization
Job started on: 2026-03-12 04:56:17.120139
pygraphviz is NOT installed.
A custom node layout will be used for pathway visualization
Number of pathways:  1
Number of reactions in reaxys:  0
Working on creating pages
You can adjust multi-processing number to speed up PDF generation
page done: 1
Finished with pages, writing to pdf
Time used for pathway visualization: 0.04 minutes

A custom node layout was used for pathway visualization
For a better layout, please install pygraphviz and Graphviz with the following command:
conda install conda-forge::pygraphviz
which should install both packages together

[DONE]  Bacillus_anthracis_High_pPotency_molecule_pathway3  genMols=4152  pathwayTargets=4141  time=65889.54s
[START] Bacillus_anthracis_High_pPotency_molecule_pathway16  target=NCC(=O)/C=C1/OC(=O)C=C1N
Job name: Bacillus_anthracis_High_pPotency_molecule_pathway14
Job type: enzymatic network expansion forward
Ruleset: JN3604IMT (JN3604IMT_rules.tsv)
Job started on: 2026-03-12 02:13:39.780024
Checking for targets
Target found for NCC=C(N)C(=O)CC=O
Number of generations: 3
Number of operators loaded: 3571
Number of molecules before expantion (including cofactors): 42
Number of molecules after expantion (including cofactors): 4151
Number of reactions: 8308
Time used for network generation: 912.30 minutes

Job name: Bacillus_anthracis_High_pPotency_molecule_pathway14
Job type: post-processing pretreat networks
Job started on: 2026-03-12 17:26:00.826062
Loading networks, it may take a while if loading large networks from file
Loading network 1 from memory
Number of reations in network 1: 8308
Networks loaded, now generating reaction strings
Reaction strings generation finished
Removing unconnected reactions
Unconnected reactions removed
Total number of reactions after pretreatment: 8256
Time used for network pretreatment: 0.00 minutes

Job name: Bacillus_anthracis_High_pPotency_molecule_pathway14
Job type: pathway search
Job started on: 2026-03-12 17:26:01.044390
Pathway finder started, total number of reactions in network 8256
Searching for pathways.
If it is taking too long, try adjusting pruning parameters
Pathway search finished, removing loops if there's any.
Time used for pathway search: 0.02 minutes
25 pathways found!
20 reactions found in all pathways
Min number of reactions in a pathway: 3
Max number of reactions in a pathway: 3
Pruning parameters for this search:
search_depth: 3
max_num_rxns: 3
min_rxn_atom_economy: 0.3

Job name: Bacillus_anthracis_High_pPotency_molecule_pathway14
Job type: pathway ranking
Job started on: 2026-03-12 17:26:02.020445
Start ranking pathways. Number of pathways after sanitization: 25
Reaction thermodynamics ranking working
Reaction thermodynamics ranking finished
Atom economy ranking working
Min_eco 0.7738656659055456
Max_eco 1.0
None_eco 0
Atom_economy ranking finished
Number of steps ranking working
Number of steps ranking finished
By product_number ranking working
You can adjust multi-processing number to speed it up
By product_number ranking finished
min score 6.0
max score 7.0

Pathway ranking finished. Pathway scores:

ranking 1
final score 7.0
Max reaction enthalpy score 0  x  2  =  0
Number of reactions score 1.0  x  4  =  4.0
By-product score 1.0  x  2  =  2.0
Pathway atom economy score 1.0  x  1  =  1.0
Salt score 0  x  0  =  0
Reaxys score 0  x  0  =  0
Cool score 0  x  0  =  0
atom economy 1.0
pathway by-product 0
intermediate by-product {None: 0}
C[S+](CC[C@H](N)C(=O)O)C[C@H]1O[C@@H](n2cnc3c(N)ncnc32)[C@H](O)[C@@H]1O.NC1=CC(=O)OC1CC(=O)O>>COC(=O)CC1OC(=O)C=C1N.Nc1ncnc2c1ncn2[C@@H]1O[C@H](CSCC[C@H](N)C(=O)O)[C@@H](O)[C@H]1O
NC(=O)C1=CN([C@@H]2O[C@H](COP(=O)(O)OP(=O)(O)OC[C@H]3O[C@@H](n4cnc5c(N)ncnc54)[C@H](OP(=O)(O)O)[C@@H]3O)[C@@H](O)[C@H]2O)C=CC1.NC1=CC(=O)O/C1=C/C=O>>NC(=O)c1ccc[n+]([C@@H]2O[C@H](COP(=O)(O)OP(=O)(O)OC[C@H]3O[C@@H](n4cnc5c(N)ncnc54)[C@H](OP(=O)(O)O)[C@@H]3O)[C@@H](O)[C@H]2O)c1.NC1=CC(=O)OC1CC=O
NC1=CC(=O)OC1CC=O.O.O=O>>NC1=CC(=O)OC1CC(=O)O.OO
rule0011_48
rule0027_65
rule0145_6
No_Thermo
No_Thermo
No_Thermo

ranking 2
final score 7.0
Max reaction enthalpy score 0  x  2  =  0
Number of reactions score 1.0  x  4  =  4.0
By-product score 1.0  x  2  =  2.0
Pathway atom economy score 1.0  x  1  =  1.0
Salt score 0  x  0  =  0
Reaxys score 0  x  0  =  0
Cool score 0  x  0  =  0
atom economy 1.0
pathway by-product 0
intermediate by-product {None: 0}
C[S+](CC[C@H](N)C(=O)O)C[C@H]1O[C@@H](n2cnc3c(N)ncnc32)[C@H](O)[C@@H]1O.NC1=CC(=O)OC1CC(=O)O>>COC(=O)CC1OC(=O)C=C1N.Nc1ncnc2c1ncn2[C@@H]1O[C@H](CSCC[C@H](N)C(=O)O)[C@@H](O)[C@H]1O
NC(=O)C1=CN([C@@H]2O[C@H](COP(=O)(O)OP(=O)(O)OC[C@H]3O[C@@H](n4cnc5c(N)ncnc54)[C@H](OP(=O)(O)O)[C@@H]3O)[C@@H](O)[C@H]2O)C=CC1.NC1=CC(=O)O/C1=C/C=O>>NC(=O)c1ccc[n+]([C@@H]2O[C@H](COP(=O)(O)OP(=O)(O)OC[C@H]3O[C@@H](n4cnc5c(N)ncnc54)[C@H](OP(=O)(O)O)[C@@H]3O)[C@@H](O)[C@H]2O)c1.NC1=CC(=O)OC1CC=O
NC(=O)c1ccc[n+]([C@@H]2O[C@H](COP(=O)(O)OP(=O)(O)OC[C@H]3O[C@@H](n4cnc5c(N)ncnc54)[C@H](OP(=O)(O)O)[C@@H]3O)[C@@H](O)[C@H]2O)c1.NC1=CC(=O)OC1CC=O.O>>NC(=O)C1=CN([C@@H]2O[C@H](COP(=O)(O)OP(=O)(O)OC[C@H]3O[C@@H](n4cnc5c(N)ncnc54)[C@H](OP(=O)(O)O)[C@@H]3O)[C@@H](O)[C@H]2O)C=CC1.NC1=CC(=O)OC1CC(=O)O
rule0011_48
rule0027_65
rule0026_16
No_Thermo
No_Thermo
No_Thermo

ranking 3
final score 7.0
Max reaction enthalpy score 0  x  2  =  0
Number of reactions score 1.0  x  4  =  4.0
By-product score 1.0  x  2  =  2.0
Pathway atom economy score 1.0  x  1  =  1.0
Salt score 0  x  0  =  0
Reaxys score 0  x  0  =  0
Cool score 0  x  0  =  0
atom economy 1.0
pathway by-product 0
intermediate by-product {None: 0}
C[S+](CC[C@H](N)C(=O)O)C[C@H]1O[C@@H](n2cnc3c(N)ncnc32)[C@H](O)[C@@H]1O.NC1=CC(=O)OC1CC(=O)O>>COC(=O)CC1OC(=O)C=C1N.Nc1ncnc2c1ncn2[C@@H]1O[C@H](CSCC[C@H](N)C(=O)O)[C@@H](O)[C@H]1O
NC(=O)C1=CN([C@@H]2O[C@H](COP(=O)(O)OP(=O)(O)OC[C@H]3O[C@@H](n4cnc5c(N)ncnc54)[C@H](OP(=O)(O)O)[C@@H]3O)[C@@H](O)[C@H]2O)C=CC1.NC1=CC(=O)O/C1=C/C(=O)O>>NC(=O)c1ccc[n+]([C@@H]2O[C@H](COP(=O)(O)OP(=O)(O)OC[C@H]3O[C@@H](n4cnc5c(N)ncnc54)[C@H](OP(=O)(O)O)[C@@H]3O)[C@@H](O)[C@H]2O)c1.NC1=CC(=O)OC1CC(=O)O
NC1=CC(=O)O/C1=C/C=O.O.O=O>>NC1=CC(=O)O/C1=C/C(=O)O.OO
rule0011_48
rule0027_65
rule0145_6
No_Thermo
No_Thermo
No_Thermo

ranking 4
final score 7.0
Max reaction enthalpy score 0  x  2  =  0
Number of reactions score 1.0  x  4  =  4.0
By-product score 1.0  x  2  =  2.0
Pathway atom economy score 1.0  x  1  =  1.0
Salt score 0  x  0  =  0
Reaxys score 0  x  0  =  0
Cool score 0  x  0  =  0
atom economy 1.0
pathway by-product 0
intermediate by-product {None: 0}
C[S+](CC[C@H](N)C(=O)O)C[C@H]1O[C@@H](n2cnc3c(N)ncnc32)[C@H](O)[C@@H]1O.NC1=CC(=O)OC1CC(=O)O>>COC(=O)CC1OC(=O)C=C1N.Nc1ncnc2c1ncn2[C@@H]1O[C@H](CSCC[C@H](N)C(=O)O)[C@@H](O)[C@H]1O
NC(=O)C1=CN([C@@H]2O[C@H](COP(=O)(O)OP(=O)(O)OC[C@H]3O[C@@H](n4cnc5c(N)ncnc54)[C@H](OP(=O)(O)O)[C@@H]3O)[C@@H](O)[C@H]2O)C=CC1.NC1=CC(=O)O/C1=C/C(=O)O>>NC(=O)c1ccc[n+]([C@@H]2O[C@H](COP(=O)(O)OP(=O)(O)OC[C@H]3O[C@@H](n4cnc5c(N)ncnc54)[C@H](OP(=O)(O)O)[C@@H]3O)[C@@H](O)[C@H]2O)c1.NC1=CC(=O)OC1CC(=O)O
NC(=O)c1ccc[n+]([C@@H]2O[C@H](COP(=O)(O)OP(=O)(O)OC[C@H]3O[C@@H](n4cnc5c(N)ncnc54)[C@H](OP(=O)(O)O)[C@@H]3O)[C@@H](O)[C@H]2O)c1.NC1=CC(=O)O/C1=C/C=O.O>>NC(=O)C1=CN([C@@H]2O[C@H](COP(=O)(O)OP(=O)(O)OC[C@H]3O[C@@H](n4cnc5c(N)ncnc54)[C@H](OP(=O)(O)O)[C@@H]3O)[C@@H](O)[C@H]2O)C=CC1.NC1=CC(=O)O/C1=C/C(=O)O
rule0011_48
rule0027_65
rule0026_16
No_Thermo
No_Thermo
No_Thermo

ranking 5
final score 7.0
Max reaction enthalpy score 0  x  2  =  0
Number of reactions score 1.0  x  4  =  4.0
By-product score 1.0  x  2  =  2.0
Pathway atom economy score 1.0  x  1  =  1.0
Salt score 0  x  0  =  0
Reaxys score 0  x  0  =  0
Cool score 0  x  0  =  0
atom economy 1.0
pathway by-product 0
intermediate by-product {None: 0}
COC(=O)/C=C1/OC(=O)C=C1N.NC(=O)C1=CN([C@@H]2O[C@H](COP(=O)(O)OP(=O)(O)OC[C@H]3O[C@@H](n4cnc5c(N)ncnc54)[C@H](OP(=O)(O)O)[C@@H]3O)[C@@H](O)[C@H]2O)C=CC1>>COC(=O)CC1OC(=O)C=C1N.NC(=O)c1ccc[n+]([C@@H]2O[C@H](COP(=O)(O)OP(=O)(O)OC[C@H]3O[C@@H](n4cnc5c(N)ncnc54)[C@H](OP(=O)(O)O)[C@@H]3O)[C@@H](O)[C@H]2O)c1
C[S+](CC[C@H](N)C(=O)O)C[C@H]1O[C@@H](n2cnc3c(N)ncnc32)[C@H](O)[C@@H]1O.NC1=CC(=O)O/C1=C/C(=O)O>>COC(=O)/C=C1/OC(=O)C=C1N.Nc1ncnc2c1ncn2[C@@H]1O[C@H](CSCC[C@H](N)C(=O)O)[C@@H](O)[C@H]1O
NC1=CC(=O)O/C1=C/C=O.O.O=O>>NC1=CC(=O)O/C1=C/C(=O)O.OO
rule0027_65
rule0011_48
rule0145_6
No_Thermo
No_Thermo
No_Thermo

ranking 6
final score 7.0
Max reaction enthalpy score 0  x  2  =  0
Number of reactions score 1.0  x  4  =  4.0
By-product score 1.0  x  2  =  2.0
Pathway atom economy score 1.0  x  1  =  1.0
Salt score 0  x  0  =  0
Reaxys score 0  x  0  =  0
Cool score 0  x  0  =  0
atom economy 1.0
pathway by-product 0
intermediate by-product {None: 0}
COC(=O)/C=C1/OC(=O)C=C1N.NC(=O)C1=CN([C@@H]2O[C@H](COP(=O)(O)OP(=O)(O)OC[C@H]3O[C@@H](n4cnc5c(N)ncnc54)[C@H](OP(=O)(O)O)[C@@H]3O)[C@@H](O)[C@H]2O)C=CC1>>COC(=O)CC1OC(=O)C=C1N.NC(=O)c1ccc[n+]([C@@H]2O[C@H](COP(=O)(O)OP(=O)(O)OC[C@H]3O[C@@H](n4cnc5c(N)ncnc54)[C@H](OP(=O)(O)O)[C@@H]3O)[C@@H](O)[C@H]2O)c1
C[S+](CC[C@H](N)C(=O)O)C[C@H]1O[C@@H](n2cnc3c(N)ncnc32)[C@H](O)[C@@H]1O.NC1=CC(=O)O/C1=C/C(=O)O>>COC(=O)/C=C1/OC(=O)C=C1N.Nc1ncnc2c1ncn2[C@@H]1O[C@H](CSCC[C@H](N)C(=O)O)[C@@H](O)[C@H]1O
NC(=O)c1ccc[n+]([C@@H]2O[C@H](COP(=O)(O)OP(=O)(O)OC[C@H]3O[C@@H](n4cnc5c(N)ncnc54)[C@H](OP(=O)(O)O)[C@@H]3O)[C@@H](O)[C@H]2O)c1.NC1=CC(=O)O/C1=C/C=O.O>>NC(=O)C1=CN([C@@H]2O[C@H](COP(=O)(O)OP(=O)(O)OC[C@H]3O[C@@H](n4cnc5c(N)ncnc54)[C@H](OP(=O)(O)O)[C@@H]3O)[C@@H](O)[C@H]2O)C=CC1.NC1=CC(=O)O/C1=C/C(=O)O
rule0027_65
rule0011_48
rule0026_16
No_Thermo
No_Thermo
No_Thermo

ranking 7
final score 6.578863984783359
Max reaction enthalpy score 0  x  2  =  0
Number of reactions score 1.0  x  4  =  4.0
By-product score 1.0  x  2  =  2.0
Pathway atom economy score 0.5788639847833588  x  1  =  0.5788639847833588
Salt score 0  x  0  =  0
Reaxys score 0  x  0  =  0
Cool score 0  x  0  =  0
atom economy 0.9047666876357928
pathway by-product 0
intermediate by-product {None: 0}
C[S+](CC[C@H](N)C(=O)O)C[C@H]1O[C@@H](n2cnc3c(N)ncnc32)[C@H](O)[C@@H]1O.NC1=CC(=O)OC1CC(=O)O>>COC(=O)CC1OC(=O)C=C1N.Nc1ncnc2c1ncn2[C@@H]1O[C@H](CSCC[C@H](N)C(=O)O)[C@@H](O)[C@H]1O
NC(=O)C1=CN([C@@H]2O[C@H](COP(=O)(O)OP(=O)(O)OC[C@H]3O[C@@H](n4cnc5c(N)ncnc54)[C@H](OP(=O)(O)O)[C@@H]3O)[C@@H](O)[C@H]2O)C=CC1.NC1=CC(=O)O/C1=C/C=O>>NC(=O)c1ccc[n+]([C@@H]2O[C@H](COP(=O)(O)OP(=O)(O)OC[C@H]3O[C@@H](n4cnc5c(N)ncnc54)[C@H](OP(=O)(O)O)[C@@H]3O)[C@@H](O)[C@H]2O)c1.NC1=CC(=O)OC1CC=O
NC(=O)C1=CN([C@@H]2O[C@H](COP(=O)(O)OP(=O)(O)OC[C@H]3O[C@@H](n4cnc5c(N)ncnc54)[C@H](OP(=O)(O)O)[C@@H]3O)[C@@H](O)[C@H]2O)C=CC1.NC1=CC(=O)OC1CC=O.O=O>>NC(=O)c1ccc[n+]([C@@H]2O[C@H](COP(=O)(O)OP(=O)(O)OC[C@H]3O[C@@H](n4cnc5c(N)ncnc54)[C@H](OP(=O)(O)O)[C@@H]3O)[C@@H](O)[C@H]2O)c1.NC1=CC(=O)OC1CC(=O)O.O
rule0011_48
rule0027_65
rule0004_13
No_Thermo
No_Thermo
No_Thermo

ranking 8
final score 6.578863984783359
Max reaction enthalpy score 0  x  2  =  0
Number of reactions score 1.0  x  4  =  4.0
By-product score 1.0  x  2  =  2.0
Pathway atom economy score 0.5788639847833588  x  1  =  0.5788639847833588
Salt score 0  x  0  =  0
Reaxys score 0  x  0  =  0
Cool score 0  x  0  =  0
atom economy 0.9047666876357928
pathway by-product 0
intermediate by-product {None: 0}
C[S+](CC[C@H](N)C(=O)O)C[C@H]1O[C@@H](n2cnc3c(N)ncnc32)[C@H](O)[C@@H]1O.NC1=CC(=O)OC1CC(=O)O>>COC(=O)CC1OC(=O)C=C1N.Nc1ncnc2c1ncn2[C@@H]1O[C@H](CSCC[C@H](N)C(=O)O)[C@@H](O)[C@H]1O
NC(=O)C1=CN([C@@H]2O[C@H](COP(=O)(O)OP(=O)(O)OC[C@H]3O[C@@H](n4cnc5c(N)ncnc54)[C@H](OP(=O)(O)O)[C@@H]3O)[C@@H](O)[C@H]2O)C=CC1.NC1=CC(=O)O/C1=C/C(=O)O>>NC(=O)c1ccc[n+]([C@@H]2O[C@H](COP(=O)(O)OP(=O)(O)OC[C@H]3O[C@@H](n4cnc5c(N)ncnc54)[C@H](OP(=O)(O)O)[C@@H]3O)[C@@H](O)[C@H]2O)c1.NC1=CC(=O)OC1CC(=O)O
NC(=O)C1=CN([C@@H]2O[C@H](COP(=O)(O)OP(=O)(O)OC[C@H]3O[C@@H](n4cnc5c(N)ncnc54)[C@H](OP(=O)(O)O)[C@@H]3O)[C@@H](O)[C@H]2O)C=CC1.NC1=CC(=O)O/C1=C/C=O.O=O>>NC(=O)c1ccc[n+]([C@@H]2O[C@H](COP(=O)(O)OP(=O)(O)OC[C@H]3O[C@@H](n4cnc5c(N)ncnc54)[C@H](OP(=O)(O)O)[C@@H]3O)[C@@H](O)[C@H]2O)c1.NC1=CC(=O)O/C1=C/C(=O)O.O
rule0011_48
rule0027_65
rule0004_13
No_Thermo
No_Thermo
No_Thermo

ranking 9
final score 6.578863984783359
Max reaction enthalpy score 0  x  2  =  0
Number of reactions score 1.0  x  4  =  4.0
By-product score 1.0  x  2  =  2.0
Pathway atom economy score 0.5788639847833588  x  1  =  0.5788639847833588
Salt score 0  x  0  =  0
Reaxys score 0  x  0  =  0
Cool score 0  x  0  =  0
atom economy 0.9047666876357928
pathway by-product 0
intermediate by-product {None: 0}
COC(=O)/C=C1/OC(=O)C=C1N.NC(=O)C1=CN([C@@H]2O[C@H](COP(=O)(O)OP(=O)(O)OC[C@H]3O[C@@H](n4cnc5c(N)ncnc54)[C@H](OP(=O)(O)O)[C@@H]3O)[C@@H](O)[C@H]2O)C=CC1>>COC(=O)CC1OC(=O)C=C1N.NC(=O)c1ccc[n+]([C@@H]2O[C@H](COP(=O)(O)OP(=O)(O)OC[C@H]3O[C@@H](n4cnc5c(N)ncnc54)[C@H](OP(=O)(O)O)[C@@H]3O)[C@@H](O)[C@H]2O)c1
C[S+](CC[C@H](N)C(=O)O)C[C@H]1O[C@@H](n2cnc3c(N)ncnc32)[C@H](O)[C@@H]1O.NC1=CC(=O)O/C1=C/C(=O)O>>COC(=O)/C=C1/OC(=O)C=C1N.Nc1ncnc2c1ncn2[C@@H]1O[C@H](CSCC[C@H](N)C(=O)O)[C@@H](O)[C@H]1O
NC(=O)C1=CN([C@@H]2O[C@H](COP(=O)(O)OP(=O)(O)OC[C@H]3O[C@@H](n4cnc5c(N)ncnc54)[C@H](OP(=O)(O)O)[C@@H]3O)[C@@H](O)[C@H]2O)C=CC1.NC1=CC(=O)O/C1=C/C=O.O=O>>NC(=O)c1ccc[n+]([C@@H]2O[C@H](COP(=O)(O)OP(=O)(O)OC[C@H]3O[C@@H](n4cnc5c(N)ncnc54)[C@H](OP(=O)(O)O)[C@@H]3O)[C@@H](O)[C@H]2O)c1.NC1=CC(=O)O/C1=C/C(=O)O.O
rule0027_65
rule0011_48
rule0004_13
No_Thermo
No_Thermo
No_Thermo

ranking 10
final score 6.578863984783359
Max reaction enthalpy score 0  x  2  =  0
Number of reactions score 1.0  x  4  =  4.0
By-product score 1.0  x  2  =  2.0
Pathway atom economy score 0.5788639847833588  x  1  =  0.5788639847833588
Salt score 0  x  0  =  0
Reaxys score 0  x  0  =  0
Cool score 0  x  0  =  0
atom economy 0.9047666876357928
pathway by-product 0
intermediate by-product {None: 0}
CC(=O)CC1OC(=O)C=C1N.NC(=O)C1=CN([C@@H]2O[C@H](COP(=O)(O)OP(=O)(O)OC[C@H]3O[C@@H](n4cnc5c(N)ncnc54)[C@H](OP(=O)(O)O)[C@@H]3O)[C@@H](O)[C@H]2O)C=CC1.O=O>>COC(=O)CC1OC(=O)C=C1N.NC(=O)c1ccc[n+]([C@@H]2O[C@H](COP(=O)(O)OP(=O)(O)OC[C@H]3O[C@@H](n4cnc5c(N)ncnc54)[C@H](OP(=O)(O)O)[C@@H]3O)[C@@H](O)[C@H]2O)c1.O
C[S+](CC[C@H](N)C(=O)O)C[C@H]1O[C@@H](n2cnc3c(N)ncnc32)[C@H](O)[C@@H]1O.NC1=CC(=O)OC1CC=O>>CC(=O)CC1OC(=O)C=C1N.Nc1ncnc2c1ncn2[C@@H]1O[C@H](CSCC[C@H](N)C(=O)O)[C@@H](O)[C@H]1O
NC(=O)C1=CN([C@@H]2O[C@H](COP(=O)(O)OP(=O)(O)OC[C@H]3O[C@@H](n4cnc5c(N)ncnc54)[C@H](OP(=O)(O)O)[C@@H]3O)[C@@H](O)[C@H]2O)C=CC1.NC1=CC(=O)O/C1=C/C=O>>NC(=O)c1ccc[n+]([C@@H]2O[C@H](COP(=O)(O)OP(=O)(O)OC[C@H]3O[C@@H](n4cnc5c(N)ncnc54)[C@H](OP(=O)(O)O)[C@@H]3O)[C@@H](O)[C@H]2O)c1.NC1=CC(=O)OC1CC=O
rule0083_11
rule0043_12
rule0027_65
No_Thermo
No_Thermo
No_Thermo

ranking 11
final score 6.578863984783359
Max reaction enthalpy score 0  x  2  =  0
Number of reactions score 1.0  x  4  =  4.0
By-product score 1.0  x  2  =  2.0
Pathway atom economy score 0.5788639847833588  x  1  =  0.5788639847833588
Salt score 0  x  0  =  0
Reaxys score 0  x  0  =  0
Cool score 0  x  0  =  0
atom economy 0.9047666876357928
pathway by-product 0
intermediate by-product {None: 0}
CC(=O)/C=C1/OC(=O)C=C1N.NC(=O)C1=CN([C@@H]2O[C@H](COP(=O)(O)OP(=O)(O)OC[C@H]3O[C@@H](n4cnc5c(N)ncnc54)[C@H](OP(=O)(O)O)[C@@H]3O)[C@@H](O)[C@H]2O)C=CC1>>CC(=O)CC1OC(=O)C=C1N.NC(=O)c1ccc[n+]([C@@H]2O[C@H](COP(=O)(O)OP(=O)(O)OC[C@H]3O[C@@H](n4cnc5c(N)ncnc54)[C@H](OP(=O)(O)O)[C@@H]3O)[C@@H](O)[C@H]2O)c1
CC(=O)CC1OC(=O)C=C1N.NC(=O)C1=CN([C@@H]2O[C@H](COP(=O)(O)OP(=O)(O)OC[C@H]3O[C@@H](n4cnc5c(N)ncnc54)[C@H](OP(=O)(O)O)[C@@H]3O)[C@@H](O)[C@H]2O)C=CC1.O=O>>COC(=O)CC1OC(=O)C=C1N.NC(=O)c1ccc[n+]([C@@H]2O[C@H](COP(=O)(O)OP(=O)(O)OC[C@H]3O[C@@H](n4cnc5c(N)ncnc54)[C@H](OP(=O)(O)O)[C@@H]3O)[C@@H](O)[C@H]2O)c1.O
C[S+](CC[C@H](N)C(=O)O)C[C@H]1O[C@@H](n2cnc3c(N)ncnc32)[C@H](O)[C@@H]1O.NC1=CC(=O)O/C1=C/C=O>>CC(=O)/C=C1/OC(=O)C=C1N.Nc1ncnc2c1ncn2[C@@H]1O[C@H](CSCC[C@H](N)C(=O)O)[C@@H](O)[C@H]1O
rule0027_65
rule0083_11
rule0043_12
No_Thermo
No_Thermo
No_Thermo

ranking 12
final score 6.578863984783359
Max reaction enthalpy score 0  x  2  =  0
Number of reactions score 1.0  x  4  =  4.0
By-product score 1.0  x  2  =  2.0
Pathway atom economy score 0.5788639847833588  x  1  =  0.5788639847833588
Salt score 0  x  0  =  0
Reaxys score 0  x  0  =  0
Cool score 0  x  0  =  0
atom economy 0.9047666876357928
pathway by-product 0
intermediate by-product {None: 0}
CC(=O)/C=C1/OC(=O)C=C1N.NC(=O)C1=CN([C@@H]2O[C@H](COP(=O)(O)OP(=O)(O)OC[C@H]3O[C@@H](n4cnc5c(N)ncnc54)[C@H](OP(=O)(O)O)[C@@H]3O)[C@@H](O)[C@H]2O)C=CC1>>CC(=O)CC1OC(=O)C=C1N.NC(=O)c1ccc[n+]([C@@H]2O[C@H](COP(=O)(O)OP(=O)(O)OC[C@H]3O[C@@H](n4cnc5c(N)ncnc54)[C@H](OP(=O)(O)O)[C@@H]3O)[C@@H](O)[C@H]2O)c1
CC(=O)CC1OC(=O)C=C1N.NC(=O)C1=CN([C@@H]2O[C@H](COP(=O)(O)OP(=O)(O)OC[C@H]3O[C@@H](n4cnc5c(N)ncnc54)[C@H](OP(=O)(O)O)[C@@H]3O)[C@@H](O)[C@H]2O)C=CC1.O=O>>COC(=O)CC1OC(=O)C=C1N.NC(=O)c1ccc[n+]([C@@H]2O[C@H](COP(=O)(O)OP(=O)(O)OC[C@H]3O[C@@H](n4cnc5c(N)ncnc54)[C@H](OP(=O)(O)O)[C@@H]3O)[C@@H](O)[C@H]2O)c1.O
C[S+](CC[C@H](N)C(=O)O)C[C@H]1O[C@@H](n2cnc3c(N)ncnc32)[C@H](O)[C@@H]1O.NC1=CC(=O)O/C1=C/C=O>>CC(=O)/C=C1/OC(=O)C=C1N.Nc1ncnc2c1ncn2[C@@H]1O[C@H](CSCC[C@H](N)C(=O)O)[C@@H](O)[C@H]1O
rule0027_60
rule0083_11
rule0043_12
No_Thermo
No_Thermo
No_Thermo

ranking 13
final score 6.578863984783359
Max reaction enthalpy score 0  x  2  =  0
Number of reactions score 1.0  x  4  =  4.0
By-product score 1.0  x  2  =  2.0
Pathway atom economy score 0.5788639847833588  x  1  =  0.5788639847833588
Salt score 0  x  0  =  0
Reaxys score 0  x  0  =  0
Cool score 0  x  0  =  0
atom economy 0.9047666876357928
pathway by-product 0
intermediate by-product {None: 0}
CC(=O)/C=C1/OC(=O)C=C1N.NC(=O)C1=CN([C@@H]2O[C@H](COP(=O)(O)OP(=O)(O)OC[C@H]3O[C@@H](n4cnc5c(N)ncnc54)[C@H](OP(=O)(O)O)[C@@H]3O)[C@@H](O)[C@H]2O)C=CC1.O=O>>COC(=O)/C=C1/OC(=O)C=C1N.NC(=O)c1ccc[n+]([C@@H]2O[C@H](COP(=O)(O)OP(=O)(O)OC[C@H]3O[C@@H](n4cnc5c(N)ncnc54)[C@H](OP(=O)(O)O)[C@@H]3O)[C@@H](O)[C@H]2O)c1.O
COC(=O)/C=C1/OC(=O)C=C1N.NC(=O)C1=CN([C@@H]2O[C@H](COP(=O)(O)OP(=O)(O)OC[C@H]3O[C@@H](n4cnc5c(N)ncnc54)[C@H](OP(=O)(O)O)[C@@H]3O)[C@@H](O)[C@H]2O)C=CC1>>COC(=O)CC1OC(=O)C=C1N.NC(=O)c1ccc[n+]([C@@H]2O[C@H](COP(=O)(O)OP(=O)(O)OC[C@H]3O[C@@H](n4cnc5c(N)ncnc54)[C@H](OP(=O)(O)O)[C@@H]3O)[C@@H](O)[C@H]2O)c1
C[S+](CC[C@H](N)C(=O)O)C[C@H]1O[C@@H](n2cnc3c(N)ncnc32)[C@H](O)[C@@H]1O.NC1=CC(=O)O/C1=C/C=O>>CC(=O)/C=C1/OC(=O)C=C1N.Nc1ncnc2c1ncn2[C@@H]1O[C@H](CSCC[C@H](N)C(=O)O)[C@@H](O)[C@H]1O
rule0083_11
rule0027_65
rule0043_12
No_Thermo
No_Thermo
No_Thermo

ranking 14
final score 6.303470522227352
Max reaction enthalpy score 0  x  2  =  0
Number of reactions score 1.0  x  4  =  4.0
By-product score 1.0  x  2  =  2.0
Pathway atom economy score 0.3034705222273519  x  1  =  0.3034705222273519
Salt score 0  x  0  =  0
Reaxys score 0  x  0  =  0
Cool score 0  x  0  =  0
atom economy 0.8424907703667242
pathway by-product 0
intermediate by-product {None: 0}
C[S+](CC[C@H](N)C(=O)O)C[C@H]1O[C@@H](n2cnc3c(N)ncnc32)[C@H](O)[C@@H]1O.NC1=CC(=O)OC1CC(=O)O>>COC(=O)CC1OC(=O)C=C1N.Nc1ncnc2c1ncn2[C@@H]1O[C@H](CSCC[C@H](N)C(=O)O)[C@@H](O)[C@H]1O
NC1=CC(=O)O/C1=C/C=O.OO>>NC1=CC(=O)OC1CC=O.O=O
NC1=CC(=O)OC1CC=O.O.O=O>>NC1=CC(=O)OC1CC(=O)O.OO
rule0011_48
rule0114_4
rule0145_6
No_Thermo
No_Thermo
No_Thermo

ranking 15
final score 6.303470522227352
Max reaction enthalpy score 0  x  2  =  0
Number of reactions score 1.0  x  4  =  4.0
By-product score 1.0  x  2  =  2.0
Pathway atom economy score 0.3034705222273519  x  1  =  0.3034705222273519
Salt score 0  x  0  =  0
Reaxys score 0  x  0  =  0
Cool score 0  x  0  =  0
atom economy 0.8424907703667242
pathway by-product 0
intermediate by-product {None: 0}
C[S+](CC[C@H](N)C(=O)O)C[C@H]1O[C@@H](n2cnc3c(N)ncnc32)[C@H](O)[C@@H]1O.NC1=CC(=O)OC1CC(=O)O>>COC(=O)CC1OC(=O)C=C1N.Nc1ncnc2c1ncn2[C@@H]1O[C@H](CSCC[C@H](N)C(=O)O)[C@@H](O)[C@H]1O
NC1=CC(=O)O/C1=C/C(=O)O.OO>>NC1=CC(=O)OC1CC(=O)O.O=O
NC1=CC(=O)O/C1=C/C=O.O.O=O>>NC1=CC(=O)O/C1=C/C(=O)O.OO
rule0011_48
rule0114_4
rule0145_6
No_Thermo
No_Thermo
No_Thermo

ranking 16
final score 6.303470522227352
Max reaction enthalpy score 0  x  2  =  0
Number of reactions score 1.0  x  4  =  4.0
By-product score 1.0  x  2  =  2.0
Pathway atom economy score 0.3034705222273519  x  1  =  0.3034705222273519
Salt score 0  x  0  =  0
Reaxys score 0  x  0  =  0
Cool score 0  x  0  =  0
atom economy 0.8424907703667242
pathway by-product 0
intermediate by-product {None: 0}
C[S+](CC[C@H](N)C(=O)O)C[C@H]1O[C@@H](n2cnc3c(N)ncnc32)[C@H](O)[C@@H]1O.NC1=CC(=O)OC1CC(=O)O>>COC(=O)CC1OC(=O)C=C1N.Nc1ncnc2c1ncn2[C@@H]1O[C@H](CSCC[C@H](N)C(=O)O)[C@@H](O)[C@H]1O
NC(=O)c1ccc[n+]([C@@H]2O[C@H](COP(=O)(O)OP(=O)(O)OC[C@H]3O[C@@H](n4cnc5c(N)ncnc54)[C@H](OP(=O)(O)O)[C@@H]3O)[C@@H](O)[C@H]2O)c1.NC1=CC(=O)OC1CC=O.O>>NC(=O)C1=CN([C@@H]2O[C@H](COP(=O)(O)OP(=O)(O)OC[C@H]3O[C@@H](n4cnc5c(N)ncnc54)[C@H](OP(=O)(O)O)[C@@H]3O)[C@@H](O)[C@H]2O)C=CC1.NC1=CC(=O)OC1CC(=O)O
NC1=CC(=O)O/C1=C/C=O.OO>>NC1=CC(=O)OC1CC=O.O=O
rule0011_48
rule0026_16
rule0114_4
No_Thermo
No_Thermo
No_Thermo

ranking 17
final score 6.303470522227352
Max reaction enthalpy score 0  x  2  =  0
Number of reactions score 1.0  x  4  =  4.0
By-product score 1.0  x  2  =  2.0
Pathway atom economy score 0.3034705222273519  x  1  =  0.3034705222273519
Salt score 0  x  0  =  0
Reaxys score 0  x  0  =  0
Cool score 0  x  0  =  0
atom economy 0.8424907703667242
pathway by-product 0
intermediate by-product {None: 0}
C[S+](CC[C@H](N)C(=O)O)C[C@H]1O[C@@H](n2cnc3c(N)ncnc32)[C@H](O)[C@@H]1O.NC1=CC(=O)OC1CC(=O)O>>COC(=O)CC1OC(=O)C=C1N.Nc1ncnc2c1ncn2[C@@H]1O[C@H](CSCC[C@H](N)C(=O)O)[C@@H](O)[C@H]1O
NC(=O)c1ccc[n+]([C@@H]2O[C@H](COP(=O)(O)OP(=O)(O)OC[C@H]3O[C@@H](n4cnc5c(N)ncnc54)[C@H](OP(=O)(O)O)[C@@H]3O)[C@@H](O)[C@H]2O)c1.NC1=CC(=O)O/C1=C/C=O.O>>NC(=O)C1=CN([C@@H]2O[C@H](COP(=O)(O)OP(=O)(O)OC[C@H]3O[C@@H](n4cnc5c(N)ncnc54)[C@H](OP(=O)(O)O)[C@@H]3O)[C@@H](O)[C@H]2O)C=CC1.NC1=CC(=O)O/C1=C/C(=O)O
NC1=CC(=O)O/C1=C/C(=O)O.OO>>NC1=CC(=O)OC1CC(=O)O.O=O
rule0011_48
rule0026_16
rule0114_4
No_Thermo
No_Thermo
No_Thermo

ranking 18
final score 6.303470522227352
Max reaction enthalpy score 0  x  2  =  0
Number of reactions score 1.0  x  4  =  4.0
By-product score 1.0  x  2  =  2.0
Pathway atom economy score 0.3034705222273519  x  1  =  0.3034705222273519
Salt score 0  x  0  =  0
Reaxys score 0  x  0  =  0
Cool score 0  x  0  =  0
atom economy 0.8424907703667242
pathway by-product 0
intermediate by-product {None: 0}
COC(=O)/C=C1/OC(=O)C=C1N.OO>>COC(=O)CC1OC(=O)C=C1N.O=O
C[S+](CC[C@H](N)C(=O)O)C[C@H]1O[C@@H](n2cnc3c(N)ncnc32)[C@H](O)[C@@H]1O.NC1=CC(=O)O/C1=C/C(=O)O>>COC(=O)/C=C1/OC(=O)C=C1N.Nc1ncnc2c1ncn2[C@@H]1O[C@H](CSCC[C@H](N)C(=O)O)[C@@H](O)[C@H]1O
NC1=CC(=O)O/C1=C/C=O.O.O=O>>NC1=CC(=O)O/C1=C/C(=O)O.OO
rule0114_4
rule0011_48
rule0145_6
No_Thermo
No_Thermo
No_Thermo

ranking 19
final score 6.303470522227352
Max reaction enthalpy score 0  x  2  =  0
Number of reactions score 1.0  x  4  =  4.0
By-product score 1.0  x  2  =  2.0
Pathway atom economy score 0.3034705222273519  x  1  =  0.3034705222273519
Salt score 0  x  0  =  0
Reaxys score 0  x  0  =  0
Cool score 0  x  0  =  0
atom economy 0.8424907703667242
pathway by-product 0
intermediate by-product {None: 0}
COC(=O)/C=C1/OC(=O)C=C1N.OO>>COC(=O)CC1OC(=O)C=C1N.O=O
C[S+](CC[C@H](N)C(=O)O)C[C@H]1O[C@@H](n2cnc3c(N)ncnc32)[C@H](O)[C@@H]1O.NC1=CC(=O)O/C1=C/C(=O)O>>COC(=O)/C=C1/OC(=O)C=C1N.Nc1ncnc2c1ncn2[C@@H]1O[C@H](CSCC[C@H](N)C(=O)O)[C@@H](O)[C@H]1O
NC(=O)c1ccc[n+]([C@@H]2O[C@H](COP(=O)(O)OP(=O)(O)OC[C@H]3O[C@@H](n4cnc5c(N)ncnc54)[C@H](OP(=O)(O)O)[C@@H]3O)[C@@H](O)[C@H]2O)c1.NC1=CC(=O)O/C1=C/C=O.O>>NC(=O)C1=CN([C@@H]2O[C@H](COP(=O)(O)OP(=O)(O)OC[C@H]3O[C@@H](n4cnc5c(N)ncnc54)[C@H](OP(=O)(O)O)[C@@H]3O)[C@@H](O)[C@H]2O)C=CC1.NC1=CC(=O)O/C1=C/C(=O)O
rule0114_4
rule0011_48
rule0026_16
No_Thermo
No_Thermo
No_Thermo

ranking 20
final score 6.0
Max reaction enthalpy score 0  x  2  =  0
Number of reactions score 1.0  x  4  =  4.0
By-product score 1.0  x  2  =  2.0
Pathway atom economy score 0.0  x  1  =  0.0
Salt score 0  x  0  =  0
Reaxys score 0  x  0  =  0
Cool score 0  x  0  =  0
atom economy 0.7738656659055456
pathway by-product 0
intermediate by-product {None: 0}
C[S+](CC[C@H](N)C(=O)O)C[C@H]1O[C@@H](n2cnc3c(N)ncnc32)[C@H](O)[C@@H]1O.NC1=CC(=O)OC1CC(=O)O>>COC(=O)CC1OC(=O)C=C1N.Nc1ncnc2c1ncn2[C@@H]1O[C@H](CSCC[C@H](N)C(=O)O)[C@@H](O)[C@H]1O
NC(=O)C1=CN([C@@H]2O[C@H](COP(=O)(O)OP(=O)(O)OC[C@H]3O[C@@H](n4cnc5c(N)ncnc54)[C@H](OP(=O)(O)O)[C@@H]3O)[C@@H](O)[C@H]2O)C=CC1.NC1=CC(=O)OC1CC=O.O=O>>NC(=O)c1ccc[n+]([C@@H]2O[C@H](COP(=O)(O)OP(=O)(O)OC[C@H]3O[C@@H](n4cnc5c(N)ncnc54)[C@H](OP(=O)(O)O)[C@@H]3O)[C@@H](O)[C@H]2O)c1.NC1=CC(=O)OC1CC(=O)O.O
NC1=CC(=O)O/C1=C/C=O.OO>>NC1=CC(=O)OC1CC=O.O=O
rule0011_48
rule0004_13
rule0114_4
No_Thermo
No_Thermo
No_Thermo

ranking 21
final score 6.0
Max reaction enthalpy score 0  x  2  =  0
Number of reactions score 1.0  x  4  =  4.0
By-product score 1.0  x  2  =  2.0
Pathway atom economy score 0.0  x  1  =  0.0
Salt score 0  x  0  =  0
Reaxys score 0  x  0  =  0
Cool score 0  x  0  =  0
atom economy 0.7738656659055456
pathway by-product 0
intermediate by-product {None: 0}
C[S+](CC[C@H](N)C(=O)O)C[C@H]1O[C@@H](n2cnc3c(N)ncnc32)[C@H](O)[C@@H]1O.NC1=CC(=O)OC1CC(=O)O>>COC(=O)CC1OC(=O)C=C1N.Nc1ncnc2c1ncn2[C@@H]1O[C@H](CSCC[C@H](N)C(=O)O)[C@@H](O)[C@H]1O
NC(=O)C1=CN([C@@H]2O[C@H](COP(=O)(O)OP(=O)(O)OC[C@H]3O[C@@H](n4cnc5c(N)ncnc54)[C@H](OP(=O)(O)O)[C@@H]3O)[C@@H](O)[C@H]2O)C=CC1.NC1=CC(=O)O/C1=C/C=O.O=O>>NC(=O)c1ccc[n+]([C@@H]2O[C@H](COP(=O)(O)OP(=O)(O)OC[C@H]3O[C@@H](n4cnc5c(N)ncnc54)[C@H](OP(=O)(O)O)[C@@H]3O)[C@@H](O)[C@H]2O)c1.NC1=CC(=O)O/C1=C/C(=O)O.O
NC1=CC(=O)O/C1=C/C(=O)O.OO>>NC1=CC(=O)OC1CC(=O)O.O=O
rule0011_48
rule0004_13
rule0114_4
No_Thermo
No_Thermo
No_Thermo

ranking 22
final score 6.0
Max reaction enthalpy score 0  x  2  =  0
Number of reactions score 1.0  x  4  =  4.0
By-product score 1.0  x  2  =  2.0
Pathway atom economy score 0.0  x  1  =  0.0
Salt score 0  x  0  =  0
Reaxys score 0  x  0  =  0
Cool score 0  x  0  =  0
atom economy 0.7738656659055456
pathway by-product 0
intermediate by-product {None: 0}
COC(=O)/C=C1/OC(=O)C=C1N.OO>>COC(=O)CC1OC(=O)C=C1N.O=O
C[S+](CC[C@H](N)C(=O)O)C[C@H]1O[C@@H](n2cnc3c(N)ncnc32)[C@H](O)[C@@H]1O.NC1=CC(=O)O/C1=C/C(=O)O>>COC(=O)/C=C1/OC(=O)C=C1N.Nc1ncnc2c1ncn2[C@@H]1O[C@H](CSCC[C@H](N)C(=O)O)[C@@H](O)[C@H]1O
NC(=O)C1=CN([C@@H]2O[C@H](COP(=O)(O)OP(=O)(O)OC[C@H]3O[C@@H](n4cnc5c(N)ncnc54)[C@H](OP(=O)(O)O)[C@@H]3O)[C@@H](O)[C@H]2O)C=CC1.NC1=CC(=O)O/C1=C/C=O.O=O>>NC(=O)c1ccc[n+]([C@@H]2O[C@H](COP(=O)(O)OP(=O)(O)OC[C@H]3O[C@@H](n4cnc5c(N)ncnc54)[C@H](OP(=O)(O)O)[C@@H]3O)[C@@H](O)[C@H]2O)c1.NC1=CC(=O)O/C1=C/C(=O)O.O
rule0114_4
rule0011_48
rule0004_13
No_Thermo
No_Thermo
No_Thermo

ranking 23
final score 6.0
Max reaction enthalpy score 0  x  2  =  0
Number of reactions score 1.0  x  4  =  4.0
By-product score 1.0  x  2  =  2.0
Pathway atom economy score 0.0  x  1  =  0.0
Salt score 0  x  0  =  0
Reaxys score 0  x  0  =  0
Cool score 0  x  0  =  0
atom economy 0.7738656659055456
pathway by-product 0
intermediate by-product {None: 0}
CC(=O)CC1OC(=O)C=C1N.NC(=O)C1=CN([C@@H]2O[C@H](COP(=O)(O)OP(=O)(O)OC[C@H]3O[C@@H](n4cnc5c(N)ncnc54)[C@H](OP(=O)(O)O)[C@@H]3O)[C@@H](O)[C@H]2O)C=CC1.O=O>>COC(=O)CC1OC(=O)C=C1N.NC(=O)c1ccc[n+]([C@@H]2O[C@H](COP(=O)(O)OP(=O)(O)OC[C@H]3O[C@@H](n4cnc5c(N)ncnc54)[C@H](OP(=O)(O)O)[C@@H]3O)[C@@H](O)[C@H]2O)c1.O
C[S+](CC[C@H](N)C(=O)O)C[C@H]1O[C@@H](n2cnc3c(N)ncnc32)[C@H](O)[C@@H]1O.NC1=CC(=O)OC1CC=O>>CC(=O)CC1OC(=O)C=C1N.Nc1ncnc2c1ncn2[C@@H]1O[C@H](CSCC[C@H](N)C(=O)O)[C@@H](O)[C@H]1O
NC1=CC(=O)O/C1=C/C=O.OO>>NC1=CC(=O)OC1CC=O.O=O
rule0083_11
rule0043_12
rule0114_4
No_Thermo
No_Thermo
No_Thermo

ranking 24
final score 6.0
Max reaction enthalpy score 0  x  2  =  0
Number of reactions score 1.0  x  4  =  4.0
By-product score 1.0  x  2  =  2.0
Pathway atom economy score 0.0  x  1  =  0.0
Salt score 0  x  0  =  0
Reaxys score 0  x  0  =  0
Cool score 0  x  0  =  0
atom economy 0.7738656659055456
pathway by-product 0
intermediate by-product {None: 0}
CC(=O)/C=C1/OC(=O)C=C1N.OO>>CC(=O)CC1OC(=O)C=C1N.O=O
CC(=O)CC1OC(=O)C=C1N.NC(=O)C1=CN([C@@H]2O[C@H](COP(=O)(O)OP(=O)(O)OC[C@H]3O[C@@H](n4cnc5c(N)ncnc54)[C@H](OP(=O)(O)O)[C@@H]3O)[C@@H](O)[C@H]2O)C=CC1.O=O>>COC(=O)CC1OC(=O)C=C1N.NC(=O)c1ccc[n+]([C@@H]2O[C@H](COP(=O)(O)OP(=O)(O)OC[C@H]3O[C@@H](n4cnc5c(N)ncnc54)[C@H](OP(=O)(O)O)[C@@H]3O)[C@@H](O)[C@H]2O)c1.O
C[S+](CC[C@H](N)C(=O)O)C[C@H]1O[C@@H](n2cnc3c(N)ncnc32)[C@H](O)[C@@H]1O.NC1=CC(=O)O/C1=C/C=O>>CC(=O)/C=C1/OC(=O)C=C1N.Nc1ncnc2c1ncn2[C@@H]1O[C@H](CSCC[C@H](N)C(=O)O)[C@@H](O)[C@H]1O
rule0114_4
rule0083_11
rule0043_12
No_Thermo
No_Thermo
No_Thermo

ranking 25
final score 6.0
Max reaction enthalpy score 0  x  2  =  0
Number of reactions score 1.0  x  4  =  4.0
By-product score 1.0  x  2  =  2.0
Pathway atom economy score 0.0  x  1  =  0.0
Salt score 0  x  0  =  0
Reaxys score 0  x  0  =  0
Cool score 0  x  0  =  0
atom economy 0.7738656659055456
pathway by-product 0
intermediate by-product {None: 0}
CC(=O)/C=C1/OC(=O)C=C1N.NC(=O)C1=CN([C@@H]2O[C@H](COP(=O)(O)OP(=O)(O)OC[C@H]3O[C@@H](n4cnc5c(N)ncnc54)[C@H](OP(=O)(O)O)[C@@H]3O)[C@@H](O)[C@H]2O)C=CC1.O=O>>COC(=O)/C=C1/OC(=O)C=C1N.NC(=O)c1ccc[n+]([C@@H]2O[C@H](COP(=O)(O)OP(=O)(O)OC[C@H]3O[C@@H](n4cnc5c(N)ncnc54)[C@H](OP(=O)(O)O)[C@@H]3O)[C@@H](O)[C@H]2O)c1.O
COC(=O)/C=C1/OC(=O)C=C1N.OO>>COC(=O)CC1OC(=O)C=C1N.O=O
C[S+](CC[C@H](N)C(=O)O)C[C@H]1O[C@@H](n2cnc3c(N)ncnc32)[C@H](O)[C@@H]1O.NC1=CC(=O)O/C1=C/C=O>>CC(=O)/C=C1/OC(=O)C=C1N.Nc1ncnc2c1ncn2[C@@H]1O[C@H](CSCC[C@H](N)C(=O)O)[C@@H](O)[C@H]1O
rule0083_11
rule0114_4
rule0043_12
No_Thermo
No_Thermo
No_Thermo

Time used for pathway ranking: 0.05 minutes

Job name: Bacillus_anthracis_High_pPotency_molecule_pathway14
Job type: pathway visualization
Job started on: 2026-03-12 17:26:05.025511
pygraphviz is NOT installed.
A custom node layout will be used for pathway visualization
Number of pathways:  25
Number of reactions in reaxys:  0
Working on creating pages
You can adjust multi-processing number to speed up PDF generation
page done: 1
page done: 2
page done: 3
page done: 4
page done: 5
page done: 6
page done: 7
page done: 8
page done: 9
page done: 10
page done: 11
page done: 12
page done: 13
page done: 14
page done: 15
page done: 16
page done: 17
page done: 18
page done: 19
page done: 20
page done: 21
page done: 22
page done: 23
page done: 24
page done: 25
Finished with pages, writing to pdf
Time used for pathway visualization: 0.13 minutes

A custom node layout was used for pathway visualization
For a better layout, please install pygraphviz and Graphviz with the following command:
conda install conda-forge::pygraphviz
which should install both packages together

[DONE]  Bacillus_anthracis_High_pPotency_molecule_pathway14  genMols=4152  pathwayTargets=4141  time=54752.92s
[START] Bacillus_anthracis_High_pPotency_molecule_pathway17  target=NC1=CC(=O)O/C1=C/C=O
Job name: Bacillus_anthracis_High_pPotency_molecule_pathway9
Job type: enzymatic network expansion forward
Ruleset: JN3604IMT (JN3604IMT_rules.tsv)
Job started on: 2026-03-11 23:14:44.820358
Checking for targets
Target found for NC(=CC=O)C(N)=CC(=O)O
Number of generations: 3
Number of operators loaded: 3571
Number of molecules before expantion (including cofactors): 42
Number of molecules after expantion (including cofactors): 4151
Number of reactions: 8308
Time used for network generation: 1093.67 minutes

Job name: Bacillus_anthracis_High_pPotency_molecule_pathway9
Job type: post-processing pretreat networks
Job started on: 2026-03-12 17:28:27.880246
Loading networks, it may take a while if loading large networks from file
Loading network 1 from memory
Number of reations in network 1: 8308
Networks loaded, now generating reaction strings
Reaction strings generation finished
Removing unconnected reactions
Unconnected reactions removed
Total number of reactions after pretreatment: 8256
Time used for network pretreatment: 0.00 minutes

Job name: Bacillus_anthracis_High_pPotency_molecule_pathway9
Job type: pathway search
Job started on: 2026-03-12 17:28:28.137110
Pathway finder started, total number of reactions in network 8256
Searching for pathways.
If it is taking too long, try adjusting pruning parameters
Pathway search finished, removing loops if there's any.
Time used for pathway search: 0.02 minutes
4 pathways found!
6 reactions found in all pathways
Min number of reactions in a pathway: 3
Max number of reactions in a pathway: 3
Pruning parameters for this search:
search_depth: 3
max_num_rxns: 3
min_rxn_atom_economy: 0.3

Job name: Bacillus_anthracis_High_pPotency_molecule_pathway9
Job type: pathway ranking
Job started on: 2026-03-12 17:28:29.111188
Start ranking pathways. Number of pathways after sanitization: 4
Reaction thermodynamics ranking working
Reaction thermodynamics ranking finished
Atom economy ranking working
Min_eco 0.5375950054288816
Max_eco 0.6262619126912842
None_eco 0
Atom_economy ranking finished
Number of steps ranking working
Number of steps ranking finished
By product_number ranking working
You can adjust multi-processing number to speed it up
By product_number ranking finished
min score 6.0
max score 7.0

Pathway ranking finished. Pathway scores:

ranking 1
final score 7.0
Max reaction enthalpy score 0  x  2  =  0
Number of reactions score 1.0  x  4  =  4.0
By-product score 1.0  x  2  =  2.0
Pathway atom economy score 1.0  x  1  =  1.0
Salt score 0  x  0  =  0
Reaxys score 0  x  0  =  0
Cool score 0  x  0  =  0
atom economy 0.6262619126912842
pathway by-product 0
intermediate by-product {None: 0}
N.NC1=C(C=O)C(=O)O/C1=C/C=O>>NC1=C(C=O)C(=O)OC1(N)CC=O
NC(=O)C1=CN([C@@H]2O[C@H](COP(=O)(O)OP(=O)(O)OC[C@H]3O[C@@H](n4cnc5c(N)ncnc54)[C@H](OP(=O)(O)O)[C@@H]3O)[C@@H](O)[C@H]2O)C=CC1.NC1=C(C=O)C(=O)OC1(N)CC=O>>NC(=O)c1ccc[n+]([C@@H]2O[C@H](COP(=O)(O)OP(=O)(O)OC[C@H]3O[C@@H](n4cnc5c(N)ncnc54)[C@H](OP(=O)(O)O)[C@@H]3O)[C@@H](O)[C@H]2O)c1.NC1=C(C=O)C(=O)OC1(N)CCO
NC1=CC(=O)O/C1=C/C=O.NC1=CC(=O)O/C1=C/C=O>>C=C1OC(=O)C=C1N.NC1=C(C=O)C(=O)O/C1=C/C=O
rule0257_1
rule0003_170
rule0126_2
No_Thermo
No_Thermo
No_Thermo

ranking 2
final score 6.6172695895052795
Max reaction enthalpy score 0  x  2  =  0
Number of reactions score 1.0  x  4  =  4.0
By-product score 1.0  x  2  =  2.0
Pathway atom economy score 0.6172695895052797  x  1  =  0.6172695895052797
Salt score 0  x  0  =  0
Reaxys score 0  x  0  =  0
Cool score 0  x  0  =  0
atom economy 0.5923263908774475
pathway by-product 0
intermediate by-product {None: 0}
N.NC1=CC(=O)O/C1=C/C=O>>NC1=CC(=O)OC1(N)CC=O
NC(=O)C1=CN([C@@H]2O[C@H](COP(=O)(O)OP(=O)(O)OC[C@H]3O[C@@H](n4cnc5c(N)ncnc54)[C@H](OP(=O)(O)O)[C@@H]3O)[C@@H](O)[C@H]2O)C=CC1.NC1=C(C=O)C(=O)OC1(N)CC=O>>NC(=O)c1ccc[n+]([C@@H]2O[C@H](COP(=O)(O)OP(=O)(O)OC[C@H]3O[C@@H](n4cnc5c(N)ncnc54)[C@H](OP(=O)(O)O)[C@@H]3O)[C@@H](O)[C@H]2O)c1.NC1=C(C=O)C(=O)OC1(N)CCO
NC1=CC(=O)OC1(N)CC=O.NC1=CC(=O)OC1(N)CC=O>>CC1(N)OC(=O)C=C1N.NC1=C(C=O)C(=O)OC1(N)CC=O
rule0257_1
rule0003_170
rule0126_2
No_Thermo
No_Thermo
No_Thermo

ranking 3
final score 6.313608803115029
Max reaction enthalpy score 0  x  2  =  0
Number of reactions score 1.0  x  4  =  4.0
By-product score 1.0  x  2  =  2.0
Pathway atom economy score 0.3136088031150286  x  1  =  0.3136088031150286
Salt score 0  x  0  =  0
Reaxys score 0  x  0  =  0
Cool score 0  x  0  =  0
atom economy 0.5654017280913549
pathway by-product 0
intermediate by-product {None: 0}
N.NC1=C(C=O)C(=O)O/C1=C/C=O>>NC1=C(C=O)C(=O)OC1(N)CC=O
NC1=C(C=O)C(=O)OC1(N)CC=O.OO>>NC1=C(C=O)C(=O)OC1(N)CCO.O=O
NC1=CC(=O)O/C1=C/C=O.NC1=CC(=O)O/C1=C/C=O>>C=C1OC(=O)C=C1N.NC1=C(C=O)C(=O)O/C1=C/C=O
rule0257_1
rule0078_17
rule0126_2
No_Thermo
No_Thermo
No_Thermo

ranking 4
final score 6.0
Max reaction enthalpy score 0  x  2  =  0
Number of reactions score 1.0  x  4  =  4.0
By-product score 1.0  x  2  =  2.0
Pathway atom economy score 0.0  x  1  =  0.0
Salt score 0  x  0  =  0
Reaxys score 0  x  0  =  0
Cool score 0  x  0  =  0
atom economy 0.5375950054288816
pathway by-product 0
intermediate by-product {None: 0}
N.NC1=CC(=O)O/C1=C/C=O>>NC1=CC(=O)OC1(N)CC=O
NC1=C(C=O)C(=O)OC1(N)CC=O.OO>>NC1=C(C=O)C(=O)OC1(N)CCO.O=O
NC1=CC(=O)OC1(N)CC=O.NC1=CC(=O)OC1(N)CC=O>>CC1(N)OC(=O)C=C1N.NC1=C(C=O)C(=O)OC1(N)CC=O
rule0257_1
rule0078_17
rule0126_2
No_Thermo
No_Thermo
No_Thermo

Time used for pathway ranking: 0.04 minutes

Job name: Bacillus_anthracis_High_pPotency_molecule_pathway9
Job type: pathway visualization
Job started on: 2026-03-12 17:28:31.461344
pygraphviz is NOT installed.
A custom node layout will be used for pathway visualization
Number of pathways:  4
Number of reactions in reaxys:  0
Working on creating pages
You can adjust multi-processing number to speed up PDF generation
page done: 1
page done: 2
page done: 3
page done: 4
Finished with pages, writing to pdf
Time used for pathway visualization: 0.04 minutes

A custom node layout was used for pathway visualization
For a better layout, please install pygraphviz and Graphviz with the following command:
conda install conda-forge::pygraphviz
which should install both packages together

[DONE]  Bacillus_anthracis_High_pPotency_molecule_pathway9  genMols=4152  pathwayTargets=4141  time=65628.84s
[START] Bacillus_anthracis_High_pPotency_molecule_pathway18  target=NC1=CC(=O)OC1=CC=O
Job name: Bacillus_anthracis_High_pPotency_molecule_pathway10
Job type: enzymatic network expansion forward
Ruleset: JN3604IMT (JN3604IMT_rules.tsv)
Job started on: 2026-03-12 00:05:03.664692
Checking for targets
Target found for NC(=CC=O)C(=O)CC(=O)C(N)=CC=O
Number of generations: 3
Number of operators loaded: 3571
Number of molecules before expantion (including cofactors): 42
Number of molecules after expantion (including cofactors): 4151
Number of reactions: 8308
Time used for network generation: 1056.95 minutes

Job name: Bacillus_anthracis_High_pPotency_molecule_pathway10
Job type: post-processing pretreat networks
Job started on: 2026-03-12 17:42:03.488290
Loading networks, it may take a while if loading large networks from file
Loading network 1 from memory
Number of reations in network 1: 8308
Networks loaded, now generating reaction strings
Reaction strings generation finished
Removing unconnected reactions
Unconnected reactions removed
Total number of reactions after pretreatment: 8256
Time used for network pretreatment: 0.00 minutes

Job name: Bacillus_anthracis_High_pPotency_molecule_pathway10
Job type: pathway search
Job started on: 2026-03-12 17:42:03.710747
Pathway finder started, total number of reactions in network 8256
Searching for pathways.
If it is taking too long, try adjusting pruning parameters
Pathway search finished, removing loops if there's any.
Time used for pathway search: 0.02 minutes
6 pathways found!
8 reactions found in all pathways
Min number of reactions in a pathway: 3
Max number of reactions in a pathway: 3
Pruning parameters for this search:
search_depth: 3
max_num_rxns: 3
min_rxn_atom_economy: 0.3

Job name: Bacillus_anthracis_High_pPotency_molecule_pathway10
Job type: pathway ranking
Job started on: 2026-03-12 17:42:04.663154
Start ranking pathways. Number of pathways after sanitization: 6
Reaction thermodynamics ranking working
Reaction thermodynamics ranking finished
Atom economy ranking working
Min_eco 0.4519879669357898
Max_eco 1.0
None_eco 0
Atom_economy ranking finished
Number of steps ranking working
Number of steps ranking finished
By product_number ranking working
You can adjust multi-processing number to speed it up
By product_number ranking finished
min score 6.0
max score 7.0

Pathway ranking finished. Pathway scores:

ranking 1
final score 7.0
Max reaction enthalpy score 0  x  2  =  0
Number of reactions score 1.0  x  4  =  4.0
By-product score 1.0  x  2  =  2.0
Pathway atom economy score 1.0  x  1  =  1.0
Salt score 0  x  0  =  0
Reaxys score 0  x  0  =  0
Cool score 0  x  0  =  0
atom economy 1.0
pathway by-product 0
intermediate by-product {None: 0}
CC(C=O)C1OC(=O)C=C1N.C[S+](CC[C@H](N)C(=O)O)C[C@H]1O[C@@H](n2cnc3c(N)ncnc32)[C@H](O)[C@@H]1O>>CC(C)(C=O)C1OC(=O)C=C1N.Nc1ncnc2c1ncn2[C@@H]1O[C@H](CSCC[C@H](N)C(=O)O)[C@@H](O)[C@H]1O
C[S+](CC[C@H](N)C(=O)O)C[C@H]1O[C@@H](n2cnc3c(N)ncnc32)[C@H](O)[C@@H]1O.NC1=CC(=O)OC1CC=O>>CC(C=O)C1OC(=O)C=C1N.Nc1ncnc2c1ncn2[C@@H]1O[C@H](CSCC[C@H](N)C(=O)O)[C@@H](O)[C@H]1O
NC(=O)C1=CN([C@@H]2O[C@H](COP(=O)(O)OP(=O)(O)OC[C@H]3O[C@@H](n4cnc5c(N)ncnc54)[C@H](OP(=O)(O)O)[C@@H]3O)[C@@H](O)[C@H]2O)C=CC1.NC1=CC(=O)O/C1=C/C=O>>NC(=O)c1ccc[n+]([C@@H]2O[C@H](COP(=O)(O)OP(=O)(O)OC[C@H]3O[C@@H](n4cnc5c(N)ncnc54)[C@H](OP(=O)(O)O)[C@@H]3O)[C@@H](O)[C@H]2O)c1.NC1=CC(=O)OC1CC=O
rule0043_12
rule0043_12
rule0027_65
No_Thermo
No_Thermo
No_Thermo

ranking 2
final score 7.0
Max reaction enthalpy score 0  x  2  =  0
Number of reactions score 1.0  x  4  =  4.0
By-product score 1.0  x  2  =  2.0
Pathway atom economy score 1.0  x  1  =  1.0
Salt score 0  x  0  =  0
Reaxys score 0  x  0  =  0
Cool score 0  x  0  =  0
atom economy 1.0
pathway by-product 0
intermediate by-product {None: 0}
C/C(C=O)=C1\OC(=O)C=C1N.NC(=O)C1=CN([C@@H]2O[C@H](COP(=O)(O)OP(=O)(O)OC[C@H]3O[C@@H](n4cnc5c(N)ncnc54)[C@H](OP(=O)(O)O)[C@@H]3O)[C@@H](O)[C@H]2O)C=CC1>>CC(C=O)C1OC(=O)C=C1N.NC(=O)c1ccc[n+]([C@@H]2O[C@H](COP(=O)(O)OP(=O)(O)OC[C@H]3O[C@@H](n4cnc5c(N)ncnc54)[C@H](OP(=O)(O)O)[C@@H]3O)[C@@H](O)[C@H]2O)c1
CC(C=O)C1OC(=O)C=C1N.C[S+](CC[C@H](N)C(=O)O)C[C@H]1O[C@@H](n2cnc3c(N)ncnc32)[C@H](O)[C@@H]1O>>CC(C)(C=O)C1OC(=O)C=C1N.Nc1ncnc2c1ncn2[C@@H]1O[C@H](CSCC[C@H](N)C(=O)O)[C@@H](O)[C@H]1O
C[S+](CC[C@H](N)C(=O)O)C[C@H]1O[C@@H](n2cnc3c(N)ncnc32)[C@H](O)[C@@H]1O.NC1=CC(=O)O/C1=C/C=O>>C/C(C=O)=C1\OC(=O)C=C1N.Nc1ncnc2c1ncn2[C@@H]1O[C@H](CSCC[C@H](N)C(=O)O)[C@@H](O)[C@H]1O
rule0027_63
rule0043_12
rule0043_12
No_Thermo
No_Thermo
No_Thermo

ranking 3
final score 6.709763349721778
Max reaction enthalpy score 0  x  2  =  0
Number of reactions score 1.0  x  4  =  4.0
By-product score 1.0  x  2  =  2.0
Pathway atom economy score 0.7097633497217783  x  1  =  0.7097633497217783
Salt score 0  x  0  =  0
Reaxys score 0  x  0  =  0
Cool score 0  x  0  =  0
atom economy 0.8409468232112856
pathway by-product 0
intermediate by-product {None: 0}
CC(C=O)C1OC(=O)C=C1N.C[S+](CC[C@H](N)C(=O)O)C[C@H]1O[C@@H](n2cnc3c(N)ncnc32)[C@H](O)[C@@H]1O>>CC(C)(C=O)C1OC(=O)C=C1N.Nc1ncnc2c1ncn2[C@@H]1O[C@H](CSCC[C@H](N)C(=O)O)[C@@H](O)[C@H]1O
C[S+](CC[C@H](N)C(=O)O)C[C@H]1O[C@@H](n2cnc3c(N)ncnc32)[C@H](O)[C@@H]1O.NC1=CC(=O)OC1CC=O>>CC(C=O)C1OC(=O)C=C1N.Nc1ncnc2c1ncn2[C@@H]1O[C@H](CSCC[C@H](N)C(=O)O)[C@@H](O)[C@H]1O
NC1=CC(=O)O/C1=C/C=O.OO>>NC1=CC(=O)OC1CC=O.O=O
rule0043_12
rule0043_12
rule0114_4
No_Thermo
No_Thermo
No_Thermo

ranking 4
final score 6.709763349721778
Max reaction enthalpy score 0  x  2  =  0
Number of reactions score 1.0  x  4  =  4.0
By-product score 1.0  x  2  =  2.0
Pathway atom economy score 0.7097633497217783  x  1  =  0.7097633497217783
Salt score 0  x  0  =  0
Reaxys score 0  x  0  =  0
Cool score 0  x  0  =  0
atom economy 0.8409468232112856
pathway by-product 0
intermediate by-product {None: 0}
C/C(C=O)=C1\OC(=O)C=C1N.OO>>CC(C=O)C1OC(=O)C=C1N.O=O
CC(C=O)C1OC(=O)C=C1N.C[S+](CC[C@H](N)C(=O)O)C[C@H]1O[C@@H](n2cnc3c(N)ncnc32)[C@H](O)[C@@H]1O>>CC(C)(C=O)C1OC(=O)C=C1N.Nc1ncnc2c1ncn2[C@@H]1O[C@H](CSCC[C@H](N)C(=O)O)[C@@H](O)[C@H]1O
C[S+](CC[C@H](N)C(=O)O)C[C@H]1O[C@@H](n2cnc3c(N)ncnc32)[C@H](O)[C@@H]1O.NC1=CC(=O)O/C1=C/C=O>>C/C(C=O)=C1\OC(=O)C=C1N.Nc1ncnc2c1ncn2[C@@H]1O[C@H](CSCC[C@H](N)C(=O)O)[C@@H](O)[C@H]1O
rule0114_4
rule0043_12
rule0043_12
No_Thermo
No_Thermo
No_Thermo

ranking 5
final score 6.170098089174377
Max reaction enthalpy score 0  x  2  =  0
Number of reactions score 1.0  x  4  =  4.0
By-product score 1.0  x  2  =  2.0
Pathway atom economy score 0.17009808917437702  x  1  =  0.17009808917437702
Salt score 0  x  0  =  0
Reaxys score 0  x  0  =  0
Cool score 0  x  0  =  0
atom economy 0.5452037666045775
pathway by-product 0
intermediate by-product {None: 0}
C/C(C=O)=C1\OC(=O)C=C1N.NC(=O)C1=CN([C@@H]2O[C@H](COP(=O)(O)OP(=O)(O)OC[C@H]3O[C@@H](n4cnc5c(N)ncnc54)[C@H](OP(=O)(O)O)[C@@H]3O)[C@@H](O)[C@H]2O)C=CC1>>CC(C=O)C1OC(=O)C=C1N.NC(=O)c1ccc[n+]([C@@H]2O[C@H](COP(=O)(O)OP(=O)(O)OC[C@H]3O[C@@H](n4cnc5c(N)ncnc54)[C@H](OP(=O)(O)O)[C@@H]3O)[C@@H](O)[C@H]2O)c1
CC(C=O)C1OC(=O)C=C1N.CC(C=O)C1OC(=O)C=C1N>>CC(C)(C=O)C1OC(=O)C=C1N.NC1=CC(=O)OC1CC=O
C[S+](CC[C@H](N)C(=O)O)C[C@H]1O[C@@H](n2cnc3c(N)ncnc32)[C@H](O)[C@@H]1O.NC1=CC(=O)O/C1=C/C=O>>C/C(C=O)=C1\OC(=O)C=C1N.Nc1ncnc2c1ncn2[C@@H]1O[C@H](CSCC[C@H](N)C(=O)O)[C@@H](O)[C@H]1O
rule0027_63
rule0126_2
rule0043_12
No_Thermo
No_Thermo
No_Thermo

ranking 6
final score 6.0
Max reaction enthalpy score 0  x  2  =  0
Number of reactions score 1.0  x  4  =  4.0
By-product score 1.0  x  2  =  2.0
Pathway atom economy score 0.0  x  1  =  0.0
Salt score 0  x  0  =  0
Reaxys score 0  x  0  =  0
Cool score 0  x  0  =  0
atom economy 0.4519879669357898
pathway by-product 0
intermediate by-product {None: 0}
C/C(C=O)=C1\OC(=O)C=C1N.OO>>CC(C=O)C1OC(=O)C=C1N.O=O
CC(C=O)C1OC(=O)C=C1N.CC(C=O)C1OC(=O)C=C1N>>CC(C)(C=O)C1OC(=O)C=C1N.NC1=CC(=O)OC1CC=O
C[S+](CC[C@H](N)C(=O)O)C[C@H]1O[C@@H](n2cnc3c(N)ncnc32)[C@H](O)[C@@H]1O.NC1=CC(=O)O/C1=C/C=O>>C/C(C=O)=C1\OC(=O)C=C1N.Nc1ncnc2c1ncn2[C@@H]1O[C@H](CSCC[C@H](N)C(=O)O)[C@@H](O)[C@H]1O
rule0114_4
rule0126_2
rule0043_12
No_Thermo
No_Thermo
No_Thermo

Time used for pathway ranking: 0.05 minutes

Job name: Bacillus_anthracis_High_pPotency_molecule_pathway10
Job type: pathway visualization
Job started on: 2026-03-12 17:42:07.664426
pygraphviz is NOT installed.
A custom node layout will be used for pathway visualization
Number of pathways:  6
Number of reactions in reaxys:  0
Working on creating pages
You can adjust multi-processing number to speed up PDF generation
page done: 1
page done: 2
page done: 3
page done: 4
page done: 5
page done: 6
Finished with pages, writing to pdf
Time used for pathway visualization: 0.06 minutes

A custom node layout was used for pathway visualization
For a better layout, please install pygraphviz and Graphviz with the following command:
conda install conda-forge::pygraphviz
which should install both packages together

[DONE]  Bacillus_anthracis_High_pPotency_molecule_pathway10  genMols=4152  pathwayTargets=4141  time=63427.73s
[START] Bacillus_anthracis_High_pPotency_molecule_pathway19  target=C1=C(/C(=C\C=O)/OC1=O)N
Job name: Bacillus_anthracis_High_pPotency_molecule_pathway12
Job type: enzymatic network expansion forward
Ruleset: JN3604IMT (JN3604IMT_rules.tsv)
Job started on: 2026-03-12 01:49:18.138207
Checking for targets
Target found for NC(=CC(N)(O)C=O)C(=O)CC=O
Number of generations: 3
Number of operators loaded: 3571
Number of molecules before expantion (including cofactors): 42
Number of molecules after expantion (including cofactors): 4151
Number of reactions: 8308
Time used for network generation: 957.03 minutes

Job name: Bacillus_anthracis_High_pPotency_molecule_pathway12
Job type: post-processing pretreat networks
Job started on: 2026-03-12 17:46:23.032051
Loading networks, it may take a while if loading large networks from file
Loading network 1 from memory
Number of reations in network 1: 8308
Networks loaded, now generating reaction strings
Reaction strings generation finished
Removing unconnected reactions
Unconnected reactions removed
Total number of reactions after pretreatment: 8256
Time used for network pretreatment: 0.00 minutes

Job name: Bacillus_anthracis_High_pPotency_molecule_pathway12
Job type: pathway search
Job started on: 2026-03-12 17:46:23.250646
Pathway finder started, total number of reactions in network 8256
Searching for pathways.
If it is taking too long, try adjusting pruning parameters
Pathway search finished, removing loops if there's any.
Time used for pathway search: 0.02 minutes
7 pathways found!
11 reactions found in all pathways
Min number of reactions in a pathway: 2
Max number of reactions in a pathway: 3
Pruning parameters for this search:
search_depth: 3
max_num_rxns: 3
min_rxn_atom_economy: 0.3

Job name: Bacillus_anthracis_High_pPotency_molecule_pathway12
Job type: pathway ranking
Job started on: 2026-03-12 17:46:24.196133
Start ranking pathways. Number of pathways after sanitization: 7
Reaction thermodynamics ranking working
Reaction thermodynamics ranking finished
Atom economy ranking working
Min_eco 0.7207377698594821
Max_eco 0.9069405845464033
None_eco 0
Atom_economy ranking finished
Number of steps ranking working
Number of steps ranking finished
By product_number ranking working
You can adjust multi-processing number to speed it up
By product_number ranking finished
min score 2.0
max score 7.0

Pathway ranking finished. Pathway scores:

ranking 1
final score 7.0
Max reaction enthalpy score 0  x  2  =  0
Number of reactions score 1.0  x  4  =  4.0
By-product score 1.0  x  2  =  2.0
Pathway atom economy score 1.0  x  1  =  1.0
Salt score 0  x  0  =  0
Reaxys score 0  x  0  =  0
Cool score 0  x  0  =  0
atom economy 0.9069405845464033
pathway by-product 0
intermediate by-product {None: 0}
Cl.NC1=CC(=O)O/C1=C(\O)CO>>NC1=CC(=O)O/C1=C(\Cl)CO.O
NC1=CC(=O)O/C1=C/C=O.O>>NC1=CC(=O)O/C1=C(\O)CO
rule0183_6
rule0070_6
No_Thermo
No_Thermo

ranking 2
final score 2.5853237661235
Max reaction enthalpy score 0  x  2  =  0
Number of reactions score 0.0  x  4  =  0.0
By-product score 1.0  x  2  =  2.0
Pathway atom economy score 0.5853237661235  x  1  =  0.5853237661235
Salt score 0  x  0  =  0
Reaxys score 0  x  0  =  0
Cool score 0  x  0  =  0
atom economy 0.829726702614827
pathway by-product 0
intermediate by-product {None: 0}
Cl.NC1=CC(=O)O/C1=C(\O)CO>>NC1=CC(=O)O/C1=C(\Cl)CO.O
NC(=O)C1=CN([C@@H]2O[C@H](COP(=O)(O)OP(=O)(O)OC[C@H]3O[C@@H](n4cnc5c(N)ncnc54)[C@H](OP(=O)(O)O)[C@@H]3O)[C@@H](O)[C@H]2O)C=CC1.NC1=CC(=O)O/C1=C/C=O>>NC(=O)c1ccc[n+]([C@@H]2O[C@H](COP(=O)(O)OP(=O)(O)OC[C@H]3O[C@@H](n4cnc5c(N)ncnc54)[C@H](OP(=O)(O)O)[C@@H]3O)[C@@H](O)[C@H]2O)c1.NC1=CC(=O)O/C1=C/CO
NC(=O)C1=CN([C@@H]2O[C@H](COP(=O)(O)OP(=O)(O)OC[C@H]3O[C@@H](n4cnc5c(N)ncnc54)[C@H](OP(=O)(O)O)[C@@H]3O)[C@@H](O)[C@H]2O)C=CC1.NC1=CC(=O)O/C1=C/CO.O=O>>NC(=O)c1ccc[n+]([C@@H]2O[C@H](COP(=O)(O)OP(=O)(O)OC[C@H]3O[C@@H](n4cnc5c(N)ncnc54)[C@H](OP(=O)(O)O)[C@@H]3O)[C@@H](O)[C@H]2O)c1.NC1=CC(=O)O/C1=C(\O)CO.O
rule0183_6
rule0003_176
rule0004_13
No_Thermo
No_Thermo
No_Thermo

ranking 3
final score 2.5853237661235
Max reaction enthalpy score 0  x  2  =  0
Number of reactions score 0.0  x  4  =  0.0
By-product score 1.0  x  2  =  2.0
Pathway atom economy score 0.5853237661235  x  1  =  0.5853237661235
Salt score 0  x  0  =  0
Reaxys score 0  x  0  =  0
Cool score 0  x  0  =  0
atom economy 0.829726702614827
pathway by-product 0
intermediate by-product {None: 0}
Cl.NC1=CC(=O)O/C1=C(\O)CO>>NC1=CC(=O)O/C1=C(\Cl)CO.O
NC(=O)C1=CN([C@@H]2O[C@H](COP(=O)(O)OP(=O)(O)OC[C@H]3O[C@@H](n4cnc5c(N)ncnc54)[C@H](OP(=O)(O)O)[C@@H]3O)[C@@H](O)[C@H]2O)C=CC1.NC1=CC(=O)O/C1=C(\O)C=O>>NC(=O)c1ccc[n+]([C@@H]2O[C@H](COP(=O)(O)OP(=O)(O)OC[C@H]3O[C@@H](n4cnc5c(N)ncnc54)[C@H](OP(=O)(O)O)[C@@H]3O)[C@@H](O)[C@H]2O)c1.NC1=CC(=O)O/C1=C(\O)CO
NC(=O)C1=CN([C@@H]2O[C@H](COP(=O)(O)OP(=O)(O)OC[C@H]3O[C@@H](n4cnc5c(N)ncnc54)[C@H](OP(=O)(O)O)[C@@H]3O)[C@@H](O)[C@H]2O)C=CC1.NC1=CC(=O)O/C1=C/C=O.O=O>>NC(=O)c1ccc[n+]([C@@H]2O[C@H](COP(=O)(O)OP(=O)(O)OC[C@H]3O[C@@H](n4cnc5c(N)ncnc54)[C@H](OP(=O)(O)O)[C@@H]3O)[C@@H](O)[C@H]2O)c1.NC1=CC(=O)O/C1=C(\O)C=O.O
rule0183_6
rule0003_171
rule0004_13
No_Thermo
No_Thermo
No_Thermo

ranking 4
final score 2.5853237661235
Max reaction enthalpy score 0  x  2  =  0
Number of reactions score 0.0  x  4  =  0.0
By-product score 1.0  x  2  =  2.0
Pathway atom economy score 0.5853237661235  x  1  =  0.5853237661235
Salt score 0  x  0  =  0
Reaxys score 0  x  0  =  0
Cool score 0  x  0  =  0
atom economy 0.829726702614827
pathway by-product 0
intermediate by-product {None: 0}
Cl.NC1=CC(=O)O/C1=C(\O)C=O>>NC1=CC(=O)O/C1=C(\Cl)C=O.O
NC(=O)C1=CN([C@@H]2O[C@H](COP(=O)(O)OP(=O)(O)OC[C@H]3O[C@@H](n4cnc5c(N)ncnc54)[C@H](OP(=O)(O)O)[C@@H]3O)[C@@H](O)[C@H]2O)C=CC1.NC1=CC(=O)O/C1=C(\Cl)C=O>>NC(=O)c1ccc[n+]([C@@H]2O[C@H](COP(=O)(O)OP(=O)(O)OC[C@H]3O[C@@H](n4cnc5c(N)ncnc54)[C@H](OP(=O)(O)O)[C@@H]3O)[C@@H](O)[C@H]2O)c1.NC1=CC(=O)O/C1=C(\Cl)CO
NC(=O)C1=CN([C@@H]2O[C@H](COP(=O)(O)OP(=O)(O)OC[C@H]3O[C@@H](n4cnc5c(N)ncnc54)[C@H](OP(=O)(O)O)[C@@H]3O)[C@@H](O)[C@H]2O)C=CC1.NC1=CC(=O)O/C1=C/C=O.O=O>>NC(=O)c1ccc[n+]([C@@H]2O[C@H](COP(=O)(O)OP(=O)(O)OC[C@H]3O[C@@H](n4cnc5c(N)ncnc54)[C@H](OP(=O)(O)O)[C@@H]3O)[C@@H](O)[C@H]2O)c1.NC1=CC(=O)O/C1=C(\O)C=O.O
rule0183_6
rule0003_176
rule0004_13
No_Thermo
No_Thermo
No_Thermo

ranking 5
final score 2.0
Max reaction enthalpy score 0  x  2  =  0
Number of reactions score 0.0  x  4  =  0.0
By-product score 1.0  x  2  =  2.0
Pathway atom economy score 0.0  x  1  =  0.0
Salt score 0  x  0  =  0
Reaxys score 0  x  0  =  0
Cool score 0  x  0  =  0
atom economy 0.7207377698594821
pathway by-product 0
intermediate by-product {None: 0}
Cl.NC1=CC(=O)O/C1=C(\O)CO>>NC1=CC(=O)O/C1=C(\Cl)CO.O
NC(=O)C1=CN([C@@H]2O[C@H](COP(=O)(O)OP(=O)(O)OC[C@H]3O[C@@H](n4cnc5c(N)ncnc54)[C@H](OP(=O)(O)O)[C@@H]3O)[C@@H](O)[C@H]2O)C=CC1.NC1=CC(=O)O/C1=C/CO.O=O>>NC(=O)c1ccc[n+]([C@@H]2O[C@H](COP(=O)(O)OP(=O)(O)OC[C@H]3O[C@@H](n4cnc5c(N)ncnc54)[C@H](OP(=O)(O)O)[C@@H]3O)[C@@H](O)[C@H]2O)c1.NC1=CC(=O)O/C1=C(\O)CO.O
NC1=CC(=O)O/C1=C/C=O.OO>>NC1=CC(=O)O/C1=C/CO.O=O
rule0183_6
rule0004_13
rule0078_17
No_Thermo
No_Thermo
No_Thermo

ranking 6
final score 2.0
Max reaction enthalpy score 0  x  2  =  0
Number of reactions score 0.0  x  4  =  0.0
By-product score 1.0  x  2  =  2.0
Pathway atom economy score 0.0  x  1  =  0.0
Salt score 0  x  0  =  0
Reaxys score 0  x  0  =  0
Cool score 0  x  0  =  0
atom economy 0.7207377698594821
pathway by-product 0
intermediate by-product {None: 0}
Cl.NC1=CC(=O)O/C1=C(\O)CO>>NC1=CC(=O)O/C1=C(\Cl)CO.O
NC(=O)C1=CN([C@@H]2O[C@H](COP(=O)(O)OP(=O)(O)OC[C@H]3O[C@@H](n4cnc5c(N)ncnc54)[C@H](OP(=O)(O)O)[C@@H]3O)[C@@H](O)[C@H]2O)C=CC1.NC1=CC(=O)O/C1=C/C=O.O=O>>NC(=O)c1ccc[n+]([C@@H]2O[C@H](COP(=O)(O)OP(=O)(O)OC[C@H]3O[C@@H](n4cnc5c(N)ncnc54)[C@H](OP(=O)(O)O)[C@@H]3O)[C@@H](O)[C@H]2O)c1.NC1=CC(=O)O/C1=C(\O)C=O.O
NC1=CC(=O)O/C1=C(\O)C=O.OO>>NC1=CC(=O)O/C1=C(\O)CO.O=O
rule0183_6
rule0004_13
rule0078_15
No_Thermo
No_Thermo
No_Thermo

ranking 7
final score 2.0
Max reaction enthalpy score 0  x  2  =  0
Number of reactions score 0.0  x  4  =  0.0
By-product score 1.0  x  2  =  2.0
Pathway atom economy score 0.0  x  1  =  0.0
Salt score 0  x  0  =  0
Reaxys score 0  x  0  =  0
Cool score 0  x  0  =  0
atom economy 0.7207377698594821
pathway by-product 0
intermediate by-product {None: 0}
Cl.NC1=CC(=O)O/C1=C(\O)C=O>>NC1=CC(=O)O/C1=C(\Cl)C=O.O
NC(=O)C1=CN([C@@H]2O[C@H](COP(=O)(O)OP(=O)(O)OC[C@H]3O[C@@H](n4cnc5c(N)ncnc54)[C@H](OP(=O)(O)O)[C@@H]3O)[C@@H](O)[C@H]2O)C=CC1.NC1=CC(=O)O/C1=C/C=O.O=O>>NC(=O)c1ccc[n+]([C@@H]2O[C@H](COP(=O)(O)OP(=O)(O)OC[C@H]3O[C@@H](n4cnc5c(N)ncnc54)[C@H](OP(=O)(O)O)[C@@H]3O)[C@@H](O)[C@H]2O)c1.NC1=CC(=O)O/C1=C(\O)C=O.O
NC1=CC(=O)O/C1=C(\Cl)C=O.OO>>NC1=CC(=O)O/C1=C(\Cl)CO.O=O
rule0183_6
rule0004_13
rule0078_17
No_Thermo
No_Thermo
No_Thermo

Time used for pathway ranking: 0.06 minutes

Job name: Bacillus_anthracis_High_pPotency_molecule_pathway12
Job type: pathway visualization
Job started on: 2026-03-12 17:46:27.560357
pygraphviz is NOT installed.
A custom node layout will be used for pathway visualization
Number of pathways:  7
Number of reactions in reaxys:  0
Working on creating pages
You can adjust multi-processing number to speed up PDF generation
page done: 1
page done: 2
page done: 3
page done: 4
page done: 5
page done: 6
page done: 7
Finished with pages, writing to pdf
Time used for pathway visualization: 0.06 minutes

A custom node layout was used for pathway visualization
For a better layout, please install pygraphviz and Graphviz with the following command:
conda install conda-forge::pygraphviz
which should install both packages together

[DONE]  Bacillus_anthracis_High_pPotency_molecule_pathway12  genMols=4152  pathwayTargets=4141  time=57433.33s
[START] Bacillus_anthracis_High_pPotency_molecule_pathway20  target=NC(=CC(=O)Cl)C(=O)CC(=O)C(N)=CC(=O)Cl
Job name: Bacillus_anthracis_High_pPotency_molecule_pathway11
Job type: enzymatic network expansion forward
Ruleset: JN3604IMT (JN3604IMT_rules.tsv)
Job started on: 2026-03-12 00:57:38.415206
Checking for targets
Target found for NC1=CC(=O)OC1(N)C(C=O)C=O
Number of generations: 3
Number of operators loaded: 3571
Number of molecules before expantion (including cofactors): 42
Number of molecules after expantion (including cofactors): 4151
Number of reactions: 8308
Time used for network generation: 1030.61 minutes

Job name: Bacillus_anthracis_High_pPotency_molecule_pathway11
Job type: post-processing pretreat networks
Job started on: 2026-03-12 18:08:17.883292
Loading networks, it may take a while if loading large networks from file
Loading network 1 from memory
Number of reations in network 1: 8308
Networks loaded, now generating reaction strings
Reaction strings generation finished
Removing unconnected reactions
Unconnected reactions removed
Total number of reactions after pretreatment: 8256
Time used for network pretreatment: 0.00 minutes

Job name: Bacillus_anthracis_High_pPotency_molecule_pathway11
Job type: pathway search
Job started on: 2026-03-12 18:08:18.099853
Pathway finder started, total number of reactions in network 8256
Searching for pathways.
If it is taking too long, try adjusting pruning parameters
Pathway search finished, removing loops if there's any.
Time used for pathway search: 0.02 minutes
1 pathways found!
3 reactions found in all pathways
Min number of reactions in a pathway: 3
Max number of reactions in a pathway: 3
Pruning parameters for this search:
search_depth: 3
max_num_rxns: 3
min_rxn_atom_economy: 0.3

Job name: Bacillus_anthracis_High_pPotency_molecule_pathway11
Job type: pathway ranking
Job started on: 2026-03-12 18:08:19.040002
Start ranking pathways. Number of pathways after sanitization: 1
Reaction thermodynamics ranking working
Reaction thermodynamics ranking finished
Atom economy ranking working
Min_eco 0.7005667719105138
Max_eco 0.7005667719105138
None_eco 0
Atom_economy ranking finished
Number of steps ranking working
Number of steps ranking finished
By product_number ranking working
You can adjust multi-processing number to speed it up
By product_number ranking finished
min score 6.0
max score 6.0

Pathway ranking finished. Pathway scores:

ranking 1
final score 6.0
Max reaction enthalpy score 0  x  2  =  0
Number of reactions score 1.0  x  4  =  4.0
By-product score 1.0  x  2  =  2.0
Pathway atom economy score 0.0  x  1  =  0.0
Salt score 0  x  0  =  0
Reaxys score 0  x  0  =  0
Cool score 0  x  0  =  0
atom economy 0.7005667719105138
pathway by-product 0
intermediate by-product {None: 0}
NC(=C=O)C(=O)CC=O.O>>NC(C(=O)O)C(=O)CC=O
NC(=CC(=O)O)C(=O)CC=O.O=O>>NC(=C=O)C(=O)CC=O.O.O=C=O
NC1=CC(=O)O/C1=C/C=O.O>>NC(=CC(=O)O)C(=O)CC=O
rule0020_19
rule0352_2
rule0189_1
No_Thermo
No_Thermo
No_Thermo

Time used for pathway ranking: 0.04 minutes

Job name: Bacillus_anthracis_High_pPotency_molecule_pathway11
Job type: pathway visualization
Job started on: 2026-03-12 18:08:21.732776
pygraphviz is NOT installed.
A custom node layout will be used for pathway visualization
Number of pathways:  1
Number of reactions in reaxys:  0
Working on creating pages
You can adjust multi-processing number to speed up PDF generation
page done: 1
Finished with pages, writing to pdf
Time used for pathway visualization: 0.02 minutes

A custom node layout was used for pathway visualization
For a better layout, please install pygraphviz and Graphviz with the following command:
conda install conda-forge::pygraphviz
which should install both packages together

[DONE]  Bacillus_anthracis_High_pPotency_molecule_pathway11  genMols=4152  pathwayTargets=4141  time=61844.75s
Job name: Bacillus_anthracis_High_pPotency_molecule_pathway13
Job type: enzymatic network expansion forward
Ruleset: JN3604IMT (JN3604IMT_rules.tsv)
Job started on: 2026-03-12 02:10:01.585482
Checking for targets
Target found for NC=CC(=O)C(N)=CC(=O)O
Number of generations: 3
Number of operators loaded: 3571
Number of molecules before expantion (including cofactors): 42
Number of molecules after expantion (including cofactors): 4151
Number of reactions: 8308
Time used for network generation: 968.35 minutes

Job name: Bacillus_anthracis_High_pPotency_molecule_pathway13
Job type: post-processing pretreat networks
Job started on: 2026-03-12 18:18:25.870429
Loading networks, it may take a while if loading large networks from file
Loading network 1 from memory
Number of reations in network 1: 8308
Networks loaded, now generating reaction strings
Reaction strings generation finished
Removing unconnected reactions
Unconnected reactions removed
Total number of reactions after pretreatment: 8256
Time used for network pretreatment: 0.00 minutes

Job name: Bacillus_anthracis_High_pPotency_molecule_pathway13
Job type: pathway search
Job started on: 2026-03-12 18:18:26.088015
Pathway finder started, total number of reactions in network 8256
Searching for pathways.
If it is taking too long, try adjusting pruning parameters
Pathway search finished, removing loops if there's any.
Time used for pathway search: 0.02 minutes
3 pathways found!
7 reactions found in all pathways
Min number of reactions in a pathway: 3
Max number of reactions in a pathway: 3
Pruning parameters for this search:
search_depth: 3
max_num_rxns: 3
min_rxn_atom_economy: 0.3

Job name: Bacillus_anthracis_High_pPotency_molecule_pathway13
Job type: pathway ranking
Job started on: 2026-03-12 18:18:27.035941
Start ranking pathways. Number of pathways after sanitization: 3
Reaction thermodynamics ranking working
Reaction thermodynamics ranking finished
Atom economy ranking working
Min_eco 0.8965582581134156
Max_eco 0.8965582581134156
None_eco 0
Atom_economy ranking finished
Number of steps ranking working
Number of steps ranking finished
By product_number ranking working
You can adjust multi-processing number to speed it up
By product_number ranking finished
min score 6.0
max score 6.0

Pathway ranking finished. Pathway scores:

ranking 1
final score 6.0
Max reaction enthalpy score 0  x  2  =  0
Number of reactions score 1.0  x  4  =  4.0
By-product score 1.0  x  2  =  2.0
Pathway atom economy score 0.0  x  1  =  0.0
Salt score 0  x  0  =  0
Reaxys score 0  x  0  =  0
Cool score 0  x  0  =  0
atom economy 0.8965582581134156
pathway by-product 0
intermediate by-product {None: 0}
N.O=C(O)C=C1N=CCC1=O>>NC1(CC(=O)O)N=CCC1=O
NC1=CC(=O)O/C1=C/C=O>>O.O=C1C=C2N=CC=C2O1
O.O=C1C=C2N=CC=C2O1>>O=C(O)C=C1N=CCC1=O
rule0257_1
rule0146_1
rule0189_1
No_Thermo
No_Thermo
No_Thermo

ranking 2
final score 6.0
Max reaction enthalpy score 0  x  2  =  0
Number of reactions score 1.0  x  4  =  4.0
By-product score 1.0  x  2  =  2.0
Pathway atom economy score 0.0  x  1  =  0.0
Salt score 0  x  0  =  0
Reaxys score 0  x  0  =  0
Cool score 0  x  0  =  0
atom economy 0.8965582581134156
pathway by-product 0
intermediate by-product {None: 0}
N.O=C(O)C=C1N=CCC1=O>>NC1(CC(=O)O)N=CCC1=O
NC(=CC(=O)O)C(=O)CC=O>>O.O=C(O)C=C1N=CCC1=O
NC1=CC(=O)O/C1=C/C=O.O>>NC(=CC(=O)O)C(=O)CC=O
rule0257_1
rule0146_1
rule0189_1
No_Thermo
No_Thermo
No_Thermo

ranking 3
final score 6.0
Max reaction enthalpy score 0  x  2  =  0
Number of reactions score 1.0  x  4  =  4.0
By-product score 1.0  x  2  =  2.0
Pathway atom economy score 0.0  x  1  =  0.0
Salt score 0  x  0  =  0
Reaxys score 0  x  0  =  0
Cool score 0  x  0  =  0
atom economy 0.8965582581134156
pathway by-product 0
intermediate by-product {None: 0}
N.NC(=CC(=O)O)C(=O)CC=O>>NC(N)(CC(=O)O)C(=O)CC=O
NC(N)(CC(=O)O)C(=O)CC=O>>NC1(CC(=O)O)N=CCC1=O.O
NC1=CC(=O)O/C1=C/C=O.O>>NC(=CC(=O)O)C(=O)CC=O
rule0257_1
rule0146_1
rule0189_1
No_Thermo
No_Thermo
No_Thermo

Time used for pathway ranking: 0.06 minutes

Job name: Bacillus_anthracis_High_pPotency_molecule_pathway13
Job type: pathway visualization
Job started on: 2026-03-12 18:18:30.494589
pygraphviz is NOT installed.
A custom node layout will be used for pathway visualization
Number of pathways:  3
Number of reactions in reaxys:  0
Working on creating pages
You can adjust multi-processing number to speed up PDF generation
page done: 1
page done: 2
page done: 3
Finished with pages, writing to pdf
Time used for pathway visualization: 0.04 minutes

A custom node layout was used for pathway visualization
For a better layout, please install pygraphviz and Graphviz with the following command:
conda install conda-forge::pygraphviz
which should install both packages together

[DONE]  Bacillus_anthracis_High_pPotency_molecule_pathway13  genMols=4152  pathwayTargets=4141  time=58111.10s
Job name: Bacillus_anthracis_High_pPotency_molecule_pathway16
Job type: enzymatic network expansion forward
Ruleset: JN3604IMT (JN3604IMT_rules.tsv)
Job started on: 2026-03-12 04:56:20.531465
Checking for targets
Target found for NCC(=O)/C=C1/OC(=O)C=C1N
Target found for NCC(=O)C=C1OC(=O)C=C1N
Number of generations: 3
Number of operators loaded: 3571
Number of molecules before expantion (including cofactors): 42
Number of molecules after expantion (including cofactors): 4151
Number of reactions: 8308
Time used for network generation: 804.46 minutes

Job name: Bacillus_anthracis_High_pPotency_molecule_pathway16
Job type: post-processing pretreat networks
Job started on: 2026-03-12 18:20:50.928733
Loading networks, it may take a while if loading large networks from file
Loading network 1 from memory
Number of reations in network 1: 8308
Networks loaded, now generating reaction strings
Reaction strings generation finished
Removing unconnected reactions
Unconnected reactions removed
Total number of reactions after pretreatment: 8256
Time used for network pretreatment: 0.00 minutes

Job name: Bacillus_anthracis_High_pPotency_molecule_pathway16
Job type: pathway search
Job started on: 2026-03-12 18:20:51.154772
Pathway finder started, total number of reactions in network 8256
Searching for pathways.
If it is taking too long, try adjusting pruning parameters
Pathway search finished, removing loops if there's any.
Time used for pathway search: 0.02 minutes
1 pathways found!
3 reactions found in all pathways
Min number of reactions in a pathway: 3
Max number of reactions in a pathway: 3
Pruning parameters for this search:
search_depth: 3
max_num_rxns: 3
min_rxn_atom_economy: 0.3

Job name: Bacillus_anthracis_High_pPotency_molecule_pathway16
Job type: pathway ranking
Job started on: 2026-03-12 18:20:52.124134
Start ranking pathways. Number of pathways after sanitization: 1
Reaction thermodynamics ranking working
Reaction thermodynamics ranking finished
Atom economy ranking working
Min_eco 0.5896945709326826
Max_eco 0.5896945709326826
None_eco 0
Atom_economy ranking finished
Number of steps ranking working
Number of steps ranking finished
By product_number ranking working
You can adjust multi-processing number to speed it up
By product_number ranking finished
min score 6.0
max score 6.0

Pathway ranking finished. Pathway scores:

ranking 1
final score 6.0
Max reaction enthalpy score 0  x  2  =  0
Number of reactions score 1.0  x  4  =  4.0
By-product score 1.0  x  2  =  2.0
Pathway atom economy score 0.0  x  1  =  0.0
Salt score 0  x  0  =  0
Reaxys score 0  x  0  =  0
Cool score 0  x  0  =  0
atom economy 0.5896945709326826
pathway by-product 0
intermediate by-product {None: 0}
N.NC1=CC(=O)O/C1=C/C=O>>NC1=CC(=O)OC1(N)CC=O
NC1=C(CC=O)C(=O)OC1N.NC1=C(CC=O)C(=O)OC1N>>CC1=C(N)C(N)OC1=O.NC1=C(CC=O)C(=O)OC1(N)C=O
NC1=CC(=O)OC1(N)CC=O>>NC1=C(CC=O)C(=O)OC1N
rule0257_1
rule0126_2
rule0028_51
No_Thermo
No_Thermo
No_Thermo

Time used for pathway ranking: 0.04 minutes

Job name: Bacillus_anthracis_High_pPotency_molecule_pathway16
Job type: pathway visualization
Job started on: 2026-03-12 18:20:54.768351
pygraphviz is NOT installed.
A custom node layout will be used for pathway visualization
Number of pathways:  1
Number of reactions in reaxys:  0
Working on creating pages
You can adjust multi-processing number to speed up PDF generation
page done: 1
Finished with pages, writing to pdf
Time used for pathway visualization: 0.03 minutes

A custom node layout was used for pathway visualization
For a better layout, please install pygraphviz and Graphviz with the following command:
conda install conda-forge::pygraphviz
which should install both packages together

[DONE]  Bacillus_anthracis_High_pPotency_molecule_pathway16  genMols=4152  pathwayTargets=4141  time=48276.17s
Job name: Bacillus_anthracis_High_pPotency_molecule_pathway15
Job type: enzymatic network expansion forward
Ruleset: JN3604IMT (JN3604IMT_rules.tsv)
Job started on: 2026-03-12 03:56:31.238193
Checking for targets
Target found for NCC(=O)/C=C1/OC(=O)C=C1N
Target found for NCC(=O)C=C1OC(=O)C=C1N
Number of generations: 3
Number of operators loaded: 3571
Number of molecules before expantion (including cofactors): 42
Number of molecules after expantion (including cofactors): 4151
Number of reactions: 8308
Time used for network generation: 912.35 minutes

Job name: Bacillus_anthracis_High_pPotency_molecule_pathway15
Job type: post-processing pretreat networks
Job started on: 2026-03-12 19:08:55.043862
Loading networks, it may take a while if loading large networks from file
Loading network 1 from memory
Number of reations in network 1: 8308
Networks loaded, now generating reaction strings
Reaction strings generation finished
Removing unconnected reactions
Unconnected reactions removed
Total number of reactions after pretreatment: 8256
Time used for network pretreatment: 0.00 minutes

Job name: Bacillus_anthracis_High_pPotency_molecule_pathway15
Job type: pathway search
Job started on: 2026-03-12 19:08:55.260953
Pathway finder started, total number of reactions in network 8256
Searching for pathways.
If it is taking too long, try adjusting pruning parameters
Pathway search finished, removing loops if there's any.
Time used for pathway search: 0.02 minutes
10 pathways found!
13 reactions found in all pathways
Min number of reactions in a pathway: 2
Max number of reactions in a pathway: 3
Pruning parameters for this search:
search_depth: 3
max_num_rxns: 3
min_rxn_atom_economy: 0.3

Job name: Bacillus_anthracis_High_pPotency_molecule_pathway15
Job type: pathway ranking
Job started on: 2026-03-12 19:08:56.205766
Start ranking pathways. Number of pathways after sanitization: 10
Reaction thermodynamics ranking working
Reaction thermodynamics ranking finished
Atom economy ranking working
Min_eco 0.545798859844453
Max_eco 1.0
None_eco 0
Atom_economy ranking finished
Number of steps ranking working
Number of steps ranking finished
By product_number ranking working
You can adjust multi-processing number to speed it up
By product_number ranking finished
min score 2.0
max score 7.0

Pathway ranking finished. Pathway scores:

ranking 1
final score 7.0
Max reaction enthalpy score 0  x  2  =  0
Number of reactions score 1.0  x  4  =  4.0
By-product score 1.0  x  2  =  2.0
Pathway atom economy score 1.0  x  1  =  1.0
Salt score 0  x  0  =  0
Reaxys score 0  x  0  =  0
Cool score 0  x  0  =  0
atom economy 1.0
pathway by-product 0
intermediate by-product {None: 0}
CC(=O)/C=C1/OC(=O)C=C1N.C[S+](CC[C@H](N)C(=O)O)C[C@H]1O[C@@H](n2cnc3c(N)ncnc32)[C@H](O)[C@@H]1O>>CCC(=O)/C=C1/OC(=O)C=C1N.Nc1ncnc2c1ncn2[C@@H]1O[C@H](CSCC[C@H](N)C(=O)O)[C@@H](O)[C@H]1O
C[S+](CC[C@H](N)C(=O)O)C[C@H]1O[C@@H](n2cnc3c(N)ncnc32)[C@H](O)[C@@H]1O.NC1=CC(=O)O/C1=C/C=O>>CC(=O)/C=C1/OC(=O)C=C1N.Nc1ncnc2c1ncn2[C@@H]1O[C@H](CSCC[C@H](N)C(=O)O)[C@@H](O)[C@H]1O
rule0043_12
rule0043_12
No_Thermo
No_Thermo

ranking 2
final score 6.0
Max reaction enthalpy score 0  x  2  =  0
Number of reactions score 1.0  x  4  =  4.0
By-product score 1.0  x  2  =  2.0
Pathway atom economy score 0.0  x  1  =  0.0
Salt score 0  x  0  =  0
Reaxys score 0  x  0  =  0
Cool score 0  x  0  =  0
atom economy 0.545798859844453
pathway by-product 0
intermediate by-product {None: 0}
CC(=O)/C=C1/OC(=O)C=C1N.CC(=O)/C=C1/OC(=O)C=C1N>>CCC(=O)/C=C1/OC(=O)C=C1N.NC1=CC(=O)O/C1=C/C=O
C[S+](CC[C@H](N)C(=O)O)C[C@H]1O[C@@H](n2cnc3c(N)ncnc32)[C@H](O)[C@@H]1O.NC1=CC(=O)O/C1=C/C=O>>CC(=O)/C=C1/OC(=O)C=C1N.Nc1ncnc2c1ncn2[C@@H]1O[C@H](CSCC[C@H](N)C(=O)O)[C@@H](O)[C@H]1O
rule0126_2
rule0043_12
No_Thermo
No_Thermo

ranking 3
final score 3.0
Max reaction enthalpy score 0  x  2  =  0
Number of reactions score 0.0  x  4  =  0.0
By-product score 1.0  x  2  =  2.0
Pathway atom economy score 1.0  x  1  =  1.0
Salt score 0  x  0  =  0
Reaxys score 0  x  0  =  0
Cool score 0  x  0  =  0
atom economy 1.0
pathway by-product 0
intermediate by-product {None: 0}
CC(=O)/C(C)=C1/OC(=O)C=C1N>>CCC(=O)/C=C1/OC(=O)C=C1N
CC(=O)/C=C1/OC(=O)C=C1N.C[S+](CC[C@H](N)C(=O)O)C[C@H]1O[C@@H](n2cnc3c(N)ncnc32)[C@H](O)[C@@H]1O>>CC(=O)/C(C)=C1/OC(=O)C=C1N.Nc1ncnc2c1ncn2[C@@H]1O[C@H](CSCC[C@H](N)C(=O)O)[C@@H](O)[C@H]1O
C[S+](CC[C@H](N)C(=O)O)C[C@H]1O[C@@H](n2cnc3c(N)ncnc32)[C@H](O)[C@@H]1O.NC1=CC(=O)O/C1=C/C=O>>CC(=O)/C=C1/OC(=O)C=C1N.Nc1ncnc2c1ncn2[C@@H]1O[C@H](CSCC[C@H](N)C(=O)O)[C@@H](O)[C@H]1O
rule0028_51
rule0043_12
rule0043_12
No_Thermo
No_Thermo
No_Thermo

ranking 4
final score 3.0
Max reaction enthalpy score 0  x  2  =  0
Number of reactions score 0.0  x  4  =  0.0
By-product score 1.0  x  2  =  2.0
Pathway atom economy score 1.0  x  1  =  1.0
Salt score 0  x  0  =  0
Reaxys score 0  x  0  =  0
Cool score 0  x  0  =  0
atom economy 1.0
pathway by-product 0
intermediate by-product {None: 0}
C/C(C=O)=C1\OC(=O)C=C1N>>CC(=O)/C=C1/OC(=O)C=C1N
CC(=O)/C=C1/OC(=O)C=C1N.C[S+](CC[C@H](N)C(=O)O)C[C@H]1O[C@@H](n2cnc3c(N)ncnc32)[C@H](O)[C@@H]1O>>CCC(=O)/C=C1/OC(=O)C=C1N.Nc1ncnc2c1ncn2[C@@H]1O[C@H](CSCC[C@H](N)C(=O)O)[C@@H](O)[C@H]1O
C[S+](CC[C@H](N)C(=O)O)C[C@H]1O[C@@H](n2cnc3c(N)ncnc32)[C@H](O)[C@@H]1O.NC1=CC(=O)O/C1=C/C=O>>C/C(C=O)=C1\OC(=O)C=C1N.Nc1ncnc2c1ncn2[C@@H]1O[C@H](CSCC[C@H](N)C(=O)O)[C@@H](O)[C@H]1O
rule0028_51
rule0043_12
rule0043_12
No_Thermo
No_Thermo
No_Thermo

ranking 5
final score 3.0
Max reaction enthalpy score 0  x  2  =  0
Number of reactions score 0.0  x  4  =  0.0
By-product score 1.0  x  2  =  2.0
Pathway atom economy score 1.0  x  1  =  1.0
Salt score 0  x  0  =  0
Reaxys score 0  x  0  =  0
Cool score 0  x  0  =  0
atom economy 1.0
pathway by-product 0
intermediate by-product {None: 0}
C/C(C=O)=C1\OC(=O)C=C1N.C[S+](CC[C@H](N)C(=O)O)C[C@H]1O[C@@H](n2cnc3c(N)ncnc32)[C@H](O)[C@@H]1O>>CC/C(C=O)=C1\OC(=O)C=C1N.Nc1ncnc2c1ncn2[C@@H]1O[C@H](CSCC[C@H](N)C(=O)O)[C@@H](O)[C@H]1O
CC/C(C=O)=C1\OC(=O)C=C1N>>CCC(=O)/C=C1/OC(=O)C=C1N
C[S+](CC[C@H](N)C(=O)O)C[C@H]1O[C@@H](n2cnc3c(N)ncnc32)[C@H](O)[C@@H]1O.NC1=CC(=O)O/C1=C/C=O>>C/C(C=O)=C1\OC(=O)C=C1N.Nc1ncnc2c1ncn2[C@@H]1O[C@H](CSCC[C@H](N)C(=O)O)[C@@H](O)[C@H]1O
rule0043_12
rule0028_51
rule0043_12
No_Thermo
No_Thermo
No_Thermo

ranking 6
final score 3.0
Max reaction enthalpy score 0  x  2  =  0
Number of reactions score 0.0  x  4  =  0.0
By-product score 1.0  x  2  =  2.0
Pathway atom economy score 1.0  x  1  =  1.0
Salt score 0  x  0  =  0
Reaxys score 0  x  0  =  0
Cool score 0  x  0  =  0
atom economy 1.0
pathway by-product 0
intermediate by-product {None: 0}
C/C(C=O)=C1\OC(=O)C=C1N.C[S+](CC[C@H](N)C(=O)O)C[C@H]1O[C@@H](n2cnc3c(N)ncnc32)[C@H](O)[C@@H]1O>>CC(=O)/C(C)=C1/OC(=O)C=C1N.Nc1ncnc2c1ncn2[C@@H]1O[C@H](CSCC[C@H](N)C(=O)O)[C@@H](O)[C@H]1O
CC(=O)/C(C)=C1/OC(=O)C=C1N>>CCC(=O)/C=C1/OC(=O)C=C1N
C[S+](CC[C@H](N)C(=O)O)C[C@H]1O[C@@H](n2cnc3c(N)ncnc32)[C@H](O)[C@@H]1O.NC1=CC(=O)O/C1=C/C=O>>C/C(C=O)=C1\OC(=O)C=C1N.Nc1ncnc2c1ncn2[C@@H]1O[C@H](CSCC[C@H](N)C(=O)O)[C@@H](O)[C@H]1O
rule0043_12
rule0028_51
rule0043_12
No_Thermo
No_Thermo
No_Thermo

ranking 7
final score 2.0
Max reaction enthalpy score 0  x  2  =  0
Number of reactions score 0.0  x  4  =  0.0
By-product score 1.0  x  2  =  2.0
Pathway atom economy score 0.0  x  1  =  0.0
Salt score 0  x  0  =  0
Reaxys score 0  x  0  =  0
Cool score 0  x  0  =  0
atom economy 0.545798859844453
pathway by-product 0
intermediate by-product {None: 0}
CC(=O)/C(C)=C1/OC(=O)C=C1N>>CCC(=O)/C=C1/OC(=O)C=C1N
CC(=O)/C=C1/OC(=O)C=C1N.CC(=O)/C=C1/OC(=O)C=C1N>>CC(=O)/C(C)=C1/OC(=O)C=C1N.NC1=CC(=O)O/C1=C/C=O
C[S+](CC[C@H](N)C(=O)O)C[C@H]1O[C@@H](n2cnc3c(N)ncnc32)[C@H](O)[C@@H]1O.NC1=CC(=O)O/C1=C/C=O>>CC(=O)/C=C1/OC(=O)C=C1N.Nc1ncnc2c1ncn2[C@@H]1O[C@H](CSCC[C@H](N)C(=O)O)[C@@H](O)[C@H]1O
rule0028_51
rule0126_2
rule0043_12
No_Thermo
No_Thermo
No_Thermo

ranking 8
final score 2.0
Max reaction enthalpy score 0  x  2  =  0
Number of reactions score 0.0  x  4  =  0.0
By-product score 1.0  x  2  =  2.0
Pathway atom economy score 0.0  x  1  =  0.0
Salt score 0  x  0  =  0
Reaxys score 0  x  0  =  0
Cool score 0  x  0  =  0
atom economy 0.545798859844453
pathway by-product 0
intermediate by-product {None: 0}
C/C(C=O)=C1\OC(=O)C=C1N>>CC(=O)/C=C1/OC(=O)C=C1N
CC(=O)/C=C1/OC(=O)C=C1N.CC(=O)/C=C1/OC(=O)C=C1N>>CCC(=O)/C=C1/OC(=O)C=C1N.NC1=CC(=O)O/C1=C/C=O
C[S+](CC[C@H](N)C(=O)O)C[C@H]1O[C@@H](n2cnc3c(N)ncnc32)[C@H](O)[C@@H]1O.NC1=CC(=O)O/C1=C/C=O>>C/C(C=O)=C1\OC(=O)C=C1N.Nc1ncnc2c1ncn2[C@@H]1O[C@H](CSCC[C@H](N)C(=O)O)[C@@H](O)[C@H]1O
rule0028_51
rule0126_2
rule0043_12
No_Thermo
No_Thermo
No_Thermo

ranking 9
final score 2.0
Max reaction enthalpy score 0  x  2  =  0
Number of reactions score 0.0  x  4  =  0.0
By-product score 1.0  x  2  =  2.0
Pathway atom economy score 0.0  x  1  =  0.0
Salt score 0  x  0  =  0
Reaxys score 0  x  0  =  0
Cool score 0  x  0  =  0
atom economy 0.545798859844453
pathway by-product 0
intermediate by-product {None: 0}
C/C(C=O)=C1\OC(=O)C=C1N.C/C(C=O)=C1\OC(=O)C=C1N>>CC/C(C=O)=C1\OC(=O)C=C1N.NC1=CC(=O)O/C1=C/C=O
CC/C(C=O)=C1\OC(=O)C=C1N>>CCC(=O)/C=C1/OC(=O)C=C1N
C[S+](CC[C@H](N)C(=O)O)C[C@H]1O[C@@H](n2cnc3c(N)ncnc32)[C@H](O)[C@@H]1O.NC1=CC(=O)O/C1=C/C=O>>C/C(C=O)=C1\OC(=O)C=C1N.Nc1ncnc2c1ncn2[C@@H]1O[C@H](CSCC[C@H](N)C(=O)O)[C@@H](O)[C@H]1O
rule0126_2
rule0028_51
rule0043_12
No_Thermo
No_Thermo
No_Thermo

ranking 10
final score 2.0
Max reaction enthalpy score 0  x  2  =  0
Number of reactions score 0.0  x  4  =  0.0
By-product score 1.0  x  2  =  2.0
Pathway atom economy score 0.0  x  1  =  0.0
Salt score 0  x  0  =  0
Reaxys score 0  x  0  =  0
Cool score 0  x  0  =  0
atom economy 0.545798859844453
pathway by-product 0
intermediate by-product {None: 0}
C/C(C=O)=C1\OC(=O)C=C1N.C/C(C=O)=C1\OC(=O)C=C1N>>CC(=O)/C(C)=C1/OC(=O)C=C1N.NC1=CC(=O)O/C1=C/C=O
CC(=O)/C(C)=C1/OC(=O)C=C1N>>CCC(=O)/C=C1/OC(=O)C=C1N
C[S+](CC[C@H](N)C(=O)O)C[C@H]1O[C@@H](n2cnc3c(N)ncnc32)[C@H](O)[C@@H]1O.NC1=CC(=O)O/C1=C/C=O>>C/C(C=O)=C1\OC(=O)C=C1N.Nc1ncnc2c1ncn2[C@@H]1O[C@H](CSCC[C@H](N)C(=O)O)[C@@H](O)[C@H]1O
rule0126_2
rule0028_51
rule0043_12
No_Thermo
No_Thermo
No_Thermo

Time used for pathway ranking: 0.04 minutes

Job name: Bacillus_anthracis_High_pPotency_molecule_pathway15
Job type: pathway visualization
Job started on: 2026-03-12 19:08:58.713564
pygraphviz is NOT installed.
A custom node layout will be used for pathway visualization
Number of pathways:  10
Number of reactions in reaxys:  0
Working on creating pages
You can adjust multi-processing number to speed up PDF generation
page done: 1
page done: 2
page done: 3
page done: 4
page done: 5
page done: 6
page done: 7
page done: 8
page done: 9
page done: 10
Finished with pages, writing to pdf
Time used for pathway visualization: 0.05 minutes

A custom node layout was used for pathway visualization
For a better layout, please install pygraphviz and Graphviz with the following command:
conda install conda-forge::pygraphviz
which should install both packages together

[DONE]  Bacillus_anthracis_High_pPotency_molecule_pathway15  genMols=4152  pathwayTargets=4141  time=54750.80s
Job name: Bacillus_anthracis_High_pPotency_molecule_pathway17
Job type: enzymatic network expansion forward
Ruleset: JN3604IMT (JN3604IMT_rules.tsv)
Job started on: 2026-03-12 17:26:13.432700
Checking for targets
Target found for NC1=CC(=O)O/C1=C/C=O
Target found for NC1=CC(=O)OC1=CC=O
Number of generations: 3
Number of operators loaded: 3571
Number of molecules before expantion (including cofactors): 42
Number of molecules after expantion (including cofactors): 4151
Number of reactions: 8308
Time used for network generation: 440.00 minutes

Job name: Bacillus_anthracis_High_pPotency_molecule_pathway17
Job type: post-processing pretreat networks
Job started on: 2026-03-13 00:46:16.779329
Loading networks, it may take a while if loading large networks from file
Loading network 1 from memory
Number of reations in network 1: 8308
Networks loaded, now generating reaction strings
Reaction strings generation finished
Removing unconnected reactions
Unconnected reactions removed
Total number of reactions after pretreatment: 8256
Time used for network pretreatment: 0.00 minutes

Job name: Bacillus_anthracis_High_pPotency_molecule_pathway17
Job type: pathway search
Job started on: 2026-03-13 00:46:17.000580
Pathway finder started, total number of reactions in network 8256
Searching for pathways.
If it is taking too long, try adjusting pruning parameters
Pathway search finished, removing loops if there's any.
Time used for pathway search: 0.02 minutes
25 pathways found!
20 reactions found in all pathways
Min number of reactions in a pathway: 3
Max number of reactions in a pathway: 3
Pruning parameters for this search:
search_depth: 3
max_num_rxns: 3
min_rxn_atom_economy: 0.3

Job name: Bacillus_anthracis_High_pPotency_molecule_pathway17
Job type: pathway ranking
Job started on: 2026-03-13 00:46:17.972564
Start ranking pathways. Number of pathways after sanitization: 25
Reaction thermodynamics ranking working
Reaction thermodynamics ranking finished
Atom economy ranking working
Min_eco 0.7738656659055456
Max_eco 1.0
None_eco 0
Atom_economy ranking finished
Number of steps ranking working
Number of steps ranking finished
By product_number ranking working
You can adjust multi-processing number to speed it up
By product_number ranking finished
min score 6.0
max score 7.0

Pathway ranking finished. Pathway scores:

ranking 1
final score 7.0
Max reaction enthalpy score 0  x  2  =  0
Number of reactions score 1.0  x  4  =  4.0
By-product score 1.0  x  2  =  2.0
Pathway atom economy score 1.0  x  1  =  1.0
Salt score 0  x  0  =  0
Reaxys score 0  x  0  =  0
Cool score 0  x  0  =  0
atom economy 1.0
pathway by-product 0
intermediate by-product {None: 0}
C[S+](CC[C@H](N)C(=O)O)C[C@H]1O[C@@H](n2cnc3c(N)ncnc32)[C@H](O)[C@@H]1O.NC1=CC(=O)OC1CC(=O)O>>COC(=O)CC1OC(=O)C=C1N.Nc1ncnc2c1ncn2[C@@H]1O[C@H](CSCC[C@H](N)C(=O)O)[C@@H](O)[C@H]1O
NC(=O)C1=CN([C@@H]2O[C@H](COP(=O)(O)OP(=O)(O)OC[C@H]3O[C@@H](n4cnc5c(N)ncnc54)[C@H](OP(=O)(O)O)[C@@H]3O)[C@@H](O)[C@H]2O)C=CC1.NC1=CC(=O)O/C1=C/C=O>>NC(=O)c1ccc[n+]([C@@H]2O[C@H](COP(=O)(O)OP(=O)(O)OC[C@H]3O[C@@H](n4cnc5c(N)ncnc54)[C@H](OP(=O)(O)O)[C@@H]3O)[C@@H](O)[C@H]2O)c1.NC1=CC(=O)OC1CC=O
NC1=CC(=O)OC1CC=O.O.O=O>>NC1=CC(=O)OC1CC(=O)O.OO
rule0011_48
rule0027_65
rule0145_6
No_Thermo
No_Thermo
No_Thermo

ranking 2
final score 7.0
Max reaction enthalpy score 0  x  2  =  0
Number of reactions score 1.0  x  4  =  4.0
By-product score 1.0  x  2  =  2.0
Pathway atom economy score 1.0  x  1  =  1.0
Salt score 0  x  0  =  0
Reaxys score 0  x  0  =  0
Cool score 0  x  0  =  0
atom economy 1.0
pathway by-product 0
intermediate by-product {None: 0}
C[S+](CC[C@H](N)C(=O)O)C[C@H]1O[C@@H](n2cnc3c(N)ncnc32)[C@H](O)[C@@H]1O.NC1=CC(=O)OC1CC(=O)O>>COC(=O)CC1OC(=O)C=C1N.Nc1ncnc2c1ncn2[C@@H]1O[C@H](CSCC[C@H](N)C(=O)O)[C@@H](O)[C@H]1O
NC(=O)C1=CN([C@@H]2O[C@H](COP(=O)(O)OP(=O)(O)OC[C@H]3O[C@@H](n4cnc5c(N)ncnc54)[C@H](OP(=O)(O)O)[C@@H]3O)[C@@H](O)[C@H]2O)C=CC1.NC1=CC(=O)O/C1=C/C=O>>NC(=O)c1ccc[n+]([C@@H]2O[C@H](COP(=O)(O)OP(=O)(O)OC[C@H]3O[C@@H](n4cnc5c(N)ncnc54)[C@H](OP(=O)(O)O)[C@@H]3O)[C@@H](O)[C@H]2O)c1.NC1=CC(=O)OC1CC=O
NC(=O)c1ccc[n+]([C@@H]2O[C@H](COP(=O)(O)OP(=O)(O)OC[C@H]3O[C@@H](n4cnc5c(N)ncnc54)[C@H](OP(=O)(O)O)[C@@H]3O)[C@@H](O)[C@H]2O)c1.NC1=CC(=O)OC1CC=O.O>>NC(=O)C1=CN([C@@H]2O[C@H](COP(=O)(O)OP(=O)(O)OC[C@H]3O[C@@H](n4cnc5c(N)ncnc54)[C@H](OP(=O)(O)O)[C@@H]3O)[C@@H](O)[C@H]2O)C=CC1.NC1=CC(=O)OC1CC(=O)O
rule0011_48
rule0027_65
rule0026_16
No_Thermo
No_Thermo
No_Thermo

ranking 3
final score 7.0
Max reaction enthalpy score 0  x  2  =  0
Number of reactions score 1.0  x  4  =  4.0
By-product score 1.0  x  2  =  2.0
Pathway atom economy score 1.0  x  1  =  1.0
Salt score 0  x  0  =  0
Reaxys score 0  x  0  =  0
Cool score 0  x  0  =  0
atom economy 1.0
pathway by-product 0
intermediate by-product {None: 0}
C[S+](CC[C@H](N)C(=O)O)C[C@H]1O[C@@H](n2cnc3c(N)ncnc32)[C@H](O)[C@@H]1O.NC1=CC(=O)OC1CC(=O)O>>COC(=O)CC1OC(=O)C=C1N.Nc1ncnc2c1ncn2[C@@H]1O[C@H](CSCC[C@H](N)C(=O)O)[C@@H](O)[C@H]1O
NC(=O)C1=CN([C@@H]2O[C@H](COP(=O)(O)OP(=O)(O)OC[C@H]3O[C@@H](n4cnc5c(N)ncnc54)[C@H](OP(=O)(O)O)[C@@H]3O)[C@@H](O)[C@H]2O)C=CC1.NC1=CC(=O)O/C1=C/C(=O)O>>NC(=O)c1ccc[n+]([C@@H]2O[C@H](COP(=O)(O)OP(=O)(O)OC[C@H]3O[C@@H](n4cnc5c(N)ncnc54)[C@H](OP(=O)(O)O)[C@@H]3O)[C@@H](O)[C@H]2O)c1.NC1=CC(=O)OC1CC(=O)O
NC1=CC(=O)O/C1=C/C=O.O.O=O>>NC1=CC(=O)O/C1=C/C(=O)O.OO
rule0011_48
rule0027_65
rule0145_6
No_Thermo
No_Thermo
No_Thermo

ranking 4
final score 7.0
Max reaction enthalpy score 0  x  2  =  0
Number of reactions score 1.0  x  4  =  4.0
By-product score 1.0  x  2  =  2.0
Pathway atom economy score 1.0  x  1  =  1.0
Salt score 0  x  0  =  0
Reaxys score 0  x  0  =  0
Cool score 0  x  0  =  0
atom economy 1.0
pathway by-product 0
intermediate by-product {None: 0}
C[S+](CC[C@H](N)C(=O)O)C[C@H]1O[C@@H](n2cnc3c(N)ncnc32)[C@H](O)[C@@H]1O.NC1=CC(=O)OC1CC(=O)O>>COC(=O)CC1OC(=O)C=C1N.Nc1ncnc2c1ncn2[C@@H]1O[C@H](CSCC[C@H](N)C(=O)O)[C@@H](O)[C@H]1O
NC(=O)C1=CN([C@@H]2O[C@H](COP(=O)(O)OP(=O)(O)OC[C@H]3O[C@@H](n4cnc5c(N)ncnc54)[C@H](OP(=O)(O)O)[C@@H]3O)[C@@H](O)[C@H]2O)C=CC1.NC1=CC(=O)O/C1=C/C(=O)O>>NC(=O)c1ccc[n+]([C@@H]2O[C@H](COP(=O)(O)OP(=O)(O)OC[C@H]3O[C@@H](n4cnc5c(N)ncnc54)[C@H](OP(=O)(O)O)[C@@H]3O)[C@@H](O)[C@H]2O)c1.NC1=CC(=O)OC1CC(=O)O
NC(=O)c1ccc[n+]([C@@H]2O[C@H](COP(=O)(O)OP(=O)(O)OC[C@H]3O[C@@H](n4cnc5c(N)ncnc54)[C@H](OP(=O)(O)O)[C@@H]3O)[C@@H](O)[C@H]2O)c1.NC1=CC(=O)O/C1=C/C=O.O>>NC(=O)C1=CN([C@@H]2O[C@H](COP(=O)(O)OP(=O)(O)OC[C@H]3O[C@@H](n4cnc5c(N)ncnc54)[C@H](OP(=O)(O)O)[C@@H]3O)[C@@H](O)[C@H]2O)C=CC1.NC1=CC(=O)O/C1=C/C(=O)O
rule0011_48
rule0027_65
rule0026_16
No_Thermo
No_Thermo
No_Thermo

ranking 5
final score 7.0
Max reaction enthalpy score 0  x  2  =  0
Number of reactions score 1.0  x  4  =  4.0
By-product score 1.0  x  2  =  2.0
Pathway atom economy score 1.0  x  1  =  1.0
Salt score 0  x  0  =  0
Reaxys score 0  x  0  =  0
Cool score 0  x  0  =  0
atom economy 1.0
pathway by-product 0
intermediate by-product {None: 0}
COC(=O)/C=C1/OC(=O)C=C1N.NC(=O)C1=CN([C@@H]2O[C@H](COP(=O)(O)OP(=O)(O)OC[C@H]3O[C@@H](n4cnc5c(N)ncnc54)[C@H](OP(=O)(O)O)[C@@H]3O)[C@@H](O)[C@H]2O)C=CC1>>COC(=O)CC1OC(=O)C=C1N.NC(=O)c1ccc[n+]([C@@H]2O[C@H](COP(=O)(O)OP(=O)(O)OC[C@H]3O[C@@H](n4cnc5c(N)ncnc54)[C@H](OP(=O)(O)O)[C@@H]3O)[C@@H](O)[C@H]2O)c1
C[S+](CC[C@H](N)C(=O)O)C[C@H]1O[C@@H](n2cnc3c(N)ncnc32)[C@H](O)[C@@H]1O.NC1=CC(=O)O/C1=C/C(=O)O>>COC(=O)/C=C1/OC(=O)C=C1N.Nc1ncnc2c1ncn2[C@@H]1O[C@H](CSCC[C@H](N)C(=O)O)[C@@H](O)[C@H]1O
NC1=CC(=O)O/C1=C/C=O.O.O=O>>NC1=CC(=O)O/C1=C/C(=O)O.OO
rule0027_65
rule0011_48
rule0145_6
No_Thermo
No_Thermo
No_Thermo

ranking 6
final score 7.0
Max reaction enthalpy score 0  x  2  =  0
Number of reactions score 1.0  x  4  =  4.0
By-product score 1.0  x  2  =  2.0
Pathway atom economy score 1.0  x  1  =  1.0
Salt score 0  x  0  =  0
Reaxys score 0  x  0  =  0
Cool score 0  x  0  =  0
atom economy 1.0
pathway by-product 0
intermediate by-product {None: 0}
COC(=O)/C=C1/OC(=O)C=C1N.NC(=O)C1=CN([C@@H]2O[C@H](COP(=O)(O)OP(=O)(O)OC[C@H]3O[C@@H](n4cnc5c(N)ncnc54)[C@H](OP(=O)(O)O)[C@@H]3O)[C@@H](O)[C@H]2O)C=CC1>>COC(=O)CC1OC(=O)C=C1N.NC(=O)c1ccc[n+]([C@@H]2O[C@H](COP(=O)(O)OP(=O)(O)OC[C@H]3O[C@@H](n4cnc5c(N)ncnc54)[C@H](OP(=O)(O)O)[C@@H]3O)[C@@H](O)[C@H]2O)c1
C[S+](CC[C@H](N)C(=O)O)C[C@H]1O[C@@H](n2cnc3c(N)ncnc32)[C@H](O)[C@@H]1O.NC1=CC(=O)O/C1=C/C(=O)O>>COC(=O)/C=C1/OC(=O)C=C1N.Nc1ncnc2c1ncn2[C@@H]1O[C@H](CSCC[C@H](N)C(=O)O)[C@@H](O)[C@H]1O
NC(=O)c1ccc[n+]([C@@H]2O[C@H](COP(=O)(O)OP(=O)(O)OC[C@H]3O[C@@H](n4cnc5c(N)ncnc54)[C@H](OP(=O)(O)O)[C@@H]3O)[C@@H](O)[C@H]2O)c1.NC1=CC(=O)O/C1=C/C=O.O>>NC(=O)C1=CN([C@@H]2O[C@H](COP(=O)(O)OP(=O)(O)OC[C@H]3O[C@@H](n4cnc5c(N)ncnc54)[C@H](OP(=O)(O)O)[C@@H]3O)[C@@H](O)[C@H]2O)C=CC1.NC1=CC(=O)O/C1=C/C(=O)O
rule0027_65
rule0011_48
rule0026_16
No_Thermo
No_Thermo
No_Thermo

ranking 7
final score 6.578863984783359
Max reaction enthalpy score 0  x  2  =  0
Number of reactions score 1.0  x  4  =  4.0
By-product score 1.0  x  2  =  2.0
Pathway atom economy score 0.5788639847833588  x  1  =  0.5788639847833588
Salt score 0  x  0  =  0
Reaxys score 0  x  0  =  0
Cool score 0  x  0  =  0
atom economy 0.9047666876357928
pathway by-product 0
intermediate by-product {None: 0}
C[S+](CC[C@H](N)C(=O)O)C[C@H]1O[C@@H](n2cnc3c(N)ncnc32)[C@H](O)[C@@H]1O.NC1=CC(=O)OC1CC(=O)O>>COC(=O)CC1OC(=O)C=C1N.Nc1ncnc2c1ncn2[C@@H]1O[C@H](CSCC[C@H](N)C(=O)O)[C@@H](O)[C@H]1O
NC(=O)C1=CN([C@@H]2O[C@H](COP(=O)(O)OP(=O)(O)OC[C@H]3O[C@@H](n4cnc5c(N)ncnc54)[C@H](OP(=O)(O)O)[C@@H]3O)[C@@H](O)[C@H]2O)C=CC1.NC1=CC(=O)O/C1=C/C=O>>NC(=O)c1ccc[n+]([C@@H]2O[C@H](COP(=O)(O)OP(=O)(O)OC[C@H]3O[C@@H](n4cnc5c(N)ncnc54)[C@H](OP(=O)(O)O)[C@@H]3O)[C@@H](O)[C@H]2O)c1.NC1=CC(=O)OC1CC=O
NC(=O)C1=CN([C@@H]2O[C@H](COP(=O)(O)OP(=O)(O)OC[C@H]3O[C@@H](n4cnc5c(N)ncnc54)[C@H](OP(=O)(O)O)[C@@H]3O)[C@@H](O)[C@H]2O)C=CC1.NC1=CC(=O)OC1CC=O.O=O>>NC(=O)c1ccc[n+]([C@@H]2O[C@H](COP(=O)(O)OP(=O)(O)OC[C@H]3O[C@@H](n4cnc5c(N)ncnc54)[C@H](OP(=O)(O)O)[C@@H]3O)[C@@H](O)[C@H]2O)c1.NC1=CC(=O)OC1CC(=O)O.O
rule0011_48
rule0027_65
rule0004_13
No_Thermo
No_Thermo
No_Thermo

ranking 8
final score 6.578863984783359
Max reaction enthalpy score 0  x  2  =  0
Number of reactions score 1.0  x  4  =  4.0
By-product score 1.0  x  2  =  2.0
Pathway atom economy score 0.5788639847833588  x  1  =  0.5788639847833588
Salt score 0  x  0  =  0
Reaxys score 0  x  0  =  0
Cool score 0  x  0  =  0
atom economy 0.9047666876357928
pathway by-product 0
intermediate by-product {None: 0}
C[S+](CC[C@H](N)C(=O)O)C[C@H]1O[C@@H](n2cnc3c(N)ncnc32)[C@H](O)[C@@H]1O.NC1=CC(=O)OC1CC(=O)O>>COC(=O)CC1OC(=O)C=C1N.Nc1ncnc2c1ncn2[C@@H]1O[C@H](CSCC[C@H](N)C(=O)O)[C@@H](O)[C@H]1O
NC(=O)C1=CN([C@@H]2O[C@H](COP(=O)(O)OP(=O)(O)OC[C@H]3O[C@@H](n4cnc5c(N)ncnc54)[C@H](OP(=O)(O)O)[C@@H]3O)[C@@H](O)[C@H]2O)C=CC1.NC1=CC(=O)O/C1=C/C(=O)O>>NC(=O)c1ccc[n+]([C@@H]2O[C@H](COP(=O)(O)OP(=O)(O)OC[C@H]3O[C@@H](n4cnc5c(N)ncnc54)[C@H](OP(=O)(O)O)[C@@H]3O)[C@@H](O)[C@H]2O)c1.NC1=CC(=O)OC1CC(=O)O
NC(=O)C1=CN([C@@H]2O[C@H](COP(=O)(O)OP(=O)(O)OC[C@H]3O[C@@H](n4cnc5c(N)ncnc54)[C@H](OP(=O)(O)O)[C@@H]3O)[C@@H](O)[C@H]2O)C=CC1.NC1=CC(=O)O/C1=C/C=O.O=O>>NC(=O)c1ccc[n+]([C@@H]2O[C@H](COP(=O)(O)OP(=O)(O)OC[C@H]3O[C@@H](n4cnc5c(N)ncnc54)[C@H](OP(=O)(O)O)[C@@H]3O)[C@@H](O)[C@H]2O)c1.NC1=CC(=O)O/C1=C/C(=O)O.O
rule0011_48
rule0027_65
rule0004_13
No_Thermo
No_Thermo
No_Thermo

ranking 9
final score 6.578863984783359
Max reaction enthalpy score 0  x  2  =  0
Number of reactions score 1.0  x  4  =  4.0
By-product score 1.0  x  2  =  2.0
Pathway atom economy score 0.5788639847833588  x  1  =  0.5788639847833588
Salt score 0  x  0  =  0
Reaxys score 0  x  0  =  0
Cool score 0  x  0  =  0
atom economy 0.9047666876357928
pathway by-product 0
intermediate by-product {None: 0}
COC(=O)/C=C1/OC(=O)C=C1N.NC(=O)C1=CN([C@@H]2O[C@H](COP(=O)(O)OP(=O)(O)OC[C@H]3O[C@@H](n4cnc5c(N)ncnc54)[C@H](OP(=O)(O)O)[C@@H]3O)[C@@H](O)[C@H]2O)C=CC1>>COC(=O)CC1OC(=O)C=C1N.NC(=O)c1ccc[n+]([C@@H]2O[C@H](COP(=O)(O)OP(=O)(O)OC[C@H]3O[C@@H](n4cnc5c(N)ncnc54)[C@H](OP(=O)(O)O)[C@@H]3O)[C@@H](O)[C@H]2O)c1
C[S+](CC[C@H](N)C(=O)O)C[C@H]1O[C@@H](n2cnc3c(N)ncnc32)[C@H](O)[C@@H]1O.NC1=CC(=O)O/C1=C/C(=O)O>>COC(=O)/C=C1/OC(=O)C=C1N.Nc1ncnc2c1ncn2[C@@H]1O[C@H](CSCC[C@H](N)C(=O)O)[C@@H](O)[C@H]1O
NC(=O)C1=CN([C@@H]2O[C@H](COP(=O)(O)OP(=O)(O)OC[C@H]3O[C@@H](n4cnc5c(N)ncnc54)[C@H](OP(=O)(O)O)[C@@H]3O)[C@@H](O)[C@H]2O)C=CC1.NC1=CC(=O)O/C1=C/C=O.O=O>>NC(=O)c1ccc[n+]([C@@H]2O[C@H](COP(=O)(O)OP(=O)(O)OC[C@H]3O[C@@H](n4cnc5c(N)ncnc54)[C@H](OP(=O)(O)O)[C@@H]3O)[C@@H](O)[C@H]2O)c1.NC1=CC(=O)O/C1=C/C(=O)O.O
rule0027_65
rule0011_48
rule0004_13
No_Thermo
No_Thermo
No_Thermo

ranking 10
final score 6.578863984783359
Max reaction enthalpy score 0  x  2  =  0
Number of reactions score 1.0  x  4  =  4.0
By-product score 1.0  x  2  =  2.0
Pathway atom economy score 0.5788639847833588  x  1  =  0.5788639847833588
Salt score 0  x  0  =  0
Reaxys score 0  x  0  =  0
Cool score 0  x  0  =  0
atom economy 0.9047666876357928
pathway by-product 0
intermediate by-product {None: 0}
CC(=O)CC1OC(=O)C=C1N.NC(=O)C1=CN([C@@H]2O[C@H](COP(=O)(O)OP(=O)(O)OC[C@H]3O[C@@H](n4cnc5c(N)ncnc54)[C@H](OP(=O)(O)O)[C@@H]3O)[C@@H](O)[C@H]2O)C=CC1.O=O>>COC(=O)CC1OC(=O)C=C1N.NC(=O)c1ccc[n+]([C@@H]2O[C@H](COP(=O)(O)OP(=O)(O)OC[C@H]3O[C@@H](n4cnc5c(N)ncnc54)[C@H](OP(=O)(O)O)[C@@H]3O)[C@@H](O)[C@H]2O)c1.O
C[S+](CC[C@H](N)C(=O)O)C[C@H]1O[C@@H](n2cnc3c(N)ncnc32)[C@H](O)[C@@H]1O.NC1=CC(=O)OC1CC=O>>CC(=O)CC1OC(=O)C=C1N.Nc1ncnc2c1ncn2[C@@H]1O[C@H](CSCC[C@H](N)C(=O)O)[C@@H](O)[C@H]1O
NC(=O)C1=CN([C@@H]2O[C@H](COP(=O)(O)OP(=O)(O)OC[C@H]3O[C@@H](n4cnc5c(N)ncnc54)[C@H](OP(=O)(O)O)[C@@H]3O)[C@@H](O)[C@H]2O)C=CC1.NC1=CC(=O)O/C1=C/C=O>>NC(=O)c1ccc[n+]([C@@H]2O[C@H](COP(=O)(O)OP(=O)(O)OC[C@H]3O[C@@H](n4cnc5c(N)ncnc54)[C@H](OP(=O)(O)O)[C@@H]3O)[C@@H](O)[C@H]2O)c1.NC1=CC(=O)OC1CC=O
rule0083_11
rule0043_12
rule0027_65
No_Thermo
No_Thermo
No_Thermo

ranking 11
final score 6.578863984783359
Max reaction enthalpy score 0  x  2  =  0
Number of reactions score 1.0  x  4  =  4.0
By-product score 1.0  x  2  =  2.0
Pathway atom economy score 0.5788639847833588  x  1  =  0.5788639847833588
Salt score 0  x  0  =  0
Reaxys score 0  x  0  =  0
Cool score 0  x  0  =  0
atom economy 0.9047666876357928
pathway by-product 0
intermediate by-product {None: 0}
CC(=O)/C=C1/OC(=O)C=C1N.NC(=O)C1=CN([C@@H]2O[C@H](COP(=O)(O)OP(=O)(O)OC[C@H]3O[C@@H](n4cnc5c(N)ncnc54)[C@H](OP(=O)(O)O)[C@@H]3O)[C@@H](O)[C@H]2O)C=CC1>>CC(=O)CC1OC(=O)C=C1N.NC(=O)c1ccc[n+]([C@@H]2O[C@H](COP(=O)(O)OP(=O)(O)OC[C@H]3O[C@@H](n4cnc5c(N)ncnc54)[C@H](OP(=O)(O)O)[C@@H]3O)[C@@H](O)[C@H]2O)c1
CC(=O)CC1OC(=O)C=C1N.NC(=O)C1=CN([C@@H]2O[C@H](COP(=O)(O)OP(=O)(O)OC[C@H]3O[C@@H](n4cnc5c(N)ncnc54)[C@H](OP(=O)(O)O)[C@@H]3O)[C@@H](O)[C@H]2O)C=CC1.O=O>>COC(=O)CC1OC(=O)C=C1N.NC(=O)c1ccc[n+]([C@@H]2O[C@H](COP(=O)(O)OP(=O)(O)OC[C@H]3O[C@@H](n4cnc5c(N)ncnc54)[C@H](OP(=O)(O)O)[C@@H]3O)[C@@H](O)[C@H]2O)c1.O
C[S+](CC[C@H](N)C(=O)O)C[C@H]1O[C@@H](n2cnc3c(N)ncnc32)[C@H](O)[C@@H]1O.NC1=CC(=O)O/C1=C/C=O>>CC(=O)/C=C1/OC(=O)C=C1N.Nc1ncnc2c1ncn2[C@@H]1O[C@H](CSCC[C@H](N)C(=O)O)[C@@H](O)[C@H]1O
rule0027_65
rule0083_11
rule0043_12
No_Thermo
No_Thermo
No_Thermo

ranking 12
final score 6.578863984783359
Max reaction enthalpy score 0  x  2  =  0
Number of reactions score 1.0  x  4  =  4.0
By-product score 1.0  x  2  =  2.0
Pathway atom economy score 0.5788639847833588  x  1  =  0.5788639847833588
Salt score 0  x  0  =  0
Reaxys score 0  x  0  =  0
Cool score 0  x  0  =  0
atom economy 0.9047666876357928
pathway by-product 0
intermediate by-product {None: 0}
CC(=O)/C=C1/OC(=O)C=C1N.NC(=O)C1=CN([C@@H]2O[C@H](COP(=O)(O)OP(=O)(O)OC[C@H]3O[C@@H](n4cnc5c(N)ncnc54)[C@H](OP(=O)(O)O)[C@@H]3O)[C@@H](O)[C@H]2O)C=CC1>>CC(=O)CC1OC(=O)C=C1N.NC(=O)c1ccc[n+]([C@@H]2O[C@H](COP(=O)(O)OP(=O)(O)OC[C@H]3O[C@@H](n4cnc5c(N)ncnc54)[C@H](OP(=O)(O)O)[C@@H]3O)[C@@H](O)[C@H]2O)c1
CC(=O)CC1OC(=O)C=C1N.NC(=O)C1=CN([C@@H]2O[C@H](COP(=O)(O)OP(=O)(O)OC[C@H]3O[C@@H](n4cnc5c(N)ncnc54)[C@H](OP(=O)(O)O)[C@@H]3O)[C@@H](O)[C@H]2O)C=CC1.O=O>>COC(=O)CC1OC(=O)C=C1N.NC(=O)c1ccc[n+]([C@@H]2O[C@H](COP(=O)(O)OP(=O)(O)OC[C@H]3O[C@@H](n4cnc5c(N)ncnc54)[C@H](OP(=O)(O)O)[C@@H]3O)[C@@H](O)[C@H]2O)c1.O
C[S+](CC[C@H](N)C(=O)O)C[C@H]1O[C@@H](n2cnc3c(N)ncnc32)[C@H](O)[C@@H]1O.NC1=CC(=O)O/C1=C/C=O>>CC(=O)/C=C1/OC(=O)C=C1N.Nc1ncnc2c1ncn2[C@@H]1O[C@H](CSCC[C@H](N)C(=O)O)[C@@H](O)[C@H]1O
rule0027_60
rule0083_11
rule0043_12
No_Thermo
No_Thermo
No_Thermo

ranking 13
final score 6.578863984783359
Max reaction enthalpy score 0  x  2  =  0
Number of reactions score 1.0  x  4  =  4.0
By-product score 1.0  x  2  =  2.0
Pathway atom economy score 0.5788639847833588  x  1  =  0.5788639847833588
Salt score 0  x  0  =  0
Reaxys score 0  x  0  =  0
Cool score 0  x  0  =  0
atom economy 0.9047666876357928
pathway by-product 0
intermediate by-product {None: 0}
CC(=O)/C=C1/OC(=O)C=C1N.NC(=O)C1=CN([C@@H]2O[C@H](COP(=O)(O)OP(=O)(O)OC[C@H]3O[C@@H](n4cnc5c(N)ncnc54)[C@H](OP(=O)(O)O)[C@@H]3O)[C@@H](O)[C@H]2O)C=CC1.O=O>>COC(=O)/C=C1/OC(=O)C=C1N.NC(=O)c1ccc[n+]([C@@H]2O[C@H](COP(=O)(O)OP(=O)(O)OC[C@H]3O[C@@H](n4cnc5c(N)ncnc54)[C@H](OP(=O)(O)O)[C@@H]3O)[C@@H](O)[C@H]2O)c1.O
COC(=O)/C=C1/OC(=O)C=C1N.NC(=O)C1=CN([C@@H]2O[C@H](COP(=O)(O)OP(=O)(O)OC[C@H]3O[C@@H](n4cnc5c(N)ncnc54)[C@H](OP(=O)(O)O)[C@@H]3O)[C@@H](O)[C@H]2O)C=CC1>>COC(=O)CC1OC(=O)C=C1N.NC(=O)c1ccc[n+]([C@@H]2O[C@H](COP(=O)(O)OP(=O)(O)OC[C@H]3O[C@@H](n4cnc5c(N)ncnc54)[C@H](OP(=O)(O)O)[C@@H]3O)[C@@H](O)[C@H]2O)c1
C[S+](CC[C@H](N)C(=O)O)C[C@H]1O[C@@H](n2cnc3c(N)ncnc32)[C@H](O)[C@@H]1O.NC1=CC(=O)O/C1=C/C=O>>CC(=O)/C=C1/OC(=O)C=C1N.Nc1ncnc2c1ncn2[C@@H]1O[C@H](CSCC[C@H](N)C(=O)O)[C@@H](O)[C@H]1O
rule0083_11
rule0027_65
rule0043_12
No_Thermo
No_Thermo
No_Thermo

ranking 14
final score 6.303470522227352
Max reaction enthalpy score 0  x  2  =  0
Number of reactions score 1.0  x  4  =  4.0
By-product score 1.0  x  2  =  2.0
Pathway atom economy score 0.3034705222273519  x  1  =  0.3034705222273519
Salt score 0  x  0  =  0
Reaxys score 0  x  0  =  0
Cool score 0  x  0  =  0
atom economy 0.8424907703667242
pathway by-product 0
intermediate by-product {None: 0}
C[S+](CC[C@H](N)C(=O)O)C[C@H]1O[C@@H](n2cnc3c(N)ncnc32)[C@H](O)[C@@H]1O.NC1=CC(=O)OC1CC(=O)O>>COC(=O)CC1OC(=O)C=C1N.Nc1ncnc2c1ncn2[C@@H]1O[C@H](CSCC[C@H](N)C(=O)O)[C@@H](O)[C@H]1O
NC1=CC(=O)O/C1=C/C=O.OO>>NC1=CC(=O)OC1CC=O.O=O
NC1=CC(=O)OC1CC=O.O.O=O>>NC1=CC(=O)OC1CC(=O)O.OO
rule0011_48
rule0114_4
rule0145_6
No_Thermo
No_Thermo
No_Thermo

ranking 15
final score 6.303470522227352
Max reaction enthalpy score 0  x  2  =  0
Number of reactions score 1.0  x  4  =  4.0
By-product score 1.0  x  2  =  2.0
Pathway atom economy score 0.3034705222273519  x  1  =  0.3034705222273519
Salt score 0  x  0  =  0
Reaxys score 0  x  0  =  0
Cool score 0  x  0  =  0
atom economy 0.8424907703667242
pathway by-product 0
intermediate by-product {None: 0}
C[S+](CC[C@H](N)C(=O)O)C[C@H]1O[C@@H](n2cnc3c(N)ncnc32)[C@H](O)[C@@H]1O.NC1=CC(=O)OC1CC(=O)O>>COC(=O)CC1OC(=O)C=C1N.Nc1ncnc2c1ncn2[C@@H]1O[C@H](CSCC[C@H](N)C(=O)O)[C@@H](O)[C@H]1O
NC1=CC(=O)O/C1=C/C(=O)O.OO>>NC1=CC(=O)OC1CC(=O)O.O=O
NC1=CC(=O)O/C1=C/C=O.O.O=O>>NC1=CC(=O)O/C1=C/C(=O)O.OO
rule0011_48
rule0114_4
rule0145_6
No_Thermo
No_Thermo
No_Thermo

ranking 16
final score 6.303470522227352
Max reaction enthalpy score 0  x  2  =  0
Number of reactions score 1.0  x  4  =  4.0
By-product score 1.0  x  2  =  2.0
Pathway atom economy score 0.3034705222273519  x  1  =  0.3034705222273519
Salt score 0  x  0  =  0
Reaxys score 0  x  0  =  0
Cool score 0  x  0  =  0
atom economy 0.8424907703667242
pathway by-product 0
intermediate by-product {None: 0}
C[S+](CC[C@H](N)C(=O)O)C[C@H]1O[C@@H](n2cnc3c(N)ncnc32)[C@H](O)[C@@H]1O.NC1=CC(=O)OC1CC(=O)O>>COC(=O)CC1OC(=O)C=C1N.Nc1ncnc2c1ncn2[C@@H]1O[C@H](CSCC[C@H](N)C(=O)O)[C@@H](O)[C@H]1O
NC(=O)c1ccc[n+]([C@@H]2O[C@H](COP(=O)(O)OP(=O)(O)OC[C@H]3O[C@@H](n4cnc5c(N)ncnc54)[C@H](OP(=O)(O)O)[C@@H]3O)[C@@H](O)[C@H]2O)c1.NC1=CC(=O)OC1CC=O.O>>NC(=O)C1=CN([C@@H]2O[C@H](COP(=O)(O)OP(=O)(O)OC[C@H]3O[C@@H](n4cnc5c(N)ncnc54)[C@H](OP(=O)(O)O)[C@@H]3O)[C@@H](O)[C@H]2O)C=CC1.NC1=CC(=O)OC1CC(=O)O
NC1=CC(=O)O/C1=C/C=O.OO>>NC1=CC(=O)OC1CC=O.O=O
rule0011_48
rule0026_16
rule0114_4
No_Thermo
No_Thermo
No_Thermo

ranking 17
final score 6.303470522227352
Max reaction enthalpy score 0  x  2  =  0
Number of reactions score 1.0  x  4  =  4.0
By-product score 1.0  x  2  =  2.0
Pathway atom economy score 0.3034705222273519  x  1  =  0.3034705222273519
Salt score 0  x  0  =  0
Reaxys score 0  x  0  =  0
Cool score 0  x  0  =  0
atom economy 0.8424907703667242
pathway by-product 0
intermediate by-product {None: 0}
C[S+](CC[C@H](N)C(=O)O)C[C@H]1O[C@@H](n2cnc3c(N)ncnc32)[C@H](O)[C@@H]1O.NC1=CC(=O)OC1CC(=O)O>>COC(=O)CC1OC(=O)C=C1N.Nc1ncnc2c1ncn2[C@@H]1O[C@H](CSCC[C@H](N)C(=O)O)[C@@H](O)[C@H]1O
NC(=O)c1ccc[n+]([C@@H]2O[C@H](COP(=O)(O)OP(=O)(O)OC[C@H]3O[C@@H](n4cnc5c(N)ncnc54)[C@H](OP(=O)(O)O)[C@@H]3O)[C@@H](O)[C@H]2O)c1.NC1=CC(=O)O/C1=C/C=O.O>>NC(=O)C1=CN([C@@H]2O[C@H](COP(=O)(O)OP(=O)(O)OC[C@H]3O[C@@H](n4cnc5c(N)ncnc54)[C@H](OP(=O)(O)O)[C@@H]3O)[C@@H](O)[C@H]2O)C=CC1.NC1=CC(=O)O/C1=C/C(=O)O
NC1=CC(=O)O/C1=C/C(=O)O.OO>>NC1=CC(=O)OC1CC(=O)O.O=O
rule0011_48
rule0026_16
rule0114_4
No_Thermo
No_Thermo
No_Thermo

ranking 18
final score 6.303470522227352
Max reaction enthalpy score 0  x  2  =  0
Number of reactions score 1.0  x  4  =  4.0
By-product score 1.0  x  2  =  2.0
Pathway atom economy score 0.3034705222273519  x  1  =  0.3034705222273519
Salt score 0  x  0  =  0
Reaxys score 0  x  0  =  0
Cool score 0  x  0  =  0
atom economy 0.8424907703667242
pathway by-product 0
intermediate by-product {None: 0}
COC(=O)/C=C1/OC(=O)C=C1N.OO>>COC(=O)CC1OC(=O)C=C1N.O=O
C[S+](CC[C@H](N)C(=O)O)C[C@H]1O[C@@H](n2cnc3c(N)ncnc32)[C@H](O)[C@@H]1O.NC1=CC(=O)O/C1=C/C(=O)O>>COC(=O)/C=C1/OC(=O)C=C1N.Nc1ncnc2c1ncn2[C@@H]1O[C@H](CSCC[C@H](N)C(=O)O)[C@@H](O)[C@H]1O
NC1=CC(=O)O/C1=C/C=O.O.O=O>>NC1=CC(=O)O/C1=C/C(=O)O.OO
rule0114_4
rule0011_48
rule0145_6
No_Thermo
No_Thermo
No_Thermo

ranking 19
final score 6.303470522227352
Max reaction enthalpy score 0  x  2  =  0
Number of reactions score 1.0  x  4  =  4.0
By-product score 1.0  x  2  =  2.0
Pathway atom economy score 0.3034705222273519  x  1  =  0.3034705222273519
Salt score 0  x  0  =  0
Reaxys score 0  x  0  =  0
Cool score 0  x  0  =  0
atom economy 0.8424907703667242
pathway by-product 0
intermediate by-product {None: 0}
COC(=O)/C=C1/OC(=O)C=C1N.OO>>COC(=O)CC1OC(=O)C=C1N.O=O
C[S+](CC[C@H](N)C(=O)O)C[C@H]1O[C@@H](n2cnc3c(N)ncnc32)[C@H](O)[C@@H]1O.NC1=CC(=O)O/C1=C/C(=O)O>>COC(=O)/C=C1/OC(=O)C=C1N.Nc1ncnc2c1ncn2[C@@H]1O[C@H](CSCC[C@H](N)C(=O)O)[C@@H](O)[C@H]1O
NC(=O)c1ccc[n+]([C@@H]2O[C@H](COP(=O)(O)OP(=O)(O)OC[C@H]3O[C@@H](n4cnc5c(N)ncnc54)[C@H](OP(=O)(O)O)[C@@H]3O)[C@@H](O)[C@H]2O)c1.NC1=CC(=O)O/C1=C/C=O.O>>NC(=O)C1=CN([C@@H]2O[C@H](COP(=O)(O)OP(=O)(O)OC[C@H]3O[C@@H](n4cnc5c(N)ncnc54)[C@H](OP(=O)(O)O)[C@@H]3O)[C@@H](O)[C@H]2O)C=CC1.NC1=CC(=O)O/C1=C/C(=O)O
rule0114_4
rule0011_48
rule0026_16
No_Thermo
No_Thermo
No_Thermo

ranking 20
final score 6.0
Max reaction enthalpy score 0  x  2  =  0
Number of reactions score 1.0  x  4  =  4.0
By-product score 1.0  x  2  =  2.0
Pathway atom economy score 0.0  x  1  =  0.0
Salt score 0  x  0  =  0
Reaxys score 0  x  0  =  0
Cool score 0  x  0  =  0
atom economy 0.7738656659055456
pathway by-product 0
intermediate by-product {None: 0}
C[S+](CC[C@H](N)C(=O)O)C[C@H]1O[C@@H](n2cnc3c(N)ncnc32)[C@H](O)[C@@H]1O.NC1=CC(=O)OC1CC(=O)O>>COC(=O)CC1OC(=O)C=C1N.Nc1ncnc2c1ncn2[C@@H]1O[C@H](CSCC[C@H](N)C(=O)O)[C@@H](O)[C@H]1O
NC(=O)C1=CN([C@@H]2O[C@H](COP(=O)(O)OP(=O)(O)OC[C@H]3O[C@@H](n4cnc5c(N)ncnc54)[C@H](OP(=O)(O)O)[C@@H]3O)[C@@H](O)[C@H]2O)C=CC1.NC1=CC(=O)OC1CC=O.O=O>>NC(=O)c1ccc[n+]([C@@H]2O[C@H](COP(=O)(O)OP(=O)(O)OC[C@H]3O[C@@H](n4cnc5c(N)ncnc54)[C@H](OP(=O)(O)O)[C@@H]3O)[C@@H](O)[C@H]2O)c1.NC1=CC(=O)OC1CC(=O)O.O
NC1=CC(=O)O/C1=C/C=O.OO>>NC1=CC(=O)OC1CC=O.O=O
rule0011_48
rule0004_13
rule0114_4
No_Thermo
No_Thermo
No_Thermo

ranking 21
final score 6.0
Max reaction enthalpy score 0  x  2  =  0
Number of reactions score 1.0  x  4  =  4.0
By-product score 1.0  x  2  =  2.0
Pathway atom economy score 0.0  x  1  =  0.0
Salt score 0  x  0  =  0
Reaxys score 0  x  0  =  0
Cool score 0  x  0  =  0
atom economy 0.7738656659055456
pathway by-product 0
intermediate by-product {None: 0}
C[S+](CC[C@H](N)C(=O)O)C[C@H]1O[C@@H](n2cnc3c(N)ncnc32)[C@H](O)[C@@H]1O.NC1=CC(=O)OC1CC(=O)O>>COC(=O)CC1OC(=O)C=C1N.Nc1ncnc2c1ncn2[C@@H]1O[C@H](CSCC[C@H](N)C(=O)O)[C@@H](O)[C@H]1O
NC(=O)C1=CN([C@@H]2O[C@H](COP(=O)(O)OP(=O)(O)OC[C@H]3O[C@@H](n4cnc5c(N)ncnc54)[C@H](OP(=O)(O)O)[C@@H]3O)[C@@H](O)[C@H]2O)C=CC1.NC1=CC(=O)O/C1=C/C=O.O=O>>NC(=O)c1ccc[n+]([C@@H]2O[C@H](COP(=O)(O)OP(=O)(O)OC[C@H]3O[C@@H](n4cnc5c(N)ncnc54)[C@H](OP(=O)(O)O)[C@@H]3O)[C@@H](O)[C@H]2O)c1.NC1=CC(=O)O/C1=C/C(=O)O.O
NC1=CC(=O)O/C1=C/C(=O)O.OO>>NC1=CC(=O)OC1CC(=O)O.O=O
rule0011_48
rule0004_13
rule0114_4
No_Thermo
No_Thermo
No_Thermo

ranking 22
final score 6.0
Max reaction enthalpy score 0  x  2  =  0
Number of reactions score 1.0  x  4  =  4.0
By-product score 1.0  x  2  =  2.0
Pathway atom economy score 0.0  x  1  =  0.0
Salt score 0  x  0  =  0
Reaxys score 0  x  0  =  0
Cool score 0  x  0  =  0
atom economy 0.7738656659055456
pathway by-product 0
intermediate by-product {None: 0}
COC(=O)/C=C1/OC(=O)C=C1N.OO>>COC(=O)CC1OC(=O)C=C1N.O=O
C[S+](CC[C@H](N)C(=O)O)C[C@H]1O[C@@H](n2cnc3c(N)ncnc32)[C@H](O)[C@@H]1O.NC1=CC(=O)O/C1=C/C(=O)O>>COC(=O)/C=C1/OC(=O)C=C1N.Nc1ncnc2c1ncn2[C@@H]1O[C@H](CSCC[C@H](N)C(=O)O)[C@@H](O)[C@H]1O
NC(=O)C1=CN([C@@H]2O[C@H](COP(=O)(O)OP(=O)(O)OC[C@H]3O[C@@H](n4cnc5c(N)ncnc54)[C@H](OP(=O)(O)O)[C@@H]3O)[C@@H](O)[C@H]2O)C=CC1.NC1=CC(=O)O/C1=C/C=O.O=O>>NC(=O)c1ccc[n+]([C@@H]2O[C@H](COP(=O)(O)OP(=O)(O)OC[C@H]3O[C@@H](n4cnc5c(N)ncnc54)[C@H](OP(=O)(O)O)[C@@H]3O)[C@@H](O)[C@H]2O)c1.NC1=CC(=O)O/C1=C/C(=O)O.O
rule0114_4
rule0011_48
rule0004_13
No_Thermo
No_Thermo
No_Thermo

ranking 23
final score 6.0
Max reaction enthalpy score 0  x  2  =  0
Number of reactions score 1.0  x  4  =  4.0
By-product score 1.0  x  2  =  2.0
Pathway atom economy score 0.0  x  1  =  0.0
Salt score 0  x  0  =  0
Reaxys score 0  x  0  =  0
Cool score 0  x  0  =  0
atom economy 0.7738656659055456
pathway by-product 0
intermediate by-product {None: 0}
CC(=O)CC1OC(=O)C=C1N.NC(=O)C1=CN([C@@H]2O[C@H](COP(=O)(O)OP(=O)(O)OC[C@H]3O[C@@H](n4cnc5c(N)ncnc54)[C@H](OP(=O)(O)O)[C@@H]3O)[C@@H](O)[C@H]2O)C=CC1.O=O>>COC(=O)CC1OC(=O)C=C1N.NC(=O)c1ccc[n+]([C@@H]2O[C@H](COP(=O)(O)OP(=O)(O)OC[C@H]3O[C@@H](n4cnc5c(N)ncnc54)[C@H](OP(=O)(O)O)[C@@H]3O)[C@@H](O)[C@H]2O)c1.O
C[S+](CC[C@H](N)C(=O)O)C[C@H]1O[C@@H](n2cnc3c(N)ncnc32)[C@H](O)[C@@H]1O.NC1=CC(=O)OC1CC=O>>CC(=O)CC1OC(=O)C=C1N.Nc1ncnc2c1ncn2[C@@H]1O[C@H](CSCC[C@H](N)C(=O)O)[C@@H](O)[C@H]1O
NC1=CC(=O)O/C1=C/C=O.OO>>NC1=CC(=O)OC1CC=O.O=O
rule0083_11
rule0043_12
rule0114_4
No_Thermo
No_Thermo
No_Thermo

ranking 24
final score 6.0
Max reaction enthalpy score 0  x  2  =  0
Number of reactions score 1.0  x  4  =  4.0
By-product score 1.0  x  2  =  2.0
Pathway atom economy score 0.0  x  1  =  0.0
Salt score 0  x  0  =  0
Reaxys score 0  x  0  =  0
Cool score 0  x  0  =  0
atom economy 0.7738656659055456
pathway by-product 0
intermediate by-product {None: 0}
CC(=O)/C=C1/OC(=O)C=C1N.OO>>CC(=O)CC1OC(=O)C=C1N.O=O
CC(=O)CC1OC(=O)C=C1N.NC(=O)C1=CN([C@@H]2O[C@H](COP(=O)(O)OP(=O)(O)OC[C@H]3O[C@@H](n4cnc5c(N)ncnc54)[C@H](OP(=O)(O)O)[C@@H]3O)[C@@H](O)[C@H]2O)C=CC1.O=O>>COC(=O)CC1OC(=O)C=C1N.NC(=O)c1ccc[n+]([C@@H]2O[C@H](COP(=O)(O)OP(=O)(O)OC[C@H]3O[C@@H](n4cnc5c(N)ncnc54)[C@H](OP(=O)(O)O)[C@@H]3O)[C@@H](O)[C@H]2O)c1.O
C[S+](CC[C@H](N)C(=O)O)C[C@H]1O[C@@H](n2cnc3c(N)ncnc32)[C@H](O)[C@@H]1O.NC1=CC(=O)O/C1=C/C=O>>CC(=O)/C=C1/OC(=O)C=C1N.Nc1ncnc2c1ncn2[C@@H]1O[C@H](CSCC[C@H](N)C(=O)O)[C@@H](O)[C@H]1O
rule0114_4
rule0083_11
rule0043_12
No_Thermo
No_Thermo
No_Thermo

ranking 25
final score 6.0
Max reaction enthalpy score 0  x  2  =  0
Number of reactions score 1.0  x  4  =  4.0
By-product score 1.0  x  2  =  2.0
Pathway atom economy score 0.0  x  1  =  0.0
Salt score 0  x  0  =  0
Reaxys score 0  x  0  =  0
Cool score 0  x  0  =  0
atom economy 0.7738656659055456
pathway by-product 0
intermediate by-product {None: 0}
CC(=O)/C=C1/OC(=O)C=C1N.NC(=O)C1=CN([C@@H]2O[C@H](COP(=O)(O)OP(=O)(O)OC[C@H]3O[C@@H](n4cnc5c(N)ncnc54)[C@H](OP(=O)(O)O)[C@@H]3O)[C@@H](O)[C@H]2O)C=CC1.O=O>>COC(=O)/C=C1/OC(=O)C=C1N.NC(=O)c1ccc[n+]([C@@H]2O[C@H](COP(=O)(O)OP(=O)(O)OC[C@H]3O[C@@H](n4cnc5c(N)ncnc54)[C@H](OP(=O)(O)O)[C@@H]3O)[C@@H](O)[C@H]2O)c1.O
COC(=O)/C=C1/OC(=O)C=C1N.OO>>COC(=O)CC1OC(=O)C=C1N.O=O
C[S+](CC[C@H](N)C(=O)O)C[C@H]1O[C@@H](n2cnc3c(N)ncnc32)[C@H](O)[C@@H]1O.NC1=CC(=O)O/C1=C/C=O>>CC(=O)/C=C1/OC(=O)C=C1N.Nc1ncnc2c1ncn2[C@@H]1O[C@H](CSCC[C@H](N)C(=O)O)[C@@H](O)[C@H]1O
rule0083_11
rule0114_4
rule0043_12
No_Thermo
No_Thermo
No_Thermo

Time used for pathway ranking: 0.04 minutes

Job name: Bacillus_anthracis_High_pPotency_molecule_pathway17
Job type: pathway visualization
Job started on: 2026-03-13 00:46:20.554605
pygraphviz is NOT installed.
A custom node layout will be used for pathway visualization
Number of pathways:  25
Number of reactions in reaxys:  0
Working on creating pages
You can adjust multi-processing number to speed up PDF generation
page done: 1
page done: 2
page done: 3
page done: 4
page done: 5
page done: 6
page done: 7
page done: 8
page done: 9
page done: 10
page done: 11
page done: 12
page done: 13
page done: 14
page done: 15
page done: 16
page done: 17
page done: 18
page done: 19
page done: 20
page done: 21
page done: 22
page done: 23
page done: 24
page done: 25
Finished with pages, writing to pdf
Time used for pathway visualization: 0.10 minutes

A custom node layout was used for pathway visualization
For a better layout, please install pygraphviz and Graphviz with the following command:
conda install conda-forge::pygraphviz
which should install both packages together

[DONE]  Bacillus_anthracis_High_pPotency_molecule_pathway17  genMols=4152  pathwayTargets=4141  time=26413.46s
Job name: Bacillus_anthracis_High_pPotency_molecule_pathway18
Job type: enzymatic network expansion forward
Ruleset: JN3604IMT (JN3604IMT_rules.tsv)
Job started on: 2026-03-12 17:28:34.169855
Checking for targets
Target found for NC1=CC(=O)O/C1=C/C=O
Target found for NC1=CC(=O)OC1=CC=O
Number of generations: 3
Number of operators loaded: 3571
Number of molecules before expantion (including cofactors): 42
Number of molecules after expantion (including cofactors): 4151
Number of reactions: 8308
Time used for network generation: 439.25 minutes

Job name: Bacillus_anthracis_High_pPotency_molecule_pathway18
Job type: post-processing pretreat networks
Job started on: 2026-03-13 00:47:52.131598
Loading networks, it may take a while if loading large networks from file
Loading network 1 from memory
Number of reations in network 1: 8308
Networks loaded, now generating reaction strings
Reaction strings generation finished
Removing unconnected reactions
Unconnected reactions removed
Total number of reactions after pretreatment: 8256
Time used for network pretreatment: 0.00 minutes

Job name: Bacillus_anthracis_High_pPotency_molecule_pathway18
Job type: pathway search
Job started on: 2026-03-13 00:47:52.349265
Pathway finder started, total number of reactions in network 8256
Searching for pathways.
If it is taking too long, try adjusting pruning parameters
Pathway search finished, removing loops if there's any.
Time used for pathway search: 0.02 minutes
4 pathways found!
6 reactions found in all pathways
Min number of reactions in a pathway: 3
Max number of reactions in a pathway: 3
Pruning parameters for this search:
search_depth: 3
max_num_rxns: 3
min_rxn_atom_economy: 0.3

Job name: Bacillus_anthracis_High_pPotency_molecule_pathway18
Job type: pathway ranking
Job started on: 2026-03-13 00:47:53.283579
Start ranking pathways. Number of pathways after sanitization: 4
Reaction thermodynamics ranking working
Reaction thermodynamics ranking finished
Atom economy ranking working
Min_eco 0.5375950054288816
Max_eco 0.6262619126912842
None_eco 0
Atom_economy ranking finished
Number of steps ranking working
Number of steps ranking finished
By product_number ranking working
You can adjust multi-processing number to speed it up
By product_number ranking finished
min score 6.0
max score 7.0

Pathway ranking finished. Pathway scores:

ranking 1
final score 7.0
Max reaction enthalpy score 0  x  2  =  0
Number of reactions score 1.0  x  4  =  4.0
By-product score 1.0  x  2  =  2.0
Pathway atom economy score 1.0  x  1  =  1.0
Salt score 0  x  0  =  0
Reaxys score 0  x  0  =  0
Cool score 0  x  0  =  0
atom economy 0.6262619126912842
pathway by-product 0
intermediate by-product {None: 0}
N.NC1=C(C=O)C(=O)O/C1=C/C=O>>NC1=C(C=O)C(=O)OC1(N)CC=O
NC(=O)C1=CN([C@@H]2O[C@H](COP(=O)(O)OP(=O)(O)OC[C@H]3O[C@@H](n4cnc5c(N)ncnc54)[C@H](OP(=O)(O)O)[C@@H]3O)[C@@H](O)[C@H]2O)C=CC1.NC1=C(C=O)C(=O)OC1(N)CC=O>>NC(=O)c1ccc[n+]([C@@H]2O[C@H](COP(=O)(O)OP(=O)(O)OC[C@H]3O[C@@H](n4cnc5c(N)ncnc54)[C@H](OP(=O)(O)O)[C@@H]3O)[C@@H](O)[C@H]2O)c1.NC1=C(C=O)C(=O)OC1(N)CCO
NC1=CC(=O)O/C1=C/C=O.NC1=CC(=O)O/C1=C/C=O>>C=C1OC(=O)C=C1N.NC1=C(C=O)C(=O)O/C1=C/C=O
rule0257_1
rule0003_170
rule0126_2
No_Thermo
No_Thermo
No_Thermo

ranking 2
final score 6.6172695895052795
Max reaction enthalpy score 0  x  2  =  0
Number of reactions score 1.0  x  4  =  4.0
By-product score 1.0  x  2  =  2.0
Pathway atom economy score 0.6172695895052797  x  1  =  0.6172695895052797
Salt score 0  x  0  =  0
Reaxys score 0  x  0  =  0
Cool score 0  x  0  =  0
atom economy 0.5923263908774475
pathway by-product 0
intermediate by-product {None: 0}
N.NC1=CC(=O)O/C1=C/C=O>>NC1=CC(=O)OC1(N)CC=O
NC(=O)C1=CN([C@@H]2O[C@H](COP(=O)(O)OP(=O)(O)OC[C@H]3O[C@@H](n4cnc5c(N)ncnc54)[C@H](OP(=O)(O)O)[C@@H]3O)[C@@H](O)[C@H]2O)C=CC1.NC1=C(C=O)C(=O)OC1(N)CC=O>>NC(=O)c1ccc[n+]([C@@H]2O[C@H](COP(=O)(O)OP(=O)(O)OC[C@H]3O[C@@H](n4cnc5c(N)ncnc54)[C@H](OP(=O)(O)O)[C@@H]3O)[C@@H](O)[C@H]2O)c1.NC1=C(C=O)C(=O)OC1(N)CCO
NC1=CC(=O)OC1(N)CC=O.NC1=CC(=O)OC1(N)CC=O>>CC1(N)OC(=O)C=C1N.NC1=C(C=O)C(=O)OC1(N)CC=O
rule0257_1
rule0003_170
rule0126_2
No_Thermo
No_Thermo
No_Thermo

ranking 3
final score 6.313608803115029
Max reaction enthalpy score 0  x  2  =  0
Number of reactions score 1.0  x  4  =  4.0
By-product score 1.0  x  2  =  2.0
Pathway atom economy score 0.3136088031150286  x  1  =  0.3136088031150286
Salt score 0  x  0  =  0
Reaxys score 0  x  0  =  0
Cool score 0  x  0  =  0
atom economy 0.5654017280913549
pathway by-product 0
intermediate by-product {None: 0}
N.NC1=C(C=O)C(=O)O/C1=C/C=O>>NC1=C(C=O)C(=O)OC1(N)CC=O
NC1=C(C=O)C(=O)OC1(N)CC=O.OO>>NC1=C(C=O)C(=O)OC1(N)CCO.O=O
NC1=CC(=O)O/C1=C/C=O.NC1=CC(=O)O/C1=C/C=O>>C=C1OC(=O)C=C1N.NC1=C(C=O)C(=O)O/C1=C/C=O
rule0257_1
rule0078_17
rule0126_2
No_Thermo
No_Thermo
No_Thermo

ranking 4
final score 6.0
Max reaction enthalpy score 0  x  2  =  0
Number of reactions score 1.0  x  4  =  4.0
By-product score 1.0  x  2  =  2.0
Pathway atom economy score 0.0  x  1  =  0.0
Salt score 0  x  0  =  0
Reaxys score 0  x  0  =  0
Cool score 0  x  0  =  0
atom economy 0.5375950054288816
pathway by-product 0
intermediate by-product {None: 0}
N.NC1=CC(=O)O/C1=C/C=O>>NC1=CC(=O)OC1(N)CC=O
NC1=C(C=O)C(=O)OC1(N)CC=O.OO>>NC1=C(C=O)C(=O)OC1(N)CCO.O=O
NC1=CC(=O)OC1(N)CC=O.NC1=CC(=O)OC1(N)CC=O>>CC1(N)OC(=O)C=C1N.NC1=C(C=O)C(=O)OC1(N)CC=O
rule0257_1
rule0078_17
rule0126_2
No_Thermo
No_Thermo
No_Thermo

Time used for pathway ranking: 0.05 minutes

Job name: Bacillus_anthracis_High_pPotency_molecule_pathway18
Job type: pathway visualization
Job started on: 2026-03-13 00:47:56.445640
pygraphviz is NOT installed.
A custom node layout will be used for pathway visualization
Number of pathways:  4
Number of reactions in reaxys:  0
Working on creating pages
You can adjust multi-processing number to speed up PDF generation
page done: 1
page done: 2
page done: 3
page done: 4
Finished with pages, writing to pdf
Time used for pathway visualization: 0.04 minutes

A custom node layout was used for pathway visualization
For a better layout, please install pygraphviz and Graphviz with the following command:
conda install conda-forge::pygraphviz
which should install both packages together

[DONE]  Bacillus_anthracis_High_pPotency_molecule_pathway18  genMols=4152  pathwayTargets=4141  time=26364.59s
Job name: Bacillus_anthracis_High_pPotency_molecule_pathway19
Job type: enzymatic network expansion forward
Ruleset: JN3604IMT (JN3604IMT_rules.tsv)
Job started on: 2026-03-12 17:42:11.938774
Checking for targets
Target found for NC1=CC(=O)O/C1=C/C=O
Target found for NC1=CC(=O)OC1=CC=O
Number of generations: 3
Number of operators loaded: 3571
Number of molecules before expantion (including cofactors): 42
Number of molecules after expantion (including cofactors): 4151
Number of reactions: 8308
Time used for network generation: 439.97 minutes

Job name: Bacillus_anthracis_High_pPotency_molecule_pathway19
Job type: post-processing pretreat networks
Job started on: 2026-03-13 01:02:13.212680
Loading networks, it may take a while if loading large networks from file
Loading network 1 from memory
Number of reations in network 1: 8308
Networks loaded, now generating reaction strings
Reaction strings generation finished
Removing unconnected reactions
Unconnected reactions removed
Total number of reactions after pretreatment: 8256
Time used for network pretreatment: 0.00 minutes

Job name: Bacillus_anthracis_High_pPotency_molecule_pathway19
Job type: pathway search
Job started on: 2026-03-13 01:02:13.436614
Pathway finder started, total number of reactions in network 8256
Searching for pathways.
If it is taking too long, try adjusting pruning parameters
Pathway search finished, removing loops if there's any.
Time used for pathway search: 0.02 minutes
6 pathways found!
8 reactions found in all pathways
Min number of reactions in a pathway: 3
Max number of reactions in a pathway: 3
Pruning parameters for this search:
search_depth: 3
max_num_rxns: 3
min_rxn_atom_economy: 0.3

Job name: Bacillus_anthracis_High_pPotency_molecule_pathway19
Job type: pathway ranking
Job started on: 2026-03-13 01:02:14.394426
Start ranking pathways. Number of pathways after sanitization: 6
Reaction thermodynamics ranking working
Reaction thermodynamics ranking finished
Atom economy ranking working
Min_eco 0.4519879669357898
Max_eco 1.0
None_eco 0
Atom_economy ranking finished
Number of steps ranking working
Number of steps ranking finished
By product_number ranking working
You can adjust multi-processing number to speed it up
By product_number ranking finished
min score 6.0
max score 7.0

Pathway ranking finished. Pathway scores:

ranking 1
final score 7.0
Max reaction enthalpy score 0  x  2  =  0
Number of reactions score 1.0  x  4  =  4.0
By-product score 1.0  x  2  =  2.0
Pathway atom economy score 1.0  x  1  =  1.0
Salt score 0  x  0  =  0
Reaxys score 0  x  0  =  0
Cool score 0  x  0  =  0
atom economy 1.0
pathway by-product 0
intermediate by-product {None: 0}
CC(C=O)C1OC(=O)C=C1N.C[S+](CC[C@H](N)C(=O)O)C[C@H]1O[C@@H](n2cnc3c(N)ncnc32)[C@H](O)[C@@H]1O>>CC(C)(C=O)C1OC(=O)C=C1N.Nc1ncnc2c1ncn2[C@@H]1O[C@H](CSCC[C@H](N)C(=O)O)[C@@H](O)[C@H]1O
C[S+](CC[C@H](N)C(=O)O)C[C@H]1O[C@@H](n2cnc3c(N)ncnc32)[C@H](O)[C@@H]1O.NC1=CC(=O)OC1CC=O>>CC(C=O)C1OC(=O)C=C1N.Nc1ncnc2c1ncn2[C@@H]1O[C@H](CSCC[C@H](N)C(=O)O)[C@@H](O)[C@H]1O
NC(=O)C1=CN([C@@H]2O[C@H](COP(=O)(O)OP(=O)(O)OC[C@H]3O[C@@H](n4cnc5c(N)ncnc54)[C@H](OP(=O)(O)O)[C@@H]3O)[C@@H](O)[C@H]2O)C=CC1.NC1=CC(=O)O/C1=C/C=O>>NC(=O)c1ccc[n+]([C@@H]2O[C@H](COP(=O)(O)OP(=O)(O)OC[C@H]3O[C@@H](n4cnc5c(N)ncnc54)[C@H](OP(=O)(O)O)[C@@H]3O)[C@@H](O)[C@H]2O)c1.NC1=CC(=O)OC1CC=O
rule0043_12
rule0043_12
rule0027_65
No_Thermo
No_Thermo
No_Thermo

ranking 2
final score 7.0
Max reaction enthalpy score 0  x  2  =  0
Number of reactions score 1.0  x  4  =  4.0
By-product score 1.0  x  2  =  2.0
Pathway atom economy score 1.0  x  1  =  1.0
Salt score 0  x  0  =  0
Reaxys score 0  x  0  =  0
Cool score 0  x  0  =  0
atom economy 1.0
pathway by-product 0
intermediate by-product {None: 0}
C/C(C=O)=C1\OC(=O)C=C1N.NC(=O)C1=CN([C@@H]2O[C@H](COP(=O)(O)OP(=O)(O)OC[C@H]3O[C@@H](n4cnc5c(N)ncnc54)[C@H](OP(=O)(O)O)[C@@H]3O)[C@@H](O)[C@H]2O)C=CC1>>CC(C=O)C1OC(=O)C=C1N.NC(=O)c1ccc[n+]([C@@H]2O[C@H](COP(=O)(O)OP(=O)(O)OC[C@H]3O[C@@H](n4cnc5c(N)ncnc54)[C@H](OP(=O)(O)O)[C@@H]3O)[C@@H](O)[C@H]2O)c1
CC(C=O)C1OC(=O)C=C1N.C[S+](CC[C@H](N)C(=O)O)C[C@H]1O[C@@H](n2cnc3c(N)ncnc32)[C@H](O)[C@@H]1O>>CC(C)(C=O)C1OC(=O)C=C1N.Nc1ncnc2c1ncn2[C@@H]1O[C@H](CSCC[C@H](N)C(=O)O)[C@@H](O)[C@H]1O
C[S+](CC[C@H](N)C(=O)O)C[C@H]1O[C@@H](n2cnc3c(N)ncnc32)[C@H](O)[C@@H]1O.NC1=CC(=O)O/C1=C/C=O>>C/C(C=O)=C1\OC(=O)C=C1N.Nc1ncnc2c1ncn2[C@@H]1O[C@H](CSCC[C@H](N)C(=O)O)[C@@H](O)[C@H]1O
rule0027_63
rule0043_12
rule0043_12
No_Thermo
No_Thermo
No_Thermo

ranking 3
final score 6.709763349721778
Max reaction enthalpy score 0  x  2  =  0
Number of reactions score 1.0  x  4  =  4.0
By-product score 1.0  x  2  =  2.0
Pathway atom economy score 0.7097633497217783  x  1  =  0.7097633497217783
Salt score 0  x  0  =  0
Reaxys score 0  x  0  =  0
Cool score 0  x  0  =  0
atom economy 0.8409468232112856
pathway by-product 0
intermediate by-product {None: 0}
CC(C=O)C1OC(=O)C=C1N.C[S+](CC[C@H](N)C(=O)O)C[C@H]1O[C@@H](n2cnc3c(N)ncnc32)[C@H](O)[C@@H]1O>>CC(C)(C=O)C1OC(=O)C=C1N.Nc1ncnc2c1ncn2[C@@H]1O[C@H](CSCC[C@H](N)C(=O)O)[C@@H](O)[C@H]1O
C[S+](CC[C@H](N)C(=O)O)C[C@H]1O[C@@H](n2cnc3c(N)ncnc32)[C@H](O)[C@@H]1O.NC1=CC(=O)OC1CC=O>>CC(C=O)C1OC(=O)C=C1N.Nc1ncnc2c1ncn2[C@@H]1O[C@H](CSCC[C@H](N)C(=O)O)[C@@H](O)[C@H]1O
NC1=CC(=O)O/C1=C/C=O.OO>>NC1=CC(=O)OC1CC=O.O=O
rule0043_12
rule0043_12
rule0114_4
No_Thermo
No_Thermo
No_Thermo

ranking 4
final score 6.709763349721778
Max reaction enthalpy score 0  x  2  =  0
Number of reactions score 1.0  x  4  =  4.0
By-product score 1.0  x  2  =  2.0
Pathway atom economy score 0.7097633497217783  x  1  =  0.7097633497217783
Salt score 0  x  0  =  0
Reaxys score 0  x  0  =  0
Cool score 0  x  0  =  0
atom economy 0.8409468232112856
pathway by-product 0
intermediate by-product {None: 0}
C/C(C=O)=C1\OC(=O)C=C1N.OO>>CC(C=O)C1OC(=O)C=C1N.O=O
CC(C=O)C1OC(=O)C=C1N.C[S+](CC[C@H](N)C(=O)O)C[C@H]1O[C@@H](n2cnc3c(N)ncnc32)[C@H](O)[C@@H]1O>>CC(C)(C=O)C1OC(=O)C=C1N.Nc1ncnc2c1ncn2[C@@H]1O[C@H](CSCC[C@H](N)C(=O)O)[C@@H](O)[C@H]1O
C[S+](CC[C@H](N)C(=O)O)C[C@H]1O[C@@H](n2cnc3c(N)ncnc32)[C@H](O)[C@@H]1O.NC1=CC(=O)O/C1=C/C=O>>C/C(C=O)=C1\OC(=O)C=C1N.Nc1ncnc2c1ncn2[C@@H]1O[C@H](CSCC[C@H](N)C(=O)O)[C@@H](O)[C@H]1O
rule0114_4
rule0043_12
rule0043_12
No_Thermo
No_Thermo
No_Thermo

ranking 5
final score 6.170098089174377
Max reaction enthalpy score 0  x  2  =  0
Number of reactions score 1.0  x  4  =  4.0
By-product score 1.0  x  2  =  2.0
Pathway atom economy score 0.17009808917437702  x  1  =  0.17009808917437702
Salt score 0  x  0  =  0
Reaxys score 0  x  0  =  0
Cool score 0  x  0  =  0
atom economy 0.5452037666045775
pathway by-product 0
intermediate by-product {None: 0}
C/C(C=O)=C1\OC(=O)C=C1N.NC(=O)C1=CN([C@@H]2O[C@H](COP(=O)(O)OP(=O)(O)OC[C@H]3O[C@@H](n4cnc5c(N)ncnc54)[C@H](OP(=O)(O)O)[C@@H]3O)[C@@H](O)[C@H]2O)C=CC1>>CC(C=O)C1OC(=O)C=C1N.NC(=O)c1ccc[n+]([C@@H]2O[C@H](COP(=O)(O)OP(=O)(O)OC[C@H]3O[C@@H](n4cnc5c(N)ncnc54)[C@H](OP(=O)(O)O)[C@@H]3O)[C@@H](O)[C@H]2O)c1
CC(C=O)C1OC(=O)C=C1N.CC(C=O)C1OC(=O)C=C1N>>CC(C)(C=O)C1OC(=O)C=C1N.NC1=CC(=O)OC1CC=O
C[S+](CC[C@H](N)C(=O)O)C[C@H]1O[C@@H](n2cnc3c(N)ncnc32)[C@H](O)[C@@H]1O.NC1=CC(=O)O/C1=C/C=O>>C/C(C=O)=C1\OC(=O)C=C1N.Nc1ncnc2c1ncn2[C@@H]1O[C@H](CSCC[C@H](N)C(=O)O)[C@@H](O)[C@H]1O
rule0027_63
rule0126_2
rule0043_12
No_Thermo
No_Thermo
No_Thermo

ranking 6
final score 6.0
Max reaction enthalpy score 0  x  2  =  0
Number of reactions score 1.0  x  4  =  4.0
By-product score 1.0  x  2  =  2.0
Pathway atom economy score 0.0  x  1  =  0.0
Salt score 0  x  0  =  0
Reaxys score 0  x  0  =  0
Cool score 0  x  0  =  0
atom economy 0.4519879669357898
pathway by-product 0
intermediate by-product {None: 0}
C/C(C=O)=C1\OC(=O)C=C1N.OO>>CC(C=O)C1OC(=O)C=C1N.O=O
CC(C=O)C1OC(=O)C=C1N.CC(C=O)C1OC(=O)C=C1N>>CC(C)(C=O)C1OC(=O)C=C1N.NC1=CC(=O)OC1CC=O
C[S+](CC[C@H](N)C(=O)O)C[C@H]1O[C@@H](n2cnc3c(N)ncnc32)[C@H](O)[C@@H]1O.NC1=CC(=O)O/C1=C/C=O>>C/C(C=O)=C1\OC(=O)C=C1N.Nc1ncnc2c1ncn2[C@@H]1O[C@H](CSCC[C@H](N)C(=O)O)[C@@H](O)[C@H]1O
rule0114_4
rule0126_2
rule0043_12
No_Thermo
No_Thermo
No_Thermo

Time used for pathway ranking: 0.04 minutes

Job name: Bacillus_anthracis_High_pPotency_molecule_pathway19
Job type: pathway visualization
Job started on: 2026-03-13 01:02:16.979319
pygraphviz is NOT installed.
A custom node layout will be used for pathway visualization
Number of pathways:  6
Number of reactions in reaxys:  0
Working on creating pages
You can adjust multi-processing number to speed up PDF generation
page done: 1
page done: 2
page done: 3
page done: 4
page done: 5
page done: 6
Finished with pages, writing to pdf
Time used for pathway visualization: 0.04 minutes

A custom node layout was used for pathway visualization
For a better layout, please install pygraphviz and Graphviz with the following command:
conda install conda-forge::pygraphviz
which should install both packages together

[DONE]  Bacillus_anthracis_High_pPotency_molecule_pathway19  genMols=4152  pathwayTargets=4141  time=26407.51s
Job name: Bacillus_anthracis_High_pPotency_molecule_pathway20
Job type: enzymatic network expansion forward
Ruleset: JN3604IMT (JN3604IMT_rules.tsv)
Job started on: 2026-03-12 17:46:32.000938
Checking for targets
Target found for NC(=CC(=O)Cl)C(=O)CC(=O)C(N)=CC(=O)Cl
Number of generations: 3
Number of operators loaded: 3571
Number of molecules before expantion (including cofactors): 42
Number of molecules after expantion (including cofactors): 4151
Number of reactions: 8308
Time used for network generation: 438.33 minutes

Job name: Bacillus_anthracis_High_pPotency_molecule_pathway20
Job type: post-processing pretreat networks
Job started on: 2026-03-13 01:04:54.764759
Loading networks, it may take a while if loading large networks from file
Loading network 1 from memory
Number of reations in network 1: 8308
Networks loaded, now generating reaction strings
Reaction strings generation finished
Removing unconnected reactions
Unconnected reactions removed
Total number of reactions after pretreatment: 8256
Time used for network pretreatment: 0.00 minutes

Job name: Bacillus_anthracis_High_pPotency_molecule_pathway20
Job type: pathway search
Job started on: 2026-03-13 01:04:54.978344
Pathway finder started, total number of reactions in network 8256
Searching for pathways.
If it is taking too long, try adjusting pruning parameters
Pathway search finished, removing loops if there's any.
Time used for pathway search: 0.02 minutes
7 pathways found!
11 reactions found in all pathways
Min number of reactions in a pathway: 2
Max number of reactions in a pathway: 3
Pruning parameters for this search:
search_depth: 3
max_num_rxns: 3
min_rxn_atom_economy: 0.3

Job name: Bacillus_anthracis_High_pPotency_molecule_pathway20
Job type: pathway ranking
Job started on: 2026-03-13 01:04:55.918148
Start ranking pathways. Number of pathways after sanitization: 7
Reaction thermodynamics ranking working
Reaction thermodynamics ranking finished
Atom economy ranking working
Min_eco 0.7207377698594821
Max_eco 0.9069405845464033
None_eco 0
Atom_economy ranking finished
Number of steps ranking working
Number of steps ranking finished
By product_number ranking working
You can adjust multi-processing number to speed it up
By product_number ranking finished
min score 2.0
max score 7.0

Pathway ranking finished. Pathway scores:

ranking 1
final score 7.0
Max reaction enthalpy score 0  x  2  =  0
Number of reactions score 1.0  x  4  =  4.0
By-product score 1.0  x  2  =  2.0
Pathway atom economy score 1.0  x  1  =  1.0
Salt score 0  x  0  =  0
Reaxys score 0  x  0  =  0
Cool score 0  x  0  =  0
atom economy 0.9069405845464033
pathway by-product 0
intermediate by-product {None: 0}
Cl.NC1=CC(=O)O/C1=C(\O)CO>>NC1=CC(=O)O/C1=C(\Cl)CO.O
NC1=CC(=O)O/C1=C/C=O.O>>NC1=CC(=O)O/C1=C(\O)CO
rule0183_6
rule0070_6
No_Thermo
No_Thermo

ranking 2
final score 2.5853237661235
Max reaction enthalpy score 0  x  2  =  0
Number of reactions score 0.0  x  4  =  0.0
By-product score 1.0  x  2  =  2.0
Pathway atom economy score 0.5853237661235  x  1  =  0.5853237661235
Salt score 0  x  0  =  0
Reaxys score 0  x  0  =  0
Cool score 0  x  0  =  0
atom economy 0.829726702614827
pathway by-product 0
intermediate by-product {None: 0}
Cl.NC1=CC(=O)O/C1=C(\O)CO>>NC1=CC(=O)O/C1=C(\Cl)CO.O
NC(=O)C1=CN([C@@H]2O[C@H](COP(=O)(O)OP(=O)(O)OC[C@H]3O[C@@H](n4cnc5c(N)ncnc54)[C@H](OP(=O)(O)O)[C@@H]3O)[C@@H](O)[C@H]2O)C=CC1.NC1=CC(=O)O/C1=C/C=O>>NC(=O)c1ccc[n+]([C@@H]2O[C@H](COP(=O)(O)OP(=O)(O)OC[C@H]3O[C@@H](n4cnc5c(N)ncnc54)[C@H](OP(=O)(O)O)[C@@H]3O)[C@@H](O)[C@H]2O)c1.NC1=CC(=O)O/C1=C/CO
NC(=O)C1=CN([C@@H]2O[C@H](COP(=O)(O)OP(=O)(O)OC[C@H]3O[C@@H](n4cnc5c(N)ncnc54)[C@H](OP(=O)(O)O)[C@@H]3O)[C@@H](O)[C@H]2O)C=CC1.NC1=CC(=O)O/C1=C/CO.O=O>>NC(=O)c1ccc[n+]([C@@H]2O[C@H](COP(=O)(O)OP(=O)(O)OC[C@H]3O[C@@H](n4cnc5c(N)ncnc54)[C@H](OP(=O)(O)O)[C@@H]3O)[C@@H](O)[C@H]2O)c1.NC1=CC(=O)O/C1=C(\O)CO.O
rule0183_6
rule0003_176
rule0004_13
No_Thermo
No_Thermo
No_Thermo

ranking 3
final score 2.5853237661235
Max reaction enthalpy score 0  x  2  =  0
Number of reactions score 0.0  x  4  =  0.0
By-product score 1.0  x  2  =  2.0
Pathway atom economy score 0.5853237661235  x  1  =  0.5853237661235
Salt score 0  x  0  =  0
Reaxys score 0  x  0  =  0
Cool score 0  x  0  =  0
atom economy 0.829726702614827
pathway by-product 0
intermediate by-product {None: 0}
Cl.NC1=CC(=O)O/C1=C(\O)CO>>NC1=CC(=O)O/C1=C(\Cl)CO.O
NC(=O)C1=CN([C@@H]2O[C@H](COP(=O)(O)OP(=O)(O)OC[C@H]3O[C@@H](n4cnc5c(N)ncnc54)[C@H](OP(=O)(O)O)[C@@H]3O)[C@@H](O)[C@H]2O)C=CC1.NC1=CC(=O)O/C1=C(\O)C=O>>NC(=O)c1ccc[n+]([C@@H]2O[C@H](COP(=O)(O)OP(=O)(O)OC[C@H]3O[C@@H](n4cnc5c(N)ncnc54)[C@H](OP(=O)(O)O)[C@@H]3O)[C@@H](O)[C@H]2O)c1.NC1=CC(=O)O/C1=C(\O)CO
NC(=O)C1=CN([C@@H]2O[C@H](COP(=O)(O)OP(=O)(O)OC[C@H]3O[C@@H](n4cnc5c(N)ncnc54)[C@H](OP(=O)(O)O)[C@@H]3O)[C@@H](O)[C@H]2O)C=CC1.NC1=CC(=O)O/C1=C/C=O.O=O>>NC(=O)c1ccc[n+]([C@@H]2O[C@H](COP(=O)(O)OP(=O)(O)OC[C@H]3O[C@@H](n4cnc5c(N)ncnc54)[C@H](OP(=O)(O)O)[C@@H]3O)[C@@H](O)[C@H]2O)c1.NC1=CC(=O)O/C1=C(\O)C=O.O
rule0183_6
rule0003_171
rule0004_13
No_Thermo
No_Thermo
No_Thermo

ranking 4
final score 2.5853237661235
Max reaction enthalpy score 0  x  2  =  0
Number of reactions score 0.0  x  4  =  0.0
By-product score 1.0  x  2  =  2.0
Pathway atom economy score 0.5853237661235  x  1  =  0.5853237661235
Salt score 0  x  0  =  0
Reaxys score 0  x  0  =  0
Cool score 0  x  0  =  0
atom economy 0.829726702614827
pathway by-product 0
intermediate by-product {None: 0}
Cl.NC1=CC(=O)O/C1=C(\O)C=O>>NC1=CC(=O)O/C1=C(\Cl)C=O.O
NC(=O)C1=CN([C@@H]2O[C@H](COP(=O)(O)OP(=O)(O)OC[C@H]3O[C@@H](n4cnc5c(N)ncnc54)[C@H](OP(=O)(O)O)[C@@H]3O)[C@@H](O)[C@H]2O)C=CC1.NC1=CC(=O)O/C1=C(\Cl)C=O>>NC(=O)c1ccc[n+]([C@@H]2O[C@H](COP(=O)(O)OP(=O)(O)OC[C@H]3O[C@@H](n4cnc5c(N)ncnc54)[C@H](OP(=O)(O)O)[C@@H]3O)[C@@H](O)[C@H]2O)c1.NC1=CC(=O)O/C1=C(\Cl)CO
NC(=O)C1=CN([C@@H]2O[C@H](COP(=O)(O)OP(=O)(O)OC[C@H]3O[C@@H](n4cnc5c(N)ncnc54)[C@H](OP(=O)(O)O)[C@@H]3O)[C@@H](O)[C@H]2O)C=CC1.NC1=CC(=O)O/C1=C/C=O.O=O>>NC(=O)c1ccc[n+]([C@@H]2O[C@H](COP(=O)(O)OP(=O)(O)OC[C@H]3O[C@@H](n4cnc5c(N)ncnc54)[C@H](OP(=O)(O)O)[C@@H]3O)[C@@H](O)[C@H]2O)c1.NC1=CC(=O)O/C1=C(\O)C=O.O
rule0183_6
rule0003_176
rule0004_13
No_Thermo
No_Thermo
No_Thermo

ranking 5
final score 2.0
Max reaction enthalpy score 0  x  2  =  0
Number of reactions score 0.0  x  4  =  0.0
By-product score 1.0  x  2  =  2.0
Pathway atom economy score 0.0  x  1  =  0.0
Salt score 0  x  0  =  0
Reaxys score 0  x  0  =  0
Cool score 0  x  0  =  0
atom economy 0.7207377698594821
pathway by-product 0
intermediate by-product {None: 0}
Cl.NC1=CC(=O)O/C1=C(\O)CO>>NC1=CC(=O)O/C1=C(\Cl)CO.O
NC(=O)C1=CN([C@@H]2O[C@H](COP(=O)(O)OP(=O)(O)OC[C@H]3O[C@@H](n4cnc5c(N)ncnc54)[C@H](OP(=O)(O)O)[C@@H]3O)[C@@H](O)[C@H]2O)C=CC1.NC1=CC(=O)O/C1=C/CO.O=O>>NC(=O)c1ccc[n+]([C@@H]2O[C@H](COP(=O)(O)OP(=O)(O)OC[C@H]3O[C@@H](n4cnc5c(N)ncnc54)[C@H](OP(=O)(O)O)[C@@H]3O)[C@@H](O)[C@H]2O)c1.NC1=CC(=O)O/C1=C(\O)CO.O
NC1=CC(=O)O/C1=C/C=O.OO>>NC1=CC(=O)O/C1=C/CO.O=O
rule0183_6
rule0004_13
rule0078_17
No_Thermo
No_Thermo
No_Thermo

ranking 6
final score 2.0
Max reaction enthalpy score 0  x  2  =  0
Number of reactions score 0.0  x  4  =  0.0
By-product score 1.0  x  2  =  2.0
Pathway atom economy score 0.0  x  1  =  0.0
Salt score 0  x  0  =  0
Reaxys score 0  x  0  =  0
Cool score 0  x  0  =  0
atom economy 0.7207377698594821
pathway by-product 0
intermediate by-product {None: 0}
Cl.NC1=CC(=O)O/C1=C(\O)CO>>NC1=CC(=O)O/C1=C(\Cl)CO.O
NC(=O)C1=CN([C@@H]2O[C@H](COP(=O)(O)OP(=O)(O)OC[C@H]3O[C@@H](n4cnc5c(N)ncnc54)[C@H](OP(=O)(O)O)[C@@H]3O)[C@@H](O)[C@H]2O)C=CC1.NC1=CC(=O)O/C1=C/C=O.O=O>>NC(=O)c1ccc[n+]([C@@H]2O[C@H](COP(=O)(O)OP(=O)(O)OC[C@H]3O[C@@H](n4cnc5c(N)ncnc54)[C@H](OP(=O)(O)O)[C@@H]3O)[C@@H](O)[C@H]2O)c1.NC1=CC(=O)O/C1=C(\O)C=O.O
NC1=CC(=O)O/C1=C(\O)C=O.OO>>NC1=CC(=O)O/C1=C(\O)CO.O=O
rule0183_6
rule0004_13
rule0078_15
No_Thermo
No_Thermo
No_Thermo

ranking 7
final score 2.0
Max reaction enthalpy score 0  x  2  =  0
Number of reactions score 0.0  x  4  =  0.0
By-product score 1.0  x  2  =  2.0
Pathway atom economy score 0.0  x  1  =  0.0
Salt score 0  x  0  =  0
Reaxys score 0  x  0  =  0
Cool score 0  x  0  =  0
atom economy 0.7207377698594821
pathway by-product 0
intermediate by-product {None: 0}
Cl.NC1=CC(=O)O/C1=C(\O)C=O>>NC1=CC(=O)O/C1=C(\Cl)C=O.O
NC(=O)C1=CN([C@@H]2O[C@H](COP(=O)(O)OP(=O)(O)OC[C@H]3O[C@@H](n4cnc5c(N)ncnc54)[C@H](OP(=O)(O)O)[C@@H]3O)[C@@H](O)[C@H]2O)C=CC1.NC1=CC(=O)O/C1=C/C=O.O=O>>NC(=O)c1ccc[n+]([C@@H]2O[C@H](COP(=O)(O)OP(=O)(O)OC[C@H]3O[C@@H](n4cnc5c(N)ncnc54)[C@H](OP(=O)(O)O)[C@@H]3O)[C@@H](O)[C@H]2O)c1.NC1=CC(=O)O/C1=C(\O)C=O.O
NC1=CC(=O)O/C1=C(\Cl)C=O.OO>>NC1=CC(=O)O/C1=C(\Cl)CO.O=O
rule0183_6
rule0004_13
rule0078_17
No_Thermo
No_Thermo
No_Thermo

Time used for pathway ranking: 0.07 minutes

Job name: Bacillus_anthracis_High_pPotency_molecule_pathway20
Job type: pathway visualization
Job started on: 2026-03-13 01:05:00.225910
pygraphviz is NOT installed.
A custom node layout will be used for pathway visualization
Number of pathways:  7
Number of reactions in reaxys:  0
Working on creating pages
You can adjust multi-processing number to speed up PDF generation
page done: 1
page done: 2
page done: 3
page done: 4
page done: 5
page done: 6
page done: 7
Finished with pages, writing to pdf
Time used for pathway visualization: 0.07 minutes

A custom node layout was used for pathway visualization
For a better layout, please install pygraphviz and Graphviz with the following command:
conda install conda-forge::pygraphviz
which should install both packages together

[DONE]  Bacillus_anthracis_High_pPotency_molecule_pathway20  genMols=4152  pathwayTargets=4141  time=26312.47s

Saved summary to Ebola_High_pPotency_jobs_summary.csv
status
ok    20
Name: count, dtype: int64
Time: 138415.38 s
